timestamp,elapsed_min,vm_size_kb,vm_rss_kb,vm_data_kb,vm_stk_kb,cgroup_mem_bytes
2026-03-30 17:12:25,0,134651904
2026-03-30 17:12:37,0,137347072
2026-03-30 17:12:49,0,136581120
2026-03-30 17:13:01,0,135827456
2026-03-30 17:13:12,0,135344128
2026-03-30 17:13:24,0,136077312
2026-03-30 17:13:36,1,134373376
2026-03-30 17:13:48,1,133771264
2026-03-30 17:13:59,1,134004736
2026-03-30 17:14:11,1,133328896
2026-03-30 17:14:24,1,133648384
2026-03-30 17:14:36,2,134230016
2026-03-30 17:14:48,2,134213632
2026-03-30 17:15:00,2,134107136
2026-03-30 17:15:12,2,132108288
2026-03-30 17:15:24,2,131960832
2026-03-30 17:15:37,3,131760128
2026-03-30 17:15:49,3,132128768
2026-03-30 17:16:01,3,132751360
2026-03-30 17:16:13,3,130351104
2026-03-30 17:16:25,4,129781760
2026-03-30 17:16:38,4,131063808
2026-03-30 17:16:50,4,131002368
2026-03-30 17:17:02,4,130850816
2026-03-30 17:17:14,4,130490368
2026-03-30 17:17:26,5,131022848
2026-03-30 17:17:38,5,130596864
2026-03-30 17:17:51,5,128794624
2026-03-30 17:18:03,5,128958464
2026-03-30 17:18:15,5,127000576
2026-03-30 17:18:28,6,124715008
2026-03-30 17:18:40,6,125562880
2026-03-30 17:18:52,6,122359808
2026-03-30 17:19:04,6,121434112
2026-03-30 17:19:16,6,121430016
2026-03-30 17:19:28,7,121245696
2026-03-30 17:19:41,7,121110528
2026-03-30 17:19:53,7,121864192
2026-03-30 17:20:05,7,121241600
2026-03-30 17:20:17,7,121597952
2026-03-30 17:20:29,8,122302464
2026-03-30 17:20:42,8,121757696
2026-03-30 17:20:54,8,122236928
2026-03-30 17:21:07,8,121618432
2026-03-30 17:21:19,8,122200064
2026-03-30 17:21:31,9,122019840
2026-03-30 17:21:43,9,121847808
2026-03-30 17:21:55,9,120795136
2026-03-30 17:22:07,9,121307136
2026-03-30 17:22:19,9,122503168
2026-03-30 17:22:32,10,121643008
2026-03-30 17:22:44,10,121634816
2026-03-30 17:22:56,10,121450496
2026-03-30 17:23:08,10,121679872
2026-03-30 17:23:21,10,121798656
2026-03-30 17:23:33,11,121372672
2026-03-30 17:23:45,11,121667584
2026-03-30 17:23:58,11,121647104
2026-03-30 17:24:10,11,122019840
2026-03-30 17:24:22,11,121933824
2026-03-30 17:24:34,12,121331712
2026-03-30 17:24:46,12,122339328
2026-03-30 17:24:58,12,122359808
2026-03-30 17:25:10,12,121593856
2026-03-30 17:25:22,12,121966592
2026-03-30 17:25:35,13,121896960
2026-03-30 17:25:47,13,122728448
2026-03-30 17:25:59,13,121884672
2026-03-30 17:26:11,13,122437632
2026-03-30 17:26:23,13,122200064
2026-03-30 17:26:35,14,121516032
2026-03-30 17:26:47,14,121839616
2026-03-30 17:26:59,14,121991168
2026-03-30 17:27:12,14,122241024
2026-03-30 17:27:24,14,122572800
2026-03-30 17:27:36,15,122122240
2026-03-30 17:27:48,15,121982976
2026-03-30 17:28:00,15,122056704
2026-03-30 17:28:13,15,121958400
2026-03-30 17:28:25,16,121896960
2026-03-30 17:28:37,16,122093568
2026-03-30 17:28:49,16,122601472
2026-03-30 17:29:01,16,121991168
2026-03-30 17:29:13,16,121737216
2026-03-30 17:29:25,17,122445824
2026-03-30 17:29:37,17,122728448
2026-03-30 17:29:49,17,122380288
2026-03-30 17:30:01,17,122494976
2026-03-30 17:30:14,17,122462208
2026-03-30 17:30:26,18,121880576
2026-03-30 17:30:38,18,122855424
2026-03-30 17:30:50,18,121954304
2026-03-30 17:31:02,18,122191872
2026-03-30 17:31:14,18,122843136
2026-03-30 17:31:26,19,122552320
2026-03-30 17:31:38,19,122523648
2026-03-30 17:31:50,19,122474496
2026-03-30 17:32:03,19,122904576
2026-03-30 17:32:15,19,123006976
2026-03-30 17:32:27,20,122568704
2026-03-30 17:32:39,20,122531840
2026-03-30 17:32:51,20,122507264
2026-03-30 17:33:03,20,123498496
2026-03-30 17:33:16,20,123379712
2026-03-30 17:33:28,21,123584512
2026-03-30 17:33:40,21,121954304
2026-03-30 17:33:52,21,122859520
2026-03-30 17:34:04,21,122146816
2026-03-30 17:34:16,21,122540032
2026-03-30 17:34:29,22,122580992
2026-03-30 17:34:41,22,122396672
2026-03-30 17:34:53,22,122974208
2026-03-30 17:35:05,22,122916864
2026-03-30 17:35:17,22,122937344
2026-03-30 17:35:29,23,122912768
2026-03-30 17:35:41,23,123154432
2026-03-30 17:35:54,23,123338752
2026-03-30 17:36:06,23,123027456
2026-03-30 17:36:18,23,122580992
2026-03-30 17:36:30,24,122740736
2026-03-30 17:36:42,24,123031552
2026-03-30 17:36:54,24,122748928
2026-03-30 17:37:06,24,123219968
2026-03-30 17:37:18,24,123240448
2026-03-30 17:37:30,25,123023360
2026-03-30 17:37:42,25,123330560
2026-03-30 17:37:55,25,123002880
2026-03-30 17:38:07,25,123445248
2026-03-30 17:38:19,25,122691584
2026-03-30 17:38:31,26,123011072
2026-03-30 17:38:43,26,123346944
2026-03-30 17:38:56,26,123056128
2026-03-30 17:39:07,26,123080704
2026-03-30 17:39:20,26,123342848
2026-03-30 17:39:32,27,123469824
2026-03-30 17:39:44,27,123133952
2026-03-30 17:39:57,27,123412480
2026-03-30 17:40:09,27,122642432
2026-03-30 17:40:21,27,123797504
2026-03-30 17:40:33,28,123236352
2026-03-30 17:40:45,28,124170240
2026-03-30 17:40:57,28,123875328
2026-03-30 17:41:09,28,123629568
2026-03-30 17:41:22,28,123904000
2026-03-30 17:41:34,29,123686912
2026-03-30 17:41:46,29,124133376
2026-03-30 17:41:58,29,124084224
2026-03-30 17:42:10,29,123772928
2026-03-30 17:42:23,29,123199488
2026-03-30 17:42:35,30,123985920
2026-03-30 17:42:47,30,124112896
2026-03-30 17:42:59,30,123592704
2026-03-30 17:43:11,30,123465728
2026-03-30 17:43:24,30,123658240
2026-03-30 17:43:36,31,123723776
2026-03-30 17:43:48,31,123469824
2026-03-30 17:44:00,31,123580416
2026-03-30 17:44:12,31,123981824
2026-03-30 17:44:24,31,123695104
2026-03-30 17:44:37,32,123596800
2026-03-30 17:44:49,32,123985920
2026-03-30 17:45:01,32,124166144
2026-03-30 17:45:13,32,124289024
2026-03-30 17:45:25,33,124493824
2026-03-30 17:45:37,33,124162048
2026-03-30 17:45:49,33,124100608
2026-03-30 17:46:02,33,123699200
2026-03-30 17:46:14,33,123834368
2026-03-30 17:46:26,34,123641856
2026-03-30 17:46:38,34,124170240
2026-03-30 17:46:50,34,124047360
2026-03-30 17:47:02,34,124051456
2026-03-30 17:47:14,34,123830272
2026-03-30 17:47:27,35,124538880
2026-03-30 17:47:39,35,123613184
2026-03-30 17:47:51,35,124874752
2026-03-30 17:48:03,35,124006400
2026-03-30 17:48:15,35,124346368
2026-03-30 17:48:27,36,124006400
2026-03-30 17:48:39,36,124104704
2026-03-30 17:48:51,36,124354560
2026-03-30 17:49:03,36,124358656
2026-03-30 17:49:15,36,123949056
2026-03-30 17:49:27,37,124956672
2026-03-30 17:49:39,37,124555264
2026-03-30 17:49:52,37,123875328
2026-03-30 17:50:04,37,124125184
2026-03-30 17:50:16,37,124735488
2026-03-30 17:50:28,38,124104704
2026-03-30 17:50:40,38,124018688
2026-03-30 17:50:52,38,124166144
2026-03-30 17:51:04,38,124268544
2026-03-30 17:51:16,38,124694528
2026-03-30 17:51:28,39,124649472
2026-03-30 17:51:40,39,123985920
2026-03-30 17:51:52,39,124329984
2026-03-30 17:52:05,39,124190720
2026-03-30 17:52:17,39,124567552
2026-03-30 17:52:29,40,124588032
2026-03-30 17:52:41,40,124624896
2026-03-30 17:52:53,40,125079552
2026-03-30 17:53:06,40,125034496
2026-03-30 17:53:18,40,124948480
2026-03-30 17:53:30,41,124747776
2026-03-30 17:53:42,41,124194816
2026-03-30 17:53:54,41,124739584
2026-03-30 17:54:07,41,124616704
2026-03-30 17:54:19,41,124694528
2026-03-30 17:54:31,42,124661760
2026-03-30 17:54:43,42,124850176
2026-03-30 17:54:55,42,125206528
2026-03-30 17:55:07,42,124563456
2026-03-30 17:55:19,42,124477440
2026-03-30 17:55:32,43,125452288
2026-03-30 17:55:44,43,125730816
2026-03-30 17:55:56,43,125272064
2026-03-30 17:56:08,43,125063168
2026-03-30 17:56:20,43,125370368
2026-03-30 17:56:32,44,125120512
2026-03-30 17:56:44,44,125083648
2026-03-30 17:56:56,44,125784064
2026-03-30 17:57:08,44,125276160
2026-03-30 17:57:20,44,125145088
2026-03-30 17:57:33,45,125444096
2026-03-30 17:57:45,45,125022208
2026-03-30 17:57:57,45,124907520
2026-03-30 17:58:09,45,125915136
2026-03-30 17:58:21,45,125755392
2026-03-30 17:58:33,46,125415424
2026-03-30 17:58:45,46,125566976
2026-03-30 17:58:58,46,124993536
2026-03-30 17:59:10,46,124657664
2026-03-30 17:59:22,46,124760064
2026-03-30 17:59:34,47,125841408
2026-03-30 17:59:46,47,125329408
2026-03-30 17:59:58,47,124989440
2026-03-30 18:00:10,47,124878848
2026-03-30 18:00:23,47,125542400
2026-03-30 18:00:35,48,125046784
2026-03-30 18:00:47,48,125214720
2026-03-30 18:00:59,48,124739584
2026-03-30 18:01:11,48,125685760
2026-03-30 18:01:24,48,125706240
2026-03-30 18:01:36,49,125345792
2026-03-30 18:01:48,49,126414848
2026-03-30 18:02:00,49,125755392
2026-03-30 18:02:12,49,125972480
2026-03-30 18:02:24,49,126103552
2026-03-30 18:02:36,50,125882368
2026-03-30 18:02:49,50,125870080
2026-03-30 18:03:01,50,125636608
2026-03-30 18:03:13,50,125607936
2026-03-30 18:03:25,51,125718528
2026-03-30 18:03:37,51,125673472
2026-03-30 18:03:49,51,125698048
2026-03-30 18:04:02,51,125763584
2026-03-30 18:04:14,51,125898752
2026-03-30 18:04:26,52,125763584
2026-03-30 18:04:38,52,125648896
2026-03-30 18:04:51,52,125669376
2026-03-30 18:05:03,52,126263296
2026-03-30 18:05:15,52,125820928
2026-03-30 18:05:27,53,126791680
2026-03-30 18:05:39,53,126152704
2026-03-30 18:05:51,53,125992960
2026-03-30 18:06:04,53,125886464
2026-03-30 18:06:16,53,125972480
2026-03-30 18:06:28,54,126009344
2026-03-30 18:06:40,54,125943808
2026-03-30 18:06:52,54,125833216
2026-03-30 18:07:05,54,126148608
2026-03-30 18:07:17,54,126021632
2026-03-30 18:07:29,55,126021632
2026-03-30 18:07:41,55,126570496
2026-03-30 18:07:53,55,125583360
2026-03-30 18:08:05,55,126332928
2026-03-30 18:08:17,55,126246912
2026-03-30 18:08:29,56,126541824
2026-03-30 18:08:42,56,126558208
2026-03-30 18:08:54,56,126255104
2026-03-30 18:09:06,56,126386176
2026-03-30 18:09:18,56,126693376
2026-03-30 18:09:30,57,126365696
2026-03-30 18:09:42,57,126636032
2026-03-30 18:09:55,57,126443520
2026-03-30 18:10:07,57,126390272
2026-03-30 18:10:19,57,126685184
2026-03-30 18:10:31,58,126595072
2026-03-30 18:10:43,58,126234624
2026-03-30 18:10:56,58,126201856
2026-03-30 18:11:08,58,126189568
2026-03-30 18:11:20,58,126119936
2026-03-30 18:11:32,59,126017536
2026-03-30 18:11:44,59,126197760
2026-03-30 18:11:56,59,126308352
2026-03-30 18:12:09,59,126136320
2026-03-30 18:12:21,59,126545920
2026-03-30 18:12:33,60,126251008
2026-03-30 18:12:45,60,125820928
2026-03-30 18:12:57,60,127205376
2026-03-30 18:13:09,60,126316544
2026-03-30 18:13:22,60,126713856
2026-03-30 18:13:34,61,126144512
2026-03-30 18:13:46,61,127139840
2026-03-30 18:13:58,61,126095360
2026-03-30 18:14:10,61,126820352
2026-03-30 18:14:23,61,126951424
2026-03-30 18:14:35,62,126775296
2026-03-30 18:14:47,62,126636032
2026-03-30 18:14:59,62,127111168
2026-03-30 18:15:11,62,126181376
2026-03-30 18:15:23,62,126124032
2026-03-30 18:15:35,63,126976000
2026-03-30 18:15:47,63,127119360
2026-03-30 18:15:59,63,127545344
2026-03-30 18:16:11,63,127213568
2026-03-30 18:16:24,63,127524864
2026-03-30 18:16:36,64,126537728
2026-03-30 18:16:48,64,127000576
2026-03-30 18:17:00,64,127279104
2026-03-30 18:17:12,64,127381504
2026-03-30 18:17:25,65,126603264
2026-03-30 18:17:37,65,128049152
2026-03-30 18:17:49,65,127033344
2026-03-30 18:18:01,65,127410176
2026-03-30 18:18:13,65,127586304
2026-03-30 18:18:25,66,126345216
2026-03-30 18:18:37,66,126742528
2026-03-30 18:18:50,66,127311872
2026-03-30 18:19:02,66,126545920
2026-03-30 18:19:14,66,127172608
2026-03-30 18:19:26,67,127348736
2026-03-30 18:19:39,67,127709184
2026-03-30 18:19:51,67,126894080
2026-03-30 18:20:03,67,127123456
2026-03-30 18:20:15,67,127676416
2026-03-30 18:20:27,68,127057920
2026-03-30 18:20:39,68,126824448
2026-03-30 18:20:52,68,127238144
2026-03-30 18:21:04,68,127148032
2026-03-30 18:21:16,68,127164416
2026-03-30 18:21:28,69,127258624
2026-03-30 18:21:40,69,127868928
2026-03-30 18:21:52,69,127197184
2026-03-30 18:22:04,69,128200704
2026-03-30 18:22:16,69,128049152
2026-03-30 18:22:29,70,127438848
2026-03-30 18:22:41,70,127729664
2026-03-30 18:22:53,70,126967808
2026-03-30 18:23:05,70,127590400
2026-03-30 18:23:18,70,128262144
2026-03-30 18:23:30,71,127234048
2026-03-30 18:23:42,71,127897600
2026-03-30 18:23:54,71,127508480
2026-03-30 18:24:06,71,127074304
2026-03-30 18:24:19,71,128208896
2026-03-30 18:24:31,72,127979520
2026-03-30 18:24:43,72,127475712
2026-03-30 18:24:55,72,127897600
2026-03-30 18:25:07,72,127393792
2026-03-30 18:25:19,72,127746048
2026-03-30 18:25:31,73,127684608
2026-03-30 18:25:44,73,128323584
2026-03-30 18:25:56,73,128012288
2026-03-30 18:26:08,73,127897600
2026-03-30 18:26:20,73,127549440
2026-03-30 18:26:32,74,128487424
2026-03-30 18:26:45,74,127356928
2026-03-30 18:26:57,74,127860736
2026-03-30 18:27:09,74,128204800
2026-03-30 18:27:21,74,127877120
2026-03-30 18:27:33,75,128389120
2026-03-30 18:27:45,75,128344064
2026-03-30 18:27:57,75,128024576
2026-03-30 18:28:09,75,127696896
2026-03-30 18:28:21,75,127807488
2026-03-30 18:28:33,76,128126976
2026-03-30 18:28:46,76,128208896
2026-03-30 18:28:58,76,128438272
2026-03-30 18:29:10,76,128376832
2026-03-30 18:29:22,76,127848448
2026-03-30 18:29:34,77,128024576
2026-03-30 18:29:46,77,128397312
2026-03-30 18:29:58,77,128495616
2026-03-30 18:30:10,77,128368640
2026-03-30 18:30:23,77,128262144
2026-03-30 18:30:35,78,128106496
2026-03-30 18:30:47,78,128393216
2026-03-30 18:30:59,78,128176128
2026-03-30 18:31:11,78,128532480
2026-03-30 18:31:23,78,128815104
2026-03-30 18:31:35,79,128315392
2026-03-30 18:31:48,79,128720896
2026-03-30 18:32:00,79,128405504
2026-03-30 18:32:12,79,128430080
2026-03-30 18:32:24,79,128466944
2026-03-30 18:32:36,80,128434176
2026-03-30 18:32:49,80,128385024
2026-03-30 18:33:01,80,128770048
2026-03-30 18:33:13,80,128491520
2026-03-30 18:33:25,81,127959040
2026-03-30 18:33:37,81,128962560
2026-03-30 18:33:49,81,129241088
2026-03-30 18:34:01,81,129073152
2026-03-30 18:34:14,81,128696320
2026-03-30 18:34:26,82,128528384
2026-03-30 18:34:38,82,128208896
2026-03-30 18:34:50,82,128827392
2026-03-30 18:35:03,82,129028096
2026-03-30 18:35:15,82,128897024
2026-03-30 18:35:27,83,129040384
2026-03-30 18:35:39,83,129216512
2026-03-30 18:35:52,83,128397312
2026-03-30 18:36:04,83,128921600
2026-03-30 18:36:16,83,129118208
2026-03-30 18:36:28,84,128905216
2026-03-30 18:36:40,84,129196032
2026-03-30 18:36:52,84,129224704
2026-03-30 18:37:05,84,128839680
2026-03-30 18:37:17,84,128663552
2026-03-30 18:37:29,85,128851968
2026-03-30 18:37:41,85,129048576
2026-03-30 18:37:53,85,129196032
2026-03-30 18:38:06,85,129224704
2026-03-30 18:38:18,85,128962560
2026-03-30 18:38:30,86,129036288
2026-03-30 18:38:42,86,129290240
2026-03-30 18:38:54,86,129253376
2026-03-30 18:39:07,86,129798144
2026-03-30 18:39:19,86,129253376
2026-03-30 18:39:31,87,129441792
2026-03-30 18:39:43,87,129216512
2026-03-30 18:39:55,87,129122304
2026-03-30 18:40:07,87,128925696
2026-03-30 18:40:19,87,129683456
2026-03-30 18:40:31,88,129527808
2026-03-30 18:40:44,88,129486848
2026-03-30 18:40:56,88,130019328
2026-03-30 18:41:08,88,128905216
2026-03-30 18:41:20,88,129265664
2026-03-30 18:41:32,89,129552384
2026-03-30 18:41:44,89,129306624
2026-03-30 18:41:57,89,129290240
2026-03-30 18:42:09,89,130273280
2026-03-30 18:42:21,89,129486848
2026-03-30 18:42:33,90,129748992
2026-03-30 18:42:45,90,129265664
2026-03-30 18:42:57,90,129175552
2026-03-30 18:43:10,90,130019328
2026-03-30 18:43:22,90,129941504
2026-03-30 18:43:34,91,129945600
2026-03-30 18:43:46,91,129851392
2026-03-30 18:43:59,91,129654784
2026-03-30 18:44:11,91,129097728
2026-03-30 18:44:23,91,129560576
2026-03-30 18:44:36,92,129642496
2026-03-30 18:44:48,92,129708032
2026-03-30 18:45:00,92,129953792
2026-03-30 18:45:13,92,129519616
2026-03-30 18:45:25,93,129699840
2026-03-30 18:45:37,93,130027520
2026-03-30 18:45:49,93,130494464
2026-03-30 18:46:01,93,129781760
2026-03-30 18:46:14,93,129814528
2026-03-30 18:46:26,94,129851392
2026-03-30 18:46:38,94,129953792
2026-03-30 18:46:50,94,129736704
2026-03-30 18:47:03,94,130117632
2026-03-30 18:47:15,94,129523712
2026-03-30 18:47:27,95,129638400
2026-03-30 18:47:40,95,130420736
2026-03-30 18:47:52,95,129925120
2026-03-30 18:48:04,95,129859584
2026-03-30 18:48:16,95,129884160
2026-03-30 18:48:29,96,130174976
2026-03-30 18:48:41,96,129851392
2026-03-30 18:48:53,96,130072576
2026-03-30 18:49:05,96,129810432
2026-03-30 18:49:18,96,130408448
2026-03-30 18:49:30,97,130248704
2026-03-30 18:49:42,97,129409024
2026-03-30 18:49:54,97,129978368
2026-03-30 18:50:06,97,130482176
2026-03-30 18:50:18,97,130301952
2026-03-30 18:50:30,98,131035136
2026-03-30 18:50:42,98,130408448
2026-03-30 18:50:54,98,130961408
2026-03-30 18:51:07,98,130572288
2026-03-30 18:51:19,98,130199552
2026-03-30 18:51:31,99,130994176
2026-03-30 18:51:43,99,130342912
2026-03-30 18:51:55,99,130449408
2026-03-30 18:52:07,99,129929216
2026-03-30 18:52:20,99,131190784
2026-03-30 18:52:32,100,130224128
2026-03-30 18:52:44,100,130764800
2026-03-30 18:52:56,100,130007040
2026-03-30 18:53:08,100,129933312
2026-03-30 18:53:21,100,130457600
2026-03-30 18:53:33,101,131006464
2026-03-30 18:53:45,101,130224128
2026-03-30 18:53:57,101,130756608
2026-03-30 18:54:09,101,130916352
2026-03-30 18:54:22,101,130367488
2026-03-30 18:54:34,102,130670592
2026-03-30 18:54:46,102,130478080
2026-03-30 18:54:58,102,130957312
2026-03-30 18:55:10,102,130740224
2026-03-30 18:55:22,102,130572288
2026-03-30 18:55:34,103,131272704
2026-03-30 18:55:47,103,130596864
2026-03-30 18:55:59,103,130768896
2026-03-30 18:56:11,103,130924544
2026-03-30 18:56:23,103,131125248
2026-03-30 18:56:35,104,131383296
2026-03-30 18:56:48,104,131338240
2026-03-30 18:57:00,104,131149824
2026-03-30 18:57:12,104,130932736
2026-03-30 18:57:24,104,131158016
2026-03-30 18:57:36,105,130535424
2026-03-30 18:57:49,105,130949120
2026-03-30 18:58:01,105,131178496
2026-03-30 18:58:13,105,131088384
2026-03-30 18:58:25,106,131391488
2026-03-30 18:58:37,106,130834432
2026-03-30 18:58:50,106,131215360
2026-03-30 18:59:02,106,131014656
2026-03-30 18:59:14,106,130674688
2026-03-30 18:59:26,107,130932736
2026-03-30 18:59:38,107,131518464
2026-03-30 18:59:51,107,130568192
2026-03-30 19:00:03,107,130260992
2026-03-30 19:00:15,107,131051520
2026-03-30 19:00:27,108,131375104
2026-03-30 19:00:39,108,130686976
2026-03-30 19:00:52,108,130850816
2026-03-30 19:01:04,108,131612672
2026-03-30 19:01:16,108,131637248
2026-03-30 19:01:28,109,131588096
2026-03-30 19:01:41,109,131305472
2026-03-30 19:01:53,109,131080192
2026-03-30 19:02:05,109,131330048
2026-03-30 19:02:17,109,131174400
2026-03-30 19:02:29,110,131362816
2026-03-30 19:02:41,110,131096576
2026-03-30 19:02:53,110,131166208
2026-03-30 19:03:05,110,130981888
2026-03-30 19:03:17,110,131588096
2026-03-30 19:03:29,111,131903488
2026-03-30 19:03:41,111,131461120
2026-03-30 19:03:53,111,132014080
2026-03-30 19:04:06,111,132464640
2026-03-30 19:04:18,111,131813376
2026-03-30 19:04:30,112,131026944
2026-03-30 19:04:42,112,131915776
2026-03-30 19:04:54,112,131051520
2026-03-30 19:05:06,112,131354624
2026-03-30 19:05:18,112,131178496
2026-03-30 19:05:31,113,132296704
2026-03-30 19:05:43,113,131661824
2026-03-30 19:05:55,113,131678208
2026-03-30 19:06:07,113,131985408
2026-03-30 19:06:19,113,131936256
2026-03-30 19:06:32,114,131563520
2026-03-30 19:06:44,114,132227072
2026-03-30 19:06:56,114,132161536
2026-03-30 19:07:08,114,132042752
2026-03-30 19:07:20,114,131907584
2026-03-30 19:07:32,115,132165632
2026-03-30 19:07:45,115,131788800
2026-03-30 19:07:57,115,132481024
2026-03-30 19:08:09,115,132259840
2026-03-30 19:08:21,115,131989504
2026-03-30 19:08:33,116,131702784
2026-03-30 19:08:45,116,132321280
2026-03-30 19:08:58,116,131534848
2026-03-30 19:09:10,116,131919872
2026-03-30 19:09:22,116,132288512
2026-03-30 19:09:34,117,132157440
2026-03-30 19:09:46,117,132173824
2026-03-30 19:09:58,117,131960832
2026-03-30 19:10:10,117,132423680
2026-03-30 19:10:22,117,132837376
2026-03-30 19:10:34,118,131936256
2026-03-30 19:10:47,118,132849664
2026-03-30 19:10:59,118,132169728
2026-03-30 19:11:11,118,131563520
2026-03-30 19:11:23,118,133275648
2026-03-30 19:11:36,119,132214784
2026-03-30 19:11:48,119,132636672
2026-03-30 19:12:00,119,132878336
2026-03-30 19:12:12,119,132288512
2026-03-30 19:12:24,119,132149248
2026-03-30 19:12:36,120,132440064
2026-03-30 19:12:48,120,132571136
2026-03-30 19:13:00,120,131989504
2026-03-30 19:13:12,120,132313088
2026-03-30 19:13:25,121,132632576
2026-03-30 19:13:37,121,131809280
2026-03-30 19:13:49,121,132612096
2026-03-30 19:14:01,121,132247552
2026-03-30 19:14:13,121,132673536
2026-03-30 19:14:26,122,133111808
2026-03-30 19:14:38,122,132214784
2026-03-30 19:14:50,122,132878336
2026-03-30 19:15:02,122,132493312
2026-03-30 19:15:14,122,132616192
2026-03-30 19:15:26,123,132812800
2026-03-30 19:15:38,123,133017600
2026-03-30 19:15:50,123,132915200
2026-03-30 19:16:02,123,133365760
2026-03-30 19:16:15,123,132689920
2026-03-30 19:16:27,124,132841472
2026-03-30 19:16:39,124,132251648
2026-03-30 19:16:51,124,133017600
2026-03-30 19:17:03,124,132886528
2026-03-30 19:17:15,124,133218304
2026-03-30 19:17:27,125,132595712
2026-03-30 19:17:39,125,133218304
2026-03-30 19:17:52,125,132886528
2026-03-30 19:18:04,125,132440064
2026-03-30 19:18:16,125,132960256
2026-03-30 19:18:28,126,133152768
2026-03-30 19:18:40,126,132882432
2026-03-30 19:18:52,126,132734976
2026-03-30 19:19:04,126,132739072
2026-03-30 19:19:17,126,133095424
2026-03-30 19:19:29,127,133562368
2026-03-30 19:19:41,127,133201920
2026-03-30 19:19:53,127,133210112
2026-03-30 19:20:06,127,132476928
2026-03-30 19:20:18,127,133115904
2026-03-30 19:20:30,128,133083136
2026-03-30 19:20:42,128,132997120
2026-03-30 19:20:54,128,133861376
2026-03-30 19:21:06,128,133140480
2026-03-30 19:21:18,128,132648960
2026-03-30 19:21:31,129,133283840
2026-03-30 19:21:43,129,132907008
2026-03-30 19:21:55,129,134152192
2026-03-30 19:22:07,129,133607424
2026-03-30 19:22:20,129,133160960
2026-03-30 19:22:32,130,133468160
2026-03-30 19:22:44,130,133619712
2026-03-30 19:22:56,130,133230592
2026-03-30 19:23:08,130,133689344
2026-03-30 19:23:20,130,134008832
2026-03-30 19:23:33,131,133431296
2026-03-30 19:23:45,131,133492736
2026-03-30 19:23:57,131,133664768
2026-03-30 19:24:09,131,133709824
2026-03-30 19:24:22,131,133451776
2026-03-30 19:24:34,132,133931008
2026-03-30 19:24:46,132,133910528
2026-03-30 19:24:58,132,133337088
2026-03-30 19:25:10,132,133070848
2026-03-30 19:25:23,132,133681152
2026-03-30 19:25:35,133,133382144
2026-03-30 19:25:47,133,133541888
2026-03-30 19:25:59,133,133681152
2026-03-30 19:26:12,133,133779456
2026-03-30 19:26:24,133,133783552
2026-03-30 19:26:36,134,133963776
2026-03-30 19:26:48,134,133349376
2026-03-30 19:27:00,134,134344704
2026-03-30 19:27:12,134,133382144
2026-03-30 19:27:24,134,134127616
2026-03-30 19:27:37,135,134074368
2026-03-30 19:27:49,135,133545984
2026-03-30 19:28:01,135,134778880
2026-03-30 19:28:13,135,133865472
2026-03-30 19:28:25,136,133558272
2026-03-30 19:28:37,136,133824512
2026-03-30 19:28:49,136,135053312
2026-03-30 19:29:02,136,133885952
2026-03-30 19:29:14,136,134348800
2026-03-30 19:29:26,137,134242304
2026-03-30 19:29:38,137,133656576
2026-03-30 19:29:50,137,133599232
2026-03-30 19:30:03,137,133771264
2026-03-30 19:30:15,137,134078464
2026-03-30 19:30:27,138,134127616
2026-03-30 19:30:39,138,133898240
2026-03-30 19:30:51,138,133283840
2026-03-30 19:31:03,138,134008832
2026-03-30 19:31:16,138,133443584
2026-03-30 19:31:28,139,134471680
2026-03-30 19:31:40,139,134356992
2026-03-30 19:31:52,139,134250496
2026-03-30 19:32:04,139,134438912
2026-03-30 19:32:17,139,134234112
2026-03-30 19:32:29,140,133918720
2026-03-30 19:32:41,140,134348800
2026-03-30 19:32:54,140,134291456
2026-03-30 19:33:06,140,134488064
2026-03-30 19:33:18,140,134950912
2026-03-30 19:33:30,141,135077888
2026-03-30 19:33:42,141,134496256
2026-03-30 19:33:54,141,134725632
2026-03-30 19:34:07,141,135020544
2026-03-30 19:34:19,141,134787072
2026-03-30 19:34:31,142,134729728
2026-03-30 19:34:43,142,134754304
2026-03-30 19:34:55,142,135254016
2026-03-30 19:35:08,142,134332416
2026-03-30 19:35:20,142,135032832
2026-03-30 19:35:32,143,134987776
2026-03-30 19:35:44,143,135086080
2026-03-30 19:35:56,143,134492160
2026-03-30 19:36:08,143,135090176
2026-03-30 19:36:21,143,135032832
2026-03-30 19:36:33,144,134959104
2026-03-30 19:36:45,144,134000640
2026-03-30 19:36:57,144,134889472
2026-03-30 19:37:09,144,134488064
2026-03-30 19:37:21,144,134414336
2026-03-30 19:37:33,145,134496256
2026-03-30 19:37:46,145,134844416
2026-03-30 19:37:58,145,134922240
2026-03-30 19:38:10,145,135208960
2026-03-30 19:38:22,145,135163904
2026-03-30 19:38:34,146,134844416
2026-03-30 19:38:47,146,135229440
2026-03-30 19:38:59,146,135438336
2026-03-30 19:39:11,146,135561216
2026-03-30 19:39:23,146,134533120
2026-03-30 19:39:35,147,135491584
2026-03-30 19:39:47,147,135053312
2026-03-30 19:39:59,147,135757824
2026-03-30 19:40:12,147,135213056
2026-03-30 19:40:24,147,135520256
2026-03-30 19:40:36,148,135241728
2026-03-30 19:40:48,148,135184384
2026-03-30 19:41:00,148,135237632
2026-03-30 19:41:12,148,135536640
2026-03-30 19:41:24,148,135684096
2026-03-30 19:41:37,149,135458816
2026-03-30 19:41:49,149,135000064
2026-03-30 19:42:01,149,135344128
2026-03-30 19:42:13,149,136036352
2026-03-30 19:42:25,150,135536640
2026-03-30 19:42:37,150,135196672
2026-03-30 19:42:49,150,135168000
2026-03-30 19:43:02,150,136052736
2026-03-30 19:43:14,150,135004160
2026-03-30 19:43:26,151,135008256
2026-03-30 19:43:38,151,135438336
2026-03-30 19:43:51,151,135733248
2026-03-30 19:44:03,151,135872512
2026-03-30 19:44:15,151,135548928
2026-03-30 19:44:27,152,135307264
2026-03-30 19:44:40,152,135909376
2026-03-30 19:44:52,152,135843840
2026-03-30 19:45:04,152,135507968
2026-03-30 19:45:16,152,135696384
2026-03-30 19:45:29,153,135622656
2026-03-30 19:45:41,153,135913472
2026-03-30 19:45:53,153,135880704
2026-03-30 19:46:05,153,135925760
2026-03-30 19:46:18,153,135938048
2026-03-30 19:46:30,154,135958528
2026-03-30 19:46:42,154,135499776
2026-03-30 19:46:55,154,134909952
2026-03-30 19:47:07,154,135675904
2026-03-30 19:47:19,154,135778304
2026-03-30 19:47:31,155,135864320
2026-03-30 19:47:43,155,135770112
2026-03-30 19:47:56,155,135393280
2026-03-30 19:48:08,155,136093696
2026-03-30 19:48:21,155,135995392
2026-03-30 19:48:33,156,136060928
2026-03-30 19:48:45,156,135553024
2026-03-30 19:48:58,156,135880704
2026-03-30 19:49:10,156,136839168
2026-03-30 19:49:22,156,135753728
2026-03-30 19:49:34,157,135884800
2026-03-30 19:49:46,157,136302592
2026-03-30 19:49:58,157,135663616
2026-03-30 19:50:11,157,135659520
2026-03-30 19:50:23,157,136273920
2026-03-30 19:50:36,158,135725056
2026-03-30 19:50:48,158,135606272
2026-03-30 19:51:00,158,136601600
2026-03-30 19:51:12,158,136290304
2026-03-30 19:51:25,159,135942144
2026-03-30 19:51:37,159,136347648
2026-03-30 19:51:49,159,135970816
2026-03-30 19:52:01,159,135716864
2026-03-30 19:52:14,159,136183808
2026-03-30 19:52:26,160,136540160
2026-03-30 19:52:38,160,135856128
2026-03-30 19:52:51,160,136372224
2026-03-30 19:53:03,160,136290304
2026-03-30 19:53:15,160,137011200
2026-03-30 19:53:27,161,136249344
2026-03-30 19:53:40,161,136544256
2026-03-30 19:53:52,161,136220672
2026-03-30 19:54:04,161,136691712
2026-03-30 19:54:17,161,136540160
2026-03-30 19:54:29,162,136359936
2026-03-30 19:54:42,162,136302592
2026-03-30 19:54:54,162,136921088
2026-03-30 19:55:06,162,137101312
2026-03-30 19:55:18,162,136863744
2026-03-30 19:55:31,163,136634368
2026-03-30 19:55:43,163,135921664
2026-03-30 19:55:56,163,136790016
2026-03-30 19:56:08,163,136925184
2026-03-30 19:56:20,163,137195520
2026-03-30 19:56:32,164,137052160
2026-03-30 19:56:45,164,136814592
2026-03-30 19:56:57,164,136355840
2026-03-30 19:57:09,164,136478720
2026-03-30 19:57:22,164,136368128
2026-03-30 19:57:34,165,137076736
2026-03-30 19:57:46,165,136822784
2026-03-30 19:57:58,165,136413184
2026-03-30 19:58:10,165,135909376
2026-03-30 19:58:23,165,136769536
2026-03-30 19:58:35,166,137150464
2026-03-30 19:58:47,166,137252864
2026-03-30 19:58:59,166,137269248
2026-03-30 19:59:12,166,136998912
2026-03-30 19:59:24,166,136474624
2026-03-30 19:59:36,167,136667136
2026-03-30 19:59:49,167,137609216
2026-03-30 20:00:01,167,136749056
2026-03-30 20:00:13,167,137121792
2026-03-30 20:00:25,168,137740288
2026-03-30 20:00:37,168,136855552
2026-03-30 20:00:50,168,137166848
2026-03-30 20:01:02,168,137535488
2026-03-30 20:01:14,168,137637888
2026-03-30 20:01:27,169,136364032
2026-03-30 20:01:39,169,137555968
2026-03-30 20:01:51,169,137125888
2026-03-30 20:02:03,169,136896512
2026-03-30 20:02:16,169,137424896
2026-03-30 20:02:28,170,137256960
2026-03-30 20:02:40,170,137609216
2026-03-30 20:02:53,170,137928704
2026-03-30 20:03:05,170,137097216
2026-03-30 20:03:17,170,137113600
2026-03-30 20:03:30,171,138162176
2026-03-30 20:03:42,171,137031680
2026-03-30 20:03:54,171,137433088
2026-03-30 20:04:07,171,137068544
2026-03-30 20:04:20,171,137613312
2026-03-30 20:04:32,172,137568256
2026-03-30 20:04:44,172,136937472
2026-03-30 20:04:57,172,137674752
2026-03-30 20:05:09,172,137252864
2026-03-30 20:05:22,172,137629696
2026-03-30 20:05:34,173,138416128
2026-03-30 20:05:46,173,137883648
2026-03-30 20:05:58,173,137850880
2026-03-30 20:06:11,173,137195520
2026-03-30 20:06:23,173,137265152
2026-03-30 20:06:35,174,137445376
2026-03-30 20:06:48,174,137994240
2026-03-30 20:07:00,174,138113024
2026-03-30 20:07:12,174,137994240
2026-03-30 20:07:24,174,137773056
2026-03-30 20:07:37,175,138043392
2026-03-30 20:07:49,175,137609216
2026-03-30 20:08:01,175,137703424
2026-03-30 20:08:14,175,137641984
2026-03-30 20:08:26,176,137482240
2026-03-30 20:08:38,176,137633792
2026-03-30 20:08:50,176,138108928
2026-03-30 20:09:03,176,137465856
2026-03-30 20:09:15,176,137920512
2026-03-30 20:09:27,177,137965568
2026-03-30 20:09:40,177,137920512
2026-03-30 20:09:52,177,137740288
2026-03-30 20:10:04,177,137646080
2026-03-30 20:10:16,177,138252288
2026-03-30 20:10:29,178,137887744
2026-03-30 20:10:41,178,138588160
2026-03-30 20:10:54,178,138199040
2026-03-30 20:11:06,178,138567680
2026-03-30 20:11:18,178,138330112
2026-03-30 20:11:31,179,138141696
2026-03-30 20:11:43,179,138170368
2026-03-30 20:11:56,179,138866688
2026-03-30 20:12:08,179,137945088
2026-03-30 20:12:20,179,138817536
2026-03-30 20:12:32,180,138145792
2026-03-30 20:12:45,180,138481664
2026-03-30 20:12:57,180,138039296
2026-03-30 20:13:09,180,138395648
2026-03-30 20:13:21,180,138256384
2026-03-30 20:13:33,181,138829824
2026-03-30 20:13:45,181,138465280
2026-03-30 20:13:58,181,138219520
2026-03-30 20:14:10,181,138326016
2026-03-30 20:14:23,181,137875456
2026-03-30 20:14:35,182,138469376
2026-03-30 20:14:48,182,138616832
2026-03-30 20:15:00,182,139153408
2026-03-30 20:15:13,182,138555392
2026-03-30 20:15:25,183,138485760
2026-03-30 20:15:37,183,138817536
2026-03-30 20:15:49,183,138518528
2026-03-30 20:16:02,183,138719232
2026-03-30 20:16:14,183,138600448
2026-03-30 20:16:27,184,138723328
2026-03-30 20:16:39,184,139169792
2026-03-30 20:16:51,184,139333632
2026-03-30 20:17:03,184,138051584
2026-03-30 20:17:16,184,138436608
2026-03-30 20:17:28,185,138850304
2026-03-30 20:17:40,185,139005952
2026-03-30 20:17:52,185,138440704
2026-03-30 20:18:05,185,138952704
2026-03-30 20:18:17,185,138371072
2026-03-30 20:18:29,186,138297344
2026-03-30 20:18:42,186,138940416
2026-03-30 20:18:54,186,138866688
2026-03-30 20:19:07,186,138809344
2026-03-30 20:19:19,186,138874880
2026-03-30 20:19:31,187,139403264
2026-03-30 20:19:44,187,139161600
2026-03-30 20:19:56,187,139284480
2026-03-30 20:20:08,187,138526720
2026-03-30 20:20:21,187,139079680
2026-03-30 20:20:33,188,139149312
2026-03-30 20:20:45,188,139264000
2026-03-30 20:20:58,188,139415552
2026-03-30 20:21:10,188,139268096
2026-03-30 20:21:22,188,138973184
2026-03-30 20:21:34,189,139214848
2026-03-30 20:21:47,189,139026432
2026-03-30 20:21:59,189,139272192
2026-03-30 20:22:11,189,139509760
2026-03-30 20:22:24,189,139673600
2026-03-30 20:22:36,190,138747904
2026-03-30 20:22:48,190,139173888
2026-03-30 20:23:00,190,138866688
2026-03-30 20:23:13,190,139075584
2026-03-30 20:23:25,191,139612160
2026-03-30 20:23:37,191,140173312
2026-03-30 20:23:49,191,139153408
2026-03-30 20:24:02,191,139157504
2026-03-30 20:24:14,191,139628544
2026-03-30 20:24:26,192,139100160
2026-03-30 20:24:38,192,139612160
2026-03-30 20:24:51,192,139624448
2026-03-30 20:25:03,192,139608064
2026-03-30 20:25:15,192,139542528
2026-03-30 20:25:27,193,138960896
2026-03-30 20:25:40,193,139579392
2026-03-30 20:25:52,193,140423168
2026-03-30 20:26:04,193,140046336
2026-03-30 20:26:16,193,139681792
2026-03-30 20:26:29,194,139915264
2026-03-30 20:26:41,194,139186176
2026-03-30 20:26:53,194,139546624
2026-03-30 20:27:06,194,139833344
2026-03-30 20:27:18,194,139730944
2026-03-30 20:27:30,195,139984896
2026-03-30 20:27:43,195,139956224
2026-03-30 20:27:55,195,139247616
2026-03-30 20:28:07,195,139649024
2026-03-30 20:28:20,195,139747328
2026-03-30 20:28:32,196,140009472
2026-03-30 20:28:44,196,139476992
2026-03-30 20:28:57,196,139333632
2026-03-30 20:29:09,196,139526144
2026-03-30 20:29:21,196,139821056
2026-03-30 20:29:34,197,139911168
2026-03-30 20:29:46,197,139640832
2026-03-30 20:29:58,197,139669504
2026-03-30 20:30:11,197,139612160
2026-03-30 20:30:23,197,139370496
2026-03-30 20:30:35,198,140038144
2026-03-30 20:30:47,198,139771904
2026-03-30 20:31:00,198,140410880
2026-03-30 20:31:12,198,140025856
2026-03-30 20:31:24,198,140333056
2026-03-30 20:31:37,199,140083200
2026-03-30 20:31:49,199,140832768
2026-03-30 20:32:01,199,140132352
2026-03-30 20:32:14,199,139808768
2026-03-30 20:32:26,200,140730368
2026-03-30 20:32:38,200,140079104
2026-03-30 20:32:50,200,140509184
2026-03-30 20:33:03,200,140488704
2026-03-30 20:33:15,200,140505088
2026-03-30 20:33:28,201,140746752
2026-03-30 20:33:40,201,139747328
2026-03-30 20:33:52,201,139878400
2026-03-30 20:34:04,201,140271616
2026-03-30 20:34:17,201,140292096
2026-03-30 20:34:29,202,140673024
2026-03-30 20:34:42,202,140550144
2026-03-30 20:34:55,202,140656640
2026-03-30 20:35:07,202,140681216
2026-03-30 20:35:19,202,140644352
2026-03-30 20:35:31,203,140984320
2026-03-30 20:35:44,203,141209600
2026-03-30 20:35:56,203,140644352
2026-03-30 20:36:08,203,140926976
2026-03-30 20:36:21,203,140574720
2026-03-30 20:36:33,204,140611584
2026-03-30 20:36:45,204,140320768
2026-03-30 20:36:58,204,140349440
2026-03-30 20:37:10,204,140312576
2026-03-30 20:37:22,204,140480512
2026-03-30 20:37:35,205,140599296
2026-03-30 20:37:47,205,140324864
2026-03-30 20:37:59,205,140034048
2026-03-30 20:38:11,205,141328384
2026-03-30 20:38:24,205,140926976
2026-03-30 20:38:36,206,141070336
2026-03-30 20:38:48,206,140951552
2026-03-30 20:39:01,206,141250560
2026-03-30 20:39:13,206,140271616
2026-03-30 20:39:25,207,140935168
2026-03-30 20:39:38,207,141611008
2026-03-30 20:39:50,207,141303808
2026-03-30 20:40:02,207,140570624
2026-03-30 20:40:14,207,140550144
2026-03-30 20:40:27,208,140750848
2026-03-30 20:40:39,208,140685312
2026-03-30 20:40:51,208,141242368
2026-03-30 20:41:04,208,141815808
2026-03-30 20:41:16,208,141455360
2026-03-30 20:41:28,209,141135872
2026-03-30 20:41:40,209,141066240
2026-03-30 20:41:53,209,141180928
2026-03-30 20:42:05,209,141520896
2026-03-30 20:42:17,209,141193216
2026-03-30 20:42:29,210,141324288
2026-03-30 20:42:42,210,142405632
2026-03-30 20:42:54,210,141398016
2026-03-30 20:43:06,210,140746752
2026-03-30 20:43:19,210,141737984
2026-03-30 20:43:31,211,141230080
2026-03-30 20:43:43,211,141152256
2026-03-30 20:43:55,211,141373440
2026-03-30 20:44:07,211,141557760
2026-03-30 20:44:20,211,141537280
2026-03-30 20:44:32,212,141389824
2026-03-30 20:44:44,212,141524992
2026-03-30 20:44:57,212,141590528
2026-03-30 20:45:09,212,141688832
2026-03-30 20:45:22,212,141070336
2026-03-30 20:45:34,213,141414400
2026-03-30 20:45:46,213,141680640
2026-03-30 20:45:59,213,141197312
2026-03-30 20:46:11,213,141688832
2026-03-30 20:46:23,213,141697024
2026-03-30 20:46:36,214,141484032
2026-03-30 20:46:48,214,141635584
2026-03-30 20:47:00,214,142020608
2026-03-30 20:47:13,214,142000128
2026-03-30 20:47:25,215,142073856
2026-03-30 20:47:37,215,141565952
2026-03-30 20:47:49,215,142082048
2026-03-30 20:48:01,215,141557760
2026-03-30 20:48:14,215,142028800
2026-03-30 20:48:26,216,142041088
2026-03-30 20:48:39,216,141156352
2026-03-30 20:48:51,216,141713408
2026-03-30 20:49:04,216,142082048
2026-03-30 20:49:16,216,141996032
2026-03-30 20:49:28,217,141471744
2026-03-30 20:49:41,217,141889536
2026-03-30 20:49:53,217,142266368
2026-03-30 20:50:05,217,141643776
2026-03-30 20:50:18,217,141938688
2026-03-30 20:50:30,218,142020608
2026-03-30 20:50:42,218,141692928
2026-03-30 20:50:55,218,141795328
2026-03-30 20:51:07,218,141905920
2026-03-30 20:51:19,218,141955072
2026-03-30 20:51:32,219,141950976
2026-03-30 20:51:44,219,142155776
2026-03-30 20:51:56,219,142102528
2026-03-30 20:52:09,219,141557760
2026-03-30 20:52:21,219,141991936
2026-03-30 20:52:33,220,142192640
2026-03-30 20:52:45,220,141815808
2026-03-30 20:52:57,220,142176256
2026-03-30 20:53:10,220,141905920
2026-03-30 20:53:22,220,141938688
2026-03-30 20:53:34,221,141778944
2026-03-30 20:53:46,221,142356480
2026-03-30 20:53:58,221,141680640
2026-03-30 20:54:10,221,142344192
2026-03-30 20:54:23,221,142024704
2026-03-30 20:54:35,222,142835712
2026-03-30 20:54:47,222,142499840
2026-03-30 20:55:00,222,141725696
2026-03-30 20:55:12,222,142565376
2026-03-30 20:55:24,222,142487552
2026-03-30 20:55:36,223,142524416
2026-03-30 20:55:48,223,142561280
2026-03-30 20:56:01,223,142032896
2026-03-30 20:56:13,223,142282752
2026-03-30 20:56:25,224,142934016
2026-03-30 20:56:37,224,142262272
2026-03-30 20:56:50,224,141819904
2026-03-30 20:57:02,224,142807040
2026-03-30 20:57:14,224,142856192
2026-03-30 20:57:27,225,142454784
2026-03-30 20:57:39,225,142606336
2026-03-30 20:57:52,225,142249984
2026-03-30 20:58:04,225,142397440
2026-03-30 20:58:16,225,143077376
2026-03-30 20:58:28,226,142802944
2026-03-30 20:58:41,226,142450688
2026-03-30 20:58:53,226,142995456
2026-03-30 20:59:06,226,142327808
2026-03-30 20:59:18,226,142745600
2026-03-30 20:59:30,227,143691776
2026-03-30 20:59:42,227,142667776
2026-03-30 20:59:54,227,142884864
2026-03-30 21:00:07,227,142958592
2026-03-30 21:00:19,227,142897152
2026-03-30 21:00:31,228,142688256
2026-03-30 21:00:44,228,142585856
2026-03-30 21:00:56,228,142925824
2026-03-30 21:01:08,228,142917632
2026-03-30 21:01:21,228,142888960
2026-03-30 21:01:33,229,143269888
2026-03-30 21:01:45,229,143151104
2026-03-30 21:01:57,229,142897152
2026-03-30 21:02:10,229,142794752
2026-03-30 21:02:22,229,142848000
2026-03-30 21:02:34,230,142843904
2026-03-30 21:02:46,230,142979072
2026-03-30 21:02:58,230,143663104
2026-03-30 21:03:11,230,143130624
2026-03-30 21:03:23,230,142991360
2026-03-30 21:03:36,231,143237120
2026-03-30 21:03:48,231,143314944
2026-03-30 21:04:00,231,143323136
2026-03-30 21:04:13,231,143339520
2026-03-30 21:04:25,232,143663104
2026-03-30 21:04:37,232,142577664
2026-03-30 21:04:50,232,143613952
2026-03-30 21:05:03,232,143192064
2026-03-30 21:05:15,232,143675392
2026-03-30 21:05:27,233,143593472
2026-03-30 21:05:39,233,143609856
2026-03-30 21:05:52,233,143941632
2026-03-30 21:06:04,233,143118336
2026-03-30 21:06:17,233,143298560
2026-03-30 21:06:29,234,143544320
2026-03-30 21:06:41,234,143630336
2026-03-30 21:06:54,234,142884864
2026-03-30 21:07:06,234,143548416
2026-03-30 21:07:19,234,143892480
2026-03-30 21:07:31,235,143409152
2026-03-30 21:07:43,235,143577088
2026-03-30 21:07:56,235,143716352
2026-03-30 21:08:08,235,143351808
2026-03-30 21:08:20,235,144498688
2026-03-30 21:08:32,236,143863808
2026-03-30 21:08:45,236,143474688
2026-03-30 21:08:57,236,143405056
2026-03-30 21:09:09,236,144232448
2026-03-30 21:09:21,236,143806464
2026-03-30 21:09:34,237,143970304
2026-03-30 21:09:46,237,143491072
2026-03-30 21:09:58,237,144007168
2026-03-30 21:10:11,237,143896576
2026-03-30 21:10:23,237,143605760
2026-03-30 21:10:35,238,143753216
2026-03-30 21:10:48,238,144056320
2026-03-30 21:11:00,238,143953920
2026-03-30 21:11:12,238,144670720
2026-03-30 21:11:25,239,144084992
2026-03-30 21:11:37,239,143982592
2026-03-30 21:11:49,239,143650816
2026-03-30 21:12:02,239,143216640
2026-03-30 21:12:14,239,143568896
2026-03-30 21:12:26,240,144662528
2026-03-30 21:12:39,240,144519168
2026-03-30 21:12:51,240,144748544
2026-03-30 21:13:03,240,143945728
2026-03-30 21:13:16,240,143982592
2026-03-30 21:13:28,241,144097280
2026-03-30 21:13:40,241,144609280
2026-03-30 21:13:53,241,143495168
2026-03-30 21:14:05,241,144793600
2026-03-30 21:14:18,241,143622144
2026-03-30 21:14:30,242,144130048
2026-03-30 21:14:42,242,143716352
2026-03-30 21:14:54,242,144891904
2026-03-30 21:15:07,242,145014784
2026-03-30 21:15:19,242,145002496
2026-03-30 21:15:32,243,144510976
2026-03-30 21:15:44,243,144654336
2026-03-30 21:15:56,243,144494592
2026-03-30 21:16:09,243,143749120
2026-03-30 21:16:21,243,136617984
2026-03-30 21:16:33,244,137232384
2026-03-30 21:16:46,244,136986624
2026-03-30 21:16:58,244,136757248
2026-03-30 21:17:10,244,136597504
2026-03-30 21:17:22,244,137281536
2026-03-30 21:17:35,245,136581120
2026-03-30 21:17:47,245,137097216
2026-03-30 21:17:59,245,136740864
2026-03-30 21:18:11,245,137019392
2026-03-30 21:18:24,245,136630272
2026-03-30 21:18:36,246,136994816
2026-03-30 21:18:48,246,136302592
2026-03-30 21:19:01,246,136839168
2026-03-30 21:19:13,246,137465856
2026-03-30 21:19:25,247,136601600
2026-03-30 21:19:38,247,137445376
2026-03-30 21:19:50,247,136982528
2026-03-30 21:20:03,247,137486336
2026-03-30 21:20:15,247,137027584
2026-03-30 21:20:27,248,137015296
2026-03-30 21:20:40,248,136650752
2026-03-30 21:20:52,248,136622080
2026-03-30 21:21:04,248,136269824
2026-03-30 21:21:16,248,136888320
2026-03-30 21:21:29,249,135675904
2026-03-30 21:21:41,249,136732672
2026-03-30 21:21:53,249,137207808
2026-03-30 21:22:06,249,136421376
2026-03-30 21:22:18,249,136196096
2026-03-30 21:22:30,250,136376320
2026-03-30 21:22:43,250,136925184
2026-03-30 21:22:55,250,137056256
2026-03-30 21:23:07,250,136986624
2026-03-30 21:23:20,250,136450048
2026-03-30 21:23:32,251,136871936
2026-03-30 21:23:44,251,136491008
2026-03-30 21:23:57,251,136392704
2026-03-30 21:24:09,251,136757248
2026-03-30 21:24:21,251,136994816
2026-03-30 21:24:34,252,136445952
2026-03-30 21:24:46,252,136380416
2026-03-30 21:24:58,252,136847360
2026-03-30 21:25:11,252,136900608
2026-03-30 21:25:24,252,136658944
2026-03-30 21:25:36,253,137396224
2026-03-30 21:25:48,253,136962048
2026-03-30 21:26:00,253,136093696
2026-03-30 21:26:13,253,136445952
2026-03-30 21:26:25,254,136458240
2026-03-30 21:26:37,254,136069120
2026-03-30 21:26:49,254,136376320
2026-03-30 21:27:02,254,136343552
2026-03-30 21:27:14,254,136126464
2026-03-30 21:27:26,255,136474624
2026-03-30 21:27:38,255,135385088
2026-03-30 21:27:51,255,135090176
2026-03-30 21:28:03,255,135852032
2026-03-30 21:28:15,255,135589888
2026-03-30 21:28:27,256,135008256
2026-03-30 21:28:40,256,134914048
2026-03-30 21:28:52,256,135356416
2026-03-30 21:29:04,256,135127040
2026-03-30 21:29:17,256,135327744
2026-03-30 21:29:29,257,134955008
2026-03-30 21:29:41,257,135356416
2026-03-30 21:29:53,257,135352320
2026-03-30 21:30:06,257,134955008
2026-03-30 21:30:18,257,135016448
2026-03-30 21:30:30,258,134492160
2026-03-30 21:30:43,258,135204864
2026-03-30 21:30:55,258,135294976
2026-03-30 21:31:07,258,134000640
2026-03-30 21:31:19,258,134901760
2026-03-30 21:31:32,259,134807552
2026-03-30 21:31:44,259,134610944
2026-03-30 21:31:56,259,134909952
2026-03-30 21:32:09,259,134742016
2026-03-30 21:32:21,259,134791168
2026-03-30 21:32:33,260,134524928
2026-03-30 21:32:46,260,133980160
2026-03-30 21:32:58,260,133521408
2026-03-30 21:33:10,260,134488064
2026-03-30 21:33:23,260,134582272
2026-03-30 21:33:35,261,134422528
2026-03-30 21:33:47,261,134492160
2026-03-30 21:34:00,261,134987776
2026-03-30 21:34:12,261,134639616
2026-03-30 21:34:24,261,134815744
2026-03-30 21:34:37,262,134832128
2026-03-30 21:34:49,262,134598656
2026-03-30 21:35:01,262,134819840
2026-03-30 21:35:14,262,134221824
2026-03-30 21:35:26,263,135483392
2026-03-30 21:35:39,263,134127616
2026-03-30 21:35:51,263,135012352
2026-03-30 21:36:03,263,134922240
2026-03-30 21:36:16,263,134856704
2026-03-30 21:36:28,264,134602752
2026-03-30 21:36:40,264,134512640
2026-03-30 21:36:53,264,134127616
2026-03-30 21:37:05,264,134574080
2026-03-30 21:37:17,264,134651904
2026-03-30 21:37:30,265,133128192
2026-03-30 21:37:42,265,133332992
2026-03-30 21:37:54,265,133332992
2026-03-30 21:38:07,265,132722688
2026-03-30 21:38:19,265,132534272
2026-03-30 21:38:31,266,133083136
2026-03-30 21:38:43,266,132173824
2026-03-30 21:38:56,266,131608576
2026-03-30 21:39:08,266,129548288
2026-03-30 21:39:21,266,129777664
2026-03-30 21:39:33,267,129417216
2026-03-30 21:39:45,267,130412544
2026-03-30 21:39:57,267,129908736
2026-03-30 21:40:10,267,129515520
2026-03-30 21:40:22,267,129523712
2026-03-30 21:40:35,268,129515520
2026-03-30 21:40:47,268,129871872
2026-03-30 21:40:59,268,129814528
2026-03-30 21:41:11,268,129609728
2026-03-30 21:41:24,268,130240512
2026-03-30 21:41:36,269,129613824
2026-03-30 21:41:48,269,129826816
2026-03-30 21:42:00,269,129740800
2026-03-30 21:42:13,269,129728512
2026-03-30 21:42:25,270,130007040
2026-03-30 21:42:37,270,129904640
2026-03-30 21:42:49,270,130514944
2026-03-30 21:43:02,270,129970176
2026-03-30 21:43:14,270,129859584
2026-03-30 21:43:26,271,129593344
2026-03-30 21:43:38,271,129880064
2026-03-30 21:43:51,271,129941504
2026-03-30 21:44:03,271,130220032
2026-03-30 21:44:15,271,130076672
2026-03-30 21:44:27,272,130138112
2026-03-30 21:44:40,272,130048000
2026-03-30 21:44:52,272,128225280
2026-03-30 21:45:04,272,127045632
2026-03-30 21:45:17,272,126738432
2026-03-30 21:45:29,273,126660608
2026-03-30 21:45:41,273,125972480
2026-03-30 21:45:53,273,127070208
2026-03-30 21:46:06,273,126656512
2026-03-30 21:46:18,273,126935040
2026-03-30 21:46:31,274,126701568
2026-03-30 21:46:43,274,126324736
2026-03-30 21:46:55,274,126185472
2026-03-30 21:47:07,274,125874176
2026-03-30 21:47:20,274,126836736
2026-03-30 21:47:32,275,126709760
2026-03-30 21:47:44,275,126320640
2026-03-30 21:47:56,275,126210048
2026-03-30 21:48:09,275,125964288
2026-03-30 21:48:21,275,125837312
2026-03-30 21:48:33,276,126652416
2026-03-30 21:48:45,276,126357504
2026-03-30 21:48:58,276,126595072
2026-03-30 21:49:10,276,126455808
2026-03-30 21:49:23,276,126435328
2026-03-30 21:49:35,277,126935040
2026-03-30 21:49:47,277,126750720
2026-03-30 21:50:00,277,126496768
2026-03-30 21:50:12,277,126279680
2026-03-30 21:50:24,277,126447616
2026-03-30 21:50:36,278,126283776
2026-03-30 21:50:48,278,126394368
2026-03-30 21:51:01,278,126464000
2026-03-30 21:51:13,278,125816832
2026-03-30 21:51:26,279,127008768
2026-03-30 21:51:38,279,126324736
2026-03-30 21:51:50,279,126746624
2026-03-30 21:52:03,279,126480384
2026-03-30 21:52:15,279,126410752
2026-03-30 21:52:27,280,125816832
2026-03-30 21:52:39,280,126754816
2026-03-30 21:52:51,280,126742528
2026-03-30 21:53:04,280,126758912
2026-03-30 21:53:16,280,126877696
2026-03-30 21:53:29,281,127082496
2026-03-30 21:53:41,281,127115264
2026-03-30 21:53:53,281,126504960
2026-03-30 21:54:05,281,126881792
2026-03-30 21:54:18,281,127496192
2026-03-30 21:54:30,282,127303680
2026-03-30 21:54:42,282,127102976
2026-03-30 21:54:54,282,127778816
2026-03-30 21:55:06,282,127524864
2026-03-30 21:55:19,282,127193088
2026-03-30 21:55:32,283,127381504
2026-03-30 21:55:44,283,127918080
2026-03-30 21:55:56,283,127651840
2026-03-30 21:56:09,283,126939136
2026-03-30 21:56:21,283,127193088
2026-03-30 21:56:33,284,127397888
2026-03-30 21:56:45,284,127008768
2026-03-30 21:56:57,284,127930368
2026-03-30 21:57:10,284,126914560
2026-03-30 21:57:22,284,127459328
2026-03-30 21:57:34,285,127131648
2026-03-30 21:57:47,285,127381504
2026-03-30 21:57:59,285,127819776
2026-03-30 21:58:11,285,127180800
2026-03-30 21:58:24,285,127614976
2026-03-30 21:58:36,286,127401984
2026-03-30 21:58:48,286,127819776
2026-03-30 21:59:01,286,127213568
2026-03-30 21:59:13,286,127369216
2026-03-30 21:59:25,287,127430656
2026-03-30 21:59:38,287,127578112
2026-03-30 21:59:50,287,127619072
2026-03-30 22:00:02,287,127725568
2026-03-30 22:00:15,287,127553536
2026-03-30 22:00:27,288,127930368
2026-03-30 22:00:39,288,127586304
2026-03-30 22:00:52,288,127746048
2026-03-30 22:01:04,288,128090112
2026-03-30 22:01:17,288,127729664
2026-03-30 22:01:29,289,127401984
2026-03-30 22:01:41,289,127430656
2026-03-30 22:01:54,289,128106496
2026-03-30 22:02:06,289,127909888
2026-03-30 22:02:18,289,127438848
2026-03-30 22:02:31,290,127787008
2026-03-30 22:02:43,290,128192512
2026-03-30 22:02:55,290,128045056
2026-03-30 22:03:08,290,128233472
2026-03-30 22:03:20,290,127840256
2026-03-30 22:03:33,291,128090112
2026-03-30 22:03:45,291,128139264
2026-03-30 22:03:57,291,128569344
2026-03-30 22:04:10,291,127930368
2026-03-30 22:04:22,291,127971328
2026-03-30 22:04:35,292,127897600
2026-03-30 22:04:47,292,128192512
2026-03-30 22:05:00,292,127893504
2026-03-30 22:05:12,292,128217088
2026-03-30 22:05:25,293,128000000
2026-03-30 22:05:38,293,128684032
2026-03-30 22:05:50,293,128700416
2026-03-30 22:06:02,293,127877120
2026-03-30 22:06:15,293,127795200
2026-03-30 22:06:27,294,128073728
2026-03-30 22:06:39,294,128405504
2026-03-30 22:06:52,294,128270336
2026-03-30 22:07:04,294,127815680
2026-03-30 22:07:16,294,128069632
2026-03-30 22:07:29,295,128487424
2026-03-30 22:07:41,295,127942656
2026-03-30 22:07:53,295,128266240
2026-03-30 22:08:06,295,128184320
2026-03-30 22:08:18,295,127819776
2026-03-30 22:08:30,296,128544768
2026-03-30 22:08:43,296,128794624
2026-03-30 22:08:55,296,128499712
2026-03-30 22:09:07,296,128258048
2026-03-30 22:09:19,296,128589824
2026-03-30 22:09:32,297,128950272
2026-03-30 22:09:44,297,128401408
2026-03-30 22:09:56,297,128372736
2026-03-30 22:10:09,297,128282624
2026-03-30 22:10:21,297,128638976
2026-03-30 22:10:33,298,128368640
2026-03-30 22:10:46,298,128602112
2026-03-30 22:10:58,298,128126976
2026-03-30 22:11:10,298,128802816
2026-03-30 22:11:22,298,128401408
2026-03-30 22:11:35,299,128720896
2026-03-30 22:11:47,299,128499712
2026-03-30 22:11:59,299,128917504
2026-03-30 22:12:12,299,129351680
2026-03-30 22:12:24,299,129343488
2026-03-30 22:12:36,300,129024000
2026-03-30 22:12:48,300,128294912
2026-03-30 22:13:00,300,128839680
2026-03-30 22:13:13,300,128507904
2026-03-30 22:13:25,301,129150976
2026-03-30 22:13:37,301,128737280
2026-03-30 22:13:50,301,129396736
2026-03-30 22:14:02,301,128438272
2026-03-30 22:14:14,301,128851968
2026-03-30 22:14:26,302,128753664
2026-03-30 22:14:39,302,129220608
2026-03-30 22:14:51,302,128368640
2026-03-30 22:15:03,302,129069056
2026-03-30 22:15:16,302,128593920
2026-03-30 22:15:28,303,128483328
2026-03-30 22:15:41,303,129388544
2026-03-30 22:15:53,303,129064960
2026-03-30 22:16:05,303,129335296
2026-03-30 22:16:18,303,129155072
2026-03-30 22:16:30,304,129179648
2026-03-30 22:16:42,304,129183744
2026-03-30 22:16:55,304,129495040
2026-03-30 22:17:07,304,129212416
2026-03-30 22:17:19,304,129380352
2026-03-30 22:17:31,305,128978944
2026-03-30 22:17:44,305,129388544
2026-03-30 22:17:56,305,129601536
2026-03-30 22:18:08,305,129462272
2026-03-30 22:18:21,305,128950272
2026-03-30 22:18:33,306,129036288
2026-03-30 22:18:46,306,129896448
2026-03-30 22:18:58,306,129744896
2026-03-30 22:19:10,306,130113536
2026-03-30 22:19:23,306,129363968
2026-03-30 22:19:35,307,128933888
2026-03-30 22:19:48,307,129486848
2026-03-30 22:20:00,307,129212416
2026-03-30 22:20:12,307,129159168
2026-03-30 22:20:24,307,130199552
2026-03-30 22:20:37,308,129421312
2026-03-30 22:20:49,308,129191936
2026-03-30 22:21:01,308,129040384
2026-03-30 22:21:14,308,129536000
2026-03-30 22:21:26,309,129048576
2026-03-30 22:21:38,309,130170880
2026-03-30 22:21:51,309,129908736
2026-03-30 22:22:03,309,129564672
2026-03-30 22:22:15,309,129708032
2026-03-30 22:22:27,310,129925120
2026-03-30 22:22:40,310,129114112
2026-03-30 22:22:52,310,129531904
2026-03-30 22:23:04,310,130117632
2026-03-30 22:23:17,310,129523712
2026-03-30 22:23:29,311,129003520
2026-03-30 22:23:41,311,130121728
2026-03-30 22:23:53,311,129581056
2026-03-30 22:24:06,311,129769472
2026-03-30 22:24:18,311,129974272
2026-03-30 22:24:31,312,130113536
2026-03-30 22:24:43,312,130015232
2026-03-30 22:24:55,312,129699840
2026-03-30 22:25:08,312,129527808
2026-03-30 22:25:20,312,129568768
2026-03-30 22:25:32,313,129978368
2026-03-30 22:25:45,313,129748992
2026-03-30 22:25:57,313,130736128
2026-03-30 22:26:09,313,129564672
2026-03-30 22:26:22,313,130113536
2026-03-30 22:26:34,314,129830912
2026-03-30 22:26:46,314,130236416
2026-03-30 22:26:59,314,130236416
2026-03-30 22:27:11,314,129720320
2026-03-30 22:27:23,314,129875968
2026-03-30 22:27:36,315,130281472
2026-03-30 22:27:48,315,129773568
2026-03-30 22:28:00,315,129462272
2026-03-30 22:28:12,315,129687552
2026-03-30 22:28:25,316,130748416
2026-03-30 22:28:37,316,130727936
2026-03-30 22:28:50,316,130187264
2026-03-30 22:29:02,316,130367488
2026-03-30 22:29:14,316,129908736
2026-03-30 22:29:26,317,129884160
2026-03-30 22:29:38,317,130363392
2026-03-30 22:29:51,317,130482176
2026-03-30 22:30:03,317,130465792
2026-03-30 22:30:15,317,131043328
2026-03-30 22:30:28,318,130015232
2026-03-30 22:30:40,318,130695168
2026-03-30 22:30:52,318,130572288
2026-03-30 22:31:05,318,131092480
2026-03-30 22:31:17,318,130502656
2026-03-30 22:31:30,319,131215360
2026-03-30 22:31:42,319,130179072
2026-03-30 22:31:54,319,130678784
2026-03-30 22:32:06,319,130191360
2026-03-30 22:32:18,319,130416640
2026-03-30 22:32:31,320,130285568
2026-03-30 22:32:43,320,131231744
2026-03-30 22:32:56,320,130256896
2026-03-30 22:33:08,320,130977792
2026-03-30 22:33:20,320,130486272
2026-03-30 22:33:32,321,130912256
2026-03-30 22:33:45,321,130932736
2026-03-30 22:33:57,321,130498560
2026-03-30 22:34:09,321,130789376
2026-03-30 22:34:22,321,131526656
2026-03-30 22:34:34,322,131010560
2026-03-30 22:34:47,322,130801664
2026-03-30 22:34:59,322,130846720
2026-03-30 22:35:12,322,130822144
2026-03-30 22:35:24,322,130400256
2026-03-30 22:35:36,323,131354624
2026-03-30 22:35:49,323,131473408
2026-03-30 22:36:01,323,131473408
2026-03-30 22:36:13,323,131088384
2026-03-30 22:36:25,324,130932736
2026-03-30 22:36:38,324,130949120
2026-03-30 22:36:50,324,130756608
2026-03-30 22:37:02,324,131055616
2026-03-30 22:37:14,324,131301376
2026-03-30 22:37:27,325,130801664
2026-03-30 22:37:39,325,131141632
2026-03-30 22:37:52,325,131321856
2026-03-30 22:38:04,325,131334144
2026-03-30 22:38:16,325,131362816
2026-03-30 22:38:28,326,131514368
2026-03-30 22:38:41,326,130928640
2026-03-30 22:38:53,326,131715072
2026-03-30 22:39:05,326,131244032
2026-03-30 22:39:18,326,131629056
2026-03-30 22:39:30,327,130801664
2026-03-30 22:39:42,327,131661824
2026-03-30 22:39:55,327,130818048
2026-03-30 22:40:07,327,130863104
2026-03-30 22:40:19,327,131416064
2026-03-30 22:40:31,328,131174400
2026-03-30 22:40:43,328,131403776
2026-03-30 22:40:56,328,131731456
2026-03-30 22:41:08,328,131567616
2026-03-30 22:41:20,328,131420160
2026-03-30 22:41:33,329,131739648
2026-03-30 22:41:45,329,131805184
2026-03-30 22:41:57,329,131665920
2026-03-30 22:42:10,329,131305472
2026-03-30 22:42:22,329,131481600
2026-03-30 22:42:34,330,131784704
2026-03-30 22:42:47,330,131571712
2026-03-30 22:42:59,330,131588096
2026-03-30 22:43:11,330,131870720
2026-03-30 22:43:23,330,131411968
2026-03-30 22:43:36,331,131792896
2026-03-30 22:43:48,331,132186112
2026-03-30 22:44:00,331,131874816
2026-03-30 22:44:13,331,131436544
2026-03-30 22:44:25,332,131420160
2026-03-30 22:44:37,332,132030464
2026-03-30 22:44:49,332,131657728
2026-03-30 22:45:01,332,131743744
2026-03-30 22:45:13,332,131702784
2026-03-30 22:45:26,333,131956736
2026-03-30 22:45:39,333,131534848
2026-03-30 22:45:51,333,131448832
2026-03-30 22:46:03,333,131870720
2026-03-30 22:46:16,333,132034560
2026-03-30 22:46:28,334,132509696
2026-03-30 22:46:41,334,131899392
2026-03-30 22:46:53,334,131678208
2026-03-30 22:47:06,334,131915776
2026-03-30 22:47:18,334,131719168
2026-03-30 22:47:31,335,131928064
2026-03-30 22:47:43,335,132214784
2026-03-30 22:47:55,335,132206592
2026-03-30 22:48:08,335,132616192
2026-03-30 22:48:20,335,131948544
2026-03-30 22:48:32,336,132550656
2026-03-30 22:48:44,336,132431872
2026-03-30 22:48:57,336,132321280
2026-03-30 22:49:09,336,131866624
2026-03-30 22:49:22,336,132329472
2026-03-30 22:49:34,337,132403200
2026-03-30 22:49:46,337,132567040
2026-03-30 22:49:58,337,132403200
2026-03-30 22:50:11,337,132034560
2026-03-30 22:50:23,337,132820992
2026-03-30 22:50:35,338,132337664
2026-03-30 22:50:48,338,133484544
2026-03-30 22:51:00,338,132571136
2026-03-30 22:51:12,338,132313088
2026-03-30 22:51:25,339,132698112
2026-03-30 22:51:37,339,132554752
2026-03-30 22:51:49,339,132763648
2026-03-30 22:52:02,339,132767744
2026-03-30 22:52:14,339,132775936
2026-03-30 22:52:26,340,132542464
2026-03-30 22:52:38,340,132575232
2026-03-30 22:52:51,340,132521984
2026-03-30 22:53:03,340,133021696
2026-03-30 22:53:16,340,133173248
2026-03-30 22:53:28,341,132575232
2026-03-30 22:53:40,341,133246976
2026-03-30 22:53:53,341,132333568
2026-03-30 22:54:05,341,131956736
2026-03-30 22:54:17,341,132608000
2026-03-30 22:54:30,342,133079040
2026-03-30 22:54:42,342,133074944
2026-03-30 22:54:54,342,133095424
2026-03-30 22:55:07,342,133189632
2026-03-30 22:55:19,342,132775936
2026-03-30 22:55:32,343,132902912
2026-03-30 22:55:44,343,132915200
2026-03-30 22:55:57,343,132575232
2026-03-30 22:56:09,343,133242880
2026-03-30 22:56:21,343,132980736
2026-03-30 22:56:33,344,132362240
2026-03-30 22:56:46,344,132214784
2026-03-30 22:56:58,344,133132288
2026-03-30 22:57:10,344,133267456
2026-03-30 22:57:23,344,132739072
2026-03-30 22:57:35,345,133230592
2026-03-30 22:57:47,345,133005312
2026-03-30 22:58:00,345,132378624
2026-03-30 22:58:12,345,133316608
2026-03-30 22:58:25,346,132919296
2026-03-30 22:58:37,346,133140480
2026-03-30 22:58:49,346,133070848
2026-03-30 22:59:01,346,133169152
2026-03-30 22:59:14,346,133005312
2026-03-30 22:59:27,347,133156864
2026-03-30 22:59:39,347,133586944
2026-03-30 22:59:51,347,133853184
2026-03-30 23:00:04,347,133832704
2026-03-30 23:00:16,347,133079040
2026-03-30 23:00:29,348,133287936
2026-03-30 23:00:41,348,133009408
2026-03-30 23:00:53,348,133537792
2026-03-30 23:01:06,348,133410816
2026-03-30 23:01:18,348,133603328
2026-03-30 23:01:30,349,132874240
2026-03-30 23:01:43,349,133283840
2026-03-30 23:01:55,349,133795840
2026-03-30 23:02:07,349,133607424
2026-03-30 23:02:20,349,132632576
2026-03-30 23:02:32,350,133808128
2026-03-30 23:02:44,350,133558272
2026-03-30 23:02:56,350,133562368
2026-03-30 23:03:08,350,133742592
2026-03-30 23:03:21,350,133910528
2026-03-30 23:03:33,351,133992448
2026-03-30 23:03:46,351,133545984
2026-03-30 23:03:58,351,133513216
2026-03-30 23:04:10,351,133599232
2026-03-30 23:04:22,351,133500928
2026-03-30 23:04:35,352,133681152
2026-03-30 23:04:47,352,133713920
2026-03-30 23:04:59,352,134004736
2026-03-30 23:05:12,352,133840896
2026-03-30 23:05:24,352,133636096
2026-03-30 23:05:36,353,133910528
2026-03-30 23:05:49,353,133799936
2026-03-30 23:06:01,353,133971968
2026-03-30 23:06:13,353,133984256
2026-03-30 23:06:26,354,133767168
2026-03-30 23:06:38,354,133500928
2026-03-30 23:06:50,354,134504448
2026-03-30 23:07:02,354,133607424
2026-03-30 23:07:15,354,133984256
2026-03-30 23:07:27,355,134991872
2026-03-30 23:07:39,355,133382144
2026-03-30 23:07:52,355,134578176
2026-03-30 23:08:04,355,134184960
2026-03-30 23:08:16,355,134258688
2026-03-30 23:08:29,356,134164480
2026-03-30 23:08:41,356,133320704
2026-03-30 23:08:54,356,134516736
2026-03-30 23:09:06,356,134328320
2026-03-30 23:09:19,356,134455296
2026-03-30 23:09:31,357,134201344
2026-03-30 23:09:43,357,134418432
2026-03-30 23:09:56,357,134160384
2026-03-30 23:10:08,357,134254592
2026-03-30 23:10:20,357,133742592
2026-03-30 23:10:33,358,135020544
2026-03-30 23:10:45,358,135012352
2026-03-30 23:10:57,358,134856704
2026-03-30 23:11:10,358,134377472
2026-03-30 23:11:22,358,134819840
2026-03-30 23:11:34,359,134705152
2026-03-30 23:11:47,359,133906432
2026-03-30 23:11:59,359,134287360
2026-03-30 23:12:11,359,134774784
2026-03-30 23:12:24,359,134836224
2026-03-30 23:12:36,360,134328320
2026-03-30 23:12:48,360,133906432
2026-03-30 23:13:00,360,134320128
2026-03-30 23:13:13,360,134422528
2026-03-30 23:13:25,361,134316032
2026-03-30 23:13:38,361,134819840
2026-03-30 23:13:50,361,134942720
2026-03-30 23:14:02,361,135401472
2026-03-30 23:14:15,361,135122944
2026-03-30 23:14:28,362,134311936
2026-03-30 23:14:40,362,135217152
2026-03-30 23:14:52,362,134610944
2026-03-30 23:15:04,362,134737920
2026-03-30 23:15:17,362,135282688
2026-03-30 23:15:29,363,134565888
2026-03-30 23:15:42,363,135700480
2026-03-30 23:15:54,363,134500352
2026-03-30 23:16:06,363,134213632
2026-03-30 23:16:19,363,135143424
2026-03-30 23:16:31,364,134713344
2026-03-30 23:16:43,364,134758400
2026-03-30 23:16:55,364,135495680
2026-03-30 23:17:08,364,134885376
2026-03-30 23:17:20,364,134328320
2026-03-30 23:17:32,365,134791168
2026-03-30 23:17:44,365,135274496
2026-03-30 23:17:57,365,134926336
2026-03-30 23:18:09,365,135012352
2026-03-30 23:18:21,365,134471680
2026-03-30 23:18:34,366,135512064
2026-03-30 23:18:46,366,134782976
2026-03-30 23:18:58,366,134852608
2026-03-30 23:19:10,366,134889472
2026-03-30 23:19:23,366,134426624
2026-03-30 23:19:35,367,135634944
2026-03-30 23:19:47,367,135405568
2026-03-30 23:19:59,367,134701056
2026-03-30 23:20:12,367,134717440
2026-03-30 23:20:24,367,135217152
2026-03-30 23:20:37,368,134221824
2026-03-30 23:20:49,368,135073792
2026-03-30 23:21:01,368,135471104
2026-03-30 23:21:13,368,134877184
2026-03-30 23:21:26,369,135839744
2026-03-30 23:21:38,369,135417856
2026-03-30 23:21:50,369,135925760
2026-03-30 23:22:02,369,135630848
2026-03-30 23:22:15,369,135008256
2026-03-30 23:22:27,370,135557120
2026-03-30 23:22:39,370,135671808
2026-03-30 23:22:52,370,135286784
2026-03-30 23:23:04,370,135720960
2026-03-30 23:23:16,370,135606272
2026-03-30 23:23:28,371,135421952
2026-03-30 23:23:41,371,135983104
2026-03-30 23:23:53,371,136028160
2026-03-30 23:24:06,371,135651328
2026-03-30 23:24:18,371,135122944
2026-03-30 23:24:30,372,135532544
2026-03-30 23:24:42,372,135540736
2026-03-30 23:24:55,372,135688192
2026-03-30 23:25:07,372,136732672
2026-03-30 23:25:19,372,136228864
2026-03-30 23:25:32,373,135979008
2026-03-30 23:25:44,373,135917568
2026-03-30 23:25:56,373,135876608
2026-03-30 23:26:09,373,136171520
2026-03-30 23:26:21,373,135569408
2026-03-30 23:26:33,374,135901184
2026-03-30 23:26:45,374,136445952
2026-03-30 23:26:58,374,136015872
2026-03-30 23:27:10,374,136441856
2026-03-30 23:27:22,374,136048640
2026-03-30 23:27:35,375,135712768
2026-03-30 23:27:47,375,136237056
2026-03-30 23:27:59,375,136347648
2026-03-30 23:28:12,375,135757824
2026-03-30 23:28:24,375,135811072
2026-03-30 23:28:37,376,136003584
2026-03-30 23:28:49,376,136450048
2026-03-30 23:29:01,376,135917568
2026-03-30 23:29:13,376,135749632
2026-03-30 23:29:26,377,135884800
2026-03-30 23:29:39,377,136679424
2026-03-30 23:29:51,377,135688192
2026-03-30 23:30:03,377,136044544
2026-03-30 23:30:16,377,136200192
2026-03-30 23:30:28,378,136183808
2026-03-30 23:30:40,378,136278016
2026-03-30 23:30:52,378,136163328
2026-03-30 23:31:05,378,135856128
2026-03-30 23:31:17,378,136376320
2026-03-30 23:31:29,379,136523776
2026-03-30 23:31:42,379,136163328
2026-03-30 23:31:54,379,136622080
2026-03-30 23:32:06,379,136830976
2026-03-30 23:32:19,379,136343552
2026-03-30 23:32:32,380,136372224
2026-03-30 23:32:44,380,136818688
2026-03-30 23:32:57,380,137179136
2026-03-30 23:33:09,380,136605696
2026-03-30 23:33:22,380,136671232
2026-03-30 23:33:34,381,136462336
2026-03-30 23:33:46,381,136724480
2026-03-30 23:33:58,381,136421376
2026-03-30 23:34:11,381,136900608
2026-03-30 23:34:23,381,136843264
2026-03-30 23:34:35,382,136359936
2026-03-30 23:34:48,382,136675328
2026-03-30 23:35:00,382,136884224
2026-03-30 23:35:12,382,137080832
2026-03-30 23:35:24,382,136871936
2026-03-30 23:35:36,383,136835072
2026-03-30 23:35:49,383,137031680
2026-03-30 23:36:01,383,137170944
2026-03-30 23:36:14,383,136679424
2026-03-30 23:36:26,384,137195520
2026-03-30 23:36:38,384,136499200
2026-03-30 23:36:51,384,137220096
2026-03-30 23:37:03,384,136613888
2026-03-30 23:37:15,384,137248768
2026-03-30 23:37:28,385,137248768
2026-03-30 23:37:40,385,136855552
2026-03-30 23:37:52,385,137220096
2026-03-30 23:38:05,385,136572928
2026-03-30 23:38:17,385,137342976
2026-03-30 23:38:29,386,137420800
2026-03-30 23:38:41,386,137138176
2026-03-30 23:38:54,386,137736192
2026-03-30 23:39:06,386,137158656
2026-03-30 23:39:18,386,136572928
2026-03-30 23:39:31,387,137060352
2026-03-30 23:39:43,387,136503296
2026-03-30 23:39:55,387,136839168
2026-03-30 23:40:08,387,137052160
2026-03-30 23:40:20,387,136933376
2026-03-30 23:40:32,388,137326592
2026-03-30 23:40:45,388,137134080
2026-03-30 23:40:57,388,138309632
2026-03-30 23:41:09,388,137723904
2026-03-30 23:41:22,388,137482240
2026-03-30 23:41:34,389,137089024
2026-03-30 23:41:47,389,136323072
2026-03-30 23:41:59,389,137351168
2026-03-30 23:42:11,389,137678848
2026-03-30 23:42:24,389,137502720
2026-03-30 23:42:36,390,136761344
2026-03-30 23:42:49,390,137379840
2026-03-30 23:43:01,390,137838592
2026-03-30 23:43:13,390,137654272
2026-03-30 23:43:26,391,137924608
2026-03-30 23:43:38,391,137691136
2026-03-30 23:43:50,391,137424896
2026-03-30 23:44:02,391,137310208
2026-03-30 23:44:15,391,137826304
2026-03-30 23:44:27,392,137797632
2026-03-30 23:44:39,392,137117696
2026-03-30 23:44:52,392,137572352
2026-03-30 23:45:04,392,137945088
2026-03-30 23:45:16,392,138248192
2026-03-30 23:45:29,393,137629696
2026-03-30 23:45:41,393,137515008
2026-03-30 23:45:53,393,137023488
2026-03-30 23:46:06,393,138084352
2026-03-30 23:46:18,393,138031104
2026-03-30 23:46:30,394,137498624
2026-03-30 23:46:43,394,137994240
2026-03-30 23:46:55,394,137646080
2026-03-30 23:47:07,394,137801728
2026-03-30 23:47:20,394,137940992
2026-03-30 23:47:32,395,137908224
2026-03-30 23:47:44,395,137641984
2026-03-30 23:47:57,395,137543680
2026-03-30 23:48:09,395,138575872
2026-03-30 23:48:21,395,137830400
2026-03-30 23:48:34,396,137986048
2026-03-30 23:48:46,396,138022912
2026-03-30 23:48:58,396,138022912
2026-03-30 23:49:11,396,138440704
2026-03-30 23:49:23,396,138264576
2026-03-30 23:49:35,397,138539008
2026-03-30 23:49:48,397,138403840
2026-03-30 23:50:00,397,137424896
2026-03-30 23:50:12,397,138526720
2026-03-30 23:50:24,397,137920512
2026-03-30 23:50:37,398,137887744
2026-03-30 23:50:49,398,137695232
2026-03-30 23:51:01,398,137809920
2026-03-30 23:51:14,398,137949184
2026-03-30 23:51:26,399,138084352
2026-03-30 23:51:38,399,138268672
2026-03-30 23:51:51,399,138432512
2026-03-30 23:52:03,399,138649600
2026-03-30 23:52:15,399,138133504
2026-03-30 23:52:27,400,138899456
2026-03-30 23:52:39,400,138420224
2026-03-30 23:52:52,400,138362880
2026-03-30 23:53:04,400,138211328
2026-03-30 23:53:16,400,138727424
2026-03-30 23:53:28,401,139026432
2026-03-30 23:53:40,401,138874880
2026-03-30 23:53:53,401,138248192
2026-03-30 23:54:05,401,139239424
2026-03-30 23:54:17,401,138870784
2026-03-30 23:54:30,402,139157504
2026-03-30 23:54:42,402,138776576
2026-03-30 23:54:54,402,138641408
2026-03-30 23:55:07,402,138878976
2026-03-30 23:55:19,402,138326016
2026-03-30 23:55:31,403,138964992
2026-03-30 23:55:44,403,138452992
2026-03-30 23:55:56,403,138813440
2026-03-30 23:56:09,403,138371072
2026-03-30 23:56:21,403,138604544
2026-03-30 23:56:33,404,138833920
2026-03-30 23:56:46,404,138731520
2026-03-30 23:56:58,404,138518528
2026-03-30 23:57:11,404,139526144
2026-03-30 23:57:23,404,138854400
2026-03-30 23:57:35,405,138989568
2026-03-30 23:57:48,405,138817536
2026-03-30 23:58:00,405,138977280
2026-03-30 23:58:12,405,138555392
2026-03-30 23:58:24,405,138838016
2026-03-30 23:58:37,406,139411456
2026-03-30 23:58:49,406,138522624
2026-03-30 23:59:01,406,139677696
2026-03-30 23:59:13,406,138629120
2026-03-30 23:59:26,407,138768384
2026-03-30 23:59:38,407,138924032
2026-03-30 23:59:50,407,138792960
2026-03-31 00:00:03,407,138866688
2026-03-31 00:00:15,407,138805248
2026-03-31 00:00:27,408,138858496
2026-03-31 00:00:39,408,140120064
2026-03-31 00:00:51,408,139087872
2026-03-31 00:01:04,408,139165696
2026-03-31 00:01:16,408,139382784
2026-03-31 00:01:28,409,139309056
2026-03-31 00:01:41,409,139362304
2026-03-31 00:01:53,409,139374592
2026-03-31 00:02:05,409,138948608
2026-03-31 00:02:17,409,139300864
2026-03-31 00:02:30,410,139276288
2026-03-31 00:02:42,410,139366400
2026-03-31 00:02:54,410,139857920
2026-03-31 00:03:07,410,139603968
2026-03-31 00:03:19,410,139411456
2026-03-31 00:03:31,411,139841536
2026-03-31 00:03:44,411,138842112
2026-03-31 00:03:56,411,139583488
2026-03-31 00:04:08,411,139857920
2026-03-31 00:04:21,411,139141120
2026-03-31 00:04:33,412,139948032
2026-03-31 00:04:45,412,139689984
2026-03-31 00:04:58,412,139911168
2026-03-31 00:05:10,412,139706368
2026-03-31 00:05:22,412,139382784
2026-03-31 00:05:35,413,140218368
2026-03-31 00:05:47,413,139239424
2026-03-31 00:05:59,413,139157504
2026-03-31 00:06:12,413,139399168
2026-03-31 00:06:24,413,140111872
2026-03-31 00:06:36,414,139706368
2026-03-31 00:06:49,414,139300864
2026-03-31 00:07:01,414,139898880
2026-03-31 00:07:13,414,139726848
2026-03-31 00:07:25,415,139907072
2026-03-31 00:07:38,415,140173312
2026-03-31 00:07:50,415,139694080
2026-03-31 00:08:02,415,139870208
2026-03-31 00:08:14,415,140218368
2026-03-31 00:08:27,416,140103680
2026-03-31 00:08:39,416,140414976
2026-03-31 00:08:51,416,140210176
2026-03-31 00:09:03,416,139927552
2026-03-31 00:09:16,416,140656640
2026-03-31 00:09:28,417,139522048
2026-03-31 00:09:40,417,139714560
2026-03-31 00:09:53,417,140025856
2026-03-31 00:10:05,417,139931648
2026-03-31 00:10:17,417,140214272
2026-03-31 00:10:29,418,139882496
2026-03-31 00:10:42,418,140345344
2026-03-31 00:10:54,418,139640832
2026-03-31 00:11:07,418,139612160
2026-03-31 00:11:19,418,140197888
2026-03-31 00:11:32,419,140001280
2026-03-31 00:11:44,419,140386304
2026-03-31 00:11:56,419,139845632
2026-03-31 00:12:08,419,140472320
2026-03-31 00:12:21,419,140890112
2026-03-31 00:12:33,420,140783616
2026-03-31 00:12:46,420,140304384
2026-03-31 00:12:58,420,140066816
2026-03-31 00:13:11,420,139796480
2026-03-31 00:13:23,420,140591104
2026-03-31 00:13:35,421,140537856
2026-03-31 00:13:48,421,140357632
2026-03-31 00:14:00,421,140623872
2026-03-31 00:14:12,421,141103104
2026-03-31 00:14:24,421,140079104
2026-03-31 00:14:37,422,139948032
2026-03-31 00:14:49,422,140025856
2026-03-31 00:15:01,422,140980224
2026-03-31 00:15:13,422,140951552
2026-03-31 00:15:26,423,140492800
2026-03-31 00:15:38,423,140607488
2026-03-31 00:15:50,423,140722176
2026-03-31 00:16:03,423,140410880
2026-03-31 00:16:15,423,140324864
2026-03-31 00:16:28,424,140906496
2026-03-31 00:16:40,424,140546048
2026-03-31 00:16:52,424,140914688
2026-03-31 00:17:05,424,140279808
2026-03-31 00:17:17,424,141152256
2026-03-31 00:17:29,425,141099008
2026-03-31 00:17:41,425,141287424
2026-03-31 00:17:54,425,141201408
2026-03-31 00:18:06,425,140546048
2026-03-31 00:18:18,425,140828672
2026-03-31 00:18:31,426,140984320
2026-03-31 00:18:43,426,141111296
2026-03-31 00:18:55,426,140881920
2026-03-31 00:19:08,426,141262848
2026-03-31 00:19:20,426,140730368
2026-03-31 00:19:32,427,141733888
2026-03-31 00:19:44,427,140673024
2026-03-31 00:19:57,427,141307904
2026-03-31 00:20:09,427,141250560
2026-03-31 00:20:21,427,141365248
2026-03-31 00:20:34,428,141004800
2026-03-31 00:20:46,428,140500992
2026-03-31 00:20:58,428,140836864
2026-03-31 00:21:11,428,141262848
2026-03-31 00:21:23,428,140673024
2026-03-31 00:21:36,429,141422592
2026-03-31 00:21:48,429,141291520
2026-03-31 00:22:00,429,141221888
2026-03-31 00:22:13,429,141033472
2026-03-31 00:22:25,430,140972032
2026-03-31 00:22:37,430,141402112
2026-03-31 00:22:50,430,141553664
2026-03-31 00:23:02,430,141647872
2026-03-31 00:23:15,430,141234176
2026-03-31 00:23:27,431,141750272
2026-03-31 00:23:39,431,141287424
2026-03-31 00:23:51,431,141623296
2026-03-31 00:24:04,431,141348864
2026-03-31 00:24:16,431,141217792
2026-03-31 00:24:28,432,141647872
2026-03-31 00:24:41,432,141615104
2026-03-31 00:24:53,432,141697024
2026-03-31 00:25:05,432,141606912
2026-03-31 00:25:17,432,141643776
2026-03-31 00:25:30,433,142475264
2026-03-31 00:25:42,433,141410304
2026-03-31 00:25:54,433,141283328
2026-03-31 00:26:06,433,141275136
2026-03-31 00:26:19,433,141279232
2026-03-31 00:26:32,434,141361152
2026-03-31 00:26:44,434,141545472
2026-03-31 00:26:56,434,141209600
2026-03-31 00:27:09,434,141549568
2026-03-31 00:27:21,434,141463552
2026-03-31 00:27:34,435,141824000
2026-03-31 00:27:46,435,141819904
2026-03-31 00:27:58,435,141664256
2026-03-31 00:28:10,435,141811712
2026-03-31 00:28:23,435,142086144
2026-03-31 00:28:35,436,142249984
2026-03-31 00:28:47,436,141910016
2026-03-31 00:28:59,436,141631488
2026-03-31 00:29:12,436,140959744
2026-03-31 00:29:24,436,142458880
2026-03-31 00:29:37,437,142020608
2026-03-31 00:29:49,437,141639680
2026-03-31 00:30:01,437,142798848
2026-03-31 00:30:14,437,141811712
2026-03-31 00:30:26,438,142663680
2026-03-31 00:30:38,438,141721600
2026-03-31 00:30:51,438,142295040
2026-03-31 00:31:03,438,142151680
2026-03-31 00:31:15,438,141668352
2026-03-31 00:31:28,439,142614528
2026-03-31 00:31:40,439,142733312
2026-03-31 00:31:52,439,142430208
2026-03-31 00:32:05,439,142184448
2026-03-31 00:32:17,439,142491648
2026-03-31 00:32:29,440,142061568
2026-03-31 00:32:42,440,142356480
2026-03-31 00:32:54,440,142135296
2026-03-31 00:33:06,440,142340096
2026-03-31 00:33:18,440,141905920
2026-03-31 00:33:31,441,142110720
2026-03-31 00:33:43,441,143106048
2026-03-31 00:33:56,441,142622720
2026-03-31 00:34:08,441,142299136
2026-03-31 00:34:20,441,142303232
2026-03-31 00:34:33,442,142864384
2026-03-31 00:34:45,442,142974976
2026-03-31 00:34:57,442,142131200
2026-03-31 00:35:10,442,142102528
2026-03-31 00:35:22,442,142233600
2026-03-31 00:35:34,443,142569472
2026-03-31 00:35:47,443,142217216
2026-03-31 00:35:59,443,142254080
2026-03-31 00:36:11,443,142774272
2026-03-31 00:36:24,443,142512128
2026-03-31 00:36:36,444,142872576
2026-03-31 00:36:48,444,142606336
2026-03-31 00:37:01,444,142467072
2026-03-31 00:37:13,444,143007744
2026-03-31 00:37:26,445,142770176
2026-03-31 00:37:38,445,142417920
2026-03-31 00:37:50,445,142630912
2026-03-31 00:38:03,445,143183872
2026-03-31 00:38:15,445,143020032
2026-03-31 00:38:28,446,143486976
2026-03-31 00:38:40,446,142319616
2026-03-31 00:38:53,446,142684160
2026-03-31 00:39:05,446,142630912
2026-03-31 00:39:17,446,142667776
2026-03-31 00:39:30,447,142303232
2026-03-31 00:39:42,447,142573568
2026-03-31 00:39:54,447,143028224
2026-03-31 00:40:07,447,143351808
2026-03-31 00:40:19,447,143142912
2026-03-31 00:40:31,448,143368192
2026-03-31 00:40:44,448,142835712
2026-03-31 00:40:56,448,143114240
2026-03-31 00:41:08,448,143691776
2026-03-31 00:41:20,448,143237120
2026-03-31 00:41:33,449,143179776
2026-03-31 00:41:45,449,143331328
2026-03-31 00:41:57,449,142872576
2026-03-31 00:42:09,449,143458304
2026-03-31 00:42:22,449,143687680
2026-03-31 00:42:34,450,143507456
2026-03-31 00:42:47,450,143798272
2026-03-31 00:42:59,450,143708160
2026-03-31 00:43:11,450,143572992
2026-03-31 00:43:23,450,143278080
2026-03-31 00:43:36,451,144338944
2026-03-31 00:43:48,451,144027648
2026-03-31 00:44:00,451,143433728
2026-03-31 00:44:12,451,143269888
2026-03-31 00:44:24,451,143462400
2026-03-31 00:44:37,452,143802368
2026-03-31 00:44:49,452,143437824
2026-03-31 00:45:02,452,143208448
2026-03-31 00:45:14,452,143900672
2026-03-31 00:45:27,453,143437824
2026-03-31 00:45:39,453,143437824
2026-03-31 00:45:51,453,143388672
2026-03-31 00:46:04,453,143507456
2026-03-31 00:46:16,453,143310848
2026-03-31 00:46:28,454,143613952
2026-03-31 00:46:41,454,143757312
2026-03-31 00:46:53,454,143409152
2026-03-31 00:47:06,454,143405056
2026-03-31 00:47:18,454,143179776
2026-03-31 00:47:30,455,143949824
2026-03-31 00:47:42,455,144154624
2026-03-31 00:47:55,455,143843328
2026-03-31 00:48:07,455,143347712
2026-03-31 00:48:19,455,143732736
2026-03-31 00:48:32,456,143474688
2026-03-31 00:48:44,456,144007168
2026-03-31 00:48:56,456,143527936
2026-03-31 00:49:08,456,143507456
2026-03-31 00:49:21,456,143536128
2026-03-31 00:49:33,457,143982592
2026-03-31 00:49:45,457,143884288
2026-03-31 00:49:57,457,144121856
2026-03-31 00:50:09,457,143884288
2026-03-31 00:50:22,457,143339520
2026-03-31 00:50:34,458,143810560
2026-03-31 00:50:46,458,144232448
2026-03-31 00:50:59,458,144117760
2026-03-31 00:51:11,458,143376384
2026-03-31 00:51:23,458,144187392
2026-03-31 00:51:35,459,144330752
2026-03-31 00:51:48,459,143912960
2026-03-31 00:52:00,459,143687680
2026-03-31 00:52:12,459,144584704
2026-03-31 00:52:24,459,144281600
2026-03-31 00:52:37,460,143618048
2026-03-31 00:52:49,460,144109568
2026-03-31 00:53:02,460,144371712
2026-03-31 00:53:14,460,144424960
2026-03-31 00:53:26,461,145006592
2026-03-31 00:53:39,461,144441344
2026-03-31 00:53:51,461,144416768
2026-03-31 00:54:03,461,144224256
2026-03-31 00:54:15,461,144556032
2026-03-31 00:54:28,462,144039936
2026-03-31 00:54:41,462,144130048
2026-03-31 00:54:53,462,144539648
2026-03-31 00:55:05,462,144465920
2026-03-31 00:55:18,462,144670720
2026-03-31 00:55:30,463,144433152
2026-03-31 00:55:42,463,145321984
2026-03-31 00:55:55,463,144482304
2026-03-31 00:56:07,463,143687680
2026-03-31 00:56:19,463,144736256
2026-03-31 00:56:31,464,144236544
2026-03-31 00:56:44,464,144392192
2026-03-31 00:56:56,464,145076224
2026-03-31 00:57:08,464,145182720
2026-03-31 00:57:21,464,144605184
2026-03-31 00:57:33,465,145129472
2026-03-31 00:57:45,465,144388096
2026-03-31 00:57:58,465,143982592
2026-03-31 00:58:10,465,144375808
2026-03-31 00:58:22,465,144338944
2026-03-31 00:58:34,466,144908288
2026-03-31 00:58:47,466,144609280
2026-03-31 00:58:59,466,144859136
2026-03-31 00:59:11,466,145514496
2026-03-31 00:59:24,466,144211968
2026-03-31 00:59:36,467,144805888
2026-03-31 00:59:48,467,145522688
2026-03-31 01:00:01,467,144719872
2026-03-31 01:00:13,467,145088512
2026-03-31 01:00:25,468,144613376
2026-03-31 01:00:37,468,145346560
2026-03-31 01:00:50,468,144367616
2026-03-31 01:01:02,468,144457728
2026-03-31 01:01:15,468,144629760
2026-03-31 01:01:27,469,144437248
2026-03-31 01:01:39,469,145506304
2026-03-31 01:01:52,469,145334272
2026-03-31 01:02:04,469,145821696
2026-03-31 01:02:16,469,145457152
2026-03-31 01:02:28,470,144683008
2026-03-31 01:02:41,470,144805888
2026-03-31 01:02:53,470,144859136
2026-03-31 01:03:05,470,145358848
2026-03-31 01:03:18,470,145321984
2026-03-31 01:03:30,471,145522688
2026-03-31 01:03:43,471,145305600
2026-03-31 01:03:55,471,145125376
2026-03-31 01:04:08,471,145522688
2026-03-31 01:04:20,471,145510400
2026-03-31 01:04:32,472,145055744
2026-03-31 01:04:44,472,144977920
2026-03-31 01:04:57,472,145293312
2026-03-31 01:05:09,472,145293312
2026-03-31 01:05:21,472,145104896
2026-03-31 01:05:34,473,145543168
2026-03-31 01:05:46,473,145465344
2026-03-31 01:05:58,473,145534976
2026-03-31 01:06:11,473,145297408
2026-03-31 01:06:23,473,146014208
2026-03-31 01:06:36,474,145580032
2026-03-31 01:06:48,474,145424384
2026-03-31 01:07:01,474,146137088
2026-03-31 01:07:13,474,145678336
2026-03-31 01:07:25,475,145489920
2026-03-31 01:07:37,475,145461248
2026-03-31 01:07:50,475,145571840
2026-03-31 01:08:02,475,145666048
2026-03-31 01:08:15,475,145022976
2026-03-31 01:08:27,476,145440768
2026-03-31 01:08:39,476,146092032
2026-03-31 01:08:52,476,146522112
2026-03-31 01:09:04,476,146153472
2026-03-31 01:09:16,476,145723392
2026-03-31 01:09:29,477,146182144
2026-03-31 01:09:41,477,145981440
2026-03-31 01:09:53,477,145719296
2026-03-31 01:10:06,477,146264064
2026-03-31 01:10:18,477,145715200
2026-03-31 01:10:30,478,145375232
2026-03-31 01:10:43,478,146046976
2026-03-31 01:10:55,478,145858560
2026-03-31 01:11:07,478,145465344
2026-03-31 01:11:19,478,146313216
2026-03-31 01:11:32,479,146546688
2026-03-31 01:11:44,479,146477056
2026-03-31 01:11:56,479,146157568
2026-03-31 01:12:09,479,146223104
2026-03-31 01:12:21,479,146526208
2026-03-31 01:12:33,480,146145280
2026-03-31 01:12:46,480,145985536
2026-03-31 01:12:58,480,146407424
2026-03-31 01:13:10,480,145985536
2026-03-31 01:13:22,480,146935808
2026-03-31 01:13:35,481,146132992
2026-03-31 01:13:47,481,145682432
2026-03-31 01:14:00,481,145854464
2026-03-31 01:14:12,481,146075648
2026-03-31 01:14:24,481,146591744
2026-03-31 01:14:37,482,146055168
2026-03-31 01:14:49,482,146575360
2026-03-31 01:15:02,482,145674240
2026-03-31 01:15:14,482,146546688
2026-03-31 01:15:26,483,146067456
2026-03-31 01:15:39,483,146313216
2026-03-31 01:15:51,483,145870848
2026-03-31 01:16:03,483,145825792
2026-03-31 01:16:15,483,146096128
2026-03-31 01:16:28,484,146407424
2026-03-31 01:16:40,484,146178048
2026-03-31 01:16:53,484,146386944
2026-03-31 01:17:05,484,146702336
2026-03-31 01:17:17,484,146653184
2026-03-31 01:17:29,485,146669568
2026-03-31 01:17:42,485,146284544
2026-03-31 01:17:54,485,146391040
2026-03-31 01:18:06,485,146714624
2026-03-31 01:18:19,485,146886656
2026-03-31 01:18:31,486,146669568
2026-03-31 01:18:44,486,146309120
2026-03-31 01:18:56,486,146935808
2026-03-31 01:19:08,486,146976768
2026-03-31 01:19:21,486,146563072
2026-03-31 01:19:33,487,146767872
2026-03-31 01:19:46,487,146386944
2026-03-31 01:19:58,487,147394560
2026-03-31 01:20:10,487,147509248
2026-03-31 01:20:23,487,147173376
2026-03-31 01:20:35,488,147443712
2026-03-31 01:20:47,488,146685952
2026-03-31 01:21:00,488,146821120
2026-03-31 01:21:12,488,147316736
2026-03-31 01:21:25,489,147374080
2026-03-31 01:21:37,489,146612224
2026-03-31 01:21:49,489,147312640
2026-03-31 01:22:02,489,147353600
2026-03-31 01:22:14,489,147386368
2026-03-31 01:22:26,490,147791872
2026-03-31 01:22:39,490,147304448
2026-03-31 01:22:51,490,147357696
2026-03-31 01:23:03,490,147513344
2026-03-31 01:23:16,490,146350080
2026-03-31 01:23:28,491,147603456
2026-03-31 01:23:40,491,146767872
2026-03-31 01:23:52,491,146890752
2026-03-31 01:24:04,491,146886656
2026-03-31 01:24:17,491,147226624
2026-03-31 01:24:29,492,147148800
2026-03-31 01:24:41,492,147185664
2026-03-31 01:24:53,492,147587072
2026-03-31 01:25:06,492,147566592
2026-03-31 01:25:18,492,147075072
2026-03-31 01:25:30,493,147488768
2026-03-31 01:25:43,493,147255296
2026-03-31 01:25:55,493,147423232
2026-03-31 01:26:07,493,147701760
2026-03-31 01:26:20,493,146694144
2026-03-31 01:26:32,494,147382272
2026-03-31 01:26:44,494,147623936
2026-03-31 01:26:57,494,146812928
2026-03-31 01:27:09,494,148017152
2026-03-31 01:27:21,494,147914752
2026-03-31 01:27:34,495,147570688
2026-03-31 01:27:46,495,147963904
2026-03-31 01:27:58,495,147795968
2026-03-31 01:28:10,495,147693568
2026-03-31 01:28:23,495,147050496
2026-03-31 01:28:35,496,147771392
2026-03-31 01:28:47,496,148180992
2026-03-31 01:29:00,496,147353600
2026-03-31 01:29:12,496,148205568
2026-03-31 01:29:24,496,148217856
2026-03-31 01:29:36,497,147431424
2026-03-31 01:29:49,497,148115456
2026-03-31 01:30:01,497,147939328
2026-03-31 01:30:13,497,148025344
2026-03-31 01:30:25,498,148049920
2026-03-31 01:30:37,498,148013056
2026-03-31 01:30:49,498,148062208
2026-03-31 01:31:01,498,148054016
2026-03-31 01:31:13,498,147943424
2026-03-31 01:31:26,499,147492864
2026-03-31 01:31:38,499,148025344
2026-03-31 01:31:50,499,148529152
2026-03-31 01:32:02,499,148787200
2026-03-31 01:32:14,499,148152320
2026-03-31 01:32:27,500,148738048
2026-03-31 01:32:39,500,148623360
2026-03-31 01:32:51,500,147943424
2026-03-31 01:33:03,500,147873792
2026-03-31 01:33:15,500,148254720
2026-03-31 01:33:27,501,148254720
2026-03-31 01:33:39,501,148148224
2026-03-31 01:33:52,501,148611072
2026-03-31 01:34:04,501,148398080
2026-03-31 01:34:16,501,148172800
2026-03-31 01:34:28,502,148692992
2026-03-31 01:34:40,502,148226048
2026-03-31 01:34:52,502,148398080
2026-03-31 01:35:04,502,147456000
2026-03-31 01:35:16,502,148189184
2026-03-31 01:35:28,503,147853312
2026-03-31 01:35:40,503,147509248
2026-03-31 01:35:52,503,148324352
2026-03-31 01:36:04,503,148389888
2026-03-31 01:36:16,503,147259392
2026-03-31 01:36:28,504,148221952
2026-03-31 01:36:40,504,148082688
2026-03-31 01:36:53,504,147386368
2026-03-31 01:37:05,504,148070400
2026-03-31 01:37:17,504,147922944
2026-03-31 01:37:28,505,148983808
2026-03-31 01:37:40,505,147910656
2026-03-31 01:37:52,505,147820544
2026-03-31 01:38:03,505,147660800
2026-03-31 01:38:15,505,147652608
2026-03-31 01:38:27,506,147845120
2026-03-31 01:38:38,506,148008960
2026-03-31 01:38:50,506,147988480
2026-03-31 01:39:01,506,147988480
2026-03-31 01:39:13,506,147705856
2026-03-31 01:39:25,507,147288064
2026-03-31 01:39:36,507,148041728
2026-03-31 01:39:48,507,147738624
2026-03-31 01:40:00,507,147644416
2026-03-31 01:40:12,507,147820544
2026-03-31 01:40:23,507,147984384
2026-03-31 01:40:35,508,147804160
2026-03-31 01:40:46,508,147808256
2026-03-31 01:40:58,508,148434944
2026-03-31 01:41:10,508,147435520
2026-03-31 01:41:21,508,147869696
2026-03-31 01:41:33,509,148398080
2026-03-31 01:41:45,509,147705856
2026-03-31 01:41:56,509,147783680
2026-03-31 01:42:08,509,148004864
2026-03-31 01:42:19,509,148221952
2026-03-31 01:42:31,510,147689472
2026-03-31 01:42:43,510,147963904
2026-03-31 01:42:54,510,147578880
2026-03-31 01:43:06,510,147746816
2026-03-31 01:43:18,510,147677184
2026-03-31 01:43:29,511,147877888
2026-03-31 01:43:41,511,147542016
2026-03-31 01:43:53,511,147599360
2026-03-31 01:44:04,511,147783680
2026-03-31 01:44:16,511,147759104
2026-03-31 01:44:28,512,147881984
2026-03-31 01:44:39,512,147558400
2026-03-31 01:44:51,512,147378176
2026-03-31 01:45:03,512,148119552
2026-03-31 01:45:15,512,147611648
2026-03-31 01:45:26,513,148054016
2026-03-31 01:45:38,513,148049920
2026-03-31 01:45:50,513,148381696
2026-03-31 01:46:01,513,147771392
2026-03-31 01:46:13,513,148197376
2026-03-31 01:46:25,514,147881984
2026-03-31 01:46:36,514,148295680
2026-03-31 01:46:48,514,147763200
2026-03-31 01:47:00,514,147955712
2026-03-31 01:47:11,514,147832832
2026-03-31 01:47:23,514,148279296
2026-03-31 01:47:35,515,148008960
2026-03-31 01:47:46,515,147361792
2026-03-31 01:47:58,515,147824640
2026-03-31 01:48:10,515,147415040
2026-03-31 01:48:21,515,147791872
2026-03-31 01:48:33,516,148037632
2026-03-31 01:48:45,516,147922944
2026-03-31 01:48:56,516,147914752
2026-03-31 01:49:08,516,147865600
2026-03-31 01:49:20,516,147423232
2026-03-31 01:49:31,517,147681280
2026-03-31 01:49:43,517,148025344
2026-03-31 01:49:54,517,147746816
2026-03-31 01:50:06,517,147963904
2026-03-31 01:50:18,517,148127744
2026-03-31 01:50:29,518,148185088
2026-03-31 01:50:41,518,148029440
2026-03-31 01:50:53,518,147898368
2026-03-31 01:51:04,518,148385792
2026-03-31 01:51:16,518,147918848
2026-03-31 01:51:28,519,147558400
2026-03-31 01:51:40,519,147730432
2026-03-31 01:51:51,519,147394560
2026-03-31 01:52:03,519,147517440
2026-03-31 01:52:15,519,147734528
2026-03-31 01:52:26,520,147472384
2026-03-31 01:52:38,520,147660800
2026-03-31 01:52:49,520,147382272
2026-03-31 01:53:01,520,147722240
2026-03-31 01:53:13,520,147984384
2026-03-31 01:53:24,520,147836928
2026-03-31 01:53:36,521,147693568
2026-03-31 01:53:48,521,147894272
2026-03-31 01:53:59,521,147931136
2026-03-31 01:54:11,521,147992576
2026-03-31 01:54:23,521,147468288
2026-03-31 01:54:34,522,148332544
2026-03-31 01:54:46,522,147529728
2026-03-31 01:54:58,522,147906560
2026-03-31 01:55:09,522,148197376
2026-03-31 01:55:21,522,148090880
2026-03-31 01:55:33,523,148008960
2026-03-31 01:55:44,523,147623936
2026-03-31 01:55:56,523,147947520
2026-03-31 01:56:08,523,148226048
2026-03-31 01:56:20,523,147972096
2026-03-31 01:56:31,524,114937856
2026-03-31 01:56:43,524,117665792
2026-03-31 01:56:55,524,117706752
2026-03-31 01:57:06,524,117608448
2026-03-31 01:57:18,524,117776384
2026-03-31 01:57:30,525,117923840
2026-03-31 01:57:41,525,117985280
2026-03-31 01:57:53,525,115470336
2026-03-31 01:58:05,525,114970624
2026-03-31 01:58:16,525,114843648
2026-03-31 01:58:28,526,115150848
2026-03-31 01:58:40,526,115060736
2026-03-31 01:58:51,526,114970624
2026-03-31 01:59:03,526,115023872
2026-03-31 01:59:14,526,114778112
2026-03-31 01:59:26,527,114466816
2026-03-31 01:59:38,527,114638848
2026-03-31 01:59:49,527,115085312
2026-03-31 02:00:01,527,115503104
2026-03-31 02:00:13,527,115359744
2026-03-31 02:00:24,527,114999296
2026-03-31 02:00:36,528,113860608
2026-03-31 02:00:48,528,113664000
2026-03-31 02:00:59,528,113233920
2026-03-31 02:01:11,528,114343936
2026-03-31 02:01:23,528,113836032
2026-03-31 02:01:34,529,114016256
2026-03-31 02:01:46,529,113967104
2026-03-31 02:01:58,529,113426432
2026-03-31 02:02:09,529,113950720
2026-03-31 02:02:21,529,113061888
2026-03-31 02:02:32,530,113700864
2026-03-31 02:02:44,530,113483776
2026-03-31 02:02:56,530,113811456
2026-03-31 02:03:07,530,113381376
2026-03-31 02:03:19,530,113446912
2026-03-31 02:03:31,531,113504256
2026-03-31 02:03:42,531,113897472
2026-03-31 02:03:54,531,113446912
2026-03-31 02:04:05,531,113975296
2026-03-31 02:04:17,531,113086464
2026-03-31 02:04:29,532,113733632
2026-03-31 02:04:40,532,113680384
2026-03-31 02:04:52,532,113573888
2026-03-31 02:05:04,532,113463296
2026-03-31 02:05:15,532,113790976
2026-03-31 02:05:27,533,113930240
2026-03-31 02:05:39,533,114208768
2026-03-31 02:05:50,533,113881088
2026-03-31 02:06:02,533,114388992
2026-03-31 02:06:13,533,114069504
2026-03-31 02:06:25,534,113750016
2026-03-31 02:06:37,534,113745920
2026-03-31 02:06:49,534,113983488
2026-03-31 02:07:00,534,113795072
2026-03-31 02:07:12,534,113614848
2026-03-31 02:07:24,534,114249728
2026-03-31 02:07:35,535,114806784
2026-03-31 02:07:47,535,113541120
2026-03-31 02:07:59,535,113913856
2026-03-31 02:08:10,535,113934336
2026-03-31 02:08:22,535,114446336
2026-03-31 02:08:33,536,113807360
2026-03-31 02:08:45,536,113348608
2026-03-31 02:08:57,536,113799168
2026-03-31 02:09:08,536,113487872
2026-03-31 02:09:20,536,113614848
2026-03-31 02:09:31,537,113672192
2026-03-31 02:09:43,537,114302976
2026-03-31 02:09:55,537,113299456
2026-03-31 02:10:06,537,113438720
2026-03-31 02:10:18,537,113946624
2026-03-31 02:10:30,538,113504256
2026-03-31 02:10:41,538,113766400
2026-03-31 02:10:53,538,114032640
2026-03-31 02:11:04,538,113811456
2026-03-31 02:11:16,538,113582080
2026-03-31 02:11:28,539,113524736
2026-03-31 02:11:39,539,113340416
2026-03-31 02:11:51,539,113905664
2026-03-31 02:12:03,539,114413568
2026-03-31 02:12:14,539,113389568
2026-03-31 02:12:26,540,114245632
2026-03-31 02:12:38,540,114102272
2026-03-31 02:12:49,540,113852416
2026-03-31 02:13:01,540,113692672
2026-03-31 02:13:13,540,113954816
2026-03-31 02:13:25,541,113958912
2026-03-31 02:13:37,541,113868800
2026-03-31 02:13:49,541,113229824
2026-03-31 02:14:01,541,113500160
2026-03-31 02:14:13,541,113557504
2026-03-31 02:14:25,542,113885184
2026-03-31 02:14:37,542,113754112
2026-03-31 02:14:49,542,113848320
2026-03-31 02:15:01,542,114245632
2026-03-31 02:15:13,542,113733632
2026-03-31 02:15:25,543,113688576
2026-03-31 02:15:37,543,113885184
2026-03-31 02:15:49,543,113364992
2026-03-31 02:16:01,543,113729536
2026-03-31 02:16:13,543,113770496
2026-03-31 02:16:25,544,113881088
2026-03-31 02:16:37,544,113790976
2026-03-31 02:16:48,544,113709056
2026-03-31 02:17:00,544,113504256
2026-03-31 02:17:12,544,113864704
2026-03-31 02:17:24,544,113774592
2026-03-31 02:17:36,545,113442816
2026-03-31 02:17:47,545,113598464
2026-03-31 02:17:59,545,113545216
2026-03-31 02:18:11,545,113541120
2026-03-31 02:18:22,545,113434624
2026-03-31 02:18:34,546,113487872
2026-03-31 02:18:46,546,114122752
2026-03-31 02:18:58,546,113958912
2026-03-31 02:19:10,546,113688576
2026-03-31 02:19:21,546,113307648
2026-03-31 02:19:33,547,113418240
2026-03-31 02:19:45,547,114089984
2026-03-31 02:19:57,547,113717248
2026-03-31 02:20:08,547,113790976
2026-03-31 02:20:20,547,113958912
2026-03-31 02:20:32,548,113467392
2026-03-31 02:20:43,548,113311744
2026-03-31 02:20:55,548,113356800
2026-03-31 02:21:07,548,113709056
2026-03-31 02:21:19,548,113684480
2026-03-31 02:21:31,549,114053120
2026-03-31 02:21:42,549,113602560
2026-03-31 02:21:54,549,113926144
2026-03-31 02:22:06,549,113799168
2026-03-31 02:22:17,549,114585600
2026-03-31 02:22:29,550,113934336
2026-03-31 02:22:41,550,113750016
2026-03-31 02:22:53,550,113504256
2026-03-31 02:23:04,550,113803264
2026-03-31 02:23:16,550,113733632
2026-03-31 02:23:28,551,114008064
2026-03-31 02:23:39,551,114524160
2026-03-31 02:23:51,551,113975296
2026-03-31 02:24:03,551,113999872
2026-03-31 02:24:15,551,113733632
2026-03-31 02:24:27,552,113733632
2026-03-31 02:24:38,552,113602560
2026-03-31 02:24:50,552,113577984
2026-03-31 02:25:02,552,113819648
2026-03-31 02:25:14,552,114118656
2026-03-31 02:25:25,553,113164288
2026-03-31 02:25:37,553,113852416
2026-03-31 02:25:49,553,113348608
2026-03-31 02:26:00,553,113967104
2026-03-31 02:26:12,553,114135040
2026-03-31 02:26:24,553,113795072
2026-03-31 02:26:36,554,113971200
2026-03-31 02:26:48,554,113664000
2026-03-31 02:26:59,554,113991680
2026-03-31 02:27:11,554,114307072
2026-03-31 02:27:23,554,113483776
2026-03-31 02:27:35,555,113467392
2026-03-31 02:27:46,555,114073600
2026-03-31 02:27:58,555,113565696
2026-03-31 02:28:10,555,113549312
2026-03-31 02:28:21,555,113758208
2026-03-31 02:28:33,556,113647616
2026-03-31 02:28:45,556,113786880
2026-03-31 02:28:57,556,113483776
2026-03-31 02:29:08,556,113635328
2026-03-31 02:29:20,556,113135616
2026-03-31 02:29:32,557,113520640
2026-03-31 02:29:44,557,113926144
2026-03-31 02:29:55,557,113741824
2026-03-31 02:30:07,557,113754112
2026-03-31 02:30:19,557,113975296
2026-03-31 02:30:31,558,113446912
2026-03-31 02:30:42,558,113745920
2026-03-31 02:30:54,558,113995776
2026-03-31 02:31:06,558,113913856
2026-03-31 02:31:18,558,113410048
2026-03-31 02:31:29,559,113369088
2026-03-31 02:31:41,559,113700864
2026-03-31 02:31:53,559,114049024
2026-03-31 02:32:05,559,113831936
2026-03-31 02:32:16,559,113516544
2026-03-31 02:32:28,560,113676288
2026-03-31 02:32:40,560,113745920
2026-03-31 02:32:52,560,113905664
2026-03-31 02:33:03,560,113483776
2026-03-31 02:33:15,560,114270208
2026-03-31 02:33:27,561,113598464
2026-03-31 02:33:39,561,113614848
2026-03-31 02:33:50,561,113086464
2026-03-31 02:34:02,561,113446912
2026-03-31 02:34:14,561,113475584
2026-03-31 02:34:26,562,113823744
2026-03-31 02:34:37,562,113672192
2026-03-31 02:34:49,562,113778688
2026-03-31 02:35:01,562,113852416
2026-03-31 02:35:12,562,113434624
2026-03-31 02:35:24,562,114454528
2026-03-31 02:35:36,563,113172480
2026-03-31 02:35:48,563,113250304
2026-03-31 02:35:59,563,114065408
2026-03-31 02:36:11,563,113557504
2026-03-31 02:36:23,563,113528832
2026-03-31 02:36:34,564,113606656
2026-03-31 02:36:46,564,113385472
2026-03-31 02:36:58,564,113881088
2026-03-31 02:37:10,564,113790976
2026-03-31 02:37:21,564,113840128
2026-03-31 02:37:33,565,113856512
2026-03-31 02:37:45,565,113377280
2026-03-31 02:37:57,565,113754112
2026-03-31 02:38:08,565,114204672
2026-03-31 02:38:20,565,113491968
2026-03-31 02:38:32,566,113557504
2026-03-31 02:38:44,566,113651712
2026-03-31 02:38:55,566,114245632
2026-03-31 02:39:07,566,113713152
2026-03-31 02:39:19,566,113635328
2026-03-31 02:39:31,567,113393664
2026-03-31 02:39:42,567,114307072
2026-03-31 02:39:54,567,113958912
2026-03-31 02:40:06,567,113500160
2026-03-31 02:40:18,567,113979392
2026-03-31 02:40:29,568,113508352
2026-03-31 02:40:41,568,114069504
2026-03-31 02:40:53,568,113967104
2026-03-31 02:41:05,568,113643520
2026-03-31 02:41:16,568,113328128
2026-03-31 02:41:28,569,114130944
2026-03-31 02:41:40,569,113524736
2026-03-31 02:41:51,569,113631232
2026-03-31 02:42:03,569,113737728
2026-03-31 02:42:15,569,113979392
2026-03-31 02:42:27,570,113881088
2026-03-31 02:42:38,570,114278400
2026-03-31 02:42:50,570,114122752
2026-03-31 02:43:02,570,113487872
2026-03-31 02:43:14,570,114450432
2026-03-31 02:43:25,571,114262016
2026-03-31 02:43:37,571,114196480
2026-03-31 02:43:49,571,114077696
2026-03-31 02:44:01,571,113311744
2026-03-31 02:44:13,571,114176000
2026-03-31 02:44:24,571,113512448
2026-03-31 02:44:36,572,113532928
2026-03-31 02:44:48,572,113721344
2026-03-31 02:44:59,572,113471488
2026-03-31 02:45:11,572,113614848
2026-03-31 02:45:23,572,113758208
2026-03-31 02:45:35,573,114167808
2026-03-31 02:45:47,573,113668096
2026-03-31 02:45:58,573,113741824
2026-03-31 02:46:10,573,113500160
2026-03-31 02:46:22,573,113487872
2026-03-31 02:46:34,574,113831936
2026-03-31 02:46:45,574,113602560
2026-03-31 02:46:57,574,114028544
2026-03-31 02:47:09,574,113938432
2026-03-31 02:47:20,574,114155520
2026-03-31 02:47:32,575,113823744
2026-03-31 02:47:44,575,113942528
2026-03-31 02:47:56,575,113618944
2026-03-31 02:48:08,575,113860608
2026-03-31 02:48:19,575,113479680
2026-03-31 02:48:31,576,113790976
2026-03-31 02:48:43,576,113876992
2026-03-31 02:48:55,576,113831936
2026-03-31 02:49:06,576,113655808
2026-03-31 02:49:18,576,113209344
2026-03-31 02:49:30,577,113315840
2026-03-31 02:49:42,577,112713728
2026-03-31 02:49:53,577,112852992
2026-03-31 02:50:05,577,112082944
2026-03-31 02:50:17,577,112365568
2026-03-31 02:50:29,578,112766976
2026-03-31 02:50:40,578,113123328
2026-03-31 02:50:52,578,113131520
2026-03-31 02:51:04,578,112623616
2026-03-31 02:51:15,578,112906240
2026-03-31 02:51:27,579,112398336
2026-03-31 02:51:39,579,112689152
2026-03-31 02:51:51,579,112861184
2026-03-31 02:52:02,579,112553984
2026-03-31 02:52:14,579,112586752
2026-03-31 02:52:26,580,113020928
2026-03-31 02:52:37,580,112525312
2026-03-31 02:52:49,580,112766976
2026-03-31 02:53:01,580,112603136
2026-03-31 02:53:13,580,112738304
2026-03-31 02:53:24,580,112750592
2026-03-31 02:53:36,581,113156096
2026-03-31 02:53:48,581,113082368
2026-03-31 02:54:00,581,113135616
2026-03-31 02:54:11,581,112607232
2026-03-31 02:54:23,581,113098752
2026-03-31 02:54:35,582,112697344
2026-03-31 02:54:46,582,113422336
2026-03-31 02:54:58,582,113315840
2026-03-31 02:55:10,582,113242112
2026-03-31 02:55:22,582,112398336
2026-03-31 02:55:34,583,112553984
2026-03-31 02:55:45,583,113168384
2026-03-31 02:55:57,583,113217536
2026-03-31 02:56:09,583,112762880
2026-03-31 02:56:20,583,112594944
2026-03-31 02:56:32,584,112304128
2026-03-31 02:56:44,584,113164288
2026-03-31 02:56:56,584,112504832
2026-03-31 02:57:07,584,113557504
2026-03-31 02:57:19,584,113422336
2026-03-31 02:57:31,585,113000448
2026-03-31 02:57:43,585,112758784
2026-03-31 02:57:55,585,112680960
2026-03-31 02:58:06,585,112996352
2026-03-31 02:58:18,585,113377280
2026-03-31 02:58:30,586,112943104
2026-03-31 02:58:42,586,113192960
2026-03-31 02:58:54,586,112713728
2026-03-31 02:59:05,586,112709632
2026-03-31 02:59:17,586,112095232
2026-03-31 02:59:29,587,112189440
2026-03-31 02:59:41,587,112852992
2026-03-31 02:59:52,587,112668672
2026-03-31 03:00:04,587,112599040
2026-03-31 03:00:16,587,112660480
2026-03-31 03:00:27,588,112873472
2026-03-31 03:00:39,588,112631808
2026-03-31 03:00:51,588,112820224
2026-03-31 03:01:03,588,112865280
2026-03-31 03:01:14,588,112697344
2026-03-31 03:01:26,589,113164288
2026-03-31 03:01:38,589,112623616
2026-03-31 03:01:50,589,113246208
2026-03-31 03:02:01,589,113221632
2026-03-31 03:02:13,589,112717824
2026-03-31 03:02:25,590,113029120
2026-03-31 03:02:37,590,113319936
2026-03-31 03:02:48,590,113262592
2026-03-31 03:03:00,590,113000448
2026-03-31 03:03:12,590,112865280
2026-03-31 03:03:24,590,113135616
2026-03-31 03:03:35,591,112934912
2026-03-31 03:03:47,591,112693248
2026-03-31 03:03:59,591,112619520
2026-03-31 03:04:11,591,112963584
2026-03-31 03:04:22,591,112467968
2026-03-31 03:04:34,592,113131520
2026-03-31 03:04:46,592,112275456
2026-03-31 03:04:58,592,113033216
2026-03-31 03:05:10,592,112918528
2026-03-31 03:05:21,592,112812032
2026-03-31 03:05:33,593,112386048
2026-03-31 03:05:45,593,113291264
2026-03-31 03:05:56,593,112861184
2026-03-31 03:06:08,593,112873472
2026-03-31 03:06:20,593,112439296
2026-03-31 03:06:32,594,112574464
2026-03-31 03:06:43,594,112496640
2026-03-31 03:06:55,594,112746496
2026-03-31 03:07:07,594,113004544
2026-03-31 03:07:19,594,112369664
2026-03-31 03:07:30,595,112521216
2026-03-31 03:07:42,595,112783360
2026-03-31 03:07:54,595,113463296
2026-03-31 03:08:06,595,112549888
2026-03-31 03:08:17,595,112668672
2026-03-31 03:08:29,596,112988160
2026-03-31 03:08:41,596,113213440
2026-03-31 03:08:52,596,112861184
2026-03-31 03:09:04,596,113164288
2026-03-31 03:09:16,596,112615424
2026-03-31 03:09:28,597,112807936
2026-03-31 03:09:39,597,112537600
2026-03-31 03:09:51,597,112713728
2026-03-31 03:10:03,597,112627712
2026-03-31 03:10:15,597,113324032
2026-03-31 03:10:26,598,112676864
2026-03-31 03:10:38,598,113131520
2026-03-31 03:10:50,598,112726016
2026-03-31 03:11:02,598,112807936
2026-03-31 03:11:13,598,112652288
2026-03-31 03:11:25,599,112701440
2026-03-31 03:11:37,599,113512448
2026-03-31 03:11:48,599,112693248
2026-03-31 03:12:00,599,112971776
2026-03-31 03:12:12,599,112889856
2026-03-31 03:12:24,599,113311744
2026-03-31 03:12:36,600,113078272
2026-03-31 03:12:47,600,112467968
2026-03-31 03:12:59,600,112652288
2026-03-31 03:13:11,600,112717824
2026-03-31 03:13:23,600,112787456
2026-03-31 03:13:34,601,113135616
2026-03-31 03:13:46,601,112844800
2026-03-31 03:13:58,601,112537600
2026-03-31 03:14:10,601,112607232
2026-03-31 03:14:21,601,112947200
2026-03-31 03:14:33,602,112787456
2026-03-31 03:14:45,602,112734208
2026-03-31 03:14:57,602,113037312
2026-03-31 03:15:08,602,112689152
2026-03-31 03:15:20,602,112869376
2026-03-31 03:15:32,603,112242688
2026-03-31 03:15:44,603,113012736
2026-03-31 03:15:55,603,112799744
2026-03-31 03:16:07,603,112672768
2026-03-31 03:16:19,603,112447488
2026-03-31 03:16:30,604,113041408
2026-03-31 03:16:42,604,112750592
2026-03-31 03:16:54,604,112734208
2026-03-31 03:17:06,604,112738304
2026-03-31 03:17:17,604,112525312
2026-03-31 03:17:29,605,113029120
2026-03-31 03:17:41,605,112758784
2026-03-31 03:17:53,605,112705536
2026-03-31 03:18:04,605,113340416
2026-03-31 03:18:16,605,113098752
2026-03-31 03:18:28,606,112336896
2026-03-31 03:18:40,606,112271360
2026-03-31 03:18:52,606,112787456
2026-03-31 03:19:03,606,113029120
2026-03-31 03:19:15,606,113041408
2026-03-31 03:19:27,607,112709632
2026-03-31 03:19:39,607,112529408
2026-03-31 03:19:51,607,112766976
2026-03-31 03:20:02,607,112918528
2026-03-31 03:20:14,607,112644096
2026-03-31 03:20:26,608,113291264
2026-03-31 03:20:38,608,113225728
2026-03-31 03:20:49,608,112504832
2026-03-31 03:21:01,608,113344512
2026-03-31 03:21:13,608,113033216
2026-03-31 03:21:24,608,112730112
2026-03-31 03:21:36,609,113049600
2026-03-31 03:21:48,609,112504832
2026-03-31 03:22:00,609,113025024
2026-03-31 03:22:11,609,113078272
2026-03-31 03:22:23,609,112775168
2026-03-31 03:22:35,610,112508928
2026-03-31 03:22:47,610,112517120
2026-03-31 03:22:58,610,113012736
2026-03-31 03:23:10,610,112717824
2026-03-31 03:23:22,610,113041408
2026-03-31 03:23:34,611,113025024
2026-03-31 03:23:45,611,113111040
2026-03-31 03:23:57,611,112939008
2026-03-31 03:24:09,611,113082368
2026-03-31 03:24:21,611,112910336
2026-03-31 03:24:32,612,112734208
2026-03-31 03:24:44,612,112898048
2026-03-31 03:24:56,612,112693248
2026-03-31 03:25:08,612,112930816
2026-03-31 03:25:19,612,112787456
2026-03-31 03:25:31,613,112377856
2026-03-31 03:25:43,613,112717824
2026-03-31 03:25:55,613,112869376
2026-03-31 03:26:06,613,112553984
2026-03-31 03:26:18,613,113049600
2026-03-31 03:26:30,614,113242112
2026-03-31 03:26:41,614,112865280
2026-03-31 03:26:53,614,112926720
2026-03-31 03:27:05,614,112627712
2026-03-31 03:27:17,614,112713728
2026-03-31 03:27:28,615,112525312
2026-03-31 03:27:40,615,112693248
2026-03-31 03:27:52,615,112623616
2026-03-31 03:28:04,615,113049600
2026-03-31 03:28:16,615,112533504
2026-03-31 03:28:27,616,112340992
2026-03-31 03:28:39,616,113303552
2026-03-31 03:28:51,616,112607232
2026-03-31 03:29:03,616,112889856
2026-03-31 03:29:14,616,113139712
2026-03-31 03:29:26,617,112766976
2026-03-31 03:29:38,617,112480256
2026-03-31 03:29:49,617,113004544
2026-03-31 03:30:01,617,112734208
2026-03-31 03:30:13,617,112201728
2026-03-31 03:30:25,618,112787456
2026-03-31 03:30:36,618,112558080
2026-03-31 03:30:48,618,112062464
2026-03-31 03:31:00,618,113147904
2026-03-31 03:31:12,618,112492544
2026-03-31 03:31:23,618,112779264
2026-03-31 03:31:35,619,113291264
2026-03-31 03:31:47,619,112754688
2026-03-31 03:31:58,619,112640000
2026-03-31 03:32:10,619,113299456
2026-03-31 03:32:22,619,112947200
2026-03-31 03:32:34,620,112971776
2026-03-31 03:32:45,620,112754688
2026-03-31 03:32:57,620,113180672
2026-03-31 03:33:09,620,113119232
2026-03-31 03:33:21,620,112324608
2026-03-31 03:33:32,621,112619520
2026-03-31 03:33:44,621,113553408
2026-03-31 03:33:56,621,112697344
2026-03-31 03:34:08,621,113328128
2026-03-31 03:34:19,621,113000448
2026-03-31 03:34:31,622,112865280
2026-03-31 03:34:43,622,113000448
2026-03-31 03:34:54,622,112787456
2026-03-31 03:35:06,622,112656384
2026-03-31 03:35:18,622,112316416
2026-03-31 03:35:30,623,113111040
2026-03-31 03:35:41,623,112852992
2026-03-31 03:35:53,623,112947200
2026-03-31 03:36:05,623,112934912
2026-03-31 03:36:17,623,112631808
2026-03-31 03:36:28,624,112521216
2026-03-31 03:36:40,624,112439296
2026-03-31 03:36:52,624,113061888
2026-03-31 03:37:03,624,112705536
2026-03-31 03:37:15,624,113061888
2026-03-31 03:37:27,625,112648192
2026-03-31 03:37:39,625,112484352
2026-03-31 03:37:50,625,112816128
2026-03-31 03:38:02,625,112504832
2026-03-31 03:38:14,625,112721920
2026-03-31 03:38:26,626,112648192
2026-03-31 03:38:37,626,113176576
2026-03-31 03:38:49,626,112566272
2026-03-31 03:39:01,626,112889856
2026-03-31 03:39:13,626,112754688
2026-03-31 03:39:24,626,112443392
2026-03-31 03:39:36,627,112705536
2026-03-31 03:39:48,627,112742400
2026-03-31 03:40:00,627,113299456
2026-03-31 03:40:11,627,112877568
2026-03-31 03:40:23,627,113274880
2026-03-31 03:40:35,628,112095232
2026-03-31 03:40:47,628,112640000
2026-03-31 03:40:58,628,112898048
2026-03-31 03:41:10,628,112861184
2026-03-31 03:41:22,628,112701440
2026-03-31 03:41:34,629,112508928
2026-03-31 03:41:45,629,113012736
2026-03-31 03:41:57,629,112697344
2026-03-31 03:42:09,629,112857088
2026-03-31 03:42:21,629,112861184
2026-03-31 03:42:32,630,113045504
2026-03-31 03:42:44,630,112766976
2026-03-31 03:42:56,630,113426432
2026-03-31 03:43:07,630,113233920
2026-03-31 03:43:19,630,112300032
2026-03-31 03:43:31,631,112422912
2026-03-31 03:43:42,631,112783360
2026-03-31 03:43:54,631,113180672
2026-03-31 03:44:06,631,112852992
2026-03-31 03:44:18,631,112668672
2026-03-31 03:44:30,632,112660480
2026-03-31 03:44:42,632,113025024
2026-03-31 03:44:53,632,112504832
2026-03-31 03:45:05,632,112758784
2026-03-31 03:45:17,632,113025024
2026-03-31 03:45:28,633,112627712
2026-03-31 03:45:40,633,112701440
2026-03-31 03:45:52,633,113135616
2026-03-31 03:46:04,633,112918528
2026-03-31 03:46:16,633,112766976
2026-03-31 03:46:27,634,113053696
2026-03-31 03:46:39,634,112906240
2026-03-31 03:46:51,634,112508928
2026-03-31 03:47:02,634,112951296
2026-03-31 03:47:14,634,113524736
2026-03-31 03:47:26,635,113020928
2026-03-31 03:47:37,635,112963584
2026-03-31 03:47:49,635,112734208
2026-03-31 03:48:01,635,112885760
2026-03-31 03:48:13,635,112766976
2026-03-31 03:48:24,635,112979968
2026-03-31 03:48:36,636,112922624
2026-03-31 03:48:48,636,112988160
2026-03-31 03:49:00,636,113238016
2026-03-31 03:49:11,636,112816128
2026-03-31 03:49:23,636,113381376
2026-03-31 03:49:35,637,112721920
2026-03-31 03:49:47,637,113422336
2026-03-31 03:49:58,637,112799744
2026-03-31 03:50:10,637,112521216
2026-03-31 03:50:22,637,112406528
2026-03-31 03:50:34,638,113090560
2026-03-31 03:50:46,638,112787456
2026-03-31 03:50:57,638,112529408
2026-03-31 03:51:09,638,112934912
2026-03-31 03:51:21,638,112975872
2026-03-31 03:51:32,639,112885760
2026-03-31 03:51:44,639,112746496
2026-03-31 03:51:56,639,112799744
2026-03-31 03:52:07,639,113213440
2026-03-31 03:52:19,639,112766976
2026-03-31 03:52:31,640,113311744
2026-03-31 03:52:43,640,113278976
2026-03-31 03:52:55,640,112656384
2026-03-31 03:53:06,640,112844800
2026-03-31 03:53:18,640,113471488
2026-03-31 03:53:30,641,112836608
2026-03-31 03:53:41,641,112693248
2026-03-31 03:53:53,641,112783360
2026-03-31 03:54:05,641,113348608
2026-03-31 03:54:17,641,112902144
2026-03-31 03:54:28,642,112943104
2026-03-31 03:54:40,642,113246208
2026-03-31 03:54:52,642,112885760
2026-03-31 03:55:04,642,112926720
2026-03-31 03:55:15,642,112902144
2026-03-31 03:55:27,643,112177152
2026-03-31 03:55:39,643,112881664
2026-03-31 03:55:51,643,113025024
2026-03-31 03:56:02,643,113266688
2026-03-31 03:56:14,643,112484352
2026-03-31 03:56:26,644,112873472
2026-03-31 03:56:38,644,113262592
2026-03-31 03:56:49,644,113192960
2026-03-31 03:57:01,644,113217536
2026-03-31 03:57:13,644,112865280
2026-03-31 03:57:25,645,113205248
2026-03-31 03:57:36,645,113053696
2026-03-31 03:57:48,645,112717824
2026-03-31 03:58:00,645,112672768
2026-03-31 03:58:12,645,112398336
2026-03-31 03:58:23,645,112914432
2026-03-31 03:58:35,646,112709632
2026-03-31 03:58:47,646,112513024
2026-03-31 03:58:59,646,112541696
2026-03-31 03:59:11,646,112357376
2026-03-31 03:59:22,646,112902144
2026-03-31 03:59:34,647,112611328
2026-03-31 03:59:46,647,112254976
2026-03-31 03:59:58,647,112975872
2026-03-31 04:00:09,647,112488448
2026-03-31 04:00:21,647,112738304
2026-03-31 04:00:33,648,112726016
2026-03-31 04:00:44,648,112984064
2026-03-31 04:00:56,648,112578560
2026-03-31 04:01:08,648,112263168
2026-03-31 04:01:20,648,112508928
2026-03-31 04:01:31,649,112685056
2026-03-31 04:01:43,649,112488448
2026-03-31 04:01:55,649,113029120
2026-03-31 04:02:07,649,112488448
2026-03-31 04:02:18,649,112521216
2026-03-31 04:02:30,650,112476160
2026-03-31 04:02:42,650,112869376
2026-03-31 04:02:53,650,112984064
2026-03-31 04:03:05,650,112926720
2026-03-31 04:03:17,650,112615424
2026-03-31 04:03:29,651,112574464
2026-03-31 04:03:41,651,113168384
2026-03-31 04:03:52,651,112590848
2026-03-31 04:04:04,651,113467392
2026-03-31 04:04:16,651,112463872
2026-03-31 04:04:28,652,112730112
2026-03-31 04:04:39,652,113295360
2026-03-31 04:04:51,652,112799744
2026-03-31 04:05:03,652,113164288
2026-03-31 04:05:14,652,112955392
2026-03-31 04:05:26,653,112709632
2026-03-31 04:05:38,653,112582656
2026-03-31 04:05:50,653,112541696
2026-03-31 04:06:01,653,113504256
2026-03-31 04:06:13,653,112746496
2026-03-31 04:06:25,654,112676864
2026-03-31 04:06:36,654,112758784
2026-03-31 04:06:48,654,112648192
2026-03-31 04:07:00,654,112984064
2026-03-31 04:07:11,654,112955392
2026-03-31 04:07:23,654,112738304
2026-03-31 04:07:35,655,112685056
2026-03-31 04:07:47,655,112611328
2026-03-31 04:07:58,655,113209344
2026-03-31 04:08:10,655,113090560
2026-03-31 04:08:22,655,112889856
2026-03-31 04:08:33,656,112291840
2026-03-31 04:08:45,656,113520640
2026-03-31 04:08:57,656,112926720
2026-03-31 04:09:09,656,112844800
2026-03-31 04:09:20,656,113111040
2026-03-31 04:09:32,657,112570368
2026-03-31 04:09:44,657,112852992
2026-03-31 04:09:56,657,112799744
2026-03-31 04:10:07,657,113061888
2026-03-31 04:10:19,657,113348608
2026-03-31 04:10:31,658,112381952
2026-03-31 04:10:42,658,112742400
2026-03-31 04:10:54,658,113053696
2026-03-31 04:11:06,658,113115136
2026-03-31 04:11:18,658,112467968
2026-03-31 04:11:29,659,113168384
2026-03-31 04:11:41,659,113176576
2026-03-31 04:11:53,659,112259072
2026-03-31 04:12:04,659,112750592
2026-03-31 04:12:16,659,112689152
2026-03-31 04:12:28,660,112455680
2026-03-31 04:12:39,660,113430528
2026-03-31 04:12:51,660,112398336
2026-03-31 04:13:03,660,112820224
2026-03-31 04:13:14,660,112750592
2026-03-31 04:13:26,661,112709632
2026-03-31 04:13:38,661,112832512
2026-03-31 04:13:49,661,113025024
2026-03-31 04:14:01,661,112873472
2026-03-31 04:14:13,661,113012736
2026-03-31 04:14:25,662,113258496
2026-03-31 04:14:37,662,113217536
2026-03-31 04:14:48,662,112717824
2026-03-31 04:15:00,662,112816128
2026-03-31 04:15:12,662,112693248
2026-03-31 04:15:23,662,112291840
2026-03-31 04:15:35,663,112902144
2026-03-31 04:15:47,663,112734208
2026-03-31 04:15:59,663,112734208
2026-03-31 04:16:10,663,113238016
2026-03-31 04:16:22,663,112656384
2026-03-31 04:16:34,664,112406528
2026-03-31 04:16:46,664,112570368
2026-03-31 04:16:57,664,112562176
2026-03-31 04:17:09,664,112730112
2026-03-31 04:17:21,664,112709632
2026-03-31 04:17:32,665,112869376
2026-03-31 04:17:44,665,113233920
2026-03-31 04:17:56,665,112492544
2026-03-31 04:18:07,665,112582656
2026-03-31 04:18:19,665,112889856
2026-03-31 04:18:31,666,112836608
2026-03-31 04:18:43,666,112873472
2026-03-31 04:18:54,666,112775168
2026-03-31 04:19:06,666,112914432
2026-03-31 04:19:18,666,112709632
2026-03-31 04:19:29,667,112742400
2026-03-31 04:19:41,667,112836608
2026-03-31 04:19:53,667,113348608
2026-03-31 04:20:05,667,112902144
2026-03-31 04:20:16,667,112709632
2026-03-31 04:20:28,668,113487872
2026-03-31 04:20:40,668,112312320
2026-03-31 04:20:52,668,113020928
2026-03-31 04:21:03,668,113299456
2026-03-31 04:21:15,668,112295936
2026-03-31 04:21:27,669,113332224
2026-03-31 04:21:39,669,113201152
2026-03-31 04:21:50,669,112205824
2026-03-31 04:22:02,669,112934912
2026-03-31 04:22:14,669,112656384
2026-03-31 04:22:25,670,112578560
2026-03-31 04:22:37,670,111964160
2026-03-31 04:22:49,670,112648192
2026-03-31 04:23:01,670,112988160
2026-03-31 04:23:12,670,112664576
2026-03-31 04:23:24,670,112443392
2026-03-31 04:23:36,671,112971776
2026-03-31 04:23:47,671,112607232
2026-03-31 04:23:59,671,113143808
2026-03-31 04:24:11,671,113397760
2026-03-31 04:24:23,671,112766976
2026-03-31 04:24:34,672,113090560
2026-03-31 04:24:46,672,112521216
2026-03-31 04:24:58,672,112373760
2026-03-31 04:25:10,672,112451584
2026-03-31 04:25:22,672,112603136
2026-03-31 04:25:33,673,112660480
2026-03-31 04:25:45,673,112787456
2026-03-31 04:25:57,673,113217536
2026-03-31 04:26:09,673,112750592
2026-03-31 04:26:20,673,112816128
2026-03-31 04:26:32,674,112848896
2026-03-31 04:26:44,674,113082368
2026-03-31 04:26:56,674,112513024
2026-03-31 04:27:07,674,112513024
2026-03-31 04:27:19,674,112328704
2026-03-31 04:27:31,675,112648192
2026-03-31 04:27:43,675,112742400
2026-03-31 04:27:54,675,112443392
2026-03-31 04:28:06,675,112852992
2026-03-31 04:28:18,675,112455680
2026-03-31 04:28:30,676,112508928
2026-03-31 04:28:41,676,112795648
2026-03-31 04:28:53,676,112607232
2026-03-31 04:29:05,676,112758784
2026-03-31 04:29:17,676,112771072
2026-03-31 04:29:28,677,113033216
2026-03-31 04:29:40,677,113233920
2026-03-31 04:29:52,677,112730112
2026-03-31 04:30:03,677,112873472
2026-03-31 04:30:15,677,112652288
2026-03-31 04:30:27,678,113127424
2026-03-31 04:30:38,678,112644096
2026-03-31 04:30:50,678,113213440
2026-03-31 04:31:02,678,112713728
2026-03-31 04:31:14,678,113369088
2026-03-31 04:31:25,679,112672768
2026-03-31 04:31:37,679,112934912
2026-03-31 04:31:49,679,112824320
2026-03-31 04:32:01,679,112496640
2026-03-31 04:32:12,679,113004544
2026-03-31 04:32:24,679,113119232
2026-03-31 04:32:36,680,112766976
2026-03-31 04:32:48,680,112807936
2026-03-31 04:32:59,680,113041408
2026-03-31 04:33:11,680,113094656
2026-03-31 04:33:23,680,112365568
2026-03-31 04:33:34,681,112566272
2026-03-31 04:33:46,681,112873472
2026-03-31 04:33:58,681,112623616
2026-03-31 04:34:10,681,112951296
2026-03-31 04:34:21,681,112533504
2026-03-31 04:34:33,682,112955392
2026-03-31 04:34:45,682,112406528
2026-03-31 04:34:56,682,113295360
2026-03-31 04:35:08,682,113041408
2026-03-31 04:35:20,682,112697344
2026-03-31 04:35:32,683,112435200
2026-03-31 04:35:43,683,113254400
2026-03-31 04:35:55,683,112099328
2026-03-31 04:36:07,683,112951296
2026-03-31 04:36:19,683,113385472
2026-03-31 04:36:30,684,113623040
2026-03-31 04:36:42,684,113209344
2026-03-31 04:36:54,684,113119232
2026-03-31 04:37:05,684,112340992
2026-03-31 04:37:17,684,112775168
2026-03-31 04:37:29,685,112693248
2026-03-31 04:37:41,685,113025024
2026-03-31 04:37:52,685,113119232
2026-03-31 04:38:04,685,113397760
2026-03-31 04:38:16,685,113201152
2026-03-31 04:38:28,686,112840704
2026-03-31 04:38:39,686,112209920
2026-03-31 04:38:51,686,113102848
2026-03-31 04:39:03,686,112791552
2026-03-31 04:39:15,686,112893952
2026-03-31 04:39:27,687,112640000
2026-03-31 04:39:38,687,112979968
2026-03-31 04:39:50,687,112447488
2026-03-31 04:40:02,687,112275456
2026-03-31 04:40:14,687,112951296
2026-03-31 04:40:25,688,112680960
2026-03-31 04:40:37,688,112644096
2026-03-31 04:40:49,688,113266688
2026-03-31 04:41:01,688,112668672
2026-03-31 04:41:12,688,112623616
2026-03-31 04:41:24,688,112955392
2026-03-31 04:41:36,689,112484352
2026-03-31 04:41:48,689,113000448
2026-03-31 04:41:59,689,112820224
2026-03-31 04:42:11,689,113115136
2026-03-31 04:42:23,689,112607232
2026-03-31 04:42:35,690,113221632
2026-03-31 04:42:46,690,113152000
2026-03-31 04:42:58,690,113020928
2026-03-31 04:43:10,690,112803840
2026-03-31 04:43:21,690,112881664
2026-03-31 04:43:33,691,112889856
2026-03-31 04:43:45,691,112574464
2026-03-31 04:43:57,691,112820224
2026-03-31 04:44:08,691,112553984
2026-03-31 04:44:20,691,112967680
2026-03-31 04:44:32,692,112242688
2026-03-31 04:44:44,692,112807936
2026-03-31 04:44:55,692,112971776
2026-03-31 04:45:07,692,113278976
2026-03-31 04:45:19,692,112709632
2026-03-31 04:45:31,693,112619520
2026-03-31 04:45:42,693,112025600
2026-03-31 04:45:54,693,112689152
2026-03-31 04:46:06,693,113209344
2026-03-31 04:46:17,693,112660480
2026-03-31 04:46:29,694,112926720
2026-03-31 04:46:41,694,112590848
2026-03-31 04:46:53,694,113180672
2026-03-31 04:47:05,694,113094656
2026-03-31 04:47:17,694,113094656
2026-03-31 04:47:28,695,112836608
2026-03-31 04:47:40,695,112287744
2026-03-31 04:47:52,695,113020928
2026-03-31 04:48:03,695,113061888
2026-03-31 04:48:15,695,113545216
2026-03-31 04:48:27,696,112545792
2026-03-31 04:48:39,696,112648192
2026-03-31 04:48:50,696,112390144
2026-03-31 04:49:02,696,112443392
2026-03-31 04:49:14,696,112861184
2026-03-31 04:49:26,697,112816128
2026-03-31 04:49:37,697,112844800
2026-03-31 04:49:49,697,112947200
2026-03-31 04:50:01,697,112893952
2026-03-31 04:50:13,697,112406528
2026-03-31 04:50:24,697,112803840
2026-03-31 04:50:36,698,112791552
2026-03-31 04:50:48,698,112734208
2026-03-31 04:50:59,698,112898048
2026-03-31 04:51:11,698,113102848
2026-03-31 04:51:23,698,112726016
2026-03-31 04:51:34,699,113004544
2026-03-31 04:51:46,699,113012736
2026-03-31 04:51:58,699,112889856
2026-03-31 04:52:10,699,113213440
2026-03-31 04:52:22,699,112410624
2026-03-31 04:52:33,700,112746496
2026-03-31 04:52:45,700,113442816
2026-03-31 04:52:57,700,112705536
2026-03-31 04:53:08,700,112590848
2026-03-31 04:53:20,700,112402432
2026-03-31 04:53:32,701,112877568
2026-03-31 04:53:43,701,113344512
2026-03-31 04:53:55,701,112254976
2026-03-31 04:54:07,701,111972352
2026-03-31 04:54:19,701,112406528
2026-03-31 04:54:30,702,112750592
2026-03-31 04:54:42,702,112803840
2026-03-31 04:54:54,702,113197056
2026-03-31 04:55:06,702,112865280
2026-03-31 04:55:17,702,113025024
2026-03-31 04:55:29,703,113401856
2026-03-31 04:55:41,703,112832512
2026-03-31 04:55:53,703,113283072
2026-03-31 04:56:04,703,112844800
2026-03-31 04:56:16,703,112693248
2026-03-31 04:56:28,704,112533504
2026-03-31 04:56:40,704,113152000
2026-03-31 04:56:51,704,112930816
2026-03-31 04:57:03,704,112627712
2026-03-31 04:57:15,704,112705536
2026-03-31 04:57:27,705,112701440
2026-03-31 04:57:38,705,112881664
2026-03-31 04:57:50,705,112783360
2026-03-31 04:58:02,705,112951296
2026-03-31 04:58:13,705,112402432
2026-03-31 04:58:25,706,112640000
2026-03-31 04:58:37,706,112500736
2026-03-31 04:58:48,706,112533504
2026-03-31 04:59:00,706,112508928
2026-03-31 04:59:12,706,113455104
2026-03-31 04:59:24,706,112640000
2026-03-31 04:59:35,707,112578560
2026-03-31 04:59:47,707,112037888
2026-03-31 04:59:59,707,113700864
2026-03-31 05:00:11,707,112754688
2026-03-31 05:00:23,707,112848896
2026-03-31 05:00:34,708,112521216
2026-03-31 05:00:46,708,112689152
2026-03-31 05:00:58,708,112742400
2026-03-31 05:01:09,708,112570368
2026-03-31 05:01:21,708,112943104
2026-03-31 05:01:33,709,112381952
2026-03-31 05:01:45,709,112590848
2026-03-31 05:01:56,709,112984064
2026-03-31 05:02:08,709,112967680
2026-03-31 05:02:20,709,112173056
2026-03-31 05:02:31,710,112955392
2026-03-31 05:02:43,710,112214016
2026-03-31 05:02:55,710,112513024
2026-03-31 05:03:07,710,113283072
2026-03-31 05:03:18,710,112640000
2026-03-31 05:03:30,711,112955392
2026-03-31 05:03:42,711,112439296
2026-03-31 05:03:54,711,112566272
2026-03-31 05:04:05,711,113221632
2026-03-31 05:04:17,711,112402432
2026-03-31 05:04:29,712,112902144
2026-03-31 05:04:40,712,112902144
2026-03-31 05:04:52,712,112832512
2026-03-31 05:05:04,712,113311744
2026-03-31 05:05:16,712,112975872
2026-03-31 05:05:27,713,112570368
2026-03-31 05:05:39,713,113250304
2026-03-31 05:05:51,713,112828416
2026-03-31 05:06:03,713,112738304
2026-03-31 05:06:14,713,112971776
2026-03-31 05:06:26,714,112914432
2026-03-31 05:06:38,714,113029120
2026-03-31 05:06:49,714,112848896
2026-03-31 05:07:01,714,113168384
2026-03-31 05:07:13,714,113356800
2026-03-31 05:07:25,715,112615424
2026-03-31 05:07:36,715,112754688
2026-03-31 05:07:48,715,112508928
2026-03-31 05:08:00,715,112857088
2026-03-31 05:08:11,715,112844800
2026-03-31 05:08:23,715,113086464
2026-03-31 05:08:35,716,113049600
2026-03-31 05:08:46,716,112721920
2026-03-31 05:08:58,716,112521216
2026-03-31 05:09:10,716,112807936
2026-03-31 05:09:22,716,112570368
2026-03-31 05:09:33,717,112836608
2026-03-31 05:09:45,717,113127424
2026-03-31 05:09:57,717,113500160
2026-03-31 05:10:09,717,112967680
2026-03-31 05:10:21,717,113373184
2026-03-31 05:10:32,718,112844800
2026-03-31 05:10:44,718,113287168
2026-03-31 05:10:56,718,112521216
2026-03-31 05:11:08,718,112353280
2026-03-31 05:11:19,718,112959488
2026-03-31 05:11:31,719,113111040
2026-03-31 05:11:43,719,112812032
2026-03-31 05:11:55,719,112373760
2026-03-31 05:12:07,719,112504832
2026-03-31 05:12:18,719,112939008
2026-03-31 05:12:30,720,112943104
