timestamp,elapsed_min,cpu_perc,mem_usage_mb,mem_limit_mb,mem_perc,net_io,block_io
2026-03-30 17:12:25,0,1.13,108.5MB,34068.5,0.33,46.57kB / 35.06kB,0B / 0B
2026-03-30 17:12:37,0,2.05,113MB,34068.5,0.34,4.934MB / 4.963MB,0B / 0B
2026-03-30 17:12:49,0,3.81,112.8MB,34068.5,0.34,15.44MB / 15.56MB,0B / 0B
2026-03-30 17:13:01,0,5.09,113.5MB,34068.5,0.34,26.06MB / 26.27MB,0B / 0B
2026-03-30 17:13:12,0,6.13,112.8MB,34068.5,0.34,36.67MB / 36.97MB,0B / 0B
2026-03-30 17:13:24,0,7.08,112.7MB,34068.5,0.34,47.18MB / 47.57MB,0B / 0B
2026-03-30 17:13:36,1,7.82,114.3MB,34068.5,0.34,57.8MB / 58.17MB,0B / 0B
2026-03-30 17:13:48,1,8.64,113.9MB,34068.5,0.34,68.2MB / 68.77MB,0B / 0B
2026-03-30 17:13:59,1,9.28,113.5MB,34068.5,0.34,78.92MB / 79.58MB,0B / 0B
2026-03-30 17:14:11,1,9.82,114MB,34068.5,0.34,89.65MB / 90.4MB,0B / 0B
2026-03-30 17:14:24,1,10.38,113.8MB,34068.5,0.34,100.5MB / 101.3MB,0B / 0B
2026-03-30 17:14:36,2,10.75,113.9MB,34068.5,0.34,111.2MB / 112.1MB,0B / 0B
2026-03-30 17:14:48,2,11.08,113.7MB,34068.5,0.34,121.8MB / 122.8MB,0B / 0B
2026-03-30 17:15:00,2,11.34,113.1MB,34068.5,0.34,132.5MB / 133.6MB,0B / 0B
2026-03-30 17:15:12,2,11.61,114.2MB,34068.5,0.34,143.3MB / 144.5MB,0B / 0B
2026-03-30 17:15:24,2,11.84,114MB,34068.5,0.34,153.9MB / 155.2MB,0B / 0B
2026-03-30 17:15:37,3,12.03,114.3MB,34068.5,0.34,164.5MB / 165.9MB,0B / 0B
2026-03-30 17:15:49,3,12.20,113.5MB,34068.5,0.34,175.1MB / 176.6MB,0B / 0B
2026-03-30 17:16:01,3,12.41,114MB,34068.5,0.34,185.8MB / 187.4MB,0B / 0B
2026-03-30 17:16:13,3,12.54,113.7MB,34068.5,0.34,196.4MB / 198.1MB,0B / 0B
2026-03-30 17:16:25,4,12.70,113.9MB,34068.5,0.34,207.2MB / 208.9MB,0B / 0B
2026-03-30 17:16:38,4,12.82,113.8MB,34068.5,0.34,217.6MB / 219.4MB,0B / 0B
2026-03-30 17:16:50,4,12.97,113.5MB,34068.5,0.34,228.2MB / 230.1MB,0B / 0B
2026-03-30 17:17:02,4,13.07,114.1MB,34068.5,0.34,238.8MB / 240.8MB,0B / 0B
2026-03-30 17:17:14,4,13.19,114MB,34068.5,0.34,249.4MB / 251.5MB,0B / 0B
2026-03-30 17:17:26,5,13.28,113.8MB,34068.5,0.34,260MB / 262.2MB,0B / 0B
2026-03-30 17:17:38,5,13.40,114.1MB,34068.5,0.34,270.6MB / 272.9MB,0B / 0B
2026-03-30 17:17:51,5,13.52,114.3MB,34068.5,0.34,281.3MB / 283.6MB,0B / 0B
2026-03-30 17:18:03,5,13.68,114.6MB,34068.5,0.34,291.9MB / 294.3MB,0B / 0B
2026-03-30 17:18:15,5,13.79,114.4MB,34068.5,0.34,302.5MB / 304.9MB,0B / 0B
2026-03-30 17:18:28,6,13.93,115MB,34068.5,0.35,313.2MB / 315.9MB,0B / 0B
2026-03-30 17:18:40,6,14.01,114.7MB,34068.5,0.34,323.8MB / 326.6MB,0B / 0B
2026-03-30 17:18:52,6,14.12,115.1MB,34068.5,0.35,334.3MB / 337.1MB,0B / 0B
2026-03-30 17:19:04,6,14.17,114.4MB,34068.5,0.34,345.1MB / 348MB,0B / 0B
2026-03-30 17:19:16,6,14.23,114.1MB,34068.5,0.34,355.6MB / 358.6MB,0B / 0B
2026-03-30 17:19:28,7,14.27,114.8MB,34068.5,0.34,366.1MB / 369.2MB,0B / 0B
2026-03-30 17:19:41,7,14.30,114.4MB,34068.5,0.34,376.6MB / 379.8MB,0B / 0B
2026-03-30 17:19:53,7,14.37,114.7MB,34068.5,0.34,387.2MB / 390.5MB,0B / 0B
2026-03-30 17:20:05,7,14.42,115MB,34068.5,0.35,397.8MB / 401.2MB,0B / 0B
2026-03-30 17:20:17,7,14.48,114.3MB,34068.5,0.34,408.4MB / 411.9MB,0B / 0B
2026-03-30 17:20:29,8,14.59,115.3MB,34068.5,0.35,419.4MB / 422.9MB,0B / 0B
2026-03-30 17:20:42,8,14.71,115MB,34068.5,0.35,430.2MB / 433.7MB,0B / 0B
2026-03-30 17:20:54,8,14.76,114.7MB,34068.5,0.34,440.8MB / 444.6MB,0B / 0B
2026-03-30 17:21:07,8,14.79,115.3MB,34068.5,0.35,451.4MB / 455.2MB,0B / 0B
2026-03-30 17:21:19,8,14.82,114.7MB,34068.5,0.34,461.9MB / 465.9MB,0B / 0B
2026-03-30 17:21:31,9,14.84,114.4MB,34068.5,0.34,472.7MB / 476.7MB,0B / 0B
2026-03-30 17:21:43,9,14.88,114.6MB,34068.5,0.34,483.4MB / 487.5MB,0B / 0B
2026-03-30 17:21:55,9,14.90,114.9MB,34068.5,0.35,494MB / 498.2MB,0B / 0B
2026-03-30 17:22:07,9,14.93,115.5MB,34068.5,0.35,504.4MB / 508.7MB,0B / 0B
2026-03-30 17:22:19,9,14.95,116.2MB,34068.5,0.35,515.1MB / 519.5MB,0B / 0B
2026-03-30 17:22:32,10,14.99,91.15MB,34068.5,0.27,525.8MB / 530.3MB,0B / 0B
2026-03-30 17:22:44,10,15.02,91.01MB,34068.5,0.27,536.7MB / 541.2MB,0B / 0B
2026-03-30 17:22:56,10,15.05,91.25MB,34068.5,0.27,547.3MB / 551.9MB,0B / 0B
2026-03-30 17:23:08,10,15.07,91.16MB,34068.5,0.27,558.1MB / 562.9MB,0B / 0B
2026-03-30 17:23:21,10,15.10,90.84MB,34068.5,0.27,568.8MB / 573.7MB,0B / 0B
2026-03-30 17:23:33,11,15.12,91.35MB,34068.5,0.27,579.7MB / 584.6MB,0B / 0B
2026-03-30 17:23:45,11,15.14,91.29MB,34068.5,0.27,590.4MB / 595.4MB,0B / 0B
2026-03-30 17:23:58,11,15.17,91.28MB,34068.5,0.27,601MB / 606.1MB,0B / 0B
2026-03-30 17:24:10,11,15.19,91.33MB,34068.5,0.27,611.6MB / 616.8MB,0B / 0B
2026-03-30 17:24:22,11,15.21,92MB,34068.5,0.28,622.1MB / 627.4MB,0B / 0B
2026-03-30 17:24:34,12,15.21,91.87MB,34068.5,0.28,632.7MB / 638.1MB,0B / 0B
2026-03-30 17:24:46,12,15.23,91.72MB,34068.5,0.28,643.4MB / 648.8MB,0B / 0B
2026-03-30 17:24:58,12,15.24,91.44MB,34068.5,0.27,654MB / 659.5MB,0B / 0B
2026-03-30 17:25:10,12,15.27,91.2MB,34068.5,0.27,664.5MB / 670.1MB,0B / 0B
2026-03-30 17:25:22,12,15.29,91.68MB,34068.5,0.28,675.2MB / 680.9MB,0B / 0B
2026-03-30 17:25:35,13,15.31,91.39MB,34068.5,0.27,685.8MB / 691.6MB,0B / 0B
2026-03-30 17:25:47,13,15.32,92.18MB,34068.5,0.28,696.3MB / 702.2MB,0B / 0B
2026-03-30 17:25:59,13,15.33,91.8MB,34068.5,0.28,706.9MB / 713MB,0B / 0B
2026-03-30 17:26:11,13,15.35,92.56MB,34068.5,0.28,717.7MB / 723.7MB,0B / 0B
2026-03-30 17:26:23,13,15.36,92.54MB,34068.5,0.28,728.3MB / 734.5MB,0B / 0B
2026-03-30 17:26:35,14,15.37,91.34MB,34068.5,0.27,738.9MB / 745.2MB,0B / 0B
2026-03-30 17:26:47,14,15.38,91.64MB,34068.5,0.28,749.7MB / 756MB,0B / 0B
2026-03-30 17:26:59,14,15.40,91.86MB,34068.5,0.28,760.2MB / 766.7MB,0B / 0B
2026-03-30 17:27:12,14,15.42,91.3MB,34068.5,0.27,770.7MB / 777.3MB,0B / 0B
2026-03-30 17:27:24,14,15.42,91.44MB,34068.5,0.27,781.4MB / 788MB,0B / 0B
2026-03-30 17:27:36,15,15.44,92.28MB,34068.5,0.28,792.2MB / 798.8MB,0B / 0B
2026-03-30 17:27:48,15,15.44,91.57MB,34068.5,0.28,802.9MB / 809.7MB,0B / 0B
2026-03-30 17:28:00,15,15.46,92.01MB,34068.5,0.28,813.5MB / 820.4MB,0B / 0B
2026-03-30 17:28:13,15,15.47,91.93MB,34068.5,0.28,823.9MB / 830.9MB,0B / 0B
2026-03-30 17:28:25,16,15.49,91.74MB,34068.5,0.28,834.4MB / 841.5MB,0B / 0B
2026-03-30 17:28:37,16,15.50,92.39MB,34068.5,0.28,845.1MB / 852.2MB,0B / 0B
2026-03-30 17:28:49,16,15.50,91.9MB,34068.5,0.28,855.6MB / 862.8MB,0B / 0B
2026-03-30 17:29:01,16,15.51,92.02MB,34068.5,0.28,866.3MB / 873.6MB,0B / 0B
2026-03-30 17:29:13,16,15.52,91.99MB,34068.5,0.28,876.9MB / 884.4MB,0B / 0B
2026-03-30 17:29:25,17,15.53,92.67MB,34068.5,0.28,887.4MB / 895MB,0B / 0B
2026-03-30 17:29:37,17,15.53,92.63MB,34068.5,0.28,898MB / 905.7MB,0B / 0B
2026-03-30 17:29:49,17,15.55,92.39MB,34068.5,0.28,908.6MB / 916.4MB,0B / 0B
2026-03-30 17:30:01,17,15.55,92.1MB,34068.5,0.28,919.3MB / 927.1MB,0B / 0B
2026-03-30 17:30:14,17,15.56,92.13MB,34068.5,0.28,929.8MB / 937.7MB,0B / 0B
2026-03-30 17:30:26,18,15.56,91.67MB,34068.5,0.28,940.4MB / 948.4MB,0B / 0B
2026-03-30 17:30:38,18,15.57,91.86MB,34068.5,0.28,950.9MB / 959MB,0B / 0B
2026-03-30 17:30:50,18,15.58,93.01MB,34068.5,0.28,961.6MB / 969.8MB,0B / 0B
2026-03-30 17:31:02,18,15.59,91.62MB,34068.5,0.28,972.2MB / 980.5MB,0B / 0B
2026-03-30 17:31:14,18,15.61,91.97MB,34068.5,0.28,982.7MB / 991.1MB,0B / 0B
2026-03-30 17:31:26,19,15.62,91.99MB,34068.5,0.28,993.3MB / 1.002GB,0B / 0B
2026-03-30 17:31:38,19,15.62,92.37MB,34068.5,0.28,1.004GB / 1.012GB,0B / 0B
2026-03-30 17:31:50,19,15.62,92.65MB,34068.5,0.28,1.014GB / 1.023GB,0B / 0B
2026-03-30 17:32:03,19,15.62,92.57MB,34068.5,0.28,1.025GB / 1.034GB,0B / 0B
2026-03-30 17:32:15,19,15.63,92.75MB,34068.5,0.28,1.036GB / 1.045GB,0B / 0B
2026-03-30 17:32:27,20,15.63,92.82MB,34068.5,0.28,1.047GB / 1.055GB,0B / 0B
2026-03-30 17:32:39,20,15.64,92.05MB,34068.5,0.28,1.057GB / 1.066GB,0B / 0B
2026-03-30 17:32:51,20,15.64,92.65MB,34068.5,0.28,1.068GB / 1.077GB,0B / 0B
2026-03-30 17:33:03,20,15.64,92.11MB,34068.5,0.28,1.078GB / 1.088GB,0B / 0B
2026-03-30 17:33:16,20,15.65,92.53MB,34068.5,0.28,1.089GB / 1.098GB,0B / 0B
2026-03-30 17:33:28,21,15.65,92.28MB,34068.5,0.28,1.1GB / 1.109GB,0B / 0B
2026-03-30 17:33:40,21,15.66,91.64MB,34068.5,0.28,1.11GB / 1.12GB,0B / 0B
2026-03-30 17:33:52,21,15.66,92.64MB,34068.5,0.28,1.121GB / 1.131GB,0B / 0B
2026-03-30 17:34:04,21,15.67,92.25MB,34068.5,0.28,1.132GB / 1.141GB,0B / 0B
2026-03-30 17:34:16,21,15.67,92.77MB,34068.5,0.28,1.142GB / 1.152GB,0B / 0B
2026-03-30 17:34:29,22,15.67,92.35MB,34068.5,0.28,1.153GB / 1.163GB,0B / 0B
2026-03-30 17:34:41,22,15.69,92.44MB,34068.5,0.28,1.164GB / 1.173GB,0B / 0B
2026-03-30 17:34:53,22,15.69,92MB,34068.5,0.28,1.174GB / 1.184GB,0B / 0B
2026-03-30 17:35:05,22,15.69,92.16MB,34068.5,0.28,1.185GB / 1.195GB,0B / 0B
2026-03-30 17:35:17,22,15.70,93.35MB,34068.5,0.28,1.195GB / 1.205GB,0B / 0B
2026-03-30 17:35:29,23,15.71,92.76MB,34068.5,0.28,1.206GB / 1.216GB,0B / 0B
2026-03-30 17:35:41,23,15.72,92.93MB,34068.5,0.28,1.216GB / 1.227GB,0B / 0B
2026-03-30 17:35:54,23,15.73,92.11MB,34068.5,0.28,1.227GB / 1.237GB,0B / 0B
2026-03-30 17:36:06,23,15.73,92.77MB,34068.5,0.28,1.238GB / 1.248GB,0B / 0B
2026-03-30 17:36:18,23,15.74,93.25MB,34068.5,0.28,1.248GB / 1.259GB,0B / 0B
2026-03-30 17:36:30,24,15.74,93.3MB,34068.5,0.28,1.259GB / 1.27GB,0B / 0B
2026-03-30 17:36:42,24,15.74,92.09MB,34068.5,0.28,1.27GB / 1.28GB,0B / 0B
2026-03-30 17:36:54,24,15.75,92.23MB,34068.5,0.28,1.28GB / 1.291GB,0B / 0B
2026-03-30 17:37:06,24,15.74,92.8MB,34068.5,0.28,1.291GB / 1.302GB,0B / 0B
2026-03-30 17:37:18,24,15.75,93.19MB,34068.5,0.28,1.302GB / 1.313GB,0B / 0B
2026-03-30 17:37:30,25,15.75,93.13MB,34068.5,0.28,1.312GB / 1.323GB,0B / 0B
2026-03-30 17:37:42,25,15.75,92.35MB,34068.5,0.28,1.323GB / 1.334GB,0B / 0B
2026-03-30 17:37:55,25,15.76,92.65MB,34068.5,0.28,1.333GB / 1.345GB,0B / 0B
2026-03-30 17:38:07,25,15.76,93.23MB,34068.5,0.28,1.344GB / 1.356GB,0B / 0B
2026-03-30 17:38:19,25,15.76,93.08MB,34068.5,0.28,1.355GB / 1.366GB,0B / 0B
2026-03-30 17:38:31,26,15.77,92.71MB,34068.5,0.28,1.365GB / 1.377GB,0B / 0B
2026-03-30 17:38:43,26,15.78,93.4MB,34068.5,0.28,1.376GB / 1.388GB,0B / 0B
2026-03-30 17:38:56,26,15.79,92.83MB,34068.5,0.28,1.387GB / 1.398GB,0B / 0B
2026-03-30 17:39:07,26,15.79,93.07MB,34068.5,0.28,1.397GB / 1.409GB,0B / 0B
2026-03-30 17:39:20,26,15.80,92.5MB,34068.5,0.28,1.408GB / 1.42GB,0B / 0B
2026-03-30 17:39:32,27,15.81,92.71MB,34068.5,0.28,1.419GB / 1.431GB,0B / 0B
2026-03-30 17:39:44,27,15.82,93.06MB,34068.5,0.28,1.429GB / 1.441GB,0B / 0B
2026-03-30 17:39:57,27,15.83,92.97MB,34068.5,0.28,1.44GB / 1.452GB,0B / 0B
2026-03-30 17:40:09,27,15.84,92.65MB,34068.5,0.28,1.45GB / 1.463GB,0B / 0B
2026-03-30 17:40:21,27,15.84,92.72MB,34068.5,0.28,1.461GB / 1.474GB,0B / 0B
2026-03-30 17:40:33,28,15.84,93.78MB,34068.5,0.28,1.472GB / 1.484GB,0B / 0B
2026-03-30 17:40:45,28,15.85,92.6MB,34068.5,0.28,1.483GB / 1.495GB,0B / 0B
2026-03-30 17:40:57,28,15.85,92.93MB,34068.5,0.28,1.493GB / 1.506GB,0B / 0B
2026-03-30 17:41:09,28,15.86,93.53MB,34068.5,0.28,1.504GB / 1.517GB,0B / 0B
2026-03-30 17:41:22,28,15.87,93.07MB,34068.5,0.28,1.515GB / 1.527GB,0B / 0B
2026-03-30 17:41:34,29,15.87,93.76MB,34068.5,0.28,1.525GB / 1.538GB,0B / 0B
2026-03-30 17:41:46,29,15.87,93.12MB,34068.5,0.28,1.536GB / 1.549GB,0B / 0B
2026-03-30 17:41:58,29,15.88,93.7MB,34068.5,0.28,1.547GB / 1.56GB,0B / 0B
2026-03-30 17:42:10,29,15.88,93.26MB,34068.5,0.28,1.557GB / 1.57GB,0B / 0B
2026-03-30 17:42:23,29,15.89,93.34MB,34068.5,0.28,1.568GB / 1.581GB,0B / 0B
2026-03-30 17:42:35,30,15.86,93.02MB,34068.5,0.28,1.575GB / 1.588GB,0B / 0B
2026-03-30 17:42:47,30,15.81,93.81MB,34068.5,0.28,1.58GB / 1.594GB,0B / 0B
2026-03-30 17:42:59,30,15.81,93.03MB,34068.5,0.28,1.591GB / 1.605GB,0B / 0B
2026-03-30 17:43:11,30,15.82,92.79MB,34068.5,0.28,1.602GB / 1.615GB,0B / 0B
2026-03-30 17:43:24,30,15.82,92.99MB,34068.5,0.28,1.612GB / 1.626GB,0B / 0B
2026-03-30 17:43:36,31,15.83,93.84MB,34068.5,0.28,1.623GB / 1.637GB,0B / 0B
2026-03-30 17:43:48,31,15.83,93.59MB,34068.5,0.28,1.634GB / 1.648GB,0B / 0B
2026-03-30 17:44:00,31,15.83,93.37MB,34068.5,0.28,1.644GB / 1.658GB,0B / 0B
2026-03-30 17:44:12,31,15.83,93.18MB,34068.5,0.28,1.655GB / 1.669GB,0B / 0B
2026-03-30 17:44:24,31,15.84,93.26MB,34068.5,0.28,1.666GB / 1.68GB,0B / 0B
2026-03-30 17:44:37,32,15.84,93.46MB,34068.5,0.28,1.676GB / 1.69GB,0B / 0B
2026-03-30 17:44:49,32,15.84,93.94MB,34068.5,0.28,1.687GB / 1.701GB,0B / 0B
2026-03-30 17:45:01,32,15.84,92.74MB,34068.5,0.28,1.697GB / 1.712GB,0B / 0B
2026-03-30 17:45:13,32,15.85,93.74MB,34068.5,0.28,1.708GB / 1.723GB,0B / 0B
2026-03-30 17:45:25,33,15.85,93.76MB,34068.5,0.28,1.719GB / 1.733GB,0B / 0B
2026-03-30 17:45:37,33,15.86,93.75MB,34068.5,0.28,1.729GB / 1.744GB,0B / 0B
2026-03-30 17:45:49,33,15.87,93.7MB,34068.5,0.28,1.74GB / 1.755GB,0B / 0B
2026-03-30 17:46:02,33,15.87,93.17MB,34068.5,0.28,1.751GB / 1.766GB,0B / 0B
2026-03-30 17:46:14,33,15.87,93.55MB,34068.5,0.28,1.761GB / 1.776GB,0B / 0B
2026-03-30 17:46:26,34,15.87,93.52MB,34068.5,0.28,1.772GB / 1.787GB,0B / 0B
2026-03-30 17:46:38,34,15.88,93.12MB,34068.5,0.28,1.783GB / 1.798GB,0B / 0B
2026-03-30 17:46:50,34,15.88,93.51MB,34068.5,0.28,1.793GB / 1.808GB,0B / 0B
2026-03-30 17:47:02,34,15.88,93.7MB,34068.5,0.28,1.804GB / 1.819GB,0B / 0B
2026-03-30 17:47:14,34,15.89,94.26MB,34068.5,0.28,1.814GB / 1.83GB,0B / 0B
2026-03-30 17:47:27,35,15.89,93.82MB,34068.5,0.28,1.825GB / 1.841GB,0B / 0B
2026-03-30 17:47:39,35,15.89,93.26MB,34068.5,0.28,1.836GB / 1.851GB,0B / 0B
2026-03-30 17:47:51,35,15.89,93.45MB,34068.5,0.28,1.846GB / 1.862GB,0B / 0B
2026-03-30 17:48:03,35,15.89,93.56MB,34068.5,0.28,1.857GB / 1.873GB,0B / 0B
2026-03-30 17:48:15,35,15.89,93.61MB,34068.5,0.28,1.867GB / 1.883GB,0B / 0B
2026-03-30 17:48:27,36,15.90,94.52MB,34068.5,0.28,1.878GB / 1.894GB,0B / 0B
2026-03-30 17:48:39,36,15.90,94.3MB,34068.5,0.28,1.889GB / 1.905GB,0B / 0B
2026-03-30 17:48:51,36,15.91,94.33MB,34068.5,0.28,1.899GB / 1.915GB,0B / 0B
2026-03-30 17:49:03,36,15.91,94.47MB,34068.5,0.28,1.91GB / 1.926GB,0B / 0B
2026-03-30 17:49:15,36,15.91,94.43MB,34068.5,0.28,1.921GB / 1.937GB,0B / 0B
2026-03-30 17:49:27,37,15.91,94.41MB,34068.5,0.28,1.931GB / 1.947GB,0B / 0B
2026-03-30 17:49:39,37,15.92,93.21MB,34068.5,0.28,1.942GB / 1.958GB,0B / 0B
2026-03-30 17:49:52,37,15.92,94.57MB,34068.5,0.28,1.952GB / 1.969GB,0B / 0B
2026-03-30 17:50:04,37,15.92,93.99MB,34068.5,0.28,1.963GB / 1.979GB,0B / 0B
2026-03-30 17:50:16,37,15.92,93.63MB,34068.5,0.28,1.973GB / 1.99GB,0B / 0B
2026-03-30 17:50:28,38,15.93,93.76MB,34068.5,0.28,1.984GB / 2.001GB,0B / 0B
2026-03-30 17:50:40,38,15.92,93.82MB,34068.5,0.28,1.994GB / 2.011GB,0B / 0B
2026-03-30 17:50:52,38,15.93,93.88MB,34068.5,0.28,2.005GB / 2.022GB,0B / 0B
2026-03-30 17:51:04,38,15.93,93.76MB,34068.5,0.28,2.016GB / 2.033GB,0B / 0B
2026-03-30 17:51:16,38,15.93,93.85MB,34068.5,0.28,2.026GB / 2.043GB,0B / 0B
2026-03-30 17:51:28,39,15.93,94.57MB,34068.5,0.28,2.037GB / 2.054GB,0B / 0B
2026-03-30 17:51:40,39,15.94,94.21MB,34068.5,0.28,2.047GB / 2.065GB,0B / 0B
2026-03-30 17:51:52,39,15.94,94.28MB,34068.5,0.28,2.058GB / 2.075GB,0B / 0B
2026-03-30 17:52:05,39,15.94,94.47MB,34068.5,0.28,2.069GB / 2.086GB,0B / 0B
2026-03-30 17:52:17,39,15.95,94.05MB,34068.5,0.28,2.079GB / 2.097GB,0B / 0B
2026-03-30 17:52:29,40,15.95,94.22MB,34068.5,0.28,2.09GB / 2.108GB,0B / 0B
2026-03-30 17:52:41,40,15.96,94.6MB,34068.5,0.28,2.101GB / 2.118GB,0B / 0B
2026-03-30 17:52:53,40,15.96,95.07MB,34068.5,0.29,2.111GB / 2.129GB,0B / 0B
2026-03-30 17:53:06,40,15.96,94.4MB,34068.5,0.28,2.122GB / 2.14GB,0B / 0B
2026-03-30 17:53:18,40,15.96,94.62MB,34068.5,0.28,2.133GB / 2.151GB,0B / 0B
2026-03-30 17:53:30,41,15.96,93.95MB,34068.5,0.28,2.143GB / 2.162GB,0B / 0B
2026-03-30 17:53:42,41,15.96,94.77MB,34068.5,0.28,2.154GB / 2.172GB,0B / 0B
2026-03-30 17:53:54,41,15.97,94.57MB,34068.5,0.28,2.165GB / 2.183GB,0B / 0B
2026-03-30 17:54:07,41,15.97,95.37MB,34068.5,0.29,2.175GB / 2.194GB,0B / 0B
2026-03-30 17:54:19,41,15.97,94.55MB,34068.5,0.28,2.186GB / 2.205GB,0B / 0B
2026-03-30 17:54:31,42,15.98,94.94MB,34068.5,0.29,2.197GB / 2.215GB,0B / 0B
2026-03-30 17:54:43,42,15.98,94.08MB,34068.5,0.28,2.207GB / 2.226GB,0B / 0B
2026-03-30 17:54:55,42,15.98,95.42MB,34068.5,0.29,2.218GB / 2.237GB,0B / 0B
2026-03-30 17:55:07,42,15.98,94.52MB,34068.5,0.28,2.228GB / 2.247GB,0B / 0B
2026-03-30 17:55:19,42,15.99,95.01MB,34068.5,0.29,2.239GB / 2.258GB,0B / 0B
2026-03-30 17:55:32,43,15.99,95.01MB,34068.5,0.29,2.25GB / 2.269GB,0B / 0B
2026-03-30 17:55:44,43,16.00,94.22MB,34068.5,0.28,2.26GB / 2.279GB,0B / 0B
2026-03-30 17:55:56,43,16.00,94.03MB,34068.5,0.28,2.271GB / 2.29GB,0B / 0B
2026-03-30 17:56:08,43,16.00,94.61MB,34068.5,0.28,2.281GB / 2.301GB,0B / 0B
2026-03-30 17:56:20,43,16.01,94.35MB,34068.5,0.28,2.292GB / 2.311GB,0B / 0B
2026-03-30 17:56:32,44,16.01,94.57MB,34068.5,0.28,2.302GB / 2.322GB,0B / 0B
2026-03-30 17:56:44,44,16.01,94.48MB,34068.5,0.28,2.313GB / 2.333GB,0B / 0B
2026-03-30 17:56:56,44,16.01,95.72MB,34068.5,0.29,2.324GB / 2.343GB,0B / 0B
2026-03-30 17:57:08,44,16.02,94.81MB,34068.5,0.28,2.334GB / 2.354GB,0B / 0B
2026-03-30 17:57:20,44,16.01,95.05MB,34068.5,0.29,2.345GB / 2.365GB,0B / 0B
2026-03-30 17:57:33,45,16.02,94.14MB,34068.5,0.28,2.356GB / 2.376GB,0B / 0B
2026-03-30 17:57:45,45,16.02,95.37MB,34068.5,0.29,2.366GB / 2.386GB,0B / 0B
2026-03-30 17:57:57,45,16.02,94.63MB,34068.5,0.28,2.377GB / 2.397GB,0B / 0B
2026-03-30 17:58:09,45,16.02,94.57MB,34068.5,0.28,2.387GB / 2.408GB,0B / 0B
2026-03-30 17:58:21,45,16.02,95.22MB,34068.5,0.29,2.398GB / 2.419GB,0B / 0B
2026-03-30 17:58:33,46,16.02,94.61MB,34068.5,0.28,2.409GB / 2.429GB,0B / 0B
2026-03-30 17:58:45,46,16.03,94.26MB,34068.5,0.28,2.419GB / 2.44GB,0B / 0B
2026-03-30 17:58:58,46,16.03,94.94MB,34068.5,0.29,2.43GB / 2.451GB,0B / 0B
2026-03-30 17:59:10,46,16.03,95.5MB,34068.5,0.29,2.441GB / 2.462GB,0B / 0B
2026-03-30 17:59:22,46,16.03,94.58MB,34068.5,0.28,2.451GB / 2.472GB,0B / 0B
2026-03-30 17:59:34,47,16.03,95.49MB,34068.5,0.29,2.462GB / 2.483GB,0B / 0B
2026-03-30 17:59:46,47,16.04,95.14MB,34068.5,0.29,2.473GB / 2.494GB,0B / 0B
2026-03-30 17:59:58,47,16.04,95.11MB,34068.5,0.29,2.483GB / 2.504GB,0B / 0B
2026-03-30 18:00:10,47,16.05,94.91MB,34068.5,0.29,2.494GB / 2.515GB,0B / 0B
2026-03-30 18:00:23,47,16.05,94.85MB,34068.5,0.29,2.505GB / 2.526GB,0B / 0B
2026-03-30 18:00:35,48,16.05,95.01MB,34068.5,0.29,2.515GB / 2.537GB,0B / 0B
2026-03-30 18:00:47,48,16.06,94.86MB,34068.5,0.29,2.526GB / 2.547GB,0B / 0B
2026-03-30 18:00:59,48,16.05,94.84MB,34068.5,0.29,2.537GB / 2.558GB,0B / 0B
2026-03-30 18:01:11,48,16.05,95.07MB,34068.5,0.29,2.547GB / 2.569GB,0B / 0B
2026-03-30 18:01:24,48,16.06,94.9MB,34068.5,0.29,2.558GB / 2.58GB,0B / 0B
2026-03-30 18:01:36,49,16.06,95.41MB,34068.5,0.29,2.569GB / 2.591GB,0B / 0B
2026-03-30 18:01:48,49,16.06,94.98MB,34068.5,0.29,2.579GB / 2.601GB,0B / 0B
2026-03-30 18:02:00,49,16.06,95.52MB,34068.5,0.29,2.59GB / 2.612GB,0B / 0B
2026-03-30 18:02:12,49,16.06,95.11MB,34068.5,0.29,2.601GB / 2.623GB,0B / 0B
2026-03-30 18:02:24,49,16.07,95MB,34068.5,0.29,2.611GB / 2.634GB,0B / 0B
2026-03-30 18:02:36,50,16.07,95.9MB,34068.5,0.29,2.622GB / 2.644GB,0B / 0B
2026-03-30 18:02:49,50,16.07,96.43MB,34068.5,0.29,2.633GB / 2.655GB,0B / 0B
2026-03-30 18:03:01,50,16.07,95.42MB,34068.5,0.29,2.643GB / 2.666GB,0B / 0B
2026-03-30 18:03:13,50,16.07,95.02MB,34068.5,0.29,2.654GB / 2.677GB,0B / 0B
2026-03-30 18:03:25,51,16.08,95.67MB,34068.5,0.29,2.664GB / 2.687GB,0B / 0B
2026-03-30 18:03:37,51,16.08,94.89MB,34068.5,0.29,2.675GB / 2.698GB,0B / 0B
2026-03-30 18:03:49,51,16.08,95.4MB,34068.5,0.29,2.686GB / 2.709GB,0B / 0B
2026-03-30 18:04:02,51,16.08,95.4MB,34068.5,0.29,2.696GB / 2.719GB,0B / 0B
2026-03-30 18:04:14,51,16.08,95.23MB,34068.5,0.29,2.707GB / 2.73GB,0B / 0B
2026-03-30 18:04:26,52,16.08,95.44MB,34068.5,0.29,2.718GB / 2.741GB,0B / 0B
2026-03-30 18:04:38,52,16.09,95.24MB,34068.5,0.29,2.728GB / 2.752GB,0B / 0B
2026-03-30 18:04:51,52,16.09,95.97MB,34068.5,0.29,2.739GB / 2.762GB,0B / 0B
2026-03-30 18:05:03,52,16.09,95.35MB,34068.5,0.29,2.75GB / 2.773GB,0B / 0B
2026-03-30 18:05:15,52,16.10,96.63MB,34068.5,0.29,2.76GB / 2.784GB,0B / 0B
2026-03-30 18:05:27,53,16.10,95.97MB,34068.5,0.29,2.771GB / 2.795GB,0B / 0B
2026-03-30 18:05:39,53,16.10,95.83MB,34068.5,0.29,2.782GB / 2.805GB,0B / 0B
2026-03-30 18:05:51,53,16.10,96.03MB,34068.5,0.29,2.792GB / 2.816GB,0B / 0B
2026-03-30 18:06:04,53,16.10,96.23MB,34068.5,0.29,2.803GB / 2.827GB,0B / 0B
2026-03-30 18:06:16,53,16.11,95.93MB,34068.5,0.29,2.813GB / 2.837GB,0B / 0B
2026-03-30 18:06:28,54,16.11,95.93MB,34068.5,0.29,2.824GB / 2.848GB,0B / 0B
2026-03-30 18:06:40,54,16.10,95.47MB,34068.5,0.29,2.834GB / 2.859GB,0B / 0B
2026-03-30 18:06:52,54,16.11,95.96MB,34068.5,0.29,2.845GB / 2.869GB,0B / 0B
2026-03-30 18:07:05,54,16.11,95.58MB,34068.5,0.29,2.856GB / 2.88GB,0B / 0B
2026-03-30 18:07:17,54,16.11,95.55MB,34068.5,0.29,2.866GB / 2.891GB,0B / 0B
2026-03-30 18:07:29,55,16.11,95.26MB,34068.5,0.29,2.877GB / 2.901GB,0B / 0B
2026-03-30 18:07:41,55,16.12,96.28MB,34068.5,0.29,2.888GB / 2.912GB,0B / 0B
2026-03-30 18:07:53,55,16.12,95.53MB,34068.5,0.29,2.898GB / 2.923GB,0B / 0B
2026-03-30 18:08:05,55,16.12,96.13MB,34068.5,0.29,2.909GB / 2.934GB,0B / 0B
2026-03-30 18:08:17,55,16.12,96.1MB,34068.5,0.29,2.919GB / 2.944GB,0B / 0B
2026-03-30 18:08:29,56,16.13,95.06MB,34068.5,0.29,2.93GB / 2.955GB,0B / 0B
2026-03-30 18:08:42,56,16.13,95.99MB,34068.5,0.29,2.941GB / 2.966GB,0B / 0B
2026-03-30 18:08:54,56,16.13,95.63MB,34068.5,0.29,2.951GB / 2.976GB,0B / 0B
2026-03-30 18:09:06,56,16.14,96.07MB,34068.5,0.29,2.962GB / 2.987GB,0B / 0B
2026-03-30 18:09:18,56,16.13,96.84MB,34068.5,0.29,2.973GB / 2.998GB,0B / 0B
2026-03-30 18:09:30,57,16.14,95.79MB,34068.5,0.29,2.983GB / 3.009GB,0B / 0B
2026-03-30 18:09:42,57,16.14,95.98MB,34068.5,0.29,2.994GB / 3.019GB,0B / 0B
2026-03-30 18:09:55,57,16.14,95.95MB,34068.5,0.29,3.004GB / 3.03GB,0B / 0B
2026-03-30 18:10:07,57,16.15,97.06MB,34068.5,0.29,3.015GB / 3.041GB,0B / 0B
2026-03-30 18:10:19,57,16.14,95.95MB,34068.5,0.29,3.026GB / 3.052GB,0B / 0B
2026-03-30 18:10:31,58,16.15,95.78MB,34068.5,0.29,3.036GB / 3.062GB,0B / 0B
2026-03-30 18:10:43,58,16.15,96.4MB,34068.5,0.29,3.047GB / 3.073GB,0B / 0B
2026-03-30 18:10:56,58,16.15,96.36MB,34068.5,0.29,3.058GB / 3.084GB,0B / 0B
2026-03-30 18:11:08,58,16.15,96.19MB,34068.5,0.29,3.068GB / 3.095GB,0B / 0B
2026-03-30 18:11:20,58,16.15,96.07MB,34068.5,0.29,3.079GB / 3.105GB,0B / 0B
2026-03-30 18:11:32,59,16.15,96.16MB,34068.5,0.29,3.09GB / 3.116GB,0B / 0B
2026-03-30 18:11:44,59,16.15,95.38MB,34068.5,0.29,3.1GB / 3.127GB,0B / 0B
2026-03-30 18:11:56,59,16.15,96.23MB,34068.5,0.29,3.111GB / 3.137GB,0B / 0B
2026-03-30 18:12:09,59,16.15,96.27MB,34068.5,0.29,3.122GB / 3.148GB,0B / 0B
2026-03-30 18:12:21,59,16.15,96.48MB,34068.5,0.29,3.132GB / 3.159GB,0B / 0B
2026-03-30 18:12:33,60,16.15,96.71MB,34068.5,0.29,3.143GB / 3.17GB,0B / 0B
2026-03-30 18:12:45,60,16.13,95.73MB,34068.5,0.29,3.149GB / 3.176GB,0B / 0B
2026-03-30 18:12:57,60,16.11,95.95MB,34068.5,0.29,3.155GB / 3.182GB,0B / 0B
2026-03-30 18:13:09,60,16.11,96.17MB,34068.5,0.29,3.166GB / 3.193GB,0B / 0B
2026-03-30 18:13:22,60,16.11,96.31MB,34068.5,0.29,3.177GB / 3.204GB,0B / 0B
2026-03-30 18:13:34,61,16.11,96.76MB,34068.5,0.29,3.187GB / 3.214GB,0B / 0B
2026-03-30 18:13:46,61,16.11,96.75MB,34068.5,0.29,3.198GB / 3.225GB,0B / 0B
2026-03-30 18:13:58,61,16.12,97.3MB,34068.5,0.29,3.208GB / 3.236GB,0B / 0B
2026-03-30 18:14:10,61,16.12,96.46MB,34068.5,0.29,3.219GB / 3.246GB,0B / 0B
2026-03-30 18:14:23,61,16.12,96.26MB,34068.5,0.29,3.23GB / 3.257GB,0B / 0B
2026-03-30 18:14:35,62,16.12,96.33MB,34068.5,0.29,3.24GB / 3.268GB,0B / 0B
2026-03-30 18:14:47,62,16.12,96.21MB,34068.5,0.29,3.251GB / 3.279GB,0B / 0B
2026-03-30 18:14:59,62,16.12,95.96MB,34068.5,0.29,3.262GB / 3.289GB,0B / 0B
2026-03-30 18:15:11,62,16.12,97.12MB,34068.5,0.29,3.272GB / 3.3GB,0B / 0B
2026-03-30 18:15:23,62,16.12,96.41MB,34068.5,0.29,3.283GB / 3.311GB,0B / 0B
2026-03-30 18:15:35,63,16.12,96.64MB,34068.5,0.29,3.293GB / 3.321GB,0B / 0B
2026-03-30 18:15:47,63,16.12,96.29MB,34068.5,0.29,3.304GB / 3.332GB,0B / 0B
2026-03-30 18:15:59,63,16.12,95.97MB,34068.5,0.29,3.315GB / 3.343GB,0B / 0B
2026-03-30 18:16:11,63,16.12,96.74MB,34068.5,0.29,3.325GB / 3.353GB,0B / 0B
2026-03-30 18:16:24,63,16.12,96.6MB,34068.5,0.29,3.336GB / 3.364GB,0B / 0B
2026-03-30 18:16:36,64,16.13,96.89MB,34068.5,0.29,3.347GB / 3.375GB,0B / 0B
2026-03-30 18:16:48,64,16.13,96.64MB,34068.5,0.29,3.357GB / 3.386GB,0B / 0B
2026-03-30 18:17:00,64,16.13,96.31MB,34068.5,0.29,3.368GB / 3.396GB,0B / 0B
2026-03-30 18:17:12,64,16.13,96.47MB,34068.5,0.29,3.378GB / 3.407GB,0B / 0B
2026-03-30 18:17:25,65,16.13,97.49MB,34068.5,0.29,3.389GB / 3.418GB,0B / 0B
2026-03-30 18:17:37,65,16.14,96.56MB,34068.5,0.29,3.4GB / 3.429GB,0B / 0B
2026-03-30 18:17:49,65,16.14,97.37MB,34068.5,0.29,3.41GB / 3.439GB,0B / 0B
2026-03-30 18:18:01,65,16.14,96.51MB,34068.5,0.29,3.421GB / 3.45GB,0B / 0B
2026-03-30 18:18:13,65,16.14,97.42MB,34068.5,0.29,3.431GB / 3.461GB,0B / 0B
2026-03-30 18:18:25,66,16.14,96.4MB,34068.5,0.29,3.442GB / 3.471GB,0B / 0B
2026-03-30 18:18:37,66,16.14,96.38MB,34068.5,0.29,3.453GB / 3.482GB,0B / 0B
2026-03-30 18:18:50,66,16.15,96.73MB,34068.5,0.29,3.463GB / 3.493GB,0B / 0B
2026-03-30 18:19:02,66,16.15,97.3MB,34068.5,0.29,3.474GB / 3.503GB,0B / 0B
2026-03-30 18:19:14,66,16.15,96.75MB,34068.5,0.29,3.485GB / 3.514GB,0B / 0B
2026-03-30 18:19:26,67,16.15,97.16MB,34068.5,0.29,3.495GB / 3.525GB,0B / 0B
2026-03-30 18:19:39,67,16.15,97.33MB,34068.5,0.29,3.506GB / 3.536GB,0B / 0B
2026-03-30 18:19:51,67,16.15,97.54MB,34068.5,0.29,3.516GB / 3.546GB,0B / 0B
2026-03-30 18:20:03,67,16.15,97.18MB,34068.5,0.29,3.527GB / 3.557GB,0B / 0B
2026-03-30 18:20:15,67,16.15,97.08MB,34068.5,0.29,3.538GB / 3.568GB,0B / 0B
2026-03-30 18:20:27,68,16.15,97.31MB,34068.5,0.29,3.548GB / 3.578GB,0B / 0B
2026-03-30 18:20:39,68,16.16,97.04MB,34068.5,0.29,3.559GB / 3.589GB,0B / 0B
2026-03-30 18:20:52,68,16.16,97.13MB,34068.5,0.29,3.569GB / 3.6GB,0B / 0B
2026-03-30 18:21:04,68,16.16,97.35MB,34068.5,0.29,3.58GB / 3.61GB,0B / 0B
2026-03-30 18:21:16,68,16.16,97.52MB,34068.5,0.29,3.59GB / 3.621GB,0B / 0B
2026-03-30 18:21:28,69,16.16,97.48MB,34068.5,0.29,3.601GB / 3.632GB,0B / 0B
2026-03-30 18:21:40,69,16.17,96.55MB,34068.5,0.29,3.612GB / 3.642GB,0B / 0B
2026-03-30 18:21:52,69,16.17,96.65MB,34068.5,0.29,3.622GB / 3.653GB,0B / 0B
2026-03-30 18:22:04,69,16.17,96.73MB,34068.5,0.29,3.633GB / 3.664GB,0B / 0B
2026-03-30 18:22:16,69,16.17,97.05MB,34068.5,0.29,3.643GB / 3.674GB,0B / 0B
2026-03-30 18:22:29,70,16.17,96.99MB,34068.5,0.29,3.654GB / 3.685GB,0B / 0B
2026-03-30 18:22:41,70,16.17,96.72MB,34068.5,0.29,3.665GB / 3.696GB,0B / 0B
2026-03-30 18:22:53,70,16.17,97.14MB,34068.5,0.29,3.675GB / 3.707GB,0B / 0B
2026-03-30 18:23:05,70,16.17,96.54MB,34068.5,0.29,3.686GB / 3.717GB,0B / 0B
2026-03-30 18:23:18,70,16.17,97.42MB,34068.5,0.29,3.697GB / 3.728GB,0B / 0B
2026-03-30 18:23:30,71,16.17,97.94MB,34068.5,0.29,3.707GB / 3.739GB,0B / 0B
2026-03-30 18:23:42,71,16.17,97.66MB,34068.5,0.29,3.718GB / 3.75GB,0B / 0B
2026-03-30 18:23:54,71,16.17,96.83MB,34068.5,0.29,3.729GB / 3.76GB,0B / 0B
2026-03-30 18:24:06,71,16.18,97.33MB,34068.5,0.29,3.739GB / 3.771GB,0B / 0B
2026-03-30 18:24:19,71,16.18,97.07MB,34068.5,0.29,3.75GB / 3.782GB,0B / 0B
2026-03-30 18:24:31,72,16.18,97.84MB,34068.5,0.29,3.761GB / 3.793GB,0B / 0B
2026-03-30 18:24:43,72,16.18,97.03MB,34068.5,0.29,3.771GB / 3.803GB,0B / 0B
2026-03-30 18:24:55,72,16.18,98.72MB,34068.5,0.30,3.782GB / 3.814GB,0B / 0B
2026-03-30 18:25:07,72,16.18,97.75MB,34068.5,0.29,3.792GB / 3.824GB,0B / 0B
2026-03-30 18:25:19,72,16.18,97.65MB,34068.5,0.29,3.803GB / 3.835GB,0B / 0B
2026-03-30 18:25:31,73,16.18,97.08MB,34068.5,0.29,3.814GB / 3.846GB,0B / 0B
2026-03-30 18:25:44,73,16.18,97.01MB,34068.5,0.29,3.824GB / 3.857GB,0B / 0B
2026-03-30 18:25:56,73,16.18,97.35MB,34068.5,0.29,3.835GB / 3.868GB,0B / 0B
2026-03-30 18:26:08,73,16.18,97.88MB,34068.5,0.29,3.846GB / 3.878GB,0B / 0B
2026-03-30 18:26:20,73,16.19,98.13MB,34068.5,0.29,3.856GB / 3.889GB,0B / 0B
2026-03-30 18:26:32,74,16.19,97.57MB,34068.5,0.29,3.867GB / 3.9GB,0B / 0B
2026-03-30 18:26:45,74,16.19,97.05MB,34068.5,0.29,3.878GB / 3.911GB,0B / 0B
2026-03-30 18:26:57,74,16.19,97.88MB,34068.5,0.29,3.888GB / 3.921GB,0B / 0B
2026-03-30 18:27:09,74,16.19,97.36MB,34068.5,0.29,3.899GB / 3.932GB,0B / 0B
2026-03-30 18:27:21,74,16.19,97.96MB,34068.5,0.29,3.91GB / 3.943GB,0B / 0B
2026-03-30 18:27:33,75,16.19,97.26MB,34068.5,0.29,3.92GB / 3.954GB,0B / 0B
2026-03-30 18:27:45,75,16.19,98.42MB,34068.5,0.30,3.931GB / 3.964GB,0B / 0B
2026-03-30 18:27:57,75,16.19,97.12MB,34068.5,0.29,3.942GB / 3.975GB,0B / 0B
2026-03-30 18:28:09,75,16.19,97.87MB,34068.5,0.29,3.952GB / 3.986GB,0B / 0B
2026-03-30 18:28:21,75,16.19,97.63MB,34068.5,0.29,3.963GB / 3.996GB,0B / 0B
2026-03-30 18:28:33,76,16.19,97.29MB,34068.5,0.29,3.973GB / 4.007GB,0B / 0B
2026-03-30 18:28:46,76,16.19,97.73MB,34068.5,0.29,3.984GB / 4.018GB,0B / 0B
2026-03-30 18:28:58,76,16.19,97.67MB,34068.5,0.29,3.994GB / 4.028GB,0B / 0B
2026-03-30 18:29:10,76,16.19,98.14MB,34068.5,0.29,4.005GB / 4.039GB,0B / 0B
2026-03-30 18:29:22,76,16.20,97.78MB,34068.5,0.29,4.015GB / 4.049GB,0B / 0B
2026-03-30 18:29:34,77,16.20,97.72MB,34068.5,0.29,4.026GB / 4.06GB,0B / 0B
2026-03-30 18:29:46,77,16.20,98.07MB,34068.5,0.29,4.037GB / 4.071GB,0B / 0B
2026-03-30 18:29:58,77,16.20,98.54MB,34068.5,0.30,4.047GB / 4.082GB,0B / 0B
2026-03-30 18:30:10,77,16.20,98.01MB,34068.5,0.29,4.058GB / 4.093GB,0B / 0B
2026-03-30 18:30:23,77,16.20,98.14MB,34068.5,0.29,4.069GB / 4.103GB,0B / 0B
2026-03-30 18:30:35,78,16.20,98.44MB,34068.5,0.30,4.079GB / 4.114GB,0B / 0B
2026-03-30 18:30:47,78,16.20,97.91MB,34068.5,0.29,4.09GB / 4.125GB,0B / 0B
2026-03-30 18:30:59,78,16.21,97.74MB,34068.5,0.29,4.1GB / 4.135GB,0B / 0B
2026-03-30 18:31:11,78,16.20,98.26MB,34068.5,0.30,4.111GB / 4.146GB,0B / 0B
2026-03-30 18:31:23,78,16.20,98.05MB,34068.5,0.29,4.122GB / 4.157GB,0B / 0B
2026-03-30 18:31:35,79,16.21,98.21MB,34068.5,0.30,4.132GB / 4.167GB,0B / 0B
2026-03-30 18:31:48,79,16.21,97.92MB,34068.5,0.29,4.143GB / 4.178GB,0B / 0B
2026-03-30 18:32:00,79,16.21,98.11MB,34068.5,0.29,4.153GB / 4.189GB,0B / 0B
2026-03-30 18:32:12,79,16.21,98.27MB,34068.5,0.30,4.164GB / 4.199GB,0B / 0B
2026-03-30 18:32:24,79,16.21,98.34MB,34068.5,0.30,4.175GB / 4.21GB,0B / 0B
2026-03-30 18:32:36,80,16.21,98MB,34068.5,0.29,4.185GB / 4.221GB,0B / 0B
2026-03-30 18:32:49,80,16.21,97.89MB,34068.5,0.29,4.196GB / 4.232GB,0B / 0B
2026-03-30 18:33:01,80,16.21,97.62MB,34068.5,0.29,4.206GB / 4.242GB,0B / 0B
2026-03-30 18:33:13,80,16.21,97.91MB,34068.5,0.29,4.217GB / 4.253GB,0B / 0B
2026-03-30 18:33:25,81,16.21,98.09MB,34068.5,0.29,4.228GB / 4.264GB,0B / 0B
2026-03-30 18:33:37,81,16.21,99.24MB,34068.5,0.30,4.239GB / 4.275GB,0B / 0B
2026-03-30 18:33:49,81,16.21,98.13MB,34068.5,0.29,4.249GB / 4.285GB,0B / 0B
2026-03-30 18:34:01,81,16.21,98.98MB,34068.5,0.30,4.26GB / 4.296GB,0B / 0B
2026-03-30 18:34:14,81,16.21,98.58MB,34068.5,0.30,4.27GB / 4.307GB,0B / 0B
2026-03-30 18:34:26,82,16.21,98.51MB,34068.5,0.30,4.281GB / 4.318GB,0B / 0B
2026-03-30 18:34:38,82,16.21,98.74MB,34068.5,0.30,4.292GB / 4.328GB,0B / 0B
2026-03-30 18:34:50,82,16.21,99.11MB,34068.5,0.30,4.302GB / 4.339GB,0B / 0B
2026-03-30 18:35:03,82,16.21,98.91MB,34068.5,0.30,4.313GB / 4.35GB,0B / 0B
2026-03-30 18:35:15,82,16.21,98.57MB,34068.5,0.30,4.324GB / 4.36GB,0B / 0B
2026-03-30 18:35:27,83,16.21,98.48MB,34068.5,0.30,4.334GB / 4.371GB,0B / 0B
2026-03-30 18:35:39,83,16.21,98.41MB,34068.5,0.30,4.345GB / 4.382GB,0B / 0B
2026-03-30 18:35:52,83,16.21,99.23MB,34068.5,0.30,4.356GB / 4.393GB,0B / 0B
2026-03-30 18:36:04,83,16.22,98.66MB,34068.5,0.30,4.366GB / 4.403GB,0B / 0B
2026-03-30 18:36:16,83,16.22,98.78MB,34068.5,0.30,4.377GB / 4.414GB,0B / 0B
2026-03-30 18:36:28,84,16.21,98.23MB,34068.5,0.30,4.387GB / 4.425GB,0B / 0B
2026-03-30 18:36:40,84,16.21,98.76MB,34068.5,0.30,4.398GB / 4.435GB,0B / 0B
2026-03-30 18:36:52,84,16.22,98.73MB,34068.5,0.30,4.409GB / 4.446GB,0B / 0B
2026-03-30 18:37:05,84,16.22,98.66MB,34068.5,0.30,4.419GB / 4.457GB,0B / 0B
2026-03-30 18:37:17,84,16.22,98.44MB,34068.5,0.30,4.43GB / 4.467GB,0B / 0B
2026-03-30 18:37:29,85,16.22,99.34MB,34068.5,0.30,4.44GB / 4.478GB,0B / 0B
2026-03-30 18:37:41,85,16.22,99.32MB,34068.5,0.30,4.451GB / 4.489GB,0B / 0B
2026-03-30 18:37:53,85,16.22,98.73MB,34068.5,0.30,4.462GB / 4.5GB,0B / 0B
2026-03-30 18:38:06,85,16.21,98.75MB,34068.5,0.30,4.473GB / 4.511GB,0B / 0B
2026-03-30 18:38:18,85,16.22,98.57MB,34068.5,0.30,4.483GB / 4.521GB,0B / 0B
2026-03-30 18:38:30,86,16.22,99.21MB,34068.5,0.30,4.494GB / 4.532GB,0B / 0B
2026-03-30 18:38:42,86,16.22,98.75MB,34068.5,0.30,4.505GB / 4.543GB,0B / 0B
2026-03-30 18:38:54,86,16.22,98.62MB,34068.5,0.30,4.515GB / 4.554GB,0B / 0B
2026-03-30 18:39:07,86,16.22,99.94MB,34068.5,0.30,4.526GB / 4.564GB,0B / 0B
2026-03-30 18:39:19,86,16.22,99.9MB,34068.5,0.30,4.536GB / 4.575GB,0B / 0B
2026-03-30 18:39:31,87,16.22,98.44MB,34068.5,0.30,4.547GB / 4.586GB,0B / 0B
2026-03-30 18:39:43,87,16.22,98.3MB,34068.5,0.30,4.558GB / 4.596GB,0B / 0B
2026-03-30 18:39:55,87,16.22,99.07MB,34068.5,0.30,4.568GB / 4.607GB,0B / 0B
2026-03-30 18:40:07,87,16.23,99.32MB,34068.5,0.30,4.579GB / 4.618GB,0B / 0B
2026-03-30 18:40:19,87,16.23,98.19MB,34068.5,0.30,4.589GB / 4.628GB,0B / 0B
2026-03-30 18:40:31,88,16.22,99.25MB,34068.5,0.30,4.6GB / 4.639GB,0B / 0B
2026-03-30 18:40:44,88,16.23,99.79MB,34068.5,0.30,4.611GB / 4.65GB,0B / 0B
2026-03-30 18:40:56,88,16.23,99.05MB,34068.5,0.30,4.621GB / 4.66GB,0B / 0B
2026-03-30 18:41:08,88,16.23,98.69MB,34068.5,0.30,4.632GB / 4.671GB,0B / 0B
2026-03-30 18:41:20,88,16.23,98.7MB,34068.5,0.30,4.642GB / 4.682GB,0B / 0B
2026-03-30 18:41:32,89,16.23,98.87MB,34068.5,0.30,4.653GB / 4.692GB,0B / 0B
2026-03-30 18:41:44,89,16.23,98.85MB,34068.5,0.30,4.664GB / 4.703GB,0B / 0B
2026-03-30 18:41:57,89,16.23,99.59MB,34068.5,0.30,4.674GB / 4.714GB,0B / 0B
2026-03-30 18:42:09,89,16.23,99.31MB,34068.5,0.30,4.685GB / 4.725GB,0B / 0B
2026-03-30 18:42:21,89,16.24,99.05MB,34068.5,0.30,4.695GB / 4.735GB,0B / 0B
2026-03-30 18:42:33,90,16.24,99.41MB,34068.5,0.30,4.706GB / 4.746GB,0B / 0B
2026-03-30 18:42:45,90,16.24,98.73MB,34068.5,0.30,4.717GB / 4.757GB,0B / 0B
2026-03-30 18:42:57,90,16.22,98.42MB,34068.5,0.30,4.721GB / 4.761GB,0B / 0B
2026-03-30 18:43:10,90,16.21,98.85MB,34068.5,0.30,4.729GB / 4.769GB,0B / 0B
2026-03-30 18:43:22,90,16.21,99.12MB,34068.5,0.30,4.74GB / 4.78GB,0B / 0B
2026-03-30 18:43:34,91,16.21,99.92MB,34068.5,0.30,4.751GB / 4.791GB,0B / 0B
2026-03-30 18:43:46,91,16.21,99.49MB,34068.5,0.30,4.761GB / 4.802GB,0B / 0B
2026-03-30 18:43:59,91,16.21,99.27MB,34068.5,0.30,4.772GB / 4.813GB,0B / 0B
2026-03-30 18:44:11,91,16.21,99.04MB,34068.5,0.30,4.783GB / 4.824GB,0B / 0B
2026-03-30 18:44:23,91,16.22,99.91MB,34068.5,0.30,4.793GB / 4.834GB,0B / 0B
2026-03-30 18:44:36,92,16.22,99.37MB,34068.5,0.30,4.804GB / 4.845GB,0B / 0B
2026-03-30 18:44:48,92,16.22,98.84MB,34068.5,0.30,4.815GB / 4.856GB,0B / 0B
2026-03-30 18:45:00,92,16.22,99.74MB,34068.5,0.30,4.826GB / 4.867GB,0B / 0B
2026-03-30 18:45:13,92,16.22,99.19MB,34068.5,0.30,4.837GB / 4.878GB,0B / 0B
2026-03-30 18:45:25,93,16.22,99.05MB,34068.5,0.30,4.847GB / 4.889GB,0B / 0B
2026-03-30 18:45:37,93,16.22,99.23MB,34068.5,0.30,4.858GB / 4.899GB,0B / 0B
2026-03-30 18:45:49,93,16.22,99.75MB,34068.5,0.30,4.869GB / 4.91GB,0B / 0B
2026-03-30 18:46:01,93,16.22,99.57MB,34068.5,0.30,4.879GB / 4.921GB,0B / 0B
2026-03-30 18:46:14,93,16.22,99.19MB,34068.5,0.30,4.89GB / 4.932GB,0B / 0B
2026-03-30 18:46:26,94,16.23,100.1MB,34068.5,0.30,4.901GB / 4.943GB,0B / 0B
2026-03-30 18:46:38,94,16.22,99.64MB,34068.5,0.30,4.912GB / 4.953GB,0B / 0B
2026-03-30 18:46:50,94,16.23,100MB,34068.5,0.30,4.922GB / 4.964GB,0B / 0B
2026-03-30 18:47:03,94,16.23,99.78MB,34068.5,0.30,4.933GB / 4.975GB,0B / 0B
2026-03-30 18:47:15,94,16.22,99.23MB,34068.5,0.30,4.944GB / 4.986GB,0B / 0B
2026-03-30 18:47:27,95,16.23,99.94MB,34068.5,0.30,4.954GB / 4.997GB,0B / 0B
2026-03-30 18:47:40,95,16.23,99.82MB,34068.5,0.30,4.965GB / 5.007GB,0B / 0B
2026-03-30 18:47:52,95,16.23,99.24MB,34068.5,0.30,4.976GB / 5.018GB,0B / 0B
2026-03-30 18:48:04,95,16.23,99.45MB,34068.5,0.30,4.986GB / 5.029GB,0B / 0B
2026-03-30 18:48:16,95,16.23,99.29MB,34068.5,0.30,4.997GB / 5.04GB,0B / 0B
2026-03-30 18:48:29,96,16.23,99.24MB,34068.5,0.30,5.008GB / 5.05GB,0B / 0B
2026-03-30 18:48:41,96,16.23,99.28MB,34068.5,0.30,5.019GB / 5.061GB,0B / 0B
2026-03-30 18:48:53,96,16.23,99.95MB,34068.5,0.30,5.029GB / 5.072GB,0B / 0B
2026-03-30 18:49:05,96,16.23,99.56MB,34068.5,0.30,5.04GB / 5.083GB,0B / 0B
2026-03-30 18:49:18,96,16.23,100.4MB,34068.5,0.30,5.05GB / 5.093GB,0B / 0B
2026-03-30 18:49:30,97,16.23,100.2MB,34068.5,0.30,5.061GB / 5.104GB,0B / 0B
2026-03-30 18:49:42,97,16.23,99.91MB,34068.5,0.30,5.072GB / 5.115GB,0B / 0B
2026-03-30 18:49:54,97,16.23,99.85MB,34068.5,0.30,5.082GB / 5.125GB,0B / 0B
2026-03-30 18:50:06,97,16.23,100.4MB,34068.5,0.30,5.093GB / 5.136GB,0B / 0B
2026-03-30 18:50:18,97,16.23,100.1MB,34068.5,0.30,5.103GB / 5.147GB,0B / 0B
2026-03-30 18:50:30,98,16.23,99.76MB,34068.5,0.30,5.114GB / 5.157GB,0B / 0B
2026-03-30 18:50:42,98,16.23,100.4MB,34068.5,0.30,5.124GB / 5.168GB,0B / 0B
2026-03-30 18:50:54,98,16.23,100.1MB,34068.5,0.30,5.135GB / 5.179GB,0B / 0B
2026-03-30 18:51:07,98,16.23,100.2MB,34068.5,0.30,5.146GB / 5.19GB,0B / 0B
2026-03-30 18:51:19,98,16.23,100.6MB,34068.5,0.30,5.157GB / 5.201GB,0B / 0B
2026-03-30 18:51:31,99,16.23,100.8MB,34068.5,0.30,5.167GB / 5.211GB,0B / 0B
2026-03-30 18:51:43,99,16.23,99.97MB,34068.5,0.30,5.178GB / 5.222GB,0B / 0B
2026-03-30 18:51:55,99,16.23,100.1MB,34068.5,0.30,5.188GB / 5.232GB,0B / 0B
2026-03-30 18:52:07,99,16.23,100.1MB,34068.5,0.30,5.199GB / 5.243GB,0B / 0B
2026-03-30 18:52:20,99,16.23,100.3MB,34068.5,0.30,5.21GB / 5.254GB,0B / 0B
2026-03-30 18:52:32,100,16.23,100.5MB,34068.5,0.30,5.22GB / 5.265GB,0B / 0B
2026-03-30 18:52:44,100,16.24,100.5MB,34068.5,0.30,5.231GB / 5.275GB,0B / 0B
2026-03-30 18:52:56,100,16.24,100.4MB,34068.5,0.30,5.241GB / 5.286GB,0B / 0B
2026-03-30 18:53:08,100,16.24,100.7MB,34068.5,0.30,5.252GB / 5.297GB,0B / 0B
2026-03-30 18:53:21,100,16.24,100.4MB,34068.5,0.30,5.263GB / 5.307GB,0B / 0B
2026-03-30 18:53:33,101,16.24,100.3MB,34068.5,0.30,5.273GB / 5.318GB,0B / 0B
2026-03-30 18:53:45,101,16.24,100.3MB,34068.5,0.30,5.284GB / 5.329GB,0B / 0B
2026-03-30 18:53:57,101,16.24,99.95MB,34068.5,0.30,5.295GB / 5.34GB,0B / 0B
2026-03-30 18:54:09,101,16.24,101.1MB,34068.5,0.30,5.305GB / 5.35GB,0B / 0B
2026-03-30 18:54:22,101,16.24,100.1MB,34068.5,0.30,5.316GB / 5.361GB,0B / 0B
2026-03-30 18:54:34,102,16.24,100.5MB,34068.5,0.30,5.327GB / 5.372GB,0B / 0B
2026-03-30 18:54:46,102,16.24,100.4MB,34068.5,0.30,5.337GB / 5.383GB,0B / 0B
2026-03-30 18:54:58,102,16.25,100.7MB,34068.5,0.30,5.348GB / 5.393GB,0B / 0B
2026-03-30 18:55:10,102,16.25,100.8MB,34068.5,0.30,5.358GB / 5.404GB,0B / 0B
2026-03-30 18:55:22,102,16.25,100.3MB,34068.5,0.30,5.369GB / 5.415GB,0B / 0B
2026-03-30 18:55:34,103,16.25,100.9MB,34068.5,0.30,5.38GB / 5.426GB,0B / 0B
2026-03-30 18:55:47,103,16.25,100.3MB,34068.5,0.30,5.39GB / 5.436GB,0B / 0B
2026-03-30 18:55:59,103,16.25,101MB,34068.5,0.30,5.401GB / 5.447GB,0B / 0B
2026-03-30 18:56:11,103,16.25,101.2MB,34068.5,0.30,5.412GB / 5.458GB,0B / 0B
2026-03-30 18:56:23,103,16.25,100.1MB,34068.5,0.30,5.422GB / 5.468GB,0B / 0B
2026-03-30 18:56:35,104,16.25,100.2MB,34068.5,0.30,5.433GB / 5.479GB,0B / 0B
2026-03-30 18:56:48,104,16.25,100.3MB,34068.5,0.30,5.444GB / 5.49GB,0B / 0B
2026-03-30 18:57:00,104,16.25,101.2MB,34068.5,0.30,5.454GB / 5.5GB,0B / 0B
2026-03-30 18:57:12,104,16.25,100.8MB,34068.5,0.30,5.465GB / 5.511GB,0B / 0B
2026-03-30 18:57:24,104,16.25,101.4MB,34068.5,0.30,5.475GB / 5.522GB,0B / 0B
2026-03-30 18:57:36,105,16.25,101.2MB,34068.5,0.30,5.486GB / 5.533GB,0B / 0B
2026-03-30 18:57:49,105,16.25,100.9MB,34068.5,0.30,5.497GB / 5.544GB,0B / 0B
2026-03-30 18:58:01,105,16.25,101.2MB,34068.5,0.30,5.508GB / 5.554GB,0B / 0B
2026-03-30 18:58:13,105,16.25,101.1MB,34068.5,0.30,5.518GB / 5.565GB,0B / 0B
2026-03-30 18:58:25,106,16.25,100.6MB,34068.5,0.30,5.529GB / 5.576GB,0B / 0B
2026-03-30 18:58:37,106,16.25,100.5MB,34068.5,0.30,5.539GB / 5.586GB,0B / 0B
2026-03-30 18:58:50,106,16.25,100.8MB,34068.5,0.30,5.55GB / 5.597GB,0B / 0B
2026-03-30 18:59:02,106,16.25,100.9MB,34068.5,0.30,5.56GB / 5.608GB,0B / 0B
2026-03-30 18:59:14,106,16.25,100.7MB,34068.5,0.30,5.571GB / 5.619GB,0B / 0B
2026-03-30 18:59:26,107,16.25,100.4MB,34068.5,0.30,5.582GB / 5.629GB,0B / 0B
2026-03-30 18:59:38,107,16.26,101.1MB,34068.5,0.30,5.592GB / 5.64GB,0B / 0B
2026-03-30 18:59:51,107,16.26,101MB,34068.5,0.30,5.603GB / 5.651GB,0B / 0B
2026-03-30 19:00:03,107,16.26,101.4MB,34068.5,0.30,5.614GB / 5.662GB,0B / 0B
2026-03-30 19:00:15,107,16.26,100.9MB,34068.5,0.30,5.624GB / 5.672GB,0B / 0B
2026-03-30 19:00:27,108,16.26,100.8MB,34068.5,0.30,5.635GB / 5.683GB,0B / 0B
2026-03-30 19:00:39,108,16.26,100.2MB,34068.5,0.30,5.646GB / 5.694GB,0B / 0B
2026-03-30 19:00:52,108,16.26,100.4MB,34068.5,0.30,5.657GB / 5.705GB,0B / 0B
2026-03-30 19:01:04,108,16.26,100.6MB,34068.5,0.30,5.667GB / 5.715GB,0B / 0B
2026-03-30 19:01:16,108,16.26,100.5MB,34068.5,0.30,5.678GB / 5.726GB,0B / 0B
2026-03-30 19:01:28,109,16.26,100.6MB,34068.5,0.30,5.688GB / 5.737GB,0B / 0B
2026-03-30 19:01:41,109,16.26,100.5MB,34068.5,0.30,5.699GB / 5.747GB,0B / 0B
2026-03-30 19:01:53,109,16.26,100.4MB,34068.5,0.30,5.709GB / 5.758GB,0B / 0B
2026-03-30 19:02:05,109,16.26,100.7MB,34068.5,0.30,5.72GB / 5.769GB,0B / 0B
2026-03-30 19:02:17,109,16.26,101.4MB,34068.5,0.30,5.73GB / 5.779GB,0B / 0B
2026-03-30 19:02:29,110,16.26,101MB,34068.5,0.30,5.741GB / 5.79GB,0B / 0B
2026-03-30 19:02:41,110,16.26,101.1MB,34068.5,0.30,5.752GB / 5.8GB,0B / 0B
2026-03-30 19:02:53,110,16.26,101.6MB,34068.5,0.31,5.762GB / 5.811GB,0B / 0B
2026-03-30 19:03:05,110,16.26,100.9MB,34068.5,0.30,5.773GB / 5.822GB,0B / 0B
2026-03-30 19:03:17,110,16.26,101.8MB,34068.5,0.31,5.783GB / 5.832GB,0B / 0B
2026-03-30 19:03:29,111,16.26,100.5MB,34068.5,0.30,5.794GB / 5.843GB,0B / 0B
2026-03-30 19:03:41,111,16.26,100.6MB,34068.5,0.30,5.804GB / 5.854GB,0B / 0B
2026-03-30 19:03:53,111,16.26,101.5MB,34068.5,0.30,5.815GB / 5.864GB,0B / 0B
2026-03-30 19:04:06,111,16.26,101.7MB,34068.5,0.31,5.826GB / 5.875GB,0B / 0B
2026-03-30 19:04:18,111,16.27,100.8MB,34068.5,0.30,5.836GB / 5.886GB,0B / 0B
2026-03-30 19:04:30,112,16.27,101.1MB,34068.5,0.30,5.847GB / 5.897GB,0B / 0B
2026-03-30 19:04:42,112,16.27,100.8MB,34068.5,0.30,5.857GB / 5.907GB,0B / 0B
2026-03-30 19:04:54,112,16.27,101MB,34068.5,0.30,5.868GB / 5.918GB,0B / 0B
2026-03-30 19:05:06,112,16.27,101.1MB,34068.5,0.30,5.878GB / 5.928GB,0B / 0B
2026-03-30 19:05:18,112,16.27,101.5MB,34068.5,0.31,5.889GB / 5.939GB,0B / 0B
2026-03-30 19:05:31,113,16.27,101.5MB,34068.5,0.31,5.9GB / 5.95GB,0B / 0B
2026-03-30 19:05:43,113,16.27,101.3MB,34068.5,0.30,5.91GB / 5.961GB,0B / 0B
2026-03-30 19:05:55,113,16.27,100.7MB,34068.5,0.30,5.921GB / 5.971GB,0B / 0B
2026-03-30 19:06:07,113,16.27,101.7MB,34068.5,0.31,5.932GB / 5.982GB,0B / 0B
2026-03-30 19:06:19,113,16.27,101.7MB,34068.5,0.31,5.942GB / 5.993GB,0B / 0B
2026-03-30 19:06:32,114,16.27,102MB,34068.5,0.31,5.953GB / 6.004GB,0B / 0B
2026-03-30 19:06:44,114,16.27,101.8MB,34068.5,0.31,5.964GB / 6.014GB,0B / 0B
2026-03-30 19:06:56,114,16.27,101.5MB,34068.5,0.31,5.974GB / 6.025GB,0B / 0B
2026-03-30 19:07:08,114,16.27,102.2MB,34068.5,0.31,5.985GB / 6.036GB,0B / 0B
2026-03-30 19:07:20,114,16.27,102.4MB,34068.5,0.31,5.995GB / 6.046GB,0B / 0B
2026-03-30 19:07:32,115,16.27,101.3MB,34068.5,0.30,6.006GB / 6.057GB,0B / 0B
2026-03-30 19:07:45,115,16.27,102MB,34068.5,0.31,6.017GB / 6.068GB,0B / 0B
2026-03-30 19:07:57,115,16.27,101.2MB,34068.5,0.30,6.027GB / 6.079GB,0B / 0B
2026-03-30 19:08:09,115,16.28,102.3MB,34068.5,0.31,6.038GB / 6.089GB,0B / 0B
2026-03-30 19:08:21,115,16.27,101.4MB,34068.5,0.30,6.048GB / 6.1GB,0B / 0B
2026-03-30 19:08:33,116,16.28,101.9MB,34068.5,0.31,6.059GB / 6.111GB,0B / 0B
2026-03-30 19:08:45,116,16.28,101.3MB,34068.5,0.30,6.07GB / 6.121GB,0B / 0B
2026-03-30 19:08:58,116,16.28,101.4MB,34068.5,0.30,6.08GB / 6.132GB,0B / 0B
2026-03-30 19:09:10,116,16.28,101.4MB,34068.5,0.30,6.091GB / 6.143GB,0B / 0B
2026-03-30 19:09:22,116,16.28,101.9MB,34068.5,0.31,6.102GB / 6.153GB,0B / 0B
2026-03-30 19:09:34,117,16.28,102.4MB,34068.5,0.31,6.112GB / 6.164GB,0B / 0B
2026-03-30 19:09:46,117,16.28,102.5MB,34068.5,0.31,6.123GB / 6.175GB,0B / 0B
2026-03-30 19:09:58,117,16.28,101.3MB,34068.5,0.30,6.133GB / 6.186GB,0B / 0B
2026-03-30 19:10:10,117,16.28,101.7MB,34068.5,0.31,6.144GB / 6.196GB,0B / 0B
2026-03-30 19:10:22,117,16.28,102.4MB,34068.5,0.31,6.154GB / 6.207GB,0B / 0B
2026-03-30 19:10:34,118,16.28,101.5MB,34068.5,0.30,6.165GB / 6.218GB,0B / 0B
2026-03-30 19:10:47,118,16.28,102.3MB,34068.5,0.31,6.176GB / 6.229GB,0B / 0B
2026-03-30 19:10:59,118,16.28,102.3MB,34068.5,0.31,6.187GB / 6.239GB,0B / 0B
2026-03-30 19:11:11,118,16.28,102MB,34068.5,0.31,6.197GB / 6.25GB,0B / 0B
2026-03-30 19:11:23,118,16.28,102.1MB,34068.5,0.31,6.208GB / 6.261GB,0B / 0B
2026-03-30 19:11:36,119,16.28,101.8MB,34068.5,0.31,6.219GB / 6.272GB,0B / 0B
2026-03-30 19:11:48,119,16.28,101.9MB,34068.5,0.31,6.229GB / 6.282GB,0B / 0B
2026-03-30 19:12:00,119,16.28,102.1MB,34068.5,0.31,6.24GB / 6.293GB,0B / 0B
2026-03-30 19:12:12,119,16.28,102.6MB,34068.5,0.31,6.251GB / 6.304GB,0B / 0B
2026-03-30 19:12:24,119,16.28,101.3MB,34068.5,0.30,6.261GB / 6.314GB,0B / 0B
2026-03-30 19:12:36,120,16.28,102MB,34068.5,0.31,6.272GB / 6.325GB,0B / 0B
2026-03-30 19:12:48,120,16.28,101.8MB,34068.5,0.31,6.282GB / 6.336GB,0B / 0B
2026-03-30 19:13:00,120,16.28,102MB,34068.5,0.31,6.293GB / 6.347GB,0B / 0B
2026-03-30 19:13:12,120,16.26,102.4MB,34068.5,0.31,6.295GB / 6.348GB,0B / 0B
2026-03-30 19:13:25,121,16.26,102.9MB,34068.5,0.31,6.305GB / 6.359GB,0B / 0B
2026-03-30 19:13:37,121,16.27,101.5MB,34068.5,0.31,6.316GB / 6.37GB,0B / 0B
2026-03-30 19:13:49,121,16.27,101.8MB,34068.5,0.31,6.327GB / 6.381GB,0B / 0B
2026-03-30 19:14:01,121,16.27,102.3MB,34068.5,0.31,6.337GB / 6.391GB,0B / 0B
2026-03-30 19:14:13,121,16.27,102.3MB,34068.5,0.31,6.348GB / 6.402GB,0B / 0B
2026-03-30 19:14:26,122,16.27,102.4MB,34068.5,0.31,6.358GB / 6.412GB,0B / 0B
2026-03-30 19:14:38,122,16.27,102.4MB,34068.5,0.31,6.369GB / 6.423GB,0B / 0B
2026-03-30 19:14:50,122,16.27,102.4MB,34068.5,0.31,6.38GB / 6.434GB,0B / 0B
2026-03-30 19:15:02,122,16.27,102.3MB,34068.5,0.31,6.39GB / 6.445GB,0B / 0B
2026-03-30 19:15:14,122,16.27,102MB,34068.5,0.31,6.401GB / 6.455GB,0B / 0B
2026-03-30 19:15:26,123,16.27,102.2MB,34068.5,0.31,6.411GB / 6.466GB,0B / 0B
2026-03-30 19:15:38,123,16.27,102.4MB,34068.5,0.31,6.422GB / 6.477GB,0B / 0B
2026-03-30 19:15:50,123,16.28,102.1MB,34068.5,0.31,6.432GB / 6.487GB,0B / 0B
2026-03-30 19:16:02,123,16.28,103MB,34068.5,0.31,6.443GB / 6.498GB,0B / 0B
2026-03-30 19:16:15,123,16.28,102.9MB,34068.5,0.31,6.454GB / 6.509GB,0B / 0B
2026-03-30 19:16:27,124,16.27,102.7MB,34068.5,0.31,6.464GB / 6.519GB,0B / 0B
2026-03-30 19:16:39,124,16.27,103MB,34068.5,0.31,6.475GB / 6.53GB,0B / 0B
2026-03-30 19:16:51,124,16.27,102.3MB,34068.5,0.31,6.485GB / 6.541GB,0B / 0B
2026-03-30 19:17:03,124,16.27,102MB,34068.5,0.31,6.496GB / 6.551GB,0B / 0B
2026-03-30 19:17:15,124,16.28,103.1MB,34068.5,0.31,6.507GB / 6.562GB,0B / 0B
2026-03-30 19:17:27,125,16.28,102.1MB,34068.5,0.31,6.517GB / 6.573GB,0B / 0B
2026-03-30 19:17:39,125,16.28,102.3MB,34068.5,0.31,6.528GB / 6.583GB,0B / 0B
2026-03-30 19:17:52,125,16.28,102.3MB,34068.5,0.31,6.538GB / 6.594GB,0B / 0B
2026-03-30 19:18:04,125,16.28,102.2MB,34068.5,0.31,6.549GB / 6.604GB,0B / 0B
2026-03-30 19:18:16,125,16.28,102.4MB,34068.5,0.31,6.559GB / 6.615GB,0B / 0B
2026-03-30 19:18:28,126,16.28,102.6MB,34068.5,0.31,6.57GB / 6.626GB,0B / 0B
2026-03-30 19:18:40,126,16.28,103.2MB,34068.5,0.31,6.58GB / 6.636GB,0B / 0B
2026-03-30 19:18:52,126,16.28,102.7MB,34068.5,0.31,6.591GB / 6.647GB,0B / 0B
2026-03-30 19:19:04,126,16.28,102.2MB,34068.5,0.31,6.602GB / 6.658GB,0B / 0B
2026-03-30 19:19:17,126,16.28,102.3MB,34068.5,0.31,6.612GB / 6.669GB,0B / 0B
2026-03-30 19:19:29,127,16.28,102.2MB,34068.5,0.31,6.623GB / 6.679GB,0B / 0B
2026-03-30 19:19:41,127,16.28,102.6MB,34068.5,0.31,6.633GB / 6.69GB,0B / 0B
2026-03-30 19:19:53,127,16.28,102.6MB,34068.5,0.31,6.644GB / 6.701GB,0B / 0B
2026-03-30 19:20:06,127,16.28,103.1MB,34068.5,0.31,6.655GB / 6.712GB,0B / 0B
2026-03-30 19:20:18,127,16.28,103.1MB,34068.5,0.31,6.666GB / 6.722GB,0B / 0B
2026-03-30 19:20:30,128,16.28,102.7MB,34068.5,0.31,6.676GB / 6.733GB,0B / 0B
2026-03-30 19:20:42,128,16.28,102.8MB,34068.5,0.31,6.687GB / 6.744GB,0B / 0B
2026-03-30 19:20:54,128,16.28,102.6MB,34068.5,0.31,6.697GB / 6.754GB,0B / 0B
2026-03-30 19:21:06,128,16.28,103MB,34068.5,0.31,6.708GB / 6.765GB,0B / 0B
2026-03-30 19:21:18,128,16.28,103.5MB,34068.5,0.31,6.719GB / 6.776GB,0B / 0B
2026-03-30 19:21:31,129,16.28,102.8MB,34068.5,0.31,6.729GB / 6.787GB,0B / 0B
2026-03-30 19:21:43,129,16.29,103.8MB,34068.5,0.31,6.74GB / 6.797GB,0B / 0B
2026-03-30 19:21:55,129,16.29,103.1MB,34068.5,0.31,6.751GB / 6.808GB,0B / 0B
2026-03-30 19:22:07,129,16.29,103.7MB,34068.5,0.31,6.761GB / 6.819GB,0B / 0B
2026-03-30 19:22:20,129,16.29,102.7MB,34068.5,0.31,6.772GB / 6.83GB,0B / 0B
2026-03-30 19:22:32,130,16.29,103.1MB,34068.5,0.31,6.783GB / 6.84GB,0B / 0B
2026-03-30 19:22:44,130,16.29,103.7MB,34068.5,0.31,6.793GB / 6.851GB,0B / 0B
2026-03-30 19:22:56,130,16.29,103.2MB,34068.5,0.31,6.804GB / 6.862GB,0B / 0B
2026-03-30 19:23:08,130,16.29,103MB,34068.5,0.31,6.814GB / 6.872GB,0B / 0B
2026-03-30 19:23:20,130,16.29,104.1MB,34068.5,0.31,6.825GB / 6.883GB,0B / 0B
2026-03-30 19:23:33,131,16.29,103.5MB,34068.5,0.31,6.836GB / 6.894GB,0B / 0B
2026-03-30 19:23:45,131,16.29,103.1MB,34068.5,0.31,6.846GB / 6.905GB,0B / 0B
2026-03-30 19:23:57,131,16.29,103.5MB,34068.5,0.31,6.857GB / 6.915GB,0B / 0B
2026-03-30 19:24:09,131,16.29,103.2MB,34068.5,0.31,6.868GB / 6.926GB,0B / 0B
2026-03-30 19:24:22,131,16.29,102.9MB,34068.5,0.31,6.878GB / 6.937GB,0B / 0B
2026-03-30 19:24:34,132,16.29,104MB,34068.5,0.31,6.889GB / 6.948GB,0B / 0B
2026-03-30 19:24:46,132,16.29,103.5MB,34068.5,0.31,6.9GB / 6.958GB,0B / 0B
2026-03-30 19:24:58,132,16.29,103.5MB,34068.5,0.31,6.91GB / 6.969GB,0B / 0B
2026-03-30 19:25:10,132,16.29,103.1MB,34068.5,0.31,6.921GB / 6.98GB,0B / 0B
2026-03-30 19:25:23,132,16.29,103.5MB,34068.5,0.31,6.932GB / 6.991GB,0B / 0B
2026-03-30 19:25:35,133,16.29,103.3MB,34068.5,0.31,6.943GB / 7.002GB,0B / 0B
2026-03-30 19:25:47,133,16.29,104MB,34068.5,0.31,6.953GB / 7.012GB,0B / 0B
2026-03-30 19:25:59,133,16.29,103.2MB,34068.5,0.31,6.964GB / 7.023GB,0B / 0B
2026-03-30 19:26:12,133,16.29,103.4MB,34068.5,0.31,6.974GB / 7.034GB,0B / 0B
2026-03-30 19:26:24,133,16.29,104.6MB,34068.5,0.31,6.985GB / 7.044GB,0B / 0B
2026-03-30 19:26:36,134,16.29,104.1MB,34068.5,0.31,6.996GB / 7.055GB,0B / 0B
2026-03-30 19:26:48,134,16.29,103.7MB,34068.5,0.31,7.006GB / 7.066GB,0B / 0B
2026-03-30 19:27:00,134,16.29,103.3MB,34068.5,0.31,7.017GB / 7.077GB,0B / 0B
2026-03-30 19:27:12,134,16.29,103.7MB,34068.5,0.31,7.027GB / 7.087GB,0B / 0B
2026-03-30 19:27:24,134,16.29,104.1MB,34068.5,0.31,7.038GB / 7.098GB,0B / 0B
2026-03-30 19:27:37,135,16.29,102.8MB,34068.5,0.31,7.048GB / 7.108GB,0B / 0B
2026-03-30 19:27:49,135,16.29,103.4MB,34068.5,0.31,7.059GB / 7.119GB,0B / 0B
2026-03-30 19:28:01,135,16.29,103.8MB,34068.5,0.31,7.069GB / 7.13GB,0B / 0B
2026-03-30 19:28:13,135,16.29,103.5MB,34068.5,0.31,7.08GB / 7.14GB,0B / 0B
2026-03-30 19:28:25,136,16.29,103.4MB,34068.5,0.31,7.091GB / 7.151GB,0B / 0B
2026-03-30 19:28:37,136,16.29,104MB,34068.5,0.31,7.101GB / 7.162GB,0B / 0B
2026-03-30 19:28:49,136,16.29,103.9MB,34068.5,0.31,7.112GB / 7.172GB,0B / 0B
2026-03-30 19:29:02,136,16.29,103MB,34068.5,0.31,7.123GB / 7.183GB,0B / 0B
2026-03-30 19:29:14,136,16.29,103.4MB,34068.5,0.31,7.133GB / 7.194GB,0B / 0B
2026-03-30 19:29:26,137,16.29,104.6MB,34068.5,0.31,7.144GB / 7.205GB,0B / 0B
2026-03-30 19:29:38,137,16.29,103.7MB,34068.5,0.31,7.154GB / 7.215GB,0B / 0B
2026-03-30 19:29:50,137,16.30,103.4MB,34068.5,0.31,7.165GB / 7.226GB,0B / 0B
2026-03-30 19:30:03,137,16.29,104.1MB,34068.5,0.31,7.176GB / 7.237GB,0B / 0B
2026-03-30 19:30:15,137,16.29,103.8MB,34068.5,0.31,7.186GB / 7.248GB,0B / 0B
2026-03-30 19:30:27,138,16.29,103.5MB,34068.5,0.31,7.197GB / 7.258GB,0B / 0B
2026-03-30 19:30:39,138,16.29,103.5MB,34068.5,0.31,7.208GB / 7.269GB,0B / 0B
2026-03-30 19:30:51,138,16.30,103.7MB,34068.5,0.31,7.218GB / 7.28GB,0B / 0B
2026-03-30 19:31:03,138,16.30,104.3MB,34068.5,0.31,7.229GB / 7.291GB,0B / 0B
2026-03-30 19:31:16,138,16.30,103.7MB,34068.5,0.31,7.24GB / 7.301GB,0B / 0B
2026-03-30 19:31:28,139,16.30,104.9MB,34068.5,0.32,7.25GB / 7.312GB,0B / 0B
2026-03-30 19:31:40,139,16.30,103.4MB,34068.5,0.31,7.261GB / 7.323GB,0B / 0B
2026-03-30 19:31:52,139,16.30,103.9MB,34068.5,0.31,7.272GB / 7.334GB,0B / 0B
2026-03-30 19:32:04,139,16.30,104.4MB,34068.5,0.31,7.283GB / 7.345GB,0B / 0B
2026-03-30 19:32:17,139,16.30,103.7MB,34068.5,0.31,7.293GB / 7.355GB,0B / 0B
2026-03-30 19:32:29,140,16.30,104.4MB,34068.5,0.31,7.304GB / 7.366GB,0B / 0B
2026-03-30 19:32:41,140,16.30,104.6MB,34068.5,0.31,7.315GB / 7.377GB,0B / 0B
2026-03-30 19:32:54,140,16.30,104.6MB,34068.5,0.31,7.325GB / 7.388GB,0B / 0B
2026-03-30 19:33:06,140,16.30,103.9MB,34068.5,0.31,7.336GB / 7.398GB,0B / 0B
2026-03-30 19:33:18,140,16.30,104.4MB,34068.5,0.31,7.346GB / 7.409GB,0B / 0B
2026-03-30 19:33:30,141,16.30,104.3MB,34068.5,0.31,7.357GB / 7.42GB,0B / 0B
2026-03-30 19:33:42,141,16.30,104.4MB,34068.5,0.31,7.368GB / 7.43GB,0B / 0B
2026-03-30 19:33:54,141,16.30,104.8MB,34068.5,0.32,7.378GB / 7.441GB,0B / 0B
2026-03-30 19:34:07,141,16.30,103.9MB,34068.5,0.31,7.389GB / 7.452GB,0B / 0B
2026-03-30 19:34:19,141,16.30,104.3MB,34068.5,0.31,7.4GB / 7.463GB,0B / 0B
2026-03-30 19:34:31,142,16.30,104.3MB,34068.5,0.31,7.41GB / 7.474GB,0B / 0B
2026-03-30 19:34:43,142,16.30,104.3MB,34068.5,0.31,7.421GB / 7.484GB,0B / 0B
2026-03-30 19:34:55,142,16.30,104.2MB,34068.5,0.31,7.432GB / 7.495GB,0B / 0B
2026-03-30 19:35:08,142,16.30,104MB,34068.5,0.31,7.442GB / 7.506GB,0B / 0B
2026-03-30 19:35:20,142,16.30,104.2MB,34068.5,0.31,7.453GB / 7.516GB,0B / 0B
2026-03-30 19:35:32,143,16.30,104.9MB,34068.5,0.32,7.464GB / 7.527GB,0B / 0B
2026-03-30 19:35:44,143,16.30,104.1MB,34068.5,0.31,7.474GB / 7.538GB,0B / 0B
2026-03-30 19:35:56,143,16.30,105MB,34068.5,0.32,7.485GB / 7.549GB,0B / 0B
2026-03-30 19:36:08,143,16.30,104.2MB,34068.5,0.31,7.495GB / 7.559GB,0B / 0B
2026-03-30 19:36:21,143,16.30,104.8MB,34068.5,0.31,7.506GB / 7.57GB,0B / 0B
2026-03-30 19:36:33,144,16.30,104.1MB,34068.5,0.31,7.517GB / 7.581GB,0B / 0B
2026-03-30 19:36:45,144,16.30,104.6MB,34068.5,0.31,7.527GB / 7.591GB,0B / 0B
2026-03-30 19:36:57,144,16.30,104.6MB,34068.5,0.31,7.538GB / 7.602GB,0B / 0B
2026-03-30 19:37:09,144,16.30,104MB,34068.5,0.31,7.548GB / 7.613GB,0B / 0B
2026-03-30 19:37:21,144,16.30,104.3MB,34068.5,0.31,7.559GB / 7.623GB,0B / 0B
2026-03-30 19:37:33,145,16.30,104.8MB,34068.5,0.32,7.57GB / 7.634GB,0B / 0B
2026-03-30 19:37:46,145,16.30,105MB,34068.5,0.32,7.58GB / 7.645GB,0B / 0B
2026-03-30 19:37:58,145,16.30,104.4MB,34068.5,0.31,7.591GB / 7.656GB,0B / 0B
2026-03-30 19:38:10,145,16.30,104.7MB,34068.5,0.31,7.602GB / 7.666GB,0B / 0B
2026-03-30 19:38:22,145,16.30,104.2MB,34068.5,0.31,7.612GB / 7.677GB,0B / 0B
2026-03-30 19:38:34,146,16.30,104.2MB,34068.5,0.31,7.623GB / 7.688GB,0B / 0B
2026-03-30 19:38:47,146,16.30,104.6MB,34068.5,0.31,7.634GB / 7.699GB,0B / 0B
2026-03-30 19:38:59,146,16.30,104.1MB,34068.5,0.31,7.644GB / 7.709GB,0B / 0B
2026-03-30 19:39:11,146,16.30,104.1MB,34068.5,0.31,7.655GB / 7.72GB,0B / 0B
2026-03-30 19:39:23,146,16.30,105.1MB,34068.5,0.32,7.665GB / 7.731GB,0B / 0B
2026-03-30 19:39:35,147,16.30,104.4MB,34068.5,0.31,7.676GB / 7.741GB,0B / 0B
2026-03-30 19:39:47,147,16.30,104.5MB,34068.5,0.31,7.687GB / 7.752GB,0B / 0B
2026-03-30 19:39:59,147,16.30,104.6MB,34068.5,0.31,7.697GB / 7.763GB,0B / 0B
2026-03-30 19:40:12,147,16.30,105.7MB,34068.5,0.32,7.708GB / 7.773GB,0B / 0B
2026-03-30 19:40:24,147,16.30,104.9MB,34068.5,0.32,7.718GB / 7.784GB,0B / 0B
2026-03-30 19:40:36,148,16.30,104.4MB,34068.5,0.31,7.729GB / 7.795GB,0B / 0B
2026-03-30 19:40:48,148,16.30,105.2MB,34068.5,0.32,7.739GB / 7.805GB,0B / 0B
2026-03-30 19:41:00,148,16.30,104.9MB,34068.5,0.32,7.75GB / 7.816GB,0B / 0B
2026-03-30 19:41:12,148,16.30,105.1MB,34068.5,0.32,7.761GB / 7.827GB,0B / 0B
2026-03-30 19:41:24,148,16.30,105.3MB,34068.5,0.32,7.771GB / 7.838GB,0B / 0B
2026-03-30 19:41:37,149,16.30,105.4MB,34068.5,0.32,7.782GB / 7.848GB,0B / 0B
2026-03-30 19:41:49,149,16.30,105.6MB,34068.5,0.32,7.792GB / 7.859GB,0B / 0B
2026-03-30 19:42:01,149,16.30,105.9MB,34068.5,0.32,7.803GB / 7.87GB,0B / 0B
2026-03-30 19:42:13,149,16.30,104.8MB,34068.5,0.32,7.814GB / 7.88GB,0B / 0B
2026-03-30 19:42:25,150,16.30,105.1MB,34068.5,0.32,7.824GB / 7.891GB,0B / 0B
2026-03-30 19:42:37,150,16.30,105MB,34068.5,0.32,7.835GB / 7.901GB,0B / 0B
2026-03-30 19:42:49,150,16.30,105.2MB,34068.5,0.32,7.845GB / 7.912GB,0B / 0B
2026-03-30 19:43:02,150,16.30,105.2MB,34068.5,0.32,7.856GB / 7.923GB,0B / 0B
2026-03-30 19:43:14,150,16.30,104.6MB,34068.5,0.31,7.864GB / 7.931GB,0B / 0B
2026-03-30 19:43:26,151,16.28,105.4MB,34068.5,0.32,7.869GB / 7.935GB,0B / 0B
2026-03-30 19:43:38,151,16.29,105.4MB,34068.5,0.32,7.879GB / 7.946GB,0B / 0B
2026-03-30 19:43:51,151,16.29,105.8MB,34068.5,0.32,7.89GB / 7.957GB,0B / 0B
2026-03-30 19:44:03,151,16.29,105.6MB,34068.5,0.32,7.901GB / 7.968GB,0B / 0B
2026-03-30 19:44:15,151,16.29,105.3MB,34068.5,0.32,7.911GB / 7.979GB,0B / 0B
2026-03-30 19:44:27,152,16.29,105.7MB,34068.5,0.32,7.922GB / 7.989GB,0B / 0B
2026-03-30 19:44:40,152,16.29,105.1MB,34068.5,0.32,7.933GB / 8GB,0B / 0B
2026-03-30 19:44:52,152,16.29,105.5MB,34068.5,0.32,7.944GB / 8.011GB,0B / 0B
2026-03-30 19:45:04,152,16.29,105.9MB,34068.5,0.32,7.954GB / 8.022GB,0B / 0B
2026-03-30 19:45:16,152,16.29,105.4MB,34068.5,0.32,7.965GB / 8.032GB,0B / 0B
2026-03-30 19:45:29,153,16.29,105MB,34068.5,0.32,7.975GB / 8.043GB,0B / 0B
2026-03-30 19:45:41,153,16.29,105.5MB,34068.5,0.32,7.986GB / 8.054GB,0B / 0B
2026-03-30 19:45:53,153,16.29,104.8MB,34068.5,0.31,7.996GB / 8.064GB,0B / 0B
2026-03-30 19:46:05,153,16.29,105.6MB,34068.5,0.32,8.007GB / 8.075GB,0B / 0B
2026-03-30 19:46:18,153,16.29,105MB,34068.5,0.32,8.018GB / 8.086GB,0B / 0B
2026-03-30 19:46:30,154,16.29,105.8MB,34068.5,0.32,8.028GB / 8.097GB,0B / 0B
2026-03-30 19:46:42,154,16.29,105.4MB,34068.5,0.32,8.039GB / 8.108GB,0B / 0B
2026-03-30 19:46:55,154,16.29,105.2MB,34068.5,0.32,8.05GB / 8.118GB,0B / 0B
2026-03-30 19:47:07,154,16.29,105.3MB,34068.5,0.32,8.061GB / 8.129GB,0B / 0B
2026-03-30 19:47:19,154,16.29,106.1MB,34068.5,0.32,8.071GB / 8.14GB,0B / 0B
2026-03-30 19:47:31,155,16.29,105.4MB,34068.5,0.32,8.081GB / 8.15GB,0B / 0B
2026-03-30 19:47:43,155,16.30,105MB,34068.5,0.32,8.092GB / 8.161GB,0B / 0B
2026-03-30 19:47:56,155,16.30,105.2MB,34068.5,0.32,8.103GB / 8.172GB,0B / 0B
2026-03-30 19:48:08,155,16.30,105.4MB,34068.5,0.32,8.114GB / 8.183GB,0B / 0B
2026-03-30 19:48:21,155,16.30,105.6MB,34068.5,0.32,8.124GB / 8.194GB,0B / 0B
2026-03-30 19:48:33,156,16.31,105.1MB,34068.5,0.32,8.135GB / 8.204GB,0B / 0B
2026-03-30 19:48:45,156,16.31,105.4MB,34068.5,0.32,8.146GB / 8.215GB,0B / 0B
2026-03-30 19:48:58,156,16.31,105.2MB,34068.5,0.32,8.156GB / 8.226GB,0B / 0B
2026-03-30 19:49:10,156,16.31,106.4MB,34068.5,0.32,8.167GB / 8.236GB,0B / 0B
2026-03-30 19:49:22,156,16.31,105.2MB,34068.5,0.32,8.177GB / 8.247GB,0B / 0B
2026-03-30 19:49:34,157,16.31,105.2MB,34068.5,0.32,8.188GB / 8.257GB,0B / 0B
2026-03-30 19:49:46,157,16.32,105.7MB,34068.5,0.32,8.198GB / 8.268GB,0B / 0B
2026-03-30 19:49:58,157,16.32,106.1MB,34068.5,0.32,8.209GB / 8.279GB,0B / 0B
2026-03-30 19:50:11,157,16.32,105.9MB,34068.5,0.32,8.22GB / 8.29GB,0B / 0B
2026-03-30 19:50:23,157,16.32,105.5MB,34068.5,0.32,8.23GB / 8.3GB,0B / 0B
2026-03-30 19:50:36,158,16.32,106MB,34068.5,0.32,8.241GB / 8.311GB,0B / 0B
2026-03-30 19:50:48,158,16.32,105.7MB,34068.5,0.32,8.252GB / 8.322GB,0B / 0B
2026-03-30 19:51:00,158,16.32,105.5MB,34068.5,0.32,8.262GB / 8.333GB,0B / 0B
2026-03-30 19:51:12,158,16.33,106.5MB,34068.5,0.32,8.273GB / 8.343GB,0B / 0B
2026-03-30 19:51:25,159,16.33,105.9MB,34068.5,0.32,8.284GB / 8.354GB,0B / 0B
2026-03-30 19:51:37,159,16.33,106.8MB,34068.5,0.32,8.294GB / 8.365GB,0B / 0B
2026-03-30 19:51:49,159,16.33,105.5MB,34068.5,0.32,8.304GB / 8.375GB,0B / 0B
2026-03-30 19:52:01,159,16.33,105.8MB,34068.5,0.32,8.315GB / 8.386GB,0B / 0B
2026-03-30 19:52:14,159,16.33,106.2MB,34068.5,0.32,8.326GB / 8.397GB,0B / 0B
2026-03-30 19:52:26,160,16.33,106MB,34068.5,0.32,8.336GB / 8.407GB,0B / 0B
2026-03-30 19:52:38,160,16.33,105.5MB,34068.5,0.32,8.347GB / 8.418GB,0B / 0B
2026-03-30 19:52:51,160,16.33,105.9MB,34068.5,0.32,8.357GB / 8.428GB,0B / 0B
2026-03-30 19:53:03,160,16.33,106.2MB,34068.5,0.32,8.368GB / 8.439GB,0B / 0B
2026-03-30 19:53:15,160,16.34,105.9MB,34068.5,0.32,8.379GB / 8.45GB,0B / 0B
2026-03-30 19:53:27,161,16.34,105.6MB,34068.5,0.32,8.389GB / 8.461GB,0B / 0B
2026-03-30 19:53:40,161,16.34,105.7MB,34068.5,0.32,8.4GB / 8.471GB,0B / 0B
2026-03-30 19:53:52,161,16.34,105.6MB,34068.5,0.32,8.41GB / 8.482GB,0B / 0B
2026-03-30 19:54:04,161,16.34,106MB,34068.5,0.32,8.421GB / 8.493GB,0B / 0B
2026-03-30 19:54:17,161,16.34,106.4MB,34068.5,0.32,8.432GB / 8.503GB,0B / 0B
2026-03-30 19:54:29,162,16.34,106MB,34068.5,0.32,8.442GB / 8.514GB,0B / 0B
2026-03-30 19:54:42,162,16.34,106.2MB,34068.5,0.32,8.453GB / 8.525GB,0B / 0B
2026-03-30 19:54:54,162,16.35,106.3MB,34068.5,0.32,8.464GB / 8.536GB,0B / 0B
2026-03-30 19:55:06,162,16.35,106.4MB,34068.5,0.32,8.474GB / 8.546GB,0B / 0B
2026-03-30 19:55:18,162,16.35,106.2MB,34068.5,0.32,8.485GB / 8.557GB,0B / 0B
2026-03-30 19:55:31,163,16.35,106.8MB,34068.5,0.32,8.495GB / 8.568GB,0B / 0B
2026-03-30 19:55:43,163,16.35,105.9MB,34068.5,0.32,8.506GB / 8.578GB,0B / 0B
2026-03-30 19:55:56,163,16.35,106.5MB,34068.5,0.32,8.517GB / 8.589GB,0B / 0B
2026-03-30 19:56:08,163,16.35,106.3MB,34068.5,0.32,8.527GB / 8.6GB,0B / 0B
2026-03-30 19:56:20,163,16.36,105.9MB,34068.5,0.32,8.538GB / 8.61GB,0B / 0B
2026-03-30 19:56:32,164,16.36,106.1MB,34068.5,0.32,8.548GB / 8.621GB,0B / 0B
2026-03-30 19:56:45,164,16.36,106.3MB,34068.5,0.32,8.559GB / 8.632GB,0B / 0B
2026-03-30 19:56:57,164,16.36,106.2MB,34068.5,0.32,8.569GB / 8.642GB,0B / 0B
2026-03-30 19:57:09,164,16.36,105.7MB,34068.5,0.32,8.58GB / 8.653GB,0B / 0B
2026-03-30 19:57:22,164,16.36,106.1MB,34068.5,0.32,8.591GB / 8.664GB,0B / 0B
2026-03-30 19:57:34,165,16.36,105.8MB,34068.5,0.32,8.601GB / 8.674GB,0B / 0B
2026-03-30 19:57:46,165,16.36,107.5MB,34068.5,0.32,8.612GB / 8.685GB,0B / 0B
2026-03-30 19:57:58,165,16.37,106.5MB,34068.5,0.32,8.622GB / 8.696GB,0B / 0B
2026-03-30 19:58:10,165,16.37,106.3MB,34068.5,0.32,8.633GB / 8.706GB,0B / 0B
2026-03-30 19:58:23,165,16.37,105.9MB,34068.5,0.32,8.643GB / 8.717GB,0B / 0B
2026-03-30 19:58:35,166,16.37,106MB,34068.5,0.32,8.654GB / 8.728GB,0B / 0B
2026-03-30 19:58:47,166,16.37,106.3MB,34068.5,0.32,8.665GB / 8.738GB,0B / 0B
2026-03-30 19:58:59,166,16.37,106.2MB,34068.5,0.32,8.675GB / 8.749GB,0B / 0B
2026-03-30 19:59:12,166,16.37,106.2MB,34068.5,0.32,8.685GB / 8.759GB,0B / 0B
2026-03-30 19:59:24,166,16.37,106.6MB,34068.5,0.32,8.696GB / 8.77GB,0B / 0B
2026-03-30 19:59:36,167,16.37,106.8MB,34068.5,0.32,8.707GB / 8.781GB,0B / 0B
2026-03-30 19:59:49,167,16.37,106.7MB,34068.5,0.32,8.717GB / 8.792GB,0B / 0B
2026-03-30 20:00:01,167,16.38,106.9MB,34068.5,0.32,8.728GB / 8.802GB,0B / 0B
2026-03-30 20:00:13,167,16.38,106.1MB,34068.5,0.32,8.738GB / 8.813GB,0B / 0B
2026-03-30 20:00:25,168,16.38,106.8MB,34068.5,0.32,8.749GB / 8.823GB,0B / 0B
2026-03-30 20:00:37,168,16.38,106MB,34068.5,0.32,8.76GB / 8.834GB,0B / 0B
2026-03-30 20:00:50,168,16.38,107MB,34068.5,0.32,8.77GB / 8.845GB,0B / 0B
2026-03-30 20:01:02,168,16.38,106.3MB,34068.5,0.32,8.781GB / 8.856GB,0B / 0B
2026-03-30 20:01:14,168,16.39,106.4MB,34068.5,0.32,8.791GB / 8.866GB,0B / 0B
2026-03-30 20:01:27,169,16.39,107.1MB,34068.5,0.32,8.802GB / 8.877GB,0B / 0B
2026-03-30 20:01:39,169,16.39,106.4MB,34068.5,0.32,8.812GB / 8.887GB,0B / 0B
2026-03-30 20:01:51,169,16.39,106.9MB,34068.5,0.32,8.823GB / 8.898GB,0B / 0B
2026-03-30 20:02:03,169,16.39,106.7MB,34068.5,0.32,8.834GB / 8.909GB,0B / 0B
2026-03-30 20:02:16,169,16.39,106.9MB,34068.5,0.32,8.844GB / 8.92GB,0B / 0B
2026-03-30 20:02:28,170,16.39,107.6MB,34068.5,0.32,8.855GB / 8.93GB,0B / 0B
2026-03-30 20:02:40,170,16.39,107.1MB,34068.5,0.32,8.866GB / 8.941GB,0B / 0B
2026-03-30 20:02:53,170,16.39,107.4MB,34068.5,0.32,8.876GB / 8.952GB,0B / 0B
2026-03-30 20:03:05,170,16.40,107MB,34068.5,0.32,8.887GB / 8.963GB,0B / 0B
2026-03-30 20:03:17,170,16.40,106.7MB,34068.5,0.32,8.897GB / 8.973GB,0B / 0B
2026-03-30 20:03:30,171,16.40,106.9MB,34068.5,0.32,8.908GB / 8.984GB,0B / 0B
2026-03-30 20:03:42,171,16.40,107.2MB,34068.5,0.32,8.919GB / 8.995GB,0B / 0B
2026-03-30 20:03:54,171,16.41,106.9MB,34068.5,0.32,8.929GB / 9.005GB,0B / 0B
2026-03-30 20:04:07,171,16.41,107MB,34068.5,0.32,8.94GB / 9.016GB,0B / 0B
2026-03-30 20:04:20,171,16.41,106.7MB,34068.5,0.32,8.951GB / 9.027GB,0B / 0B
2026-03-30 20:04:32,172,16.41,107MB,34068.5,0.32,8.961GB / 9.038GB,0B / 0B
2026-03-30 20:04:44,172,16.41,107MB,34068.5,0.32,8.972GB / 9.048GB,0B / 0B
2026-03-30 20:04:57,172,16.41,106.8MB,34068.5,0.32,8.983GB / 9.059GB,0B / 0B
2026-03-30 20:05:09,172,16.41,107.2MB,34068.5,0.32,8.993GB / 9.07GB,0B / 0B
2026-03-30 20:05:22,172,16.41,107.8MB,34068.5,0.32,9.004GB / 9.08GB,0B / 0B
2026-03-30 20:05:34,173,16.41,106.5MB,34068.5,0.32,9.014GB / 9.091GB,0B / 0B
2026-03-30 20:05:46,173,16.41,106.8MB,34068.5,0.32,9.025GB / 9.102GB,0B / 0B
2026-03-30 20:05:58,173,16.42,107.7MB,34068.5,0.32,9.036GB / 9.112GB,0B / 0B
2026-03-30 20:06:11,173,16.42,107.4MB,34068.5,0.32,9.046GB / 9.123GB,0B / 0B
2026-03-30 20:06:23,173,16.42,107.3MB,34068.5,0.32,9.057GB / 9.134GB,0B / 0B
2026-03-30 20:06:35,174,16.42,107.5MB,34068.5,0.32,9.067GB / 9.145GB,0B / 0B
2026-03-30 20:06:48,174,16.42,106.7MB,34068.5,0.32,9.078GB / 9.155GB,0B / 0B
2026-03-30 20:07:00,174,16.42,107.6MB,34068.5,0.32,9.088GB / 9.166GB,0B / 0B
2026-03-30 20:07:12,174,16.42,107.1MB,34068.5,0.32,9.099GB / 9.177GB,0B / 0B
2026-03-30 20:07:24,174,16.43,107MB,34068.5,0.32,9.11GB / 9.187GB,0B / 0B
2026-03-30 20:07:37,175,16.43,107.5MB,34068.5,0.32,9.12GB / 9.198GB,0B / 0B
2026-03-30 20:07:49,175,16.43,107.6MB,34068.5,0.32,9.131GB / 9.209GB,0B / 0B
2026-03-30 20:08:01,175,16.43,107.2MB,34068.5,0.32,9.142GB / 9.219GB,0B / 0B
2026-03-30 20:08:14,175,16.43,107.7MB,34068.5,0.32,9.152GB / 9.23GB,0B / 0B
2026-03-30 20:08:26,176,16.43,107.3MB,34068.5,0.32,9.163GB / 9.241GB,0B / 0B
2026-03-30 20:08:38,176,16.43,108.3MB,34068.5,0.33,9.173GB / 9.252GB,0B / 0B
2026-03-30 20:08:50,176,16.43,108MB,34068.5,0.32,9.184GB / 9.262GB,0B / 0B
2026-03-30 20:09:03,176,16.44,107.5MB,34068.5,0.32,9.195GB / 9.273GB,0B / 0B
2026-03-30 20:09:15,176,16.44,107.5MB,34068.5,0.32,9.205GB / 9.284GB,0B / 0B
2026-03-30 20:09:27,177,16.44,107.3MB,34068.5,0.32,9.216GB / 9.294GB,0B / 0B
2026-03-30 20:09:40,177,16.44,106.9MB,34068.5,0.32,9.226GB / 9.305GB,0B / 0B
2026-03-30 20:09:52,177,16.44,107.1MB,34068.5,0.32,9.237GB / 9.315GB,0B / 0B
2026-03-30 20:10:04,177,16.44,108MB,34068.5,0.32,9.247GB / 9.326GB,0B / 0B
2026-03-30 20:10:16,177,16.44,107.4MB,34068.5,0.32,9.258GB / 9.337GB,0B / 0B
2026-03-30 20:10:29,178,16.44,107.2MB,34068.5,0.32,9.269GB / 9.348GB,0B / 0B
2026-03-30 20:10:41,178,16.45,108.9MB,34068.5,0.33,9.28GB / 9.359GB,0B / 0B
2026-03-30 20:10:54,178,16.45,107.5MB,34068.5,0.32,9.29GB / 9.369GB,0B / 0B
2026-03-30 20:11:06,178,16.45,107.9MB,34068.5,0.32,9.301GB / 9.38GB,0B / 0B
2026-03-30 20:11:18,178,16.45,108.3MB,34068.5,0.33,9.312GB / 9.391GB,0B / 0B
2026-03-30 20:11:31,179,16.45,107.6MB,34068.5,0.32,9.322GB / 9.402GB,0B / 0B
2026-03-30 20:11:43,179,16.45,108.5MB,34068.5,0.33,9.333GB / 9.413GB,0B / 0B
2026-03-30 20:11:56,179,16.45,107.4MB,34068.5,0.32,9.344GB / 9.423GB,0B / 0B
2026-03-30 20:12:08,179,16.45,108.2MB,34068.5,0.33,9.354GB / 9.434GB,0B / 0B
2026-03-30 20:12:20,179,16.45,108.4MB,34068.5,0.33,9.365GB / 9.445GB,0B / 0B
2026-03-30 20:12:32,180,16.45,107.7MB,34068.5,0.32,9.375GB / 9.455GB,0B / 0B
2026-03-30 20:12:45,180,16.46,108MB,34068.5,0.32,9.386GB / 9.466GB,0B / 0B
2026-03-30 20:12:57,180,16.46,107.7MB,34068.5,0.32,9.396GB / 9.476GB,0B / 0B
2026-03-30 20:13:09,180,16.46,107.9MB,34068.5,0.32,9.407GB / 9.487GB,0B / 0B
2026-03-30 20:13:21,180,16.46,107.6MB,34068.5,0.32,9.417GB / 9.497GB,0B / 0B
2026-03-30 20:13:33,181,16.44,108.5MB,34068.5,0.33,9.419GB / 9.499GB,0B / 0B
2026-03-30 20:13:45,181,16.44,108.9MB,34068.5,0.33,9.43GB / 9.51GB,0B / 0B
2026-03-30 20:13:58,181,16.45,107.6MB,34068.5,0.32,9.44GB / 9.521GB,0B / 0B
2026-03-30 20:14:10,181,16.45,107.4MB,34068.5,0.32,9.451GB / 9.531GB,0B / 0B
2026-03-30 20:14:23,181,16.45,107.6MB,34068.5,0.32,9.462GB / 9.542GB,0B / 0B
2026-03-30 20:14:35,182,16.45,107.4MB,34068.5,0.32,9.472GB / 9.553GB,0B / 0B
2026-03-30 20:14:48,182,16.45,108.6MB,34068.5,0.33,9.483GB / 9.564GB,0B / 0B
2026-03-30 20:15:00,182,16.45,108.2MB,34068.5,0.33,9.494GB / 9.574GB,0B / 0B
2026-03-30 20:15:13,182,16.45,108.6MB,34068.5,0.33,9.504GB / 9.585GB,0B / 0B
2026-03-30 20:15:25,183,16.45,108.4MB,34068.5,0.33,9.514GB / 9.595GB,0B / 0B
2026-03-30 20:15:37,183,16.45,108.5MB,34068.5,0.33,9.525GB / 9.606GB,0B / 0B
2026-03-30 20:15:49,183,16.45,108.2MB,34068.5,0.33,9.535GB / 9.617GB,0B / 0B
2026-03-30 20:16:02,183,16.45,108.3MB,34068.5,0.33,9.546GB / 9.627GB,0B / 0B
2026-03-30 20:16:14,183,16.45,108.1MB,34068.5,0.32,9.557GB / 9.638GB,0B / 0B
2026-03-30 20:16:27,184,16.45,108.4MB,34068.5,0.33,9.567GB / 9.649GB,0B / 0B
2026-03-30 20:16:39,184,16.45,108MB,34068.5,0.32,9.578GB / 9.659GB,0B / 0B
2026-03-30 20:16:51,184,16.45,108.5MB,34068.5,0.33,9.588GB / 9.67GB,0B / 0B
2026-03-30 20:17:03,184,16.45,109.3MB,34068.5,0.33,9.599GB / 9.68GB,0B / 0B
2026-03-30 20:17:16,184,16.45,107.9MB,34068.5,0.32,9.609GB / 9.691GB,0B / 0B
2026-03-30 20:17:28,185,16.46,108.5MB,34068.5,0.33,9.62GB / 9.702GB,0B / 0B
2026-03-30 20:17:40,185,16.46,107.7MB,34068.5,0.32,9.63GB / 9.712GB,0B / 0B
2026-03-30 20:17:52,185,16.46,108MB,34068.5,0.32,9.641GB / 9.723GB,0B / 0B
2026-03-30 20:18:05,185,16.46,108.3MB,34068.5,0.33,9.651GB / 9.733GB,0B / 0B
2026-03-30 20:18:17,185,16.46,108.3MB,34068.5,0.33,9.662GB / 9.744GB,0B / 0B
2026-03-30 20:18:29,186,16.46,108.6MB,34068.5,0.33,9.673GB / 9.755GB,0B / 0B
2026-03-30 20:18:42,186,16.46,108.1MB,34068.5,0.32,9.683GB / 9.766GB,0B / 0B
2026-03-30 20:18:54,186,16.46,108.4MB,34068.5,0.33,9.694GB / 9.777GB,0B / 0B
2026-03-30 20:19:07,186,16.46,108MB,34068.5,0.32,9.705GB / 9.788GB,0B / 0B
2026-03-30 20:19:19,186,16.46,108.6MB,34068.5,0.33,9.716GB / 9.798GB,0B / 0B
2026-03-30 20:19:31,187,16.47,108.1MB,34068.5,0.32,9.726GB / 9.809GB,0B / 0B
2026-03-30 20:19:44,187,16.47,108.7MB,34068.5,0.33,9.737GB / 9.82GB,0B / 0B
2026-03-30 20:19:56,187,16.47,109.5MB,34068.5,0.33,9.747GB / 9.83GB,0B / 0B
2026-03-30 20:20:08,187,16.47,108.3MB,34068.5,0.33,9.758GB / 9.841GB,0B / 0B
2026-03-30 20:20:21,187,16.47,108.3MB,34068.5,0.33,9.768GB / 9.852GB,0B / 0B
2026-03-30 20:20:33,188,16.47,108.5MB,34068.5,0.33,9.779GB / 9.862GB,0B / 0B
2026-03-30 20:20:45,188,16.47,108.4MB,34068.5,0.33,9.79GB / 9.873GB,0B / 0B
2026-03-30 20:20:58,188,16.47,109.2MB,34068.5,0.33,9.8GB / 9.884GB,0B / 0B
2026-03-30 20:21:10,188,16.47,108.7MB,34068.5,0.33,9.811GB / 9.894GB,0B / 0B
2026-03-30 20:21:22,188,16.47,108.5MB,34068.5,0.33,9.822GB / 9.905GB,0B / 0B
2026-03-30 20:21:34,189,16.47,109.1MB,34068.5,0.33,9.832GB / 9.916GB,0B / 0B
2026-03-30 20:21:47,189,16.48,108.7MB,34068.5,0.33,9.843GB / 9.927GB,0B / 0B
2026-03-30 20:21:59,189,16.48,108.6MB,34068.5,0.33,9.853GB / 9.937GB,0B / 0B
2026-03-30 20:22:11,189,16.48,108.3MB,34068.5,0.33,9.864GB / 9.948GB,0B / 0B
2026-03-30 20:22:24,189,16.48,109.1MB,34068.5,0.33,9.874GB / 9.959GB,0B / 0B
2026-03-30 20:22:36,190,16.48,109.5MB,34068.5,0.33,9.885GB / 9.969GB,0B / 0B
2026-03-30 20:22:48,190,16.48,109.5MB,34068.5,0.33,9.896GB / 9.98GB,0B / 0B
2026-03-30 20:23:00,190,16.48,108.7MB,34068.5,0.33,9.906GB / 9.991GB,0B / 0B
2026-03-30 20:23:13,190,16.48,109.5MB,34068.5,0.33,9.917GB / 10GB,0B / 0B
2026-03-30 20:23:25,191,16.48,109.5MB,34068.5,0.33,9.927GB / 10.01GB,0B / 0B
2026-03-30 20:23:37,191,16.48,108.5MB,34068.5,0.33,9.938GB / 10.02GB,0B / 0B
2026-03-30 20:23:49,191,16.48,108.6MB,34068.5,0.33,9.949GB / 10.03GB,0B / 0B
2026-03-30 20:24:02,191,16.48,109.1MB,34068.5,0.33,9.959GB / 10.04GB,0B / 0B
2026-03-30 20:24:14,191,16.48,110.3MB,34068.5,0.33,9.97GB / 10.05GB,0B / 0B
2026-03-30 20:24:26,192,16.48,109MB,34068.5,0.33,9.98GB / 10.07GB,0B / 0B
2026-03-30 20:24:38,192,16.48,108.6MB,34068.5,0.33,9.991GB / 10.08GB,0B / 0B
2026-03-30 20:24:51,192,16.48,108.9MB,34068.5,0.33,10GB / 10.09GB,0B / 0B
2026-03-30 20:25:03,192,16.48,109.3MB,34068.5,0.33,10.01GB / 10.1GB,0B / 0B
2026-03-30 20:25:15,192,16.49,108.4MB,34068.5,0.33,10.02GB / 10.11GB,0B / 0B
2026-03-30 20:25:27,193,16.49,108.6MB,34068.5,0.33,10.03GB / 10.12GB,0B / 0B
2026-03-30 20:25:40,193,16.49,109.6MB,34068.5,0.33,10.04GB / 10.13GB,0B / 0B
2026-03-30 20:25:52,193,16.49,109MB,34068.5,0.33,10.05GB / 10.14GB,0B / 0B
2026-03-30 20:26:04,193,16.49,108.8MB,34068.5,0.33,10.07GB / 10.15GB,0B / 0B
2026-03-30 20:26:16,193,16.49,109.7MB,34068.5,0.33,10.08GB / 10.16GB,0B / 0B
2026-03-30 20:26:29,194,16.49,108.7MB,34068.5,0.33,10.09GB / 10.17GB,0B / 0B
2026-03-30 20:26:41,194,16.49,109.5MB,34068.5,0.33,10.1GB / 10.18GB,0B / 0B
2026-03-30 20:26:53,194,16.49,109.3MB,34068.5,0.33,10.11GB / 10.19GB,0B / 0B
2026-03-30 20:27:06,194,16.50,109.6MB,34068.5,0.33,10.12GB / 10.2GB,0B / 0B
2026-03-30 20:27:18,194,16.50,109.6MB,34068.5,0.33,10.13GB / 10.21GB,0B / 0B
2026-03-30 20:27:30,195,16.50,109.3MB,34068.5,0.33,10.14GB / 10.23GB,0B / 0B
2026-03-30 20:27:43,195,16.50,109.1MB,34068.5,0.33,10.15GB / 10.24GB,0B / 0B
2026-03-30 20:27:55,195,16.50,109.6MB,34068.5,0.33,10.16GB / 10.25GB,0B / 0B
2026-03-30 20:28:07,195,16.50,109.6MB,34068.5,0.33,10.17GB / 10.26GB,0B / 0B
2026-03-30 20:28:20,195,16.50,109.3MB,34068.5,0.33,10.18GB / 10.27GB,0B / 0B
2026-03-30 20:28:32,196,16.51,109.3MB,34068.5,0.33,10.19GB / 10.28GB,0B / 0B
2026-03-30 20:28:44,196,16.51,109MB,34068.5,0.33,10.2GB / 10.29GB,0B / 0B
2026-03-30 20:28:57,196,16.51,109.8MB,34068.5,0.33,10.21GB / 10.3GB,0B / 0B
2026-03-30 20:29:09,196,16.51,109.1MB,34068.5,0.33,10.22GB / 10.31GB,0B / 0B
2026-03-30 20:29:21,196,16.51,110.1MB,34068.5,0.33,10.23GB / 10.32GB,0B / 0B
2026-03-30 20:29:34,197,16.51,109.3MB,34068.5,0.33,10.24GB / 10.33GB,0B / 0B
2026-03-30 20:29:46,197,16.51,109.8MB,34068.5,0.33,10.26GB / 10.34GB,0B / 0B
2026-03-30 20:29:58,197,16.51,109.1MB,34068.5,0.33,10.27GB / 10.35GB,0B / 0B
2026-03-30 20:30:11,197,16.51,109.7MB,34068.5,0.33,10.28GB / 10.36GB,0B / 0B
2026-03-30 20:30:23,197,16.51,109.3MB,34068.5,0.33,10.29GB / 10.37GB,0B / 0B
2026-03-30 20:30:35,198,16.51,109.9MB,34068.5,0.33,10.3GB / 10.39GB,0B / 0B
2026-03-30 20:30:47,198,16.52,109.6MB,34068.5,0.33,10.31GB / 10.4GB,0B / 0B
2026-03-30 20:31:00,198,16.52,109.9MB,34068.5,0.33,10.32GB / 10.41GB,0B / 0B
2026-03-30 20:31:12,198,16.52,109MB,34068.5,0.33,10.33GB / 10.42GB,0B / 0B
2026-03-30 20:31:24,198,16.52,109.2MB,34068.5,0.33,10.34GB / 10.43GB,0B / 0B
2026-03-30 20:31:37,199,16.52,109.7MB,34068.5,0.33,10.35GB / 10.44GB,0B / 0B
2026-03-30 20:31:49,199,16.52,109.3MB,34068.5,0.33,10.36GB / 10.45GB,0B / 0B
2026-03-30 20:32:01,199,16.53,109.1MB,34068.5,0.33,10.37GB / 10.46GB,0B / 0B
2026-03-30 20:32:14,199,16.53,109.5MB,34068.5,0.33,10.38GB / 10.47GB,0B / 0B
2026-03-30 20:32:26,200,16.53,109.8MB,34068.5,0.33,10.39GB / 10.48GB,0B / 0B
2026-03-30 20:32:38,200,16.53,109.6MB,34068.5,0.33,10.4GB / 10.49GB,0B / 0B
2026-03-30 20:32:50,200,16.53,110.5MB,34068.5,0.33,10.41GB / 10.5GB,0B / 0B
2026-03-30 20:33:03,200,16.54,109.8MB,34068.5,0.33,10.42GB / 10.51GB,0B / 0B
2026-03-30 20:33:15,200,16.54,110.5MB,34068.5,0.33,10.44GB / 10.52GB,0B / 0B
2026-03-30 20:33:28,201,16.54,110.1MB,34068.5,0.33,10.45GB / 10.54GB,0B / 0B
2026-03-30 20:33:40,201,16.54,109.4MB,34068.5,0.33,10.46GB / 10.55GB,0B / 0B
2026-03-30 20:33:52,201,16.54,110.4MB,34068.5,0.33,10.47GB / 10.56GB,0B / 0B
2026-03-30 20:34:04,201,16.54,110.4MB,34068.5,0.33,10.48GB / 10.57GB,0B / 0B
2026-03-30 20:34:17,201,16.54,110.2MB,34068.5,0.33,10.49GB / 10.58GB,0B / 0B
2026-03-30 20:34:29,202,16.54,110MB,34068.5,0.33,10.5GB / 10.59GB,0B / 0B
2026-03-30 20:34:42,202,16.55,109.5MB,34068.5,0.33,10.51GB / 10.6GB,0B / 0B
2026-03-30 20:34:55,202,16.55,111MB,34068.5,0.33,10.52GB / 10.61GB,0B / 0B
2026-03-30 20:35:07,202,16.55,110.7MB,34068.5,0.33,10.53GB / 10.62GB,0B / 0B
2026-03-30 20:35:19,202,16.55,110.7MB,34068.5,0.33,10.54GB / 10.63GB,0B / 0B
2026-03-30 20:35:31,203,16.55,109.7MB,34068.5,0.33,10.55GB / 10.64GB,0B / 0B
2026-03-30 20:35:44,203,16.55,109.9MB,34068.5,0.33,10.56GB / 10.65GB,0B / 0B
2026-03-30 20:35:56,203,16.55,110.4MB,34068.5,0.33,10.57GB / 10.66GB,0B / 0B
2026-03-30 20:36:08,203,16.55,109.5MB,34068.5,0.33,10.59GB / 10.68GB,0B / 0B
2026-03-30 20:36:21,203,16.55,110.4MB,34068.5,0.33,10.6GB / 10.69GB,0B / 0B
2026-03-30 20:36:33,204,16.55,110.2MB,34068.5,0.33,10.61GB / 10.7GB,0B / 0B
2026-03-30 20:36:45,204,16.55,110.6MB,34068.5,0.33,10.62GB / 10.71GB,0B / 0B
2026-03-30 20:36:58,204,16.55,110.1MB,34068.5,0.33,10.63GB / 10.72GB,0B / 0B
2026-03-30 20:37:10,204,16.56,110.3MB,34068.5,0.33,10.64GB / 10.73GB,0B / 0B
2026-03-30 20:37:22,204,16.56,110MB,34068.5,0.33,10.65GB / 10.74GB,0B / 0B
2026-03-30 20:37:35,205,16.56,110.1MB,34068.5,0.33,10.66GB / 10.75GB,0B / 0B
2026-03-30 20:37:47,205,16.56,110.1MB,34068.5,0.33,10.67GB / 10.76GB,0B / 0B
2026-03-30 20:37:59,205,16.56,110.3MB,34068.5,0.33,10.68GB / 10.77GB,0B / 0B
2026-03-30 20:38:11,205,16.56,110.7MB,34068.5,0.33,10.69GB / 10.78GB,0B / 0B
2026-03-30 20:38:24,205,16.56,109.7MB,34068.5,0.33,10.7GB / 10.79GB,0B / 0B
2026-03-30 20:38:36,206,16.56,110.5MB,34068.5,0.33,10.71GB / 10.8GB,0B / 0B
2026-03-30 20:38:48,206,16.56,110.9MB,34068.5,0.33,10.72GB / 10.81GB,0B / 0B
2026-03-30 20:39:01,206,16.56,110.2MB,34068.5,0.33,10.73GB / 10.83GB,0B / 0B
2026-03-30 20:39:13,206,16.56,110.3MB,34068.5,0.33,10.74GB / 10.84GB,0B / 0B
2026-03-30 20:39:25,207,16.56,110.1MB,34068.5,0.33,10.76GB / 10.85GB,0B / 0B
2026-03-30 20:39:38,207,16.56,110.3MB,34068.5,0.33,10.77GB / 10.86GB,0B / 0B
2026-03-30 20:39:50,207,16.57,110.1MB,34068.5,0.33,10.78GB / 10.87GB,0B / 0B
2026-03-30 20:40:02,207,16.57,111MB,34068.5,0.33,10.79GB / 10.88GB,0B / 0B
2026-03-30 20:40:14,207,16.57,111.4MB,34068.5,0.33,10.8GB / 10.89GB,0B / 0B
2026-03-30 20:40:27,208,16.57,110.2MB,34068.5,0.33,10.81GB / 10.9GB,0B / 0B
2026-03-30 20:40:39,208,16.57,110.6MB,34068.5,0.33,10.82GB / 10.91GB,0B / 0B
2026-03-30 20:40:51,208,16.57,111.3MB,34068.5,0.33,10.83GB / 10.92GB,0B / 0B
2026-03-30 20:41:04,208,16.57,110.5MB,34068.5,0.33,10.84GB / 10.93GB,0B / 0B
2026-03-30 20:41:16,208,16.57,111.1MB,34068.5,0.33,10.85GB / 10.94GB,0B / 0B
2026-03-30 20:41:28,209,16.57,110.6MB,34068.5,0.33,10.86GB / 10.95GB,0B / 0B
2026-03-30 20:41:40,209,16.57,111MB,34068.5,0.33,10.87GB / 10.96GB,0B / 0B
2026-03-30 20:41:53,209,16.57,110.6MB,34068.5,0.33,10.88GB / 10.97GB,0B / 0B
2026-03-30 20:42:05,209,16.58,111.3MB,34068.5,0.33,10.89GB / 10.99GB,0B / 0B
2026-03-30 20:42:17,209,16.58,110.8MB,34068.5,0.33,10.9GB / 11GB,0B / 0B
2026-03-30 20:42:29,210,16.58,110.8MB,34068.5,0.33,10.91GB / 11.01GB,0B / 0B
2026-03-30 20:42:42,210,16.58,110.1MB,34068.5,0.33,10.92GB / 11.02GB,0B / 0B
2026-03-30 20:42:54,210,16.58,110.4MB,34068.5,0.33,10.94GB / 11.03GB,0B / 0B
2026-03-30 20:43:06,210,16.58,110.3MB,34068.5,0.33,10.95GB / 11.04GB,0B / 0B
2026-03-30 20:43:19,210,16.58,111MB,34068.5,0.33,10.96GB / 11.05GB,0B / 0B
2026-03-30 20:43:31,211,16.58,110.5MB,34068.5,0.33,10.97GB / 11.06GB,0B / 0B
2026-03-30 20:43:43,211,16.57,110.4MB,34068.5,0.33,10.97GB / 11.06GB,0B / 0B
2026-03-30 20:43:55,211,16.57,110.5MB,34068.5,0.33,10.98GB / 11.07GB,0B / 0B
2026-03-30 20:44:07,211,16.57,110.7MB,34068.5,0.33,10.99GB / 11.08GB,0B / 0B
2026-03-30 20:44:20,211,16.57,110.6MB,34068.5,0.33,11GB / 11.09GB,0B / 0B
2026-03-30 20:44:32,212,16.57,111.2MB,34068.5,0.33,11.01GB / 11.1GB,0B / 0B
2026-03-30 20:44:44,212,16.57,110.4MB,34068.5,0.33,11.02GB / 11.12GB,0B / 0B
2026-03-30 20:44:57,212,16.57,111MB,34068.5,0.33,11.03GB / 11.13GB,0B / 0B
2026-03-30 20:45:09,212,16.57,111.6MB,34068.5,0.34,11.04GB / 11.14GB,0B / 0B
2026-03-30 20:45:22,212,16.57,111.1MB,34068.5,0.33,11.05GB / 11.15GB,0B / 0B
2026-03-30 20:45:34,213,16.58,110.5MB,34068.5,0.33,11.06GB / 11.16GB,0B / 0B
2026-03-30 20:45:46,213,16.58,110.7MB,34068.5,0.33,11.07GB / 11.17GB,0B / 0B
2026-03-30 20:45:59,213,16.58,110.7MB,34068.5,0.33,11.09GB / 11.18GB,0B / 0B
2026-03-30 20:46:11,213,16.58,111.1MB,34068.5,0.33,11.1GB / 11.19GB,0B / 0B
2026-03-30 20:46:23,213,16.58,111.1MB,34068.5,0.33,11.11GB / 11.2GB,0B / 0B
2026-03-30 20:46:36,214,16.58,111.4MB,34068.5,0.33,11.12GB / 11.21GB,0B / 0B
2026-03-30 20:46:48,214,16.58,111.8MB,34068.5,0.34,11.13GB / 11.22GB,0B / 0B
2026-03-30 20:47:00,214,16.58,111.4MB,34068.5,0.33,11.14GB / 11.23GB,0B / 0B
2026-03-30 20:47:13,214,16.58,111.2MB,34068.5,0.33,11.15GB / 11.24GB,0B / 0B
2026-03-30 20:47:25,215,16.58,111MB,34068.5,0.33,11.16GB / 11.25GB,0B / 0B
2026-03-30 20:47:37,215,16.58,111.2MB,34068.5,0.33,11.17GB / 11.27GB,0B / 0B
2026-03-30 20:47:49,215,16.58,111.4MB,34068.5,0.33,11.18GB / 11.28GB,0B / 0B
2026-03-30 20:48:01,215,16.58,110.6MB,34068.5,0.33,11.19GB / 11.29GB,0B / 0B
2026-03-30 20:48:14,215,16.58,111.7MB,34068.5,0.34,11.2GB / 11.3GB,0B / 0B
2026-03-30 20:48:26,216,16.58,111.2MB,34068.5,0.33,11.21GB / 11.31GB,0B / 0B
2026-03-30 20:48:39,216,16.58,111.6MB,34068.5,0.34,11.22GB / 11.32GB,0B / 0B
2026-03-30 20:48:51,216,16.59,110.9MB,34068.5,0.33,11.23GB / 11.33GB,0B / 0B
2026-03-30 20:49:04,216,16.59,110.9MB,34068.5,0.33,11.24GB / 11.34GB,0B / 0B
2026-03-30 20:49:16,216,16.59,111.5MB,34068.5,0.34,11.26GB / 11.35GB,0B / 0B
2026-03-30 20:49:28,217,16.59,111.3MB,34068.5,0.33,11.27GB / 11.36GB,0B / 0B
2026-03-30 20:49:41,217,16.59,111.2MB,34068.5,0.33,11.28GB / 11.37GB,0B / 0B
2026-03-30 20:49:53,217,16.59,111.7MB,34068.5,0.34,11.29GB / 11.38GB,0B / 0B
2026-03-30 20:50:05,217,16.59,112.2MB,34068.5,0.34,11.3GB / 11.39GB,0B / 0B
2026-03-30 20:50:18,217,16.60,111.2MB,34068.5,0.33,11.31GB / 11.4GB,0B / 0B
2026-03-30 20:50:30,218,16.60,111.5MB,34068.5,0.34,11.32GB / 11.41GB,0B / 0B
2026-03-30 20:50:42,218,16.60,111MB,34068.5,0.33,11.33GB / 11.43GB,0B / 0B
2026-03-30 20:50:55,218,16.60,112.1MB,34068.5,0.34,11.34GB / 11.44GB,0B / 0B
2026-03-30 20:51:07,218,16.60,111.1MB,34068.5,0.33,11.35GB / 11.45GB,0B / 0B
2026-03-30 20:51:19,218,16.60,111.2MB,34068.5,0.33,11.36GB / 11.46GB,0B / 0B
2026-03-30 20:51:32,219,16.60,111.5MB,34068.5,0.34,11.37GB / 11.47GB,0B / 0B
2026-03-30 20:51:44,219,16.60,111.9MB,34068.5,0.34,11.38GB / 11.48GB,0B / 0B
2026-03-30 20:51:56,219,16.60,111.5MB,34068.5,0.34,11.39GB / 11.49GB,0B / 0B
2026-03-30 20:52:09,219,16.60,112.1MB,34068.5,0.34,11.4GB / 11.5GB,0B / 0B
2026-03-30 20:52:21,219,16.60,111.3MB,34068.5,0.33,11.41GB / 11.51GB,0B / 0B
2026-03-30 20:52:33,220,16.60,111.8MB,34068.5,0.34,11.42GB / 11.52GB,0B / 0B
2026-03-30 20:52:45,220,16.60,111.4MB,34068.5,0.33,11.43GB / 11.53GB,0B / 0B
2026-03-30 20:52:57,220,16.60,112.7MB,34068.5,0.34,11.45GB / 11.54GB,0B / 0B
2026-03-30 20:53:10,220,16.61,111.7MB,34068.5,0.34,11.46GB / 11.55GB,0B / 0B
2026-03-30 20:53:22,220,16.61,111.3MB,34068.5,0.33,11.47GB / 11.56GB,0B / 0B
2026-03-30 20:53:34,221,16.61,111.8MB,34068.5,0.34,11.48GB / 11.57GB,0B / 0B
2026-03-30 20:53:46,221,16.61,112.1MB,34068.5,0.34,11.49GB / 11.59GB,0B / 0B
2026-03-30 20:53:58,221,16.61,112.2MB,34068.5,0.34,11.5GB / 11.6GB,0B / 0B
2026-03-30 20:54:10,221,16.61,111.3MB,34068.5,0.33,11.51GB / 11.61GB,0B / 0B
2026-03-30 20:54:23,221,16.61,112MB,34068.5,0.34,11.52GB / 11.62GB,0B / 0B
2026-03-30 20:54:35,222,16.61,111.3MB,34068.5,0.33,11.53GB / 11.63GB,0B / 0B
2026-03-30 20:54:47,222,16.61,112.4MB,34068.5,0.34,11.54GB / 11.64GB,0B / 0B
2026-03-30 20:55:00,222,16.61,111.5MB,34068.5,0.34,11.55GB / 11.65GB,0B / 0B
2026-03-30 20:55:12,222,16.61,111.9MB,34068.5,0.34,11.56GB / 11.66GB,0B / 0B
2026-03-30 20:55:24,222,16.61,111.6MB,34068.5,0.34,11.57GB / 11.67GB,0B / 0B
2026-03-30 20:55:36,223,16.61,112.2MB,34068.5,0.34,11.58GB / 11.68GB,0B / 0B
2026-03-30 20:55:48,223,16.61,112.2MB,34068.5,0.34,11.59GB / 11.69GB,0B / 0B
2026-03-30 20:56:01,223,16.61,111.4MB,34068.5,0.33,11.6GB / 11.7GB,0B / 0B
2026-03-30 20:56:13,223,16.61,111.9MB,34068.5,0.34,11.61GB / 11.71GB,0B / 0B
2026-03-30 20:56:25,224,16.61,111.7MB,34068.5,0.34,11.62GB / 11.72GB,0B / 0B
2026-03-30 20:56:37,224,16.62,112.4MB,34068.5,0.34,11.64GB / 11.73GB,0B / 0B
2026-03-30 20:56:50,224,16.62,112.1MB,34068.5,0.34,11.65GB / 11.74GB,0B / 0B
2026-03-30 20:57:02,224,16.62,111.5MB,34068.5,0.34,11.66GB / 11.76GB,0B / 0B
2026-03-30 20:57:14,224,16.62,112.9MB,34068.5,0.34,11.67GB / 11.77GB,0B / 0B
2026-03-30 20:57:27,225,16.62,111.8MB,34068.5,0.34,11.68GB / 11.78GB,0B / 0B
2026-03-30 20:57:39,225,16.62,112MB,34068.5,0.34,11.69GB / 11.79GB,0B / 0B
2026-03-30 20:57:52,225,16.62,112MB,34068.5,0.34,11.7GB / 11.8GB,0B / 0B
2026-03-30 20:58:04,225,16.62,112.4MB,34068.5,0.34,11.71GB / 11.81GB,0B / 0B
2026-03-30 20:58:16,225,16.62,112.6MB,34068.5,0.34,11.72GB / 11.82GB,0B / 0B
2026-03-30 20:58:28,226,16.62,111.7MB,34068.5,0.34,11.73GB / 11.83GB,0B / 0B
2026-03-30 20:58:41,226,16.62,112.5MB,34068.5,0.34,11.74GB / 11.84GB,0B / 0B
2026-03-30 20:58:53,226,16.62,112.5MB,34068.5,0.34,11.75GB / 11.85GB,0B / 0B
2026-03-30 20:59:06,226,16.63,112MB,34068.5,0.34,11.76GB / 11.86GB,0B / 0B
2026-03-30 20:59:18,226,16.63,112.4MB,34068.5,0.34,11.77GB / 11.87GB,0B / 0B
2026-03-30 20:59:30,227,16.63,112.5MB,34068.5,0.34,11.78GB / 11.88GB,0B / 0B
2026-03-30 20:59:42,227,16.63,112.2MB,34068.5,0.34,11.79GB / 11.89GB,0B / 0B
2026-03-30 20:59:54,227,16.63,113MB,34068.5,0.34,11.8GB / 11.9GB,0B / 0B
2026-03-30 21:00:07,227,16.63,112.6MB,34068.5,0.34,11.81GB / 11.92GB,0B / 0B
2026-03-30 21:00:19,227,16.63,112.3MB,34068.5,0.34,11.83GB / 11.93GB,0B / 0B
2026-03-30 21:00:31,228,16.63,112.3MB,34068.5,0.34,11.84GB / 11.94GB,0B / 0B
2026-03-30 21:00:44,228,16.63,112.6MB,34068.5,0.34,11.85GB / 11.95GB,0B / 0B
2026-03-30 21:00:56,228,16.63,113MB,34068.5,0.34,11.86GB / 11.96GB,0B / 0B
2026-03-30 21:01:08,228,16.63,112.7MB,34068.5,0.34,11.87GB / 11.97GB,0B / 0B
2026-03-30 21:01:21,228,16.63,112.2MB,34068.5,0.34,11.88GB / 11.98GB,0B / 0B
2026-03-30 21:01:33,229,16.63,113.2MB,34068.5,0.34,11.89GB / 11.99GB,0B / 0B
2026-03-30 21:01:45,229,16.63,112.2MB,34068.5,0.34,11.9GB / 12GB,0B / 0B
2026-03-30 21:01:57,229,16.63,113.4MB,34068.5,0.34,11.91GB / 12.01GB,0B / 0B
2026-03-30 21:02:10,229,16.63,112.7MB,34068.5,0.34,11.92GB / 12.02GB,0B / 0B
2026-03-30 21:02:22,229,16.63,113.2MB,34068.5,0.34,11.93GB / 12.03GB,0B / 0B
2026-03-30 21:02:34,230,16.63,112.3MB,34068.5,0.34,11.94GB / 12.04GB,0B / 0B
2026-03-30 21:02:46,230,16.63,112.6MB,34068.5,0.34,11.95GB / 12.05GB,0B / 0B
2026-03-30 21:02:58,230,16.64,112.5MB,34068.5,0.34,11.96GB / 12.06GB,0B / 0B
2026-03-30 21:03:11,230,16.64,113.2MB,34068.5,0.34,11.97GB / 12.07GB,0B / 0B
2026-03-30 21:03:23,230,16.64,112.8MB,34068.5,0.34,11.98GB / 12.09GB,0B / 0B
2026-03-30 21:03:36,231,16.64,112.6MB,34068.5,0.34,11.99GB / 12.1GB,0B / 0B
2026-03-30 21:03:48,231,16.64,113MB,34068.5,0.34,12.01GB / 12.11GB,0B / 0B
2026-03-30 21:04:00,231,16.64,113.3MB,34068.5,0.34,12.02GB / 12.12GB,0B / 0B
2026-03-30 21:04:13,231,16.64,112.7MB,34068.5,0.34,12.03GB / 12.13GB,0B / 0B
2026-03-30 21:04:25,232,16.64,113MB,34068.5,0.34,12.04GB / 12.14GB,0B / 0B
2026-03-30 21:04:37,232,16.65,112.7MB,34068.5,0.34,12.05GB / 12.15GB,0B / 0B
2026-03-30 21:04:50,232,16.65,112.6MB,34068.5,0.34,12.06GB / 12.16GB,0B / 0B
2026-03-30 21:05:03,232,16.65,112.8MB,34068.5,0.34,12.07GB / 12.17GB,0B / 0B
2026-03-30 21:05:15,232,16.65,112.8MB,34068.5,0.34,12.08GB / 12.18GB,0B / 0B
2026-03-30 21:05:27,233,16.65,113.2MB,34068.5,0.34,12.09GB / 12.19GB,0B / 0B
2026-03-30 21:05:39,233,16.65,113.4MB,34068.5,0.34,12.1GB / 12.2GB,0B / 0B
2026-03-30 21:05:52,233,16.65,113.4MB,34068.5,0.34,12.11GB / 12.22GB,0B / 0B
2026-03-30 21:06:04,233,16.65,112.8MB,34068.5,0.34,12.12GB / 12.23GB,0B / 0B
2026-03-30 21:06:17,233,16.65,113.2MB,34068.5,0.34,12.13GB / 12.24GB,0B / 0B
2026-03-30 21:06:29,234,16.65,113.6MB,34068.5,0.34,12.14GB / 12.25GB,0B / 0B
2026-03-30 21:06:41,234,16.65,113.2MB,34068.5,0.34,12.16GB / 12.26GB,0B / 0B
2026-03-30 21:06:54,234,16.65,113.3MB,34068.5,0.34,12.17GB / 12.27GB,0B / 0B
2026-03-30 21:07:06,234,16.65,113.1MB,34068.5,0.34,12.18GB / 12.28GB,0B / 0B
2026-03-30 21:07:19,234,16.65,112.8MB,34068.5,0.34,12.19GB / 12.29GB,0B / 0B
2026-03-30 21:07:31,235,16.66,113MB,34068.5,0.34,12.2GB / 12.3GB,0B / 0B
2026-03-30 21:07:43,235,16.66,113.5MB,34068.5,0.34,12.21GB / 12.31GB,0B / 0B
2026-03-30 21:07:56,235,16.66,113.3MB,34068.5,0.34,12.22GB / 12.32GB,0B / 0B
2026-03-30 21:08:08,235,16.66,113.5MB,34068.5,0.34,12.23GB / 12.33GB,0B / 0B
2026-03-30 21:08:20,235,16.66,113MB,34068.5,0.34,12.24GB / 12.34GB,0B / 0B
2026-03-30 21:08:32,236,16.66,113.7MB,34068.5,0.34,12.25GB / 12.35GB,0B / 0B
2026-03-30 21:08:45,236,16.66,112.9MB,34068.5,0.34,12.26GB / 12.37GB,0B / 0B
2026-03-30 21:08:57,236,16.66,113.3MB,34068.5,0.34,12.27GB / 12.38GB,0B / 0B
2026-03-30 21:09:09,236,16.66,113.5MB,34068.5,0.34,12.28GB / 12.39GB,0B / 0B
2026-03-30 21:09:21,236,16.66,113.5MB,34068.5,0.34,12.29GB / 12.4GB,0B / 0B
2026-03-30 21:09:34,237,16.66,112.8MB,34068.5,0.34,12.3GB / 12.41GB,0B / 0B
2026-03-30 21:09:46,237,16.66,113.6MB,34068.5,0.34,12.31GB / 12.42GB,0B / 0B
2026-03-30 21:09:58,237,16.66,113.6MB,34068.5,0.34,12.32GB / 12.43GB,0B / 0B
2026-03-30 21:10:11,237,16.66,113.4MB,34068.5,0.34,12.33GB / 12.44GB,0B / 0B
2026-03-30 21:10:23,237,16.67,112.8MB,34068.5,0.34,12.35GB / 12.45GB,0B / 0B
2026-03-30 21:10:35,238,16.67,112.9MB,34068.5,0.34,12.36GB / 12.46GB,0B / 0B
2026-03-30 21:10:48,238,16.67,113.5MB,34068.5,0.34,12.37GB / 12.47GB,0B / 0B
2026-03-30 21:11:00,238,16.67,113.4MB,34068.5,0.34,12.38GB / 12.48GB,0B / 0B
2026-03-30 21:11:12,238,16.67,113.3MB,34068.5,0.34,12.39GB / 12.49GB,0B / 0B
2026-03-30 21:11:25,239,16.67,114.1MB,34068.5,0.34,12.4GB / 12.5GB,0B / 0B
2026-03-30 21:11:37,239,16.67,114.1MB,34068.5,0.34,12.41GB / 12.51GB,0B / 0B
2026-03-30 21:11:49,239,16.67,113.9MB,34068.5,0.34,12.42GB / 12.53GB,0B / 0B
2026-03-30 21:12:02,239,16.67,113.9MB,34068.5,0.34,12.43GB / 12.54GB,0B / 0B
2026-03-30 21:12:14,239,16.67,113MB,34068.5,0.34,12.44GB / 12.55GB,0B / 0B
2026-03-30 21:12:26,240,16.67,113.9MB,34068.5,0.34,12.45GB / 12.56GB,0B / 0B
2026-03-30 21:12:39,240,16.68,113.3MB,34068.5,0.34,12.46GB / 12.57GB,0B / 0B
2026-03-30 21:12:51,240,16.68,113.8MB,34068.5,0.34,12.47GB / 12.58GB,0B / 0B
2026-03-30 21:13:03,240,16.68,114.5MB,34068.5,0.34,12.48GB / 12.59GB,0B / 0B
2026-03-30 21:13:16,240,16.68,113.4MB,34068.5,0.34,12.49GB / 12.6GB,0B / 0B
2026-03-30 21:13:28,241,16.68,113.2MB,34068.5,0.34,12.5GB / 12.61GB,0B / 0B
2026-03-30 21:13:40,241,16.68,114.1MB,34068.5,0.34,12.52GB / 12.62GB,0B / 0B
2026-03-30 21:13:53,241,16.67,113.3MB,34068.5,0.34,12.52GB / 12.62GB,0B / 0B
2026-03-30 21:14:05,241,16.67,113.8MB,34068.5,0.34,12.53GB / 12.63GB,0B / 0B
2026-03-30 21:14:18,241,16.67,113.4MB,34068.5,0.34,12.54GB / 12.65GB,0B / 0B
2026-03-30 21:14:30,242,16.67,114MB,34068.5,0.34,12.55GB / 12.66GB,0B / 0B
2026-03-30 21:14:42,242,16.67,114.1MB,34068.5,0.34,12.56GB / 12.67GB,0B / 0B
2026-03-30 21:14:54,242,16.67,113.9MB,34068.5,0.34,12.57GB / 12.68GB,0B / 0B
2026-03-30 21:15:07,242,16.67,114.2MB,34068.5,0.34,12.58GB / 12.69GB,0B / 0B
2026-03-30 21:15:19,242,16.67,114.4MB,34068.5,0.34,12.59GB / 12.7GB,0B / 0B
2026-03-30 21:15:32,243,16.67,113.7MB,34068.5,0.34,12.6GB / 12.71GB,0B / 0B
2026-03-30 21:15:44,243,16.67,114.2MB,34068.5,0.34,12.61GB / 12.72GB,0B / 0B
2026-03-30 21:15:56,243,16.67,113.8MB,34068.5,0.34,12.62GB / 12.73GB,0B / 0B
2026-03-30 21:16:09,243,16.67,114.7MB,34068.5,0.34,12.63GB / 12.74GB,0B / 0B
2026-03-30 21:16:21,243,16.67,109.3MB,34068.5,0.33,12.64GB / 12.75GB,0B / 393.2kB
2026-03-30 21:16:33,244,16.67,109.1MB,34068.5,0.33,12.66GB / 12.76GB,0B / 393.2kB
2026-03-30 21:16:46,244,16.67,108.6MB,34068.5,0.33,12.67GB / 12.77GB,0B / 393.2kB
2026-03-30 21:16:58,244,16.67,109.5MB,34068.5,0.33,12.68GB / 12.78GB,0B / 393.2kB
2026-03-30 21:17:10,244,16.68,110.2MB,34068.5,0.33,12.69GB / 12.8GB,0B / 393.2kB
2026-03-30 21:17:22,244,16.68,109.5MB,34068.5,0.33,12.7GB / 12.81GB,0B / 393.2kB
2026-03-30 21:17:35,245,16.68,108.7MB,34068.5,0.33,12.71GB / 12.82GB,0B / 393.2kB
2026-03-30 21:17:47,245,16.68,109.9MB,34068.5,0.33,12.72GB / 12.83GB,0B / 393.2kB
2026-03-30 21:17:59,245,16.68,108.9MB,34068.5,0.33,12.73GB / 12.84GB,0B / 393.2kB
2026-03-30 21:18:11,245,16.68,109.3MB,34068.5,0.33,12.74GB / 12.85GB,0B / 393.2kB
2026-03-30 21:18:24,245,16.68,108.7MB,34068.5,0.33,12.75GB / 12.86GB,0B / 393.2kB
2026-03-30 21:18:36,246,16.68,109.5MB,34068.5,0.33,12.76GB / 12.87GB,0B / 393.2kB
2026-03-30 21:18:48,246,16.68,108.9MB,34068.5,0.33,12.77GB / 12.88GB,0B / 393.2kB
2026-03-30 21:19:01,246,16.68,109.6MB,34068.5,0.33,12.78GB / 12.89GB,0B / 393.2kB
2026-03-30 21:19:13,246,16.68,109.5MB,34068.5,0.33,12.79GB / 12.9GB,0B / 393.2kB
2026-03-30 21:19:25,247,16.68,108.8MB,34068.5,0.33,12.8GB / 12.91GB,0B / 393.2kB
2026-03-30 21:19:38,247,16.68,110.4MB,34068.5,0.33,12.81GB / 12.92GB,0B / 393.2kB
2026-03-30 21:19:50,247,16.68,109.1MB,34068.5,0.33,12.83GB / 12.93GB,0B / 393.2kB
2026-03-30 21:20:03,247,16.68,109.5MB,34068.5,0.33,12.84GB / 12.95GB,0B / 393.2kB
2026-03-30 21:20:15,247,16.68,110.2MB,34068.5,0.33,12.85GB / 12.96GB,0B / 393.2kB
2026-03-30 21:20:27,248,16.68,109.7MB,34068.5,0.33,12.86GB / 12.97GB,0B / 393.2kB
2026-03-30 21:20:40,248,16.68,109MB,34068.5,0.33,12.87GB / 12.98GB,0B / 1.004MB
2026-03-30 21:20:52,248,16.68,108.6MB,34068.5,0.33,12.88GB / 12.99GB,0B / 1.114MB
2026-03-30 21:21:04,248,16.68,108.8MB,34068.5,0.33,12.89GB / 13GB,0B / 1.114MB
2026-03-30 21:21:16,248,16.69,109.4MB,34068.5,0.33,12.9GB / 13.01GB,0B / 1.167MB
2026-03-30 21:21:29,249,16.69,108.6MB,34068.5,0.33,12.91GB / 13.02GB,0B / 1.167MB
2026-03-30 21:21:41,249,16.69,109.4MB,34068.5,0.33,12.92GB / 13.03GB,0B / 1.167MB
2026-03-30 21:21:53,249,16.69,109.4MB,34068.5,0.33,12.93GB / 13.04GB,0B / 1.167MB
2026-03-30 21:22:06,249,16.69,108.6MB,34068.5,0.33,12.94GB / 13.05GB,0B / 1.188MB
2026-03-30 21:22:18,249,16.69,109.4MB,34068.5,0.33,12.95GB / 13.06GB,0B / 1.188MB
2026-03-30 21:22:30,250,16.69,108.9MB,34068.5,0.33,12.96GB / 13.07GB,0B / 1.188MB
2026-03-30 21:22:43,250,16.69,109MB,34068.5,0.33,12.97GB / 13.08GB,0B / 1.188MB
2026-03-30 21:22:55,250,16.69,108.6MB,34068.5,0.33,12.98GB / 13.1GB,0B / 1.188MB
2026-03-30 21:23:07,250,16.69,109.4MB,34068.5,0.33,13GB / 13.11GB,0B / 1.188MB
2026-03-30 21:23:20,250,16.69,109.5MB,34068.5,0.33,13.01GB / 13.12GB,0B / 1.188MB
2026-03-30 21:23:32,251,16.69,109MB,34068.5,0.33,13.02GB / 13.13GB,0B / 1.188MB
2026-03-30 21:23:44,251,16.69,109MB,34068.5,0.33,13.03GB / 13.14GB,0B / 1.188MB
2026-03-30 21:23:57,251,16.69,108.8MB,34068.5,0.33,13.04GB / 13.15GB,0B / 1.188MB
2026-03-30 21:24:09,251,16.69,109.9MB,34068.5,0.33,13.05GB / 13.16GB,0B / 1.188MB
2026-03-30 21:24:21,251,16.69,109.7MB,34068.5,0.33,13.06GB / 13.17GB,0B / 1.188MB
2026-03-30 21:24:34,252,16.70,108.4MB,34068.5,0.33,13.07GB / 13.18GB,0B / 1.249MB
2026-03-30 21:24:46,252,16.70,109.2MB,34068.5,0.33,13.08GB / 13.19GB,0B / 1.266MB
2026-03-30 21:24:58,252,16.70,108.7MB,34068.5,0.33,13.09GB / 13.2GB,0B / 1.266MB
2026-03-30 21:25:11,252,16.70,109MB,34068.5,0.33,13.1GB / 13.21GB,0B / 1.266MB
2026-03-30 21:25:24,252,16.70,109.1MB,34068.5,0.33,13.11GB / 13.22GB,0B / 1.266MB
2026-03-30 21:25:36,253,16.70,109.4MB,34068.5,0.33,13.12GB / 13.24GB,0B / 1.266MB
2026-03-30 21:25:48,253,16.70,108.3MB,34068.5,0.33,13.13GB / 13.25GB,0B / 1.679MB
2026-03-30 21:26:00,253,16.70,108.1MB,34068.5,0.32,13.14GB / 13.26GB,0B / 1.679MB
2026-03-30 21:26:13,253,16.70,108.6MB,34068.5,0.33,13.16GB / 13.27GB,0B / 1.679MB
2026-03-30 21:26:25,254,16.70,108.6MB,34068.5,0.33,13.17GB / 13.28GB,0B / 1.679MB
2026-03-30 21:26:37,254,16.70,108.6MB,34068.5,0.33,13.18GB / 13.29GB,0B / 1.679MB
2026-03-30 21:26:49,254,16.70,109MB,34068.5,0.33,13.19GB / 13.3GB,0B / 1.679MB
2026-03-30 21:27:02,254,16.70,108.4MB,34068.5,0.33,13.2GB / 13.31GB,0B / 1.679MB
2026-03-30 21:27:14,254,16.70,108.2MB,34068.5,0.33,13.21GB / 13.32GB,0B / 1.679MB
2026-03-30 21:27:26,255,16.70,108.5MB,34068.5,0.33,13.22GB / 13.33GB,0B / 1.679MB
2026-03-30 21:27:38,255,16.70,108.3MB,34068.5,0.33,13.23GB / 13.34GB,0B / 2.458MB
2026-03-30 21:27:51,255,16.70,107.5MB,34068.5,0.32,13.24GB / 13.35GB,0B / 2.458MB
2026-03-30 21:28:03,255,16.70,108.3MB,34068.5,0.33,13.25GB / 13.36GB,0B / 2.458MB
2026-03-30 21:28:15,255,16.70,107.9MB,34068.5,0.32,13.26GB / 13.37GB,0B / 2.458MB
2026-03-30 21:28:27,256,16.70,108MB,34068.5,0.32,13.27GB / 13.38GB,0B / 2.773MB
2026-03-30 21:28:40,256,16.70,108.9MB,34068.5,0.33,13.28GB / 13.39GB,0B / 2.773MB
2026-03-30 21:28:52,256,16.70,107.5MB,34068.5,0.32,13.29GB / 13.41GB,0B / 2.773MB
2026-03-30 21:29:04,256,16.71,107.1MB,34068.5,0.32,13.3GB / 13.42GB,0B / 2.785MB
2026-03-30 21:29:17,256,16.71,107.4MB,34068.5,0.32,13.31GB / 13.43GB,0B / 2.785MB
2026-03-30 21:29:29,257,16.71,108MB,34068.5,0.32,13.32GB / 13.44GB,0B / 2.785MB
2026-03-30 21:29:41,257,16.71,108.5MB,34068.5,0.33,13.33GB / 13.45GB,0B / 2.785MB
2026-03-30 21:29:53,257,16.71,107.5MB,34068.5,0.32,13.34GB / 13.46GB,0B / 2.863MB
2026-03-30 21:30:06,257,16.71,108MB,34068.5,0.32,13.36GB / 13.47GB,0B / 3.42MB
2026-03-30 21:30:18,257,16.71,107.4MB,34068.5,0.32,13.37GB / 13.48GB,0B / 3.42MB
2026-03-30 21:30:30,258,16.71,107.7MB,34068.5,0.32,13.38GB / 13.49GB,0B / 3.42MB
2026-03-30 21:30:43,258,16.71,107.1MB,34068.5,0.32,13.39GB / 13.5GB,0B / 3.42MB
2026-03-30 21:30:55,258,16.71,107.3MB,34068.5,0.32,13.4GB / 13.51GB,0B / 3.42MB
2026-03-30 21:31:07,258,16.71,106.6MB,34068.5,0.32,13.41GB / 13.52GB,0B / 3.678MB
2026-03-30 21:31:19,258,16.71,106.3MB,34068.5,0.32,13.42GB / 13.53GB,0B / 3.908MB
2026-03-30 21:31:32,259,16.72,107.6MB,34068.5,0.32,13.43GB / 13.54GB,0B / 3.908MB
2026-03-30 21:31:44,259,16.72,106.5MB,34068.5,0.32,13.44GB / 13.55GB,0B / 3.908MB
2026-03-30 21:31:56,259,16.72,107.7MB,34068.5,0.32,13.45GB / 13.57GB,0B / 3.908MB
2026-03-30 21:32:09,259,16.72,106.8MB,34068.5,0.32,13.46GB / 13.58GB,0B / 3.908MB
2026-03-30 21:32:21,259,16.72,107.3MB,34068.5,0.32,13.47GB / 13.59GB,0B / 3.908MB
2026-03-30 21:32:33,260,16.72,107.9MB,34068.5,0.32,13.48GB / 13.6GB,0B / 3.908MB
2026-03-30 21:32:46,260,16.72,106.8MB,34068.5,0.32,13.49GB / 13.61GB,0B / 3.908MB
2026-03-30 21:32:58,260,16.72,106.9MB,34068.5,0.32,13.5GB / 13.62GB,0B / 3.908MB
2026-03-30 21:33:10,260,16.72,106.8MB,34068.5,0.32,13.51GB / 13.63GB,0B / 3.908MB
2026-03-30 21:33:23,260,16.73,106.6MB,34068.5,0.32,13.53GB / 13.64GB,0B / 3.908MB
2026-03-30 21:33:35,261,16.73,107MB,34068.5,0.32,13.54GB / 13.65GB,0B / 3.908MB
2026-03-30 21:33:47,261,16.73,106.8MB,34068.5,0.32,13.55GB / 13.66GB,0B / 3.908MB
2026-03-30 21:34:00,261,16.73,106.8MB,34068.5,0.32,13.56GB / 13.67GB,0B / 3.908MB
2026-03-30 21:34:12,261,16.73,106.7MB,34068.5,0.32,13.57GB / 13.68GB,0B / 4.157MB
2026-03-30 21:34:24,261,16.73,107MB,34068.5,0.32,13.58GB / 13.69GB,0B / 4.157MB
2026-03-30 21:34:37,262,16.73,107.2MB,34068.5,0.32,13.59GB / 13.7GB,0B / 4.157MB
2026-03-30 21:34:49,262,16.73,106.4MB,34068.5,0.32,13.6GB / 13.71GB,0B / 4.157MB
2026-03-30 21:35:01,262,16.73,106.7MB,34068.5,0.32,13.61GB / 13.73GB,0B / 4.166MB
2026-03-30 21:35:14,262,16.73,107.2MB,34068.5,0.32,13.62GB / 13.74GB,0B / 4.166MB
2026-03-30 21:35:26,263,16.73,107MB,34068.5,0.32,13.63GB / 13.75GB,0B / 4.166MB
2026-03-30 21:35:39,263,16.73,106.7MB,34068.5,0.32,13.64GB / 13.76GB,0B / 4.166MB
2026-03-30 21:35:51,263,16.73,107.4MB,34068.5,0.32,13.65GB / 13.77GB,0B / 4.198MB
2026-03-30 21:36:03,263,16.73,106.7MB,34068.5,0.32,13.66GB / 13.78GB,0B / 4.198MB
2026-03-30 21:36:16,263,16.73,107.4MB,34068.5,0.32,13.67GB / 13.79GB,0B / 4.198MB
2026-03-30 21:36:28,264,16.73,107.8MB,34068.5,0.32,13.68GB / 13.8GB,0B / 4.198MB
2026-03-30 21:36:40,264,16.73,107MB,34068.5,0.32,13.69GB / 13.81GB,0B / 4.444MB
2026-03-30 21:36:53,264,16.73,106.6MB,34068.5,0.32,13.71GB / 13.82GB,0B / 4.444MB
2026-03-30 21:37:05,264,16.73,107MB,34068.5,0.32,13.72GB / 13.83GB,0B / 4.444MB
2026-03-30 21:37:17,264,16.73,107.5MB,34068.5,0.32,13.73GB / 13.84GB,0B / 4.444MB
2026-03-30 21:37:30,265,16.73,106.1MB,34068.5,0.32,13.74GB / 13.85GB,0B / 5.943MB
2026-03-30 21:37:42,265,16.73,106.3MB,34068.5,0.32,13.75GB / 13.86GB,0B / 5.943MB
2026-03-30 21:37:54,265,16.73,105.9MB,34068.5,0.32,13.76GB / 13.88GB,0B / 5.943MB
2026-03-30 21:38:07,265,16.73,105.9MB,34068.5,0.32,13.77GB / 13.89GB,0B / 6.05MB
2026-03-30 21:38:19,265,16.73,104.6MB,34068.5,0.31,13.78GB / 13.9GB,0B / 6.095MB
2026-03-30 21:38:31,266,16.74,105.4MB,34068.5,0.32,13.79GB / 13.91GB,0B / 6.095MB
2026-03-30 21:38:43,266,16.74,104.9MB,34068.5,0.32,13.8GB / 13.92GB,0B / 6.095MB
2026-03-30 21:38:56,266,16.74,104.1MB,34068.5,0.31,13.81GB / 13.93GB,0B / 6.668MB
2026-03-30 21:39:08,266,16.74,102.1MB,34068.5,0.31,13.82GB / 13.94GB,0B / 7.561MB
2026-03-30 21:39:21,266,16.74,102.2MB,34068.5,0.31,13.83GB / 13.95GB,0B / 7.561MB
2026-03-30 21:39:33,267,16.74,101.5MB,34068.5,0.31,13.84GB / 13.96GB,0B / 7.561MB
2026-03-30 21:39:45,267,16.74,102.3MB,34068.5,0.31,13.85GB / 13.97GB,0B / 7.561MB
2026-03-30 21:39:57,267,16.74,102.4MB,34068.5,0.31,13.86GB / 13.98GB,0B / 7.561MB
2026-03-30 21:40:10,267,16.74,102MB,34068.5,0.31,13.87GB / 13.99GB,0B / 7.561MB
2026-03-30 21:40:22,267,16.74,102.3MB,34068.5,0.31,13.89GB / 14GB,0B / 7.561MB
2026-03-30 21:40:35,268,16.74,102.6MB,34068.5,0.31,13.9GB / 14.01GB,0B / 7.561MB
2026-03-30 21:40:47,268,16.74,101.7MB,34068.5,0.31,13.91GB / 14.02GB,0B / 7.561MB
2026-03-30 21:40:59,268,16.74,101.9MB,34068.5,0.31,13.92GB / 14.04GB,0B / 7.561MB
2026-03-30 21:41:11,268,16.74,102.7MB,34068.5,0.31,13.93GB / 14.05GB,0B / 7.561MB
2026-03-30 21:41:24,268,16.74,102.9MB,34068.5,0.31,13.94GB / 14.06GB,0B / 7.561MB
2026-03-30 21:41:36,269,16.74,102.2MB,34068.5,0.31,13.95GB / 14.07GB,0B / 7.561MB
2026-03-30 21:41:48,269,16.74,102.4MB,34068.5,0.31,13.96GB / 14.08GB,0B / 7.561MB
2026-03-30 21:42:00,269,16.74,101.8MB,34068.5,0.31,13.97GB / 14.09GB,0B / 7.561MB
2026-03-30 21:42:13,269,16.74,101.9MB,34068.5,0.31,13.98GB / 14.1GB,0B / 7.561MB
2026-03-30 21:42:25,270,16.74,102.3MB,34068.5,0.31,13.99GB / 14.11GB,0B / 7.561MB
2026-03-30 21:42:37,270,16.74,102.6MB,34068.5,0.31,14GB / 14.12GB,0B / 7.561MB
2026-03-30 21:42:49,270,16.74,102.6MB,34068.5,0.31,14.01GB / 14.13GB,0B / 7.561MB
2026-03-30 21:43:02,270,16.74,102.3MB,34068.5,0.31,14.02GB / 14.14GB,0B / 7.561MB
2026-03-30 21:43:14,270,16.74,102.2MB,34068.5,0.31,14.03GB / 14.15GB,0B / 7.561MB
2026-03-30 21:43:26,271,16.75,102.5MB,34068.5,0.31,14.04GB / 14.16GB,0B / 7.561MB
2026-03-30 21:43:38,271,16.75,102.4MB,34068.5,0.31,14.05GB / 14.17GB,0B / 7.561MB
2026-03-30 21:43:51,271,16.75,102.2MB,34068.5,0.31,14.06GB / 14.18GB,0B / 7.561MB
2026-03-30 21:44:03,271,16.74,102.1MB,34068.5,0.31,14.07GB / 14.19GB,0B / 7.561MB
2026-03-30 21:44:15,271,16.74,102.9MB,34068.5,0.31,14.08GB / 14.2GB,0B / 7.561MB
2026-03-30 21:44:27,272,16.74,101.9MB,34068.5,0.31,14.09GB / 14.21GB,0B / 7.561MB
2026-03-30 21:44:40,272,16.74,102.3MB,34068.5,0.31,14.1GB / 14.22GB,0B / 7.561MB
2026-03-30 21:44:52,272,16.74,101.2MB,34068.5,0.30,14.11GB / 14.23GB,0B / 7.692MB
2026-03-30 21:45:04,272,16.74,101MB,34068.5,0.30,14.12GB / 14.24GB,0B / 7.782MB
2026-03-30 21:45:17,272,16.74,100.1MB,34068.5,0.30,14.13GB / 14.25GB,0B / 7.782MB
2026-03-30 21:45:29,273,16.74,100.2MB,34068.5,0.30,14.14GB / 14.26GB,0B / 7.782MB
2026-03-30 21:45:41,273,16.74,92.8MB,34068.5,0.28,14.15GB / 14.27GB,0B / 7.782MB
2026-03-30 21:45:53,273,16.74,92.31MB,34068.5,0.28,14.16GB / 14.28GB,0B / 7.782MB
2026-03-30 21:46:06,273,16.74,91.96MB,34068.5,0.28,14.17GB / 14.29GB,0B / 7.782MB
2026-03-30 21:46:18,273,16.74,91.71MB,34068.5,0.28,14.18GB / 14.3GB,0B / 7.782MB
2026-03-30 21:46:31,274,16.74,92.27MB,34068.5,0.28,14.19GB / 14.31GB,0B / 7.782MB
2026-03-30 21:46:43,274,16.74,93.07MB,34068.5,0.28,14.2GB / 14.32GB,0B / 7.782MB
2026-03-30 21:46:55,274,16.74,93.25MB,34068.5,0.28,14.21GB / 14.34GB,0B / 7.782MB
2026-03-30 21:47:07,274,16.74,92.22MB,34068.5,0.28,14.22GB / 14.35GB,0B / 7.782MB
2026-03-30 21:47:20,274,16.74,92.33MB,34068.5,0.28,14.24GB / 14.36GB,0B / 7.782MB
2026-03-30 21:47:32,275,16.74,92.53MB,34068.5,0.28,14.25GB / 14.37GB,0B / 7.782MB
2026-03-30 21:47:44,275,16.74,92.65MB,34068.5,0.28,14.26GB / 14.38GB,0B / 7.782MB
2026-03-30 21:47:56,275,16.75,92.89MB,34068.5,0.28,14.27GB / 14.39GB,0B / 7.782MB
2026-03-30 21:48:09,275,16.75,92.54MB,34068.5,0.28,14.28GB / 14.4GB,0B / 7.782MB
2026-03-30 21:48:21,275,16.75,91.92MB,34068.5,0.28,14.29GB / 14.41GB,0B / 7.782MB
2026-03-30 21:48:33,276,16.75,93.08MB,34068.5,0.28,14.3GB / 14.42GB,0B / 7.782MB
2026-03-30 21:48:45,276,16.75,92.73MB,34068.5,0.28,14.31GB / 14.43GB,0B / 7.782MB
2026-03-30 21:48:58,276,16.75,93.36MB,34068.5,0.28,14.32GB / 14.44GB,0B / 7.782MB
2026-03-30 21:49:10,276,16.75,92.63MB,34068.5,0.28,14.33GB / 14.45GB,0B / 7.782MB
2026-03-30 21:49:23,276,16.75,92.85MB,34068.5,0.28,14.34GB / 14.46GB,0B / 7.782MB
2026-03-30 21:49:35,277,16.75,92.55MB,34068.5,0.28,14.35GB / 14.47GB,0B / 7.782MB
2026-03-30 21:49:47,277,16.75,93.83MB,34068.5,0.28,14.36GB / 14.48GB,0B / 7.782MB
2026-03-30 21:50:00,277,16.75,93.57MB,34068.5,0.28,14.37GB / 14.5GB,0B / 7.782MB
2026-03-30 21:50:12,277,16.75,92.52MB,34068.5,0.28,14.38GB / 14.51GB,0B / 7.782MB
2026-03-30 21:50:24,277,16.75,92.74MB,34068.5,0.28,14.39GB / 14.52GB,0B / 7.782MB
2026-03-30 21:50:36,278,16.75,93.1MB,34068.5,0.28,14.4GB / 14.53GB,0B / 7.782MB
2026-03-30 21:50:48,278,16.75,92.54MB,34068.5,0.28,14.42GB / 14.54GB,0B / 7.782MB
2026-03-30 21:51:01,278,16.75,93.01MB,34068.5,0.28,14.43GB / 14.55GB,0B / 7.782MB
2026-03-30 21:51:13,278,16.75,93.04MB,34068.5,0.28,14.44GB / 14.56GB,0B / 7.782MB
2026-03-30 21:51:26,279,16.75,92.75MB,34068.5,0.28,14.45GB / 14.57GB,0B / 7.782MB
2026-03-30 21:51:38,279,16.76,92.75MB,34068.5,0.28,14.46GB / 14.58GB,0B / 7.782MB
2026-03-30 21:51:50,279,16.76,92.75MB,34068.5,0.28,14.47GB / 14.59GB,0B / 7.782MB
2026-03-30 21:52:03,279,16.76,92.68MB,34068.5,0.28,14.48GB / 14.6GB,0B / 7.782MB
2026-03-30 21:52:15,279,16.76,92.56MB,34068.5,0.28,14.49GB / 14.61GB,0B / 7.782MB
2026-03-30 21:52:27,280,16.76,92.84MB,34068.5,0.28,14.5GB / 14.62GB,0B / 7.782MB
2026-03-30 21:52:39,280,16.76,92.88MB,34068.5,0.28,14.51GB / 14.63GB,0B / 7.782MB
2026-03-30 21:52:51,280,16.76,92.77MB,34068.5,0.28,14.52GB / 14.64GB,0B / 7.782MB
2026-03-30 21:53:04,280,16.76,92.38MB,34068.5,0.28,14.53GB / 14.65GB,0B / 7.782MB
2026-03-30 21:53:16,280,16.76,93.44MB,34068.5,0.28,14.54GB / 14.67GB,0B / 7.782MB
2026-03-30 21:53:29,281,16.76,93.43MB,34068.5,0.28,14.55GB / 14.68GB,0B / 7.782MB
2026-03-30 21:53:41,281,16.76,93.63MB,34068.5,0.28,14.56GB / 14.69GB,0B / 7.782MB
2026-03-30 21:53:53,281,16.76,93.45MB,34068.5,0.28,14.57GB / 14.7GB,0B / 7.782MB
2026-03-30 21:54:05,281,16.76,92.8MB,34068.5,0.28,14.58GB / 14.71GB,0B / 7.782MB
2026-03-30 21:54:18,281,16.76,92.75MB,34068.5,0.28,14.6GB / 14.72GB,0B / 7.782MB
2026-03-30 21:54:30,282,16.76,92.78MB,34068.5,0.28,14.61GB / 14.73GB,0B / 7.782MB
2026-03-30 21:54:42,282,16.76,92.79MB,34068.5,0.28,14.62GB / 14.74GB,0B / 7.782MB
2026-03-30 21:54:54,282,16.76,93.5MB,34068.5,0.28,14.63GB / 14.75GB,0B / 7.782MB
2026-03-30 21:55:06,282,16.76,93.63MB,34068.5,0.28,14.64GB / 14.76GB,0B / 7.782MB
2026-03-30 21:55:19,282,16.76,93.38MB,34068.5,0.28,14.65GB / 14.77GB,0B / 7.782MB
2026-03-30 21:55:32,283,16.77,93.56MB,34068.5,0.28,14.66GB / 14.78GB,0B / 7.782MB
2026-03-30 21:55:44,283,16.77,93.75MB,34068.5,0.28,14.67GB / 14.79GB,0B / 7.782MB
2026-03-30 21:55:56,283,16.77,93.6MB,34068.5,0.28,14.68GB / 14.8GB,0B / 7.782MB
2026-03-30 21:56:09,283,16.77,93.72MB,34068.5,0.28,14.69GB / 14.82GB,0B / 7.782MB
2026-03-30 21:56:21,283,16.77,93.38MB,34068.5,0.28,14.7GB / 14.83GB,0B / 7.782MB
2026-03-30 21:56:33,284,16.77,93.97MB,34068.5,0.28,14.71GB / 14.84GB,0B / 7.782MB
2026-03-30 21:56:45,284,16.77,93MB,34068.5,0.28,14.72GB / 14.85GB,0B / 7.782MB
2026-03-30 21:56:57,284,16.77,93.8MB,34068.5,0.28,14.73GB / 14.86GB,0B / 7.782MB
2026-03-30 21:57:10,284,16.77,93.19MB,34068.5,0.28,14.74GB / 14.87GB,0B / 7.782MB
2026-03-30 21:57:22,284,16.77,93.53MB,34068.5,0.28,14.75GB / 14.88GB,0B / 7.782MB
2026-03-30 21:57:34,285,16.77,93.38MB,34068.5,0.28,14.76GB / 14.89GB,0B / 7.782MB
2026-03-30 21:57:47,285,16.77,93.59MB,34068.5,0.28,14.77GB / 14.9GB,0B / 7.782MB
2026-03-30 21:57:59,285,16.77,93.35MB,34068.5,0.28,14.79GB / 14.91GB,0B / 7.782MB
2026-03-30 21:58:11,285,16.77,93.96MB,34068.5,0.28,14.8GB / 14.92GB,0B / 7.782MB
2026-03-30 21:58:24,285,16.77,93.72MB,34068.5,0.28,14.81GB / 14.93GB,0B / 7.782MB
2026-03-30 21:58:36,286,16.77,93.18MB,34068.5,0.28,14.82GB / 14.94GB,0B / 7.782MB
2026-03-30 21:58:48,286,16.77,93.31MB,34068.5,0.28,14.83GB / 14.95GB,0B / 7.782MB
2026-03-30 21:59:01,286,16.77,93.34MB,34068.5,0.28,14.84GB / 14.96GB,0B / 7.782MB
2026-03-30 21:59:13,286,16.77,93.35MB,34068.5,0.28,14.85GB / 14.98GB,0B / 7.782MB
2026-03-30 21:59:25,287,16.77,93.75MB,34068.5,0.28,14.86GB / 14.99GB,0B / 7.782MB
2026-03-30 21:59:38,287,16.77,93.96MB,34068.5,0.28,14.87GB / 15GB,0B / 7.782MB
2026-03-30 21:59:50,287,16.77,93.3MB,34068.5,0.28,14.88GB / 15.01GB,0B / 7.782MB
2026-03-30 22:00:02,287,16.77,93.48MB,34068.5,0.28,14.89GB / 15.02GB,0B / 7.782MB
2026-03-30 22:00:15,287,16.78,93.79MB,34068.5,0.28,14.9GB / 15.03GB,0B / 7.782MB
2026-03-30 22:00:27,288,16.78,94.04MB,34068.5,0.28,14.91GB / 15.04GB,0B / 7.782MB
2026-03-30 22:00:39,288,16.78,94.27MB,34068.5,0.28,14.92GB / 15.05GB,0B / 7.782MB
2026-03-30 22:00:52,288,16.78,93.98MB,34068.5,0.28,14.93GB / 15.06GB,0B / 7.782MB
2026-03-30 22:01:04,288,16.78,94.11MB,34068.5,0.28,14.94GB / 15.07GB,0B / 7.782MB
2026-03-30 22:01:17,288,16.78,93.18MB,34068.5,0.28,14.96GB / 15.08GB,0B / 7.782MB
2026-03-30 22:01:29,289,16.78,93.46MB,34068.5,0.28,14.97GB / 15.09GB,0B / 7.782MB
2026-03-30 22:01:41,289,16.78,93.59MB,34068.5,0.28,14.98GB / 15.1GB,0B / 7.782MB
2026-03-30 22:01:54,289,16.78,93.41MB,34068.5,0.28,14.99GB / 15.11GB,0B / 7.782MB
2026-03-30 22:02:06,289,16.78,93.93MB,34068.5,0.28,15GB / 15.13GB,0B / 7.782MB
2026-03-30 22:02:18,289,16.78,93.76MB,34068.5,0.28,15.01GB / 15.14GB,0B / 7.782MB
2026-03-30 22:02:31,290,16.78,94.28MB,34068.5,0.28,15.02GB / 15.15GB,0B / 7.782MB
2026-03-30 22:02:43,290,16.78,94.85MB,34068.5,0.29,15.03GB / 15.16GB,0B / 7.782MB
2026-03-30 22:02:55,290,16.78,93.49MB,34068.5,0.28,15.04GB / 15.17GB,0B / 7.782MB
2026-03-30 22:03:08,290,16.78,94.51MB,34068.5,0.28,15.05GB / 15.18GB,0B / 7.782MB
2026-03-30 22:03:20,290,16.78,93.39MB,34068.5,0.28,15.06GB / 15.19GB,0B / 7.782MB
2026-03-30 22:03:33,291,16.78,94.22MB,34068.5,0.28,15.07GB / 15.2GB,0B / 7.782MB
2026-03-30 22:03:45,291,16.78,94.42MB,34068.5,0.28,15.08GB / 15.21GB,0B / 7.782MB
2026-03-30 22:03:57,291,16.78,93.91MB,34068.5,0.28,15.09GB / 15.22GB,0B / 7.782MB
2026-03-30 22:04:10,291,16.78,95.34MB,34068.5,0.29,15.1GB / 15.23GB,0B / 7.782MB
2026-03-30 22:04:22,291,16.78,94.26MB,34068.5,0.28,15.12GB / 15.24GB,0B / 7.782MB
2026-03-30 22:04:35,292,16.79,93.41MB,34068.5,0.28,15.13GB / 15.26GB,0B / 7.782MB
2026-03-30 22:04:47,292,16.79,93.93MB,34068.5,0.28,15.14GB / 15.27GB,0B / 7.782MB
2026-03-30 22:05:00,292,16.79,93.8MB,34068.5,0.28,15.15GB / 15.28GB,0B / 7.782MB
2026-03-30 22:05:12,292,16.79,93.86MB,34068.5,0.28,15.16GB / 15.29GB,0B / 7.782MB
2026-03-30 22:05:25,293,16.79,93.95MB,34068.5,0.28,15.17GB / 15.3GB,0B / 7.782MB
2026-03-30 22:05:38,293,16.79,94.53MB,34068.5,0.28,15.18GB / 15.31GB,0B / 7.782MB
2026-03-30 22:05:50,293,16.79,94.03MB,34068.5,0.28,15.19GB / 15.32GB,0B / 7.782MB
2026-03-30 22:06:02,293,16.79,94.35MB,34068.5,0.28,15.2GB / 15.33GB,0B / 7.782MB
2026-03-30 22:06:15,293,16.79,94.24MB,34068.5,0.28,15.21GB / 15.34GB,0B / 7.782MB
2026-03-30 22:06:27,294,16.80,94.22MB,34068.5,0.28,15.22GB / 15.35GB,0B / 7.782MB
2026-03-30 22:06:39,294,16.80,94.2MB,34068.5,0.28,15.23GB / 15.36GB,0B / 7.782MB
2026-03-30 22:06:52,294,16.80,94.4MB,34068.5,0.28,15.24GB / 15.37GB,0B / 7.782MB
2026-03-30 22:07:04,294,16.80,94.4MB,34068.5,0.28,15.25GB / 15.38GB,0B / 7.782MB
2026-03-30 22:07:16,294,16.80,94.17MB,34068.5,0.28,15.27GB / 15.4GB,0B / 7.782MB
2026-03-30 22:07:29,295,16.80,94.63MB,34068.5,0.28,15.28GB / 15.41GB,0B / 7.782MB
2026-03-30 22:07:41,295,16.80,94.11MB,34068.5,0.28,15.29GB / 15.42GB,0B / 7.782MB
2026-03-30 22:07:53,295,16.80,94.4MB,34068.5,0.28,15.3GB / 15.43GB,0B / 7.782MB
2026-03-30 22:08:06,295,16.80,94.7MB,34068.5,0.28,15.31GB / 15.44GB,0B / 7.782MB
2026-03-30 22:08:18,295,16.80,95.17MB,34068.5,0.29,15.32GB / 15.45GB,0B / 7.782MB
2026-03-30 22:08:30,296,16.80,94.31MB,34068.5,0.28,15.33GB / 15.46GB,0B / 7.782MB
2026-03-30 22:08:43,296,16.80,94.75MB,34068.5,0.28,15.34GB / 15.47GB,0B / 7.782MB
2026-03-30 22:08:55,296,16.80,94.33MB,34068.5,0.28,15.35GB / 15.48GB,0B / 7.782MB
2026-03-30 22:09:07,296,16.80,94.42MB,34068.5,0.28,15.36GB / 15.49GB,0B / 7.782MB
2026-03-30 22:09:19,296,16.80,94.75MB,34068.5,0.28,15.37GB / 15.5GB,0B / 7.782MB
2026-03-30 22:09:32,297,16.80,94.5MB,34068.5,0.28,15.38GB / 15.51GB,0B / 7.782MB
2026-03-30 22:09:44,297,16.80,94.31MB,34068.5,0.28,15.39GB / 15.52GB,0B / 7.782MB
2026-03-30 22:09:56,297,16.80,94.81MB,34068.5,0.28,15.4GB / 15.53GB,0B / 7.782MB
2026-03-30 22:10:09,297,16.80,94.25MB,34068.5,0.28,15.41GB / 15.54GB,0B / 7.782MB
2026-03-30 22:10:21,297,16.80,95.58MB,34068.5,0.29,15.42GB / 15.56GB,0B / 7.782MB
2026-03-30 22:10:33,298,16.80,94.49MB,34068.5,0.28,15.44GB / 15.57GB,0B / 7.782MB
2026-03-30 22:10:46,298,16.80,94.36MB,34068.5,0.28,15.45GB / 15.58GB,0B / 7.782MB
2026-03-30 22:10:58,298,16.80,94.64MB,34068.5,0.28,15.46GB / 15.59GB,0B / 7.782MB
2026-03-30 22:11:10,298,16.80,94.56MB,34068.5,0.28,15.47GB / 15.6GB,0B / 7.782MB
2026-03-30 22:11:22,298,16.81,94.43MB,34068.5,0.28,15.48GB / 15.61GB,0B / 7.782MB
2026-03-30 22:11:35,299,16.81,94.7MB,34068.5,0.28,15.49GB / 15.62GB,0B / 7.782MB
2026-03-30 22:11:47,299,16.81,94.34MB,34068.5,0.28,15.5GB / 15.63GB,0B / 7.782MB
2026-03-30 22:11:59,299,16.81,94.37MB,34068.5,0.28,15.51GB / 15.64GB,0B / 7.782MB
2026-03-30 22:12:12,299,16.81,95.04MB,34068.5,0.29,15.52GB / 15.65GB,0B / 7.782MB
2026-03-30 22:12:24,299,16.81,95.06MB,34068.5,0.29,15.53GB / 15.66GB,0B / 7.782MB
2026-03-30 22:12:36,300,16.81,94.28MB,34068.5,0.28,15.54GB / 15.67GB,0B / 7.782MB
2026-03-30 22:12:48,300,16.81,95.76MB,34068.5,0.29,15.55GB / 15.68GB,0B / 7.782MB
2026-03-30 22:13:00,300,16.81,94.75MB,34068.5,0.28,15.56GB / 15.69GB,0B / 7.782MB
2026-03-30 22:13:13,300,16.81,94.45MB,34068.5,0.28,15.57GB / 15.7GB,0B / 7.782MB
2026-03-30 22:13:25,301,16.81,94.37MB,34068.5,0.28,15.58GB / 15.72GB,0B / 7.782MB
2026-03-30 22:13:37,301,16.81,95.06MB,34068.5,0.29,15.59GB / 15.73GB,0B / 7.782MB
2026-03-30 22:13:50,301,16.81,95.09MB,34068.5,0.29,15.6GB / 15.74GB,0B / 7.782MB
2026-03-30 22:14:02,301,16.81,94.41MB,34068.5,0.28,15.61GB / 15.75GB,0B / 7.782MB
2026-03-30 22:14:14,301,16.80,94.4MB,34068.5,0.28,15.62GB / 15.75GB,0B / 7.782MB
2026-03-30 22:14:26,302,16.80,95.56MB,34068.5,0.29,15.63GB / 15.76GB,0B / 7.782MB
2026-03-30 22:14:39,302,16.80,95.17MB,34068.5,0.29,15.64GB / 15.77GB,0B / 7.782MB
2026-03-30 22:14:51,302,16.80,94.47MB,34068.5,0.28,15.65GB / 15.78GB,4.096kB / 7.782MB
2026-03-30 22:15:03,302,16.80,95.17MB,34068.5,0.29,15.66GB / 15.79GB,4.096kB / 7.782MB
2026-03-30 22:15:16,302,16.80,94.79MB,34068.5,0.28,15.67GB / 15.8GB,4.096kB / 7.782MB
2026-03-30 22:15:28,303,16.80,95.08MB,34068.5,0.29,15.68GB / 15.81GB,4.096kB / 7.782MB
2026-03-30 22:15:41,303,16.80,95.37MB,34068.5,0.29,15.69GB / 15.82GB,4.096kB / 7.782MB
2026-03-30 22:15:53,303,16.80,94.95MB,34068.5,0.29,15.7GB / 15.83GB,4.096kB / 7.782MB
2026-03-30 22:16:05,303,16.80,94.86MB,34068.5,0.29,15.71GB / 15.84GB,4.096kB / 7.782MB
2026-03-30 22:16:18,303,16.80,94.63MB,34068.5,0.28,15.72GB / 15.86GB,4.096kB / 7.782MB
2026-03-30 22:16:30,304,16.80,95.68MB,34068.5,0.29,15.73GB / 15.87GB,4.096kB / 7.782MB
2026-03-30 22:16:42,304,16.80,95.19MB,34068.5,0.29,15.74GB / 15.88GB,4.096kB / 7.782MB
2026-03-30 22:16:55,304,16.80,95.21MB,34068.5,0.29,15.75GB / 15.89GB,4.096kB / 7.782MB
2026-03-30 22:17:07,304,16.81,94.71MB,34068.5,0.28,15.76GB / 15.9GB,4.096kB / 7.782MB
2026-03-30 22:17:19,304,16.81,95.77MB,34068.5,0.29,15.77GB / 15.91GB,4.096kB / 7.782MB
2026-03-30 22:17:31,305,16.81,95.95MB,34068.5,0.29,15.78GB / 15.92GB,4.096kB / 7.782MB
2026-03-30 22:17:44,305,16.81,95.19MB,34068.5,0.29,15.8GB / 15.93GB,4.096kB / 7.782MB
2026-03-30 22:17:56,305,16.81,95.57MB,34068.5,0.29,15.81GB / 15.94GB,4.096kB / 7.782MB
2026-03-30 22:18:08,305,16.81,95.07MB,34068.5,0.29,15.82GB / 15.95GB,4.096kB / 7.782MB
2026-03-30 22:18:21,305,16.81,96.18MB,34068.5,0.29,15.83GB / 15.96GB,4.096kB / 7.782MB
2026-03-30 22:18:33,306,16.81,95.15MB,34068.5,0.29,15.84GB / 15.97GB,4.096kB / 7.782MB
2026-03-30 22:18:46,306,16.81,96.13MB,34068.5,0.29,15.85GB / 15.98GB,4.096kB / 7.782MB
2026-03-30 22:18:58,306,16.81,95.21MB,34068.5,0.29,15.86GB / 15.99GB,4.096kB / 7.782MB
2026-03-30 22:19:10,306,16.81,95.38MB,34068.5,0.29,15.87GB / 16.01GB,4.096kB / 7.782MB
2026-03-30 22:19:23,306,16.81,95.35MB,34068.5,0.29,15.88GB / 16.02GB,4.096kB / 7.782MB
2026-03-30 22:19:35,307,16.81,95.49MB,34068.5,0.29,15.89GB / 16.03GB,4.096kB / 7.782MB
2026-03-30 22:19:48,307,16.81,95.74MB,34068.5,0.29,15.9GB / 16.04GB,4.096kB / 7.782MB
2026-03-30 22:20:00,307,16.81,95.5MB,34068.5,0.29,15.91GB / 16.05GB,4.096kB / 7.782MB
2026-03-30 22:20:12,307,16.81,95.62MB,34068.5,0.29,15.92GB / 16.06GB,4.096kB / 7.782MB
2026-03-30 22:20:24,307,16.81,95.55MB,34068.5,0.29,15.93GB / 16.07GB,4.096kB / 7.782MB
2026-03-30 22:20:37,308,16.81,95.61MB,34068.5,0.29,15.94GB / 16.08GB,4.096kB / 7.782MB
2026-03-30 22:20:49,308,16.81,95.9MB,34068.5,0.29,15.96GB / 16.09GB,4.096kB / 7.782MB
2026-03-30 22:21:01,308,16.81,95.46MB,34068.5,0.29,15.97GB / 16.1GB,4.096kB / 7.782MB
2026-03-30 22:21:14,308,16.81,95.11MB,34068.5,0.29,15.98GB / 16.11GB,4.096kB / 7.782MB
2026-03-30 22:21:26,309,16.81,96.17MB,34068.5,0.29,15.99GB / 16.12GB,4.096kB / 7.782MB
2026-03-30 22:21:38,309,16.81,95.41MB,34068.5,0.29,16GB / 16.13GB,4.096kB / 7.782MB
2026-03-30 22:21:51,309,16.81,96.07MB,34068.5,0.29,16.01GB / 16.14GB,4.096kB / 7.782MB
2026-03-30 22:22:03,309,16.81,95.46MB,34068.5,0.29,16.02GB / 16.16GB,4.096kB / 7.782MB
2026-03-30 22:22:15,309,16.81,95.58MB,34068.5,0.29,16.03GB / 16.17GB,4.096kB / 7.782MB
2026-03-30 22:22:27,310,16.81,96.55MB,34068.5,0.29,16.04GB / 16.18GB,4.096kB / 7.782MB
2026-03-30 22:22:40,310,16.81,97.03MB,34068.5,0.29,16.05GB / 16.19GB,4.096kB / 7.782MB
2026-03-30 22:22:52,310,16.81,95.53MB,34068.5,0.29,16.06GB / 16.2GB,4.096kB / 7.782MB
2026-03-30 22:23:04,310,16.81,96.24MB,34068.5,0.29,16.07GB / 16.21GB,4.096kB / 7.782MB
2026-03-30 22:23:17,310,16.81,96.42MB,34068.5,0.29,16.08GB / 16.22GB,4.096kB / 7.782MB
2026-03-30 22:23:29,311,16.81,96.33MB,34068.5,0.29,16.09GB / 16.23GB,4.096kB / 7.782MB
2026-03-30 22:23:41,311,16.82,96.29MB,34068.5,0.29,16.1GB / 16.24GB,4.096kB / 7.782MB
2026-03-30 22:23:53,311,16.82,95.92MB,34068.5,0.29,16.11GB / 16.25GB,4.096kB / 7.782MB
2026-03-30 22:24:06,311,16.82,96.12MB,34068.5,0.29,16.12GB / 16.26GB,4.096kB / 7.782MB
2026-03-30 22:24:18,311,16.82,96.35MB,34068.5,0.29,16.14GB / 16.27GB,4.096kB / 7.782MB
2026-03-30 22:24:31,312,16.82,96.62MB,34068.5,0.29,16.15GB / 16.28GB,4.096kB / 7.782MB
2026-03-30 22:24:43,312,16.82,96.44MB,34068.5,0.29,16.16GB / 16.29GB,4.096kB / 7.782MB
2026-03-30 22:24:55,312,16.82,95.98MB,34068.5,0.29,16.17GB / 16.3GB,4.096kB / 7.782MB
2026-03-30 22:25:08,312,16.82,96.38MB,34068.5,0.29,16.18GB / 16.32GB,4.096kB / 7.782MB
2026-03-30 22:25:20,312,16.82,96.18MB,34068.5,0.29,16.19GB / 16.33GB,4.096kB / 7.782MB
2026-03-30 22:25:32,313,16.82,96.19MB,34068.5,0.29,16.2GB / 16.34GB,4.096kB / 7.782MB
2026-03-30 22:25:45,313,16.82,96.06MB,34068.5,0.29,16.21GB / 16.35GB,4.096kB / 7.782MB
2026-03-30 22:25:57,313,16.82,96.46MB,34068.5,0.29,16.22GB / 16.36GB,4.096kB / 7.782MB
2026-03-30 22:26:09,313,16.82,95.75MB,34068.5,0.29,16.23GB / 16.37GB,4.096kB / 7.782MB
2026-03-30 22:26:22,313,16.82,96.81MB,34068.5,0.29,16.24GB / 16.38GB,4.096kB / 7.782MB
2026-03-30 22:26:34,314,16.82,96.42MB,34068.5,0.29,16.25GB / 16.39GB,4.096kB / 7.782MB
2026-03-30 22:26:46,314,16.82,96.43MB,34068.5,0.29,16.26GB / 16.4GB,4.096kB / 7.782MB
2026-03-30 22:26:59,314,16.82,95.92MB,34068.5,0.29,16.27GB / 16.41GB,4.096kB / 7.782MB
2026-03-30 22:27:11,314,16.82,96.36MB,34068.5,0.29,16.28GB / 16.42GB,4.096kB / 7.782MB
2026-03-30 22:27:23,314,16.82,95.96MB,34068.5,0.29,16.29GB / 16.43GB,4.096kB / 7.782MB
2026-03-30 22:27:36,315,16.82,96.41MB,34068.5,0.29,16.3GB / 16.44GB,4.096kB / 7.782MB
2026-03-30 22:27:48,315,16.82,96.62MB,34068.5,0.29,16.32GB / 16.45GB,4.096kB / 7.782MB
2026-03-30 22:28:00,315,16.82,95.96MB,34068.5,0.29,16.33GB / 16.46GB,4.096kB / 7.782MB
2026-03-30 22:28:12,315,16.82,96.87MB,34068.5,0.29,16.34GB / 16.48GB,4.096kB / 7.782MB
2026-03-30 22:28:25,316,16.83,96.41MB,34068.5,0.29,16.35GB / 16.49GB,4.096kB / 7.782MB
2026-03-30 22:28:37,316,16.83,95.94MB,34068.5,0.29,16.36GB / 16.5GB,4.096kB / 7.782MB
2026-03-30 22:28:50,316,16.83,96.22MB,34068.5,0.29,16.37GB / 16.51GB,4.096kB / 7.782MB
2026-03-30 22:29:02,316,16.83,96.9MB,34068.5,0.29,16.38GB / 16.52GB,4.096kB / 7.782MB
2026-03-30 22:29:14,316,16.83,95.99MB,34068.5,0.29,16.39GB / 16.53GB,4.096kB / 7.782MB
2026-03-30 22:29:26,317,16.83,96.47MB,34068.5,0.29,16.4GB / 16.54GB,4.096kB / 7.782MB
2026-03-30 22:29:38,317,16.83,96.91MB,34068.5,0.29,16.41GB / 16.55GB,4.096kB / 7.782MB
2026-03-30 22:29:51,317,16.83,95.94MB,34068.5,0.29,16.42GB / 16.56GB,4.096kB / 7.782MB
2026-03-30 22:30:03,317,16.83,96.24MB,34068.5,0.29,16.43GB / 16.57GB,4.096kB / 7.782MB
2026-03-30 22:30:15,317,16.83,96.41MB,34068.5,0.29,16.44GB / 16.58GB,4.096kB / 7.782MB
2026-03-30 22:30:28,318,16.83,96.65MB,34068.5,0.29,16.45GB / 16.59GB,4.096kB / 7.782MB
2026-03-30 22:30:40,318,16.83,97.06MB,34068.5,0.29,16.46GB / 16.6GB,4.096kB / 7.782MB
2026-03-30 22:30:52,318,16.83,96.99MB,34068.5,0.29,16.47GB / 16.61GB,4.096kB / 7.782MB
2026-03-30 22:31:05,318,16.83,96.84MB,34068.5,0.29,16.48GB / 16.62GB,4.096kB / 7.782MB
2026-03-30 22:31:17,318,16.83,97.01MB,34068.5,0.29,16.49GB / 16.64GB,4.096kB / 7.782MB
2026-03-30 22:31:30,319,16.83,96.47MB,34068.5,0.29,16.51GB / 16.65GB,4.096kB / 7.782MB
2026-03-30 22:31:42,319,16.83,97.17MB,34068.5,0.29,16.52GB / 16.66GB,4.096kB / 7.782MB
2026-03-30 22:31:54,319,16.83,96.52MB,34068.5,0.29,16.53GB / 16.67GB,4.096kB / 7.782MB
2026-03-30 22:32:06,319,16.83,97MB,34068.5,0.29,16.54GB / 16.68GB,4.096kB / 7.782MB
2026-03-30 22:32:18,319,16.83,97.06MB,34068.5,0.29,16.55GB / 16.69GB,4.096kB / 7.782MB
2026-03-30 22:32:31,320,16.83,96.65MB,34068.5,0.29,16.56GB / 16.7GB,4.096kB / 7.782MB
2026-03-30 22:32:43,320,16.83,97.01MB,34068.5,0.29,16.57GB / 16.71GB,4.096kB / 7.782MB
2026-03-30 22:32:56,320,16.83,96.35MB,34068.5,0.29,16.58GB / 16.72GB,4.096kB / 7.782MB
2026-03-30 22:33:08,320,16.83,97.47MB,34068.5,0.29,16.59GB / 16.73GB,4.096kB / 7.782MB
2026-03-30 22:33:20,320,16.83,97.5MB,34068.5,0.29,16.6GB / 16.74GB,4.096kB / 7.782MB
2026-03-30 22:33:32,321,16.83,96.4MB,34068.5,0.29,16.61GB / 16.75GB,4.096kB / 7.782MB
2026-03-30 22:33:45,321,16.83,97.1MB,34068.5,0.29,16.62GB / 16.76GB,4.096kB / 7.782MB
2026-03-30 22:33:57,321,16.83,97.91MB,34068.5,0.29,16.63GB / 16.77GB,4.096kB / 7.782MB
2026-03-30 22:34:09,321,16.83,97.05MB,34068.5,0.29,16.64GB / 16.78GB,4.096kB / 7.782MB
2026-03-30 22:34:22,321,16.83,96.67MB,34068.5,0.29,16.65GB / 16.79GB,4.096kB / 7.782MB
2026-03-30 22:34:34,322,16.83,96.98MB,34068.5,0.29,16.66GB / 16.81GB,4.096kB / 7.782MB
2026-03-30 22:34:47,322,16.83,97.06MB,34068.5,0.29,16.67GB / 16.82GB,4.096kB / 7.782MB
2026-03-30 22:34:59,322,16.84,96.81MB,34068.5,0.29,16.69GB / 16.83GB,4.096kB / 7.782MB
2026-03-30 22:35:12,322,16.84,96.83MB,34068.5,0.29,16.7GB / 16.84GB,4.096kB / 7.782MB
2026-03-30 22:35:24,322,16.84,96.75MB,34068.5,0.29,16.71GB / 16.85GB,4.096kB / 7.782MB
2026-03-30 22:35:36,323,16.84,98.07MB,34068.5,0.29,16.72GB / 16.86GB,4.096kB / 7.782MB
2026-03-30 22:35:49,323,16.84,97.1MB,34068.5,0.29,16.73GB / 16.87GB,4.096kB / 7.782MB
2026-03-30 22:36:01,323,16.84,96.85MB,34068.5,0.29,16.74GB / 16.88GB,4.096kB / 7.782MB
2026-03-30 22:36:13,323,16.84,97.2MB,34068.5,0.29,16.75GB / 16.89GB,4.096kB / 7.782MB
2026-03-30 22:36:25,324,16.84,97.47MB,34068.5,0.29,16.76GB / 16.9GB,4.096kB / 7.782MB
2026-03-30 22:36:38,324,16.84,98MB,34068.5,0.29,16.77GB / 16.91GB,4.096kB / 7.782MB
2026-03-30 22:36:50,324,16.84,97.01MB,34068.5,0.29,16.78GB / 16.92GB,4.096kB / 7.782MB
2026-03-30 22:37:02,324,16.84,96.9MB,34068.5,0.29,16.79GB / 16.93GB,4.096kB / 7.782MB
2026-03-30 22:37:14,324,16.84,97.97MB,34068.5,0.29,16.8GB / 16.94GB,4.096kB / 7.782MB
2026-03-30 22:37:27,325,16.84,97.63MB,34068.5,0.29,16.81GB / 16.96GB,4.096kB / 7.782MB
2026-03-30 22:37:39,325,16.84,97.13MB,34068.5,0.29,16.82GB / 16.97GB,4.096kB / 7.782MB
2026-03-30 22:37:52,325,16.84,97.25MB,34068.5,0.29,16.83GB / 16.98GB,4.096kB / 7.782MB
2026-03-30 22:38:04,325,16.84,96.99MB,34068.5,0.29,16.84GB / 16.99GB,4.096kB / 7.782MB
2026-03-30 22:38:16,325,16.84,97.87MB,34068.5,0.29,16.85GB / 17GB,4.096kB / 7.782MB
2026-03-30 22:38:28,326,16.84,97.57MB,34068.5,0.29,16.87GB / 17.01GB,4.096kB / 7.782MB
2026-03-30 22:38:41,326,16.84,97.06MB,34068.5,0.29,16.88GB / 17.02GB,4.096kB / 7.782MB
2026-03-30 22:38:53,326,16.84,98.32MB,34068.5,0.30,16.89GB / 17.03GB,4.096kB / 7.782MB
2026-03-30 22:39:05,326,16.84,97.09MB,34068.5,0.29,16.9GB / 17.04GB,4.096kB / 7.782MB
2026-03-30 22:39:18,326,16.84,97.22MB,34068.5,0.29,16.91GB / 17.05GB,4.096kB / 7.782MB
2026-03-30 22:39:30,327,16.84,97.04MB,34068.5,0.29,16.92GB / 17.06GB,4.096kB / 7.782MB
2026-03-30 22:39:42,327,16.84,96.9MB,34068.5,0.29,16.93GB / 17.07GB,4.096kB / 7.782MB
2026-03-30 22:39:55,327,16.84,97.64MB,34068.5,0.29,16.94GB / 17.08GB,4.096kB / 7.782MB
2026-03-30 22:40:07,327,16.84,97.98MB,34068.5,0.29,16.95GB / 17.09GB,4.096kB / 7.782MB
2026-03-30 22:40:19,327,16.84,96.96MB,34068.5,0.29,16.96GB / 17.1GB,4.096kB / 7.782MB
2026-03-30 22:40:31,328,16.84,97.52MB,34068.5,0.29,16.97GB / 17.11GB,4.096kB / 7.782MB
2026-03-30 22:40:43,328,16.84,97.53MB,34068.5,0.29,16.98GB / 17.13GB,4.096kB / 7.782MB
2026-03-30 22:40:56,328,16.84,98.08MB,34068.5,0.29,16.99GB / 17.14GB,4.096kB / 7.782MB
2026-03-30 22:41:08,328,16.84,97.55MB,34068.5,0.29,17GB / 17.15GB,4.096kB / 7.782MB
2026-03-30 22:41:20,328,16.85,98.2MB,34068.5,0.30,17.01GB / 17.16GB,4.096kB / 7.782MB
2026-03-30 22:41:33,329,16.85,98.43MB,34068.5,0.30,17.02GB / 17.17GB,4.096kB / 7.782MB
2026-03-30 22:41:45,329,16.85,97.76MB,34068.5,0.29,17.03GB / 17.18GB,4.096kB / 7.782MB
2026-03-30 22:41:57,329,16.85,97.38MB,34068.5,0.29,17.04GB / 17.19GB,4.096kB / 7.782MB
2026-03-30 22:42:10,329,16.85,97.3MB,34068.5,0.29,17.06GB / 17.2GB,4.096kB / 7.782MB
2026-03-30 22:42:22,329,16.85,97.94MB,34068.5,0.29,17.07GB / 17.21GB,4.096kB / 7.782MB
2026-03-30 22:42:34,330,16.85,97.89MB,34068.5,0.29,17.08GB / 17.22GB,4.096kB / 7.782MB
2026-03-30 22:42:47,330,16.85,98.2MB,34068.5,0.30,17.09GB / 17.23GB,4.096kB / 7.782MB
2026-03-30 22:42:59,330,16.85,98.16MB,34068.5,0.30,17.1GB / 17.24GB,4.096kB / 7.782MB
2026-03-30 22:43:11,330,16.85,97.6MB,34068.5,0.29,17.11GB / 17.25GB,4.096kB / 7.782MB
2026-03-30 22:43:23,330,16.85,98.18MB,34068.5,0.30,17.12GB / 17.26GB,4.096kB / 7.782MB
2026-03-30 22:43:36,331,16.85,97.91MB,34068.5,0.29,17.13GB / 17.28GB,4.096kB / 7.782MB
2026-03-30 22:43:48,331,16.85,98.02MB,34068.5,0.29,17.14GB / 17.29GB,4.096kB / 7.782MB
2026-03-30 22:44:00,331,16.85,98.11MB,34068.5,0.29,17.15GB / 17.3GB,4.096kB / 7.782MB
2026-03-30 22:44:13,331,16.85,97.33MB,34068.5,0.29,17.16GB / 17.31GB,4.096kB / 7.782MB
2026-03-30 22:44:25,332,16.84,97.84MB,34068.5,0.29,17.16GB / 17.31GB,4.096kB / 7.782MB
2026-03-30 22:44:37,332,16.84,97.6MB,34068.5,0.29,17.17GB / 17.32GB,4.096kB / 7.782MB
2026-03-30 22:44:49,332,16.84,97.88MB,34068.5,0.29,17.18GB / 17.33GB,4.096kB / 7.782MB
2026-03-30 22:45:01,332,16.84,98MB,34068.5,0.29,17.19GB / 17.34GB,4.096kB / 7.782MB
2026-03-30 22:45:13,332,16.84,97.67MB,34068.5,0.29,17.2GB / 17.35GB,4.096kB / 7.782MB
2026-03-30 22:45:26,333,16.84,98.27MB,34068.5,0.30,17.22GB / 17.36GB,4.096kB / 7.782MB
2026-03-30 22:45:39,333,16.84,98.24MB,34068.5,0.30,17.23GB / 17.37GB,4.096kB / 7.782MB
2026-03-30 22:45:51,333,16.84,97.8MB,34068.5,0.29,17.24GB / 17.38GB,4.096kB / 7.782MB
2026-03-30 22:46:03,333,16.84,98.44MB,34068.5,0.30,17.25GB / 17.39GB,4.096kB / 7.782MB
2026-03-30 22:46:16,333,16.84,98.72MB,34068.5,0.30,17.26GB / 17.41GB,4.096kB / 7.782MB
2026-03-30 22:46:28,334,16.84,98.07MB,34068.5,0.29,17.27GB / 17.42GB,4.096kB / 7.782MB
2026-03-30 22:46:41,334,16.85,98.66MB,34068.5,0.30,17.28GB / 17.43GB,4.096kB / 7.782MB
2026-03-30 22:46:53,334,16.85,98.1MB,34068.5,0.29,17.29GB / 17.44GB,4.096kB / 7.782MB
2026-03-30 22:47:06,334,16.85,97.76MB,34068.5,0.29,17.3GB / 17.45GB,4.096kB / 7.782MB
2026-03-30 22:47:18,334,16.85,98.78MB,34068.5,0.30,17.31GB / 17.46GB,4.096kB / 7.782MB
2026-03-30 22:47:31,335,16.85,98.38MB,34068.5,0.30,17.32GB / 17.47GB,4.096kB / 7.782MB
2026-03-30 22:47:43,335,16.85,98.08MB,34068.5,0.29,17.33GB / 17.48GB,4.096kB / 7.782MB
2026-03-30 22:47:55,335,16.85,98.48MB,34068.5,0.30,17.34GB / 17.49GB,4.096kB / 7.782MB
2026-03-30 22:48:08,335,16.85,97.96MB,34068.5,0.29,17.35GB / 17.5GB,4.096kB / 7.782MB
2026-03-30 22:48:20,335,16.85,98.3MB,34068.5,0.30,17.36GB / 17.51GB,4.096kB / 7.782MB
2026-03-30 22:48:32,336,16.85,97.87MB,34068.5,0.29,17.38GB / 17.52GB,4.096kB / 7.782MB
2026-03-30 22:48:44,336,16.85,98.33MB,34068.5,0.30,17.39GB / 17.53GB,4.096kB / 7.782MB
2026-03-30 22:48:57,336,16.85,98.48MB,34068.5,0.30,17.4GB / 17.54GB,4.096kB / 7.782MB
2026-03-30 22:49:09,336,16.85,97.97MB,34068.5,0.29,17.41GB / 17.56GB,4.096kB / 7.782MB
2026-03-30 22:49:22,336,16.85,98.93MB,34068.5,0.30,17.42GB / 17.57GB,4.096kB / 7.782MB
2026-03-30 22:49:34,337,16.85,98.47MB,34068.5,0.30,17.43GB / 17.58GB,4.096kB / 7.782MB
2026-03-30 22:49:46,337,16.85,98.64MB,34068.5,0.30,17.44GB / 17.59GB,4.096kB / 7.782MB
2026-03-30 22:49:58,337,16.85,98.46MB,34068.5,0.30,17.45GB / 17.6GB,4.096kB / 7.782MB
2026-03-30 22:50:11,337,16.85,99.26MB,34068.5,0.30,17.46GB / 17.61GB,4.096kB / 7.782MB
2026-03-30 22:50:23,337,16.86,99.39MB,34068.5,0.30,17.47GB / 17.62GB,4.096kB / 7.782MB
2026-03-30 22:50:35,338,16.86,99.03MB,34068.5,0.30,17.48GB / 17.63GB,4.096kB / 7.782MB
2026-03-30 22:50:48,338,16.86,98.39MB,34068.5,0.30,17.49GB / 17.64GB,4.096kB / 7.782MB
2026-03-30 22:51:00,338,16.86,98.13MB,34068.5,0.29,17.5GB / 17.65GB,4.096kB / 7.782MB
2026-03-30 22:51:12,338,16.86,98.19MB,34068.5,0.30,17.51GB / 17.66GB,4.096kB / 7.782MB
2026-03-30 22:51:25,339,16.86,98.54MB,34068.5,0.30,17.52GB / 17.67GB,4.096kB / 7.782MB
2026-03-30 22:51:37,339,16.86,99.72MB,34068.5,0.30,17.53GB / 17.68GB,4.096kB / 7.782MB
2026-03-30 22:51:49,339,16.86,99.57MB,34068.5,0.30,17.54GB / 17.69GB,4.096kB / 7.782MB
2026-03-30 22:52:02,339,16.86,98.4MB,34068.5,0.30,17.56GB / 17.7GB,4.096kB / 7.782MB
2026-03-30 22:52:14,339,16.86,98.85MB,34068.5,0.30,17.57GB / 17.72GB,4.096kB / 7.782MB
2026-03-30 22:52:26,340,16.86,98.37MB,34068.5,0.30,17.58GB / 17.73GB,4.096kB / 7.782MB
2026-03-30 22:52:38,340,16.86,98.78MB,34068.5,0.30,17.59GB / 17.74GB,4.096kB / 7.782MB
2026-03-30 22:52:51,340,16.86,99.22MB,34068.5,0.30,17.6GB / 17.75GB,4.096kB / 7.782MB
2026-03-30 22:53:03,340,16.86,98.84MB,34068.5,0.30,17.61GB / 17.76GB,4.096kB / 7.782MB
2026-03-30 22:53:16,340,16.86,98.66MB,34068.5,0.30,17.62GB / 17.77GB,4.096kB / 7.782MB
2026-03-30 22:53:28,341,16.86,98.22MB,34068.5,0.30,17.63GB / 17.78GB,4.096kB / 7.782MB
2026-03-30 22:53:40,341,16.86,99.29MB,34068.5,0.30,17.64GB / 17.79GB,4.096kB / 7.782MB
2026-03-30 22:53:53,341,16.86,99.22MB,34068.5,0.30,17.65GB / 17.8GB,4.096kB / 7.782MB
2026-03-30 22:54:05,341,16.87,98.69MB,34068.5,0.30,17.66GB / 17.81GB,4.096kB / 7.782MB
2026-03-30 22:54:17,341,16.87,98.56MB,34068.5,0.30,17.67GB / 17.82GB,4.096kB / 7.782MB
2026-03-30 22:54:30,342,16.87,98.99MB,34068.5,0.30,17.68GB / 17.83GB,4.096kB / 7.782MB
2026-03-30 22:54:42,342,16.87,99.45MB,34068.5,0.30,17.69GB / 17.84GB,4.096kB / 7.782MB
2026-03-30 22:54:54,342,16.87,98.9MB,34068.5,0.30,17.7GB / 17.85GB,4.096kB / 7.782MB
2026-03-30 22:55:07,342,16.87,99.42MB,34068.5,0.30,17.71GB / 17.87GB,4.096kB / 7.782MB
2026-03-30 22:55:19,342,16.87,98.66MB,34068.5,0.30,17.72GB / 17.88GB,4.096kB / 7.782MB
2026-03-30 22:55:32,343,16.87,99.57MB,34068.5,0.30,17.74GB / 17.89GB,4.096kB / 7.782MB
2026-03-30 22:55:44,343,16.87,99.01MB,34068.5,0.30,17.75GB / 17.9GB,4.096kB / 7.782MB
2026-03-30 22:55:57,343,16.87,98.83MB,34068.5,0.30,17.76GB / 17.91GB,4.096kB / 7.782MB
2026-03-30 22:56:09,343,16.87,99.17MB,34068.5,0.30,17.77GB / 17.92GB,4.096kB / 7.782MB
2026-03-30 22:56:21,343,16.87,98.65MB,34068.5,0.30,17.78GB / 17.93GB,4.096kB / 7.782MB
2026-03-30 22:56:33,344,16.87,99.19MB,34068.5,0.30,17.79GB / 17.94GB,4.096kB / 7.782MB
2026-03-30 22:56:46,344,16.87,98.58MB,34068.5,0.30,17.8GB / 17.95GB,4.096kB / 7.782MB
2026-03-30 22:56:58,344,16.87,98.98MB,34068.5,0.30,17.81GB / 17.96GB,4.096kB / 7.782MB
2026-03-30 22:57:10,344,16.87,98.79MB,34068.5,0.30,17.82GB / 17.97GB,4.096kB / 7.782MB
2026-03-30 22:57:23,344,16.87,99.02MB,34068.5,0.30,17.83GB / 17.98GB,4.096kB / 7.782MB
2026-03-30 22:57:35,345,16.87,99.21MB,34068.5,0.30,17.84GB / 17.99GB,4.096kB / 7.782MB
2026-03-30 22:57:47,345,16.87,99.11MB,34068.5,0.30,17.85GB / 18GB,4.096kB / 7.782MB
2026-03-30 22:58:00,345,16.87,99.97MB,34068.5,0.30,17.86GB / 18.01GB,4.096kB / 7.782MB
2026-03-30 22:58:12,345,16.88,98.99MB,34068.5,0.30,17.87GB / 18.03GB,4.096kB / 7.782MB
2026-03-30 22:58:25,346,16.88,98.98MB,34068.5,0.30,17.88GB / 18.04GB,4.096kB / 7.782MB
2026-03-30 22:58:37,346,16.88,99.75MB,34068.5,0.30,17.89GB / 18.05GB,4.096kB / 7.782MB
2026-03-30 22:58:49,346,16.88,99.43MB,34068.5,0.30,17.91GB / 18.06GB,4.096kB / 7.782MB
2026-03-30 22:59:01,346,16.88,100.2MB,34068.5,0.30,17.92GB / 18.07GB,4.096kB / 7.782MB
2026-03-30 22:59:14,346,16.88,98.78MB,34068.5,0.30,17.93GB / 18.08GB,4.096kB / 7.782MB
2026-03-30 22:59:27,347,16.88,99.8MB,34068.5,0.30,17.94GB / 18.09GB,4.096kB / 7.782MB
2026-03-30 22:59:39,347,16.88,99.72MB,34068.5,0.30,17.95GB / 18.1GB,4.096kB / 7.782MB
2026-03-30 22:59:51,347,16.88,100MB,34068.5,0.30,17.96GB / 18.11GB,4.096kB / 7.782MB
2026-03-30 23:00:04,347,16.88,99.8MB,34068.5,0.30,17.97GB / 18.12GB,4.096kB / 7.782MB
2026-03-30 23:00:16,347,16.88,99.98MB,34068.5,0.30,17.98GB / 18.13GB,4.096kB / 7.782MB
2026-03-30 23:00:29,348,16.88,99.45MB,34068.5,0.30,17.99GB / 18.14GB,4.096kB / 7.782MB
2026-03-30 23:00:41,348,16.88,100.7MB,34068.5,0.30,18GB / 18.15GB,4.096kB / 7.782MB
2026-03-30 23:00:53,348,16.88,99.41MB,34068.5,0.30,18.01GB / 18.17GB,4.096kB / 7.782MB
2026-03-30 23:01:06,348,16.88,99.13MB,34068.5,0.30,18.02GB / 18.18GB,4.096kB / 7.782MB
2026-03-30 23:01:18,348,16.88,100.1MB,34068.5,0.30,18.03GB / 18.19GB,4.096kB / 7.782MB
2026-03-30 23:01:30,349,16.88,99.73MB,34068.5,0.30,18.04GB / 18.2GB,4.096kB / 7.782MB
2026-03-30 23:01:43,349,16.88,99.54MB,34068.5,0.30,18.05GB / 18.21GB,4.096kB / 7.782MB
2026-03-30 23:01:55,349,16.88,99.11MB,34068.5,0.30,18.06GB / 18.22GB,4.096kB / 7.782MB
2026-03-30 23:02:07,349,16.88,100.6MB,34068.5,0.30,18.08GB / 18.23GB,4.096kB / 7.782MB
2026-03-30 23:02:20,349,16.88,99.87MB,34068.5,0.30,18.09GB / 18.24GB,4.096kB / 7.782MB
2026-03-30 23:02:32,350,16.88,99.26MB,34068.5,0.30,18.1GB / 18.25GB,4.096kB / 7.782MB
2026-03-30 23:02:44,350,16.88,99.38MB,34068.5,0.30,18.11GB / 18.26GB,4.096kB / 7.782MB
2026-03-30 23:02:56,350,16.88,99.66MB,34068.5,0.30,18.12GB / 18.27GB,4.096kB / 7.782MB
2026-03-30 23:03:08,350,16.88,99.82MB,34068.5,0.30,18.13GB / 18.28GB,4.096kB / 7.782MB
2026-03-30 23:03:21,350,16.88,99.6MB,34068.5,0.30,18.14GB / 18.29GB,4.096kB / 7.782MB
2026-03-30 23:03:33,351,16.88,100.4MB,34068.5,0.30,18.15GB / 18.3GB,4.096kB / 7.782MB
2026-03-30 23:03:46,351,16.88,99.68MB,34068.5,0.30,18.16GB / 18.31GB,4.096kB / 7.782MB
2026-03-30 23:03:58,351,16.88,100.3MB,34068.5,0.30,18.17GB / 18.32GB,4.096kB / 7.782MB
2026-03-30 23:04:10,351,16.88,100MB,34068.5,0.30,18.18GB / 18.34GB,4.096kB / 7.782MB
2026-03-30 23:04:22,351,16.89,100.3MB,34068.5,0.30,18.19GB / 18.35GB,4.096kB / 7.782MB
2026-03-30 23:04:35,352,16.89,100.1MB,34068.5,0.30,18.2GB / 18.36GB,4.096kB / 7.782MB
2026-03-30 23:04:47,352,16.89,99.58MB,34068.5,0.30,18.21GB / 18.37GB,4.096kB / 7.782MB
2026-03-30 23:04:59,352,16.89,101MB,34068.5,0.30,18.22GB / 18.38GB,4.096kB / 7.782MB
2026-03-30 23:05:12,352,16.89,100.5MB,34068.5,0.30,18.23GB / 18.39GB,4.096kB / 7.782MB
2026-03-30 23:05:24,352,16.89,100.6MB,34068.5,0.30,18.24GB / 18.4GB,4.096kB / 7.782MB
2026-03-30 23:05:36,353,16.89,99.56MB,34068.5,0.30,18.25GB / 18.41GB,4.096kB / 7.782MB
2026-03-30 23:05:49,353,16.89,99.68MB,34068.5,0.30,18.27GB / 18.42GB,4.096kB / 7.782MB
2026-03-30 23:06:01,353,16.89,99.95MB,34068.5,0.30,18.28GB / 18.43GB,4.096kB / 7.782MB
2026-03-30 23:06:13,353,16.89,99.84MB,34068.5,0.30,18.29GB / 18.44GB,4.096kB / 7.782MB
2026-03-30 23:06:26,354,16.89,100.2MB,34068.5,0.30,18.3GB / 18.45GB,4.096kB / 7.782MB
2026-03-30 23:06:38,354,16.89,100.6MB,34068.5,0.30,18.31GB / 18.46GB,4.096kB / 7.782MB
2026-03-30 23:06:50,354,16.89,100.3MB,34068.5,0.30,18.32GB / 18.47GB,4.096kB / 7.782MB
2026-03-30 23:07:02,354,16.89,99.75MB,34068.5,0.30,18.33GB / 18.48GB,4.096kB / 7.782MB
2026-03-30 23:07:15,354,16.89,99.82MB,34068.5,0.30,18.34GB / 18.5GB,4.096kB / 7.782MB
2026-03-30 23:07:27,355,16.89,100.7MB,34068.5,0.30,18.35GB / 18.51GB,4.096kB / 7.782MB
2026-03-30 23:07:39,355,16.89,100.2MB,34068.5,0.30,18.36GB / 18.52GB,4.096kB / 7.782MB
2026-03-30 23:07:52,355,16.89,99.99MB,34068.5,0.30,18.37GB / 18.53GB,4.096kB / 7.782MB
2026-03-30 23:08:04,355,16.89,100.5MB,34068.5,0.30,18.38GB / 18.54GB,4.096kB / 7.782MB
2026-03-30 23:08:16,355,16.89,100.6MB,34068.5,0.30,18.39GB / 18.55GB,4.096kB / 7.782MB
2026-03-30 23:08:29,356,16.89,100.2MB,34068.5,0.30,18.4GB / 18.56GB,4.096kB / 7.782MB
2026-03-30 23:08:41,356,16.89,100.2MB,34068.5,0.30,18.41GB / 18.57GB,4.096kB / 7.782MB
2026-03-30 23:08:54,356,16.90,99.98MB,34068.5,0.30,18.42GB / 18.58GB,4.096kB / 7.782MB
2026-03-30 23:09:06,356,16.90,100.3MB,34068.5,0.30,18.43GB / 18.59GB,4.096kB / 7.782MB
2026-03-30 23:09:19,356,16.90,100.7MB,34068.5,0.30,18.44GB / 18.6GB,4.096kB / 7.782MB
2026-03-30 23:09:31,357,16.90,100.3MB,34068.5,0.30,18.46GB / 18.61GB,4.096kB / 7.782MB
2026-03-30 23:09:43,357,16.90,100MB,34068.5,0.30,18.47GB / 18.62GB,4.096kB / 7.782MB
2026-03-30 23:09:56,357,16.90,100.9MB,34068.5,0.30,18.48GB / 18.63GB,4.096kB / 7.782MB
2026-03-30 23:10:08,357,16.90,100.9MB,34068.5,0.30,18.49GB / 18.64GB,4.096kB / 7.782MB
2026-03-30 23:10:20,357,16.90,100.6MB,34068.5,0.30,18.5GB / 18.66GB,4.096kB / 7.782MB
2026-03-30 23:10:33,358,16.90,100.1MB,34068.5,0.30,18.51GB / 18.67GB,4.096kB / 7.782MB
2026-03-30 23:10:45,358,16.90,100.2MB,34068.5,0.30,18.52GB / 18.68GB,4.096kB / 7.782MB
2026-03-30 23:10:57,358,16.90,100.2MB,34068.5,0.30,18.53GB / 18.69GB,4.096kB / 7.782MB
2026-03-30 23:11:10,358,16.90,100.8MB,34068.5,0.30,18.54GB / 18.7GB,4.096kB / 7.782MB
2026-03-30 23:11:22,358,16.90,100.9MB,34068.5,0.30,18.55GB / 18.71GB,4.096kB / 7.782MB
2026-03-30 23:11:34,359,16.90,100.7MB,34068.5,0.30,18.56GB / 18.72GB,4.096kB / 7.782MB
2026-03-30 23:11:47,359,16.90,100.3MB,34068.5,0.30,18.57GB / 18.73GB,4.096kB / 7.782MB
2026-03-30 23:11:59,359,16.90,100.4MB,34068.5,0.30,18.58GB / 18.74GB,4.096kB / 7.782MB
2026-03-30 23:12:11,359,16.90,100MB,34068.5,0.30,18.59GB / 18.75GB,4.096kB / 7.782MB
2026-03-30 23:12:24,359,16.90,101.2MB,34068.5,0.30,18.6GB / 18.76GB,4.096kB / 7.782MB
2026-03-30 23:12:36,360,16.90,100.7MB,34068.5,0.30,18.61GB / 18.77GB,4.096kB / 7.782MB
2026-03-30 23:12:48,360,16.90,100.9MB,34068.5,0.30,18.63GB / 18.78GB,4.096kB / 7.782MB
2026-03-30 23:13:00,360,16.90,100.3MB,34068.5,0.30,18.64GB / 18.79GB,4.096kB / 7.782MB
2026-03-30 23:13:13,360,16.90,100.3MB,34068.5,0.30,18.65GB / 18.8GB,4.096kB / 7.782MB
2026-03-30 23:13:25,361,16.90,100.3MB,34068.5,0.30,18.66GB / 18.82GB,4.096kB / 7.782MB
2026-03-30 23:13:38,361,16.90,100.6MB,34068.5,0.30,18.67GB / 18.83GB,4.096kB / 7.782MB
2026-03-30 23:13:50,361,16.90,100.6MB,34068.5,0.30,18.68GB / 18.84GB,4.096kB / 7.782MB
2026-03-30 23:14:02,361,16.90,101MB,34068.5,0.30,18.69GB / 18.85GB,4.096kB / 7.782MB
2026-03-30 23:14:15,361,16.90,101.5MB,34068.5,0.31,18.7GB / 18.86GB,4.096kB / 7.782MB
2026-03-30 23:14:28,362,16.90,100.2MB,34068.5,0.30,18.7GB / 18.86GB,4.096kB / 7.782MB
2026-03-30 23:14:40,362,16.90,100.4MB,34068.5,0.30,18.71GB / 18.87GB,4.096kB / 7.782MB
2026-03-30 23:14:52,362,16.90,100.4MB,34068.5,0.30,18.72GB / 18.88GB,4.096kB / 7.782MB
2026-03-30 23:15:04,362,16.90,101.1MB,34068.5,0.30,18.73GB / 18.89GB,4.096kB / 7.782MB
2026-03-30 23:15:17,362,16.90,100.7MB,34068.5,0.30,18.74GB / 18.9GB,4.096kB / 7.782MB
2026-03-30 23:15:29,363,16.90,100.8MB,34068.5,0.30,18.75GB / 18.91GB,4.096kB / 7.782MB
2026-03-30 23:15:42,363,16.90,100.4MB,34068.5,0.30,18.76GB / 18.92GB,4.096kB / 7.782MB
2026-03-30 23:15:54,363,16.90,101MB,34068.5,0.30,18.78GB / 18.94GB,4.096kB / 7.782MB
2026-03-30 23:16:06,363,16.90,101.2MB,34068.5,0.30,18.79GB / 18.95GB,4.096kB / 7.782MB
2026-03-30 23:16:19,363,16.90,101.3MB,34068.5,0.30,18.8GB / 18.96GB,4.096kB / 7.782MB
2026-03-30 23:16:31,364,16.90,101.2MB,34068.5,0.30,18.81GB / 18.97GB,4.096kB / 7.782MB
2026-03-30 23:16:43,364,16.90,100.9MB,34068.5,0.30,18.82GB / 18.98GB,4.096kB / 7.782MB
2026-03-30 23:16:55,364,16.90,100.6MB,34068.5,0.30,18.83GB / 18.99GB,4.096kB / 7.782MB
2026-03-30 23:17:08,364,16.90,100.5MB,34068.5,0.30,18.84GB / 19GB,4.096kB / 7.782MB
2026-03-30 23:17:20,364,16.90,100.5MB,34068.5,0.30,18.85GB / 19.01GB,4.096kB / 7.782MB
2026-03-30 23:17:32,365,16.90,100.8MB,34068.5,0.30,18.86GB / 19.02GB,4.096kB / 7.782MB
2026-03-30 23:17:44,365,16.90,101.6MB,34068.5,0.31,18.87GB / 19.03GB,4.096kB / 7.782MB
2026-03-30 23:17:57,365,16.90,101.3MB,34068.5,0.30,18.88GB / 19.04GB,4.096kB / 7.782MB
2026-03-30 23:18:09,365,16.90,100.8MB,34068.5,0.30,18.89GB / 19.05GB,4.096kB / 7.782MB
2026-03-30 23:18:21,365,16.90,100.9MB,34068.5,0.30,18.9GB / 19.06GB,4.096kB / 7.782MB
2026-03-30 23:18:34,366,16.90,101.7MB,34068.5,0.31,18.91GB / 19.07GB,4.096kB / 7.782MB
2026-03-30 23:18:46,366,16.90,101.1MB,34068.5,0.30,18.92GB / 19.08GB,4.096kB / 7.782MB
2026-03-30 23:18:58,366,16.90,100.8MB,34068.5,0.30,18.93GB / 19.09GB,4.096kB / 7.782MB
2026-03-30 23:19:10,366,16.90,102MB,34068.5,0.31,18.94GB / 19.11GB,4.096kB / 7.782MB
2026-03-30 23:19:23,366,16.90,101.1MB,34068.5,0.30,18.95GB / 19.12GB,4.096kB / 7.782MB
2026-03-30 23:19:35,367,16.90,101.5MB,34068.5,0.31,18.96GB / 19.13GB,4.096kB / 7.782MB
2026-03-30 23:19:47,367,16.90,101.2MB,34068.5,0.30,18.98GB / 19.14GB,4.096kB / 7.782MB
2026-03-30 23:19:59,367,16.90,101.8MB,34068.5,0.31,18.99GB / 19.15GB,4.096kB / 7.782MB
2026-03-30 23:20:12,367,16.90,100.8MB,34068.5,0.30,19GB / 19.16GB,4.096kB / 7.782MB
2026-03-30 23:20:24,367,16.90,102MB,34068.5,0.31,19.01GB / 19.17GB,4.096kB / 7.782MB
2026-03-30 23:20:37,368,16.90,102.1MB,34068.5,0.31,19.02GB / 19.18GB,4.096kB / 7.782MB
2026-03-30 23:20:49,368,16.90,102.6MB,34068.5,0.31,19.03GB / 19.19GB,4.096kB / 7.782MB
2026-03-30 23:21:01,368,16.90,101.3MB,34068.5,0.30,19.04GB / 19.2GB,4.096kB / 7.782MB
2026-03-30 23:21:13,368,16.90,102.2MB,34068.5,0.31,19.05GB / 19.21GB,4.096kB / 7.782MB
2026-03-30 23:21:26,369,16.90,101.2MB,34068.5,0.30,19.06GB / 19.22GB,4.096kB / 7.782MB
2026-03-30 23:21:38,369,16.90,101.6MB,34068.5,0.31,19.07GB / 19.23GB,4.096kB / 7.782MB
2026-03-30 23:21:50,369,16.90,101.2MB,34068.5,0.30,19.08GB / 19.24GB,4.096kB / 7.782MB
2026-03-30 23:22:02,369,16.90,101.3MB,34068.5,0.30,19.09GB / 19.25GB,4.096kB / 7.782MB
2026-03-30 23:22:15,369,16.90,102.1MB,34068.5,0.31,19.1GB / 19.26GB,4.096kB / 7.782MB
2026-03-30 23:22:27,370,16.90,101.5MB,34068.5,0.31,19.11GB / 19.28GB,4.096kB / 7.782MB
2026-03-30 23:22:39,370,16.90,102.3MB,34068.5,0.31,19.12GB / 19.29GB,4.096kB / 7.782MB
2026-03-30 23:22:52,370,16.90,102.3MB,34068.5,0.31,19.13GB / 19.3GB,4.096kB / 7.782MB
2026-03-30 23:23:04,370,16.90,101.9MB,34068.5,0.31,19.14GB / 19.31GB,4.096kB / 7.782MB
2026-03-30 23:23:16,370,16.90,101.7MB,34068.5,0.31,19.15GB / 19.32GB,4.096kB / 7.782MB
2026-03-30 23:23:28,371,16.90,101.6MB,34068.5,0.31,19.16GB / 19.33GB,4.096kB / 7.782MB
2026-03-30 23:23:41,371,16.90,101.1MB,34068.5,0.30,19.18GB / 19.34GB,4.096kB / 7.782MB
2026-03-30 23:23:53,371,16.90,101.9MB,34068.5,0.31,19.19GB / 19.35GB,4.096kB / 7.782MB
2026-03-30 23:24:06,371,16.90,101.6MB,34068.5,0.31,19.2GB / 19.36GB,4.096kB / 7.782MB
2026-03-30 23:24:18,371,16.90,101.4MB,34068.5,0.30,19.21GB / 19.37GB,4.096kB / 7.782MB
2026-03-30 23:24:30,372,16.90,102.3MB,34068.5,0.31,19.22GB / 19.38GB,4.096kB / 7.782MB
2026-03-30 23:24:42,372,16.90,102.2MB,34068.5,0.31,19.23GB / 19.39GB,4.096kB / 7.782MB
2026-03-30 23:24:55,372,16.90,102.2MB,34068.5,0.31,19.24GB / 19.4GB,4.096kB / 7.782MB
2026-03-30 23:25:07,372,16.90,102.1MB,34068.5,0.31,19.25GB / 19.41GB,4.096kB / 7.782MB
2026-03-30 23:25:19,372,16.90,102.1MB,34068.5,0.31,19.26GB / 19.42GB,4.096kB / 7.782MB
2026-03-30 23:25:32,373,16.90,101.8MB,34068.5,0.31,19.27GB / 19.43GB,4.096kB / 7.782MB
2026-03-30 23:25:44,373,16.90,102.1MB,34068.5,0.31,19.28GB / 19.45GB,4.096kB / 7.782MB
2026-03-30 23:25:56,373,16.90,102.8MB,34068.5,0.31,19.29GB / 19.46GB,4.096kB / 7.782MB
2026-03-30 23:26:09,373,16.90,101.9MB,34068.5,0.31,19.3GB / 19.47GB,4.096kB / 7.782MB
2026-03-30 23:26:21,373,16.90,102MB,34068.5,0.31,19.31GB / 19.48GB,4.096kB / 7.782MB
2026-03-30 23:26:33,374,16.90,103.1MB,34068.5,0.31,19.32GB / 19.49GB,4.096kB / 7.782MB
2026-03-30 23:26:45,374,16.90,102.4MB,34068.5,0.31,19.33GB / 19.5GB,4.096kB / 7.782MB
2026-03-30 23:26:58,374,16.90,102.7MB,34068.5,0.31,19.34GB / 19.51GB,4.096kB / 7.782MB
2026-03-30 23:27:10,374,16.90,101.6MB,34068.5,0.31,19.35GB / 19.52GB,4.096kB / 7.782MB
2026-03-30 23:27:22,374,16.90,102.1MB,34068.5,0.31,19.37GB / 19.53GB,4.096kB / 7.782MB
2026-03-30 23:27:35,375,16.90,102.5MB,34068.5,0.31,19.38GB / 19.54GB,4.096kB / 7.782MB
2026-03-30 23:27:47,375,16.90,101.8MB,34068.5,0.31,19.39GB / 19.55GB,4.096kB / 7.782MB
2026-03-30 23:27:59,375,16.90,101.6MB,34068.5,0.31,19.4GB / 19.56GB,4.096kB / 7.782MB
2026-03-30 23:28:12,375,16.91,102.8MB,34068.5,0.31,19.41GB / 19.57GB,4.096kB / 7.782MB
2026-03-30 23:28:24,375,16.91,102.3MB,34068.5,0.31,19.42GB / 19.58GB,4.096kB / 7.782MB
2026-03-30 23:28:37,376,16.91,102.3MB,34068.5,0.31,19.43GB / 19.59GB,4.096kB / 7.782MB
2026-03-30 23:28:49,376,16.91,102.4MB,34068.5,0.31,19.44GB / 19.6GB,4.096kB / 7.782MB
2026-03-30 23:29:01,376,16.91,102.9MB,34068.5,0.31,19.45GB / 19.62GB,4.096kB / 7.782MB
2026-03-30 23:29:13,376,16.91,101.7MB,34068.5,0.31,19.46GB / 19.63GB,4.096kB / 7.782MB
2026-03-30 23:29:26,377,16.91,102.1MB,34068.5,0.31,19.47GB / 19.64GB,4.096kB / 7.782MB
2026-03-30 23:29:39,377,16.91,102MB,34068.5,0.31,19.48GB / 19.65GB,4.096kB / 7.782MB
2026-03-30 23:29:51,377,16.91,101.7MB,34068.5,0.31,19.49GB / 19.66GB,4.096kB / 7.782MB
2026-03-30 23:30:03,377,16.91,102.3MB,34068.5,0.31,19.5GB / 19.67GB,4.096kB / 7.782MB
2026-03-30 23:30:16,377,16.91,102MB,34068.5,0.31,19.51GB / 19.68GB,4.096kB / 7.782MB
2026-03-30 23:30:28,378,16.91,102.3MB,34068.5,0.31,19.52GB / 19.69GB,4.096kB / 7.782MB
2026-03-30 23:30:40,378,16.91,103.3MB,34068.5,0.31,19.53GB / 19.7GB,4.096kB / 7.782MB
2026-03-30 23:30:52,378,16.91,103.2MB,34068.5,0.31,19.55GB / 19.71GB,4.096kB / 7.782MB
2026-03-30 23:31:05,378,16.91,102.1MB,34068.5,0.31,19.56GB / 19.72GB,4.096kB / 7.782MB
2026-03-30 23:31:17,378,16.91,102.1MB,34068.5,0.31,19.57GB / 19.73GB,4.096kB / 7.782MB
2026-03-30 23:31:29,379,16.91,103.1MB,34068.5,0.31,19.58GB / 19.74GB,4.096kB / 7.782MB
2026-03-30 23:31:42,379,16.91,102.8MB,34068.5,0.31,19.59GB / 19.75GB,4.096kB / 7.782MB
2026-03-30 23:31:54,379,16.91,102.6MB,34068.5,0.31,19.6GB / 19.77GB,4.096kB / 7.782MB
2026-03-30 23:32:06,379,16.91,102.6MB,34068.5,0.31,19.61GB / 19.78GB,4.096kB / 7.782MB
2026-03-30 23:32:19,379,16.92,102.9MB,34068.5,0.31,19.62GB / 19.79GB,4.096kB / 7.782MB
2026-03-30 23:32:32,380,16.92,102.2MB,34068.5,0.31,19.63GB / 19.8GB,4.096kB / 7.782MB
2026-03-30 23:32:44,380,16.92,102.9MB,34068.5,0.31,19.64GB / 19.81GB,4.096kB / 7.782MB
2026-03-30 23:32:57,380,16.92,103.1MB,34068.5,0.31,19.65GB / 19.82GB,4.096kB / 7.782MB
2026-03-30 23:33:09,380,16.92,103.1MB,34068.5,0.31,19.66GB / 19.83GB,4.096kB / 7.782MB
2026-03-30 23:33:22,380,16.92,102.5MB,34068.5,0.31,19.67GB / 19.84GB,4.096kB / 7.782MB
2026-03-30 23:33:34,381,16.92,103MB,34068.5,0.31,19.68GB / 19.85GB,4.096kB / 7.782MB
2026-03-30 23:33:46,381,16.92,102.4MB,34068.5,0.31,19.69GB / 19.86GB,4.096kB / 7.782MB
2026-03-30 23:33:58,381,16.92,103.4MB,34068.5,0.31,19.7GB / 19.87GB,4.096kB / 7.782MB
2026-03-30 23:34:11,381,16.92,103MB,34068.5,0.31,19.71GB / 19.88GB,4.096kB / 7.782MB
2026-03-30 23:34:23,381,16.92,103.4MB,34068.5,0.31,19.73GB / 19.89GB,4.096kB / 7.782MB
2026-03-30 23:34:35,382,16.92,102.3MB,34068.5,0.31,19.74GB / 19.9GB,4.096kB / 7.782MB
2026-03-30 23:34:48,382,16.92,102.6MB,34068.5,0.31,19.75GB / 19.91GB,4.096kB / 7.782MB
2026-03-30 23:35:00,382,16.92,102.2MB,34068.5,0.31,19.76GB / 19.92GB,4.096kB / 7.782MB
2026-03-30 23:35:12,382,16.92,102.9MB,34068.5,0.31,19.77GB / 19.94GB,4.096kB / 7.782MB
2026-03-30 23:35:24,382,16.92,102.4MB,34068.5,0.31,19.78GB / 19.95GB,4.096kB / 7.782MB
2026-03-30 23:35:36,383,16.92,102.3MB,34068.5,0.31,19.79GB / 19.96GB,4.096kB / 7.782MB
2026-03-30 23:35:49,383,16.92,102.3MB,34068.5,0.31,19.8GB / 19.97GB,4.096kB / 7.782MB
2026-03-30 23:36:01,383,16.92,103.5MB,34068.5,0.31,19.81GB / 19.98GB,4.096kB / 7.782MB
2026-03-30 23:36:14,383,16.92,102.5MB,34068.5,0.31,19.82GB / 19.99GB,4.096kB / 7.782MB
2026-03-30 23:36:26,384,16.92,103.3MB,34068.5,0.31,19.83GB / 20GB,4.096kB / 7.782MB
2026-03-30 23:36:38,384,16.92,103.2MB,34068.5,0.31,19.84GB / 20.01GB,4.096kB / 7.782MB
2026-03-30 23:36:51,384,16.92,103MB,34068.5,0.31,19.85GB / 20.02GB,4.096kB / 7.782MB
2026-03-30 23:37:03,384,16.92,102.8MB,34068.5,0.31,19.86GB / 20.03GB,4.096kB / 7.782MB
2026-03-30 23:37:15,384,16.92,103.2MB,34068.5,0.31,19.87GB / 20.04GB,4.096kB / 7.782MB
2026-03-30 23:37:28,385,16.92,102.6MB,34068.5,0.31,19.88GB / 20.05GB,4.096kB / 7.782MB
2026-03-30 23:37:40,385,16.92,103MB,34068.5,0.31,19.89GB / 20.06GB,4.096kB / 7.782MB
2026-03-30 23:37:52,385,16.92,102.9MB,34068.5,0.31,19.9GB / 20.07GB,4.096kB / 7.782MB
2026-03-30 23:38:05,385,16.92,102.7MB,34068.5,0.31,19.92GB / 20.09GB,4.096kB / 7.782MB
2026-03-30 23:38:17,385,16.92,102.8MB,34068.5,0.31,19.93GB / 20.1GB,4.096kB / 7.782MB
2026-03-30 23:38:29,386,16.92,103.2MB,34068.5,0.31,19.94GB / 20.11GB,4.096kB / 7.782MB
2026-03-30 23:38:41,386,16.92,103.3MB,34068.5,0.31,19.95GB / 20.12GB,4.096kB / 7.782MB
2026-03-30 23:38:54,386,16.93,103.6MB,34068.5,0.31,19.96GB / 20.13GB,4.096kB / 7.782MB
2026-03-30 23:39:06,386,16.93,103.7MB,34068.5,0.31,19.97GB / 20.14GB,4.096kB / 7.782MB
2026-03-30 23:39:18,386,16.93,103.5MB,34068.5,0.31,19.98GB / 20.15GB,4.096kB / 7.782MB
2026-03-30 23:39:31,387,16.93,103.3MB,34068.5,0.31,19.99GB / 20.16GB,4.096kB / 7.782MB
2026-03-30 23:39:43,387,16.93,103.6MB,34068.5,0.31,20GB / 20.17GB,4.096kB / 7.782MB
2026-03-30 23:39:55,387,16.93,103MB,34068.5,0.31,20.01GB / 20.18GB,4.096kB / 7.782MB
2026-03-30 23:40:08,387,16.93,103.7MB,34068.5,0.31,20.02GB / 20.19GB,4.096kB / 7.782MB
2026-03-30 23:40:20,387,16.93,103.7MB,34068.5,0.31,20.03GB / 20.2GB,4.096kB / 7.782MB
2026-03-30 23:40:32,388,16.93,103.3MB,34068.5,0.31,20.04GB / 20.21GB,4.096kB / 7.782MB
2026-03-30 23:40:45,388,16.93,103.5MB,34068.5,0.31,20.05GB / 20.22GB,4.096kB / 7.782MB
2026-03-30 23:40:57,388,16.93,103.1MB,34068.5,0.31,20.06GB / 20.23GB,4.096kB / 7.782MB
2026-03-30 23:41:09,388,16.93,103.5MB,34068.5,0.31,20.07GB / 20.25GB,4.096kB / 7.782MB
2026-03-30 23:41:22,388,16.93,103.3MB,34068.5,0.31,20.08GB / 20.26GB,4.096kB / 7.782MB
2026-03-30 23:41:34,389,16.93,103.1MB,34068.5,0.31,20.1GB / 20.27GB,4.096kB / 7.782MB
2026-03-30 23:41:47,389,16.93,104.4MB,34068.5,0.31,20.11GB / 20.28GB,4.096kB / 7.782MB
2026-03-30 23:41:59,389,16.93,103.6MB,34068.5,0.31,20.12GB / 20.29GB,4.096kB / 7.782MB
2026-03-30 23:42:11,389,16.93,103.7MB,34068.5,0.31,20.13GB / 20.3GB,4.096kB / 7.782MB
2026-03-30 23:42:24,389,16.93,104.3MB,34068.5,0.31,20.14GB / 20.31GB,4.096kB / 7.782MB
2026-03-30 23:42:36,390,16.93,104.1MB,34068.5,0.31,20.15GB / 20.32GB,4.096kB / 7.782MB
2026-03-30 23:42:49,390,16.93,103.7MB,34068.5,0.31,20.16GB / 20.33GB,4.096kB / 7.782MB
2026-03-30 23:43:01,390,16.93,103.4MB,34068.5,0.31,20.17GB / 20.34GB,4.096kB / 7.782MB
2026-03-30 23:43:13,390,16.93,103MB,34068.5,0.31,20.18GB / 20.35GB,4.096kB / 7.782MB
2026-03-30 23:43:26,391,16.93,103.7MB,34068.5,0.31,20.19GB / 20.36GB,4.096kB / 7.782MB
2026-03-30 23:43:38,391,16.93,104.1MB,34068.5,0.31,20.2GB / 20.37GB,4.096kB / 7.782MB
2026-03-30 23:43:50,391,16.93,103.9MB,34068.5,0.31,20.21GB / 20.38GB,4.096kB / 7.782MB
2026-03-30 23:44:02,391,16.93,103.8MB,34068.5,0.31,20.22GB / 20.39GB,4.096kB / 7.782MB
2026-03-30 23:44:15,391,16.93,104.1MB,34068.5,0.31,20.23GB / 20.41GB,4.096kB / 7.782MB
2026-03-30 23:44:27,392,16.93,103.9MB,34068.5,0.31,20.24GB / 20.42GB,4.096kB / 7.782MB
2026-03-30 23:44:39,392,16.93,103.1MB,34068.5,0.31,20.25GB / 20.42GB,4.096kB / 7.782MB
2026-03-30 23:44:52,392,16.92,104.5MB,34068.5,0.31,20.26GB / 20.43GB,4.096kB / 7.782MB
2026-03-30 23:45:04,392,16.92,103.4MB,34068.5,0.31,20.27GB / 20.44GB,4.096kB / 7.782MB
2026-03-30 23:45:16,392,16.92,104.2MB,34068.5,0.31,20.28GB / 20.45GB,4.096kB / 7.782MB
2026-03-30 23:45:29,393,16.92,103.9MB,34068.5,0.31,20.29GB / 20.46GB,4.096kB / 7.782MB
2026-03-30 23:45:41,393,16.92,103.6MB,34068.5,0.31,20.3GB / 20.47GB,4.096kB / 7.782MB
2026-03-30 23:45:53,393,16.92,104.4MB,34068.5,0.31,20.31GB / 20.48GB,4.096kB / 7.782MB
2026-03-30 23:46:06,393,16.93,104.1MB,34068.5,0.31,20.32GB / 20.49GB,4.096kB / 7.782MB
2026-03-30 23:46:18,393,16.93,104MB,34068.5,0.31,20.33GB / 20.5GB,4.096kB / 7.782MB
2026-03-30 23:46:30,394,16.93,104.6MB,34068.5,0.31,20.34GB / 20.51GB,4.096kB / 7.782MB
2026-03-30 23:46:43,394,16.93,103.9MB,34068.5,0.31,20.35GB / 20.52GB,4.096kB / 7.782MB
2026-03-30 23:46:55,394,16.93,103.7MB,34068.5,0.31,20.36GB / 20.54GB,4.096kB / 7.782MB
2026-03-30 23:47:07,394,16.93,104.3MB,34068.5,0.31,20.37GB / 20.55GB,4.096kB / 7.782MB
2026-03-30 23:47:20,394,16.93,104.1MB,34068.5,0.31,20.38GB / 20.56GB,4.096kB / 7.782MB
2026-03-30 23:47:32,395,16.93,104.5MB,34068.5,0.31,20.39GB / 20.57GB,4.096kB / 7.782MB
2026-03-30 23:47:44,395,16.93,103.4MB,34068.5,0.31,20.4GB / 20.58GB,4.096kB / 7.782MB
2026-03-30 23:47:57,395,16.93,104.7MB,34068.5,0.31,20.41GB / 20.59GB,4.096kB / 7.782MB
2026-03-30 23:48:09,395,16.93,104.3MB,34068.5,0.31,20.43GB / 20.6GB,4.096kB / 7.782MB
2026-03-30 23:48:21,395,16.93,104.6MB,34068.5,0.31,20.44GB / 20.61GB,4.096kB / 7.782MB
2026-03-30 23:48:34,396,16.93,103.8MB,34068.5,0.31,20.45GB / 20.62GB,4.096kB / 7.782MB
2026-03-30 23:48:46,396,16.93,104.3MB,34068.5,0.31,20.46GB / 20.63GB,4.096kB / 7.782MB
2026-03-30 23:48:58,396,16.93,104.1MB,34068.5,0.31,20.47GB / 20.64GB,4.096kB / 7.782MB
2026-03-30 23:49:11,396,16.93,104.1MB,34068.5,0.31,20.48GB / 20.65GB,4.096kB / 7.782MB
2026-03-30 23:49:23,396,16.93,103.8MB,34068.5,0.31,20.49GB / 20.66GB,4.096kB / 7.782MB
2026-03-30 23:49:35,397,16.93,103.9MB,34068.5,0.31,20.5GB / 20.67GB,4.096kB / 7.782MB
2026-03-30 23:49:48,397,16.93,103.9MB,34068.5,0.31,20.51GB / 20.68GB,4.096kB / 7.782MB
2026-03-30 23:50:00,397,16.93,103.7MB,34068.5,0.31,20.52GB / 20.69GB,4.096kB / 7.782MB
2026-03-30 23:50:12,397,16.93,104.1MB,34068.5,0.31,20.53GB / 20.71GB,4.096kB / 7.782MB
2026-03-30 23:50:24,397,16.93,104.3MB,34068.5,0.31,20.54GB / 20.72GB,4.096kB / 7.782MB
2026-03-30 23:50:37,398,16.93,104.2MB,34068.5,0.31,20.55GB / 20.73GB,4.096kB / 7.782MB
2026-03-30 23:50:49,398,16.93,104.4MB,34068.5,0.31,20.56GB / 20.74GB,4.096kB / 7.782MB
2026-03-30 23:51:01,398,16.93,103.9MB,34068.5,0.31,20.57GB / 20.75GB,4.096kB / 7.782MB
2026-03-30 23:51:14,398,16.93,105.1MB,34068.5,0.32,20.58GB / 20.76GB,4.096kB / 7.782MB
2026-03-30 23:51:26,399,16.93,105MB,34068.5,0.32,20.59GB / 20.77GB,4.096kB / 7.782MB
2026-03-30 23:51:38,399,16.93,104.5MB,34068.5,0.31,20.6GB / 20.78GB,4.096kB / 7.782MB
2026-03-30 23:51:51,399,16.93,104.1MB,34068.5,0.31,20.62GB / 20.79GB,4.096kB / 7.782MB
2026-03-30 23:52:03,399,16.93,104MB,34068.5,0.31,20.63GB / 20.8GB,4.096kB / 7.782MB
2026-03-30 23:52:15,399,16.93,104.9MB,34068.5,0.32,20.64GB / 20.81GB,4.096kB / 7.782MB
2026-03-30 23:52:27,400,16.93,105MB,34068.5,0.32,20.65GB / 20.82GB,4.096kB / 7.782MB
2026-03-30 23:52:39,400,16.93,104.6MB,34068.5,0.31,20.66GB / 20.83GB,4.096kB / 7.782MB
2026-03-30 23:52:52,400,16.93,104.2MB,34068.5,0.31,20.67GB / 20.84GB,4.096kB / 7.782MB
2026-03-30 23:53:04,400,16.93,104.3MB,34068.5,0.31,20.68GB / 20.85GB,4.096kB / 7.782MB
2026-03-30 23:53:16,400,16.93,104.2MB,34068.5,0.31,20.69GB / 20.86GB,4.096kB / 7.782MB
2026-03-30 23:53:28,401,16.93,104MB,34068.5,0.31,20.7GB / 20.87GB,4.096kB / 7.782MB
2026-03-30 23:53:40,401,16.93,104.2MB,34068.5,0.31,20.71GB / 20.89GB,4.096kB / 7.782MB
2026-03-30 23:53:53,401,16.93,105.4MB,34068.5,0.32,20.72GB / 20.9GB,4.096kB / 7.782MB
2026-03-30 23:54:05,401,16.93,104.3MB,34068.5,0.31,20.73GB / 20.91GB,4.096kB / 7.782MB
2026-03-30 23:54:17,401,16.93,104.1MB,34068.5,0.31,20.74GB / 20.92GB,4.096kB / 7.782MB
2026-03-30 23:54:30,402,16.93,104.2MB,34068.5,0.31,20.75GB / 20.93GB,4.096kB / 7.782MB
2026-03-30 23:54:42,402,16.93,104.9MB,34068.5,0.32,20.76GB / 20.94GB,4.096kB / 7.782MB
2026-03-30 23:54:54,402,16.93,105MB,34068.5,0.32,20.77GB / 20.95GB,4.096kB / 7.782MB
2026-03-30 23:55:07,402,16.93,104.4MB,34068.5,0.31,20.78GB / 20.96GB,4.096kB / 7.782MB
2026-03-30 23:55:19,402,16.93,104.6MB,34068.5,0.31,20.79GB / 20.97GB,4.096kB / 7.782MB
2026-03-30 23:55:31,403,16.93,105.3MB,34068.5,0.32,20.8GB / 20.98GB,4.096kB / 7.782MB
2026-03-30 23:55:44,403,16.93,104.4MB,34068.5,0.31,20.81GB / 20.99GB,4.096kB / 7.782MB
2026-03-30 23:55:56,403,16.93,105.1MB,34068.5,0.32,20.83GB / 21GB,4.096kB / 7.782MB
2026-03-30 23:56:09,403,16.93,105.2MB,34068.5,0.32,20.84GB / 21.01GB,4.096kB / 7.782MB
2026-03-30 23:56:21,403,16.93,104.7MB,34068.5,0.31,20.85GB / 21.02GB,4.096kB / 7.782MB
2026-03-30 23:56:33,404,16.93,105.1MB,34068.5,0.32,20.86GB / 21.04GB,4.096kB / 7.782MB
2026-03-30 23:56:46,404,16.93,105.2MB,34068.5,0.32,20.87GB / 21.05GB,4.096kB / 7.782MB
2026-03-30 23:56:58,404,16.94,105.8MB,34068.5,0.32,20.88GB / 21.06GB,4.096kB / 7.782MB
2026-03-30 23:57:11,404,16.94,105.9MB,34068.5,0.32,20.89GB / 21.07GB,4.096kB / 7.782MB
2026-03-30 23:57:23,404,16.94,104.9MB,34068.5,0.32,20.9GB / 21.08GB,4.096kB / 7.782MB
2026-03-30 23:57:35,405,16.94,105.5MB,34068.5,0.32,20.91GB / 21.09GB,4.096kB / 7.782MB
2026-03-30 23:57:48,405,16.94,105.1MB,34068.5,0.32,20.92GB / 21.1GB,4.096kB / 7.782MB
2026-03-30 23:58:00,405,16.94,105MB,34068.5,0.32,20.93GB / 21.11GB,4.096kB / 7.782MB
2026-03-30 23:58:12,405,16.94,106MB,34068.5,0.32,20.94GB / 21.12GB,4.096kB / 7.782MB
2026-03-30 23:58:24,405,16.94,104.9MB,34068.5,0.32,20.95GB / 21.13GB,4.096kB / 7.782MB
2026-03-30 23:58:37,406,16.94,105.1MB,34068.5,0.32,20.96GB / 21.14GB,4.096kB / 7.782MB
2026-03-30 23:58:49,406,16.94,104.9MB,34068.5,0.32,20.97GB / 21.15GB,4.096kB / 7.782MB
2026-03-30 23:59:01,406,16.94,105.3MB,34068.5,0.32,20.98GB / 21.16GB,4.096kB / 7.782MB
2026-03-30 23:59:13,406,16.94,105.7MB,34068.5,0.32,21GB / 21.17GB,4.096kB / 7.782MB
2026-03-30 23:59:26,407,16.94,105.1MB,34068.5,0.32,21.01GB / 21.18GB,4.096kB / 7.782MB
2026-03-30 23:59:38,407,16.94,104.9MB,34068.5,0.32,21.02GB / 21.2GB,4.096kB / 7.782MB
2026-03-30 23:59:50,407,16.94,104.6MB,34068.5,0.31,21.03GB / 21.21GB,4.096kB / 7.782MB
2026-03-31 00:00:03,407,16.94,105.2MB,34068.5,0.32,21.04GB / 21.22GB,4.096kB / 7.782MB
2026-03-31 00:00:15,407,16.94,104.8MB,34068.5,0.32,21.05GB / 21.23GB,4.096kB / 7.782MB
2026-03-31 00:00:27,408,16.94,104.7MB,34068.5,0.31,21.06GB / 21.24GB,4.096kB / 7.782MB
2026-03-31 00:00:39,408,16.94,105.4MB,34068.5,0.32,21.07GB / 21.25GB,4.096kB / 7.782MB
2026-03-31 00:00:51,408,16.94,105.7MB,34068.5,0.32,21.08GB / 21.26GB,4.096kB / 7.782MB
2026-03-31 00:01:04,408,16.94,105.1MB,34068.5,0.32,21.09GB / 21.27GB,4.096kB / 7.782MB
2026-03-31 00:01:16,408,16.94,104.8MB,34068.5,0.31,21.1GB / 21.28GB,4.096kB / 7.782MB
2026-03-31 00:01:28,409,16.94,105.5MB,34068.5,0.32,21.11GB / 21.29GB,4.096kB / 7.782MB
2026-03-31 00:01:41,409,16.94,105.4MB,34068.5,0.32,21.12GB / 21.3GB,4.096kB / 7.782MB
2026-03-31 00:01:53,409,16.94,106.1MB,34068.5,0.32,21.13GB / 21.31GB,4.096kB / 7.782MB
2026-03-31 00:02:05,409,16.94,105.8MB,34068.5,0.32,21.14GB / 21.32GB,4.096kB / 7.782MB
2026-03-31 00:02:17,409,16.94,105.4MB,34068.5,0.32,21.15GB / 21.33GB,4.096kB / 7.782MB
2026-03-31 00:02:30,410,16.94,105.1MB,34068.5,0.32,21.16GB / 21.34GB,4.096kB / 7.782MB
2026-03-31 00:02:42,410,16.94,105.7MB,34068.5,0.32,21.17GB / 21.35GB,4.096kB / 7.782MB
2026-03-31 00:02:54,410,16.94,105.4MB,34068.5,0.32,21.18GB / 21.37GB,4.096kB / 7.782MB
2026-03-31 00:03:07,410,16.94,105MB,34068.5,0.32,21.2GB / 21.38GB,4.096kB / 7.782MB
2026-03-31 00:03:19,410,16.94,105.6MB,34068.5,0.32,21.21GB / 21.39GB,4.096kB / 7.782MB
2026-03-31 00:03:31,411,16.94,106.3MB,34068.5,0.32,21.22GB / 21.4GB,4.096kB / 7.782MB
2026-03-31 00:03:44,411,16.94,105.6MB,34068.5,0.32,21.23GB / 21.41GB,4.096kB / 7.782MB
2026-03-31 00:03:56,411,16.94,105MB,34068.5,0.32,21.24GB / 21.42GB,4.096kB / 7.782MB
2026-03-31 00:04:08,411,16.94,105.5MB,34068.5,0.32,21.25GB / 21.43GB,4.096kB / 7.782MB
2026-03-31 00:04:21,411,16.94,105.9MB,34068.5,0.32,21.26GB / 21.44GB,4.096kB / 7.782MB
2026-03-31 00:04:33,412,16.94,105.3MB,34068.5,0.32,21.27GB / 21.45GB,4.096kB / 7.782MB
2026-03-31 00:04:45,412,16.94,105.7MB,34068.5,0.32,21.28GB / 21.46GB,4.096kB / 7.782MB
2026-03-31 00:04:58,412,16.94,105.9MB,34068.5,0.32,21.29GB / 21.47GB,4.096kB / 7.782MB
2026-03-31 00:05:10,412,16.94,106MB,34068.5,0.32,21.3GB / 21.48GB,4.096kB / 7.782MB
2026-03-31 00:05:22,412,16.94,105.6MB,34068.5,0.32,21.31GB / 21.49GB,4.096kB / 7.782MB
2026-03-31 00:05:35,413,16.94,106.1MB,34068.5,0.32,21.32GB / 21.5GB,4.096kB / 7.782MB
2026-03-31 00:05:47,413,16.94,106.3MB,34068.5,0.32,21.33GB / 21.51GB,4.096kB / 7.782MB
2026-03-31 00:05:59,413,16.94,106.3MB,34068.5,0.32,21.34GB / 21.53GB,4.096kB / 7.782MB
2026-03-31 00:06:12,413,16.94,106.2MB,34068.5,0.32,21.35GB / 21.54GB,4.096kB / 7.782MB
2026-03-31 00:06:24,413,16.94,106.5MB,34068.5,0.32,21.36GB / 21.55GB,4.096kB / 7.782MB
2026-03-31 00:06:36,414,16.94,106.3MB,34068.5,0.32,21.38GB / 21.56GB,4.096kB / 7.782MB
2026-03-31 00:06:49,414,16.94,105.6MB,34068.5,0.32,21.39GB / 21.57GB,4.096kB / 7.782MB
2026-03-31 00:07:01,414,16.94,105.3MB,34068.5,0.32,21.4GB / 21.58GB,4.096kB / 7.782MB
2026-03-31 00:07:13,414,16.95,105.5MB,34068.5,0.32,21.41GB / 21.59GB,4.096kB / 7.782MB
2026-03-31 00:07:25,415,16.95,105.6MB,34068.5,0.32,21.42GB / 21.6GB,4.096kB / 7.782MB
2026-03-31 00:07:38,415,16.95,106.3MB,34068.5,0.32,21.43GB / 21.61GB,4.096kB / 7.782MB
2026-03-31 00:07:50,415,16.95,106.5MB,34068.5,0.32,21.44GB / 21.62GB,4.096kB / 7.782MB
2026-03-31 00:08:02,415,16.95,106.4MB,34068.5,0.32,21.45GB / 21.63GB,4.096kB / 7.782MB
2026-03-31 00:08:14,415,16.95,106.1MB,34068.5,0.32,21.46GB / 21.64GB,4.096kB / 7.782MB
2026-03-31 00:08:27,416,16.95,106.1MB,34068.5,0.32,21.47GB / 21.65GB,4.096kB / 7.782MB
2026-03-31 00:08:39,416,16.95,105.7MB,34068.5,0.32,21.48GB / 21.66GB,4.096kB / 7.782MB
2026-03-31 00:08:51,416,16.95,106.4MB,34068.5,0.32,21.49GB / 21.67GB,4.096kB / 7.782MB
2026-03-31 00:09:03,416,16.95,106.3MB,34068.5,0.32,21.5GB / 21.69GB,4.096kB / 7.782MB
2026-03-31 00:09:16,416,16.95,105.8MB,34068.5,0.32,21.51GB / 21.7GB,4.096kB / 7.782MB
2026-03-31 00:09:28,417,16.95,106.8MB,34068.5,0.32,21.52GB / 21.71GB,4.096kB / 7.782MB
2026-03-31 00:09:40,417,16.95,106MB,34068.5,0.32,21.53GB / 21.72GB,4.096kB / 7.782MB
2026-03-31 00:09:53,417,16.95,106.1MB,34068.5,0.32,21.54GB / 21.73GB,4.096kB / 7.782MB
2026-03-31 00:10:05,417,16.95,106.3MB,34068.5,0.32,21.56GB / 21.74GB,4.096kB / 7.782MB
2026-03-31 00:10:17,417,16.95,107.2MB,34068.5,0.32,21.57GB / 21.75GB,4.096kB / 7.782MB
2026-03-31 00:10:29,418,16.95,105.9MB,34068.5,0.32,21.58GB / 21.76GB,4.096kB / 7.782MB
2026-03-31 00:10:42,418,16.95,105.8MB,34068.5,0.32,21.59GB / 21.77GB,4.096kB / 7.782MB
2026-03-31 00:10:54,418,16.95,106.3MB,34068.5,0.32,21.6GB / 21.78GB,4.096kB / 7.782MB
2026-03-31 00:11:07,418,16.95,106MB,34068.5,0.32,21.61GB / 21.79GB,4.096kB / 7.782MB
2026-03-31 00:11:19,418,16.95,106.2MB,34068.5,0.32,21.62GB / 21.8GB,4.096kB / 7.782MB
2026-03-31 00:11:32,419,16.95,106.9MB,34068.5,0.32,21.63GB / 21.81GB,4.096kB / 7.782MB
2026-03-31 00:11:44,419,16.95,106.6MB,34068.5,0.32,21.64GB / 21.82GB,4.096kB / 7.782MB
2026-03-31 00:11:56,419,16.95,105.8MB,34068.5,0.32,21.65GB / 21.83GB,4.096kB / 7.782MB
2026-03-31 00:12:08,419,16.95,106.8MB,34068.5,0.32,21.66GB / 21.85GB,4.096kB / 7.782MB
2026-03-31 00:12:21,419,16.95,106.3MB,34068.5,0.32,21.67GB / 21.86GB,4.096kB / 7.782MB
2026-03-31 00:12:33,420,16.95,107.4MB,34068.5,0.32,21.68GB / 21.87GB,4.096kB / 7.782MB
2026-03-31 00:12:46,420,16.95,107.2MB,34068.5,0.32,21.69GB / 21.88GB,4.096kB / 7.782MB
2026-03-31 00:12:58,420,16.95,106.3MB,34068.5,0.32,21.7GB / 21.89GB,4.096kB / 7.782MB
2026-03-31 00:13:11,420,16.95,106.3MB,34068.5,0.32,21.71GB / 21.9GB,4.096kB / 7.782MB
2026-03-31 00:13:23,420,16.96,106.5MB,34068.5,0.32,21.72GB / 21.91GB,4.096kB / 7.782MB
2026-03-31 00:13:35,421,16.96,106.1MB,34068.5,0.32,21.74GB / 21.92GB,4.096kB / 7.782MB
2026-03-31 00:13:48,421,16.96,106.6MB,34068.5,0.32,21.75GB / 21.93GB,4.096kB / 7.782MB
2026-03-31 00:14:00,421,16.96,106.7MB,34068.5,0.32,21.76GB / 21.94GB,4.096kB / 7.782MB
2026-03-31 00:14:12,421,16.96,106.5MB,34068.5,0.32,21.77GB / 21.95GB,4.096kB / 7.782MB
2026-03-31 00:14:24,421,16.96,107MB,34068.5,0.32,21.78GB / 21.96GB,4.096kB / 7.782MB
2026-03-31 00:14:37,422,16.96,107MB,34068.5,0.32,21.79GB / 21.97GB,4.096kB / 7.782MB
2026-03-31 00:14:49,422,16.95,106MB,34068.5,0.32,21.79GB / 21.98GB,4.096kB / 7.782MB
2026-03-31 00:15:01,422,16.95,106.3MB,34068.5,0.32,21.8GB / 21.99GB,4.096kB / 7.782MB
2026-03-31 00:15:13,422,16.95,107.4MB,34068.5,0.32,21.81GB / 22GB,4.096kB / 7.782MB
2026-03-31 00:15:26,423,16.95,106.6MB,34068.5,0.32,21.82GB / 22.01GB,4.096kB / 7.782MB
2026-03-31 00:15:38,423,16.95,106.8MB,34068.5,0.32,21.83GB / 22.02GB,4.096kB / 7.782MB
2026-03-31 00:15:50,423,16.95,107MB,34068.5,0.32,21.84GB / 22.03GB,4.096kB / 7.782MB
2026-03-31 00:16:03,423,16.95,107.1MB,34068.5,0.32,21.85GB / 22.04GB,4.096kB / 7.782MB
2026-03-31 00:16:15,423,16.95,106.6MB,34068.5,0.32,21.86GB / 22.05GB,4.096kB / 7.782MB
2026-03-31 00:16:28,424,16.95,107.2MB,34068.5,0.32,21.87GB / 22.06GB,4.096kB / 7.782MB
2026-03-31 00:16:40,424,16.95,107.5MB,34068.5,0.32,21.89GB / 22.07GB,4.096kB / 7.782MB
2026-03-31 00:16:52,424,16.95,107MB,34068.5,0.32,21.9GB / 22.08GB,4.096kB / 7.782MB
2026-03-31 00:17:05,424,16.95,106.9MB,34068.5,0.32,21.91GB / 22.09GB,4.096kB / 7.782MB
2026-03-31 00:17:17,424,16.95,107.4MB,34068.5,0.32,21.92GB / 22.1GB,4.096kB / 7.782MB
2026-03-31 00:17:29,425,16.95,106.6MB,34068.5,0.32,21.93GB / 22.11GB,4.096kB / 7.782MB
2026-03-31 00:17:41,425,16.95,106.5MB,34068.5,0.32,21.94GB / 22.12GB,4.096kB / 7.782MB
2026-03-31 00:17:54,425,16.95,107MB,34068.5,0.32,21.95GB / 22.14GB,4.096kB / 7.782MB
2026-03-31 00:18:06,425,16.95,107.2MB,34068.5,0.32,21.96GB / 22.15GB,4.096kB / 7.782MB
2026-03-31 00:18:18,425,16.95,107.2MB,34068.5,0.32,21.97GB / 22.16GB,4.096kB / 7.782MB
2026-03-31 00:18:31,426,16.95,106.6MB,34068.5,0.32,21.98GB / 22.17GB,4.096kB / 7.782MB
2026-03-31 00:18:43,426,16.95,107.5MB,34068.5,0.32,21.99GB / 22.18GB,4.096kB / 7.782MB
2026-03-31 00:18:55,426,16.95,107.6MB,34068.5,0.32,22GB / 22.19GB,4.096kB / 7.782MB
2026-03-31 00:19:08,426,16.95,107.3MB,34068.5,0.32,22.01GB / 22.2GB,4.096kB / 7.782MB
2026-03-31 00:19:20,426,16.95,107.6MB,34068.5,0.32,22.02GB / 22.21GB,4.096kB / 7.782MB
2026-03-31 00:19:32,427,16.95,107.7MB,34068.5,0.32,22.03GB / 22.22GB,4.096kB / 7.782MB
2026-03-31 00:19:44,427,16.96,106.8MB,34068.5,0.32,22.04GB / 22.23GB,4.096kB / 7.782MB
2026-03-31 00:19:57,427,16.95,107.5MB,34068.5,0.32,22.05GB / 22.24GB,4.096kB / 7.782MB
2026-03-31 00:20:09,427,16.95,107.5MB,34068.5,0.32,22.06GB / 22.25GB,4.096kB / 7.782MB
2026-03-31 00:20:21,427,16.95,107MB,34068.5,0.32,22.08GB / 22.26GB,4.096kB / 7.782MB
2026-03-31 00:20:34,428,16.96,107MB,34068.5,0.32,22.09GB / 22.27GB,4.096kB / 7.782MB
2026-03-31 00:20:46,428,16.96,106.8MB,34068.5,0.32,22.1GB / 22.28GB,4.096kB / 7.782MB
2026-03-31 00:20:58,428,16.96,107.6MB,34068.5,0.32,22.11GB / 22.3GB,4.096kB / 7.782MB
2026-03-31 00:21:11,428,16.96,107.3MB,34068.5,0.32,22.12GB / 22.31GB,4.096kB / 7.782MB
2026-03-31 00:21:23,428,16.96,107MB,34068.5,0.32,22.13GB / 22.32GB,4.096kB / 7.782MB
2026-03-31 00:21:36,429,16.96,106.7MB,34068.5,0.32,22.14GB / 22.33GB,4.096kB / 7.782MB
2026-03-31 00:21:48,429,16.96,107.4MB,34068.5,0.32,22.15GB / 22.34GB,4.096kB / 7.782MB
2026-03-31 00:22:00,429,16.96,108.2MB,34068.5,0.33,22.16GB / 22.35GB,4.096kB / 7.782MB
2026-03-31 00:22:13,429,16.96,107.6MB,34068.5,0.32,22.17GB / 22.36GB,4.096kB / 7.782MB
2026-03-31 00:22:25,430,16.96,107.3MB,34068.5,0.32,22.18GB / 22.37GB,4.096kB / 7.782MB
2026-03-31 00:22:37,430,16.96,108MB,34068.5,0.32,22.19GB / 22.38GB,4.096kB / 7.782MB
2026-03-31 00:22:50,430,16.96,107.6MB,34068.5,0.32,22.2GB / 22.39GB,4.096kB / 7.782MB
2026-03-31 00:23:02,430,16.96,107.5MB,34068.5,0.32,22.21GB / 22.4GB,4.096kB / 7.782MB
2026-03-31 00:23:15,430,16.96,107.9MB,34068.5,0.32,22.22GB / 22.41GB,4.096kB / 7.782MB
2026-03-31 00:23:27,431,16.96,107.6MB,34068.5,0.32,22.23GB / 22.42GB,4.096kB / 7.782MB
2026-03-31 00:23:39,431,16.96,107.2MB,34068.5,0.32,22.24GB / 22.43GB,4.096kB / 7.782MB
2026-03-31 00:23:51,431,16.96,108MB,34068.5,0.32,22.25GB / 22.44GB,4.096kB / 7.782MB
2026-03-31 00:24:04,431,16.96,107.4MB,34068.5,0.32,22.27GB / 22.46GB,4.096kB / 7.782MB
2026-03-31 00:24:16,431,16.96,107.3MB,34068.5,0.32,22.28GB / 22.47GB,4.096kB / 7.782MB
2026-03-31 00:24:28,432,16.96,107.8MB,34068.5,0.32,22.29GB / 22.48GB,4.096kB / 7.782MB
2026-03-31 00:24:41,432,16.96,107.7MB,34068.5,0.32,22.3GB / 22.49GB,4.096kB / 7.782MB
2026-03-31 00:24:53,432,16.96,107.4MB,34068.5,0.32,22.31GB / 22.5GB,4.096kB / 7.782MB
2026-03-31 00:25:05,432,16.96,108MB,34068.5,0.32,22.32GB / 22.51GB,4.096kB / 7.782MB
2026-03-31 00:25:17,432,16.96,107.2MB,34068.5,0.32,22.33GB / 22.52GB,4.096kB / 7.782MB
2026-03-31 00:25:30,433,16.96,107.6MB,34068.5,0.32,22.34GB / 22.53GB,4.096kB / 7.782MB
2026-03-31 00:25:42,433,16.96,108.1MB,34068.5,0.32,22.35GB / 22.54GB,4.096kB / 7.782MB
2026-03-31 00:25:54,433,16.96,107.1MB,34068.5,0.32,22.36GB / 22.55GB,4.096kB / 7.782MB
2026-03-31 00:26:06,433,16.96,107.5MB,34068.5,0.32,22.37GB / 22.56GB,4.096kB / 7.782MB
2026-03-31 00:26:19,433,16.96,107.4MB,34068.5,0.32,22.38GB / 22.57GB,4.096kB / 7.782MB
2026-03-31 00:26:32,434,16.96,108.2MB,34068.5,0.33,22.39GB / 22.58GB,4.096kB / 7.782MB
2026-03-31 00:26:44,434,16.96,108.2MB,34068.5,0.33,22.4GB / 22.59GB,4.096kB / 7.782MB
2026-03-31 00:26:56,434,16.96,107.6MB,34068.5,0.32,22.41GB / 22.6GB,4.096kB / 7.782MB
2026-03-31 00:27:09,434,16.96,107.9MB,34068.5,0.32,22.42GB / 22.62GB,4.096kB / 7.782MB
2026-03-31 00:27:21,434,16.96,108.7MB,34068.5,0.33,22.43GB / 22.63GB,4.096kB / 7.782MB
2026-03-31 00:27:34,435,16.97,107.3MB,34068.5,0.32,22.45GB / 22.64GB,4.096kB / 7.782MB
2026-03-31 00:27:46,435,16.97,108MB,34068.5,0.32,22.46GB / 22.65GB,4.096kB / 7.782MB
2026-03-31 00:27:58,435,16.97,108.1MB,34068.5,0.32,22.47GB / 22.66GB,4.096kB / 7.782MB
2026-03-31 00:28:10,435,16.97,107.6MB,34068.5,0.32,22.48GB / 22.67GB,4.096kB / 7.782MB
2026-03-31 00:28:23,435,16.97,107.9MB,34068.5,0.32,22.49GB / 22.68GB,4.096kB / 7.782MB
2026-03-31 00:28:35,436,16.97,107.4MB,34068.5,0.32,22.5GB / 22.69GB,4.096kB / 7.782MB
2026-03-31 00:28:47,436,16.97,107.8MB,34068.5,0.32,22.51GB / 22.7GB,4.096kB / 7.782MB
2026-03-31 00:28:59,436,16.97,107.8MB,34068.5,0.32,22.52GB / 22.71GB,4.096kB / 7.782MB
2026-03-31 00:29:12,436,16.97,108.7MB,34068.5,0.33,22.53GB / 22.72GB,4.096kB / 7.782MB
2026-03-31 00:29:24,436,16.97,108.7MB,34068.5,0.33,22.54GB / 22.73GB,4.096kB / 7.782MB
2026-03-31 00:29:37,437,16.97,108.7MB,34068.5,0.33,22.55GB / 22.74GB,4.096kB / 7.782MB
2026-03-31 00:29:49,437,16.97,108.5MB,34068.5,0.33,22.56GB / 22.75GB,4.096kB / 7.782MB
2026-03-31 00:30:01,437,16.97,108.1MB,34068.5,0.32,22.57GB / 22.76GB,4.096kB / 7.782MB
2026-03-31 00:30:14,437,16.97,109.1MB,34068.5,0.33,22.58GB / 22.77GB,4.096kB / 7.782MB
2026-03-31 00:30:26,438,16.97,108.5MB,34068.5,0.33,22.59GB / 22.79GB,4.096kB / 7.782MB
2026-03-31 00:30:38,438,16.97,108.3MB,34068.5,0.33,22.6GB / 22.8GB,4.096kB / 7.782MB
2026-03-31 00:30:51,438,16.97,108.8MB,34068.5,0.33,22.61GB / 22.81GB,4.096kB / 7.782MB
2026-03-31 00:31:03,438,16.97,108.6MB,34068.5,0.33,22.62GB / 22.82GB,4.096kB / 7.782MB
2026-03-31 00:31:15,438,16.97,109.1MB,34068.5,0.33,22.64GB / 22.83GB,4.096kB / 7.782MB
2026-03-31 00:31:28,439,16.97,108.4MB,34068.5,0.33,22.65GB / 22.84GB,4.096kB / 7.782MB
2026-03-31 00:31:40,439,16.97,108.3MB,34068.5,0.33,22.66GB / 22.85GB,4.096kB / 7.782MB
2026-03-31 00:31:52,439,16.97,108.2MB,34068.5,0.33,22.67GB / 22.86GB,4.096kB / 7.782MB
2026-03-31 00:32:05,439,16.97,108.1MB,34068.5,0.32,22.68GB / 22.87GB,4.096kB / 7.782MB
2026-03-31 00:32:17,439,16.97,108.2MB,34068.5,0.33,22.69GB / 22.88GB,4.096kB / 7.782MB
2026-03-31 00:32:29,440,16.97,108.1MB,34068.5,0.32,22.7GB / 22.89GB,4.096kB / 7.782MB
2026-03-31 00:32:42,440,16.97,108.7MB,34068.5,0.33,22.71GB / 22.9GB,4.096kB / 7.782MB
2026-03-31 00:32:54,440,16.97,109MB,34068.5,0.33,22.72GB / 22.91GB,4.096kB / 7.782MB
2026-03-31 00:33:06,440,16.97,108.4MB,34068.5,0.33,22.73GB / 22.92GB,4.096kB / 7.782MB
2026-03-31 00:33:18,440,16.97,108.5MB,34068.5,0.33,22.74GB / 22.93GB,4.096kB / 7.782MB
2026-03-31 00:33:31,441,16.97,107.9MB,34068.5,0.32,22.75GB / 22.95GB,4.096kB / 7.782MB
2026-03-31 00:33:43,441,16.97,108.5MB,34068.5,0.33,22.76GB / 22.96GB,4.096kB / 7.782MB
2026-03-31 00:33:56,441,16.97,108.6MB,34068.5,0.33,22.77GB / 22.97GB,4.096kB / 7.782MB
2026-03-31 00:34:08,441,16.97,108.2MB,34068.5,0.33,22.78GB / 22.98GB,4.096kB / 7.782MB
2026-03-31 00:34:20,441,16.97,109.2MB,34068.5,0.33,22.79GB / 22.99GB,4.096kB / 7.782MB
2026-03-31 00:34:33,442,16.97,108MB,34068.5,0.32,22.8GB / 23GB,4.096kB / 7.782MB
2026-03-31 00:34:45,442,16.97,108.2MB,34068.5,0.33,22.81GB / 23.01GB,4.096kB / 7.782MB
2026-03-31 00:34:57,442,16.97,108.8MB,34068.5,0.33,22.83GB / 23.02GB,4.096kB / 7.782MB
2026-03-31 00:35:10,442,16.97,108.1MB,34068.5,0.33,22.84GB / 23.03GB,4.096kB / 7.782MB
2026-03-31 00:35:22,442,16.97,108MB,34068.5,0.32,22.85GB / 23.04GB,4.096kB / 7.782MB
2026-03-31 00:35:34,443,16.97,108.1MB,34068.5,0.32,22.86GB / 23.05GB,4.096kB / 7.782MB
2026-03-31 00:35:47,443,16.97,109.6MB,34068.5,0.33,22.87GB / 23.06GB,4.096kB / 7.782MB
2026-03-31 00:35:59,443,16.97,108.1MB,34068.5,0.32,22.88GB / 23.07GB,4.096kB / 7.782MB
2026-03-31 00:36:11,443,16.97,109.2MB,34068.5,0.33,22.89GB / 23.08GB,4.096kB / 7.782MB
2026-03-31 00:36:24,443,16.97,108.8MB,34068.5,0.33,22.9GB / 23.09GB,4.096kB / 7.782MB
2026-03-31 00:36:36,444,16.97,109.6MB,34068.5,0.33,22.91GB / 23.11GB,4.096kB / 7.782MB
2026-03-31 00:36:48,444,16.97,109.6MB,34068.5,0.33,22.92GB / 23.12GB,4.096kB / 7.782MB
2026-03-31 00:37:01,444,16.97,108.5MB,34068.5,0.33,22.93GB / 23.13GB,4.096kB / 7.782MB
2026-03-31 00:37:13,444,16.97,108.9MB,34068.5,0.33,22.94GB / 23.14GB,4.096kB / 7.782MB
2026-03-31 00:37:26,445,16.97,109.2MB,34068.5,0.33,22.95GB / 23.15GB,4.096kB / 7.782MB
2026-03-31 00:37:38,445,16.97,109.2MB,34068.5,0.33,22.96GB / 23.16GB,4.096kB / 7.782MB
2026-03-31 00:37:50,445,16.97,109MB,34068.5,0.33,22.97GB / 23.17GB,4.096kB / 7.782MB
2026-03-31 00:38:03,445,16.97,109.1MB,34068.5,0.33,22.98GB / 23.18GB,4.096kB / 7.782MB
2026-03-31 00:38:15,445,16.98,108.6MB,34068.5,0.33,22.99GB / 23.19GB,4.096kB / 7.782MB
2026-03-31 00:38:28,446,16.98,109MB,34068.5,0.33,23.01GB / 23.2GB,4.096kB / 7.782MB
2026-03-31 00:38:40,446,16.98,108.9MB,34068.5,0.33,23.02GB / 23.21GB,4.096kB / 7.782MB
2026-03-31 00:38:53,446,16.98,109.1MB,34068.5,0.33,23.03GB / 23.22GB,4.096kB / 7.782MB
2026-03-31 00:39:05,446,16.98,108.7MB,34068.5,0.33,23.04GB / 23.23GB,4.096kB / 7.782MB
2026-03-31 00:39:17,446,16.98,108.8MB,34068.5,0.33,23.05GB / 23.24GB,4.096kB / 7.782MB
2026-03-31 00:39:30,447,16.98,109.4MB,34068.5,0.33,23.06GB / 23.26GB,4.096kB / 7.782MB
2026-03-31 00:39:42,447,16.98,109.2MB,34068.5,0.33,23.07GB / 23.27GB,4.096kB / 7.782MB
2026-03-31 00:39:54,447,16.98,109.4MB,34068.5,0.33,23.08GB / 23.28GB,4.096kB / 7.782MB
2026-03-31 00:40:07,447,16.98,109.9MB,34068.5,0.33,23.09GB / 23.29GB,4.096kB / 7.782MB
2026-03-31 00:40:19,447,16.98,108.8MB,34068.5,0.33,23.1GB / 23.3GB,4.096kB / 7.782MB
2026-03-31 00:40:31,448,16.98,108.5MB,34068.5,0.33,23.11GB / 23.31GB,4.096kB / 7.782MB
2026-03-31 00:40:44,448,16.98,108.6MB,34068.5,0.33,23.12GB / 23.32GB,4.096kB / 7.782MB
2026-03-31 00:40:56,448,16.98,108.6MB,34068.5,0.33,23.13GB / 23.33GB,4.096kB / 7.782MB
2026-03-31 00:41:08,448,16.98,109.3MB,34068.5,0.33,23.14GB / 23.34GB,4.096kB / 7.782MB
2026-03-31 00:41:20,448,16.98,109MB,34068.5,0.33,23.15GB / 23.35GB,4.096kB / 7.782MB
2026-03-31 00:41:33,449,16.98,109.1MB,34068.5,0.33,23.16GB / 23.36GB,4.096kB / 7.782MB
2026-03-31 00:41:45,449,16.98,109.4MB,34068.5,0.33,23.18GB / 23.37GB,4.096kB / 7.782MB
2026-03-31 00:41:57,449,16.98,109.2MB,34068.5,0.33,23.19GB / 23.38GB,4.096kB / 7.782MB
2026-03-31 00:42:09,449,16.98,109.2MB,34068.5,0.33,23.2GB / 23.39GB,4.096kB / 7.782MB
2026-03-31 00:42:22,449,16.98,109.8MB,34068.5,0.33,23.21GB / 23.4GB,4.096kB / 7.782MB
2026-03-31 00:42:34,450,16.98,109.9MB,34068.5,0.33,23.22GB / 23.42GB,4.096kB / 7.782MB
2026-03-31 00:42:47,450,16.98,109.6MB,34068.5,0.33,23.23GB / 23.43GB,4.096kB / 7.782MB
2026-03-31 00:42:59,450,16.98,109.9MB,34068.5,0.33,23.24GB / 23.44GB,4.096kB / 7.782MB
2026-03-31 00:43:11,450,16.98,109.8MB,34068.5,0.33,23.25GB / 23.45GB,4.096kB / 7.782MB
2026-03-31 00:43:23,450,16.98,108.9MB,34068.5,0.33,23.26GB / 23.46GB,4.096kB / 7.782MB
2026-03-31 00:43:36,451,16.98,109.5MB,34068.5,0.33,23.27GB / 23.47GB,4.096kB / 7.782MB
2026-03-31 00:43:48,451,16.98,109.1MB,34068.5,0.33,23.28GB / 23.48GB,4.096kB / 7.782MB
2026-03-31 00:44:00,451,16.98,109.1MB,34068.5,0.33,23.29GB / 23.49GB,4.096kB / 7.782MB
2026-03-31 00:44:12,451,16.98,109.4MB,34068.5,0.33,23.3GB / 23.5GB,4.096kB / 7.782MB
2026-03-31 00:44:24,451,16.98,109.2MB,34068.5,0.33,23.31GB / 23.51GB,4.096kB / 7.782MB
2026-03-31 00:44:37,452,16.98,109.6MB,34068.5,0.33,23.32GB / 23.52GB,4.096kB / 7.782MB
2026-03-31 00:44:49,452,16.98,110MB,34068.5,0.33,23.33GB / 23.53GB,4.096kB / 7.782MB
2026-03-31 00:45:02,452,16.98,109.2MB,34068.5,0.33,23.34GB / 23.53GB,4.096kB / 7.782MB
2026-03-31 00:45:14,452,16.98,109.2MB,34068.5,0.33,23.35GB / 23.55GB,4.096kB / 7.782MB
2026-03-31 00:45:27,453,16.98,109MB,34068.5,0.33,23.36GB / 23.56GB,4.096kB / 7.782MB
2026-03-31 00:45:39,453,16.98,110.3MB,34068.5,0.33,23.37GB / 23.57GB,4.096kB / 7.782MB
2026-03-31 00:45:51,453,16.98,110.2MB,34068.5,0.33,23.38GB / 23.58GB,4.096kB / 7.782MB
2026-03-31 00:46:04,453,16.98,109.9MB,34068.5,0.33,23.39GB / 23.59GB,4.096kB / 7.782MB
2026-03-31 00:46:16,453,16.98,109.6MB,34068.5,0.33,23.4GB / 23.6GB,4.096kB / 7.782MB
2026-03-31 00:46:28,454,16.98,109.5MB,34068.5,0.33,23.41GB / 23.61GB,4.096kB / 7.782MB
2026-03-31 00:46:41,454,16.98,110MB,34068.5,0.33,23.42GB / 23.62GB,4.096kB / 7.782MB
2026-03-31 00:46:53,454,16.98,110.1MB,34068.5,0.33,23.43GB / 23.63GB,4.096kB / 7.782MB
2026-03-31 00:47:06,454,16.98,110.1MB,34068.5,0.33,23.44GB / 23.64GB,4.096kB / 7.782MB
2026-03-31 00:47:18,454,16.98,109.4MB,34068.5,0.33,23.45GB / 23.65GB,4.096kB / 7.782MB
2026-03-31 00:47:30,455,16.98,109.7MB,34068.5,0.33,23.46GB / 23.66GB,4.096kB / 7.782MB
2026-03-31 00:47:42,455,16.98,109.8MB,34068.5,0.33,23.47GB / 23.67GB,4.096kB / 7.782MB
2026-03-31 00:47:55,455,16.98,109.8MB,34068.5,0.33,23.48GB / 23.68GB,4.096kB / 7.782MB
2026-03-31 00:48:07,455,16.98,110.2MB,34068.5,0.33,23.49GB / 23.69GB,4.096kB / 7.782MB
2026-03-31 00:48:19,455,16.98,109.7MB,34068.5,0.33,23.51GB / 23.71GB,4.096kB / 7.782MB
2026-03-31 00:48:32,456,16.98,110.3MB,34068.5,0.33,23.52GB / 23.72GB,8.192kB / 7.782MB
2026-03-31 00:48:44,456,16.98,109.9MB,34068.5,0.33,23.53GB / 23.73GB,8.192kB / 7.782MB
2026-03-31 00:48:56,456,16.98,109.8MB,34068.5,0.33,23.54GB / 23.74GB,8.192kB / 7.782MB
2026-03-31 00:49:08,456,16.98,110.4MB,34068.5,0.33,23.55GB / 23.75GB,8.192kB / 7.782MB
2026-03-31 00:49:21,456,16.98,110.5MB,34068.5,0.33,23.56GB / 23.76GB,8.192kB / 7.782MB
2026-03-31 00:49:33,457,16.98,110.4MB,34068.5,0.33,23.57GB / 23.77GB,8.192kB / 7.782MB
2026-03-31 00:49:45,457,16.98,110.4MB,34068.5,0.33,23.58GB / 23.78GB,8.192kB / 7.782MB
2026-03-31 00:49:57,457,16.98,110.1MB,34068.5,0.33,23.59GB / 23.79GB,8.192kB / 7.782MB
2026-03-31 00:50:09,457,16.98,109.6MB,34068.5,0.33,23.6GB / 23.8GB,8.192kB / 7.782MB
2026-03-31 00:50:22,457,16.98,109.7MB,34068.5,0.33,23.61GB / 23.81GB,8.192kB / 7.782MB
2026-03-31 00:50:34,458,16.98,110.3MB,34068.5,0.33,23.62GB / 23.82GB,8.192kB / 7.782MB
2026-03-31 00:50:46,458,16.98,110.1MB,34068.5,0.33,23.63GB / 23.83GB,8.192kB / 7.782MB
2026-03-31 00:50:59,458,16.98,110.2MB,34068.5,0.33,23.64GB / 23.84GB,8.192kB / 7.782MB
2026-03-31 00:51:11,458,16.98,109.8MB,34068.5,0.33,23.65GB / 23.85GB,8.192kB / 7.782MB
2026-03-31 00:51:23,458,16.98,110.6MB,34068.5,0.33,23.66GB / 23.86GB,8.192kB / 7.782MB
2026-03-31 00:51:35,459,16.98,110.7MB,34068.5,0.33,23.67GB / 23.88GB,8.192kB / 7.782MB
2026-03-31 00:51:48,459,16.98,110.7MB,34068.5,0.33,23.68GB / 23.89GB,8.192kB / 7.782MB
2026-03-31 00:52:00,459,16.98,110.1MB,34068.5,0.33,23.69GB / 23.9GB,8.192kB / 7.782MB
2026-03-31 00:52:12,459,16.98,110.5MB,34068.5,0.33,23.7GB / 23.91GB,8.192kB / 7.782MB
2026-03-31 00:52:24,459,16.98,110.1MB,34068.5,0.33,23.72GB / 23.92GB,8.192kB / 7.782MB
2026-03-31 00:52:37,460,16.98,110.7MB,34068.5,0.33,23.73GB / 23.93GB,8.192kB / 7.782MB
2026-03-31 00:52:49,460,16.98,109.9MB,34068.5,0.33,23.74GB / 23.94GB,8.192kB / 7.782MB
2026-03-31 00:53:02,460,16.98,110.3MB,34068.5,0.33,23.75GB / 23.95GB,8.192kB / 7.782MB
2026-03-31 00:53:14,460,16.98,110.3MB,34068.5,0.33,23.76GB / 23.96GB,8.192kB / 7.782MB
2026-03-31 00:53:26,461,16.98,110.9MB,34068.5,0.33,23.77GB / 23.97GB,8.192kB / 7.782MB
2026-03-31 00:53:39,461,16.98,110.6MB,34068.5,0.33,23.78GB / 23.98GB,8.192kB / 7.782MB
2026-03-31 00:53:51,461,16.98,110MB,34068.5,0.33,23.79GB / 23.99GB,8.192kB / 7.782MB
2026-03-31 00:54:03,461,16.98,110.2MB,34068.5,0.33,23.8GB / 24GB,8.192kB / 7.782MB
2026-03-31 00:54:15,461,16.98,110.1MB,34068.5,0.33,23.81GB / 24.01GB,8.192kB / 7.782MB
2026-03-31 00:54:28,462,16.99,110.3MB,34068.5,0.33,23.82GB / 24.03GB,8.192kB / 7.782MB
2026-03-31 00:54:41,462,16.99,110.2MB,34068.5,0.33,23.83GB / 24.04GB,8.192kB / 7.782MB
2026-03-31 00:54:53,462,16.99,110MB,34068.5,0.33,23.84GB / 24.05GB,8.192kB / 7.782MB
2026-03-31 00:55:05,462,16.99,110.2MB,34068.5,0.33,23.85GB / 24.06GB,8.192kB / 7.782MB
2026-03-31 00:55:18,462,16.99,111.2MB,34068.5,0.33,23.86GB / 24.07GB,8.192kB / 7.782MB
2026-03-31 00:55:30,463,16.99,110.5MB,34068.5,0.33,23.88GB / 24.08GB,8.192kB / 7.782MB
2026-03-31 00:55:42,463,16.99,110.8MB,34068.5,0.33,23.89GB / 24.09GB,8.192kB / 7.782MB
2026-03-31 00:55:55,463,16.99,111MB,34068.5,0.33,23.9GB / 24.1GB,8.192kB / 7.782MB
2026-03-31 00:56:07,463,16.99,110.6MB,34068.5,0.33,23.91GB / 24.11GB,8.192kB / 7.782MB
2026-03-31 00:56:19,463,16.99,111.2MB,34068.5,0.33,23.92GB / 24.12GB,8.192kB / 7.782MB
2026-03-31 00:56:31,464,16.99,110.5MB,34068.5,0.33,23.93GB / 24.13GB,8.192kB / 7.782MB
2026-03-31 00:56:44,464,16.99,111.2MB,34068.5,0.33,23.94GB / 24.14GB,8.192kB / 7.782MB
2026-03-31 00:56:56,464,16.99,110.9MB,34068.5,0.33,23.95GB / 24.15GB,8.192kB / 7.782MB
2026-03-31 00:57:08,464,16.99,110.2MB,34068.5,0.33,23.96GB / 24.16GB,8.192kB / 7.782MB
2026-03-31 00:57:21,464,16.99,111.2MB,34068.5,0.33,23.97GB / 24.17GB,8.192kB / 7.782MB
2026-03-31 00:57:33,465,16.99,111.2MB,34068.5,0.33,23.98GB / 24.18GB,8.192kB / 7.782MB
2026-03-31 00:57:45,465,16.99,111.3MB,34068.5,0.33,23.99GB / 24.2GB,8.192kB / 7.782MB
2026-03-31 00:57:58,465,16.99,110.5MB,34068.5,0.33,24GB / 24.21GB,8.192kB / 7.782MB
2026-03-31 00:58:10,465,16.99,110.4MB,34068.5,0.33,24.01GB / 24.22GB,8.192kB / 7.782MB
2026-03-31 00:58:22,465,16.99,110.9MB,34068.5,0.33,24.02GB / 24.23GB,8.192kB / 7.782MB
2026-03-31 00:58:34,466,16.99,110.3MB,34068.5,0.33,24.03GB / 24.24GB,8.192kB / 7.782MB
2026-03-31 00:58:47,466,16.99,110.8MB,34068.5,0.33,24.04GB / 24.25GB,8.192kB / 7.782MB
2026-03-31 00:58:59,466,16.99,111.9MB,34068.5,0.34,24.05GB / 24.26GB,8.192kB / 7.782MB
2026-03-31 00:59:11,466,16.99,110.8MB,34068.5,0.33,24.06GB / 24.27GB,8.192kB / 7.782MB
2026-03-31 00:59:24,466,16.99,111.4MB,34068.5,0.33,24.08GB / 24.28GB,8.192kB / 7.782MB
2026-03-31 00:59:36,467,16.99,111.2MB,34068.5,0.33,24.09GB / 24.29GB,8.192kB / 7.782MB
2026-03-31 00:59:48,467,16.99,111.6MB,34068.5,0.34,24.1GB / 24.3GB,8.192kB / 7.782MB
2026-03-31 01:00:01,467,16.99,110.9MB,34068.5,0.33,24.11GB / 24.31GB,8.192kB / 7.782MB
2026-03-31 01:00:13,467,16.99,111.2MB,34068.5,0.33,24.12GB / 24.32GB,8.192kB / 7.782MB
2026-03-31 01:00:25,468,16.99,110.5MB,34068.5,0.33,24.13GB / 24.33GB,8.192kB / 7.782MB
2026-03-31 01:00:37,468,16.99,110.9MB,34068.5,0.33,24.14GB / 24.34GB,8.192kB / 7.782MB
2026-03-31 01:00:50,468,16.99,111.1MB,34068.5,0.33,24.15GB / 24.36GB,8.192kB / 7.782MB
2026-03-31 01:01:02,468,16.99,110.9MB,34068.5,0.33,24.16GB / 24.37GB,8.192kB / 7.782MB
2026-03-31 01:01:15,468,16.99,111.2MB,34068.5,0.33,24.17GB / 24.38GB,8.192kB / 7.782MB
2026-03-31 01:01:27,469,16.99,111.8MB,34068.5,0.34,24.18GB / 24.39GB,8.192kB / 7.782MB
2026-03-31 01:01:39,469,16.99,111.3MB,34068.5,0.33,24.19GB / 24.4GB,8.192kB / 7.782MB
2026-03-31 01:01:52,469,16.99,110.9MB,34068.5,0.33,24.2GB / 24.41GB,8.192kB / 7.782MB
2026-03-31 01:02:04,469,16.99,111.4MB,34068.5,0.33,24.21GB / 24.42GB,8.192kB / 7.782MB
2026-03-31 01:02:16,469,16.99,111.3MB,34068.5,0.33,24.22GB / 24.43GB,8.192kB / 7.782MB
2026-03-31 01:02:28,470,16.99,111.2MB,34068.5,0.33,24.23GB / 24.44GB,8.192kB / 7.782MB
2026-03-31 01:02:41,470,16.99,111.2MB,34068.5,0.33,24.25GB / 24.45GB,8.192kB / 7.782MB
2026-03-31 01:02:53,470,16.99,110.8MB,34068.5,0.33,24.26GB / 24.46GB,8.192kB / 7.782MB
2026-03-31 01:03:05,470,16.99,111.6MB,34068.5,0.34,24.27GB / 24.47GB,8.192kB / 7.782MB
2026-03-31 01:03:18,470,16.99,111MB,34068.5,0.33,24.28GB / 24.48GB,8.192kB / 7.782MB
2026-03-31 01:03:30,471,16.99,111.1MB,34068.5,0.33,24.29GB / 24.49GB,8.192kB / 7.782MB
2026-03-31 01:03:43,471,16.99,111.6MB,34068.5,0.34,24.3GB / 24.51GB,8.192kB / 7.782MB
2026-03-31 01:03:55,471,16.99,112.2MB,34068.5,0.34,24.31GB / 24.52GB,8.192kB / 7.782MB
2026-03-31 01:04:08,471,16.99,111.8MB,34068.5,0.34,24.32GB / 24.53GB,8.192kB / 7.782MB
2026-03-31 01:04:20,471,16.99,111.3MB,34068.5,0.33,24.33GB / 24.54GB,8.192kB / 7.782MB
2026-03-31 01:04:32,472,17.00,111.3MB,34068.5,0.33,24.34GB / 24.55GB,8.192kB / 7.782MB
2026-03-31 01:04:44,472,17.00,111.5MB,34068.5,0.34,24.35GB / 24.56GB,8.192kB / 7.782MB
2026-03-31 01:04:57,472,17.00,111MB,34068.5,0.33,24.36GB / 24.57GB,8.192kB / 7.782MB
2026-03-31 01:05:09,472,17.00,111.1MB,34068.5,0.33,24.37GB / 24.58GB,8.192kB / 7.782MB
2026-03-31 01:05:21,472,17.00,112.7MB,34068.5,0.34,24.38GB / 24.59GB,8.192kB / 7.782MB
2026-03-31 01:05:34,473,17.00,111.2MB,34068.5,0.33,24.39GB / 24.6GB,8.192kB / 7.782MB
2026-03-31 01:05:46,473,17.00,111.9MB,34068.5,0.34,24.4GB / 24.61GB,8.192kB / 7.782MB
2026-03-31 01:05:58,473,17.00,111.6MB,34068.5,0.34,24.42GB / 24.62GB,8.192kB / 7.782MB
2026-03-31 01:06:11,473,17.00,112.1MB,34068.5,0.34,24.43GB / 24.63GB,8.192kB / 7.782MB
2026-03-31 01:06:23,473,17.00,112.3MB,34068.5,0.34,24.44GB / 24.64GB,8.192kB / 7.782MB
2026-03-31 01:06:36,474,17.00,111.8MB,34068.5,0.34,24.45GB / 24.66GB,8.192kB / 7.782MB
2026-03-31 01:06:48,474,17.00,112MB,34068.5,0.34,24.46GB / 24.67GB,8.192kB / 7.782MB
2026-03-31 01:07:01,474,17.00,111.6MB,34068.5,0.34,24.47GB / 24.68GB,8.192kB / 7.782MB
2026-03-31 01:07:13,474,17.00,111.9MB,34068.5,0.34,24.48GB / 24.69GB,8.192kB / 7.782MB
2026-03-31 01:07:25,475,17.00,111.5MB,34068.5,0.34,24.49GB / 24.7GB,8.192kB / 7.782MB
2026-03-31 01:07:37,475,17.00,111.2MB,34068.5,0.33,24.5GB / 24.71GB,8.192kB / 7.782MB
2026-03-31 01:07:50,475,17.00,111.6MB,34068.5,0.34,24.51GB / 24.72GB,8.192kB / 7.782MB
2026-03-31 01:08:02,475,17.00,112.3MB,34068.5,0.34,24.52GB / 24.73GB,8.192kB / 7.782MB
2026-03-31 01:08:15,475,17.00,112.2MB,34068.5,0.34,24.53GB / 24.74GB,8.192kB / 7.782MB
2026-03-31 01:08:27,476,17.00,112.3MB,34068.5,0.34,24.54GB / 24.75GB,8.192kB / 7.782MB
2026-03-31 01:08:39,476,17.00,111.7MB,34068.5,0.34,24.55GB / 24.76GB,8.192kB / 7.782MB
2026-03-31 01:08:52,476,17.00,111.8MB,34068.5,0.34,24.56GB / 24.77GB,8.192kB / 7.782MB
2026-03-31 01:09:04,476,17.00,111.9MB,34068.5,0.34,24.57GB / 24.78GB,8.192kB / 7.782MB
2026-03-31 01:09:16,476,17.00,112.4MB,34068.5,0.34,24.58GB / 24.79GB,8.192kB / 7.782MB
2026-03-31 01:09:29,477,17.00,112MB,34068.5,0.34,24.59GB / 24.8GB,8.192kB / 7.782MB
2026-03-31 01:09:41,477,17.00,112MB,34068.5,0.34,24.61GB / 24.81GB,8.192kB / 7.782MB
2026-03-31 01:09:53,477,17.00,111.8MB,34068.5,0.34,24.62GB / 24.83GB,8.192kB / 7.782MB
2026-03-31 01:10:06,477,17.00,112.2MB,34068.5,0.34,24.63GB / 24.84GB,8.192kB / 7.782MB
2026-03-31 01:10:18,477,17.00,111.4MB,34068.5,0.33,24.64GB / 24.85GB,8.192kB / 7.782MB
2026-03-31 01:10:30,478,17.00,112MB,34068.5,0.34,24.65GB / 24.86GB,8.192kB / 7.782MB
2026-03-31 01:10:43,478,17.00,112.4MB,34068.5,0.34,24.66GB / 24.87GB,8.192kB / 7.782MB
2026-03-31 01:10:55,478,17.00,112.1MB,34068.5,0.34,24.67GB / 24.88GB,8.192kB / 7.782MB
2026-03-31 01:11:07,478,17.00,112.4MB,34068.5,0.34,24.68GB / 24.89GB,8.192kB / 7.782MB
2026-03-31 01:11:19,478,17.00,111.8MB,34068.5,0.34,24.69GB / 24.9GB,8.192kB / 7.782MB
2026-03-31 01:11:32,479,17.00,112.2MB,34068.5,0.34,24.7GB / 24.91GB,8.192kB / 7.782MB
2026-03-31 01:11:44,479,17.00,112.2MB,34068.5,0.34,24.71GB / 24.92GB,8.192kB / 7.782MB
2026-03-31 01:11:56,479,17.00,111.9MB,34068.5,0.34,24.72GB / 24.93GB,8.192kB / 7.782MB
2026-03-31 01:12:09,479,17.00,112.5MB,34068.5,0.34,24.73GB / 24.94GB,8.192kB / 7.782MB
2026-03-31 01:12:21,479,17.00,111.9MB,34068.5,0.34,24.74GB / 24.95GB,8.192kB / 7.782MB
2026-03-31 01:12:33,480,17.00,111.7MB,34068.5,0.34,24.75GB / 24.96GB,8.192kB / 7.782MB
2026-03-31 01:12:46,480,17.00,112.1MB,34068.5,0.34,24.76GB / 24.97GB,8.192kB / 7.782MB
2026-03-31 01:12:58,480,17.00,112MB,34068.5,0.34,24.77GB / 24.99GB,8.192kB / 7.782MB
2026-03-31 01:13:10,480,17.00,112.2MB,34068.5,0.34,24.78GB / 25GB,8.192kB / 7.782MB
2026-03-31 01:13:22,480,17.00,112.3MB,34068.5,0.34,24.8GB / 25.01GB,8.192kB / 7.782MB
2026-03-31 01:13:35,481,17.00,113.3MB,34068.5,0.34,24.81GB / 25.02GB,8.192kB / 7.782MB
2026-03-31 01:13:47,481,17.00,112.6MB,34068.5,0.34,24.82GB / 25.03GB,8.192kB / 7.782MB
2026-03-31 01:14:00,481,17.00,112MB,34068.5,0.34,24.83GB / 25.04GB,8.192kB / 7.782MB
2026-03-31 01:14:12,481,17.00,112.6MB,34068.5,0.34,24.84GB / 25.05GB,8.192kB / 7.782MB
2026-03-31 01:14:24,481,17.00,113.1MB,34068.5,0.34,24.85GB / 25.06GB,8.192kB / 7.782MB
2026-03-31 01:14:37,482,17.00,112MB,34068.5,0.34,24.86GB / 25.07GB,8.192kB / 7.782MB
2026-03-31 01:14:49,482,17.00,112.8MB,34068.5,0.34,24.87GB / 25.08GB,8.192kB / 7.782MB
2026-03-31 01:15:02,482,17.00,112.1MB,34068.5,0.34,24.88GB / 25.09GB,8.192kB / 7.782MB
2026-03-31 01:15:14,482,17.00,112.6MB,34068.5,0.34,24.88GB / 25.09GB,8.192kB / 7.782MB
2026-03-31 01:15:26,483,17.00,112.7MB,34068.5,0.34,24.89GB / 25.1GB,8.192kB / 7.782MB
2026-03-31 01:15:39,483,17.00,112.9MB,34068.5,0.34,24.9GB / 25.12GB,8.192kB / 7.782MB
2026-03-31 01:15:51,483,17.00,112.5MB,34068.5,0.34,24.91GB / 25.13GB,8.192kB / 7.782MB
2026-03-31 01:16:03,483,17.00,112.5MB,34068.5,0.34,24.92GB / 25.14GB,8.192kB / 7.782MB
2026-03-31 01:16:15,483,17.00,112.8MB,34068.5,0.34,24.93GB / 25.15GB,8.192kB / 7.782MB
2026-03-31 01:16:28,484,17.00,112.4MB,34068.5,0.34,24.95GB / 25.16GB,8.192kB / 7.782MB
2026-03-31 01:16:40,484,17.00,112MB,34068.5,0.34,24.96GB / 25.17GB,8.192kB / 7.782MB
2026-03-31 01:16:53,484,17.00,112.5MB,34068.5,0.34,24.97GB / 25.18GB,8.192kB / 7.782MB
2026-03-31 01:17:05,484,17.00,113.1MB,34068.5,0.34,24.98GB / 25.19GB,8.192kB / 7.782MB
2026-03-31 01:17:17,484,17.00,112.4MB,34068.5,0.34,24.99GB / 25.2GB,8.192kB / 7.782MB
2026-03-31 01:17:29,485,17.00,112.4MB,34068.5,0.34,25GB / 25.21GB,8.192kB / 7.782MB
2026-03-31 01:17:42,485,17.00,112.4MB,34068.5,0.34,25.01GB / 25.22GB,8.192kB / 7.782MB
2026-03-31 01:17:54,485,17.00,112.5MB,34068.5,0.34,25.02GB / 25.23GB,8.192kB / 7.782MB
2026-03-31 01:18:06,485,17.00,112.4MB,34068.5,0.34,25.03GB / 25.24GB,8.192kB / 7.782MB
2026-03-31 01:18:19,485,17.00,113.1MB,34068.5,0.34,25.04GB / 25.25GB,8.192kB / 7.782MB
2026-03-31 01:18:31,486,17.00,113.6MB,34068.5,0.34,25.05GB / 25.26GB,8.192kB / 7.782MB
2026-03-31 01:18:44,486,17.00,113.4MB,34068.5,0.34,25.06GB / 25.27GB,8.192kB / 7.782MB
2026-03-31 01:18:56,486,17.00,112.8MB,34068.5,0.34,25.07GB / 25.29GB,8.192kB / 7.782MB
2026-03-31 01:19:08,486,17.00,113.2MB,34068.5,0.34,25.08GB / 25.3GB,8.192kB / 7.782MB
2026-03-31 01:19:21,486,17.00,113.5MB,34068.5,0.34,25.09GB / 25.31GB,8.192kB / 7.782MB
2026-03-31 01:19:33,487,17.00,113.4MB,34068.5,0.34,25.1GB / 25.32GB,8.192kB / 7.782MB
2026-03-31 01:19:46,487,17.00,113.3MB,34068.5,0.34,25.11GB / 25.33GB,8.192kB / 7.782MB
2026-03-31 01:19:58,487,17.00,112.9MB,34068.5,0.34,25.13GB / 25.34GB,8.192kB / 7.782MB
2026-03-31 01:20:10,487,17.00,112.8MB,34068.5,0.34,25.14GB / 25.35GB,8.192kB / 7.782MB
2026-03-31 01:20:23,487,17.00,112.7MB,34068.5,0.34,25.15GB / 25.36GB,8.192kB / 7.782MB
2026-03-31 01:20:35,488,17.00,113.2MB,34068.5,0.34,25.16GB / 25.37GB,8.192kB / 7.782MB
2026-03-31 01:20:47,488,17.00,112.8MB,34068.5,0.34,25.17GB / 25.38GB,8.192kB / 7.782MB
2026-03-31 01:21:00,488,17.00,112.8MB,34068.5,0.34,25.18GB / 25.39GB,8.192kB / 7.782MB
2026-03-31 01:21:12,488,17.00,112.7MB,34068.5,0.34,25.19GB / 25.4GB,8.192kB / 7.782MB
2026-03-31 01:21:25,489,17.00,113.3MB,34068.5,0.34,25.2GB / 25.41GB,8.192kB / 7.782MB
2026-03-31 01:21:37,489,17.00,113.2MB,34068.5,0.34,25.21GB / 25.42GB,8.192kB / 7.782MB
2026-03-31 01:21:49,489,17.00,113.4MB,34068.5,0.34,25.22GB / 25.44GB,8.192kB / 7.782MB
2026-03-31 01:22:02,489,17.00,113MB,34068.5,0.34,25.23GB / 25.45GB,8.192kB / 7.782MB
2026-03-31 01:22:14,489,17.00,113.3MB,34068.5,0.34,25.24GB / 25.46GB,8.192kB / 7.782MB
2026-03-31 01:22:26,490,17.00,113MB,34068.5,0.34,25.25GB / 25.47GB,8.192kB / 7.782MB
2026-03-31 01:22:39,490,17.00,113MB,34068.5,0.34,25.26GB / 25.48GB,8.192kB / 7.782MB
2026-03-31 01:22:51,490,17.00,113.1MB,34068.5,0.34,25.27GB / 25.49GB,8.192kB / 7.782MB
2026-03-31 01:23:03,490,17.00,113.3MB,34068.5,0.34,25.28GB / 25.5GB,8.192kB / 7.782MB
2026-03-31 01:23:16,490,17.00,114.2MB,34068.5,0.34,25.3GB / 25.51GB,8.192kB / 7.782MB
2026-03-31 01:23:28,491,17.01,112.6MB,34068.5,0.34,25.31GB / 25.52GB,8.192kB / 7.782MB
2026-03-31 01:23:40,491,17.01,113MB,34068.5,0.34,25.32GB / 25.53GB,8.192kB / 7.782MB
2026-03-31 01:23:52,491,17.01,113MB,34068.5,0.34,25.33GB / 25.54GB,8.192kB / 7.782MB
2026-03-31 01:24:04,491,17.01,112.9MB,34068.5,0.34,25.34GB / 25.55GB,8.192kB / 7.782MB
2026-03-31 01:24:17,491,17.01,113.9MB,34068.5,0.34,25.35GB / 25.56GB,8.192kB / 7.782MB
2026-03-31 01:24:29,492,17.01,113MB,34068.5,0.34,25.36GB / 25.57GB,8.192kB / 7.782MB
2026-03-31 01:24:41,492,17.01,113.2MB,34068.5,0.34,25.37GB / 25.58GB,8.192kB / 7.782MB
2026-03-31 01:24:53,492,17.01,114MB,34068.5,0.34,25.38GB / 25.59GB,8.192kB / 7.782MB
2026-03-31 01:25:06,492,17.01,113.4MB,34068.5,0.34,25.39GB / 25.61GB,8.192kB / 7.782MB
2026-03-31 01:25:18,492,17.01,113.7MB,34068.5,0.34,25.4GB / 25.62GB,8.192kB / 7.782MB
2026-03-31 01:25:30,493,17.01,114.1MB,34068.5,0.34,25.41GB / 25.63GB,8.192kB / 7.782MB
2026-03-31 01:25:43,493,17.01,113.7MB,34068.5,0.34,25.42GB / 25.64GB,8.192kB / 7.782MB
2026-03-31 01:25:55,493,17.01,113.6MB,34068.5,0.34,25.43GB / 25.65GB,8.192kB / 7.782MB
2026-03-31 01:26:07,493,17.01,113.7MB,34068.5,0.34,25.44GB / 25.66GB,8.192kB / 7.782MB
2026-03-31 01:26:20,493,17.01,113.3MB,34068.5,0.34,25.45GB / 25.67GB,8.192kB / 7.782MB
2026-03-31 01:26:32,494,17.01,113.8MB,34068.5,0.34,25.46GB / 25.68GB,8.192kB / 7.782MB
2026-03-31 01:26:44,494,17.01,114.2MB,34068.5,0.34,25.47GB / 25.69GB,8.192kB / 7.782MB
2026-03-31 01:26:57,494,17.01,113MB,34068.5,0.34,25.48GB / 25.7GB,8.192kB / 7.782MB
2026-03-31 01:27:09,494,17.01,113.8MB,34068.5,0.34,25.49GB / 25.71GB,8.192kB / 7.782MB
2026-03-31 01:27:21,494,17.01,113.5MB,34068.5,0.34,25.51GB / 25.72GB,8.192kB / 7.782MB
2026-03-31 01:27:34,495,17.01,113.4MB,34068.5,0.34,25.52GB / 25.73GB,8.192kB / 7.782MB
2026-03-31 01:27:46,495,17.01,113.7MB,34068.5,0.34,25.53GB / 25.74GB,8.192kB / 7.782MB
2026-03-31 01:27:58,495,17.01,113.8MB,34068.5,0.34,25.54GB / 25.75GB,8.192kB / 7.782MB
2026-03-31 01:28:10,495,17.01,114.1MB,34068.5,0.34,25.55GB / 25.77GB,8.192kB / 7.782MB
2026-03-31 01:28:23,495,17.01,114.1MB,34068.5,0.34,25.56GB / 25.78GB,8.192kB / 7.782MB
2026-03-31 01:28:35,496,17.01,114.4MB,34068.5,0.34,25.57GB / 25.79GB,8.192kB / 7.782MB
2026-03-31 01:28:47,496,17.01,113.6MB,34068.5,0.34,25.58GB / 25.8GB,8.192kB / 7.782MB
2026-03-31 01:29:00,496,17.01,113.9MB,34068.5,0.34,25.59GB / 25.81GB,8.192kB / 7.782MB
2026-03-31 01:29:12,496,17.01,113.8MB,34068.5,0.34,25.6GB / 25.82GB,8.192kB / 7.782MB
2026-03-31 01:29:24,496,17.01,114.5MB,34068.5,0.34,25.61GB / 25.83GB,8.192kB / 7.782MB
2026-03-31 01:29:36,497,17.01,113.4MB,34068.5,0.34,25.62GB / 25.84GB,8.192kB / 7.782MB
2026-03-31 01:29:49,497,17.01,113.7MB,34068.5,0.34,25.63GB / 25.85GB,8.192kB / 7.782MB
2026-03-31 01:30:01,497,17.01,113.8MB,34068.5,0.34,25.64GB / 25.86GB,8.192kB / 7.782MB
2026-03-31 01:30:13,497,17.01,113.6MB,34068.5,0.34,25.65GB / 25.87GB,8.192kB / 7.782MB
2026-03-31 01:30:25,498,17.01,113.6MB,34068.5,0.34,25.66GB / 25.88GB,8.192kB / 7.782MB
2026-03-31 01:30:37,498,17.01,113.8MB,34068.5,0.34,25.67GB / 25.89GB,8.192kB / 7.782MB
2026-03-31 01:30:49,498,17.01,114.2MB,34068.5,0.34,25.68GB / 25.9GB,8.192kB / 7.782MB
2026-03-31 01:31:01,498,17.01,113.8MB,34068.5,0.34,25.7GB / 25.91GB,8.192kB / 7.782MB
2026-03-31 01:31:13,498,17.01,115MB,34068.5,0.35,25.71GB / 25.92GB,8.192kB / 7.782MB
2026-03-31 01:31:26,499,17.01,114.6MB,34068.5,0.34,25.72GB / 25.94GB,8.192kB / 7.782MB
2026-03-31 01:31:38,499,17.01,114.3MB,34068.5,0.34,25.73GB / 25.95GB,8.192kB / 7.782MB
2026-03-31 01:31:50,499,17.01,115.1MB,34068.5,0.35,25.74GB / 25.96GB,8.192kB / 7.782MB
2026-03-31 01:32:02,499,17.01,114MB,34068.5,0.34,25.75GB / 25.97GB,8.192kB / 7.782MB
2026-03-31 01:32:14,499,17.01,114.2MB,34068.5,0.34,25.76GB / 25.98GB,8.192kB / 7.782MB
2026-03-31 01:32:27,500,17.01,113.9MB,34068.5,0.34,25.77GB / 25.99GB,8.192kB / 7.782MB
2026-03-31 01:32:39,500,17.01,114.4MB,34068.5,0.34,25.78GB / 26GB,8.192kB / 7.782MB
2026-03-31 01:32:51,500,17.01,114.4MB,34068.5,0.34,25.79GB / 26.01GB,8.192kB / 7.782MB
2026-03-31 01:33:03,500,17.01,114.6MB,34068.5,0.34,25.8GB / 26.02GB,8.192kB / 7.782MB
2026-03-31 01:33:15,500,17.01,115.2MB,34068.5,0.35,25.81GB / 26.03GB,8.192kB / 7.782MB
2026-03-31 01:33:27,501,17.01,114.5MB,34068.5,0.34,25.82GB / 26.04GB,8.192kB / 7.782MB
2026-03-31 01:33:39,501,17.00,114MB,34068.5,0.34,25.83GB / 26.05GB,49.15kB / 7.782MB
2026-03-31 01:33:52,501,17.00,114.6MB,34068.5,0.34,25.84GB / 26.06GB,65.54kB / 7.782MB
2026-03-31 01:34:04,501,17.00,113.8MB,34068.5,0.34,25.85GB / 26.07GB,65.54kB / 7.782MB
2026-03-31 01:34:16,501,17.00,114.5MB,34068.5,0.34,25.86GB / 26.08GB,65.54kB / 7.782MB
2026-03-31 01:34:28,502,17.00,115.1MB,34068.5,0.35,25.87GB / 26.09GB,65.54kB / 7.782MB
2026-03-31 01:34:40,502,17.00,113.8MB,34068.5,0.34,25.87GB / 26.09GB,65.54kB / 7.782MB
2026-03-31 01:34:52,502,16.99,114MB,34068.5,0.34,25.87GB / 26.09GB,65.54kB / 7.782MB
2026-03-31 01:35:04,502,16.98,114MB,34068.5,0.34,25.87GB / 26.09GB,65.54kB / 7.782MB
2026-03-31 01:35:16,502,16.98,114MB,34068.5,0.34,25.87GB / 26.09GB,65.54kB / 7.782MB
2026-03-31 01:35:28,503,16.97,113.7MB,34068.5,0.34,25.87GB / 26.09GB,65.54kB / 7.782MB
2026-03-31 01:35:40,503,16.96,113.7MB,34068.5,0.34,25.87GB / 26.09GB,65.54kB / 7.782MB
2026-03-31 01:35:52,503,16.96,114MB,34068.5,0.34,25.88GB / 26.1GB,65.54kB / 7.782MB
2026-03-31 01:36:04,503,16.95,113.7MB,34068.5,0.34,25.88GB / 26.1GB,65.54kB / 7.782MB
2026-03-31 01:36:16,503,16.95,114MB,34068.5,0.34,25.88GB / 26.1GB,65.54kB / 7.782MB
2026-03-31 01:36:28,504,16.95,114.6MB,34068.5,0.34,25.88GB / 26.1GB,65.54kB / 7.782MB
2026-03-31 01:36:40,504,16.94,113.7MB,34068.5,0.34,25.89GB / 26.11GB,65.54kB / 7.782MB
2026-03-31 01:36:53,504,16.93,114MB,34068.5,0.34,25.89GB / 26.11GB,65.54kB / 7.782MB
2026-03-31 01:37:05,504,16.93,113.7MB,34068.5,0.34,25.89GB / 26.11GB,65.54kB / 7.782MB
2026-03-31 01:37:17,504,16.92,113.7MB,34068.5,0.34,25.89GB / 26.11GB,65.54kB / 7.782MB
2026-03-31 01:37:28,505,16.91,113.7MB,34068.5,0.34,25.89GB / 26.11GB,65.54kB / 7.782MB
2026-03-31 01:37:40,505,16.91,114MB,34068.5,0.34,25.89GB / 26.11GB,65.54kB / 7.782MB
2026-03-31 01:37:52,505,16.90,113.7MB,34068.5,0.34,25.89GB / 26.11GB,65.54kB / 7.782MB
2026-03-31 01:38:03,505,16.90,113.7MB,34068.5,0.34,25.89GB / 26.11GB,65.54kB / 7.782MB
2026-03-31 01:38:15,505,16.89,114MB,34068.5,0.34,25.89GB / 26.11GB,65.54kB / 7.782MB
2026-03-31 01:38:27,506,16.88,113.7MB,34068.5,0.34,25.89GB / 26.11GB,65.54kB / 7.782MB
2026-03-31 01:38:38,506,16.88,113.7MB,34068.5,0.34,25.89GB / 26.11GB,65.54kB / 7.782MB
2026-03-31 01:38:50,506,16.87,113.7MB,34068.5,0.34,25.89GB / 26.11GB,65.54kB / 7.782MB
2026-03-31 01:39:01,506,16.86,113.7MB,34068.5,0.34,25.89GB / 26.11GB,65.54kB / 7.782MB
2026-03-31 01:39:13,506,16.86,114MB,34068.5,0.34,25.89GB / 26.11GB,65.54kB / 7.782MB
2026-03-31 01:39:25,507,16.85,113.7MB,34068.5,0.34,25.89GB / 26.11GB,65.54kB / 7.782MB
2026-03-31 01:39:36,507,16.85,113.7MB,34068.5,0.34,25.89GB / 26.11GB,65.54kB / 7.782MB
2026-03-31 01:39:48,507,16.84,113.7MB,34068.5,0.34,25.89GB / 26.11GB,65.54kB / 7.782MB
2026-03-31 01:40:00,507,16.83,113.7MB,34068.5,0.34,25.89GB / 26.11GB,65.54kB / 7.782MB
2026-03-31 01:40:12,507,16.83,114MB,34068.5,0.34,25.89GB / 26.11GB,65.54kB / 7.782MB
2026-03-31 01:40:23,507,16.82,113.7MB,34068.5,0.34,25.89GB / 26.11GB,65.54kB / 7.782MB
2026-03-31 01:40:35,508,16.82,113.7MB,34068.5,0.34,25.89GB / 26.11GB,65.54kB / 7.782MB
2026-03-31 01:40:46,508,16.81,113.7MB,34068.5,0.34,25.89GB / 26.11GB,65.54kB / 7.782MB
2026-03-31 01:40:58,508,16.80,113.7MB,34068.5,0.34,25.89GB / 26.11GB,65.54kB / 7.782MB
2026-03-31 01:41:10,508,16.80,113.7MB,34068.5,0.34,25.89GB / 26.11GB,65.54kB / 7.782MB
2026-03-31 01:41:21,508,16.79,113.7MB,34068.5,0.34,25.89GB / 26.11GB,65.54kB / 7.782MB
2026-03-31 01:41:33,509,16.79,114MB,34068.5,0.34,25.89GB / 26.11GB,65.54kB / 7.782MB
2026-03-31 01:41:45,509,16.78,113.7MB,34068.5,0.34,25.89GB / 26.11GB,65.54kB / 7.782MB
2026-03-31 01:41:56,509,16.77,113.7MB,34068.5,0.34,25.89GB / 26.11GB,65.54kB / 7.782MB
2026-03-31 01:42:08,509,16.77,113.7MB,34068.5,0.34,25.89GB / 26.11GB,65.54kB / 7.782MB
2026-03-31 01:42:19,509,16.76,113.7MB,34068.5,0.34,25.89GB / 26.11GB,65.54kB / 7.782MB
2026-03-31 01:42:31,510,16.75,113.7MB,34068.5,0.34,25.89GB / 26.11GB,65.54kB / 7.782MB
2026-03-31 01:42:43,510,16.75,113.7MB,34068.5,0.34,25.89GB / 26.11GB,65.54kB / 7.782MB
2026-03-31 01:42:54,510,16.74,113.7MB,34068.5,0.34,25.89GB / 26.11GB,65.54kB / 7.782MB
2026-03-31 01:43:06,510,16.74,113.7MB,34068.5,0.34,25.89GB / 26.11GB,65.54kB / 7.782MB
2026-03-31 01:43:18,510,16.73,113.7MB,34068.5,0.34,25.89GB / 26.11GB,65.54kB / 7.782MB
2026-03-31 01:43:29,511,16.72,113.7MB,34068.5,0.34,25.89GB / 26.11GB,65.54kB / 7.782MB
2026-03-31 01:43:41,511,16.72,113.7MB,34068.5,0.34,25.89GB / 26.11GB,65.54kB / 7.782MB
2026-03-31 01:43:53,511,16.71,113.7MB,34068.5,0.34,25.89GB / 26.11GB,65.54kB / 7.782MB
2026-03-31 01:44:04,511,16.71,113.7MB,34068.5,0.34,25.89GB / 26.11GB,65.54kB / 7.782MB
2026-03-31 01:44:16,511,16.70,114MB,34068.5,0.34,25.89GB / 26.11GB,65.54kB / 7.782MB
2026-03-31 01:44:28,512,16.69,113.7MB,34068.5,0.34,25.89GB / 26.11GB,65.54kB / 7.782MB
2026-03-31 01:44:39,512,16.69,113.7MB,34068.5,0.34,25.89GB / 26.11GB,65.54kB / 7.782MB
2026-03-31 01:44:51,512,16.68,114MB,34068.5,0.34,25.89GB / 26.11GB,65.54kB / 7.782MB
2026-03-31 01:45:03,512,16.68,113.7MB,34068.5,0.34,25.89GB / 26.11GB,65.54kB / 7.782MB
2026-03-31 01:45:15,512,16.67,113.7MB,34068.5,0.34,25.89GB / 26.11GB,65.54kB / 7.782MB
2026-03-31 01:45:26,513,16.66,113.7MB,34068.5,0.34,25.89GB / 26.11GB,65.54kB / 7.782MB
2026-03-31 01:45:38,513,16.66,113.7MB,34068.5,0.34,25.89GB / 26.11GB,65.54kB / 7.782MB
2026-03-31 01:45:50,513,16.65,113.7MB,34068.5,0.34,25.89GB / 26.11GB,65.54kB / 7.782MB
2026-03-31 01:46:01,513,16.65,113.7MB,34068.5,0.34,25.89GB / 26.11GB,65.54kB / 7.782MB
2026-03-31 01:46:13,513,16.64,113.7MB,34068.5,0.34,25.89GB / 26.11GB,65.54kB / 7.782MB
2026-03-31 01:46:25,514,16.63,114MB,34068.5,0.34,25.89GB / 26.11GB,65.54kB / 7.782MB
2026-03-31 01:46:36,514,16.63,113.7MB,34068.5,0.34,25.89GB / 26.11GB,65.54kB / 7.782MB
2026-03-31 01:46:48,514,16.62,113.7MB,34068.5,0.34,25.89GB / 26.11GB,65.54kB / 7.782MB
2026-03-31 01:47:00,514,16.62,113.7MB,34068.5,0.34,25.89GB / 26.11GB,65.54kB / 7.782MB
2026-03-31 01:47:11,514,16.61,113.7MB,34068.5,0.34,25.89GB / 26.11GB,65.54kB / 7.782MB
2026-03-31 01:47:23,514,16.60,114MB,34068.5,0.34,25.89GB / 26.11GB,65.54kB / 7.782MB
2026-03-31 01:47:35,515,16.60,113.7MB,34068.5,0.34,25.89GB / 26.11GB,65.54kB / 7.782MB
2026-03-31 01:47:46,515,16.59,113.7MB,34068.5,0.34,25.89GB / 26.11GB,65.54kB / 7.782MB
2026-03-31 01:47:58,515,16.59,113.7MB,34068.5,0.34,25.89GB / 26.11GB,65.54kB / 7.782MB
2026-03-31 01:48:10,515,16.58,113.7MB,34068.5,0.34,25.89GB / 26.11GB,65.54kB / 7.782MB
2026-03-31 01:48:21,515,16.57,113.7MB,34068.5,0.34,25.89GB / 26.11GB,65.54kB / 7.782MB
2026-03-31 01:48:33,516,16.57,114MB,34068.5,0.34,25.89GB / 26.11GB,65.54kB / 7.782MB
2026-03-31 01:48:45,516,16.56,114MB,34068.5,0.34,25.89GB / 26.11GB,65.54kB / 7.782MB
2026-03-31 01:48:56,516,16.56,113.7MB,34068.5,0.34,25.89GB / 26.11GB,65.54kB / 7.782MB
2026-03-31 01:49:08,516,16.55,113.7MB,34068.5,0.34,25.89GB / 26.11GB,65.54kB / 7.782MB
2026-03-31 01:49:20,516,16.55,113.7MB,34068.5,0.34,25.89GB / 26.11GB,65.54kB / 7.782MB
2026-03-31 01:49:31,517,16.54,113.7MB,34068.5,0.34,25.89GB / 26.11GB,65.54kB / 7.782MB
2026-03-31 01:49:43,517,16.53,114MB,34068.5,0.34,25.89GB / 26.11GB,65.54kB / 7.782MB
2026-03-31 01:49:54,517,16.53,113.7MB,34068.5,0.34,25.89GB / 26.11GB,65.54kB / 7.782MB
2026-03-31 01:50:06,517,16.52,113.7MB,34068.5,0.34,25.89GB / 26.11GB,65.54kB / 7.782MB
2026-03-31 01:50:18,517,16.52,114MB,34068.5,0.34,25.89GB / 26.11GB,65.54kB / 7.782MB
2026-03-31 01:50:29,518,16.51,113.7MB,34068.5,0.34,25.89GB / 26.11GB,65.54kB / 7.782MB
2026-03-31 01:50:41,518,16.50,113.7MB,34068.5,0.34,25.89GB / 26.11GB,65.54kB / 7.782MB
2026-03-31 01:50:53,518,16.50,113.7MB,34068.5,0.34,25.89GB / 26.11GB,65.54kB / 7.782MB
2026-03-31 01:51:04,518,16.49,113.7MB,34068.5,0.34,25.89GB / 26.11GB,65.54kB / 7.782MB
2026-03-31 01:51:16,518,16.49,113.7MB,34068.5,0.34,25.89GB / 26.11GB,65.54kB / 7.782MB
2026-03-31 01:51:28,519,16.48,113.7MB,34068.5,0.34,25.89GB / 26.11GB,65.54kB / 7.782MB
2026-03-31 01:51:40,519,16.47,113.7MB,34068.5,0.34,25.89GB / 26.11GB,65.54kB / 7.782MB
2026-03-31 01:51:51,519,16.47,113.7MB,34068.5,0.34,25.89GB / 26.11GB,65.54kB / 7.782MB
2026-03-31 01:52:03,519,16.46,113.7MB,34068.5,0.34,25.89GB / 26.11GB,65.54kB / 7.782MB
2026-03-31 01:52:15,519,16.46,114MB,34068.5,0.34,25.89GB / 26.11GB,65.54kB / 7.782MB
2026-03-31 01:52:26,520,16.45,113.7MB,34068.5,0.34,25.89GB / 26.11GB,65.54kB / 7.782MB
2026-03-31 01:52:38,520,16.45,113.7MB,34068.5,0.34,25.89GB / 26.11GB,65.54kB / 7.782MB
2026-03-31 01:52:49,520,16.44,113.7MB,34068.5,0.34,25.89GB / 26.11GB,65.54kB / 7.782MB
2026-03-31 01:53:01,520,16.43,113.7MB,34068.5,0.34,25.89GB / 26.11GB,65.54kB / 7.782MB
2026-03-31 01:53:13,520,16.43,114MB,34068.5,0.34,25.89GB / 26.11GB,65.54kB / 7.782MB
2026-03-31 01:53:24,520,16.42,113.7MB,34068.5,0.34,25.89GB / 26.11GB,65.54kB / 7.782MB
2026-03-31 01:53:36,521,16.42,113.7MB,34068.5,0.34,25.89GB / 26.11GB,65.54kB / 7.782MB
2026-03-31 01:53:48,521,16.41,114MB,34068.5,0.34,25.89GB / 26.11GB,65.54kB / 7.782MB
2026-03-31 01:53:59,521,16.40,113.7MB,34068.5,0.34,25.89GB / 26.11GB,65.54kB / 7.782MB
2026-03-31 01:54:11,521,16.40,113.7MB,34068.5,0.34,25.89GB / 26.11GB,65.54kB / 7.782MB
2026-03-31 01:54:23,521,16.39,113.7MB,34068.5,0.34,25.89GB / 26.11GB,65.54kB / 7.782MB
2026-03-31 01:54:34,522,16.39,113.7MB,34068.5,0.34,25.89GB / 26.11GB,65.54kB / 7.782MB
2026-03-31 01:54:46,522,16.38,113.7MB,34068.5,0.34,25.89GB / 26.11GB,65.54kB / 7.782MB
2026-03-31 01:54:58,522,16.38,113.7MB,34068.5,0.34,25.89GB / 26.11GB,65.54kB / 7.782MB
2026-03-31 01:55:09,522,16.37,113.7MB,34068.5,0.34,25.89GB / 26.11GB,65.54kB / 7.782MB
2026-03-31 01:55:21,522,16.36,114MB,34068.5,0.34,25.89GB / 26.11GB,65.54kB / 7.782MB
2026-03-31 01:55:33,523,16.36,113.7MB,34068.5,0.34,25.89GB / 26.11GB,65.54kB / 7.782MB
2026-03-31 01:55:44,523,16.35,113.7MB,34068.5,0.34,25.89GB / 26.11GB,65.54kB / 7.782MB
2026-03-31 01:55:56,523,16.35,113.7MB,34068.5,0.34,25.89GB / 26.11GB,65.54kB / 7.782MB
2026-03-31 01:56:08,523,16.34,113.7MB,34068.5,0.34,25.89GB / 26.11GB,65.54kB / 7.782MB
2026-03-31 01:56:20,523,16.34,113.7MB,34068.5,0.34,25.89GB / 26.11GB,65.54kB / 7.782MB
2026-03-31 01:56:31,524,16.33,96.75MB,34068.5,0.29,25.89GB / 26.11GB,65.54kB / 8.212MB
2026-03-31 01:56:43,524,16.32,100MB,34068.5,0.30,25.89GB / 26.11GB,65.54kB / 8.212MB
2026-03-31 01:56:55,524,16.32,99.79MB,34068.5,0.30,25.89GB / 26.11GB,65.54kB / 8.212MB
2026-03-31 01:57:06,524,16.31,99.53MB,34068.5,0.30,25.89GB / 26.11GB,65.54kB / 8.212MB
2026-03-31 01:57:18,524,16.31,99.79MB,34068.5,0.30,25.89GB / 26.11GB,65.54kB / 8.212MB
2026-03-31 01:57:30,525,16.30,99.79MB,34068.5,0.30,25.89GB / 26.11GB,65.54kB / 8.212MB
2026-03-31 01:57:41,525,16.29,99.53MB,34068.5,0.30,25.89GB / 26.11GB,65.54kB / 8.212MB
2026-03-31 01:57:53,525,16.29,97.94MB,34068.5,0.29,25.89GB / 26.11GB,65.54kB / 8.212MB
2026-03-31 01:58:05,525,16.28,98.75MB,34068.5,0.30,25.89GB / 26.11GB,65.54kB / 8.212MB
2026-03-31 01:58:16,525,16.28,98.49MB,34068.5,0.30,25.89GB / 26.11GB,65.54kB / 8.212MB
2026-03-31 01:58:28,526,16.27,98.5MB,34068.5,0.30,25.89GB / 26.11GB,65.54kB / 8.212MB
2026-03-31 01:58:40,526,16.27,98.49MB,34068.5,0.30,25.89GB / 26.11GB,65.54kB / 8.212MB
2026-03-31 01:58:51,526,16.26,98.49MB,34068.5,0.30,25.89GB / 26.11GB,65.54kB / 8.212MB
2026-03-31 01:59:03,526,16.26,98.49MB,34068.5,0.30,25.89GB / 26.11GB,65.54kB / 8.212MB
2026-03-31 01:59:14,526,16.25,98.49MB,34068.5,0.30,25.89GB / 26.11GB,65.54kB / 8.212MB
2026-03-31 01:59:26,527,16.24,98.49MB,34068.5,0.30,25.89GB / 26.11GB,65.54kB / 8.212MB
2026-03-31 01:59:38,527,16.24,98.49MB,34068.5,0.30,25.89GB / 26.11GB,65.54kB / 8.212MB
2026-03-31 01:59:49,527,16.23,98.72MB,34068.5,0.30,25.89GB / 26.11GB,65.54kB / 8.212MB
2026-03-31 02:00:01,527,16.23,98.75MB,34068.5,0.30,25.89GB / 26.11GB,65.54kB / 8.212MB
2026-03-31 02:00:13,527,16.22,98.5MB,34068.5,0.30,25.89GB / 26.11GB,65.54kB / 8.212MB
2026-03-31 02:00:24,527,16.22,98.49MB,34068.5,0.30,25.89GB / 26.11GB,65.54kB / 8.212MB
2026-03-31 02:00:36,528,16.21,97.67MB,34068.5,0.29,25.89GB / 26.11GB,65.54kB / 8.212MB
2026-03-31 02:00:48,528,16.20,97.71MB,34068.5,0.29,25.89GB / 26.11GB,65.54kB / 8.212MB
2026-03-31 02:00:59,528,16.20,97.71MB,34068.5,0.29,25.89GB / 26.11GB,65.54kB / 8.212MB
2026-03-31 02:01:11,528,16.19,97.71MB,34068.5,0.29,25.89GB / 26.11GB,65.54kB / 8.212MB
2026-03-31 02:01:23,528,16.19,97.71MB,34068.5,0.29,25.89GB / 26.11GB,65.54kB / 8.212MB
2026-03-31 02:01:34,529,16.18,97.71MB,34068.5,0.29,25.89GB / 26.11GB,65.54kB / 8.212MB
2026-03-31 02:01:46,529,16.18,97.71MB,34068.5,0.29,25.89GB / 26.11GB,65.54kB / 8.212MB
2026-03-31 02:01:58,529,16.17,97.96MB,34068.5,0.29,25.89GB / 26.11GB,65.54kB / 8.212MB
2026-03-31 02:02:09,529,16.16,97.71MB,34068.5,0.29,25.89GB / 26.11GB,65.54kB / 8.212MB
2026-03-31 02:02:21,529,16.16,97.96MB,34068.5,0.29,25.89GB / 26.11GB,65.54kB / 8.212MB
2026-03-31 02:02:32,530,16.15,97.97MB,34068.5,0.29,25.89GB / 26.11GB,65.54kB / 8.212MB
2026-03-31 02:02:44,530,16.15,97.71MB,34068.5,0.29,25.89GB / 26.11GB,65.54kB / 8.212MB
2026-03-31 02:02:56,530,16.14,97.71MB,34068.5,0.29,25.89GB / 26.11GB,65.54kB / 8.212MB
2026-03-31 02:03:07,530,16.14,97.71MB,34068.5,0.29,25.89GB / 26.11GB,65.54kB / 8.212MB
2026-03-31 02:03:19,530,16.13,97.71MB,34068.5,0.29,25.89GB / 26.11GB,65.54kB / 8.212MB
2026-03-31 02:03:31,531,16.13,97.71MB,34068.5,0.29,25.89GB / 26.11GB,65.54kB / 8.212MB
2026-03-31 02:03:42,531,16.12,97.71MB,34068.5,0.29,25.89GB / 26.11GB,65.54kB / 8.212MB
2026-03-31 02:03:54,531,16.11,97.97MB,34068.5,0.29,25.89GB / 26.11GB,65.54kB / 8.212MB
2026-03-31 02:04:05,531,16.11,97.96MB,34068.5,0.29,25.89GB / 26.11GB,65.54kB / 8.212MB
2026-03-31 02:04:17,531,16.10,97.71MB,34068.5,0.29,25.89GB / 26.11GB,65.54kB / 8.212MB
2026-03-31 02:04:29,532,16.10,97.71MB,34068.5,0.29,25.89GB / 26.11GB,65.54kB / 8.212MB
2026-03-31 02:04:40,532,16.09,97.71MB,34068.5,0.29,25.89GB / 26.11GB,65.54kB / 8.212MB
2026-03-31 02:04:52,532,16.09,97.71MB,34068.5,0.29,25.89GB / 26.11GB,65.54kB / 8.212MB
2026-03-31 02:05:04,532,16.08,97.71MB,34068.5,0.29,25.89GB / 26.11GB,65.54kB / 8.212MB
2026-03-31 02:05:15,532,16.08,97.71MB,34068.5,0.29,25.89GB / 26.11GB,65.54kB / 8.212MB
2026-03-31 02:05:27,533,16.07,97.71MB,34068.5,0.29,25.89GB / 26.11GB,65.54kB / 8.212MB
2026-03-31 02:05:39,533,16.06,97.96MB,34068.5,0.29,25.89GB / 26.11GB,65.54kB / 8.212MB
2026-03-31 02:05:50,533,16.06,97.71MB,34068.5,0.29,25.89GB / 26.11GB,65.54kB / 8.212MB
2026-03-31 02:06:02,533,16.05,97.71MB,34068.5,0.29,25.89GB / 26.11GB,65.54kB / 8.212MB
2026-03-31 02:06:13,533,16.05,97.71MB,34068.5,0.29,25.89GB / 26.11GB,65.54kB / 8.212MB
2026-03-31 02:06:25,534,16.04,97.71MB,34068.5,0.29,25.89GB / 26.11GB,65.54kB / 8.212MB
2026-03-31 02:06:37,534,16.04,97.71MB,34068.5,0.29,25.89GB / 26.11GB,65.54kB / 8.212MB
2026-03-31 02:06:49,534,16.03,97.71MB,34068.5,0.29,25.89GB / 26.11GB,65.54kB / 8.212MB
2026-03-31 02:07:00,534,16.03,97.97MB,34068.5,0.29,25.89GB / 26.11GB,65.54kB / 8.212MB
2026-03-31 02:07:12,534,16.02,97.71MB,34068.5,0.29,25.89GB / 26.11GB,65.54kB / 8.212MB
2026-03-31 02:07:24,534,16.01,97.71MB,34068.5,0.29,25.89GB / 26.11GB,65.54kB / 8.212MB
2026-03-31 02:07:35,535,16.01,97.97MB,34068.5,0.29,25.89GB / 26.11GB,65.54kB / 8.212MB
2026-03-31 02:07:47,535,16.00,97.71MB,34068.5,0.29,25.89GB / 26.11GB,65.54kB / 8.212MB
2026-03-31 02:07:59,535,16.00,97.96MB,34068.5,0.29,25.89GB / 26.11GB,65.54kB / 8.212MB
2026-03-31 02:08:10,535,15.99,97.71MB,34068.5,0.29,25.89GB / 26.11GB,65.54kB / 8.212MB
2026-03-31 02:08:22,535,15.99,97.71MB,34068.5,0.29,25.89GB / 26.11GB,65.54kB / 8.212MB
2026-03-31 02:08:33,536,15.98,97.71MB,34068.5,0.29,25.89GB / 26.11GB,65.54kB / 8.212MB
2026-03-31 02:08:45,536,15.98,97.71MB,34068.5,0.29,25.89GB / 26.11GB,65.54kB / 8.212MB
2026-03-31 02:08:57,536,15.97,97.71MB,34068.5,0.29,25.89GB / 26.11GB,65.54kB / 8.212MB
2026-03-31 02:09:08,536,15.96,97.71MB,34068.5,0.29,25.89GB / 26.11GB,65.54kB / 8.212MB
2026-03-31 02:09:20,536,15.96,97.71MB,34068.5,0.29,25.89GB / 26.11GB,65.54kB / 8.212MB
2026-03-31 02:09:31,537,15.95,97.96MB,34068.5,0.29,25.89GB / 26.11GB,65.54kB / 8.212MB
2026-03-31 02:09:43,537,15.95,97.71MB,34068.5,0.29,25.89GB / 26.11GB,65.54kB / 8.212MB
2026-03-31 02:09:55,537,15.94,97.97MB,34068.5,0.29,25.89GB / 26.11GB,65.54kB / 8.212MB
2026-03-31 02:10:06,537,15.94,97.71MB,34068.5,0.29,25.89GB / 26.11GB,65.54kB / 8.212MB
2026-03-31 02:10:18,537,15.93,97.71MB,34068.5,0.29,25.89GB / 26.11GB,65.54kB / 8.212MB
2026-03-31 02:10:30,538,15.93,97.97MB,34068.5,0.29,25.89GB / 26.11GB,65.54kB / 8.212MB
2026-03-31 02:10:41,538,15.92,97.71MB,34068.5,0.29,25.89GB / 26.11GB,65.54kB / 8.212MB
2026-03-31 02:10:53,538,15.92,97.71MB,34068.5,0.29,25.89GB / 26.11GB,65.54kB / 8.212MB
2026-03-31 02:11:04,538,15.91,97.71MB,34068.5,0.29,25.89GB / 26.11GB,65.54kB / 8.212MB
2026-03-31 02:11:16,538,15.90,97.71MB,34068.5,0.29,25.89GB / 26.11GB,65.54kB / 8.212MB
2026-03-31 02:11:28,539,15.90,97.96MB,34068.5,0.29,25.89GB / 26.11GB,65.54kB / 8.212MB
2026-03-31 02:11:39,539,15.89,97.71MB,34068.5,0.29,25.89GB / 26.11GB,65.54kB / 8.212MB
2026-03-31 02:11:51,539,15.89,97.71MB,34068.5,0.29,25.89GB / 26.11GB,65.54kB / 8.212MB
2026-03-31 02:12:03,539,15.88,97.71MB,34068.5,0.29,25.89GB / 26.11GB,65.54kB / 8.212MB
2026-03-31 02:12:14,539,15.88,97.71MB,34068.5,0.29,25.89GB / 26.11GB,65.54kB / 8.212MB
2026-03-31 02:12:26,540,15.87,97.71MB,34068.5,0.29,25.89GB / 26.11GB,65.54kB / 8.212MB
2026-03-31 02:12:38,540,15.87,97.71MB,34068.5,0.29,25.89GB / 26.11GB,65.54kB / 8.212MB
2026-03-31 02:12:49,540,15.86,97.71MB,34068.5,0.29,25.89GB / 26.11GB,65.54kB / 8.212MB
2026-03-31 02:13:01,540,15.86,97.71MB,34068.5,0.29,25.89GB / 26.11GB,65.54kB / 8.212MB
2026-03-31 02:13:13,540,15.85,97.71MB,34068.5,0.29,25.89GB / 26.11GB,65.54kB / 8.212MB
2026-03-31 02:13:25,541,15.84,97.71MB,34068.5,0.29,25.89GB / 26.11GB,65.54kB / 8.212MB
2026-03-31 02:13:37,541,15.84,97.71MB,34068.5,0.29,25.89GB / 26.11GB,65.54kB / 8.212MB
2026-03-31 02:13:49,541,15.83,97.71MB,34068.5,0.29,25.89GB / 26.11GB,65.54kB / 8.212MB
2026-03-31 02:14:01,541,15.83,97.71MB,34068.5,0.29,25.89GB / 26.11GB,65.54kB / 8.212MB
2026-03-31 02:14:13,541,15.82,97.71MB,34068.5,0.29,25.89GB / 26.11GB,65.54kB / 8.212MB
2026-03-31 02:14:25,542,15.82,97.71MB,34068.5,0.29,25.89GB / 26.11GB,65.54kB / 8.212MB
2026-03-31 02:14:37,542,15.81,97.71MB,34068.5,0.29,25.89GB / 26.11GB,65.54kB / 8.212MB
2026-03-31 02:14:49,542,15.81,97.71MB,34068.5,0.29,25.89GB / 26.11GB,65.54kB / 8.212MB
2026-03-31 02:15:01,542,15.80,97.71MB,34068.5,0.29,25.89GB / 26.11GB,65.54kB / 8.212MB
2026-03-31 02:15:13,542,15.79,97.71MB,34068.5,0.29,25.89GB / 26.11GB,65.54kB / 8.212MB
2026-03-31 02:15:25,543,15.79,97.71MB,34068.5,0.29,25.89GB / 26.11GB,65.54kB / 8.212MB
2026-03-31 02:15:37,543,15.78,97.71MB,34068.5,0.29,25.89GB / 26.11GB,65.54kB / 8.212MB
2026-03-31 02:15:49,543,15.78,97.71MB,34068.5,0.29,25.89GB / 26.11GB,65.54kB / 8.212MB
2026-03-31 02:16:01,543,15.77,97.96MB,34068.5,0.29,25.89GB / 26.11GB,65.54kB / 8.212MB
2026-03-31 02:16:13,543,15.77,97.71MB,34068.5,0.29,25.89GB / 26.11GB,65.54kB / 8.212MB
2026-03-31 02:16:25,544,15.76,97.71MB,34068.5,0.29,25.89GB / 26.11GB,65.54kB / 8.212MB
2026-03-31 02:16:37,544,15.76,97.71MB,34068.5,0.29,25.89GB / 26.11GB,65.54kB / 8.212MB
2026-03-31 02:16:48,544,15.75,97.71MB,34068.5,0.29,25.89GB / 26.11GB,65.54kB / 8.212MB
2026-03-31 02:17:00,544,15.75,97.71MB,34068.5,0.29,25.89GB / 26.11GB,65.54kB / 8.212MB
2026-03-31 02:17:12,544,15.74,97.71MB,34068.5,0.29,25.89GB / 26.11GB,65.54kB / 8.212MB
2026-03-31 02:17:24,544,15.74,97.71MB,34068.5,0.29,25.89GB / 26.11GB,65.54kB / 8.212MB
2026-03-31 02:17:36,545,15.73,97.71MB,34068.5,0.29,25.89GB / 26.11GB,65.54kB / 8.212MB
2026-03-31 02:17:47,545,15.72,97.71MB,34068.5,0.29,25.89GB / 26.11GB,65.54kB / 8.212MB
2026-03-31 02:17:59,545,15.72,97.71MB,34068.5,0.29,25.89GB / 26.11GB,65.54kB / 8.212MB
2026-03-31 02:18:11,545,15.71,97.71MB,34068.5,0.29,25.89GB / 26.11GB,65.54kB / 8.212MB
2026-03-31 02:18:22,545,15.71,97.71MB,34068.5,0.29,25.89GB / 26.11GB,65.54kB / 8.212MB
2026-03-31 02:18:34,546,15.70,97.71MB,34068.5,0.29,25.89GB / 26.11GB,65.54kB / 8.212MB
2026-03-31 02:18:46,546,15.70,97.71MB,34068.5,0.29,25.89GB / 26.11GB,65.54kB / 8.212MB
2026-03-31 02:18:58,546,15.69,97.71MB,34068.5,0.29,25.89GB / 26.11GB,65.54kB / 8.212MB
2026-03-31 02:19:10,546,15.69,97.71MB,34068.5,0.29,25.89GB / 26.11GB,65.54kB / 8.212MB
2026-03-31 02:19:21,546,15.68,97.71MB,34068.5,0.29,25.89GB / 26.11GB,65.54kB / 8.212MB
2026-03-31 02:19:33,547,15.68,97.71MB,34068.5,0.29,25.89GB / 26.11GB,65.54kB / 8.212MB
2026-03-31 02:19:45,547,15.67,97.71MB,34068.5,0.29,25.89GB / 26.11GB,65.54kB / 8.212MB
2026-03-31 02:19:57,547,15.67,97.97MB,34068.5,0.29,25.89GB / 26.11GB,65.54kB / 8.212MB
2026-03-31 02:20:08,547,15.66,97.71MB,34068.5,0.29,25.89GB / 26.11GB,65.54kB / 8.212MB
2026-03-31 02:20:20,547,15.66,97.71MB,34068.5,0.29,25.89GB / 26.11GB,65.54kB / 8.212MB
2026-03-31 02:20:32,548,15.65,97.71MB,34068.5,0.29,25.89GB / 26.11GB,65.54kB / 8.212MB
2026-03-31 02:20:43,548,15.64,97.71MB,34068.5,0.29,25.89GB / 26.11GB,65.54kB / 8.212MB
2026-03-31 02:20:55,548,15.64,97.71MB,34068.5,0.29,25.89GB / 26.11GB,65.54kB / 8.212MB
2026-03-31 02:21:07,548,15.63,97.71MB,34068.5,0.29,25.89GB / 26.11GB,65.54kB / 8.212MB
2026-03-31 02:21:19,548,15.63,97.71MB,34068.5,0.29,25.89GB / 26.11GB,65.54kB / 8.212MB
2026-03-31 02:21:31,549,15.62,97.71MB,34068.5,0.29,25.89GB / 26.11GB,65.54kB / 8.212MB
2026-03-31 02:21:42,549,15.62,97.97MB,34068.5,0.29,25.89GB / 26.11GB,65.54kB / 8.212MB
2026-03-31 02:21:54,549,15.61,97.71MB,34068.5,0.29,25.89GB / 26.11GB,65.54kB / 8.212MB
2026-03-31 02:22:06,549,15.61,97.71MB,34068.5,0.29,25.89GB / 26.11GB,65.54kB / 8.212MB
2026-03-31 02:22:17,549,15.60,97.71MB,34068.5,0.29,25.89GB / 26.11GB,65.54kB / 8.212MB
2026-03-31 02:22:29,550,15.60,97.71MB,34068.5,0.29,25.89GB / 26.11GB,65.54kB / 8.212MB
2026-03-31 02:22:41,550,15.59,97.71MB,34068.5,0.29,25.89GB / 26.11GB,65.54kB / 8.212MB
2026-03-31 02:22:53,550,15.59,97.71MB,34068.5,0.29,25.89GB / 26.11GB,65.54kB / 8.212MB
2026-03-31 02:23:04,550,15.58,97.71MB,34068.5,0.29,25.89GB / 26.11GB,65.54kB / 8.212MB
2026-03-31 02:23:16,550,15.58,97.71MB,34068.5,0.29,25.89GB / 26.11GB,65.54kB / 8.212MB
2026-03-31 02:23:28,551,15.57,97.71MB,34068.5,0.29,25.89GB / 26.11GB,65.54kB / 8.212MB
2026-03-31 02:23:39,551,15.57,97.96MB,34068.5,0.29,25.89GB / 26.11GB,65.54kB / 8.212MB
2026-03-31 02:23:51,551,15.56,97.71MB,34068.5,0.29,25.89GB / 26.11GB,65.54kB / 8.212MB
2026-03-31 02:24:03,551,15.56,97.71MB,34068.5,0.29,25.89GB / 26.11GB,65.54kB / 8.212MB
2026-03-31 02:24:15,551,15.55,97.71MB,34068.5,0.29,25.89GB / 26.11GB,65.54kB / 8.212MB
2026-03-31 02:24:27,552,15.55,97.71MB,34068.5,0.29,25.89GB / 26.11GB,65.54kB / 8.212MB
2026-03-31 02:24:38,552,15.54,97.71MB,34068.5,0.29,25.89GB / 26.11GB,65.54kB / 8.212MB
2026-03-31 02:24:50,552,15.53,97.71MB,34068.5,0.29,25.89GB / 26.11GB,65.54kB / 8.212MB
2026-03-31 02:25:02,552,15.53,97.71MB,34068.5,0.29,25.89GB / 26.11GB,65.54kB / 8.212MB
2026-03-31 02:25:14,552,15.52,97.71MB,34068.5,0.29,25.89GB / 26.11GB,65.54kB / 8.212MB
2026-03-31 02:25:25,553,15.52,97.71MB,34068.5,0.29,25.89GB / 26.11GB,65.54kB / 8.212MB
2026-03-31 02:25:37,553,15.51,97.71MB,34068.5,0.29,25.89GB / 26.11GB,65.54kB / 8.212MB
2026-03-31 02:25:49,553,15.51,97.71MB,34068.5,0.29,25.89GB / 26.11GB,65.54kB / 8.212MB
2026-03-31 02:26:00,553,15.50,97.71MB,34068.5,0.29,25.89GB / 26.11GB,65.54kB / 8.212MB
2026-03-31 02:26:12,553,15.50,97.71MB,34068.5,0.29,25.89GB / 26.11GB,65.54kB / 8.212MB
2026-03-31 02:26:24,553,15.49,97.71MB,34068.5,0.29,25.89GB / 26.11GB,65.54kB / 8.212MB
2026-03-31 02:26:36,554,15.49,97.96MB,34068.5,0.29,25.89GB / 26.11GB,65.54kB / 8.212MB
2026-03-31 02:26:48,554,15.48,97.71MB,34068.5,0.29,25.89GB / 26.11GB,65.54kB / 8.212MB
2026-03-31 02:26:59,554,15.48,97.96MB,34068.5,0.29,25.89GB / 26.11GB,65.54kB / 8.212MB
2026-03-31 02:27:11,554,15.47,97.71MB,34068.5,0.29,25.89GB / 26.11GB,65.54kB / 8.212MB
2026-03-31 02:27:23,554,15.47,97.71MB,34068.5,0.29,25.89GB / 26.11GB,65.54kB / 8.212MB
2026-03-31 02:27:35,555,15.46,97.71MB,34068.5,0.29,25.89GB / 26.11GB,65.54kB / 8.212MB
2026-03-31 02:27:46,555,15.46,97.71MB,34068.5,0.29,25.89GB / 26.11GB,65.54kB / 8.212MB
2026-03-31 02:27:58,555,15.45,97.71MB,34068.5,0.29,25.89GB / 26.11GB,65.54kB / 8.212MB
2026-03-31 02:28:10,555,15.45,97.71MB,34068.5,0.29,25.89GB / 26.11GB,65.54kB / 8.212MB
2026-03-31 02:28:21,555,15.44,97.71MB,34068.5,0.29,25.89GB / 26.11GB,65.54kB / 8.212MB
2026-03-31 02:28:33,556,15.44,97.71MB,34068.5,0.29,25.89GB / 26.11GB,65.54kB / 8.212MB
2026-03-31 02:28:45,556,15.43,97.71MB,34068.5,0.29,25.89GB / 26.11GB,65.54kB / 8.212MB
2026-03-31 02:28:57,556,15.43,97.71MB,34068.5,0.29,25.89GB / 26.11GB,65.54kB / 8.212MB
2026-03-31 02:29:08,556,15.42,97.71MB,34068.5,0.29,25.89GB / 26.11GB,65.54kB / 8.212MB
2026-03-31 02:29:20,556,15.42,97.71MB,34068.5,0.29,25.89GB / 26.11GB,65.54kB / 8.212MB
2026-03-31 02:29:32,557,15.41,97.71MB,34068.5,0.29,25.89GB / 26.11GB,65.54kB / 8.212MB
2026-03-31 02:29:44,557,15.41,97.71MB,34068.5,0.29,25.89GB / 26.11GB,65.54kB / 8.212MB
2026-03-31 02:29:55,557,15.40,97.71MB,34068.5,0.29,25.89GB / 26.11GB,65.54kB / 8.212MB
2026-03-31 02:30:07,557,15.40,97.97MB,34068.5,0.29,25.89GB / 26.11GB,65.54kB / 8.212MB
2026-03-31 02:30:19,557,15.39,97.71MB,34068.5,0.29,25.89GB / 26.11GB,65.54kB / 8.212MB
2026-03-31 02:30:31,558,15.39,97.71MB,34068.5,0.29,25.89GB / 26.11GB,65.54kB / 8.212MB
2026-03-31 02:30:42,558,15.38,97.71MB,34068.5,0.29,25.89GB / 26.11GB,65.54kB / 8.212MB
2026-03-31 02:30:54,558,15.38,97.71MB,34068.5,0.29,25.89GB / 26.11GB,65.54kB / 8.212MB
2026-03-31 02:31:06,558,15.37,97.71MB,34068.5,0.29,25.89GB / 26.11GB,65.54kB / 8.212MB
2026-03-31 02:31:18,558,15.37,97.71MB,34068.5,0.29,25.89GB / 26.11GB,65.54kB / 8.212MB
2026-03-31 02:31:29,559,15.36,97.97MB,34068.5,0.29,25.89GB / 26.11GB,65.54kB / 8.212MB
2026-03-31 02:31:41,559,15.35,97.71MB,34068.5,0.29,25.89GB / 26.11GB,65.54kB / 8.212MB
2026-03-31 02:31:53,559,15.35,97.71MB,34068.5,0.29,25.89GB / 26.11GB,65.54kB / 8.212MB
2026-03-31 02:32:05,559,15.34,97.71MB,34068.5,0.29,25.89GB / 26.11GB,65.54kB / 8.212MB
2026-03-31 02:32:16,559,15.34,97.71MB,34068.5,0.29,25.89GB / 26.11GB,65.54kB / 8.212MB
2026-03-31 02:32:28,560,15.33,97.71MB,34068.5,0.29,25.89GB / 26.11GB,65.54kB / 8.212MB
2026-03-31 02:32:40,560,15.33,97.71MB,34068.5,0.29,25.89GB / 26.11GB,65.54kB / 8.212MB
2026-03-31 02:32:52,560,15.32,97.71MB,34068.5,0.29,25.89GB / 26.11GB,65.54kB / 8.212MB
2026-03-31 02:33:03,560,15.32,97.71MB,34068.5,0.29,25.89GB / 26.11GB,65.54kB / 8.212MB
2026-03-31 02:33:15,560,15.31,97.71MB,34068.5,0.29,25.89GB / 26.11GB,65.54kB / 8.212MB
2026-03-31 02:33:27,561,15.31,97.71MB,34068.5,0.29,25.89GB / 26.11GB,65.54kB / 8.212MB
2026-03-31 02:33:39,561,15.30,97.71MB,34068.5,0.29,25.89GB / 26.11GB,65.54kB / 8.212MB
2026-03-31 02:33:50,561,15.30,97.71MB,34068.5,0.29,25.89GB / 26.11GB,65.54kB / 8.212MB
2026-03-31 02:34:02,561,15.29,97.71MB,34068.5,0.29,25.89GB / 26.11GB,65.54kB / 8.212MB
2026-03-31 02:34:14,561,15.29,97.71MB,34068.5,0.29,25.89GB / 26.11GB,65.54kB / 8.212MB
2026-03-31 02:34:26,562,15.28,97.97MB,34068.5,0.29,25.89GB / 26.11GB,65.54kB / 8.212MB
2026-03-31 02:34:37,562,15.28,97.71MB,34068.5,0.29,25.89GB / 26.11GB,65.54kB / 8.212MB
2026-03-31 02:34:49,562,15.27,97.71MB,34068.5,0.29,25.89GB / 26.11GB,65.54kB / 8.212MB
2026-03-31 02:35:01,562,15.27,97.96MB,34068.5,0.29,25.89GB / 26.11GB,65.54kB / 8.212MB
2026-03-31 02:35:12,562,15.26,97.71MB,34068.5,0.29,25.89GB / 26.11GB,65.54kB / 8.212MB
2026-03-31 02:35:24,562,15.26,97.71MB,34068.5,0.29,25.89GB / 26.11GB,65.54kB / 8.212MB
2026-03-31 02:35:36,563,15.25,97.71MB,34068.5,0.29,25.89GB / 26.11GB,65.54kB / 8.212MB
2026-03-31 02:35:48,563,15.25,97.71MB,34068.5,0.29,25.89GB / 26.11GB,65.54kB / 8.212MB
2026-03-31 02:35:59,563,15.24,97.71MB,34068.5,0.29,25.89GB / 26.11GB,65.54kB / 8.212MB
2026-03-31 02:36:11,563,15.24,97.71MB,34068.5,0.29,25.89GB / 26.11GB,65.54kB / 8.212MB
2026-03-31 02:36:23,563,15.23,97.71MB,34068.5,0.29,25.89GB / 26.11GB,65.54kB / 8.212MB
2026-03-31 02:36:34,564,15.23,97.97MB,34068.5,0.29,25.89GB / 26.11GB,65.54kB / 8.212MB
2026-03-31 02:36:46,564,15.22,97.71MB,34068.5,0.29,25.89GB / 26.11GB,65.54kB / 8.212MB
2026-03-31 02:36:58,564,15.22,97.71MB,34068.5,0.29,25.89GB / 26.11GB,65.54kB / 8.212MB
2026-03-31 02:37:10,564,15.21,97.97MB,34068.5,0.29,25.89GB / 26.11GB,65.54kB / 8.212MB
2026-03-31 02:37:21,564,15.21,97.71MB,34068.5,0.29,25.89GB / 26.11GB,65.54kB / 8.212MB
2026-03-31 02:37:33,565,15.20,97.71MB,34068.5,0.29,25.89GB / 26.11GB,65.54kB / 8.212MB
2026-03-31 02:37:45,565,15.20,97.71MB,34068.5,0.29,25.89GB / 26.11GB,65.54kB / 8.212MB
2026-03-31 02:37:57,565,15.19,97.71MB,34068.5,0.29,25.89GB / 26.11GB,65.54kB / 8.212MB
2026-03-31 02:38:08,565,15.19,97.71MB,34068.5,0.29,25.89GB / 26.11GB,65.54kB / 8.212MB
2026-03-31 02:38:20,565,15.18,97.71MB,34068.5,0.29,25.89GB / 26.11GB,65.54kB / 8.212MB
2026-03-31 02:38:32,566,15.18,97.71MB,34068.5,0.29,25.89GB / 26.11GB,65.54kB / 8.212MB
2026-03-31 02:38:44,566,15.17,97.97MB,34068.5,0.29,25.89GB / 26.11GB,65.54kB / 8.212MB
2026-03-31 02:38:55,566,15.17,97.71MB,34068.5,0.29,25.89GB / 26.11GB,65.54kB / 8.212MB
2026-03-31 02:39:07,566,15.16,97.71MB,34068.5,0.29,25.89GB / 26.11GB,65.54kB / 8.212MB
2026-03-31 02:39:19,566,15.16,97.71MB,34068.5,0.29,25.89GB / 26.11GB,65.54kB / 8.212MB
2026-03-31 02:39:31,567,15.15,97.71MB,34068.5,0.29,25.89GB / 26.11GB,65.54kB / 8.212MB
2026-03-31 02:39:42,567,15.15,97.71MB,34068.5,0.29,25.89GB / 26.11GB,65.54kB / 8.212MB
2026-03-31 02:39:54,567,15.14,97.71MB,34068.5,0.29,25.89GB / 26.11GB,65.54kB / 8.212MB
2026-03-31 02:40:06,567,15.14,97.71MB,34068.5,0.29,25.89GB / 26.11GB,65.54kB / 8.212MB
2026-03-31 02:40:18,567,15.13,97.71MB,34068.5,0.29,25.89GB / 26.11GB,65.54kB / 8.212MB
2026-03-31 02:40:29,568,15.13,97.71MB,34068.5,0.29,25.89GB / 26.11GB,65.54kB / 8.212MB
2026-03-31 02:40:41,568,15.13,97.71MB,34068.5,0.29,25.89GB / 26.11GB,65.54kB / 8.212MB
2026-03-31 02:40:53,568,15.12,97.71MB,34068.5,0.29,25.89GB / 26.11GB,65.54kB / 8.212MB
2026-03-31 02:41:05,568,15.12,97.71MB,34068.5,0.29,25.89GB / 26.11GB,65.54kB / 8.212MB
2026-03-31 02:41:16,568,15.11,97.71MB,34068.5,0.29,25.89GB / 26.11GB,65.54kB / 8.212MB
2026-03-31 02:41:28,569,15.11,97.71MB,34068.5,0.29,25.89GB / 26.11GB,65.54kB / 8.212MB
2026-03-31 02:41:40,569,15.10,97.71MB,34068.5,0.29,25.89GB / 26.11GB,65.54kB / 8.212MB
2026-03-31 02:41:51,569,15.10,97.71MB,34068.5,0.29,25.89GB / 26.11GB,65.54kB / 8.212MB
2026-03-31 02:42:03,569,15.09,97.71MB,34068.5,0.29,25.89GB / 26.11GB,65.54kB / 8.212MB
2026-03-31 02:42:15,569,15.09,97.71MB,34068.5,0.29,25.89GB / 26.11GB,65.54kB / 8.212MB
2026-03-31 02:42:27,570,15.08,97.71MB,34068.5,0.29,25.89GB / 26.11GB,65.54kB / 8.212MB
2026-03-31 02:42:38,570,15.08,97.71MB,34068.5,0.29,25.89GB / 26.11GB,65.54kB / 8.212MB
2026-03-31 02:42:50,570,15.07,97.71MB,34068.5,0.29,25.89GB / 26.11GB,65.54kB / 8.212MB
2026-03-31 02:43:02,570,15.07,97.71MB,34068.5,0.29,25.89GB / 26.11GB,65.54kB / 8.212MB
2026-03-31 02:43:14,570,15.06,97.71MB,34068.5,0.29,25.89GB / 26.11GB,65.54kB / 8.212MB
2026-03-31 02:43:25,571,15.06,97.71MB,34068.5,0.29,25.89GB / 26.11GB,65.54kB / 8.212MB
2026-03-31 02:43:37,571,15.05,97.71MB,34068.5,0.29,25.89GB / 26.11GB,65.54kB / 8.212MB
2026-03-31 02:43:49,571,15.05,97.71MB,34068.5,0.29,25.89GB / 26.11GB,65.54kB / 8.212MB
2026-03-31 02:44:01,571,15.04,97.96MB,34068.5,0.29,25.89GB / 26.11GB,65.54kB / 8.212MB
2026-03-31 02:44:13,571,15.04,97.71MB,34068.5,0.29,25.89GB / 26.11GB,65.54kB / 8.212MB
2026-03-31 02:44:24,571,15.03,97.71MB,34068.5,0.29,25.89GB / 26.11GB,65.54kB / 8.212MB
2026-03-31 02:44:36,572,15.03,97.71MB,34068.5,0.29,25.89GB / 26.11GB,65.54kB / 8.212MB
2026-03-31 02:44:48,572,15.02,97.71MB,34068.5,0.29,25.89GB / 26.11GB,65.54kB / 8.212MB
2026-03-31 02:44:59,572,15.02,97.71MB,34068.5,0.29,25.89GB / 26.11GB,65.54kB / 8.212MB
2026-03-31 02:45:11,572,15.01,97.97MB,34068.5,0.29,25.89GB / 26.11GB,65.54kB / 8.212MB
2026-03-31 02:45:23,572,15.01,97.71MB,34068.5,0.29,25.89GB / 26.11GB,65.54kB / 8.212MB
2026-03-31 02:45:35,573,15.00,97.97MB,34068.5,0.29,25.89GB / 26.11GB,65.54kB / 8.212MB
2026-03-31 02:45:47,573,15.00,97.71MB,34068.5,0.29,25.89GB / 26.11GB,65.54kB / 8.212MB
2026-03-31 02:45:58,573,14.99,97.96MB,34068.5,0.29,25.89GB / 26.11GB,65.54kB / 8.212MB
2026-03-31 02:46:10,573,14.99,97.71MB,34068.5,0.29,25.89GB / 26.11GB,65.54kB / 8.212MB
2026-03-31 02:46:22,573,14.98,97.71MB,34068.5,0.29,25.89GB / 26.11GB,65.54kB / 8.212MB
2026-03-31 02:46:34,574,14.98,97.71MB,34068.5,0.29,25.89GB / 26.11GB,65.54kB / 8.212MB
2026-03-31 02:46:45,574,14.97,97.71MB,34068.5,0.29,25.89GB / 26.11GB,65.54kB / 8.212MB
2026-03-31 02:46:57,574,14.97,97.71MB,34068.5,0.29,25.89GB / 26.11GB,65.54kB / 8.212MB
2026-03-31 02:47:09,574,14.96,97.71MB,34068.5,0.29,25.89GB / 26.11GB,65.54kB / 8.212MB
2026-03-31 02:47:20,574,14.96,97.71MB,34068.5,0.29,25.89GB / 26.11GB,65.54kB / 8.212MB
2026-03-31 02:47:32,575,14.96,97.71MB,34068.5,0.29,25.89GB / 26.11GB,65.54kB / 8.212MB
2026-03-31 02:47:44,575,14.95,97.71MB,34068.5,0.29,25.89GB / 26.11GB,65.54kB / 8.212MB
2026-03-31 02:47:56,575,14.95,97.71MB,34068.5,0.29,25.89GB / 26.11GB,65.54kB / 8.212MB
2026-03-31 02:48:08,575,14.94,97.71MB,34068.5,0.29,25.89GB / 26.11GB,65.54kB / 8.212MB
2026-03-31 02:48:19,575,14.94,97.71MB,34068.5,0.29,25.89GB / 26.11GB,65.54kB / 8.212MB
2026-03-31 02:48:31,576,14.93,97.71MB,34068.5,0.29,25.89GB / 26.11GB,65.54kB / 8.212MB
2026-03-31 02:48:43,576,14.93,97.71MB,34068.5,0.29,25.89GB / 26.11GB,65.54kB / 8.212MB
2026-03-31 02:48:55,576,14.92,97.71MB,34068.5,0.29,25.89GB / 26.11GB,65.54kB / 8.212MB
2026-03-31 02:49:06,576,14.92,97.71MB,34068.5,0.29,25.89GB / 26.11GB,65.54kB / 8.212MB
2026-03-31 02:49:18,576,14.91,97.71MB,34068.5,0.29,25.89GB / 26.11GB,65.54kB / 8.212MB
2026-03-31 02:49:30,577,14.91,92.88MB,34068.5,0.28,25.89GB / 26.11GB,65.54kB / 8.212MB
2026-03-31 02:49:42,577,14.90,92.88MB,34068.5,0.28,25.89GB / 26.11GB,65.54kB / 8.212MB
2026-03-31 02:49:53,577,14.90,93.14MB,34068.5,0.28,25.89GB / 26.11GB,65.54kB / 8.212MB
2026-03-31 02:50:05,577,14.89,92.88MB,34068.5,0.28,25.89GB / 26.11GB,65.54kB / 8.212MB
2026-03-31 02:50:17,577,14.89,92.88MB,34068.5,0.28,25.89GB / 26.11GB,65.54kB / 8.212MB
2026-03-31 02:50:29,578,14.88,92.88MB,34068.5,0.28,25.89GB / 26.11GB,65.54kB / 8.212MB
2026-03-31 02:50:40,578,14.88,92.88MB,34068.5,0.28,25.89GB / 26.11GB,65.54kB / 8.212MB
2026-03-31 02:50:52,578,14.87,93.14MB,34068.5,0.28,25.89GB / 26.11GB,65.54kB / 8.212MB
2026-03-31 02:51:04,578,14.87,92.88MB,34068.5,0.28,25.89GB / 26.11GB,65.54kB / 8.212MB
2026-03-31 02:51:15,578,14.86,93.14MB,34068.5,0.28,25.89GB / 26.11GB,65.54kB / 8.212MB
2026-03-31 02:51:27,579,14.86,92.88MB,34068.5,0.28,25.89GB / 26.11GB,65.54kB / 8.212MB
2026-03-31 02:51:39,579,14.86,92.88MB,34068.5,0.28,25.89GB / 26.11GB,65.54kB / 8.212MB
2026-03-31 02:51:51,579,14.85,92.88MB,34068.5,0.28,25.89GB / 26.11GB,65.54kB / 8.212MB
2026-03-31 02:52:02,579,14.85,92.88MB,34068.5,0.28,25.89GB / 26.11GB,65.54kB / 8.212MB
2026-03-31 02:52:14,579,14.84,93.14MB,34068.5,0.28,25.89GB / 26.11GB,65.54kB / 8.212MB
2026-03-31 02:52:26,580,14.84,92.88MB,34068.5,0.28,25.89GB / 26.11GB,65.54kB / 8.212MB
2026-03-31 02:52:37,580,14.83,92.88MB,34068.5,0.28,25.89GB / 26.11GB,65.54kB / 8.212MB
2026-03-31 02:52:49,580,14.83,92.88MB,34068.5,0.28,25.89GB / 26.11GB,65.54kB / 8.212MB
2026-03-31 02:53:01,580,14.82,92.88MB,34068.5,0.28,25.89GB / 26.11GB,65.54kB / 8.212MB
2026-03-31 02:53:13,580,14.82,93.14MB,34068.5,0.28,25.89GB / 26.11GB,65.54kB / 8.212MB
2026-03-31 02:53:24,580,14.81,92.88MB,34068.5,0.28,25.89GB / 26.11GB,65.54kB / 8.212MB
2026-03-31 02:53:36,581,14.81,92.88MB,34068.5,0.28,25.89GB / 26.11GB,65.54kB / 8.212MB
2026-03-31 02:53:48,581,14.80,92.88MB,34068.5,0.28,25.89GB / 26.11GB,65.54kB / 8.212MB
2026-03-31 02:54:00,581,14.80,92.88MB,34068.5,0.28,25.89GB / 26.11GB,65.54kB / 8.212MB
2026-03-31 02:54:11,581,14.79,92.88MB,34068.5,0.28,25.89GB / 26.11GB,65.54kB / 8.212MB
2026-03-31 02:54:23,581,14.79,92.88MB,34068.5,0.28,25.89GB / 26.11GB,65.54kB / 8.212MB
2026-03-31 02:54:35,582,14.78,92.88MB,34068.5,0.28,25.89GB / 26.11GB,65.54kB / 8.212MB
2026-03-31 02:54:46,582,14.78,92.88MB,34068.5,0.28,25.89GB / 26.11GB,65.54kB / 8.212MB
2026-03-31 02:54:58,582,14.78,92.88MB,34068.5,0.28,25.89GB / 26.11GB,65.54kB / 8.212MB
2026-03-31 02:55:10,582,14.77,92.88MB,34068.5,0.28,25.89GB / 26.11GB,65.54kB / 8.212MB
2026-03-31 02:55:22,582,14.77,92.88MB,34068.5,0.28,25.89GB / 26.11GB,65.54kB / 8.212MB
2026-03-31 02:55:34,583,14.76,92.88MB,34068.5,0.28,25.89GB / 26.11GB,65.54kB / 8.212MB
2026-03-31 02:55:45,583,14.76,92.88MB,34068.5,0.28,25.89GB / 26.11GB,65.54kB / 8.212MB
2026-03-31 02:55:57,583,14.75,92.88MB,34068.5,0.28,25.89GB / 26.11GB,65.54kB / 8.212MB
2026-03-31 02:56:09,583,14.75,92.88MB,34068.5,0.28,25.89GB / 26.11GB,65.54kB / 8.212MB
2026-03-31 02:56:20,583,14.74,93.14MB,34068.5,0.28,25.89GB / 26.11GB,65.54kB / 8.212MB
2026-03-31 02:56:32,584,14.74,92.88MB,34068.5,0.28,25.89GB / 26.11GB,65.54kB / 8.212MB
2026-03-31 02:56:44,584,14.73,92.88MB,34068.5,0.28,25.89GB / 26.11GB,65.54kB / 8.212MB
2026-03-31 02:56:56,584,14.73,92.88MB,34068.5,0.28,25.89GB / 26.11GB,65.54kB / 8.212MB
2026-03-31 02:57:07,584,14.72,92.88MB,34068.5,0.28,25.89GB / 26.11GB,65.54kB / 8.212MB
2026-03-31 02:57:19,584,14.72,92.88MB,34068.5,0.28,25.89GB / 26.11GB,65.54kB / 8.212MB
2026-03-31 02:57:31,585,14.71,92.88MB,34068.5,0.28,25.89GB / 26.11GB,65.54kB / 8.212MB
2026-03-31 02:57:43,585,14.71,92.88MB,34068.5,0.28,25.89GB / 26.11GB,65.54kB / 8.212MB
2026-03-31 02:57:55,585,14.71,92.88MB,34068.5,0.28,25.89GB / 26.11GB,65.54kB / 8.212MB
2026-03-31 02:58:06,585,14.70,92.88MB,34068.5,0.28,25.89GB / 26.11GB,65.54kB / 8.212MB
2026-03-31 02:58:18,585,14.70,92.88MB,34068.5,0.28,25.89GB / 26.11GB,65.54kB / 8.212MB
2026-03-31 02:58:30,586,14.69,92.88MB,34068.5,0.28,25.89GB / 26.11GB,65.54kB / 8.212MB
2026-03-31 02:58:42,586,14.69,92.88MB,34068.5,0.28,25.89GB / 26.11GB,65.54kB / 8.212MB
2026-03-31 02:58:54,586,14.68,92.88MB,34068.5,0.28,25.89GB / 26.11GB,65.54kB / 8.212MB
2026-03-31 02:59:05,586,14.68,93.14MB,34068.5,0.28,25.89GB / 26.11GB,65.54kB / 8.212MB
2026-03-31 02:59:17,586,14.67,92.88MB,34068.5,0.28,25.89GB / 26.11GB,65.54kB / 8.212MB
2026-03-31 02:59:29,587,14.67,92.88MB,34068.5,0.28,25.89GB / 26.11GB,65.54kB / 8.212MB
2026-03-31 02:59:41,587,14.66,92.88MB,34068.5,0.28,25.89GB / 26.11GB,65.54kB / 8.212MB
2026-03-31 02:59:52,587,14.66,92.88MB,34068.5,0.28,25.89GB / 26.11GB,65.54kB / 8.212MB
2026-03-31 03:00:04,587,14.65,92.88MB,34068.5,0.28,25.89GB / 26.11GB,65.54kB / 8.212MB
2026-03-31 03:00:16,587,14.65,92.88MB,34068.5,0.28,25.89GB / 26.11GB,65.54kB / 8.212MB
2026-03-31 03:00:27,588,14.65,92.88MB,34068.5,0.28,25.89GB / 26.11GB,65.54kB / 8.212MB
2026-03-31 03:00:39,588,14.64,92.88MB,34068.5,0.28,25.89GB / 26.11GB,65.54kB / 8.212MB
2026-03-31 03:00:51,588,14.64,92.88MB,34068.5,0.28,25.89GB / 26.11GB,65.54kB / 8.212MB
2026-03-31 03:01:03,588,14.63,92.88MB,34068.5,0.28,25.89GB / 26.11GB,65.54kB / 8.212MB
2026-03-31 03:01:14,588,14.63,92.88MB,34068.5,0.28,25.89GB / 26.11GB,65.54kB / 8.212MB
2026-03-31 03:01:26,589,14.62,92.88MB,34068.5,0.28,25.89GB / 26.11GB,65.54kB / 8.212MB
2026-03-31 03:01:38,589,14.62,92.88MB,34068.5,0.28,25.89GB / 26.11GB,65.54kB / 8.212MB
2026-03-31 03:01:50,589,14.61,92.88MB,34068.5,0.28,25.89GB / 26.11GB,65.54kB / 8.212MB
2026-03-31 03:02:01,589,14.61,92.88MB,34068.5,0.28,25.89GB / 26.11GB,65.54kB / 8.212MB
2026-03-31 03:02:13,589,14.60,92.88MB,34068.5,0.28,25.89GB / 26.11GB,65.54kB / 8.212MB
2026-03-31 03:02:25,590,14.60,92.88MB,34068.5,0.28,25.89GB / 26.11GB,65.54kB / 8.212MB
2026-03-31 03:02:37,590,14.59,92.88MB,34068.5,0.28,25.89GB / 26.11GB,65.54kB / 8.212MB
2026-03-31 03:02:48,590,14.59,92.88MB,34068.5,0.28,25.89GB / 26.11GB,65.54kB / 8.212MB
2026-03-31 03:03:00,590,14.59,92.88MB,34068.5,0.28,25.89GB / 26.11GB,65.54kB / 8.212MB
2026-03-31 03:03:12,590,14.58,92.88MB,34068.5,0.28,25.89GB / 26.11GB,65.54kB / 8.212MB
2026-03-31 03:03:24,590,14.58,92.88MB,34068.5,0.28,25.89GB / 26.11GB,65.54kB / 8.212MB
2026-03-31 03:03:35,591,14.57,92.88MB,34068.5,0.28,25.89GB / 26.11GB,65.54kB / 8.212MB
2026-03-31 03:03:47,591,14.57,92.88MB,34068.5,0.28,25.89GB / 26.11GB,65.54kB / 8.212MB
2026-03-31 03:03:59,591,14.56,93.14MB,34068.5,0.28,25.89GB / 26.11GB,65.54kB / 8.212MB
2026-03-31 03:04:11,591,14.56,93.14MB,34068.5,0.28,25.89GB / 26.11GB,65.54kB / 8.212MB
2026-03-31 03:04:22,591,14.55,93.14MB,34068.5,0.28,25.89GB / 26.11GB,65.54kB / 8.212MB
2026-03-31 03:04:34,592,14.55,93.14MB,34068.5,0.28,25.89GB / 26.11GB,65.54kB / 8.212MB
2026-03-31 03:04:46,592,14.54,92.88MB,34068.5,0.28,25.89GB / 26.11GB,65.54kB / 8.212MB
2026-03-31 03:04:58,592,14.54,92.88MB,34068.5,0.28,25.89GB / 26.11GB,65.54kB / 8.212MB
2026-03-31 03:05:10,592,14.54,92.88MB,34068.5,0.28,25.89GB / 26.11GB,65.54kB / 8.212MB
2026-03-31 03:05:21,592,14.53,92.88MB,34068.5,0.28,25.89GB / 26.11GB,65.54kB / 8.212MB
2026-03-31 03:05:33,593,14.53,92.88MB,34068.5,0.28,25.89GB / 26.11GB,65.54kB / 8.212MB
2026-03-31 03:05:45,593,14.52,92.88MB,34068.5,0.28,25.89GB / 26.11GB,65.54kB / 8.212MB
2026-03-31 03:05:56,593,14.52,92.88MB,34068.5,0.28,25.89GB / 26.11GB,65.54kB / 8.212MB
2026-03-31 03:06:08,593,14.51,92.88MB,34068.5,0.28,25.89GB / 26.11GB,65.54kB / 8.212MB
2026-03-31 03:06:20,593,14.51,92.88MB,34068.5,0.28,25.89GB / 26.11GB,65.54kB / 8.212MB
2026-03-31 03:06:32,594,14.50,92.88MB,34068.5,0.28,25.89GB / 26.11GB,65.54kB / 8.212MB
2026-03-31 03:06:43,594,14.50,92.88MB,34068.5,0.28,25.89GB / 26.11GB,65.54kB / 8.212MB
2026-03-31 03:06:55,594,14.50,93.14MB,34068.5,0.28,25.89GB / 26.11GB,65.54kB / 8.212MB
2026-03-31 03:07:07,594,14.49,92.88MB,34068.5,0.28,25.89GB / 26.11GB,65.54kB / 8.212MB
2026-03-31 03:07:19,594,14.49,92.88MB,34068.5,0.28,25.89GB / 26.11GB,65.54kB / 8.212MB
2026-03-31 03:07:30,595,14.48,92.88MB,34068.5,0.28,25.89GB / 26.11GB,65.54kB / 8.212MB
2026-03-31 03:07:42,595,14.48,92.88MB,34068.5,0.28,25.89GB / 26.11GB,65.54kB / 8.212MB
2026-03-31 03:07:54,595,14.47,92.88MB,34068.5,0.28,25.89GB / 26.11GB,65.54kB / 8.212MB
2026-03-31 03:08:06,595,14.47,92.88MB,34068.5,0.28,25.89GB / 26.11GB,65.54kB / 8.212MB
2026-03-31 03:08:17,595,14.46,92.88MB,34068.5,0.28,25.89GB / 26.11GB,65.54kB / 8.212MB
2026-03-31 03:08:29,596,14.46,92.88MB,34068.5,0.28,25.89GB / 26.11GB,65.54kB / 8.212MB
2026-03-31 03:08:41,596,14.45,92.88MB,34068.5,0.28,25.89GB / 26.11GB,65.54kB / 8.212MB
2026-03-31 03:08:52,596,14.45,92.88MB,34068.5,0.28,25.89GB / 26.11GB,65.54kB / 8.212MB
2026-03-31 03:09:04,596,14.45,92.88MB,34068.5,0.28,25.89GB / 26.11GB,65.54kB / 8.212MB
2026-03-31 03:09:16,596,14.44,92.88MB,34068.5,0.28,25.89GB / 26.11GB,65.54kB / 8.212MB
2026-03-31 03:09:28,597,14.44,92.88MB,34068.5,0.28,25.89GB / 26.11GB,65.54kB / 8.212MB
2026-03-31 03:09:39,597,14.43,93.14MB,34068.5,0.28,25.89GB / 26.11GB,65.54kB / 8.212MB
2026-03-31 03:09:51,597,14.43,92.88MB,34068.5,0.28,25.89GB / 26.11GB,65.54kB / 8.212MB
2026-03-31 03:10:03,597,14.42,93.14MB,34068.5,0.28,25.89GB / 26.11GB,65.54kB / 8.212MB
2026-03-31 03:10:15,597,14.42,92.88MB,34068.5,0.28,25.89GB / 26.11GB,65.54kB / 8.212MB
2026-03-31 03:10:26,598,14.41,93.14MB,34068.5,0.28,25.89GB / 26.11GB,65.54kB / 8.212MB
2026-03-31 03:10:38,598,14.41,92.88MB,34068.5,0.28,25.89GB / 26.11GB,65.54kB / 8.212MB
2026-03-31 03:10:50,598,14.41,92.88MB,34068.5,0.28,25.89GB / 26.11GB,65.54kB / 8.212MB
2026-03-31 03:11:02,598,14.40,92.88MB,34068.5,0.28,25.89GB / 26.11GB,65.54kB / 8.212MB
2026-03-31 03:11:13,598,14.40,92.89MB,34068.5,0.28,25.89GB / 26.11GB,69.63kB / 8.212MB
2026-03-31 03:11:25,599,14.39,92.89MB,34068.5,0.28,25.89GB / 26.11GB,69.63kB / 8.212MB
2026-03-31 03:11:37,599,14.39,92.89MB,34068.5,0.28,25.89GB / 26.11GB,69.63kB / 8.212MB
2026-03-31 03:11:48,599,14.38,92.89MB,34068.5,0.28,25.89GB / 26.11GB,69.63kB / 8.212MB
2026-03-31 03:12:00,599,14.38,92.89MB,34068.5,0.28,25.89GB / 26.11GB,69.63kB / 8.212MB
2026-03-31 03:12:12,599,14.37,92.89MB,34068.5,0.28,25.89GB / 26.11GB,69.63kB / 8.212MB
2026-03-31 03:12:24,599,14.37,92.89MB,34068.5,0.28,25.89GB / 26.11GB,69.63kB / 8.212MB
2026-03-31 03:12:36,600,14.37,93.16MB,34068.5,0.28,25.89GB / 26.11GB,69.63kB / 8.212MB
2026-03-31 03:12:47,600,14.36,92.89MB,34068.5,0.28,25.89GB / 26.11GB,69.63kB / 8.212MB
2026-03-31 03:12:59,600,14.36,92.89MB,34068.5,0.28,25.89GB / 26.11GB,69.63kB / 8.212MB
2026-03-31 03:13:11,600,14.35,92.89MB,34068.5,0.28,25.89GB / 26.11GB,69.63kB / 8.212MB
2026-03-31 03:13:23,600,14.35,92.89MB,34068.5,0.28,25.89GB / 26.11GB,69.63kB / 8.212MB
2026-03-31 03:13:34,601,14.34,93.15MB,34068.5,0.28,25.89GB / 26.11GB,69.63kB / 8.212MB
2026-03-31 03:13:46,601,14.34,92.89MB,34068.5,0.28,25.89GB / 26.11GB,69.63kB / 8.212MB
2026-03-31 03:13:58,601,14.34,93.15MB,34068.5,0.28,25.89GB / 26.11GB,69.63kB / 8.212MB
2026-03-31 03:14:10,601,14.33,92.89MB,34068.5,0.28,25.89GB / 26.11GB,69.63kB / 8.212MB
2026-03-31 03:14:21,601,14.33,92.89MB,34068.5,0.28,25.89GB / 26.11GB,69.63kB / 8.212MB
2026-03-31 03:14:33,602,14.32,92.89MB,34068.5,0.28,25.89GB / 26.11GB,69.63kB / 8.212MB
2026-03-31 03:14:45,602,14.32,92.89MB,34068.5,0.28,25.89GB / 26.11GB,69.63kB / 8.212MB
2026-03-31 03:14:57,602,14.31,92.89MB,34068.5,0.28,25.89GB / 26.11GB,69.63kB / 8.212MB
2026-03-31 03:15:08,602,14.31,92.89MB,34068.5,0.28,25.89GB / 26.11GB,69.63kB / 8.212MB
2026-03-31 03:15:20,602,14.30,92.89MB,34068.5,0.28,25.89GB / 26.11GB,69.63kB / 8.212MB
2026-03-31 03:15:32,603,14.30,92.89MB,34068.5,0.28,25.89GB / 26.11GB,69.63kB / 8.212MB
2026-03-31 03:15:44,603,14.30,92.89MB,34068.5,0.28,25.89GB / 26.11GB,69.63kB / 8.212MB
2026-03-31 03:15:55,603,14.29,92.89MB,34068.5,0.28,25.89GB / 26.11GB,69.63kB / 8.212MB
2026-03-31 03:16:07,603,14.29,92.89MB,34068.5,0.28,25.89GB / 26.11GB,69.63kB / 8.212MB
2026-03-31 03:16:19,603,14.28,93.16MB,34068.5,0.28,25.89GB / 26.11GB,69.63kB / 8.212MB
2026-03-31 03:16:30,604,14.28,92.89MB,34068.5,0.28,25.89GB / 26.11GB,69.63kB / 8.212MB
2026-03-31 03:16:42,604,14.27,93.16MB,34068.5,0.28,25.89GB / 26.11GB,69.63kB / 8.212MB
2026-03-31 03:16:54,604,14.27,92.89MB,34068.5,0.28,25.89GB / 26.11GB,69.63kB / 8.212MB
2026-03-31 03:17:06,604,14.27,92.89MB,34068.5,0.28,25.89GB / 26.11GB,69.63kB / 8.212MB
2026-03-31 03:17:17,604,14.26,92.89MB,34068.5,0.28,25.89GB / 26.11GB,69.63kB / 8.212MB
2026-03-31 03:17:29,605,14.26,92.89MB,34068.5,0.28,25.89GB / 26.11GB,69.63kB / 8.212MB
2026-03-31 03:17:41,605,14.25,93.16MB,34068.5,0.28,25.89GB / 26.11GB,69.63kB / 8.212MB
2026-03-31 03:17:53,605,14.25,92.89MB,34068.5,0.28,25.89GB / 26.11GB,69.63kB / 8.212MB
2026-03-31 03:18:04,605,14.24,92.9MB,34068.5,0.28,25.89GB / 26.11GB,69.63kB / 8.212MB
2026-03-31 03:18:16,605,14.24,92.89MB,34068.5,0.28,25.89GB / 26.11GB,69.63kB / 8.212MB
2026-03-31 03:18:28,606,14.24,92.89MB,34068.5,0.28,25.89GB / 26.11GB,69.63kB / 8.212MB
2026-03-31 03:18:40,606,14.23,92.89MB,34068.5,0.28,25.89GB / 26.11GB,69.63kB / 8.212MB
2026-03-31 03:18:52,606,14.23,92.9MB,34068.5,0.28,25.89GB / 26.11GB,69.63kB / 8.212MB
2026-03-31 03:19:03,606,14.22,92.89MB,34068.5,0.28,25.89GB / 26.11GB,69.63kB / 8.212MB
2026-03-31 03:19:15,606,14.22,92.89MB,34068.5,0.28,25.89GB / 26.11GB,69.63kB / 8.212MB
2026-03-31 03:19:27,607,14.21,92.89MB,34068.5,0.28,25.89GB / 26.11GB,69.63kB / 8.212MB
2026-03-31 03:19:39,607,14.21,93.15MB,34068.5,0.28,25.89GB / 26.11GB,69.63kB / 8.212MB
2026-03-31 03:19:51,607,14.20,92.89MB,34068.5,0.28,25.89GB / 26.11GB,69.63kB / 8.212MB
2026-03-31 03:20:02,607,14.20,92.89MB,34068.5,0.28,25.89GB / 26.11GB,69.63kB / 8.212MB
2026-03-31 03:20:14,607,14.20,92.89MB,34068.5,0.28,25.89GB / 26.11GB,69.63kB / 8.212MB
2026-03-31 03:20:26,608,14.19,92.89MB,34068.5,0.28,25.89GB / 26.11GB,69.63kB / 8.212MB
2026-03-31 03:20:38,608,14.19,92.89MB,34068.5,0.28,25.89GB / 26.11GB,69.63kB / 8.212MB
2026-03-31 03:20:49,608,14.18,93.15MB,34068.5,0.28,25.89GB / 26.11GB,69.63kB / 8.212MB
2026-03-31 03:21:01,608,14.18,92.89MB,34068.5,0.28,25.89GB / 26.11GB,69.63kB / 8.212MB
2026-03-31 03:21:13,608,14.17,93.16MB,34068.5,0.28,25.89GB / 26.11GB,69.63kB / 8.212MB
2026-03-31 03:21:24,608,14.17,92.89MB,34068.5,0.28,25.89GB / 26.11GB,69.63kB / 8.212MB
2026-03-31 03:21:36,609,14.17,92.89MB,34068.5,0.28,25.89GB / 26.11GB,69.63kB / 8.212MB
2026-03-31 03:21:48,609,14.16,92.9MB,34068.5,0.28,25.89GB / 26.11GB,69.63kB / 8.212MB
2026-03-31 03:22:00,609,14.16,92.89MB,34068.5,0.28,25.89GB / 26.11GB,69.63kB / 8.212MB
2026-03-31 03:22:11,609,14.15,92.89MB,34068.5,0.28,25.89GB / 26.11GB,69.63kB / 8.212MB
2026-03-31 03:22:23,609,14.15,92.89MB,34068.5,0.28,25.89GB / 26.11GB,69.63kB / 8.212MB
2026-03-31 03:22:35,610,14.14,93.15MB,34068.5,0.28,25.89GB / 26.11GB,69.63kB / 8.212MB
2026-03-31 03:22:47,610,14.14,92.89MB,34068.5,0.28,25.89GB / 26.11GB,69.63kB / 8.212MB
2026-03-31 03:22:58,610,14.14,92.89MB,34068.5,0.28,25.89GB / 26.11GB,69.63kB / 8.212MB
2026-03-31 03:23:10,610,14.13,92.89MB,34068.5,0.28,25.89GB / 26.11GB,69.63kB / 8.212MB
2026-03-31 03:23:22,610,14.13,92.89MB,34068.5,0.28,25.89GB / 26.11GB,69.63kB / 8.212MB
2026-03-31 03:23:34,611,14.12,92.89MB,34068.5,0.28,25.89GB / 26.11GB,69.63kB / 8.212MB
2026-03-31 03:23:45,611,14.12,92.89MB,34068.5,0.28,25.89GB / 26.11GB,69.63kB / 8.212MB
2026-03-31 03:23:57,611,14.11,92.89MB,34068.5,0.28,25.89GB / 26.11GB,69.63kB / 8.212MB
2026-03-31 03:24:09,611,14.11,92.89MB,34068.5,0.28,25.89GB / 26.11GB,69.63kB / 8.212MB
2026-03-31 03:24:21,611,14.11,92.89MB,34068.5,0.28,25.89GB / 26.11GB,69.63kB / 8.212MB
2026-03-31 03:24:32,612,14.10,92.9MB,34068.5,0.28,25.89GB / 26.11GB,69.63kB / 8.212MB
2026-03-31 03:24:44,612,14.10,92.89MB,34068.5,0.28,25.89GB / 26.11GB,69.63kB / 8.212MB
2026-03-31 03:24:56,612,14.09,92.89MB,34068.5,0.28,25.89GB / 26.11GB,69.63kB / 8.212MB
2026-03-31 03:25:08,612,14.09,92.89MB,34068.5,0.28,25.89GB / 26.11GB,69.63kB / 8.212MB
2026-03-31 03:25:19,612,14.09,93.16MB,34068.5,0.28,25.89GB / 26.11GB,69.63kB / 8.212MB
2026-03-31 03:25:31,613,14.08,92.89MB,34068.5,0.28,25.89GB / 26.11GB,69.63kB / 8.212MB
2026-03-31 03:25:43,613,14.08,92.89MB,34068.5,0.28,25.89GB / 26.11GB,69.63kB / 8.212MB
2026-03-31 03:25:55,613,14.07,92.89MB,34068.5,0.28,25.89GB / 26.11GB,69.63kB / 8.212MB
2026-03-31 03:26:06,613,14.07,92.89MB,34068.5,0.28,25.89GB / 26.11GB,69.63kB / 8.212MB
2026-03-31 03:26:18,613,14.06,92.89MB,34068.5,0.28,25.89GB / 26.11GB,69.63kB / 8.212MB
2026-03-31 03:26:30,614,14.06,92.89MB,34068.5,0.28,25.89GB / 26.11GB,69.63kB / 8.212MB
2026-03-31 03:26:41,614,14.06,92.89MB,34068.5,0.28,25.89GB / 26.11GB,69.63kB / 8.212MB
2026-03-31 03:26:53,614,14.05,92.89MB,34068.5,0.28,25.89GB / 26.11GB,69.63kB / 8.212MB
2026-03-31 03:27:05,614,14.05,92.9MB,34068.5,0.28,25.89GB / 26.11GB,69.63kB / 8.212MB
2026-03-31 03:27:17,614,14.04,92.89MB,34068.5,0.28,25.89GB / 26.11GB,69.63kB / 8.212MB
2026-03-31 03:27:28,615,14.04,92.89MB,34068.5,0.28,25.89GB / 26.11GB,69.63kB / 8.212MB
2026-03-31 03:27:40,615,14.03,92.89MB,34068.5,0.28,25.89GB / 26.11GB,69.63kB / 8.212MB
2026-03-31 03:27:52,615,14.03,92.89MB,34068.5,0.28,25.89GB / 26.11GB,69.63kB / 8.212MB
2026-03-31 03:28:04,615,14.03,93.15MB,34068.5,0.28,25.89GB / 26.11GB,69.63kB / 8.212MB
2026-03-31 03:28:16,615,14.02,92.89MB,34068.5,0.28,25.89GB / 26.11GB,69.63kB / 8.212MB
2026-03-31 03:28:27,616,14.02,92.89MB,34068.5,0.28,25.89GB / 26.11GB,69.63kB / 8.212MB
2026-03-31 03:28:39,616,14.01,92.89MB,34068.5,0.28,25.89GB / 26.11GB,69.63kB / 8.212MB
2026-03-31 03:28:51,616,14.01,92.89MB,34068.5,0.28,25.89GB / 26.11GB,69.63kB / 8.212MB
2026-03-31 03:29:03,616,14.01,92.89MB,34068.5,0.28,25.89GB / 26.11GB,69.63kB / 8.212MB
2026-03-31 03:29:14,616,14.00,92.89MB,34068.5,0.28,25.89GB / 26.11GB,69.63kB / 8.212MB
2026-03-31 03:29:26,617,14.00,92.9MB,34068.5,0.28,25.89GB / 26.11GB,69.63kB / 8.212MB
2026-03-31 03:29:38,617,13.99,92.89MB,34068.5,0.28,25.89GB / 26.11GB,69.63kB / 8.212MB
2026-03-31 03:29:49,617,13.99,92.9MB,34068.5,0.28,25.89GB / 26.11GB,69.63kB / 8.212MB
2026-03-31 03:30:01,617,13.98,92.89MB,34068.5,0.28,25.89GB / 26.11GB,69.63kB / 8.212MB
2026-03-31 03:30:13,617,13.98,92.89MB,34068.5,0.28,25.89GB / 26.11GB,69.63kB / 8.212MB
2026-03-31 03:30:25,618,13.98,92.89MB,34068.5,0.28,25.89GB / 26.11GB,69.63kB / 8.212MB
2026-03-31 03:30:36,618,13.97,92.89MB,34068.5,0.28,25.89GB / 26.11GB,69.63kB / 8.212MB
2026-03-31 03:30:48,618,13.97,93.16MB,34068.5,0.28,25.89GB / 26.11GB,69.63kB / 8.212MB
2026-03-31 03:31:00,618,13.96,92.89MB,34068.5,0.28,25.89GB / 26.11GB,69.63kB / 8.212MB
2026-03-31 03:31:12,618,13.96,93.15MB,34068.5,0.28,25.89GB / 26.11GB,69.63kB / 8.212MB
2026-03-31 03:31:23,618,13.96,92.89MB,34068.5,0.28,25.89GB / 26.11GB,69.63kB / 8.212MB
2026-03-31 03:31:35,619,13.95,92.89MB,34068.5,0.28,25.89GB / 26.11GB,69.63kB / 8.212MB
2026-03-31 03:31:47,619,13.95,92.9MB,34068.5,0.28,25.89GB / 26.11GB,69.63kB / 8.212MB
2026-03-31 03:31:58,619,13.94,92.89MB,34068.5,0.28,25.89GB / 26.11GB,69.63kB / 8.212MB
2026-03-31 03:32:10,619,13.94,92.89MB,34068.5,0.28,25.89GB / 26.11GB,69.63kB / 8.212MB
2026-03-31 03:32:22,619,13.93,92.89MB,34068.5,0.28,25.89GB / 26.11GB,69.63kB / 8.212MB
2026-03-31 03:32:34,620,13.93,93.15MB,34068.5,0.28,25.89GB / 26.11GB,69.63kB / 8.212MB
2026-03-31 03:32:45,620,13.93,92.89MB,34068.5,0.28,25.89GB / 26.11GB,69.63kB / 8.212MB
2026-03-31 03:32:57,620,13.92,92.89MB,34068.5,0.28,25.89GB / 26.11GB,69.63kB / 8.212MB
2026-03-31 03:33:09,620,13.92,92.89MB,34068.5,0.28,25.89GB / 26.11GB,69.63kB / 8.212MB
2026-03-31 03:33:21,620,13.91,92.89MB,34068.5,0.28,25.89GB / 26.11GB,69.63kB / 8.212MB
2026-03-31 03:33:32,621,13.91,92.89MB,34068.5,0.28,25.89GB / 26.11GB,69.63kB / 8.212MB
2026-03-31 03:33:44,621,13.91,92.89MB,34068.5,0.28,25.89GB / 26.11GB,69.63kB / 8.212MB
2026-03-31 03:33:56,621,13.90,93.16MB,34068.5,0.28,25.89GB / 26.11GB,69.63kB / 8.212MB
2026-03-31 03:34:08,621,13.90,92.89MB,34068.5,0.28,25.89GB / 26.11GB,69.63kB / 8.212MB
2026-03-31 03:34:19,621,13.89,92.89MB,34068.5,0.28,25.89GB / 26.11GB,69.63kB / 8.212MB
2026-03-31 03:34:31,622,13.89,92.89MB,34068.5,0.28,25.89GB / 26.11GB,69.63kB / 8.212MB
2026-03-31 03:34:43,622,13.89,92.89MB,34068.5,0.28,25.89GB / 26.11GB,69.63kB / 8.212MB
2026-03-31 03:34:54,622,13.88,93.15MB,34068.5,0.28,25.89GB / 26.11GB,69.63kB / 8.212MB
2026-03-31 03:35:06,622,13.88,92.89MB,34068.5,0.28,25.89GB / 26.11GB,69.63kB / 8.212MB
2026-03-31 03:35:18,622,13.87,93.15MB,34068.5,0.28,25.89GB / 26.11GB,69.63kB / 8.212MB
2026-03-31 03:35:30,623,13.87,92.89MB,34068.5,0.28,25.89GB / 26.11GB,69.63kB / 8.212MB
2026-03-31 03:35:41,623,13.86,92.89MB,34068.5,0.28,25.89GB / 26.11GB,69.63kB / 8.212MB
2026-03-31 03:35:53,623,13.86,93.15MB,34068.5,0.28,25.89GB / 26.11GB,69.63kB / 8.212MB
2026-03-31 03:36:05,623,13.86,92.89MB,34068.5,0.28,25.89GB / 26.11GB,69.63kB / 8.212MB
2026-03-31 03:36:17,623,13.85,92.89MB,34068.5,0.28,25.89GB / 26.11GB,69.63kB / 8.212MB
2026-03-31 03:36:28,624,13.85,93.15MB,34068.5,0.28,25.89GB / 26.11GB,69.63kB / 8.212MB
2026-03-31 03:36:40,624,13.84,92.89MB,34068.5,0.28,25.89GB / 26.11GB,69.63kB / 8.212MB
2026-03-31 03:36:52,624,13.84,92.9MB,34068.5,0.28,25.89GB / 26.11GB,69.63kB / 8.212MB
2026-03-31 03:37:03,624,13.84,92.89MB,34068.5,0.28,25.89GB / 26.11GB,69.63kB / 8.212MB
2026-03-31 03:37:15,624,13.83,93.16MB,34068.5,0.28,25.89GB / 26.11GB,69.63kB / 8.212MB
2026-03-31 03:37:27,625,13.83,92.89MB,34068.5,0.28,25.89GB / 26.11GB,69.63kB / 8.212MB
2026-03-31 03:37:39,625,13.82,93.15MB,34068.5,0.28,25.89GB / 26.11GB,69.63kB / 8.212MB
2026-03-31 03:37:50,625,13.82,92.89MB,34068.5,0.28,25.89GB / 26.11GB,69.63kB / 8.212MB
2026-03-31 03:38:02,625,13.82,92.89MB,34068.5,0.28,25.89GB / 26.11GB,69.63kB / 8.212MB
2026-03-31 03:38:14,625,13.81,92.89MB,34068.5,0.28,25.89GB / 26.11GB,69.63kB / 8.212MB
2026-03-31 03:38:26,626,13.81,92.89MB,34068.5,0.28,25.89GB / 26.11GB,69.63kB / 8.212MB
2026-03-31 03:38:37,626,13.80,93.15MB,34068.5,0.28,25.89GB / 26.11GB,69.63kB / 8.212MB
2026-03-31 03:38:49,626,13.80,92.89MB,34068.5,0.28,25.89GB / 26.11GB,69.63kB / 8.212MB
2026-03-31 03:39:01,626,13.80,92.89MB,34068.5,0.28,25.89GB / 26.11GB,69.63kB / 8.212MB
2026-03-31 03:39:13,626,13.79,92.89MB,34068.5,0.28,25.89GB / 26.11GB,69.63kB / 8.212MB
2026-03-31 03:39:24,626,13.79,92.89MB,34068.5,0.28,25.89GB / 26.11GB,69.63kB / 8.212MB
2026-03-31 03:39:36,627,13.78,92.89MB,34068.5,0.28,25.89GB / 26.11GB,69.63kB / 8.212MB
2026-03-31 03:39:48,627,13.78,92.9MB,34068.5,0.28,25.89GB / 26.11GB,69.63kB / 8.212MB
2026-03-31 03:40:00,627,13.78,92.89MB,34068.5,0.28,25.89GB / 26.11GB,69.63kB / 8.212MB
2026-03-31 03:40:11,627,13.77,92.89MB,34068.5,0.28,25.89GB / 26.11GB,69.63kB / 8.212MB
2026-03-31 03:40:23,627,13.77,93.16MB,34068.5,0.28,25.89GB / 26.11GB,69.63kB / 8.212MB
2026-03-31 03:40:35,628,13.76,92.89MB,34068.5,0.28,25.89GB / 26.11GB,69.63kB / 8.212MB
2026-03-31 03:40:47,628,13.76,92.9MB,34068.5,0.28,25.89GB / 26.11GB,69.63kB / 8.212MB
2026-03-31 03:40:58,628,13.76,92.89MB,34068.5,0.28,25.89GB / 26.11GB,69.63kB / 8.212MB
2026-03-31 03:41:10,628,13.75,93.16MB,34068.5,0.28,25.89GB / 26.11GB,69.63kB / 8.212MB
2026-03-31 03:41:22,628,13.75,92.89MB,34068.5,0.28,25.89GB / 26.11GB,69.63kB / 8.212MB
2026-03-31 03:41:34,629,13.74,92.89MB,34068.5,0.28,25.89GB / 26.11GB,69.63kB / 8.212MB
2026-03-31 03:41:45,629,13.74,92.89MB,34068.5,0.28,25.89GB / 26.11GB,69.63kB / 8.212MB
2026-03-31 03:41:57,629,13.74,92.89MB,34068.5,0.28,25.89GB / 26.11GB,69.63kB / 8.212MB
2026-03-31 03:42:09,629,13.73,92.9MB,34068.5,0.28,25.89GB / 26.11GB,69.63kB / 8.212MB
2026-03-31 03:42:21,629,13.73,92.89MB,34068.5,0.28,25.89GB / 26.11GB,69.63kB / 8.212MB
2026-03-31 03:42:32,630,13.72,92.89MB,34068.5,0.28,25.89GB / 26.11GB,69.63kB / 8.212MB
2026-03-31 03:42:44,630,13.72,93.15MB,34068.5,0.28,25.89GB / 26.11GB,69.63kB / 8.212MB
2026-03-31 03:42:56,630,13.72,92.89MB,34068.5,0.28,25.89GB / 26.11GB,69.63kB / 8.212MB
2026-03-31 03:43:07,630,13.71,92.89MB,34068.5,0.28,25.89GB / 26.11GB,69.63kB / 8.212MB
2026-03-31 03:43:19,630,13.71,92.89MB,34068.5,0.28,25.89GB / 26.11GB,69.63kB / 8.212MB
2026-03-31 03:43:31,631,13.70,92.89MB,34068.5,0.28,25.89GB / 26.11GB,69.63kB / 8.212MB
2026-03-31 03:43:42,631,13.70,93.16MB,34068.5,0.28,25.89GB / 26.11GB,69.63kB / 8.212MB
2026-03-31 03:43:54,631,13.70,92.89MB,34068.5,0.28,25.89GB / 26.11GB,69.63kB / 8.212MB
2026-03-31 03:44:06,631,13.69,92.9MB,34068.5,0.28,25.89GB / 26.11GB,69.63kB / 8.212MB
2026-03-31 03:44:18,631,13.69,92.89MB,34068.5,0.28,25.89GB / 26.11GB,69.63kB / 8.212MB
2026-03-31 03:44:30,632,13.68,92.89MB,34068.5,0.28,25.89GB / 26.11GB,69.63kB / 8.212MB
2026-03-31 03:44:42,632,13.68,92.89MB,34068.5,0.28,25.89GB / 26.11GB,69.63kB / 8.212MB
2026-03-31 03:44:53,632,13.68,92.89MB,34068.5,0.28,25.89GB / 26.11GB,69.63kB / 8.212MB
2026-03-31 03:45:05,632,13.67,92.89MB,34068.5,0.28,25.89GB / 26.11GB,69.63kB / 8.212MB
2026-03-31 03:45:17,632,13.67,92.89MB,34068.5,0.28,25.89GB / 26.11GB,69.63kB / 8.212MB
2026-03-31 03:45:28,633,13.66,92.89MB,34068.5,0.28,25.89GB / 26.11GB,69.63kB / 8.212MB
2026-03-31 03:45:40,633,13.66,93.16MB,34068.5,0.28,25.89GB / 26.11GB,69.63kB / 8.212MB
2026-03-31 03:45:52,633,13.66,92.89MB,34068.5,0.28,25.89GB / 26.11GB,69.63kB / 8.212MB
2026-03-31 03:46:04,633,13.65,92.9MB,34068.5,0.28,25.89GB / 26.11GB,69.63kB / 8.212MB
2026-03-31 03:46:16,633,13.65,92.89MB,34068.5,0.28,25.89GB / 26.11GB,69.63kB / 8.212MB
2026-03-31 03:46:27,634,13.64,92.9MB,34068.5,0.28,25.89GB / 26.11GB,69.63kB / 8.212MB
2026-03-31 03:46:39,634,13.64,92.89MB,34068.5,0.28,25.89GB / 26.11GB,69.63kB / 8.212MB
2026-03-31 03:46:51,634,13.64,92.89MB,34068.5,0.28,25.89GB / 26.11GB,69.63kB / 8.212MB
2026-03-31 03:47:02,634,13.63,92.89MB,34068.5,0.28,25.89GB / 26.11GB,69.63kB / 8.212MB
2026-03-31 03:47:14,634,13.63,92.89MB,34068.5,0.28,25.89GB / 26.11GB,69.63kB / 8.212MB
2026-03-31 03:47:26,635,13.62,92.89MB,34068.5,0.28,25.89GB / 26.11GB,69.63kB / 8.212MB
2026-03-31 03:47:37,635,13.62,92.89MB,34068.5,0.28,25.89GB / 26.11GB,69.63kB / 8.212MB
2026-03-31 03:47:49,635,13.62,92.89MB,34068.5,0.28,25.89GB / 26.11GB,69.63kB / 8.212MB
2026-03-31 03:48:01,635,13.61,93.16MB,34068.5,0.28,25.89GB / 26.11GB,69.63kB / 8.212MB
2026-03-31 03:48:13,635,13.61,92.89MB,34068.5,0.28,25.89GB / 26.11GB,69.63kB / 8.212MB
2026-03-31 03:48:24,635,13.60,92.89MB,34068.5,0.28,25.89GB / 26.11GB,69.63kB / 8.212MB
2026-03-31 03:48:36,636,13.60,92.89MB,34068.5,0.28,25.89GB / 26.11GB,69.63kB / 8.212MB
2026-03-31 03:48:48,636,13.60,92.89MB,34068.5,0.28,25.89GB / 26.11GB,69.63kB / 8.212MB
2026-03-31 03:49:00,636,13.59,92.89MB,34068.5,0.28,25.89GB / 26.11GB,69.63kB / 8.212MB
2026-03-31 03:49:11,636,13.59,92.89MB,34068.5,0.28,25.89GB / 26.11GB,69.63kB / 8.212MB
2026-03-31 03:49:23,636,13.58,92.9MB,34068.5,0.28,25.89GB / 26.11GB,69.63kB / 8.212MB
2026-03-31 03:49:35,637,13.58,92.89MB,34068.5,0.28,25.89GB / 26.11GB,69.63kB / 8.212MB
2026-03-31 03:49:47,637,13.58,92.95MB,34068.5,0.28,25.89GB / 26.11GB,69.63kB / 8.212MB
2026-03-31 03:49:58,637,13.57,92.9MB,34068.5,0.28,25.89GB / 26.11GB,69.63kB / 8.212MB
2026-03-31 03:50:10,637,13.57,93.16MB,34068.5,0.28,25.89GB / 26.11GB,69.63kB / 8.212MB
2026-03-31 03:50:22,637,13.57,92.89MB,34068.5,0.28,25.89GB / 26.11GB,69.63kB / 8.212MB
2026-03-31 03:50:34,638,13.56,92.89MB,34068.5,0.28,25.89GB / 26.11GB,69.63kB / 8.212MB
2026-03-31 03:50:46,638,13.56,92.89MB,34068.5,0.28,25.89GB / 26.11GB,69.63kB / 8.212MB
2026-03-31 03:50:57,638,13.55,93.16MB,34068.5,0.28,25.89GB / 26.11GB,69.63kB / 8.212MB
2026-03-31 03:51:09,638,13.55,93.15MB,34068.5,0.28,25.89GB / 26.11GB,69.63kB / 8.212MB
2026-03-31 03:51:21,638,13.55,92.89MB,34068.5,0.28,25.89GB / 26.11GB,69.63kB / 8.212MB
2026-03-31 03:51:32,639,13.54,92.89MB,34068.5,0.28,25.89GB / 26.11GB,69.63kB / 8.212MB
2026-03-31 03:51:44,639,13.54,92.89MB,34068.5,0.28,25.89GB / 26.11GB,69.63kB / 8.212MB
2026-03-31 03:51:56,639,13.53,92.89MB,34068.5,0.28,25.89GB / 26.11GB,69.63kB / 8.212MB
2026-03-31 03:52:07,639,13.53,92.89MB,34068.5,0.28,25.89GB / 26.11GB,69.63kB / 8.212MB
2026-03-31 03:52:19,639,13.53,92.89MB,34068.5,0.28,25.89GB / 26.11GB,69.63kB / 8.212MB
2026-03-31 03:52:31,640,13.52,92.89MB,34068.5,0.28,25.89GB / 26.11GB,69.63kB / 8.212MB
2026-03-31 03:52:43,640,13.52,92.89MB,34068.5,0.28,25.89GB / 26.11GB,69.63kB / 8.212MB
2026-03-31 03:52:55,640,13.51,93.16MB,34068.5,0.28,25.89GB / 26.11GB,69.63kB / 8.212MB
2026-03-31 03:53:06,640,13.51,93.15MB,34068.5,0.28,25.89GB / 26.11GB,69.63kB / 8.212MB
2026-03-31 03:53:18,640,13.51,93.16MB,34068.5,0.28,25.89GB / 26.11GB,69.63kB / 8.212MB
2026-03-31 03:53:30,641,13.50,93.15MB,34068.5,0.28,25.89GB / 26.11GB,69.63kB / 8.212MB
2026-03-31 03:53:41,641,13.50,92.89MB,34068.5,0.28,25.89GB / 26.11GB,69.63kB / 8.212MB
2026-03-31 03:53:53,641,13.50,92.9MB,34068.5,0.28,25.89GB / 26.11GB,69.63kB / 8.212MB
2026-03-31 03:54:05,641,13.49,92.89MB,34068.5,0.28,25.89GB / 26.11GB,69.63kB / 8.212MB
2026-03-31 03:54:17,641,13.49,92.9MB,34068.5,0.28,25.89GB / 26.11GB,69.63kB / 8.212MB
2026-03-31 03:54:28,642,13.48,92.89MB,34068.5,0.28,25.89GB / 26.11GB,69.63kB / 8.212MB
2026-03-31 03:54:40,642,13.48,93.15MB,34068.5,0.28,25.89GB / 26.11GB,69.63kB / 8.212MB
2026-03-31 03:54:52,642,13.48,92.89MB,34068.5,0.28,25.89GB / 26.11GB,69.63kB / 8.212MB
2026-03-31 03:55:04,642,13.47,92.89MB,34068.5,0.28,25.89GB / 26.11GB,69.63kB / 8.212MB
2026-03-31 03:55:15,642,13.47,92.9MB,34068.5,0.28,25.89GB / 26.11GB,69.63kB / 8.212MB
2026-03-31 03:55:27,643,13.46,92.89MB,34068.5,0.28,25.89GB / 26.11GB,69.63kB / 8.212MB
2026-03-31 03:55:39,643,13.46,92.9MB,34068.5,0.28,25.89GB / 26.11GB,69.63kB / 8.212MB
2026-03-31 03:55:51,643,13.46,92.89MB,34068.5,0.28,25.89GB / 26.11GB,69.63kB / 8.212MB
2026-03-31 03:56:02,643,13.45,93.16MB,34068.5,0.28,25.89GB / 26.11GB,69.63kB / 8.212MB
2026-03-31 03:56:14,643,13.45,92.89MB,34068.5,0.28,25.89GB / 26.11GB,69.63kB / 8.212MB
2026-03-31 03:56:26,644,13.45,92.89MB,34068.5,0.28,25.89GB / 26.11GB,69.63kB / 8.212MB
2026-03-31 03:56:38,644,13.44,92.89MB,34068.5,0.28,25.89GB / 26.11GB,69.63kB / 8.212MB
2026-03-31 03:56:49,644,13.44,92.89MB,34068.5,0.28,25.89GB / 26.11GB,69.63kB / 8.212MB
2026-03-31 03:57:01,644,13.43,92.89MB,34068.5,0.28,25.89GB / 26.11GB,69.63kB / 8.212MB
2026-03-31 03:57:13,644,13.43,92.89MB,34068.5,0.28,25.89GB / 26.11GB,69.63kB / 8.212MB
2026-03-31 03:57:25,645,13.43,92.89MB,34068.5,0.28,25.89GB / 26.11GB,69.63kB / 8.212MB
2026-03-31 03:57:36,645,13.42,92.89MB,34068.5,0.28,25.89GB / 26.11GB,69.63kB / 8.212MB
2026-03-31 03:57:48,645,13.42,93.15MB,34068.5,0.28,25.89GB / 26.11GB,69.63kB / 8.212MB
2026-03-31 03:58:00,645,13.41,92.89MB,34068.5,0.28,25.89GB / 26.11GB,69.63kB / 8.212MB
2026-03-31 03:58:12,645,13.41,92.89MB,34068.5,0.28,25.89GB / 26.11GB,69.63kB / 8.212MB
2026-03-31 03:58:23,645,13.41,93.16MB,34068.5,0.28,25.89GB / 26.11GB,69.63kB / 8.212MB
2026-03-31 03:58:35,646,13.40,92.89MB,34068.5,0.28,25.89GB / 26.11GB,69.63kB / 8.212MB
2026-03-31 03:58:47,646,13.40,92.89MB,34068.5,0.28,25.89GB / 26.11GB,69.63kB / 8.212MB
2026-03-31 03:58:59,646,13.40,92.89MB,34068.5,0.28,25.89GB / 26.11GB,69.63kB / 8.212MB
2026-03-31 03:59:11,646,13.39,92.89MB,34068.5,0.28,25.89GB / 26.11GB,69.63kB / 8.212MB
2026-03-31 03:59:22,646,13.39,92.89MB,34068.5,0.28,25.89GB / 26.11GB,69.63kB / 8.212MB
2026-03-31 03:59:34,647,13.38,92.89MB,34068.5,0.28,25.89GB / 26.11GB,69.63kB / 8.212MB
2026-03-31 03:59:46,647,13.38,93.16MB,34068.5,0.28,25.89GB / 26.11GB,69.63kB / 8.212MB
2026-03-31 03:59:58,647,13.38,92.89MB,34068.5,0.28,25.89GB / 26.11GB,69.63kB / 8.212MB
2026-03-31 04:00:09,647,13.37,92.89MB,34068.5,0.28,25.89GB / 26.11GB,69.63kB / 8.212MB
2026-03-31 04:00:21,647,13.37,92.89MB,34068.5,0.28,25.89GB / 26.11GB,69.63kB / 8.212MB
2026-03-31 04:00:33,648,13.37,92.89MB,34068.5,0.28,25.89GB / 26.11GB,69.63kB / 8.212MB
2026-03-31 04:00:44,648,13.36,92.9MB,34068.5,0.28,25.89GB / 26.11GB,69.63kB / 8.212MB
2026-03-31 04:00:56,648,13.36,92.89MB,34068.5,0.28,25.89GB / 26.11GB,69.63kB / 8.212MB
2026-03-31 04:01:08,648,13.35,92.89MB,34068.5,0.28,25.89GB / 26.11GB,69.63kB / 8.212MB
2026-03-31 04:01:20,648,13.35,92.89MB,34068.5,0.28,25.89GB / 26.11GB,69.63kB / 8.212MB
2026-03-31 04:01:31,649,13.35,92.89MB,34068.5,0.28,25.89GB / 26.11GB,69.63kB / 8.212MB
2026-03-31 04:01:43,649,13.34,93.16MB,34068.5,0.28,25.89GB / 26.11GB,69.63kB / 8.212MB
2026-03-31 04:01:55,649,13.34,92.89MB,34068.5,0.28,25.89GB / 26.11GB,69.63kB / 8.212MB
2026-03-31 04:02:07,649,13.33,93.16MB,34068.5,0.28,25.89GB / 26.11GB,69.63kB / 8.212MB
2026-03-31 04:02:18,649,13.33,92.9MB,34068.5,0.28,25.89GB / 26.11GB,69.63kB / 8.212MB
2026-03-31 04:02:30,650,13.33,92.89MB,34068.5,0.28,25.89GB / 26.11GB,69.63kB / 8.212MB
2026-03-31 04:02:42,650,13.32,92.89MB,34068.5,0.28,25.89GB / 26.11GB,69.63kB / 8.212MB
2026-03-31 04:02:53,650,13.32,93.15MB,34068.5,0.28,25.89GB / 26.11GB,69.63kB / 8.212MB
2026-03-31 04:03:05,650,13.32,92.89MB,34068.5,0.28,25.89GB / 26.11GB,69.63kB / 8.212MB
2026-03-31 04:03:17,650,13.31,92.89MB,34068.5,0.28,25.89GB / 26.11GB,69.63kB / 8.212MB
2026-03-31 04:03:29,651,13.31,92.9MB,34068.5,0.28,25.89GB / 26.11GB,69.63kB / 8.212MB
2026-03-31 04:03:41,651,13.30,92.89MB,34068.5,0.28,25.89GB / 26.11GB,69.63kB / 8.212MB
2026-03-31 04:03:52,651,13.30,92.89MB,34068.5,0.28,25.89GB / 26.11GB,69.63kB / 8.212MB
2026-03-31 04:04:04,651,13.30,92.89MB,34068.5,0.28,25.89GB / 26.11GB,69.63kB / 8.212MB
2026-03-31 04:04:16,651,13.29,92.89MB,34068.5,0.28,25.89GB / 26.11GB,69.63kB / 8.212MB
2026-03-31 04:04:28,652,13.29,92.89MB,34068.5,0.28,25.89GB / 26.11GB,69.63kB / 8.212MB
2026-03-31 04:04:39,652,13.29,92.89MB,34068.5,0.28,25.89GB / 26.11GB,69.63kB / 8.212MB
2026-03-31 04:04:51,652,13.28,93.15MB,34068.5,0.28,25.89GB / 26.11GB,69.63kB / 8.212MB
2026-03-31 04:05:03,652,13.28,92.89MB,34068.5,0.28,25.89GB / 26.11GB,69.63kB / 8.212MB
2026-03-31 04:05:14,652,13.27,92.89MB,34068.5,0.28,25.89GB / 26.11GB,69.63kB / 8.212MB
2026-03-31 04:05:26,653,13.27,92.9MB,34068.5,0.28,25.89GB / 26.11GB,69.63kB / 8.212MB
2026-03-31 04:05:38,653,13.27,92.89MB,34068.5,0.28,25.89GB / 26.11GB,69.63kB / 8.212MB
2026-03-31 04:05:50,653,13.26,93.15MB,34068.5,0.28,25.89GB / 26.11GB,69.63kB / 8.212MB
2026-03-31 04:06:01,653,13.26,92.89MB,34068.5,0.28,25.89GB / 26.11GB,69.63kB / 8.212MB
2026-03-31 04:06:13,653,13.26,92.89MB,34068.5,0.28,25.89GB / 26.11GB,69.63kB / 8.212MB
2026-03-31 04:06:25,654,13.25,92.89MB,34068.5,0.28,25.89GB / 26.11GB,69.63kB / 8.212MB
2026-03-31 04:06:36,654,13.25,92.89MB,34068.5,0.28,25.89GB / 26.11GB,69.63kB / 8.212MB
2026-03-31 04:06:48,654,13.25,92.9MB,34068.5,0.28,25.89GB / 26.11GB,69.63kB / 8.212MB
2026-03-31 04:07:00,654,13.24,92.89MB,34068.5,0.28,25.89GB / 26.11GB,69.63kB / 8.212MB
2026-03-31 04:07:11,654,13.24,92.89MB,34068.5,0.28,25.89GB / 26.11GB,69.63kB / 8.212MB
2026-03-31 04:07:23,654,13.23,92.89MB,34068.5,0.28,25.89GB / 26.11GB,69.63kB / 8.212MB
2026-03-31 04:07:35,655,13.23,92.9MB,34068.5,0.28,25.89GB / 26.11GB,69.63kB / 8.212MB
2026-03-31 04:07:47,655,13.23,92.89MB,34068.5,0.28,25.89GB / 26.11GB,69.63kB / 8.212MB
2026-03-31 04:07:58,655,13.22,92.89MB,34068.5,0.28,25.89GB / 26.11GB,69.63kB / 8.212MB
2026-03-31 04:08:10,655,13.22,92.9MB,34068.5,0.28,25.89GB / 26.11GB,69.63kB / 8.212MB
2026-03-31 04:08:22,655,13.22,92.89MB,34068.5,0.28,25.89GB / 26.11GB,69.63kB / 8.212MB
2026-03-31 04:08:33,656,13.21,93.16MB,34068.5,0.28,25.89GB / 26.11GB,69.63kB / 8.212MB
2026-03-31 04:08:45,656,13.21,92.89MB,34068.5,0.28,25.89GB / 26.11GB,69.63kB / 8.212MB
2026-03-31 04:08:57,656,13.20,92.9MB,34068.5,0.28,25.89GB / 26.11GB,69.63kB / 8.212MB
2026-03-31 04:09:09,656,13.20,92.89MB,34068.5,0.28,25.89GB / 26.11GB,69.63kB / 8.212MB
2026-03-31 04:09:20,656,13.20,92.89MB,34068.5,0.28,25.89GB / 26.11GB,69.63kB / 8.212MB
2026-03-31 04:09:32,657,13.19,92.89MB,34068.5,0.28,25.89GB / 26.11GB,69.63kB / 8.212MB
2026-03-31 04:09:44,657,13.19,92.89MB,34068.5,0.28,25.89GB / 26.11GB,69.63kB / 8.212MB
2026-03-31 04:09:56,657,13.19,92.89MB,34068.5,0.28,25.89GB / 26.11GB,69.63kB / 8.212MB
2026-03-31 04:10:07,657,13.18,92.89MB,34068.5,0.28,25.89GB / 26.11GB,69.63kB / 8.212MB
2026-03-31 04:10:19,657,13.18,92.89MB,34068.5,0.28,25.89GB / 26.11GB,69.63kB / 8.212MB
2026-03-31 04:10:31,658,13.18,92.89MB,34068.5,0.28,25.89GB / 26.11GB,69.63kB / 8.212MB
2026-03-31 04:10:42,658,13.17,92.9MB,34068.5,0.28,25.89GB / 26.11GB,69.63kB / 8.212MB
2026-03-31 04:10:54,658,13.17,93.16MB,34068.5,0.28,25.89GB / 26.11GB,69.63kB / 8.212MB
2026-03-31 04:11:06,658,13.16,92.89MB,34068.5,0.28,25.89GB / 26.11GB,69.63kB / 8.212MB
2026-03-31 04:11:18,658,13.16,92.89MB,34068.5,0.28,25.89GB / 26.11GB,69.63kB / 8.212MB
2026-03-31 04:11:29,659,13.16,92.89MB,34068.5,0.28,25.89GB / 26.11GB,69.63kB / 8.212MB
2026-03-31 04:11:41,659,13.15,92.89MB,34068.5,0.28,25.89GB / 26.11GB,69.63kB / 8.212MB
2026-03-31 04:11:53,659,13.15,92.89MB,34068.5,0.28,25.89GB / 26.11GB,69.63kB / 8.212MB
2026-03-31 04:12:04,659,13.15,92.89MB,34068.5,0.28,25.89GB / 26.11GB,69.63kB / 8.212MB
2026-03-31 04:12:16,659,13.14,92.89MB,34068.5,0.28,25.89GB / 26.11GB,69.63kB / 8.212MB
2026-03-31 04:12:28,660,13.14,92.89MB,34068.5,0.28,25.89GB / 26.11GB,69.63kB / 8.212MB
2026-03-31 04:12:39,660,13.14,93.16MB,34068.5,0.28,25.89GB / 26.11GB,69.63kB / 8.212MB
2026-03-31 04:12:51,660,13.13,92.89MB,34068.5,0.28,25.89GB / 26.11GB,69.63kB / 8.212MB
2026-03-31 04:13:03,660,13.13,92.89MB,34068.5,0.28,25.89GB / 26.11GB,69.63kB / 8.212MB
2026-03-31 04:13:14,660,13.12,92.89MB,34068.5,0.28,25.89GB / 26.11GB,69.63kB / 8.212MB
2026-03-31 04:13:26,661,13.12,92.89MB,34068.5,0.28,25.89GB / 26.11GB,69.63kB / 8.212MB
2026-03-31 04:13:38,661,13.12,92.89MB,34068.5,0.28,25.89GB / 26.11GB,69.63kB / 8.212MB
2026-03-31 04:13:49,661,13.11,93.15MB,34068.5,0.28,25.89GB / 26.11GB,69.63kB / 8.212MB
2026-03-31 04:14:01,661,13.11,92.89MB,34068.5,0.28,25.89GB / 26.11GB,69.63kB / 8.212MB
2026-03-31 04:14:13,661,13.11,92.89MB,34068.5,0.28,25.89GB / 26.11GB,69.63kB / 8.212MB
2026-03-31 04:14:25,662,13.10,92.89MB,34068.5,0.28,25.89GB / 26.11GB,69.63kB / 8.212MB
2026-03-31 04:14:37,662,13.10,92.89MB,34068.5,0.28,25.89GB / 26.11GB,69.63kB / 8.212MB
2026-03-31 04:14:48,662,13.10,92.9MB,34068.5,0.28,25.89GB / 26.11GB,69.63kB / 8.212MB
2026-03-31 04:15:00,662,13.09,92.89MB,34068.5,0.28,25.89GB / 26.11GB,69.63kB / 8.212MB
2026-03-31 04:15:12,662,13.09,92.89MB,34068.5,0.28,25.89GB / 26.11GB,69.63kB / 8.212MB
2026-03-31 04:15:23,662,13.08,92.89MB,34068.5,0.28,25.89GB / 26.11GB,69.63kB / 8.212MB
2026-03-31 04:15:35,663,13.08,92.89MB,34068.5,0.28,25.89GB / 26.11GB,69.63kB / 8.212MB
2026-03-31 04:15:47,663,13.08,92.89MB,34068.5,0.28,25.89GB / 26.11GB,69.63kB / 8.212MB
2026-03-31 04:15:59,663,13.07,92.89MB,34068.5,0.28,25.89GB / 26.11GB,69.63kB / 8.212MB
2026-03-31 04:16:10,663,13.07,92.89MB,34068.5,0.28,25.89GB / 26.11GB,69.63kB / 8.212MB
2026-03-31 04:16:22,663,13.07,92.9MB,34068.5,0.28,25.89GB / 26.11GB,69.63kB / 8.212MB
2026-03-31 04:16:34,664,13.06,92.9MB,34068.5,0.28,25.89GB / 26.11GB,69.63kB / 8.212MB
2026-03-31 04:16:46,664,13.06,92.89MB,34068.5,0.28,25.89GB / 26.11GB,69.63kB / 8.212MB
2026-03-31 04:16:57,664,13.06,92.89MB,34068.5,0.28,25.89GB / 26.11GB,69.63kB / 8.212MB
2026-03-31 04:17:09,664,13.05,93.16MB,34068.5,0.28,25.89GB / 26.11GB,69.63kB / 8.212MB
2026-03-31 04:17:21,664,13.05,92.9MB,34068.5,0.28,25.89GB / 26.11GB,69.63kB / 8.212MB
2026-03-31 04:17:32,665,13.05,92.89MB,34068.5,0.28,25.89GB / 26.11GB,69.63kB / 8.212MB
2026-03-31 04:17:44,665,13.04,92.9MB,34068.5,0.28,25.89GB / 26.11GB,69.63kB / 8.212MB
2026-03-31 04:17:56,665,13.04,93.15MB,34068.5,0.28,25.89GB / 26.11GB,69.63kB / 8.212MB
2026-03-31 04:18:07,665,13.03,92.89MB,34068.5,0.28,25.89GB / 26.11GB,69.63kB / 8.212MB
2026-03-31 04:18:19,665,13.03,92.89MB,34068.5,0.28,25.89GB / 26.11GB,69.63kB / 8.212MB
2026-03-31 04:18:31,666,13.03,93.15MB,34068.5,0.28,25.89GB / 26.11GB,69.63kB / 8.212MB
2026-03-31 04:18:43,666,13.02,92.89MB,34068.5,0.28,25.89GB / 26.11GB,69.63kB / 8.212MB
2026-03-31 04:18:54,666,13.02,92.89MB,34068.5,0.28,25.89GB / 26.11GB,69.63kB / 8.212MB
2026-03-31 04:19:06,666,13.02,92.89MB,34068.5,0.28,25.89GB / 26.11GB,69.63kB / 8.212MB
2026-03-31 04:19:18,666,13.01,92.89MB,34068.5,0.28,25.89GB / 26.11GB,69.63kB / 8.212MB
2026-03-31 04:19:29,667,13.01,92.89MB,34068.5,0.28,25.89GB / 26.11GB,69.63kB / 8.212MB
2026-03-31 04:19:41,667,13.01,92.9MB,34068.5,0.28,25.89GB / 26.11GB,69.63kB / 8.212MB
2026-03-31 04:19:53,667,13.00,92.89MB,34068.5,0.28,25.89GB / 26.11GB,69.63kB / 8.212MB
2026-03-31 04:20:05,667,13.00,93.16MB,34068.5,0.28,25.89GB / 26.11GB,69.63kB / 8.212MB
2026-03-31 04:20:16,667,12.99,92.89MB,34068.5,0.28,25.89GB / 26.11GB,69.63kB / 8.212MB
2026-03-31 04:20:28,668,12.99,92.89MB,34068.5,0.28,25.89GB / 26.11GB,69.63kB / 8.212MB
2026-03-31 04:20:40,668,12.99,93.15MB,34068.5,0.28,25.89GB / 26.11GB,69.63kB / 8.212MB
2026-03-31 04:20:52,668,12.98,92.89MB,34068.5,0.28,25.89GB / 26.11GB,69.63kB / 8.212MB
2026-03-31 04:21:03,668,12.98,92.89MB,34068.5,0.28,25.89GB / 26.11GB,69.63kB / 8.212MB
2026-03-31 04:21:15,668,12.98,92.89MB,34068.5,0.28,25.89GB / 26.11GB,69.63kB / 8.212MB
2026-03-31 04:21:27,669,12.97,92.89MB,34068.5,0.28,25.89GB / 26.11GB,69.63kB / 8.212MB
2026-03-31 04:21:39,669,12.97,92.89MB,34068.5,0.28,25.89GB / 26.11GB,69.63kB / 8.212MB
2026-03-31 04:21:50,669,12.97,92.89MB,34068.5,0.28,25.89GB / 26.11GB,69.63kB / 8.212MB
2026-03-31 04:22:02,669,12.96,92.89MB,34068.5,0.28,25.89GB / 26.11GB,69.63kB / 8.212MB
2026-03-31 04:22:14,669,12.96,92.89MB,34068.5,0.28,25.89GB / 26.11GB,69.63kB / 8.212MB
2026-03-31 04:22:25,670,12.96,92.89MB,34068.5,0.28,25.89GB / 26.11GB,69.63kB / 8.212MB
2026-03-31 04:22:37,670,12.95,92.89MB,34068.5,0.28,25.89GB / 26.11GB,69.63kB / 8.212MB
2026-03-31 04:22:49,670,12.95,92.89MB,34068.5,0.28,25.89GB / 26.11GB,69.63kB / 8.212MB
2026-03-31 04:23:01,670,12.95,92.89MB,34068.5,0.28,25.89GB / 26.11GB,69.63kB / 8.212MB
2026-03-31 04:23:12,670,12.94,92.89MB,34068.5,0.28,25.89GB / 26.11GB,69.63kB / 8.212MB
2026-03-31 04:23:24,670,12.94,92.89MB,34068.5,0.28,25.89GB / 26.11GB,69.63kB / 8.212MB
2026-03-31 04:23:36,671,12.93,93.16MB,34068.5,0.28,25.89GB / 26.11GB,69.63kB / 8.212MB
2026-03-31 04:23:47,671,12.93,92.89MB,34068.5,0.28,25.89GB / 26.11GB,69.63kB / 8.212MB
2026-03-31 04:23:59,671,12.93,93.15MB,34068.5,0.28,25.89GB / 26.11GB,69.63kB / 8.212MB
2026-03-31 04:24:11,671,12.92,92.89MB,34068.5,0.28,25.89GB / 26.11GB,69.63kB / 8.212MB
2026-03-31 04:24:23,671,12.92,92.9MB,34068.5,0.28,25.89GB / 26.11GB,69.63kB / 8.212MB
2026-03-31 04:24:34,672,12.92,92.89MB,34068.5,0.28,25.89GB / 26.11GB,69.63kB / 8.212MB
2026-03-31 04:24:46,672,12.91,92.9MB,34068.5,0.28,25.89GB / 26.11GB,69.63kB / 8.212MB
2026-03-31 04:24:58,672,12.91,92.89MB,34068.5,0.28,25.89GB / 26.11GB,69.63kB / 8.212MB
2026-03-31 04:25:10,672,12.91,92.89MB,34068.5,0.28,25.89GB / 26.11GB,69.63kB / 8.212MB
2026-03-31 04:25:22,672,12.90,92.89MB,34068.5,0.28,25.89GB / 26.11GB,69.63kB / 8.212MB
2026-03-31 04:25:33,673,12.90,92.89MB,34068.5,0.28,25.89GB / 26.11GB,69.63kB / 8.212MB
2026-03-31 04:25:45,673,12.90,92.89MB,34068.5,0.28,25.89GB / 26.11GB,69.63kB / 8.212MB
2026-03-31 04:25:57,673,12.89,92.89MB,34068.5,0.28,25.89GB / 26.11GB,69.63kB / 8.212MB
2026-03-31 04:26:09,673,12.89,93.15MB,34068.5,0.28,25.89GB / 26.11GB,69.63kB / 8.212MB
2026-03-31 04:26:20,673,12.89,92.89MB,34068.5,0.28,25.89GB / 26.11GB,69.63kB / 8.212MB
2026-03-31 04:26:32,674,12.88,92.89MB,34068.5,0.28,25.89GB / 26.11GB,69.63kB / 8.212MB
2026-03-31 04:26:44,674,12.88,92.89MB,34068.5,0.28,25.89GB / 26.11GB,69.63kB / 8.212MB
2026-03-31 04:26:56,674,12.88,92.89MB,34068.5,0.28,25.89GB / 26.11GB,69.63kB / 8.212MB
2026-03-31 04:27:07,674,12.87,92.89MB,34068.5,0.28,25.89GB / 26.11GB,69.63kB / 8.212MB
2026-03-31 04:27:19,674,12.87,92.89MB,34068.5,0.28,25.89GB / 26.11GB,69.63kB / 8.212MB
2026-03-31 04:27:31,675,12.86,92.89MB,34068.5,0.28,25.89GB / 26.11GB,69.63kB / 8.212MB
2026-03-31 04:27:43,675,12.86,92.9MB,34068.5,0.28,25.89GB / 26.11GB,69.63kB / 8.212MB
2026-03-31 04:27:54,675,12.86,92.89MB,34068.5,0.28,25.89GB / 26.11GB,69.63kB / 8.212MB
2026-03-31 04:28:06,675,12.85,92.89MB,34068.5,0.28,25.89GB / 26.11GB,69.63kB / 8.212MB
2026-03-31 04:28:18,675,12.85,92.89MB,34068.5,0.28,25.89GB / 26.11GB,69.63kB / 8.212MB
2026-03-31 04:28:30,676,12.85,92.89MB,34068.5,0.28,25.89GB / 26.11GB,69.63kB / 8.212MB
2026-03-31 04:28:41,676,12.84,92.89MB,34068.5,0.28,25.89GB / 26.11GB,69.63kB / 8.212MB
2026-03-31 04:28:53,676,12.84,92.89MB,34068.5,0.28,25.89GB / 26.11GB,69.63kB / 8.212MB
2026-03-31 04:29:05,676,12.84,93.16MB,34068.5,0.28,25.89GB / 26.11GB,69.63kB / 8.212MB
2026-03-31 04:29:17,676,12.83,92.89MB,34068.5,0.28,25.89GB / 26.11GB,69.63kB / 8.212MB
2026-03-31 04:29:28,677,12.83,92.89MB,34068.5,0.28,25.89GB / 26.11GB,69.63kB / 8.212MB
2026-03-31 04:29:40,677,12.83,93.15MB,34068.5,0.28,25.89GB / 26.11GB,69.63kB / 8.212MB
2026-03-31 04:29:52,677,12.82,92.89MB,34068.5,0.28,25.89GB / 26.11GB,69.63kB / 8.212MB
2026-03-31 04:30:03,677,12.82,92.89MB,34068.5,0.28,25.89GB / 26.11GB,69.63kB / 8.212MB
2026-03-31 04:30:15,677,12.82,92.89MB,34068.5,0.28,25.89GB / 26.11GB,69.63kB / 8.212MB
2026-03-31 04:30:27,678,12.81,92.89MB,34068.5,0.28,25.89GB / 26.11GB,69.63kB / 8.212MB
2026-03-31 04:30:38,678,12.81,92.89MB,34068.5,0.28,25.89GB / 26.11GB,69.63kB / 8.212MB
2026-03-31 04:30:50,678,12.81,92.89MB,34068.5,0.28,25.89GB / 26.11GB,69.63kB / 8.212MB
2026-03-31 04:31:02,678,12.80,92.89MB,34068.5,0.28,25.89GB / 26.11GB,69.63kB / 8.212MB
2026-03-31 04:31:14,678,12.80,92.89MB,34068.5,0.28,25.89GB / 26.11GB,69.63kB / 8.212MB
2026-03-31 04:31:25,679,12.80,92.89MB,34068.5,0.28,25.89GB / 26.11GB,69.63kB / 8.212MB
2026-03-31 04:31:37,679,12.79,93.16MB,34068.5,0.28,25.89GB / 26.11GB,69.63kB / 8.212MB
2026-03-31 04:31:49,679,12.79,92.89MB,34068.5,0.28,25.89GB / 26.11GB,69.63kB / 8.212MB
2026-03-31 04:32:01,679,12.79,93.15MB,34068.5,0.28,25.89GB / 26.11GB,69.63kB / 8.212MB
2026-03-31 04:32:12,679,12.78,92.89MB,34068.5,0.28,25.89GB / 26.11GB,69.63kB / 8.212MB
2026-03-31 04:32:24,679,12.78,93.16MB,34068.5,0.28,25.89GB / 26.11GB,69.63kB / 8.212MB
2026-03-31 04:32:36,680,12.77,92.89MB,34068.5,0.28,25.89GB / 26.11GB,69.63kB / 8.212MB
2026-03-31 04:32:48,680,12.77,92.89MB,34068.5,0.28,25.89GB / 26.11GB,69.63kB / 8.212MB
2026-03-31 04:32:59,680,12.77,92.89MB,34068.5,0.28,25.89GB / 26.11GB,69.63kB / 8.212MB
2026-03-31 04:33:11,680,12.76,92.89MB,34068.5,0.28,25.89GB / 26.11GB,69.63kB / 8.212MB
2026-03-31 04:33:23,680,12.76,92.89MB,34068.5,0.28,25.89GB / 26.11GB,69.63kB / 8.212MB
2026-03-31 04:33:34,681,12.76,92.9MB,34068.5,0.28,25.89GB / 26.11GB,69.63kB / 8.212MB
2026-03-31 04:33:46,681,12.75,93.15MB,34068.5,0.28,25.89GB / 26.11GB,69.63kB / 8.212MB
2026-03-31 04:33:58,681,12.75,93.14MB,34068.5,0.28,25.89GB / 26.11GB,69.63kB / 8.212MB
2026-03-31 04:34:10,681,12.75,92.89MB,34068.5,0.28,25.89GB / 26.11GB,69.63kB / 8.212MB
2026-03-31 04:34:21,681,12.74,92.89MB,34068.5,0.28,25.89GB / 26.11GB,69.63kB / 8.212MB
2026-03-31 04:34:33,682,12.74,93.15MB,34068.5,0.28,25.89GB / 26.11GB,69.63kB / 8.212MB
2026-03-31 04:34:45,682,12.74,92.89MB,34068.5,0.28,25.89GB / 26.11GB,69.63kB / 8.212MB
2026-03-31 04:34:56,682,12.73,92.9MB,34068.5,0.28,25.89GB / 26.11GB,69.63kB / 8.212MB
2026-03-31 04:35:08,682,12.73,92.89MB,34068.5,0.28,25.89GB / 26.11GB,69.63kB / 8.212MB
2026-03-31 04:35:20,682,12.73,92.89MB,34068.5,0.28,25.89GB / 26.11GB,69.63kB / 8.212MB
2026-03-31 04:35:32,683,12.72,92.89MB,34068.5,0.28,25.89GB / 26.11GB,69.63kB / 8.212MB
2026-03-31 04:35:43,683,12.72,92.9MB,34068.5,0.28,25.89GB / 26.11GB,69.63kB / 8.212MB
2026-03-31 04:35:55,683,12.72,92.89MB,34068.5,0.28,25.89GB / 26.11GB,69.63kB / 8.212MB
2026-03-31 04:36:07,683,12.71,92.89MB,34068.5,0.28,25.89GB / 26.11GB,69.63kB / 8.212MB
2026-03-31 04:36:19,683,12.71,93.15MB,34068.5,0.28,25.89GB / 26.11GB,69.63kB / 8.212MB
2026-03-31 04:36:30,684,12.71,92.89MB,34068.5,0.28,25.89GB / 26.11GB,69.63kB / 8.212MB
2026-03-31 04:36:42,684,12.70,92.89MB,34068.5,0.28,25.89GB / 26.11GB,69.63kB / 8.212MB
2026-03-31 04:36:54,684,12.70,92.89MB,34068.5,0.28,25.89GB / 26.11GB,69.63kB / 8.212MB
2026-03-31 04:37:05,684,12.70,92.89MB,34068.5,0.28,25.89GB / 26.11GB,69.63kB / 8.212MB
2026-03-31 04:37:17,684,12.69,92.89MB,34068.5,0.28,25.89GB / 26.11GB,69.63kB / 8.212MB
2026-03-31 04:37:29,685,12.69,92.89MB,34068.5,0.28,25.89GB / 26.11GB,69.63kB / 8.212MB
2026-03-31 04:37:41,685,12.69,92.89MB,34068.5,0.28,25.89GB / 26.11GB,69.63kB / 8.212MB
2026-03-31 04:37:52,685,12.68,93.15MB,34068.5,0.28,25.89GB / 26.11GB,69.63kB / 8.212MB
2026-03-31 04:38:04,685,12.68,92.89MB,34068.5,0.28,25.89GB / 26.11GB,69.63kB / 8.212MB
2026-03-31 04:38:16,685,12.68,92.9MB,34068.5,0.28,25.89GB / 26.11GB,69.63kB / 8.212MB
2026-03-31 04:38:28,686,12.67,93.15MB,34068.5,0.28,25.89GB / 26.11GB,69.63kB / 8.212MB
2026-03-31 04:38:39,686,12.67,92.89MB,34068.5,0.28,25.89GB / 26.11GB,69.63kB / 8.212MB
2026-03-31 04:38:51,686,12.67,92.89MB,34068.5,0.28,25.89GB / 26.11GB,69.63kB / 8.212MB
2026-03-31 04:39:03,686,12.66,93.15MB,34068.5,0.28,25.89GB / 26.11GB,69.63kB / 8.212MB
2026-03-31 04:39:15,686,12.66,92.89MB,34068.5,0.28,25.89GB / 26.11GB,69.63kB / 8.212MB
2026-03-31 04:39:27,687,12.66,93.16MB,34068.5,0.28,25.89GB / 26.11GB,69.63kB / 8.212MB
2026-03-31 04:39:38,687,12.65,92.89MB,34068.5,0.28,25.89GB / 26.11GB,69.63kB / 8.212MB
2026-03-31 04:39:50,687,12.65,92.89MB,34068.5,0.28,25.89GB / 26.11GB,69.63kB / 8.212MB
2026-03-31 04:40:02,687,12.65,92.89MB,34068.5,0.28,25.89GB / 26.11GB,69.63kB / 8.212MB
2026-03-31 04:40:14,687,12.64,92.9MB,34068.5,0.28,25.89GB / 26.11GB,69.63kB / 8.212MB
2026-03-31 04:40:25,688,12.64,92.9MB,34068.5,0.28,25.89GB / 26.11GB,69.63kB / 8.212MB
2026-03-31 04:40:37,688,12.64,92.89MB,34068.5,0.28,25.89GB / 26.11GB,69.63kB / 8.212MB
2026-03-31 04:40:49,688,12.63,92.89MB,34068.5,0.28,25.89GB / 26.11GB,69.63kB / 8.212MB
2026-03-31 04:41:01,688,12.63,92.9MB,34068.5,0.28,25.89GB / 26.11GB,69.63kB / 8.212MB
2026-03-31 04:41:12,688,12.63,92.89MB,34068.5,0.28,25.89GB / 26.11GB,69.63kB / 8.212MB
2026-03-31 04:41:24,688,12.62,92.89MB,34068.5,0.28,25.89GB / 26.11GB,69.63kB / 8.212MB
2026-03-31 04:41:36,689,12.62,92.89MB,34068.5,0.28,25.89GB / 26.11GB,69.63kB / 8.212MB
2026-03-31 04:41:48,689,12.62,93.15MB,34068.5,0.28,25.89GB / 26.11GB,69.63kB / 8.212MB
2026-03-31 04:41:59,689,12.61,92.89MB,34068.5,0.28,25.89GB / 26.11GB,69.63kB / 8.212MB
2026-03-31 04:42:11,689,12.61,92.89MB,34068.5,0.28,25.89GB / 26.11GB,69.63kB / 8.212MB
2026-03-31 04:42:23,689,12.61,92.89MB,34068.5,0.28,25.89GB / 26.11GB,69.63kB / 8.212MB
2026-03-31 04:42:35,690,12.60,92.89MB,34068.5,0.28,25.89GB / 26.11GB,69.63kB / 8.212MB
2026-03-31 04:42:46,690,12.60,92.89MB,34068.5,0.28,25.89GB / 26.11GB,69.63kB / 8.212MB
2026-03-31 04:42:58,690,12.60,92.89MB,34068.5,0.28,25.89GB / 26.11GB,69.63kB / 8.212MB
2026-03-31 04:43:10,690,12.59,92.89MB,34068.5,0.28,25.89GB / 26.11GB,69.63kB / 8.212MB
2026-03-31 04:43:21,690,12.59,92.89MB,34068.5,0.28,25.89GB / 26.11GB,69.63kB / 8.212MB
2026-03-31 04:43:33,691,12.59,92.89MB,34068.5,0.28,25.89GB / 26.11GB,69.63kB / 8.212MB
2026-03-31 04:43:45,691,12.58,93.16MB,34068.5,0.28,25.89GB / 26.11GB,69.63kB / 8.212MB
2026-03-31 04:43:57,691,12.58,93.12MB,34068.5,0.28,25.89GB / 26.11GB,69.63kB / 8.212MB
2026-03-31 04:44:08,691,12.58,92.89MB,34068.5,0.28,25.89GB / 26.11GB,69.63kB / 8.212MB
2026-03-31 04:44:20,691,12.57,92.89MB,34068.5,0.28,25.89GB / 26.11GB,69.63kB / 8.212MB
2026-03-31 04:44:32,692,12.57,92.89MB,34068.5,0.28,25.89GB / 26.11GB,69.63kB / 8.212MB
2026-03-31 04:44:44,692,12.57,92.89MB,34068.5,0.28,25.89GB / 26.11GB,69.63kB / 8.212MB
2026-03-31 04:44:55,692,12.56,92.89MB,34068.5,0.28,25.89GB / 26.11GB,69.63kB / 8.212MB
2026-03-31 04:45:07,692,12.56,93.15MB,34068.5,0.28,25.89GB / 26.11GB,69.63kB / 8.212MB
2026-03-31 04:45:19,692,12.56,92.89MB,34068.5,0.28,25.89GB / 26.11GB,69.63kB / 8.212MB
2026-03-31 04:45:31,693,12.55,92.9MB,34068.5,0.28,25.89GB / 26.11GB,69.63kB / 8.212MB
2026-03-31 04:45:42,693,12.55,92.89MB,34068.5,0.28,25.89GB / 26.11GB,69.63kB / 8.212MB
2026-03-31 04:45:54,693,12.55,92.89MB,34068.5,0.28,25.89GB / 26.11GB,69.63kB / 8.212MB
2026-03-31 04:46:06,693,12.54,93.16MB,34068.5,0.28,25.89GB / 26.11GB,69.63kB / 8.212MB
2026-03-31 04:46:17,693,12.54,92.89MB,34068.5,0.28,25.89GB / 26.11GB,69.63kB / 8.212MB
2026-03-31 04:46:29,694,12.54,92.89MB,34068.5,0.28,25.89GB / 26.11GB,69.63kB / 8.212MB
2026-03-31 04:46:41,694,12.53,92.89MB,34068.5,0.28,25.89GB / 26.11GB,69.63kB / 8.212MB
2026-03-31 04:46:53,694,12.53,92.9MB,34068.5,0.28,25.89GB / 26.11GB,69.63kB / 8.212MB
2026-03-31 04:47:05,694,12.53,92.89MB,34068.5,0.28,25.89GB / 26.11GB,69.63kB / 8.212MB
2026-03-31 04:47:17,694,12.52,92.89MB,34068.5,0.28,25.89GB / 26.11GB,69.63kB / 8.212MB
2026-03-31 04:47:28,695,12.52,93.15MB,34068.5,0.28,25.89GB / 26.11GB,69.63kB / 8.212MB
2026-03-31 04:47:40,695,12.52,92.89MB,34068.5,0.28,25.89GB / 26.11GB,69.63kB / 8.212MB
2026-03-31 04:47:52,695,12.51,92.89MB,34068.5,0.28,25.89GB / 26.11GB,69.63kB / 8.212MB
2026-03-31 04:48:03,695,12.51,92.9MB,34068.5,0.28,25.89GB / 26.11GB,69.63kB / 8.212MB
2026-03-31 04:48:15,695,12.51,92.89MB,34068.5,0.28,25.89GB / 26.11GB,69.63kB / 8.212MB
2026-03-31 04:48:27,696,12.50,92.89MB,34068.5,0.28,25.89GB / 26.11GB,69.63kB / 8.212MB
2026-03-31 04:48:39,696,12.50,92.89MB,34068.5,0.28,25.89GB / 26.11GB,69.63kB / 8.212MB
2026-03-31 04:48:50,696,12.50,92.89MB,34068.5,0.28,25.89GB / 26.11GB,69.63kB / 8.212MB
2026-03-31 04:49:02,696,12.49,92.9MB,34068.5,0.28,25.89GB / 26.11GB,69.63kB / 8.212MB
2026-03-31 04:49:14,696,12.49,92.89MB,34068.5,0.28,25.89GB / 26.11GB,69.63kB / 8.212MB
2026-03-31 04:49:26,697,12.49,93.15MB,34068.5,0.28,25.89GB / 26.11GB,69.63kB / 8.212MB
2026-03-31 04:49:37,697,12.48,92.89MB,34068.5,0.28,25.89GB / 26.11GB,69.63kB / 8.212MB
2026-03-31 04:49:49,697,12.48,93.16MB,34068.5,0.28,25.89GB / 26.11GB,69.63kB / 8.212MB
2026-03-31 04:50:01,697,12.48,92.89MB,34068.5,0.28,25.89GB / 26.11GB,69.63kB / 8.212MB
2026-03-31 04:50:13,697,12.47,92.89MB,34068.5,0.28,25.89GB / 26.11GB,69.63kB / 8.212MB
2026-03-31 04:50:24,697,12.47,93.16MB,34068.5,0.28,25.89GB / 26.11GB,69.63kB / 8.212MB
2026-03-31 04:50:36,698,12.47,93.16MB,34068.5,0.28,25.89GB / 26.11GB,69.63kB / 8.212MB
2026-03-31 04:50:48,698,12.46,92.89MB,34068.5,0.28,25.89GB / 26.11GB,69.63kB / 8.212MB
2026-03-31 04:50:59,698,12.46,93.16MB,34068.5,0.28,25.89GB / 26.11GB,69.63kB / 8.212MB
2026-03-31 04:51:11,698,12.46,92.89MB,34068.5,0.28,25.89GB / 26.11GB,69.63kB / 8.212MB
2026-03-31 04:51:23,698,12.45,92.89MB,34068.5,0.28,25.89GB / 26.11GB,69.63kB / 8.212MB
2026-03-31 04:51:34,699,12.45,92.9MB,34068.5,0.28,25.89GB / 26.11GB,69.63kB / 8.212MB
2026-03-31 04:51:46,699,12.45,92.89MB,34068.5,0.28,25.89GB / 26.11GB,69.63kB / 8.212MB
2026-03-31 04:51:58,699,12.44,92.89MB,34068.5,0.28,25.89GB / 26.11GB,69.63kB / 8.212MB
2026-03-31 04:52:10,699,12.44,92.89MB,34068.5,0.28,25.89GB / 26.11GB,69.63kB / 8.212MB
2026-03-31 04:52:22,699,12.44,92.9MB,34068.5,0.28,25.89GB / 26.11GB,69.63kB / 8.212MB
2026-03-31 04:52:33,700,12.43,92.89MB,34068.5,0.28,25.89GB / 26.11GB,69.63kB / 8.212MB
2026-03-31 04:52:45,700,12.43,92.89MB,34068.5,0.28,25.89GB / 26.11GB,69.63kB / 8.212MB
2026-03-31 04:52:57,700,12.43,92.89MB,34068.5,0.28,25.89GB / 26.11GB,69.63kB / 8.212MB
2026-03-31 04:53:08,700,12.42,92.89MB,34068.5,0.28,25.89GB / 26.11GB,69.63kB / 8.212MB
2026-03-31 04:53:20,700,12.42,93.15MB,34068.5,0.28,25.89GB / 26.11GB,69.63kB / 8.212MB
2026-03-31 04:53:32,701,12.42,92.89MB,34068.5,0.28,25.89GB / 26.11GB,69.63kB / 8.212MB
2026-03-31 04:53:43,701,12.41,92.89MB,34068.5,0.28,25.89GB / 26.11GB,69.63kB / 8.212MB
2026-03-31 04:53:55,701,12.41,92.9MB,34068.5,0.28,25.89GB / 26.11GB,69.63kB / 8.212MB
2026-03-31 04:54:07,701,12.41,92.89MB,34068.5,0.28,25.89GB / 26.11GB,69.63kB / 8.212MB
2026-03-31 04:54:19,701,12.41,92.89MB,34068.5,0.28,25.89GB / 26.11GB,69.63kB / 8.212MB
2026-03-31 04:54:30,702,12.40,92.89MB,34068.5,0.28,25.89GB / 26.11GB,69.63kB / 8.212MB
2026-03-31 04:54:42,702,12.40,92.89MB,34068.5,0.28,25.89GB / 26.11GB,69.63kB / 8.212MB
2026-03-31 04:54:54,702,12.40,93.15MB,34068.5,0.28,25.89GB / 26.11GB,69.63kB / 8.212MB
2026-03-31 04:55:06,702,12.39,92.89MB,34068.5,0.28,25.89GB / 26.11GB,69.63kB / 8.212MB
2026-03-31 04:55:17,702,12.39,93.15MB,34068.5,0.28,25.89GB / 26.11GB,69.63kB / 8.212MB
2026-03-31 04:55:29,703,12.39,92.89MB,34068.5,0.28,25.89GB / 26.11GB,69.63kB / 8.212MB
2026-03-31 04:55:41,703,12.38,92.89MB,34068.5,0.28,25.89GB / 26.11GB,69.63kB / 8.212MB
2026-03-31 04:55:53,703,12.38,92.9MB,34068.5,0.28,25.89GB / 26.11GB,69.63kB / 8.212MB
2026-03-31 04:56:04,703,12.38,92.89MB,34068.5,0.28,25.89GB / 26.11GB,69.63kB / 8.212MB
2026-03-31 04:56:16,703,12.37,92.89MB,34068.5,0.28,25.89GB / 26.11GB,69.63kB / 8.212MB
2026-03-31 04:56:28,704,12.37,92.89MB,34068.5,0.28,25.89GB / 26.11GB,69.63kB / 8.212MB
2026-03-31 04:56:40,704,12.37,92.9MB,34068.5,0.28,25.89GB / 26.11GB,69.63kB / 8.212MB
2026-03-31 04:56:51,704,12.36,93.15MB,34068.5,0.28,25.89GB / 26.11GB,69.63kB / 8.212MB
2026-03-31 04:57:03,704,12.36,92.9MB,34068.5,0.28,25.89GB / 26.11GB,69.63kB / 8.212MB
2026-03-31 04:57:15,704,12.36,92.89MB,34068.5,0.28,25.89GB / 26.11GB,69.63kB / 8.212MB
2026-03-31 04:57:27,705,12.35,92.89MB,34068.5,0.28,25.89GB / 26.11GB,69.63kB / 8.212MB
2026-03-31 04:57:38,705,12.35,92.89MB,34068.5,0.28,25.89GB / 26.11GB,69.63kB / 8.212MB
2026-03-31 04:57:50,705,12.35,92.89MB,34068.5,0.28,25.89GB / 26.11GB,69.63kB / 8.212MB
2026-03-31 04:58:02,705,12.34,93.15MB,34068.5,0.28,25.89GB / 26.11GB,69.63kB / 8.212MB
2026-03-31 04:58:13,705,12.34,92.89MB,34068.5,0.28,25.89GB / 26.11GB,69.63kB / 8.212MB
2026-03-31 04:58:25,706,12.34,92.89MB,34068.5,0.28,25.89GB / 26.11GB,69.63kB / 8.212MB
2026-03-31 04:58:37,706,12.33,93.15MB,34068.5,0.28,25.89GB / 26.11GB,69.63kB / 8.212MB
2026-03-31 04:58:48,706,12.33,92.89MB,34068.5,0.28,25.89GB / 26.11GB,69.63kB / 8.212MB
2026-03-31 04:59:00,706,12.33,92.89MB,34068.5,0.28,25.89GB / 26.11GB,69.63kB / 8.212MB
2026-03-31 04:59:12,706,12.33,93.15MB,34068.5,0.28,25.89GB / 26.11GB,69.63kB / 8.212MB
2026-03-31 04:59:24,706,12.32,92.89MB,34068.5,0.28,25.89GB / 26.11GB,69.63kB / 8.212MB
2026-03-31 04:59:35,707,12.32,92.89MB,34068.5,0.28,25.89GB / 26.11GB,69.63kB / 8.212MB
2026-03-31 04:59:47,707,12.32,92.89MB,34068.5,0.28,25.89GB / 26.11GB,69.63kB / 8.212MB
2026-03-31 04:59:59,707,12.31,92.89MB,34068.5,0.28,25.89GB / 26.11GB,69.63kB / 8.212MB
2026-03-31 05:00:11,707,12.31,92.9MB,34068.5,0.28,25.89GB / 26.11GB,69.63kB / 8.212MB
2026-03-31 05:00:23,707,12.31,92.89MB,34068.5,0.28,25.89GB / 26.11GB,69.63kB / 8.212MB
2026-03-31 05:00:34,708,12.30,92.89MB,34068.5,0.28,25.89GB / 26.11GB,69.63kB / 8.212MB
2026-03-31 05:00:46,708,12.30,93.16MB,34068.5,0.28,25.89GB / 26.11GB,69.63kB / 8.212MB
2026-03-31 05:00:58,708,12.30,92.89MB,34068.5,0.28,25.89GB / 26.11GB,69.63kB / 8.212MB
2026-03-31 05:01:09,708,12.29,92.9MB,34068.5,0.28,25.89GB / 26.11GB,69.63kB / 8.212MB
2026-03-31 05:01:21,708,12.29,92.89MB,34068.5,0.28,25.89GB / 26.11GB,69.63kB / 8.212MB
2026-03-31 05:01:33,709,12.29,92.89MB,34068.5,0.28,25.89GB / 26.11GB,69.63kB / 8.212MB
2026-03-31 05:01:45,709,12.28,92.9MB,34068.5,0.28,25.89GB / 26.11GB,69.63kB / 8.212MB
2026-03-31 05:01:56,709,12.28,92.89MB,34068.5,0.28,25.89GB / 26.11GB,69.63kB / 8.212MB
2026-03-31 05:02:08,709,12.28,92.89MB,34068.5,0.28,25.89GB / 26.11GB,69.63kB / 8.212MB
2026-03-31 05:02:20,709,12.27,92.89MB,34068.5,0.28,25.89GB / 26.11GB,69.63kB / 8.212MB
2026-03-31 05:02:31,710,12.27,92.89MB,34068.5,0.28,25.89GB / 26.11GB,69.63kB / 8.212MB
2026-03-31 05:02:43,710,12.27,92.9MB,34068.5,0.28,25.89GB / 26.11GB,69.63kB / 8.212MB
2026-03-31 05:02:55,710,12.27,92.89MB,34068.5,0.28,25.89GB / 26.11GB,69.63kB / 8.212MB
2026-03-31 05:03:07,710,12.26,92.89MB,34068.5,0.28,25.89GB / 26.11GB,69.63kB / 8.212MB
2026-03-31 05:03:18,710,12.26,92.9MB,34068.5,0.28,25.89GB / 26.11GB,69.63kB / 8.212MB
2026-03-31 05:03:30,711,12.26,92.89MB,34068.5,0.28,25.89GB / 26.11GB,69.63kB / 8.212MB
2026-03-31 05:03:42,711,12.25,92.89MB,34068.5,0.28,25.89GB / 26.11GB,69.63kB / 8.212MB
2026-03-31 05:03:54,711,12.25,92.9MB,34068.5,0.28,25.89GB / 26.11GB,69.63kB / 8.212MB
2026-03-31 05:04:05,711,12.25,93.16MB,34068.5,0.28,25.89GB / 26.11GB,69.63kB / 8.212MB
2026-03-31 05:04:17,711,12.24,92.89MB,34068.5,0.28,25.89GB / 26.11GB,69.63kB / 8.212MB
2026-03-31 05:04:29,712,12.24,93.15MB,34068.5,0.28,25.89GB / 26.11GB,69.63kB / 8.212MB
2026-03-31 05:04:40,712,12.24,92.89MB,34068.5,0.28,25.89GB / 26.11GB,69.63kB / 8.212MB
2026-03-31 05:04:52,712,12.23,92.89MB,34068.5,0.28,25.89GB / 26.11GB,69.63kB / 8.212MB
2026-03-31 05:05:04,712,12.23,93.16MB,34068.5,0.28,25.89GB / 26.11GB,69.63kB / 8.212MB
2026-03-31 05:05:16,712,12.23,92.89MB,34068.5,0.28,25.89GB / 26.11GB,69.63kB / 8.212MB
2026-03-31 05:05:27,713,12.22,92.89MB,34068.5,0.28,25.89GB / 26.11GB,69.63kB / 8.212MB
2026-03-31 05:05:39,713,12.22,92.9MB,34068.5,0.28,25.89GB / 26.11GB,69.63kB / 8.212MB
2026-03-31 05:05:51,713,12.22,92.89MB,34068.5,0.28,25.89GB / 26.11GB,69.63kB / 8.212MB
2026-03-31 05:06:03,713,12.21,93.16MB,34068.5,0.28,25.89GB / 26.11GB,69.63kB / 8.212MB
2026-03-31 05:06:14,713,12.21,92.89MB,34068.5,0.28,25.89GB / 26.11GB,69.63kB / 8.212MB
2026-03-31 05:06:26,714,12.21,92.89MB,34068.5,0.28,25.89GB / 26.11GB,69.63kB / 8.212MB
2026-03-31 05:06:38,714,12.21,92.89MB,34068.5,0.28,25.89GB / 26.11GB,69.63kB / 8.212MB
2026-03-31 05:06:49,714,12.20,92.89MB,34068.5,0.28,25.89GB / 26.11GB,69.63kB / 8.212MB
2026-03-31 05:07:01,714,12.20,92.89MB,34068.5,0.28,25.89GB / 26.11GB,69.63kB / 8.212MB
2026-03-31 05:07:13,714,12.20,92.89MB,34068.5,0.28,25.89GB / 26.11GB,69.63kB / 8.212MB
2026-03-31 05:07:25,715,12.19,92.89MB,34068.5,0.28,25.89GB / 26.11GB,69.63kB / 8.212MB
2026-03-31 05:07:36,715,12.19,93.16MB,34068.5,0.28,25.89GB / 26.11GB,69.63kB / 8.212MB
2026-03-31 05:07:48,715,12.19,92.89MB,34068.5,0.28,25.89GB / 26.11GB,69.63kB / 8.212MB
2026-03-31 05:08:00,715,12.18,92.89MB,34068.5,0.28,25.89GB / 26.11GB,69.63kB / 8.212MB
2026-03-31 05:08:11,715,12.18,93.15MB,34068.5,0.28,25.89GB / 26.11GB,69.63kB / 8.212MB
2026-03-31 05:08:23,715,12.18,92.89MB,34068.5,0.28,25.89GB / 26.11GB,69.63kB / 8.212MB
2026-03-31 05:08:35,716,12.17,93.15MB,34068.5,0.28,25.89GB / 26.11GB,69.63kB / 8.212MB
2026-03-31 05:08:46,716,12.17,93.16MB,34068.5,0.28,25.89GB / 26.11GB,69.63kB / 8.212MB
2026-03-31 05:08:58,716,12.17,92.89MB,34068.5,0.28,25.89GB / 26.11GB,69.63kB / 8.212MB
2026-03-31 05:09:10,716,12.17,93.16MB,34068.5,0.28,25.89GB / 26.11GB,69.63kB / 8.212MB
2026-03-31 05:09:22,716,12.16,92.89MB,34068.5,0.28,25.89GB / 26.11GB,69.63kB / 8.212MB
2026-03-31 05:09:33,717,12.16,93.16MB,34068.5,0.28,25.89GB / 26.11GB,69.63kB / 8.212MB
2026-03-31 05:09:45,717,12.16,92.89MB,34068.5,0.28,25.89GB / 26.11GB,69.63kB / 8.212MB
2026-03-31 05:09:57,717,12.15,92.89MB,34068.5,0.28,25.89GB / 26.11GB,69.63kB / 8.212MB
2026-03-31 05:10:09,717,12.15,93.16MB,34068.5,0.28,25.89GB / 26.11GB,69.63kB / 8.212MB
2026-03-31 05:10:21,717,12.15,92.89MB,34068.5,0.28,25.89GB / 26.11GB,69.63kB / 8.212MB
2026-03-31 05:10:32,718,12.14,92.89MB,34068.5,0.28,25.89GB / 26.11GB,69.63kB / 8.212MB
2026-03-31 05:10:44,718,12.14,92.89MB,34068.5,0.28,25.89GB / 26.11GB,69.63kB / 8.212MB
2026-03-31 05:10:56,718,12.14,92.89MB,34068.5,0.28,25.89GB / 26.11GB,69.63kB / 8.212MB
2026-03-31 05:11:08,718,12.13,92.89MB,34068.5,0.28,25.89GB / 26.11GB,69.63kB / 8.212MB
2026-03-31 05:11:19,718,12.13,92.89MB,34068.5,0.28,25.89GB / 26.11GB,69.63kB / 8.212MB
2026-03-31 05:11:31,719,12.13,92.89MB,34068.5,0.28,25.89GB / 26.11GB,69.63kB / 8.212MB
2026-03-31 05:11:43,719,12.13,92.89MB,34068.5,0.28,25.89GB / 26.11GB,69.63kB / 8.212MB
2026-03-31 05:11:55,719,12.12,92.89MB,34068.5,0.28,25.89GB / 26.11GB,69.63kB / 8.212MB
2026-03-31 05:12:07,719,12.12,92.89MB,34068.5,0.28,25.89GB / 26.11GB,69.63kB / 8.212MB
2026-03-31 05:12:18,719,12.12,92.89MB,34068.5,0.28,25.89GB / 26.11GB,69.63kB / 8.212MB
2026-03-31 05:12:30,720,12.11,92.89MB,34068.5,0.28,25.89GB / 26.11GB,69.63kB / 8.212MB
