timestamp,elapsed_min,gc_collected_gen0,gc_collected_gen1,gc_collected_gen2,gc_uncollectable_gen0,gc_uncollectable_gen1,gc_uncollectable_gen2,gc_collections_gen0,gc_collections_gen1,gc_collections_gen2,process_rss_bytes,process_vm_bytes,process_cpu_seconds,open_fds,ccx_received,ccx_failures_ocp,ccx_processed_ocp,ccx_published_ocp,broker_instances,broker_exceptions,broker_tracebacks
2026-03-30 17:12:25,0,1478.0,782.0,203.0,0.0,0.0,0.0,240.0,21.0,1.0,8.9645056e+07,1.167126528e+09,0.84,25.0,0.0,0.0,0.0,0.0,0.0,0.0,0.0
2026-03-30 17:12:37,0,1532.0,782.0,203.0,0.0,0.0,0.0,242.0,21.0,1.0,9.0361856e+07,1.167261696e+09,1.83,27.0,50.0,0.0,49.0,49.0,11.0,0.0,0.0
2026-03-30 17:12:49,0,1616.0,875.0,346.0,0.0,0.0,0.0,243.0,22.0,2.0,9.0361856e+07,1.167261696e+09,3.85,26.0,149.0,0.0,149.0,149.0,11.0,0.0,0.0
2026-03-30 17:13:01,0,1922.0,875.0,346.0,0.0,0.0,0.0,245.0,22.0,2.0,9.0361856e+07,1.167261696e+09,5.66,29.0,249.0,0.0,248.0,248.0,11.0,0.0,0.0
2026-03-30 17:13:12,0,2183.0,875.0,346.0,0.0,0.0,0.0,247.0,22.0,2.0,9.0624e+07,1.167261696e+09,7.49,26.0,348.0,0.0,348.0,348.0,11.0,0.0,0.0
2026-03-30 17:13:24,0,2489.0,875.0,346.0,0.0,0.0,0.0,249.0,22.0,2.0,9.0624e+07,1.167261696e+09,9.510000000000002,26.0,447.0,0.0,447.0,447.0,11.0,0.0,0.0
2026-03-30 17:13:36,1,2813.0,875.0,346.0,0.0,0.0,0.0,250.0,22.0,2.0,9.0624e+07,1.168310272e+09,11.39,26.0,547.0,0.0,547.0,547.0,11.0,0.0,0.0
2026-03-30 17:13:48,1,3191.0,875.0,346.0,0.0,0.0,0.0,251.0,22.0,2.0,9.0755072e+07,1.168310272e+09,13.56,26.0,646.0,0.0,646.0,646.0,11.0,0.0,0.0
2026-03-30 17:13:59,1,3191.0,875.0,346.0,0.0,0.0,0.0,251.0,22.0,2.0,9.0755072e+07,1.168310272e+09,15.57,29.0,747.0,0.0,746.0,746.0,11.0,0.0,0.0
2026-03-30 17:14:11,1,3524.0,875.0,346.0,0.0,0.0,0.0,252.0,22.0,2.0,9.0886144e+07,1.168310272e+09,17.650000000000002,26.0,848.0,0.0,848.0,848.0,11.0,0.0,0.0
2026-03-30 17:14:24,1,3902.0,875.0,346.0,0.0,0.0,0.0,253.0,22.0,2.0,9.0886144e+07,1.168310272e+09,19.79,26.0,950.0,0.0,950.0,950.0,11.0,0.0,0.0
2026-03-30 17:14:36,2,3902.0,1253.0,346.0,0.0,0.0,0.0,253.0,23.0,2.0,9.0886144e+07,1.168310272e+09,21.77,26.0,1051.0,0.0,1051.0,1051.0,11.0,0.0,0.0
2026-03-30 17:14:48,2,4280.0,1253.0,346.0,0.0,0.0,0.0,254.0,23.0,2.0,9.0886144e+07,1.168310272e+09,23.700000000000003,26.0,1151.0,0.0,1151.0,1151.0,11.0,0.0,0.0
2026-03-30 17:15:00,2,4658.0,1253.0,346.0,0.0,0.0,0.0,255.0,23.0,2.0,9.0886144e+07,1.168310272e+09,25.61,26.0,1252.0,0.0,1252.0,1252.0,11.0,0.0,0.0
2026-03-30 17:15:12,2,4658.0,1253.0,346.0,0.0,0.0,0.0,255.0,23.0,2.0,9.0886144e+07,1.168310272e+09,27.56,26.0,1353.0,0.0,1353.0,1353.0,11.0,0.0,0.0
2026-03-30 17:15:24,2,5036.0,1253.0,346.0,0.0,0.0,0.0,256.0,23.0,2.0,9.0886144e+07,1.168310272e+09,29.439999999999998,27.0,1453.0,0.0,1452.0,1452.0,11.0,0.0,0.0
2026-03-30 17:15:37,3,5414.0,1253.0,346.0,0.0,0.0,0.0,257.0,23.0,2.0,9.0886144e+07,1.168310272e+09,31.35,26.0,1553.0,0.0,1553.0,1553.0,11.0,0.0,0.0
2026-03-30 17:15:49,3,5792.0,1253.0,346.0,0.0,0.0,0.0,258.0,23.0,2.0,9.0886144e+07,1.168310272e+09,33.25,27.0,1654.0,0.0,1653.0,1653.0,11.0,0.0,0.0
2026-03-30 17:16:01,3,5792.0,1253.0,346.0,0.0,0.0,0.0,258.0,23.0,2.0,9.0886144e+07,1.168310272e+09,35.230000000000004,26.0,1754.0,0.0,1754.0,1754.0,11.0,0.0,0.0
2026-03-30 17:16:13,3,6170.0,1253.0,346.0,0.0,0.0,0.0,259.0,23.0,2.0,9.0886144e+07,1.168310272e+09,37.08,26.0,1854.0,0.0,1854.0,1854.0,11.0,0.0,0.0
2026-03-30 17:16:25,4,6545.0,1253.0,346.0,0.0,0.0,0.0,260.0,23.0,2.0,9.0886144e+07,1.168310272e+09,39.0,29.0,1955.0,0.0,1954.0,1954.0,11.0,0.0,0.0
2026-03-30 17:16:38,4,6770.0,1253.0,346.0,0.0,0.0,0.0,261.0,23.0,2.0,9.0886144e+07,1.168310272e+09,40.9,26.0,2053.0,0.0,2053.0,2053.0,11.0,0.0,0.0
2026-03-30 17:16:50,4,7184.0,1253.0,346.0,0.0,0.0,0.0,262.0,23.0,2.0,9.0886144e+07,1.168310272e+09,42.83,27.0,2153.0,0.0,2152.0,2152.0,11.0,0.0,0.0
2026-03-30 17:17:02,4,7184.0,1253.0,346.0,0.0,0.0,0.0,262.0,23.0,2.0,9.0886144e+07,1.168310272e+09,44.73,26.0,2253.0,0.0,2253.0,2253.0,11.0,0.0,0.0
2026-03-30 17:17:14,4,7685.0,1253.0,346.0,0.0,0.0,0.0,263.0,23.0,2.0,9.0886144e+07,1.168310272e+09,46.65,29.0,2353.0,0.0,2352.0,2352.0,11.0,0.0,0.0
2026-03-30 17:17:26,5,7964.0,1253.0,346.0,0.0,0.0,0.0,264.0,23.0,2.0,9.0886144e+07,1.168310272e+09,48.580000000000005,29.0,2454.0,0.0,2453.0,2453.0,11.0,0.0,0.0
2026-03-30 17:17:38,5,7964.0,1556.0,346.0,0.0,0.0,0.0,264.0,24.0,2.0,9.0886144e+07,1.168310272e+09,50.54,29.0,2554.0,0.0,2553.0,2553.0,11.0,0.0,0.0
2026-03-30 17:17:51,5,8264.0,1556.0,346.0,0.0,0.0,0.0,265.0,24.0,2.0,9.0886144e+07,1.168310272e+09,52.58,26.0,2653.0,0.0,2653.0,2653.0,11.0,0.0,0.0
2026-03-30 17:18:03,5,8768.0,1556.0,346.0,0.0,0.0,0.0,266.0,24.0,2.0,9.0886144e+07,1.168310272e+09,54.82,26.0,2753.0,0.0,2753.0,2753.0,11.0,0.0,0.0
2026-03-30 17:18:15,5,8768.0,1556.0,346.0,0.0,0.0,0.0,266.0,24.0,2.0,9.0886144e+07,1.168310272e+09,56.87,26.0,2853.0,0.0,2853.0,2853.0,11.0,0.0,0.0
2026-03-30 17:18:28,6,9272.0,1556.0,346.0,0.0,0.0,0.0,267.0,24.0,2.0,9.0886144e+07,1.168310272e+09,59.08,26.0,2954.0,0.0,2954.0,2954.0,11.0,0.0,0.0
2026-03-30 17:18:40,6,9272.0,1556.0,346.0,0.0,0.0,0.0,267.0,24.0,2.0,9.0886144e+07,1.168310272e+09,61.05,26.0,3054.0,0.0,3054.0,3054.0,11.0,0.0,0.0
2026-03-30 17:18:52,6,9767.0,1556.0,346.0,0.0,0.0,0.0,268.0,24.0,2.0,9.0886144e+07,1.168310272e+09,63.190000000000005,29.0,3153.0,0.0,3152.0,3152.0,11.0,0.0,0.0
2026-03-30 17:19:04,6,10061.0,1556.0,346.0,0.0,0.0,0.0,269.0,24.0,2.0,9.0886144e+07,1.168310272e+09,65.12,26.0,3254.0,0.0,3254.0,3254.0,11.0,0.0,0.0
2026-03-30 17:19:16,6,10565.0,1556.0,346.0,0.0,0.0,0.0,270.0,24.0,2.0,9.0886144e+07,1.168310272e+09,67.03999999999999,26.0,3353.0,0.0,3353.0,3353.0,11.0,0.0,0.0
2026-03-30 17:19:28,7,10565.0,1556.0,346.0,0.0,0.0,0.0,270.0,24.0,2.0,9.0886144e+07,1.168310272e+09,68.86,26.0,3452.0,0.0,3452.0,3452.0,11.0,0.0,0.0
2026-03-30 17:19:41,7,11069.0,1556.0,346.0,0.0,0.0,0.0,271.0,24.0,2.0,9.0886144e+07,1.168310272e+09,70.67999999999999,26.0,3551.0,0.0,3551.0,3551.0,11.0,0.0,0.0
2026-03-30 17:19:53,7,11069.0,1556.0,346.0,0.0,0.0,0.0,271.0,24.0,2.0,9.0886144e+07,1.168310272e+09,72.71,29.0,3652.0,0.0,3651.0,3651.0,11.0,0.0,0.0
2026-03-30 17:20:05,7,11558.0,1556.0,346.0,0.0,0.0,0.0,272.0,24.0,2.0,9.0886144e+07,1.168310272e+09,74.62,26.0,3751.0,0.0,3751.0,3751.0,11.0,0.0,0.0
2026-03-30 17:20:17,7,12062.0,1556.0,346.0,0.0,0.0,0.0,273.0,24.0,2.0,9.0886144e+07,1.168310272e+09,76.69,26.0,3852.0,0.0,3852.0,3852.0,11.0,0.0,0.0
2026-03-30 17:20:29,8,12062.0,1556.0,346.0,0.0,0.0,0.0,273.0,24.0,2.0,9.0886144e+07,1.168310272e+09,79.09,26.0,3955.0,0.0,3955.0,3955.0,11.0,0.0,0.0
2026-03-30 17:20:42,8,12566.0,1556.0,346.0,0.0,0.0,0.0,274.0,24.0,2.0,9.0886144e+07,1.168310272e+09,81.34,26.0,4056.0,0.0,4056.0,4056.0,11.0,0.0,0.0
2026-03-30 17:20:54,8,13070.0,1556.0,346.0,0.0,0.0,0.0,275.0,24.0,2.0,9.0886144e+07,1.168310272e+09,83.35000000000001,29.0,4157.0,0.0,4157.0,4156.0,11.0,0.0,0.0
2026-03-30 17:21:07,8,13070.0,1556.0,346.0,0.0,0.0,0.0,275.0,24.0,2.0,9.0886144e+07,1.168310272e+09,85.22999999999999,26.0,4256.0,0.0,4256.0,4256.0,11.0,0.0,0.0
2026-03-30 17:21:19,8,13070.0,2060.0,346.0,0.0,0.0,0.0,275.0,25.0,2.0,9.0886144e+07,1.168310272e+09,87.16000000000001,29.0,4356.0,0.0,4355.0,4355.0,11.0,0.0,0.0
2026-03-30 17:21:31,9,13070.0,2060.0,346.0,0.0,0.0,0.0,275.0,25.0,2.0,9.0886144e+07,1.168310272e+09,89.03,26.0,4456.0,0.0,4456.0,4456.0,11.0,0.0,0.0
2026-03-30 17:21:43,9,13574.0,2060.0,346.0,0.0,0.0,0.0,276.0,25.0,2.0,9.0886144e+07,1.168310272e+09,91.03,26.0,4557.0,0.0,4557.0,4557.0,11.0,0.0,0.0
2026-03-30 17:21:55,9,13574.0,2060.0,346.0,0.0,0.0,0.0,276.0,25.0,2.0,9.0886144e+07,1.168310272e+09,92.86,26.0,4657.0,0.0,4657.0,4657.0,11.0,0.0,0.0
2026-03-30 17:22:07,9,14072.0,2060.0,346.0,0.0,0.0,0.0,277.0,25.0,2.0,9.0886144e+07,1.168310272e+09,94.73,26.0,4755.0,0.0,4755.0,4755.0,11.0,0.0,0.0
2026-03-30 17:22:19,9,14573.0,2060.0,346.0,0.0,0.0,0.0,278.0,25.0,2.0,9.0886144e+07,1.168310272e+09,96.67,26.0,4856.0,0.0,4856.0,4856.0,11.0,0.0,0.0
2026-03-30 17:22:32,10,14573.0,2060.0,346.0,0.0,0.0,0.0,278.0,25.0,2.0,9.0886144e+07,1.168310272e+09,98.63999999999999,26.0,4957.0,0.0,4957.0,4957.0,11.0,0.0,0.0
2026-03-30 17:22:44,10,15074.0,2060.0,346.0,0.0,0.0,0.0,279.0,25.0,2.0,9.0886144e+07,1.168310272e+09,100.59,26.0,5059.0,0.0,5059.0,5059.0,11.0,0.0,0.0
2026-03-30 17:22:56,10,15074.0,2060.0,346.0,0.0,0.0,0.0,279.0,25.0,2.0,9.0886144e+07,1.168310272e+09,102.53,29.0,5160.0,0.0,5159.0,5159.0,11.0,0.0,0.0
2026-03-30 17:23:08,10,15578.0,2060.0,346.0,0.0,0.0,0.0,280.0,25.0,2.0,9.0886144e+07,1.168310272e+09,104.46,26.0,5261.0,0.0,5261.0,5261.0,11.0,0.0,0.0
2026-03-30 17:23:21,10,16082.0,2060.0,346.0,0.0,0.0,0.0,281.0,25.0,2.0,9.0886144e+07,1.168310272e+09,106.4,26.0,5362.0,0.0,5362.0,5362.0,11.0,0.0,0.0
2026-03-30 17:23:33,11,16082.0,2060.0,346.0,0.0,0.0,0.0,281.0,25.0,2.0,9.0886144e+07,1.168310272e+09,108.36,29.0,5464.0,0.0,5463.0,5463.0,11.0,0.0,0.0
2026-03-30 17:23:45,11,16490.0,2060.0,346.0,0.0,0.0,0.0,282.0,25.0,2.0,9.0886144e+07,1.168310272e+09,110.28,29.0,5565.0,0.0,5564.0,5564.0,11.0,0.0,0.0
2026-03-30 17:23:58,11,16793.0,2060.0,346.0,0.0,0.0,0.0,283.0,25.0,2.0,9.0886144e+07,1.168310272e+09,112.26,26.0,5666.0,0.0,5666.0,5666.0,11.0,0.0,0.0
2026-03-30 17:24:10,11,17297.0,2060.0,346.0,0.0,0.0,0.0,284.0,25.0,2.0,9.0886144e+07,1.168310272e+09,114.21000000000001,26.0,5766.0,0.0,5766.0,5766.0,11.0,0.0,0.0
2026-03-30 17:24:22,11,17297.0,2060.0,346.0,0.0,0.0,0.0,284.0,25.0,2.0,9.0886144e+07,1.168310272e+09,116.08,26.0,5864.0,0.0,5864.0,5864.0,11.0,0.0,0.0
2026-03-30 17:24:34,12,17801.0,2060.0,346.0,0.0,0.0,0.0,285.0,25.0,2.0,9.0886144e+07,1.168310272e+09,117.86999999999999,26.0,5964.0,0.0,5963.0,5963.0,11.0,0.0,0.0
2026-03-30 17:24:46,12,17801.0,2060.0,346.0,0.0,0.0,0.0,285.0,25.0,2.0,9.0886144e+07,1.168310272e+09,119.82,26.0,6064.0,0.0,6064.0,6064.0,11.0,0.0,0.0
2026-03-30 17:24:58,12,18293.0,2060.0,346.0,0.0,0.0,0.0,286.0,25.0,2.0,9.0886144e+07,1.168310272e+09,121.64,26.0,6164.0,0.0,6164.0,6164.0,11.0,0.0,0.0
2026-03-30 17:25:10,12,18293.0,2561.0,346.0,0.0,0.0,0.0,286.0,26.0,2.0,9.0886144e+07,1.168310272e+09,123.63000000000001,26.0,6263.0,0.0,6263.0,6263.0,11.0,0.0,0.0
2026-03-30 17:25:22,12,18293.0,2561.0,346.0,0.0,0.0,0.0,286.0,26.0,2.0,9.0886144e+07,1.168310272e+09,125.61,26.0,6364.0,0.0,6364.0,6364.0,11.0,0.0,0.0
2026-03-30 17:25:35,13,18797.0,2561.0,346.0,0.0,0.0,0.0,287.0,26.0,2.0,9.0886144e+07,1.168310272e+09,127.49,26.0,6465.0,0.0,6465.0,6465.0,11.0,0.0,0.0
2026-03-30 17:25:47,13,18797.0,2561.0,346.0,0.0,0.0,0.0,287.0,26.0,2.0,9.0886144e+07,1.168310272e+09,129.38,26.0,6563.0,0.0,6563.0,6563.0,11.0,0.0,0.0
2026-03-30 17:25:59,13,19289.0,2561.0,346.0,0.0,0.0,0.0,288.0,26.0,2.0,9.0886144e+07,1.168310272e+09,131.25,26.0,6663.0,0.0,6663.0,6663.0,11.0,0.0,0.0
2026-03-30 17:26:11,13,19790.0,2561.0,346.0,0.0,0.0,0.0,289.0,26.0,2.0,9.0886144e+07,1.168310272e+09,133.17,26.0,6764.0,0.0,6764.0,6764.0,11.0,0.0,0.0
2026-03-30 17:26:23,13,19790.0,2561.0,346.0,0.0,0.0,0.0,289.0,26.0,2.0,9.0886144e+07,1.168310272e+09,135.07,26.0,6864.0,0.0,6864.0,6864.0,11.0,0.0,0.0
2026-03-30 17:26:35,14,20294.0,2561.0,346.0,0.0,0.0,0.0,290.0,26.0,2.0,9.0886144e+07,1.168310272e+09,136.9,26.0,6965.0,0.0,6965.0,6965.0,11.0,0.0,0.0
2026-03-30 17:26:47,14,20294.0,2561.0,346.0,0.0,0.0,0.0,290.0,26.0,2.0,9.0886144e+07,1.168310272e+09,138.84,27.0,7066.0,0.0,7065.0,7065.0,11.0,0.0,0.0
2026-03-30 17:26:59,14,20795.0,2561.0,346.0,0.0,0.0,0.0,291.0,26.0,2.0,9.0886144e+07,1.168310272e+09,140.78,26.0,7165.0,0.0,7165.0,7165.0,11.0,0.0,0.0
2026-03-30 17:27:12,14,21299.0,2561.0,346.0,0.0,0.0,0.0,292.0,26.0,2.0,9.0886144e+07,1.168310272e+09,142.76999999999998,29.0,7265.0,0.0,7264.0,7264.0,11.0,0.0,0.0
2026-03-30 17:27:24,14,21299.0,2561.0,346.0,0.0,0.0,0.0,292.0,26.0,2.0,9.0886144e+07,1.168310272e+09,144.66,27.0,7365.0,0.0,7364.0,7364.0,11.0,0.0,0.0
2026-03-30 17:27:36,15,21692.0,2561.0,346.0,0.0,0.0,0.0,293.0,26.0,2.0,9.0886144e+07,1.168310272e+09,146.56,29.0,7466.0,0.0,7465.0,7465.0,11.0,0.0,0.0
2026-03-30 17:27:48,15,21995.0,2561.0,346.0,0.0,0.0,0.0,294.0,26.0,2.0,9.0886144e+07,1.168310272e+09,148.41,29.0,7567.0,0.0,7566.0,7566.0,11.0,0.0,0.0
2026-03-30 17:28:00,15,22298.0,2561.0,346.0,0.0,0.0,0.0,295.0,26.0,2.0,9.0886144e+07,1.168310272e+09,150.34,26.0,7667.0,0.0,7667.0,7667.0,11.0,0.0,0.0
2026-03-30 17:28:13,15,22802.0,2561.0,346.0,0.0,0.0,0.0,296.0,26.0,2.0,9.0886144e+07,1.168310272e+09,152.24,26.0,7765.0,0.0,7765.0,7765.0,11.0,0.0,0.0
2026-03-30 17:28:25,16,22802.0,2561.0,346.0,0.0,0.0,0.0,296.0,26.0,2.0,9.0886144e+07,1.168310272e+09,154.22,29.0,7864.0,0.0,7863.0,7863.0,11.0,0.0,0.0
2026-03-30 17:28:37,16,23189.0,2561.0,346.0,0.0,0.0,0.0,297.0,26.0,2.0,9.0886144e+07,1.168310272e+09,156.09,29.0,7964.0,0.0,7963.0,7963.0,11.0,0.0,0.0
2026-03-30 17:28:49,16,23189.0,2861.0,346.0,0.0,0.0,0.0,297.0,27.0,2.0,9.0886144e+07,1.168310272e+09,157.96,26.0,8063.0,0.0,8063.0,8063.0,11.0,0.0,0.0
2026-03-30 17:29:01,16,23693.0,2861.0,346.0,0.0,0.0,0.0,298.0,27.0,2.0,9.0886144e+07,1.168310272e+09,159.87,29.0,8165.0,0.0,8164.0,8164.0,11.0,0.0,0.0
2026-03-30 17:29:13,16,23693.0,2861.0,346.0,0.0,0.0,0.0,298.0,27.0,2.0,9.0886144e+07,1.168310272e+09,161.75,29.0,8264.0,0.0,8263.0,8263.0,11.0,0.0,0.0
2026-03-30 17:29:25,17,24089.0,2861.0,346.0,0.0,0.0,0.0,299.0,27.0,2.0,9.0886144e+07,1.168310272e+09,163.61,26.0,8363.0,0.0,8363.0,8363.0,11.0,0.0,0.0
2026-03-30 17:29:37,17,24593.0,2861.0,346.0,0.0,0.0,0.0,300.0,27.0,2.0,9.0886144e+07,1.168310272e+09,165.48000000000002,26.0,8463.0,0.0,8463.0,8463.0,11.0,0.0,0.0
2026-03-30 17:29:49,17,24593.0,2861.0,346.0,0.0,0.0,0.0,300.0,27.0,2.0,9.0886144e+07,1.168310272e+09,167.43,26.0,8563.0,0.0,8563.0,8563.0,11.0,0.0,0.0
2026-03-30 17:30:01,17,25097.0,2861.0,346.0,0.0,0.0,0.0,301.0,27.0,2.0,9.0886144e+07,1.168310272e+09,169.27,29.0,8663.0,0.0,8662.0,8662.0,11.0,0.0,0.0
2026-03-30 17:30:14,17,25097.0,2861.0,346.0,0.0,0.0,0.0,301.0,27.0,2.0,9.0886144e+07,1.168310272e+09,171.25,26.0,8762.0,0.0,8762.0,8762.0,11.0,0.0,0.0
2026-03-30 17:30:26,18,25586.0,2861.0,346.0,0.0,0.0,0.0,302.0,27.0,2.0,9.0886144e+07,1.168310272e+09,173.07999999999998,27.0,8862.0,0.0,8862.0,8862.0,11.0,0.0,0.0
2026-03-30 17:30:38,18,26087.0,2861.0,346.0,0.0,0.0,0.0,303.0,27.0,2.0,9.0886144e+07,1.168310272e+09,174.99,29.0,8961.0,0.0,8960.0,8960.0,11.0,0.0,0.0
2026-03-30 17:30:50,18,26087.0,2861.0,346.0,0.0,0.0,0.0,303.0,27.0,2.0,9.0886144e+07,1.168310272e+09,176.94,26.0,9062.0,0.0,9062.0,9062.0,11.0,0.0,0.0
2026-03-30 17:31:02,18,26591.0,2861.0,346.0,0.0,0.0,0.0,304.0,27.0,2.0,9.0886144e+07,1.168310272e+09,178.84,26.0,9162.0,0.0,9162.0,9162.0,11.0,0.0,0.0
2026-03-30 17:31:14,18,27080.0,2861.0,346.0,0.0,0.0,0.0,305.0,27.0,2.0,9.0886144e+07,1.168310272e+09,180.82,29.0,9261.0,0.0,9260.0,9260.0,11.0,0.0,0.0
2026-03-30 17:31:26,19,27080.0,2861.0,346.0,0.0,0.0,0.0,305.0,27.0,2.0,9.0886144e+07,1.168310272e+09,182.71,26.0,9360.0,0.0,9360.0,9360.0,11.0,0.0,0.0
2026-03-30 17:31:38,19,27584.0,2861.0,346.0,0.0,0.0,0.0,306.0,27.0,2.0,9.0886144e+07,1.168310272e+09,184.55,27.0,9461.0,0.0,9460.0,9460.0,11.0,0.0,0.0
2026-03-30 17:31:50,19,27584.0,2861.0,346.0,0.0,0.0,0.0,306.0,27.0,2.0,9.0886144e+07,1.168310272e+09,186.32999999999998,28.0,9560.0,0.0,9560.0,9559.0,11.0,0.0,0.0
2026-03-30 17:32:03,19,27980.0,2861.0,346.0,0.0,0.0,0.0,307.0,27.0,2.0,9.0886144e+07,1.168310272e+09,188.12,26.0,9659.0,0.0,9659.0,9659.0,11.0,0.0,0.0
2026-03-30 17:32:15,19,28481.0,2861.0,346.0,0.0,0.0,0.0,308.0,27.0,2.0,9.0886144e+07,1.168310272e+09,190.05,26.0,9760.0,0.0,9760.0,9760.0,11.0,0.0,0.0
2026-03-30 17:32:27,20,28481.0,2861.0,346.0,0.0,0.0,0.0,308.0,27.0,2.0,9.0886144e+07,1.168310272e+09,191.97,26.0,9862.0,0.0,9862.0,9862.0,11.0,0.0,0.0
2026-03-30 17:32:39,20,28481.0,3365.0,346.0,0.0,0.0,0.0,308.0,28.0,2.0,9.0886144e+07,1.168310272e+09,193.85,26.0,9962.0,0.0,9962.0,9962.0,11.0,0.0,0.0
2026-03-30 17:32:51,20,28982.0,3365.0,346.0,0.0,0.0,0.0,309.0,28.0,2.0,9.0886144e+07,1.168310272e+09,195.64,27.0,10063.0,0.0,10063.0,10063.0,11.0,0.0,0.0
2026-03-30 17:33:03,20,28982.0,3365.0,346.0,0.0,0.0,0.0,309.0,28.0,2.0,9.0886144e+07,1.168310272e+09,197.5,27.0,10162.0,0.0,10161.0,10161.0,11.0,0.0,0.0
2026-03-30 17:33:16,20,29486.0,3365.0,346.0,0.0,0.0,0.0,310.0,28.0,2.0,9.0886144e+07,1.168310272e+09,199.39000000000001,26.0,10263.0,0.0,10263.0,10263.0,11.0,0.0,0.0
2026-03-30 17:33:28,21,29486.0,3365.0,346.0,0.0,0.0,0.0,310.0,28.0,2.0,9.0886144e+07,1.168310272e+09,201.23999999999998,26.0,10362.0,0.0,10362.0,10362.0,11.0,0.0,0.0
2026-03-30 17:33:40,21,29990.0,3365.0,346.0,0.0,0.0,0.0,311.0,28.0,2.0,9.0886144e+07,1.168310272e+09,203.20000000000002,27.0,10463.0,0.0,10462.0,10462.0,11.0,0.0,0.0
2026-03-30 17:33:52,21,29990.0,3365.0,346.0,0.0,0.0,0.0,311.0,28.0,2.0,9.0886144e+07,1.168310272e+09,205.06,26.0,10564.0,0.0,10564.0,10564.0,11.0,0.0,0.0
2026-03-30 17:34:04,21,30488.0,3365.0,346.0,0.0,0.0,0.0,312.0,28.0,2.0,9.0886144e+07,1.168310272e+09,206.99,26.0,10664.0,0.0,10664.0,10664.0,11.0,0.0,0.0
2026-03-30 17:34:16,21,30989.0,3365.0,346.0,0.0,0.0,0.0,313.0,28.0,2.0,9.0886144e+07,1.168310272e+09,208.89,27.0,10764.0,0.0,10763.0,10763.0,11.0,0.0,0.0
2026-03-30 17:34:29,22,30989.0,3365.0,346.0,0.0,0.0,0.0,313.0,28.0,2.0,9.0886144e+07,1.168310272e+09,210.74,26.0,10864.0,0.0,10864.0,10864.0,11.0,0.0,0.0
2026-03-30 17:34:41,22,31493.0,3365.0,346.0,0.0,0.0,0.0,314.0,28.0,2.0,9.0886144e+07,1.168310272e+09,212.76,29.0,10964.0,0.0,10963.0,10963.0,11.0,0.0,0.0
2026-03-30 17:34:53,22,31982.0,3365.0,346.0,0.0,0.0,0.0,315.0,28.0,2.0,9.0886144e+07,1.168310272e+09,214.54000000000002,27.0,11063.0,0.0,11063.0,11063.0,11.0,0.0,0.0
2026-03-30 17:35:05,22,31982.0,3365.0,346.0,0.0,0.0,0.0,315.0,28.0,2.0,9.0886144e+07,1.168310272e+09,216.45,27.0,11163.0,0.0,11162.0,11162.0,11.0,0.0,0.0
2026-03-30 17:35:17,22,32486.0,3365.0,346.0,0.0,0.0,0.0,316.0,28.0,2.0,9.0886144e+07,1.168310272e+09,218.35,26.0,11262.0,0.0,11262.0,11262.0,11.0,0.0,0.0
2026-03-30 17:35:29,23,32486.0,3365.0,346.0,0.0,0.0,0.0,316.0,28.0,2.0,9.0886144e+07,1.168310272e+09,220.29000000000002,26.0,11362.0,0.0,11362.0,11362.0,11.0,0.0,0.0
2026-03-30 17:35:41,23,32990.0,3365.0,346.0,0.0,0.0,0.0,317.0,28.0,2.0,9.0886144e+07,1.168310272e+09,222.29000000000002,26.0,11463.0,0.0,11463.0,11463.0,11.0,0.0,0.0
2026-03-30 17:35:54,23,32990.0,3365.0,346.0,0.0,0.0,0.0,317.0,28.0,2.0,9.0886144e+07,1.168310272e+09,224.24,26.0,11562.0,0.0,11562.0,11562.0,11.0,0.0,0.0
2026-03-30 17:36:06,23,33482.0,3365.0,346.0,0.0,0.0,0.0,318.0,28.0,2.0,9.0886144e+07,1.168310272e+09,226.13,26.0,11663.0,0.0,11663.0,11663.0,11.0,0.0,0.0
2026-03-30 17:36:18,23,33983.0,3365.0,346.0,0.0,0.0,0.0,319.0,28.0,2.0,9.0886144e+07,1.168310272e+09,228.04,26.0,11763.0,0.0,11763.0,11763.0,11.0,0.0,0.0
2026-03-30 17:36:30,24,33983.0,3365.0,346.0,0.0,0.0,0.0,319.0,28.0,2.0,9.0886144e+07,1.168310272e+09,229.88,26.0,11864.0,0.0,11864.0,11864.0,11.0,0.0,0.0
2026-03-30 17:36:42,24,33983.0,3869.0,346.0,0.0,0.0,0.0,319.0,29.0,2.0,9.0886144e+07,1.168310272e+09,231.74,27.0,11964.0,0.0,11963.0,11963.0,11.0,0.0,0.0
2026-03-30 17:36:54,24,34481.0,3869.0,346.0,0.0,0.0,0.0,320.0,29.0,2.0,9.0886144e+07,1.168310272e+09,233.57,29.0,12064.0,0.0,12063.0,12063.0,11.0,0.0,0.0
2026-03-30 17:37:06,24,34481.0,3869.0,346.0,0.0,0.0,0.0,320.0,29.0,2.0,9.0886144e+07,1.168310272e+09,235.34,26.0,12164.0,0.0,12164.0,12164.0,11.0,0.0,0.0
2026-03-30 17:37:18,24,34985.0,3869.0,346.0,0.0,0.0,0.0,321.0,29.0,2.0,9.0886144e+07,1.168310272e+09,237.26,29.0,12264.0,0.0,12263.0,12263.0,11.0,0.0,0.0
2026-03-30 17:37:30,25,34985.0,3869.0,346.0,0.0,0.0,0.0,321.0,29.0,2.0,9.0886144e+07,1.168310272e+09,239.10999999999999,27.0,12364.0,0.0,12364.0,12364.0,11.0,0.0,0.0
2026-03-30 17:37:42,25,35384.0,3869.0,346.0,0.0,0.0,0.0,322.0,29.0,2.0,9.0886144e+07,1.168310272e+09,240.98000000000002,26.0,12463.0,0.0,12463.0,12463.0,11.0,0.0,0.0
2026-03-30 17:37:55,25,35885.0,3869.0,346.0,0.0,0.0,0.0,323.0,29.0,2.0,9.0886144e+07,1.168310272e+09,242.93,26.0,12564.0,0.0,12564.0,12564.0,11.0,0.0,0.0
2026-03-30 17:38:07,25,35885.0,3869.0,346.0,0.0,0.0,0.0,323.0,29.0,2.0,9.0886144e+07,1.168310272e+09,244.8,26.0,12665.0,0.0,12665.0,12665.0,11.0,0.0,0.0
2026-03-30 17:38:19,25,36389.0,3869.0,346.0,0.0,0.0,0.0,324.0,29.0,2.0,9.0886144e+07,1.168310272e+09,246.70000000000002,26.0,12765.0,0.0,12765.0,12765.0,11.0,0.0,0.0
2026-03-30 17:38:31,26,36890.0,3869.0,346.0,0.0,0.0,0.0,325.0,29.0,2.0,9.0886144e+07,1.168310272e+09,248.67000000000002,29.0,12867.0,0.0,12866.0,12866.0,11.0,0.0,0.0
2026-03-30 17:38:43,26,36890.0,3869.0,346.0,0.0,0.0,0.0,325.0,29.0,2.0,9.0886144e+07,1.168310272e+09,250.62,26.0,12967.0,0.0,12967.0,12967.0,11.0,0.0,0.0
2026-03-30 17:38:56,26,37394.0,3869.0,346.0,0.0,0.0,0.0,326.0,29.0,2.0,9.0886144e+07,1.168310272e+09,252.54999999999998,28.0,13066.0,0.0,13065.0,13065.0,11.0,0.0,0.0
2026-03-30 17:39:07,26,37394.0,3869.0,346.0,0.0,0.0,0.0,326.0,29.0,2.0,9.0886144e+07,1.168310272e+09,254.42000000000002,26.0,13165.0,0.0,13165.0,13165.0,11.0,0.0,0.0
2026-03-30 17:39:20,26,37898.0,3869.0,346.0,0.0,0.0,0.0,327.0,29.0,2.0,9.0886144e+07,1.168310272e+09,256.37,26.0,13266.0,0.0,13266.0,13266.0,11.0,0.0,0.0
2026-03-30 17:39:32,27,38390.0,3869.0,346.0,0.0,0.0,0.0,328.0,29.0,2.0,9.0886144e+07,1.168310272e+09,258.34,29.0,13367.0,0.0,13366.0,13366.0,11.0,0.0,0.0
2026-03-30 17:39:44,27,38390.0,3869.0,346.0,0.0,0.0,0.0,328.0,29.0,2.0,9.0886144e+07,1.168310272e+09,260.4,29.0,13468.0,0.0,13467.0,13467.0,11.0,0.0,0.0
2026-03-30 17:39:57,27,38693.0,3869.0,346.0,0.0,0.0,0.0,329.0,29.0,2.0,9.0886144e+07,1.168310272e+09,262.4,26.0,13567.0,0.0,13567.0,13567.0,11.0,0.0,0.0
2026-03-30 17:40:09,27,39197.0,3869.0,346.0,0.0,0.0,0.0,330.0,29.0,2.0,9.0886144e+07,1.168310272e+09,264.34,26.0,13667.0,0.0,13667.0,13667.0,11.0,0.0,0.0
2026-03-30 17:40:21,27,39197.0,3869.0,346.0,0.0,0.0,0.0,330.0,29.0,2.0,9.0886144e+07,1.168310272e+09,266.21,26.0,13768.0,0.0,13768.0,13768.0,11.0,0.0,0.0
2026-03-30 17:40:33,28,39197.0,4373.0,346.0,0.0,0.0,0.0,330.0,30.0,2.0,9.0886144e+07,1.168310272e+09,268.09000000000003,26.0,13869.0,0.0,13869.0,13869.0,11.0,0.0,0.0
2026-03-30 17:40:45,28,39197.0,4373.0,346.0,0.0,0.0,0.0,330.0,30.0,2.0,9.0886144e+07,1.168310272e+09,270.02,26.0,13969.0,0.0,13969.0,13969.0,11.0,0.0,0.0
2026-03-30 17:40:57,28,39695.0,4373.0,346.0,0.0,0.0,0.0,331.0,30.0,2.0,9.0886144e+07,1.168310272e+09,271.96,26.0,14070.0,0.0,14070.0,14070.0,11.0,0.0,0.0
2026-03-30 17:41:09,28,40196.0,4373.0,346.0,0.0,0.0,0.0,332.0,30.0,2.0,9.0886144e+07,1.168310272e+09,274.01,26.0,14171.0,0.0,14171.0,14171.0,11.0,0.0,0.0
2026-03-30 17:41:22,28,40196.0,4373.0,346.0,0.0,0.0,0.0,332.0,30.0,2.0,9.0886144e+07,1.168310272e+09,275.94,26.0,14272.0,0.0,14272.0,14272.0,11.0,0.0,0.0
2026-03-30 17:41:34,29,40700.0,4373.0,346.0,0.0,0.0,0.0,333.0,30.0,2.0,9.0886144e+07,1.168310272e+09,277.83,28.0,14373.0,0.0,14372.0,14372.0,11.0,0.0,0.0
2026-03-30 17:41:46,29,40700.0,4373.0,346.0,0.0,0.0,0.0,333.0,30.0,2.0,9.0886144e+07,1.168310272e+09,279.74,26.0,14471.0,0.0,14471.0,14471.0,11.0,0.0,0.0
2026-03-30 17:41:58,29,41201.0,4373.0,346.0,0.0,0.0,0.0,334.0,30.0,2.0,9.0886144e+07,1.168310272e+09,281.69,26.0,14572.0,0.0,14572.0,14572.0,11.0,0.0,0.0
2026-03-30 17:42:10,29,41702.0,4373.0,346.0,0.0,0.0,0.0,335.0,30.0,2.0,9.0886144e+07,1.168310272e+09,283.67,27.0,14673.0,0.0,14672.0,14672.0,11.0,0.0,0.0
2026-03-30 17:42:23,29,41702.0,4373.0,346.0,0.0,0.0,0.0,335.0,30.0,2.0,9.0886144e+07,1.168310272e+09,285.59,26.0,14772.0,0.0,14772.0,14772.0,11.0,0.0,0.0
2026-03-30 17:42:35,30,42206.0,4373.0,346.0,0.0,0.0,0.0,336.0,30.0,2.0,9.0886144e+07,1.168310272e+09,286.76000000000005,26.0,14832.0,0.0,14832.0,14832.0,11.0,0.0,0.0
2026-03-30 17:42:47,30,42206.0,4373.0,346.0,0.0,0.0,0.0,336.0,30.0,2.0,9.0886144e+07,1.168310272e+09,287.88,26.0,14891.0,0.0,14891.0,14891.0,11.0,0.0,0.0
2026-03-30 17:42:59,30,42710.0,4373.0,346.0,0.0,0.0,0.0,337.0,30.0,2.0,9.0886144e+07,1.168310272e+09,289.78,27.0,14993.0,0.0,14992.0,14992.0,11.0,0.0,0.0
2026-03-30 17:43:11,30,42710.0,4373.0,346.0,0.0,0.0,0.0,337.0,30.0,2.0,9.0886144e+07,1.168310272e+09,291.64,26.0,15092.0,0.0,15092.0,15092.0,11.0,0.0,0.0
2026-03-30 17:43:24,30,43214.0,4373.0,346.0,0.0,0.0,0.0,338.0,30.0,2.0,9.0886144e+07,1.168310272e+09,293.59,26.0,15192.0,0.0,15192.0,15192.0,11.0,0.0,0.0
2026-03-30 17:43:36,31,43214.0,4373.0,346.0,0.0,0.0,0.0,338.0,30.0,2.0,9.0886144e+07,1.168310272e+09,295.59,29.0,15293.0,0.0,15292.0,15292.0,11.0,0.0,0.0
2026-03-30 17:43:48,31,43664.0,4373.0,346.0,0.0,0.0,0.0,339.0,30.0,2.0,9.0886144e+07,1.168310272e+09,297.51,29.0,15394.0,0.0,15393.0,15393.0,11.0,0.0,0.0
2026-03-30 17:44:00,31,44168.0,4373.0,346.0,0.0,0.0,0.0,340.0,30.0,2.0,9.0886144e+07,1.168310272e+09,299.3,27.0,15494.0,0.0,15493.0,15493.0,11.0,0.0,0.0
2026-03-30 17:44:12,31,44168.0,4373.0,346.0,0.0,0.0,0.0,340.0,30.0,2.0,9.0886144e+07,1.168310272e+09,301.15999999999997,27.0,15593.0,0.0,15592.0,15592.0,11.0,0.0,0.0
2026-03-30 17:44:24,31,44564.0,4373.0,346.0,0.0,0.0,0.0,341.0,30.0,2.0,9.0886144e+07,1.168310272e+09,303.03,26.0,15693.0,0.0,15693.0,15693.0,11.0,0.0,0.0
2026-03-30 17:44:37,32,44564.0,4877.0,346.0,0.0,0.0,0.0,341.0,31.0,2.0,9.0886144e+07,1.168310272e+09,304.9,26.0,15793.0,0.0,15793.0,15793.0,11.0,0.0,0.0
2026-03-30 17:44:49,32,44564.0,4877.0,346.0,0.0,0.0,0.0,341.0,31.0,2.0,9.0886144e+07,1.168310272e+09,306.79999999999995,26.0,15893.0,0.0,15893.0,15893.0,11.0,0.0,0.0
2026-03-30 17:45:01,32,45068.0,4877.0,346.0,0.0,0.0,0.0,342.0,31.0,2.0,9.0886144e+07,1.168310272e+09,308.7,26.0,15993.0,0.0,15993.0,15993.0,11.0,0.0,0.0
2026-03-30 17:45:13,32,45068.0,4877.0,346.0,0.0,0.0,0.0,342.0,31.0,2.0,9.0886144e+07,1.168310272e+09,310.65,26.0,16093.0,0.0,16093.0,16093.0,11.0,0.0,0.0
2026-03-30 17:45:25,33,45563.0,4877.0,346.0,0.0,0.0,0.0,343.0,31.0,2.0,9.0886144e+07,1.168310272e+09,312.6,26.0,16193.0,0.0,16193.0,16193.0,11.0,0.0,0.0
2026-03-30 17:45:37,33,46064.0,4877.0,346.0,0.0,0.0,0.0,344.0,31.0,2.0,9.0886144e+07,1.168310272e+09,314.56,26.0,16294.0,0.0,16294.0,16294.0,11.0,0.0,0.0
2026-03-30 17:45:49,33,46064.0,4877.0,346.0,0.0,0.0,0.0,344.0,31.0,2.0,9.0886144e+07,1.168310272e+09,316.56,29.0,16394.0,0.0,16393.0,16393.0,11.0,0.0,0.0
2026-03-30 17:46:02,33,46463.0,4877.0,346.0,0.0,0.0,0.0,345.0,31.0,2.0,9.0886144e+07,1.168310272e+09,318.42,26.0,16495.0,0.0,16495.0,16495.0,11.0,0.0,0.0
2026-03-30 17:46:14,33,46967.0,4877.0,346.0,0.0,0.0,0.0,346.0,31.0,2.0,9.0886144e+07,1.168310272e+09,320.33,26.0,16595.0,0.0,16595.0,16595.0,11.0,0.0,0.0
2026-03-30 17:46:26,34,46967.0,4877.0,346.0,0.0,0.0,0.0,346.0,31.0,2.0,9.0886144e+07,1.168310272e+09,322.16999999999996,29.0,16696.0,0.0,16695.0,16695.0,11.0,0.0,0.0
2026-03-30 17:46:38,34,47369.0,4877.0,346.0,0.0,0.0,0.0,347.0,31.0,2.0,9.0886144e+07,1.168310272e+09,324.16,26.0,16795.0,0.0,16795.0,16795.0,11.0,0.0,0.0
2026-03-30 17:46:50,34,47873.0,4877.0,346.0,0.0,0.0,0.0,348.0,31.0,2.0,9.0886144e+07,1.168310272e+09,326.06,26.0,16895.0,0.0,16895.0,16895.0,11.0,0.0,0.0
2026-03-30 17:47:02,34,47873.0,4877.0,346.0,0.0,0.0,0.0,348.0,31.0,2.0,9.0886144e+07,1.168310272e+09,327.88,26.0,16995.0,0.0,16995.0,16995.0,11.0,0.0,0.0
2026-03-30 17:47:14,34,48377.0,4877.0,346.0,0.0,0.0,0.0,349.0,31.0,2.0,9.0886144e+07,1.168310272e+09,329.84999999999997,26.0,17096.0,0.0,17096.0,17096.0,11.0,0.0,0.0
2026-03-30 17:47:27,35,48377.0,4877.0,346.0,0.0,0.0,0.0,349.0,31.0,2.0,9.0886144e+07,1.168310272e+09,331.70000000000005,26.0,17196.0,0.0,17195.0,17195.0,11.0,0.0,0.0
2026-03-30 17:47:39,35,48869.0,4877.0,346.0,0.0,0.0,0.0,350.0,31.0,2.0,9.0886144e+07,1.168310272e+09,333.59000000000003,29.0,17297.0,0.0,17296.0,17296.0,11.0,0.0,0.0
2026-03-30 17:47:51,35,49172.0,4877.0,346.0,0.0,0.0,0.0,351.0,31.0,2.0,9.0886144e+07,1.168310272e+09,335.49,26.0,17397.0,0.0,17396.0,17396.0,11.0,0.0,0.0
2026-03-30 17:48:03,35,49676.0,4877.0,346.0,0.0,0.0,0.0,352.0,31.0,2.0,9.0886144e+07,1.168310272e+09,337.3,26.0,17496.0,0.0,17496.0,17496.0,11.0,0.0,0.0
2026-03-30 17:48:15,35,49676.0,4877.0,346.0,0.0,0.0,0.0,352.0,31.0,2.0,9.0886144e+07,1.168310272e+09,339.13,26.0,17595.0,0.0,17595.0,17595.0,11.0,0.0,0.0
2026-03-30 17:48:27,36,49676.0,5381.0,346.0,0.0,0.0,0.0,352.0,32.0,2.0,9.0886144e+07,1.168310272e+09,341.09000000000003,26.0,17694.0,0.0,17694.0,17694.0,11.0,0.0,0.0
2026-03-30 17:48:39,36,49676.0,5381.0,346.0,0.0,0.0,0.0,352.0,32.0,2.0,9.0886144e+07,1.168310272e+09,343.01,26.0,17795.0,0.0,17795.0,17795.0,11.0,0.0,0.0
2026-03-30 17:48:51,36,50165.0,5381.0,346.0,0.0,0.0,0.0,353.0,32.0,2.0,9.0886144e+07,1.168310272e+09,344.92,29.0,17895.0,0.0,17894.0,17894.0,11.0,0.0,0.0
2026-03-30 17:49:03,36,50462.0,5381.0,346.0,0.0,0.0,0.0,354.0,32.0,2.0,9.0886144e+07,1.168310272e+09,346.84,26.0,17995.0,0.0,17995.0,17995.0,11.0,0.0,0.0
2026-03-30 17:49:15,36,50966.0,5381.0,346.0,0.0,0.0,0.0,355.0,32.0,2.0,9.0886144e+07,1.168310272e+09,348.71000000000004,27.0,18095.0,0.0,18094.0,18094.0,11.0,0.0,0.0
2026-03-30 17:49:27,37,50966.0,5381.0,346.0,0.0,0.0,0.0,355.0,32.0,2.0,9.0886144e+07,1.168310272e+09,350.57,27.0,18194.0,0.0,18193.0,18193.0,11.0,0.0,0.0
2026-03-30 17:49:39,37,51359.0,5381.0,346.0,0.0,0.0,0.0,356.0,32.0,2.0,9.0886144e+07,1.168310272e+09,352.46000000000004,29.0,18293.0,0.0,18292.0,18292.0,11.0,0.0,0.0
2026-03-30 17:49:52,37,51656.0,5381.0,346.0,0.0,0.0,0.0,357.0,32.0,2.0,9.0886144e+07,1.168310272e+09,354.35,26.0,18393.0,0.0,18393.0,18393.0,11.0,0.0,0.0
2026-03-30 17:50:04,37,52160.0,5381.0,346.0,0.0,0.0,0.0,358.0,32.0,2.0,9.0886144e+07,1.168310272e+09,356.21999999999997,26.0,18492.0,0.0,18492.0,18492.0,11.0,0.0,0.0
2026-03-30 17:50:16,37,52160.0,5381.0,346.0,0.0,0.0,0.0,358.0,32.0,2.0,9.0886144e+07,1.168310272e+09,358.16999999999996,26.0,18591.0,0.0,18591.0,18591.0,11.0,0.0,0.0
2026-03-30 17:50:28,38,52664.0,5381.0,346.0,0.0,0.0,0.0,359.0,32.0,2.0,9.0886144e+07,1.168310272e+09,360.07,26.0,18691.0,0.0,18691.0,18691.0,11.0,0.0,0.0
2026-03-30 17:50:40,38,52664.0,5381.0,346.0,0.0,0.0,0.0,359.0,32.0,2.0,9.0886144e+07,1.168310272e+09,361.86,26.0,18792.0,0.0,18792.0,18792.0,11.0,0.0,0.0
2026-03-30 17:50:52,38,53156.0,5381.0,346.0,0.0,0.0,0.0,360.0,32.0,2.0,9.0886144e+07,1.168310272e+09,363.7,26.0,18891.0,0.0,18891.0,18891.0,11.0,0.0,0.0
2026-03-30 17:51:04,38,53657.0,5381.0,346.0,0.0,0.0,0.0,361.0,32.0,2.0,9.0886144e+07,1.168310272e+09,365.61,26.0,18991.0,0.0,18991.0,18991.0,11.0,0.0,0.0
2026-03-30 17:51:16,38,53657.0,5381.0,346.0,0.0,0.0,0.0,361.0,32.0,2.0,9.0886144e+07,1.168310272e+09,367.49,26.0,19090.0,0.0,19090.0,19090.0,11.0,0.0,0.0
2026-03-30 17:51:28,39,54161.0,5381.0,346.0,0.0,0.0,0.0,362.0,32.0,2.0,9.0886144e+07,1.168310272e+09,369.38,26.0,19190.0,0.0,19190.0,19190.0,11.0,0.0,0.0
2026-03-30 17:51:40,39,54161.0,5381.0,346.0,0.0,0.0,0.0,362.0,32.0,2.0,9.0886144e+07,1.168310272e+09,371.41999999999996,26.0,19290.0,0.0,19290.0,19290.0,11.0,0.0,0.0
2026-03-30 17:51:52,39,54650.0,5381.0,346.0,0.0,0.0,0.0,363.0,32.0,2.0,9.0886144e+07,1.168310272e+09,373.36,26.0,19389.0,0.0,19389.0,19389.0,11.0,0.0,0.0
2026-03-30 17:52:05,39,54650.0,5882.0,346.0,0.0,0.0,0.0,363.0,33.0,2.0,9.0886144e+07,1.168310272e+09,375.29,26.0,19489.0,0.0,19489.0,19489.0,11.0,0.0,0.0
2026-03-30 17:52:17,39,54650.0,5882.0,346.0,0.0,0.0,0.0,363.0,33.0,2.0,9.0886144e+07,1.168310272e+09,377.32,26.0,19590.0,0.0,19590.0,19590.0,11.0,0.0,0.0
2026-03-30 17:52:29,40,55154.0,5882.0,346.0,0.0,0.0,0.0,364.0,33.0,2.0,9.0886144e+07,1.168310272e+09,379.14,26.0,19690.0,0.0,19690.0,19690.0,11.0,0.0,0.0
2026-03-30 17:52:41,40,55649.0,5882.0,346.0,0.0,0.0,0.0,365.0,33.0,2.0,9.0886144e+07,1.168310272e+09,381.14,29.0,19791.0,0.0,19790.0,19790.0,11.0,0.0,0.0
2026-03-30 17:52:53,40,55649.0,5882.0,346.0,0.0,0.0,0.0,365.0,33.0,2.0,9.0886144e+07,1.168310272e+09,383.08,26.0,19892.0,0.0,19892.0,19892.0,11.0,0.0,0.0
2026-03-30 17:53:06,40,56153.0,5882.0,346.0,0.0,0.0,0.0,366.0,33.0,2.0,9.0886144e+07,1.168310272e+09,384.90999999999997,26.0,19993.0,0.0,19993.0,19993.0,11.0,0.0,0.0
2026-03-30 17:53:18,40,56153.0,5882.0,346.0,0.0,0.0,0.0,366.0,33.0,2.0,9.0886144e+07,1.168310272e+09,386.92,26.0,20093.0,0.0,20093.0,20093.0,11.0,0.0,0.0
2026-03-30 17:53:30,41,56657.0,5882.0,346.0,0.0,0.0,0.0,367.0,33.0,2.0,9.0886144e+07,1.168310272e+09,388.81,26.0,20194.0,0.0,20194.0,20194.0,11.0,0.0,0.0
2026-03-30 17:53:42,41,57158.0,5882.0,346.0,0.0,0.0,0.0,368.0,33.0,2.0,9.0886144e+07,1.168310272e+09,390.67,26.0,20295.0,0.0,20295.0,20295.0,11.0,0.0,0.0
2026-03-30 17:53:54,41,57158.0,5882.0,346.0,0.0,0.0,0.0,368.0,33.0,2.0,9.0886144e+07,1.168310272e+09,392.6,26.0,20395.0,0.0,20395.0,20395.0,11.0,0.0,0.0
2026-03-30 17:54:07,41,57662.0,5882.0,346.0,0.0,0.0,0.0,369.0,33.0,2.0,9.0886144e+07,1.168310272e+09,394.52,26.0,20495.0,0.0,20495.0,20495.0,11.0,0.0,0.0
2026-03-30 17:54:19,41,57662.0,5882.0,346.0,0.0,0.0,0.0,369.0,33.0,2.0,9.0886144e+07,1.168310272e+09,396.44,26.0,20596.0,0.0,20596.0,20596.0,11.0,0.0,0.0
2026-03-30 17:54:31,42,58166.0,5882.0,346.0,0.0,0.0,0.0,370.0,33.0,2.0,9.0886144e+07,1.168310272e+09,398.38,26.0,20696.0,0.0,20696.0,20696.0,11.0,0.0,0.0
2026-03-30 17:54:43,42,58664.0,5882.0,346.0,0.0,0.0,0.0,371.0,33.0,2.0,9.0886144e+07,1.168310272e+09,400.29,29.0,20796.0,0.0,20795.0,20795.0,11.0,0.0,0.0
2026-03-30 17:54:55,42,58664.0,5882.0,346.0,0.0,0.0,0.0,371.0,33.0,2.0,9.0886144e+07,1.168310272e+09,402.25,29.0,20895.0,0.0,20894.0,20894.0,11.0,0.0,0.0
2026-03-30 17:55:07,42,58961.0,5882.0,346.0,0.0,0.0,0.0,372.0,33.0,2.0,9.0886144e+07,1.168310272e+09,404.14,29.0,20994.0,0.0,20993.0,20993.0,11.0,0.0,0.0
2026-03-30 17:55:19,42,59258.0,5882.0,346.0,0.0,0.0,0.0,373.0,33.0,2.0,9.0886144e+07,1.168310272e+09,406.14000000000004,29.0,21095.0,0.0,21094.0,21094.0,11.0,0.0,0.0
2026-03-30 17:55:32,43,59561.0,5882.0,346.0,0.0,0.0,0.0,374.0,33.0,2.0,9.0886144e+07,1.168310272e+09,408.06,29.0,21194.0,0.0,21193.0,21193.0,11.0,0.0,0.0
2026-03-30 17:55:44,43,59561.0,6179.0,346.0,0.0,0.0,0.0,374.0,34.0,2.0,9.0886144e+07,1.168310272e+09,410.04,26.0,21294.0,0.0,21294.0,21294.0,11.0,0.0,0.0
2026-03-30 17:55:56,43,60065.0,6179.0,346.0,0.0,0.0,0.0,375.0,34.0,2.0,9.0886144e+07,1.168310272e+09,412.0,29.0,21394.0,0.0,21393.0,21393.0,11.0,0.0,0.0
2026-03-30 17:56:08,43,60065.0,6179.0,346.0,0.0,0.0,0.0,375.0,34.0,2.0,9.0886144e+07,1.168310272e+09,413.94,29.0,21493.0,0.0,21492.0,21492.0,11.0,0.0,0.0
2026-03-30 17:56:20,43,60458.0,6179.0,346.0,0.0,0.0,0.0,376.0,34.0,2.0,9.0886144e+07,1.168310272e+09,415.93,26.0,21592.0,0.0,21592.0,21592.0,11.0,0.0,0.0
2026-03-30 17:56:32,44,60962.0,6179.0,346.0,0.0,0.0,0.0,377.0,34.0,2.0,9.0886144e+07,1.168310272e+09,417.85999999999996,29.0,21694.0,0.0,21693.0,21693.0,11.0,0.0,0.0
2026-03-30 17:56:44,44,60962.0,6179.0,346.0,0.0,0.0,0.0,377.0,34.0,2.0,9.0886144e+07,1.168310272e+09,419.72,28.0,21794.0,0.0,21793.0,21793.0,11.0,0.0,0.0
2026-03-30 17:56:56,44,61361.0,6179.0,346.0,0.0,0.0,0.0,378.0,34.0,2.0,9.0886144e+07,1.168310272e+09,421.55,27.0,21893.0,0.0,21892.0,21892.0,11.0,0.0,0.0
2026-03-30 17:57:08,44,61865.0,6179.0,346.0,0.0,0.0,0.0,379.0,34.0,2.0,9.0886144e+07,1.168310272e+09,423.53000000000003,29.0,21993.0,0.0,21992.0,21992.0,11.0,0.0,0.0
2026-03-30 17:57:20,44,61865.0,6179.0,346.0,0.0,0.0,0.0,379.0,34.0,2.0,9.0886144e+07,1.168310272e+09,425.39,29.0,22093.0,0.0,22092.0,22092.0,11.0,0.0,0.0
2026-03-30 17:57:33,45,62258.0,6179.0,346.0,0.0,0.0,0.0,380.0,34.0,2.0,9.0886144e+07,1.168310272e+09,427.2,26.0,22193.0,0.0,22193.0,22193.0,11.0,0.0,0.0
2026-03-30 17:57:45,45,62762.0,6179.0,346.0,0.0,0.0,0.0,381.0,34.0,2.0,9.0886144e+07,1.168310272e+09,429.13,27.0,22293.0,0.0,22293.0,22293.0,11.0,0.0,0.0
2026-03-30 17:57:57,45,62762.0,6179.0,346.0,0.0,0.0,0.0,381.0,34.0,2.0,9.0886144e+07,1.168310272e+09,430.96999999999997,26.0,22392.0,0.0,22392.0,22392.0,11.0,0.0,0.0
2026-03-30 17:58:09,45,63266.0,6179.0,346.0,0.0,0.0,0.0,382.0,34.0,2.0,9.0886144e+07,1.168310272e+09,432.88,27.0,22493.0,0.0,22492.0,22492.0,11.0,0.0,0.0
2026-03-30 17:58:21,45,63266.0,6179.0,346.0,0.0,0.0,0.0,382.0,34.0,2.0,9.0886144e+07,1.168310272e+09,434.84,26.0,22594.0,0.0,22594.0,22594.0,11.0,0.0,0.0
2026-03-30 17:58:33,46,63764.0,6179.0,346.0,0.0,0.0,0.0,383.0,34.0,2.0,9.0886144e+07,1.168310272e+09,436.73,26.0,22694.0,0.0,22694.0,22694.0,11.0,0.0,0.0
2026-03-30 17:58:45,46,64265.0,6179.0,346.0,0.0,0.0,0.0,384.0,34.0,2.0,9.0886144e+07,1.168310272e+09,438.69,26.0,22795.0,0.0,22795.0,22795.0,11.0,0.0,0.0
2026-03-30 17:58:58,46,64265.0,6179.0,346.0,0.0,0.0,0.0,384.0,34.0,2.0,9.0886144e+07,1.168310272e+09,440.61,26.0,22896.0,0.0,22896.0,22896.0,11.0,0.0,0.0
2026-03-30 17:59:10,46,64769.0,6179.0,346.0,0.0,0.0,0.0,385.0,34.0,2.0,9.0886144e+07,1.168310272e+09,442.5,26.0,22995.0,0.0,22995.0,22995.0,11.0,0.0,0.0
2026-03-30 17:59:22,46,64769.0,6671.0,346.0,0.0,0.0,0.0,385.0,35.0,2.0,9.0886144e+07,1.168310272e+09,444.44,29.0,23094.0,0.0,23093.0,23093.0,11.0,0.0,0.0
2026-03-30 17:59:34,47,64769.0,6671.0,346.0,0.0,0.0,0.0,385.0,35.0,2.0,9.0886144e+07,1.168310272e+09,446.37,26.0,23195.0,0.0,23195.0,23195.0,11.0,0.0,0.0
2026-03-30 17:59:46,47,65273.0,6671.0,346.0,0.0,0.0,0.0,386.0,35.0,2.0,9.0886144e+07,1.168310272e+09,448.27,26.0,23295.0,0.0,23295.0,23295.0,11.0,0.0,0.0
2026-03-30 17:59:58,47,65273.0,6671.0,346.0,0.0,0.0,0.0,386.0,35.0,2.0,9.0886144e+07,1.168310272e+09,450.18,26.0,23395.0,0.0,23395.0,23395.0,11.0,0.0,0.0
2026-03-30 18:00:10,47,65777.0,6671.0,346.0,0.0,0.0,0.0,387.0,35.0,2.0,9.0886144e+07,1.168310272e+09,452.25,26.0,23496.0,0.0,23496.0,23496.0,11.0,0.0,0.0
2026-03-30 18:00:23,47,65777.0,6671.0,346.0,0.0,0.0,0.0,387.0,35.0,2.0,9.0886144e+07,1.168310272e+09,454.22,26.0,23597.0,0.0,23597.0,23597.0,11.0,0.0,0.0
2026-03-30 18:00:35,48,66281.0,6671.0,346.0,0.0,0.0,0.0,388.0,35.0,2.0,9.0886144e+07,1.168310272e+09,456.14,26.0,23697.0,0.0,23697.0,23697.0,11.0,0.0,0.0
2026-03-30 18:00:47,48,66782.0,6671.0,346.0,0.0,0.0,0.0,389.0,35.0,2.0,9.0886144e+07,1.168310272e+09,458.09,26.0,23797.0,0.0,23797.0,23797.0,11.0,0.0,0.0
2026-03-30 18:00:59,48,66782.0,6671.0,346.0,0.0,0.0,0.0,389.0,35.0,2.0,9.0886144e+07,1.168310272e+09,459.98,26.0,23899.0,0.0,23899.0,23899.0,11.0,0.0,0.0
2026-03-30 18:01:11,48,67286.0,6671.0,346.0,0.0,0.0,0.0,390.0,35.0,2.0,9.0886144e+07,1.168310272e+09,461.79999999999995,26.0,24000.0,0.0,24000.0,24000.0,11.0,0.0,0.0
2026-03-30 18:01:24,48,67286.0,6671.0,346.0,0.0,0.0,0.0,390.0,35.0,2.0,9.0886144e+07,1.168310272e+09,463.78000000000003,26.0,24100.0,0.0,24100.0,24100.0,11.0,0.0,0.0
2026-03-30 18:01:36,49,67790.0,6671.0,346.0,0.0,0.0,0.0,391.0,35.0,2.0,9.0886144e+07,1.168310272e+09,465.68,29.0,24201.0,0.0,24200.0,24200.0,11.0,0.0,0.0
2026-03-30 18:01:48,49,68090.0,6671.0,346.0,0.0,0.0,0.0,392.0,35.0,2.0,9.0886144e+07,1.168310272e+09,467.57,26.0,24300.0,0.0,24300.0,24300.0,11.0,0.0,0.0
2026-03-30 18:02:00,49,68594.0,6671.0,346.0,0.0,0.0,0.0,393.0,35.0,2.0,9.0886144e+07,1.168310272e+09,469.44,29.0,24401.0,0.0,24400.0,24400.0,11.0,0.0,0.0
2026-03-30 18:02:12,49,68594.0,6671.0,346.0,0.0,0.0,0.0,393.0,35.0,2.0,9.0886144e+07,1.168310272e+09,471.45,29.0,24502.0,0.0,24501.0,24501.0,11.0,0.0,0.0
2026-03-30 18:02:24,49,68993.0,6671.0,346.0,0.0,0.0,0.0,394.0,35.0,2.0,9.1017216e+07,1.168310272e+09,473.40000000000003,27.0,24603.0,0.0,24602.0,24602.0,11.0,0.0,0.0
2026-03-30 18:02:36,50,69497.0,6671.0,346.0,0.0,0.0,0.0,395.0,35.0,2.0,9.1017216e+07,1.168310272e+09,475.28,29.0,24702.0,0.0,24701.0,24701.0,11.0,0.0,0.0
2026-03-30 18:02:49,50,69497.0,6671.0,346.0,0.0,0.0,0.0,395.0,35.0,2.0,9.1017216e+07,1.168310272e+09,477.15000000000003,29.0,24802.0,0.0,24801.0,24801.0,11.0,0.0,0.0
2026-03-30 18:03:01,50,69893.0,6671.0,346.0,0.0,0.0,0.0,396.0,35.0,2.0,9.1017216e+07,1.168310272e+09,479.12,26.0,24903.0,0.0,24903.0,24903.0,11.0,0.0,0.0
2026-03-30 18:03:13,50,69893.0,7175.0,346.0,0.0,0.0,0.0,396.0,36.0,2.0,9.1017216e+07,1.168310272e+09,481.1,29.0,25004.0,0.0,25003.0,25003.0,11.0,0.0,0.0
2026-03-30 18:03:25,51,69893.0,7175.0,346.0,0.0,0.0,0.0,396.0,36.0,2.0,9.1017216e+07,1.168310272e+09,483.03,26.0,25103.0,0.0,25103.0,25103.0,11.0,0.0,0.0
2026-03-30 18:03:37,51,70397.0,7175.0,346.0,0.0,0.0,0.0,397.0,36.0,2.0,9.1017216e+07,1.168310272e+09,484.89,26.0,25202.0,0.0,25202.0,25202.0,11.0,0.0,0.0
2026-03-30 18:03:49,51,70397.0,7175.0,346.0,0.0,0.0,0.0,397.0,36.0,2.0,9.1017216e+07,1.168310272e+09,486.85,26.0,25303.0,0.0,25303.0,25303.0,11.0,0.0,0.0
2026-03-30 18:04:02,51,70895.0,7175.0,346.0,0.0,0.0,0.0,398.0,36.0,2.0,9.1017216e+07,1.168310272e+09,488.77000000000004,29.0,25403.0,0.0,25402.0,25402.0,11.0,0.0,0.0
2026-03-30 18:04:14,51,71192.0,7175.0,346.0,0.0,0.0,0.0,399.0,36.0,2.0,9.1017216e+07,1.168310272e+09,490.71,29.0,25504.0,0.0,25503.0,25503.0,11.0,0.0,0.0
2026-03-30 18:04:26,52,71495.0,7175.0,346.0,0.0,0.0,0.0,400.0,36.0,2.0,9.1017216e+07,1.168310272e+09,492.7,26.0,25604.0,0.0,25604.0,25604.0,11.0,0.0,0.0
2026-03-30 18:04:38,52,71999.0,7175.0,346.0,0.0,0.0,0.0,401.0,36.0,2.0,9.1017216e+07,1.168310272e+09,494.7,26.0,25704.0,0.0,25704.0,25704.0,11.0,0.0,0.0
2026-03-30 18:04:51,52,71999.0,7175.0,346.0,0.0,0.0,0.0,401.0,36.0,2.0,9.1017216e+07,1.168310272e+09,496.65,29.0,25806.0,0.0,25805.0,25805.0,11.0,0.0,0.0
2026-03-30 18:05:03,52,72401.0,7175.0,346.0,0.0,0.0,0.0,402.0,36.0,2.0,9.1017216e+07,1.168310272e+09,498.65,26.0,25906.0,0.0,25906.0,25906.0,11.0,0.0,0.0
2026-03-30 18:05:15,52,72905.0,7175.0,346.0,0.0,0.0,0.0,403.0,36.0,2.0,9.1017216e+07,1.168310272e+09,500.62,26.0,26007.0,0.0,26007.0,26007.0,11.0,0.0,0.0
2026-03-30 18:05:27,53,72905.0,7175.0,346.0,0.0,0.0,0.0,403.0,36.0,2.0,9.1017216e+07,1.168310272e+09,502.53999999999996,29.0,26107.0,0.0,26106.0,26106.0,11.0,0.0,0.0
2026-03-30 18:05:39,53,73304.0,7175.0,346.0,0.0,0.0,0.0,404.0,36.0,2.0,9.1017216e+07,1.168310272e+09,504.4,26.0,26206.0,0.0,26206.0,26206.0,11.0,0.0,0.0
2026-03-30 18:05:51,53,73808.0,7175.0,346.0,0.0,0.0,0.0,405.0,36.0,2.0,9.1017216e+07,1.168310272e+09,506.43,29.0,26306.0,0.0,26305.0,26305.0,11.0,0.0,0.0
2026-03-30 18:06:04,53,73808.0,7175.0,346.0,0.0,0.0,0.0,405.0,36.0,2.0,9.1017216e+07,1.168310272e+09,508.34,26.0,26406.0,0.0,26406.0,26406.0,11.0,0.0,0.0
2026-03-30 18:06:16,53,74309.0,7175.0,346.0,0.0,0.0,0.0,406.0,36.0,2.0,9.1017216e+07,1.168310272e+09,510.32000000000005,29.0,26505.0,0.0,26504.0,26504.0,11.0,0.0,0.0
2026-03-30 18:06:28,54,74309.0,7175.0,346.0,0.0,0.0,0.0,406.0,36.0,2.0,9.1017216e+07,1.168310272e+09,512.21,26.0,26605.0,0.0,26605.0,26605.0,11.0,0.0,0.0
2026-03-30 18:06:40,54,74801.0,7175.0,346.0,0.0,0.0,0.0,407.0,36.0,2.0,9.1017216e+07,1.168310272e+09,514.04,26.0,26704.0,0.0,26704.0,26704.0,11.0,0.0,0.0
2026-03-30 18:06:52,54,74801.0,7676.0,346.0,0.0,0.0,0.0,407.0,37.0,2.0,9.1017216e+07,1.168310272e+09,516.0,29.0,26804.0,0.0,26803.0,26803.0,11.0,0.0,0.0
2026-03-30 18:07:05,54,74801.0,7676.0,346.0,0.0,0.0,0.0,407.0,37.0,2.0,9.1017216e+07,1.168310272e+09,517.93,26.0,26905.0,0.0,26905.0,26905.0,11.0,0.0,0.0
2026-03-30 18:07:17,54,75305.0,7676.0,346.0,0.0,0.0,0.0,408.0,37.0,2.0,9.1148288e+07,1.168310272e+09,519.8,26.0,27006.0,0.0,27006.0,27006.0,11.0,0.0,0.0
2026-03-30 18:07:29,55,75305.0,7676.0,346.0,0.0,0.0,0.0,408.0,37.0,2.0,9.1148288e+07,1.168310272e+09,521.7,26.0,27105.0,0.0,27105.0,27105.0,11.0,0.0,0.0
2026-03-30 18:07:41,55,75800.0,7676.0,346.0,0.0,0.0,0.0,409.0,37.0,2.0,9.1148288e+07,1.168310272e+09,523.79,26.0,27205.0,0.0,27205.0,27205.0,11.0,0.0,0.0
2026-03-30 18:07:53,55,76301.0,7676.0,346.0,0.0,0.0,0.0,410.0,37.0,2.0,9.1148288e+07,1.168310272e+09,525.73,26.0,27305.0,0.0,27305.0,27305.0,11.0,0.0,0.0
2026-03-30 18:08:05,55,76301.0,7676.0,346.0,0.0,0.0,0.0,410.0,37.0,2.0,9.1148288e+07,1.168310272e+09,527.6800000000001,26.0,27405.0,0.0,27405.0,27405.0,11.0,0.0,0.0
2026-03-30 18:08:17,55,76805.0,7676.0,346.0,0.0,0.0,0.0,411.0,37.0,2.0,9.1148288e+07,1.168310272e+09,529.62,29.0,27505.0,0.0,27504.0,27504.0,11.0,0.0,0.0
2026-03-30 18:08:29,56,77300.0,7676.0,346.0,0.0,0.0,0.0,412.0,37.0,2.0,9.1148288e+07,1.168310272e+09,531.64,29.0,27606.0,0.0,27605.0,27605.0,11.0,0.0,0.0
2026-03-30 18:08:42,56,77300.0,7676.0,346.0,0.0,0.0,0.0,412.0,37.0,2.0,9.1148288e+07,1.168310272e+09,533.56,27.0,27706.0,0.0,27706.0,27706.0,11.0,0.0,0.0
2026-03-30 18:08:54,56,77804.0,7676.0,346.0,0.0,0.0,0.0,413.0,37.0,2.0,9.1148288e+07,1.168310272e+09,535.46,26.0,27806.0,0.0,27806.0,27806.0,11.0,0.0,0.0
2026-03-30 18:09:06,56,77804.0,7676.0,346.0,0.0,0.0,0.0,413.0,37.0,2.0,9.1148288e+07,1.168310272e+09,537.4399999999999,29.0,27906.0,0.0,27905.0,27905.0,11.0,0.0,0.0
2026-03-30 18:09:18,56,78200.0,7676.0,346.0,0.0,0.0,0.0,414.0,37.0,2.0,9.1148288e+07,1.168310272e+09,539.2900000000001,26.0,28006.0,0.0,28006.0,28006.0,11.0,0.0,0.0
2026-03-30 18:09:30,57,78704.0,7676.0,346.0,0.0,0.0,0.0,415.0,37.0,2.0,9.1148288e+07,1.168310272e+09,541.28,26.0,28106.0,0.0,28106.0,28106.0,11.0,0.0,0.0
2026-03-30 18:09:42,57,78704.0,7676.0,346.0,0.0,0.0,0.0,415.0,37.0,2.0,9.1148288e+07,1.168310272e+09,543.22,27.0,28207.0,0.0,28206.0,28206.0,11.0,0.0,0.0
2026-03-30 18:09:55,57,79103.0,7676.0,346.0,0.0,0.0,0.0,416.0,37.0,2.0,9.1148288e+07,1.168310272e+09,545.22,26.0,28306.0,0.0,28306.0,28306.0,11.0,0.0,0.0
2026-03-30 18:10:07,57,79607.0,7676.0,346.0,0.0,0.0,0.0,417.0,37.0,2.0,9.1148288e+07,1.168310272e+09,547.22,27.0,28407.0,0.0,28406.0,28406.0,11.0,0.0,0.0
2026-03-30 18:10:19,57,79607.0,7676.0,346.0,0.0,0.0,0.0,417.0,37.0,2.0,9.1148288e+07,1.168310272e+09,549.12,27.0,28508.0,0.0,28507.0,28507.0,11.0,0.0,0.0
2026-03-30 18:10:31,58,80006.0,7676.0,346.0,0.0,0.0,0.0,418.0,37.0,2.0,9.1148288e+07,1.168310272e+09,551.02,29.0,28607.0,0.0,28606.0,28606.0,11.0,0.0,0.0
2026-03-30 18:10:43,58,80006.0,7973.0,346.0,0.0,0.0,0.0,418.0,38.0,2.0,9.1148288e+07,1.168310272e+09,552.8399999999999,27.0,28708.0,0.0,28707.0,28707.0,11.0,0.0,0.0
2026-03-30 18:10:56,58,80510.0,7973.0,346.0,0.0,0.0,0.0,419.0,38.0,2.0,9.1148288e+07,1.168310272e+09,554.75,26.0,28808.0,0.0,28808.0,28808.0,11.0,0.0,0.0
2026-03-30 18:11:08,58,80510.0,7973.0,346.0,0.0,0.0,0.0,419.0,38.0,2.0,9.1148288e+07,1.168310272e+09,556.69,29.0,28908.0,0.0,28907.0,28907.0,11.0,0.0,0.0
2026-03-30 18:11:20,58,80909.0,7973.0,346.0,0.0,0.0,0.0,420.0,38.0,2.0,9.1148288e+07,1.168310272e+09,558.61,26.0,29008.0,0.0,29008.0,29008.0,11.0,0.0,0.0
2026-03-30 18:11:32,59,81413.0,7973.0,346.0,0.0,0.0,0.0,421.0,38.0,2.0,9.1148288e+07,1.168310272e+09,560.59,26.0,29108.0,0.0,29108.0,29108.0,11.0,0.0,0.0
2026-03-30 18:11:44,59,81413.0,7973.0,346.0,0.0,0.0,0.0,421.0,38.0,2.0,9.1148288e+07,1.168310272e+09,562.48,26.0,29208.0,0.0,29208.0,29208.0,11.0,0.0,0.0
2026-03-30 18:11:56,59,81917.0,7973.0,346.0,0.0,0.0,0.0,422.0,38.0,2.0,9.1148288e+07,1.168310272e+09,564.35,26.0,29308.0,0.0,29308.0,29308.0,11.0,0.0,0.0
2026-03-30 18:12:09,59,81917.0,7973.0,346.0,0.0,0.0,0.0,422.0,38.0,2.0,9.1148288e+07,1.168310272e+09,566.1899999999999,26.0,29409.0,0.0,29409.0,29409.0,11.0,0.0,0.0
2026-03-30 18:12:21,59,82415.0,7973.0,346.0,0.0,0.0,0.0,423.0,38.0,2.0,9.1148288e+07,1.168310272e+09,568.06,29.0,29509.0,0.0,29508.0,29508.0,11.0,0.0,0.0
2026-03-30 18:12:33,60,82712.0,7973.0,346.0,0.0,0.0,0.0,424.0,38.0,2.0,9.1148288e+07,1.168310272e+09,569.95,29.0,29609.0,0.0,29608.0,29608.0,11.0,0.0,0.0
2026-03-30 18:12:45,60,83012.0,7973.0,346.0,0.0,0.0,0.0,425.0,38.0,2.0,9.1148288e+07,1.168310272e+09,571.13,26.0,29667.0,0.0,29667.0,29667.0,11.0,0.0,0.0
2026-03-30 18:12:57,60,83012.0,7973.0,346.0,0.0,0.0,0.0,425.0,38.0,2.0,9.1148288e+07,1.168310272e+09,572.2099999999999,29.0,29726.0,0.0,29725.0,29725.0,11.0,0.0,0.0
2026-03-30 18:13:09,60,83363.0,7973.0,346.0,0.0,0.0,0.0,426.0,38.0,2.0,9.1148288e+07,1.168310272e+09,574.0999999999999,29.0,29827.0,0.0,29826.0,29826.0,11.0,0.0,0.0
2026-03-30 18:13:22,60,83666.0,7973.0,346.0,0.0,0.0,0.0,427.0,38.0,2.0,9.1148288e+07,1.168310272e+09,576.01,26.0,29928.0,0.0,29928.0,29928.0,11.0,0.0,0.0
2026-03-30 18:13:34,61,84170.0,7973.0,346.0,0.0,0.0,0.0,428.0,38.0,2.0,9.1148288e+07,1.168310272e+09,578.0,26.0,30029.0,0.0,30029.0,30029.0,11.0,0.0,0.0
2026-03-30 18:13:46,61,84170.0,7973.0,346.0,0.0,0.0,0.0,428.0,38.0,2.0,9.1148288e+07,1.168310272e+09,579.9499999999999,29.0,30128.0,0.0,30127.0,30127.0,11.0,0.0,0.0
2026-03-30 18:13:58,61,84569.0,7973.0,346.0,0.0,0.0,0.0,429.0,38.0,2.0,9.1148288e+07,1.168310272e+09,581.8399999999999,26.0,30226.0,0.0,30226.0,30226.0,11.0,0.0,0.0
2026-03-30 18:14:10,61,84569.0,8477.0,346.0,0.0,0.0,0.0,429.0,39.0,2.0,9.1148288e+07,1.168310272e+09,583.78,26.0,30327.0,0.0,30327.0,30327.0,11.0,0.0,0.0
2026-03-30 18:14:23,61,84569.0,8477.0,346.0,0.0,0.0,0.0,429.0,39.0,2.0,9.1148288e+07,1.168310272e+09,585.62,26.0,30428.0,0.0,30428.0,30428.0,11.0,0.0,0.0
2026-03-30 18:14:35,62,85073.0,8477.0,346.0,0.0,0.0,0.0,430.0,39.0,2.0,9.1148288e+07,1.168310272e+09,587.5699999999999,27.0,30528.0,0.0,30528.0,30528.0,11.0,0.0,0.0
2026-03-30 18:14:47,62,85073.0,8477.0,346.0,0.0,0.0,0.0,430.0,39.0,2.0,9.1148288e+07,1.168310272e+09,589.4300000000001,26.0,30627.0,0.0,30627.0,30627.0,11.0,0.0,0.0
2026-03-30 18:14:59,62,85565.0,8477.0,346.0,0.0,0.0,0.0,431.0,39.0,2.0,9.1148288e+07,1.168310272e+09,591.3,26.0,30727.0,0.0,30727.0,30727.0,11.0,0.0,0.0
2026-03-30 18:15:11,62,86066.0,8477.0,346.0,0.0,0.0,0.0,432.0,39.0,2.0,9.1148288e+07,1.168310272e+09,593.21,27.0,30828.0,0.0,30827.0,30827.0,11.0,0.0,0.0
2026-03-30 18:15:23,62,86066.0,8477.0,346.0,0.0,0.0,0.0,432.0,39.0,2.0,9.1148288e+07,1.168310272e+09,595.13,26.0,30928.0,0.0,30928.0,30928.0,11.0,0.0,0.0
2026-03-30 18:15:35,63,86570.0,8477.0,346.0,0.0,0.0,0.0,433.0,39.0,2.0,9.1148288e+07,1.168310272e+09,597.0,26.0,31028.0,0.0,31028.0,31028.0,11.0,0.0,0.0
2026-03-30 18:15:47,63,86570.0,8477.0,346.0,0.0,0.0,0.0,433.0,39.0,2.0,9.1148288e+07,1.168310272e+09,598.82,26.0,31127.0,0.0,31127.0,31127.0,11.0,0.0,0.0
2026-03-30 18:15:59,63,87065.0,8477.0,346.0,0.0,0.0,0.0,434.0,39.0,2.0,9.1148288e+07,1.168310272e+09,600.69,27.0,31227.0,0.0,31227.0,31227.0,11.0,0.0,0.0
2026-03-30 18:16:11,63,87566.0,8477.0,346.0,0.0,0.0,0.0,435.0,39.0,2.0,9.1148288e+07,1.168310272e+09,602.65,26.0,31327.0,0.0,31327.0,31327.0,11.0,0.0,0.0
2026-03-30 18:16:24,63,87566.0,8477.0,346.0,0.0,0.0,0.0,435.0,39.0,2.0,9.1148288e+07,1.168310272e+09,604.64,26.0,31428.0,0.0,31428.0,31428.0,11.0,0.0,0.0
2026-03-30 18:16:36,64,88070.0,8477.0,346.0,0.0,0.0,0.0,436.0,39.0,2.0,9.1148288e+07,1.168310272e+09,606.6,26.0,31528.0,0.0,31528.0,31528.0,11.0,0.0,0.0
2026-03-30 18:16:48,64,88070.0,8477.0,346.0,0.0,0.0,0.0,436.0,39.0,2.0,9.1148288e+07,1.168310272e+09,608.57,26.0,31627.0,0.0,31627.0,31627.0,11.0,0.0,0.0
2026-03-30 18:17:00,64,88565.0,8477.0,346.0,0.0,0.0,0.0,437.0,39.0,2.0,9.1148288e+07,1.168310272e+09,610.45,26.0,31727.0,0.0,31727.0,31727.0,11.0,0.0,0.0
2026-03-30 18:17:12,64,89066.0,8477.0,346.0,0.0,0.0,0.0,438.0,39.0,2.0,9.1148288e+07,1.168310272e+09,612.43,26.0,31828.0,0.0,31828.0,31828.0,11.0,0.0,0.0
2026-03-30 18:17:25,65,89066.0,8477.0,346.0,0.0,0.0,0.0,438.0,39.0,2.0,9.1148288e+07,1.168310272e+09,614.49,26.0,31929.0,0.0,31929.0,31929.0,11.0,0.0,0.0
2026-03-30 18:17:37,65,89570.0,8477.0,346.0,0.0,0.0,0.0,439.0,39.0,2.0,9.1148288e+07,1.168310272e+09,616.4399999999999,29.0,32029.0,0.0,32028.0,32028.0,11.0,0.0,0.0
2026-03-30 18:17:49,65,89570.0,8477.0,346.0,0.0,0.0,0.0,439.0,39.0,2.0,9.1148288e+07,1.168310272e+09,618.4100000000001,26.0,32129.0,0.0,32129.0,32129.0,11.0,0.0,0.0
2026-03-30 18:18:01,65,90071.0,8477.0,346.0,0.0,0.0,0.0,440.0,39.0,2.0,9.1148288e+07,1.168310272e+09,620.29,26.0,32229.0,0.0,32229.0,32229.0,11.0,0.0,0.0
2026-03-30 18:18:13,65,90071.0,8978.0,346.0,0.0,0.0,0.0,440.0,40.0,2.0,9.1148288e+07,1.168310272e+09,622.21,26.0,32328.0,0.0,32327.0,32327.0,11.0,0.0,0.0
2026-03-30 18:18:25,66,90071.0,8978.0,346.0,0.0,0.0,0.0,440.0,40.0,2.0,9.1148288e+07,1.168310272e+09,624.1300000000001,26.0,32427.0,0.0,32427.0,32427.0,11.0,0.0,0.0
2026-03-30 18:18:37,66,90575.0,8978.0,346.0,0.0,0.0,0.0,441.0,40.0,2.0,9.1148288e+07,1.168310272e+09,626.13,26.0,32527.0,0.0,32527.0,32527.0,11.0,0.0,0.0
2026-03-30 18:18:50,66,90575.0,8978.0,346.0,0.0,0.0,0.0,441.0,40.0,2.0,9.1148288e+07,1.168310272e+09,628.1500000000001,27.0,32627.0,0.0,32626.0,32626.0,11.0,0.0,0.0
2026-03-30 18:19:02,66,91061.0,8978.0,346.0,0.0,0.0,0.0,442.0,40.0,2.0,9.1148288e+07,1.168310272e+09,630.1,26.0,32727.0,0.0,32727.0,32727.0,11.0,0.0,0.0
2026-03-30 18:19:14,66,91565.0,8978.0,346.0,0.0,0.0,0.0,443.0,40.0,2.0,9.1148288e+07,1.168310272e+09,631.94,26.0,32828.0,0.0,32828.0,32828.0,11.0,0.0,0.0
2026-03-30 18:19:26,67,91565.0,8978.0,346.0,0.0,0.0,0.0,443.0,40.0,2.0,9.1148288e+07,1.168310272e+09,633.86,26.0,32929.0,0.0,32929.0,32929.0,11.0,0.0,0.0
2026-03-30 18:19:39,67,92069.0,8978.0,346.0,0.0,0.0,0.0,444.0,40.0,2.0,9.1148288e+07,1.168310272e+09,635.8,29.0,33029.0,0.0,33028.0,33028.0,11.0,0.0,0.0
2026-03-30 18:19:51,67,92069.0,8978.0,346.0,0.0,0.0,0.0,444.0,40.0,2.0,9.1148288e+07,1.168310272e+09,637.78,26.0,33129.0,0.0,33129.0,33129.0,11.0,0.0,0.0
2026-03-30 18:20:03,67,92570.0,8978.0,346.0,0.0,0.0,0.0,445.0,40.0,2.0,9.1148288e+07,1.168310272e+09,639.63,26.0,33228.0,0.0,33228.0,33228.0,11.0,0.0,0.0
2026-03-30 18:20:15,67,93071.0,8978.0,346.0,0.0,0.0,0.0,446.0,40.0,2.0,9.1148288e+07,1.168310272e+09,641.47,26.0,33328.0,0.0,33328.0,33328.0,11.0,0.0,0.0
2026-03-30 18:20:27,68,93071.0,8978.0,346.0,0.0,0.0,0.0,446.0,40.0,2.0,9.1148288e+07,1.168310272e+09,643.33,26.0,33428.0,0.0,33428.0,33428.0,11.0,0.0,0.0
2026-03-30 18:20:39,68,93575.0,8978.0,346.0,0.0,0.0,0.0,447.0,40.0,2.0,9.1148288e+07,1.168310272e+09,645.29,29.0,33528.0,0.0,33527.0,33527.0,11.0,0.0,0.0
2026-03-30 18:20:52,68,93575.0,8978.0,346.0,0.0,0.0,0.0,447.0,40.0,2.0,9.1148288e+07,1.168310272e+09,647.32,26.0,33627.0,0.0,33627.0,33627.0,11.0,0.0,0.0
2026-03-30 18:21:04,68,94064.0,8978.0,346.0,0.0,0.0,0.0,448.0,40.0,2.0,9.1148288e+07,1.168310272e+09,649.22,26.0,33727.0,0.0,33727.0,33727.0,11.0,0.0,0.0
2026-03-30 18:21:16,68,94565.0,8978.0,346.0,0.0,0.0,0.0,449.0,40.0,2.0,9.1148288e+07,1.168310272e+09,651.14,26.0,33826.0,0.0,33826.0,33826.0,11.0,0.0,0.0
2026-03-30 18:21:28,69,94565.0,8978.0,346.0,0.0,0.0,0.0,449.0,40.0,2.0,9.1148288e+07,1.168310272e+09,653.11,26.0,33926.0,0.0,33926.0,33926.0,11.0,0.0,0.0
2026-03-30 18:21:40,69,95069.0,8978.0,346.0,0.0,0.0,0.0,450.0,40.0,2.0,9.1148288e+07,1.168310272e+09,655.0799999999999,26.0,34025.0,0.0,34025.0,34025.0,11.0,0.0,0.0
2026-03-30 18:21:52,69,95069.0,8978.0,346.0,0.0,0.0,0.0,450.0,40.0,2.0,9.1148288e+07,1.168310272e+09,656.9499999999999,26.0,34124.0,0.0,34124.0,34124.0,11.0,0.0,0.0
2026-03-30 18:22:04,69,95573.0,8978.0,346.0,0.0,0.0,0.0,451.0,40.0,2.0,9.1148288e+07,1.168310272e+09,658.88,26.0,34225.0,0.0,34225.0,34225.0,11.0,0.0,0.0
2026-03-30 18:22:16,69,95573.0,9482.0,346.0,0.0,0.0,0.0,451.0,41.0,2.0,9.1148288e+07,1.168310272e+09,660.77,26.0,34325.0,0.0,34325.0,34325.0,11.0,0.0,0.0
2026-03-30 18:22:29,70,95573.0,9482.0,346.0,0.0,0.0,0.0,451.0,41.0,2.0,9.1148288e+07,1.168310272e+09,662.6400000000001,26.0,34425.0,0.0,34425.0,34425.0,11.0,0.0,0.0
2026-03-30 18:22:41,70,96074.0,9482.0,346.0,0.0,0.0,0.0,452.0,41.0,2.0,9.1148288e+07,1.168310272e+09,664.64,26.0,34526.0,0.0,34526.0,34526.0,11.0,0.0,0.0
2026-03-30 18:22:53,70,96074.0,9482.0,346.0,0.0,0.0,0.0,452.0,41.0,2.0,9.1148288e+07,1.168310272e+09,666.59,26.0,34626.0,0.0,34626.0,34626.0,11.0,0.0,0.0
2026-03-30 18:23:05,70,96575.0,9482.0,346.0,0.0,0.0,0.0,453.0,41.0,2.0,9.1148288e+07,1.168310272e+09,668.5300000000001,26.0,34726.0,0.0,34726.0,34726.0,11.0,0.0,0.0
2026-03-30 18:23:18,70,97079.0,9482.0,346.0,0.0,0.0,0.0,454.0,41.0,2.0,9.1148288e+07,1.168310272e+09,670.4100000000001,27.0,34827.0,0.0,34826.0,34826.0,11.0,0.0,0.0
2026-03-30 18:23:30,71,97079.0,9482.0,346.0,0.0,0.0,0.0,454.0,41.0,2.0,9.1148288e+07,1.168310272e+09,672.29,27.0,34928.0,0.0,34928.0,34928.0,11.0,0.0,0.0
2026-03-30 18:23:42,71,97463.0,9482.0,346.0,0.0,0.0,0.0,455.0,41.0,2.0,9.1148288e+07,1.168310272e+09,674.24,26.0,35028.0,0.0,35028.0,35028.0,11.0,0.0,0.0
2026-03-30 18:23:54,71,97964.0,9482.0,346.0,0.0,0.0,0.0,456.0,41.0,2.0,9.1148288e+07,1.168310272e+09,676.09,26.0,35128.0,0.0,35128.0,35128.0,11.0,0.0,0.0
2026-03-30 18:24:06,71,97964.0,9482.0,346.0,0.0,0.0,0.0,456.0,41.0,2.0,9.1148288e+07,1.168310272e+09,678.04,26.0,35228.0,0.0,35228.0,35228.0,11.0,0.0,0.0
2026-03-30 18:24:19,71,98468.0,9482.0,346.0,0.0,0.0,0.0,457.0,41.0,2.0,9.1148288e+07,1.168310272e+09,679.93,26.0,35328.0,0.0,35327.0,35327.0,11.0,0.0,0.0
2026-03-30 18:24:31,72,98468.0,9482.0,346.0,0.0,0.0,0.0,457.0,41.0,2.0,9.1148288e+07,1.168310272e+09,681.8000000000001,26.0,35428.0,0.0,35427.0,35427.0,11.0,0.0,0.0
2026-03-30 18:24:43,72,98960.0,9482.0,346.0,0.0,0.0,0.0,458.0,41.0,2.0,9.1148288e+07,1.168310272e+09,683.79,26.0,35526.0,0.0,35526.0,35526.0,11.0,0.0,0.0
2026-03-30 18:24:55,72,99464.0,9482.0,346.0,0.0,0.0,0.0,459.0,41.0,2.0,9.1148288e+07,1.168310272e+09,685.64,26.0,35626.0,0.0,35626.0,35626.0,11.0,0.0,0.0
2026-03-30 18:25:07,72,99464.0,9482.0,346.0,0.0,0.0,0.0,459.0,41.0,2.0,9.1148288e+07,1.168310272e+09,687.5,26.0,35726.0,0.0,35726.0,35726.0,11.0,0.0,0.0
2026-03-30 18:25:19,72,99965.0,9482.0,346.0,0.0,0.0,0.0,460.0,41.0,2.0,9.1148288e+07,1.168310272e+09,689.33,26.0,35827.0,0.0,35827.0,35827.0,11.0,0.0,0.0
2026-03-30 18:25:31,73,99965.0,9482.0,346.0,0.0,0.0,0.0,460.0,41.0,2.0,9.1148288e+07,1.168310272e+09,691.25,26.0,35928.0,0.0,35928.0,35928.0,11.0,0.0,0.0
2026-03-30 18:25:44,73,100463.0,9482.0,346.0,0.0,0.0,0.0,461.0,41.0,2.0,9.1148288e+07,1.168310272e+09,693.25,26.0,36029.0,0.0,36029.0,36029.0,11.0,0.0,0.0
2026-03-30 18:25:56,73,100964.0,9482.0,346.0,0.0,0.0,0.0,462.0,41.0,2.0,9.1148288e+07,1.168310272e+09,695.1999999999999,29.0,36130.0,0.0,36129.0,36129.0,11.0,0.0,0.0
2026-03-30 18:26:08,73,100964.0,9482.0,346.0,0.0,0.0,0.0,462.0,41.0,2.0,9.1148288e+07,1.168310272e+09,697.14,26.0,36230.0,0.0,36230.0,36230.0,11.0,0.0,0.0
2026-03-30 18:26:20,73,100964.0,9986.0,346.0,0.0,0.0,0.0,462.0,42.0,2.0,9.1148288e+07,1.168310272e+09,699.1400000000001,26.0,36331.0,0.0,36331.0,36331.0,11.0,0.0,0.0
2026-03-30 18:26:32,74,101468.0,9986.0,346.0,0.0,0.0,0.0,463.0,42.0,2.0,9.1148288e+07,1.168310272e+09,701.0999999999999,29.0,36432.0,0.0,36431.0,36431.0,11.0,0.0,0.0
2026-03-30 18:26:45,74,101468.0,9986.0,346.0,0.0,0.0,0.0,463.0,42.0,2.0,9.1148288e+07,1.168310272e+09,703.01,26.0,36532.0,0.0,36532.0,36532.0,11.0,0.0,0.0
2026-03-30 18:26:57,74,101972.0,9986.0,346.0,0.0,0.0,0.0,464.0,42.0,2.0,9.1148288e+07,1.168310272e+09,704.9200000000001,26.0,36632.0,0.0,36632.0,36632.0,11.0,0.0,0.0
2026-03-30 18:27:09,74,101972.0,9986.0,346.0,0.0,0.0,0.0,464.0,42.0,2.0,9.1148288e+07,1.168310272e+09,706.79,29.0,36732.0,0.0,36731.0,36731.0,11.0,0.0,0.0
2026-03-30 18:27:21,74,102368.0,9986.0,346.0,0.0,0.0,0.0,465.0,42.0,2.0,9.1148288e+07,1.168310272e+09,708.64,26.0,36833.0,0.0,36833.0,36833.0,11.0,0.0,0.0
2026-03-30 18:27:33,75,102872.0,9986.0,346.0,0.0,0.0,0.0,466.0,42.0,2.0,9.1148288e+07,1.168310272e+09,710.54,26.0,36932.0,0.0,36932.0,36932.0,11.0,0.0,0.0
2026-03-30 18:27:45,75,102872.0,9986.0,346.0,0.0,0.0,0.0,466.0,42.0,2.0,9.1148288e+07,1.168310272e+09,712.41,26.0,37033.0,0.0,37033.0,37033.0,11.0,0.0,0.0
2026-03-30 18:27:57,75,103376.0,9986.0,346.0,0.0,0.0,0.0,467.0,42.0,2.0,9.1148288e+07,1.168310272e+09,714.29,26.0,37134.0,0.0,37134.0,37134.0,11.0,0.0,0.0
2026-03-30 18:28:09,75,103874.0,9986.0,346.0,0.0,0.0,0.0,468.0,42.0,2.0,9.1148288e+07,1.168310272e+09,716.17,29.0,37234.0,0.0,37233.0,37233.0,11.0,0.0,0.0
2026-03-30 18:28:21,75,103874.0,9986.0,346.0,0.0,0.0,0.0,468.0,42.0,2.0,9.1148288e+07,1.168310272e+09,718.01,26.0,37332.0,0.0,37332.0,37332.0,11.0,0.0,0.0
2026-03-30 18:28:33,76,104378.0,9986.0,346.0,0.0,0.0,0.0,469.0,42.0,2.0,9.1148288e+07,1.168310272e+09,719.8499999999999,26.0,37431.0,0.0,37431.0,37431.0,11.0,0.0,0.0
2026-03-30 18:28:46,76,104378.0,9986.0,346.0,0.0,0.0,0.0,469.0,42.0,2.0,9.1148288e+07,1.168310272e+09,721.8,26.0,37531.0,0.0,37531.0,37531.0,11.0,0.0,0.0
2026-03-30 18:28:58,76,104879.0,9986.0,346.0,0.0,0.0,0.0,470.0,42.0,2.0,9.1148288e+07,1.168310272e+09,723.64,26.0,37630.0,0.0,37630.0,37630.0,11.0,0.0,0.0
2026-03-30 18:29:10,76,105362.0,9986.0,346.0,0.0,0.0,0.0,471.0,42.0,2.0,9.1148288e+07,1.168310272e+09,725.6999999999999,27.0,37730.0,0.0,37730.0,37730.0,11.0,0.0,0.0
2026-03-30 18:29:22,76,105362.0,9986.0,346.0,0.0,0.0,0.0,471.0,42.0,2.0,9.1148288e+07,1.168310272e+09,727.6199999999999,26.0,37828.0,0.0,37828.0,37828.0,11.0,0.0,0.0
2026-03-30 18:29:34,77,105866.0,9986.0,346.0,0.0,0.0,0.0,472.0,42.0,2.0,9.1148288e+07,1.168310272e+09,729.6,26.0,37929.0,0.0,37929.0,37929.0,11.0,0.0,0.0
2026-03-30 18:29:46,77,105866.0,9986.0,346.0,0.0,0.0,0.0,472.0,42.0,2.0,9.1148288e+07,1.168310272e+09,731.52,26.0,38029.0,0.0,38029.0,38029.0,11.0,0.0,0.0
2026-03-30 18:29:58,77,106370.0,9986.0,346.0,0.0,0.0,0.0,473.0,42.0,2.0,9.1148288e+07,1.168310272e+09,733.4300000000001,26.0,38129.0,0.0,38129.0,38129.0,11.0,0.0,0.0
2026-03-30 18:30:10,77,106370.0,10478.0,346.0,0.0,0.0,0.0,473.0,43.0,2.0,9.1148288e+07,1.168310272e+09,735.4,29.0,38230.0,0.0,38229.0,38229.0,11.0,0.0,0.0
2026-03-30 18:30:23,77,106370.0,10478.0,346.0,0.0,0.0,0.0,473.0,43.0,2.0,9.127936e+07,1.168310272e+09,737.36,26.0,38330.0,0.0,38330.0,38330.0,11.0,0.0,0.0
2026-03-30 18:30:35,78,106874.0,10478.0,346.0,0.0,0.0,0.0,474.0,43.0,2.0,9.127936e+07,1.168310272e+09,739.26,26.0,38431.0,0.0,38431.0,38431.0,11.0,0.0,0.0
2026-03-30 18:30:47,78,106874.0,10478.0,346.0,0.0,0.0,0.0,474.0,43.0,2.0,9.127936e+07,1.168310272e+09,741.1999999999999,26.0,38529.0,0.0,38529.0,38529.0,11.0,0.0,0.0
2026-03-30 18:30:59,78,107378.0,10478.0,346.0,0.0,0.0,0.0,475.0,43.0,2.0,9.127936e+07,1.168310272e+09,743.11,26.0,38630.0,0.0,38630.0,38630.0,11.0,0.0,0.0
2026-03-30 18:31:11,78,107867.0,10478.0,346.0,0.0,0.0,0.0,476.0,43.0,2.0,9.127936e+07,1.168310272e+09,744.97,29.0,38729.0,0.0,38728.0,38728.0,11.0,0.0,0.0
2026-03-30 18:31:23,78,107867.0,10478.0,346.0,0.0,0.0,0.0,476.0,43.0,2.0,9.127936e+07,1.168310272e+09,746.85,29.0,38829.0,0.0,38828.0,38828.0,11.0,0.0,0.0
2026-03-30 18:31:35,79,108167.0,10478.0,346.0,0.0,0.0,0.0,477.0,43.0,2.0,9.127936e+07,1.168310272e+09,748.76,26.0,38929.0,0.0,38929.0,38929.0,11.0,0.0,0.0
2026-03-30 18:31:48,79,108671.0,10478.0,346.0,0.0,0.0,0.0,478.0,43.0,2.0,9.127936e+07,1.168310272e+09,750.68,26.0,39029.0,0.0,39029.0,39029.0,11.0,0.0,0.0
2026-03-30 18:32:00,79,108671.0,10478.0,346.0,0.0,0.0,0.0,478.0,43.0,2.0,9.127936e+07,1.168310272e+09,752.55,26.0,39128.0,0.0,39128.0,39128.0,11.0,0.0,0.0
2026-03-30 18:32:12,79,109175.0,10478.0,346.0,0.0,0.0,0.0,479.0,43.0,2.0,9.127936e+07,1.168310272e+09,754.43,26.0,39228.0,0.0,39228.0,39228.0,11.0,0.0,0.0
2026-03-30 18:32:24,79,109175.0,10478.0,346.0,0.0,0.0,0.0,479.0,43.0,2.0,9.127936e+07,1.168310272e+09,756.39,26.0,39328.0,0.0,39328.0,39328.0,11.0,0.0,0.0
2026-03-30 18:32:36,80,109667.0,10478.0,346.0,0.0,0.0,0.0,480.0,43.0,2.0,9.127936e+07,1.168310272e+09,758.27,26.0,39429.0,0.0,39429.0,39429.0,11.0,0.0,0.0
2026-03-30 18:32:49,80,110168.0,10478.0,346.0,0.0,0.0,0.0,481.0,43.0,2.0,9.127936e+07,1.168310272e+09,760.2099999999999,26.0,39529.0,0.0,39529.0,39529.0,11.0,0.0,0.0
2026-03-30 18:33:01,80,110168.0,10478.0,346.0,0.0,0.0,0.0,481.0,43.0,2.0,9.127936e+07,1.168310272e+09,762.0899999999999,29.0,39629.0,0.0,39628.0,39628.0,11.0,0.0,0.0
2026-03-30 18:33:13,80,110567.0,10478.0,346.0,0.0,0.0,0.0,482.0,43.0,2.0,9.127936e+07,1.168310272e+09,763.97,26.0,39729.0,0.0,39729.0,39729.0,11.0,0.0,0.0
2026-03-30 18:33:25,81,111071.0,10478.0,346.0,0.0,0.0,0.0,483.0,43.0,2.0,9.127936e+07,1.168310272e+09,765.88,27.0,39829.0,0.0,39829.0,39829.0,11.0,0.0,0.0
2026-03-30 18:33:37,81,111071.0,10478.0,346.0,0.0,0.0,0.0,483.0,43.0,2.0,9.1148288e+07,1.168310272e+09,767.78,26.0,39931.0,0.0,39931.0,39931.0,11.0,0.0,0.0
2026-03-30 18:33:49,81,111575.0,10478.0,346.0,0.0,0.0,0.0,484.0,43.0,2.0,9.1148288e+07,1.168310272e+09,769.6300000000001,26.0,40031.0,0.0,40031.0,40031.0,11.0,0.0,0.0
2026-03-30 18:34:01,81,111575.0,10478.0,346.0,0.0,0.0,0.0,484.0,43.0,2.0,9.1148288e+07,1.168310272e+09,771.63,26.0,40130.0,0.0,40130.0,40130.0,11.0,0.0,0.0
2026-03-30 18:34:14,81,111575.0,10976.0,346.0,0.0,0.0,0.0,484.0,44.0,2.0,9.1148288e+07,1.168310272e+09,773.6,27.0,40231.0,0.0,40230.0,40230.0,11.0,0.0,0.0
2026-03-30 18:34:26,82,112076.0,10976.0,346.0,0.0,0.0,0.0,485.0,44.0,2.0,9.1148288e+07,1.168310272e+09,775.46,29.0,40332.0,0.0,40331.0,40331.0,11.0,0.0,0.0
2026-03-30 18:34:38,82,112076.0,10976.0,346.0,0.0,0.0,0.0,485.0,44.0,2.0,9.1148288e+07,1.168310272e+09,777.47,26.0,40431.0,0.0,40431.0,40431.0,11.0,0.0,0.0
2026-03-30 18:34:50,82,112580.0,10976.0,346.0,0.0,0.0,0.0,486.0,44.0,2.0,9.1148288e+07,1.168310272e+09,779.38,26.0,40531.0,0.0,40531.0,40531.0,11.0,0.0,0.0
2026-03-30 18:35:03,82,112580.0,10976.0,346.0,0.0,0.0,0.0,486.0,44.0,2.0,9.1148288e+07,1.168310272e+09,781.25,26.0,40632.0,0.0,40632.0,40632.0,11.0,0.0,0.0
2026-03-30 18:35:15,82,113081.0,10976.0,346.0,0.0,0.0,0.0,487.0,44.0,2.0,9.1148288e+07,1.168310272e+09,783.1400000000001,26.0,40732.0,0.0,40732.0,40732.0,11.0,0.0,0.0
2026-03-30 18:35:27,83,113582.0,10976.0,346.0,0.0,0.0,0.0,488.0,44.0,2.0,9.1148288e+07,1.168310272e+09,785.0500000000001,26.0,40833.0,0.0,40833.0,40833.0,11.0,0.0,0.0
2026-03-30 18:35:39,83,113582.0,10976.0,346.0,0.0,0.0,0.0,488.0,44.0,2.0,9.1148288e+07,1.168310272e+09,786.98,26.0,40933.0,0.0,40933.0,40933.0,11.0,0.0,0.0
2026-03-30 18:35:52,83,114086.0,10976.0,346.0,0.0,0.0,0.0,489.0,44.0,2.0,9.1148288e+07,1.168310272e+09,788.9200000000001,26.0,41034.0,0.0,41034.0,41034.0,11.0,0.0,0.0
2026-03-30 18:36:04,83,114584.0,10976.0,346.0,0.0,0.0,0.0,490.0,44.0,2.0,9.1148288e+07,1.168310272e+09,790.85,29.0,41134.0,0.0,41133.0,41133.0,11.0,0.0,0.0
2026-03-30 18:36:16,83,114584.0,10976.0,346.0,0.0,0.0,0.0,490.0,44.0,2.0,9.1148288e+07,1.168310272e+09,792.72,29.0,41234.0,0.0,41233.0,41233.0,11.0,0.0,0.0
2026-03-30 18:36:28,84,114884.0,10976.0,346.0,0.0,0.0,0.0,491.0,44.0,2.0,9.1148288e+07,1.168310272e+09,794.49,26.0,41333.0,0.0,41333.0,41333.0,11.0,0.0,0.0
2026-03-30 18:36:40,84,115388.0,10976.0,346.0,0.0,0.0,0.0,492.0,44.0,2.0,9.1148288e+07,1.168310272e+09,796.46,26.0,41433.0,0.0,41433.0,41433.0,11.0,0.0,0.0
2026-03-30 18:36:52,84,115388.0,10976.0,346.0,0.0,0.0,0.0,492.0,44.0,2.0,9.1148288e+07,1.168310272e+09,798.39,26.0,41533.0,0.0,41533.0,41533.0,11.0,0.0,0.0
2026-03-30 18:37:05,84,115892.0,10976.0,346.0,0.0,0.0,0.0,493.0,44.0,2.0,9.1148288e+07,1.168310272e+09,800.34,27.0,41633.0,0.0,41633.0,41633.0,11.0,0.0,0.0
2026-03-30 18:37:17,84,115892.0,10976.0,346.0,0.0,0.0,0.0,493.0,44.0,2.0,9.1148288e+07,1.168310272e+09,802.24,26.0,41731.0,0.0,41731.0,41731.0,11.0,0.0,0.0
2026-03-30 18:37:29,85,116396.0,10976.0,346.0,0.0,0.0,0.0,494.0,44.0,2.0,9.1148288e+07,1.168310272e+09,804.16,26.0,41832.0,0.0,41832.0,41832.0,11.0,0.0,0.0
2026-03-30 18:37:41,85,116900.0,10976.0,346.0,0.0,0.0,0.0,495.0,44.0,2.0,9.1148288e+07,1.168310272e+09,805.99,29.0,41933.0,0.0,41932.0,41932.0,11.0,0.0,0.0
2026-03-30 18:37:53,85,116900.0,10976.0,346.0,0.0,0.0,0.0,495.0,44.0,2.0,9.1148288e+07,1.168310272e+09,807.88,26.0,42034.0,0.0,42034.0,42034.0,11.0,0.0,0.0
2026-03-30 18:38:06,85,116900.0,11480.0,346.0,0.0,0.0,0.0,495.0,45.0,2.0,9.1148288e+07,1.168310272e+09,809.6500000000001,29.0,42136.0,0.0,42135.0,42135.0,11.0,0.0,0.0
2026-03-30 18:38:18,85,116900.0,11480.0,346.0,0.0,0.0,0.0,495.0,45.0,2.0,9.1148288e+07,1.168310272e+09,811.6700000000001,26.0,42236.0,0.0,42236.0,42236.0,11.0,0.0,0.0
2026-03-30 18:38:30,86,117389.0,11480.0,346.0,0.0,0.0,0.0,496.0,45.0,2.0,9.1148288e+07,1.168310272e+09,813.58,26.0,42337.0,0.0,42337.0,42337.0,11.0,0.0,0.0
2026-03-30 18:38:42,86,117890.0,11480.0,346.0,0.0,0.0,0.0,497.0,45.0,2.0,9.1148288e+07,1.168310272e+09,815.55,29.0,42437.0,0.0,42436.0,42436.0,11.0,0.0,0.0
2026-03-30 18:38:54,86,117890.0,11480.0,346.0,0.0,0.0,0.0,497.0,45.0,2.0,9.1148288e+07,1.168310272e+09,817.54,26.0,42536.0,0.0,42536.0,42536.0,11.0,0.0,0.0
2026-03-30 18:39:07,86,118394.0,11480.0,346.0,0.0,0.0,0.0,498.0,45.0,2.0,9.1148288e+07,1.168310272e+09,819.53,26.0,42637.0,0.0,42637.0,42637.0,11.0,0.0,0.0
2026-03-30 18:39:19,86,118394.0,11480.0,346.0,0.0,0.0,0.0,498.0,45.0,2.0,9.1148288e+07,1.168310272e+09,821.5,26.0,42737.0,0.0,42737.0,42737.0,11.0,0.0,0.0
2026-03-30 18:39:31,87,118892.0,11480.0,346.0,0.0,0.0,0.0,499.0,45.0,2.0,9.1148288e+07,1.168310272e+09,823.4,26.0,42837.0,0.0,42837.0,42837.0,11.0,0.0,0.0
2026-03-30 18:39:43,87,119393.0,11480.0,346.0,0.0,0.0,0.0,500.0,45.0,2.0,9.1148288e+07,1.168310272e+09,825.31,29.0,42936.0,0.0,42935.0,42935.0,11.0,0.0,0.0
2026-03-30 18:39:55,87,119393.0,11480.0,346.0,0.0,0.0,0.0,500.0,45.0,2.0,9.1148288e+07,1.168310272e+09,827.26,26.0,43036.0,0.0,43036.0,43036.0,11.0,0.0,0.0
2026-03-30 18:40:07,87,119897.0,11480.0,346.0,0.0,0.0,0.0,501.0,45.0,2.0,9.1148288e+07,1.168310272e+09,829.1899999999999,27.0,43137.0,0.0,43136.0,43136.0,11.0,0.0,0.0
2026-03-30 18:40:19,87,119897.0,11480.0,346.0,0.0,0.0,0.0,501.0,45.0,2.0,9.1148288e+07,1.168310272e+09,831.02,26.0,43234.0,0.0,43234.0,43234.0,11.0,0.0,0.0
2026-03-30 18:40:31,88,120401.0,11480.0,346.0,0.0,0.0,0.0,502.0,45.0,2.0,9.1148288e+07,1.168310272e+09,832.8699999999999,26.0,43335.0,0.0,43335.0,43335.0,11.0,0.0,0.0
2026-03-30 18:40:44,88,120905.0,11480.0,346.0,0.0,0.0,0.0,503.0,45.0,2.0,9.1148288e+07,1.168310272e+09,834.85,26.0,43435.0,0.0,43435.0,43435.0,11.0,0.0,0.0
2026-03-30 18:40:56,88,120905.0,11480.0,346.0,0.0,0.0,0.0,503.0,45.0,2.0,9.1148288e+07,1.168310272e+09,836.75,26.0,43535.0,0.0,43535.0,43535.0,11.0,0.0,0.0
2026-03-30 18:41:08,88,121406.0,11480.0,346.0,0.0,0.0,0.0,504.0,45.0,2.0,9.1148288e+07,1.168310272e+09,838.6800000000001,29.0,43634.0,0.0,43633.0,43633.0,11.0,0.0,0.0
2026-03-30 18:41:20,88,121880.0,11480.0,346.0,0.0,0.0,0.0,505.0,45.0,2.0,9.1148288e+07,1.168310272e+09,840.66,29.0,43734.0,0.0,43733.0,43733.0,11.0,0.0,0.0
2026-03-30 18:41:32,89,121880.0,11480.0,346.0,0.0,0.0,0.0,505.0,45.0,2.0,9.1148288e+07,1.168310272e+09,842.57,26.0,43834.0,0.0,43834.0,43834.0,11.0,0.0,0.0
2026-03-30 18:41:44,89,122384.0,11480.0,346.0,0.0,0.0,0.0,506.0,45.0,2.0,9.1148288e+07,1.168310272e+09,844.55,29.0,43935.0,0.0,43934.0,43934.0,11.0,0.0,0.0
2026-03-30 18:41:57,89,122384.0,11480.0,346.0,0.0,0.0,0.0,506.0,45.0,2.0,9.1148288e+07,1.168310272e+09,846.52,26.0,44034.0,0.0,44034.0,44034.0,11.0,0.0,0.0
2026-03-30 18:42:09,89,122384.0,11984.0,346.0,0.0,0.0,0.0,506.0,46.0,2.0,9.1148288e+07,1.168310272e+09,848.42,26.0,44134.0,0.0,44134.0,44134.0,11.0,0.0,0.0
2026-03-30 18:42:21,89,122384.0,11984.0,346.0,0.0,0.0,0.0,506.0,46.0,2.0,9.1148288e+07,1.168310272e+09,850.35,27.0,44234.0,0.0,44233.0,44233.0,11.0,0.0,0.0
2026-03-30 18:42:33,90,122876.0,11984.0,346.0,0.0,0.0,0.0,507.0,46.0,2.0,9.1148288e+07,1.168310272e+09,852.35,26.0,44334.0,0.0,44334.0,44334.0,11.0,0.0,0.0
2026-03-30 18:42:45,90,123380.0,11984.0,346.0,0.0,0.0,0.0,508.0,46.0,2.0,9.1148288e+07,1.168310272e+09,854.1899999999999,29.0,44434.0,0.0,44433.0,44433.0,11.0,0.0,0.0
2026-03-30 18:42:57,90,123380.0,11984.0,346.0,0.0,0.0,0.0,508.0,46.0,2.0,9.1148288e+07,1.168310272e+09,854.97,26.0,44474.0,0.0,44474.0,44474.0,11.0,0.0,0.0
2026-03-30 18:43:10,90,123380.0,11984.0,346.0,0.0,0.0,0.0,508.0,46.0,2.0,9.1148288e+07,1.168310272e+09,856.5,27.0,44553.0,0.0,44552.0,44552.0,11.0,0.0,0.0
2026-03-30 18:43:22,90,123833.0,11984.0,346.0,0.0,0.0,0.0,509.0,46.0,2.0,9.1148288e+07,1.168310272e+09,858.46,26.0,44651.0,0.0,44651.0,44651.0,11.0,0.0,0.0
2026-03-30 18:43:34,91,124337.0,11984.0,346.0,0.0,0.0,0.0,510.0,46.0,2.0,9.1148288e+07,1.168310272e+09,860.45,26.0,44754.0,0.0,44754.0,44754.0,11.0,0.0,0.0
2026-03-30 18:43:46,91,124337.0,11984.0,346.0,0.0,0.0,0.0,510.0,46.0,2.0,9.1148288e+07,1.168310272e+09,862.49,26.0,44856.0,0.0,44856.0,44856.0,11.0,0.0,0.0
2026-03-30 18:43:59,91,124841.0,11984.0,346.0,0.0,0.0,0.0,511.0,46.0,2.0,9.1148288e+07,1.168310272e+09,864.36,26.0,44956.0,0.0,44956.0,44956.0,11.0,0.0,0.0
2026-03-30 18:44:11,91,125345.0,11984.0,346.0,0.0,0.0,0.0,512.0,46.0,2.0,9.1148288e+07,1.168310272e+09,866.34,26.0,45058.0,0.0,45058.0,45058.0,11.0,0.0,0.0
2026-03-30 18:44:23,91,125345.0,11984.0,346.0,0.0,0.0,0.0,512.0,46.0,2.0,9.1148288e+07,1.168310272e+09,868.24,26.0,45158.0,0.0,45158.0,45158.0,11.0,0.0,0.0
2026-03-30 18:44:36,92,125849.0,11984.0,346.0,0.0,0.0,0.0,513.0,46.0,2.0,9.1148288e+07,1.168310272e+09,870.1899999999999,26.0,45259.0,0.0,45259.0,45259.0,11.0,0.0,0.0
2026-03-30 18:44:48,92,125849.0,11984.0,346.0,0.0,0.0,0.0,513.0,46.0,2.0,9.1148288e+07,1.168310272e+09,872.14,27.0,45360.0,0.0,45360.0,45360.0,11.0,0.0,0.0
2026-03-30 18:45:00,92,126257.0,11984.0,346.0,0.0,0.0,0.0,514.0,46.0,2.0,9.1148288e+07,1.168310272e+09,874.13,29.0,45463.0,0.0,45462.0,45462.0,11.0,0.0,0.0
2026-03-30 18:45:13,92,126563.0,11984.0,346.0,0.0,0.0,0.0,515.0,46.0,2.0,9.1148288e+07,1.168310272e+09,876.12,26.0,45565.0,0.0,45565.0,45565.0,11.0,0.0,0.0
2026-03-30 18:45:25,93,127067.0,11984.0,346.0,0.0,0.0,0.0,516.0,46.0,2.0,9.1148288e+07,1.168310272e+09,878.03,26.0,45665.0,0.0,45665.0,45665.0,11.0,0.0,0.0
2026-03-30 18:45:37,93,127067.0,11984.0,346.0,0.0,0.0,0.0,516.0,46.0,2.0,9.1148288e+07,1.168310272e+09,879.96,26.0,45765.0,0.0,45765.0,45765.0,11.0,0.0,0.0
2026-03-30 18:45:49,93,127568.0,11984.0,346.0,0.0,0.0,0.0,517.0,46.0,2.0,9.1148288e+07,1.168310272e+09,881.91,26.0,45865.0,0.0,45865.0,45865.0,11.0,0.0,0.0
2026-03-30 18:46:01,93,127568.0,12485.0,346.0,0.0,0.0,0.0,517.0,47.0,2.0,9.1148288e+07,1.168310272e+09,883.92,29.0,45969.0,0.0,45968.0,45968.0,11.0,0.0,0.0
2026-03-30 18:46:14,93,127568.0,12485.0,346.0,0.0,0.0,0.0,517.0,47.0,2.0,9.1148288e+07,1.168310272e+09,885.8299999999999,29.0,46070.0,0.0,46069.0,46069.0,11.0,0.0,0.0
2026-03-30 18:46:26,94,127883.0,12485.0,346.0,0.0,0.0,0.0,518.0,47.0,2.0,9.1148288e+07,1.168310272e+09,887.8199999999999,26.0,46170.0,0.0,46170.0,46170.0,11.0,0.0,0.0
2026-03-30 18:46:38,94,128387.0,12485.0,346.0,0.0,0.0,0.0,519.0,47.0,2.0,9.1148288e+07,1.168310272e+09,889.68,29.0,46270.0,0.0,46269.0,46269.0,11.0,0.0,0.0
2026-03-30 18:46:50,94,128387.0,12485.0,346.0,0.0,0.0,0.0,519.0,47.0,2.0,9.1148288e+07,1.168310272e+09,891.67,26.0,46371.0,0.0,46371.0,46371.0,11.0,0.0,0.0
2026-03-30 18:47:03,94,128891.0,12485.0,346.0,0.0,0.0,0.0,520.0,47.0,2.0,9.1148288e+07,1.168310272e+09,893.57,26.0,46474.0,0.0,46474.0,46474.0,11.0,0.0,0.0
2026-03-30 18:47:15,94,129395.0,12485.0,346.0,0.0,0.0,0.0,521.0,47.0,2.0,9.1148288e+07,1.168310272e+09,895.47,26.0,46574.0,0.0,46574.0,46574.0,11.0,0.0,0.0
2026-03-30 18:47:27,95,129395.0,12485.0,346.0,0.0,0.0,0.0,521.0,47.0,2.0,9.1148288e+07,1.168310272e+09,897.34,26.0,46674.0,0.0,46674.0,46674.0,11.0,0.0,0.0
2026-03-30 18:47:40,95,129896.0,12485.0,346.0,0.0,0.0,0.0,522.0,47.0,2.0,9.1148288e+07,1.168310272e+09,899.27,29.0,46775.0,0.0,46774.0,46774.0,11.0,0.0,0.0
2026-03-30 18:47:52,95,129896.0,12485.0,346.0,0.0,0.0,0.0,522.0,47.0,2.0,9.1148288e+07,1.168310272e+09,901.16,26.0,46873.0,0.0,46873.0,46873.0,11.0,0.0,0.0
2026-03-30 18:48:04,95,130400.0,12485.0,346.0,0.0,0.0,0.0,523.0,47.0,2.0,9.1148288e+07,1.168310272e+09,903.14,29.0,46977.0,0.0,46976.0,46976.0,11.0,0.0,0.0
2026-03-30 18:48:16,95,130400.0,12485.0,346.0,0.0,0.0,0.0,523.0,47.0,2.0,9.1148288e+07,1.168310272e+09,905.04,26.0,47076.0,0.0,47076.0,47076.0,11.0,0.0,0.0
2026-03-30 18:48:29,96,130904.0,12485.0,346.0,0.0,0.0,0.0,524.0,47.0,2.0,9.1148288e+07,1.168310272e+09,906.9399999999999,26.0,47177.0,0.0,47177.0,47177.0,11.0,0.0,0.0
2026-03-30 18:48:41,96,131405.0,12485.0,346.0,0.0,0.0,0.0,525.0,47.0,2.0,9.1148288e+07,1.168310272e+09,908.88,29.0,47278.0,0.0,47277.0,47277.0,11.0,0.0,0.0
2026-03-30 18:48:53,96,131405.0,12485.0,346.0,0.0,0.0,0.0,525.0,47.0,2.0,9.1148288e+07,1.168310272e+09,910.79,27.0,47378.0,0.0,47377.0,47377.0,11.0,0.0,0.0
2026-03-30 18:49:05,96,131807.0,12485.0,346.0,0.0,0.0,0.0,526.0,47.0,2.0,9.1148288e+07,1.168310272e+09,912.66,26.0,47479.0,0.0,47479.0,47479.0,11.0,0.0,0.0
2026-03-30 18:49:18,96,132311.0,12485.0,346.0,0.0,0.0,0.0,527.0,47.0,2.0,9.1148288e+07,1.168310272e+09,914.5600000000001,26.0,47579.0,0.0,47579.0,47579.0,11.0,0.0,0.0
2026-03-30 18:49:30,97,132311.0,12485.0,346.0,0.0,0.0,0.0,527.0,47.0,2.0,9.1148288e+07,1.168310272e+09,916.47,26.0,47678.0,0.0,47678.0,47678.0,11.0,0.0,0.0
2026-03-30 18:49:42,97,132815.0,12485.0,346.0,0.0,0.0,0.0,528.0,47.0,2.0,9.1148288e+07,1.168310272e+09,918.39,26.0,47779.0,0.0,47779.0,47779.0,11.0,0.0,0.0
2026-03-30 18:49:54,97,132815.0,12485.0,346.0,0.0,0.0,0.0,528.0,47.0,2.0,9.1148288e+07,1.168310272e+09,920.3,26.0,47879.0,0.0,47879.0,47879.0,11.0,0.0,0.0
2026-03-30 18:50:06,97,132815.0,12983.0,346.0,0.0,0.0,0.0,528.0,48.0,2.0,9.1148288e+07,1.168310272e+09,922.26,28.0,47980.0,0.0,47979.0,47979.0,11.0,0.0,0.0
2026-03-30 18:50:18,97,133115.0,12983.0,346.0,0.0,0.0,0.0,529.0,48.0,2.0,9.1148288e+07,1.168310272e+09,924.11,26.0,48078.0,0.0,48078.0,48078.0,11.0,0.0,0.0
2026-03-30 18:50:30,98,133619.0,12983.0,346.0,0.0,0.0,0.0,530.0,48.0,2.0,9.1148288e+07,1.168310272e+09,926.0,29.0,48177.0,0.0,48176.0,48176.0,11.0,0.0,0.0
2026-03-30 18:50:42,98,133619.0,12983.0,346.0,0.0,0.0,0.0,530.0,48.0,2.0,9.1148288e+07,1.168310272e+09,927.8499999999999,29.0,48276.0,0.0,48275.0,48275.0,11.0,0.0,0.0
2026-03-30 18:50:54,98,134003.0,12983.0,346.0,0.0,0.0,0.0,531.0,48.0,2.0,9.1148288e+07,1.168310272e+09,929.8599999999999,26.0,48378.0,0.0,48378.0,48378.0,11.0,0.0,0.0
2026-03-30 18:51:07,98,134507.0,12983.0,346.0,0.0,0.0,0.0,532.0,48.0,2.0,9.1148288e+07,1.168310272e+09,931.76,26.0,48478.0,0.0,48478.0,48478.0,11.0,0.0,0.0
2026-03-30 18:51:19,98,134507.0,12983.0,346.0,0.0,0.0,0.0,532.0,48.0,2.0,9.1148288e+07,1.168310272e+09,933.69,26.0,48579.0,0.0,48579.0,48579.0,11.0,0.0,0.0
2026-03-30 18:51:31,99,135008.0,12983.0,346.0,0.0,0.0,0.0,533.0,48.0,2.0,9.1148288e+07,1.168310272e+09,935.6600000000001,29.0,48679.0,0.0,48678.0,48678.0,11.0,0.0,0.0
2026-03-30 18:51:43,99,135008.0,12983.0,346.0,0.0,0.0,0.0,533.0,48.0,2.0,9.1148288e+07,1.168310272e+09,937.59,26.0,48777.0,0.0,48777.0,48777.0,11.0,0.0,0.0
2026-03-30 18:51:55,99,135509.0,12983.0,346.0,0.0,0.0,0.0,534.0,48.0,2.0,9.1148288e+07,1.168310272e+09,939.5300000000001,26.0,48877.0,0.0,48877.0,48877.0,11.0,0.0,0.0
2026-03-30 18:52:07,99,136010.0,12983.0,346.0,0.0,0.0,0.0,535.0,48.0,2.0,9.1148288e+07,1.168310272e+09,941.4300000000001,26.0,48978.0,0.0,48978.0,48978.0,11.0,0.0,0.0
2026-03-30 18:52:20,99,136010.0,12983.0,346.0,0.0,0.0,0.0,535.0,48.0,2.0,9.1148288e+07,1.168310272e+09,943.3100000000001,26.0,49078.0,0.0,49078.0,49078.0,11.0,0.0,0.0
2026-03-30 18:52:32,100,136514.0,12983.0,346.0,0.0,0.0,0.0,536.0,48.0,2.0,9.1148288e+07,1.168310272e+09,945.28,29.0,49179.0,0.0,49178.0,49178.0,11.0,0.0,0.0
2026-03-30 18:52:44,100,136514.0,12983.0,346.0,0.0,0.0,0.0,536.0,48.0,2.0,9.1148288e+07,1.168310272e+09,947.2099999999999,29.0,49278.0,0.0,49277.0,49277.0,11.0,0.0,0.0
2026-03-30 18:52:56,100,137009.0,12983.0,346.0,0.0,0.0,0.0,537.0,48.0,2.0,9.1148288e+07,1.168310272e+09,949.2099999999999,26.0,49377.0,0.0,49377.0,49377.0,11.0,0.0,0.0
2026-03-30 18:53:08,100,137513.0,12983.0,346.0,0.0,0.0,0.0,538.0,48.0,2.0,9.1148288e+07,1.168310272e+09,951.14,29.0,49477.0,0.0,49476.0,49476.0,11.0,0.0,0.0
2026-03-30 18:53:21,100,137513.0,12983.0,346.0,0.0,0.0,0.0,538.0,48.0,2.0,9.1148288e+07,1.168310272e+09,953.02,29.0,49578.0,0.0,49577.0,49577.0,11.0,0.0,0.0
2026-03-30 18:53:33,101,137909.0,12983.0,346.0,0.0,0.0,0.0,539.0,48.0,2.0,9.1148288e+07,1.168310272e+09,954.9799999999999,28.0,49678.0,0.0,49677.0,49677.0,11.0,0.0,0.0
2026-03-30 18:53:45,101,137909.0,13487.0,346.0,0.0,0.0,0.0,539.0,49.0,2.0,9.1148288e+07,1.168310272e+09,956.9200000000001,26.0,49778.0,0.0,49778.0,49778.0,11.0,0.0,0.0
2026-03-30 18:53:57,101,137909.0,13487.0,346.0,0.0,0.0,0.0,539.0,49.0,2.0,9.1148288e+07,1.168310272e+09,958.8800000000001,26.0,49880.0,0.0,49880.0,49880.0,11.0,0.0,0.0
2026-03-30 18:54:09,101,138413.0,13487.0,346.0,0.0,0.0,0.0,540.0,49.0,2.0,9.1148288e+07,1.168310272e+09,960.85,26.0,49980.0,0.0,49980.0,49980.0,11.0,0.0,0.0
2026-03-30 18:54:22,101,138413.0,13487.0,346.0,0.0,0.0,0.0,540.0,49.0,2.0,9.1148288e+07,1.168310272e+09,962.74,26.0,50080.0,0.0,50080.0,50080.0,11.0,0.0,0.0
2026-03-30 18:54:34,102,138914.0,13487.0,346.0,0.0,0.0,0.0,541.0,49.0,2.0,9.1148288e+07,1.168310272e+09,964.73,26.0,50181.0,0.0,50181.0,50181.0,11.0,0.0,0.0
2026-03-30 18:54:46,102,139415.0,13487.0,346.0,0.0,0.0,0.0,542.0,49.0,2.0,9.1148288e+07,1.168310272e+09,966.61,26.0,50280.0,0.0,50280.0,50280.0,11.0,0.0,0.0
2026-03-30 18:54:58,102,139415.0,13487.0,346.0,0.0,0.0,0.0,542.0,49.0,2.0,9.1148288e+07,1.168310272e+09,968.5500000000001,26.0,50380.0,0.0,50380.0,50380.0,11.0,0.0,0.0
2026-03-30 18:55:10,102,139919.0,13487.0,346.0,0.0,0.0,0.0,543.0,49.0,2.0,9.1148288e+07,1.168310272e+09,970.46,29.0,50479.0,0.0,50478.0,50478.0,11.0,0.0,0.0
2026-03-30 18:55:22,102,139919.0,13487.0,346.0,0.0,0.0,0.0,543.0,49.0,2.0,9.1148288e+07,1.168310272e+09,972.34,29.0,50579.0,0.0,50578.0,50578.0,11.0,0.0,0.0
2026-03-30 18:55:34,103,140408.0,13487.0,346.0,0.0,0.0,0.0,544.0,49.0,2.0,9.1148288e+07,1.168310272e+09,974.36,29.0,50681.0,0.0,50680.0,50680.0,11.0,0.0,0.0
2026-03-30 18:55:47,103,140714.0,13487.0,346.0,0.0,0.0,0.0,545.0,49.0,2.0,9.1148288e+07,1.168310272e+09,976.18,26.0,50781.0,0.0,50781.0,50781.0,11.0,0.0,0.0
2026-03-30 18:55:59,103,141218.0,13487.0,346.0,0.0,0.0,0.0,546.0,49.0,2.0,9.1148288e+07,1.168310272e+09,978.13,26.0,50880.0,0.0,50880.0,50880.0,11.0,0.0,0.0
2026-03-30 18:56:11,103,141218.0,13487.0,346.0,0.0,0.0,0.0,546.0,49.0,2.0,9.1148288e+07,1.168310272e+09,980.05,26.0,50982.0,0.0,50982.0,50982.0,11.0,0.0,0.0
2026-03-30 18:56:23,103,141722.0,13487.0,346.0,0.0,0.0,0.0,547.0,49.0,2.0,9.1148288e+07,1.168310272e+09,982.01,26.0,51082.0,0.0,51082.0,51082.0,11.0,0.0,0.0
2026-03-30 18:56:35,104,141722.0,13487.0,346.0,0.0,0.0,0.0,547.0,49.0,2.0,9.1148288e+07,1.168310272e+09,983.95,29.0,51182.0,0.0,51181.0,51181.0,11.0,0.0,0.0
2026-03-30 18:56:48,104,142217.0,13487.0,346.0,0.0,0.0,0.0,548.0,49.0,2.0,9.1148288e+07,1.168310272e+09,985.77,29.0,51283.0,0.0,51282.0,51282.0,11.0,0.0,0.0
2026-03-30 18:57:00,104,142520.0,13487.0,346.0,0.0,0.0,0.0,549.0,49.0,2.0,9.1148288e+07,1.168310272e+09,987.6800000000001,29.0,51382.0,0.0,51381.0,51381.0,11.0,0.0,0.0
2026-03-30 18:57:12,104,142817.0,13487.0,346.0,0.0,0.0,0.0,550.0,49.0,2.0,9.1148288e+07,1.168310272e+09,989.7,29.0,51481.0,0.0,51480.0,51480.0,11.0,0.0,0.0
2026-03-30 18:57:24,104,142817.0,13784.0,346.0,0.0,0.0,0.0,550.0,50.0,2.0,9.1148288e+07,1.168310272e+09,991.65,26.0,51581.0,0.0,51581.0,51581.0,11.0,0.0,0.0
2026-03-30 18:57:36,105,143321.0,13784.0,346.0,0.0,0.0,0.0,551.0,50.0,2.0,9.1148288e+07,1.168310272e+09,993.6,26.0,51682.0,0.0,51682.0,51682.0,11.0,0.0,0.0
2026-03-30 18:57:49,105,143321.0,13784.0,346.0,0.0,0.0,0.0,551.0,50.0,2.0,9.1148288e+07,1.168310272e+09,995.5,29.0,51784.0,0.0,51783.0,51783.0,11.0,0.0,0.0
2026-03-30 18:58:01,105,143726.0,13784.0,346.0,0.0,0.0,0.0,552.0,50.0,2.0,9.1148288e+07,1.168310272e+09,997.41,29.0,51885.0,0.0,51884.0,51884.0,11.0,0.0,0.0
2026-03-30 18:58:13,105,144029.0,13784.0,346.0,0.0,0.0,0.0,553.0,50.0,2.0,9.1148288e+07,1.168310272e+09,999.29,26.0,51985.0,0.0,51985.0,51985.0,11.0,0.0,0.0
2026-03-30 18:58:25,106,144533.0,13784.0,346.0,0.0,0.0,0.0,554.0,50.0,2.0,9.1148288e+07,1.168310272e+09,1001.13,26.0,52084.0,0.0,52084.0,52084.0,11.0,0.0,0.0
2026-03-30 18:58:37,106,144533.0,13784.0,346.0,0.0,0.0,0.0,554.0,50.0,2.0,9.1148288e+07,1.168310272e+09,1003.03,26.0,52184.0,0.0,52184.0,52184.0,11.0,0.0,0.0
2026-03-30 18:58:50,106,145037.0,13784.0,346.0,0.0,0.0,0.0,555.0,50.0,2.0,9.1148288e+07,1.168310272e+09,1004.9799999999999,26.0,52284.0,0.0,52284.0,52284.0,11.0,0.0,0.0
2026-03-30 18:59:02,106,145037.0,13784.0,346.0,0.0,0.0,0.0,555.0,50.0,2.0,9.1148288e+07,1.168310272e+09,1006.9000000000001,26.0,52384.0,0.0,52384.0,52384.0,11.0,0.0,0.0
2026-03-30 18:59:14,106,145529.0,13784.0,346.0,0.0,0.0,0.0,556.0,50.0,2.0,9.1148288e+07,1.168310272e+09,1008.9000000000001,26.0,52485.0,0.0,52485.0,52485.0,11.0,0.0,0.0
2026-03-30 18:59:26,107,146030.0,13784.0,346.0,0.0,0.0,0.0,557.0,50.0,2.0,9.1148288e+07,1.168310272e+09,1010.8399999999999,26.0,52585.0,0.0,52585.0,52585.0,11.0,0.0,0.0
2026-03-30 18:59:38,107,146030.0,13784.0,346.0,0.0,0.0,0.0,557.0,50.0,2.0,9.1148288e+07,1.168310272e+09,1012.7800000000001,29.0,52685.0,0.0,52684.0,52684.0,11.0,0.0,0.0
2026-03-30 18:59:51,107,146429.0,13784.0,346.0,0.0,0.0,0.0,558.0,50.0,2.0,9.1148288e+07,1.168310272e+09,1014.72,26.0,52786.0,0.0,52786.0,52786.0,11.0,0.0,0.0
2026-03-30 19:00:03,107,146933.0,13784.0,346.0,0.0,0.0,0.0,559.0,50.0,2.0,9.1148288e+07,1.168310272e+09,1016.6600000000001,26.0,52886.0,0.0,52886.0,52886.0,11.0,0.0,0.0
2026-03-30 19:00:15,107,146933.0,13784.0,346.0,0.0,0.0,0.0,559.0,50.0,2.0,9.1148288e+07,1.168310272e+09,1018.6,26.0,52986.0,0.0,52986.0,52986.0,11.0,0.0,0.0
2026-03-30 19:00:27,108,147437.0,13784.0,346.0,0.0,0.0,0.0,560.0,50.0,2.0,9.1148288e+07,1.168310272e+09,1020.5,26.0,53087.0,0.0,53087.0,53087.0,11.0,0.0,0.0
2026-03-30 19:00:39,108,147437.0,13784.0,346.0,0.0,0.0,0.0,560.0,50.0,2.0,9.1148288e+07,1.168310272e+09,1022.38,29.0,53188.0,0.0,53187.0,53187.0,11.0,0.0,0.0
2026-03-30 19:00:52,108,147938.0,13784.0,346.0,0.0,0.0,0.0,561.0,50.0,2.0,9.1148288e+07,1.168310272e+09,1024.27,29.0,53288.0,0.0,53287.0,53287.0,11.0,0.0,0.0
2026-03-30 19:01:04,108,147938.0,14084.0,346.0,0.0,0.0,0.0,561.0,51.0,2.0,9.1148288e+07,1.168310272e+09,1026.25,26.0,53388.0,0.0,53388.0,53388.0,11.0,0.0,0.0
2026-03-30 19:01:16,108,148442.0,14084.0,346.0,0.0,0.0,0.0,562.0,51.0,2.0,9.1148288e+07,1.168310272e+09,1028.17,26.0,53489.0,0.0,53489.0,53489.0,11.0,0.0,0.0
2026-03-30 19:01:28,109,148442.0,14084.0,346.0,0.0,0.0,0.0,562.0,51.0,2.0,9.1148288e+07,1.168310272e+09,1030.1,26.0,53588.0,0.0,53588.0,53588.0,11.0,0.0,0.0
2026-03-30 19:01:41,109,148946.0,14084.0,346.0,0.0,0.0,0.0,563.0,51.0,2.0,9.1148288e+07,1.168310272e+09,1032.01,26.0,53688.0,0.0,53688.0,53688.0,11.0,0.0,0.0
2026-03-30 19:01:53,109,149435.0,14084.0,346.0,0.0,0.0,0.0,564.0,51.0,2.0,9.1148288e+07,1.168310272e+09,1033.83,29.0,53787.0,0.0,53786.0,53786.0,11.0,0.0,0.0
2026-03-30 19:02:05,109,149435.0,14084.0,346.0,0.0,0.0,0.0,564.0,51.0,2.0,9.1148288e+07,1.168310272e+09,1035.81,26.0,53886.0,0.0,53886.0,53886.0,11.0,0.0,0.0
2026-03-30 19:02:17,109,149939.0,14084.0,346.0,0.0,0.0,0.0,565.0,51.0,2.0,9.1148288e+07,1.168310272e+09,1037.67,27.0,53985.0,0.0,53984.0,53984.0,11.0,0.0,0.0
2026-03-30 19:02:29,110,149939.0,14084.0,346.0,0.0,0.0,0.0,565.0,51.0,2.0,9.1148288e+07,1.168310272e+09,1039.58,26.0,54084.0,0.0,54084.0,54084.0,11.0,0.0,0.0
2026-03-30 19:02:41,110,150443.0,14084.0,346.0,0.0,0.0,0.0,566.0,51.0,2.0,9.1148288e+07,1.168310272e+09,1041.52,26.0,54183.0,0.0,54183.0,54183.0,11.0,0.0,0.0
2026-03-30 19:02:53,110,150920.0,14084.0,346.0,0.0,0.0,0.0,567.0,51.0,2.0,9.1148288e+07,1.168310272e+09,1043.36,29.0,54282.0,0.0,54281.0,54281.0,11.0,0.0,0.0
2026-03-30 19:03:05,110,150920.0,14084.0,346.0,0.0,0.0,0.0,567.0,51.0,2.0,9.1148288e+07,1.168310272e+09,1045.22,26.0,54381.0,0.0,54381.0,54381.0,11.0,0.0,0.0
2026-03-30 19:03:17,110,151424.0,14084.0,346.0,0.0,0.0,0.0,568.0,51.0,2.0,9.1148288e+07,1.168310272e+09,1047.25,26.0,54480.0,0.0,54480.0,54480.0,11.0,0.0,0.0
2026-03-30 19:03:29,111,151424.0,14084.0,346.0,0.0,0.0,0.0,568.0,51.0,2.0,9.1148288e+07,1.168310272e+09,1049.23,26.0,54581.0,0.0,54581.0,54581.0,11.0,0.0,0.0
2026-03-30 19:03:41,111,151925.0,14084.0,346.0,0.0,0.0,0.0,569.0,51.0,2.0,9.1148288e+07,1.168310272e+09,1051.12,26.0,54679.0,0.0,54679.0,54679.0,11.0,0.0,0.0
2026-03-30 19:03:53,111,151925.0,14084.0,346.0,0.0,0.0,0.0,569.0,51.0,2.0,9.1148288e+07,1.168310272e+09,1053.09,27.0,54780.0,0.0,54779.0,54779.0,11.0,0.0,0.0
2026-03-30 19:04:06,111,152414.0,14084.0,346.0,0.0,0.0,0.0,570.0,51.0,2.0,9.1148288e+07,1.168310272e+09,1055.01,26.0,54882.0,0.0,54881.0,54881.0,11.0,0.0,0.0
2026-03-30 19:04:18,111,152918.0,14084.0,346.0,0.0,0.0,0.0,571.0,51.0,2.0,9.1148288e+07,1.168310272e+09,1057.01,26.0,54981.0,0.0,54981.0,54981.0,11.0,0.0,0.0
2026-03-30 19:04:30,112,152918.0,14084.0,346.0,0.0,0.0,0.0,571.0,51.0,2.0,9.1148288e+07,1.168310272e+09,1058.8899999999999,26.0,55080.0,0.0,55080.0,55080.0,11.0,0.0,0.0
2026-03-30 19:04:42,112,153422.0,14084.0,346.0,0.0,0.0,0.0,572.0,51.0,2.0,9.1148288e+07,1.168310272e+09,1060.77,26.0,55180.0,0.0,55180.0,55180.0,11.0,0.0,0.0
2026-03-30 19:04:54,112,153422.0,14084.0,346.0,0.0,0.0,0.0,572.0,51.0,2.0,9.1148288e+07,1.168310272e+09,1062.67,26.0,55278.0,0.0,55278.0,55278.0,11.0,0.0,0.0
2026-03-30 19:05:06,112,153422.0,14573.0,346.0,0.0,0.0,0.0,572.0,52.0,2.0,9.1148288e+07,1.168310272e+09,1064.54,27.0,55379.0,0.0,55378.0,55378.0,11.0,0.0,0.0
2026-03-30 19:05:18,112,153923.0,14573.0,346.0,0.0,0.0,0.0,573.0,52.0,2.0,9.1148288e+07,1.168310272e+09,1066.45,29.0,55479.0,0.0,55478.0,55478.0,11.0,0.0,0.0
2026-03-30 19:05:31,113,153923.0,14573.0,346.0,0.0,0.0,0.0,573.0,52.0,2.0,9.1148288e+07,1.168310272e+09,1068.3,26.0,55578.0,0.0,55578.0,55578.0,11.0,0.0,0.0
2026-03-30 19:05:43,113,154427.0,14573.0,346.0,0.0,0.0,0.0,574.0,52.0,2.0,9.1148288e+07,1.168310272e+09,1070.29,26.0,55679.0,0.0,55679.0,55679.0,11.0,0.0,0.0
2026-03-30 19:05:55,113,154427.0,14573.0,346.0,0.0,0.0,0.0,574.0,52.0,2.0,9.1148288e+07,1.168310272e+09,1072.33,26.0,55779.0,0.0,55779.0,55779.0,11.0,0.0,0.0
2026-03-30 19:06:07,113,154925.0,14573.0,346.0,0.0,0.0,0.0,575.0,52.0,2.0,9.1148288e+07,1.168310272e+09,1074.23,26.0,55879.0,0.0,55879.0,55879.0,11.0,0.0,0.0
2026-03-30 19:06:19,113,155426.0,14573.0,346.0,0.0,0.0,0.0,576.0,52.0,2.0,9.1148288e+07,1.168310272e+09,1076.14,26.0,55979.0,0.0,55979.0,55979.0,11.0,0.0,0.0
2026-03-30 19:06:32,114,155426.0,14573.0,346.0,0.0,0.0,0.0,576.0,52.0,2.0,9.1148288e+07,1.168310272e+09,1078.1,26.0,56080.0,0.0,56080.0,56080.0,11.0,0.0,0.0
2026-03-30 19:06:44,114,155930.0,14573.0,346.0,0.0,0.0,0.0,577.0,52.0,2.0,9.1148288e+07,1.168310272e+09,1079.98,26.0,56180.0,0.0,56180.0,56180.0,11.0,0.0,0.0
2026-03-30 19:06:56,114,155930.0,14573.0,346.0,0.0,0.0,0.0,577.0,52.0,2.0,9.1148288e+07,1.168310272e+09,1081.8899999999999,26.0,56281.0,0.0,56280.0,56280.0,11.0,0.0,0.0
2026-03-30 19:07:08,114,156428.0,14573.0,346.0,0.0,0.0,0.0,578.0,52.0,2.0,9.1148288e+07,1.168310272e+09,1083.81,26.0,56380.0,0.0,56380.0,56380.0,11.0,0.0,0.0
2026-03-30 19:07:20,114,156932.0,14573.0,346.0,0.0,0.0,0.0,579.0,52.0,2.0,9.1148288e+07,1.168310272e+09,1085.71,27.0,56480.0,0.0,56479.0,56479.0,11.0,0.0,0.0
2026-03-30 19:07:32,115,156932.0,14573.0,346.0,0.0,0.0,0.0,579.0,52.0,2.0,9.1148288e+07,1.168310272e+09,1087.73,26.0,56580.0,0.0,56580.0,56580.0,11.0,0.0,0.0
2026-03-30 19:07:45,115,157436.0,14573.0,346.0,0.0,0.0,0.0,580.0,52.0,2.0,9.1148288e+07,1.168310272e+09,1089.6499999999999,27.0,56680.0,0.0,56680.0,56680.0,11.0,0.0,0.0
2026-03-30 19:07:57,115,157928.0,14573.0,346.0,0.0,0.0,0.0,581.0,52.0,2.0,9.1148288e+07,1.168310272e+09,1091.6200000000001,29.0,56781.0,0.0,56780.0,56780.0,11.0,0.0,0.0
2026-03-30 19:08:09,115,157928.0,14573.0,346.0,0.0,0.0,0.0,581.0,52.0,2.0,9.1148288e+07,1.168310272e+09,1093.54,29.0,56881.0,0.0,56880.0,56880.0,11.0,0.0,0.0
2026-03-30 19:08:21,115,158228.0,14573.0,346.0,0.0,0.0,0.0,582.0,52.0,2.0,9.1148288e+07,1.168310272e+09,1095.4,26.0,56980.0,0.0,56980.0,56980.0,11.0,0.0,0.0
2026-03-30 19:08:33,116,158732.0,14573.0,346.0,0.0,0.0,0.0,583.0,52.0,2.0,9.1148288e+07,1.168310272e+09,1097.3400000000001,29.0,57081.0,0.0,57080.0,57080.0,11.0,0.0,0.0
2026-03-30 19:08:45,116,158732.0,14573.0,346.0,0.0,0.0,0.0,583.0,52.0,2.0,9.1148288e+07,1.168310272e+09,1099.3,26.0,57180.0,0.0,57180.0,57180.0,11.0,0.0,0.0
2026-03-30 19:08:58,116,158732.0,15077.0,346.0,0.0,0.0,0.0,583.0,53.0,2.0,9.1148288e+07,1.168310272e+09,1101.2,29.0,57282.0,0.0,57281.0,57281.0,11.0,0.0,0.0
2026-03-30 19:09:10,116,158732.0,15077.0,346.0,0.0,0.0,0.0,583.0,53.0,2.0,9.1148288e+07,1.168310272e+09,1103.13,28.0,57382.0,0.0,57381.0,57381.0,11.0,0.0,0.0
2026-03-30 19:09:22,116,159227.0,15077.0,346.0,0.0,0.0,0.0,584.0,53.0,2.0,9.1148288e+07,1.168310272e+09,1105.04,26.0,57480.0,0.0,57480.0,57480.0,11.0,0.0,0.0
2026-03-30 19:09:34,117,159731.0,15077.0,346.0,0.0,0.0,0.0,585.0,53.0,2.0,9.1148288e+07,1.168310272e+09,1107.02,26.0,57580.0,0.0,57580.0,57580.0,11.0,0.0,0.0
2026-03-30 19:09:46,117,159731.0,15077.0,346.0,0.0,0.0,0.0,585.0,53.0,2.0,9.1148288e+07,1.168310272e+09,1108.96,29.0,57681.0,0.0,57680.0,57680.0,11.0,0.0,0.0
2026-03-30 19:09:58,117,160124.0,15077.0,346.0,0.0,0.0,0.0,586.0,53.0,2.0,9.1148288e+07,1.168310272e+09,1110.76,26.0,57780.0,0.0,57780.0,57780.0,11.0,0.0,0.0
2026-03-30 19:10:10,117,160628.0,15077.0,346.0,0.0,0.0,0.0,587.0,53.0,2.0,9.1148288e+07,1.168310272e+09,1112.6699999999998,26.0,57881.0,0.0,57881.0,57881.0,11.0,0.0,0.0
2026-03-30 19:10:22,117,160628.0,15077.0,346.0,0.0,0.0,0.0,587.0,53.0,2.0,9.1148288e+07,1.168310272e+09,1114.52,26.0,57979.0,0.0,57979.0,57979.0,11.0,0.0,0.0
2026-03-30 19:10:34,118,161132.0,15077.0,346.0,0.0,0.0,0.0,588.0,53.0,2.0,9.1148288e+07,1.168310272e+09,1116.4799999999998,29.0,58081.0,0.0,58080.0,58080.0,11.0,0.0,0.0
2026-03-30 19:10:47,118,161132.0,15077.0,346.0,0.0,0.0,0.0,588.0,53.0,2.0,9.1148288e+07,1.168310272e+09,1118.45,26.0,58182.0,0.0,58182.0,58182.0,11.0,0.0,0.0
2026-03-30 19:10:59,118,161630.0,15077.0,346.0,0.0,0.0,0.0,589.0,53.0,2.0,9.1148288e+07,1.168310272e+09,1120.35,27.0,58283.0,0.0,58282.0,58282.0,11.0,0.0,0.0
2026-03-30 19:11:11,118,162131.0,15077.0,346.0,0.0,0.0,0.0,590.0,53.0,2.0,9.1148288e+07,1.168310272e+09,1122.25,26.0,58384.0,0.0,58384.0,58384.0,11.0,0.0,0.0
2026-03-30 19:11:23,118,162131.0,15077.0,346.0,0.0,0.0,0.0,590.0,53.0,2.0,9.1148288e+07,1.168310272e+09,1124.17,26.0,58483.0,0.0,58483.0,58483.0,11.0,0.0,0.0
2026-03-30 19:11:36,119,162635.0,15077.0,346.0,0.0,0.0,0.0,591.0,53.0,2.0,9.1148288e+07,1.168310272e+09,1126.06,26.0,58584.0,0.0,58584.0,58584.0,11.0,0.0,0.0
2026-03-30 19:11:48,119,163136.0,15077.0,346.0,0.0,0.0,0.0,592.0,53.0,2.0,9.1148288e+07,1.168310272e+09,1127.9899999999998,29.0,58685.0,0.0,58684.0,58684.0,11.0,0.0,0.0
2026-03-30 19:12:00,119,163136.0,15077.0,346.0,0.0,0.0,0.0,592.0,53.0,2.0,9.1148288e+07,1.168310272e+09,1129.94,28.0,58784.0,0.0,58783.0,58783.0,11.0,0.0,0.0
2026-03-30 19:12:12,119,163640.0,15077.0,346.0,0.0,0.0,0.0,593.0,53.0,2.0,9.1148288e+07,1.168310272e+09,1131.8000000000002,26.0,58884.0,0.0,58884.0,58884.0,11.0,0.0,0.0
2026-03-30 19:12:24,119,163640.0,15077.0,346.0,0.0,0.0,0.0,593.0,53.0,2.0,9.1148288e+07,1.168310272e+09,1133.68,26.0,58984.0,0.0,58984.0,58984.0,11.0,0.0,0.0
2026-03-30 19:12:36,120,164144.0,15077.0,346.0,0.0,0.0,0.0,594.0,53.0,2.0,9.1148288e+07,1.168310272e+09,1135.6100000000001,26.0,59083.0,0.0,59083.0,59083.0,11.0,0.0,0.0
2026-03-30 19:12:48,120,164144.0,15077.0,346.0,0.0,0.0,0.0,594.0,53.0,2.0,9.1148288e+07,1.168310272e+09,1137.53,26.0,59183.0,0.0,59183.0,59183.0,11.0,0.0,0.0
2026-03-30 19:13:00,120,164144.0,15566.0,346.0,0.0,0.0,0.0,594.0,54.0,2.0,9.1148288e+07,1.168310272e+09,1139.44,26.0,59282.0,0.0,59282.0,59282.0,11.0,0.0,0.0
2026-03-30 19:13:12,120,164144.0,15566.0,346.0,0.0,0.0,0.0,594.0,54.0,2.0,9.1148288e+07,1.168310272e+09,1139.8700000000001,26.0,59301.0,0.0,59301.0,59301.0,11.0,0.0,0.0
2026-03-30 19:13:25,121,164645.0,15566.0,346.0,0.0,0.0,0.0,595.0,54.0,2.0,9.1148288e+07,1.168310272e+09,1141.83,29.0,59401.0,0.0,59400.0,59400.0,11.0,0.0,0.0
2026-03-30 19:13:37,121,164645.0,15566.0,346.0,0.0,0.0,0.0,595.0,54.0,2.0,9.1148288e+07,1.168310272e+09,1143.82,26.0,59502.0,0.0,59502.0,59502.0,11.0,0.0,0.0
2026-03-30 19:13:49,121,165149.0,15566.0,346.0,0.0,0.0,0.0,596.0,54.0,2.0,9.1148288e+07,1.168310272e+09,1145.85,29.0,59603.0,0.0,59602.0,59602.0,11.0,0.0,0.0
2026-03-30 19:14:01,121,165401.0,15566.0,346.0,0.0,0.0,0.0,597.0,54.0,2.0,9.1148288e+07,1.168310272e+09,1147.84,26.0,59701.0,0.0,59701.0,59701.0,11.0,0.0,0.0
2026-03-30 19:14:13,121,165905.0,15566.0,346.0,0.0,0.0,0.0,598.0,54.0,2.0,9.1148288e+07,1.168310272e+09,1149.81,26.0,59801.0,0.0,59801.0,59801.0,11.0,0.0,0.0
2026-03-30 19:14:26,122,165905.0,15566.0,346.0,0.0,0.0,0.0,598.0,54.0,2.0,9.1148288e+07,1.168310272e+09,1151.75,26.0,59900.0,0.0,59900.0,59900.0,11.0,0.0,0.0
2026-03-30 19:14:38,122,166409.0,15566.0,346.0,0.0,0.0,0.0,599.0,54.0,2.0,9.1148288e+07,1.168310272e+09,1153.6599999999999,26.0,60000.0,0.0,60000.0,60000.0,11.0,0.0,0.0
2026-03-30 19:14:50,122,166409.0,15566.0,346.0,0.0,0.0,0.0,599.0,54.0,2.0,9.1148288e+07,1.168310272e+09,1155.61,29.0,60100.0,0.0,60099.0,60099.0,11.0,0.0,0.0
2026-03-30 19:15:02,122,166892.0,15566.0,346.0,0.0,0.0,0.0,600.0,54.0,2.0,9.1017216e+07,1.168310272e+09,1157.52,29.0,60199.0,0.0,60198.0,60198.0,11.0,0.0,0.0
2026-03-30 19:15:14,122,167189.0,15566.0,346.0,0.0,0.0,0.0,601.0,54.0,2.0,9.1017216e+07,1.168310272e+09,1159.47,26.0,60298.0,0.0,60298.0,60298.0,11.0,0.0,0.0
2026-03-30 19:15:26,123,167693.0,15566.0,346.0,0.0,0.0,0.0,602.0,54.0,2.0,9.1017216e+07,1.168310272e+09,1161.3600000000001,26.0,60398.0,0.0,60398.0,60398.0,11.0,0.0,0.0
2026-03-30 19:15:38,123,167693.0,15566.0,346.0,0.0,0.0,0.0,602.0,54.0,2.0,9.1017216e+07,1.168310272e+09,1163.29,26.0,60498.0,0.0,60498.0,60498.0,11.0,0.0,0.0
2026-03-30 19:15:50,123,168197.0,15566.0,346.0,0.0,0.0,0.0,603.0,54.0,2.0,9.1017216e+07,1.168310272e+09,1165.28,29.0,60598.0,0.0,60597.0,60597.0,11.0,0.0,0.0
2026-03-30 19:16:02,123,168197.0,15566.0,346.0,0.0,0.0,0.0,603.0,54.0,2.0,9.1017216e+07,1.168310272e+09,1167.19,26.0,60698.0,0.0,60698.0,60698.0,11.0,0.0,0.0
2026-03-30 19:16:15,123,168689.0,15566.0,346.0,0.0,0.0,0.0,604.0,54.0,2.0,9.1017216e+07,1.168310272e+09,1169.03,29.0,60798.0,0.0,60797.0,60797.0,11.0,0.0,0.0
2026-03-30 19:16:27,124,168986.0,15566.0,346.0,0.0,0.0,0.0,605.0,54.0,2.0,9.1017216e+07,1.168310272e+09,1170.8899999999999,28.0,60897.0,0.0,60896.0,60896.0,11.0,0.0,0.0
2026-03-30 19:16:39,124,168986.0,16070.0,346.0,0.0,0.0,0.0,605.0,55.0,2.0,9.1017216e+07,1.168310272e+09,1172.81,26.0,60996.0,0.0,60996.0,60996.0,11.0,0.0,0.0
2026-03-30 19:16:51,124,168986.0,16070.0,346.0,0.0,0.0,0.0,605.0,55.0,2.0,9.1017216e+07,1.168310272e+09,1174.7199999999998,26.0,61097.0,0.0,61097.0,61097.0,11.0,0.0,0.0
2026-03-30 19:17:03,124,169487.0,16070.0,346.0,0.0,0.0,0.0,606.0,55.0,2.0,9.1017216e+07,1.168310272e+09,1176.6200000000001,26.0,61196.0,0.0,61196.0,61196.0,11.0,0.0,0.0
2026-03-30 19:17:15,124,169487.0,16070.0,346.0,0.0,0.0,0.0,606.0,55.0,2.0,9.1017216e+07,1.168310272e+09,1178.6100000000001,26.0,61296.0,0.0,61296.0,61296.0,11.0,0.0,0.0
2026-03-30 19:17:27,125,169979.0,16070.0,346.0,0.0,0.0,0.0,607.0,55.0,2.0,9.1017216e+07,1.168310272e+09,1180.56,26.0,61395.0,0.0,61395.0,61395.0,11.0,0.0,0.0
2026-03-30 19:17:39,125,170480.0,16070.0,346.0,0.0,0.0,0.0,608.0,55.0,2.0,9.1017216e+07,1.168310272e+09,1182.46,27.0,61494.0,0.0,61493.0,61493.0,11.0,0.0,0.0
2026-03-30 19:17:52,125,170480.0,16070.0,346.0,0.0,0.0,0.0,608.0,55.0,2.0,9.1017216e+07,1.168310272e+09,1184.37,26.0,61592.0,0.0,61592.0,61592.0,11.0,0.0,0.0
2026-03-30 19:18:04,125,170981.0,16070.0,346.0,0.0,0.0,0.0,609.0,55.0,2.0,9.1017216e+07,1.168310272e+09,1186.23,29.0,61693.0,0.0,61692.0,61692.0,11.0,0.0,0.0
2026-03-30 19:18:16,125,171467.0,16070.0,346.0,0.0,0.0,0.0,610.0,55.0,2.0,9.1017216e+07,1.168310272e+09,1188.1499999999999,29.0,61793.0,0.0,61792.0,61792.0,11.0,0.0,0.0
2026-03-30 19:18:28,126,171467.0,16070.0,346.0,0.0,0.0,0.0,610.0,55.0,2.0,9.1017216e+07,1.168310272e+09,1190.1200000000001,29.0,61892.0,0.0,61891.0,61891.0,11.0,0.0,0.0
2026-03-30 19:18:40,126,171764.0,16070.0,346.0,0.0,0.0,0.0,611.0,55.0,2.0,9.1017216e+07,1.168310272e+09,1191.99,27.0,61991.0,0.0,61991.0,61991.0,11.0,0.0,0.0
2026-03-30 19:18:52,126,172268.0,16070.0,346.0,0.0,0.0,0.0,612.0,55.0,2.0,9.1017216e+07,1.168310272e+09,1193.99,26.0,62090.0,0.0,62090.0,62090.0,11.0,0.0,0.0
2026-03-30 19:19:04,126,172268.0,16070.0,346.0,0.0,0.0,0.0,612.0,55.0,2.0,9.1017216e+07,1.168310272e+09,1195.98,29.0,62192.0,0.0,62191.0,62191.0,11.0,0.0,0.0
2026-03-30 19:19:17,126,172664.0,16070.0,346.0,0.0,0.0,0.0,613.0,55.0,2.0,9.1017216e+07,1.168310272e+09,1197.92,29.0,62292.0,0.0,62291.0,62291.0,11.0,0.0,0.0
2026-03-30 19:19:29,127,172964.0,16070.0,346.0,0.0,0.0,0.0,614.0,55.0,2.0,9.1017216e+07,1.168310272e+09,1199.6999999999998,26.0,62392.0,0.0,62392.0,62392.0,11.0,0.0,0.0
2026-03-30 19:19:41,127,173468.0,16070.0,346.0,0.0,0.0,0.0,615.0,55.0,2.0,9.1017216e+07,1.168310272e+09,1201.74,29.0,62492.0,0.0,62491.0,62491.0,11.0,0.0,0.0
2026-03-30 19:19:53,127,173468.0,16070.0,346.0,0.0,0.0,0.0,615.0,55.0,2.0,9.1017216e+07,1.168310272e+09,1203.6899999999998,26.0,62592.0,0.0,62592.0,62592.0,11.0,0.0,0.0
2026-03-30 19:20:06,127,173972.0,16070.0,346.0,0.0,0.0,0.0,616.0,55.0,2.0,9.1017216e+07,1.168310272e+09,1205.6000000000001,26.0,62693.0,0.0,62693.0,62693.0,11.0,0.0,0.0
2026-03-30 19:20:18,127,173972.0,16070.0,346.0,0.0,0.0,0.0,616.0,55.0,2.0,9.1017216e+07,1.168310272e+09,1207.4399999999998,26.0,62793.0,0.0,62793.0,62793.0,11.0,0.0,0.0
2026-03-30 19:20:30,128,173972.0,16568.0,346.0,0.0,0.0,0.0,616.0,56.0,2.0,9.1017216e+07,1.168310272e+09,1209.3799999999999,26.0,62894.0,0.0,62894.0,62894.0,11.0,0.0,0.0
2026-03-30 19:20:42,128,174473.0,16568.0,346.0,0.0,0.0,0.0,617.0,56.0,2.0,9.1017216e+07,1.168310272e+09,1211.3300000000002,26.0,62994.0,0.0,62994.0,62994.0,11.0,0.0,0.0
2026-03-30 19:20:54,128,174473.0,16568.0,346.0,0.0,0.0,0.0,617.0,56.0,2.0,9.1017216e+07,1.168310272e+09,1213.26,29.0,63094.0,0.0,63093.0,63093.0,11.0,0.0,0.0
2026-03-30 19:21:06,128,174872.0,16568.0,346.0,0.0,0.0,0.0,618.0,56.0,2.0,9.1017216e+07,1.168310272e+09,1215.1200000000001,29.0,63195.0,0.0,63194.0,63194.0,11.0,0.0,0.0
2026-03-30 19:21:18,128,175175.0,16568.0,346.0,0.0,0.0,0.0,619.0,56.0,2.0,9.1017216e+07,1.168310272e+09,1217.11,29.0,63294.0,0.0,63293.0,63293.0,11.0,0.0,0.0
2026-03-30 19:21:31,129,175472.0,16568.0,346.0,0.0,0.0,0.0,620.0,56.0,2.0,9.1017216e+07,1.168310272e+09,1219.03,26.0,63395.0,0.0,63395.0,63395.0,11.0,0.0,0.0
2026-03-30 19:21:43,129,175976.0,16568.0,346.0,0.0,0.0,0.0,621.0,56.0,2.0,9.1017216e+07,1.168310272e+09,1221.07,27.0,63495.0,0.0,63495.0,63495.0,11.0,0.0,0.0
2026-03-30 19:21:55,129,175976.0,16568.0,346.0,0.0,0.0,0.0,621.0,56.0,2.0,9.1017216e+07,1.168310272e+09,1223.02,26.0,63596.0,0.0,63596.0,63596.0,11.0,0.0,0.0
2026-03-30 19:22:07,129,176480.0,16568.0,346.0,0.0,0.0,0.0,622.0,56.0,2.0,9.1017216e+07,1.168310272e+09,1224.92,26.0,63697.0,0.0,63697.0,63697.0,11.0,0.0,0.0
2026-03-30 19:22:20,129,176984.0,16568.0,346.0,0.0,0.0,0.0,623.0,56.0,2.0,9.1017216e+07,1.168310272e+09,1226.81,29.0,63798.0,0.0,63797.0,63797.0,11.0,0.0,0.0
2026-03-30 19:22:32,130,176984.0,16568.0,346.0,0.0,0.0,0.0,623.0,56.0,2.0,9.1017216e+07,1.168310272e+09,1228.63,29.0,63896.0,0.0,63895.0,63895.0,11.0,0.0,0.0
2026-03-30 19:22:44,130,177278.0,16568.0,346.0,0.0,0.0,0.0,624.0,56.0,2.0,9.1017216e+07,1.168310272e+09,1230.6,26.0,63997.0,0.0,63997.0,63997.0,11.0,0.0,0.0
2026-03-30 19:22:56,130,177782.0,16568.0,346.0,0.0,0.0,0.0,625.0,56.0,2.0,9.1017216e+07,1.168310272e+09,1232.5600000000002,29.0,64097.0,0.0,64096.0,64096.0,11.0,0.0,0.0
2026-03-30 19:23:08,130,177782.0,16568.0,346.0,0.0,0.0,0.0,625.0,56.0,2.0,9.1017216e+07,1.168310272e+09,1234.3799999999999,29.0,64196.0,0.0,64195.0,64195.0,11.0,0.0,0.0
2026-03-30 19:23:20,130,178178.0,16568.0,346.0,0.0,0.0,0.0,626.0,56.0,2.0,9.1017216e+07,1.168310272e+09,1236.4,29.0,64295.0,0.0,64294.0,64294.0,11.0,0.0,0.0
2026-03-30 19:23:33,131,178475.0,16568.0,346.0,0.0,0.0,0.0,627.0,56.0,2.0,9.1017216e+07,1.168310272e+09,1238.35,26.0,64395.0,0.0,64395.0,64395.0,11.0,0.0,0.0
2026-03-30 19:23:45,131,178475.0,17072.0,346.0,0.0,0.0,0.0,627.0,57.0,2.0,9.1017216e+07,1.168310272e+09,1240.31,26.0,64496.0,0.0,64496.0,64496.0,11.0,0.0,0.0
2026-03-30 19:23:57,131,178475.0,17072.0,346.0,0.0,0.0,0.0,627.0,57.0,2.0,9.1017216e+07,1.168310272e+09,1242.21,26.0,64596.0,0.0,64596.0,64596.0,11.0,0.0,0.0
2026-03-30 19:24:09,131,178979.0,17072.0,346.0,0.0,0.0,0.0,628.0,57.0,2.0,9.1017216e+07,1.168310272e+09,1244.0800000000002,26.0,64698.0,0.0,64698.0,64698.0,11.0,0.0,0.0
2026-03-30 19:24:22,131,179483.0,17072.0,346.0,0.0,0.0,0.0,629.0,57.0,2.0,9.1148288e+07,1.168310272e+09,1246.03,26.0,64799.0,0.0,64799.0,64799.0,11.0,0.0,0.0
2026-03-30 19:24:34,132,179483.0,17072.0,346.0,0.0,0.0,0.0,629.0,57.0,2.0,9.1148288e+07,1.168310272e+09,1247.98,26.0,64899.0,0.0,64899.0,64899.0,11.0,0.0,0.0
2026-03-30 19:24:46,132,179984.0,17072.0,346.0,0.0,0.0,0.0,630.0,57.0,2.0,9.1148288e+07,1.168310272e+09,1249.87,26.0,64998.0,0.0,64998.0,64998.0,11.0,0.0,0.0
2026-03-30 19:24:58,132,179984.0,17072.0,346.0,0.0,0.0,0.0,630.0,57.0,2.0,9.1148288e+07,1.168310272e+09,1251.78,26.0,65098.0,0.0,65098.0,65098.0,11.0,0.0,0.0
2026-03-30 19:25:10,132,180488.0,17072.0,346.0,0.0,0.0,0.0,631.0,57.0,2.0,9.1148288e+07,1.168310272e+09,1253.5900000000001,27.0,65200.0,0.0,65200.0,65200.0,11.0,0.0,0.0
2026-03-30 19:25:23,132,180992.0,17072.0,346.0,0.0,0.0,0.0,632.0,57.0,2.0,9.1148288e+07,1.168310272e+09,1255.48,26.0,65302.0,0.0,65302.0,65302.0,11.0,0.0,0.0
2026-03-30 19:25:35,133,180992.0,17072.0,346.0,0.0,0.0,0.0,632.0,57.0,2.0,9.1148288e+07,1.168310272e+09,1257.3500000000001,29.0,65403.0,0.0,65402.0,65402.0,11.0,0.0,0.0
2026-03-30 19:25:47,133,181295.0,17072.0,346.0,0.0,0.0,0.0,633.0,57.0,2.0,9.1148288e+07,1.168310272e+09,1259.35,29.0,65503.0,0.0,65502.0,65502.0,11.0,0.0,0.0
2026-03-30 19:25:59,133,181595.0,17072.0,346.0,0.0,0.0,0.0,634.0,57.0,2.0,9.1148288e+07,1.168310272e+09,1261.3,26.0,65603.0,0.0,65603.0,65603.0,11.0,0.0,0.0
2026-03-30 19:26:12,133,182099.0,17072.0,346.0,0.0,0.0,0.0,635.0,57.0,2.0,9.1148288e+07,1.168310272e+09,1263.23,26.0,65702.0,0.0,65702.0,65702.0,11.0,0.0,0.0
2026-03-30 19:26:24,133,182099.0,17072.0,346.0,0.0,0.0,0.0,635.0,57.0,2.0,9.1148288e+07,1.168310272e+09,1265.16,26.0,65802.0,0.0,65802.0,65802.0,11.0,0.0,0.0
2026-03-30 19:26:36,134,182603.0,17072.0,346.0,0.0,0.0,0.0,636.0,57.0,2.0,9.1148288e+07,1.168310272e+09,1267.04,26.0,65902.0,0.0,65902.0,65902.0,11.0,0.0,0.0
2026-03-30 19:26:48,134,182603.0,17072.0,346.0,0.0,0.0,0.0,636.0,57.0,2.0,9.1148288e+07,1.168310272e+09,1268.8200000000002,26.0,66002.0,0.0,66002.0,66002.0,11.0,0.0,0.0
2026-03-30 19:27:00,134,183095.0,17072.0,346.0,0.0,0.0,0.0,637.0,57.0,2.0,9.1148288e+07,1.168310272e+09,1270.69,26.0,66102.0,0.0,66102.0,66102.0,11.0,0.0,0.0
2026-03-30 19:27:12,134,183596.0,17072.0,346.0,0.0,0.0,0.0,638.0,57.0,2.0,9.1148288e+07,1.168310272e+09,1272.5800000000002,26.0,66201.0,0.0,66201.0,66201.0,11.0,0.0,0.0
2026-03-30 19:27:24,134,183596.0,17072.0,346.0,0.0,0.0,0.0,638.0,57.0,2.0,9.1148288e+07,1.168310272e+09,1274.56,26.0,66301.0,0.0,66301.0,66301.0,11.0,0.0,0.0
2026-03-30 19:27:37,135,183596.0,17576.0,346.0,0.0,0.0,0.0,638.0,58.0,2.0,9.1148288e+07,1.168310272e+09,1276.45,26.0,66399.0,0.0,66399.0,66399.0,11.0,0.0,0.0
2026-03-30 19:27:49,135,184079.0,17576.0,346.0,0.0,0.0,0.0,639.0,58.0,2.0,9.1148288e+07,1.168310272e+09,1278.3799999999999,29.0,66499.0,0.0,66498.0,66498.0,11.0,0.0,0.0
2026-03-30 19:28:01,135,184079.0,17576.0,346.0,0.0,0.0,0.0,639.0,58.0,2.0,9.1148288e+07,1.168310272e+09,1280.34,26.0,66599.0,0.0,66599.0,66599.0,11.0,0.0,0.0
2026-03-30 19:28:13,135,184583.0,17576.0,346.0,0.0,0.0,0.0,640.0,58.0,2.0,9.1148288e+07,1.168310272e+09,1282.2099999999998,29.0,66698.0,0.0,66697.0,66697.0,11.0,0.0,0.0
2026-03-30 19:28:25,136,184583.0,17576.0,346.0,0.0,0.0,0.0,640.0,58.0,2.0,9.1148288e+07,1.168310272e+09,1284.05,29.0,66798.0,0.0,66797.0,66797.0,11.0,0.0,0.0
2026-03-30 19:28:37,136,184976.0,17576.0,346.0,0.0,0.0,0.0,641.0,58.0,2.0,9.1148288e+07,1.168310272e+09,1285.98,26.0,66898.0,0.0,66898.0,66898.0,11.0,0.0,0.0
2026-03-30 19:28:49,136,185480.0,17576.0,346.0,0.0,0.0,0.0,642.0,58.0,2.0,9.1148288e+07,1.168310272e+09,1287.92,26.0,66998.0,0.0,66998.0,66998.0,11.0,0.0,0.0
2026-03-30 19:29:02,136,185480.0,17576.0,346.0,0.0,0.0,0.0,642.0,58.0,2.0,9.1148288e+07,1.168310272e+09,1289.76,29.0,67099.0,0.0,67098.0,67098.0,11.0,0.0,0.0
2026-03-30 19:29:14,136,185879.0,17576.0,346.0,0.0,0.0,0.0,643.0,58.0,2.0,9.1148288e+07,1.168310272e+09,1291.66,26.0,67198.0,0.0,67198.0,67198.0,11.0,0.0,0.0
2026-03-30 19:29:26,137,186383.0,17576.0,346.0,0.0,0.0,0.0,644.0,58.0,2.0,9.1148288e+07,1.168310272e+09,1293.6000000000001,26.0,67298.0,0.0,67298.0,67298.0,11.0,0.0,0.0
2026-03-30 19:29:38,137,186383.0,17576.0,346.0,0.0,0.0,0.0,644.0,58.0,2.0,9.1148288e+07,1.168310272e+09,1295.5,26.0,67398.0,0.0,67398.0,67398.0,11.0,0.0,0.0
2026-03-30 19:29:50,137,186887.0,17576.0,346.0,0.0,0.0,0.0,645.0,58.0,2.0,9.1148288e+07,1.168310272e+09,1297.5,29.0,67499.0,0.0,67498.0,67498.0,11.0,0.0,0.0
2026-03-30 19:30:03,137,187382.0,17576.0,346.0,0.0,0.0,0.0,646.0,58.0,2.0,9.1148288e+07,1.168310272e+09,1299.36,29.0,67600.0,0.0,67599.0,67599.0,11.0,0.0,0.0
2026-03-30 19:30:15,137,187382.0,17576.0,346.0,0.0,0.0,0.0,646.0,58.0,2.0,9.1148288e+07,1.168310272e+09,1301.24,29.0,67700.0,0.0,67699.0,67699.0,11.0,0.0,0.0
2026-03-30 19:30:27,138,187682.0,17576.0,346.0,0.0,0.0,0.0,647.0,58.0,2.0,9.1148288e+07,1.168310272e+09,1303.1499999999999,29.0,67799.0,0.0,67798.0,67798.0,11.0,0.0,0.0
2026-03-30 19:30:39,138,187979.0,17576.0,346.0,0.0,0.0,0.0,648.0,58.0,2.0,9.1148288e+07,1.168310272e+09,1305.1,26.0,67900.0,0.0,67900.0,67900.0,11.0,0.0,0.0
2026-03-30 19:30:51,138,188483.0,17576.0,346.0,0.0,0.0,0.0,649.0,58.0,2.0,9.1148288e+07,1.168310272e+09,1307.0900000000001,26.0,68000.0,0.0,68000.0,68000.0,11.0,0.0,0.0
2026-03-30 19:31:03,138,188483.0,17576.0,346.0,0.0,0.0,0.0,649.0,58.0,2.0,9.1148288e+07,1.168310272e+09,1308.97,26.0,68101.0,0.0,68101.0,68101.0,11.0,0.0,0.0
2026-03-30 19:31:16,138,188483.0,18080.0,346.0,0.0,0.0,0.0,649.0,59.0,2.0,9.1148288e+07,1.168310272e+09,1310.8700000000001,26.0,68202.0,0.0,68202.0,68202.0,11.0,0.0,0.0
2026-03-30 19:31:28,139,188483.0,18080.0,346.0,0.0,0.0,0.0,649.0,59.0,2.0,9.1148288e+07,1.168310272e+09,1312.74,26.0,68302.0,0.0,68301.0,68301.0,11.0,0.0,0.0
2026-03-30 19:31:40,139,188984.0,18080.0,346.0,0.0,0.0,0.0,650.0,59.0,2.0,9.1148288e+07,1.168310272e+09,1314.77,26.0,68402.0,0.0,68402.0,68402.0,11.0,0.0,0.0
2026-03-30 19:31:52,139,189488.0,18080.0,346.0,0.0,0.0,0.0,651.0,59.0,2.0,9.1148288e+07,1.168310272e+09,1316.61,27.0,68503.0,0.0,68503.0,68503.0,11.0,0.0,0.0
2026-03-30 19:32:04,139,189488.0,18080.0,346.0,0.0,0.0,0.0,651.0,59.0,2.0,9.1148288e+07,1.168310272e+09,1318.5,26.0,68605.0,0.0,68605.0,68605.0,11.0,0.0,0.0
2026-03-30 19:32:17,139,189992.0,18080.0,346.0,0.0,0.0,0.0,652.0,59.0,2.0,9.1148288e+07,1.168310272e+09,1320.49,26.0,68706.0,0.0,68706.0,68706.0,11.0,0.0,0.0
2026-03-30 19:32:29,140,190496.0,18080.0,346.0,0.0,0.0,0.0,653.0,59.0,2.0,9.1148288e+07,1.168310272e+09,1322.38,26.0,68806.0,0.0,68806.0,68806.0,11.0,0.0,0.0
2026-03-30 19:32:41,140,190496.0,18080.0,346.0,0.0,0.0,0.0,653.0,59.0,2.0,9.1148288e+07,1.168310272e+09,1324.25,26.0,68907.0,0.0,68907.0,68907.0,11.0,0.0,0.0
2026-03-30 19:32:54,140,190997.0,18080.0,346.0,0.0,0.0,0.0,654.0,59.0,2.0,9.1148288e+07,1.168310272e+09,1326.15,29.0,69007.0,0.0,69006.0,69006.0,11.0,0.0,0.0
2026-03-30 19:33:06,140,190997.0,18080.0,346.0,0.0,0.0,0.0,654.0,59.0,2.0,9.1148288e+07,1.168310272e+09,1327.9699999999998,26.0,69107.0,0.0,69107.0,69107.0,11.0,0.0,0.0
2026-03-30 19:33:18,140,191498.0,18080.0,346.0,0.0,0.0,0.0,655.0,59.0,2.0,9.1148288e+07,1.168310272e+09,1329.92,27.0,69208.0,0.0,69207.0,69207.0,11.0,0.0,0.0
2026-03-30 19:33:30,141,192002.0,18080.0,346.0,0.0,0.0,0.0,656.0,59.0,2.0,9.1148288e+07,1.168310272e+09,1331.8400000000001,26.0,69308.0,0.0,69308.0,69308.0,11.0,0.0,0.0
2026-03-30 19:33:42,141,192002.0,18080.0,346.0,0.0,0.0,0.0,656.0,59.0,2.0,9.1148288e+07,1.168310272e+09,1333.74,29.0,69408.0,0.0,69407.0,69407.0,11.0,0.0,0.0
2026-03-30 19:33:54,141,192302.0,18080.0,346.0,0.0,0.0,0.0,657.0,59.0,2.0,9.1148288e+07,1.168310272e+09,1335.66,29.0,69508.0,0.0,69507.0,69507.0,11.0,0.0,0.0
2026-03-30 19:34:07,141,192602.0,18080.0,346.0,0.0,0.0,0.0,658.0,59.0,2.0,9.1148288e+07,1.168310272e+09,1337.54,29.0,69609.0,0.0,69608.0,69608.0,11.0,0.0,0.0
2026-03-30 19:34:19,141,192905.0,18080.0,346.0,0.0,0.0,0.0,659.0,59.0,2.0,9.1148288e+07,1.168310272e+09,1339.38,26.0,69709.0,0.0,69709.0,69709.0,11.0,0.0,0.0
2026-03-30 19:34:31,142,193409.0,18080.0,346.0,0.0,0.0,0.0,660.0,59.0,2.0,9.1148288e+07,1.168310272e+09,1341.35,26.0,69810.0,0.0,69810.0,69810.0,11.0,0.0,0.0
2026-03-30 19:34:43,142,193409.0,18080.0,346.0,0.0,0.0,0.0,660.0,59.0,2.0,9.1148288e+07,1.168310272e+09,1343.32,27.0,69909.0,0.0,69909.0,69909.0,11.0,0.0,0.0
2026-03-30 19:34:55,142,193409.0,18479.0,346.0,0.0,0.0,0.0,660.0,60.0,2.0,9.1148288e+07,1.168310272e+09,1345.1799999999998,29.0,70009.0,0.0,70008.0,70008.0,11.0,0.0,0.0
2026-03-30 19:35:08,142,193706.0,18479.0,346.0,0.0,0.0,0.0,661.0,60.0,2.0,9.1148288e+07,1.168310272e+09,1347.1000000000001,29.0,70110.0,0.0,70109.0,70109.0,11.0,0.0,0.0
2026-03-30 19:35:20,142,194009.0,18479.0,346.0,0.0,0.0,0.0,662.0,60.0,2.0,9.1148288e+07,1.168310272e+09,1349.03,29.0,70210.0,0.0,70209.0,70209.0,11.0,0.0,0.0
2026-03-30 19:35:32,143,194309.0,18479.0,346.0,0.0,0.0,0.0,663.0,60.0,2.0,9.1148288e+07,1.168310272e+09,1350.92,29.0,70310.0,0.0,70309.0,70309.0,11.0,0.0,0.0
2026-03-30 19:35:44,143,194609.0,18479.0,346.0,0.0,0.0,0.0,664.0,60.0,2.0,9.1148288e+07,1.168310272e+09,1352.75,26.0,70410.0,0.0,70410.0,70410.0,11.0,0.0,0.0
2026-03-30 19:35:56,143,195113.0,18479.0,346.0,0.0,0.0,0.0,665.0,60.0,2.0,9.1148288e+07,1.168310272e+09,1354.6200000000001,26.0,70511.0,0.0,70511.0,70511.0,11.0,0.0,0.0
2026-03-30 19:36:08,143,195113.0,18479.0,346.0,0.0,0.0,0.0,665.0,60.0,2.0,9.1148288e+07,1.168310272e+09,1356.5500000000002,29.0,70611.0,0.0,70610.0,70610.0,11.0,0.0,0.0
2026-03-30 19:36:21,143,195512.0,18479.0,346.0,0.0,0.0,0.0,666.0,60.0,2.0,9.1148288e+07,1.168310272e+09,1358.59,26.0,70711.0,0.0,70711.0,70711.0,11.0,0.0,0.0
2026-03-30 19:36:33,144,196016.0,18479.0,346.0,0.0,0.0,0.0,667.0,60.0,2.0,9.1148288e+07,1.168310272e+09,1360.37,29.0,70812.0,0.0,70811.0,70811.0,11.0,0.0,0.0
2026-03-30 19:36:45,144,196016.0,18479.0,346.0,0.0,0.0,0.0,667.0,60.0,2.0,9.1148288e+07,1.168310272e+09,1362.18,29.0,70911.0,0.0,70910.0,70910.0,11.0,0.0,0.0
2026-03-30 19:36:57,144,196412.0,18479.0,346.0,0.0,0.0,0.0,668.0,60.0,2.0,9.1148288e+07,1.168310272e+09,1364.1599999999999,27.0,71012.0,0.0,71011.0,71011.0,11.0,0.0,0.0
2026-03-30 19:37:09,144,196916.0,18479.0,346.0,0.0,0.0,0.0,669.0,60.0,2.0,9.1148288e+07,1.168310272e+09,1366.0800000000002,26.0,71110.0,0.0,71110.0,71110.0,11.0,0.0,0.0
2026-03-30 19:37:21,144,196916.0,18479.0,346.0,0.0,0.0,0.0,669.0,60.0,2.0,9.1148288e+07,1.168310272e+09,1368.03,26.0,71210.0,0.0,71210.0,71210.0,11.0,0.0,0.0
2026-03-30 19:37:33,145,197420.0,18479.0,346.0,0.0,0.0,0.0,670.0,60.0,2.0,9.127936e+07,1.168310272e+09,1369.98,26.0,71311.0,0.0,71311.0,71311.0,11.0,0.0,0.0
2026-03-30 19:37:46,145,197420.0,18479.0,346.0,0.0,0.0,0.0,670.0,60.0,2.0,9.127936e+07,1.168310272e+09,1371.8200000000002,26.0,71411.0,0.0,71411.0,71411.0,11.0,0.0,0.0
2026-03-30 19:37:58,145,197915.0,18479.0,346.0,0.0,0.0,0.0,671.0,60.0,2.0,9.127936e+07,1.168310272e+09,1373.74,29.0,71510.0,0.0,71509.0,71509.0,11.0,0.0,0.0
2026-03-30 19:38:10,145,197915.0,18773.0,346.0,0.0,0.0,0.0,671.0,61.0,2.0,9.127936e+07,1.168310272e+09,1375.65,27.0,71611.0,0.0,71611.0,71611.0,11.0,0.0,0.0
2026-03-30 19:38:22,145,198419.0,18773.0,346.0,0.0,0.0,0.0,672.0,61.0,2.0,9.127936e+07,1.168310272e+09,1377.59,26.0,71711.0,0.0,71711.0,71711.0,11.0,0.0,0.0
2026-03-30 19:38:34,146,198419.0,18773.0,346.0,0.0,0.0,0.0,672.0,61.0,2.0,9.127936e+07,1.168310272e+09,1379.48,26.0,71812.0,0.0,71812.0,71812.0,11.0,0.0,0.0
2026-03-30 19:38:47,146,198923.0,18773.0,346.0,0.0,0.0,0.0,673.0,61.0,2.0,9.127936e+07,1.168310272e+09,1381.47,26.0,71912.0,0.0,71912.0,71912.0,11.0,0.0,0.0
2026-03-30 19:38:59,146,198923.0,18773.0,346.0,0.0,0.0,0.0,673.0,61.0,2.0,9.127936e+07,1.168310272e+09,1383.25,26.0,72011.0,0.0,72011.0,72011.0,11.0,0.0,0.0
2026-03-30 19:39:11,146,199421.0,18773.0,346.0,0.0,0.0,0.0,674.0,61.0,2.0,9.127936e+07,1.168310272e+09,1385.1499999999999,26.0,72111.0,0.0,72111.0,72111.0,11.0,0.0,0.0
2026-03-30 19:39:23,146,199922.0,18773.0,346.0,0.0,0.0,0.0,675.0,61.0,2.0,9.127936e+07,1.168310272e+09,1387.1000000000001,26.0,72212.0,0.0,72212.0,72212.0,11.0,0.0,0.0
2026-03-30 19:39:35,147,199922.0,18773.0,346.0,0.0,0.0,0.0,675.0,61.0,2.0,9.127936e+07,1.168310272e+09,1388.97,26.0,72313.0,0.0,72313.0,72313.0,11.0,0.0,0.0
2026-03-30 19:39:47,147,200426.0,18773.0,346.0,0.0,0.0,0.0,676.0,61.0,2.0,9.127936e+07,1.168310272e+09,1390.9,29.0,72412.0,0.0,72411.0,72411.0,11.0,0.0,0.0
2026-03-30 19:39:59,147,200426.0,18773.0,346.0,0.0,0.0,0.0,676.0,61.0,2.0,9.127936e+07,1.168310272e+09,1392.75,27.0,72511.0,0.0,72510.0,72510.0,11.0,0.0,0.0
2026-03-30 19:40:12,147,200918.0,18773.0,346.0,0.0,0.0,0.0,677.0,61.0,2.0,9.127936e+07,1.168310272e+09,1394.67,26.0,72611.0,0.0,72611.0,72611.0,11.0,0.0,0.0
2026-03-30 19:40:24,147,201422.0,18773.0,346.0,0.0,0.0,0.0,678.0,61.0,2.0,9.127936e+07,1.168310272e+09,1396.63,26.0,72710.0,0.0,72710.0,72710.0,11.0,0.0,0.0
2026-03-30 19:40:36,148,201422.0,18773.0,346.0,0.0,0.0,0.0,678.0,61.0,2.0,9.127936e+07,1.168310272e+09,1398.44,26.0,72809.0,0.0,72809.0,72809.0,11.0,0.0,0.0
2026-03-30 19:40:48,148,201926.0,18773.0,346.0,0.0,0.0,0.0,679.0,61.0,2.0,9.127936e+07,1.168310272e+09,1400.37,27.0,72909.0,0.0,72908.0,72908.0,11.0,0.0,0.0
2026-03-30 19:41:00,148,201926.0,18773.0,346.0,0.0,0.0,0.0,679.0,61.0,2.0,9.127936e+07,1.168310272e+09,1402.29,26.0,73010.0,0.0,73010.0,73010.0,11.0,0.0,0.0
2026-03-30 19:41:12,148,202418.0,18773.0,346.0,0.0,0.0,0.0,680.0,61.0,2.0,9.127936e+07,1.168310272e+09,1404.13,26.0,73110.0,0.0,73110.0,73110.0,11.0,0.0,0.0
2026-03-30 19:41:24,148,202919.0,18773.0,346.0,0.0,0.0,0.0,681.0,61.0,2.0,9.127936e+07,1.168310272e+09,1405.94,26.0,73209.0,0.0,73209.0,73209.0,11.0,0.0,0.0
2026-03-30 19:41:37,149,202919.0,18773.0,346.0,0.0,0.0,0.0,681.0,61.0,2.0,9.127936e+07,1.168310272e+09,1407.91,26.0,73310.0,0.0,73310.0,73310.0,11.0,0.0,0.0
2026-03-30 19:41:49,149,203423.0,18773.0,346.0,0.0,0.0,0.0,682.0,61.0,2.0,9.127936e+07,1.168310272e+09,1409.8799999999999,26.0,73409.0,0.0,73409.0,73409.0,11.0,0.0,0.0
2026-03-30 19:42:01,149,203423.0,18773.0,346.0,0.0,0.0,0.0,682.0,61.0,2.0,9.127936e+07,1.168310272e+09,1411.7,26.0,73509.0,0.0,73509.0,73509.0,11.0,0.0,0.0
2026-03-30 19:42:13,149,203423.0,19265.0,346.0,0.0,0.0,0.0,682.0,62.0,2.0,9.127936e+07,1.168310272e+09,1413.61,26.0,73608.0,0.0,73608.0,73608.0,11.0,0.0,0.0
2026-03-30 19:42:25,150,203924.0,19265.0,346.0,0.0,0.0,0.0,683.0,62.0,2.0,9.127936e+07,1.168310272e+09,1415.51,27.0,73708.0,0.0,73707.0,73707.0,11.0,0.0,0.0
2026-03-30 19:42:37,150,203924.0,19265.0,346.0,0.0,0.0,0.0,683.0,62.0,2.0,9.127936e+07,1.168310272e+09,1417.3799999999999,26.0,73807.0,0.0,73807.0,73807.0,11.0,0.0,0.0
2026-03-30 19:42:49,150,204425.0,19265.0,346.0,0.0,0.0,0.0,684.0,62.0,2.0,9.127936e+07,1.168310272e+09,1419.3400000000001,29.0,73907.0,0.0,73906.0,73906.0,11.0,0.0,0.0
2026-03-30 19:43:02,150,204425.0,19265.0,346.0,0.0,0.0,0.0,684.0,62.0,2.0,9.127936e+07,1.168310272e+09,1421.22,26.0,74008.0,0.0,74008.0,74008.0,11.0,0.0,0.0
2026-03-30 19:43:14,150,204920.0,19265.0,346.0,0.0,0.0,0.0,685.0,62.0,2.0,9.127936e+07,1.168310272e+09,1422.5800000000002,26.0,74077.0,0.0,74077.0,74077.0,11.0,0.0,0.0
2026-03-30 19:43:26,151,204920.0,19265.0,346.0,0.0,0.0,0.0,685.0,62.0,2.0,9.127936e+07,1.168310272e+09,1423.51,29.0,74125.0,0.0,74124.0,74124.0,11.0,0.0,0.0
2026-03-30 19:43:38,151,205268.0,19265.0,346.0,0.0,0.0,0.0,686.0,62.0,2.0,9.127936e+07,1.168310272e+09,1425.4599999999998,26.0,74226.0,0.0,74226.0,74226.0,11.0,0.0,0.0
2026-03-30 19:43:51,151,205772.0,19265.0,346.0,0.0,0.0,0.0,687.0,62.0,2.0,9.127936e+07,1.168310272e+09,1427.49,26.0,74329.0,0.0,74329.0,74329.0,11.0,0.0,0.0
2026-03-30 19:44:03,151,205772.0,19265.0,346.0,0.0,0.0,0.0,687.0,62.0,2.0,9.127936e+07,1.168310272e+09,1429.3000000000002,26.0,74430.0,0.0,74430.0,74430.0,11.0,0.0,0.0
2026-03-30 19:44:15,151,206276.0,19265.0,346.0,0.0,0.0,0.0,688.0,62.0,2.0,9.127936e+07,1.168310272e+09,1431.28,26.0,74528.0,0.0,74528.0,74528.0,11.0,0.0,0.0
2026-03-30 19:44:27,152,206777.0,19265.0,346.0,0.0,0.0,0.0,689.0,62.0,2.0,9.127936e+07,1.168310272e+09,1433.19,29.0,74628.0,0.0,74627.0,74627.0,11.0,0.0,0.0
2026-03-30 19:44:40,152,206777.0,19265.0,346.0,0.0,0.0,0.0,689.0,62.0,2.0,9.127936e+07,1.168310272e+09,1435.09,26.0,74728.0,0.0,74728.0,74728.0,11.0,0.0,0.0
2026-03-30 19:44:52,152,207281.0,19265.0,346.0,0.0,0.0,0.0,690.0,62.0,2.0,9.127936e+07,1.168310272e+09,1437.0600000000002,29.0,74832.0,0.0,74831.0,74831.0,11.0,0.0,0.0
2026-03-30 19:45:04,152,207281.0,19265.0,346.0,0.0,0.0,0.0,690.0,62.0,2.0,9.127936e+07,1.168310272e+09,1438.99,26.0,74931.0,0.0,74931.0,74931.0,11.0,0.0,0.0
2026-03-30 19:45:16,152,207785.0,19265.0,346.0,0.0,0.0,0.0,691.0,62.0,2.0,9.127936e+07,1.168310272e+09,1440.98,26.0,75031.0,0.0,75031.0,75031.0,11.0,0.0,0.0
2026-03-30 19:45:29,153,207785.0,19265.0,346.0,0.0,0.0,0.0,691.0,62.0,2.0,9.1148288e+07,1.168310272e+09,1442.8999999999999,27.0,75130.0,0.0,75129.0,75129.0,11.0,0.0,0.0
2026-03-30 19:45:41,153,208283.0,19265.0,346.0,0.0,0.0,0.0,692.0,62.0,2.0,9.1148288e+07,1.168310272e+09,1444.9,26.0,75229.0,0.0,75229.0,75229.0,11.0,0.0,0.0
2026-03-30 19:45:53,153,208787.0,19265.0,346.0,0.0,0.0,0.0,693.0,62.0,2.0,9.1148288e+07,1.168310272e+09,1446.81,26.0,75330.0,0.0,75330.0,75330.0,11.0,0.0,0.0
2026-03-30 19:46:05,153,208787.0,19265.0,346.0,0.0,0.0,0.0,693.0,62.0,2.0,9.1148288e+07,1.168310272e+09,1448.8,26.0,75432.0,0.0,75432.0,75432.0,11.0,0.0,0.0
2026-03-30 19:46:18,153,208787.0,19769.0,346.0,0.0,0.0,0.0,693.0,63.0,2.0,9.1148288e+07,1.168310272e+09,1450.8400000000001,26.0,75531.0,0.0,75531.0,75531.0,11.0,0.0,0.0
2026-03-30 19:46:30,154,208787.0,19769.0,346.0,0.0,0.0,0.0,693.0,63.0,2.0,9.1148288e+07,1.168310272e+09,1452.78,26.0,75631.0,0.0,75631.0,75631.0,11.0,0.0,0.0
2026-03-30 19:46:42,154,209036.0,19769.0,847.0,0.0,0.0,0.0,695.0,63.0,3.0,9.1148288e+07,1.168310272e+09,1454.79,29.0,75735.0,0.0,75734.0,75734.0,11.0,0.0,0.0
2026-03-30 19:46:55,154,209342.0,19769.0,847.0,0.0,0.0,0.0,697.0,63.0,3.0,9.1148288e+07,1.168310272e+09,1456.73,26.0,75834.0,0.0,75834.0,75834.0,11.0,0.0,0.0
2026-03-30 19:47:07,154,209648.0,19769.0,847.0,0.0,0.0,0.0,699.0,63.0,3.0,9.1148288e+07,1.168310272e+09,1458.75,26.0,75934.0,0.0,75934.0,75934.0,11.0,0.0,0.0
2026-03-30 19:47:19,154,209828.0,19769.0,847.0,0.0,0.0,0.0,700.0,63.0,3.0,9.1148288e+07,1.168310272e+09,1460.75,26.0,76032.0,0.0,76032.0,76032.0,11.0,0.0,0.0
2026-03-30 19:47:31,155,210206.0,19769.0,847.0,0.0,0.0,0.0,701.0,63.0,3.0,9.1148288e+07,1.168310272e+09,1462.72,26.0,76131.0,0.0,76131.0,76131.0,11.0,0.0,0.0
2026-03-30 19:47:43,155,210584.0,19769.0,847.0,0.0,0.0,0.0,702.0,63.0,3.0,9.1148288e+07,1.168310272e+09,1464.7800000000002,26.0,76234.0,0.0,76234.0,76234.0,11.0,0.0,0.0
2026-03-30 19:47:56,155,210584.0,19769.0,847.0,0.0,0.0,0.0,702.0,63.0,3.0,9.1148288e+07,1.168310272e+09,1466.8999999999999,26.0,76333.0,0.0,76333.0,76333.0,11.0,0.0,0.0
2026-03-30 19:48:08,155,210962.0,19769.0,847.0,0.0,0.0,0.0,703.0,63.0,3.0,9.1148288e+07,1.168310272e+09,1468.98,26.0,76435.0,0.0,76435.0,76435.0,11.0,0.0,0.0
2026-03-30 19:48:21,155,211340.0,19769.0,847.0,0.0,0.0,0.0,704.0,63.0,3.0,9.1148288e+07,1.168310272e+09,1471.1799999999998,26.0,76536.0,0.0,76536.0,76536.0,11.0,0.0,0.0
2026-03-30 19:48:33,156,211340.0,20147.0,847.0,0.0,0.0,0.0,704.0,64.0,3.0,9.1148288e+07,1.168310272e+09,1473.44,26.0,76638.0,0.0,76638.0,76638.0,11.0,0.0,0.0
2026-03-30 19:48:45,156,211718.0,20147.0,847.0,0.0,0.0,0.0,705.0,64.0,3.0,9.1148288e+07,1.168310272e+09,1475.56,26.0,76737.0,0.0,76737.0,76737.0,11.0,0.0,0.0
2026-03-30 19:48:58,156,211718.0,20147.0,847.0,0.0,0.0,0.0,705.0,64.0,3.0,9.1148288e+07,1.168310272e+09,1477.48,26.0,76835.0,0.0,76835.0,76835.0,11.0,0.0,0.0
2026-03-30 19:49:10,156,212096.0,20147.0,847.0,0.0,0.0,0.0,706.0,64.0,3.0,9.1148288e+07,1.168310272e+09,1479.4699999999998,29.0,76935.0,0.0,76934.0,76934.0,11.0,0.0,0.0
2026-03-30 19:49:22,156,212318.0,20147.0,847.0,0.0,0.0,0.0,707.0,64.0,3.0,9.1148288e+07,1.168310272e+09,1481.49,26.0,77032.0,0.0,77032.0,77032.0,11.0,0.0,0.0
2026-03-30 19:49:34,157,212696.0,20147.0,847.0,0.0,0.0,0.0,708.0,64.0,3.0,9.1148288e+07,1.168310272e+09,1483.44,26.0,77132.0,0.0,77132.0,77132.0,11.0,0.0,0.0
2026-03-30 19:49:46,157,213074.0,20147.0,847.0,0.0,0.0,0.0,709.0,64.0,3.0,9.1148288e+07,1.168310272e+09,1485.6499999999999,26.0,77232.0,0.0,77232.0,77232.0,11.0,0.0,0.0
2026-03-30 19:49:58,157,213452.0,20147.0,847.0,0.0,0.0,0.0,710.0,64.0,3.0,9.1148288e+07,1.168310272e+09,1487.6200000000001,26.0,77332.0,0.0,77332.0,77332.0,11.0,0.0,0.0
2026-03-30 19:50:11,157,213452.0,20147.0,847.0,0.0,0.0,0.0,710.0,64.0,3.0,9.1148288e+07,1.168310272e+09,1489.75,26.0,77433.0,0.0,77433.0,77433.0,11.0,0.0,0.0
2026-03-30 19:50:23,157,213830.0,20147.0,847.0,0.0,0.0,0.0,711.0,64.0,3.0,9.1148288e+07,1.168310272e+09,1491.76,29.0,77534.0,0.0,77533.0,77533.0,11.0,0.0,0.0
2026-03-30 19:50:36,158,214115.0,20147.0,847.0,0.0,0.0,0.0,712.0,64.0,3.0,9.1148288e+07,1.168310272e+09,1493.83,29.0,77634.0,0.0,77633.0,77633.0,11.0,0.0,0.0
2026-03-30 19:50:48,158,214415.0,20147.0,847.0,0.0,0.0,0.0,713.0,64.0,3.0,9.1148288e+07,1.168310272e+09,1495.81,26.0,77733.0,0.0,77733.0,77733.0,11.0,0.0,0.0
2026-03-30 19:51:00,158,214919.0,20147.0,847.0,0.0,0.0,0.0,714.0,64.0,3.0,9.1148288e+07,1.168310272e+09,1497.8700000000001,27.0,77835.0,0.0,77834.0,77834.0,11.0,0.0,0.0
2026-03-30 19:51:12,158,214919.0,20147.0,847.0,0.0,0.0,0.0,714.0,64.0,3.0,9.1148288e+07,1.168310272e+09,1500.07,29.0,77935.0,0.0,77934.0,77934.0,11.0,0.0,0.0
2026-03-30 19:51:25,159,215318.0,20147.0,847.0,0.0,0.0,0.0,715.0,64.0,3.0,9.1148288e+07,1.168310272e+09,1502.02,26.0,78035.0,0.0,78035.0,78035.0,11.0,0.0,0.0
2026-03-30 19:51:37,159,215318.0,20651.0,847.0,0.0,0.0,0.0,715.0,65.0,3.0,9.1148288e+07,1.168310272e+09,1503.99,27.0,78134.0,0.0,78134.0,78134.0,11.0,0.0,0.0
2026-03-30 19:51:49,159,215318.0,20651.0,847.0,0.0,0.0,0.0,715.0,65.0,3.0,9.1148288e+07,1.168310272e+09,1505.93,29.0,78232.0,0.0,78231.0,78231.0,11.0,0.0,0.0
2026-03-30 19:52:01,159,215705.0,20651.0,847.0,0.0,0.0,0.0,716.0,65.0,3.0,9.1148288e+07,1.168310272e+09,1507.9199999999998,26.0,78332.0,0.0,78332.0,78332.0,11.0,0.0,0.0
2026-03-30 19:52:14,159,216209.0,20651.0,847.0,0.0,0.0,0.0,717.0,65.0,3.0,9.1148288e+07,1.168310272e+09,1510.07,26.0,78433.0,0.0,78433.0,78433.0,11.0,0.0,0.0
2026-03-30 19:52:26,160,216209.0,20651.0,847.0,0.0,0.0,0.0,717.0,65.0,3.0,9.1148288e+07,1.168310272e+09,1512.04,26.0,78531.0,0.0,78531.0,78531.0,11.0,0.0,0.0
2026-03-30 19:52:38,160,216713.0,20651.0,847.0,0.0,0.0,0.0,718.0,65.0,3.0,9.1148288e+07,1.168310272e+09,1514.1,26.0,78631.0,0.0,78631.0,78631.0,11.0,0.0,0.0
2026-03-30 19:52:51,160,216713.0,20651.0,847.0,0.0,0.0,0.0,718.0,65.0,3.0,9.1148288e+07,1.168310272e+09,1516.1100000000001,26.0,78731.0,0.0,78731.0,78731.0,11.0,0.0,0.0
2026-03-30 19:53:03,160,217205.0,20651.0,847.0,0.0,0.0,0.0,719.0,65.0,3.0,9.1148288e+07,1.168310272e+09,1518.1,26.0,78830.0,0.0,78830.0,78830.0,11.0,0.0,0.0
2026-03-30 19:53:15,160,217706.0,20651.0,847.0,0.0,0.0,0.0,720.0,65.0,3.0,9.1148288e+07,1.168310272e+09,1520.13,26.0,78930.0,0.0,78930.0,78930.0,11.0,0.0,0.0
2026-03-30 19:53:27,161,217706.0,20651.0,847.0,0.0,0.0,0.0,720.0,65.0,3.0,9.1148288e+07,1.168310272e+09,1522.1699999999998,26.0,79029.0,0.0,79029.0,79029.0,11.0,0.0,0.0
2026-03-30 19:53:40,161,218210.0,20651.0,847.0,0.0,0.0,0.0,721.0,65.0,3.0,9.1148288e+07,1.168310272e+09,1524.16,26.0,79128.0,0.0,79128.0,79128.0,11.0,0.0,0.0
2026-03-30 19:53:52,161,218210.0,20651.0,847.0,0.0,0.0,0.0,721.0,65.0,3.0,9.1148288e+07,1.168310272e+09,1526.26,26.0,79227.0,0.0,79227.0,79227.0,11.0,0.0,0.0
2026-03-30 19:54:04,161,218714.0,20651.0,847.0,0.0,0.0,0.0,722.0,65.0,3.0,9.1148288e+07,1.168310272e+09,1528.34,26.0,79328.0,0.0,79328.0,79328.0,11.0,0.0,0.0
2026-03-30 19:54:17,161,219215.0,20651.0,847.0,0.0,0.0,0.0,723.0,65.0,3.0,9.1148288e+07,1.168310272e+09,1530.4,26.0,79429.0,0.0,79429.0,79429.0,11.0,0.0,0.0
2026-03-30 19:54:29,162,219215.0,20651.0,847.0,0.0,0.0,0.0,723.0,65.0,3.0,9.1148288e+07,1.168310272e+09,1532.5,26.0,79529.0,0.0,79529.0,79529.0,11.0,0.0,0.0
2026-03-30 19:54:42,162,219719.0,20651.0,847.0,0.0,0.0,0.0,724.0,65.0,3.0,9.1148288e+07,1.168310272e+09,1534.55,26.0,79630.0,0.0,79630.0,79630.0,11.0,0.0,0.0
2026-03-30 19:54:54,162,219719.0,20651.0,847.0,0.0,0.0,0.0,724.0,65.0,3.0,9.127936e+07,1.168310272e+09,1536.48,26.0,79730.0,0.0,79730.0,79730.0,11.0,0.0,0.0
2026-03-30 19:55:06,162,220223.0,20651.0,847.0,0.0,0.0,0.0,725.0,65.0,3.0,9.127936e+07,1.168310272e+09,1538.6200000000001,26.0,79830.0,0.0,79830.0,79830.0,11.0,0.0,0.0
2026-03-30 19:55:18,162,220724.0,20651.0,847.0,0.0,0.0,0.0,726.0,65.0,3.0,9.127936e+07,1.168310272e+09,1540.8400000000001,26.0,79930.0,0.0,79930.0,79930.0,11.0,0.0,0.0
2026-03-30 19:55:31,163,220724.0,20651.0,847.0,0.0,0.0,0.0,726.0,65.0,3.0,9.127936e+07,1.168310272e+09,1542.91,26.0,80030.0,0.0,80030.0,80030.0,11.0,0.0,0.0
2026-03-30 19:55:43,163,220724.0,21155.0,847.0,0.0,0.0,0.0,726.0,66.0,3.0,9.127936e+07,1.168310272e+09,1544.8600000000001,26.0,80130.0,0.0,80130.0,80130.0,11.0,0.0,0.0
2026-03-30 19:55:56,163,220724.0,21155.0,847.0,0.0,0.0,0.0,726.0,66.0,3.0,9.127936e+07,1.168310272e+09,1546.85,27.0,80230.0,0.0,80229.0,80229.0,11.0,0.0,0.0
2026-03-30 19:56:08,163,221195.0,21155.0,847.0,0.0,0.0,0.0,727.0,66.0,3.0,9.127936e+07,1.168310272e+09,1548.7800000000002,26.0,80329.0,0.0,80329.0,80329.0,11.0,0.0,0.0
2026-03-30 19:56:20,163,221699.0,21155.0,847.0,0.0,0.0,0.0,728.0,66.0,3.0,9.127936e+07,1.168310272e+09,1550.82,26.0,80429.0,0.0,80429.0,80429.0,11.0,0.0,0.0
2026-03-30 19:56:32,164,221699.0,21155.0,847.0,0.0,0.0,0.0,728.0,66.0,3.0,9.127936e+07,1.168310272e+09,1552.8300000000002,26.0,80529.0,0.0,80529.0,80529.0,11.0,0.0,0.0
2026-03-30 19:56:45,164,222203.0,21155.0,847.0,0.0,0.0,0.0,729.0,66.0,3.0,9.127936e+07,1.168310272e+09,1554.9199999999998,26.0,80628.0,0.0,80628.0,80628.0,11.0,0.0,0.0
2026-03-30 19:56:57,164,222689.0,21155.0,847.0,0.0,0.0,0.0,730.0,66.0,3.0,9.127936e+07,1.168310272e+09,1556.93,29.0,80728.0,0.0,80727.0,80727.0,11.0,0.0,0.0
2026-03-30 19:57:09,164,222689.0,21155.0,847.0,0.0,0.0,0.0,730.0,66.0,3.0,9.127936e+07,1.168310272e+09,1558.9299999999998,29.0,80828.0,0.0,80827.0,80827.0,11.0,0.0,0.0
2026-03-30 19:57:22,164,222989.0,21155.0,847.0,0.0,0.0,0.0,731.0,66.0,3.0,9.127936e+07,1.168310272e+09,1560.84,26.0,80928.0,0.0,80928.0,80928.0,11.0,0.0,0.0
2026-03-30 19:57:34,165,223493.0,21155.0,847.0,0.0,0.0,0.0,732.0,66.0,3.0,9.127936e+07,1.168310272e+09,1562.8700000000001,26.0,81027.0,0.0,81027.0,81027.0,11.0,0.0,0.0
2026-03-30 19:57:46,165,223493.0,21155.0,847.0,0.0,0.0,0.0,732.0,66.0,3.0,9.127936e+07,1.168310272e+09,1564.93,29.0,81127.0,0.0,81126.0,81126.0,11.0,0.0,0.0
2026-03-30 19:57:58,165,223886.0,21155.0,847.0,0.0,0.0,0.0,733.0,66.0,3.0,9.127936e+07,1.168310272e+09,1567.04,28.0,81225.0,0.0,81225.0,81225.0,11.0,0.0,0.0
2026-03-30 19:58:10,165,224390.0,21155.0,847.0,0.0,0.0,0.0,734.0,66.0,3.0,9.127936e+07,1.168310272e+09,1568.98,26.0,81325.0,0.0,81325.0,81325.0,11.0,0.0,0.0
2026-03-30 19:58:23,165,224390.0,21155.0,847.0,0.0,0.0,0.0,734.0,66.0,3.0,9.127936e+07,1.168310272e+09,1571.09,26.0,81424.0,0.0,81424.0,81424.0,11.0,0.0,0.0
2026-03-30 19:58:35,166,224894.0,21155.0,847.0,0.0,0.0,0.0,735.0,66.0,3.0,9.127936e+07,1.168310272e+09,1573.1000000000001,26.0,81525.0,0.0,81525.0,81525.0,11.0,0.0,0.0
2026-03-30 19:58:47,166,224894.0,21155.0,847.0,0.0,0.0,0.0,735.0,66.0,3.0,9.127936e+07,1.168310272e+09,1575.23,26.0,81624.0,0.0,81624.0,81624.0,11.0,0.0,0.0
2026-03-30 19:58:59,166,225398.0,21155.0,847.0,0.0,0.0,0.0,736.0,66.0,3.0,9.127936e+07,1.168310272e+09,1577.18,26.0,81723.0,0.0,81723.0,81723.0,11.0,0.0,0.0
2026-03-30 19:59:12,166,225902.0,21155.0,847.0,0.0,0.0,0.0,737.0,66.0,3.0,9.127936e+07,1.168310272e+09,1579.1699999999998,26.0,81821.0,0.0,81821.0,81821.0,11.0,0.0,0.0
2026-03-30 19:59:24,166,225902.0,21155.0,847.0,0.0,0.0,0.0,737.0,66.0,3.0,9.127936e+07,1.168310272e+09,1581.15,26.0,81921.0,0.0,81921.0,81921.0,11.0,0.0,0.0
2026-03-30 19:59:36,167,225902.0,21656.0,847.0,0.0,0.0,0.0,737.0,67.0,3.0,9.127936e+07,1.168310272e+09,1583.1299999999999,26.0,82021.0,0.0,82021.0,82021.0,11.0,0.0,0.0
2026-03-30 19:59:49,167,225902.0,21656.0,847.0,0.0,0.0,0.0,737.0,67.0,3.0,9.127936e+07,1.168310272e+09,1585.17,26.0,82121.0,0.0,82121.0,82121.0,11.0,0.0,0.0
2026-03-30 20:00:01,167,226403.0,21656.0,847.0,0.0,0.0,0.0,738.0,67.0,3.0,9.127936e+07,1.168310272e+09,1587.2399999999998,26.0,82220.0,0.0,82220.0,82220.0,11.0,0.0,0.0
2026-03-30 20:00:13,167,226904.0,21656.0,847.0,0.0,0.0,0.0,739.0,67.0,3.0,9.127936e+07,1.168310272e+09,1589.26,26.0,82319.0,0.0,82319.0,82319.0,11.0,0.0,0.0
2026-03-30 20:00:25,168,226904.0,21656.0,847.0,0.0,0.0,0.0,739.0,67.0,3.0,9.127936e+07,1.168310272e+09,1591.3600000000001,26.0,82419.0,0.0,82419.0,82419.0,11.0,0.0,0.0
2026-03-30 20:00:37,168,227408.0,21656.0,847.0,0.0,0.0,0.0,740.0,67.0,3.0,9.127936e+07,1.168310272e+09,1593.51,26.0,82519.0,0.0,82519.0,82519.0,11.0,0.0,0.0
2026-03-30 20:00:50,168,227408.0,21656.0,847.0,0.0,0.0,0.0,740.0,67.0,3.0,9.127936e+07,1.168310272e+09,1595.43,26.0,82620.0,0.0,82620.0,82620.0,11.0,0.0,0.0
2026-03-30 20:01:02,168,227909.0,21656.0,847.0,0.0,0.0,0.0,741.0,67.0,3.0,9.127936e+07,1.168310272e+09,1597.6699999999998,26.0,82720.0,0.0,82720.0,82720.0,11.0,0.0,0.0
2026-03-30 20:01:14,168,228413.0,21656.0,847.0,0.0,0.0,0.0,742.0,67.0,3.0,9.127936e+07,1.168310272e+09,1599.72,26.0,82819.0,0.0,82819.0,82819.0,11.0,0.0,0.0
2026-03-30 20:01:27,169,228413.0,21656.0,847.0,0.0,0.0,0.0,742.0,67.0,3.0,9.127936e+07,1.168310272e+09,1601.8000000000002,29.0,82919.0,0.0,82918.0,82918.0,11.0,0.0,0.0
2026-03-30 20:01:39,169,228761.0,21656.0,847.0,0.0,0.0,0.0,743.0,67.0,3.0,9.127936e+07,1.168310272e+09,1603.87,26.0,83017.0,0.0,83017.0,83017.0,11.0,0.0,0.0
2026-03-30 20:01:51,169,229265.0,21656.0,847.0,0.0,0.0,0.0,744.0,67.0,3.0,9.127936e+07,1.168310272e+09,1605.8400000000001,26.0,83116.0,0.0,83116.0,83116.0,11.0,0.0,0.0
2026-03-30 20:02:03,169,229265.0,21656.0,847.0,0.0,0.0,0.0,744.0,67.0,3.0,9.127936e+07,1.168310272e+09,1607.78,26.0,83217.0,0.0,83217.0,83217.0,11.0,0.0,0.0
2026-03-30 20:02:16,169,229769.0,21656.0,847.0,0.0,0.0,0.0,745.0,67.0,3.0,9.127936e+07,1.168310272e+09,1609.8600000000001,26.0,83318.0,0.0,83318.0,83318.0,11.0,0.0,0.0
2026-03-30 20:02:28,170,229769.0,21656.0,847.0,0.0,0.0,0.0,745.0,67.0,3.0,9.127936e+07,1.168310272e+09,1611.87,26.0,83418.0,0.0,83418.0,83418.0,11.0,0.0,0.0
2026-03-30 20:02:40,170,230261.0,21656.0,847.0,0.0,0.0,0.0,746.0,67.0,3.0,9.127936e+07,1.168310272e+09,1613.91,26.0,83517.0,0.0,83517.0,83517.0,11.0,0.0,0.0
2026-03-30 20:02:53,170,230762.0,21656.0,847.0,0.0,0.0,0.0,747.0,67.0,3.0,9.127936e+07,1.168310272e+09,1615.9399999999998,26.0,83617.0,0.0,83617.0,83617.0,11.0,0.0,0.0
2026-03-30 20:03:05,170,230762.0,21656.0,847.0,0.0,0.0,0.0,747.0,67.0,3.0,9.127936e+07,1.168310272e+09,1618.12,26.0,83718.0,0.0,83718.0,83718.0,11.0,0.0,0.0
2026-03-30 20:03:17,170,231263.0,21656.0,847.0,0.0,0.0,0.0,748.0,67.0,3.0,9.127936e+07,1.168310272e+09,1620.3400000000001,26.0,83817.0,0.0,83817.0,83817.0,11.0,0.0,0.0
2026-03-30 20:03:30,171,231263.0,21656.0,847.0,0.0,0.0,0.0,748.0,67.0,3.0,9.127936e+07,1.168310272e+09,1622.6299999999999,26.0,83918.0,0.0,83918.0,83918.0,11.0,0.0,0.0
2026-03-30 20:03:42,171,231263.0,22154.0,847.0,0.0,0.0,0.0,748.0,68.0,3.0,9.127936e+07,1.168310272e+09,1624.63,26.0,84018.0,0.0,84018.0,84018.0,11.0,0.0,0.0
2026-03-30 20:03:54,171,231764.0,22154.0,847.0,0.0,0.0,0.0,749.0,68.0,3.0,9.127936e+07,1.168310272e+09,1626.6799999999998,26.0,84117.0,0.0,84117.0,84117.0,11.0,0.0,0.0
2026-03-30 20:04:07,171,231764.0,22154.0,847.0,0.0,0.0,0.0,749.0,68.0,3.0,9.127936e+07,1.168310272e+09,1628.82,26.0,84220.0,0.0,84220.0,84220.0,11.0,0.0,0.0
2026-03-30 20:04:20,171,232268.0,22154.0,847.0,0.0,0.0,0.0,750.0,68.0,3.0,9.127936e+07,1.168310272e+09,1630.9299999999998,26.0,84320.0,0.0,84320.0,84320.0,11.0,0.0,0.0
2026-03-30 20:04:32,172,232268.0,22154.0,847.0,0.0,0.0,0.0,750.0,68.0,3.0,9.127936e+07,1.168310272e+09,1632.95,26.0,84420.0,0.0,84420.0,84420.0,11.0,0.0,0.0
2026-03-30 20:04:44,172,232769.0,22154.0,847.0,0.0,0.0,0.0,751.0,68.0,3.0,9.127936e+07,1.168310272e+09,1634.88,26.0,84519.0,0.0,84519.0,84519.0,11.0,0.0,0.0
2026-03-30 20:04:57,172,233270.0,22154.0,847.0,0.0,0.0,0.0,752.0,68.0,3.0,9.127936e+07,1.168310272e+09,1636.9099999999999,26.0,84620.0,0.0,84620.0,84620.0,11.0,0.0,0.0
2026-03-30 20:05:09,172,233270.0,22154.0,847.0,0.0,0.0,0.0,752.0,68.0,3.0,9.127936e+07,1.168310272e+09,1638.9,29.0,84721.0,0.0,84720.0,84720.0,11.0,0.0,0.0
2026-03-30 20:05:22,172,233669.0,22154.0,847.0,0.0,0.0,0.0,753.0,68.0,3.0,9.127936e+07,1.168310272e+09,1640.83,26.0,84821.0,0.0,84821.0,84821.0,11.0,0.0,0.0
2026-03-30 20:05:34,173,234173.0,22154.0,847.0,0.0,0.0,0.0,754.0,68.0,3.0,9.127936e+07,1.168310272e+09,1642.8500000000001,26.0,84921.0,0.0,84921.0,84921.0,11.0,0.0,0.0
2026-03-30 20:05:46,173,234173.0,22154.0,847.0,0.0,0.0,0.0,754.0,68.0,3.0,9.127936e+07,1.168310272e+09,1644.98,29.0,85021.0,0.0,85020.0,85020.0,11.0,0.0,0.0
2026-03-30 20:05:58,173,234569.0,22154.0,847.0,0.0,0.0,0.0,755.0,68.0,3.0,9.127936e+07,1.168310272e+09,1647.01,28.0,85119.0,0.0,85118.0,85118.0,11.0,0.0,0.0
2026-03-30 20:06:11,173,235073.0,22154.0,847.0,0.0,0.0,0.0,756.0,68.0,3.0,9.127936e+07,1.168310272e+09,1649.0900000000001,26.0,85219.0,0.0,85219.0,85219.0,11.0,0.0,0.0
2026-03-30 20:06:23,173,235073.0,22154.0,847.0,0.0,0.0,0.0,756.0,68.0,3.0,9.127936e+07,1.168310272e+09,1651.09,26.0,85318.0,0.0,85318.0,85318.0,11.0,0.0,0.0
2026-03-30 20:06:35,174,235577.0,22154.0,847.0,0.0,0.0,0.0,757.0,68.0,3.0,9.127936e+07,1.168310272e+09,1653.16,26.0,85418.0,0.0,85418.0,85418.0,11.0,0.0,0.0
2026-03-30 20:06:48,174,235577.0,22154.0,847.0,0.0,0.0,0.0,757.0,68.0,3.0,9.127936e+07,1.168310272e+09,1655.11,26.0,85518.0,0.0,85518.0,85518.0,11.0,0.0,0.0
2026-03-30 20:07:00,174,236081.0,22154.0,847.0,0.0,0.0,0.0,758.0,68.0,3.0,9.127936e+07,1.168310272e+09,1657.16,26.0,85617.0,0.0,85617.0,85617.0,11.0,0.0,0.0
2026-03-30 20:07:12,174,236585.0,22154.0,847.0,0.0,0.0,0.0,759.0,68.0,3.0,9.127936e+07,1.168310272e+09,1659.25,26.0,85717.0,0.0,85717.0,85717.0,11.0,0.0,0.0
2026-03-30 20:07:24,174,236585.0,22154.0,847.0,0.0,0.0,0.0,759.0,68.0,3.0,9.127936e+07,1.168310272e+09,1661.63,26.0,85817.0,0.0,85817.0,85817.0,11.0,0.0,0.0
2026-03-30 20:07:37,175,236585.0,22658.0,847.0,0.0,0.0,0.0,759.0,69.0,3.0,9.127936e+07,1.168310272e+09,1663.73,26.0,85916.0,0.0,85916.0,85916.0,11.0,0.0,0.0
2026-03-30 20:07:49,175,236585.0,22658.0,847.0,0.0,0.0,0.0,759.0,69.0,3.0,9.127936e+07,1.168310272e+09,1665.74,26.0,86017.0,0.0,86017.0,86017.0,11.0,0.0,0.0
2026-03-30 20:08:01,175,237086.0,22658.0,847.0,0.0,0.0,0.0,760.0,69.0,3.0,9.127936e+07,1.168310272e+09,1667.81,26.0,86118.0,0.0,86118.0,86118.0,11.0,0.0,0.0
2026-03-30 20:08:14,175,237590.0,22658.0,847.0,0.0,0.0,0.0,761.0,69.0,3.0,9.127936e+07,1.168310272e+09,1670.03,26.0,86218.0,0.0,86218.0,86218.0,11.0,0.0,0.0
2026-03-30 20:08:26,176,237590.0,22658.0,847.0,0.0,0.0,0.0,761.0,69.0,3.0,9.127936e+07,1.168310272e+09,1672.0600000000002,27.0,86319.0,0.0,86318.0,86318.0,11.0,0.0,0.0
2026-03-30 20:08:38,176,237959.0,22658.0,847.0,0.0,0.0,0.0,762.0,69.0,3.0,9.127936e+07,1.168310272e+09,1673.9199999999998,26.0,86418.0,0.0,86418.0,86418.0,11.0,0.0,0.0
2026-03-30 20:08:50,176,238463.0,22658.0,847.0,0.0,0.0,0.0,763.0,69.0,3.0,9.127936e+07,1.168310272e+09,1675.93,26.0,86518.0,0.0,86518.0,86518.0,11.0,0.0,0.0
2026-03-30 20:09:03,176,238463.0,22658.0,847.0,0.0,0.0,0.0,763.0,69.0,3.0,9.127936e+07,1.168310272e+09,1678.05,26.0,86618.0,0.0,86618.0,86618.0,11.0,0.0,0.0
2026-03-30 20:09:15,176,238967.0,22658.0,847.0,0.0,0.0,0.0,764.0,69.0,3.0,9.127936e+07,1.168310272e+09,1680.08,27.0,86718.0,0.0,86717.0,86717.0,11.0,0.0,0.0
2026-03-30 20:09:27,177,239450.0,22658.0,847.0,0.0,0.0,0.0,765.0,69.0,3.0,9.127936e+07,1.168310272e+09,1682.08,29.0,86816.0,0.0,86815.0,86815.0,11.0,0.0,0.0
2026-03-30 20:09:40,177,239450.0,22658.0,847.0,0.0,0.0,0.0,765.0,69.0,3.0,9.127936e+07,1.168310272e+09,1684.1100000000001,26.0,86916.0,0.0,86916.0,86916.0,11.0,0.0,0.0
2026-03-30 20:09:52,177,239954.0,22658.0,847.0,0.0,0.0,0.0,766.0,69.0,3.0,9.127936e+07,1.168310272e+09,1686.05,26.0,87015.0,0.0,87015.0,87015.0,11.0,0.0,0.0
2026-03-30 20:10:04,177,239954.0,22658.0,847.0,0.0,0.0,0.0,766.0,69.0,3.0,9.127936e+07,1.168310272e+09,1688.09,27.0,87116.0,0.0,87115.0,87115.0,11.0,0.0,0.0
2026-03-30 20:10:16,177,240350.0,22658.0,847.0,0.0,0.0,0.0,767.0,69.0,3.0,9.127936e+07,1.168310272e+09,1690.21,26.0,87216.0,0.0,87216.0,87216.0,11.0,0.0,0.0
2026-03-30 20:10:29,178,240854.0,22658.0,847.0,0.0,0.0,0.0,768.0,69.0,3.0,9.127936e+07,1.168310272e+09,1692.3799999999999,26.0,87319.0,0.0,87319.0,87319.0,11.0,0.0,0.0
2026-03-30 20:10:41,178,240854.0,22658.0,847.0,0.0,0.0,0.0,768.0,69.0,3.0,9.127936e+07,1.168310272e+09,1694.6100000000001,26.0,87421.0,0.0,87421.0,87421.0,11.0,0.0,0.0
2026-03-30 20:10:54,178,241358.0,22658.0,847.0,0.0,0.0,0.0,769.0,69.0,3.0,9.127936e+07,1.168310272e+09,1696.6,26.0,87519.0,0.0,87519.0,87519.0,11.0,0.0,0.0
2026-03-30 20:11:06,178,241358.0,22658.0,847.0,0.0,0.0,0.0,769.0,69.0,3.0,9.127936e+07,1.168310272e+09,1698.65,26.0,87619.0,0.0,87619.0,87619.0,11.0,0.0,0.0
2026-03-30 20:11:18,178,241862.0,22658.0,847.0,0.0,0.0,0.0,770.0,69.0,3.0,9.127936e+07,1.168310272e+09,1700.7199999999998,26.0,87721.0,0.0,87721.0,87721.0,11.0,0.0,0.0
2026-03-30 20:11:31,179,241862.0,23159.0,847.0,0.0,0.0,0.0,770.0,70.0,3.0,9.127936e+07,1.168310272e+09,1702.81,26.0,87821.0,0.0,87821.0,87821.0,11.0,0.0,0.0
2026-03-30 20:11:43,179,241862.0,23159.0,847.0,0.0,0.0,0.0,770.0,70.0,3.0,9.127936e+07,1.168310272e+09,1704.8000000000002,29.0,87922.0,0.0,87921.0,87921.0,11.0,0.0,0.0
2026-03-30 20:11:56,179,242267.0,23159.0,847.0,0.0,0.0,0.0,771.0,70.0,3.0,9.127936e+07,1.168310272e+09,1706.71,26.0,88021.0,0.0,88021.0,88021.0,11.0,0.0,0.0
2026-03-30 20:12:08,179,242771.0,23159.0,847.0,0.0,0.0,0.0,772.0,70.0,3.0,9.127936e+07,1.168310272e+09,1708.77,26.0,88121.0,0.0,88121.0,88121.0,11.0,0.0,0.0
2026-03-30 20:12:20,179,242771.0,23159.0,847.0,0.0,0.0,0.0,772.0,70.0,3.0,9.127936e+07,1.168310272e+09,1710.67,26.0,88220.0,0.0,88220.0,88220.0,11.0,0.0,0.0
2026-03-30 20:12:32,180,243275.0,23159.0,847.0,0.0,0.0,0.0,773.0,70.0,3.0,9.127936e+07,1.168310272e+09,1712.78,26.0,88319.0,0.0,88319.0,88319.0,11.0,0.0,0.0
2026-03-30 20:12:45,180,243275.0,23159.0,847.0,0.0,0.0,0.0,773.0,70.0,3.0,9.127936e+07,1.168310272e+09,1714.82,26.0,88418.0,0.0,88418.0,88418.0,11.0,0.0,0.0
2026-03-30 20:12:57,180,243779.0,23159.0,847.0,0.0,0.0,0.0,774.0,70.0,3.0,9.127936e+07,1.168310272e+09,1716.88,26.0,88518.0,0.0,88518.0,88518.0,11.0,0.0,0.0
2026-03-30 20:13:09,180,244280.0,23159.0,847.0,0.0,0.0,0.0,775.0,70.0,3.0,9.127936e+07,1.168310272e+09,1718.83,26.0,88615.0,0.0,88615.0,88615.0,11.0,0.0,0.0
2026-03-30 20:13:21,180,244280.0,23159.0,847.0,0.0,0.0,0.0,775.0,70.0,3.0,9.127936e+07,1.168310272e+09,1720.74,26.0,88707.0,0.0,88707.0,88707.0,11.0,0.0,0.0
2026-03-30 20:13:33,181,244280.0,23159.0,847.0,0.0,0.0,0.0,775.0,70.0,3.0,9.127936e+07,1.168310272e+09,1721.27,26.0,88732.0,0.0,88732.0,88732.0,11.0,0.0,0.0
2026-03-30 20:13:45,181,244784.0,23159.0,847.0,0.0,0.0,0.0,776.0,70.0,3.0,9.127936e+07,1.168310272e+09,1723.22,29.0,88832.0,0.0,88831.0,88831.0,11.0,0.0,0.0
2026-03-30 20:13:58,181,245288.0,23159.0,847.0,0.0,0.0,0.0,777.0,70.0,3.0,9.127936e+07,1.168310272e+09,1725.28,26.0,88932.0,0.0,88932.0,88932.0,11.0,0.0,0.0
2026-03-30 20:14:10,181,245288.0,23159.0,847.0,0.0,0.0,0.0,777.0,70.0,3.0,9.127936e+07,1.168310272e+09,1727.31,26.0,89032.0,0.0,89032.0,89032.0,11.0,0.0,0.0
2026-03-30 20:14:23,181,245792.0,23159.0,847.0,0.0,0.0,0.0,778.0,70.0,3.0,9.127936e+07,1.168310272e+09,1729.3,26.0,89133.0,0.0,89133.0,89133.0,11.0,0.0,0.0
2026-03-30 20:14:35,182,245792.0,23159.0,847.0,0.0,0.0,0.0,778.0,70.0,3.0,9.127936e+07,1.168310272e+09,1731.28,26.0,89232.0,0.0,89232.0,89232.0,11.0,0.0,0.0
2026-03-30 20:14:48,182,246296.0,23159.0,847.0,0.0,0.0,0.0,779.0,70.0,3.0,9.127936e+07,1.168310272e+09,1733.42,26.0,89332.0,0.0,89332.0,89332.0,11.0,0.0,0.0
2026-03-30 20:15:00,182,246800.0,23159.0,847.0,0.0,0.0,0.0,780.0,70.0,3.0,9.127936e+07,1.168310272e+09,1735.47,26.0,89433.0,0.0,89433.0,89433.0,11.0,0.0,0.0
2026-03-30 20:15:13,182,246800.0,23159.0,847.0,0.0,0.0,0.0,780.0,70.0,3.0,9.127936e+07,1.168310272e+09,1737.42,26.0,89532.0,0.0,89532.0,89532.0,11.0,0.0,0.0
2026-03-30 20:15:25,183,247301.0,23159.0,847.0,0.0,0.0,0.0,781.0,70.0,3.0,9.127936e+07,1.168310272e+09,1739.35,26.0,89630.0,0.0,89630.0,89630.0,11.0,0.0,0.0
2026-03-30 20:15:37,183,247301.0,23159.0,847.0,0.0,0.0,0.0,781.0,70.0,3.0,9.127936e+07,1.168310272e+09,1741.26,26.0,89727.0,0.0,89727.0,89727.0,11.0,0.0,0.0
2026-03-30 20:15:49,183,247301.0,23663.0,847.0,0.0,0.0,0.0,781.0,71.0,3.0,9.127936e+07,1.168310272e+09,1743.28,26.0,89829.0,0.0,89829.0,89829.0,11.0,0.0,0.0
2026-03-30 20:16:02,183,247301.0,23663.0,847.0,0.0,0.0,0.0,781.0,71.0,3.0,9.127936e+07,1.168310272e+09,1745.22,26.0,89928.0,0.0,89928.0,89928.0,11.0,0.0,0.0
2026-03-30 20:16:14,183,247805.0,23663.0,847.0,0.0,0.0,0.0,782.0,71.0,3.0,9.127936e+07,1.168310272e+09,1747.41,26.0,90029.0,0.0,90029.0,90029.0,11.0,0.0,0.0
2026-03-30 20:16:27,184,248306.0,23663.0,847.0,0.0,0.0,0.0,783.0,71.0,3.0,9.127936e+07,1.168310272e+09,1749.4099999999999,26.0,90127.0,0.0,90127.0,90127.0,11.0,0.0,0.0
2026-03-30 20:16:39,184,248306.0,23663.0,847.0,0.0,0.0,0.0,783.0,71.0,3.0,9.127936e+07,1.168310272e+09,1751.3700000000001,26.0,90226.0,0.0,90226.0,90226.0,11.0,0.0,0.0
2026-03-30 20:16:51,184,248810.0,23663.0,847.0,0.0,0.0,0.0,784.0,71.0,3.0,9.127936e+07,1.168310272e+09,1753.3899999999999,26.0,90325.0,0.0,90325.0,90325.0,11.0,0.0,0.0
2026-03-30 20:17:03,184,248810.0,23663.0,847.0,0.0,0.0,0.0,784.0,71.0,3.0,9.127936e+07,1.168310272e+09,1755.29,29.0,90423.0,0.0,90422.0,90422.0,11.0,0.0,0.0
2026-03-30 20:17:16,184,249266.0,23663.0,847.0,0.0,0.0,0.0,785.0,71.0,3.0,9.127936e+07,1.168310272e+09,1757.27,26.0,90522.0,0.0,90522.0,90522.0,11.0,0.0,0.0
2026-03-30 20:17:28,185,249770.0,23663.0,847.0,0.0,0.0,0.0,786.0,71.0,3.0,9.127936e+07,1.168310272e+09,1759.28,26.0,90621.0,0.0,90621.0,90621.0,11.0,0.0,0.0
2026-03-30 20:17:40,185,249770.0,23663.0,847.0,0.0,0.0,0.0,786.0,71.0,3.0,9.127936e+07,1.168310272e+09,1761.33,28.0,90721.0,0.0,90720.0,90720.0,11.0,0.0,0.0
2026-03-30 20:17:52,185,250160.0,23663.0,847.0,0.0,0.0,0.0,787.0,71.0,3.0,9.127936e+07,1.168310272e+09,1763.41,26.0,90819.0,0.0,90819.0,90819.0,11.0,0.0,0.0
2026-03-30 20:18:05,185,250664.0,23663.0,847.0,0.0,0.0,0.0,788.0,71.0,3.0,9.127936e+07,1.168310272e+09,1765.4399999999998,26.0,90919.0,0.0,90919.0,90919.0,11.0,0.0,0.0
2026-03-30 20:18:17,185,250664.0,23663.0,847.0,0.0,0.0,0.0,788.0,71.0,3.0,9.127936e+07,1.168310272e+09,1767.47,26.0,91021.0,0.0,91021.0,91021.0,11.0,0.0,0.0
2026-03-30 20:18:29,186,251165.0,23663.0,847.0,0.0,0.0,0.0,789.0,71.0,3.0,9.127936e+07,1.168310272e+09,1769.56,26.0,91122.0,0.0,91122.0,91122.0,11.0,0.0,0.0
2026-03-30 20:18:42,186,251165.0,23663.0,847.0,0.0,0.0,0.0,789.0,71.0,3.0,9.127936e+07,1.168310272e+09,1771.7,26.0,91222.0,0.0,91222.0,91222.0,11.0,0.0,0.0
2026-03-30 20:18:54,186,251666.0,23663.0,847.0,0.0,0.0,0.0,790.0,71.0,3.0,9.127936e+07,1.168310272e+09,1773.63,29.0,91323.0,0.0,91322.0,91322.0,11.0,0.0,0.0
2026-03-30 20:19:07,186,251966.0,23663.0,847.0,0.0,0.0,0.0,791.0,71.0,3.0,9.127936e+07,1.168310272e+09,1775.77,26.0,91426.0,0.0,91426.0,91426.0,11.0,0.0,0.0
2026-03-30 20:19:19,186,252470.0,23663.0,847.0,0.0,0.0,0.0,792.0,71.0,3.0,9.127936e+07,1.168310272e+09,1777.76,29.0,91526.0,0.0,91525.0,91525.0,11.0,0.0,0.0
2026-03-30 20:19:31,187,252470.0,23663.0,847.0,0.0,0.0,0.0,792.0,71.0,3.0,9.127936e+07,1.168310272e+09,1779.84,26.0,91624.0,0.0,91624.0,91624.0,11.0,0.0,0.0
2026-03-30 20:19:44,187,252470.0,24167.0,847.0,0.0,0.0,0.0,792.0,72.0,3.0,9.127936e+07,1.168310272e+09,1781.86,26.0,91724.0,0.0,91724.0,91724.0,11.0,0.0,0.0
2026-03-30 20:19:56,187,252470.0,24167.0,847.0,0.0,0.0,0.0,792.0,72.0,3.0,9.127936e+07,1.168310272e+09,1783.78,27.0,91824.0,0.0,91823.0,91823.0,11.0,0.0,0.0
2026-03-30 20:20:08,187,252965.0,24167.0,847.0,0.0,0.0,0.0,793.0,72.0,3.0,9.127936e+07,1.168310272e+09,1785.73,27.0,91924.0,0.0,91923.0,91923.0,11.0,0.0,0.0
2026-03-30 20:20:21,187,253469.0,24167.0,847.0,0.0,0.0,0.0,794.0,72.0,3.0,9.127936e+07,1.168310272e+09,1787.76,26.0,92023.0,0.0,92023.0,92023.0,11.0,0.0,0.0
2026-03-30 20:20:33,188,253469.0,24167.0,847.0,0.0,0.0,0.0,794.0,72.0,3.0,9.127936e+07,1.168310272e+09,1789.75,26.0,92123.0,0.0,92123.0,92123.0,11.0,0.0,0.0
2026-03-30 20:20:45,188,253973.0,24167.0,847.0,0.0,0.0,0.0,795.0,72.0,3.0,9.127936e+07,1.168310272e+09,1791.8300000000002,26.0,92223.0,0.0,92223.0,92223.0,11.0,0.0,0.0
2026-03-30 20:20:58,188,253973.0,24167.0,847.0,0.0,0.0,0.0,795.0,72.0,3.0,9.127936e+07,1.168310272e+09,1793.81,26.0,92324.0,0.0,92324.0,92324.0,11.0,0.0,0.0
2026-03-30 20:21:10,188,254468.0,24167.0,847.0,0.0,0.0,0.0,796.0,72.0,3.0,9.127936e+07,1.168310272e+09,1795.9,26.0,92423.0,0.0,92423.0,92423.0,11.0,0.0,0.0
2026-03-30 20:21:22,188,254969.0,24167.0,847.0,0.0,0.0,0.0,797.0,72.0,3.0,9.127936e+07,1.168310272e+09,1797.9299999999998,26.0,92523.0,0.0,92523.0,92523.0,11.0,0.0,0.0
2026-03-30 20:21:34,189,254969.0,24167.0,847.0,0.0,0.0,0.0,797.0,72.0,3.0,9.127936e+07,1.168310272e+09,1800.04,29.0,92623.0,0.0,92622.0,92622.0,11.0,0.0,0.0
2026-03-30 20:21:47,189,255362.0,24167.0,847.0,0.0,0.0,0.0,798.0,72.0,3.0,9.127936e+07,1.168310272e+09,1802.0600000000002,26.0,92723.0,0.0,92723.0,92723.0,11.0,0.0,0.0
2026-03-30 20:21:59,189,255866.0,24167.0,847.0,0.0,0.0,0.0,799.0,72.0,3.0,9.127936e+07,1.168310272e+09,1804.07,26.0,92822.0,0.0,92822.0,92822.0,11.0,0.0,0.0
2026-03-30 20:22:11,189,255866.0,24167.0,847.0,0.0,0.0,0.0,799.0,72.0,3.0,9.127936e+07,1.168310272e+09,1805.9,26.0,92922.0,0.0,92922.0,92922.0,11.0,0.0,0.0
2026-03-30 20:22:24,189,256370.0,24167.0,847.0,0.0,0.0,0.0,800.0,72.0,3.0,9.127936e+07,1.168310272e+09,1807.9099999999999,26.0,93021.0,0.0,93021.0,93021.0,11.0,0.0,0.0
2026-03-30 20:22:36,190,256370.0,24167.0,847.0,0.0,0.0,0.0,800.0,72.0,3.0,9.127936e+07,1.168310272e+09,1809.95,26.0,93122.0,0.0,93122.0,93122.0,11.0,0.0,0.0
2026-03-30 20:22:48,190,256862.0,24167.0,847.0,0.0,0.0,0.0,801.0,72.0,3.0,9.127936e+07,1.168310272e+09,1812.11,26.0,93221.0,0.0,93221.0,93221.0,11.0,0.0,0.0
2026-03-30 20:23:00,190,257363.0,24167.0,847.0,0.0,0.0,0.0,802.0,72.0,3.0,9.127936e+07,1.168310272e+09,1814.04,26.0,93321.0,0.0,93321.0,93321.0,11.0,0.0,0.0
2026-03-30 20:23:13,190,257363.0,24167.0,847.0,0.0,0.0,0.0,802.0,72.0,3.0,9.127936e+07,1.168310272e+09,1816.0700000000002,29.0,93421.0,0.0,93420.0,93420.0,11.0,0.0,0.0
2026-03-30 20:23:25,191,257756.0,24167.0,847.0,0.0,0.0,0.0,803.0,72.0,3.0,9.127936e+07,1.168310272e+09,1817.99,26.0,93520.0,0.0,93520.0,93520.0,11.0,0.0,0.0
2026-03-30 20:23:37,191,257756.0,24671.0,847.0,0.0,0.0,0.0,803.0,73.0,3.0,9.127936e+07,1.168310272e+09,1820.01,26.0,93620.0,0.0,93620.0,93620.0,11.0,0.0,0.0
2026-03-30 20:23:49,191,257756.0,24671.0,847.0,0.0,0.0,0.0,803.0,73.0,3.0,9.127936e+07,1.168310272e+09,1821.8899999999999,26.0,93720.0,0.0,93720.0,93720.0,11.0,0.0,0.0
2026-03-30 20:24:02,191,258257.0,24671.0,847.0,0.0,0.0,0.0,804.0,73.0,3.0,9.127936e+07,1.168310272e+09,1823.94,26.0,93819.0,0.0,93819.0,93819.0,11.0,0.0,0.0
2026-03-30 20:24:14,191,258257.0,24671.0,847.0,0.0,0.0,0.0,804.0,73.0,3.0,9.127936e+07,1.168310272e+09,1826.1,28.0,93919.0,0.0,93918.0,93918.0,11.0,0.0,0.0
2026-03-30 20:24:26,192,258746.0,24671.0,847.0,0.0,0.0,0.0,805.0,73.0,3.0,9.127936e+07,1.168310272e+09,1828.1200000000001,26.0,94018.0,0.0,94018.0,94018.0,11.0,0.0,0.0
2026-03-30 20:24:38,192,259250.0,24671.0,847.0,0.0,0.0,0.0,806.0,73.0,3.0,9.127936e+07,1.168310272e+09,1830.01,26.0,94117.0,0.0,94117.0,94117.0,11.0,0.0,0.0
2026-03-30 20:24:51,192,259250.0,24671.0,847.0,0.0,0.0,0.0,806.0,73.0,3.0,9.127936e+07,1.168310272e+09,1831.94,29.0,94217.0,0.0,94216.0,94216.0,11.0,0.0,0.0
2026-03-30 20:25:03,192,259640.0,24671.0,847.0,0.0,0.0,0.0,807.0,73.0,3.0,9.127936e+07,1.168310272e+09,1833.9299999999998,26.0,94317.0,0.0,94317.0,94317.0,11.0,0.0,0.0
2026-03-30 20:25:15,192,260144.0,24671.0,847.0,0.0,0.0,0.0,808.0,73.0,3.0,9.127936e+07,1.168310272e+09,1836.06,26.0,94417.0,0.0,94417.0,94417.0,11.0,0.0,0.0
2026-03-30 20:25:27,193,260144.0,24671.0,847.0,0.0,0.0,0.0,808.0,73.0,3.0,9.127936e+07,1.168310272e+09,1838.01,26.0,94516.0,0.0,94516.0,94516.0,11.0,0.0,0.0
2026-03-30 20:25:40,193,260648.0,24671.0,847.0,0.0,0.0,0.0,809.0,73.0,3.0,9.127936e+07,1.168310272e+09,1840.03,26.0,94616.0,0.0,94616.0,94616.0,11.0,0.0,0.0
2026-03-30 20:25:52,193,260648.0,24671.0,847.0,0.0,0.0,0.0,809.0,73.0,3.0,9.127936e+07,1.168310272e+09,1842.21,26.0,94717.0,0.0,94717.0,94717.0,11.0,0.0,0.0
2026-03-30 20:26:04,193,261143.0,24671.0,847.0,0.0,0.0,0.0,810.0,73.0,3.0,9.127936e+07,1.168310272e+09,1844.31,28.0,94818.0,0.0,94817.0,94817.0,11.0,0.0,0.0
2026-03-30 20:26:16,193,261644.0,24671.0,847.0,0.0,0.0,0.0,811.0,73.0,3.0,9.127936e+07,1.168310272e+09,1846.34,26.0,94916.0,0.0,94916.0,94916.0,11.0,0.0,0.0
2026-03-30 20:26:29,194,261644.0,24671.0,847.0,0.0,0.0,0.0,811.0,73.0,3.0,9.127936e+07,1.168310272e+09,1848.42,29.0,95016.0,0.0,95015.0,95015.0,11.0,0.0,0.0
2026-03-30 20:26:41,194,262037.0,24671.0,847.0,0.0,0.0,0.0,812.0,73.0,3.0,9.127936e+07,1.168310272e+09,1850.3999999999999,26.0,95114.0,0.0,95114.0,95114.0,11.0,0.0,0.0
2026-03-30 20:26:53,194,262541.0,24671.0,847.0,0.0,0.0,0.0,813.0,73.0,3.0,9.127936e+07,1.168310272e+09,1852.53,29.0,95214.0,0.0,95213.0,95213.0,11.0,0.0,0.0
2026-03-30 20:27:06,194,262541.0,24671.0,847.0,0.0,0.0,0.0,813.0,73.0,3.0,9.127936e+07,1.168310272e+09,1854.5,29.0,95315.0,0.0,95314.0,95314.0,11.0,0.0,0.0
2026-03-30 20:27:18,194,262934.0,24671.0,847.0,0.0,0.0,0.0,814.0,73.0,3.0,9.127936e+07,1.168310272e+09,1856.48,29.0,95413.0,0.0,95412.0,95412.0,11.0,0.0,0.0
2026-03-30 20:27:30,195,262934.0,24965.0,847.0,0.0,0.0,0.0,814.0,74.0,3.0,9.127936e+07,1.168310272e+09,1858.5,26.0,95511.0,0.0,95511.0,95511.0,11.0,0.0,0.0
2026-03-30 20:27:43,195,263438.0,24965.0,847.0,0.0,0.0,0.0,815.0,74.0,3.0,9.127936e+07,1.168310272e+09,1860.45,26.0,95609.0,0.0,95609.0,95609.0,11.0,0.0,0.0
2026-03-30 20:27:55,195,263438.0,24965.0,847.0,0.0,0.0,0.0,815.0,74.0,3.0,9.127936e+07,1.168310272e+09,1862.5100000000002,26.0,95709.0,0.0,95709.0,95709.0,11.0,0.0,0.0
2026-03-30 20:28:07,195,263942.0,24965.0,847.0,0.0,0.0,0.0,816.0,74.0,3.0,9.127936e+07,1.168310272e+09,1864.74,26.0,95810.0,0.0,95810.0,95810.0,11.0,0.0,0.0
2026-03-30 20:28:20,195,264425.0,24965.0,847.0,0.0,0.0,0.0,817.0,74.0,3.0,9.127936e+07,1.168310272e+09,1866.97,29.0,95910.0,0.0,95909.0,95909.0,11.0,0.0,0.0
2026-03-30 20:28:32,196,264425.0,24965.0,847.0,0.0,0.0,0.0,817.0,74.0,3.0,9.127936e+07,1.168310272e+09,1869.31,26.0,96011.0,0.0,96011.0,96011.0,11.0,0.0,0.0
2026-03-30 20:28:44,196,264929.0,24965.0,847.0,0.0,0.0,0.0,818.0,74.0,3.0,9.127936e+07,1.168310272e+09,1871.24,26.0,96109.0,0.0,96109.0,96109.0,11.0,0.0,0.0
2026-03-30 20:28:57,196,264929.0,24965.0,847.0,0.0,0.0,0.0,818.0,74.0,3.0,9.127936e+07,1.168310272e+09,1873.2199999999998,26.0,96210.0,0.0,96210.0,96210.0,11.0,0.0,0.0
2026-03-30 20:29:09,196,265433.0,24965.0,847.0,0.0,0.0,0.0,819.0,74.0,3.0,9.127936e+07,1.168310272e+09,1875.24,26.0,96309.0,0.0,96309.0,96309.0,11.0,0.0,0.0
2026-03-30 20:29:21,196,265433.0,24965.0,847.0,0.0,0.0,0.0,819.0,74.0,3.0,9.127936e+07,1.168310272e+09,1877.3200000000002,26.0,96408.0,0.0,96408.0,96408.0,11.0,0.0,0.0
2026-03-30 20:29:34,197,265922.0,24965.0,847.0,0.0,0.0,0.0,820.0,74.0,3.0,9.127936e+07,1.168310272e+09,1879.26,26.0,96509.0,0.0,96509.0,96509.0,11.0,0.0,0.0
2026-03-30 20:29:46,197,266423.0,24965.0,847.0,0.0,0.0,0.0,821.0,74.0,3.0,9.127936e+07,1.168310272e+09,1881.25,29.0,96608.0,0.0,96607.0,96607.0,11.0,0.0,0.0
2026-03-30 20:29:58,197,266423.0,24965.0,847.0,0.0,0.0,0.0,821.0,74.0,3.0,9.127936e+07,1.168310272e+09,1883.29,26.0,96707.0,0.0,96707.0,96707.0,11.0,0.0,0.0
2026-03-30 20:30:11,197,266927.0,24965.0,847.0,0.0,0.0,0.0,822.0,74.0,3.0,9.127936e+07,1.168310272e+09,1885.46,29.0,96807.0,0.0,96806.0,96806.0,11.0,0.0,0.0
2026-03-30 20:30:23,197,267419.0,24965.0,847.0,0.0,0.0,0.0,823.0,74.0,3.0,9.127936e+07,1.168310272e+09,1887.51,29.0,96908.0,0.0,96907.0,96907.0,11.0,0.0,0.0
2026-03-30 20:30:35,198,267419.0,24965.0,847.0,0.0,0.0,0.0,823.0,74.0,3.0,9.127936e+07,1.168310272e+09,1889.63,26.0,97008.0,0.0,97008.0,97008.0,11.0,0.0,0.0
2026-03-30 20:30:47,198,267923.0,24965.0,847.0,0.0,0.0,0.0,824.0,74.0,3.0,9.127936e+07,1.168310272e+09,1891.76,26.0,97109.0,0.0,97108.0,97108.0,11.0,0.0,0.0
2026-03-30 20:31:00,198,267923.0,24965.0,847.0,0.0,0.0,0.0,824.0,74.0,3.0,9.127936e+07,1.168310272e+09,1894.02,26.0,97209.0,0.0,97209.0,97209.0,11.0,0.0,0.0
2026-03-30 20:31:12,198,268427.0,24965.0,847.0,0.0,0.0,0.0,825.0,74.0,3.0,9.127936e+07,1.168310272e+09,1896.2,26.0,97309.0,0.0,97309.0,97309.0,11.0,0.0,0.0
2026-03-30 20:31:24,198,268427.0,24965.0,847.0,0.0,0.0,0.0,825.0,74.0,3.0,9.127936e+07,1.168310272e+09,1898.29,26.0,97409.0,0.0,97409.0,97409.0,11.0,0.0,0.0
2026-03-30 20:31:37,199,268427.0,25463.0,847.0,0.0,0.0,0.0,825.0,75.0,3.0,9.127936e+07,1.168310272e+09,1900.25,26.0,97508.0,0.0,97508.0,97508.0,11.0,0.0,0.0
2026-03-30 20:31:49,199,268928.0,25463.0,847.0,0.0,0.0,0.0,826.0,75.0,3.0,9.127936e+07,1.168310272e+09,1902.38,26.0,97607.0,0.0,97607.0,97607.0,11.0,0.0,0.0
2026-03-30 20:32:01,199,268928.0,25463.0,847.0,0.0,0.0,0.0,826.0,75.0,3.0,9.127936e+07,1.168310272e+09,1904.54,29.0,97708.0,0.0,97707.0,97707.0,11.0,0.0,0.0
2026-03-30 20:32:14,199,269321.0,25463.0,847.0,0.0,0.0,0.0,827.0,75.0,3.0,9.127936e+07,1.168310272e+09,1906.6799999999998,26.0,97808.0,0.0,97808.0,97808.0,11.0,0.0,0.0
2026-03-30 20:32:26,200,269825.0,25463.0,847.0,0.0,0.0,0.0,828.0,75.0,3.0,9.127936e+07,1.168310272e+09,1908.95,29.0,97907.0,0.0,97906.0,97906.0,11.0,0.0,0.0
2026-03-30 20:32:38,200,269825.0,25463.0,847.0,0.0,0.0,0.0,828.0,75.0,3.0,9.127936e+07,1.168310272e+09,1911.1000000000001,26.0,98007.0,0.0,98007.0,98007.0,11.0,0.0,0.0
2026-03-30 20:32:50,200,270329.0,25463.0,847.0,0.0,0.0,0.0,829.0,75.0,3.0,9.127936e+07,1.168310272e+09,1913.24,26.0,98107.0,0.0,98107.0,98107.0,11.0,0.0,0.0
2026-03-30 20:33:03,200,270329.0,25463.0,847.0,0.0,0.0,0.0,829.0,75.0,3.0,9.127936e+07,1.168310272e+09,1915.31,26.0,98207.0,0.0,98207.0,98207.0,11.0,0.0,0.0
2026-03-30 20:33:15,200,270821.0,25463.0,847.0,0.0,0.0,0.0,830.0,75.0,3.0,9.127936e+07,1.168310272e+09,1917.4,26.0,98307.0,0.0,98307.0,98307.0,11.0,0.0,0.0
2026-03-30 20:33:28,201,271322.0,25463.0,847.0,0.0,0.0,0.0,831.0,75.0,3.0,9.127936e+07,1.168310272e+09,1919.5,26.0,98409.0,0.0,98409.0,98409.0,11.0,0.0,0.0
2026-03-30 20:33:40,201,271322.0,25463.0,847.0,0.0,0.0,0.0,831.0,75.0,3.0,9.127936e+07,1.168310272e+09,1921.4499999999998,26.0,98508.0,0.0,98508.0,98508.0,11.0,0.0,0.0
2026-03-30 20:33:52,201,271826.0,25463.0,847.0,0.0,0.0,0.0,832.0,75.0,3.0,9.127936e+07,1.168310272e+09,1923.6,26.0,98609.0,0.0,98609.0,98609.0,11.0,0.0,0.0
2026-03-30 20:34:04,201,271826.0,25463.0,847.0,0.0,0.0,0.0,832.0,75.0,3.0,9.127936e+07,1.168310272e+09,1925.65,26.0,98709.0,0.0,98709.0,98709.0,11.0,0.0,0.0
2026-03-30 20:34:17,201,272327.0,25463.0,847.0,0.0,0.0,0.0,833.0,75.0,3.0,9.127936e+07,1.168310272e+09,1927.73,26.0,98812.0,0.0,98812.0,98812.0,11.0,0.0,0.0
2026-03-30 20:34:29,202,272828.0,25463.0,847.0,0.0,0.0,0.0,834.0,75.0,3.0,9.127936e+07,1.168310272e+09,1929.83,26.0,98913.0,0.0,98913.0,98913.0,11.0,0.0,0.0
2026-03-30 20:34:42,202,272828.0,25463.0,847.0,0.0,0.0,0.0,834.0,75.0,3.0,9.127936e+07,1.168310272e+09,1932.0700000000002,29.0,99017.0,0.0,99016.0,99016.0,11.0,0.0,0.0
2026-03-30 20:34:55,202,273248.0,25463.0,847.0,0.0,0.0,0.0,835.0,75.0,3.0,9.127936e+07,1.168310272e+09,1934.1399999999999,26.0,99119.0,0.0,99119.0,99119.0,11.0,0.0,0.0
2026-03-30 20:35:07,202,273752.0,25463.0,847.0,0.0,0.0,0.0,836.0,75.0,3.0,9.127936e+07,1.168310272e+09,1936.07,26.0,99218.0,0.0,99218.0,99218.0,11.0,0.0,0.0
2026-03-30 20:35:19,202,273752.0,25463.0,847.0,0.0,0.0,0.0,836.0,75.0,3.0,9.127936e+07,1.168310272e+09,1937.9199999999998,29.0,99317.0,0.0,99316.0,99316.0,11.0,0.0,0.0
2026-03-30 20:35:31,203,273752.0,25859.0,847.0,0.0,0.0,0.0,836.0,76.0,3.0,9.127936e+07,1.168310272e+09,1939.97,26.0,99417.0,0.0,99417.0,99417.0,11.0,0.0,0.0
2026-03-30 20:35:44,203,274256.0,25859.0,847.0,0.0,0.0,0.0,837.0,76.0,3.0,9.127936e+07,1.168310272e+09,1942.15,26.0,99518.0,0.0,99518.0,99518.0,11.0,0.0,0.0
2026-03-30 20:35:56,203,274256.0,25859.0,847.0,0.0,0.0,0.0,837.0,76.0,3.0,9.127936e+07,1.168310272e+09,1944.09,26.0,99619.0,0.0,99619.0,99619.0,11.0,0.0,0.0
2026-03-30 20:36:08,203,274760.0,25859.0,847.0,0.0,0.0,0.0,838.0,76.0,3.0,9.127936e+07,1.168310272e+09,1946.1200000000001,26.0,99718.0,0.0,99718.0,99718.0,11.0,0.0,0.0
2026-03-30 20:36:21,203,274760.0,25859.0,847.0,0.0,0.0,0.0,838.0,76.0,3.0,9.127936e+07,1.168310272e+09,1948.1899999999998,26.0,99817.0,0.0,99817.0,99817.0,11.0,0.0,0.0
2026-03-30 20:36:33,204,275255.0,25859.0,847.0,0.0,0.0,0.0,839.0,76.0,3.0,9.127936e+07,1.168310272e+09,1950.2,26.0,99918.0,0.0,99918.0,99918.0,11.0,0.0,0.0
2026-03-30 20:36:45,204,275756.0,25859.0,847.0,0.0,0.0,0.0,840.0,76.0,3.0,9.127936e+07,1.168310272e+09,1952.29,26.0,100018.0,0.0,100018.0,100018.0,11.0,0.0,0.0
2026-03-30 20:36:58,204,275756.0,25859.0,847.0,0.0,0.0,0.0,840.0,76.0,3.0,9.127936e+07,1.168310272e+09,1954.38,27.0,100120.0,0.0,100119.0,100119.0,11.0,0.0,0.0
2026-03-30 20:37:10,204,276161.0,25859.0,847.0,0.0,0.0,0.0,841.0,76.0,3.0,9.127936e+07,1.168310272e+09,1956.6000000000001,26.0,100220.0,0.0,100220.0,100220.0,11.0,0.0,0.0
2026-03-30 20:37:22,204,276665.0,25859.0,847.0,0.0,0.0,0.0,842.0,76.0,3.0,9.127936e+07,1.168310272e+09,1958.6399999999999,26.0,100320.0,0.0,100320.0,100320.0,11.0,0.0,0.0
2026-03-30 20:37:35,205,276665.0,25859.0,847.0,0.0,0.0,0.0,842.0,76.0,3.0,9.127936e+07,1.168310272e+09,1960.55,26.0,100420.0,0.0,100420.0,100420.0,11.0,0.0,0.0
2026-03-30 20:37:47,205,277169.0,25859.0,847.0,0.0,0.0,0.0,843.0,76.0,3.0,9.127936e+07,1.168310272e+09,1962.54,26.0,100520.0,0.0,100520.0,100520.0,11.0,0.0,0.0
2026-03-30 20:37:59,205,277169.0,25859.0,847.0,0.0,0.0,0.0,843.0,76.0,3.0,9.127936e+07,1.168310272e+09,1964.54,26.0,100620.0,0.0,100620.0,100620.0,11.0,0.0,0.0
2026-03-30 20:38:11,205,277664.0,25859.0,847.0,0.0,0.0,0.0,844.0,76.0,3.0,9.127936e+07,1.168310272e+09,1966.5700000000002,26.0,100719.0,0.0,100719.0,100719.0,11.0,0.0,0.0
2026-03-30 20:38:24,205,278165.0,25859.0,847.0,0.0,0.0,0.0,845.0,76.0,3.0,9.127936e+07,1.168310272e+09,1968.61,26.0,100819.0,0.0,100819.0,100819.0,11.0,0.0,0.0
2026-03-30 20:38:36,206,278165.0,25859.0,847.0,0.0,0.0,0.0,845.0,76.0,3.0,9.127936e+07,1.168310272e+09,1970.52,27.0,100919.0,0.0,100919.0,100919.0,11.0,0.0,0.0
2026-03-30 20:38:48,206,278561.0,25859.0,847.0,0.0,0.0,0.0,846.0,76.0,3.0,9.127936e+07,1.168310272e+09,1972.54,26.0,101017.0,0.0,101017.0,101017.0,11.0,0.0,0.0
2026-03-30 20:39:01,206,279062.0,25859.0,847.0,0.0,0.0,0.0,847.0,76.0,3.0,9.127936e+07,1.168310272e+09,1974.67,26.0,101117.0,0.0,101117.0,101117.0,11.0,0.0,0.0
2026-03-30 20:39:13,206,279062.0,25859.0,847.0,0.0,0.0,0.0,847.0,76.0,3.0,9.127936e+07,1.168310272e+09,1976.78,27.0,101217.0,0.0,101216.0,101216.0,11.0,0.0,0.0
2026-03-30 20:39:25,207,279062.0,26249.0,847.0,0.0,0.0,0.0,847.0,77.0,3.0,9.127936e+07,1.168310272e+09,1978.91,26.0,101316.0,0.0,101316.0,101316.0,11.0,0.0,0.0
2026-03-30 20:39:38,207,279566.0,26249.0,847.0,0.0,0.0,0.0,848.0,77.0,3.0,9.127936e+07,1.168310272e+09,1980.9199999999998,26.0,101415.0,0.0,101415.0,101415.0,11.0,0.0,0.0
2026-03-30 20:39:50,207,279566.0,26249.0,847.0,0.0,0.0,0.0,848.0,77.0,3.0,9.127936e+07,1.168310272e+09,1982.91,26.0,101513.0,0.0,101513.0,101513.0,11.0,0.0,0.0
2026-03-30 20:40:02,207,280070.0,26249.0,847.0,0.0,0.0,0.0,849.0,77.0,3.0,9.127936e+07,1.168310272e+09,1984.96,26.0,101614.0,0.0,101614.0,101614.0,11.0,0.0,0.0
2026-03-30 20:40:14,207,280070.0,26249.0,847.0,0.0,0.0,0.0,849.0,77.0,3.0,9.127936e+07,1.168310272e+09,1987.12,26.0,101715.0,0.0,101715.0,101715.0,11.0,0.0,0.0
2026-03-30 20:40:27,208,280559.0,26249.0,847.0,0.0,0.0,0.0,850.0,77.0,3.0,9.127936e+07,1.168310272e+09,1989.18,26.0,101815.0,0.0,101815.0,101815.0,11.0,0.0,0.0
2026-03-30 20:40:39,208,281060.0,26249.0,847.0,0.0,0.0,0.0,851.0,77.0,3.0,9.127936e+07,1.168310272e+09,1991.29,26.0,101915.0,0.0,101915.0,101915.0,11.0,0.0,0.0
2026-03-30 20:40:51,208,281060.0,26249.0,847.0,0.0,0.0,0.0,851.0,77.0,3.0,9.127936e+07,1.168310272e+09,1993.32,26.0,102015.0,0.0,102015.0,102015.0,11.0,0.0,0.0
2026-03-30 20:41:04,208,281564.0,26249.0,847.0,0.0,0.0,0.0,852.0,77.0,3.0,9.1410432e+07,1.168310272e+09,1995.2800000000002,26.0,102115.0,0.0,102115.0,102115.0,11.0,0.0,0.0
2026-03-30 20:41:16,208,281564.0,26249.0,847.0,0.0,0.0,0.0,852.0,77.0,3.0,9.1410432e+07,1.168310272e+09,1997.37,26.0,102214.0,0.0,102214.0,102214.0,11.0,0.0,0.0
2026-03-30 20:41:28,209,282056.0,26249.0,847.0,0.0,0.0,0.0,853.0,77.0,3.0,9.1410432e+07,1.168310272e+09,1999.48,29.0,102314.0,0.0,102313.0,102313.0,11.0,0.0,0.0
2026-03-30 20:41:40,209,282353.0,26249.0,847.0,0.0,0.0,0.0,854.0,77.0,3.0,9.1410432e+07,1.168310272e+09,2001.42,26.0,102414.0,0.0,102414.0,102414.0,11.0,0.0,0.0
2026-03-30 20:41:53,209,282857.0,26249.0,847.0,0.0,0.0,0.0,855.0,77.0,3.0,9.1410432e+07,1.168310272e+09,2003.45,26.0,102514.0,0.0,102514.0,102514.0,11.0,0.0,0.0
2026-03-30 20:42:05,209,282857.0,26249.0,847.0,0.0,0.0,0.0,855.0,77.0,3.0,9.1410432e+07,1.168310272e+09,2005.4399999999998,26.0,102613.0,0.0,102613.0,102613.0,11.0,0.0,0.0
2026-03-30 20:42:17,209,283361.0,26249.0,847.0,0.0,0.0,0.0,856.0,77.0,3.0,9.1410432e+07,1.168310272e+09,2007.49,26.0,102713.0,0.0,102713.0,102713.0,11.0,0.0,0.0
2026-03-30 20:42:29,210,283361.0,26249.0,847.0,0.0,0.0,0.0,856.0,77.0,3.0,9.1410432e+07,1.168310272e+09,2009.4699999999998,26.0,102813.0,0.0,102813.0,102813.0,11.0,0.0,0.0
2026-03-30 20:42:42,210,283853.0,26249.0,847.0,0.0,0.0,0.0,857.0,77.0,3.0,9.1410432e+07,1.168310272e+09,2011.56,26.0,102912.0,0.0,102912.0,102912.0,11.0,0.0,0.0
2026-03-30 20:42:54,210,284354.0,26249.0,847.0,0.0,0.0,0.0,858.0,77.0,3.0,9.1410432e+07,1.168310272e+09,2013.5500000000002,26.0,103012.0,0.0,103012.0,103012.0,11.0,0.0,0.0
2026-03-30 20:43:06,210,284354.0,26249.0,847.0,0.0,0.0,0.0,858.0,77.0,3.0,9.1410432e+07,1.168310272e+09,2015.59,26.0,103112.0,0.0,103112.0,103112.0,11.0,0.0,0.0
2026-03-30 20:43:19,210,284354.0,26753.0,847.0,0.0,0.0,0.0,858.0,78.0,3.0,9.1410432e+07,1.168310272e+09,2017.53,27.0,103211.0,0.0,103210.0,103210.0,11.0,0.0,0.0
2026-03-30 20:43:31,211,284354.0,26753.0,847.0,0.0,0.0,0.0,858.0,78.0,3.0,9.1410432e+07,1.168310272e+09,2019.55,26.0,103305.0,0.0,103305.0,103305.0,11.0,0.0,0.0
2026-03-30 20:43:43,211,284858.0,26753.0,847.0,0.0,0.0,0.0,859.0,78.0,3.0,9.1410432e+07,1.168310272e+09,2020.01,26.0,103327.0,0.0,103327.0,103327.0,11.0,0.0,0.0
2026-03-30 20:43:55,211,284858.0,26753.0,847.0,0.0,0.0,0.0,859.0,78.0,3.0,9.1410432e+07,1.168310272e+09,2022.09,26.0,103429.0,0.0,103429.0,103429.0,11.0,0.0,0.0
2026-03-30 20:44:07,211,285362.0,26753.0,847.0,0.0,0.0,0.0,860.0,78.0,3.0,9.1410432e+07,1.168310272e+09,2023.9699999999998,26.0,103526.0,0.0,103526.0,103526.0,11.0,0.0,0.0
2026-03-30 20:44:20,211,285362.0,26753.0,847.0,0.0,0.0,0.0,860.0,78.0,3.0,9.1410432e+07,1.168310272e+09,2025.89,26.0,103624.0,0.0,103624.0,103624.0,11.0,0.0,0.0
2026-03-30 20:44:32,212,285863.0,26753.0,847.0,0.0,0.0,0.0,861.0,78.0,3.0,9.1410432e+07,1.168310272e+09,2028.0,29.0,103726.0,0.0,103725.0,103725.0,11.0,0.0,0.0
2026-03-30 20:44:44,212,286367.0,26753.0,847.0,0.0,0.0,0.0,862.0,78.0,3.0,9.1410432e+07,1.168310272e+09,2030.1499999999999,26.0,103828.0,0.0,103827.0,103827.0,11.0,0.0,0.0
2026-03-30 20:44:57,212,286367.0,26753.0,847.0,0.0,0.0,0.0,862.0,78.0,3.0,9.1410432e+07,1.168310272e+09,2032.16,29.0,103929.0,0.0,103928.0,103928.0,11.0,0.0,0.0
2026-03-30 20:45:09,212,286694.0,26753.0,847.0,0.0,0.0,0.0,863.0,78.0,3.0,9.1410432e+07,1.168310272e+09,2034.18,29.0,104029.0,0.0,104028.0,104028.0,11.0,0.0,0.0
2026-03-30 20:45:22,212,286994.0,26753.0,847.0,0.0,0.0,0.0,864.0,78.0,3.0,9.1410432e+07,1.168310272e+09,2036.3,26.0,104129.0,0.0,104129.0,104129.0,11.0,0.0,0.0
2026-03-30 20:45:34,213,287498.0,26753.0,847.0,0.0,0.0,0.0,865.0,78.0,3.0,9.1410432e+07,1.168310272e+09,2038.6399999999999,26.0,104230.0,0.0,104230.0,104230.0,11.0,0.0,0.0
2026-03-30 20:45:46,213,287498.0,26753.0,847.0,0.0,0.0,0.0,865.0,78.0,3.0,9.1410432e+07,1.168310272e+09,2040.69,28.0,104330.0,0.0,104329.0,104329.0,11.0,0.0,0.0
2026-03-30 20:45:59,213,287897.0,26753.0,847.0,0.0,0.0,0.0,866.0,78.0,3.0,9.1410432e+07,1.168310272e+09,2042.7399999999998,26.0,104429.0,0.0,104429.0,104429.0,11.0,0.0,0.0
2026-03-30 20:46:11,213,288401.0,26753.0,847.0,0.0,0.0,0.0,867.0,78.0,3.0,9.1410432e+07,1.168310272e+09,2044.8799999999999,26.0,104530.0,0.0,104530.0,104530.0,11.0,0.0,0.0
2026-03-30 20:46:23,213,288401.0,26753.0,847.0,0.0,0.0,0.0,867.0,78.0,3.0,9.1410432e+07,1.168310272e+09,2046.98,26.0,104631.0,0.0,104631.0,104631.0,11.0,0.0,0.0
2026-03-30 20:46:36,214,288905.0,26753.0,847.0,0.0,0.0,0.0,868.0,78.0,3.0,9.1410432e+07,1.168310272e+09,2048.9500000000003,26.0,104730.0,0.0,104730.0,104730.0,11.0,0.0,0.0
2026-03-30 20:46:48,214,288905.0,26753.0,847.0,0.0,0.0,0.0,868.0,78.0,3.0,9.1410432e+07,1.168310272e+09,2050.88,26.0,104829.0,0.0,104829.0,104829.0,11.0,0.0,0.0
2026-03-30 20:47:00,214,289397.0,26753.0,847.0,0.0,0.0,0.0,869.0,78.0,3.0,9.1410432e+07,1.168310272e+09,2052.84,26.0,104928.0,0.0,104928.0,104928.0,11.0,0.0,0.0
2026-03-30 20:47:13,214,289397.0,27254.0,847.0,0.0,0.0,0.0,869.0,79.0,3.0,9.1410432e+07,1.168310272e+09,2054.83,26.0,105027.0,0.0,105027.0,105027.0,11.0,0.0,0.0
2026-03-30 20:47:25,215,289397.0,27254.0,847.0,0.0,0.0,0.0,869.0,79.0,3.0,9.1410432e+07,1.168310272e+09,2056.76,26.0,105127.0,0.0,105127.0,105127.0,11.0,0.0,0.0
2026-03-30 20:47:37,215,289901.0,27254.0,847.0,0.0,0.0,0.0,870.0,79.0,3.0,9.1410432e+07,1.168310272e+09,2058.89,26.0,105228.0,0.0,105228.0,105228.0,11.0,0.0,0.0
2026-03-30 20:47:49,215,289901.0,27254.0,847.0,0.0,0.0,0.0,870.0,79.0,3.0,9.1410432e+07,1.168310272e+09,2060.8,26.0,105327.0,0.0,105327.0,105327.0,11.0,0.0,0.0
2026-03-30 20:48:01,215,290390.0,27254.0,847.0,0.0,0.0,0.0,871.0,79.0,3.0,9.1410432e+07,1.168310272e+09,2062.8199999999997,26.0,105427.0,0.0,105427.0,105427.0,11.0,0.0,0.0
2026-03-30 20:48:14,215,290891.0,27254.0,847.0,0.0,0.0,0.0,872.0,79.0,3.0,9.1410432e+07,1.168310272e+09,2064.72,26.0,105526.0,0.0,105526.0,105526.0,11.0,0.0,0.0
2026-03-30 20:48:26,216,290891.0,27254.0,847.0,0.0,0.0,0.0,872.0,79.0,3.0,9.1410432e+07,1.168310272e+09,2066.73,26.0,105626.0,0.0,105626.0,105626.0,11.0,0.0,0.0
2026-03-30 20:48:39,216,291395.0,27254.0,847.0,0.0,0.0,0.0,873.0,79.0,3.0,9.1410432e+07,1.168310272e+09,2068.72,26.0,105729.0,0.0,105729.0,105729.0,11.0,0.0,0.0
2026-03-30 20:48:51,216,291395.0,27254.0,847.0,0.0,0.0,0.0,873.0,79.0,3.0,9.1410432e+07,1.168310272e+09,2070.82,26.0,105829.0,0.0,105829.0,105829.0,11.0,0.0,0.0
2026-03-30 20:49:04,216,291896.0,27254.0,847.0,0.0,0.0,0.0,874.0,79.0,3.0,9.1410432e+07,1.168310272e+09,2072.72,26.0,105929.0,0.0,105929.0,105929.0,11.0,0.0,0.0
2026-03-30 20:49:16,216,292397.0,27254.0,847.0,0.0,0.0,0.0,875.0,79.0,3.0,9.1410432e+07,1.168310272e+09,2074.86,26.0,106028.0,0.0,106028.0,106028.0,11.0,0.0,0.0
2026-03-30 20:49:28,217,292397.0,27254.0,847.0,0.0,0.0,0.0,875.0,79.0,3.0,9.1410432e+07,1.168310272e+09,2077.4900000000002,26.0,106130.0,0.0,106130.0,106130.0,11.0,0.0,0.0
2026-03-30 20:49:41,217,292901.0,27254.0,847.0,0.0,0.0,0.0,876.0,79.0,3.0,9.1410432e+07,1.168310272e+09,2079.5299999999997,26.0,106229.0,0.0,106229.0,106229.0,11.0,0.0,0.0
2026-03-30 20:49:53,217,293390.0,27254.0,847.0,0.0,0.0,0.0,877.0,79.0,3.0,9.1410432e+07,1.168310272e+09,2081.57,29.0,106328.0,0.0,106327.0,106327.0,11.0,0.0,0.0
2026-03-30 20:50:05,217,293390.0,27254.0,847.0,0.0,0.0,0.0,877.0,79.0,3.0,9.1410432e+07,1.168310272e+09,2083.56,26.0,106426.0,0.0,106426.0,106426.0,11.0,0.0,0.0
2026-03-30 20:50:18,217,293894.0,27254.0,847.0,0.0,0.0,0.0,878.0,79.0,3.0,9.1410432e+07,1.168310272e+09,2085.66,28.0,106525.0,0.0,106524.0,106524.0,11.0,0.0,0.0
2026-03-30 20:50:30,218,293894.0,27254.0,847.0,0.0,0.0,0.0,878.0,79.0,3.0,9.1410432e+07,1.168310272e+09,2087.58,26.0,106626.0,0.0,106626.0,106626.0,11.0,0.0,0.0
2026-03-30 20:50:42,218,294398.0,27254.0,847.0,0.0,0.0,0.0,879.0,79.0,3.0,9.1410432e+07,1.168310272e+09,2089.79,26.0,106726.0,0.0,106725.0,106725.0,11.0,0.0,0.0
2026-03-30 20:50:55,218,294398.0,27254.0,847.0,0.0,0.0,0.0,879.0,79.0,3.0,9.1410432e+07,1.168310272e+09,2091.77,26.0,106827.0,0.0,106827.0,106827.0,11.0,0.0,0.0
2026-03-30 20:51:07,218,294890.0,27254.0,847.0,0.0,0.0,0.0,880.0,79.0,3.0,9.1410432e+07,1.168310272e+09,2093.86,26.0,106926.0,0.0,106926.0,106926.0,11.0,0.0,0.0
2026-03-30 20:51:19,218,294890.0,27755.0,847.0,0.0,0.0,0.0,880.0,80.0,3.0,9.1410432e+07,1.168310272e+09,2095.9900000000002,27.0,107026.0,0.0,107025.0,107025.0,11.0,0.0,0.0
2026-03-30 20:51:32,219,294890.0,27755.0,847.0,0.0,0.0,0.0,880.0,80.0,3.0,9.1410432e+07,1.168310272e+09,2098.06,29.0,107125.0,0.0,107124.0,107124.0,11.0,0.0,0.0
2026-03-30 20:51:44,219,295280.0,27755.0,847.0,0.0,0.0,0.0,881.0,80.0,3.0,9.1410432e+07,1.168310272e+09,2100.12,26.0,107225.0,0.0,107225.0,107225.0,11.0,0.0,0.0
2026-03-30 20:51:56,219,295784.0,27755.0,847.0,0.0,0.0,0.0,882.0,80.0,3.0,9.1410432e+07,1.168310272e+09,2102.13,26.0,107324.0,0.0,107324.0,107324.0,11.0,0.0,0.0
2026-03-30 20:52:09,219,295784.0,27755.0,847.0,0.0,0.0,0.0,882.0,80.0,3.0,9.1410432e+07,1.168310272e+09,2104.02,26.0,107423.0,0.0,107423.0,107423.0,11.0,0.0,0.0
2026-03-30 20:52:21,219,296288.0,27755.0,847.0,0.0,0.0,0.0,883.0,80.0,3.0,9.1410432e+07,1.168310272e+09,2106.12,26.0,107523.0,0.0,107523.0,107523.0,11.0,0.0,0.0
2026-03-30 20:52:33,220,296288.0,27755.0,847.0,0.0,0.0,0.0,883.0,80.0,3.0,9.1410432e+07,1.168310272e+09,2108.03,26.0,107622.0,0.0,107622.0,107622.0,11.0,0.0,0.0
2026-03-30 20:52:45,220,296792.0,27755.0,847.0,0.0,0.0,0.0,884.0,80.0,3.0,9.1410432e+07,1.168310272e+09,2109.9900000000002,26.0,107721.0,0.0,107721.0,107721.0,11.0,0.0,0.0
2026-03-30 20:52:57,220,297296.0,27755.0,847.0,0.0,0.0,0.0,885.0,80.0,3.0,9.1410432e+07,1.168310272e+09,2112.0099999999998,26.0,107821.0,0.0,107821.0,107821.0,11.0,0.0,0.0
2026-03-30 20:53:10,220,297296.0,27755.0,847.0,0.0,0.0,0.0,885.0,80.0,3.0,9.1410432e+07,1.168310272e+09,2114.1800000000003,27.0,107921.0,0.0,107920.0,107920.0,11.0,0.0,0.0
2026-03-30 20:53:22,220,297668.0,27755.0,847.0,0.0,0.0,0.0,886.0,80.0,3.0,9.1410432e+07,1.168310272e+09,2116.09,26.0,108019.0,0.0,108019.0,108019.0,11.0,0.0,0.0
2026-03-30 20:53:34,221,298172.0,27755.0,847.0,0.0,0.0,0.0,887.0,80.0,3.0,9.1410432e+07,1.168310272e+09,2118.17,26.0,108117.0,0.0,108117.0,108117.0,11.0,0.0,0.0
2026-03-30 20:53:46,221,298172.0,27755.0,847.0,0.0,0.0,0.0,887.0,80.0,3.0,9.1410432e+07,1.168310272e+09,2120.06,27.0,108215.0,0.0,108214.0,108214.0,11.0,0.0,0.0
2026-03-30 20:53:58,221,298550.0,27755.0,847.0,0.0,0.0,0.0,888.0,80.0,3.0,9.1410432e+07,1.168310272e+09,2121.96,27.0,108313.0,0.0,108312.0,108312.0,11.0,0.0,0.0
2026-03-30 20:54:10,221,299054.0,27755.0,847.0,0.0,0.0,0.0,889.0,80.0,3.0,9.1410432e+07,1.168310272e+09,2123.8599999999997,26.0,108411.0,0.0,108411.0,108411.0,11.0,0.0,0.0
2026-03-30 20:54:23,221,299054.0,27755.0,847.0,0.0,0.0,0.0,889.0,80.0,3.0,9.1410432e+07,1.168310272e+09,2125.97,26.0,108511.0,0.0,108511.0,108511.0,11.0,0.0,0.0
2026-03-30 20:54:35,222,299558.0,27755.0,847.0,0.0,0.0,0.0,890.0,80.0,3.0,9.1410432e+07,1.168310272e+09,2127.85,26.0,108609.0,0.0,108609.0,108609.0,11.0,0.0,0.0
2026-03-30 20:54:47,222,299558.0,27755.0,847.0,0.0,0.0,0.0,890.0,80.0,3.0,9.1410432e+07,1.168310272e+09,2129.86,26.0,108709.0,0.0,108709.0,108709.0,11.0,0.0,0.0
2026-03-30 20:55:00,222,300062.0,27755.0,847.0,0.0,0.0,0.0,891.0,80.0,3.0,9.1410432e+07,1.168310272e+09,2131.85,26.0,108810.0,0.0,108810.0,108810.0,11.0,0.0,0.0
2026-03-30 20:55:12,222,300062.0,28259.0,847.0,0.0,0.0,0.0,891.0,81.0,3.0,9.1410432e+07,1.168310272e+09,2134.02,26.0,108910.0,0.0,108910.0,108910.0,11.0,0.0,0.0
2026-03-30 20:55:24,222,300062.0,28259.0,847.0,0.0,0.0,0.0,891.0,81.0,3.0,9.1410432e+07,1.168310272e+09,2136.07,26.0,109007.0,0.0,109007.0,109007.0,11.0,0.0,0.0
2026-03-30 20:55:36,223,300563.0,28259.0,847.0,0.0,0.0,0.0,892.0,81.0,3.0,9.1410432e+07,1.168310272e+09,2137.9500000000003,27.0,109107.0,0.0,109107.0,109107.0,11.0,0.0,0.0
2026-03-30 20:55:48,223,300563.0,28259.0,847.0,0.0,0.0,0.0,892.0,81.0,3.0,9.1410432e+07,1.168310272e+09,2139.93,26.0,109205.0,0.0,109205.0,109205.0,11.0,0.0,0.0
2026-03-30 20:56:01,223,301067.0,28259.0,847.0,0.0,0.0,0.0,893.0,81.0,3.0,9.1410432e+07,1.168310272e+09,2142.15,26.0,109307.0,0.0,109307.0,109307.0,11.0,0.0,0.0
2026-03-30 20:56:13,223,301571.0,28259.0,847.0,0.0,0.0,0.0,894.0,81.0,3.0,9.1410432e+07,1.168310272e+09,2144.21,26.0,109406.0,0.0,109406.0,109406.0,11.0,0.0,0.0
2026-03-30 20:56:25,224,301571.0,28259.0,847.0,0.0,0.0,0.0,894.0,81.0,3.0,9.1410432e+07,1.168310272e+09,2146.35,26.0,109506.0,0.0,109506.0,109506.0,11.0,0.0,0.0
2026-03-30 20:56:37,224,302075.0,28259.0,847.0,0.0,0.0,0.0,895.0,81.0,3.0,9.1410432e+07,1.168310272e+09,2148.51,26.0,109607.0,0.0,109607.0,109607.0,11.0,0.0,0.0
2026-03-30 20:56:50,224,302075.0,28259.0,847.0,0.0,0.0,0.0,895.0,81.0,3.0,9.1410432e+07,1.168310272e+09,2150.6,26.0,109706.0,0.0,109706.0,109706.0,11.0,0.0,0.0
2026-03-30 20:57:02,224,302579.0,28259.0,847.0,0.0,0.0,0.0,896.0,81.0,3.0,9.1410432e+07,1.168310272e+09,2152.63,26.0,109806.0,0.0,109806.0,109806.0,11.0,0.0,0.0
2026-03-30 20:57:14,224,303080.0,28259.0,847.0,0.0,0.0,0.0,897.0,81.0,3.0,9.1410432e+07,1.168310272e+09,2154.7599999999998,26.0,109906.0,0.0,109906.0,109906.0,11.0,0.0,0.0
2026-03-30 20:57:27,225,303080.0,28259.0,847.0,0.0,0.0,0.0,897.0,81.0,3.0,9.1410432e+07,1.168310272e+09,2156.76,26.0,110007.0,0.0,110007.0,110007.0,11.0,0.0,0.0
2026-03-30 20:57:39,225,303584.0,28259.0,847.0,0.0,0.0,0.0,898.0,81.0,3.0,9.1410432e+07,1.168310272e+09,2158.83,29.0,110107.0,0.0,110106.0,110106.0,11.0,0.0,0.0
2026-03-30 20:57:52,225,303584.0,28259.0,847.0,0.0,0.0,0.0,898.0,81.0,3.0,9.1410432e+07,1.168310272e+09,2160.96,26.0,110207.0,0.0,110207.0,110207.0,11.0,0.0,0.0
2026-03-30 20:58:04,225,304088.0,28259.0,847.0,0.0,0.0,0.0,899.0,81.0,3.0,9.1410432e+07,1.168310272e+09,2162.9700000000003,26.0,110307.0,0.0,110307.0,110307.0,11.0,0.0,0.0
2026-03-30 20:58:16,225,304592.0,28259.0,847.0,0.0,0.0,0.0,900.0,81.0,3.0,9.1410432e+07,1.168310272e+09,2164.96,29.0,110407.0,0.0,110406.0,110406.0,11.0,0.0,0.0
2026-03-30 20:58:28,226,304592.0,28259.0,847.0,0.0,0.0,0.0,900.0,81.0,3.0,9.1410432e+07,1.168310272e+09,2166.93,29.0,110507.0,0.0,110506.0,110506.0,11.0,0.0,0.0
2026-03-30 20:58:41,226,304922.0,28259.0,847.0,0.0,0.0,0.0,901.0,81.0,3.0,9.1410432e+07,1.168310272e+09,2168.9,26.0,110607.0,0.0,110607.0,110607.0,11.0,0.0,0.0
2026-03-30 20:58:53,226,305426.0,28259.0,847.0,0.0,0.0,0.0,902.0,81.0,3.0,9.1410432e+07,1.168310272e+09,2171.05,26.0,110708.0,0.0,110708.0,110708.0,11.0,0.0,0.0
2026-03-30 20:59:06,226,305426.0,28259.0,847.0,0.0,0.0,0.0,902.0,81.0,3.0,9.1410432e+07,1.168310272e+09,2173.11,26.0,110806.0,0.0,110806.0,110806.0,11.0,0.0,0.0
2026-03-30 20:59:18,226,305426.0,28763.0,847.0,0.0,0.0,0.0,902.0,82.0,3.0,9.1410432e+07,1.168310272e+09,2175.03,26.0,110904.0,0.0,110904.0,110904.0,11.0,0.0,0.0
2026-03-30 20:59:30,227,305426.0,28763.0,847.0,0.0,0.0,0.0,902.0,82.0,3.0,9.1410432e+07,1.168310272e+09,2177.1,26.0,111002.0,0.0,111002.0,111002.0,11.0,0.0,0.0
2026-03-30 20:59:42,227,305930.0,28763.0,847.0,0.0,0.0,0.0,903.0,82.0,3.0,9.1410432e+07,1.168310272e+09,2179.17,29.0,111101.0,0.0,111100.0,111100.0,11.0,0.0,0.0
2026-03-30 20:59:54,227,306200.0,28763.0,847.0,0.0,0.0,0.0,904.0,82.0,3.0,9.1410432e+07,1.168310272e+09,2181.08,26.0,111200.0,0.0,111200.0,111200.0,11.0,0.0,0.0
2026-03-30 21:00:07,227,306704.0,28763.0,847.0,0.0,0.0,0.0,905.0,82.0,3.0,9.1410432e+07,1.168310272e+09,2183.06,26.0,111299.0,0.0,111299.0,111299.0,11.0,0.0,0.0
2026-03-30 21:00:19,227,306704.0,28763.0,847.0,0.0,0.0,0.0,905.0,82.0,3.0,9.1410432e+07,1.168310272e+09,2185.17,26.0,111397.0,0.0,111397.0,111397.0,11.0,0.0,0.0
2026-03-30 21:00:31,228,307208.0,28763.0,847.0,0.0,0.0,0.0,906.0,82.0,3.0,9.1410432e+07,1.168310272e+09,2187.17,26.0,111496.0,0.0,111496.0,111496.0,11.0,0.0,0.0
2026-03-30 21:00:44,228,307208.0,28763.0,847.0,0.0,0.0,0.0,906.0,82.0,3.0,9.1410432e+07,1.168310272e+09,2189.25,26.0,111596.0,0.0,111596.0,111596.0,11.0,0.0,0.0
2026-03-30 21:00:56,228,307709.0,28763.0,847.0,0.0,0.0,0.0,907.0,82.0,3.0,9.1410432e+07,1.168310272e+09,2191.4,26.0,111695.0,0.0,111695.0,111695.0,11.0,0.0,0.0
2026-03-30 21:01:08,228,308210.0,28763.0,847.0,0.0,0.0,0.0,908.0,82.0,3.0,9.1410432e+07,1.168310272e+09,2193.36,26.0,111796.0,0.0,111796.0,111796.0,11.0,0.0,0.0
2026-03-30 21:01:21,228,308210.0,28763.0,847.0,0.0,0.0,0.0,908.0,82.0,3.0,9.1410432e+07,1.168310272e+09,2195.35,26.0,111894.0,0.0,111894.0,111894.0,11.0,0.0,0.0
2026-03-30 21:01:33,229,308714.0,28763.0,847.0,0.0,0.0,0.0,909.0,82.0,3.0,9.1410432e+07,1.168310272e+09,2197.4,26.0,111994.0,0.0,111994.0,111994.0,11.0,0.0,0.0
2026-03-30 21:01:45,229,308714.0,28763.0,847.0,0.0,0.0,0.0,909.0,82.0,3.0,9.1410432e+07,1.168310272e+09,2199.35,26.0,112092.0,0.0,112092.0,112092.0,11.0,0.0,0.0
2026-03-30 21:01:57,229,309218.0,28763.0,847.0,0.0,0.0,0.0,910.0,82.0,3.0,9.1410432e+07,1.168310272e+09,2201.4399999999996,26.0,112193.0,0.0,112193.0,112193.0,11.0,0.0,0.0
2026-03-30 21:02:10,229,309722.0,28763.0,847.0,0.0,0.0,0.0,911.0,82.0,3.0,9.1410432e+07,1.168310272e+09,2203.63,26.0,112292.0,0.0,112292.0,112292.0,11.0,0.0,0.0
2026-03-30 21:02:22,229,309722.0,28763.0,847.0,0.0,0.0,0.0,911.0,82.0,3.0,9.1410432e+07,1.168310272e+09,2205.5,26.0,112391.0,0.0,112391.0,112391.0,11.0,0.0,0.0
2026-03-30 21:02:34,230,310226.0,28763.0,847.0,0.0,0.0,0.0,912.0,82.0,3.0,9.1410432e+07,1.168310272e+09,2207.5099999999998,26.0,112491.0,0.0,112491.0,112491.0,11.0,0.0,0.0
2026-03-30 21:02:46,230,310226.0,28763.0,847.0,0.0,0.0,0.0,912.0,82.0,3.0,9.1410432e+07,1.168310272e+09,2209.45,29.0,112590.0,0.0,112590.0,112590.0,11.0,0.0,0.0
2026-03-30 21:02:58,230,310670.0,28763.0,847.0,0.0,0.0,0.0,913.0,82.0,3.0,9.1410432e+07,1.168310272e+09,2211.47,26.0,112688.0,0.0,112688.0,112688.0,11.0,0.0,0.0
2026-03-30 21:03:11,230,310670.0,29264.0,847.0,0.0,0.0,0.0,913.0,83.0,3.0,9.1410432e+07,1.168310272e+09,2213.51,28.0,112789.0,0.0,112789.0,112789.0,11.0,0.0,0.0
2026-03-30 21:03:23,230,310670.0,29264.0,847.0,0.0,0.0,0.0,913.0,83.0,3.0,9.1410432e+07,1.168310272e+09,2215.78,26.0,112890.0,0.0,112890.0,112890.0,11.0,0.0,0.0
2026-03-30 21:03:36,231,311174.0,29264.0,847.0,0.0,0.0,0.0,914.0,83.0,3.0,9.1410432e+07,1.168310272e+09,2217.96,26.0,112992.0,0.0,112992.0,112992.0,11.0,0.0,0.0
2026-03-30 21:03:48,231,311174.0,29264.0,847.0,0.0,0.0,0.0,914.0,83.0,3.0,9.1410432e+07,1.168310272e+09,2220.0,26.0,113092.0,0.0,113092.0,113092.0,11.0,0.0,0.0
2026-03-30 21:04:00,231,311675.0,29264.0,847.0,0.0,0.0,0.0,915.0,83.0,3.0,9.1410432e+07,1.168310272e+09,2222.27,27.0,113194.0,0.0,113193.0,113193.0,11.0,0.0,0.0
2026-03-30 21:04:13,231,312176.0,29264.0,847.0,0.0,0.0,0.0,916.0,83.0,3.0,9.1410432e+07,1.168310272e+09,2224.39,26.0,113294.0,0.0,113294.0,113294.0,11.0,0.0,0.0
2026-03-30 21:04:25,232,312176.0,29264.0,847.0,0.0,0.0,0.0,916.0,83.0,3.0,9.1410432e+07,1.168310272e+09,2226.3399999999997,26.0,113395.0,0.0,113395.0,113395.0,11.0,0.0,0.0
2026-03-30 21:04:37,232,312680.0,29264.0,847.0,0.0,0.0,0.0,917.0,83.0,3.0,9.1410432e+07,1.168310272e+09,2228.51,29.0,113497.0,0.0,113496.0,113496.0,11.0,0.0,0.0
2026-03-30 21:04:50,232,313184.0,29264.0,847.0,0.0,0.0,0.0,918.0,83.0,3.0,9.1410432e+07,1.168310272e+09,2230.86,26.0,113598.0,0.0,113598.0,113598.0,11.0,0.0,0.0
2026-03-30 21:05:03,232,313184.0,29264.0,847.0,0.0,0.0,0.0,918.0,83.0,3.0,9.1410432e+07,1.168310272e+09,2232.8399999999997,26.0,113698.0,0.0,113698.0,113698.0,11.0,0.0,0.0
2026-03-30 21:05:15,232,313688.0,29264.0,847.0,0.0,0.0,0.0,919.0,83.0,3.0,9.1410432e+07,1.168310272e+09,2234.85,26.0,113798.0,0.0,113798.0,113798.0,11.0,0.0,0.0
2026-03-30 21:05:27,233,313688.0,29264.0,847.0,0.0,0.0,0.0,919.0,83.0,3.0,9.1410432e+07,1.168310272e+09,2236.74,26.0,113897.0,0.0,113897.0,113897.0,11.0,0.0,0.0
2026-03-30 21:05:39,233,314192.0,29264.0,847.0,0.0,0.0,0.0,920.0,83.0,3.0,9.1410432e+07,1.168310272e+09,2238.75,26.0,113998.0,0.0,113998.0,113998.0,11.0,0.0,0.0
2026-03-30 21:05:52,233,314696.0,29264.0,847.0,0.0,0.0,0.0,921.0,83.0,3.0,9.1410432e+07,1.168310272e+09,2240.95,26.0,114101.0,0.0,114101.0,114101.0,11.0,0.0,0.0
2026-03-30 21:06:04,233,314696.0,29264.0,847.0,0.0,0.0,0.0,921.0,83.0,3.0,9.1410432e+07,1.168310272e+09,2242.92,26.0,114200.0,0.0,114200.0,114200.0,11.0,0.0,0.0
2026-03-30 21:06:17,233,315200.0,29264.0,847.0,0.0,0.0,0.0,922.0,83.0,3.0,9.1410432e+07,1.168310272e+09,2245.05,26.0,114300.0,0.0,114300.0,114300.0,11.0,0.0,0.0
2026-03-30 21:06:29,234,315200.0,29264.0,847.0,0.0,0.0,0.0,922.0,83.0,3.0,9.1410432e+07,1.168310272e+09,2247.0299999999997,26.0,114400.0,0.0,114400.0,114400.0,11.0,0.0,0.0
2026-03-30 21:06:41,234,315704.0,29264.0,847.0,0.0,0.0,0.0,923.0,83.0,3.0,9.1410432e+07,1.168310272e+09,2249.21,26.0,114504.0,0.0,114504.0,114504.0,11.0,0.0,0.0
2026-03-30 21:06:54,234,316205.0,29264.0,847.0,0.0,0.0,0.0,924.0,83.0,3.0,9.1410432e+07,1.168310272e+09,2251.23,29.0,114604.0,0.0,114603.0,114603.0,11.0,0.0,0.0
2026-03-30 21:07:06,234,316205.0,29264.0,847.0,0.0,0.0,0.0,924.0,83.0,3.0,9.1410432e+07,1.168310272e+09,2253.19,26.0,114703.0,0.0,114703.0,114703.0,11.0,0.0,0.0
2026-03-30 21:07:19,234,316205.0,29768.0,847.0,0.0,0.0,0.0,924.0,84.0,3.0,9.1410432e+07,1.168310272e+09,2255.25,26.0,114804.0,0.0,114804.0,114804.0,11.0,0.0,0.0
2026-03-30 21:07:31,235,316205.0,29768.0,847.0,0.0,0.0,0.0,924.0,84.0,3.0,9.1410432e+07,1.168310272e+09,2257.39,26.0,114905.0,0.0,114905.0,114905.0,11.0,0.0,0.0
2026-03-30 21:07:43,235,316709.0,29768.0,847.0,0.0,0.0,0.0,925.0,84.0,3.0,9.1410432e+07,1.168310272e+09,2259.45,27.0,115007.0,0.0,115006.0,115006.0,11.0,0.0,0.0
2026-03-30 21:07:56,235,316709.0,29768.0,847.0,0.0,0.0,0.0,925.0,84.0,3.0,9.1410432e+07,1.168310272e+09,2261.3900000000003,27.0,115105.0,0.0,115105.0,115105.0,11.0,0.0,0.0
2026-03-30 21:08:08,235,317210.0,29768.0,847.0,0.0,0.0,0.0,926.0,84.0,3.0,9.1410432e+07,1.168310272e+09,2263.39,26.0,115205.0,0.0,115205.0,115205.0,11.0,0.0,0.0
2026-03-30 21:08:20,235,317711.0,29768.0,847.0,0.0,0.0,0.0,927.0,84.0,3.0,9.1410432e+07,1.168310272e+09,2265.5,26.0,115305.0,0.0,115305.0,115305.0,11.0,0.0,0.0
2026-03-30 21:08:32,236,317711.0,29768.0,847.0,0.0,0.0,0.0,927.0,84.0,3.0,9.1410432e+07,1.168310272e+09,2267.5600000000004,26.0,115403.0,0.0,115403.0,115403.0,11.0,0.0,0.0
2026-03-30 21:08:45,236,318215.0,29768.0,847.0,0.0,0.0,0.0,928.0,84.0,3.0,9.127936e+07,1.168310272e+09,2269.5,26.0,115501.0,0.0,115501.0,115501.0,11.0,0.0,0.0
2026-03-30 21:08:57,236,318215.0,29768.0,847.0,0.0,0.0,0.0,928.0,84.0,3.0,9.127936e+07,1.168310272e+09,2271.63,26.0,115601.0,0.0,115601.0,115601.0,11.0,0.0,0.0
2026-03-30 21:09:09,236,318719.0,29768.0,847.0,0.0,0.0,0.0,929.0,84.0,3.0,9.127936e+07,1.168310272e+09,2273.7700000000004,29.0,115701.0,0.0,115700.0,115700.0,11.0,0.0,0.0
2026-03-30 21:09:21,236,318995.0,29768.0,847.0,0.0,0.0,0.0,930.0,84.0,3.0,9.127936e+07,1.168310272e+09,2275.6600000000003,26.0,115800.0,0.0,115800.0,115800.0,11.0,0.0,0.0
2026-03-30 21:09:34,237,319499.0,29768.0,847.0,0.0,0.0,0.0,931.0,84.0,3.0,9.127936e+07,1.168310272e+09,2277.6499999999996,26.0,115900.0,0.0,115900.0,115900.0,11.0,0.0,0.0
2026-03-30 21:09:46,237,319499.0,29768.0,847.0,0.0,0.0,0.0,931.0,84.0,3.0,9.127936e+07,1.168310272e+09,2279.63,26.0,115998.0,0.0,115998.0,115998.0,11.0,0.0,0.0
2026-03-30 21:09:58,237,320003.0,29768.0,847.0,0.0,0.0,0.0,932.0,84.0,3.0,9.127936e+07,1.168310272e+09,2281.5299999999997,26.0,116097.0,0.0,116097.0,116097.0,11.0,0.0,0.0
2026-03-30 21:10:11,237,320003.0,29768.0,847.0,0.0,0.0,0.0,932.0,84.0,3.0,9.127936e+07,1.168310272e+09,2283.67,26.0,116195.0,0.0,116195.0,116195.0,11.0,0.0,0.0
2026-03-30 21:10:23,237,320507.0,29768.0,847.0,0.0,0.0,0.0,933.0,84.0,3.0,9.127936e+07,1.168310272e+09,2286.04,29.0,116296.0,0.0,116295.0,116295.0,11.0,0.0,0.0
2026-03-30 21:10:35,238,320780.0,29768.0,847.0,0.0,0.0,0.0,934.0,84.0,3.0,9.127936e+07,1.168310272e+09,2288.33,26.0,116396.0,0.0,116396.0,116396.0,11.0,0.0,0.0
2026-03-30 21:10:48,238,321284.0,29768.0,847.0,0.0,0.0,0.0,935.0,84.0,3.0,9.127936e+07,1.168310272e+09,2290.28,27.0,116495.0,0.0,116494.0,116494.0,11.0,0.0,0.0
2026-03-30 21:11:00,238,321284.0,29768.0,847.0,0.0,0.0,0.0,935.0,84.0,3.0,9.127936e+07,1.168310272e+09,2292.46,26.0,116596.0,0.0,116596.0,116596.0,11.0,0.0,0.0
2026-03-30 21:11:12,238,321284.0,30272.0,847.0,0.0,0.0,0.0,935.0,85.0,3.0,9.127936e+07,1.168310272e+09,2294.61,26.0,116696.0,0.0,116696.0,116696.0,11.0,0.0,0.0
2026-03-30 21:11:25,239,321776.0,30272.0,847.0,0.0,0.0,0.0,936.0,85.0,3.0,9.127936e+07,1.168310272e+09,2296.66,27.0,116796.0,0.0,116796.0,116796.0,11.0,0.0,0.0
2026-03-30 21:11:37,239,321776.0,30272.0,847.0,0.0,0.0,0.0,936.0,85.0,3.0,9.127936e+07,1.168310272e+09,2298.63,27.0,116896.0,0.0,116896.0,116896.0,11.0,0.0,0.0
2026-03-30 21:11:49,239,322280.0,30272.0,847.0,0.0,0.0,0.0,937.0,85.0,3.0,9.127936e+07,1.168310272e+09,2300.64,26.0,116995.0,0.0,116995.0,116995.0,11.0,0.0,0.0
2026-03-30 21:12:02,239,322280.0,30272.0,847.0,0.0,0.0,0.0,937.0,85.0,3.0,9.127936e+07,1.168310272e+09,2302.58,26.0,117095.0,0.0,117095.0,117095.0,11.0,0.0,0.0
2026-03-30 21:12:14,239,322784.0,30272.0,847.0,0.0,0.0,0.0,938.0,85.0,3.0,9.127936e+07,1.168310272e+09,2304.69,26.0,117194.0,0.0,117194.0,117194.0,11.0,0.0,0.0
2026-03-30 21:12:26,240,322784.0,30272.0,847.0,0.0,0.0,0.0,938.0,85.0,3.0,9.127936e+07,1.168310272e+09,2306.9399999999996,26.0,117294.0,0.0,117294.0,117294.0,11.0,0.0,0.0
2026-03-30 21:12:39,240,323273.0,30272.0,847.0,0.0,0.0,0.0,939.0,85.0,3.0,9.127936e+07,1.168310272e+09,2308.9500000000003,26.0,117395.0,0.0,117395.0,117395.0,11.0,0.0,0.0
2026-03-30 21:12:51,240,323774.0,30272.0,847.0,0.0,0.0,0.0,940.0,85.0,3.0,9.127936e+07,1.168310272e+09,2311.01,27.0,117494.0,0.0,117494.0,117494.0,11.0,0.0,0.0
2026-03-30 21:13:03,240,323774.0,30272.0,847.0,0.0,0.0,0.0,940.0,85.0,3.0,9.127936e+07,1.168310272e+09,2313.14,26.0,117596.0,0.0,117596.0,117596.0,11.0,0.0,0.0
2026-03-30 21:13:16,240,324278.0,30272.0,847.0,0.0,0.0,0.0,941.0,85.0,3.0,9.127936e+07,1.168310272e+09,2315.24,26.0,117695.0,0.0,117695.0,117695.0,11.0,0.0,0.0
2026-03-30 21:13:28,241,324278.0,30272.0,847.0,0.0,0.0,0.0,941.0,85.0,3.0,9.127936e+07,1.168310272e+09,2317.2200000000003,26.0,117795.0,0.0,117795.0,117795.0,11.0,0.0,0.0
2026-03-30 21:13:40,241,324776.0,30272.0,847.0,0.0,0.0,0.0,942.0,85.0,3.0,9.127936e+07,1.168310272e+09,2319.36,26.0,117896.0,0.0,117896.0,117896.0,11.0,0.0,0.0
2026-03-30 21:13:53,241,324776.0,30272.0,847.0,0.0,0.0,0.0,942.0,85.0,3.0,9.127936e+07,1.168310272e+09,2319.82,26.0,117916.0,0.0,117916.0,117916.0,11.0,0.0,0.0
2026-03-30 21:14:05,241,325277.0,30272.0,847.0,0.0,0.0,0.0,943.0,85.0,3.0,9.127936e+07,1.168310272e+09,2321.8,26.0,118017.0,0.0,118017.0,118017.0,11.0,0.0,0.0
2026-03-30 21:14:18,241,325277.0,30272.0,847.0,0.0,0.0,0.0,943.0,85.0,3.0,9.127936e+07,1.168310272e+09,2323.8399999999997,26.0,118117.0,0.0,118117.0,118117.0,11.0,0.0,0.0
2026-03-30 21:14:30,242,325781.0,30272.0,847.0,0.0,0.0,0.0,944.0,85.0,3.0,9.127936e+07,1.168310272e+09,2325.73,26.0,118217.0,0.0,118217.0,118217.0,11.0,0.0,0.0
2026-03-30 21:14:42,242,326285.0,30272.0,847.0,0.0,0.0,0.0,945.0,85.0,3.0,9.127936e+07,1.168310272e+09,2327.6400000000003,26.0,118318.0,0.0,118318.0,118318.0,11.0,0.0,0.0
2026-03-30 21:14:54,242,326285.0,30272.0,847.0,0.0,0.0,0.0,945.0,85.0,3.0,9.127936e+07,1.168310272e+09,2329.75,26.0,118418.0,0.0,118418.0,118418.0,11.0,0.0,0.0
2026-03-30 21:15:07,242,326786.0,30272.0,847.0,0.0,0.0,0.0,946.0,85.0,3.0,9.127936e+07,1.168310272e+09,2331.79,26.0,118519.0,0.0,118519.0,118519.0,11.0,0.0,0.0
2026-03-30 21:15:19,242,326786.0,30272.0,847.0,0.0,0.0,0.0,946.0,85.0,3.0,9.127936e+07,1.168310272e+09,2333.78,26.0,118619.0,0.0,118619.0,118619.0,11.0,0.0,0.0
2026-03-30 21:15:32,243,326786.0,30773.0,847.0,0.0,0.0,0.0,946.0,86.0,3.0,9.127936e+07,1.168310272e+09,2335.77,26.0,118720.0,0.0,118720.0,118720.0,11.0,0.0,0.0
2026-03-30 21:15:44,243,327290.0,30773.0,847.0,0.0,0.0,0.0,947.0,86.0,3.0,9.127936e+07,1.168310272e+09,2337.82,27.0,118821.0,0.0,118820.0,118820.0,11.0,0.0,0.0
2026-03-30 21:15:56,243,327290.0,30773.0,847.0,0.0,0.0,0.0,947.0,86.0,3.0,9.127936e+07,1.168310272e+09,2339.85,26.0,118920.0,0.0,118920.0,118920.0,11.0,0.0,0.0
2026-03-30 21:16:09,243,327794.0,30773.0,847.0,0.0,0.0,0.0,948.0,86.0,3.0,9.127936e+07,1.168310272e+09,2341.9,26.0,119020.0,0.0,119020.0,119020.0,11.0,0.0,0.0
2026-03-30 21:16:21,243,327794.0,30773.0,847.0,0.0,0.0,0.0,948.0,86.0,3.0,9.1017216e+07,1.168310272e+09,2344.05,26.0,119119.0,0.0,119119.0,119119.0,11.0,0.0,0.0
2026-03-30 21:16:33,244,328298.0,30773.0,847.0,0.0,0.0,0.0,949.0,86.0,3.0,9.1017216e+07,1.168310272e+09,2346.05,26.0,119218.0,0.0,119218.0,119218.0,11.0,0.0,0.0
2026-03-30 21:16:46,244,328802.0,30773.0,847.0,0.0,0.0,0.0,950.0,86.0,3.0,9.1017216e+07,1.168310272e+09,2348.01,26.0,119318.0,0.0,119318.0,119318.0,11.0,0.0,0.0
2026-03-30 21:16:58,244,328802.0,30773.0,847.0,0.0,0.0,0.0,950.0,86.0,3.0,9.1017216e+07,1.168310272e+09,2350.09,26.0,119418.0,0.0,119418.0,119418.0,11.0,0.0,0.0
2026-03-30 21:17:10,244,329306.0,30773.0,847.0,0.0,0.0,0.0,951.0,86.0,3.0,9.1017216e+07,1.168310272e+09,2352.2,26.0,119518.0,0.0,119518.0,119518.0,11.0,0.0,0.0
2026-03-30 21:17:22,244,329306.0,30773.0,847.0,0.0,0.0,0.0,951.0,86.0,3.0,9.1017216e+07,1.168310272e+09,2354.1299999999997,26.0,119617.0,0.0,119617.0,119617.0,11.0,0.0,0.0
2026-03-30 21:17:35,245,329810.0,30773.0,847.0,0.0,0.0,0.0,952.0,86.0,3.0,9.1017216e+07,1.168310272e+09,2356.2599999999998,26.0,119717.0,0.0,119717.0,119717.0,11.0,0.0,0.0
2026-03-30 21:17:47,245,330314.0,30773.0,847.0,0.0,0.0,0.0,953.0,86.0,3.0,9.1017216e+07,1.168310272e+09,2358.1499999999996,26.0,119817.0,0.0,119817.0,119817.0,11.0,0.0,0.0
2026-03-30 21:17:59,245,330314.0,30773.0,847.0,0.0,0.0,0.0,953.0,86.0,3.0,9.1017216e+07,1.168310272e+09,2360.26,26.0,119916.0,0.0,119916.0,119916.0,11.0,0.0,0.0
2026-03-30 21:18:11,245,330818.0,30773.0,847.0,0.0,0.0,0.0,954.0,86.0,3.0,9.1017216e+07,1.168310272e+09,2362.34,26.0,120016.0,0.0,120016.0,120016.0,11.0,0.0,0.0
2026-03-30 21:18:24,245,330818.0,30773.0,847.0,0.0,0.0,0.0,954.0,86.0,3.0,9.1017216e+07,1.168310272e+09,2364.4500000000003,26.0,120116.0,0.0,120116.0,120116.0,11.0,0.0,0.0
2026-03-30 21:18:36,246,331319.0,30773.0,847.0,0.0,0.0,0.0,955.0,86.0,3.0,9.1017216e+07,1.168310272e+09,2366.37,26.0,120215.0,0.0,120215.0,120215.0,11.0,0.0,0.0
2026-03-30 21:18:48,246,331820.0,30773.0,847.0,0.0,0.0,0.0,956.0,86.0,3.0,9.1017216e+07,1.168310272e+09,2368.33,26.0,120314.0,0.0,120314.0,120314.0,11.0,0.0,0.0
2026-03-30 21:19:01,246,331820.0,30773.0,847.0,0.0,0.0,0.0,956.0,86.0,3.0,9.1017216e+07,1.168310272e+09,2370.4300000000003,26.0,120415.0,0.0,120415.0,120415.0,11.0,0.0,0.0
2026-03-30 21:19:13,246,332324.0,30773.0,847.0,0.0,0.0,0.0,957.0,86.0,3.0,9.1017216e+07,1.168310272e+09,2372.42,26.0,120515.0,0.0,120515.0,120515.0,11.0,0.0,0.0
2026-03-30 21:19:25,247,332324.0,30773.0,847.0,0.0,0.0,0.0,957.0,86.0,3.0,9.1017216e+07,1.168310272e+09,2374.3900000000003,26.0,120615.0,0.0,120615.0,120615.0,11.0,0.0,0.0
2026-03-30 21:19:38,247,332324.0,31277.0,847.0,0.0,0.0,0.0,957.0,87.0,3.0,9.1017216e+07,1.168310272e+09,2376.6099999999997,26.0,120716.0,0.0,120716.0,120716.0,11.0,0.0,0.0
2026-03-30 21:19:50,247,332828.0,31277.0,847.0,0.0,0.0,0.0,958.0,87.0,3.0,9.1017216e+07,1.168310272e+09,2378.61,29.0,120817.0,0.0,120816.0,120816.0,11.0,0.0,0.0
2026-03-30 21:20:03,247,332828.0,31277.0,847.0,0.0,0.0,0.0,958.0,87.0,3.0,9.1017216e+07,1.168310272e+09,2380.66,26.0,120919.0,0.0,120919.0,120919.0,11.0,0.0,0.0
2026-03-30 21:20:15,247,333332.0,31277.0,847.0,0.0,0.0,0.0,959.0,87.0,3.0,9.1017216e+07,1.168310272e+09,2382.8599999999997,29.0,121020.0,0.0,121019.0,121019.0,11.0,0.0,0.0
2026-03-30 21:20:27,248,333332.0,31277.0,847.0,0.0,0.0,0.0,959.0,87.0,3.0,9.1017216e+07,1.168310272e+09,2384.77,26.0,121118.0,0.0,121118.0,121118.0,11.0,0.0,0.0
2026-03-30 21:20:40,248,333833.0,31277.0,847.0,0.0,0.0,0.0,960.0,87.0,3.0,9.0492928e+07,1.168310272e+09,2386.73,27.0,121217.0,0.0,121216.0,121216.0,11.0,0.0,0.0
2026-03-30 21:20:52,248,333833.0,31277.0,847.0,0.0,0.0,0.0,960.0,87.0,3.0,9.0492928e+07,1.168310272e+09,2388.67,26.0,121317.0,0.0,121317.0,121317.0,11.0,0.0,0.0
2026-03-30 21:21:04,248,334337.0,31277.0,847.0,0.0,0.0,0.0,961.0,87.0,3.0,9.0492928e+07,1.168310272e+09,2390.6,29.0,121417.0,0.0,121416.0,121416.0,11.0,0.0,0.0
2026-03-30 21:21:16,248,334634.0,31277.0,847.0,0.0,0.0,0.0,962.0,87.0,3.0,9.0492928e+07,1.168310272e+09,2392.75,26.0,121517.0,0.0,121517.0,121517.0,11.0,0.0,0.0
2026-03-30 21:21:29,249,335138.0,31277.0,847.0,0.0,0.0,0.0,963.0,87.0,3.0,9.0492928e+07,1.168310272e+09,2394.87,26.0,121617.0,0.0,121617.0,121617.0,11.0,0.0,0.0
2026-03-30 21:21:41,249,335138.0,31277.0,847.0,0.0,0.0,0.0,963.0,87.0,3.0,9.0492928e+07,1.168310272e+09,2396.84,26.0,121717.0,0.0,121717.0,121717.0,11.0,0.0,0.0
2026-03-30 21:21:53,249,335639.0,31277.0,847.0,0.0,0.0,0.0,964.0,87.0,3.0,9.0492928e+07,1.168310272e+09,2398.94,26.0,121819.0,0.0,121819.0,121819.0,11.0,0.0,0.0
2026-03-30 21:22:06,249,335639.0,31277.0,847.0,0.0,0.0,0.0,964.0,87.0,3.0,9.0361856e+07,1.168310272e+09,2401.02,27.0,121919.0,0.0,121918.0,121918.0,11.0,0.0,0.0
2026-03-30 21:22:18,249,336140.0,31277.0,847.0,0.0,0.0,0.0,965.0,87.0,3.0,9.0361856e+07,1.168310272e+09,2402.8900000000003,26.0,122017.0,0.0,122017.0,122017.0,11.0,0.0,0.0
2026-03-30 21:22:30,250,336644.0,31277.0,847.0,0.0,0.0,0.0,966.0,87.0,3.0,9.0361856e+07,1.168310272e+09,2404.78,26.0,122117.0,0.0,122117.0,122117.0,11.0,0.0,0.0
2026-03-30 21:22:43,250,336644.0,31277.0,847.0,0.0,0.0,0.0,966.0,87.0,3.0,9.0361856e+07,1.168310272e+09,2406.85,29.0,122218.0,0.0,122217.0,122217.0,11.0,0.0,0.0
2026-03-30 21:22:55,250,337037.0,31277.0,847.0,0.0,0.0,0.0,967.0,87.0,3.0,9.0361856e+07,1.168310272e+09,2408.8900000000003,26.0,122318.0,0.0,122318.0,122318.0,11.0,0.0,0.0
2026-03-30 21:23:07,250,337541.0,31277.0,847.0,0.0,0.0,0.0,968.0,87.0,3.0,9.0361856e+07,1.168310272e+09,2410.9100000000003,29.0,122418.0,0.0,122417.0,122417.0,11.0,0.0,0.0
2026-03-30 21:23:20,250,337541.0,31277.0,847.0,0.0,0.0,0.0,968.0,87.0,3.0,9.0361856e+07,1.168310272e+09,2412.85,26.0,122518.0,0.0,122518.0,122518.0,11.0,0.0,0.0
2026-03-30 21:23:32,251,337541.0,31781.0,847.0,0.0,0.0,0.0,968.0,88.0,3.0,9.0361856e+07,1.168310272e+09,2414.98,28.0,122620.0,0.0,122619.0,122619.0,11.0,0.0,0.0
2026-03-30 21:23:44,251,337541.0,31781.0,847.0,0.0,0.0,0.0,968.0,88.0,3.0,9.0361856e+07,1.168310272e+09,2417.08,26.0,122721.0,0.0,122721.0,122721.0,11.0,0.0,0.0
2026-03-30 21:23:57,251,338045.0,31781.0,847.0,0.0,0.0,0.0,969.0,88.0,3.0,9.0361856e+07,1.168310272e+09,2419.16,26.0,122821.0,0.0,122821.0,122821.0,11.0,0.0,0.0
2026-03-30 21:24:09,251,338546.0,31781.0,847.0,0.0,0.0,0.0,970.0,88.0,3.0,9.0361856e+07,1.168310272e+09,2421.39,26.0,122923.0,0.0,122923.0,122923.0,11.0,0.0,0.0
2026-03-30 21:24:21,251,338546.0,31781.0,847.0,0.0,0.0,0.0,970.0,88.0,3.0,9.0230784e+07,1.168310272e+09,2423.55,26.0,123025.0,0.0,123025.0,123025.0,11.0,0.0,0.0
2026-03-30 21:24:34,252,339050.0,31781.0,847.0,0.0,0.0,0.0,971.0,88.0,3.0,9.0230784e+07,1.168310272e+09,2425.6200000000003,26.0,123125.0,0.0,123125.0,123125.0,11.0,0.0,0.0
2026-03-30 21:24:46,252,339551.0,31781.0,847.0,0.0,0.0,0.0,972.0,88.0,3.0,9.0230784e+07,1.168310272e+09,2427.59,26.0,123225.0,0.0,123225.0,123225.0,11.0,0.0,0.0
2026-03-30 21:24:58,252,339551.0,31781.0,847.0,0.0,0.0,0.0,972.0,88.0,3.0,9.0230784e+07,1.168310272e+09,2429.6,26.0,123327.0,0.0,123327.0,123327.0,11.0,0.0,0.0
2026-03-30 21:25:11,252,340055.0,31781.0,847.0,0.0,0.0,0.0,973.0,88.0,3.0,9.0230784e+07,1.168310272e+09,2431.71,29.0,123429.0,0.0,123428.0,123428.0,11.0,0.0,0.0
2026-03-30 21:25:24,252,340055.0,31781.0,847.0,0.0,0.0,0.0,973.0,88.0,3.0,9.0230784e+07,1.168310272e+09,2433.64,26.0,123529.0,0.0,123529.0,123529.0,11.0,0.0,0.0
2026-03-30 21:25:36,253,340556.0,31781.0,847.0,0.0,0.0,0.0,974.0,88.0,3.0,8.9837568e+07,1.168310272e+09,2435.6400000000003,29.0,123629.0,0.0,123628.0,123628.0,11.0,0.0,0.0
2026-03-30 21:25:48,253,341060.0,31781.0,847.0,0.0,0.0,0.0,975.0,88.0,3.0,8.9837568e+07,1.168310272e+09,2437.7000000000003,26.0,123727.0,0.0,123727.0,123727.0,11.0,0.0,0.0
2026-03-30 21:26:00,253,341060.0,31781.0,847.0,0.0,0.0,0.0,975.0,88.0,3.0,8.9837568e+07,1.168310272e+09,2439.72,26.0,123826.0,0.0,123826.0,123826.0,11.0,0.0,0.0
2026-03-30 21:26:13,253,341561.0,31781.0,847.0,0.0,0.0,0.0,976.0,88.0,3.0,8.9837568e+07,1.168310272e+09,2441.98,26.0,123925.0,0.0,123925.0,123925.0,11.0,0.0,0.0
2026-03-30 21:26:25,254,341561.0,31781.0,847.0,0.0,0.0,0.0,976.0,88.0,3.0,8.9837568e+07,1.168310272e+09,2444.13,29.0,124025.0,0.0,124024.0,124024.0,11.0,0.0,0.0
2026-03-30 21:26:37,254,341954.0,31781.0,847.0,0.0,0.0,0.0,977.0,88.0,3.0,8.9837568e+07,1.168310272e+09,2446.1,26.0,124124.0,0.0,124124.0,124124.0,11.0,0.0,0.0
2026-03-30 21:26:49,254,342458.0,31781.0,847.0,0.0,0.0,0.0,978.0,88.0,3.0,8.9837568e+07,1.168310272e+09,2448.0099999999998,26.0,124225.0,0.0,124225.0,124225.0,11.0,0.0,0.0
2026-03-30 21:27:02,254,342458.0,31781.0,847.0,0.0,0.0,0.0,978.0,88.0,3.0,8.9837568e+07,1.168310272e+09,2450.0099999999998,26.0,124324.0,0.0,124324.0,124324.0,11.0,0.0,0.0
2026-03-30 21:27:14,254,342962.0,31781.0,847.0,0.0,0.0,0.0,979.0,88.0,3.0,8.9837568e+07,1.168310272e+09,2452.1800000000003,26.0,124423.0,0.0,124423.0,124423.0,11.0,0.0,0.0
2026-03-30 21:27:26,255,342962.0,31781.0,847.0,0.0,0.0,0.0,979.0,88.0,3.0,8.9837568e+07,1.168310272e+09,2454.07,26.0,124523.0,0.0,124523.0,124523.0,11.0,0.0,0.0
2026-03-30 21:27:38,255,342962.0,32270.0,847.0,0.0,0.0,0.0,979.0,89.0,3.0,8.9051136e+07,1.168310272e+09,2456.0,26.0,124622.0,0.0,124622.0,124622.0,11.0,0.0,0.0
2026-03-30 21:27:51,255,343463.0,32270.0,847.0,0.0,0.0,0.0,980.0,89.0,3.0,8.9051136e+07,1.168310272e+09,2457.96,26.0,124722.0,0.0,124722.0,124722.0,11.0,0.0,0.0
2026-03-30 21:28:03,255,343463.0,32270.0,847.0,0.0,0.0,0.0,980.0,89.0,3.0,8.9051136e+07,1.168310272e+09,2460.0499999999997,26.0,124821.0,0.0,124821.0,124821.0,11.0,0.0,0.0
2026-03-30 21:28:15,255,343967.0,32270.0,847.0,0.0,0.0,0.0,981.0,89.0,3.0,8.9051136e+07,1.168310272e+09,2462.0099999999998,26.0,124920.0,0.0,124920.0,124920.0,11.0,0.0,0.0
2026-03-30 21:28:27,256,343967.0,32270.0,847.0,0.0,0.0,0.0,981.0,89.0,3.0,8.8788992e+07,1.168310272e+09,2464.02,26.0,125018.0,0.0,125018.0,125018.0,11.0,0.0,0.0
2026-03-30 21:28:40,256,344471.0,32270.0,847.0,0.0,0.0,0.0,982.0,89.0,3.0,8.8788992e+07,1.168310272e+09,2466.0299999999997,26.0,125117.0,0.0,125117.0,125117.0,11.0,0.0,0.0
2026-03-30 21:28:52,256,344975.0,32270.0,847.0,0.0,0.0,0.0,983.0,89.0,3.0,8.8788992e+07,1.168310272e+09,2467.95,26.0,125218.0,0.0,125218.0,125218.0,11.0,0.0,0.0
2026-03-30 21:29:04,256,344975.0,32270.0,847.0,0.0,0.0,0.0,983.0,89.0,3.0,8.8788992e+07,1.168310272e+09,2470.16,29.0,125318.0,0.0,125317.0,125317.0,11.0,0.0,0.0
2026-03-30 21:29:17,256,345344.0,32270.0,847.0,0.0,0.0,0.0,984.0,89.0,3.0,8.8788992e+07,1.168310272e+09,2472.2200000000003,29.0,125417.0,0.0,125416.0,125416.0,11.0,0.0,0.0
2026-03-30 21:29:29,257,345641.0,32270.0,847.0,0.0,0.0,0.0,985.0,89.0,3.0,8.8788992e+07,1.168310272e+09,2474.35,26.0,125516.0,0.0,125516.0,125516.0,11.0,0.0,0.0
2026-03-30 21:29:41,257,346145.0,32270.0,847.0,0.0,0.0,0.0,986.0,89.0,3.0,8.8788992e+07,1.168310272e+09,2476.4500000000003,26.0,125614.0,0.0,125614.0,125614.0,11.0,0.0,0.0
2026-03-30 21:29:53,257,346145.0,32270.0,847.0,0.0,0.0,0.0,986.0,89.0,3.0,8.8788992e+07,1.168310272e+09,2478.4399999999996,26.0,125713.0,0.0,125713.0,125713.0,11.0,0.0,0.0
2026-03-30 21:30:06,257,346649.0,32270.0,847.0,0.0,0.0,0.0,987.0,89.0,3.0,8.8264704e+07,1.168310272e+09,2480.5,26.0,125813.0,0.0,125813.0,125813.0,11.0,0.0,0.0
2026-03-30 21:30:18,257,346649.0,32270.0,847.0,0.0,0.0,0.0,987.0,89.0,3.0,8.8264704e+07,1.168310272e+09,2482.59,26.0,125913.0,0.0,125913.0,125913.0,11.0,0.0,0.0
2026-03-30 21:30:30,258,347153.0,32270.0,847.0,0.0,0.0,0.0,988.0,89.0,3.0,8.8264704e+07,1.168310272e+09,2484.68,26.0,126013.0,0.0,126013.0,126013.0,11.0,0.0,0.0
2026-03-30 21:30:43,258,347654.0,32270.0,847.0,0.0,0.0,0.0,989.0,89.0,3.0,8.8264704e+07,1.168310272e+09,2486.67,29.0,126112.0,0.0,126111.0,126111.0,11.0,0.0,0.0
2026-03-30 21:30:55,258,347654.0,32270.0,847.0,0.0,0.0,0.0,989.0,89.0,3.0,8.8264704e+07,1.168310272e+09,2488.5899999999997,26.0,126211.0,0.0,126211.0,126211.0,11.0,0.0,0.0
2026-03-30 21:31:07,258,348158.0,32270.0,847.0,0.0,0.0,0.0,990.0,89.0,3.0,8.7871488e+07,1.168310272e+09,2490.5699999999997,26.0,126309.0,0.0,126309.0,126309.0,11.0,0.0,0.0
2026-03-30 21:31:19,258,348158.0,32270.0,847.0,0.0,0.0,0.0,990.0,89.0,3.0,8.7609344e+07,1.168310272e+09,2492.8300000000004,26.0,126410.0,0.0,126410.0,126410.0,11.0,0.0,0.0
2026-03-30 21:31:32,259,348158.0,32774.0,847.0,0.0,0.0,0.0,990.0,90.0,3.0,8.7609344e+07,1.168310272e+09,2495.3,26.0,126511.0,0.0,126511.0,126511.0,11.0,0.0,0.0
2026-03-30 21:31:44,259,348662.0,32774.0,847.0,0.0,0.0,0.0,991.0,90.0,3.0,8.7609344e+07,1.168310272e+09,2497.38,26.0,126611.0,0.0,126611.0,126611.0,11.0,0.0,0.0
2026-03-30 21:31:56,259,348662.0,32774.0,847.0,0.0,0.0,0.0,991.0,90.0,3.0,8.7609344e+07,1.168310272e+09,2499.41,29.0,126711.0,0.0,126710.0,126710.0,11.0,0.0,0.0
2026-03-30 21:32:09,259,349019.0,32774.0,847.0,0.0,0.0,0.0,992.0,90.0,3.0,8.7609344e+07,1.168310272e+09,2501.7,26.0,126811.0,0.0,126811.0,126811.0,11.0,0.0,0.0
2026-03-30 21:32:21,259,349523.0,32774.0,847.0,0.0,0.0,0.0,993.0,90.0,3.0,8.7609344e+07,1.168310272e+09,2503.83,26.0,126910.0,0.0,126910.0,126910.0,11.0,0.0,0.0
2026-03-30 21:32:33,260,349523.0,32774.0,847.0,0.0,0.0,0.0,993.0,90.0,3.0,8.7609344e+07,1.168310272e+09,2505.85,26.0,127011.0,0.0,127011.0,127011.0,11.0,0.0,0.0
2026-03-30 21:32:46,260,350027.0,32774.0,847.0,0.0,0.0,0.0,994.0,90.0,3.0,8.7609344e+07,1.168310272e+09,2507.9300000000003,26.0,127110.0,0.0,127110.0,127110.0,11.0,0.0,0.0
2026-03-30 21:32:58,260,350027.0,32774.0,847.0,0.0,0.0,0.0,994.0,90.0,3.0,8.7609344e+07,1.168310272e+09,2509.94,26.0,127211.0,0.0,127211.0,127211.0,11.0,0.0,0.0
2026-03-30 21:33:10,260,350522.0,32774.0,847.0,0.0,0.0,0.0,995.0,90.0,3.0,8.7609344e+07,1.168310272e+09,2512.15,26.0,127311.0,0.0,127311.0,127311.0,11.0,0.0,0.0
2026-03-30 21:33:23,260,351023.0,32774.0,847.0,0.0,0.0,0.0,996.0,90.0,3.0,8.7609344e+07,1.168310272e+09,2514.44,26.0,127410.0,0.0,127410.0,127410.0,11.0,0.0,0.0
2026-03-30 21:33:35,261,351023.0,32774.0,847.0,0.0,0.0,0.0,996.0,90.0,3.0,8.7609344e+07,1.168310272e+09,2516.43,26.0,127510.0,0.0,127510.0,127510.0,11.0,0.0,0.0
2026-03-30 21:33:47,261,351527.0,32774.0,847.0,0.0,0.0,0.0,997.0,90.0,3.0,8.7609344e+07,1.168310272e+09,2518.3700000000003,26.0,127609.0,0.0,127609.0,127609.0,11.0,0.0,0.0
2026-03-30 21:34:00,261,351527.0,32774.0,847.0,0.0,0.0,0.0,997.0,90.0,3.0,8.7609344e+07,1.168310272e+09,2520.4700000000003,26.0,127710.0,0.0,127710.0,127710.0,11.0,0.0,0.0
2026-03-30 21:34:12,261,352019.0,32774.0,847.0,0.0,0.0,0.0,998.0,90.0,3.0,8.73472e+07,1.168310272e+09,2522.6000000000004,26.0,127810.0,0.0,127810.0,127810.0,11.0,0.0,0.0
2026-03-30 21:34:24,261,352520.0,32774.0,847.0,0.0,0.0,0.0,999.0,90.0,3.0,8.73472e+07,1.168310272e+09,2524.7,29.0,127910.0,0.0,127909.0,127909.0,11.0,0.0,0.0
2026-03-30 21:34:37,262,352520.0,32774.0,847.0,0.0,0.0,0.0,999.0,90.0,3.0,8.73472e+07,1.168310272e+09,2526.65,27.0,128008.0,0.0,128008.0,128008.0,11.0,0.0,0.0
2026-03-30 21:34:49,262,352913.0,32774.0,847.0,0.0,0.0,0.0,1000.0,90.0,3.0,8.7216128e+07,1.168310272e+09,2528.64,26.0,128107.0,0.0,128107.0,128107.0,11.0,0.0,0.0
2026-03-30 21:35:01,262,353414.0,32774.0,847.0,0.0,0.0,0.0,1001.0,90.0,3.0,8.7216128e+07,1.168310272e+09,2530.6,26.0,128206.0,0.0,128206.0,128206.0,11.0,0.0,0.0
2026-03-30 21:35:14,262,353414.0,32774.0,847.0,0.0,0.0,0.0,1001.0,90.0,3.0,8.7216128e+07,1.168310272e+09,2532.66,26.0,128309.0,0.0,128309.0,128309.0,11.0,0.0,0.0
2026-03-30 21:35:26,263,353414.0,33275.0,847.0,0.0,0.0,0.0,1001.0,91.0,3.0,8.7216128e+07,1.168310272e+09,2534.64,26.0,128409.0,0.0,128409.0,128409.0,11.0,0.0,0.0
2026-03-30 21:35:39,263,353414.0,33275.0,847.0,0.0,0.0,0.0,1001.0,91.0,3.0,8.7216128e+07,1.168310272e+09,2536.76,26.0,128510.0,0.0,128510.0,128510.0,11.0,0.0,0.0
2026-03-30 21:35:51,263,353918.0,33275.0,847.0,0.0,0.0,0.0,1002.0,91.0,3.0,8.7216128e+07,1.168310272e+09,2538.79,26.0,128609.0,0.0,128609.0,128609.0,11.0,0.0,0.0
2026-03-30 21:36:03,263,354419.0,33275.0,847.0,0.0,0.0,0.0,1003.0,91.0,3.0,8.7216128e+07,1.168310272e+09,2540.76,26.0,128712.0,0.0,128712.0,128712.0,11.0,0.0,0.0
2026-03-30 21:36:16,263,354419.0,33275.0,847.0,0.0,0.0,0.0,1003.0,91.0,3.0,8.7216128e+07,1.168310272e+09,2542.81,26.0,128811.0,0.0,128811.0,128811.0,11.0,0.0,0.0
2026-03-30 21:36:28,264,354923.0,33275.0,847.0,0.0,0.0,0.0,1004.0,91.0,3.0,8.7216128e+07,1.168310272e+09,2544.9,26.0,128910.0,0.0,128910.0,128910.0,11.0,0.0,0.0
2026-03-30 21:36:40,264,354923.0,33275.0,847.0,0.0,0.0,0.0,1004.0,91.0,3.0,8.6953984e+07,1.168310272e+09,2546.92,26.0,129010.0,0.0,129010.0,129010.0,11.0,0.0,0.0
2026-03-30 21:36:53,264,355418.0,33275.0,847.0,0.0,0.0,0.0,1005.0,91.0,3.0,8.6953984e+07,1.168310272e+09,2549.12,29.0,129110.0,0.0,129109.0,129109.0,11.0,0.0,0.0
2026-03-30 21:37:05,264,355715.0,33275.0,847.0,0.0,0.0,0.0,1006.0,91.0,3.0,8.6953984e+07,1.168310272e+09,2551.1000000000004,29.0,129210.0,0.0,129209.0,129209.0,11.0,0.0,0.0
2026-03-30 21:37:17,264,356015.0,33275.0,847.0,0.0,0.0,0.0,1007.0,91.0,3.0,8.6953984e+07,1.168310272e+09,2553.15,26.0,129309.0,0.0,129309.0,129309.0,11.0,0.0,0.0
2026-03-30 21:37:30,265,356519.0,33275.0,847.0,0.0,0.0,0.0,1008.0,91.0,3.0,8.538112e+07,1.168310272e+09,2555.07,29.0,129408.0,0.0,129407.0,129407.0,11.0,0.0,0.0
2026-03-30 21:37:42,265,356519.0,33275.0,847.0,0.0,0.0,0.0,1008.0,91.0,3.0,8.538112e+07,1.168310272e+09,2557.1400000000003,29.0,129508.0,0.0,129507.0,129507.0,11.0,0.0,0.0
2026-03-30 21:37:54,265,356909.0,33275.0,847.0,0.0,0.0,0.0,1009.0,91.0,3.0,8.538112e+07,1.168310272e+09,2559.16,26.0,129608.0,0.0,129608.0,129608.0,11.0,0.0,0.0
2026-03-30 21:38:07,265,357413.0,33275.0,847.0,0.0,0.0,0.0,1010.0,91.0,3.0,8.5250048e+07,1.168310272e+09,2561.15,26.0,129707.0,0.0,129707.0,129707.0,11.0,0.0,0.0
2026-03-30 21:38:19,265,357413.0,33275.0,847.0,0.0,0.0,0.0,1010.0,91.0,3.0,8.5118976e+07,1.168310272e+09,2563.16,26.0,129806.0,0.0,129806.0,129806.0,11.0,0.0,0.0
2026-03-30 21:38:31,266,357917.0,33275.0,847.0,0.0,0.0,0.0,1011.0,91.0,3.0,8.5118976e+07,1.168310272e+09,2565.25,26.0,129905.0,0.0,129905.0,129905.0,11.0,0.0,0.0
2026-03-30 21:38:43,266,357917.0,33275.0,847.0,0.0,0.0,0.0,1011.0,91.0,3.0,8.5118976e+07,1.168310272e+09,2567.2400000000002,27.0,130006.0,0.0,130005.0,130005.0,11.0,0.0,0.0
2026-03-30 21:38:56,266,358403.0,33275.0,847.0,0.0,0.0,0.0,1012.0,91.0,3.0,8.4463616e+07,1.168310272e+09,2569.2799999999997,28.0,130106.0,0.0,130105.0,130105.0,11.0,0.0,0.0
2026-03-30 21:39:08,266,358403.0,33779.0,847.0,0.0,0.0,0.0,1012.0,92.0,3.0,8.3546112e+07,1.168310272e+09,2571.3700000000003,26.0,130205.0,0.0,130205.0,130205.0,11.0,0.0,0.0
2026-03-30 21:39:21,266,358403.0,33779.0,847.0,0.0,0.0,0.0,1012.0,92.0,3.0,8.3546112e+07,1.168310272e+09,2573.42,26.0,130305.0,0.0,130305.0,130305.0,11.0,0.0,0.0
2026-03-30 21:39:33,267,358904.0,33779.0,847.0,0.0,0.0,0.0,1013.0,92.0,3.0,8.3546112e+07,1.168310272e+09,2575.34,26.0,130405.0,0.0,130404.0,130404.0,11.0,0.0,0.0
2026-03-30 21:39:45,267,358904.0,33779.0,847.0,0.0,0.0,0.0,1013.0,92.0,3.0,8.3546112e+07,1.168310272e+09,2577.27,26.0,130505.0,0.0,130505.0,130505.0,11.0,0.0,0.0
2026-03-30 21:39:57,267,359399.0,33779.0,847.0,0.0,0.0,0.0,1014.0,92.0,3.0,8.3546112e+07,1.168310272e+09,2579.44,26.0,130605.0,0.0,130605.0,130605.0,11.0,0.0,0.0
2026-03-30 21:40:10,267,359900.0,33779.0,847.0,0.0,0.0,0.0,1015.0,92.0,3.0,8.3546112e+07,1.168310272e+09,2581.5,26.0,130704.0,0.0,130704.0,130704.0,11.0,0.0,0.0
2026-03-30 21:40:22,267,359900.0,33779.0,847.0,0.0,0.0,0.0,1015.0,92.0,3.0,8.3546112e+07,1.168310272e+09,2583.4300000000003,26.0,130803.0,0.0,130803.0,130803.0,11.0,0.0,0.0
2026-03-30 21:40:35,268,360401.0,33779.0,847.0,0.0,0.0,0.0,1016.0,92.0,3.0,8.3546112e+07,1.168310272e+09,2585.41,26.0,130902.0,0.0,130902.0,130902.0,11.0,0.0,0.0
2026-03-30 21:40:47,268,360401.0,33779.0,847.0,0.0,0.0,0.0,1016.0,92.0,3.0,8.3546112e+07,1.168310272e+09,2587.41,26.0,131001.0,0.0,131001.0,131001.0,11.0,0.0,0.0
2026-03-30 21:40:59,268,360905.0,33779.0,847.0,0.0,0.0,0.0,1017.0,92.0,3.0,8.3546112e+07,1.168310272e+09,2589.46,26.0,131100.0,0.0,131100.0,131100.0,11.0,0.0,0.0
2026-03-30 21:41:11,268,361409.0,33779.0,847.0,0.0,0.0,0.0,1018.0,92.0,3.0,8.3546112e+07,1.168310272e+09,2591.43,26.0,131198.0,0.0,131198.0,131198.0,11.0,0.0,0.0
2026-03-30 21:41:24,268,361409.0,33779.0,847.0,0.0,0.0,0.0,1018.0,92.0,3.0,8.3546112e+07,1.168310272e+09,2593.44,29.0,131295.0,0.0,131294.0,131294.0,11.0,0.0,0.0
2026-03-30 21:41:36,269,361766.0,33779.0,847.0,0.0,0.0,0.0,1019.0,92.0,3.0,8.3546112e+07,1.168310272e+09,2595.45,26.0,131394.0,0.0,131394.0,131394.0,11.0,0.0,0.0
2026-03-30 21:41:48,269,362270.0,33779.0,847.0,0.0,0.0,0.0,1020.0,92.0,3.0,8.3546112e+07,1.168310272e+09,2597.29,26.0,131492.0,0.0,131492.0,131492.0,11.0,0.0,0.0
2026-03-30 21:42:00,269,362270.0,33779.0,847.0,0.0,0.0,0.0,1020.0,92.0,3.0,8.3546112e+07,1.168310272e+09,2599.28,26.0,131595.0,0.0,131595.0,131595.0,11.0,0.0,0.0
2026-03-30 21:42:13,269,362774.0,33779.0,847.0,0.0,0.0,0.0,1021.0,92.0,3.0,8.3546112e+07,1.168310272e+09,2601.44,26.0,131694.0,0.0,131694.0,131694.0,11.0,0.0,0.0
2026-03-30 21:42:25,270,362774.0,33779.0,847.0,0.0,0.0,0.0,1021.0,92.0,3.0,8.3546112e+07,1.168310272e+09,2603.48,26.0,131794.0,0.0,131794.0,131794.0,11.0,0.0,0.0
2026-03-30 21:42:37,270,363266.0,33779.0,847.0,0.0,0.0,0.0,1022.0,92.0,3.0,8.3546112e+07,1.168310272e+09,2605.4,29.0,131892.0,0.0,131891.0,131891.0,11.0,0.0,0.0
2026-03-30 21:42:49,270,363557.0,33779.0,847.0,0.0,0.0,0.0,1023.0,92.0,3.0,8.3546112e+07,1.168310272e+09,2607.46,27.0,131992.0,0.0,131991.0,131991.0,11.0,0.0,0.0
2026-03-30 21:43:02,270,363557.0,34283.0,847.0,0.0,0.0,0.0,1023.0,93.0,3.0,8.3546112e+07,1.168310272e+09,2609.48,26.0,132091.0,0.0,132091.0,132091.0,11.0,0.0,0.0
2026-03-30 21:43:14,270,363557.0,34283.0,847.0,0.0,0.0,0.0,1023.0,93.0,3.0,8.3546112e+07,1.168310272e+09,2611.76,26.0,132192.0,0.0,132192.0,132192.0,11.0,0.0,0.0
2026-03-30 21:43:26,271,364061.0,34283.0,847.0,0.0,0.0,0.0,1024.0,93.0,3.0,8.3546112e+07,1.168310272e+09,2613.93,26.0,132293.0,0.0,132293.0,132293.0,11.0,0.0,0.0
2026-03-30 21:43:38,271,364553.0,34283.0,847.0,0.0,0.0,0.0,1025.0,93.0,3.0,8.3546112e+07,1.168310272e+09,2615.83,29.0,132392.0,0.0,132391.0,132391.0,11.0,0.0,0.0
2026-03-30 21:43:51,271,364553.0,34283.0,847.0,0.0,0.0,0.0,1025.0,93.0,3.0,8.3546112e+07,1.168310272e+09,2617.9100000000003,26.0,132487.0,0.0,132487.0,132487.0,11.0,0.0,0.0
2026-03-30 21:44:03,271,364553.0,34283.0,847.0,0.0,0.0,0.0,1025.0,93.0,3.0,8.3546112e+07,1.168310272e+09,2618.36,29.0,132508.0,0.0,132507.0,132507.0,11.0,0.0,0.0
2026-03-30 21:44:15,271,364901.0,34283.0,847.0,0.0,0.0,0.0,1026.0,93.0,3.0,8.3546112e+07,1.168310272e+09,2620.4399999999996,29.0,132607.0,0.0,132606.0,132606.0,11.0,0.0,0.0
2026-03-30 21:44:27,272,365198.0,34283.0,847.0,0.0,0.0,0.0,1027.0,93.0,3.0,8.3546112e+07,1.168310272e+09,2622.44,26.0,132706.0,0.0,132706.0,132706.0,11.0,0.0,0.0
2026-03-30 21:44:40,272,365702.0,34283.0,847.0,0.0,0.0,0.0,1028.0,93.0,3.0,8.3283968e+07,1.168310272e+09,2624.37,26.0,132804.0,0.0,132804.0,132804.0,11.0,0.0,0.0
2026-03-30 21:44:52,272,365702.0,34283.0,847.0,0.0,0.0,0.0,1028.0,93.0,3.0,8.3152896e+07,1.168310272e+09,2626.37,26.0,132903.0,0.0,132903.0,132903.0,11.0,0.0,0.0
2026-03-30 21:45:04,272,366203.0,34283.0,847.0,0.0,0.0,0.0,1029.0,93.0,3.0,8.3021824e+07,1.168310272e+09,2628.4500000000003,26.0,133003.0,0.0,133003.0,133003.0,11.0,0.0,0.0
2026-03-30 21:45:17,272,366203.0,34283.0,847.0,0.0,0.0,0.0,1029.0,93.0,3.0,8.3021824e+07,1.168310272e+09,2630.54,26.0,133102.0,0.0,133102.0,133102.0,11.0,0.0,0.0
2026-03-30 21:45:29,273,366707.0,34283.0,847.0,0.0,0.0,0.0,1030.0,93.0,3.0,8.3021824e+07,1.168310272e+09,2632.6400000000003,26.0,133202.0,0.0,133202.0,133202.0,11.0,0.0,0.0
2026-03-30 21:45:41,273,367208.0,34283.0,847.0,0.0,0.0,0.0,1031.0,93.0,3.0,8.3021824e+07,1.168310272e+09,2634.7,26.0,133302.0,0.0,133302.0,133302.0,11.0,0.0,0.0
2026-03-30 21:45:53,273,367208.0,34283.0,847.0,0.0,0.0,0.0,1031.0,93.0,3.0,8.3021824e+07,1.168310272e+09,2636.54,26.0,133403.0,0.0,133403.0,133403.0,11.0,0.0,0.0
2026-03-30 21:46:06,273,367712.0,34283.0,847.0,0.0,0.0,0.0,1032.0,93.0,3.0,8.3021824e+07,1.168310272e+09,2638.65,26.0,133503.0,0.0,133503.0,133503.0,11.0,0.0,0.0
2026-03-30 21:46:18,273,367712.0,34283.0,847.0,0.0,0.0,0.0,1032.0,93.0,3.0,8.3021824e+07,1.168310272e+09,2640.87,26.0,133603.0,0.0,133603.0,133603.0,11.0,0.0,0.0
2026-03-30 21:46:31,274,368216.0,34283.0,847.0,0.0,0.0,0.0,1033.0,93.0,3.0,8.3021824e+07,1.168310272e+09,2642.82,26.0,133702.0,0.0,133702.0,133702.0,11.0,0.0,0.0
2026-03-30 21:46:43,274,368720.0,34283.0,847.0,0.0,0.0,0.0,1034.0,93.0,3.0,8.3021824e+07,1.168310272e+09,2644.77,26.0,133802.0,0.0,133802.0,133802.0,11.0,0.0,0.0
2026-03-30 21:46:55,274,368720.0,34283.0,847.0,0.0,0.0,0.0,1034.0,93.0,3.0,8.3021824e+07,1.168310272e+09,2646.81,26.0,133902.0,0.0,133902.0,133902.0,11.0,0.0,0.0
2026-03-30 21:47:07,274,368720.0,34787.0,847.0,0.0,0.0,0.0,1034.0,94.0,3.0,8.3021824e+07,1.168310272e+09,2648.96,26.0,134003.0,0.0,134003.0,134003.0,11.0,0.0,0.0
2026-03-30 21:47:20,274,368720.0,34787.0,847.0,0.0,0.0,0.0,1034.0,94.0,3.0,8.3021824e+07,1.168310272e+09,2650.89,26.0,134101.0,0.0,134101.0,134101.0,11.0,0.0,0.0
2026-03-30 21:47:32,275,369224.0,34787.0,847.0,0.0,0.0,0.0,1035.0,94.0,3.0,8.3021824e+07,1.168310272e+09,2652.91,26.0,134201.0,0.0,134201.0,134201.0,11.0,0.0,0.0
2026-03-30 21:47:44,275,369725.0,34787.0,847.0,0.0,0.0,0.0,1036.0,94.0,3.0,8.3021824e+07,1.168310272e+09,2654.88,26.0,134301.0,0.0,134301.0,134301.0,11.0,0.0,0.0
2026-03-30 21:47:56,275,369725.0,34787.0,847.0,0.0,0.0,0.0,1036.0,94.0,3.0,8.3021824e+07,1.168310272e+09,2656.9,29.0,134401.0,0.0,134400.0,134400.0,11.0,0.0,0.0
2026-03-30 21:48:09,275,370076.0,34787.0,847.0,0.0,0.0,0.0,1037.0,94.0,3.0,8.3021824e+07,1.168310272e+09,2658.96,29.0,134500.0,0.0,134499.0,134499.0,11.0,0.0,0.0
2026-03-30 21:48:21,275,370373.0,34787.0,847.0,0.0,0.0,0.0,1038.0,94.0,3.0,8.3021824e+07,1.168310272e+09,2660.96,29.0,134599.0,0.0,134598.0,134598.0,11.0,0.0,0.0
2026-03-30 21:48:33,276,370670.0,34787.0,847.0,0.0,0.0,0.0,1039.0,94.0,3.0,8.3021824e+07,1.168310272e+09,2663.1099999999997,26.0,134699.0,0.0,134699.0,134699.0,11.0,0.0,0.0
2026-03-30 21:48:45,276,371174.0,34787.0,847.0,0.0,0.0,0.0,1040.0,94.0,3.0,8.3021824e+07,1.168310272e+09,2665.11,26.0,134798.0,0.0,134798.0,134798.0,11.0,0.0,0.0
2026-03-30 21:48:58,276,371174.0,34787.0,847.0,0.0,0.0,0.0,1040.0,94.0,3.0,8.3021824e+07,1.168310272e+09,2667.0899999999997,26.0,134899.0,0.0,134899.0,134899.0,11.0,0.0,0.0
2026-03-30 21:49:10,276,371675.0,34787.0,847.0,0.0,0.0,0.0,1041.0,94.0,3.0,8.3021824e+07,1.168310272e+09,2669.1800000000003,26.0,135000.0,0.0,135000.0,135000.0,11.0,0.0,0.0
2026-03-30 21:49:23,276,371675.0,34787.0,847.0,0.0,0.0,0.0,1041.0,94.0,3.0,8.3021824e+07,1.168310272e+09,2671.27,26.0,135100.0,0.0,135100.0,135100.0,11.0,0.0,0.0
2026-03-30 21:49:35,277,372176.0,34787.0,847.0,0.0,0.0,0.0,1042.0,94.0,3.0,8.3021824e+07,1.168310272e+09,2673.2599999999998,26.0,135199.0,0.0,135199.0,135199.0,11.0,0.0,0.0
2026-03-30 21:49:47,277,372677.0,34787.0,847.0,0.0,0.0,0.0,1043.0,94.0,3.0,8.3021824e+07,1.168310272e+09,2675.4500000000003,29.0,135300.0,0.0,135299.0,135299.0,11.0,0.0,0.0
2026-03-30 21:50:00,277,372677.0,34787.0,847.0,0.0,0.0,0.0,1043.0,94.0,3.0,8.3021824e+07,1.168310272e+09,2677.48,28.0,135399.0,0.0,135398.0,135398.0,11.0,0.0,0.0
2026-03-30 21:50:12,277,373070.0,34787.0,847.0,0.0,0.0,0.0,1044.0,94.0,3.0,8.3021824e+07,1.168310272e+09,2679.61,26.0,135498.0,0.0,135498.0,135498.0,11.0,0.0,0.0
2026-03-30 21:50:24,277,373574.0,34787.0,847.0,0.0,0.0,0.0,1045.0,94.0,3.0,8.3021824e+07,1.168310272e+09,2681.7599999999998,26.0,135596.0,0.0,135596.0,135596.0,11.0,0.0,0.0
2026-03-30 21:50:36,278,373574.0,34787.0,847.0,0.0,0.0,0.0,1045.0,94.0,3.0,8.3021824e+07,1.168310272e+09,2683.7999999999997,26.0,135696.0,0.0,135696.0,135696.0,11.0,0.0,0.0
2026-03-30 21:50:48,278,373574.0,35291.0,847.0,0.0,0.0,0.0,1045.0,95.0,3.0,8.3021824e+07,1.168310272e+09,2685.77,26.0,135794.0,0.0,135794.0,135794.0,11.0,0.0,0.0
2026-03-30 21:51:01,278,373574.0,35291.0,847.0,0.0,0.0,0.0,1045.0,95.0,3.0,8.3021824e+07,1.168310272e+09,2687.9,26.0,135893.0,0.0,135893.0,135893.0,11.0,0.0,0.0
2026-03-30 21:51:13,278,374078.0,35291.0,847.0,0.0,0.0,0.0,1046.0,95.0,3.0,8.3021824e+07,1.168310272e+09,2689.87,29.0,135993.0,0.0,135992.0,135992.0,11.0,0.0,0.0
2026-03-30 21:51:26,279,374348.0,35291.0,847.0,0.0,0.0,0.0,1047.0,95.0,3.0,8.3021824e+07,1.168310272e+09,2691.99,26.0,136094.0,0.0,136094.0,136094.0,11.0,0.0,0.0
2026-03-30 21:51:38,279,374852.0,35291.0,847.0,0.0,0.0,0.0,1048.0,95.0,3.0,8.3021824e+07,1.168310272e+09,2694.0,26.0,136194.0,0.0,136194.0,136194.0,11.0,0.0,0.0
2026-03-30 21:51:50,279,374852.0,35291.0,847.0,0.0,0.0,0.0,1048.0,95.0,3.0,8.3021824e+07,1.168310272e+09,2696.06,26.0,136294.0,0.0,136294.0,136294.0,11.0,0.0,0.0
2026-03-30 21:52:03,279,375356.0,35291.0,847.0,0.0,0.0,0.0,1049.0,95.0,3.0,8.3021824e+07,1.168310272e+09,2698.0299999999997,26.0,136393.0,0.0,136393.0,136393.0,11.0,0.0,0.0
2026-03-30 21:52:15,279,375848.0,35291.0,847.0,0.0,0.0,0.0,1050.0,95.0,3.0,8.3021824e+07,1.168310272e+09,2700.06,29.0,136493.0,0.0,136492.0,136492.0,11.0,0.0,0.0
2026-03-30 21:52:27,280,375848.0,35291.0,847.0,0.0,0.0,0.0,1050.0,95.0,3.0,8.3021824e+07,1.168310272e+09,2702.4,26.0,136590.0,0.0,136590.0,136590.0,11.0,0.0,0.0
2026-03-30 21:52:39,280,376352.0,35291.0,847.0,0.0,0.0,0.0,1051.0,95.0,3.0,8.3021824e+07,1.168310272e+09,2704.45,26.0,136689.0,0.0,136689.0,136689.0,11.0,0.0,0.0
2026-03-30 21:52:51,280,376352.0,35291.0,847.0,0.0,0.0,0.0,1051.0,95.0,3.0,8.3021824e+07,1.168310272e+09,2706.53,29.0,136789.0,0.0,136788.0,136788.0,11.0,0.0,0.0
2026-03-30 21:53:04,280,376736.0,35291.0,847.0,0.0,0.0,0.0,1052.0,95.0,3.0,8.3021824e+07,1.168310272e+09,2708.58,26.0,136888.0,0.0,136888.0,136888.0,11.0,0.0,0.0
2026-03-30 21:53:16,280,377240.0,35291.0,847.0,0.0,0.0,0.0,1053.0,95.0,3.0,8.3021824e+07,1.168310272e+09,2710.76,29.0,136990.0,0.0,136989.0,136989.0,11.0,0.0,0.0
2026-03-30 21:53:29,281,377240.0,35291.0,847.0,0.0,0.0,0.0,1053.0,95.0,3.0,8.3021824e+07,1.168310272e+09,2712.68,26.0,137090.0,0.0,137090.0,137090.0,11.0,0.0,0.0
2026-03-30 21:53:41,281,377741.0,35291.0,847.0,0.0,0.0,0.0,1054.0,95.0,3.0,8.3021824e+07,1.168310272e+09,2714.7599999999998,28.0,137190.0,0.0,137189.0,137189.0,11.0,0.0,0.0
2026-03-30 21:53:53,281,377741.0,35291.0,847.0,0.0,0.0,0.0,1054.0,95.0,3.0,8.3021824e+07,1.168310272e+09,2716.7200000000003,26.0,137289.0,0.0,137289.0,137289.0,11.0,0.0,0.0
2026-03-30 21:54:05,281,378239.0,35291.0,847.0,0.0,0.0,0.0,1055.0,95.0,3.0,8.3021824e+07,1.168310272e+09,2718.94,26.0,137391.0,0.0,137390.0,137390.0,11.0,0.0,0.0
2026-03-30 21:54:18,281,378740.0,35291.0,847.0,0.0,0.0,0.0,1056.0,95.0,3.0,8.3021824e+07,1.168310272e+09,2721.0499999999997,26.0,137490.0,0.0,137490.0,137490.0,11.0,0.0,0.0
2026-03-30 21:54:30,282,378740.0,35291.0,847.0,0.0,0.0,0.0,1056.0,95.0,3.0,8.3021824e+07,1.168310272e+09,2723.04,27.0,137590.0,0.0,137589.0,137589.0,11.0,0.0,0.0
2026-03-30 21:54:42,282,378740.0,35690.0,847.0,0.0,0.0,0.0,1056.0,96.0,3.0,8.3021824e+07,1.168310272e+09,2724.96,26.0,137689.0,0.0,137689.0,137689.0,11.0,0.0,0.0
2026-03-30 21:54:54,282,379244.0,35690.0,847.0,0.0,0.0,0.0,1057.0,96.0,3.0,8.3021824e+07,1.168310272e+09,2726.7799999999997,26.0,137787.0,0.0,137787.0,137787.0,11.0,0.0,0.0
2026-03-30 21:55:06,282,379244.0,35690.0,847.0,0.0,0.0,0.0,1057.0,96.0,3.0,8.3021824e+07,1.168310272e+09,2728.7799999999997,29.0,137889.0,0.0,137888.0,137888.0,11.0,0.0,0.0
2026-03-30 21:55:19,282,379637.0,35690.0,847.0,0.0,0.0,0.0,1058.0,96.0,3.0,8.3021824e+07,1.168310272e+09,2731.04,29.0,137991.0,0.0,137990.0,137990.0,11.0,0.0,0.0
2026-03-30 21:55:32,283,380141.0,35690.0,847.0,0.0,0.0,0.0,1059.0,96.0,3.0,8.3021824e+07,1.168310272e+09,2733.2200000000003,26.0,138090.0,0.0,138090.0,138090.0,11.0,0.0,0.0
2026-03-30 21:55:44,283,380141.0,35690.0,847.0,0.0,0.0,0.0,1059.0,96.0,3.0,8.3021824e+07,1.168310272e+09,2735.27,26.0,138189.0,0.0,138189.0,138189.0,11.0,0.0,0.0
2026-03-30 21:55:56,283,380645.0,35690.0,847.0,0.0,0.0,0.0,1060.0,96.0,3.0,8.3021824e+07,1.168310272e+09,2737.25,26.0,138289.0,0.0,138289.0,138289.0,11.0,0.0,0.0
2026-03-30 21:56:09,283,380645.0,35690.0,847.0,0.0,0.0,0.0,1060.0,96.0,3.0,8.3021824e+07,1.168310272e+09,2739.21,26.0,138390.0,0.0,138390.0,138390.0,11.0,0.0,0.0
2026-03-30 21:56:21,283,381143.0,35690.0,847.0,0.0,0.0,0.0,1061.0,96.0,3.0,8.3021824e+07,1.168310272e+09,2741.08,26.0,138488.0,0.0,138488.0,138488.0,11.0,0.0,0.0
2026-03-30 21:56:33,284,381644.0,35690.0,847.0,0.0,0.0,0.0,1062.0,96.0,3.0,8.3021824e+07,1.168310272e+09,2743.16,26.0,138588.0,0.0,138588.0,138588.0,11.0,0.0,0.0
2026-03-30 21:56:45,284,381644.0,35690.0,847.0,0.0,0.0,0.0,1062.0,96.0,3.0,8.3021824e+07,1.168310272e+09,2745.17,29.0,138687.0,0.0,138686.0,138686.0,11.0,0.0,0.0
2026-03-30 21:56:57,284,382031.0,35690.0,847.0,0.0,0.0,0.0,1063.0,96.0,3.0,8.3021824e+07,1.168310272e+09,2747.1000000000004,26.0,138785.0,0.0,138785.0,138785.0,11.0,0.0,0.0
2026-03-30 21:57:10,284,382535.0,35690.0,847.0,0.0,0.0,0.0,1064.0,96.0,3.0,8.3021824e+07,1.168310272e+09,2749.0299999999997,26.0,138885.0,0.0,138885.0,138885.0,11.0,0.0,0.0
2026-03-30 21:57:22,284,382535.0,35690.0,847.0,0.0,0.0,0.0,1064.0,96.0,3.0,8.3021824e+07,1.168310272e+09,2751.14,26.0,138984.0,0.0,138984.0,138984.0,11.0,0.0,0.0
2026-03-30 21:57:34,285,383039.0,35690.0,847.0,0.0,0.0,0.0,1065.0,96.0,3.0,8.3021824e+07,1.168310272e+09,2753.36,26.0,139084.0,0.0,139084.0,139084.0,11.0,0.0,0.0
2026-03-30 21:57:47,285,383039.0,35690.0,847.0,0.0,0.0,0.0,1065.0,96.0,3.0,8.3021824e+07,1.168310272e+09,2755.4100000000003,26.0,139184.0,0.0,139184.0,139184.0,11.0,0.0,0.0
2026-03-30 21:57:59,285,383543.0,35690.0,847.0,0.0,0.0,0.0,1066.0,96.0,3.0,8.3021824e+07,1.168310272e+09,2757.43,29.0,139283.0,0.0,139282.0,139282.0,11.0,0.0,0.0
2026-03-30 21:58:11,285,383819.0,35690.0,847.0,0.0,0.0,0.0,1067.0,96.0,3.0,8.3021824e+07,1.168310272e+09,2759.39,26.0,139382.0,0.0,139382.0,139382.0,11.0,0.0,0.0
2026-03-30 21:58:24,285,383819.0,36194.0,847.0,0.0,0.0,0.0,1067.0,97.0,3.0,8.3021824e+07,1.168310272e+09,2761.45,26.0,139481.0,0.0,139481.0,139481.0,11.0,0.0,0.0
2026-03-30 21:58:36,286,383819.0,36194.0,847.0,0.0,0.0,0.0,1067.0,97.0,3.0,8.3021824e+07,1.168310272e+09,2763.58,26.0,139582.0,0.0,139582.0,139582.0,11.0,0.0,0.0
2026-03-30 21:58:48,286,384320.0,36194.0,847.0,0.0,0.0,0.0,1068.0,97.0,3.0,8.3021824e+07,1.168310272e+09,2765.5099999999998,29.0,139681.0,0.0,139680.0,139680.0,11.0,0.0,0.0
2026-03-30 21:59:01,286,384320.0,36194.0,847.0,0.0,0.0,0.0,1068.0,97.0,3.0,8.3021824e+07,1.168310272e+09,2767.68,26.0,139781.0,0.0,139781.0,139781.0,11.0,0.0,0.0
2026-03-30 21:59:13,286,384812.0,36194.0,847.0,0.0,0.0,0.0,1069.0,97.0,3.0,8.3021824e+07,1.168310272e+09,2769.5699999999997,26.0,139879.0,0.0,139879.0,139879.0,11.0,0.0,0.0
2026-03-30 21:59:25,287,385313.0,36194.0,847.0,0.0,0.0,0.0,1070.0,97.0,3.0,8.3021824e+07,1.168310272e+09,2771.63,26.0,139979.0,0.0,139979.0,139979.0,11.0,0.0,0.0
2026-03-30 21:59:38,287,385313.0,36194.0,847.0,0.0,0.0,0.0,1070.0,97.0,3.0,8.3021824e+07,1.168310272e+09,2773.67,26.0,140079.0,0.0,140079.0,140079.0,11.0,0.0,0.0
2026-03-30 21:59:50,287,385817.0,36194.0,847.0,0.0,0.0,0.0,1071.0,97.0,3.0,8.3021824e+07,1.168310272e+09,2775.63,26.0,140180.0,0.0,140180.0,140180.0,11.0,0.0,0.0
2026-03-30 22:00:02,287,385817.0,36194.0,847.0,0.0,0.0,0.0,1071.0,97.0,3.0,8.3021824e+07,1.168310272e+09,2777.74,27.0,140281.0,0.0,140280.0,140280.0,11.0,0.0,0.0
2026-03-30 22:00:15,287,386309.0,36194.0,847.0,0.0,0.0,0.0,1072.0,97.0,3.0,8.3021824e+07,1.168310272e+09,2779.8900000000003,26.0,140382.0,0.0,140382.0,140382.0,11.0,0.0,0.0
2026-03-30 22:00:27,288,386813.0,36194.0,847.0,0.0,0.0,0.0,1073.0,97.0,3.0,8.3021824e+07,1.168310272e+09,2781.9900000000002,29.0,140480.0,0.0,140479.0,140479.0,11.0,0.0,0.0
2026-03-30 22:00:39,288,386813.0,36194.0,847.0,0.0,0.0,0.0,1073.0,97.0,3.0,8.3021824e+07,1.168310272e+09,2783.92,26.0,140581.0,0.0,140581.0,140581.0,11.0,0.0,0.0
2026-03-30 22:00:52,288,387317.0,36194.0,847.0,0.0,0.0,0.0,1074.0,97.0,3.0,8.3021824e+07,1.168310272e+09,2786.0,26.0,140681.0,0.0,140681.0,140681.0,11.0,0.0,0.0
2026-03-30 22:01:04,288,387317.0,36194.0,847.0,0.0,0.0,0.0,1074.0,97.0,3.0,8.3021824e+07,1.168310272e+09,2788.1800000000003,29.0,140782.0,0.0,140781.0,140781.0,11.0,0.0,0.0
2026-03-30 22:01:17,288,387812.0,36194.0,847.0,0.0,0.0,0.0,1075.0,97.0,3.0,8.3021824e+07,1.168310272e+09,2790.21,26.0,140880.0,0.0,140880.0,140880.0,11.0,0.0,0.0
2026-03-30 22:01:29,289,388316.0,36194.0,847.0,0.0,0.0,0.0,1076.0,97.0,3.0,8.3021824e+07,1.168310272e+09,2792.3599999999997,29.0,140981.0,0.0,140980.0,140980.0,11.0,0.0,0.0
2026-03-30 22:01:41,289,388316.0,36194.0,847.0,0.0,0.0,0.0,1076.0,97.0,3.0,8.3021824e+07,1.168310272e+09,2794.42,26.0,141080.0,0.0,141080.0,141080.0,11.0,0.0,0.0
2026-03-30 22:01:54,289,388820.0,36194.0,847.0,0.0,0.0,0.0,1077.0,97.0,3.0,8.3021824e+07,1.168310272e+09,2796.36,26.0,141180.0,0.0,141180.0,141180.0,11.0,0.0,0.0
2026-03-30 22:02:06,289,388820.0,36194.0,847.0,0.0,0.0,0.0,1077.0,97.0,3.0,8.3021824e+07,1.168310272e+09,2798.23,26.0,141281.0,0.0,141281.0,141281.0,11.0,0.0,0.0
2026-03-30 22:02:18,289,389312.0,36194.0,847.0,0.0,0.0,0.0,1078.0,97.0,3.0,8.3021824e+07,1.168310272e+09,2800.27,29.0,141381.0,0.0,141380.0,141380.0,11.0,0.0,0.0
2026-03-30 22:02:31,290,389312.0,36491.0,847.0,0.0,0.0,0.0,1078.0,98.0,3.0,8.3021824e+07,1.168310272e+09,2802.2400000000002,26.0,141481.0,0.0,141481.0,141481.0,11.0,0.0,0.0
2026-03-30 22:02:43,290,389816.0,36491.0,847.0,0.0,0.0,0.0,1079.0,98.0,3.0,8.3021824e+07,1.168310272e+09,2804.3900000000003,26.0,141583.0,0.0,141583.0,141583.0,11.0,0.0,0.0
2026-03-30 22:02:55,290,389816.0,36491.0,847.0,0.0,0.0,0.0,1079.0,98.0,3.0,8.3021824e+07,1.168310272e+09,2806.29,26.0,141682.0,0.0,141682.0,141682.0,11.0,0.0,0.0
2026-03-30 22:03:08,290,390320.0,36491.0,847.0,0.0,0.0,0.0,1080.0,98.0,3.0,8.3021824e+07,1.168310272e+09,2808.5699999999997,27.0,141784.0,0.0,141783.0,141783.0,11.0,0.0,0.0
2026-03-30 22:03:20,290,390824.0,36491.0,847.0,0.0,0.0,0.0,1081.0,98.0,3.0,8.3021824e+07,1.168310272e+09,2810.72,29.0,141886.0,0.0,141885.0,141885.0,11.0,0.0,0.0
2026-03-30 22:03:33,291,390824.0,36491.0,847.0,0.0,0.0,0.0,1081.0,98.0,3.0,8.3021824e+07,1.168310272e+09,2812.8,26.0,141986.0,0.0,141986.0,141986.0,11.0,0.0,0.0
2026-03-30 22:03:45,291,391328.0,36491.0,847.0,0.0,0.0,0.0,1082.0,98.0,3.0,8.3021824e+07,1.168310272e+09,2814.8300000000004,26.0,142087.0,0.0,142087.0,142087.0,11.0,0.0,0.0
2026-03-30 22:03:57,291,391328.0,36491.0,847.0,0.0,0.0,0.0,1082.0,98.0,3.0,8.3021824e+07,1.168310272e+09,2816.7999999999997,26.0,142187.0,0.0,142187.0,142187.0,11.0,0.0,0.0
2026-03-30 22:04:10,291,391832.0,36491.0,847.0,0.0,0.0,0.0,1083.0,98.0,3.0,8.3021824e+07,1.168310272e+09,2818.81,26.0,142288.0,0.0,142288.0,142288.0,11.0,0.0,0.0
2026-03-30 22:04:22,291,392336.0,36491.0,847.0,0.0,0.0,0.0,1084.0,98.0,3.0,8.3021824e+07,1.168310272e+09,2820.8599999999997,28.0,142390.0,0.0,142390.0,142389.0,11.0,0.0,0.0
2026-03-30 22:04:35,292,392336.0,36491.0,847.0,0.0,0.0,0.0,1084.0,98.0,3.0,8.3021824e+07,1.168310272e+09,2823.11,26.0,142493.0,0.0,142493.0,142493.0,11.0,0.0,0.0
2026-03-30 22:04:47,292,392840.0,36491.0,847.0,0.0,0.0,0.0,1085.0,98.0,3.0,8.3021824e+07,1.168310272e+09,2825.34,27.0,142595.0,0.0,142594.0,142594.0,11.0,0.0,0.0
2026-03-30 22:05:00,292,392840.0,36491.0,847.0,0.0,0.0,0.0,1085.0,98.0,3.0,8.3021824e+07,1.168310272e+09,2827.62,26.0,142697.0,0.0,142697.0,142697.0,11.0,0.0,0.0
2026-03-30 22:05:12,292,393344.0,36491.0,847.0,0.0,0.0,0.0,1086.0,98.0,3.0,8.3021824e+07,1.168310272e+09,2829.86,26.0,142799.0,0.0,142799.0,142799.0,11.0,0.0,0.0
2026-03-30 22:05:25,293,393845.0,36491.0,847.0,0.0,0.0,0.0,1087.0,98.0,3.0,8.3021824e+07,1.168310272e+09,2831.92,26.0,142902.0,0.0,142902.0,142902.0,11.0,0.0,0.0
2026-03-30 22:05:38,293,393845.0,36491.0,847.0,0.0,0.0,0.0,1087.0,98.0,3.0,8.3021824e+07,1.168310272e+09,2834.1499999999996,26.0,143003.0,0.0,143003.0,143003.0,11.0,0.0,0.0
2026-03-30 22:05:50,293,394349.0,36491.0,847.0,0.0,0.0,0.0,1088.0,98.0,3.0,8.3021824e+07,1.168310272e+09,2836.31,26.0,143102.0,0.0,143102.0,143102.0,11.0,0.0,0.0
2026-03-30 22:06:02,293,394349.0,36491.0,847.0,0.0,0.0,0.0,1088.0,98.0,3.0,8.3021824e+07,1.168310272e+09,2838.29,26.0,143203.0,0.0,143202.0,143202.0,11.0,0.0,0.0
2026-03-30 22:06:15,293,394778.0,36491.0,847.0,0.0,0.0,0.0,1089.0,98.0,3.0,8.3021824e+07,1.168310272e+09,2840.52,26.0,143303.0,0.0,143303.0,143303.0,11.0,0.0,0.0
2026-03-30 22:06:27,294,394778.0,36995.0,847.0,0.0,0.0,0.0,1089.0,99.0,3.0,8.3021824e+07,1.168310272e+09,2842.72,26.0,143404.0,0.0,143404.0,143404.0,11.0,0.0,0.0
2026-03-30 22:06:39,294,394778.0,36995.0,847.0,0.0,0.0,0.0,1089.0,99.0,3.0,8.3021824e+07,1.168310272e+09,2844.9,29.0,143505.0,0.0,143504.0,143504.0,11.0,0.0,0.0
2026-03-30 22:06:52,294,395180.0,36995.0,847.0,0.0,0.0,0.0,1090.0,99.0,3.0,8.3021824e+07,1.168310272e+09,2846.83,26.0,143604.0,0.0,143604.0,143604.0,11.0,0.0,0.0
2026-03-30 22:07:04,294,395684.0,36995.0,847.0,0.0,0.0,0.0,1091.0,99.0,3.0,8.3021824e+07,1.168310272e+09,2848.81,26.0,143703.0,0.0,143703.0,143703.0,11.0,0.0,0.0
2026-03-30 22:07:16,294,395684.0,36995.0,847.0,0.0,0.0,0.0,1091.0,99.0,3.0,8.3021824e+07,1.168310272e+09,2851.0800000000004,26.0,143805.0,0.0,143805.0,143805.0,11.0,0.0,0.0
2026-03-30 22:07:29,295,396185.0,36995.0,847.0,0.0,0.0,0.0,1092.0,99.0,3.0,8.3021824e+07,1.168310272e+09,2853.25,28.0,143905.0,0.0,143904.0,143904.0,11.0,0.0,0.0
2026-03-30 22:07:41,295,396185.0,36995.0,847.0,0.0,0.0,0.0,1092.0,99.0,3.0,8.3021824e+07,1.168310272e+09,2855.27,26.0,144003.0,0.0,144003.0,144003.0,11.0,0.0,0.0
2026-03-30 22:07:53,295,396677.0,36995.0,847.0,0.0,0.0,0.0,1093.0,99.0,3.0,8.3021824e+07,1.168310272e+09,2857.18,26.0,144104.0,0.0,144104.0,144104.0,11.0,0.0,0.0
2026-03-30 22:08:06,295,397178.0,36995.0,847.0,0.0,0.0,0.0,1094.0,99.0,3.0,8.3021824e+07,1.168310272e+09,2859.34,26.0,144203.0,0.0,144203.0,144203.0,11.0,0.0,0.0
2026-03-30 22:08:18,295,397178.0,36995.0,847.0,0.0,0.0,0.0,1094.0,99.0,3.0,8.3021824e+07,1.168310272e+09,2861.37,26.0,144304.0,0.0,144304.0,144304.0,11.0,0.0,0.0
2026-03-30 22:08:30,296,397682.0,36995.0,847.0,0.0,0.0,0.0,1095.0,99.0,3.0,8.3021824e+07,1.168310272e+09,2863.44,26.0,144403.0,0.0,144403.0,144403.0,11.0,0.0,0.0
2026-03-30 22:08:43,296,397682.0,36995.0,847.0,0.0,0.0,0.0,1095.0,99.0,3.0,8.3021824e+07,1.168310272e+09,2865.4500000000003,26.0,144503.0,0.0,144503.0,144503.0,11.0,0.0,0.0
2026-03-30 22:08:55,296,398177.0,36995.0,847.0,0.0,0.0,0.0,1096.0,99.0,3.0,8.3021824e+07,1.168310272e+09,2867.54,26.0,144604.0,0.0,144604.0,144604.0,11.0,0.0,0.0
2026-03-30 22:09:07,296,398678.0,36995.0,847.0,0.0,0.0,0.0,1097.0,99.0,3.0,8.3021824e+07,1.168310272e+09,2869.54,26.0,144705.0,0.0,144705.0,144705.0,11.0,0.0,0.0
2026-03-30 22:09:19,296,398678.0,36995.0,847.0,0.0,0.0,0.0,1097.0,99.0,3.0,8.3021824e+07,1.168310272e+09,2871.43,26.0,144804.0,0.0,144804.0,144804.0,11.0,0.0,0.0
2026-03-30 22:09:32,297,399182.0,36995.0,847.0,0.0,0.0,0.0,1098.0,99.0,3.0,8.3021824e+07,1.168310272e+09,2873.45,26.0,144902.0,0.0,144902.0,144902.0,11.0,0.0,0.0
2026-03-30 22:09:44,297,399182.0,36995.0,847.0,0.0,0.0,0.0,1098.0,99.0,3.0,8.3021824e+07,1.168310272e+09,2875.42,26.0,145001.0,0.0,145001.0,145001.0,11.0,0.0,0.0
2026-03-30 22:09:56,297,399671.0,36995.0,847.0,0.0,0.0,0.0,1099.0,99.0,3.0,8.3021824e+07,1.168310272e+09,2877.4500000000003,26.0,145101.0,0.0,145101.0,145101.0,11.0,0.0,0.0
2026-03-30 22:10:09,297,400172.0,36995.0,847.0,0.0,0.0,0.0,1100.0,99.0,3.0,8.3021824e+07,1.168310272e+09,2879.57,26.0,145202.0,0.0,145202.0,145202.0,11.0,0.0,0.0
2026-03-30 22:10:21,297,400172.0,36995.0,847.0,0.0,0.0,0.0,1100.0,99.0,3.0,8.3021824e+07,1.168310272e+09,2881.5,26.0,145302.0,0.0,145302.0,145302.0,11.0,0.0,0.0
2026-03-30 22:10:33,298,400172.0,37499.0,847.0,0.0,0.0,0.0,1100.0,100.0,3.0,8.3021824e+07,1.168310272e+09,2883.46,27.0,145402.0,0.0,145401.0,145401.0,11.0,0.0,0.0
2026-03-30 22:10:46,298,400172.0,37499.0,847.0,0.0,0.0,0.0,1100.0,100.0,3.0,8.3021824e+07,1.168310272e+09,2885.42,26.0,145500.0,0.0,145500.0,145500.0,11.0,0.0,0.0
2026-03-30 22:10:58,298,400664.0,37499.0,847.0,0.0,0.0,0.0,1101.0,100.0,3.0,8.3021824e+07,1.168310272e+09,2887.55,26.0,145599.0,0.0,145599.0,145599.0,11.0,0.0,0.0
2026-03-30 22:11:10,298,401165.0,37499.0,847.0,0.0,0.0,0.0,1102.0,100.0,3.0,8.3021824e+07,1.168310272e+09,2889.54,26.0,145698.0,0.0,145698.0,145698.0,11.0,0.0,0.0
2026-03-30 22:11:22,298,401165.0,37499.0,847.0,0.0,0.0,0.0,1102.0,100.0,3.0,8.3021824e+07,1.168310272e+09,2891.7400000000002,26.0,145798.0,0.0,145798.0,145798.0,11.0,0.0,0.0
2026-03-30 22:11:35,299,401669.0,37499.0,847.0,0.0,0.0,0.0,1103.0,100.0,3.0,8.3021824e+07,1.168310272e+09,2893.67,26.0,145898.0,0.0,145898.0,145898.0,11.0,0.0,0.0
2026-03-30 22:11:47,299,401669.0,37499.0,847.0,0.0,0.0,0.0,1103.0,100.0,3.0,8.3021824e+07,1.168310272e+09,2895.58,26.0,145997.0,0.0,145997.0,145997.0,11.0,0.0,0.0
2026-03-30 22:11:59,299,402173.0,37499.0,847.0,0.0,0.0,0.0,1104.0,100.0,3.0,8.3021824e+07,1.168310272e+09,2897.69,26.0,146097.0,0.0,146097.0,146097.0,11.0,0.0,0.0
2026-03-30 22:12:12,299,402677.0,37499.0,847.0,0.0,0.0,0.0,1105.0,100.0,3.0,8.3021824e+07,1.168310272e+09,2899.67,26.0,146197.0,0.0,146197.0,146197.0,11.0,0.0,0.0
2026-03-30 22:12:24,299,402677.0,37499.0,847.0,0.0,0.0,0.0,1105.0,100.0,3.0,8.3021824e+07,1.168310272e+09,2901.67,26.0,146296.0,0.0,146296.0,146296.0,11.0,0.0,0.0
2026-03-30 22:12:36,300,403181.0,37499.0,847.0,0.0,0.0,0.0,1106.0,100.0,3.0,8.3021824e+07,1.168310272e+09,2903.6099999999997,26.0,146395.0,0.0,146395.0,146395.0,11.0,0.0,0.0
2026-03-30 22:12:48,300,403181.0,37499.0,847.0,0.0,0.0,0.0,1106.0,100.0,3.0,8.3021824e+07,1.168310272e+09,2905.65,26.0,146493.0,0.0,146493.0,146493.0,11.0,0.0,0.0
2026-03-30 22:13:00,300,403685.0,37499.0,847.0,0.0,0.0,0.0,1107.0,100.0,3.0,8.3021824e+07,1.168310272e+09,2907.67,29.0,146593.0,0.0,146592.0,146592.0,11.0,0.0,0.0
2026-03-30 22:13:13,300,403940.0,37499.0,847.0,0.0,0.0,0.0,1108.0,100.0,3.0,8.3021824e+07,1.168310272e+09,2909.6099999999997,26.0,146692.0,0.0,146692.0,146692.0,11.0,0.0,0.0
2026-03-30 22:13:25,301,404444.0,37499.0,847.0,0.0,0.0,0.0,1109.0,100.0,3.0,8.3021824e+07,1.168310272e+09,2911.9700000000003,29.0,146792.0,0.0,146791.0,146791.0,11.0,0.0,0.0
2026-03-30 22:13:37,301,404444.0,37499.0,847.0,0.0,0.0,0.0,1109.0,100.0,3.0,8.3021824e+07,1.168310272e+09,2914.02,26.0,146891.0,0.0,146891.0,146891.0,11.0,0.0,0.0
2026-03-30 22:13:50,301,404945.0,37499.0,847.0,0.0,0.0,0.0,1110.0,100.0,3.0,8.3021824e+07,1.168310272e+09,2916.0099999999998,26.0,146991.0,0.0,146991.0,146991.0,11.0,0.0,0.0
2026-03-30 22:14:02,301,404945.0,37499.0,847.0,0.0,0.0,0.0,1110.0,100.0,3.0,8.3021824e+07,1.168310272e+09,2917.67,26.0,147078.0,0.0,147078.0,147078.0,11.0,0.0,0.0
2026-03-30 22:14:14,301,405449.0,37499.0,847.0,0.0,0.0,0.0,1111.0,100.0,3.0,8.3021824e+07,1.168310272e+09,2918.31,26.0,147108.0,0.0,147108.0,147108.0,11.0,0.0,0.0
2026-03-30 22:14:26,302,405449.0,37499.0,847.0,0.0,0.0,0.0,1111.0,100.0,3.0,8.3021824e+07,1.168310272e+09,2920.2400000000002,26.0,147206.0,0.0,147206.0,147206.0,11.0,0.0,0.0
2026-03-30 22:14:39,302,405449.0,38003.0,847.0,0.0,0.0,0.0,1111.0,101.0,3.0,8.3021824e+07,1.168310272e+09,2922.37,26.0,147305.0,0.0,147305.0,147305.0,11.0,0.0,0.0
2026-03-30 22:14:51,302,405449.0,38003.0,847.0,0.0,0.0,0.0,1111.0,101.0,3.0,8.3021824e+07,1.168310272e+09,2924.2999999999997,26.0,147402.0,0.0,147402.0,147402.0,11.0,0.0,0.0
2026-03-30 22:15:03,302,405953.0,38003.0,847.0,0.0,0.0,0.0,1112.0,101.0,3.0,8.3021824e+07,1.168310272e+09,2926.36,29.0,147503.0,0.0,147502.0,147502.0,11.0,0.0,0.0
2026-03-30 22:15:16,302,406457.0,38003.0,847.0,0.0,0.0,0.0,1113.0,101.0,3.0,8.3021824e+07,1.168310272e+09,2928.52,26.0,147603.0,0.0,147603.0,147603.0,11.0,0.0,0.0
2026-03-30 22:15:28,303,406457.0,38003.0,847.0,0.0,0.0,0.0,1113.0,101.0,3.0,8.3021824e+07,1.168310272e+09,2930.7599999999998,29.0,147705.0,0.0,147704.0,147704.0,11.0,0.0,0.0
2026-03-30 22:15:41,303,406772.0,38003.0,847.0,0.0,0.0,0.0,1114.0,101.0,3.0,8.3021824e+07,1.168310272e+09,2932.77,29.0,147804.0,0.0,147803.0,147803.0,11.0,0.0,0.0
2026-03-30 22:15:53,303,407069.0,38003.0,847.0,0.0,0.0,0.0,1115.0,101.0,3.0,8.3021824e+07,1.168310272e+09,2934.65,26.0,147902.0,0.0,147902.0,147902.0,11.0,0.0,0.0
2026-03-30 22:16:05,303,407573.0,38003.0,847.0,0.0,0.0,0.0,1116.0,101.0,3.0,8.3021824e+07,1.168310272e+09,2936.74,26.0,148003.0,0.0,148003.0,148003.0,11.0,0.0,0.0
2026-03-30 22:16:18,303,407573.0,38003.0,847.0,0.0,0.0,0.0,1116.0,101.0,3.0,8.3021824e+07,1.168310272e+09,2938.84,26.0,148102.0,0.0,148102.0,148102.0,11.0,0.0,0.0
2026-03-30 22:16:30,304,408077.0,38003.0,847.0,0.0,0.0,0.0,1117.0,101.0,3.0,8.3021824e+07,1.168310272e+09,2940.8,26.0,148202.0,0.0,148202.0,148202.0,11.0,0.0,0.0
2026-03-30 22:16:42,304,408560.0,38003.0,847.0,0.0,0.0,0.0,1118.0,101.0,3.0,8.3021824e+07,1.168310272e+09,2942.79,29.0,148301.0,0.0,148300.0,148300.0,11.0,0.0,0.0
2026-03-30 22:16:55,304,408560.0,38003.0,847.0,0.0,0.0,0.0,1118.0,101.0,3.0,8.2890752e+07,1.168310272e+09,2944.74,26.0,148401.0,0.0,148401.0,148401.0,11.0,0.0,0.0
2026-03-30 22:17:07,304,409064.0,38003.0,847.0,0.0,0.0,0.0,1119.0,101.0,3.0,8.2890752e+07,1.168310272e+09,2946.8,26.0,148499.0,0.0,148499.0,148499.0,11.0,0.0,0.0
2026-03-30 22:17:19,304,409064.0,38003.0,847.0,0.0,0.0,0.0,1119.0,101.0,3.0,8.2890752e+07,1.168310272e+09,2948.77,26.0,148598.0,0.0,148598.0,148598.0,11.0,0.0,0.0
2026-03-30 22:17:31,305,409568.0,38003.0,847.0,0.0,0.0,0.0,1120.0,101.0,3.0,8.2890752e+07,1.168310272e+09,2950.71,29.0,148697.0,0.0,148696.0,148696.0,11.0,0.0,0.0
2026-03-30 22:17:44,305,410048.0,38003.0,847.0,0.0,0.0,0.0,1121.0,101.0,3.0,8.2890752e+07,1.168310272e+09,2952.7400000000002,29.0,148797.0,0.0,148796.0,148796.0,11.0,0.0,0.0
2026-03-30 22:17:56,305,410048.0,38003.0,847.0,0.0,0.0,0.0,1121.0,101.0,3.0,8.2890752e+07,1.168310272e+09,2954.7599999999998,26.0,148898.0,0.0,148898.0,148898.0,11.0,0.0,0.0
2026-03-30 22:18:08,305,410552.0,38003.0,847.0,0.0,0.0,0.0,1122.0,101.0,3.0,8.2890752e+07,1.168310272e+09,2956.96,27.0,148999.0,0.0,148998.0,148998.0,11.0,0.0,0.0
2026-03-30 22:18:21,305,410552.0,38003.0,847.0,0.0,0.0,0.0,1122.0,101.0,3.0,8.2890752e+07,1.168310272e+09,2958.93,26.0,149098.0,0.0,149098.0,149098.0,11.0,0.0,0.0
2026-03-30 22:18:33,306,410552.0,38507.0,847.0,0.0,0.0,0.0,1122.0,102.0,3.0,8.2890752e+07,1.168310272e+09,2960.87,27.0,149200.0,0.0,149199.0,149199.0,11.0,0.0,0.0
2026-03-30 22:18:46,306,411056.0,38507.0,847.0,0.0,0.0,0.0,1123.0,102.0,3.0,8.2890752e+07,1.168310272e+09,2963.0499999999997,26.0,149303.0,0.0,149303.0,149303.0,11.0,0.0,0.0
2026-03-30 22:18:58,306,411056.0,38507.0,847.0,0.0,0.0,0.0,1123.0,102.0,3.0,8.2890752e+07,1.168310272e+09,2965.09,29.0,149402.0,0.0,149401.0,149401.0,11.0,0.0,0.0
2026-03-30 22:19:10,306,411359.0,38507.0,847.0,0.0,0.0,0.0,1124.0,102.0,3.0,8.2890752e+07,1.168310272e+09,2967.13,26.0,149501.0,0.0,149501.0,149501.0,11.0,0.0,0.0
2026-03-30 22:19:23,306,411863.0,38507.0,847.0,0.0,0.0,0.0,1125.0,102.0,3.0,8.2890752e+07,1.168310272e+09,2969.13,26.0,149601.0,0.0,149601.0,149601.0,11.0,0.0,0.0
2026-03-30 22:19:35,307,411863.0,38507.0,847.0,0.0,0.0,0.0,1125.0,102.0,3.0,8.2890752e+07,1.168310272e+09,2971.27,26.0,149702.0,0.0,149702.0,149702.0,11.0,0.0,0.0
2026-03-30 22:19:48,307,412364.0,38507.0,847.0,0.0,0.0,0.0,1126.0,102.0,3.0,8.2890752e+07,1.168310272e+09,2973.27,26.0,149802.0,0.0,149802.0,149802.0,11.0,0.0,0.0
2026-03-30 22:20:00,307,412364.0,38507.0,847.0,0.0,0.0,0.0,1126.0,102.0,3.0,8.2890752e+07,1.168310272e+09,2975.3199999999997,26.0,149902.0,0.0,149902.0,149902.0,11.0,0.0,0.0
2026-03-30 22:20:12,307,412862.0,38507.0,847.0,0.0,0.0,0.0,1127.0,102.0,3.0,8.2890752e+07,1.168310272e+09,2977.3,29.0,150002.0,0.0,150001.0,150001.0,11.0,0.0,0.0
2026-03-30 22:20:24,307,413159.0,38507.0,847.0,0.0,0.0,0.0,1128.0,102.0,3.0,8.2890752e+07,1.168310272e+09,2979.31,27.0,150102.0,0.0,150101.0,150101.0,11.0,0.0,0.0
2026-03-30 22:20:37,308,413663.0,38507.0,847.0,0.0,0.0,0.0,1129.0,102.0,3.0,8.2890752e+07,1.168310272e+09,2981.37,26.0,150201.0,0.0,150201.0,150201.0,11.0,0.0,0.0
2026-03-30 22:20:49,308,413663.0,38507.0,847.0,0.0,0.0,0.0,1129.0,102.0,3.0,8.2890752e+07,1.168310272e+09,2983.34,26.0,150301.0,0.0,150301.0,150301.0,11.0,0.0,0.0
2026-03-30 22:21:01,308,414164.0,38507.0,847.0,0.0,0.0,0.0,1130.0,102.0,3.0,8.2890752e+07,1.168310272e+09,2985.5299999999997,26.0,150401.0,0.0,150401.0,150401.0,11.0,0.0,0.0
2026-03-30 22:21:14,308,414164.0,38507.0,847.0,0.0,0.0,0.0,1130.0,102.0,3.0,8.2890752e+07,1.168310272e+09,2987.5400000000004,26.0,150501.0,0.0,150501.0,150501.0,11.0,0.0,0.0
2026-03-30 22:21:26,309,414659.0,38507.0,847.0,0.0,0.0,0.0,1131.0,102.0,3.0,8.2890752e+07,1.168310272e+09,2989.58,26.0,150601.0,0.0,150601.0,150601.0,11.0,0.0,0.0
2026-03-30 22:21:38,309,415160.0,38507.0,847.0,0.0,0.0,0.0,1132.0,102.0,3.0,8.2890752e+07,1.168310272e+09,2991.5499999999997,26.0,150701.0,0.0,150701.0,150701.0,11.0,0.0,0.0
2026-03-30 22:21:51,309,415160.0,38507.0,847.0,0.0,0.0,0.0,1132.0,102.0,3.0,8.2890752e+07,1.168310272e+09,2993.44,26.0,150801.0,0.0,150801.0,150801.0,11.0,0.0,0.0
2026-03-30 22:22:03,309,415664.0,38507.0,847.0,0.0,0.0,0.0,1133.0,102.0,3.0,8.2890752e+07,1.168310272e+09,2995.53,27.0,150901.0,0.0,150900.0,150900.0,11.0,0.0,0.0
2026-03-30 22:22:15,309,415664.0,38507.0,847.0,0.0,0.0,0.0,1133.0,102.0,3.0,8.2890752e+07,1.168310272e+09,2997.54,26.0,151000.0,0.0,151000.0,151000.0,11.0,0.0,0.0
2026-03-30 22:22:27,310,415664.0,38999.0,847.0,0.0,0.0,0.0,1133.0,103.0,3.0,8.2890752e+07,1.168310272e+09,2999.4900000000002,26.0,151099.0,0.0,151099.0,151099.0,11.0,0.0,0.0
2026-03-30 22:22:40,310,416165.0,38999.0,847.0,0.0,0.0,0.0,1134.0,103.0,3.0,8.2890752e+07,1.168310272e+09,3001.63,26.0,151199.0,0.0,151199.0,151199.0,11.0,0.0,0.0
2026-03-30 22:22:52,310,416165.0,38999.0,847.0,0.0,0.0,0.0,1134.0,103.0,3.0,8.2890752e+07,1.168310272e+09,3003.6099999999997,26.0,151297.0,0.0,151297.0,151297.0,11.0,0.0,0.0
2026-03-30 22:23:04,310,416666.0,38999.0,847.0,0.0,0.0,0.0,1135.0,103.0,3.0,8.2890752e+07,1.168310272e+09,3005.68,26.0,151399.0,0.0,151399.0,151399.0,11.0,0.0,0.0
2026-03-30 22:23:17,310,417158.0,38999.0,847.0,0.0,0.0,0.0,1136.0,103.0,3.0,8.2890752e+07,1.168310272e+09,3007.74,29.0,151499.0,0.0,151498.0,151498.0,11.0,0.0,0.0
2026-03-30 22:23:29,311,417158.0,38999.0,847.0,0.0,0.0,0.0,1136.0,103.0,3.0,8.2890752e+07,1.168310272e+09,3009.82,26.0,151601.0,0.0,151600.0,151600.0,11.0,0.0,0.0
2026-03-30 22:23:41,311,417662.0,38999.0,847.0,0.0,0.0,0.0,1137.0,103.0,3.0,8.2890752e+07,1.168310272e+09,3011.81,26.0,151699.0,0.0,151699.0,151699.0,11.0,0.0,0.0
2026-03-30 22:23:53,311,417662.0,38999.0,847.0,0.0,0.0,0.0,1137.0,103.0,3.0,8.2890752e+07,1.168310272e+09,3013.76,26.0,151799.0,0.0,151799.0,151799.0,11.0,0.0,0.0
2026-03-30 22:24:06,311,418166.0,38999.0,847.0,0.0,0.0,0.0,1138.0,103.0,3.0,8.2890752e+07,1.168310272e+09,3015.8,26.0,151898.0,0.0,151898.0,151898.0,11.0,0.0,0.0
2026-03-30 22:24:18,311,418166.0,38999.0,847.0,0.0,0.0,0.0,1138.0,103.0,3.0,8.2890752e+07,1.168310272e+09,3017.96,29.0,152000.0,0.0,151999.0,151999.0,11.0,0.0,0.0
2026-03-30 22:24:31,312,418661.0,38999.0,847.0,0.0,0.0,0.0,1139.0,103.0,3.0,8.2890752e+07,1.168310272e+09,3019.9700000000003,26.0,152099.0,0.0,152099.0,152099.0,11.0,0.0,0.0
2026-03-30 22:24:43,312,419165.0,38999.0,847.0,0.0,0.0,0.0,1140.0,103.0,3.0,8.2890752e+07,1.168310272e+09,3022.02,26.0,152199.0,0.0,152198.0,152198.0,11.0,0.0,0.0
2026-03-30 22:24:55,312,419165.0,38999.0,847.0,0.0,0.0,0.0,1140.0,103.0,3.0,8.2890752e+07,1.168310272e+09,3024.1299999999997,26.0,152298.0,0.0,152298.0,152298.0,11.0,0.0,0.0
2026-03-30 22:25:08,312,419669.0,38999.0,847.0,0.0,0.0,0.0,1141.0,103.0,3.0,8.2890752e+07,1.168310272e+09,3026.09,26.0,152398.0,0.0,152398.0,152398.0,11.0,0.0,0.0
2026-03-30 22:25:20,312,419669.0,38999.0,847.0,0.0,0.0,0.0,1141.0,103.0,3.0,8.2890752e+07,1.168310272e+09,3028.18,26.0,152498.0,0.0,152498.0,152498.0,11.0,0.0,0.0
2026-03-30 22:25:32,313,420158.0,38999.0,847.0,0.0,0.0,0.0,1142.0,103.0,3.0,8.2890752e+07,1.168310272e+09,3030.29,26.0,152598.0,0.0,152598.0,152598.0,11.0,0.0,0.0
2026-03-30 22:25:45,313,420659.0,38999.0,847.0,0.0,0.0,0.0,1143.0,103.0,3.0,8.2890752e+07,1.168310272e+09,3032.29,26.0,152697.0,0.0,152697.0,152697.0,11.0,0.0,0.0
2026-03-30 22:25:57,313,420659.0,38999.0,847.0,0.0,0.0,0.0,1143.0,103.0,3.0,8.2890752e+07,1.168310272e+09,3034.52,26.0,152796.0,0.0,152796.0,152796.0,11.0,0.0,0.0
2026-03-30 22:26:09,313,421163.0,38999.0,847.0,0.0,0.0,0.0,1144.0,103.0,3.0,8.2890752e+07,1.168310272e+09,3036.6600000000003,26.0,152895.0,0.0,152895.0,152895.0,11.0,0.0,0.0
2026-03-30 22:26:22,313,421163.0,38999.0,847.0,0.0,0.0,0.0,1144.0,103.0,3.0,8.2890752e+07,1.168310272e+09,3038.66,26.0,152996.0,0.0,152996.0,152996.0,11.0,0.0,0.0
2026-03-30 22:26:34,314,421163.0,39488.0,847.0,0.0,0.0,0.0,1144.0,104.0,3.0,8.2890752e+07,1.168310272e+09,3040.77,26.0,153097.0,0.0,153097.0,153097.0,11.0,0.0,0.0
2026-03-30 22:26:46,314,421163.0,39488.0,1348.0,0.0,0.0,0.0,1144.0,104.0,4.0,8.2890752e+07,1.168310272e+09,3042.9599999999996,26.0,153196.0,0.0,153196.0,153196.0,11.0,0.0,0.0
2026-03-30 22:26:59,314,421439.0,39488.0,1348.0,0.0,0.0,0.0,1146.0,104.0,4.0,8.2890752e+07,1.168310272e+09,3045.01,26.0,153296.0,0.0,153296.0,153296.0,11.0,0.0,0.0
2026-03-30 22:27:11,314,421745.0,39488.0,1348.0,0.0,0.0,0.0,1148.0,104.0,4.0,8.2890752e+07,1.168310272e+09,3046.8999999999996,26.0,153395.0,0.0,153395.0,153395.0,11.0,0.0,0.0
2026-03-30 22:27:23,314,422051.0,39488.0,1348.0,0.0,0.0,0.0,1150.0,104.0,4.0,8.2890752e+07,1.168310272e+09,3048.82,29.0,153495.0,0.0,153494.0,153494.0,11.0,0.0,0.0
2026-03-30 22:27:36,315,422156.0,39488.0,1348.0,0.0,0.0,0.0,1151.0,104.0,4.0,8.2890752e+07,1.168310272e+09,3050.77,26.0,153594.0,0.0,153594.0,153594.0,11.0,0.0,0.0
2026-03-30 22:27:48,315,422531.0,39488.0,1348.0,0.0,0.0,0.0,1152.0,104.0,4.0,8.2890752e+07,1.168310272e+09,3052.73,26.0,153694.0,0.0,153694.0,153694.0,11.0,0.0,0.0
2026-03-30 22:28:00,315,422909.0,39488.0,1348.0,0.0,0.0,0.0,1153.0,104.0,4.0,8.2890752e+07,1.168310272e+09,3054.8,26.0,153793.0,0.0,153793.0,153793.0,11.0,0.0,0.0
2026-03-30 22:28:12,315,423287.0,39488.0,1348.0,0.0,0.0,0.0,1154.0,104.0,4.0,8.2890752e+07,1.168310272e+09,3056.84,26.0,153893.0,0.0,153893.0,153893.0,11.0,0.0,0.0
2026-03-30 22:28:25,316,423287.0,39488.0,1348.0,0.0,0.0,0.0,1154.0,104.0,4.0,8.2890752e+07,1.168310272e+09,3059.0800000000004,26.0,153992.0,0.0,153992.0,153992.0,11.0,0.0,0.0
2026-03-30 22:28:37,316,423665.0,39488.0,1348.0,0.0,0.0,0.0,1155.0,104.0,4.0,8.2890752e+07,1.168310272e+09,3061.0499999999997,26.0,154091.0,0.0,154091.0,154091.0,11.0,0.0,0.0
2026-03-30 22:28:50,316,423665.0,39866.0,1348.0,0.0,0.0,0.0,1155.0,105.0,4.0,8.2890752e+07,1.168310272e+09,3063.13,28.0,154191.0,0.0,154190.0,154190.0,11.0,0.0,0.0
2026-03-30 22:29:02,316,424043.0,39866.0,1348.0,0.0,0.0,0.0,1156.0,105.0,4.0,8.2890752e+07,1.168310272e+09,3064.96,29.0,154290.0,0.0,154289.0,154289.0,11.0,0.0,0.0
2026-03-30 22:29:14,316,424421.0,39866.0,1348.0,0.0,0.0,0.0,1157.0,105.0,4.0,8.2890752e+07,1.168310272e+09,3067.06,26.0,154388.0,0.0,154388.0,154388.0,11.0,0.0,0.0
2026-03-30 22:29:26,317,424421.0,39866.0,1348.0,0.0,0.0,0.0,1157.0,105.0,4.0,8.2890752e+07,1.168310272e+09,3069.1400000000003,29.0,154486.0,0.0,154485.0,154485.0,11.0,0.0,0.0
2026-03-30 22:29:38,317,424751.0,39866.0,1348.0,0.0,0.0,0.0,1158.0,105.0,4.0,8.2890752e+07,1.168310272e+09,3071.1600000000003,29.0,154586.0,0.0,154585.0,154585.0,11.0,0.0,0.0
2026-03-30 22:29:51,317,425051.0,39866.0,1348.0,0.0,0.0,0.0,1159.0,105.0,4.0,8.2890752e+07,1.168310272e+09,3073.17,27.0,154685.0,0.0,154684.0,154684.0,11.0,0.0,0.0
2026-03-30 22:30:03,317,425348.0,39866.0,1348.0,0.0,0.0,0.0,1160.0,105.0,4.0,8.2890752e+07,1.168310272e+09,3075.32,26.0,154786.0,0.0,154786.0,154786.0,11.0,0.0,0.0
2026-03-30 22:30:15,317,425726.0,39866.0,1348.0,0.0,0.0,0.0,1161.0,105.0,4.0,8.2890752e+07,1.168310272e+09,3077.61,26.0,154888.0,0.0,154888.0,154888.0,11.0,0.0,0.0
2026-03-30 22:30:28,318,426104.0,39866.0,1348.0,0.0,0.0,0.0,1162.0,105.0,4.0,8.2890752e+07,1.168310272e+09,3079.71,26.0,154989.0,0.0,154989.0,154989.0,11.0,0.0,0.0
2026-03-30 22:30:40,318,426482.0,39866.0,1348.0,0.0,0.0,0.0,1163.0,105.0,4.0,8.2890752e+07,1.168310272e+09,3081.91,26.0,155089.0,0.0,155089.0,155089.0,11.0,0.0,0.0
2026-03-30 22:30:52,318,426482.0,39866.0,1348.0,0.0,0.0,0.0,1163.0,105.0,4.0,8.2890752e+07,1.168310272e+09,3083.74,26.0,155187.0,0.0,155187.0,155187.0,11.0,0.0,0.0
2026-03-30 22:31:05,318,426920.0,39866.0,1348.0,0.0,0.0,0.0,1164.0,105.0,4.0,8.2890752e+07,1.168310272e+09,3085.7599999999998,29.0,155288.0,0.0,155287.0,155287.0,11.0,0.0,0.0
2026-03-30 22:31:17,318,427157.0,39866.0,1348.0,0.0,0.0,0.0,1165.0,105.0,4.0,8.2890752e+07,1.168310272e+09,3087.84,26.0,155386.0,0.0,155386.0,155386.0,11.0,0.0,0.0
2026-03-30 22:31:30,319,427661.0,39866.0,1348.0,0.0,0.0,0.0,1166.0,105.0,4.0,8.2890752e+07,1.168310272e+09,3089.8199999999997,29.0,155486.0,0.0,155485.0,155485.0,11.0,0.0,0.0
2026-03-30 22:31:42,319,427661.0,39866.0,1348.0,0.0,0.0,0.0,1166.0,105.0,4.0,8.2890752e+07,1.168310272e+09,3091.78,29.0,155584.0,0.0,155583.0,155583.0,11.0,0.0,0.0
2026-03-30 22:31:54,319,427661.0,40250.0,1348.0,0.0,0.0,0.0,1166.0,106.0,4.0,8.2890752e+07,1.168310272e+09,3093.73,26.0,155682.0,0.0,155682.0,155682.0,11.0,0.0,0.0
2026-03-30 22:32:06,319,428165.0,40250.0,1348.0,0.0,0.0,0.0,1167.0,106.0,4.0,8.2890752e+07,1.168310272e+09,3095.61,26.0,155781.0,0.0,155781.0,155781.0,11.0,0.0,0.0
2026-03-30 22:32:18,319,428165.0,40250.0,1348.0,0.0,0.0,0.0,1167.0,106.0,4.0,8.2890752e+07,1.168310272e+09,3097.59,26.0,155879.0,0.0,155879.0,155879.0,11.0,0.0,0.0
2026-03-30 22:32:31,320,428669.0,40250.0,1348.0,0.0,0.0,0.0,1168.0,106.0,4.0,8.2890752e+07,1.168310272e+09,3099.57,26.0,155979.0,0.0,155979.0,155979.0,11.0,0.0,0.0
2026-03-30 22:32:43,320,428669.0,40250.0,1348.0,0.0,0.0,0.0,1168.0,106.0,4.0,8.2890752e+07,1.168310272e+09,3101.46,26.0,156078.0,0.0,156078.0,156078.0,11.0,0.0,0.0
2026-03-30 22:32:56,320,429173.0,40250.0,1348.0,0.0,0.0,0.0,1169.0,106.0,4.0,8.2890752e+07,1.168310272e+09,3103.5499999999997,26.0,156180.0,0.0,156180.0,156180.0,11.0,0.0,0.0
2026-03-30 22:33:08,320,429677.0,40250.0,1348.0,0.0,0.0,0.0,1170.0,106.0,4.0,8.2890752e+07,1.168310272e+09,3105.5299999999997,26.0,156279.0,0.0,156279.0,156279.0,11.0,0.0,0.0
2026-03-30 22:33:20,320,429677.0,40250.0,1348.0,0.0,0.0,0.0,1170.0,106.0,4.0,8.2890752e+07,1.168310272e+09,3107.5,26.0,156378.0,0.0,156378.0,156378.0,11.0,0.0,0.0
2026-03-30 22:33:32,321,430181.0,40250.0,1348.0,0.0,0.0,0.0,1171.0,106.0,4.0,8.2890752e+07,1.168310272e+09,3109.46,26.0,156476.0,0.0,156476.0,156476.0,11.0,0.0,0.0
2026-03-30 22:33:45,321,430181.0,40250.0,1348.0,0.0,0.0,0.0,1171.0,106.0,4.0,8.2890752e+07,1.168310272e+09,3111.5699999999997,26.0,156579.0,0.0,156579.0,156579.0,11.0,0.0,0.0
2026-03-30 22:33:57,321,430685.0,40250.0,1348.0,0.0,0.0,0.0,1172.0,106.0,4.0,8.3021824e+07,1.168310272e+09,3113.59,26.0,156678.0,0.0,156678.0,156678.0,11.0,0.0,0.0
2026-03-30 22:34:09,321,431189.0,40250.0,1348.0,0.0,0.0,0.0,1173.0,106.0,4.0,8.3021824e+07,1.168310272e+09,3115.58,26.0,156778.0,0.0,156778.0,156778.0,11.0,0.0,0.0
2026-03-30 22:34:22,321,431189.0,40250.0,1348.0,0.0,0.0,0.0,1173.0,106.0,4.0,8.3021824e+07,1.168310272e+09,3117.9500000000003,26.0,156878.0,0.0,156878.0,156878.0,11.0,0.0,0.0
2026-03-30 22:34:34,322,431693.0,40250.0,1348.0,0.0,0.0,0.0,1174.0,106.0,4.0,8.3021824e+07,1.168310272e+09,3120.02,26.0,156978.0,0.0,156978.0,156978.0,11.0,0.0,0.0
2026-03-30 22:34:47,322,431693.0,40250.0,1348.0,0.0,0.0,0.0,1174.0,106.0,4.0,8.3021824e+07,1.168310272e+09,3122.1,26.0,157079.0,0.0,157079.0,157079.0,11.0,0.0,0.0
2026-03-30 22:34:59,322,432197.0,40250.0,1348.0,0.0,0.0,0.0,1175.0,106.0,4.0,8.3021824e+07,1.168310272e+09,3124.29,26.0,157179.0,0.0,157179.0,157179.0,11.0,0.0,0.0
2026-03-30 22:35:12,322,432701.0,40250.0,1348.0,0.0,0.0,0.0,1176.0,106.0,4.0,8.3021824e+07,1.168310272e+09,3126.4300000000003,26.0,157278.0,0.0,157278.0,157278.0,11.0,0.0,0.0
2026-03-30 22:35:24,322,432701.0,40250.0,1348.0,0.0,0.0,0.0,1176.0,106.0,4.0,8.3021824e+07,1.168310272e+09,3128.5499999999997,26.0,157378.0,0.0,157378.0,157378.0,11.0,0.0,0.0
2026-03-30 22:35:36,323,433202.0,40250.0,1348.0,0.0,0.0,0.0,1177.0,106.0,4.0,8.3021824e+07,1.168310272e+09,3130.56,29.0,157480.0,0.0,157479.0,157479.0,11.0,0.0,0.0
2026-03-30 22:35:49,323,433202.0,40250.0,1348.0,0.0,0.0,0.0,1177.0,106.0,4.0,8.3021824e+07,1.168310272e+09,3132.69,29.0,157580.0,0.0,157579.0,157579.0,11.0,0.0,0.0
2026-03-30 22:36:01,323,433202.0,40697.0,1348.0,0.0,0.0,0.0,1177.0,107.0,4.0,8.3021824e+07,1.168310272e+09,3134.68,26.0,157678.0,0.0,157678.0,157678.0,11.0,0.0,0.0
2026-03-30 22:36:13,323,433706.0,40697.0,1348.0,0.0,0.0,0.0,1178.0,107.0,4.0,8.3021824e+07,1.168310272e+09,3136.65,26.0,157777.0,0.0,157777.0,157777.0,11.0,0.0,0.0
2026-03-30 22:36:25,324,433706.0,40697.0,1348.0,0.0,0.0,0.0,1178.0,107.0,4.0,8.3021824e+07,1.168310272e+09,3138.6899999999996,26.0,157876.0,0.0,157876.0,157876.0,11.0,0.0,0.0
2026-03-30 22:36:38,324,434207.0,40697.0,1348.0,0.0,0.0,0.0,1179.0,107.0,4.0,8.3021824e+07,1.168310272e+09,3140.73,26.0,157975.0,0.0,157975.0,157975.0,11.0,0.0,0.0
2026-03-30 22:36:50,324,434207.0,40697.0,1348.0,0.0,0.0,0.0,1179.0,107.0,4.0,8.2890752e+07,1.168310272e+09,3142.69,26.0,158076.0,0.0,158076.0,158076.0,11.0,0.0,0.0
2026-03-30 22:37:02,324,434711.0,40697.0,1348.0,0.0,0.0,0.0,1180.0,107.0,4.0,8.2890752e+07,1.168310272e+09,3144.53,26.0,158175.0,0.0,158175.0,158175.0,11.0,0.0,0.0
2026-03-30 22:37:14,324,435215.0,40697.0,1348.0,0.0,0.0,0.0,1181.0,107.0,4.0,8.2890752e+07,1.168310272e+09,3146.65,26.0,158276.0,0.0,158276.0,158276.0,11.0,0.0,0.0
2026-03-30 22:37:27,325,435215.0,40697.0,1348.0,0.0,0.0,0.0,1181.0,107.0,4.0,8.2890752e+07,1.168310272e+09,3148.83,26.0,158376.0,0.0,158376.0,158376.0,11.0,0.0,0.0
2026-03-30 22:37:39,325,435719.0,40697.0,1348.0,0.0,0.0,0.0,1182.0,107.0,4.0,8.2890752e+07,1.168310272e+09,3150.9,26.0,158477.0,0.0,158477.0,158477.0,11.0,0.0,0.0
2026-03-30 22:37:52,325,435719.0,40697.0,1348.0,0.0,0.0,0.0,1182.0,107.0,4.0,8.2890752e+07,1.168310272e+09,3152.8599999999997,26.0,158575.0,0.0,158575.0,158575.0,11.0,0.0,0.0
2026-03-30 22:38:04,325,436223.0,40697.0,1348.0,0.0,0.0,0.0,1183.0,107.0,4.0,8.2890752e+07,1.168310272e+09,3154.79,26.0,158675.0,0.0,158675.0,158675.0,11.0,0.0,0.0
2026-03-30 22:38:16,325,436727.0,40697.0,1348.0,0.0,0.0,0.0,1184.0,107.0,4.0,8.2890752e+07,1.168310272e+09,3156.84,26.0,158774.0,0.0,158774.0,158774.0,11.0,0.0,0.0
2026-03-30 22:38:28,326,436727.0,40697.0,1348.0,0.0,0.0,0.0,1184.0,107.0,4.0,8.2890752e+07,1.168310272e+09,3158.91,26.0,158875.0,0.0,158874.0,158874.0,11.0,0.0,0.0
2026-03-30 22:38:41,326,437231.0,40697.0,1348.0,0.0,0.0,0.0,1185.0,107.0,4.0,8.2890752e+07,1.168310272e+09,3160.88,26.0,158974.0,0.0,158974.0,158974.0,11.0,0.0,0.0
2026-03-30 22:38:53,326,437231.0,40697.0,1348.0,0.0,0.0,0.0,1185.0,107.0,4.0,8.2890752e+07,1.168310272e+09,3162.8999999999996,26.0,159073.0,0.0,159073.0,159073.0,11.0,0.0,0.0
2026-03-30 22:39:05,326,437735.0,40697.0,1348.0,0.0,0.0,0.0,1186.0,107.0,4.0,8.2890752e+07,1.168310272e+09,3164.81,26.0,159171.0,0.0,159171.0,159171.0,11.0,0.0,0.0
2026-03-30 22:39:18,326,438239.0,40697.0,1348.0,0.0,0.0,0.0,1187.0,107.0,4.0,8.2890752e+07,1.168310272e+09,3166.93,26.0,159271.0,0.0,159271.0,159271.0,11.0,0.0,0.0
2026-03-30 22:39:30,327,438239.0,40697.0,1348.0,0.0,0.0,0.0,1187.0,107.0,4.0,8.2890752e+07,1.168310272e+09,3169.01,27.0,159371.0,0.0,159370.0,159370.0,11.0,0.0,0.0
2026-03-30 22:39:42,327,438743.0,40697.0,1348.0,0.0,0.0,0.0,1188.0,107.0,4.0,8.2890752e+07,1.168310272e+09,3171.2,26.0,159471.0,0.0,159471.0,159471.0,11.0,0.0,0.0
2026-03-30 22:39:55,327,438743.0,40697.0,1348.0,0.0,0.0,0.0,1188.0,107.0,4.0,8.2890752e+07,1.168310272e+09,3173.09,26.0,159567.0,0.0,159567.0,159567.0,11.0,0.0,0.0
2026-03-30 22:40:07,327,438743.0,41198.0,1348.0,0.0,0.0,0.0,1188.0,108.0,4.0,8.2890752e+07,1.168310272e+09,3175.05,26.0,159666.0,0.0,159666.0,159666.0,11.0,0.0,0.0
2026-03-30 22:40:19,327,439247.0,41198.0,1348.0,0.0,0.0,0.0,1189.0,108.0,4.0,8.2890752e+07,1.168310272e+09,3176.9500000000003,29.0,159763.0,0.0,159762.0,159762.0,11.0,0.0,0.0
2026-03-30 22:40:31,328,439247.0,41198.0,1348.0,0.0,0.0,0.0,1189.0,108.0,4.0,8.2890752e+07,1.168310272e+09,3178.92,27.0,159861.0,0.0,159860.0,159860.0,11.0,0.0,0.0
2026-03-30 22:40:43,328,439751.0,41198.0,1348.0,0.0,0.0,0.0,1190.0,108.0,4.0,8.2890752e+07,1.168310272e+09,3180.8599999999997,26.0,159961.0,0.0,159961.0,159961.0,11.0,0.0,0.0
2026-03-30 22:40:56,328,439751.0,41198.0,1348.0,0.0,0.0,0.0,1190.0,108.0,4.0,8.2890752e+07,1.168310272e+09,3182.85,27.0,160062.0,0.0,160062.0,160062.0,11.0,0.0,0.0
2026-03-30 22:41:08,328,440150.0,41198.0,1348.0,0.0,0.0,0.0,1191.0,108.0,4.0,8.2890752e+07,1.168310272e+09,3184.89,26.0,160163.0,0.0,160163.0,160163.0,11.0,0.0,0.0
2026-03-30 22:41:20,328,440651.0,41198.0,1348.0,0.0,0.0,0.0,1192.0,108.0,4.0,8.2890752e+07,1.168310272e+09,3187.06,26.0,160264.0,0.0,160264.0,160264.0,11.0,0.0,0.0
2026-03-30 22:41:33,329,440651.0,41198.0,1348.0,0.0,0.0,0.0,1192.0,108.0,4.0,8.2890752e+07,1.168310272e+09,3189.17,29.0,160364.0,0.0,160363.0,160363.0,11.0,0.0,0.0
2026-03-30 22:41:45,329,441053.0,41198.0,1348.0,0.0,0.0,0.0,1193.0,108.0,4.0,8.2890752e+07,1.168310272e+09,3191.23,26.0,160464.0,0.0,160464.0,160464.0,11.0,0.0,0.0
2026-03-30 22:41:57,329,441557.0,41198.0,1348.0,0.0,0.0,0.0,1194.0,108.0,4.0,8.2890752e+07,1.168310272e+09,3193.27,26.0,160563.0,0.0,160563.0,160563.0,11.0,0.0,0.0
2026-03-30 22:42:10,329,441557.0,41198.0,1348.0,0.0,0.0,0.0,1194.0,108.0,4.0,8.2890752e+07,1.168310272e+09,3195.21,26.0,160663.0,0.0,160663.0,160663.0,11.0,0.0,0.0
2026-03-30 22:42:22,329,442058.0,41198.0,1348.0,0.0,0.0,0.0,1195.0,108.0,4.0,8.2890752e+07,1.168310272e+09,3197.32,26.0,160763.0,0.0,160763.0,160763.0,11.0,0.0,0.0
2026-03-30 22:42:34,330,442058.0,41198.0,1348.0,0.0,0.0,0.0,1195.0,108.0,4.0,8.2890752e+07,1.168310272e+09,3199.39,26.0,160864.0,0.0,160864.0,160864.0,11.0,0.0,0.0
2026-03-30 22:42:47,330,442556.0,41198.0,1348.0,0.0,0.0,0.0,1196.0,108.0,4.0,8.2890752e+07,1.168310272e+09,3201.49,27.0,160965.0,0.0,160964.0,160964.0,11.0,0.0,0.0
2026-03-30 22:42:59,330,443057.0,41198.0,1348.0,0.0,0.0,0.0,1197.0,108.0,4.0,8.2890752e+07,1.168310272e+09,3203.7200000000003,26.0,161064.0,0.0,161064.0,161064.0,11.0,0.0,0.0
2026-03-30 22:43:11,330,443057.0,41198.0,1348.0,0.0,0.0,0.0,1197.0,108.0,4.0,8.2890752e+07,1.168310272e+09,3205.74,26.0,161162.0,0.0,161162.0,161162.0,11.0,0.0,0.0
2026-03-30 22:43:23,330,443561.0,41198.0,1348.0,0.0,0.0,0.0,1198.0,108.0,4.0,8.2890752e+07,1.168310272e+09,3207.84,26.0,161261.0,0.0,161261.0,161261.0,11.0,0.0,0.0
2026-03-30 22:43:36,331,444044.0,41198.0,1348.0,0.0,0.0,0.0,1199.0,108.0,4.0,8.2890752e+07,1.168310272e+09,3209.8199999999997,29.0,161361.0,0.0,161360.0,161360.0,11.0,0.0,0.0
2026-03-30 22:43:48,331,444044.0,41198.0,1348.0,0.0,0.0,0.0,1199.0,108.0,4.0,8.2890752e+07,1.168310272e+09,3211.75,27.0,161462.0,0.0,161461.0,161461.0,11.0,0.0,0.0
2026-03-30 22:44:00,331,444044.0,41702.0,1348.0,0.0,0.0,0.0,1199.0,109.0,4.0,8.2890752e+07,1.168310272e+09,3213.71,27.0,161561.0,0.0,161560.0,161560.0,11.0,0.0,0.0
2026-03-30 22:44:13,331,444044.0,41702.0,1348.0,0.0,0.0,0.0,1199.0,109.0,4.0,8.2890752e+07,1.168310272e+09,3215.3,26.0,161643.0,0.0,161643.0,161643.0,11.0,0.0,0.0
2026-03-30 22:44:25,332,444044.0,41702.0,1348.0,0.0,0.0,0.0,1199.0,109.0,4.0,8.2890752e+07,1.168310272e+09,3216.02,26.0,161676.0,0.0,161676.0,161676.0,11.0,0.0,0.0
2026-03-30 22:44:37,332,444548.0,41702.0,1348.0,0.0,0.0,0.0,1200.0,109.0,4.0,8.2890752e+07,1.168310272e+09,3217.95,26.0,161775.0,0.0,161775.0,161775.0,11.0,0.0,0.0
2026-03-30 22:44:49,332,445052.0,41702.0,1348.0,0.0,0.0,0.0,1201.0,109.0,4.0,8.2890752e+07,1.168310272e+09,3219.9500000000003,26.0,161875.0,0.0,161875.0,161875.0,11.0,0.0,0.0
2026-03-30 22:45:01,332,445052.0,41702.0,1348.0,0.0,0.0,0.0,1201.0,109.0,4.0,8.2890752e+07,1.168310272e+09,3221.9,26.0,161974.0,0.0,161974.0,161974.0,11.0,0.0,0.0
2026-03-30 22:45:13,332,445556.0,41702.0,1348.0,0.0,0.0,0.0,1202.0,109.0,4.0,8.2890752e+07,1.168310272e+09,3223.9,26.0,162075.0,0.0,162075.0,162075.0,11.0,0.0,0.0
2026-03-30 22:45:26,333,445556.0,41702.0,1348.0,0.0,0.0,0.0,1202.0,109.0,4.0,8.2890752e+07,1.168310272e+09,3225.91,26.0,162176.0,0.0,162176.0,162176.0,11.0,0.0,0.0
2026-03-30 22:45:39,333,446060.0,41702.0,1348.0,0.0,0.0,0.0,1203.0,109.0,4.0,8.2890752e+07,1.168310272e+09,3227.9700000000003,26.0,162278.0,0.0,162278.0,162278.0,11.0,0.0,0.0
2026-03-30 22:45:51,333,446564.0,41702.0,1348.0,0.0,0.0,0.0,1204.0,109.0,4.0,8.2890752e+07,1.168310272e+09,3230.02,29.0,162379.0,0.0,162378.0,162378.0,11.0,0.0,0.0
2026-03-30 22:46:03,333,446564.0,41702.0,1348.0,0.0,0.0,0.0,1204.0,109.0,4.0,8.2890752e+07,1.168310272e+09,3231.9799999999996,26.0,162478.0,0.0,162477.0,162477.0,11.0,0.0,0.0
2026-03-30 22:46:16,333,447068.0,41702.0,1348.0,0.0,0.0,0.0,1205.0,109.0,4.0,8.2890752e+07,1.168310272e+09,3234.2999999999997,26.0,162578.0,0.0,162578.0,162578.0,11.0,0.0,0.0
2026-03-30 22:46:28,334,447068.0,41702.0,1348.0,0.0,0.0,0.0,1205.0,109.0,4.0,8.2890752e+07,1.168310272e+09,3236.36,26.0,162677.0,0.0,162677.0,162677.0,11.0,0.0,0.0
2026-03-30 22:46:41,334,447572.0,41702.0,1348.0,0.0,0.0,0.0,1206.0,109.0,4.0,8.2890752e+07,1.168310272e+09,3238.48,26.0,162777.0,0.0,162777.0,162777.0,11.0,0.0,0.0
2026-03-30 22:46:53,334,448076.0,41702.0,1348.0,0.0,0.0,0.0,1207.0,109.0,4.0,8.2890752e+07,1.168310272e+09,3240.75,26.0,162876.0,0.0,162876.0,162876.0,11.0,0.0,0.0
2026-03-30 22:47:06,334,448076.0,41702.0,1348.0,0.0,0.0,0.0,1207.0,109.0,4.0,8.2890752e+07,1.168310272e+09,3242.98,26.0,162980.0,0.0,162980.0,162980.0,11.0,0.0,0.0
2026-03-30 22:47:18,334,448580.0,41702.0,1348.0,0.0,0.0,0.0,1208.0,109.0,4.0,8.2890752e+07,1.168310272e+09,3245.1000000000004,26.0,163080.0,0.0,163080.0,163080.0,11.0,0.0,0.0
2026-03-30 22:47:31,335,448580.0,41702.0,1348.0,0.0,0.0,0.0,1208.0,109.0,4.0,8.2890752e+07,1.168310272e+09,3247.22,26.0,163180.0,0.0,163180.0,163180.0,11.0,0.0,0.0
2026-03-30 22:47:43,335,449081.0,41702.0,1348.0,0.0,0.0,0.0,1209.0,109.0,4.0,8.2890752e+07,1.168310272e+09,3249.0699999999997,26.0,163280.0,0.0,163280.0,163280.0,11.0,0.0,0.0
2026-03-30 22:47:55,335,449582.0,41702.0,1348.0,0.0,0.0,0.0,1210.0,109.0,4.0,8.2890752e+07,1.168310272e+09,3251.2,26.0,163383.0,0.0,163383.0,163383.0,11.0,0.0,0.0
2026-03-30 22:48:08,335,449582.0,41702.0,1348.0,0.0,0.0,0.0,1210.0,109.0,4.0,8.2890752e+07,1.168310272e+09,3253.43,26.0,163483.0,0.0,163483.0,163483.0,11.0,0.0,0.0
2026-03-30 22:48:20,335,449582.0,42206.0,1348.0,0.0,0.0,0.0,1210.0,110.0,4.0,8.2890752e+07,1.168310272e+09,3255.4,26.0,163581.0,0.0,163581.0,163581.0,11.0,0.0,0.0
2026-03-30 22:48:32,336,449582.0,42206.0,1348.0,0.0,0.0,0.0,1210.0,110.0,4.0,8.2890752e+07,1.168310272e+09,3257.4399999999996,26.0,163680.0,0.0,163680.0,163680.0,11.0,0.0,0.0
2026-03-30 22:48:44,336,450083.0,42206.0,1348.0,0.0,0.0,0.0,1211.0,110.0,4.0,8.2890752e+07,1.168310272e+09,3259.6200000000003,26.0,163779.0,0.0,163779.0,163779.0,11.0,0.0,0.0
2026-03-30 22:48:57,336,450587.0,42206.0,1348.0,0.0,0.0,0.0,1212.0,110.0,4.0,8.2890752e+07,1.168310272e+09,3261.65,26.0,163880.0,0.0,163880.0,163880.0,11.0,0.0,0.0
2026-03-30 22:49:09,336,450587.0,42206.0,1348.0,0.0,0.0,0.0,1212.0,110.0,4.0,8.2890752e+07,1.168310272e+09,3263.8399999999997,26.0,163980.0,0.0,163980.0,163980.0,11.0,0.0,0.0
2026-03-30 22:49:22,336,451091.0,42206.0,1348.0,0.0,0.0,0.0,1213.0,110.0,4.0,8.2890752e+07,1.168310272e+09,3265.8599999999997,26.0,164080.0,0.0,164080.0,164080.0,11.0,0.0,0.0
2026-03-30 22:49:34,337,451091.0,42206.0,1348.0,0.0,0.0,0.0,1213.0,110.0,4.0,8.2890752e+07,1.168310272e+09,3267.87,26.0,164180.0,0.0,164180.0,164180.0,11.0,0.0,0.0
2026-03-30 22:49:46,337,451595.0,42206.0,1348.0,0.0,0.0,0.0,1214.0,110.0,4.0,8.2890752e+07,1.168310272e+09,3269.7999999999997,26.0,164280.0,0.0,164280.0,164280.0,11.0,0.0,0.0
2026-03-30 22:49:58,337,451595.0,42206.0,1348.0,0.0,0.0,0.0,1214.0,110.0,4.0,8.2890752e+07,1.168310272e+09,3271.98,27.0,164380.0,0.0,164379.0,164379.0,11.0,0.0,0.0
2026-03-30 22:50:11,337,452093.0,42206.0,1348.0,0.0,0.0,0.0,1215.0,110.0,4.0,8.2890752e+07,1.168310272e+09,3273.9900000000002,27.0,164479.0,0.0,164479.0,164479.0,11.0,0.0,0.0
2026-03-30 22:50:23,337,452597.0,42206.0,1348.0,0.0,0.0,0.0,1216.0,110.0,4.0,8.2890752e+07,1.168310272e+09,3276.0699999999997,26.0,164577.0,0.0,164577.0,164577.0,11.0,0.0,0.0
2026-03-30 22:50:35,338,452597.0,42206.0,1348.0,0.0,0.0,0.0,1216.0,110.0,4.0,8.2890752e+07,1.168310272e+09,3278.02,29.0,164677.0,0.0,164676.0,164676.0,11.0,0.0,0.0
2026-03-30 22:50:48,338,452984.0,42206.0,1348.0,0.0,0.0,0.0,1217.0,110.0,4.0,8.2890752e+07,1.168310272e+09,3280.08,26.0,164776.0,0.0,164776.0,164776.0,11.0,0.0,0.0
2026-03-30 22:51:00,338,453488.0,42206.0,1348.0,0.0,0.0,0.0,1218.0,110.0,4.0,8.2890752e+07,1.168310272e+09,3282.07,26.0,164875.0,0.0,164875.0,164875.0,11.0,0.0,0.0
2026-03-30 22:51:12,338,453488.0,42206.0,1348.0,0.0,0.0,0.0,1218.0,110.0,4.0,8.2890752e+07,1.168310272e+09,3284.12,26.0,164974.0,0.0,164974.0,164974.0,11.0,0.0,0.0
2026-03-30 22:51:25,339,453992.0,42206.0,1348.0,0.0,0.0,0.0,1219.0,110.0,4.0,8.2890752e+07,1.168310272e+09,3286.23,26.0,165075.0,0.0,165075.0,165075.0,11.0,0.0,0.0
2026-03-30 22:51:37,339,454478.0,42206.0,1348.0,0.0,0.0,0.0,1220.0,110.0,4.0,8.2890752e+07,1.168310272e+09,3288.35,27.0,165175.0,0.0,165175.0,165175.0,11.0,0.0,0.0
2026-03-30 22:51:49,339,454478.0,42206.0,1348.0,0.0,0.0,0.0,1220.0,110.0,4.0,8.2890752e+07,1.168310272e+09,3290.45,26.0,165275.0,0.0,165275.0,165275.0,11.0,0.0,0.0
2026-03-30 22:52:02,339,454982.0,42206.0,1348.0,0.0,0.0,0.0,1221.0,110.0,4.0,8.2890752e+07,1.168310272e+09,3292.33,26.0,165373.0,0.0,165373.0,165373.0,11.0,0.0,0.0
2026-03-30 22:52:14,339,454982.0,42206.0,1348.0,0.0,0.0,0.0,1221.0,110.0,4.0,8.2890752e+07,1.168310272e+09,3294.43,29.0,165474.0,0.0,165473.0,165473.0,11.0,0.0,0.0
2026-03-30 22:52:26,340,454982.0,42599.0,1348.0,0.0,0.0,0.0,1221.0,111.0,4.0,8.2890752e+07,1.168310272e+09,3296.44,29.0,165573.0,0.0,165572.0,165572.0,11.0,0.0,0.0
2026-03-30 22:52:38,340,455279.0,42599.0,1348.0,0.0,0.0,0.0,1222.0,111.0,4.0,8.2890752e+07,1.168310272e+09,3298.57,26.0,165675.0,0.0,165675.0,165675.0,11.0,0.0,0.0
2026-03-30 22:52:51,340,455783.0,42599.0,1348.0,0.0,0.0,0.0,1223.0,111.0,4.0,8.2890752e+07,1.168310272e+09,3300.9500000000003,26.0,165777.0,0.0,165777.0,165777.0,11.0,0.0,0.0
2026-03-30 22:53:03,340,455783.0,42599.0,1348.0,0.0,0.0,0.0,1223.0,111.0,4.0,8.2890752e+07,1.168310272e+09,3302.92,28.0,165876.0,0.0,165875.0,165875.0,11.0,0.0,0.0
2026-03-30 22:53:16,340,456188.0,42599.0,1348.0,0.0,0.0,0.0,1224.0,111.0,4.0,8.2890752e+07,1.168310272e+09,3304.9900000000002,26.0,165976.0,0.0,165976.0,165976.0,11.0,0.0,0.0
2026-03-30 22:53:28,341,456692.0,42599.0,1348.0,0.0,0.0,0.0,1225.0,111.0,4.0,8.2890752e+07,1.168310272e+09,3307.36,26.0,166077.0,0.0,166077.0,166077.0,11.0,0.0,0.0
2026-03-30 22:53:40,341,456692.0,42599.0,1348.0,0.0,0.0,0.0,1225.0,111.0,4.0,8.2890752e+07,1.168310272e+09,3309.5,26.0,166176.0,0.0,166176.0,166176.0,11.0,0.0,0.0
2026-03-30 22:53:53,341,457196.0,42599.0,1348.0,0.0,0.0,0.0,1226.0,111.0,4.0,8.2890752e+07,1.168310272e+09,3311.54,26.0,166276.0,0.0,166276.0,166276.0,11.0,0.0,0.0
2026-03-30 22:54:05,341,457196.0,42599.0,1348.0,0.0,0.0,0.0,1226.0,111.0,4.0,8.2890752e+07,1.168310272e+09,3313.79,26.0,166376.0,0.0,166376.0,166376.0,11.0,0.0,0.0
2026-03-30 22:54:17,341,457691.0,42599.0,1348.0,0.0,0.0,0.0,1227.0,111.0,4.0,8.2890752e+07,1.168310272e+09,3315.89,26.0,166475.0,0.0,166475.0,166475.0,11.0,0.0,0.0
2026-03-30 22:54:30,342,458192.0,42599.0,1348.0,0.0,0.0,0.0,1228.0,111.0,4.0,8.2890752e+07,1.168310272e+09,3317.9,26.0,166575.0,0.0,166575.0,166575.0,11.0,0.0,0.0
2026-03-30 22:54:42,342,458192.0,42599.0,1348.0,0.0,0.0,0.0,1228.0,111.0,4.0,8.2890752e+07,1.168310272e+09,3319.9,26.0,166674.0,0.0,166674.0,166674.0,11.0,0.0,0.0
2026-03-30 22:54:54,342,458693.0,42599.0,1348.0,0.0,0.0,0.0,1229.0,111.0,4.0,8.2890752e+07,1.168310272e+09,3322.0,26.0,166775.0,0.0,166775.0,166775.0,11.0,0.0,0.0
2026-03-30 22:55:07,342,458693.0,42599.0,1348.0,0.0,0.0,0.0,1229.0,111.0,4.0,8.2890752e+07,1.168310272e+09,3324.06,26.0,166873.0,0.0,166873.0,166873.0,11.0,0.0,0.0
2026-03-30 22:55:19,342,459182.0,42599.0,1348.0,0.0,0.0,0.0,1230.0,111.0,4.0,8.2890752e+07,1.168310272e+09,3326.37,26.0,166973.0,0.0,166973.0,166973.0,11.0,0.0,0.0
2026-03-30 22:55:32,343,459683.0,42599.0,1348.0,0.0,0.0,0.0,1231.0,111.0,4.0,8.2890752e+07,1.168310272e+09,3328.67,29.0,167075.0,0.0,167074.0,167074.0,11.0,0.0,0.0
2026-03-30 22:55:44,343,459683.0,42599.0,1348.0,0.0,0.0,0.0,1231.0,111.0,4.0,8.2890752e+07,1.168310272e+09,3330.7599999999998,26.0,167176.0,0.0,167176.0,167176.0,11.0,0.0,0.0
2026-03-30 22:55:57,343,460187.0,42599.0,1348.0,0.0,0.0,0.0,1232.0,111.0,4.0,8.275968e+07,1.168310272e+09,3332.8,27.0,167276.0,0.0,167275.0,167275.0,11.0,0.0,0.0
2026-03-30 22:56:09,343,460187.0,42599.0,1348.0,0.0,0.0,0.0,1232.0,111.0,4.0,8.275968e+07,1.168310272e+09,3334.86,26.0,167375.0,0.0,167375.0,167375.0,11.0,0.0,0.0
2026-03-30 22:56:21,343,460187.0,43100.0,1348.0,0.0,0.0,0.0,1232.0,112.0,4.0,8.2890752e+07,1.168310272e+09,3336.9,26.0,167471.0,0.0,167471.0,167471.0,11.0,0.0,0.0
2026-03-30 22:56:33,344,460688.0,43100.0,1348.0,0.0,0.0,0.0,1233.0,112.0,4.0,8.2890752e+07,1.168310272e+09,3338.91,26.0,167573.0,0.0,167573.0,167573.0,11.0,0.0,0.0
2026-03-30 22:56:46,344,460688.0,43100.0,1348.0,0.0,0.0,0.0,1233.0,112.0,4.0,8.2890752e+07,1.168310272e+09,3341.02,29.0,167673.0,0.0,167672.0,167672.0,11.0,0.0,0.0
2026-03-30 22:56:58,344,461078.0,43100.0,1348.0,0.0,0.0,0.0,1234.0,112.0,4.0,8.2890752e+07,1.168310272e+09,3343.1499999999996,26.0,167773.0,0.0,167773.0,167773.0,11.0,0.0,0.0
2026-03-30 22:57:10,344,461582.0,43100.0,1348.0,0.0,0.0,0.0,1235.0,112.0,4.0,8.2890752e+07,1.168310272e+09,3345.35,26.0,167873.0,0.0,167873.0,167873.0,11.0,0.0,0.0
2026-03-30 22:57:23,344,461582.0,43100.0,1348.0,0.0,0.0,0.0,1235.0,112.0,4.0,8.2890752e+07,1.168310272e+09,3347.36,26.0,167972.0,0.0,167972.0,167972.0,11.0,0.0,0.0
2026-03-30 22:57:35,345,462086.0,43100.0,1348.0,0.0,0.0,0.0,1236.0,112.0,4.0,8.2890752e+07,1.168310272e+09,3349.35,26.0,168071.0,0.0,168071.0,168071.0,11.0,0.0,0.0
2026-03-30 22:57:47,345,462086.0,43100.0,1348.0,0.0,0.0,0.0,1236.0,112.0,4.0,8.2890752e+07,1.168310272e+09,3351.3199999999997,26.0,168170.0,0.0,168170.0,168170.0,11.0,0.0,0.0
2026-03-30 22:58:00,345,462590.0,43100.0,1348.0,0.0,0.0,0.0,1237.0,112.0,4.0,8.2890752e+07,1.168310272e+09,3353.3,26.0,168271.0,0.0,168271.0,168271.0,11.0,0.0,0.0
2026-03-30 22:58:12,345,463094.0,43100.0,1348.0,0.0,0.0,0.0,1238.0,112.0,4.0,8.2890752e+07,1.168310272e+09,3355.66,26.0,168372.0,0.0,168372.0,168372.0,11.0,0.0,0.0
2026-03-30 22:58:25,346,463094.0,43100.0,1348.0,0.0,0.0,0.0,1238.0,112.0,4.0,8.2890752e+07,1.168310272e+09,3357.83,26.0,168471.0,0.0,168471.0,168471.0,11.0,0.0,0.0
2026-03-30 22:58:37,346,463598.0,43100.0,1348.0,0.0,0.0,0.0,1239.0,112.0,4.0,8.2890752e+07,1.168310272e+09,3359.78,26.0,168570.0,0.0,168570.0,168570.0,11.0,0.0,0.0
2026-03-30 22:58:49,346,463598.0,43100.0,1348.0,0.0,0.0,0.0,1239.0,112.0,4.0,8.2890752e+07,1.168310272e+09,3361.66,26.0,168669.0,0.0,168669.0,168669.0,11.0,0.0,0.0
2026-03-30 22:59:01,346,464102.0,43100.0,1348.0,0.0,0.0,0.0,1240.0,112.0,4.0,8.2890752e+07,1.168310272e+09,3363.6299999999997,27.0,168768.0,0.0,168768.0,168768.0,11.0,0.0,0.0
2026-03-30 22:59:14,346,464603.0,43100.0,1348.0,0.0,0.0,0.0,1241.0,112.0,4.0,8.2890752e+07,1.168310272e+09,3365.7200000000003,26.0,168871.0,0.0,168871.0,168871.0,11.0,0.0,0.0
2026-03-30 22:59:27,347,464603.0,43100.0,1348.0,0.0,0.0,0.0,1241.0,112.0,4.0,8.2890752e+07,1.168310272e+09,3367.88,27.0,168973.0,0.0,168972.0,168972.0,11.0,0.0,0.0
2026-03-30 22:59:39,347,464978.0,43100.0,1348.0,0.0,0.0,0.0,1242.0,112.0,4.0,8.2890752e+07,1.168310272e+09,3369.93,26.0,169073.0,0.0,169073.0,169073.0,11.0,0.0,0.0
2026-03-30 22:59:51,347,465482.0,43100.0,1348.0,0.0,0.0,0.0,1243.0,112.0,4.0,8.2890752e+07,1.168310272e+09,3371.8,26.0,169173.0,0.0,169173.0,169173.0,11.0,0.0,0.0
2026-03-30 23:00:04,347,465482.0,43100.0,1348.0,0.0,0.0,0.0,1243.0,112.0,4.0,8.2890752e+07,1.168310272e+09,3373.92,27.0,169277.0,0.0,169276.0,169276.0,11.0,0.0,0.0
2026-03-30 23:00:16,347,465482.0,43508.0,1348.0,0.0,0.0,0.0,1243.0,113.0,4.0,8.2890752e+07,1.168310272e+09,3376.05,26.0,169378.0,0.0,169378.0,169378.0,11.0,0.0,0.0
2026-03-30 23:00:29,348,465986.0,43508.0,1348.0,0.0,0.0,0.0,1244.0,113.0,4.0,8.2890752e+07,1.168310272e+09,3377.98,26.0,169478.0,0.0,169478.0,169478.0,11.0,0.0,0.0
2026-03-30 23:00:41,348,465986.0,43508.0,1348.0,0.0,0.0,0.0,1244.0,113.0,4.0,8.2890752e+07,1.168310272e+09,3379.97,26.0,169578.0,0.0,169578.0,169578.0,11.0,0.0,0.0
2026-03-30 23:00:53,348,466490.0,43508.0,1348.0,0.0,0.0,0.0,1245.0,113.0,4.0,8.2890752e+07,1.168310272e+09,3382.07,26.0,169676.0,0.0,169676.0,169676.0,11.0,0.0,0.0
2026-03-30 23:01:06,348,466490.0,43508.0,1348.0,0.0,0.0,0.0,1245.0,113.0,4.0,8.2890752e+07,1.168310272e+09,3384.26,26.0,169776.0,0.0,169776.0,169776.0,11.0,0.0,0.0
2026-03-30 23:01:18,348,466982.0,43508.0,1348.0,0.0,0.0,0.0,1246.0,113.0,4.0,8.2890752e+07,1.168310272e+09,3386.2400000000002,26.0,169875.0,0.0,169875.0,169875.0,11.0,0.0,0.0
2026-03-30 23:01:30,349,467483.0,43508.0,1348.0,0.0,0.0,0.0,1247.0,113.0,4.0,8.2890752e+07,1.168310272e+09,3388.1299999999997,26.0,169973.0,0.0,169973.0,169973.0,11.0,0.0,0.0
2026-03-30 23:01:43,349,467483.0,43508.0,1348.0,0.0,0.0,0.0,1247.0,113.0,4.0,8.2890752e+07,1.168310272e+09,3390.13,26.0,170073.0,0.0,170073.0,170073.0,11.0,0.0,0.0
2026-03-30 23:01:55,349,467987.0,43508.0,1348.0,0.0,0.0,0.0,1248.0,113.0,4.0,8.2890752e+07,1.168310272e+09,3392.17,26.0,170171.0,0.0,170171.0,170171.0,11.0,0.0,0.0
2026-03-30 23:02:07,349,467987.0,43508.0,1348.0,0.0,0.0,0.0,1248.0,113.0,4.0,8.2890752e+07,1.168310272e+09,3394.1800000000003,26.0,170271.0,0.0,170271.0,170271.0,11.0,0.0,0.0
2026-03-30 23:02:20,349,468491.0,43508.0,1348.0,0.0,0.0,0.0,1249.0,113.0,4.0,8.2890752e+07,1.168310272e+09,3396.26,26.0,170369.0,0.0,170369.0,170369.0,11.0,0.0,0.0
2026-03-30 23:02:32,350,468995.0,43508.0,1348.0,0.0,0.0,0.0,1250.0,113.0,4.0,8.2890752e+07,1.168310272e+09,3398.03,26.0,170466.0,0.0,170466.0,170466.0,11.0,0.0,0.0
2026-03-30 23:02:44,350,468995.0,43508.0,1348.0,0.0,0.0,0.0,1250.0,113.0,4.0,8.2890752e+07,1.168310272e+09,3400.1400000000003,26.0,170565.0,0.0,170565.0,170565.0,11.0,0.0,0.0
2026-03-30 23:02:56,350,469499.0,43508.0,1348.0,0.0,0.0,0.0,1251.0,113.0,4.0,8.2890752e+07,1.168310272e+09,3402.26,26.0,170664.0,0.0,170664.0,170664.0,11.0,0.0,0.0
2026-03-30 23:03:08,350,469499.0,43508.0,1348.0,0.0,0.0,0.0,1251.0,113.0,4.0,8.2890752e+07,1.168310272e+09,3404.6099999999997,26.0,170764.0,0.0,170764.0,170764.0,11.0,0.0,0.0
2026-03-30 23:03:21,350,470003.0,43508.0,1348.0,0.0,0.0,0.0,1252.0,113.0,4.0,8.2890752e+07,1.168310272e+09,3406.7,26.0,170863.0,0.0,170863.0,170863.0,11.0,0.0,0.0
2026-03-30 23:03:33,351,470504.0,43508.0,1348.0,0.0,0.0,0.0,1253.0,113.0,4.0,8.2890752e+07,1.168310272e+09,3408.7,26.0,170962.0,0.0,170962.0,170962.0,11.0,0.0,0.0
2026-03-30 23:03:46,351,470504.0,43508.0,1348.0,0.0,0.0,0.0,1253.0,113.0,4.0,8.2890752e+07,1.168310272e+09,3410.75,26.0,171061.0,0.0,171061.0,171061.0,11.0,0.0,0.0
2026-03-30 23:03:58,351,471005.0,43508.0,1348.0,0.0,0.0,0.0,1254.0,113.0,4.0,8.2890752e+07,1.168310272e+09,3412.7700000000004,27.0,171162.0,0.0,171161.0,171161.0,11.0,0.0,0.0
2026-03-30 23:04:10,351,471005.0,43508.0,1348.0,0.0,0.0,0.0,1254.0,113.0,4.0,8.2890752e+07,1.168310272e+09,3414.94,26.0,171262.0,0.0,171262.0,171262.0,11.0,0.0,0.0
2026-03-30 23:04:22,351,471005.0,44012.0,1348.0,0.0,0.0,0.0,1254.0,114.0,4.0,8.2890752e+07,1.168310272e+09,3417.01,26.0,171362.0,0.0,171362.0,171362.0,11.0,0.0,0.0
2026-03-30 23:04:35,352,471509.0,44012.0,1348.0,0.0,0.0,0.0,1255.0,114.0,4.0,8.2890752e+07,1.168310272e+09,3419.16,29.0,171463.0,0.0,171462.0,171462.0,11.0,0.0,0.0
2026-03-30 23:04:47,352,471509.0,44012.0,1348.0,0.0,0.0,0.0,1255.0,114.0,4.0,8.2890752e+07,1.168310272e+09,3421.21,26.0,171561.0,0.0,171561.0,171561.0,11.0,0.0,0.0
2026-03-30 23:04:59,352,472013.0,44012.0,1348.0,0.0,0.0,0.0,1256.0,114.0,4.0,8.2890752e+07,1.168310272e+09,3423.25,26.0,171662.0,0.0,171662.0,171662.0,11.0,0.0,0.0
2026-03-30 23:05:12,352,472013.0,44012.0,1348.0,0.0,0.0,0.0,1256.0,114.0,4.0,8.2890752e+07,1.168310272e+09,3425.42,26.0,171762.0,0.0,171762.0,171762.0,11.0,0.0,0.0
2026-03-30 23:05:24,352,472514.0,44012.0,1348.0,0.0,0.0,0.0,1257.0,114.0,4.0,8.2890752e+07,1.168310272e+09,3427.2999999999997,27.0,171862.0,0.0,171861.0,171861.0,11.0,0.0,0.0
2026-03-30 23:05:36,353,473018.0,44012.0,1348.0,0.0,0.0,0.0,1258.0,114.0,4.0,8.2890752e+07,1.168310272e+09,3429.38,26.0,171961.0,0.0,171961.0,171961.0,11.0,0.0,0.0
2026-03-30 23:05:49,353,473018.0,44012.0,1348.0,0.0,0.0,0.0,1258.0,114.0,4.0,8.2890752e+07,1.168310272e+09,3431.42,26.0,172062.0,0.0,172062.0,172062.0,11.0,0.0,0.0
2026-03-30 23:06:01,353,473522.0,44012.0,1348.0,0.0,0.0,0.0,1259.0,114.0,4.0,8.2890752e+07,1.168310272e+09,3433.4500000000003,29.0,172162.0,0.0,172161.0,172161.0,11.0,0.0,0.0
2026-03-30 23:06:13,353,473522.0,44012.0,1348.0,0.0,0.0,0.0,1259.0,114.0,4.0,8.2890752e+07,1.168310272e+09,3435.49,27.0,172262.0,0.0,172261.0,172261.0,11.0,0.0,0.0
2026-03-30 23:06:26,354,473933.0,44012.0,1348.0,0.0,0.0,0.0,1260.0,114.0,4.0,8.2890752e+07,1.168310272e+09,3437.65,26.0,172362.0,0.0,172362.0,172362.0,11.0,0.0,0.0
2026-03-30 23:06:38,354,474437.0,44012.0,1348.0,0.0,0.0,0.0,1261.0,114.0,4.0,8.2890752e+07,1.168310272e+09,3439.72,26.0,172461.0,0.0,172461.0,172461.0,11.0,0.0,0.0
2026-03-30 23:06:50,354,474437.0,44012.0,1348.0,0.0,0.0,0.0,1261.0,114.0,4.0,8.2890752e+07,1.168310272e+09,3441.72,26.0,172559.0,0.0,172559.0,172559.0,11.0,0.0,0.0
2026-03-30 23:07:02,354,474941.0,44012.0,1348.0,0.0,0.0,0.0,1262.0,114.0,4.0,8.2890752e+07,1.168310272e+09,3443.71,26.0,172659.0,0.0,172659.0,172659.0,11.0,0.0,0.0
2026-03-30 23:07:15,354,474941.0,44012.0,1348.0,0.0,0.0,0.0,1262.0,114.0,4.0,8.2890752e+07,1.168310272e+09,3445.85,26.0,172757.0,0.0,172757.0,172757.0,11.0,0.0,0.0
2026-03-30 23:07:27,355,475445.0,44012.0,1348.0,0.0,0.0,0.0,1263.0,114.0,4.0,8.2890752e+07,1.168310272e+09,3447.9700000000003,29.0,172859.0,0.0,172858.0,172858.0,11.0,0.0,0.0
2026-03-30 23:07:39,355,475724.0,44012.0,1348.0,0.0,0.0,0.0,1264.0,114.0,4.0,8.2890752e+07,1.168310272e+09,3449.88,26.0,172957.0,0.0,172957.0,172957.0,11.0,0.0,0.0
2026-03-30 23:07:52,355,476228.0,44012.0,1348.0,0.0,0.0,0.0,1265.0,114.0,4.0,8.2890752e+07,1.168310272e+09,3451.9500000000003,26.0,173057.0,0.0,173057.0,173057.0,11.0,0.0,0.0
2026-03-30 23:08:04,355,476228.0,44012.0,1348.0,0.0,0.0,0.0,1265.0,114.0,4.0,8.2890752e+07,1.168310272e+09,3454.04,26.0,173157.0,0.0,173157.0,173157.0,11.0,0.0,0.0
2026-03-30 23:08:16,355,476228.0,44516.0,1348.0,0.0,0.0,0.0,1265.0,115.0,4.0,8.2890752e+07,1.168310272e+09,3456.16,26.0,173256.0,0.0,173256.0,173256.0,11.0,0.0,0.0
2026-03-30 23:08:29,356,476228.0,44516.0,1348.0,0.0,0.0,0.0,1265.0,115.0,4.0,8.2890752e+07,1.168310272e+09,3458.19,27.0,173355.0,0.0,173354.0,173354.0,11.0,0.0,0.0
2026-03-30 23:08:41,356,476708.0,44516.0,1348.0,0.0,0.0,0.0,1266.0,115.0,4.0,8.2890752e+07,1.168310272e+09,3460.19,27.0,173455.0,0.0,173454.0,173454.0,11.0,0.0,0.0
2026-03-30 23:08:54,356,477212.0,44516.0,1348.0,0.0,0.0,0.0,1267.0,115.0,4.0,8.2890752e+07,1.168310272e+09,3463.11,26.0,173555.0,0.0,173555.0,173555.0,11.0,0.0,0.0
2026-03-30 23:09:06,356,477212.0,44516.0,1348.0,0.0,0.0,0.0,1267.0,115.0,4.0,8.2890752e+07,1.168310272e+09,3465.3300000000004,26.0,173656.0,0.0,173656.0,173656.0,11.0,0.0,0.0
2026-03-30 23:09:19,356,477716.0,44516.0,1348.0,0.0,0.0,0.0,1268.0,115.0,4.0,8.2890752e+07,1.168310272e+09,3467.4399999999996,27.0,173755.0,0.0,173754.0,173754.0,11.0,0.0,0.0
2026-03-30 23:09:31,357,477716.0,44516.0,1348.0,0.0,0.0,0.0,1268.0,115.0,4.0,8.2890752e+07,1.168310272e+09,3469.52,26.0,173854.0,0.0,173854.0,173854.0,11.0,0.0,0.0
2026-03-30 23:09:43,357,478208.0,44516.0,1348.0,0.0,0.0,0.0,1269.0,115.0,4.0,8.2890752e+07,1.168310272e+09,3471.62,26.0,173954.0,0.0,173954.0,173954.0,11.0,0.0,0.0
2026-03-30 23:09:56,357,478709.0,44516.0,1348.0,0.0,0.0,0.0,1270.0,115.0,4.0,8.2890752e+07,1.168310272e+09,3473.77,29.0,174053.0,0.0,174052.0,174052.0,11.0,0.0,0.0
2026-03-30 23:10:08,357,478709.0,44516.0,1348.0,0.0,0.0,0.0,1270.0,115.0,4.0,8.2890752e+07,1.168310272e+09,3475.82,27.0,174153.0,0.0,174152.0,174152.0,11.0,0.0,0.0
2026-03-30 23:10:20,357,479102.0,44516.0,1348.0,0.0,0.0,0.0,1271.0,115.0,4.0,8.2890752e+07,1.168310272e+09,3477.71,26.0,174251.0,0.0,174251.0,174251.0,11.0,0.0,0.0
2026-03-30 23:10:33,358,479606.0,44516.0,1348.0,0.0,0.0,0.0,1272.0,115.0,4.0,8.2890752e+07,1.168310272e+09,3479.7599999999998,26.0,174351.0,0.0,174351.0,174351.0,11.0,0.0,0.0
2026-03-30 23:10:45,358,479606.0,44516.0,1348.0,0.0,0.0,0.0,1272.0,115.0,4.0,8.2890752e+07,1.168310272e+09,3481.82,26.0,174452.0,0.0,174452.0,174452.0,11.0,0.0,0.0
2026-03-30 23:10:57,358,480110.0,44516.0,1348.0,0.0,0.0,0.0,1273.0,115.0,4.0,8.2890752e+07,1.168310272e+09,3483.78,29.0,174551.0,0.0,174550.0,174550.0,11.0,0.0,0.0
2026-03-30 23:11:10,358,480110.0,44516.0,1348.0,0.0,0.0,0.0,1273.0,115.0,4.0,8.2890752e+07,1.168310272e+09,3485.73,26.0,174650.0,0.0,174650.0,174650.0,11.0,0.0,0.0
2026-03-30 23:11:22,358,480614.0,44516.0,1348.0,0.0,0.0,0.0,1274.0,115.0,4.0,8.2890752e+07,1.168310272e+09,3487.84,26.0,174750.0,0.0,174750.0,174750.0,11.0,0.0,0.0
2026-03-30 23:11:34,359,481118.0,44516.0,1348.0,0.0,0.0,0.0,1275.0,115.0,4.0,8.2890752e+07,1.168310272e+09,3489.8300000000004,26.0,174850.0,0.0,174850.0,174850.0,11.0,0.0,0.0
2026-03-30 23:11:47,359,481118.0,44516.0,1348.0,0.0,0.0,0.0,1275.0,115.0,4.0,8.2890752e+07,1.168310272e+09,3491.8,26.0,174950.0,0.0,174950.0,174950.0,11.0,0.0,0.0
2026-03-30 23:11:59,359,481622.0,44516.0,1348.0,0.0,0.0,0.0,1276.0,115.0,4.0,8.2890752e+07,1.168310272e+09,3493.86,27.0,175049.0,0.0,175048.0,175048.0,11.0,0.0,0.0
2026-03-30 23:12:11,359,481622.0,44516.0,1348.0,0.0,0.0,0.0,1276.0,115.0,4.0,8.2890752e+07,1.168310272e+09,3495.87,26.0,175149.0,0.0,175149.0,175149.0,11.0,0.0,0.0
2026-03-30 23:12:24,359,481622.0,45020.0,1348.0,0.0,0.0,0.0,1276.0,116.0,4.0,8.2890752e+07,1.168310272e+09,3497.97,26.0,175251.0,0.0,175251.0,175251.0,11.0,0.0,0.0
2026-03-30 23:12:36,360,482126.0,45020.0,1348.0,0.0,0.0,0.0,1277.0,116.0,4.0,8.2890752e+07,1.168310272e+09,3499.9300000000003,26.0,175352.0,0.0,175352.0,175352.0,11.0,0.0,0.0
2026-03-30 23:12:48,360,482126.0,45020.0,1348.0,0.0,0.0,0.0,1277.0,116.0,4.0,8.2890752e+07,1.168310272e+09,3501.93,26.0,175452.0,0.0,175452.0,175452.0,11.0,0.0,0.0
2026-03-30 23:13:00,360,482627.0,45020.0,1348.0,0.0,0.0,0.0,1278.0,116.0,4.0,8.2890752e+07,1.168310272e+09,3503.9100000000003,26.0,175550.0,0.0,175550.0,175550.0,11.0,0.0,0.0
2026-03-30 23:13:13,360,482627.0,45020.0,1348.0,0.0,0.0,0.0,1278.0,116.0,4.0,8.2890752e+07,1.168310272e+09,3505.9199999999996,26.0,175650.0,0.0,175650.0,175650.0,11.0,0.0,0.0
2026-03-30 23:13:25,361,483131.0,45020.0,1348.0,0.0,0.0,0.0,1279.0,116.0,4.0,8.2890752e+07,1.168310272e+09,3508.23,26.0,175752.0,0.0,175752.0,175752.0,11.0,0.0,0.0
2026-03-30 23:13:38,361,483635.0,45020.0,1348.0,0.0,0.0,0.0,1280.0,116.0,4.0,8.2890752e+07,1.168310272e+09,3510.0899999999997,26.0,175852.0,0.0,175852.0,175852.0,11.0,0.0,0.0
2026-03-30 23:13:50,361,483635.0,45020.0,1348.0,0.0,0.0,0.0,1280.0,116.0,4.0,8.2890752e+07,1.168310272e+09,3512.02,29.0,175952.0,0.0,175951.0,175951.0,11.0,0.0,0.0
2026-03-30 23:14:02,361,483995.0,45020.0,1348.0,0.0,0.0,0.0,1281.0,116.0,4.0,8.2890752e+07,1.168310272e+09,3513.99,26.0,176052.0,0.0,176052.0,176052.0,11.0,0.0,0.0
2026-03-30 23:14:15,361,484499.0,45020.0,1348.0,0.0,0.0,0.0,1282.0,116.0,4.0,8.2890752e+07,1.168310272e+09,3516.07,26.0,176154.0,0.0,176154.0,176154.0,11.0,0.0,0.0
2026-03-30 23:14:28,362,484499.0,45020.0,1348.0,0.0,0.0,0.0,1282.0,116.0,4.0,8.2890752e+07,1.168310272e+09,3516.98,26.0,176196.0,0.0,176196.0,176196.0,11.0,0.0,0.0
2026-03-30 23:14:40,362,484499.0,45020.0,1348.0,0.0,0.0,0.0,1282.0,116.0,4.0,8.2890752e+07,1.168310272e+09,3518.5800000000004,26.0,176273.0,0.0,176273.0,176273.0,11.0,0.0,0.0
2026-03-30 23:14:52,362,485003.0,45020.0,1348.0,0.0,0.0,0.0,1283.0,116.0,4.0,8.2890752e+07,1.168310272e+09,3520.56,26.0,176372.0,0.0,176372.0,176372.0,11.0,0.0,0.0
2026-03-30 23:15:04,362,485507.0,45020.0,1348.0,0.0,0.0,0.0,1284.0,116.0,4.0,8.2890752e+07,1.168310272e+09,3522.46,26.0,176473.0,0.0,176473.0,176473.0,11.0,0.0,0.0
2026-03-30 23:15:17,362,485507.0,45020.0,1348.0,0.0,0.0,0.0,1284.0,116.0,4.0,8.2890752e+07,1.168310272e+09,3524.51,26.0,176573.0,0.0,176573.0,176573.0,11.0,0.0,0.0
2026-03-30 23:15:29,363,486011.0,45020.0,1348.0,0.0,0.0,0.0,1285.0,116.0,4.0,8.2890752e+07,1.168310272e+09,3526.62,26.0,176671.0,0.0,176671.0,176671.0,11.0,0.0,0.0
2026-03-30 23:15:42,363,486011.0,45020.0,1348.0,0.0,0.0,0.0,1285.0,116.0,4.0,8.2890752e+07,1.168310272e+09,3528.59,29.0,176770.0,0.0,176769.0,176769.0,11.0,0.0,0.0
2026-03-30 23:15:54,363,486449.0,45020.0,1348.0,0.0,0.0,0.0,1286.0,116.0,4.0,8.2890752e+07,1.168310272e+09,3530.56,26.0,176869.0,0.0,176869.0,176869.0,11.0,0.0,0.0
2026-03-30 23:16:06,363,486953.0,45020.0,1348.0,0.0,0.0,0.0,1287.0,116.0,4.0,8.2890752e+07,1.168310272e+09,3532.5800000000004,26.0,176969.0,0.0,176969.0,176969.0,11.0,0.0,0.0
2026-03-30 23:16:19,363,486953.0,45020.0,1348.0,0.0,0.0,0.0,1287.0,116.0,4.0,8.2890752e+07,1.168310272e+09,3534.88,26.0,177068.0,0.0,177068.0,177068.0,11.0,0.0,0.0
2026-03-30 23:16:31,364,486953.0,45521.0,1348.0,0.0,0.0,0.0,1287.0,117.0,4.0,8.2890752e+07,1.168310272e+09,3536.96,26.0,177166.0,0.0,177166.0,177166.0,11.0,0.0,0.0
2026-03-30 23:16:43,364,486953.0,45521.0,1348.0,0.0,0.0,0.0,1287.0,117.0,4.0,8.2890752e+07,1.168310272e+09,3538.9399999999996,26.0,177264.0,0.0,177264.0,177264.0,11.0,0.0,0.0
2026-03-30 23:16:55,364,487457.0,45521.0,1348.0,0.0,0.0,0.0,1288.0,117.0,4.0,8.2890752e+07,1.168310272e+09,3540.88,26.0,177361.0,0.0,177361.0,177361.0,11.0,0.0,0.0
2026-03-30 23:17:08,364,487961.0,45521.0,1348.0,0.0,0.0,0.0,1289.0,117.0,4.0,8.2890752e+07,1.168310272e+09,3543.1000000000004,26.0,177461.0,0.0,177461.0,177461.0,11.0,0.0,0.0
2026-03-30 23:17:20,364,487961.0,45521.0,1348.0,0.0,0.0,0.0,1289.0,117.0,4.0,8.2890752e+07,1.168310272e+09,3545.15,26.0,177560.0,0.0,177560.0,177560.0,11.0,0.0,0.0
2026-03-30 23:17:32,365,488465.0,45521.0,1348.0,0.0,0.0,0.0,1290.0,117.0,4.0,8.2890752e+07,1.168310272e+09,3547.07,27.0,177659.0,0.0,177658.0,177658.0,11.0,0.0,0.0
2026-03-30 23:17:44,365,488465.0,45521.0,1348.0,0.0,0.0,0.0,1290.0,117.0,4.0,8.2890752e+07,1.168310272e+09,3549.12,26.0,177759.0,0.0,177759.0,177759.0,11.0,0.0,0.0
2026-03-30 23:17:57,365,488966.0,45521.0,1348.0,0.0,0.0,0.0,1291.0,117.0,4.0,8.2890752e+07,1.168310272e+09,3551.26,27.0,177861.0,0.0,177861.0,177861.0,11.0,0.0,0.0
2026-03-30 23:18:09,365,489470.0,45521.0,1348.0,0.0,0.0,0.0,1292.0,117.0,4.0,8.2890752e+07,1.168310272e+09,3553.33,26.0,177960.0,0.0,177960.0,177960.0,11.0,0.0,0.0
2026-03-30 23:18:21,365,489470.0,45521.0,1348.0,0.0,0.0,0.0,1292.0,117.0,4.0,8.2890752e+07,1.168310272e+09,3555.35,26.0,178058.0,0.0,178058.0,178058.0,11.0,0.0,0.0
2026-03-30 23:18:34,366,489974.0,45521.0,1348.0,0.0,0.0,0.0,1293.0,117.0,4.0,8.2890752e+07,1.168310272e+09,3557.4700000000003,29.0,178158.0,0.0,178157.0,178157.0,11.0,0.0,0.0
2026-03-30 23:18:46,366,489974.0,45521.0,1348.0,0.0,0.0,0.0,1293.0,117.0,4.0,8.2890752e+07,1.168310272e+09,3559.64,26.0,178256.0,0.0,178256.0,178256.0,11.0,0.0,0.0
2026-03-30 23:18:58,366,490478.0,45521.0,1348.0,0.0,0.0,0.0,1294.0,117.0,4.0,8.2890752e+07,1.168310272e+09,3561.55,26.0,178355.0,0.0,178355.0,178355.0,11.0,0.0,0.0
2026-03-30 23:19:10,366,490979.0,45521.0,1348.0,0.0,0.0,0.0,1295.0,117.0,4.0,8.2890752e+07,1.168310272e+09,3563.61,26.0,178454.0,0.0,178454.0,178454.0,11.0,0.0,0.0
2026-03-30 23:19:23,366,490979.0,45521.0,1348.0,0.0,0.0,0.0,1295.0,117.0,4.0,8.2890752e+07,1.168310272e+09,3565.52,29.0,178551.0,0.0,178550.0,178550.0,11.0,0.0,0.0
2026-03-30 23:19:35,367,491291.0,45521.0,1348.0,0.0,0.0,0.0,1296.0,117.0,4.0,8.2890752e+07,1.168310272e+09,3567.58,26.0,178652.0,0.0,178652.0,178652.0,11.0,0.0,0.0
2026-03-30 23:19:47,367,491795.0,45521.0,1348.0,0.0,0.0,0.0,1297.0,117.0,4.0,8.2890752e+07,1.168310272e+09,3569.48,29.0,178751.0,0.0,178750.0,178750.0,11.0,0.0,0.0
2026-03-30 23:19:59,367,491795.0,45521.0,1348.0,0.0,0.0,0.0,1297.0,117.0,4.0,8.2890752e+07,1.168310272e+09,3571.49,29.0,178851.0,0.0,178850.0,178850.0,11.0,0.0,0.0
2026-03-30 23:20:12,367,492191.0,45521.0,1348.0,0.0,0.0,0.0,1298.0,117.0,4.0,8.2890752e+07,1.168310272e+09,3573.52,26.0,178951.0,0.0,178951.0,178951.0,11.0,0.0,0.0
2026-03-30 23:20:24,367,492191.0,46025.0,1348.0,0.0,0.0,0.0,1298.0,118.0,4.0,8.2890752e+07,1.168310272e+09,3575.62,26.0,179052.0,0.0,179052.0,179052.0,11.0,0.0,0.0
2026-03-30 23:20:37,368,492191.0,46025.0,1348.0,0.0,0.0,0.0,1298.0,118.0,4.0,8.2890752e+07,1.168310272e+09,3577.55,26.0,179151.0,0.0,179151.0,179151.0,11.0,0.0,0.0
2026-03-30 23:20:49,368,492695.0,46025.0,1348.0,0.0,0.0,0.0,1299.0,118.0,4.0,8.2890752e+07,1.168310272e+09,3579.54,26.0,179250.0,0.0,179250.0,179250.0,11.0,0.0,0.0
2026-03-30 23:21:01,368,492695.0,46025.0,1348.0,0.0,0.0,0.0,1299.0,118.0,4.0,8.2890752e+07,1.168310272e+09,3581.63,26.0,179349.0,0.0,179349.0,179349.0,11.0,0.0,0.0
2026-03-30 23:21:13,368,493184.0,46025.0,1348.0,0.0,0.0,0.0,1300.0,118.0,4.0,8.2890752e+07,1.168310272e+09,3583.5099999999998,26.0,179449.0,0.0,179449.0,179449.0,11.0,0.0,0.0
2026-03-30 23:21:26,369,493685.0,46025.0,1348.0,0.0,0.0,0.0,1301.0,118.0,4.0,8.2890752e+07,1.168310272e+09,3585.54,26.0,179549.0,0.0,179549.0,179549.0,11.0,0.0,0.0
2026-03-30 23:21:38,369,493685.0,46025.0,1348.0,0.0,0.0,0.0,1301.0,118.0,4.0,8.2890752e+07,1.168310272e+09,3587.48,29.0,179648.0,0.0,179647.0,179647.0,11.0,0.0,0.0
2026-03-30 23:21:50,369,494078.0,46025.0,1348.0,0.0,0.0,0.0,1302.0,118.0,4.0,8.2890752e+07,1.168310272e+09,3589.4399999999996,26.0,179745.0,0.0,179745.0,179745.0,11.0,0.0,0.0
2026-03-30 23:22:02,369,494582.0,46025.0,1348.0,0.0,0.0,0.0,1303.0,118.0,4.0,8.2890752e+07,1.168310272e+09,3591.31,26.0,179843.0,0.0,179843.0,179843.0,11.0,0.0,0.0
2026-03-30 23:22:15,369,494582.0,46025.0,1348.0,0.0,0.0,0.0,1303.0,118.0,4.0,8.2890752e+07,1.168310272e+09,3593.35,26.0,179944.0,0.0,179944.0,179944.0,11.0,0.0,0.0
2026-03-30 23:22:27,370,495086.0,46025.0,1348.0,0.0,0.0,0.0,1304.0,118.0,4.0,8.2890752e+07,1.168310272e+09,3595.38,26.0,180042.0,0.0,180042.0,180042.0,11.0,0.0,0.0
2026-03-30 23:22:39,370,495086.0,46025.0,1348.0,0.0,0.0,0.0,1304.0,118.0,4.0,8.2890752e+07,1.168310272e+09,3597.38,26.0,180141.0,0.0,180141.0,180141.0,11.0,0.0,0.0
2026-03-30 23:22:52,370,495590.0,46025.0,1348.0,0.0,0.0,0.0,1305.0,118.0,4.0,8.2890752e+07,1.168310272e+09,3599.3199999999997,26.0,180240.0,0.0,180240.0,180240.0,11.0,0.0,0.0
2026-03-30 23:23:04,370,496094.0,46025.0,1348.0,0.0,0.0,0.0,1306.0,118.0,4.0,8.2890752e+07,1.168310272e+09,3601.32,29.0,180338.0,0.0,180337.0,180337.0,11.0,0.0,0.0
2026-03-30 23:23:16,370,496094.0,46025.0,1348.0,0.0,0.0,0.0,1306.0,118.0,4.0,8.2890752e+07,1.168310272e+09,3603.2000000000003,26.0,180435.0,0.0,180435.0,180435.0,11.0,0.0,0.0
2026-03-30 23:23:28,371,496595.0,46025.0,1348.0,0.0,0.0,0.0,1307.0,118.0,4.0,8.2890752e+07,1.168310272e+09,3605.17,29.0,180536.0,0.0,180535.0,180535.0,11.0,0.0,0.0
2026-03-30 23:23:41,371,496595.0,46025.0,1348.0,0.0,0.0,0.0,1307.0,118.0,4.0,8.2890752e+07,1.168310272e+09,3607.1299999999997,26.0,180636.0,0.0,180636.0,180636.0,11.0,0.0,0.0
2026-03-30 23:23:53,371,497099.0,46025.0,1348.0,0.0,0.0,0.0,1308.0,118.0,4.0,8.2890752e+07,1.168310272e+09,3609.11,26.0,180735.0,0.0,180735.0,180735.0,11.0,0.0,0.0
2026-03-30 23:24:06,371,497603.0,46025.0,1348.0,0.0,0.0,0.0,1309.0,118.0,4.0,8.2890752e+07,1.168310272e+09,3611.3199999999997,29.0,180835.0,0.0,180834.0,180834.0,11.0,0.0,0.0
2026-03-30 23:24:18,371,497603.0,46025.0,1348.0,0.0,0.0,0.0,1309.0,118.0,4.0,8.2890752e+07,1.168310272e+09,3613.25,27.0,180934.0,0.0,180933.0,180933.0,11.0,0.0,0.0
2026-03-30 23:24:30,372,497603.0,46529.0,1348.0,0.0,0.0,0.0,1309.0,119.0,4.0,8.2890752e+07,1.168310272e+09,3615.29,29.0,181033.0,0.0,181032.0,181032.0,11.0,0.0,0.0
2026-03-30 23:24:42,372,497603.0,46529.0,1348.0,0.0,0.0,0.0,1309.0,119.0,4.0,8.2890752e+07,1.168310272e+09,3617.2799999999997,26.0,181134.0,0.0,181134.0,181134.0,11.0,0.0,0.0
2026-03-30 23:24:55,372,498107.0,46529.0,1348.0,0.0,0.0,0.0,1310.0,119.0,4.0,8.2890752e+07,1.168310272e+09,3619.06,29.0,181234.0,0.0,181233.0,181233.0,11.0,0.0,0.0
2026-03-30 23:25:07,372,498332.0,46529.0,1348.0,0.0,0.0,0.0,1311.0,119.0,4.0,8.2890752e+07,1.168310272e+09,3621.05,26.0,181334.0,0.0,181334.0,181334.0,11.0,0.0,0.0
2026-03-30 23:25:19,372,498836.0,46529.0,1348.0,0.0,0.0,0.0,1312.0,119.0,4.0,8.2890752e+07,1.168310272e+09,3623.23,26.0,181434.0,0.0,181434.0,181434.0,11.0,0.0,0.0
2026-03-30 23:25:32,373,498836.0,46529.0,1348.0,0.0,0.0,0.0,1312.0,119.0,4.0,8.2890752e+07,1.168310272e+09,3625.2599999999998,26.0,181533.0,0.0,181533.0,181533.0,11.0,0.0,0.0
2026-03-30 23:25:44,373,499340.0,46529.0,1348.0,0.0,0.0,0.0,1313.0,119.0,4.0,8.2890752e+07,1.168310272e+09,3627.25,26.0,181633.0,0.0,181633.0,181633.0,11.0,0.0,0.0
2026-03-30 23:25:56,373,499340.0,46529.0,1348.0,0.0,0.0,0.0,1313.0,119.0,4.0,8.2890752e+07,1.168310272e+09,3629.35,26.0,181731.0,0.0,181731.0,181731.0,11.0,0.0,0.0
2026-03-30 23:26:09,373,499844.0,46529.0,1348.0,0.0,0.0,0.0,1314.0,119.0,4.0,8.2890752e+07,1.168310272e+09,3631.13,26.0,181830.0,0.0,181830.0,181830.0,11.0,0.0,0.0
2026-03-30 23:26:21,373,500345.0,46529.0,1348.0,0.0,0.0,0.0,1315.0,119.0,4.0,8.2890752e+07,1.168310272e+09,3633.17,29.0,181928.0,0.0,181927.0,181927.0,11.0,0.0,0.0
2026-03-30 23:26:33,374,500345.0,46529.0,1348.0,0.0,0.0,0.0,1315.0,119.0,4.0,8.2890752e+07,1.168310272e+09,3635.15,26.0,182026.0,0.0,182026.0,182026.0,11.0,0.0,0.0
2026-03-30 23:26:45,374,500849.0,46529.0,1348.0,0.0,0.0,0.0,1316.0,119.0,4.0,8.2890752e+07,1.168310272e+09,3637.29,27.0,182126.0,0.0,182126.0,182126.0,11.0,0.0,0.0
2026-03-30 23:26:58,374,500849.0,46529.0,1348.0,0.0,0.0,0.0,1316.0,119.0,4.0,8.2890752e+07,1.168310272e+09,3639.27,29.0,182225.0,0.0,182224.0,182224.0,11.0,0.0,0.0
2026-03-30 23:27:10,374,501305.0,46529.0,1348.0,0.0,0.0,0.0,1317.0,119.0,4.0,8.2890752e+07,1.168310272e+09,3641.31,26.0,182324.0,0.0,182324.0,182324.0,11.0,0.0,0.0
2026-03-30 23:27:22,374,501809.0,46529.0,1348.0,0.0,0.0,0.0,1318.0,119.0,4.0,8.2890752e+07,1.168310272e+09,3643.45,26.0,182424.0,0.0,182424.0,182424.0,11.0,0.0,0.0
2026-03-30 23:27:35,375,501809.0,46529.0,1348.0,0.0,0.0,0.0,1318.0,119.0,4.0,8.2890752e+07,1.168310272e+09,3645.65,26.0,182526.0,0.0,182526.0,182526.0,11.0,0.0,0.0
2026-03-30 23:27:47,375,502313.0,46529.0,1348.0,0.0,0.0,0.0,1319.0,119.0,4.0,8.2890752e+07,1.168310272e+09,3647.71,26.0,182625.0,0.0,182625.0,182625.0,11.0,0.0,0.0
2026-03-30 23:27:59,375,502313.0,46529.0,1348.0,0.0,0.0,0.0,1319.0,119.0,4.0,8.2890752e+07,1.168310272e+09,3649.81,26.0,182727.0,0.0,182727.0,182727.0,11.0,0.0,0.0
2026-03-30 23:28:12,375,502814.0,46529.0,1348.0,0.0,0.0,0.0,1320.0,119.0,4.0,8.2890752e+07,1.168310272e+09,3651.88,29.0,182827.0,0.0,182826.0,182826.0,11.0,0.0,0.0
2026-03-30 23:28:24,375,502814.0,46826.0,1348.0,0.0,0.0,0.0,1320.0,120.0,4.0,8.2890752e+07,1.168310272e+09,3653.94,26.0,182928.0,0.0,182928.0,182928.0,11.0,0.0,0.0
2026-03-30 23:28:37,376,503318.0,46826.0,1348.0,0.0,0.0,0.0,1321.0,120.0,4.0,8.2890752e+07,1.168310272e+09,3655.92,27.0,183026.0,0.0,183026.0,183026.0,11.0,0.0,0.0
2026-03-30 23:28:49,376,503318.0,46826.0,1348.0,0.0,0.0,0.0,1321.0,120.0,4.0,8.2890752e+07,1.168310272e+09,3657.91,26.0,183123.0,0.0,183123.0,183123.0,11.0,0.0,0.0
2026-03-30 23:29:01,376,503822.0,46826.0,1348.0,0.0,0.0,0.0,1322.0,120.0,4.0,8.2890752e+07,1.168310272e+09,3659.86,26.0,183223.0,0.0,183223.0,183223.0,11.0,0.0,0.0
2026-03-30 23:29:13,376,503822.0,46826.0,1348.0,0.0,0.0,0.0,1322.0,120.0,4.0,8.2890752e+07,1.168310272e+09,3661.8799999999997,26.0,183321.0,0.0,183321.0,183321.0,11.0,0.0,0.0
2026-03-30 23:29:26,377,504323.0,46826.0,1348.0,0.0,0.0,0.0,1323.0,120.0,4.0,8.2890752e+07,1.168310272e+09,3664.0299999999997,29.0,183424.0,0.0,183423.0,183423.0,11.0,0.0,0.0
2026-03-30 23:29:39,377,504605.0,46826.0,1348.0,0.0,0.0,0.0,1324.0,120.0,4.0,8.2890752e+07,1.168310272e+09,3666.1000000000004,26.0,183521.0,0.0,183521.0,183521.0,11.0,0.0,0.0
2026-03-30 23:29:51,377,505109.0,46826.0,1348.0,0.0,0.0,0.0,1325.0,120.0,4.0,8.2890752e+07,1.168310272e+09,3668.04,27.0,183621.0,0.0,183620.0,183620.0,11.0,0.0,0.0
2026-03-30 23:30:03,377,505109.0,46826.0,1348.0,0.0,0.0,0.0,1325.0,120.0,4.0,8.2890752e+07,1.168310272e+09,3670.09,26.0,183720.0,0.0,183720.0,183720.0,11.0,0.0,0.0
2026-03-30 23:30:16,377,505613.0,46826.0,1348.0,0.0,0.0,0.0,1326.0,120.0,4.0,8.2890752e+07,1.168310272e+09,3672.08,26.0,183819.0,0.0,183819.0,183819.0,11.0,0.0,0.0
2026-03-30 23:30:28,378,505613.0,46826.0,1348.0,0.0,0.0,0.0,1326.0,120.0,4.0,8.2890752e+07,1.168310272e+09,3674.25,26.0,183919.0,0.0,183919.0,183919.0,11.0,0.0,0.0
2026-03-30 23:30:40,378,506117.0,46826.0,1348.0,0.0,0.0,0.0,1327.0,120.0,4.0,8.2890752e+07,1.168310272e+09,3676.4300000000003,29.0,184019.0,0.0,184018.0,184018.0,11.0,0.0,0.0
2026-03-30 23:30:52,378,506390.0,46826.0,1348.0,0.0,0.0,0.0,1328.0,120.0,4.0,8.2890752e+07,1.168310272e+09,3678.54,26.0,184120.0,0.0,184120.0,184120.0,11.0,0.0,0.0
2026-03-30 23:31:05,378,506894.0,46826.0,1348.0,0.0,0.0,0.0,1329.0,120.0,4.0,8.2890752e+07,1.168310272e+09,3680.5600000000004,26.0,184220.0,0.0,184220.0,184220.0,11.0,0.0,0.0
2026-03-30 23:31:17,378,506894.0,46826.0,1348.0,0.0,0.0,0.0,1329.0,120.0,4.0,8.2890752e+07,1.168310272e+09,3682.51,26.0,184319.0,0.0,184319.0,184319.0,11.0,0.0,0.0
2026-03-30 23:31:29,379,507398.0,46826.0,1348.0,0.0,0.0,0.0,1330.0,120.0,4.0,8.2890752e+07,1.168310272e+09,3684.55,26.0,184419.0,0.0,184419.0,184419.0,11.0,0.0,0.0
2026-03-30 23:31:42,379,507398.0,46826.0,1348.0,0.0,0.0,0.0,1330.0,120.0,4.0,8.2890752e+07,1.168310272e+09,3686.76,26.0,184518.0,0.0,184518.0,184518.0,11.0,0.0,0.0
2026-03-30 23:31:54,379,507890.0,46826.0,1348.0,0.0,0.0,0.0,1331.0,120.0,4.0,8.2890752e+07,1.168310272e+09,3688.75,26.0,184619.0,0.0,184619.0,184619.0,11.0,0.0,0.0
2026-03-30 23:32:06,379,507890.0,47327.0,1348.0,0.0,0.0,0.0,1331.0,121.0,4.0,8.2890752e+07,1.168310272e+09,3690.93,26.0,184721.0,0.0,184721.0,184721.0,11.0,0.0,0.0
2026-03-30 23:32:19,379,507890.0,47327.0,1348.0,0.0,0.0,0.0,1331.0,121.0,4.0,8.2890752e+07,1.168310272e+09,3694.2999999999997,27.0,184823.0,0.0,184822.0,184822.0,11.0,0.0,0.0
2026-03-30 23:32:32,380,508301.0,47327.0,1348.0,0.0,0.0,0.0,1332.0,121.0,4.0,8.2890752e+07,1.168310272e+09,3696.8599999999997,26.0,184921.0,0.0,184921.0,184921.0,11.0,0.0,0.0
2026-03-30 23:32:44,380,508805.0,47327.0,1348.0,0.0,0.0,0.0,1333.0,121.0,4.0,8.2890752e+07,1.168310272e+09,3698.97,26.0,185022.0,0.0,185022.0,185022.0,11.0,0.0,0.0
2026-03-30 23:32:57,380,508805.0,47327.0,1348.0,0.0,0.0,0.0,1333.0,121.0,4.0,8.2890752e+07,1.168310272e+09,3701.02,26.0,185122.0,0.0,185122.0,185122.0,11.0,0.0,0.0
2026-03-30 23:33:09,380,509309.0,47327.0,1348.0,0.0,0.0,0.0,1334.0,121.0,4.0,8.2890752e+07,1.168310272e+09,3703.08,26.0,185222.0,0.0,185222.0,185222.0,11.0,0.0,0.0
2026-03-30 23:33:22,380,509309.0,47327.0,1348.0,0.0,0.0,0.0,1334.0,121.0,4.0,8.2890752e+07,1.168310272e+09,3704.99,26.0,185320.0,0.0,185320.0,185320.0,11.0,0.0,0.0
2026-03-30 23:33:34,381,509813.0,47327.0,1348.0,0.0,0.0,0.0,1335.0,121.0,4.0,8.2890752e+07,1.168310272e+09,3706.8900000000003,26.0,185419.0,0.0,185419.0,185419.0,11.0,0.0,0.0
2026-03-30 23:33:46,381,510317.0,47327.0,1348.0,0.0,0.0,0.0,1336.0,121.0,4.0,8.2890752e+07,1.168310272e+09,3708.8199999999997,26.0,185517.0,0.0,185517.0,185517.0,11.0,0.0,0.0
2026-03-30 23:33:58,381,510317.0,47327.0,1348.0,0.0,0.0,0.0,1336.0,121.0,4.0,8.2890752e+07,1.168310272e+09,3710.85,26.0,185617.0,0.0,185617.0,185617.0,11.0,0.0,0.0
2026-03-30 23:34:11,381,510821.0,47327.0,1348.0,0.0,0.0,0.0,1337.0,121.0,4.0,8.2890752e+07,1.168310272e+09,3712.7799999999997,26.0,185716.0,0.0,185716.0,185716.0,11.0,0.0,0.0
2026-03-30 23:34:23,381,510821.0,47327.0,1348.0,0.0,0.0,0.0,1337.0,121.0,4.0,8.2890752e+07,1.168310272e+09,3714.7000000000003,26.0,185814.0,0.0,185814.0,185814.0,11.0,0.0,0.0
2026-03-30 23:34:35,382,511325.0,47327.0,1348.0,0.0,0.0,0.0,1338.0,121.0,4.0,8.2890752e+07,1.168310272e+09,3716.71,26.0,185913.0,0.0,185913.0,185913.0,11.0,0.0,0.0
2026-03-30 23:34:48,382,511829.0,47327.0,1348.0,0.0,0.0,0.0,1339.0,121.0,4.0,8.2890752e+07,1.168310272e+09,3718.73,29.0,186012.0,0.0,186011.0,186011.0,11.0,0.0,0.0
2026-03-30 23:35:00,382,511829.0,47327.0,1348.0,0.0,0.0,0.0,1339.0,121.0,4.0,8.2890752e+07,1.168310272e+09,3720.74,26.0,186109.0,0.0,186109.0,186109.0,11.0,0.0,0.0
2026-03-30 23:35:12,382,512333.0,47327.0,1348.0,0.0,0.0,0.0,1340.0,121.0,4.0,8.2890752e+07,1.168310272e+09,3722.66,26.0,186206.0,0.0,186206.0,186206.0,11.0,0.0,0.0
2026-03-30 23:35:24,382,512333.0,47327.0,1348.0,0.0,0.0,0.0,1340.0,121.0,4.0,8.2890752e+07,1.168310272e+09,3724.6400000000003,26.0,186305.0,0.0,186305.0,186305.0,11.0,0.0,0.0
2026-03-30 23:35:36,383,512837.0,47327.0,1348.0,0.0,0.0,0.0,1341.0,121.0,4.0,8.2890752e+07,1.168310272e+09,3726.72,26.0,186404.0,0.0,186404.0,186404.0,11.0,0.0,0.0
2026-03-30 23:35:49,383,513341.0,47327.0,1348.0,0.0,0.0,0.0,1342.0,121.0,4.0,8.2890752e+07,1.168310272e+09,3728.85,26.0,186506.0,0.0,186506.0,186506.0,11.0,0.0,0.0
2026-03-30 23:36:01,383,513341.0,47327.0,1348.0,0.0,0.0,0.0,1342.0,121.0,4.0,8.2890752e+07,1.168310272e+09,3730.99,26.0,186608.0,0.0,186608.0,186608.0,11.0,0.0,0.0
2026-03-30 23:36:14,383,513341.0,47831.0,1348.0,0.0,0.0,0.0,1342.0,122.0,4.0,8.2890752e+07,1.168310272e+09,3733.13,26.0,186709.0,0.0,186709.0,186709.0,11.0,0.0,0.0
2026-03-30 23:36:26,384,513341.0,47831.0,1348.0,0.0,0.0,0.0,1342.0,122.0,4.0,8.2890752e+07,1.168310272e+09,3735.28,26.0,186810.0,0.0,186810.0,186810.0,11.0,0.0,0.0
2026-03-30 23:36:38,384,513845.0,47831.0,1348.0,0.0,0.0,0.0,1343.0,122.0,4.0,8.2890752e+07,1.168310272e+09,3737.3500000000004,27.0,186910.0,0.0,186910.0,186910.0,11.0,0.0,0.0
2026-03-30 23:36:51,384,514349.0,47831.0,1348.0,0.0,0.0,0.0,1344.0,122.0,4.0,8.2890752e+07,1.168310272e+09,3739.3399999999997,26.0,187010.0,0.0,187010.0,187010.0,11.0,0.0,0.0
2026-03-30 23:37:03,384,514349.0,47831.0,1348.0,0.0,0.0,0.0,1344.0,122.0,4.0,8.2890752e+07,1.168310272e+09,3741.09,26.0,187109.0,0.0,187109.0,187109.0,11.0,0.0,0.0
2026-03-30 23:37:15,384,514853.0,47831.0,1348.0,0.0,0.0,0.0,1345.0,122.0,4.0,8.2890752e+07,1.168310272e+09,3743.2,26.0,187209.0,0.0,187209.0,187209.0,11.0,0.0,0.0
2026-03-30 23:37:28,385,514853.0,47831.0,1348.0,0.0,0.0,0.0,1345.0,122.0,4.0,8.2890752e+07,1.168310272e+09,3745.2400000000002,29.0,187308.0,0.0,187307.0,187307.0,11.0,0.0,0.0
2026-03-30 23:37:40,385,515252.0,47831.0,1348.0,0.0,0.0,0.0,1346.0,122.0,4.0,8.2890752e+07,1.168310272e+09,3747.26,26.0,187407.0,0.0,187407.0,187407.0,11.0,0.0,0.0
2026-03-30 23:37:52,385,515756.0,47831.0,1348.0,0.0,0.0,0.0,1347.0,122.0,4.0,8.2890752e+07,1.168310272e+09,3749.44,26.0,187508.0,0.0,187508.0,187508.0,11.0,0.0,0.0
2026-03-30 23:38:05,385,515756.0,47831.0,1348.0,0.0,0.0,0.0,1347.0,122.0,4.0,8.2890752e+07,1.168310272e+09,3751.41,29.0,187607.0,0.0,187606.0,187606.0,11.0,0.0,0.0
2026-03-30 23:38:17,385,516149.0,47831.0,1348.0,0.0,0.0,0.0,1348.0,122.0,4.0,8.2890752e+07,1.168310272e+09,3753.36,26.0,187707.0,0.0,187707.0,187707.0,11.0,0.0,0.0
2026-03-30 23:38:29,386,516653.0,47831.0,1348.0,0.0,0.0,0.0,1349.0,122.0,4.0,8.2890752e+07,1.168310272e+09,3755.4700000000003,26.0,187806.0,0.0,187806.0,187806.0,11.0,0.0,0.0
2026-03-30 23:38:41,386,516653.0,47831.0,1348.0,0.0,0.0,0.0,1349.0,122.0,4.0,8.2890752e+07,1.168310272e+09,3757.62,26.0,187905.0,0.0,187905.0,187905.0,11.0,0.0,0.0
2026-03-30 23:38:54,386,517157.0,47831.0,1348.0,0.0,0.0,0.0,1350.0,122.0,4.0,8.2890752e+07,1.168310272e+09,3759.76,29.0,188006.0,0.0,188005.0,188005.0,11.0,0.0,0.0
2026-03-30 23:39:06,386,517157.0,47831.0,1348.0,0.0,0.0,0.0,1350.0,122.0,4.0,8.2890752e+07,1.168310272e+09,3761.76,26.0,188107.0,0.0,188107.0,188107.0,11.0,0.0,0.0
2026-03-30 23:39:18,386,517652.0,47831.0,1348.0,0.0,0.0,0.0,1351.0,122.0,4.0,8.2890752e+07,1.168310272e+09,3763.76,26.0,188205.0,0.0,188205.0,188205.0,11.0,0.0,0.0
2026-03-30 23:39:31,387,518153.0,47831.0,1348.0,0.0,0.0,0.0,1352.0,122.0,4.0,8.2890752e+07,1.168310272e+09,3765.69,26.0,188304.0,0.0,188304.0,188304.0,11.0,0.0,0.0
2026-03-30 23:39:43,387,518153.0,47831.0,1348.0,0.0,0.0,0.0,1352.0,122.0,4.0,8.2890752e+07,1.168310272e+09,3767.7000000000003,26.0,188403.0,0.0,188403.0,188403.0,11.0,0.0,0.0
2026-03-30 23:39:55,387,518657.0,47831.0,1348.0,0.0,0.0,0.0,1353.0,122.0,4.0,8.2890752e+07,1.168310272e+09,3769.99,26.0,188504.0,0.0,188504.0,188504.0,11.0,0.0,0.0
2026-03-30 23:40:08,387,518657.0,47831.0,1348.0,0.0,0.0,0.0,1353.0,122.0,4.0,8.2890752e+07,1.168310272e+09,3771.94,26.0,188604.0,0.0,188604.0,188604.0,11.0,0.0,0.0
2026-03-30 23:40:20,387,518657.0,48332.0,1348.0,0.0,0.0,0.0,1353.0,123.0,4.0,8.2890752e+07,1.168310272e+09,3773.93,29.0,188705.0,0.0,188704.0,188704.0,11.0,0.0,0.0
2026-03-30 23:40:32,388,518942.0,48332.0,1348.0,0.0,0.0,0.0,1354.0,123.0,4.0,8.2890752e+07,1.168310272e+09,3775.9,26.0,188805.0,0.0,188805.0,188805.0,11.0,0.0,0.0
2026-03-30 23:40:45,388,519446.0,48332.0,1348.0,0.0,0.0,0.0,1355.0,123.0,4.0,8.2890752e+07,1.168310272e+09,3778.12,26.0,188907.0,0.0,188907.0,188907.0,11.0,0.0,0.0
2026-03-30 23:40:57,388,519446.0,48332.0,1348.0,0.0,0.0,0.0,1355.0,123.0,4.0,8.2890752e+07,1.168310272e+09,3780.12,26.0,189005.0,0.0,189005.0,189005.0,11.0,0.0,0.0
2026-03-30 23:41:09,388,519950.0,48332.0,1348.0,0.0,0.0,0.0,1356.0,123.0,4.0,8.2890752e+07,1.168310272e+09,3782.22,27.0,189105.0,0.0,189104.0,189104.0,11.0,0.0,0.0
2026-03-30 23:41:22,388,519950.0,48332.0,1348.0,0.0,0.0,0.0,1356.0,123.0,4.0,8.2890752e+07,1.168310272e+09,3784.31,26.0,189203.0,0.0,189203.0,189203.0,11.0,0.0,0.0
2026-03-30 23:41:34,389,520439.0,48332.0,1348.0,0.0,0.0,0.0,1357.0,123.0,4.0,8.2890752e+07,1.168310272e+09,3786.37,29.0,189305.0,0.0,189304.0,189304.0,11.0,0.0,0.0
2026-03-30 23:41:47,389,520742.0,48332.0,1348.0,0.0,0.0,0.0,1358.0,123.0,4.0,8.2890752e+07,1.168310272e+09,3788.38,26.0,189404.0,0.0,189404.0,189404.0,11.0,0.0,0.0
2026-03-30 23:41:59,389,521246.0,48332.0,1348.0,0.0,0.0,0.0,1359.0,123.0,4.0,8.2890752e+07,1.168310272e+09,3790.29,26.0,189503.0,0.0,189503.0,189503.0,11.0,0.0,0.0
2026-03-30 23:42:11,389,521246.0,48332.0,1348.0,0.0,0.0,0.0,1359.0,123.0,4.0,8.2890752e+07,1.168310272e+09,3792.33,26.0,189602.0,0.0,189602.0,189602.0,11.0,0.0,0.0
2026-03-30 23:42:24,389,521750.0,48332.0,1348.0,0.0,0.0,0.0,1360.0,123.0,4.0,8.2890752e+07,1.168310272e+09,3794.37,26.0,189703.0,0.0,189702.0,189702.0,11.0,0.0,0.0
2026-03-30 23:42:36,390,521750.0,48332.0,1348.0,0.0,0.0,0.0,1360.0,123.0,4.0,8.2890752e+07,1.168310272e+09,3796.4700000000003,26.0,189805.0,0.0,189805.0,189805.0,11.0,0.0,0.0
2026-03-30 23:42:49,390,522245.0,48332.0,1348.0,0.0,0.0,0.0,1361.0,123.0,4.0,8.2890752e+07,1.168310272e+09,3798.52,27.0,189906.0,0.0,189906.0,189906.0,11.0,0.0,0.0
2026-03-30 23:43:01,390,522746.0,48332.0,1348.0,0.0,0.0,0.0,1362.0,123.0,4.0,8.2890752e+07,1.168310272e+09,3800.67,27.0,190006.0,0.0,190005.0,190005.0,11.0,0.0,0.0
2026-03-30 23:43:13,390,522746.0,48332.0,1348.0,0.0,0.0,0.0,1362.0,123.0,4.0,8.2890752e+07,1.168310272e+09,3802.63,26.0,190105.0,0.0,190105.0,190105.0,11.0,0.0,0.0
2026-03-30 23:43:26,391,523250.0,48332.0,1348.0,0.0,0.0,0.0,1363.0,123.0,4.0,8.2890752e+07,1.168310272e+09,3804.62,29.0,190204.0,0.0,190203.0,190203.0,11.0,0.0,0.0
2026-03-30 23:43:38,391,523250.0,48332.0,1348.0,0.0,0.0,0.0,1363.0,123.0,4.0,8.2890752e+07,1.168310272e+09,3806.69,26.0,190302.0,0.0,190302.0,190302.0,11.0,0.0,0.0
2026-03-30 23:43:50,391,523754.0,48332.0,1348.0,0.0,0.0,0.0,1364.0,123.0,4.0,8.2890752e+07,1.168310272e+09,3808.7000000000003,26.0,190400.0,0.0,190400.0,190400.0,11.0,0.0,0.0
2026-03-30 23:44:02,391,523754.0,48836.0,1348.0,0.0,0.0,0.0,1364.0,124.0,4.0,8.2890752e+07,1.168310272e+09,3810.64,26.0,190499.0,0.0,190499.0,190499.0,11.0,0.0,0.0
2026-03-30 23:44:15,391,523754.0,48836.0,1348.0,0.0,0.0,0.0,1364.0,124.0,4.0,8.2890752e+07,1.168310272e+09,3812.5200000000004,29.0,190598.0,0.0,190597.0,190597.0,11.0,0.0,0.0
2026-03-30 23:44:27,392,524117.0,48836.0,1348.0,0.0,0.0,0.0,1365.0,124.0,4.0,8.2890752e+07,1.168310272e+09,3814.73,26.0,190698.0,0.0,190698.0,190698.0,11.0,0.0,0.0
2026-03-30 23:44:39,392,524117.0,48836.0,1348.0,0.0,0.0,0.0,1365.0,124.0,4.0,8.2890752e+07,1.168310272e+09,3815.3199999999997,26.0,190726.0,0.0,190726.0,190726.0,11.0,0.0,0.0
2026-03-30 23:44:52,392,524621.0,48836.0,1348.0,0.0,0.0,0.0,1366.0,124.0,4.0,8.2890752e+07,1.168310272e+09,3817.13,26.0,190816.0,0.0,190816.0,190816.0,11.0,0.0,0.0
2026-03-30 23:45:04,392,524621.0,48836.0,1348.0,0.0,0.0,0.0,1366.0,124.0,4.0,8.2890752e+07,1.168310272e+09,3819.02,26.0,190917.0,0.0,190917.0,190917.0,11.0,0.0,0.0
2026-03-30 23:45:16,392,525125.0,48836.0,1348.0,0.0,0.0,0.0,1367.0,124.0,4.0,8.2890752e+07,1.168310272e+09,3821.0299999999997,26.0,191017.0,0.0,191017.0,191017.0,11.0,0.0,0.0
2026-03-30 23:45:29,393,525629.0,48836.0,1348.0,0.0,0.0,0.0,1368.0,124.0,4.0,8.2890752e+07,1.168310272e+09,3823.11,29.0,191118.0,0.0,191117.0,191117.0,11.0,0.0,0.0
2026-03-30 23:45:41,393,525629.0,48836.0,1348.0,0.0,0.0,0.0,1368.0,124.0,4.0,8.2890752e+07,1.168310272e+09,3825.29,29.0,191218.0,0.0,191217.0,191217.0,11.0,0.0,0.0
2026-03-30 23:45:53,393,525977.0,48836.0,1348.0,0.0,0.0,0.0,1369.0,124.0,4.0,8.2890752e+07,1.168310272e+09,3827.33,26.0,191318.0,0.0,191318.0,191318.0,11.0,0.0,0.0
2026-03-30 23:46:06,393,526481.0,48836.0,1348.0,0.0,0.0,0.0,1370.0,124.0,4.0,8.2890752e+07,1.168310272e+09,3829.44,26.0,191416.0,0.0,191416.0,191416.0,11.0,0.0,0.0
2026-03-30 23:46:18,393,526481.0,48836.0,1348.0,0.0,0.0,0.0,1370.0,124.0,4.0,8.2890752e+07,1.168310272e+09,3831.63,26.0,191516.0,0.0,191516.0,191516.0,11.0,0.0,0.0
2026-03-30 23:46:30,394,526982.0,48836.0,1348.0,0.0,0.0,0.0,1371.0,124.0,4.0,8.2890752e+07,1.168310272e+09,3833.71,26.0,191616.0,0.0,191616.0,191616.0,11.0,0.0,0.0
2026-03-30 23:46:43,394,526982.0,48836.0,1348.0,0.0,0.0,0.0,1371.0,124.0,4.0,8.2890752e+07,1.168310272e+09,3835.6400000000003,26.0,191715.0,0.0,191715.0,191715.0,11.0,0.0,0.0
2026-03-30 23:46:55,394,527471.0,48836.0,1348.0,0.0,0.0,0.0,1372.0,124.0,4.0,8.2890752e+07,1.168310272e+09,3837.58,26.0,191815.0,0.0,191815.0,191815.0,11.0,0.0,0.0
2026-03-30 23:47:07,394,527972.0,48836.0,1348.0,0.0,0.0,0.0,1373.0,124.0,4.0,8.2890752e+07,1.168310272e+09,3839.59,26.0,191914.0,0.0,191914.0,191914.0,11.0,0.0,0.0
2026-03-30 23:47:20,394,527972.0,48836.0,1348.0,0.0,0.0,0.0,1373.0,124.0,4.0,8.2890752e+07,1.168310272e+09,3841.64,26.0,192014.0,0.0,192014.0,192014.0,11.0,0.0,0.0
2026-03-30 23:47:32,395,528473.0,48836.0,1348.0,0.0,0.0,0.0,1374.0,124.0,4.0,8.2890752e+07,1.168310272e+09,3843.6600000000003,26.0,192113.0,0.0,192113.0,192113.0,11.0,0.0,0.0
2026-03-30 23:47:44,395,528473.0,48836.0,1348.0,0.0,0.0,0.0,1374.0,124.0,4.0,8.2890752e+07,1.168310272e+09,3845.7299999999996,26.0,192212.0,0.0,192212.0,192212.0,11.0,0.0,0.0
2026-03-30 23:47:57,395,528962.0,48836.0,1348.0,0.0,0.0,0.0,1375.0,124.0,4.0,8.2890752e+07,1.168310272e+09,3847.75,26.0,192310.0,0.0,192310.0,192310.0,11.0,0.0,0.0
2026-03-30 23:48:09,395,528962.0,49337.0,1348.0,0.0,0.0,0.0,1375.0,125.0,4.0,8.2890752e+07,1.168310272e+09,3849.8,26.0,192409.0,0.0,192409.0,192409.0,11.0,0.0,0.0
2026-03-30 23:48:21,395,528962.0,49337.0,1348.0,0.0,0.0,0.0,1375.0,125.0,4.0,8.2890752e+07,1.168310272e+09,3851.7999999999997,26.0,192509.0,0.0,192509.0,192509.0,11.0,0.0,0.0
2026-03-30 23:48:34,396,529466.0,49337.0,1348.0,0.0,0.0,0.0,1376.0,125.0,4.0,8.2890752e+07,1.168310272e+09,3853.97,26.0,192609.0,0.0,192609.0,192609.0,11.0,0.0,0.0
2026-03-30 23:48:46,396,529466.0,49337.0,1348.0,0.0,0.0,0.0,1376.0,125.0,4.0,8.2890752e+07,1.168310272e+09,3855.96,27.0,192706.0,0.0,192706.0,192706.0,11.0,0.0,0.0
2026-03-30 23:48:58,396,529940.0,49337.0,1348.0,0.0,0.0,0.0,1377.0,125.0,4.0,8.2890752e+07,1.168310272e+09,3857.87,26.0,192807.0,0.0,192807.0,192807.0,11.0,0.0,0.0
2026-03-30 23:49:11,396,530444.0,49337.0,1348.0,0.0,0.0,0.0,1378.0,125.0,4.0,8.2890752e+07,1.168310272e+09,3859.8199999999997,29.0,192905.0,0.0,192904.0,192904.0,11.0,0.0,0.0
2026-03-30 23:49:23,396,530444.0,49337.0,1348.0,0.0,0.0,0.0,1378.0,125.0,4.0,8.2890752e+07,1.168310272e+09,3861.79,26.0,193005.0,0.0,193005.0,193005.0,11.0,0.0,0.0
2026-03-30 23:49:35,397,530948.0,49337.0,1348.0,0.0,0.0,0.0,1379.0,125.0,4.0,8.2890752e+07,1.168310272e+09,3863.8199999999997,26.0,193104.0,0.0,193104.0,193104.0,11.0,0.0,0.0
2026-03-30 23:49:48,397,530948.0,49337.0,1348.0,0.0,0.0,0.0,1379.0,125.0,4.0,8.2890752e+07,1.168310272e+09,3865.85,26.0,193204.0,0.0,193204.0,193204.0,11.0,0.0,0.0
2026-03-30 23:50:00,397,531437.0,49337.0,1348.0,0.0,0.0,0.0,1380.0,125.0,4.0,8.2890752e+07,1.168310272e+09,3867.8599999999997,26.0,193302.0,0.0,193302.0,193302.0,11.0,0.0,0.0
2026-03-30 23:50:12,397,531938.0,49337.0,1348.0,0.0,0.0,0.0,1381.0,125.0,4.0,8.2890752e+07,1.168310272e+09,3869.89,26.0,193402.0,0.0,193402.0,193402.0,11.0,0.0,0.0
2026-03-30 23:50:24,397,531938.0,49337.0,1348.0,0.0,0.0,0.0,1381.0,125.0,4.0,8.2890752e+07,1.168310272e+09,3872.02,26.0,193501.0,0.0,193501.0,193501.0,11.0,0.0,0.0
2026-03-30 23:50:37,398,532439.0,49337.0,1348.0,0.0,0.0,0.0,1382.0,125.0,4.0,8.2890752e+07,1.168310272e+09,3874.07,26.0,193601.0,0.0,193601.0,193601.0,11.0,0.0,0.0
2026-03-30 23:50:49,398,532439.0,49337.0,1348.0,0.0,0.0,0.0,1382.0,125.0,4.0,8.2890752e+07,1.168310272e+09,3876.0099999999998,26.0,193700.0,0.0,193700.0,193700.0,11.0,0.0,0.0
2026-03-30 23:51:01,398,532943.0,49337.0,1348.0,0.0,0.0,0.0,1383.0,125.0,4.0,8.2890752e+07,1.168310272e+09,3877.92,26.0,193799.0,0.0,193799.0,193799.0,11.0,0.0,0.0
2026-03-30 23:51:14,398,533447.0,49337.0,1348.0,0.0,0.0,0.0,1384.0,125.0,4.0,8.2890752e+07,1.168310272e+09,3880.03,26.0,193897.0,0.0,193897.0,193897.0,11.0,0.0,0.0
2026-03-30 23:51:26,399,533447.0,49337.0,1348.0,0.0,0.0,0.0,1384.0,125.0,4.0,8.2890752e+07,1.168310272e+09,3882.13,26.0,193998.0,0.0,193998.0,193998.0,11.0,0.0,0.0
2026-03-30 23:51:38,399,533951.0,49337.0,1348.0,0.0,0.0,0.0,1385.0,125.0,4.0,8.2890752e+07,1.168310272e+09,3884.15,26.0,194100.0,0.0,194100.0,194100.0,11.0,0.0,0.0
2026-03-30 23:51:51,399,533951.0,49337.0,1348.0,0.0,0.0,0.0,1385.0,125.0,4.0,8.2890752e+07,1.168310272e+09,3886.34,26.0,194199.0,0.0,194199.0,194199.0,11.0,0.0,0.0
2026-03-30 23:52:03,399,534455.0,49337.0,1348.0,0.0,0.0,0.0,1386.0,125.0,4.0,8.2890752e+07,1.168310272e+09,3888.31,26.0,194296.0,0.0,194296.0,194296.0,11.0,0.0,0.0
2026-03-30 23:52:15,399,534455.0,49838.0,1348.0,0.0,0.0,0.0,1386.0,126.0,4.0,8.2890752e+07,1.168310272e+09,3890.14,27.0,194394.0,0.0,194393.0,194393.0,11.0,0.0,0.0
2026-03-30 23:52:27,400,534455.0,49838.0,1348.0,0.0,0.0,0.0,1386.0,126.0,4.0,8.2890752e+07,1.168310272e+09,3892.0499999999997,26.0,194492.0,0.0,194492.0,194492.0,11.0,0.0,0.0
2026-03-30 23:52:39,400,534959.0,49838.0,1348.0,0.0,0.0,0.0,1387.0,126.0,4.0,8.2890752e+07,1.168310272e+09,3894.1200000000003,26.0,194593.0,0.0,194593.0,194593.0,11.0,0.0,0.0
2026-03-30 23:52:52,400,534959.0,49838.0,1348.0,0.0,0.0,0.0,1387.0,126.0,4.0,8.2890752e+07,1.168310272e+09,3896.25,26.0,194691.0,0.0,194691.0,194691.0,11.0,0.0,0.0
2026-03-30 23:53:04,400,535463.0,49838.0,1348.0,0.0,0.0,0.0,1388.0,126.0,4.0,8.2890752e+07,1.168310272e+09,3898.22,26.0,194788.0,0.0,194788.0,194788.0,11.0,0.0,0.0
2026-03-30 23:53:16,400,535967.0,49838.0,1348.0,0.0,0.0,0.0,1389.0,126.0,4.0,8.2890752e+07,1.168310272e+09,3900.1499999999996,26.0,194885.0,0.0,194885.0,194885.0,11.0,0.0,0.0
2026-03-30 23:53:28,401,535967.0,49838.0,1348.0,0.0,0.0,0.0,1389.0,126.0,4.0,8.2890752e+07,1.168310272e+09,3902.0499999999997,26.0,194984.0,0.0,194984.0,194984.0,11.0,0.0,0.0
2026-03-30 23:53:40,401,536471.0,49838.0,1348.0,0.0,0.0,0.0,1390.0,126.0,4.0,8.2890752e+07,1.168310272e+09,3904.15,26.0,195083.0,0.0,195083.0,195083.0,11.0,0.0,0.0
2026-03-30 23:53:53,401,536471.0,49838.0,1348.0,0.0,0.0,0.0,1390.0,126.0,4.0,8.2890752e+07,1.168310272e+09,3906.19,26.0,195182.0,0.0,195182.0,195182.0,11.0,0.0,0.0
2026-03-30 23:54:05,401,536975.0,49838.0,1348.0,0.0,0.0,0.0,1391.0,126.0,4.0,8.2890752e+07,1.168310272e+09,3908.2,26.0,195281.0,0.0,195281.0,195281.0,11.0,0.0,0.0
2026-03-30 23:54:17,401,537467.0,49838.0,1348.0,0.0,0.0,0.0,1392.0,126.0,4.0,8.2890752e+07,1.168310272e+09,3910.4199999999996,29.0,195382.0,0.0,195381.0,195381.0,11.0,0.0,0.0
2026-03-30 23:54:30,402,537467.0,49838.0,1348.0,0.0,0.0,0.0,1392.0,126.0,4.0,8.2890752e+07,1.168310272e+09,3912.3500000000004,27.0,195480.0,0.0,195480.0,195480.0,11.0,0.0,0.0
2026-03-30 23:54:42,402,537971.0,49838.0,1348.0,0.0,0.0,0.0,1393.0,126.0,4.0,8.2890752e+07,1.168310272e+09,3914.52,26.0,195580.0,0.0,195580.0,195580.0,11.0,0.0,0.0
2026-03-30 23:54:54,402,537971.0,49838.0,1348.0,0.0,0.0,0.0,1393.0,126.0,4.0,8.2890752e+07,1.168310272e+09,3916.6200000000003,26.0,195679.0,0.0,195679.0,195679.0,11.0,0.0,0.0
2026-03-30 23:55:07,402,538472.0,49838.0,1348.0,0.0,0.0,0.0,1394.0,126.0,4.0,8.2890752e+07,1.168310272e+09,3918.62,26.0,195780.0,0.0,195780.0,195780.0,11.0,0.0,0.0
2026-03-30 23:55:19,402,538472.0,49838.0,1348.0,0.0,0.0,0.0,1394.0,126.0,4.0,8.2890752e+07,1.168310272e+09,3920.8199999999997,27.0,195880.0,0.0,195880.0,195880.0,11.0,0.0,0.0
2026-03-30 23:55:31,403,538964.0,49838.0,1348.0,0.0,0.0,0.0,1395.0,126.0,4.0,8.2890752e+07,1.168310272e+09,3922.8100000000004,26.0,195979.0,0.0,195979.0,195979.0,11.0,0.0,0.0
2026-03-30 23:55:44,403,539465.0,49838.0,1348.0,0.0,0.0,0.0,1396.0,126.0,4.0,8.2890752e+07,1.168310272e+09,3924.7400000000002,26.0,196079.0,0.0,196079.0,196079.0,11.0,0.0,0.0
2026-03-30 23:55:56,403,539465.0,49838.0,1348.0,0.0,0.0,0.0,1396.0,126.0,4.0,8.2890752e+07,1.168310272e+09,3926.84,26.0,196183.0,0.0,196183.0,196183.0,11.0,0.0,0.0
2026-03-30 23:56:09,403,539966.0,49838.0,1348.0,0.0,0.0,0.0,1397.0,126.0,4.0,8.2890752e+07,1.168310272e+09,3928.9800000000005,26.0,196285.0,0.0,196285.0,196285.0,11.0,0.0,0.0
2026-03-30 23:56:21,403,539966.0,50339.0,1348.0,0.0,0.0,0.0,1397.0,127.0,4.0,8.2890752e+07,1.168310272e+09,3930.94,26.0,196384.0,0.0,196384.0,196384.0,11.0,0.0,0.0
2026-03-30 23:56:33,404,539966.0,50339.0,1348.0,0.0,0.0,0.0,1397.0,127.0,4.0,8.2890752e+07,1.168310272e+09,3932.9700000000003,26.0,196484.0,0.0,196484.0,196484.0,11.0,0.0,0.0
2026-03-30 23:56:46,404,540467.0,50339.0,1348.0,0.0,0.0,0.0,1398.0,127.0,4.0,8.2890752e+07,1.168310272e+09,3935.06,26.0,196585.0,0.0,196585.0,196585.0,11.0,0.0,0.0
2026-03-30 23:56:58,404,540467.0,50339.0,1348.0,0.0,0.0,0.0,1398.0,127.0,4.0,8.2890752e+07,1.168310272e+09,3937.13,26.0,196685.0,0.0,196685.0,196685.0,11.0,0.0,0.0
2026-03-30 23:57:11,404,540971.0,50339.0,1348.0,0.0,0.0,0.0,1399.0,127.0,4.0,8.2890752e+07,1.168310272e+09,3939.27,26.0,196785.0,0.0,196785.0,196785.0,11.0,0.0,0.0
2026-03-30 23:57:23,404,541475.0,50339.0,1348.0,0.0,0.0,0.0,1400.0,127.0,4.0,8.2890752e+07,1.168310272e+09,3941.36,26.0,196885.0,0.0,196885.0,196885.0,11.0,0.0,0.0
2026-03-30 23:57:35,405,541475.0,50339.0,1348.0,0.0,0.0,0.0,1400.0,127.0,4.0,8.2890752e+07,1.168310272e+09,3943.48,26.0,196986.0,0.0,196986.0,196986.0,11.0,0.0,0.0
2026-03-30 23:57:48,405,541976.0,50339.0,1348.0,0.0,0.0,0.0,1401.0,127.0,4.0,8.2890752e+07,1.168310272e+09,3945.4100000000003,29.0,197085.0,0.0,197084.0,197084.0,11.0,0.0,0.0
2026-03-30 23:58:00,405,541976.0,50339.0,1348.0,0.0,0.0,0.0,1401.0,127.0,4.0,8.2890752e+07,1.168310272e+09,3947.3199999999997,26.0,197184.0,0.0,197184.0,197184.0,11.0,0.0,0.0
2026-03-30 23:58:12,405,542480.0,50339.0,1348.0,0.0,0.0,0.0,1402.0,127.0,4.0,8.2890752e+07,1.168310272e+09,3949.22,26.0,197283.0,0.0,197283.0,197283.0,11.0,0.0,0.0
2026-03-30 23:58:24,405,542480.0,50339.0,1348.0,0.0,0.0,0.0,1402.0,127.0,4.0,8.2890752e+07,1.168310272e+09,3951.38,26.0,197382.0,0.0,197382.0,197382.0,11.0,0.0,0.0
2026-03-30 23:58:37,406,542969.0,50339.0,1348.0,0.0,0.0,0.0,1403.0,127.0,4.0,8.2890752e+07,1.168310272e+09,3953.38,27.0,197481.0,0.0,197480.0,197480.0,11.0,0.0,0.0
2026-03-30 23:58:49,406,543470.0,50339.0,1348.0,0.0,0.0,0.0,1404.0,127.0,4.0,8.2890752e+07,1.168310272e+09,3955.4100000000003,26.0,197580.0,0.0,197579.0,197579.0,11.0,0.0,0.0
2026-03-30 23:59:01,406,543470.0,50339.0,1348.0,0.0,0.0,0.0,1404.0,127.0,4.0,8.2890752e+07,1.168310272e+09,3957.45,26.0,197678.0,0.0,197678.0,197678.0,11.0,0.0,0.0
2026-03-30 23:59:13,406,543971.0,50339.0,1348.0,0.0,0.0,0.0,1405.0,127.0,4.0,8.2890752e+07,1.168310272e+09,3959.4100000000003,26.0,197778.0,0.0,197778.0,197778.0,11.0,0.0,0.0
2026-03-30 23:59:26,407,543971.0,50339.0,1348.0,0.0,0.0,0.0,1405.0,127.0,4.0,8.2890752e+07,1.168310272e+09,3961.48,26.0,197879.0,0.0,197879.0,197879.0,11.0,0.0,0.0
2026-03-30 23:59:38,407,544460.0,50339.0,1348.0,0.0,0.0,0.0,1406.0,127.0,4.0,8.2890752e+07,1.168310272e+09,3963.54,26.0,197979.0,0.0,197979.0,197979.0,11.0,0.0,0.0
2026-03-30 23:59:50,407,544961.0,50339.0,1348.0,0.0,0.0,0.0,1407.0,127.0,4.0,8.2890752e+07,1.168310272e+09,3965.63,26.0,198077.0,0.0,198077.0,198077.0,11.0,0.0,0.0
2026-03-31 00:00:03,407,544961.0,50339.0,1348.0,0.0,0.0,0.0,1407.0,127.0,4.0,8.2890752e+07,1.168310272e+09,3967.68,26.0,198177.0,0.0,198177.0,198177.0,11.0,0.0,0.0
2026-03-31 00:00:15,407,545462.0,50339.0,1348.0,0.0,0.0,0.0,1408.0,127.0,4.0,8.2890752e+07,1.168310272e+09,3969.79,26.0,198276.0,0.0,198276.0,198276.0,11.0,0.0,0.0
2026-03-31 00:00:27,408,545462.0,50339.0,1348.0,0.0,0.0,0.0,1408.0,127.0,4.0,8.2890752e+07,1.168310272e+09,3971.66,26.0,198373.0,0.0,198373.0,198373.0,11.0,0.0,0.0
2026-03-31 00:00:39,408,545462.0,50843.0,1348.0,0.0,0.0,0.0,1408.0,128.0,4.0,8.2890752e+07,1.168310272e+09,3973.62,26.0,198470.0,0.0,198470.0,198470.0,11.0,0.0,0.0
2026-03-31 00:00:51,408,545966.0,50843.0,1348.0,0.0,0.0,0.0,1409.0,128.0,4.0,8.2890752e+07,1.168310272e+09,3975.59,26.0,198570.0,0.0,198570.0,198570.0,11.0,0.0,0.0
2026-03-31 00:01:04,408,545966.0,50843.0,1348.0,0.0,0.0,0.0,1409.0,128.0,4.0,8.2890752e+07,1.168310272e+09,3977.62,26.0,198671.0,0.0,198671.0,198671.0,11.0,0.0,0.0
2026-03-31 00:01:16,408,546470.0,50843.0,1348.0,0.0,0.0,0.0,1410.0,128.0,4.0,8.2890752e+07,1.168310272e+09,3979.54,26.0,198770.0,0.0,198770.0,198770.0,11.0,0.0,0.0
2026-03-31 00:01:28,409,546470.0,50843.0,1348.0,0.0,0.0,0.0,1410.0,128.0,4.0,8.2890752e+07,1.168310272e+09,3981.53,29.0,198869.0,0.0,198868.0,198868.0,11.0,0.0,0.0
2026-03-31 00:01:41,409,546923.0,50843.0,1348.0,0.0,0.0,0.0,1411.0,128.0,4.0,8.2890752e+07,1.168310272e+09,3983.59,29.0,198969.0,0.0,198968.0,198968.0,11.0,0.0,0.0
2026-03-31 00:01:53,409,547223.0,50843.0,1348.0,0.0,0.0,0.0,1412.0,128.0,4.0,8.2890752e+07,1.168310272e+09,3985.75,26.0,199069.0,0.0,199069.0,199069.0,11.0,0.0,0.0
2026-03-31 00:02:05,409,547727.0,50843.0,1348.0,0.0,0.0,0.0,1413.0,128.0,4.0,8.2890752e+07,1.168310272e+09,3987.71,29.0,199169.0,0.0,199168.0,199168.0,11.0,0.0,0.0
2026-03-31 00:02:17,409,547727.0,50843.0,1348.0,0.0,0.0,0.0,1413.0,128.0,4.0,8.2890752e+07,1.168310272e+09,3989.8,26.0,199268.0,0.0,199268.0,199268.0,11.0,0.0,0.0
2026-03-31 00:02:30,410,548231.0,50843.0,1348.0,0.0,0.0,0.0,1414.0,128.0,4.0,8.2890752e+07,1.168310272e+09,3991.9700000000003,29.0,199368.0,0.0,199367.0,199367.0,11.0,0.0,0.0
2026-03-31 00:02:42,410,548231.0,50843.0,1348.0,0.0,0.0,0.0,1414.0,128.0,4.0,8.2890752e+07,1.168310272e+09,3994.01,26.0,199467.0,0.0,199467.0,199467.0,11.0,0.0,0.0
2026-03-31 00:02:54,410,548720.0,50843.0,1348.0,0.0,0.0,0.0,1415.0,128.0,4.0,8.2890752e+07,1.168310272e+09,3996.13,26.0,199566.0,0.0,199566.0,199566.0,11.0,0.0,0.0
2026-03-31 00:03:07,410,549221.0,50843.0,1348.0,0.0,0.0,0.0,1416.0,128.0,4.0,8.2890752e+07,1.168310272e+09,3998.08,26.0,199665.0,0.0,199665.0,199665.0,11.0,0.0,0.0
2026-03-31 00:03:19,410,549221.0,50843.0,1348.0,0.0,0.0,0.0,1416.0,128.0,4.0,8.2890752e+07,1.168310272e+09,4000.23,26.0,199765.0,0.0,199765.0,199765.0,11.0,0.0,0.0
2026-03-31 00:03:31,411,549725.0,50843.0,1348.0,0.0,0.0,0.0,1417.0,128.0,4.0,8.2890752e+07,1.168310272e+09,4002.27,26.0,199865.0,0.0,199865.0,199865.0,11.0,0.0,0.0
2026-03-31 00:03:44,411,549725.0,50843.0,1348.0,0.0,0.0,0.0,1417.0,128.0,4.0,8.2890752e+07,1.168310272e+09,4004.2,26.0,199967.0,0.0,199967.0,199967.0,11.0,0.0,0.0
2026-03-31 00:03:56,411,550220.0,50843.0,1348.0,0.0,0.0,0.0,1418.0,128.0,4.0,8.2890752e+07,1.168310272e+09,4006.37,26.0,200067.0,0.0,200067.0,200067.0,11.0,0.0,0.0
2026-03-31 00:04:08,411,550721.0,50843.0,1348.0,0.0,0.0,0.0,1419.0,128.0,4.0,8.2890752e+07,1.168310272e+09,4008.45,26.0,200167.0,0.0,200167.0,200167.0,11.0,0.0,0.0
2026-03-31 00:04:21,411,550721.0,50843.0,1348.0,0.0,0.0,0.0,1419.0,128.0,4.0,8.2890752e+07,1.168310272e+09,4010.52,26.0,200267.0,0.0,200267.0,200267.0,11.0,0.0,0.0
2026-03-31 00:04:33,412,550721.0,51347.0,1348.0,0.0,0.0,0.0,1419.0,129.0,4.0,8.2890752e+07,1.168310272e+09,4012.58,26.0,200365.0,0.0,200365.0,200365.0,11.0,0.0,0.0
2026-03-31 00:04:45,412,550721.0,51347.0,1348.0,0.0,0.0,0.0,1419.0,129.0,4.0,8.2890752e+07,1.168310272e+09,4014.64,26.0,200464.0,0.0,200464.0,200464.0,11.0,0.0,0.0
2026-03-31 00:04:58,412,551222.0,51347.0,1348.0,0.0,0.0,0.0,1420.0,129.0,4.0,8.2890752e+07,1.168310272e+09,4016.6,26.0,200563.0,0.0,200563.0,200563.0,11.0,0.0,0.0
2026-03-31 00:05:10,412,551726.0,51347.0,1348.0,0.0,0.0,0.0,1421.0,129.0,4.0,8.2890752e+07,1.168310272e+09,4018.6,27.0,200663.0,0.0,200662.0,200662.0,11.0,0.0,0.0
2026-03-31 00:05:22,412,551726.0,51347.0,1348.0,0.0,0.0,0.0,1421.0,129.0,4.0,8.2890752e+07,1.168310272e+09,4020.66,26.0,200761.0,0.0,200761.0,200761.0,11.0,0.0,0.0
2026-03-31 00:05:35,413,552230.0,51347.0,1348.0,0.0,0.0,0.0,1422.0,129.0,4.0,8.2890752e+07,1.168310272e+09,4022.74,26.0,200862.0,0.0,200862.0,200862.0,11.0,0.0,0.0
2026-03-31 00:05:47,413,552230.0,51347.0,1348.0,0.0,0.0,0.0,1422.0,129.0,4.0,8.2890752e+07,1.168310272e+09,4024.7599999999998,26.0,200961.0,0.0,200961.0,200961.0,11.0,0.0,0.0
2026-03-31 00:05:59,413,552734.0,51347.0,1348.0,0.0,0.0,0.0,1423.0,129.0,4.0,8.2890752e+07,1.168310272e+09,4026.78,26.0,201062.0,0.0,201062.0,201062.0,11.0,0.0,0.0
2026-03-31 00:06:12,413,553238.0,51347.0,1348.0,0.0,0.0,0.0,1424.0,129.0,4.0,8.2890752e+07,1.168310272e+09,4028.77,29.0,201162.0,0.0,201161.0,201161.0,11.0,0.0,0.0
2026-03-31 00:06:24,413,553238.0,51347.0,1348.0,0.0,0.0,0.0,1424.0,129.0,4.0,8.2890752e+07,1.168310272e+09,4030.8,26.0,201261.0,0.0,201261.0,201261.0,11.0,0.0,0.0
2026-03-31 00:06:36,414,553739.0,51347.0,1348.0,0.0,0.0,0.0,1425.0,129.0,4.0,8.2890752e+07,1.168310272e+09,4032.92,28.0,201361.0,0.0,201361.0,201361.0,11.0,0.0,0.0
2026-03-31 00:06:49,414,553739.0,51347.0,1348.0,0.0,0.0,0.0,1425.0,129.0,4.0,8.2890752e+07,1.168310272e+09,4034.94,26.0,201462.0,0.0,201462.0,201462.0,11.0,0.0,0.0
2026-03-31 00:07:01,414,554243.0,51347.0,1348.0,0.0,0.0,0.0,1426.0,129.0,4.0,8.2890752e+07,1.168310272e+09,4037.04,26.0,201561.0,0.0,201561.0,201561.0,11.0,0.0,0.0
2026-03-31 00:07:13,414,554747.0,51347.0,1348.0,0.0,0.0,0.0,1427.0,129.0,4.0,8.2890752e+07,1.168310272e+09,4039.19,26.0,201658.0,0.0,201658.0,201658.0,11.0,0.0,0.0
2026-03-31 00:07:25,415,554747.0,51347.0,1348.0,0.0,0.0,0.0,1427.0,129.0,4.0,8.2890752e+07,1.168310272e+09,4041.3500000000004,29.0,201758.0,0.0,201757.0,201757.0,11.0,0.0,0.0
2026-03-31 00:07:38,415,555086.0,51347.0,1348.0,0.0,0.0,0.0,1428.0,129.0,4.0,8.2890752e+07,1.168310272e+09,4043.45,26.0,201859.0,0.0,201859.0,201859.0,11.0,0.0,0.0
2026-03-31 00:07:50,415,555590.0,51347.0,1348.0,0.0,0.0,0.0,1429.0,129.0,4.0,8.2890752e+07,1.168310272e+09,4045.5299999999997,26.0,201959.0,0.0,201959.0,201959.0,11.0,0.0,0.0
2026-03-31 00:08:02,415,555590.0,51347.0,1348.0,0.0,0.0,0.0,1429.0,129.0,4.0,8.2890752e+07,1.168310272e+09,4047.71,26.0,202058.0,0.0,202058.0,202058.0,11.0,0.0,0.0
2026-03-31 00:08:14,415,556094.0,51347.0,1348.0,0.0,0.0,0.0,1430.0,129.0,4.0,8.2890752e+07,1.168310272e+09,4049.7000000000003,26.0,202157.0,0.0,202157.0,202157.0,11.0,0.0,0.0
2026-03-31 00:08:27,416,556094.0,51347.0,1348.0,0.0,0.0,0.0,1430.0,129.0,4.0,8.2890752e+07,1.168310272e+09,4051.82,26.0,202259.0,0.0,202259.0,202259.0,11.0,0.0,0.0
2026-03-31 00:08:39,416,556094.0,51845.0,1348.0,0.0,0.0,0.0,1430.0,130.0,4.0,8.2890752e+07,1.168310272e+09,4053.8399999999997,26.0,202358.0,0.0,202358.0,202358.0,11.0,0.0,0.0
2026-03-31 00:08:51,416,556595.0,51845.0,1348.0,0.0,0.0,0.0,1431.0,130.0,4.0,8.2890752e+07,1.168310272e+09,4055.78,26.0,202457.0,0.0,202457.0,202457.0,11.0,0.0,0.0
2026-03-31 00:09:03,416,556595.0,51845.0,1348.0,0.0,0.0,0.0,1431.0,130.0,4.0,8.2890752e+07,1.168310272e+09,4057.78,26.0,202557.0,0.0,202557.0,202557.0,11.0,0.0,0.0
2026-03-31 00:09:16,416,557099.0,51845.0,1348.0,0.0,0.0,0.0,1432.0,130.0,4.0,8.2890752e+07,1.168310272e+09,4059.7200000000003,26.0,202657.0,0.0,202657.0,202657.0,11.0,0.0,0.0
2026-03-31 00:09:28,417,557099.0,51845.0,1348.0,0.0,0.0,0.0,1432.0,130.0,4.0,8.2890752e+07,1.168310272e+09,4061.91,26.0,202756.0,0.0,202756.0,202756.0,11.0,0.0,0.0
2026-03-31 00:09:40,417,557603.0,51845.0,1348.0,0.0,0.0,0.0,1433.0,130.0,4.0,8.2890752e+07,1.168310272e+09,4064.07,29.0,202856.0,0.0,202855.0,202855.0,11.0,0.0,0.0
2026-03-31 00:09:53,417,558107.0,51845.0,1348.0,0.0,0.0,0.0,1434.0,130.0,4.0,8.2890752e+07,1.168310272e+09,4066.17,26.0,202955.0,0.0,202955.0,202955.0,11.0,0.0,0.0
2026-03-31 00:10:05,417,558107.0,51845.0,1348.0,0.0,0.0,0.0,1434.0,130.0,4.0,8.2890752e+07,1.168310272e+09,4068.33,26.0,203055.0,0.0,203055.0,203055.0,11.0,0.0,0.0
2026-03-31 00:10:17,417,558611.0,51845.0,1348.0,0.0,0.0,0.0,1435.0,130.0,4.0,8.2890752e+07,1.168310272e+09,4070.46,26.0,203156.0,0.0,203156.0,203156.0,11.0,0.0,0.0
2026-03-31 00:10:29,418,558611.0,51845.0,1348.0,0.0,0.0,0.0,1435.0,130.0,4.0,8.2890752e+07,1.168310272e+09,4072.45,26.0,203255.0,0.0,203255.0,203255.0,11.0,0.0,0.0
2026-03-31 00:10:42,418,559112.0,51845.0,1348.0,0.0,0.0,0.0,1436.0,130.0,4.0,8.2890752e+07,1.168310272e+09,4074.56,29.0,203355.0,0.0,203354.0,203354.0,11.0,0.0,0.0
2026-03-31 00:10:54,418,559379.0,51845.0,1348.0,0.0,0.0,0.0,1437.0,130.0,4.0,8.2890752e+07,1.168310272e+09,4076.8100000000004,26.0,203456.0,0.0,203456.0,203456.0,11.0,0.0,0.0
2026-03-31 00:11:07,418,559883.0,51845.0,1348.0,0.0,0.0,0.0,1438.0,130.0,4.0,8.2890752e+07,1.168310272e+09,4078.91,26.0,203556.0,0.0,203556.0,203556.0,11.0,0.0,0.0
2026-03-31 00:11:19,418,559883.0,51845.0,1348.0,0.0,0.0,0.0,1438.0,130.0,4.0,8.2890752e+07,1.168310272e+09,4081.14,26.0,203654.0,0.0,203654.0,203654.0,11.0,0.0,0.0
2026-03-31 00:11:32,419,560279.0,51845.0,1348.0,0.0,0.0,0.0,1439.0,130.0,4.0,8.2890752e+07,1.168310272e+09,4083.07,26.0,203752.0,0.0,203752.0,203752.0,11.0,0.0,0.0
2026-03-31 00:11:44,419,560780.0,51845.0,1348.0,0.0,0.0,0.0,1440.0,130.0,4.0,8.2890752e+07,1.168310272e+09,4085.01,26.0,203851.0,0.0,203851.0,203851.0,11.0,0.0,0.0
2026-03-31 00:11:56,419,560780.0,51845.0,1348.0,0.0,0.0,0.0,1440.0,130.0,4.0,8.2890752e+07,1.168310272e+09,4086.91,26.0,203949.0,0.0,203949.0,203949.0,11.0,0.0,0.0
2026-03-31 00:12:08,419,561284.0,51845.0,1348.0,0.0,0.0,0.0,1441.0,130.0,4.0,8.2890752e+07,1.168310272e+09,4088.9500000000003,26.0,204050.0,0.0,204050.0,204050.0,11.0,0.0,0.0
2026-03-31 00:12:21,419,561284.0,51845.0,1348.0,0.0,0.0,0.0,1441.0,130.0,4.0,8.2890752e+07,1.168310272e+09,4091.0099999999998,26.0,204150.0,0.0,204150.0,204150.0,11.0,0.0,0.0
2026-03-31 00:12:33,420,561284.0,52349.0,1348.0,0.0,0.0,0.0,1441.0,131.0,4.0,8.2890752e+07,1.168310272e+09,4093.04,26.0,204249.0,0.0,204249.0,204249.0,11.0,0.0,0.0
2026-03-31 00:12:46,420,561788.0,52349.0,1348.0,0.0,0.0,0.0,1442.0,131.0,4.0,8.2890752e+07,1.168310272e+09,4095.03,26.0,204349.0,0.0,204349.0,204349.0,11.0,0.0,0.0
2026-03-31 00:12:58,420,561788.0,52349.0,1348.0,0.0,0.0,0.0,1442.0,131.0,4.0,8.2890752e+07,1.168310272e+09,4097.16,26.0,204451.0,0.0,204451.0,204451.0,11.0,0.0,0.0
2026-03-31 00:13:11,420,562292.0,52349.0,1348.0,0.0,0.0,0.0,1443.0,131.0,4.0,8.2890752e+07,1.168310272e+09,4099.3,26.0,204552.0,0.0,204552.0,204552.0,11.0,0.0,0.0
2026-03-31 00:13:23,420,562292.0,52349.0,1348.0,0.0,0.0,0.0,1443.0,131.0,4.0,8.2890752e+07,1.168310272e+09,4101.4,26.0,204652.0,0.0,204652.0,204652.0,11.0,0.0,0.0
2026-03-31 00:13:35,421,562796.0,52349.0,1348.0,0.0,0.0,0.0,1444.0,131.0,4.0,8.2890752e+07,1.168310272e+09,4103.4400000000005,26.0,204753.0,0.0,204753.0,204753.0,11.0,0.0,0.0
2026-03-31 00:13:48,421,563300.0,52349.0,1348.0,0.0,0.0,0.0,1445.0,131.0,4.0,8.2890752e+07,1.168310272e+09,4105.51,29.0,204853.0,0.0,204852.0,204852.0,11.0,0.0,0.0
2026-03-31 00:14:00,421,563300.0,52349.0,1348.0,0.0,0.0,0.0,1445.0,131.0,4.0,8.2890752e+07,1.168310272e+09,4107.53,26.0,204952.0,0.0,204952.0,204952.0,11.0,0.0,0.0
2026-03-31 00:14:12,421,563801.0,52349.0,1348.0,0.0,0.0,0.0,1446.0,131.0,4.0,8.2890752e+07,1.168310272e+09,4109.570000000001,26.0,205051.0,0.0,205051.0,205051.0,11.0,0.0,0.0
2026-03-31 00:14:24,421,563801.0,52349.0,1348.0,0.0,0.0,0.0,1446.0,131.0,4.0,8.2890752e+07,1.168310272e+09,4111.5199999999995,26.0,205150.0,0.0,205150.0,205150.0,11.0,0.0,0.0
2026-03-31 00:14:37,422,564305.0,52349.0,1348.0,0.0,0.0,0.0,1447.0,131.0,4.0,8.2890752e+07,1.168310272e+09,4113.55,26.0,205249.0,0.0,205249.0,205249.0,11.0,0.0,0.0
2026-03-31 00:14:49,422,564305.0,52349.0,1348.0,0.0,0.0,0.0,1447.0,131.0,4.0,8.2890752e+07,1.168310272e+09,4114.22,26.0,205280.0,0.0,205280.0,205280.0,11.0,0.0,0.0
2026-03-31 00:15:01,422,564809.0,52349.0,1348.0,0.0,0.0,0.0,1448.0,131.0,4.0,8.2890752e+07,1.168310272e+09,4115.9400000000005,27.0,205365.0,0.0,205365.0,205365.0,11.0,0.0,0.0
2026-03-31 00:15:13,422,564809.0,52349.0,1348.0,0.0,0.0,0.0,1448.0,131.0,4.0,8.2890752e+07,1.168310272e+09,4117.849999999999,26.0,205463.0,0.0,205463.0,205463.0,11.0,0.0,0.0
2026-03-31 00:15:26,423,565313.0,52349.0,1348.0,0.0,0.0,0.0,1449.0,131.0,4.0,8.2890752e+07,1.168310272e+09,4119.76,29.0,205563.0,0.0,205562.0,205562.0,11.0,0.0,0.0
2026-03-31 00:15:38,423,565313.0,52349.0,1348.0,0.0,0.0,0.0,1449.0,131.0,4.0,8.2890752e+07,1.168310272e+09,4121.84,26.0,205663.0,0.0,205663.0,205663.0,11.0,0.0,0.0
2026-03-31 00:15:50,423,565802.0,52349.0,1348.0,0.0,0.0,0.0,1450.0,131.0,4.0,8.2890752e+07,1.168310272e+09,4123.88,26.0,205762.0,0.0,205762.0,205762.0,11.0,0.0,0.0
2026-03-31 00:16:03,423,566303.0,52349.0,1348.0,0.0,0.0,0.0,1451.0,131.0,4.0,8.2890752e+07,1.168310272e+09,4125.9,26.0,205861.0,0.0,205861.0,205861.0,11.0,0.0,0.0
2026-03-31 00:16:15,423,566303.0,52349.0,1348.0,0.0,0.0,0.0,1451.0,131.0,4.0,8.2890752e+07,1.168310272e+09,4128.04,27.0,205962.0,0.0,205961.0,205961.0,11.0,0.0,0.0
2026-03-31 00:16:28,424,566696.0,52349.0,1348.0,0.0,0.0,0.0,1452.0,131.0,4.0,8.2890752e+07,1.168310272e+09,4129.92,26.0,206062.0,0.0,206062.0,206062.0,11.0,0.0,0.0
2026-03-31 00:16:40,424,566696.0,52853.0,1348.0,0.0,0.0,0.0,1452.0,132.0,4.0,8.2890752e+07,1.168310272e+09,4131.9800000000005,26.0,206161.0,0.0,206161.0,206161.0,11.0,0.0,0.0
2026-03-31 00:16:52,424,566696.0,52853.0,1348.0,0.0,0.0,0.0,1452.0,132.0,4.0,8.2890752e+07,1.168310272e+09,4134.11,26.0,206260.0,0.0,206260.0,206260.0,11.0,0.0,0.0
2026-03-31 00:17:05,424,567197.0,52853.0,1348.0,0.0,0.0,0.0,1453.0,132.0,4.0,8.2890752e+07,1.168310272e+09,4136.12,26.0,206359.0,0.0,206359.0,206359.0,11.0,0.0,0.0
2026-03-31 00:17:17,424,567197.0,52853.0,1348.0,0.0,0.0,0.0,1453.0,132.0,4.0,8.2890752e+07,1.168310272e+09,4138.24,26.0,206459.0,0.0,206459.0,206459.0,11.0,0.0,0.0
2026-03-31 00:17:29,425,567686.0,52853.0,1348.0,0.0,0.0,0.0,1454.0,132.0,4.0,8.2890752e+07,1.168310272e+09,4140.389999999999,26.0,206558.0,0.0,206558.0,206558.0,11.0,0.0,0.0
2026-03-31 00:17:41,425,568187.0,52853.0,1348.0,0.0,0.0,0.0,1455.0,132.0,4.0,8.2890752e+07,1.168310272e+09,4142.4,26.0,206657.0,0.0,206657.0,206657.0,11.0,0.0,0.0
2026-03-31 00:17:54,425,568187.0,52853.0,1348.0,0.0,0.0,0.0,1455.0,132.0,4.0,8.2890752e+07,1.168310272e+09,4144.4800000000005,26.0,206758.0,0.0,206758.0,206758.0,11.0,0.0,0.0
2026-03-31 00:18:06,425,568688.0,52853.0,1348.0,0.0,0.0,0.0,1456.0,132.0,4.0,8.2890752e+07,1.168310272e+09,4146.51,26.0,206857.0,0.0,206857.0,206857.0,11.0,0.0,0.0
2026-03-31 00:18:18,425,568688.0,52853.0,1348.0,0.0,0.0,0.0,1456.0,132.0,4.0,8.2890752e+07,1.168310272e+09,4148.55,26.0,206958.0,0.0,206958.0,206958.0,11.0,0.0,0.0
2026-03-31 00:18:31,426,569183.0,52853.0,1348.0,0.0,0.0,0.0,1457.0,132.0,4.0,8.2890752e+07,1.168310272e+09,4150.7,26.0,207057.0,0.0,207057.0,207057.0,11.0,0.0,0.0
2026-03-31 00:18:43,426,569684.0,52853.0,1348.0,0.0,0.0,0.0,1458.0,132.0,4.0,8.2890752e+07,1.168310272e+09,4152.74,29.0,207158.0,0.0,207157.0,207157.0,11.0,0.0,0.0
2026-03-31 00:18:55,426,569684.0,52853.0,1348.0,0.0,0.0,0.0,1458.0,132.0,4.0,8.2890752e+07,1.168310272e+09,4154.719999999999,26.0,207256.0,0.0,207256.0,207256.0,11.0,0.0,0.0
2026-03-31 00:19:08,426,570185.0,52853.0,1348.0,0.0,0.0,0.0,1459.0,132.0,4.0,8.2890752e+07,1.168310272e+09,4156.71,26.0,207355.0,0.0,207355.0,207355.0,11.0,0.0,0.0
2026-03-31 00:19:20,426,570185.0,52853.0,1348.0,0.0,0.0,0.0,1459.0,132.0,4.0,8.2890752e+07,1.168310272e+09,4158.88,26.0,207455.0,0.0,207455.0,207455.0,11.0,0.0,0.0
2026-03-31 00:19:32,427,570674.0,52853.0,1348.0,0.0,0.0,0.0,1460.0,132.0,4.0,8.2890752e+07,1.168310272e+09,4161.05,26.0,207555.0,0.0,207555.0,207555.0,11.0,0.0,0.0
2026-03-31 00:19:44,427,571175.0,52853.0,1348.0,0.0,0.0,0.0,1461.0,132.0,4.0,8.2890752e+07,1.168310272e+09,4163.1,26.0,207655.0,0.0,207655.0,207655.0,11.0,0.0,0.0
2026-03-31 00:19:57,427,571175.0,52853.0,1348.0,0.0,0.0,0.0,1461.0,132.0,4.0,8.2890752e+07,1.168310272e+09,4164.9800000000005,26.0,207755.0,0.0,207755.0,207755.0,11.0,0.0,0.0
2026-03-31 00:20:09,427,571679.0,52853.0,1348.0,0.0,0.0,0.0,1462.0,132.0,4.0,8.2890752e+07,1.168310272e+09,4166.96,26.0,207854.0,0.0,207854.0,207854.0,11.0,0.0,0.0
2026-03-31 00:20:21,427,571679.0,52853.0,1348.0,0.0,0.0,0.0,1462.0,132.0,4.0,8.2890752e+07,1.168310272e+09,4168.97,26.0,207953.0,0.0,207953.0,207953.0,11.0,0.0,0.0
2026-03-31 00:20:34,428,572168.0,52853.0,1348.0,0.0,0.0,0.0,1463.0,132.0,4.0,8.2890752e+07,1.168310272e+09,4171.1,26.0,208054.0,0.0,208054.0,208054.0,11.0,0.0,0.0
2026-03-31 00:20:46,428,572168.0,53354.0,1348.0,0.0,0.0,0.0,1463.0,133.0,4.0,8.2890752e+07,1.168310272e+09,4173.37,26.0,208154.0,0.0,208154.0,208154.0,11.0,0.0,0.0
2026-03-31 00:20:58,428,572168.0,53354.0,1348.0,0.0,0.0,0.0,1463.0,133.0,4.0,8.2890752e+07,1.168310272e+09,4175.29,29.0,208255.0,0.0,208254.0,208254.0,11.0,0.0,0.0
2026-03-31 00:21:11,428,572570.0,53354.0,1348.0,0.0,0.0,0.0,1464.0,133.0,4.0,8.2890752e+07,1.168310272e+09,4177.42,26.0,208353.0,0.0,208353.0,208353.0,11.0,0.0,0.0
2026-03-31 00:21:23,428,573074.0,53354.0,1348.0,0.0,0.0,0.0,1465.0,133.0,4.0,8.2890752e+07,1.168310272e+09,4179.67,29.0,208453.0,0.0,208452.0,208452.0,11.0,0.0,0.0
2026-03-31 00:21:36,429,573074.0,53354.0,1348.0,0.0,0.0,0.0,1465.0,133.0,4.0,8.2890752e+07,1.168310272e+09,4181.68,26.0,208552.0,0.0,208552.0,208552.0,11.0,0.0,0.0
2026-03-31 00:21:48,429,573578.0,53354.0,1348.0,0.0,0.0,0.0,1466.0,133.0,4.0,8.2890752e+07,1.168310272e+09,4183.6,26.0,208651.0,0.0,208651.0,208651.0,11.0,0.0,0.0
2026-03-31 00:22:00,429,574061.0,53354.0,1348.0,0.0,0.0,0.0,1467.0,133.0,4.0,8.2890752e+07,1.168310272e+09,4185.76,29.0,208752.0,0.0,208751.0,208751.0,11.0,0.0,0.0
2026-03-31 00:22:13,429,574061.0,53354.0,1348.0,0.0,0.0,0.0,1467.0,133.0,4.0,8.2890752e+07,1.168310272e+09,4188.05,26.0,208851.0,0.0,208851.0,208851.0,11.0,0.0,0.0
2026-03-31 00:22:25,430,574565.0,53354.0,1348.0,0.0,0.0,0.0,1468.0,133.0,4.0,8.2890752e+07,1.168310272e+09,4190.0199999999995,26.0,208950.0,0.0,208950.0,208950.0,11.0,0.0,0.0
2026-03-31 00:22:37,430,574565.0,53354.0,1348.0,0.0,0.0,0.0,1468.0,133.0,4.0,8.2890752e+07,1.168310272e+09,4192.17,26.0,209050.0,0.0,209050.0,209050.0,11.0,0.0,0.0
2026-03-31 00:22:50,430,575069.0,53354.0,1348.0,0.0,0.0,0.0,1469.0,133.0,4.0,8.2890752e+07,1.168310272e+09,4194.43,29.0,209150.0,0.0,209149.0,209149.0,11.0,0.0,0.0
2026-03-31 00:23:02,430,575069.0,53354.0,1348.0,0.0,0.0,0.0,1469.0,133.0,4.0,8.2890752e+07,1.168310272e+09,4196.54,26.0,209251.0,0.0,209251.0,209251.0,11.0,0.0,0.0
2026-03-31 00:23:15,430,575561.0,53354.0,1348.0,0.0,0.0,0.0,1470.0,133.0,4.0,8.2890752e+07,1.168310272e+09,4198.5,26.0,209350.0,0.0,209350.0,209350.0,11.0,0.0,0.0
2026-03-31 00:23:27,431,576062.0,53354.0,1348.0,0.0,0.0,0.0,1471.0,133.0,4.0,8.2890752e+07,1.168310272e+09,4200.45,26.0,209447.0,0.0,209447.0,209447.0,11.0,0.0,0.0
2026-03-31 00:23:39,431,576062.0,53354.0,1348.0,0.0,0.0,0.0,1471.0,133.0,4.0,8.2890752e+07,1.168310272e+09,4202.51,26.0,209546.0,0.0,209546.0,209546.0,11.0,0.0,0.0
2026-03-31 00:23:51,431,576566.0,53354.0,1348.0,0.0,0.0,0.0,1472.0,133.0,4.0,8.2890752e+07,1.168310272e+09,4204.599999999999,26.0,209645.0,0.0,209645.0,209645.0,11.0,0.0,0.0
2026-03-31 00:24:04,431,576566.0,53354.0,1348.0,0.0,0.0,0.0,1472.0,133.0,4.0,8.2890752e+07,1.168310272e+09,4206.65,26.0,209744.0,0.0,209744.0,209744.0,11.0,0.0,0.0
2026-03-31 00:24:16,431,577070.0,53354.0,1348.0,0.0,0.0,0.0,1473.0,133.0,4.0,8.2890752e+07,1.168310272e+09,4208.68,26.0,209843.0,0.0,209843.0,209843.0,11.0,0.0,0.0
2026-03-31 00:24:28,432,577574.0,53354.0,1348.0,0.0,0.0,0.0,1474.0,133.0,4.0,8.2890752e+07,1.168310272e+09,4210.84,29.0,209943.0,0.0,209942.0,209942.0,11.0,0.0,0.0
2026-03-31 00:24:41,432,577574.0,53354.0,1348.0,0.0,0.0,0.0,1474.0,133.0,4.0,8.2890752e+07,1.168310272e+09,4212.91,26.0,210043.0,0.0,210043.0,210043.0,11.0,0.0,0.0
2026-03-31 00:24:53,432,577574.0,53858.0,1348.0,0.0,0.0,0.0,1474.0,134.0,4.0,8.2890752e+07,1.168310272e+09,4214.74,26.0,210141.0,0.0,210141.0,210141.0,11.0,0.0,0.0
2026-03-31 00:25:05,432,577574.0,53858.0,1348.0,0.0,0.0,0.0,1474.0,134.0,4.0,8.2890752e+07,1.168310272e+09,4216.860000000001,26.0,210240.0,0.0,210240.0,210240.0,11.0,0.0,0.0
2026-03-31 00:25:17,432,578075.0,53858.0,1348.0,0.0,0.0,0.0,1475.0,134.0,4.0,8.2890752e+07,1.168310272e+09,4218.900000000001,26.0,210340.0,0.0,210340.0,210340.0,11.0,0.0,0.0
2026-03-31 00:25:30,433,578579.0,53858.0,1348.0,0.0,0.0,0.0,1476.0,134.0,4.0,8.2890752e+07,1.168310272e+09,4220.96,26.0,210440.0,0.0,210440.0,210440.0,11.0,0.0,0.0
2026-03-31 00:25:42,433,578579.0,53858.0,1348.0,0.0,0.0,0.0,1476.0,134.0,4.0,8.2890752e+07,1.168310272e+09,4223.04,27.0,210539.0,0.0,210538.0,210538.0,11.0,0.0,0.0
2026-03-31 00:25:54,433,579083.0,53858.0,1348.0,0.0,0.0,0.0,1477.0,134.0,4.0,8.2890752e+07,1.168310272e+09,4224.98,29.0,210637.0,0.0,210636.0,210636.0,11.0,0.0,0.0
2026-03-31 00:26:06,433,579083.0,53858.0,1348.0,0.0,0.0,0.0,1477.0,134.0,4.0,8.2890752e+07,1.168310272e+09,4227.08,27.0,210736.0,0.0,210735.0,210735.0,11.0,0.0,0.0
2026-03-31 00:26:19,433,579509.0,53858.0,1348.0,0.0,0.0,0.0,1478.0,134.0,4.0,8.2890752e+07,1.168310272e+09,4229.13,26.0,210839.0,0.0,210839.0,210839.0,11.0,0.0,0.0
2026-03-31 00:26:32,434,580013.0,53858.0,1348.0,0.0,0.0,0.0,1479.0,134.0,4.0,8.2890752e+07,1.168310272e+09,4231.17,26.0,210939.0,0.0,210939.0,210939.0,11.0,0.0,0.0
2026-03-31 00:26:44,434,580013.0,53858.0,1348.0,0.0,0.0,0.0,1479.0,134.0,4.0,8.2890752e+07,1.168310272e+09,4233.22,28.0,211040.0,0.0,211040.0,211040.0,11.0,0.0,0.0
2026-03-31 00:26:56,434,580424.0,53858.0,1348.0,0.0,0.0,0.0,1480.0,134.0,4.0,8.2890752e+07,1.168310272e+09,4235.22,26.0,211137.0,0.0,211137.0,211137.0,11.0,0.0,0.0
2026-03-31 00:27:09,434,580925.0,53858.0,1348.0,0.0,0.0,0.0,1481.0,134.0,4.0,8.2890752e+07,1.168310272e+09,4237.28,26.0,211240.0,0.0,211240.0,211240.0,11.0,0.0,0.0
2026-03-31 00:27:21,434,580925.0,53858.0,1348.0,0.0,0.0,0.0,1481.0,134.0,4.0,8.2890752e+07,1.168310272e+09,4239.39,29.0,211340.0,0.0,211339.0,211339.0,11.0,0.0,0.0
2026-03-31 00:27:34,435,581321.0,53858.0,1348.0,0.0,0.0,0.0,1482.0,134.0,4.0,8.2890752e+07,1.168310272e+09,4241.47,29.0,211439.0,0.0,211438.0,211438.0,11.0,0.0,0.0
2026-03-31 00:27:46,435,581618.0,53858.0,1348.0,0.0,0.0,0.0,1483.0,134.0,4.0,8.2890752e+07,1.168310272e+09,4243.43,26.0,211538.0,0.0,211538.0,211538.0,11.0,0.0,0.0
2026-03-31 00:27:58,435,582122.0,53858.0,1348.0,0.0,0.0,0.0,1484.0,134.0,4.0,8.2890752e+07,1.168310272e+09,4245.5,26.0,211636.0,0.0,211636.0,211636.0,11.0,0.0,0.0
2026-03-31 00:28:10,435,582122.0,53858.0,1348.0,0.0,0.0,0.0,1484.0,134.0,4.0,8.2890752e+07,1.168310272e+09,4247.45,26.0,211735.0,0.0,211735.0,211735.0,11.0,0.0,0.0
2026-03-31 00:28:23,435,582626.0,53858.0,1348.0,0.0,0.0,0.0,1485.0,134.0,4.0,8.2890752e+07,1.168310272e+09,4249.49,26.0,211833.0,0.0,211833.0,211833.0,11.0,0.0,0.0
2026-03-31 00:28:35,436,582626.0,53858.0,1348.0,0.0,0.0,0.0,1485.0,134.0,4.0,8.2890752e+07,1.168310272e+09,4251.47,26.0,211933.0,0.0,211933.0,211933.0,11.0,0.0,0.0
2026-03-31 00:28:47,436,582626.0,54362.0,1348.0,0.0,0.0,0.0,1485.0,135.0,4.0,8.2890752e+07,1.168310272e+09,4253.58,26.0,212033.0,0.0,212033.0,212033.0,11.0,0.0,0.0
2026-03-31 00:28:59,436,583130.0,54362.0,1348.0,0.0,0.0,0.0,1486.0,135.0,4.0,8.2890752e+07,1.168310272e+09,4255.47,26.0,212133.0,0.0,212133.0,212133.0,11.0,0.0,0.0
2026-03-31 00:29:12,436,583130.0,54362.0,1348.0,0.0,0.0,0.0,1486.0,135.0,4.0,8.2890752e+07,1.168310272e+09,4257.63,26.0,212233.0,0.0,212233.0,212233.0,11.0,0.0,0.0
2026-03-31 00:29:24,436,583634.0,54362.0,1348.0,0.0,0.0,0.0,1487.0,135.0,4.0,8.2890752e+07,1.168310272e+09,4259.82,26.0,212334.0,0.0,212334.0,212334.0,11.0,0.0,0.0
2026-03-31 00:29:37,437,583634.0,54362.0,1348.0,0.0,0.0,0.0,1487.0,135.0,4.0,8.2890752e+07,1.168310272e+09,4261.91,26.0,212434.0,0.0,212434.0,212434.0,11.0,0.0,0.0
2026-03-31 00:29:49,437,584138.0,54362.0,1348.0,0.0,0.0,0.0,1488.0,135.0,4.0,8.2890752e+07,1.168310272e+09,4263.94,26.0,212534.0,0.0,212534.0,212534.0,11.0,0.0,0.0
2026-03-31 00:30:01,437,584642.0,54362.0,1348.0,0.0,0.0,0.0,1489.0,135.0,4.0,8.2890752e+07,1.168310272e+09,4265.92,29.0,212633.0,0.0,212632.0,212632.0,11.0,0.0,0.0
2026-03-31 00:30:14,437,584642.0,54362.0,1348.0,0.0,0.0,0.0,1489.0,135.0,4.0,8.2890752e+07,1.168310272e+09,4267.96,26.0,212732.0,0.0,212732.0,212732.0,11.0,0.0,0.0
2026-03-31 00:30:26,438,585146.0,54362.0,1348.0,0.0,0.0,0.0,1490.0,135.0,4.0,8.2890752e+07,1.168310272e+09,4270.02,26.0,212833.0,0.0,212833.0,212833.0,11.0,0.0,0.0
2026-03-31 00:30:38,438,585146.0,54362.0,1348.0,0.0,0.0,0.0,1490.0,135.0,4.0,8.2890752e+07,1.168310272e+09,4271.97,29.0,212931.0,0.0,212930.0,212930.0,11.0,0.0,0.0
2026-03-31 00:30:51,438,585590.0,54362.0,1348.0,0.0,0.0,0.0,1491.0,135.0,4.0,8.2890752e+07,1.168310272e+09,4274.05,26.0,213030.0,0.0,213030.0,213030.0,11.0,0.0,0.0
2026-03-31 00:31:03,438,586094.0,54362.0,1348.0,0.0,0.0,0.0,1492.0,135.0,4.0,8.2890752e+07,1.168310272e+09,4276.05,29.0,213129.0,0.0,213128.0,213128.0,11.0,0.0,0.0
2026-03-31 00:31:15,438,586094.0,54362.0,1348.0,0.0,0.0,0.0,1492.0,135.0,4.0,8.275968e+07,1.168310272e+09,4278.03,26.0,213227.0,0.0,213227.0,213227.0,11.0,0.0,0.0
2026-03-31 00:31:28,439,586598.0,54362.0,1348.0,0.0,0.0,0.0,1493.0,135.0,4.0,8.275968e+07,1.168310272e+09,4280.04,26.0,213327.0,0.0,213327.0,213327.0,11.0,0.0,0.0
2026-03-31 00:31:40,439,586598.0,54362.0,1348.0,0.0,0.0,0.0,1493.0,135.0,4.0,8.275968e+07,1.168310272e+09,4282.0199999999995,26.0,213428.0,0.0,213428.0,213428.0,11.0,0.0,0.0
2026-03-31 00:31:52,439,587102.0,54362.0,1348.0,0.0,0.0,0.0,1494.0,135.0,4.0,8.275968e+07,1.168310272e+09,4284.05,29.0,213526.0,0.0,213525.0,213525.0,11.0,0.0,0.0
2026-03-31 00:32:05,439,587375.0,54362.0,1348.0,0.0,0.0,0.0,1495.0,135.0,4.0,8.275968e+07,1.168310272e+09,4286.19,26.0,213626.0,0.0,213626.0,213626.0,11.0,0.0,0.0
2026-03-31 00:32:17,439,587879.0,54362.0,1348.0,0.0,0.0,0.0,1496.0,135.0,4.0,8.275968e+07,1.168310272e+09,4288.2,26.0,213727.0,0.0,213727.0,213727.0,11.0,0.0,0.0
2026-03-31 00:32:29,440,587879.0,54362.0,1348.0,0.0,0.0,0.0,1496.0,135.0,4.0,8.275968e+07,1.168310272e+09,4290.32,26.0,213827.0,0.0,213827.0,213827.0,11.0,0.0,0.0
2026-03-31 00:32:42,440,587879.0,54866.0,1348.0,0.0,0.0,0.0,1496.0,136.0,4.0,8.275968e+07,1.168310272e+09,4292.38,26.0,213926.0,0.0,213926.0,213926.0,11.0,0.0,0.0
2026-03-31 00:32:54,440,587879.0,54866.0,1348.0,0.0,0.0,0.0,1496.0,136.0,4.0,8.275968e+07,1.168310272e+09,4294.33,27.0,214025.0,0.0,214024.0,214024.0,11.0,0.0,0.0
2026-03-31 00:33:06,440,588368.0,54866.0,1348.0,0.0,0.0,0.0,1497.0,136.0,4.0,8.275968e+07,1.168310272e+09,4296.39,29.0,214125.0,0.0,214124.0,214124.0,11.0,0.0,0.0
2026-03-31 00:33:18,440,588668.0,54866.0,1348.0,0.0,0.0,0.0,1498.0,136.0,4.0,8.275968e+07,1.168310272e+09,4298.59,26.0,214222.0,0.0,214222.0,214222.0,11.0,0.0,0.0
2026-03-31 00:33:31,441,589172.0,54866.0,1348.0,0.0,0.0,0.0,1499.0,136.0,4.0,8.275968e+07,1.168310272e+09,4300.6900000000005,26.0,214324.0,0.0,214324.0,214324.0,11.0,0.0,0.0
2026-03-31 00:33:43,441,589172.0,54866.0,1348.0,0.0,0.0,0.0,1499.0,136.0,4.0,8.275968e+07,1.168310272e+09,4302.77,29.0,214423.0,0.0,214422.0,214422.0,11.0,0.0,0.0
2026-03-31 00:33:56,441,589562.0,54866.0,1348.0,0.0,0.0,0.0,1500.0,136.0,4.0,8.275968e+07,1.168310272e+09,4304.86,26.0,214522.0,0.0,214522.0,214522.0,11.0,0.0,0.0
2026-03-31 00:34:08,441,590066.0,54866.0,1348.0,0.0,0.0,0.0,1501.0,136.0,4.0,8.275968e+07,1.168310272e+09,4306.93,26.0,214623.0,0.0,214623.0,214623.0,11.0,0.0,0.0
2026-03-31 00:34:20,441,590066.0,54866.0,1348.0,0.0,0.0,0.0,1501.0,136.0,4.0,8.275968e+07,1.168310272e+09,4308.82,26.0,214722.0,0.0,214722.0,214722.0,11.0,0.0,0.0
2026-03-31 00:34:33,442,590567.0,54866.0,1348.0,0.0,0.0,0.0,1502.0,136.0,4.0,8.275968e+07,1.168310272e+09,4310.9,26.0,214820.0,0.0,214820.0,214820.0,11.0,0.0,0.0
2026-03-31 00:34:45,442,591053.0,54866.0,1348.0,0.0,0.0,0.0,1503.0,136.0,4.0,8.275968e+07,1.168310272e+09,4312.82,26.0,214920.0,0.0,214920.0,214920.0,11.0,0.0,0.0
2026-03-31 00:34:57,442,591053.0,54866.0,1348.0,0.0,0.0,0.0,1503.0,136.0,4.0,8.275968e+07,1.168310272e+09,4314.8,26.0,215020.0,0.0,215020.0,215020.0,11.0,0.0,0.0
2026-03-31 00:35:10,442,591557.0,54866.0,1348.0,0.0,0.0,0.0,1504.0,136.0,4.0,8.275968e+07,1.168310272e+09,4316.92,26.0,215120.0,0.0,215120.0,215120.0,11.0,0.0,0.0
2026-03-31 00:35:22,442,591557.0,54866.0,1348.0,0.0,0.0,0.0,1504.0,136.0,4.0,8.275968e+07,1.168310272e+09,4319.02,29.0,215221.0,0.0,215220.0,215220.0,11.0,0.0,0.0
2026-03-31 00:35:34,443,591956.0,54866.0,1348.0,0.0,0.0,0.0,1505.0,136.0,4.0,8.275968e+07,1.168310272e+09,4321.1,29.0,215321.0,0.0,215320.0,215320.0,11.0,0.0,0.0
2026-03-31 00:35:47,443,592256.0,54866.0,1348.0,0.0,0.0,0.0,1506.0,136.0,4.0,8.275968e+07,1.168310272e+09,4323.22,26.0,215421.0,0.0,215421.0,215421.0,11.0,0.0,0.0
2026-03-31 00:35:59,443,592760.0,54866.0,1348.0,0.0,0.0,0.0,1507.0,136.0,4.0,8.275968e+07,1.168310272e+09,4325.14,26.0,215519.0,0.0,215519.0,215519.0,11.0,0.0,0.0
2026-03-31 00:36:11,443,592760.0,54866.0,1348.0,0.0,0.0,0.0,1507.0,136.0,4.0,8.275968e+07,1.168310272e+09,4327.21,26.0,215620.0,0.0,215620.0,215620.0,11.0,0.0,0.0
2026-03-31 00:36:24,443,592760.0,55367.0,1348.0,0.0,0.0,0.0,1507.0,137.0,4.0,8.275968e+07,1.168310272e+09,4329.41,26.0,215720.0,0.0,215720.0,215720.0,11.0,0.0,0.0
2026-03-31 00:36:36,444,592760.0,55367.0,1348.0,0.0,0.0,0.0,1507.0,137.0,4.0,8.275968e+07,1.168310272e+09,4331.51,26.0,215821.0,0.0,215821.0,215821.0,11.0,0.0,0.0
2026-03-31 00:36:48,444,593258.0,55367.0,1348.0,0.0,0.0,0.0,1508.0,137.0,4.0,8.275968e+07,1.168310272e+09,4333.5,26.0,215920.0,0.0,215920.0,215920.0,11.0,0.0,0.0
2026-03-31 00:37:01,444,593759.0,55367.0,1348.0,0.0,0.0,0.0,1509.0,137.0,4.0,8.275968e+07,1.168310272e+09,4335.49,26.0,216019.0,0.0,216019.0,216019.0,11.0,0.0,0.0
2026-03-31 00:37:13,444,593759.0,55367.0,1348.0,0.0,0.0,0.0,1509.0,137.0,4.0,8.275968e+07,1.168310272e+09,4337.52,26.0,216118.0,0.0,216118.0,216118.0,11.0,0.0,0.0
2026-03-31 00:37:26,445,594263.0,55367.0,1348.0,0.0,0.0,0.0,1510.0,137.0,4.0,8.275968e+07,1.168310272e+09,4339.58,27.0,216218.0,0.0,216218.0,216218.0,11.0,0.0,0.0
2026-03-31 00:37:38,445,594263.0,55367.0,1348.0,0.0,0.0,0.0,1510.0,137.0,4.0,8.275968e+07,1.168310272e+09,4341.71,28.0,216316.0,0.0,216315.0,216315.0,11.0,0.0,0.0
2026-03-31 00:37:50,445,594740.0,55367.0,1348.0,0.0,0.0,0.0,1511.0,137.0,4.0,8.275968e+07,1.168310272e+09,4343.63,26.0,216415.0,0.0,216415.0,216415.0,11.0,0.0,0.0
2026-03-31 00:38:03,445,595244.0,55367.0,1348.0,0.0,0.0,0.0,1512.0,137.0,4.0,8.275968e+07,1.168310272e+09,4345.6900000000005,26.0,216515.0,0.0,216515.0,216515.0,11.0,0.0,0.0
2026-03-31 00:38:15,445,595244.0,55367.0,1348.0,0.0,0.0,0.0,1512.0,137.0,4.0,8.275968e+07,1.168310272e+09,4347.89,26.0,216617.0,0.0,216617.0,216617.0,11.0,0.0,0.0
2026-03-31 00:38:28,446,595745.0,55367.0,1348.0,0.0,0.0,0.0,1513.0,137.0,4.0,8.275968e+07,1.168310272e+09,4350.01,26.0,216718.0,0.0,216718.0,216718.0,11.0,0.0,0.0
2026-03-31 00:38:40,446,595745.0,55367.0,1348.0,0.0,0.0,0.0,1513.0,137.0,4.0,8.275968e+07,1.168310272e+09,4352.04,26.0,216818.0,0.0,216818.0,216818.0,11.0,0.0,0.0
2026-03-31 00:38:53,446,596249.0,55367.0,1348.0,0.0,0.0,0.0,1514.0,137.0,4.0,8.275968e+07,1.168310272e+09,4354.12,26.0,216918.0,0.0,216918.0,216918.0,11.0,0.0,0.0
2026-03-31 00:39:05,446,596750.0,55367.0,1348.0,0.0,0.0,0.0,1515.0,137.0,4.0,8.275968e+07,1.168310272e+09,4356.12,26.0,217018.0,0.0,217018.0,217018.0,11.0,0.0,0.0
2026-03-31 00:39:17,446,596750.0,55367.0,1348.0,0.0,0.0,0.0,1515.0,137.0,4.0,8.275968e+07,1.168310272e+09,4358.0199999999995,26.0,217120.0,0.0,217119.0,217119.0,11.0,0.0,0.0
2026-03-31 00:39:30,447,597251.0,55367.0,1348.0,0.0,0.0,0.0,1516.0,137.0,4.0,8.275968e+07,1.168310272e+09,4360.110000000001,26.0,217219.0,0.0,217219.0,217219.0,11.0,0.0,0.0
2026-03-31 00:39:42,447,597251.0,55367.0,1348.0,0.0,0.0,0.0,1516.0,137.0,4.0,8.275968e+07,1.168310272e+09,4362.23,26.0,217319.0,0.0,217319.0,217319.0,11.0,0.0,0.0
2026-03-31 00:39:54,447,597752.0,55367.0,1348.0,0.0,0.0,0.0,1517.0,137.0,4.0,8.275968e+07,1.168310272e+09,4364.37,26.0,217420.0,0.0,217420.0,217420.0,11.0,0.0,0.0
2026-03-31 00:40:07,447,598253.0,55367.0,1348.0,0.0,0.0,0.0,1518.0,137.0,4.0,8.275968e+07,1.168310272e+09,4366.32,28.0,217520.0,0.0,217519.0,217519.0,11.0,0.0,0.0
2026-03-31 00:40:19,447,598253.0,55367.0,1348.0,0.0,0.0,0.0,1518.0,137.0,4.0,8.275968e+07,1.168310272e+09,4368.34,26.0,217618.0,0.0,217618.0,217618.0,11.0,0.0,0.0
2026-03-31 00:40:31,448,598253.0,55871.0,1348.0,0.0,0.0,0.0,1518.0,138.0,4.0,8.275968e+07,1.168310272e+09,4370.3099999999995,29.0,217718.0,0.0,217717.0,217717.0,11.0,0.0,0.0
2026-03-31 00:40:44,448,598253.0,55871.0,1348.0,0.0,0.0,0.0,1518.0,138.0,4.0,8.275968e+07,1.168310272e+09,4372.28,26.0,217818.0,0.0,217818.0,217818.0,11.0,0.0,0.0
2026-03-31 00:40:56,448,598745.0,55871.0,1348.0,0.0,0.0,0.0,1519.0,138.0,4.0,8.2628608e+07,1.168310272e+09,4374.29,26.0,217918.0,0.0,217918.0,217918.0,11.0,0.0,0.0
2026-03-31 00:41:08,448,599246.0,55871.0,1348.0,0.0,0.0,0.0,1520.0,138.0,4.0,8.2628608e+07,1.168310272e+09,4376.3,26.0,218017.0,0.0,218017.0,218017.0,11.0,0.0,0.0
2026-03-31 00:41:20,448,599246.0,55871.0,1348.0,0.0,0.0,0.0,1520.0,138.0,4.0,8.2628608e+07,1.168310272e+09,4378.46,27.0,218117.0,0.0,218117.0,218117.0,11.0,0.0,0.0
2026-03-31 00:41:33,449,599642.0,55871.0,1348.0,0.0,0.0,0.0,1521.0,138.0,4.0,8.2628608e+07,1.168310272e+09,4380.69,26.0,218216.0,0.0,218216.0,218216.0,11.0,0.0,0.0
2026-03-31 00:41:45,449,600143.0,55871.0,1348.0,0.0,0.0,0.0,1522.0,138.0,4.0,8.2628608e+07,1.168310272e+09,4382.7,26.0,218316.0,0.0,218316.0,218316.0,11.0,0.0,0.0
2026-03-31 00:41:57,449,600143.0,55871.0,1348.0,0.0,0.0,0.0,1522.0,138.0,4.0,8.2628608e+07,1.168310272e+09,4384.88,26.0,218416.0,0.0,218416.0,218416.0,11.0,0.0,0.0
2026-03-31 00:42:09,449,600647.0,55871.0,1348.0,0.0,0.0,0.0,1523.0,138.0,4.0,8.2628608e+07,1.168310272e+09,4387.06,26.0,218516.0,0.0,218516.0,218516.0,11.0,0.0,0.0
2026-03-31 00:42:22,449,600647.0,55871.0,1348.0,0.0,0.0,0.0,1523.0,138.0,4.0,8.2628608e+07,1.168310272e+09,4389.12,26.0,218615.0,0.0,218615.0,218615.0,11.0,0.0,0.0
2026-03-31 00:42:34,450,601136.0,55871.0,1348.0,0.0,0.0,0.0,1524.0,138.0,4.0,8.2628608e+07,1.168310272e+09,4391.2,26.0,218716.0,0.0,218716.0,218716.0,11.0,0.0,0.0
2026-03-31 00:42:47,450,601637.0,55871.0,1348.0,0.0,0.0,0.0,1525.0,138.0,4.0,8.2628608e+07,1.168310272e+09,4393.0599999999995,26.0,218814.0,0.0,218814.0,218814.0,11.0,0.0,0.0
2026-03-31 00:42:59,450,601637.0,55871.0,1348.0,0.0,0.0,0.0,1525.0,138.0,4.0,8.2628608e+07,1.168310272e+09,4395.12,26.0,218913.0,0.0,218913.0,218913.0,11.0,0.0,0.0
2026-03-31 00:43:11,450,602141.0,55871.0,1348.0,0.0,0.0,0.0,1526.0,138.0,4.0,8.2628608e+07,1.168310272e+09,4397.2699999999995,26.0,219014.0,0.0,219014.0,219014.0,11.0,0.0,0.0
2026-03-31 00:43:23,450,602141.0,55871.0,1348.0,0.0,0.0,0.0,1526.0,138.0,4.0,8.2628608e+07,1.168310272e+09,4399.33,29.0,219114.0,0.0,219113.0,219113.0,11.0,0.0,0.0
2026-03-31 00:43:36,451,602630.0,55871.0,1348.0,0.0,0.0,0.0,1527.0,138.0,4.0,8.2628608e+07,1.168310272e+09,4401.24,26.0,219212.0,0.0,219212.0,219212.0,11.0,0.0,0.0
2026-03-31 00:43:48,451,603134.0,55871.0,1348.0,0.0,0.0,0.0,1528.0,138.0,4.0,8.2628608e+07,1.168310272e+09,4403.25,26.0,219310.0,0.0,219310.0,219310.0,11.0,0.0,0.0
2026-03-31 00:44:00,451,603134.0,55871.0,1348.0,0.0,0.0,0.0,1528.0,138.0,4.0,8.2628608e+07,1.168310272e+09,4405.12,26.0,219409.0,0.0,219409.0,219409.0,11.0,0.0,0.0
2026-03-31 00:44:12,451,603638.0,55871.0,1348.0,0.0,0.0,0.0,1529.0,138.0,4.0,8.2628608e+07,1.168310272e+09,4407.13,26.0,219508.0,0.0,219508.0,219508.0,11.0,0.0,0.0
2026-03-31 00:44:24,451,603638.0,56351.0,1348.0,0.0,0.0,0.0,1529.0,139.0,4.0,8.2628608e+07,1.168310272e+09,4409.37,29.0,219610.0,0.0,219609.0,219609.0,11.0,0.0,0.0
2026-03-31 00:44:37,452,603638.0,56351.0,1348.0,0.0,0.0,0.0,1529.0,139.0,4.0,8.2628608e+07,1.168310272e+09,4411.55,26.0,219710.0,0.0,219710.0,219710.0,11.0,0.0,0.0
2026-03-31 00:44:49,452,604142.0,56351.0,1348.0,0.0,0.0,0.0,1530.0,139.0,4.0,8.2628608e+07,1.168310272e+09,4413.68,26.0,219812.0,0.0,219812.0,219812.0,11.0,0.0,0.0
2026-03-31 00:45:02,452,604142.0,56351.0,1348.0,0.0,0.0,0.0,1530.0,139.0,4.0,8.2628608e+07,1.168310272e+09,4414.09,26.0,219830.0,0.0,219830.0,219830.0,11.0,0.0,0.0
2026-03-31 00:45:14,452,604142.0,56351.0,1348.0,0.0,0.0,0.0,1530.0,139.0,4.0,8.2628608e+07,1.168310272e+09,4416.16,27.0,219930.0,0.0,219929.0,219929.0,11.0,0.0,0.0
2026-03-31 00:45:27,453,604598.0,56351.0,1348.0,0.0,0.0,0.0,1531.0,139.0,4.0,8.2628608e+07,1.168310272e+09,4418.150000000001,29.0,220030.0,0.0,220029.0,220029.0,11.0,0.0,0.0
2026-03-31 00:45:39,453,604898.0,56351.0,1348.0,0.0,0.0,0.0,1532.0,139.0,4.0,8.2628608e+07,1.168310272e+09,4420.12,29.0,220130.0,0.0,220129.0,220129.0,11.0,0.0,0.0
2026-03-31 00:45:51,453,605198.0,56351.0,1348.0,0.0,0.0,0.0,1533.0,139.0,4.0,8.2628608e+07,1.168310272e+09,4422.14,26.0,220229.0,0.0,220229.0,220229.0,11.0,0.0,0.0
2026-03-31 00:46:04,453,605702.0,56351.0,1348.0,0.0,0.0,0.0,1534.0,139.0,4.0,8.2628608e+07,1.168310272e+09,4424.17,26.0,220329.0,0.0,220329.0,220329.0,11.0,0.0,0.0
2026-03-31 00:46:16,453,605702.0,56351.0,1348.0,0.0,0.0,0.0,1534.0,139.0,4.0,8.2628608e+07,1.168310272e+09,4426.13,26.0,220427.0,0.0,220427.0,220427.0,11.0,0.0,0.0
2026-03-31 00:46:28,454,606206.0,56351.0,1348.0,0.0,0.0,0.0,1535.0,139.0,4.0,8.2628608e+07,1.168310272e+09,4428.110000000001,26.0,220528.0,0.0,220528.0,220528.0,11.0,0.0,0.0
2026-03-31 00:46:41,454,606692.0,56351.0,1348.0,0.0,0.0,0.0,1536.0,139.0,4.0,8.2628608e+07,1.168310272e+09,4430.3,28.0,220628.0,0.0,220628.0,220627.0,11.0,0.0,0.0
2026-03-31 00:46:53,454,606692.0,56351.0,1348.0,0.0,0.0,0.0,1536.0,139.0,4.0,8.2628608e+07,1.168310272e+09,4432.389999999999,29.0,220728.0,0.0,220727.0,220727.0,11.0,0.0,0.0
2026-03-31 00:47:06,454,606992.0,56351.0,1348.0,0.0,0.0,0.0,1537.0,139.0,4.0,8.2628608e+07,1.168310272e+09,4434.5,26.0,220827.0,0.0,220827.0,220827.0,11.0,0.0,0.0
2026-03-31 00:47:18,454,607496.0,56351.0,1348.0,0.0,0.0,0.0,1538.0,139.0,4.0,8.2628608e+07,1.168310272e+09,4436.53,29.0,220926.0,0.0,220925.0,220925.0,11.0,0.0,0.0
2026-03-31 00:47:30,455,607496.0,56351.0,1348.0,0.0,0.0,0.0,1538.0,139.0,4.0,8.2628608e+07,1.168310272e+09,4438.57,26.0,221026.0,0.0,221026.0,221026.0,11.0,0.0,0.0
2026-03-31 00:47:42,455,608000.0,56351.0,1348.0,0.0,0.0,0.0,1539.0,139.0,4.0,8.2628608e+07,1.168310272e+09,4440.54,29.0,221125.0,0.0,221124.0,221124.0,11.0,0.0,0.0
2026-03-31 00:47:55,455,608480.0,56351.0,1348.0,0.0,0.0,0.0,1540.0,139.0,4.0,8.2628608e+07,1.168310272e+09,4442.65,29.0,221224.0,0.0,221223.0,221223.0,11.0,0.0,0.0
2026-03-31 00:48:07,455,608480.0,56351.0,1348.0,0.0,0.0,0.0,1540.0,139.0,4.0,8.2628608e+07,1.168310272e+09,4444.55,26.0,221324.0,0.0,221324.0,221324.0,11.0,0.0,0.0
2026-03-31 00:48:19,455,608480.0,56855.0,1348.0,0.0,0.0,0.0,1540.0,140.0,4.0,8.2628608e+07,1.168310272e+09,4446.59,26.0,221424.0,0.0,221424.0,221424.0,11.0,0.0,0.0
2026-03-31 00:48:32,456,608480.0,56855.0,1348.0,0.0,0.0,0.0,1540.0,140.0,4.0,8.2628608e+07,1.168310272e+09,4448.82,26.0,221523.0,0.0,221523.0,221523.0,11.0,0.0,0.0
2026-03-31 00:48:44,456,608984.0,56855.0,1348.0,0.0,0.0,0.0,1541.0,140.0,4.0,8.2628608e+07,1.168310272e+09,4450.780000000001,26.0,221622.0,0.0,221622.0,221622.0,11.0,0.0,0.0
2026-03-31 00:48:56,456,608984.0,56855.0,1348.0,0.0,0.0,0.0,1541.0,140.0,4.0,8.2628608e+07,1.168310272e+09,4452.84,26.0,221722.0,0.0,221722.0,221722.0,11.0,0.0,0.0
2026-03-31 00:49:08,456,609473.0,56855.0,1348.0,0.0,0.0,0.0,1542.0,140.0,4.0,8.2628608e+07,1.168310272e+09,4454.85,26.0,221821.0,0.0,221821.0,221821.0,11.0,0.0,0.0
2026-03-31 00:49:21,456,609974.0,56855.0,1348.0,0.0,0.0,0.0,1543.0,140.0,4.0,8.2628608e+07,1.168310272e+09,4456.8,26.0,221920.0,0.0,221920.0,221920.0,11.0,0.0,0.0
2026-03-31 00:49:33,457,609974.0,56855.0,1348.0,0.0,0.0,0.0,1543.0,140.0,4.0,8.2628608e+07,1.168310272e+09,4458.76,26.0,222019.0,0.0,222019.0,222019.0,11.0,0.0,0.0
2026-03-31 00:49:45,457,610475.0,56855.0,1348.0,0.0,0.0,0.0,1544.0,140.0,4.0,8.2628608e+07,1.168310272e+09,4460.8099999999995,27.0,222118.0,0.0,222117.0,222117.0,11.0,0.0,0.0
2026-03-31 00:49:57,457,610475.0,56855.0,1348.0,0.0,0.0,0.0,1544.0,140.0,4.0,8.2628608e+07,1.168310272e+09,4462.84,26.0,222216.0,0.0,222216.0,222216.0,11.0,0.0,0.0
2026-03-31 00:50:09,457,610979.0,56855.0,1348.0,0.0,0.0,0.0,1545.0,140.0,4.0,8.2628608e+07,1.168310272e+09,4464.99,26.0,222316.0,0.0,222316.0,222316.0,11.0,0.0,0.0
2026-03-31 00:50:22,457,611483.0,56855.0,1348.0,0.0,0.0,0.0,1546.0,140.0,4.0,8.2628608e+07,1.168310272e+09,4467.06,26.0,222416.0,0.0,222416.0,222416.0,11.0,0.0,0.0
2026-03-31 00:50:34,458,611483.0,56855.0,1348.0,0.0,0.0,0.0,1546.0,140.0,4.0,8.2628608e+07,1.168310272e+09,4469.01,26.0,222515.0,0.0,222514.0,222514.0,11.0,0.0,0.0
2026-03-31 00:50:46,458,611984.0,56855.0,1348.0,0.0,0.0,0.0,1547.0,140.0,4.0,8.2628608e+07,1.168310272e+09,4470.97,26.0,222614.0,0.0,222614.0,222614.0,11.0,0.0,0.0
2026-03-31 00:50:59,458,611984.0,56855.0,1348.0,0.0,0.0,0.0,1547.0,140.0,4.0,8.2628608e+07,1.168310272e+09,4473.139999999999,26.0,222714.0,0.0,222714.0,222714.0,11.0,0.0,0.0
2026-03-31 00:51:11,458,612485.0,56855.0,1348.0,0.0,0.0,0.0,1548.0,140.0,4.0,8.2628608e+07,1.168310272e+09,4475.04,27.0,222812.0,0.0,222811.0,222811.0,11.0,0.0,0.0
2026-03-31 00:51:23,458,612989.0,56855.0,1348.0,0.0,0.0,0.0,1549.0,140.0,4.0,8.2628608e+07,1.168310272e+09,4477.18,26.0,222911.0,0.0,222911.0,222911.0,11.0,0.0,0.0
2026-03-31 00:51:35,459,612989.0,56855.0,1348.0,0.0,0.0,0.0,1549.0,140.0,4.0,8.2628608e+07,1.168310272e+09,4479.200000000001,26.0,223010.0,0.0,223010.0,223010.0,11.0,0.0,0.0
2026-03-31 00:51:48,459,613493.0,56855.0,1348.0,0.0,0.0,0.0,1550.0,140.0,4.0,8.2628608e+07,1.168310272e+09,4481.11,26.0,223107.0,0.0,223107.0,223107.0,11.0,0.0,0.0
2026-03-31 00:52:00,459,613493.0,56855.0,1348.0,0.0,0.0,0.0,1550.0,140.0,4.0,8.2628608e+07,1.168310272e+09,4482.9800000000005,26.0,223205.0,0.0,223205.0,223205.0,11.0,0.0,0.0
2026-03-31 00:52:12,459,613997.0,56855.0,1348.0,0.0,0.0,0.0,1551.0,140.0,4.0,8.2628608e+07,1.168310272e+09,4484.92,27.0,223304.0,0.0,223304.0,223304.0,11.0,0.0,0.0
2026-03-31 00:52:24,459,613997.0,57359.0,1348.0,0.0,0.0,0.0,1551.0,141.0,4.0,8.2628608e+07,1.168310272e+09,4486.94,26.0,223404.0,0.0,223404.0,223404.0,11.0,0.0,0.0
2026-03-31 00:52:37,460,613997.0,57359.0,1348.0,0.0,0.0,0.0,1551.0,141.0,4.0,8.2628608e+07,1.168310272e+09,4489.09,26.0,223506.0,0.0,223506.0,223506.0,11.0,0.0,0.0
2026-03-31 00:52:49,460,614501.0,57359.0,1348.0,0.0,0.0,0.0,1552.0,141.0,4.0,8.2628608e+07,1.168310272e+09,4491.26,26.0,223607.0,0.0,223607.0,223607.0,11.0,0.0,0.0
2026-03-31 00:53:02,460,614501.0,57359.0,1348.0,0.0,0.0,0.0,1552.0,141.0,4.0,8.2628608e+07,1.168310272e+09,4493.25,26.0,223706.0,0.0,223706.0,223706.0,11.0,0.0,0.0
2026-03-31 00:53:14,460,615005.0,57359.0,1348.0,0.0,0.0,0.0,1553.0,141.0,4.0,8.2628608e+07,1.168310272e+09,4495.3099999999995,26.0,223806.0,0.0,223806.0,223806.0,11.0,0.0,0.0
2026-03-31 00:53:26,461,615509.0,57359.0,1348.0,0.0,0.0,0.0,1554.0,141.0,4.0,8.2628608e+07,1.168310272e+09,4497.34,26.0,223907.0,0.0,223907.0,223907.0,11.0,0.0,0.0
2026-03-31 00:53:39,461,615509.0,57359.0,1348.0,0.0,0.0,0.0,1554.0,141.0,4.0,8.2628608e+07,1.168310272e+09,4499.5,26.0,224009.0,0.0,224009.0,224009.0,11.0,0.0,0.0
2026-03-31 00:53:51,461,616013.0,57359.0,1348.0,0.0,0.0,0.0,1555.0,141.0,4.0,8.2628608e+07,1.168310272e+09,4501.549999999999,26.0,224108.0,0.0,224108.0,224108.0,11.0,0.0,0.0
2026-03-31 00:54:03,461,616013.0,57359.0,1348.0,0.0,0.0,0.0,1555.0,141.0,4.0,8.2628608e+07,1.168310272e+09,4503.610000000001,26.0,224207.0,0.0,224207.0,224207.0,11.0,0.0,0.0
2026-03-31 00:54:15,461,616517.0,57359.0,1348.0,0.0,0.0,0.0,1556.0,141.0,4.0,8.2628608e+07,1.168310272e+09,4505.68,26.0,224307.0,0.0,224307.0,224307.0,11.0,0.0,0.0
2026-03-31 00:54:28,462,617021.0,57359.0,1348.0,0.0,0.0,0.0,1557.0,141.0,4.0,8.2628608e+07,1.168310272e+09,4507.820000000001,26.0,224409.0,0.0,224409.0,224409.0,11.0,0.0,0.0
2026-03-31 00:54:41,462,617021.0,57359.0,1348.0,0.0,0.0,0.0,1557.0,141.0,4.0,8.2628608e+07,1.168310272e+09,4509.88,26.0,224508.0,0.0,224508.0,224508.0,11.0,0.0,0.0
2026-03-31 00:54:53,462,617525.0,57359.0,1348.0,0.0,0.0,0.0,1558.0,141.0,4.0,8.2628608e+07,1.168310272e+09,4511.83,29.0,224608.0,0.0,224607.0,224607.0,11.0,0.0,0.0
2026-03-31 00:55:05,462,617525.0,57359.0,1348.0,0.0,0.0,0.0,1558.0,141.0,4.0,8.2628608e+07,1.168310272e+09,4513.92,26.0,224708.0,0.0,224708.0,224708.0,11.0,0.0,0.0
2026-03-31 00:55:18,462,618029.0,57359.0,1348.0,0.0,0.0,0.0,1559.0,141.0,4.0,8.2628608e+07,1.168310272e+09,4515.9,29.0,224808.0,0.0,224807.0,224807.0,11.0,0.0,0.0
2026-03-31 00:55:30,463,618029.0,57359.0,1348.0,0.0,0.0,0.0,1559.0,141.0,4.0,8.2628608e+07,1.168310272e+09,4518.01,26.0,224908.0,0.0,224908.0,224908.0,11.0,0.0,0.0
2026-03-31 00:55:42,463,618527.0,57359.0,1348.0,0.0,0.0,0.0,1560.0,141.0,4.0,8.2628608e+07,1.168310272e+09,4519.900000000001,26.0,225007.0,0.0,225007.0,225007.0,11.0,0.0,0.0
2026-03-31 00:55:55,463,619028.0,57359.0,1348.0,0.0,0.0,0.0,1561.0,141.0,4.0,8.2628608e+07,1.168310272e+09,4521.88,26.0,225106.0,0.0,225106.0,225106.0,11.0,0.0,0.0
2026-03-31 00:56:07,463,619028.0,57359.0,1348.0,0.0,0.0,0.0,1561.0,141.0,4.0,8.2628608e+07,1.168310272e+09,4523.84,29.0,225204.0,0.0,225203.0,225203.0,11.0,0.0,0.0
2026-03-31 00:56:19,463,619412.0,57359.0,1348.0,0.0,0.0,0.0,1562.0,141.0,4.0,8.2628608e+07,1.168310272e+09,4525.8099999999995,29.0,225300.0,0.0,225299.0,225299.0,11.0,0.0,0.0
2026-03-31 00:56:31,464,619412.0,57647.0,1348.0,0.0,0.0,0.0,1562.0,142.0,4.0,8.2628608e+07,1.168310272e+09,4527.950000000001,26.0,225402.0,0.0,225402.0,225402.0,11.0,0.0,0.0
2026-03-31 00:56:44,464,619916.0,57647.0,1348.0,0.0,0.0,0.0,1563.0,142.0,4.0,8.2628608e+07,1.168310272e+09,4529.98,26.0,225502.0,0.0,225502.0,225502.0,11.0,0.0,0.0
2026-03-31 00:56:56,464,619916.0,57647.0,1348.0,0.0,0.0,0.0,1563.0,142.0,4.0,8.2628608e+07,1.168310272e+09,4531.96,26.0,225601.0,0.0,225601.0,225601.0,11.0,0.0,0.0
2026-03-31 00:57:08,464,620420.0,57647.0,1348.0,0.0,0.0,0.0,1564.0,142.0,4.0,8.2628608e+07,1.168310272e+09,4533.96,26.0,225700.0,0.0,225700.0,225700.0,11.0,0.0,0.0
2026-03-31 00:57:21,464,620420.0,57647.0,1348.0,0.0,0.0,0.0,1564.0,142.0,4.0,8.2628608e+07,1.168310272e+09,4535.9800000000005,26.0,225799.0,0.0,225799.0,225799.0,11.0,0.0,0.0
2026-03-31 00:57:33,465,620912.0,57647.0,1348.0,0.0,0.0,0.0,1565.0,142.0,4.0,8.2628608e+07,1.168310272e+09,4538.1,26.0,225899.0,0.0,225899.0,225899.0,11.0,0.0,0.0
2026-03-31 00:57:45,465,621413.0,57647.0,1348.0,0.0,0.0,0.0,1566.0,142.0,4.0,8.2628608e+07,1.168310272e+09,4540.12,26.0,225999.0,0.0,225999.0,225999.0,11.0,0.0,0.0
2026-03-31 00:57:58,465,621413.0,57647.0,1348.0,0.0,0.0,0.0,1566.0,142.0,4.0,8.2628608e+07,1.168310272e+09,4542.03,26.0,226098.0,0.0,226098.0,226098.0,11.0,0.0,0.0
2026-03-31 00:58:10,465,621914.0,57647.0,1348.0,0.0,0.0,0.0,1567.0,142.0,4.0,8.2628608e+07,1.168310272e+09,4544.14,27.0,226197.0,0.0,226196.0,226196.0,11.0,0.0,0.0
2026-03-31 00:58:22,465,621914.0,57647.0,1348.0,0.0,0.0,0.0,1567.0,142.0,4.0,8.2628608e+07,1.168310272e+09,4546.24,26.0,226296.0,0.0,226296.0,226296.0,11.0,0.0,0.0
2026-03-31 00:58:34,466,622403.0,57647.0,1348.0,0.0,0.0,0.0,1568.0,142.0,4.0,8.2628608e+07,1.168310272e+09,4548.5199999999995,26.0,226397.0,0.0,226397.0,226397.0,11.0,0.0,0.0
2026-03-31 00:58:47,466,622904.0,57647.0,1348.0,0.0,0.0,0.0,1569.0,142.0,4.0,8.2628608e+07,1.168310272e+09,4550.48,26.0,226497.0,0.0,226497.0,226497.0,11.0,0.0,0.0
2026-03-31 00:58:59,466,622904.0,57647.0,1348.0,0.0,0.0,0.0,1569.0,142.0,4.0,8.2628608e+07,1.168310272e+09,4552.44,29.0,226595.0,0.0,226594.0,226594.0,11.0,0.0,0.0
2026-03-31 00:59:11,466,623297.0,57647.0,1348.0,0.0,0.0,0.0,1570.0,142.0,4.0,8.2628608e+07,1.168310272e+09,4554.45,26.0,226695.0,0.0,226695.0,226695.0,11.0,0.0,0.0
2026-03-31 00:59:24,466,623801.0,57647.0,1348.0,0.0,0.0,0.0,1571.0,142.0,4.0,8.2628608e+07,1.168310272e+09,4556.5,26.0,226797.0,0.0,226797.0,226797.0,11.0,0.0,0.0
2026-03-31 00:59:36,467,623801.0,57647.0,1348.0,0.0,0.0,0.0,1571.0,142.0,4.0,8.2628608e+07,1.168310272e+09,4558.55,26.0,226897.0,0.0,226897.0,226897.0,11.0,0.0,0.0
2026-03-31 00:59:48,467,624305.0,57647.0,1348.0,0.0,0.0,0.0,1572.0,142.0,4.0,8.2628608e+07,1.168310272e+09,4560.5599999999995,27.0,226997.0,0.0,226996.0,226996.0,11.0,0.0,0.0
2026-03-31 01:00:01,467,624305.0,57647.0,1348.0,0.0,0.0,0.0,1572.0,142.0,4.0,8.2628608e+07,1.168310272e+09,4562.6,26.0,227094.0,0.0,227094.0,227094.0,11.0,0.0,0.0
2026-03-31 01:00:13,467,624797.0,57647.0,1348.0,0.0,0.0,0.0,1573.0,142.0,4.0,8.2628608e+07,1.168310272e+09,4564.599999999999,26.0,227193.0,0.0,227193.0,227193.0,11.0,0.0,0.0
2026-03-31 01:00:25,468,624797.0,58148.0,1348.0,0.0,0.0,0.0,1573.0,143.0,4.0,8.2628608e+07,1.168310272e+09,4566.599999999999,26.0,227292.0,0.0,227292.0,227292.0,11.0,0.0,0.0
2026-03-31 01:00:37,468,624797.0,58148.0,1348.0,0.0,0.0,0.0,1573.0,143.0,4.0,8.2628608e+07,1.168310272e+09,4568.63,26.0,227392.0,0.0,227392.0,227392.0,11.0,0.0,0.0
2026-03-31 01:00:50,468,625301.0,58148.0,1348.0,0.0,0.0,0.0,1574.0,143.0,4.0,8.2628608e+07,1.168310272e+09,4570.799999999999,26.0,227492.0,0.0,227492.0,227492.0,11.0,0.0,0.0
2026-03-31 01:01:02,468,625301.0,58148.0,1348.0,0.0,0.0,0.0,1574.0,143.0,4.0,8.2628608e+07,1.168310272e+09,4572.92,26.0,227593.0,0.0,227593.0,227593.0,11.0,0.0,0.0
2026-03-31 01:01:15,468,625793.0,58148.0,1348.0,0.0,0.0,0.0,1575.0,143.0,4.0,8.2628608e+07,1.168310272e+09,4575.0199999999995,26.0,227693.0,0.0,227693.0,227693.0,11.0,0.0,0.0
2026-03-31 01:01:27,469,626294.0,58148.0,1348.0,0.0,0.0,0.0,1576.0,143.0,4.0,8.2628608e+07,1.168310272e+09,4576.83,29.0,227793.0,0.0,227792.0,227792.0,11.0,0.0,0.0
2026-03-31 01:01:39,469,626294.0,58148.0,1348.0,0.0,0.0,0.0,1576.0,143.0,4.0,8.2628608e+07,1.168310272e+09,4579.0,26.0,227894.0,0.0,227894.0,227894.0,11.0,0.0,0.0
2026-03-31 01:01:52,469,626798.0,58148.0,1348.0,0.0,0.0,0.0,1577.0,143.0,4.0,8.2628608e+07,1.168310272e+09,4581.19,26.0,227996.0,0.0,227996.0,227996.0,11.0,0.0,0.0
2026-03-31 01:02:04,469,626798.0,58148.0,1348.0,0.0,0.0,0.0,1577.0,143.0,4.0,8.2628608e+07,1.168310272e+09,4583.23,26.0,228096.0,0.0,228096.0,228096.0,11.0,0.0,0.0
2026-03-31 01:02:16,469,627302.0,58148.0,1348.0,0.0,0.0,0.0,1578.0,143.0,4.0,8.2628608e+07,1.168310272e+09,4585.13,29.0,228195.0,0.0,228194.0,228194.0,11.0,0.0,0.0
2026-03-31 01:02:28,470,627596.0,58148.0,1348.0,0.0,0.0,0.0,1579.0,143.0,4.0,8.2628608e+07,1.168310272e+09,4587.16,29.0,228294.0,0.0,228293.0,228293.0,11.0,0.0,0.0
2026-03-31 01:02:41,470,627893.0,58148.0,1348.0,0.0,0.0,0.0,1580.0,143.0,4.0,8.2628608e+07,1.168310272e+09,4589.42,26.0,228395.0,0.0,228395.0,228395.0,11.0,0.0,0.0
2026-03-31 01:02:53,470,628397.0,58148.0,1348.0,0.0,0.0,0.0,1581.0,143.0,4.0,8.2628608e+07,1.168310272e+09,4591.49,29.0,228495.0,0.0,228494.0,228494.0,11.0,0.0,0.0
2026-03-31 01:03:05,470,628397.0,58148.0,1348.0,0.0,0.0,0.0,1581.0,143.0,4.0,8.2628608e+07,1.168310272e+09,4593.49,27.0,228596.0,0.0,228595.0,228595.0,11.0,0.0,0.0
2026-03-31 01:03:18,470,628799.0,58148.0,1348.0,0.0,0.0,0.0,1582.0,143.0,4.0,8.2628608e+07,1.168310272e+09,4595.799999999999,26.0,228696.0,0.0,228696.0,228696.0,11.0,0.0,0.0
2026-03-31 01:03:30,471,629303.0,58148.0,1348.0,0.0,0.0,0.0,1583.0,143.0,4.0,8.2628608e+07,1.168310272e+09,4597.75,26.0,228796.0,0.0,228796.0,228796.0,11.0,0.0,0.0
2026-03-31 01:03:43,471,629303.0,58148.0,1348.0,0.0,0.0,0.0,1583.0,143.0,4.0,8.2628608e+07,1.168310272e+09,4599.910000000001,26.0,228897.0,0.0,228897.0,228897.0,11.0,0.0,0.0
2026-03-31 01:03:55,471,629807.0,58148.0,1348.0,0.0,0.0,0.0,1584.0,143.0,4.0,8.2628608e+07,1.168310272e+09,4602.13,26.0,228998.0,0.0,228998.0,228998.0,11.0,0.0,0.0
2026-03-31 01:04:08,471,629807.0,58148.0,1348.0,0.0,0.0,0.0,1584.0,143.0,4.0,8.2628608e+07,1.168310272e+09,4604.24,27.0,229098.0,0.0,229097.0,229097.0,11.0,0.0,0.0
2026-03-31 01:04:20,471,629807.0,58646.0,1348.0,0.0,0.0,0.0,1584.0,144.0,4.0,8.2628608e+07,1.168310272e+09,4606.259999999999,26.0,229196.0,0.0,229196.0,229196.0,11.0,0.0,0.0
2026-03-31 01:04:32,472,630311.0,58646.0,1348.0,0.0,0.0,0.0,1585.0,144.0,4.0,8.2628608e+07,1.168310272e+09,4608.29,26.0,229294.0,0.0,229294.0,229294.0,11.0,0.0,0.0
2026-03-31 01:04:44,472,630311.0,58646.0,1348.0,0.0,0.0,0.0,1585.0,144.0,4.0,8.2628608e+07,1.168310272e+09,4610.36,26.0,229394.0,0.0,229394.0,229394.0,11.0,0.0,0.0
2026-03-31 01:04:57,472,630815.0,58646.0,1348.0,0.0,0.0,0.0,1586.0,144.0,4.0,8.2628608e+07,1.168310272e+09,4612.45,29.0,229494.0,0.0,229493.0,229493.0,11.0,0.0,0.0
2026-03-31 01:05:09,472,630815.0,58646.0,1348.0,0.0,0.0,0.0,1586.0,144.0,4.0,8.2628608e+07,1.168310272e+09,4614.450000000001,27.0,229593.0,0.0,229592.0,229592.0,11.0,0.0,0.0
2026-03-31 01:05:21,472,631292.0,58646.0,1348.0,0.0,0.0,0.0,1587.0,144.0,4.0,8.2628608e+07,1.168310272e+09,4616.379999999999,29.0,229693.0,0.0,229692.0,229692.0,11.0,0.0,0.0
2026-03-31 01:05:34,473,631592.0,58646.0,1348.0,0.0,0.0,0.0,1588.0,144.0,4.0,8.2628608e+07,1.168310272e+09,4618.4,27.0,229794.0,0.0,229793.0,229793.0,11.0,0.0,0.0
2026-03-31 01:05:46,473,632096.0,58646.0,1348.0,0.0,0.0,0.0,1589.0,144.0,4.0,8.275968e+07,1.168310272e+09,4620.47,26.0,229893.0,0.0,229893.0,229893.0,11.0,0.0,0.0
2026-03-31 01:05:58,473,632096.0,58646.0,1348.0,0.0,0.0,0.0,1589.0,144.0,4.0,8.275968e+07,1.168310272e+09,4622.530000000001,26.0,229993.0,0.0,229993.0,229993.0,11.0,0.0,0.0
2026-03-31 01:06:11,473,632600.0,58646.0,1348.0,0.0,0.0,0.0,1590.0,144.0,4.0,8.275968e+07,1.168310272e+09,4624.47,26.0,230093.0,0.0,230093.0,230093.0,11.0,0.0,0.0
2026-03-31 01:06:23,473,632600.0,58646.0,1348.0,0.0,0.0,0.0,1590.0,144.0,4.0,8.275968e+07,1.168310272e+09,4626.5,26.0,230192.0,0.0,230192.0,230192.0,11.0,0.0,0.0
2026-03-31 01:06:36,474,633092.0,58646.0,1348.0,0.0,0.0,0.0,1591.0,144.0,4.0,8.275968e+07,1.168310272e+09,4628.59,26.0,230293.0,0.0,230292.0,230292.0,11.0,0.0,0.0
2026-03-31 01:06:48,474,633593.0,58646.0,1348.0,0.0,0.0,0.0,1592.0,144.0,4.0,8.275968e+07,1.168310272e+09,4630.74,26.0,230395.0,0.0,230395.0,230395.0,11.0,0.0,0.0
2026-03-31 01:07:01,474,633593.0,58646.0,1348.0,0.0,0.0,0.0,1592.0,144.0,4.0,8.275968e+07,1.168310272e+09,4632.900000000001,26.0,230491.0,0.0,230491.0,230491.0,11.0,0.0,0.0
2026-03-31 01:07:13,474,634097.0,58646.0,1348.0,0.0,0.0,0.0,1593.0,144.0,4.0,8.275968e+07,1.168310272e+09,4634.92,26.0,230592.0,0.0,230592.0,230592.0,11.0,0.0,0.0
2026-03-31 01:07:25,475,634097.0,58646.0,1348.0,0.0,0.0,0.0,1593.0,144.0,4.0,8.275968e+07,1.168310272e+09,4637.01,26.0,230692.0,0.0,230692.0,230692.0,11.0,0.0,0.0
2026-03-31 01:07:37,475,634592.0,58646.0,1348.0,0.0,0.0,0.0,1594.0,144.0,4.0,8.275968e+07,1.168310272e+09,4639.089999999999,26.0,230793.0,0.0,230793.0,230793.0,11.0,0.0,0.0
2026-03-31 01:07:50,475,635093.0,58646.0,1348.0,0.0,0.0,0.0,1595.0,144.0,4.0,8.275968e+07,1.168310272e+09,4641.05,26.0,230891.0,0.0,230891.0,230891.0,11.0,0.0,0.0
2026-03-31 01:08:02,475,635093.0,58646.0,1348.0,0.0,0.0,0.0,1595.0,144.0,4.0,8.275968e+07,1.168310272e+09,4643.22,26.0,230991.0,0.0,230991.0,230991.0,11.0,0.0,0.0
2026-03-31 01:08:15,475,635093.0,59150.0,1348.0,0.0,0.0,0.0,1595.0,145.0,4.0,8.275968e+07,1.168310272e+09,4645.129999999999,26.0,231089.0,0.0,231089.0,231089.0,11.0,0.0,0.0
2026-03-31 01:08:27,476,635093.0,59150.0,1348.0,0.0,0.0,0.0,1595.0,145.0,4.0,8.275968e+07,1.168310272e+09,4647.16,26.0,231189.0,0.0,231189.0,231189.0,11.0,0.0,0.0
2026-03-31 01:08:39,476,635369.0,59150.0,1852.0,0.0,0.0,0.0,1597.0,145.0,5.0,8.275968e+07,1.168310272e+09,4649.42,26.0,231288.0,0.0,231288.0,231288.0,11.0,0.0,0.0
2026-03-31 01:08:52,476,635522.0,59150.0,1852.0,0.0,0.0,0.0,1598.0,145.0,5.0,8.275968e+07,1.168310272e+09,4651.55,26.0,231386.0,0.0,231386.0,231386.0,11.0,0.0,0.0
2026-03-31 01:09:04,476,635828.0,59150.0,1852.0,0.0,0.0,0.0,1600.0,145.0,5.0,8.275968e+07,1.168310272e+09,4653.639999999999,26.0,231486.0,0.0,231486.0,231486.0,11.0,0.0,0.0
2026-03-31 01:09:16,476,636200.0,59150.0,1852.0,0.0,0.0,0.0,1602.0,145.0,5.0,8.275968e+07,1.168310272e+09,4655.65,26.0,231585.0,0.0,231585.0,231585.0,11.0,0.0,0.0
2026-03-31 01:09:29,477,636200.0,59150.0,1852.0,0.0,0.0,0.0,1602.0,145.0,5.0,8.275968e+07,1.168310272e+09,4657.7300000000005,26.0,231685.0,0.0,231685.0,231685.0,11.0,0.0,0.0
2026-03-31 01:09:41,477,636578.0,59150.0,1852.0,0.0,0.0,0.0,1603.0,145.0,5.0,8.275968e+07,1.168310272e+09,4659.69,26.0,231785.0,0.0,231785.0,231785.0,11.0,0.0,0.0
2026-03-31 01:09:53,477,636956.0,59150.0,1852.0,0.0,0.0,0.0,1604.0,145.0,5.0,8.275968e+07,1.168310272e+09,4661.78,29.0,231884.0,0.0,231883.0,231883.0,11.0,0.0,0.0
2026-03-31 01:10:06,477,637157.0,59150.0,1852.0,0.0,0.0,0.0,1605.0,145.0,5.0,8.275968e+07,1.168310272e+09,4663.82,26.0,231983.0,0.0,231983.0,231983.0,11.0,0.0,0.0
2026-03-31 01:10:18,477,637535.0,59150.0,1852.0,0.0,0.0,0.0,1606.0,145.0,5.0,8.275968e+07,1.168310272e+09,4665.73,29.0,232084.0,0.0,232083.0,232083.0,11.0,0.0,0.0
2026-03-31 01:10:30,478,637535.0,59372.0,1852.0,0.0,0.0,0.0,1606.0,146.0,5.0,8.275968e+07,1.168310272e+09,4667.67,26.0,232183.0,0.0,232183.0,232183.0,11.0,0.0,0.0
2026-03-31 01:10:43,478,637913.0,59372.0,1852.0,0.0,0.0,0.0,1607.0,146.0,5.0,8.275968e+07,1.168310272e+09,4669.68,29.0,232284.0,0.0,232283.0,232283.0,11.0,0.0,0.0
2026-03-31 01:10:55,478,638135.0,59372.0,1852.0,0.0,0.0,0.0,1608.0,146.0,5.0,8.275968e+07,1.168310272e+09,4671.81,26.0,232384.0,0.0,232384.0,232384.0,11.0,0.0,0.0
2026-03-31 01:11:07,478,638513.0,59372.0,1852.0,0.0,0.0,0.0,1609.0,146.0,5.0,8.275968e+07,1.168310272e+09,4673.799999999999,26.0,232482.0,0.0,232482.0,232482.0,11.0,0.0,0.0
2026-03-31 01:11:19,478,638891.0,59372.0,1852.0,0.0,0.0,0.0,1610.0,146.0,5.0,8.275968e+07,1.168310272e+09,4675.83,26.0,232582.0,0.0,232582.0,232582.0,11.0,0.0,0.0
2026-03-31 01:11:32,479,639269.0,59372.0,1852.0,0.0,0.0,0.0,1611.0,146.0,5.0,8.275968e+07,1.168310272e+09,4677.830000000001,29.0,232681.0,0.0,232680.0,232680.0,11.0,0.0,0.0
2026-03-31 01:11:44,479,639269.0,59372.0,1852.0,0.0,0.0,0.0,1611.0,146.0,5.0,8.275968e+07,1.168310272e+09,4679.83,26.0,232780.0,0.0,232780.0,232780.0,11.0,0.0,0.0
2026-03-31 01:11:56,479,639647.0,59372.0,1852.0,0.0,0.0,0.0,1612.0,146.0,5.0,8.275968e+07,1.168310272e+09,4681.83,26.0,232879.0,0.0,232879.0,232879.0,11.0,0.0,0.0
2026-03-31 01:12:09,479,640025.0,59372.0,1852.0,0.0,0.0,0.0,1613.0,146.0,5.0,8.275968e+07,1.168310272e+09,4683.98,26.0,232978.0,0.0,232978.0,232978.0,11.0,0.0,0.0
2026-03-31 01:12:21,479,640403.0,59372.0,1852.0,0.0,0.0,0.0,1614.0,146.0,5.0,8.275968e+07,1.168310272e+09,4686.179999999999,26.0,233079.0,0.0,233079.0,233079.0,11.0,0.0,0.0
2026-03-31 01:12:33,480,640787.0,59372.0,1852.0,0.0,0.0,0.0,1615.0,146.0,5.0,8.275968e+07,1.168310272e+09,4688.28,26.0,233179.0,0.0,233179.0,233179.0,11.0,0.0,0.0
2026-03-31 01:12:46,480,640787.0,59372.0,1852.0,0.0,0.0,0.0,1615.0,146.0,5.0,8.275968e+07,1.168310272e+09,4690.29,27.0,233278.0,0.0,233277.0,233277.0,11.0,0.0,0.0
2026-03-31 01:12:58,480,641288.0,59372.0,1852.0,0.0,0.0,0.0,1616.0,146.0,5.0,8.275968e+07,1.168310272e+09,4692.280000000001,26.0,233375.0,0.0,233375.0,233375.0,11.0,0.0,0.0
2026-03-31 01:13:10,480,641288.0,59372.0,1852.0,0.0,0.0,0.0,1616.0,146.0,5.0,8.275968e+07,1.168310272e+09,4694.3099999999995,29.0,233475.0,0.0,233474.0,233474.0,11.0,0.0,0.0
2026-03-31 01:13:22,480,641708.0,59372.0,1852.0,0.0,0.0,0.0,1617.0,146.0,5.0,8.275968e+07,1.168310272e+09,4696.4,27.0,233576.0,0.0,233575.0,233575.0,11.0,0.0,0.0
2026-03-31 01:13:35,481,641708.0,59876.0,1852.0,0.0,0.0,0.0,1617.0,147.0,5.0,8.275968e+07,1.168310272e+09,4698.49,26.0,233677.0,0.0,233677.0,233677.0,11.0,0.0,0.0
2026-03-31 01:13:47,481,641708.0,59876.0,1852.0,0.0,0.0,0.0,1617.0,147.0,5.0,8.275968e+07,1.168310272e+09,4700.65,26.0,233776.0,0.0,233776.0,233776.0,11.0,0.0,0.0
2026-03-31 01:14:00,481,642212.0,59876.0,1852.0,0.0,0.0,0.0,1618.0,147.0,5.0,8.275968e+07,1.168310272e+09,4702.73,26.0,233876.0,0.0,233875.0,233875.0,11.0,0.0,0.0
2026-03-31 01:14:12,481,642212.0,59876.0,1852.0,0.0,0.0,0.0,1618.0,147.0,5.0,8.275968e+07,1.168310272e+09,4704.79,26.0,233977.0,0.0,233977.0,233977.0,11.0,0.0,0.0
2026-03-31 01:14:24,481,642713.0,59876.0,1852.0,0.0,0.0,0.0,1619.0,147.0,5.0,8.275968e+07,1.168310272e+09,4706.91,26.0,234077.0,0.0,234077.0,234077.0,11.0,0.0,0.0
2026-03-31 01:14:37,482,643214.0,59876.0,1852.0,0.0,0.0,0.0,1620.0,147.0,5.0,8.275968e+07,1.168310272e+09,4709.04,26.0,234177.0,0.0,234177.0,234177.0,11.0,0.0,0.0
2026-03-31 01:14:49,482,643214.0,59876.0,1852.0,0.0,0.0,0.0,1620.0,147.0,5.0,8.275968e+07,1.168310272e+09,4711.070000000001,26.0,234277.0,0.0,234277.0,234277.0,11.0,0.0,0.0
2026-03-31 01:15:02,482,643715.0,59876.0,1852.0,0.0,0.0,0.0,1621.0,147.0,5.0,8.275968e+07,1.168310272e+09,4712.8,26.0,234368.0,0.0,234368.0,234368.0,11.0,0.0,0.0
2026-03-31 01:15:14,482,643715.0,59876.0,1852.0,0.0,0.0,0.0,1621.0,147.0,5.0,8.275968e+07,1.168310272e+09,4713.33,26.0,234394.0,0.0,234394.0,234394.0,11.0,0.0,0.0
2026-03-31 01:15:26,483,644219.0,59876.0,1852.0,0.0,0.0,0.0,1622.0,147.0,5.0,8.275968e+07,1.168310272e+09,4715.429999999999,26.0,234493.0,0.0,234493.0,234493.0,11.0,0.0,0.0
2026-03-31 01:15:39,483,644219.0,59876.0,1852.0,0.0,0.0,0.0,1622.0,147.0,5.0,8.275968e+07,1.168310272e+09,4717.55,26.0,234593.0,0.0,234593.0,234593.0,11.0,0.0,0.0
2026-03-31 01:15:51,483,644723.0,59876.0,1852.0,0.0,0.0,0.0,1623.0,147.0,5.0,8.275968e+07,1.168310272e+09,4719.530000000001,29.0,234691.0,0.0,234690.0,234690.0,11.0,0.0,0.0
2026-03-31 01:16:03,483,644723.0,59876.0,1852.0,0.0,0.0,0.0,1623.0,147.0,5.0,8.275968e+07,1.168310272e+09,4721.55,26.0,234788.0,0.0,234788.0,234788.0,11.0,0.0,0.0
2026-03-31 01:16:15,483,645227.0,59876.0,1852.0,0.0,0.0,0.0,1624.0,147.0,5.0,8.275968e+07,1.168310272e+09,4723.639999999999,26.0,234887.0,0.0,234887.0,234887.0,11.0,0.0,0.0
2026-03-31 01:16:28,484,645731.0,59876.0,1852.0,0.0,0.0,0.0,1625.0,147.0,5.0,8.275968e+07,1.168310272e+09,4725.54,29.0,234987.0,0.0,234986.0,234986.0,11.0,0.0,0.0
2026-03-31 01:16:40,484,645731.0,59876.0,1852.0,0.0,0.0,0.0,1625.0,147.0,5.0,8.275968e+07,1.168310272e+09,4727.57,29.0,235086.0,0.0,235085.0,235085.0,11.0,0.0,0.0
2026-03-31 01:16:53,484,646037.0,59876.0,1852.0,0.0,0.0,0.0,1626.0,147.0,5.0,8.275968e+07,1.168310272e+09,4729.58,26.0,235184.0,0.0,235184.0,235184.0,11.0,0.0,0.0
2026-03-31 01:17:05,484,646541.0,59876.0,1852.0,0.0,0.0,0.0,1627.0,147.0,5.0,8.275968e+07,1.168310272e+09,4731.57,29.0,235283.0,0.0,235282.0,235282.0,11.0,0.0,0.0
2026-03-31 01:17:17,484,646541.0,59876.0,1852.0,0.0,0.0,0.0,1627.0,147.0,5.0,8.275968e+07,1.168310272e+09,4733.48,26.0,235382.0,0.0,235382.0,235382.0,11.0,0.0,0.0
2026-03-31 01:17:29,485,647036.0,59876.0,1852.0,0.0,0.0,0.0,1628.0,147.0,5.0,8.275968e+07,1.168310272e+09,4735.4800000000005,26.0,235482.0,0.0,235482.0,235482.0,11.0,0.0,0.0
2026-03-31 01:17:42,485,647036.0,59876.0,1852.0,0.0,0.0,0.0,1628.0,147.0,5.0,8.275968e+07,1.168310272e+09,4737.4,28.0,235580.0,0.0,235579.0,235579.0,11.0,0.0,0.0
2026-03-31 01:17:54,485,647036.0,60359.0,1852.0,0.0,0.0,0.0,1628.0,148.0,5.0,8.275968e+07,1.168310272e+09,4739.48,26.0,235678.0,0.0,235678.0,235678.0,11.0,0.0,0.0
2026-03-31 01:18:06,485,647540.0,60359.0,1852.0,0.0,0.0,0.0,1629.0,148.0,5.0,8.275968e+07,1.168310272e+09,4741.55,27.0,235779.0,0.0,235778.0,235778.0,11.0,0.0,0.0
2026-03-31 01:18:19,485,647540.0,60359.0,1852.0,0.0,0.0,0.0,1629.0,148.0,5.0,8.275968e+07,1.168310272e+09,4743.7,26.0,235878.0,0.0,235878.0,235878.0,11.0,0.0,0.0
2026-03-31 01:18:31,486,648044.0,60359.0,1852.0,0.0,0.0,0.0,1630.0,148.0,5.0,8.275968e+07,1.168310272e+09,4745.8099999999995,26.0,235979.0,0.0,235979.0,235979.0,11.0,0.0,0.0
2026-03-31 01:18:44,486,648044.0,60359.0,1852.0,0.0,0.0,0.0,1630.0,148.0,5.0,8.275968e+07,1.168310272e+09,4747.900000000001,26.0,236081.0,0.0,236081.0,236081.0,11.0,0.0,0.0
2026-03-31 01:18:56,486,648542.0,60359.0,1852.0,0.0,0.0,0.0,1631.0,148.0,5.0,8.275968e+07,1.168310272e+09,4750.09,26.0,236182.0,0.0,236182.0,236182.0,11.0,0.0,0.0
2026-03-31 01:19:08,486,649043.0,60359.0,1852.0,0.0,0.0,0.0,1632.0,148.0,5.0,8.275968e+07,1.168310272e+09,4752.15,26.0,236281.0,0.0,236281.0,236281.0,11.0,0.0,0.0
2026-03-31 01:19:21,486,649043.0,60359.0,1852.0,0.0,0.0,0.0,1632.0,148.0,5.0,8.275968e+07,1.168310272e+09,4754.070000000001,26.0,236382.0,0.0,236382.0,236382.0,11.0,0.0,0.0
2026-03-31 01:19:33,487,649547.0,60359.0,1852.0,0.0,0.0,0.0,1633.0,148.0,5.0,8.275968e+07,1.168310272e+09,4756.17,26.0,236482.0,0.0,236481.0,236481.0,11.0,0.0,0.0
2026-03-31 01:19:46,487,649547.0,60359.0,1852.0,0.0,0.0,0.0,1633.0,148.0,5.0,8.275968e+07,1.168310272e+09,4758.14,26.0,236581.0,0.0,236581.0,236581.0,11.0,0.0,0.0
2026-03-31 01:19:58,487,650042.0,60359.0,1852.0,0.0,0.0,0.0,1634.0,148.0,5.0,8.275968e+07,1.168310272e+09,4760.33,26.0,236684.0,0.0,236684.0,236684.0,11.0,0.0,0.0
2026-03-31 01:20:10,487,650543.0,60359.0,1852.0,0.0,0.0,0.0,1635.0,148.0,5.0,8.275968e+07,1.168310272e+09,4762.139999999999,26.0,236783.0,0.0,236783.0,236783.0,11.0,0.0,0.0
2026-03-31 01:20:23,487,650543.0,60359.0,1852.0,0.0,0.0,0.0,1635.0,148.0,5.0,8.275968e+07,1.168310272e+09,4764.2,26.0,236882.0,0.0,236882.0,236882.0,11.0,0.0,0.0
2026-03-31 01:20:35,488,651044.0,60359.0,1852.0,0.0,0.0,0.0,1636.0,148.0,5.0,8.275968e+07,1.168310272e+09,4766.259999999999,27.0,236984.0,0.0,236983.0,236983.0,11.0,0.0,0.0
2026-03-31 01:20:47,488,651548.0,60359.0,1852.0,0.0,0.0,0.0,1637.0,148.0,5.0,8.275968e+07,1.168310272e+09,4768.469999999999,26.0,237086.0,0.0,237086.0,237086.0,11.0,0.0,0.0
2026-03-31 01:21:00,488,651548.0,60359.0,1852.0,0.0,0.0,0.0,1637.0,148.0,5.0,8.275968e+07,1.168310272e+09,4770.55,26.0,237185.0,0.0,237185.0,237185.0,11.0,0.0,0.0
2026-03-31 01:21:12,488,652052.0,60359.0,1852.0,0.0,0.0,0.0,1638.0,148.0,5.0,8.275968e+07,1.168310272e+09,4772.45,26.0,237284.0,0.0,237284.0,237284.0,11.0,0.0,0.0
2026-03-31 01:21:25,489,652052.0,60359.0,1852.0,0.0,0.0,0.0,1638.0,148.0,5.0,8.275968e+07,1.168310272e+09,4774.62,29.0,237384.0,0.0,237383.0,237383.0,11.0,0.0,0.0
2026-03-31 01:21:37,489,652448.0,60359.0,1852.0,0.0,0.0,0.0,1639.0,148.0,5.0,8.275968e+07,1.168310272e+09,4776.679999999999,27.0,237484.0,0.0,237483.0,237483.0,11.0,0.0,0.0
2026-03-31 01:21:49,489,652448.0,60863.0,1852.0,0.0,0.0,0.0,1639.0,149.0,5.0,8.275968e+07,1.168310272e+09,4778.76,26.0,237584.0,0.0,237584.0,237584.0,11.0,0.0,0.0
2026-03-31 01:22:02,489,652448.0,60863.0,1852.0,0.0,0.0,0.0,1639.0,149.0,5.0,8.275968e+07,1.168310272e+09,4780.849999999999,26.0,237685.0,0.0,237685.0,237685.0,11.0,0.0,0.0
2026-03-31 01:22:14,489,652952.0,60863.0,1852.0,0.0,0.0,0.0,1640.0,149.0,5.0,8.275968e+07,1.168310272e+09,4783.05,26.0,237786.0,0.0,237786.0,237786.0,11.0,0.0,0.0
2026-03-31 01:22:26,490,652952.0,60863.0,1852.0,0.0,0.0,0.0,1640.0,149.0,5.0,8.275968e+07,1.168310272e+09,4785.03,26.0,237886.0,0.0,237886.0,237886.0,11.0,0.0,0.0
2026-03-31 01:22:39,490,653453.0,60863.0,1852.0,0.0,0.0,0.0,1641.0,149.0,5.0,8.275968e+07,1.168310272e+09,4787.139999999999,26.0,237986.0,0.0,237986.0,237986.0,11.0,0.0,0.0
2026-03-31 01:22:51,490,653954.0,60863.0,1852.0,0.0,0.0,0.0,1642.0,149.0,5.0,8.275968e+07,1.168310272e+09,4789.139999999999,26.0,238086.0,0.0,238086.0,238086.0,11.0,0.0,0.0
2026-03-31 01:23:03,490,653954.0,60863.0,1852.0,0.0,0.0,0.0,1642.0,149.0,5.0,8.275968e+07,1.168310272e+09,4791.07,29.0,238184.0,0.0,238183.0,238183.0,11.0,0.0,0.0
2026-03-31 01:23:16,490,654344.0,60863.0,1852.0,0.0,0.0,0.0,1643.0,149.0,5.0,8.275968e+07,1.168310272e+09,4793.150000000001,26.0,238286.0,0.0,238286.0,238286.0,11.0,0.0,0.0
2026-03-31 01:23:28,491,654848.0,60863.0,1852.0,0.0,0.0,0.0,1644.0,149.0,5.0,8.275968e+07,1.168310272e+09,4795.29,26.0,238384.0,0.0,238384.0,238384.0,11.0,0.0,0.0
2026-03-31 01:23:40,491,654848.0,60863.0,1852.0,0.0,0.0,0.0,1644.0,149.0,5.0,8.275968e+07,1.168310272e+09,4797.27,26.0,238481.0,0.0,238481.0,238481.0,11.0,0.0,0.0
2026-03-31 01:23:52,491,655352.0,60863.0,1852.0,0.0,0.0,0.0,1645.0,149.0,5.0,8.275968e+07,1.168310272e+09,4799.200000000001,26.0,238579.0,0.0,238579.0,238579.0,11.0,0.0,0.0
2026-03-31 01:24:04,491,655352.0,60863.0,1852.0,0.0,0.0,0.0,1645.0,149.0,5.0,8.275968e+07,1.168310272e+09,4801.16,26.0,238679.0,0.0,238679.0,238679.0,11.0,0.0,0.0
2026-03-31 01:24:17,491,655856.0,60863.0,1852.0,0.0,0.0,0.0,1646.0,149.0,5.0,8.275968e+07,1.168310272e+09,4803.1900000000005,26.0,238777.0,0.0,238777.0,238777.0,11.0,0.0,0.0
2026-03-31 01:24:29,492,656360.0,60863.0,1852.0,0.0,0.0,0.0,1647.0,149.0,5.0,8.275968e+07,1.168310272e+09,4805.13,26.0,238873.0,0.0,238873.0,238873.0,11.0,0.0,0.0
2026-03-31 01:24:41,492,656360.0,60863.0,1852.0,0.0,0.0,0.0,1647.0,149.0,5.0,8.275968e+07,1.168310272e+09,4807.16,29.0,238972.0,0.0,238971.0,238971.0,11.0,0.0,0.0
2026-03-31 01:24:53,492,656708.0,60863.0,1852.0,0.0,0.0,0.0,1648.0,149.0,5.0,8.275968e+07,1.168310272e+09,4809.12,27.0,239071.0,0.0,239070.0,239070.0,11.0,0.0,0.0
2026-03-31 01:25:06,492,657212.0,60863.0,1852.0,0.0,0.0,0.0,1649.0,149.0,5.0,8.275968e+07,1.168310272e+09,4811.24,26.0,239170.0,0.0,239170.0,239170.0,11.0,0.0,0.0
2026-03-31 01:25:18,492,657212.0,60863.0,1852.0,0.0,0.0,0.0,1649.0,149.0,5.0,8.275968e+07,1.168310272e+09,4813.29,29.0,239268.0,0.0,239267.0,239267.0,11.0,0.0,0.0
2026-03-31 01:25:30,493,657596.0,60863.0,1852.0,0.0,0.0,0.0,1650.0,149.0,5.0,8.275968e+07,1.168310272e+09,4815.3,26.0,239367.0,0.0,239367.0,239367.0,11.0,0.0,0.0
2026-03-31 01:25:43,493,657596.0,61367.0,1852.0,0.0,0.0,0.0,1650.0,150.0,5.0,8.275968e+07,1.168310272e+09,4817.29,29.0,239468.0,0.0,239467.0,239467.0,11.0,0.0,0.0
2026-03-31 01:25:55,493,657596.0,61367.0,1852.0,0.0,0.0,0.0,1650.0,150.0,5.0,8.275968e+07,1.168310272e+09,4819.53,26.0,239567.0,0.0,239567.0,239567.0,11.0,0.0,0.0
2026-03-31 01:26:07,493,658097.0,61367.0,1852.0,0.0,0.0,0.0,1651.0,150.0,5.0,8.275968e+07,1.168310272e+09,4821.67,26.0,239667.0,0.0,239667.0,239667.0,11.0,0.0,0.0
2026-03-31 01:26:20,493,658097.0,61367.0,1852.0,0.0,0.0,0.0,1651.0,150.0,5.0,8.275968e+07,1.168310272e+09,4823.86,28.0,239768.0,0.0,239767.0,239767.0,11.0,0.0,0.0
2026-03-31 01:26:32,494,658592.0,61367.0,1852.0,0.0,0.0,0.0,1652.0,150.0,5.0,8.275968e+07,1.168310272e+09,4825.83,26.0,239867.0,0.0,239867.0,239867.0,11.0,0.0,0.0
2026-03-31 01:26:44,494,659096.0,61367.0,1852.0,0.0,0.0,0.0,1653.0,150.0,5.0,8.275968e+07,1.168310272e+09,4827.969999999999,26.0,239968.0,0.0,239968.0,239968.0,11.0,0.0,0.0
2026-03-31 01:26:57,494,659096.0,61367.0,1852.0,0.0,0.0,0.0,1653.0,150.0,5.0,8.275968e+07,1.168310272e+09,4830.13,26.0,240068.0,0.0,240068.0,240068.0,11.0,0.0,0.0
2026-03-31 01:27:09,494,659600.0,61367.0,1852.0,0.0,0.0,0.0,1654.0,150.0,5.0,8.275968e+07,1.168310272e+09,4832.259999999999,29.0,240167.0,0.0,240166.0,240166.0,11.0,0.0,0.0
2026-03-31 01:27:21,494,659600.0,61367.0,1852.0,0.0,0.0,0.0,1654.0,150.0,5.0,8.275968e+07,1.168310272e+09,4834.259999999999,26.0,240266.0,0.0,240266.0,240266.0,11.0,0.0,0.0
2026-03-31 01:27:34,495,660089.0,61367.0,1852.0,0.0,0.0,0.0,1655.0,150.0,5.0,8.275968e+07,1.168310272e+09,4836.3099999999995,29.0,240365.0,0.0,240364.0,240364.0,11.0,0.0,0.0
2026-03-31 01:27:46,495,660383.0,61367.0,1852.0,0.0,0.0,0.0,1656.0,150.0,5.0,8.275968e+07,1.168310272e+09,4838.2300000000005,26.0,240462.0,0.0,240462.0,240462.0,11.0,0.0,0.0
2026-03-31 01:27:58,495,660887.0,61367.0,1852.0,0.0,0.0,0.0,1657.0,150.0,5.0,8.275968e+07,1.168310272e+09,4840.290000000001,26.0,240561.0,0.0,240561.0,240561.0,11.0,0.0,0.0
2026-03-31 01:28:10,495,660887.0,61367.0,1852.0,0.0,0.0,0.0,1657.0,150.0,5.0,8.275968e+07,1.168310272e+09,4842.29,26.0,240660.0,0.0,240660.0,240660.0,11.0,0.0,0.0
2026-03-31 01:28:23,495,661391.0,61367.0,1852.0,0.0,0.0,0.0,1658.0,150.0,5.0,8.275968e+07,1.168310272e+09,4844.29,26.0,240759.0,0.0,240759.0,240759.0,11.0,0.0,0.0
2026-03-31 01:28:35,496,661391.0,61367.0,1852.0,0.0,0.0,0.0,1658.0,150.0,5.0,8.275968e+07,1.168310272e+09,4846.2300000000005,26.0,240858.0,0.0,240858.0,240858.0,11.0,0.0,0.0
2026-03-31 01:28:47,496,661895.0,61367.0,1852.0,0.0,0.0,0.0,1659.0,150.0,5.0,8.275968e+07,1.168310272e+09,4848.3099999999995,26.0,240958.0,0.0,240958.0,240958.0,11.0,0.0,0.0
2026-03-31 01:29:00,496,662399.0,61367.0,1852.0,0.0,0.0,0.0,1660.0,150.0,5.0,8.275968e+07,1.168310272e+09,4850.4,26.0,241058.0,0.0,241058.0,241058.0,11.0,0.0,0.0
2026-03-31 01:29:12,496,662399.0,61367.0,1852.0,0.0,0.0,0.0,1660.0,150.0,5.0,8.275968e+07,1.168310272e+09,4852.4400000000005,26.0,241157.0,0.0,241157.0,241157.0,11.0,0.0,0.0
2026-03-31 01:29:24,496,662903.0,61367.0,1852.0,0.0,0.0,0.0,1661.0,150.0,5.0,8.275968e+07,1.168310272e+09,4854.320000000001,26.0,241257.0,0.0,241257.0,241257.0,11.0,0.0,0.0
2026-03-31 01:29:36,497,662903.0,61367.0,1852.0,0.0,0.0,0.0,1661.0,150.0,5.0,8.275968e+07,1.168310272e+09,4856.37,26.0,241357.0,0.0,241357.0,241357.0,11.0,0.0,0.0
2026-03-31 01:29:49,497,662903.0,61871.0,1852.0,0.0,0.0,0.0,1661.0,151.0,5.0,8.275968e+07,1.168310272e+09,4858.22,26.0,241456.0,0.0,241456.0,241456.0,11.0,0.0,0.0
2026-03-31 01:30:01,497,663404.0,61871.0,1852.0,0.0,0.0,0.0,1662.0,151.0,5.0,8.275968e+07,1.168310272e+09,4860.11,29.0,241555.0,0.0,241554.0,241554.0,11.0,0.0,0.0
2026-03-31 01:30:13,497,663404.0,61871.0,1852.0,0.0,0.0,0.0,1662.0,151.0,5.0,8.275968e+07,1.168310272e+09,4862.05,26.0,241654.0,0.0,241654.0,241654.0,11.0,0.0,0.0
2026-03-31 01:30:25,498,663908.0,61871.0,1852.0,0.0,0.0,0.0,1663.0,151.0,5.0,8.275968e+07,1.168310272e+09,4863.860000000001,29.0,241753.0,0.0,241752.0,241752.0,11.0,0.0,0.0
2026-03-31 01:30:37,498,663908.0,61871.0,1852.0,0.0,0.0,0.0,1663.0,151.0,5.0,8.275968e+07,1.168310272e+09,4865.799999999999,26.0,241854.0,0.0,241853.0,241853.0,11.0,0.0,0.0
2026-03-31 01:30:49,498,664346.0,61871.0,1852.0,0.0,0.0,0.0,1664.0,151.0,5.0,8.275968e+07,1.168310272e+09,4867.72,29.0,241955.0,0.0,241954.0,241954.0,11.0,0.0,0.0
2026-03-31 01:31:01,498,664649.0,61871.0,1852.0,0.0,0.0,0.0,1665.0,151.0,5.0,8.275968e+07,1.168310272e+09,4869.67,26.0,242054.0,0.0,242054.0,242054.0,11.0,0.0,0.0
2026-03-31 01:31:13,498,665153.0,61871.0,1852.0,0.0,0.0,0.0,1666.0,151.0,5.0,8.275968e+07,1.168310272e+09,4871.58,29.0,242154.0,0.0,242153.0,242153.0,11.0,0.0,0.0
2026-03-31 01:31:26,499,665153.0,61871.0,1852.0,0.0,0.0,0.0,1666.0,151.0,5.0,8.275968e+07,1.168310272e+09,4873.58,26.0,242255.0,0.0,242255.0,242255.0,11.0,0.0,0.0
2026-03-31 01:31:38,499,665657.0,61871.0,1852.0,0.0,0.0,0.0,1667.0,151.0,5.0,8.275968e+07,1.168310272e+09,4875.42,26.0,242355.0,0.0,242355.0,242355.0,11.0,0.0,0.0
2026-03-31 01:31:50,499,666146.0,61871.0,1852.0,0.0,0.0,0.0,1668.0,151.0,5.0,8.275968e+07,1.168310272e+09,4877.34,27.0,242454.0,0.0,242454.0,242454.0,11.0,0.0,0.0
2026-03-31 01:32:02,499,666146.0,61871.0,1852.0,0.0,0.0,0.0,1668.0,151.0,5.0,8.275968e+07,1.168310272e+09,4879.34,26.0,242554.0,0.0,242554.0,242554.0,11.0,0.0,0.0
2026-03-31 01:32:14,499,666650.0,61871.0,1852.0,0.0,0.0,0.0,1669.0,151.0,5.0,8.275968e+07,1.168310272e+09,4881.29,26.0,242654.0,0.0,242654.0,242654.0,11.0,0.0,0.0
2026-03-31 01:32:27,500,666650.0,61871.0,1852.0,0.0,0.0,0.0,1669.0,151.0,5.0,8.275968e+07,1.168310272e+09,4883.15,26.0,242753.0,0.0,242752.0,242752.0,11.0,0.0,0.0
2026-03-31 01:32:39,500,667043.0,61871.0,1852.0,0.0,0.0,0.0,1670.0,151.0,5.0,8.275968e+07,1.168310272e+09,4885.0,27.0,242852.0,0.0,242851.0,242851.0,11.0,0.0,0.0
2026-03-31 01:32:51,500,667547.0,61871.0,1852.0,0.0,0.0,0.0,1671.0,151.0,5.0,8.275968e+07,1.168310272e+09,4886.87,26.0,242951.0,0.0,242951.0,242951.0,11.0,0.0,0.0
2026-03-31 01:33:03,500,667547.0,61871.0,1852.0,0.0,0.0,0.0,1671.0,151.0,5.0,8.275968e+07,1.168310272e+09,4888.77,29.0,243050.0,0.0,243049.0,243049.0,11.0,0.0,0.0
2026-03-31 01:33:15,500,667934.0,61871.0,1852.0,0.0,0.0,0.0,1672.0,151.0,5.0,8.275968e+07,1.168310272e+09,4890.64,29.0,243151.0,0.0,243150.0,243150.0,11.0,0.0,0.0
2026-03-31 01:33:27,501,667934.0,62174.0,1852.0,0.0,0.0,0.0,1672.0,152.0,5.0,8.275968e+07,1.168310272e+09,4892.59,26.0,243251.0,0.0,243251.0,243251.0,11.0,0.0,0.0
2026-03-31 01:33:39,501,668438.0,62174.0,1852.0,0.0,0.0,0.0,1673.0,152.0,5.0,8.275968e+07,1.168310272e+09,4894.459999999999,25.0,243344.0,1.0,243343.0,243343.0,11.0,0.0,0.0
2026-03-31 01:33:52,501,668750.0,62174.0,1852.0,0.0,0.0,0.0,1674.0,152.0,5.0,8.275968e+07,1.168310272e+09,4896.18,26.0,243425.0,1.0,243424.0,243424.0,11.0,0.0,0.0
2026-03-31 01:34:04,501,668750.0,62174.0,1852.0,0.0,0.0,0.0,1674.0,152.0,5.0,8.275968e+07,1.168310272e+09,4898.1,26.0,243525.0,1.0,243524.0,243524.0,11.0,0.0,0.0
2026-03-31 01:34:16,501,669254.0,62174.0,1852.0,0.0,0.0,0.0,1675.0,152.0,5.0,8.275968e+07,1.168310272e+09,4899.99,26.0,243624.0,1.0,243622.0,243622.0,11.0,0.0,0.0
2026-03-31 01:34:28,502,669254.0,62174.0,1852.0,0.0,0.0,0.0,1675.0,152.0,5.0,8.275968e+07,1.168310272e+09,4901.78,26.0,243722.0,1.0,243721.0,243721.0,11.0,0.0,0.0
2026-03-31 01:34:40,502,669254.0,62174.0,1852.0,0.0,0.0,0.0,1675.0,152.0,5.0,8.275968e+07,1.168310272e+09,4901.91,25.0,243727.0,2.0,243725.0,243725.0,11.0,0.0,0.0
2026-03-31 01:34:52,502,669254.0,62174.0,1852.0,0.0,0.0,0.0,1675.0,152.0,5.0,8.275968e+07,1.168310272e+09,4901.92,25.0,243727.0,2.0,243725.0,243725.0,11.0,0.0,0.0
2026-03-31 01:35:04,502,669254.0,62174.0,1852.0,0.0,0.0,0.0,1675.0,152.0,5.0,8.275968e+07,1.168310272e+09,4901.93,25.0,243727.0,2.0,243725.0,243725.0,11.0,0.0,0.0
2026-03-31 01:35:16,502,669254.0,62174.0,1852.0,0.0,0.0,0.0,1675.0,152.0,5.0,8.275968e+07,1.168310272e+09,4901.95,25.0,243727.0,2.0,243725.0,243725.0,11.0,0.0,0.0
2026-03-31 01:35:28,503,669254.0,62174.0,1852.0,0.0,0.0,0.0,1675.0,152.0,5.0,8.275968e+07,1.168310272e+09,4901.969999999999,25.0,243727.0,2.0,243725.0,243725.0,11.0,0.0,0.0
2026-03-31 01:35:40,503,669254.0,62174.0,1852.0,0.0,0.0,0.0,1675.0,152.0,5.0,8.275968e+07,1.168310272e+09,4901.98,25.0,243727.0,2.0,243725.0,243725.0,11.0,0.0,0.0
2026-03-31 01:35:52,503,669755.0,62174.0,1852.0,0.0,0.0,0.0,1676.0,152.0,5.0,8.275968e+07,1.168310272e+09,4902.660000000001,26.0,243761.0,2.0,243759.0,243759.0,11.0,0.0,0.0
2026-03-31 01:36:04,503,669755.0,62174.0,1852.0,0.0,0.0,0.0,1676.0,152.0,5.0,8.275968e+07,1.168310272e+09,4902.67,26.0,243761.0,2.0,243759.0,243759.0,11.0,0.0,0.0
2026-03-31 01:36:16,503,669755.0,62174.0,1852.0,0.0,0.0,0.0,1676.0,152.0,5.0,8.275968e+07,1.168310272e+09,4902.69,26.0,243761.0,2.0,243759.0,243759.0,11.0,0.0,0.0
2026-03-31 01:36:28,504,669755.0,62174.0,1852.0,0.0,0.0,0.0,1676.0,152.0,5.0,8.275968e+07,1.168310272e+09,4904.129999999999,26.0,243836.0,2.0,243834.0,243834.0,11.0,0.0,0.0
2026-03-31 01:36:40,504,669755.0,62174.0,1852.0,0.0,0.0,0.0,1676.0,152.0,5.0,8.275968e+07,1.168310272e+09,4904.17,26.0,243838.0,2.0,243836.0,243836.0,11.0,0.0,0.0
2026-03-31 01:36:53,504,669755.0,62174.0,1852.0,0.0,0.0,0.0,1676.0,152.0,5.0,8.275968e+07,1.168310272e+09,4904.179999999999,26.0,243838.0,2.0,243836.0,243836.0,11.0,0.0,0.0
2026-03-31 01:37:05,504,669755.0,62174.0,1852.0,0.0,0.0,0.0,1676.0,152.0,5.0,8.275968e+07,1.168310272e+09,4904.19,26.0,243838.0,2.0,243836.0,243836.0,11.0,0.0,0.0
2026-03-31 01:37:17,504,669755.0,62174.0,1852.0,0.0,0.0,0.0,1676.0,152.0,5.0,8.275968e+07,1.168310272e+09,4904.21,26.0,243838.0,2.0,243836.0,243836.0,11.0,0.0,0.0
2026-03-31 01:37:28,505,669755.0,62174.0,1852.0,0.0,0.0,0.0,1676.0,152.0,5.0,8.275968e+07,1.168310272e+09,4904.22,26.0,243838.0,2.0,243836.0,243836.0,11.0,0.0,0.0
2026-03-31 01:37:40,505,669755.0,62174.0,1852.0,0.0,0.0,0.0,1676.0,152.0,5.0,8.275968e+07,1.168310272e+09,4904.24,26.0,243838.0,2.0,243836.0,243836.0,11.0,0.0,0.0
2026-03-31 01:37:52,505,669755.0,62174.0,1852.0,0.0,0.0,0.0,1676.0,152.0,5.0,8.275968e+07,1.168310272e+09,4904.26,26.0,243838.0,2.0,243836.0,243836.0,11.0,0.0,0.0
2026-03-31 01:38:03,505,669755.0,62174.0,1852.0,0.0,0.0,0.0,1676.0,152.0,5.0,8.275968e+07,1.168310272e+09,4904.27,26.0,243838.0,2.0,243836.0,243836.0,11.0,0.0,0.0
2026-03-31 01:38:15,505,669755.0,62174.0,1852.0,0.0,0.0,0.0,1676.0,152.0,5.0,8.275968e+07,1.168310272e+09,4904.29,26.0,243838.0,2.0,243836.0,243836.0,11.0,0.0,0.0
2026-03-31 01:38:27,506,669755.0,62174.0,1852.0,0.0,0.0,0.0,1676.0,152.0,5.0,8.275968e+07,1.168310272e+09,4904.3,26.0,243838.0,2.0,243836.0,243836.0,11.0,0.0,0.0
2026-03-31 01:38:38,506,669755.0,62174.0,1852.0,0.0,0.0,0.0,1676.0,152.0,5.0,8.275968e+07,1.168310272e+09,4904.33,26.0,243838.0,2.0,243836.0,243836.0,11.0,0.0,0.0
2026-03-31 01:38:50,506,669755.0,62174.0,1852.0,0.0,0.0,0.0,1676.0,152.0,5.0,8.275968e+07,1.168310272e+09,4904.33,26.0,243838.0,2.0,243836.0,243836.0,11.0,0.0,0.0
2026-03-31 01:39:01,506,669755.0,62174.0,1852.0,0.0,0.0,0.0,1676.0,152.0,5.0,8.275968e+07,1.168310272e+09,4904.35,26.0,243838.0,2.0,243836.0,243836.0,11.0,0.0,0.0
2026-03-31 01:39:13,506,669755.0,62174.0,1852.0,0.0,0.0,0.0,1676.0,152.0,5.0,8.275968e+07,1.168310272e+09,4904.370000000001,26.0,243838.0,2.0,243836.0,243836.0,11.0,0.0,0.0
2026-03-31 01:39:25,507,669755.0,62174.0,1852.0,0.0,0.0,0.0,1676.0,152.0,5.0,8.275968e+07,1.168310272e+09,4904.379999999999,26.0,243838.0,2.0,243836.0,243836.0,11.0,0.0,0.0
2026-03-31 01:39:36,507,669755.0,62174.0,1852.0,0.0,0.0,0.0,1676.0,152.0,5.0,8.275968e+07,1.168310272e+09,4904.4,26.0,243838.0,2.0,243836.0,243836.0,11.0,0.0,0.0
2026-03-31 01:39:48,507,669755.0,62174.0,1852.0,0.0,0.0,0.0,1676.0,152.0,5.0,8.275968e+07,1.168310272e+09,4904.42,26.0,243838.0,2.0,243836.0,243836.0,11.0,0.0,0.0
2026-03-31 01:40:00,507,669755.0,62174.0,1852.0,0.0,0.0,0.0,1676.0,152.0,5.0,8.275968e+07,1.168310272e+09,4904.43,26.0,243838.0,2.0,243836.0,243836.0,11.0,0.0,0.0
2026-03-31 01:40:12,507,669755.0,62174.0,1852.0,0.0,0.0,0.0,1676.0,152.0,5.0,8.275968e+07,1.168310272e+09,4904.45,26.0,243838.0,2.0,243836.0,243836.0,11.0,0.0,0.0
2026-03-31 01:40:23,507,669755.0,62174.0,1852.0,0.0,0.0,0.0,1676.0,152.0,5.0,8.275968e+07,1.168310272e+09,4904.46,26.0,243838.0,2.0,243836.0,243836.0,11.0,0.0,0.0
2026-03-31 01:40:35,508,669755.0,62174.0,1852.0,0.0,0.0,0.0,1676.0,152.0,5.0,8.275968e+07,1.168310272e+09,4904.4800000000005,26.0,243838.0,2.0,243836.0,243836.0,11.0,0.0,0.0
2026-03-31 01:40:46,508,669755.0,62174.0,1852.0,0.0,0.0,0.0,1676.0,152.0,5.0,8.275968e+07,1.168310272e+09,4904.490000000001,26.0,243838.0,2.0,243836.0,243836.0,11.0,0.0,0.0
2026-03-31 01:40:58,508,669755.0,62174.0,1852.0,0.0,0.0,0.0,1676.0,152.0,5.0,8.275968e+07,1.168310272e+09,4904.51,26.0,243838.0,2.0,243836.0,243836.0,11.0,0.0,0.0
2026-03-31 01:41:10,508,669755.0,62174.0,1852.0,0.0,0.0,0.0,1676.0,152.0,5.0,8.275968e+07,1.168310272e+09,4904.53,26.0,243838.0,2.0,243836.0,243836.0,11.0,0.0,0.0
2026-03-31 01:41:21,508,669755.0,62174.0,1852.0,0.0,0.0,0.0,1676.0,152.0,5.0,8.275968e+07,1.168310272e+09,4904.54,26.0,243838.0,2.0,243836.0,243836.0,11.0,0.0,0.0
2026-03-31 01:41:33,509,669755.0,62174.0,1852.0,0.0,0.0,0.0,1676.0,152.0,5.0,8.275968e+07,1.168310272e+09,4904.5599999999995,26.0,243838.0,2.0,243836.0,243836.0,11.0,0.0,0.0
2026-03-31 01:41:45,509,669755.0,62174.0,1852.0,0.0,0.0,0.0,1676.0,152.0,5.0,8.275968e+07,1.168310272e+09,4904.58,26.0,243838.0,2.0,243836.0,243836.0,11.0,0.0,0.0
2026-03-31 01:41:56,509,669755.0,62174.0,1852.0,0.0,0.0,0.0,1676.0,152.0,5.0,8.275968e+07,1.168310272e+09,4904.59,26.0,243838.0,2.0,243836.0,243836.0,11.0,0.0,0.0
2026-03-31 01:42:08,509,669755.0,62174.0,1852.0,0.0,0.0,0.0,1676.0,152.0,5.0,8.275968e+07,1.168310272e+09,4904.610000000001,26.0,243838.0,2.0,243836.0,243836.0,11.0,0.0,0.0
2026-03-31 01:42:19,509,669755.0,62174.0,1852.0,0.0,0.0,0.0,1676.0,152.0,5.0,8.275968e+07,1.168310272e+09,4904.620000000001,26.0,243838.0,2.0,243836.0,243836.0,11.0,0.0,0.0
2026-03-31 01:42:31,510,669755.0,62174.0,1852.0,0.0,0.0,0.0,1676.0,152.0,5.0,8.275968e+07,1.168310272e+09,4904.64,26.0,243838.0,2.0,243836.0,243836.0,11.0,0.0,0.0
2026-03-31 01:42:43,510,669755.0,62174.0,1852.0,0.0,0.0,0.0,1676.0,152.0,5.0,8.275968e+07,1.168310272e+09,4904.66,26.0,243838.0,2.0,243836.0,243836.0,11.0,0.0,0.0
2026-03-31 01:42:54,510,669755.0,62174.0,1852.0,0.0,0.0,0.0,1676.0,152.0,5.0,8.275968e+07,1.168310272e+09,4904.67,26.0,243838.0,2.0,243836.0,243836.0,11.0,0.0,0.0
2026-03-31 01:43:06,510,669755.0,62174.0,1852.0,0.0,0.0,0.0,1676.0,152.0,5.0,8.275968e+07,1.168310272e+09,4904.679999999999,26.0,243838.0,2.0,243836.0,243836.0,11.0,0.0,0.0
2026-03-31 01:43:18,510,669755.0,62174.0,1852.0,0.0,0.0,0.0,1676.0,152.0,5.0,8.275968e+07,1.168310272e+09,4904.7,26.0,243838.0,2.0,243836.0,243836.0,11.0,0.0,0.0
2026-03-31 01:43:29,511,669755.0,62174.0,1852.0,0.0,0.0,0.0,1676.0,152.0,5.0,8.275968e+07,1.168310272e+09,4904.72,26.0,243838.0,2.0,243836.0,243836.0,11.0,0.0,0.0
2026-03-31 01:43:41,511,669755.0,62174.0,1852.0,0.0,0.0,0.0,1676.0,152.0,5.0,8.275968e+07,1.168310272e+09,4904.7300000000005,26.0,243838.0,2.0,243836.0,243836.0,11.0,0.0,0.0
2026-03-31 01:43:53,511,669755.0,62174.0,1852.0,0.0,0.0,0.0,1676.0,152.0,5.0,8.275968e+07,1.168310272e+09,4904.75,26.0,243838.0,2.0,243836.0,243836.0,11.0,0.0,0.0
2026-03-31 01:44:04,511,669755.0,62174.0,1852.0,0.0,0.0,0.0,1676.0,152.0,5.0,8.275968e+07,1.168310272e+09,4904.759999999999,26.0,243838.0,2.0,243836.0,243836.0,11.0,0.0,0.0
2026-03-31 01:44:16,511,669755.0,62174.0,1852.0,0.0,0.0,0.0,1676.0,152.0,5.0,8.275968e+07,1.168310272e+09,4904.78,26.0,243838.0,2.0,243836.0,243836.0,11.0,0.0,0.0
2026-03-31 01:44:28,512,669755.0,62174.0,1852.0,0.0,0.0,0.0,1676.0,152.0,5.0,8.275968e+07,1.168310272e+09,4904.79,26.0,243838.0,2.0,243836.0,243836.0,11.0,0.0,0.0
2026-03-31 01:44:39,512,669755.0,62174.0,1852.0,0.0,0.0,0.0,1676.0,152.0,5.0,8.275968e+07,1.168310272e+09,4904.81,26.0,243838.0,2.0,243836.0,243836.0,11.0,0.0,0.0
2026-03-31 01:44:51,512,669755.0,62174.0,1852.0,0.0,0.0,0.0,1676.0,152.0,5.0,8.275968e+07,1.168310272e+09,4904.83,26.0,243838.0,2.0,243836.0,243836.0,11.0,0.0,0.0
2026-03-31 01:45:03,512,669755.0,62174.0,1852.0,0.0,0.0,0.0,1676.0,152.0,5.0,8.275968e+07,1.168310272e+09,4904.84,26.0,243838.0,2.0,243836.0,243836.0,11.0,0.0,0.0
2026-03-31 01:45:15,512,669755.0,62174.0,1852.0,0.0,0.0,0.0,1676.0,152.0,5.0,8.275968e+07,1.168310272e+09,4904.86,26.0,243838.0,2.0,243836.0,243836.0,11.0,0.0,0.0
2026-03-31 01:45:26,513,669755.0,62174.0,1852.0,0.0,0.0,0.0,1676.0,152.0,5.0,8.275968e+07,1.168310272e+09,4904.87,26.0,243838.0,2.0,243836.0,243836.0,11.0,0.0,0.0
2026-03-31 01:45:38,513,669755.0,62174.0,1852.0,0.0,0.0,0.0,1676.0,152.0,5.0,8.275968e+07,1.168310272e+09,4904.889999999999,26.0,243838.0,2.0,243836.0,243836.0,11.0,0.0,0.0
2026-03-31 01:45:50,513,669755.0,62174.0,1852.0,0.0,0.0,0.0,1676.0,152.0,5.0,8.275968e+07,1.168310272e+09,4904.91,26.0,243838.0,2.0,243836.0,243836.0,11.0,0.0,0.0
2026-03-31 01:46:01,513,669755.0,62174.0,1852.0,0.0,0.0,0.0,1676.0,152.0,5.0,8.275968e+07,1.168310272e+09,4904.92,26.0,243838.0,2.0,243836.0,243836.0,11.0,0.0,0.0
2026-03-31 01:46:13,513,669755.0,62174.0,1852.0,0.0,0.0,0.0,1676.0,152.0,5.0,8.275968e+07,1.168310272e+09,4904.9400000000005,26.0,243838.0,2.0,243836.0,243836.0,11.0,0.0,0.0
2026-03-31 01:46:25,514,669755.0,62174.0,1852.0,0.0,0.0,0.0,1676.0,152.0,5.0,8.275968e+07,1.168310272e+09,4904.95,26.0,243838.0,2.0,243836.0,243836.0,11.0,0.0,0.0
2026-03-31 01:46:36,514,669755.0,62174.0,1852.0,0.0,0.0,0.0,1676.0,152.0,5.0,8.275968e+07,1.168310272e+09,4904.969999999999,26.0,243838.0,2.0,243836.0,243836.0,11.0,0.0,0.0
2026-03-31 01:46:48,514,669755.0,62174.0,1852.0,0.0,0.0,0.0,1676.0,152.0,5.0,8.275968e+07,1.168310272e+09,4904.98,26.0,243838.0,2.0,243836.0,243836.0,11.0,0.0,0.0
2026-03-31 01:47:00,514,669755.0,62174.0,1852.0,0.0,0.0,0.0,1676.0,152.0,5.0,8.275968e+07,1.168310272e+09,4905.0,26.0,243838.0,2.0,243836.0,243836.0,11.0,0.0,0.0
2026-03-31 01:47:11,514,669755.0,62174.0,1852.0,0.0,0.0,0.0,1676.0,152.0,5.0,8.275968e+07,1.168310272e+09,4905.01,26.0,243838.0,2.0,243836.0,243836.0,11.0,0.0,0.0
2026-03-31 01:47:23,514,669755.0,62174.0,1852.0,0.0,0.0,0.0,1676.0,152.0,5.0,8.275968e+07,1.168310272e+09,4905.04,26.0,243838.0,2.0,243836.0,243836.0,11.0,0.0,0.0
2026-03-31 01:47:35,515,669755.0,62174.0,1852.0,0.0,0.0,0.0,1676.0,152.0,5.0,8.275968e+07,1.168310272e+09,4905.05,26.0,243838.0,2.0,243836.0,243836.0,11.0,0.0,0.0
2026-03-31 01:47:46,515,669755.0,62174.0,1852.0,0.0,0.0,0.0,1676.0,152.0,5.0,8.275968e+07,1.168310272e+09,4905.070000000001,26.0,243838.0,2.0,243836.0,243836.0,11.0,0.0,0.0
2026-03-31 01:47:58,515,669755.0,62174.0,1852.0,0.0,0.0,0.0,1676.0,152.0,5.0,8.275968e+07,1.168310272e+09,4905.08,26.0,243838.0,2.0,243836.0,243836.0,11.0,0.0,0.0
2026-03-31 01:48:10,515,669755.0,62174.0,1852.0,0.0,0.0,0.0,1676.0,152.0,5.0,8.275968e+07,1.168310272e+09,4905.1,26.0,243838.0,2.0,243836.0,243836.0,11.0,0.0,0.0
2026-03-31 01:48:21,515,669755.0,62174.0,1852.0,0.0,0.0,0.0,1676.0,152.0,5.0,8.275968e+07,1.168310272e+09,4905.110000000001,26.0,243838.0,2.0,243836.0,243836.0,11.0,0.0,0.0
2026-03-31 01:48:33,516,669755.0,62174.0,1852.0,0.0,0.0,0.0,1676.0,152.0,5.0,8.275968e+07,1.168310272e+09,4905.12,26.0,243838.0,2.0,243836.0,243836.0,11.0,0.0,0.0
2026-03-31 01:48:45,516,669755.0,62174.0,1852.0,0.0,0.0,0.0,1676.0,152.0,5.0,8.275968e+07,1.168310272e+09,4905.14,26.0,243838.0,2.0,243836.0,243836.0,11.0,0.0,0.0
2026-03-31 01:48:56,516,669755.0,62174.0,1852.0,0.0,0.0,0.0,1676.0,152.0,5.0,8.275968e+07,1.168310272e+09,4905.15,26.0,243838.0,2.0,243836.0,243836.0,11.0,0.0,0.0
2026-03-31 01:49:08,516,669755.0,62174.0,1852.0,0.0,0.0,0.0,1676.0,152.0,5.0,8.275968e+07,1.168310272e+09,4905.18,26.0,243838.0,2.0,243836.0,243836.0,11.0,0.0,0.0
2026-03-31 01:49:20,516,669755.0,62174.0,1852.0,0.0,0.0,0.0,1676.0,152.0,5.0,8.275968e+07,1.168310272e+09,4905.1900000000005,26.0,243838.0,2.0,243836.0,243836.0,11.0,0.0,0.0
2026-03-31 01:49:31,517,669755.0,62174.0,1852.0,0.0,0.0,0.0,1676.0,152.0,5.0,8.275968e+07,1.168310272e+09,4905.2,26.0,243838.0,2.0,243836.0,243836.0,11.0,0.0,0.0
2026-03-31 01:49:43,517,669755.0,62174.0,1852.0,0.0,0.0,0.0,1676.0,152.0,5.0,8.275968e+07,1.168310272e+09,4905.22,26.0,243838.0,2.0,243836.0,243836.0,11.0,0.0,0.0
2026-03-31 01:49:54,517,669755.0,62174.0,1852.0,0.0,0.0,0.0,1676.0,152.0,5.0,8.275968e+07,1.168310272e+09,4905.2300000000005,26.0,243838.0,2.0,243836.0,243836.0,11.0,0.0,0.0
2026-03-31 01:50:06,517,669755.0,62174.0,1852.0,0.0,0.0,0.0,1676.0,152.0,5.0,8.275968e+07,1.168310272e+09,4905.25,26.0,243838.0,2.0,243836.0,243836.0,11.0,0.0,0.0
2026-03-31 01:50:18,517,669755.0,62174.0,1852.0,0.0,0.0,0.0,1676.0,152.0,5.0,8.275968e+07,1.168310272e+09,4905.2699999999995,26.0,243838.0,2.0,243836.0,243836.0,11.0,0.0,0.0
2026-03-31 01:50:29,518,669755.0,62174.0,1852.0,0.0,0.0,0.0,1676.0,152.0,5.0,8.275968e+07,1.168310272e+09,4905.28,26.0,243838.0,2.0,243836.0,243836.0,11.0,0.0,0.0
2026-03-31 01:50:41,518,669755.0,62174.0,1852.0,0.0,0.0,0.0,1676.0,152.0,5.0,8.275968e+07,1.168310272e+09,4905.3,26.0,243838.0,2.0,243836.0,243836.0,11.0,0.0,0.0
2026-03-31 01:50:53,518,669755.0,62174.0,1852.0,0.0,0.0,0.0,1676.0,152.0,5.0,8.275968e+07,1.168310272e+09,4905.31,26.0,243838.0,2.0,243836.0,243836.0,11.0,0.0,0.0
2026-03-31 01:51:04,518,669755.0,62174.0,1852.0,0.0,0.0,0.0,1676.0,152.0,5.0,8.275968e+07,1.168310272e+09,4905.33,26.0,243838.0,2.0,243836.0,243836.0,11.0,0.0,0.0
2026-03-31 01:51:16,518,669755.0,62174.0,1852.0,0.0,0.0,0.0,1676.0,152.0,5.0,8.275968e+07,1.168310272e+09,4905.35,26.0,243838.0,2.0,243836.0,243836.0,11.0,0.0,0.0
2026-03-31 01:51:28,519,669755.0,62174.0,1852.0,0.0,0.0,0.0,1676.0,152.0,5.0,8.275968e+07,1.168310272e+09,4905.37,26.0,243838.0,2.0,243836.0,243836.0,11.0,0.0,0.0
2026-03-31 01:51:40,519,669755.0,62174.0,1852.0,0.0,0.0,0.0,1676.0,152.0,5.0,8.275968e+07,1.168310272e+09,4905.38,26.0,243838.0,2.0,243836.0,243836.0,11.0,0.0,0.0
2026-03-31 01:51:51,519,669755.0,62174.0,1852.0,0.0,0.0,0.0,1676.0,152.0,5.0,8.275968e+07,1.168310272e+09,4905.4,26.0,243838.0,2.0,243836.0,243836.0,11.0,0.0,0.0
2026-03-31 01:52:03,519,669755.0,62174.0,1852.0,0.0,0.0,0.0,1676.0,152.0,5.0,8.275968e+07,1.168310272e+09,4905.41,26.0,243838.0,2.0,243836.0,243836.0,11.0,0.0,0.0
2026-03-31 01:52:15,519,669755.0,62174.0,1852.0,0.0,0.0,0.0,1676.0,152.0,5.0,8.275968e+07,1.168310272e+09,4905.42,26.0,243838.0,2.0,243836.0,243836.0,11.0,0.0,0.0
2026-03-31 01:52:26,520,669755.0,62174.0,1852.0,0.0,0.0,0.0,1676.0,152.0,5.0,8.275968e+07,1.168310272e+09,4905.450000000001,26.0,243838.0,2.0,243836.0,243836.0,11.0,0.0,0.0
2026-03-31 01:52:38,520,669755.0,62174.0,1852.0,0.0,0.0,0.0,1676.0,152.0,5.0,8.275968e+07,1.168310272e+09,4905.46,26.0,243838.0,2.0,243836.0,243836.0,11.0,0.0,0.0
2026-03-31 01:52:49,520,669755.0,62174.0,1852.0,0.0,0.0,0.0,1676.0,152.0,5.0,8.275968e+07,1.168310272e+09,4905.469999999999,26.0,243838.0,2.0,243836.0,243836.0,11.0,0.0,0.0
2026-03-31 01:53:01,520,669755.0,62174.0,1852.0,0.0,0.0,0.0,1676.0,152.0,5.0,8.275968e+07,1.168310272e+09,4905.48,26.0,243838.0,2.0,243836.0,243836.0,11.0,0.0,0.0
2026-03-31 01:53:13,520,669755.0,62174.0,1852.0,0.0,0.0,0.0,1676.0,152.0,5.0,8.275968e+07,1.168310272e+09,4905.5,26.0,243838.0,2.0,243836.0,243836.0,11.0,0.0,0.0
2026-03-31 01:53:24,520,669755.0,62174.0,1852.0,0.0,0.0,0.0,1676.0,152.0,5.0,8.275968e+07,1.168310272e+09,4905.52,26.0,243838.0,2.0,243836.0,243836.0,11.0,0.0,0.0
2026-03-31 01:53:36,521,669755.0,62174.0,1852.0,0.0,0.0,0.0,1676.0,152.0,5.0,8.275968e+07,1.168310272e+09,4905.54,26.0,243838.0,2.0,243836.0,243836.0,11.0,0.0,0.0
2026-03-31 01:53:48,521,669755.0,62174.0,1852.0,0.0,0.0,0.0,1676.0,152.0,5.0,8.275968e+07,1.168310272e+09,4905.55,26.0,243838.0,2.0,243836.0,243836.0,11.0,0.0,0.0
2026-03-31 01:53:59,521,669755.0,62174.0,1852.0,0.0,0.0,0.0,1676.0,152.0,5.0,8.275968e+07,1.168310272e+09,4905.5599999999995,26.0,243838.0,2.0,243836.0,243836.0,11.0,0.0,0.0
2026-03-31 01:54:11,521,669755.0,62174.0,1852.0,0.0,0.0,0.0,1676.0,152.0,5.0,8.275968e+07,1.168310272e+09,4905.59,26.0,243838.0,2.0,243836.0,243836.0,11.0,0.0,0.0
2026-03-31 01:54:23,521,669755.0,62174.0,1852.0,0.0,0.0,0.0,1676.0,152.0,5.0,8.275968e+07,1.168310272e+09,4905.59,26.0,243838.0,2.0,243836.0,243836.0,11.0,0.0,0.0
2026-03-31 01:54:34,522,669755.0,62174.0,1852.0,0.0,0.0,0.0,1676.0,152.0,5.0,8.275968e+07,1.168310272e+09,4905.62,26.0,243838.0,2.0,243836.0,243836.0,11.0,0.0,0.0
2026-03-31 01:54:46,522,669755.0,62174.0,1852.0,0.0,0.0,0.0,1676.0,152.0,5.0,8.275968e+07,1.168310272e+09,4905.63,26.0,243838.0,2.0,243836.0,243836.0,11.0,0.0,0.0
2026-03-31 01:54:58,522,669755.0,62174.0,1852.0,0.0,0.0,0.0,1676.0,152.0,5.0,8.275968e+07,1.168310272e+09,4905.650000000001,26.0,243838.0,2.0,243836.0,243836.0,11.0,0.0,0.0
2026-03-31 01:55:09,522,669755.0,62174.0,1852.0,0.0,0.0,0.0,1676.0,152.0,5.0,8.275968e+07,1.168310272e+09,4905.66,26.0,243838.0,2.0,243836.0,243836.0,11.0,0.0,0.0
2026-03-31 01:55:21,522,669755.0,62174.0,1852.0,0.0,0.0,0.0,1676.0,152.0,5.0,8.275968e+07,1.168310272e+09,4905.68,26.0,243838.0,2.0,243836.0,243836.0,11.0,0.0,0.0
2026-03-31 01:55:33,523,669755.0,62174.0,1852.0,0.0,0.0,0.0,1676.0,152.0,5.0,8.275968e+07,1.168310272e+09,4905.7,26.0,243838.0,2.0,243836.0,243836.0,11.0,0.0,0.0
2026-03-31 01:55:44,523,669755.0,62174.0,1852.0,0.0,0.0,0.0,1676.0,152.0,5.0,8.275968e+07,1.168310272e+09,4905.71,26.0,243838.0,2.0,243836.0,243836.0,11.0,0.0,0.0
2026-03-31 01:55:56,523,669755.0,62174.0,1852.0,0.0,0.0,0.0,1676.0,152.0,5.0,8.275968e+07,1.168310272e+09,4905.72,26.0,243838.0,2.0,243836.0,243836.0,11.0,0.0,0.0
2026-03-31 01:56:08,523,669755.0,62174.0,1852.0,0.0,0.0,0.0,1676.0,152.0,5.0,8.275968e+07,1.168310272e+09,4905.74,26.0,243838.0,2.0,243836.0,243836.0,11.0,0.0,0.0
2026-03-31 01:56:20,523,669755.0,62174.0,1852.0,0.0,0.0,0.0,1676.0,152.0,5.0,8.275968e+07,1.168310272e+09,4905.75,26.0,243838.0,2.0,243836.0,243836.0,11.0,0.0,0.0
2026-03-31 01:56:31,524,669755.0,62174.0,1852.0,0.0,0.0,0.0,1676.0,152.0,5.0,7.5419648e+07,1.168310272e+09,4905.77,26.0,243838.0,2.0,243836.0,243836.0,11.0,0.0,0.0
2026-03-31 01:56:43,524,669755.0,62174.0,1852.0,0.0,0.0,0.0,1676.0,152.0,5.0,7.5419648e+07,1.168310272e+09,4905.780000000001,26.0,243838.0,2.0,243836.0,243836.0,11.0,0.0,0.0
2026-03-31 01:56:55,524,669755.0,62174.0,1852.0,0.0,0.0,0.0,1676.0,152.0,5.0,7.5419648e+07,1.168310272e+09,4905.8,26.0,243838.0,2.0,243836.0,243836.0,11.0,0.0,0.0
2026-03-31 01:57:06,524,669755.0,62174.0,1852.0,0.0,0.0,0.0,1676.0,152.0,5.0,7.5419648e+07,1.168310272e+09,4905.81,26.0,243838.0,2.0,243836.0,243836.0,11.0,0.0,0.0
2026-03-31 01:57:18,524,669755.0,62174.0,1852.0,0.0,0.0,0.0,1676.0,152.0,5.0,7.5419648e+07,1.168310272e+09,4905.83,26.0,243838.0,2.0,243836.0,243836.0,11.0,0.0,0.0
2026-03-31 01:57:30,525,669755.0,62174.0,1852.0,0.0,0.0,0.0,1676.0,152.0,5.0,7.5419648e+07,1.168310272e+09,4905.84,26.0,243838.0,2.0,243836.0,243836.0,11.0,0.0,0.0
2026-03-31 01:57:41,525,669755.0,62174.0,1852.0,0.0,0.0,0.0,1676.0,152.0,5.0,7.5157504e+07,1.168310272e+09,4905.860000000001,26.0,243838.0,2.0,243836.0,243836.0,11.0,0.0,0.0
2026-03-31 01:57:53,525,669755.0,62174.0,1852.0,0.0,0.0,0.0,1676.0,152.0,5.0,7.4633216e+07,1.168310272e+09,4905.870000000001,26.0,243838.0,2.0,243836.0,243836.0,11.0,0.0,0.0
2026-03-31 01:58:05,525,669755.0,62174.0,1852.0,0.0,0.0,0.0,1676.0,152.0,5.0,7.4633216e+07,1.168310272e+09,4905.889999999999,26.0,243838.0,2.0,243836.0,243836.0,11.0,0.0,0.0
2026-03-31 01:58:16,525,669755.0,62174.0,1852.0,0.0,0.0,0.0,1676.0,152.0,5.0,7.4633216e+07,1.168310272e+09,4905.91,26.0,243838.0,2.0,243836.0,243836.0,11.0,0.0,0.0
2026-03-31 01:58:28,526,669755.0,62174.0,1852.0,0.0,0.0,0.0,1676.0,152.0,5.0,7.4633216e+07,1.168310272e+09,4905.92,26.0,243838.0,2.0,243836.0,243836.0,11.0,0.0,0.0
2026-03-31 01:58:40,526,669755.0,62174.0,1852.0,0.0,0.0,0.0,1676.0,152.0,5.0,7.4633216e+07,1.168310272e+09,4905.9400000000005,26.0,243838.0,2.0,243836.0,243836.0,11.0,0.0,0.0
2026-03-31 01:58:51,526,669755.0,62174.0,1852.0,0.0,0.0,0.0,1676.0,152.0,5.0,7.4633216e+07,1.168310272e+09,4905.96,26.0,243838.0,2.0,243836.0,243836.0,11.0,0.0,0.0
2026-03-31 01:59:03,526,669755.0,62174.0,1852.0,0.0,0.0,0.0,1676.0,152.0,5.0,7.4633216e+07,1.168310272e+09,4905.97,26.0,243838.0,2.0,243836.0,243836.0,11.0,0.0,0.0
2026-03-31 01:59:14,526,669755.0,62174.0,1852.0,0.0,0.0,0.0,1676.0,152.0,5.0,7.4633216e+07,1.168310272e+09,4905.99,26.0,243838.0,2.0,243836.0,243836.0,11.0,0.0,0.0
2026-03-31 01:59:26,527,669755.0,62174.0,1852.0,0.0,0.0,0.0,1676.0,152.0,5.0,7.4633216e+07,1.168310272e+09,4906.0,26.0,243838.0,2.0,243836.0,243836.0,11.0,0.0,0.0
2026-03-31 01:59:38,527,669755.0,62174.0,1852.0,0.0,0.0,0.0,1676.0,152.0,5.0,7.4633216e+07,1.168310272e+09,4906.0199999999995,26.0,243838.0,2.0,243836.0,243836.0,11.0,0.0,0.0
2026-03-31 01:59:49,527,669755.0,62174.0,1852.0,0.0,0.0,0.0,1676.0,152.0,5.0,7.4633216e+07,1.168310272e+09,4906.03,26.0,243838.0,2.0,243836.0,243836.0,11.0,0.0,0.0
2026-03-31 02:00:01,527,669755.0,62174.0,1852.0,0.0,0.0,0.0,1676.0,152.0,5.0,7.4633216e+07,1.168310272e+09,4906.05,26.0,243838.0,2.0,243836.0,243836.0,11.0,0.0,0.0
2026-03-31 02:00:13,527,669755.0,62174.0,1852.0,0.0,0.0,0.0,1676.0,152.0,5.0,7.4633216e+07,1.168310272e+09,4906.06,26.0,243838.0,2.0,243836.0,243836.0,11.0,0.0,0.0
2026-03-31 02:00:24,527,669755.0,62174.0,1852.0,0.0,0.0,0.0,1676.0,152.0,5.0,7.4633216e+07,1.168310272e+09,4906.08,26.0,243838.0,2.0,243836.0,243836.0,11.0,0.0,0.0
2026-03-31 02:00:36,528,669755.0,62174.0,1852.0,0.0,0.0,0.0,1676.0,152.0,5.0,7.4371072e+07,1.168310272e+09,4906.09,26.0,243838.0,2.0,243836.0,243836.0,11.0,0.0,0.0
2026-03-31 02:00:48,528,669755.0,62174.0,1852.0,0.0,0.0,0.0,1676.0,152.0,5.0,7.4371072e+07,1.168310272e+09,4906.110000000001,26.0,243838.0,2.0,243836.0,243836.0,11.0,0.0,0.0
2026-03-31 02:00:59,528,669755.0,62174.0,1852.0,0.0,0.0,0.0,1676.0,152.0,5.0,7.4371072e+07,1.168310272e+09,4906.129999999999,26.0,243838.0,2.0,243836.0,243836.0,11.0,0.0,0.0
2026-03-31 02:01:11,528,669755.0,62174.0,1852.0,0.0,0.0,0.0,1676.0,152.0,5.0,7.4371072e+07,1.168310272e+09,4906.139999999999,26.0,243838.0,2.0,243836.0,243836.0,11.0,0.0,0.0
2026-03-31 02:01:23,528,669755.0,62174.0,1852.0,0.0,0.0,0.0,1676.0,152.0,5.0,7.4371072e+07,1.168310272e+09,4906.16,26.0,243838.0,2.0,243836.0,243836.0,11.0,0.0,0.0
2026-03-31 02:01:34,529,669755.0,62174.0,1852.0,0.0,0.0,0.0,1676.0,152.0,5.0,7.4371072e+07,1.168310272e+09,4906.18,26.0,243838.0,2.0,243836.0,243836.0,11.0,0.0,0.0
2026-03-31 02:01:46,529,669755.0,62174.0,1852.0,0.0,0.0,0.0,1676.0,152.0,5.0,7.4371072e+07,1.168310272e+09,4906.1900000000005,26.0,243838.0,2.0,243836.0,243836.0,11.0,0.0,0.0
2026-03-31 02:01:58,529,669755.0,62174.0,1852.0,0.0,0.0,0.0,1676.0,152.0,5.0,7.4371072e+07,1.168310272e+09,4906.200000000001,26.0,243838.0,2.0,243836.0,243836.0,11.0,0.0,0.0
2026-03-31 02:02:09,529,669755.0,62174.0,1852.0,0.0,0.0,0.0,1676.0,152.0,5.0,7.4371072e+07,1.168310272e+09,4906.219999999999,26.0,243838.0,2.0,243836.0,243836.0,11.0,0.0,0.0
2026-03-31 02:02:21,529,669755.0,62174.0,1852.0,0.0,0.0,0.0,1676.0,152.0,5.0,7.4371072e+07,1.168310272e+09,4906.23,26.0,243838.0,2.0,243836.0,243836.0,11.0,0.0,0.0
2026-03-31 02:02:32,530,669755.0,62174.0,1852.0,0.0,0.0,0.0,1676.0,152.0,5.0,7.4371072e+07,1.168310272e+09,4906.26,26.0,243838.0,2.0,243836.0,243836.0,11.0,0.0,0.0
2026-03-31 02:02:44,530,669755.0,62174.0,1852.0,0.0,0.0,0.0,1676.0,152.0,5.0,7.4371072e+07,1.168310272e+09,4906.26,26.0,243838.0,2.0,243836.0,243836.0,11.0,0.0,0.0
2026-03-31 02:02:56,530,669755.0,62174.0,1852.0,0.0,0.0,0.0,1676.0,152.0,5.0,7.4371072e+07,1.168310272e+09,4906.28,26.0,243838.0,2.0,243836.0,243836.0,11.0,0.0,0.0
2026-03-31 02:03:07,530,669755.0,62174.0,1852.0,0.0,0.0,0.0,1676.0,152.0,5.0,7.4371072e+07,1.168310272e+09,4906.29,26.0,243838.0,2.0,243836.0,243836.0,11.0,0.0,0.0
2026-03-31 02:03:19,530,669755.0,62174.0,1852.0,0.0,0.0,0.0,1676.0,152.0,5.0,7.4371072e+07,1.168310272e+09,4906.31,26.0,243838.0,2.0,243836.0,243836.0,11.0,0.0,0.0
2026-03-31 02:03:31,531,669755.0,62174.0,1852.0,0.0,0.0,0.0,1676.0,152.0,5.0,7.4371072e+07,1.168310272e+09,4906.33,26.0,243838.0,2.0,243836.0,243836.0,11.0,0.0,0.0
2026-03-31 02:03:42,531,669755.0,62174.0,1852.0,0.0,0.0,0.0,1676.0,152.0,5.0,7.4371072e+07,1.168310272e+09,4906.34,26.0,243838.0,2.0,243836.0,243836.0,11.0,0.0,0.0
2026-03-31 02:03:54,531,669755.0,62174.0,1852.0,0.0,0.0,0.0,1676.0,152.0,5.0,7.4371072e+07,1.168310272e+09,4906.35,26.0,243838.0,2.0,243836.0,243836.0,11.0,0.0,0.0
2026-03-31 02:04:05,531,669755.0,62174.0,1852.0,0.0,0.0,0.0,1676.0,152.0,5.0,7.4371072e+07,1.168310272e+09,4906.37,26.0,243838.0,2.0,243836.0,243836.0,11.0,0.0,0.0
2026-03-31 02:04:17,531,669755.0,62174.0,1852.0,0.0,0.0,0.0,1676.0,152.0,5.0,7.4371072e+07,1.168310272e+09,4906.39,26.0,243838.0,2.0,243836.0,243836.0,11.0,0.0,0.0
2026-03-31 02:04:29,532,669755.0,62174.0,1852.0,0.0,0.0,0.0,1676.0,152.0,5.0,7.4371072e+07,1.168310272e+09,4906.4,26.0,243838.0,2.0,243836.0,243836.0,11.0,0.0,0.0
2026-03-31 02:04:40,532,669755.0,62174.0,1852.0,0.0,0.0,0.0,1676.0,152.0,5.0,7.4371072e+07,1.168310272e+09,4906.41,26.0,243838.0,2.0,243836.0,243836.0,11.0,0.0,0.0
2026-03-31 02:04:52,532,669755.0,62174.0,1852.0,0.0,0.0,0.0,1676.0,152.0,5.0,7.4371072e+07,1.168310272e+09,4906.43,26.0,243838.0,2.0,243836.0,243836.0,11.0,0.0,0.0
2026-03-31 02:05:04,532,669755.0,62174.0,1852.0,0.0,0.0,0.0,1676.0,152.0,5.0,7.4371072e+07,1.168310272e+09,4906.4400000000005,26.0,243838.0,2.0,243836.0,243836.0,11.0,0.0,0.0
2026-03-31 02:05:15,532,669755.0,62174.0,1852.0,0.0,0.0,0.0,1676.0,152.0,5.0,7.4371072e+07,1.168310272e+09,4906.459999999999,26.0,243838.0,2.0,243836.0,243836.0,11.0,0.0,0.0
2026-03-31 02:05:27,533,669755.0,62174.0,1852.0,0.0,0.0,0.0,1676.0,152.0,5.0,7.4371072e+07,1.168310272e+09,4906.48,26.0,243838.0,2.0,243836.0,243836.0,11.0,0.0,0.0
2026-03-31 02:05:39,533,669755.0,62174.0,1852.0,0.0,0.0,0.0,1676.0,152.0,5.0,7.4371072e+07,1.168310272e+09,4906.49,26.0,243838.0,2.0,243836.0,243836.0,11.0,0.0,0.0
2026-03-31 02:05:50,533,669755.0,62174.0,1852.0,0.0,0.0,0.0,1676.0,152.0,5.0,7.4371072e+07,1.168310272e+09,4906.509999999999,26.0,243838.0,2.0,243836.0,243836.0,11.0,0.0,0.0
2026-03-31 02:06:02,533,669755.0,62174.0,1852.0,0.0,0.0,0.0,1676.0,152.0,5.0,7.4371072e+07,1.168310272e+09,4906.5199999999995,26.0,243838.0,2.0,243836.0,243836.0,11.0,0.0,0.0
2026-03-31 02:06:13,533,669755.0,62174.0,1852.0,0.0,0.0,0.0,1676.0,152.0,5.0,7.4371072e+07,1.168310272e+09,4906.54,26.0,243838.0,2.0,243836.0,243836.0,11.0,0.0,0.0
2026-03-31 02:06:25,534,669755.0,62174.0,1852.0,0.0,0.0,0.0,1676.0,152.0,5.0,7.4371072e+07,1.168310272e+09,4906.55,26.0,243838.0,2.0,243836.0,243836.0,11.0,0.0,0.0
2026-03-31 02:06:37,534,669755.0,62174.0,1852.0,0.0,0.0,0.0,1676.0,152.0,5.0,7.4371072e+07,1.168310272e+09,4906.570000000001,26.0,243838.0,2.0,243836.0,243836.0,11.0,0.0,0.0
2026-03-31 02:06:49,534,669755.0,62174.0,1852.0,0.0,0.0,0.0,1676.0,152.0,5.0,7.4371072e+07,1.168310272e+09,4906.58,26.0,243838.0,2.0,243836.0,243836.0,11.0,0.0,0.0
2026-03-31 02:07:00,534,669755.0,62174.0,1852.0,0.0,0.0,0.0,1676.0,152.0,5.0,7.4371072e+07,1.168310272e+09,4906.6,26.0,243838.0,2.0,243836.0,243836.0,11.0,0.0,0.0
2026-03-31 02:07:12,534,669755.0,62174.0,1852.0,0.0,0.0,0.0,1676.0,152.0,5.0,7.4371072e+07,1.168310272e+09,4906.610000000001,26.0,243838.0,2.0,243836.0,243836.0,11.0,0.0,0.0
2026-03-31 02:07:24,534,669755.0,62174.0,1852.0,0.0,0.0,0.0,1676.0,152.0,5.0,7.4371072e+07,1.168310272e+09,4906.63,26.0,243838.0,2.0,243836.0,243836.0,11.0,0.0,0.0
2026-03-31 02:07:35,535,669755.0,62174.0,1852.0,0.0,0.0,0.0,1676.0,152.0,5.0,7.4371072e+07,1.168310272e+09,4906.639999999999,26.0,243838.0,2.0,243836.0,243836.0,11.0,0.0,0.0
2026-03-31 02:07:47,535,669755.0,62174.0,1852.0,0.0,0.0,0.0,1676.0,152.0,5.0,7.4371072e+07,1.168310272e+09,4906.66,26.0,243838.0,2.0,243836.0,243836.0,11.0,0.0,0.0
2026-03-31 02:07:59,535,669755.0,62174.0,1852.0,0.0,0.0,0.0,1676.0,152.0,5.0,7.4371072e+07,1.168310272e+09,4906.68,26.0,243838.0,2.0,243836.0,243836.0,11.0,0.0,0.0
2026-03-31 02:08:10,535,669755.0,62174.0,1852.0,0.0,0.0,0.0,1676.0,152.0,5.0,7.4371072e+07,1.168310272e+09,4906.69,26.0,243838.0,2.0,243836.0,243836.0,11.0,0.0,0.0
2026-03-31 02:08:22,535,669755.0,62174.0,1852.0,0.0,0.0,0.0,1676.0,152.0,5.0,7.4371072e+07,1.168310272e+09,4906.71,26.0,243838.0,2.0,243836.0,243836.0,11.0,0.0,0.0
2026-03-31 02:08:33,536,669755.0,62174.0,1852.0,0.0,0.0,0.0,1676.0,152.0,5.0,7.4371072e+07,1.168310272e+09,4906.72,26.0,243838.0,2.0,243836.0,243836.0,11.0,0.0,0.0
2026-03-31 02:08:45,536,669755.0,62174.0,1852.0,0.0,0.0,0.0,1676.0,152.0,5.0,7.4371072e+07,1.168310272e+09,4906.740000000001,26.0,243838.0,2.0,243836.0,243836.0,11.0,0.0,0.0
2026-03-31 02:08:57,536,669755.0,62174.0,1852.0,0.0,0.0,0.0,1676.0,152.0,5.0,7.4371072e+07,1.168310272e+09,4906.75,26.0,243838.0,2.0,243836.0,243836.0,11.0,0.0,0.0
2026-03-31 02:09:08,536,669755.0,62174.0,1852.0,0.0,0.0,0.0,1676.0,152.0,5.0,7.4371072e+07,1.168310272e+09,4906.77,26.0,243838.0,2.0,243836.0,243836.0,11.0,0.0,0.0
2026-03-31 02:09:20,536,669755.0,62174.0,1852.0,0.0,0.0,0.0,1676.0,152.0,5.0,7.4371072e+07,1.168310272e+09,4906.79,26.0,243838.0,2.0,243836.0,243836.0,11.0,0.0,0.0
2026-03-31 02:09:31,537,669755.0,62174.0,1852.0,0.0,0.0,0.0,1676.0,152.0,5.0,7.4371072e+07,1.168310272e+09,4906.8,26.0,243838.0,2.0,243836.0,243836.0,11.0,0.0,0.0
2026-03-31 02:09:43,537,669755.0,62174.0,1852.0,0.0,0.0,0.0,1676.0,152.0,5.0,7.4371072e+07,1.168310272e+09,4906.8099999999995,26.0,243838.0,2.0,243836.0,243836.0,11.0,0.0,0.0
2026-03-31 02:09:55,537,669755.0,62174.0,1852.0,0.0,0.0,0.0,1676.0,152.0,5.0,7.4371072e+07,1.168310272e+09,4906.83,26.0,243838.0,2.0,243836.0,243836.0,11.0,0.0,0.0
2026-03-31 02:10:06,537,669755.0,62174.0,1852.0,0.0,0.0,0.0,1676.0,152.0,5.0,7.4371072e+07,1.168310272e+09,4906.84,26.0,243838.0,2.0,243836.0,243836.0,11.0,0.0,0.0
2026-03-31 02:10:18,537,669755.0,62174.0,1852.0,0.0,0.0,0.0,1676.0,152.0,5.0,7.4371072e+07,1.168310272e+09,4906.860000000001,26.0,243838.0,2.0,243836.0,243836.0,11.0,0.0,0.0
2026-03-31 02:10:30,538,669755.0,62174.0,1852.0,0.0,0.0,0.0,1676.0,152.0,5.0,7.4371072e+07,1.168310272e+09,4906.879999999999,26.0,243838.0,2.0,243836.0,243836.0,11.0,0.0,0.0
2026-03-31 02:10:41,538,669755.0,62174.0,1852.0,0.0,0.0,0.0,1676.0,152.0,5.0,7.4371072e+07,1.168310272e+09,4906.889999999999,26.0,243838.0,2.0,243836.0,243836.0,11.0,0.0,0.0
2026-03-31 02:10:53,538,669755.0,62174.0,1852.0,0.0,0.0,0.0,1676.0,152.0,5.0,7.4371072e+07,1.168310272e+09,4906.91,26.0,243838.0,2.0,243836.0,243836.0,11.0,0.0,0.0
2026-03-31 02:11:04,538,669755.0,62174.0,1852.0,0.0,0.0,0.0,1676.0,152.0,5.0,7.4371072e+07,1.168310272e+09,4906.92,26.0,243838.0,2.0,243836.0,243836.0,11.0,0.0,0.0
2026-03-31 02:11:16,538,669755.0,62174.0,1852.0,0.0,0.0,0.0,1676.0,152.0,5.0,7.4371072e+07,1.168310272e+09,4906.94,26.0,243838.0,2.0,243836.0,243836.0,11.0,0.0,0.0
2026-03-31 02:11:28,539,669755.0,62174.0,1852.0,0.0,0.0,0.0,1676.0,152.0,5.0,7.4371072e+07,1.168310272e+09,4906.96,26.0,243838.0,2.0,243836.0,243836.0,11.0,0.0,0.0
2026-03-31 02:11:39,539,669755.0,62174.0,1852.0,0.0,0.0,0.0,1676.0,152.0,5.0,7.4371072e+07,1.168310272e+09,4906.97,26.0,243838.0,2.0,243836.0,243836.0,11.0,0.0,0.0
2026-03-31 02:11:51,539,669755.0,62174.0,1852.0,0.0,0.0,0.0,1676.0,152.0,5.0,7.4371072e+07,1.168310272e+09,4906.990000000001,26.0,243838.0,2.0,243836.0,243836.0,11.0,0.0,0.0
2026-03-31 02:12:03,539,669755.0,62174.0,1852.0,0.0,0.0,0.0,1676.0,152.0,5.0,7.4371072e+07,1.168310272e+09,4907.009999999999,26.0,243838.0,2.0,243836.0,243836.0,11.0,0.0,0.0
2026-03-31 02:12:14,539,669755.0,62174.0,1852.0,0.0,0.0,0.0,1676.0,152.0,5.0,7.4371072e+07,1.168310272e+09,4907.0199999999995,26.0,243838.0,2.0,243836.0,243836.0,11.0,0.0,0.0
2026-03-31 02:12:26,540,669755.0,62174.0,1852.0,0.0,0.0,0.0,1676.0,152.0,5.0,7.4371072e+07,1.168310272e+09,4907.04,26.0,243838.0,2.0,243836.0,243836.0,11.0,0.0,0.0
2026-03-31 02:12:38,540,669755.0,62174.0,1852.0,0.0,0.0,0.0,1676.0,152.0,5.0,7.4371072e+07,1.168310272e+09,4907.05,26.0,243838.0,2.0,243836.0,243836.0,11.0,0.0,0.0
2026-03-31 02:12:49,540,669755.0,62174.0,1852.0,0.0,0.0,0.0,1676.0,152.0,5.0,7.4371072e+07,1.168310272e+09,4907.0599999999995,26.0,243838.0,2.0,243836.0,243836.0,11.0,0.0,0.0
2026-03-31 02:13:01,540,669755.0,62174.0,1852.0,0.0,0.0,0.0,1676.0,152.0,5.0,7.4371072e+07,1.168310272e+09,4907.09,26.0,243838.0,2.0,243836.0,243836.0,11.0,0.0,0.0
2026-03-31 02:13:13,540,669755.0,62174.0,1852.0,0.0,0.0,0.0,1676.0,152.0,5.0,7.4371072e+07,1.168310272e+09,4907.1,26.0,243838.0,2.0,243836.0,243836.0,11.0,0.0,0.0
2026-03-31 02:13:25,541,669755.0,62174.0,1852.0,0.0,0.0,0.0,1676.0,152.0,5.0,7.4371072e+07,1.168310272e+09,4907.12,26.0,243838.0,2.0,243836.0,243836.0,11.0,0.0,0.0
2026-03-31 02:13:37,541,669755.0,62174.0,1852.0,0.0,0.0,0.0,1676.0,152.0,5.0,7.4371072e+07,1.168310272e+09,4907.13,26.0,243838.0,2.0,243836.0,243836.0,11.0,0.0,0.0
2026-03-31 02:13:49,541,669755.0,62174.0,1852.0,0.0,0.0,0.0,1676.0,152.0,5.0,7.4371072e+07,1.168310272e+09,4907.14,26.0,243838.0,2.0,243836.0,243836.0,11.0,0.0,0.0
2026-03-31 02:14:01,541,669755.0,62174.0,1852.0,0.0,0.0,0.0,1676.0,152.0,5.0,7.4371072e+07,1.168310272e+09,4907.16,26.0,243838.0,2.0,243836.0,243836.0,11.0,0.0,0.0
2026-03-31 02:14:13,541,669755.0,62174.0,1852.0,0.0,0.0,0.0,1676.0,152.0,5.0,7.4371072e+07,1.168310272e+09,4907.179999999999,26.0,243838.0,2.0,243836.0,243836.0,11.0,0.0,0.0
2026-03-31 02:14:25,542,669755.0,62174.0,1852.0,0.0,0.0,0.0,1676.0,152.0,5.0,7.4371072e+07,1.168310272e+09,4907.19,26.0,243838.0,2.0,243836.0,243836.0,11.0,0.0,0.0
2026-03-31 02:14:37,542,669755.0,62174.0,1852.0,0.0,0.0,0.0,1676.0,152.0,5.0,7.4371072e+07,1.168310272e+09,4907.21,26.0,243838.0,2.0,243836.0,243836.0,11.0,0.0,0.0
2026-03-31 02:14:49,542,669755.0,62174.0,1852.0,0.0,0.0,0.0,1676.0,152.0,5.0,7.4371072e+07,1.168310272e+09,4907.22,26.0,243838.0,2.0,243836.0,243836.0,11.0,0.0,0.0
2026-03-31 02:15:01,542,669755.0,62174.0,1852.0,0.0,0.0,0.0,1676.0,152.0,5.0,7.4371072e+07,1.168310272e+09,4907.24,26.0,243838.0,2.0,243836.0,243836.0,11.0,0.0,0.0
2026-03-31 02:15:13,542,669755.0,62174.0,1852.0,0.0,0.0,0.0,1676.0,152.0,5.0,7.4371072e+07,1.168310272e+09,4907.25,26.0,243838.0,2.0,243836.0,243836.0,11.0,0.0,0.0
2026-03-31 02:15:25,543,669755.0,62174.0,1852.0,0.0,0.0,0.0,1676.0,152.0,5.0,7.4371072e+07,1.168310272e+09,4907.27,26.0,243838.0,2.0,243836.0,243836.0,11.0,0.0,0.0
2026-03-31 02:15:37,543,669755.0,62174.0,1852.0,0.0,0.0,0.0,1676.0,152.0,5.0,7.4371072e+07,1.168310272e+09,4907.29,26.0,243838.0,2.0,243836.0,243836.0,11.0,0.0,0.0
2026-03-31 02:15:49,543,669755.0,62174.0,1852.0,0.0,0.0,0.0,1676.0,152.0,5.0,7.4371072e+07,1.168310272e+09,4907.3,26.0,243838.0,2.0,243836.0,243836.0,11.0,0.0,0.0
2026-03-31 02:16:01,543,669755.0,62174.0,1852.0,0.0,0.0,0.0,1676.0,152.0,5.0,7.4371072e+07,1.168310272e+09,4907.32,26.0,243838.0,2.0,243836.0,243836.0,11.0,0.0,0.0
2026-03-31 02:16:13,543,669755.0,62174.0,1852.0,0.0,0.0,0.0,1676.0,152.0,5.0,7.4371072e+07,1.168310272e+09,4907.34,26.0,243838.0,2.0,243836.0,243836.0,11.0,0.0,0.0
2026-03-31 02:16:25,544,669755.0,62174.0,1852.0,0.0,0.0,0.0,1676.0,152.0,5.0,7.4371072e+07,1.168310272e+09,4907.360000000001,26.0,243838.0,2.0,243836.0,243836.0,11.0,0.0,0.0
2026-03-31 02:16:37,544,669755.0,62174.0,1852.0,0.0,0.0,0.0,1676.0,152.0,5.0,7.4371072e+07,1.168310272e+09,4907.370000000001,26.0,243838.0,2.0,243836.0,243836.0,11.0,0.0,0.0
2026-03-31 02:16:48,544,669755.0,62174.0,1852.0,0.0,0.0,0.0,1676.0,152.0,5.0,7.4371072e+07,1.168310272e+09,4907.389999999999,26.0,243838.0,2.0,243836.0,243836.0,11.0,0.0,0.0
2026-03-31 02:17:00,544,669755.0,62174.0,1852.0,0.0,0.0,0.0,1676.0,152.0,5.0,7.4371072e+07,1.168310272e+09,4907.4,26.0,243838.0,2.0,243836.0,243836.0,11.0,0.0,0.0
2026-03-31 02:17:12,544,669755.0,62174.0,1852.0,0.0,0.0,0.0,1676.0,152.0,5.0,7.4371072e+07,1.168310272e+09,4907.42,26.0,243838.0,2.0,243836.0,243836.0,11.0,0.0,0.0
2026-03-31 02:17:24,544,669755.0,62174.0,1852.0,0.0,0.0,0.0,1676.0,152.0,5.0,7.4371072e+07,1.168310272e+09,4907.44,26.0,243838.0,2.0,243836.0,243836.0,11.0,0.0,0.0
2026-03-31 02:17:36,545,669755.0,62174.0,1852.0,0.0,0.0,0.0,1676.0,152.0,5.0,7.4371072e+07,1.168310272e+09,4907.45,26.0,243838.0,2.0,243836.0,243836.0,11.0,0.0,0.0
2026-03-31 02:17:47,545,669755.0,62174.0,1852.0,0.0,0.0,0.0,1676.0,152.0,5.0,7.4371072e+07,1.168310272e+09,4907.47,26.0,243838.0,2.0,243836.0,243836.0,11.0,0.0,0.0
2026-03-31 02:17:59,545,669755.0,62174.0,1852.0,0.0,0.0,0.0,1676.0,152.0,5.0,7.4371072e+07,1.168310272e+09,4907.4800000000005,26.0,243838.0,2.0,243836.0,243836.0,11.0,0.0,0.0
2026-03-31 02:18:11,545,669755.0,62174.0,1852.0,0.0,0.0,0.0,1676.0,152.0,5.0,7.4371072e+07,1.168310272e+09,4907.5,26.0,243838.0,2.0,243836.0,243836.0,11.0,0.0,0.0
2026-03-31 02:18:22,545,669755.0,62174.0,1852.0,0.0,0.0,0.0,1676.0,152.0,5.0,7.4371072e+07,1.168310272e+09,4907.51,26.0,243838.0,2.0,243836.0,243836.0,11.0,0.0,0.0
2026-03-31 02:18:34,546,669755.0,62174.0,1852.0,0.0,0.0,0.0,1676.0,152.0,5.0,7.4371072e+07,1.168310272e+09,4907.52,26.0,243838.0,2.0,243836.0,243836.0,11.0,0.0,0.0
2026-03-31 02:18:46,546,669755.0,62174.0,1852.0,0.0,0.0,0.0,1676.0,152.0,5.0,7.4371072e+07,1.168310272e+09,4907.549999999999,26.0,243838.0,2.0,243836.0,243836.0,11.0,0.0,0.0
2026-03-31 02:18:58,546,669755.0,62174.0,1852.0,0.0,0.0,0.0,1676.0,152.0,5.0,7.4371072e+07,1.168310272e+09,4907.5599999999995,26.0,243838.0,2.0,243836.0,243836.0,11.0,0.0,0.0
2026-03-31 02:19:10,546,669755.0,62174.0,1852.0,0.0,0.0,0.0,1676.0,152.0,5.0,7.4371072e+07,1.168310272e+09,4907.57,26.0,243838.0,2.0,243836.0,243836.0,11.0,0.0,0.0
2026-03-31 02:19:21,546,669755.0,62174.0,1852.0,0.0,0.0,0.0,1676.0,152.0,5.0,7.4371072e+07,1.168310272e+09,4907.59,26.0,243838.0,2.0,243836.0,243836.0,11.0,0.0,0.0
2026-03-31 02:19:33,547,669755.0,62174.0,1852.0,0.0,0.0,0.0,1676.0,152.0,5.0,7.4371072e+07,1.168310272e+09,4907.610000000001,26.0,243838.0,2.0,243836.0,243836.0,11.0,0.0,0.0
2026-03-31 02:19:45,547,669755.0,62174.0,1852.0,0.0,0.0,0.0,1676.0,152.0,5.0,7.4371072e+07,1.168310272e+09,4907.62,26.0,243838.0,2.0,243836.0,243836.0,11.0,0.0,0.0
2026-03-31 02:19:57,547,669755.0,62174.0,1852.0,0.0,0.0,0.0,1676.0,152.0,5.0,7.4371072e+07,1.168310272e+09,4907.629999999999,26.0,243838.0,2.0,243836.0,243836.0,11.0,0.0,0.0
2026-03-31 02:20:08,547,669755.0,62174.0,1852.0,0.0,0.0,0.0,1676.0,152.0,5.0,7.4371072e+07,1.168310272e+09,4907.65,26.0,243838.0,2.0,243836.0,243836.0,11.0,0.0,0.0
2026-03-31 02:20:20,547,669755.0,62174.0,1852.0,0.0,0.0,0.0,1676.0,152.0,5.0,7.4371072e+07,1.168310272e+09,4907.67,26.0,243838.0,2.0,243836.0,243836.0,11.0,0.0,0.0
2026-03-31 02:20:32,548,669755.0,62174.0,1852.0,0.0,0.0,0.0,1676.0,152.0,5.0,7.4371072e+07,1.168310272e+09,4907.6900000000005,26.0,243838.0,2.0,243836.0,243836.0,11.0,0.0,0.0
2026-03-31 02:20:43,548,669755.0,62174.0,1852.0,0.0,0.0,0.0,1676.0,152.0,5.0,7.4371072e+07,1.168310272e+09,4907.6900000000005,26.0,243838.0,2.0,243836.0,243836.0,11.0,0.0,0.0
2026-03-31 02:20:55,548,669755.0,62174.0,1852.0,0.0,0.0,0.0,1676.0,152.0,5.0,7.4371072e+07,1.168310272e+09,4907.71,26.0,243838.0,2.0,243836.0,243836.0,11.0,0.0,0.0
2026-03-31 02:21:07,548,669755.0,62174.0,1852.0,0.0,0.0,0.0,1676.0,152.0,5.0,7.4371072e+07,1.168310272e+09,4907.73,26.0,243838.0,2.0,243836.0,243836.0,11.0,0.0,0.0
2026-03-31 02:21:19,548,669755.0,62174.0,1852.0,0.0,0.0,0.0,1676.0,152.0,5.0,7.4371072e+07,1.168310272e+09,4907.75,26.0,243838.0,2.0,243836.0,243836.0,11.0,0.0,0.0
2026-03-31 02:21:31,549,669755.0,62174.0,1852.0,0.0,0.0,0.0,1676.0,152.0,5.0,7.4371072e+07,1.168310272e+09,4907.76,26.0,243838.0,2.0,243836.0,243836.0,11.0,0.0,0.0
2026-03-31 02:21:42,549,669755.0,62174.0,1852.0,0.0,0.0,0.0,1676.0,152.0,5.0,7.4371072e+07,1.168310272e+09,4907.7699999999995,26.0,243838.0,2.0,243836.0,243836.0,11.0,0.0,0.0
2026-03-31 02:21:54,549,669755.0,62174.0,1852.0,0.0,0.0,0.0,1676.0,152.0,5.0,7.4371072e+07,1.168310272e+09,4907.79,26.0,243838.0,2.0,243836.0,243836.0,11.0,0.0,0.0
2026-03-31 02:22:06,549,669755.0,62174.0,1852.0,0.0,0.0,0.0,1676.0,152.0,5.0,7.4371072e+07,1.168310272e+09,4907.81,26.0,243838.0,2.0,243836.0,243836.0,11.0,0.0,0.0
2026-03-31 02:22:17,549,669755.0,62174.0,1852.0,0.0,0.0,0.0,1676.0,152.0,5.0,7.4371072e+07,1.168310272e+09,4907.83,26.0,243838.0,2.0,243836.0,243836.0,11.0,0.0,0.0
2026-03-31 02:22:29,550,669755.0,62174.0,1852.0,0.0,0.0,0.0,1676.0,152.0,5.0,7.4371072e+07,1.168310272e+09,4907.84,26.0,243838.0,2.0,243836.0,243836.0,11.0,0.0,0.0
2026-03-31 02:22:41,550,669755.0,62174.0,1852.0,0.0,0.0,0.0,1676.0,152.0,5.0,7.4371072e+07,1.168310272e+09,4907.85,26.0,243838.0,2.0,243836.0,243836.0,11.0,0.0,0.0
2026-03-31 02:22:53,550,669755.0,62174.0,1852.0,0.0,0.0,0.0,1676.0,152.0,5.0,7.4371072e+07,1.168310272e+09,4907.870000000001,26.0,243838.0,2.0,243836.0,243836.0,11.0,0.0,0.0
2026-03-31 02:23:04,550,669755.0,62174.0,1852.0,0.0,0.0,0.0,1676.0,152.0,5.0,7.4371072e+07,1.168310272e+09,4907.879999999999,26.0,243838.0,2.0,243836.0,243836.0,11.0,0.0,0.0
2026-03-31 02:23:16,550,669755.0,62174.0,1852.0,0.0,0.0,0.0,1676.0,152.0,5.0,7.4371072e+07,1.168310272e+09,4907.9,26.0,243838.0,2.0,243836.0,243836.0,11.0,0.0,0.0
2026-03-31 02:23:28,551,669755.0,62174.0,1852.0,0.0,0.0,0.0,1676.0,152.0,5.0,7.4371072e+07,1.168310272e+09,4907.91,26.0,243838.0,2.0,243836.0,243836.0,11.0,0.0,0.0
2026-03-31 02:23:39,551,669755.0,62174.0,1852.0,0.0,0.0,0.0,1676.0,152.0,5.0,7.4371072e+07,1.168310272e+09,4907.93,26.0,243838.0,2.0,243836.0,243836.0,11.0,0.0,0.0
2026-03-31 02:23:51,551,669755.0,62174.0,1852.0,0.0,0.0,0.0,1676.0,152.0,5.0,7.4371072e+07,1.168310272e+09,4907.95,26.0,243838.0,2.0,243836.0,243836.0,11.0,0.0,0.0
2026-03-31 02:24:03,551,669755.0,62174.0,1852.0,0.0,0.0,0.0,1676.0,152.0,5.0,7.4371072e+07,1.168310272e+09,4907.96,26.0,243838.0,2.0,243836.0,243836.0,11.0,0.0,0.0
2026-03-31 02:24:15,551,669755.0,62174.0,1852.0,0.0,0.0,0.0,1676.0,152.0,5.0,7.4371072e+07,1.168310272e+09,4907.98,26.0,243838.0,2.0,243836.0,243836.0,11.0,0.0,0.0
2026-03-31 02:24:27,552,669755.0,62174.0,1852.0,0.0,0.0,0.0,1676.0,152.0,5.0,7.4371072e+07,1.168310272e+09,4907.99,26.0,243838.0,2.0,243836.0,243836.0,11.0,0.0,0.0
2026-03-31 02:24:38,552,669755.0,62174.0,1852.0,0.0,0.0,0.0,1676.0,152.0,5.0,7.4371072e+07,1.168310272e+09,4908.0,26.0,243838.0,2.0,243836.0,243836.0,11.0,0.0,0.0
2026-03-31 02:24:50,552,669755.0,62174.0,1852.0,0.0,0.0,0.0,1676.0,152.0,5.0,7.4371072e+07,1.168310272e+09,4908.0199999999995,26.0,243838.0,2.0,243836.0,243836.0,11.0,0.0,0.0
2026-03-31 02:25:02,552,669755.0,62174.0,1852.0,0.0,0.0,0.0,1676.0,152.0,5.0,7.4371072e+07,1.168310272e+09,4908.03,26.0,243838.0,2.0,243836.0,243836.0,11.0,0.0,0.0
2026-03-31 02:25:14,552,669755.0,62174.0,1852.0,0.0,0.0,0.0,1676.0,152.0,5.0,7.4371072e+07,1.168310272e+09,4908.05,26.0,243838.0,2.0,243836.0,243836.0,11.0,0.0,0.0
2026-03-31 02:25:25,553,669755.0,62174.0,1852.0,0.0,0.0,0.0,1676.0,152.0,5.0,7.4371072e+07,1.168310272e+09,4908.06,26.0,243838.0,2.0,243836.0,243836.0,11.0,0.0,0.0
2026-03-31 02:25:37,553,669755.0,62174.0,1852.0,0.0,0.0,0.0,1676.0,152.0,5.0,7.4371072e+07,1.168310272e+09,4908.080000000001,26.0,243838.0,2.0,243836.0,243836.0,11.0,0.0,0.0
2026-03-31 02:25:49,553,669755.0,62174.0,1852.0,0.0,0.0,0.0,1676.0,152.0,5.0,7.4371072e+07,1.168310272e+09,4908.09,26.0,243838.0,2.0,243836.0,243836.0,11.0,0.0,0.0
2026-03-31 02:26:00,553,669755.0,62174.0,1852.0,0.0,0.0,0.0,1676.0,152.0,5.0,7.4371072e+07,1.168310272e+09,4908.11,26.0,243838.0,2.0,243836.0,243836.0,11.0,0.0,0.0
2026-03-31 02:26:12,553,669755.0,62174.0,1852.0,0.0,0.0,0.0,1676.0,152.0,5.0,7.4371072e+07,1.168310272e+09,4908.14,26.0,243838.0,2.0,243836.0,243836.0,11.0,0.0,0.0
2026-03-31 02:26:24,553,669755.0,62174.0,1852.0,0.0,0.0,0.0,1676.0,152.0,5.0,7.4371072e+07,1.168310272e+09,4908.15,26.0,243838.0,2.0,243836.0,243836.0,11.0,0.0,0.0
2026-03-31 02:26:36,554,669755.0,62174.0,1852.0,0.0,0.0,0.0,1676.0,152.0,5.0,7.4371072e+07,1.168310272e+09,4908.17,26.0,243838.0,2.0,243836.0,243836.0,11.0,0.0,0.0
2026-03-31 02:26:48,554,669755.0,62174.0,1852.0,0.0,0.0,0.0,1676.0,152.0,5.0,7.4371072e+07,1.168310272e+09,4908.18,26.0,243838.0,2.0,243836.0,243836.0,11.0,0.0,0.0
2026-03-31 02:26:59,554,669755.0,62174.0,1852.0,0.0,0.0,0.0,1676.0,152.0,5.0,7.4371072e+07,1.168310272e+09,4908.1900000000005,26.0,243838.0,2.0,243836.0,243836.0,11.0,0.0,0.0
2026-03-31 02:27:11,554,669755.0,62174.0,1852.0,0.0,0.0,0.0,1676.0,152.0,5.0,7.4371072e+07,1.168310272e+09,4908.21,26.0,243838.0,2.0,243836.0,243836.0,11.0,0.0,0.0
2026-03-31 02:27:23,554,669755.0,62174.0,1852.0,0.0,0.0,0.0,1676.0,152.0,5.0,7.4371072e+07,1.168310272e+09,4908.22,26.0,243838.0,2.0,243836.0,243836.0,11.0,0.0,0.0
2026-03-31 02:27:35,555,669755.0,62174.0,1852.0,0.0,0.0,0.0,1676.0,152.0,5.0,7.4371072e+07,1.168310272e+09,4908.24,26.0,243838.0,2.0,243836.0,243836.0,11.0,0.0,0.0
2026-03-31 02:27:46,555,669755.0,62174.0,1852.0,0.0,0.0,0.0,1676.0,152.0,5.0,7.4371072e+07,1.168310272e+09,4908.25,26.0,243838.0,2.0,243836.0,243836.0,11.0,0.0,0.0
2026-03-31 02:27:58,555,669755.0,62174.0,1852.0,0.0,0.0,0.0,1676.0,152.0,5.0,7.4371072e+07,1.168310272e+09,4908.259999999999,26.0,243838.0,2.0,243836.0,243836.0,11.0,0.0,0.0
2026-03-31 02:28:10,555,669755.0,62174.0,1852.0,0.0,0.0,0.0,1676.0,152.0,5.0,7.4371072e+07,1.168310272e+09,4908.29,26.0,243838.0,2.0,243836.0,243836.0,11.0,0.0,0.0
2026-03-31 02:28:21,555,669755.0,62174.0,1852.0,0.0,0.0,0.0,1676.0,152.0,5.0,7.4371072e+07,1.168310272e+09,4908.3,26.0,243838.0,2.0,243836.0,243836.0,11.0,0.0,0.0
2026-03-31 02:28:33,556,669755.0,62174.0,1852.0,0.0,0.0,0.0,1676.0,152.0,5.0,7.4371072e+07,1.168310272e+09,4908.32,26.0,243838.0,2.0,243836.0,243836.0,11.0,0.0,0.0
2026-03-31 02:28:45,556,669755.0,62174.0,1852.0,0.0,0.0,0.0,1676.0,152.0,5.0,7.4371072e+07,1.168310272e+09,4908.33,26.0,243838.0,2.0,243836.0,243836.0,11.0,0.0,0.0
2026-03-31 02:28:57,556,669755.0,62174.0,1852.0,0.0,0.0,0.0,1676.0,152.0,5.0,7.4371072e+07,1.168310272e+09,4908.35,26.0,243838.0,2.0,243836.0,243836.0,11.0,0.0,0.0
2026-03-31 02:29:08,556,669755.0,62174.0,1852.0,0.0,0.0,0.0,1676.0,152.0,5.0,7.4371072e+07,1.168310272e+09,4908.360000000001,26.0,243838.0,2.0,243836.0,243836.0,11.0,0.0,0.0
2026-03-31 02:29:20,556,669755.0,62174.0,1852.0,0.0,0.0,0.0,1676.0,152.0,5.0,7.4371072e+07,1.168310272e+09,4908.37,26.0,243838.0,2.0,243836.0,243836.0,11.0,0.0,0.0
2026-03-31 02:29:32,557,669755.0,62174.0,1852.0,0.0,0.0,0.0,1676.0,152.0,5.0,7.4371072e+07,1.168310272e+09,4908.389999999999,26.0,243838.0,2.0,243836.0,243836.0,11.0,0.0,0.0
2026-03-31 02:29:44,557,669755.0,62174.0,1852.0,0.0,0.0,0.0,1676.0,152.0,5.0,7.4371072e+07,1.168310272e+09,4908.41,26.0,243838.0,2.0,243836.0,243836.0,11.0,0.0,0.0
2026-03-31 02:29:55,557,669755.0,62174.0,1852.0,0.0,0.0,0.0,1676.0,152.0,5.0,7.4371072e+07,1.168310272e+09,4908.42,26.0,243838.0,2.0,243836.0,243836.0,11.0,0.0,0.0
2026-03-31 02:30:07,557,669755.0,62174.0,1852.0,0.0,0.0,0.0,1676.0,152.0,5.0,7.4371072e+07,1.168310272e+09,4908.4400000000005,26.0,243838.0,2.0,243836.0,243836.0,11.0,0.0,0.0
2026-03-31 02:30:19,557,669755.0,62174.0,1852.0,0.0,0.0,0.0,1676.0,152.0,5.0,7.4371072e+07,1.168310272e+09,4908.45,26.0,243838.0,2.0,243836.0,243836.0,11.0,0.0,0.0
2026-03-31 02:30:31,558,669755.0,62174.0,1852.0,0.0,0.0,0.0,1676.0,152.0,5.0,7.4371072e+07,1.168310272e+09,4908.47,26.0,243838.0,2.0,243836.0,243836.0,11.0,0.0,0.0
2026-03-31 02:30:42,558,669755.0,62174.0,1852.0,0.0,0.0,0.0,1676.0,152.0,5.0,7.4371072e+07,1.168310272e+09,4908.4800000000005,26.0,243838.0,2.0,243836.0,243836.0,11.0,0.0,0.0
2026-03-31 02:30:54,558,669755.0,62174.0,1852.0,0.0,0.0,0.0,1676.0,152.0,5.0,7.4371072e+07,1.168310272e+09,4908.5,26.0,243838.0,2.0,243836.0,243836.0,11.0,0.0,0.0
2026-03-31 02:31:06,558,669755.0,62174.0,1852.0,0.0,0.0,0.0,1676.0,152.0,5.0,7.4371072e+07,1.168310272e+09,4908.5199999999995,26.0,243838.0,2.0,243836.0,243836.0,11.0,0.0,0.0
2026-03-31 02:31:18,558,669755.0,62174.0,1852.0,0.0,0.0,0.0,1676.0,152.0,5.0,7.4371072e+07,1.168310272e+09,4908.54,26.0,243838.0,2.0,243836.0,243836.0,11.0,0.0,0.0
2026-03-31 02:31:29,559,669755.0,62174.0,1852.0,0.0,0.0,0.0,1676.0,152.0,5.0,7.4371072e+07,1.168310272e+09,4908.54,26.0,243838.0,2.0,243836.0,243836.0,11.0,0.0,0.0
2026-03-31 02:31:41,559,669755.0,62174.0,1852.0,0.0,0.0,0.0,1676.0,152.0,5.0,7.4371072e+07,1.168310272e+09,4908.56,26.0,243838.0,2.0,243836.0,243836.0,11.0,0.0,0.0
2026-03-31 02:31:53,559,669755.0,62174.0,1852.0,0.0,0.0,0.0,1676.0,152.0,5.0,7.4371072e+07,1.168310272e+09,4908.58,26.0,243838.0,2.0,243836.0,243836.0,11.0,0.0,0.0
2026-03-31 02:32:05,559,669755.0,62174.0,1852.0,0.0,0.0,0.0,1676.0,152.0,5.0,7.4371072e+07,1.168310272e+09,4908.59,26.0,243838.0,2.0,243836.0,243836.0,11.0,0.0,0.0
2026-03-31 02:32:16,559,669755.0,62174.0,1852.0,0.0,0.0,0.0,1676.0,152.0,5.0,7.4371072e+07,1.168310272e+09,4908.610000000001,26.0,243838.0,2.0,243836.0,243836.0,11.0,0.0,0.0
2026-03-31 02:32:28,560,669755.0,62174.0,1852.0,0.0,0.0,0.0,1676.0,152.0,5.0,7.4371072e+07,1.168310272e+09,4908.63,26.0,243838.0,2.0,243836.0,243836.0,11.0,0.0,0.0
2026-03-31 02:32:40,560,669755.0,62174.0,1852.0,0.0,0.0,0.0,1676.0,152.0,5.0,7.4371072e+07,1.168310272e+09,4908.639999999999,26.0,243838.0,2.0,243836.0,243836.0,11.0,0.0,0.0
2026-03-31 02:32:52,560,669755.0,62174.0,1852.0,0.0,0.0,0.0,1676.0,152.0,5.0,7.4371072e+07,1.168310272e+09,4908.65,26.0,243838.0,2.0,243836.0,243836.0,11.0,0.0,0.0
2026-03-31 02:33:03,560,669755.0,62174.0,1852.0,0.0,0.0,0.0,1676.0,152.0,5.0,7.4371072e+07,1.168310272e+09,4908.67,26.0,243838.0,2.0,243836.0,243836.0,11.0,0.0,0.0
2026-03-31 02:33:15,560,669755.0,62174.0,1852.0,0.0,0.0,0.0,1676.0,152.0,5.0,7.4371072e+07,1.168310272e+09,4908.6900000000005,26.0,243838.0,2.0,243836.0,243836.0,11.0,0.0,0.0
2026-03-31 02:33:27,561,669755.0,62174.0,1852.0,0.0,0.0,0.0,1676.0,152.0,5.0,7.4371072e+07,1.168310272e+09,4908.700000000001,26.0,243838.0,2.0,243836.0,243836.0,11.0,0.0,0.0
2026-03-31 02:33:39,561,669755.0,62174.0,1852.0,0.0,0.0,0.0,1676.0,152.0,5.0,7.4371072e+07,1.168310272e+09,4908.719999999999,26.0,243838.0,2.0,243836.0,243836.0,11.0,0.0,0.0
2026-03-31 02:33:50,561,669755.0,62174.0,1852.0,0.0,0.0,0.0,1676.0,152.0,5.0,7.4371072e+07,1.168310272e+09,4908.73,26.0,243838.0,2.0,243836.0,243836.0,11.0,0.0,0.0
2026-03-31 02:34:02,561,669755.0,62174.0,1852.0,0.0,0.0,0.0,1676.0,152.0,5.0,7.4371072e+07,1.168310272e+09,4908.75,26.0,243838.0,2.0,243836.0,243836.0,11.0,0.0,0.0
2026-03-31 02:34:14,561,669755.0,62174.0,1852.0,0.0,0.0,0.0,1676.0,152.0,5.0,7.4371072e+07,1.168310272e+09,4908.76,26.0,243838.0,2.0,243836.0,243836.0,11.0,0.0,0.0
2026-03-31 02:34:26,562,669755.0,62174.0,1852.0,0.0,0.0,0.0,1676.0,152.0,5.0,7.4371072e+07,1.168310272e+09,4908.77,26.0,243838.0,2.0,243836.0,243836.0,11.0,0.0,0.0
2026-03-31 02:34:37,562,669755.0,62174.0,1852.0,0.0,0.0,0.0,1676.0,152.0,5.0,7.4371072e+07,1.168310272e+09,4908.79,26.0,243838.0,2.0,243836.0,243836.0,11.0,0.0,0.0
2026-03-31 02:34:49,562,669755.0,62174.0,1852.0,0.0,0.0,0.0,1676.0,152.0,5.0,7.4371072e+07,1.168310272e+09,4908.8,26.0,243838.0,2.0,243836.0,243836.0,11.0,0.0,0.0
2026-03-31 02:35:01,562,669755.0,62174.0,1852.0,0.0,0.0,0.0,1676.0,152.0,5.0,7.4371072e+07,1.168310272e+09,4908.83,26.0,243838.0,2.0,243836.0,243836.0,11.0,0.0,0.0
2026-03-31 02:35:12,562,669755.0,62174.0,1852.0,0.0,0.0,0.0,1676.0,152.0,5.0,7.4371072e+07,1.168310272e+09,4908.84,26.0,243838.0,2.0,243836.0,243836.0,11.0,0.0,0.0
2026-03-31 02:35:24,562,669755.0,62174.0,1852.0,0.0,0.0,0.0,1676.0,152.0,5.0,7.4371072e+07,1.168310272e+09,4908.86,26.0,243838.0,2.0,243836.0,243836.0,11.0,0.0,0.0
2026-03-31 02:35:36,563,669755.0,62174.0,1852.0,0.0,0.0,0.0,1676.0,152.0,5.0,7.4371072e+07,1.168310272e+09,4908.87,26.0,243838.0,2.0,243836.0,243836.0,11.0,0.0,0.0
2026-03-31 02:35:48,563,669755.0,62174.0,1852.0,0.0,0.0,0.0,1676.0,152.0,5.0,7.4371072e+07,1.168310272e+09,4908.89,26.0,243838.0,2.0,243836.0,243836.0,11.0,0.0,0.0
2026-03-31 02:35:59,563,669755.0,62174.0,1852.0,0.0,0.0,0.0,1676.0,152.0,5.0,7.4371072e+07,1.168310272e+09,4908.900000000001,26.0,243838.0,2.0,243836.0,243836.0,11.0,0.0,0.0
2026-03-31 02:36:11,563,669755.0,62174.0,1852.0,0.0,0.0,0.0,1676.0,152.0,5.0,7.4371072e+07,1.168310272e+09,4908.92,26.0,243838.0,2.0,243836.0,243836.0,11.0,0.0,0.0
2026-03-31 02:36:23,563,669755.0,62174.0,1852.0,0.0,0.0,0.0,1676.0,152.0,5.0,7.4371072e+07,1.168310272e+09,4908.93,26.0,243838.0,2.0,243836.0,243836.0,11.0,0.0,0.0
2026-03-31 02:36:34,564,669755.0,62174.0,1852.0,0.0,0.0,0.0,1676.0,152.0,5.0,7.4371072e+07,1.168310272e+09,4908.950000000001,26.0,243838.0,2.0,243836.0,243836.0,11.0,0.0,0.0
2026-03-31 02:36:46,564,669755.0,62174.0,1852.0,0.0,0.0,0.0,1676.0,152.0,5.0,7.4371072e+07,1.168310272e+09,4908.969999999999,26.0,243838.0,2.0,243836.0,243836.0,11.0,0.0,0.0
2026-03-31 02:36:58,564,669755.0,62174.0,1852.0,0.0,0.0,0.0,1676.0,152.0,5.0,7.4371072e+07,1.168310272e+09,4908.98,26.0,243838.0,2.0,243836.0,243836.0,11.0,0.0,0.0
2026-03-31 02:37:10,564,669755.0,62174.0,1852.0,0.0,0.0,0.0,1676.0,152.0,5.0,7.4371072e+07,1.168310272e+09,4909.0,26.0,243838.0,2.0,243836.0,243836.0,11.0,0.0,0.0
2026-03-31 02:37:21,564,669755.0,62174.0,1852.0,0.0,0.0,0.0,1676.0,152.0,5.0,7.4371072e+07,1.168310272e+09,4909.02,26.0,243838.0,2.0,243836.0,243836.0,11.0,0.0,0.0
2026-03-31 02:37:33,565,669755.0,62174.0,1852.0,0.0,0.0,0.0,1676.0,152.0,5.0,7.4371072e+07,1.168310272e+09,4909.03,26.0,243838.0,2.0,243836.0,243836.0,11.0,0.0,0.0
2026-03-31 02:37:45,565,669755.0,62174.0,1852.0,0.0,0.0,0.0,1676.0,152.0,5.0,7.4371072e+07,1.168310272e+09,4909.04,26.0,243838.0,2.0,243836.0,243836.0,11.0,0.0,0.0
2026-03-31 02:37:57,565,669755.0,62174.0,1852.0,0.0,0.0,0.0,1676.0,152.0,5.0,7.4371072e+07,1.168310272e+09,4909.06,26.0,243838.0,2.0,243836.0,243836.0,11.0,0.0,0.0
2026-03-31 02:38:08,565,669755.0,62174.0,1852.0,0.0,0.0,0.0,1676.0,152.0,5.0,7.4371072e+07,1.168310272e+09,4909.070000000001,26.0,243838.0,2.0,243836.0,243836.0,11.0,0.0,0.0
2026-03-31 02:38:20,565,669755.0,62174.0,1852.0,0.0,0.0,0.0,1676.0,152.0,5.0,7.4371072e+07,1.168310272e+09,4909.089999999999,26.0,243838.0,2.0,243836.0,243836.0,11.0,0.0,0.0
2026-03-31 02:38:32,566,669755.0,62174.0,1852.0,0.0,0.0,0.0,1676.0,152.0,5.0,7.4371072e+07,1.168310272e+09,4909.099999999999,26.0,243838.0,2.0,243836.0,243836.0,11.0,0.0,0.0
2026-03-31 02:38:44,566,669755.0,62174.0,1852.0,0.0,0.0,0.0,1676.0,152.0,5.0,7.4371072e+07,1.168310272e+09,4909.12,26.0,243838.0,2.0,243836.0,243836.0,11.0,0.0,0.0
2026-03-31 02:38:55,566,669755.0,62174.0,1852.0,0.0,0.0,0.0,1676.0,152.0,5.0,7.4371072e+07,1.168310272e+09,4909.13,26.0,243838.0,2.0,243836.0,243836.0,11.0,0.0,0.0
2026-03-31 02:39:07,566,669755.0,62174.0,1852.0,0.0,0.0,0.0,1676.0,152.0,5.0,7.4371072e+07,1.168310272e+09,4909.15,26.0,243838.0,2.0,243836.0,243836.0,11.0,0.0,0.0
2026-03-31 02:39:19,566,669755.0,62174.0,1852.0,0.0,0.0,0.0,1676.0,152.0,5.0,7.4371072e+07,1.168310272e+09,4909.17,26.0,243838.0,2.0,243836.0,243836.0,11.0,0.0,0.0
2026-03-31 02:39:31,567,669755.0,62174.0,1852.0,0.0,0.0,0.0,1676.0,152.0,5.0,7.4371072e+07,1.168310272e+09,4909.18,26.0,243838.0,2.0,243836.0,243836.0,11.0,0.0,0.0
2026-03-31 02:39:42,567,669755.0,62174.0,1852.0,0.0,0.0,0.0,1676.0,152.0,5.0,7.4371072e+07,1.168310272e+09,4909.200000000001,26.0,243838.0,2.0,243836.0,243836.0,11.0,0.0,0.0
2026-03-31 02:39:54,567,669755.0,62174.0,1852.0,0.0,0.0,0.0,1676.0,152.0,5.0,7.4371072e+07,1.168310272e+09,4909.219999999999,26.0,243838.0,2.0,243836.0,243836.0,11.0,0.0,0.0
2026-03-31 02:40:06,567,669755.0,62174.0,1852.0,0.0,0.0,0.0,1676.0,152.0,5.0,7.4371072e+07,1.168310272e+09,4909.23,26.0,243838.0,2.0,243836.0,243836.0,11.0,0.0,0.0
2026-03-31 02:40:18,567,669755.0,62174.0,1852.0,0.0,0.0,0.0,1676.0,152.0,5.0,7.4371072e+07,1.168310272e+09,4909.25,26.0,243838.0,2.0,243836.0,243836.0,11.0,0.0,0.0
2026-03-31 02:40:29,568,669755.0,62174.0,1852.0,0.0,0.0,0.0,1676.0,152.0,5.0,7.4371072e+07,1.168310272e+09,4909.27,26.0,243838.0,2.0,243836.0,243836.0,11.0,0.0,0.0
2026-03-31 02:40:41,568,669755.0,62174.0,1852.0,0.0,0.0,0.0,1676.0,152.0,5.0,7.4371072e+07,1.168310272e+09,4909.28,26.0,243838.0,2.0,243836.0,243836.0,11.0,0.0,0.0
2026-03-31 02:40:53,568,669755.0,62174.0,1852.0,0.0,0.0,0.0,1676.0,152.0,5.0,7.4371072e+07,1.168310272e+09,4909.29,26.0,243838.0,2.0,243836.0,243836.0,11.0,0.0,0.0
2026-03-31 02:41:05,568,669755.0,62174.0,1852.0,0.0,0.0,0.0,1676.0,152.0,5.0,7.4371072e+07,1.168310272e+09,4909.31,26.0,243838.0,2.0,243836.0,243836.0,11.0,0.0,0.0
2026-03-31 02:41:16,568,669755.0,62174.0,1852.0,0.0,0.0,0.0,1676.0,152.0,5.0,7.4371072e+07,1.168310272e+09,4909.32,26.0,243838.0,2.0,243836.0,243836.0,11.0,0.0,0.0
2026-03-31 02:41:28,569,669755.0,62174.0,1852.0,0.0,0.0,0.0,1676.0,152.0,5.0,7.4371072e+07,1.168310272e+09,4909.34,26.0,243838.0,2.0,243836.0,243836.0,11.0,0.0,0.0
2026-03-31 02:41:40,569,669755.0,62174.0,1852.0,0.0,0.0,0.0,1676.0,152.0,5.0,7.4371072e+07,1.168310272e+09,4909.349999999999,26.0,243838.0,2.0,243836.0,243836.0,11.0,0.0,0.0
2026-03-31 02:41:51,569,669755.0,62174.0,1852.0,0.0,0.0,0.0,1676.0,152.0,5.0,7.4371072e+07,1.168310272e+09,4909.38,26.0,243838.0,2.0,243836.0,243836.0,11.0,0.0,0.0
2026-03-31 02:42:03,569,669755.0,62174.0,1852.0,0.0,0.0,0.0,1676.0,152.0,5.0,7.4371072e+07,1.168310272e+09,4909.39,26.0,243838.0,2.0,243836.0,243836.0,11.0,0.0,0.0
2026-03-31 02:42:15,569,669755.0,62174.0,1852.0,0.0,0.0,0.0,1676.0,152.0,5.0,7.4371072e+07,1.168310272e+09,4909.41,26.0,243838.0,2.0,243836.0,243836.0,11.0,0.0,0.0
2026-03-31 02:42:27,570,669755.0,62174.0,1852.0,0.0,0.0,0.0,1676.0,152.0,5.0,7.4371072e+07,1.168310272e+09,4909.42,26.0,243838.0,2.0,243836.0,243836.0,11.0,0.0,0.0
2026-03-31 02:42:38,570,669755.0,62174.0,1852.0,0.0,0.0,0.0,1676.0,152.0,5.0,7.4371072e+07,1.168310272e+09,4909.43,26.0,243838.0,2.0,243836.0,243836.0,11.0,0.0,0.0
2026-03-31 02:42:50,570,669755.0,62174.0,1852.0,0.0,0.0,0.0,1676.0,152.0,5.0,7.4371072e+07,1.168310272e+09,4909.450000000001,26.0,243838.0,2.0,243836.0,243836.0,11.0,0.0,0.0
2026-03-31 02:43:02,570,669755.0,62174.0,1852.0,0.0,0.0,0.0,1676.0,152.0,5.0,7.4371072e+07,1.168310272e+09,4909.459999999999,26.0,243838.0,2.0,243836.0,243836.0,11.0,0.0,0.0
2026-03-31 02:43:14,570,669755.0,62174.0,1852.0,0.0,0.0,0.0,1676.0,152.0,5.0,7.4371072e+07,1.168310272e+09,4909.48,26.0,243838.0,2.0,243836.0,243836.0,11.0,0.0,0.0
2026-03-31 02:43:25,571,669755.0,62174.0,1852.0,0.0,0.0,0.0,1676.0,152.0,5.0,7.4371072e+07,1.168310272e+09,4909.5,26.0,243838.0,2.0,243836.0,243836.0,11.0,0.0,0.0
2026-03-31 02:43:37,571,669755.0,62174.0,1852.0,0.0,0.0,0.0,1676.0,152.0,5.0,7.4371072e+07,1.168310272e+09,4909.51,26.0,243838.0,2.0,243836.0,243836.0,11.0,0.0,0.0
2026-03-31 02:43:49,571,669755.0,62174.0,1852.0,0.0,0.0,0.0,1676.0,152.0,5.0,7.4371072e+07,1.168310272e+09,4909.53,26.0,243838.0,2.0,243836.0,243836.0,11.0,0.0,0.0
2026-03-31 02:44:01,571,669755.0,62174.0,1852.0,0.0,0.0,0.0,1676.0,152.0,5.0,7.4371072e+07,1.168310272e+09,4909.54,26.0,243838.0,2.0,243836.0,243836.0,11.0,0.0,0.0
2026-03-31 02:44:13,571,669755.0,62174.0,1852.0,0.0,0.0,0.0,1676.0,152.0,5.0,7.4371072e+07,1.168310272e+09,4909.56,26.0,243838.0,2.0,243836.0,243836.0,11.0,0.0,0.0
2026-03-31 02:44:24,571,669755.0,62174.0,1852.0,0.0,0.0,0.0,1676.0,152.0,5.0,7.4371072e+07,1.168310272e+09,4909.58,26.0,243838.0,2.0,243836.0,243836.0,11.0,0.0,0.0
2026-03-31 02:44:36,572,669755.0,62174.0,1852.0,0.0,0.0,0.0,1676.0,152.0,5.0,7.4371072e+07,1.168310272e+09,4909.59,26.0,243838.0,2.0,243836.0,243836.0,11.0,0.0,0.0
2026-03-31 02:44:48,572,669755.0,62174.0,1852.0,0.0,0.0,0.0,1676.0,152.0,5.0,7.4371072e+07,1.168310272e+09,4909.6,26.0,243838.0,2.0,243836.0,243836.0,11.0,0.0,0.0
2026-03-31 02:44:59,572,669755.0,62174.0,1852.0,0.0,0.0,0.0,1676.0,152.0,5.0,7.4371072e+07,1.168310272e+09,4909.63,26.0,243838.0,2.0,243836.0,243836.0,11.0,0.0,0.0
2026-03-31 02:45:11,572,669755.0,62174.0,1852.0,0.0,0.0,0.0,1676.0,152.0,5.0,7.4371072e+07,1.168310272e+09,4909.64,26.0,243838.0,2.0,243836.0,243836.0,11.0,0.0,0.0
2026-03-31 02:45:23,572,669755.0,62174.0,1852.0,0.0,0.0,0.0,1676.0,152.0,5.0,7.4371072e+07,1.168310272e+09,4909.660000000001,26.0,243838.0,2.0,243836.0,243836.0,11.0,0.0,0.0
2026-03-31 02:45:35,573,669755.0,62174.0,1852.0,0.0,0.0,0.0,1676.0,152.0,5.0,7.4371072e+07,1.168310272e+09,4909.67,26.0,243838.0,2.0,243836.0,243836.0,11.0,0.0,0.0
2026-03-31 02:45:47,573,669755.0,62174.0,1852.0,0.0,0.0,0.0,1676.0,152.0,5.0,7.4371072e+07,1.168310272e+09,4909.69,26.0,243838.0,2.0,243836.0,243836.0,11.0,0.0,0.0
2026-03-31 02:45:58,573,669755.0,62174.0,1852.0,0.0,0.0,0.0,1676.0,152.0,5.0,7.4371072e+07,1.168310272e+09,4909.71,26.0,243838.0,2.0,243836.0,243836.0,11.0,0.0,0.0
2026-03-31 02:46:10,573,669755.0,62174.0,1852.0,0.0,0.0,0.0,1676.0,152.0,5.0,7.4371072e+07,1.168310272e+09,4909.71,26.0,243838.0,2.0,243836.0,243836.0,11.0,0.0,0.0
2026-03-31 02:46:22,573,669755.0,62174.0,1852.0,0.0,0.0,0.0,1676.0,152.0,5.0,7.4371072e+07,1.168310272e+09,4909.7300000000005,26.0,243838.0,2.0,243836.0,243836.0,11.0,0.0,0.0
2026-03-31 02:46:34,574,669755.0,62174.0,1852.0,0.0,0.0,0.0,1676.0,152.0,5.0,7.4371072e+07,1.168310272e+09,4909.75,26.0,243838.0,2.0,243836.0,243836.0,11.0,0.0,0.0
2026-03-31 02:46:45,574,669755.0,62174.0,1852.0,0.0,0.0,0.0,1676.0,152.0,5.0,7.4371072e+07,1.168310272e+09,4909.76,26.0,243838.0,2.0,243836.0,243836.0,11.0,0.0,0.0
2026-03-31 02:46:57,574,669755.0,62174.0,1852.0,0.0,0.0,0.0,1676.0,152.0,5.0,7.4371072e+07,1.168310272e+09,4909.79,26.0,243838.0,2.0,243836.0,243836.0,11.0,0.0,0.0
2026-03-31 02:47:09,574,669755.0,62174.0,1852.0,0.0,0.0,0.0,1676.0,152.0,5.0,7.4371072e+07,1.168310272e+09,4909.799999999999,26.0,243838.0,2.0,243836.0,243836.0,11.0,0.0,0.0
2026-03-31 02:47:20,574,669755.0,62174.0,1852.0,0.0,0.0,0.0,1676.0,152.0,5.0,7.4371072e+07,1.168310272e+09,4909.8099999999995,26.0,243838.0,2.0,243836.0,243836.0,11.0,0.0,0.0
2026-03-31 02:47:32,575,669755.0,62174.0,1852.0,0.0,0.0,0.0,1676.0,152.0,5.0,7.4371072e+07,1.168310272e+09,4909.83,26.0,243838.0,2.0,243836.0,243836.0,11.0,0.0,0.0
2026-03-31 02:47:44,575,669755.0,62174.0,1852.0,0.0,0.0,0.0,1676.0,152.0,5.0,7.4371072e+07,1.168310272e+09,4909.85,26.0,243838.0,2.0,243836.0,243836.0,11.0,0.0,0.0
2026-03-31 02:47:56,575,669755.0,62174.0,1852.0,0.0,0.0,0.0,1676.0,152.0,5.0,7.4371072e+07,1.168310272e+09,4909.860000000001,26.0,243838.0,2.0,243836.0,243836.0,11.0,0.0,0.0
2026-03-31 02:48:08,575,669755.0,62174.0,1852.0,0.0,0.0,0.0,1676.0,152.0,5.0,7.4371072e+07,1.168310272e+09,4909.879999999999,26.0,243838.0,2.0,243836.0,243836.0,11.0,0.0,0.0
2026-03-31 02:48:19,575,669755.0,62174.0,1852.0,0.0,0.0,0.0,1676.0,152.0,5.0,7.4371072e+07,1.168310272e+09,4909.9,26.0,243838.0,2.0,243836.0,243836.0,11.0,0.0,0.0
2026-03-31 02:48:31,576,669755.0,62174.0,1852.0,0.0,0.0,0.0,1676.0,152.0,5.0,7.4371072e+07,1.168310272e+09,4909.91,26.0,243838.0,2.0,243836.0,243836.0,11.0,0.0,0.0
2026-03-31 02:48:43,576,669755.0,62174.0,1852.0,0.0,0.0,0.0,1676.0,152.0,5.0,7.4371072e+07,1.168310272e+09,4909.93,26.0,243838.0,2.0,243836.0,243836.0,11.0,0.0,0.0
2026-03-31 02:48:55,576,669755.0,62174.0,1852.0,0.0,0.0,0.0,1676.0,152.0,5.0,7.4371072e+07,1.168310272e+09,4909.94,26.0,243838.0,2.0,243836.0,243836.0,11.0,0.0,0.0
2026-03-31 02:49:06,576,669755.0,62174.0,1852.0,0.0,0.0,0.0,1676.0,152.0,5.0,7.4371072e+07,1.168310272e+09,4909.95,26.0,243838.0,2.0,243836.0,243836.0,11.0,0.0,0.0
2026-03-31 02:49:18,576,669755.0,62174.0,1852.0,0.0,0.0,0.0,1676.0,152.0,5.0,7.4371072e+07,1.168310272e+09,4909.969999999999,26.0,243838.0,2.0,243836.0,243836.0,11.0,0.0,0.0
2026-03-31 02:49:30,577,669755.0,62174.0,1852.0,0.0,0.0,0.0,1676.0,152.0,5.0,7.4371072e+07,1.168310272e+09,4909.99,26.0,243838.0,2.0,243836.0,243836.0,11.0,0.0,0.0
2026-03-31 02:49:42,577,669755.0,62174.0,1852.0,0.0,0.0,0.0,1676.0,152.0,5.0,7.4371072e+07,1.168310272e+09,4910.0,26.0,243838.0,2.0,243836.0,243836.0,11.0,0.0,0.0
2026-03-31 02:49:53,577,669755.0,62174.0,1852.0,0.0,0.0,0.0,1676.0,152.0,5.0,7.4371072e+07,1.168310272e+09,4910.02,26.0,243838.0,2.0,243836.0,243836.0,11.0,0.0,0.0
2026-03-31 02:50:05,577,669755.0,62174.0,1852.0,0.0,0.0,0.0,1676.0,152.0,5.0,7.4371072e+07,1.168310272e+09,4910.03,26.0,243838.0,2.0,243836.0,243836.0,11.0,0.0,0.0
2026-03-31 02:50:17,577,669755.0,62174.0,1852.0,0.0,0.0,0.0,1676.0,152.0,5.0,7.4371072e+07,1.168310272e+09,4910.05,26.0,243838.0,2.0,243836.0,243836.0,11.0,0.0,0.0
2026-03-31 02:50:29,578,669755.0,62174.0,1852.0,0.0,0.0,0.0,1676.0,152.0,5.0,7.4371072e+07,1.168310272e+09,4910.06,26.0,243838.0,2.0,243836.0,243836.0,11.0,0.0,0.0
2026-03-31 02:50:40,578,669755.0,62174.0,1852.0,0.0,0.0,0.0,1676.0,152.0,5.0,7.4371072e+07,1.168310272e+09,4910.08,26.0,243838.0,2.0,243836.0,243836.0,11.0,0.0,0.0
2026-03-31 02:50:52,578,669755.0,62174.0,1852.0,0.0,0.0,0.0,1676.0,152.0,5.0,7.4371072e+07,1.168310272e+09,4910.09,26.0,243838.0,2.0,243836.0,243836.0,11.0,0.0,0.0
2026-03-31 02:51:04,578,669755.0,62174.0,1852.0,0.0,0.0,0.0,1676.0,152.0,5.0,7.4371072e+07,1.168310272e+09,4910.11,26.0,243838.0,2.0,243836.0,243836.0,11.0,0.0,0.0
2026-03-31 02:51:15,578,669755.0,62174.0,1852.0,0.0,0.0,0.0,1676.0,152.0,5.0,7.4371072e+07,1.168310272e+09,4910.12,26.0,243838.0,2.0,243836.0,243836.0,11.0,0.0,0.0
2026-03-31 02:51:27,579,669755.0,62174.0,1852.0,0.0,0.0,0.0,1676.0,152.0,5.0,7.4371072e+07,1.168310272e+09,4910.139999999999,26.0,243838.0,2.0,243836.0,243836.0,11.0,0.0,0.0
2026-03-31 02:51:39,579,669755.0,62174.0,1852.0,0.0,0.0,0.0,1676.0,152.0,5.0,7.4371072e+07,1.168310272e+09,4910.16,26.0,243838.0,2.0,243836.0,243836.0,11.0,0.0,0.0
2026-03-31 02:51:51,579,669755.0,62174.0,1852.0,0.0,0.0,0.0,1676.0,152.0,5.0,7.4371072e+07,1.168310272e+09,4910.17,26.0,243838.0,2.0,243836.0,243836.0,11.0,0.0,0.0
2026-03-31 02:52:02,579,669755.0,62174.0,1852.0,0.0,0.0,0.0,1676.0,152.0,5.0,7.4371072e+07,1.168310272e+09,4910.1900000000005,26.0,243838.0,2.0,243836.0,243836.0,11.0,0.0,0.0
2026-03-31 02:52:14,579,669755.0,62174.0,1852.0,0.0,0.0,0.0,1676.0,152.0,5.0,7.4371072e+07,1.168310272e+09,4910.2,26.0,243838.0,2.0,243836.0,243836.0,11.0,0.0,0.0
2026-03-31 02:52:26,580,669755.0,62174.0,1852.0,0.0,0.0,0.0,1676.0,152.0,5.0,7.4371072e+07,1.168310272e+09,4910.22,26.0,243838.0,2.0,243836.0,243836.0,11.0,0.0,0.0
2026-03-31 02:52:37,580,669755.0,62174.0,1852.0,0.0,0.0,0.0,1676.0,152.0,5.0,7.4371072e+07,1.168310272e+09,4910.2300000000005,26.0,243838.0,2.0,243836.0,243836.0,11.0,0.0,0.0
2026-03-31 02:52:49,580,669755.0,62174.0,1852.0,0.0,0.0,0.0,1676.0,152.0,5.0,7.4371072e+07,1.168310272e+09,4910.25,26.0,243838.0,2.0,243836.0,243836.0,11.0,0.0,0.0
2026-03-31 02:53:01,580,669755.0,62174.0,1852.0,0.0,0.0,0.0,1676.0,152.0,5.0,7.4371072e+07,1.168310272e+09,4910.259999999999,26.0,243838.0,2.0,243836.0,243836.0,11.0,0.0,0.0
2026-03-31 02:53:13,580,669755.0,62174.0,1852.0,0.0,0.0,0.0,1676.0,152.0,5.0,7.4371072e+07,1.168310272e+09,4910.28,26.0,243838.0,2.0,243836.0,243836.0,11.0,0.0,0.0
2026-03-31 02:53:24,580,669755.0,62174.0,1852.0,0.0,0.0,0.0,1676.0,152.0,5.0,7.4371072e+07,1.168310272e+09,4910.29,26.0,243838.0,2.0,243836.0,243836.0,11.0,0.0,0.0
2026-03-31 02:53:36,581,669755.0,62174.0,1852.0,0.0,0.0,0.0,1676.0,152.0,5.0,7.4371072e+07,1.168310272e+09,4910.31,26.0,243838.0,2.0,243836.0,243836.0,11.0,0.0,0.0
2026-03-31 02:53:48,581,669755.0,62174.0,1852.0,0.0,0.0,0.0,1676.0,152.0,5.0,7.4371072e+07,1.168310272e+09,4910.32,26.0,243838.0,2.0,243836.0,243836.0,11.0,0.0,0.0
2026-03-31 02:54:00,581,669755.0,62174.0,1852.0,0.0,0.0,0.0,1676.0,152.0,5.0,7.4371072e+07,1.168310272e+09,4910.34,26.0,243838.0,2.0,243836.0,243836.0,11.0,0.0,0.0
2026-03-31 02:54:11,581,669755.0,62174.0,1852.0,0.0,0.0,0.0,1676.0,152.0,5.0,7.4371072e+07,1.168310272e+09,4910.36,26.0,243838.0,2.0,243836.0,243836.0,11.0,0.0,0.0
2026-03-31 02:54:23,581,669755.0,62174.0,1852.0,0.0,0.0,0.0,1676.0,152.0,5.0,7.4371072e+07,1.168310272e+09,4910.37,26.0,243838.0,2.0,243836.0,243836.0,11.0,0.0,0.0
2026-03-31 02:54:35,582,669755.0,62174.0,1852.0,0.0,0.0,0.0,1676.0,152.0,5.0,7.4371072e+07,1.168310272e+09,4910.39,26.0,243838.0,2.0,243836.0,243836.0,11.0,0.0,0.0
2026-03-31 02:54:46,582,669755.0,62174.0,1852.0,0.0,0.0,0.0,1676.0,152.0,5.0,7.4371072e+07,1.168310272e+09,4910.4,26.0,243838.0,2.0,243836.0,243836.0,11.0,0.0,0.0
2026-03-31 02:54:58,582,669755.0,62174.0,1852.0,0.0,0.0,0.0,1676.0,152.0,5.0,7.4371072e+07,1.168310272e+09,4910.42,26.0,243838.0,2.0,243836.0,243836.0,11.0,0.0,0.0
2026-03-31 02:55:10,582,669755.0,62174.0,1852.0,0.0,0.0,0.0,1676.0,152.0,5.0,7.4371072e+07,1.168310272e+09,4910.43,26.0,243838.0,2.0,243836.0,243836.0,11.0,0.0,0.0
2026-03-31 02:55:22,582,669755.0,62174.0,1852.0,0.0,0.0,0.0,1676.0,152.0,5.0,7.4371072e+07,1.168310272e+09,4910.450000000001,26.0,243838.0,2.0,243836.0,243836.0,11.0,0.0,0.0
2026-03-31 02:55:34,583,669755.0,62174.0,1852.0,0.0,0.0,0.0,1676.0,152.0,5.0,7.4371072e+07,1.168310272e+09,4910.469999999999,26.0,243838.0,2.0,243836.0,243836.0,11.0,0.0,0.0
2026-03-31 02:55:45,583,669755.0,62174.0,1852.0,0.0,0.0,0.0,1676.0,152.0,5.0,7.4371072e+07,1.168310272e+09,4910.48,26.0,243838.0,2.0,243836.0,243836.0,11.0,0.0,0.0
2026-03-31 02:55:57,583,669755.0,62174.0,1852.0,0.0,0.0,0.0,1676.0,152.0,5.0,7.4371072e+07,1.168310272e+09,4910.49,26.0,243838.0,2.0,243836.0,243836.0,11.0,0.0,0.0
2026-03-31 02:56:09,583,669755.0,62174.0,1852.0,0.0,0.0,0.0,1676.0,152.0,5.0,7.4371072e+07,1.168310272e+09,4910.51,26.0,243838.0,2.0,243836.0,243836.0,11.0,0.0,0.0
2026-03-31 02:56:20,583,669755.0,62174.0,1852.0,0.0,0.0,0.0,1676.0,152.0,5.0,7.4371072e+07,1.168310272e+09,4910.53,26.0,243838.0,2.0,243836.0,243836.0,11.0,0.0,0.0
2026-03-31 02:56:32,584,669755.0,62174.0,1852.0,0.0,0.0,0.0,1676.0,152.0,5.0,7.4371072e+07,1.168310272e+09,4910.54,26.0,243838.0,2.0,243836.0,243836.0,11.0,0.0,0.0
2026-03-31 02:56:44,584,669755.0,62174.0,1852.0,0.0,0.0,0.0,1676.0,152.0,5.0,7.4371072e+07,1.168310272e+09,4910.56,26.0,243838.0,2.0,243836.0,243836.0,11.0,0.0,0.0
2026-03-31 02:56:56,584,669755.0,62174.0,1852.0,0.0,0.0,0.0,1676.0,152.0,5.0,7.4371072e+07,1.168310272e+09,4910.58,26.0,243838.0,2.0,243836.0,243836.0,11.0,0.0,0.0
2026-03-31 02:57:07,584,669755.0,62174.0,1852.0,0.0,0.0,0.0,1676.0,152.0,5.0,7.4371072e+07,1.168310272e+09,4910.59,26.0,243838.0,2.0,243836.0,243836.0,11.0,0.0,0.0
2026-03-31 02:57:19,584,669755.0,62174.0,1852.0,0.0,0.0,0.0,1676.0,152.0,5.0,7.4371072e+07,1.168310272e+09,4910.599999999999,26.0,243838.0,2.0,243836.0,243836.0,11.0,0.0,0.0
2026-03-31 02:57:31,585,669755.0,62174.0,1852.0,0.0,0.0,0.0,1676.0,152.0,5.0,7.4371072e+07,1.168310272e+09,4910.62,26.0,243838.0,2.0,243836.0,243836.0,11.0,0.0,0.0
2026-03-31 02:57:43,585,669755.0,62174.0,1852.0,0.0,0.0,0.0,1676.0,152.0,5.0,7.4371072e+07,1.168310272e+09,4910.63,26.0,243838.0,2.0,243836.0,243836.0,11.0,0.0,0.0
2026-03-31 02:57:55,585,669755.0,62174.0,1852.0,0.0,0.0,0.0,1676.0,152.0,5.0,7.4371072e+07,1.168310272e+09,4910.65,26.0,243838.0,2.0,243836.0,243836.0,11.0,0.0,0.0
2026-03-31 02:58:06,585,669755.0,62174.0,1852.0,0.0,0.0,0.0,1676.0,152.0,5.0,7.4371072e+07,1.168310272e+09,4910.66,26.0,243838.0,2.0,243836.0,243836.0,11.0,0.0,0.0
2026-03-31 02:58:18,585,669755.0,62174.0,1852.0,0.0,0.0,0.0,1676.0,152.0,5.0,7.4371072e+07,1.168310272e+09,4910.6900000000005,26.0,243838.0,2.0,243836.0,243836.0,11.0,0.0,0.0
2026-03-31 02:58:30,586,669755.0,62174.0,1852.0,0.0,0.0,0.0,1676.0,152.0,5.0,7.4371072e+07,1.168310272e+09,4910.7,26.0,243838.0,2.0,243836.0,243836.0,11.0,0.0,0.0
2026-03-31 02:58:42,586,669755.0,62174.0,1852.0,0.0,0.0,0.0,1676.0,152.0,5.0,7.4371072e+07,1.168310272e+09,4910.719999999999,26.0,243838.0,2.0,243836.0,243836.0,11.0,0.0,0.0
2026-03-31 02:58:54,586,669755.0,62174.0,1852.0,0.0,0.0,0.0,1676.0,152.0,5.0,7.4371072e+07,1.168310272e+09,4910.73,26.0,243838.0,2.0,243836.0,243836.0,11.0,0.0,0.0
2026-03-31 02:59:05,586,669755.0,62174.0,1852.0,0.0,0.0,0.0,1676.0,152.0,5.0,7.4371072e+07,1.168310272e+09,4910.74,26.0,243838.0,2.0,243836.0,243836.0,11.0,0.0,0.0
2026-03-31 02:59:17,586,669755.0,62174.0,1852.0,0.0,0.0,0.0,1676.0,152.0,5.0,7.4371072e+07,1.168310272e+09,4910.76,26.0,243838.0,2.0,243836.0,243836.0,11.0,0.0,0.0
2026-03-31 02:59:29,587,669755.0,62174.0,1852.0,0.0,0.0,0.0,1676.0,152.0,5.0,7.4371072e+07,1.168310272e+09,4910.77,26.0,243838.0,2.0,243836.0,243836.0,11.0,0.0,0.0
2026-03-31 02:59:41,587,669755.0,62174.0,1852.0,0.0,0.0,0.0,1676.0,152.0,5.0,7.4371072e+07,1.168310272e+09,4910.8,26.0,243838.0,2.0,243836.0,243836.0,11.0,0.0,0.0
2026-03-31 02:59:52,587,669755.0,62174.0,1852.0,0.0,0.0,0.0,1676.0,152.0,5.0,7.4371072e+07,1.168310272e+09,4910.8,26.0,243838.0,2.0,243836.0,243836.0,11.0,0.0,0.0
2026-03-31 03:00:04,587,669755.0,62174.0,1852.0,0.0,0.0,0.0,1676.0,152.0,5.0,7.4371072e+07,1.168310272e+09,4910.83,26.0,243838.0,2.0,243836.0,243836.0,11.0,0.0,0.0
2026-03-31 03:00:16,587,669755.0,62174.0,1852.0,0.0,0.0,0.0,1676.0,152.0,5.0,7.4371072e+07,1.168310272e+09,4910.84,26.0,243838.0,2.0,243836.0,243836.0,11.0,0.0,0.0
2026-03-31 03:00:27,588,669755.0,62174.0,1852.0,0.0,0.0,0.0,1676.0,152.0,5.0,7.4371072e+07,1.168310272e+09,4910.85,26.0,243838.0,2.0,243836.0,243836.0,11.0,0.0,0.0
2026-03-31 03:00:39,588,669755.0,62174.0,1852.0,0.0,0.0,0.0,1676.0,152.0,5.0,7.4371072e+07,1.168310272e+09,4910.870000000001,26.0,243838.0,2.0,243836.0,243836.0,11.0,0.0,0.0
2026-03-31 03:00:51,588,669755.0,62174.0,1852.0,0.0,0.0,0.0,1676.0,152.0,5.0,7.4371072e+07,1.168310272e+09,4910.889999999999,26.0,243838.0,2.0,243836.0,243836.0,11.0,0.0,0.0
2026-03-31 03:01:03,588,669755.0,62174.0,1852.0,0.0,0.0,0.0,1676.0,152.0,5.0,7.4371072e+07,1.168310272e+09,4910.91,26.0,243838.0,2.0,243836.0,243836.0,11.0,0.0,0.0
2026-03-31 03:01:14,588,669755.0,62174.0,1852.0,0.0,0.0,0.0,1676.0,152.0,5.0,7.4371072e+07,1.168310272e+09,4910.91,26.0,243838.0,2.0,243836.0,243836.0,11.0,0.0,0.0
2026-03-31 03:01:26,589,669755.0,62174.0,1852.0,0.0,0.0,0.0,1676.0,152.0,5.0,7.4371072e+07,1.168310272e+09,4910.9400000000005,26.0,243838.0,2.0,243836.0,243836.0,11.0,0.0,0.0
2026-03-31 03:01:38,589,669755.0,62174.0,1852.0,0.0,0.0,0.0,1676.0,152.0,5.0,7.4371072e+07,1.168310272e+09,4910.950000000001,26.0,243838.0,2.0,243836.0,243836.0,11.0,0.0,0.0
2026-03-31 03:01:50,589,669755.0,62174.0,1852.0,0.0,0.0,0.0,1676.0,152.0,5.0,7.4371072e+07,1.168310272e+09,4910.96,26.0,243838.0,2.0,243836.0,243836.0,11.0,0.0,0.0
2026-03-31 03:02:01,589,669755.0,62174.0,1852.0,0.0,0.0,0.0,1676.0,152.0,5.0,7.4371072e+07,1.168310272e+09,4910.99,26.0,243838.0,2.0,243836.0,243836.0,11.0,0.0,0.0
2026-03-31 03:02:13,589,669755.0,62174.0,1852.0,0.0,0.0,0.0,1676.0,152.0,5.0,7.4371072e+07,1.168310272e+09,4910.99,26.0,243838.0,2.0,243836.0,243836.0,11.0,0.0,0.0
2026-03-31 03:02:25,590,669755.0,62174.0,1852.0,0.0,0.0,0.0,1676.0,152.0,5.0,7.4371072e+07,1.168310272e+09,4911.0199999999995,26.0,243838.0,2.0,243836.0,243836.0,11.0,0.0,0.0
2026-03-31 03:02:37,590,669755.0,62174.0,1852.0,0.0,0.0,0.0,1676.0,152.0,5.0,7.4371072e+07,1.168310272e+09,4911.03,26.0,243838.0,2.0,243836.0,243836.0,11.0,0.0,0.0
2026-03-31 03:02:48,590,669755.0,62174.0,1852.0,0.0,0.0,0.0,1676.0,152.0,5.0,7.4371072e+07,1.168310272e+09,4911.05,26.0,243838.0,2.0,243836.0,243836.0,11.0,0.0,0.0
2026-03-31 03:03:00,590,669755.0,62174.0,1852.0,0.0,0.0,0.0,1676.0,152.0,5.0,7.4371072e+07,1.168310272e+09,4911.06,26.0,243838.0,2.0,243836.0,243836.0,11.0,0.0,0.0
2026-03-31 03:03:12,590,669755.0,62174.0,1852.0,0.0,0.0,0.0,1676.0,152.0,5.0,7.4371072e+07,1.168310272e+09,4911.070000000001,26.0,243838.0,2.0,243836.0,243836.0,11.0,0.0,0.0
2026-03-31 03:03:24,590,669755.0,62174.0,1852.0,0.0,0.0,0.0,1676.0,152.0,5.0,7.4371072e+07,1.168310272e+09,4911.089999999999,26.0,243838.0,2.0,243836.0,243836.0,11.0,0.0,0.0
2026-03-31 03:03:35,591,669755.0,62174.0,1852.0,0.0,0.0,0.0,1676.0,152.0,5.0,7.4371072e+07,1.168310272e+09,4911.099999999999,26.0,243838.0,2.0,243836.0,243836.0,11.0,0.0,0.0
2026-03-31 03:03:47,591,669755.0,62174.0,1852.0,0.0,0.0,0.0,1676.0,152.0,5.0,7.4371072e+07,1.168310272e+09,4911.11,26.0,243838.0,2.0,243836.0,243836.0,11.0,0.0,0.0
2026-03-31 03:03:59,591,669755.0,62174.0,1852.0,0.0,0.0,0.0,1676.0,152.0,5.0,7.4371072e+07,1.168310272e+09,4911.13,26.0,243838.0,2.0,243836.0,243836.0,11.0,0.0,0.0
2026-03-31 03:04:11,591,669755.0,62174.0,1852.0,0.0,0.0,0.0,1676.0,152.0,5.0,7.4371072e+07,1.168310272e+09,4911.150000000001,26.0,243838.0,2.0,243836.0,243836.0,11.0,0.0,0.0
2026-03-31 03:04:22,591,669755.0,62174.0,1852.0,0.0,0.0,0.0,1676.0,152.0,5.0,7.4371072e+07,1.168310272e+09,4911.16,26.0,243838.0,2.0,243836.0,243836.0,11.0,0.0,0.0
2026-03-31 03:04:34,592,669755.0,62174.0,1852.0,0.0,0.0,0.0,1676.0,152.0,5.0,7.4371072e+07,1.168310272e+09,4911.18,26.0,243838.0,2.0,243836.0,243836.0,11.0,0.0,0.0
2026-03-31 03:04:46,592,669755.0,62174.0,1852.0,0.0,0.0,0.0,1676.0,152.0,5.0,7.4371072e+07,1.168310272e+09,4911.200000000001,26.0,243838.0,2.0,243836.0,243836.0,11.0,0.0,0.0
2026-03-31 03:04:58,592,669755.0,62174.0,1852.0,0.0,0.0,0.0,1676.0,152.0,5.0,7.4371072e+07,1.168310272e+09,4911.21,26.0,243838.0,2.0,243836.0,243836.0,11.0,0.0,0.0
2026-03-31 03:05:10,592,669755.0,62174.0,1852.0,0.0,0.0,0.0,1676.0,152.0,5.0,7.4371072e+07,1.168310272e+09,4911.23,26.0,243838.0,2.0,243836.0,243836.0,11.0,0.0,0.0
2026-03-31 03:05:21,592,669755.0,62174.0,1852.0,0.0,0.0,0.0,1676.0,152.0,5.0,7.4371072e+07,1.168310272e+09,4911.24,26.0,243838.0,2.0,243836.0,243836.0,11.0,0.0,0.0
2026-03-31 03:05:33,593,669755.0,62174.0,1852.0,0.0,0.0,0.0,1676.0,152.0,5.0,7.4371072e+07,1.168310272e+09,4911.26,26.0,243838.0,2.0,243836.0,243836.0,11.0,0.0,0.0
2026-03-31 03:05:45,593,669755.0,62174.0,1852.0,0.0,0.0,0.0,1676.0,152.0,5.0,7.4371072e+07,1.168310272e+09,4911.27,26.0,243838.0,2.0,243836.0,243836.0,11.0,0.0,0.0
2026-03-31 03:05:56,593,669755.0,62174.0,1852.0,0.0,0.0,0.0,1676.0,152.0,5.0,7.4371072e+07,1.168310272e+09,4911.29,26.0,243838.0,2.0,243836.0,243836.0,11.0,0.0,0.0
2026-03-31 03:06:08,593,669755.0,62174.0,1852.0,0.0,0.0,0.0,1676.0,152.0,5.0,7.4371072e+07,1.168310272e+09,4911.3,26.0,243838.0,2.0,243836.0,243836.0,11.0,0.0,0.0
2026-03-31 03:06:20,593,669755.0,62174.0,1852.0,0.0,0.0,0.0,1676.0,152.0,5.0,7.4371072e+07,1.168310272e+09,4911.320000000001,26.0,243838.0,2.0,243836.0,243836.0,11.0,0.0,0.0
2026-03-31 03:06:32,594,669755.0,62174.0,1852.0,0.0,0.0,0.0,1676.0,152.0,5.0,7.4371072e+07,1.168310272e+09,4911.339999999999,26.0,243838.0,2.0,243836.0,243836.0,11.0,0.0,0.0
2026-03-31 03:06:43,594,669755.0,62174.0,1852.0,0.0,0.0,0.0,1676.0,152.0,5.0,7.4371072e+07,1.168310272e+09,4911.349999999999,26.0,243838.0,2.0,243836.0,243836.0,11.0,0.0,0.0
2026-03-31 03:06:55,594,669755.0,62174.0,1852.0,0.0,0.0,0.0,1676.0,152.0,5.0,7.4371072e+07,1.168310272e+09,4911.36,26.0,243838.0,2.0,243836.0,243836.0,11.0,0.0,0.0
2026-03-31 03:07:07,594,669755.0,62174.0,1852.0,0.0,0.0,0.0,1676.0,152.0,5.0,7.4371072e+07,1.168310272e+09,4911.38,26.0,243838.0,2.0,243836.0,243836.0,11.0,0.0,0.0
2026-03-31 03:07:19,594,669755.0,62174.0,1852.0,0.0,0.0,0.0,1676.0,152.0,5.0,7.4371072e+07,1.168310272e+09,4911.39,26.0,243838.0,2.0,243836.0,243836.0,11.0,0.0,0.0
2026-03-31 03:07:30,595,669755.0,62174.0,1852.0,0.0,0.0,0.0,1676.0,152.0,5.0,7.4371072e+07,1.168310272e+09,4911.41,26.0,243838.0,2.0,243836.0,243836.0,11.0,0.0,0.0
2026-03-31 03:07:42,595,669755.0,62174.0,1852.0,0.0,0.0,0.0,1676.0,152.0,5.0,7.4371072e+07,1.168310272e+09,4911.42,26.0,243838.0,2.0,243836.0,243836.0,11.0,0.0,0.0
2026-03-31 03:07:54,595,669755.0,62174.0,1852.0,0.0,0.0,0.0,1676.0,152.0,5.0,7.4371072e+07,1.168310272e+09,4911.4400000000005,26.0,243838.0,2.0,243836.0,243836.0,11.0,0.0,0.0
2026-03-31 03:08:06,595,669755.0,62174.0,1852.0,0.0,0.0,0.0,1676.0,152.0,5.0,7.4371072e+07,1.168310272e+09,4911.459999999999,26.0,243838.0,2.0,243836.0,243836.0,11.0,0.0,0.0
2026-03-31 03:08:17,595,669755.0,62174.0,1852.0,0.0,0.0,0.0,1676.0,152.0,5.0,7.4371072e+07,1.168310272e+09,4911.469999999999,26.0,243838.0,2.0,243836.0,243836.0,11.0,0.0,0.0
2026-03-31 03:08:29,596,669755.0,62174.0,1852.0,0.0,0.0,0.0,1676.0,152.0,5.0,7.4371072e+07,1.168310272e+09,4911.49,26.0,243838.0,2.0,243836.0,243836.0,11.0,0.0,0.0
2026-03-31 03:08:41,596,669755.0,62174.0,1852.0,0.0,0.0,0.0,1676.0,152.0,5.0,7.4371072e+07,1.168310272e+09,4911.5,26.0,243838.0,2.0,243836.0,243836.0,11.0,0.0,0.0
2026-03-31 03:08:52,596,669755.0,62174.0,1852.0,0.0,0.0,0.0,1676.0,152.0,5.0,7.4371072e+07,1.168310272e+09,4911.52,26.0,243838.0,2.0,243836.0,243836.0,11.0,0.0,0.0
2026-03-31 03:09:04,596,669755.0,62174.0,1852.0,0.0,0.0,0.0,1676.0,152.0,5.0,7.4371072e+07,1.168310272e+09,4911.53,26.0,243838.0,2.0,243836.0,243836.0,11.0,0.0,0.0
2026-03-31 03:09:16,596,669755.0,62174.0,1852.0,0.0,0.0,0.0,1676.0,152.0,5.0,7.4371072e+07,1.168310272e+09,4911.55,26.0,243838.0,2.0,243836.0,243836.0,11.0,0.0,0.0
2026-03-31 03:09:28,597,669755.0,62174.0,1852.0,0.0,0.0,0.0,1676.0,152.0,5.0,7.4371072e+07,1.168310272e+09,4911.56,26.0,243838.0,2.0,243836.0,243836.0,11.0,0.0,0.0
2026-03-31 03:09:39,597,669755.0,62174.0,1852.0,0.0,0.0,0.0,1676.0,152.0,5.0,7.4371072e+07,1.168310272e+09,4911.58,26.0,243838.0,2.0,243836.0,243836.0,11.0,0.0,0.0
2026-03-31 03:09:51,597,669755.0,62174.0,1852.0,0.0,0.0,0.0,1676.0,152.0,5.0,7.4371072e+07,1.168310272e+09,4911.59,26.0,243838.0,2.0,243836.0,243836.0,11.0,0.0,0.0
2026-03-31 03:10:03,597,669755.0,62174.0,1852.0,0.0,0.0,0.0,1676.0,152.0,5.0,7.4371072e+07,1.168310272e+09,4911.61,26.0,243838.0,2.0,243836.0,243836.0,11.0,0.0,0.0
2026-03-31 03:10:15,597,669755.0,62174.0,1852.0,0.0,0.0,0.0,1676.0,152.0,5.0,7.4371072e+07,1.168310272e+09,4911.63,26.0,243838.0,2.0,243836.0,243836.0,11.0,0.0,0.0
2026-03-31 03:10:26,598,669755.0,62174.0,1852.0,0.0,0.0,0.0,1676.0,152.0,5.0,7.4371072e+07,1.168310272e+09,4911.650000000001,26.0,243838.0,2.0,243836.0,243836.0,11.0,0.0,0.0
2026-03-31 03:10:38,598,669755.0,62174.0,1852.0,0.0,0.0,0.0,1676.0,152.0,5.0,7.4371072e+07,1.168310272e+09,4911.66,26.0,243838.0,2.0,243836.0,243836.0,11.0,0.0,0.0
2026-03-31 03:10:50,598,669755.0,62174.0,1852.0,0.0,0.0,0.0,1676.0,152.0,5.0,7.4371072e+07,1.168310272e+09,4911.68,26.0,243838.0,2.0,243836.0,243836.0,11.0,0.0,0.0
2026-03-31 03:11:02,598,669755.0,62174.0,1852.0,0.0,0.0,0.0,1676.0,152.0,5.0,7.4371072e+07,1.168310272e+09,4911.6900000000005,26.0,243838.0,2.0,243836.0,243836.0,11.0,0.0,0.0
2026-03-31 03:11:13,598,669755.0,62174.0,1852.0,0.0,0.0,0.0,1676.0,152.0,5.0,7.4371072e+07,1.168310272e+09,4911.71,26.0,243838.0,2.0,243836.0,243836.0,11.0,0.0,0.0
2026-03-31 03:11:25,599,669755.0,62174.0,1852.0,0.0,0.0,0.0,1676.0,152.0,5.0,7.4371072e+07,1.168310272e+09,4911.719999999999,26.0,243838.0,2.0,243836.0,243836.0,11.0,0.0,0.0
2026-03-31 03:11:37,599,669755.0,62174.0,1852.0,0.0,0.0,0.0,1676.0,152.0,5.0,7.4371072e+07,1.168310272e+09,4911.74,26.0,243838.0,2.0,243836.0,243836.0,11.0,0.0,0.0
2026-03-31 03:11:48,599,669755.0,62174.0,1852.0,0.0,0.0,0.0,1676.0,152.0,5.0,7.4371072e+07,1.168310272e+09,4911.75,26.0,243838.0,2.0,243836.0,243836.0,11.0,0.0,0.0
2026-03-31 03:12:00,599,669755.0,62174.0,1852.0,0.0,0.0,0.0,1676.0,152.0,5.0,7.424e+07,1.168310272e+09,4911.7699999999995,26.0,243838.0,2.0,243836.0,243836.0,11.0,0.0,0.0
2026-03-31 03:12:12,599,669755.0,62174.0,1852.0,0.0,0.0,0.0,1676.0,152.0,5.0,7.424e+07,1.168310272e+09,4911.79,26.0,243838.0,2.0,243836.0,243836.0,11.0,0.0,0.0
2026-03-31 03:12:24,599,669755.0,62174.0,1852.0,0.0,0.0,0.0,1676.0,152.0,5.0,7.424e+07,1.168310272e+09,4911.8,26.0,243838.0,2.0,243836.0,243836.0,11.0,0.0,0.0
2026-03-31 03:12:36,600,669755.0,62174.0,1852.0,0.0,0.0,0.0,1676.0,152.0,5.0,7.424e+07,1.168310272e+09,4911.820000000001,26.0,243838.0,2.0,243836.0,243836.0,11.0,0.0,0.0
2026-03-31 03:12:47,600,669755.0,62174.0,1852.0,0.0,0.0,0.0,1676.0,152.0,5.0,7.424e+07,1.168310272e+09,4911.83,26.0,243838.0,2.0,243836.0,243836.0,11.0,0.0,0.0
2026-03-31 03:12:59,600,669755.0,62174.0,1852.0,0.0,0.0,0.0,1676.0,152.0,5.0,7.4371072e+07,1.168310272e+09,4911.849999999999,26.0,243838.0,2.0,243836.0,243836.0,11.0,0.0,0.0
2026-03-31 03:13:11,600,669755.0,62174.0,1852.0,0.0,0.0,0.0,1676.0,152.0,5.0,7.4371072e+07,1.168310272e+09,4911.86,26.0,243838.0,2.0,243836.0,243836.0,11.0,0.0,0.0
2026-03-31 03:13:23,600,669755.0,62174.0,1852.0,0.0,0.0,0.0,1676.0,152.0,5.0,7.4371072e+07,1.168310272e+09,4911.88,26.0,243838.0,2.0,243836.0,243836.0,11.0,0.0,0.0
2026-03-31 03:13:34,601,669755.0,62174.0,1852.0,0.0,0.0,0.0,1676.0,152.0,5.0,7.4371072e+07,1.168310272e+09,4911.900000000001,26.0,243838.0,2.0,243836.0,243836.0,11.0,0.0,0.0
2026-03-31 03:13:46,601,669755.0,62174.0,1852.0,0.0,0.0,0.0,1676.0,152.0,5.0,7.4371072e+07,1.168310272e+09,4911.910000000001,26.0,243838.0,2.0,243836.0,243836.0,11.0,0.0,0.0
2026-03-31 03:13:58,601,669755.0,62174.0,1852.0,0.0,0.0,0.0,1676.0,152.0,5.0,7.4371072e+07,1.168310272e+09,4911.93,26.0,243838.0,2.0,243836.0,243836.0,11.0,0.0,0.0
2026-03-31 03:14:10,601,669755.0,62174.0,1852.0,0.0,0.0,0.0,1676.0,152.0,5.0,7.4371072e+07,1.168310272e+09,4911.9400000000005,26.0,243838.0,2.0,243836.0,243836.0,11.0,0.0,0.0
2026-03-31 03:14:21,601,669755.0,62174.0,1852.0,0.0,0.0,0.0,1676.0,152.0,5.0,7.4371072e+07,1.168310272e+09,4911.95,26.0,243838.0,2.0,243836.0,243836.0,11.0,0.0,0.0
2026-03-31 03:14:33,602,669755.0,62174.0,1852.0,0.0,0.0,0.0,1676.0,152.0,5.0,7.4371072e+07,1.168310272e+09,4911.969999999999,26.0,243838.0,2.0,243836.0,243836.0,11.0,0.0,0.0
2026-03-31 03:14:45,602,669755.0,62174.0,1852.0,0.0,0.0,0.0,1676.0,152.0,5.0,7.4371072e+07,1.168310272e+09,4911.99,26.0,243838.0,2.0,243836.0,243836.0,11.0,0.0,0.0
2026-03-31 03:14:57,602,669755.0,62174.0,1852.0,0.0,0.0,0.0,1676.0,152.0,5.0,7.4371072e+07,1.168310272e+09,4912.0,26.0,243838.0,2.0,243836.0,243836.0,11.0,0.0,0.0
2026-03-31 03:15:08,602,669755.0,62174.0,1852.0,0.0,0.0,0.0,1676.0,152.0,5.0,7.4371072e+07,1.168310272e+09,4912.02,26.0,243838.0,2.0,243836.0,243836.0,11.0,0.0,0.0
2026-03-31 03:15:20,602,669755.0,62174.0,1852.0,0.0,0.0,0.0,1676.0,152.0,5.0,7.4371072e+07,1.168310272e+09,4912.03,26.0,243838.0,2.0,243836.0,243836.0,11.0,0.0,0.0
2026-03-31 03:15:32,603,669755.0,62174.0,1852.0,0.0,0.0,0.0,1676.0,152.0,5.0,7.4371072e+07,1.168310272e+09,4912.05,26.0,243838.0,2.0,243836.0,243836.0,11.0,0.0,0.0
2026-03-31 03:15:44,603,669755.0,62174.0,1852.0,0.0,0.0,0.0,1676.0,152.0,5.0,7.4371072e+07,1.168310272e+09,4912.0599999999995,26.0,243838.0,2.0,243836.0,243836.0,11.0,0.0,0.0
2026-03-31 03:15:55,603,669755.0,62174.0,1852.0,0.0,0.0,0.0,1676.0,152.0,5.0,7.4371072e+07,1.168310272e+09,4912.08,26.0,243838.0,2.0,243836.0,243836.0,11.0,0.0,0.0
2026-03-31 03:16:07,603,669755.0,62174.0,1852.0,0.0,0.0,0.0,1676.0,152.0,5.0,7.4371072e+07,1.168310272e+09,4912.1,26.0,243838.0,2.0,243836.0,243836.0,11.0,0.0,0.0
2026-03-31 03:16:19,603,669755.0,62174.0,1852.0,0.0,0.0,0.0,1676.0,152.0,5.0,7.4371072e+07,1.168310272e+09,4912.11,26.0,243838.0,2.0,243836.0,243836.0,11.0,0.0,0.0
2026-03-31 03:16:30,604,669755.0,62174.0,1852.0,0.0,0.0,0.0,1676.0,152.0,5.0,7.4371072e+07,1.168310272e+09,4912.13,26.0,243838.0,2.0,243836.0,243836.0,11.0,0.0,0.0
2026-03-31 03:16:42,604,669755.0,62174.0,1852.0,0.0,0.0,0.0,1676.0,152.0,5.0,7.4371072e+07,1.168310272e+09,4912.15,26.0,243838.0,2.0,243836.0,243836.0,11.0,0.0,0.0
2026-03-31 03:16:54,604,669755.0,62174.0,1852.0,0.0,0.0,0.0,1676.0,152.0,5.0,7.4371072e+07,1.168310272e+09,4912.16,26.0,243838.0,2.0,243836.0,243836.0,11.0,0.0,0.0
2026-03-31 03:17:06,604,669755.0,62174.0,1852.0,0.0,0.0,0.0,1676.0,152.0,5.0,7.4371072e+07,1.168310272e+09,4912.179999999999,26.0,243838.0,2.0,243836.0,243836.0,11.0,0.0,0.0
2026-03-31 03:17:17,604,669755.0,62174.0,1852.0,0.0,0.0,0.0,1676.0,152.0,5.0,7.4371072e+07,1.168310272e+09,4912.19,26.0,243838.0,2.0,243836.0,243836.0,11.0,0.0,0.0
2026-03-31 03:17:29,605,669755.0,62174.0,1852.0,0.0,0.0,0.0,1676.0,152.0,5.0,7.4371072e+07,1.168310272e+09,4912.22,26.0,243838.0,2.0,243836.0,243836.0,11.0,0.0,0.0
2026-03-31 03:17:41,605,669755.0,62174.0,1852.0,0.0,0.0,0.0,1676.0,152.0,5.0,7.4371072e+07,1.168310272e+09,4912.2300000000005,26.0,243838.0,2.0,243836.0,243836.0,11.0,0.0,0.0
2026-03-31 03:17:53,605,669755.0,62174.0,1852.0,0.0,0.0,0.0,1676.0,152.0,5.0,7.4371072e+07,1.168310272e+09,4912.25,26.0,243838.0,2.0,243836.0,243836.0,11.0,0.0,0.0
2026-03-31 03:18:04,605,669755.0,62174.0,1852.0,0.0,0.0,0.0,1676.0,152.0,5.0,7.424e+07,1.168310272e+09,4912.26,26.0,243838.0,2.0,243836.0,243836.0,11.0,0.0,0.0
2026-03-31 03:18:16,605,669755.0,62174.0,1852.0,0.0,0.0,0.0,1676.0,152.0,5.0,7.424e+07,1.168310272e+09,4912.2699999999995,26.0,243838.0,2.0,243836.0,243836.0,11.0,0.0,0.0
2026-03-31 03:18:28,606,669755.0,62174.0,1852.0,0.0,0.0,0.0,1676.0,152.0,5.0,7.424e+07,1.168310272e+09,4912.28,26.0,243838.0,2.0,243836.0,243836.0,11.0,0.0,0.0
2026-03-31 03:18:40,606,669755.0,62174.0,1852.0,0.0,0.0,0.0,1676.0,152.0,5.0,7.424e+07,1.168310272e+09,4912.31,26.0,243838.0,2.0,243836.0,243836.0,11.0,0.0,0.0
2026-03-31 03:18:52,606,669755.0,62174.0,1852.0,0.0,0.0,0.0,1676.0,152.0,5.0,7.424e+07,1.168310272e+09,4912.32,26.0,243838.0,2.0,243836.0,243836.0,11.0,0.0,0.0
2026-03-31 03:19:03,606,669755.0,62174.0,1852.0,0.0,0.0,0.0,1676.0,152.0,5.0,7.424e+07,1.168310272e+09,4912.34,26.0,243838.0,2.0,243836.0,243836.0,11.0,0.0,0.0
2026-03-31 03:19:15,606,669755.0,62174.0,1852.0,0.0,0.0,0.0,1676.0,152.0,5.0,7.424e+07,1.168310272e+09,4912.35,26.0,243838.0,2.0,243836.0,243836.0,11.0,0.0,0.0
2026-03-31 03:19:27,607,669755.0,62174.0,1852.0,0.0,0.0,0.0,1676.0,152.0,5.0,7.424e+07,1.168310272e+09,4912.370000000001,26.0,243838.0,2.0,243836.0,243836.0,11.0,0.0,0.0
2026-03-31 03:19:39,607,669755.0,62174.0,1852.0,0.0,0.0,0.0,1676.0,152.0,5.0,7.424e+07,1.168310272e+09,4912.38,26.0,243838.0,2.0,243836.0,243836.0,11.0,0.0,0.0
2026-03-31 03:19:51,607,669755.0,62174.0,1852.0,0.0,0.0,0.0,1676.0,152.0,5.0,7.424e+07,1.168310272e+09,4912.400000000001,26.0,243838.0,2.0,243836.0,243836.0,11.0,0.0,0.0
2026-03-31 03:20:02,607,669755.0,62174.0,1852.0,0.0,0.0,0.0,1676.0,152.0,5.0,7.424e+07,1.168310272e+09,4912.42,26.0,243838.0,2.0,243836.0,243836.0,11.0,0.0,0.0
2026-03-31 03:20:14,607,669755.0,62174.0,1852.0,0.0,0.0,0.0,1676.0,152.0,5.0,7.424e+07,1.168310272e+09,4912.44,26.0,243838.0,2.0,243836.0,243836.0,11.0,0.0,0.0
2026-03-31 03:20:26,608,669755.0,62174.0,1852.0,0.0,0.0,0.0,1676.0,152.0,5.0,7.424e+07,1.168310272e+09,4912.44,26.0,243838.0,2.0,243836.0,243836.0,11.0,0.0,0.0
2026-03-31 03:20:38,608,669755.0,62174.0,1852.0,0.0,0.0,0.0,1676.0,152.0,5.0,7.424e+07,1.168310272e+09,4912.46,26.0,243838.0,2.0,243836.0,243836.0,11.0,0.0,0.0
2026-03-31 03:20:49,608,669755.0,62174.0,1852.0,0.0,0.0,0.0,1676.0,152.0,5.0,7.424e+07,1.168310272e+09,4912.4800000000005,26.0,243838.0,2.0,243836.0,243836.0,11.0,0.0,0.0
2026-03-31 03:21:01,608,669755.0,62174.0,1852.0,0.0,0.0,0.0,1676.0,152.0,5.0,7.424e+07,1.168310272e+09,4912.5,26.0,243838.0,2.0,243836.0,243836.0,11.0,0.0,0.0
2026-03-31 03:21:13,608,669755.0,62174.0,1852.0,0.0,0.0,0.0,1676.0,152.0,5.0,7.424e+07,1.168310272e+09,4912.509999999999,26.0,243838.0,2.0,243836.0,243836.0,11.0,0.0,0.0
2026-03-31 03:21:24,608,669755.0,62174.0,1852.0,0.0,0.0,0.0,1676.0,152.0,5.0,7.424e+07,1.168310272e+09,4912.53,26.0,243838.0,2.0,243836.0,243836.0,11.0,0.0,0.0
2026-03-31 03:21:36,609,669755.0,62174.0,1852.0,0.0,0.0,0.0,1676.0,152.0,5.0,7.424e+07,1.168310272e+09,4912.55,26.0,243838.0,2.0,243836.0,243836.0,11.0,0.0,0.0
2026-03-31 03:21:48,609,669755.0,62174.0,1852.0,0.0,0.0,0.0,1676.0,152.0,5.0,7.424e+07,1.168310272e+09,4912.56,26.0,243838.0,2.0,243836.0,243836.0,11.0,0.0,0.0
2026-03-31 03:22:00,609,669755.0,62174.0,1852.0,0.0,0.0,0.0,1676.0,152.0,5.0,7.424e+07,1.168310272e+09,4912.58,26.0,243838.0,2.0,243836.0,243836.0,11.0,0.0,0.0
2026-03-31 03:22:11,609,669755.0,62174.0,1852.0,0.0,0.0,0.0,1676.0,152.0,5.0,7.424e+07,1.168310272e+09,4912.599999999999,26.0,243838.0,2.0,243836.0,243836.0,11.0,0.0,0.0
2026-03-31 03:22:23,609,669755.0,62174.0,1852.0,0.0,0.0,0.0,1676.0,152.0,5.0,7.424e+07,1.168310272e+09,4912.62,26.0,243838.0,2.0,243836.0,243836.0,11.0,0.0,0.0
2026-03-31 03:22:35,610,669755.0,62174.0,1852.0,0.0,0.0,0.0,1676.0,152.0,5.0,7.424e+07,1.168310272e+09,4912.63,26.0,243838.0,2.0,243836.0,243836.0,11.0,0.0,0.0
2026-03-31 03:22:47,610,669755.0,62174.0,1852.0,0.0,0.0,0.0,1676.0,152.0,5.0,7.424e+07,1.168310272e+09,4912.64,26.0,243838.0,2.0,243836.0,243836.0,11.0,0.0,0.0
2026-03-31 03:22:58,610,669755.0,62174.0,1852.0,0.0,0.0,0.0,1676.0,152.0,5.0,7.424e+07,1.168310272e+09,4912.66,26.0,243838.0,2.0,243836.0,243836.0,11.0,0.0,0.0
2026-03-31 03:23:10,610,669755.0,62174.0,1852.0,0.0,0.0,0.0,1676.0,152.0,5.0,7.424e+07,1.168310272e+09,4912.67,26.0,243838.0,2.0,243836.0,243836.0,11.0,0.0,0.0
2026-03-31 03:23:22,610,669755.0,62174.0,1852.0,0.0,0.0,0.0,1676.0,152.0,5.0,7.424e+07,1.168310272e+09,4912.69,26.0,243838.0,2.0,243836.0,243836.0,11.0,0.0,0.0
2026-03-31 03:23:34,611,669755.0,62174.0,1852.0,0.0,0.0,0.0,1676.0,152.0,5.0,7.424e+07,1.168310272e+09,4912.71,26.0,243838.0,2.0,243836.0,243836.0,11.0,0.0,0.0
2026-03-31 03:23:45,611,669755.0,62174.0,1852.0,0.0,0.0,0.0,1676.0,152.0,5.0,7.424e+07,1.168310272e+09,4912.72,26.0,243838.0,2.0,243836.0,243836.0,11.0,0.0,0.0
2026-03-31 03:23:57,611,669755.0,62174.0,1852.0,0.0,0.0,0.0,1676.0,152.0,5.0,7.424e+07,1.168310272e+09,4912.7300000000005,26.0,243838.0,2.0,243836.0,243836.0,11.0,0.0,0.0
2026-03-31 03:24:09,611,669755.0,62174.0,1852.0,0.0,0.0,0.0,1676.0,152.0,5.0,7.424e+07,1.168310272e+09,4912.75,26.0,243838.0,2.0,243836.0,243836.0,11.0,0.0,0.0
2026-03-31 03:24:21,611,669755.0,62174.0,1852.0,0.0,0.0,0.0,1676.0,152.0,5.0,7.424e+07,1.168310272e+09,4912.76,26.0,243838.0,2.0,243836.0,243836.0,11.0,0.0,0.0
2026-03-31 03:24:32,612,669755.0,62174.0,1852.0,0.0,0.0,0.0,1676.0,152.0,5.0,7.424e+07,1.168310272e+09,4912.790000000001,26.0,243838.0,2.0,243836.0,243836.0,11.0,0.0,0.0
2026-03-31 03:24:44,612,669755.0,62174.0,1852.0,0.0,0.0,0.0,1676.0,152.0,5.0,7.424e+07,1.168310272e+09,4912.799999999999,26.0,243838.0,2.0,243836.0,243836.0,11.0,0.0,0.0
2026-03-31 03:24:56,612,669755.0,62174.0,1852.0,0.0,0.0,0.0,1676.0,152.0,5.0,7.424e+07,1.168310272e+09,4912.8099999999995,26.0,243838.0,2.0,243836.0,243836.0,11.0,0.0,0.0
2026-03-31 03:25:08,612,669755.0,62174.0,1852.0,0.0,0.0,0.0,1676.0,152.0,5.0,7.424e+07,1.168310272e+09,4912.84,26.0,243838.0,2.0,243836.0,243836.0,11.0,0.0,0.0
2026-03-31 03:25:19,612,669755.0,62174.0,1852.0,0.0,0.0,0.0,1676.0,152.0,5.0,7.424e+07,1.168310272e+09,4912.85,26.0,243838.0,2.0,243836.0,243836.0,11.0,0.0,0.0
2026-03-31 03:25:31,613,669755.0,62174.0,1852.0,0.0,0.0,0.0,1676.0,152.0,5.0,7.424e+07,1.168310272e+09,4912.87,26.0,243838.0,2.0,243836.0,243836.0,11.0,0.0,0.0
2026-03-31 03:25:43,613,669755.0,62174.0,1852.0,0.0,0.0,0.0,1676.0,152.0,5.0,7.424e+07,1.168310272e+09,4912.88,26.0,243838.0,2.0,243836.0,243836.0,11.0,0.0,0.0
2026-03-31 03:25:55,613,669755.0,62174.0,1852.0,0.0,0.0,0.0,1676.0,152.0,5.0,7.424e+07,1.168310272e+09,4912.9,26.0,243838.0,2.0,243836.0,243836.0,11.0,0.0,0.0
2026-03-31 03:26:06,613,669755.0,62174.0,1852.0,0.0,0.0,0.0,1676.0,152.0,5.0,7.424e+07,1.168310272e+09,4912.91,26.0,243838.0,2.0,243836.0,243836.0,11.0,0.0,0.0
2026-03-31 03:26:18,613,669755.0,62174.0,1852.0,0.0,0.0,0.0,1676.0,152.0,5.0,7.424e+07,1.168310272e+09,4912.929999999999,26.0,243838.0,2.0,243836.0,243836.0,11.0,0.0,0.0
2026-03-31 03:26:30,614,669755.0,62174.0,1852.0,0.0,0.0,0.0,1676.0,152.0,5.0,7.424e+07,1.168310272e+09,4912.94,26.0,243838.0,2.0,243836.0,243836.0,11.0,0.0,0.0
2026-03-31 03:26:41,614,669755.0,62174.0,1852.0,0.0,0.0,0.0,1676.0,152.0,5.0,7.424e+07,1.168310272e+09,4912.96,26.0,243838.0,2.0,243836.0,243836.0,11.0,0.0,0.0
2026-03-31 03:26:53,614,669755.0,62174.0,1852.0,0.0,0.0,0.0,1676.0,152.0,5.0,7.424e+07,1.168310272e+09,4912.98,26.0,243838.0,2.0,243836.0,243836.0,11.0,0.0,0.0
2026-03-31 03:27:05,614,669755.0,62174.0,1852.0,0.0,0.0,0.0,1676.0,152.0,5.0,7.424e+07,1.168310272e+09,4913.0,26.0,243838.0,2.0,243836.0,243836.0,11.0,0.0,0.0
2026-03-31 03:27:17,614,669755.0,62174.0,1852.0,0.0,0.0,0.0,1676.0,152.0,5.0,7.424e+07,1.168310272e+09,4913.02,26.0,243838.0,2.0,243836.0,243836.0,11.0,0.0,0.0
2026-03-31 03:27:28,615,669755.0,62174.0,1852.0,0.0,0.0,0.0,1676.0,152.0,5.0,7.424e+07,1.168310272e+09,4913.030000000001,26.0,243838.0,2.0,243836.0,243836.0,11.0,0.0,0.0
2026-03-31 03:27:40,615,669755.0,62174.0,1852.0,0.0,0.0,0.0,1676.0,152.0,5.0,7.424e+07,1.168310272e+09,4913.04,26.0,243838.0,2.0,243836.0,243836.0,11.0,0.0,0.0
2026-03-31 03:27:52,615,669755.0,62174.0,1852.0,0.0,0.0,0.0,1676.0,152.0,5.0,7.424e+07,1.168310272e+09,4913.0599999999995,26.0,243838.0,2.0,243836.0,243836.0,11.0,0.0,0.0
2026-03-31 03:28:04,615,669755.0,62174.0,1852.0,0.0,0.0,0.0,1676.0,152.0,5.0,7.424e+07,1.168310272e+09,4913.08,26.0,243838.0,2.0,243836.0,243836.0,11.0,0.0,0.0
2026-03-31 03:28:16,615,669755.0,62174.0,1852.0,0.0,0.0,0.0,1676.0,152.0,5.0,7.424e+07,1.168310272e+09,4913.09,26.0,243838.0,2.0,243836.0,243836.0,11.0,0.0,0.0
2026-03-31 03:28:27,616,669755.0,62174.0,1852.0,0.0,0.0,0.0,1676.0,152.0,5.0,7.424e+07,1.168310272e+09,4913.110000000001,26.0,243838.0,2.0,243836.0,243836.0,11.0,0.0,0.0
2026-03-31 03:28:39,616,669755.0,62174.0,1852.0,0.0,0.0,0.0,1676.0,152.0,5.0,7.424e+07,1.168310272e+09,4913.13,26.0,243838.0,2.0,243836.0,243836.0,11.0,0.0,0.0
2026-03-31 03:28:51,616,669755.0,62174.0,1852.0,0.0,0.0,0.0,1676.0,152.0,5.0,7.424e+07,1.168310272e+09,4913.14,26.0,243838.0,2.0,243836.0,243836.0,11.0,0.0,0.0
2026-03-31 03:29:03,616,669755.0,62174.0,1852.0,0.0,0.0,0.0,1676.0,152.0,5.0,7.424e+07,1.168310272e+09,4913.16,26.0,243838.0,2.0,243836.0,243836.0,11.0,0.0,0.0
2026-03-31 03:29:14,616,669755.0,62174.0,1852.0,0.0,0.0,0.0,1676.0,152.0,5.0,7.424e+07,1.168310272e+09,4913.17,26.0,243838.0,2.0,243836.0,243836.0,11.0,0.0,0.0
2026-03-31 03:29:26,617,669755.0,62174.0,1852.0,0.0,0.0,0.0,1676.0,152.0,5.0,7.424e+07,1.168310272e+09,4913.1900000000005,26.0,243838.0,2.0,243836.0,243836.0,11.0,0.0,0.0
2026-03-31 03:29:38,617,669755.0,62174.0,1852.0,0.0,0.0,0.0,1676.0,152.0,5.0,7.424e+07,1.168310272e+09,4913.2,26.0,243838.0,2.0,243836.0,243836.0,11.0,0.0,0.0
2026-03-31 03:29:49,617,669755.0,62174.0,1852.0,0.0,0.0,0.0,1676.0,152.0,5.0,7.424e+07,1.168310272e+09,4913.2300000000005,26.0,243838.0,2.0,243836.0,243836.0,11.0,0.0,0.0
2026-03-31 03:30:01,617,669755.0,62174.0,1852.0,0.0,0.0,0.0,1676.0,152.0,5.0,7.424e+07,1.168310272e+09,4913.240000000001,26.0,243838.0,2.0,243836.0,243836.0,11.0,0.0,0.0
2026-03-31 03:30:13,617,669755.0,62174.0,1852.0,0.0,0.0,0.0,1676.0,152.0,5.0,7.424e+07,1.168310272e+09,4913.25,26.0,243838.0,2.0,243836.0,243836.0,11.0,0.0,0.0
2026-03-31 03:30:25,618,669755.0,62174.0,1852.0,0.0,0.0,0.0,1676.0,152.0,5.0,7.424e+07,1.168310272e+09,4913.2699999999995,26.0,243838.0,2.0,243836.0,243836.0,11.0,0.0,0.0
2026-03-31 03:30:36,618,669755.0,62174.0,1852.0,0.0,0.0,0.0,1676.0,152.0,5.0,7.424e+07,1.168310272e+09,4913.29,26.0,243838.0,2.0,243836.0,243836.0,11.0,0.0,0.0
2026-03-31 03:30:48,618,669755.0,62174.0,1852.0,0.0,0.0,0.0,1676.0,152.0,5.0,7.424e+07,1.168310272e+09,4913.3,26.0,243838.0,2.0,243836.0,243836.0,11.0,0.0,0.0
2026-03-31 03:31:00,618,669755.0,62174.0,1852.0,0.0,0.0,0.0,1676.0,152.0,5.0,7.424e+07,1.168310272e+09,4913.32,26.0,243838.0,2.0,243836.0,243836.0,11.0,0.0,0.0
2026-03-31 03:31:12,618,669755.0,62174.0,1852.0,0.0,0.0,0.0,1676.0,152.0,5.0,7.424e+07,1.168310272e+09,4913.33,26.0,243838.0,2.0,243836.0,243836.0,11.0,0.0,0.0
2026-03-31 03:31:23,618,669755.0,62174.0,1852.0,0.0,0.0,0.0,1676.0,152.0,5.0,7.424e+07,1.168310272e+09,4913.35,26.0,243838.0,2.0,243836.0,243836.0,11.0,0.0,0.0
2026-03-31 03:31:35,619,669755.0,62174.0,1852.0,0.0,0.0,0.0,1676.0,152.0,5.0,7.424e+07,1.168310272e+09,4913.37,26.0,243838.0,2.0,243836.0,243836.0,11.0,0.0,0.0
2026-03-31 03:31:47,619,669755.0,62174.0,1852.0,0.0,0.0,0.0,1676.0,152.0,5.0,7.424e+07,1.168310272e+09,4913.379999999999,26.0,243838.0,2.0,243836.0,243836.0,11.0,0.0,0.0
2026-03-31 03:31:58,619,669755.0,62174.0,1852.0,0.0,0.0,0.0,1676.0,152.0,5.0,7.424e+07,1.168310272e+09,4913.4,26.0,243838.0,2.0,243836.0,243836.0,11.0,0.0,0.0
2026-03-31 03:32:10,619,669755.0,62174.0,1852.0,0.0,0.0,0.0,1676.0,152.0,5.0,7.424e+07,1.168310272e+09,4913.41,26.0,243838.0,2.0,243836.0,243836.0,11.0,0.0,0.0
2026-03-31 03:32:22,619,669755.0,62174.0,1852.0,0.0,0.0,0.0,1676.0,152.0,5.0,7.424e+07,1.168310272e+09,4913.43,26.0,243838.0,2.0,243836.0,243836.0,11.0,0.0,0.0
2026-03-31 03:32:34,620,669755.0,62174.0,1852.0,0.0,0.0,0.0,1676.0,152.0,5.0,7.424e+07,1.168310272e+09,4913.44,26.0,243838.0,2.0,243836.0,243836.0,11.0,0.0,0.0
2026-03-31 03:32:45,620,669755.0,62174.0,1852.0,0.0,0.0,0.0,1676.0,152.0,5.0,7.424e+07,1.168310272e+09,4913.46,26.0,243838.0,2.0,243836.0,243836.0,11.0,0.0,0.0
2026-03-31 03:32:57,620,669755.0,62174.0,1852.0,0.0,0.0,0.0,1676.0,152.0,5.0,7.424e+07,1.168310272e+09,4913.48,26.0,243838.0,2.0,243836.0,243836.0,11.0,0.0,0.0
2026-03-31 03:33:09,620,669755.0,62174.0,1852.0,0.0,0.0,0.0,1676.0,152.0,5.0,7.424e+07,1.168310272e+09,4913.49,26.0,243838.0,2.0,243836.0,243836.0,11.0,0.0,0.0
2026-03-31 03:33:21,620,669755.0,62174.0,1852.0,0.0,0.0,0.0,1676.0,152.0,5.0,7.424e+07,1.168310272e+09,4913.51,26.0,243838.0,2.0,243836.0,243836.0,11.0,0.0,0.0
2026-03-31 03:33:32,621,669755.0,62174.0,1852.0,0.0,0.0,0.0,1676.0,152.0,5.0,7.424e+07,1.168310272e+09,4913.5199999999995,26.0,243838.0,2.0,243836.0,243836.0,11.0,0.0,0.0
2026-03-31 03:33:44,621,669755.0,62174.0,1852.0,0.0,0.0,0.0,1676.0,152.0,5.0,7.424e+07,1.168310272e+09,4913.54,26.0,243838.0,2.0,243836.0,243836.0,11.0,0.0,0.0
2026-03-31 03:33:56,621,669755.0,62174.0,1852.0,0.0,0.0,0.0,1676.0,152.0,5.0,7.424e+07,1.168310272e+09,4913.56,26.0,243838.0,2.0,243836.0,243836.0,11.0,0.0,0.0
2026-03-31 03:34:08,621,669755.0,62174.0,1852.0,0.0,0.0,0.0,1676.0,152.0,5.0,7.424e+07,1.168310272e+09,4913.58,26.0,243838.0,2.0,243836.0,243836.0,11.0,0.0,0.0
2026-03-31 03:34:19,621,669755.0,62174.0,1852.0,0.0,0.0,0.0,1676.0,152.0,5.0,7.424e+07,1.168310272e+09,4913.59,26.0,243838.0,2.0,243836.0,243836.0,11.0,0.0,0.0
2026-03-31 03:34:31,622,669755.0,62174.0,1852.0,0.0,0.0,0.0,1676.0,152.0,5.0,7.424e+07,1.168310272e+09,4913.610000000001,26.0,243838.0,2.0,243836.0,243836.0,11.0,0.0,0.0
2026-03-31 03:34:43,622,669755.0,62174.0,1852.0,0.0,0.0,0.0,1676.0,152.0,5.0,7.424e+07,1.168310272e+09,4913.620000000001,26.0,243838.0,2.0,243836.0,243836.0,11.0,0.0,0.0
2026-03-31 03:34:54,622,669755.0,62174.0,1852.0,0.0,0.0,0.0,1676.0,152.0,5.0,7.424e+07,1.168310272e+09,4913.639999999999,26.0,243838.0,2.0,243836.0,243836.0,11.0,0.0,0.0
2026-03-31 03:35:06,622,669755.0,62174.0,1852.0,0.0,0.0,0.0,1676.0,152.0,5.0,7.424e+07,1.168310272e+09,4913.66,26.0,243838.0,2.0,243836.0,243836.0,11.0,0.0,0.0
2026-03-31 03:35:18,622,669755.0,62174.0,1852.0,0.0,0.0,0.0,1676.0,152.0,5.0,7.424e+07,1.168310272e+09,4913.67,26.0,243838.0,2.0,243836.0,243836.0,11.0,0.0,0.0
2026-03-31 03:35:30,623,669755.0,62174.0,1852.0,0.0,0.0,0.0,1676.0,152.0,5.0,7.424e+07,1.168310272e+09,4913.6900000000005,26.0,243838.0,2.0,243836.0,243836.0,11.0,0.0,0.0
2026-03-31 03:35:41,623,669755.0,62174.0,1852.0,0.0,0.0,0.0,1676.0,152.0,5.0,7.424e+07,1.168310272e+09,4913.7,26.0,243838.0,2.0,243836.0,243836.0,11.0,0.0,0.0
2026-03-31 03:35:53,623,669755.0,62174.0,1852.0,0.0,0.0,0.0,1676.0,152.0,5.0,7.424e+07,1.168310272e+09,4913.72,26.0,243838.0,2.0,243836.0,243836.0,11.0,0.0,0.0
2026-03-31 03:36:05,623,669755.0,62174.0,1852.0,0.0,0.0,0.0,1676.0,152.0,5.0,7.424e+07,1.168310272e+09,4913.74,26.0,243838.0,2.0,243836.0,243836.0,11.0,0.0,0.0
2026-03-31 03:36:17,623,669755.0,62174.0,1852.0,0.0,0.0,0.0,1676.0,152.0,5.0,7.424e+07,1.168310272e+09,4913.75,26.0,243838.0,2.0,243836.0,243836.0,11.0,0.0,0.0
2026-03-31 03:36:28,624,669755.0,62174.0,1852.0,0.0,0.0,0.0,1676.0,152.0,5.0,7.424e+07,1.168310272e+09,4913.7699999999995,26.0,243838.0,2.0,243836.0,243836.0,11.0,0.0,0.0
2026-03-31 03:36:40,624,669755.0,62174.0,1852.0,0.0,0.0,0.0,1676.0,152.0,5.0,7.424e+07,1.168310272e+09,4913.78,26.0,243838.0,2.0,243836.0,243836.0,11.0,0.0,0.0
2026-03-31 03:36:52,624,669755.0,62174.0,1852.0,0.0,0.0,0.0,1676.0,152.0,5.0,7.424e+07,1.168310272e+09,4913.8,26.0,243838.0,2.0,243836.0,243836.0,11.0,0.0,0.0
2026-03-31 03:37:03,624,669755.0,62174.0,1852.0,0.0,0.0,0.0,1676.0,152.0,5.0,7.424e+07,1.168310272e+09,4913.81,26.0,243838.0,2.0,243836.0,243836.0,11.0,0.0,0.0
2026-03-31 03:37:15,624,669755.0,62174.0,1852.0,0.0,0.0,0.0,1676.0,152.0,5.0,7.4371072e+07,1.168310272e+09,4913.83,26.0,243838.0,2.0,243836.0,243836.0,11.0,0.0,0.0
2026-03-31 03:37:27,625,669755.0,62174.0,1852.0,0.0,0.0,0.0,1676.0,152.0,5.0,7.4371072e+07,1.168310272e+09,4913.849999999999,26.0,243838.0,2.0,243836.0,243836.0,11.0,0.0,0.0
2026-03-31 03:37:39,625,669755.0,62174.0,1852.0,0.0,0.0,0.0,1676.0,152.0,5.0,7.4371072e+07,1.168310272e+09,4913.87,26.0,243838.0,2.0,243836.0,243836.0,11.0,0.0,0.0
2026-03-31 03:37:50,625,669755.0,62174.0,1852.0,0.0,0.0,0.0,1676.0,152.0,5.0,7.4371072e+07,1.168310272e+09,4913.88,26.0,243838.0,2.0,243836.0,243836.0,11.0,0.0,0.0
2026-03-31 03:38:02,625,669755.0,62174.0,1852.0,0.0,0.0,0.0,1676.0,152.0,5.0,7.4371072e+07,1.168310272e+09,4913.900000000001,26.0,243838.0,2.0,243836.0,243836.0,11.0,0.0,0.0
2026-03-31 03:38:14,625,669755.0,62174.0,1852.0,0.0,0.0,0.0,1676.0,152.0,5.0,7.4371072e+07,1.168310272e+09,4913.92,26.0,243838.0,2.0,243836.0,243836.0,11.0,0.0,0.0
2026-03-31 03:38:26,626,669755.0,62174.0,1852.0,0.0,0.0,0.0,1676.0,152.0,5.0,7.4371072e+07,1.168310272e+09,4913.93,26.0,243838.0,2.0,243836.0,243836.0,11.0,0.0,0.0
2026-03-31 03:38:37,626,669755.0,62174.0,1852.0,0.0,0.0,0.0,1676.0,152.0,5.0,7.4371072e+07,1.168310272e+09,4913.95,26.0,243838.0,2.0,243836.0,243836.0,11.0,0.0,0.0
2026-03-31 03:38:49,626,669755.0,62174.0,1852.0,0.0,0.0,0.0,1676.0,152.0,5.0,7.4371072e+07,1.168310272e+09,4913.96,26.0,243838.0,2.0,243836.0,243836.0,11.0,0.0,0.0
2026-03-31 03:39:01,626,669755.0,62174.0,1852.0,0.0,0.0,0.0,1676.0,152.0,5.0,7.4371072e+07,1.168310272e+09,4913.969999999999,26.0,243838.0,2.0,243836.0,243836.0,11.0,0.0,0.0
2026-03-31 03:39:13,626,669755.0,62174.0,1852.0,0.0,0.0,0.0,1676.0,152.0,5.0,7.4371072e+07,1.168310272e+09,4913.99,26.0,243838.0,2.0,243836.0,243836.0,11.0,0.0,0.0
2026-03-31 03:39:24,626,669755.0,62174.0,1852.0,0.0,0.0,0.0,1676.0,152.0,5.0,7.4371072e+07,1.168310272e+09,4914.01,26.0,243838.0,2.0,243836.0,243836.0,11.0,0.0,0.0
2026-03-31 03:39:36,627,669755.0,62174.0,1852.0,0.0,0.0,0.0,1676.0,152.0,5.0,7.4371072e+07,1.168310272e+09,4914.02,26.0,243838.0,2.0,243836.0,243836.0,11.0,0.0,0.0
2026-03-31 03:39:48,627,669755.0,62174.0,1852.0,0.0,0.0,0.0,1676.0,152.0,5.0,7.4371072e+07,1.168310272e+09,4914.04,26.0,243838.0,2.0,243836.0,243836.0,11.0,0.0,0.0
2026-03-31 03:40:00,627,669755.0,62174.0,1852.0,0.0,0.0,0.0,1676.0,152.0,5.0,7.4371072e+07,1.168310272e+09,4914.05,26.0,243838.0,2.0,243836.0,243836.0,11.0,0.0,0.0
2026-03-31 03:40:11,627,669755.0,62174.0,1852.0,0.0,0.0,0.0,1676.0,152.0,5.0,7.4371072e+07,1.168310272e+09,4914.07,26.0,243838.0,2.0,243836.0,243836.0,11.0,0.0,0.0
2026-03-31 03:40:23,627,669755.0,62174.0,1852.0,0.0,0.0,0.0,1676.0,152.0,5.0,7.4371072e+07,1.168310272e+09,4914.08,26.0,243838.0,2.0,243836.0,243836.0,11.0,0.0,0.0
2026-03-31 03:40:35,628,669755.0,62174.0,1852.0,0.0,0.0,0.0,1676.0,152.0,5.0,7.4371072e+07,1.168310272e+09,4914.099999999999,26.0,243838.0,2.0,243836.0,243836.0,11.0,0.0,0.0
2026-03-31 03:40:47,628,669755.0,62174.0,1852.0,0.0,0.0,0.0,1676.0,152.0,5.0,7.4371072e+07,1.168310272e+09,4914.11,26.0,243838.0,2.0,243836.0,243836.0,11.0,0.0,0.0
2026-03-31 03:40:58,628,669755.0,62174.0,1852.0,0.0,0.0,0.0,1676.0,152.0,5.0,7.4371072e+07,1.168310272e+09,4914.13,26.0,243838.0,2.0,243836.0,243836.0,11.0,0.0,0.0
2026-03-31 03:41:10,628,669755.0,62174.0,1852.0,0.0,0.0,0.0,1676.0,152.0,5.0,7.4371072e+07,1.168310272e+09,4914.14,26.0,243838.0,2.0,243836.0,243836.0,11.0,0.0,0.0
2026-03-31 03:41:22,628,669755.0,62174.0,1852.0,0.0,0.0,0.0,1676.0,152.0,5.0,7.4371072e+07,1.168310272e+09,4914.16,26.0,243838.0,2.0,243836.0,243836.0,11.0,0.0,0.0
2026-03-31 03:41:34,629,669755.0,62174.0,1852.0,0.0,0.0,0.0,1676.0,152.0,5.0,7.4371072e+07,1.168310272e+09,4914.18,26.0,243838.0,2.0,243836.0,243836.0,11.0,0.0,0.0
2026-03-31 03:41:45,629,669755.0,62174.0,1852.0,0.0,0.0,0.0,1676.0,152.0,5.0,7.4371072e+07,1.168310272e+09,4914.1900000000005,26.0,243838.0,2.0,243836.0,243836.0,11.0,0.0,0.0
2026-03-31 03:41:57,629,669755.0,62174.0,1852.0,0.0,0.0,0.0,1676.0,152.0,5.0,7.4371072e+07,1.168310272e+09,4914.21,26.0,243838.0,2.0,243836.0,243836.0,11.0,0.0,0.0
2026-03-31 03:42:09,629,669755.0,62174.0,1852.0,0.0,0.0,0.0,1676.0,152.0,5.0,7.4371072e+07,1.168310272e+09,4914.23,26.0,243838.0,2.0,243836.0,243836.0,11.0,0.0,0.0
2026-03-31 03:42:21,629,669755.0,62174.0,1852.0,0.0,0.0,0.0,1676.0,152.0,5.0,7.4371072e+07,1.168310272e+09,4914.25,26.0,243838.0,2.0,243836.0,243836.0,11.0,0.0,0.0
2026-03-31 03:42:32,630,669755.0,62174.0,1852.0,0.0,0.0,0.0,1676.0,152.0,5.0,7.4371072e+07,1.168310272e+09,4914.26,26.0,243838.0,2.0,243836.0,243836.0,11.0,0.0,0.0
2026-03-31 03:42:44,630,669755.0,62174.0,1852.0,0.0,0.0,0.0,1676.0,152.0,5.0,7.4371072e+07,1.168310272e+09,4914.280000000001,26.0,243838.0,2.0,243836.0,243836.0,11.0,0.0,0.0
2026-03-31 03:42:56,630,669755.0,62174.0,1852.0,0.0,0.0,0.0,1676.0,152.0,5.0,7.4371072e+07,1.168310272e+09,4914.290000000001,26.0,243838.0,2.0,243836.0,243836.0,11.0,0.0,0.0
2026-03-31 03:43:07,630,669755.0,62174.0,1852.0,0.0,0.0,0.0,1676.0,152.0,5.0,7.4371072e+07,1.168310272e+09,4914.3099999999995,26.0,243838.0,2.0,243836.0,243836.0,11.0,0.0,0.0
2026-03-31 03:43:19,630,669755.0,62174.0,1852.0,0.0,0.0,0.0,1676.0,152.0,5.0,7.4371072e+07,1.168310272e+09,4914.33,26.0,243838.0,2.0,243836.0,243836.0,11.0,0.0,0.0
2026-03-31 03:43:31,631,669755.0,62174.0,1852.0,0.0,0.0,0.0,1676.0,152.0,5.0,7.4371072e+07,1.168310272e+09,4914.34,26.0,243838.0,2.0,243836.0,243836.0,11.0,0.0,0.0
2026-03-31 03:43:42,631,669755.0,62174.0,1852.0,0.0,0.0,0.0,1676.0,152.0,5.0,7.4371072e+07,1.168310272e+09,4914.35,26.0,243838.0,2.0,243836.0,243836.0,11.0,0.0,0.0
2026-03-31 03:43:54,631,669755.0,62174.0,1852.0,0.0,0.0,0.0,1676.0,152.0,5.0,7.4371072e+07,1.168310272e+09,4914.38,26.0,243838.0,2.0,243836.0,243836.0,11.0,0.0,0.0
2026-03-31 03:44:06,631,669755.0,62174.0,1852.0,0.0,0.0,0.0,1676.0,152.0,5.0,7.4371072e+07,1.168310272e+09,4914.39,26.0,243838.0,2.0,243836.0,243836.0,11.0,0.0,0.0
2026-03-31 03:44:18,631,669755.0,62174.0,1852.0,0.0,0.0,0.0,1676.0,152.0,5.0,7.4371072e+07,1.168310272e+09,4914.400000000001,26.0,243838.0,2.0,243836.0,243836.0,11.0,0.0,0.0
2026-03-31 03:44:30,632,669755.0,62174.0,1852.0,0.0,0.0,0.0,1676.0,152.0,5.0,7.4371072e+07,1.168310272e+09,4914.42,26.0,243838.0,2.0,243836.0,243836.0,11.0,0.0,0.0
2026-03-31 03:44:42,632,669755.0,62174.0,1852.0,0.0,0.0,0.0,1676.0,152.0,5.0,7.4371072e+07,1.168310272e+09,4914.429999999999,26.0,243838.0,2.0,243836.0,243836.0,11.0,0.0,0.0
2026-03-31 03:44:53,632,669755.0,62174.0,1852.0,0.0,0.0,0.0,1676.0,152.0,5.0,7.4371072e+07,1.168310272e+09,4914.45,26.0,243838.0,2.0,243836.0,243836.0,11.0,0.0,0.0
2026-03-31 03:45:05,632,669755.0,62174.0,1852.0,0.0,0.0,0.0,1676.0,152.0,5.0,7.4371072e+07,1.168310272e+09,4914.47,26.0,243838.0,2.0,243836.0,243836.0,11.0,0.0,0.0
2026-03-31 03:45:17,632,669755.0,62174.0,1852.0,0.0,0.0,0.0,1676.0,152.0,5.0,7.4371072e+07,1.168310272e+09,4914.4800000000005,26.0,243838.0,2.0,243836.0,243836.0,11.0,0.0,0.0
2026-03-31 03:45:28,633,669755.0,62174.0,1852.0,0.0,0.0,0.0,1676.0,152.0,5.0,7.4371072e+07,1.168310272e+09,4914.5,26.0,243838.0,2.0,243836.0,243836.0,11.0,0.0,0.0
2026-03-31 03:45:40,633,669755.0,62174.0,1852.0,0.0,0.0,0.0,1676.0,152.0,5.0,7.4371072e+07,1.168310272e+09,4914.52,26.0,243838.0,2.0,243836.0,243836.0,11.0,0.0,0.0
2026-03-31 03:45:52,633,669755.0,62174.0,1852.0,0.0,0.0,0.0,1676.0,152.0,5.0,7.4371072e+07,1.168310272e+09,4914.53,26.0,243838.0,2.0,243836.0,243836.0,11.0,0.0,0.0
2026-03-31 03:46:04,633,669755.0,62174.0,1852.0,0.0,0.0,0.0,1676.0,152.0,5.0,7.4371072e+07,1.168310272e+09,4914.549999999999,26.0,243838.0,2.0,243836.0,243836.0,11.0,0.0,0.0
2026-03-31 03:46:16,633,669755.0,62174.0,1852.0,0.0,0.0,0.0,1676.0,152.0,5.0,7.4371072e+07,1.168310272e+09,4914.5599999999995,26.0,243838.0,2.0,243836.0,243836.0,11.0,0.0,0.0
2026-03-31 03:46:27,634,669755.0,62174.0,1852.0,0.0,0.0,0.0,1676.0,152.0,5.0,7.4371072e+07,1.168310272e+09,4914.58,26.0,243838.0,2.0,243836.0,243836.0,11.0,0.0,0.0
2026-03-31 03:46:39,634,669755.0,62174.0,1852.0,0.0,0.0,0.0,1676.0,152.0,5.0,7.4371072e+07,1.168310272e+09,4914.59,26.0,243838.0,2.0,243836.0,243836.0,11.0,0.0,0.0
2026-03-31 03:46:51,634,669755.0,62174.0,1852.0,0.0,0.0,0.0,1676.0,152.0,5.0,7.4371072e+07,1.168310272e+09,4914.61,26.0,243838.0,2.0,243836.0,243836.0,11.0,0.0,0.0
2026-03-31 03:47:02,634,669755.0,62174.0,1852.0,0.0,0.0,0.0,1676.0,152.0,5.0,7.4371072e+07,1.168310272e+09,4914.62,26.0,243838.0,2.0,243836.0,243836.0,11.0,0.0,0.0
2026-03-31 03:47:14,634,669755.0,62174.0,1852.0,0.0,0.0,0.0,1676.0,152.0,5.0,7.4371072e+07,1.168310272e+09,4914.64,26.0,243838.0,2.0,243836.0,243836.0,11.0,0.0,0.0
2026-03-31 03:47:26,635,669755.0,62174.0,1852.0,0.0,0.0,0.0,1676.0,152.0,5.0,7.4371072e+07,1.168310272e+09,4914.660000000001,26.0,243838.0,2.0,243836.0,243836.0,11.0,0.0,0.0
2026-03-31 03:47:37,635,669755.0,62174.0,1852.0,0.0,0.0,0.0,1676.0,152.0,5.0,7.4371072e+07,1.168310272e+09,4914.679999999999,26.0,243838.0,2.0,243836.0,243836.0,11.0,0.0,0.0
2026-03-31 03:47:49,635,669755.0,62174.0,1852.0,0.0,0.0,0.0,1676.0,152.0,5.0,7.4371072e+07,1.168310272e+09,4914.69,26.0,243838.0,2.0,243836.0,243836.0,11.0,0.0,0.0
2026-03-31 03:48:01,635,669755.0,62174.0,1852.0,0.0,0.0,0.0,1676.0,152.0,5.0,7.4371072e+07,1.168310272e+09,4914.71,26.0,243838.0,2.0,243836.0,243836.0,11.0,0.0,0.0
2026-03-31 03:48:13,635,669755.0,62174.0,1852.0,0.0,0.0,0.0,1676.0,152.0,5.0,7.4371072e+07,1.168310272e+09,4914.72,26.0,243838.0,2.0,243836.0,243836.0,11.0,0.0,0.0
2026-03-31 03:48:24,635,669755.0,62174.0,1852.0,0.0,0.0,0.0,1676.0,152.0,5.0,7.4371072e+07,1.168310272e+09,4914.7300000000005,26.0,243838.0,2.0,243836.0,243836.0,11.0,0.0,0.0
2026-03-31 03:48:36,636,669755.0,62174.0,1852.0,0.0,0.0,0.0,1676.0,152.0,5.0,7.4371072e+07,1.168310272e+09,4914.76,26.0,243838.0,2.0,243836.0,243836.0,11.0,0.0,0.0
2026-03-31 03:48:48,636,669755.0,62174.0,1852.0,0.0,0.0,0.0,1676.0,152.0,5.0,7.4371072e+07,1.168310272e+09,4914.77,26.0,243838.0,2.0,243836.0,243836.0,11.0,0.0,0.0
2026-03-31 03:49:00,636,669755.0,62174.0,1852.0,0.0,0.0,0.0,1676.0,152.0,5.0,7.4371072e+07,1.168310272e+09,4914.79,26.0,243838.0,2.0,243836.0,243836.0,11.0,0.0,0.0
2026-03-31 03:49:11,636,669755.0,62174.0,1852.0,0.0,0.0,0.0,1676.0,152.0,5.0,7.4371072e+07,1.168310272e+09,4914.799999999999,26.0,243838.0,2.0,243836.0,243836.0,11.0,0.0,0.0
2026-03-31 03:49:23,636,669755.0,62174.0,1852.0,0.0,0.0,0.0,1676.0,152.0,5.0,7.4371072e+07,1.168310272e+09,4914.8099999999995,26.0,243838.0,2.0,243836.0,243836.0,11.0,0.0,0.0
2026-03-31 03:49:35,637,669755.0,62174.0,1852.0,0.0,0.0,0.0,1676.0,152.0,5.0,7.4371072e+07,1.168310272e+09,4914.83,26.0,243838.0,2.0,243836.0,243836.0,11.0,0.0,0.0
2026-03-31 03:49:47,637,669755.0,62174.0,1852.0,0.0,0.0,0.0,1676.0,152.0,5.0,7.4371072e+07,1.168310272e+09,4914.84,26.0,243838.0,2.0,243836.0,243836.0,11.0,0.0,0.0
2026-03-31 03:49:58,637,669755.0,62174.0,1852.0,0.0,0.0,0.0,1676.0,152.0,5.0,7.4371072e+07,1.168310272e+09,4914.860000000001,26.0,243838.0,2.0,243836.0,243836.0,11.0,0.0,0.0
2026-03-31 03:50:10,637,669755.0,62174.0,1852.0,0.0,0.0,0.0,1676.0,152.0,5.0,7.4371072e+07,1.168310272e+09,4914.87,26.0,243838.0,2.0,243836.0,243836.0,11.0,0.0,0.0
2026-03-31 03:50:22,637,669755.0,62174.0,1852.0,0.0,0.0,0.0,1676.0,152.0,5.0,7.4371072e+07,1.168310272e+09,4914.9,26.0,243838.0,2.0,243836.0,243836.0,11.0,0.0,0.0
2026-03-31 03:50:34,638,669755.0,62174.0,1852.0,0.0,0.0,0.0,1676.0,152.0,5.0,7.4371072e+07,1.168310272e+09,4914.91,26.0,243838.0,2.0,243836.0,243836.0,11.0,0.0,0.0
2026-03-31 03:50:46,638,669755.0,62174.0,1852.0,0.0,0.0,0.0,1676.0,152.0,5.0,7.4371072e+07,1.168310272e+09,4914.929999999999,26.0,243838.0,2.0,243836.0,243836.0,11.0,0.0,0.0
2026-03-31 03:50:57,638,669755.0,62174.0,1852.0,0.0,0.0,0.0,1676.0,152.0,5.0,7.4371072e+07,1.168310272e+09,4914.94,26.0,243838.0,2.0,243836.0,243836.0,11.0,0.0,0.0
2026-03-31 03:51:09,638,669755.0,62174.0,1852.0,0.0,0.0,0.0,1676.0,152.0,5.0,7.4371072e+07,1.168310272e+09,4914.96,26.0,243838.0,2.0,243836.0,243836.0,11.0,0.0,0.0
2026-03-31 03:51:21,638,669755.0,62174.0,1852.0,0.0,0.0,0.0,1676.0,152.0,5.0,7.4371072e+07,1.168310272e+09,4914.9800000000005,26.0,243838.0,2.0,243836.0,243836.0,11.0,0.0,0.0
2026-03-31 03:51:32,639,669755.0,62174.0,1852.0,0.0,0.0,0.0,1676.0,152.0,5.0,7.4371072e+07,1.168310272e+09,4914.99,26.0,243838.0,2.0,243836.0,243836.0,11.0,0.0,0.0
2026-03-31 03:51:44,639,669755.0,62174.0,1852.0,0.0,0.0,0.0,1676.0,152.0,5.0,7.4371072e+07,1.168310272e+09,4915.0,26.0,243838.0,2.0,243836.0,243836.0,11.0,0.0,0.0
2026-03-31 03:51:56,639,669755.0,62174.0,1852.0,0.0,0.0,0.0,1676.0,152.0,5.0,7.4371072e+07,1.168310272e+09,4915.0199999999995,26.0,243838.0,2.0,243836.0,243836.0,11.0,0.0,0.0
2026-03-31 03:52:07,639,669755.0,62174.0,1852.0,0.0,0.0,0.0,1676.0,152.0,5.0,7.4371072e+07,1.168310272e+09,4915.04,26.0,243838.0,2.0,243836.0,243836.0,11.0,0.0,0.0
2026-03-31 03:52:19,639,669755.0,62174.0,1852.0,0.0,0.0,0.0,1676.0,152.0,5.0,7.4371072e+07,1.168310272e+09,4915.05,26.0,243838.0,2.0,243836.0,243836.0,11.0,0.0,0.0
2026-03-31 03:52:31,640,669755.0,62174.0,1852.0,0.0,0.0,0.0,1676.0,152.0,5.0,7.4371072e+07,1.168310272e+09,4915.070000000001,26.0,243838.0,2.0,243836.0,243836.0,11.0,0.0,0.0
2026-03-31 03:52:43,640,669755.0,62174.0,1852.0,0.0,0.0,0.0,1676.0,152.0,5.0,7.4371072e+07,1.168310272e+09,4915.09,26.0,243838.0,2.0,243836.0,243836.0,11.0,0.0,0.0
2026-03-31 03:52:55,640,669755.0,62174.0,1852.0,0.0,0.0,0.0,1676.0,152.0,5.0,7.4371072e+07,1.168310272e+09,4915.1,26.0,243838.0,2.0,243836.0,243836.0,11.0,0.0,0.0
2026-03-31 03:53:06,640,669755.0,62174.0,1852.0,0.0,0.0,0.0,1676.0,152.0,5.0,7.4371072e+07,1.168310272e+09,4915.12,26.0,243838.0,2.0,243836.0,243836.0,11.0,0.0,0.0
2026-03-31 03:53:18,640,669755.0,62174.0,1852.0,0.0,0.0,0.0,1676.0,152.0,5.0,7.4371072e+07,1.168310272e+09,4915.13,26.0,243838.0,2.0,243836.0,243836.0,11.0,0.0,0.0
2026-03-31 03:53:30,641,669755.0,62174.0,1852.0,0.0,0.0,0.0,1676.0,152.0,5.0,7.4371072e+07,1.168310272e+09,4915.16,26.0,243838.0,2.0,243836.0,243836.0,11.0,0.0,0.0
2026-03-31 03:53:41,641,669755.0,62174.0,1852.0,0.0,0.0,0.0,1676.0,152.0,5.0,7.4371072e+07,1.168310272e+09,4915.17,26.0,243838.0,2.0,243836.0,243836.0,11.0,0.0,0.0
2026-03-31 03:53:53,641,669755.0,62174.0,1852.0,0.0,0.0,0.0,1676.0,152.0,5.0,7.4371072e+07,1.168310272e+09,4915.1900000000005,26.0,243838.0,2.0,243836.0,243836.0,11.0,0.0,0.0
2026-03-31 03:54:05,641,669755.0,62174.0,1852.0,0.0,0.0,0.0,1676.0,152.0,5.0,7.4371072e+07,1.168310272e+09,4915.200000000001,26.0,243838.0,2.0,243836.0,243836.0,11.0,0.0,0.0
2026-03-31 03:54:17,641,669755.0,62174.0,1852.0,0.0,0.0,0.0,1676.0,152.0,5.0,7.4371072e+07,1.168310272e+09,4915.219999999999,26.0,243838.0,2.0,243836.0,243836.0,11.0,0.0,0.0
2026-03-31 03:54:28,642,669755.0,62174.0,1852.0,0.0,0.0,0.0,1676.0,152.0,5.0,7.4371072e+07,1.168310272e+09,4915.23,26.0,243838.0,2.0,243836.0,243836.0,11.0,0.0,0.0
2026-03-31 03:54:40,642,669755.0,62174.0,1852.0,0.0,0.0,0.0,1676.0,152.0,5.0,7.4371072e+07,1.168310272e+09,4915.25,26.0,243838.0,2.0,243836.0,243836.0,11.0,0.0,0.0
2026-03-31 03:54:52,642,669755.0,62174.0,1852.0,0.0,0.0,0.0,1676.0,152.0,5.0,7.4371072e+07,1.168310272e+09,4915.2699999999995,26.0,243838.0,2.0,243836.0,243836.0,11.0,0.0,0.0
2026-03-31 03:55:04,642,669755.0,62174.0,1852.0,0.0,0.0,0.0,1676.0,152.0,5.0,7.4371072e+07,1.168310272e+09,4915.29,26.0,243838.0,2.0,243836.0,243836.0,11.0,0.0,0.0
2026-03-31 03:55:15,642,669755.0,62174.0,1852.0,0.0,0.0,0.0,1676.0,152.0,5.0,7.4371072e+07,1.168310272e+09,4915.3,26.0,243838.0,2.0,243836.0,243836.0,11.0,0.0,0.0
2026-03-31 03:55:27,643,669755.0,62174.0,1852.0,0.0,0.0,0.0,1676.0,152.0,5.0,7.4371072e+07,1.168310272e+09,4915.31,26.0,243838.0,2.0,243836.0,243836.0,11.0,0.0,0.0
2026-03-31 03:55:39,643,669755.0,62174.0,1852.0,0.0,0.0,0.0,1676.0,152.0,5.0,7.4371072e+07,1.168310272e+09,4915.33,26.0,243838.0,2.0,243836.0,243836.0,11.0,0.0,0.0
2026-03-31 03:55:51,643,669755.0,62174.0,1852.0,0.0,0.0,0.0,1676.0,152.0,5.0,7.4371072e+07,1.168310272e+09,4915.349999999999,26.0,243838.0,2.0,243836.0,243836.0,11.0,0.0,0.0
2026-03-31 03:56:02,643,669755.0,62174.0,1852.0,0.0,0.0,0.0,1676.0,152.0,5.0,7.4371072e+07,1.168310272e+09,4915.37,26.0,243838.0,2.0,243836.0,243836.0,11.0,0.0,0.0
2026-03-31 03:56:14,643,669755.0,62174.0,1852.0,0.0,0.0,0.0,1676.0,152.0,5.0,7.4371072e+07,1.168310272e+09,4915.39,26.0,243838.0,2.0,243836.0,243836.0,11.0,0.0,0.0
2026-03-31 03:56:26,644,669755.0,62174.0,1852.0,0.0,0.0,0.0,1676.0,152.0,5.0,7.4371072e+07,1.168310272e+09,4915.4,26.0,243838.0,2.0,243836.0,243836.0,11.0,0.0,0.0
2026-03-31 03:56:38,644,669755.0,62174.0,1852.0,0.0,0.0,0.0,1676.0,152.0,5.0,7.4371072e+07,1.168310272e+09,4915.41,26.0,243838.0,2.0,243836.0,243836.0,11.0,0.0,0.0
2026-03-31 03:56:49,644,669755.0,62174.0,1852.0,0.0,0.0,0.0,1676.0,152.0,5.0,7.4371072e+07,1.168310272e+09,4915.429999999999,26.0,243838.0,2.0,243836.0,243836.0,11.0,0.0,0.0
2026-03-31 03:57:01,644,669755.0,62174.0,1852.0,0.0,0.0,0.0,1676.0,152.0,5.0,7.4371072e+07,1.168310272e+09,4915.44,26.0,243838.0,2.0,243836.0,243836.0,11.0,0.0,0.0
2026-03-31 03:57:13,644,669755.0,62174.0,1852.0,0.0,0.0,0.0,1676.0,152.0,5.0,7.4371072e+07,1.168310272e+09,4915.47,26.0,243838.0,2.0,243836.0,243836.0,11.0,0.0,0.0
2026-03-31 03:57:25,645,669755.0,62174.0,1852.0,0.0,0.0,0.0,1676.0,152.0,5.0,7.4371072e+07,1.168310272e+09,4915.47,26.0,243838.0,2.0,243836.0,243836.0,11.0,0.0,0.0
2026-03-31 03:57:36,645,669755.0,62174.0,1852.0,0.0,0.0,0.0,1676.0,152.0,5.0,7.4371072e+07,1.168310272e+09,4915.49,26.0,243838.0,2.0,243836.0,243836.0,11.0,0.0,0.0
2026-03-31 03:57:48,645,669755.0,62174.0,1852.0,0.0,0.0,0.0,1676.0,152.0,5.0,7.4371072e+07,1.168310272e+09,4915.51,26.0,243838.0,2.0,243836.0,243836.0,11.0,0.0,0.0
2026-03-31 03:58:00,645,669755.0,62174.0,1852.0,0.0,0.0,0.0,1676.0,152.0,5.0,7.4371072e+07,1.168310272e+09,4915.52,26.0,243838.0,2.0,243836.0,243836.0,11.0,0.0,0.0
2026-03-31 03:58:12,645,669755.0,62174.0,1852.0,0.0,0.0,0.0,1676.0,152.0,5.0,7.4371072e+07,1.168310272e+09,4915.540000000001,26.0,243838.0,2.0,243836.0,243836.0,11.0,0.0,0.0
2026-03-31 03:58:23,645,669755.0,62174.0,1852.0,0.0,0.0,0.0,1676.0,152.0,5.0,7.4371072e+07,1.168310272e+09,4915.5599999999995,26.0,243838.0,2.0,243836.0,243836.0,11.0,0.0,0.0
2026-03-31 03:58:35,646,669755.0,62174.0,1852.0,0.0,0.0,0.0,1676.0,152.0,5.0,7.4371072e+07,1.168310272e+09,4915.57,26.0,243838.0,2.0,243836.0,243836.0,11.0,0.0,0.0
2026-03-31 03:58:47,646,669755.0,62174.0,1852.0,0.0,0.0,0.0,1676.0,152.0,5.0,7.4371072e+07,1.168310272e+09,4915.6,26.0,243838.0,2.0,243836.0,243836.0,11.0,0.0,0.0
2026-03-31 03:58:59,646,669755.0,62174.0,1852.0,0.0,0.0,0.0,1676.0,152.0,5.0,7.4371072e+07,1.168310272e+09,4915.61,26.0,243838.0,2.0,243836.0,243836.0,11.0,0.0,0.0
2026-03-31 03:59:11,646,669755.0,62174.0,1852.0,0.0,0.0,0.0,1676.0,152.0,5.0,7.4371072e+07,1.168310272e+09,4915.63,26.0,243838.0,2.0,243836.0,243836.0,11.0,0.0,0.0
2026-03-31 03:59:22,646,669755.0,62174.0,1852.0,0.0,0.0,0.0,1676.0,152.0,5.0,7.4371072e+07,1.168310272e+09,4915.64,26.0,243838.0,2.0,243836.0,243836.0,11.0,0.0,0.0
2026-03-31 03:59:34,647,669755.0,62174.0,1852.0,0.0,0.0,0.0,1676.0,152.0,5.0,7.4371072e+07,1.168310272e+09,4915.66,26.0,243838.0,2.0,243836.0,243836.0,11.0,0.0,0.0
2026-03-31 03:59:46,647,669755.0,62174.0,1852.0,0.0,0.0,0.0,1676.0,152.0,5.0,7.4371072e+07,1.168310272e+09,4915.67,26.0,243838.0,2.0,243836.0,243836.0,11.0,0.0,0.0
2026-03-31 03:59:58,647,669755.0,62174.0,1852.0,0.0,0.0,0.0,1676.0,152.0,5.0,7.4371072e+07,1.168310272e+09,4915.69,26.0,243838.0,2.0,243836.0,243836.0,11.0,0.0,0.0
2026-03-31 04:00:09,647,669755.0,62174.0,1852.0,0.0,0.0,0.0,1676.0,152.0,5.0,7.4371072e+07,1.168310272e+09,4915.71,26.0,243838.0,2.0,243836.0,243836.0,11.0,0.0,0.0
2026-03-31 04:00:21,647,669755.0,62174.0,1852.0,0.0,0.0,0.0,1676.0,152.0,5.0,7.4371072e+07,1.168310272e+09,4915.72,26.0,243838.0,2.0,243836.0,243836.0,11.0,0.0,0.0
2026-03-31 04:00:33,648,669755.0,62174.0,1852.0,0.0,0.0,0.0,1676.0,152.0,5.0,7.4371072e+07,1.168310272e+09,4915.74,26.0,243838.0,2.0,243836.0,243836.0,11.0,0.0,0.0
2026-03-31 04:00:44,648,669755.0,62174.0,1852.0,0.0,0.0,0.0,1676.0,152.0,5.0,7.4371072e+07,1.168310272e+09,4915.75,26.0,243838.0,2.0,243836.0,243836.0,11.0,0.0,0.0
2026-03-31 04:00:56,648,669755.0,62174.0,1852.0,0.0,0.0,0.0,1676.0,152.0,5.0,7.4371072e+07,1.168310272e+09,4915.77,26.0,243838.0,2.0,243836.0,243836.0,11.0,0.0,0.0
2026-03-31 04:01:08,648,669755.0,62174.0,1852.0,0.0,0.0,0.0,1676.0,152.0,5.0,7.4371072e+07,1.168310272e+09,4915.79,26.0,243838.0,2.0,243836.0,243836.0,11.0,0.0,0.0
2026-03-31 04:01:20,648,669755.0,62174.0,1852.0,0.0,0.0,0.0,1676.0,152.0,5.0,7.4371072e+07,1.168310272e+09,4915.8099999999995,26.0,243838.0,2.0,243836.0,243836.0,11.0,0.0,0.0
2026-03-31 04:01:31,649,669755.0,62174.0,1852.0,0.0,0.0,0.0,1676.0,152.0,5.0,7.4371072e+07,1.168310272e+09,4915.82,26.0,243838.0,2.0,243836.0,243836.0,11.0,0.0,0.0
2026-03-31 04:01:43,649,669755.0,62174.0,1852.0,0.0,0.0,0.0,1676.0,152.0,5.0,7.4371072e+07,1.168310272e+09,4915.83,26.0,243838.0,2.0,243836.0,243836.0,11.0,0.0,0.0
2026-03-31 04:01:55,649,669755.0,62174.0,1852.0,0.0,0.0,0.0,1676.0,152.0,5.0,7.4371072e+07,1.168310272e+09,4915.85,26.0,243838.0,2.0,243836.0,243836.0,11.0,0.0,0.0
2026-03-31 04:02:07,649,669755.0,62174.0,1852.0,0.0,0.0,0.0,1676.0,152.0,5.0,7.4371072e+07,1.168310272e+09,4915.87,26.0,243838.0,2.0,243836.0,243836.0,11.0,0.0,0.0
2026-03-31 04:02:18,649,669755.0,62174.0,1852.0,0.0,0.0,0.0,1676.0,152.0,5.0,7.4371072e+07,1.168310272e+09,4915.89,26.0,243838.0,2.0,243836.0,243836.0,11.0,0.0,0.0
2026-03-31 04:02:30,650,669755.0,62174.0,1852.0,0.0,0.0,0.0,1676.0,152.0,5.0,7.4371072e+07,1.168310272e+09,4915.900000000001,26.0,243838.0,2.0,243836.0,243836.0,11.0,0.0,0.0
2026-03-31 04:02:42,650,669755.0,62174.0,1852.0,0.0,0.0,0.0,1676.0,152.0,5.0,7.4371072e+07,1.168310272e+09,4915.910000000001,26.0,243838.0,2.0,243836.0,243836.0,11.0,0.0,0.0
2026-03-31 04:02:53,650,669755.0,62174.0,1852.0,0.0,0.0,0.0,1676.0,152.0,5.0,7.4371072e+07,1.168310272e+09,4915.929999999999,26.0,243838.0,2.0,243836.0,243836.0,11.0,0.0,0.0
2026-03-31 04:03:05,650,669755.0,62174.0,1852.0,0.0,0.0,0.0,1676.0,152.0,5.0,7.4371072e+07,1.168310272e+09,4915.95,26.0,243838.0,2.0,243836.0,243836.0,11.0,0.0,0.0
2026-03-31 04:03:17,650,669755.0,62174.0,1852.0,0.0,0.0,0.0,1676.0,152.0,5.0,7.4371072e+07,1.168310272e+09,4915.96,26.0,243838.0,2.0,243836.0,243836.0,11.0,0.0,0.0
2026-03-31 04:03:29,651,669755.0,62174.0,1852.0,0.0,0.0,0.0,1676.0,152.0,5.0,7.4371072e+07,1.168310272e+09,4915.98,26.0,243838.0,2.0,243836.0,243836.0,11.0,0.0,0.0
2026-03-31 04:03:41,651,669755.0,62174.0,1852.0,0.0,0.0,0.0,1676.0,152.0,5.0,7.4371072e+07,1.168310272e+09,4916.0,26.0,243838.0,2.0,243836.0,243836.0,11.0,0.0,0.0
2026-03-31 04:03:52,651,669755.0,62174.0,1852.0,0.0,0.0,0.0,1676.0,152.0,5.0,7.4371072e+07,1.168310272e+09,4916.01,26.0,243838.0,2.0,243836.0,243836.0,11.0,0.0,0.0
2026-03-31 04:04:04,651,669755.0,62174.0,1852.0,0.0,0.0,0.0,1676.0,152.0,5.0,7.4371072e+07,1.168310272e+09,4916.03,26.0,243838.0,2.0,243836.0,243836.0,11.0,0.0,0.0
2026-03-31 04:04:16,651,669755.0,62174.0,1852.0,0.0,0.0,0.0,1676.0,152.0,5.0,7.4371072e+07,1.168310272e+09,4916.04,26.0,243838.0,2.0,243836.0,243836.0,11.0,0.0,0.0
2026-03-31 04:04:28,652,669755.0,62174.0,1852.0,0.0,0.0,0.0,1676.0,152.0,5.0,7.4371072e+07,1.168310272e+09,4916.0599999999995,26.0,243838.0,2.0,243836.0,243836.0,11.0,0.0,0.0
2026-03-31 04:04:39,652,669755.0,62174.0,1852.0,0.0,0.0,0.0,1676.0,152.0,5.0,7.4371072e+07,1.168310272e+09,4916.08,26.0,243838.0,2.0,243836.0,243836.0,11.0,0.0,0.0
2026-03-31 04:04:51,652,669755.0,62174.0,1852.0,0.0,0.0,0.0,1676.0,152.0,5.0,7.4371072e+07,1.168310272e+09,4916.089999999999,26.0,243838.0,2.0,243836.0,243836.0,11.0,0.0,0.0
2026-03-31 04:05:03,652,669755.0,62174.0,1852.0,0.0,0.0,0.0,1676.0,152.0,5.0,7.4371072e+07,1.168310272e+09,4916.11,26.0,243838.0,2.0,243836.0,243836.0,11.0,0.0,0.0
2026-03-31 04:05:14,652,669755.0,62174.0,1852.0,0.0,0.0,0.0,1676.0,152.0,5.0,7.4371072e+07,1.168310272e+09,4916.12,26.0,243838.0,2.0,243836.0,243836.0,11.0,0.0,0.0
2026-03-31 04:05:26,653,669755.0,62174.0,1852.0,0.0,0.0,0.0,1676.0,152.0,5.0,7.4371072e+07,1.168310272e+09,4916.14,26.0,243838.0,2.0,243836.0,243836.0,11.0,0.0,0.0
2026-03-31 04:05:38,653,669755.0,62174.0,1852.0,0.0,0.0,0.0,1676.0,152.0,5.0,7.4371072e+07,1.168310272e+09,4916.15,26.0,243838.0,2.0,243836.0,243836.0,11.0,0.0,0.0
2026-03-31 04:05:50,653,669755.0,62174.0,1852.0,0.0,0.0,0.0,1676.0,152.0,5.0,7.4371072e+07,1.168310272e+09,4916.17,26.0,243838.0,2.0,243836.0,243836.0,11.0,0.0,0.0
2026-03-31 04:06:01,653,669755.0,62174.0,1852.0,0.0,0.0,0.0,1676.0,152.0,5.0,7.4371072e+07,1.168310272e+09,4916.19,26.0,243838.0,2.0,243836.0,243836.0,11.0,0.0,0.0
2026-03-31 04:06:13,653,669755.0,62174.0,1852.0,0.0,0.0,0.0,1676.0,152.0,5.0,7.4371072e+07,1.168310272e+09,4916.2,26.0,243838.0,2.0,243836.0,243836.0,11.0,0.0,0.0
2026-03-31 04:06:25,654,669755.0,62174.0,1852.0,0.0,0.0,0.0,1676.0,152.0,5.0,7.4371072e+07,1.168310272e+09,4916.22,26.0,243838.0,2.0,243836.0,243836.0,11.0,0.0,0.0
2026-03-31 04:06:36,654,669755.0,62174.0,1852.0,0.0,0.0,0.0,1676.0,152.0,5.0,7.4371072e+07,1.168310272e+09,4916.24,26.0,243838.0,2.0,243836.0,243836.0,11.0,0.0,0.0
2026-03-31 04:06:48,654,669755.0,62174.0,1852.0,0.0,0.0,0.0,1676.0,152.0,5.0,7.4371072e+07,1.168310272e+09,4916.25,26.0,243838.0,2.0,243836.0,243836.0,11.0,0.0,0.0
2026-03-31 04:07:00,654,669755.0,62174.0,1852.0,0.0,0.0,0.0,1676.0,152.0,5.0,7.4371072e+07,1.168310272e+09,4916.26,26.0,243838.0,2.0,243836.0,243836.0,11.0,0.0,0.0
2026-03-31 04:07:11,654,669755.0,62174.0,1852.0,0.0,0.0,0.0,1676.0,152.0,5.0,7.4371072e+07,1.168310272e+09,4916.280000000001,26.0,243838.0,2.0,243836.0,243836.0,11.0,0.0,0.0
2026-03-31 04:07:23,654,669755.0,62174.0,1852.0,0.0,0.0,0.0,1676.0,152.0,5.0,7.4371072e+07,1.168310272e+09,4916.3,26.0,243838.0,2.0,243836.0,243836.0,11.0,0.0,0.0
2026-03-31 04:07:35,655,669755.0,62174.0,1852.0,0.0,0.0,0.0,1676.0,152.0,5.0,7.4371072e+07,1.168310272e+09,4916.31,26.0,243838.0,2.0,243836.0,243836.0,11.0,0.0,0.0
2026-03-31 04:07:47,655,669755.0,62174.0,1852.0,0.0,0.0,0.0,1676.0,152.0,5.0,7.4371072e+07,1.168310272e+09,4916.33,26.0,243838.0,2.0,243836.0,243836.0,11.0,0.0,0.0
2026-03-31 04:07:58,655,669755.0,62174.0,1852.0,0.0,0.0,0.0,1676.0,152.0,5.0,7.4371072e+07,1.168310272e+09,4916.34,26.0,243838.0,2.0,243836.0,243836.0,11.0,0.0,0.0
2026-03-31 04:08:10,655,669755.0,62174.0,1852.0,0.0,0.0,0.0,1676.0,152.0,5.0,7.4371072e+07,1.168310272e+09,4916.360000000001,26.0,243838.0,2.0,243836.0,243836.0,11.0,0.0,0.0
2026-03-31 04:08:22,655,669755.0,62174.0,1852.0,0.0,0.0,0.0,1676.0,152.0,5.0,7.4371072e+07,1.168310272e+09,4916.38,26.0,243838.0,2.0,243836.0,243836.0,11.0,0.0,0.0
2026-03-31 04:08:33,656,669755.0,62174.0,1852.0,0.0,0.0,0.0,1676.0,152.0,5.0,7.4371072e+07,1.168310272e+09,4916.39,26.0,243838.0,2.0,243836.0,243836.0,11.0,0.0,0.0
2026-03-31 04:08:45,656,669755.0,62174.0,1852.0,0.0,0.0,0.0,1676.0,152.0,5.0,7.4371072e+07,1.168310272e+09,4916.41,26.0,243838.0,2.0,243836.0,243836.0,11.0,0.0,0.0
2026-03-31 04:08:57,656,669755.0,62174.0,1852.0,0.0,0.0,0.0,1676.0,152.0,5.0,7.4371072e+07,1.168310272e+09,4916.43,26.0,243838.0,2.0,243836.0,243836.0,11.0,0.0,0.0
2026-03-31 04:09:09,656,669755.0,62174.0,1852.0,0.0,0.0,0.0,1676.0,152.0,5.0,7.4371072e+07,1.168310272e+09,4916.4400000000005,26.0,243838.0,2.0,243836.0,243836.0,11.0,0.0,0.0
2026-03-31 04:09:20,656,669755.0,62174.0,1852.0,0.0,0.0,0.0,1676.0,152.0,5.0,7.4371072e+07,1.168310272e+09,4916.459999999999,26.0,243838.0,2.0,243836.0,243836.0,11.0,0.0,0.0
2026-03-31 04:09:32,657,669755.0,62174.0,1852.0,0.0,0.0,0.0,1676.0,152.0,5.0,7.4371072e+07,1.168310272e+09,4916.469999999999,26.0,243838.0,2.0,243836.0,243836.0,11.0,0.0,0.0
2026-03-31 04:09:44,657,669755.0,62174.0,1852.0,0.0,0.0,0.0,1676.0,152.0,5.0,7.4371072e+07,1.168310272e+09,4916.48,26.0,243838.0,2.0,243836.0,243836.0,11.0,0.0,0.0
2026-03-31 04:09:56,657,669755.0,62174.0,1852.0,0.0,0.0,0.0,1676.0,152.0,5.0,7.4371072e+07,1.168310272e+09,4916.51,26.0,243838.0,2.0,243836.0,243836.0,11.0,0.0,0.0
2026-03-31 04:10:07,657,669755.0,62174.0,1852.0,0.0,0.0,0.0,1676.0,152.0,5.0,7.4371072e+07,1.168310272e+09,4916.5199999999995,26.0,243838.0,2.0,243836.0,243836.0,11.0,0.0,0.0
2026-03-31 04:10:19,657,669755.0,62174.0,1852.0,0.0,0.0,0.0,1676.0,152.0,5.0,7.4371072e+07,1.168310272e+09,4916.53,26.0,243838.0,2.0,243836.0,243836.0,11.0,0.0,0.0
2026-03-31 04:10:31,658,669755.0,62174.0,1852.0,0.0,0.0,0.0,1676.0,152.0,5.0,7.4371072e+07,1.168310272e+09,4916.55,26.0,243838.0,2.0,243836.0,243836.0,11.0,0.0,0.0
2026-03-31 04:10:42,658,669755.0,62174.0,1852.0,0.0,0.0,0.0,1676.0,152.0,5.0,7.4371072e+07,1.168310272e+09,4916.56,26.0,243838.0,2.0,243836.0,243836.0,11.0,0.0,0.0
2026-03-31 04:10:54,658,669755.0,62174.0,1852.0,0.0,0.0,0.0,1676.0,152.0,5.0,7.4371072e+07,1.168310272e+09,4916.58,26.0,243838.0,2.0,243836.0,243836.0,11.0,0.0,0.0
2026-03-31 04:11:06,658,669755.0,62174.0,1852.0,0.0,0.0,0.0,1676.0,152.0,5.0,7.4371072e+07,1.168310272e+09,4916.6,26.0,243838.0,2.0,243836.0,243836.0,11.0,0.0,0.0
2026-03-31 04:11:18,658,669755.0,62174.0,1852.0,0.0,0.0,0.0,1676.0,152.0,5.0,7.4371072e+07,1.168310272e+09,4916.62,26.0,243838.0,2.0,243836.0,243836.0,11.0,0.0,0.0
2026-03-31 04:11:29,659,669755.0,62174.0,1852.0,0.0,0.0,0.0,1676.0,152.0,5.0,7.4371072e+07,1.168310272e+09,4916.62,26.0,243838.0,2.0,243836.0,243836.0,11.0,0.0,0.0
2026-03-31 04:11:41,659,669755.0,62174.0,1852.0,0.0,0.0,0.0,1676.0,152.0,5.0,7.4371072e+07,1.168310272e+09,4916.64,26.0,243838.0,2.0,243836.0,243836.0,11.0,0.0,0.0
2026-03-31 04:11:53,659,669755.0,62174.0,1852.0,0.0,0.0,0.0,1676.0,152.0,5.0,7.4371072e+07,1.168310272e+09,4916.650000000001,26.0,243838.0,2.0,243836.0,243836.0,11.0,0.0,0.0
2026-03-31 04:12:04,659,669755.0,62174.0,1852.0,0.0,0.0,0.0,1676.0,152.0,5.0,7.4371072e+07,1.168310272e+09,4916.67,26.0,243838.0,2.0,243836.0,243836.0,11.0,0.0,0.0
2026-03-31 04:12:16,659,669755.0,62174.0,1852.0,0.0,0.0,0.0,1676.0,152.0,5.0,7.4371072e+07,1.168310272e+09,4916.69,26.0,243838.0,2.0,243836.0,243836.0,11.0,0.0,0.0
2026-03-31 04:12:28,660,669755.0,62174.0,1852.0,0.0,0.0,0.0,1676.0,152.0,5.0,7.4371072e+07,1.168310272e+09,4916.71,26.0,243838.0,2.0,243836.0,243836.0,11.0,0.0,0.0
2026-03-31 04:12:39,660,669755.0,62174.0,1852.0,0.0,0.0,0.0,1676.0,152.0,5.0,7.4371072e+07,1.168310272e+09,4916.72,26.0,243838.0,2.0,243836.0,243836.0,11.0,0.0,0.0
2026-03-31 04:12:51,660,669755.0,62174.0,1852.0,0.0,0.0,0.0,1676.0,152.0,5.0,7.4371072e+07,1.168310272e+09,4916.7300000000005,26.0,243838.0,2.0,243836.0,243836.0,11.0,0.0,0.0
2026-03-31 04:13:03,660,669755.0,62174.0,1852.0,0.0,0.0,0.0,1676.0,152.0,5.0,7.4371072e+07,1.168310272e+09,4916.75,26.0,243838.0,2.0,243836.0,243836.0,11.0,0.0,0.0
2026-03-31 04:13:14,660,669755.0,62174.0,1852.0,0.0,0.0,0.0,1676.0,152.0,5.0,7.4371072e+07,1.168310272e+09,4916.7699999999995,26.0,243838.0,2.0,243836.0,243836.0,11.0,0.0,0.0
2026-03-31 04:13:26,661,669755.0,62174.0,1852.0,0.0,0.0,0.0,1676.0,152.0,5.0,7.4371072e+07,1.168310272e+09,4916.79,26.0,243838.0,2.0,243836.0,243836.0,11.0,0.0,0.0
2026-03-31 04:13:38,661,669755.0,62174.0,1852.0,0.0,0.0,0.0,1676.0,152.0,5.0,7.4371072e+07,1.168310272e+09,4916.8,26.0,243838.0,2.0,243836.0,243836.0,11.0,0.0,0.0
2026-03-31 04:13:49,661,669755.0,62174.0,1852.0,0.0,0.0,0.0,1676.0,152.0,5.0,7.4371072e+07,1.168310272e+09,4916.81,26.0,243838.0,2.0,243836.0,243836.0,11.0,0.0,0.0
2026-03-31 04:14:01,661,669755.0,62174.0,1852.0,0.0,0.0,0.0,1676.0,152.0,5.0,7.4371072e+07,1.168310272e+09,4916.83,26.0,243838.0,2.0,243836.0,243836.0,11.0,0.0,0.0
2026-03-31 04:14:13,661,669755.0,62174.0,1852.0,0.0,0.0,0.0,1676.0,152.0,5.0,7.4371072e+07,1.168310272e+09,4916.849999999999,26.0,243838.0,2.0,243836.0,243836.0,11.0,0.0,0.0
2026-03-31 04:14:25,662,669755.0,62174.0,1852.0,0.0,0.0,0.0,1676.0,152.0,5.0,7.4371072e+07,1.168310272e+09,4916.86,26.0,243838.0,2.0,243836.0,243836.0,11.0,0.0,0.0
2026-03-31 04:14:37,662,669755.0,62174.0,1852.0,0.0,0.0,0.0,1676.0,152.0,5.0,7.4371072e+07,1.168310272e+09,4916.88,26.0,243838.0,2.0,243836.0,243836.0,11.0,0.0,0.0
2026-03-31 04:14:48,662,669755.0,62174.0,1852.0,0.0,0.0,0.0,1676.0,152.0,5.0,7.4371072e+07,1.168310272e+09,4916.89,26.0,243838.0,2.0,243836.0,243836.0,11.0,0.0,0.0
2026-03-31 04:15:00,662,669755.0,62174.0,1852.0,0.0,0.0,0.0,1676.0,152.0,5.0,7.4371072e+07,1.168310272e+09,4916.91,26.0,243838.0,2.0,243836.0,243836.0,11.0,0.0,0.0
2026-03-31 04:15:12,662,669755.0,62174.0,1852.0,0.0,0.0,0.0,1676.0,152.0,5.0,7.4371072e+07,1.168310272e+09,4916.93,26.0,243838.0,2.0,243836.0,243836.0,11.0,0.0,0.0
2026-03-31 04:15:23,662,669755.0,62174.0,1852.0,0.0,0.0,0.0,1676.0,152.0,5.0,7.4371072e+07,1.168310272e+09,4916.950000000001,26.0,243838.0,2.0,243836.0,243836.0,11.0,0.0,0.0
2026-03-31 04:15:35,663,669755.0,62174.0,1852.0,0.0,0.0,0.0,1676.0,152.0,5.0,7.4371072e+07,1.168310272e+09,4916.959999999999,26.0,243838.0,2.0,243836.0,243836.0,11.0,0.0,0.0
2026-03-31 04:15:47,663,669755.0,62174.0,1852.0,0.0,0.0,0.0,1676.0,152.0,5.0,7.4371072e+07,1.168310272e+09,4916.969999999999,26.0,243838.0,2.0,243836.0,243836.0,11.0,0.0,0.0
2026-03-31 04:15:59,663,669755.0,62174.0,1852.0,0.0,0.0,0.0,1676.0,152.0,5.0,7.4371072e+07,1.168310272e+09,4916.99,26.0,243838.0,2.0,243836.0,243836.0,11.0,0.0,0.0
2026-03-31 04:16:10,663,669755.0,62174.0,1852.0,0.0,0.0,0.0,1676.0,152.0,5.0,7.4371072e+07,1.168310272e+09,4917.0,26.0,243838.0,2.0,243836.0,243836.0,11.0,0.0,0.0
2026-03-31 04:16:22,663,669755.0,62174.0,1852.0,0.0,0.0,0.0,1676.0,152.0,5.0,7.4371072e+07,1.168310272e+09,4917.02,26.0,243838.0,2.0,243836.0,243836.0,11.0,0.0,0.0
2026-03-31 04:16:34,664,669755.0,62174.0,1852.0,0.0,0.0,0.0,1676.0,152.0,5.0,7.4371072e+07,1.168310272e+09,4917.04,26.0,243838.0,2.0,243836.0,243836.0,11.0,0.0,0.0
2026-03-31 04:16:46,664,669755.0,62174.0,1852.0,0.0,0.0,0.0,1676.0,152.0,5.0,7.4371072e+07,1.168310272e+09,4917.0599999999995,26.0,243838.0,2.0,243836.0,243836.0,11.0,0.0,0.0
2026-03-31 04:16:57,664,669755.0,62174.0,1852.0,0.0,0.0,0.0,1676.0,152.0,5.0,7.4371072e+07,1.168310272e+09,4917.07,26.0,243838.0,2.0,243836.0,243836.0,11.0,0.0,0.0
2026-03-31 04:17:09,664,669755.0,62174.0,1852.0,0.0,0.0,0.0,1676.0,152.0,5.0,7.4371072e+07,1.168310272e+09,4917.09,26.0,243838.0,2.0,243836.0,243836.0,11.0,0.0,0.0
2026-03-31 04:17:21,664,669755.0,62174.0,1852.0,0.0,0.0,0.0,1676.0,152.0,5.0,7.4371072e+07,1.168310272e+09,4917.099999999999,26.0,243838.0,2.0,243836.0,243836.0,11.0,0.0,0.0
2026-03-31 04:17:32,665,669755.0,62174.0,1852.0,0.0,0.0,0.0,1676.0,152.0,5.0,7.4371072e+07,1.168310272e+09,4917.12,26.0,243838.0,2.0,243836.0,243836.0,11.0,0.0,0.0
2026-03-31 04:17:44,665,669755.0,62174.0,1852.0,0.0,0.0,0.0,1676.0,152.0,5.0,7.4371072e+07,1.168310272e+09,4917.14,26.0,243838.0,2.0,243836.0,243836.0,11.0,0.0,0.0
2026-03-31 04:17:56,665,669755.0,62174.0,1852.0,0.0,0.0,0.0,1676.0,152.0,5.0,7.4371072e+07,1.168310272e+09,4917.150000000001,26.0,243838.0,2.0,243836.0,243836.0,11.0,0.0,0.0
2026-03-31 04:18:07,665,669755.0,62174.0,1852.0,0.0,0.0,0.0,1676.0,152.0,5.0,7.4371072e+07,1.168310272e+09,4917.16,26.0,243838.0,2.0,243836.0,243836.0,11.0,0.0,0.0
2026-03-31 04:18:19,665,669755.0,62174.0,1852.0,0.0,0.0,0.0,1676.0,152.0,5.0,7.4371072e+07,1.168310272e+09,4917.18,26.0,243838.0,2.0,243836.0,243836.0,11.0,0.0,0.0
2026-03-31 04:18:31,666,669755.0,62174.0,1852.0,0.0,0.0,0.0,1676.0,152.0,5.0,7.4371072e+07,1.168310272e+09,4917.1900000000005,26.0,243838.0,2.0,243836.0,243836.0,11.0,0.0,0.0
2026-03-31 04:18:43,666,669755.0,62174.0,1852.0,0.0,0.0,0.0,1676.0,152.0,5.0,7.4371072e+07,1.168310272e+09,4917.21,26.0,243838.0,2.0,243836.0,243836.0,11.0,0.0,0.0
2026-03-31 04:18:54,666,669755.0,62174.0,1852.0,0.0,0.0,0.0,1676.0,152.0,5.0,7.4371072e+07,1.168310272e+09,4917.23,26.0,243838.0,2.0,243836.0,243836.0,11.0,0.0,0.0
2026-03-31 04:19:06,666,669755.0,62174.0,1852.0,0.0,0.0,0.0,1676.0,152.0,5.0,7.4371072e+07,1.168310272e+09,4917.25,26.0,243838.0,2.0,243836.0,243836.0,11.0,0.0,0.0
2026-03-31 04:19:18,666,669755.0,62174.0,1852.0,0.0,0.0,0.0,1676.0,152.0,5.0,7.4371072e+07,1.168310272e+09,4917.26,26.0,243838.0,2.0,243836.0,243836.0,11.0,0.0,0.0
2026-03-31 04:19:29,667,669755.0,62174.0,1852.0,0.0,0.0,0.0,1676.0,152.0,5.0,7.4371072e+07,1.168310272e+09,4917.28,26.0,243838.0,2.0,243836.0,243836.0,11.0,0.0,0.0
2026-03-31 04:19:41,667,669755.0,62174.0,1852.0,0.0,0.0,0.0,1676.0,152.0,5.0,7.4371072e+07,1.168310272e+09,4917.29,26.0,243838.0,2.0,243836.0,243836.0,11.0,0.0,0.0
2026-03-31 04:19:53,667,669755.0,62174.0,1852.0,0.0,0.0,0.0,1676.0,152.0,5.0,7.4371072e+07,1.168310272e+09,4917.3,26.0,243838.0,2.0,243836.0,243836.0,11.0,0.0,0.0
2026-03-31 04:20:05,667,669755.0,62174.0,1852.0,0.0,0.0,0.0,1676.0,152.0,5.0,7.4371072e+07,1.168310272e+09,4917.32,26.0,243838.0,2.0,243836.0,243836.0,11.0,0.0,0.0
2026-03-31 04:20:16,667,669755.0,62174.0,1852.0,0.0,0.0,0.0,1676.0,152.0,5.0,7.4371072e+07,1.168310272e+09,4917.34,26.0,243838.0,2.0,243836.0,243836.0,11.0,0.0,0.0
2026-03-31 04:20:28,668,669755.0,62174.0,1852.0,0.0,0.0,0.0,1676.0,152.0,5.0,7.4371072e+07,1.168310272e+09,4917.349999999999,26.0,243838.0,2.0,243836.0,243836.0,11.0,0.0,0.0
2026-03-31 04:20:40,668,669755.0,62174.0,1852.0,0.0,0.0,0.0,1676.0,152.0,5.0,7.4371072e+07,1.168310272e+09,4917.37,26.0,243838.0,2.0,243836.0,243836.0,11.0,0.0,0.0
2026-03-31 04:20:52,668,669755.0,62174.0,1852.0,0.0,0.0,0.0,1676.0,152.0,5.0,7.4371072e+07,1.168310272e+09,4917.39,26.0,243838.0,2.0,243836.0,243836.0,11.0,0.0,0.0
2026-03-31 04:21:03,668,669755.0,62174.0,1852.0,0.0,0.0,0.0,1676.0,152.0,5.0,7.4371072e+07,1.168310272e+09,4917.400000000001,26.0,243838.0,2.0,243836.0,243836.0,11.0,0.0,0.0
2026-03-31 04:21:15,668,669755.0,62174.0,1852.0,0.0,0.0,0.0,1676.0,152.0,5.0,7.4371072e+07,1.168310272e+09,4917.42,26.0,243838.0,2.0,243836.0,243836.0,11.0,0.0,0.0
2026-03-31 04:21:27,669,669755.0,62174.0,1852.0,0.0,0.0,0.0,1676.0,152.0,5.0,7.4371072e+07,1.168310272e+09,4917.44,26.0,243838.0,2.0,243836.0,243836.0,11.0,0.0,0.0
2026-03-31 04:21:39,669,669755.0,62174.0,1852.0,0.0,0.0,0.0,1676.0,152.0,5.0,7.4371072e+07,1.168310272e+09,4917.45,26.0,243838.0,2.0,243836.0,243836.0,11.0,0.0,0.0
2026-03-31 04:21:50,669,669755.0,62174.0,1852.0,0.0,0.0,0.0,1676.0,152.0,5.0,7.4371072e+07,1.168310272e+09,4917.47,26.0,243838.0,2.0,243836.0,243836.0,11.0,0.0,0.0
2026-03-31 04:22:02,669,669755.0,62174.0,1852.0,0.0,0.0,0.0,1676.0,152.0,5.0,7.4371072e+07,1.168310272e+09,4917.4800000000005,26.0,243838.0,2.0,243836.0,243836.0,11.0,0.0,0.0
2026-03-31 04:22:14,669,669755.0,62174.0,1852.0,0.0,0.0,0.0,1676.0,152.0,5.0,7.4371072e+07,1.168310272e+09,4917.5,26.0,243838.0,2.0,243836.0,243836.0,11.0,0.0,0.0
2026-03-31 04:22:25,670,669755.0,62174.0,1852.0,0.0,0.0,0.0,1676.0,152.0,5.0,7.4371072e+07,1.168310272e+09,4917.5199999999995,26.0,243838.0,2.0,243836.0,243836.0,11.0,0.0,0.0
2026-03-31 04:22:37,670,669755.0,62174.0,1852.0,0.0,0.0,0.0,1676.0,152.0,5.0,7.4371072e+07,1.168310272e+09,4917.53,26.0,243838.0,2.0,243836.0,243836.0,11.0,0.0,0.0
2026-03-31 04:22:49,670,669755.0,62174.0,1852.0,0.0,0.0,0.0,1676.0,152.0,5.0,7.4371072e+07,1.168310272e+09,4917.55,26.0,243838.0,2.0,243836.0,243836.0,11.0,0.0,0.0
2026-03-31 04:23:01,670,669755.0,62174.0,1852.0,0.0,0.0,0.0,1676.0,152.0,5.0,7.4371072e+07,1.168310272e+09,4917.5599999999995,26.0,243838.0,2.0,243836.0,243836.0,11.0,0.0,0.0
2026-03-31 04:23:12,670,669755.0,62174.0,1852.0,0.0,0.0,0.0,1676.0,152.0,5.0,7.4371072e+07,1.168310272e+09,4917.58,26.0,243838.0,2.0,243836.0,243836.0,11.0,0.0,0.0
2026-03-31 04:23:24,670,669755.0,62174.0,1852.0,0.0,0.0,0.0,1676.0,152.0,5.0,7.4371072e+07,1.168310272e+09,4917.6,26.0,243838.0,2.0,243836.0,243836.0,11.0,0.0,0.0
2026-03-31 04:23:36,671,669755.0,62174.0,1852.0,0.0,0.0,0.0,1676.0,152.0,5.0,7.4371072e+07,1.168310272e+09,4917.610000000001,26.0,243838.0,2.0,243836.0,243836.0,11.0,0.0,0.0
2026-03-31 04:23:47,671,669755.0,62174.0,1852.0,0.0,0.0,0.0,1676.0,152.0,5.0,7.4371072e+07,1.168310272e+09,4917.62,26.0,243838.0,2.0,243836.0,243836.0,11.0,0.0,0.0
2026-03-31 04:23:59,671,669755.0,62174.0,1852.0,0.0,0.0,0.0,1676.0,152.0,5.0,7.4371072e+07,1.168310272e+09,4917.639999999999,26.0,243838.0,2.0,243836.0,243836.0,11.0,0.0,0.0
2026-03-31 04:24:11,671,669755.0,62174.0,1852.0,0.0,0.0,0.0,1676.0,152.0,5.0,7.4371072e+07,1.168310272e+09,4917.66,26.0,243838.0,2.0,243836.0,243836.0,11.0,0.0,0.0
2026-03-31 04:24:23,671,669755.0,62174.0,1852.0,0.0,0.0,0.0,1676.0,152.0,5.0,7.4371072e+07,1.168310272e+09,4917.68,26.0,243838.0,2.0,243836.0,243836.0,11.0,0.0,0.0
2026-03-31 04:24:34,672,669755.0,62174.0,1852.0,0.0,0.0,0.0,1676.0,152.0,5.0,7.4371072e+07,1.168310272e+09,4917.69,26.0,243838.0,2.0,243836.0,243836.0,11.0,0.0,0.0
2026-03-31 04:24:46,672,669755.0,62174.0,1852.0,0.0,0.0,0.0,1676.0,152.0,5.0,7.4371072e+07,1.168310272e+09,4917.71,26.0,243838.0,2.0,243836.0,243836.0,11.0,0.0,0.0
2026-03-31 04:24:58,672,669755.0,62174.0,1852.0,0.0,0.0,0.0,1676.0,152.0,5.0,7.4371072e+07,1.168310272e+09,4917.73,26.0,243838.0,2.0,243836.0,243836.0,11.0,0.0,0.0
2026-03-31 04:25:10,672,669755.0,62174.0,1852.0,0.0,0.0,0.0,1676.0,152.0,5.0,7.4371072e+07,1.168310272e+09,4917.74,26.0,243838.0,2.0,243836.0,243836.0,11.0,0.0,0.0
2026-03-31 04:25:22,672,669755.0,62174.0,1852.0,0.0,0.0,0.0,1676.0,152.0,5.0,7.4371072e+07,1.168310272e+09,4917.759999999999,26.0,243838.0,2.0,243836.0,243836.0,11.0,0.0,0.0
2026-03-31 04:25:33,673,669755.0,62174.0,1852.0,0.0,0.0,0.0,1676.0,152.0,5.0,7.4371072e+07,1.168310272e+09,4917.7699999999995,26.0,243838.0,2.0,243836.0,243836.0,11.0,0.0,0.0
2026-03-31 04:25:45,673,669755.0,62174.0,1852.0,0.0,0.0,0.0,1676.0,152.0,5.0,7.4371072e+07,1.168310272e+09,4917.79,26.0,243838.0,2.0,243836.0,243836.0,11.0,0.0,0.0
2026-03-31 04:25:57,673,669755.0,62174.0,1852.0,0.0,0.0,0.0,1676.0,152.0,5.0,7.4371072e+07,1.168310272e+09,4917.81,26.0,243838.0,2.0,243836.0,243836.0,11.0,0.0,0.0
2026-03-31 04:26:09,673,669755.0,62174.0,1852.0,0.0,0.0,0.0,1676.0,152.0,5.0,7.4371072e+07,1.168310272e+09,4917.820000000001,26.0,243838.0,2.0,243836.0,243836.0,11.0,0.0,0.0
2026-03-31 04:26:20,673,669755.0,62174.0,1852.0,0.0,0.0,0.0,1676.0,152.0,5.0,7.4371072e+07,1.168310272e+09,4917.830000000001,26.0,243838.0,2.0,243836.0,243836.0,11.0,0.0,0.0
2026-03-31 04:26:32,674,669755.0,62174.0,1852.0,0.0,0.0,0.0,1676.0,152.0,5.0,7.4371072e+07,1.168310272e+09,4917.86,26.0,243838.0,2.0,243836.0,243836.0,11.0,0.0,0.0
2026-03-31 04:26:44,674,669755.0,62174.0,1852.0,0.0,0.0,0.0,1676.0,152.0,5.0,7.4371072e+07,1.168310272e+09,4917.87,26.0,243838.0,2.0,243836.0,243836.0,11.0,0.0,0.0
2026-03-31 04:26:56,674,669755.0,62174.0,1852.0,0.0,0.0,0.0,1676.0,152.0,5.0,7.4371072e+07,1.168310272e+09,4917.89,26.0,243838.0,2.0,243836.0,243836.0,11.0,0.0,0.0
2026-03-31 04:27:07,674,669755.0,62174.0,1852.0,0.0,0.0,0.0,1676.0,152.0,5.0,7.4371072e+07,1.168310272e+09,4917.91,26.0,243838.0,2.0,243836.0,243836.0,11.0,0.0,0.0
2026-03-31 04:27:19,674,669755.0,62174.0,1852.0,0.0,0.0,0.0,1676.0,152.0,5.0,7.4371072e+07,1.168310272e+09,4917.92,26.0,243838.0,2.0,243836.0,243836.0,11.0,0.0,0.0
2026-03-31 04:27:31,675,669755.0,62174.0,1852.0,0.0,0.0,0.0,1676.0,152.0,5.0,7.4371072e+07,1.168310272e+09,4917.9400000000005,26.0,243838.0,2.0,243836.0,243836.0,11.0,0.0,0.0
2026-03-31 04:27:43,675,669755.0,62174.0,1852.0,0.0,0.0,0.0,1676.0,152.0,5.0,7.4371072e+07,1.168310272e+09,4917.950000000001,26.0,243838.0,2.0,243836.0,243836.0,11.0,0.0,0.0
2026-03-31 04:27:54,675,669755.0,62174.0,1852.0,0.0,0.0,0.0,1676.0,152.0,5.0,7.4371072e+07,1.168310272e+09,4917.969999999999,26.0,243838.0,2.0,243836.0,243836.0,11.0,0.0,0.0
2026-03-31 04:28:06,675,669755.0,62174.0,1852.0,0.0,0.0,0.0,1676.0,152.0,5.0,7.4371072e+07,1.168310272e+09,4917.99,26.0,243838.0,2.0,243836.0,243836.0,11.0,0.0,0.0
2026-03-31 04:28:18,675,669755.0,62174.0,1852.0,0.0,0.0,0.0,1676.0,152.0,5.0,7.4371072e+07,1.168310272e+09,4918.0,26.0,243838.0,2.0,243836.0,243836.0,11.0,0.0,0.0
2026-03-31 04:28:30,676,669755.0,62174.0,1852.0,0.0,0.0,0.0,1676.0,152.0,5.0,7.4371072e+07,1.168310272e+09,4918.01,26.0,243838.0,2.0,243836.0,243836.0,11.0,0.0,0.0
2026-03-31 04:28:41,676,669755.0,62174.0,1852.0,0.0,0.0,0.0,1676.0,152.0,5.0,7.4371072e+07,1.168310272e+09,4918.03,26.0,243838.0,2.0,243836.0,243836.0,11.0,0.0,0.0
2026-03-31 04:28:53,676,669755.0,62174.0,1852.0,0.0,0.0,0.0,1676.0,152.0,5.0,7.4371072e+07,1.168310272e+09,4918.05,26.0,243838.0,2.0,243836.0,243836.0,11.0,0.0,0.0
2026-03-31 04:29:05,676,669755.0,62174.0,1852.0,0.0,0.0,0.0,1676.0,152.0,5.0,7.4371072e+07,1.168310272e+09,4918.06,26.0,243838.0,2.0,243836.0,243836.0,11.0,0.0,0.0
2026-03-31 04:29:17,676,669755.0,62174.0,1852.0,0.0,0.0,0.0,1676.0,152.0,5.0,7.4371072e+07,1.168310272e+09,4918.08,26.0,243838.0,2.0,243836.0,243836.0,11.0,0.0,0.0
2026-03-31 04:29:28,677,669755.0,62174.0,1852.0,0.0,0.0,0.0,1676.0,152.0,5.0,7.4371072e+07,1.168310272e+09,4918.089999999999,26.0,243838.0,2.0,243836.0,243836.0,11.0,0.0,0.0
2026-03-31 04:29:40,677,669755.0,62174.0,1852.0,0.0,0.0,0.0,1676.0,152.0,5.0,7.4371072e+07,1.168310272e+09,4918.11,26.0,243838.0,2.0,243836.0,243836.0,11.0,0.0,0.0
2026-03-31 04:29:52,677,669755.0,62174.0,1852.0,0.0,0.0,0.0,1676.0,152.0,5.0,7.4371072e+07,1.168310272e+09,4918.13,26.0,243838.0,2.0,243836.0,243836.0,11.0,0.0,0.0
2026-03-31 04:30:03,677,669755.0,62174.0,1852.0,0.0,0.0,0.0,1676.0,152.0,5.0,7.4371072e+07,1.168310272e+09,4918.14,26.0,243838.0,2.0,243836.0,243836.0,11.0,0.0,0.0
2026-03-31 04:30:15,677,669755.0,62174.0,1852.0,0.0,0.0,0.0,1676.0,152.0,5.0,7.4371072e+07,1.168310272e+09,4918.15,26.0,243838.0,2.0,243836.0,243836.0,11.0,0.0,0.0
2026-03-31 04:30:27,678,669755.0,62174.0,1852.0,0.0,0.0,0.0,1676.0,152.0,5.0,7.4371072e+07,1.168310272e+09,4918.17,26.0,243838.0,2.0,243836.0,243836.0,11.0,0.0,0.0
2026-03-31 04:30:38,678,669755.0,62174.0,1852.0,0.0,0.0,0.0,1676.0,152.0,5.0,7.4371072e+07,1.168310272e+09,4918.19,26.0,243838.0,2.0,243836.0,243836.0,11.0,0.0,0.0
2026-03-31 04:30:50,678,669755.0,62174.0,1852.0,0.0,0.0,0.0,1676.0,152.0,5.0,7.4371072e+07,1.168310272e+09,4918.2,26.0,243838.0,2.0,243836.0,243836.0,11.0,0.0,0.0
2026-03-31 04:31:02,678,669755.0,62174.0,1852.0,0.0,0.0,0.0,1676.0,152.0,5.0,7.4371072e+07,1.168310272e+09,4918.22,26.0,243838.0,2.0,243836.0,243836.0,11.0,0.0,0.0
2026-03-31 04:31:14,678,669755.0,62174.0,1852.0,0.0,0.0,0.0,1676.0,152.0,5.0,7.4371072e+07,1.168310272e+09,4918.24,26.0,243838.0,2.0,243836.0,243836.0,11.0,0.0,0.0
2026-03-31 04:31:25,679,669755.0,62174.0,1852.0,0.0,0.0,0.0,1676.0,152.0,5.0,7.4371072e+07,1.168310272e+09,4918.25,26.0,243838.0,2.0,243836.0,243836.0,11.0,0.0,0.0
2026-03-31 04:31:37,679,669755.0,62174.0,1852.0,0.0,0.0,0.0,1676.0,152.0,5.0,7.4371072e+07,1.168310272e+09,4918.27,26.0,243838.0,2.0,243836.0,243836.0,11.0,0.0,0.0
2026-03-31 04:31:49,679,669755.0,62174.0,1852.0,0.0,0.0,0.0,1676.0,152.0,5.0,7.4371072e+07,1.168310272e+09,4918.290000000001,26.0,243838.0,2.0,243836.0,243836.0,11.0,0.0,0.0
2026-03-31 04:32:01,679,669755.0,62174.0,1852.0,0.0,0.0,0.0,1676.0,152.0,5.0,7.4371072e+07,1.168310272e+09,4918.299999999999,26.0,243838.0,2.0,243836.0,243836.0,11.0,0.0,0.0
2026-03-31 04:32:12,679,669755.0,62174.0,1852.0,0.0,0.0,0.0,1676.0,152.0,5.0,7.4371072e+07,1.168310272e+09,4918.32,26.0,243838.0,2.0,243836.0,243836.0,11.0,0.0,0.0
2026-03-31 04:32:24,679,669755.0,62174.0,1852.0,0.0,0.0,0.0,1676.0,152.0,5.0,7.4371072e+07,1.168310272e+09,4918.34,26.0,243838.0,2.0,243836.0,243836.0,11.0,0.0,0.0
2026-03-31 04:32:36,680,669755.0,62174.0,1852.0,0.0,0.0,0.0,1676.0,152.0,5.0,7.4371072e+07,1.168310272e+09,4918.35,26.0,243838.0,2.0,243836.0,243836.0,11.0,0.0,0.0
2026-03-31 04:32:48,680,669755.0,62174.0,1852.0,0.0,0.0,0.0,1676.0,152.0,5.0,7.4371072e+07,1.168310272e+09,4918.37,26.0,243838.0,2.0,243836.0,243836.0,11.0,0.0,0.0
2026-03-31 04:32:59,680,669755.0,62174.0,1852.0,0.0,0.0,0.0,1676.0,152.0,5.0,7.4371072e+07,1.168310272e+09,4918.389999999999,26.0,243838.0,2.0,243836.0,243836.0,11.0,0.0,0.0
2026-03-31 04:33:11,680,669755.0,62174.0,1852.0,0.0,0.0,0.0,1676.0,152.0,5.0,7.4371072e+07,1.168310272e+09,4918.4,26.0,243838.0,2.0,243836.0,243836.0,11.0,0.0,0.0
2026-03-31 04:33:23,680,669755.0,62174.0,1852.0,0.0,0.0,0.0,1676.0,152.0,5.0,7.4371072e+07,1.168310272e+09,4918.41,26.0,243838.0,2.0,243836.0,243836.0,11.0,0.0,0.0
2026-03-31 04:33:34,681,669755.0,62174.0,1852.0,0.0,0.0,0.0,1676.0,152.0,5.0,7.4371072e+07,1.168310272e+09,4918.43,26.0,243838.0,2.0,243836.0,243836.0,11.0,0.0,0.0
2026-03-31 04:33:46,681,669755.0,62174.0,1852.0,0.0,0.0,0.0,1676.0,152.0,5.0,7.4371072e+07,1.168310272e+09,4918.44,26.0,243838.0,2.0,243836.0,243836.0,11.0,0.0,0.0
2026-03-31 04:33:58,681,669755.0,62174.0,1852.0,0.0,0.0,0.0,1676.0,152.0,5.0,7.4371072e+07,1.168310272e+09,4918.46,26.0,243838.0,2.0,243836.0,243836.0,11.0,0.0,0.0
2026-03-31 04:34:10,681,669755.0,62174.0,1852.0,0.0,0.0,0.0,1676.0,152.0,5.0,7.4371072e+07,1.168310272e+09,4918.47,26.0,243838.0,2.0,243836.0,243836.0,11.0,0.0,0.0
2026-03-31 04:34:21,681,669755.0,62174.0,1852.0,0.0,0.0,0.0,1676.0,152.0,5.0,7.4371072e+07,1.168310272e+09,4918.490000000001,26.0,243838.0,2.0,243836.0,243836.0,11.0,0.0,0.0
2026-03-31 04:34:33,682,669755.0,62174.0,1852.0,0.0,0.0,0.0,1676.0,152.0,5.0,7.4371072e+07,1.168310272e+09,4918.51,26.0,243838.0,2.0,243836.0,243836.0,11.0,0.0,0.0
2026-03-31 04:34:45,682,669755.0,62174.0,1852.0,0.0,0.0,0.0,1676.0,152.0,5.0,7.4371072e+07,1.168310272e+09,4918.52,26.0,243838.0,2.0,243836.0,243836.0,11.0,0.0,0.0
2026-03-31 04:34:56,682,669755.0,62174.0,1852.0,0.0,0.0,0.0,1676.0,152.0,5.0,7.4371072e+07,1.168310272e+09,4918.54,26.0,243838.0,2.0,243836.0,243836.0,11.0,0.0,0.0
2026-03-31 04:35:08,682,669755.0,62174.0,1852.0,0.0,0.0,0.0,1676.0,152.0,5.0,7.4371072e+07,1.168310272e+09,4918.5599999999995,26.0,243838.0,2.0,243836.0,243836.0,11.0,0.0,0.0
2026-03-31 04:35:20,682,669755.0,62174.0,1852.0,0.0,0.0,0.0,1676.0,152.0,5.0,7.4371072e+07,1.168310272e+09,4918.57,26.0,243838.0,2.0,243836.0,243836.0,11.0,0.0,0.0
2026-03-31 04:35:32,683,669755.0,62174.0,1852.0,0.0,0.0,0.0,1676.0,152.0,5.0,7.4371072e+07,1.168310272e+09,4918.59,26.0,243838.0,2.0,243836.0,243836.0,11.0,0.0,0.0
2026-03-31 04:35:43,683,669755.0,62174.0,1852.0,0.0,0.0,0.0,1676.0,152.0,5.0,7.4371072e+07,1.168310272e+09,4918.610000000001,26.0,243838.0,2.0,243836.0,243836.0,11.0,0.0,0.0
2026-03-31 04:35:55,683,669755.0,62174.0,1852.0,0.0,0.0,0.0,1676.0,152.0,5.0,7.4371072e+07,1.168310272e+09,4918.63,26.0,243838.0,2.0,243836.0,243836.0,11.0,0.0,0.0
2026-03-31 04:36:07,683,669755.0,62174.0,1852.0,0.0,0.0,0.0,1676.0,152.0,5.0,7.4371072e+07,1.168310272e+09,4918.63,26.0,243838.0,2.0,243836.0,243836.0,11.0,0.0,0.0
2026-03-31 04:36:19,683,669755.0,62174.0,1852.0,0.0,0.0,0.0,1676.0,152.0,5.0,7.4371072e+07,1.168310272e+09,4918.66,26.0,243838.0,2.0,243836.0,243836.0,11.0,0.0,0.0
2026-03-31 04:36:30,684,669755.0,62174.0,1852.0,0.0,0.0,0.0,1676.0,152.0,5.0,7.4371072e+07,1.168310272e+09,4918.68,26.0,243838.0,2.0,243836.0,243836.0,11.0,0.0,0.0
2026-03-31 04:36:42,684,669755.0,62174.0,1852.0,0.0,0.0,0.0,1676.0,152.0,5.0,7.4371072e+07,1.168310272e+09,4918.68,26.0,243838.0,2.0,243836.0,243836.0,11.0,0.0,0.0
2026-03-31 04:36:54,684,669755.0,62174.0,1852.0,0.0,0.0,0.0,1676.0,152.0,5.0,7.4371072e+07,1.168310272e+09,4918.700000000001,26.0,243838.0,2.0,243836.0,243836.0,11.0,0.0,0.0
2026-03-31 04:37:05,684,669755.0,62174.0,1852.0,0.0,0.0,0.0,1676.0,152.0,5.0,7.4371072e+07,1.168310272e+09,4918.719999999999,26.0,243838.0,2.0,243836.0,243836.0,11.0,0.0,0.0
2026-03-31 04:37:17,684,669755.0,62174.0,1852.0,0.0,0.0,0.0,1676.0,152.0,5.0,7.4371072e+07,1.168310272e+09,4918.73,26.0,243838.0,2.0,243836.0,243836.0,11.0,0.0,0.0
2026-03-31 04:37:29,685,669755.0,62174.0,1852.0,0.0,0.0,0.0,1676.0,152.0,5.0,7.4371072e+07,1.168310272e+09,4918.75,26.0,243838.0,2.0,243836.0,243836.0,11.0,0.0,0.0
2026-03-31 04:37:41,685,669755.0,62174.0,1852.0,0.0,0.0,0.0,1676.0,152.0,5.0,7.4371072e+07,1.168310272e+09,4918.7699999999995,26.0,243838.0,2.0,243836.0,243836.0,11.0,0.0,0.0
2026-03-31 04:37:52,685,669755.0,62174.0,1852.0,0.0,0.0,0.0,1676.0,152.0,5.0,7.4371072e+07,1.168310272e+09,4918.78,26.0,243838.0,2.0,243836.0,243836.0,11.0,0.0,0.0
2026-03-31 04:38:04,685,669755.0,62174.0,1852.0,0.0,0.0,0.0,1676.0,152.0,5.0,7.4371072e+07,1.168310272e+09,4918.8,26.0,243838.0,2.0,243836.0,243836.0,11.0,0.0,0.0
2026-03-31 04:38:16,685,669755.0,62174.0,1852.0,0.0,0.0,0.0,1676.0,152.0,5.0,7.4371072e+07,1.168310272e+09,4918.820000000001,26.0,243838.0,2.0,243836.0,243836.0,11.0,0.0,0.0
2026-03-31 04:38:28,686,669755.0,62174.0,1852.0,0.0,0.0,0.0,1676.0,152.0,5.0,7.4371072e+07,1.168310272e+09,4918.83,26.0,243838.0,2.0,243836.0,243836.0,11.0,0.0,0.0
2026-03-31 04:38:39,686,669755.0,62174.0,1852.0,0.0,0.0,0.0,1676.0,152.0,5.0,7.4371072e+07,1.168310272e+09,4918.849999999999,26.0,243838.0,2.0,243836.0,243836.0,11.0,0.0,0.0
2026-03-31 04:38:51,686,669755.0,62174.0,1852.0,0.0,0.0,0.0,1676.0,152.0,5.0,7.4371072e+07,1.168310272e+09,4918.87,26.0,243838.0,2.0,243836.0,243836.0,11.0,0.0,0.0
2026-03-31 04:39:03,686,669755.0,62174.0,1852.0,0.0,0.0,0.0,1676.0,152.0,5.0,7.4371072e+07,1.168310272e+09,4918.88,26.0,243838.0,2.0,243836.0,243836.0,11.0,0.0,0.0
2026-03-31 04:39:15,686,669755.0,62174.0,1852.0,0.0,0.0,0.0,1676.0,152.0,5.0,7.4371072e+07,1.168310272e+09,4918.9,26.0,243838.0,2.0,243836.0,243836.0,11.0,0.0,0.0
2026-03-31 04:39:27,687,669755.0,62174.0,1852.0,0.0,0.0,0.0,1676.0,152.0,5.0,7.4371072e+07,1.168310272e+09,4918.91,26.0,243838.0,2.0,243836.0,243836.0,11.0,0.0,0.0
2026-03-31 04:39:38,687,669755.0,62174.0,1852.0,0.0,0.0,0.0,1676.0,152.0,5.0,7.4371072e+07,1.168310272e+09,4918.93,26.0,243838.0,2.0,243836.0,243836.0,11.0,0.0,0.0
2026-03-31 04:39:50,687,669755.0,62174.0,1852.0,0.0,0.0,0.0,1676.0,152.0,5.0,7.4371072e+07,1.168310272e+09,4918.94,26.0,243838.0,2.0,243836.0,243836.0,11.0,0.0,0.0
2026-03-31 04:40:02,687,669755.0,62174.0,1852.0,0.0,0.0,0.0,1676.0,152.0,5.0,7.4371072e+07,1.168310272e+09,4918.96,26.0,243838.0,2.0,243836.0,243836.0,11.0,0.0,0.0
2026-03-31 04:40:14,687,669755.0,62174.0,1852.0,0.0,0.0,0.0,1676.0,152.0,5.0,7.4371072e+07,1.168310272e+09,4918.97,26.0,243838.0,2.0,243836.0,243836.0,11.0,0.0,0.0
2026-03-31 04:40:25,688,669755.0,62174.0,1852.0,0.0,0.0,0.0,1676.0,152.0,5.0,7.4371072e+07,1.168310272e+09,4918.990000000001,26.0,243838.0,2.0,243836.0,243836.0,11.0,0.0,0.0
2026-03-31 04:40:37,688,669755.0,62174.0,1852.0,0.0,0.0,0.0,1676.0,152.0,5.0,7.4371072e+07,1.168310272e+09,4919.01,26.0,243838.0,2.0,243836.0,243836.0,11.0,0.0,0.0
2026-03-31 04:40:49,688,669755.0,62174.0,1852.0,0.0,0.0,0.0,1676.0,152.0,5.0,7.4371072e+07,1.168310272e+09,4919.03,26.0,243838.0,2.0,243836.0,243836.0,11.0,0.0,0.0
2026-03-31 04:41:01,688,669755.0,62174.0,1852.0,0.0,0.0,0.0,1676.0,152.0,5.0,7.4371072e+07,1.168310272e+09,4919.04,26.0,243838.0,2.0,243836.0,243836.0,11.0,0.0,0.0
2026-03-31 04:41:12,688,669755.0,62174.0,1852.0,0.0,0.0,0.0,1676.0,152.0,5.0,7.4371072e+07,1.168310272e+09,4919.06,26.0,243838.0,2.0,243836.0,243836.0,11.0,0.0,0.0
2026-03-31 04:41:24,688,669755.0,62174.0,1852.0,0.0,0.0,0.0,1676.0,152.0,5.0,7.4371072e+07,1.168310272e+09,4919.07,26.0,243838.0,2.0,243836.0,243836.0,11.0,0.0,0.0
2026-03-31 04:41:36,689,669755.0,62174.0,1852.0,0.0,0.0,0.0,1676.0,152.0,5.0,7.4371072e+07,1.168310272e+09,4919.09,26.0,243838.0,2.0,243836.0,243836.0,11.0,0.0,0.0
2026-03-31 04:41:48,689,669755.0,62174.0,1852.0,0.0,0.0,0.0,1676.0,152.0,5.0,7.4371072e+07,1.168310272e+09,4919.1,26.0,243838.0,2.0,243836.0,243836.0,11.0,0.0,0.0
2026-03-31 04:41:59,689,669755.0,62174.0,1852.0,0.0,0.0,0.0,1676.0,152.0,5.0,7.4371072e+07,1.168310272e+09,4919.120000000001,26.0,243838.0,2.0,243836.0,243836.0,11.0,0.0,0.0
2026-03-31 04:42:11,689,669755.0,62174.0,1852.0,0.0,0.0,0.0,1676.0,152.0,5.0,7.4371072e+07,1.168310272e+09,4919.13,26.0,243838.0,2.0,243836.0,243836.0,11.0,0.0,0.0
2026-03-31 04:42:23,689,669755.0,62174.0,1852.0,0.0,0.0,0.0,1676.0,152.0,5.0,7.4371072e+07,1.168310272e+09,4919.15,26.0,243838.0,2.0,243836.0,243836.0,11.0,0.0,0.0
2026-03-31 04:42:35,690,669755.0,62174.0,1852.0,0.0,0.0,0.0,1676.0,152.0,5.0,7.4371072e+07,1.168310272e+09,4919.17,26.0,243838.0,2.0,243836.0,243836.0,11.0,0.0,0.0
2026-03-31 04:42:46,690,669755.0,62174.0,1852.0,0.0,0.0,0.0,1676.0,152.0,5.0,7.4371072e+07,1.168310272e+09,4919.18,26.0,243838.0,2.0,243836.0,243836.0,11.0,0.0,0.0
2026-03-31 04:42:58,690,669755.0,62174.0,1852.0,0.0,0.0,0.0,1676.0,152.0,5.0,7.4371072e+07,1.168310272e+09,4919.2,26.0,243838.0,2.0,243836.0,243836.0,11.0,0.0,0.0
2026-03-31 04:43:10,690,669755.0,62174.0,1852.0,0.0,0.0,0.0,1676.0,152.0,5.0,7.4371072e+07,1.168310272e+09,4919.22,26.0,243838.0,2.0,243836.0,243836.0,11.0,0.0,0.0
2026-03-31 04:43:21,690,669755.0,62174.0,1852.0,0.0,0.0,0.0,1676.0,152.0,5.0,7.4371072e+07,1.168310272e+09,4919.2300000000005,26.0,243838.0,2.0,243836.0,243836.0,11.0,0.0,0.0
2026-03-31 04:43:33,691,669755.0,62174.0,1852.0,0.0,0.0,0.0,1676.0,152.0,5.0,7.4371072e+07,1.168310272e+09,4919.25,26.0,243838.0,2.0,243836.0,243836.0,11.0,0.0,0.0
2026-03-31 04:43:45,691,669755.0,62174.0,1852.0,0.0,0.0,0.0,1676.0,152.0,5.0,7.4371072e+07,1.168310272e+09,4919.26,26.0,243838.0,2.0,243836.0,243836.0,11.0,0.0,0.0
2026-03-31 04:43:57,691,669755.0,62174.0,1852.0,0.0,0.0,0.0,1676.0,152.0,5.0,7.4371072e+07,1.168310272e+09,4919.28,26.0,243838.0,2.0,243836.0,243836.0,11.0,0.0,0.0
2026-03-31 04:44:08,691,669755.0,62174.0,1852.0,0.0,0.0,0.0,1676.0,152.0,5.0,7.4371072e+07,1.168310272e+09,4919.3,26.0,243838.0,2.0,243836.0,243836.0,11.0,0.0,0.0
2026-03-31 04:44:20,691,669755.0,62174.0,1852.0,0.0,0.0,0.0,1676.0,152.0,5.0,7.4371072e+07,1.168310272e+09,4919.31,26.0,243838.0,2.0,243836.0,243836.0,11.0,0.0,0.0
2026-03-31 04:44:32,692,669755.0,62174.0,1852.0,0.0,0.0,0.0,1676.0,152.0,5.0,7.4371072e+07,1.168310272e+09,4919.33,26.0,243838.0,2.0,243836.0,243836.0,11.0,0.0,0.0
2026-03-31 04:44:44,692,669755.0,62174.0,1852.0,0.0,0.0,0.0,1676.0,152.0,5.0,7.4371072e+07,1.168310272e+09,4919.34,26.0,243838.0,2.0,243836.0,243836.0,11.0,0.0,0.0
2026-03-31 04:44:55,692,669755.0,62174.0,1852.0,0.0,0.0,0.0,1676.0,152.0,5.0,7.4371072e+07,1.168310272e+09,4919.36,26.0,243838.0,2.0,243836.0,243836.0,11.0,0.0,0.0
2026-03-31 04:45:07,692,669755.0,62174.0,1852.0,0.0,0.0,0.0,1676.0,152.0,5.0,7.4371072e+07,1.168310272e+09,4919.37,26.0,243838.0,2.0,243836.0,243836.0,11.0,0.0,0.0
2026-03-31 04:45:19,692,669755.0,62174.0,1852.0,0.0,0.0,0.0,1676.0,152.0,5.0,7.4371072e+07,1.168310272e+09,4919.39,26.0,243838.0,2.0,243836.0,243836.0,11.0,0.0,0.0
2026-03-31 04:45:31,693,669755.0,62174.0,1852.0,0.0,0.0,0.0,1676.0,152.0,5.0,7.4371072e+07,1.168310272e+09,4919.41,26.0,243838.0,2.0,243836.0,243836.0,11.0,0.0,0.0
2026-03-31 04:45:42,693,669755.0,62174.0,1852.0,0.0,0.0,0.0,1676.0,152.0,5.0,7.4371072e+07,1.168310272e+09,4919.42,26.0,243838.0,2.0,243836.0,243836.0,11.0,0.0,0.0
2026-03-31 04:45:54,693,669755.0,62174.0,1852.0,0.0,0.0,0.0,1676.0,152.0,5.0,7.4371072e+07,1.168310272e+09,4919.4400000000005,26.0,243838.0,2.0,243836.0,243836.0,11.0,0.0,0.0
2026-03-31 04:46:06,693,669755.0,62174.0,1852.0,0.0,0.0,0.0,1676.0,152.0,5.0,7.4371072e+07,1.168310272e+09,4919.450000000001,26.0,243838.0,2.0,243836.0,243836.0,11.0,0.0,0.0
2026-03-31 04:46:17,693,669755.0,62174.0,1852.0,0.0,0.0,0.0,1676.0,152.0,5.0,7.4371072e+07,1.168310272e+09,4919.469999999999,26.0,243838.0,2.0,243836.0,243836.0,11.0,0.0,0.0
2026-03-31 04:46:29,694,669755.0,62174.0,1852.0,0.0,0.0,0.0,1676.0,152.0,5.0,7.4371072e+07,1.168310272e+09,4919.49,26.0,243838.0,2.0,243836.0,243836.0,11.0,0.0,0.0
2026-03-31 04:46:41,694,669755.0,62174.0,1852.0,0.0,0.0,0.0,1676.0,152.0,5.0,7.4371072e+07,1.168310272e+09,4919.51,26.0,243838.0,2.0,243836.0,243836.0,11.0,0.0,0.0
2026-03-31 04:46:53,694,669755.0,62174.0,1852.0,0.0,0.0,0.0,1676.0,152.0,5.0,7.4371072e+07,1.168310272e+09,4919.51,26.0,243838.0,2.0,243836.0,243836.0,11.0,0.0,0.0
2026-03-31 04:47:05,694,669755.0,62174.0,1852.0,0.0,0.0,0.0,1676.0,152.0,5.0,7.4371072e+07,1.168310272e+09,4919.530000000001,26.0,243838.0,2.0,243836.0,243836.0,11.0,0.0,0.0
2026-03-31 04:47:17,694,669755.0,62174.0,1852.0,0.0,0.0,0.0,1676.0,152.0,5.0,7.4371072e+07,1.168310272e+09,4919.55,26.0,243838.0,2.0,243836.0,243836.0,11.0,0.0,0.0
2026-03-31 04:47:28,695,669755.0,62174.0,1852.0,0.0,0.0,0.0,1676.0,152.0,5.0,7.424e+07,1.168310272e+09,4919.57,26.0,243838.0,2.0,243836.0,243836.0,11.0,0.0,0.0
2026-03-31 04:47:40,695,669755.0,62174.0,1852.0,0.0,0.0,0.0,1676.0,152.0,5.0,7.424e+07,1.168310272e+09,4919.58,26.0,243838.0,2.0,243836.0,243836.0,11.0,0.0,0.0
2026-03-31 04:47:52,695,669755.0,62174.0,1852.0,0.0,0.0,0.0,1676.0,152.0,5.0,7.424e+07,1.168310272e+09,4919.599999999999,26.0,243838.0,2.0,243836.0,243836.0,11.0,0.0,0.0
2026-03-31 04:48:03,695,669755.0,62174.0,1852.0,0.0,0.0,0.0,1676.0,152.0,5.0,7.424e+07,1.168310272e+09,4919.62,26.0,243838.0,2.0,243836.0,243836.0,11.0,0.0,0.0
2026-03-31 04:48:15,695,669755.0,62174.0,1852.0,0.0,0.0,0.0,1676.0,152.0,5.0,7.424e+07,1.168310272e+09,4919.63,26.0,243838.0,2.0,243836.0,243836.0,11.0,0.0,0.0
2026-03-31 04:48:27,696,669755.0,62174.0,1852.0,0.0,0.0,0.0,1676.0,152.0,5.0,7.424e+07,1.168310272e+09,4919.650000000001,26.0,243838.0,2.0,243836.0,243836.0,11.0,0.0,0.0
2026-03-31 04:48:39,696,669755.0,62174.0,1852.0,0.0,0.0,0.0,1676.0,152.0,5.0,7.424e+07,1.168310272e+09,4919.66,26.0,243838.0,2.0,243836.0,243836.0,11.0,0.0,0.0
2026-03-31 04:48:50,696,669755.0,62174.0,1852.0,0.0,0.0,0.0,1676.0,152.0,5.0,7.424e+07,1.168310272e+09,4919.68,26.0,243838.0,2.0,243836.0,243836.0,11.0,0.0,0.0
2026-03-31 04:49:02,696,669755.0,62174.0,1852.0,0.0,0.0,0.0,1676.0,152.0,5.0,7.424e+07,1.168310272e+09,4919.7,26.0,243838.0,2.0,243836.0,243836.0,11.0,0.0,0.0
2026-03-31 04:49:14,696,669755.0,62174.0,1852.0,0.0,0.0,0.0,1676.0,152.0,5.0,7.424e+07,1.168310272e+09,4919.71,26.0,243838.0,2.0,243836.0,243836.0,11.0,0.0,0.0
2026-03-31 04:49:26,697,669755.0,62174.0,1852.0,0.0,0.0,0.0,1676.0,152.0,5.0,7.424e+07,1.168310272e+09,4919.73,26.0,243838.0,2.0,243836.0,243836.0,11.0,0.0,0.0
2026-03-31 04:49:37,697,669755.0,62174.0,1852.0,0.0,0.0,0.0,1676.0,152.0,5.0,7.424e+07,1.168310272e+09,4919.75,26.0,243838.0,2.0,243836.0,243836.0,11.0,0.0,0.0
2026-03-31 04:49:49,697,669755.0,62174.0,1852.0,0.0,0.0,0.0,1676.0,152.0,5.0,7.424e+07,1.168310272e+09,4919.76,26.0,243838.0,2.0,243836.0,243836.0,11.0,0.0,0.0
2026-03-31 04:50:01,697,669755.0,62174.0,1852.0,0.0,0.0,0.0,1676.0,152.0,5.0,7.424e+07,1.168310272e+09,4919.780000000001,26.0,243838.0,2.0,243836.0,243836.0,11.0,0.0,0.0
2026-03-31 04:50:13,697,669755.0,62174.0,1852.0,0.0,0.0,0.0,1676.0,152.0,5.0,7.424e+07,1.168310272e+09,4919.79,26.0,243838.0,2.0,243836.0,243836.0,11.0,0.0,0.0
2026-03-31 04:50:24,697,669755.0,62174.0,1852.0,0.0,0.0,0.0,1676.0,152.0,5.0,7.424e+07,1.168310272e+09,4919.8099999999995,26.0,243838.0,2.0,243836.0,243836.0,11.0,0.0,0.0
2026-03-31 04:50:36,698,669755.0,62174.0,1852.0,0.0,0.0,0.0,1676.0,152.0,5.0,7.424e+07,1.168310272e+09,4919.82,26.0,243838.0,2.0,243836.0,243836.0,11.0,0.0,0.0
2026-03-31 04:50:48,698,669755.0,62174.0,1852.0,0.0,0.0,0.0,1676.0,152.0,5.0,7.424e+07,1.168310272e+09,4919.84,26.0,243838.0,2.0,243836.0,243836.0,11.0,0.0,0.0
2026-03-31 04:50:59,698,669755.0,62174.0,1852.0,0.0,0.0,0.0,1676.0,152.0,5.0,7.424e+07,1.168310272e+09,4919.849999999999,26.0,243838.0,2.0,243836.0,243836.0,11.0,0.0,0.0
2026-03-31 04:51:11,698,669755.0,62174.0,1852.0,0.0,0.0,0.0,1676.0,152.0,5.0,7.424e+07,1.168310272e+09,4919.87,26.0,243838.0,2.0,243836.0,243836.0,11.0,0.0,0.0
2026-03-31 04:51:23,698,669755.0,62174.0,1852.0,0.0,0.0,0.0,1676.0,152.0,5.0,7.424e+07,1.168310272e+09,4919.89,26.0,243838.0,2.0,243836.0,243836.0,11.0,0.0,0.0
2026-03-31 04:51:34,699,669755.0,62174.0,1852.0,0.0,0.0,0.0,1676.0,152.0,5.0,7.424e+07,1.168310272e+09,4919.900000000001,26.0,243838.0,2.0,243836.0,243836.0,11.0,0.0,0.0
2026-03-31 04:51:46,699,669755.0,62174.0,1852.0,0.0,0.0,0.0,1676.0,152.0,5.0,7.424e+07,1.168310272e+09,4919.92,26.0,243838.0,2.0,243836.0,243836.0,11.0,0.0,0.0
2026-03-31 04:51:58,699,669755.0,62174.0,1852.0,0.0,0.0,0.0,1676.0,152.0,5.0,7.424e+07,1.168310272e+09,4919.93,26.0,243838.0,2.0,243836.0,243836.0,11.0,0.0,0.0
2026-03-31 04:52:10,699,669755.0,62174.0,1852.0,0.0,0.0,0.0,1676.0,152.0,5.0,7.424e+07,1.168310272e+09,4919.95,26.0,243838.0,2.0,243836.0,243836.0,11.0,0.0,0.0
2026-03-31 04:52:22,699,669755.0,62174.0,1852.0,0.0,0.0,0.0,1676.0,152.0,5.0,7.424e+07,1.168310272e+09,4919.96,26.0,243838.0,2.0,243836.0,243836.0,11.0,0.0,0.0
2026-03-31 04:52:33,700,669755.0,62174.0,1852.0,0.0,0.0,0.0,1676.0,152.0,5.0,7.424e+07,1.168310272e+09,4919.98,26.0,243838.0,2.0,243836.0,243836.0,11.0,0.0,0.0
2026-03-31 04:52:45,700,669755.0,62174.0,1852.0,0.0,0.0,0.0,1676.0,152.0,5.0,7.424e+07,1.168310272e+09,4920.0,26.0,243838.0,2.0,243836.0,243836.0,11.0,0.0,0.0
2026-03-31 04:52:57,700,669755.0,62174.0,1852.0,0.0,0.0,0.0,1676.0,152.0,5.0,7.424e+07,1.168310272e+09,4920.01,26.0,243838.0,2.0,243836.0,243836.0,11.0,0.0,0.0
2026-03-31 04:53:08,700,669755.0,62174.0,1852.0,0.0,0.0,0.0,1676.0,152.0,5.0,7.424e+07,1.168310272e+09,4920.03,26.0,243838.0,2.0,243836.0,243836.0,11.0,0.0,0.0
2026-03-31 04:53:20,700,669755.0,62174.0,1852.0,0.0,0.0,0.0,1676.0,152.0,5.0,7.424e+07,1.168310272e+09,4920.05,26.0,243838.0,2.0,243836.0,243836.0,11.0,0.0,0.0
2026-03-31 04:53:32,701,669755.0,62174.0,1852.0,0.0,0.0,0.0,1676.0,152.0,5.0,7.424e+07,1.168310272e+09,4920.06,26.0,243838.0,2.0,243836.0,243836.0,11.0,0.0,0.0
2026-03-31 04:53:43,701,669755.0,62174.0,1852.0,0.0,0.0,0.0,1676.0,152.0,5.0,7.424e+07,1.168310272e+09,4920.08,26.0,243838.0,2.0,243836.0,243836.0,11.0,0.0,0.0
2026-03-31 04:53:55,701,669755.0,62174.0,1852.0,0.0,0.0,0.0,1676.0,152.0,5.0,7.424e+07,1.168310272e+09,4920.099999999999,26.0,243838.0,2.0,243836.0,243836.0,11.0,0.0,0.0
2026-03-31 04:54:07,701,669755.0,62174.0,1852.0,0.0,0.0,0.0,1676.0,152.0,5.0,7.424e+07,1.168310272e+09,4920.11,26.0,243838.0,2.0,243836.0,243836.0,11.0,0.0,0.0
2026-03-31 04:54:19,701,669755.0,62174.0,1852.0,0.0,0.0,0.0,1676.0,152.0,5.0,7.424e+07,1.168310272e+09,4920.12,26.0,243838.0,2.0,243836.0,243836.0,11.0,0.0,0.0
2026-03-31 04:54:30,702,669755.0,62174.0,1852.0,0.0,0.0,0.0,1676.0,152.0,5.0,7.424e+07,1.168310272e+09,4920.150000000001,26.0,243838.0,2.0,243836.0,243836.0,11.0,0.0,0.0
2026-03-31 04:54:42,702,669755.0,62174.0,1852.0,0.0,0.0,0.0,1676.0,152.0,5.0,7.424e+07,1.168310272e+09,4920.160000000001,26.0,243838.0,2.0,243836.0,243836.0,11.0,0.0,0.0
2026-03-31 04:54:54,702,669755.0,62174.0,1852.0,0.0,0.0,0.0,1676.0,152.0,5.0,7.424e+07,1.168310272e+09,4920.179999999999,26.0,243838.0,2.0,243836.0,243836.0,11.0,0.0,0.0
2026-03-31 04:55:06,702,669755.0,62174.0,1852.0,0.0,0.0,0.0,1676.0,152.0,5.0,7.424e+07,1.168310272e+09,4920.19,26.0,243838.0,2.0,243836.0,243836.0,11.0,0.0,0.0
2026-03-31 04:55:17,702,669755.0,62174.0,1852.0,0.0,0.0,0.0,1676.0,152.0,5.0,7.424e+07,1.168310272e+09,4920.21,26.0,243838.0,2.0,243836.0,243836.0,11.0,0.0,0.0
2026-03-31 04:55:29,703,669755.0,62174.0,1852.0,0.0,0.0,0.0,1676.0,152.0,5.0,7.424e+07,1.168310272e+09,4920.21,26.0,243838.0,2.0,243836.0,243836.0,11.0,0.0,0.0
2026-03-31 04:55:41,703,669755.0,62174.0,1852.0,0.0,0.0,0.0,1676.0,152.0,5.0,7.424e+07,1.168310272e+09,4920.2300000000005,26.0,243838.0,2.0,243836.0,243836.0,11.0,0.0,0.0
2026-03-31 04:55:53,703,669755.0,62174.0,1852.0,0.0,0.0,0.0,1676.0,152.0,5.0,7.424e+07,1.168310272e+09,4920.25,26.0,243838.0,2.0,243836.0,243836.0,11.0,0.0,0.0
2026-03-31 04:56:04,703,669755.0,62174.0,1852.0,0.0,0.0,0.0,1676.0,152.0,5.0,7.424e+07,1.168310272e+09,4920.27,26.0,243838.0,2.0,243836.0,243836.0,11.0,0.0,0.0
2026-03-31 04:56:16,703,669755.0,62174.0,1852.0,0.0,0.0,0.0,1676.0,152.0,5.0,7.424e+07,1.168310272e+09,4920.28,26.0,243838.0,2.0,243836.0,243836.0,11.0,0.0,0.0
2026-03-31 04:56:28,704,669755.0,62174.0,1852.0,0.0,0.0,0.0,1676.0,152.0,5.0,7.424e+07,1.168310272e+09,4920.299999999999,26.0,243838.0,2.0,243836.0,243836.0,11.0,0.0,0.0
2026-03-31 04:56:40,704,669755.0,62174.0,1852.0,0.0,0.0,0.0,1676.0,152.0,5.0,7.424e+07,1.168310272e+09,4920.32,26.0,243838.0,2.0,243836.0,243836.0,11.0,0.0,0.0
2026-03-31 04:56:51,704,669755.0,62174.0,1852.0,0.0,0.0,0.0,1676.0,152.0,5.0,7.424e+07,1.168310272e+09,4920.33,26.0,243838.0,2.0,243836.0,243836.0,11.0,0.0,0.0
2026-03-31 04:57:03,704,669755.0,62174.0,1852.0,0.0,0.0,0.0,1676.0,152.0,5.0,7.424e+07,1.168310272e+09,4920.35,26.0,243838.0,2.0,243836.0,243836.0,11.0,0.0,0.0
2026-03-31 04:57:15,704,669755.0,62174.0,1852.0,0.0,0.0,0.0,1676.0,152.0,5.0,7.424e+07,1.168310272e+09,4920.36,26.0,243838.0,2.0,243836.0,243836.0,11.0,0.0,0.0
2026-03-31 04:57:27,705,669755.0,62174.0,1852.0,0.0,0.0,0.0,1676.0,152.0,5.0,7.424e+07,1.168310272e+09,4920.38,26.0,243838.0,2.0,243836.0,243836.0,11.0,0.0,0.0
2026-03-31 04:57:38,705,669755.0,62174.0,1852.0,0.0,0.0,0.0,1676.0,152.0,5.0,7.424e+07,1.168310272e+09,4920.400000000001,26.0,243838.0,2.0,243836.0,243836.0,11.0,0.0,0.0
2026-03-31 04:57:50,705,669755.0,62174.0,1852.0,0.0,0.0,0.0,1676.0,152.0,5.0,7.424e+07,1.168310272e+09,4920.41,26.0,243838.0,2.0,243836.0,243836.0,11.0,0.0,0.0
2026-03-31 04:58:02,705,669755.0,62174.0,1852.0,0.0,0.0,0.0,1676.0,152.0,5.0,7.424e+07,1.168310272e+09,4920.43,26.0,243838.0,2.0,243836.0,243836.0,11.0,0.0,0.0
2026-03-31 04:58:13,705,669755.0,62174.0,1852.0,0.0,0.0,0.0,1676.0,152.0,5.0,7.424e+07,1.168310272e+09,4920.45,26.0,243838.0,2.0,243836.0,243836.0,11.0,0.0,0.0
2026-03-31 04:58:25,706,669755.0,62174.0,1852.0,0.0,0.0,0.0,1676.0,152.0,5.0,7.424e+07,1.168310272e+09,4920.45,26.0,243838.0,2.0,243836.0,243836.0,11.0,0.0,0.0
2026-03-31 04:58:37,706,669755.0,62174.0,1852.0,0.0,0.0,0.0,1676.0,152.0,5.0,7.424e+07,1.168310272e+09,4920.47,26.0,243838.0,2.0,243836.0,243836.0,11.0,0.0,0.0
2026-03-31 04:58:48,706,669755.0,62174.0,1852.0,0.0,0.0,0.0,1676.0,152.0,5.0,7.424e+07,1.168310272e+09,4920.49,26.0,243838.0,2.0,243836.0,243836.0,11.0,0.0,0.0
2026-03-31 04:59:00,706,669755.0,62174.0,1852.0,0.0,0.0,0.0,1676.0,152.0,5.0,7.424e+07,1.168310272e+09,4920.5,26.0,243838.0,2.0,243836.0,243836.0,11.0,0.0,0.0
2026-03-31 04:59:12,706,669755.0,62174.0,1852.0,0.0,0.0,0.0,1676.0,152.0,5.0,7.424e+07,1.168310272e+09,4920.52,26.0,243838.0,2.0,243836.0,243836.0,11.0,0.0,0.0
2026-03-31 04:59:24,706,669755.0,62174.0,1852.0,0.0,0.0,0.0,1676.0,152.0,5.0,7.424e+07,1.168310272e+09,4920.540000000001,26.0,243838.0,2.0,243836.0,243836.0,11.0,0.0,0.0
2026-03-31 04:59:35,707,669755.0,62174.0,1852.0,0.0,0.0,0.0,1676.0,152.0,5.0,7.424e+07,1.168310272e+09,4920.5599999999995,26.0,243838.0,2.0,243836.0,243836.0,11.0,0.0,0.0
2026-03-31 04:59:47,707,669755.0,62174.0,1852.0,0.0,0.0,0.0,1676.0,152.0,5.0,7.424e+07,1.168310272e+09,4920.57,26.0,243838.0,2.0,243836.0,243836.0,11.0,0.0,0.0
2026-03-31 04:59:59,707,669755.0,62174.0,1852.0,0.0,0.0,0.0,1676.0,152.0,5.0,7.424e+07,1.168310272e+09,4920.59,26.0,243838.0,2.0,243836.0,243836.0,11.0,0.0,0.0
2026-03-31 05:00:11,707,669755.0,62174.0,1852.0,0.0,0.0,0.0,1676.0,152.0,5.0,7.424e+07,1.168310272e+09,4920.6,26.0,243838.0,2.0,243836.0,243836.0,11.0,0.0,0.0
2026-03-31 05:00:23,707,669755.0,62174.0,1852.0,0.0,0.0,0.0,1676.0,152.0,5.0,7.424e+07,1.168310272e+09,4920.620000000001,26.0,243838.0,2.0,243836.0,243836.0,11.0,0.0,0.0
2026-03-31 05:00:34,708,669755.0,62174.0,1852.0,0.0,0.0,0.0,1676.0,152.0,5.0,7.424e+07,1.168310272e+09,4920.639999999999,26.0,243838.0,2.0,243836.0,243836.0,11.0,0.0,0.0
2026-03-31 05:00:46,708,669755.0,62174.0,1852.0,0.0,0.0,0.0,1676.0,152.0,5.0,7.424e+07,1.168310272e+09,4920.66,26.0,243838.0,2.0,243836.0,243836.0,11.0,0.0,0.0
2026-03-31 05:00:58,708,669755.0,62174.0,1852.0,0.0,0.0,0.0,1676.0,152.0,5.0,7.424e+07,1.168310272e+09,4920.67,26.0,243838.0,2.0,243836.0,243836.0,11.0,0.0,0.0
2026-03-31 05:01:09,708,669755.0,62174.0,1852.0,0.0,0.0,0.0,1676.0,152.0,5.0,7.424e+07,1.168310272e+09,4920.69,26.0,243838.0,2.0,243836.0,243836.0,11.0,0.0,0.0
2026-03-31 05:01:21,708,669755.0,62174.0,1852.0,0.0,0.0,0.0,1676.0,152.0,5.0,7.424e+07,1.168310272e+09,4920.7,26.0,243838.0,2.0,243836.0,243836.0,11.0,0.0,0.0
2026-03-31 05:01:33,709,669755.0,62174.0,1852.0,0.0,0.0,0.0,1676.0,152.0,5.0,7.424e+07,1.168310272e+09,4920.71,26.0,243838.0,2.0,243836.0,243836.0,11.0,0.0,0.0
2026-03-31 05:01:45,709,669755.0,62174.0,1852.0,0.0,0.0,0.0,1676.0,152.0,5.0,7.424e+07,1.168310272e+09,4920.7300000000005,26.0,243838.0,2.0,243836.0,243836.0,11.0,0.0,0.0
2026-03-31 05:01:56,709,669755.0,62174.0,1852.0,0.0,0.0,0.0,1676.0,152.0,5.0,7.424e+07,1.168310272e+09,4920.75,26.0,243838.0,2.0,243836.0,243836.0,11.0,0.0,0.0
2026-03-31 05:02:08,709,669755.0,62174.0,1852.0,0.0,0.0,0.0,1676.0,152.0,5.0,7.424e+07,1.168310272e+09,4920.759999999999,26.0,243838.0,2.0,243836.0,243836.0,11.0,0.0,0.0
2026-03-31 05:02:20,709,669755.0,62174.0,1852.0,0.0,0.0,0.0,1676.0,152.0,5.0,7.4108928e+07,1.168310272e+09,4920.78,26.0,243838.0,2.0,243836.0,243836.0,11.0,0.0,0.0
2026-03-31 05:02:31,710,669755.0,62174.0,1852.0,0.0,0.0,0.0,1676.0,152.0,5.0,7.4108928e+07,1.168310272e+09,4920.8,26.0,243838.0,2.0,243836.0,243836.0,11.0,0.0,0.0
2026-03-31 05:02:43,710,669755.0,62174.0,1852.0,0.0,0.0,0.0,1676.0,152.0,5.0,7.4108928e+07,1.168310272e+09,4920.82,26.0,243838.0,2.0,243836.0,243836.0,11.0,0.0,0.0
2026-03-31 05:02:55,710,669755.0,62174.0,1852.0,0.0,0.0,0.0,1676.0,152.0,5.0,7.4108928e+07,1.168310272e+09,4920.83,26.0,243838.0,2.0,243836.0,243836.0,11.0,0.0,0.0
2026-03-31 05:03:07,710,669755.0,62174.0,1852.0,0.0,0.0,0.0,1676.0,152.0,5.0,7.4108928e+07,1.168310272e+09,4920.85,26.0,243838.0,2.0,243836.0,243836.0,11.0,0.0,0.0
2026-03-31 05:03:18,710,669755.0,62174.0,1852.0,0.0,0.0,0.0,1676.0,152.0,5.0,7.4108928e+07,1.168310272e+09,4920.87,26.0,243838.0,2.0,243836.0,243836.0,11.0,0.0,0.0
2026-03-31 05:03:30,711,669755.0,62174.0,1852.0,0.0,0.0,0.0,1676.0,152.0,5.0,7.4108928e+07,1.168310272e+09,4920.879999999999,26.0,243838.0,2.0,243836.0,243836.0,11.0,0.0,0.0
2026-03-31 05:03:42,711,669755.0,62174.0,1852.0,0.0,0.0,0.0,1676.0,152.0,5.0,7.4108928e+07,1.168310272e+09,4920.889999999999,26.0,243838.0,2.0,243836.0,243836.0,11.0,0.0,0.0
2026-03-31 05:03:54,711,669755.0,62174.0,1852.0,0.0,0.0,0.0,1676.0,152.0,5.0,7.4108928e+07,1.168310272e+09,4920.91,26.0,243838.0,2.0,243836.0,243836.0,11.0,0.0,0.0
2026-03-31 05:04:05,711,669755.0,62174.0,1852.0,0.0,0.0,0.0,1676.0,152.0,5.0,7.4108928e+07,1.168310272e+09,4920.92,26.0,243838.0,2.0,243836.0,243836.0,11.0,0.0,0.0
2026-03-31 05:04:17,711,669755.0,62174.0,1852.0,0.0,0.0,0.0,1676.0,152.0,5.0,7.4108928e+07,1.168310272e+09,4920.9400000000005,26.0,243838.0,2.0,243836.0,243836.0,11.0,0.0,0.0
2026-03-31 05:04:29,712,669755.0,62174.0,1852.0,0.0,0.0,0.0,1676.0,152.0,5.0,7.4108928e+07,1.168310272e+09,4920.96,26.0,243838.0,2.0,243836.0,243836.0,11.0,0.0,0.0
2026-03-31 05:04:40,712,669755.0,62174.0,1852.0,0.0,0.0,0.0,1676.0,152.0,5.0,7.4108928e+07,1.168310272e+09,4920.97,26.0,243838.0,2.0,243836.0,243836.0,11.0,0.0,0.0
2026-03-31 05:04:52,712,669755.0,62174.0,1852.0,0.0,0.0,0.0,1676.0,152.0,5.0,7.4108928e+07,1.168310272e+09,4920.99,26.0,243838.0,2.0,243836.0,243836.0,11.0,0.0,0.0
2026-03-31 05:05:04,712,669755.0,62174.0,1852.0,0.0,0.0,0.0,1676.0,152.0,5.0,7.4108928e+07,1.168310272e+09,4921.01,26.0,243838.0,2.0,243836.0,243836.0,11.0,0.0,0.0
2026-03-31 05:05:16,712,669755.0,62174.0,1852.0,0.0,0.0,0.0,1676.0,152.0,5.0,7.4108928e+07,1.168310272e+09,4921.0199999999995,26.0,243838.0,2.0,243836.0,243836.0,11.0,0.0,0.0
2026-03-31 05:05:27,713,669755.0,62174.0,1852.0,0.0,0.0,0.0,1676.0,152.0,5.0,7.4108928e+07,1.168310272e+09,4921.03,26.0,243838.0,2.0,243836.0,243836.0,11.0,0.0,0.0
2026-03-31 05:05:39,713,669755.0,62174.0,1852.0,0.0,0.0,0.0,1676.0,152.0,5.0,7.4108928e+07,1.168310272e+09,4921.05,26.0,243838.0,2.0,243836.0,243836.0,11.0,0.0,0.0
2026-03-31 05:05:51,713,669755.0,62174.0,1852.0,0.0,0.0,0.0,1676.0,152.0,5.0,7.4108928e+07,1.168310272e+09,4921.070000000001,26.0,243838.0,2.0,243836.0,243836.0,11.0,0.0,0.0
2026-03-31 05:06:03,713,669755.0,62174.0,1852.0,0.0,0.0,0.0,1676.0,152.0,5.0,7.4108928e+07,1.168310272e+09,4921.08,26.0,243838.0,2.0,243836.0,243836.0,11.0,0.0,0.0
2026-03-31 05:06:14,713,669755.0,62174.0,1852.0,0.0,0.0,0.0,1676.0,152.0,5.0,7.4108928e+07,1.168310272e+09,4921.1,26.0,243838.0,2.0,243836.0,243836.0,11.0,0.0,0.0
2026-03-31 05:06:26,714,669755.0,62174.0,1852.0,0.0,0.0,0.0,1676.0,152.0,5.0,7.4108928e+07,1.168310272e+09,4921.12,26.0,243838.0,2.0,243836.0,243836.0,11.0,0.0,0.0
2026-03-31 05:06:38,714,669755.0,62174.0,1852.0,0.0,0.0,0.0,1676.0,152.0,5.0,7.4108928e+07,1.168310272e+09,4921.13,26.0,243838.0,2.0,243836.0,243836.0,11.0,0.0,0.0
2026-03-31 05:06:49,714,669755.0,62174.0,1852.0,0.0,0.0,0.0,1676.0,152.0,5.0,7.4108928e+07,1.168310272e+09,4921.15,26.0,243838.0,2.0,243836.0,243836.0,11.0,0.0,0.0
2026-03-31 05:07:01,714,669755.0,62174.0,1852.0,0.0,0.0,0.0,1676.0,152.0,5.0,7.4108928e+07,1.168310272e+09,4921.17,26.0,243838.0,2.0,243836.0,243836.0,11.0,0.0,0.0
2026-03-31 05:07:13,714,669755.0,62174.0,1852.0,0.0,0.0,0.0,1676.0,152.0,5.0,7.4108928e+07,1.168310272e+09,4921.18,26.0,243838.0,2.0,243836.0,243836.0,11.0,0.0,0.0
2026-03-31 05:07:25,715,669755.0,62174.0,1852.0,0.0,0.0,0.0,1676.0,152.0,5.0,7.4108928e+07,1.168310272e+09,4921.2,26.0,243838.0,2.0,243836.0,243836.0,11.0,0.0,0.0
2026-03-31 05:07:36,715,669755.0,62174.0,1852.0,0.0,0.0,0.0,1676.0,152.0,5.0,7.4108928e+07,1.168310272e+09,4921.21,26.0,243838.0,2.0,243836.0,243836.0,11.0,0.0,0.0
2026-03-31 05:07:48,715,669755.0,62174.0,1852.0,0.0,0.0,0.0,1676.0,152.0,5.0,7.4108928e+07,1.168310272e+09,4921.23,26.0,243838.0,2.0,243836.0,243836.0,11.0,0.0,0.0
2026-03-31 05:08:00,715,669755.0,62174.0,1852.0,0.0,0.0,0.0,1676.0,152.0,5.0,7.4108928e+07,1.168310272e+09,4921.25,26.0,243838.0,2.0,243836.0,243836.0,11.0,0.0,0.0
2026-03-31 05:08:11,715,669755.0,62174.0,1852.0,0.0,0.0,0.0,1676.0,152.0,5.0,7.4108928e+07,1.168310272e+09,4921.259999999999,26.0,243838.0,2.0,243836.0,243836.0,11.0,0.0,0.0
2026-03-31 05:08:23,715,669755.0,62174.0,1852.0,0.0,0.0,0.0,1676.0,152.0,5.0,7.4108928e+07,1.168310272e+09,4921.28,26.0,243838.0,2.0,243836.0,243836.0,11.0,0.0,0.0
2026-03-31 05:08:35,716,669755.0,62174.0,1852.0,0.0,0.0,0.0,1676.0,152.0,5.0,7.4108928e+07,1.168310272e+09,4921.29,26.0,243838.0,2.0,243836.0,243836.0,11.0,0.0,0.0
2026-03-31 05:08:46,716,669755.0,62174.0,1852.0,0.0,0.0,0.0,1676.0,152.0,5.0,7.4108928e+07,1.168310272e+09,4921.31,26.0,243838.0,2.0,243836.0,243836.0,11.0,0.0,0.0
2026-03-31 05:08:58,716,669755.0,62174.0,1852.0,0.0,0.0,0.0,1676.0,152.0,5.0,7.4108928e+07,1.168310272e+09,4921.33,26.0,243838.0,2.0,243836.0,243836.0,11.0,0.0,0.0
2026-03-31 05:09:10,716,669755.0,62174.0,1852.0,0.0,0.0,0.0,1676.0,152.0,5.0,7.4108928e+07,1.168310272e+09,4921.35,26.0,243838.0,2.0,243836.0,243836.0,11.0,0.0,0.0
2026-03-31 05:09:22,716,669755.0,62174.0,1852.0,0.0,0.0,0.0,1676.0,152.0,5.0,7.4108928e+07,1.168310272e+09,4921.360000000001,26.0,243838.0,2.0,243836.0,243836.0,11.0,0.0,0.0
2026-03-31 05:09:33,717,669755.0,62174.0,1852.0,0.0,0.0,0.0,1676.0,152.0,5.0,7.4108928e+07,1.168310272e+09,4921.370000000001,26.0,243838.0,2.0,243836.0,243836.0,11.0,0.0,0.0
2026-03-31 05:09:45,717,669755.0,62174.0,1852.0,0.0,0.0,0.0,1676.0,152.0,5.0,7.4108928e+07,1.168310272e+09,4921.389999999999,26.0,243838.0,2.0,243836.0,243836.0,11.0,0.0,0.0
2026-03-31 05:09:57,717,669755.0,62174.0,1852.0,0.0,0.0,0.0,1676.0,152.0,5.0,7.4108928e+07,1.168310272e+09,4921.4,26.0,243838.0,2.0,243836.0,243836.0,11.0,0.0,0.0
2026-03-31 05:10:09,717,669755.0,62174.0,1852.0,0.0,0.0,0.0,1676.0,152.0,5.0,7.4108928e+07,1.168310272e+09,4921.42,26.0,243838.0,2.0,243836.0,243836.0,11.0,0.0,0.0
2026-03-31 05:10:21,717,669755.0,62174.0,1852.0,0.0,0.0,0.0,1676.0,152.0,5.0,7.4108928e+07,1.168310272e+09,4921.44,26.0,243838.0,2.0,243836.0,243836.0,11.0,0.0,0.0
2026-03-31 05:10:32,718,669755.0,62174.0,1852.0,0.0,0.0,0.0,1676.0,152.0,5.0,7.4108928e+07,1.168310272e+09,4921.45,26.0,243838.0,2.0,243836.0,243836.0,11.0,0.0,0.0
2026-03-31 05:10:44,718,669755.0,62174.0,1852.0,0.0,0.0,0.0,1676.0,152.0,5.0,7.4108928e+07,1.168310272e+09,4921.47,26.0,243838.0,2.0,243836.0,243836.0,11.0,0.0,0.0
2026-03-31 05:10:56,718,669755.0,62174.0,1852.0,0.0,0.0,0.0,1676.0,152.0,5.0,7.4108928e+07,1.168310272e+09,4921.4800000000005,26.0,243838.0,2.0,243836.0,243836.0,11.0,0.0,0.0
2026-03-31 05:11:08,718,669755.0,62174.0,1852.0,0.0,0.0,0.0,1676.0,152.0,5.0,7.4108928e+07,1.168310272e+09,4921.5,26.0,243838.0,2.0,243836.0,243836.0,11.0,0.0,0.0
2026-03-31 05:11:19,718,669755.0,62174.0,1852.0,0.0,0.0,0.0,1676.0,152.0,5.0,7.4108928e+07,1.168310272e+09,4921.5199999999995,26.0,243838.0,2.0,243836.0,243836.0,11.0,0.0,0.0
2026-03-31 05:11:31,719,669755.0,62174.0,1852.0,0.0,0.0,0.0,1676.0,152.0,5.0,7.4108928e+07,1.168310272e+09,4921.53,26.0,243838.0,2.0,243836.0,243836.0,11.0,0.0,0.0
2026-03-31 05:11:43,719,669755.0,62174.0,1852.0,0.0,0.0,0.0,1676.0,152.0,5.0,7.4108928e+07,1.168310272e+09,4921.55,26.0,243838.0,2.0,243836.0,243836.0,11.0,0.0,0.0
2026-03-31 05:11:55,719,669755.0,62174.0,1852.0,0.0,0.0,0.0,1676.0,152.0,5.0,7.4108928e+07,1.168310272e+09,4921.57,26.0,243838.0,2.0,243836.0,243836.0,11.0,0.0,0.0
2026-03-31 05:12:07,719,669755.0,62174.0,1852.0,0.0,0.0,0.0,1676.0,152.0,5.0,7.4108928e+07,1.168310272e+09,4921.58,26.0,243838.0,2.0,243836.0,243836.0,11.0,0.0,0.0
2026-03-31 05:12:18,719,669755.0,62174.0,1852.0,0.0,0.0,0.0,1676.0,152.0,5.0,7.4108928e+07,1.168310272e+09,4921.6,26.0,243838.0,2.0,243836.0,243836.0,11.0,0.0,0.0
2026-03-31 05:12:30,720,669755.0,62174.0,1852.0,0.0,0.0,0.0,1676.0,152.0,5.0,7.4108928e+07,1.168310272e+09,4921.610000000001,26.0,243838.0,2.0,243836.0,243836.0,11.0,0.0,0.0
