timestamp,elapsed_min,gc_collected_gen0,gc_collected_gen1,gc_collected_gen2,gc_uncollectable_gen0,gc_uncollectable_gen1,gc_uncollectable_gen2,gc_collections_gen0,gc_collections_gen1,gc_collections_gen2,process_rss_bytes,process_vm_bytes,process_cpu_seconds,open_fds,ccx_received,ccx_failures_ocp,ccx_processed_ocp,ccx_published_ocp,broker_instances,broker_exceptions,broker_tracebacks
2026-03-30 17:12:25,0,1478.0,780.0,193.0,0.0,0.0,0.0,192.0,17.0,1.0,7.6197888e+07,1.304317952e+09,0.78,28.0,0.0,0.0,0.0,0.0,0.0,0.0,0.0
2026-03-30 17:12:37,0,3247.0,102459.0,29645.0,0.0,0.0,0.0,402.0,36.0,3.0,1.0467328e+08,1.322995712e+09,4.98,29.0,54.0,0.0,54.0,54.0,1.0,0.0,0.0
2026-03-30 17:12:49,0,6729.0,294925.0,93763.0,0.0,0.0,0.0,697.0,63.0,5.0,1.04804352e+08,1.322995712e+09,12.17,29.0,153.0,0.0,153.0,153.0,1.0,0.0,0.0
2026-03-30 17:13:01,0,10141.0,484761.0,187257.0,0.0,0.0,0.0,996.0,90.0,8.0,1.04935424e+08,1.322995712e+09,18.96,29.0,253.0,0.0,253.0,253.0,1.0,0.0,0.0
2026-03-30 17:13:12,0,13637.0,674559.0,251407.0,0.0,0.0,0.0,1291.0,117.0,10.0,1.05066496e+08,1.322995712e+09,25.47,30.0,353.0,0.0,352.0,352.0,1.0,0.0,0.0
2026-03-30 17:13:24,0,17092.0,869770.0,312823.0,0.0,0.0,0.0,1586.0,144.0,12.0,1.05066496e+08,1.322995712e+09,32.75,30.0,452.0,0.0,451.0,451.0,1.0,0.0,0.0
2026-03-30 17:13:36,1,20460.0,1.05967e+06,403673.0,0.0,0.0,0.0,1884.0,171.0,15.0,1.05066496e+08,1.322995712e+09,40.42,29.0,551.0,0.0,551.0,551.0,1.0,0.0,0.0
2026-03-30 17:13:48,1,24033.0,1.252042e+06,467791.0,0.0,0.0,0.0,2179.0,198.0,17.0,1.05066496e+08,1.322995712e+09,48.19,30.0,651.0,0.0,650.0,650.0,1.0,0.0,0.0
2026-03-30 17:13:59,1,27561.0,1.447224e+06,529239.0,0.0,0.0,0.0,2479.0,225.0,19.0,1.05066496e+08,1.322995712e+09,55.76,29.0,751.0,0.0,751.0,751.0,1.0,0.0,0.0
2026-03-30 17:14:11,1,31155.0,1.639649e+06,622765.0,0.0,0.0,0.0,2787.0,253.0,22.0,1.05066496e+08,1.322995712e+09,63.85,30.0,853.0,0.0,853.0,853.0,1.0,0.0,0.0
2026-03-30 17:14:24,1,34864.0,1.837399e+06,713583.0,0.0,0.0,0.0,3093.0,281.0,25.0,1.05066496e+08,1.322995712e+09,71.68,30.0,956.0,0.0,955.0,955.0,1.0,0.0,0.0
2026-03-30 17:14:36,2,38434.0,2.029841e+06,774999.0,0.0,0.0,0.0,3393.0,308.0,27.0,1.05066496e+08,1.322995712e+09,79.33,29.0,1056.0,0.0,1056.0,1056.0,1.0,0.0,0.0
2026-03-30 17:14:48,2,41966.0,2.222327e+06,836479.0,0.0,0.0,0.0,3695.0,335.0,29.0,1.05197568e+08,1.322995712e+09,87.21,31.0,1157.0,0.0,1156.0,1156.0,1.0,0.0,0.0
2026-03-30 17:15:00,2,45343.0,2.417538e+06,932707.0,0.0,0.0,0.0,3995.0,363.0,32.0,1.05197568e+08,1.322995712e+09,94.07000000000001,30.0,1258.0,0.0,1257.0,1257.0,1.0,0.0,0.0
2026-03-30 17:15:12,2,48778.0,2.610082e+06,996825.0,0.0,0.0,0.0,4292.0,390.0,34.0,1.05197568e+08,1.322995712e+09,101.89999999999999,30.0,1358.0,0.0,1357.0,1357.0,1.0,0.0,0.0
2026-03-30 17:15:24,2,52175.0,2.799912e+06,1.092989e+06,0.0,0.0,0.0,4589.0,417.0,37.0,1.0532864e+08,1.322995712e+09,109.06,29.0,1458.0,0.0,1457.0,1457.0,1.0,0.0,0.0
2026-03-30 17:15:37,3,55738.0,2.989719e+06,1.154437e+06,0.0,0.0,0.0,4892.0,444.0,39.0,1.0532864e+08,1.322995712e+09,116.24,29.0,1558.0,0.0,1558.0,1558.0,1.0,0.0,0.0
2026-03-30 17:15:49,3,59242.0,3.190247e+06,1.218555e+06,0.0,0.0,0.0,5192.0,472.0,41.0,1.0532864e+08,1.322995712e+09,123.6,35.0,1659.0,0.0,1658.0,1658.0,1.0,0.0,0.0
2026-03-30 17:16:01,3,62726.0,3.382797e+06,1.309373e+06,0.0,0.0,0.0,5491.0,499.0,44.0,1.05459712e+08,1.322995712e+09,131.18,29.0,1759.0,0.0,1759.0,1759.0,1.0,0.0,0.0
2026-03-30 17:16:13,3,66266.0,3.572595e+06,1.370821e+06,0.0,0.0,0.0,5791.0,526.0,46.0,1.05459712e+08,1.322995712e+09,138.4,29.0,1860.0,0.0,1860.0,1860.0,1.0,0.0,0.0
2026-03-30 17:16:25,4,69718.0,3.765107e+06,1.464347e+06,0.0,0.0,0.0,6089.0,553.0,49.0,1.05590784e+08,1.322995712e+09,144.83,30.0,1960.0,0.0,1959.0,1959.0,1.0,0.0,0.0
2026-03-30 17:16:38,4,73155.0,3.954926e+06,1.525795e+06,0.0,0.0,0.0,6383.0,580.0,51.0,1.05459712e+08,1.322995712e+09,151.70999999999998,29.0,2058.0,0.0,2058.0,2058.0,1.0,0.0,0.0
2026-03-30 17:16:50,4,76680.0,4.147365e+06,1.616613e+06,0.0,0.0,0.0,6677.0,607.0,54.0,1.05459712e+08,1.322995712e+09,158.67000000000002,35.0,2157.0,0.0,2156.0,2156.0,1.0,0.0,0.0
2026-03-30 17:17:02,4,80310.0,4.339807e+06,1.678029e+06,0.0,0.0,0.0,6979.0,634.0,56.0,1.05459712e+08,1.322995712e+09,165.58,29.0,2258.0,0.0,2258.0,2258.0,1.0,0.0,0.0
2026-03-30 17:17:14,4,83685.0,4.53238e+06,1.739509e+06,0.0,0.0,0.0,7277.0,661.0,58.0,1.05459712e+08,1.322995712e+09,173.01999999999998,29.0,2359.0,0.0,2358.0,2358.0,1.0,0.0,0.0
2026-03-30 17:17:26,5,87255.0,4.727492e+06,1.835673e+06,0.0,0.0,0.0,7579.0,689.0,61.0,1.05590784e+08,1.322995712e+09,179.86999999999998,31.0,2459.0,0.0,2458.0,2458.0,1.0,0.0,0.0
2026-03-30 17:17:38,5,90725.0,4.920024e+06,1.899823e+06,0.0,0.0,0.0,7877.0,716.0,63.0,1.05590784e+08,1.322995712e+09,186.92999999999998,29.0,2560.0,0.0,2559.0,2559.0,1.0,0.0,0.0
2026-03-30 17:17:51,5,94166.0,5.107187e+06,1.961239e+06,0.0,0.0,0.0,8172.0,742.0,65.0,1.05590784e+08,1.322995712e+09,195.05,29.0,2659.0,0.0,2658.0,2658.0,1.0,0.0,0.0
2026-03-30 17:18:03,5,97576.0,5.305135e+06,2.052057e+06,0.0,0.0,0.0,8473.0,770.0,68.0,1.05590784e+08,1.322995712e+09,203.77,29.0,2759.0,0.0,2759.0,2759.0,1.0,0.0,0.0
2026-03-30 17:18:15,5,100901.0,5.497702e+06,2.116207e+06,0.0,0.0,0.0,8769.0,797.0,70.0,1.05590784e+08,1.322995712e+09,211.42999999999998,35.0,2859.0,0.0,2858.0,2858.0,1.0,0.0,0.0
2026-03-30 17:18:28,6,104287.0,5.68221e+06,2.215111e+06,0.0,0.0,0.0,9070.0,824.0,73.0,1.05590784e+08,1.322995712e+09,219.04,31.0,2960.0,0.0,2959.0,2959.0,1.0,0.0,0.0
2026-03-30 17:18:40,6,107658.0,5.874841e+06,2.276559e+06,0.0,0.0,0.0,9367.0,851.0,75.0,1.05590784e+08,1.322995712e+09,226.42000000000002,30.0,3059.0,0.0,3058.0,3058.0,1.0,0.0,0.0
2026-03-30 17:18:52,6,111157.0,6.067312e+06,2.370079e+06,0.0,0.0,0.0,9663.0,878.0,78.0,1.05721856e+08,1.322995712e+09,234.79,30.0,3159.0,0.0,3158.0,3158.0,1.0,0.0,0.0
2026-03-30 17:19:04,6,114631.0,6.257148e+06,2.431527e+06,0.0,0.0,0.0,9964.0,905.0,80.0,1.05590784e+08,1.322995712e+09,242.23000000000002,29.0,3259.0,0.0,3259.0,3259.0,1.0,0.0,0.0
2026-03-30 17:19:16,6,117987.0,6.449724e+06,2.495677e+06,0.0,0.0,0.0,10258.0,932.0,82.0,1.05721856e+08,1.322995712e+09,249.7,29.0,3358.0,0.0,3358.0,3358.0,1.0,0.0,0.0
2026-03-30 17:19:28,7,121503.0,6.639496e+06,2.591841e+06,0.0,0.0,0.0,10553.0,959.0,85.0,1.05721856e+08,1.322995712e+09,256.94,29.0,3457.0,0.0,3457.0,3457.0,1.0,0.0,0.0
2026-03-30 17:19:41,7,125005.0,6.829294e+06,2.655991e+06,0.0,0.0,0.0,10850.0,986.0,87.0,1.05721856e+08,1.322995712e+09,263.92,35.0,3557.0,0.0,3556.0,3556.0,1.0,0.0,0.0
2026-03-30 17:19:53,7,128502.0,7.021707e+06,2.746809e+06,0.0,0.0,0.0,11150.0,1013.0,90.0,1.05721856e+08,1.322995712e+09,271.59,30.0,3657.0,0.0,3656.0,3656.0,1.0,0.0,0.0
2026-03-30 17:20:05,7,132027.0,7.211476e+06,2.810959e+06,0.0,0.0,0.0,11445.0,1040.0,92.0,1.05721856e+08,1.322995712e+09,279.04999999999995,30.0,3757.0,0.0,3756.0,3756.0,1.0,0.0,0.0
2026-03-30 17:20:17,7,135517.0,7.406696e+06,2.875077e+06,0.0,0.0,0.0,11747.0,1067.0,94.0,1.05590784e+08,1.322995712e+09,286.98,29.0,3858.0,0.0,3857.0,3857.0,1.0,0.0,0.0
2026-03-30 17:20:29,8,138866.0,7.604577e+06,2.968597e+06,0.0,0.0,0.0,12045.0,1095.0,97.0,1.06000384e+08,1.323884544e+09,296.02,31.0,3958.0,0.0,3957.0,3957.0,1.0,0.0,0.0
2026-03-30 17:20:42,8,142435.0,7.802496e+06,3.030045e+06,0.0,0.0,0.0,12353.0,1123.0,99.0,1.06000384e+08,1.323884544e+09,304.08000000000004,30.0,4061.0,0.0,4060.0,4060.0,1.0,0.0,0.0
2026-03-30 17:20:54,8,145925.0,7.989671e+06,3.123571e+06,0.0,0.0,0.0,12657.0,1150.0,102.0,1.06000384e+08,1.323884544e+09,312.06,31.0,4162.0,0.0,4161.0,4161.0,1.0,0.0,0.0
2026-03-30 17:21:07,8,149380.0,8.179481e+06,3.185051e+06,0.0,0.0,0.0,12957.0,1177.0,104.0,1.06000384e+08,1.323884544e+09,319.38,29.0,4261.0,0.0,4261.0,4261.0,1.0,0.0,0.0
2026-03-30 17:21:19,8,152888.0,8.374608e+06,3.249169e+06,0.0,0.0,0.0,13255.0,1204.0,106.0,1.06000384e+08,1.323884544e+09,326.73999999999995,29.0,4361.0,0.0,4361.0,4361.0,1.0,0.0,0.0
2026-03-30 17:21:31,9,156285.0,8.567184e+06,3.342727e+06,0.0,0.0,0.0,13560.0,1232.0,109.0,1.06000384e+08,1.323884544e+09,334.06,35.0,4462.0,0.0,4461.0,4461.0,1.0,0.0,0.0
2026-03-30 17:21:43,9,159737.0,8.757014e+06,3.406845e+06,0.0,0.0,0.0,13858.0,1259.0,111.0,1.05869312e+08,1.323884544e+09,341.21,29.0,4562.0,0.0,4562.0,4562.0,1.0,0.0,0.0
2026-03-30 17:21:55,9,163167.0,8.954933e+06,3.500339e+06,0.0,0.0,0.0,14157.0,1286.0,114.0,1.05869312e+08,1.323884544e+09,348.45000000000005,29.0,4662.0,0.0,4662.0,4662.0,1.0,0.0,0.0
2026-03-30 17:22:07,9,166562.0,9.14474e+06,3.561787e+06,0.0,0.0,0.0,14447.0,1313.0,116.0,1.0573824e+08,1.323884544e+09,355.53000000000003,29.0,4760.0,0.0,4760.0,4760.0,1.0,0.0,0.0
2026-03-30 17:22:19,9,170192.0,9.334512e+06,3.623203e+06,0.0,0.0,0.0,14749.0,1340.0,118.0,1.0573824e+08,1.323884544e+09,362.44,30.0,4862.0,0.0,4861.0,4861.0,1.0,0.0,0.0
2026-03-30 17:22:32,10,173629.0,9.532393e+06,3.716691e+06,0.0,0.0,0.0,15050.0,1368.0,121.0,1.0573824e+08,1.323884544e+09,369.56,31.0,4963.0,0.0,4962.0,4962.0,1.0,0.0,0.0
2026-03-30 17:22:44,10,177176.0,9.724902e+06,3.778139e+06,0.0,0.0,0.0,15355.0,1395.0,123.0,1.05869312e+08,1.323884544e+09,377.32,29.0,5065.0,0.0,5064.0,5064.0,1.0,0.0,0.0
2026-03-30 17:22:56,10,180612.0,9.920148e+06,3.877005e+06,0.0,0.0,0.0,15656.0,1423.0,126.0,1.05869312e+08,1.323884544e+09,384.28999999999996,29.0,5165.0,0.0,5165.0,5165.0,1.0,0.0,0.0
2026-03-30 17:23:08,10,184118.0,1.0112666e+07,3.938453e+06,0.0,0.0,0.0,15960.0,1450.0,128.0,1.05869312e+08,1.323884544e+09,391.13,29.0,5267.0,0.0,5267.0,5267.0,1.0,0.0,0.0
2026-03-30 17:23:21,10,187655.0,1.0310477e+07,4.031973e+06,0.0,0.0,0.0,16259.0,1478.0,131.0,1.05869312e+08,1.323884544e+09,398.15999999999997,30.0,5368.0,0.0,5367.0,5367.0,1.0,0.0,0.0
2026-03-30 17:23:33,11,191285.0,1.0505589e+07,4.093389e+06,0.0,0.0,0.0,16561.0,1505.0,133.0,1.05869312e+08,1.323884544e+09,405.03999999999996,29.0,5469.0,0.0,5469.0,5469.0,1.0,0.0,0.0
2026-03-30 17:23:45,11,194877.0,1.0703357e+07,4.154837e+06,0.0,0.0,0.0,16863.0,1533.0,135.0,1.0573824e+08,1.323884544e+09,412.19,29.0,5570.0,0.0,5570.0,5570.0,1.0,0.0,0.0
2026-03-30 17:23:58,11,198322.0,1.08986e+07,4.251001e+06,0.0,0.0,0.0,17165.0,1560.0,138.0,1.06000384e+08,1.323884544e+09,419.22,29.0,5671.0,0.0,5671.0,5671.0,1.0,0.0,0.0
2026-03-30 17:24:10,11,201809.0,1.1091077e+07,4.312449e+06,0.0,0.0,0.0,17459.0,1587.0,140.0,1.06000384e+08,1.323884544e+09,425.90000000000003,29.0,5770.0,0.0,5770.0,5770.0,1.0,0.0,0.0
2026-03-30 17:24:22,11,205398.0,1.1286186e+07,4.373865e+06,0.0,0.0,0.0,17755.0,1614.0,142.0,1.05869312e+08,1.323884544e+09,432.65,29.0,5869.0,0.0,5869.0,5869.0,1.0,0.0,0.0
2026-03-30 17:24:34,12,208903.0,1.1475981e+07,4.464683e+06,0.0,0.0,0.0,18053.0,1641.0,145.0,1.05869312e+08,1.323884544e+09,439.84,30.0,5969.0,0.0,5968.0,5968.0,1.0,0.0,0.0
2026-03-30 17:24:46,12,212460.0,1.1668458e+07,4.526131e+06,0.0,0.0,0.0,18352.0,1668.0,147.0,1.05869312e+08,1.323884544e+09,446.65999999999997,30.0,6070.0,0.0,6069.0,6069.0,1.0,0.0,0.0
2026-03-30 17:24:58,12,215832.0,1.1855688e+07,4.622327e+06,0.0,0.0,0.0,18651.0,1695.0,150.0,1.05869312e+08,1.323884544e+09,454.56,29.0,6170.0,0.0,6169.0,6169.0,1.0,0.0,0.0
2026-03-30 17:25:10,12,219308.0,1.2048194e+07,4.683743e+06,0.0,0.0,0.0,18948.0,1722.0,152.0,1.05869312e+08,1.323884544e+09,461.32,35.0,6269.0,0.0,6268.0,6268.0,1.0,0.0,0.0
2026-03-30 17:25:22,12,222813.0,1.2246037e+07,4.777263e+06,0.0,0.0,0.0,19250.0,1750.0,155.0,1.05869312e+08,1.324032e+09,468.34999999999997,35.0,6370.0,0.0,6369.0,6369.0,1.0,0.0,0.0
2026-03-30 17:25:35,13,226310.0,1.2430475e+07,4.838711e+06,0.0,0.0,0.0,19546.0,1776.0,157.0,1.06000384e+08,1.324032e+09,475.33,29.0,6469.0,0.0,6469.0,6469.0,1.0,0.0,0.0
2026-03-30 17:25:47,13,229550.0,1.2623147e+07,4.900191e+06,0.0,0.0,0.0,19839.0,1803.0,159.0,1.06000384e+08,1.324032e+09,482.45,29.0,6568.0,0.0,6568.0,6568.0,1.0,0.0,0.0
2026-03-30 17:25:59,13,233002.0,1.2815697e+07,4.993679e+06,0.0,0.0,0.0,20138.0,1830.0,162.0,1.06000384e+08,1.324032e+09,489.13,30.0,6669.0,0.0,6668.0,6668.0,1.0,0.0,0.0
2026-03-30 17:26:11,13,236521.0,1.3013558e+07,5.055127e+06,0.0,0.0,0.0,20439.0,1858.0,164.0,1.06000384e+08,1.324032e+09,496.68,30.0,6769.0,0.0,6768.0,6768.0,1.0,0.0,0.0
2026-03-30 17:26:23,13,239845.0,1.320082e+07,5.151323e+06,0.0,0.0,0.0,20739.0,1885.0,167.0,1.06000384e+08,1.324032e+09,504.1,29.0,6869.0,0.0,6869.0,6869.0,1.0,0.0,0.0
2026-03-30 17:26:35,14,243382.0,1.3390621e+07,5.215473e+06,0.0,0.0,0.0,21041.0,1912.0,169.0,1.06131456e+08,1.324032e+09,511.69,29.0,6970.0,0.0,6970.0,6970.0,1.0,0.0,0.0
2026-03-30 17:26:47,14,246945.0,1.3585762e+07,5.276889e+06,0.0,0.0,0.0,21339.0,1939.0,171.0,1.06000384e+08,1.324032e+09,518.63,31.0,7071.0,0.0,7070.0,7070.0,1.0,0.0,0.0
2026-03-30 17:26:59,14,250479.0,1.378357e+07,5.367707e+06,0.0,0.0,0.0,21637.0,1967.0,174.0,1.06000384e+08,1.324032e+09,525.56,29.0,7171.0,0.0,7170.0,7170.0,1.0,0.0,0.0
2026-03-30 17:27:12,14,253954.0,1.3978767e+07,5.431825e+06,0.0,0.0,0.0,21934.0,1994.0,176.0,1.05869312e+08,1.324032e+09,532.52,31.0,7270.0,0.0,7269.0,7269.0,1.0,0.0,0.0
2026-03-30 17:27:24,14,257428.0,1.4165881e+07,5.525351e+06,0.0,0.0,0.0,22233.0,2021.0,179.0,1.05869312e+08,1.324032e+09,539.47,30.0,7370.0,0.0,7369.0,7369.0,1.0,0.0,0.0
2026-03-30 17:27:36,15,260876.0,1.4361127e+07,5.584123e+06,0.0,0.0,0.0,22535.0,2048.0,181.0,1.05869312e+08,1.324032e+09,546.21,29.0,7471.0,0.0,7471.0,7471.0,1.0,0.0,0.0
2026-03-30 17:27:48,15,264369.0,1.4559014e+07,5.648241e+06,0.0,0.0,0.0,22836.0,2076.0,183.0,1.05869312e+08,1.324032e+09,553.51,29.0,7572.0,0.0,7572.0,7572.0,1.0,0.0,0.0
2026-03-30 17:28:00,15,267775.0,1.4740866e+07,5.747075e+06,0.0,0.0,0.0,23131.0,2102.0,186.0,1.0573824e+08,1.324032e+09,560.63,29.0,7671.0,0.0,7671.0,7671.0,1.0,0.0,0.0
2026-03-30 17:28:13,15,271207.0,1.4933366e+07,5.811225e+06,0.0,0.0,0.0,23425.0,2129.0,188.0,1.0573824e+08,1.324032e+09,568.13,29.0,7770.0,0.0,7770.0,7770.0,1.0,0.0,0.0
2026-03-30 17:28:25,16,274662.0,1.5123205e+07,5.902043e+06,0.0,0.0,0.0,23721.0,2156.0,191.0,1.06000384e+08,1.324032e+09,574.72,29.0,7869.0,0.0,7869.0,7869.0,1.0,0.0,0.0
2026-03-30 17:28:37,16,278257.0,1.5315612e+07,5.966161e+06,0.0,0.0,0.0,24017.0,2183.0,193.0,1.06000384e+08,1.324032e+09,581.4399999999999,30.0,7969.0,0.0,7968.0,7968.0,1.0,0.0,0.0
2026-03-30 17:28:49,16,281779.0,1.5510756e+07,6.027577e+06,0.0,0.0,0.0,24313.0,2210.0,195.0,1.05869312e+08,1.324032e+09,588.19,35.0,8068.0,0.0,8067.0,8067.0,1.0,0.0,0.0
2026-03-30 17:29:01,16,285378.0,1.5697829e+07,6.121071e+06,0.0,0.0,0.0,24616.0,2237.0,198.0,1.06000384e+08,1.324032e+09,595.69,31.0,8170.0,0.0,8169.0,8169.0,1.0,0.0,0.0
2026-03-30 17:29:13,16,288784.0,1.5890393e+07,6.185221e+06,0.0,0.0,0.0,24914.0,2264.0,200.0,1.06000384e+08,1.324032e+09,602.75,29.0,8269.0,0.0,8269.0,8269.0,1.0,0.0,0.0
2026-03-30 17:29:25,17,292186.0,1.6085587e+07,6.276039e+06,0.0,0.0,0.0,25205.0,2291.0,203.0,1.05869312e+08,1.324032e+09,609.35,29.0,8367.0,0.0,8367.0,8367.0,1.0,0.0,0.0
2026-03-30 17:29:37,17,295670.0,1.6275455e+07,6.337487e+06,0.0,0.0,0.0,25507.0,2318.0,205.0,1.05869312e+08,1.324032e+09,617.01,29.0,8468.0,0.0,8468.0,8468.0,1.0,0.0,0.0
2026-03-30 17:29:49,17,299254.0,1.6467859e+07,6.401605e+06,0.0,0.0,0.0,25805.0,2345.0,207.0,1.05869312e+08,1.324032e+09,624.23,35.0,8568.0,0.0,8567.0,8567.0,1.0,0.0,0.0
2026-03-30 17:30:01,17,302662.0,1.6663085e+07,6.497801e+06,0.0,0.0,0.0,26103.0,2373.0,210.0,1.05869312e+08,1.324032e+09,631.22,30.0,8669.0,0.0,8668.0,8668.0,1.0,0.0,0.0
2026-03-30 17:30:14,17,306016.0,1.6847645e+07,6.561919e+06,0.0,0.0,0.0,26399.0,2399.0,212.0,1.05869312e+08,1.324032e+09,638.33,29.0,8767.0,0.0,8767.0,8767.0,1.0,0.0,0.0
2026-03-30 17:30:26,18,309446.0,1.7040189e+07,6.652737e+06,0.0,0.0,0.0,26695.0,2426.0,215.0,1.0573824e+08,1.324032e+09,644.86,31.0,8867.0,0.0,8866.0,8866.0,1.0,0.0,0.0
2026-03-30 17:30:38,18,312872.0,1.7230005e+07,6.716855e+06,0.0,0.0,0.0,26992.0,2453.0,217.0,1.0573824e+08,1.324032e+09,651.69,30.0,8966.0,0.0,8965.0,8965.0,1.0,0.0,0.0
2026-03-30 17:30:50,18,316365.0,1.7427892e+07,6.778335e+06,0.0,0.0,0.0,27295.0,2481.0,219.0,1.06000384e+08,1.324032e+09,659.25,30.0,9068.0,0.0,9067.0,9067.0,1.0,0.0,0.0
2026-03-30 17:31:02,18,319810.0,1.7615003e+07,6.877201e+06,0.0,0.0,0.0,27593.0,2508.0,222.0,1.06000384e+08,1.324032e+09,666.44,31.0,9167.0,0.0,9166.0,9166.0,1.0,0.0,0.0
2026-03-30 17:31:14,18,323204.0,1.7812881e+07,6.935973e+06,0.0,0.0,0.0,27888.0,2535.0,224.0,1.06000384e+08,1.324032e+09,673.4399999999999,33.0,9266.0,0.0,9265.0,9265.0,1.0,0.0,0.0
2026-03-30 17:31:26,19,326581.0,1.8002758e+07,7.000091e+06,0.0,0.0,0.0,28184.0,2562.0,226.0,1.06000384e+08,1.324032e+09,680.5,29.0,9366.0,0.0,9365.0,9365.0,1.0,0.0,0.0
2026-03-30 17:31:38,19,329877.0,1.8198088e+07,7.090935e+06,0.0,0.0,0.0,28483.0,2589.0,229.0,1.05869312e+08,1.324032e+09,687.5699999999999,29.0,9465.0,0.0,9465.0,9465.0,1.0,0.0,0.0
2026-03-30 17:31:50,19,333164.0,1.8390693e+07,7.155085e+06,0.0,0.0,0.0,28777.0,2616.0,231.0,1.05869312e+08,1.324032e+09,694.0799999999999,29.0,9564.0,0.0,9564.0,9564.0,1.0,0.0,0.0
2026-03-30 17:32:03,19,336721.0,1.8580462e+07,7.251249e+06,0.0,0.0,0.0,29075.0,2643.0,234.0,1.06000384e+08,1.324032e+09,701.4200000000001,33.0,9664.0,0.0,9663.0,9663.0,1.0,0.0,0.0
2026-03-30 17:32:15,19,340225.0,1.877026e+07,7.315399e+06,0.0,0.0,0.0,29377.0,2670.0,236.0,1.06000384e+08,1.324032e+09,708.44,30.0,9766.0,0.0,9765.0,9765.0,1.0,0.0,0.0
2026-03-30 17:32:27,20,343835.0,1.896808e+07,7.376815e+06,0.0,0.0,0.0,29680.0,2698.0,238.0,1.06000384e+08,1.324032e+09,715.83,29.0,9868.0,0.0,9867.0,9867.0,1.0,0.0,0.0
2026-03-30 17:32:39,20,347222.0,1.9160647e+07,7.470367e+06,0.0,0.0,0.0,29981.0,2725.0,241.0,1.06000384e+08,1.324032e+09,723.11,30.0,9968.0,0.0,9967.0,9967.0,1.0,0.0,0.0
2026-03-30 17:32:51,20,350622.0,1.9353197e+07,7.534485e+06,0.0,0.0,0.0,30279.0,2752.0,243.0,1.06000384e+08,1.324032e+09,730.06,31.0,10068.0,0.0,10067.0,10067.0,1.0,0.0,0.0
2026-03-30 17:33:03,20,354133.0,1.954303e+07,7.625303e+06,0.0,0.0,0.0,30578.0,2779.0,246.0,1.05869312e+08,1.324032e+09,736.79,29.0,10168.0,0.0,10168.0,10168.0,1.0,0.0,0.0
2026-03-30 17:33:16,20,357649.0,1.973284e+07,7.689427e+06,0.0,0.0,0.0,30876.0,2806.0,248.0,1.06000384e+08,1.324032e+09,744.07,30.0,10268.0,0.0,10267.0,10267.0,1.0,0.0,0.0
2026-03-30 17:33:28,21,361011.0,1.9925401e+07,7.750907e+06,0.0,0.0,0.0,31171.0,2833.0,250.0,1.06000384e+08,1.324032e+09,750.76,29.0,10367.0,0.0,10367.0,10367.0,1.0,0.0,0.0
2026-03-30 17:33:40,21,364452.0,2.0123343e+07,7.849741e+06,0.0,0.0,0.0,31473.0,2861.0,253.0,1.06000384e+08,1.324032e+09,758.15,30.0,10469.0,0.0,10468.0,10468.0,1.0,0.0,0.0
2026-03-30 17:33:52,21,367914.0,2.0315835e+07,7.911189e+06,0.0,0.0,0.0,31770.0,2888.0,255.0,1.05869312e+08,1.324032e+09,765.1700000000001,30.0,10569.0,0.0,10568.0,10568.0,1.0,0.0,0.0
2026-03-30 17:34:04,21,371451.0,2.0505636e+07,8.002007e+06,0.0,0.0,0.0,32071.0,2915.0,258.0,1.05869312e+08,1.324032e+09,772.46,29.0,10669.0,0.0,10669.0,10669.0,1.0,0.0,0.0
2026-03-30 17:34:16,21,374897.0,2.0700862e+07,8.066125e+06,0.0,0.0,0.0,32369.0,2942.0,260.0,1.05869312e+08,1.324032e+09,779.62,31.0,10770.0,0.0,10769.0,10769.0,1.0,0.0,0.0
2026-03-30 17:34:29,22,378346.0,2.0893409e+07,8.127573e+06,0.0,0.0,0.0,32669.0,2969.0,262.0,1.05869312e+08,1.324032e+09,786.99,30.0,10870.0,0.0,10869.0,10869.0,1.0,0.0,0.0
2026-03-30 17:34:41,22,381736.0,2.1083245e+07,8.221093e+06,0.0,0.0,0.0,32965.0,2996.0,265.0,1.05869312e+08,1.324032e+09,794.33,29.0,10969.0,0.0,10969.0,10969.0,1.0,0.0,0.0
2026-03-30 17:34:53,22,385124.0,2.1275783e+07,8.285211e+06,0.0,0.0,0.0,33258.0,3023.0,267.0,1.05869312e+08,1.324032e+09,801.73,29.0,11068.0,0.0,11068.0,11068.0,1.0,0.0,0.0
2026-03-30 17:35:05,22,388623.0,2.1468251e+07,8.378731e+06,0.0,0.0,0.0,33555.0,3050.0,270.0,1.05869312e+08,1.324032e+09,808.53,30.0,11168.0,0.0,11167.0,11167.0,1.0,0.0,0.0
2026-03-30 17:35:17,22,392183.0,2.166069e+07,8.440147e+06,0.0,0.0,0.0,33852.0,3077.0,272.0,1.0573824e+08,1.324032e+09,815.44,29.0,11268.0,0.0,11267.0,11267.0,1.0,0.0,0.0
2026-03-30 17:35:29,23,395813.0,2.18531e+07,8.501595e+06,0.0,0.0,0.0,34153.0,3104.0,274.0,1.0573824e+08,1.324032e+09,822.58,30.0,11368.0,0.0,11367.0,11367.0,1.0,0.0,0.0
2026-03-30 17:35:41,23,399215.0,2.2051034e+07,8.597791e+06,0.0,0.0,0.0,34454.0,3132.0,277.0,1.0573824e+08,1.324032e+09,829.76,29.0,11468.0,0.0,11468.0,11468.0,1.0,0.0,0.0
2026-03-30 17:35:54,23,402634.0,2.2238197e+07,8.656569e+06,0.0,0.0,0.0,34749.0,3158.0,279.0,1.05869312e+08,1.324032e+09,836.59,29.0,11567.0,0.0,11567.0,11567.0,1.0,0.0,0.0
2026-03-30 17:36:06,23,406121.0,2.243602e+07,8.752765e+06,0.0,0.0,0.0,35046.0,3186.0,282.0,1.05869312e+08,1.324032e+09,843.66,30.0,11668.0,0.0,11667.0,11667.0,1.0,0.0,0.0
2026-03-30 17:36:18,23,409611.0,2.2623172e+07,8.814213e+06,0.0,0.0,0.0,35348.0,3213.0,284.0,1.0573824e+08,1.324032e+09,851.1,30.0,11768.0,0.0,11767.0,11767.0,1.0,0.0,0.0
2026-03-30 17:36:30,24,413136.0,2.2815649e+07,8.875661e+06,0.0,0.0,0.0,35647.0,3240.0,286.0,1.05869312e+08,1.324032e+09,858.01,30.0,11869.0,0.0,11868.0,11868.0,1.0,0.0,0.0
2026-03-30 17:36:42,24,416626.0,2.3010831e+07,8.974527e+06,0.0,0.0,0.0,35949.0,3268.0,289.0,1.05869312e+08,1.324032e+09,865.03,29.0,11969.0,0.0,11969.0,11969.0,1.0,0.0,0.0
2026-03-30 17:36:54,24,420040.0,2.3198041e+07,9.035975e+06,0.0,0.0,0.0,36244.0,3294.0,291.0,1.05869312e+08,1.324032e+09,871.85,31.0,12069.0,0.0,12068.0,12068.0,1.0,0.0,0.0
2026-03-30 17:37:06,24,423567.0,2.3395852e+07,9.126793e+06,0.0,0.0,0.0,36544.0,3322.0,294.0,1.06000384e+08,1.324032e+09,878.5699999999999,29.0,12169.0,0.0,12169.0,12169.0,1.0,0.0,0.0
2026-03-30 17:37:18,24,427159.0,2.3590964e+07,9.188209e+06,0.0,0.0,0.0,36842.0,3349.0,296.0,1.0573824e+08,1.324032e+09,885.8,31.0,12269.0,0.0,12268.0,12268.0,1.0,0.0,0.0
2026-03-30 17:37:30,25,430591.0,2.3783502e+07,9.249689e+06,0.0,0.0,0.0,37139.0,3376.0,298.0,1.0573824e+08,1.324032e+09,892.8499999999999,29.0,12369.0,0.0,12369.0,12369.0,1.0,0.0,0.0
2026-03-30 17:37:42,25,434139.0,2.3970572e+07,9.345853e+06,0.0,0.0,0.0,37435.0,3403.0,301.0,1.0573824e+08,1.324032e+09,899.91,35.0,12468.0,0.0,12467.0,12467.0,1.0,0.0,0.0
2026-03-30 17:37:55,25,437644.0,2.4163075e+07,9.410003e+06,0.0,0.0,0.0,37736.0,3430.0,303.0,1.06000384e+08,1.324032e+09,907.15,29.0,12569.0,0.0,12569.0,12569.0,1.0,0.0,0.0
2026-03-30 17:38:07,25,441088.0,2.4363661e+07,9.500821e+06,0.0,0.0,0.0,38038.0,3458.0,306.0,1.06000384e+08,1.324032e+09,914.59,29.0,12670.0,0.0,12670.0,12670.0,1.0,0.0,0.0
2026-03-30 17:38:19,25,444566.0,2.4556199e+07,9.562269e+06,0.0,0.0,0.0,38336.0,3485.0,308.0,1.05869312e+08,1.324032e+09,921.87,29.0,12771.0,0.0,12770.0,12770.0,1.0,0.0,0.0
2026-03-30 17:38:31,26,448241.0,2.4748577e+07,9.626387e+06,0.0,0.0,0.0,38640.0,3512.0,310.0,1.05869312e+08,1.324032e+09,928.78,30.0,12873.0,0.0,12872.0,12872.0,1.0,0.0,0.0
2026-03-30 17:38:43,26,451545.0,2.4935868e+07,9.722583e+06,0.0,0.0,0.0,38939.0,3539.0,313.0,1.06000384e+08,1.324032e+09,935.78,29.0,12972.0,0.0,12972.0,12972.0,1.0,0.0,0.0
2026-03-30 17:38:56,26,455058.0,2.5128345e+07,9.783999e+06,0.0,0.0,0.0,39230.0,3566.0,315.0,1.06000384e+08,1.324032e+09,942.19,29.0,13070.0,0.0,13070.0,13070.0,1.0,0.0,0.0
2026-03-30 17:39:07,26,458342.0,2.5318335e+07,9.877551e+06,0.0,0.0,0.0,39532.0,3593.0,318.0,1.06000384e+08,1.324032e+09,949.41,35.0,13171.0,0.0,13170.0,13170.0,1.0,0.0,0.0
2026-03-30 17:39:20,26,461835.0,2.5510824e+07,9.941669e+06,0.0,0.0,0.0,39829.0,3620.0,320.0,1.06000384e+08,1.324032e+09,956.8399999999999,29.0,13271.0,0.0,13271.0,13271.0,1.0,0.0,0.0
2026-03-30 17:39:32,27,465362.0,2.571134e+07,1.0032487e+07,0.0,0.0,0.0,40128.0,3648.0,323.0,1.06131456e+08,1.324032e+09,964.63,29.0,13373.0,0.0,13372.0,13372.0,1.0,0.0,0.0
2026-03-30 17:39:44,27,468858.0,2.5903852e+07,1.0096605e+07,0.0,0.0,0.0,40429.0,3675.0,325.0,1.06262528e+08,1.324032e+09,971.78,35.0,13473.0,0.0,13472.0,13472.0,1.0,0.0,0.0
2026-03-30 17:39:57,27,472274.0,2.6093691e+07,1.0160723e+07,0.0,0.0,0.0,40724.0,3702.0,327.0,1.06131456e+08,1.324032e+09,978.25,29.0,13573.0,0.0,13572.0,13572.0,1.0,0.0,0.0
2026-03-30 17:40:09,27,475716.0,2.6283527e+07,1.0256919e+07,0.0,0.0,0.0,41023.0,3729.0,330.0,1.06131456e+08,1.324032e+09,985.3000000000001,29.0,13672.0,0.0,13672.0,13672.0,1.0,0.0,0.0
2026-03-30 17:40:21,27,479330.0,2.6473331e+07,1.0318335e+07,0.0,0.0,0.0,41325.0,3756.0,332.0,1.06131456e+08,1.324032e+09,992.78,29.0,13773.0,0.0,13773.0,13773.0,1.0,0.0,0.0
2026-03-30 17:40:33,28,482806.0,2.6673841e+07,1.0411855e+07,0.0,0.0,0.0,41624.0,3784.0,335.0,1.06000384e+08,1.324032e+09,999.57,33.0,13874.0,0.0,13873.0,13873.0,1.0,0.0,0.0
2026-03-30 17:40:45,28,486223.0,2.6866426e+07,1.0475973e+07,0.0,0.0,0.0,41923.0,3811.0,337.0,1.06000384e+08,1.324032e+09,1006.86,31.0,13975.0,0.0,13974.0,13974.0,1.0,0.0,0.0
2026-03-30 17:40:57,28,489789.0,2.7058935e+07,1.0537421e+07,0.0,0.0,0.0,42224.0,3838.0,339.0,1.06000384e+08,1.324032e+09,1013.98,30.0,14076.0,0.0,14075.0,14075.0,1.0,0.0,0.0
2026-03-30 17:41:09,28,493368.0,2.7254047e+07,1.0630915e+07,0.0,0.0,0.0,42527.0,3866.0,342.0,1.06000384e+08,1.324032e+09,1021.77,30.0,14177.0,0.0,14176.0,14176.0,1.0,0.0,0.0
2026-03-30 17:41:22,28,496892.0,2.7446515e+07,1.0695065e+07,0.0,0.0,0.0,42829.0,3893.0,344.0,1.06000384e+08,1.324032e+09,1028.93,31.0,14278.0,0.0,14277.0,14277.0,1.0,0.0,0.0
2026-03-30 17:41:34,29,500263.0,2.7647104e+07,1.0753837e+07,0.0,0.0,0.0,43123.0,3920.0,346.0,1.05869312e+08,1.324032e+09,1035.93,29.0,14378.0,0.0,14377.0,14377.0,1.0,0.0,0.0
2026-03-30 17:41:46,29,503712.0,2.7836923e+07,1.0850001e+07,0.0,0.0,0.0,43420.0,3947.0,349.0,1.0573824e+08,1.324032e+09,1042.46,29.0,14476.0,0.0,14476.0,14476.0,1.0,0.0,0.0
2026-03-30 17:41:58,29,507307.0,2.8029403e+07,1.0911449e+07,0.0,0.0,0.0,43725.0,3974.0,351.0,1.0573824e+08,1.324032e+09,1049.59,30.0,14578.0,0.0,14577.0,14577.0,1.0,0.0,0.0
2026-03-30 17:42:10,29,510718.0,2.8221959e+07,1.1004975e+07,0.0,0.0,0.0,44026.0,4002.0,354.0,1.06000384e+08,1.324032e+09,1056.53,29.0,14678.0,0.0,14678.0,14678.0,1.0,0.0,0.0
2026-03-30 17:42:23,29,514147.0,2.8411792e+07,1.1069125e+07,0.0,0.0,0.0,44321.0,4029.0,356.0,1.05869312e+08,1.324032e+09,1064.09,29.0,14777.0,0.0,14777.0,14777.0,1.0,0.0,0.0
2026-03-30 17:42:35,30,516133.0,2.852135e+07,1.1098495e+07,0.0,0.0,0.0,44485.0,4044.0,357.0,1.05869312e+08,1.324032e+09,1067.77,29.0,14832.0,0.0,14832.0,14832.0,1.0,0.0,0.0
2026-03-30 17:42:47,30,518364.0,2.8641713e+07,1.1159911e+07,0.0,0.0,0.0,44680.0,4061.0,359.0,1.05869312e+08,1.324032e+09,1072.6799999999998,35.0,14897.0,0.0,14896.0,14896.0,1.0,0.0,0.0
2026-03-30 17:42:59,30,521857.0,2.8834222e+07,1.1221359e+07,0.0,0.0,0.0,44977.0,4088.0,361.0,1.06000384e+08,1.324032e+09,1079.74,29.0,14997.0,0.0,14997.0,14997.0,1.0,0.0,0.0
2026-03-30 17:43:11,30,525468.0,2.9031969e+07,1.1317523e+07,0.0,0.0,0.0,45279.0,4116.0,364.0,1.06000384e+08,1.324032e+09,1087.04,31.0,15098.0,0.0,15097.0,15097.0,1.0,0.0,0.0
2026-03-30 17:43:24,30,528888.0,2.9224475e+07,1.1378971e+07,0.0,0.0,0.0,45574.0,4143.0,366.0,1.06000384e+08,1.324032e+09,1093.6100000000001,30.0,15198.0,0.0,15197.0,15197.0,1.0,0.0,0.0
2026-03-30 17:43:36,31,532378.0,2.9414355e+07,1.1469789e+07,0.0,0.0,0.0,45876.0,4170.0,369.0,1.06000384e+08,1.324032e+09,1100.81,29.0,15298.0,0.0,15298.0,15298.0,1.0,0.0,0.0
2026-03-30 17:43:48,31,535850.0,2.9606867e+07,1.1531237e+07,0.0,0.0,0.0,46173.0,4197.0,371.0,1.06000384e+08,1.324032e+09,1108.29,29.0,15398.0,0.0,15398.0,15398.0,1.0,0.0,0.0
2026-03-30 17:44:00,31,539427.0,2.9799274e+07,1.1595355e+07,0.0,0.0,0.0,46471.0,4224.0,373.0,1.05979904e+08,1.324032e+09,1115.19,30.0,15499.0,0.0,15498.0,15498.0,1.0,0.0,0.0
2026-03-30 17:44:12,31,542832.0,2.9986449e+07,1.1691551e+07,0.0,0.0,0.0,46771.0,4251.0,376.0,1.05979904e+08,1.324032e+09,1122.19,35.0,15598.0,0.0,15597.0,15597.0,1.0,0.0,0.0
2026-03-30 17:44:24,31,546277.0,3.0178955e+07,1.1755701e+07,0.0,0.0,0.0,47068.0,4278.0,378.0,1.06110976e+08,1.324032e+09,1129.31,29.0,15698.0,0.0,15698.0,15698.0,1.0,0.0,0.0
2026-03-30 17:44:37,32,549703.0,3.03688e+07,1.1849195e+07,0.0,0.0,0.0,47363.0,4305.0,381.0,1.05979904e+08,1.324032e+09,1136.45,30.0,15798.0,0.0,15797.0,15797.0,1.0,0.0,0.0
2026-03-30 17:44:49,32,553177.0,3.056669e+07,1.1910643e+07,0.0,0.0,0.0,47664.0,4333.0,383.0,1.05979904e+08,1.324032e+09,1143.71,29.0,15899.0,0.0,15898.0,15898.0,1.0,0.0,0.0
2026-03-30 17:45:01,32,556690.0,3.0756491e+07,1.2001461e+07,0.0,0.0,0.0,47963.0,4360.0,386.0,1.05979904e+08,1.324032e+09,1150.72,29.0,15999.0,0.0,15998.0,15998.0,1.0,0.0,0.0
2026-03-30 17:45:13,32,560164.0,3.0951711e+07,1.2065579e+07,0.0,0.0,0.0,48261.0,4387.0,388.0,1.06110976e+08,1.324032e+09,1158.1,30.0,16099.0,0.0,16098.0,16098.0,1.0,0.0,0.0
2026-03-30 17:45:25,33,563628.0,3.1144223e+07,1.2127027e+07,0.0,0.0,0.0,48558.0,4414.0,390.0,1.06110976e+08,1.324032e+09,1165.12,29.0,16198.0,0.0,16198.0,16198.0,1.0,0.0,0.0
2026-03-30 17:45:37,33,567102.0,3.1331389e+07,1.2220521e+07,0.0,0.0,0.0,48860.0,4441.0,393.0,1.06110976e+08,1.324032e+09,1172.1299999999999,29.0,16299.0,0.0,16299.0,16299.0,1.0,0.0,0.0
2026-03-30 17:45:49,33,570624.0,3.1529209e+07,1.2284671e+07,0.0,0.0,0.0,49159.0,4469.0,395.0,1.06110976e+08,1.324032e+09,1179.01,29.0,16399.0,0.0,16399.0,16399.0,1.0,0.0,0.0
2026-03-30 17:46:02,33,574213.0,3.172166e+07,1.2375489e+07,0.0,0.0,0.0,49460.0,4496.0,398.0,1.06110976e+08,1.324032e+09,1186.23,29.0,16500.0,0.0,16500.0,16500.0,1.0,0.0,0.0
2026-03-30 17:46:14,33,577693.0,3.1914134e+07,1.2436937e+07,0.0,0.0,0.0,49757.0,4523.0,400.0,1.06110976e+08,1.324032e+09,1193.18,31.0,16601.0,0.0,16600.0,16600.0,1.0,0.0,0.0
2026-03-30 17:46:26,34,581157.0,3.2104002e+07,1.2533133e+07,0.0,0.0,0.0,50057.0,4550.0,403.0,1.06242048e+08,1.324032e+09,1200.82,30.0,16701.0,0.0,16700.0,16700.0,1.0,0.0,0.0
2026-03-30 17:46:38,34,584603.0,3.2299216e+07,1.2597251e+07,0.0,0.0,0.0,50358.0,4578.0,405.0,1.06242048e+08,1.324032e+09,1208.21,31.0,16801.0,0.0,16800.0,16800.0,1.0,0.0,0.0
2026-03-30 17:46:50,34,588011.0,3.2486414e+07,1.2658667e+07,0.0,0.0,0.0,50652.0,4604.0,407.0,1.06242048e+08,1.324032e+09,1214.91,29.0,16900.0,0.0,16900.0,16900.0,1.0,0.0,0.0
2026-03-30 17:47:02,34,591539.0,3.2678885e+07,1.2752187e+07,0.0,0.0,0.0,50952.0,4631.0,410.0,1.05979904e+08,1.324032e+09,1221.92,29.0,17000.0,0.0,17000.0,17000.0,1.0,0.0,0.0
2026-03-30 17:47:14,34,594971.0,3.2876772e+07,1.2813667e+07,0.0,0.0,0.0,51253.0,4659.0,412.0,1.06110976e+08,1.324032e+09,1229.27,29.0,17101.0,0.0,17101.0,17101.0,1.0,0.0,0.0
2026-03-30 17:47:27,35,598356.0,3.3069348e+07,1.2877785e+07,0.0,0.0,0.0,51549.0,4686.0,414.0,1.06110976e+08,1.324032e+09,1236.3600000000001,30.0,17201.0,0.0,17200.0,17200.0,1.0,0.0,0.0
2026-03-30 17:47:39,35,601888.0,3.3256459e+07,1.2973981e+07,0.0,0.0,0.0,51851.0,4713.0,417.0,1.05979904e+08,1.324032e+09,1243.44,30.0,17302.0,0.0,17301.0,17301.0,1.0,0.0,0.0
2026-03-30 17:47:51,35,605349.0,3.3448965e+07,1.3038131e+07,0.0,0.0,0.0,52151.0,4740.0,419.0,1.05979904e+08,1.324032e+09,1250.41,35.0,17402.0,0.0,17401.0,17401.0,1.0,0.0,0.0
2026-03-30 17:48:03,35,608906.0,3.3641369e+07,1.3128949e+07,0.0,0.0,0.0,52443.0,4767.0,422.0,1.05979904e+08,1.324032e+09,1257.47,29.0,17501.0,0.0,17500.0,17500.0,1.0,0.0,0.0
2026-03-30 17:48:15,35,612437.0,3.3833808e+07,1.3190397e+07,0.0,0.0,0.0,52741.0,4794.0,424.0,1.05979904e+08,1.324032e+09,1264.67,30.0,17601.0,0.0,17600.0,17600.0,1.0,0.0,0.0
2026-03-30 17:48:27,36,615777.0,3.402639e+07,1.3254515e+07,0.0,0.0,0.0,53035.0,4821.0,426.0,1.05848832e+08,1.324032e+09,1271.69,29.0,17700.0,0.0,17699.0,17699.0,1.0,0.0,0.0
2026-03-30 17:48:39,36,619241.0,3.4213568e+07,1.3348041e+07,0.0,0.0,0.0,53339.0,4848.0,429.0,1.05979904e+08,1.324032e+09,1278.71,31.0,17800.0,0.0,17799.0,17799.0,1.0,0.0,0.0
2026-03-30 17:48:51,36,622652.0,3.4406109e+07,1.3409457e+07,0.0,0.0,0.0,53633.0,4875.0,431.0,1.06110976e+08,1.324032e+09,1285.6299999999999,29.0,17899.0,0.0,17899.0,17899.0,1.0,0.0,0.0
2026-03-30 17:49:03,36,626224.0,3.4603917e+07,1.3502977e+07,0.0,0.0,0.0,53935.0,4903.0,434.0,1.06110976e+08,1.324032e+09,1292.36,29.0,18000.0,0.0,18000.0,18000.0,1.0,0.0,0.0
2026-03-30 17:49:15,36,629682.0,3.4793753e+07,1.3564425e+07,0.0,0.0,0.0,54230.0,4930.0,436.0,1.06110976e+08,1.324032e+09,1299.53,29.0,18099.0,0.0,18099.0,18099.0,1.0,0.0,0.0
2026-03-30 17:49:27,37,633201.0,3.497815e+07,1.3660589e+07,0.0,0.0,0.0,54526.0,4956.0,439.0,1.06242048e+08,1.324032e+09,1306.35,29.0,18199.0,0.0,18198.0,18198.0,1.0,0.0,0.0
2026-03-30 17:49:39,37,636555.0,3.5170784e+07,1.3722031e+07,0.0,0.0,0.0,54823.0,4983.0,441.0,1.06110976e+08,1.324032e+09,1313.3,29.0,18298.0,0.0,18298.0,18298.0,1.0,0.0,0.0
2026-03-30 17:49:52,37,640044.0,3.5363261e+07,1.3783479e+07,0.0,0.0,0.0,55121.0,5010.0,443.0,1.05979904e+08,1.324032e+09,1319.99,29.0,18398.0,0.0,18398.0,18398.0,1.0,0.0,0.0
2026-03-30 17:50:04,37,643496.0,3.5550427e+07,1.3876973e+07,0.0,0.0,0.0,55416.0,5037.0,446.0,1.05979904e+08,1.324032e+09,1326.67,29.0,18497.0,0.0,18497.0,18497.0,1.0,0.0,0.0
2026-03-30 17:50:16,37,646960.0,3.5742895e+07,1.3941123e+07,0.0,0.0,0.0,55710.0,5064.0,448.0,1.06110976e+08,1.324032e+09,1333.3,31.0,18597.0,0.0,18596.0,18596.0,1.0,0.0,0.0
2026-03-30 17:50:28,38,650360.0,3.5935439e+07,1.4034611e+07,0.0,0.0,0.0,56005.0,5091.0,451.0,1.06110976e+08,1.324032e+09,1340.79,29.0,18696.0,0.0,18695.0,18695.0,1.0,0.0,0.0
2026-03-30 17:50:40,38,653941.0,3.6133288e+07,1.4096059e+07,0.0,0.0,0.0,56310.0,5119.0,453.0,1.06110976e+08,1.324032e+09,1348.91,29.0,18797.0,0.0,18797.0,18797.0,1.0,0.0,0.0
2026-03-30 17:50:52,38,657479.0,3.6317656e+07,1.4160177e+07,0.0,0.0,0.0,56605.0,5145.0,455.0,1.06242048e+08,1.324032e+09,1355.8,29.0,18896.0,0.0,18896.0,18896.0,1.0,0.0,0.0
2026-03-30 17:51:04,38,660882.0,3.6512847e+07,1.4256373e+07,0.0,0.0,0.0,56903.0,5173.0,458.0,1.06242048e+08,1.324032e+09,1362.93,31.0,18997.0,0.0,18996.0,18996.0,1.0,0.0,0.0
2026-03-30 17:51:16,38,664269.0,3.6702718e+07,1.4317815e+07,0.0,0.0,0.0,57197.0,5199.0,460.0,1.06242048e+08,1.324032e+09,1369.89,31.0,19096.0,0.0,19095.0,19095.0,1.0,0.0,0.0
2026-03-30 17:51:28,39,667663.0,3.6892583e+07,1.4379295e+07,0.0,0.0,0.0,57497.0,5226.0,462.0,1.06110976e+08,1.324032e+09,1377.36,30.0,19195.0,0.0,19194.0,19194.0,1.0,0.0,0.0
2026-03-30 17:51:40,39,671163.0,3.7090368e+07,1.4475491e+07,0.0,0.0,0.0,57795.0,5254.0,465.0,1.06110976e+08,1.324032e+09,1384.46,35.0,19295.0,0.0,19294.0,19294.0,1.0,0.0,0.0
2026-03-30 17:51:52,39,674584.0,3.7277581e+07,1.4539609e+07,0.0,0.0,0.0,58091.0,5280.0,467.0,1.06110976e+08,1.324032e+09,1391.4099999999999,29.0,19394.0,0.0,19394.0,19394.0,1.0,0.0,0.0
2026-03-30 17:52:05,39,678065.0,3.747541e+07,1.4630427e+07,0.0,0.0,0.0,58388.0,5308.0,470.0,1.06110976e+08,1.324032e+09,1398.62,29.0,19495.0,0.0,19494.0,19494.0,1.0,0.0,0.0
2026-03-30 17:52:17,39,681603.0,3.7670592e+07,1.4691875e+07,0.0,0.0,0.0,58689.0,5335.0,472.0,1.06242048e+08,1.324032e+09,1406.02,29.0,19595.0,0.0,19595.0,19595.0,1.0,0.0,0.0
2026-03-30 17:52:29,40,685100.0,3.7865754e+07,1.4753323e+07,0.0,0.0,0.0,58987.0,5362.0,474.0,1.06242048e+08,1.324032e+09,1412.99,35.0,19696.0,0.0,19695.0,19695.0,1.0,0.0,0.0
2026-03-30 17:52:41,40,688500.0,3.8058289e+07,1.4849551e+07,0.0,0.0,0.0,59290.0,5390.0,477.0,1.06242048e+08,1.324032e+09,1420.09,30.0,19797.0,0.0,19796.0,19796.0,1.0,0.0,0.0
2026-03-30 17:52:53,40,692165.0,3.8256071e+07,1.4910967e+07,0.0,0.0,0.0,59594.0,5417.0,479.0,1.06242048e+08,1.324032e+09,1427.66,29.0,19899.0,0.0,19898.0,19898.0,1.0,0.0,0.0
2026-03-30 17:53:06,40,695601.0,3.8451253e+07,1.5001817e+07,0.0,0.0,0.0,59895.0,5445.0,482.0,1.0637312e+08,1.324032e+09,1434.14,29.0,19998.0,0.0,19998.0,19998.0,1.0,0.0,0.0
2026-03-30 17:53:18,40,699117.0,3.8643707e+07,1.5065935e+07,0.0,0.0,0.0,60193.0,5472.0,484.0,1.0637312e+08,1.324032e+09,1441.8,30.0,20099.0,0.0,20098.0,20098.0,1.0,0.0,0.0
2026-03-30 17:53:30,41,702519.0,3.8833639e+07,1.5127415e+07,0.0,0.0,0.0,60498.0,5499.0,486.0,1.06504192e+08,1.324032e+09,1449.67,30.0,20200.0,0.0,20199.0,20199.0,1.0,0.0,0.0
2026-03-30 17:53:42,41,705861.0,3.9028879e+07,1.5226313e+07,0.0,0.0,0.0,60797.0,5527.0,489.0,1.06504192e+08,1.324032e+09,1456.73,35.0,20300.0,0.0,20299.0,20299.0,1.0,0.0,0.0
2026-03-30 17:53:54,41,709456.0,3.9223988e+07,1.5287729e+07,0.0,0.0,0.0,61095.0,5554.0,491.0,1.06504192e+08,1.324032e+09,1464.09,29.0,20400.0,0.0,20400.0,20400.0,1.0,0.0,0.0
2026-03-30 17:54:07,41,712856.0,3.9413856e+07,1.5378579e+07,0.0,0.0,0.0,61393.0,5581.0,494.0,1.0637312e+08,1.324032e+09,1471.09,30.0,20500.0,0.0,20499.0,20499.0,1.0,0.0,0.0
2026-03-30 17:54:19,41,716486.0,3.9606266e+07,1.5442697e+07,0.0,0.0,0.0,61694.0,5608.0,496.0,1.06504192e+08,1.324032e+09,1478.25,29.0,20601.0,0.0,20601.0,20601.0,1.0,0.0,0.0
2026-03-30 17:54:31,42,719915.0,3.9798839e+07,1.5504145e+07,0.0,0.0,0.0,61991.0,5635.0,498.0,1.06504192e+08,1.324032e+09,1485.1299999999999,30.0,20701.0,0.0,20700.0,20700.0,1.0,0.0,0.0
2026-03-30 17:54:43,42,723349.0,3.9983321e+07,1.5600341e+07,0.0,0.0,0.0,62291.0,5662.0,501.0,1.06504192e+08,1.324032e+09,1492.1399999999999,29.0,20801.0,0.0,20800.0,20800.0,1.0,0.0,0.0
2026-03-30 17:54:55,42,726765.0,4.0175865e+07,1.5664459e+07,0.0,0.0,0.0,62589.0,5689.0,503.0,1.06504192e+08,1.324032e+09,1499.26,35.0,20900.0,0.0,20899.0,20899.0,1.0,0.0,0.0
2026-03-30 17:55:07,42,730089.0,4.0371079e+07,1.5757979e+07,0.0,0.0,0.0,62880.0,5716.0,506.0,1.06242048e+08,1.324032e+09,1505.94,35.0,20999.0,0.0,20998.0,20998.0,1.0,0.0,0.0
2026-03-30 17:55:19,42,733620.0,4.0566258e+07,1.5819427e+07,0.0,0.0,0.0,63184.0,5744.0,508.0,1.06110976e+08,1.324032e+09,1512.79,29.0,21100.0,0.0,21100.0,21100.0,1.0,0.0,0.0
2026-03-30 17:55:32,43,736997.0,4.0753517e+07,1.5880843e+07,0.0,0.0,0.0,63479.0,5770.0,510.0,1.06110976e+08,1.324032e+09,1519.95,35.0,21199.0,0.0,21198.0,21198.0,1.0,0.0,0.0
2026-03-30 17:55:44,43,740493.0,4.0946052e+07,1.5971661e+07,0.0,0.0,0.0,63778.0,5797.0,513.0,1.06110976e+08,1.324032e+09,1527.34,32.0,21300.0,0.0,21299.0,21299.0,1.0,0.0,0.0
2026-03-30 17:55:56,43,743814.0,4.1138663e+07,1.6035811e+07,0.0,0.0,0.0,64072.0,5824.0,515.0,1.05848832e+08,1.324032e+09,1534.25,29.0,21398.0,0.0,21398.0,21398.0,1.0,0.0,0.0
2026-03-30 17:56:08,43,747301.0,4.1328435e+07,1.6131975e+07,0.0,0.0,0.0,64367.0,5851.0,518.0,1.05848832e+08,1.324032e+09,1541.0,29.0,21497.0,0.0,21497.0,21497.0,1.0,0.0,0.0
2026-03-30 17:56:20,43,750841.0,4.1518233e+07,1.6196125e+07,0.0,0.0,0.0,64667.0,5878.0,520.0,1.05848832e+08,1.324032e+09,1548.25,35.0,21598.0,0.0,21597.0,21597.0,1.0,0.0,0.0
2026-03-30 17:56:32,44,754125.0,4.1713575e+07,1.6260281e+07,0.0,0.0,0.0,64967.0,5906.0,522.0,1.05848832e+08,1.324032e+09,1555.82,29.0,21698.0,0.0,21698.0,21698.0,1.0,0.0,0.0
2026-03-30 17:56:44,44,757640.0,4.1903376e+07,1.6351099e+07,0.0,0.0,0.0,65268.0,5933.0,525.0,1.05848832e+08,1.324032e+09,1563.37,35.0,21799.0,0.0,21798.0,21798.0,1.0,0.0,0.0
2026-03-30 17:56:56,44,760930.0,4.2095978e+07,1.6415217e+07,0.0,0.0,0.0,65560.0,5960.0,527.0,1.05848832e+08,1.324032e+09,1570.1899999999998,29.0,21897.0,0.0,21897.0,21897.0,1.0,0.0,0.0
2026-03-30 17:57:08,44,764474.0,4.2288452e+07,1.6508711e+07,0.0,0.0,0.0,65861.0,5987.0,530.0,1.05848832e+08,1.324032e+09,1576.84,31.0,21998.0,0.0,21997.0,21997.0,1.0,0.0,0.0
2026-03-30 17:57:20,44,767887.0,4.248099e+07,1.6572861e+07,0.0,0.0,0.0,66158.0,6014.0,532.0,1.05848832e+08,1.324032e+09,1583.6899999999998,31.0,22098.0,0.0,22097.0,22097.0,1.0,0.0,0.0
2026-03-30 17:57:33,45,771476.0,4.2670765e+07,1.6634277e+07,0.0,0.0,0.0,66456.0,6041.0,534.0,1.05979904e+08,1.324032e+09,1590.9599999999998,29.0,22198.0,0.0,22198.0,22198.0,1.0,0.0,0.0
2026-03-30 17:57:45,45,774844.0,4.2863367e+07,1.6727797e+07,0.0,0.0,0.0,66753.0,6068.0,537.0,1.05979904e+08,1.324032e+09,1598.04,35.0,22298.0,0.0,22297.0,22297.0,1.0,0.0,0.0
2026-03-30 17:57:57,45,778408.0,4.3055745e+07,1.6791915e+07,0.0,0.0,0.0,67049.0,6095.0,539.0,1.05979904e+08,1.324032e+09,1605.1100000000001,31.0,22398.0,0.0,22397.0,22397.0,1.0,0.0,0.0
2026-03-30 17:58:09,45,781869.0,4.3251026e+07,1.6856001e+07,0.0,0.0,0.0,67349.0,6122.0,541.0,1.05979904e+08,1.324032e+09,1611.7199999999998,30.0,22498.0,0.0,22497.0,22497.0,1.0,0.0,0.0
2026-03-30 17:58:21,45,785292.0,4.3440897e+07,1.6952235e+07,0.0,0.0,0.0,67654.0,6150.0,544.0,1.05848832e+08,1.324032e+09,1618.3999999999999,31.0,22599.0,0.0,22598.0,22598.0,1.0,0.0,0.0
2026-03-30 17:58:33,46,788744.0,4.3633447e+07,1.7013683e+07,0.0,0.0,0.0,67951.0,6177.0,546.0,1.05848832e+08,1.324032e+09,1625.51,29.0,22699.0,0.0,22699.0,22699.0,1.0,0.0,0.0
2026-03-30 17:58:45,46,792238.0,4.3825939e+07,1.7107209e+07,0.0,0.0,0.0,68255.0,6205.0,549.0,1.05979904e+08,1.324032e+09,1632.9699999999998,29.0,22800.0,0.0,22800.0,22800.0,1.0,0.0,0.0
2026-03-30 17:58:58,46,795839.0,4.4018378e+07,1.7168657e+07,0.0,0.0,0.0,68555.0,6232.0,551.0,1.05979904e+08,1.324032e+09,1640.25,29.0,22901.0,0.0,22901.0,22901.0,1.0,0.0,0.0
2026-03-30 17:59:10,46,799419.0,4.4210794e+07,1.7262145e+07,0.0,0.0,0.0,68851.0,6259.0,554.0,1.05979904e+08,1.324032e+09,1646.6100000000001,29.0,23000.0,0.0,23000.0,23000.0,1.0,0.0,0.0
2026-03-30 17:59:22,46,802764.0,4.4395316e+07,1.7323625e+07,0.0,0.0,0.0,69143.0,6285.0,556.0,1.05979904e+08,1.324032e+09,1653.51,35.0,23099.0,0.0,23098.0,23098.0,1.0,0.0,0.0
2026-03-30 17:59:34,47,806206.0,4.4593191e+07,1.7422491e+07,0.0,0.0,0.0,69444.0,6313.0,559.0,1.06110976e+08,1.324032e+09,1661.0800000000002,30.0,23200.0,0.0,23199.0,23199.0,1.0,0.0,0.0
2026-03-30 17:59:46,47,809699.0,4.478303e+07,1.7483939e+07,0.0,0.0,0.0,69744.0,6340.0,561.0,1.06242048e+08,1.324032e+09,1668.55,29.0,23300.0,0.0,23300.0,23300.0,1.0,0.0,0.0
2026-03-30 17:59:58,47,813259.0,4.4972834e+07,1.7545355e+07,0.0,0.0,0.0,70042.0,6367.0,563.0,1.06242048e+08,1.324032e+09,1675.92,29.0,23401.0,0.0,23400.0,23400.0,1.0,0.0,0.0
2026-03-30 18:00:10,47,816927.0,4.5170584e+07,1.7636173e+07,0.0,0.0,0.0,70347.0,6395.0,566.0,1.06242048e+08,1.324032e+09,1682.9,30.0,23502.0,0.0,23501.0,23501.0,1.0,0.0,0.0
2026-03-30 18:00:23,47,820432.0,4.5363067e+07,1.7697653e+07,0.0,0.0,0.0,70647.0,6422.0,568.0,1.06242048e+08,1.324032e+09,1690.23,30.0,23603.0,0.0,23602.0,23602.0,1.0,0.0,0.0
2026-03-30 18:00:35,48,823863.0,4.5552941e+07,1.7793817e+07,0.0,0.0,0.0,70945.0,6449.0,571.0,1.06110976e+08,1.324032e+09,1696.96,29.0,23702.0,0.0,23702.0,23702.0,1.0,0.0,0.0
2026-03-30 18:00:47,48,827397.0,4.5745415e+07,1.7855265e+07,0.0,0.0,0.0,71243.0,6476.0,573.0,1.05979904e+08,1.324032e+09,1704.51,30.0,23803.0,0.0,23802.0,23802.0,1.0,0.0,0.0
2026-03-30 18:00:59,48,830896.0,4.5945992e+07,1.7946051e+07,0.0,0.0,0.0,71547.0,6504.0,576.0,1.05979904e+08,1.324032e+09,1711.56,30.0,23905.0,0.0,23904.0,23904.0,1.0,0.0,0.0
2026-03-30 18:01:11,48,834373.0,4.6138501e+07,1.8007499e+07,0.0,0.0,0.0,71847.0,6531.0,578.0,1.06110976e+08,1.324032e+09,1718.37,31.0,24005.0,0.0,24004.0,24004.0,1.0,0.0,0.0
2026-03-30 18:01:24,48,837994.0,4.6333587e+07,1.807162e+07,0.0,0.0,0.0,72149.0,6558.0,580.0,1.06110976e+08,1.324032e+09,1725.96,30.0,24106.0,0.0,24105.0,24105.0,1.0,0.0,0.0
2026-03-30 18:01:36,49,841397.0,4.6534144e+07,1.816247e+07,0.0,0.0,0.0,72447.0,6586.0,583.0,1.06110976e+08,1.324032e+09,1733.3999999999999,29.0,24206.0,0.0,24206.0,24206.0,1.0,0.0,0.0
2026-03-30 18:01:48,49,844868.0,4.6726659e+07,1.8226588e+07,0.0,0.0,0.0,72743.0,6613.0,585.0,1.06110976e+08,1.324032e+09,1740.9099999999999,30.0,24306.0,0.0,24305.0,24305.0,1.0,0.0,0.0
2026-03-30 18:02:00,49,848235.0,4.6919226e+07,1.8290738e+07,0.0,0.0,0.0,73041.0,6640.0,587.0,1.06110976e+08,1.324032e+09,1747.7099999999998,31.0,24406.0,0.0,24405.0,24405.0,1.0,0.0,0.0
2026-03-30 18:02:12,49,851712.0,4.7109039e+07,1.8386934e+07,0.0,0.0,0.0,73344.0,6667.0,590.0,1.06110976e+08,1.324032e+09,1755.2600000000002,29.0,24507.0,0.0,24507.0,24507.0,1.0,0.0,0.0
2026-03-30 18:02:24,49,855152.0,4.7301583e+07,1.8448382e+07,0.0,0.0,0.0,73641.0,6694.0,592.0,1.05979904e+08,1.324032e+09,1761.7099999999998,29.0,24607.0,0.0,24607.0,24607.0,1.0,0.0,0.0
2026-03-30 18:02:36,50,858616.0,4.7491416e+07,1.8541902e+07,0.0,0.0,0.0,73939.0,6721.0,595.0,1.05979904e+08,1.324032e+09,1769.03,30.0,24707.0,0.0,24706.0,24706.0,1.0,0.0,0.0
2026-03-30 18:02:49,50,862125.0,4.7683893e+07,1.860335e+07,0.0,0.0,0.0,74236.0,6748.0,597.0,1.05979904e+08,1.324032e+09,1776.3500000000001,30.0,24807.0,0.0,24806.0,24806.0,1.0,0.0,0.0
2026-03-30 18:03:01,50,865649.0,4.7884415e+07,1.8667468e+07,0.0,0.0,0.0,74539.0,6776.0,599.0,1.05848832e+08,1.324032e+09,1783.45,35.0,24909.0,0.0,24908.0,24908.0,1.0,0.0,0.0
2026-03-30 18:03:13,50,869072.0,4.8076924e+07,1.8760988e+07,0.0,0.0,0.0,74840.0,6803.0,602.0,1.05979904e+08,1.324032e+09,1790.8700000000001,29.0,25009.0,0.0,25009.0,25009.0,1.0,0.0,0.0
2026-03-30 18:03:25,51,872521.0,4.8269436e+07,1.8825106e+07,0.0,0.0,0.0,75134.0,6830.0,604.0,1.06110976e+08,1.324032e+09,1797.89,29.0,25108.0,0.0,25108.0,25108.0,1.0,0.0,0.0
2026-03-30 18:03:37,51,875966.0,4.8461942e+07,1.8889256e+07,0.0,0.0,0.0,75431.0,6857.0,606.0,1.06110976e+08,1.324032e+09,1805.1200000000001,29.0,25209.0,0.0,25208.0,25208.0,1.0,0.0,0.0
2026-03-30 18:03:49,51,879422.0,4.8649094e+07,1.8985452e+07,0.0,0.0,0.0,75732.0,6884.0,609.0,1.06110976e+08,1.324032e+09,1812.43,29.0,25308.0,0.0,25308.0,25308.0,1.0,0.0,0.0
2026-03-30 18:04:02,51,882950.0,4.8838898e+07,1.90469e+07,0.0,0.0,0.0,76030.0,6911.0,611.0,1.05979904e+08,1.324032e+09,1819.55,29.0,25409.0,0.0,25408.0,25408.0,1.0,0.0,0.0
2026-03-30 18:04:14,51,886397.0,4.9042183e+07,1.9137718e+07,0.0,0.0,0.0,76331.0,6939.0,614.0,1.05979904e+08,1.324032e+09,1826.59,29.0,25509.0,0.0,25509.0,25509.0,1.0,0.0,0.0
2026-03-30 18:04:26,52,889803.0,4.9232115e+07,1.9199166e+07,0.0,0.0,0.0,76629.0,6966.0,616.0,1.05979904e+08,1.324032e+09,1833.9,30.0,25610.0,0.0,25609.0,25609.0,1.0,0.0,0.0
2026-03-30 18:04:38,52,893328.0,4.9421916e+07,1.929533e+07,0.0,0.0,0.0,76930.0,6993.0,619.0,1.06110976e+08,1.324032e+09,1841.12,31.0,25711.0,0.0,25710.0,25710.0,1.0,0.0,0.0
2026-03-30 18:04:51,52,896844.0,4.9622432e+07,1.9356778e+07,0.0,0.0,0.0,77231.0,7021.0,621.0,1.06110976e+08,1.324032e+09,1848.6299999999999,35.0,25811.0,0.0,25810.0,25810.0,1.0,0.0,0.0
2026-03-30 18:05:03,52,900395.0,4.9814915e+07,1.9418194e+07,0.0,0.0,0.0,77528.0,7048.0,623.0,1.06110976e+08,1.324032e+09,1855.98,35.0,25911.0,0.0,25910.0,25910.0,1.0,0.0,0.0
2026-03-30 18:05:15,52,903993.0,5.0004655e+07,1.9511714e+07,0.0,0.0,0.0,77829.0,7075.0,626.0,1.05979904e+08,1.324032e+09,1863.75,35.0,26012.0,0.0,26011.0,26011.0,1.0,0.0,0.0
2026-03-30 18:05:27,53,907512.0,5.0199802e+07,1.957313e+07,0.0,0.0,0.0,78125.0,7102.0,628.0,1.05979904e+08,1.324032e+09,1870.7900000000002,30.0,26112.0,0.0,26111.0,26111.0,1.0,0.0,0.0
2026-03-30 18:05:39,53,911063.0,5.0389577e+07,1.9666624e+07,0.0,0.0,0.0,78423.0,7129.0,631.0,1.05848832e+08,1.324032e+09,1878.1200000000001,29.0,26212.0,0.0,26211.0,26211.0,1.0,0.0,0.0
2026-03-30 18:05:51,53,914460.0,5.0579442e+07,1.9730774e+07,0.0,0.0,0.0,78718.0,7156.0,633.0,1.05848832e+08,1.324032e+09,1885.02,30.0,26311.0,0.0,26310.0,26310.0,1.0,0.0,0.0
2026-03-30 18:06:04,53,917933.0,5.0771989e+07,1.9794892e+07,0.0,0.0,0.0,79019.0,7183.0,635.0,1.05848832e+08,1.324032e+09,1892.25,31.0,26412.0,0.0,26411.0,26411.0,1.0,0.0,0.0
2026-03-30 18:06:16,53,921476.0,5.0961758e+07,1.988571e+07,0.0,0.0,0.0,79315.0,7210.0,638.0,1.05848832e+08,1.324032e+09,1898.96,29.0,26510.0,0.0,26510.0,26510.0,1.0,0.0,0.0
2026-03-30 18:06:28,54,924852.0,5.115427e+07,1.9949828e+07,0.0,0.0,0.0,79609.0,7237.0,640.0,1.05848832e+08,1.324032e+09,1906.06,29.0,26609.0,0.0,26609.0,26609.0,1.0,0.0,0.0
2026-03-30 18:06:40,54,928309.0,5.1344051e+07,2.0046024e+07,0.0,0.0,0.0,79908.0,7264.0,643.0,1.05848832e+08,1.324032e+09,1913.44,29.0,26709.0,0.0,26709.0,26709.0,1.0,0.0,0.0
2026-03-30 18:06:52,54,931760.0,5.1533922e+07,2.010744e+07,0.0,0.0,0.0,80206.0,7291.0,645.0,1.0571776e+08,1.324032e+09,1920.31,29.0,26809.0,0.0,26809.0,26809.0,1.0,0.0,0.0
2026-03-30 18:07:05,54,935165.0,5.1729229e+07,2.0168882e+07,0.0,0.0,0.0,80507.0,7318.0,647.0,1.05848832e+08,1.324032e+09,1927.36,35.0,26911.0,0.0,26910.0,26910.0,1.0,0.0,0.0
2026-03-30 18:07:17,54,938658.0,5.1927046e+07,2.0262408e+07,0.0,0.0,0.0,80807.0,7346.0,650.0,1.05848832e+08,1.324032e+09,1934.74,30.0,27011.0,0.0,27010.0,27010.0,1.0,0.0,0.0
2026-03-30 18:07:29,55,941972.0,5.2114308e+07,2.0326564e+07,0.0,0.0,0.0,81104.0,7373.0,652.0,1.05848832e+08,1.324032e+09,1941.82,31.0,27111.0,0.0,27110.0,27110.0,1.0,0.0,0.0
2026-03-30 18:07:41,55,945465.0,5.2304115e+07,2.0417382e+07,0.0,0.0,0.0,81402.0,7400.0,655.0,1.05979904e+08,1.324032e+09,1949.18,30.0,27211.0,0.0,27210.0,27210.0,1.0,0.0,0.0
2026-03-30 18:07:53,55,948865.0,5.2499361e+07,2.0478798e+07,0.0,0.0,0.0,81697.0,7427.0,657.0,1.05979904e+08,1.324032e+09,1955.94,31.0,27309.0,0.0,27308.0,27308.0,1.0,0.0,0.0
2026-03-30 18:08:05,55,952285.0,5.2683927e+07,2.0575e+07,0.0,0.0,0.0,82000.0,7454.0,660.0,1.05979904e+08,1.324032e+09,1963.44,30.0,27411.0,0.0,27410.0,27410.0,1.0,0.0,0.0
2026-03-30 18:08:17,55,955804.0,5.2876407e+07,2.0636448e+07,0.0,0.0,0.0,82298.0,7481.0,662.0,1.06110976e+08,1.324032e+09,1970.63,35.0,27510.0,0.0,27509.0,27509.0,1.0,0.0,0.0
2026-03-30 18:08:29,56,959213.0,5.3071621e+07,2.0727298e+07,0.0,0.0,0.0,82599.0,7509.0,665.0,1.06110976e+08,1.324032e+09,1977.47,29.0,27610.0,0.0,27610.0,27610.0,1.0,0.0,0.0
2026-03-30 18:08:42,56,962715.0,5.3264159e+07,2.0791416e+07,0.0,0.0,0.0,82899.0,7536.0,667.0,1.06242048e+08,1.324032e+09,1985.05,31.0,27711.0,0.0,27710.0,27710.0,1.0,0.0,0.0
2026-03-30 18:08:54,56,966127.0,5.3456677e+07,2.0855566e+07,0.0,0.0,0.0,83196.0,7563.0,669.0,1.06110976e+08,1.324032e+09,1992.53,29.0,27811.0,0.0,27811.0,27811.0,1.0,0.0,0.0
2026-03-30 18:09:06,56,969620.0,5.3646464e+07,2.0949086e+07,0.0,0.0,0.0,83497.0,7590.0,672.0,1.06110976e+08,1.324032e+09,1999.69,29.0,27911.0,0.0,27911.0,27911.0,1.0,0.0,0.0
2026-03-30 18:09:18,56,973006.0,5.3839005e+07,2.1013204e+07,0.0,0.0,0.0,83791.0,7617.0,674.0,1.06242048e+08,1.324032e+09,2006.58,29.0,28011.0,0.0,28010.0,28010.0,1.0,0.0,0.0
2026-03-30 18:09:30,57,976479.0,5.4031552e+07,2.1106692e+07,0.0,0.0,0.0,84093.0,7644.0,677.0,1.06110976e+08,1.324032e+09,2013.49,29.0,28112.0,0.0,28111.0,28111.0,1.0,0.0,0.0
2026-03-30 18:09:42,57,980016.0,5.4221385e+07,2.116814e+07,0.0,0.0,0.0,84392.0,7671.0,679.0,1.06110976e+08,1.324032e+09,2021.03,30.0,28212.0,0.0,28211.0,28211.0,1.0,0.0,0.0
2026-03-30 18:09:55,57,983529.0,5.4413868e+07,2.1229588e+07,0.0,0.0,0.0,84689.0,7698.0,681.0,1.06110976e+08,1.324032e+09,2027.79,29.0,28311.0,0.0,28311.0,28311.0,1.0,0.0,0.0
2026-03-30 18:10:07,57,986963.0,5.4609018e+07,2.1328454e+07,0.0,0.0,0.0,84987.0,7726.0,684.0,1.06110976e+08,1.324032e+09,2034.6599999999999,30.0,28412.0,0.0,28411.0,28411.0,1.0,0.0,0.0
2026-03-30 18:10:19,57,990479.0,5.480153e+07,2.138987e+07,0.0,0.0,0.0,85287.0,7753.0,686.0,1.06110976e+08,1.324032e+09,2041.45,29.0,28513.0,0.0,28512.0,28512.0,1.0,0.0,0.0
2026-03-30 18:10:31,58,993847.0,5.4991404e+07,2.148339e+07,0.0,0.0,0.0,85582.0,7780.0,689.0,1.06242048e+08,1.324032e+09,2048.32,31.0,28612.0,0.0,28611.0,28611.0,1.0,0.0,0.0
2026-03-30 18:10:43,58,997375.0,5.5189294e+07,2.1547508e+07,0.0,0.0,0.0,85889.0,7808.0,691.0,1.06110976e+08,1.324032e+09,2055.87,30.0,28714.0,0.0,28713.0,28713.0,1.0,0.0,0.0
2026-03-30 18:10:56,58,1.000884e+06,5.538173e+07,2.1611626e+07,0.0,0.0,0.0,86185.0,7835.0,693.0,1.06110976e+08,1.324032e+09,2062.88,29.0,28813.0,0.0,28813.0,28813.0,1.0,0.0,0.0
2026-03-30 18:11:08,58,1.004319e+06,5.5574271e+07,2.1705114e+07,0.0,0.0,0.0,86484.0,7862.0,696.0,1.06110976e+08,1.324032e+09,2070.17,29.0,28913.0,0.0,28913.0,28913.0,1.0,0.0,0.0
2026-03-30 18:11:20,58,1.007757e+06,5.5764113e+07,2.1766562e+07,0.0,0.0,0.0,86781.0,7889.0,698.0,1.06110976e+08,1.324032e+09,2077.38,30.0,29014.0,0.0,29013.0,29013.0,1.0,0.0,0.0
2026-03-30 18:11:32,59,1.011276e+06,5.5953888e+07,2.1862758e+07,0.0,0.0,0.0,87080.0,7916.0,701.0,1.05979904e+08,1.324032e+09,2084.5,31.0,29114.0,0.0,29113.0,29113.0,1.0,0.0,0.0
2026-03-30 18:11:44,59,1.014714e+06,5.6146458e+07,2.1926908e+07,0.0,0.0,0.0,87378.0,7943.0,703.0,1.05979904e+08,1.324032e+09,2092.09,30.0,29214.0,0.0,29213.0,29213.0,1.0,0.0,0.0
2026-03-30 18:11:56,59,1.018182e+06,5.633897e+07,2.1991026e+07,0.0,0.0,0.0,87676.0,7970.0,705.0,1.06110976e+08,1.324032e+09,2099.3199999999997,30.0,29314.0,0.0,29313.0,29313.0,1.0,0.0,0.0
2026-03-30 18:12:09,59,1.02168e+06,5.6531453e+07,2.2081844e+07,0.0,0.0,0.0,87978.0,7997.0,708.0,1.0637312e+08,1.324032e+09,2106.59,30.0,29414.0,0.0,29413.0,29413.0,1.0,0.0,0.0
2026-03-30 18:12:21,59,1.025212e+06,5.6721208e+07,2.2143292e+07,0.0,0.0,0.0,88273.0,8024.0,710.0,1.0637312e+08,1.324032e+09,2113.76,31.0,29514.0,0.0,29513.0,29513.0,1.0,0.0,0.0
2026-03-30 18:12:33,60,1.028676e+06,5.6913688e+07,2.2239488e+07,0.0,0.0,0.0,88572.0,8051.0,713.0,1.0637312e+08,1.324032e+09,2121.4,35.0,29614.0,0.0,29613.0,29613.0,1.0,0.0,0.0
2026-03-30 18:12:45,60,1.030532e+06,5.7020652e+07,2.2268858e+07,0.0,0.0,0.0,88731.0,8066.0,714.0,1.06242048e+08,1.324032e+09,2125.17,29.0,29667.0,0.0,29667.0,29667.0,1.0,0.0,0.0
2026-03-30 18:12:57,60,1.032747e+06,5.7146335e+07,2.2300936e+07,0.0,0.0,0.0,88924.0,8084.0,715.0,1.06242048e+08,1.324032e+09,2129.96,30.0,29731.0,0.0,29730.0,29730.0,1.0,0.0,0.0
2026-03-30 18:13:09,60,1.036147e+06,5.7333533e+07,2.2397164e+07,0.0,0.0,0.0,89228.0,8111.0,718.0,1.06242048e+08,1.324032e+09,2137.34,29.0,29832.0,0.0,29832.0,29832.0,1.0,0.0,0.0
2026-03-30 18:13:22,60,1.039692e+06,5.75314e+07,2.2458612e+07,0.0,0.0,0.0,89531.0,8139.0,720.0,1.0702848e+08,1.324408832e+09,2144.16,29.0,29934.0,0.0,29933.0,29933.0,1.0,0.0,0.0
2026-03-30 18:13:34,61,1.043118e+06,5.772128e+07,2.2552132e+07,0.0,0.0,0.0,89831.0,8166.0,723.0,1.0702848e+08,1.324408832e+09,2151.11,31.0,30034.0,0.0,30033.0,30033.0,1.0,0.0,0.0
2026-03-30 18:13:46,61,1.04657e+06,5.7913792e+07,2.261358e+07,0.0,0.0,0.0,90126.0,8193.0,725.0,1.0702848e+08,1.324408832e+09,2158.44,30.0,30133.0,0.0,30132.0,30132.0,1.0,0.0,0.0
2026-03-30 18:13:58,61,1.049958e+06,5.810366e+07,2.2675028e+07,0.0,0.0,0.0,90420.0,8220.0,727.0,1.0702848e+08,1.324408832e+09,2165.2799999999997,31.0,30231.0,0.0,30230.0,30230.0,1.0,0.0,0.0
2026-03-30 18:14:10,61,1.053534e+06,5.8293429e+07,2.2771192e+07,0.0,0.0,0.0,90721.0,8247.0,730.0,1.0702848e+08,1.324408832e+09,2172.49,29.0,30332.0,0.0,30332.0,30332.0,1.0,0.0,0.0
2026-03-30 18:14:23,61,1.057042e+06,5.8483262e+07,2.2835342e+07,0.0,0.0,0.0,91023.0,8274.0,732.0,1.06897408e+08,1.324408832e+09,2179.75,29.0,30433.0,0.0,30433.0,30433.0,1.0,0.0,0.0
2026-03-30 18:14:35,62,1.060453e+06,5.8675826e+07,2.292616e+07,0.0,0.0,0.0,91318.0,8301.0,735.0,1.0702848e+08,1.324408832e+09,2186.59,31.0,30533.0,0.0,30532.0,30532.0,1.0,0.0,0.0
2026-03-30 18:14:47,62,1.063978e+06,5.8868274e+07,2.2990278e+07,0.0,0.0,0.0,91615.0,8328.0,737.0,1.0702848e+08,1.324408832e+09,2194.0899999999997,30.0,30632.0,0.0,30631.0,30631.0,1.0,0.0,0.0
2026-03-30 18:14:59,62,1.067407e+06,5.9058151e+07,2.3086474e+07,0.0,0.0,0.0,91916.0,8355.0,740.0,1.0702848e+08,1.324408832e+09,2201.5699999999997,34.0,30733.0,0.0,30732.0,30732.0,1.0,0.0,0.0
2026-03-30 18:15:11,62,1.070822e+06,5.9256032e+07,2.3150624e+07,0.0,0.0,0.0,92214.0,8383.0,742.0,1.0702848e+08,1.324408832e+09,2208.71,35.0,30833.0,0.0,30832.0,30832.0,1.0,0.0,0.0
2026-03-30 18:15:23,62,1.074147e+06,5.9443265e+07,2.321478e+07,0.0,0.0,0.0,92513.0,8410.0,744.0,1.0702848e+08,1.324408832e+09,2216.05,29.0,30933.0,0.0,30933.0,30933.0,1.0,0.0,0.0
2026-03-30 18:15:35,63,1.07771e+06,5.9633014e+07,2.3305598e+07,0.0,0.0,0.0,92812.0,8437.0,747.0,1.0702848e+08,1.324408832e+09,2222.98,29.0,31034.0,0.0,31033.0,31033.0,1.0,0.0,0.0
2026-03-30 18:15:47,63,1.081273e+06,5.9825459e+07,2.3369684e+07,0.0,0.0,0.0,93108.0,8464.0,749.0,1.0702848e+08,1.324408832e+09,2230.34,29.0,31132.0,0.0,31132.0,31132.0,1.0,0.0,0.0
2026-03-30 18:15:59,63,1.0846e+06,6.0015397e+07,2.3463204e+07,0.0,0.0,0.0,93407.0,8491.0,752.0,1.0702848e+08,1.324408832e+09,2237.19,29.0,31232.0,0.0,31232.0,31232.0,1.0,0.0,0.0
2026-03-30 18:16:11,63,1.088148e+06,6.0210524e+07,2.3524652e+07,0.0,0.0,0.0,93705.0,8518.0,754.0,1.0702848e+08,1.324408832e+09,2244.8,31.0,31332.0,0.0,31331.0,31331.0,1.0,0.0,0.0
2026-03-30 18:16:24,63,1.091589e+06,6.0408443e+07,2.35861e+07,0.0,0.0,0.0,94006.0,8546.0,756.0,1.0702848e+08,1.324408832e+09,2251.6200000000003,29.0,31433.0,0.0,31433.0,31433.0,1.0,0.0,0.0
2026-03-30 18:16:36,64,1.095096e+06,6.059823e+07,2.3679626e+07,0.0,0.0,0.0,94304.0,8573.0,759.0,1.07159552e+08,1.324408832e+09,2258.67,35.0,31533.0,0.0,31532.0,31532.0,1.0,0.0,0.0
2026-03-30 18:16:48,64,1.098563e+06,6.0788063e+07,2.3743776e+07,0.0,0.0,0.0,94602.0,8600.0,761.0,1.07290624e+08,1.324408832e+09,2265.91,29.0,31633.0,0.0,31633.0,31633.0,1.0,0.0,0.0
2026-03-30 18:17:00,64,1.102088e+06,6.0980502e+07,2.3834594e+07,0.0,0.0,0.0,94898.0,8627.0,764.0,1.07421696e+08,1.324408832e+09,2273.23,29.0,31732.0,0.0,31732.0,31732.0,1.0,0.0,0.0
2026-03-30 18:17:12,64,1.105715e+06,6.1172915e+07,2.3898712e+07,0.0,0.0,0.0,95198.0,8654.0,766.0,1.07421696e+08,1.324408832e+09,2280.41,29.0,31833.0,0.0,31833.0,31833.0,1.0,0.0,0.0
2026-03-30 18:17:25,65,1.109189e+06,6.1365485e+07,2.3992174e+07,0.0,0.0,0.0,95501.0,8681.0,769.0,1.07421696e+08,1.324408832e+09,2287.68,29.0,31934.0,0.0,31934.0,31934.0,1.0,0.0,0.0
2026-03-30 18:17:37,65,1.112697e+06,6.1557997e+07,2.4053616e+07,0.0,0.0,0.0,95798.0,8708.0,771.0,1.07421696e+08,1.324408832e+09,2294.85,29.0,32034.0,0.0,32034.0,32034.0,1.0,0.0,0.0
2026-03-30 18:17:49,65,1.116177e+06,6.1750451e+07,2.4115064e+07,0.0,0.0,0.0,96096.0,8735.0,773.0,1.07421696e+08,1.324408832e+09,2302.2799999999997,29.0,32134.0,0.0,32134.0,32134.0,1.0,0.0,0.0
2026-03-30 18:18:01,65,1.119548e+06,6.193762e+07,2.4211292e+07,0.0,0.0,0.0,96393.0,8762.0,776.0,1.07421696e+08,1.324408832e+09,2309.45,30.0,32234.0,0.0,32233.0,32233.0,1.0,0.0,0.0
2026-03-30 18:18:13,65,1.123147e+06,6.2132697e+07,2.4272708e+07,0.0,0.0,0.0,96689.0,8789.0,778.0,1.07421696e+08,1.324408832e+09,2316.26,31.0,32333.0,0.0,32332.0,32332.0,1.0,0.0,0.0
2026-03-30 18:18:25,66,1.126577e+06,6.2325209e+07,2.4363526e+07,0.0,0.0,0.0,96985.0,8816.0,781.0,1.07290624e+08,1.324408832e+09,2323.09,29.0,32432.0,0.0,32432.0,32432.0,1.0,0.0,0.0
2026-03-30 18:18:37,66,1.129971e+06,6.2525795e+07,2.4424974e+07,0.0,0.0,0.0,97284.0,8844.0,783.0,1.07290624e+08,1.324408832e+09,2330.2200000000003,30.0,32533.0,0.0,32532.0,32532.0,1.0,0.0,0.0
2026-03-30 18:18:50,66,1.133383e+06,6.2710291e+07,2.4486422e+07,0.0,0.0,0.0,97575.0,8870.0,785.0,1.0702848e+08,1.324408832e+09,2336.77,31.0,32632.0,0.0,32631.0,32631.0,1.0,0.0,0.0
2026-03-30 18:19:02,66,1.136827e+06,6.2908143e+07,2.4579942e+07,0.0,0.0,0.0,97879.0,8898.0,788.0,1.07159552e+08,1.324408832e+09,2344.45,29.0,32732.0,0.0,32732.0,32732.0,1.0,0.0,0.0
2026-03-30 18:19:14,66,1.140318e+06,6.3100655e+07,2.464406e+07,0.0,0.0,0.0,98179.0,8925.0,790.0,1.07159552e+08,1.324408832e+09,2351.8399999999997,29.0,32833.0,0.0,32833.0,32833.0,1.0,0.0,0.0
2026-03-30 18:19:26,67,1.143866e+06,6.3293144e+07,2.4740256e+07,0.0,0.0,0.0,98483.0,8953.0,793.0,1.07290624e+08,1.324408832e+09,2358.9199999999996,29.0,32934.0,0.0,32934.0,32934.0,1.0,0.0,0.0
2026-03-30 18:19:39,67,1.147248e+06,6.3480354e+07,2.4804412e+07,0.0,0.0,0.0,98782.0,8980.0,795.0,1.07290624e+08,1.324408832e+09,2366.12,35.0,33034.0,0.0,33033.0,33033.0,1.0,0.0,0.0
2026-03-30 18:19:51,67,1.150854e+06,6.367542e+07,2.486586e+07,0.0,0.0,0.0,99080.0,9007.0,797.0,1.07290624e+08,1.324408832e+09,2373.5699999999997,33.0,33134.0,0.0,33133.0,33133.0,1.0,0.0,0.0
2026-03-30 18:20:03,67,1.154199e+06,6.3865367e+07,2.4959348e+07,0.0,0.0,0.0,99379.0,9034.0,800.0,1.07290624e+08,1.324408832e+09,2380.84,30.0,33234.0,0.0,33233.0,33233.0,1.0,0.0,0.0
2026-03-30 18:20:15,67,1.157609e+06,6.4057867e+07,2.5023498e+07,0.0,0.0,0.0,99674.0,9061.0,802.0,1.07159552e+08,1.324408832e+09,2387.8900000000003,29.0,33333.0,0.0,33333.0,33333.0,1.0,0.0,0.0
2026-03-30 18:20:27,68,1.161123e+06,6.4255745e+07,2.5084914e+07,0.0,0.0,0.0,99972.0,9088.0,804.0,1.07290624e+08,1.324408832e+09,2395.04,29.0,33433.0,0.0,33433.0,33433.0,1.0,0.0,0.0
2026-03-30 18:20:39,68,1.164502e+06,6.4445564e+07,2.5175732e+07,0.0,0.0,0.0,100267.0,9115.0,807.0,1.07290624e+08,1.324408832e+09,2402.4100000000003,29.0,33533.0,0.0,33532.0,33532.0,1.0,0.0,0.0
2026-03-30 18:20:52,68,1.168041e+06,6.4638009e+07,2.523718e+07,0.0,0.0,0.0,100565.0,9142.0,809.0,1.0702848e+08,1.324408832e+09,2409.5099999999998,29.0,33632.0,0.0,33632.0,33632.0,1.0,0.0,0.0
2026-03-30 18:21:04,68,1.171433e+06,6.4830585e+07,2.5330642e+07,0.0,0.0,0.0,100863.0,9169.0,812.0,1.07159552e+08,1.324408832e+09,2416.56,29.0,33732.0,0.0,33732.0,33732.0,1.0,0.0,0.0
2026-03-30 18:21:16,68,1.174923e+06,6.5020357e+07,2.5394792e+07,0.0,0.0,0.0,101158.0,9196.0,814.0,1.07159552e+08,1.324408832e+09,2423.9700000000003,29.0,33832.0,0.0,33831.0,33831.0,1.0,0.0,0.0
2026-03-30 18:21:28,69,1.178396e+06,6.5212866e+07,2.545891e+07,0.0,0.0,0.0,101456.0,9223.0,816.0,1.0702848e+08,1.324408832e+09,2431.48,29.0,33931.0,0.0,33931.0,33931.0,1.0,0.0,0.0
2026-03-30 18:21:40,69,1.181787e+06,6.5400061e+07,2.5552436e+07,0.0,0.0,0.0,101753.0,9250.0,819.0,1.0702848e+08,1.324408832e+09,2438.88,29.0,34030.0,0.0,34030.0,34030.0,1.0,0.0,0.0
2026-03-30 18:21:52,69,1.185272e+06,6.5595188e+07,2.5616554e+07,0.0,0.0,0.0,102048.0,9277.0,821.0,1.0702848e+08,1.324408832e+09,2446.12,31.0,34129.0,0.0,34128.0,34128.0,1.0,0.0,0.0
2026-03-30 18:22:04,69,1.188765e+06,6.5785065e+07,2.5707372e+07,0.0,0.0,0.0,102350.0,9304.0,824.0,1.07159552e+08,1.324408832e+09,2453.8500000000004,29.0,34230.0,0.0,34230.0,34230.0,1.0,0.0,0.0
2026-03-30 18:22:16,69,1.192249e+06,6.5977565e+07,2.576882e+07,0.0,0.0,0.0,102648.0,9331.0,826.0,1.0702848e+08,1.324408832e+09,2460.86,29.0,34330.0,0.0,34330.0,34330.0,1.0,0.0,0.0
2026-03-30 18:22:29,70,1.195778e+06,6.6175423e+07,2.5830236e+07,0.0,0.0,0.0,102947.0,9358.0,828.0,1.0702848e+08,1.324408832e+09,2467.5699999999997,30.0,34431.0,0.0,34430.0,34430.0,1.0,0.0,0.0
2026-03-30 18:22:41,70,1.199267e+06,6.6367883e+07,2.5923762e+07,0.0,0.0,0.0,103249.0,9386.0,831.0,1.0702848e+08,1.324408832e+09,2474.82,29.0,34531.0,0.0,34531.0,34531.0,1.0,0.0,0.0
2026-03-30 18:22:53,70,1.20274e+06,6.6560424e+07,2.598521e+07,0.0,0.0,0.0,103547.0,9413.0,833.0,1.06897408e+08,1.324408832e+09,2481.85,29.0,34631.0,0.0,34631.0,34631.0,1.0,0.0,0.0
2026-03-30 18:23:05,70,1.206166e+06,6.675024e+07,2.6078736e+07,0.0,0.0,0.0,103846.0,9440.0,836.0,1.06897408e+08,1.324408832e+09,2488.9700000000003,30.0,34732.0,0.0,34731.0,34731.0,1.0,0.0,0.0
2026-03-30 18:23:18,70,1.209722e+06,6.6942743e+07,2.6140184e+07,0.0,0.0,0.0,104148.0,9467.0,838.0,1.06897408e+08,1.324408832e+09,2496.27,31.0,34833.0,0.0,34832.0,34832.0,1.0,0.0,0.0
2026-03-30 18:23:30,71,1.213215e+06,6.7140595e+07,2.6231002e+07,0.0,0.0,0.0,104448.0,9495.0,841.0,1.06897408e+08,1.324408832e+09,2502.79,31.0,34934.0,0.0,34933.0,34933.0,1.0,0.0,0.0
2026-03-30 18:23:42,71,1.216778e+06,6.7333034e+07,2.629512e+07,0.0,0.0,0.0,104745.0,9522.0,843.0,1.06897408e+08,1.324408832e+09,2509.91,35.0,35033.0,0.0,35032.0,35032.0,1.0,0.0,0.0
2026-03-30 18:23:54,71,1.220263e+06,6.7528196e+07,2.6359238e+07,0.0,0.0,0.0,105043.0,9549.0,845.0,1.0702848e+08,1.324408832e+09,2516.96,29.0,35133.0,0.0,35133.0,35133.0,1.0,0.0,0.0
2026-03-30 18:24:06,71,1.223676e+06,6.77154e+07,2.6452732e+07,0.0,0.0,0.0,105341.0,9576.0,848.0,1.0702848e+08,1.324408832e+09,2524.28,29.0,35233.0,0.0,35233.0,35233.0,1.0,0.0,0.0
2026-03-30 18:24:19,71,1.22712e+06,6.7907868e+07,2.6516882e+07,0.0,0.0,0.0,105636.0,9603.0,850.0,1.0702848e+08,1.324408832e+09,2531.75,31.0,35333.0,0.0,35332.0,35332.0,1.0,0.0,0.0
2026-03-30 18:24:31,72,1.230622e+06,6.810305e+07,2.6581e+07,0.0,0.0,0.0,105934.0,9630.0,852.0,1.0702848e+08,1.324408832e+09,2539.15,29.0,35433.0,0.0,35432.0,35432.0,1.0,0.0,0.0
2026-03-30 18:24:43,72,1.234034e+06,6.8292866e+07,2.6671818e+07,0.0,0.0,0.0,106229.0,9657.0,855.0,1.06897408e+08,1.324408832e+09,2546.13,29.0,35531.0,0.0,35531.0,35531.0,1.0,0.0,0.0
2026-03-30 18:24:55,72,1.237486e+06,6.8485416e+07,2.6733266e+07,0.0,0.0,0.0,106527.0,9684.0,857.0,1.06897408e+08,1.324408832e+09,2553.3399999999997,29.0,35631.0,0.0,35631.0,35631.0,1.0,0.0,0.0
2026-03-30 18:25:07,72,1.240981e+06,6.8677937e+07,2.682676e+07,0.0,0.0,0.0,106829.0,9711.0,860.0,1.06897408e+08,1.324408832e+09,2560.75,35.0,35732.0,0.0,35731.0,35731.0,1.0,0.0,0.0
2026-03-30 18:25:19,72,1.244461e+06,6.8867738e+07,2.689091e+07,0.0,0.0,0.0,107125.0,9738.0,862.0,1.06897408e+08,1.324408832e+09,2568.1299999999997,30.0,35832.0,0.0,35831.0,35831.0,1.0,0.0,0.0
2026-03-30 18:25:31,73,1.247924e+06,6.9068289e+07,2.698443e+07,0.0,0.0,0.0,107426.0,9766.0,865.0,1.06897408e+08,1.324408832e+09,2575.19,29.0,35933.0,0.0,35933.0,35933.0,1.0,0.0,0.0
2026-03-30 18:25:44,73,1.251528e+06,6.9258061e+07,2.7048548e+07,0.0,0.0,0.0,107731.0,9793.0,867.0,1.06897408e+08,1.324408832e+09,2582.3900000000003,33.0,36035.0,0.0,36034.0,36034.0,1.0,0.0,0.0
2026-03-30 18:25:56,73,1.255024e+06,6.9450567e+07,2.7109996e+07,0.0,0.0,0.0,108028.0,9820.0,869.0,1.06897408e+08,1.324408832e+09,2589.65,33.0,36135.0,0.0,36134.0,36134.0,1.0,0.0,0.0
2026-03-30 18:26:08,73,1.25856e+06,6.9645679e+07,2.720616e+07,0.0,0.0,0.0,108328.0,9848.0,872.0,1.06897408e+08,1.324408832e+09,2596.8900000000003,29.0,36236.0,0.0,36235.0,36235.0,1.0,0.0,0.0
2026-03-30 18:26:20,73,1.262008e+06,6.983822e+07,2.727031e+07,0.0,0.0,0.0,108629.0,9875.0,874.0,1.06897408e+08,1.324408832e+09,2603.89,29.0,36336.0,0.0,36336.0,36336.0,1.0,0.0,0.0
2026-03-30 18:26:32,74,1.26553e+06,7.0033379e+07,2.736116e+07,0.0,0.0,0.0,108933.0,9903.0,877.0,1.07159552e+08,1.324408832e+09,2611.0699999999997,29.0,36437.0,0.0,36437.0,36437.0,1.0,0.0,0.0
2026-03-30 18:26:45,74,1.268922e+06,7.0225949e+07,2.742531e+07,0.0,0.0,0.0,109231.0,9930.0,879.0,1.0702848e+08,1.324408832e+09,2617.8199999999997,29.0,36537.0,0.0,36537.0,36537.0,1.0,0.0,0.0
2026-03-30 18:26:57,74,1.272453e+06,7.0418388e+07,2.7489428e+07,0.0,0.0,0.0,109528.0,9957.0,881.0,1.0702848e+08,1.324408832e+09,2625.22,30.0,36637.0,0.0,36636.0,36636.0,1.0,0.0,0.0
2026-03-30 18:27:09,74,1.275966e+06,7.0608201e+07,2.7582922e+07,0.0,0.0,0.0,109826.0,9984.0,884.0,1.07159552e+08,1.324408832e+09,2632.37,29.0,36737.0,0.0,36737.0,36737.0,1.0,0.0,0.0
2026-03-30 18:27:21,74,1.279443e+06,7.0800672e+07,2.7647072e+07,0.0,0.0,0.0,110124.0,10011.0,886.0,1.07159552e+08,1.324408832e+09,2640.14,29.0,36837.0,0.0,36837.0,36837.0,1.0,0.0,0.0
2026-03-30 18:27:33,75,1.282878e+06,7.0995927e+07,2.773789e+07,0.0,0.0,0.0,110425.0,10038.0,889.0,1.07159552e+08,1.324408832e+09,2647.04,30.0,36938.0,0.0,36937.0,36937.0,1.0,0.0,0.0
2026-03-30 18:27:45,75,1.286321e+06,7.1185798e+07,2.7799338e+07,0.0,0.0,0.0,110724.0,10065.0,891.0,1.07290624e+08,1.324408832e+09,2654.39,29.0,37038.0,0.0,37038.0,37038.0,1.0,0.0,0.0
2026-03-30 18:27:57,75,1.289679e+06,7.1386448e+07,2.7863488e+07,0.0,0.0,0.0,111024.0,10093.0,893.0,1.07290624e+08,1.324408832e+09,2661.75,35.0,37140.0,0.0,37139.0,37139.0,1.0,0.0,0.0
2026-03-30 18:28:09,75,1.293077e+06,7.157095e+07,2.7956976e+07,0.0,0.0,0.0,111320.0,10119.0,896.0,1.07290624e+08,1.324408832e+09,2669.07,30.0,37239.0,0.0,37238.0,37238.0,1.0,0.0,0.0
2026-03-30 18:28:21,75,1.296463e+06,7.1763488e+07,2.8021094e+07,0.0,0.0,0.0,111613.0,10146.0,898.0,1.07159552e+08,1.324408832e+09,2675.84,29.0,37337.0,0.0,37337.0,37337.0,1.0,0.0,0.0
2026-03-30 18:28:33,76,1.299963e+06,7.1955968e+07,2.8082542e+07,0.0,0.0,0.0,111911.0,10173.0,900.0,1.07159552e+08,1.324408832e+09,2682.59,35.0,37437.0,0.0,37436.0,37436.0,1.0,0.0,0.0
2026-03-30 18:28:46,76,1.303498e+06,7.2143032e+07,2.8178706e+07,0.0,0.0,0.0,112205.0,10200.0,903.0,1.07159552e+08,1.324408832e+09,2689.42,35.0,37536.0,0.0,37535.0,37535.0,1.0,0.0,0.0
2026-03-30 18:28:58,76,1.30695e+06,7.2335509e+07,2.8242856e+07,0.0,0.0,0.0,112500.0,10227.0,905.0,1.07159552e+08,1.324408832e+09,2696.5099999999998,30.0,37635.0,0.0,37634.0,37634.0,1.0,0.0,0.0
2026-03-30 18:29:10,76,1.310463e+06,7.2527977e+07,2.8333642e+07,0.0,0.0,0.0,112797.0,10254.0,908.0,1.07159552e+08,1.324408832e+09,2703.58,29.0,37734.0,0.0,37734.0,37734.0,1.0,0.0,0.0
2026-03-30 18:29:22,76,1.313995e+06,7.2712371e+07,2.839509e+07,0.0,0.0,0.0,113090.0,10280.0,910.0,1.07159552e+08,1.324408832e+09,2710.3,31.0,37833.0,0.0,37832.0,37832.0,1.0,0.0,0.0
2026-03-30 18:29:34,77,1.317457e+06,7.2912989e+07,2.8456538e+07,0.0,0.0,0.0,113395.0,10308.0,912.0,1.07290624e+08,1.324408832e+09,2717.2000000000003,35.0,37935.0,0.0,37934.0,37934.0,1.0,0.0,0.0
2026-03-30 18:29:46,77,1.32095e+06,7.3102784e+07,2.8552702e+07,0.0,0.0,0.0,113692.0,10335.0,915.0,1.07290624e+08,1.324408832e+09,2724.39,29.0,38034.0,0.0,38034.0,38034.0,1.0,0.0,0.0
2026-03-30 18:29:58,77,1.324421e+06,7.3295325e+07,2.8614118e+07,0.0,0.0,0.0,113989.0,10362.0,917.0,1.07159552e+08,1.324408832e+09,2731.71,29.0,38134.0,0.0,38134.0,38134.0,1.0,0.0,0.0
2026-03-30 18:30:10,77,1.327955e+06,7.3493139e+07,2.8707638e+07,0.0,0.0,0.0,114291.0,10390.0,920.0,1.07159552e+08,1.324408832e+09,2739.4500000000003,30.0,38236.0,0.0,38235.0,38235.0,1.0,0.0,0.0
2026-03-30 18:30:23,77,1.331482e+06,7.3685596e+07,2.8771756e+07,0.0,0.0,0.0,114588.0,10417.0,922.0,1.07159552e+08,1.324408832e+09,2746.42,29.0,38335.0,0.0,38335.0,38335.0,1.0,0.0,0.0
2026-03-30 18:30:35,78,1.334946e+06,7.3878128e+07,2.8833204e+07,0.0,0.0,0.0,114888.0,10444.0,924.0,1.0702848e+08,1.324408832e+09,2753.49,35.0,38436.0,0.0,38435.0,38435.0,1.0,0.0,0.0
2026-03-30 18:30:47,78,1.338357e+06,7.4065265e+07,2.89294e+07,0.0,0.0,0.0,115182.0,10471.0,927.0,1.0702848e+08,1.324408832e+09,2760.32,29.0,38534.0,0.0,38534.0,38534.0,1.0,0.0,0.0
2026-03-30 18:30:59,78,1.34194e+06,7.4260392e+07,2.8993518e+07,0.0,0.0,0.0,115482.0,10498.0,929.0,1.0702848e+08,1.324408832e+09,2767.8999999999996,29.0,38635.0,0.0,38635.0,38635.0,1.0,0.0,0.0
2026-03-30 18:31:11,78,1.345407e+06,7.4450199e+07,2.9084336e+07,0.0,0.0,0.0,115778.0,10525.0,932.0,1.0702848e+08,1.324408832e+09,2775.1099999999997,29.0,38735.0,0.0,38734.0,38734.0,1.0,0.0,0.0
2026-03-30 18:31:23,78,1.348932e+06,7.4642638e+07,2.9145784e+07,0.0,0.0,0.0,116073.0,10552.0,934.0,1.0702848e+08,1.324408832e+09,2781.7000000000003,30.0,38834.0,0.0,38833.0,38833.0,1.0,0.0,0.0
2026-03-30 18:31:35,79,1.35246e+06,7.4837852e+07,2.92072e+07,0.0,0.0,0.0,116373.0,10579.0,936.0,1.0702848e+08,1.324408832e+09,2788.81,30.0,38935.0,0.0,38934.0,38934.0,1.0,0.0,0.0
2026-03-30 18:31:48,79,1.355973e+06,7.5024963e+07,2.9303396e+07,0.0,0.0,0.0,116671.0,10606.0,939.0,1.06897408e+08,1.324408832e+09,2795.9900000000002,30.0,39034.0,0.0,39033.0,39033.0,1.0,0.0,0.0
2026-03-30 18:32:00,79,1.359508e+06,7.5217373e+07,2.9364844e+07,0.0,0.0,0.0,116967.0,10633.0,941.0,1.06897408e+08,1.324408832e+09,2803.22,29.0,39134.0,0.0,39133.0,39133.0,1.0,0.0,0.0
2026-03-30 18:32:12,79,1.362941e+06,7.5407253e+07,2.9458332e+07,0.0,0.0,0.0,117266.0,10660.0,944.0,1.0702848e+08,1.324408832e+09,2810.17,29.0,39233.0,0.0,39233.0,39233.0,1.0,0.0,0.0
2026-03-30 18:32:24,79,1.366525e+06,7.5599689e+07,2.951978e+07,0.0,0.0,0.0,117566.0,10687.0,946.0,1.0702848e+08,1.324408832e+09,2817.25,30.0,39334.0,0.0,39333.0,39333.0,1.0,0.0,0.0
2026-03-30 18:32:36,80,1.370012e+06,7.5800226e+07,2.9583866e+07,0.0,0.0,0.0,117865.0,10715.0,948.0,1.06897408e+08,1.324408832e+09,2824.1499999999996,29.0,39434.0,0.0,39434.0,39434.0,1.0,0.0,0.0
2026-03-30 18:32:49,80,1.373366e+06,7.5992822e+07,2.9677386e+07,0.0,0.0,0.0,118163.0,10742.0,951.0,1.06897408e+08,1.324408832e+09,2831.42,30.0,39535.0,0.0,39534.0,39534.0,1.0,0.0,0.0
2026-03-30 18:33:01,80,1.376814e+06,7.6185392e+07,2.9741504e+07,0.0,0.0,0.0,118461.0,10769.0,953.0,1.06897408e+08,1.324408832e+09,2838.36,29.0,39634.0,0.0,39634.0,39634.0,1.0,0.0,0.0
2026-03-30 18:33:13,80,1.380255e+06,7.6377881e+07,2.9805622e+07,0.0,0.0,0.0,118758.0,10796.0,955.0,1.06897408e+08,1.324408832e+09,2845.96,30.0,39735.0,0.0,39734.0,39734.0,1.0,0.0,0.0
2026-03-30 18:33:25,81,1.383818e+06,7.6567682e+07,2.9899148e+07,0.0,0.0,0.0,119060.0,10823.0,958.0,1.0702848e+08,1.324408832e+09,2853.0800000000004,29.0,39835.0,0.0,39835.0,39835.0,1.0,0.0,0.0
2026-03-30 18:33:37,81,1.387237e+06,7.6765575e+07,2.9963266e+07,0.0,0.0,0.0,119361.0,10851.0,960.0,1.0702848e+08,1.324408832e+09,2860.86,30.0,39937.0,0.0,39936.0,39936.0,1.0,0.0,0.0
2026-03-30 18:33:49,81,1.390604e+06,7.69501e+07,3.0054116e+07,0.0,0.0,0.0,119657.0,10877.0,963.0,1.0702848e+08,1.324408832e+09,2868.37,29.0,40035.0,0.0,40035.0,40035.0,1.0,0.0,0.0
2026-03-30 18:34:01,81,1.394121e+06,7.7142539e+07,3.0118234e+07,0.0,0.0,0.0,119955.0,10904.0,965.0,1.0702848e+08,1.324408832e+09,2875.3999999999996,29.0,40136.0,0.0,40135.0,40135.0,1.0,0.0,0.0
2026-03-30 18:34:14,81,1.397541e+06,7.7340493e+07,3.0214398e+07,0.0,0.0,0.0,120254.0,10932.0,968.0,1.06897408e+08,1.324408832e+09,2882.6,31.0,40237.0,0.0,40236.0,40236.0,1.0,0.0,0.0
2026-03-30 18:34:26,82,1.40102e+06,7.7535742e+07,3.0275846e+07,0.0,0.0,0.0,120560.0,10960.0,970.0,1.06897408e+08,1.324408832e+09,2889.86,30.0,40338.0,0.0,40337.0,40337.0,1.0,0.0,0.0
2026-03-30 18:34:38,82,1.404501e+06,7.7720206e+07,3.0337294e+07,0.0,0.0,0.0,120854.0,10986.0,972.0,1.06897408e+08,1.324408832e+09,2896.74,30.0,40437.0,0.0,40436.0,40436.0,1.0,0.0,0.0
2026-03-30 18:34:50,82,1.408041e+06,7.7912677e+07,3.0430756e+07,0.0,0.0,0.0,121153.0,11013.0,975.0,1.06897408e+08,1.324408832e+09,2903.63,29.0,40536.0,0.0,40536.0,40536.0,1.0,0.0,0.0
2026-03-30 18:35:03,82,1.411521e+06,7.8105157e+07,3.0492204e+07,0.0,0.0,0.0,121451.0,11040.0,977.0,1.06897408e+08,1.324408832e+09,2911.35,29.0,40637.0,0.0,40636.0,40636.0,1.0,0.0,0.0
2026-03-30 18:35:15,82,1.415154e+06,7.8302907e+07,3.0583022e+07,0.0,0.0,0.0,121752.0,11068.0,980.0,1.0702848e+08,1.324408832e+09,2918.4,30.0,40738.0,0.0,40737.0,40737.0,1.0,0.0,0.0
2026-03-30 18:35:27,83,1.418743e+06,7.8495352e+07,3.064447e+07,0.0,0.0,0.0,122053.0,11095.0,982.0,1.0702848e+08,1.324408832e+09,2925.52,30.0,40839.0,0.0,40838.0,40838.0,1.0,0.0,0.0
2026-03-30 18:35:39,83,1.422197e+06,7.8687829e+07,3.0708588e+07,0.0,0.0,0.0,122350.0,11122.0,984.0,1.0702848e+08,1.324408832e+09,2932.48,29.0,40938.0,0.0,40938.0,40938.0,1.0,0.0,0.0
2026-03-30 18:35:52,83,1.425694e+06,7.888569e+07,3.0804784e+07,0.0,0.0,0.0,122654.0,11150.0,987.0,1.0702848e+08,1.324408832e+09,2939.6400000000003,29.0,41041.0,0.0,41040.0,41040.0,1.0,0.0,0.0
2026-03-30 18:36:04,83,1.429195e+06,7.9078199e+07,3.08662e+07,0.0,0.0,0.0,122949.0,11177.0,989.0,1.0702848e+08,1.324408832e+09,2947.07,29.0,41139.0,0.0,41139.0,41139.0,1.0,0.0,0.0
2026-03-30 18:36:16,83,1.43263e+06,7.9267994e+07,3.095972e+07,0.0,0.0,0.0,123245.0,11204.0,992.0,1.0702848e+08,1.324408832e+09,2954.37,29.0,41238.0,0.0,41238.0,41238.0,1.0,0.0,0.0
2026-03-30 18:36:28,84,1.436194e+06,7.9463144e+07,3.1021136e+07,0.0,0.0,0.0,123543.0,11231.0,994.0,1.07159552e+08,1.324408832e+09,2961.17,31.0,41338.0,0.0,41337.0,41337.0,1.0,0.0,0.0
2026-03-30 18:36:40,84,1.439581e+06,7.9655685e+07,3.1082616e+07,0.0,0.0,0.0,123840.0,11258.0,996.0,1.07159552e+08,1.324408832e+09,2968.45,29.0,41439.0,0.0,41438.0,41438.0,1.0,0.0,0.0
2026-03-30 18:36:52,84,1.44316e+06,7.9845416e+07,3.117878e+07,0.0,0.0,0.0,124139.0,11285.0,999.0,1.0702848e+08,1.324408832e+09,2975.39,29.0,41538.0,0.0,41538.0,41538.0,1.0,0.0,0.0
2026-03-30 18:37:05,84,1.446486e+06,8.0043326e+07,3.1237552e+07,0.0,0.0,0.0,124433.0,11312.0,1001.0,1.0702848e+08,1.324408832e+09,2982.58,29.0,41637.0,0.0,41637.0,41637.0,1.0,0.0,0.0
2026-03-30 18:37:17,84,1.449953e+06,8.0227825e+07,3.130167e+07,0.0,0.0,0.0,124729.0,11338.0,1003.0,1.0702848e+08,1.324408832e+09,2989.45,29.0,41736.0,0.0,41736.0,41736.0,1.0,0.0,0.0
2026-03-30 18:37:29,85,1.453447e+06,8.0422949e+07,3.1400536e+07,0.0,0.0,0.0,125029.0,11366.0,1006.0,1.0702848e+08,1.324408832e+09,2996.75,33.0,41837.0,0.0,41836.0,41836.0,1.0,0.0,0.0
2026-03-30 18:37:41,85,1.457039e+06,8.0615423e+07,3.1461952e+07,0.0,0.0,0.0,125330.0,11393.0,1008.0,1.0702848e+08,1.324408832e+09,3004.5299999999997,35.0,41938.0,0.0,41937.0,41937.0,1.0,0.0,0.0
2026-03-30 18:37:53,85,1.460541e+06,8.0813275e+07,3.1555472e+07,0.0,0.0,0.0,125634.0,11421.0,1011.0,1.06897408e+08,1.324408832e+09,3011.78,33.0,42040.0,0.0,42039.0,42039.0,1.0,0.0,0.0
2026-03-30 18:38:06,85,1.463982e+06,8.1008524e+07,3.161692e+07,0.0,0.0,0.0,125935.0,11448.0,1013.0,1.06897408e+08,1.324408832e+09,3018.76,29.0,42141.0,0.0,42141.0,42141.0,1.0,0.0,0.0
2026-03-30 18:38:18,85,1.467447e+06,8.1201039e+07,3.1678368e+07,0.0,0.0,0.0,126233.0,11475.0,1015.0,1.06766336e+08,1.324408832e+09,3026.38,29.0,42242.0,0.0,42241.0,42241.0,1.0,0.0,0.0
2026-03-30 18:38:30,86,1.470978e+06,8.1390834e+07,3.1774532e+07,0.0,0.0,0.0,126533.0,11502.0,1018.0,1.0702848e+08,1.324408832e+09,3033.2599999999998,30.0,42342.0,0.0,42341.0,42341.0,1.0,0.0,0.0
2026-03-30 18:38:42,86,1.474472e+06,8.1583352e+07,3.183598e+07,0.0,0.0,0.0,126830.0,11529.0,1020.0,1.0702848e+08,1.324408832e+09,3040.36,29.0,42441.0,0.0,42441.0,42441.0,1.0,0.0,0.0
2026-03-30 18:38:54,86,1.478009e+06,8.1781131e+07,3.19295e+07,0.0,0.0,0.0,127130.0,11557.0,1023.0,1.0702848e+08,1.324408832e+09,3047.71,29.0,42542.0,0.0,42542.0,42542.0,1.0,0.0,0.0
2026-03-30 18:39:07,86,1.481451e+06,8.1973672e+07,3.1990948e+07,0.0,0.0,0.0,127426.0,11584.0,1025.0,1.0702848e+08,1.324408832e+09,3054.79,30.0,42642.0,0.0,42641.0,42641.0,1.0,0.0,0.0
2026-03-30 18:39:19,86,1.484924e+06,8.2163508e+07,3.2087144e+07,0.0,0.0,0.0,127726.0,11611.0,1028.0,1.0702848e+08,1.324408832e+09,3061.9500000000003,29.0,42742.0,0.0,42742.0,42742.0,1.0,0.0,0.0
2026-03-30 18:39:31,87,1.488264e+06,8.2353414e+07,3.2148624e+07,0.0,0.0,0.0,128023.0,11638.0,1030.0,1.0702848e+08,1.324408832e+09,3069.06,35.0,42842.0,0.0,42841.0,42841.0,1.0,0.0,0.0
2026-03-30 18:39:43,87,1.491779e+06,8.2545821e+07,3.2212742e+07,0.0,0.0,0.0,128318.0,11665.0,1032.0,1.0702848e+08,1.324408832e+09,3076.21,31.0,42942.0,0.0,42941.0,42941.0,1.0,0.0,0.0
2026-03-30 18:39:55,87,1.495154e+06,8.2733051e+07,3.2308938e+07,0.0,0.0,0.0,128617.0,11692.0,1035.0,1.0702848e+08,1.324408832e+09,3083.54,31.0,43042.0,0.0,43041.0,43041.0,1.0,0.0,0.0
2026-03-30 18:40:07,87,1.498647e+06,8.292556e+07,3.2373056e+07,0.0,0.0,0.0,128915.0,11719.0,1037.0,1.0702848e+08,1.324408832e+09,3091.1099999999997,29.0,43141.0,0.0,43141.0,43141.0,1.0,0.0,0.0
2026-03-30 18:40:19,87,1.502076e+06,8.3120739e+07,3.2434472e+07,0.0,0.0,0.0,129207.0,11746.0,1039.0,1.0702848e+08,1.324408832e+09,3098.25,29.0,43239.0,0.0,43239.0,43239.0,1.0,0.0,0.0
2026-03-30 18:40:31,88,1.505473e+06,8.3310648e+07,3.252529e+07,0.0,0.0,0.0,129508.0,11773.0,1042.0,1.07159552e+08,1.324408832e+09,3105.71,30.0,43341.0,0.0,43340.0,43340.0,1.0,0.0,0.0
2026-03-30 18:40:44,88,1.509033e+06,8.3505798e+07,3.2586738e+07,0.0,0.0,0.0,129807.0,11800.0,1044.0,1.07159552e+08,1.324408832e+09,3112.85,30.0,43441.0,0.0,43440.0,43440.0,1.0,0.0,0.0
2026-03-30 18:40:56,88,1.512313e+06,8.3695736e+07,3.2680264e+07,0.0,0.0,0.0,130103.0,11827.0,1047.0,1.07159552e+08,1.324408832e+09,3119.85,29.0,43539.0,0.0,43539.0,43539.0,1.0,0.0,0.0
2026-03-30 18:41:08,88,1.515788e+06,8.3882885e+07,3.274442e+07,0.0,0.0,0.0,130404.0,11854.0,1049.0,1.07159552e+08,1.324408832e+09,3126.9500000000003,29.0,43639.0,0.0,43639.0,43639.0,1.0,0.0,0.0
2026-03-30 18:41:20,88,1.519231e+06,8.4075406e+07,3.2835238e+07,0.0,0.0,0.0,130700.0,11881.0,1052.0,1.0702848e+08,1.324408832e+09,3133.81,29.0,43739.0,0.0,43738.0,43738.0,1.0,0.0,0.0
2026-03-30 18:41:32,89,1.522835e+06,8.4273182e+07,3.2896686e+07,0.0,0.0,0.0,131000.0,11909.0,1054.0,1.0702848e+08,1.324408832e+09,3141.17,29.0,43839.0,0.0,43839.0,43839.0,1.0,0.0,0.0
2026-03-30 18:41:44,89,1.526412e+06,8.4468341e+07,3.2958102e+07,0.0,0.0,0.0,131298.0,11936.0,1056.0,1.07159552e+08,1.324408832e+09,3148.28,30.0,43940.0,0.0,43939.0,43939.0,1.0,0.0,0.0
2026-03-30 18:41:57,89,1.529873e+06,8.4655472e+07,3.305433e+07,0.0,0.0,0.0,131596.0,11963.0,1059.0,1.07159552e+08,1.324408832e+09,3155.48,30.0,44039.0,0.0,44038.0,44038.0,1.0,0.0,0.0
2026-03-30 18:42:09,89,1.533442e+06,8.4847917e+07,3.3115746e+07,0.0,0.0,0.0,131894.0,11990.0,1061.0,1.07159552e+08,1.324408832e+09,3162.67,31.0,44140.0,0.0,44139.0,44139.0,1.0,0.0,0.0
2026-03-30 18:42:21,89,1.536833e+06,8.5037794e+07,3.3209266e+07,0.0,0.0,0.0,132192.0,12017.0,1064.0,1.0702848e+08,1.324408832e+09,3169.41,35.0,44239.0,0.0,44238.0,44238.0,1.0,0.0,0.0
2026-03-30 18:42:33,90,1.54034e+06,8.5230289e+07,3.3270714e+07,0.0,0.0,0.0,132492.0,12044.0,1066.0,1.06897408e+08,1.324408832e+09,3176.58,29.0,44339.0,0.0,44339.0,44339.0,1.0,0.0,0.0
2026-03-30 18:42:45,90,1.543897e+06,8.5420058e+07,3.3364208e+07,0.0,0.0,0.0,132791.0,12071.0,1069.0,1.06897408e+08,1.324408832e+09,3184.08,31.0,44440.0,0.0,44439.0,44439.0,1.0,0.0,0.0
2026-03-30 18:42:57,90,1.545126e+06,8.548956e+07,3.3364208e+07,0.0,0.0,0.0,132893.0,12081.0,1069.0,1.06897408e+08,1.324408832e+09,3186.25,29.0,44474.0,0.0,44474.0,44474.0,1.0,0.0,0.0
2026-03-30 18:43:10,90,1.547969e+06,8.5649991e+07,3.3457734e+07,0.0,0.0,0.0,133145.0,12104.0,1072.0,1.06897408e+08,1.324408832e+09,3192.49,35.0,44558.0,0.0,44557.0,44557.0,1.0,0.0,0.0
2026-03-30 18:43:22,90,1.551465e+06,8.5839789e+07,3.3519182e+07,0.0,0.0,0.0,133441.0,12131.0,1074.0,1.0702848e+08,1.324408832e+09,3199.7200000000003,29.0,44658.0,0.0,44657.0,44657.0,1.0,0.0,0.0
2026-03-30 18:43:34,91,1.555038e+06,8.6034986e+07,3.35833e+07,0.0,0.0,0.0,133748.0,12158.0,1076.0,1.0702848e+08,1.324408832e+09,3207.32,29.0,44760.0,0.0,44760.0,44760.0,1.0,0.0,0.0
2026-03-30 18:43:46,91,1.558531e+06,8.6230165e+07,3.3676826e+07,0.0,0.0,0.0,134049.0,12186.0,1079.0,1.0702848e+08,1.324408832e+09,3214.59,31.0,44862.0,0.0,44861.0,44861.0,1.0,0.0,0.0
2026-03-30 18:43:59,91,1.562066e+06,8.642537e+07,3.3738242e+07,0.0,0.0,0.0,134354.0,12213.0,1081.0,1.0702848e+08,1.324408832e+09,3221.95,31.0,44963.0,0.0,44962.0,44962.0,1.0,0.0,0.0
2026-03-30 18:44:11,91,1.565574e+06,8.6623184e+07,3.382906e+07,0.0,0.0,0.0,134652.0,12241.0,1084.0,1.0702848e+08,1.324408832e+09,3229.69,31.0,45064.0,0.0,45063.0,45063.0,1.0,0.0,0.0
2026-03-30 18:44:23,91,1.568864e+06,8.6815882e+07,3.389321e+07,0.0,0.0,0.0,134950.0,12268.0,1086.0,1.0702848e+08,1.324408832e+09,3237.36,30.0,45164.0,0.0,45163.0,45163.0,1.0,0.0,0.0
2026-03-30 18:44:36,92,1.572253e+06,8.7008435e+07,3.3957328e+07,0.0,0.0,0.0,135248.0,12295.0,1088.0,1.0702848e+08,1.324408832e+09,3244.79,33.0,45264.0,0.0,45263.0,45263.0,1.0,0.0,0.0
2026-03-30 18:44:48,92,1.57579e+06,8.7198306e+07,3.4048146e+07,0.0,0.0,0.0,135553.0,12322.0,1091.0,1.0702848e+08,1.324408832e+09,3252.3500000000004,35.0,45366.0,0.0,45365.0,45365.0,1.0,0.0,0.0
2026-03-30 18:45:00,92,1.579395e+06,8.7401475e+07,3.4112264e+07,0.0,0.0,0.0,135860.0,12350.0,1093.0,1.0702848e+08,1.324408832e+09,3259.95,29.0,45469.0,0.0,45469.0,45469.0,1.0,0.0,0.0
2026-03-30 18:45:13,92,1.582824e+06,8.7594016e+07,3.4208492e+07,0.0,0.0,0.0,136163.0,12378.0,1096.0,1.0702848e+08,1.324408832e+09,3267.43,29.0,45570.0,0.0,45570.0,45570.0,1.0,0.0,0.0
2026-03-30 18:45:25,93,1.586256e+06,8.7786566e+07,3.427261e+07,0.0,0.0,0.0,136461.0,12405.0,1098.0,1.0702848e+08,1.324408832e+09,3274.83,31.0,45671.0,0.0,45670.0,45670.0,1.0,0.0,0.0
2026-03-30 18:45:37,93,1.589825e+06,8.7984377e+07,3.4363428e+07,0.0,0.0,0.0,136763.0,12433.0,1101.0,1.0702848e+08,1.324408832e+09,3282.03,29.0,45771.0,0.0,45771.0,45771.0,1.0,0.0,0.0
2026-03-30 18:45:49,93,1.593449e+06,8.8179489e+07,3.4424844e+07,0.0,0.0,0.0,137061.0,12460.0,1103.0,1.06897408e+08,1.324408832e+09,3289.19,29.0,45871.0,0.0,45871.0,45871.0,1.0,0.0,0.0
2026-03-30 18:46:01,93,1.597007e+06,8.8372027e+07,3.4486292e+07,0.0,0.0,0.0,137367.0,12487.0,1105.0,1.0702848e+08,1.324408832e+09,3297.23,29.0,45974.0,0.0,45974.0,45974.0,1.0,0.0,0.0
2026-03-30 18:46:14,93,1.600425e+06,8.8569891e+07,3.457978e+07,0.0,0.0,0.0,137667.0,12515.0,1108.0,1.0702848e+08,1.324408832e+09,3304.7799999999997,29.0,46076.0,0.0,46075.0,46075.0,1.0,0.0,0.0
2026-03-30 18:46:26,94,1.603901e+06,8.8762374e+07,3.4641228e+07,0.0,0.0,0.0,137966.0,12542.0,1110.0,1.0702848e+08,1.324408832e+09,3312.25,31.0,46175.0,0.0,46174.0,46174.0,1.0,0.0,0.0
2026-03-30 18:46:38,94,1.607278e+06,8.8952312e+07,3.4734748e+07,0.0,0.0,0.0,138265.0,12569.0,1113.0,1.0702848e+08,1.324408832e+09,3319.73,29.0,46275.0,0.0,46275.0,46275.0,1.0,0.0,0.0
2026-03-30 18:46:50,94,1.610847e+06,8.9144751e+07,3.4796196e+07,0.0,0.0,0.0,138566.0,12596.0,1115.0,1.07159552e+08,1.324408832e+09,3327.1,29.0,46376.0,0.0,46376.0,46376.0,1.0,0.0,0.0
2026-03-30 18:47:03,94,1.614489e+06,8.9342597e+07,3.4887014e+07,0.0,0.0,0.0,138874.0,12624.0,1118.0,1.0702848e+08,1.324408832e+09,3333.9700000000003,29.0,46479.0,0.0,46479.0,46479.0,1.0,0.0,0.0
2026-03-30 18:47:15,94,1.618033e+06,8.9535033e+07,3.4951132e+07,0.0,0.0,0.0,139172.0,12651.0,1120.0,1.07159552e+08,1.324408832e+09,3341.6,35.0,46579.0,0.0,46578.0,46578.0,1.0,0.0,0.0
2026-03-30 18:47:27,95,1.621416e+06,8.9735578e+07,3.5015282e+07,0.0,0.0,0.0,139469.0,12679.0,1122.0,1.07159552e+08,1.324408832e+09,3348.8399999999997,30.0,46680.0,0.0,46679.0,46679.0,1.0,0.0,0.0
2026-03-30 18:47:40,95,1.624775e+06,8.9922805e+07,3.5114148e+07,0.0,0.0,0.0,139766.0,12706.0,1125.0,1.07159552e+08,1.324408832e+09,3356.08,30.0,46780.0,0.0,46779.0,46779.0,1.0,0.0,0.0
2026-03-30 18:47:52,95,1.628236e+06,9.0107266e+07,3.5178298e+07,0.0,0.0,0.0,140061.0,12732.0,1127.0,1.07159552e+08,1.324408832e+09,3363.3999999999996,29.0,46879.0,0.0,46878.0,46878.0,1.0,0.0,0.0
2026-03-30 18:48:04,95,1.63174e+06,9.0310496e+07,3.5274526e+07,0.0,0.0,0.0,140373.0,12761.0,1130.0,1.07159552e+08,1.324408832e+09,3371.3399999999997,29.0,46982.0,0.0,46982.0,46982.0,1.0,0.0,0.0
2026-03-30 18:48:16,95,1.63515e+06,9.0500344e+07,3.5335974e+07,0.0,0.0,0.0,140671.0,12788.0,1132.0,1.07159552e+08,1.324408832e+09,3378.35,35.0,47082.0,0.0,47081.0,47081.0,1.0,0.0,0.0
2026-03-30 18:48:29,96,1.63861e+06,9.069285e+07,3.5426792e+07,0.0,0.0,0.0,140969.0,12815.0,1135.0,1.07159552e+08,1.324408832e+09,3386.08,29.0,47183.0,0.0,47182.0,47182.0,1.0,0.0,0.0
2026-03-30 18:48:41,96,1.642192e+06,9.0882648e+07,3.549091e+07,0.0,0.0,0.0,141271.0,12842.0,1137.0,1.07159552e+08,1.324408832e+09,3393.15,35.0,47283.0,0.0,47282.0,47282.0,1.0,0.0,0.0
2026-03-30 18:48:53,96,1.645658e+06,9.1077804e+07,3.5555028e+07,0.0,0.0,0.0,141566.0,12869.0,1139.0,1.07159552e+08,1.324408832e+09,3400.0899999999997,30.0,47383.0,0.0,47382.0,47382.0,1.0,0.0,0.0
2026-03-30 18:49:05,96,1.649062e+06,9.1275746e+07,3.5648548e+07,0.0,0.0,0.0,141872.0,12897.0,1142.0,1.07159552e+08,1.324408832e+09,3407.5299999999997,29.0,47485.0,0.0,47485.0,47485.0,1.0,0.0,0.0
2026-03-30 18:49:18,96,1.652517e+06,9.1468217e+07,3.5712666e+07,0.0,0.0,0.0,142164.0,12924.0,1144.0,1.07159552e+08,1.324408832e+09,3414.59,31.0,47584.0,0.0,47583.0,47583.0,1.0,0.0,0.0
2026-03-30 18:49:30,97,1.65604e+06,9.16607e+07,3.5776784e+07,0.0,0.0,0.0,142464.0,12951.0,1146.0,1.07290624e+08,1.324408832e+09,3422.13,35.0,47684.0,0.0,47683.0,47683.0,1.0,0.0,0.0
2026-03-30 18:49:42,97,1.659396e+06,9.1847898e+07,3.5870342e+07,0.0,0.0,0.0,142765.0,12978.0,1149.0,1.07159552e+08,1.324408832e+09,3429.6200000000003,29.0,47784.0,0.0,47784.0,47784.0,1.0,0.0,0.0
2026-03-30 18:49:54,97,1.662886e+06,9.2040407e+07,3.593446e+07,0.0,0.0,0.0,143062.0,13005.0,1151.0,1.07159552e+08,1.324408832e+09,3437.2799999999997,33.0,47884.0,0.0,47883.0,47883.0,1.0,0.0,0.0
2026-03-30 18:50:06,97,1.666243e+06,9.2235673e+07,3.599594e+07,0.0,0.0,0.0,143359.0,13032.0,1153.0,1.07159552e+08,1.324408832e+09,3444.5,29.0,47985.0,0.0,47984.0,47984.0,1.0,0.0,0.0
2026-03-30 18:50:18,97,1.669581e+06,9.2425559e+07,3.608946e+07,0.0,0.0,0.0,143653.0,13059.0,1156.0,1.07159552e+08,1.324408832e+09,3451.56,30.0,48083.0,0.0,48082.0,48082.0,1.0,0.0,0.0
2026-03-30 18:50:30,98,1.673027e+06,9.2615375e+07,3.615361e+07,0.0,0.0,0.0,143948.0,13086.0,1158.0,1.07159552e+08,1.324408832e+09,3459.27,30.0,48182.0,0.0,48181.0,48181.0,1.0,0.0,0.0
2026-03-30 18:50:42,98,1.676587e+06,9.2805141e+07,3.6249774e+07,0.0,0.0,0.0,144246.0,13113.0,1161.0,1.07159552e+08,1.324408832e+09,3466.72,31.0,48281.0,0.0,48280.0,48280.0,1.0,0.0,0.0
2026-03-30 18:50:54,98,1.680083e+06,9.2997653e+07,3.6313924e+07,0.0,0.0,0.0,144548.0,13140.0,1163.0,1.0702848e+08,1.324408832e+09,3474.41,29.0,48383.0,0.0,48382.0,48382.0,1.0,0.0,0.0
2026-03-30 18:51:07,98,1.683748e+06,9.3198102e+07,3.637534e+07,0.0,0.0,0.0,144849.0,13168.0,1165.0,1.07159552e+08,1.324408832e+09,3481.9700000000003,31.0,48484.0,0.0,48483.0,48483.0,1.0,0.0,0.0
2026-03-30 18:51:19,98,1.687189e+06,9.3390614e+07,3.646619e+07,0.0,0.0,0.0,145149.0,13195.0,1168.0,1.07290624e+08,1.324408832e+09,3489.36,29.0,48584.0,0.0,48584.0,48584.0,1.0,0.0,0.0
2026-03-30 18:51:31,99,1.690621e+06,9.358045e+07,3.6533016e+07,0.0,0.0,0.0,145444.0,13222.0,1170.0,1.07290624e+08,1.324408832e+09,3495.9,29.0,48683.0,0.0,48683.0,48683.0,1.0,0.0,0.0
2026-03-30 18:51:43,99,1.693966e+06,9.3770283e+07,3.6623866e+07,0.0,0.0,0.0,145739.0,13249.0,1173.0,1.07290624e+08,1.324408832e+09,3503.1400000000003,30.0,48783.0,0.0,48782.0,48782.0,1.0,0.0,0.0
2026-03-30 18:51:55,99,1.69759e+06,9.3962661e+07,3.6687984e+07,0.0,0.0,0.0,146037.0,13276.0,1175.0,1.07290624e+08,1.324408832e+09,3510.2000000000003,31.0,48882.0,0.0,48881.0,48881.0,1.0,0.0,0.0
2026-03-30 18:52:07,99,1.701045e+06,9.4155246e+07,3.6749432e+07,0.0,0.0,0.0,146337.0,13303.0,1177.0,1.07421696e+08,1.324408832e+09,3517.7000000000003,31.0,48983.0,0.0,48982.0,48982.0,1.0,0.0,0.0
2026-03-30 18:52:20,99,1.7045e+06,9.4345053e+07,3.6845622e+07,0.0,0.0,0.0,146635.0,13330.0,1180.0,1.07421696e+08,1.324408832e+09,3524.54,29.0,49083.0,0.0,49083.0,49083.0,1.0,0.0,0.0
2026-03-30 18:52:32,100,1.70786e+06,9.4537623e+07,3.6907102e+07,0.0,0.0,0.0,146935.0,13357.0,1182.0,1.07421696e+08,1.324408832e+09,3531.6400000000003,29.0,49184.0,0.0,49183.0,49183.0,1.0,0.0,0.0
2026-03-30 18:52:44,100,1.711309e+06,9.472743e+07,3.7005968e+07,0.0,0.0,0.0,147230.0,13384.0,1185.0,1.07552768e+08,1.324408832e+09,3539.04,29.0,49283.0,0.0,49282.0,49282.0,1.0,0.0,0.0
2026-03-30 18:52:56,100,1.714875e+06,9.4917182e+07,3.7070086e+07,0.0,0.0,0.0,147529.0,13411.0,1187.0,1.07552768e+08,1.324408832e+09,3546.1600000000003,29.0,49382.0,0.0,49382.0,49382.0,1.0,0.0,0.0
2026-03-30 18:53:08,100,1.71842e+06,9.5106983e+07,3.7131534e+07,0.0,0.0,0.0,147827.0,13438.0,1189.0,1.07552768e+08,1.324408832e+09,3553.4,31.0,49483.0,0.0,49482.0,49482.0,1.0,0.0,0.0
2026-03-30 18:53:21,100,1.72197e+06,9.5302089e+07,3.722232e+07,0.0,0.0,0.0,148126.0,13465.0,1192.0,1.07421696e+08,1.324408832e+09,3561.05,31.0,49583.0,0.0,49582.0,49582.0,1.0,0.0,0.0
2026-03-30 18:53:33,101,1.725454e+06,9.5499947e+07,3.7283768e+07,0.0,0.0,0.0,148423.0,13493.0,1194.0,1.07421696e+08,1.324408832e+09,3568.0699999999997,29.0,49682.0,0.0,49682.0,49682.0,1.0,0.0,0.0
2026-03-30 18:53:45,101,1.728992e+06,9.5692459e+07,3.7377262e+07,0.0,0.0,0.0,148727.0,13520.0,1197.0,1.07290624e+08,1.324408832e+09,3575.8,35.0,49784.0,0.0,49783.0,49783.0,1.0,0.0,0.0
2026-03-30 18:53:57,101,1.732538e+06,9.5887641e+07,3.7438704e+07,0.0,0.0,0.0,149028.0,13547.0,1199.0,1.07290624e+08,1.324408832e+09,3583.14,30.0,49886.0,0.0,49885.0,49885.0,1.0,0.0,0.0
2026-03-30 18:54:09,101,1.735911e+06,9.6085528e+07,3.7500184e+07,0.0,0.0,0.0,149326.0,13575.0,1201.0,1.07290624e+08,1.324408832e+09,3590.3500000000004,35.0,49985.0,0.0,49984.0,49984.0,1.0,0.0,0.0
2026-03-30 18:54:22,101,1.739365e+06,9.6275364e+07,3.7593672e+07,0.0,0.0,0.0,149624.0,13602.0,1204.0,1.07290624e+08,1.324408832e+09,3598.16,35.0,50085.0,0.0,50084.0,50084.0,1.0,0.0,0.0
2026-03-30 18:54:34,102,1.74296e+06,9.6467841e+07,3.765512e+07,0.0,0.0,0.0,149926.0,13629.0,1206.0,1.07159552e+08,1.324408832e+09,3605.21,30.0,50187.0,0.0,50186.0,50186.0,1.0,0.0,0.0
2026-03-30 18:54:46,102,1.74636e+06,9.6654975e+07,3.7748646e+07,0.0,0.0,0.0,150222.0,13656.0,1209.0,1.07159552e+08,1.324408832e+09,3612.38,29.0,50285.0,0.0,50285.0,50285.0,1.0,0.0,0.0
2026-03-30 18:54:58,102,1.749839e+06,9.6847446e+07,3.7812796e+07,0.0,0.0,0.0,150518.0,13683.0,1211.0,1.07290624e+08,1.324408832e+09,3619.28,30.0,50385.0,0.0,50384.0,50384.0,1.0,0.0,0.0
2026-03-30 18:55:10,102,1.753291e+06,9.7037288e+07,3.7903614e+07,0.0,0.0,0.0,150814.0,13710.0,1214.0,1.07290624e+08,1.324408832e+09,3626.3700000000003,35.0,50484.0,0.0,50483.0,50483.0,1.0,0.0,0.0
2026-03-30 18:55:22,102,1.756953e+06,9.722966e+07,3.7967732e+07,0.0,0.0,0.0,151113.0,13737.0,1216.0,1.07421696e+08,1.324408832e+09,3633.44,29.0,50584.0,0.0,50584.0,50584.0,1.0,0.0,0.0
2026-03-30 18:55:34,103,1.760497e+06,9.7424804e+07,3.8029148e+07,0.0,0.0,0.0,151415.0,13764.0,1218.0,1.07290624e+08,1.324408832e+09,3641.12,30.0,50686.0,0.0,50685.0,50685.0,1.0,0.0,0.0
2026-03-30 18:55:47,103,1.763881e+06,9.7619986e+07,3.8125376e+07,0.0,0.0,0.0,151712.0,13792.0,1221.0,1.07290624e+08,1.324408832e+09,3648.4300000000003,29.0,50785.0,0.0,50785.0,50785.0,1.0,0.0,0.0
2026-03-30 18:55:59,103,1.767473e+06,9.7812434e+07,3.8189494e+07,0.0,0.0,0.0,152013.0,13819.0,1223.0,1.07290624e+08,1.324408832e+09,3655.43,30.0,50887.0,0.0,50886.0,50886.0,1.0,0.0,0.0
2026-03-30 18:56:11,103,1.770819e+06,9.8002404e+07,3.8280344e+07,0.0,0.0,0.0,152315.0,13846.0,1226.0,1.07290624e+08,1.324408832e+09,3662.9,30.0,50987.0,0.0,50986.0,50986.0,1.0,0.0,0.0
2026-03-30 18:56:23,103,1.774318e+06,9.8194887e+07,3.8344462e+07,0.0,0.0,0.0,152612.0,13873.0,1228.0,1.07290624e+08,1.324408832e+09,3670.05,31.0,51087.0,0.0,51086.0,51086.0,1.0,0.0,0.0
2026-03-30 18:56:35,104,1.777907e+06,9.8387332e+07,3.840591e+07,0.0,0.0,0.0,152911.0,13900.0,1230.0,1.07290624e+08,1.324408832e+09,3677.4300000000003,29.0,51187.0,0.0,51187.0,51187.0,1.0,0.0,0.0
2026-03-30 18:56:48,104,1.781399e+06,9.8585164e+07,3.8496728e+07,0.0,0.0,0.0,153209.0,13928.0,1233.0,1.07290624e+08,1.324408832e+09,3684.59,29.0,51287.0,0.0,51287.0,51287.0,1.0,0.0,0.0
2026-03-30 18:57:00,104,1.784895e+06,9.876959e+07,3.8558176e+07,0.0,0.0,0.0,153504.0,13954.0,1235.0,1.07409408e+08,1.324408832e+09,3691.64,29.0,51386.0,0.0,51386.0,51386.0,1.0,0.0,0.0
2026-03-30 18:57:12,104,1.788353e+06,9.8967436e+07,3.8651702e+07,0.0,0.0,0.0,153802.0,13982.0,1238.0,1.07409408e+08,1.324408832e+09,3699.19,33.0,51486.0,0.0,51485.0,51485.0,1.0,0.0,0.0
2026-03-30 18:57:24,104,1.791955e+06,9.9159846e+07,3.8713118e+07,0.0,0.0,0.0,154100.0,14009.0,1240.0,1.07409408e+08,1.324408832e+09,3706.55,30.0,51587.0,0.0,51586.0,51586.0,1.0,0.0,0.0
2026-03-30 18:57:36,105,1.795472e+06,9.9349653e+07,3.8806638e+07,0.0,0.0,0.0,154401.0,14036.0,1243.0,1.07278336e+08,1.324408832e+09,3714.25,31.0,51688.0,0.0,51687.0,51687.0,1.0,0.0,0.0
2026-03-30 18:57:49,105,1.799077e+06,9.9555486e+07,3.8868054e+07,0.0,0.0,0.0,154705.0,14064.0,1245.0,1.07147264e+08,1.324408832e+09,3721.8,29.0,51789.0,0.0,51789.0,51789.0,1.0,0.0,0.0
2026-03-30 18:58:01,105,1.802538e+06,9.9748033e+07,3.8929502e+07,0.0,0.0,0.0,155005.0,14091.0,1247.0,1.07147264e+08,1.324408832e+09,3728.71,31.0,51891.0,0.0,51890.0,51890.0,1.0,0.0,0.0
2026-03-30 18:58:13,105,1.806031e+06,9.9935164e+07,3.9025698e+07,0.0,0.0,0.0,155305.0,14118.0,1250.0,1.07147264e+08,1.324408832e+09,3736.11,31.0,51990.0,0.0,51989.0,51989.0,1.0,0.0,0.0
2026-03-30 18:58:25,106,1.809445e+06,1.00127714e+08,3.9087146e+07,0.0,0.0,0.0,155600.0,14145.0,1252.0,1.07147264e+08,1.324408832e+09,3742.6099999999997,29.0,52090.0,0.0,52089.0,52089.0,1.0,0.0,0.0
2026-03-30 18:58:37,106,1.812947e+06,1.00320214e+08,3.9180666e+07,0.0,0.0,0.0,155901.0,14172.0,1255.0,1.07147264e+08,1.324408832e+09,3749.53,29.0,52190.0,0.0,52189.0,52189.0,1.0,0.0,0.0
2026-03-30 18:58:50,106,1.816349e+06,1.00510056e+08,3.9244784e+07,0.0,0.0,0.0,156198.0,14199.0,1257.0,1.07147264e+08,1.324408832e+09,3756.6,31.0,52290.0,0.0,52289.0,52289.0,1.0,0.0,0.0
2026-03-30 18:59:02,106,1.819773e+06,1.00702594e+08,3.9306232e+07,0.0,0.0,0.0,156496.0,14226.0,1259.0,1.07147264e+08,1.324408832e+09,3764.2599999999998,29.0,52390.0,0.0,52389.0,52389.0,1.0,0.0,0.0
2026-03-30 18:59:14,106,1.823337e+06,1.00897738e+08,3.9402396e+07,0.0,0.0,0.0,156799.0,14254.0,1262.0,1.07147264e+08,1.324408832e+09,3771.4300000000003,35.0,52491.0,0.0,52490.0,52490.0,1.0,0.0,0.0
2026-03-30 18:59:26,107,1.826816e+06,1.01090177e+08,3.9466546e+07,0.0,0.0,0.0,157094.0,14281.0,1264.0,1.07147264e+08,1.324408832e+09,3778.66,29.0,52590.0,0.0,52590.0,52590.0,1.0,0.0,0.0
2026-03-30 18:59:38,107,1.830254e+06,1.01282721e+08,3.9560034e+07,0.0,0.0,0.0,157392.0,14308.0,1267.0,1.07278336e+08,1.324408832e+09,3786.17,31.0,52690.0,0.0,52689.0,52689.0,1.0,0.0,0.0
2026-03-30 18:59:51,107,1.833738e+06,1.01472589e+08,3.9621482e+07,0.0,0.0,0.0,157694.0,14335.0,1269.0,1.07278336e+08,1.324408832e+09,3793.15,29.0,52791.0,0.0,52791.0,52791.0,1.0,0.0,0.0
2026-03-30 19:00:03,107,1.837275e+06,1.01665089e+08,3.96856e+07,0.0,0.0,0.0,157993.0,14362.0,1271.0,1.07278336e+08,1.324408832e+09,3800.29,30.0,52892.0,0.0,52891.0,52891.0,1.0,0.0,0.0
2026-03-30 19:00:15,107,1.840621e+06,1.01860338e+08,3.9781764e+07,0.0,0.0,0.0,158290.0,14390.0,1274.0,1.0754048e+08,1.324408832e+09,3807.93,29.0,52991.0,0.0,52991.0,52991.0,1.0,0.0,0.0
2026-03-30 19:00:27,108,1.844158e+06,1.02052809e+08,3.9845914e+07,0.0,0.0,0.0,158590.0,14417.0,1276.0,1.0754048e+08,1.324408832e+09,3815.4900000000002,31.0,53093.0,0.0,53092.0,53092.0,1.0,0.0,0.0
2026-03-30 19:00:39,108,1.847666e+06,1.02247991e+08,3.9910032e+07,0.0,0.0,0.0,158891.0,14444.0,1278.0,1.0754048e+08,1.324408832e+09,3822.87,29.0,53193.0,0.0,53193.0,53193.0,1.0,0.0,0.0
2026-03-30 19:00:52,108,1.851022e+06,1.02437897e+08,4.0000882e+07,0.0,0.0,0.0,159189.0,14471.0,1281.0,1.0754048e+08,1.324408832e+09,3829.8599999999997,29.0,53292.0,0.0,53292.0,53292.0,1.0,0.0,0.0
2026-03-30 19:01:04,108,1.854594e+06,1.02635705e+08,4.0065e+07,0.0,0.0,0.0,159489.0,14499.0,1283.0,1.07278336e+08,1.324408832e+09,3837.06,35.0,53393.0,0.0,53392.0,53392.0,1.0,0.0,0.0
2026-03-30 19:01:16,108,1.858017e+06,1.02825646e+08,4.0161164e+07,0.0,0.0,0.0,159790.0,14526.0,1286.0,1.07278336e+08,1.324408832e+09,3844.75,29.0,53494.0,0.0,53494.0,53494.0,1.0,0.0,0.0
2026-03-30 19:01:28,109,1.861493e+06,1.03020828e+08,4.0222606e+07,0.0,0.0,0.0,160087.0,14553.0,1288.0,1.07409408e+08,1.324408832e+09,3851.7799999999997,29.0,53594.0,0.0,53594.0,53594.0,1.0,0.0,0.0
2026-03-30 19:01:41,109,1.864878e+06,1.03205327e+08,4.0316164e+07,0.0,0.0,0.0,160388.0,14580.0,1291.0,1.07409408e+08,1.324408832e+09,3858.7700000000004,31.0,53694.0,0.0,53693.0,53693.0,1.0,0.0,0.0
2026-03-30 19:01:53,109,1.868288e+06,1.03395189e+08,4.0380282e+07,0.0,0.0,0.0,160682.0,14607.0,1293.0,1.07409408e+08,1.324408832e+09,3866.21,31.0,53792.0,0.0,53791.0,53791.0,1.0,0.0,0.0
2026-03-30 19:02:05,109,1.871764e+06,1.03590365e+08,4.0441698e+07,0.0,0.0,0.0,160977.0,14634.0,1295.0,1.07409408e+08,1.324408832e+09,3872.83,30.0,53892.0,0.0,53891.0,53891.0,1.0,0.0,0.0
2026-03-30 19:02:17,109,1.875169e+06,1.03777508e+08,4.0535224e+07,0.0,0.0,0.0,161272.0,14661.0,1298.0,1.07278336e+08,1.324408832e+09,3879.95,29.0,53990.0,0.0,53989.0,53989.0,1.0,0.0,0.0
2026-03-30 19:02:29,110,1.878659e+06,1.03964619e+08,4.059938e+07,0.0,0.0,0.0,161572.0,14688.0,1300.0,1.07147264e+08,1.324408832e+09,3887.0,29.0,54090.0,0.0,54089.0,54089.0,1.0,0.0,0.0
2026-03-30 19:02:41,110,1.88207e+06,1.04151765e+08,4.069023e+07,0.0,0.0,0.0,161867.0,14715.0,1303.0,1.07278336e+08,1.324408832e+09,3893.9900000000002,29.0,54187.0,0.0,54187.0,54187.0,1.0,0.0,0.0
2026-03-30 19:02:53,110,1.885612e+06,1.04344225e+08,4.0751678e+07,0.0,0.0,0.0,162166.0,14742.0,1305.0,1.07409408e+08,1.324408832e+09,3901.59,29.0,54287.0,0.0,54287.0,54287.0,1.0,0.0,0.0
2026-03-30 19:03:05,110,1.889058e+06,1.04534041e+08,4.0813158e+07,0.0,0.0,0.0,162463.0,14769.0,1307.0,1.07409408e+08,1.324408832e+09,3908.1800000000003,29.0,54386.0,0.0,54386.0,54386.0,1.0,0.0,0.0
2026-03-30 19:03:17,110,1.89258e+06,1.04721117e+08,4.0912024e+07,0.0,0.0,0.0,162760.0,14796.0,1310.0,1.07278336e+08,1.324408832e+09,3915.36,29.0,54485.0,0.0,54485.0,54485.0,1.0,0.0,0.0
2026-03-30 19:03:29,111,1.895983e+06,1.0491903e+08,4.0970796e+07,0.0,0.0,0.0,163059.0,14823.0,1312.0,1.07278336e+08,1.324408832e+09,3922.3900000000003,30.0,54586.0,0.0,54585.0,54585.0,1.0,0.0,0.0
2026-03-30 19:03:41,111,1.899298e+06,1.05111641e+08,4.1034914e+07,0.0,0.0,0.0,163351.0,14850.0,1314.0,1.07278336e+08,1.324408832e+09,3929.14,35.0,54684.0,0.0,54683.0,54683.0,1.0,0.0,0.0
2026-03-30 19:03:53,111,1.902817e+06,1.05306832e+08,4.1128402e+07,0.0,0.0,0.0,163653.0,14877.0,1317.0,1.07147264e+08,1.324408832e+09,3936.39,29.0,54786.0,0.0,54785.0,54785.0,1.0,0.0,0.0
2026-03-30 19:04:06,111,1.906357e+06,1.0550736e+08,4.119252e+07,0.0,0.0,0.0,163956.0,14905.0,1319.0,1.07147264e+08,1.324408832e+09,3943.68,31.0,54888.0,0.0,54887.0,54887.0,1.0,0.0,0.0
2026-03-30 19:04:18,111,1.909859e+06,1.05697132e+08,4.1283338e+07,0.0,0.0,0.0,164252.0,14932.0,1322.0,1.07147264e+08,1.324408832e+09,3951.1,31.0,54986.0,0.0,54985.0,54985.0,1.0,0.0,0.0
2026-03-30 19:04:30,112,1.913298e+06,1.05881631e+08,4.1344786e+07,0.0,0.0,0.0,164547.0,14958.0,1324.0,1.07016192e+08,1.324408832e+09,3957.83,29.0,55085.0,0.0,55085.0,55085.0,1.0,0.0,0.0
2026-03-30 19:04:42,112,1.916686e+06,1.06074172e+08,4.1408936e+07,0.0,0.0,0.0,164844.0,14985.0,1326.0,1.07016192e+08,1.324408832e+09,3965.38,30.0,55185.0,0.0,55184.0,55184.0,1.0,0.0,0.0
2026-03-30 19:04:54,112,1.920143e+06,1.06263982e+08,4.15051e+07,0.0,0.0,0.0,165137.0,15012.0,1329.0,1.07016192e+08,1.324408832e+09,3972.78,30.0,55284.0,0.0,55283.0,55283.0,1.0,0.0,0.0
2026-03-30 19:05:06,112,1.92368e+06,1.06453748e+08,4.156925e+07,0.0,0.0,0.0,165438.0,15039.0,1331.0,1.0688512e+08,1.324408832e+09,3979.77,31.0,55384.0,0.0,55383.0,55383.0,1.0,0.0,0.0
2026-03-30 19:05:18,112,1.927196e+06,1.06648898e+08,4.1630666e+07,0.0,0.0,0.0,165732.0,15066.0,1333.0,1.0688512e+08,1.324408832e+09,3987.04,29.0,55483.0,0.0,55483.0,55483.0,1.0,0.0,0.0
2026-03-30 19:05:31,113,1.930624e+06,1.06841442e+08,4.1721516e+07,0.0,0.0,0.0,166034.0,15093.0,1336.0,1.0688512e+08,1.324408832e+09,3993.9900000000002,30.0,55584.0,0.0,55583.0,55583.0,1.0,0.0,0.0
2026-03-30 19:05:43,113,1.93417e+06,1.07039242e+08,4.1785634e+07,0.0,0.0,0.0,166333.0,15121.0,1338.0,1.0688512e+08,1.324408832e+09,4001.51,29.0,55685.0,0.0,55685.0,55685.0,1.0,0.0,0.0
2026-03-30 19:05:55,113,1.937543e+06,1.07231801e+08,4.1879154e+07,0.0,0.0,0.0,166630.0,15148.0,1341.0,1.07016192e+08,1.324408832e+09,4008.62,29.0,55784.0,0.0,55784.0,55784.0,1.0,0.0,0.0
2026-03-30 19:06:07,113,1.941084e+06,1.07421538e+08,4.1943304e+07,0.0,0.0,0.0,166927.0,15175.0,1343.0,1.07147264e+08,1.324408832e+09,4016.06,31.0,55884.0,0.0,55883.0,55883.0,1.0,0.0,0.0
2026-03-30 19:06:19,113,1.944524e+06,1.07616752e+08,4.2007422e+07,0.0,0.0,0.0,167225.0,15202.0,1345.0,1.07409408e+08,1.324408832e+09,4023.7400000000002,29.0,55984.0,0.0,55984.0,55984.0,1.0,0.0,0.0
2026-03-30 19:06:32,114,1.948033e+06,1.07809267e+08,4.209824e+07,0.0,0.0,0.0,167527.0,15229.0,1348.0,1.07409408e+08,1.324408832e+09,4031.67,31.0,56085.0,0.0,56084.0,56084.0,1.0,0.0,0.0
2026-03-30 19:06:44,114,1.951561e+06,1.07999071e+08,4.2159688e+07,0.0,0.0,0.0,167825.0,15256.0,1350.0,1.07409408e+08,1.324408832e+09,4039.0699999999997,31.0,56186.0,0.0,56185.0,56185.0,1.0,0.0,0.0
2026-03-30 19:06:56,114,1.955038e+06,1.08199628e+08,4.225315e+07,0.0,0.0,0.0,168126.0,15284.0,1353.0,1.07409408e+08,1.324408832e+09,4046.27,30.0,56286.0,0.0,56285.0,56285.0,1.0,0.0,0.0
2026-03-30 19:07:08,114,1.958467e+06,1.08389461e+08,4.23173e+07,0.0,0.0,0.0,168421.0,15311.0,1355.0,1.07409408e+08,1.324408832e+09,4053.5299999999997,30.0,56386.0,0.0,56385.0,56385.0,1.0,0.0,0.0
2026-03-30 19:07:20,114,1.961934e+06,1.08581964e+08,4.238145e+07,0.0,0.0,0.0,168718.0,15338.0,1357.0,1.07278336e+08,1.324408832e+09,4061.1499999999996,29.0,56485.0,0.0,56485.0,56485.0,1.0,0.0,0.0
2026-03-30 19:07:32,115,1.965292e+06,1.08774566e+08,4.2472268e+07,0.0,0.0,0.0,169016.0,15365.0,1360.0,1.07147264e+08,1.324408832e+09,4068.18,31.0,56585.0,0.0,56584.0,56584.0,1.0,0.0,0.0
2026-03-30 19:07:45,115,1.96873e+06,1.08972412e+08,4.253371e+07,0.0,0.0,0.0,169312.0,15392.0,1362.0,1.07147264e+08,1.324408832e+09,4075.21,30.0,56685.0,0.0,56684.0,56684.0,1.0,0.0,0.0
2026-03-30 19:07:57,115,1.97229e+06,1.09162178e+08,4.2629874e+07,0.0,0.0,0.0,169611.0,15419.0,1365.0,1.07147264e+08,1.324408832e+09,4082.31,30.0,56786.0,0.0,56785.0,56785.0,1.0,0.0,0.0
2026-03-30 19:08:09,115,1.97592e+06,1.09351956e+08,4.2691322e+07,0.0,0.0,0.0,169916.0,15446.0,1367.0,1.07147264e+08,1.324408832e+09,4089.52,35.0,56887.0,0.0,56886.0,56886.0,1.0,0.0,0.0
2026-03-30 19:08:21,115,1.979353e+06,1.09552507e+08,4.2752738e+07,0.0,0.0,0.0,170208.0,15473.0,1369.0,1.07147264e+08,1.324408832e+09,4096.59,35.0,56986.0,0.0,56985.0,56985.0,1.0,0.0,0.0
2026-03-30 19:08:33,116,1.982856e+06,1.0974232e+08,4.2843556e+07,0.0,0.0,0.0,170508.0,15500.0,1372.0,1.07147264e+08,1.324408832e+09,4103.78,30.0,57086.0,0.0,57085.0,57085.0,1.0,0.0,0.0
2026-03-30 19:08:45,116,1.986337e+06,1.09934823e+08,4.2905004e+07,0.0,0.0,0.0,170806.0,15527.0,1374.0,1.07147264e+08,1.324408832e+09,4110.88,35.0,57186.0,0.0,57185.0,57185.0,1.0,0.0,0.0
2026-03-30 19:08:58,116,1.989764e+06,1.10132748e+08,4.2969122e+07,0.0,0.0,0.0,171105.0,15555.0,1376.0,1.07147264e+08,1.324408832e+09,4118.26,29.0,57286.0,0.0,57286.0,57286.0,1.0,0.0,0.0
2026-03-30 19:09:10,116,1.993164e+06,1.1032261e+08,4.3065318e+07,0.0,0.0,0.0,171403.0,15582.0,1379.0,1.07147264e+08,1.324408832e+09,4125.49,29.0,57386.0,0.0,57386.0,57386.0,1.0,0.0,0.0
2026-03-30 19:09:22,116,1.996686e+06,1.10512446e+08,4.3126734e+07,0.0,0.0,0.0,171699.0,15608.0,1381.0,1.07016192e+08,1.324408832e+09,4132.53,29.0,57485.0,0.0,57485.0,57485.0,1.0,0.0,0.0
2026-03-30 19:09:34,117,2.000183e+06,1.10710275e+08,4.3217552e+07,0.0,0.0,0.0,171997.0,15636.0,1384.0,1.07016192e+08,1.324408832e+09,4140.150000000001,30.0,57586.0,0.0,57585.0,57585.0,1.0,0.0,0.0
2026-03-30 19:09:46,117,2.003647e+06,1.10902775e+08,4.3279e+07,0.0,0.0,0.0,172294.0,15663.0,1386.0,1.07147264e+08,1.324408832e+09,4147.2,29.0,57685.0,0.0,57685.0,57685.0,1.0,0.0,0.0
2026-03-30 19:09:58,117,2.007205e+06,1.11097922e+08,4.3340416e+07,0.0,0.0,0.0,172594.0,15690.0,1388.0,1.07147264e+08,1.324408832e+09,4154.29,35.0,57786.0,0.0,57785.0,57785.0,1.0,0.0,0.0
2026-03-30 19:10:10,117,2.010692e+06,1.11287729e+08,4.3433942e+07,0.0,0.0,0.0,172893.0,15717.0,1391.0,1.07147264e+08,1.324408832e+09,4161.54,29.0,57886.0,0.0,57886.0,57886.0,1.0,0.0,0.0
2026-03-30 19:10:22,117,2.014089e+06,1.11480267e+08,4.3498092e+07,0.0,0.0,0.0,173187.0,15744.0,1393.0,1.07147264e+08,1.324408832e+09,4168.19,35.0,57985.0,0.0,57984.0,57984.0,1.0,0.0,0.0
2026-03-30 19:10:34,118,2.017454e+06,1.1167017e+08,4.3594288e+07,0.0,0.0,0.0,173491.0,15771.0,1396.0,1.07016192e+08,1.324408832e+09,4175.21,31.0,58086.0,0.0,58085.0,58085.0,1.0,0.0,0.0
2026-03-30 19:10:47,118,2.020863e+06,1.11873461e+08,4.3655736e+07,0.0,0.0,0.0,173790.0,15799.0,1398.0,1.07016192e+08,1.324408832e+09,4182.42,29.0,58188.0,0.0,58187.0,58187.0,1.0,0.0,0.0
2026-03-30 19:10:59,118,2.024389e+06,1.12065935e+08,4.3717152e+07,0.0,0.0,0.0,174088.0,15826.0,1400.0,1.07016192e+08,1.324408832e+09,4189.76,31.0,58288.0,0.0,58287.0,58287.0,1.0,0.0,0.0
2026-03-30 19:11:11,118,2.027839e+06,1.12255809e+08,4.3810672e+07,0.0,0.0,0.0,174393.0,15853.0,1403.0,1.07147264e+08,1.324408832e+09,4197.09,29.0,58389.0,0.0,58389.0,58389.0,1.0,0.0,0.0
2026-03-30 19:11:23,118,2.0313e+06,1.1244835e+08,4.387212e+07,0.0,0.0,0.0,174689.0,15880.0,1405.0,1.07147264e+08,1.324408832e+09,4204.42,30.0,58489.0,0.0,58488.0,58488.0,1.0,0.0,0.0
2026-03-30 19:11:36,119,2.034715e+06,1.12646263e+08,4.396564e+07,0.0,0.0,0.0,174990.0,15908.0,1408.0,1.07147264e+08,1.324408832e+09,4211.79,35.0,58590.0,0.0,58589.0,58589.0,1.0,0.0,0.0
2026-03-30 19:11:48,119,2.038164e+06,1.128334e+08,4.4029796e+07,0.0,0.0,0.0,175287.0,15935.0,1410.0,1.07147264e+08,1.324408832e+09,4219.02,29.0,58689.0,0.0,58689.0,58689.0,1.0,0.0,0.0
2026-03-30 19:12:00,119,2.041568e+06,1.13025906e+08,4.4093914e+07,0.0,0.0,0.0,175582.0,15962.0,1412.0,1.07147264e+08,1.324408832e+09,4225.94,31.0,58788.0,0.0,58787.0,58787.0,1.0,0.0,0.0
2026-03-30 19:12:12,119,2.045036e+06,1.13218444e+08,4.4184732e+07,0.0,0.0,0.0,175883.0,15989.0,1415.0,1.07147264e+08,1.324408832e+09,4234.150000000001,29.0,58890.0,0.0,58889.0,58889.0,1.0,0.0,0.0
2026-03-30 19:12:24,119,2.048542e+06,1.13408236e+08,4.424885e+07,0.0,0.0,0.0,176181.0,16016.0,1417.0,1.07409408e+08,1.324408832e+09,4241.33,29.0,58989.0,0.0,58989.0,58989.0,1.0,0.0,0.0
2026-03-30 19:12:36,120,2.051844e+06,1.13598142e+08,4.4345078e+07,0.0,0.0,0.0,176476.0,16043.0,1420.0,1.07278336e+08,1.324408832e+09,4248.34,35.0,59088.0,0.0,59087.0,59087.0,1.0,0.0,0.0
2026-03-30 19:12:48,120,2.055292e+06,1.13790648e+08,4.4409228e+07,0.0,0.0,0.0,176774.0,16070.0,1422.0,1.07147264e+08,1.324408832e+09,4255.849999999999,30.0,59189.0,0.0,59188.0,59188.0,1.0,0.0,0.0
2026-03-30 19:13:00,120,2.058462e+06,1.13972532e+08,4.4470708e+07,0.0,0.0,0.0,177056.0,16096.0,1424.0,1.07147264e+08,1.324408832e+09,4262.360000000001,29.0,59282.0,0.0,59282.0,59282.0,1.0,0.0,0.0
2026-03-30 19:13:12,120,2.059342e+06,1.1401527e+08,4.4502748e+07,0.0,0.0,0.0,177131.0,16102.0,1425.0,1.07147264e+08,1.324408832e+09,4264.29,35.0,59307.0,0.0,59306.0,59306.0,1.0,0.0,0.0
2026-03-30 19:13:25,121,2.062765e+06,1.14207747e+08,4.4564196e+07,0.0,0.0,0.0,177424.0,16129.0,1427.0,1.07278336e+08,1.324408832e+09,4271.41,29.0,59406.0,0.0,59406.0,59406.0,1.0,0.0,0.0
2026-03-30 19:13:37,121,2.066226e+06,1.14402958e+08,4.4660424e+07,0.0,0.0,0.0,177727.0,16157.0,1430.0,1.07409408e+08,1.324408832e+09,4278.64,29.0,59507.0,0.0,59507.0,59507.0,1.0,0.0,0.0
2026-03-30 19:13:49,121,2.069738e+06,1.14595432e+08,4.472184e+07,0.0,0.0,0.0,178024.0,16184.0,1432.0,1.07409408e+08,1.324408832e+09,4286.37,30.0,59608.0,0.0,59607.0,59607.0,1.0,0.0,0.0
2026-03-30 19:14:01,121,2.073199e+06,1.14787941e+08,4.481536e+07,0.0,0.0,0.0,178321.0,16211.0,1435.0,1.07409408e+08,1.324408832e+09,4293.46,31.0,59707.0,0.0,59706.0,59706.0,1.0,0.0,0.0
2026-03-30 19:14:13,121,2.076663e+06,1.14977809e+08,4.4876808e+07,0.0,0.0,0.0,178620.0,16238.0,1437.0,1.07409408e+08,1.324408832e+09,4300.27,35.0,59807.0,0.0,59806.0,59806.0,1.0,0.0,0.0
2026-03-30 19:14:26,122,2.080111e+06,1.15162235e+08,4.4940926e+07,0.0,0.0,0.0,178913.0,16264.0,1439.0,1.07278336e+08,1.324408832e+09,4307.51,30.0,59905.0,0.0,59904.0,59904.0,1.0,0.0,0.0
2026-03-30 19:14:38,122,2.083575e+06,1.15352045e+08,4.5037122e+07,0.0,0.0,0.0,179212.0,16291.0,1442.0,1.07278336e+08,1.324408832e+09,4314.96,35.0,60005.0,0.0,60004.0,60004.0,1.0,0.0,0.0
2026-03-30 19:14:50,122,2.087013e+06,1.15549929e+08,4.510124e+07,0.0,0.0,0.0,179509.0,16319.0,1444.0,1.07278336e+08,1.324408832e+09,4322.15,35.0,60105.0,0.0,60104.0,60104.0,1.0,0.0,0.0
2026-03-30 19:15:02,122,2.090409e+06,1.15734425e+08,4.5162688e+07,0.0,0.0,0.0,179804.0,16345.0,1446.0,1.07278336e+08,1.324408832e+09,4329.16,31.0,60204.0,0.0,60203.0,60203.0,1.0,0.0,0.0
2026-03-30 19:15:14,122,2.093905e+06,1.15926861e+08,4.5256208e+07,0.0,0.0,0.0,180100.0,16372.0,1449.0,1.07278336e+08,1.324408832e+09,4336.56,30.0,60304.0,0.0,60303.0,60303.0,1.0,0.0,0.0
2026-03-30 19:15:26,123,2.097428e+06,1.16121991e+08,4.5320326e+07,0.0,0.0,0.0,180397.0,16399.0,1451.0,1.07278336e+08,1.324408832e+09,4344.179999999999,29.0,60404.0,0.0,60403.0,60403.0,1.0,0.0,0.0
2026-03-30 19:15:38,123,2.100883e+06,1.1631183e+08,4.5413852e+07,0.0,0.0,0.0,180696.0,16426.0,1454.0,1.07147264e+08,1.324408832e+09,4351.53,29.0,60503.0,0.0,60503.0,60503.0,1.0,0.0,0.0
2026-03-30 19:15:50,123,2.10442e+06,1.16501625e+08,4.5478002e+07,0.0,0.0,0.0,180994.0,16453.0,1456.0,1.07016192e+08,1.324408832e+09,4358.37,29.0,60603.0,0.0,60603.0,60603.0,1.0,0.0,0.0
2026-03-30 19:16:02,123,2.107966e+06,1.16699381e+08,4.553945e+07,0.0,0.0,0.0,181292.0,16481.0,1458.0,1.07016192e+08,1.324408832e+09,4365.15,29.0,60703.0,0.0,60703.0,60703.0,1.0,0.0,0.0
2026-03-30 19:16:15,123,2.111306e+06,1.16889261e+08,4.5630268e+07,0.0,0.0,0.0,181588.0,16508.0,1461.0,1.07016192e+08,1.324408832e+09,4372.49,29.0,60802.0,0.0,60802.0,60802.0,1.0,0.0,0.0
2026-03-30 19:16:27,124,2.114806e+06,1.17073728e+08,4.5691716e+07,0.0,0.0,0.0,181883.0,16534.0,1463.0,1.07016192e+08,1.324408832e+09,4379.0599999999995,29.0,60901.0,0.0,60901.0,60901.0,1.0,0.0,0.0
2026-03-30 19:16:39,124,2.118337e+06,1.17271539e+08,4.578788e+07,0.0,0.0,0.0,182184.0,16562.0,1466.0,1.07016192e+08,1.324408832e+09,4386.04,31.0,61002.0,0.0,61001.0,61001.0,1.0,0.0,0.0
2026-03-30 19:16:51,124,2.121799e+06,1.17464057e+08,4.5849328e+07,0.0,0.0,0.0,182481.0,16589.0,1468.0,1.07016192e+08,1.324408832e+09,4393.23,30.0,61103.0,0.0,61102.0,61102.0,1.0,0.0,0.0
2026-03-30 19:17:03,124,2.125432e+06,1.17659128e+08,4.5910744e+07,0.0,0.0,0.0,182779.0,16616.0,1470.0,1.07016192e+08,1.324408832e+09,4400.25,33.0,61202.0,0.0,61201.0,61201.0,1.0,0.0,0.0
2026-03-30 19:17:15,124,2.128907e+06,1.17848947e+08,4.6001562e+07,0.0,0.0,0.0,183076.0,16643.0,1473.0,1.07016192e+08,1.324408832e+09,4407.4400000000005,29.0,61301.0,0.0,61301.0,61301.0,1.0,0.0,0.0
2026-03-30 19:17:27,125,2.132295e+06,1.18041485e+08,4.606568e+07,0.0,0.0,0.0,183371.0,16670.0,1475.0,1.07016192e+08,1.324408832e+09,4414.73,29.0,61400.0,0.0,61400.0,61400.0,1.0,0.0,0.0
2026-03-30 19:17:39,125,2.135727e+06,1.18231315e+08,4.61592e+07,0.0,0.0,0.0,183667.0,16697.0,1478.0,1.07016192e+08,1.324408832e+09,4421.5,29.0,61499.0,0.0,61499.0,61499.0,1.0,0.0,0.0
2026-03-30 19:17:52,125,2.139127e+06,1.18415811e+08,4.6220648e+07,0.0,0.0,0.0,183958.0,16723.0,1480.0,1.07147264e+08,1.324408832e+09,4428.42,29.0,61597.0,0.0,61597.0,61597.0,1.0,0.0,0.0
2026-03-30 19:18:04,125,2.142827e+06,1.18608151e+08,4.6284766e+07,0.0,0.0,0.0,184259.0,16750.0,1482.0,1.07147264e+08,1.324408832e+09,4435.45,30.0,61698.0,0.0,61697.0,61697.0,1.0,0.0,0.0
2026-03-30 19:18:16,125,2.146317e+06,1.18805997e+08,4.637826e+07,0.0,0.0,0.0,184558.0,16778.0,1485.0,1.07147264e+08,1.324408832e+09,4442.38,29.0,61798.0,0.0,61798.0,61798.0,1.0,0.0,0.0
2026-03-30 19:18:28,126,2.149913e+06,1.18990397e+08,4.6439676e+07,0.0,0.0,0.0,184854.0,16804.0,1487.0,1.07147264e+08,1.324408832e+09,4449.59,29.0,61897.0,0.0,61897.0,61897.0,1.0,0.0,0.0
2026-03-30 19:18:40,126,2.153241e+06,1.19182947e+08,4.6533196e+07,0.0,0.0,0.0,185149.0,16831.0,1490.0,1.07147264e+08,1.324408832e+09,4456.5599999999995,29.0,61996.0,0.0,61996.0,61996.0,1.0,0.0,0.0
2026-03-30 19:18:52,126,2.156655e+06,1.19375497e+08,4.6597314e+07,0.0,0.0,0.0,185443.0,16858.0,1492.0,1.07147264e+08,1.324408832e+09,4463.47,29.0,62096.0,0.0,62095.0,62095.0,1.0,0.0,0.0
2026-03-30 19:19:04,126,2.160146e+06,1.19576054e+08,4.6661432e+07,0.0,0.0,0.0,185747.0,16886.0,1494.0,1.07147264e+08,1.324408832e+09,4470.780000000001,29.0,62198.0,0.0,62197.0,62197.0,1.0,0.0,0.0
2026-03-30 19:19:17,126,2.163494e+06,1.19766012e+08,4.6754984e+07,0.0,0.0,0.0,186048.0,16913.0,1497.0,1.07147264e+08,1.324408832e+09,4477.96,35.0,62298.0,0.0,62297.0,62297.0,1.0,0.0,0.0
2026-03-30 19:19:29,127,2.167086e+06,1.19958384e+08,4.6819102e+07,0.0,0.0,0.0,186342.0,16940.0,1499.0,1.07278336e+08,1.324408832e+09,4485.02,30.0,62397.0,0.0,62396.0,62396.0,1.0,0.0,0.0
2026-03-30 19:19:41,127,2.170675e+06,1.20153499e+08,4.6880518e+07,0.0,0.0,0.0,186640.0,16967.0,1501.0,1.07016192e+08,1.324408832e+09,4492.17,29.0,62497.0,0.0,62497.0,62497.0,1.0,0.0,0.0
2026-03-30 19:19:53,127,2.174113e+06,1.20340691e+08,4.6976746e+07,0.0,0.0,0.0,186943.0,16994.0,1504.0,1.07147264e+08,1.324408832e+09,4499.08,35.0,62598.0,0.0,62597.0,62597.0,1.0,0.0,0.0
2026-03-30 19:20:06,127,2.177491e+06,1.20533261e+08,4.7040864e+07,0.0,0.0,0.0,187240.0,17021.0,1506.0,1.07147264e+08,1.324408832e+09,4506.5,29.0,62699.0,0.0,62698.0,62698.0,1.0,0.0,0.0
2026-03-30 19:20:18,127,2.180987e+06,1.20733783e+08,4.7105014e+07,0.0,0.0,0.0,187539.0,17049.0,1508.0,1.07147264e+08,1.324408832e+09,4513.75,33.0,62799.0,0.0,62798.0,62798.0,1.0,0.0,0.0
2026-03-30 19:20:30,128,2.184406e+06,1.20926324e+08,4.7195832e+07,0.0,0.0,0.0,187838.0,17076.0,1511.0,1.07147264e+08,1.324408832e+09,4521.0199999999995,31.0,62900.0,0.0,62899.0,62899.0,1.0,0.0,0.0
2026-03-30 19:20:42,128,2.187899e+06,1.21118865e+08,4.725728e+07,0.0,0.0,0.0,188136.0,17103.0,1513.0,1.07147264e+08,1.324408832e+09,4527.950000000001,29.0,63000.0,0.0,62999.0,62999.0,1.0,0.0,0.0
2026-03-30 19:20:54,128,2.191392e+06,1.21308666e+08,4.7353444e+07,0.0,0.0,0.0,188435.0,17130.0,1516.0,1.07147264e+08,1.324408832e+09,4535.099999999999,29.0,63100.0,0.0,63099.0,63099.0,1.0,0.0,0.0
2026-03-30 19:21:06,128,2.194863e+06,1.21501175e+08,4.7414892e+07,0.0,0.0,0.0,188732.0,17157.0,1518.0,1.07147264e+08,1.324408832e+09,4542.58,29.0,63199.0,0.0,63199.0,63199.0,1.0,0.0,0.0
2026-03-30 19:21:18,128,2.198266e+06,1.21696424e+08,4.747634e+07,0.0,0.0,0.0,189030.0,17184.0,1520.0,1.07147264e+08,1.324408832e+09,4549.6900000000005,35.0,63300.0,0.0,63299.0,63299.0,1.0,0.0,0.0
2026-03-30 19:21:31,129,2.201775e+06,1.21894273e+08,4.7567158e+07,0.0,0.0,0.0,189332.0,17212.0,1523.0,1.07278336e+08,1.324408832e+09,4557.0599999999995,29.0,63401.0,0.0,63400.0,63400.0,1.0,0.0,0.0
2026-03-30 19:21:43,129,2.205387e+06,1.22086677e+08,4.7631276e+07,0.0,0.0,0.0,189630.0,17239.0,1525.0,1.07278336e+08,1.324408832e+09,4564.18,29.0,63500.0,0.0,63500.0,63500.0,1.0,0.0,0.0
2026-03-30 19:21:55,129,2.208845e+06,1.22273887e+08,4.7727472e+07,0.0,0.0,0.0,189935.0,17266.0,1528.0,1.07147264e+08,1.324408832e+09,4571.7699999999995,35.0,63602.0,0.0,63601.0,63601.0,1.0,0.0,0.0
2026-03-30 19:22:07,129,2.212425e+06,1.22471649e+08,4.778892e+07,0.0,0.0,0.0,190235.0,17294.0,1530.0,1.07147264e+08,1.324408832e+09,4578.5199999999995,29.0,63703.0,0.0,63702.0,63702.0,1.0,0.0,0.0
2026-03-30 19:22:20,129,2.215752e+06,1.22661584e+08,4.788244e+07,0.0,0.0,0.0,190533.0,17321.0,1533.0,1.07278336e+08,1.324408832e+09,4586.049999999999,29.0,63802.0,0.0,63802.0,63802.0,1.0,0.0,0.0
2026-03-30 19:22:32,130,2.21919e+06,1.2285142e+08,4.7946596e+07,0.0,0.0,0.0,190830.0,17348.0,1535.0,1.07278336e+08,1.324408832e+09,4592.85,30.0,63902.0,0.0,63901.0,63901.0,1.0,0.0,0.0
2026-03-30 19:22:44,130,2.222685e+06,1.23043833e+08,4.8037446e+07,0.0,0.0,0.0,191125.0,17375.0,1538.0,1.07147264e+08,1.324408832e+09,4600.25,29.0,64002.0,0.0,64001.0,64001.0,1.0,0.0,0.0
2026-03-30 19:22:56,130,2.226129e+06,1.23233707e+08,4.8101564e+07,0.0,0.0,0.0,191428.0,17402.0,1540.0,1.07147264e+08,1.324408832e+09,4607.63,29.0,64102.0,0.0,64102.0,64102.0,1.0,0.0,0.0
2026-03-30 19:23:08,130,2.229546e+06,1.23426248e+08,4.8165682e+07,0.0,0.0,0.0,191723.0,17429.0,1542.0,1.07147264e+08,1.324408832e+09,4614.45,29.0,64201.0,0.0,64201.0,64201.0,1.0,0.0,0.0
2026-03-30 19:23:20,130,2.232914e+06,1.2361611e+08,4.8259202e+07,0.0,0.0,0.0,192018.0,17456.0,1545.0,1.07147264e+08,1.324408832e+09,4621.25,29.0,64300.0,0.0,64300.0,64300.0,1.0,0.0,0.0
2026-03-30 19:23:33,131,2.236468e+06,1.23808558e+08,4.832065e+07,0.0,0.0,0.0,192316.0,17483.0,1547.0,1.0688512e+08,1.324408832e+09,4628.89,30.0,64401.0,0.0,64400.0,64400.0,1.0,0.0,0.0
2026-03-30 19:23:45,131,2.240095e+06,1.24001e+08,4.8384768e+07,0.0,0.0,0.0,192618.0,17510.0,1549.0,1.07016192e+08,1.324408832e+09,4636.28,29.0,64501.0,0.0,64501.0,64501.0,1.0,0.0,0.0
2026-03-30 19:23:57,131,2.243553e+06,1.24190839e+08,4.8478262e+07,0.0,0.0,0.0,192917.0,17537.0,1552.0,1.07016192e+08,1.324408832e+09,4643.41,29.0,64602.0,0.0,64601.0,64601.0,1.0,0.0,0.0
2026-03-30 19:24:09,131,2.247231e+06,1.24393967e+08,4.8539678e+07,0.0,0.0,0.0,193223.0,17565.0,1554.0,1.07016192e+08,1.324408832e+09,4651.099999999999,30.0,64704.0,0.0,64703.0,64703.0,1.0,0.0,0.0
2026-03-30 19:24:22,131,2.250657e+06,1.24583803e+08,4.8630528e+07,0.0,0.0,0.0,193522.0,17592.0,1557.0,1.07147264e+08,1.324408832e+09,4658.21,30.0,64805.0,0.0,64804.0,64804.0,1.0,0.0,0.0
2026-03-30 19:24:34,132,2.254095e+06,1.24773639e+08,4.8697354e+07,0.0,0.0,0.0,193816.0,17619.0,1559.0,1.07278336e+08,1.324408832e+09,4665.0,30.0,64904.0,0.0,64903.0,64903.0,1.0,0.0,0.0
2026-03-30 19:24:46,132,2.257608e+06,1.2496609e+08,4.8788172e+07,0.0,0.0,0.0,194115.0,17646.0,1562.0,1.07278336e+08,1.324408832e+09,4671.74,31.0,65004.0,0.0,65003.0,65003.0,1.0,0.0,0.0
2026-03-30 19:24:58,132,2.26111e+06,1.25161266e+08,4.8849652e+07,0.0,0.0,0.0,194416.0,17674.0,1564.0,1.07278336e+08,1.324408832e+09,4679.6,30.0,65104.0,0.0,65103.0,65103.0,1.0,0.0,0.0
2026-03-30 19:25:10,132,2.264568e+06,1.25353772e+08,4.891377e+07,0.0,0.0,0.0,194719.0,17701.0,1566.0,1.07278336e+08,1.324408832e+09,4687.35,30.0,65206.0,0.0,65205.0,65205.0,1.0,0.0,0.0
2026-03-30 19:25:23,132,2.268218e+06,1.25548858e+08,4.9012636e+07,0.0,0.0,0.0,195023.0,17729.0,1569.0,1.07278336e+08,1.324408832e+09,4694.990000000001,31.0,65308.0,0.0,65307.0,65307.0,1.0,0.0,0.0
2026-03-30 19:25:35,133,2.271682e+06,1.25744066e+08,4.9074052e+07,0.0,0.0,0.0,195322.0,17756.0,1571.0,1.07278336e+08,1.324408832e+09,4702.0199999999995,30.0,65408.0,0.0,65407.0,65407.0,1.0,0.0,0.0
2026-03-30 19:25:47,133,2.275174e+06,1.25933882e+08,4.916487e+07,0.0,0.0,0.0,195623.0,17783.0,1574.0,1.07016192e+08,1.324408832e+09,4708.98,35.0,65508.0,0.0,65507.0,65507.0,1.0,0.0,0.0
2026-03-30 19:25:59,133,2.278664e+06,1.26131708e+08,4.922635e+07,0.0,0.0,0.0,195922.0,17811.0,1576.0,1.07016192e+08,1.324408832e+09,4716.1,29.0,65608.0,0.0,65608.0,65608.0,1.0,0.0,0.0
2026-03-30 19:26:12,133,2.282129e+06,1.26321547e+08,4.9290468e+07,0.0,0.0,0.0,196218.0,17838.0,1578.0,1.0688512e+08,1.324408832e+09,4723.63,29.0,65707.0,0.0,65707.0,65707.0,1.0,0.0,0.0
2026-03-30 19:26:24,133,2.285572e+06,1.26514024e+08,4.9383962e+07,0.0,0.0,0.0,196516.0,17865.0,1581.0,1.07016192e+08,1.324408832e+09,4730.799999999999,29.0,65807.0,0.0,65807.0,65807.0,1.0,0.0,0.0
2026-03-30 19:26:36,134,2.288972e+06,1.26706594e+08,4.9448112e+07,0.0,0.0,0.0,196813.0,17892.0,1583.0,1.07016192e+08,1.324408832e+09,4738.01,29.0,65907.0,0.0,65907.0,65907.0,1.0,0.0,0.0
2026-03-30 19:26:48,134,2.292378e+06,1.2689376e+08,4.954434e+07,0.0,0.0,0.0,197113.0,17919.0,1586.0,1.07016192e+08,1.324408832e+09,4745.35,29.0,66008.0,0.0,66007.0,66007.0,1.0,0.0,0.0
2026-03-30 19:27:00,134,2.295787e+06,1.27086339e+08,4.9608458e+07,0.0,0.0,0.0,197411.0,17946.0,1588.0,1.07016192e+08,1.324408832e+09,4752.33,29.0,66107.0,0.0,66107.0,66107.0,1.0,0.0,0.0
2026-03-30 19:27:12,134,2.29916e+06,1.27278892e+08,4.9669906e+07,0.0,0.0,0.0,197705.0,17973.0,1590.0,1.07016192e+08,1.324408832e+09,4759.4800000000005,29.0,66206.0,0.0,66206.0,66206.0,1.0,0.0,0.0
2026-03-30 19:27:24,134,2.30265e+06,1.27471404e+08,4.9760724e+07,0.0,0.0,0.0,198003.0,18000.0,1593.0,1.07147264e+08,1.324408832e+09,4766.3,29.0,66307.0,0.0,66306.0,66306.0,1.0,0.0,0.0
2026-03-30 19:27:37,135,2.306201e+06,1.27655769e+08,4.9824842e+07,0.0,0.0,0.0,198297.0,18026.0,1595.0,1.07278336e+08,1.324408832e+09,4773.51,31.0,66404.0,0.0,66403.0,66403.0,1.0,0.0,0.0
2026-03-30 19:27:49,135,2.309527e+06,1.27848368e+08,4.9888992e+07,0.0,0.0,0.0,198594.0,18053.0,1597.0,1.07147264e+08,1.324408832e+09,4781.02,30.0,66505.0,0.0,66504.0,66504.0,1.0,0.0,0.0
2026-03-30 19:28:01,135,2.312918e+06,1.28043576e+08,4.9987858e+07,0.0,0.0,0.0,198891.0,18081.0,1600.0,1.07147264e+08,1.324408832e+09,4788.09,29.0,66604.0,0.0,66604.0,66604.0,1.0,0.0,0.0
2026-03-30 19:28:13,135,2.316507e+06,1.28230643e+08,5.0049274e+07,0.0,0.0,0.0,199186.0,18107.0,1602.0,1.07147264e+08,1.324408832e+09,4795.1,30.0,66703.0,0.0,66702.0,66702.0,1.0,0.0,0.0
2026-03-30 19:28:25,136,2.31993e+06,1.28423158e+08,5.0140124e+07,0.0,0.0,0.0,199485.0,18134.0,1605.0,1.07147264e+08,1.324408832e+09,4802.63,35.0,66803.0,0.0,66802.0,66802.0,1.0,0.0,0.0
2026-03-30 19:28:37,136,2.323538e+06,1.28620934e+08,5.0204242e+07,0.0,0.0,0.0,199783.0,18162.0,1607.0,1.07147264e+08,1.324408832e+09,4809.63,31.0,66904.0,0.0,66903.0,66903.0,1.0,0.0,0.0
2026-03-30 19:28:49,136,2.326982e+06,1.2881344e+08,5.026569e+07,0.0,0.0,0.0,200080.0,18189.0,1609.0,1.07147264e+08,1.324408832e+09,4816.72,35.0,67003.0,0.0,67002.0,67002.0,1.0,0.0,0.0
2026-03-30 19:29:02,136,2.330432e+06,1.29000664e+08,5.0361854e+07,0.0,0.0,0.0,200380.0,18216.0,1612.0,1.07147264e+08,1.324408832e+09,4823.7699999999995,35.0,67104.0,0.0,67103.0,67103.0,1.0,0.0,0.0
2026-03-30 19:29:14,136,2.333922e+06,1.291931e+08,5.0426004e+07,0.0,0.0,0.0,200674.0,18243.0,1614.0,1.07147264e+08,1.324408832e+09,4831.27,29.0,67203.0,0.0,67202.0,67202.0,1.0,0.0,0.0
2026-03-30 19:29:26,137,2.337374e+06,1.29388326e+08,5.0490122e+07,0.0,0.0,0.0,200974.0,18270.0,1616.0,1.07147264e+08,1.324408832e+09,4838.77,29.0,67303.0,0.0,67303.0,67303.0,1.0,0.0,0.0
2026-03-30 19:29:38,137,2.340779e+06,1.29578235e+08,5.058094e+07,0.0,0.0,0.0,201272.0,18297.0,1619.0,1.07147264e+08,1.324408832e+09,4845.83,29.0,67403.0,0.0,67403.0,67403.0,1.0,0.0,0.0
2026-03-30 19:29:50,137,2.344379e+06,1.29770639e+08,5.0642388e+07,0.0,0.0,0.0,201574.0,18324.0,1621.0,1.07278336e+08,1.324408832e+09,4853.11,29.0,67504.0,0.0,67504.0,67504.0,1.0,0.0,0.0
2026-03-30 19:30:03,137,2.347833e+06,1.29968552e+08,5.073585e+07,0.0,0.0,0.0,201874.0,18352.0,1624.0,1.07409408e+08,1.324408832e+09,4860.44,33.0,67605.0,0.0,67604.0,67604.0,1.0,0.0,0.0
2026-03-30 19:30:15,137,2.351288e+06,1.30161061e+08,5.08e+07,0.0,0.0,0.0,202170.0,18379.0,1626.0,1.07278336e+08,1.324408832e+09,4867.6900000000005,30.0,67705.0,0.0,67704.0,67704.0,1.0,0.0,0.0
2026-03-30 19:30:27,138,2.354622e+06,1.30356333e+08,5.0861442e+07,0.0,0.0,0.0,202466.0,18406.0,1628.0,1.07278336e+08,1.324408832e+09,4874.86,29.0,67804.0,0.0,67804.0,67804.0,1.0,0.0,0.0
2026-03-30 19:30:39,138,2.35815e+06,1.30546175e+08,5.0954968e+07,0.0,0.0,0.0,202770.0,18433.0,1631.0,1.07278336e+08,1.324408832e+09,4882.63,35.0,67906.0,0.0,67905.0,67905.0,1.0,0.0,0.0
2026-03-30 19:30:51,138,2.361539e+06,1.30736046e+08,5.1019086e+07,0.0,0.0,0.0,203065.0,18460.0,1633.0,1.07278336e+08,1.324408832e+09,4889.76,35.0,68006.0,0.0,68005.0,68005.0,1.0,0.0,0.0
2026-03-30 19:31:03,138,2.365066e+06,1.30928549e+08,5.1109904e+07,0.0,0.0,0.0,203368.0,18487.0,1636.0,1.07147264e+08,1.324408832e+09,4897.31,31.0,68107.0,0.0,68106.0,68106.0,1.0,0.0,0.0
2026-03-30 19:31:16,138,2.36845e+06,1.31126459e+08,5.1174054e+07,0.0,0.0,0.0,203667.0,18515.0,1638.0,1.07147264e+08,1.324408832e+09,4904.97,30.0,68208.0,0.0,68207.0,68207.0,1.0,0.0,0.0
2026-03-30 19:31:28,139,2.371839e+06,1.31318968e+08,5.1272952e+07,0.0,0.0,0.0,203963.0,18542.0,1641.0,1.07278336e+08,1.324408832e+09,4912.51,30.0,68307.0,0.0,68306.0,68306.0,1.0,0.0,0.0
2026-03-30 19:31:40,139,2.375428e+06,1.31511413e+08,5.1334368e+07,0.0,0.0,0.0,204263.0,18569.0,1643.0,1.07278336e+08,1.324408832e+09,4919.67,31.0,68408.0,0.0,68407.0,68407.0,1.0,0.0,0.0
2026-03-30 19:31:52,139,2.378905e+06,1.31703986e+08,5.1395784e+07,0.0,0.0,0.0,204564.0,18596.0,1645.0,1.07278336e+08,1.324408832e+09,4927.42,31.0,68508.0,0.0,68507.0,68507.0,1.0,0.0,0.0
2026-03-30 19:32:04,139,2.382451e+06,1.31901826e+08,5.1489304e+07,0.0,0.0,0.0,204868.0,18624.0,1648.0,1.07278336e+08,1.324408832e+09,4935.070000000001,29.0,68611.0,0.0,68610.0,68610.0,1.0,0.0,0.0
2026-03-30 19:32:17,139,2.386081e+06,1.32094268e+08,5.155072e+07,0.0,0.0,0.0,205170.0,18651.0,1650.0,1.07278336e+08,1.324408832e+09,4942.46,31.0,68712.0,0.0,68711.0,68711.0,1.0,0.0,0.0
2026-03-30 19:32:29,140,2.389503e+06,1.32294822e+08,5.164424e+07,0.0,0.0,0.0,205469.0,18679.0,1653.0,1.07278336e+08,1.324408832e+09,4949.67,33.0,68812.0,0.0,68811.0,68811.0,1.0,0.0,0.0
2026-03-30 19:32:41,140,2.392972e+06,1.32487337e+08,5.1708358e+07,0.0,0.0,0.0,205766.0,18706.0,1655.0,1.07147264e+08,1.324408832e+09,4957.13,30.0,68912.0,0.0,68911.0,68911.0,1.0,0.0,0.0
2026-03-30 19:32:54,140,2.396357e+06,1.32674576e+08,5.1772514e+07,0.0,0.0,0.0,206066.0,18733.0,1657.0,1.07147264e+08,1.324408832e+09,4964.42,29.0,69012.0,0.0,69012.0,69012.0,1.0,0.0,0.0
2026-03-30 19:33:06,140,2.39994e+06,1.32864325e+08,5.1863332e+07,0.0,0.0,0.0,206365.0,18760.0,1660.0,1.07147264e+08,1.324408832e+09,4971.64,29.0,69112.0,0.0,69112.0,69112.0,1.0,0.0,0.0
2026-03-30 19:33:18,140,2.40358e+06,1.33056735e+08,5.1927418e+07,0.0,0.0,0.0,206668.0,18787.0,1662.0,1.07147264e+08,1.324408832e+09,4978.7,29.0,69214.0,0.0,69213.0,69213.0,1.0,0.0,0.0
2026-03-30 19:33:30,141,2.407018e+06,1.33254607e+08,5.2020938e+07,0.0,0.0,0.0,206966.0,18815.0,1665.0,1.07147264e+08,1.324408832e+09,4985.679999999999,29.0,69313.0,0.0,69313.0,69313.0,1.0,0.0,0.0
2026-03-30 19:33:42,141,2.410515e+06,1.33439042e+08,5.2082386e+07,0.0,0.0,0.0,207261.0,18841.0,1667.0,1.07147264e+08,1.324408832e+09,4992.7300000000005,29.0,69413.0,0.0,69412.0,69412.0,1.0,0.0,0.0
2026-03-30 19:33:54,141,2.414011e+06,1.33639596e+08,5.2146504e+07,0.0,0.0,0.0,207559.0,18869.0,1669.0,1.07147264e+08,1.324408832e+09,4999.65,30.0,69513.0,0.0,69512.0,69512.0,1.0,0.0,0.0
2026-03-30 19:34:07,141,2.417548e+06,1.33826765e+08,5.2242668e+07,0.0,0.0,0.0,207863.0,18896.0,1672.0,1.07278336e+08,1.324408832e+09,5006.71,29.0,69614.0,0.0,69614.0,69614.0,1.0,0.0,0.0
2026-03-30 19:34:19,141,2.420964e+06,1.34024675e+08,5.2306818e+07,0.0,0.0,0.0,208164.0,18924.0,1674.0,1.07278336e+08,1.324408832e+09,5014.29,29.0,69715.0,0.0,69715.0,69715.0,1.0,0.0,0.0
2026-03-30 19:34:31,142,2.424463e+06,1.34217146e+08,5.2397636e+07,0.0,0.0,0.0,208462.0,18951.0,1677.0,1.07147264e+08,1.324408832e+09,5021.700000000001,35.0,69815.0,0.0,69814.0,69814.0,1.0,0.0,0.0
2026-03-30 19:34:43,142,2.427909e+06,1.34401636e+08,5.2461754e+07,0.0,0.0,0.0,208758.0,18977.0,1679.0,1.07016192e+08,1.324408832e+09,5028.84,29.0,69914.0,0.0,69914.0,69914.0,1.0,0.0,0.0
2026-03-30 19:34:55,142,2.431358e+06,1.34604933e+08,5.252317e+07,0.0,0.0,0.0,209055.0,19005.0,1681.0,1.07016192e+08,1.324408832e+09,5035.83,29.0,70015.0,0.0,70014.0,70014.0,1.0,0.0,0.0
2026-03-30 19:35:08,142,2.434793e+06,1.34792128e+08,5.2619398e+07,0.0,0.0,0.0,209358.0,19032.0,1684.0,1.07016192e+08,1.324408832e+09,5042.99,29.0,70115.0,0.0,70115.0,70115.0,1.0,0.0,0.0
2026-03-30 19:35:20,142,2.438174e+06,1.34984663e+08,5.2683548e+07,0.0,0.0,0.0,209655.0,19059.0,1686.0,1.07147264e+08,1.324408832e+09,5050.0,29.0,70215.0,0.0,70215.0,70215.0,1.0,0.0,0.0
2026-03-30 19:35:32,143,2.441706e+06,1.35179775e+08,5.2774334e+07,0.0,0.0,0.0,209951.0,19086.0,1689.0,1.07278336e+08,1.324408832e+09,5057.19,31.0,70315.0,0.0,70314.0,70314.0,1.0,0.0,0.0
2026-03-30 19:35:44,143,2.445167e+06,1.35369652e+08,5.2835814e+07,0.0,0.0,0.0,210252.0,19113.0,1691.0,1.07278336e+08,1.324408832e+09,5064.570000000001,29.0,70415.0,0.0,70415.0,70415.0,1.0,0.0,0.0
2026-03-30 19:35:56,143,2.448686e+06,1.35570174e+08,5.2899932e+07,0.0,0.0,0.0,210552.0,19141.0,1693.0,1.07147264e+08,1.324408832e+09,5072.54,29.0,70516.0,0.0,70516.0,70516.0,1.0,0.0,0.0
2026-03-30 19:36:08,143,2.452195e+06,1.35759943e+08,5.299075e+07,0.0,0.0,0.0,210850.0,19168.0,1696.0,1.07147264e+08,1.324408832e+09,5079.77,30.0,70617.0,0.0,70616.0,70616.0,1.0,0.0,0.0
2026-03-30 19:36:21,143,2.4556e+06,1.3595518e+08,5.3052166e+07,0.0,0.0,0.0,211147.0,19195.0,1698.0,1.07147264e+08,1.324408832e+09,5086.8,29.0,70717.0,0.0,70716.0,70716.0,1.0,0.0,0.0
2026-03-30 19:36:33,144,2.459096e+06,1.36145016e+08,5.3148362e+07,0.0,0.0,0.0,211448.0,19222.0,1701.0,1.07147264e+08,1.324408832e+09,5094.04,33.0,70817.0,0.0,70816.0,70816.0,1.0,0.0,0.0
2026-03-30 19:36:45,144,2.462621e+06,1.36337487e+08,5.3209778e+07,0.0,0.0,0.0,211744.0,19249.0,1703.0,1.07278336e+08,1.324408832e+09,5101.450000000001,35.0,70916.0,0.0,70915.0,70915.0,1.0,0.0,0.0
2026-03-30 19:36:57,144,2.466069e+06,1.36529961e+08,5.3271226e+07,0.0,0.0,0.0,212042.0,19276.0,1705.0,1.07278336e+08,1.324408832e+09,5108.85,29.0,71016.0,0.0,71016.0,71016.0,1.0,0.0,0.0
2026-03-30 19:37:09,144,2.46955e+06,1.36722456e+08,5.3364714e+07,0.0,0.0,0.0,212339.0,19303.0,1708.0,1.07278336e+08,1.324408832e+09,5116.1,30.0,71116.0,0.0,71115.0,71115.0,1.0,0.0,0.0
2026-03-30 19:37:21,144,2.472915e+06,1.36920369e+08,5.3423486e+07,0.0,0.0,0.0,212636.0,19330.0,1710.0,1.07278336e+08,1.324408832e+09,5123.33,29.0,71216.0,0.0,71215.0,71215.0,1.0,0.0,0.0
2026-03-30 19:37:33,145,2.476408e+06,1.37112875e+08,5.3487604e+07,0.0,0.0,0.0,212938.0,19357.0,1712.0,1.07016192e+08,1.324408832e+09,5131.2,29.0,71316.0,0.0,71316.0,71316.0,1.0,0.0,0.0
2026-03-30 19:37:46,145,2.47979e+06,1.37302781e+08,5.358647e+07,0.0,0.0,0.0,213233.0,19384.0,1715.0,1.07016192e+08,1.324408832e+09,5138.37,30.0,71416.0,0.0,71415.0,71415.0,1.0,0.0,0.0
2026-03-30 19:37:58,145,2.483249e+06,1.37495302e+08,5.3647918e+07,0.0,0.0,0.0,213531.0,19411.0,1717.0,1.07016192e+08,1.324408832e+09,5145.799999999999,29.0,71516.0,0.0,71515.0,71515.0,1.0,0.0,0.0
2026-03-30 19:38:10,145,2.486818e+06,1.37693113e+08,5.3738736e+07,0.0,0.0,0.0,213832.0,19439.0,1720.0,1.07147264e+08,1.324408832e+09,5152.99,29.0,71617.0,0.0,71616.0,71616.0,1.0,0.0,0.0
2026-03-30 19:38:22,145,2.490262e+06,1.37885619e+08,5.3800184e+07,0.0,0.0,0.0,214127.0,19466.0,1722.0,1.07016192e+08,1.324408832e+09,5159.7,29.0,71716.0,0.0,71715.0,71715.0,1.0,0.0,0.0
2026-03-30 19:38:34,146,2.493898e+06,1.38078026e+08,5.3864302e+07,0.0,0.0,0.0,214430.0,19493.0,1724.0,1.07016192e+08,1.324408832e+09,5166.5599999999995,31.0,71817.0,0.0,71816.0,71816.0,1.0,0.0,0.0
2026-03-30 19:38:47,146,2.497325e+06,1.38267871e+08,5.3957828e+07,0.0,0.0,0.0,214730.0,19520.0,1727.0,1.07147264e+08,1.324408832e+09,5173.889999999999,29.0,71917.0,0.0,71917.0,71917.0,1.0,0.0,0.0
2026-03-30 19:38:59,146,2.50076e+06,1.38460409e+08,5.4021978e+07,0.0,0.0,0.0,215025.0,19547.0,1729.0,1.07147264e+08,1.324408832e+09,5181.219999999999,30.0,72017.0,0.0,72016.0,72016.0,1.0,0.0,0.0
2026-03-30 19:39:11,146,2.504247e+06,1.38650216e+08,5.4112796e+07,0.0,0.0,0.0,215323.0,19574.0,1732.0,1.07147264e+08,1.324408832e+09,5188.9,35.0,72116.0,0.0,72115.0,72115.0,1.0,0.0,0.0
2026-03-30 19:39:23,146,2.507729e+06,1.38848094e+08,5.4179622e+07,0.0,0.0,0.0,215625.0,19602.0,1734.0,1.07016192e+08,1.324408832e+09,5196.03,30.0,72218.0,0.0,72217.0,72217.0,1.0,0.0,0.0
2026-03-30 19:39:35,147,2.511229e+06,1.39040606e+08,5.427044e+07,0.0,0.0,0.0,215924.0,19629.0,1737.0,1.07016192e+08,1.324408832e+09,5203.080000000001,29.0,72319.0,0.0,72318.0,72318.0,1.0,0.0,0.0
2026-03-30 19:39:47,147,2.514635e+06,1.39230442e+08,5.4334558e+07,0.0,0.0,0.0,216218.0,19656.0,1739.0,1.07147264e+08,1.324408832e+09,5210.17,31.0,72417.0,0.0,72416.0,72416.0,1.0,0.0,0.0
2026-03-30 19:39:59,147,2.518175e+06,1.39422884e+08,5.4398644e+07,0.0,0.0,0.0,216513.0,19683.0,1741.0,1.07147264e+08,1.324408832e+09,5217.3099999999995,35.0,72516.0,0.0,72515.0,72515.0,1.0,0.0,0.0
2026-03-30 19:40:12,147,2.52163e+06,1.39612726e+08,5.4492164e+07,0.0,0.0,0.0,216811.0,19710.0,1744.0,1.07147264e+08,1.324408832e+09,5225.04,30.0,72616.0,0.0,72615.0,72615.0,1.0,0.0,0.0
2026-03-30 19:40:24,147,2.525076e+06,1.39807917e+08,5.4553612e+07,0.0,0.0,0.0,217108.0,19737.0,1746.0,1.07147264e+08,1.324408832e+09,5232.14,29.0,72715.0,0.0,72715.0,72715.0,1.0,0.0,0.0
2026-03-30 19:40:36,148,2.528512e+06,1.39992416e+08,5.461506e+07,0.0,0.0,0.0,217404.0,19763.0,1748.0,1.07278336e+08,1.324408832e+09,5238.86,29.0,72815.0,0.0,72814.0,72814.0,1.0,0.0,0.0
2026-03-30 19:40:48,148,2.531828e+06,1.40187694e+08,5.4708586e+07,0.0,0.0,0.0,217702.0,19791.0,1751.0,1.07405312e+08,1.324408832e+09,5245.900000000001,33.0,72914.0,0.0,72913.0,72913.0,1.0,0.0,0.0
2026-03-30 19:41:00,148,2.535306e+06,1.40382905e+08,5.4772704e+07,0.0,0.0,0.0,218002.0,19818.0,1753.0,1.0727424e+08,1.324408832e+09,5252.849999999999,29.0,73015.0,0.0,73015.0,73015.0,1.0,0.0,0.0
2026-03-30 19:41:12,148,2.538793e+06,1.40570051e+08,5.4863554e+07,0.0,0.0,0.0,218304.0,19845.0,1756.0,1.0727424e+08,1.324408832e+09,5259.95,31.0,73116.0,0.0,73115.0,73115.0,1.0,0.0,0.0
2026-03-30 19:41:24,148,2.542343e+06,1.40762487e+08,5.4927672e+07,0.0,0.0,0.0,218602.0,19872.0,1758.0,1.0727424e+08,1.324408832e+09,5267.1900000000005,31.0,73215.0,0.0,73214.0,73214.0,1.0,0.0,0.0
2026-03-30 19:41:37,149,2.545782e+06,1.40955028e+08,5.498912e+07,0.0,0.0,0.0,218900.0,19899.0,1760.0,1.07405312e+08,1.324408832e+09,5274.6,30.0,73316.0,0.0,73315.0,73315.0,1.0,0.0,0.0
2026-03-30 19:41:49,149,2.549132e+06,1.41142258e+08,5.5085284e+07,0.0,0.0,0.0,219191.0,19926.0,1763.0,1.0727424e+08,1.324408832e+09,5281.56,29.0,73414.0,0.0,73413.0,73413.0,1.0,0.0,0.0
2026-03-30 19:42:01,149,2.552596e+06,1.41334764e+08,5.5149434e+07,0.0,0.0,0.0,219489.0,19953.0,1765.0,1.0727424e+08,1.324408832e+09,5289.09,29.0,73513.0,0.0,73513.0,73513.0,1.0,0.0,0.0
2026-03-30 19:42:13,149,2.556034e+06,1.4153001e+08,5.5240252e+07,0.0,0.0,0.0,219789.0,19980.0,1768.0,1.07012096e+08,1.324408832e+09,5295.92,29.0,73613.0,0.0,73613.0,73613.0,1.0,0.0,0.0
2026-03-30 19:42:25,150,2.559362e+06,1.4171991e+08,5.53017e+07,0.0,0.0,0.0,220082.0,20007.0,1770.0,1.07012096e+08,1.324408832e+09,5302.719999999999,31.0,73713.0,0.0,73712.0,73712.0,1.0,0.0,0.0
2026-03-30 19:42:37,150,2.562992e+06,1.41912282e+08,5.5365818e+07,0.0,0.0,0.0,220380.0,20034.0,1772.0,1.07012096e+08,1.324408832e+09,5309.900000000001,29.0,73812.0,0.0,73812.0,73812.0,1.0,0.0,0.0
2026-03-30 19:42:49,150,2.566435e+06,1.42104835e+08,5.5459312e+07,0.0,0.0,0.0,220679.0,20061.0,1775.0,1.07012096e+08,1.324408832e+09,5317.120000000001,29.0,73912.0,0.0,73912.0,73912.0,1.0,0.0,0.0
2026-03-30 19:43:02,150,2.569908e+06,1.4230271e+08,5.5523462e+07,0.0,0.0,0.0,220979.0,20089.0,1777.0,1.07012096e+08,1.324408832e+09,5324.03,31.0,74013.0,0.0,74012.0,74012.0,1.0,0.0,0.0
2026-03-30 19:43:14,150,2.572065e+06,1.42428419e+08,5.558758e+07,0.0,0.0,0.0,221168.0,20106.0,1779.0,1.07012096e+08,1.324408832e+09,5328.660000000001,29.0,74077.0,0.0,74077.0,74077.0,1.0,0.0,0.0
2026-03-30 19:43:26,151,2.573938e+06,1.42527332e+08,5.561695e+07,0.0,0.0,0.0,221328.0,20120.0,1780.0,1.07012096e+08,1.324408832e+09,5332.8099999999995,29.0,74130.0,0.0,74130.0,74130.0,1.0,0.0,0.0
2026-03-30 19:43:38,151,2.577688e+06,1.42725076e+08,5.5678398e+07,0.0,0.0,0.0,221638.0,20148.0,1782.0,1.07012096e+08,1.324408832e+09,5340.01,35.0,74234.0,0.0,74233.0,74233.0,1.0,0.0,0.0
2026-03-30 19:43:51,151,2.581064e+06,1.42920366e+08,5.5774562e+07,0.0,0.0,0.0,221936.0,20176.0,1785.0,1.07012096e+08,1.324408832e+09,5347.05,29.0,74334.0,0.0,74334.0,74334.0,1.0,0.0,0.0
2026-03-30 19:44:03,151,2.58456e+06,1.43112872e+08,5.5838712e+07,0.0,0.0,0.0,222234.0,20203.0,1787.0,1.07012096e+08,1.324408832e+09,5353.860000000001,29.0,74434.0,0.0,74434.0,74434.0,1.0,0.0,0.0
2026-03-30 19:44:15,151,2.588022e+06,1.4329731e+08,5.590283e+07,0.0,0.0,0.0,222529.0,20229.0,1789.0,1.07143168e+08,1.324408832e+09,5360.7699999999995,29.0,74534.0,0.0,74533.0,74533.0,1.0,0.0,0.0
2026-03-30 19:44:27,152,2.591376e+06,1.43495226e+08,5.599368e+07,0.0,0.0,0.0,222827.0,20257.0,1792.0,1.07143168e+08,1.324408832e+09,5367.99,35.0,74633.0,0.0,74632.0,74632.0,1.0,0.0,0.0
2026-03-30 19:44:40,152,2.595091e+06,1.43687662e+08,5.6057798e+07,0.0,0.0,0.0,223135.0,20284.0,1794.0,1.06881024e+08,1.324408832e+09,5375.3099999999995,30.0,74737.0,0.0,74736.0,74736.0,1.0,0.0,0.0
2026-03-30 19:44:52,152,2.598479e+06,1.43882873e+08,5.6153994e+07,0.0,0.0,0.0,223432.0,20312.0,1797.0,1.0727424e+08,1.324408832e+09,5382.070000000001,29.0,74836.0,0.0,74836.0,74836.0,1.0,0.0,0.0
2026-03-30 19:45:04,152,2.602036e+06,1.44069972e+08,5.621541e+07,0.0,0.0,0.0,223728.0,20338.0,1799.0,1.0727424e+08,1.324408832e+09,5388.71,35.0,74936.0,0.0,74935.0,74935.0,1.0,0.0,0.0
2026-03-30 19:45:16,152,2.605606e+06,1.44267766e+08,5.6306228e+07,0.0,0.0,0.0,224029.0,20366.0,1802.0,1.0727424e+08,1.324408832e+09,5396.389999999999,29.0,75036.0,0.0,75036.0,75036.0,1.0,0.0,0.0
2026-03-30 19:45:29,153,2.609021e+06,1.44462945e+08,5.6367676e+07,0.0,0.0,0.0,224323.0,20393.0,1804.0,1.0727424e+08,1.324408832e+09,5403.610000000001,33.0,75135.0,0.0,75134.0,75134.0,1.0,0.0,0.0
2026-03-30 19:45:41,153,2.612552e+06,1.44655486e+08,5.6429124e+07,0.0,0.0,0.0,224624.0,20420.0,1806.0,1.07143168e+08,1.324408832e+09,5411.11,29.0,75236.0,0.0,75236.0,75236.0,1.0,0.0,0.0
2026-03-30 19:45:53,153,2.615925e+06,1.44842687e+08,5.652799e+07,0.0,0.0,0.0,224922.0,20447.0,1809.0,1.07143168e+08,1.324408832e+09,5417.86,31.0,75336.0,0.0,75335.0,75335.0,1.0,0.0,0.0
2026-03-30 19:46:05,153,2.61948e+06,1.45035158e+08,5.6589438e+07,0.0,0.0,0.0,225224.0,20474.0,1811.0,1.07143168e+08,1.324408832e+09,5425.3,29.0,75437.0,0.0,75437.0,75437.0,1.0,0.0,0.0
2026-03-30 19:46:18,153,2.622848e+06,1.45230436e+08,5.6680256e+07,0.0,0.0,0.0,225520.0,20501.0,1814.0,1.07143168e+08,1.324408832e+09,5432.5599999999995,29.0,75536.0,0.0,75536.0,75536.0,1.0,0.0,0.0
2026-03-30 19:46:30,154,2.626236e+06,1.45420275e+08,5.6744374e+07,0.0,0.0,0.0,225818.0,20528.0,1816.0,1.0727424e+08,1.324408832e+09,5440.02,30.0,75637.0,0.0,75636.0,75636.0,1.0,0.0,0.0
2026-03-30 19:46:42,154,2.6298e+06,1.45620794e+08,5.6805822e+07,0.0,0.0,0.0,226127.0,20556.0,1818.0,1.0727424e+08,1.324408832e+09,5448.04,30.0,75740.0,0.0,75739.0,75739.0,1.0,0.0,0.0
2026-03-30 19:46:55,154,2.633162e+06,1.45808021e+08,5.6902018e+07,0.0,0.0,0.0,226423.0,20583.0,1821.0,1.0727424e+08,1.324408832e+09,5455.0599999999995,29.0,75839.0,0.0,75839.0,75839.0,1.0,0.0,0.0
2026-03-30 19:47:07,154,2.636552e+06,1.46003293e+08,5.6963434e+07,0.0,0.0,0.0,226721.0,20610.0,1823.0,1.07405312e+08,1.324408832e+09,5463.33,29.0,75939.0,0.0,75939.0,75939.0,1.0,0.0,0.0
2026-03-30 19:47:19,154,2.639892e+06,1.46193193e+08,5.7054252e+07,0.0,0.0,0.0,227012.0,20637.0,1826.0,1.0727424e+08,1.324408832e+09,5470.73,29.0,76037.0,0.0,76037.0,76037.0,1.0,0.0,0.0
2026-03-30 19:47:31,155,2.64335e+06,1.46385699e+08,5.711837e+07,0.0,0.0,0.0,227307.0,20664.0,1828.0,1.0727424e+08,1.324408832e+09,5478.53,30.0,76137.0,0.0,76136.0,76136.0,1.0,0.0,0.0
2026-03-30 19:47:43,155,2.64689e+06,1.4658625e+08,5.717985e+07,0.0,0.0,0.0,227616.0,20692.0,1830.0,1.0727424e+08,1.324408832e+09,5487.75,35.0,76240.0,0.0,76239.0,76239.0,1.0,0.0,0.0
2026-03-30 19:47:56,155,2.650205e+06,1.46773489e+08,5.7278748e+07,0.0,0.0,0.0,227912.0,20719.0,1833.0,1.07143168e+08,1.324408832e+09,5495.86,30.0,76339.0,0.0,76338.0,76338.0,1.0,0.0,0.0
2026-03-30 19:48:08,155,2.653721e+06,1.46966027e+08,5.7342866e+07,0.0,0.0,0.0,228217.0,20746.0,1835.0,1.07143168e+08,1.324408832e+09,5504.96,30.0,76442.0,0.0,76441.0,76441.0,1.0,0.0,0.0
2026-03-30 19:48:21,155,2.657278e+06,1.47166479e+08,5.7433652e+07,0.0,0.0,0.0,228514.0,20774.0,1838.0,1.07012096e+08,1.324408832e+09,5513.67,31.0,76542.0,0.0,76541.0,76541.0,1.0,0.0,0.0
2026-03-30 19:48:33,156,2.660781e+06,1.4735902e+08,5.7495132e+07,0.0,0.0,0.0,228818.0,20801.0,1840.0,1.0727424e+08,1.324408832e+09,5523.24,30.0,76644.0,0.0,76643.0,76643.0,1.0,0.0,0.0
2026-03-30 19:48:45,156,2.664179e+06,1.47548856e+08,5.755925e+07,0.0,0.0,0.0,229113.0,20828.0,1842.0,1.07405312e+08,1.324408832e+09,5531.37,29.0,76742.0,0.0,76742.0,76742.0,1.0,0.0,0.0
2026-03-30 19:48:58,156,2.667621e+06,1.47741356e+08,5.7652738e+07,0.0,0.0,0.0,229408.0,20855.0,1845.0,1.07536384e+08,1.324408832e+09,5539.27,30.0,76841.0,0.0,76840.0,76840.0,1.0,0.0,0.0
2026-03-30 19:49:10,156,2.671015e+06,1.47933862e+08,5.7716856e+07,0.0,0.0,0.0,229703.0,20882.0,1847.0,1.07405312e+08,1.324408832e+09,5547.36,30.0,76940.0,0.0,76939.0,76939.0,1.0,0.0,0.0
2026-03-30 19:49:22,156,2.674342e+06,1.48118393e+08,5.7780974e+07,0.0,0.0,0.0,229992.0,20908.0,1849.0,1.07405312e+08,1.324408832e+09,5555.009999999999,29.0,77038.0,0.0,77037.0,77037.0,1.0,0.0,0.0
2026-03-30 19:49:34,157,2.677829e+06,1.48305562e+08,5.7874468e+07,0.0,0.0,0.0,230294.0,20935.0,1852.0,1.07536384e+08,1.324408832e+09,5563.5599999999995,30.0,77138.0,0.0,77137.0,77137.0,1.0,0.0,0.0
2026-03-30 19:49:46,157,2.681155e+06,1.48492804e+08,5.7938624e+07,0.0,0.0,0.0,230591.0,20962.0,1854.0,1.07405312e+08,1.324408832e+09,5571.99,30.0,77237.0,0.0,77236.0,77236.0,1.0,0.0,0.0
2026-03-30 19:49:58,157,2.684651e+06,1.4869339e+08,5.8029442e+07,0.0,0.0,0.0,230892.0,20990.0,1857.0,1.07405312e+08,1.324408832e+09,5580.62,30.0,77339.0,0.0,77338.0,77338.0,1.0,0.0,0.0
2026-03-30 19:50:11,157,2.687961e+06,1.48875274e+08,5.8096268e+07,0.0,0.0,0.0,231187.0,21016.0,1859.0,1.0727424e+08,1.324408832e+09,5588.86,29.0,77438.0,0.0,77437.0,77437.0,1.0,0.0,0.0
2026-03-30 19:50:23,157,2.691527e+06,1.49073088e+08,5.8187086e+07,0.0,0.0,0.0,231487.0,21044.0,1862.0,1.0727424e+08,1.324408832e+09,5598.030000000001,31.0,77538.0,0.0,77537.0,77537.0,1.0,0.0,0.0
2026-03-30 19:50:36,158,2.695087e+06,1.49265597e+08,5.8248534e+07,0.0,0.0,0.0,231789.0,21071.0,1864.0,1.07143168e+08,1.324408832e+09,5605.99,30.0,77640.0,0.0,77639.0,77639.0,1.0,0.0,0.0
2026-03-30 19:50:48,158,2.698615e+06,1.49455366e+08,5.8344698e+07,0.0,0.0,0.0,232088.0,21098.0,1867.0,1.0727424e+08,1.324408832e+09,5614.22,29.0,77740.0,0.0,77739.0,77739.0,1.0,0.0,0.0
2026-03-30 19:51:00,158,2.702117e+06,1.49645196e+08,5.8408848e+07,0.0,0.0,0.0,232386.0,21125.0,1869.0,1.0727424e+08,1.324408832e+09,5622.4800000000005,31.0,77840.0,0.0,77839.0,77839.0,1.0,0.0,0.0
2026-03-30 19:51:12,158,2.705494e+06,1.49843147e+08,5.8472966e+07,0.0,0.0,0.0,232685.0,21153.0,1871.0,1.07143168e+08,1.324408832e+09,5630.95,31.0,77940.0,0.0,77939.0,77939.0,1.0,0.0,0.0
2026-03-30 19:51:25,159,2.708928e+06,1.50032983e+08,5.856646e+07,0.0,0.0,0.0,232982.0,21180.0,1874.0,1.0727424e+08,1.324408832e+09,5639.03,30.0,78040.0,0.0,78039.0,78039.0,1.0,0.0,0.0
2026-03-30 19:51:37,159,2.712332e+06,1.50217485e+08,5.8627876e+07,0.0,0.0,0.0,233276.0,21206.0,1876.0,1.0727424e+08,1.324408832e+09,5646.5199999999995,31.0,78139.0,0.0,78138.0,78138.0,1.0,0.0,0.0
2026-03-30 19:51:49,159,2.715626e+06,1.50410049e+08,5.8724104e+07,0.0,0.0,0.0,233570.0,21233.0,1879.0,1.07405312e+08,1.324408832e+09,5654.4,31.0,78237.0,0.0,78236.0,78236.0,1.0,0.0,0.0
2026-03-30 19:52:01,159,2.719046e+06,1.50599961e+08,5.8785552e+07,0.0,0.0,0.0,233868.0,21260.0,1881.0,1.07405312e+08,1.324408832e+09,5662.969999999999,30.0,78338.0,0.0,78337.0,78337.0,1.0,0.0,0.0
2026-03-30 19:52:14,159,2.722478e+06,1.50792499e+08,5.887911e+07,0.0,0.0,0.0,234172.0,21288.0,1884.0,1.07405312e+08,1.324408832e+09,5671.43,29.0,78438.0,0.0,78438.0,78438.0,1.0,0.0,0.0
2026-03-30 19:52:26,160,2.725789e+06,1.50982434e+08,5.8943228e+07,0.0,0.0,0.0,234465.0,21315.0,1886.0,1.07405312e+08,1.324408832e+09,5678.9400000000005,29.0,78536.0,0.0,78536.0,78536.0,1.0,0.0,0.0
2026-03-30 19:52:38,160,2.729216e+06,1.51174975e+08,5.9007346e+07,0.0,0.0,0.0,234764.0,21342.0,1888.0,1.0727424e+08,1.324408832e+09,5687.14,29.0,78638.0,0.0,78637.0,78637.0,1.0,0.0,0.0
2026-03-30 19:52:51,160,2.732671e+06,1.51364814e+08,5.9103542e+07,0.0,0.0,0.0,235061.0,21369.0,1891.0,1.0727424e+08,1.324408832e+09,5694.96,30.0,78737.0,0.0,78736.0,78736.0,1.0,0.0,0.0
2026-03-30 19:53:03,160,2.736158e+06,1.51551945e+08,5.9164958e+07,0.0,0.0,0.0,235356.0,21395.0,1893.0,1.0727424e+08,1.324408832e+09,5702.31,30.0,78835.0,0.0,78834.0,78834.0,1.0,0.0,0.0
2026-03-30 19:53:15,160,2.739747e+06,1.51749698e+08,5.9226406e+07,0.0,0.0,0.0,235653.0,21423.0,1895.0,1.07405312e+08,1.324408832e+09,5710.45,31.0,78936.0,0.0,78935.0,78935.0,1.0,0.0,0.0
2026-03-30 19:53:27,161,2.743138e+06,1.51934191e+08,5.9319894e+07,0.0,0.0,0.0,235950.0,21449.0,1898.0,1.0727424e+08,1.324408832e+09,5718.540000000001,29.0,79035.0,0.0,79034.0,79034.0,1.0,0.0,0.0
2026-03-30 19:53:40,161,2.746461e+06,1.52126802e+08,5.9384012e+07,0.0,0.0,0.0,236244.0,21476.0,1900.0,1.07405312e+08,1.324408832e+09,5727.07,31.0,79134.0,0.0,79133.0,79133.0,1.0,0.0,0.0
2026-03-30 19:53:52,161,2.74985e+06,1.52316679e+08,5.9477506e+07,0.0,0.0,0.0,236538.0,21503.0,1903.0,1.07536384e+08,1.324408832e+09,5735.129999999999,30.0,79232.0,0.0,79231.0,79231.0,1.0,0.0,0.0
2026-03-30 19:54:04,161,2.753286e+06,1.52506573e+08,5.9541656e+07,0.0,0.0,0.0,236841.0,21530.0,1905.0,1.07536384e+08,1.324408832e+09,5743.679999999999,29.0,79334.0,0.0,79333.0,79333.0,1.0,0.0,0.0
2026-03-30 19:54:17,161,2.756846e+06,1.52707069e+08,5.9605774e+07,0.0,0.0,0.0,237141.0,21558.0,1907.0,1.0727424e+08,1.324408832e+09,5752.87,30.0,79435.0,0.0,79434.0,79434.0,1.0,0.0,0.0
2026-03-30 19:54:29,162,2.760282e+06,1.52899575e+08,5.9699262e+07,0.0,0.0,0.0,237442.0,21585.0,1910.0,1.07143168e+08,1.324408832e+09,5761.73,29.0,79536.0,0.0,79535.0,79535.0,1.0,0.0,0.0
2026-03-30 19:54:42,162,2.763727e+06,1.53092084e+08,5.9763412e+07,0.0,0.0,0.0,237740.0,21612.0,1912.0,1.07143168e+08,1.324408832e+09,5769.700000000001,31.0,79635.0,0.0,79634.0,79634.0,1.0,0.0,0.0
2026-03-30 19:54:54,162,2.767137e+06,1.53281952e+08,5.982753e+07,0.0,0.0,0.0,238038.0,21639.0,1914.0,1.07143168e+08,1.324408832e+09,5777.87,29.0,79736.0,0.0,79735.0,79735.0,1.0,0.0,0.0
2026-03-30 19:55:06,162,2.770602e+06,1.53474461e+08,5.9918348e+07,0.0,0.0,0.0,238337.0,21666.0,1917.0,1.0727424e+08,1.324408832e+09,5786.46,29.0,79835.0,0.0,79835.0,79835.0,1.0,0.0,0.0
2026-03-30 19:55:18,162,2.774165e+06,1.53672246e+08,5.9982466e+07,0.0,0.0,0.0,238635.0,21694.0,1919.0,1.0727424e+08,1.324408832e+09,5795.72,35.0,79936.0,0.0,79935.0,79935.0,1.0,0.0,0.0
2026-03-30 19:55:31,163,2.777579e+06,1.5386479e+08,6.007596e+07,0.0,0.0,0.0,238932.0,21721.0,1922.0,1.0727424e+08,1.324408832e+09,5804.04,31.0,80035.0,0.0,80034.0,80034.0,1.0,0.0,0.0
2026-03-30 19:55:43,163,2.781058e+06,1.54054661e+08,6.0140078e+07,0.0,0.0,0.0,239233.0,21748.0,1924.0,1.07143168e+08,1.324408832e+09,5812.17,29.0,80136.0,0.0,80136.0,80136.0,1.0,0.0,0.0
2026-03-30 19:55:56,163,2.784485e+06,1.5424717e+08,6.0201494e+07,0.0,0.0,0.0,239525.0,21775.0,1926.0,1.07012096e+08,1.324408832e+09,5819.81,31.0,80235.0,0.0,80234.0,80234.0,1.0,0.0,0.0
2026-03-30 19:56:08,163,2.788022e+06,1.54439641e+08,6.0295014e+07,0.0,0.0,0.0,239826.0,21802.0,1929.0,1.07143168e+08,1.324408832e+09,5828.07,31.0,80335.0,0.0,80334.0,80334.0,1.0,0.0,0.0
2026-03-30 19:56:20,163,2.791474e+06,1.54634855e+08,6.035643e+07,0.0,0.0,0.0,240121.0,21829.0,1931.0,1.07143168e+08,1.324408832e+09,5836.280000000001,29.0,80435.0,0.0,80434.0,80434.0,1.0,0.0,0.0
2026-03-30 19:56:32,164,2.794803e+06,1.54827454e+08,6.044995e+07,0.0,0.0,0.0,240417.0,21856.0,1934.0,1.0727424e+08,1.324408832e+09,5844.84,35.0,80534.0,0.0,80533.0,80533.0,1.0,0.0,0.0
2026-03-30 19:56:45,164,2.798237e+06,1.55017328e+08,6.0511398e+07,0.0,0.0,0.0,240714.0,21883.0,1936.0,1.07143168e+08,1.324408832e+09,5853.25,29.0,80634.0,0.0,80633.0,80633.0,1.0,0.0,0.0
2026-03-30 19:56:57,164,2.801757e+06,1.55209764e+08,6.0572846e+07,0.0,0.0,0.0,241011.0,21910.0,1938.0,1.0727424e+08,1.324408832e+09,5861.54,29.0,80733.0,0.0,80733.0,80733.0,1.0,0.0,0.0
2026-03-30 19:57:09,164,2.805323e+06,1.55396869e+08,6.066901e+07,0.0,0.0,0.0,241310.0,21937.0,1941.0,1.07143168e+08,1.324408832e+09,5869.48,30.0,80834.0,0.0,80833.0,80833.0,1.0,0.0,0.0
2026-03-30 19:57:22,164,2.808819e+06,1.55589346e+08,6.073316e+07,0.0,0.0,0.0,241608.0,21964.0,1943.0,1.07143168e+08,1.324408832e+09,5877.87,30.0,80934.0,0.0,80933.0,80933.0,1.0,0.0,0.0
2026-03-30 19:57:34,165,2.812265e+06,1.55779194e+08,6.0823978e+07,0.0,0.0,0.0,241906.0,21991.0,1946.0,1.07012096e+08,1.324408832e+09,5886.32,30.0,81033.0,0.0,81032.0,81032.0,1.0,0.0,0.0
2026-03-30 19:57:46,165,2.815662e+06,1.55974405e+08,6.0885426e+07,0.0,0.0,0.0,242199.0,22018.0,1948.0,1.07012096e+08,1.324408832e+09,5894.889999999999,29.0,81131.0,0.0,81131.0,81131.0,1.0,0.0,0.0
2026-03-30 19:57:58,165,2.819028e+06,1.56158901e+08,6.0946874e+07,0.0,0.0,0.0,242489.0,22044.0,1950.0,1.07012096e+08,1.324408832e+09,5903.17,29.0,81229.0,0.0,81229.0,81229.0,1.0,0.0,0.0
2026-03-30 19:58:10,165,2.82262e+06,1.56356683e+08,6.1043038e+07,0.0,0.0,0.0,242792.0,22072.0,1953.0,1.07012096e+08,1.324408832e+09,5911.47,29.0,81330.0,0.0,81330.0,81330.0,1.0,0.0,0.0
2026-03-30 19:58:23,165,2.826042e+06,1.56549221e+08,6.1104486e+07,0.0,0.0,0.0,243090.0,22099.0,1955.0,1.07143168e+08,1.324408832e+09,5920.25,35.0,81430.0,0.0,81429.0,81429.0,1.0,0.0,0.0
2026-03-30 19:58:35,166,2.829492e+06,1.56739063e+08,6.1195304e+07,0.0,0.0,0.0,243389.0,22126.0,1958.0,1.07143168e+08,1.324408832e+09,5928.67,35.0,81530.0,0.0,81529.0,81529.0,1.0,0.0,0.0
2026-03-30 19:58:47,166,2.832909e+06,1.56928902e+08,6.1256784e+07,0.0,0.0,0.0,243684.0,22153.0,1960.0,1.07143168e+08,1.324408832e+09,5936.51,29.0,81628.0,0.0,81628.0,81628.0,1.0,0.0,0.0
2026-03-30 19:58:59,166,2.836454e+06,1.57121344e+08,6.1320902e+07,0.0,0.0,0.0,243982.0,22180.0,1962.0,1.07012096e+08,1.324408832e+09,5944.59,31.0,81729.0,0.0,81728.0,81728.0,1.0,0.0,0.0
2026-03-30 19:59:12,166,2.839842e+06,1.57300497e+08,6.1417098e+07,0.0,0.0,0.0,244276.0,22206.0,1965.0,1.07012096e+08,1.324408832e+09,5952.57,33.0,81827.0,0.0,81826.0,81826.0,1.0,0.0,0.0
2026-03-30 19:59:24,166,2.843308e+06,1.57495647e+08,6.1481216e+07,0.0,0.0,0.0,244572.0,22233.0,1967.0,1.07012096e+08,1.324408832e+09,5960.4800000000005,35.0,81927.0,0.0,81926.0,81926.0,1.0,0.0,0.0
2026-03-30 19:59:36,167,2.846866e+06,1.57696131e+08,6.1572034e+07,0.0,0.0,0.0,244871.0,22261.0,1970.0,1.0727424e+08,1.324408832e+09,5969.08,29.0,82028.0,0.0,82027.0,82027.0,1.0,0.0,0.0
2026-03-30 19:59:49,167,2.850251e+06,1.57886046e+08,6.1636152e+07,0.0,0.0,0.0,245169.0,22288.0,1972.0,1.0727424e+08,1.324408832e+09,5977.39,30.0,82127.0,0.0,82126.0,82126.0,1.0,0.0,0.0
2026-03-30 20:00:01,167,2.853562e+06,1.58073279e+08,6.170027e+07,0.0,0.0,0.0,245462.0,22314.0,1974.0,1.07143168e+08,1.324408832e+09,5985.35,29.0,82226.0,0.0,82225.0,82225.0,1.0,0.0,0.0
2026-03-30 20:00:13,167,2.85695e+06,1.58263147e+08,6.1796466e+07,0.0,0.0,0.0,245756.0,22341.0,1977.0,1.07143168e+08,1.324408832e+09,5993.759999999999,30.0,82324.0,0.0,82323.0,82323.0,1.0,0.0,0.0
2026-03-30 20:00:25,168,2.860402e+06,1.58453027e+08,6.1860584e+07,0.0,0.0,0.0,246056.0,22368.0,1979.0,1.0727424e+08,1.324408832e+09,6002.25,29.0,82424.0,0.0,82424.0,82424.0,1.0,0.0,0.0
2026-03-30 20:00:37,168,2.86377e+06,1.58648273e+08,6.1922032e+07,0.0,0.0,0.0,246349.0,22395.0,1981.0,1.07405312e+08,1.324408832e+09,6010.13,29.0,82524.0,0.0,82523.0,82523.0,1.0,0.0,0.0
2026-03-30 20:00:50,168,2.867441e+06,1.58846052e+08,6.201285e+07,0.0,0.0,0.0,246655.0,22423.0,1984.0,1.0727424e+08,1.324408832e+09,6018.709999999999,30.0,82626.0,0.0,82625.0,82625.0,1.0,0.0,0.0
2026-03-30 20:01:02,168,2.870877e+06,1.59038564e+08,6.2076968e+07,0.0,0.0,0.0,246952.0,22450.0,1986.0,1.07143168e+08,1.324408832e+09,6027.07,35.0,82726.0,0.0,82725.0,82725.0,1.0,0.0,0.0
2026-03-30 20:01:14,168,2.874321e+06,1.59231102e+08,6.2170456e+07,0.0,0.0,0.0,247248.0,22477.0,1989.0,1.07143168e+08,1.324408832e+09,6035.33,30.0,82825.0,0.0,82824.0,82824.0,1.0,0.0,0.0
2026-03-30 20:01:27,169,2.877773e+06,1.59415566e+08,6.2234612e+07,0.0,0.0,0.0,247547.0,22504.0,1991.0,1.07143168e+08,1.324408832e+09,6043.1900000000005,29.0,82924.0,0.0,82924.0,82924.0,1.0,0.0,0.0
2026-03-30 20:01:39,169,2.881167e+06,1.59600088e+08,6.229606e+07,0.0,0.0,0.0,247840.0,22530.0,1993.0,1.07143168e+08,1.324408832e+09,6051.37,29.0,83023.0,0.0,83022.0,83022.0,1.0,0.0,0.0
2026-03-30 20:01:51,169,2.884537e+06,1.59789974e+08,6.2392256e+07,0.0,0.0,0.0,248137.0,22557.0,1996.0,1.0727424e+08,1.324408832e+09,6059.259999999999,30.0,83121.0,0.0,83120.0,83120.0,1.0,0.0,0.0
2026-03-30 20:02:03,169,2.887978e+06,1.59993236e+08,6.2451066e+07,0.0,0.0,0.0,248439.0,22585.0,1998.0,1.0727424e+08,1.324408832e+09,6067.73,29.0,83223.0,0.0,83223.0,83223.0,1.0,0.0,0.0
2026-03-30 20:02:16,169,2.891465e+06,1.60185786e+08,6.2547262e+07,0.0,0.0,0.0,248743.0,22613.0,2001.0,1.07405312e+08,1.324408832e+09,6075.96,31.0,83324.0,0.0,83323.0,83323.0,1.0,0.0,0.0
2026-03-30 20:02:28,170,2.89492e+06,1.60375593e+08,6.2608742e+07,0.0,0.0,0.0,249041.0,22640.0,2003.0,1.0727424e+08,1.324408832e+09,6083.83,29.0,83424.0,0.0,83423.0,83423.0,1.0,0.0,0.0
2026-03-30 20:02:40,170,2.898396e+06,1.60560019e+08,6.267286e+07,0.0,0.0,0.0,249334.0,22666.0,2005.0,1.0727424e+08,1.324408832e+09,6091.9,33.0,83522.0,0.0,83521.0,83521.0,1.0,0.0,0.0
2026-03-30 20:02:53,170,2.901854e+06,1.60755265e+08,6.2769056e+07,0.0,0.0,0.0,249638.0,22694.0,2008.0,1.0727424e+08,1.324408832e+09,6100.78,29.0,83624.0,0.0,83623.0,83623.0,1.0,0.0,0.0
2026-03-30 20:03:05,170,2.90531e+06,1.60947757e+08,6.2830504e+07,0.0,0.0,0.0,249935.0,22721.0,2010.0,1.07405312e+08,1.324408832e+09,6109.099999999999,35.0,83724.0,0.0,83723.0,83723.0,1.0,0.0,0.0
2026-03-30 20:03:17,170,2.908876e+06,1.61137523e+08,6.2921322e+07,0.0,0.0,0.0,250233.0,22748.0,2013.0,1.07405312e+08,1.324408832e+09,6117.69,30.0,83823.0,0.0,83822.0,83822.0,1.0,0.0,0.0
2026-03-30 20:03:30,171,2.912319e+06,1.61330038e+08,6.298544e+07,0.0,0.0,0.0,250532.0,22775.0,2015.0,1.07405312e+08,1.324408832e+09,6126.89,29.0,83924.0,0.0,83923.0,83923.0,1.0,0.0,0.0
2026-03-30 20:03:42,171,2.915809e+06,1.6152255e+08,6.3046888e+07,0.0,0.0,0.0,250830.0,22802.0,2017.0,1.0727424e+08,1.324408832e+09,6135.570000000001,29.0,84024.0,0.0,84023.0,84023.0,1.0,0.0,0.0
2026-03-30 20:03:54,171,2.919398e+06,1.61717671e+08,6.3145754e+07,0.0,0.0,0.0,251134.0,22830.0,2020.0,1.0727424e+08,1.324408832e+09,6144.17,31.0,84126.0,0.0,84125.0,84125.0,1.0,0.0,0.0
2026-03-30 20:04:07,171,2.922815e+06,1.61912888e+08,6.3207202e+07,0.0,0.0,0.0,251431.0,22857.0,2022.0,1.07143168e+08,1.324408832e+09,6152.549999999999,31.0,84226.0,0.0,84225.0,84225.0,1.0,0.0,0.0
2026-03-30 20:04:20,171,2.92641e+06,1.62102657e+08,6.329802e+07,0.0,0.0,0.0,251731.0,22884.0,2025.0,1.073152e+08,1.324408832e+09,6160.66,30.0,84326.0,0.0,84325.0,84325.0,1.0,0.0,0.0
2026-03-30 20:04:32,172,2.929883e+06,1.62295169e+08,6.3359468e+07,0.0,0.0,0.0,252032.0,22911.0,2027.0,1.07184128e+08,1.324408832e+09,6168.25,33.0,84426.0,0.0,84425.0,84425.0,1.0,0.0,0.0
2026-03-30 20:04:44,172,2.933364e+06,1.62487617e+08,6.3423618e+07,0.0,0.0,0.0,252323.0,22938.0,2029.0,1.07184128e+08,1.324408832e+09,6175.96,31.0,84525.0,0.0,84524.0,84524.0,1.0,0.0,0.0
2026-03-30 20:04:57,172,2.936927e+06,1.62674716e+08,6.3519814e+07,0.0,0.0,0.0,252626.0,22965.0,2032.0,1.07184128e+08,1.324408832e+09,6184.08,30.0,84625.0,0.0,84624.0,84624.0,1.0,0.0,0.0
2026-03-30 20:05:09,172,2.940291e+06,1.62877978e+08,6.3583932e+07,0.0,0.0,0.0,252924.0,22993.0,2034.0,1.07184128e+08,1.324408832e+09,6192.59,35.0,84726.0,0.0,84725.0,84725.0,1.0,0.0,0.0
2026-03-30 20:05:22,172,2.943793e+06,1.63067808e+08,6.367475e+07,0.0,0.0,0.0,253223.0,23020.0,2037.0,1.073152e+08,1.324408832e+09,6200.52,29.0,84826.0,0.0,84826.0,84826.0,1.0,0.0,0.0
2026-03-30 20:05:34,173,2.947388e+06,1.63260247e+08,6.3738868e+07,0.0,0.0,0.0,253521.0,23047.0,2039.0,1.073152e+08,1.324408832e+09,6209.23,29.0,84927.0,0.0,84926.0,84926.0,1.0,0.0,0.0
2026-03-30 20:05:46,173,2.950838e+06,1.63452745e+08,6.3802986e+07,0.0,0.0,0.0,253816.0,23074.0,2041.0,1.07577344e+08,1.324408832e+09,6217.429999999999,30.0,85026.0,0.0,85025.0,85025.0,1.0,0.0,0.0
2026-03-30 20:05:58,173,2.954302e+06,1.63639841e+08,6.3899214e+07,0.0,0.0,0.0,254112.0,23101.0,2044.0,1.07446272e+08,1.324408832e+09,6225.24,30.0,85125.0,0.0,85124.0,85124.0,1.0,0.0,0.0
2026-03-30 20:06:11,173,2.957737e+06,1.6383235e+08,6.3960662e+07,0.0,0.0,0.0,254408.0,23128.0,2046.0,1.07446272e+08,1.324408832e+09,6233.47,29.0,85224.0,0.0,85224.0,85224.0,1.0,0.0,0.0
2026-03-30 20:06:23,173,2.961262e+06,1.64022151e+08,6.4054156e+07,0.0,0.0,0.0,254706.0,23155.0,2049.0,1.07446272e+08,1.324408832e+09,6241.799999999999,30.0,85324.0,0.0,85323.0,85323.0,1.0,0.0,0.0
2026-03-30 20:06:35,174,2.964714e+06,1.64214663e+08,6.4115604e+07,0.0,0.0,0.0,255002.0,23182.0,2051.0,1.07446272e+08,1.324408832e+09,6249.65,31.0,85423.0,0.0,85422.0,85422.0,1.0,0.0,0.0
2026-03-30 20:06:48,174,2.96805e+06,1.64407259e+08,6.4179754e+07,0.0,0.0,0.0,255299.0,23209.0,2053.0,1.07446272e+08,1.324408832e+09,6257.0,29.0,85523.0,0.0,85523.0,85523.0,1.0,0.0,0.0
2026-03-30 20:07:00,174,2.971398e+06,1.64591845e+08,6.4273274e+07,0.0,0.0,0.0,255595.0,23235.0,2056.0,1.07184128e+08,1.324408832e+09,6264.9,29.0,85622.0,0.0,85622.0,85622.0,1.0,0.0,0.0
2026-03-30 20:07:12,174,2.974943e+06,1.64784252e+08,6.4337392e+07,0.0,0.0,0.0,255893.0,23262.0,2058.0,1.07184128e+08,1.324408832e+09,6273.01,29.0,85722.0,0.0,85722.0,85722.0,1.0,0.0,0.0
2026-03-30 20:07:24,174,2.97843e+06,1.64982107e+08,6.439884e+07,0.0,0.0,0.0,256190.0,23290.0,2060.0,1.07053056e+08,1.324408832e+09,6281.87,30.0,85823.0,0.0,85822.0,85822.0,1.0,0.0,0.0
2026-03-30 20:07:37,175,2.981914e+06,1.65169227e+08,6.4495036e+07,0.0,0.0,0.0,256488.0,23317.0,2063.0,1.07184128e+08,1.324408832e+09,6289.91,30.0,85922.0,0.0,85921.0,85921.0,1.0,0.0,0.0
2026-03-30 20:07:49,175,2.985487e+06,1.65361634e+08,6.4556484e+07,0.0,0.0,0.0,256787.0,23344.0,2065.0,1.07184128e+08,1.324408832e+09,6298.13,29.0,86023.0,0.0,86022.0,86022.0,1.0,0.0,0.0
2026-03-30 20:08:01,175,2.989117e+06,1.65556746e+08,6.464727e+07,0.0,0.0,0.0,257089.0,23371.0,2068.0,1.07184128e+08,1.324408832e+09,6307.009999999999,31.0,86124.0,0.0,86123.0,86123.0,1.0,0.0,0.0
2026-03-30 20:08:14,175,2.992715e+06,1.6574648e+08,6.4708718e+07,0.0,0.0,0.0,257387.0,23398.0,2070.0,1.07184128e+08,1.324408832e+09,6315.9,30.0,86224.0,0.0,86223.0,86223.0,1.0,0.0,0.0
2026-03-30 20:08:26,176,2.996231e+06,1.659443e+08,6.4802212e+07,0.0,0.0,0.0,257688.0,23426.0,2073.0,1.07053056e+08,1.324408832e+09,6324.47,29.0,86324.0,0.0,86324.0,86324.0,1.0,0.0,0.0
2026-03-30 20:08:38,176,2.999722e+06,1.66136751e+08,6.486366e+07,0.0,0.0,0.0,257984.0,23453.0,2075.0,1.07184128e+08,1.324408832e+09,6332.43,29.0,86424.0,0.0,86423.0,86423.0,1.0,0.0,0.0
2026-03-30 20:08:50,176,3.003247e+06,1.66326558e+08,6.4954478e+07,0.0,0.0,0.0,258282.0,23480.0,2078.0,1.07184128e+08,1.324408832e+09,6340.65,29.0,86524.0,0.0,86523.0,86523.0,1.0,0.0,0.0
2026-03-30 20:09:03,176,3.006819e+06,1.66519032e+08,6.5015958e+07,0.0,0.0,0.0,258585.0,23507.0,2080.0,1.07053056e+08,1.324408832e+09,6349.799999999999,30.0,86625.0,0.0,86624.0,86624.0,1.0,0.0,0.0
2026-03-30 20:09:15,176,3.010265e+06,1.66711474e+08,6.5080076e+07,0.0,0.0,0.0,258875.0,23534.0,2082.0,1.07184128e+08,1.324408832e+09,6357.41,30.0,86723.0,0.0,86722.0,86722.0,1.0,0.0,0.0
2026-03-30 20:09:27,177,3.013746e+06,1.66898579e+08,6.5176272e+07,0.0,0.0,0.0,259171.0,23561.0,2085.0,1.07184128e+08,1.324408832e+09,6365.23,29.0,86821.0,0.0,86821.0,86821.0,1.0,0.0,0.0
2026-03-30 20:09:40,177,3.017222e+06,1.67093761e+08,6.524039e+07,0.0,0.0,0.0,259469.0,23588.0,2087.0,1.073152e+08,1.324408832e+09,6373.3099999999995,30.0,86922.0,0.0,86921.0,86921.0,1.0,0.0,0.0
2026-03-30 20:09:52,177,3.020626e+06,1.67289013e+08,6.5299162e+07,0.0,0.0,0.0,259766.0,23615.0,2089.0,1.07184128e+08,1.324408832e+09,6381.54,35.0,87021.0,0.0,87020.0,87020.0,1.0,0.0,0.0
2026-03-30 20:10:04,177,3.024026e+06,1.67476237e+08,6.5398028e+07,0.0,0.0,0.0,260063.0,23642.0,2092.0,1.07053056e+08,1.324408832e+09,6390.24,35.0,87121.0,0.0,87120.0,87120.0,1.0,0.0,0.0
2026-03-30 20:10:16,177,3.027563e+06,1.67668708e+08,6.5462178e+07,0.0,0.0,0.0,260365.0,23669.0,2094.0,1.07053056e+08,1.324408832e+09,6399.1,29.0,87223.0,0.0,87222.0,87222.0,1.0,0.0,0.0
2026-03-30 20:10:29,178,3.03117e+06,1.67866557e+08,6.5552996e+07,0.0,0.0,0.0,260671.0,23697.0,2097.0,1.07184128e+08,1.324408832e+09,6408.18,30.0,87325.0,0.0,87324.0,87324.0,1.0,0.0,0.0
2026-03-30 20:10:41,178,3.034678e+06,1.68067067e+08,6.5617146e+07,0.0,0.0,0.0,260975.0,23725.0,2099.0,1.073152e+08,1.324408832e+09,6416.79,30.0,87427.0,0.0,87426.0,87426.0,1.0,0.0,0.0
2026-03-30 20:10:54,178,3.038054e+06,1.68251537e+08,6.5681296e+07,0.0,0.0,0.0,261265.0,23751.0,2101.0,1.073152e+08,1.324408832e+09,6424.349999999999,30.0,87525.0,0.0,87524.0,87524.0,1.0,0.0,0.0
2026-03-30 20:11:06,178,3.041536e+06,1.68435987e+08,6.5777492e+07,0.0,0.0,0.0,261567.0,23778.0,2104.0,1.073152e+08,1.324408832e+09,6432.43,29.0,87625.0,0.0,87624.0,87624.0,1.0,0.0,0.0
2026-03-30 20:11:18,178,3.045083e+06,1.68636506e+08,6.584161e+07,0.0,0.0,0.0,261873.0,23806.0,2106.0,1.07184128e+08,1.324408832e+09,6441.34,29.0,87727.0,0.0,87727.0,87727.0,1.0,0.0,0.0
2026-03-30 20:11:31,179,3.048547e+06,1.68826304e+08,6.593513e+07,0.0,0.0,0.0,262168.0,23833.0,2109.0,1.07184128e+08,1.324408832e+09,6450.219999999999,31.0,87827.0,0.0,87826.0,87826.0,1.0,0.0,0.0
2026-03-30 20:11:43,179,3.052209e+06,1.69021384e+08,6.5996546e+07,0.0,0.0,0.0,262470.0,23860.0,2111.0,1.07184128e+08,1.324408832e+09,6458.42,29.0,87927.0,0.0,87927.0,87927.0,1.0,0.0,0.0
2026-03-30 20:11:56,179,3.055795e+06,1.69213791e+08,6.6057994e+07,0.0,0.0,0.0,262765.0,23887.0,2113.0,1.07184128e+08,1.324408832e+09,6466.53,31.0,88027.0,0.0,88026.0,88026.0,1.0,0.0,0.0
2026-03-30 20:12:08,179,3.059279e+06,1.69406306e+08,6.6151488e+07,0.0,0.0,0.0,263064.0,23914.0,2116.0,1.07184128e+08,1.324408832e+09,6474.639999999999,31.0,88127.0,0.0,88126.0,88126.0,1.0,0.0,0.0
2026-03-30 20:12:20,179,3.062742e+06,1.69598737e+08,6.6212936e+07,0.0,0.0,0.0,263355.0,23941.0,2118.0,1.073152e+08,1.324408832e+09,6482.82,31.0,88225.0,0.0,88224.0,88224.0,1.0,0.0,0.0
2026-03-30 20:12:32,180,3.066149e+06,1.6978864e+08,6.6303754e+07,0.0,0.0,0.0,263653.0,23968.0,2121.0,1.07446272e+08,1.324408832e+09,6490.83,29.0,88324.0,0.0,88324.0,88324.0,1.0,0.0,0.0
2026-03-30 20:12:45,180,3.06952e+06,1.69981193e+08,6.6367872e+07,0.0,0.0,0.0,263947.0,23995.0,2123.0,1.07446272e+08,1.324408832e+09,6498.89,30.0,88424.0,0.0,88423.0,88423.0,1.0,0.0,0.0
2026-03-30 20:12:57,180,3.072999e+06,1.70173664e+08,6.642932e+07,0.0,0.0,0.0,264242.0,24022.0,2125.0,1.07446272e+08,1.324408832e+09,6506.68,29.0,88522.0,0.0,88522.0,88522.0,1.0,0.0,0.0
2026-03-30 20:13:09,180,3.076393e+06,1.70358224e+08,6.6520138e+07,0.0,0.0,0.0,264537.0,24048.0,2128.0,1.07446272e+08,1.324408832e+09,6514.66,30.0,88621.0,0.0,88620.0,88620.0,1.0,0.0,0.0
2026-03-30 20:13:21,180,3.079233e+06,1.70529434e+08,6.6584256e+07,0.0,0.0,0.0,264793.0,24072.0,2130.0,1.073152e+08,1.324408832e+09,6521.92,29.0,88707.0,0.0,88707.0,88707.0,1.0,0.0,0.0
2026-03-30 20:13:33,181,3.080326e+06,1.70585551e+08,6.6613626e+07,0.0,0.0,0.0,264882.0,24080.0,2131.0,1.073152e+08,1.324408832e+09,6524.13,29.0,88737.0,0.0,88737.0,88737.0,1.0,0.0,0.0
2026-03-30 20:13:45,181,3.083854e+06,1.70778025e+08,6.6675074e+07,0.0,0.0,0.0,265180.0,24107.0,2133.0,1.073152e+08,1.324408832e+09,6532.13,30.0,88838.0,0.0,88837.0,88837.0,1.0,0.0,0.0
2026-03-30 20:13:58,181,3.087289e+06,1.7097056e+08,6.6739224e+07,0.0,0.0,0.0,265478.0,24134.0,2135.0,1.07184128e+08,1.324408832e+09,6539.97,30.0,88938.0,0.0,88937.0,88937.0,1.0,0.0,0.0
2026-03-30 20:14:10,181,3.090706e+06,1.71157735e+08,6.6838122e+07,0.0,0.0,0.0,265779.0,24161.0,2138.0,1.07184128e+08,1.324408832e+09,6548.16,31.0,89038.0,0.0,89037.0,89037.0,1.0,0.0,0.0
2026-03-30 20:14:23,181,3.094178e+06,1.71350247e+08,6.690224e+07,0.0,0.0,0.0,266078.0,24188.0,2140.0,1.07184128e+08,1.324408832e+09,6556.22,29.0,89138.0,0.0,89138.0,89138.0,1.0,0.0,0.0
2026-03-30 20:14:35,182,3.097584e+06,1.71548157e+08,6.6993058e+07,0.0,0.0,0.0,266376.0,24216.0,2143.0,1.07184128e+08,1.324408832e+09,6564.27,30.0,89239.0,0.0,89238.0,89238.0,1.0,0.0,0.0
2026-03-30 20:14:48,182,3.101118e+06,1.71740593e+08,6.7057176e+07,0.0,0.0,0.0,266673.0,24243.0,2145.0,1.07053056e+08,1.324408832e+09,6572.4,29.0,89338.0,0.0,89338.0,89338.0,1.0,0.0,0.0
2026-03-30 20:15:00,182,3.10465e+06,1.71935769e+08,6.7118592e+07,0.0,0.0,0.0,266974.0,24270.0,2147.0,1.07184128e+08,1.324408832e+09,6580.55,29.0,89439.0,0.0,89439.0,89439.0,1.0,0.0,0.0
2026-03-30 20:15:13,182,3.107944e+06,1.72120315e+08,6.7212118e+07,0.0,0.0,0.0,267267.0,24297.0,2150.0,1.073152e+08,1.324408832e+09,6588.42,29.0,89536.0,0.0,89536.0,89536.0,1.0,0.0,0.0
2026-03-30 20:15:25,183,3.111396e+06,1.72310157e+08,6.7273598e+07,0.0,0.0,0.0,267564.0,24324.0,2152.0,1.073152e+08,1.324408832e+09,6596.530000000001,35.0,89636.0,0.0,89635.0,89635.0,1.0,0.0,0.0
2026-03-30 20:15:37,183,3.114857e+06,1.72494554e+08,6.7369762e+07,0.0,0.0,0.0,267853.0,24350.0,2155.0,1.073152e+08,1.324408832e+09,6604.71,30.0,89733.0,0.0,89732.0,89732.0,1.0,0.0,0.0
2026-03-30 20:15:49,183,3.118423e+06,1.72684355e+08,6.7433912e+07,0.0,0.0,0.0,268158.0,24377.0,2157.0,1.07446272e+08,1.324408832e+09,6613.17,29.0,89834.0,0.0,89834.0,89834.0,1.0,0.0,0.0
2026-03-30 20:16:02,183,3.12182e+06,1.72882213e+08,6.749803e+07,0.0,0.0,0.0,268455.0,24405.0,2159.0,1.07446272e+08,1.324408832e+09,6621.21,29.0,89934.0,0.0,89934.0,89934.0,1.0,0.0,0.0
2026-03-30 20:16:14,183,3.125332e+06,1.73074681e+08,6.7588848e+07,0.0,0.0,0.0,268753.0,24432.0,2162.0,1.07446272e+08,1.324408832e+09,6629.4400000000005,29.0,90034.0,0.0,90034.0,90034.0,1.0,0.0,0.0
2026-03-30 20:16:27,184,3.128733e+06,1.73259183e+08,6.7652998e+07,0.0,0.0,0.0,269047.0,24458.0,2164.0,1.07184128e+08,1.324408832e+09,6637.23,30.0,90133.0,0.0,90132.0,90132.0,1.0,0.0,0.0
2026-03-30 20:16:39,184,3.132287e+06,1.73451622e+08,6.7717116e+07,0.0,0.0,0.0,269343.0,24485.0,2166.0,1.07184128e+08,1.324408832e+09,6644.860000000001,29.0,90232.0,0.0,90232.0,90232.0,1.0,0.0,0.0
2026-03-30 20:16:51,184,3.135637e+06,1.73638791e+08,6.7813312e+07,0.0,0.0,0.0,269634.0,24512.0,2169.0,1.07184128e+08,1.324408832e+09,6652.94,30.0,90330.0,0.0,90329.0,90329.0,1.0,0.0,0.0
2026-03-30 20:17:03,184,3.139044e+06,1.73828662e+08,6.7874728e+07,0.0,0.0,0.0,269928.0,24538.0,2171.0,1.07053056e+08,1.324408832e+09,6661.040000000001,29.0,90428.0,0.0,90428.0,90428.0,1.0,0.0,0.0
2026-03-30 20:17:16,184,3.142505e+06,1.74021151e+08,6.7936176e+07,0.0,0.0,0.0,270223.0,24565.0,2173.0,1.07184128e+08,1.324408832e+09,6669.04,30.0,90528.0,0.0,90527.0,90527.0,1.0,0.0,0.0
2026-03-30 20:17:28,185,3.145992e+06,1.7421092e+08,6.8026994e+07,0.0,0.0,0.0,270517.0,24592.0,2176.0,1.07184128e+08,1.324408832e+09,6677.04,30.0,90627.0,0.0,90626.0,90626.0,1.0,0.0,0.0
2026-03-30 20:17:40,185,3.149533e+06,1.74406035e+08,6.8088442e+07,0.0,0.0,0.0,270815.0,24619.0,2178.0,1.07053056e+08,1.324408832e+09,6685.110000000001,30.0,90727.0,0.0,90726.0,90726.0,1.0,0.0,0.0
2026-03-30 20:17:52,185,3.152992e+06,1.74595842e+08,6.8181936e+07,0.0,0.0,0.0,271109.0,24646.0,2181.0,1.073152e+08,1.324408832e+09,6693.21,30.0,90825.0,0.0,90824.0,90824.0,1.0,0.0,0.0
2026-03-30 20:18:05,185,3.156561e+06,1.74796361e+08,6.8243384e+07,0.0,0.0,0.0,271414.0,24674.0,2183.0,1.073152e+08,1.324408832e+09,6701.59,31.0,90927.0,0.0,90926.0,90926.0,1.0,0.0,0.0
2026-03-30 20:18:17,185,3.160054e+06,1.74983492e+08,6.8307502e+07,0.0,0.0,0.0,271708.0,24700.0,2185.0,1.073152e+08,1.324408832e+09,6710.09,35.0,91026.0,0.0,91025.0,91025.0,1.0,0.0,0.0
2026-03-30 20:18:29,186,3.16356e+06,1.75184014e+08,6.840099e+07,0.0,0.0,0.0,272008.0,24728.0,2188.0,1.073152e+08,1.324408832e+09,6718.91,30.0,91127.0,0.0,91126.0,91126.0,1.0,0.0,0.0
2026-03-30 20:18:42,186,3.167024e+06,1.7537392e+08,6.8462438e+07,0.0,0.0,0.0,272310.0,24755.0,2190.0,1.073152e+08,1.324408832e+09,6727.66,30.0,91228.0,0.0,91227.0,91227.0,1.0,0.0,0.0
2026-03-30 20:18:54,186,3.170432e+06,1.7556642e+08,6.8561304e+07,0.0,0.0,0.0,272604.0,24782.0,2193.0,1.07053056e+08,1.324408832e+09,6736.33,29.0,91328.0,0.0,91327.0,91327.0,1.0,0.0,0.0
2026-03-30 20:19:07,186,3.174057e+06,1.75761669e+08,6.862272e+07,0.0,0.0,0.0,272916.0,24810.0,2195.0,1.07184128e+08,1.324408832e+09,6744.4800000000005,30.0,91432.0,0.0,91431.0,91431.0,1.0,0.0,0.0
2026-03-30 20:19:19,186,3.177396e+06,1.75954204e+08,6.868687e+07,0.0,0.0,0.0,273209.0,24837.0,2197.0,1.073152e+08,1.324408832e+09,6752.87,30.0,91531.0,0.0,91530.0,91530.0,1.0,0.0,0.0
2026-03-30 20:19:31,187,3.180889e+06,1.76144005e+08,6.8780396e+07,0.0,0.0,0.0,273507.0,24864.0,2200.0,1.073152e+08,1.324408832e+09,6761.44,35.0,91630.0,0.0,91629.0,91629.0,1.0,0.0,0.0
2026-03-30 20:19:44,187,3.184431e+06,1.76339161e+08,6.8841812e+07,0.0,0.0,0.0,273803.0,24891.0,2202.0,1.073152e+08,1.324408832e+09,6769.5199999999995,30.0,91730.0,0.0,91729.0,91729.0,1.0,0.0,0.0
2026-03-30 20:19:56,187,3.187909e+06,1.76528983e+08,6.893263e+07,0.0,0.0,0.0,274102.0,24918.0,2205.0,1.07184128e+08,1.324408832e+09,6777.24,35.0,91829.0,0.0,91828.0,91828.0,1.0,0.0,0.0
2026-03-30 20:20:08,187,3.191272e+06,1.7671888e+08,6.899411e+07,0.0,0.0,0.0,274402.0,24945.0,2207.0,1.07184128e+08,1.324408832e+09,6784.75,35.0,91929.0,0.0,91928.0,91928.0,1.0,0.0,0.0
2026-03-30 20:20:21,187,3.194704e+06,1.76911372e+08,6.9087598e+07,0.0,0.0,0.0,274697.0,24972.0,2210.0,1.073152e+08,1.324408832e+09,6792.66,31.0,92028.0,0.0,92027.0,92027.0,1.0,0.0,0.0
2026-03-30 20:20:33,188,3.198203e+06,1.77098541e+08,6.9149078e+07,0.0,0.0,0.0,275000.0,24999.0,2212.0,1.073152e+08,1.324408832e+09,6801.0199999999995,30.0,92129.0,0.0,92128.0,92128.0,1.0,0.0,0.0
2026-03-30 20:20:45,188,3.201652e+06,1.77293764e+08,6.9213196e+07,0.0,0.0,0.0,275296.0,25026.0,2214.0,1.073152e+08,1.324408832e+09,6809.219999999999,35.0,92229.0,0.0,92228.0,92228.0,1.0,0.0,0.0
2026-03-30 20:20:58,188,3.205036e+06,1.77494376e+08,6.9304046e+07,0.0,0.0,0.0,275597.0,25054.0,2217.0,1.073152e+08,1.324408832e+09,6817.2699999999995,29.0,92330.0,0.0,92330.0,92330.0,1.0,0.0,0.0
2026-03-30 20:21:10,188,3.208587e+06,1.77686789e+08,6.9368164e+07,0.0,0.0,0.0,275892.0,25081.0,2219.0,1.07319296e+08,1.324408832e+09,6825.78,30.0,92429.0,0.0,92428.0,92428.0,1.0,0.0,0.0
2026-03-30 20:21:22,188,3.211932e+06,1.77871308e+08,6.9432314e+07,0.0,0.0,0.0,276186.0,25107.0,2221.0,1.07319296e+08,1.324408832e+09,6833.650000000001,30.0,92528.0,0.0,92527.0,92527.0,1.0,0.0,0.0
2026-03-30 20:21:34,189,3.215382e+06,1.78063832e+08,6.9531186e+07,0.0,0.0,0.0,276487.0,25135.0,2224.0,1.07450368e+08,1.324408832e+09,6842.47,34.0,92629.0,0.0,92628.0,92628.0,1.0,0.0,0.0
2026-03-30 20:21:47,189,3.218853e+06,1.78256373e+08,6.9592602e+07,0.0,0.0,0.0,276784.0,25162.0,2226.0,1.07450368e+08,1.324408832e+09,6850.45,30.0,92729.0,0.0,92728.0,92728.0,1.0,0.0,0.0
2026-03-30 20:21:59,189,3.222269e+06,1.78446197e+08,6.9686122e+07,0.0,0.0,0.0,277080.0,25189.0,2229.0,1.07319296e+08,1.324408832e+09,6858.77,29.0,92828.0,0.0,92827.0,92827.0,1.0,0.0,0.0
2026-03-30 20:22:11,189,3.225736e+06,1.7863868e+08,6.9750272e+07,0.0,0.0,0.0,277377.0,25216.0,2231.0,1.07188224e+08,1.324408832e+09,6866.57,29.0,92927.0,0.0,92927.0,92927.0,1.0,0.0,0.0
2026-03-30 20:22:24,189,3.229305e+06,1.78831081e+08,6.981439e+07,0.0,0.0,0.0,277674.0,25243.0,2233.0,1.07188224e+08,1.324408832e+09,6875.06,29.0,93027.0,0.0,93027.0,93027.0,1.0,0.0,0.0
2026-03-30 20:22:36,190,3.232871e+06,1.79020879e+08,6.9907884e+07,0.0,0.0,0.0,277974.0,25270.0,2236.0,1.07188224e+08,1.324408832e+09,6883.39,30.0,93128.0,0.0,93127.0,93127.0,1.0,0.0,0.0
2026-03-30 20:22:48,190,3.236239e+06,1.79216119e+08,6.997197e+07,0.0,0.0,0.0,278267.0,25297.0,2238.0,1.07450368e+08,1.324408832e+09,6891.68,29.0,93226.0,0.0,93226.0,93226.0,1.0,0.0,0.0
2026-03-30 20:23:00,190,3.239783e+06,1.79408593e+08,7.0062788e+07,0.0,0.0,0.0,278565.0,25324.0,2241.0,1.07319296e+08,1.324408832e+09,6900.11,30.0,93327.0,0.0,93326.0,93326.0,1.0,0.0,0.0
2026-03-30 20:23:13,190,3.243155e+06,1.79601169e+08,7.0126938e+07,0.0,0.0,0.0,278863.0,25351.0,2243.0,1.07319296e+08,1.324408832e+09,6907.75,29.0,93427.0,0.0,93426.0,93426.0,1.0,0.0,0.0
2026-03-30 20:23:25,191,3.246658e+06,1.79790906e+08,7.0191056e+07,0.0,0.0,0.0,279158.0,25378.0,2245.0,1.07188224e+08,1.324408832e+09,6915.85,30.0,93526.0,0.0,93525.0,93525.0,1.0,0.0,0.0
2026-03-30 20:23:37,191,3.250052e+06,1.79980806e+08,7.0287252e+07,0.0,0.0,0.0,279456.0,25405.0,2248.0,1.07057152e+08,1.324408832e+09,6924.07,29.0,93625.0,0.0,93625.0,93625.0,1.0,0.0,0.0
2026-03-30 20:23:49,191,3.253542e+06,1.80170648e+08,7.035137e+07,0.0,0.0,0.0,279754.0,25432.0,2250.0,1.0692608e+08,1.324408832e+09,6932.0,31.0,93725.0,0.0,93724.0,93724.0,1.0,0.0,0.0
2026-03-30 20:24:02,191,3.25685e+06,1.80363224e+08,7.0412818e+07,0.0,0.0,0.0,280049.0,25459.0,2252.0,1.07188224e+08,1.324408832e+09,6940.360000000001,30.0,93825.0,0.0,93824.0,93824.0,1.0,0.0,0.0
2026-03-30 20:24:14,191,3.26032e+06,1.80555724e+08,7.0506338e+07,0.0,0.0,0.0,280346.0,25486.0,2255.0,1.07188224e+08,1.324408832e+09,6948.95,30.0,93924.0,0.0,93923.0,93923.0,1.0,0.0,0.0
2026-03-30 20:24:26,192,3.263817e+06,1.80745537e+08,7.0567786e+07,0.0,0.0,0.0,280643.0,25513.0,2257.0,1.07188224e+08,1.324408832e+09,6957.47,29.0,94024.0,0.0,94023.0,94023.0,1.0,0.0,0.0
2026-03-30 20:24:38,192,3.267304e+06,1.80929966e+08,7.066395e+07,0.0,0.0,0.0,280939.0,25539.0,2260.0,1.07188224e+08,1.324408832e+09,6964.82,29.0,94122.0,0.0,94122.0,94122.0,1.0,0.0,0.0
2026-03-30 20:24:51,192,3.270768e+06,1.81119796e+08,7.07281e+07,0.0,0.0,0.0,281233.0,25566.0,2262.0,1.07188224e+08,1.324408832e+09,6972.86,30.0,94222.0,0.0,94221.0,94221.0,1.0,0.0,0.0
2026-03-30 20:25:03,192,3.274306e+06,1.81317616e+08,7.0789516e+07,0.0,0.0,0.0,281534.0,25594.0,2264.0,1.07319296e+08,1.324408832e+09,6981.34,29.0,94323.0,0.0,94322.0,94322.0,1.0,0.0,0.0
2026-03-30 20:25:15,192,3.277866e+06,1.81510058e+08,7.0883036e+07,0.0,0.0,0.0,281833.0,25621.0,2267.0,1.07188224e+08,1.324408832e+09,6989.83,29.0,94423.0,0.0,94422.0,94422.0,1.0,0.0,0.0
2026-03-30 20:25:27,193,3.281292e+06,1.81699926e+08,7.0944484e+07,0.0,0.0,0.0,282128.0,25648.0,2269.0,1.07188224e+08,1.324408832e+09,6997.53,31.0,94521.0,0.0,94520.0,94520.0,1.0,0.0,0.0
2026-03-30 20:25:40,193,3.28489e+06,1.81889622e+08,7.1040648e+07,0.0,0.0,0.0,282426.0,25675.0,2272.0,1.07188224e+08,1.324408832e+09,7006.23,31.0,94622.0,0.0,94621.0,94621.0,1.0,0.0,0.0
2026-03-30 20:25:52,193,3.288393e+06,1.82084807e+08,7.1102096e+07,0.0,0.0,0.0,282726.0,25702.0,2274.0,1.07188224e+08,1.324408832e+09,7014.99,30.0,94722.0,0.0,94721.0,94721.0,1.0,0.0,0.0
2026-03-30 20:26:04,193,3.291844e+06,1.8227464e+08,7.1166246e+07,0.0,0.0,0.0,283024.0,25729.0,2276.0,1.07319296e+08,1.324408832e+09,7022.9,31.0,94823.0,0.0,94822.0,94822.0,1.0,0.0,0.0
2026-03-30 20:26:16,193,3.295308e+06,1.82467172e+08,7.1257064e+07,0.0,0.0,0.0,283320.0,25756.0,2279.0,1.07319296e+08,1.324408832e+09,7031.19,31.0,94922.0,0.0,94921.0,94921.0,1.0,0.0,0.0
2026-03-30 20:26:29,194,3.298615e+06,1.82659815e+08,7.1321182e+07,0.0,0.0,0.0,283617.0,25783.0,2281.0,1.07188224e+08,1.324408832e+09,7039.37,30.0,95021.0,0.0,95020.0,95020.0,1.0,0.0,0.0
2026-03-30 20:26:41,194,3.302163e+06,1.82849555e+08,7.13853e+07,0.0,0.0,0.0,283910.0,25810.0,2283.0,1.07188224e+08,1.324408832e+09,7047.39,30.0,95120.0,0.0,95119.0,95119.0,1.0,0.0,0.0
2026-03-30 20:26:53,194,3.30572e+06,1.8303933e+08,7.1478794e+07,0.0,0.0,0.0,284211.0,25837.0,2286.0,1.07319296e+08,1.324408832e+09,7055.43,31.0,95221.0,0.0,95220.0,95220.0,1.0,0.0,0.0
2026-03-30 20:27:06,194,3.309191e+06,1.83229137e+08,7.1540274e+07,0.0,0.0,0.0,284510.0,25864.0,2288.0,1.07188224e+08,1.324408832e+09,7063.41,30.0,95321.0,0.0,95320.0,95320.0,1.0,0.0,0.0
2026-03-30 20:27:18,194,3.312616e+06,1.83418924e+08,7.1636438e+07,0.0,0.0,0.0,284801.0,25891.0,2291.0,1.07319296e+08,1.324408832e+09,7071.25,29.0,95417.0,0.0,95417.0,95417.0,1.0,0.0,0.0
2026-03-30 20:27:30,195,3.31607e+06,1.83611462e+08,7.1697854e+07,0.0,0.0,0.0,285098.0,25918.0,2293.0,1.07188224e+08,1.324408832e+09,7079.71,35.0,95517.0,0.0,95516.0,95516.0,1.0,0.0,0.0
2026-03-30 20:27:43,195,3.319528e+06,1.83795888e+08,7.1762004e+07,0.0,0.0,0.0,285388.0,25944.0,2295.0,1.07319296e+08,1.324408832e+09,7087.58,30.0,95615.0,0.0,95614.0,95614.0,1.0,0.0,0.0
2026-03-30 20:27:55,195,3.322989e+06,1.83988429e+08,7.1852822e+07,0.0,0.0,0.0,285686.0,25971.0,2298.0,1.07319296e+08,1.324408832e+09,7095.94,30.0,95715.0,0.0,95714.0,95714.0,1.0,0.0,0.0
2026-03-30 20:28:07,195,3.326373e+06,1.84178326e+08,7.1916972e+07,0.0,0.0,0.0,285987.0,25998.0,2300.0,1.07319296e+08,1.324408832e+09,7105.04,31.0,95816.0,0.0,95815.0,95815.0,1.0,0.0,0.0
2026-03-30 20:28:20,195,3.329912e+06,1.84368095e+08,7.2013136e+07,0.0,0.0,0.0,286285.0,26025.0,2303.0,1.07188224e+08,1.324408832e+09,7113.759999999999,30.0,95915.0,0.0,95914.0,95914.0,1.0,0.0,0.0
2026-03-30 20:28:32,196,3.333377e+06,1.84565988e+08,7.2077254e+07,0.0,0.0,0.0,286585.0,26053.0,2305.0,1.07319296e+08,1.324408832e+09,7122.75,30.0,96017.0,0.0,96016.0,96016.0,1.0,0.0,0.0
2026-03-30 20:28:44,196,3.336784e+06,1.84758491e+08,7.2141404e+07,0.0,0.0,0.0,286880.0,26080.0,2307.0,1.07188224e+08,1.324408832e+09,7130.490000000001,29.0,96115.0,0.0,96115.0,96115.0,1.0,0.0,0.0
2026-03-30 20:28:57,196,3.340296e+06,1.84950997e+08,7.2232222e+07,0.0,0.0,0.0,287179.0,26107.0,2310.0,1.07188224e+08,1.324408832e+09,7138.86,31.0,96216.0,0.0,96215.0,96215.0,1.0,0.0,0.0
2026-03-30 20:29:09,196,3.343698e+06,1.85138149e+08,7.229634e+07,0.0,0.0,0.0,287471.0,26133.0,2312.0,1.07188224e+08,1.324408832e+09,7147.1,29.0,96314.0,0.0,96313.0,96313.0,1.0,0.0,0.0
2026-03-30 20:29:21,196,3.347273e+06,1.85333258e+08,7.2389834e+07,0.0,0.0,0.0,287771.0,26161.0,2315.0,1.07319296e+08,1.324408832e+09,7155.92,30.0,96414.0,0.0,96413.0,96413.0,1.0,0.0,0.0
2026-03-30 20:29:34,197,3.350749e+06,1.8552844e+08,7.2451276e+07,0.0,0.0,0.0,288069.0,26188.0,2317.0,1.07319296e+08,1.324408832e+09,7163.839999999999,29.0,96514.0,0.0,96514.0,96514.0,1.0,0.0,0.0
2026-03-30 20:29:46,197,3.354183e+06,1.85715624e+08,7.2515432e+07,0.0,0.0,0.0,288367.0,26215.0,2319.0,1.07319296e+08,1.324408832e+09,7171.58,31.0,96614.0,0.0,96613.0,96613.0,1.0,0.0,0.0
2026-03-30 20:29:58,197,3.35765e+06,1.85905451e+08,7.2608926e+07,0.0,0.0,0.0,288665.0,26242.0,2322.0,1.07188224e+08,1.324408832e+09,7180.37,30.0,96713.0,0.0,96712.0,96712.0,1.0,0.0,0.0
2026-03-30 20:30:11,197,3.361093e+06,1.86097928e+08,7.2670374e+07,0.0,0.0,0.0,288960.0,26269.0,2324.0,1.07188224e+08,1.324408832e+09,7188.780000000001,30.0,96813.0,0.0,96812.0,96812.0,1.0,0.0,0.0
2026-03-30 20:30:23,197,3.364646e+06,1.86287729e+08,7.2763862e+07,0.0,0.0,0.0,289261.0,26296.0,2327.0,1.07319296e+08,1.324408832e+09,7197.13,29.0,96914.0,0.0,96913.0,96913.0,1.0,0.0,0.0
2026-03-30 20:30:35,198,3.368189e+06,1.86480183e+08,7.282531e+07,0.0,0.0,0.0,289562.0,26323.0,2329.0,1.07188224e+08,1.324408832e+09,7206.07,30.0,97014.0,0.0,97013.0,97013.0,1.0,0.0,0.0
2026-03-30 20:30:47,198,3.371749e+06,1.8666992e+08,7.2918836e+07,0.0,0.0,0.0,289861.0,26350.0,2332.0,1.07319296e+08,1.324408832e+09,7214.88,30.0,97114.0,0.0,97113.0,97113.0,1.0,0.0,0.0
2026-03-30 20:31:00,198,3.375207e+06,1.86867804e+08,7.2982986e+07,0.0,0.0,0.0,290160.0,26378.0,2334.0,1.07319296e+08,1.324408832e+09,7223.53,29.0,97215.0,0.0,97214.0,97214.0,1.0,0.0,0.0
2026-03-30 20:31:12,198,3.378694e+06,1.87057617e+08,7.3047104e+07,0.0,0.0,0.0,290457.0,26405.0,2336.0,1.07188224e+08,1.324408832e+09,7232.35,29.0,97315.0,0.0,97314.0,97314.0,1.0,0.0,0.0
2026-03-30 20:31:24,198,3.382209e+06,1.87250085e+08,7.3137922e+07,0.0,0.0,0.0,290756.0,26432.0,2339.0,1.07188224e+08,1.324408832e+09,7240.57,29.0,97414.0,0.0,97414.0,97414.0,1.0,0.0,0.0
2026-03-30 20:31:37,199,3.385785e+06,1.87442463e+08,7.320204e+07,0.0,0.0,0.0,291051.0,26459.0,2341.0,1.07188224e+08,1.324408832e+09,7249.41,29.0,97514.0,0.0,97513.0,97513.0,1.0,0.0,0.0
2026-03-30 20:31:49,199,3.389208e+06,1.87632302e+08,7.3263488e+07,0.0,0.0,0.0,291346.0,26486.0,2343.0,1.07188224e+08,1.324408832e+09,7258.12,29.0,97613.0,0.0,97612.0,97612.0,1.0,0.0,0.0
2026-03-30 20:32:01,199,3.392768e+06,1.87824776e+08,7.3359652e+07,0.0,0.0,0.0,291647.0,26513.0,2346.0,1.07188224e+08,1.324408832e+09,7267.11,29.0,97714.0,0.0,97713.0,97713.0,1.0,0.0,0.0
2026-03-30 20:32:14,199,3.396226e+06,1.88017314e+08,7.3421068e+07,0.0,0.0,0.0,291944.0,26540.0,2348.0,1.07319296e+08,1.324408832e+09,7275.91,29.0,97814.0,0.0,97813.0,97813.0,1.0,0.0,0.0
2026-03-30 20:32:26,200,3.399696e+06,1.88207106e+08,7.3514588e+07,0.0,0.0,0.0,292240.0,26567.0,2351.0,1.07319296e+08,1.324408832e+09,7284.56,30.0,97912.0,0.0,97911.0,97911.0,1.0,0.0,0.0
2026-03-30 20:32:38,200,3.403191e+06,1.88399595e+08,7.3578706e+07,0.0,0.0,0.0,292538.0,26594.0,2353.0,1.07319296e+08,1.324408832e+09,7293.67,29.0,98013.0,0.0,98012.0,98012.0,1.0,0.0,0.0
2026-03-30 20:32:50,200,3.406684e+06,1.88592142e+08,7.3640154e+07,0.0,0.0,0.0,292839.0,26621.0,2355.0,1.07188224e+08,1.324408832e+09,7302.43,29.0,98113.0,0.0,98113.0,98113.0,1.0,0.0,0.0
2026-03-30 20:33:03,200,3.410222e+06,1.88779238e+08,7.3736318e+07,0.0,0.0,0.0,293138.0,26648.0,2358.0,1.07188224e+08,1.324408832e+09,7310.5,31.0,98213.0,0.0,98212.0,98212.0,1.0,0.0,0.0
2026-03-30 20:33:15,200,3.41373e+06,1.88977116e+08,7.3800468e+07,0.0,0.0,0.0,293441.0,26676.0,2360.0,1.07188224e+08,1.324408832e+09,7319.15,35.0,98315.0,0.0,98314.0,98314.0,1.0,0.0,0.0
2026-03-30 20:33:28,201,3.417176e+06,1.89169648e+08,7.3891286e+07,0.0,0.0,0.0,293737.0,26703.0,2363.0,1.07188224e+08,1.324408832e+09,7327.19,30.0,98415.0,0.0,98414.0,98414.0,1.0,0.0,0.0
2026-03-30 20:33:40,201,3.420677e+06,1.89359409e+08,7.3955404e+07,0.0,0.0,0.0,294032.0,26730.0,2365.0,1.07319296e+08,1.324408832e+09,7335.55,33.0,98513.0,0.0,98512.0,98512.0,1.0,0.0,0.0
2026-03-30 20:33:52,201,3.424051e+06,1.89549309e+08,7.40516e+07,0.0,0.0,0.0,294337.0,26757.0,2368.0,1.07057152e+08,1.324408832e+09,7344.04,29.0,98614.0,0.0,98614.0,98614.0,1.0,0.0,0.0
2026-03-30 20:34:04,201,3.427547e+06,1.89747161e+08,7.411575e+07,0.0,0.0,0.0,294635.0,26785.0,2370.0,1.07057152e+08,1.324408832e+09,7352.24,30.0,98715.0,0.0,98714.0,98714.0,1.0,0.0,0.0
2026-03-30 20:34:17,201,3.431196e+06,1.899396e+08,7.4177166e+07,0.0,0.0,0.0,294941.0,26812.0,2372.0,1.07057152e+08,1.324408832e+09,7360.42,29.0,98817.0,0.0,98817.0,98817.0,1.0,0.0,0.0
2026-03-30 20:34:29,202,3.434628e+06,1.90140224e+08,7.4268016e+07,0.0,0.0,0.0,295244.0,26840.0,2375.0,1.07188224e+08,1.324408832e+09,7369.64,31.0,98919.0,0.0,98918.0,98918.0,1.0,0.0,0.0
2026-03-30 20:34:42,202,3.438385e+06,1.90337939e+08,7.4332134e+07,0.0,0.0,0.0,295552.0,26868.0,2377.0,1.07319296e+08,1.324408832e+09,7378.929999999999,30.0,99023.0,0.0,99022.0,99022.0,1.0,0.0,0.0
2026-03-30 20:34:55,202,3.441814e+06,1.90535858e+08,7.4425654e+07,0.0,0.0,0.0,295856.0,26896.0,2380.0,1.07450368e+08,1.324408832e+09,7387.12,29.0,99124.0,0.0,99124.0,99124.0,1.0,0.0,0.0
2026-03-30 20:35:07,202,3.445314e+06,1.90720325e+08,7.4487102e+07,0.0,0.0,0.0,296151.0,26922.0,2382.0,1.07450368e+08,1.324408832e+09,7394.97,29.0,99223.0,0.0,99223.0,99223.0,1.0,0.0,0.0
2026-03-30 20:35:19,202,3.448903e+06,1.9091003e+08,7.4580596e+07,0.0,0.0,0.0,296450.0,26949.0,2385.0,1.0758144e+08,1.324408832e+09,7402.929999999999,35.0,99323.0,0.0,99322.0,99322.0,1.0,0.0,0.0
2026-03-30 20:35:31,203,3.452323e+06,1.91099872e+08,7.4644746e+07,0.0,0.0,0.0,296745.0,26976.0,2387.0,1.07450368e+08,1.324408832e+09,7411.32,31.0,99423.0,0.0,99422.0,99422.0,1.0,0.0,0.0
2026-03-30 20:35:44,203,3.455877e+06,1.91300368e+08,7.4735564e+07,0.0,0.0,0.0,297045.0,27004.0,2390.0,1.07450368e+08,1.324408832e+09,7419.879999999999,30.0,99524.0,0.0,99523.0,99523.0,1.0,0.0,0.0
2026-03-30 20:35:56,203,3.459551e+06,1.91490102e+08,7.4797012e+07,0.0,0.0,0.0,297348.0,27031.0,2392.0,1.07188224e+08,1.324408832e+09,7428.37,30.0,99625.0,0.0,99624.0,99624.0,1.0,0.0,0.0
2026-03-30 20:36:08,203,3.462946e+06,1.91685351e+08,7.4858428e+07,0.0,0.0,0.0,297642.0,27058.0,2394.0,1.07057152e+08,1.324408832e+09,7436.549999999999,29.0,99724.0,0.0,99723.0,99723.0,1.0,0.0,0.0
2026-03-30 20:36:21,203,3.466357e+06,1.91875202e+08,7.4951954e+07,0.0,0.0,0.0,297943.0,27085.0,2397.0,1.07057152e+08,1.324408832e+09,7444.74,31.0,99823.0,0.0,99822.0,99822.0,1.0,0.0,0.0
2026-03-30 20:36:33,204,3.469731e+06,1.92065102e+08,7.5016072e+07,0.0,0.0,0.0,298240.0,27112.0,2399.0,1.07188224e+08,1.324408832e+09,7452.65,35.0,99923.0,0.0,99922.0,99922.0,1.0,0.0,0.0
2026-03-30 20:36:45,204,3.473259e+06,1.92257576e+08,7.5080222e+07,0.0,0.0,0.0,298539.0,27139.0,2401.0,1.07188224e+08,1.324408832e+09,7461.18,30.0,100024.0,0.0,100023.0,100023.0,1.0,0.0,0.0
2026-03-30 20:36:58,204,3.476841e+06,1.9245806e+08,7.5171008e+07,0.0,0.0,0.0,298841.0,27167.0,2404.0,1.07188224e+08,1.324408832e+09,7469.81,30.0,100125.0,0.0,100124.0,100124.0,1.0,0.0,0.0
2026-03-30 20:37:10,204,3.480271e+06,1.9265063e+08,7.5232488e+07,0.0,0.0,0.0,299144.0,27194.0,2406.0,1.07319296e+08,1.324408832e+09,7478.5199999999995,31.0,100227.0,0.0,100226.0,100226.0,1.0,0.0,0.0
2026-03-30 20:37:22,204,3.483764e+06,1.92840431e+08,7.5328652e+07,0.0,0.0,0.0,299442.0,27221.0,2409.0,1.07319296e+08,1.324408832e+09,7487.0199999999995,30.0,100326.0,0.0,100325.0,100325.0,1.0,0.0,0.0
2026-03-30 20:37:35,205,3.487165e+06,1.93032972e+08,7.53901e+07,0.0,0.0,0.0,299737.0,27248.0,2411.0,1.07188224e+08,1.324408832e+09,7496.02,30.0,100426.0,0.0,100425.0,100425.0,1.0,0.0,0.0
2026-03-30 20:37:47,205,3.490641e+06,1.9322551e+08,7.5454218e+07,0.0,0.0,0.0,300036.0,27275.0,2413.0,1.07188224e+08,1.324408832e+09,7504.05,29.0,100526.0,0.0,100525.0,100525.0,1.0,0.0,0.0
2026-03-30 20:37:59,205,3.494026e+06,1.93420695e+08,7.5545068e+07,0.0,0.0,0.0,300333.0,27303.0,2416.0,1.07057152e+08,1.324408832e+09,7511.25,29.0,100625.0,0.0,100624.0,100624.0,1.0,0.0,0.0
2026-03-30 20:38:11,205,3.497436e+06,1.93613271e+08,7.5609218e+07,0.0,0.0,0.0,300633.0,27330.0,2418.0,1.07188224e+08,1.324408832e+09,7519.91,29.0,100725.0,0.0,100725.0,100725.0,1.0,0.0,0.0
2026-03-30 20:38:24,205,3.500959e+06,1.93803014e+08,7.5705382e+07,0.0,0.0,0.0,300929.0,27357.0,2421.0,1.07188224e+08,1.324408832e+09,7527.84,31.0,100824.0,0.0,100823.0,100823.0,1.0,0.0,0.0
2026-03-30 20:38:36,206,3.504461e+06,1.93992812e+08,7.5769532e+07,0.0,0.0,0.0,301226.0,27384.0,2423.0,1.07319296e+08,1.324408832e+09,7535.6900000000005,30.0,100925.0,0.0,100924.0,100924.0,1.0,0.0,0.0
2026-03-30 20:38:48,206,3.508015e+06,1.94185254e+08,7.586035e+07,0.0,0.0,0.0,301521.0,27411.0,2426.0,1.07188224e+08,1.324408832e+09,7543.41,29.0,101024.0,0.0,101023.0,101023.0,1.0,0.0,0.0
2026-03-30 20:39:01,206,3.511383e+06,1.94375148e+08,7.5924468e+07,0.0,0.0,0.0,301818.0,27438.0,2428.0,1.07188224e+08,1.324408832e+09,7551.900000000001,29.0,101123.0,0.0,101122.0,101122.0,1.0,0.0,0.0
2026-03-30 20:39:13,206,3.514846e+06,1.94567625e+08,7.5988586e+07,0.0,0.0,0.0,302115.0,27465.0,2430.0,1.07319296e+08,1.324408832e+09,7560.360000000001,31.0,101223.0,0.0,101222.0,101222.0,1.0,0.0,0.0
2026-03-30 20:39:25,207,3.518292e+06,1.94752127e+08,7.6084788e+07,0.0,0.0,0.0,302415.0,27492.0,2433.0,1.07319296e+08,1.324408832e+09,7568.45,30.0,101322.0,0.0,101321.0,101321.0,1.0,0.0,0.0
2026-03-30 20:39:38,207,3.52168e+06,1.94941975e+08,7.6148906e+07,0.0,0.0,0.0,302709.0,27519.0,2435.0,1.07319296e+08,1.324408832e+09,7576.349999999999,31.0,101421.0,0.0,101420.0,101420.0,1.0,0.0,0.0
2026-03-30 20:39:50,207,3.525109e+06,1.95126468e+08,7.6213056e+07,0.0,0.0,0.0,303002.0,27545.0,2437.0,1.07319296e+08,1.324408832e+09,7584.7300000000005,30.0,101519.0,0.0,101518.0,101518.0,1.0,0.0,0.0
2026-03-30 20:40:02,207,3.528739e+06,1.95321542e+08,7.6303842e+07,0.0,0.0,0.0,303303.0,27572.0,2440.0,1.07188224e+08,1.324408832e+09,7592.93,30.0,101620.0,0.0,101619.0,101619.0,1.0,0.0,0.0
2026-03-30 20:40:14,207,3.532305e+06,1.95519356e+08,7.636529e+07,0.0,0.0,0.0,303602.0,27600.0,2442.0,1.07057152e+08,1.324408832e+09,7601.17,35.0,101721.0,0.0,101720.0,101720.0,1.0,0.0,0.0
2026-03-30 20:40:27,208,3.535763e+06,1.95711894e+08,7.6458784e+07,0.0,0.0,0.0,303901.0,27627.0,2445.0,1.07188224e+08,1.324408832e+09,7609.78,29.0,101820.0,0.0,101820.0,101820.0,1.0,0.0,0.0
2026-03-30 20:40:39,208,3.539345e+06,1.95904362e+08,7.65202e+07,0.0,0.0,0.0,304203.0,27654.0,2447.0,1.07188224e+08,1.324408832e+09,7618.74,35.0,101921.0,0.0,101920.0,101920.0,1.0,0.0,0.0
2026-03-30 20:40:51,208,3.542873e+06,1.96096816e+08,7.6581648e+07,0.0,0.0,0.0,304500.0,27681.0,2449.0,1.07319296e+08,1.324408832e+09,7626.7300000000005,35.0,102021.0,0.0,102020.0,102020.0,1.0,0.0,0.0
2026-03-30 20:41:04,208,3.546225e+06,1.9628936e+08,7.6675168e+07,0.0,0.0,0.0,304795.0,27708.0,2452.0,1.07319296e+08,1.324408832e+09,7634.96,35.0,102121.0,0.0,102120.0,102120.0,1.0,0.0,0.0
2026-03-30 20:41:16,208,3.549724e+06,1.96481802e+08,7.6736616e+07,0.0,0.0,0.0,305089.0,27735.0,2454.0,1.07319296e+08,1.324408832e+09,7643.900000000001,29.0,102219.0,0.0,102219.0,102219.0,1.0,0.0,0.0
2026-03-30 20:41:28,209,3.553099e+06,1.96671702e+08,7.6830104e+07,0.0,0.0,0.0,305388.0,27762.0,2457.0,1.07319296e+08,1.324408832e+09,7652.7699999999995,31.0,102320.0,0.0,102319.0,102319.0,1.0,0.0,0.0
2026-03-30 20:41:40,209,3.556591e+06,1.96864176e+08,7.6891552e+07,0.0,0.0,0.0,305685.0,27789.0,2459.0,1.07319296e+08,1.324408832e+09,7661.07,29.0,102419.0,0.0,102419.0,102419.0,1.0,0.0,0.0
2026-03-30 20:41:53,209,3.560086e+06,1.97056647e+08,7.695567e+07,0.0,0.0,0.0,305983.0,27816.0,2461.0,1.07319296e+08,1.324408832e+09,7669.13,31.0,102520.0,0.0,102519.0,102519.0,1.0,0.0,0.0
2026-03-30 20:42:05,209,3.563436e+06,1.97246533e+08,7.7051866e+07,0.0,0.0,0.0,306278.0,27843.0,2464.0,1.07450368e+08,1.324408832e+09,7676.99,29.0,102619.0,0.0,102618.0,102618.0,1.0,0.0,0.0
2026-03-30 20:42:17,209,3.566908e+06,1.97441765e+08,7.7113314e+07,0.0,0.0,0.0,306576.0,27870.0,2466.0,1.0758144e+08,1.324408832e+09,7685.280000000001,29.0,102719.0,0.0,102718.0,102718.0,1.0,0.0,0.0
2026-03-30 20:42:29,210,3.570392e+06,1.97634219e+08,7.7204164e+07,0.0,0.0,0.0,306875.0,27897.0,2469.0,1.07712512e+08,1.324408832e+09,7693.34,31.0,102818.0,0.0,102817.0,102817.0,1.0,0.0,0.0
2026-03-30 20:42:42,210,3.573923e+06,1.97823988e+08,7.7268314e+07,0.0,0.0,0.0,307171.0,27924.0,2471.0,1.07712512e+08,1.324408832e+09,7701.49,30.0,102918.0,0.0,102917.0,102917.0,1.0,0.0,0.0
2026-03-30 20:42:54,210,3.577387e+06,1.98016526e+08,7.7329762e+07,0.0,0.0,0.0,307470.0,27951.0,2473.0,1.07450368e+08,1.324408832e+09,7710.0,35.0,103018.0,0.0,103017.0,103017.0,1.0,0.0,0.0
2026-03-30 20:43:06,210,3.5809e+06,1.98206301e+08,7.7425926e+07,0.0,0.0,0.0,307765.0,27978.0,2476.0,1.07413504e+08,1.324408832e+09,7718.25,30.0,103117.0,0.0,103116.0,103116.0,1.0,0.0,0.0
2026-03-30 20:43:19,210,3.584345e+06,1.98398804e+08,7.7487374e+07,0.0,0.0,0.0,308059.0,28005.0,2478.0,1.07413504e+08,1.324408832e+09,7726.3,30.0,103216.0,0.0,103215.0,103215.0,1.0,0.0,0.0
2026-03-30 20:43:31,211,3.587432e+06,1.98569909e+08,7.7551524e+07,0.0,0.0,0.0,308325.0,28029.0,2480.0,1.07282432e+08,1.324408832e+09,7733.93,29.0,103305.0,0.0,103305.0,103305.0,1.0,0.0,0.0
2026-03-30 20:43:43,211,3.588449e+06,1.98626026e+08,7.7580894e+07,0.0,0.0,0.0,308410.0,28037.0,2481.0,1.07282432e+08,1.324408832e+09,7736.45,30.0,103333.0,0.0,103332.0,103332.0,1.0,0.0,0.0
2026-03-30 20:43:55,211,3.591908e+06,1.98821217e+08,7.7642342e+07,0.0,0.0,0.0,308707.0,28064.0,2483.0,1.07282432e+08,1.324408832e+09,7745.120000000001,29.0,103433.0,0.0,103433.0,103433.0,1.0,0.0,0.0
2026-03-30 20:44:07,211,3.595326e+06,1.99008357e+08,7.7735868e+07,0.0,0.0,0.0,309001.0,28091.0,2486.0,1.07413504e+08,1.324408832e+09,7752.4,30.0,103532.0,0.0,103531.0,103531.0,1.0,0.0,0.0
2026-03-30 20:44:20,211,3.59879e+06,1.99192757e+08,7.7797316e+07,0.0,0.0,0.0,309293.0,28117.0,2488.0,1.07413504e+08,1.324408832e+09,7760.32,35.0,103630.0,0.0,103629.0,103629.0,1.0,0.0,0.0
2026-03-30 20:44:32,212,3.602444e+06,1.99390513e+08,7.7888134e+07,0.0,0.0,0.0,309598.0,28145.0,2491.0,1.07413504e+08,1.324408832e+09,7769.259999999999,29.0,103732.0,0.0,103731.0,103731.0,1.0,0.0,0.0
2026-03-30 20:44:44,212,3.606029e+06,1.99593702e+08,7.794955e+07,0.0,0.0,0.0,309904.0,28173.0,2493.0,1.07413504e+08,1.324408832e+09,7777.849999999999,29.0,103835.0,0.0,103834.0,103834.0,1.0,0.0,0.0
2026-03-30 20:44:57,212,3.609443e+06,1.99780874e+08,7.8045784e+07,0.0,0.0,0.0,310200.0,28200.0,2496.0,1.07413504e+08,1.324408832e+09,7785.78,30.0,103934.0,0.0,103933.0,103933.0,1.0,0.0,0.0
2026-03-30 20:45:09,212,3.612981e+06,1.99968014e+08,7.8107232e+07,0.0,0.0,0.0,310507.0,28227.0,2498.0,1.07413504e+08,1.324408832e+09,7794.74,29.0,104036.0,0.0,104035.0,104035.0,1.0,0.0,0.0
2026-03-30 20:45:22,212,3.616513e+06,2.00160453e+08,7.816868e+07,0.0,0.0,0.0,310802.0,28254.0,2500.0,1.07413504e+08,1.324408832e+09,7803.24,33.0,104135.0,0.0,104134.0,104134.0,1.0,0.0,0.0
2026-03-30 20:45:34,213,3.619896e+06,2.00355658e+08,7.8264908e+07,0.0,0.0,0.0,311103.0,28282.0,2503.0,1.07413504e+08,1.324408832e+09,7812.38,30.0,104236.0,0.0,104235.0,104235.0,1.0,0.0,0.0
2026-03-30 20:45:46,213,3.623367e+06,2.00550869e+08,7.8328994e+07,0.0,0.0,0.0,311399.0,28309.0,2505.0,1.07413504e+08,1.324408832e+09,7820.360000000001,30.0,104335.0,0.0,104334.0,104334.0,1.0,0.0,0.0
2026-03-30 20:45:59,213,3.626663e+06,2.00740833e+08,7.8419844e+07,0.0,0.0,0.0,311697.0,28336.0,2508.0,1.07413504e+08,1.324408832e+09,7828.41,30.0,104435.0,0.0,104434.0,104434.0,1.0,0.0,0.0
2026-03-30 20:46:11,213,3.630253e+06,2.00933301e+08,7.8483962e+07,0.0,0.0,0.0,312000.0,28363.0,2510.0,1.07413504e+08,1.324408832e+09,7837.01,30.0,104537.0,0.0,104536.0,104536.0,1.0,0.0,0.0
2026-03-30 20:46:23,213,3.63361e+06,2.01125848e+08,7.854808e+07,0.0,0.0,0.0,312296.0,28390.0,2512.0,1.07544576e+08,1.324408832e+09,7845.139999999999,30.0,104637.0,0.0,104636.0,104636.0,1.0,0.0,0.0
2026-03-30 20:46:36,214,3.637027e+06,2.01313017e+08,7.8644276e+07,0.0,0.0,0.0,312592.0,28417.0,2515.0,1.07544576e+08,1.324408832e+09,7853.0199999999995,30.0,104736.0,0.0,104735.0,104735.0,1.0,0.0,0.0
2026-03-30 20:46:48,214,3.640616e+06,2.01508094e+08,7.8705692e+07,0.0,0.0,0.0,312887.0,28444.0,2517.0,1.07413504e+08,1.324408832e+09,7860.93,32.0,104835.0,0.0,104834.0,104834.0,1.0,0.0,0.0
2026-03-30 20:47:00,214,3.644084e+06,2.01700574e+08,7.8796542e+07,0.0,0.0,0.0,313181.0,28471.0,2520.0,1.07282432e+08,1.324408832e+09,7868.77,29.0,104934.0,0.0,104933.0,104933.0,1.0,0.0,0.0
2026-03-30 20:47:13,214,3.647513e+06,2.01890407e+08,7.886066e+07,0.0,0.0,0.0,313478.0,28498.0,2522.0,1.0715136e+08,1.324408832e+09,7877.01,29.0,105032.0,0.0,105032.0,105032.0,1.0,0.0,0.0
2026-03-30 20:47:25,215,3.651069e+06,2.02088195e+08,7.8924778e+07,0.0,0.0,0.0,313775.0,28525.0,2524.0,1.0715136e+08,1.324408832e+09,7885.389999999999,30.0,105133.0,0.0,105132.0,105132.0,1.0,0.0,0.0
2026-03-30 20:47:37,215,3.654518e+06,2.02277976e+08,7.9020974e+07,0.0,0.0,0.0,314074.0,28552.0,2527.0,1.07282432e+08,1.324408832e+09,7894.370000000001,31.0,105234.0,0.0,105233.0,105233.0,1.0,0.0,0.0
2026-03-30 20:47:49,215,3.658133e+06,2.02470389e+08,7.908239e+07,0.0,0.0,0.0,314371.0,28579.0,2529.0,1.07282432e+08,1.324408832e+09,7902.07,29.0,105332.0,0.0,105332.0,105332.0,1.0,0.0,0.0
2026-03-30 20:48:01,215,3.661636e+06,2.02660164e+08,7.9143838e+07,0.0,0.0,0.0,314669.0,28606.0,2531.0,1.07282432e+08,1.324408832e+09,7910.26,29.0,105432.0,0.0,105432.0,105432.0,1.0,0.0,0.0
2026-03-30 20:48:14,215,3.665181e+06,2.02852621e+08,7.9234656e+07,0.0,0.0,0.0,314967.0,28633.0,2534.0,1.07282432e+08,1.324408832e+09,7918.7,30.0,105532.0,0.0,105531.0,105531.0,1.0,0.0,0.0
2026-03-30 20:48:26,216,3.66874e+06,2.03050496e+08,7.9296104e+07,0.0,0.0,0.0,315274.0,28661.0,2536.0,1.07413504e+08,1.324408832e+09,7927.09,30.0,105636.0,0.0,105635.0,105635.0,1.0,0.0,0.0
2026-03-30 20:48:39,216,3.672162e+06,2.03240338e+08,7.9392268e+07,0.0,0.0,0.0,315571.0,28688.0,2539.0,1.07544576e+08,1.324408832e+09,7935.51,30.0,105735.0,0.0,105734.0,105734.0,1.0,0.0,0.0
2026-03-30 20:48:51,216,3.675664e+06,2.03435488e+08,7.945371e+07,0.0,0.0,0.0,315867.0,28715.0,2541.0,1.07282432e+08,1.324408832e+09,7943.54,29.0,105834.0,0.0,105834.0,105834.0,1.0,0.0,0.0
2026-03-30 20:49:04,216,3.679062e+06,2.03625362e+08,7.9547204e+07,0.0,0.0,0.0,316163.0,28742.0,2544.0,1.07282432e+08,1.324408832e+09,7951.92,30.0,105934.0,0.0,105933.0,105933.0,1.0,0.0,0.0
2026-03-30 20:49:16,216,3.682587e+06,2.03815169e+08,7.9608652e+07,0.0,0.0,0.0,316463.0,28769.0,2546.0,1.0715136e+08,1.324408832e+09,7960.82,29.0,106034.0,0.0,106034.0,106034.0,1.0,0.0,0.0
2026-03-30 20:49:28,217,3.686237e+06,2.04004941e+08,7.9670068e+07,0.0,0.0,0.0,316767.0,28796.0,2548.0,1.0715136e+08,1.324408832e+09,7970.19,30.0,106136.0,0.0,106135.0,106135.0,1.0,0.0,0.0
2026-03-30 20:49:41,217,3.689675e+06,2.04197409e+08,7.9763556e+07,0.0,0.0,0.0,317061.0,28823.0,2551.0,1.0715136e+08,1.324408832e+09,7978.639999999999,29.0,106234.0,0.0,106234.0,106234.0,1.0,0.0,0.0
2026-03-30 20:49:53,217,3.693036e+06,2.0439262e+08,7.9825004e+07,0.0,0.0,0.0,317352.0,28850.0,2553.0,1.0715136e+08,1.324408832e+09,7986.799999999999,29.0,106333.0,0.0,106332.0,106332.0,1.0,0.0,0.0
2026-03-30 20:50:05,217,3.696395e+06,2.04582523e+08,7.9886452e+07,0.0,0.0,0.0,317647.0,28877.0,2555.0,1.07020288e+08,1.324408832e+09,7994.68,29.0,106431.0,0.0,106431.0,106431.0,1.0,0.0,0.0
2026-03-30 20:50:18,217,3.699771e+06,2.04767083e+08,7.9985286e+07,0.0,0.0,0.0,317943.0,28903.0,2558.0,1.0715136e+08,1.324408832e+09,8002.95,29.0,106530.0,0.0,106530.0,106530.0,1.0,0.0,0.0
2026-03-30 20:50:30,218,3.703181e+06,2.04962335e+08,8.0046734e+07,0.0,0.0,0.0,318241.0,28930.0,2560.0,1.07282432e+08,1.324408832e+09,8011.379999999999,30.0,106631.0,0.0,106630.0,106630.0,1.0,0.0,0.0
2026-03-30 20:50:42,218,3.706696e+06,2.05160146e+08,8.0137552e+07,0.0,0.0,0.0,318540.0,28958.0,2563.0,1.07282432e+08,1.324408832e+09,8019.93,29.0,106731.0,0.0,106731.0,106731.0,1.0,0.0,0.0
2026-03-30 20:50:55,218,3.71024e+06,2.0535262e+08,8.0199e+07,0.0,0.0,0.0,318841.0,28985.0,2565.0,1.07282432e+08,1.324408832e+09,8028.38,29.0,106832.0,0.0,106832.0,106832.0,1.0,0.0,0.0
2026-03-30 20:51:07,218,3.713848e+06,2.0554496e+08,8.0263118e+07,0.0,0.0,0.0,319136.0,29012.0,2567.0,1.07282432e+08,1.324408832e+09,8036.88,31.0,106932.0,0.0,106931.0,106931.0,1.0,0.0,0.0
2026-03-30 20:51:19,218,3.717191e+06,2.05740267e+08,8.0356606e+07,0.0,0.0,0.0,319434.0,29039.0,2570.0,1.07282432e+08,1.324408832e+09,8045.38,30.0,107031.0,0.0,107030.0,107030.0,1.0,0.0,0.0
2026-03-30 20:51:32,219,3.720611e+06,2.05932773e+08,8.0420724e+07,0.0,0.0,0.0,319728.0,29066.0,2572.0,1.07413504e+08,1.324408832e+09,8053.4800000000005,31.0,107131.0,0.0,107130.0,107130.0,1.0,0.0,0.0
2026-03-30 20:51:44,219,3.724215e+06,2.06125209e+08,8.0484842e+07,0.0,0.0,0.0,320029.0,29093.0,2574.0,1.07544576e+08,1.324408832e+09,8061.4,29.0,107231.0,0.0,107231.0,107231.0,1.0,0.0,0.0
2026-03-30 20:51:56,219,3.727582e+06,2.06312358e+08,8.058107e+07,0.0,0.0,0.0,320322.0,29120.0,2577.0,1.07413504e+08,1.324408832e+09,8069.46,29.0,107329.0,0.0,107329.0,107329.0,1.0,0.0,0.0
2026-03-30 20:52:09,219,3.73113e+06,2.06502142e+08,8.0642518e+07,0.0,0.0,0.0,320622.0,29147.0,2579.0,1.07413504e+08,1.324408832e+09,8077.47,30.0,107429.0,0.0,107428.0,107428.0,1.0,0.0,0.0
2026-03-30 20:52:21,219,3.734556e+06,2.06694648e+08,8.0736038e+07,0.0,0.0,0.0,320915.0,29174.0,2582.0,1.07413504e+08,1.324408832e+09,8085.53,30.0,107528.0,0.0,107527.0,107527.0,1.0,0.0,0.0
2026-03-30 20:52:33,220,3.737989e+06,2.06887189e+08,8.0797454e+07,0.0,0.0,0.0,321213.0,29201.0,2584.0,1.07413504e+08,1.324408832e+09,8093.7,30.0,107628.0,0.0,107627.0,107627.0,1.0,0.0,0.0
2026-03-30 20:52:45,220,3.74138e+06,2.07082432e+08,8.0858902e+07,0.0,0.0,0.0,321508.0,29228.0,2586.0,1.08068864e+08,1.32524032e+09,8101.69,35.0,107726.0,0.0,107725.0,107725.0,1.0,0.0,0.0
2026-03-30 20:52:57,220,3.744905e+06,2.07264162e+08,8.0952396e+07,0.0,0.0,0.0,321805.0,29254.0,2589.0,1.08068864e+08,1.32524032e+09,8111.18,31.0,107826.0,0.0,107825.0,107825.0,1.0,0.0,0.0
2026-03-30 20:53:10,220,3.748344e+06,2.07462011e+08,8.1016546e+07,0.0,0.0,0.0,322102.0,29282.0,2591.0,1.07937792e+08,1.32524032e+09,8119.610000000001,30.0,107926.0,0.0,107925.0,107925.0,1.0,0.0,0.0
2026-03-30 20:53:22,220,3.751774e+06,2.0764384e+08,8.1080702e+07,0.0,0.0,0.0,322399.0,29308.0,2593.0,1.08068864e+08,1.32524032e+09,8127.67,30.0,108025.0,0.0,108024.0,108024.0,1.0,0.0,0.0
2026-03-30 20:53:34,221,3.755054e+06,2.07836419e+08,8.1171552e+07,0.0,0.0,0.0,322689.0,29335.0,2596.0,1.08068864e+08,1.32524032e+09,8135.7,29.0,108122.0,0.0,108122.0,108122.0,1.0,0.0,0.0
2026-03-30 20:53:46,221,3.758532e+06,2.08020819e+08,8.123567e+07,0.0,0.0,0.0,322979.0,29361.0,2598.0,1.08068864e+08,1.32524032e+09,8143.37,30.0,108220.0,0.0,108219.0,108219.0,1.0,0.0,0.0
2026-03-30 20:53:58,221,3.761952e+06,2.08210655e+08,8.1331866e+07,0.0,0.0,0.0,323274.0,29388.0,2601.0,1.08068864e+08,1.32524032e+09,8151.13,33.0,108318.0,0.0,108317.0,108317.0,1.0,0.0,0.0
2026-03-30 20:54:10,221,3.765354e+06,2.08400515e+08,8.1390638e+07,0.0,0.0,0.0,323567.0,29415.0,2603.0,1.08068864e+08,1.32524032e+09,8158.950000000001,31.0,108417.0,0.0,108416.0,108416.0,1.0,0.0,0.0
2026-03-30 20:54:23,221,3.768722e+06,2.08593091e+08,8.1454756e+07,0.0,0.0,0.0,323862.0,29442.0,2605.0,1.08331008e+08,1.32524032e+09,8167.16,29.0,108515.0,0.0,108515.0,108515.0,1.0,0.0,0.0
2026-03-30 20:54:35,222,3.772229e+06,2.0878024e+08,8.1550952e+07,0.0,0.0,0.0,324162.0,29469.0,2608.0,1.08199936e+08,1.32524032e+09,8175.370000000001,30.0,108616.0,0.0,108615.0,108615.0,1.0,0.0,0.0
2026-03-30 20:54:47,222,3.775706e+06,2.08972711e+08,8.16124e+07,0.0,0.0,0.0,324458.0,29496.0,2610.0,1.07937792e+08,1.32524032e+09,8183.23,30.0,108715.0,0.0,108714.0,108714.0,1.0,0.0,0.0
2026-03-30 20:55:00,222,3.77924e+06,2.09162547e+08,8.1703218e+07,0.0,0.0,0.0,324760.0,29523.0,2613.0,1.07937792e+08,1.32524032e+09,8191.700000000001,33.0,108816.0,0.0,108815.0,108815.0,1.0,0.0,0.0
2026-03-30 20:55:12,222,3.782657e+06,2.09355062e+08,8.1767368e+07,0.0,0.0,0.0,325055.0,29550.0,2615.0,1.07937792e+08,1.32524032e+09,8200.41,29.0,108916.0,0.0,108915.0,108915.0,1.0,0.0,0.0
2026-03-30 20:55:24,222,3.785953e+06,2.0954767e+08,8.1831454e+07,0.0,0.0,0.0,325344.0,29576.0,2617.0,1.08068864e+08,1.32524032e+09,8208.22,30.0,109013.0,0.0,109012.0,109012.0,1.0,0.0,0.0
2026-03-30 20:55:36,223,3.789275e+06,2.09740272e+08,8.1892902e+07,0.0,0.0,0.0,325637.0,29603.0,2619.0,1.07937792e+08,1.32524032e+09,8216.060000000001,29.0,109111.0,0.0,109111.0,109111.0,1.0,0.0,0.0
2026-03-30 20:55:48,223,3.792864e+06,2.09930009e+08,8.1989066e+07,0.0,0.0,0.0,325937.0,29630.0,2622.0,1.07937792e+08,1.32524032e+09,8224.48,29.0,109212.0,0.0,109211.0,109211.0,1.0,0.0,0.0
2026-03-30 20:56:01,223,3.796392e+06,2.10122521e+08,8.2050514e+07,0.0,0.0,0.0,326238.0,29657.0,2624.0,1.07937792e+08,1.32524032e+09,8233.21,30.0,109313.0,0.0,109312.0,109312.0,1.0,0.0,0.0
2026-03-30 20:56:13,223,3.799677e+06,2.10312456e+08,8.2146742e+07,0.0,0.0,0.0,326533.0,29684.0,2627.0,1.07937792e+08,1.32524032e+09,8241.56,30.0,109412.0,0.0,109411.0,109411.0,1.0,0.0,0.0
2026-03-30 20:56:25,224,3.803182e+06,2.10502289e+08,8.220819e+07,0.0,0.0,0.0,326831.0,29711.0,2629.0,1.07937792e+08,1.32524032e+09,8250.0,30.0,109512.0,0.0,109511.0,109511.0,1.0,0.0,0.0
2026-03-30 20:56:37,224,3.806716e+06,2.10702735e+08,8.230171e+07,0.0,0.0,0.0,327129.0,29739.0,2632.0,1.07937792e+08,1.32524032e+09,8259.4,31.0,109612.0,0.0,109611.0,109611.0,1.0,0.0,0.0
2026-03-30 20:56:50,224,3.810219e+06,2.10892542e+08,8.2363158e+07,0.0,0.0,0.0,327427.0,29766.0,2634.0,1.07937792e+08,1.32524032e+09,8267.68,30.0,109712.0,0.0,109711.0,109711.0,1.0,0.0,0.0
2026-03-30 20:57:02,224,3.813776e+06,2.11084981e+08,8.2427276e+07,0.0,0.0,0.0,327724.0,29793.0,2636.0,1.08068864e+08,1.32524032e+09,8275.59,29.0,109811.0,0.0,109811.0,109811.0,1.0,0.0,0.0
2026-03-30 20:57:14,224,3.817086e+06,2.11274983e+08,8.252077e+07,0.0,0.0,0.0,328024.0,29820.0,2639.0,1.08068864e+08,1.32524032e+09,8283.85,35.0,109912.0,0.0,109911.0,109911.0,1.0,0.0,0.0
2026-03-30 20:57:27,225,3.820482e+06,2.11467547e+08,8.2584888e+07,0.0,0.0,0.0,328322.0,29847.0,2641.0,1.07937792e+08,1.32524032e+09,8292.45,30.0,110013.0,0.0,110012.0,110012.0,1.0,0.0,0.0
2026-03-30 20:57:39,225,3.824144e+06,2.11662627e+08,8.2646304e+07,0.0,0.0,0.0,328623.0,29874.0,2643.0,1.07937792e+08,1.32524032e+09,8301.41,33.0,110113.0,0.0,110112.0,110112.0,1.0,0.0,0.0
2026-03-30 20:57:52,225,3.827695e+06,2.1185237e+08,8.2737122e+07,0.0,0.0,0.0,328920.0,29901.0,2646.0,1.07937792e+08,1.32524032e+09,8309.79,31.0,110213.0,0.0,110212.0,110212.0,1.0,0.0,0.0
2026-03-30 20:58:04,225,3.831287e+06,2.12055498e+08,8.279857e+07,0.0,0.0,0.0,329219.0,29929.0,2648.0,1.07937792e+08,1.32524032e+09,8318.23,30.0,110313.0,0.0,110312.0,110312.0,1.0,0.0,0.0
2026-03-30 20:58:16,225,3.834735e+06,2.12242632e+08,8.2892064e+07,0.0,0.0,0.0,329516.0,29956.0,2651.0,1.08068864e+08,1.32524032e+09,8326.51,30.0,110413.0,0.0,110412.0,110412.0,1.0,0.0,0.0
2026-03-30 20:58:28,226,3.838301e+06,2.12435068e+08,8.2956214e+07,0.0,0.0,0.0,329814.0,29983.0,2653.0,1.07937792e+08,1.32524032e+09,8334.52,29.0,110512.0,0.0,110512.0,110512.0,1.0,0.0,0.0
2026-03-30 20:58:41,226,3.841765e+06,2.12624904e+08,8.3047032e+07,0.0,0.0,0.0,330112.0,30010.0,2656.0,1.07937792e+08,1.32524032e+09,8343.039999999999,35.0,110612.0,0.0,110611.0,110611.0,1.0,0.0,0.0
2026-03-30 20:58:53,226,3.845164e+06,2.12817474e+08,8.3111182e+07,0.0,0.0,0.0,330416.0,30037.0,2658.0,1.07937792e+08,1.32524032e+09,8352.34,35.0,110714.0,0.0,110713.0,110713.0,1.0,0.0,0.0
2026-03-30 20:59:06,226,3.848645e+06,2.13012583e+08,8.3175268e+07,0.0,0.0,0.0,330704.0,30064.0,2660.0,1.07937792e+08,1.32524032e+09,8359.66,31.0,110812.0,0.0,110811.0,110811.0,1.0,0.0,0.0
2026-03-30 20:59:18,226,3.852005e+06,2.13197082e+08,8.3271464e+07,0.0,0.0,0.0,330996.0,30090.0,2663.0,1.0807296e+08,1.32524032e+09,8367.4,29.0,110909.0,0.0,110909.0,110909.0,1.0,0.0,0.0
2026-03-30 20:59:30,227,3.855412e+06,2.13386895e+08,8.3335582e+07,0.0,0.0,0.0,331288.0,30117.0,2665.0,1.0807296e+08,1.32524032e+09,8375.67,33.0,111007.0,0.0,111006.0,111006.0,1.0,0.0,0.0
2026-03-30 20:59:42,227,3.858901e+06,2.13571353e+08,8.3396998e+07,0.0,0.0,0.0,331584.0,30143.0,2667.0,1.0807296e+08,1.32524032e+09,8383.78,29.0,111106.0,0.0,111106.0,111106.0,1.0,0.0,0.0
2026-03-30 20:59:54,227,3.86233e+06,2.13761186e+08,8.3490518e+07,0.0,0.0,0.0,331879.0,30170.0,2670.0,1.07941888e+08,1.32524032e+09,8392.01,29.0,111205.0,0.0,111205.0,111205.0,1.0,0.0,0.0
2026-03-30 21:00:07,227,3.865788e+06,2.13953692e+08,8.3551966e+07,0.0,0.0,0.0,332173.0,30197.0,2672.0,1.0807296e+08,1.32524032e+09,8400.05,30.0,111305.0,0.0,111304.0,111304.0,1.0,0.0,0.0
2026-03-30 21:00:19,227,3.869052e+06,2.1414096e+08,8.3618792e+07,0.0,0.0,0.0,332466.0,30224.0,2674.0,1.07941888e+08,1.32524032e+09,8408.210000000001,30.0,111403.0,0.0,111402.0,111402.0,1.0,0.0,0.0
2026-03-30 21:00:31,228,3.872506e+06,2.14330729e+08,8.3712318e+07,0.0,0.0,0.0,332762.0,30251.0,2677.0,1.0807296e+08,1.32524032e+09,8416.43,29.0,111502.0,0.0,111501.0,111501.0,1.0,0.0,0.0
2026-03-30 21:00:44,228,3.87603e+06,2.14523241e+08,8.3773734e+07,0.0,0.0,0.0,333060.0,30278.0,2679.0,1.0807296e+08,1.32524032e+09,8424.64,35.0,111602.0,0.0,111601.0,111601.0,1.0,0.0,0.0
2026-03-30 21:00:56,228,3.879444e+06,2.14713089e+08,8.3867254e+07,0.0,0.0,0.0,333357.0,30305.0,2682.0,1.0807296e+08,1.32524032e+09,8432.89,30.0,111701.0,0.0,111700.0,111700.0,1.0,0.0,0.0
2026-03-30 21:01:08,228,3.882841e+06,2.14897684e+08,8.393141e+07,0.0,0.0,0.0,333661.0,30332.0,2684.0,1.0807296e+08,1.32524032e+09,8441.11,29.0,111801.0,0.0,111801.0,111801.0,1.0,0.0,0.0
2026-03-30 21:01:21,228,3.886209e+06,2.15087514e+08,8.4024904e+07,0.0,0.0,0.0,333953.0,30359.0,2687.0,1.07941888e+08,1.32524032e+09,8449.060000000001,30.0,111900.0,0.0,111899.0,111899.0,1.0,0.0,0.0
2026-03-30 21:01:33,229,3.889552e+06,2.15280119e+08,8.4089054e+07,0.0,0.0,0.0,334250.0,30386.0,2689.0,1.07941888e+08,1.32524032e+09,8456.89,29.0,112000.0,0.0,111999.0,111999.0,1.0,0.0,0.0
2026-03-30 21:01:45,229,3.892981e+06,2.15472686e+08,8.415047e+07,0.0,0.0,0.0,334545.0,30413.0,2691.0,1.07941888e+08,1.32524032e+09,8465.01,33.0,112098.0,0.0,112097.0,112097.0,1.0,0.0,0.0
2026-03-30 21:01:57,229,3.896529e+06,2.15665178e+08,8.424399e+07,0.0,0.0,0.0,334849.0,30440.0,2694.0,1.0807296e+08,1.32524032e+09,8473.92,31.0,112200.0,0.0,112199.0,112199.0,1.0,0.0,0.0
2026-03-30 21:02:10,229,3.899963e+06,2.1585767e+08,8.4305438e+07,0.0,0.0,0.0,335142.0,30467.0,2696.0,1.0807296e+08,1.32524032e+09,8482.01,30.0,112298.0,0.0,112297.0,112297.0,1.0,0.0,0.0
2026-03-30 21:02:22,229,3.903342e+06,2.16047509e+08,8.4369556e+07,0.0,0.0,0.0,335436.0,30494.0,2698.0,1.0807296e+08,1.32524032e+09,8489.9,29.0,112396.0,0.0,112396.0,112396.0,1.0,0.0,0.0
2026-03-30 21:02:34,230,3.906918e+06,2.16237261e+08,8.4463044e+07,0.0,0.0,0.0,335738.0,30521.0,2701.0,1.0807296e+08,1.32524032e+09,8498.33,30.0,112497.0,0.0,112496.0,112496.0,1.0,0.0,0.0
2026-03-30 21:02:46,230,3.910248e+06,2.16429799e+08,8.4527162e+07,0.0,0.0,0.0,336031.0,30548.0,2703.0,1.0807296e+08,1.32524032e+09,8506.0,31.0,112595.0,0.0,112594.0,112594.0,1.0,0.0,0.0
2026-03-30 21:02:58,230,3.913703e+06,2.16616962e+08,8.459128e+07,0.0,0.0,0.0,336324.0,30574.0,2705.0,1.07941888e+08,1.32524032e+09,8513.67,29.0,112693.0,0.0,112693.0,112693.0,1.0,0.0,0.0
2026-03-30 21:03:11,230,3.917094e+06,2.16809483e+08,8.4682098e+07,0.0,0.0,0.0,336619.0,30601.0,2708.0,1.07941888e+08,1.32524032e+09,8522.710000000001,31.0,112792.0,0.0,112791.0,112791.0,1.0,0.0,0.0
2026-03-30 21:03:23,230,3.920809e+06,2.17007262e+08,8.4743546e+07,0.0,0.0,0.0,336929.0,30629.0,2710.0,1.07941888e+08,1.32524032e+09,8531.22,35.0,112896.0,0.0,112895.0,112895.0,1.0,0.0,0.0
2026-03-30 21:03:36,231,3.924293e+06,2.17207854e+08,8.483704e+07,0.0,0.0,0.0,337230.0,30657.0,2713.0,1.07941888e+08,1.32524032e+09,8539.99,30.0,112998.0,0.0,112997.0,112997.0,1.0,0.0,0.0
2026-03-30 21:03:48,231,3.92783e+06,2.17400325e+08,8.4898488e+07,0.0,0.0,0.0,337528.0,30684.0,2715.0,1.07810816e+08,1.32524032e+09,8548.43,30.0,113098.0,0.0,113097.0,113097.0,1.0,0.0,0.0
2026-03-30 21:04:00,231,3.931298e+06,2.17595501e+08,8.4989274e+07,0.0,0.0,0.0,337826.0,30711.0,2718.0,1.07941888e+08,1.32524032e+09,8557.369999999999,31.0,113197.0,0.0,113196.0,113196.0,1.0,0.0,0.0
2026-03-30 21:04:13,231,3.934874e+06,2.17793359e+08,8.5050722e+07,0.0,0.0,0.0,338132.0,30739.0,2720.0,1.07941888e+08,1.32524032e+09,8565.61,33.0,113300.0,0.0,113299.0,113299.0,1.0,0.0,0.0
2026-03-30 21:04:25,232,3.938357e+06,2.17985839e+08,8.511484e+07,0.0,0.0,0.0,338430.0,30766.0,2722.0,1.07941888e+08,1.32524032e+09,8574.25,31.0,113401.0,0.0,113400.0,113400.0,1.0,0.0,0.0
2026-03-30 21:04:37,232,3.941865e+06,2.18181012e+08,8.5211068e+07,0.0,0.0,0.0,338735.0,30794.0,2725.0,1.07941888e+08,1.32524032e+09,8583.4,31.0,113503.0,0.0,113502.0,113502.0,1.0,0.0,0.0
2026-03-30 21:04:50,232,3.945502e+06,2.18376107e+08,8.5275186e+07,0.0,0.0,0.0,339039.0,30821.0,2727.0,1.0807296e+08,1.32524032e+09,8592.03,33.0,113604.0,0.0,113603.0,113603.0,1.0,0.0,0.0
2026-03-30 21:05:03,232,3.948983e+06,2.1856592e+08,8.5366004e+07,0.0,0.0,0.0,339334.0,30848.0,2730.0,1.0815488e+08,1.32524032e+09,8600.14,29.0,113703.0,0.0,113703.0,113703.0,1.0,0.0,0.0
2026-03-30 21:05:15,232,3.952535e+06,2.1875833e+08,8.5427452e+07,0.0,0.0,0.0,339630.0,30875.0,2732.0,1.08023808e+08,1.32524032e+09,8607.99,30.0,113803.0,0.0,113802.0,113802.0,1.0,0.0,0.0
2026-03-30 21:05:27,233,3.955978e+06,2.18953521e+08,8.549157e+07,0.0,0.0,0.0,339926.0,30902.0,2734.0,1.0815488e+08,1.32524032e+09,8615.9,30.0,113903.0,0.0,113902.0,113902.0,1.0,0.0,0.0
2026-03-30 21:05:39,233,3.959448e+06,2.19151469e+08,8.558509e+07,0.0,0.0,0.0,340239.0,30930.0,2737.0,1.0815488e+08,1.32524032e+09,8624.74,30.0,114008.0,0.0,114007.0,114007.0,1.0,0.0,0.0
2026-03-30 21:05:52,233,3.962891e+06,2.19338612e+08,8.5649246e+07,0.0,0.0,0.0,340536.0,30957.0,2739.0,1.08023808e+08,1.32524032e+09,8632.970000000001,30.0,114106.0,0.0,114105.0,114105.0,1.0,0.0,0.0
2026-03-30 21:06:04,233,3.966426e+06,2.19528381e+08,8.574274e+07,0.0,0.0,0.0,340833.0,30984.0,2742.0,1.0815488e+08,1.32524032e+09,8640.779999999999,30.0,114206.0,0.0,114205.0,114205.0,1.0,0.0,0.0
2026-03-30 21:06:17,233,3.969861e+06,2.19726262e+08,8.5801512e+07,0.0,0.0,0.0,341131.0,31011.0,2744.0,1.0815488e+08,1.32524032e+09,8649.03,30.0,114306.0,0.0,114305.0,114305.0,1.0,0.0,0.0
2026-03-30 21:06:29,234,3.97325e+06,2.19926813e+08,8.5865662e+07,0.0,0.0,0.0,341430.0,31039.0,2746.0,1.08023808e+08,1.32524032e+09,8657.31,29.0,114407.0,0.0,114406.0,114406.0,1.0,0.0,0.0
2026-03-30 21:06:41,234,3.976805e+06,2.20122024e+08,8.5961858e+07,0.0,0.0,0.0,341739.0,31067.0,2749.0,1.08023808e+08,1.32524032e+09,8666.13,30.0,114510.0,0.0,114509.0,114509.0,1.0,0.0,0.0
2026-03-30 21:06:54,234,3.980397e+06,2.20314428e+08,8.6023306e+07,0.0,0.0,0.0,342035.0,31094.0,2751.0,1.07892736e+08,1.32524032e+09,8673.93,29.0,114609.0,0.0,114609.0,114609.0,1.0,0.0,0.0
2026-03-30 21:07:06,234,3.983795e+06,2.2050427e+08,8.61168e+07,0.0,0.0,0.0,342331.0,31121.0,2754.0,1.07892736e+08,1.32524032e+09,8681.76,30.0,114709.0,0.0,114708.0,114708.0,1.0,0.0,0.0
2026-03-30 21:07:19,234,3.987387e+06,2.20694083e+08,8.6178248e+07,0.0,0.0,0.0,342636.0,31148.0,2756.0,1.08023808e+08,1.32524032e+09,8690.19,30.0,114810.0,0.0,114809.0,114809.0,1.0,0.0,0.0
2026-03-30 21:07:31,235,3.990769e+06,2.20892028e+08,8.6271768e+07,0.0,0.0,0.0,342936.0,31176.0,2759.0,1.08023808e+08,1.32524032e+09,8699.41,29.0,114911.0,0.0,114910.0,114910.0,1.0,0.0,0.0
2026-03-30 21:07:43,235,3.994265e+06,2.21084572e+08,8.6335886e+07,0.0,0.0,0.0,343237.0,31203.0,2761.0,1.08032e+08,1.32524032e+09,8708.17,30.0,115012.0,0.0,115011.0,115011.0,1.0,0.0,0.0
2026-03-30 21:07:56,235,3.997651e+06,2.21277128e+08,8.6397334e+07,0.0,0.0,0.0,343532.0,31230.0,2763.0,1.07900928e+08,1.32524032e+09,8716.03,29.0,115111.0,0.0,115110.0,115110.0,1.0,0.0,0.0
2026-03-30 21:08:08,235,4.001065e+06,2.21464256e+08,8.6493562e+07,0.0,0.0,0.0,343830.0,31257.0,2766.0,1.08032e+08,1.32524032e+09,8724.52,30.0,115211.0,0.0,115210.0,115210.0,1.0,0.0,0.0
2026-03-30 21:08:20,235,4.004724e+06,2.21659333e+08,8.6554978e+07,0.0,0.0,0.0,344128.0,31284.0,2768.0,1.08032e+08,1.32524032e+09,8732.81,30.0,115311.0,0.0,115310.0,115310.0,1.0,0.0,0.0
2026-03-30 21:08:32,236,4.008138e+06,2.21849178e+08,8.6645796e+07,0.0,0.0,0.0,344422.0,31311.0,2771.0,1.08163072e+08,1.32524032e+09,8740.84,31.0,115409.0,0.0,115408.0,115408.0,1.0,0.0,0.0
2026-03-30 21:08:45,236,4.011536e+06,2.22033645e+08,8.6707244e+07,0.0,0.0,0.0,344713.0,31337.0,2773.0,1.08163072e+08,1.32524032e+09,8748.67,30.0,115507.0,0.0,115506.0,115506.0,1.0,0.0,0.0
2026-03-30 21:08:57,236,4.015054e+06,2.22226145e+08,8.6768692e+07,0.0,0.0,0.0,345012.0,31364.0,2775.0,1.08163072e+08,1.32524032e+09,8757.73,30.0,115607.0,0.0,115606.0,115606.0,1.0,0.0,0.0
2026-03-30 21:09:09,236,4.018433e+06,2.2241332e+08,8.6864856e+07,0.0,0.0,0.0,345307.0,31391.0,2778.0,1.08032e+08,1.32524032e+09,8766.18,30.0,115706.0,0.0,115705.0,115705.0,1.0,0.0,0.0
2026-03-30 21:09:21,236,4.021862e+06,2.22608493e+08,8.6929006e+07,0.0,0.0,0.0,345604.0,31418.0,2780.0,1.08032e+08,1.32524032e+09,8774.45,31.0,115806.0,0.0,115805.0,115805.0,1.0,0.0,0.0
2026-03-30 21:09:34,237,4.025375e+06,2.22800982e+08,8.7019824e+07,0.0,0.0,0.0,345904.0,31445.0,2783.0,1.07900928e+08,1.32524032e+09,8782.41,31.0,115906.0,0.0,115905.0,115905.0,1.0,0.0,0.0
2026-03-30 21:09:46,237,4.028801e+06,2.22990812e+08,8.7081272e+07,0.0,0.0,0.0,346195.0,31472.0,2785.0,1.07900928e+08,1.32524032e+09,8790.31,29.0,116004.0,0.0,116003.0,116003.0,1.0,0.0,0.0
2026-03-30 21:09:58,237,4.032222e+06,2.23186003e+08,8.714539e+07,0.0,0.0,0.0,346490.0,31499.0,2787.0,1.07900928e+08,1.32524032e+09,8798.61,30.0,116102.0,0.0,116101.0,116101.0,1.0,0.0,0.0
2026-03-30 21:10:11,237,4.035594e+06,2.23370499e+08,8.723891e+07,0.0,0.0,0.0,346784.0,31525.0,2790.0,1.0795008e+08,1.32524032e+09,8806.880000000001,30.0,116201.0,0.0,116200.0,116200.0,1.0,0.0,0.0
2026-03-30 21:10:23,237,4.039159e+06,2.23568307e+08,8.7303028e+07,0.0,0.0,0.0,347084.0,31553.0,2792.0,1.08212224e+08,1.32524032e+09,8816.24,30.0,116302.0,0.0,116301.0,116301.0,1.0,0.0,0.0
2026-03-30 21:10:35,238,4.042596e+06,2.23763504e+08,8.7367146e+07,0.0,0.0,0.0,347381.0,31580.0,2794.0,1.08212224e+08,1.32524032e+09,8824.960000000001,31.0,116401.0,0.0,116400.0,116400.0,1.0,0.0,0.0
2026-03-30 21:10:48,238,4.045949e+06,2.23948006e+08,8.7460701e+07,0.0,0.0,0.0,347675.0,31606.0,2797.0,1.08212224e+08,1.32524032e+09,8832.73,30.0,116500.0,0.0,116499.0,116499.0,1.0,0.0,0.0
2026-03-30 21:11:00,238,4.049667e+06,2.2414575e+08,8.7524819e+07,0.0,0.0,0.0,347980.0,31634.0,2799.0,1.08343296e+08,1.32524032e+09,8842.04,35.0,116602.0,0.0,116601.0,116601.0,1.0,0.0,0.0
2026-03-30 21:11:12,238,4.053043e+06,2.24340976e+08,8.7588937e+07,0.0,0.0,0.0,348274.0,31661.0,2801.0,1.08343296e+08,1.32524032e+09,8850.56,35.0,116702.0,0.0,116701.0,116701.0,1.0,0.0,0.0
2026-03-30 21:11:25,239,4.056504e+06,2.24528142e+08,8.7685165e+07,0.0,0.0,0.0,348576.0,31688.0,2804.0,1.08474368e+08,1.32524032e+09,8858.72,31.0,116802.0,0.0,116801.0,116801.0,1.0,0.0,0.0
2026-03-30 21:11:37,239,4.059886e+06,2.24718019e+08,8.7749283e+07,0.0,0.0,0.0,348870.0,31715.0,2806.0,1.08343296e+08,1.32524032e+09,8866.539999999999,30.0,116901.0,0.0,116900.0,116900.0,1.0,0.0,0.0
2026-03-30 21:11:49,239,4.063389e+06,2.24910528e+08,8.7810699e+07,0.0,0.0,0.0,349167.0,31742.0,2808.0,1.08343296e+08,1.32524032e+09,8874.43,29.0,117000.0,0.0,117000.0,117000.0,1.0,0.0,0.0
2026-03-30 21:12:02,239,4.066968e+06,2.25102935e+08,8.7904187e+07,0.0,0.0,0.0,349465.0,31769.0,2811.0,1.08081152e+08,1.32524032e+09,8882.57,35.0,117100.0,0.0,117099.0,117099.0,1.0,0.0,0.0
2026-03-30 21:12:14,239,4.070481e+06,2.25292716e+08,8.7968305e+07,0.0,0.0,0.0,349761.0,31796.0,2813.0,1.08081152e+08,1.32524032e+09,8891.13,35.0,117200.0,0.0,117199.0,117199.0,1.0,0.0,0.0
2026-03-30 21:12:26,240,4.074029e+06,2.25485164e+08,8.8064501e+07,0.0,0.0,0.0,350060.0,31823.0,2816.0,1.08212224e+08,1.32524032e+09,8900.01,31.0,117300.0,0.0,117299.0,117299.0,1.0,0.0,0.0
2026-03-30 21:12:39,240,4.077474e+06,2.25680375e+08,8.8125949e+07,0.0,0.0,0.0,350361.0,31851.0,2818.0,1.08081152e+08,1.32524032e+09,8907.800000000001,30.0,117401.0,0.0,117400.0,117400.0,1.0,0.0,0.0
2026-03-30 21:12:51,240,4.080968e+06,2.25864813e+08,8.8190067e+07,0.0,0.0,0.0,350656.0,31877.0,2820.0,1.08081152e+08,1.32524032e+09,8915.93,29.0,117499.0,0.0,117499.0,117499.0,1.0,0.0,0.0
2026-03-30 21:13:03,240,4.084521e+06,2.26065332e+08,8.8280885e+07,0.0,0.0,0.0,350959.0,31905.0,2823.0,1.08081152e+08,1.32524032e+09,8925.33,30.0,117602.0,0.0,117601.0,117601.0,1.0,0.0,0.0
2026-03-30 21:13:16,240,4.08806e+06,2.26257789e+08,8.8344971e+07,0.0,0.0,0.0,351254.0,31932.0,2825.0,1.08081152e+08,1.32524032e+09,8933.56,35.0,117700.0,0.0,117699.0,117699.0,1.0,0.0,0.0
2026-03-30 21:13:28,241,4.091544e+06,2.26450295e+08,8.8438491e+07,0.0,0.0,0.0,351557.0,31959.0,2828.0,1.08081152e+08,1.32524032e+09,8942.089999999998,29.0,117801.0,0.0,117801.0,117801.0,1.0,0.0,0.0
2026-03-30 21:13:40,241,4.09492e+06,2.26634689e+08,8.8502641e+07,0.0,0.0,0.0,351839.0,31985.0,2830.0,1.08081152e+08,1.32524032e+09,8950.539999999999,29.0,117896.0,0.0,117896.0,117896.0,1.0,0.0,0.0
2026-03-30 21:13:53,241,4.095864e+06,2.2668546e+08,8.8502641e+07,0.0,0.0,0.0,351916.0,31992.0,2830.0,1.08343296e+08,1.32524032e+09,8952.939999999999,31.0,117922.0,0.0,117921.0,117921.0,1.0,0.0,0.0
2026-03-30 21:14:05,241,4.099251e+06,2.2687269e+08,8.8598869e+07,0.0,0.0,0.0,352216.0,32019.0,2833.0,1.08343296e+08,1.32524032e+09,8961.0,30.0,118023.0,0.0,118022.0,118022.0,1.0,0.0,0.0
2026-03-30 21:14:18,241,4.102689e+06,2.27067872e+08,8.8660311e+07,0.0,0.0,0.0,352511.0,32046.0,2835.0,1.08343296e+08,1.32524032e+09,8969.27,29.0,118123.0,0.0,118122.0,118122.0,1.0,0.0,0.0
2026-03-30 21:14:30,242,4.106078e+06,2.27257787e+08,8.8753805e+07,0.0,0.0,0.0,352810.0,32073.0,2838.0,1.08343296e+08,1.32524032e+09,8977.310000000001,29.0,118223.0,0.0,118222.0,118222.0,1.0,0.0,0.0
2026-03-30 21:14:42,242,4.109641e+06,2.27458271e+08,8.8815256e+07,0.0,0.0,0.0,353111.0,32101.0,2840.0,1.08343296e+08,1.32524032e+09,8985.9,31.0,118324.0,0.0,118323.0,118323.0,1.0,0.0,0.0
2026-03-30 21:14:54,242,4.113152e+06,2.27650812e+08,8.8879342e+07,0.0,0.0,0.0,353410.0,32128.0,2842.0,1.08212224e+08,1.32524032e+09,8994.63,29.0,118425.0,0.0,118424.0,118424.0,1.0,0.0,0.0
2026-03-30 21:15:07,242,4.116542e+06,2.27843376e+08,8.8972862e+07,0.0,0.0,0.0,353709.0,32155.0,2845.0,1.08212224e+08,1.32524032e+09,9002.640000000001,30.0,118525.0,0.0,118524.0,118524.0,1.0,0.0,0.0
2026-03-30 21:15:19,242,4.120011e+06,2.28035911e+08,8.9034278e+07,0.0,0.0,0.0,354007.0,32182.0,2847.0,1.08212224e+08,1.32524032e+09,9011.02,29.0,118625.0,0.0,118624.0,118624.0,1.0,0.0,0.0
2026-03-30 21:15:32,243,4.123517e+06,2.28231067e+08,8.9127804e+07,0.0,0.0,0.0,354310.0,32210.0,2850.0,1.08212224e+08,1.32524032e+09,9019.02,31.0,118726.0,0.0,118725.0,118725.0,1.0,0.0,0.0
2026-03-30 21:15:44,243,4.127112e+06,2.28423544e+08,8.918922e+07,0.0,0.0,0.0,354610.0,32237.0,2852.0,1.08212224e+08,1.32524032e+09,9027.78,30.0,118827.0,0.0,118826.0,118826.0,1.0,0.0,0.0
2026-03-30 21:15:56,243,4.130541e+06,2.28616053e+08,8.928274e+07,0.0,0.0,0.0,354906.0,32264.0,2855.0,1.08081152e+08,1.32524032e+09,9036.470000000001,30.0,118926.0,0.0,118925.0,118925.0,1.0,0.0,0.0
2026-03-30 21:16:09,243,4.133915e+06,2.28805953e+08,8.9346858e+07,0.0,0.0,0.0,355203.0,32291.0,2857.0,1.08081152e+08,1.32524032e+09,9044.52,35.0,119025.0,0.0,119024.0,119024.0,1.0,0.0,0.0
2026-03-30 21:16:21,243,4.137297e+06,2.28993157e+08,8.9411014e+07,0.0,0.0,0.0,355500.0,32318.0,2859.0,1.07687936e+08,1.32524032e+09,9053.279999999999,31.0,119125.0,0.0,119124.0,119124.0,1.0,0.0,0.0
2026-03-30 21:16:33,244,4.140867e+06,2.29188231e+08,8.95018e+07,0.0,0.0,0.0,355796.0,32345.0,2862.0,1.07425792e+08,1.32524032e+09,9061.01,29.0,119223.0,0.0,119223.0,119223.0,1.0,0.0,0.0
2026-03-30 21:16:46,244,4.144228e+06,2.29375476e+08,8.9565956e+07,0.0,0.0,0.0,356094.0,32372.0,2864.0,1.07425792e+08,1.32524032e+09,9069.49,30.0,119323.0,0.0,119322.0,119322.0,1.0,0.0,0.0
2026-03-30 21:16:58,244,4.147785e+06,2.29565251e+08,8.9659482e+07,0.0,0.0,0.0,356396.0,32399.0,2867.0,1.07556864e+08,1.32524032e+09,9078.08,30.0,119424.0,0.0,119423.0,119423.0,1.0,0.0,0.0
2026-03-30 21:17:10,244,4.151183e+06,2.2976317e+08,8.9720895e+07,0.0,0.0,0.0,356690.0,32426.0,2869.0,1.07687936e+08,1.32524032e+09,9086.44,35.0,119523.0,0.0,119522.0,119522.0,1.0,0.0,0.0
2026-03-30 21:17:22,244,4.154531e+06,2.29953076e+08,8.9782343e+07,0.0,0.0,0.0,356985.0,32453.0,2871.0,1.07687936e+08,1.32524032e+09,9094.380000000001,35.0,119623.0,0.0,119622.0,119622.0,1.0,0.0,0.0
2026-03-30 21:17:35,245,4.158137e+06,2.30148153e+08,8.9873129e+07,0.0,0.0,0.0,357284.0,32480.0,2874.0,1.07556864e+08,1.32524032e+09,9103.269999999999,29.0,119723.0,0.0,119722.0,119722.0,1.0,0.0,0.0
2026-03-30 21:17:47,245,4.161569e+06,2.30338062e+08,8.9937279e+07,0.0,0.0,0.0,357586.0,32507.0,2876.0,1.07556864e+08,1.32524032e+09,9111.82,35.0,119823.0,0.0,119822.0,119822.0,1.0,0.0,0.0
2026-03-30 21:17:59,245,4.164978e+06,2.30533235e+08,8.9998721e+07,0.0,0.0,0.0,357876.0,32534.0,2878.0,1.07556864e+08,1.32524032e+09,9120.05,31.0,119922.0,0.0,119921.0,119921.0,1.0,0.0,0.0
2026-03-30 21:18:11,245,4.168453e+06,2.30723051e+08,9.0092247e+07,0.0,0.0,0.0,358176.0,32561.0,2881.0,1.07556864e+08,1.32524032e+09,9128.460000000001,30.0,120022.0,0.0,120021.0,120021.0,1.0,0.0,0.0
2026-03-30 21:18:24,245,4.171922e+06,2.30912835e+08,9.0153695e+07,0.0,0.0,0.0,358472.0,32588.0,2883.0,1.07687936e+08,1.32524032e+09,9137.06,31.0,120121.0,0.0,120120.0,120120.0,1.0,0.0,0.0
2026-03-30 21:18:36,246,4.175424e+06,2.31099972e+08,9.0247221e+07,0.0,0.0,0.0,358771.0,32615.0,2886.0,1.07687936e+08,1.32524032e+09,9145.26,29.0,120220.0,0.0,120220.0,120220.0,1.0,0.0,0.0
2026-03-30 21:18:48,246,4.17892e+06,2.31297818e+08,9.0308637e+07,0.0,0.0,0.0,359069.0,32642.0,2888.0,1.07556864e+08,1.32524032e+09,9153.48,29.0,120320.0,0.0,120320.0,120320.0,1.0,0.0,0.0
2026-03-30 21:19:01,246,4.18234e+06,2.31487666e+08,9.0399487e+07,0.0,0.0,0.0,359370.0,32669.0,2891.0,1.07556864e+08,1.32524032e+09,9161.939999999999,35.0,120420.0,0.0,120419.0,120419.0,1.0,0.0,0.0
2026-03-30 21:19:13,246,4.1859e+06,2.3168548e+08,9.0463605e+07,0.0,0.0,0.0,359667.0,32697.0,2893.0,1.07556864e+08,1.32524032e+09,9170.34,29.0,120521.0,0.0,120520.0,120520.0,1.0,0.0,0.0
2026-03-30 21:19:25,247,4.189495e+06,2.31880662e+08,9.0525021e+07,0.0,0.0,0.0,359968.0,32724.0,2895.0,1.07556864e+08,1.32524032e+09,9178.689999999999,30.0,120622.0,0.0,120621.0,120621.0,1.0,0.0,0.0
2026-03-30 21:19:38,247,4.192912e+06,2.32067802e+08,9.0621249e+07,0.0,0.0,0.0,360266.0,32751.0,2898.0,1.07556864e+08,1.32524032e+09,9187.26,29.0,120722.0,0.0,120721.0,120721.0,1.0,0.0,0.0
2026-03-30 21:19:50,247,4.196653e+06,2.32270889e+08,9.0682665e+07,0.0,0.0,0.0,360573.0,32779.0,2900.0,1.07556864e+08,1.32524032e+09,9195.880000000001,30.0,120825.0,0.0,120824.0,120824.0,1.0,0.0,0.0
2026-03-30 21:20:03,247,4.200044e+06,2.32460792e+08,9.0773515e+07,0.0,0.0,0.0,360873.0,32806.0,2903.0,1.07556864e+08,1.32524032e+09,9204.21,30.0,120925.0,0.0,120924.0,120924.0,1.0,0.0,0.0
2026-03-30 21:20:15,247,4.203508e+06,2.3265331e+08,9.0837633e+07,0.0,0.0,0.0,361172.0,32833.0,2905.0,1.07819008e+08,1.32524032e+09,9212.44,29.0,121025.0,0.0,121025.0,121025.0,1.0,0.0,0.0
2026-03-30 21:20:27,248,4.206957e+06,2.32845787e+08,9.0899081e+07,0.0,0.0,0.0,361463.0,32860.0,2907.0,1.07687936e+08,1.32524032e+09,9220.68,31.0,121123.0,0.0,121122.0,121122.0,1.0,0.0,0.0
2026-03-30 21:20:40,248,4.210397e+06,2.33035603e+08,9.0989931e+07,0.0,0.0,0.0,361759.0,32887.0,2910.0,1.07556864e+08,1.32524032e+09,9228.970000000001,31.0,121222.0,0.0,121221.0,121221.0,1.0,0.0,0.0
2026-03-30 21:20:52,248,4.213792e+06,2.33225474e+08,9.1054081e+07,0.0,0.0,0.0,362059.0,32914.0,2912.0,1.07556864e+08,1.32524032e+09,9237.0,30.0,121323.0,0.0,121322.0,121322.0,1.0,0.0,0.0
2026-03-30 21:21:04,248,4.217375e+06,2.33415179e+08,9.1150245e+07,0.0,0.0,0.0,362355.0,32941.0,2915.0,1.07819008e+08,1.32524032e+09,9245.38,35.0,121421.0,0.0,121420.0,121420.0,1.0,0.0,0.0
2026-03-30 21:21:16,248,4.220883e+06,2.33607717e+08,9.1214395e+07,0.0,0.0,0.0,362658.0,32968.0,2917.0,1.07819008e+08,1.32524032e+09,9254.560000000001,30.0,121523.0,0.0,121522.0,121522.0,1.0,0.0,0.0
2026-03-30 21:21:29,249,4.224472e+06,2.33800124e+08,9.1275811e+07,0.0,0.0,0.0,362951.0,32995.0,2919.0,1.0795008e+08,1.32524032e+09,9262.970000000001,30.0,121622.0,0.0,121621.0,121621.0,1.0,0.0,0.0
2026-03-30 21:21:41,249,4.228102e+06,2.33997874e+08,9.1366629e+07,0.0,0.0,0.0,363255.0,33023.0,2922.0,1.0795008e+08,1.32524032e+09,9271.88,35.0,121723.0,0.0,121722.0,121722.0,1.0,0.0,0.0
2026-03-30 21:21:53,249,4.231582e+06,2.34193114e+08,9.1428045e+07,0.0,0.0,0.0,363555.0,33050.0,2924.0,1.07687936e+08,1.32524032e+09,9280.8,31.0,121824.0,0.0,121823.0,121823.0,1.0,0.0,0.0
2026-03-30 21:22:06,249,4.235005e+06,2.34382979e+08,9.1521539e+07,0.0,0.0,0.0,363852.0,33077.0,2927.0,1.07425792e+08,1.32524032e+09,9288.880000000001,29.0,121924.0,0.0,121923.0,121923.0,1.0,0.0,0.0
2026-03-30 21:22:18,249,4.238457e+06,2.34575491e+08,9.1582987e+07,0.0,0.0,0.0,364146.0,33104.0,2929.0,1.07556864e+08,1.32524032e+09,9297.39,30.0,122023.0,0.0,122022.0,122022.0,1.0,0.0,0.0
2026-03-30 21:22:30,250,4.241827e+06,2.34765397e+08,9.1676513e+07,0.0,0.0,0.0,364444.0,33131.0,2932.0,1.07687936e+08,1.32524032e+09,9305.730000000001,30.0,122122.0,0.0,122121.0,122121.0,1.0,0.0,0.0
2026-03-30 21:22:43,250,4.245422e+06,2.34955172e+08,9.1740663e+07,0.0,0.0,0.0,364749.0,33158.0,2934.0,1.07687936e+08,1.32524032e+09,9314.24,29.0,122224.0,0.0,122223.0,122223.0,1.0,0.0,0.0
2026-03-30 21:22:55,250,4.248906e+06,2.35147652e+08,9.1802079e+07,0.0,0.0,0.0,365043.0,33185.0,2936.0,1.07556864e+08,1.32524032e+09,9322.28,30.0,122323.0,0.0,122322.0,122322.0,1.0,0.0,0.0
2026-03-30 21:23:07,250,4.252475e+06,2.35345463e+08,9.1895599e+07,0.0,0.0,0.0,365345.0,33213.0,2939.0,1.07556864e+08,1.32524032e+09,9330.94,30.0,122424.0,0.0,122423.0,122423.0,1.0,0.0,0.0
2026-03-30 21:23:20,250,4.255913e+06,2.35535305e+08,9.1957047e+07,0.0,0.0,0.0,365642.0,33240.0,2941.0,1.07556864e+08,1.32524032e+09,9339.95,35.0,122523.0,0.0,122522.0,122522.0,1.0,0.0,0.0
2026-03-30 21:23:32,251,4.25938e+06,2.35727904e+08,9.2050509e+07,0.0,0.0,0.0,365948.0,33267.0,2944.0,1.07425792e+08,1.32524032e+09,9348.67,35.0,122625.0,0.0,122624.0,122624.0,1.0,0.0,0.0
2026-03-30 21:23:44,251,4.262713e+06,2.35925913e+08,9.2114627e+07,0.0,0.0,0.0,366247.0,33295.0,2946.0,1.07425792e+08,1.32524032e+09,9357.210000000001,30.0,122726.0,0.0,122725.0,122725.0,1.0,0.0,0.0
2026-03-30 21:23:57,251,4.266297e+06,2.36118355e+08,9.2178745e+07,0.0,0.0,0.0,366547.0,33322.0,2948.0,1.07425792e+08,1.32524032e+09,9365.89,30.0,122827.0,0.0,122826.0,122826.0,1.0,0.0,0.0
2026-03-30 21:24:09,251,4.269851e+06,2.36318851e+08,9.2272233e+07,0.0,0.0,0.0,366850.0,33350.0,2951.0,1.07687936e+08,1.32524032e+09,9374.539999999999,31.0,122928.0,0.0,122927.0,122927.0,1.0,0.0,0.0
2026-03-30 21:24:21,251,4.273503e+06,2.36511331e+08,9.2333681e+07,0.0,0.0,0.0,367158.0,33377.0,2953.0,1.07819008e+08,1.32524032e+09,9383.97,30.0,123032.0,0.0,123031.0,123031.0,1.0,0.0,0.0
2026-03-30 21:24:34,252,4.276851e+06,2.36701214e+08,9.2427207e+07,0.0,0.0,0.0,367455.0,33404.0,2956.0,1.07819008e+08,1.32524032e+09,9391.759999999998,31.0,123131.0,0.0,123130.0,123130.0,1.0,0.0,0.0
2026-03-30 21:24:46,252,4.280245e+06,2.36899098e+08,9.2491357e+07,0.0,0.0,0.0,367752.0,33432.0,2958.0,1.07687936e+08,1.32524032e+09,9400.05,30.0,123230.0,0.0,123229.0,123229.0,1.0,0.0,0.0
2026-03-30 21:24:58,252,4.283835e+06,2.37096976e+08,9.2582175e+07,0.0,0.0,0.0,368060.0,33460.0,2961.0,1.07687936e+08,1.32524032e+09,9409.39,31.0,123334.0,0.0,123333.0,123333.0,1.0,0.0,0.0
2026-03-30 21:25:11,252,4.287321e+06,2.37289482e+08,9.2646293e+07,0.0,0.0,0.0,368360.0,33487.0,2963.0,1.07687936e+08,1.32524032e+09,9417.55,31.0,123435.0,0.0,123434.0,123434.0,1.0,0.0,0.0
2026-03-30 21:25:24,252,4.290878e+06,2.37481994e+08,9.2707741e+07,0.0,0.0,0.0,368661.0,33514.0,2965.0,1.07687936e+08,1.32524032e+09,9425.64,30.0,123536.0,0.0,123535.0,123535.0,1.0,0.0,0.0
2026-03-30 21:25:36,253,4.294324e+06,2.37669099e+08,9.2803905e+07,0.0,0.0,0.0,368953.0,33541.0,2968.0,1.07687936e+08,1.32524032e+09,9433.75,30.0,123634.0,0.0,123633.0,123633.0,1.0,0.0,0.0
2026-03-30 21:25:48,253,4.297715e+06,2.3786164e+08,9.2868055e+07,0.0,0.0,0.0,369248.0,33568.0,2970.0,1.07556864e+08,1.32524032e+09,9441.76,35.0,123732.0,0.0,123731.0,123731.0,1.0,0.0,0.0
2026-03-30 21:26:00,253,4.301092e+06,2.38046165e+08,9.2932205e+07,0.0,0.0,0.0,369543.0,33594.0,2972.0,1.07556864e+08,1.32524032e+09,9449.66,30.0,123832.0,0.0,123831.0,123831.0,1.0,0.0,0.0
2026-03-30 21:26:13,253,4.304483e+06,2.3823336e+08,9.3028433e+07,0.0,0.0,0.0,369841.0,33621.0,2975.0,1.07556864e+08,1.32524032e+09,9458.2,30.0,123931.0,0.0,123930.0,123930.0,1.0,0.0,0.0
2026-03-30 21:26:25,254,4.30789e+06,2.38428565e+08,9.3089849e+07,0.0,0.0,0.0,370135.0,33648.0,2977.0,1.07556864e+08,1.32524032e+09,9466.25,31.0,124030.0,0.0,124029.0,124029.0,1.0,0.0,0.0
2026-03-30 21:26:37,254,4.311448e+06,2.38626371e+08,9.3180667e+07,0.0,0.0,0.0,370437.0,33676.0,2980.0,1.07425792e+08,1.32524032e+09,9474.439999999999,31.0,124130.0,0.0,124129.0,124129.0,1.0,0.0,0.0
2026-03-30 21:26:49,254,4.314957e+06,2.38816178e+08,9.3242115e+07,0.0,0.0,0.0,370735.0,33703.0,2982.0,1.07556864e+08,1.32524032e+09,9483.1,29.0,124231.0,0.0,124230.0,124230.0,1.0,0.0,0.0
2026-03-30 21:27:02,254,4.318529e+06,2.39005918e+08,9.3335609e+07,0.0,0.0,0.0,371032.0,33730.0,2985.0,1.07556864e+08,1.32524032e+09,9491.75,30.0,124330.0,0.0,124329.0,124329.0,1.0,0.0,0.0
2026-03-30 21:27:14,254,4.321885e+06,2.3919051e+08,9.3399727e+07,0.0,0.0,0.0,371327.0,33756.0,2987.0,1.07687936e+08,1.32524032e+09,9500.1,29.0,124428.0,0.0,124428.0,124428.0,1.0,0.0,0.0
2026-03-30 21:27:26,255,4.325281e+06,2.39385721e+08,9.3461169e+07,0.0,0.0,0.0,371623.0,33783.0,2989.0,1.07687936e+08,1.32524032e+09,9508.099999999999,29.0,124528.0,0.0,124528.0,124528.0,1.0,0.0,0.0
2026-03-30 21:27:38,255,4.32867e+06,2.39572896e+08,9.3554695e+07,0.0,0.0,0.0,371918.0,33810.0,2992.0,1.07687936e+08,1.32524032e+09,9516.529999999999,30.0,124627.0,0.0,124626.0,124626.0,1.0,0.0,0.0
2026-03-30 21:27:51,255,4.332137e+06,2.39768145e+08,9.3616137e+07,0.0,0.0,0.0,372218.0,33837.0,2994.0,1.07687936e+08,1.32524032e+09,9525.029999999999,30.0,124728.0,0.0,124727.0,124727.0,1.0,0.0,0.0
2026-03-30 21:28:03,255,4.335509e+06,2.39960683e+08,9.3680287e+07,0.0,0.0,0.0,372511.0,33864.0,2996.0,1.07687936e+08,1.32524032e+09,9533.42,35.0,124827.0,0.0,124826.0,124826.0,1.0,0.0,0.0
2026-03-30 21:28:15,255,4.338871e+06,2.40153227e+08,9.3773807e+07,0.0,0.0,0.0,372805.0,33891.0,2999.0,1.07687936e+08,1.32524032e+09,9540.970000000001,31.0,124926.0,0.0,124925.0,124925.0,1.0,0.0,0.0
2026-03-30 21:28:27,256,4.34233e+06,2.40343008e+08,9.3835255e+07,0.0,0.0,0.0,373098.0,33918.0,3001.0,1.07687936e+08,1.32524032e+09,9548.79,29.0,125024.0,0.0,125023.0,125023.0,1.0,0.0,0.0
2026-03-30 21:28:40,256,4.345776e+06,2.40527484e+08,9.3926073e+07,0.0,0.0,0.0,373394.0,33944.0,3004.0,1.07819008e+08,1.32524032e+09,9556.82,29.0,125123.0,0.0,125122.0,125122.0,1.0,0.0,0.0
2026-03-30 21:28:52,256,4.349304e+06,2.40728006e+08,9.3987521e+07,0.0,0.0,0.0,373693.0,33972.0,3006.0,1.07687936e+08,1.32524032e+09,9565.380000000001,31.0,125223.0,0.0,125222.0,125222.0,1.0,0.0,0.0
2026-03-30 21:29:04,256,4.352742e+06,2.40917842e+08,9.4083717e+07,0.0,0.0,0.0,373989.0,33999.0,3009.0,1.07687936e+08,1.32524032e+09,9573.88,30.0,125323.0,0.0,125322.0,125322.0,1.0,0.0,0.0
2026-03-30 21:29:17,256,4.356267e+06,2.41099601e+08,9.4145165e+07,0.0,0.0,0.0,374286.0,34025.0,3011.0,1.07687936e+08,1.32524032e+09,9582.17,30.0,125422.0,0.0,125421.0,125421.0,1.0,0.0,0.0
2026-03-30 21:29:29,257,4.359783e+06,2.41294713e+08,9.4206581e+07,0.0,0.0,0.0,374578.0,34052.0,3013.0,1.07687936e+08,1.32524032e+09,9590.56,29.0,125520.0,0.0,125520.0,125520.0,1.0,0.0,0.0
2026-03-30 21:29:41,257,4.363215e+06,2.41481865e+08,9.4300107e+07,0.0,0.0,0.0,374875.0,34079.0,3016.0,1.07687936e+08,1.32524032e+09,9598.81,34.0,125620.0,0.0,125619.0,125619.0,1.0,0.0,0.0
2026-03-30 21:29:53,257,4.366775e+06,2.41674275e+08,9.4361555e+07,0.0,0.0,0.0,375172.0,34106.0,3018.0,1.07687936e+08,1.32524032e+09,9606.67,30.0,125720.0,0.0,125719.0,125719.0,1.0,0.0,0.0
2026-03-30 21:30:06,257,4.370308e+06,2.4186939e+08,9.4452341e+07,0.0,0.0,0.0,375466.0,34133.0,3021.0,1.0795008e+08,1.32524032e+09,9615.6,30.0,125818.0,0.0,125817.0,125817.0,1.0,0.0,0.0
2026-03-30 21:30:18,257,4.373833e+06,2.42059203e+08,9.4513821e+07,0.0,0.0,0.0,375767.0,34160.0,3023.0,1.0795008e+08,1.32524032e+09,9624.24,35.0,125919.0,0.0,125918.0,125918.0,1.0,0.0,0.0
2026-03-30 21:30:30,258,4.37739e+06,2.4225161e+08,9.4577939e+07,0.0,0.0,0.0,376063.0,34187.0,3025.0,1.0795008e+08,1.32524032e+09,9632.19,29.0,126018.0,0.0,126018.0,126018.0,1.0,0.0,0.0
2026-03-30 21:30:43,258,4.38081e+06,2.42438744e+08,9.4674167e+07,0.0,0.0,0.0,376359.0,34214.0,3028.0,1.07556864e+08,1.32524032e+09,9639.72,35.0,126117.0,0.0,126116.0,126116.0,1.0,0.0,0.0
2026-03-30 21:30:55,258,4.384248e+06,2.42631282e+08,9.4738253e+07,0.0,0.0,0.0,376653.0,34241.0,3030.0,1.07556864e+08,1.32524032e+09,9648.410000000002,35.0,126216.0,0.0,126215.0,126215.0,1.0,0.0,0.0
2026-03-30 21:31:07,258,4.387722e+06,2.42818416e+08,9.4802371e+07,0.0,0.0,0.0,376946.0,34267.0,3032.0,1.07687936e+08,1.32524032e+09,9656.45,30.0,126315.0,0.0,126314.0,126314.0,1.0,0.0,0.0
2026-03-30 21:31:19,258,4.391099e+06,2.43010913e+08,9.4893221e+07,0.0,0.0,0.0,377240.0,34294.0,3035.0,1.07819008e+08,1.32524032e+09,9665.83,29.0,126414.0,0.0,126413.0,126413.0,1.0,0.0,0.0
2026-03-30 21:31:32,259,4.394687e+06,2.43211432e+08,9.4957339e+07,0.0,0.0,0.0,377546.0,34322.0,3037.0,1.07687936e+08,1.32524032e+09,9675.560000000001,35.0,126516.0,0.0,126515.0,126515.0,1.0,0.0,0.0
2026-03-30 21:31:44,259,4.398259e+06,2.43401227e+08,9.5053503e+07,0.0,0.0,0.0,377846.0,34349.0,3040.0,1.07819008e+08,1.32524032e+09,9684.279999999999,30.0,126617.0,0.0,126616.0,126616.0,1.0,0.0,0.0
2026-03-30 21:31:56,259,4.401673e+06,2.43593739e+08,9.5114951e+07,0.0,0.0,0.0,378140.0,34376.0,3042.0,1.07687936e+08,1.32524032e+09,9692.64,31.0,126716.0,0.0,126715.0,126715.0,1.0,0.0,0.0
2026-03-30 21:32:09,259,4.405199e+06,2.43783561e+08,9.5176399e+07,0.0,0.0,0.0,378442.0,34403.0,3044.0,1.07687936e+08,1.32524032e+09,9701.98,29.0,126817.0,0.0,126816.0,126816.0,1.0,0.0,0.0
2026-03-30 21:32:21,259,4.408559e+06,2.43976131e+08,9.5267249e+07,0.0,0.0,0.0,378738.0,34430.0,3047.0,1.07556864e+08,1.32524032e+09,9710.36,30.0,126916.0,0.0,126915.0,126915.0,1.0,0.0,0.0
2026-03-30 21:32:33,260,4.412058e+06,2.44168614e+08,9.5331367e+07,0.0,0.0,0.0,379038.0,34457.0,3049.0,1.07556864e+08,1.32524032e+09,9718.89,29.0,127017.0,0.0,127016.0,127016.0,1.0,0.0,0.0
2026-03-30 21:32:46,260,4.415561e+06,2.44358424e+08,9.5422185e+07,0.0,0.0,0.0,379334.0,34484.0,3052.0,1.07687936e+08,1.32524032e+09,9727.619999999999,31.0,127116.0,0.0,127115.0,127115.0,1.0,0.0,0.0
2026-03-30 21:32:58,260,4.419011e+06,2.44561706e+08,9.5483601e+07,0.0,0.0,0.0,379635.0,34512.0,3054.0,1.07687936e+08,1.32524032e+09,9735.86,30.0,127217.0,0.0,127216.0,127216.0,1.0,0.0,0.0
2026-03-30 21:33:10,260,4.422385e+06,2.44751551e+08,9.5577127e+07,0.0,0.0,0.0,379930.0,34539.0,3057.0,1.07687936e+08,1.32524032e+09,9744.83,30.0,127316.0,0.0,127315.0,127315.0,1.0,0.0,0.0
2026-03-30 21:33:23,260,4.425844e+06,2.44944075e+08,9.5638575e+07,0.0,0.0,0.0,380230.0,34566.0,3059.0,1.07687936e+08,1.32524032e+09,9753.300000000001,29.0,127416.0,0.0,127416.0,127416.0,1.0,0.0,0.0
2026-03-30 21:33:35,261,4.429301e+06,2.4513385e+08,9.5700023e+07,0.0,0.0,0.0,380526.0,34593.0,3061.0,1.07556864e+08,1.32524032e+09,9760.890000000001,29.0,127516.0,0.0,127515.0,127515.0,1.0,0.0,0.0
2026-03-30 21:33:47,261,4.432817e+06,2.45329038e+08,9.5790809e+07,0.0,0.0,0.0,380825.0,34620.0,3064.0,1.07687936e+08,1.32524032e+09,9768.99,29.0,127615.0,0.0,127615.0,127615.0,1.0,0.0,0.0
2026-03-30 21:34:00,261,4.436247e+06,2.45521576e+08,9.5852289e+07,0.0,0.0,0.0,381126.0,34647.0,3066.0,1.07687936e+08,1.32524032e+09,9777.210000000001,30.0,127716.0,0.0,127715.0,127715.0,1.0,0.0,0.0
2026-03-30 21:34:12,261,4.439659e+06,2.45714126e+08,9.5916407e+07,0.0,0.0,0.0,381421.0,34674.0,3068.0,1.07556864e+08,1.32524032e+09,9785.6,30.0,127816.0,0.0,127815.0,127815.0,1.0,0.0,0.0
2026-03-30 21:34:24,261,4.443184e+06,2.45903895e+08,9.6007225e+07,0.0,0.0,0.0,381720.0,34701.0,3071.0,1.07687936e+08,1.32524032e+09,9793.820000000002,35.0,127915.0,0.0,127914.0,127914.0,1.0,0.0,0.0
2026-03-30 21:34:37,262,4.446585e+06,2.46096404e+08,9.6068673e+07,0.0,0.0,0.0,382011.0,34728.0,3073.0,1.07819008e+08,1.32524032e+09,9801.53,29.0,128014.0,0.0,128013.0,128013.0,1.0,0.0,0.0
2026-03-30 21:34:49,262,4.45002e+06,2.46286243e+08,9.6167539e+07,0.0,0.0,0.0,382307.0,34755.0,3076.0,1.07687936e+08,1.32524032e+09,9809.900000000001,29.0,128113.0,0.0,128112.0,128112.0,1.0,0.0,0.0
2026-03-30 21:35:01,262,4.453529e+06,2.46486788e+08,9.6231657e+07,0.0,0.0,0.0,382613.0,34783.0,3078.0,1.07556864e+08,1.32524032e+09,9818.23,29.0,128215.0,0.0,128215.0,128215.0,1.0,0.0,0.0
2026-03-30 21:35:14,262,4.457092e+06,2.46671217e+08,9.6293105e+07,0.0,0.0,0.0,382909.0,34809.0,3080.0,1.07556864e+08,1.32524032e+09,9826.09,30.0,128315.0,0.0,128314.0,128314.0,1.0,0.0,0.0
2026-03-30 21:35:26,263,4.46062e+06,2.46866355e+08,9.6383891e+07,0.0,0.0,0.0,383207.0,34836.0,3083.0,1.07556864e+08,1.32524032e+09,9834.369999999999,31.0,128415.0,0.0,128414.0,128414.0,1.0,0.0,0.0
2026-03-30 21:35:39,263,4.464046e+06,2.47064277e+08,9.6445371e+07,0.0,0.0,0.0,383506.0,34864.0,3085.0,1.07556864e+08,1.32524032e+09,9842.75,31.0,128516.0,0.0,128515.0,128515.0,1.0,0.0,0.0
2026-03-30 21:35:51,263,4.46751e+06,2.47254081e+08,9.6541535e+07,0.0,0.0,0.0,383802.0,34891.0,3088.0,1.07687936e+08,1.32524032e+09,9850.640000000001,29.0,128615.0,0.0,128614.0,128614.0,1.0,0.0,0.0
2026-03-30 21:36:03,263,4.471096e+06,2.47449257e+08,9.6602977e+07,0.0,0.0,0.0,384109.0,34918.0,3090.0,1.07687936e+08,1.32524032e+09,9859.57,31.0,128718.0,0.0,128717.0,128717.0,1.0,0.0,0.0
2026-03-30 21:36:16,263,4.474475e+06,2.47641772e+08,9.6667133e+07,0.0,0.0,0.0,384406.0,34946.0,3092.0,1.07687936e+08,1.32524032e+09,9867.29,34.0,128817.0,0.0,128816.0,128816.0,1.0,0.0,0.0
2026-03-30 21:36:28,264,4.477874e+06,2.47828959e+08,9.6760659e+07,0.0,0.0,0.0,384703.0,34973.0,3095.0,1.07687936e+08,1.32524032e+09,9875.0,30.0,128915.0,0.0,128914.0,128914.0,1.0,0.0,0.0
2026-03-30 21:36:40,264,4.481405e+06,2.48021468e+08,9.6822107e+07,0.0,0.0,0.0,385002.0,35000.0,3097.0,1.07687936e+08,1.32524032e+09,9883.34,30.0,129016.0,0.0,129015.0,129015.0,1.0,0.0,0.0
2026-03-30 21:36:53,264,4.484892e+06,2.48213939e+08,9.6915595e+07,0.0,0.0,0.0,385299.0,35027.0,3100.0,1.07687936e+08,1.32524032e+09,9891.3,31.0,129116.0,0.0,129115.0,129115.0,1.0,0.0,0.0
2026-03-30 21:37:05,264,4.488382e+06,2.48409121e+08,9.6977011e+07,0.0,0.0,0.0,385595.0,35054.0,3102.0,1.07687936e+08,1.32524032e+09,9899.599999999999,30.0,129215.0,0.0,129214.0,129214.0,1.0,0.0,0.0
2026-03-30 21:37:17,264,4.491821e+06,2.48598922e+08,9.7038491e+07,0.0,0.0,0.0,385891.0,35081.0,3104.0,1.07687936e+08,1.32524032e+09,9907.98,31.0,129315.0,0.0,129314.0,129314.0,1.0,0.0,0.0
2026-03-30 21:37:30,265,4.495266e+06,2.48780716e+08,9.7134655e+07,0.0,0.0,0.0,386185.0,35107.0,3107.0,1.07687936e+08,1.32524032e+09,9916.05,30.0,129413.0,0.0,129412.0,129412.0,1.0,0.0,0.0
2026-03-30 21:37:42,265,4.498689e+06,2.48978635e+08,9.7198805e+07,0.0,0.0,0.0,386485.0,35135.0,3109.0,1.07687936e+08,1.32524032e+09,9924.5,30.0,129514.0,0.0,129513.0,129513.0,1.0,0.0,0.0
2026-03-30 21:37:54,265,4.502188e+06,2.49171106e+08,9.7289623e+07,0.0,0.0,0.0,386783.0,35162.0,3112.0,1.07819008e+08,1.32524032e+09,9932.859999999999,30.0,129614.0,0.0,129613.0,129613.0,1.0,0.0,0.0
2026-03-30 21:38:07,265,4.505748e+06,2.49355532e+08,9.7353741e+07,0.0,0.0,0.0,387079.0,35188.0,3114.0,1.0795008e+08,1.32524032e+09,9940.859999999999,30.0,129713.0,0.0,129712.0,129712.0,1.0,0.0,0.0
2026-03-30 21:38:19,265,4.509184e+06,2.49548012e+08,9.7415189e+07,0.0,0.0,0.0,387373.0,35215.0,3116.0,1.0795008e+08,1.32524032e+09,9949.429999999998,29.0,129811.0,0.0,129811.0,129811.0,1.0,0.0,0.0
2026-03-30 21:38:31,266,4.512677e+06,2.49735111e+08,9.7514055e+07,0.0,0.0,0.0,387671.0,35242.0,3119.0,1.0795008e+08,1.32524032e+09,9957.74,30.0,129911.0,0.0,129910.0,129910.0,1.0,0.0,0.0
2026-03-30 21:38:43,266,4.516191e+06,2.49927623e+08,9.7575471e+07,0.0,0.0,0.0,387969.0,35269.0,3121.0,1.07819008e+08,1.32524032e+09,9965.97,30.0,130011.0,0.0,130010.0,130010.0,1.0,0.0,0.0
2026-03-30 21:38:56,266,4.519728e+06,2.50125434e+08,9.7668991e+07,0.0,0.0,0.0,388269.0,35297.0,3124.0,1.07687936e+08,1.32524032e+09,9974.210000000001,35.0,130112.0,0.0,130111.0,130111.0,1.0,0.0,0.0
2026-03-30 21:39:08,266,4.523195e+06,2.50317911e+08,9.7730439e+07,0.0,0.0,0.0,388564.0,35324.0,3126.0,1.07819008e+08,1.32524032e+09,9982.789999999999,30.0,130211.0,0.0,130210.0,130210.0,1.0,0.0,0.0
2026-03-30 21:39:21,266,4.526723e+06,2.50510385e+08,9.7794557e+07,0.0,0.0,0.0,388863.0,35351.0,3128.0,1.07556864e+08,1.32524032e+09,9991.05,33.0,130311.0,0.0,130310.0,130310.0,1.0,0.0,0.0
2026-03-30 21:39:33,267,4.530053e+06,2.50697641e+08,9.7890753e+07,0.0,0.0,0.0,389159.0,35378.0,3131.0,1.07556864e+08,1.32524032e+09,9998.69,29.0,130411.0,0.0,130410.0,130410.0,1.0,0.0,0.0
2026-03-30 21:39:45,267,4.533527e+06,2.50892861e+08,9.7952169e+07,0.0,0.0,0.0,389457.0,35405.0,3133.0,1.07556864e+08,1.32524032e+09,10007.01,29.0,130511.0,0.0,130510.0,130510.0,1.0,0.0,0.0
2026-03-30 21:39:57,267,4.537056e+06,2.51082642e+08,9.8042955e+07,0.0,0.0,0.0,389755.0,35432.0,3136.0,1.07556864e+08,1.32524032e+09,10015.39,29.0,130610.0,0.0,130610.0,130610.0,1.0,0.0,0.0
2026-03-30 21:40:10,267,4.540509e+06,2.51277801e+08,9.8107073e+07,0.0,0.0,0.0,390050.0,35459.0,3138.0,1.07556864e+08,1.32524032e+09,10023.119999999999,35.0,130709.0,0.0,130708.0,130708.0,1.0,0.0,0.0
2026-03-30 21:40:22,267,4.543944e+06,2.514623e+08,9.8168521e+07,0.0,0.0,0.0,390346.0,35485.0,3140.0,1.07556864e+08,1.32524032e+09,10031.2,29.0,130809.0,0.0,130808.0,130808.0,1.0,0.0,0.0
2026-03-30 21:40:35,268,4.547382e+06,2.51652168e+08,9.8262015e+07,0.0,0.0,0.0,390642.0,35512.0,3143.0,1.07556864e+08,1.32524032e+09,10039.699999999999,29.0,130907.0,0.0,130907.0,130907.0,1.0,0.0,0.0
2026-03-30 21:40:47,268,4.550776e+06,2.51847356e+08,9.8323463e+07,0.0,0.0,0.0,390935.0,35539.0,3145.0,1.07556864e+08,1.32524032e+09,10047.27,29.0,131007.0,0.0,131006.0,131006.0,1.0,0.0,0.0
2026-03-30 21:40:59,268,4.554163e+06,2.52045237e+08,9.8382235e+07,0.0,0.0,0.0,391229.0,35566.0,3147.0,1.07687936e+08,1.32524032e+09,10054.740000000002,29.0,131105.0,0.0,131105.0,131105.0,1.0,0.0,0.0
2026-03-30 21:41:11,268,4.557632e+06,2.52234989e+08,9.8478425e+07,0.0,0.0,0.0,391524.0,35593.0,3150.0,1.07687936e+08,1.32524032e+09,10062.32,31.0,131204.0,0.0,131203.0,131203.0,1.0,0.0,0.0
2026-03-30 21:41:24,268,4.560925e+06,2.52419523e+08,9.8539908e+07,0.0,0.0,0.0,391811.0,35619.0,3152.0,1.07687936e+08,1.32524032e+09,10070.19,30.0,131300.0,0.0,131299.0,131299.0,1.0,0.0,0.0
2026-03-30 21:41:36,269,4.564427e+06,2.52603917e+08,9.8604026e+07,0.0,0.0,0.0,392105.0,35645.0,3154.0,1.07819008e+08,1.32524032e+09,10078.25,31.0,131399.0,0.0,131398.0,131398.0,1.0,0.0,0.0
2026-03-30 21:41:48,269,4.567837e+06,2.52793791e+08,9.870019e+07,0.0,0.0,0.0,392401.0,35672.0,3157.0,1.07819008e+08,1.32524032e+09,10086.07,30.0,131498.0,0.0,131497.0,131497.0,1.0,0.0,0.0
2026-03-30 21:42:00,269,4.571415e+06,2.52991599e+08,9.876434e+07,0.0,0.0,0.0,392706.0,35700.0,3159.0,1.07819008e+08,1.32524032e+09,10095.4,29.0,131601.0,0.0,131600.0,131600.0,1.0,0.0,0.0
2026-03-30 21:42:13,269,4.574847e+06,2.53181499e+08,9.8855158e+07,0.0,0.0,0.0,393006.0,35727.0,3162.0,1.07687936e+08,1.32524032e+09,10103.75,29.0,131700.0,0.0,131700.0,131700.0,1.0,0.0,0.0
2026-03-30 21:42:25,270,4.57838e+06,2.53373924e+08,9.8919276e+07,0.0,0.0,0.0,393298.0,35754.0,3164.0,1.07556864e+08,1.32524032e+09,10111.65,31.0,131799.0,0.0,131798.0,131798.0,1.0,0.0,0.0
2026-03-30 21:42:37,270,4.581673e+06,2.53561163e+08,9.8983432e+07,0.0,0.0,0.0,393595.0,35781.0,3166.0,1.07687936e+08,1.32524032e+09,10119.62,29.0,131897.0,0.0,131897.0,131897.0,1.0,0.0,0.0
2026-03-30 21:42:49,270,4.585105e+06,2.53748341e+08,9.9079628e+07,0.0,0.0,0.0,393893.0,35808.0,3169.0,1.07687936e+08,1.32524032e+09,10127.880000000001,30.0,131997.0,0.0,131996.0,131996.0,1.0,0.0,0.0
2026-03-30 21:43:02,270,4.588512e+06,2.53940914e+08,9.9141076e+07,0.0,0.0,0.0,394190.0,35835.0,3171.0,1.07687936e+08,1.32524032e+09,10136.5,30.0,132097.0,0.0,132096.0,132096.0,1.0,0.0,0.0
2026-03-30 21:43:14,270,4.591954e+06,2.54136125e+08,9.9234564e+07,0.0,0.0,0.0,394491.0,35862.0,3174.0,1.07687936e+08,1.32524032e+09,10145.75,31.0,132197.0,0.0,132196.0,132196.0,1.0,0.0,0.0
2026-03-30 21:43:26,271,4.595447e+06,2.54325932e+08,9.9296012e+07,0.0,0.0,0.0,394789.0,35889.0,3176.0,1.07425792e+08,1.32524032e+09,10154.07,29.0,132298.0,0.0,132297.0,132297.0,1.0,0.0,0.0
2026-03-30 21:43:38,271,4.598992e+06,2.54526431e+08,9.935746e+07,0.0,0.0,0.0,395087.0,35917.0,3178.0,1.07425792e+08,1.32524032e+09,10162.460000000001,35.0,132397.0,0.0,132396.0,132396.0,1.0,0.0,0.0
2026-03-30 21:43:51,271,4.602076e+06,2.54694837e+08,9.9453688e+07,0.0,0.0,0.0,395357.0,35941.0,3181.0,1.07556864e+08,1.32524032e+09,10169.98,29.0,132487.0,0.0,132487.0,132487.0,1.0,0.0,0.0
2026-03-30 21:44:03,271,4.60307e+06,2.54742909e+08,9.9453688e+07,0.0,0.0,0.0,395437.0,35948.0,3181.0,1.07556864e+08,1.32524032e+09,10172.07,30.0,132514.0,0.0,132513.0,132513.0,1.0,0.0,0.0
2026-03-30 21:44:15,271,4.606554e+06,2.54932681e+08,9.9544506e+07,0.0,0.0,0.0,395729.0,35975.0,3184.0,1.07687936e+08,1.32524032e+09,10179.89,30.0,132612.0,0.0,132611.0,132611.0,1.0,0.0,0.0
2026-03-30 21:44:27,272,4.610044e+06,2.55127857e+08,9.9605922e+07,0.0,0.0,0.0,396025.0,36002.0,3186.0,1.07687936e+08,1.32524032e+09,10188.03,29.0,132712.0,0.0,132711.0,132711.0,1.0,0.0,0.0
2026-03-30 21:44:40,272,4.613446e+06,2.55317743e+08,9.966737e+07,0.0,0.0,0.0,396319.0,36029.0,3188.0,1.07687936e+08,1.32524032e+09,10196.25,30.0,132810.0,0.0,132809.0,132809.0,1.0,0.0,0.0
2026-03-30 21:44:52,272,4.616898e+06,2.55499537e+08,9.9760896e+07,0.0,0.0,0.0,396615.0,36055.0,3191.0,1.07819008e+08,1.32524032e+09,10204.41,30.0,132909.0,0.0,132908.0,132908.0,1.0,0.0,0.0
2026-03-30 21:45:04,272,4.620461e+06,2.55700056e+08,9.9822312e+07,0.0,0.0,0.0,396915.0,36083.0,3193.0,1.07687936e+08,1.32524032e+09,10213.11,29.0,133010.0,0.0,133009.0,133009.0,1.0,0.0,0.0
2026-03-30 21:45:17,272,4.623721e+06,2.55881978e+08,9.9915832e+07,0.0,0.0,0.0,397208.0,36109.0,3196.0,1.07687936e+08,1.32524032e+09,10221.15,29.0,133108.0,0.0,133107.0,133107.0,1.0,0.0,0.0
2026-03-30 21:45:29,273,4.627191e+06,2.56071814e+08,9.9982658e+07,0.0,0.0,0.0,397505.0,36136.0,3198.0,1.07687936e+08,1.32524032e+09,10230.009999999998,30.0,133208.0,0.0,133207.0,133207.0,1.0,0.0,0.0
2026-03-30 21:45:41,273,4.630694e+06,2.562643e+08,1.00044106e+08,0.0,0.0,0.0,397803.0,36163.0,3200.0,1.07687936e+08,1.32524032e+09,10238.65,31.0,133308.0,0.0,133307.0,133307.0,1.0,0.0,0.0
2026-03-30 21:45:53,273,4.634349e+06,2.56464714e+08,1.00134892e+08,0.0,0.0,0.0,398104.0,36191.0,3203.0,1.07687936e+08,1.32524032e+09,10246.91,30.0,133409.0,0.0,133408.0,133408.0,1.0,0.0,0.0
2026-03-30 21:46:06,273,4.637923e+06,2.56657139e+08,1.0019634e+08,0.0,0.0,0.0,398403.0,36218.0,3205.0,1.07687936e+08,1.32524032e+09,10255.25,30.0,133509.0,0.0,133508.0,133508.0,1.0,0.0,0.0
2026-03-30 21:46:18,273,4.641259e+06,2.5684167e+08,1.00292568e+08,0.0,0.0,0.0,398704.0,36245.0,3208.0,1.07556864e+08,1.32524032e+09,10264.33,29.0,133609.0,0.0,133608.0,133608.0,1.0,0.0,0.0
2026-03-30 21:46:31,274,4.644668e+06,2.57034173e+08,1.00356718e+08,0.0,0.0,0.0,398997.0,36272.0,3210.0,1.07556864e+08,1.32524032e+09,10272.68,35.0,133707.0,0.0,133706.0,133706.0,1.0,0.0,0.0
2026-03-30 21:46:43,274,4.648237e+06,2.57229346e+08,1.00418134e+08,0.0,0.0,0.0,399298.0,36299.0,3212.0,1.07556864e+08,1.32524032e+09,10281.33,33.0,133808.0,0.0,133807.0,133807.0,1.0,0.0,0.0
2026-03-30 21:46:55,274,4.651622e+06,2.57424621e+08,1.0050892e+08,0.0,0.0,0.0,399596.0,36326.0,3215.0,1.07556864e+08,1.32524032e+09,10289.849999999999,30.0,133908.0,0.0,133907.0,133907.0,1.0,0.0,0.0
2026-03-30 21:47:07,274,4.655115e+06,2.5762247e+08,1.00570368e+08,0.0,0.0,0.0,399894.0,36354.0,3217.0,1.07687936e+08,1.32524032e+09,10299.029999999999,31.0,134008.0,0.0,134007.0,134007.0,1.0,0.0,0.0
2026-03-30 21:47:20,274,4.658631e+06,2.57804194e+08,1.00666532e+08,0.0,0.0,0.0,400187.0,36380.0,3220.0,1.07819008e+08,1.32524032e+09,10307.02,30.0,134107.0,0.0,134106.0,134106.0,1.0,0.0,0.0
2026-03-30 21:47:32,275,4.662121e+06,2.57996706e+08,1.0072798e+08,0.0,0.0,0.0,400486.0,36407.0,3222.0,1.0795008e+08,1.32524032e+09,10315.45,29.0,134207.0,0.0,134206.0,134206.0,1.0,0.0,0.0
2026-03-30 21:47:44,275,4.665644e+06,2.58197211e+08,1.00789428e+08,0.0,0.0,0.0,400785.0,36435.0,3224.0,1.07819008e+08,1.32524032e+09,10324.19,30.0,134307.0,0.0,134306.0,134306.0,1.0,0.0,0.0
2026-03-30 21:47:56,275,4.668994e+06,2.58384415e+08,1.00882986e+08,0.0,0.0,0.0,401083.0,36462.0,3227.0,1.07819008e+08,1.32524032e+09,10332.41,29.0,134406.0,0.0,134406.0,134406.0,1.0,0.0,0.0
2026-03-30 21:48:09,275,4.672368e+06,2.58568937e+08,1.00947104e+08,0.0,0.0,0.0,401377.0,36488.0,3229.0,1.07819008e+08,1.32524032e+09,10340.970000000001,30.0,134505.0,0.0,134504.0,134504.0,1.0,0.0,0.0
2026-03-30 21:48:21,275,4.67573e+06,2.58758834e+08,1.01040624e+08,0.0,0.0,0.0,401674.0,36515.0,3232.0,1.07819008e+08,1.32524032e+09,10349.34,30.0,134604.0,0.0,134603.0,134603.0,1.0,0.0,0.0
2026-03-30 21:48:33,276,4.679307e+06,2.58961994e+08,1.0110204e+08,0.0,0.0,0.0,401974.0,36543.0,3234.0,1.07819008e+08,1.32524032e+09,10358.279999999999,30.0,134705.0,0.0,134704.0,134704.0,1.0,0.0,0.0
2026-03-30 21:48:45,276,4.682718e+06,2.59141121e+08,1.01166196e+08,0.0,0.0,0.0,402268.0,36569.0,3236.0,1.07819008e+08,1.32524032e+09,10366.509999999998,30.0,134804.0,0.0,134803.0,134803.0,1.0,0.0,0.0
2026-03-30 21:48:58,276,4.686261e+06,2.59338938e+08,1.01259722e+08,0.0,0.0,0.0,402571.0,36597.0,3239.0,1.07687936e+08,1.32524032e+09,10375.01,30.0,134906.0,0.0,134905.0,134905.0,1.0,0.0,0.0
2026-03-30 21:49:10,276,4.689708e+06,2.59528783e+08,1.0132384e+08,0.0,0.0,0.0,402869.0,36624.0,3241.0,1.07687936e+08,1.32524032e+09,10383.210000000001,29.0,135005.0,0.0,135005.0,135005.0,1.0,0.0,0.0
2026-03-30 21:49:23,276,4.693233e+06,2.5972126e+08,1.01414658e+08,0.0,0.0,0.0,403168.0,36651.0,3244.0,1.07687936e+08,1.32524032e+09,10391.61,30.0,135105.0,0.0,135104.0,135104.0,1.0,0.0,0.0
2026-03-30 21:49:35,277,4.696649e+06,2.59913772e+08,1.01478776e+08,0.0,0.0,0.0,403463.0,36678.0,3246.0,1.07556864e+08,1.32524032e+09,10400.189999999999,30.0,135205.0,0.0,135204.0,135204.0,1.0,0.0,0.0
2026-03-30 21:49:47,277,4.70016e+06,2.60100935e+08,1.0157227e+08,0.0,0.0,0.0,403764.0,36705.0,3249.0,1.07819008e+08,1.32524032e+09,10409.26,30.0,135305.0,0.0,135304.0,135304.0,1.0,0.0,0.0
2026-03-30 21:50:00,277,4.703599e+06,2.60293441e+08,1.01633718e+08,0.0,0.0,0.0,404058.0,36732.0,3251.0,1.07687936e+08,1.32524032e+09,10417.810000000001,35.0,135404.0,0.0,135403.0,135403.0,1.0,0.0,0.0
2026-03-30 21:50:12,277,4.706973e+06,2.60491351e+08,1.01697836e+08,0.0,0.0,0.0,404352.0,36759.0,3253.0,1.07687936e+08,1.32524032e+09,10426.16,29.0,135504.0,0.0,135503.0,135503.0,1.0,0.0,0.0
2026-03-30 21:50:24,277,4.710315e+06,2.60673209e+08,1.0179133e+08,0.0,0.0,0.0,404646.0,36785.0,3256.0,1.07687936e+08,1.32524032e+09,10434.15,31.0,135601.0,0.0,135600.0,135600.0,1.0,0.0,0.0
2026-03-30 21:50:36,278,4.713773e+06,2.60871061e+08,1.0185548e+08,0.0,0.0,0.0,404943.0,36813.0,3258.0,1.07687936e+08,1.32524032e+09,10442.51,29.0,135701.0,0.0,135701.0,135701.0,1.0,0.0,0.0
2026-03-30 21:50:48,278,4.717312e+06,2.6105816e+08,1.01916896e+08,0.0,0.0,0.0,405236.0,36839.0,3260.0,1.07819008e+08,1.32524032e+09,10450.77,30.0,135800.0,0.0,135799.0,135799.0,1.0,0.0,0.0
2026-03-30 21:51:01,278,4.720712e+06,2.61253336e+08,1.02007714e+08,0.0,0.0,0.0,405530.0,36866.0,3263.0,1.0786816e+08,1.32524032e+09,10458.99,33.0,135899.0,0.0,135898.0,135898.0,1.0,0.0,0.0
2026-03-30 21:51:13,278,4.724195e+06,2.61456653e+08,1.0206913e+08,0.0,0.0,0.0,405836.0,36894.0,3265.0,1.0786816e+08,1.32524032e+09,10467.58,29.0,136001.0,0.0,136001.0,136001.0,1.0,0.0,0.0
2026-03-30 21:51:26,279,4.727547e+06,2.61641143e+08,1.02130578e+08,0.0,0.0,0.0,406127.0,36920.0,3267.0,1.0786816e+08,1.32524032e+09,10475.56,35.0,136099.0,0.0,136098.0,136098.0,1.0,0.0,0.0
2026-03-30 21:51:38,279,4.730999e+06,2.61836331e+08,1.02224098e+08,0.0,0.0,0.0,406430.0,36948.0,3270.0,1.0786816e+08,1.32524032e+09,10483.73,30.0,136200.0,0.0,136199.0,136199.0,1.0,0.0,0.0
2026-03-30 21:51:50,279,4.73455e+06,2.62031414e+08,1.02288216e+08,0.0,0.0,0.0,406725.0,36975.0,3272.0,1.0786816e+08,1.32524032e+09,10491.869999999999,31.0,136300.0,0.0,136299.0,136299.0,1.0,0.0,0.0
2026-03-30 21:52:03,279,4.738136e+06,2.62213106e+08,1.0238171e+08,0.0,0.0,0.0,407022.0,37001.0,3275.0,1.0786816e+08,1.32524032e+09,10499.84,35.0,136398.0,0.0,136397.0,136397.0,1.0,0.0,0.0
2026-03-30 21:52:15,279,4.741539e+06,2.62413753e+08,1.02445828e+08,0.0,0.0,0.0,407320.0,37029.0,3277.0,1.0786816e+08,1.32524032e+09,10508.61,30.0,136499.0,0.0,136498.0,136498.0,1.0,0.0,0.0
2026-03-30 21:52:27,280,4.744851e+06,2.62598261e+08,1.02507276e+08,0.0,0.0,0.0,407609.0,37055.0,3279.0,1.0786816e+08,1.32524032e+09,10517.32,31.0,136596.0,0.0,136595.0,136595.0,1.0,0.0,0.0
2026-03-30 21:52:39,280,4.748164e+06,2.6278819e+08,1.02600796e+08,0.0,0.0,0.0,407905.0,37082.0,3282.0,1.07999232e+08,1.32524032e+09,10526.36,31.0,136695.0,0.0,136694.0,136694.0,1.0,0.0,0.0
2026-03-30 21:52:51,280,4.751746e+06,2.62980594e+08,1.02664914e+08,0.0,0.0,0.0,408202.0,37109.0,3284.0,1.07737088e+08,1.32524032e+09,10535.22,35.0,136794.0,0.0,136793.0,136793.0,1.0,0.0,0.0
2026-03-30 21:53:04,280,4.755204e+06,2.63175788e+08,1.02729032e+08,0.0,0.0,0.0,408499.0,37136.0,3286.0,1.07606016e+08,1.32524032e+09,10543.34,30.0,136894.0,0.0,136893.0,136893.0,1.0,0.0,0.0
2026-03-30 21:53:16,280,4.758697e+06,2.6336563e+08,1.02822555e+08,0.0,0.0,0.0,408803.0,37163.0,3289.0,1.07606016e+08,1.32524032e+09,10552.05,29.0,136995.0,0.0,136995.0,136995.0,1.0,0.0,0.0
2026-03-30 21:53:29,281,4.762117e+06,2.63558136e+08,1.02886673e+08,0.0,0.0,0.0,409101.0,37190.0,3291.0,1.07737088e+08,1.32524032e+09,10560.539999999999,29.0,137096.0,0.0,137095.0,137095.0,1.0,0.0,0.0
2026-03-30 21:53:41,281,4.765531e+06,2.63753368e+08,1.02948089e+08,0.0,0.0,0.0,409395.0,37217.0,3293.0,1.07606016e+08,1.32524032e+09,10568.84,29.0,137195.0,0.0,137194.0,137194.0,1.0,0.0,0.0
2026-03-30 21:53:53,281,4.769012e+06,2.63948527e+08,1.03038939e+08,0.0,0.0,0.0,409696.0,37245.0,3296.0,1.07606016e+08,1.32524032e+09,10577.89,30.0,137295.0,0.0,137294.0,137294.0,1.0,0.0,0.0
2026-03-30 21:54:05,281,4.772514e+06,2.64141065e+08,1.03103057e+08,0.0,0.0,0.0,409997.0,37272.0,3298.0,1.07606016e+08,1.32524032e+09,10586.529999999999,29.0,137396.0,0.0,137396.0,137396.0,1.0,0.0,0.0
2026-03-30 21:54:18,281,4.776046e+06,2.64330805e+08,1.03199221e+08,0.0,0.0,0.0,410294.0,37299.0,3301.0,1.07737088e+08,1.32524032e+09,10594.27,29.0,137495.0,0.0,137495.0,137495.0,1.0,0.0,0.0
2026-03-30 21:54:30,282,4.779588e+06,2.64523227e+08,1.03260669e+08,0.0,0.0,0.0,410588.0,37326.0,3303.0,1.07737088e+08,1.32524032e+09,10602.3,29.0,137595.0,0.0,137594.0,137594.0,1.0,0.0,0.0
2026-03-30 21:54:42,282,4.7831e+06,2.64715663e+08,1.03324819e+08,0.0,0.0,0.0,410886.0,37353.0,3305.0,1.07737088e+08,1.32524032e+09,10609.86,35.0,137694.0,0.0,137693.0,137693.0,1.0,0.0,0.0
2026-03-30 21:54:54,282,4.786622e+06,2.64902727e+08,1.03415605e+08,0.0,0.0,0.0,411180.0,37379.0,3308.0,1.07737088e+08,1.32524032e+09,10617.9,29.0,137792.0,0.0,137792.0,137792.0,1.0,0.0,0.0
2026-03-30 21:55:06,282,4.790037e+06,2.6510338e+08,1.03477085e+08,0.0,0.0,0.0,411481.0,37407.0,3310.0,1.07606016e+08,1.32524032e+09,10626.630000000001,35.0,137894.0,0.0,137893.0,137893.0,1.0,0.0,0.0
2026-03-30 21:55:19,282,4.793623e+06,2.65298504e+08,1.03570573e+08,0.0,0.0,0.0,411783.0,37434.0,3313.0,1.07343872e+08,1.32524032e+09,10635.61,35.0,137995.0,0.0,137994.0,137994.0,1.0,0.0,0.0
2026-03-30 21:55:32,283,4.797123e+06,2.65488314e+08,1.03632021e+08,0.0,0.0,0.0,412081.0,37461.0,3315.0,1.07606016e+08,1.32524032e+09,10643.88,29.0,138096.0,0.0,138095.0,138095.0,1.0,0.0,0.0
2026-03-30 21:55:44,283,4.800622e+06,2.65680788e+08,1.03693469e+08,0.0,0.0,0.0,412376.0,37488.0,3317.0,1.07606016e+08,1.32524032e+09,10651.71,30.0,138195.0,0.0,138194.0,138194.0,1.0,0.0,0.0
2026-03-30 21:55:56,283,4.80406e+06,2.65875993e+08,1.03789665e+08,0.0,0.0,0.0,412677.0,37516.0,3320.0,1.07606016e+08,1.32524032e+09,10660.17,32.0,138296.0,0.0,138295.0,138295.0,1.0,0.0,0.0
2026-03-30 21:56:09,283,4.807518e+06,2.66068549e+08,1.03853783e+08,0.0,0.0,0.0,412975.0,37543.0,3322.0,1.07737088e+08,1.32524032e+09,10668.5,29.0,138395.0,0.0,138395.0,138395.0,1.0,0.0,0.0
2026-03-30 21:56:21,283,4.810894e+06,2.66250369e+08,1.03944601e+08,0.0,0.0,0.0,413269.0,37569.0,3325.0,1.07737088e+08,1.32524032e+09,10676.669999999998,30.0,138494.0,0.0,138493.0,138493.0,1.0,0.0,0.0
2026-03-30 21:56:33,284,4.814439e+06,2.6644282e+08,1.04008719e+08,0.0,0.0,0.0,413567.0,37596.0,3327.0,1.07737088e+08,1.32524032e+09,10684.689999999999,29.0,138593.0,0.0,138593.0,138593.0,1.0,0.0,0.0
2026-03-30 21:56:45,284,4.817808e+06,2.66635367e+08,1.04070167e+08,0.0,0.0,0.0,413861.0,37623.0,3329.0,1.0786816e+08,1.32524032e+09,10692.85,29.0,138692.0,0.0,138692.0,138692.0,1.0,0.0,0.0
2026-03-30 21:56:57,284,4.82114e+06,2.66822583e+08,1.04163693e+08,0.0,0.0,0.0,414154.0,37650.0,3332.0,1.0786816e+08,1.32524032e+09,10700.720000000001,31.0,138791.0,0.0,138790.0,138790.0,1.0,0.0,0.0
2026-03-30 21:57:10,284,4.824767e+06,2.67014996e+08,1.04225141e+08,0.0,0.0,0.0,414454.0,37677.0,3334.0,1.07999232e+08,1.32524032e+09,10709.39,30.0,138891.0,0.0,138890.0,138890.0,1.0,0.0,0.0
2026-03-30 21:57:22,284,4.828299e+06,2.672074e+08,1.04315927e+08,0.0,0.0,0.0,414748.0,37704.0,3337.0,1.0786816e+08,1.32524032e+09,10717.47,30.0,138990.0,0.0,138989.0,138989.0,1.0,0.0,0.0
2026-03-30 21:57:34,285,4.831742e+06,2.67399924e+08,1.04377407e+08,0.0,0.0,0.0,415045.0,37731.0,3339.0,1.07737088e+08,1.32524032e+09,10725.95,31.0,139090.0,0.0,139089.0,139089.0,1.0,0.0,0.0
2026-03-30 21:57:47,285,4.83525e+06,2.67589728e+08,1.04473603e+08,0.0,0.0,0.0,415345.0,37758.0,3342.0,1.07737088e+08,1.32524032e+09,10734.52,30.0,139190.0,0.0,139189.0,139189.0,1.0,0.0,0.0
2026-03-30 21:57:59,285,4.83865e+06,2.67776897e+08,1.04535051e+08,0.0,0.0,0.0,415642.0,37785.0,3344.0,1.07737088e+08,1.32524032e+09,10742.56,29.0,139288.0,0.0,139288.0,139288.0,1.0,0.0,0.0
2026-03-30 21:58:11,285,4.842106e+06,2.67969383e+08,1.04596499e+08,0.0,0.0,0.0,415936.0,37812.0,3346.0,1.07737088e+08,1.32524032e+09,10750.769999999999,29.0,139387.0,0.0,139387.0,139387.0,1.0,0.0,0.0
2026-03-30 21:58:24,285,4.845611e+06,2.68159184e+08,1.04689993e+08,0.0,0.0,0.0,416236.0,37839.0,3349.0,1.07737088e+08,1.32524032e+09,10759.35,35.0,139487.0,0.0,139486.0,139486.0,1.0,0.0,0.0
2026-03-30 21:58:36,286,4.849136e+06,2.68357036e+08,1.04748765e+08,0.0,0.0,0.0,416534.0,37866.0,3351.0,1.0786816e+08,1.32524032e+09,10768.08,30.0,139588.0,0.0,139587.0,139587.0,1.0,0.0,0.0
2026-03-30 21:58:48,286,4.852512e+06,2.68546887e+08,1.04844961e+08,0.0,0.0,0.0,416829.0,37893.0,3354.0,1.0786816e+08,1.32524032e+09,10776.51,31.0,139686.0,0.0,139685.0,139685.0,1.0,0.0,0.0
2026-03-30 21:59:01,286,4.855945e+06,2.68734062e+08,1.04909079e+08,0.0,0.0,0.0,417131.0,37920.0,3356.0,1.0786816e+08,1.32524032e+09,10785.390000000001,29.0,139786.0,0.0,139786.0,139786.0,1.0,0.0,0.0
2026-03-30 21:59:13,286,4.859412e+06,2.68929247e+08,1.04970521e+08,0.0,0.0,0.0,417423.0,37947.0,3358.0,1.07737088e+08,1.32524032e+09,10793.85,35.0,139885.0,0.0,139884.0,139884.0,1.0,0.0,0.0
2026-03-30 21:59:25,287,4.862771e+06,2.6912182e+08,1.05064079e+08,0.0,0.0,0.0,417726.0,37975.0,3361.0,1.07831296e+08,1.32524032e+09,10801.84,29.0,139986.0,0.0,139985.0,139985.0,1.0,0.0,0.0
2026-03-30 21:59:38,287,4.86636e+06,2.69314233e+08,1.05128197e+08,0.0,0.0,0.0,418023.0,38002.0,3363.0,1.07700224e+08,1.32524032e+09,10810.38,30.0,140085.0,0.0,140084.0,140084.0,1.0,0.0,0.0
2026-03-30 21:59:50,287,4.869847e+06,2.69506768e+08,1.05221659e+08,0.0,0.0,0.0,418325.0,38029.0,3366.0,1.07700224e+08,1.32524032e+09,10819.44,35.0,140186.0,0.0,140185.0,140185.0,1.0,0.0,0.0
2026-03-30 22:00:02,287,4.873401e+06,2.69696546e+08,1.05283107e+08,0.0,0.0,0.0,418624.0,38056.0,3368.0,1.07831296e+08,1.32524032e+09,10828.029999999999,29.0,140286.0,0.0,140286.0,140286.0,1.0,0.0,0.0
2026-03-30 22:00:15,287,4.877048e+06,2.69896995e+08,1.05344523e+08,0.0,0.0,0.0,418925.0,38084.0,3370.0,1.07831296e+08,1.32524032e+09,10836.619999999999,29.0,140387.0,0.0,140387.0,140387.0,1.0,0.0,0.0
2026-03-30 22:00:27,288,4.880433e+06,2.70081494e+08,1.05435341e+08,0.0,0.0,0.0,419217.0,38110.0,3373.0,1.07831296e+08,1.32524032e+09,10844.95,31.0,140485.0,0.0,140484.0,140484.0,1.0,0.0,0.0
2026-03-30 22:00:39,288,4.884037e+06,2.70279308e+08,1.05499459e+08,0.0,0.0,0.0,419519.0,38138.0,3375.0,1.07700224e+08,1.32524032e+09,10853.51,30.0,140587.0,0.0,140586.0,140586.0,1.0,0.0,0.0
2026-03-30 22:00:52,288,4.887467e+06,2.70471852e+08,1.05592953e+08,0.0,0.0,0.0,419818.0,38165.0,3378.0,1.07569152e+08,1.32524032e+09,10861.86,30.0,140687.0,0.0,140686.0,140686.0,1.0,0.0,0.0
2026-03-30 22:01:04,288,4.89089e+06,2.70661761e+08,1.05657071e+08,0.0,0.0,0.0,420117.0,38192.0,3380.0,1.07569152e+08,1.32524032e+09,10870.42,35.0,140787.0,0.0,140786.0,140786.0,1.0,0.0,0.0
2026-03-30 22:01:17,288,4.894445e+06,2.7085687e+08,1.05718487e+08,0.0,0.0,0.0,420413.0,38219.0,3382.0,1.07569152e+08,1.32524032e+09,10878.89,30.0,140887.0,0.0,140886.0,140886.0,1.0,0.0,0.0
2026-03-30 22:01:29,289,4.897936e+06,2.71046657e+08,1.05809305e+08,0.0,0.0,0.0,420711.0,38246.0,3385.0,1.07700224e+08,1.32524032e+09,10886.92,30.0,140987.0,0.0,140986.0,140986.0,1.0,0.0,0.0
2026-03-30 22:01:41,289,4.901417e+06,2.7123914e+08,1.05870753e+08,0.0,0.0,0.0,421006.0,38273.0,3387.0,1.07700224e+08,1.32524032e+09,10895.04,29.0,141085.0,0.0,141085.0,141085.0,1.0,0.0,0.0
2026-03-30 22:01:54,289,4.904924e+06,2.71428947e+08,1.05966949e+08,0.0,0.0,0.0,421307.0,38300.0,3390.0,1.07700224e+08,1.32524032e+09,10903.57,30.0,141186.0,0.0,141185.0,141185.0,1.0,0.0,0.0
2026-03-30 22:02:06,289,4.908353e+06,2.71624196e+08,1.06025721e+08,0.0,0.0,0.0,421606.0,38327.0,3392.0,1.07700224e+08,1.32524032e+09,10911.84,30.0,141287.0,0.0,141286.0,141286.0,1.0,0.0,0.0
2026-03-30 22:02:18,289,4.911794e+06,2.71819375e+08,1.06087201e+08,0.0,0.0,0.0,421903.0,38354.0,3394.0,1.0743808e+08,1.32524032e+09,10920.300000000001,35.0,141386.0,0.0,141385.0,141385.0,1.0,0.0,0.0
2026-03-30 22:02:31,290,4.91539e+06,2.72011759e+08,1.06180689e+08,0.0,0.0,0.0,422202.0,38381.0,3397.0,1.07700224e+08,1.32524032e+09,10929.34,29.0,141487.0,0.0,141486.0,141486.0,1.0,0.0,0.0
2026-03-30 22:02:43,290,4.919023e+06,2.72209544e+08,1.06242137e+08,0.0,0.0,0.0,422504.0,38409.0,3399.0,1.07569152e+08,1.32524032e+09,10937.6,29.0,141589.0,0.0,141588.0,141588.0,1.0,0.0,0.0
2026-03-30 22:02:55,290,4.92258e+06,2.72401989e+08,1.06335663e+08,0.0,0.0,0.0,422805.0,38436.0,3402.0,1.07569152e+08,1.32524032e+09,10946.140000000001,30.0,141689.0,0.0,141688.0,141688.0,1.0,0.0,0.0
2026-03-30 22:03:08,290,4.926053e+06,2.72599864e+08,1.06399813e+08,0.0,0.0,0.0,423105.0,38464.0,3404.0,1.07569152e+08,1.32524032e+09,10954.98,30.0,141790.0,0.0,141789.0,141789.0,1.0,0.0,0.0
2026-03-30 22:03:20,290,4.929642e+06,2.72794985e+08,1.06463931e+08,0.0,0.0,0.0,423407.0,38491.0,3406.0,1.07700224e+08,1.32524032e+09,10964.05,29.0,141892.0,0.0,141891.0,141891.0,1.0,0.0,0.0
2026-03-30 22:03:33,291,4.933158e+06,2.72992811e+08,1.06554749e+08,0.0,0.0,0.0,423709.0,38519.0,3409.0,1.0764288e+08,1.32524032e+09,10972.82,31.0,141993.0,0.0,141992.0,141992.0,1.0,0.0,0.0
2026-03-30 22:03:45,291,4.936756e+06,2.73185247e+08,1.06616197e+08,0.0,0.0,0.0,424007.0,38546.0,3411.0,1.0764288e+08,1.32524032e+09,10981.24,30.0,142093.0,0.0,142092.0,142092.0,1.0,0.0,0.0
2026-03-30 22:03:57,291,4.940122e+06,2.73377855e+08,1.06709659e+08,0.0,0.0,0.0,424305.0,38573.0,3414.0,1.07511808e+08,1.32524032e+09,10989.52,31.0,142193.0,0.0,142192.0,142192.0,1.0,0.0,0.0
2026-03-30 22:04:10,291,4.943586e+06,2.73567691e+08,1.06773809e+08,0.0,0.0,0.0,424602.0,38600.0,3416.0,1.07511808e+08,1.32524032e+09,10998.689999999999,35.0,142293.0,0.0,142292.0,142292.0,1.0,0.0,0.0
2026-03-30 22:04:22,291,4.947235e+06,2.737628e+08,1.06835225e+08,0.0,0.0,0.0,424907.0,38627.0,3418.0,1.07511808e+08,1.32524032e+09,11007.7,30.0,142394.0,0.0,142393.0,142393.0,1.0,0.0,0.0
2026-03-30 22:04:35,292,4.950813e+06,2.73968694e+08,1.06926075e+08,0.0,0.0,0.0,425216.0,38656.0,3421.0,1.07511808e+08,1.32524032e+09,11017.66,30.0,142498.0,0.0,142497.0,142497.0,1.0,0.0,0.0
2026-03-30 22:04:47,292,4.954449e+06,2.74161133e+08,1.06990193e+08,0.0,0.0,0.0,425519.0,38683.0,3423.0,1.07511808e+08,1.32524032e+09,11027.13,30.0,142600.0,0.0,142599.0,142599.0,1.0,0.0,0.0
2026-03-30 22:05:00,292,4.957922e+06,2.74356411e+08,1.07086389e+08,0.0,0.0,0.0,425828.0,38711.0,3426.0,1.0764288e+08,1.32524032e+09,11036.560000000001,30.0,142703.0,0.0,142702.0,142702.0,1.0,0.0,0.0
2026-03-30 22:05:12,292,4.961456e+06,2.74554263e+08,1.07150539e+08,0.0,0.0,0.0,426131.0,38739.0,3428.0,1.0764288e+08,1.32524032e+09,11045.46,31.0,142806.0,0.0,142805.0,142805.0,1.0,0.0,0.0
2026-03-30 22:05:25,293,4.964994e+06,2.74752153e+08,1.07241357e+08,0.0,0.0,0.0,426437.0,38767.0,3431.0,1.0764288e+08,1.32524032e+09,11053.81,30.0,142908.0,0.0,142907.0,142907.0,1.0,0.0,0.0
2026-03-30 22:05:38,293,4.968395e+06,2.74939322e+08,1.07305475e+08,0.0,0.0,0.0,426733.0,38793.0,3433.0,1.07773952e+08,1.32524032e+09,11062.66,35.0,143007.0,0.0,143006.0,143006.0,1.0,0.0,0.0
2026-03-30 22:05:50,293,4.971888e+06,2.75134501e+08,1.07401671e+08,0.0,0.0,0.0,427033.0,38821.0,3436.0,1.07773952e+08,1.32524032e+09,11071.130000000001,30.0,143108.0,0.0,143107.0,143107.0,1.0,0.0,0.0
2026-03-30 22:06:02,293,4.975301e+06,2.7532434e+08,1.07465789e+08,0.0,0.0,0.0,427330.0,38848.0,3438.0,1.0764288e+08,1.32524032e+09,11079.66,31.0,143208.0,0.0,143207.0,143207.0,1.0,0.0,0.0
2026-03-30 22:06:15,293,4.978899e+06,2.7551682e+08,1.07527205e+08,0.0,0.0,0.0,427633.0,38875.0,3440.0,1.07773952e+08,1.32524032e+09,11088.77,30.0,143309.0,0.0,143308.0,143308.0,1.0,0.0,0.0
2026-03-30 22:06:27,294,4.982347e+06,2.7571466e+08,1.07620725e+08,0.0,0.0,0.0,427933.0,38903.0,3443.0,1.07773952e+08,1.32524032e+09,11097.88,30.0,143410.0,0.0,143409.0,143409.0,1.0,0.0,0.0
2026-03-30 22:06:39,294,4.985829e+06,2.75907236e+08,1.07684843e+08,0.0,0.0,0.0,428235.0,38930.0,3445.0,1.07773952e+08,1.32524032e+09,11106.68,30.0,143511.0,0.0,143510.0,143510.0,1.0,0.0,0.0
2026-03-30 22:06:52,294,4.989176e+06,2.76094469e+08,1.07778337e+08,0.0,0.0,0.0,428530.0,38957.0,3448.0,1.07773952e+08,1.32524032e+09,11114.85,30.0,143610.0,0.0,143609.0,143609.0,1.0,0.0,0.0
2026-03-30 22:07:04,294,4.992468e+06,2.76287103e+08,1.07842455e+08,0.0,0.0,0.0,428825.0,38984.0,3450.0,1.0764288e+08,1.32524032e+09,11123.06,30.0,143709.0,0.0,143708.0,143708.0,1.0,0.0,0.0
2026-03-30 22:07:16,294,4.99604e+06,2.76479571e+08,1.07906605e+08,0.0,0.0,0.0,429127.0,39011.0,3452.0,1.0764288e+08,1.32524032e+09,11132.529999999999,31.0,143811.0,0.0,143810.0,143810.0,1.0,0.0,0.0
2026-03-30 22:07:29,295,4.999498e+06,2.76672045e+08,1.07997423e+08,0.0,0.0,0.0,429422.0,39038.0,3455.0,1.07511808e+08,1.32524032e+09,11140.94,29.0,143909.0,0.0,143909.0,143909.0,1.0,0.0,0.0
2026-03-30 22:07:41,295,5.002963e+06,2.76861852e+08,1.08061541e+08,0.0,0.0,0.0,429717.0,39065.0,3457.0,1.07511808e+08,1.32524032e+09,11148.730000000001,31.0,144009.0,0.0,144008.0,144008.0,1.0,0.0,0.0
2026-03-30 22:07:53,295,5.006386e+06,2.77051761e+08,1.08157737e+08,0.0,0.0,0.0,430019.0,39092.0,3460.0,1.07511808e+08,1.32524032e+09,11157.06,35.0,144109.0,0.0,144108.0,144108.0,1.0,0.0,0.0
2026-03-30 22:08:06,295,5.00975e+06,2.77244325e+08,1.08221887e+08,0.0,0.0,0.0,430315.0,39119.0,3462.0,1.07773952e+08,1.32524032e+09,11165.82,30.0,144209.0,0.0,144208.0,144208.0,1.0,0.0,0.0
2026-03-30 22:08:18,295,5.01329e+06,2.77436767e+08,1.08286005e+08,0.0,0.0,0.0,430614.0,39146.0,3464.0,1.07773952e+08,1.32524032e+09,11174.69,31.0,144310.0,0.0,144309.0,144309.0,1.0,0.0,0.0
2026-03-30 22:08:30,296,5.016734e+06,2.77626617e+08,1.08379525e+08,0.0,0.0,0.0,430910.0,39173.0,3467.0,1.0764288e+08,1.32524032e+09,11183.11,30.0,144409.0,0.0,144408.0,144408.0,1.0,0.0,0.0
2026-03-30 22:08:43,296,5.020208e+06,2.77821793e+08,1.08440941e+08,0.0,0.0,0.0,431207.0,39200.0,3469.0,1.0764288e+08,1.32524032e+09,11191.6,29.0,144508.0,0.0,144508.0,144508.0,1.0,0.0,0.0
2026-03-30 22:08:55,296,5.023672e+06,2.78019709e+08,1.08502389e+08,0.0,0.0,0.0,431508.0,39228.0,3471.0,1.07728896e+08,1.32524032e+09,11200.06,29.0,144609.0,0.0,144609.0,144609.0,1.0,0.0,0.0
2026-03-30 22:09:07,296,5.027244e+06,2.78209478e+08,1.08598553e+08,0.0,0.0,0.0,431809.0,39255.0,3474.0,1.07728896e+08,1.32524032e+09,11208.69,31.0,144711.0,0.0,144710.0,144710.0,1.0,0.0,0.0
2026-03-30 22:09:19,296,5.030699e+06,2.78399288e+08,1.08662703e+08,0.0,0.0,0.0,432105.0,39282.0,3476.0,1.07728896e+08,1.32524032e+09,11216.8,29.0,144809.0,0.0,144809.0,144809.0,1.0,0.0,0.0
2026-03-30 22:09:32,297,5.034043e+06,2.78589168e+08,1.08753553e+08,0.0,0.0,0.0,432400.0,39309.0,3479.0,1.07728896e+08,1.32524032e+09,11224.630000000001,30.0,144908.0,0.0,144907.0,144907.0,1.0,0.0,0.0
2026-03-30 22:09:44,297,5.037501e+06,2.78781712e+08,1.08817671e+08,0.0,0.0,0.0,432697.0,39336.0,3481.0,1.07728896e+08,1.32524032e+09,11232.73,30.0,145007.0,0.0,145006.0,145006.0,1.0,0.0,0.0
2026-03-30 22:09:56,297,5.041125e+06,2.78971414e+08,1.08881789e+08,0.0,0.0,0.0,432993.0,39363.0,3483.0,1.07728896e+08,1.32524032e+09,11240.91,30.0,145107.0,0.0,145106.0,145106.0,1.0,0.0,0.0
2026-03-30 22:10:09,297,5.044627e+06,2.79163946e+08,1.08975283e+08,0.0,0.0,0.0,433294.0,39390.0,3486.0,1.07728896e+08,1.32524032e+09,11249.25,30.0,145208.0,0.0,145207.0,145207.0,1.0,0.0,0.0
2026-03-30 22:10:21,297,5.048096e+06,2.79361839e+08,1.09036699e+08,0.0,0.0,0.0,433592.0,39417.0,3488.0,1.07597824e+08,1.32524032e+09,11257.0,30.0,145308.0,0.0,145307.0,145307.0,1.0,0.0,0.0
2026-03-30 22:10:33,298,5.051557e+06,2.79551582e+08,1.09127549e+08,0.0,0.0,0.0,433890.0,39444.0,3491.0,1.07466752e+08,1.32524032e+09,11264.99,29.0,145407.0,0.0,145407.0,145407.0,1.0,0.0,0.0
2026-03-30 22:10:46,298,5.054847e+06,2.79738818e+08,1.09191705e+08,0.0,0.0,0.0,434184.0,39471.0,3493.0,1.07466752e+08,1.32524032e+09,11273.089999999998,29.0,145505.0,0.0,145505.0,145505.0,1.0,0.0,0.0
2026-03-30 22:10:58,298,5.05828e+06,2.79931327e+08,1.09282523e+08,0.0,0.0,0.0,434478.0,39498.0,3496.0,1.07597824e+08,1.32524032e+09,11281.47,35.0,145604.0,0.0,145603.0,145603.0,1.0,0.0,0.0
2026-03-30 22:11:10,298,5.061757e+06,2.8012114e+08,1.09346641e+08,0.0,0.0,0.0,434778.0,39525.0,3498.0,1.07728896e+08,1.32524032e+09,11289.619999999999,31.0,145704.0,0.0,145703.0,145703.0,1.0,0.0,0.0
2026-03-30 22:11:22,298,5.06523e+06,2.80316281e+08,1.09410759e+08,0.0,0.0,0.0,435073.0,39552.0,3500.0,1.07728896e+08,1.32524032e+09,11298.09,31.0,145804.0,0.0,145803.0,145803.0,1.0,0.0,0.0
2026-03-30 22:11:35,299,5.068743e+06,2.8051144e+08,1.09501577e+08,0.0,0.0,0.0,435370.0,39579.0,3503.0,1.07728896e+08,1.32524032e+09,11306.279999999999,33.0,145903.0,0.0,145902.0,145902.0,1.0,0.0,0.0
2026-03-30 22:11:47,299,5.072295e+06,2.80703868e+08,1.09563025e+08,0.0,0.0,0.0,435669.0,39606.0,3505.0,1.07728896e+08,1.32524032e+09,11314.439999999999,31.0,146003.0,0.0,146002.0,146002.0,1.0,0.0,0.0
2026-03-30 22:11:59,299,5.075753e+06,2.80896412e+08,1.09624473e+08,0.0,0.0,0.0,435965.0,39633.0,3507.0,1.0733568e+08,1.32524032e+09,11323.28,30.0,146103.0,0.0,146102.0,146102.0,1.0,0.0,0.0
2026-03-30 22:12:12,299,5.079238e+06,2.81083523e+08,1.09720669e+08,0.0,0.0,0.0,436263.0,39660.0,3510.0,1.0733568e+08,1.32524032e+09,11331.59,29.0,146203.0,0.0,146202.0,146202.0,1.0,0.0,0.0
2026-03-30 22:12:24,299,5.082624e+06,2.81276061e+08,1.09782085e+08,0.0,0.0,0.0,436557.0,39687.0,3512.0,1.07466752e+08,1.32524032e+09,11339.990000000002,29.0,146301.0,0.0,146301.0,146301.0,1.0,0.0,0.0
2026-03-30 22:12:36,300,5.086104e+06,2.81460519e+08,1.09846235e+08,0.0,0.0,0.0,436853.0,39713.0,3514.0,1.07466752e+08,1.32524032e+09,11348.25,29.0,146400.0,0.0,146400.0,146400.0,1.0,0.0,0.0
2026-03-30 22:12:48,300,5.089594e+06,2.81655663e+08,1.09937021e+08,0.0,0.0,0.0,437148.0,39740.0,3517.0,1.07597824e+08,1.32524032e+09,11356.25,35.0,146499.0,0.0,146498.0,146498.0,1.0,0.0,0.0
2026-03-30 22:13:00,300,5.092986e+06,2.81845543e+08,1.09998469e+08,0.0,0.0,0.0,437441.0,39767.0,3519.0,1.07728896e+08,1.32524032e+09,11364.31,30.0,146598.0,0.0,146597.0,146597.0,1.0,0.0,0.0
2026-03-30 22:13:13,300,5.096332e+06,2.82040815e+08,1.10094601e+08,0.0,0.0,0.0,437734.0,39794.0,3522.0,1.07728896e+08,1.32524032e+09,11372.88,31.0,146697.0,0.0,146696.0,146696.0,1.0,0.0,0.0
2026-03-30 22:13:25,301,5.099877e+06,2.8222797e+08,1.10156049e+08,0.0,0.0,0.0,438037.0,39821.0,3524.0,1.07728896e+08,1.32524032e+09,11381.33,30.0,146798.0,0.0,146797.0,146797.0,1.0,0.0,0.0
2026-03-30 22:13:37,301,5.103336e+06,2.82420447e+08,1.10217465e+08,0.0,0.0,0.0,438330.0,39848.0,3526.0,1.07728896e+08,1.32524032e+09,11389.6,31.0,146897.0,0.0,146896.0,146896.0,1.0,0.0,0.0
2026-03-30 22:13:50,301,5.106768e+06,2.82612979e+08,1.10310985e+08,0.0,0.0,0.0,438627.0,39875.0,3529.0,1.07728896e+08,1.32524032e+09,11397.57,29.0,146995.0,0.0,146995.0,146995.0,1.0,0.0,0.0
2026-03-30 22:14:02,301,5.109552e+06,2.82768119e+08,1.10372433e+08,0.0,0.0,0.0,438874.0,39897.0,3531.0,1.07728896e+08,1.32524032e+09,11404.48,29.0,147078.0,0.0,147078.0,147078.0,1.0,0.0,0.0
2026-03-30 22:14:14,301,5.110797e+06,2.82837624e+08,1.10407181e+08,0.0,0.0,0.0,438980.0,39907.0,3532.0,1.07597824e+08,1.32524032e+09,11407.44,30.0,147114.0,0.0,147113.0,147113.0,1.0,0.0,0.0
2026-03-30 22:14:26,302,5.114307e+06,2.83022053e+08,1.10468597e+08,0.0,0.0,0.0,439271.0,39933.0,3534.0,1.07728896e+08,1.32524032e+09,11415.5,29.0,147212.0,0.0,147211.0,147211.0,1.0,0.0,0.0
2026-03-30 22:14:39,302,5.117675e+06,2.83211918e+08,1.10532747e+08,0.0,0.0,0.0,439565.0,39960.0,3536.0,1.07728896e+08,1.32524032e+09,11423.630000000001,31.0,147311.0,0.0,147310.0,147310.0,1.0,0.0,0.0
2026-03-30 22:14:51,302,5.121103e+06,2.83396385e+08,1.10626235e+08,0.0,0.0,0.0,439857.0,39986.0,3539.0,1.07859968e+08,1.32524032e+09,11431.019999999999,32.0,147408.0,0.0,147407.0,147407.0,1.0,0.0,0.0
2026-03-30 22:15:03,302,5.124559e+06,2.83594272e+08,1.10687683e+08,0.0,0.0,0.0,440159.0,40014.0,3541.0,1.07859968e+08,1.32524032e+09,11439.89,29.0,147510.0,0.0,147509.0,147509.0,1.0,0.0,0.0
2026-03-30 22:15:16,302,5.128092e+06,2.83784041e+08,1.10781177e+08,0.0,0.0,0.0,440455.0,40041.0,3544.0,1.07859968e+08,1.32524032e+09,11448.269999999999,29.0,147608.0,0.0,147608.0,147608.0,1.0,0.0,0.0
2026-03-30 22:15:28,303,5.131565e+06,2.83981954e+08,1.10845327e+08,0.0,0.0,0.0,440759.0,40069.0,3546.0,1.07859968e+08,1.32524032e+09,11457.71,29.0,147711.0,0.0,147710.0,147710.0,1.0,0.0,0.0
2026-03-30 22:15:41,303,5.134968e+06,2.84169123e+08,1.10906775e+08,0.0,0.0,0.0,441053.0,40095.0,3548.0,1.07859968e+08,1.32524032e+09,11465.97,35.0,147809.0,0.0,147808.0,147808.0,1.0,0.0,0.0
2026-03-30 22:15:53,303,5.138516e+06,2.84356161e+08,1.11002971e+08,0.0,0.0,0.0,441349.0,40122.0,3551.0,1.07728896e+08,1.32524032e+09,11473.53,30.0,147908.0,0.0,147907.0,147907.0,1.0,0.0,0.0
2026-03-30 22:16:05,303,5.14189e+06,2.84548705e+08,1.11064419e+08,0.0,0.0,0.0,441647.0,40149.0,3553.0,1.07728896e+08,1.32524032e+09,11481.98,29.0,148009.0,0.0,148008.0,148008.0,1.0,0.0,0.0
2026-03-30 22:16:18,303,5.145369e+06,2.84738538e+08,1.11155237e+08,0.0,0.0,0.0,441946.0,40176.0,3556.0,1.07597824e+08,1.32524032e+09,11490.300000000001,29.0,148109.0,0.0,148108.0,148108.0,1.0,0.0,0.0
2026-03-30 22:16:30,304,5.148775e+06,2.84931111e+08,1.11216685e+08,0.0,0.0,0.0,442243.0,40203.0,3558.0,1.07597824e+08,1.32524032e+09,11498.580000000002,30.0,148208.0,0.0,148207.0,148207.0,1.0,0.0,0.0
2026-03-30 22:16:42,304,5.152259e+06,2.8512088e+08,1.11312849e+08,0.0,0.0,0.0,442536.0,40230.0,3561.0,1.07597824e+08,1.32524032e+09,11506.710000000001,30.0,148307.0,0.0,148306.0,148306.0,1.0,0.0,0.0
2026-03-30 22:16:55,304,5.155793e+06,2.85310678e+08,1.11376999e+08,0.0,0.0,0.0,442834.0,40257.0,3563.0,1.07466752e+08,1.32524032e+09,11515.28,29.0,148407.0,0.0,148406.0,148406.0,1.0,0.0,0.0
2026-03-30 22:17:07,304,5.159162e+06,2.85503199e+08,1.11441117e+08,0.0,0.0,0.0,443128.0,40284.0,3565.0,1.07728896e+08,1.32524032e+09,11523.48,35.0,148505.0,0.0,148504.0,148504.0,1.0,0.0,0.0
2026-03-30 22:17:19,304,5.162588e+06,2.85693029e+08,1.11531935e+08,0.0,0.0,0.0,443421.0,40311.0,3568.0,1.07728896e+08,1.32524032e+09,11531.44,35.0,148603.0,0.0,148602.0,148602.0,1.0,0.0,0.0
2026-03-30 22:17:31,305,5.166148e+06,2.85877423e+08,1.11596053e+08,0.0,0.0,0.0,443717.0,40337.0,3570.0,1.07597824e+08,1.32524032e+09,11539.53,35.0,148702.0,0.0,148701.0,148701.0,1.0,0.0,0.0
2026-03-30 22:17:44,305,5.169596e+06,2.8606997e+08,1.11660171e+08,0.0,0.0,0.0,444015.0,40364.0,3572.0,1.07597824e+08,1.32524032e+09,11547.86,31.0,148803.0,0.0,148802.0,148802.0,1.0,0.0,0.0
2026-03-30 22:17:56,305,5.172961e+06,2.86265242e+08,1.11756367e+08,0.0,0.0,0.0,444315.0,40392.0,3575.0,1.07597824e+08,1.32524032e+09,11556.33,30.0,148904.0,0.0,148903.0,148903.0,1.0,0.0,0.0
2026-03-30 22:18:08,305,5.176422e+06,2.86457801e+08,1.11817815e+08,0.0,0.0,0.0,444615.0,40419.0,3577.0,1.07597824e+08,1.32524032e+09,11565.16,30.0,149004.0,0.0,149003.0,149003.0,1.0,0.0,0.0
2026-03-30 22:18:21,305,5.179931e+06,2.86650266e+08,1.11908601e+08,0.0,0.0,0.0,444916.0,40446.0,3580.0,1.07859968e+08,1.32524032e+09,11573.74,35.0,149104.0,0.0,149103.0,149103.0,1.0,0.0,0.0
2026-03-30 22:18:33,306,5.183397e+06,2.86858958e+08,1.11970049e+08,0.0,0.0,0.0,445225.0,40475.0,3582.0,1.07859968e+08,1.32524032e+09,11583.03,30.0,149209.0,0.0,149208.0,149208.0,1.0,0.0,0.0
2026-03-30 22:18:46,306,5.186796e+06,2.87048809e+08,1.12063569e+08,0.0,0.0,0.0,445522.0,40502.0,3585.0,1.07859968e+08,1.32524032e+09,11591.38,29.0,149308.0,0.0,149308.0,149308.0,1.0,0.0,0.0
2026-03-30 22:18:58,306,5.190132e+06,2.87236013e+08,1.12127719e+08,0.0,0.0,0.0,445813.0,40528.0,3587.0,1.0799104e+08,1.32524032e+09,11599.34,30.0,149407.0,0.0,149406.0,149406.0,1.0,0.0,0.0
2026-03-30 22:19:10,306,5.193486e+06,2.87425971e+08,1.12191837e+08,0.0,0.0,0.0,446111.0,40555.0,3589.0,1.07728896e+08,1.32524032e+09,11607.3,30.0,149507.0,0.0,149506.0,149506.0,1.0,0.0,0.0
2026-03-30 22:19:23,306,5.196985e+06,2.87621118e+08,1.12288033e+08,0.0,0.0,0.0,446413.0,40583.0,3592.0,1.07728896e+08,1.32524032e+09,11616.09,29.0,149608.0,0.0,149607.0,149607.0,1.0,0.0,0.0
2026-03-30 22:19:35,307,5.20058e+06,2.87816195e+08,1.12349449e+08,0.0,0.0,0.0,446710.0,40610.0,3594.0,1.07728896e+08,1.32524032e+09,11624.34,29.0,149708.0,0.0,149707.0,149707.0,1.0,0.0,0.0
2026-03-30 22:19:48,307,5.204019e+06,2.88008704e+08,1.12410897e+08,0.0,0.0,0.0,447007.0,40637.0,3596.0,1.07728896e+08,1.32524032e+09,11632.9,35.0,149807.0,0.0,149806.0,149806.0,1.0,0.0,0.0
2026-03-30 22:20:00,307,5.20748e+06,2.88198505e+08,1.12504417e+08,0.0,0.0,0.0,447304.0,40664.0,3599.0,1.07728896e+08,1.32524032e+09,11640.81,29.0,149907.0,0.0,149906.0,149906.0,1.0,0.0,0.0
2026-03-30 22:20:12,307,5.210982e+06,2.88391043e+08,1.12565865e+08,0.0,0.0,0.0,447603.0,40691.0,3601.0,1.07728896e+08,1.32524032e+09,11649.0,30.0,150007.0,0.0,150006.0,150006.0,1.0,0.0,0.0
2026-03-30 22:20:24,307,5.214333e+06,2.88583642e+08,1.12662055e+08,0.0,0.0,0.0,447901.0,40718.0,3604.0,1.07859968e+08,1.32524032e+09,11657.23,31.0,150107.0,0.0,150106.0,150106.0,1.0,0.0,0.0
2026-03-30 22:20:37,308,5.217771e+06,2.88776148e+08,1.12723535e+08,0.0,0.0,0.0,448196.0,40745.0,3606.0,1.07859968e+08,1.32524032e+09,11665.199999999999,29.0,150206.0,0.0,150206.0,150206.0,1.0,0.0,0.0
2026-03-30 22:20:49,308,5.221276e+06,2.88968619e+08,1.12787685e+08,0.0,0.0,0.0,448494.0,40772.0,3608.0,1.07859968e+08,1.32524032e+09,11673.869999999999,30.0,150307.0,0.0,150306.0,150306.0,1.0,0.0,0.0
2026-03-30 22:21:01,308,5.224827e+06,2.89158356e+08,1.12883849e+08,0.0,0.0,0.0,448792.0,40799.0,3611.0,1.07859968e+08,1.32524032e+09,11682.32,35.0,150406.0,0.0,150405.0,150405.0,1.0,0.0,0.0
2026-03-30 22:21:14,308,5.228351e+06,2.89350894e+08,1.12945265e+08,0.0,0.0,0.0,449092.0,40826.0,3613.0,1.07859968e+08,1.32524032e+09,11690.93,29.0,150508.0,0.0,150507.0,150507.0,1.0,0.0,0.0
2026-03-30 22:21:26,309,5.23167e+06,2.89538127e+08,1.13038791e+08,0.0,0.0,0.0,449390.0,40853.0,3616.0,1.07728896e+08,1.32524032e+09,11699.029999999999,30.0,150607.0,0.0,150606.0,150606.0,1.0,0.0,0.0
2026-03-30 22:21:38,309,5.235056e+06,2.89730691e+08,1.13100239e+08,0.0,0.0,0.0,449687.0,40880.0,3618.0,1.07728896e+08,1.32524032e+09,11706.880000000001,29.0,150707.0,0.0,150706.0,150706.0,1.0,0.0,0.0
2026-03-30 22:21:51,309,5.238566e+06,2.89928593e+08,1.13161655e+08,0.0,0.0,0.0,449988.0,40907.0,3620.0,1.07728896e+08,1.32524032e+09,11715.11,33.0,150807.0,0.0,150806.0,150806.0,1.0,0.0,0.0
2026-03-30 22:22:03,309,5.24185e+06,2.90121195e+08,1.13255181e+08,0.0,0.0,0.0,450285.0,40935.0,3623.0,1.07597824e+08,1.32524032e+09,11723.25,34.0,150907.0,0.0,150906.0,150906.0,1.0,0.0,0.0
2026-03-30 22:22:15,309,5.245263e+06,2.90311092e+08,1.13316597e+08,0.0,0.0,0.0,450579.0,40961.0,3625.0,1.07597824e+08,1.32524032e+09,11730.66,30.0,151006.0,0.0,151005.0,151005.0,1.0,0.0,0.0
2026-03-30 22:22:27,310,5.248709e+06,2.90503595e+08,1.13410059e+08,0.0,0.0,0.0,450874.0,40988.0,3628.0,1.07597824e+08,1.32524032e+09,11738.75,29.0,151105.0,0.0,151104.0,151104.0,1.0,0.0,0.0
2026-03-30 22:22:40,310,5.252191e+06,2.90693396e+08,1.13474209e+08,0.0,0.0,0.0,451172.0,41015.0,3630.0,1.07466752e+08,1.32524032e+09,11747.41,30.0,151205.0,0.0,151204.0,151204.0,1.0,0.0,0.0
2026-03-30 22:22:52,310,5.255601e+06,2.90885914e+08,1.13538327e+08,0.0,0.0,0.0,451465.0,41042.0,3632.0,1.07466752e+08,1.32524032e+09,11755.119999999999,35.0,151303.0,0.0,151302.0,151302.0,1.0,0.0,0.0
2026-03-30 22:23:04,310,5.259153e+06,2.91075744e+08,1.13629145e+08,0.0,0.0,0.0,451769.0,41069.0,3635.0,1.07466752e+08,1.32524032e+09,11763.55,29.0,151405.0,0.0,151404.0,151404.0,1.0,0.0,0.0
2026-03-30 22:23:17,310,5.262672e+06,2.91268198e+08,1.13693295e+08,0.0,0.0,0.0,452067.0,41096.0,3637.0,1.07597824e+08,1.32524032e+09,11771.81,30.0,151505.0,0.0,151504.0,151504.0,1.0,0.0,0.0
2026-03-30 22:23:29,311,5.266232e+06,2.91468653e+08,1.13757413e+08,0.0,0.0,0.0,452366.0,41124.0,3639.0,1.07597824e+08,1.32524032e+09,11780.17,30.0,151606.0,0.0,151605.0,151605.0,1.0,0.0,0.0
2026-03-30 22:23:41,311,5.269602e+06,2.91658498e+08,1.13853609e+08,0.0,0.0,0.0,452662.0,41151.0,3642.0,1.07728896e+08,1.32524032e+09,11788.05,29.0,151705.0,0.0,151704.0,151704.0,1.0,0.0,0.0
2026-03-30 22:23:53,311,5.273159e+06,2.91848311e+08,1.13915057e+08,0.0,0.0,0.0,452963.0,41178.0,3644.0,1.07597824e+08,1.32524032e+09,11796.5,29.0,151805.0,0.0,151805.0,151805.0,1.0,0.0,0.0
2026-03-30 22:24:06,311,5.276686e+06,2.92040762e+08,1.14005875e+08,0.0,0.0,0.0,453259.0,41205.0,3647.0,1.07597824e+08,1.32524032e+09,11804.55,29.0,151904.0,0.0,151904.0,151904.0,1.0,0.0,0.0
2026-03-30 22:24:18,311,5.280153e+06,2.92233268e+08,1.14067355e+08,0.0,0.0,0.0,453559.0,41232.0,3649.0,1.07597824e+08,1.32524032e+09,11812.82,33.0,152005.0,0.0,152004.0,152004.0,1.0,0.0,0.0
2026-03-30 22:24:31,312,5.283616e+06,2.9242304e+08,1.14163519e+08,0.0,0.0,0.0,453851.0,41259.0,3652.0,1.07597824e+08,1.32524032e+09,11820.62,30.0,152104.0,0.0,152103.0,152103.0,1.0,0.0,0.0
2026-03-30 22:24:43,312,5.287147e+06,2.92612879e+08,1.14224967e+08,0.0,0.0,0.0,454152.0,41286.0,3654.0,1.07597824e+08,1.32524032e+09,11829.7,30.0,152204.0,0.0,152203.0,152203.0,1.0,0.0,0.0
2026-03-30 22:24:55,312,5.290615e+06,2.92805371e+08,1.14286415e+08,0.0,0.0,0.0,454450.0,41313.0,3656.0,1.07597824e+08,1.32524032e+09,11838.5,30.0,152304.0,0.0,152303.0,152303.0,1.0,0.0,0.0
2026-03-30 22:25:08,312,5.294039e+06,2.92997892e+08,1.14377233e+08,0.0,0.0,0.0,454748.0,41340.0,3659.0,1.07597824e+08,1.32524032e+09,11846.69,29.0,152404.0,0.0,152403.0,152403.0,1.0,0.0,0.0
2026-03-30 22:25:20,312,5.297556e+06,2.93187687e+08,1.14438681e+08,0.0,0.0,0.0,455046.0,41367.0,3661.0,1.07597824e+08,1.32524032e+09,11854.92,29.0,152504.0,0.0,152503.0,152503.0,1.0,0.0,0.0
2026-03-30 22:25:32,313,5.301014e+06,2.93388241e+08,1.14532143e+08,0.0,0.0,0.0,455345.0,41395.0,3664.0,1.07466752e+08,1.32524032e+09,11863.73,30.0,152604.0,0.0,152603.0,152603.0,1.0,0.0,0.0
2026-03-30 22:25:45,313,5.304402e+06,2.93572737e+08,1.14596293e+08,0.0,0.0,0.0,455637.0,41421.0,3666.0,1.07466752e+08,1.32524032e+09,11871.97,30.0,152702.0,0.0,152701.0,152701.0,1.0,0.0,0.0
2026-03-30 22:25:57,313,5.307769e+06,2.93762608e+08,1.14660411e+08,0.0,0.0,0.0,455933.0,41448.0,3668.0,1.07466752e+08,1.32524032e+09,11880.87,31.0,152802.0,0.0,152801.0,152801.0,1.0,0.0,0.0
2026-03-30 22:26:09,313,5.311224e+06,2.93952453e+08,1.14751261e+08,0.0,0.0,0.0,456234.0,41475.0,3671.0,1.07466752e+08,1.32524032e+09,11889.43,30.0,152901.0,0.0,152900.0,152900.0,1.0,0.0,0.0
2026-03-30 22:26:22,313,5.314572e+06,2.94145035e+08,1.14815379e+08,0.0,0.0,0.0,456533.0,41502.0,3673.0,1.07597824e+08,1.32524032e+09,11897.48,30.0,153002.0,0.0,153001.0,153001.0,1.0,0.0,0.0
2026-03-30 22:26:34,314,5.317956e+06,2.94342977e+08,1.14906229e+08,0.0,0.0,0.0,456833.0,41530.0,3676.0,1.07597824e+08,1.32524032e+09,11905.740000000002,31.0,153103.0,0.0,153102.0,153102.0,1.0,0.0,0.0
2026-03-30 22:26:46,314,5.321391e+06,2.94532816e+08,1.14973055e+08,0.0,0.0,0.0,457129.0,41557.0,3678.0,1.07728896e+08,1.32524032e+09,11914.43,30.0,153202.0,0.0,153201.0,153201.0,1.0,0.0,0.0
2026-03-30 22:26:59,314,5.324812e+06,2.94727995e+08,1.15031827e+08,0.0,0.0,0.0,457425.0,41584.0,3680.0,1.07728896e+08,1.32524032e+09,11922.36,29.0,153301.0,0.0,153301.0,153301.0,1.0,0.0,0.0
2026-03-30 22:27:11,314,5.328199e+06,2.94917884e+08,1.15125347e+08,0.0,0.0,0.0,457723.0,41611.0,3683.0,1.07597824e+08,1.32524032e+09,11929.9,31.0,153401.0,0.0,153400.0,153400.0,1.0,0.0,0.0
2026-03-30 22:27:23,314,5.331669e+06,2.95107752e+08,1.15189465e+08,0.0,0.0,0.0,458021.0,41638.0,3685.0,1.07466752e+08,1.32524032e+09,11938.189999999999,30.0,153501.0,0.0,153500.0,153500.0,1.0,0.0,0.0
2026-03-30 22:27:36,315,5.335169e+06,2.95297518e+08,1.15285629e+08,0.0,0.0,0.0,458318.0,41665.0,3688.0,1.07597824e+08,1.32524032e+09,11946.35,30.0,153600.0,0.0,153599.0,153599.0,1.0,0.0,0.0
2026-03-30 22:27:48,315,5.338497e+06,2.95490062e+08,1.15349779e+08,0.0,0.0,0.0,458614.0,41692.0,3690.0,1.07466752e+08,1.32524032e+09,11954.3,29.0,153699.0,0.0,153699.0,153699.0,1.0,0.0,0.0
2026-03-30 22:28:00,315,5.341929e+06,2.95679924e+08,1.15413929e+08,0.0,0.0,0.0,458909.0,41719.0,3692.0,1.07466752e+08,1.32524032e+09,11962.46,29.0,153798.0,0.0,153798.0,153798.0,1.0,0.0,0.0
2026-03-30 22:28:12,315,5.345527e+06,2.95874998e+08,1.15504715e+08,0.0,0.0,0.0,459207.0,41746.0,3695.0,1.07466752e+08,1.32524032e+09,11970.64,29.0,153899.0,0.0,153898.0,153898.0,1.0,0.0,0.0
2026-03-30 22:28:25,316,5.34888e+06,2.96067571e+08,1.15566195e+08,0.0,0.0,0.0,459504.0,41773.0,3697.0,1.07597824e+08,1.32524032e+09,11979.69,35.0,153998.0,0.0,153997.0,153997.0,1.0,0.0,0.0
2026-03-30 22:28:37,316,5.352417e+06,2.96251965e+08,1.15630313e+08,0.0,0.0,0.0,459799.0,41799.0,3699.0,1.07597824e+08,1.32524032e+09,11987.650000000001,35.0,154097.0,0.0,154096.0,154096.0,1.0,0.0,0.0
2026-03-30 22:28:50,316,5.355767e+06,2.96439166e+08,1.15726541e+08,0.0,0.0,0.0,460092.0,41826.0,3702.0,1.07466752e+08,1.32524032e+09,11995.609999999999,30.0,154196.0,0.0,154195.0,154195.0,1.0,0.0,0.0
2026-03-30 22:29:02,316,5.359238e+06,2.9663162e+08,1.15790659e+08,0.0,0.0,0.0,460388.0,41853.0,3704.0,1.07597824e+08,1.32524032e+09,12004.25,30.0,154295.0,0.0,154294.0,154294.0,1.0,0.0,0.0
2026-03-30 22:29:14,316,5.362458e+06,2.96821587e+08,1.15881509e+08,0.0,0.0,0.0,460682.0,41880.0,3707.0,1.07466752e+08,1.32524032e+09,12013.34,29.0,154393.0,0.0,154393.0,154393.0,1.0,0.0,0.0
2026-03-30 22:29:26,317,5.365922e+06,2.97006019e+08,1.15945627e+08,0.0,0.0,0.0,460975.0,41906.0,3709.0,1.07466752e+08,1.32524032e+09,12021.96,30.0,154492.0,0.0,154491.0,154491.0,1.0,0.0,0.0
2026-03-30 22:29:38,317,5.369334e+06,2.97198589e+08,1.16007075e+08,0.0,0.0,0.0,461269.0,41933.0,3711.0,1.07466752e+08,1.32524032e+09,12029.76,30.0,154591.0,0.0,154590.0,154590.0,1.0,0.0,0.0
2026-03-30 22:29:51,317,5.372799e+06,2.97388364e+08,1.16105941e+08,0.0,0.0,0.0,461568.0,41960.0,3714.0,1.07466752e+08,1.32524032e+09,12038.17,30.0,154691.0,0.0,154690.0,154690.0,1.0,0.0,0.0
2026-03-30 22:30:03,317,5.376308e+06,2.97586251e+08,1.16167389e+08,0.0,0.0,0.0,461869.0,41988.0,3716.0,1.07466752e+08,1.32524032e+09,12047.25,30.0,154792.0,0.0,154791.0,154791.0,1.0,0.0,0.0
2026-03-30 22:30:15,317,5.379918e+06,2.97784027e+08,1.16260909e+08,0.0,0.0,0.0,462176.0,42016.0,3719.0,1.07466752e+08,1.32524032e+09,12056.27,35.0,154894.0,0.0,154893.0,154893.0,1.0,0.0,0.0
2026-03-30 22:30:28,318,5.383377e+06,2.97976548e+08,1.16325027e+08,0.0,0.0,0.0,462474.0,42043.0,3721.0,1.07597824e+08,1.32524032e+09,12065.16,31.0,154995.0,0.0,154994.0,154994.0,1.0,0.0,0.0
2026-03-30 22:30:40,318,5.386835e+06,2.98174412e+08,1.16386475e+08,0.0,0.0,0.0,462771.0,42070.0,3723.0,1.07597824e+08,1.32524032e+09,12073.63,33.0,155094.0,0.0,155093.0,155093.0,1.0,0.0,0.0
2026-03-30 22:30:52,318,5.390238e+06,2.98358873e+08,1.16479995e+08,0.0,0.0,0.0,463064.0,42096.0,3726.0,1.07597824e+08,1.32524032e+09,12081.42,29.0,155192.0,0.0,155192.0,155192.0,1.0,0.0,0.0
2026-03-30 22:31:05,318,5.393898e+06,2.98561975e+08,1.16541411e+08,0.0,0.0,0.0,463365.0,42124.0,3728.0,1.07597824e+08,1.32524032e+09,12089.890000000001,30.0,155294.0,0.0,155293.0,155293.0,1.0,0.0,0.0
2026-03-30 22:31:17,318,5.397368e+06,2.98746439e+08,1.16602827e+08,0.0,0.0,0.0,463658.0,42150.0,3730.0,1.07597824e+08,1.32524032e+09,12098.21,30.0,155392.0,0.0,155391.0,155391.0,1.0,0.0,0.0
2026-03-30 22:31:30,319,5.400858e+06,2.98936208e+08,1.16696347e+08,0.0,0.0,0.0,463956.0,42177.0,3733.0,1.0733568e+08,1.32524032e+09,12106.34,35.0,155491.0,0.0,155490.0,155490.0,1.0,0.0,0.0
2026-03-30 22:31:42,319,5.404278e+06,2.99128717e+08,1.16757795e+08,0.0,0.0,0.0,464247.0,42204.0,3735.0,1.0733568e+08,1.32524032e+09,12114.060000000001,29.0,155590.0,0.0,155589.0,155589.0,1.0,0.0,0.0
2026-03-30 22:31:54,319,5.407803e+06,2.99313143e+08,1.16821913e+08,0.0,0.0,0.0,464541.0,42230.0,3737.0,1.0733568e+08,1.32524032e+09,12121.789999999999,30.0,155688.0,0.0,155687.0,155687.0,1.0,0.0,0.0
2026-03-30 22:32:06,319,5.411262e+06,2.99502953e+08,1.16915407e+08,0.0,0.0,0.0,464837.0,42257.0,3740.0,1.07466752e+08,1.32524032e+09,12129.960000000001,30.0,155787.0,0.0,155786.0,155786.0,1.0,0.0,0.0
2026-03-30 22:32:18,319,5.414633e+06,2.99695456e+08,1.16979557e+08,0.0,0.0,0.0,465129.0,42284.0,3742.0,1.07466752e+08,1.32524032e+09,12138.03,29.0,155885.0,0.0,155885.0,155885.0,1.0,0.0,0.0
2026-03-30 22:32:31,320,5.418123e+06,2.9988793e+08,1.17070375e+08,0.0,0.0,0.0,465423.0,42311.0,3745.0,1.07597824e+08,1.32524032e+09,12145.890000000001,30.0,155984.0,0.0,155983.0,155983.0,1.0,0.0,0.0
2026-03-30 22:32:43,320,5.421797e+06,3.00085712e+08,1.17134493e+08,0.0,0.0,0.0,465732.0,42339.0,3747.0,1.07597824e+08,1.32524032e+09,12153.96,29.0,156087.0,0.0,156087.0,156087.0,1.0,0.0,0.0
2026-03-30 22:32:56,320,5.425214e+06,3.00270211e+08,1.17195941e+08,0.0,0.0,0.0,466025.0,42365.0,3749.0,1.07597824e+08,1.32524032e+09,12162.02,29.0,156185.0,0.0,156185.0,156185.0,1.0,0.0,0.0
2026-03-30 22:33:08,320,5.428589e+06,3.0046005e+08,1.17294807e+08,0.0,0.0,0.0,466320.0,42392.0,3752.0,1.07597824e+08,1.32524032e+09,12170.220000000001,31.0,156285.0,0.0,156284.0,156284.0,1.0,0.0,0.0
2026-03-30 22:33:20,320,5.431957e+06,3.0064995e+08,1.17356223e+08,0.0,0.0,0.0,466611.0,42419.0,3754.0,1.07728896e+08,1.32524032e+09,12178.2,29.0,156382.0,0.0,156382.0,156382.0,1.0,0.0,0.0
2026-03-30 22:33:32,321,5.435424e+06,3.00842453e+08,1.17420373e+08,0.0,0.0,0.0,466907.0,42446.0,3756.0,1.0799104e+08,1.32524032e+09,12186.16,30.0,156482.0,0.0,156481.0,156481.0,1.0,0.0,0.0
2026-03-30 22:33:45,321,5.439098e+06,3.01042937e+08,1.17511159e+08,0.0,0.0,0.0,467216.0,42474.0,3759.0,1.0799104e+08,1.32524032e+09,12194.42,35.0,156585.0,0.0,156584.0,156584.0,1.0,0.0,0.0
2026-03-30 22:33:57,321,5.442458e+06,3.01235461e+08,1.17572607e+08,0.0,0.0,0.0,467508.0,42500.0,3761.0,1.07859968e+08,1.32524032e+09,12202.21,30.0,156684.0,0.0,156683.0,156683.0,1.0,0.0,0.0
2026-03-30 22:34:09,321,5.445908e+06,3.01425297e+08,1.17666101e+08,0.0,0.0,0.0,467807.0,42527.0,3764.0,1.07859968e+08,1.32524032e+09,12210.21,29.0,156784.0,0.0,156783.0,156783.0,1.0,0.0,0.0
2026-03-30 22:34:22,321,5.44941e+06,3.01623175e+08,1.17730251e+08,0.0,0.0,0.0,468107.0,42555.0,3766.0,1.07859968e+08,1.32524032e+09,12219.140000000001,29.0,156884.0,0.0,156884.0,156884.0,1.0,0.0,0.0
2026-03-30 22:34:34,322,5.452789e+06,3.01810376e+08,1.17794369e+08,0.0,0.0,0.0,468402.0,42581.0,3768.0,1.07859968e+08,1.32524032e+09,12227.26,31.0,156984.0,0.0,156983.0,156983.0,1.0,0.0,0.0
2026-03-30 22:34:47,322,5.456376e+06,3.02008132e+08,1.17885187e+08,0.0,0.0,0.0,468705.0,42609.0,3771.0,1.07728896e+08,1.32524032e+09,12235.52,30.0,157085.0,0.0,157084.0,157084.0,1.0,0.0,0.0
2026-03-30 22:34:59,322,5.459697e+06,3.021954e+08,1.17949343e+08,0.0,0.0,0.0,469003.0,42636.0,3773.0,1.07597824e+08,1.32524032e+09,12244.08,31.0,157184.0,0.0,157183.0,157183.0,1.0,0.0,0.0
2026-03-30 22:35:12,322,5.463188e+06,3.02385216e+08,1.18040161e+08,0.0,0.0,0.0,469300.0,42663.0,3776.0,1.07466752e+08,1.32524032e+09,12253.01,30.0,157284.0,0.0,157283.0,157283.0,1.0,0.0,0.0
2026-03-30 22:35:24,322,5.466533e+06,3.02577789e+08,1.18101641e+08,0.0,0.0,0.0,469596.0,42690.0,3778.0,1.07597824e+08,1.32524032e+09,12261.08,30.0,157384.0,0.0,157383.0,157383.0,1.0,0.0,0.0
2026-03-30 22:35:36,323,5.470064e+06,3.02775618e+08,1.18197837e+08,0.0,0.0,0.0,469898.0,42718.0,3781.0,1.07728896e+08,1.32524032e+09,12270.07,30.0,157485.0,0.0,157484.0,157484.0,1.0,0.0,0.0
2026-03-30 22:35:49,323,5.473592e+06,3.02965422e+08,1.18261987e+08,0.0,0.0,0.0,470199.0,42745.0,3783.0,1.07728896e+08,1.32524032e+09,12278.7,31.0,157586.0,0.0,157585.0,157585.0,1.0,0.0,0.0
2026-03-30 22:36:01,323,5.476934e+06,3.03152594e+08,1.18326105e+08,0.0,0.0,0.0,470492.0,42771.0,3785.0,1.07597824e+08,1.32524032e+09,12286.33,31.0,157683.0,0.0,157682.0,157682.0,1.0,0.0,0.0
2026-03-30 22:36:13,323,5.480342e+06,3.0334782e+08,1.18416955e+08,0.0,0.0,0.0,470789.0,42799.0,3788.0,1.07728896e+08,1.32524032e+09,12294.48,31.0,157783.0,0.0,157782.0,157782.0,1.0,0.0,0.0
2026-03-30 22:36:25,324,5.483803e+06,3.03532281e+08,1.18481073e+08,0.0,0.0,0.0,471084.0,42825.0,3790.0,1.07728896e+08,1.32524032e+09,12303.09,30.0,157882.0,0.0,157881.0,157881.0,1.0,0.0,0.0
2026-03-30 22:36:38,324,5.487293e+06,3.03724793e+08,1.18542521e+08,0.0,0.0,0.0,471378.0,42852.0,3792.0,1.07597824e+08,1.32524032e+09,12311.46,34.0,157981.0,0.0,157980.0,157980.0,1.0,0.0,0.0
2026-03-30 22:36:50,324,5.490751e+06,3.03919969e+08,1.18641419e+08,0.0,0.0,0.0,471680.0,42880.0,3795.0,1.07597824e+08,1.32524032e+09,12319.82,29.0,158082.0,0.0,158081.0,158081.0,1.0,0.0,0.0
2026-03-30 22:37:02,324,5.494244e+06,3.041071e+08,1.18702835e+08,0.0,0.0,0.0,471975.0,42906.0,3797.0,1.07728896e+08,1.32524032e+09,12327.58,33.0,158181.0,0.0,158180.0,158180.0,1.0,0.0,0.0
2026-03-30 22:37:14,324,5.497779e+06,3.04307599e+08,1.18793685e+08,0.0,0.0,0.0,472276.0,42934.0,3800.0,1.07728896e+08,1.32524032e+09,12336.619999999999,30.0,158282.0,0.0,158281.0,158281.0,1.0,0.0,0.0
2026-03-30 22:37:27,325,5.501176e+06,3.04497476e+08,1.18857803e+08,0.0,0.0,0.0,472573.0,42961.0,3802.0,1.07597824e+08,1.32524032e+09,12345.56,29.0,158382.0,0.0,158381.0,158381.0,1.0,0.0,0.0
2026-03-30 22:37:39,325,5.50473e+06,3.04684584e+08,1.18921959e+08,0.0,0.0,0.0,472877.0,42988.0,3804.0,1.07728896e+08,1.32524032e+09,12354.09,29.0,158482.0,0.0,158482.0,158482.0,1.0,0.0,0.0
2026-03-30 22:37:52,325,5.508104e+06,3.04877148e+08,1.19015447e+08,0.0,0.0,0.0,473169.0,43015.0,3807.0,1.07597824e+08,1.32524032e+09,12362.2,29.0,158580.0,0.0,158580.0,158580.0,1.0,0.0,0.0
2026-03-30 22:38:04,325,5.511578e+06,3.05069689e+08,1.19076895e+08,0.0,0.0,0.0,473470.0,43042.0,3809.0,1.07597824e+08,1.32524032e+09,12370.839999999998,29.0,158681.0,0.0,158681.0,158681.0,1.0,0.0,0.0
2026-03-30 22:38:16,325,5.514868e+06,3.05262274e+08,1.19141013e+08,0.0,0.0,0.0,473761.0,43069.0,3811.0,1.07597824e+08,1.32524032e+09,12378.62,29.0,158780.0,0.0,158779.0,158779.0,1.0,0.0,0.0
2026-03-30 22:38:28,326,5.518354e+06,3.05449443e+08,1.19237177e+08,0.0,0.0,0.0,474060.0,43096.0,3814.0,1.07597824e+08,1.32524032e+09,12387.23,30.0,158880.0,0.0,158879.0,158879.0,1.0,0.0,0.0
2026-03-30 22:38:41,326,5.52176e+06,3.05641949e+08,1.19301327e+08,0.0,0.0,0.0,474357.0,43123.0,3816.0,1.07859968e+08,1.32524032e+09,12396.039999999999,35.0,158979.0,0.0,158978.0,158978.0,1.0,0.0,0.0
2026-03-30 22:38:53,326,5.525228e+06,3.0583442e+08,1.19392113e+08,0.0,0.0,0.0,474650.0,43150.0,3819.0,1.07859968e+08,1.32524032e+09,12404.449999999999,30.0,159078.0,0.0,159077.0,159077.0,1.0,0.0,0.0
2026-03-30 22:39:05,326,5.52862e+06,3.06026958e+08,1.19453593e+08,0.0,0.0,0.0,474947.0,43177.0,3821.0,1.07859968e+08,1.32524032e+09,12412.64,29.0,159177.0,0.0,159177.0,159177.0,1.0,0.0,0.0
2026-03-30 22:39:18,326,5.532034e+06,3.06211498e+08,1.19517711e+08,0.0,0.0,0.0,475242.0,43203.0,3823.0,1.07859968e+08,1.32524032e+09,12421.22,35.0,159276.0,0.0,159275.0,159275.0,1.0,0.0,0.0
2026-03-30 22:39:30,327,5.535446e+06,3.0639867e+08,1.19611237e+08,0.0,0.0,0.0,475541.0,43230.0,3826.0,1.0799104e+08,1.32524032e+09,12430.18,30.0,159376.0,0.0,159375.0,159375.0,1.0,0.0,0.0
2026-03-30 22:39:42,327,5.538919e+06,3.06591179e+08,1.19672685e+08,0.0,0.0,0.0,475837.0,43257.0,3828.0,1.0799104e+08,1.32524032e+09,12438.56,30.0,159476.0,0.0,159475.0,159475.0,1.0,0.0,0.0
2026-03-30 22:39:55,327,5.542273e+06,3.06780989e+08,1.19768849e+08,0.0,0.0,0.0,476125.0,43284.0,3831.0,1.0799104e+08,1.32524032e+09,12446.96,29.0,159573.0,0.0,159572.0,159572.0,1.0,0.0,0.0
2026-03-30 22:40:07,327,5.545722e+06,3.0696819e+08,1.19830265e+08,0.0,0.0,0.0,476417.0,43310.0,3833.0,1.0799104e+08,1.32524032e+09,12454.23,29.0,159670.0,0.0,159670.0,159670.0,1.0,0.0,0.0
2026-03-30 22:40:19,327,5.54911e+06,3.07152616e+08,1.19894415e+08,0.0,0.0,0.0,476706.0,43336.0,3835.0,1.0799104e+08,1.32524032e+09,12462.27,31.0,159768.0,0.0,159767.0,159767.0,1.0,0.0,0.0
2026-03-30 22:40:31,328,5.552524e+06,3.07342478e+08,1.19985233e+08,0.0,0.0,0.0,477000.0,43363.0,3838.0,1.07728896e+08,1.32524032e+09,12470.31,30.0,159866.0,0.0,159865.0,159865.0,1.0,0.0,0.0
2026-03-30 22:40:43,328,5.556051e+06,3.07542951e+08,1.20049383e+08,0.0,0.0,0.0,477301.0,43391.0,3840.0,1.07597824e+08,1.32524032e+09,12479.16,30.0,159967.0,0.0,159966.0,159966.0,1.0,0.0,0.0
2026-03-30 22:40:56,328,5.5594e+06,3.07735562e+08,1.20113501e+08,0.0,0.0,0.0,477598.0,43418.0,3842.0,1.07597824e+08,1.32524032e+09,12487.380000000001,31.0,160067.0,0.0,160066.0,160066.0,1.0,0.0,0.0
2026-03-30 22:41:08,328,5.562918e+06,3.079281e+08,1.20204319e+08,0.0,0.0,0.0,477902.0,43445.0,3845.0,1.07728896e+08,1.32524032e+09,12496.119999999999,30.0,160169.0,0.0,160168.0,160168.0,1.0,0.0,0.0
2026-03-30 22:41:20,328,5.566484e+06,3.08117866e+08,1.20268437e+08,0.0,0.0,0.0,478201.0,43472.0,3847.0,1.07597824e+08,1.32524032e+09,12505.2,29.0,160270.0,0.0,160269.0,160269.0,1.0,0.0,0.0
2026-03-30 22:41:33,329,5.569994e+06,3.08313022e+08,1.20364633e+08,0.0,0.0,0.0,478500.0,43500.0,3850.0,1.07728896e+08,1.32524032e+09,12513.630000000001,29.0,160370.0,0.0,160369.0,160369.0,1.0,0.0,0.0
2026-03-30 22:41:45,329,5.573398e+06,3.08505566e+08,1.20428751e+08,0.0,0.0,0.0,478797.0,43527.0,3852.0,1.07728896e+08,1.32524032e+09,12521.820000000002,30.0,160470.0,0.0,160469.0,160469.0,1.0,0.0,0.0
2026-03-30 22:41:57,329,5.576949e+06,3.08690001e+08,1.20490167e+08,0.0,0.0,0.0,479092.0,43553.0,3854.0,1.07728896e+08,1.32524032e+09,12529.960000000001,29.0,160568.0,0.0,160568.0,160568.0,1.0,0.0,0.0
2026-03-30 22:42:10,329,5.580422e+06,3.08887818e+08,1.20583687e+08,0.0,0.0,0.0,479391.0,43581.0,3857.0,1.07728896e+08,1.32524032e+09,12538.32,35.0,160668.0,0.0,160667.0,160667.0,1.0,0.0,0.0
2026-03-30 22:42:22,329,5.583915e+06,3.09075019e+08,1.20647843e+08,0.0,0.0,0.0,479693.0,43608.0,3859.0,1.07466752e+08,1.32524032e+09,12547.16,31.0,160770.0,0.0,160769.0,160769.0,1.0,0.0,0.0
2026-03-30 22:42:34,330,5.587535e+06,3.09270093e+08,1.20738629e+08,0.0,0.0,0.0,479996.0,43635.0,3862.0,1.07466752e+08,1.32524032e+09,12556.15,31.0,160870.0,0.0,160869.0,160869.0,1.0,0.0,0.0
2026-03-30 22:42:47,330,5.590987e+06,3.09468015e+08,1.20800077e+08,0.0,0.0,0.0,480293.0,43663.0,3864.0,1.07466752e+08,1.32524032e+09,12564.67,30.0,160970.0,0.0,160969.0,160969.0,1.0,0.0,0.0
2026-03-30 22:42:59,330,5.594491e+06,3.09652409e+08,1.20896241e+08,0.0,0.0,0.0,480589.0,43689.0,3867.0,1.07597824e+08,1.32524032e+09,12572.68,30.0,161069.0,0.0,161068.0,161068.0,1.0,0.0,0.0
2026-03-30 22:43:11,330,5.597885e+06,3.09842277e+08,1.20960391e+08,0.0,0.0,0.0,480881.0,43716.0,3869.0,1.07728896e+08,1.32524032e+09,12580.869999999999,30.0,161168.0,0.0,161167.0,161167.0,1.0,0.0,0.0
2026-03-30 22:43:23,330,5.601218e+06,3.10037558e+08,1.21021839e+08,0.0,0.0,0.0,481177.0,43743.0,3871.0,1.07859968e+08,1.32524032e+09,12588.939999999999,31.0,161267.0,0.0,161266.0,161266.0,1.0,0.0,0.0
2026-03-30 22:43:36,331,5.604618e+06,3.10227452e+08,1.21112657e+08,0.0,0.0,0.0,481473.0,43770.0,3874.0,1.07859968e+08,1.32524032e+09,12596.6,30.0,161367.0,0.0,161366.0,161366.0,1.0,0.0,0.0
2026-03-30 22:43:48,331,5.608222e+06,3.1041992e+08,1.21176775e+08,0.0,0.0,0.0,481774.0,43797.0,3876.0,1.07728896e+08,1.32524032e+09,12605.49,29.0,161468.0,0.0,161467.0,161467.0,1.0,0.0,0.0
2026-03-30 22:44:00,331,5.611639e+06,3.10612435e+08,1.21238223e+08,0.0,0.0,0.0,482067.0,43824.0,3878.0,1.07728896e+08,1.32524032e+09,12613.39,35.0,161566.0,0.0,161565.0,161565.0,1.0,0.0,0.0
2026-03-30 22:44:13,331,5.614393e+06,3.10759394e+08,1.21302341e+08,0.0,0.0,0.0,482299.0,43845.0,3880.0,1.07728896e+08,1.32524032e+09,12619.44,29.0,161643.0,0.0,161643.0,161643.0,1.0,0.0,0.0
2026-03-30 22:44:25,332,5.615593e+06,3.10829001e+08,1.21334419e+08,0.0,0.0,0.0,482413.0,43855.0,3881.0,1.07597824e+08,1.32524032e+09,12622.619999999999,31.0,161682.0,0.0,161681.0,161681.0,1.0,0.0,0.0
2026-03-30 22:44:37,332,5.619107e+06,3.11018799e+08,1.21425237e+08,0.0,0.0,0.0,482713.0,43882.0,3884.0,1.07597824e+08,1.32524032e+09,12631.33,35.0,161781.0,0.0,161780.0,161780.0,1.0,0.0,0.0
2026-03-30 22:44:49,332,5.622498e+06,3.11211334e+08,1.21489355e+08,0.0,0.0,0.0,483006.0,43909.0,3886.0,1.07466752e+08,1.32524032e+09,12639.42,29.0,161881.0,0.0,161880.0,161880.0,1.0,0.0,0.0
2026-03-30 22:45:01,332,5.625838e+06,3.11403916e+08,1.21553473e+08,0.0,0.0,0.0,483300.0,43936.0,3888.0,1.07728896e+08,1.32524032e+09,12647.53,29.0,161979.0,0.0,161979.0,161979.0,1.0,0.0,0.0
2026-03-30 22:45:13,332,5.629318e+06,3.11593758e+08,1.21646967e+08,0.0,0.0,0.0,483604.0,43963.0,3891.0,1.07728896e+08,1.32524032e+09,12655.41,29.0,162080.0,0.0,162080.0,162080.0,1.0,0.0,0.0
2026-03-30 22:45:26,333,5.632864e+06,3.11794312e+08,1.21708383e+08,0.0,0.0,0.0,483905.0,43991.0,3893.0,1.07728896e+08,1.32524032e+09,12664.12,30.0,162182.0,0.0,162181.0,162181.0,1.0,0.0,0.0
2026-03-30 22:45:39,333,5.636422e+06,3.11994819e+08,1.21801871e+08,0.0,0.0,0.0,484209.0,44019.0,3896.0,1.07597824e+08,1.32524032e+09,12672.91,35.0,162284.0,0.0,162283.0,162283.0,1.0,0.0,0.0
2026-03-30 22:45:51,333,5.639979e+06,3.12189966e+08,1.21863287e+08,0.0,0.0,0.0,484507.0,44046.0,3898.0,1.07597824e+08,1.32524032e+09,12681.32,30.0,162384.0,0.0,162383.0,162383.0,1.0,0.0,0.0
2026-03-30 22:46:03,333,5.643353e+06,3.12382542e+08,1.21924767e+08,0.0,0.0,0.0,484803.0,44073.0,3900.0,1.07597824e+08,1.32524032e+09,12689.56,33.0,162484.0,0.0,162483.0,162483.0,1.0,0.0,0.0
2026-03-30 22:46:16,333,5.646748e+06,3.12572419e+08,1.22018255e+08,0.0,0.0,0.0,485100.0,44100.0,3903.0,1.07728896e+08,1.32524032e+09,12698.24,31.0,162584.0,0.0,162583.0,162583.0,1.0,0.0,0.0
2026-03-30 22:46:28,334,5.650346e+06,3.12756813e+08,1.22079703e+08,0.0,0.0,0.0,485397.0,44126.0,3905.0,1.07728896e+08,1.32524032e+09,12706.880000000001,30.0,162683.0,0.0,162682.0,162682.0,1.0,0.0,0.0
2026-03-30 22:46:41,334,5.653767e+06,3.12949328e+08,1.22173197e+08,0.0,0.0,0.0,485694.0,44153.0,3908.0,1.07859968e+08,1.32524032e+09,12715.43,29.0,162783.0,0.0,162782.0,162782.0,1.0,0.0,0.0
2026-03-30 22:46:53,334,5.657333e+06,3.1314718e+08,1.22237347e+08,0.0,0.0,0.0,486001.0,44181.0,3910.0,1.07728896e+08,1.32524032e+09,12724.93,30.0,162886.0,0.0,162885.0,162885.0,1.0,0.0,0.0
2026-03-30 22:47:06,334,5.660712e+06,3.13339689e+08,1.22330873e+08,0.0,0.0,0.0,486294.0,44208.0,3913.0,1.07728896e+08,1.32524032e+09,12734.09,29.0,162985.0,0.0,162984.0,162984.0,1.0,0.0,0.0
2026-03-30 22:47:18,334,5.664301e+06,3.13540188e+08,1.22392321e+08,0.0,0.0,0.0,486597.0,44236.0,3915.0,1.07597824e+08,1.32524032e+09,12743.400000000001,29.0,163087.0,0.0,163086.0,163086.0,1.0,0.0,0.0
2026-03-30 22:47:31,335,5.667691e+06,3.1372471e+08,1.22456439e+08,0.0,0.0,0.0,486893.0,44262.0,3917.0,1.07597824e+08,1.32524032e+09,12751.970000000001,33.0,163186.0,0.0,163185.0,163185.0,1.0,0.0,0.0
2026-03-30 22:47:43,335,5.671036e+06,3.13922681e+08,1.22549991e+08,0.0,0.0,0.0,487191.0,44290.0,3920.0,1.07597824e+08,1.32524032e+09,12760.33,30.0,163286.0,0.0,163285.0,163285.0,1.0,0.0,0.0
2026-03-30 22:47:55,335,5.674678e+06,3.14123165e+08,1.22614109e+08,0.0,0.0,0.0,487499.0,44318.0,3922.0,1.07597824e+08,1.32524032e+09,12769.79,33.0,163389.0,0.0,163388.0,163388.0,1.0,0.0,0.0
2026-03-30 22:48:08,335,5.678082e+06,3.14310357e+08,1.22678195e+08,0.0,0.0,0.0,487794.0,44344.0,3924.0,1.07597824e+08,1.32524032e+09,12778.56,31.0,163488.0,0.0,163487.0,163487.0,1.0,0.0,0.0
2026-03-30 22:48:20,335,5.681426e+06,3.14497561e+08,1.22774391e+08,0.0,0.0,0.0,488086.0,44371.0,3927.0,1.07597824e+08,1.32524032e+09,12787.05,31.0,163586.0,0.0,163585.0,163585.0,1.0,0.0,0.0
2026-03-30 22:48:32,336,5.685053e+06,3.14692638e+08,1.22835807e+08,0.0,0.0,0.0,488382.0,44398.0,3929.0,1.07859968e+08,1.32524032e+09,12795.619999999999,30.0,163686.0,0.0,163685.0,163685.0,1.0,0.0,0.0
2026-03-30 22:48:44,336,5.688509e+06,3.14885086e+08,1.22926657e+08,0.0,0.0,0.0,488675.0,44425.0,3932.0,1.07859968e+08,1.32524032e+09,12803.99,29.0,163785.0,0.0,163784.0,163784.0,1.0,0.0,0.0
2026-03-30 22:48:57,336,5.691857e+06,3.15080396e+08,1.22990775e+08,0.0,0.0,0.0,488976.0,44452.0,3934.0,1.07859968e+08,1.32524032e+09,12812.04,31.0,163885.0,0.0,163884.0,163884.0,1.0,0.0,0.0
2026-03-30 22:49:09,336,5.695363e+06,3.152702e+08,1.23052223e+08,0.0,0.0,0.0,489274.0,44479.0,3936.0,1.07859968e+08,1.32524032e+09,12820.14,29.0,163986.0,0.0,163985.0,163985.0,1.0,0.0,0.0
2026-03-30 22:49:22,336,5.698952e+06,3.15459975e+08,1.23148387e+08,0.0,0.0,0.0,489575.0,44506.0,3939.0,1.07859968e+08,1.32524032e+09,12828.72,35.0,164086.0,0.0,164085.0,164085.0,1.0,0.0,0.0
2026-03-30 22:49:34,337,5.702305e+06,3.15652554e+08,1.23212537e+08,0.0,0.0,0.0,489871.0,44533.0,3941.0,1.07728896e+08,1.32524032e+09,12836.85,29.0,164185.0,0.0,164185.0,164185.0,1.0,0.0,0.0
2026-03-30 22:49:46,337,5.705645e+06,3.1584787e+08,1.23273979e+08,0.0,0.0,0.0,490168.0,44560.0,3943.0,1.07728896e+08,1.32524032e+09,12845.65,35.0,164286.0,0.0,164285.0,164285.0,1.0,0.0,0.0
2026-03-30 22:49:58,337,5.709049e+06,3.16037764e+08,1.23367499e+08,0.0,0.0,0.0,490467.0,44587.0,3946.0,1.07728896e+08,1.32524032e+09,12854.19,31.0,164386.0,0.0,164385.0,164385.0,1.0,0.0,0.0
2026-03-30 22:50:11,337,5.712497e+06,3.16230206e+08,1.23431617e+08,0.0,0.0,0.0,490759.0,44614.0,3948.0,1.07728896e+08,1.32524032e+09,12862.289999999999,30.0,164484.0,0.0,164483.0,164483.0,1.0,0.0,0.0
2026-03-30 22:50:23,337,5.715879e+06,3.1642275e+08,1.23493097e+08,0.0,0.0,0.0,491053.0,44641.0,3950.0,1.07728896e+08,1.32524032e+09,12870.980000000001,30.0,164583.0,0.0,164582.0,164582.0,1.0,0.0,0.0
2026-03-30 22:50:35,338,5.719372e+06,3.16612513e+08,1.23589261e+08,0.0,0.0,0.0,491349.0,44668.0,3953.0,1.07466752e+08,1.32524032e+09,12878.92,30.0,164682.0,0.0,164681.0,164681.0,1.0,0.0,0.0
2026-03-30 22:50:48,338,5.722856e+06,3.16805031e+08,1.23650709e+08,0.0,0.0,0.0,491646.0,44695.0,3955.0,1.07597824e+08,1.32524032e+09,12887.300000000001,31.0,164781.0,0.0,164780.0,164780.0,1.0,0.0,0.0
2026-03-30 22:51:00,338,5.726205e+06,3.16992226e+08,1.23746937e+08,0.0,0.0,0.0,491942.0,44722.0,3958.0,1.07597824e+08,1.32524032e+09,12895.71,30.0,164881.0,0.0,164880.0,164880.0,1.0,0.0,0.0
2026-03-30 22:51:12,338,5.729636e+06,3.17176731e+08,1.23811055e+08,0.0,0.0,0.0,492239.0,44748.0,3960.0,1.07859968e+08,1.32524032e+09,12904.24,30.0,164980.0,0.0,164979.0,164979.0,1.0,0.0,0.0
2026-03-30 22:51:25,339,5.733144e+06,3.17374577e+08,1.23875205e+08,0.0,0.0,0.0,492539.0,44776.0,3962.0,1.07728896e+08,1.32524032e+09,12912.66,30.0,165081.0,0.0,165080.0,165080.0,1.0,0.0,0.0
2026-03-30 22:51:37,339,5.736627e+06,3.1756708e+08,1.23966023e+08,0.0,0.0,0.0,492838.0,44803.0,3965.0,1.07728896e+08,1.32524032e+09,12920.83,30.0,165181.0,0.0,165180.0,165180.0,1.0,0.0,0.0
2026-03-30 22:51:49,339,5.74015e+06,3.17759493e+08,1.24030141e+08,0.0,0.0,0.0,493132.0,44830.0,3967.0,1.07728896e+08,1.32524032e+09,12928.539999999999,30.0,165280.0,0.0,165279.0,165279.0,1.0,0.0,0.0
2026-03-30 22:52:02,339,5.743477e+06,3.17949428e+08,1.24126337e+08,0.0,0.0,0.0,493427.0,44857.0,3970.0,1.07859968e+08,1.32524032e+09,12937.02,30.0,165379.0,0.0,165378.0,165378.0,1.0,0.0,0.0
2026-03-30 22:52:14,339,5.747054e+06,3.18136513e+08,1.24187785e+08,0.0,0.0,0.0,493731.0,44884.0,3972.0,1.07859968e+08,1.32524032e+09,12945.63,29.0,165480.0,0.0,165479.0,165479.0,1.0,0.0,0.0
2026-03-30 22:52:26,340,5.750431e+06,3.18331721e+08,1.24249268e+08,0.0,0.0,0.0,494025.0,44911.0,3974.0,1.07728896e+08,1.32524032e+09,12953.63,29.0,165578.0,0.0,165578.0,165578.0,1.0,0.0,0.0
2026-03-30 22:52:38,340,5.753961e+06,3.18529599e+08,1.24342756e+08,0.0,0.0,0.0,494331.0,44939.0,3977.0,1.07728896e+08,1.32524032e+09,12962.400000000001,30.0,165681.0,0.0,165680.0,165680.0,1.0,0.0,0.0
2026-03-30 22:52:51,340,5.757483e+06,3.18719435e+08,1.24404204e+08,0.0,0.0,0.0,494635.0,44966.0,3979.0,1.07728896e+08,1.32524032e+09,12971.22,29.0,165783.0,0.0,165782.0,165782.0,1.0,0.0,0.0
2026-03-30 22:53:03,340,5.760849e+06,3.18911973e+08,1.2450307e+08,0.0,0.0,0.0,494926.0,44993.0,3982.0,1.07728896e+08,1.32524032e+09,12979.49,30.0,165881.0,0.0,165880.0,165880.0,1.0,0.0,0.0
2026-03-30 22:53:16,340,5.764367e+06,3.19101812e+08,1.24564486e+08,0.0,0.0,0.0,495229.0,45020.0,3984.0,1.07728896e+08,1.32524032e+09,12988.210000000001,30.0,165982.0,0.0,165981.0,165981.0,1.0,0.0,0.0
2026-03-30 22:53:28,341,5.767843e+06,3.19299687e+08,1.24628636e+08,0.0,0.0,0.0,495529.0,45048.0,3986.0,1.07597824e+08,1.32524032e+09,12997.61,30.0,166083.0,0.0,166082.0,166082.0,1.0,0.0,0.0
2026-03-30 22:53:40,341,5.771397e+06,3.19494799e+08,1.24719422e+08,0.0,0.0,0.0,495825.0,45075.0,3989.0,1.07597824e+08,1.32524032e+09,13006.150000000001,30.0,166182.0,0.0,166181.0,166181.0,1.0,0.0,0.0
2026-03-30 22:53:53,341,5.77493e+06,3.1968723e+08,1.2478087e+08,0.0,0.0,0.0,496122.0,45102.0,3991.0,1.07597824e+08,1.32524032e+09,13015.27,30.0,166282.0,0.0,166281.0,166281.0,1.0,0.0,0.0
2026-03-30 22:54:05,341,5.778289e+06,3.19877177e+08,1.24874396e+08,0.0,0.0,0.0,496421.0,45129.0,3994.0,1.07597824e+08,1.32524032e+09,13023.77,29.0,166382.0,0.0,166381.0,166381.0,1.0,0.0,0.0
2026-03-30 22:54:17,341,5.781675e+06,3.20061693e+08,1.24938546e+08,0.0,0.0,0.0,496716.0,45155.0,3996.0,1.07728896e+08,1.32524032e+09,13031.84,29.0,166480.0,0.0,166480.0,166480.0,1.0,0.0,0.0
2026-03-30 22:54:30,342,5.785197e+06,3.20259513e+08,1.24999962e+08,0.0,0.0,0.0,497013.0,45183.0,3998.0,1.07728896e+08,1.32524032e+09,13040.24,30.0,166581.0,0.0,166580.0,166580.0,1.0,0.0,0.0
2026-03-30 22:54:42,342,5.788461e+06,3.20444067e+08,1.25093514e+08,0.0,0.0,0.0,497309.0,45209.0,4001.0,1.07728896e+08,1.32524032e+09,13049.12,31.0,166680.0,0.0,166679.0,166679.0,1.0,0.0,0.0
2026-03-30 22:54:54,342,5.792091e+06,3.20644487e+08,1.25157632e+08,0.0,0.0,0.0,497609.0,45237.0,4003.0,1.07728896e+08,1.32524032e+09,13057.56,29.0,166780.0,0.0,166780.0,166780.0,1.0,0.0,0.0
2026-03-30 22:55:07,342,5.795581e+06,3.20831653e+08,1.25219048e+08,0.0,0.0,0.0,497903.0,45263.0,4005.0,1.07728896e+08,1.32524032e+09,13065.98,30.0,166879.0,0.0,166878.0,166878.0,1.0,0.0,0.0
2026-03-30 22:55:19,342,5.799064e+06,3.21029496e+08,1.25315244e+08,0.0,0.0,0.0,498203.0,45291.0,4008.0,1.07728896e+08,1.32524032e+09,13075.11,30.0,166980.0,0.0,166979.0,166979.0,1.0,0.0,0.0
2026-03-30 22:55:32,343,5.802534e+06,3.21222052e+08,1.25376692e+08,0.0,0.0,0.0,498505.0,45318.0,4010.0,1.07597824e+08,1.32524032e+09,13083.64,35.0,167081.0,0.0,167080.0,167080.0,1.0,0.0,0.0
2026-03-30 22:55:44,343,5.806167e+06,3.21419799e+08,1.2546751e+08,0.0,0.0,0.0,498806.0,45346.0,4013.0,1.07597824e+08,1.32524032e+09,13091.88,30.0,167182.0,0.0,167181.0,167181.0,1.0,0.0,0.0
2026-03-30 22:55:57,343,5.809613e+06,3.21604298e+08,1.25528958e+08,0.0,0.0,0.0,499100.0,45372.0,4015.0,1.07597824e+08,1.32524032e+09,13100.019999999999,35.0,167281.0,0.0,167280.0,167280.0,1.0,0.0,0.0
2026-03-30 22:56:09,343,5.813135e+06,3.21794035e+08,1.25625122e+08,0.0,0.0,0.0,499395.0,45399.0,4018.0,1.07466752e+08,1.32524032e+09,13108.310000000001,31.0,167380.0,0.0,167379.0,167379.0,1.0,0.0,0.0
2026-03-30 22:56:21,343,5.816565e+06,3.21986515e+08,1.2568657e+08,0.0,0.0,0.0,499687.0,45426.0,4020.0,1.07597824e+08,1.32524032e+09,13116.3,35.0,167477.0,0.0,167476.0,167476.0,1.0,0.0,0.0
2026-03-30 22:56:33,344,5.819945e+06,3.22181799e+08,1.25748018e+08,0.0,0.0,0.0,499991.0,45453.0,4022.0,1.07597824e+08,1.32524032e+09,13125.17,31.0,167579.0,0.0,167578.0,167578.0,1.0,0.0,0.0
2026-03-30 22:56:46,344,5.823438e+06,3.22371632e+08,1.25838836e+08,0.0,0.0,0.0,500286.0,45480.0,4025.0,1.07597824e+08,1.32524032e+09,13133.76,29.0,167679.0,0.0,167678.0,167678.0,1.0,0.0,0.0
2026-03-30 22:56:58,344,5.82699e+06,3.22564036e+08,1.25902954e+08,0.0,0.0,0.0,500584.0,45507.0,4027.0,1.07728896e+08,1.32524032e+09,13142.42,29.0,167778.0,0.0,167778.0,167778.0,1.0,0.0,0.0
2026-03-30 22:57:10,344,5.830428e+06,3.22756638e+08,1.25964402e+08,0.0,0.0,0.0,500883.0,45534.0,4029.0,1.07728896e+08,1.32524032e+09,13150.82,30.0,167879.0,0.0,167878.0,167878.0,1.0,0.0,0.0
2026-03-30 22:57:23,344,5.833813e+06,3.22946471e+08,1.26060598e+08,0.0,0.0,0.0,501178.0,45561.0,4032.0,1.07597824e+08,1.32524032e+09,13159.029999999999,30.0,167978.0,0.0,167977.0,167977.0,1.0,0.0,0.0
2026-03-30 22:57:35,345,5.837239e+06,3.23138986e+08,1.26122046e+08,0.0,0.0,0.0,501472.0,45588.0,4034.0,1.07728896e+08,1.32524032e+09,13167.07,31.0,168077.0,0.0,168076.0,168076.0,1.0,0.0,0.0
2026-03-30 22:57:47,345,5.840702e+06,3.23328813e+08,1.26215534e+08,0.0,0.0,0.0,501770.0,45615.0,4037.0,1.07728896e+08,1.32524032e+09,13175.33,33.0,168176.0,0.0,168175.0,168175.0,1.0,0.0,0.0
2026-03-30 22:58:00,345,5.844236e+06,3.23521322e+08,1.26276982e+08,0.0,0.0,0.0,502072.0,45642.0,4039.0,1.07597824e+08,1.32524032e+09,13183.529999999999,30.0,168277.0,0.0,168276.0,168276.0,1.0,0.0,0.0
2026-03-30 22:58:12,345,5.847828e+06,3.2372178e+08,1.263411e+08,0.0,0.0,0.0,502370.0,45670.0,4041.0,1.07466752e+08,1.32524032e+09,13193.0,30.0,168378.0,0.0,168377.0,168377.0,1.0,0.0,0.0
2026-03-30 22:58:25,346,5.851255e+06,3.23900901e+08,1.26437296e+08,0.0,0.0,0.0,502666.0,45696.0,4044.0,1.07466752e+08,1.32524032e+09,13201.68,29.0,168477.0,0.0,168476.0,168476.0,1.0,0.0,0.0
2026-03-30 22:58:37,346,5.854758e+06,3.2409601e+08,1.26498712e+08,0.0,0.0,0.0,502960.0,45723.0,4046.0,1.0733568e+08,1.32524032e+09,13209.55,30.0,168576.0,0.0,168575.0,168575.0,1.0,0.0,0.0
2026-03-30 22:58:49,346,5.85823e+06,3.24291204e+08,1.26589498e+08,0.0,0.0,0.0,503253.0,45750.0,4049.0,1.0733568e+08,1.32524032e+09,13217.7,30.0,168674.0,0.0,168673.0,168673.0,1.0,0.0,0.0
2026-03-30 22:59:01,346,5.861782e+06,3.24494396e+08,1.2665094e+08,0.0,0.0,0.0,503558.0,45778.0,4051.0,1.07466752e+08,1.32524032e+09,13225.230000000001,31.0,168776.0,0.0,168775.0,168775.0,1.0,0.0,0.0
2026-03-30 22:59:14,346,5.865266e+06,3.24689622e+08,1.26712388e+08,0.0,0.0,0.0,503857.0,45805.0,4053.0,1.07597824e+08,1.32524032e+09,13234.189999999999,30.0,168877.0,0.0,168876.0,168876.0,1.0,0.0,0.0
2026-03-30 22:59:27,347,5.868774e+06,3.24876756e+08,1.26805914e+08,0.0,0.0,0.0,504159.0,45832.0,4056.0,1.07466752e+08,1.32524032e+09,13242.76,30.0,168978.0,0.0,168977.0,168977.0,1.0,0.0,0.0
2026-03-30 22:59:39,347,5.872215e+06,3.25069297e+08,1.26867362e+08,0.0,0.0,0.0,504458.0,45859.0,4058.0,1.07466752e+08,1.32524032e+09,13250.82,29.0,169079.0,0.0,169078.0,169078.0,1.0,0.0,0.0
2026-03-30 22:59:51,347,5.875807e+06,3.25267079e+08,1.26960856e+08,0.0,0.0,0.0,504758.0,45887.0,4061.0,1.07466752e+08,1.32524032e+09,13258.99,30.0,169179.0,0.0,169178.0,169178.0,1.0,0.0,0.0
2026-03-30 23:00:04,347,5.879423e+06,3.25467557e+08,1.27025006e+08,0.0,0.0,0.0,505065.0,45915.0,4063.0,1.07466752e+08,1.32524032e+09,13267.509999999998,31.0,169282.0,0.0,169281.0,169281.0,1.0,0.0,0.0
2026-03-30 23:00:16,347,5.882825e+06,3.25662847e+08,1.27086454e+08,0.0,0.0,0.0,505367.0,45942.0,4065.0,1.07466752e+08,1.32524032e+09,13276.26,30.0,169384.0,0.0,169383.0,169383.0,1.0,0.0,0.0
2026-03-30 23:00:29,348,5.886203e+06,3.25855417e+08,1.27177272e+08,0.0,0.0,0.0,505663.0,45969.0,4068.0,1.07466752e+08,1.32524032e+09,13284.58,29.0,169483.0,0.0,169483.0,169483.0,1.0,0.0,0.0
2026-03-30 23:00:41,348,5.889793e+06,3.26045137e+08,1.2724139e+08,0.0,0.0,0.0,505962.0,45996.0,4070.0,1.07597824e+08,1.32524032e+09,13292.58,29.0,169584.0,0.0,169583.0,169583.0,1.0,0.0,0.0
2026-03-30 23:00:53,348,5.893129e+06,3.26232341e+08,1.27337586e+08,0.0,0.0,0.0,506257.0,46023.0,4073.0,1.07728896e+08,1.32524032e+09,13301.05,30.0,169682.0,0.0,169681.0,169681.0,1.0,0.0,0.0
2026-03-30 23:01:06,348,5.896561e+06,3.26424847e+08,1.27401736e+08,0.0,0.0,0.0,506554.0,46050.0,4075.0,1.07728896e+08,1.32524032e+09,13309.54,30.0,169782.0,0.0,169781.0,169781.0,1.0,0.0,0.0
2026-03-30 23:01:18,348,5.900037e+06,3.26614593e+08,1.27465854e+08,0.0,0.0,0.0,506847.0,46077.0,4077.0,1.07597824e+08,1.32524032e+09,13317.21,29.0,169879.0,0.0,169879.0,169879.0,1.0,0.0,0.0
2026-03-30 23:01:30,349,5.903544e+06,3.2680438e+08,1.27556672e+08,0.0,0.0,0.0,507144.0,46104.0,4080.0,1.07597824e+08,1.32524032e+09,13324.869999999999,29.0,169978.0,0.0,169978.0,169978.0,1.0,0.0,0.0
2026-03-30 23:01:43,349,5.90706e+06,3.26991526e+08,1.27620828e+08,0.0,0.0,0.0,507447.0,46131.0,4082.0,1.07466752e+08,1.32524032e+09,13333.39,30.0,170079.0,0.0,170078.0,170078.0,1.0,0.0,0.0
2026-03-30 23:01:55,349,5.910404e+06,3.2717871e+08,1.27714354e+08,0.0,0.0,0.0,507741.0,46158.0,4085.0,1.07597824e+08,1.32524032e+09,13341.240000000002,30.0,170177.0,0.0,170176.0,170176.0,1.0,0.0,0.0
2026-03-30 23:02:07,349,5.913923e+06,3.2737119e+08,1.27775802e+08,0.0,0.0,0.0,508037.0,46185.0,4087.0,1.07597824e+08,1.32524032e+09,13349.36,30.0,170277.0,0.0,170276.0,170276.0,1.0,0.0,0.0
2026-03-30 23:02:20,349,5.917293e+06,3.27558371e+08,1.27866652e+08,0.0,0.0,0.0,508332.0,46212.0,4090.0,1.07466752e+08,1.32524032e+09,13357.28,31.0,170375.0,0.0,170374.0,170374.0,1.0,0.0,0.0
2026-03-30 23:02:32,350,5.920608e+06,3.27745534e+08,1.2793077e+08,0.0,0.0,0.0,508619.0,46238.0,4092.0,1.07466752e+08,1.32524032e+09,13365.27,30.0,170472.0,0.0,170471.0,170471.0,1.0,0.0,0.0
2026-03-30 23:02:44,350,5.924115e+06,3.27929943e+08,1.27994888e+08,0.0,0.0,0.0,508915.0,46264.0,4094.0,1.07466752e+08,1.32524032e+09,13373.9,29.0,170570.0,0.0,170570.0,170570.0,1.0,0.0,0.0
2026-03-30 23:02:56,350,5.927616e+06,3.28125076e+08,1.28085706e+08,0.0,0.0,0.0,509210.0,46291.0,4097.0,1.0733568e+08,1.32524032e+09,13383.09,29.0,170669.0,0.0,170669.0,170669.0,1.0,0.0,0.0
2026-03-30 23:03:08,350,5.931057e+06,3.28314947e+08,1.28147154e+08,0.0,0.0,0.0,509508.0,46318.0,4099.0,1.07466752e+08,1.32524032e+09,13392.23,30.0,170770.0,0.0,170769.0,170769.0,1.0,0.0,0.0
2026-03-30 23:03:21,350,5.934557e+06,3.28507462e+08,1.28208602e+08,0.0,0.0,0.0,509806.0,46345.0,4101.0,1.07597824e+08,1.32524032e+09,13400.93,29.0,170869.0,0.0,170869.0,170869.0,1.0,0.0,0.0
2026-03-30 23:03:33,351,5.937948e+06,3.28699951e+08,1.28304792e+08,0.0,0.0,0.0,510100.0,46372.0,4104.0,1.07597824e+08,1.32524032e+09,13409.02,30.0,170969.0,0.0,170968.0,170968.0,1.0,0.0,0.0
2026-03-30 23:03:46,351,5.941403e+06,3.2888979e+08,1.2836624e+08,0.0,0.0,0.0,510394.0,46399.0,4106.0,1.07597824e+08,1.32524032e+09,13416.939999999999,29.0,171067.0,0.0,171067.0,171067.0,1.0,0.0,0.0
2026-03-30 23:03:58,351,5.944719e+06,3.29082418e+08,1.28462436e+08,0.0,0.0,0.0,510690.0,46426.0,4109.0,1.07597824e+08,1.32524032e+09,13425.69,30.0,171167.0,0.0,171166.0,171166.0,1.0,0.0,0.0
2026-03-30 23:04:10,351,5.948294e+06,3.29274863e+08,1.28523852e+08,0.0,0.0,0.0,510991.0,46453.0,4111.0,1.07597824e+08,1.32524032e+09,13435.45,29.0,171268.0,0.0,171267.0,171267.0,1.0,0.0,0.0
2026-03-30 23:04:22,351,5.951803e+06,3.29464702e+08,1.285853e+08,0.0,0.0,0.0,511290.0,46480.0,4113.0,1.07466752e+08,1.32524032e+09,13443.78,31.0,171368.0,0.0,171367.0,171367.0,1.0,0.0,0.0
2026-03-30 23:04:35,352,5.955214e+06,3.29662563e+08,1.28676118e+08,0.0,0.0,0.0,511588.0,46508.0,4116.0,1.07466752e+08,1.32524032e+09,13452.65,31.0,171468.0,0.0,171467.0,171467.0,1.0,0.0,0.0
2026-03-30 23:04:47,352,5.958774e+06,3.29846957e+08,1.28737566e+08,0.0,0.0,0.0,511883.0,46534.0,4118.0,1.07597824e+08,1.32524032e+09,13460.84,30.0,171567.0,0.0,171566.0,171566.0,1.0,0.0,0.0
2026-03-30 23:04:59,352,5.962212e+06,3.30042191e+08,1.28833762e+08,0.0,0.0,0.0,512184.0,46562.0,4121.0,1.07728896e+08,1.32524032e+09,13469.41,30.0,171668.0,0.0,171667.0,171667.0,1.0,0.0,0.0
2026-03-30 23:05:12,352,5.965679e+06,3.30234694e+08,1.28897912e+08,0.0,0.0,0.0,512481.0,46589.0,4123.0,1.07728896e+08,1.32524032e+09,13478.41,30.0,171767.0,0.0,171766.0,171766.0,1.0,0.0,0.0
2026-03-30 23:05:24,352,5.969278e+06,3.30429771e+08,1.28959328e+08,0.0,0.0,0.0,512777.0,46616.0,4125.0,1.07597824e+08,1.32524032e+09,13486.3,30.0,171867.0,0.0,171866.0,171866.0,1.0,0.0,0.0
2026-03-30 23:05:36,353,5.972768e+06,3.30619549e+08,1.29052848e+08,0.0,0.0,0.0,513078.0,46643.0,4128.0,1.07728896e+08,1.32524032e+09,13494.550000000001,30.0,171967.0,0.0,171966.0,171966.0,1.0,0.0,0.0
2026-03-30 23:05:49,353,5.976194e+06,3.30812087e+08,1.29114296e+08,0.0,0.0,0.0,513375.0,46670.0,4130.0,1.07597824e+08,1.32524032e+09,13503.29,31.0,172068.0,0.0,172067.0,172067.0,1.0,0.0,0.0
2026-03-30 23:06:01,353,5.979608e+06,3.30996589e+08,1.2921053e+08,0.0,0.0,0.0,513677.0,46697.0,4133.0,1.07597824e+08,1.32524032e+09,13511.22,30.0,172167.0,0.0,172166.0,172166.0,1.0,0.0,0.0
2026-03-30 23:06:13,353,5.983229e+06,3.31194348e+08,1.29271978e+08,0.0,0.0,0.0,513978.0,46725.0,4135.0,1.07597824e+08,1.32524032e+09,13519.76,35.0,172268.0,0.0,172267.0,172267.0,1.0,0.0,0.0
2026-03-30 23:06:26,354,5.986576e+06,3.31381587e+08,1.29365504e+08,0.0,0.0,0.0,514274.0,46752.0,4138.0,1.07728896e+08,1.32524032e+09,13528.44,30.0,172368.0,0.0,172367.0,172367.0,1.0,0.0,0.0
2026-03-30 23:06:38,354,5.99008e+06,3.31574047e+08,1.29426952e+08,0.0,0.0,0.0,514570.0,46779.0,4140.0,1.07728896e+08,1.32524032e+09,13537.029999999999,29.0,172467.0,0.0,172466.0,172466.0,1.0,0.0,0.0
2026-03-30 23:06:50,354,5.993506e+06,3.31758491e+08,1.29517802e+08,0.0,0.0,0.0,514863.0,46805.0,4143.0,1.07597824e+08,1.32524032e+09,13544.849999999999,33.0,172564.0,0.0,172563.0,172563.0,1.0,0.0,0.0
2026-03-30 23:07:02,354,5.997078e+06,3.31948289e+08,1.2958192e+08,0.0,0.0,0.0,515162.0,46832.0,4145.0,1.07728896e+08,1.32524032e+09,13553.21,30.0,172665.0,0.0,172664.0,172664.0,1.0,0.0,0.0
2026-03-30 23:07:15,354,6.000597e+06,3.32143398e+08,1.29643336e+08,0.0,0.0,0.0,515454.0,46859.0,4147.0,1.07728896e+08,1.32524032e+09,13561.5,30.0,172763.0,0.0,172762.0,172762.0,1.0,0.0,0.0
2026-03-30 23:07:27,355,6.004116e+06,3.32333205e+08,1.2973683e+08,0.0,0.0,0.0,515754.0,46886.0,4150.0,1.07728896e+08,1.32524032e+09,13569.66,31.0,172864.0,0.0,172863.0,172863.0,1.0,0.0,0.0
2026-03-30 23:07:39,355,6.007542e+06,3.32525749e+08,1.2980098e+08,0.0,0.0,0.0,516050.0,46913.0,4152.0,1.07728896e+08,1.32524032e+09,13577.88,30.0,172963.0,0.0,172962.0,172962.0,1.0,0.0,0.0
2026-03-30 23:07:52,355,6.010955e+06,3.32718276e+08,1.29862428e+08,0.0,0.0,0.0,516347.0,46940.0,4154.0,1.07597824e+08,1.32524032e+09,13586.140000000001,30.0,173063.0,0.0,173062.0,173062.0,1.0,0.0,0.0
2026-03-30 23:08:04,355,6.014359e+06,3.32910814e+08,1.29953246e+08,0.0,0.0,0.0,516645.0,46967.0,4157.0,1.07597824e+08,1.32524032e+09,13594.53,31.0,173163.0,0.0,173162.0,173162.0,1.0,0.0,0.0
2026-03-30 23:08:16,355,6.017957e+06,3.33100548e+08,1.30017364e+08,0.0,0.0,0.0,516943.0,46994.0,4159.0,1.07696128e+08,1.32524032e+09,13602.27,31.0,173262.0,0.0,173261.0,173261.0,1.0,0.0,0.0
2026-03-30 23:08:29,356,6.021371e+06,3.33293022e+08,1.3011089e+08,0.0,0.0,0.0,517235.0,47021.0,4162.0,1.07696128e+08,1.32524032e+09,13610.1,33.0,173361.0,0.0,173360.0,173360.0,1.0,0.0,0.0
2026-03-30 23:08:41,356,6.024919e+06,3.33482806e+08,1.30175008e+08,0.0,0.0,0.0,517533.0,47048.0,4164.0,1.07565056e+08,1.32524032e+09,13618.39,31.0,173460.0,0.0,173459.0,173459.0,1.0,0.0,0.0
2026-03-30 23:08:54,356,6.028419e+06,3.33675318e+08,1.30236424e+08,0.0,0.0,0.0,517828.0,47075.0,4166.0,1.07696128e+08,1.32524032e+09,13628.759999999998,30.0,173560.0,0.0,173559.0,173559.0,1.0,0.0,0.0
2026-03-30 23:09:06,356,6.031895e+06,3.33873202e+08,1.30329944e+08,0.0,0.0,0.0,518134.0,47103.0,4169.0,1.07696128e+08,1.32524032e+09,13637.289999999999,29.0,173662.0,0.0,173661.0,173661.0,1.0,0.0,0.0
2026-03-30 23:09:19,356,6.035294e+06,3.34057707e+08,1.30394062e+08,0.0,0.0,0.0,518427.0,47129.0,4171.0,1.078272e+08,1.32524032e+09,13645.75,30.0,173760.0,0.0,173759.0,173759.0,1.0,0.0,0.0
2026-03-30 23:09:31,357,6.038726e+06,3.34250207e+08,1.30487582e+08,0.0,0.0,0.0,518724.0,47156.0,4174.0,1.07696128e+08,1.32524032e+09,13654.05,35.0,173859.0,0.0,173858.0,173858.0,1.0,0.0,0.0
2026-03-30 23:09:43,357,6.042388e+06,3.34450659e+08,1.30548998e+08,0.0,0.0,0.0,519025.0,47184.0,4176.0,1.078272e+08,1.32524032e+09,13662.33,30.0,173961.0,0.0,173960.0,173960.0,1.0,0.0,0.0
2026-03-30 23:09:56,357,6.045762e+06,3.34635106e+08,1.30610446e+08,0.0,0.0,0.0,519314.0,47210.0,4178.0,1.078272e+08,1.32524032e+09,13670.3,30.0,174058.0,0.0,174057.0,174057.0,1.0,0.0,0.0
2026-03-30 23:10:08,357,6.049197e+06,3.34822304e+08,1.30703972e+08,0.0,0.0,0.0,519614.0,47237.0,4181.0,1.078272e+08,1.32524032e+09,13678.99,30.0,174158.0,0.0,174157.0,174157.0,1.0,0.0,0.0
2026-03-30 23:10:20,357,6.052675e+06,3.35017518e+08,1.30765388e+08,0.0,0.0,0.0,519908.0,47264.0,4183.0,1.07696128e+08,1.32524032e+09,13686.740000000002,30.0,174257.0,0.0,174256.0,174256.0,1.0,0.0,0.0
2026-03-30 23:10:33,358,6.056289e+06,3.35207255e+08,1.30856206e+08,0.0,0.0,0.0,520211.0,47291.0,4186.0,1.07696128e+08,1.32524032e+09,13695.54,29.0,174358.0,0.0,174357.0,174357.0,1.0,0.0,0.0
2026-03-30 23:10:45,358,6.059766e+06,3.35407777e+08,1.30917654e+08,0.0,0.0,0.0,520510.0,47319.0,4188.0,1.07696128e+08,1.32524032e+09,13704.24,30.0,174458.0,0.0,174457.0,174457.0,1.0,0.0,0.0
2026-03-30 23:10:57,358,6.063212e+06,3.35592229e+08,1.30981772e+08,0.0,0.0,0.0,520802.0,47345.0,4190.0,1.07696128e+08,1.32524032e+09,13712.140000000001,29.0,174557.0,0.0,174556.0,174556.0,1.0,0.0,0.0
2026-03-30 23:11:10,358,6.066528e+06,3.35779497e+08,1.31077968e+08,0.0,0.0,0.0,521099.0,47372.0,4193.0,1.078272e+08,1.32524032e+09,13720.06,30.0,174656.0,0.0,174655.0,174655.0,1.0,0.0,0.0
2026-03-30 23:11:22,358,6.069916e+06,3.35972061e+08,1.31142118e+08,0.0,0.0,0.0,521399.0,47399.0,4195.0,1.078272e+08,1.32524032e+09,13728.96,35.0,174756.0,0.0,174755.0,174755.0,1.0,0.0,0.0
2026-03-30 23:11:34,359,6.073409e+06,3.3616991e+08,1.31232936e+08,0.0,0.0,0.0,521697.0,47427.0,4198.0,1.07696128e+08,1.32524032e+09,13736.98,31.0,174857.0,0.0,174856.0,174856.0,1.0,0.0,0.0
2026-03-30 23:11:47,359,6.076911e+06,3.3636241e+08,1.31297054e+08,0.0,0.0,0.0,521994.0,47454.0,4200.0,1.07696128e+08,1.32524032e+09,13744.67,35.0,174956.0,0.0,174955.0,174955.0,1.0,0.0,0.0
2026-03-30 23:11:59,359,6.080266e+06,3.36546953e+08,1.31361172e+08,0.0,0.0,0.0,522286.0,47480.0,4202.0,1.07696128e+08,1.32524032e+09,13752.92,35.0,175054.0,0.0,175053.0,175053.0,1.0,0.0,0.0
2026-03-30 23:12:11,359,6.083765e+06,3.36742132e+08,1.314574e+08,0.0,0.0,0.0,522589.0,47508.0,4205.0,1.07696128e+08,1.32524032e+09,13761.74,30.0,175156.0,0.0,175155.0,175155.0,1.0,0.0,0.0
2026-03-30 23:12:24,359,6.087398e+06,3.36937241e+08,1.31518816e+08,0.0,0.0,0.0,522891.0,47535.0,4207.0,1.07696128e+08,1.32524032e+09,13770.0,35.0,175257.0,0.0,175256.0,175256.0,1.0,0.0,0.0
2026-03-30 23:12:36,360,6.091006e+06,3.37126978e+08,1.31609634e+08,0.0,0.0,0.0,523192.0,47562.0,4210.0,1.078272e+08,1.32524032e+09,13778.65,30.0,175358.0,0.0,175357.0,175357.0,1.0,0.0,0.0
2026-03-30 23:12:48,360,6.094461e+06,3.37319452e+08,1.31671082e+08,0.0,0.0,0.0,523489.0,47589.0,4212.0,1.078272e+08,1.32524032e+09,13786.650000000001,29.0,175457.0,0.0,175457.0,175457.0,1.0,0.0,0.0
2026-03-30 23:13:00,360,6.097956e+06,3.37511862e+08,1.317352e+08,0.0,0.0,0.0,523780.0,47616.0,4214.0,1.078272e+08,1.32524032e+09,13795.0,29.0,175555.0,0.0,175555.0,175555.0,1.0,0.0,0.0
2026-03-30 23:13:13,360,6.101508e+06,3.37709711e+08,1.31828726e+08,0.0,0.0,0.0,524087.0,47644.0,4217.0,1.078272e+08,1.32524032e+09,13803.83,30.0,175658.0,0.0,175657.0,175657.0,1.0,0.0,0.0
2026-03-30 23:13:25,361,6.10489e+06,3.37896915e+08,1.31892882e+08,0.0,0.0,0.0,524384.0,47671.0,4219.0,1.078272e+08,1.32524032e+09,13812.82,30.0,175758.0,0.0,175757.0,175757.0,1.0,0.0,0.0
2026-03-30 23:13:38,361,6.108386e+06,3.38089421e+08,1.319837e+08,0.0,0.0,0.0,524683.0,47698.0,4222.0,1.078272e+08,1.32524032e+09,13820.91,30.0,175858.0,0.0,175857.0,175857.0,1.0,0.0,0.0
2026-03-30 23:13:50,361,6.11177e+06,3.38287299e+08,1.32047818e+08,0.0,0.0,0.0,524979.0,47725.0,4224.0,1.07696128e+08,1.32524032e+09,13828.99,29.0,175957.0,0.0,175957.0,175957.0,1.0,0.0,0.0
2026-03-30 23:14:02,361,6.115257e+06,3.38479814e+08,1.32109266e+08,0.0,0.0,0.0,525276.0,47752.0,4226.0,1.07565056e+08,1.32524032e+09,13837.210000000001,30.0,176058.0,0.0,176057.0,176057.0,1.0,0.0,0.0
2026-03-30 23:14:15,361,6.118779e+06,3.38675002e+08,1.32200116e+08,0.0,0.0,0.0,525585.0,47780.0,4229.0,1.07565056e+08,1.32524032e+09,13846.359999999999,29.0,176161.0,0.0,176160.0,176160.0,1.0,0.0,0.0
2026-03-30 23:14:28,362,6.119972e+06,3.38744539e+08,1.32234864e+08,0.0,0.0,0.0,525693.0,47790.0,4230.0,1.07565056e+08,1.32524032e+09,13849.31,29.0,176196.0,0.0,176196.0,176196.0,1.0,0.0,0.0
2026-03-30 23:14:40,362,6.122824e+06,3.38899621e+08,1.32299014e+08,0.0,0.0,0.0,525941.0,47812.0,4232.0,1.07565056e+08,1.32524032e+09,13856.09,29.0,176280.0,0.0,176279.0,176279.0,1.0,0.0,0.0
2026-03-30 23:14:52,362,6.126314e+06,3.39092095e+08,1.3236043e+08,0.0,0.0,0.0,526235.0,47839.0,4234.0,1.07433984e+08,1.32524032e+09,13863.97,30.0,176378.0,0.0,176377.0,176377.0,1.0,0.0,0.0
2026-03-30 23:15:04,362,6.129854e+06,3.39289935e+08,1.32451248e+08,0.0,0.0,0.0,526538.0,47867.0,4237.0,1.07433984e+08,1.32524032e+09,13872.76,29.0,176479.0,0.0,176479.0,176479.0,1.0,0.0,0.0
2026-03-30 23:15:17,362,6.133421e+06,3.3948505e+08,1.32512664e+08,0.0,0.0,0.0,526835.0,47894.0,4239.0,1.07565056e+08,1.32524032e+09,13880.87,30.0,176579.0,0.0,176578.0,176578.0,1.0,0.0,0.0
2026-03-30 23:15:29,363,6.136791e+06,3.39669561e+08,1.32574144e+08,0.0,0.0,0.0,527124.0,47920.0,4241.0,1.07433984e+08,1.32524032e+09,13888.84,31.0,176677.0,0.0,176676.0,176676.0,1.0,0.0,0.0
2026-03-30 23:15:42,363,6.140304e+06,3.39856631e+08,1.32670308e+08,0.0,0.0,0.0,527419.0,47947.0,4244.0,1.07565056e+08,1.32524032e+09,13897.09,29.0,176775.0,0.0,176775.0,176775.0,1.0,0.0,0.0
2026-03-30 23:15:54,363,6.143829e+06,3.4004907e+08,1.32734458e+08,0.0,0.0,0.0,527715.0,47974.0,4246.0,1.07565056e+08,1.32524032e+09,13905.66,29.0,176875.0,0.0,176874.0,176874.0,1.0,0.0,0.0
2026-03-30 23:16:06,363,6.147261e+06,3.40238938e+08,1.32825276e+08,0.0,0.0,0.0,528013.0,48001.0,4249.0,1.07565056e+08,1.32524032e+09,13913.93,29.0,176974.0,0.0,176974.0,176974.0,1.0,0.0,0.0
2026-03-30 23:16:19,363,6.150801e+06,3.40431374e+08,1.32889394e+08,0.0,0.0,0.0,528309.0,48028.0,4251.0,1.07565056e+08,1.32524032e+09,13922.37,30.0,177074.0,0.0,177073.0,177073.0,1.0,0.0,0.0
2026-03-30 23:16:31,364,6.154221e+06,3.4061587e+08,1.32950842e+08,0.0,0.0,0.0,528600.0,48054.0,4253.0,1.07565056e+08,1.32524032e+09,13930.39,29.0,177171.0,0.0,177171.0,177171.0,1.0,0.0,0.0
2026-03-30 23:16:43,364,6.157597e+06,3.4080301e+08,1.33047038e+08,0.0,0.0,0.0,528891.0,48080.0,4256.0,1.07565056e+08,1.32524032e+09,13938.85,30.0,177269.0,0.0,177268.0,177268.0,1.0,0.0,0.0
2026-03-30 23:16:55,364,6.161113e+06,3.4099542e+08,1.33108486e+08,0.0,0.0,0.0,529185.0,48107.0,4258.0,1.07565056e+08,1.32524032e+09,13946.96,29.0,177368.0,0.0,177367.0,177367.0,1.0,0.0,0.0
2026-03-30 23:17:08,364,6.164532e+06,3.41185291e+08,1.33169934e+08,0.0,0.0,0.0,529481.0,48134.0,4260.0,1.07565056e+08,1.32524032e+09,13955.12,30.0,177467.0,0.0,177466.0,177466.0,1.0,0.0,0.0
2026-03-30 23:17:20,364,6.167894e+06,3.41377855e+08,1.33260752e+08,0.0,0.0,0.0,529774.0,48161.0,4263.0,1.07565056e+08,1.32524032e+09,13962.810000000001,30.0,177566.0,0.0,177565.0,177565.0,1.0,0.0,0.0
2026-03-30 23:17:32,365,6.171448e+06,3.41562249e+08,1.3332487e+08,0.0,0.0,0.0,530068.0,48187.0,4265.0,1.07696128e+08,1.32524032e+09,13970.78,30.0,177664.0,0.0,177663.0,177663.0,1.0,0.0,0.0
2026-03-30 23:17:44,365,6.174941e+06,3.41760072e+08,1.33421034e+08,0.0,0.0,0.0,530371.0,48215.0,4268.0,1.07696128e+08,1.32524032e+09,13979.49,30.0,177766.0,0.0,177765.0,177765.0,1.0,0.0,0.0
2026-03-30 23:17:57,365,6.17851e+06,3.41957889e+08,1.33485184e+08,0.0,0.0,0.0,530673.0,48243.0,4270.0,1.07696128e+08,1.32524032e+09,13987.72,30.0,177867.0,0.0,177866.0,177866.0,1.0,0.0,0.0
2026-03-30 23:18:09,365,6.181732e+06,3.42137147e+08,1.3354934e+08,0.0,0.0,0.0,530964.0,48269.0,4272.0,1.07696128e+08,1.32524032e+09,13995.59,31.0,177965.0,0.0,177964.0,177964.0,1.0,0.0,0.0
2026-03-30 23:18:21,365,6.185219e+06,3.42329662e+08,1.33640158e+08,0.0,0.0,0.0,531262.0,48296.0,4275.0,1.07565056e+08,1.32524032e+09,14004.45,30.0,178064.0,0.0,178063.0,178063.0,1.0,0.0,0.0
2026-03-30 23:18:34,366,6.188633e+06,3.42527552e+08,1.33701606e+08,0.0,0.0,0.0,531557.0,48323.0,4277.0,1.07565056e+08,1.32524032e+09,14012.87,31.0,178164.0,0.0,178163.0,178163.0,1.0,0.0,0.0
2026-03-30 23:18:46,366,6.192079e+06,3.42717362e+08,1.33763054e+08,0.0,0.0,0.0,531850.0,48350.0,4279.0,1.07696128e+08,1.32524032e+09,14020.68,29.0,178261.0,0.0,178261.0,178261.0,1.0,0.0,0.0
2026-03-30 23:18:58,366,6.195579e+06,3.42899118e+08,1.33856548e+08,0.0,0.0,0.0,532146.0,48376.0,4282.0,1.07696128e+08,1.32524032e+09,14028.66,29.0,178361.0,0.0,178360.0,178360.0,1.0,0.0,0.0
2026-03-30 23:19:10,366,6.19897e+06,3.43091656e+08,1.33920698e+08,0.0,0.0,0.0,532440.0,48403.0,4284.0,1.07696128e+08,1.32524032e+09,14036.349999999999,29.0,178460.0,0.0,178459.0,178459.0,1.0,0.0,0.0
2026-03-30 23:19:23,366,6.202317e+06,3.43286873e+08,1.33979473e+08,0.0,0.0,0.0,532729.0,48429.0,4286.0,1.07565056e+08,1.32524032e+09,14044.19,29.0,178557.0,0.0,178556.0,178556.0,1.0,0.0,0.0
2026-03-30 23:19:35,367,6.205781e+06,3.43482087e+08,1.34075637e+08,0.0,0.0,0.0,533031.0,48457.0,4289.0,1.07565056e+08,1.32524032e+09,14052.73,30.0,178658.0,0.0,178657.0,178657.0,1.0,0.0,0.0
2026-03-30 23:19:47,367,6.209172e+06,3.43674622e+08,1.34139787e+08,0.0,0.0,0.0,533325.0,48484.0,4291.0,1.07565056e+08,1.32524032e+09,14060.699999999999,30.0,178757.0,0.0,178756.0,178756.0,1.0,0.0,0.0
2026-03-30 23:19:59,367,6.212732e+06,3.43869734e+08,1.34201203e+08,0.0,0.0,0.0,533621.0,48511.0,4293.0,1.078272e+08,1.32524032e+09,14068.44,30.0,178856.0,0.0,178855.0,178855.0,1.0,0.0,0.0
2026-03-30 23:20:12,367,6.216213e+06,3.44059585e+08,1.34292021e+08,0.0,0.0,0.0,533921.0,48538.0,4296.0,1.078272e+08,1.32524032e+09,14076.68,31.0,178957.0,0.0,178956.0,178956.0,1.0,0.0,0.0
2026-03-30 23:20:24,367,6.219726e+06,3.44252068e+08,1.34356139e+08,0.0,0.0,0.0,534221.0,48565.0,4298.0,1.078272e+08,1.32524032e+09,14085.54,29.0,179058.0,0.0,179057.0,179057.0,1.0,0.0,0.0
2026-03-30 23:20:37,368,6.223105e+06,3.44439275e+08,1.34452335e+08,0.0,0.0,0.0,534517.0,48592.0,4301.0,1.078272e+08,1.32524032e+09,14093.66,31.0,179157.0,0.0,179156.0,179156.0,1.0,0.0,0.0
2026-03-30 23:20:49,368,6.226394e+06,3.44631912e+08,1.34516453e+08,0.0,0.0,0.0,534811.0,48619.0,4303.0,1.078272e+08,1.32524032e+09,14101.210000000001,31.0,179255.0,0.0,179254.0,179254.0,1.0,0.0,0.0
2026-03-30 23:21:01,368,6.229932e+06,3.44824316e+08,1.34580571e+08,0.0,0.0,0.0,535106.0,48646.0,4305.0,1.078272e+08,1.32524032e+09,14109.18,29.0,179354.0,0.0,179354.0,179354.0,1.0,0.0,0.0
2026-03-30 23:21:13,368,6.233474e+06,3.45019478e+08,1.34674059e+08,0.0,0.0,0.0,535405.0,48673.0,4308.0,1.078272e+08,1.32524032e+09,14118.07,30.0,179455.0,0.0,179454.0,179454.0,1.0,0.0,0.0
2026-03-30 23:21:26,369,6.237011e+06,3.45209221e+08,1.34735507e+08,0.0,0.0,0.0,535704.0,48700.0,4310.0,1.078272e+08,1.32524032e+09,14126.31,31.0,179555.0,0.0,179554.0,179554.0,1.0,0.0,0.0
2026-03-30 23:21:38,369,6.240468e+06,3.45399028e+08,1.34826325e+08,0.0,0.0,0.0,536000.0,48727.0,4313.0,1.07696128e+08,1.32524032e+09,14134.5,31.0,179654.0,0.0,179653.0,179653.0,1.0,0.0,0.0
2026-03-30 23:21:50,369,6.243838e+06,3.45583524e+08,1.34887773e+08,0.0,0.0,0.0,536290.0,48753.0,4315.0,1.07565056e+08,1.32524032e+09,14142.52,30.0,179751.0,0.0,179750.0,179750.0,1.0,0.0,0.0
2026-03-30 23:22:02,369,6.247159e+06,3.45776097e+08,1.34951923e+08,0.0,0.0,0.0,536583.0,48780.0,4317.0,1.07696128e+08,1.32524032e+09,14150.7,29.0,179849.0,0.0,179849.0,179849.0,1.0,0.0,0.0
2026-03-30 23:22:15,369,6.25069e+06,3.45965872e+08,1.35048087e+08,0.0,0.0,0.0,536881.0,48807.0,4320.0,1.078272e+08,1.32524032e+09,14159.09,30.0,179950.0,0.0,179949.0,179949.0,1.0,0.0,0.0
2026-03-30 23:22:27,370,6.254084e+06,3.46155702e+08,1.35112237e+08,0.0,0.0,0.0,537174.0,48834.0,4322.0,1.07958272e+08,1.32524032e+09,14167.050000000001,30.0,180048.0,0.0,180047.0,180047.0,1.0,0.0,0.0
2026-03-30 23:22:39,370,6.257445e+06,3.46340233e+08,1.35176355e+08,0.0,0.0,0.0,537469.0,48860.0,4324.0,1.07696128e+08,1.32524032e+09,14175.35,29.0,180146.0,0.0,180146.0,180146.0,1.0,0.0,0.0
2026-03-30 23:22:52,370,6.2609e+06,3.46532733e+08,1.35267173e+08,0.0,0.0,0.0,537764.0,48887.0,4327.0,1.07696128e+08,1.32524032e+09,14183.6,31.0,180246.0,0.0,180245.0,180245.0,1.0,0.0,0.0
2026-03-30 23:23:04,370,6.264288e+06,3.46725239e+08,1.35331291e+08,0.0,0.0,0.0,538056.0,48914.0,4329.0,1.07696128e+08,1.32524032e+09,14191.12,29.0,180343.0,0.0,180343.0,180343.0,1.0,0.0,0.0
2026-03-30 23:23:16,370,6.26771e+06,3.46912379e+08,1.35392707e+08,0.0,0.0,0.0,538344.0,48940.0,4331.0,1.07696128e+08,1.32524032e+09,14198.46,30.0,180441.0,0.0,180440.0,180440.0,1.0,0.0,0.0
2026-03-30 23:23:28,371,6.271114e+06,3.47099583e+08,1.35488935e+08,0.0,0.0,0.0,538647.0,48967.0,4334.0,1.07565056e+08,1.32524032e+09,14207.039999999999,30.0,180542.0,0.0,180541.0,180541.0,1.0,0.0,0.0
2026-03-30 23:23:41,371,6.274558e+06,3.47294797e+08,1.35550377e+08,0.0,0.0,0.0,538943.0,48994.0,4336.0,1.07565056e+08,1.32524032e+09,14215.310000000001,31.0,180642.0,0.0,180641.0,180641.0,1.0,0.0,0.0
2026-03-30 23:23:53,371,6.277955e+06,3.47490014e+08,1.35646573e+08,0.0,0.0,0.0,539243.0,49022.0,4339.0,1.07565056e+08,1.32524032e+09,14223.89,29.0,180742.0,0.0,180741.0,180741.0,1.0,0.0,0.0
2026-03-30 23:24:06,371,6.28133e+06,3.47674571e+08,1.35710723e+08,0.0,0.0,0.0,539539.0,49048.0,4341.0,1.07565056e+08,1.32524032e+09,14231.89,35.0,180840.0,0.0,180839.0,180839.0,1.0,0.0,0.0
2026-03-30 23:24:18,371,6.284666e+06,3.47869779e+08,1.35772165e+08,0.0,0.0,0.0,539831.0,49075.0,4343.0,1.07565056e+08,1.32524032e+09,14240.23,30.0,180940.0,0.0,180939.0,180939.0,1.0,0.0,0.0
2026-03-30 23:24:30,372,6.288061e+06,3.48056954e+08,1.35865691e+08,0.0,0.0,0.0,540127.0,49102.0,4346.0,1.07565056e+08,1.32524032e+09,14248.72,29.0,181039.0,0.0,181038.0,181038.0,1.0,0.0,0.0
2026-03-30 23:24:42,372,6.291603e+06,3.48254792e+08,1.35927139e+08,0.0,0.0,0.0,540431.0,49130.0,4348.0,1.07696128e+08,1.32524032e+09,14257.37,29.0,181140.0,0.0,181139.0,181139.0,1.0,0.0,0.0
2026-03-30 23:24:55,372,6.294959e+06,3.48444704e+08,1.36020691e+08,0.0,0.0,0.0,540729.0,49157.0,4351.0,1.07696128e+08,1.32524032e+09,14265.73,29.0,181240.0,0.0,181239.0,181239.0,1.0,0.0,0.0
2026-03-30 23:25:07,372,6.298531e+06,3.48637172e+08,1.36084809e+08,0.0,0.0,0.0,541028.0,49184.0,4353.0,1.07565056e+08,1.32524032e+09,14274.380000000001,30.0,181340.0,0.0,181339.0,181339.0,1.0,0.0,0.0
2026-03-30 23:25:19,372,6.30196e+06,3.48829745e+08,1.36146257e+08,0.0,0.0,0.0,541328.0,49211.0,4355.0,1.07696128e+08,1.32524032e+09,14283.16,31.0,181440.0,0.0,181439.0,181439.0,1.0,0.0,0.0
2026-03-30 23:25:32,373,6.305321e+06,3.49016914e+08,1.36245123e+08,0.0,0.0,0.0,541620.0,49238.0,4358.0,1.078272e+08,1.32524032e+09,14291.4,30.0,181538.0,0.0,181537.0,181537.0,1.0,0.0,0.0
2026-03-30 23:25:44,373,6.308776e+06,3.49212131e+08,1.36306571e+08,0.0,0.0,0.0,541918.0,49265.0,4360.0,1.078272e+08,1.32524032e+09,14299.53,29.0,181639.0,0.0,181638.0,181638.0,1.0,0.0,0.0
2026-03-30 23:25:56,373,6.312241e+06,3.4939656e+08,1.36368019e+08,0.0,0.0,0.0,542211.0,49291.0,4362.0,1.07696128e+08,1.32524032e+09,14307.810000000001,30.0,181737.0,0.0,181736.0,181736.0,1.0,0.0,0.0
2026-03-30 23:26:09,373,6.315548e+06,3.49589197e+08,1.36461507e+08,0.0,0.0,0.0,542506.0,49318.0,4365.0,1.07565056e+08,1.32524032e+09,14315.54,29.0,181836.0,0.0,181835.0,181835.0,1.0,0.0,0.0
2026-03-30 23:26:21,373,6.318949e+06,3.49779004e+08,1.36522955e+08,0.0,0.0,0.0,542796.0,49345.0,4367.0,1.07565056e+08,1.32524032e+09,14323.210000000001,30.0,181933.0,0.0,181932.0,181932.0,1.0,0.0,0.0
2026-03-30 23:26:33,374,6.322241e+06,3.49966278e+08,1.36616481e+08,0.0,0.0,0.0,543092.0,49372.0,4370.0,1.07696128e+08,1.32524032e+09,14331.6,30.0,182032.0,0.0,182031.0,182031.0,1.0,0.0,0.0
2026-03-30 23:26:45,374,6.325659e+06,3.50158778e+08,1.36680631e+08,0.0,0.0,0.0,543389.0,49399.0,4372.0,1.07565056e+08,1.32524032e+09,14340.33,31.0,182132.0,0.0,182131.0,182131.0,1.0,0.0,0.0
2026-03-30 23:26:58,374,6.329139e+06,3.50343245e+08,1.36742047e+08,0.0,0.0,0.0,543682.0,49425.0,4374.0,1.07696128e+08,1.32524032e+09,14348.36,30.0,182230.0,0.0,182229.0,182229.0,1.0,0.0,0.0
2026-03-30 23:27:10,374,6.332571e+06,3.50535745e+08,1.36835567e+08,0.0,0.0,0.0,543979.0,49452.0,4377.0,1.07696128e+08,1.32524032e+09,14356.83,35.0,182329.0,0.0,182328.0,182328.0,1.0,0.0,0.0
2026-03-30 23:27:22,374,6.336207e+06,3.50736229e+08,1.36896983e+08,0.0,0.0,0.0,544281.0,49480.0,4379.0,1.07696128e+08,1.32524032e+09,14365.8,30.0,182431.0,0.0,182430.0,182430.0,1.0,0.0,0.0
2026-03-30 23:27:35,375,6.339603e+06,3.50926126e+08,1.36993211e+08,0.0,0.0,0.0,544586.0,49507.0,4382.0,1.07696128e+08,1.32524032e+09,14374.78,30.0,182533.0,0.0,182532.0,182532.0,1.0,0.0,0.0
2026-03-30 23:27:47,375,6.342889e+06,3.51118728e+08,1.37057329e+08,0.0,0.0,0.0,544878.0,49534.0,4384.0,1.07565056e+08,1.32524032e+09,14382.9,29.0,182632.0,0.0,182631.0,182631.0,1.0,0.0,0.0
2026-03-30 23:27:59,375,6.346415e+06,3.51316568e+08,1.37121479e+08,0.0,0.0,0.0,545182.0,49562.0,4386.0,1.07565056e+08,1.32524032e+09,14391.82,35.0,182733.0,0.0,182732.0,182732.0,1.0,0.0,0.0
2026-03-30 23:28:12,375,6.349953e+06,3.51503664e+08,1.37212265e+08,0.0,0.0,0.0,545477.0,49588.0,4389.0,1.07565056e+08,1.32524032e+09,14400.27,30.0,182832.0,0.0,182831.0,182831.0,1.0,0.0,0.0
2026-03-30 23:28:24,375,6.353469e+06,3.51701528e+08,1.37273713e+08,0.0,0.0,0.0,545779.0,49616.0,4391.0,1.07302912e+08,1.32524032e+09,14408.35,31.0,182934.0,0.0,182933.0,182933.0,1.0,0.0,0.0
2026-03-30 23:28:37,376,6.356816e+06,3.51883389e+08,1.37367239e+08,0.0,0.0,0.0,546071.0,49642.0,4394.0,1.07302912e+08,1.32524032e+09,14415.94,30.0,183031.0,0.0,183030.0,183030.0,1.0,0.0,0.0
2026-03-30 23:28:49,376,6.360126e+06,3.52073257e+08,1.37431357e+08,0.0,0.0,0.0,546361.0,49669.0,4396.0,1.07433984e+08,1.32524032e+09,14423.83,31.0,183129.0,0.0,183128.0,183128.0,1.0,0.0,0.0
2026-03-30 23:29:01,376,6.363567e+06,3.52265798e+08,1.37492773e+08,0.0,0.0,0.0,546656.0,49696.0,4398.0,1.07565056e+08,1.32524032e+09,14431.66,31.0,183228.0,0.0,183227.0,183227.0,1.0,0.0,0.0
2026-03-30 23:29:13,376,6.367048e+06,3.52455617e+08,1.37586293e+08,0.0,0.0,0.0,546955.0,49723.0,4401.0,1.07565056e+08,1.32524032e+09,14440.53,30.0,183327.0,0.0,183326.0,183326.0,1.0,0.0,0.0
2026-03-30 23:29:26,377,6.370524e+06,3.52653527e+08,1.37647773e+08,0.0,0.0,0.0,547261.0,49751.0,4403.0,1.07696128e+08,1.32524032e+09,14449.039999999999,29.0,183429.0,0.0,183429.0,183429.0,1.0,0.0,0.0
2026-03-30 23:29:39,377,6.37397e+06,3.52835321e+08,1.37743937e+08,0.0,0.0,0.0,547552.0,49777.0,4406.0,1.078272e+08,1.32524032e+09,14457.17,30.0,183527.0,0.0,183526.0,183526.0,1.0,0.0,0.0
2026-03-30 23:29:51,377,6.377467e+06,3.53030468e+08,1.37805353e+08,0.0,0.0,0.0,547847.0,49804.0,4408.0,1.07696128e+08,1.32524032e+09,14465.23,30.0,183626.0,0.0,183625.0,183625.0,1.0,0.0,0.0
2026-03-30 23:30:03,377,6.380896e+06,3.53222974e+08,1.37869503e+08,0.0,0.0,0.0,548143.0,49831.0,4410.0,1.07696128e+08,1.32524032e+09,14473.25,29.0,183725.0,0.0,183725.0,183725.0,1.0,0.0,0.0
2026-03-30 23:30:16,377,6.384334e+06,3.53412798e+08,1.37963023e+08,0.0,0.0,0.0,548439.0,49858.0,4413.0,1.07696128e+08,1.32524032e+09,14481.529999999999,31.0,183825.0,0.0,183824.0,183824.0,1.0,0.0,0.0
2026-03-30 23:30:28,378,6.387811e+06,3.53605339e+08,1.38024471e+08,0.0,0.0,0.0,548737.0,49885.0,4415.0,1.07696128e+08,1.32524032e+09,14490.44,30.0,183925.0,0.0,183924.0,183924.0,1.0,0.0,0.0
2026-03-30 23:30:40,378,6.391176e+06,3.53797909e+08,1.38088621e+08,0.0,0.0,0.0,549033.0,49912.0,4417.0,1.07696128e+08,1.32524032e+09,14498.84,31.0,184024.0,0.0,184023.0,184023.0,1.0,0.0,0.0
2026-03-30 23:30:52,378,6.394727e+06,3.53985052e+08,1.38184785e+08,0.0,0.0,0.0,549338.0,49939.0,4420.0,1.07696128e+08,1.32524032e+09,14507.599999999999,29.0,184125.0,0.0,184125.0,184125.0,1.0,0.0,0.0
2026-03-30 23:31:05,378,6.398229e+06,3.54185568e+08,1.38248935e+08,0.0,0.0,0.0,549637.0,49967.0,4422.0,1.07696128e+08,1.32524032e+09,14515.84,30.0,184226.0,0.0,184225.0,184225.0,1.0,0.0,0.0
2026-03-30 23:31:17,378,6.40163e+06,3.54370041e+08,1.38342423e+08,0.0,0.0,0.0,549932.0,49993.0,4425.0,1.07433984e+08,1.32524032e+09,14523.59,29.0,184324.0,0.0,184324.0,184324.0,1.0,0.0,0.0
2026-03-30 23:31:29,379,6.4051e+06,3.54559935e+08,1.38403871e+08,0.0,0.0,0.0,550230.0,50020.0,4427.0,1.07696128e+08,1.32524032e+09,14532.01,29.0,184424.0,0.0,184424.0,184424.0,1.0,0.0,0.0
2026-03-30 23:31:42,379,6.408456e+06,3.54757883e+08,1.38465287e+08,0.0,0.0,0.0,550523.0,50047.0,4429.0,1.07696128e+08,1.32524032e+09,14540.36,31.0,184523.0,0.0,184522.0,184522.0,1.0,0.0,0.0
2026-03-30 23:31:54,379,6.412001e+06,3.5495303e+08,1.38558813e+08,0.0,0.0,0.0,550828.0,50075.0,4432.0,1.078272e+08,1.32524032e+09,14549.130000000001,30.0,184625.0,0.0,184624.0,184624.0,1.0,0.0,0.0
2026-03-30 23:32:06,379,6.415711e+06,3.5514544e+08,1.38620229e+08,0.0,0.0,0.0,551133.0,50102.0,4434.0,1.07696128e+08,1.32524032e+09,14558.09,30.0,184728.0,0.0,184727.0,184727.0,1.0,0.0,0.0
2026-03-30 23:32:19,379,6.418772e+06,3.55321955e+08,1.38684379e+08,0.0,0.0,0.0,551402.0,50127.0,4436.0,1.07696128e+08,1.32524032e+09,14568.69,30.0,184818.0,0.0,184817.0,184817.0,1.0,0.0,0.0
2026-03-30 23:32:32,380,6.42262e+06,3.55527782e+08,1.38775197e+08,0.0,0.0,0.0,551727.0,50156.0,4439.0,1.07696128e+08,1.32524032e+09,14578.41,31.0,184927.0,0.0,184926.0,184926.0,1.0,0.0,0.0
2026-03-30 23:32:44,380,6.426133e+06,3.55728304e+08,1.38839315e+08,0.0,0.0,0.0,552028.0,50184.0,4441.0,1.07696128e+08,1.32524032e+09,14586.92,35.0,185028.0,0.0,185027.0,185027.0,1.0,0.0,0.0
2026-03-30 23:32:57,380,6.429652e+06,3.55915403e+08,1.38935511e+08,0.0,0.0,0.0,552325.0,50211.0,4444.0,1.07696128e+08,1.32524032e+09,14594.78,31.0,185128.0,0.0,185127.0,185127.0,1.0,0.0,0.0
2026-03-30 23:33:09,380,6.433066e+06,3.56107921e+08,1.38999629e+08,0.0,0.0,0.0,552622.0,50238.0,4446.0,1.07696128e+08,1.32524032e+09,14602.960000000001,35.0,185227.0,0.0,185226.0,185226.0,1.0,0.0,0.0
2026-03-30 23:33:22,380,6.436403e+06,3.56297818e+08,1.39090447e+08,0.0,0.0,0.0,552915.0,50265.0,4449.0,1.07696128e+08,1.32524032e+09,14610.5,31.0,185326.0,0.0,185325.0,185325.0,1.0,0.0,0.0
2026-03-30 23:33:34,381,6.439928e+06,3.56482247e+08,1.39154565e+08,0.0,0.0,0.0,553211.0,50291.0,4451.0,1.078272e+08,1.32524032e+09,14618.18,29.0,185424.0,0.0,185424.0,185424.0,1.0,0.0,0.0
2026-03-30 23:33:46,381,6.443354e+06,3.56674785e+08,1.39216013e+08,0.0,0.0,0.0,553505.0,50318.0,4453.0,1.078272e+08,1.32524032e+09,14626.29,31.0,185523.0,0.0,185522.0,185522.0,1.0,0.0,0.0
2026-03-30 23:33:58,381,6.4468e+06,3.56861963e+08,1.39314879e+08,0.0,0.0,0.0,553804.0,50345.0,4456.0,1.07958272e+08,1.32524032e+09,14634.63,30.0,185623.0,0.0,185622.0,185622.0,1.0,0.0,0.0
2026-03-30 23:34:11,381,6.450138e+06,3.57054513e+08,1.39376327e+08,0.0,0.0,0.0,554094.0,50372.0,4458.0,1.078272e+08,1.32524032e+09,14642.46,35.0,185721.0,0.0,185720.0,185720.0,1.0,0.0,0.0
2026-03-30 23:34:23,381,6.453602e+06,3.57246981e+08,1.39440477e+08,0.0,0.0,0.0,554389.0,50399.0,4460.0,1.078272e+08,1.32524032e+09,14650.07,29.0,185819.0,0.0,185819.0,185819.0,1.0,0.0,0.0
2026-03-30 23:34:35,382,6.457022e+06,3.57436893e+08,1.39533965e+08,0.0,0.0,0.0,554688.0,50426.0,4463.0,1.078272e+08,1.32524032e+09,14658.22,29.0,185920.0,0.0,185919.0,185919.0,1.0,0.0,0.0
2026-03-30 23:34:48,382,6.460372e+06,3.57621389e+08,1.39598115e+08,0.0,0.0,0.0,554978.0,50452.0,4465.0,1.078272e+08,1.32524032e+09,14666.029999999999,29.0,186016.0,0.0,186016.0,186016.0,1.0,0.0,0.0
2026-03-30 23:35:00,382,6.463838e+06,3.57811173e+08,1.39691641e+08,0.0,0.0,0.0,555273.0,50479.0,4468.0,1.078272e+08,1.32524032e+09,14673.81,29.0,186115.0,0.0,186114.0,186114.0,1.0,0.0,0.0
2026-03-30 23:35:12,382,6.467246e+06,3.57990309e+08,1.39753089e+08,0.0,0.0,0.0,555566.0,50505.0,4470.0,1.07958272e+08,1.32524032e+09,14681.03,30.0,186212.0,0.0,186211.0,186211.0,1.0,0.0,0.0
2026-03-30 23:35:24,382,6.470698e+06,3.58182853e+08,1.39814537e+08,0.0,0.0,0.0,555863.0,50532.0,4472.0,1.07958272e+08,1.32524032e+09,14689.36,29.0,186312.0,0.0,186311.0,186311.0,1.0,0.0,0.0
2026-03-30 23:35:36,383,6.474182e+06,3.58372657e+08,1.39908031e+08,0.0,0.0,0.0,556159.0,50559.0,4475.0,1.07958272e+08,1.32524032e+09,14697.64,29.0,186411.0,0.0,186410.0,186410.0,1.0,0.0,0.0
2026-03-30 23:35:49,383,6.477828e+06,3.58573086e+08,1.39969479e+08,0.0,0.0,0.0,556462.0,50587.0,4477.0,1.07696128e+08,1.32524032e+09,14706.37,30.0,186513.0,0.0,186512.0,186512.0,1.0,0.0,0.0
2026-03-30 23:36:01,383,6.48133e+06,3.58762919e+08,1.40060297e+08,0.0,0.0,0.0,556764.0,50614.0,4480.0,1.07696128e+08,1.32524032e+09,14714.21,31.0,186614.0,0.0,186613.0,186613.0,1.0,0.0,0.0
2026-03-30 23:36:14,383,6.484834e+06,3.58963467e+08,1.40124415e+08,0.0,0.0,0.0,557066.0,50642.0,4482.0,1.07696128e+08,1.32524032e+09,14722.5,29.0,186715.0,0.0,186715.0,186715.0,1.0,0.0,0.0
2026-03-30 23:36:26,384,6.48836e+06,3.59158623e+08,1.40185831e+08,0.0,0.0,0.0,557364.0,50669.0,4484.0,1.078272e+08,1.32524032e+09,14730.99,30.0,186816.0,0.0,186815.0,186815.0,1.0,0.0,0.0
2026-03-30 23:36:38,384,6.491821e+06,3.59345786e+08,1.40282059e+08,0.0,0.0,0.0,557666.0,50696.0,4487.0,1.078272e+08,1.32524032e+09,14739.33,30.0,186916.0,0.0,186915.0,186915.0,1.0,0.0,0.0
2026-03-30 23:36:51,384,6.495259e+06,3.59538321e+08,1.40346209e+08,0.0,0.0,0.0,557964.0,50723.0,4489.0,1.07696128e+08,1.32524032e+09,14747.47,30.0,187016.0,0.0,187015.0,187015.0,1.0,0.0,0.0
2026-03-30 23:37:03,384,6.498603e+06,3.59730888e+08,1.40439697e+08,0.0,0.0,0.0,558258.0,50750.0,4492.0,1.07565056e+08,1.32524032e+09,14755.15,30.0,187115.0,0.0,187114.0,187114.0,1.0,0.0,0.0
2026-03-30 23:37:15,384,6.502003e+06,3.59920788e+08,1.40503847e+08,0.0,0.0,0.0,558553.0,50777.0,4494.0,1.07565056e+08,1.32524032e+09,14763.14,30.0,187214.0,0.0,187213.0,187213.0,1.0,0.0,0.0
2026-03-30 23:37:28,385,6.505508e+06,3.60113207e+08,1.40567965e+08,0.0,0.0,0.0,558851.0,50804.0,4496.0,1.07565056e+08,1.32524032e+09,14771.810000000001,33.0,187313.0,0.0,187312.0,187312.0,1.0,0.0,0.0
2026-03-30 23:37:40,385,6.508862e+06,3.60303075e+08,1.40661485e+08,0.0,0.0,0.0,559146.0,50831.0,4499.0,1.07696128e+08,1.32524032e+09,14780.37,29.0,187412.0,0.0,187412.0,187412.0,1.0,0.0,0.0
2026-03-30 23:37:52,385,6.512291e+06,3.60495654e+08,1.40725635e+08,0.0,0.0,0.0,559447.0,50858.0,4501.0,1.07696128e+08,1.32524032e+09,14789.52,29.0,187514.0,0.0,187513.0,187513.0,1.0,0.0,0.0
2026-03-30 23:38:05,385,6.515749e+06,3.60688166e+08,1.40789753e+08,0.0,0.0,0.0,559743.0,50885.0,4503.0,1.07696128e+08,1.32524032e+09,14797.22,30.0,187613.0,0.0,187612.0,187612.0,1.0,0.0,0.0
2026-03-30 23:38:17,385,6.519063e+06,3.60880774e+08,1.40883273e+08,0.0,0.0,0.0,560040.0,50912.0,4506.0,1.07696128e+08,1.32524032e+09,14805.71,30.0,187713.0,0.0,187712.0,187712.0,1.0,0.0,0.0
2026-03-30 23:38:29,386,6.522582e+06,3.61070619e+08,1.40944721e+08,0.0,0.0,0.0,560338.0,50939.0,4508.0,1.07696128e+08,1.32524032e+09,14814.73,35.0,187812.0,0.0,187811.0,187811.0,1.0,0.0,0.0
2026-03-30 23:38:41,386,6.526007e+06,3.61263032e+08,1.41040917e+08,0.0,0.0,0.0,560627.0,50966.0,4511.0,1.07565056e+08,1.32524032e+09,14823.41,35.0,187910.0,0.0,187909.0,187909.0,1.0,0.0,0.0
2026-03-30 23:38:54,386,6.529589e+06,3.61452839e+08,1.41102333e+08,0.0,0.0,0.0,560931.0,50993.0,4513.0,1.07565056e+08,1.32524032e+09,14831.64,29.0,188012.0,0.0,188011.0,188011.0,1.0,0.0,0.0
2026-03-30 23:39:06,386,6.532992e+06,3.61645415e+08,1.41166483e+08,0.0,0.0,0.0,561231.0,51020.0,4515.0,1.07433984e+08,1.32524032e+09,14839.84,30.0,188112.0,0.0,188111.0,188111.0,1.0,0.0,0.0
2026-03-30 23:39:18,386,6.536421e+06,3.6183519e+08,1.41259971e+08,0.0,0.0,0.0,561524.0,51047.0,4518.0,1.07565056e+08,1.32524032e+09,14848.07,29.0,188211.0,0.0,188210.0,188210.0,1.0,0.0,0.0
2026-03-30 23:39:31,387,6.539851e+06,3.62027731e+08,1.41321419e+08,0.0,0.0,0.0,561817.0,51074.0,4520.0,1.07565056e+08,1.32524032e+09,14855.96,30.0,188309.0,0.0,188308.0,188308.0,1.0,0.0,0.0
2026-03-30 23:39:43,387,6.54344e+06,3.62217471e+08,1.41417583e+08,0.0,0.0,0.0,562117.0,51101.0,4523.0,1.07696128e+08,1.32524032e+09,14864.43,29.0,188410.0,0.0,188409.0,188409.0,1.0,0.0,0.0
2026-03-30 23:39:55,387,6.547032e+06,3.62407249e+08,1.41479031e+08,0.0,0.0,0.0,562417.0,51128.0,4525.0,1.07565056e+08,1.32524032e+09,14872.53,30.0,188510.0,0.0,188509.0,188509.0,1.0,0.0,0.0
2026-03-30 23:40:08,387,6.550656e+06,3.62604999e+08,1.41540447e+08,0.0,0.0,0.0,562716.0,51156.0,4527.0,1.07565056e+08,1.32524032e+09,14880.369999999999,30.0,188610.0,0.0,188609.0,188609.0,1.0,0.0,0.0
2026-03-30 23:40:20,387,6.554024e+06,3.62797607e+08,1.41633999e+08,0.0,0.0,0.0,563016.0,51183.0,4530.0,1.07433984e+08,1.32524032e+09,14888.98,30.0,188711.0,0.0,188710.0,188710.0,1.0,0.0,0.0
2026-03-30 23:40:32,388,6.557536e+06,3.62992827e+08,1.41695441e+08,0.0,0.0,0.0,563319.0,51210.0,4532.0,1.07433984e+08,1.32524032e+09,14898.02,30.0,188813.0,0.0,188812.0,188812.0,1.0,0.0,0.0
2026-03-30 23:40:45,388,6.560956e+06,3.63182663e+08,1.41794307e+08,0.0,0.0,0.0,563614.0,51237.0,4535.0,1.07565056e+08,1.32524032e+09,14906.599999999999,33.0,188912.0,0.0,188911.0,188911.0,1.0,0.0,0.0
2026-03-30 23:40:57,388,6.564527e+06,3.63372418e+08,1.41855723e+08,0.0,0.0,0.0,563911.0,51264.0,4537.0,1.07565056e+08,1.32524032e+09,14914.990000000002,30.0,189011.0,0.0,189010.0,189010.0,1.0,0.0,0.0
2026-03-30 23:41:09,388,6.567981e+06,3.63567559e+08,1.41917165e+08,0.0,0.0,0.0,564205.0,51291.0,4539.0,1.07696128e+08,1.32524032e+09,14923.32,29.0,189110.0,0.0,189110.0,189110.0,1.0,0.0,0.0
2026-03-30 23:41:22,388,6.571143e+06,3.63752186e+08,1.42013393e+08,0.0,0.0,0.0,564500.0,51318.0,4542.0,1.07696128e+08,1.32524032e+09,14931.47,30.0,189208.0,0.0,189207.0,189207.0,1.0,0.0,0.0
2026-03-30 23:41:34,389,6.574673e+06,3.63950038e+08,1.42074835e+08,0.0,0.0,0.0,564803.0,51345.0,4544.0,1.07565056e+08,1.32524032e+09,14939.65,29.0,189310.0,0.0,189310.0,189310.0,1.0,0.0,0.0
2026-03-30 23:41:47,389,6.578058e+06,3.64134505e+08,1.42168393e+08,0.0,0.0,0.0,565101.0,51372.0,4547.0,1.078272e+08,1.32524032e+09,14948.05,30.0,189409.0,0.0,189408.0,189408.0,1.0,0.0,0.0
2026-03-30 23:41:59,389,6.581525e+06,3.64324344e+08,1.42232511e+08,0.0,0.0,0.0,565395.0,51399.0,4549.0,1.078272e+08,1.32524032e+09,14956.310000000001,30.0,189508.0,0.0,189507.0,189507.0,1.0,0.0,0.0
2026-03-30 23:42:11,389,6.58491e+06,3.64519535e+08,1.42296629e+08,0.0,0.0,0.0,565691.0,51426.0,4551.0,1.078272e+08,1.32524032e+09,14965.06,31.0,189607.0,0.0,189606.0,189606.0,1.0,0.0,0.0
2026-03-30 23:42:24,389,6.588415e+06,3.64714714e+08,1.42390155e+08,0.0,0.0,0.0,565994.0,51454.0,4554.0,1.078272e+08,1.32524032e+09,14973.52,30.0,189709.0,0.0,189708.0,189708.0,1.0,0.0,0.0
2026-03-30 23:42:36,390,6.592123e+06,3.64907124e+08,1.42451571e+08,0.0,0.0,0.0,566301.0,51481.0,4556.0,1.07565056e+08,1.32524032e+09,14982.06,30.0,189812.0,0.0,189811.0,189811.0,1.0,0.0,0.0
2026-03-30 23:42:49,390,6.595631e+06,3.65104932e+08,1.42545091e+08,0.0,0.0,0.0,566600.0,51509.0,4559.0,1.07565056e+08,1.32524032e+09,14990.449999999999,30.0,189912.0,0.0,189911.0,189911.0,1.0,0.0,0.0
2026-03-30 23:43:01,390,6.599217e+06,3.65300012e+08,1.42606507e+08,0.0,0.0,0.0,566896.0,51536.0,4561.0,1.07433984e+08,1.32524032e+09,14998.970000000001,31.0,190011.0,0.0,190010.0,190010.0,1.0,0.0,0.0
2026-03-30 23:43:13,390,6.602693e+06,3.65492498e+08,1.42670625e+08,0.0,0.0,0.0,567194.0,51563.0,4563.0,1.07433984e+08,1.32524032e+09,15007.13,33.0,190111.0,0.0,190110.0,190110.0,1.0,0.0,0.0
2026-03-30 23:43:26,391,6.605931e+06,3.65677096e+08,1.42764151e+08,0.0,0.0,0.0,567486.0,51589.0,4566.0,1.07565056e+08,1.32524032e+09,15014.96,31.0,190210.0,0.0,190209.0,190209.0,1.0,0.0,0.0
2026-03-30 23:43:38,391,6.609334e+06,3.65872307e+08,1.42825593e+08,0.0,0.0,0.0,567781.0,51616.0,4568.0,1.07696128e+08,1.32524032e+09,15023.01,30.0,190309.0,0.0,190308.0,190308.0,1.0,0.0,0.0
2026-03-30 23:43:50,391,6.612705e+06,3.66059424e+08,1.42887041e+08,0.0,0.0,0.0,568068.0,51642.0,4570.0,1.07696128e+08,1.32524032e+09,15031.34,29.0,190406.0,0.0,190405.0,190405.0,1.0,0.0,0.0
2026-03-30 23:44:02,391,6.616128e+06,3.6624659e+08,1.42983269e+08,0.0,0.0,0.0,568367.0,51669.0,4573.0,1.07696128e+08,1.32524032e+09,15039.51,30.0,190505.0,0.0,190504.0,190504.0,1.0,0.0,0.0
2026-03-30 23:44:15,391,6.619539e+06,3.66436438e+08,1.43047387e+08,0.0,0.0,0.0,568661.0,51696.0,4575.0,1.07696128e+08,1.32524032e+09,15047.85,29.0,190604.0,0.0,190603.0,190603.0,1.0,0.0,0.0
2026-03-30 23:44:27,392,6.62307e+06,3.66628886e+08,1.43108835e+08,0.0,0.0,0.0,568958.0,51723.0,4577.0,1.07696128e+08,1.32524032e+09,15056.66,30.0,190704.0,0.0,190703.0,190703.0,1.0,0.0,0.0
2026-03-30 23:44:39,392,6.623903e+06,3.66671647e+08,1.43138205e+08,0.0,0.0,0.0,569028.0,51729.0,4578.0,1.07696128e+08,1.32524032e+09,15058.68,29.0,190726.0,0.0,190726.0,190726.0,1.0,0.0,0.0
2026-03-30 23:44:52,392,6.627276e+06,3.66858816e+08,1.43202291e+08,0.0,0.0,0.0,569313.0,51755.0,4580.0,1.07696128e+08,1.32524032e+09,15067.08,30.0,190822.0,0.0,190821.0,190821.0,1.0,0.0,0.0
2026-03-30 23:45:04,392,6.630663e+06,3.67051319e+08,1.43298519e+08,0.0,0.0,0.0,569612.0,51782.0,4583.0,1.078272e+08,1.32524032e+09,15075.529999999999,30.0,190923.0,0.0,190922.0,190922.0,1.0,0.0,0.0
2026-03-30 23:45:16,392,6.634255e+06,3.67249101e+08,1.43359935e+08,0.0,0.0,0.0,569910.0,51810.0,4585.0,1.07696128e+08,1.32524032e+09,15084.08,31.0,191023.0,0.0,191022.0,191022.0,1.0,0.0,0.0
2026-03-30 23:45:29,393,6.637859e+06,3.67441575e+08,1.43421383e+08,0.0,0.0,0.0,570211.0,51837.0,4587.0,1.07696128e+08,1.32524032e+09,15092.72,35.0,191124.0,0.0,191123.0,191123.0,1.0,0.0,0.0
2026-03-30 23:45:41,393,6.641381e+06,3.67636687e+08,1.43512201e+08,0.0,0.0,0.0,570508.0,51864.0,4590.0,1.07696128e+08,1.32524032e+09,15101.14,29.0,191224.0,0.0,191223.0,191223.0,1.0,0.0,0.0
2026-03-30 23:45:53,393,6.644871e+06,3.67826529e+08,1.43573649e+08,0.0,0.0,0.0,570806.0,51891.0,4592.0,1.07778048e+08,1.32524032e+09,15109.12,29.0,191323.0,0.0,191323.0,191323.0,1.0,0.0,0.0
2026-03-30 23:46:06,393,6.648371e+06,3.68016263e+08,1.43669813e+08,0.0,0.0,0.0,571099.0,51918.0,4595.0,1.07778048e+08,1.32524032e+09,15117.369999999999,35.0,191421.0,0.0,191420.0,191420.0,1.0,0.0,0.0
2026-03-30 23:46:18,393,6.651873e+06,3.68208769e+08,1.43733963e+08,0.0,0.0,0.0,571398.0,51945.0,4597.0,1.07778048e+08,1.32524032e+09,15126.029999999999,30.0,191522.0,0.0,191521.0,191521.0,1.0,0.0,0.0
2026-03-30 23:46:30,394,6.65543e+06,3.68401208e+08,1.43795379e+08,0.0,0.0,0.0,571694.0,51972.0,4599.0,1.07646976e+08,1.32524032e+09,15133.83,31.0,191622.0,0.0,191621.0,191621.0,1.0,0.0,0.0
2026-03-30 23:46:43,394,6.658902e+06,3.6859103e+08,1.43886197e+08,0.0,0.0,0.0,571991.0,51999.0,4602.0,1.07778048e+08,1.32524032e+09,15142.27,31.0,191720.0,0.0,191719.0,191719.0,1.0,0.0,0.0
2026-03-30 23:46:55,394,6.662453e+06,3.68783481e+08,1.43947645e+08,0.0,0.0,0.0,572289.0,52026.0,4604.0,1.07778048e+08,1.32524032e+09,15150.82,29.0,191820.0,0.0,191820.0,191820.0,1.0,0.0,0.0
2026-03-30 23:47:07,394,6.665723e+06,3.68978791e+08,1.44009125e+08,0.0,0.0,0.0,572583.0,52053.0,4606.0,1.07778048e+08,1.32524032e+09,15159.32,30.0,191920.0,0.0,191919.0,191919.0,1.0,0.0,0.0
2026-03-30 23:47:20,394,6.669176e+06,3.69168616e+08,1.44102645e+08,0.0,0.0,0.0,572882.0,52080.0,4609.0,1.07778048e+08,1.32524032e+09,15167.72,29.0,192019.0,0.0,192019.0,192019.0,1.0,0.0,0.0
2026-03-30 23:47:32,395,6.672602e+06,3.69361093e+08,1.44166763e+08,0.0,0.0,0.0,573177.0,52107.0,4611.0,1.07778048e+08,1.32524032e+09,15176.619999999999,35.0,192118.0,0.0,192117.0,192117.0,1.0,0.0,0.0
2026-03-30 23:47:44,395,6.676092e+06,3.69542881e+08,1.44262927e+08,0.0,0.0,0.0,573474.0,52133.0,4614.0,1.07646976e+08,1.32524032e+09,15184.66,29.0,192218.0,0.0,192217.0,192217.0,1.0,0.0,0.0
2026-03-30 23:47:57,395,6.679475e+06,3.69738098e+08,1.44324343e+08,0.0,0.0,0.0,573762.0,52160.0,4616.0,1.07778048e+08,1.32524032e+09,15192.789999999999,31.0,192315.0,0.0,192314.0,192314.0,1.0,0.0,0.0
2026-03-30 23:48:09,395,6.682961e+06,3.69927896e+08,1.44388493e+08,0.0,0.0,0.0,574060.0,52187.0,4618.0,1.07778048e+08,1.32524032e+09,15201.550000000001,30.0,192415.0,0.0,192414.0,192414.0,1.0,0.0,0.0
2026-03-30 23:48:21,395,6.686398e+06,3.70123127e+08,1.44479279e+08,0.0,0.0,0.0,574359.0,52214.0,4621.0,1.07778048e+08,1.32524032e+09,15210.12,30.0,192515.0,0.0,192514.0,192514.0,1.0,0.0,0.0
2026-03-30 23:48:34,396,6.689754e+06,3.70315697e+08,1.44540727e+08,0.0,0.0,0.0,574652.0,52241.0,4623.0,1.07778048e+08,1.32524032e+09,15218.62,31.0,192614.0,0.0,192613.0,192613.0,1.0,0.0,0.0
2026-03-30 23:48:46,396,6.693174e+06,3.70502863e+08,1.44602175e+08,0.0,0.0,0.0,574944.0,52267.0,4625.0,1.07778048e+08,1.32524032e+09,15226.67,31.0,192712.0,0.0,192711.0,192711.0,1.0,0.0,0.0
2026-03-30 23:48:58,396,6.696636e+06,3.70698077e+08,1.44698339e+08,0.0,0.0,0.0,575246.0,52295.0,4628.0,1.0790912e+08,1.32524032e+09,15234.89,29.0,192813.0,0.0,192812.0,192812.0,1.0,0.0,0.0
2026-03-30 23:49:11,396,6.700027e+06,3.7088524e+08,1.44762457e+08,0.0,0.0,0.0,575536.0,52321.0,4630.0,1.0790912e+08,1.32524032e+09,15242.6,29.0,192911.0,0.0,192910.0,192910.0,1.0,0.0,0.0
2026-03-30 23:49:23,396,6.703639e+06,3.710803e+08,1.44826575e+08,0.0,0.0,0.0,575834.0,52348.0,4632.0,1.07778048e+08,1.32524032e+09,15250.880000000001,31.0,193011.0,0.0,193010.0,193010.0,1.0,0.0,0.0
2026-03-30 23:49:35,397,6.707094e+06,3.71267446e+08,1.44920101e+08,0.0,0.0,0.0,576135.0,52375.0,4635.0,1.07646976e+08,1.32524032e+09,15259.029999999999,30.0,193110.0,0.0,193109.0,193109.0,1.0,0.0,0.0
2026-03-30 23:49:48,397,6.710458e+06,3.71462721e+08,1.44981543e+08,0.0,0.0,0.0,576430.0,52402.0,4637.0,1.07646976e+08,1.32524032e+09,15267.380000000001,30.0,193210.0,0.0,193209.0,193209.0,1.0,0.0,0.0
2026-03-30 23:50:00,397,6.713808e+06,3.71657909e+08,1.45072393e+08,0.0,0.0,0.0,576719.0,52429.0,4640.0,1.07646976e+08,1.32524032e+09,15275.35,29.0,193308.0,0.0,193307.0,193307.0,1.0,0.0,0.0
2026-03-30 23:50:12,397,6.717217e+06,3.71850482e+08,1.45136511e+08,0.0,0.0,0.0,577018.0,52456.0,4642.0,1.07646976e+08,1.32524032e+09,15284.039999999999,29.0,193408.0,0.0,193407.0,193407.0,1.0,0.0,0.0
2026-03-30 23:50:24,397,6.720695e+06,3.72040266e+08,1.45200629e+08,0.0,0.0,0.0,577313.0,52483.0,4644.0,1.07778048e+08,1.32524032e+09,15292.34,30.0,193506.0,0.0,193505.0,193505.0,1.0,0.0,0.0
2026-03-30 23:50:37,398,6.724183e+06,3.72232758e+08,1.45294155e+08,0.0,0.0,0.0,577614.0,52510.0,4647.0,1.0790912e+08,1.32524032e+09,15300.36,29.0,193607.0,0.0,193607.0,193607.0,1.0,0.0,0.0
2026-03-30 23:50:49,398,6.72758e+06,3.72422629e+08,1.45358273e+08,0.0,0.0,0.0,577907.0,52537.0,4649.0,1.0790912e+08,1.32524032e+09,15308.0,29.0,193706.0,0.0,193705.0,193705.0,1.0,0.0,0.0
2026-03-30 23:51:01,398,6.730996e+06,3.72609801e+08,1.45419721e+08,0.0,0.0,0.0,578203.0,52563.0,4651.0,1.07778048e+08,1.32524032e+09,15316.35,30.0,193805.0,0.0,193804.0,193804.0,1.0,0.0,0.0
2026-03-30 23:51:14,398,6.734419e+06,3.72799564e+08,1.45513241e+08,0.0,0.0,0.0,578494.0,52590.0,4654.0,1.07778048e+08,1.32524032e+09,15324.300000000001,30.0,193903.0,0.0,193902.0,193902.0,1.0,0.0,0.0
2026-03-30 23:51:26,399,6.737971e+06,3.72994729e+08,1.45577359e+08,0.0,0.0,0.0,578795.0,52617.0,4656.0,1.07646976e+08,1.32524032e+09,15332.74,30.0,194004.0,0.0,194003.0,194003.0,1.0,0.0,0.0
2026-03-30 23:51:38,399,6.741431e+06,3.73192642e+08,1.45641509e+08,0.0,0.0,0.0,579100.0,52645.0,4658.0,1.07646976e+08,1.32524032e+09,15341.89,35.0,194106.0,0.0,194105.0,194105.0,1.0,0.0,0.0
2026-03-30 23:51:51,399,6.744909e+06,3.733824e+08,1.45734997e+08,0.0,0.0,0.0,579394.0,52672.0,4661.0,1.07778048e+08,1.32524032e+09,15350.09,31.0,194205.0,0.0,194204.0,194204.0,1.0,0.0,0.0
2026-03-30 23:52:03,399,6.748212e+06,3.73561559e+08,1.45799153e+08,0.0,0.0,0.0,579683.0,52698.0,4663.0,1.07778048e+08,1.32524032e+09,15357.890000000001,29.0,194300.0,0.0,194300.0,194300.0,1.0,0.0,0.0
2026-03-30 23:52:15,399,6.751647e+06,3.73754091e+08,1.45892673e+08,0.0,0.0,0.0,579980.0,52725.0,4666.0,1.0790912e+08,1.32524032e+09,15365.74,31.0,194400.0,0.0,194399.0,194399.0,1.0,0.0,0.0
2026-03-30 23:52:27,400,6.755037e+06,3.73946586e+08,1.45956791e+08,0.0,0.0,0.0,580273.0,52752.0,4668.0,1.0790912e+08,1.32524032e+09,15373.88,30.0,194498.0,0.0,194497.0,194497.0,1.0,0.0,0.0
2026-03-30 23:52:39,400,6.758594e+06,3.74139069e+08,1.46018239e+08,0.0,0.0,0.0,580574.0,52779.0,4670.0,1.0790912e+08,1.32524032e+09,15382.900000000001,30.0,194599.0,0.0,194598.0,194598.0,1.0,0.0,0.0
2026-03-30 23:52:52,400,6.761884e+06,3.74323571e+08,1.46114467e+08,0.0,0.0,0.0,580865.0,52805.0,4673.0,1.07778048e+08,1.32524032e+09,15391.33,29.0,194697.0,0.0,194696.0,194696.0,1.0,0.0,0.0
2026-03-30 23:53:04,400,6.765349e+06,3.74513349e+08,1.46175883e+08,0.0,0.0,0.0,581156.0,52832.0,4675.0,1.07778048e+08,1.32524032e+09,15398.87,35.0,194794.0,0.0,194793.0,194793.0,1.0,0.0,0.0
2026-03-30 23:53:16,400,6.76876e+06,3.74697746e+08,1.46240033e+08,0.0,0.0,0.0,581442.0,52858.0,4677.0,1.07778048e+08,1.32524032e+09,15406.33,31.0,194891.0,0.0,194890.0,194890.0,1.0,0.0,0.0
2026-03-30 23:53:28,401,6.772314e+06,3.74892867e+08,1.46333521e+08,0.0,0.0,0.0,581738.0,52885.0,4680.0,1.07778048e+08,1.32524032e+09,15414.8,30.0,194990.0,0.0,194989.0,194989.0,1.0,0.0,0.0
2026-03-30 23:53:40,401,6.775718e+06,3.75082677e+08,1.46394969e+08,0.0,0.0,0.0,582033.0,52912.0,4682.0,1.07778048e+08,1.32524032e+09,15422.6,31.0,195088.0,0.0,195087.0,195087.0,1.0,0.0,0.0
2026-03-30 23:53:53,401,6.779213e+06,3.75267095e+08,1.46456417e+08,0.0,0.0,0.0,582328.0,52938.0,4684.0,1.0790912e+08,1.32524032e+09,15431.08,30.0,195187.0,0.0,195186.0,195186.0,1.0,0.0,0.0
2026-03-30 23:54:05,401,6.7826e+06,3.75462303e+08,1.46552613e+08,0.0,0.0,0.0,582626.0,52966.0,4687.0,1.0790912e+08,1.32524032e+09,15439.58,35.0,195287.0,0.0,195286.0,195286.0,1.0,0.0,0.0
2026-03-30 23:54:17,401,6.786233e+06,3.75657412e+08,1.46614029e+08,0.0,0.0,0.0,582926.0,52993.0,4689.0,1.07515904e+08,1.32524032e+09,15447.619999999999,30.0,195388.0,0.0,195387.0,195387.0,1.0,0.0,0.0
2026-03-30 23:54:30,402,6.789677e+06,3.75844494e+08,1.46675477e+08,0.0,0.0,0.0,583216.0,53019.0,4691.0,1.07646976e+08,1.32524032e+09,15455.55,29.0,195485.0,0.0,195485.0,195485.0,1.0,0.0,0.0
2026-03-30 23:54:42,402,6.793096e+06,3.76034403e+08,1.46766295e+08,0.0,0.0,0.0,583516.0,53046.0,4694.0,1.07646976e+08,1.32524032e+09,15464.529999999999,30.0,195586.0,0.0,195585.0,195585.0,1.0,0.0,0.0
2026-03-30 23:54:54,402,6.796436e+06,3.76226973e+08,1.46827743e+08,0.0,0.0,0.0,583809.0,53073.0,4696.0,1.07778048e+08,1.32524032e+09,15472.33,29.0,195685.0,0.0,195684.0,195684.0,1.0,0.0,0.0
2026-03-30 23:55:07,402,6.799968e+06,3.76422091e+08,1.46926609e+08,0.0,0.0,0.0,584111.0,53101.0,4699.0,1.07778048e+08,1.32524032e+09,15481.01,30.0,195786.0,0.0,195785.0,195785.0,1.0,0.0,0.0
2026-03-30 23:55:19,402,6.80339e+06,3.76614629e+08,1.46988057e+08,0.0,0.0,0.0,584409.0,53128.0,4701.0,1.0790912e+08,1.32524032e+09,15489.08,33.0,195885.0,0.0,195884.0,195884.0,1.0,0.0,0.0
2026-03-30 23:55:31,403,6.806883e+06,3.7680443e+08,1.47078875e+08,0.0,0.0,0.0,584705.0,53155.0,4704.0,1.0790912e+08,1.32524032e+09,15497.17,31.0,195984.0,0.0,195983.0,195983.0,1.0,0.0,0.0
2026-03-30 23:55:44,403,6.810506e+06,3.77007651e+08,1.47140291e+08,0.0,0.0,0.0,585014.0,53183.0,4706.0,1.07778048e+08,1.32524032e+09,15506.03,29.0,196088.0,0.0,196088.0,196088.0,1.0,0.0,0.0
2026-03-30 23:55:56,403,6.813874e+06,3.77200323e+08,1.47201739e+08,0.0,0.0,0.0,585314.0,53210.0,4708.0,1.07778048e+08,1.32524032e+09,15514.66,29.0,196190.0,0.0,196189.0,196189.0,1.0,0.0,0.0
2026-03-30 23:56:09,403,6.817272e+06,3.77387547e+08,1.47300637e+08,0.0,0.0,0.0,585617.0,53237.0,4711.0,1.07778048e+08,1.32524032e+09,15523.25,31.0,196291.0,0.0,196290.0,196290.0,1.0,0.0,0.0
2026-03-30 23:56:21,403,6.82064e+06,3.77580091e+08,1.47364755e+08,0.0,0.0,0.0,585911.0,53264.0,4713.0,1.07646976e+08,1.32524032e+09,15531.77,29.0,196389.0,0.0,196389.0,196389.0,1.0,0.0,0.0
2026-03-30 23:56:33,404,6.824072e+06,3.77769991e+08,1.47455573e+08,0.0,0.0,0.0,586210.0,53291.0,4716.0,1.07778048e+08,1.32524032e+09,15540.349999999999,29.0,196489.0,0.0,196489.0,196489.0,1.0,0.0,0.0
2026-03-30 23:56:46,404,6.827555e+06,3.77970542e+08,1.47519723e+08,0.0,0.0,0.0,586510.0,53319.0,4718.0,1.07778048e+08,1.32524032e+09,15548.4,31.0,196591.0,0.0,196590.0,196590.0,1.0,0.0,0.0
2026-03-30 23:56:58,404,6.831054e+06,3.78163013e+08,1.47583841e+08,0.0,0.0,0.0,586807.0,53346.0,4720.0,1.07778048e+08,1.32524032e+09,15557.23,33.0,196690.0,0.0,196689.0,196689.0,1.0,0.0,0.0
2026-03-30 23:57:11,404,6.834504e+06,3.78350185e+08,1.47680037e+08,0.0,0.0,0.0,587108.0,53373.0,4723.0,1.07778048e+08,1.32524032e+09,15565.73,30.0,196791.0,0.0,196790.0,196790.0,1.0,0.0,0.0
2026-03-30 23:57:23,404,6.838074e+06,3.7854263e+08,1.47741485e+08,0.0,0.0,0.0,587408.0,53400.0,4725.0,1.07778048e+08,1.32524032e+09,15574.359999999999,30.0,196892.0,0.0,196891.0,196891.0,1.0,0.0,0.0
2026-03-30 23:57:35,405,6.841512e+06,3.78737847e+08,1.47834973e+08,0.0,0.0,0.0,587707.0,53427.0,4728.0,1.07646976e+08,1.32524032e+09,15582.59,29.0,196991.0,0.0,196991.0,196991.0,1.0,0.0,0.0
2026-03-30 23:57:48,405,6.844836e+06,3.78925077e+08,1.47899129e+08,0.0,0.0,0.0,588001.0,53454.0,4730.0,1.07646976e+08,1.32524032e+09,15590.800000000001,35.0,197090.0,0.0,197089.0,197089.0,1.0,0.0,0.0
2026-03-30 23:58:00,405,6.848244e+06,3.79114919e+08,1.47963247e+08,0.0,0.0,0.0,588296.0,53481.0,4732.0,1.07646976e+08,1.32524032e+09,15598.26,31.0,197190.0,0.0,197189.0,197189.0,1.0,0.0,0.0
2026-03-30 23:58:12,405,6.851612e+06,3.79307495e+08,1.48054097e+08,0.0,0.0,0.0,588592.0,53508.0,4735.0,1.07646976e+08,1.32524032e+09,15606.230000000001,31.0,197289.0,0.0,197288.0,197288.0,1.0,0.0,0.0
2026-03-30 23:58:24,405,6.855024e+06,3.79500033e+08,1.48118215e+08,0.0,0.0,0.0,588887.0,53535.0,4737.0,1.07778048e+08,1.32524032e+09,15614.460000000001,30.0,197388.0,0.0,197387.0,197387.0,1.0,0.0,0.0
2026-03-30 23:58:37,406,6.858418e+06,3.79684532e+08,1.48182333e+08,0.0,0.0,0.0,589179.0,53561.0,4739.0,1.0790912e+08,1.32524032e+09,15622.61,30.0,197486.0,0.0,197485.0,197485.0,1.0,0.0,0.0
2026-03-30 23:58:49,406,6.86185e+06,3.79871695e+08,1.48278529e+08,0.0,0.0,0.0,589477.0,53588.0,4742.0,1.07778048e+08,1.32524032e+09,15631.4,35.0,197585.0,0.0,197584.0,197584.0,1.0,0.0,0.0
2026-03-30 23:59:01,406,6.865344e+06,3.80064172e+08,1.48339945e+08,0.0,0.0,0.0,589769.0,53615.0,4744.0,1.07778048e+08,1.32524032e+09,15639.07,29.0,197684.0,0.0,197683.0,197683.0,1.0,0.0,0.0
2026-03-30 23:59:13,406,6.868616e+06,3.80254168e+08,1.48433465e+08,0.0,0.0,0.0,590067.0,53642.0,4747.0,1.0790912e+08,1.32524032e+09,15647.52,33.0,197784.0,0.0,197783.0,197783.0,1.0,0.0,0.0
2026-03-30 23:59:26,407,6.872223e+06,3.80454649e+08,1.48497583e+08,0.0,0.0,0.0,590370.0,53670.0,4749.0,1.0790912e+08,1.32524032e+09,15656.31,30.0,197885.0,0.0,197884.0,197884.0,1.0,0.0,0.0
2026-03-30 23:59:38,407,6.875675e+06,3.80649849e+08,1.48561701e+08,0.0,0.0,0.0,590668.0,53697.0,4751.0,1.0790912e+08,1.32524032e+09,15665.23,30.0,197985.0,0.0,197984.0,197984.0,1.0,0.0,0.0
2026-03-30 23:59:50,407,6.878993e+06,3.80829069e+08,1.48655227e+08,0.0,0.0,0.0,590961.0,53723.0,4754.0,1.08040192e+08,1.32524032e+09,15674.009999999998,30.0,198083.0,0.0,198082.0,198082.0,1.0,0.0,0.0
2026-03-31 00:00:03,407,6.882454e+06,3.8102161e+08,1.48719345e+08,0.0,0.0,0.0,591257.0,53750.0,4756.0,1.08040192e+08,1.32524032e+09,15682.11,30.0,198183.0,0.0,198182.0,198182.0,1.0,0.0,0.0
2026-03-31 00:00:15,407,6.885808e+06,3.81214116e+08,1.48810163e+08,0.0,0.0,0.0,591547.0,53777.0,4759.0,1.0790912e+08,1.32524032e+09,15690.369999999999,29.0,198281.0,0.0,198280.0,198280.0,1.0,0.0,0.0
2026-03-31 00:00:27,408,6.889234e+06,3.81398574e+08,1.48874281e+08,0.0,0.0,0.0,591841.0,53803.0,4761.0,1.07778048e+08,1.32524032e+09,15698.61,30.0,198379.0,0.0,198378.0,198378.0,1.0,0.0,0.0
2026-03-31 00:00:39,408,6.892664e+06,3.8159108e+08,1.48935697e+08,0.0,0.0,0.0,592131.0,53830.0,4763.0,1.07778048e+08,1.32524032e+09,15706.470000000001,30.0,198476.0,0.0,198475.0,198475.0,1.0,0.0,0.0
2026-03-31 00:00:51,408,6.896114e+06,3.81783554e+08,1.49031893e+08,0.0,0.0,0.0,592427.0,53857.0,4766.0,1.07778048e+08,1.32524032e+09,15715.400000000001,30.0,198576.0,0.0,198575.0,198575.0,1.0,0.0,0.0
2026-03-31 00:01:04,408,6.89961e+06,3.8197339e+08,1.49096043e+08,0.0,0.0,0.0,592728.0,53884.0,4768.0,1.07778048e+08,1.32524032e+09,15724.05,31.0,198677.0,0.0,198676.0,198676.0,1.0,0.0,0.0
2026-03-31 00:01:16,408,6.903046e+06,3.82171242e+08,1.49157459e+08,0.0,0.0,0.0,593022.0,53911.0,4770.0,1.07778048e+08,1.32524032e+09,15731.55,35.0,198775.0,0.0,198774.0,198774.0,1.0,0.0,0.0
2026-03-31 00:01:28,409,6.906466e+06,3.82363786e+08,1.49216231e+08,0.0,0.0,0.0,593318.0,53938.0,4772.0,1.07646976e+08,1.32524032e+09,15739.710000000001,29.0,198874.0,0.0,198874.0,198874.0,1.0,0.0,0.0
2026-03-31 00:01:41,409,6.909898e+06,3.82553616e+08,1.49315097e+08,0.0,0.0,0.0,593616.0,53965.0,4775.0,1.07646976e+08,1.32524032e+09,15748.650000000001,30.0,198975.0,0.0,198974.0,198974.0,1.0,0.0,0.0
2026-03-31 00:01:53,409,6.913364e+06,3.82748836e+08,1.49379215e+08,0.0,0.0,0.0,593914.0,53992.0,4777.0,1.07646976e+08,1.32524032e+09,15757.150000000001,31.0,199075.0,0.0,199074.0,199074.0,1.0,0.0,0.0
2026-03-31 00:02:05,409,6.916803e+06,3.82935973e+08,1.49472741e+08,0.0,0.0,0.0,594213.0,54019.0,4780.0,1.07646976e+08,1.32524032e+09,15765.359999999999,35.0,199174.0,0.0,199173.0,199173.0,1.0,0.0,0.0
2026-03-31 00:02:17,409,6.920243e+06,3.83125847e+08,1.49536859e+08,0.0,0.0,0.0,594511.0,54046.0,4782.0,1.07646976e+08,1.32524032e+09,15773.96,31.0,199274.0,0.0,199273.0,199273.0,1.0,0.0,0.0
2026-03-31 00:02:30,410,6.923745e+06,3.83318321e+08,1.49598275e+08,0.0,0.0,0.0,594805.0,54073.0,4784.0,1.07646976e+08,1.32524032e+09,15782.550000000001,31.0,199374.0,0.0,199373.0,199373.0,1.0,0.0,0.0
2026-03-31 00:02:42,410,6.927072e+06,3.83510958e+08,1.49691795e+08,0.0,0.0,0.0,595102.0,54100.0,4787.0,1.07515904e+08,1.32524032e+09,15790.849999999999,30.0,199473.0,0.0,199472.0,199472.0,1.0,0.0,0.0
2026-03-31 00:02:54,410,6.930504e+06,3.83698104e+08,1.49755913e+08,0.0,0.0,0.0,595397.0,54126.0,4789.0,1.07646976e+08,1.32524032e+09,15798.8,31.0,199572.0,0.0,199571.0,199571.0,1.0,0.0,0.0
2026-03-31 00:03:07,410,6.933985e+06,3.83895997e+08,1.49817361e+08,0.0,0.0,0.0,595694.0,54154.0,4791.0,1.07778048e+08,1.32524032e+09,15807.12,30.0,199671.0,0.0,199670.0,199670.0,1.0,0.0,0.0
2026-03-31 00:03:19,410,6.93734e+06,3.8408857e+08,1.49910849e+08,0.0,0.0,0.0,595991.0,54181.0,4794.0,1.0790912e+08,1.32524032e+09,15815.609999999999,31.0,199772.0,0.0,199771.0,199771.0,1.0,0.0,0.0
2026-03-31 00:03:31,411,6.940725e+06,3.84273101e+08,1.49972297e+08,0.0,0.0,0.0,596288.0,54207.0,4796.0,1.0790912e+08,1.32524032e+09,15823.53,30.0,199871.0,0.0,199870.0,199870.0,1.0,0.0,0.0
2026-03-31 00:03:44,411,6.944249e+06,3.84476319e+08,1.50065756e+08,0.0,0.0,0.0,596589.0,54235.0,4799.0,1.08040192e+08,1.32524032e+09,15831.66,29.0,199973.0,0.0,199972.0,199972.0,1.0,0.0,0.0
2026-03-31 00:03:56,411,6.947704e+06,3.8466884e+08,1.50129906e+08,0.0,0.0,0.0,596888.0,54262.0,4801.0,1.0790912e+08,1.32524032e+09,15840.539999999999,30.0,200073.0,0.0,200072.0,200072.0,1.0,0.0,0.0
2026-03-31 00:04:08,411,6.951185e+06,3.84858653e+08,1.50194062e+08,0.0,0.0,0.0,597187.0,54289.0,4803.0,1.0790912e+08,1.32524032e+09,15849.14,30.0,200173.0,0.0,200172.0,200172.0,1.0,0.0,0.0
2026-03-31 00:04:21,411,6.954612e+06,3.85051168e+08,1.5028488e+08,0.0,0.0,0.0,597484.0,54316.0,4806.0,1.08040192e+08,1.32524032e+09,15857.65,29.0,200273.0,0.0,200272.0,200272.0,1.0,0.0,0.0
2026-03-31 00:04:33,412,6.958077e+06,3.85240902e+08,1.50346328e+08,0.0,0.0,0.0,597775.0,54343.0,4808.0,1.08040192e+08,1.32524032e+09,15865.57,31.0,200370.0,0.0,200369.0,200369.0,1.0,0.0,0.0
2026-03-31 00:04:45,412,6.961524e+06,3.85430689e+08,1.50442556e+08,0.0,0.0,0.0,598072.0,54370.0,4811.0,1.0790912e+08,1.32524032e+09,15873.88,29.0,200470.0,0.0,200469.0,200469.0,1.0,0.0,0.0
2026-03-31 00:04:58,412,6.964927e+06,3.85615208e+08,1.50506706e+08,0.0,0.0,0.0,598367.0,54396.0,4813.0,1.07778048e+08,1.32524032e+09,15882.119999999999,30.0,200569.0,0.0,200568.0,200568.0,1.0,0.0,0.0
2026-03-31 00:05:10,412,6.968243e+06,3.8581048e+08,1.50570856e+08,0.0,0.0,0.0,598663.0,54423.0,4815.0,1.07778048e+08,1.32524032e+09,15890.22,29.0,200668.0,0.0,200668.0,200668.0,1.0,0.0,0.0
2026-03-31 00:05:22,412,6.971572e+06,3.86000389e+08,1.50664382e+08,0.0,0.0,0.0,598958.0,54450.0,4818.0,1.07778048e+08,1.32524032e+09,15898.619999999999,30.0,200767.0,0.0,200766.0,200766.0,1.0,0.0,0.0
2026-03-31 00:05:35,413,6.975007e+06,3.86192924e+08,1.50728532e+08,0.0,0.0,0.0,599255.0,54477.0,4820.0,1.0790912e+08,1.32524032e+09,15907.279999999999,31.0,200868.0,0.0,200867.0,200867.0,1.0,0.0,0.0
2026-03-31 00:05:47,413,6.97858e+06,3.86385363e+08,1.50789948e+08,0.0,0.0,0.0,599551.0,54504.0,4822.0,1.07778048e+08,1.32524032e+09,15915.17,30.0,200967.0,0.0,200966.0,200966.0,1.0,0.0,0.0
2026-03-31 00:05:59,413,6.982007e+06,3.86585946e+08,1.50880798e+08,0.0,0.0,0.0,599854.0,54532.0,4825.0,1.07778048e+08,1.32524032e+09,15923.130000000001,29.0,201068.0,0.0,201068.0,201068.0,1.0,0.0,0.0
2026-03-31 00:06:12,413,6.985497e+06,3.8677034e+08,1.50944916e+08,0.0,0.0,0.0,600146.0,54558.0,4827.0,1.07778048e+08,1.32524032e+09,15930.93,30.0,201167.0,0.0,201166.0,201166.0,1.0,0.0,0.0
2026-03-31 00:06:24,413,6.989034e+06,3.86962811e+08,1.51038378e+08,0.0,0.0,0.0,600445.0,54585.0,4830.0,1.0790912e+08,1.32524032e+09,15939.6,30.0,201267.0,0.0,201266.0,201266.0,1.0,0.0,0.0
2026-03-31 00:06:36,414,6.992492e+06,3.87157993e+08,1.51102528e+08,0.0,0.0,0.0,600743.0,54613.0,4832.0,1.07778048e+08,1.32524032e+09,15948.359999999999,35.0,201366.0,0.0,201365.0,201365.0,1.0,0.0,0.0
2026-03-31 00:06:49,414,6.996139e+06,3.87347754e+08,1.51163976e+08,0.0,0.0,0.0,601046.0,54640.0,4834.0,1.07646976e+08,1.32524032e+09,15956.33,30.0,201468.0,0.0,201467.0,201467.0,1.0,0.0,0.0
2026-03-31 00:07:01,414,6.999447e+06,3.8754035e+08,1.51257496e+08,0.0,0.0,0.0,601341.0,54667.0,4837.0,1.07778048e+08,1.32524032e+09,15964.89,29.0,201567.0,0.0,201566.0,201566.0,1.0,0.0,0.0
2026-03-31 00:07:13,414,7.00278e+06,3.87724904e+08,1.51321646e+08,0.0,0.0,0.0,601634.0,54693.0,4839.0,1.07778048e+08,1.32524032e+09,15973.24,30.0,201665.0,0.0,201664.0,201664.0,1.0,0.0,0.0
2026-03-31 00:07:25,415,7.006189e+06,3.87917407e+08,1.51385764e+08,0.0,0.0,0.0,601927.0,54720.0,4841.0,1.07778048e+08,1.32524032e+09,15981.95,35.0,201763.0,0.0,201762.0,201762.0,1.0,0.0,0.0
2026-03-31 00:07:38,415,7.009544e+06,3.88115355e+08,1.5147929e+08,0.0,0.0,0.0,602229.0,54748.0,4844.0,1.07646976e+08,1.32524032e+09,15991.29,29.0,201865.0,0.0,201864.0,201864.0,1.0,0.0,0.0
2026-03-31 00:07:50,415,7.013026e+06,3.88305185e+08,1.51540738e+08,0.0,0.0,0.0,602527.0,54775.0,4846.0,1.07646976e+08,1.32524032e+09,16000.33,29.0,201965.0,0.0,201964.0,201964.0,1.0,0.0,0.0
2026-03-31 00:08:02,415,7.016543e+06,3.88500294e+08,1.51631524e+08,0.0,0.0,0.0,602823.0,54802.0,4849.0,1.07646976e+08,1.32524032e+09,16009.04,29.0,202064.0,0.0,202063.0,202063.0,1.0,0.0,0.0
2026-03-31 00:08:14,415,7.019932e+06,3.88692861e+08,1.51693004e+08,0.0,0.0,0.0,603120.0,54829.0,4851.0,1.07515904e+08,1.32524032e+09,16017.150000000001,29.0,202163.0,0.0,202163.0,202163.0,1.0,0.0,0.0
2026-03-31 00:08:27,416,7.023514e+06,3.88885335e+08,1.51757122e+08,0.0,0.0,0.0,603421.0,54856.0,4853.0,1.07515904e+08,1.32524032e+09,16025.8,31.0,202265.0,0.0,202264.0,202264.0,1.0,0.0,0.0
2026-03-31 00:08:39,416,7.026913e+06,3.89075151e+08,1.51853318e+08,0.0,0.0,0.0,603717.0,54883.0,4856.0,1.07646976e+08,1.32524032e+09,16034.14,30.0,202364.0,0.0,202363.0,202363.0,1.0,0.0,0.0
2026-03-31 00:08:51,416,7.030336e+06,3.8926766e+08,1.51914766e+08,0.0,0.0,0.0,604011.0,54910.0,4858.0,1.07646976e+08,1.32524032e+09,16042.71,29.0,202462.0,0.0,202462.0,202462.0,1.0,0.0,0.0
2026-03-31 00:09:03,416,7.033808e+06,3.89462816e+08,1.52008254e+08,0.0,0.0,0.0,604307.0,54937.0,4861.0,1.07646976e+08,1.32524032e+09,16051.02,30.0,202562.0,0.0,202561.0,202561.0,1.0,0.0,0.0
2026-03-31 00:09:16,416,7.037295e+06,3.89652623e+08,1.52069702e+08,0.0,0.0,0.0,604607.0,54964.0,4863.0,1.07515904e+08,1.32524032e+09,16059.32,31.0,202663.0,0.0,202662.0,202662.0,1.0,0.0,0.0
2026-03-31 00:09:28,417,7.040841e+06,3.89845027e+08,1.5213115e+08,0.0,0.0,0.0,604902.0,54991.0,4865.0,1.07515904e+08,1.32524032e+09,16067.96,29.0,202762.0,0.0,202761.0,202761.0,1.0,0.0,0.0
2026-03-31 00:09:40,417,7.044262e+06,3.900376e+08,1.52224644e+08,0.0,0.0,0.0,605203.0,55018.0,4868.0,1.07646976e+08,1.32524032e+09,16076.59,30.0,202862.0,0.0,202861.0,202861.0,1.0,0.0,0.0
2026-03-31 00:09:53,417,7.047711e+06,3.90230109e+08,1.52286092e+08,0.0,0.0,0.0,605496.0,55045.0,4870.0,1.07515904e+08,1.32524032e+09,16085.11,29.0,202960.0,0.0,202960.0,202960.0,1.0,0.0,0.0
2026-03-31 00:10:05,417,7.051107e+06,3.90425323e+08,1.52347534e+08,0.0,0.0,0.0,605792.0,55072.0,4872.0,1.07515904e+08,1.32524032e+09,16093.88,30.0,203061.0,0.0,203060.0,203060.0,1.0,0.0,0.0
2026-03-31 00:10:17,417,7.054506e+06,3.90620584e+08,1.52438384e+08,0.0,0.0,0.0,606093.0,55099.0,4875.0,1.07515904e+08,1.32524032e+09,16102.16,29.0,203161.0,0.0,203161.0,203161.0,1.0,0.0,0.0
2026-03-31 00:10:29,418,7.057916e+06,3.90810452e+08,1.52502502e+08,0.0,0.0,0.0,606388.0,55126.0,4877.0,1.07778048e+08,1.32524032e+09,16110.619999999999,30.0,203261.0,0.0,203260.0,203260.0,1.0,0.0,0.0
2026-03-31 00:10:42,418,7.061335e+06,3.91002932e+08,1.526014e+08,0.0,0.0,0.0,606685.0,55153.0,4880.0,1.07778048e+08,1.32524032e+09,16119.32,31.0,203361.0,0.0,203360.0,203360.0,1.0,0.0,0.0
2026-03-31 00:10:54,418,7.064976e+06,3.91198097e+08,1.52662848e+08,0.0,0.0,0.0,606995.0,55181.0,4882.0,1.0790912e+08,1.32524032e+09,16127.800000000001,30.0,203464.0,0.0,203463.0,203463.0,1.0,0.0,0.0
2026-03-31 00:11:07,418,7.068448e+06,3.91382468e+08,1.52724296e+08,0.0,0.0,0.0,607288.0,55207.0,4884.0,1.0790912e+08,1.32524032e+09,16136.099999999999,30.0,203562.0,0.0,203561.0,203561.0,1.0,0.0,0.0
2026-03-31 00:11:19,418,7.07161e+06,3.91575096e+08,1.52817848e+08,0.0,0.0,0.0,607578.0,55234.0,4887.0,1.0790912e+08,1.32524032e+09,16144.369999999999,30.0,203660.0,0.0,203659.0,203659.0,1.0,0.0,0.0
2026-03-31 00:11:32,419,7.075064e+06,3.91759522e+08,1.52881966e+08,0.0,0.0,0.0,607871.0,55260.0,4889.0,1.07646976e+08,1.32524032e+09,16151.84,30.0,203758.0,0.0,203757.0,203757.0,1.0,0.0,0.0
2026-03-31 00:11:44,419,7.078575e+06,3.91954652e+08,1.52946084e+08,0.0,0.0,0.0,608165.0,55287.0,4891.0,1.07646976e+08,1.32524032e+09,16159.58,29.0,203856.0,0.0,203856.0,203856.0,1.0,0.0,0.0
2026-03-31 00:11:56,419,7.081963e+06,3.92149907e+08,1.5303961e+08,0.0,0.0,0.0,608466.0,55315.0,4894.0,1.07646976e+08,1.32524032e+09,16167.47,33.0,203957.0,0.0,203956.0,203956.0,1.0,0.0,0.0
2026-03-31 00:12:08,419,7.085267e+06,3.92337169e+08,1.53101058e+08,0.0,0.0,0.0,608757.0,55341.0,4896.0,1.07646976e+08,1.32524032e+09,16175.64,35.0,204056.0,0.0,204055.0,204055.0,1.0,0.0,0.0
2026-03-31 00:12:21,419,7.088875e+06,3.92532281e+08,1.53191844e+08,0.0,0.0,0.0,609059.0,55368.0,4899.0,1.07646976e+08,1.32524032e+09,16183.869999999999,30.0,204156.0,0.0,204155.0,204155.0,1.0,0.0,0.0
2026-03-31 00:12:33,420,7.09233e+06,3.92722082e+08,1.53253292e+08,0.0,0.0,0.0,609351.0,55395.0,4901.0,1.07778048e+08,1.32524032e+09,16191.96,29.0,204255.0,0.0,204254.0,204254.0,1.0,0.0,0.0
2026-03-31 00:12:46,420,7.095799e+06,3.92914559e+08,1.5331741e+08,0.0,0.0,0.0,609648.0,55422.0,4903.0,1.07778048e+08,1.32524032e+09,16200.5,31.0,204354.0,0.0,204353.0,204353.0,1.0,0.0,0.0
2026-03-31 00:12:58,420,7.099231e+06,3.93109875e+08,1.53413606e+08,0.0,0.0,0.0,609953.0,55450.0,4906.0,1.07646976e+08,1.32524032e+09,16209.88,30.0,204457.0,0.0,204456.0,204456.0,1.0,0.0,0.0
2026-03-31 00:13:11,420,7.102721e+06,3.93302419e+08,1.53477724e+08,0.0,0.0,0.0,610253.0,55477.0,4908.0,1.07646976e+08,1.32524032e+09,16218.18,29.0,204558.0,0.0,204557.0,204557.0,1.0,0.0,0.0
2026-03-31 00:13:23,420,7.106197e+06,3.93500259e+08,1.53571244e+08,0.0,0.0,0.0,610555.0,55505.0,4911.0,1.07646976e+08,1.32524032e+09,16227.359999999999,35.0,204658.0,0.0,204657.0,204657.0,1.0,0.0,0.0
2026-03-31 00:13:35,421,7.109664e+06,3.93692806e+08,1.53635362e+08,0.0,0.0,0.0,610853.0,55532.0,4913.0,1.07646976e+08,1.32524032e+09,16235.78,31.0,204759.0,0.0,204758.0,204758.0,1.0,0.0,0.0
2026-03-31 00:13:48,421,7.113115e+06,3.93888011e+08,1.53696778e+08,0.0,0.0,0.0,611149.0,55559.0,4915.0,1.07778048e+08,1.32524032e+09,16243.960000000001,35.0,204858.0,0.0,204857.0,204857.0,1.0,0.0,0.0
2026-03-31 00:14:00,421,7.116468e+06,3.9407527e+08,1.5379291e+08,0.0,0.0,0.0,611445.0,55585.0,4918.0,1.07778048e+08,1.32524032e+09,16252.48,30.0,204958.0,0.0,204957.0,204957.0,1.0,0.0,0.0
2026-03-31 00:14:12,421,7.119931e+06,3.94265065e+08,1.5385706e+08,0.0,0.0,0.0,611739.0,55612.0,4920.0,1.07778048e+08,1.32524032e+09,16260.720000000001,29.0,205056.0,0.0,205056.0,205056.0,1.0,0.0,0.0
2026-03-31 00:14:24,421,7.123326e+06,3.94454916e+08,1.53921178e+08,0.0,0.0,0.0,612034.0,55639.0,4922.0,1.0790912e+08,1.32524032e+09,16268.39,30.0,205156.0,0.0,205155.0,205155.0,1.0,0.0,0.0
2026-03-31 00:14:37,422,7.126852e+06,3.94647335e+08,1.54011996e+08,0.0,0.0,0.0,612330.0,55666.0,4925.0,1.07778048e+08,1.32524032e+09,16277.2,31.0,205255.0,0.0,205254.0,205254.0,1.0,0.0,0.0
2026-03-31 00:14:49,422,7.127764e+06,3.94698173e+08,1.54011996e+08,0.0,0.0,0.0,612407.0,55673.0,4925.0,1.07778048e+08,1.32524032e+09,16279.41,29.0,205280.0,0.0,205280.0,205280.0,1.0,0.0,0.0
2026-03-31 00:15:01,422,7.130926e+06,3.94866547e+08,1.5410549e+08,0.0,0.0,0.0,612677.0,55697.0,4928.0,1.07778048e+08,1.32524032e+09,16286.72,29.0,205370.0,0.0,205370.0,205370.0,1.0,0.0,0.0
2026-03-31 00:15:13,422,7.134358e+06,3.95056377e+08,1.5416964e+08,0.0,0.0,0.0,612971.0,55724.0,4930.0,1.0790912e+08,1.32524032e+09,16294.630000000001,29.0,205469.0,0.0,205469.0,205469.0,1.0,0.0,0.0
2026-03-31 00:15:26,423,7.13772e+06,3.95248944e+08,1.5423379e+08,0.0,0.0,0.0,613265.0,55751.0,4932.0,1.0790912e+08,1.32524032e+09,16302.99,30.0,205569.0,0.0,205568.0,205568.0,1.0,0.0,0.0
2026-03-31 00:15:38,423,7.141336e+06,3.95441383e+08,1.54324576e+08,0.0,0.0,0.0,613568.0,55778.0,4935.0,1.0790912e+08,1.32524032e+09,16311.67,30.0,205670.0,0.0,205669.0,205669.0,1.0,0.0,0.0
2026-03-31 00:15:50,423,7.144648e+06,3.95633965e+08,1.54386056e+08,0.0,0.0,0.0,613858.0,55805.0,4937.0,1.07716608e+08,1.32524032e+09,16319.570000000002,29.0,205767.0,0.0,205767.0,205767.0,1.0,0.0,0.0
2026-03-31 00:16:03,423,7.148034e+06,3.95829147e+08,1.5444753e+08,0.0,0.0,0.0,614155.0,55832.0,4939.0,1.0784768e+08,1.32524032e+09,16327.99,30.0,205868.0,0.0,205867.0,205867.0,1.0,0.0,0.0
2026-03-31 00:16:15,423,7.151512e+06,3.96018957e+08,1.54543694e+08,0.0,0.0,0.0,614451.0,55859.0,4942.0,1.0784768e+08,1.32524032e+09,16335.73,31.0,205967.0,0.0,205966.0,205966.0,1.0,0.0,0.0
2026-03-31 00:16:28,424,7.155029e+06,3.96211428e+08,1.54607844e+08,0.0,0.0,0.0,614751.0,55886.0,4944.0,1.0784768e+08,1.32524032e+09,16344.49,29.0,206067.0,0.0,206067.0,206067.0,1.0,0.0,0.0
2026-03-31 00:16:40,424,7.158627e+06,3.96403832e+08,1.54698662e+08,0.0,0.0,0.0,615048.0,55913.0,4947.0,1.0784768e+08,1.32524032e+09,16352.560000000001,30.0,206167.0,0.0,206166.0,206166.0,1.0,0.0,0.0
2026-03-31 00:16:52,424,7.162099e+06,3.96593616e+08,1.5476278e+08,0.0,0.0,0.0,615343.0,55940.0,4949.0,1.0784768e+08,1.32524032e+09,16360.6,30.0,206266.0,0.0,206265.0,206265.0,1.0,0.0,0.0
2026-03-31 00:17:05,424,7.165514e+06,3.96786125e+08,1.54824228e+08,0.0,0.0,0.0,615637.0,55967.0,4951.0,1.07716608e+08,1.32524032e+09,16369.080000000002,31.0,206364.0,0.0,206363.0,206363.0,1.0,0.0,0.0
2026-03-31 00:17:17,424,7.168847e+06,3.9697873e+08,1.54920392e+08,0.0,0.0,0.0,615934.0,55994.0,4954.0,1.07716608e+08,1.32524032e+09,16377.63,30.0,206464.0,0.0,206463.0,206463.0,1.0,0.0,0.0
2026-03-31 00:17:29,425,7.172308e+06,3.97168563e+08,1.5498184e+08,0.0,0.0,0.0,616231.0,56021.0,4956.0,1.07716608e+08,1.32524032e+09,16386.3,30.0,206564.0,0.0,206563.0,206563.0,1.0,0.0,0.0
2026-03-31 00:17:41,425,7.175737e+06,3.9736111e+08,1.55043256e+08,0.0,0.0,0.0,616525.0,56047.0,4958.0,1.07454464e+08,1.32524032e+09,16394.34,31.0,206663.0,0.0,206662.0,206662.0,1.0,0.0,0.0
2026-03-31 00:17:54,425,7.17929e+06,3.97561617e+08,1.55134042e+08,0.0,0.0,0.0,616825.0,56075.0,4961.0,1.07716608e+08,1.32524032e+09,16403.22,30.0,206763.0,0.0,206762.0,206762.0,1.0,0.0,0.0
2026-03-31 00:18:06,425,7.182728e+06,3.97746113e+08,1.5519549e+08,0.0,0.0,0.0,617121.0,56101.0,4963.0,1.07585536e+08,1.32524032e+09,16411.52,29.0,206863.0,0.0,206862.0,206862.0,1.0,0.0,0.0
2026-03-31 00:18:18,425,7.186074e+06,3.97946763e+08,1.5525964e+08,0.0,0.0,0.0,617420.0,56129.0,4965.0,1.07585536e+08,1.32524032e+09,16419.79,30.0,206964.0,0.0,206963.0,206963.0,1.0,0.0,0.0
2026-03-31 00:18:31,426,7.189459e+06,3.98136672e+08,1.55353128e+08,0.0,0.0,0.0,617718.0,56156.0,4968.0,1.07585536e+08,1.32524032e+09,16428.46,31.0,207063.0,0.0,207062.0,207062.0,1.0,0.0,0.0
2026-03-31 00:18:43,426,7.192955e+06,3.98329172e+08,1.55414576e+08,0.0,0.0,0.0,618014.0,56183.0,4970.0,1.07585536e+08,1.32524032e+09,16437.07,33.0,207163.0,0.0,207162.0,207162.0,1.0,0.0,0.0
2026-03-31 00:18:55,426,7.196333e+06,3.98510998e+08,1.5551074e+08,0.0,0.0,0.0,618310.0,56209.0,4973.0,1.07585536e+08,1.32524032e+09,16445.3,29.0,207261.0,0.0,207261.0,207261.0,1.0,0.0,0.0
2026-03-31 00:19:08,426,7.199644e+06,3.98703603e+08,1.5557489e+08,0.0,0.0,0.0,618604.0,56236.0,4975.0,1.07454464e+08,1.32524032e+09,16453.52,31.0,207361.0,0.0,207360.0,207360.0,1.0,0.0,0.0
2026-03-31 00:19:20,426,7.203119e+06,3.98904148e+08,1.55636306e+08,0.0,0.0,0.0,618904.0,56264.0,4977.0,1.07585536e+08,1.32524032e+09,16462.31,30.0,207461.0,0.0,207460.0,207460.0,1.0,0.0,0.0
2026-03-31 00:19:32,427,7.206526e+06,3.99088673e+08,1.55727124e+08,0.0,0.0,0.0,619201.0,56290.0,4980.0,1.07716608e+08,1.32524032e+09,16471.55,29.0,207561.0,0.0,207560.0,207560.0,1.0,0.0,0.0
2026-03-31 00:19:44,427,7.210072e+06,3.99286455e+08,1.55791242e+08,0.0,0.0,0.0,619498.0,56318.0,4982.0,1.07716608e+08,1.32524032e+09,16480.01,30.0,207661.0,0.0,207660.0,207660.0,1.0,0.0,0.0
2026-03-31 00:19:57,427,7.213495e+06,3.99476326e+08,1.55887438e+08,0.0,0.0,0.0,619796.0,56345.0,4985.0,1.0784768e+08,1.32524032e+09,16488.129999999997,30.0,207761.0,0.0,207760.0,207760.0,1.0,0.0,0.0
2026-03-31 00:20:09,427,7.216947e+06,3.99660828e+08,1.55951556e+08,0.0,0.0,0.0,620090.0,56371.0,4987.0,1.0784768e+08,1.32524032e+09,16496.62,30.0,207859.0,0.0,207858.0,207858.0,1.0,0.0,0.0
2026-03-31 00:20:21,427,7.220411e+06,3.99864052e+08,1.56010328e+08,0.0,0.0,0.0,620389.0,56399.0,4989.0,1.07716608e+08,1.32524032e+09,16505.64,29.0,207959.0,0.0,207959.0,207959.0,1.0,0.0,0.0
2026-03-31 00:20:34,428,7.223812e+06,4.00053891e+08,1.56109226e+08,0.0,0.0,0.0,620687.0,56426.0,4992.0,1.07585536e+08,1.32524032e+09,16514.92,31.0,208059.0,0.0,208058.0,208058.0,1.0,0.0,0.0
2026-03-31 00:20:46,428,7.227376e+06,4.00243637e+08,1.56173344e+08,0.0,0.0,0.0,620985.0,56453.0,4994.0,1.07585536e+08,1.32524032e+09,16522.78,29.0,208159.0,0.0,208159.0,208159.0,1.0,0.0,0.0
2026-03-31 00:20:58,428,7.230879e+06,4.00436158e+08,1.56234792e+08,0.0,0.0,0.0,621285.0,56480.0,4996.0,1.07585536e+08,1.32524032e+09,16531.54,30.0,208260.0,0.0,208259.0,208259.0,1.0,0.0,0.0
2026-03-31 00:21:11,428,7.234414e+06,4.00628565e+08,1.5632828e+08,0.0,0.0,0.0,621579.0,56507.0,4999.0,1.07454464e+08,1.32524032e+09,16540.8,30.0,208359.0,0.0,208358.0,208358.0,1.0,0.0,0.0
2026-03-31 00:21:23,428,7.238022e+06,4.00823651e+08,1.56389696e+08,0.0,0.0,0.0,621878.0,56534.0,5001.0,1.07585536e+08,1.32524032e+09,16548.73,31.0,208459.0,0.0,208458.0,208458.0,1.0,0.0,0.0
2026-03-31 00:21:36,429,7.24141e+06,4.01008147e+08,1.56451176e+08,0.0,0.0,0.0,622171.0,56560.0,5003.0,1.07585536e+08,1.32524032e+09,16556.760000000002,30.0,208557.0,0.0,208556.0,208556.0,1.0,0.0,0.0
2026-03-31 00:21:48,429,7.24484e+06,4.01203364e+08,1.56550042e+08,0.0,0.0,0.0,622470.0,56588.0,5006.0,1.07585536e+08,1.32524032e+09,16565.53,30.0,208658.0,0.0,208657.0,208657.0,1.0,0.0,0.0
2026-03-31 00:22:00,429,7.248319e+06,4.01395864e+08,1.56611458e+08,0.0,0.0,0.0,622766.0,56615.0,5008.0,1.07585536e+08,1.32524032e+09,16574.44,31.0,208757.0,0.0,208756.0,208756.0,1.0,0.0,0.0
2026-03-31 00:22:13,429,7.251748e+06,4.01583059e+08,1.56704984e+08,0.0,0.0,0.0,623065.0,56642.0,5011.0,1.07585536e+08,1.32524032e+09,16583.15,30.0,208857.0,0.0,208856.0,208856.0,1.0,0.0,0.0
2026-03-31 00:22:25,430,7.255153e+06,4.01775612e+08,1.56769102e+08,0.0,0.0,0.0,623359.0,56669.0,5013.0,1.07716608e+08,1.32524032e+09,16591.32,29.0,208955.0,0.0,208955.0,208955.0,1.0,0.0,0.0
2026-03-31 00:22:37,430,7.258564e+06,4.01962781e+08,1.56833252e+08,0.0,0.0,0.0,623656.0,56695.0,5015.0,1.07716608e+08,1.32524032e+09,16600.66,30.0,209055.0,0.0,209054.0,209054.0,1.0,0.0,0.0
2026-03-31 00:22:50,430,7.262019e+06,4.02160656e+08,1.56926772e+08,0.0,0.0,0.0,623956.0,56723.0,5018.0,1.07978752e+08,1.32524032e+09,16610.11,30.0,209156.0,0.0,209155.0,209155.0,1.0,0.0,0.0
2026-03-31 00:23:02,430,7.265487e+06,4.0235313e+08,1.5699089e+08,0.0,0.0,0.0,624254.0,56750.0,5020.0,1.07978752e+08,1.32524032e+09,16619.0,30.0,209257.0,0.0,209256.0,209256.0,1.0,0.0,0.0
2026-03-31 00:23:15,430,7.268904e+06,4.02542969e+08,1.57052338e+08,0.0,0.0,0.0,624547.0,56777.0,5022.0,1.07978752e+08,1.32524032e+09,16626.83,35.0,209355.0,0.0,209354.0,209354.0,1.0,0.0,0.0
2026-03-31 00:23:27,431,7.27228e+06,4.02724781e+08,1.57148534e+08,0.0,0.0,0.0,624841.0,56803.0,5025.0,1.07892736e+08,1.32524032e+09,16634.91,33.0,209453.0,0.0,209452.0,209452.0,1.0,0.0,0.0
2026-03-31 00:23:39,431,7.275904e+06,4.02914521e+08,1.57209982e+08,0.0,0.0,0.0,625139.0,56830.0,5027.0,1.07761664e+08,1.32524032e+09,16643.02,29.0,209552.0,0.0,209552.0,209552.0,1.0,0.0,0.0
2026-03-31 00:23:51,431,7.279382e+06,4.03106931e+08,1.5730347e+08,0.0,0.0,0.0,625434.0,56857.0,5030.0,1.07761664e+08,1.32524032e+09,16651.22,35.0,209651.0,0.0,209650.0,209650.0,1.0,0.0,0.0
2026-03-31 00:24:04,431,7.282697e+06,4.0329951e+08,1.5736495e+08,0.0,0.0,0.0,625725.0,56884.0,5032.0,1.07630592e+08,1.32524032e+09,16659.39,29.0,209750.0,0.0,209749.0,209749.0,1.0,0.0,0.0
2026-03-31 00:24:16,431,7.286289e+06,4.03489244e+08,1.57461114e+08,0.0,0.0,0.0,626021.0,56911.0,5035.0,1.07761664e+08,1.32524032e+09,16667.72,30.0,209849.0,0.0,209848.0,209848.0,1.0,0.0,0.0
2026-03-31 00:24:28,432,7.289796e+06,4.03679095e+08,1.5752253e+08,0.0,0.0,0.0,626320.0,56938.0,5037.0,1.07761664e+08,1.32524032e+09,16676.35,30.0,209949.0,0.0,209948.0,209948.0,1.0,0.0,0.0
2026-03-31 00:24:41,432,7.29324e+06,4.03868899e+08,1.5758668e+08,0.0,0.0,0.0,626617.0,56965.0,5039.0,1.07630592e+08,1.32524032e+09,16684.64,31.0,210049.0,0.0,210048.0,210048.0,1.0,0.0,0.0
2026-03-31 00:24:53,432,7.296637e+06,4.0406144e+08,1.57677466e+08,0.0,0.0,0.0,626909.0,56991.0,5042.0,1.07630592e+08,1.32524032e+09,16692.4,30.0,210146.0,0.0,210145.0,210145.0,1.0,0.0,0.0
2026-03-31 00:25:05,432,7.300082e+06,4.04251311e+08,1.57738914e+08,0.0,0.0,0.0,627208.0,57018.0,5044.0,1.07757568e+08,1.32524032e+09,16701.2,30.0,210246.0,0.0,210245.0,210245.0,1.0,0.0,0.0
2026-03-31 00:25:17,432,7.303439e+06,4.04443884e+08,1.57800394e+08,0.0,0.0,0.0,627504.0,57045.0,5046.0,1.0788864e+08,1.32524032e+09,16709.67,30.0,210346.0,0.0,210345.0,210345.0,1.0,0.0,0.0
2026-03-31 00:25:30,433,7.306702e+06,4.04633819e+08,1.57899298e+08,0.0,0.0,0.0,627803.0,57073.0,5049.0,1.07757568e+08,1.32524032e+09,16717.629999999997,31.0,210446.0,0.0,210445.0,210445.0,1.0,0.0,0.0
2026-03-31 00:25:42,433,7.310103e+06,4.04820962e+08,1.57960746e+08,0.0,0.0,0.0,628094.0,57099.0,5051.0,1.07626496e+08,1.32524032e+09,16725.190000000002,30.0,210544.0,0.0,210543.0,210543.0,1.0,0.0,0.0
2026-03-31 00:25:54,433,7.313596e+06,4.05013401e+08,1.58054266e+08,0.0,0.0,0.0,628387.0,57126.0,5054.0,1.07757568e+08,1.32524032e+09,16733.239999999998,30.0,210642.0,0.0,210641.0,210641.0,1.0,0.0,0.0
2026-03-31 00:26:06,433,7.317178e+06,4.05211247e+08,1.58115714e+08,0.0,0.0,0.0,628695.0,57154.0,5056.0,1.07757568e+08,1.32524032e+09,16741.49,30.0,210745.0,0.0,210744.0,210744.0,1.0,0.0,0.0
2026-03-31 00:26:19,433,7.320552e+06,4.05403829e+08,1.58179864e+08,0.0,0.0,0.0,628994.0,57181.0,5058.0,1.07757568e+08,1.32524032e+09,16749.94,35.0,210845.0,0.0,210844.0,210844.0,1.0,0.0,0.0
2026-03-31 00:26:32,434,7.324097e+06,4.05590899e+08,1.58276028e+08,0.0,0.0,0.0,629293.0,57208.0,5061.0,1.0788864e+08,1.32524032e+09,16758.15,30.0,210945.0,0.0,210944.0,210944.0,1.0,0.0,0.0
2026-03-31 00:26:44,434,7.327552e+06,4.05783414e+08,1.58340178e+08,0.0,0.0,0.0,629591.0,57235.0,5063.0,1.08019712e+08,1.32524032e+09,16766.12,35.0,211045.0,0.0,211044.0,211044.0,1.0,0.0,0.0
2026-03-31 00:26:56,434,7.330972e+06,4.05975888e+08,1.58433698e+08,0.0,0.0,0.0,629882.0,57262.0,5066.0,1.0788864e+08,1.32524032e+09,16773.95,35.0,211143.0,0.0,211142.0,211142.0,1.0,0.0,0.0
2026-03-31 00:27:09,434,7.334656e+06,4.06168298e+08,1.58495114e+08,0.0,0.0,0.0,630188.0,57289.0,5068.0,1.0788864e+08,1.32524032e+09,16782.329999999998,29.0,211245.0,0.0,211245.0,211245.0,1.0,0.0,0.0
2026-03-31 00:27:21,434,7.338128e+06,4.06360798e+08,1.58556562e+08,0.0,0.0,0.0,630486.0,57316.0,5070.0,1.0788864e+08,1.32524032e+09,16790.51,35.0,211345.0,0.0,211344.0,211344.0,1.0,0.0,0.0
2026-03-31 00:27:34,435,7.34144e+06,4.06550736e+08,1.58652726e+08,0.0,0.0,0.0,630781.0,57343.0,5073.0,1.08019712e+08,1.32524032e+09,16798.77,35.0,211444.0,0.0,211443.0,211443.0,1.0,0.0,0.0
2026-03-31 00:27:46,435,7.344927e+06,4.06740543e+08,1.58716844e+08,0.0,0.0,0.0,631075.0,57370.0,5075.0,1.0788864e+08,1.32524032e+09,16806.52,29.0,211543.0,0.0,211543.0,211543.0,1.0,0.0,0.0
2026-03-31 00:27:58,435,7.348321e+06,4.06933055e+08,1.58807662e+08,0.0,0.0,0.0,631367.0,57397.0,5078.0,1.0788864e+08,1.32524032e+09,16814.7,29.0,211641.0,0.0,211641.0,211641.0,1.0,0.0,0.0
2026-03-31 00:28:10,435,7.351715e+06,4.07117615e+08,1.5886911e+08,0.0,0.0,0.0,631664.0,57423.0,5080.0,1.07757568e+08,1.32524032e+09,16822.29,30.0,211740.0,0.0,211739.0,211739.0,1.0,0.0,0.0
2026-03-31 00:28:23,435,7.355164e+06,4.07307422e+08,1.58933228e+08,0.0,0.0,0.0,631955.0,57450.0,5082.0,1.07757568e+08,1.32524032e+09,16829.9,31.0,211839.0,0.0,211838.0,211838.0,1.0,0.0,0.0
2026-03-31 00:28:35,436,7.35858e+06,4.0749996e+08,1.59032126e+08,0.0,0.0,0.0,632256.0,57477.0,5085.0,1.07626496e+08,1.32524032e+09,16838.17,30.0,211939.0,0.0,211938.0,211938.0,1.0,0.0,0.0
2026-03-31 00:28:47,436,7.362021e+06,4.07692463e+08,1.59096244e+08,0.0,0.0,0.0,632551.0,57504.0,5087.0,1.07757568e+08,1.32524032e+09,16846.37,29.0,212039.0,0.0,212038.0,212038.0,1.0,0.0,0.0
2026-03-31 00:28:59,436,7.365504e+06,4.07884969e+08,1.5915766e+08,0.0,0.0,0.0,632847.0,57531.0,5089.0,1.0788864e+08,1.32524032e+09,16854.54,30.0,212138.0,0.0,212137.0,212137.0,1.0,0.0,0.0
2026-03-31 00:29:12,436,7.36898e+06,4.08082844e+08,1.5925118e+08,0.0,0.0,0.0,633149.0,57559.0,5092.0,1.0788864e+08,1.32524032e+09,16863.71,30.0,212239.0,0.0,212238.0,212238.0,1.0,0.0,0.0
2026-03-31 00:29:24,436,7.372387e+06,4.08272727e+08,1.59312628e+08,0.0,0.0,0.0,633446.0,57585.0,5094.0,1.0788864e+08,1.32524032e+09,16872.100000000002,30.0,212339.0,0.0,212338.0,212338.0,1.0,0.0,0.0
2026-03-31 00:29:37,437,7.375842e+06,4.08473284e+08,1.59374076e+08,0.0,0.0,0.0,633744.0,57613.0,5096.0,1.0788864e+08,1.32524032e+09,16880.63,35.0,212439.0,0.0,212438.0,212438.0,1.0,0.0,0.0
2026-03-31 00:29:49,437,7.379326e+06,4.08663158e+08,1.5946757e+08,0.0,0.0,0.0,634044.0,57640.0,5099.0,1.08019712e+08,1.32524032e+09,16889.37,34.0,212540.0,0.0,212539.0,212539.0,1.0,0.0,0.0
2026-03-31 00:30:01,437,7.382839e+06,4.08855577e+08,1.59529018e+08,0.0,0.0,0.0,634338.0,57667.0,5101.0,1.07757568e+08,1.32524032e+09,16897.579999999998,29.0,212639.0,0.0,212638.0,212638.0,1.0,0.0,0.0
2026-03-31 00:30:14,437,7.386188e+06,4.09045474e+08,1.5962257e+08,0.0,0.0,0.0,634634.0,57694.0,5104.0,1.07757568e+08,1.32524032e+09,16906.09,29.0,212737.0,0.0,212737.0,212737.0,1.0,0.0,0.0
2026-03-31 00:30:26,438,7.389652e+06,4.09238018e+08,1.59686688e+08,0.0,0.0,0.0,634934.0,57721.0,5106.0,1.07626496e+08,1.32524032e+09,16913.989999999998,29.0,212838.0,0.0,212838.0,212838.0,1.0,0.0,0.0
2026-03-31 00:30:38,438,7.393056e+06,4.09422468e+08,1.59748136e+08,0.0,0.0,0.0,635228.0,57747.0,5108.0,1.07495424e+08,1.32524032e+09,16921.64,30.0,212937.0,0.0,212936.0,212936.0,1.0,0.0,0.0
2026-03-31 00:30:51,438,7.3965e+06,4.09609588e+08,1.59841662e+08,0.0,0.0,0.0,635525.0,57774.0,5111.0,1.07495424e+08,1.32524032e+09,16929.829999999998,29.0,213035.0,0.0,213035.0,213035.0,1.0,0.0,0.0
2026-03-31 00:31:03,438,7.399952e+06,4.09802097e+08,1.5990311e+08,0.0,0.0,0.0,635817.0,57801.0,5113.0,1.07757568e+08,1.32524032e+09,16937.75,30.0,213134.0,0.0,213133.0,213133.0,1.0,0.0,0.0
2026-03-31 00:31:15,438,7.403373e+06,4.09994577e+08,1.59999274e+08,0.0,0.0,0.0,636110.0,57828.0,5116.0,1.07757568e+08,1.32524032e+09,16945.86,29.0,213233.0,0.0,213232.0,213232.0,1.0,0.0,0.0
2026-03-31 00:31:28,439,7.406869e+06,4.10184393e+08,1.60060722e+08,0.0,0.0,0.0,636409.0,57855.0,5118.0,1.0788864e+08,1.32524032e+09,16954.03,31.0,213332.0,0.0,213331.0,213331.0,1.0,0.0,0.0
2026-03-31 00:31:40,439,7.410345e+06,4.10374229e+08,1.6012484e+08,0.0,0.0,0.0,636711.0,57882.0,5120.0,1.0788864e+08,1.32524032e+09,16962.2,29.0,213433.0,0.0,213433.0,213433.0,1.0,0.0,0.0
2026-03-31 00:31:52,439,7.413813e+06,4.10566697e+08,1.60215658e+08,0.0,0.0,0.0,637003.0,57909.0,5123.0,1.07757568e+08,1.32524032e+09,16970.05,29.0,213531.0,0.0,213531.0,213531.0,1.0,0.0,0.0
2026-03-31 00:32:05,439,7.417277e+06,4.10759203e+08,1.60279776e+08,0.0,0.0,0.0,637300.0,57936.0,5125.0,1.07757568e+08,1.32524032e+09,16978.21,31.0,213631.0,0.0,213630.0,213630.0,1.0,0.0,0.0
2026-03-31 00:32:17,439,7.420737e+06,4.10951738e+08,1.6037327e+08,0.0,0.0,0.0,637600.0,57963.0,5128.0,1.0788864e+08,1.32524032e+09,16986.56,31.0,213732.0,0.0,213731.0,213731.0,1.0,0.0,0.0
2026-03-31 00:32:29,440,7.424224e+06,4.11146926e+08,1.60434718e+08,0.0,0.0,0.0,637901.0,57991.0,5130.0,1.07757568e+08,1.32524032e+09,16995.379999999997,31.0,213833.0,0.0,213832.0,213832.0,1.0,0.0,0.0
2026-03-31 00:32:42,440,7.427765e+06,4.11334057e+08,1.60496134e+08,0.0,0.0,0.0,638198.0,58017.0,5132.0,1.0788864e+08,1.32524032e+09,17003.6,35.0,213932.0,0.0,213931.0,213931.0,1.0,0.0,0.0
2026-03-31 00:32:54,440,7.431156e+06,4.11526624e+08,1.60586952e+08,0.0,0.0,0.0,638491.0,58044.0,5135.0,1.0788864e+08,1.32524032e+09,17011.73,30.0,214031.0,0.0,214030.0,214030.0,1.0,0.0,0.0
2026-03-31 00:33:06,440,7.434454e+06,4.11719258e+08,1.6065107e+08,0.0,0.0,0.0,638784.0,58071.0,5137.0,1.07757568e+08,1.32524032e+09,17019.98,29.0,214130.0,0.0,214129.0,214129.0,1.0,0.0,0.0
2026-03-31 00:33:18,440,7.437866e+06,4.11911758e+08,1.6074459e+08,0.0,0.0,0.0,639078.0,58098.0,5140.0,1.07626496e+08,1.32524032e+09,17028.44,30.0,214228.0,0.0,214227.0,214227.0,1.0,0.0,0.0
2026-03-31 00:33:31,441,7.441424e+06,4.12104218e+08,1.60808708e+08,0.0,0.0,0.0,639380.0,58125.0,5142.0,1.07626496e+08,1.32524032e+09,17037.01,33.0,214330.0,0.0,214329.0,214329.0,1.0,0.0,0.0
2026-03-31 00:33:43,441,7.444953e+06,4.12296628e+08,1.60870124e+08,0.0,0.0,0.0,639673.0,58152.0,5144.0,1.07757568e+08,1.32524032e+09,17045.28,30.0,214428.0,0.0,214427.0,214427.0,1.0,0.0,0.0
2026-03-31 00:33:56,441,7.448386e+06,4.1248647e+08,1.60963644e+08,0.0,0.0,0.0,639972.0,58179.0,5147.0,1.0788864e+08,1.32524032e+09,17053.24,31.0,214527.0,0.0,214526.0,214526.0,1.0,0.0,0.0
2026-03-31 00:34:08,441,7.45176e+06,4.12673741e+08,1.610278e+08,0.0,0.0,0.0,640276.0,58206.0,5149.0,1.0788864e+08,1.32524032e+09,17061.62,29.0,214629.0,0.0,214628.0,214628.0,1.0,0.0,0.0
2026-03-31 00:34:20,441,7.455317e+06,4.1286618e+08,1.61118618e+08,0.0,0.0,0.0,640572.0,58233.0,5152.0,1.0788864e+08,1.32524032e+09,17069.93,29.0,214728.0,0.0,214727.0,214727.0,1.0,0.0,0.0
2026-03-31 00:34:33,442,7.458728e+06,4.13055949e+08,1.61182736e+08,0.0,0.0,0.0,640862.0,58260.0,5154.0,1.0788864e+08,1.32524032e+09,17078.4,29.0,214825.0,0.0,214825.0,214825.0,1.0,0.0,0.0
2026-03-31 00:34:45,442,7.462179e+06,4.13248426e+08,1.61244184e+08,0.0,0.0,0.0,641158.0,58287.0,5156.0,1.0788864e+08,1.32524032e+09,17086.61,29.0,214925.0,0.0,214924.0,214924.0,1.0,0.0,0.0
2026-03-31 00:34:57,442,7.465681e+06,4.13435592e+08,1.61340412e+08,0.0,0.0,0.0,641460.0,58314.0,5159.0,1.07757568e+08,1.32524032e+09,17095.2,30.0,215026.0,0.0,215025.0,215025.0,1.0,0.0,0.0
2026-03-31 00:35:10,442,7.469159e+06,4.13630768e+08,1.6140186e+08,0.0,0.0,0.0,641760.0,58341.0,5161.0,1.07626496e+08,1.32524032e+09,17103.46,30.0,215126.0,0.0,215125.0,215125.0,1.0,0.0,0.0
2026-03-31 00:35:22,442,7.472651e+06,4.13831284e+08,1.61465978e+08,0.0,0.0,0.0,642059.0,58369.0,5163.0,1.07626496e+08,1.32524032e+09,17111.63,30.0,215227.0,0.0,215226.0,215226.0,1.0,0.0,0.0
2026-03-31 00:35:34,443,7.476116e+06,4.14023793e+08,1.61556764e+08,0.0,0.0,0.0,642356.0,58396.0,5166.0,1.07364352e+08,1.32524032e+09,17119.56,33.0,215326.0,0.0,215325.0,215325.0,1.0,0.0,0.0
2026-03-31 00:35:47,443,7.479555e+06,4.14216302e+08,1.61618244e+08,0.0,0.0,0.0,642653.0,58423.0,5168.0,1.07495424e+08,1.32524032e+09,17127.86,33.0,215427.0,0.0,215426.0,215426.0,1.0,0.0,0.0
2026-03-31 00:35:59,443,7.483011e+06,4.1440074e+08,1.6171711e+08,0.0,0.0,0.0,642949.0,58449.0,5171.0,1.07495424e+08,1.32524032e+09,17136.23,35.0,215525.0,0.0,215524.0,215524.0,1.0,0.0,0.0
2026-03-31 00:36:11,443,7.486545e+06,4.14595896e+08,1.61781228e+08,0.0,0.0,0.0,643249.0,58477.0,5173.0,1.0723328e+08,1.32524032e+09,17144.37,29.0,215626.0,0.0,215626.0,215626.0,1.0,0.0,0.0
2026-03-31 00:36:24,443,7.489907e+06,4.14788472e+08,1.61842676e+08,0.0,0.0,0.0,643546.0,58504.0,5175.0,1.0723328e+08,1.32524032e+09,17152.66,30.0,215727.0,0.0,215726.0,215726.0,1.0,0.0,0.0
2026-03-31 00:36:36,444,7.493203e+06,4.14981126e+08,1.61936228e+08,0.0,0.0,0.0,643845.0,58531.0,5178.0,1.0723328e+08,1.32524032e+09,17160.82,31.0,215827.0,0.0,215826.0,215826.0,1.0,0.0,0.0
2026-03-31 00:36:48,444,7.496644e+06,4.15173635e+08,1.62000346e+08,0.0,0.0,0.0,644142.0,58558.0,5180.0,1.07495424e+08,1.32524032e+09,17169.24,30.0,215926.0,0.0,215925.0,215925.0,1.0,0.0,0.0
2026-03-31 00:37:01,444,7.500122e+06,4.15363413e+08,1.62096542e+08,0.0,0.0,0.0,644437.0,58585.0,5183.0,1.07495424e+08,1.32524032e+09,17177.47,29.0,216026.0,0.0,216025.0,216025.0,1.0,0.0,0.0
2026-03-31 00:37:13,444,7.503696e+06,4.15550501e+08,1.6215799e+08,0.0,0.0,0.0,644736.0,58612.0,5185.0,1.07495424e+08,1.32524032e+09,17185.97,30.0,216125.0,0.0,216124.0,216124.0,1.0,0.0,0.0
2026-03-31 00:37:26,445,7.507101e+06,4.1574301e+08,1.62219406e+08,0.0,0.0,0.0,645029.0,58639.0,5187.0,1.07626496e+08,1.32524032e+09,17194.19,33.0,216223.0,0.0,216222.0,216222.0,1.0,0.0,0.0
2026-03-31 00:37:38,445,7.510463e+06,4.15927494e+08,1.62312926e+08,0.0,0.0,0.0,645319.0,58665.0,5190.0,1.07757568e+08,1.32524032e+09,17201.89,29.0,216320.0,0.0,216320.0,216320.0,1.0,0.0,0.0
2026-03-31 00:37:50,445,7.513827e+06,4.16120128e+08,1.62377044e+08,0.0,0.0,0.0,645618.0,58692.0,5192.0,1.07757568e+08,1.32524032e+09,17210.58,33.0,216421.0,0.0,216420.0,216420.0,1.0,0.0,0.0
2026-03-31 00:38:03,445,7.517292e+06,4.16315307e+08,1.6243846e+08,0.0,0.0,0.0,645913.0,58719.0,5194.0,1.07626496e+08,1.32524032e+09,17218.74,29.0,216521.0,0.0,216520.0,216520.0,1.0,0.0,0.0
2026-03-31 00:38:15,445,7.520878e+06,4.16507831e+08,1.62531986e+08,0.0,0.0,0.0,646222.0,58747.0,5197.0,1.07495424e+08,1.32524032e+09,17228.07,30.0,216624.0,0.0,216623.0,216623.0,1.0,0.0,0.0
2026-03-31 00:38:28,446,7.52436e+06,4.1670034e+08,1.62593434e+08,0.0,0.0,0.0,646524.0,58774.0,5199.0,1.07495424e+08,1.32524032e+09,17236.53,35.0,216724.0,0.0,216723.0,216723.0,1.0,0.0,0.0
2026-03-31 00:38:40,446,7.527952e+06,4.16898122e+08,1.6268422e+08,0.0,0.0,0.0,646822.0,58802.0,5202.0,1.07495424e+08,1.32524032e+09,17245.05,30.0,216824.0,0.0,216823.0,216823.0,1.0,0.0,0.0
2026-03-31 00:38:53,446,7.531394e+06,4.1709066e+08,1.62745668e+08,0.0,0.0,0.0,647120.0,58829.0,5204.0,1.07495424e+08,1.32524032e+09,17253.55,33.0,216924.0,0.0,216923.0,216923.0,1.0,0.0,0.0
2026-03-31 00:39:05,446,7.53469e+06,4.1727789e+08,1.62844566e+08,0.0,0.0,0.0,647416.0,58856.0,5207.0,1.07364352e+08,1.32524032e+09,17261.55,29.0,217023.0,0.0,217023.0,217023.0,1.0,0.0,0.0
2026-03-31 00:39:17,446,7.538297e+06,4.17473031e+08,1.62905982e+08,0.0,0.0,0.0,647718.0,58883.0,5209.0,1.07495424e+08,1.32524032e+09,17269.77,35.0,217125.0,0.0,217124.0,217124.0,1.0,0.0,0.0
2026-03-31 00:39:30,447,7.541666e+06,4.17665604e+08,1.629968e+08,0.0,0.0,0.0,648014.0,58910.0,5212.0,1.07757568e+08,1.32524032e+09,17278.77,31.0,217225.0,0.0,217224.0,217224.0,1.0,0.0,0.0
2026-03-31 00:39:42,447,7.545117e+06,4.17855449e+08,1.63060918e+08,0.0,0.0,0.0,648312.0,58937.0,5214.0,1.07757568e+08,1.32524032e+09,17287.89,29.0,217324.0,0.0,217324.0,217324.0,1.0,0.0,0.0
2026-03-31 00:39:54,447,7.548602e+06,4.18047984e+08,1.63122366e+08,0.0,0.0,0.0,648614.0,58964.0,5216.0,1.0788864e+08,1.32524032e+09,17296.71,29.0,217426.0,0.0,217425.0,217425.0,1.0,0.0,0.0
2026-03-31 00:40:07,447,7.552131e+06,4.18237753e+08,1.6321853e+08,0.0,0.0,0.0,648910.0,58991.0,5219.0,1.0788864e+08,1.32524032e+09,17304.57,31.0,217525.0,0.0,217524.0,217524.0,1.0,0.0,0.0
2026-03-31 00:40:19,447,7.555578e+06,4.18430198e+08,1.63279978e+08,0.0,0.0,0.0,649203.0,59018.0,5221.0,1.07757568e+08,1.32524032e+09,17312.75,30.0,217624.0,0.0,217623.0,217623.0,1.0,0.0,0.0
2026-03-31 00:40:31,448,7.559138e+06,4.1862264e+08,1.63370796e+08,0.0,0.0,0.0,649503.0,59045.0,5224.0,1.07757568e+08,1.32524032e+09,17321.22,30.0,217724.0,0.0,217723.0,217723.0,1.0,0.0,0.0
2026-03-31 00:40:44,448,7.562612e+06,4.18815178e+08,1.63432212e+08,0.0,0.0,0.0,649801.0,59072.0,5226.0,1.07626496e+08,1.32524032e+09,17329.16,35.0,217823.0,0.0,217822.0,217822.0,1.0,0.0,0.0
2026-03-31 00:40:56,448,7.566122e+06,4.1901034e+08,1.6349366e+08,0.0,0.0,0.0,650098.0,59099.0,5228.0,1.07626496e+08,1.32524032e+09,17337.399999999998,29.0,217923.0,0.0,217923.0,217923.0,1.0,0.0,0.0
2026-03-31 00:41:08,448,7.569538e+06,4.19205516e+08,1.63589856e+08,0.0,0.0,0.0,650397.0,59127.0,5231.0,1.07884544e+08,1.32524032e+09,17345.77,30.0,218023.0,0.0,218022.0,218022.0,1.0,0.0,0.0
2026-03-31 00:41:20,448,7.573028e+06,4.19392656e+08,1.63648628e+08,0.0,0.0,0.0,650694.0,59153.0,5233.0,1.076224e+08,1.32524032e+09,17354.18,30.0,218123.0,0.0,218122.0,218122.0,1.0,0.0,0.0
2026-03-31 00:41:33,449,7.576412e+06,4.19587864e+08,1.63712714e+08,0.0,0.0,0.0,650987.0,59180.0,5235.0,1.076224e+08,1.32524032e+09,17362.829999999998,29.0,218221.0,0.0,218221.0,218221.0,1.0,0.0,0.0
2026-03-31 00:41:45,449,7.579812e+06,4.19775094e+08,1.63808942e+08,0.0,0.0,0.0,651287.0,59207.0,5238.0,1.076224e+08,1.32524032e+09,17371.72,30.0,218322.0,0.0,218321.0,218321.0,1.0,0.0,0.0
2026-03-31 00:41:57,449,7.583369e+06,4.19970203e+08,1.63870358e+08,0.0,0.0,0.0,651584.0,59234.0,5240.0,1.076224e+08,1.32524032e+09,17380.67,35.0,218421.0,0.0,218420.0,218420.0,1.0,0.0,0.0
2026-03-31 00:42:09,449,7.586852e+06,4.2016802e+08,1.63961176e+08,0.0,0.0,0.0,651882.0,59262.0,5243.0,1.076224e+08,1.32524032e+09,17389.17,31.0,218522.0,0.0,218521.0,218521.0,1.0,0.0,0.0
2026-03-31 00:42:22,449,7.59029e+06,4.20360564e+08,1.64025294e+08,0.0,0.0,0.0,652179.0,59289.0,5245.0,1.07491328e+08,1.32524032e+09,17397.89,31.0,218621.0,0.0,218620.0,218620.0,1.0,0.0,0.0
2026-03-31 00:42:34,450,7.593786e+06,4.2055307e+08,1.64086742e+08,0.0,0.0,0.0,652477.0,59316.0,5247.0,1.07491328e+08,1.32524032e+09,17406.489999999998,29.0,218721.0,0.0,218721.0,218721.0,1.0,0.0,0.0
2026-03-31 00:42:47,450,7.597079e+06,4.20734899e+08,1.6418564e+08,0.0,0.0,0.0,652766.0,59342.0,5250.0,1.07491328e+08,1.32524032e+09,17414.41,30.0,218819.0,0.0,218818.0,218818.0,1.0,0.0,0.0
2026-03-31 00:42:59,450,7.600546e+06,4.20927466e+08,1.64247056e+08,0.0,0.0,0.0,653064.0,59369.0,5252.0,1.07491328e+08,1.32524032e+09,17422.870000000003,29.0,218919.0,0.0,218918.0,218918.0,1.0,0.0,0.0
2026-03-31 00:43:11,450,7.604131e+06,4.21119911e+08,1.64308472e+08,0.0,0.0,0.0,653365.0,59396.0,5254.0,1.07491328e+08,1.32524032e+09,17432.0,31.0,219020.0,0.0,219019.0,219019.0,1.0,0.0,0.0
2026-03-31 00:43:23,450,7.607651e+06,4.21312379e+08,1.6440196e+08,0.0,0.0,0.0,653663.0,59423.0,5257.0,1.07491328e+08,1.32524032e+09,17439.7,30.0,219119.0,0.0,219118.0,219118.0,1.0,0.0,0.0
2026-03-31 00:43:36,451,7.611025e+06,4.21504865e+08,1.64466078e+08,0.0,0.0,0.0,653954.0,59450.0,5259.0,1.076224e+08,1.32524032e+09,17447.46,29.0,219217.0,0.0,219217.0,219217.0,1.0,0.0,0.0
2026-03-31 00:43:48,451,7.614471e+06,4.21694675e+08,1.64562306e+08,0.0,0.0,0.0,654249.0,59477.0,5262.0,1.07884544e+08,1.32524032e+09,17455.27,35.0,219316.0,0.0,219315.0,219315.0,1.0,0.0,0.0
2026-03-31 00:44:00,451,7.617919e+06,4.21876469e+08,1.64623722e+08,0.0,0.0,0.0,654543.0,59503.0,5264.0,1.07884544e+08,1.32524032e+09,17463.0,29.0,219415.0,0.0,219414.0,219414.0,1.0,0.0,0.0
2026-03-31 00:44:12,451,7.621371e+06,4.22068949e+08,1.64687872e+08,0.0,0.0,0.0,654837.0,59530.0,5266.0,1.07884544e+08,1.32524032e+09,17471.510000000002,33.0,219513.0,0.0,219512.0,219512.0,1.0,0.0,0.0
2026-03-31 00:44:24,451,7.624786e+06,4.22266888e+08,1.64781424e+08,0.0,0.0,0.0,655139.0,59558.0,5269.0,1.07753472e+08,1.32524032e+09,17480.51,30.0,219615.0,0.0,219614.0,219614.0,1.0,0.0,0.0
2026-03-31 00:44:37,452,7.628217e+06,4.2246216e+08,1.6484551e+08,0.0,0.0,0.0,655441.0,59585.0,5271.0,1.07753472e+08,1.32524032e+09,17489.29,30.0,219717.0,0.0,219716.0,219716.0,1.0,0.0,0.0
2026-03-31 00:44:49,452,7.631697e+06,4.22654666e+08,1.64906958e+08,0.0,0.0,0.0,655743.0,59612.0,5273.0,1.076224e+08,1.32524032e+09,17497.84,29.0,219817.0,0.0,219817.0,219817.0,1.0,0.0,0.0
2026-03-31 00:45:02,452,7.632308e+06,4.22697523e+08,1.64941674e+08,0.0,0.0,0.0,655799.0,59618.0,5274.0,1.076224e+08,1.32524032e+09,17499.3,29.0,219836.0,0.0,219836.0,219836.0,1.0,0.0,0.0
2026-03-31 00:45:14,452,7.635796e+06,4.22881999e+08,1.65003122e+08,0.0,0.0,0.0,656094.0,59644.0,5276.0,1.076224e+08,1.32524032e+09,17507.31,29.0,219936.0,0.0,219935.0,219935.0,1.0,0.0,0.0
2026-03-31 00:45:27,453,7.63925e+06,4.23079778e+08,1.65096642e+08,0.0,0.0,0.0,656392.0,59672.0,5279.0,1.076224e+08,1.32524032e+09,17515.89,31.0,220036.0,0.0,220035.0,220035.0,1.0,0.0,0.0
2026-03-31 00:45:39,453,7.64271e+06,4.23272334e+08,1.65160766e+08,0.0,0.0,0.0,656690.0,59699.0,5281.0,1.07491328e+08,1.32524032e+09,17523.67,30.0,220136.0,0.0,220135.0,220135.0,1.0,0.0,0.0
2026-03-31 00:45:51,453,7.646156e+06,4.23456804e+08,1.65222214e+08,0.0,0.0,0.0,656985.0,59725.0,5283.0,1.076224e+08,1.32524032e+09,17531.53,30.0,220235.0,0.0,220234.0,220234.0,1.0,0.0,0.0
2026-03-31 00:46:04,453,7.649592e+06,4.23654682e+08,1.65313032e+08,0.0,0.0,0.0,657283.0,59753.0,5286.0,1.076224e+08,1.32524032e+09,17540.010000000002,29.0,220335.0,0.0,220334.0,220334.0,1.0,0.0,0.0
2026-03-31 00:46:16,453,7.653033e+06,4.23841781e+08,1.6537715e+08,0.0,0.0,0.0,657577.0,59779.0,5288.0,1.07753472e+08,1.32524032e+09,17548.09,29.0,220434.0,0.0,220433.0,220433.0,1.0,0.0,0.0
2026-03-31 00:46:28,454,7.656449e+06,4.24031681e+08,1.65473346e+08,0.0,0.0,0.0,657877.0,59806.0,5291.0,1.07884544e+08,1.32524032e+09,17556.5,30.0,220534.0,0.0,220533.0,220533.0,1.0,0.0,0.0
2026-03-31 00:46:41,454,7.659829e+06,4.24229559e+08,1.65537496e+08,0.0,0.0,0.0,658174.0,59834.0,5293.0,1.07884544e+08,1.32524032e+09,17565.31,30.0,220634.0,0.0,220633.0,220633.0,1.0,0.0,0.0
2026-03-31 00:46:53,454,7.663294e+06,4.24416722e+08,1.65598938e+08,0.0,0.0,0.0,658471.0,59860.0,5295.0,1.07753472e+08,1.32524032e+09,17573.46,30.0,220734.0,0.0,220733.0,220733.0,1.0,0.0,0.0
2026-03-31 00:47:06,454,7.666644e+06,4.24614638e+08,1.65692464e+08,0.0,0.0,0.0,658768.0,59888.0,5298.0,1.07753472e+08,1.32524032e+09,17581.69,35.0,220833.0,0.0,220832.0,220832.0,1.0,0.0,0.0
2026-03-31 00:47:18,454,7.670035e+06,4.24801801e+08,1.65756614e+08,0.0,0.0,0.0,659058.0,59914.0,5300.0,1.076224e+08,1.32524032e+09,17589.54,35.0,220931.0,0.0,220930.0,220930.0,1.0,0.0,0.0
2026-03-31 00:47:30,455,7.673568e+06,4.24991576e+08,1.6581803e+08,0.0,0.0,0.0,659353.0,59941.0,5302.0,1.076224e+08,1.32524032e+09,17597.58,29.0,221031.0,0.0,221030.0,221030.0,1.0,0.0,0.0
2026-03-31 00:47:42,455,7.676852e+06,4.2518423e+08,1.65911582e+08,0.0,0.0,0.0,659650.0,59968.0,5305.0,1.07491328e+08,1.32524032e+09,17605.7,30.0,221130.0,0.0,221129.0,221129.0,1.0,0.0,0.0
2026-03-31 00:47:55,455,7.680306e+06,4.25376704e+08,1.659757e+08,0.0,0.0,0.0,659945.0,59995.0,5307.0,1.076224e+08,1.32524032e+09,17614.52,30.0,221229.0,0.0,221228.0,221228.0,1.0,0.0,0.0
2026-03-31 00:48:07,455,7.683686e+06,4.25566578e+08,1.66071896e+08,0.0,0.0,0.0,660243.0,60022.0,5310.0,1.07491328e+08,1.32524032e+09,17622.67,35.0,221329.0,0.0,221328.0,221328.0,1.0,0.0,0.0
2026-03-31 00:48:19,455,7.687153e+06,4.25753753e+08,1.66133344e+08,0.0,0.0,0.0,660544.0,60049.0,5312.0,1.07491328e+08,1.32524032e+09,17631.09,30.0,221430.0,0.0,221429.0,221429.0,1.0,0.0,0.0
2026-03-31 00:48:32,456,7.690636e+06,4.2594623e+08,1.6619476e+08,0.0,0.0,0.0,660838.0,60076.0,5314.0,1.07491328e+08,1.32524032e+09,17639.6,29.0,221528.0,0.0,221528.0,221528.0,1.0,0.0,0.0
2026-03-31 00:48:44,456,7.693911e+06,4.26138855e+08,1.66288312e+08,0.0,0.0,0.0,661134.0,60103.0,5317.0,1.07491328e+08,1.32524032e+09,17648.19,35.0,221628.0,0.0,221627.0,221627.0,1.0,0.0,0.0
2026-03-31 00:48:56,456,7.697384e+06,4.26331364e+08,1.6635243e+08,0.0,0.0,0.0,661431.0,60130.0,5319.0,1.07491328e+08,1.32524032e+09,17656.93,31.0,221727.0,0.0,221726.0,221726.0,1.0,0.0,0.0
2026-03-31 00:49:08,456,7.700924e+06,4.2652113e+08,1.66416548e+08,0.0,0.0,0.0,661727.0,60157.0,5321.0,1.07491328e+08,1.32524032e+09,17665.04,30.0,221827.0,0.0,221826.0,221826.0,1.0,0.0,0.0
2026-03-31 00:49:21,456,7.704254e+06,4.26703014e+08,1.66512744e+08,0.0,0.0,0.0,662023.0,60183.0,5324.0,1.076224e+08,1.32524032e+09,17673.29,31.0,221926.0,0.0,221925.0,221925.0,1.0,0.0,0.0
2026-03-31 00:49:33,457,7.707627e+06,4.26898275e+08,1.66576862e+08,0.0,0.0,0.0,662317.0,60210.0,5326.0,1.076224e+08,1.32524032e+09,17681.84,35.0,222024.0,0.0,222023.0,222023.0,1.0,0.0,0.0
2026-03-31 00:49:45,457,7.711014e+06,4.27090796e+08,1.6666768e+08,0.0,0.0,0.0,662608.0,60237.0,5329.0,1.07491328e+08,1.32524032e+09,17689.449999999997,31.0,222123.0,0.0,222122.0,222122.0,1.0,0.0,0.0
2026-03-31 00:49:57,457,7.714475e+06,4.27280667e+08,1.66729128e+08,0.0,0.0,0.0,662906.0,60264.0,5331.0,1.076224e+08,1.32524032e+09,17697.8,30.0,222222.0,0.0,222221.0,222221.0,1.0,0.0,0.0
2026-03-31 00:50:09,457,7.717983e+06,4.27473124e+08,1.66793246e+08,0.0,0.0,0.0,663205.0,60291.0,5333.0,1.076224e+08,1.32524032e+09,17705.72,31.0,222323.0,0.0,222322.0,222322.0,1.0,0.0,0.0
2026-03-31 00:50:22,457,7.721374e+06,4.27657652e+08,1.66886804e+08,0.0,0.0,0.0,663505.0,60318.0,5336.0,1.07753472e+08,1.32524032e+09,17713.74,29.0,222421.0,0.0,222421.0,222421.0,1.0,0.0,0.0
2026-03-31 00:50:34,458,7.724773e+06,4.27850161e+08,1.66950922e+08,0.0,0.0,0.0,663797.0,60345.0,5338.0,1.07884544e+08,1.32524032e+09,17721.89,35.0,222520.0,0.0,222519.0,222519.0,1.0,0.0,0.0
2026-03-31 00:50:46,458,7.728249e+06,4.28045375e+08,1.67012338e+08,0.0,0.0,0.0,664095.0,60372.0,5340.0,1.07884544e+08,1.32524032e+09,17729.940000000002,30.0,222620.0,0.0,222619.0,222619.0,1.0,0.0,0.0
2026-03-31 00:50:59,458,7.731631e+06,4.28237939e+08,1.67105826e+08,0.0,0.0,0.0,664392.0,60399.0,5343.0,1.07884544e+08,1.32524032e+09,17738.129999999997,30.0,222719.0,0.0,222718.0,222718.0,1.0,0.0,0.0
2026-03-31 00:51:11,458,7.735008e+06,4.28427816e+08,1.67169944e+08,0.0,0.0,0.0,664688.0,60426.0,5345.0,1.07884544e+08,1.32524032e+09,17746.64,35.0,222818.0,0.0,222817.0,222817.0,1.0,0.0,0.0
2026-03-31 00:51:23,458,7.738337e+06,4.28615017e+08,1.6726347e+08,0.0,0.0,0.0,664983.0,60453.0,5348.0,1.076224e+08,1.32524032e+09,17755.03,33.0,222916.0,0.0,222915.0,222915.0,1.0,0.0,0.0
2026-03-31 00:51:35,459,7.741801e+06,4.28799539e+08,1.67324918e+08,0.0,0.0,0.0,665279.0,60479.0,5350.0,1.076224e+08,1.32524032e+09,17763.07,29.0,223015.0,0.0,223015.0,223015.0,1.0,0.0,0.0
2026-03-31 00:51:48,459,7.745142e+06,4.28992086e+08,1.67389036e+08,0.0,0.0,0.0,665567.0,60506.0,5352.0,1.07753472e+08,1.32524032e+09,17771.149999999998,29.0,223112.0,0.0,223112.0,223112.0,1.0,0.0,0.0
2026-03-31 00:52:00,459,7.74853e+06,4.29173912e+08,1.67485232e+08,0.0,0.0,0.0,665863.0,60532.0,5355.0,1.076224e+08,1.32524032e+09,17779.35,31.0,223211.0,0.0,223210.0,223210.0,1.0,0.0,0.0
2026-03-31 00:52:12,459,7.752062e+06,4.29363678e+08,1.67546648e+08,0.0,0.0,0.0,666154.0,60559.0,5357.0,1.076224e+08,1.32524032e+09,17787.35,30.0,223310.0,0.0,223309.0,223309.0,1.0,0.0,0.0
2026-03-31 00:52:24,459,7.755625e+06,4.29556129e+08,1.67610798e+08,0.0,0.0,0.0,666457.0,60586.0,5359.0,1.076224e+08,1.32524032e+09,17796.28,30.0,223411.0,0.0,223410.0,223410.0,1.0,0.0,0.0
2026-03-31 00:52:37,460,7.759136e+06,4.29753978e+08,1.67704286e+08,0.0,0.0,0.0,666757.0,60614.0,5362.0,1.07491328e+08,1.32524032e+09,17805.56,30.0,223512.0,0.0,223511.0,223511.0,1.0,0.0,0.0
2026-03-31 00:52:49,460,7.762458e+06,4.29946606e+08,1.67768436e+08,0.0,0.0,0.0,667056.0,60641.0,5364.0,1.07491328e+08,1.32524032e+09,17814.3,30.0,223613.0,0.0,223612.0,223612.0,1.0,0.0,0.0
2026-03-31 00:53:02,460,7.765948e+06,4.30139042e+08,1.67867302e+08,0.0,0.0,0.0,667350.0,60668.0,5367.0,1.07360256e+08,1.32524032e+09,17822.84,35.0,223711.0,0.0,223710.0,223710.0,1.0,0.0,0.0
2026-03-31 00:53:14,460,7.769327e+06,4.30331665e+08,1.6792875e+08,0.0,0.0,0.0,667649.0,60695.0,5369.0,1.07491328e+08,1.32524032e+09,17831.18,35.0,223812.0,0.0,223811.0,223811.0,1.0,0.0,0.0
2026-03-31 00:53:26,461,7.772981e+06,4.30529453e+08,1.67992868e+08,0.0,0.0,0.0,667956.0,60723.0,5371.0,1.07491328e+08,1.32524032e+09,17840.010000000002,34.0,223915.0,0.0,223914.0,223914.0,1.0,0.0,0.0
2026-03-31 00:53:39,461,7.776433e+06,4.30716602e+08,1.68086394e+08,0.0,0.0,0.0,668255.0,60750.0,5374.0,1.076224e+08,1.32524032e+09,17848.45,30.0,224015.0,0.0,224014.0,224014.0,1.0,0.0,0.0
2026-03-31 00:53:51,461,7.779824e+06,4.30909146e+08,1.68150544e+08,0.0,0.0,0.0,668550.0,60777.0,5376.0,1.076224e+08,1.32524032e+09,17856.89,31.0,224114.0,0.0,224113.0,224113.0,1.0,0.0,0.0
2026-03-31 00:54:03,461,7.783267e+06,4.31104337e+08,1.68241362e+08,0.0,0.0,0.0,668845.0,60804.0,5379.0,1.076224e+08,1.32524032e+09,17865.120000000003,35.0,224212.0,0.0,224211.0,224211.0,1.0,0.0,0.0
2026-03-31 00:54:15,461,7.78669e+06,4.31294214e+08,1.68302842e+08,0.0,0.0,0.0,669143.0,60831.0,5381.0,1.076224e+08,1.32524032e+09,17872.94,29.0,224312.0,0.0,224312.0,224312.0,1.0,0.0,0.0
2026-03-31 00:54:28,462,7.790399e+06,4.31494631e+08,1.6836696e+08,0.0,0.0,0.0,669450.0,60859.0,5383.0,1.076224e+08,1.32524032e+09,17881.879999999997,29.0,224415.0,0.0,224415.0,224415.0,1.0,0.0,0.0
2026-03-31 00:54:41,462,7.793746e+06,4.31673822e+08,1.68463156e+08,0.0,0.0,0.0,669744.0,60885.0,5386.0,1.076224e+08,1.32524032e+09,17889.75,30.0,224514.0,0.0,224513.0,224513.0,1.0,0.0,0.0
2026-03-31 00:54:53,462,7.797332e+06,4.3186627e+08,1.68527274e+08,0.0,0.0,0.0,670042.0,60912.0,5388.0,1.07753472e+08,1.32524032e+09,17898.3,30.0,224614.0,0.0,224613.0,224613.0,1.0,0.0,0.0
2026-03-31 00:55:05,462,7.800831e+06,4.32064081e+08,1.68618092e+08,0.0,0.0,0.0,670340.0,60940.0,5391.0,1.076224e+08,1.32524032e+09,17906.94,35.0,224713.0,0.0,224712.0,224712.0,1.0,0.0,0.0
2026-03-31 00:55:18,462,7.804286e+06,4.32256666e+08,1.6867954e+08,0.0,0.0,0.0,670641.0,60967.0,5393.0,1.07753472e+08,1.32524032e+09,17915.640000000003,29.0,224814.0,0.0,224814.0,224814.0,1.0,0.0,0.0
2026-03-31 00:55:30,463,7.807846e+06,4.32446432e+08,1.68773034e+08,0.0,0.0,0.0,670940.0,60994.0,5396.0,1.07753472e+08,1.32524032e+09,17924.14,35.0,224914.0,0.0,224913.0,224913.0,1.0,0.0,0.0
2026-03-31 00:55:42,463,7.811327e+06,4.32636239e+08,1.68834482e+08,0.0,0.0,0.0,671233.0,61021.0,5398.0,1.076224e+08,1.32524032e+09,17932.04,29.0,225012.0,0.0,225012.0,225012.0,1.0,0.0,0.0
2026-03-31 00:55:55,463,7.814736e+06,4.32828774e+08,1.68895898e+08,0.0,0.0,0.0,671528.0,61048.0,5400.0,1.07491328e+08,1.32524032e+09,17940.16,29.0,225112.0,0.0,225111.0,225111.0,1.0,0.0,0.0
2026-03-31 00:56:07,463,7.818136e+06,4.33013232e+08,1.68986716e+08,0.0,0.0,0.0,671817.0,61074.0,5403.0,1.076224e+08,1.32524032e+09,17948.31,29.0,225209.0,0.0,225208.0,225208.0,1.0,0.0,0.0
2026-03-31 00:56:19,463,7.821521e+06,4.33197731e+08,1.69050866e+08,0.0,0.0,0.0,672108.0,61100.0,5405.0,1.076224e+08,1.32524032e+09,17956.17,30.0,225306.0,0.0,225305.0,225305.0,1.0,0.0,0.0
2026-03-31 00:56:31,464,7.825163e+06,4.33398154e+08,1.69114984e+08,0.0,0.0,0.0,672411.0,61128.0,5407.0,1.076224e+08,1.32524032e+09,17964.54,30.0,225408.0,0.0,225407.0,225407.0,1.0,0.0,0.0
2026-03-31 00:56:44,464,7.828615e+06,4.33588057e+08,1.69208446e+08,0.0,0.0,0.0,672708.0,61155.0,5410.0,1.07753472e+08,1.32524032e+09,17973.25,29.0,225508.0,0.0,225507.0,225507.0,1.0,0.0,0.0
2026-03-31 00:56:56,464,7.832079e+06,4.33780493e+08,1.69272596e+08,0.0,0.0,0.0,673002.0,61182.0,5412.0,1.07753472e+08,1.32524032e+09,17981.190000000002,35.0,225606.0,0.0,225605.0,225605.0,1.0,0.0,0.0
2026-03-31 00:57:08,464,7.835523e+06,4.33964983e+08,1.69336746e+08,0.0,0.0,0.0,673297.0,61208.0,5414.0,1.076224e+08,1.32524032e+09,17989.41,29.0,225705.0,0.0,225705.0,225705.0,1.0,0.0,0.0
2026-03-31 00:57:21,464,7.838872e+06,4.34154822e+08,1.69430272e+08,0.0,0.0,0.0,673592.0,61235.0,5417.0,1.076224e+08,1.32524032e+09,17998.08,29.0,225804.0,0.0,225804.0,225804.0,1.0,0.0,0.0
2026-03-31 00:57:33,465,7.842274e+06,4.34347389e+08,1.69494422e+08,0.0,0.0,0.0,673893.0,61262.0,5419.0,1.076224e+08,1.32524032e+09,18007.31,29.0,225905.0,0.0,225905.0,225905.0,1.0,0.0,0.0
2026-03-31 00:57:45,465,7.845642e+06,4.3453726e+08,1.6959065e+08,0.0,0.0,0.0,674188.0,61289.0,5422.0,1.07884544e+08,1.32524032e+09,18015.420000000002,30.0,226005.0,0.0,226004.0,226004.0,1.0,0.0,0.0
2026-03-31 00:57:58,465,7.849037e+06,4.34727102e+08,1.69652098e+08,0.0,0.0,0.0,674481.0,61316.0,5424.0,1.07884544e+08,1.32524032e+09,18023.19,29.0,226103.0,0.0,226103.0,226103.0,1.0,0.0,0.0
2026-03-31 00:58:10,465,7.852393e+06,4.34919634e+08,1.69716216e+08,0.0,0.0,0.0,674775.0,61343.0,5426.0,1.07884544e+08,1.32524032e+09,18031.420000000002,31.0,226203.0,0.0,226202.0,226202.0,1.0,0.0,0.0
2026-03-31 00:58:22,465,7.855727e+06,4.35114906e+08,1.6980706e+08,0.0,0.0,0.0,675074.0,61370.0,5429.0,1.07884544e+08,1.32524032e+09,18040.350000000002,35.0,226302.0,0.0,226301.0,226301.0,1.0,0.0,0.0
2026-03-31 00:58:34,466,7.859156e+06,4.35307514e+08,1.69871178e+08,0.0,0.0,0.0,675374.0,61397.0,5431.0,1.08015616e+08,1.32524032e+09,18048.81,30.0,226403.0,0.0,226402.0,226402.0,1.0,0.0,0.0
2026-03-31 00:58:47,466,7.862459e+06,4.35500107e+08,1.69935328e+08,0.0,0.0,0.0,675667.0,61424.0,5433.0,1.08015616e+08,1.32524032e+09,18056.63,29.0,226502.0,0.0,226502.0,226502.0,1.0,0.0,0.0
2026-03-31 00:58:59,466,7.8658e+06,4.3568999e+08,1.70028848e+08,0.0,0.0,0.0,675962.0,61451.0,5436.0,1.08015616e+08,1.32524032e+09,18064.56,30.0,226600.0,0.0,226599.0,226599.0,1.0,0.0,0.0
2026-03-31 00:59:11,466,7.869282e+06,4.35879858e+08,1.70092966e+08,0.0,0.0,0.0,676262.0,61478.0,5438.0,1.07753472e+08,1.32524032e+09,18073.33,30.0,226701.0,0.0,226700.0,226700.0,1.0,0.0,0.0
2026-03-31 00:59:24,466,7.872749e+06,4.36075095e+08,1.70189162e+08,0.0,0.0,0.0,676566.0,61505.0,5441.0,1.076224e+08,1.32524032e+09,18081.989999999998,31.0,226803.0,0.0,226802.0,226802.0,1.0,0.0,0.0
2026-03-31 00:59:36,467,7.876244e+06,4.36270245e+08,1.70250578e+08,0.0,0.0,0.0,676863.0,61533.0,5443.0,1.076224e+08,1.32524032e+09,18090.28,30.0,226903.0,0.0,226902.0,226902.0,1.0,0.0,0.0
2026-03-31 00:59:48,467,7.879731e+06,4.36457356e+08,1.70314728e+08,0.0,0.0,0.0,677159.0,61559.0,5445.0,1.07753472e+08,1.32524032e+09,18098.629999999997,30.0,227002.0,0.0,227001.0,227001.0,1.0,0.0,0.0
2026-03-31 01:00:01,467,7.883113e+06,4.36647192e+08,1.70405584e+08,0.0,0.0,0.0,677454.0,61586.0,5448.0,1.07753472e+08,1.32524032e+09,18106.989999999998,29.0,227100.0,0.0,227100.0,227100.0,1.0,0.0,0.0
2026-03-31 01:00:13,467,7.886539e+06,4.3683706e+08,1.70467032e+08,0.0,0.0,0.0,677747.0,61613.0,5450.0,1.07753472e+08,1.32524032e+09,18115.07,30.0,227199.0,0.0,227198.0,227198.0,1.0,0.0,0.0
2026-03-31 01:00:25,468,7.88996e+06,4.37026867e+08,1.70563196e+08,0.0,0.0,0.0,678041.0,61640.0,5453.0,1.07753472e+08,1.32524032e+09,18123.190000000002,29.0,227298.0,0.0,227297.0,227297.0,1.0,0.0,0.0
2026-03-31 01:00:37,468,7.893395e+06,4.37219411e+08,1.70627317e+08,0.0,0.0,0.0,678337.0,61667.0,5455.0,1.07753472e+08,1.32524032e+09,18131.71,30.0,227397.0,0.0,227396.0,227396.0,1.0,0.0,0.0
2026-03-31 01:00:50,468,7.896862e+06,4.37409244e+08,1.70691467e+08,0.0,0.0,0.0,678636.0,61694.0,5457.0,1.08015616e+08,1.32524032e+09,18140.27,30.0,227498.0,0.0,227497.0,227497.0,1.0,0.0,0.0
2026-03-31 01:01:02,468,7.900492e+06,4.37604362e+08,1.70784955e+08,0.0,0.0,0.0,678940.0,61721.0,5460.0,1.07884544e+08,1.32524032e+09,18148.92,30.0,227599.0,0.0,227598.0,227598.0,1.0,0.0,0.0
2026-03-31 01:01:15,468,7.903938e+06,4.37796877e+08,1.70846403e+08,0.0,0.0,0.0,679233.0,61748.0,5462.0,1.08015616e+08,1.32524032e+09,18156.899999999998,30.0,227698.0,0.0,227697.0,227697.0,1.0,0.0,0.0
2026-03-31 01:01:27,469,7.907381e+06,4.37986699e+08,1.70939961e+08,0.0,0.0,0.0,679533.0,61775.0,5465.0,1.08015616e+08,1.32524032e+09,18165.36,30.0,227798.0,0.0,227797.0,227797.0,1.0,0.0,0.0
2026-03-31 01:01:39,469,7.910784e+06,4.38184656e+08,1.71004079e+08,0.0,0.0,0.0,679834.0,61803.0,5467.0,1.07884544e+08,1.32524032e+09,18174.45,30.0,227899.0,0.0,227898.0,227898.0,1.0,0.0,0.0
2026-03-31 01:01:52,469,7.9143e+06,4.383772e+08,1.71065527e+08,0.0,0.0,0.0,680139.0,61830.0,5469.0,1.07753472e+08,1.32524032e+09,18183.29,31.0,228001.0,0.0,228000.0,228000.0,1.0,0.0,0.0
2026-03-31 01:02:04,469,7.917831e+06,4.38575011e+08,1.71156345e+08,0.0,0.0,0.0,680438.0,61858.0,5472.0,1.07753472e+08,1.32524032e+09,18191.39,29.0,228102.0,0.0,228101.0,228101.0,1.0,0.0,0.0
2026-03-31 01:02:16,469,7.921202e+06,4.38764876e+08,1.71217761e+08,0.0,0.0,0.0,680728.0,61884.0,5474.0,1.076224e+08,1.32524032e+09,18199.29,31.0,228200.0,0.0,228199.0,228199.0,1.0,0.0,0.0
2026-03-31 01:02:28,470,7.924612e+06,4.38954776e+08,1.71313957e+08,0.0,0.0,0.0,681025.0,61911.0,5477.0,1.076224e+08,1.32524032e+09,18208.36,33.0,228299.0,0.0,228298.0,228298.0,1.0,0.0,0.0
2026-03-31 01:02:41,470,7.928218e+06,4.3914988e+08,1.71375405e+08,0.0,0.0,0.0,681329.0,61939.0,5479.0,1.07753472e+08,1.32524032e+09,18217.59,29.0,228401.0,0.0,228400.0,228400.0,1.0,0.0,0.0
2026-03-31 01:02:53,470,7.931616e+06,4.3934779e+08,1.71434177e+08,0.0,0.0,0.0,681626.0,61966.0,5481.0,1.07884544e+08,1.32524032e+09,18225.53,30.0,228500.0,0.0,228499.0,228499.0,1.0,0.0,0.0
2026-03-31 01:03:05,470,7.935036e+06,4.39534994e+08,1.71533043e+08,0.0,0.0,0.0,681925.0,61993.0,5484.0,1.07884544e+08,1.32524032e+09,18234.81,31.0,228600.0,0.0,228599.0,228599.0,1.0,0.0,0.0
2026-03-31 01:03:18,470,7.938563e+06,4.397275e+08,1.71594459e+08,0.0,0.0,0.0,682225.0,62020.0,5486.0,1.07921408e+08,1.32524032e+09,18243.35,31.0,228701.0,0.0,228700.0,228700.0,1.0,0.0,0.0
2026-03-31 01:03:30,471,7.941964e+06,4.39920047e+08,1.71687979e+08,0.0,0.0,0.0,682525.0,62047.0,5489.0,1.07921408e+08,1.32524032e+09,18251.899999999998,30.0,228802.0,0.0,228801.0,228801.0,1.0,0.0,0.0
2026-03-31 01:03:43,471,7.945602e+06,4.40120479e+08,1.71749427e+08,0.0,0.0,0.0,682828.0,62075.0,5491.0,1.07921408e+08,1.32524032e+09,18260.87,30.0,228903.0,0.0,228902.0,228902.0,1.0,0.0,0.0
2026-03-31 01:03:55,471,7.949054e+06,4.40313029e+08,1.71810875e+08,0.0,0.0,0.0,683127.0,62102.0,5493.0,1.0805248e+08,1.32524032e+09,18269.11,30.0,229004.0,0.0,229003.0,229003.0,1.0,0.0,0.0
2026-03-31 01:04:08,471,7.952406e+06,4.40500221e+08,1.71907103e+08,0.0,0.0,0.0,683425.0,62129.0,5496.0,1.07921408e+08,1.32524032e+09,18277.38,29.0,229103.0,0.0,229103.0,229103.0,1.0,0.0,0.0
2026-03-31 01:04:20,471,7.955746e+06,4.40692791e+08,1.71971221e+08,0.0,0.0,0.0,683719.0,62156.0,5498.0,1.07921408e+08,1.32524032e+09,18285.66,30.0,229202.0,0.0,229201.0,229201.0,1.0,0.0,0.0
2026-03-31 01:04:32,472,7.959138e+06,4.40877255e+08,1.72062039e+08,0.0,0.0,0.0,684010.0,62182.0,5501.0,1.07921408e+08,1.32524032e+09,18293.58,30.0,229300.0,0.0,229299.0,229299.0,1.0,0.0,0.0
2026-03-31 01:04:44,472,7.962461e+06,4.41069854e+08,1.72126221e+08,0.0,0.0,0.0,684307.0,62209.0,5503.0,1.0805248e+08,1.32524032e+09,18302.32,31.0,229400.0,0.0,229399.0,229399.0,1.0,0.0,0.0
2026-03-31 01:04:57,472,7.965955e+06,4.41259652e+08,1.72190339e+08,0.0,0.0,0.0,684604.0,62236.0,5505.0,1.07921408e+08,1.32524032e+09,18310.85,30.0,229499.0,0.0,229498.0,229498.0,1.0,0.0,0.0
2026-03-31 01:05:09,472,7.969463e+06,4.41452068e+08,1.72289205e+08,0.0,0.0,0.0,684901.0,62263.0,5508.0,1.07659264e+08,1.32524032e+09,18318.98,30.0,229599.0,0.0,229598.0,229598.0,1.0,0.0,0.0
2026-03-31 01:05:21,472,7.972848e+06,4.41642009e+08,1.72350621e+08,0.0,0.0,0.0,685195.0,62290.0,5510.0,1.07659264e+08,1.32524032e+09,18326.76,30.0,229698.0,0.0,229697.0,229697.0,1.0,0.0,0.0
2026-03-31 01:05:34,473,7.976321e+06,4.41839884e+08,1.72414771e+08,0.0,0.0,0.0,685498.0,62318.0,5512.0,1.07659264e+08,1.32524032e+09,18335.65,29.0,229799.0,0.0,229799.0,229799.0,1.0,0.0,0.0
2026-03-31 01:05:46,473,7.979734e+06,4.42032431e+08,1.72508259e+08,0.0,0.0,0.0,685795.0,62345.0,5515.0,1.07528192e+08,1.32524032e+09,18344.14,30.0,229899.0,0.0,229898.0,229898.0,1.0,0.0,0.0
2026-03-31 01:05:58,473,7.983128e+06,4.42222363e+08,1.72569707e+08,0.0,0.0,0.0,686092.0,62372.0,5517.0,1.07528192e+08,1.32524032e+09,18351.5,30.0,229999.0,0.0,229998.0,229998.0,1.0,0.0,0.0
2026-03-31 01:06:11,473,7.986542e+06,4.42409541e+08,1.72665903e+08,0.0,0.0,0.0,686391.0,62399.0,5520.0,1.07528192e+08,1.32524032e+09,18358.94,30.0,230098.0,0.0,230097.0,230097.0,1.0,0.0,0.0
2026-03-31 01:06:23,473,7.989988e+06,4.42602056e+08,1.72730021e+08,0.0,0.0,0.0,686688.0,62426.0,5522.0,1.07528192e+08,1.32524032e+09,18367.07,30.0,230198.0,0.0,230197.0,230197.0,1.0,0.0,0.0
2026-03-31 01:06:36,474,7.993493e+06,4.4280528e+08,1.72791463e+08,0.0,0.0,0.0,686996.0,62454.0,5524.0,1.07528192e+08,1.32524032e+09,18375.699999999997,35.0,230301.0,0.0,230300.0,230300.0,1.0,0.0,0.0
2026-03-31 01:06:48,474,7.996941e+06,4.42992446e+08,1.72884957e+08,0.0,0.0,0.0,687292.0,62481.0,5527.0,1.07528192e+08,1.32524032e+09,18383.809999999998,30.0,230401.0,0.0,230400.0,230400.0,1.0,0.0,0.0
2026-03-31 01:07:01,474,8.00032e+06,4.43176907e+08,1.72946405e+08,0.0,0.0,0.0,687579.0,62507.0,5529.0,1.07528192e+08,1.32524032e+09,18391.550000000003,30.0,230498.0,0.0,230497.0,230497.0,1.0,0.0,0.0
2026-03-31 01:07:13,474,8.003839e+06,4.4336941e+08,1.73039867e+08,0.0,0.0,0.0,687879.0,62534.0,5532.0,1.07528192e+08,1.32524032e+09,18399.85,30.0,230598.0,0.0,230597.0,230597.0,1.0,0.0,0.0
2026-03-31 01:07:25,475,8.00724e+06,4.43569967e+08,1.73098639e+08,0.0,0.0,0.0,688175.0,62561.0,5534.0,1.07528192e+08,1.32524032e+09,18408.5,29.0,230698.0,0.0,230697.0,230697.0,1.0,0.0,0.0
2026-03-31 01:07:37,475,8.010773e+06,4.43759768e+08,1.73162757e+08,0.0,0.0,0.0,688477.0,62588.0,5536.0,1.07528192e+08,1.32524032e+09,18416.62,29.0,230798.0,0.0,230798.0,230798.0,1.0,0.0,0.0
2026-03-31 01:07:50,475,8.014228e+06,4.43949543e+08,1.73258921e+08,0.0,0.0,0.0,688769.0,62615.0,5539.0,1.07790336e+08,1.32524032e+09,18424.99,31.0,230897.0,0.0,230896.0,230896.0,1.0,0.0,0.0
2026-03-31 01:08:02,475,8.017748e+06,4.44144687e+08,1.73320337e+08,0.0,0.0,0.0,689066.0,62642.0,5541.0,1.07790336e+08,1.32524032e+09,18433.43,29.0,230997.0,0.0,230996.0,230996.0,1.0,0.0,0.0
2026-03-31 01:08:15,475,8.0212e+06,4.44329154e+08,1.73384455e+08,0.0,0.0,0.0,689359.0,62668.0,5543.0,1.07790336e+08,1.32524032e+09,18441.09,30.0,231094.0,0.0,231093.0,231093.0,1.0,0.0,0.0
2026-03-31 01:08:27,476,8.024656e+06,4.44526994e+08,1.73477975e+08,0.0,0.0,0.0,689657.0,62696.0,5546.0,1.07790336e+08,1.32524032e+09,18449.34,29.0,231195.0,0.0,231194.0,231194.0,1.0,0.0,0.0
2026-03-31 01:08:39,476,8.028159e+06,4.44719471e+08,1.73539423e+08,0.0,0.0,0.0,689953.0,62723.0,5548.0,1.07659264e+08,1.32524032e+09,18457.690000000002,30.0,231294.0,0.0,231293.0,231293.0,1.0,0.0,0.0
2026-03-31 01:08:52,476,8.031614e+06,4.44903932e+08,1.73603541e+08,0.0,0.0,0.0,690244.0,62749.0,5550.0,1.07659264e+08,1.32524032e+09,18465.86,30.0,231392.0,0.0,231391.0,231391.0,1.0,0.0,0.0
2026-03-31 01:09:04,476,8.03502e+06,4.4509111e+08,1.73699705e+08,0.0,0.0,0.0,690541.0,62776.0,5553.0,1.07659264e+08,1.32524032e+09,18474.06,31.0,231492.0,0.0,231491.0,231491.0,1.0,0.0,0.0
2026-03-31 01:09:16,476,8.038554e+06,4.45283546e+08,1.73763855e+08,0.0,0.0,0.0,690839.0,62803.0,5555.0,1.07659264e+08,1.32524032e+09,18482.24,35.0,231591.0,0.0,231590.0,231590.0,1.0,0.0,0.0
2026-03-31 01:09:29,477,8.041974e+06,4.4547344e+08,1.73854673e+08,0.0,0.0,0.0,691136.0,62830.0,5558.0,1.07528192e+08,1.32524032e+09,18490.11,30.0,231691.0,0.0,231690.0,231690.0,1.0,0.0,0.0
2026-03-31 01:09:41,477,8.045493e+06,4.45665885e+08,1.73918791e+08,0.0,0.0,0.0,691433.0,62857.0,5560.0,1.07528192e+08,1.32524032e+09,18499.010000000002,30.0,231791.0,0.0,231790.0,231790.0,1.0,0.0,0.0
2026-03-31 01:09:53,477,8.048942e+06,4.4586107e+08,1.73982909e+08,0.0,0.0,0.0,691728.0,62884.0,5562.0,1.07528192e+08,1.32524032e+09,18507.2,30.0,231890.0,0.0,231889.0,231889.0,1.0,0.0,0.0
2026-03-31 01:10:06,477,8.052273e+06,4.46050947e+08,1.74076461e+08,0.0,0.0,0.0,692023.0,62911.0,5565.0,1.07528192e+08,1.32524032e+09,18514.92,29.0,231988.0,0.0,231988.0,231988.0,1.0,0.0,0.0
2026-03-31 01:10:18,477,8.055761e+06,4.46243479e+08,1.74140579e+08,0.0,0.0,0.0,692324.0,62938.0,5567.0,1.07528192e+08,1.32524032e+09,18523.34,29.0,232089.0,0.0,232089.0,232089.0,1.0,0.0,0.0
2026-03-31 01:10:30,478,8.059221e+06,4.46435942e+08,1.74204697e+08,0.0,0.0,0.0,692619.0,62965.0,5569.0,1.07528192e+08,1.32524032e+09,18530.899999999998,30.0,232189.0,0.0,232188.0,232188.0,1.0,0.0,0.0
2026-03-31 01:10:43,478,8.062688e+06,4.4662314e+08,1.74298223e+08,0.0,0.0,0.0,692921.0,62992.0,5572.0,1.07528192e+08,1.32524032e+09,18539.61,35.0,232289.0,0.0,232288.0,232288.0,1.0,0.0,0.0
2026-03-31 01:10:55,478,8.066165e+06,4.46815614e+08,1.74362373e+08,0.0,0.0,0.0,693219.0,63019.0,5574.0,1.07659264e+08,1.32524032e+09,18547.579999999998,33.0,232389.0,0.0,232388.0,232388.0,1.0,0.0,0.0
2026-03-31 01:11:07,478,8.069594e+06,4.47008091e+08,1.74455861e+08,0.0,0.0,0.0,693509.0,63046.0,5577.0,1.07528192e+08,1.32524032e+09,18555.399999999998,30.0,232487.0,0.0,232486.0,232486.0,1.0,0.0,0.0
2026-03-31 01:11:19,478,8.073e+06,4.47200667e+08,1.74517309e+08,0.0,0.0,0.0,693807.0,63073.0,5579.0,1.07528192e+08,1.32524032e+09,18564.3,35.0,232587.0,0.0,232586.0,232586.0,1.0,0.0,0.0
2026-03-31 01:11:32,479,8.076327e+06,4.47393214e+08,1.74578789e+08,0.0,0.0,0.0,694100.0,63100.0,5581.0,1.07528192e+08,1.32524032e+09,18572.1,30.0,232686.0,0.0,232685.0,232685.0,1.0,0.0,0.0
2026-03-31 01:11:44,479,8.079773e+06,4.47580424e+08,1.74674985e+08,0.0,0.0,0.0,694400.0,63127.0,5584.0,1.07528192e+08,1.32524032e+09,18580.56,35.0,232786.0,0.0,232785.0,232785.0,1.0,0.0,0.0
2026-03-31 01:11:56,479,8.083264e+06,4.47772849e+08,1.74736433e+08,0.0,0.0,0.0,694695.0,63154.0,5586.0,1.07528192e+08,1.32524032e+09,18588.600000000002,29.0,232885.0,0.0,232884.0,232884.0,1.0,0.0,0.0
2026-03-31 01:12:09,479,8.086734e+06,4.47962691e+08,1.74827251e+08,0.0,0.0,0.0,694992.0,63181.0,5589.0,1.07659264e+08,1.32524032e+09,18597.030000000002,30.0,232984.0,0.0,232983.0,232983.0,1.0,0.0,0.0
2026-03-31 01:12:21,479,8.090189e+06,4.48155206e+08,1.74888731e+08,0.0,0.0,0.0,695290.0,63208.0,5591.0,1.07921408e+08,1.32524032e+09,18605.82,30.0,233084.0,0.0,233083.0,233083.0,1.0,0.0,0.0
2026-03-31 01:12:33,480,8.0937e+06,4.48345005e+08,1.74952849e+08,0.0,0.0,0.0,695590.0,63235.0,5593.0,1.07921408e+08,1.32524032e+09,18614.260000000002,30.0,233185.0,0.0,233184.0,233184.0,1.0,0.0,0.0
2026-03-31 01:12:46,480,8.097053e+06,4.48532206e+08,1.75049077e+08,0.0,0.0,0.0,695888.0,63262.0,5596.0,1.07790336e+08,1.32524032e+09,18622.07,30.0,233283.0,0.0,233282.0,233282.0,1.0,0.0,0.0
2026-03-31 01:12:58,480,8.100423e+06,4.48722092e+08,1.75110525e+08,0.0,0.0,0.0,696182.0,63289.0,5598.0,1.07790336e+08,1.32524032e+09,18630.219999999998,31.0,233381.0,0.0,233380.0,233380.0,1.0,0.0,0.0
2026-03-31 01:13:10,480,8.103826e+06,4.48914598e+08,1.75204045e+08,0.0,0.0,0.0,696478.0,63316.0,5601.0,1.07659264e+08,1.32524032e+09,18638.61,33.0,233481.0,0.0,233480.0,233480.0,1.0,0.0,0.0
2026-03-31 01:13:22,480,8.107226e+06,4.49104501e+08,1.75265525e+08,0.0,0.0,0.0,696779.0,63343.0,5603.0,1.07528192e+08,1.32524032e+09,18647.370000000003,29.0,233581.0,0.0,233581.0,233581.0,1.0,0.0,0.0
2026-03-31 01:13:35,481,8.110754e+06,4.49296981e+08,1.75329675e+08,0.0,0.0,0.0,697080.0,63370.0,5605.0,1.07528192e+08,1.32524032e+09,18656.489999999998,35.0,233682.0,0.0,233681.0,233681.0,1.0,0.0,0.0
2026-03-31 01:13:47,481,8.114104e+06,4.49486931e+08,1.75425839e+08,0.0,0.0,0.0,697376.0,63397.0,5608.0,1.07790336e+08,1.32524032e+09,18664.77,30.0,233782.0,0.0,233781.0,233781.0,1.0,0.0,0.0
2026-03-31 01:14:00,481,8.117645e+06,4.49679402e+08,1.75487255e+08,0.0,0.0,0.0,697674.0,63424.0,5610.0,1.07790336e+08,1.32524032e+09,18673.1,30.0,233882.0,0.0,233881.0,233881.0,1.0,0.0,0.0
2026-03-31 01:14:12,481,8.12097e+06,4.49877338e+08,1.75580807e+08,0.0,0.0,0.0,697973.0,63452.0,5613.0,1.07659264e+08,1.32524032e+09,18681.96,30.0,233982.0,0.0,233981.0,233981.0,1.0,0.0,0.0
2026-03-31 01:14:24,481,8.124638e+06,4.50069742e+08,1.75644925e+08,0.0,0.0,0.0,698275.0,63479.0,5615.0,1.07659264e+08,1.32524032e+09,18690.4,31.0,234084.0,0.0,234083.0,234083.0,1.0,0.0,0.0
2026-03-31 01:14:37,482,8.128137e+06,4.50264883e+08,1.75706341e+08,0.0,0.0,0.0,698572.0,63506.0,5617.0,1.07790336e+08,1.32524032e+09,18698.97,29.0,234183.0,0.0,234183.0,234183.0,1.0,0.0,0.0
2026-03-31 01:14:49,482,8.131542e+06,4.50457392e+08,1.75799835e+08,0.0,0.0,0.0,698867.0,63533.0,5620.0,1.07790336e+08,1.32524032e+09,18707.379999999997,29.0,234282.0,0.0,234282.0,234282.0,1.0,0.0,0.0
2026-03-31 01:15:02,482,8.134509e+06,4.50617823e+08,1.75863985e+08,0.0,0.0,0.0,699125.0,63556.0,5622.0,1.07790336e+08,1.32524032e+09,18713.93,29.0,234368.0,0.0,234368.0,234368.0,1.0,0.0,0.0
2026-03-31 01:15:14,482,8.135595e+06,4.50684649e+08,1.75893387e+08,0.0,0.0,0.0,699219.0,63565.0,5623.0,1.07659264e+08,1.32524032e+09,18716.64,30.0,234400.0,0.0,234399.0,234399.0,1.0,0.0,0.0
2026-03-31 01:15:26,483,8.139024e+06,4.50874482e+08,1.75957537e+08,0.0,0.0,0.0,699514.0,63592.0,5625.0,1.07659264e+08,1.32524032e+09,18724.82,29.0,234499.0,0.0,234499.0,234499.0,1.0,0.0,0.0
2026-03-31 01:15:39,483,8.14257e+06,4.51066918e+08,1.76018985e+08,0.0,0.0,0.0,699810.0,63619.0,5627.0,1.07659264e+08,1.32524032e+09,18732.75,30.0,234599.0,0.0,234598.0,234598.0,1.0,0.0,0.0
2026-03-31 01:15:51,483,8.145796e+06,4.5125142e+08,1.76117883e+08,0.0,0.0,0.0,700097.0,63645.0,5630.0,1.07659264e+08,1.32524032e+09,18740.550000000003,29.0,234696.0,0.0,234695.0,234695.0,1.0,0.0,0.0
2026-03-31 01:16:03,483,8.149251e+06,4.51443897e+08,1.76179325e+08,0.0,0.0,0.0,700392.0,63672.0,5632.0,1.07659264e+08,1.32524032e+09,18748.71,29.0,234795.0,0.0,234794.0,234794.0,1.0,0.0,0.0
2026-03-31 01:16:15,483,8.152513e+06,4.51625825e+08,1.76243481e+08,0.0,0.0,0.0,700686.0,63698.0,5634.0,1.07790336e+08,1.32524032e+09,18756.79,29.0,234892.0,0.0,234892.0,234892.0,1.0,0.0,0.0
2026-03-31 01:16:28,484,8.155897e+06,4.51815751e+08,1.76334299e+08,0.0,0.0,0.0,700985.0,63725.0,5637.0,1.07790336e+08,1.32524032e+09,18765.23,30.0,234993.0,0.0,234992.0,234992.0,1.0,0.0,0.0
2026-03-31 01:16:40,484,8.15932e+06,4.52008257e+08,1.76398417e+08,0.0,0.0,0.0,701278.0,63752.0,5639.0,1.07921408e+08,1.32524032e+09,18773.21,31.0,235092.0,0.0,235091.0,235091.0,1.0,0.0,0.0
2026-03-31 01:16:53,484,8.162664e+06,4.52200807e+08,1.76462567e+08,0.0,0.0,0.0,701570.0,63779.0,5641.0,1.07790336e+08,1.32524032e+09,18781.46,29.0,235189.0,0.0,235189.0,235189.0,1.0,0.0,0.0
2026-03-31 01:17:05,484,8.165972e+06,4.52382697e+08,1.76561465e+08,0.0,0.0,0.0,701866.0,63805.0,5644.0,1.07790336e+08,1.32524032e+09,18789.57,30.0,235288.0,0.0,235287.0,235287.0,1.0,0.0,0.0
2026-03-31 01:17:17,484,8.169343e+06,4.52575296e+08,1.76625615e+08,0.0,0.0,0.0,702161.0,63832.0,5646.0,1.07790336e+08,1.32524032e+09,18797.47,30.0,235388.0,0.0,235387.0,235387.0,1.0,0.0,0.0
2026-03-31 01:17:29,485,8.172807e+06,4.52765094e+08,1.76689765e+08,0.0,0.0,0.0,702458.0,63859.0,5648.0,1.07790336e+08,1.32524032e+09,18805.79,31.0,235488.0,0.0,235487.0,235487.0,1.0,0.0,0.0
2026-03-31 01:17:42,485,8.176217e+06,4.52957594e+08,1.76780583e+08,0.0,0.0,0.0,702749.0,63886.0,5651.0,1.07659264e+08,1.32524032e+09,18814.44,35.0,235585.0,0.0,235584.0,235584.0,1.0,0.0,0.0
2026-03-31 01:17:54,485,8.179602e+06,4.53150141e+08,1.76844733e+08,0.0,0.0,0.0,703044.0,63913.0,5653.0,1.07790336e+08,1.32524032e+09,18822.87,31.0,235684.0,0.0,235683.0,235683.0,1.0,0.0,0.0
2026-03-31 01:18:06,485,8.183085e+06,4.53334596e+08,1.76908851e+08,0.0,0.0,0.0,703340.0,63939.0,5655.0,1.07790336e+08,1.32524032e+09,18830.940000000002,30.0,235784.0,0.0,235783.0,235783.0,1.0,0.0,0.0
2026-03-31 01:18:19,485,8.186489e+06,4.53529842e+08,1.77005015e+08,0.0,0.0,0.0,703639.0,63967.0,5658.0,1.07790336e+08,1.32524032e+09,18839.57,30.0,235884.0,0.0,235883.0,235883.0,1.0,0.0,0.0
2026-03-31 01:18:31,486,8.190009e+06,4.53722345e+08,1.77069165e+08,0.0,0.0,0.0,703942.0,63994.0,5660.0,1.07790336e+08,1.32524032e+09,18848.5,31.0,235986.0,0.0,235985.0,235985.0,1.0,0.0,0.0
2026-03-31 01:18:44,486,8.19347e+06,4.53920209e+08,1.77162653e+08,0.0,0.0,0.0,704246.0,64022.0,5663.0,1.07921408e+08,1.32524032e+09,18857.4,30.0,236088.0,0.0,236087.0,236087.0,1.0,0.0,0.0
2026-03-31 01:18:56,486,8.196876e+06,4.54110077e+08,1.77226771e+08,0.0,0.0,0.0,704544.0,64049.0,5665.0,1.07921408e+08,1.32524032e+09,18866.62,31.0,236187.0,0.0,236186.0,236186.0,1.0,0.0,0.0
2026-03-31 01:19:08,486,8.200273e+06,4.54302682e+08,1.77290889e+08,0.0,0.0,0.0,704839.0,64076.0,5667.0,1.07794432e+08,1.32524032e+09,18875.03,30.0,236287.0,0.0,236286.0,236286.0,1.0,0.0,0.0
2026-03-31 01:19:21,486,8.203608e+06,4.54495275e+08,1.77384441e+08,0.0,0.0,0.0,705141.0,64103.0,5670.0,1.07794432e+08,1.32524032e+09,18883.58,30.0,236388.0,0.0,236387.0,236387.0,1.0,0.0,0.0
2026-03-31 01:19:33,487,8.207133e+06,4.54690416e+08,1.77448559e+08,0.0,0.0,0.0,705436.0,64130.0,5672.0,1.07794432e+08,1.32524032e+09,18892.42,30.0,236487.0,0.0,236486.0,236486.0,1.0,0.0,0.0
2026-03-31 01:19:46,487,8.210685e+06,4.548936e+08,1.77512677e+08,0.0,0.0,0.0,705738.0,64158.0,5674.0,1.07794432e+08,1.32524032e+09,18901.04,30.0,236589.0,0.0,236588.0,236588.0,1.0,0.0,0.0
2026-03-31 01:19:58,487,8.214066e+06,4.55080833e+08,1.77606171e+08,0.0,0.0,0.0,706038.0,64185.0,5677.0,1.07794432e+08,1.32524032e+09,18909.079999999998,29.0,236689.0,0.0,236689.0,236689.0,1.0,0.0,0.0
2026-03-31 01:20:10,487,8.21746e+06,4.55273403e+08,1.77670289e+08,0.0,0.0,0.0,706333.0,64212.0,5679.0,1.0766336e+08,1.32524032e+09,18917.17,29.0,236789.0,0.0,236788.0,236788.0,1.0,0.0,0.0
2026-03-31 01:20:23,487,8.220819e+06,4.55463338e+08,1.77763809e+08,0.0,0.0,0.0,706629.0,64239.0,5682.0,1.07794432e+08,1.32524032e+09,18925.32,33.0,236887.0,0.0,236886.0,236886.0,1.0,0.0,0.0
2026-03-31 01:20:35,488,8.224455e+06,4.55655748e+08,1.77827927e+08,0.0,0.0,0.0,706930.0,64266.0,5684.0,1.07794432e+08,1.32524032e+09,18934.16,30.0,236989.0,0.0,236988.0,236988.0,1.0,0.0,0.0
2026-03-31 01:20:47,488,8.228022e+06,4.55858966e+08,1.77889343e+08,0.0,0.0,0.0,707238.0,64294.0,5686.0,1.07794432e+08,1.32524032e+09,18943.239999999998,30.0,237092.0,0.0,237091.0,237091.0,1.0,0.0,0.0
2026-03-31 01:21:00,488,8.231333e+06,4.56048866e+08,1.77982837e+08,0.0,0.0,0.0,707532.0,64321.0,5689.0,1.07794432e+08,1.32524032e+09,18951.16,30.0,237191.0,0.0,237190.0,237190.0,1.0,0.0,0.0
2026-03-31 01:21:12,488,8.234768e+06,4.56238743e+08,1.78044285e+08,0.0,0.0,0.0,707828.0,64348.0,5691.0,1.0766336e+08,1.32524032e+09,18959.79,29.0,237290.0,0.0,237289.0,237289.0,1.0,0.0,0.0
2026-03-31 01:21:25,489,8.238226e+06,4.56423207e+08,1.78135103e+08,0.0,0.0,0.0,708124.0,64374.0,5694.0,1.07532288e+08,1.32524032e+09,18967.84,29.0,237389.0,0.0,237388.0,237388.0,1.0,0.0,0.0
2026-03-31 01:21:37,489,8.241725e+06,4.56623793e+08,1.78196551e+08,0.0,0.0,0.0,708424.0,64402.0,5696.0,1.07794432e+08,1.32524032e+09,18976.46,30.0,237490.0,0.0,237489.0,237489.0,1.0,0.0,0.0
2026-03-31 01:21:49,489,8.245067e+06,4.56816366e+08,1.78260701e+08,0.0,0.0,0.0,708723.0,64429.0,5698.0,1.07794432e+08,1.32524032e+09,18985.62,35.0,237590.0,0.0,237589.0,237589.0,1.0,0.0,0.0
2026-03-31 01:22:02,489,8.248498e+06,4.57003532e+08,1.78359599e+08,0.0,0.0,0.0,709026.0,64456.0,5701.0,1.07794432e+08,1.32524032e+09,18993.9,29.0,237692.0,0.0,237691.0,237691.0,1.0,0.0,0.0
2026-03-31 01:22:14,489,8.251965e+06,4.57198737e+08,1.78421047e+08,0.0,0.0,0.0,709323.0,64483.0,5703.0,1.07794432e+08,1.32524032e+09,19002.199999999997,31.0,237791.0,0.0,237790.0,237790.0,1.0,0.0,0.0
2026-03-31 01:22:26,490,8.255621e+06,4.57396461e+08,1.78514535e+08,0.0,0.0,0.0,709624.0,64511.0,5706.0,1.0766336e+08,1.32524032e+09,19010.68,31.0,237892.0,0.0,237891.0,237891.0,1.0,0.0,0.0
2026-03-31 01:22:39,490,8.259018e+06,4.57589034e+08,1.78576015e+08,0.0,0.0,0.0,709921.0,64538.0,5708.0,1.0766336e+08,1.32524032e+09,19018.61,35.0,237992.0,0.0,237991.0,237991.0,1.0,0.0,0.0
2026-03-31 01:22:51,490,8.262557e+06,4.57778789e+08,1.78640133e+08,0.0,0.0,0.0,710217.0,64565.0,5710.0,1.0766336e+08,1.32524032e+09,19026.41,29.0,238091.0,0.0,238091.0,238091.0,1.0,0.0,0.0
2026-03-31 01:23:03,490,8.265962e+06,4.57960627e+08,1.78733659e+08,0.0,0.0,0.0,710511.0,64591.0,5713.0,1.0766336e+08,1.32524032e+09,19034.289999999997,30.0,238190.0,0.0,238189.0,238189.0,1.0,0.0,0.0
2026-03-31 01:23:16,490,8.269503e+06,4.58161169e+08,1.78797809e+08,0.0,0.0,0.0,710818.0,64619.0,5715.0,1.0766336e+08,1.32524032e+09,19043.469999999998,30.0,238293.0,0.0,238292.0,238292.0,1.0,0.0,0.0
2026-03-31 01:23:28,491,8.272645e+06,4.58351159e+08,1.78891361e+08,0.0,0.0,0.0,711106.0,64646.0,5718.0,1.07532288e+08,1.32524032e+09,19051.449999999997,33.0,238389.0,0.0,238388.0,238388.0,1.0,0.0,0.0
2026-03-31 01:23:40,491,8.275992e+06,4.58535658e+08,1.78955479e+08,0.0,0.0,0.0,711394.0,64672.0,5720.0,1.0766336e+08,1.32524032e+09,19059.55,31.0,238487.0,0.0,238486.0,238486.0,1.0,0.0,0.0
2026-03-31 01:23:52,491,8.279313e+06,4.58720253e+08,1.79016927e+08,0.0,0.0,0.0,711687.0,64698.0,5722.0,1.07794432e+08,1.32524032e+09,19067.37,29.0,238585.0,0.0,238584.0,238584.0,1.0,0.0,0.0
2026-03-31 01:24:04,491,8.282637e+06,4.58912861e+08,1.79115825e+08,0.0,0.0,0.0,711985.0,64725.0,5725.0,1.0766336e+08,1.32524032e+09,19075.489999999998,29.0,238685.0,0.0,238684.0,238684.0,1.0,0.0,0.0
2026-03-31 01:24:17,491,8.286118e+06,4.59102668e+08,1.79177241e+08,0.0,0.0,0.0,712276.0,64752.0,5727.0,1.0766336e+08,1.32524032e+09,19083.32,30.0,238783.0,0.0,238782.0,238782.0,1.0,0.0,0.0
2026-03-31 01:24:29,492,8.289494e+06,4.59287132e+08,1.79238689e+08,0.0,0.0,0.0,712565.0,64778.0,5729.0,1.07794432e+08,1.32524032e+09,19091.32,30.0,238879.0,0.0,238878.0,238878.0,1.0,0.0,0.0
2026-03-31 01:24:41,492,8.292847e+06,4.59476945e+08,1.79332209e+08,0.0,0.0,0.0,712855.0,64805.0,5732.0,1.07794432e+08,1.32524032e+09,19099.079999999998,29.0,238976.0,0.0,238976.0,238976.0,1.0,0.0,0.0
2026-03-31 01:24:53,492,8.296274e+06,4.59672168e+08,1.79393657e+08,0.0,0.0,0.0,713152.0,64832.0,5734.0,1.0766336e+08,1.32524032e+09,19107.11,35.0,239077.0,0.0,239076.0,239076.0,1.0,0.0,0.0
2026-03-31 01:25:06,492,8.299812e+06,4.59856568e+08,1.79455105e+08,0.0,0.0,0.0,713448.0,64858.0,5736.0,1.0766336e+08,1.32524032e+09,19115.550000000003,29.0,239175.0,0.0,239175.0,239175.0,1.0,0.0,0.0
2026-03-31 01:25:18,492,8.303094e+06,4.6004917e+08,1.79548593e+08,0.0,0.0,0.0,713739.0,64885.0,5739.0,1.07794432e+08,1.32524032e+09,19123.65,35.0,239273.0,0.0,239272.0,239272.0,1.0,0.0,0.0
2026-03-31 01:25:30,493,8.306556e+06,4.60236304e+08,1.79612717e+08,0.0,0.0,0.0,714035.0,64912.0,5741.0,1.07794432e+08,1.32524032e+09,19131.78,33.0,239373.0,0.0,239372.0,239372.0,1.0,0.0,0.0
2026-03-31 01:25:43,493,8.309961e+06,4.60428901e+08,1.79706243e+08,0.0,0.0,0.0,714337.0,64939.0,5744.0,1.07794432e+08,1.32524032e+09,19140.33,29.0,239474.0,0.0,239473.0,239473.0,1.0,0.0,0.0
2026-03-31 01:25:55,493,8.313396e+06,4.60618798e+08,1.79767691e+08,0.0,0.0,0.0,714632.0,64966.0,5746.0,1.07794432e+08,1.32524032e+09,19148.86,30.0,239573.0,0.0,239572.0,239572.0,1.0,0.0,0.0
2026-03-31 01:26:07,493,8.316838e+06,4.60811301e+08,1.79831841e+08,0.0,0.0,0.0,714929.0,64993.0,5748.0,1.07794432e+08,1.32524032e+09,19157.92,30.0,239673.0,0.0,239672.0,239672.0,1.0,0.0,0.0
2026-03-31 01:26:20,493,8.320363e+06,4.61006448e+08,1.79922627e+08,0.0,0.0,0.0,715228.0,65020.0,5751.0,1.0766336e+08,1.32524032e+09,19166.64,33.0,239773.0,0.0,239772.0,239772.0,1.0,0.0,0.0
2026-03-31 01:26:32,494,8.32378e+06,4.61196363e+08,1.79984107e+08,0.0,0.0,0.0,715526.0,65047.0,5753.0,1.07532288e+08,1.32524032e+09,19174.91,29.0,239873.0,0.0,239872.0,239872.0,1.0,0.0,0.0
2026-03-31 01:26:44,494,8.327302e+06,4.61396821e+08,1.80080303e+08,0.0,0.0,0.0,715826.0,65075.0,5756.0,1.0766336e+08,1.32524032e+09,19184.06,29.0,239973.0,0.0,239973.0,239973.0,1.0,0.0,0.0
2026-03-31 01:26:57,494,8.330814e+06,4.61589324e+08,1.80141719e+08,0.0,0.0,0.0,716124.0,65102.0,5758.0,1.0766336e+08,1.32524032e+09,19193.08,29.0,240073.0,0.0,240073.0,240073.0,1.0,0.0,0.0
2026-03-31 01:27:09,494,8.334194e+06,4.61781868e+08,1.80203167e+08,0.0,0.0,0.0,716419.0,65129.0,5760.0,1.07532288e+08,1.32524032e+09,19200.93,29.0,240172.0,0.0,240172.0,240172.0,1.0,0.0,0.0
2026-03-31 01:27:21,494,8.337498e+06,4.61966518e+08,1.80296687e+08,0.0,0.0,0.0,716715.0,65155.0,5763.0,1.07532288e+08,1.32524032e+09,19209.52,29.0,240272.0,0.0,240271.0,240271.0,1.0,0.0,0.0
2026-03-31 01:27:34,495,8.340921e+06,4.62159027e+08,1.80360805e+08,0.0,0.0,0.0,717008.0,65182.0,5765.0,1.0766336e+08,1.32524032e+09,19217.63,29.0,240370.0,0.0,240370.0,240370.0,1.0,0.0,0.0
2026-03-31 01:27:46,495,8.344312e+06,4.62343494e+08,1.80424923e+08,0.0,0.0,0.0,717299.0,65208.0,5767.0,1.0766336e+08,1.32524032e+09,19225.82,31.0,240468.0,0.0,240467.0,240467.0,1.0,0.0,0.0
2026-03-31 01:27:58,495,8.347583e+06,4.62530759e+08,1.80521151e+08,0.0,0.0,0.0,717594.0,65235.0,5770.0,1.07794432e+08,1.32524032e+09,19234.26,30.0,240567.0,0.0,240566.0,240566.0,1.0,0.0,0.0
2026-03-31 01:28:10,495,8.350947e+06,4.62723291e+08,1.80585301e+08,0.0,0.0,0.0,717887.0,65262.0,5772.0,1.07794432e+08,1.32524032e+09,19242.48,29.0,240666.0,0.0,240665.0,240665.0,1.0,0.0,0.0
2026-03-31 01:28:23,495,8.354453e+06,4.62915727e+08,1.80676119e+08,0.0,0.0,0.0,718183.0,65289.0,5775.0,1.07794432e+08,1.32524032e+09,19250.37,29.0,240764.0,0.0,240764.0,240764.0,1.0,0.0,0.0
2026-03-31 01:28:35,496,8.357894e+06,4.63108268e+08,1.80737567e+08,0.0,0.0,0.0,718480.0,65316.0,5777.0,1.07925504e+08,1.32524032e+09,19258.870000000003,30.0,240864.0,0.0,240863.0,240863.0,1.0,0.0,0.0
2026-03-31 01:28:47,496,8.361252e+06,4.63300774e+08,1.80801685e+08,0.0,0.0,0.0,718775.0,65343.0,5779.0,1.07794432e+08,1.32524032e+09,19266.989999999998,31.0,240964.0,0.0,240963.0,240963.0,1.0,0.0,0.0
2026-03-31 01:29:00,496,8.364791e+06,4.63493245e+08,1.80895147e+08,0.0,0.0,0.0,719075.0,65370.0,5782.0,1.0766336e+08,1.32524032e+09,19275.359999999997,30.0,241064.0,0.0,241063.0,241063.0,1.0,0.0,0.0
2026-03-31 01:29:12,496,8.368138e+06,4.63688494e+08,1.80956589e+08,0.0,0.0,0.0,719369.0,65397.0,5784.0,1.07794432e+08,1.32524032e+09,19282.690000000002,29.0,241162.0,0.0,241162.0,241162.0,1.0,0.0,0.0
2026-03-31 01:29:24,496,8.371468e+06,4.63883798e+08,1.81020707e+08,0.0,0.0,0.0,719666.0,65424.0,5786.0,1.07794432e+08,1.32524032e+09,19289.489999999998,30.0,241263.0,0.0,241262.0,241262.0,1.0,0.0,0.0
2026-03-31 01:29:36,497,8.37492e+06,4.64073628e+08,1.81111525e+08,0.0,0.0,0.0,719964.0,65451.0,5789.0,1.0766336e+08,1.32524032e+09,19296.75,29.0,241362.0,0.0,241362.0,241362.0,1.0,0.0,0.0
2026-03-31 01:29:49,497,8.378332e+06,4.64266198e+08,1.81175643e+08,0.0,0.0,0.0,720259.0,65478.0,5791.0,1.0766336e+08,1.32524032e+09,19303.84,29.0,241461.0,0.0,241461.0,241461.0,1.0,0.0,0.0
2026-03-31 01:30:01,497,8.381743e+06,4.64450709e+08,1.81239793e+08,0.0,0.0,0.0,720554.0,65504.0,5793.0,1.0766336e+08,1.32524032e+09,19311.2,29.0,241560.0,0.0,241560.0,241560.0,1.0,0.0,0.0
2026-03-31 01:30:13,497,8.385186e+06,4.64640522e+08,1.81338627e+08,0.0,0.0,0.0,720848.0,65531.0,5796.0,1.0766336e+08,1.32524032e+09,19318.050000000003,29.0,241659.0,0.0,241659.0,241659.0,1.0,0.0,0.0
2026-03-31 01:30:25,498,8.388539e+06,4.64833092e+08,1.81402745e+08,0.0,0.0,0.0,721141.0,65558.0,5798.0,1.07401216e+08,1.32524032e+09,19325.25,35.0,241758.0,0.0,241757.0,241757.0,1.0,0.0,0.0
2026-03-31 01:30:37,498,8.391975e+06,4.65031005e+08,1.81466895e+08,0.0,0.0,0.0,721446.0,65586.0,5800.0,1.07532288e+08,1.32524032e+09,19332.800000000003,35.0,241860.0,0.0,241859.0,241859.0,1.0,0.0,0.0
2026-03-31 01:30:49,498,8.395458e+06,4.65223505e+08,1.81560415e+08,0.0,0.0,0.0,721745.0,65613.0,5803.0,1.07532288e+08,1.32524032e+09,19340.66,33.0,241961.0,0.0,241960.0,241960.0,1.0,0.0,0.0
2026-03-31 01:31:01,498,8.398969e+06,4.65407925e+08,1.81624533e+08,0.0,0.0,0.0,722040.0,65639.0,5805.0,1.0766336e+08,1.32524032e+09,19347.38,29.0,242059.0,0.0,242059.0,242059.0,1.0,0.0,0.0
2026-03-31 01:31:13,498,8.402385e+06,4.65605803e+08,1.81685981e+08,0.0,0.0,0.0,722337.0,65667.0,5807.0,1.0766336e+08,1.32524032e+09,19354.87,29.0,242160.0,0.0,242159.0,242159.0,1.0,0.0,0.0
2026-03-31 01:31:26,499,8.405921e+06,4.65792929e+08,1.81782177e+08,0.0,0.0,0.0,722639.0,65694.0,5810.0,1.0766336e+08,1.32524032e+09,19362.44,35.0,242260.0,0.0,242259.0,242259.0,1.0,0.0,0.0
2026-03-31 01:31:38,499,8.409447e+06,4.65985371e+08,1.81843593e+08,0.0,0.0,0.0,722936.0,65721.0,5812.0,1.0766336e+08,1.32524032e+09,19369.82,31.0,242360.0,0.0,242359.0,242359.0,1.0,0.0,0.0
2026-03-31 01:31:50,499,8.412816e+06,4.66177871e+08,1.81937113e+08,0.0,0.0,0.0,723231.0,65748.0,5815.0,1.0766336e+08,1.32524032e+09,19377.26,31.0,242459.0,0.0,242458.0,242458.0,1.0,0.0,0.0
2026-03-31 01:32:02,499,8.416376e+06,4.66370313e+08,1.82001231e+08,0.0,0.0,0.0,723529.0,65775.0,5817.0,1.0766336e+08,1.32524032e+09,19384.300000000003,29.0,242560.0,0.0,242559.0,242559.0,1.0,0.0,0.0
2026-03-31 01:32:14,499,8.419831e+06,4.6656012e+08,1.82097395e+08,0.0,0.0,0.0,723828.0,65802.0,5820.0,1.0766336e+08,1.32524032e+09,19391.579999999998,29.0,242659.0,0.0,242659.0,242659.0,1.0,0.0,0.0
2026-03-31 01:32:27,500,8.423258e+06,4.66752661e+08,1.82158811e+08,0.0,0.0,0.0,724120.0,65829.0,5822.0,1.07532288e+08,1.32524032e+09,19398.65,29.0,242758.0,0.0,242757.0,242757.0,1.0,0.0,0.0
2026-03-31 01:32:39,500,8.426611e+06,4.66937198e+08,1.82222961e+08,0.0,0.0,0.0,724415.0,65855.0,5824.0,1.0766336e+08,1.32524032e+09,19405.7,29.0,242856.0,0.0,242856.0,242856.0,1.0,0.0,0.0
2026-03-31 01:32:51,500,8.430053e+06,4.67129698e+08,1.82316481e+08,0.0,0.0,0.0,724711.0,65882.0,5827.0,1.0766336e+08,1.32524032e+09,19412.72,29.0,242956.0,0.0,242955.0,242955.0,1.0,0.0,0.0
2026-03-31 01:33:03,500,8.433515e+06,4.67319502e+08,1.82380599e+08,0.0,0.0,0.0,725008.0,65909.0,5829.0,1.0766336e+08,1.32524032e+09,19420.26,29.0,243056.0,0.0,243055.0,243055.0,1.0,0.0,0.0
2026-03-31 01:33:15,500,8.437001e+06,4.67520024e+08,1.82444717e+08,0.0,0.0,0.0,725307.0,65937.0,5831.0,1.07794432e+08,1.32524032e+09,19427.2,35.0,243156.0,0.0,243155.0,243155.0,1.0,0.0,0.0
2026-03-31 01:33:27,501,8.440266e+06,4.67704613e+08,1.82543583e+08,0.0,0.0,0.0,725603.0,65963.0,5834.0,1.07794432e+08,1.32524032e+09,19434.32,29.0,243256.0,0.0,243255.0,243255.0,1.0,0.0,0.0
2026-03-31 01:33:39,501,8.443184e+06,4.67873179e+08,1.82607733e+08,0.0,0.0,0.0,725864.0,65987.0,5836.0,1.07925504e+08,1.32524032e+09,19440.71,29.0,243343.0,0.0,243343.0,243343.0,1.0,0.0,0.0
2026-03-31 01:33:52,501,8.446151e+06,4.68038976e+08,1.82669149e+08,0.0,0.0,0.0,726121.0,66010.0,5838.0,1.07925504e+08,1.32524032e+09,19447.03,29.0,243429.0,0.0,243429.0,243429.0,1.0,0.0,0.0
2026-03-31 01:34:04,501,8.44957e+06,4.68239527e+08,1.82730597e+08,0.0,0.0,0.0,726418.0,66038.0,5840.0,1.07925504e+08,1.32524032e+09,19454.06,29.0,243529.0,0.0,243529.0,243529.0,1.0,0.0,0.0
2026-03-31 01:34:16,501,8.453054e+06,4.68423991e+08,1.82792045e+08,0.0,0.0,0.0,726710.0,66064.0,5842.0,1.07925504e+08,1.32524032e+09,19460.82,29.0,243627.0,0.0,243627.0,243627.0,1.0,0.0,0.0
2026-03-31 01:34:28,502,8.456503e+06,4.68616468e+08,1.82882863e+08,0.0,0.0,0.0,727003.0,66091.0,5845.0,1.07925504e+08,1.32524032e+09,19467.760000000002,29.0,243725.0,0.0,243725.0,243725.0,1.0,0.0,0.0
2026-03-31 01:34:40,502,8.456503e+06,4.68616468e+08,1.82882863e+08,0.0,0.0,0.0,727003.0,66091.0,5845.0,1.07925504e+08,1.32524032e+09,19467.78,29.0,243725.0,0.0,243725.0,243725.0,1.0,0.0,0.0
2026-03-31 01:34:52,502,8.456503e+06,4.68616468e+08,1.82882863e+08,0.0,0.0,0.0,727003.0,66091.0,5845.0,1.07925504e+08,1.32524032e+09,19467.789999999997,28.0,243725.0,0.0,243725.0,243725.0,1.0,0.0,0.0
2026-03-31 01:35:04,502,8.456503e+06,4.68616468e+08,1.82882863e+08,0.0,0.0,0.0,727003.0,66091.0,5845.0,1.07925504e+08,1.32524032e+09,19467.82,28.0,243725.0,0.0,243725.0,243725.0,1.0,0.0,0.0
2026-03-31 01:35:16,502,8.456503e+06,4.68616468e+08,1.82882863e+08,0.0,0.0,0.0,727003.0,66091.0,5845.0,1.07925504e+08,1.32524032e+09,19467.83,28.0,243725.0,0.0,243725.0,243725.0,1.0,0.0,0.0
2026-03-31 01:35:28,503,8.456503e+06,4.68616468e+08,1.82882863e+08,0.0,0.0,0.0,727003.0,66091.0,5845.0,1.07925504e+08,1.32524032e+09,19467.85,28.0,243725.0,0.0,243725.0,243725.0,1.0,0.0,0.0
2026-03-31 01:35:40,503,8.456503e+06,4.68616468e+08,1.82882863e+08,0.0,0.0,0.0,727003.0,66091.0,5845.0,1.07925504e+08,1.32524032e+09,19467.86,28.0,243725.0,0.0,243725.0,243725.0,1.0,0.0,0.0
2026-03-31 01:35:52,503,8.457681e+06,4.68677954e+08,1.82917584e+08,0.0,0.0,0.0,727104.0,66100.0,5846.0,1.08056576e+08,1.32524032e+09,19470.399999999998,29.0,243759.0,0.0,243759.0,243759.0,1.0,0.0,0.0
2026-03-31 01:36:04,503,8.457681e+06,4.68677954e+08,1.82917584e+08,0.0,0.0,0.0,727104.0,66100.0,5846.0,1.08056576e+08,1.32524032e+09,19470.43,29.0,243759.0,0.0,243759.0,243759.0,1.0,0.0,0.0
2026-03-31 01:36:16,503,8.457681e+06,4.68677954e+08,1.82917584e+08,0.0,0.0,0.0,727104.0,66100.0,5846.0,1.08056576e+08,1.32524032e+09,19470.440000000002,28.0,243759.0,0.0,243759.0,243759.0,1.0,0.0,0.0
2026-03-31 01:36:28,504,8.460322e+06,4.68830407e+08,1.82946991e+08,0.0,0.0,0.0,727333.0,66121.0,5847.0,1.08056576e+08,1.32524032e+09,19476.0,29.0,243836.0,0.0,243836.0,243836.0,1.0,0.0,0.0
2026-03-31 01:36:40,504,8.460322e+06,4.68830407e+08,1.82946991e+08,0.0,0.0,0.0,727333.0,66121.0,5847.0,1.08056576e+08,1.32524032e+09,19476.01,29.0,243836.0,0.0,243836.0,243836.0,1.0,0.0,0.0
2026-03-31 01:36:53,504,8.460322e+06,4.68830407e+08,1.82946991e+08,0.0,0.0,0.0,727333.0,66121.0,5847.0,1.08056576e+08,1.32524032e+09,19476.030000000002,28.0,243836.0,0.0,243836.0,243836.0,1.0,0.0,0.0
2026-03-31 01:37:05,504,8.460322e+06,4.68830407e+08,1.82946991e+08,0.0,0.0,0.0,727333.0,66121.0,5847.0,1.08056576e+08,1.32524032e+09,19476.05,28.0,243836.0,0.0,243836.0,243836.0,1.0,0.0,0.0
2026-03-31 01:37:17,504,8.460322e+06,4.68830407e+08,1.82946991e+08,0.0,0.0,0.0,727333.0,66121.0,5847.0,1.08056576e+08,1.32524032e+09,19476.06,28.0,243836.0,0.0,243836.0,243836.0,1.0,0.0,0.0
2026-03-31 01:37:28,505,8.460322e+06,4.68830407e+08,1.82946991e+08,0.0,0.0,0.0,727333.0,66121.0,5847.0,1.08056576e+08,1.32524032e+09,19476.07,28.0,243836.0,0.0,243836.0,243836.0,1.0,0.0,0.0
2026-03-31 01:37:40,505,8.460322e+06,4.68830407e+08,1.82946991e+08,0.0,0.0,0.0,727333.0,66121.0,5847.0,1.08056576e+08,1.32524032e+09,19476.09,28.0,243836.0,0.0,243836.0,243836.0,1.0,0.0,0.0
2026-03-31 01:37:52,505,8.460322e+06,4.68830407e+08,1.82946991e+08,0.0,0.0,0.0,727333.0,66121.0,5847.0,1.08056576e+08,1.32524032e+09,19476.11,28.0,243836.0,0.0,243836.0,243836.0,1.0,0.0,0.0
2026-03-31 01:38:03,505,8.460322e+06,4.68830407e+08,1.82946991e+08,0.0,0.0,0.0,727333.0,66121.0,5847.0,1.08056576e+08,1.32524032e+09,19476.12,28.0,243836.0,0.0,243836.0,243836.0,1.0,0.0,0.0
2026-03-31 01:38:15,505,8.460322e+06,4.68830407e+08,1.82946991e+08,0.0,0.0,0.0,727333.0,66121.0,5847.0,1.08056576e+08,1.32524032e+09,19476.14,28.0,243836.0,0.0,243836.0,243836.0,1.0,0.0,0.0
2026-03-31 01:38:27,506,8.460322e+06,4.68830407e+08,1.82946991e+08,0.0,0.0,0.0,727333.0,66121.0,5847.0,1.08056576e+08,1.32524032e+09,19476.15,28.0,243836.0,0.0,243836.0,243836.0,1.0,0.0,0.0
2026-03-31 01:38:38,506,8.460322e+06,4.68830407e+08,1.82946991e+08,0.0,0.0,0.0,727333.0,66121.0,5847.0,1.08056576e+08,1.32524032e+09,19476.17,28.0,243836.0,0.0,243836.0,243836.0,1.0,0.0,0.0
2026-03-31 01:38:50,506,8.460322e+06,4.68830407e+08,1.82946991e+08,0.0,0.0,0.0,727333.0,66121.0,5847.0,1.08056576e+08,1.32524032e+09,19476.18,28.0,243836.0,0.0,243836.0,243836.0,1.0,0.0,0.0
2026-03-31 01:39:01,506,8.460322e+06,4.68830407e+08,1.82946991e+08,0.0,0.0,0.0,727333.0,66121.0,5847.0,1.08056576e+08,1.32524032e+09,19476.2,28.0,243836.0,0.0,243836.0,243836.0,1.0,0.0,0.0
2026-03-31 01:39:13,506,8.460322e+06,4.68830407e+08,1.82946991e+08,0.0,0.0,0.0,727333.0,66121.0,5847.0,1.08056576e+08,1.32524032e+09,19476.22,28.0,243836.0,0.0,243836.0,243836.0,1.0,0.0,0.0
2026-03-31 01:39:25,507,8.460322e+06,4.68830407e+08,1.82946991e+08,0.0,0.0,0.0,727333.0,66121.0,5847.0,1.08056576e+08,1.32524032e+09,19476.23,28.0,243836.0,0.0,243836.0,243836.0,1.0,0.0,0.0
2026-03-31 01:39:36,507,8.460322e+06,4.68830407e+08,1.82946991e+08,0.0,0.0,0.0,727333.0,66121.0,5847.0,1.08056576e+08,1.32524032e+09,19476.25,28.0,243836.0,0.0,243836.0,243836.0,1.0,0.0,0.0
2026-03-31 01:39:48,507,8.460322e+06,4.68830407e+08,1.82946991e+08,0.0,0.0,0.0,727333.0,66121.0,5847.0,1.08056576e+08,1.32524032e+09,19476.260000000002,28.0,243836.0,0.0,243836.0,243836.0,1.0,0.0,0.0
2026-03-31 01:40:00,507,8.460322e+06,4.68830407e+08,1.82946991e+08,0.0,0.0,0.0,727333.0,66121.0,5847.0,1.08056576e+08,1.32524032e+09,19476.28,28.0,243836.0,0.0,243836.0,243836.0,1.0,0.0,0.0
2026-03-31 01:40:12,507,8.460322e+06,4.68830407e+08,1.82946991e+08,0.0,0.0,0.0,727333.0,66121.0,5847.0,1.08056576e+08,1.32524032e+09,19476.3,28.0,243836.0,0.0,243836.0,243836.0,1.0,0.0,0.0
2026-03-31 01:40:23,507,8.460322e+06,4.68830407e+08,1.82946991e+08,0.0,0.0,0.0,727333.0,66121.0,5847.0,1.08056576e+08,1.32524032e+09,19476.309999999998,28.0,243836.0,0.0,243836.0,243836.0,1.0,0.0,0.0
2026-03-31 01:40:35,508,8.460322e+06,4.68830407e+08,1.82946991e+08,0.0,0.0,0.0,727333.0,66121.0,5847.0,1.08056576e+08,1.32524032e+09,19476.33,28.0,243836.0,0.0,243836.0,243836.0,1.0,0.0,0.0
2026-03-31 01:40:46,508,8.460322e+06,4.68830407e+08,1.82946991e+08,0.0,0.0,0.0,727333.0,66121.0,5847.0,1.08056576e+08,1.32524032e+09,19476.34,28.0,243836.0,0.0,243836.0,243836.0,1.0,0.0,0.0
2026-03-31 01:40:58,508,8.460322e+06,4.68830407e+08,1.82946991e+08,0.0,0.0,0.0,727333.0,66121.0,5847.0,1.08056576e+08,1.32524032e+09,19476.36,28.0,243836.0,0.0,243836.0,243836.0,1.0,0.0,0.0
2026-03-31 01:41:10,508,8.460322e+06,4.68830407e+08,1.82946991e+08,0.0,0.0,0.0,727333.0,66121.0,5847.0,1.08056576e+08,1.32524032e+09,19476.37,28.0,243836.0,0.0,243836.0,243836.0,1.0,0.0,0.0
2026-03-31 01:41:21,508,8.460322e+06,4.68830407e+08,1.82946991e+08,0.0,0.0,0.0,727333.0,66121.0,5847.0,1.08056576e+08,1.32524032e+09,19476.39,28.0,243836.0,0.0,243836.0,243836.0,1.0,0.0,0.0
2026-03-31 01:41:33,509,8.460322e+06,4.68830407e+08,1.82946991e+08,0.0,0.0,0.0,727333.0,66121.0,5847.0,1.08056576e+08,1.32524032e+09,19476.4,28.0,243836.0,0.0,243836.0,243836.0,1.0,0.0,0.0
2026-03-31 01:41:45,509,8.460322e+06,4.68830407e+08,1.82946991e+08,0.0,0.0,0.0,727333.0,66121.0,5847.0,1.08056576e+08,1.32524032e+09,19476.42,28.0,243836.0,0.0,243836.0,243836.0,1.0,0.0,0.0
2026-03-31 01:41:56,509,8.460322e+06,4.68830407e+08,1.82946991e+08,0.0,0.0,0.0,727333.0,66121.0,5847.0,1.08056576e+08,1.32524032e+09,19476.440000000002,28.0,243836.0,0.0,243836.0,243836.0,1.0,0.0,0.0
2026-03-31 01:42:08,509,8.460322e+06,4.68830407e+08,1.82946991e+08,0.0,0.0,0.0,727333.0,66121.0,5847.0,1.08056576e+08,1.32524032e+09,19476.46,28.0,243836.0,0.0,243836.0,243836.0,1.0,0.0,0.0
2026-03-31 01:42:19,509,8.460322e+06,4.68830407e+08,1.82946991e+08,0.0,0.0,0.0,727333.0,66121.0,5847.0,1.08056576e+08,1.32524032e+09,19476.47,28.0,243836.0,0.0,243836.0,243836.0,1.0,0.0,0.0
2026-03-31 01:42:31,510,8.460322e+06,4.68830407e+08,1.82946991e+08,0.0,0.0,0.0,727333.0,66121.0,5847.0,1.08056576e+08,1.32524032e+09,19476.48,28.0,243836.0,0.0,243836.0,243836.0,1.0,0.0,0.0
2026-03-31 01:42:43,510,8.460322e+06,4.68830407e+08,1.82946991e+08,0.0,0.0,0.0,727333.0,66121.0,5847.0,1.08056576e+08,1.32524032e+09,19476.510000000002,28.0,243836.0,0.0,243836.0,243836.0,1.0,0.0,0.0
2026-03-31 01:42:54,510,8.460322e+06,4.68830407e+08,1.82946991e+08,0.0,0.0,0.0,727333.0,66121.0,5847.0,1.08056576e+08,1.32524032e+09,19476.510000000002,28.0,243836.0,0.0,243836.0,243836.0,1.0,0.0,0.0
2026-03-31 01:43:06,510,8.460322e+06,4.68830407e+08,1.82946991e+08,0.0,0.0,0.0,727333.0,66121.0,5847.0,1.08056576e+08,1.32524032e+09,19476.53,28.0,243836.0,0.0,243836.0,243836.0,1.0,0.0,0.0
2026-03-31 01:43:18,510,8.460322e+06,4.68830407e+08,1.82946991e+08,0.0,0.0,0.0,727333.0,66121.0,5847.0,1.08056576e+08,1.32524032e+09,19476.55,28.0,243836.0,0.0,243836.0,243836.0,1.0,0.0,0.0
2026-03-31 01:43:29,511,8.460322e+06,4.68830407e+08,1.82946991e+08,0.0,0.0,0.0,727333.0,66121.0,5847.0,1.08056576e+08,1.32524032e+09,19476.559999999998,28.0,243836.0,0.0,243836.0,243836.0,1.0,0.0,0.0
2026-03-31 01:43:41,511,8.460322e+06,4.68830407e+08,1.82946991e+08,0.0,0.0,0.0,727333.0,66121.0,5847.0,1.08056576e+08,1.32524032e+09,19476.58,28.0,243836.0,0.0,243836.0,243836.0,1.0,0.0,0.0
2026-03-31 01:43:53,511,8.460322e+06,4.68830407e+08,1.82946991e+08,0.0,0.0,0.0,727333.0,66121.0,5847.0,1.08056576e+08,1.32524032e+09,19476.6,28.0,243836.0,0.0,243836.0,243836.0,1.0,0.0,0.0
2026-03-31 01:44:04,511,8.460322e+06,4.68830407e+08,1.82946991e+08,0.0,0.0,0.0,727333.0,66121.0,5847.0,1.08056576e+08,1.32524032e+09,19476.61,28.0,243836.0,0.0,243836.0,243836.0,1.0,0.0,0.0
2026-03-31 01:44:16,511,8.460322e+06,4.68830407e+08,1.82946991e+08,0.0,0.0,0.0,727333.0,66121.0,5847.0,1.08056576e+08,1.32524032e+09,19476.629999999997,28.0,243836.0,0.0,243836.0,243836.0,1.0,0.0,0.0
2026-03-31 01:44:28,512,8.460322e+06,4.68830407e+08,1.82946991e+08,0.0,0.0,0.0,727333.0,66121.0,5847.0,1.08056576e+08,1.32524032e+09,19476.65,28.0,243836.0,0.0,243836.0,243836.0,1.0,0.0,0.0
2026-03-31 01:44:39,512,8.460322e+06,4.68830407e+08,1.82946991e+08,0.0,0.0,0.0,727333.0,66121.0,5847.0,1.08056576e+08,1.32524032e+09,19476.66,28.0,243836.0,0.0,243836.0,243836.0,1.0,0.0,0.0
2026-03-31 01:44:51,512,8.460322e+06,4.68830407e+08,1.82946991e+08,0.0,0.0,0.0,727333.0,66121.0,5847.0,1.08056576e+08,1.32524032e+09,19476.68,28.0,243836.0,0.0,243836.0,243836.0,1.0,0.0,0.0
2026-03-31 01:45:03,512,8.460322e+06,4.68830407e+08,1.82946991e+08,0.0,0.0,0.0,727333.0,66121.0,5847.0,1.08056576e+08,1.32524032e+09,19476.7,28.0,243836.0,0.0,243836.0,243836.0,1.0,0.0,0.0
2026-03-31 01:45:15,512,8.460322e+06,4.68830407e+08,1.82946991e+08,0.0,0.0,0.0,727333.0,66121.0,5847.0,1.08056576e+08,1.32524032e+09,19476.72,28.0,243836.0,0.0,243836.0,243836.0,1.0,0.0,0.0
2026-03-31 01:45:26,513,8.460322e+06,4.68830407e+08,1.82946991e+08,0.0,0.0,0.0,727333.0,66121.0,5847.0,1.08056576e+08,1.32524032e+09,19476.73,28.0,243836.0,0.0,243836.0,243836.0,1.0,0.0,0.0
2026-03-31 01:45:38,513,8.460322e+06,4.68830407e+08,1.82946991e+08,0.0,0.0,0.0,727333.0,66121.0,5847.0,1.08056576e+08,1.32524032e+09,19476.75,28.0,243836.0,0.0,243836.0,243836.0,1.0,0.0,0.0
2026-03-31 01:45:50,513,8.460322e+06,4.68830407e+08,1.82946991e+08,0.0,0.0,0.0,727333.0,66121.0,5847.0,1.08056576e+08,1.32524032e+09,19476.760000000002,28.0,243836.0,0.0,243836.0,243836.0,1.0,0.0,0.0
2026-03-31 01:46:01,513,8.460322e+06,4.68830407e+08,1.82946991e+08,0.0,0.0,0.0,727333.0,66121.0,5847.0,1.08056576e+08,1.32524032e+09,19476.78,28.0,243836.0,0.0,243836.0,243836.0,1.0,0.0,0.0
2026-03-31 01:46:13,513,8.460322e+06,4.68830407e+08,1.82946991e+08,0.0,0.0,0.0,727333.0,66121.0,5847.0,1.08056576e+08,1.32524032e+09,19476.789999999997,28.0,243836.0,0.0,243836.0,243836.0,1.0,0.0,0.0
2026-03-31 01:46:25,514,8.460322e+06,4.68830407e+08,1.82946991e+08,0.0,0.0,0.0,727333.0,66121.0,5847.0,1.08056576e+08,1.32524032e+09,19476.81,28.0,243836.0,0.0,243836.0,243836.0,1.0,0.0,0.0
2026-03-31 01:46:36,514,8.460322e+06,4.68830407e+08,1.82946991e+08,0.0,0.0,0.0,727333.0,66121.0,5847.0,1.08056576e+08,1.32524032e+09,19476.829999999998,28.0,243836.0,0.0,243836.0,243836.0,1.0,0.0,0.0
2026-03-31 01:46:48,514,8.460322e+06,4.68830407e+08,1.82946991e+08,0.0,0.0,0.0,727333.0,66121.0,5847.0,1.08056576e+08,1.32524032e+09,19476.84,28.0,243836.0,0.0,243836.0,243836.0,1.0,0.0,0.0
2026-03-31 01:47:00,514,8.460322e+06,4.68830407e+08,1.82946991e+08,0.0,0.0,0.0,727333.0,66121.0,5847.0,1.08056576e+08,1.32524032e+09,19476.86,28.0,243836.0,0.0,243836.0,243836.0,1.0,0.0,0.0
2026-03-31 01:47:11,514,8.460322e+06,4.68830407e+08,1.82946991e+08,0.0,0.0,0.0,727333.0,66121.0,5847.0,1.08056576e+08,1.32524032e+09,19476.88,28.0,243836.0,0.0,243836.0,243836.0,1.0,0.0,0.0
2026-03-31 01:47:23,514,8.460322e+06,4.68830407e+08,1.82946991e+08,0.0,0.0,0.0,727333.0,66121.0,5847.0,1.08056576e+08,1.32524032e+09,19476.9,28.0,243836.0,0.0,243836.0,243836.0,1.0,0.0,0.0
2026-03-31 01:47:35,515,8.460322e+06,4.68830407e+08,1.82946991e+08,0.0,0.0,0.0,727333.0,66121.0,5847.0,1.08056576e+08,1.32524032e+09,19476.920000000002,28.0,243836.0,0.0,243836.0,243836.0,1.0,0.0,0.0
2026-03-31 01:47:46,515,8.460322e+06,4.68830407e+08,1.82946991e+08,0.0,0.0,0.0,727333.0,66121.0,5847.0,1.08056576e+08,1.32524032e+09,19476.93,28.0,243836.0,0.0,243836.0,243836.0,1.0,0.0,0.0
2026-03-31 01:47:58,515,8.460322e+06,4.68830407e+08,1.82946991e+08,0.0,0.0,0.0,727333.0,66121.0,5847.0,1.08056576e+08,1.32524032e+09,19476.949999999997,28.0,243836.0,0.0,243836.0,243836.0,1.0,0.0,0.0
2026-03-31 01:48:10,515,8.460322e+06,4.68830407e+08,1.82946991e+08,0.0,0.0,0.0,727333.0,66121.0,5847.0,1.08056576e+08,1.32524032e+09,19476.96,28.0,243836.0,0.0,243836.0,243836.0,1.0,0.0,0.0
2026-03-31 01:48:21,515,8.460322e+06,4.68830407e+08,1.82946991e+08,0.0,0.0,0.0,727333.0,66121.0,5847.0,1.08056576e+08,1.32524032e+09,19476.98,28.0,243836.0,0.0,243836.0,243836.0,1.0,0.0,0.0
2026-03-31 01:48:33,516,8.460322e+06,4.68830407e+08,1.82946991e+08,0.0,0.0,0.0,727333.0,66121.0,5847.0,1.08056576e+08,1.32524032e+09,19477.0,28.0,243836.0,0.0,243836.0,243836.0,1.0,0.0,0.0
2026-03-31 01:48:45,516,8.460322e+06,4.68830407e+08,1.82946991e+08,0.0,0.0,0.0,727333.0,66121.0,5847.0,1.08056576e+08,1.32524032e+09,19477.02,28.0,243836.0,0.0,243836.0,243836.0,1.0,0.0,0.0
2026-03-31 01:48:56,516,8.460322e+06,4.68830407e+08,1.82946991e+08,0.0,0.0,0.0,727333.0,66121.0,5847.0,1.08056576e+08,1.32524032e+09,19477.030000000002,28.0,243836.0,0.0,243836.0,243836.0,1.0,0.0,0.0
2026-03-31 01:49:08,516,8.460322e+06,4.68830407e+08,1.82946991e+08,0.0,0.0,0.0,727333.0,66121.0,5847.0,1.08056576e+08,1.32524032e+09,19477.04,28.0,243836.0,0.0,243836.0,243836.0,1.0,0.0,0.0
2026-03-31 01:49:20,516,8.460322e+06,4.68830407e+08,1.82946991e+08,0.0,0.0,0.0,727333.0,66121.0,5847.0,1.08056576e+08,1.32524032e+09,19477.059999999998,28.0,243836.0,0.0,243836.0,243836.0,1.0,0.0,0.0
2026-03-31 01:49:31,517,8.460322e+06,4.68830407e+08,1.82946991e+08,0.0,0.0,0.0,727333.0,66121.0,5847.0,1.08056576e+08,1.32524032e+09,19477.07,28.0,243836.0,0.0,243836.0,243836.0,1.0,0.0,0.0
2026-03-31 01:49:43,517,8.460322e+06,4.68830407e+08,1.82946991e+08,0.0,0.0,0.0,727333.0,66121.0,5847.0,1.08056576e+08,1.32524032e+09,19477.09,28.0,243836.0,0.0,243836.0,243836.0,1.0,0.0,0.0
2026-03-31 01:49:54,517,8.460322e+06,4.68830407e+08,1.82946991e+08,0.0,0.0,0.0,727333.0,66121.0,5847.0,1.08056576e+08,1.32524032e+09,19477.11,28.0,243836.0,0.0,243836.0,243836.0,1.0,0.0,0.0
2026-03-31 01:50:06,517,8.460322e+06,4.68830407e+08,1.82946991e+08,0.0,0.0,0.0,727333.0,66121.0,5847.0,1.08056576e+08,1.32524032e+09,19477.13,28.0,243836.0,0.0,243836.0,243836.0,1.0,0.0,0.0
2026-03-31 01:50:18,517,8.460322e+06,4.68830407e+08,1.82946991e+08,0.0,0.0,0.0,727333.0,66121.0,5847.0,1.08056576e+08,1.32524032e+09,19477.14,28.0,243836.0,0.0,243836.0,243836.0,1.0,0.0,0.0
2026-03-31 01:50:29,518,8.460322e+06,4.68830407e+08,1.82946991e+08,0.0,0.0,0.0,727333.0,66121.0,5847.0,1.08056576e+08,1.32524032e+09,19477.15,28.0,243836.0,0.0,243836.0,243836.0,1.0,0.0,0.0
2026-03-31 01:50:41,518,8.460322e+06,4.68830407e+08,1.82946991e+08,0.0,0.0,0.0,727333.0,66121.0,5847.0,1.08056576e+08,1.32524032e+09,19477.170000000002,28.0,243836.0,0.0,243836.0,243836.0,1.0,0.0,0.0
2026-03-31 01:50:53,518,8.460322e+06,4.68830407e+08,1.82946991e+08,0.0,0.0,0.0,727333.0,66121.0,5847.0,1.08056576e+08,1.32524032e+09,19477.19,28.0,243836.0,0.0,243836.0,243836.0,1.0,0.0,0.0
2026-03-31 01:51:04,518,8.460322e+06,4.68830407e+08,1.82946991e+08,0.0,0.0,0.0,727333.0,66121.0,5847.0,1.08056576e+08,1.32524032e+09,19477.21,28.0,243836.0,0.0,243836.0,243836.0,1.0,0.0,0.0
2026-03-31 01:51:16,518,8.460322e+06,4.68830407e+08,1.82946991e+08,0.0,0.0,0.0,727333.0,66121.0,5847.0,1.08056576e+08,1.32524032e+09,19477.219999999998,28.0,243836.0,0.0,243836.0,243836.0,1.0,0.0,0.0
2026-03-31 01:51:28,519,8.460322e+06,4.68830407e+08,1.82946991e+08,0.0,0.0,0.0,727333.0,66121.0,5847.0,1.08056576e+08,1.32524032e+09,19477.24,28.0,243836.0,0.0,243836.0,243836.0,1.0,0.0,0.0
2026-03-31 01:51:40,519,8.460322e+06,4.68830407e+08,1.82946991e+08,0.0,0.0,0.0,727333.0,66121.0,5847.0,1.08056576e+08,1.32524032e+09,19477.25,28.0,243836.0,0.0,243836.0,243836.0,1.0,0.0,0.0
2026-03-31 01:51:51,519,8.460322e+06,4.68830407e+08,1.82946991e+08,0.0,0.0,0.0,727333.0,66121.0,5847.0,1.08056576e+08,1.32524032e+09,19477.27,28.0,243836.0,0.0,243836.0,243836.0,1.0,0.0,0.0
2026-03-31 01:52:03,519,8.460322e+06,4.68830407e+08,1.82946991e+08,0.0,0.0,0.0,727333.0,66121.0,5847.0,1.08056576e+08,1.32524032e+09,19477.28,28.0,243836.0,0.0,243836.0,243836.0,1.0,0.0,0.0
2026-03-31 01:52:15,519,8.460322e+06,4.68830407e+08,1.82946991e+08,0.0,0.0,0.0,727333.0,66121.0,5847.0,1.08056576e+08,1.32524032e+09,19477.300000000003,28.0,243836.0,0.0,243836.0,243836.0,1.0,0.0,0.0
2026-03-31 01:52:26,520,8.460322e+06,4.68830407e+08,1.82946991e+08,0.0,0.0,0.0,727333.0,66121.0,5847.0,1.08056576e+08,1.32524032e+09,19477.32,28.0,243836.0,0.0,243836.0,243836.0,1.0,0.0,0.0
2026-03-31 01:52:38,520,8.460322e+06,4.68830407e+08,1.82946991e+08,0.0,0.0,0.0,727333.0,66121.0,5847.0,1.08056576e+08,1.32524032e+09,19477.329999999998,28.0,243836.0,0.0,243836.0,243836.0,1.0,0.0,0.0
2026-03-31 01:52:49,520,8.460322e+06,4.68830407e+08,1.82946991e+08,0.0,0.0,0.0,727333.0,66121.0,5847.0,1.08056576e+08,1.32524032e+09,19477.350000000002,28.0,243836.0,0.0,243836.0,243836.0,1.0,0.0,0.0
2026-03-31 01:53:01,520,8.460322e+06,4.68830407e+08,1.82946991e+08,0.0,0.0,0.0,727333.0,66121.0,5847.0,1.08056576e+08,1.32524032e+09,19477.36,28.0,243836.0,0.0,243836.0,243836.0,1.0,0.0,0.0
2026-03-31 01:53:13,520,8.460322e+06,4.68830407e+08,1.82946991e+08,0.0,0.0,0.0,727333.0,66121.0,5847.0,1.08056576e+08,1.32524032e+09,19477.38,28.0,243836.0,0.0,243836.0,243836.0,1.0,0.0,0.0
2026-03-31 01:53:24,520,8.460322e+06,4.68830407e+08,1.82946991e+08,0.0,0.0,0.0,727333.0,66121.0,5847.0,1.08056576e+08,1.32524032e+09,19477.399999999998,28.0,243836.0,0.0,243836.0,243836.0,1.0,0.0,0.0
2026-03-31 01:53:36,521,8.460322e+06,4.68830407e+08,1.82946991e+08,0.0,0.0,0.0,727333.0,66121.0,5847.0,1.08056576e+08,1.32524032e+09,19477.41,28.0,243836.0,0.0,243836.0,243836.0,1.0,0.0,0.0
2026-03-31 01:53:48,521,8.460322e+06,4.68830407e+08,1.82946991e+08,0.0,0.0,0.0,727333.0,66121.0,5847.0,1.08056576e+08,1.32524032e+09,19477.44,28.0,243836.0,0.0,243836.0,243836.0,1.0,0.0,0.0
2026-03-31 01:53:59,521,8.460322e+06,4.68830407e+08,1.82946991e+08,0.0,0.0,0.0,727333.0,66121.0,5847.0,1.08056576e+08,1.32524032e+09,19477.45,28.0,243836.0,0.0,243836.0,243836.0,1.0,0.0,0.0
2026-03-31 01:54:11,521,8.460322e+06,4.68830407e+08,1.82946991e+08,0.0,0.0,0.0,727333.0,66121.0,5847.0,1.08056576e+08,1.32524032e+09,19477.469999999998,28.0,243836.0,0.0,243836.0,243836.0,1.0,0.0,0.0
2026-03-31 01:54:23,521,8.460322e+06,4.68830407e+08,1.82946991e+08,0.0,0.0,0.0,727333.0,66121.0,5847.0,1.08056576e+08,1.32524032e+09,19477.48,28.0,243836.0,0.0,243836.0,243836.0,1.0,0.0,0.0
2026-03-31 01:54:34,522,8.460322e+06,4.68830407e+08,1.82946991e+08,0.0,0.0,0.0,727333.0,66121.0,5847.0,1.08056576e+08,1.32524032e+09,19477.489999999998,28.0,243836.0,0.0,243836.0,243836.0,1.0,0.0,0.0
2026-03-31 01:54:46,522,8.460322e+06,4.68830407e+08,1.82946991e+08,0.0,0.0,0.0,727333.0,66121.0,5847.0,1.08056576e+08,1.32524032e+09,19477.510000000002,28.0,243836.0,0.0,243836.0,243836.0,1.0,0.0,0.0
2026-03-31 01:54:58,522,8.460322e+06,4.68830407e+08,1.82946991e+08,0.0,0.0,0.0,727333.0,66121.0,5847.0,1.08056576e+08,1.32524032e+09,19477.52,28.0,243836.0,0.0,243836.0,243836.0,1.0,0.0,0.0
2026-03-31 01:55:09,522,8.460322e+06,4.68830407e+08,1.82946991e+08,0.0,0.0,0.0,727333.0,66121.0,5847.0,1.08056576e+08,1.32524032e+09,19477.54,28.0,243836.0,0.0,243836.0,243836.0,1.0,0.0,0.0
2026-03-31 01:55:21,522,8.460322e+06,4.68830407e+08,1.82946991e+08,0.0,0.0,0.0,727333.0,66121.0,5847.0,1.08056576e+08,1.32524032e+09,19477.56,28.0,243836.0,0.0,243836.0,243836.0,1.0,0.0,0.0
2026-03-31 01:55:33,523,8.460322e+06,4.68830407e+08,1.82946991e+08,0.0,0.0,0.0,727333.0,66121.0,5847.0,1.08056576e+08,1.32524032e+09,19477.57,28.0,243836.0,0.0,243836.0,243836.0,1.0,0.0,0.0
2026-03-31 01:55:44,523,8.460322e+06,4.68830407e+08,1.82946991e+08,0.0,0.0,0.0,727333.0,66121.0,5847.0,1.08056576e+08,1.32524032e+09,19477.589999999997,28.0,243836.0,0.0,243836.0,243836.0,1.0,0.0,0.0
2026-03-31 01:55:56,523,8.460322e+06,4.68830407e+08,1.82946991e+08,0.0,0.0,0.0,727333.0,66121.0,5847.0,1.08056576e+08,1.32524032e+09,19477.6,28.0,243836.0,0.0,243836.0,243836.0,1.0,0.0,0.0
2026-03-31 01:56:08,523,8.460322e+06,4.68830407e+08,1.82946991e+08,0.0,0.0,0.0,727333.0,66121.0,5847.0,1.08056576e+08,1.32524032e+09,19477.62,28.0,243836.0,0.0,243836.0,243836.0,1.0,0.0,0.0
2026-03-31 01:56:20,523,8.460322e+06,4.68830407e+08,1.82946991e+08,0.0,0.0,0.0,727333.0,66121.0,5847.0,1.08056576e+08,1.32524032e+09,19477.63,28.0,243836.0,0.0,243836.0,243836.0,1.0,0.0,0.0
2026-03-31 01:56:31,524,8.460322e+06,4.68830407e+08,1.82946991e+08,0.0,0.0,0.0,727333.0,66121.0,5847.0,1.00323328e+08,1.32524032e+09,19477.649999999998,28.0,243836.0,0.0,243836.0,243836.0,1.0,0.0,0.0
2026-03-31 01:56:43,524,8.460322e+06,4.68830407e+08,1.82946991e+08,0.0,0.0,0.0,727333.0,66121.0,5847.0,1.00323328e+08,1.32524032e+09,19477.670000000002,28.0,243836.0,0.0,243836.0,243836.0,1.0,0.0,0.0
2026-03-31 01:56:55,524,8.460322e+06,4.68830407e+08,1.82946991e+08,0.0,0.0,0.0,727333.0,66121.0,5847.0,1.00323328e+08,1.32524032e+09,19477.68,28.0,243836.0,0.0,243836.0,243836.0,1.0,0.0,0.0
2026-03-31 01:57:06,524,8.460322e+06,4.68830407e+08,1.82946991e+08,0.0,0.0,0.0,727333.0,66121.0,5847.0,1.00323328e+08,1.32524032e+09,19477.69,28.0,243836.0,0.0,243836.0,243836.0,1.0,0.0,0.0
2026-03-31 01:57:18,524,8.460322e+06,4.68830407e+08,1.82946991e+08,0.0,0.0,0.0,727333.0,66121.0,5847.0,1.00323328e+08,1.32524032e+09,19477.710000000003,28.0,243836.0,0.0,243836.0,243836.0,1.0,0.0,0.0
2026-03-31 01:57:30,525,8.460322e+06,4.68830407e+08,1.82946991e+08,0.0,0.0,0.0,727333.0,66121.0,5847.0,1.00323328e+08,1.32524032e+09,19477.73,28.0,243836.0,0.0,243836.0,243836.0,1.0,0.0,0.0
2026-03-31 01:57:41,525,8.460322e+06,4.68830407e+08,1.82946991e+08,0.0,0.0,0.0,727333.0,66121.0,5847.0,1.00061184e+08,1.32524032e+09,19477.739999999998,28.0,243836.0,0.0,243836.0,243836.0,1.0,0.0,0.0
2026-03-31 01:57:53,525,8.460322e+06,4.68830407e+08,1.82946991e+08,0.0,0.0,0.0,727333.0,66121.0,5847.0,9.9930112e+07,1.32524032e+09,19477.760000000002,28.0,243836.0,0.0,243836.0,243836.0,1.0,0.0,0.0
2026-03-31 01:58:05,525,8.460322e+06,4.68830407e+08,1.82946991e+08,0.0,0.0,0.0,727333.0,66121.0,5847.0,9.9930112e+07,1.32524032e+09,19477.78,28.0,243836.0,0.0,243836.0,243836.0,1.0,0.0,0.0
2026-03-31 01:58:16,525,8.460322e+06,4.68830407e+08,1.82946991e+08,0.0,0.0,0.0,727333.0,66121.0,5847.0,9.9930112e+07,1.32524032e+09,19477.79,28.0,243836.0,0.0,243836.0,243836.0,1.0,0.0,0.0
2026-03-31 01:58:28,526,8.460322e+06,4.68830407e+08,1.82946991e+08,0.0,0.0,0.0,727333.0,66121.0,5847.0,9.9930112e+07,1.32524032e+09,19477.800000000003,28.0,243836.0,0.0,243836.0,243836.0,1.0,0.0,0.0
2026-03-31 01:58:40,526,8.460322e+06,4.68830407e+08,1.82946991e+08,0.0,0.0,0.0,727333.0,66121.0,5847.0,9.9930112e+07,1.32524032e+09,19477.82,28.0,243836.0,0.0,243836.0,243836.0,1.0,0.0,0.0
2026-03-31 01:58:51,526,8.460322e+06,4.68830407e+08,1.82946991e+08,0.0,0.0,0.0,727333.0,66121.0,5847.0,9.9930112e+07,1.32524032e+09,19477.84,28.0,243836.0,0.0,243836.0,243836.0,1.0,0.0,0.0
2026-03-31 01:59:03,526,8.460322e+06,4.68830407e+08,1.82946991e+08,0.0,0.0,0.0,727333.0,66121.0,5847.0,9.9930112e+07,1.32524032e+09,19477.85,28.0,243836.0,0.0,243836.0,243836.0,1.0,0.0,0.0
2026-03-31 01:59:14,526,8.460322e+06,4.68830407e+08,1.82946991e+08,0.0,0.0,0.0,727333.0,66121.0,5847.0,9.9930112e+07,1.32524032e+09,19477.87,28.0,243836.0,0.0,243836.0,243836.0,1.0,0.0,0.0
2026-03-31 01:59:26,527,8.460322e+06,4.68830407e+08,1.82946991e+08,0.0,0.0,0.0,727333.0,66121.0,5847.0,9.9930112e+07,1.32524032e+09,19477.89,28.0,243836.0,0.0,243836.0,243836.0,1.0,0.0,0.0
2026-03-31 01:59:38,527,8.460322e+06,4.68830407e+08,1.82946991e+08,0.0,0.0,0.0,727333.0,66121.0,5847.0,9.9930112e+07,1.32524032e+09,19477.899999999998,28.0,243836.0,0.0,243836.0,243836.0,1.0,0.0,0.0
2026-03-31 01:59:49,527,8.460322e+06,4.68830407e+08,1.82946991e+08,0.0,0.0,0.0,727333.0,66121.0,5847.0,9.9930112e+07,1.32524032e+09,19477.92,28.0,243836.0,0.0,243836.0,243836.0,1.0,0.0,0.0
2026-03-31 02:00:01,527,8.460322e+06,4.68830407e+08,1.82946991e+08,0.0,0.0,0.0,727333.0,66121.0,5847.0,9.9930112e+07,1.32524032e+09,19477.93,28.0,243836.0,0.0,243836.0,243836.0,1.0,0.0,0.0
2026-03-31 02:00:13,527,8.460322e+06,4.68830407e+08,1.82946991e+08,0.0,0.0,0.0,727333.0,66121.0,5847.0,9.9930112e+07,1.32524032e+09,19477.95,28.0,243836.0,0.0,243836.0,243836.0,1.0,0.0,0.0
2026-03-31 02:00:24,527,8.460322e+06,4.68830407e+08,1.82946991e+08,0.0,0.0,0.0,727333.0,66121.0,5847.0,9.9930112e+07,1.32524032e+09,19477.96,28.0,243836.0,0.0,243836.0,243836.0,1.0,0.0,0.0
2026-03-31 02:00:36,528,8.460322e+06,4.68830407e+08,1.82946991e+08,0.0,0.0,0.0,727333.0,66121.0,5847.0,9.979904e+07,1.32524032e+09,19477.980000000003,28.0,243836.0,0.0,243836.0,243836.0,1.0,0.0,0.0
2026-03-31 02:00:48,528,8.460322e+06,4.68830407e+08,1.82946991e+08,0.0,0.0,0.0,727333.0,66121.0,5847.0,9.979904e+07,1.32524032e+09,19478.0,28.0,243836.0,0.0,243836.0,243836.0,1.0,0.0,0.0
2026-03-31 02:00:59,528,8.460322e+06,4.68830407e+08,1.82946991e+08,0.0,0.0,0.0,727333.0,66121.0,5847.0,9.979904e+07,1.32524032e+09,19478.01,28.0,243836.0,0.0,243836.0,243836.0,1.0,0.0,0.0
2026-03-31 02:01:11,528,8.460322e+06,4.68830407e+08,1.82946991e+08,0.0,0.0,0.0,727333.0,66121.0,5847.0,9.979904e+07,1.32524032e+09,19478.03,28.0,243836.0,0.0,243836.0,243836.0,1.0,0.0,0.0
2026-03-31 02:01:23,528,8.460322e+06,4.68830407e+08,1.82946991e+08,0.0,0.0,0.0,727333.0,66121.0,5847.0,9.979904e+07,1.32524032e+09,19478.05,28.0,243836.0,0.0,243836.0,243836.0,1.0,0.0,0.0
2026-03-31 02:01:34,529,8.460322e+06,4.68830407e+08,1.82946991e+08,0.0,0.0,0.0,727333.0,66121.0,5847.0,9.979904e+07,1.32524032e+09,19478.06,28.0,243836.0,0.0,243836.0,243836.0,1.0,0.0,0.0
2026-03-31 02:01:46,529,8.460322e+06,4.68830407e+08,1.82946991e+08,0.0,0.0,0.0,727333.0,66121.0,5847.0,9.979904e+07,1.32524032e+09,19478.079999999998,28.0,243836.0,0.0,243836.0,243836.0,1.0,0.0,0.0
2026-03-31 02:01:58,529,8.460322e+06,4.68830407e+08,1.82946991e+08,0.0,0.0,0.0,727333.0,66121.0,5847.0,9.979904e+07,1.32524032e+09,19478.100000000002,28.0,243836.0,0.0,243836.0,243836.0,1.0,0.0,0.0
2026-03-31 02:02:09,529,8.460322e+06,4.68830407e+08,1.82946991e+08,0.0,0.0,0.0,727333.0,66121.0,5847.0,9.979904e+07,1.32524032e+09,19478.11,28.0,243836.0,0.0,243836.0,243836.0,1.0,0.0,0.0
2026-03-31 02:02:21,529,8.460322e+06,4.68830407e+08,1.82946991e+08,0.0,0.0,0.0,727333.0,66121.0,5847.0,9.979904e+07,1.32524032e+09,19478.13,28.0,243836.0,0.0,243836.0,243836.0,1.0,0.0,0.0
2026-03-31 02:02:32,530,8.460322e+06,4.68830407e+08,1.82946991e+08,0.0,0.0,0.0,727333.0,66121.0,5847.0,9.979904e+07,1.32524032e+09,19478.15,28.0,243836.0,0.0,243836.0,243836.0,1.0,0.0,0.0
2026-03-31 02:02:44,530,8.460322e+06,4.68830407e+08,1.82946991e+08,0.0,0.0,0.0,727333.0,66121.0,5847.0,9.979904e+07,1.32524032e+09,19478.16,28.0,243836.0,0.0,243836.0,243836.0,1.0,0.0,0.0
2026-03-31 02:02:56,530,8.460322e+06,4.68830407e+08,1.82946991e+08,0.0,0.0,0.0,727333.0,66121.0,5847.0,9.979904e+07,1.32524032e+09,19478.17,28.0,243836.0,0.0,243836.0,243836.0,1.0,0.0,0.0
2026-03-31 02:03:07,530,8.460322e+06,4.68830407e+08,1.82946991e+08,0.0,0.0,0.0,727333.0,66121.0,5847.0,9.979904e+07,1.32524032e+09,19478.190000000002,28.0,243836.0,0.0,243836.0,243836.0,1.0,0.0,0.0
2026-03-31 02:03:19,530,8.460322e+06,4.68830407e+08,1.82946991e+08,0.0,0.0,0.0,727333.0,66121.0,5847.0,9.979904e+07,1.32524032e+09,19478.199999999997,28.0,243836.0,0.0,243836.0,243836.0,1.0,0.0,0.0
2026-03-31 02:03:31,531,8.460322e+06,4.68830407e+08,1.82946991e+08,0.0,0.0,0.0,727333.0,66121.0,5847.0,9.979904e+07,1.32524032e+09,19478.22,28.0,243836.0,0.0,243836.0,243836.0,1.0,0.0,0.0
2026-03-31 02:03:42,531,8.460322e+06,4.68830407e+08,1.82946991e+08,0.0,0.0,0.0,727333.0,66121.0,5847.0,9.979904e+07,1.32524032e+09,19478.23,28.0,243836.0,0.0,243836.0,243836.0,1.0,0.0,0.0
2026-03-31 02:03:54,531,8.460322e+06,4.68830407e+08,1.82946991e+08,0.0,0.0,0.0,727333.0,66121.0,5847.0,9.979904e+07,1.32524032e+09,19478.26,28.0,243836.0,0.0,243836.0,243836.0,1.0,0.0,0.0
2026-03-31 02:04:05,531,8.460322e+06,4.68830407e+08,1.82946991e+08,0.0,0.0,0.0,727333.0,66121.0,5847.0,9.979904e+07,1.32524032e+09,19478.269999999997,28.0,243836.0,0.0,243836.0,243836.0,1.0,0.0,0.0
2026-03-31 02:04:17,531,8.460322e+06,4.68830407e+08,1.82946991e+08,0.0,0.0,0.0,727333.0,66121.0,5847.0,9.979904e+07,1.32524032e+09,19478.29,28.0,243836.0,0.0,243836.0,243836.0,1.0,0.0,0.0
2026-03-31 02:04:29,532,8.460322e+06,4.68830407e+08,1.82946991e+08,0.0,0.0,0.0,727333.0,66121.0,5847.0,9.979904e+07,1.32524032e+09,19478.3,28.0,243836.0,0.0,243836.0,243836.0,1.0,0.0,0.0
2026-03-31 02:04:40,532,8.460322e+06,4.68830407e+08,1.82946991e+08,0.0,0.0,0.0,727333.0,66121.0,5847.0,9.979904e+07,1.32524032e+09,19478.32,28.0,243836.0,0.0,243836.0,243836.0,1.0,0.0,0.0
2026-03-31 02:04:52,532,8.460322e+06,4.68830407e+08,1.82946991e+08,0.0,0.0,0.0,727333.0,66121.0,5847.0,9.979904e+07,1.32524032e+09,19478.329999999998,28.0,243836.0,0.0,243836.0,243836.0,1.0,0.0,0.0
2026-03-31 02:05:04,532,8.460322e+06,4.68830407e+08,1.82946991e+08,0.0,0.0,0.0,727333.0,66121.0,5847.0,9.979904e+07,1.32524032e+09,19478.34,28.0,243836.0,0.0,243836.0,243836.0,1.0,0.0,0.0
2026-03-31 02:05:15,532,8.460322e+06,4.68830407e+08,1.82946991e+08,0.0,0.0,0.0,727333.0,66121.0,5847.0,9.979904e+07,1.32524032e+09,19478.37,28.0,243836.0,0.0,243836.0,243836.0,1.0,0.0,0.0
2026-03-31 02:05:27,533,8.460322e+06,4.68830407e+08,1.82946991e+08,0.0,0.0,0.0,727333.0,66121.0,5847.0,9.979904e+07,1.32524032e+09,19478.38,28.0,243836.0,0.0,243836.0,243836.0,1.0,0.0,0.0
2026-03-31 02:05:39,533,8.460322e+06,4.68830407e+08,1.82946991e+08,0.0,0.0,0.0,727333.0,66121.0,5847.0,9.979904e+07,1.32524032e+09,19478.390000000003,28.0,243836.0,0.0,243836.0,243836.0,1.0,0.0,0.0
2026-03-31 02:05:50,533,8.460322e+06,4.68830407e+08,1.82946991e+08,0.0,0.0,0.0,727333.0,66121.0,5847.0,9.979904e+07,1.32524032e+09,19478.41,28.0,243836.0,0.0,243836.0,243836.0,1.0,0.0,0.0
2026-03-31 02:06:02,533,8.460322e+06,4.68830407e+08,1.82946991e+08,0.0,0.0,0.0,727333.0,66121.0,5847.0,9.979904e+07,1.32524032e+09,19478.42,28.0,243836.0,0.0,243836.0,243836.0,1.0,0.0,0.0
2026-03-31 02:06:13,533,8.460322e+06,4.68830407e+08,1.82946991e+08,0.0,0.0,0.0,727333.0,66121.0,5847.0,9.979904e+07,1.32524032e+09,19478.44,28.0,243836.0,0.0,243836.0,243836.0,1.0,0.0,0.0
2026-03-31 02:06:25,534,8.460322e+06,4.68830407e+08,1.82946991e+08,0.0,0.0,0.0,727333.0,66121.0,5847.0,9.979904e+07,1.32524032e+09,19478.45,28.0,243836.0,0.0,243836.0,243836.0,1.0,0.0,0.0
2026-03-31 02:06:37,534,8.460322e+06,4.68830407e+08,1.82946991e+08,0.0,0.0,0.0,727333.0,66121.0,5847.0,9.979904e+07,1.32524032e+09,19478.469999999998,28.0,243836.0,0.0,243836.0,243836.0,1.0,0.0,0.0
2026-03-31 02:06:49,534,8.460322e+06,4.68830407e+08,1.82946991e+08,0.0,0.0,0.0,727333.0,66121.0,5847.0,9.979904e+07,1.32524032e+09,19478.49,28.0,243836.0,0.0,243836.0,243836.0,1.0,0.0,0.0
2026-03-31 02:07:00,534,8.460322e+06,4.68830407e+08,1.82946991e+08,0.0,0.0,0.0,727333.0,66121.0,5847.0,9.979904e+07,1.32524032e+09,19478.51,28.0,243836.0,0.0,243836.0,243836.0,1.0,0.0,0.0
2026-03-31 02:07:12,534,8.460322e+06,4.68830407e+08,1.82946991e+08,0.0,0.0,0.0,727333.0,66121.0,5847.0,9.979904e+07,1.32524032e+09,19478.52,28.0,243836.0,0.0,243836.0,243836.0,1.0,0.0,0.0
2026-03-31 02:07:24,534,8.460322e+06,4.68830407e+08,1.82946991e+08,0.0,0.0,0.0,727333.0,66121.0,5847.0,9.979904e+07,1.32524032e+09,19478.54,28.0,243836.0,0.0,243836.0,243836.0,1.0,0.0,0.0
2026-03-31 02:07:35,535,8.460322e+06,4.68830407e+08,1.82946991e+08,0.0,0.0,0.0,727333.0,66121.0,5847.0,9.979904e+07,1.32524032e+09,19478.550000000003,28.0,243836.0,0.0,243836.0,243836.0,1.0,0.0,0.0
2026-03-31 02:07:47,535,8.460322e+06,4.68830407e+08,1.82946991e+08,0.0,0.0,0.0,727333.0,66121.0,5847.0,9.979904e+07,1.32524032e+09,19478.56,28.0,243836.0,0.0,243836.0,243836.0,1.0,0.0,0.0
2026-03-31 02:07:59,535,8.460322e+06,4.68830407e+08,1.82946991e+08,0.0,0.0,0.0,727333.0,66121.0,5847.0,9.979904e+07,1.32524032e+09,19478.579999999998,28.0,243836.0,0.0,243836.0,243836.0,1.0,0.0,0.0
2026-03-31 02:08:10,535,8.460322e+06,4.68830407e+08,1.82946991e+08,0.0,0.0,0.0,727333.0,66121.0,5847.0,9.979904e+07,1.32524032e+09,19478.600000000002,28.0,243836.0,0.0,243836.0,243836.0,1.0,0.0,0.0
2026-03-31 02:08:22,535,8.460322e+06,4.68830407e+08,1.82946991e+08,0.0,0.0,0.0,727333.0,66121.0,5847.0,9.979904e+07,1.32524032e+09,19478.62,28.0,243836.0,0.0,243836.0,243836.0,1.0,0.0,0.0
2026-03-31 02:08:33,536,8.460322e+06,4.68830407e+08,1.82946991e+08,0.0,0.0,0.0,727333.0,66121.0,5847.0,9.979904e+07,1.32524032e+09,19478.63,28.0,243836.0,0.0,243836.0,243836.0,1.0,0.0,0.0
2026-03-31 02:08:45,536,8.460322e+06,4.68830407e+08,1.82946991e+08,0.0,0.0,0.0,727333.0,66121.0,5847.0,9.979904e+07,1.32524032e+09,19478.649999999998,28.0,243836.0,0.0,243836.0,243836.0,1.0,0.0,0.0
2026-03-31 02:08:57,536,8.460322e+06,4.68830407e+08,1.82946991e+08,0.0,0.0,0.0,727333.0,66121.0,5847.0,9.979904e+07,1.32524032e+09,19478.66,28.0,243836.0,0.0,243836.0,243836.0,1.0,0.0,0.0
2026-03-31 02:09:08,536,8.460322e+06,4.68830407e+08,1.82946991e+08,0.0,0.0,0.0,727333.0,66121.0,5847.0,9.979904e+07,1.32524032e+09,19478.68,28.0,243836.0,0.0,243836.0,243836.0,1.0,0.0,0.0
2026-03-31 02:09:20,536,8.460322e+06,4.68830407e+08,1.82946991e+08,0.0,0.0,0.0,727333.0,66121.0,5847.0,9.979904e+07,1.32524032e+09,19478.699999999997,28.0,243836.0,0.0,243836.0,243836.0,1.0,0.0,0.0
2026-03-31 02:09:31,537,8.460322e+06,4.68830407e+08,1.82946991e+08,0.0,0.0,0.0,727333.0,66121.0,5847.0,9.979904e+07,1.32524032e+09,19478.71,28.0,243836.0,0.0,243836.0,243836.0,1.0,0.0,0.0
2026-03-31 02:09:43,537,8.460322e+06,4.68830407e+08,1.82946991e+08,0.0,0.0,0.0,727333.0,66121.0,5847.0,9.979904e+07,1.32524032e+09,19478.73,28.0,243836.0,0.0,243836.0,243836.0,1.0,0.0,0.0
2026-03-31 02:09:55,537,8.460322e+06,4.68830407e+08,1.82946991e+08,0.0,0.0,0.0,727333.0,66121.0,5847.0,9.979904e+07,1.32524032e+09,19478.75,28.0,243836.0,0.0,243836.0,243836.0,1.0,0.0,0.0
2026-03-31 02:10:06,537,8.460322e+06,4.68830407e+08,1.82946991e+08,0.0,0.0,0.0,727333.0,66121.0,5847.0,9.979904e+07,1.32524032e+09,19478.76,28.0,243836.0,0.0,243836.0,243836.0,1.0,0.0,0.0
2026-03-31 02:10:18,537,8.460322e+06,4.68830407e+08,1.82946991e+08,0.0,0.0,0.0,727333.0,66121.0,5847.0,9.979904e+07,1.32524032e+09,19478.77,28.0,243836.0,0.0,243836.0,243836.0,1.0,0.0,0.0
2026-03-31 02:10:30,538,8.460322e+06,4.68830407e+08,1.82946991e+08,0.0,0.0,0.0,727333.0,66121.0,5847.0,9.979904e+07,1.32524032e+09,19478.79,28.0,243836.0,0.0,243836.0,243836.0,1.0,0.0,0.0
2026-03-31 02:10:41,538,8.460322e+06,4.68830407e+08,1.82946991e+08,0.0,0.0,0.0,727333.0,66121.0,5847.0,9.979904e+07,1.32524032e+09,19478.8,28.0,243836.0,0.0,243836.0,243836.0,1.0,0.0,0.0
2026-03-31 02:10:53,538,8.460322e+06,4.68830407e+08,1.82946991e+08,0.0,0.0,0.0,727333.0,66121.0,5847.0,9.979904e+07,1.32524032e+09,19478.82,28.0,243836.0,0.0,243836.0,243836.0,1.0,0.0,0.0
2026-03-31 02:11:04,538,8.460322e+06,4.68830407e+08,1.82946991e+08,0.0,0.0,0.0,727333.0,66121.0,5847.0,9.979904e+07,1.32524032e+09,19478.84,28.0,243836.0,0.0,243836.0,243836.0,1.0,0.0,0.0
2026-03-31 02:11:16,538,8.460322e+06,4.68830407e+08,1.82946991e+08,0.0,0.0,0.0,727333.0,66121.0,5847.0,9.979904e+07,1.32524032e+09,19478.85,28.0,243836.0,0.0,243836.0,243836.0,1.0,0.0,0.0
2026-03-31 02:11:28,539,8.460322e+06,4.68830407e+08,1.82946991e+08,0.0,0.0,0.0,727333.0,66121.0,5847.0,9.979904e+07,1.32524032e+09,19478.87,28.0,243836.0,0.0,243836.0,243836.0,1.0,0.0,0.0
2026-03-31 02:11:39,539,8.460322e+06,4.68830407e+08,1.82946991e+08,0.0,0.0,0.0,727333.0,66121.0,5847.0,9.979904e+07,1.32524032e+09,19478.879999999997,28.0,243836.0,0.0,243836.0,243836.0,1.0,0.0,0.0
2026-03-31 02:11:51,539,8.460322e+06,4.68830407e+08,1.82946991e+08,0.0,0.0,0.0,727333.0,66121.0,5847.0,9.979904e+07,1.32524032e+09,19478.9,28.0,243836.0,0.0,243836.0,243836.0,1.0,0.0,0.0
2026-03-31 02:12:03,539,8.460322e+06,4.68830407e+08,1.82946991e+08,0.0,0.0,0.0,727333.0,66121.0,5847.0,9.979904e+07,1.32524032e+09,19478.91,28.0,243836.0,0.0,243836.0,243836.0,1.0,0.0,0.0
2026-03-31 02:12:14,539,8.460322e+06,4.68830407e+08,1.82946991e+08,0.0,0.0,0.0,727333.0,66121.0,5847.0,9.979904e+07,1.32524032e+09,19478.93,28.0,243836.0,0.0,243836.0,243836.0,1.0,0.0,0.0
2026-03-31 02:12:26,540,8.460322e+06,4.68830407e+08,1.82946991e+08,0.0,0.0,0.0,727333.0,66121.0,5847.0,9.979904e+07,1.32524032e+09,19478.95,28.0,243836.0,0.0,243836.0,243836.0,1.0,0.0,0.0
2026-03-31 02:12:38,540,8.460322e+06,4.68830407e+08,1.82946991e+08,0.0,0.0,0.0,727333.0,66121.0,5847.0,9.979904e+07,1.32524032e+09,19478.97,28.0,243836.0,0.0,243836.0,243836.0,1.0,0.0,0.0
2026-03-31 02:12:49,540,8.460322e+06,4.68830407e+08,1.82946991e+08,0.0,0.0,0.0,727333.0,66121.0,5847.0,9.979904e+07,1.32524032e+09,19478.989999999998,28.0,243836.0,0.0,243836.0,243836.0,1.0,0.0,0.0
2026-03-31 02:13:01,540,8.460322e+06,4.68830407e+08,1.82946991e+08,0.0,0.0,0.0,727333.0,66121.0,5847.0,9.979904e+07,1.32524032e+09,19479.0,28.0,243836.0,0.0,243836.0,243836.0,1.0,0.0,0.0
2026-03-31 02:13:13,540,8.460322e+06,4.68830407e+08,1.82946991e+08,0.0,0.0,0.0,727333.0,66121.0,5847.0,9.979904e+07,1.32524032e+09,19479.02,28.0,243836.0,0.0,243836.0,243836.0,1.0,0.0,0.0
2026-03-31 02:13:25,541,8.460322e+06,4.68830407e+08,1.82946991e+08,0.0,0.0,0.0,727333.0,66121.0,5847.0,9.979904e+07,1.32524032e+09,19479.030000000002,28.0,243836.0,0.0,243836.0,243836.0,1.0,0.0,0.0
2026-03-31 02:13:37,541,8.460322e+06,4.68830407e+08,1.82946991e+08,0.0,0.0,0.0,727333.0,66121.0,5847.0,9.979904e+07,1.32524032e+09,19479.05,28.0,243836.0,0.0,243836.0,243836.0,1.0,0.0,0.0
2026-03-31 02:13:49,541,8.460322e+06,4.68830407e+08,1.82946991e+08,0.0,0.0,0.0,727333.0,66121.0,5847.0,9.979904e+07,1.32524032e+09,19479.06,28.0,243836.0,0.0,243836.0,243836.0,1.0,0.0,0.0
2026-03-31 02:14:01,541,8.460322e+06,4.68830407e+08,1.82946991e+08,0.0,0.0,0.0,727333.0,66121.0,5847.0,9.979904e+07,1.32524032e+09,19479.08,28.0,243836.0,0.0,243836.0,243836.0,1.0,0.0,0.0
2026-03-31 02:14:13,541,8.460322e+06,4.68830407e+08,1.82946991e+08,0.0,0.0,0.0,727333.0,66121.0,5847.0,9.979904e+07,1.32524032e+09,19479.1,28.0,243836.0,0.0,243836.0,243836.0,1.0,0.0,0.0
2026-03-31 02:14:25,542,8.460322e+06,4.68830407e+08,1.82946991e+08,0.0,0.0,0.0,727333.0,66121.0,5847.0,9.979904e+07,1.32524032e+09,19479.11,28.0,243836.0,0.0,243836.0,243836.0,1.0,0.0,0.0
2026-03-31 02:14:37,542,8.460322e+06,4.68830407e+08,1.82946991e+08,0.0,0.0,0.0,727333.0,66121.0,5847.0,9.979904e+07,1.32524032e+09,19479.129999999997,28.0,243836.0,0.0,243836.0,243836.0,1.0,0.0,0.0
2026-03-31 02:14:49,542,8.460322e+06,4.68830407e+08,1.82946991e+08,0.0,0.0,0.0,727333.0,66121.0,5847.0,9.979904e+07,1.32524032e+09,19479.14,28.0,243836.0,0.0,243836.0,243836.0,1.0,0.0,0.0
2026-03-31 02:15:01,542,8.460322e+06,4.68830407e+08,1.82946991e+08,0.0,0.0,0.0,727333.0,66121.0,5847.0,9.979904e+07,1.32524032e+09,19479.16,28.0,243836.0,0.0,243836.0,243836.0,1.0,0.0,0.0
2026-03-31 02:15:13,542,8.460322e+06,4.68830407e+08,1.82946991e+08,0.0,0.0,0.0,727333.0,66121.0,5847.0,9.979904e+07,1.32524032e+09,19479.18,28.0,243836.0,0.0,243836.0,243836.0,1.0,0.0,0.0
2026-03-31 02:15:25,543,8.460322e+06,4.68830407e+08,1.82946991e+08,0.0,0.0,0.0,727333.0,66121.0,5847.0,9.979904e+07,1.32524032e+09,19479.19,28.0,243836.0,0.0,243836.0,243836.0,1.0,0.0,0.0
2026-03-31 02:15:37,543,8.460322e+06,4.68830407e+08,1.82946991e+08,0.0,0.0,0.0,727333.0,66121.0,5847.0,9.979904e+07,1.32524032e+09,19479.210000000003,28.0,243836.0,0.0,243836.0,243836.0,1.0,0.0,0.0
2026-03-31 02:15:49,543,8.460322e+06,4.68830407e+08,1.82946991e+08,0.0,0.0,0.0,727333.0,66121.0,5847.0,9.979904e+07,1.32524032e+09,19479.22,28.0,243836.0,0.0,243836.0,243836.0,1.0,0.0,0.0
2026-03-31 02:16:01,543,8.460322e+06,4.68830407e+08,1.82946991e+08,0.0,0.0,0.0,727333.0,66121.0,5847.0,9.979904e+07,1.32524032e+09,19479.239999999998,28.0,243836.0,0.0,243836.0,243836.0,1.0,0.0,0.0
2026-03-31 02:16:13,543,8.460322e+06,4.68830407e+08,1.82946991e+08,0.0,0.0,0.0,727333.0,66121.0,5847.0,9.979904e+07,1.32524032e+09,19479.26,28.0,243836.0,0.0,243836.0,243836.0,1.0,0.0,0.0
2026-03-31 02:16:25,544,8.460322e+06,4.68830407e+08,1.82946991e+08,0.0,0.0,0.0,727333.0,66121.0,5847.0,9.979904e+07,1.32524032e+09,19479.27,28.0,243836.0,0.0,243836.0,243836.0,1.0,0.0,0.0
2026-03-31 02:16:37,544,8.460322e+06,4.68830407e+08,1.82946991e+08,0.0,0.0,0.0,727333.0,66121.0,5847.0,9.979904e+07,1.32524032e+09,19479.29,28.0,243836.0,0.0,243836.0,243836.0,1.0,0.0,0.0
2026-03-31 02:16:48,544,8.460322e+06,4.68830407e+08,1.82946991e+08,0.0,0.0,0.0,727333.0,66121.0,5847.0,9.979904e+07,1.32524032e+09,19479.300000000003,28.0,243836.0,0.0,243836.0,243836.0,1.0,0.0,0.0
2026-03-31 02:17:00,544,8.460322e+06,4.68830407e+08,1.82946991e+08,0.0,0.0,0.0,727333.0,66121.0,5847.0,9.979904e+07,1.32524032e+09,19479.32,28.0,243836.0,0.0,243836.0,243836.0,1.0,0.0,0.0
2026-03-31 02:17:12,544,8.460322e+06,4.68830407e+08,1.82946991e+08,0.0,0.0,0.0,727333.0,66121.0,5847.0,9.979904e+07,1.32524032e+09,19479.34,28.0,243836.0,0.0,243836.0,243836.0,1.0,0.0,0.0
2026-03-31 02:17:24,544,8.460322e+06,4.68830407e+08,1.82946991e+08,0.0,0.0,0.0,727333.0,66121.0,5847.0,9.979904e+07,1.32524032e+09,19479.36,28.0,243836.0,0.0,243836.0,243836.0,1.0,0.0,0.0
2026-03-31 02:17:36,545,8.460322e+06,4.68830407e+08,1.82946991e+08,0.0,0.0,0.0,727333.0,66121.0,5847.0,9.979904e+07,1.32524032e+09,19479.37,28.0,243836.0,0.0,243836.0,243836.0,1.0,0.0,0.0
2026-03-31 02:17:47,545,8.460322e+06,4.68830407e+08,1.82946991e+08,0.0,0.0,0.0,727333.0,66121.0,5847.0,9.979904e+07,1.32524032e+09,19479.39,28.0,243836.0,0.0,243836.0,243836.0,1.0,0.0,0.0
2026-03-31 02:17:59,545,8.460322e+06,4.68830407e+08,1.82946991e+08,0.0,0.0,0.0,727333.0,66121.0,5847.0,9.979904e+07,1.32524032e+09,19479.399999999998,28.0,243836.0,0.0,243836.0,243836.0,1.0,0.0,0.0
2026-03-31 02:18:11,545,8.460322e+06,4.68830407e+08,1.82946991e+08,0.0,0.0,0.0,727333.0,66121.0,5847.0,9.979904e+07,1.32524032e+09,19479.420000000002,28.0,243836.0,0.0,243836.0,243836.0,1.0,0.0,0.0
2026-03-31 02:18:22,545,8.460322e+06,4.68830407e+08,1.82946991e+08,0.0,0.0,0.0,727333.0,66121.0,5847.0,9.979904e+07,1.32524032e+09,19479.44,28.0,243836.0,0.0,243836.0,243836.0,1.0,0.0,0.0
2026-03-31 02:18:34,546,8.460322e+06,4.68830407e+08,1.82946991e+08,0.0,0.0,0.0,727333.0,66121.0,5847.0,9.979904e+07,1.32524032e+09,19479.45,28.0,243836.0,0.0,243836.0,243836.0,1.0,0.0,0.0
2026-03-31 02:18:46,546,8.460322e+06,4.68830407e+08,1.82946991e+08,0.0,0.0,0.0,727333.0,66121.0,5847.0,9.979904e+07,1.32524032e+09,19479.47,28.0,243836.0,0.0,243836.0,243836.0,1.0,0.0,0.0
2026-03-31 02:18:58,546,8.460322e+06,4.68830407e+08,1.82946991e+08,0.0,0.0,0.0,727333.0,66121.0,5847.0,9.979904e+07,1.32524032e+09,19479.48,28.0,243836.0,0.0,243836.0,243836.0,1.0,0.0,0.0
2026-03-31 02:19:10,546,8.460322e+06,4.68830407e+08,1.82946991e+08,0.0,0.0,0.0,727333.0,66121.0,5847.0,9.979904e+07,1.32524032e+09,19479.5,28.0,243836.0,0.0,243836.0,243836.0,1.0,0.0,0.0
2026-03-31 02:19:21,546,8.460322e+06,4.68830407e+08,1.82946991e+08,0.0,0.0,0.0,727333.0,66121.0,5847.0,9.979904e+07,1.32524032e+09,19479.51,28.0,243836.0,0.0,243836.0,243836.0,1.0,0.0,0.0
2026-03-31 02:19:33,547,8.460322e+06,4.68830407e+08,1.82946991e+08,0.0,0.0,0.0,727333.0,66121.0,5847.0,9.979904e+07,1.32524032e+09,19479.53,28.0,243836.0,0.0,243836.0,243836.0,1.0,0.0,0.0
2026-03-31 02:19:45,547,8.460322e+06,4.68830407e+08,1.82946991e+08,0.0,0.0,0.0,727333.0,66121.0,5847.0,9.979904e+07,1.32524032e+09,19479.54,28.0,243836.0,0.0,243836.0,243836.0,1.0,0.0,0.0
2026-03-31 02:19:57,547,8.460322e+06,4.68830407e+08,1.82946991e+08,0.0,0.0,0.0,727333.0,66121.0,5847.0,9.979904e+07,1.32524032e+09,19479.56,28.0,243836.0,0.0,243836.0,243836.0,1.0,0.0,0.0
2026-03-31 02:20:08,547,8.460322e+06,4.68830407e+08,1.82946991e+08,0.0,0.0,0.0,727333.0,66121.0,5847.0,9.979904e+07,1.32524032e+09,19479.57,28.0,243836.0,0.0,243836.0,243836.0,1.0,0.0,0.0
2026-03-31 02:20:20,547,8.460322e+06,4.68830407e+08,1.82946991e+08,0.0,0.0,0.0,727333.0,66121.0,5847.0,9.979904e+07,1.32524032e+09,19479.59,28.0,243836.0,0.0,243836.0,243836.0,1.0,0.0,0.0
2026-03-31 02:20:32,548,8.460322e+06,4.68830407e+08,1.82946991e+08,0.0,0.0,0.0,727333.0,66121.0,5847.0,9.979904e+07,1.32524032e+09,19479.609999999997,28.0,243836.0,0.0,243836.0,243836.0,1.0,0.0,0.0
2026-03-31 02:20:43,548,8.460322e+06,4.68830407e+08,1.82946991e+08,0.0,0.0,0.0,727333.0,66121.0,5847.0,9.979904e+07,1.32524032e+09,19479.63,28.0,243836.0,0.0,243836.0,243836.0,1.0,0.0,0.0
2026-03-31 02:20:55,548,8.460322e+06,4.68830407e+08,1.82946991e+08,0.0,0.0,0.0,727333.0,66121.0,5847.0,9.979904e+07,1.32524032e+09,19479.649999999998,28.0,243836.0,0.0,243836.0,243836.0,1.0,0.0,0.0
2026-03-31 02:21:07,548,8.460322e+06,4.68830407e+08,1.82946991e+08,0.0,0.0,0.0,727333.0,66121.0,5847.0,9.979904e+07,1.32524032e+09,19479.66,28.0,243836.0,0.0,243836.0,243836.0,1.0,0.0,0.0
2026-03-31 02:21:19,548,8.460322e+06,4.68830407e+08,1.82946991e+08,0.0,0.0,0.0,727333.0,66121.0,5847.0,9.979904e+07,1.32524032e+09,19479.68,28.0,243836.0,0.0,243836.0,243836.0,1.0,0.0,0.0
2026-03-31 02:21:31,549,8.460322e+06,4.68830407e+08,1.82946991e+08,0.0,0.0,0.0,727333.0,66121.0,5847.0,9.979904e+07,1.32524032e+09,19479.690000000002,28.0,243836.0,0.0,243836.0,243836.0,1.0,0.0,0.0
2026-03-31 02:21:42,549,8.460322e+06,4.68830407e+08,1.82946991e+08,0.0,0.0,0.0,727333.0,66121.0,5847.0,9.979904e+07,1.32524032e+09,19479.71,28.0,243836.0,0.0,243836.0,243836.0,1.0,0.0,0.0
2026-03-31 02:21:54,549,8.460322e+06,4.68830407e+08,1.82946991e+08,0.0,0.0,0.0,727333.0,66121.0,5847.0,9.979904e+07,1.32524032e+09,19479.72,28.0,243836.0,0.0,243836.0,243836.0,1.0,0.0,0.0
2026-03-31 02:22:06,549,8.460322e+06,4.68830407e+08,1.82946991e+08,0.0,0.0,0.0,727333.0,66121.0,5847.0,9.979904e+07,1.32524032e+09,19479.74,28.0,243836.0,0.0,243836.0,243836.0,1.0,0.0,0.0
2026-03-31 02:22:17,549,8.460322e+06,4.68830407e+08,1.82946991e+08,0.0,0.0,0.0,727333.0,66121.0,5847.0,9.979904e+07,1.32524032e+09,19479.75,28.0,243836.0,0.0,243836.0,243836.0,1.0,0.0,0.0
2026-03-31 02:22:29,550,8.460322e+06,4.68830407e+08,1.82946991e+08,0.0,0.0,0.0,727333.0,66121.0,5847.0,9.979904e+07,1.32524032e+09,19479.77,28.0,243836.0,0.0,243836.0,243836.0,1.0,0.0,0.0
2026-03-31 02:22:41,550,8.460322e+06,4.68830407e+08,1.82946991e+08,0.0,0.0,0.0,727333.0,66121.0,5847.0,9.979904e+07,1.32524032e+09,19479.79,28.0,243836.0,0.0,243836.0,243836.0,1.0,0.0,0.0
2026-03-31 02:22:53,550,8.460322e+06,4.68830407e+08,1.82946991e+08,0.0,0.0,0.0,727333.0,66121.0,5847.0,9.979904e+07,1.32524032e+09,19479.800000000003,28.0,243836.0,0.0,243836.0,243836.0,1.0,0.0,0.0
2026-03-31 02:23:04,550,8.460322e+06,4.68830407e+08,1.82946991e+08,0.0,0.0,0.0,727333.0,66121.0,5847.0,9.979904e+07,1.32524032e+09,19479.82,28.0,243836.0,0.0,243836.0,243836.0,1.0,0.0,0.0
2026-03-31 02:23:16,550,8.460322e+06,4.68830407e+08,1.82946991e+08,0.0,0.0,0.0,727333.0,66121.0,5847.0,9.979904e+07,1.32524032e+09,19479.84,28.0,243836.0,0.0,243836.0,243836.0,1.0,0.0,0.0
2026-03-31 02:23:28,551,8.460322e+06,4.68830407e+08,1.82946991e+08,0.0,0.0,0.0,727333.0,66121.0,5847.0,9.979904e+07,1.32524032e+09,19479.85,28.0,243836.0,0.0,243836.0,243836.0,1.0,0.0,0.0
2026-03-31 02:23:39,551,8.460322e+06,4.68830407e+08,1.82946991e+08,0.0,0.0,0.0,727333.0,66121.0,5847.0,9.979904e+07,1.32524032e+09,19479.87,28.0,243836.0,0.0,243836.0,243836.0,1.0,0.0,0.0
2026-03-31 02:23:51,551,8.460322e+06,4.68830407e+08,1.82946991e+08,0.0,0.0,0.0,727333.0,66121.0,5847.0,9.979904e+07,1.32524032e+09,19479.879999999997,28.0,243836.0,0.0,243836.0,243836.0,1.0,0.0,0.0
2026-03-31 02:24:03,551,8.460322e+06,4.68830407e+08,1.82946991e+08,0.0,0.0,0.0,727333.0,66121.0,5847.0,9.979904e+07,1.32524032e+09,19479.89,28.0,243836.0,0.0,243836.0,243836.0,1.0,0.0,0.0
2026-03-31 02:24:15,551,8.460322e+06,4.68830407e+08,1.82946991e+08,0.0,0.0,0.0,727333.0,66121.0,5847.0,9.979904e+07,1.32524032e+09,19479.91,28.0,243836.0,0.0,243836.0,243836.0,1.0,0.0,0.0
2026-03-31 02:24:27,552,8.460322e+06,4.68830407e+08,1.82946991e+08,0.0,0.0,0.0,727333.0,66121.0,5847.0,9.979904e+07,1.32524032e+09,19479.920000000002,28.0,243836.0,0.0,243836.0,243836.0,1.0,0.0,0.0
2026-03-31 02:24:38,552,8.460322e+06,4.68830407e+08,1.82946991e+08,0.0,0.0,0.0,727333.0,66121.0,5847.0,9.979904e+07,1.32524032e+09,19479.95,28.0,243836.0,0.0,243836.0,243836.0,1.0,0.0,0.0
2026-03-31 02:24:50,552,8.460322e+06,4.68830407e+08,1.82946991e+08,0.0,0.0,0.0,727333.0,66121.0,5847.0,9.979904e+07,1.32524032e+09,19479.96,28.0,243836.0,0.0,243836.0,243836.0,1.0,0.0,0.0
2026-03-31 02:25:02,552,8.460322e+06,4.68830407e+08,1.82946991e+08,0.0,0.0,0.0,727333.0,66121.0,5847.0,9.979904e+07,1.32524032e+09,19479.980000000003,28.0,243836.0,0.0,243836.0,243836.0,1.0,0.0,0.0
2026-03-31 02:25:14,552,8.460322e+06,4.68830407e+08,1.82946991e+08,0.0,0.0,0.0,727333.0,66121.0,5847.0,9.979904e+07,1.32524032e+09,19480.0,28.0,243836.0,0.0,243836.0,243836.0,1.0,0.0,0.0
2026-03-31 02:25:25,553,8.460322e+06,4.68830407e+08,1.82946991e+08,0.0,0.0,0.0,727333.0,66121.0,5847.0,9.979904e+07,1.32524032e+09,19480.01,28.0,243836.0,0.0,243836.0,243836.0,1.0,0.0,0.0
2026-03-31 02:25:37,553,8.460322e+06,4.68830407e+08,1.82946991e+08,0.0,0.0,0.0,727333.0,66121.0,5847.0,9.979904e+07,1.32524032e+09,19480.019999999997,28.0,243836.0,0.0,243836.0,243836.0,1.0,0.0,0.0
2026-03-31 02:25:49,553,8.460322e+06,4.68830407e+08,1.82946991e+08,0.0,0.0,0.0,727333.0,66121.0,5847.0,9.979904e+07,1.32524032e+09,19480.039999999997,28.0,243836.0,0.0,243836.0,243836.0,1.0,0.0,0.0
2026-03-31 02:26:00,553,8.460322e+06,4.68830407e+08,1.82946991e+08,0.0,0.0,0.0,727333.0,66121.0,5847.0,9.979904e+07,1.32524032e+09,19480.05,28.0,243836.0,0.0,243836.0,243836.0,1.0,0.0,0.0
2026-03-31 02:26:12,553,8.460322e+06,4.68830407e+08,1.82946991e+08,0.0,0.0,0.0,727333.0,66121.0,5847.0,9.979904e+07,1.32524032e+09,19480.07,28.0,243836.0,0.0,243836.0,243836.0,1.0,0.0,0.0
2026-03-31 02:26:24,553,8.460322e+06,4.68830407e+08,1.82946991e+08,0.0,0.0,0.0,727333.0,66121.0,5847.0,9.979904e+07,1.32524032e+09,19480.09,28.0,243836.0,0.0,243836.0,243836.0,1.0,0.0,0.0
2026-03-31 02:26:36,554,8.460322e+06,4.68830407e+08,1.82946991e+08,0.0,0.0,0.0,727333.0,66121.0,5847.0,9.979904e+07,1.32524032e+09,19480.11,28.0,243836.0,0.0,243836.0,243836.0,1.0,0.0,0.0
2026-03-31 02:26:48,554,8.460322e+06,4.68830407e+08,1.82946991e+08,0.0,0.0,0.0,727333.0,66121.0,5847.0,9.979904e+07,1.32524032e+09,19480.12,28.0,243836.0,0.0,243836.0,243836.0,1.0,0.0,0.0
2026-03-31 02:26:59,554,8.460322e+06,4.68830407e+08,1.82946991e+08,0.0,0.0,0.0,727333.0,66121.0,5847.0,9.979904e+07,1.32524032e+09,19480.140000000003,28.0,243836.0,0.0,243836.0,243836.0,1.0,0.0,0.0
2026-03-31 02:27:11,554,8.460322e+06,4.68830407e+08,1.82946991e+08,0.0,0.0,0.0,727333.0,66121.0,5847.0,9.979904e+07,1.32524032e+09,19480.16,28.0,243836.0,0.0,243836.0,243836.0,1.0,0.0,0.0
2026-03-31 02:27:23,554,8.460322e+06,4.68830407e+08,1.82946991e+08,0.0,0.0,0.0,727333.0,66121.0,5847.0,9.979904e+07,1.32524032e+09,19480.18,28.0,243836.0,0.0,243836.0,243836.0,1.0,0.0,0.0
2026-03-31 02:27:35,555,8.460322e+06,4.68830407e+08,1.82946991e+08,0.0,0.0,0.0,727333.0,66121.0,5847.0,9.979904e+07,1.32524032e+09,19480.190000000002,28.0,243836.0,0.0,243836.0,243836.0,1.0,0.0,0.0
2026-03-31 02:27:46,555,8.460322e+06,4.68830407e+08,1.82946991e+08,0.0,0.0,0.0,727333.0,66121.0,5847.0,9.979904e+07,1.32524032e+09,19480.21,28.0,243836.0,0.0,243836.0,243836.0,1.0,0.0,0.0
2026-03-31 02:27:58,555,8.460322e+06,4.68830407e+08,1.82946991e+08,0.0,0.0,0.0,727333.0,66121.0,5847.0,9.979904e+07,1.32524032e+09,19480.22,28.0,243836.0,0.0,243836.0,243836.0,1.0,0.0,0.0
2026-03-31 02:28:10,555,8.460322e+06,4.68830407e+08,1.82946991e+08,0.0,0.0,0.0,727333.0,66121.0,5847.0,9.979904e+07,1.32524032e+09,19480.239999999998,28.0,243836.0,0.0,243836.0,243836.0,1.0,0.0,0.0
2026-03-31 02:28:21,555,8.460322e+06,4.68830407e+08,1.82946991e+08,0.0,0.0,0.0,727333.0,66121.0,5847.0,9.979904e+07,1.32524032e+09,19480.260000000002,28.0,243836.0,0.0,243836.0,243836.0,1.0,0.0,0.0
2026-03-31 02:28:33,556,8.460322e+06,4.68830407e+08,1.82946991e+08,0.0,0.0,0.0,727333.0,66121.0,5847.0,9.979904e+07,1.32524032e+09,19480.27,28.0,243836.0,0.0,243836.0,243836.0,1.0,0.0,0.0
2026-03-31 02:28:45,556,8.460322e+06,4.68830407e+08,1.82946991e+08,0.0,0.0,0.0,727333.0,66121.0,5847.0,9.979904e+07,1.32524032e+09,19480.289999999997,28.0,243836.0,0.0,243836.0,243836.0,1.0,0.0,0.0
2026-03-31 02:28:57,556,8.460322e+06,4.68830407e+08,1.82946991e+08,0.0,0.0,0.0,727333.0,66121.0,5847.0,9.979904e+07,1.32524032e+09,19480.3,28.0,243836.0,0.0,243836.0,243836.0,1.0,0.0,0.0
2026-03-31 02:29:08,556,8.460322e+06,4.68830407e+08,1.82946991e+08,0.0,0.0,0.0,727333.0,66121.0,5847.0,9.979904e+07,1.32524032e+09,19480.32,28.0,243836.0,0.0,243836.0,243836.0,1.0,0.0,0.0
2026-03-31 02:29:20,556,8.460322e+06,4.68830407e+08,1.82946991e+08,0.0,0.0,0.0,727333.0,66121.0,5847.0,9.979904e+07,1.32524032e+09,19480.33,28.0,243836.0,0.0,243836.0,243836.0,1.0,0.0,0.0
2026-03-31 02:29:32,557,8.460322e+06,4.68830407e+08,1.82946991e+08,0.0,0.0,0.0,727333.0,66121.0,5847.0,9.979904e+07,1.32524032e+09,19480.35,28.0,243836.0,0.0,243836.0,243836.0,1.0,0.0,0.0
2026-03-31 02:29:44,557,8.460322e+06,4.68830407e+08,1.82946991e+08,0.0,0.0,0.0,727333.0,66121.0,5847.0,9.979904e+07,1.32524032e+09,19480.370000000003,28.0,243836.0,0.0,243836.0,243836.0,1.0,0.0,0.0
2026-03-31 02:29:55,557,8.460322e+06,4.68830407e+08,1.82946991e+08,0.0,0.0,0.0,727333.0,66121.0,5847.0,9.979904e+07,1.32524032e+09,19480.38,28.0,243836.0,0.0,243836.0,243836.0,1.0,0.0,0.0
2026-03-31 02:30:07,557,8.460322e+06,4.68830407e+08,1.82946991e+08,0.0,0.0,0.0,727333.0,66121.0,5847.0,9.979904e+07,1.32524032e+09,19480.4,28.0,243836.0,0.0,243836.0,243836.0,1.0,0.0,0.0
2026-03-31 02:30:19,557,8.460322e+06,4.68830407e+08,1.82946991e+08,0.0,0.0,0.0,727333.0,66121.0,5847.0,9.979904e+07,1.32524032e+09,19480.41,28.0,243836.0,0.0,243836.0,243836.0,1.0,0.0,0.0
2026-03-31 02:30:31,558,8.460322e+06,4.68830407e+08,1.82946991e+08,0.0,0.0,0.0,727333.0,66121.0,5847.0,9.979904e+07,1.32524032e+09,19480.43,28.0,243836.0,0.0,243836.0,243836.0,1.0,0.0,0.0
2026-03-31 02:30:42,558,8.460322e+06,4.68830407e+08,1.82946991e+08,0.0,0.0,0.0,727333.0,66121.0,5847.0,9.979904e+07,1.32524032e+09,19480.449999999997,28.0,243836.0,0.0,243836.0,243836.0,1.0,0.0,0.0
2026-03-31 02:30:54,558,8.460322e+06,4.68830407e+08,1.82946991e+08,0.0,0.0,0.0,727333.0,66121.0,5847.0,9.979904e+07,1.32524032e+09,19480.46,28.0,243836.0,0.0,243836.0,243836.0,1.0,0.0,0.0
2026-03-31 02:31:06,558,8.460322e+06,4.68830407e+08,1.82946991e+08,0.0,0.0,0.0,727333.0,66121.0,5847.0,9.979904e+07,1.32524032e+09,19480.48,28.0,243836.0,0.0,243836.0,243836.0,1.0,0.0,0.0
2026-03-31 02:31:18,558,8.460322e+06,4.68830407e+08,1.82946991e+08,0.0,0.0,0.0,727333.0,66121.0,5847.0,9.979904e+07,1.32524032e+09,19480.5,28.0,243836.0,0.0,243836.0,243836.0,1.0,0.0,0.0
2026-03-31 02:31:29,559,8.460322e+06,4.68830407e+08,1.82946991e+08,0.0,0.0,0.0,727333.0,66121.0,5847.0,9.979904e+07,1.32524032e+09,19480.52,28.0,243836.0,0.0,243836.0,243836.0,1.0,0.0,0.0
2026-03-31 02:31:41,559,8.460322e+06,4.68830407e+08,1.82946991e+08,0.0,0.0,0.0,727333.0,66121.0,5847.0,9.979904e+07,1.32524032e+09,19480.530000000002,28.0,243836.0,0.0,243836.0,243836.0,1.0,0.0,0.0
2026-03-31 02:31:53,559,8.460322e+06,4.68830407e+08,1.82946991e+08,0.0,0.0,0.0,727333.0,66121.0,5847.0,9.979904e+07,1.32524032e+09,19480.54,28.0,243836.0,0.0,243836.0,243836.0,1.0,0.0,0.0
2026-03-31 02:32:05,559,8.460322e+06,4.68830407e+08,1.82946991e+08,0.0,0.0,0.0,727333.0,66121.0,5847.0,9.979904e+07,1.32524032e+09,19480.559999999998,28.0,243836.0,0.0,243836.0,243836.0,1.0,0.0,0.0
2026-03-31 02:32:16,559,8.460322e+06,4.68830407e+08,1.82946991e+08,0.0,0.0,0.0,727333.0,66121.0,5847.0,9.979904e+07,1.32524032e+09,19480.579999999998,28.0,243836.0,0.0,243836.0,243836.0,1.0,0.0,0.0
2026-03-31 02:32:28,560,8.460322e+06,4.68830407e+08,1.82946991e+08,0.0,0.0,0.0,727333.0,66121.0,5847.0,9.979904e+07,1.32524032e+09,19480.600000000002,28.0,243836.0,0.0,243836.0,243836.0,1.0,0.0,0.0
2026-03-31 02:32:40,560,8.460322e+06,4.68830407e+08,1.82946991e+08,0.0,0.0,0.0,727333.0,66121.0,5847.0,9.979904e+07,1.32524032e+09,19480.61,28.0,243836.0,0.0,243836.0,243836.0,1.0,0.0,0.0
2026-03-31 02:32:52,560,8.460322e+06,4.68830407e+08,1.82946991e+08,0.0,0.0,0.0,727333.0,66121.0,5847.0,9.979904e+07,1.32524032e+09,19480.63,28.0,243836.0,0.0,243836.0,243836.0,1.0,0.0,0.0
2026-03-31 02:33:03,560,8.460322e+06,4.68830407e+08,1.82946991e+08,0.0,0.0,0.0,727333.0,66121.0,5847.0,9.979904e+07,1.32524032e+09,19480.64,28.0,243836.0,0.0,243836.0,243836.0,1.0,0.0,0.0
2026-03-31 02:33:15,560,8.460322e+06,4.68830407e+08,1.82946991e+08,0.0,0.0,0.0,727333.0,66121.0,5847.0,9.979904e+07,1.32524032e+09,19480.66,28.0,243836.0,0.0,243836.0,243836.0,1.0,0.0,0.0
2026-03-31 02:33:27,561,8.460322e+06,4.68830407e+08,1.82946991e+08,0.0,0.0,0.0,727333.0,66121.0,5847.0,9.979904e+07,1.32524032e+09,19480.670000000002,28.0,243836.0,0.0,243836.0,243836.0,1.0,0.0,0.0
2026-03-31 02:33:39,561,8.460322e+06,4.68830407e+08,1.82946991e+08,0.0,0.0,0.0,727333.0,66121.0,5847.0,9.979904e+07,1.32524032e+09,19480.69,28.0,243836.0,0.0,243836.0,243836.0,1.0,0.0,0.0
2026-03-31 02:33:50,561,8.460322e+06,4.68830407e+08,1.82946991e+08,0.0,0.0,0.0,727333.0,66121.0,5847.0,9.979904e+07,1.32524032e+09,19480.71,28.0,243836.0,0.0,243836.0,243836.0,1.0,0.0,0.0
2026-03-31 02:34:02,561,8.460322e+06,4.68830407e+08,1.82946991e+08,0.0,0.0,0.0,727333.0,66121.0,5847.0,9.979904e+07,1.32524032e+09,19480.73,28.0,243836.0,0.0,243836.0,243836.0,1.0,0.0,0.0
2026-03-31 02:34:14,561,8.460322e+06,4.68830407e+08,1.82946991e+08,0.0,0.0,0.0,727333.0,66121.0,5847.0,9.979904e+07,1.32524032e+09,19480.74,28.0,243836.0,0.0,243836.0,243836.0,1.0,0.0,0.0
2026-03-31 02:34:26,562,8.460322e+06,4.68830407e+08,1.82946991e+08,0.0,0.0,0.0,727333.0,66121.0,5847.0,9.979904e+07,1.32524032e+09,19480.75,28.0,243836.0,0.0,243836.0,243836.0,1.0,0.0,0.0
2026-03-31 02:34:37,562,8.460322e+06,4.68830407e+08,1.82946991e+08,0.0,0.0,0.0,727333.0,66121.0,5847.0,9.979904e+07,1.32524032e+09,19480.77,28.0,243836.0,0.0,243836.0,243836.0,1.0,0.0,0.0
2026-03-31 02:34:49,562,8.460322e+06,4.68830407e+08,1.82946991e+08,0.0,0.0,0.0,727333.0,66121.0,5847.0,9.979904e+07,1.32524032e+09,19480.789999999997,28.0,243836.0,0.0,243836.0,243836.0,1.0,0.0,0.0
2026-03-31 02:35:01,562,8.460322e+06,4.68830407e+08,1.82946991e+08,0.0,0.0,0.0,727333.0,66121.0,5847.0,9.979904e+07,1.32524032e+09,19480.8,28.0,243836.0,0.0,243836.0,243836.0,1.0,0.0,0.0
2026-03-31 02:35:12,562,8.460322e+06,4.68830407e+08,1.82946991e+08,0.0,0.0,0.0,727333.0,66121.0,5847.0,9.979904e+07,1.32524032e+09,19480.82,28.0,243836.0,0.0,243836.0,243836.0,1.0,0.0,0.0
2026-03-31 02:35:24,562,8.460322e+06,4.68830407e+08,1.82946991e+08,0.0,0.0,0.0,727333.0,66121.0,5847.0,9.979904e+07,1.32524032e+09,19480.84,28.0,243836.0,0.0,243836.0,243836.0,1.0,0.0,0.0
2026-03-31 02:35:36,563,8.460322e+06,4.68830407e+08,1.82946991e+08,0.0,0.0,0.0,727333.0,66121.0,5847.0,9.979904e+07,1.32524032e+09,19480.850000000002,28.0,243836.0,0.0,243836.0,243836.0,1.0,0.0,0.0
2026-03-31 02:35:48,563,8.460322e+06,4.68830407e+08,1.82946991e+08,0.0,0.0,0.0,727333.0,66121.0,5847.0,9.979904e+07,1.32524032e+09,19480.86,28.0,243836.0,0.0,243836.0,243836.0,1.0,0.0,0.0
2026-03-31 02:35:59,563,8.460322e+06,4.68830407e+08,1.82946991e+08,0.0,0.0,0.0,727333.0,66121.0,5847.0,9.979904e+07,1.32524032e+09,19480.88,28.0,243836.0,0.0,243836.0,243836.0,1.0,0.0,0.0
2026-03-31 02:36:11,563,8.460322e+06,4.68830407e+08,1.82946991e+08,0.0,0.0,0.0,727333.0,66121.0,5847.0,9.979904e+07,1.32524032e+09,19480.9,28.0,243836.0,0.0,243836.0,243836.0,1.0,0.0,0.0
2026-03-31 02:36:23,563,8.460322e+06,4.68830407e+08,1.82946991e+08,0.0,0.0,0.0,727333.0,66121.0,5847.0,9.979904e+07,1.32524032e+09,19480.920000000002,28.0,243836.0,0.0,243836.0,243836.0,1.0,0.0,0.0
2026-03-31 02:36:34,564,8.460322e+06,4.68830407e+08,1.82946991e+08,0.0,0.0,0.0,727333.0,66121.0,5847.0,9.979904e+07,1.32524032e+09,19480.94,28.0,243836.0,0.0,243836.0,243836.0,1.0,0.0,0.0
2026-03-31 02:36:46,564,8.460322e+06,4.68830407e+08,1.82946991e+08,0.0,0.0,0.0,727333.0,66121.0,5847.0,9.979904e+07,1.32524032e+09,19480.96,28.0,243836.0,0.0,243836.0,243836.0,1.0,0.0,0.0
2026-03-31 02:36:58,564,8.460322e+06,4.68830407e+08,1.82946991e+08,0.0,0.0,0.0,727333.0,66121.0,5847.0,9.979904e+07,1.32524032e+09,19480.96,28.0,243836.0,0.0,243836.0,243836.0,1.0,0.0,0.0
2026-03-31 02:37:10,564,8.460322e+06,4.68830407e+08,1.82946991e+08,0.0,0.0,0.0,727333.0,66121.0,5847.0,9.979904e+07,1.32524032e+09,19480.98,28.0,243836.0,0.0,243836.0,243836.0,1.0,0.0,0.0
2026-03-31 02:37:21,564,8.460322e+06,4.68830407e+08,1.82946991e+08,0.0,0.0,0.0,727333.0,66121.0,5847.0,9.979904e+07,1.32524032e+09,19481.0,28.0,243836.0,0.0,243836.0,243836.0,1.0,0.0,0.0
2026-03-31 02:37:33,565,8.460322e+06,4.68830407e+08,1.82946991e+08,0.0,0.0,0.0,727333.0,66121.0,5847.0,9.979904e+07,1.32524032e+09,19481.010000000002,28.0,243836.0,0.0,243836.0,243836.0,1.0,0.0,0.0
2026-03-31 02:37:45,565,8.460322e+06,4.68830407e+08,1.82946991e+08,0.0,0.0,0.0,727333.0,66121.0,5847.0,9.979904e+07,1.32524032e+09,19481.03,28.0,243836.0,0.0,243836.0,243836.0,1.0,0.0,0.0
2026-03-31 02:37:57,565,8.460322e+06,4.68830407e+08,1.82946991e+08,0.0,0.0,0.0,727333.0,66121.0,5847.0,9.979904e+07,1.32524032e+09,19481.050000000003,28.0,243836.0,0.0,243836.0,243836.0,1.0,0.0,0.0
2026-03-31 02:38:08,565,8.460322e+06,4.68830407e+08,1.82946991e+08,0.0,0.0,0.0,727333.0,66121.0,5847.0,9.979904e+07,1.32524032e+09,19481.06,28.0,243836.0,0.0,243836.0,243836.0,1.0,0.0,0.0
2026-03-31 02:38:20,565,8.460322e+06,4.68830407e+08,1.82946991e+08,0.0,0.0,0.0,727333.0,66121.0,5847.0,9.979904e+07,1.32524032e+09,19481.079999999998,28.0,243836.0,0.0,243836.0,243836.0,1.0,0.0,0.0
2026-03-31 02:38:32,566,8.460322e+06,4.68830407e+08,1.82946991e+08,0.0,0.0,0.0,727333.0,66121.0,5847.0,9.979904e+07,1.32524032e+09,19481.09,28.0,243836.0,0.0,243836.0,243836.0,1.0,0.0,0.0
2026-03-31 02:38:44,566,8.460322e+06,4.68830407e+08,1.82946991e+08,0.0,0.0,0.0,727333.0,66121.0,5847.0,9.979904e+07,1.32524032e+09,19481.11,28.0,243836.0,0.0,243836.0,243836.0,1.0,0.0,0.0
2026-03-31 02:38:55,566,8.460322e+06,4.68830407e+08,1.82946991e+08,0.0,0.0,0.0,727333.0,66121.0,5847.0,9.979904e+07,1.32524032e+09,19481.13,28.0,243836.0,0.0,243836.0,243836.0,1.0,0.0,0.0
2026-03-31 02:39:07,566,8.460322e+06,4.68830407e+08,1.82946991e+08,0.0,0.0,0.0,727333.0,66121.0,5847.0,9.979904e+07,1.32524032e+09,19481.14,28.0,243836.0,0.0,243836.0,243836.0,1.0,0.0,0.0
2026-03-31 02:39:19,566,8.460322e+06,4.68830407e+08,1.82946991e+08,0.0,0.0,0.0,727333.0,66121.0,5847.0,9.979904e+07,1.32524032e+09,19481.149999999998,28.0,243836.0,0.0,243836.0,243836.0,1.0,0.0,0.0
2026-03-31 02:39:31,567,8.460322e+06,4.68830407e+08,1.82946991e+08,0.0,0.0,0.0,727333.0,66121.0,5847.0,9.979904e+07,1.32524032e+09,19481.170000000002,28.0,243836.0,0.0,243836.0,243836.0,1.0,0.0,0.0
2026-03-31 02:39:42,567,8.460322e+06,4.68830407e+08,1.82946991e+08,0.0,0.0,0.0,727333.0,66121.0,5847.0,9.979904e+07,1.32524032e+09,19481.18,28.0,243836.0,0.0,243836.0,243836.0,1.0,0.0,0.0
2026-03-31 02:39:54,567,8.460322e+06,4.68830407e+08,1.82946991e+08,0.0,0.0,0.0,727333.0,66121.0,5847.0,9.979904e+07,1.32524032e+09,19481.2,28.0,243836.0,0.0,243836.0,243836.0,1.0,0.0,0.0
2026-03-31 02:40:06,567,8.460322e+06,4.68830407e+08,1.82946991e+08,0.0,0.0,0.0,727333.0,66121.0,5847.0,9.979904e+07,1.32524032e+09,19481.22,28.0,243836.0,0.0,243836.0,243836.0,1.0,0.0,0.0
2026-03-31 02:40:18,567,8.460322e+06,4.68830407e+08,1.82946991e+08,0.0,0.0,0.0,727333.0,66121.0,5847.0,9.979904e+07,1.32524032e+09,19481.23,28.0,243836.0,0.0,243836.0,243836.0,1.0,0.0,0.0
2026-03-31 02:40:29,568,8.460322e+06,4.68830407e+08,1.82946991e+08,0.0,0.0,0.0,727333.0,66121.0,5847.0,9.979904e+07,1.32524032e+09,19481.26,28.0,243836.0,0.0,243836.0,243836.0,1.0,0.0,0.0
2026-03-31 02:40:41,568,8.460322e+06,4.68830407e+08,1.82946991e+08,0.0,0.0,0.0,727333.0,66121.0,5847.0,9.979904e+07,1.32524032e+09,19481.27,28.0,243836.0,0.0,243836.0,243836.0,1.0,0.0,0.0
2026-03-31 02:40:53,568,8.460322e+06,4.68830407e+08,1.82946991e+08,0.0,0.0,0.0,727333.0,66121.0,5847.0,9.979904e+07,1.32524032e+09,19481.29,28.0,243836.0,0.0,243836.0,243836.0,1.0,0.0,0.0
2026-03-31 02:41:05,568,8.460322e+06,4.68830407e+08,1.82946991e+08,0.0,0.0,0.0,727333.0,66121.0,5847.0,9.979904e+07,1.32524032e+09,19481.300000000003,28.0,243836.0,0.0,243836.0,243836.0,1.0,0.0,0.0
2026-03-31 02:41:16,568,8.460322e+06,4.68830407e+08,1.82946991e+08,0.0,0.0,0.0,727333.0,66121.0,5847.0,9.979904e+07,1.32524032e+09,19481.32,28.0,243836.0,0.0,243836.0,243836.0,1.0,0.0,0.0
2026-03-31 02:41:28,569,8.460322e+06,4.68830407e+08,1.82946991e+08,0.0,0.0,0.0,727333.0,66121.0,5847.0,9.979904e+07,1.32524032e+09,19481.34,28.0,243836.0,0.0,243836.0,243836.0,1.0,0.0,0.0
2026-03-31 02:41:40,569,8.460322e+06,4.68830407e+08,1.82946991e+08,0.0,0.0,0.0,727333.0,66121.0,5847.0,9.979904e+07,1.32524032e+09,19481.35,28.0,243836.0,0.0,243836.0,243836.0,1.0,0.0,0.0
2026-03-31 02:41:51,569,8.460322e+06,4.68830407e+08,1.82946991e+08,0.0,0.0,0.0,727333.0,66121.0,5847.0,9.979904e+07,1.32524032e+09,19481.37,28.0,243836.0,0.0,243836.0,243836.0,1.0,0.0,0.0
2026-03-31 02:42:03,569,8.460322e+06,4.68830407e+08,1.82946991e+08,0.0,0.0,0.0,727333.0,66121.0,5847.0,9.979904e+07,1.32524032e+09,19481.39,28.0,243836.0,0.0,243836.0,243836.0,1.0,0.0,0.0
2026-03-31 02:42:15,569,8.460322e+06,4.68830407e+08,1.82946991e+08,0.0,0.0,0.0,727333.0,66121.0,5847.0,9.979904e+07,1.32524032e+09,19481.399999999998,28.0,243836.0,0.0,243836.0,243836.0,1.0,0.0,0.0
2026-03-31 02:42:27,570,8.460322e+06,4.68830407e+08,1.82946991e+08,0.0,0.0,0.0,727333.0,66121.0,5847.0,9.979904e+07,1.32524032e+09,19481.420000000002,28.0,243836.0,0.0,243836.0,243836.0,1.0,0.0,0.0
2026-03-31 02:42:38,570,8.460322e+06,4.68830407e+08,1.82946991e+08,0.0,0.0,0.0,727333.0,66121.0,5847.0,9.979904e+07,1.32524032e+09,19481.44,28.0,243836.0,0.0,243836.0,243836.0,1.0,0.0,0.0
2026-03-31 02:42:50,570,8.460322e+06,4.68830407e+08,1.82946991e+08,0.0,0.0,0.0,727333.0,66121.0,5847.0,9.979904e+07,1.32524032e+09,19481.460000000003,28.0,243836.0,0.0,243836.0,243836.0,1.0,0.0,0.0
2026-03-31 02:43:02,570,8.460322e+06,4.68830407e+08,1.82946991e+08,0.0,0.0,0.0,727333.0,66121.0,5847.0,9.979904e+07,1.32524032e+09,19481.47,28.0,243836.0,0.0,243836.0,243836.0,1.0,0.0,0.0
2026-03-31 02:43:14,570,8.460322e+06,4.68830407e+08,1.82946991e+08,0.0,0.0,0.0,727333.0,66121.0,5847.0,9.979904e+07,1.32524032e+09,19481.489999999998,28.0,243836.0,0.0,243836.0,243836.0,1.0,0.0,0.0
2026-03-31 02:43:25,571,8.460322e+06,4.68830407e+08,1.82946991e+08,0.0,0.0,0.0,727333.0,66121.0,5847.0,9.979904e+07,1.32524032e+09,19481.5,28.0,243836.0,0.0,243836.0,243836.0,1.0,0.0,0.0
2026-03-31 02:43:37,571,8.460322e+06,4.68830407e+08,1.82946991e+08,0.0,0.0,0.0,727333.0,66121.0,5847.0,9.979904e+07,1.32524032e+09,19481.519999999997,28.0,243836.0,0.0,243836.0,243836.0,1.0,0.0,0.0
2026-03-31 02:43:49,571,8.460322e+06,4.68830407e+08,1.82946991e+08,0.0,0.0,0.0,727333.0,66121.0,5847.0,9.979904e+07,1.32524032e+09,19481.53,28.0,243836.0,0.0,243836.0,243836.0,1.0,0.0,0.0
2026-03-31 02:44:01,571,8.460322e+06,4.68830407e+08,1.82946991e+08,0.0,0.0,0.0,727333.0,66121.0,5847.0,9.979904e+07,1.32524032e+09,19481.55,28.0,243836.0,0.0,243836.0,243836.0,1.0,0.0,0.0
2026-03-31 02:44:13,571,8.460322e+06,4.68830407e+08,1.82946991e+08,0.0,0.0,0.0,727333.0,66121.0,5847.0,9.979904e+07,1.32524032e+09,19481.57,28.0,243836.0,0.0,243836.0,243836.0,1.0,0.0,0.0
2026-03-31 02:44:24,571,8.460322e+06,4.68830407e+08,1.82946991e+08,0.0,0.0,0.0,727333.0,66121.0,5847.0,9.979904e+07,1.32524032e+09,19481.579999999998,28.0,243836.0,0.0,243836.0,243836.0,1.0,0.0,0.0
2026-03-31 02:44:36,572,8.460322e+06,4.68830407e+08,1.82946991e+08,0.0,0.0,0.0,727333.0,66121.0,5847.0,9.979904e+07,1.32524032e+09,19481.600000000002,28.0,243836.0,0.0,243836.0,243836.0,1.0,0.0,0.0
2026-03-31 02:44:48,572,8.460322e+06,4.68830407e+08,1.82946991e+08,0.0,0.0,0.0,727333.0,66121.0,5847.0,9.9667968e+07,1.32524032e+09,19481.61,28.0,243836.0,0.0,243836.0,243836.0,1.0,0.0,0.0
2026-03-31 02:44:59,572,8.460322e+06,4.68830407e+08,1.82946991e+08,0.0,0.0,0.0,727333.0,66121.0,5847.0,9.9667968e+07,1.32524032e+09,19481.629999999997,28.0,243836.0,0.0,243836.0,243836.0,1.0,0.0,0.0
2026-03-31 02:45:11,572,8.460322e+06,4.68830407e+08,1.82946991e+08,0.0,0.0,0.0,727333.0,66121.0,5847.0,9.9667968e+07,1.32524032e+09,19481.649999999998,28.0,243836.0,0.0,243836.0,243836.0,1.0,0.0,0.0
2026-03-31 02:45:23,572,8.460322e+06,4.68830407e+08,1.82946991e+08,0.0,0.0,0.0,727333.0,66121.0,5847.0,9.9667968e+07,1.32524032e+09,19481.670000000002,28.0,243836.0,0.0,243836.0,243836.0,1.0,0.0,0.0
2026-03-31 02:45:35,573,8.460322e+06,4.68830407e+08,1.82946991e+08,0.0,0.0,0.0,727333.0,66121.0,5847.0,9.9667968e+07,1.32524032e+09,19481.68,28.0,243836.0,0.0,243836.0,243836.0,1.0,0.0,0.0
2026-03-31 02:45:47,573,8.460322e+06,4.68830407e+08,1.82946991e+08,0.0,0.0,0.0,727333.0,66121.0,5847.0,9.9667968e+07,1.32524032e+09,19481.690000000002,28.0,243836.0,0.0,243836.0,243836.0,1.0,0.0,0.0
2026-03-31 02:45:58,573,8.460322e+06,4.68830407e+08,1.82946991e+08,0.0,0.0,0.0,727333.0,66121.0,5847.0,9.9667968e+07,1.32524032e+09,19481.71,28.0,243836.0,0.0,243836.0,243836.0,1.0,0.0,0.0
2026-03-31 02:46:10,573,8.460322e+06,4.68830407e+08,1.82946991e+08,0.0,0.0,0.0,727333.0,66121.0,5847.0,9.9667968e+07,1.32524032e+09,19481.73,28.0,243836.0,0.0,243836.0,243836.0,1.0,0.0,0.0
2026-03-31 02:46:22,573,8.460322e+06,4.68830407e+08,1.82946991e+08,0.0,0.0,0.0,727333.0,66121.0,5847.0,9.9667968e+07,1.32524032e+09,19481.74,28.0,243836.0,0.0,243836.0,243836.0,1.0,0.0,0.0
2026-03-31 02:46:34,574,8.460322e+06,4.68830407e+08,1.82946991e+08,0.0,0.0,0.0,727333.0,66121.0,5847.0,9.9667968e+07,1.32524032e+09,19481.75,28.0,243836.0,0.0,243836.0,243836.0,1.0,0.0,0.0
2026-03-31 02:46:45,574,8.460322e+06,4.68830407e+08,1.82946991e+08,0.0,0.0,0.0,727333.0,66121.0,5847.0,9.9667968e+07,1.32524032e+09,19481.78,28.0,243836.0,0.0,243836.0,243836.0,1.0,0.0,0.0
2026-03-31 02:46:57,574,8.460322e+06,4.68830407e+08,1.82946991e+08,0.0,0.0,0.0,727333.0,66121.0,5847.0,9.9667968e+07,1.32524032e+09,19481.79,28.0,243836.0,0.0,243836.0,243836.0,1.0,0.0,0.0
2026-03-31 02:47:09,574,8.460322e+06,4.68830407e+08,1.82946991e+08,0.0,0.0,0.0,727333.0,66121.0,5847.0,9.9667968e+07,1.32524032e+09,19481.809999999998,28.0,243836.0,0.0,243836.0,243836.0,1.0,0.0,0.0
2026-03-31 02:47:20,574,8.460322e+06,4.68830407e+08,1.82946991e+08,0.0,0.0,0.0,727333.0,66121.0,5847.0,9.9667968e+07,1.32524032e+09,19481.82,28.0,243836.0,0.0,243836.0,243836.0,1.0,0.0,0.0
2026-03-31 02:47:32,575,8.460322e+06,4.68830407e+08,1.82946991e+08,0.0,0.0,0.0,727333.0,66121.0,5847.0,9.9667968e+07,1.32524032e+09,19481.84,28.0,243836.0,0.0,243836.0,243836.0,1.0,0.0,0.0
2026-03-31 02:47:44,575,8.460322e+06,4.68830407e+08,1.82946991e+08,0.0,0.0,0.0,727333.0,66121.0,5847.0,9.9667968e+07,1.32524032e+09,19481.85,28.0,243836.0,0.0,243836.0,243836.0,1.0,0.0,0.0
2026-03-31 02:47:56,575,8.460322e+06,4.68830407e+08,1.82946991e+08,0.0,0.0,0.0,727333.0,66121.0,5847.0,9.9667968e+07,1.32524032e+09,19481.87,28.0,243836.0,0.0,243836.0,243836.0,1.0,0.0,0.0
2026-03-31 02:48:08,575,8.460322e+06,4.68830407e+08,1.82946991e+08,0.0,0.0,0.0,727333.0,66121.0,5847.0,9.9667968e+07,1.32524032e+09,19481.879999999997,28.0,243836.0,0.0,243836.0,243836.0,1.0,0.0,0.0
2026-03-31 02:48:19,575,8.460322e+06,4.68830407e+08,1.82946991e+08,0.0,0.0,0.0,727333.0,66121.0,5847.0,9.9667968e+07,1.32524032e+09,19481.9,28.0,243836.0,0.0,243836.0,243836.0,1.0,0.0,0.0
2026-03-31 02:48:31,576,8.460322e+06,4.68830407e+08,1.82946991e+08,0.0,0.0,0.0,727333.0,66121.0,5847.0,9.9667968e+07,1.32524032e+09,19481.91,28.0,243836.0,0.0,243836.0,243836.0,1.0,0.0,0.0
2026-03-31 02:48:43,576,8.460322e+06,4.68830407e+08,1.82946991e+08,0.0,0.0,0.0,727333.0,66121.0,5847.0,9.9667968e+07,1.32524032e+09,19481.94,28.0,243836.0,0.0,243836.0,243836.0,1.0,0.0,0.0
2026-03-31 02:48:55,576,8.460322e+06,4.68830407e+08,1.82946991e+08,0.0,0.0,0.0,727333.0,66121.0,5847.0,9.9667968e+07,1.32524032e+09,19481.95,28.0,243836.0,0.0,243836.0,243836.0,1.0,0.0,0.0
2026-03-31 02:49:06,576,8.460322e+06,4.68830407e+08,1.82946991e+08,0.0,0.0,0.0,727333.0,66121.0,5847.0,9.9667968e+07,1.32524032e+09,19481.97,28.0,243836.0,0.0,243836.0,243836.0,1.0,0.0,0.0
2026-03-31 02:49:18,576,8.460322e+06,4.68830407e+08,1.82946991e+08,0.0,0.0,0.0,727333.0,66121.0,5847.0,9.9667968e+07,1.32524032e+09,19481.98,28.0,243836.0,0.0,243836.0,243836.0,1.0,0.0,0.0
2026-03-31 02:49:30,577,8.460322e+06,4.68830407e+08,1.82946991e+08,0.0,0.0,0.0,727333.0,66121.0,5847.0,9.9405824e+07,1.32524032e+09,19482.0,28.0,243836.0,0.0,243836.0,243836.0,1.0,0.0,0.0
2026-03-31 02:49:42,577,8.460322e+06,4.68830407e+08,1.82946991e+08,0.0,0.0,0.0,727333.0,66121.0,5847.0,9.9405824e+07,1.32524032e+09,19482.02,28.0,243836.0,0.0,243836.0,243836.0,1.0,0.0,0.0
2026-03-31 02:49:53,577,8.460322e+06,4.68830407e+08,1.82946991e+08,0.0,0.0,0.0,727333.0,66121.0,5847.0,9.9405824e+07,1.32524032e+09,19482.030000000002,28.0,243836.0,0.0,243836.0,243836.0,1.0,0.0,0.0
2026-03-31 02:50:05,577,8.460322e+06,4.68830407e+08,1.82946991e+08,0.0,0.0,0.0,727333.0,66121.0,5847.0,9.9405824e+07,1.32524032e+09,19482.05,28.0,243836.0,0.0,243836.0,243836.0,1.0,0.0,0.0
2026-03-31 02:50:17,577,8.460322e+06,4.68830407e+08,1.82946991e+08,0.0,0.0,0.0,727333.0,66121.0,5847.0,9.9405824e+07,1.32524032e+09,19482.06,28.0,243836.0,0.0,243836.0,243836.0,1.0,0.0,0.0
2026-03-31 02:50:29,578,8.460322e+06,4.68830407e+08,1.82946991e+08,0.0,0.0,0.0,727333.0,66121.0,5847.0,9.9405824e+07,1.32524032e+09,19482.079999999998,28.0,243836.0,0.0,243836.0,243836.0,1.0,0.0,0.0
2026-03-31 02:50:40,578,8.460322e+06,4.68830407e+08,1.82946991e+08,0.0,0.0,0.0,727333.0,66121.0,5847.0,9.9405824e+07,1.32524032e+09,19482.09,28.0,243836.0,0.0,243836.0,243836.0,1.0,0.0,0.0
2026-03-31 02:50:52,578,8.460322e+06,4.68830407e+08,1.82946991e+08,0.0,0.0,0.0,727333.0,66121.0,5847.0,9.9405824e+07,1.32524032e+09,19482.100000000002,28.0,243836.0,0.0,243836.0,243836.0,1.0,0.0,0.0
2026-03-31 02:51:04,578,8.460322e+06,4.68830407e+08,1.82946991e+08,0.0,0.0,0.0,727333.0,66121.0,5847.0,9.9405824e+07,1.32524032e+09,19482.129999999997,28.0,243836.0,0.0,243836.0,243836.0,1.0,0.0,0.0
2026-03-31 02:51:15,578,8.460322e+06,4.68830407e+08,1.82946991e+08,0.0,0.0,0.0,727333.0,66121.0,5847.0,9.9274752e+07,1.32524032e+09,19482.14,28.0,243836.0,0.0,243836.0,243836.0,1.0,0.0,0.0
2026-03-31 02:51:27,579,8.460322e+06,4.68830407e+08,1.82946991e+08,0.0,0.0,0.0,727333.0,66121.0,5847.0,9.9274752e+07,1.32524032e+09,19482.16,28.0,243836.0,0.0,243836.0,243836.0,1.0,0.0,0.0
2026-03-31 02:51:39,579,8.460322e+06,4.68830407e+08,1.82946991e+08,0.0,0.0,0.0,727333.0,66121.0,5847.0,9.9274752e+07,1.32524032e+09,19482.18,28.0,243836.0,0.0,243836.0,243836.0,1.0,0.0,0.0
2026-03-31 02:51:51,579,8.460322e+06,4.68830407e+08,1.82946991e+08,0.0,0.0,0.0,727333.0,66121.0,5847.0,9.9274752e+07,1.32524032e+09,19482.19,28.0,243836.0,0.0,243836.0,243836.0,1.0,0.0,0.0
2026-03-31 02:52:02,579,8.460322e+06,4.68830407e+08,1.82946991e+08,0.0,0.0,0.0,727333.0,66121.0,5847.0,9.9274752e+07,1.32524032e+09,19482.210000000003,28.0,243836.0,0.0,243836.0,243836.0,1.0,0.0,0.0
2026-03-31 02:52:14,579,8.460322e+06,4.68830407e+08,1.82946991e+08,0.0,0.0,0.0,727333.0,66121.0,5847.0,9.9274752e+07,1.32524032e+09,19482.22,28.0,243836.0,0.0,243836.0,243836.0,1.0,0.0,0.0
2026-03-31 02:52:26,580,8.460322e+06,4.68830407e+08,1.82946991e+08,0.0,0.0,0.0,727333.0,66121.0,5847.0,9.9274752e+07,1.32524032e+09,19482.23,28.0,243836.0,0.0,243836.0,243836.0,1.0,0.0,0.0
2026-03-31 02:52:37,580,8.460322e+06,4.68830407e+08,1.82946991e+08,0.0,0.0,0.0,727333.0,66121.0,5847.0,9.9274752e+07,1.32524032e+09,19482.25,28.0,243836.0,0.0,243836.0,243836.0,1.0,0.0,0.0
2026-03-31 02:52:49,580,8.460322e+06,4.68830407e+08,1.82946991e+08,0.0,0.0,0.0,727333.0,66121.0,5847.0,9.9274752e+07,1.32524032e+09,19482.27,28.0,243836.0,0.0,243836.0,243836.0,1.0,0.0,0.0
2026-03-31 02:53:01,580,8.460322e+06,4.68830407e+08,1.82946991e+08,0.0,0.0,0.0,727333.0,66121.0,5847.0,9.9274752e+07,1.32524032e+09,19482.289999999997,28.0,243836.0,0.0,243836.0,243836.0,1.0,0.0,0.0
2026-03-31 02:53:13,580,8.460322e+06,4.68830407e+08,1.82946991e+08,0.0,0.0,0.0,727333.0,66121.0,5847.0,9.9274752e+07,1.32524032e+09,19482.3,28.0,243836.0,0.0,243836.0,243836.0,1.0,0.0,0.0
2026-03-31 02:53:24,580,8.460322e+06,4.68830407e+08,1.82946991e+08,0.0,0.0,0.0,727333.0,66121.0,5847.0,9.9274752e+07,1.32524032e+09,19482.32,28.0,243836.0,0.0,243836.0,243836.0,1.0,0.0,0.0
2026-03-31 02:53:36,581,8.460322e+06,4.68830407e+08,1.82946991e+08,0.0,0.0,0.0,727333.0,66121.0,5847.0,9.9274752e+07,1.32524032e+09,19482.33,28.0,243836.0,0.0,243836.0,243836.0,1.0,0.0,0.0
2026-03-31 02:53:48,581,8.460322e+06,4.68830407e+08,1.82946991e+08,0.0,0.0,0.0,727333.0,66121.0,5847.0,9.9274752e+07,1.32524032e+09,19482.35,28.0,243836.0,0.0,243836.0,243836.0,1.0,0.0,0.0
2026-03-31 02:54:00,581,8.460322e+06,4.68830407e+08,1.82946991e+08,0.0,0.0,0.0,727333.0,66121.0,5847.0,9.9274752e+07,1.32524032e+09,19482.36,28.0,243836.0,0.0,243836.0,243836.0,1.0,0.0,0.0
2026-03-31 02:54:11,581,8.460322e+06,4.68830407e+08,1.82946991e+08,0.0,0.0,0.0,727333.0,66121.0,5847.0,9.9274752e+07,1.32524032e+09,19482.38,28.0,243836.0,0.0,243836.0,243836.0,1.0,0.0,0.0
2026-03-31 02:54:23,581,8.460322e+06,4.68830407e+08,1.82946991e+08,0.0,0.0,0.0,727333.0,66121.0,5847.0,9.9274752e+07,1.32524032e+09,19482.399999999998,28.0,243836.0,0.0,243836.0,243836.0,1.0,0.0,0.0
2026-03-31 02:54:35,582,8.460322e+06,4.68830407e+08,1.82946991e+08,0.0,0.0,0.0,727333.0,66121.0,5847.0,9.8619392e+07,1.32524032e+09,19482.41,28.0,243836.0,0.0,243836.0,243836.0,1.0,0.0,0.0
2026-03-31 02:54:46,582,8.460322e+06,4.68830407e+08,1.82946991e+08,0.0,0.0,0.0,727333.0,66121.0,5847.0,9.8619392e+07,1.32524032e+09,19482.43,28.0,243836.0,0.0,243836.0,243836.0,1.0,0.0,0.0
2026-03-31 02:54:58,582,8.460322e+06,4.68830407e+08,1.82946991e+08,0.0,0.0,0.0,727333.0,66121.0,5847.0,9.8619392e+07,1.32524032e+09,19482.440000000002,28.0,243836.0,0.0,243836.0,243836.0,1.0,0.0,0.0
2026-03-31 02:55:10,582,8.460322e+06,4.68830407e+08,1.82946991e+08,0.0,0.0,0.0,727333.0,66121.0,5847.0,9.8619392e+07,1.32524032e+09,19482.46,28.0,243836.0,0.0,243836.0,243836.0,1.0,0.0,0.0
2026-03-31 02:55:22,582,8.460322e+06,4.68830407e+08,1.82946991e+08,0.0,0.0,0.0,727333.0,66121.0,5847.0,9.8619392e+07,1.32524032e+09,19482.48,28.0,243836.0,0.0,243836.0,243836.0,1.0,0.0,0.0
2026-03-31 02:55:34,583,8.460322e+06,4.68830407e+08,1.82946991e+08,0.0,0.0,0.0,727333.0,66121.0,5847.0,9.8619392e+07,1.32524032e+09,19482.5,28.0,243836.0,0.0,243836.0,243836.0,1.0,0.0,0.0
2026-03-31 02:55:45,583,8.460322e+06,4.68830407e+08,1.82946991e+08,0.0,0.0,0.0,727333.0,66121.0,5847.0,9.8619392e+07,1.32524032e+09,19482.510000000002,28.0,243836.0,0.0,243836.0,243836.0,1.0,0.0,0.0
2026-03-31 02:55:57,583,8.460322e+06,4.68830407e+08,1.82946991e+08,0.0,0.0,0.0,727333.0,66121.0,5847.0,9.8619392e+07,1.32524032e+09,19482.52,28.0,243836.0,0.0,243836.0,243836.0,1.0,0.0,0.0
2026-03-31 02:56:09,583,8.460322e+06,4.68830407e+08,1.82946991e+08,0.0,0.0,0.0,727333.0,66121.0,5847.0,9.8619392e+07,1.32524032e+09,19482.539999999997,28.0,243836.0,0.0,243836.0,243836.0,1.0,0.0,0.0
2026-03-31 02:56:20,583,8.460322e+06,4.68830407e+08,1.82946991e+08,0.0,0.0,0.0,727333.0,66121.0,5847.0,9.8357248e+07,1.32524032e+09,19482.55,28.0,243836.0,0.0,243836.0,243836.0,1.0,0.0,0.0
2026-03-31 02:56:32,584,8.460322e+06,4.68830407e+08,1.82946991e+08,0.0,0.0,0.0,727333.0,66121.0,5847.0,9.8357248e+07,1.32524032e+09,19482.58,28.0,243836.0,0.0,243836.0,243836.0,1.0,0.0,0.0
2026-03-31 02:56:44,584,8.460322e+06,4.68830407e+08,1.82946991e+08,0.0,0.0,0.0,727333.0,66121.0,5847.0,9.8357248e+07,1.32524032e+09,19482.59,28.0,243836.0,0.0,243836.0,243836.0,1.0,0.0,0.0
2026-03-31 02:56:56,584,8.460322e+06,4.68830407e+08,1.82946991e+08,0.0,0.0,0.0,727333.0,66121.0,5847.0,9.8357248e+07,1.32524032e+09,19482.61,28.0,243836.0,0.0,243836.0,243836.0,1.0,0.0,0.0
2026-03-31 02:57:07,584,8.460322e+06,4.68830407e+08,1.82946991e+08,0.0,0.0,0.0,727333.0,66121.0,5847.0,9.8357248e+07,1.32524032e+09,19482.63,28.0,243836.0,0.0,243836.0,243836.0,1.0,0.0,0.0
2026-03-31 02:57:19,584,8.460322e+06,4.68830407e+08,1.82946991e+08,0.0,0.0,0.0,727333.0,66121.0,5847.0,9.8357248e+07,1.32524032e+09,19482.64,28.0,243836.0,0.0,243836.0,243836.0,1.0,0.0,0.0
2026-03-31 02:57:31,585,8.460322e+06,4.68830407e+08,1.82946991e+08,0.0,0.0,0.0,727333.0,66121.0,5847.0,9.8357248e+07,1.32524032e+09,19482.66,28.0,243836.0,0.0,243836.0,243836.0,1.0,0.0,0.0
2026-03-31 02:57:43,585,8.460322e+06,4.68830407e+08,1.82946991e+08,0.0,0.0,0.0,727333.0,66121.0,5847.0,9.8357248e+07,1.32524032e+09,19482.670000000002,28.0,243836.0,0.0,243836.0,243836.0,1.0,0.0,0.0
2026-03-31 02:57:55,585,8.460322e+06,4.68830407e+08,1.82946991e+08,0.0,0.0,0.0,727333.0,66121.0,5847.0,9.8357248e+07,1.32524032e+09,19482.69,28.0,243836.0,0.0,243836.0,243836.0,1.0,0.0,0.0
2026-03-31 02:58:06,585,8.460322e+06,4.68830407e+08,1.82946991e+08,0.0,0.0,0.0,727333.0,66121.0,5847.0,9.8357248e+07,1.32524032e+09,19482.7,28.0,243836.0,0.0,243836.0,243836.0,1.0,0.0,0.0
2026-03-31 02:58:18,585,8.460322e+06,4.68830407e+08,1.82946991e+08,0.0,0.0,0.0,727333.0,66121.0,5847.0,9.8357248e+07,1.32524032e+09,19482.719999999998,28.0,243836.0,0.0,243836.0,243836.0,1.0,0.0,0.0
2026-03-31 02:58:30,586,8.460322e+06,4.68830407e+08,1.82946991e+08,0.0,0.0,0.0,727333.0,66121.0,5847.0,9.8357248e+07,1.32524032e+09,19482.73,28.0,243836.0,0.0,243836.0,243836.0,1.0,0.0,0.0
2026-03-31 02:58:42,586,8.460322e+06,4.68830407e+08,1.82946991e+08,0.0,0.0,0.0,727333.0,66121.0,5847.0,9.8357248e+07,1.32524032e+09,19482.75,28.0,243836.0,0.0,243836.0,243836.0,1.0,0.0,0.0
2026-03-31 02:58:54,586,8.460322e+06,4.68830407e+08,1.82946991e+08,0.0,0.0,0.0,727333.0,66121.0,5847.0,9.8357248e+07,1.32524032e+09,19482.77,28.0,243836.0,0.0,243836.0,243836.0,1.0,0.0,0.0
2026-03-31 02:59:05,586,8.460322e+06,4.68830407e+08,1.82946991e+08,0.0,0.0,0.0,727333.0,66121.0,5847.0,9.7570816e+07,1.32524032e+09,19482.78,28.0,243836.0,0.0,243836.0,243836.0,1.0,0.0,0.0
2026-03-31 02:59:17,586,8.460322e+06,4.68830407e+08,1.82946991e+08,0.0,0.0,0.0,727333.0,66121.0,5847.0,9.7570816e+07,1.32524032e+09,19482.8,28.0,243836.0,0.0,243836.0,243836.0,1.0,0.0,0.0
2026-03-31 02:59:29,587,8.460322e+06,4.68830407e+08,1.82946991e+08,0.0,0.0,0.0,727333.0,66121.0,5847.0,9.7570816e+07,1.32524032e+09,19482.82,28.0,243836.0,0.0,243836.0,243836.0,1.0,0.0,0.0
2026-03-31 02:59:41,587,8.460322e+06,4.68830407e+08,1.82946991e+08,0.0,0.0,0.0,727333.0,66121.0,5847.0,9.7570816e+07,1.32524032e+09,19482.84,28.0,243836.0,0.0,243836.0,243836.0,1.0,0.0,0.0
2026-03-31 02:59:52,587,8.460322e+06,4.68830407e+08,1.82946991e+08,0.0,0.0,0.0,727333.0,66121.0,5847.0,9.71776e+07,1.32524032e+09,19482.850000000002,28.0,243836.0,0.0,243836.0,243836.0,1.0,0.0,0.0
2026-03-31 03:00:04,587,8.460322e+06,4.68830407e+08,1.82946991e+08,0.0,0.0,0.0,727333.0,66121.0,5847.0,9.71776e+07,1.32524032e+09,19482.86,28.0,243836.0,0.0,243836.0,243836.0,1.0,0.0,0.0
2026-03-31 03:00:16,587,8.460322e+06,4.68830407e+08,1.82946991e+08,0.0,0.0,0.0,727333.0,66121.0,5847.0,9.71776e+07,1.32524032e+09,19482.88,28.0,243836.0,0.0,243836.0,243836.0,1.0,0.0,0.0
2026-03-31 03:00:27,588,8.460322e+06,4.68830407e+08,1.82946991e+08,0.0,0.0,0.0,727333.0,66121.0,5847.0,9.71776e+07,1.32524032e+09,19482.9,28.0,243836.0,0.0,243836.0,243836.0,1.0,0.0,0.0
2026-03-31 03:00:39,588,8.460322e+06,4.68830407e+08,1.82946991e+08,0.0,0.0,0.0,727333.0,66121.0,5847.0,9.71776e+07,1.32524032e+09,19482.92,28.0,243836.0,0.0,243836.0,243836.0,1.0,0.0,0.0
2026-03-31 03:00:51,588,8.460322e+06,4.68830407e+08,1.82946991e+08,0.0,0.0,0.0,727333.0,66121.0,5847.0,9.71776e+07,1.32524032e+09,19482.93,28.0,243836.0,0.0,243836.0,243836.0,1.0,0.0,0.0
2026-03-31 03:01:03,588,8.460322e+06,4.68830407e+08,1.82946991e+08,0.0,0.0,0.0,727333.0,66121.0,5847.0,9.586688e+07,1.32524032e+09,19482.95,28.0,243836.0,0.0,243836.0,243836.0,1.0,0.0,0.0
2026-03-31 03:01:14,588,8.460322e+06,4.68830407e+08,1.82946991e+08,0.0,0.0,0.0,727333.0,66121.0,5847.0,9.586688e+07,1.32524032e+09,19482.96,28.0,243836.0,0.0,243836.0,243836.0,1.0,0.0,0.0
2026-03-31 03:01:26,589,8.460322e+06,4.68830407e+08,1.82946991e+08,0.0,0.0,0.0,727333.0,66121.0,5847.0,9.586688e+07,1.32524032e+09,19482.98,28.0,243836.0,0.0,243836.0,243836.0,1.0,0.0,0.0
2026-03-31 03:01:38,589,8.460322e+06,4.68830407e+08,1.82946991e+08,0.0,0.0,0.0,727333.0,66121.0,5847.0,9.586688e+07,1.32524032e+09,19483.0,28.0,243836.0,0.0,243836.0,243836.0,1.0,0.0,0.0
2026-03-31 03:01:50,589,8.460322e+06,4.68830407e+08,1.82946991e+08,0.0,0.0,0.0,727333.0,66121.0,5847.0,9.5604736e+07,1.32524032e+09,19483.010000000002,28.0,243836.0,0.0,243836.0,243836.0,1.0,0.0,0.0
2026-03-31 03:02:01,589,8.460322e+06,4.68830407e+08,1.82946991e+08,0.0,0.0,0.0,727333.0,66121.0,5847.0,9.5473664e+07,1.32524032e+09,19483.03,28.0,243836.0,0.0,243836.0,243836.0,1.0,0.0,0.0
2026-03-31 03:02:13,589,8.460322e+06,4.68830407e+08,1.82946991e+08,0.0,0.0,0.0,727333.0,66121.0,5847.0,9.5473664e+07,1.32524032e+09,19483.039999999997,28.0,243836.0,0.0,243836.0,243836.0,1.0,0.0,0.0
2026-03-31 03:02:25,590,8.460322e+06,4.68830407e+08,1.82946991e+08,0.0,0.0,0.0,727333.0,66121.0,5847.0,9.5473664e+07,1.32524032e+09,19483.06,28.0,243836.0,0.0,243836.0,243836.0,1.0,0.0,0.0
2026-03-31 03:02:37,590,8.460322e+06,4.68830407e+08,1.82946991e+08,0.0,0.0,0.0,727333.0,66121.0,5847.0,9.5473664e+07,1.32524032e+09,19483.08,28.0,243836.0,0.0,243836.0,243836.0,1.0,0.0,0.0
2026-03-31 03:02:48,590,8.460322e+06,4.68830407e+08,1.82946991e+08,0.0,0.0,0.0,727333.0,66121.0,5847.0,9.5473664e+07,1.32524032e+09,19483.1,28.0,243836.0,0.0,243836.0,243836.0,1.0,0.0,0.0
2026-03-31 03:03:00,590,8.460322e+06,4.68830407e+08,1.82946991e+08,0.0,0.0,0.0,727333.0,66121.0,5847.0,9.5473664e+07,1.32524032e+09,19483.120000000003,28.0,243836.0,0.0,243836.0,243836.0,1.0,0.0,0.0
2026-03-31 03:03:12,590,8.460322e+06,4.68830407e+08,1.82946991e+08,0.0,0.0,0.0,727333.0,66121.0,5847.0,9.5473664e+07,1.32524032e+09,19483.120000000003,28.0,243836.0,0.0,243836.0,243836.0,1.0,0.0,0.0
2026-03-31 03:03:24,590,8.460322e+06,4.68830407e+08,1.82946991e+08,0.0,0.0,0.0,727333.0,66121.0,5847.0,9.5473664e+07,1.32524032e+09,19483.14,28.0,243836.0,0.0,243836.0,243836.0,1.0,0.0,0.0
2026-03-31 03:03:35,591,8.460322e+06,4.68830407e+08,1.82946991e+08,0.0,0.0,0.0,727333.0,66121.0,5847.0,9.5473664e+07,1.32524032e+09,19483.16,28.0,243836.0,0.0,243836.0,243836.0,1.0,0.0,0.0
2026-03-31 03:03:47,591,8.460322e+06,4.68830407e+08,1.82946991e+08,0.0,0.0,0.0,727333.0,66121.0,5847.0,9.5473664e+07,1.32524032e+09,19483.18,28.0,243836.0,0.0,243836.0,243836.0,1.0,0.0,0.0
2026-03-31 03:03:59,591,8.460322e+06,4.68830407e+08,1.82946991e+08,0.0,0.0,0.0,727333.0,66121.0,5847.0,9.5473664e+07,1.32524032e+09,19483.190000000002,28.0,243836.0,0.0,243836.0,243836.0,1.0,0.0,0.0
2026-03-31 03:04:11,591,8.460322e+06,4.68830407e+08,1.82946991e+08,0.0,0.0,0.0,727333.0,66121.0,5847.0,9.5473664e+07,1.32524032e+09,19483.199999999997,28.0,243836.0,0.0,243836.0,243836.0,1.0,0.0,0.0
2026-03-31 03:04:22,591,8.460322e+06,4.68830407e+08,1.82946991e+08,0.0,0.0,0.0,727333.0,66121.0,5847.0,9.5473664e+07,1.32524032e+09,19483.22,28.0,243836.0,0.0,243836.0,243836.0,1.0,0.0,0.0
2026-03-31 03:04:34,592,8.460322e+06,4.68830407e+08,1.82946991e+08,0.0,0.0,0.0,727333.0,66121.0,5847.0,9.5473664e+07,1.32524032e+09,19483.23,28.0,243836.0,0.0,243836.0,243836.0,1.0,0.0,0.0
2026-03-31 03:04:46,592,8.460322e+06,4.68830407e+08,1.82946991e+08,0.0,0.0,0.0,727333.0,66121.0,5847.0,9.4818304e+07,1.32524032e+09,19483.26,28.0,243836.0,0.0,243836.0,243836.0,1.0,0.0,0.0
2026-03-31 03:04:58,592,8.460322e+06,4.68830407e+08,1.82946991e+08,0.0,0.0,0.0,727333.0,66121.0,5847.0,9.4818304e+07,1.32524032e+09,19483.27,28.0,243836.0,0.0,243836.0,243836.0,1.0,0.0,0.0
2026-03-31 03:05:10,592,8.460322e+06,4.68830407e+08,1.82946991e+08,0.0,0.0,0.0,727333.0,66121.0,5847.0,9.455616e+07,1.32524032e+09,19483.29,28.0,243836.0,0.0,243836.0,243836.0,1.0,0.0,0.0
2026-03-31 03:05:21,592,8.460322e+06,4.68830407e+08,1.82946991e+08,0.0,0.0,0.0,727333.0,66121.0,5847.0,9.455616e+07,1.32524032e+09,19483.309999999998,28.0,243836.0,0.0,243836.0,243836.0,1.0,0.0,0.0
2026-03-31 03:05:33,593,8.460322e+06,4.68830407e+08,1.82946991e+08,0.0,0.0,0.0,727333.0,66121.0,5847.0,9.455616e+07,1.32524032e+09,19483.33,28.0,243836.0,0.0,243836.0,243836.0,1.0,0.0,0.0
2026-03-31 03:05:45,593,8.460322e+06,4.68830407e+08,1.82946991e+08,0.0,0.0,0.0,727333.0,66121.0,5847.0,9.455616e+07,1.32524032e+09,19483.34,28.0,243836.0,0.0,243836.0,243836.0,1.0,0.0,0.0
2026-03-31 03:05:56,593,8.460322e+06,4.68830407e+08,1.82946991e+08,0.0,0.0,0.0,727333.0,66121.0,5847.0,9.455616e+07,1.32524032e+09,19483.35,28.0,243836.0,0.0,243836.0,243836.0,1.0,0.0,0.0
2026-03-31 03:06:08,593,8.460322e+06,4.68830407e+08,1.82946991e+08,0.0,0.0,0.0,727333.0,66121.0,5847.0,9.455616e+07,1.32524032e+09,19483.370000000003,28.0,243836.0,0.0,243836.0,243836.0,1.0,0.0,0.0
2026-03-31 03:06:20,593,8.460322e+06,4.68830407e+08,1.82946991e+08,0.0,0.0,0.0,727333.0,66121.0,5847.0,9.455616e+07,1.32524032e+09,19483.38,28.0,243836.0,0.0,243836.0,243836.0,1.0,0.0,0.0
2026-03-31 03:06:32,594,8.460322e+06,4.68830407e+08,1.82946991e+08,0.0,0.0,0.0,727333.0,66121.0,5847.0,9.455616e+07,1.32524032e+09,19483.4,28.0,243836.0,0.0,243836.0,243836.0,1.0,0.0,0.0
2026-03-31 03:06:43,594,8.460322e+06,4.68830407e+08,1.82946991e+08,0.0,0.0,0.0,727333.0,66121.0,5847.0,9.455616e+07,1.32524032e+09,19483.42,28.0,243836.0,0.0,243836.0,243836.0,1.0,0.0,0.0
2026-03-31 03:06:55,594,8.460322e+06,4.68830407e+08,1.82946991e+08,0.0,0.0,0.0,727333.0,66121.0,5847.0,9.4425088e+07,1.32524032e+09,19483.429999999997,28.0,243836.0,0.0,243836.0,243836.0,1.0,0.0,0.0
2026-03-31 03:07:07,594,8.460322e+06,4.68830407e+08,1.82946991e+08,0.0,0.0,0.0,727333.0,66121.0,5847.0,9.4425088e+07,1.32524032e+09,19483.45,28.0,243836.0,0.0,243836.0,243836.0,1.0,0.0,0.0
2026-03-31 03:07:19,594,8.460322e+06,4.68830407e+08,1.82946991e+08,0.0,0.0,0.0,727333.0,66121.0,5847.0,9.4425088e+07,1.32524032e+09,19483.46,28.0,243836.0,0.0,243836.0,243836.0,1.0,0.0,0.0
2026-03-31 03:07:30,595,8.460322e+06,4.68830407e+08,1.82946991e+08,0.0,0.0,0.0,727333.0,66121.0,5847.0,9.4425088e+07,1.32524032e+09,19483.48,28.0,243836.0,0.0,243836.0,243836.0,1.0,0.0,0.0
2026-03-31 03:07:42,595,8.460322e+06,4.68830407e+08,1.82946991e+08,0.0,0.0,0.0,727333.0,66121.0,5847.0,9.4425088e+07,1.32524032e+09,19483.489999999998,28.0,243836.0,0.0,243836.0,243836.0,1.0,0.0,0.0
2026-03-31 03:07:54,595,8.460322e+06,4.68830407e+08,1.82946991e+08,0.0,0.0,0.0,727333.0,66121.0,5847.0,9.4425088e+07,1.32524032e+09,19483.510000000002,28.0,243836.0,0.0,243836.0,243836.0,1.0,0.0,0.0
2026-03-31 03:08:06,595,8.460322e+06,4.68830407e+08,1.82946991e+08,0.0,0.0,0.0,727333.0,66121.0,5847.0,9.4425088e+07,1.32524032e+09,19483.52,28.0,243836.0,0.0,243836.0,243836.0,1.0,0.0,0.0
2026-03-31 03:08:17,595,8.460322e+06,4.68830407e+08,1.82946991e+08,0.0,0.0,0.0,727333.0,66121.0,5847.0,9.4425088e+07,1.32524032e+09,19483.54,28.0,243836.0,0.0,243836.0,243836.0,1.0,0.0,0.0
2026-03-31 03:08:29,596,8.460322e+06,4.68830407e+08,1.82946991e+08,0.0,0.0,0.0,727333.0,66121.0,5847.0,9.4425088e+07,1.32524032e+09,19483.559999999998,28.0,243836.0,0.0,243836.0,243836.0,1.0,0.0,0.0
2026-03-31 03:08:41,596,8.460322e+06,4.68830407e+08,1.82946991e+08,0.0,0.0,0.0,727333.0,66121.0,5847.0,9.4425088e+07,1.32524032e+09,19483.58,28.0,243836.0,0.0,243836.0,243836.0,1.0,0.0,0.0
2026-03-31 03:08:52,596,8.460322e+06,4.68830407e+08,1.82946991e+08,0.0,0.0,0.0,727333.0,66121.0,5847.0,9.4425088e+07,1.32524032e+09,19483.59,28.0,243836.0,0.0,243836.0,243836.0,1.0,0.0,0.0
2026-03-31 03:09:04,596,8.460322e+06,4.68830407e+08,1.82946991e+08,0.0,0.0,0.0,727333.0,66121.0,5847.0,9.4425088e+07,1.32524032e+09,19483.61,28.0,243836.0,0.0,243836.0,243836.0,1.0,0.0,0.0
2026-03-31 03:09:16,596,8.460322e+06,4.68830407e+08,1.82946991e+08,0.0,0.0,0.0,727333.0,66121.0,5847.0,9.4425088e+07,1.32524032e+09,19483.629999999997,28.0,243836.0,0.0,243836.0,243836.0,1.0,0.0,0.0
2026-03-31 03:09:28,597,8.460322e+06,4.68830407e+08,1.82946991e+08,0.0,0.0,0.0,727333.0,66121.0,5847.0,9.4425088e+07,1.32524032e+09,19483.64,28.0,243836.0,0.0,243836.0,243836.0,1.0,0.0,0.0
2026-03-31 03:09:39,597,8.460322e+06,4.68830407e+08,1.82946991e+08,0.0,0.0,0.0,727333.0,66121.0,5847.0,9.4425088e+07,1.32524032e+09,19483.66,28.0,243836.0,0.0,243836.0,243836.0,1.0,0.0,0.0
2026-03-31 03:09:51,597,8.460322e+06,4.68830407e+08,1.82946991e+08,0.0,0.0,0.0,727333.0,66121.0,5847.0,9.4425088e+07,1.32524032e+09,19483.670000000002,28.0,243836.0,0.0,243836.0,243836.0,1.0,0.0,0.0
2026-03-31 03:10:03,597,8.460322e+06,4.68830407e+08,1.82946991e+08,0.0,0.0,0.0,727333.0,66121.0,5847.0,9.4425088e+07,1.32524032e+09,19483.69,28.0,243836.0,0.0,243836.0,243836.0,1.0,0.0,0.0
2026-03-31 03:10:15,597,8.460322e+06,4.68830407e+08,1.82946991e+08,0.0,0.0,0.0,727333.0,66121.0,5847.0,9.4425088e+07,1.32524032e+09,19483.699999999997,28.0,243836.0,0.0,243836.0,243836.0,1.0,0.0,0.0
2026-03-31 03:10:26,598,8.460322e+06,4.68830407e+08,1.82946991e+08,0.0,0.0,0.0,727333.0,66121.0,5847.0,9.4425088e+07,1.32524032e+09,19483.72,28.0,243836.0,0.0,243836.0,243836.0,1.0,0.0,0.0
2026-03-31 03:10:38,598,8.460322e+06,4.68830407e+08,1.82946991e+08,0.0,0.0,0.0,727333.0,66121.0,5847.0,9.4425088e+07,1.32524032e+09,19483.739999999998,28.0,243836.0,0.0,243836.0,243836.0,1.0,0.0,0.0
2026-03-31 03:10:50,598,8.460322e+06,4.68830407e+08,1.82946991e+08,0.0,0.0,0.0,727333.0,66121.0,5847.0,9.4425088e+07,1.32524032e+09,19483.760000000002,28.0,243836.0,0.0,243836.0,243836.0,1.0,0.0,0.0
2026-03-31 03:11:02,598,8.460322e+06,4.68830407e+08,1.82946991e+08,0.0,0.0,0.0,727333.0,66121.0,5847.0,9.4425088e+07,1.32524032e+09,19483.77,28.0,243836.0,0.0,243836.0,243836.0,1.0,0.0,0.0
2026-03-31 03:11:13,598,8.460322e+06,4.68830407e+08,1.82946991e+08,0.0,0.0,0.0,727333.0,66121.0,5847.0,9.4425088e+07,1.32524032e+09,19483.780000000002,28.0,243836.0,0.0,243836.0,243836.0,1.0,0.0,0.0
2026-03-31 03:11:25,599,8.460322e+06,4.68830407e+08,1.82946991e+08,0.0,0.0,0.0,727333.0,66121.0,5847.0,9.4425088e+07,1.32524032e+09,19483.809999999998,28.0,243836.0,0.0,243836.0,243836.0,1.0,0.0,0.0
2026-03-31 03:11:37,599,8.460322e+06,4.68830407e+08,1.82946991e+08,0.0,0.0,0.0,727333.0,66121.0,5847.0,9.4425088e+07,1.32524032e+09,19483.82,28.0,243836.0,0.0,243836.0,243836.0,1.0,0.0,0.0
2026-03-31 03:11:48,599,8.460322e+06,4.68830407e+08,1.82946991e+08,0.0,0.0,0.0,727333.0,66121.0,5847.0,9.4425088e+07,1.32524032e+09,19483.84,28.0,243836.0,0.0,243836.0,243836.0,1.0,0.0,0.0
2026-03-31 03:12:00,599,8.460322e+06,4.68830407e+08,1.82946991e+08,0.0,0.0,0.0,727333.0,66121.0,5847.0,9.4425088e+07,1.32524032e+09,19483.850000000002,28.0,243836.0,0.0,243836.0,243836.0,1.0,0.0,0.0
2026-03-31 03:12:12,599,8.460322e+06,4.68830407e+08,1.82946991e+08,0.0,0.0,0.0,727333.0,66121.0,5847.0,9.4425088e+07,1.32524032e+09,19483.87,28.0,243836.0,0.0,243836.0,243836.0,1.0,0.0,0.0
2026-03-31 03:12:24,599,8.460322e+06,4.68830407e+08,1.82946991e+08,0.0,0.0,0.0,727333.0,66121.0,5847.0,9.4425088e+07,1.32524032e+09,19483.88,28.0,243836.0,0.0,243836.0,243836.0,1.0,0.0,0.0
2026-03-31 03:12:36,600,8.460322e+06,4.68830407e+08,1.82946991e+08,0.0,0.0,0.0,727333.0,66121.0,5847.0,9.4425088e+07,1.32524032e+09,19483.910000000003,28.0,243836.0,0.0,243836.0,243836.0,1.0,0.0,0.0
2026-03-31 03:12:47,600,8.460322e+06,4.68830407e+08,1.82946991e+08,0.0,0.0,0.0,727333.0,66121.0,5847.0,9.4425088e+07,1.32524032e+09,19483.92,28.0,243836.0,0.0,243836.0,243836.0,1.0,0.0,0.0
2026-03-31 03:12:59,600,8.460322e+06,4.68830407e+08,1.82946991e+08,0.0,0.0,0.0,727333.0,66121.0,5847.0,9.4425088e+07,1.32524032e+09,19483.94,28.0,243836.0,0.0,243836.0,243836.0,1.0,0.0,0.0
2026-03-31 03:13:11,600,8.460322e+06,4.68830407e+08,1.82946991e+08,0.0,0.0,0.0,727333.0,66121.0,5847.0,9.4425088e+07,1.32524032e+09,19483.949999999997,28.0,243836.0,0.0,243836.0,243836.0,1.0,0.0,0.0
2026-03-31 03:13:23,600,8.460322e+06,4.68830407e+08,1.82946991e+08,0.0,0.0,0.0,727333.0,66121.0,5847.0,9.4425088e+07,1.32524032e+09,19483.96,28.0,243836.0,0.0,243836.0,243836.0,1.0,0.0,0.0
2026-03-31 03:13:34,601,8.460322e+06,4.68830407e+08,1.82946991e+08,0.0,0.0,0.0,727333.0,66121.0,5847.0,9.4425088e+07,1.32524032e+09,19483.99,28.0,243836.0,0.0,243836.0,243836.0,1.0,0.0,0.0
2026-03-31 03:13:46,601,8.460322e+06,4.68830407e+08,1.82946991e+08,0.0,0.0,0.0,727333.0,66121.0,5847.0,9.4425088e+07,1.32524032e+09,19484.0,28.0,243836.0,0.0,243836.0,243836.0,1.0,0.0,0.0
2026-03-31 03:13:58,601,8.460322e+06,4.68830407e+08,1.82946991e+08,0.0,0.0,0.0,727333.0,66121.0,5847.0,9.4425088e+07,1.32524032e+09,19484.01,28.0,243836.0,0.0,243836.0,243836.0,1.0,0.0,0.0
2026-03-31 03:14:10,601,8.460322e+06,4.68830407e+08,1.82946991e+08,0.0,0.0,0.0,727333.0,66121.0,5847.0,9.4425088e+07,1.32524032e+09,19484.04,28.0,243836.0,0.0,243836.0,243836.0,1.0,0.0,0.0
2026-03-31 03:14:21,601,8.460322e+06,4.68830407e+08,1.82946991e+08,0.0,0.0,0.0,727333.0,66121.0,5847.0,9.4425088e+07,1.32524032e+09,19484.050000000003,28.0,243836.0,0.0,243836.0,243836.0,1.0,0.0,0.0
2026-03-31 03:14:33,602,8.460322e+06,4.68830407e+08,1.82946991e+08,0.0,0.0,0.0,727333.0,66121.0,5847.0,9.4425088e+07,1.32524032e+09,19484.07,28.0,243836.0,0.0,243836.0,243836.0,1.0,0.0,0.0
2026-03-31 03:14:45,602,8.460322e+06,4.68830407e+08,1.82946991e+08,0.0,0.0,0.0,727333.0,66121.0,5847.0,9.4425088e+07,1.32524032e+09,19484.08,28.0,243836.0,0.0,243836.0,243836.0,1.0,0.0,0.0
2026-03-31 03:14:57,602,8.460322e+06,4.68830407e+08,1.82946991e+08,0.0,0.0,0.0,727333.0,66121.0,5847.0,9.4425088e+07,1.32524032e+09,19484.1,28.0,243836.0,0.0,243836.0,243836.0,1.0,0.0,0.0
2026-03-31 03:15:08,602,8.460322e+06,4.68830407e+08,1.82946991e+08,0.0,0.0,0.0,727333.0,66121.0,5847.0,9.4425088e+07,1.32524032e+09,19484.11,28.0,243836.0,0.0,243836.0,243836.0,1.0,0.0,0.0
2026-03-31 03:15:20,602,8.460322e+06,4.68830407e+08,1.82946991e+08,0.0,0.0,0.0,727333.0,66121.0,5847.0,9.4425088e+07,1.32524032e+09,19484.129999999997,28.0,243836.0,0.0,243836.0,243836.0,1.0,0.0,0.0
2026-03-31 03:15:32,603,8.460322e+06,4.68830407e+08,1.82946991e+08,0.0,0.0,0.0,727333.0,66121.0,5847.0,9.4425088e+07,1.32524032e+09,19484.14,28.0,243836.0,0.0,243836.0,243836.0,1.0,0.0,0.0
2026-03-31 03:15:44,603,8.460322e+06,4.68830407e+08,1.82946991e+08,0.0,0.0,0.0,727333.0,66121.0,5847.0,9.4425088e+07,1.32524032e+09,19484.16,28.0,243836.0,0.0,243836.0,243836.0,1.0,0.0,0.0
2026-03-31 03:15:55,603,8.460322e+06,4.68830407e+08,1.82946991e+08,0.0,0.0,0.0,727333.0,66121.0,5847.0,9.4425088e+07,1.32524032e+09,19484.18,28.0,243836.0,0.0,243836.0,243836.0,1.0,0.0,0.0
2026-03-31 03:16:07,603,8.460322e+06,4.68830407e+08,1.82946991e+08,0.0,0.0,0.0,727333.0,66121.0,5847.0,9.4425088e+07,1.32524032e+09,19484.19,28.0,243836.0,0.0,243836.0,243836.0,1.0,0.0,0.0
2026-03-31 03:16:19,603,8.460322e+06,4.68830407e+08,1.82946991e+08,0.0,0.0,0.0,727333.0,66121.0,5847.0,9.4425088e+07,1.32524032e+09,19484.21,28.0,243836.0,0.0,243836.0,243836.0,1.0,0.0,0.0
2026-03-31 03:16:30,604,8.460322e+06,4.68830407e+08,1.82946991e+08,0.0,0.0,0.0,727333.0,66121.0,5847.0,9.4425088e+07,1.32524032e+09,19484.219999999998,28.0,243836.0,0.0,243836.0,243836.0,1.0,0.0,0.0
2026-03-31 03:16:42,604,8.460322e+06,4.68830407e+08,1.82946991e+08,0.0,0.0,0.0,727333.0,66121.0,5847.0,9.4425088e+07,1.32524032e+09,19484.24,28.0,243836.0,0.0,243836.0,243836.0,1.0,0.0,0.0
2026-03-31 03:16:54,604,8.460322e+06,4.68830407e+08,1.82946991e+08,0.0,0.0,0.0,727333.0,66121.0,5847.0,9.4425088e+07,1.32524032e+09,19484.26,28.0,243836.0,0.0,243836.0,243836.0,1.0,0.0,0.0
2026-03-31 03:17:06,604,8.460322e+06,4.68830407e+08,1.82946991e+08,0.0,0.0,0.0,727333.0,66121.0,5847.0,9.4425088e+07,1.32524032e+09,19484.280000000002,28.0,243836.0,0.0,243836.0,243836.0,1.0,0.0,0.0
2026-03-31 03:17:17,604,8.460322e+06,4.68830407e+08,1.82946991e+08,0.0,0.0,0.0,727333.0,66121.0,5847.0,9.4425088e+07,1.32524032e+09,19484.29,28.0,243836.0,0.0,243836.0,243836.0,1.0,0.0,0.0
2026-03-31 03:17:29,605,8.460322e+06,4.68830407e+08,1.82946991e+08,0.0,0.0,0.0,727333.0,66121.0,5847.0,9.4425088e+07,1.32524032e+09,19484.32,28.0,243836.0,0.0,243836.0,243836.0,1.0,0.0,0.0
2026-03-31 03:17:41,605,8.460322e+06,4.68830407e+08,1.82946991e+08,0.0,0.0,0.0,727333.0,66121.0,5847.0,9.4425088e+07,1.32524032e+09,19484.33,28.0,243836.0,0.0,243836.0,243836.0,1.0,0.0,0.0
2026-03-31 03:17:53,605,8.460322e+06,4.68830407e+08,1.82946991e+08,0.0,0.0,0.0,727333.0,66121.0,5847.0,9.4425088e+07,1.32524032e+09,19484.339999999997,28.0,243836.0,0.0,243836.0,243836.0,1.0,0.0,0.0
2026-03-31 03:18:04,605,8.460322e+06,4.68830407e+08,1.82946991e+08,0.0,0.0,0.0,727333.0,66121.0,5847.0,9.4425088e+07,1.32524032e+09,19484.36,28.0,243836.0,0.0,243836.0,243836.0,1.0,0.0,0.0
2026-03-31 03:18:16,605,8.460322e+06,4.68830407e+08,1.82946991e+08,0.0,0.0,0.0,727333.0,66121.0,5847.0,9.4425088e+07,1.32524032e+09,19484.379999999997,28.0,243836.0,0.0,243836.0,243836.0,1.0,0.0,0.0
2026-03-31 03:18:28,606,8.460322e+06,4.68830407e+08,1.82946991e+08,0.0,0.0,0.0,727333.0,66121.0,5847.0,9.4425088e+07,1.32524032e+09,19484.39,28.0,243836.0,0.0,243836.0,243836.0,1.0,0.0,0.0
2026-03-31 03:18:40,606,8.460322e+06,4.68830407e+08,1.82946991e+08,0.0,0.0,0.0,727333.0,66121.0,5847.0,9.4425088e+07,1.32524032e+09,19484.41,28.0,243836.0,0.0,243836.0,243836.0,1.0,0.0,0.0
2026-03-31 03:18:52,606,8.460322e+06,4.68830407e+08,1.82946991e+08,0.0,0.0,0.0,727333.0,66121.0,5847.0,9.4425088e+07,1.32524032e+09,19484.420000000002,28.0,243836.0,0.0,243836.0,243836.0,1.0,0.0,0.0
2026-03-31 03:19:03,606,8.460322e+06,4.68830407e+08,1.82946991e+08,0.0,0.0,0.0,727333.0,66121.0,5847.0,9.4425088e+07,1.32524032e+09,19484.44,28.0,243836.0,0.0,243836.0,243836.0,1.0,0.0,0.0
2026-03-31 03:19:15,606,8.460322e+06,4.68830407e+08,1.82946991e+08,0.0,0.0,0.0,727333.0,66121.0,5847.0,9.4425088e+07,1.32524032e+09,19484.460000000003,28.0,243836.0,0.0,243836.0,243836.0,1.0,0.0,0.0
2026-03-31 03:19:27,607,8.460322e+06,4.68830407e+08,1.82946991e+08,0.0,0.0,0.0,727333.0,66121.0,5847.0,9.4425088e+07,1.32524032e+09,19484.48,28.0,243836.0,0.0,243836.0,243836.0,1.0,0.0,0.0
2026-03-31 03:19:39,607,8.460322e+06,4.68830407e+08,1.82946991e+08,0.0,0.0,0.0,727333.0,66121.0,5847.0,9.4425088e+07,1.32524032e+09,19484.5,28.0,243836.0,0.0,243836.0,243836.0,1.0,0.0,0.0
2026-03-31 03:19:51,607,8.460322e+06,4.68830407e+08,1.82946991e+08,0.0,0.0,0.0,727333.0,66121.0,5847.0,9.4425088e+07,1.32524032e+09,19484.51,28.0,243836.0,0.0,243836.0,243836.0,1.0,0.0,0.0
2026-03-31 03:20:02,607,8.460322e+06,4.68830407e+08,1.82946991e+08,0.0,0.0,0.0,727333.0,66121.0,5847.0,9.4425088e+07,1.32524032e+09,19484.530000000002,28.0,243836.0,0.0,243836.0,243836.0,1.0,0.0,0.0
2026-03-31 03:20:14,607,8.460322e+06,4.68830407e+08,1.82946991e+08,0.0,0.0,0.0,727333.0,66121.0,5847.0,9.4425088e+07,1.32524032e+09,19484.54,28.0,243836.0,0.0,243836.0,243836.0,1.0,0.0,0.0
2026-03-31 03:20:26,608,8.460322e+06,4.68830407e+08,1.82946991e+08,0.0,0.0,0.0,727333.0,66121.0,5847.0,9.4425088e+07,1.32524032e+09,19484.56,28.0,243836.0,0.0,243836.0,243836.0,1.0,0.0,0.0
2026-03-31 03:20:38,608,8.460322e+06,4.68830407e+08,1.82946991e+08,0.0,0.0,0.0,727333.0,66121.0,5847.0,9.4425088e+07,1.32524032e+09,19484.57,28.0,243836.0,0.0,243836.0,243836.0,1.0,0.0,0.0
2026-03-31 03:20:49,608,8.460322e+06,4.68830407e+08,1.82946991e+08,0.0,0.0,0.0,727333.0,66121.0,5847.0,9.4425088e+07,1.32524032e+09,19484.589999999997,28.0,243836.0,0.0,243836.0,243836.0,1.0,0.0,0.0
2026-03-31 03:21:01,608,8.460322e+06,4.68830407e+08,1.82946991e+08,0.0,0.0,0.0,727333.0,66121.0,5847.0,9.4425088e+07,1.32524032e+09,19484.61,28.0,243836.0,0.0,243836.0,243836.0,1.0,0.0,0.0
2026-03-31 03:21:13,608,8.460322e+06,4.68830407e+08,1.82946991e+08,0.0,0.0,0.0,727333.0,66121.0,5847.0,9.4425088e+07,1.32524032e+09,19484.62,28.0,243836.0,0.0,243836.0,243836.0,1.0,0.0,0.0
2026-03-31 03:21:24,608,8.460322e+06,4.68830407e+08,1.82946991e+08,0.0,0.0,0.0,727333.0,66121.0,5847.0,9.4425088e+07,1.32524032e+09,19484.64,28.0,243836.0,0.0,243836.0,243836.0,1.0,0.0,0.0
2026-03-31 03:21:36,609,8.460322e+06,4.68830407e+08,1.82946991e+08,0.0,0.0,0.0,727333.0,66121.0,5847.0,9.4425088e+07,1.32524032e+09,19484.66,28.0,243836.0,0.0,243836.0,243836.0,1.0,0.0,0.0
2026-03-31 03:21:48,609,8.460322e+06,4.68830407e+08,1.82946991e+08,0.0,0.0,0.0,727333.0,66121.0,5847.0,9.4425088e+07,1.32524032e+09,19484.68,28.0,243836.0,0.0,243836.0,243836.0,1.0,0.0,0.0
2026-03-31 03:22:00,609,8.460322e+06,4.68830407e+08,1.82946991e+08,0.0,0.0,0.0,727333.0,66121.0,5847.0,9.4425088e+07,1.32524032e+09,19484.7,28.0,243836.0,0.0,243836.0,243836.0,1.0,0.0,0.0
2026-03-31 03:22:11,609,8.460322e+06,4.68830407e+08,1.82946991e+08,0.0,0.0,0.0,727333.0,66121.0,5847.0,9.4425088e+07,1.32524032e+09,19484.72,28.0,243836.0,0.0,243836.0,243836.0,1.0,0.0,0.0
2026-03-31 03:22:23,609,8.460322e+06,4.68830407e+08,1.82946991e+08,0.0,0.0,0.0,727333.0,66121.0,5847.0,9.4425088e+07,1.32524032e+09,19484.73,28.0,243836.0,0.0,243836.0,243836.0,1.0,0.0,0.0
2026-03-31 03:22:35,610,8.460322e+06,4.68830407e+08,1.82946991e+08,0.0,0.0,0.0,727333.0,66121.0,5847.0,9.4425088e+07,1.32524032e+09,19484.739999999998,28.0,243836.0,0.0,243836.0,243836.0,1.0,0.0,0.0
2026-03-31 03:22:47,610,8.460322e+06,4.68830407e+08,1.82946991e+08,0.0,0.0,0.0,727333.0,66121.0,5847.0,9.4425088e+07,1.32524032e+09,19484.760000000002,28.0,243836.0,0.0,243836.0,243836.0,1.0,0.0,0.0
2026-03-31 03:22:58,610,8.460322e+06,4.68830407e+08,1.82946991e+08,0.0,0.0,0.0,727333.0,66121.0,5847.0,9.4425088e+07,1.32524032e+09,19484.78,28.0,243836.0,0.0,243836.0,243836.0,1.0,0.0,0.0
2026-03-31 03:23:10,610,8.460322e+06,4.68830407e+08,1.82946991e+08,0.0,0.0,0.0,727333.0,66121.0,5847.0,9.4425088e+07,1.32524032e+09,19484.79,28.0,243836.0,0.0,243836.0,243836.0,1.0,0.0,0.0
2026-03-31 03:23:22,610,8.460322e+06,4.68830407e+08,1.82946991e+08,0.0,0.0,0.0,727333.0,66121.0,5847.0,9.4425088e+07,1.32524032e+09,19484.809999999998,28.0,243836.0,0.0,243836.0,243836.0,1.0,0.0,0.0
2026-03-31 03:23:34,611,8.460322e+06,4.68830407e+08,1.82946991e+08,0.0,0.0,0.0,727333.0,66121.0,5847.0,9.4425088e+07,1.32524032e+09,19484.83,28.0,243836.0,0.0,243836.0,243836.0,1.0,0.0,0.0
2026-03-31 03:23:45,611,8.460322e+06,4.68830407e+08,1.82946991e+08,0.0,0.0,0.0,727333.0,66121.0,5847.0,9.4425088e+07,1.32524032e+09,19484.850000000002,28.0,243836.0,0.0,243836.0,243836.0,1.0,0.0,0.0
2026-03-31 03:23:57,611,8.460322e+06,4.68830407e+08,1.82946991e+08,0.0,0.0,0.0,727333.0,66121.0,5847.0,9.4425088e+07,1.32524032e+09,19484.86,28.0,243836.0,0.0,243836.0,243836.0,1.0,0.0,0.0
2026-03-31 03:24:09,611,8.460322e+06,4.68830407e+08,1.82946991e+08,0.0,0.0,0.0,727333.0,66121.0,5847.0,9.4425088e+07,1.32524032e+09,19484.879999999997,28.0,243836.0,0.0,243836.0,243836.0,1.0,0.0,0.0
2026-03-31 03:24:21,611,8.460322e+06,4.68830407e+08,1.82946991e+08,0.0,0.0,0.0,727333.0,66121.0,5847.0,9.4425088e+07,1.32524032e+09,19484.9,28.0,243836.0,0.0,243836.0,243836.0,1.0,0.0,0.0
2026-03-31 03:24:32,612,8.460322e+06,4.68830407e+08,1.82946991e+08,0.0,0.0,0.0,727333.0,66121.0,5847.0,9.4425088e+07,1.32524032e+09,19484.91,28.0,243836.0,0.0,243836.0,243836.0,1.0,0.0,0.0
2026-03-31 03:24:44,612,8.460322e+06,4.68830407e+08,1.82946991e+08,0.0,0.0,0.0,727333.0,66121.0,5847.0,9.4425088e+07,1.32524032e+09,19484.93,28.0,243836.0,0.0,243836.0,243836.0,1.0,0.0,0.0
2026-03-31 03:24:56,612,8.460322e+06,4.68830407e+08,1.82946991e+08,0.0,0.0,0.0,727333.0,66121.0,5847.0,9.4425088e+07,1.32524032e+09,19484.95,28.0,243836.0,0.0,243836.0,243836.0,1.0,0.0,0.0
2026-03-31 03:25:08,612,8.460322e+06,4.68830407e+08,1.82946991e+08,0.0,0.0,0.0,727333.0,66121.0,5847.0,9.4425088e+07,1.32524032e+09,19484.97,28.0,243836.0,0.0,243836.0,243836.0,1.0,0.0,0.0
2026-03-31 03:25:19,612,8.460322e+06,4.68830407e+08,1.82946991e+08,0.0,0.0,0.0,727333.0,66121.0,5847.0,9.4425088e+07,1.32524032e+09,19484.98,28.0,243836.0,0.0,243836.0,243836.0,1.0,0.0,0.0
2026-03-31 03:25:31,613,8.460322e+06,4.68830407e+08,1.82946991e+08,0.0,0.0,0.0,727333.0,66121.0,5847.0,9.4425088e+07,1.32524032e+09,19485.0,28.0,243836.0,0.0,243836.0,243836.0,1.0,0.0,0.0
2026-03-31 03:25:43,613,8.460322e+06,4.68830407e+08,1.82946991e+08,0.0,0.0,0.0,727333.0,66121.0,5847.0,9.4425088e+07,1.32524032e+09,19485.019999999997,28.0,243836.0,0.0,243836.0,243836.0,1.0,0.0,0.0
2026-03-31 03:25:55,613,8.460322e+06,4.68830407e+08,1.82946991e+08,0.0,0.0,0.0,727333.0,66121.0,5847.0,9.4425088e+07,1.32524032e+09,19485.03,28.0,243836.0,0.0,243836.0,243836.0,1.0,0.0,0.0
2026-03-31 03:26:06,613,8.460322e+06,4.68830407e+08,1.82946991e+08,0.0,0.0,0.0,727333.0,66121.0,5847.0,9.4425088e+07,1.32524032e+09,19485.05,28.0,243836.0,0.0,243836.0,243836.0,1.0,0.0,0.0
2026-03-31 03:26:18,613,8.460322e+06,4.68830407e+08,1.82946991e+08,0.0,0.0,0.0,727333.0,66121.0,5847.0,9.4425088e+07,1.32524032e+09,19485.059999999998,28.0,243836.0,0.0,243836.0,243836.0,1.0,0.0,0.0
2026-03-31 03:26:30,614,8.460322e+06,4.68830407e+08,1.82946991e+08,0.0,0.0,0.0,727333.0,66121.0,5847.0,9.4425088e+07,1.32524032e+09,19485.08,28.0,243836.0,0.0,243836.0,243836.0,1.0,0.0,0.0
2026-03-31 03:26:41,614,8.460322e+06,4.68830407e+08,1.82946991e+08,0.0,0.0,0.0,727333.0,66121.0,5847.0,9.4425088e+07,1.32524032e+09,19485.1,28.0,243836.0,0.0,243836.0,243836.0,1.0,0.0,0.0
2026-03-31 03:26:53,614,8.460322e+06,4.68830407e+08,1.82946991e+08,0.0,0.0,0.0,727333.0,66121.0,5847.0,9.4425088e+07,1.32524032e+09,19485.120000000003,28.0,243836.0,0.0,243836.0,243836.0,1.0,0.0,0.0
2026-03-31 03:27:05,614,8.460322e+06,4.68830407e+08,1.82946991e+08,0.0,0.0,0.0,727333.0,66121.0,5847.0,9.4425088e+07,1.32524032e+09,19485.13,28.0,243836.0,0.0,243836.0,243836.0,1.0,0.0,0.0
2026-03-31 03:27:17,614,8.460322e+06,4.68830407e+08,1.82946991e+08,0.0,0.0,0.0,727333.0,66121.0,5847.0,9.4425088e+07,1.32524032e+09,19485.149999999998,28.0,243836.0,0.0,243836.0,243836.0,1.0,0.0,0.0
2026-03-31 03:27:28,615,8.460322e+06,4.68830407e+08,1.82946991e+08,0.0,0.0,0.0,727333.0,66121.0,5847.0,9.4425088e+07,1.32524032e+09,19485.16,28.0,243836.0,0.0,243836.0,243836.0,1.0,0.0,0.0
2026-03-31 03:27:40,615,8.460322e+06,4.68830407e+08,1.82946991e+08,0.0,0.0,0.0,727333.0,66121.0,5847.0,9.4425088e+07,1.32524032e+09,19485.18,28.0,243836.0,0.0,243836.0,243836.0,1.0,0.0,0.0
2026-03-31 03:27:52,615,8.460322e+06,4.68830407e+08,1.82946991e+08,0.0,0.0,0.0,727333.0,66121.0,5847.0,9.4425088e+07,1.32524032e+09,19485.2,28.0,243836.0,0.0,243836.0,243836.0,1.0,0.0,0.0
2026-03-31 03:28:04,615,8.460322e+06,4.68830407e+08,1.82946991e+08,0.0,0.0,0.0,727333.0,66121.0,5847.0,9.4425088e+07,1.32524032e+09,19485.22,28.0,243836.0,0.0,243836.0,243836.0,1.0,0.0,0.0
2026-03-31 03:28:16,615,8.460322e+06,4.68830407e+08,1.82946991e+08,0.0,0.0,0.0,727333.0,66121.0,5847.0,9.4425088e+07,1.32524032e+09,19485.230000000003,28.0,243836.0,0.0,243836.0,243836.0,1.0,0.0,0.0
2026-03-31 03:28:27,616,8.460322e+06,4.68830407e+08,1.82946991e+08,0.0,0.0,0.0,727333.0,66121.0,5847.0,9.4425088e+07,1.32524032e+09,19485.25,28.0,243836.0,0.0,243836.0,243836.0,1.0,0.0,0.0
2026-03-31 03:28:39,616,8.460322e+06,4.68830407e+08,1.82946991e+08,0.0,0.0,0.0,727333.0,66121.0,5847.0,9.4425088e+07,1.32524032e+09,19485.27,28.0,243836.0,0.0,243836.0,243836.0,1.0,0.0,0.0
2026-03-31 03:28:51,616,8.460322e+06,4.68830407e+08,1.82946991e+08,0.0,0.0,0.0,727333.0,66121.0,5847.0,9.4294016e+07,1.32524032e+09,19485.280000000002,28.0,243836.0,0.0,243836.0,243836.0,1.0,0.0,0.0
2026-03-31 03:29:03,616,8.460322e+06,4.68830407e+08,1.82946991e+08,0.0,0.0,0.0,727333.0,66121.0,5847.0,9.4294016e+07,1.32524032e+09,19485.3,28.0,243836.0,0.0,243836.0,243836.0,1.0,0.0,0.0
2026-03-31 03:29:14,616,8.460322e+06,4.68830407e+08,1.82946991e+08,0.0,0.0,0.0,727333.0,66121.0,5847.0,9.4294016e+07,1.32524032e+09,19485.31,28.0,243836.0,0.0,243836.0,243836.0,1.0,0.0,0.0
2026-03-31 03:29:26,617,8.460322e+06,4.68830407e+08,1.82946991e+08,0.0,0.0,0.0,727333.0,66121.0,5847.0,9.4294016e+07,1.32524032e+09,19485.329999999998,28.0,243836.0,0.0,243836.0,243836.0,1.0,0.0,0.0
2026-03-31 03:29:38,617,8.460322e+06,4.68830407e+08,1.82946991e+08,0.0,0.0,0.0,727333.0,66121.0,5847.0,9.4294016e+07,1.32524032e+09,19485.350000000002,28.0,243836.0,0.0,243836.0,243836.0,1.0,0.0,0.0
2026-03-31 03:29:49,617,8.460322e+06,4.68830407e+08,1.82946991e+08,0.0,0.0,0.0,727333.0,66121.0,5847.0,9.4294016e+07,1.32524032e+09,19485.36,28.0,243836.0,0.0,243836.0,243836.0,1.0,0.0,0.0
2026-03-31 03:30:01,617,8.460322e+06,4.68830407e+08,1.82946991e+08,0.0,0.0,0.0,727333.0,66121.0,5847.0,9.4294016e+07,1.32524032e+09,19485.38,28.0,243836.0,0.0,243836.0,243836.0,1.0,0.0,0.0
2026-03-31 03:30:13,617,8.460322e+06,4.68830407e+08,1.82946991e+08,0.0,0.0,0.0,727333.0,66121.0,5847.0,9.4294016e+07,1.32524032e+09,19485.4,28.0,243836.0,0.0,243836.0,243836.0,1.0,0.0,0.0
2026-03-31 03:30:25,618,8.460322e+06,4.68830407e+08,1.82946991e+08,0.0,0.0,0.0,727333.0,66121.0,5847.0,9.4294016e+07,1.32524032e+09,19485.420000000002,28.0,243836.0,0.0,243836.0,243836.0,1.0,0.0,0.0
2026-03-31 03:30:36,618,8.460322e+06,4.68830407e+08,1.82946991e+08,0.0,0.0,0.0,727333.0,66121.0,5847.0,9.4294016e+07,1.32524032e+09,19485.43,28.0,243836.0,0.0,243836.0,243836.0,1.0,0.0,0.0
2026-03-31 03:30:48,618,8.460322e+06,4.68830407e+08,1.82946991e+08,0.0,0.0,0.0,727333.0,66121.0,5847.0,9.4294016e+07,1.32524032e+09,19485.44,28.0,243836.0,0.0,243836.0,243836.0,1.0,0.0,0.0
2026-03-31 03:31:00,618,8.460322e+06,4.68830407e+08,1.82946991e+08,0.0,0.0,0.0,727333.0,66121.0,5847.0,9.4294016e+07,1.32524032e+09,19485.469999999998,28.0,243836.0,0.0,243836.0,243836.0,1.0,0.0,0.0
2026-03-31 03:31:12,618,8.460322e+06,4.68830407e+08,1.82946991e+08,0.0,0.0,0.0,727333.0,66121.0,5847.0,9.4294016e+07,1.32524032e+09,19485.48,28.0,243836.0,0.0,243836.0,243836.0,1.0,0.0,0.0
2026-03-31 03:31:23,618,8.460322e+06,4.68830407e+08,1.82946991e+08,0.0,0.0,0.0,727333.0,66121.0,5847.0,9.4294016e+07,1.32524032e+09,19485.5,28.0,243836.0,0.0,243836.0,243836.0,1.0,0.0,0.0
2026-03-31 03:31:35,619,8.460322e+06,4.68830407e+08,1.82946991e+08,0.0,0.0,0.0,727333.0,66121.0,5847.0,9.4294016e+07,1.32524032e+09,19485.51,28.0,243836.0,0.0,243836.0,243836.0,1.0,0.0,0.0
2026-03-31 03:31:47,619,8.460322e+06,4.68830407e+08,1.82946991e+08,0.0,0.0,0.0,727333.0,66121.0,5847.0,9.4294016e+07,1.32524032e+09,19485.530000000002,28.0,243836.0,0.0,243836.0,243836.0,1.0,0.0,0.0
2026-03-31 03:31:58,619,8.460322e+06,4.68830407e+08,1.82946991e+08,0.0,0.0,0.0,727333.0,66121.0,5847.0,9.4294016e+07,1.32524032e+09,19485.55,28.0,243836.0,0.0,243836.0,243836.0,1.0,0.0,0.0
2026-03-31 03:32:10,619,8.460322e+06,4.68830407e+08,1.82946991e+08,0.0,0.0,0.0,727333.0,66121.0,5847.0,9.4294016e+07,1.32524032e+09,19485.559999999998,28.0,243836.0,0.0,243836.0,243836.0,1.0,0.0,0.0
2026-03-31 03:32:22,619,8.460322e+06,4.68830407e+08,1.82946991e+08,0.0,0.0,0.0,727333.0,66121.0,5847.0,9.4294016e+07,1.32524032e+09,19485.59,28.0,243836.0,0.0,243836.0,243836.0,1.0,0.0,0.0
2026-03-31 03:32:34,620,8.460322e+06,4.68830407e+08,1.82946991e+08,0.0,0.0,0.0,727333.0,66121.0,5847.0,9.4294016e+07,1.32524032e+09,19485.600000000002,28.0,243836.0,0.0,243836.0,243836.0,1.0,0.0,0.0
2026-03-31 03:32:45,620,8.460322e+06,4.68830407e+08,1.82946991e+08,0.0,0.0,0.0,727333.0,66121.0,5847.0,9.4294016e+07,1.32524032e+09,19485.62,28.0,243836.0,0.0,243836.0,243836.0,1.0,0.0,0.0
2026-03-31 03:32:57,620,8.460322e+06,4.68830407e+08,1.82946991e+08,0.0,0.0,0.0,727333.0,66121.0,5847.0,9.4294016e+07,1.32524032e+09,19485.64,28.0,243836.0,0.0,243836.0,243836.0,1.0,0.0,0.0
2026-03-31 03:33:09,620,8.460322e+06,4.68830407e+08,1.82946991e+08,0.0,0.0,0.0,727333.0,66121.0,5847.0,9.4294016e+07,1.32524032e+09,19485.65,28.0,243836.0,0.0,243836.0,243836.0,1.0,0.0,0.0
2026-03-31 03:33:21,620,8.460322e+06,4.68830407e+08,1.82946991e+08,0.0,0.0,0.0,727333.0,66121.0,5847.0,9.4294016e+07,1.32524032e+09,19485.670000000002,28.0,243836.0,0.0,243836.0,243836.0,1.0,0.0,0.0
2026-03-31 03:33:32,621,8.460322e+06,4.68830407e+08,1.82946991e+08,0.0,0.0,0.0,727333.0,66121.0,5847.0,9.4294016e+07,1.32524032e+09,19485.68,28.0,243836.0,0.0,243836.0,243836.0,1.0,0.0,0.0
2026-03-31 03:33:44,621,8.460322e+06,4.68830407e+08,1.82946991e+08,0.0,0.0,0.0,727333.0,66121.0,5847.0,9.4294016e+07,1.32524032e+09,19485.699999999997,28.0,243836.0,0.0,243836.0,243836.0,1.0,0.0,0.0
2026-03-31 03:33:56,621,8.460322e+06,4.68830407e+08,1.82946991e+08,0.0,0.0,0.0,727333.0,66121.0,5847.0,9.4294016e+07,1.32524032e+09,19485.71,28.0,243836.0,0.0,243836.0,243836.0,1.0,0.0,0.0
2026-03-31 03:34:08,621,8.460322e+06,4.68830407e+08,1.82946991e+08,0.0,0.0,0.0,727333.0,66121.0,5847.0,9.4294016e+07,1.32524032e+09,19485.73,28.0,243836.0,0.0,243836.0,243836.0,1.0,0.0,0.0
2026-03-31 03:34:19,621,8.460322e+06,4.68830407e+08,1.82946991e+08,0.0,0.0,0.0,727333.0,66121.0,5847.0,9.4294016e+07,1.32524032e+09,19485.76,28.0,243836.0,0.0,243836.0,243836.0,1.0,0.0,0.0
2026-03-31 03:34:31,622,8.460322e+06,4.68830407e+08,1.82946991e+08,0.0,0.0,0.0,727333.0,66121.0,5847.0,9.4294016e+07,1.32524032e+09,19485.77,28.0,243836.0,0.0,243836.0,243836.0,1.0,0.0,0.0
2026-03-31 03:34:43,622,8.460322e+06,4.68830407e+08,1.82946991e+08,0.0,0.0,0.0,727333.0,66121.0,5847.0,9.4294016e+07,1.32524032e+09,19485.79,28.0,243836.0,0.0,243836.0,243836.0,1.0,0.0,0.0
2026-03-31 03:34:54,622,8.460322e+06,4.68830407e+08,1.82946991e+08,0.0,0.0,0.0,727333.0,66121.0,5847.0,9.4294016e+07,1.32524032e+09,19485.8,28.0,243836.0,0.0,243836.0,243836.0,1.0,0.0,0.0
2026-03-31 03:35:06,622,8.460322e+06,4.68830407e+08,1.82946991e+08,0.0,0.0,0.0,727333.0,66121.0,5847.0,9.4294016e+07,1.32524032e+09,19485.82,28.0,243836.0,0.0,243836.0,243836.0,1.0,0.0,0.0
2026-03-31 03:35:18,622,8.460322e+06,4.68830407e+08,1.82946991e+08,0.0,0.0,0.0,727333.0,66121.0,5847.0,9.4294016e+07,1.32524032e+09,19485.829999999998,28.0,243836.0,0.0,243836.0,243836.0,1.0,0.0,0.0
2026-03-31 03:35:30,623,8.460322e+06,4.68830407e+08,1.82946991e+08,0.0,0.0,0.0,727333.0,66121.0,5847.0,9.4294016e+07,1.32524032e+09,19485.85,28.0,243836.0,0.0,243836.0,243836.0,1.0,0.0,0.0
2026-03-31 03:35:41,623,8.460322e+06,4.68830407e+08,1.82946991e+08,0.0,0.0,0.0,727333.0,66121.0,5847.0,9.4294016e+07,1.32524032e+09,19485.870000000003,28.0,243836.0,0.0,243836.0,243836.0,1.0,0.0,0.0
2026-03-31 03:35:53,623,8.460322e+06,4.68830407e+08,1.82946991e+08,0.0,0.0,0.0,727333.0,66121.0,5847.0,9.4294016e+07,1.32524032e+09,19485.88,28.0,243836.0,0.0,243836.0,243836.0,1.0,0.0,0.0
2026-03-31 03:36:05,623,8.460322e+06,4.68830407e+08,1.82946991e+08,0.0,0.0,0.0,727333.0,66121.0,5847.0,9.4294016e+07,1.32524032e+09,19485.9,28.0,243836.0,0.0,243836.0,243836.0,1.0,0.0,0.0
2026-03-31 03:36:17,623,8.460322e+06,4.68830407e+08,1.82946991e+08,0.0,0.0,0.0,727333.0,66121.0,5847.0,9.4294016e+07,1.32524032e+09,19485.92,28.0,243836.0,0.0,243836.0,243836.0,1.0,0.0,0.0
2026-03-31 03:36:28,624,8.460322e+06,4.68830407e+08,1.82946991e+08,0.0,0.0,0.0,727333.0,66121.0,5847.0,9.4294016e+07,1.32524032e+09,19485.93,28.0,243836.0,0.0,243836.0,243836.0,1.0,0.0,0.0
2026-03-31 03:36:40,624,8.460322e+06,4.68830407e+08,1.82946991e+08,0.0,0.0,0.0,727333.0,66121.0,5847.0,9.4294016e+07,1.32524032e+09,19485.95,28.0,243836.0,0.0,243836.0,243836.0,1.0,0.0,0.0
2026-03-31 03:36:52,624,8.460322e+06,4.68830407e+08,1.82946991e+08,0.0,0.0,0.0,727333.0,66121.0,5847.0,9.4294016e+07,1.32524032e+09,19485.969999999998,28.0,243836.0,0.0,243836.0,243836.0,1.0,0.0,0.0
2026-03-31 03:37:03,624,8.460322e+06,4.68830407e+08,1.82946991e+08,0.0,0.0,0.0,727333.0,66121.0,5847.0,9.4294016e+07,1.32524032e+09,19485.98,28.0,243836.0,0.0,243836.0,243836.0,1.0,0.0,0.0
2026-03-31 03:37:15,624,8.460322e+06,4.68830407e+08,1.82946991e+08,0.0,0.0,0.0,727333.0,66121.0,5847.0,9.4294016e+07,1.32524032e+09,19485.989999999998,28.0,243836.0,0.0,243836.0,243836.0,1.0,0.0,0.0
2026-03-31 03:37:27,625,8.460322e+06,4.68830407e+08,1.82946991e+08,0.0,0.0,0.0,727333.0,66121.0,5847.0,9.4294016e+07,1.32524032e+09,19486.010000000002,28.0,243836.0,0.0,243836.0,243836.0,1.0,0.0,0.0
2026-03-31 03:37:39,625,8.460322e+06,4.68830407e+08,1.82946991e+08,0.0,0.0,0.0,727333.0,66121.0,5847.0,9.4294016e+07,1.32524032e+09,19486.03,28.0,243836.0,0.0,243836.0,243836.0,1.0,0.0,0.0
2026-03-31 03:37:50,625,8.460322e+06,4.68830407e+08,1.82946991e+08,0.0,0.0,0.0,727333.0,66121.0,5847.0,9.4294016e+07,1.32524032e+09,19486.04,28.0,243836.0,0.0,243836.0,243836.0,1.0,0.0,0.0
2026-03-31 03:38:02,625,8.460322e+06,4.68830407e+08,1.82946991e+08,0.0,0.0,0.0,727333.0,66121.0,5847.0,9.4294016e+07,1.32524032e+09,19486.06,28.0,243836.0,0.0,243836.0,243836.0,1.0,0.0,0.0
2026-03-31 03:38:14,625,8.460322e+06,4.68830407e+08,1.82946991e+08,0.0,0.0,0.0,727333.0,66121.0,5847.0,9.4294016e+07,1.32524032e+09,19486.07,28.0,243836.0,0.0,243836.0,243836.0,1.0,0.0,0.0
2026-03-31 03:38:26,626,8.460322e+06,4.68830407e+08,1.82946991e+08,0.0,0.0,0.0,727333.0,66121.0,5847.0,9.4294016e+07,1.32524032e+09,19486.09,28.0,243836.0,0.0,243836.0,243836.0,1.0,0.0,0.0
2026-03-31 03:38:37,626,8.460322e+06,4.68830407e+08,1.82946991e+08,0.0,0.0,0.0,727333.0,66121.0,5847.0,9.4294016e+07,1.32524032e+09,19486.11,28.0,243836.0,0.0,243836.0,243836.0,1.0,0.0,0.0
2026-03-31 03:38:49,626,8.460322e+06,4.68830407e+08,1.82946991e+08,0.0,0.0,0.0,727333.0,66121.0,5847.0,9.4294016e+07,1.32524032e+09,19486.13,28.0,243836.0,0.0,243836.0,243836.0,1.0,0.0,0.0
2026-03-31 03:39:01,626,8.460322e+06,4.68830407e+08,1.82946991e+08,0.0,0.0,0.0,727333.0,66121.0,5847.0,9.4294016e+07,1.32524032e+09,19486.14,28.0,243836.0,0.0,243836.0,243836.0,1.0,0.0,0.0
2026-03-31 03:39:13,626,8.460322e+06,4.68830407e+08,1.82946991e+08,0.0,0.0,0.0,727333.0,66121.0,5847.0,9.4294016e+07,1.32524032e+09,19486.16,28.0,243836.0,0.0,243836.0,243836.0,1.0,0.0,0.0
2026-03-31 03:39:24,626,8.460322e+06,4.68830407e+08,1.82946991e+08,0.0,0.0,0.0,727333.0,66121.0,5847.0,9.4294016e+07,1.32524032e+09,19486.18,28.0,243836.0,0.0,243836.0,243836.0,1.0,0.0,0.0
2026-03-31 03:39:36,627,8.460322e+06,4.68830407e+08,1.82946991e+08,0.0,0.0,0.0,727333.0,66121.0,5847.0,9.4294016e+07,1.32524032e+09,19486.19,28.0,243836.0,0.0,243836.0,243836.0,1.0,0.0,0.0
2026-03-31 03:39:48,627,8.460322e+06,4.68830407e+08,1.82946991e+08,0.0,0.0,0.0,727333.0,66121.0,5847.0,9.4294016e+07,1.32524032e+09,19486.21,28.0,243836.0,0.0,243836.0,243836.0,1.0,0.0,0.0
2026-03-31 03:40:00,627,8.460322e+06,4.68830407e+08,1.82946991e+08,0.0,0.0,0.0,727333.0,66121.0,5847.0,9.4294016e+07,1.32524032e+09,19486.23,28.0,243836.0,0.0,243836.0,243836.0,1.0,0.0,0.0
2026-03-31 03:40:11,627,8.460322e+06,4.68830407e+08,1.82946991e+08,0.0,0.0,0.0,727333.0,66121.0,5847.0,9.4294016e+07,1.32524032e+09,19486.24,28.0,243836.0,0.0,243836.0,243836.0,1.0,0.0,0.0
2026-03-31 03:40:23,627,8.460322e+06,4.68830407e+08,1.82946991e+08,0.0,0.0,0.0,727333.0,66121.0,5847.0,9.4294016e+07,1.32524032e+09,19486.26,28.0,243836.0,0.0,243836.0,243836.0,1.0,0.0,0.0
2026-03-31 03:40:35,628,8.460322e+06,4.68830407e+08,1.82946991e+08,0.0,0.0,0.0,727333.0,66121.0,5847.0,9.4294016e+07,1.32524032e+09,19486.27,28.0,243836.0,0.0,243836.0,243836.0,1.0,0.0,0.0
2026-03-31 03:40:47,628,8.460322e+06,4.68830407e+08,1.82946991e+08,0.0,0.0,0.0,727333.0,66121.0,5847.0,9.4294016e+07,1.32524032e+09,19486.280000000002,28.0,243836.0,0.0,243836.0,243836.0,1.0,0.0,0.0
2026-03-31 03:40:58,628,8.460322e+06,4.68830407e+08,1.82946991e+08,0.0,0.0,0.0,727333.0,66121.0,5847.0,9.4294016e+07,1.32524032e+09,19486.3,28.0,243836.0,0.0,243836.0,243836.0,1.0,0.0,0.0
2026-03-31 03:41:10,628,8.460322e+06,4.68830407e+08,1.82946991e+08,0.0,0.0,0.0,727333.0,66121.0,5847.0,9.4294016e+07,1.32524032e+09,19486.32,28.0,243836.0,0.0,243836.0,243836.0,1.0,0.0,0.0
2026-03-31 03:41:22,628,8.460322e+06,4.68830407e+08,1.82946991e+08,0.0,0.0,0.0,727333.0,66121.0,5847.0,9.4294016e+07,1.32524032e+09,19486.34,28.0,243836.0,0.0,243836.0,243836.0,1.0,0.0,0.0
2026-03-31 03:41:34,629,8.460322e+06,4.68830407e+08,1.82946991e+08,0.0,0.0,0.0,727333.0,66121.0,5847.0,9.4294016e+07,1.32524032e+09,19486.359999999997,28.0,243836.0,0.0,243836.0,243836.0,1.0,0.0,0.0
2026-03-31 03:41:45,629,8.460322e+06,4.68830407e+08,1.82946991e+08,0.0,0.0,0.0,727333.0,66121.0,5847.0,9.4294016e+07,1.32524032e+09,19486.37,28.0,243836.0,0.0,243836.0,243836.0,1.0,0.0,0.0
2026-03-31 03:41:57,629,8.460322e+06,4.68830407e+08,1.82946991e+08,0.0,0.0,0.0,727333.0,66121.0,5847.0,9.4294016e+07,1.32524032e+09,19486.39,28.0,243836.0,0.0,243836.0,243836.0,1.0,0.0,0.0
2026-03-31 03:42:09,629,8.460322e+06,4.68830407e+08,1.82946991e+08,0.0,0.0,0.0,727333.0,66121.0,5847.0,9.4294016e+07,1.32524032e+09,19486.41,28.0,243836.0,0.0,243836.0,243836.0,1.0,0.0,0.0
2026-03-31 03:42:21,629,8.460322e+06,4.68830407e+08,1.82946991e+08,0.0,0.0,0.0,727333.0,66121.0,5847.0,9.4294016e+07,1.32524032e+09,19486.420000000002,28.0,243836.0,0.0,243836.0,243836.0,1.0,0.0,0.0
2026-03-31 03:42:32,630,8.460322e+06,4.68830407e+08,1.82946991e+08,0.0,0.0,0.0,727333.0,66121.0,5847.0,9.4294016e+07,1.32524032e+09,19486.43,28.0,243836.0,0.0,243836.0,243836.0,1.0,0.0,0.0
2026-03-31 03:42:44,630,8.460322e+06,4.68830407e+08,1.82946991e+08,0.0,0.0,0.0,727333.0,66121.0,5847.0,9.4294016e+07,1.32524032e+09,19486.46,28.0,243836.0,0.0,243836.0,243836.0,1.0,0.0,0.0
2026-03-31 03:42:56,630,8.460322e+06,4.68830407e+08,1.82946991e+08,0.0,0.0,0.0,727333.0,66121.0,5847.0,9.4294016e+07,1.32524032e+09,19486.480000000003,28.0,243836.0,0.0,243836.0,243836.0,1.0,0.0,0.0
2026-03-31 03:43:07,630,8.460322e+06,4.68830407e+08,1.82946991e+08,0.0,0.0,0.0,727333.0,66121.0,5847.0,9.4294016e+07,1.32524032e+09,19486.480000000003,28.0,243836.0,0.0,243836.0,243836.0,1.0,0.0,0.0
2026-03-31 03:43:19,630,8.460322e+06,4.68830407e+08,1.82946991e+08,0.0,0.0,0.0,727333.0,66121.0,5847.0,9.4294016e+07,1.32524032e+09,19486.5,28.0,243836.0,0.0,243836.0,243836.0,1.0,0.0,0.0
2026-03-31 03:43:31,631,8.460322e+06,4.68830407e+08,1.82946991e+08,0.0,0.0,0.0,727333.0,66121.0,5847.0,9.4294016e+07,1.32524032e+09,19486.519999999997,28.0,243836.0,0.0,243836.0,243836.0,1.0,0.0,0.0
2026-03-31 03:43:42,631,8.460322e+06,4.68830407e+08,1.82946991e+08,0.0,0.0,0.0,727333.0,66121.0,5847.0,9.4294016e+07,1.32524032e+09,19486.54,28.0,243836.0,0.0,243836.0,243836.0,1.0,0.0,0.0
2026-03-31 03:43:54,631,8.460322e+06,4.68830407e+08,1.82946991e+08,0.0,0.0,0.0,727333.0,66121.0,5847.0,9.4294016e+07,1.32524032e+09,19486.550000000003,28.0,243836.0,0.0,243836.0,243836.0,1.0,0.0,0.0
2026-03-31 03:44:06,631,8.460322e+06,4.68830407e+08,1.82946991e+08,0.0,0.0,0.0,727333.0,66121.0,5847.0,9.4294016e+07,1.32524032e+09,19486.57,28.0,243836.0,0.0,243836.0,243836.0,1.0,0.0,0.0
2026-03-31 03:44:18,631,8.460322e+06,4.68830407e+08,1.82946991e+08,0.0,0.0,0.0,727333.0,66121.0,5847.0,9.4294016e+07,1.32524032e+09,19486.59,28.0,243836.0,0.0,243836.0,243836.0,1.0,0.0,0.0
2026-03-31 03:44:30,632,8.460322e+06,4.68830407e+08,1.82946991e+08,0.0,0.0,0.0,727333.0,66121.0,5847.0,9.4294016e+07,1.32524032e+09,19486.61,28.0,243836.0,0.0,243836.0,243836.0,1.0,0.0,0.0
2026-03-31 03:44:42,632,8.460322e+06,4.68830407e+08,1.82946991e+08,0.0,0.0,0.0,727333.0,66121.0,5847.0,9.4294016e+07,1.32524032e+09,19486.62,28.0,243836.0,0.0,243836.0,243836.0,1.0,0.0,0.0
2026-03-31 03:44:53,632,8.460322e+06,4.68830407e+08,1.82946991e+08,0.0,0.0,0.0,727333.0,66121.0,5847.0,9.4294016e+07,1.32524032e+09,19486.64,28.0,243836.0,0.0,243836.0,243836.0,1.0,0.0,0.0
2026-03-31 03:45:05,632,8.460322e+06,4.68830407e+08,1.82946991e+08,0.0,0.0,0.0,727333.0,66121.0,5847.0,9.4294016e+07,1.32524032e+09,19486.66,28.0,243836.0,0.0,243836.0,243836.0,1.0,0.0,0.0
2026-03-31 03:45:17,632,8.460322e+06,4.68830407e+08,1.82946991e+08,0.0,0.0,0.0,727333.0,66121.0,5847.0,9.4294016e+07,1.32524032e+09,19486.670000000002,28.0,243836.0,0.0,243836.0,243836.0,1.0,0.0,0.0
2026-03-31 03:45:28,633,8.460322e+06,4.68830407e+08,1.82946991e+08,0.0,0.0,0.0,727333.0,66121.0,5847.0,9.4294016e+07,1.32524032e+09,19486.69,28.0,243836.0,0.0,243836.0,243836.0,1.0,0.0,0.0
2026-03-31 03:45:40,633,8.460322e+06,4.68830407e+08,1.82946991e+08,0.0,0.0,0.0,727333.0,66121.0,5847.0,9.4294016e+07,1.32524032e+09,19486.710000000003,28.0,243836.0,0.0,243836.0,243836.0,1.0,0.0,0.0
2026-03-31 03:45:52,633,8.460322e+06,4.68830407e+08,1.82946991e+08,0.0,0.0,0.0,727333.0,66121.0,5847.0,9.4294016e+07,1.32524032e+09,19486.72,28.0,243836.0,0.0,243836.0,243836.0,1.0,0.0,0.0
2026-03-31 03:46:04,633,8.460322e+06,4.68830407e+08,1.82946991e+08,0.0,0.0,0.0,727333.0,66121.0,5847.0,9.4294016e+07,1.32524032e+09,19486.73,28.0,243836.0,0.0,243836.0,243836.0,1.0,0.0,0.0
2026-03-31 03:46:16,633,8.460322e+06,4.68830407e+08,1.82946991e+08,0.0,0.0,0.0,727333.0,66121.0,5847.0,9.4294016e+07,1.32524032e+09,19486.75,28.0,243836.0,0.0,243836.0,243836.0,1.0,0.0,0.0
2026-03-31 03:46:27,634,8.460322e+06,4.68830407e+08,1.82946991e+08,0.0,0.0,0.0,727333.0,66121.0,5847.0,9.4294016e+07,1.32524032e+09,19486.77,28.0,243836.0,0.0,243836.0,243836.0,1.0,0.0,0.0
2026-03-31 03:46:39,634,8.460322e+06,4.68830407e+08,1.82946991e+08,0.0,0.0,0.0,727333.0,66121.0,5847.0,9.4294016e+07,1.32524032e+09,19486.78,28.0,243836.0,0.0,243836.0,243836.0,1.0,0.0,0.0
2026-03-31 03:46:51,634,8.460322e+06,4.68830407e+08,1.82946991e+08,0.0,0.0,0.0,727333.0,66121.0,5847.0,9.4294016e+07,1.32524032e+09,19486.809999999998,28.0,243836.0,0.0,243836.0,243836.0,1.0,0.0,0.0
2026-03-31 03:47:02,634,8.460322e+06,4.68830407e+08,1.82946991e+08,0.0,0.0,0.0,727333.0,66121.0,5847.0,9.4294016e+07,1.32524032e+09,19486.82,28.0,243836.0,0.0,243836.0,243836.0,1.0,0.0,0.0
2026-03-31 03:47:14,634,8.460322e+06,4.68830407e+08,1.82946991e+08,0.0,0.0,0.0,727333.0,66121.0,5847.0,9.4294016e+07,1.32524032e+09,19486.84,28.0,243836.0,0.0,243836.0,243836.0,1.0,0.0,0.0
2026-03-31 03:47:26,635,8.460322e+06,4.68830407e+08,1.82946991e+08,0.0,0.0,0.0,727333.0,66121.0,5847.0,9.4294016e+07,1.32524032e+09,19486.86,28.0,243836.0,0.0,243836.0,243836.0,1.0,0.0,0.0
2026-03-31 03:47:37,635,8.460322e+06,4.68830407e+08,1.82946991e+08,0.0,0.0,0.0,727333.0,66121.0,5847.0,9.4294016e+07,1.32524032e+09,19486.87,28.0,243836.0,0.0,243836.0,243836.0,1.0,0.0,0.0
2026-03-31 03:47:49,635,8.460322e+06,4.68830407e+08,1.82946991e+08,0.0,0.0,0.0,727333.0,66121.0,5847.0,9.4294016e+07,1.32524032e+09,19486.890000000003,28.0,243836.0,0.0,243836.0,243836.0,1.0,0.0,0.0
2026-03-31 03:48:01,635,8.460322e+06,4.68830407e+08,1.82946991e+08,0.0,0.0,0.0,727333.0,66121.0,5847.0,9.4294016e+07,1.32524032e+09,19486.9,28.0,243836.0,0.0,243836.0,243836.0,1.0,0.0,0.0
2026-03-31 03:48:13,635,8.460322e+06,4.68830407e+08,1.82946991e+08,0.0,0.0,0.0,727333.0,66121.0,5847.0,9.4294016e+07,1.32524032e+09,19486.92,28.0,243836.0,0.0,243836.0,243836.0,1.0,0.0,0.0
2026-03-31 03:48:24,635,8.460322e+06,4.68830407e+08,1.82946991e+08,0.0,0.0,0.0,727333.0,66121.0,5847.0,9.4294016e+07,1.32524032e+09,19486.940000000002,28.0,243836.0,0.0,243836.0,243836.0,1.0,0.0,0.0
2026-03-31 03:48:36,636,8.460322e+06,4.68830407e+08,1.82946991e+08,0.0,0.0,0.0,727333.0,66121.0,5847.0,9.4294016e+07,1.32524032e+09,19486.949999999997,28.0,243836.0,0.0,243836.0,243836.0,1.0,0.0,0.0
2026-03-31 03:48:48,636,8.460322e+06,4.68830407e+08,1.82946991e+08,0.0,0.0,0.0,727333.0,66121.0,5847.0,9.4294016e+07,1.32524032e+09,19486.97,28.0,243836.0,0.0,243836.0,243836.0,1.0,0.0,0.0
2026-03-31 03:49:00,636,8.460322e+06,4.68830407e+08,1.82946991e+08,0.0,0.0,0.0,727333.0,66121.0,5847.0,9.4294016e+07,1.32524032e+09,19486.99,28.0,243836.0,0.0,243836.0,243836.0,1.0,0.0,0.0
2026-03-31 03:49:11,636,8.460322e+06,4.68830407e+08,1.82946991e+08,0.0,0.0,0.0,727333.0,66121.0,5847.0,9.4294016e+07,1.32524032e+09,19487.01,28.0,243836.0,0.0,243836.0,243836.0,1.0,0.0,0.0
2026-03-31 03:49:23,636,8.460322e+06,4.68830407e+08,1.82946991e+08,0.0,0.0,0.0,727333.0,66121.0,5847.0,9.4294016e+07,1.32524032e+09,19487.019999999997,28.0,243836.0,0.0,243836.0,243836.0,1.0,0.0,0.0
2026-03-31 03:49:35,637,8.460322e+06,4.68830407e+08,1.82946991e+08,0.0,0.0,0.0,727333.0,66121.0,5847.0,9.4294016e+07,1.32524032e+09,19487.039999999997,28.0,243836.0,0.0,243836.0,243836.0,1.0,0.0,0.0
2026-03-31 03:49:47,637,8.460322e+06,4.68830407e+08,1.82946991e+08,0.0,0.0,0.0,727333.0,66121.0,5847.0,9.4294016e+07,1.32524032e+09,19487.06,28.0,243836.0,0.0,243836.0,243836.0,1.0,0.0,0.0
2026-03-31 03:49:58,637,8.460322e+06,4.68830407e+08,1.82946991e+08,0.0,0.0,0.0,727333.0,66121.0,5847.0,9.4294016e+07,1.32524032e+09,19487.079999999998,28.0,243836.0,0.0,243836.0,243836.0,1.0,0.0,0.0
2026-03-31 03:50:10,637,8.460322e+06,4.68830407e+08,1.82946991e+08,0.0,0.0,0.0,727333.0,66121.0,5847.0,9.4294016e+07,1.32524032e+09,19487.09,28.0,243836.0,0.0,243836.0,243836.0,1.0,0.0,0.0
2026-03-31 03:50:22,637,8.460322e+06,4.68830407e+08,1.82946991e+08,0.0,0.0,0.0,727333.0,66121.0,5847.0,9.4294016e+07,1.32524032e+09,19487.100000000002,28.0,243836.0,0.0,243836.0,243836.0,1.0,0.0,0.0
2026-03-31 03:50:34,638,8.460322e+06,4.68830407e+08,1.82946991e+08,0.0,0.0,0.0,727333.0,66121.0,5847.0,9.4294016e+07,1.32524032e+09,19487.12,28.0,243836.0,0.0,243836.0,243836.0,1.0,0.0,0.0
2026-03-31 03:50:46,638,8.460322e+06,4.68830407e+08,1.82946991e+08,0.0,0.0,0.0,727333.0,66121.0,5847.0,9.4294016e+07,1.32524032e+09,19487.140000000003,28.0,243836.0,0.0,243836.0,243836.0,1.0,0.0,0.0
2026-03-31 03:50:57,638,8.460322e+06,4.68830407e+08,1.82946991e+08,0.0,0.0,0.0,727333.0,66121.0,5847.0,9.4294016e+07,1.32524032e+09,19487.16,28.0,243836.0,0.0,243836.0,243836.0,1.0,0.0,0.0
2026-03-31 03:51:09,638,8.460322e+06,4.68830407e+08,1.82946991e+08,0.0,0.0,0.0,727333.0,66121.0,5847.0,9.4294016e+07,1.32524032e+09,19487.17,28.0,243836.0,0.0,243836.0,243836.0,1.0,0.0,0.0
2026-03-31 03:51:21,638,8.460322e+06,4.68830407e+08,1.82946991e+08,0.0,0.0,0.0,727333.0,66121.0,5847.0,9.4294016e+07,1.32524032e+09,19487.19,28.0,243836.0,0.0,243836.0,243836.0,1.0,0.0,0.0
2026-03-31 03:51:32,639,8.460322e+06,4.68830407e+08,1.82946991e+08,0.0,0.0,0.0,727333.0,66121.0,5847.0,9.4294016e+07,1.32524032e+09,19487.21,28.0,243836.0,0.0,243836.0,243836.0,1.0,0.0,0.0
2026-03-31 03:51:44,639,8.460322e+06,4.68830407e+08,1.82946991e+08,0.0,0.0,0.0,727333.0,66121.0,5847.0,9.4294016e+07,1.32524032e+09,19487.22,28.0,243836.0,0.0,243836.0,243836.0,1.0,0.0,0.0
2026-03-31 03:51:56,639,8.460322e+06,4.68830407e+08,1.82946991e+08,0.0,0.0,0.0,727333.0,66121.0,5847.0,9.4294016e+07,1.32524032e+09,19487.230000000003,28.0,243836.0,0.0,243836.0,243836.0,1.0,0.0,0.0
2026-03-31 03:52:07,639,8.460322e+06,4.68830407e+08,1.82946991e+08,0.0,0.0,0.0,727333.0,66121.0,5847.0,9.4294016e+07,1.32524032e+09,19487.260000000002,28.0,243836.0,0.0,243836.0,243836.0,1.0,0.0,0.0
2026-03-31 03:52:19,639,8.460322e+06,4.68830407e+08,1.82946991e+08,0.0,0.0,0.0,727333.0,66121.0,5847.0,9.4294016e+07,1.32524032e+09,19487.27,28.0,243836.0,0.0,243836.0,243836.0,1.0,0.0,0.0
2026-03-31 03:52:31,640,8.460322e+06,4.68830407e+08,1.82946991e+08,0.0,0.0,0.0,727333.0,66121.0,5847.0,9.4294016e+07,1.32524032e+09,19487.289999999997,28.0,243836.0,0.0,243836.0,243836.0,1.0,0.0,0.0
2026-03-31 03:52:43,640,8.460322e+06,4.68830407e+08,1.82946991e+08,0.0,0.0,0.0,727333.0,66121.0,5847.0,9.4294016e+07,1.32524032e+09,19487.3,28.0,243836.0,0.0,243836.0,243836.0,1.0,0.0,0.0
2026-03-31 03:52:55,640,8.460322e+06,4.68830407e+08,1.82946991e+08,0.0,0.0,0.0,727333.0,66121.0,5847.0,9.4294016e+07,1.32524032e+09,19487.32,28.0,243836.0,0.0,243836.0,243836.0,1.0,0.0,0.0
2026-03-31 03:53:06,640,8.460322e+06,4.68830407e+08,1.82946991e+08,0.0,0.0,0.0,727333.0,66121.0,5847.0,9.39008e+07,1.32524032e+09,19487.34,28.0,243836.0,0.0,243836.0,243836.0,1.0,0.0,0.0
2026-03-31 03:53:18,640,8.460322e+06,4.68830407e+08,1.82946991e+08,0.0,0.0,0.0,727333.0,66121.0,5847.0,9.39008e+07,1.32524032e+09,19487.36,28.0,243836.0,0.0,243836.0,243836.0,1.0,0.0,0.0
2026-03-31 03:53:30,641,8.460322e+06,4.68830407e+08,1.82946991e+08,0.0,0.0,0.0,727333.0,66121.0,5847.0,9.3769728e+07,1.32524032e+09,19487.37,28.0,243836.0,0.0,243836.0,243836.0,1.0,0.0,0.0
2026-03-31 03:53:41,641,8.460322e+06,4.68830407e+08,1.82946991e+08,0.0,0.0,0.0,727333.0,66121.0,5847.0,9.3769728e+07,1.32524032e+09,19487.39,28.0,243836.0,0.0,243836.0,243836.0,1.0,0.0,0.0
2026-03-31 03:53:53,641,8.460322e+06,4.68830407e+08,1.82946991e+08,0.0,0.0,0.0,727333.0,66121.0,5847.0,9.3376512e+07,1.32524032e+09,19487.4,28.0,243836.0,0.0,243836.0,243836.0,1.0,0.0,0.0
2026-03-31 03:54:05,641,8.460322e+06,4.68830407e+08,1.82946991e+08,0.0,0.0,0.0,727333.0,66121.0,5847.0,9.3376512e+07,1.32524032e+09,19487.42,28.0,243836.0,0.0,243836.0,243836.0,1.0,0.0,0.0
2026-03-31 03:54:17,641,8.460322e+06,4.68830407e+08,1.82946991e+08,0.0,0.0,0.0,727333.0,66121.0,5847.0,9.3376512e+07,1.32524032e+09,19487.44,28.0,243836.0,0.0,243836.0,243836.0,1.0,0.0,0.0
2026-03-31 03:54:28,642,8.460322e+06,4.68830407e+08,1.82946991e+08,0.0,0.0,0.0,727333.0,66121.0,5847.0,9.3376512e+07,1.32524032e+09,19487.460000000003,28.0,243836.0,0.0,243836.0,243836.0,1.0,0.0,0.0
2026-03-31 03:54:40,642,8.460322e+06,4.68830407e+08,1.82946991e+08,0.0,0.0,0.0,727333.0,66121.0,5847.0,9.3376512e+07,1.32524032e+09,19487.47,28.0,243836.0,0.0,243836.0,243836.0,1.0,0.0,0.0
2026-03-31 03:54:52,642,8.460322e+06,4.68830407e+08,1.82946991e+08,0.0,0.0,0.0,727333.0,66121.0,5847.0,9.3376512e+07,1.32524032e+09,19487.49,28.0,243836.0,0.0,243836.0,243836.0,1.0,0.0,0.0
2026-03-31 03:55:04,642,8.460322e+06,4.68830407e+08,1.82946991e+08,0.0,0.0,0.0,727333.0,66121.0,5847.0,9.3376512e+07,1.32524032e+09,19487.5,28.0,243836.0,0.0,243836.0,243836.0,1.0,0.0,0.0
2026-03-31 03:55:15,642,8.460322e+06,4.68830407e+08,1.82946991e+08,0.0,0.0,0.0,727333.0,66121.0,5847.0,9.3376512e+07,1.32524032e+09,19487.519999999997,28.0,243836.0,0.0,243836.0,243836.0,1.0,0.0,0.0
2026-03-31 03:55:27,643,8.460322e+06,4.68830407e+08,1.82946991e+08,0.0,0.0,0.0,727333.0,66121.0,5847.0,9.3376512e+07,1.32524032e+09,19487.54,28.0,243836.0,0.0,243836.0,243836.0,1.0,0.0,0.0
2026-03-31 03:55:39,643,8.460322e+06,4.68830407e+08,1.82946991e+08,0.0,0.0,0.0,727333.0,66121.0,5847.0,9.3376512e+07,1.32524032e+09,19487.55,28.0,243836.0,0.0,243836.0,243836.0,1.0,0.0,0.0
2026-03-31 03:55:51,643,8.460322e+06,4.68830407e+08,1.82946991e+08,0.0,0.0,0.0,727333.0,66121.0,5847.0,9.3376512e+07,1.32524032e+09,19487.57,28.0,243836.0,0.0,243836.0,243836.0,1.0,0.0,0.0
2026-03-31 03:56:02,643,8.460322e+06,4.68830407e+08,1.82946991e+08,0.0,0.0,0.0,727333.0,66121.0,5847.0,9.3376512e+07,1.32524032e+09,19487.58,28.0,243836.0,0.0,243836.0,243836.0,1.0,0.0,0.0
2026-03-31 03:56:14,643,8.460322e+06,4.68830407e+08,1.82946991e+08,0.0,0.0,0.0,727333.0,66121.0,5847.0,9.3376512e+07,1.32524032e+09,19487.61,28.0,243836.0,0.0,243836.0,243836.0,1.0,0.0,0.0
2026-03-31 03:56:26,644,8.460322e+06,4.68830407e+08,1.82946991e+08,0.0,0.0,0.0,727333.0,66121.0,5847.0,9.3376512e+07,1.32524032e+09,19487.62,28.0,243836.0,0.0,243836.0,243836.0,1.0,0.0,0.0
2026-03-31 03:56:38,644,8.460322e+06,4.68830407e+08,1.82946991e+08,0.0,0.0,0.0,727333.0,66121.0,5847.0,9.3376512e+07,1.32524032e+09,19487.640000000003,28.0,243836.0,0.0,243836.0,243836.0,1.0,0.0,0.0
2026-03-31 03:56:49,644,8.460322e+06,4.68830407e+08,1.82946991e+08,0.0,0.0,0.0,727333.0,66121.0,5847.0,9.3376512e+07,1.32524032e+09,19487.66,28.0,243836.0,0.0,243836.0,243836.0,1.0,0.0,0.0
2026-03-31 03:57:01,644,8.460322e+06,4.68830407e+08,1.82946991e+08,0.0,0.0,0.0,727333.0,66121.0,5847.0,9.3376512e+07,1.32524032e+09,19487.67,28.0,243836.0,0.0,243836.0,243836.0,1.0,0.0,0.0
2026-03-31 03:57:13,644,8.460322e+06,4.68830407e+08,1.82946991e+08,0.0,0.0,0.0,727333.0,66121.0,5847.0,9.3376512e+07,1.32524032e+09,19487.690000000002,28.0,243836.0,0.0,243836.0,243836.0,1.0,0.0,0.0
2026-03-31 03:57:25,645,8.460322e+06,4.68830407e+08,1.82946991e+08,0.0,0.0,0.0,727333.0,66121.0,5847.0,9.3376512e+07,1.32524032e+09,19487.699999999997,28.0,243836.0,0.0,243836.0,243836.0,1.0,0.0,0.0
2026-03-31 03:57:36,645,8.460322e+06,4.68830407e+08,1.82946991e+08,0.0,0.0,0.0,727333.0,66121.0,5847.0,9.3376512e+07,1.32524032e+09,19487.72,28.0,243836.0,0.0,243836.0,243836.0,1.0,0.0,0.0
2026-03-31 03:57:48,645,8.460322e+06,4.68830407e+08,1.82946991e+08,0.0,0.0,0.0,727333.0,66121.0,5847.0,9.3376512e+07,1.32524032e+09,19487.739999999998,28.0,243836.0,0.0,243836.0,243836.0,1.0,0.0,0.0
2026-03-31 03:58:00,645,8.460322e+06,4.68830407e+08,1.82946991e+08,0.0,0.0,0.0,727333.0,66121.0,5847.0,9.3376512e+07,1.32524032e+09,19487.75,28.0,243836.0,0.0,243836.0,243836.0,1.0,0.0,0.0
2026-03-31 03:58:12,645,8.460322e+06,4.68830407e+08,1.82946991e+08,0.0,0.0,0.0,727333.0,66121.0,5847.0,9.3376512e+07,1.32524032e+09,19487.78,28.0,243836.0,0.0,243836.0,243836.0,1.0,0.0,0.0
2026-03-31 03:58:23,645,8.460322e+06,4.68830407e+08,1.82946991e+08,0.0,0.0,0.0,727333.0,66121.0,5847.0,9.3376512e+07,1.32524032e+09,19487.789999999997,28.0,243836.0,0.0,243836.0,243836.0,1.0,0.0,0.0
2026-03-31 03:58:35,646,8.460322e+06,4.68830407e+08,1.82946991e+08,0.0,0.0,0.0,727333.0,66121.0,5847.0,9.3376512e+07,1.32524032e+09,19487.81,28.0,243836.0,0.0,243836.0,243836.0,1.0,0.0,0.0
2026-03-31 03:58:47,646,8.460322e+06,4.68830407e+08,1.82946991e+08,0.0,0.0,0.0,727333.0,66121.0,5847.0,9.3376512e+07,1.32524032e+09,19487.829999999998,28.0,243836.0,0.0,243836.0,243836.0,1.0,0.0,0.0
2026-03-31 03:58:59,646,8.460322e+06,4.68830407e+08,1.82946991e+08,0.0,0.0,0.0,727333.0,66121.0,5847.0,9.3376512e+07,1.32524032e+09,19487.84,28.0,243836.0,0.0,243836.0,243836.0,1.0,0.0,0.0
2026-03-31 03:59:11,646,8.460322e+06,4.68830407e+08,1.82946991e+08,0.0,0.0,0.0,727333.0,66121.0,5847.0,9.3376512e+07,1.32524032e+09,19487.86,28.0,243836.0,0.0,243836.0,243836.0,1.0,0.0,0.0
2026-03-31 03:59:22,646,8.460322e+06,4.68830407e+08,1.82946991e+08,0.0,0.0,0.0,727333.0,66121.0,5847.0,9.3376512e+07,1.32524032e+09,19487.870000000003,28.0,243836.0,0.0,243836.0,243836.0,1.0,0.0,0.0
2026-03-31 03:59:34,647,8.460322e+06,4.68830407e+08,1.82946991e+08,0.0,0.0,0.0,727333.0,66121.0,5847.0,9.3376512e+07,1.32524032e+09,19487.9,28.0,243836.0,0.0,243836.0,243836.0,1.0,0.0,0.0
2026-03-31 03:59:46,647,8.460322e+06,4.68830407e+08,1.82946991e+08,0.0,0.0,0.0,727333.0,66121.0,5847.0,9.3376512e+07,1.32524032e+09,19487.9,28.0,243836.0,0.0,243836.0,243836.0,1.0,0.0,0.0
2026-03-31 03:59:58,647,8.460322e+06,4.68830407e+08,1.82946991e+08,0.0,0.0,0.0,727333.0,66121.0,5847.0,9.3376512e+07,1.32524032e+09,19487.93,28.0,243836.0,0.0,243836.0,243836.0,1.0,0.0,0.0
2026-03-31 04:00:09,647,8.460322e+06,4.68830407e+08,1.82946991e+08,0.0,0.0,0.0,727333.0,66121.0,5847.0,9.3376512e+07,1.32524032e+09,19487.94,28.0,243836.0,0.0,243836.0,243836.0,1.0,0.0,0.0
2026-03-31 04:00:21,647,8.460322e+06,4.68830407e+08,1.82946991e+08,0.0,0.0,0.0,727333.0,66121.0,5847.0,9.324544e+07,1.32524032e+09,19487.96,28.0,243836.0,0.0,243836.0,243836.0,1.0,0.0,0.0
2026-03-31 04:00:33,648,8.460322e+06,4.68830407e+08,1.82946991e+08,0.0,0.0,0.0,727333.0,66121.0,5847.0,9.324544e+07,1.32524032e+09,19487.969999999998,28.0,243836.0,0.0,243836.0,243836.0,1.0,0.0,0.0
2026-03-31 04:00:44,648,8.460322e+06,4.68830407e+08,1.82946991e+08,0.0,0.0,0.0,727333.0,66121.0,5847.0,9.324544e+07,1.32524032e+09,19487.99,28.0,243836.0,0.0,243836.0,243836.0,1.0,0.0,0.0
2026-03-31 04:00:56,648,8.460322e+06,4.68830407e+08,1.82946991e+08,0.0,0.0,0.0,727333.0,66121.0,5847.0,9.324544e+07,1.32524032e+09,19488.010000000002,28.0,243836.0,0.0,243836.0,243836.0,1.0,0.0,0.0
2026-03-31 04:01:08,648,8.460322e+06,4.68830407e+08,1.82946991e+08,0.0,0.0,0.0,727333.0,66121.0,5847.0,9.324544e+07,1.32524032e+09,19488.03,28.0,243836.0,0.0,243836.0,243836.0,1.0,0.0,0.0
2026-03-31 04:01:20,648,8.460322e+06,4.68830407e+08,1.82946991e+08,0.0,0.0,0.0,727333.0,66121.0,5847.0,9.324544e+07,1.32524032e+09,19488.04,28.0,243836.0,0.0,243836.0,243836.0,1.0,0.0,0.0
2026-03-31 04:01:31,649,8.460322e+06,4.68830407e+08,1.82946991e+08,0.0,0.0,0.0,727333.0,66121.0,5847.0,9.324544e+07,1.32524032e+09,19488.06,28.0,243836.0,0.0,243836.0,243836.0,1.0,0.0,0.0
2026-03-31 04:01:43,649,8.460322e+06,4.68830407e+08,1.82946991e+08,0.0,0.0,0.0,727333.0,66121.0,5847.0,9.324544e+07,1.32524032e+09,19488.07,28.0,243836.0,0.0,243836.0,243836.0,1.0,0.0,0.0
2026-03-31 04:01:55,649,8.460322e+06,4.68830407e+08,1.82946991e+08,0.0,0.0,0.0,727333.0,66121.0,5847.0,9.324544e+07,1.32524032e+09,19488.09,28.0,243836.0,0.0,243836.0,243836.0,1.0,0.0,0.0
2026-03-31 04:02:07,649,8.460322e+06,4.68830407e+08,1.82946991e+08,0.0,0.0,0.0,727333.0,66121.0,5847.0,9.324544e+07,1.32524032e+09,19488.11,28.0,243836.0,0.0,243836.0,243836.0,1.0,0.0,0.0
2026-03-31 04:02:18,649,8.460322e+06,4.68830407e+08,1.82946991e+08,0.0,0.0,0.0,727333.0,66121.0,5847.0,9.324544e+07,1.32524032e+09,19488.120000000003,28.0,243836.0,0.0,243836.0,243836.0,1.0,0.0,0.0
2026-03-31 04:02:30,650,8.460322e+06,4.68830407e+08,1.82946991e+08,0.0,0.0,0.0,727333.0,66121.0,5847.0,9.324544e+07,1.32524032e+09,19488.14,28.0,243836.0,0.0,243836.0,243836.0,1.0,0.0,0.0
2026-03-31 04:02:42,650,8.460322e+06,4.68830407e+08,1.82946991e+08,0.0,0.0,0.0,727333.0,66121.0,5847.0,9.324544e+07,1.32524032e+09,19488.16,28.0,243836.0,0.0,243836.0,243836.0,1.0,0.0,0.0
2026-03-31 04:02:53,650,8.460322e+06,4.68830407e+08,1.82946991e+08,0.0,0.0,0.0,727333.0,66121.0,5847.0,9.324544e+07,1.32524032e+09,19488.179999999997,28.0,243836.0,0.0,243836.0,243836.0,1.0,0.0,0.0
2026-03-31 04:03:05,650,8.460322e+06,4.68830407e+08,1.82946991e+08,0.0,0.0,0.0,727333.0,66121.0,5847.0,9.3114368e+07,1.32524032e+09,19488.19,28.0,243836.0,0.0,243836.0,243836.0,1.0,0.0,0.0
2026-03-31 04:03:17,650,8.460322e+06,4.68830407e+08,1.82946991e+08,0.0,0.0,0.0,727333.0,66121.0,5847.0,9.3114368e+07,1.32524032e+09,19488.21,28.0,243836.0,0.0,243836.0,243836.0,1.0,0.0,0.0
2026-03-31 04:03:29,651,8.460322e+06,4.68830407e+08,1.82946991e+08,0.0,0.0,0.0,727333.0,66121.0,5847.0,9.3114368e+07,1.32524032e+09,19488.23,28.0,243836.0,0.0,243836.0,243836.0,1.0,0.0,0.0
2026-03-31 04:03:41,651,8.460322e+06,4.68830407e+08,1.82946991e+08,0.0,0.0,0.0,727333.0,66121.0,5847.0,9.3114368e+07,1.32524032e+09,19488.23,28.0,243836.0,0.0,243836.0,243836.0,1.0,0.0,0.0
2026-03-31 04:03:52,651,8.460322e+06,4.68830407e+08,1.82946991e+08,0.0,0.0,0.0,727333.0,66121.0,5847.0,9.3114368e+07,1.32524032e+09,19488.25,28.0,243836.0,0.0,243836.0,243836.0,1.0,0.0,0.0
2026-03-31 04:04:04,651,8.460322e+06,4.68830407e+08,1.82946991e+08,0.0,0.0,0.0,727333.0,66121.0,5847.0,9.3114368e+07,1.32524032e+09,19488.28,28.0,243836.0,0.0,243836.0,243836.0,1.0,0.0,0.0
2026-03-31 04:04:16,651,8.460322e+06,4.68830407e+08,1.82946991e+08,0.0,0.0,0.0,727333.0,66121.0,5847.0,9.3114368e+07,1.32524032e+09,19488.28,28.0,243836.0,0.0,243836.0,243836.0,1.0,0.0,0.0
2026-03-31 04:04:28,652,8.460322e+06,4.68830407e+08,1.82946991e+08,0.0,0.0,0.0,727333.0,66121.0,5847.0,9.3114368e+07,1.32524032e+09,19488.300000000003,28.0,243836.0,0.0,243836.0,243836.0,1.0,0.0,0.0
2026-03-31 04:04:39,652,8.460322e+06,4.68830407e+08,1.82946991e+08,0.0,0.0,0.0,727333.0,66121.0,5847.0,9.3114368e+07,1.32524032e+09,19488.31,28.0,243836.0,0.0,243836.0,243836.0,1.0,0.0,0.0
2026-03-31 04:04:51,652,8.460322e+06,4.68830407e+08,1.82946991e+08,0.0,0.0,0.0,727333.0,66121.0,5847.0,9.3114368e+07,1.32524032e+09,19488.34,28.0,243836.0,0.0,243836.0,243836.0,1.0,0.0,0.0
2026-03-31 04:05:03,652,8.460322e+06,4.68830407e+08,1.82946991e+08,0.0,0.0,0.0,727333.0,66121.0,5847.0,9.3114368e+07,1.32524032e+09,19488.36,28.0,243836.0,0.0,243836.0,243836.0,1.0,0.0,0.0
2026-03-31 04:05:14,652,8.460322e+06,4.68830407e+08,1.82946991e+08,0.0,0.0,0.0,727333.0,66121.0,5847.0,9.3114368e+07,1.32524032e+09,19488.370000000003,28.0,243836.0,0.0,243836.0,243836.0,1.0,0.0,0.0
2026-03-31 04:05:26,653,8.460322e+06,4.68830407e+08,1.82946991e+08,0.0,0.0,0.0,727333.0,66121.0,5847.0,9.3114368e+07,1.32524032e+09,19488.38,28.0,243836.0,0.0,243836.0,243836.0,1.0,0.0,0.0
2026-03-31 04:05:38,653,8.460322e+06,4.68830407e+08,1.82946991e+08,0.0,0.0,0.0,727333.0,66121.0,5847.0,9.3114368e+07,1.32524032e+09,19488.399999999998,28.0,243836.0,0.0,243836.0,243836.0,1.0,0.0,0.0
2026-03-31 04:05:50,653,8.460322e+06,4.68830407e+08,1.82946991e+08,0.0,0.0,0.0,727333.0,66121.0,5847.0,9.3114368e+07,1.32524032e+09,19488.42,28.0,243836.0,0.0,243836.0,243836.0,1.0,0.0,0.0
2026-03-31 04:06:01,653,8.460322e+06,4.68830407e+08,1.82946991e+08,0.0,0.0,0.0,727333.0,66121.0,5847.0,9.3114368e+07,1.32524032e+09,19488.440000000002,28.0,243836.0,0.0,243836.0,243836.0,1.0,0.0,0.0
2026-03-31 04:06:13,653,8.460322e+06,4.68830407e+08,1.82946991e+08,0.0,0.0,0.0,727333.0,66121.0,5847.0,9.3114368e+07,1.32524032e+09,19488.46,28.0,243836.0,0.0,243836.0,243836.0,1.0,0.0,0.0
2026-03-31 04:06:25,654,8.460322e+06,4.68830407e+08,1.82946991e+08,0.0,0.0,0.0,727333.0,66121.0,5847.0,9.3114368e+07,1.32524032e+09,19488.47,28.0,243836.0,0.0,243836.0,243836.0,1.0,0.0,0.0
2026-03-31 04:06:36,654,8.460322e+06,4.68830407e+08,1.82946991e+08,0.0,0.0,0.0,727333.0,66121.0,5847.0,9.3114368e+07,1.32524032e+09,19488.48,28.0,243836.0,0.0,243836.0,243836.0,1.0,0.0,0.0
2026-03-31 04:06:48,654,8.460322e+06,4.68830407e+08,1.82946991e+08,0.0,0.0,0.0,727333.0,66121.0,5847.0,9.3114368e+07,1.32524032e+09,19488.5,28.0,243836.0,0.0,243836.0,243836.0,1.0,0.0,0.0
2026-03-31 04:07:00,654,8.460322e+06,4.68830407e+08,1.82946991e+08,0.0,0.0,0.0,727333.0,66121.0,5847.0,9.3114368e+07,1.32524032e+09,19488.52,28.0,243836.0,0.0,243836.0,243836.0,1.0,0.0,0.0
2026-03-31 04:07:11,654,8.460322e+06,4.68830407e+08,1.82946991e+08,0.0,0.0,0.0,727333.0,66121.0,5847.0,9.3114368e+07,1.32524032e+09,19488.54,28.0,243836.0,0.0,243836.0,243836.0,1.0,0.0,0.0
2026-03-31 04:07:23,654,8.460322e+06,4.68830407e+08,1.82946991e+08,0.0,0.0,0.0,727333.0,66121.0,5847.0,9.3114368e+07,1.32524032e+09,19488.559999999998,28.0,243836.0,0.0,243836.0,243836.0,1.0,0.0,0.0
2026-03-31 04:07:35,655,8.460322e+06,4.68830407e+08,1.82946991e+08,0.0,0.0,0.0,727333.0,66121.0,5847.0,9.3114368e+07,1.32524032e+09,19488.57,28.0,243836.0,0.0,243836.0,243836.0,1.0,0.0,0.0
2026-03-31 04:07:47,655,8.460322e+06,4.68830407e+08,1.82946991e+08,0.0,0.0,0.0,727333.0,66121.0,5847.0,9.3114368e+07,1.32524032e+09,19488.59,28.0,243836.0,0.0,243836.0,243836.0,1.0,0.0,0.0
2026-03-31 04:07:58,655,8.460322e+06,4.68830407e+08,1.82946991e+08,0.0,0.0,0.0,727333.0,66121.0,5847.0,9.3114368e+07,1.32524032e+09,19488.6,28.0,243836.0,0.0,243836.0,243836.0,1.0,0.0,0.0
2026-03-31 04:08:10,655,8.460322e+06,4.68830407e+08,1.82946991e+08,0.0,0.0,0.0,727333.0,66121.0,5847.0,9.3114368e+07,1.32524032e+09,19488.62,28.0,243836.0,0.0,243836.0,243836.0,1.0,0.0,0.0
2026-03-31 04:08:22,655,8.460322e+06,4.68830407e+08,1.82946991e+08,0.0,0.0,0.0,727333.0,66121.0,5847.0,9.3114368e+07,1.32524032e+09,19488.64,28.0,243836.0,0.0,243836.0,243836.0,1.0,0.0,0.0
2026-03-31 04:08:33,656,8.460322e+06,4.68830407e+08,1.82946991e+08,0.0,0.0,0.0,727333.0,66121.0,5847.0,9.3114368e+07,1.32524032e+09,19488.66,28.0,243836.0,0.0,243836.0,243836.0,1.0,0.0,0.0
2026-03-31 04:08:45,656,8.460322e+06,4.68830407e+08,1.82946991e+08,0.0,0.0,0.0,727333.0,66121.0,5847.0,9.3114368e+07,1.32524032e+09,19488.67,28.0,243836.0,0.0,243836.0,243836.0,1.0,0.0,0.0
2026-03-31 04:08:57,656,8.460322e+06,4.68830407e+08,1.82946991e+08,0.0,0.0,0.0,727333.0,66121.0,5847.0,9.3114368e+07,1.32524032e+09,19488.68,28.0,243836.0,0.0,243836.0,243836.0,1.0,0.0,0.0
2026-03-31 04:09:09,656,8.460322e+06,4.68830407e+08,1.82946991e+08,0.0,0.0,0.0,727333.0,66121.0,5847.0,9.3114368e+07,1.32524032e+09,19488.710000000003,28.0,243836.0,0.0,243836.0,243836.0,1.0,0.0,0.0
2026-03-31 04:09:20,656,8.460322e+06,4.68830407e+08,1.82946991e+08,0.0,0.0,0.0,727333.0,66121.0,5847.0,9.3114368e+07,1.32524032e+09,19488.72,28.0,243836.0,0.0,243836.0,243836.0,1.0,0.0,0.0
2026-03-31 04:09:32,657,8.460322e+06,4.68830407e+08,1.82946991e+08,0.0,0.0,0.0,727333.0,66121.0,5847.0,9.3114368e+07,1.32524032e+09,19488.739999999998,28.0,243836.0,0.0,243836.0,243836.0,1.0,0.0,0.0
2026-03-31 04:09:44,657,8.460322e+06,4.68830407e+08,1.82946991e+08,0.0,0.0,0.0,727333.0,66121.0,5847.0,9.3114368e+07,1.32524032e+09,19488.76,28.0,243836.0,0.0,243836.0,243836.0,1.0,0.0,0.0
2026-03-31 04:09:56,657,8.460322e+06,4.68830407e+08,1.82946991e+08,0.0,0.0,0.0,727333.0,66121.0,5847.0,9.3114368e+07,1.32524032e+09,19488.77,28.0,243836.0,0.0,243836.0,243836.0,1.0,0.0,0.0
2026-03-31 04:10:07,657,8.460322e+06,4.68830407e+08,1.82946991e+08,0.0,0.0,0.0,727333.0,66121.0,5847.0,9.3114368e+07,1.32524032e+09,19488.79,28.0,243836.0,0.0,243836.0,243836.0,1.0,0.0,0.0
2026-03-31 04:10:19,657,8.460322e+06,4.68830407e+08,1.82946991e+08,0.0,0.0,0.0,727333.0,66121.0,5847.0,9.3114368e+07,1.32524032e+09,19488.800000000003,28.0,243836.0,0.0,243836.0,243836.0,1.0,0.0,0.0
2026-03-31 04:10:31,658,8.460322e+06,4.68830407e+08,1.82946991e+08,0.0,0.0,0.0,727333.0,66121.0,5847.0,9.3114368e+07,1.32524032e+09,19488.82,28.0,243836.0,0.0,243836.0,243836.0,1.0,0.0,0.0
2026-03-31 04:10:42,658,8.460322e+06,4.68830407e+08,1.82946991e+08,0.0,0.0,0.0,727333.0,66121.0,5847.0,9.3114368e+07,1.32524032e+09,19488.84,28.0,243836.0,0.0,243836.0,243836.0,1.0,0.0,0.0
2026-03-31 04:10:54,658,8.460322e+06,4.68830407e+08,1.82946991e+08,0.0,0.0,0.0,727333.0,66121.0,5847.0,9.3114368e+07,1.32524032e+09,19488.85,28.0,243836.0,0.0,243836.0,243836.0,1.0,0.0,0.0
2026-03-31 04:11:06,658,8.460322e+06,4.68830407e+08,1.82946991e+08,0.0,0.0,0.0,727333.0,66121.0,5847.0,9.3114368e+07,1.32524032e+09,19488.87,28.0,243836.0,0.0,243836.0,243836.0,1.0,0.0,0.0
2026-03-31 04:11:18,658,8.460322e+06,4.68830407e+08,1.82946991e+08,0.0,0.0,0.0,727333.0,66121.0,5847.0,9.3114368e+07,1.32524032e+09,19488.88,28.0,243836.0,0.0,243836.0,243836.0,1.0,0.0,0.0
2026-03-31 04:11:29,659,8.460322e+06,4.68830407e+08,1.82946991e+08,0.0,0.0,0.0,727333.0,66121.0,5847.0,9.3114368e+07,1.32524032e+09,19488.899999999998,28.0,243836.0,0.0,243836.0,243836.0,1.0,0.0,0.0
2026-03-31 04:11:41,659,8.460322e+06,4.68830407e+08,1.82946991e+08,0.0,0.0,0.0,727333.0,66121.0,5847.0,9.3114368e+07,1.32524032e+09,19488.91,28.0,243836.0,0.0,243836.0,243836.0,1.0,0.0,0.0
2026-03-31 04:11:53,659,8.460322e+06,4.68830407e+08,1.82946991e+08,0.0,0.0,0.0,727333.0,66121.0,5847.0,9.3114368e+07,1.32524032e+09,19488.93,28.0,243836.0,0.0,243836.0,243836.0,1.0,0.0,0.0
2026-03-31 04:12:04,659,8.460322e+06,4.68830407e+08,1.82946991e+08,0.0,0.0,0.0,727333.0,66121.0,5847.0,9.3114368e+07,1.32524032e+09,19488.940000000002,28.0,243836.0,0.0,243836.0,243836.0,1.0,0.0,0.0
2026-03-31 04:12:16,659,8.460322e+06,4.68830407e+08,1.82946991e+08,0.0,0.0,0.0,727333.0,66121.0,5847.0,9.3114368e+07,1.32524032e+09,19488.96,28.0,243836.0,0.0,243836.0,243836.0,1.0,0.0,0.0
2026-03-31 04:12:28,660,8.460322e+06,4.68830407e+08,1.82946991e+08,0.0,0.0,0.0,727333.0,66121.0,5847.0,9.3114368e+07,1.32524032e+09,19488.99,28.0,243836.0,0.0,243836.0,243836.0,1.0,0.0,0.0
2026-03-31 04:12:39,660,8.460322e+06,4.68830407e+08,1.82946991e+08,0.0,0.0,0.0,727333.0,66121.0,5847.0,9.3114368e+07,1.32524032e+09,19489.0,28.0,243836.0,0.0,243836.0,243836.0,1.0,0.0,0.0
2026-03-31 04:12:51,660,8.460322e+06,4.68830407e+08,1.82946991e+08,0.0,0.0,0.0,727333.0,66121.0,5847.0,9.3114368e+07,1.32524032e+09,19489.010000000002,28.0,243836.0,0.0,243836.0,243836.0,1.0,0.0,0.0
2026-03-31 04:13:03,660,8.460322e+06,4.68830407e+08,1.82946991e+08,0.0,0.0,0.0,727333.0,66121.0,5847.0,9.3114368e+07,1.32524032e+09,19489.04,28.0,243836.0,0.0,243836.0,243836.0,1.0,0.0,0.0
2026-03-31 04:13:14,660,8.460322e+06,4.68830407e+08,1.82946991e+08,0.0,0.0,0.0,727333.0,66121.0,5847.0,9.3114368e+07,1.32524032e+09,19489.05,28.0,243836.0,0.0,243836.0,243836.0,1.0,0.0,0.0
2026-03-31 04:13:26,661,8.460322e+06,4.68830407e+08,1.82946991e+08,0.0,0.0,0.0,727333.0,66121.0,5847.0,9.3114368e+07,1.32524032e+09,19489.07,28.0,243836.0,0.0,243836.0,243836.0,1.0,0.0,0.0
2026-03-31 04:13:38,661,8.460322e+06,4.68830407e+08,1.82946991e+08,0.0,0.0,0.0,727333.0,66121.0,5847.0,9.3114368e+07,1.32524032e+09,19489.09,28.0,243836.0,0.0,243836.0,243836.0,1.0,0.0,0.0
2026-03-31 04:13:49,661,8.460322e+06,4.68830407e+08,1.82946991e+08,0.0,0.0,0.0,727333.0,66121.0,5847.0,9.3114368e+07,1.32524032e+09,19489.1,28.0,243836.0,0.0,243836.0,243836.0,1.0,0.0,0.0
2026-03-31 04:14:01,661,8.460322e+06,4.68830407e+08,1.82946991e+08,0.0,0.0,0.0,727333.0,66121.0,5847.0,9.3114368e+07,1.32524032e+09,19489.12,28.0,243836.0,0.0,243836.0,243836.0,1.0,0.0,0.0
2026-03-31 04:14:13,661,8.460322e+06,4.68830407e+08,1.82946991e+08,0.0,0.0,0.0,727333.0,66121.0,5847.0,9.3114368e+07,1.32524032e+09,19489.14,28.0,243836.0,0.0,243836.0,243836.0,1.0,0.0,0.0
2026-03-31 04:14:25,662,8.460322e+06,4.68830407e+08,1.82946991e+08,0.0,0.0,0.0,727333.0,66121.0,5847.0,9.3114368e+07,1.32524032e+09,19489.15,28.0,243836.0,0.0,243836.0,243836.0,1.0,0.0,0.0
2026-03-31 04:14:37,662,8.460322e+06,4.68830407e+08,1.82946991e+08,0.0,0.0,0.0,727333.0,66121.0,5847.0,9.3114368e+07,1.32524032e+09,19489.17,28.0,243836.0,0.0,243836.0,243836.0,1.0,0.0,0.0
2026-03-31 04:14:48,662,8.460322e+06,4.68830407e+08,1.82946991e+08,0.0,0.0,0.0,727333.0,66121.0,5847.0,9.3114368e+07,1.32524032e+09,19489.190000000002,28.0,243836.0,0.0,243836.0,243836.0,1.0,0.0,0.0
2026-03-31 04:15:00,662,8.460322e+06,4.68830407e+08,1.82946991e+08,0.0,0.0,0.0,727333.0,66121.0,5847.0,9.3114368e+07,1.32524032e+09,19489.210000000003,28.0,243836.0,0.0,243836.0,243836.0,1.0,0.0,0.0
2026-03-31 04:15:12,662,8.460322e+06,4.68830407e+08,1.82946991e+08,0.0,0.0,0.0,727333.0,66121.0,5847.0,9.3114368e+07,1.32524032e+09,19489.22,28.0,243836.0,0.0,243836.0,243836.0,1.0,0.0,0.0
2026-03-31 04:15:23,662,8.460322e+06,4.68830407e+08,1.82946991e+08,0.0,0.0,0.0,727333.0,66121.0,5847.0,9.3114368e+07,1.32524032e+09,19489.23,28.0,243836.0,0.0,243836.0,243836.0,1.0,0.0,0.0
2026-03-31 04:15:35,663,8.460322e+06,4.68830407e+08,1.82946991e+08,0.0,0.0,0.0,727333.0,66121.0,5847.0,9.3114368e+07,1.32524032e+09,19489.25,28.0,243836.0,0.0,243836.0,243836.0,1.0,0.0,0.0
2026-03-31 04:15:47,663,8.460322e+06,4.68830407e+08,1.82946991e+08,0.0,0.0,0.0,727333.0,66121.0,5847.0,9.3114368e+07,1.32524032e+09,19489.27,28.0,243836.0,0.0,243836.0,243836.0,1.0,0.0,0.0
2026-03-31 04:15:59,663,8.460322e+06,4.68830407e+08,1.82946991e+08,0.0,0.0,0.0,727333.0,66121.0,5847.0,9.3114368e+07,1.32524032e+09,19489.29,28.0,243836.0,0.0,243836.0,243836.0,1.0,0.0,0.0
2026-03-31 04:16:10,663,8.460322e+06,4.68830407e+08,1.82946991e+08,0.0,0.0,0.0,727333.0,66121.0,5847.0,9.3114368e+07,1.32524032e+09,19489.300000000003,28.0,243836.0,0.0,243836.0,243836.0,1.0,0.0,0.0
2026-03-31 04:16:22,663,8.460322e+06,4.68830407e+08,1.82946991e+08,0.0,0.0,0.0,727333.0,66121.0,5847.0,9.3114368e+07,1.32524032e+09,19489.32,28.0,243836.0,0.0,243836.0,243836.0,1.0,0.0,0.0
2026-03-31 04:16:34,664,8.460322e+06,4.68830407e+08,1.82946991e+08,0.0,0.0,0.0,727333.0,66121.0,5847.0,9.3114368e+07,1.32524032e+09,19489.329999999998,28.0,243836.0,0.0,243836.0,243836.0,1.0,0.0,0.0
2026-03-31 04:16:46,664,8.460322e+06,4.68830407e+08,1.82946991e+08,0.0,0.0,0.0,727333.0,66121.0,5847.0,9.3114368e+07,1.32524032e+09,19489.35,28.0,243836.0,0.0,243836.0,243836.0,1.0,0.0,0.0
2026-03-31 04:16:57,664,8.460322e+06,4.68830407e+08,1.82946991e+08,0.0,0.0,0.0,727333.0,66121.0,5847.0,9.3114368e+07,1.32524032e+09,19489.370000000003,28.0,243836.0,0.0,243836.0,243836.0,1.0,0.0,0.0
2026-03-31 04:17:09,664,8.460322e+06,4.68830407e+08,1.82946991e+08,0.0,0.0,0.0,727333.0,66121.0,5847.0,9.3114368e+07,1.32524032e+09,19489.38,28.0,243836.0,0.0,243836.0,243836.0,1.0,0.0,0.0
2026-03-31 04:17:21,664,8.460322e+06,4.68830407e+08,1.82946991e+08,0.0,0.0,0.0,727333.0,66121.0,5847.0,9.3114368e+07,1.32524032e+09,19489.39,28.0,243836.0,0.0,243836.0,243836.0,1.0,0.0,0.0
2026-03-31 04:17:32,665,8.460322e+06,4.68830407e+08,1.82946991e+08,0.0,0.0,0.0,727333.0,66121.0,5847.0,9.3114368e+07,1.32524032e+09,19489.41,28.0,243836.0,0.0,243836.0,243836.0,1.0,0.0,0.0
2026-03-31 04:17:44,665,8.460322e+06,4.68830407e+08,1.82946991e+08,0.0,0.0,0.0,727333.0,66121.0,5847.0,9.3114368e+07,1.32524032e+09,19489.43,28.0,243836.0,0.0,243836.0,243836.0,1.0,0.0,0.0
2026-03-31 04:17:56,665,8.460322e+06,4.68830407e+08,1.82946991e+08,0.0,0.0,0.0,727333.0,66121.0,5847.0,9.3114368e+07,1.32524032e+09,19489.45,28.0,243836.0,0.0,243836.0,243836.0,1.0,0.0,0.0
2026-03-31 04:18:07,665,8.460322e+06,4.68830407e+08,1.82946991e+08,0.0,0.0,0.0,727333.0,66121.0,5847.0,9.3114368e+07,1.32524032e+09,19489.46,28.0,243836.0,0.0,243836.0,243836.0,1.0,0.0,0.0
2026-03-31 04:18:19,665,8.460322e+06,4.68830407e+08,1.82946991e+08,0.0,0.0,0.0,727333.0,66121.0,5847.0,9.3114368e+07,1.32524032e+09,19489.48,28.0,243836.0,0.0,243836.0,243836.0,1.0,0.0,0.0
2026-03-31 04:18:31,666,8.460322e+06,4.68830407e+08,1.82946991e+08,0.0,0.0,0.0,727333.0,66121.0,5847.0,9.3114368e+07,1.32524032e+09,19489.49,28.0,243836.0,0.0,243836.0,243836.0,1.0,0.0,0.0
2026-03-31 04:18:43,666,8.460322e+06,4.68830407e+08,1.82946991e+08,0.0,0.0,0.0,727333.0,66121.0,5847.0,9.3114368e+07,1.32524032e+09,19489.51,28.0,243836.0,0.0,243836.0,243836.0,1.0,0.0,0.0
2026-03-31 04:18:54,666,8.460322e+06,4.68830407e+08,1.82946991e+08,0.0,0.0,0.0,727333.0,66121.0,5847.0,9.3114368e+07,1.32524032e+09,19489.530000000002,28.0,243836.0,0.0,243836.0,243836.0,1.0,0.0,0.0
2026-03-31 04:19:06,666,8.460322e+06,4.68830407e+08,1.82946991e+08,0.0,0.0,0.0,727333.0,66121.0,5847.0,9.3114368e+07,1.32524032e+09,19489.54,28.0,243836.0,0.0,243836.0,243836.0,1.0,0.0,0.0
2026-03-31 04:19:18,666,8.460322e+06,4.68830407e+08,1.82946991e+08,0.0,0.0,0.0,727333.0,66121.0,5847.0,9.3114368e+07,1.32524032e+09,19489.550000000003,28.0,243836.0,0.0,243836.0,243836.0,1.0,0.0,0.0
2026-03-31 04:19:29,667,8.460322e+06,4.68830407e+08,1.82946991e+08,0.0,0.0,0.0,727333.0,66121.0,5847.0,9.3114368e+07,1.32524032e+09,19489.57,28.0,243836.0,0.0,243836.0,243836.0,1.0,0.0,0.0
2026-03-31 04:19:41,667,8.460322e+06,4.68830407e+08,1.82946991e+08,0.0,0.0,0.0,727333.0,66121.0,5847.0,9.3114368e+07,1.32524032e+09,19489.59,28.0,243836.0,0.0,243836.0,243836.0,1.0,0.0,0.0
2026-03-31 04:19:53,667,8.460322e+06,4.68830407e+08,1.82946991e+08,0.0,0.0,0.0,727333.0,66121.0,5847.0,9.3114368e+07,1.32524032e+09,19489.6,28.0,243836.0,0.0,243836.0,243836.0,1.0,0.0,0.0
2026-03-31 04:20:05,667,8.460322e+06,4.68830407e+08,1.82946991e+08,0.0,0.0,0.0,727333.0,66121.0,5847.0,9.3114368e+07,1.32524032e+09,19489.63,28.0,243836.0,0.0,243836.0,243836.0,1.0,0.0,0.0
2026-03-31 04:20:16,667,8.460322e+06,4.68830407e+08,1.82946991e+08,0.0,0.0,0.0,727333.0,66121.0,5847.0,9.3114368e+07,1.32524032e+09,19489.64,28.0,243836.0,0.0,243836.0,243836.0,1.0,0.0,0.0
2026-03-31 04:20:28,668,8.460322e+06,4.68830407e+08,1.82946991e+08,0.0,0.0,0.0,727333.0,66121.0,5847.0,9.3114368e+07,1.32524032e+09,19489.66,28.0,243836.0,0.0,243836.0,243836.0,1.0,0.0,0.0
2026-03-31 04:20:40,668,8.460322e+06,4.68830407e+08,1.82946991e+08,0.0,0.0,0.0,727333.0,66121.0,5847.0,9.3114368e+07,1.32524032e+09,19489.67,28.0,243836.0,0.0,243836.0,243836.0,1.0,0.0,0.0
2026-03-31 04:20:52,668,8.460322e+06,4.68830407e+08,1.82946991e+08,0.0,0.0,0.0,727333.0,66121.0,5847.0,9.3114368e+07,1.32524032e+09,19489.690000000002,28.0,243836.0,0.0,243836.0,243836.0,1.0,0.0,0.0
2026-03-31 04:21:03,668,8.460322e+06,4.68830407e+08,1.82946991e+08,0.0,0.0,0.0,727333.0,66121.0,5847.0,9.3114368e+07,1.32524032e+09,19489.71,28.0,243836.0,0.0,243836.0,243836.0,1.0,0.0,0.0
2026-03-31 04:21:15,668,8.460322e+06,4.68830407e+08,1.82946991e+08,0.0,0.0,0.0,727333.0,66121.0,5847.0,9.3114368e+07,1.32524032e+09,19489.719999999998,28.0,243836.0,0.0,243836.0,243836.0,1.0,0.0,0.0
2026-03-31 04:21:27,669,8.460322e+06,4.68830407e+08,1.82946991e+08,0.0,0.0,0.0,727333.0,66121.0,5847.0,9.3114368e+07,1.32524032e+09,19489.74,28.0,243836.0,0.0,243836.0,243836.0,1.0,0.0,0.0
2026-03-31 04:21:39,669,8.460322e+06,4.68830407e+08,1.82946991e+08,0.0,0.0,0.0,727333.0,66121.0,5847.0,9.3114368e+07,1.32524032e+09,19489.75,28.0,243836.0,0.0,243836.0,243836.0,1.0,0.0,0.0
2026-03-31 04:21:50,669,8.460322e+06,4.68830407e+08,1.82946991e+08,0.0,0.0,0.0,727333.0,66121.0,5847.0,9.3114368e+07,1.32524032e+09,19489.77,28.0,243836.0,0.0,243836.0,243836.0,1.0,0.0,0.0
2026-03-31 04:22:02,669,8.460322e+06,4.68830407e+08,1.82946991e+08,0.0,0.0,0.0,727333.0,66121.0,5847.0,9.3114368e+07,1.32524032e+09,19489.780000000002,28.0,243836.0,0.0,243836.0,243836.0,1.0,0.0,0.0
2026-03-31 04:22:14,669,8.460322e+06,4.68830407e+08,1.82946991e+08,0.0,0.0,0.0,727333.0,66121.0,5847.0,9.3114368e+07,1.32524032e+09,19489.81,28.0,243836.0,0.0,243836.0,243836.0,1.0,0.0,0.0
2026-03-31 04:22:25,670,8.460322e+06,4.68830407e+08,1.82946991e+08,0.0,0.0,0.0,727333.0,66121.0,5847.0,9.3114368e+07,1.32524032e+09,19489.82,28.0,243836.0,0.0,243836.0,243836.0,1.0,0.0,0.0
2026-03-31 04:22:37,670,8.460322e+06,4.68830407e+08,1.82946991e+08,0.0,0.0,0.0,727333.0,66121.0,5847.0,9.3114368e+07,1.32524032e+09,19489.84,28.0,243836.0,0.0,243836.0,243836.0,1.0,0.0,0.0
2026-03-31 04:22:49,670,8.460322e+06,4.68830407e+08,1.82946991e+08,0.0,0.0,0.0,727333.0,66121.0,5847.0,9.3114368e+07,1.32524032e+09,19489.85,28.0,243836.0,0.0,243836.0,243836.0,1.0,0.0,0.0
2026-03-31 04:23:01,670,8.460322e+06,4.68830407e+08,1.82946991e+08,0.0,0.0,0.0,727333.0,66121.0,5847.0,9.3114368e+07,1.32524032e+09,19489.87,28.0,243836.0,0.0,243836.0,243836.0,1.0,0.0,0.0
2026-03-31 04:23:12,670,8.460322e+06,4.68830407e+08,1.82946991e+08,0.0,0.0,0.0,727333.0,66121.0,5847.0,9.3114368e+07,1.32524032e+09,19489.89,28.0,243836.0,0.0,243836.0,243836.0,1.0,0.0,0.0
2026-03-31 04:23:24,670,8.460322e+06,4.68830407e+08,1.82946991e+08,0.0,0.0,0.0,727333.0,66121.0,5847.0,9.3114368e+07,1.32524032e+09,19489.9,28.0,243836.0,0.0,243836.0,243836.0,1.0,0.0,0.0
2026-03-31 04:23:36,671,8.460322e+06,4.68830407e+08,1.82946991e+08,0.0,0.0,0.0,727333.0,66121.0,5847.0,9.3114368e+07,1.32524032e+09,19489.92,28.0,243836.0,0.0,243836.0,243836.0,1.0,0.0,0.0
2026-03-31 04:23:47,671,8.460322e+06,4.68830407e+08,1.82946991e+08,0.0,0.0,0.0,727333.0,66121.0,5847.0,9.3114368e+07,1.32524032e+09,19489.940000000002,28.0,243836.0,0.0,243836.0,243836.0,1.0,0.0,0.0
2026-03-31 04:23:59,671,8.460322e+06,4.68830407e+08,1.82946991e+08,0.0,0.0,0.0,727333.0,66121.0,5847.0,9.3114368e+07,1.32524032e+09,19489.960000000003,28.0,243836.0,0.0,243836.0,243836.0,1.0,0.0,0.0
2026-03-31 04:24:11,671,8.460322e+06,4.68830407e+08,1.82946991e+08,0.0,0.0,0.0,727333.0,66121.0,5847.0,9.3114368e+07,1.32524032e+09,19489.97,28.0,243836.0,0.0,243836.0,243836.0,1.0,0.0,0.0
2026-03-31 04:24:23,671,8.460322e+06,4.68830407e+08,1.82946991e+08,0.0,0.0,0.0,727333.0,66121.0,5847.0,9.3114368e+07,1.32524032e+09,19489.99,28.0,243836.0,0.0,243836.0,243836.0,1.0,0.0,0.0
2026-03-31 04:24:34,672,8.460322e+06,4.68830407e+08,1.82946991e+08,0.0,0.0,0.0,727333.0,66121.0,5847.0,9.3114368e+07,1.32524032e+09,19490.010000000002,28.0,243836.0,0.0,243836.0,243836.0,1.0,0.0,0.0
2026-03-31 04:24:46,672,8.460322e+06,4.68830407e+08,1.82946991e+08,0.0,0.0,0.0,727333.0,66121.0,5847.0,9.3114368e+07,1.32524032e+09,19490.03,28.0,243836.0,0.0,243836.0,243836.0,1.0,0.0,0.0
2026-03-31 04:24:58,672,8.460322e+06,4.68830407e+08,1.82946991e+08,0.0,0.0,0.0,727333.0,66121.0,5847.0,9.3114368e+07,1.32524032e+09,19490.04,28.0,243836.0,0.0,243836.0,243836.0,1.0,0.0,0.0
2026-03-31 04:25:10,672,8.460322e+06,4.68830407e+08,1.82946991e+08,0.0,0.0,0.0,727333.0,66121.0,5847.0,9.3114368e+07,1.32524032e+09,19490.06,28.0,243836.0,0.0,243836.0,243836.0,1.0,0.0,0.0
2026-03-31 04:25:22,672,8.460322e+06,4.68830407e+08,1.82946991e+08,0.0,0.0,0.0,727333.0,66121.0,5847.0,9.3114368e+07,1.32524032e+09,19490.07,28.0,243836.0,0.0,243836.0,243836.0,1.0,0.0,0.0
2026-03-31 04:25:33,673,8.460322e+06,4.68830407e+08,1.82946991e+08,0.0,0.0,0.0,727333.0,66121.0,5847.0,9.3114368e+07,1.32524032e+09,19490.089999999997,28.0,243836.0,0.0,243836.0,243836.0,1.0,0.0,0.0
2026-03-31 04:25:45,673,8.460322e+06,4.68830407e+08,1.82946991e+08,0.0,0.0,0.0,727333.0,66121.0,5847.0,9.3114368e+07,1.32524032e+09,19490.11,28.0,243836.0,0.0,243836.0,243836.0,1.0,0.0,0.0
2026-03-31 04:25:57,673,8.460322e+06,4.68830407e+08,1.82946991e+08,0.0,0.0,0.0,727333.0,66121.0,5847.0,9.3114368e+07,1.32524032e+09,19490.12,28.0,243836.0,0.0,243836.0,243836.0,1.0,0.0,0.0
2026-03-31 04:26:09,673,8.460322e+06,4.68830407e+08,1.82946991e+08,0.0,0.0,0.0,727333.0,66121.0,5847.0,9.3114368e+07,1.32524032e+09,19490.14,28.0,243836.0,0.0,243836.0,243836.0,1.0,0.0,0.0
2026-03-31 04:26:20,673,8.460322e+06,4.68830407e+08,1.82946991e+08,0.0,0.0,0.0,727333.0,66121.0,5847.0,9.3114368e+07,1.32524032e+09,19490.16,28.0,243836.0,0.0,243836.0,243836.0,1.0,0.0,0.0
2026-03-31 04:26:32,674,8.460322e+06,4.68830407e+08,1.82946991e+08,0.0,0.0,0.0,727333.0,66121.0,5847.0,9.3114368e+07,1.32524032e+09,19490.170000000002,28.0,243836.0,0.0,243836.0,243836.0,1.0,0.0,0.0
2026-03-31 04:26:44,674,8.460322e+06,4.68830407e+08,1.82946991e+08,0.0,0.0,0.0,727333.0,66121.0,5847.0,9.3114368e+07,1.32524032e+09,19490.19,28.0,243836.0,0.0,243836.0,243836.0,1.0,0.0,0.0
2026-03-31 04:26:56,674,8.460322e+06,4.68830407e+08,1.82946991e+08,0.0,0.0,0.0,727333.0,66121.0,5847.0,9.3114368e+07,1.32524032e+09,19490.2,28.0,243836.0,0.0,243836.0,243836.0,1.0,0.0,0.0
2026-03-31 04:27:07,674,8.460322e+06,4.68830407e+08,1.82946991e+08,0.0,0.0,0.0,727333.0,66121.0,5847.0,9.3114368e+07,1.32524032e+09,19490.22,28.0,243836.0,0.0,243836.0,243836.0,1.0,0.0,0.0
2026-03-31 04:27:19,674,8.460322e+06,4.68830407e+08,1.82946991e+08,0.0,0.0,0.0,727333.0,66121.0,5847.0,9.3114368e+07,1.32524032e+09,19490.239999999998,28.0,243836.0,0.0,243836.0,243836.0,1.0,0.0,0.0
2026-03-31 04:27:31,675,8.460322e+06,4.68830407e+08,1.82946991e+08,0.0,0.0,0.0,727333.0,66121.0,5847.0,9.3114368e+07,1.32524032e+09,19490.260000000002,28.0,243836.0,0.0,243836.0,243836.0,1.0,0.0,0.0
2026-03-31 04:27:43,675,8.460322e+06,4.68830407e+08,1.82946991e+08,0.0,0.0,0.0,727333.0,66121.0,5847.0,9.3114368e+07,1.32524032e+09,19490.27,28.0,243836.0,0.0,243836.0,243836.0,1.0,0.0,0.0
2026-03-31 04:27:54,675,8.460322e+06,4.68830407e+08,1.82946991e+08,0.0,0.0,0.0,727333.0,66121.0,5847.0,9.3114368e+07,1.32524032e+09,19490.29,28.0,243836.0,0.0,243836.0,243836.0,1.0,0.0,0.0
2026-03-31 04:28:06,675,8.460322e+06,4.68830407e+08,1.82946991e+08,0.0,0.0,0.0,727333.0,66121.0,5847.0,9.3114368e+07,1.32524032e+09,19490.309999999998,28.0,243836.0,0.0,243836.0,243836.0,1.0,0.0,0.0
2026-03-31 04:28:18,675,8.460322e+06,4.68830407e+08,1.82946991e+08,0.0,0.0,0.0,727333.0,66121.0,5847.0,9.3114368e+07,1.32524032e+09,19490.32,28.0,243836.0,0.0,243836.0,243836.0,1.0,0.0,0.0
2026-03-31 04:28:30,676,8.460322e+06,4.68830407e+08,1.82946991e+08,0.0,0.0,0.0,727333.0,66121.0,5847.0,9.3114368e+07,1.32524032e+09,19490.350000000002,28.0,243836.0,0.0,243836.0,243836.0,1.0,0.0,0.0
2026-03-31 04:28:41,676,8.460322e+06,4.68830407e+08,1.82946991e+08,0.0,0.0,0.0,727333.0,66121.0,5847.0,9.3114368e+07,1.32524032e+09,19490.36,28.0,243836.0,0.0,243836.0,243836.0,1.0,0.0,0.0
2026-03-31 04:28:53,676,8.460322e+06,4.68830407e+08,1.82946991e+08,0.0,0.0,0.0,727333.0,66121.0,5847.0,9.3114368e+07,1.32524032e+09,19490.37,28.0,243836.0,0.0,243836.0,243836.0,1.0,0.0,0.0
2026-03-31 04:29:05,676,8.460322e+06,4.68830407e+08,1.82946991e+08,0.0,0.0,0.0,727333.0,66121.0,5847.0,9.3114368e+07,1.32524032e+09,19490.39,28.0,243836.0,0.0,243836.0,243836.0,1.0,0.0,0.0
2026-03-31 04:29:17,676,8.460322e+06,4.68830407e+08,1.82946991e+08,0.0,0.0,0.0,727333.0,66121.0,5847.0,9.3114368e+07,1.32524032e+09,19490.399999999998,28.0,243836.0,0.0,243836.0,243836.0,1.0,0.0,0.0
2026-03-31 04:29:28,677,8.460322e+06,4.68830407e+08,1.82946991e+08,0.0,0.0,0.0,727333.0,66121.0,5847.0,9.3114368e+07,1.32524032e+09,19490.43,28.0,243836.0,0.0,243836.0,243836.0,1.0,0.0,0.0
2026-03-31 04:29:40,677,8.460322e+06,4.68830407e+08,1.82946991e+08,0.0,0.0,0.0,727333.0,66121.0,5847.0,9.3114368e+07,1.32524032e+09,19490.44,28.0,243836.0,0.0,243836.0,243836.0,1.0,0.0,0.0
2026-03-31 04:29:52,677,8.460322e+06,4.68830407e+08,1.82946991e+08,0.0,0.0,0.0,727333.0,66121.0,5847.0,9.3114368e+07,1.32524032e+09,19490.460000000003,28.0,243836.0,0.0,243836.0,243836.0,1.0,0.0,0.0
2026-03-31 04:30:03,677,8.460322e+06,4.68830407e+08,1.82946991e+08,0.0,0.0,0.0,727333.0,66121.0,5847.0,9.3114368e+07,1.32524032e+09,19490.48,28.0,243836.0,0.0,243836.0,243836.0,1.0,0.0,0.0
2026-03-31 04:30:15,677,8.460322e+06,4.68830407e+08,1.82946991e+08,0.0,0.0,0.0,727333.0,66121.0,5847.0,9.3114368e+07,1.32524032e+09,19490.5,28.0,243836.0,0.0,243836.0,243836.0,1.0,0.0,0.0
2026-03-31 04:30:27,678,8.460322e+06,4.68830407e+08,1.82946991e+08,0.0,0.0,0.0,727333.0,66121.0,5847.0,9.3114368e+07,1.32524032e+09,19490.519999999997,28.0,243836.0,0.0,243836.0,243836.0,1.0,0.0,0.0
2026-03-31 04:30:38,678,8.460322e+06,4.68830407e+08,1.82946991e+08,0.0,0.0,0.0,727333.0,66121.0,5847.0,9.3114368e+07,1.32524032e+09,19490.519999999997,28.0,243836.0,0.0,243836.0,243836.0,1.0,0.0,0.0
2026-03-31 04:30:50,678,8.460322e+06,4.68830407e+08,1.82946991e+08,0.0,0.0,0.0,727333.0,66121.0,5847.0,9.3114368e+07,1.32524032e+09,19490.55,28.0,243836.0,0.0,243836.0,243836.0,1.0,0.0,0.0
2026-03-31 04:31:02,678,8.460322e+06,4.68830407e+08,1.82946991e+08,0.0,0.0,0.0,727333.0,66121.0,5847.0,9.3114368e+07,1.32524032e+09,19490.56,28.0,243836.0,0.0,243836.0,243836.0,1.0,0.0,0.0
2026-03-31 04:31:14,678,8.460322e+06,4.68830407e+08,1.82946991e+08,0.0,0.0,0.0,727333.0,66121.0,5847.0,9.3114368e+07,1.32524032e+09,19490.579999999998,28.0,243836.0,0.0,243836.0,243836.0,1.0,0.0,0.0
2026-03-31 04:31:25,679,8.460322e+06,4.68830407e+08,1.82946991e+08,0.0,0.0,0.0,727333.0,66121.0,5847.0,9.3114368e+07,1.32524032e+09,19490.600000000002,28.0,243836.0,0.0,243836.0,243836.0,1.0,0.0,0.0
2026-03-31 04:31:37,679,8.460322e+06,4.68830407e+08,1.82946991e+08,0.0,0.0,0.0,727333.0,66121.0,5847.0,9.3114368e+07,1.32524032e+09,19490.61,28.0,243836.0,0.0,243836.0,243836.0,1.0,0.0,0.0
2026-03-31 04:31:49,679,8.460322e+06,4.68830407e+08,1.82946991e+08,0.0,0.0,0.0,727333.0,66121.0,5847.0,9.3114368e+07,1.32524032e+09,19490.629999999997,28.0,243836.0,0.0,243836.0,243836.0,1.0,0.0,0.0
2026-03-31 04:32:01,679,8.460322e+06,4.68830407e+08,1.82946991e+08,0.0,0.0,0.0,727333.0,66121.0,5847.0,9.3114368e+07,1.32524032e+09,19490.64,28.0,243836.0,0.0,243836.0,243836.0,1.0,0.0,0.0
2026-03-31 04:32:12,679,8.460322e+06,4.68830407e+08,1.82946991e+08,0.0,0.0,0.0,727333.0,66121.0,5847.0,9.3114368e+07,1.32524032e+09,19490.670000000002,28.0,243836.0,0.0,243836.0,243836.0,1.0,0.0,0.0
2026-03-31 04:32:24,679,8.460322e+06,4.68830407e+08,1.82946991e+08,0.0,0.0,0.0,727333.0,66121.0,5847.0,9.3114368e+07,1.32524032e+09,19490.68,28.0,243836.0,0.0,243836.0,243836.0,1.0,0.0,0.0
2026-03-31 04:32:36,680,8.460322e+06,4.68830407e+08,1.82946991e+08,0.0,0.0,0.0,727333.0,66121.0,5847.0,9.3114368e+07,1.32524032e+09,19490.7,28.0,243836.0,0.0,243836.0,243836.0,1.0,0.0,0.0
2026-03-31 04:32:48,680,8.460322e+06,4.68830407e+08,1.82946991e+08,0.0,0.0,0.0,727333.0,66121.0,5847.0,9.3114368e+07,1.32524032e+09,19490.72,28.0,243836.0,0.0,243836.0,243836.0,1.0,0.0,0.0
2026-03-31 04:32:59,680,8.460322e+06,4.68830407e+08,1.82946991e+08,0.0,0.0,0.0,727333.0,66121.0,5847.0,9.3114368e+07,1.32524032e+09,19490.730000000003,28.0,243836.0,0.0,243836.0,243836.0,1.0,0.0,0.0
2026-03-31 04:33:11,680,8.460322e+06,4.68830407e+08,1.82946991e+08,0.0,0.0,0.0,727333.0,66121.0,5847.0,9.3114368e+07,1.32524032e+09,19490.75,28.0,243836.0,0.0,243836.0,243836.0,1.0,0.0,0.0
2026-03-31 04:33:23,680,8.460322e+06,4.68830407e+08,1.82946991e+08,0.0,0.0,0.0,727333.0,66121.0,5847.0,9.3114368e+07,1.32524032e+09,19490.769999999997,28.0,243836.0,0.0,243836.0,243836.0,1.0,0.0,0.0
2026-03-31 04:33:34,681,8.460322e+06,4.68830407e+08,1.82946991e+08,0.0,0.0,0.0,727333.0,66121.0,5847.0,9.3114368e+07,1.32524032e+09,19490.78,28.0,243836.0,0.0,243836.0,243836.0,1.0,0.0,0.0
2026-03-31 04:33:46,681,8.460322e+06,4.68830407e+08,1.82946991e+08,0.0,0.0,0.0,727333.0,66121.0,5847.0,9.3114368e+07,1.32524032e+09,19490.8,28.0,243836.0,0.0,243836.0,243836.0,1.0,0.0,0.0
2026-03-31 04:33:58,681,8.460322e+06,4.68830407e+08,1.82946991e+08,0.0,0.0,0.0,727333.0,66121.0,5847.0,9.3114368e+07,1.32524032e+09,19490.82,28.0,243836.0,0.0,243836.0,243836.0,1.0,0.0,0.0
2026-03-31 04:34:10,681,8.460322e+06,4.68830407e+08,1.82946991e+08,0.0,0.0,0.0,727333.0,66121.0,5847.0,9.3114368e+07,1.32524032e+09,19490.829999999998,28.0,243836.0,0.0,243836.0,243836.0,1.0,0.0,0.0
2026-03-31 04:34:21,681,8.460322e+06,4.68830407e+08,1.82946991e+08,0.0,0.0,0.0,727333.0,66121.0,5847.0,9.3114368e+07,1.32524032e+09,19490.850000000002,28.0,243836.0,0.0,243836.0,243836.0,1.0,0.0,0.0
2026-03-31 04:34:33,682,8.460322e+06,4.68830407e+08,1.82946991e+08,0.0,0.0,0.0,727333.0,66121.0,5847.0,9.3114368e+07,1.32524032e+09,19490.87,28.0,243836.0,0.0,243836.0,243836.0,1.0,0.0,0.0
2026-03-31 04:34:45,682,8.460322e+06,4.68830407e+08,1.82946991e+08,0.0,0.0,0.0,727333.0,66121.0,5847.0,9.3114368e+07,1.32524032e+09,19490.879999999997,28.0,243836.0,0.0,243836.0,243836.0,1.0,0.0,0.0
2026-03-31 04:34:56,682,8.460322e+06,4.68830407e+08,1.82946991e+08,0.0,0.0,0.0,727333.0,66121.0,5847.0,9.3114368e+07,1.32524032e+09,19490.899999999998,28.0,243836.0,0.0,243836.0,243836.0,1.0,0.0,0.0
2026-03-31 04:35:08,682,8.460322e+06,4.68830407e+08,1.82946991e+08,0.0,0.0,0.0,727333.0,66121.0,5847.0,9.3114368e+07,1.32524032e+09,19490.920000000002,28.0,243836.0,0.0,243836.0,243836.0,1.0,0.0,0.0
2026-03-31 04:35:20,682,8.460322e+06,4.68830407e+08,1.82946991e+08,0.0,0.0,0.0,727333.0,66121.0,5847.0,9.3114368e+07,1.32524032e+09,19490.93,28.0,243836.0,0.0,243836.0,243836.0,1.0,0.0,0.0
2026-03-31 04:35:32,683,8.460322e+06,4.68830407e+08,1.82946991e+08,0.0,0.0,0.0,727333.0,66121.0,5847.0,9.3114368e+07,1.32524032e+09,19490.95,28.0,243836.0,0.0,243836.0,243836.0,1.0,0.0,0.0
2026-03-31 04:35:43,683,8.460322e+06,4.68830407e+08,1.82946991e+08,0.0,0.0,0.0,727333.0,66121.0,5847.0,9.3114368e+07,1.32524032e+09,19490.97,28.0,243836.0,0.0,243836.0,243836.0,1.0,0.0,0.0
2026-03-31 04:35:55,683,8.460322e+06,4.68830407e+08,1.82946991e+08,0.0,0.0,0.0,727333.0,66121.0,5847.0,9.3114368e+07,1.32524032e+09,19490.99,28.0,243836.0,0.0,243836.0,243836.0,1.0,0.0,0.0
2026-03-31 04:36:07,683,8.460322e+06,4.68830407e+08,1.82946991e+08,0.0,0.0,0.0,727333.0,66121.0,5847.0,9.3114368e+07,1.32524032e+09,19491.01,28.0,243836.0,0.0,243836.0,243836.0,1.0,0.0,0.0
2026-03-31 04:36:19,683,8.460322e+06,4.68830407e+08,1.82946991e+08,0.0,0.0,0.0,727333.0,66121.0,5847.0,9.3114368e+07,1.32524032e+09,19491.019999999997,28.0,243836.0,0.0,243836.0,243836.0,1.0,0.0,0.0
2026-03-31 04:36:30,684,8.460322e+06,4.68830407e+08,1.82946991e+08,0.0,0.0,0.0,727333.0,66121.0,5847.0,9.3114368e+07,1.32524032e+09,19491.03,28.0,243836.0,0.0,243836.0,243836.0,1.0,0.0,0.0
2026-03-31 04:36:42,684,8.460322e+06,4.68830407e+08,1.82946991e+08,0.0,0.0,0.0,727333.0,66121.0,5847.0,9.3114368e+07,1.32524032e+09,19491.05,28.0,243836.0,0.0,243836.0,243836.0,1.0,0.0,0.0
2026-03-31 04:36:54,684,8.460322e+06,4.68830407e+08,1.82946991e+08,0.0,0.0,0.0,727333.0,66121.0,5847.0,9.3114368e+07,1.32524032e+09,19491.08,28.0,243836.0,0.0,243836.0,243836.0,1.0,0.0,0.0
2026-03-31 04:37:05,684,8.460322e+06,4.68830407e+08,1.82946991e+08,0.0,0.0,0.0,727333.0,66121.0,5847.0,9.3114368e+07,1.32524032e+09,19491.09,28.0,243836.0,0.0,243836.0,243836.0,1.0,0.0,0.0
2026-03-31 04:37:17,684,8.460322e+06,4.68830407e+08,1.82946991e+08,0.0,0.0,0.0,727333.0,66121.0,5847.0,9.3114368e+07,1.32524032e+09,19491.11,28.0,243836.0,0.0,243836.0,243836.0,1.0,0.0,0.0
2026-03-31 04:37:29,685,8.460322e+06,4.68830407e+08,1.82946991e+08,0.0,0.0,0.0,727333.0,66121.0,5847.0,9.3114368e+07,1.32524032e+09,19491.12,28.0,243836.0,0.0,243836.0,243836.0,1.0,0.0,0.0
2026-03-31 04:37:41,685,8.460322e+06,4.68830407e+08,1.82946991e+08,0.0,0.0,0.0,727333.0,66121.0,5847.0,9.3114368e+07,1.32524032e+09,19491.140000000003,28.0,243836.0,0.0,243836.0,243836.0,1.0,0.0,0.0
2026-03-31 04:37:52,685,8.460322e+06,4.68830407e+08,1.82946991e+08,0.0,0.0,0.0,727333.0,66121.0,5847.0,9.3114368e+07,1.32524032e+09,19491.15,28.0,243836.0,0.0,243836.0,243836.0,1.0,0.0,0.0
2026-03-31 04:38:04,685,8.460322e+06,4.68830407e+08,1.82946991e+08,0.0,0.0,0.0,727333.0,66121.0,5847.0,9.3114368e+07,1.32524032e+09,19491.17,28.0,243836.0,0.0,243836.0,243836.0,1.0,0.0,0.0
2026-03-31 04:38:16,685,8.460322e+06,4.68830407e+08,1.82946991e+08,0.0,0.0,0.0,727333.0,66121.0,5847.0,9.3114368e+07,1.32524032e+09,19491.18,28.0,243836.0,0.0,243836.0,243836.0,1.0,0.0,0.0
2026-03-31 04:38:28,686,8.460322e+06,4.68830407e+08,1.82946991e+08,0.0,0.0,0.0,727333.0,66121.0,5847.0,9.3114368e+07,1.32524032e+09,19491.199999999997,28.0,243836.0,0.0,243836.0,243836.0,1.0,0.0,0.0
2026-03-31 04:38:39,686,8.460322e+06,4.68830407e+08,1.82946991e+08,0.0,0.0,0.0,727333.0,66121.0,5847.0,9.3114368e+07,1.32524032e+09,19491.22,28.0,243836.0,0.0,243836.0,243836.0,1.0,0.0,0.0
2026-03-31 04:38:51,686,8.460322e+06,4.68830407e+08,1.82946991e+08,0.0,0.0,0.0,727333.0,66121.0,5847.0,9.3114368e+07,1.32524032e+09,19491.239999999998,28.0,243836.0,0.0,243836.0,243836.0,1.0,0.0,0.0
2026-03-31 04:39:03,686,8.460322e+06,4.68830407e+08,1.82946991e+08,0.0,0.0,0.0,727333.0,66121.0,5847.0,9.3114368e+07,1.32524032e+09,19491.25,28.0,243836.0,0.0,243836.0,243836.0,1.0,0.0,0.0
2026-03-31 04:39:15,686,8.460322e+06,4.68830407e+08,1.82946991e+08,0.0,0.0,0.0,727333.0,66121.0,5847.0,9.3114368e+07,1.32524032e+09,19491.27,28.0,243836.0,0.0,243836.0,243836.0,1.0,0.0,0.0
2026-03-31 04:39:27,687,8.460322e+06,4.68830407e+08,1.82946991e+08,0.0,0.0,0.0,727333.0,66121.0,5847.0,9.3114368e+07,1.32524032e+09,19491.29,28.0,243836.0,0.0,243836.0,243836.0,1.0,0.0,0.0
2026-03-31 04:39:38,687,8.460322e+06,4.68830407e+08,1.82946991e+08,0.0,0.0,0.0,727333.0,66121.0,5847.0,9.3114368e+07,1.32524032e+09,19491.309999999998,28.0,243836.0,0.0,243836.0,243836.0,1.0,0.0,0.0
2026-03-31 04:39:50,687,8.460322e+06,4.68830407e+08,1.82946991e+08,0.0,0.0,0.0,727333.0,66121.0,5847.0,9.3114368e+07,1.32524032e+09,19491.32,28.0,243836.0,0.0,243836.0,243836.0,1.0,0.0,0.0
2026-03-31 04:40:02,687,8.460322e+06,4.68830407e+08,1.82946991e+08,0.0,0.0,0.0,727333.0,66121.0,5847.0,9.3114368e+07,1.32524032e+09,19491.33,28.0,243836.0,0.0,243836.0,243836.0,1.0,0.0,0.0
2026-03-31 04:40:14,687,8.460322e+06,4.68830407e+08,1.82946991e+08,0.0,0.0,0.0,727333.0,66121.0,5847.0,9.3114368e+07,1.32524032e+09,19491.35,28.0,243836.0,0.0,243836.0,243836.0,1.0,0.0,0.0
2026-03-31 04:40:25,688,8.460322e+06,4.68830407e+08,1.82946991e+08,0.0,0.0,0.0,727333.0,66121.0,5847.0,9.3114368e+07,1.32524032e+09,19491.38,28.0,243836.0,0.0,243836.0,243836.0,1.0,0.0,0.0
2026-03-31 04:40:37,688,8.460322e+06,4.68830407e+08,1.82946991e+08,0.0,0.0,0.0,727333.0,66121.0,5847.0,9.3114368e+07,1.32524032e+09,19491.390000000003,28.0,243836.0,0.0,243836.0,243836.0,1.0,0.0,0.0
2026-03-31 04:40:49,688,8.460322e+06,4.68830407e+08,1.82946991e+08,0.0,0.0,0.0,727333.0,66121.0,5847.0,9.3114368e+07,1.32524032e+09,19491.4,28.0,243836.0,0.0,243836.0,243836.0,1.0,0.0,0.0
2026-03-31 04:41:01,688,8.460322e+06,4.68830407e+08,1.82946991e+08,0.0,0.0,0.0,727333.0,66121.0,5847.0,9.3114368e+07,1.32524032e+09,19491.42,28.0,243836.0,0.0,243836.0,243836.0,1.0,0.0,0.0
2026-03-31 04:41:12,688,8.460322e+06,4.68830407e+08,1.82946991e+08,0.0,0.0,0.0,727333.0,66121.0,5847.0,9.3114368e+07,1.32524032e+09,19491.440000000002,28.0,243836.0,0.0,243836.0,243836.0,1.0,0.0,0.0
2026-03-31 04:41:24,688,8.460322e+06,4.68830407e+08,1.82946991e+08,0.0,0.0,0.0,727333.0,66121.0,5847.0,9.3114368e+07,1.32524032e+09,19491.46,28.0,243836.0,0.0,243836.0,243836.0,1.0,0.0,0.0
2026-03-31 04:41:36,689,8.460322e+06,4.68830407e+08,1.82946991e+08,0.0,0.0,0.0,727333.0,66121.0,5847.0,9.3114368e+07,1.32524032e+09,19491.47,28.0,243836.0,0.0,243836.0,243836.0,1.0,0.0,0.0
2026-03-31 04:41:48,689,8.460322e+06,4.68830407e+08,1.82946991e+08,0.0,0.0,0.0,727333.0,66121.0,5847.0,9.3114368e+07,1.32524032e+09,19491.489999999998,28.0,243836.0,0.0,243836.0,243836.0,1.0,0.0,0.0
2026-03-31 04:41:59,689,8.460322e+06,4.68830407e+08,1.82946991e+08,0.0,0.0,0.0,727333.0,66121.0,5847.0,9.3114368e+07,1.32524032e+09,19491.510000000002,28.0,243836.0,0.0,243836.0,243836.0,1.0,0.0,0.0
2026-03-31 04:42:11,689,8.460322e+06,4.68830407e+08,1.82946991e+08,0.0,0.0,0.0,727333.0,66121.0,5847.0,9.3114368e+07,1.32524032e+09,19491.52,28.0,243836.0,0.0,243836.0,243836.0,1.0,0.0,0.0
2026-03-31 04:42:23,689,8.460322e+06,4.68830407e+08,1.82946991e+08,0.0,0.0,0.0,727333.0,66121.0,5847.0,9.3114368e+07,1.32524032e+09,19491.54,28.0,243836.0,0.0,243836.0,243836.0,1.0,0.0,0.0
2026-03-31 04:42:35,690,8.460322e+06,4.68830407e+08,1.82946991e+08,0.0,0.0,0.0,727333.0,66121.0,5847.0,9.3114368e+07,1.32524032e+09,19491.56,28.0,243836.0,0.0,243836.0,243836.0,1.0,0.0,0.0
2026-03-31 04:42:46,690,8.460322e+06,4.68830407e+08,1.82946991e+08,0.0,0.0,0.0,727333.0,66121.0,5847.0,9.3114368e+07,1.32524032e+09,19491.57,28.0,243836.0,0.0,243836.0,243836.0,1.0,0.0,0.0
2026-03-31 04:42:58,690,8.460322e+06,4.68830407e+08,1.82946991e+08,0.0,0.0,0.0,727333.0,66121.0,5847.0,9.3114368e+07,1.32524032e+09,19491.59,28.0,243836.0,0.0,243836.0,243836.0,1.0,0.0,0.0
2026-03-31 04:43:10,690,8.460322e+06,4.68830407e+08,1.82946991e+08,0.0,0.0,0.0,727333.0,66121.0,5847.0,9.3114368e+07,1.32524032e+09,19491.61,28.0,243836.0,0.0,243836.0,243836.0,1.0,0.0,0.0
2026-03-31 04:43:21,690,8.460322e+06,4.68830407e+08,1.82946991e+08,0.0,0.0,0.0,727333.0,66121.0,5847.0,9.3114368e+07,1.32524032e+09,19491.620000000003,28.0,243836.0,0.0,243836.0,243836.0,1.0,0.0,0.0
2026-03-31 04:43:33,691,8.460322e+06,4.68830407e+08,1.82946991e+08,0.0,0.0,0.0,727333.0,66121.0,5847.0,9.3114368e+07,1.32524032e+09,19491.65,28.0,243836.0,0.0,243836.0,243836.0,1.0,0.0,0.0
2026-03-31 04:43:45,691,8.460322e+06,4.68830407e+08,1.82946991e+08,0.0,0.0,0.0,727333.0,66121.0,5847.0,9.2983296e+07,1.32524032e+09,19491.66,28.0,243836.0,0.0,243836.0,243836.0,1.0,0.0,0.0
2026-03-31 04:43:57,691,8.460322e+06,4.68830407e+08,1.82946991e+08,0.0,0.0,0.0,727333.0,66121.0,5847.0,9.2983296e+07,1.32524032e+09,19491.67,28.0,243836.0,0.0,243836.0,243836.0,1.0,0.0,0.0
2026-03-31 04:44:08,691,8.460322e+06,4.68830407e+08,1.82946991e+08,0.0,0.0,0.0,727333.0,66121.0,5847.0,9.2983296e+07,1.32524032e+09,19491.69,28.0,243836.0,0.0,243836.0,243836.0,1.0,0.0,0.0
2026-03-31 04:44:20,691,8.460322e+06,4.68830407e+08,1.82946991e+08,0.0,0.0,0.0,727333.0,66121.0,5847.0,9.2983296e+07,1.32524032e+09,19491.699999999997,28.0,243836.0,0.0,243836.0,243836.0,1.0,0.0,0.0
2026-03-31 04:44:32,692,8.460322e+06,4.68830407e+08,1.82946991e+08,0.0,0.0,0.0,727333.0,66121.0,5847.0,9.2983296e+07,1.32524032e+09,19491.72,28.0,243836.0,0.0,243836.0,243836.0,1.0,0.0,0.0
2026-03-31 04:44:44,692,8.460322e+06,4.68830407e+08,1.82946991e+08,0.0,0.0,0.0,727333.0,66121.0,5847.0,9.2983296e+07,1.32524032e+09,19491.739999999998,28.0,243836.0,0.0,243836.0,243836.0,1.0,0.0,0.0
2026-03-31 04:44:55,692,8.460322e+06,4.68830407e+08,1.82946991e+08,0.0,0.0,0.0,727333.0,66121.0,5847.0,9.2983296e+07,1.32524032e+09,19491.76,28.0,243836.0,0.0,243836.0,243836.0,1.0,0.0,0.0
2026-03-31 04:45:07,692,8.460322e+06,4.68830407e+08,1.82946991e+08,0.0,0.0,0.0,727333.0,66121.0,5847.0,9.2983296e+07,1.32524032e+09,19491.77,28.0,243836.0,0.0,243836.0,243836.0,1.0,0.0,0.0
2026-03-31 04:45:19,692,8.460322e+06,4.68830407e+08,1.82946991e+08,0.0,0.0,0.0,727333.0,66121.0,5847.0,9.2983296e+07,1.32524032e+09,19491.79,28.0,243836.0,0.0,243836.0,243836.0,1.0,0.0,0.0
2026-03-31 04:45:31,693,8.460322e+06,4.68830407e+08,1.82946991e+08,0.0,0.0,0.0,727333.0,66121.0,5847.0,9.2983296e+07,1.32524032e+09,19491.809999999998,28.0,243836.0,0.0,243836.0,243836.0,1.0,0.0,0.0
2026-03-31 04:45:42,693,8.460322e+06,4.68830407e+08,1.82946991e+08,0.0,0.0,0.0,727333.0,66121.0,5847.0,9.2983296e+07,1.32524032e+09,19491.83,28.0,243836.0,0.0,243836.0,243836.0,1.0,0.0,0.0
2026-03-31 04:45:54,693,8.460322e+06,4.68830407e+08,1.82946991e+08,0.0,0.0,0.0,727333.0,66121.0,5847.0,9.2983296e+07,1.32524032e+09,19491.84,28.0,243836.0,0.0,243836.0,243836.0,1.0,0.0,0.0
2026-03-31 04:46:06,693,8.460322e+06,4.68830407e+08,1.82946991e+08,0.0,0.0,0.0,727333.0,66121.0,5847.0,9.2983296e+07,1.32524032e+09,19491.86,28.0,243836.0,0.0,243836.0,243836.0,1.0,0.0,0.0
2026-03-31 04:46:17,693,8.460322e+06,4.68830407e+08,1.82946991e+08,0.0,0.0,0.0,727333.0,66121.0,5847.0,9.2983296e+07,1.32524032e+09,19491.87,28.0,243836.0,0.0,243836.0,243836.0,1.0,0.0,0.0
2026-03-31 04:46:29,694,8.460322e+06,4.68830407e+08,1.82946991e+08,0.0,0.0,0.0,727333.0,66121.0,5847.0,9.2983296e+07,1.32524032e+09,19491.89,28.0,243836.0,0.0,243836.0,243836.0,1.0,0.0,0.0
2026-03-31 04:46:41,694,8.460322e+06,4.68830407e+08,1.82946991e+08,0.0,0.0,0.0,727333.0,66121.0,5847.0,9.2983296e+07,1.32524032e+09,19491.91,28.0,243836.0,0.0,243836.0,243836.0,1.0,0.0,0.0
2026-03-31 04:46:53,694,8.460322e+06,4.68830407e+08,1.82946991e+08,0.0,0.0,0.0,727333.0,66121.0,5847.0,9.3114368e+07,1.32524032e+09,19491.920000000002,28.0,243836.0,0.0,243836.0,243836.0,1.0,0.0,0.0
2026-03-31 04:47:05,694,8.460322e+06,4.68830407e+08,1.82946991e+08,0.0,0.0,0.0,727333.0,66121.0,5847.0,9.3114368e+07,1.32524032e+09,19491.94,28.0,243836.0,0.0,243836.0,243836.0,1.0,0.0,0.0
2026-03-31 04:47:17,694,8.460322e+06,4.68830407e+08,1.82946991e+08,0.0,0.0,0.0,727333.0,66121.0,5847.0,9.3114368e+07,1.32524032e+09,19491.949999999997,28.0,243836.0,0.0,243836.0,243836.0,1.0,0.0,0.0
2026-03-31 04:47:28,695,8.460322e+06,4.68830407e+08,1.82946991e+08,0.0,0.0,0.0,727333.0,66121.0,5847.0,9.3114368e+07,1.32524032e+09,19491.97,28.0,243836.0,0.0,243836.0,243836.0,1.0,0.0,0.0
2026-03-31 04:47:40,695,8.460322e+06,4.68830407e+08,1.82946991e+08,0.0,0.0,0.0,727333.0,66121.0,5847.0,9.3114368e+07,1.32524032e+09,19491.989999999998,28.0,243836.0,0.0,243836.0,243836.0,1.0,0.0,0.0
2026-03-31 04:47:52,695,8.460322e+06,4.68830407e+08,1.82946991e+08,0.0,0.0,0.0,727333.0,66121.0,5847.0,9.3114368e+07,1.32524032e+09,19492.0,28.0,243836.0,0.0,243836.0,243836.0,1.0,0.0,0.0
2026-03-31 04:48:03,695,8.460322e+06,4.68830407e+08,1.82946991e+08,0.0,0.0,0.0,727333.0,66121.0,5847.0,9.3114368e+07,1.32524032e+09,19492.02,28.0,243836.0,0.0,243836.0,243836.0,1.0,0.0,0.0
2026-03-31 04:48:15,695,8.460322e+06,4.68830407e+08,1.82946991e+08,0.0,0.0,0.0,727333.0,66121.0,5847.0,9.3114368e+07,1.32524032e+09,19492.04,28.0,243836.0,0.0,243836.0,243836.0,1.0,0.0,0.0
2026-03-31 04:48:27,696,8.460322e+06,4.68830407e+08,1.82946991e+08,0.0,0.0,0.0,727333.0,66121.0,5847.0,9.3114368e+07,1.32524032e+09,19492.06,28.0,243836.0,0.0,243836.0,243836.0,1.0,0.0,0.0
2026-03-31 04:48:39,696,8.460322e+06,4.68830407e+08,1.82946991e+08,0.0,0.0,0.0,727333.0,66121.0,5847.0,9.3114368e+07,1.32524032e+09,19492.07,28.0,243836.0,0.0,243836.0,243836.0,1.0,0.0,0.0
2026-03-31 04:48:50,696,8.460322e+06,4.68830407e+08,1.82946991e+08,0.0,0.0,0.0,727333.0,66121.0,5847.0,9.3114368e+07,1.32524032e+09,19492.079999999998,28.0,243836.0,0.0,243836.0,243836.0,1.0,0.0,0.0
2026-03-31 04:49:02,696,8.460322e+06,4.68830407e+08,1.82946991e+08,0.0,0.0,0.0,727333.0,66121.0,5847.0,9.3114368e+07,1.32524032e+09,19492.11,28.0,243836.0,0.0,243836.0,243836.0,1.0,0.0,0.0
2026-03-31 04:49:14,696,8.460322e+06,4.68830407e+08,1.82946991e+08,0.0,0.0,0.0,727333.0,66121.0,5847.0,9.3114368e+07,1.32524032e+09,19492.120000000003,28.0,243836.0,0.0,243836.0,243836.0,1.0,0.0,0.0
2026-03-31 04:49:26,697,8.460322e+06,4.68830407e+08,1.82946991e+08,0.0,0.0,0.0,727333.0,66121.0,5847.0,9.3114368e+07,1.32524032e+09,19492.14,28.0,243836.0,0.0,243836.0,243836.0,1.0,0.0,0.0
2026-03-31 04:49:37,697,8.460322e+06,4.68830407e+08,1.82946991e+08,0.0,0.0,0.0,727333.0,66121.0,5847.0,9.3114368e+07,1.32524032e+09,19492.15,28.0,243836.0,0.0,243836.0,243836.0,1.0,0.0,0.0
2026-03-31 04:49:49,697,8.460322e+06,4.68830407e+08,1.82946991e+08,0.0,0.0,0.0,727333.0,66121.0,5847.0,9.3114368e+07,1.32524032e+09,19492.17,28.0,243836.0,0.0,243836.0,243836.0,1.0,0.0,0.0
2026-03-31 04:50:01,697,8.460322e+06,4.68830407e+08,1.82946991e+08,0.0,0.0,0.0,727333.0,66121.0,5847.0,9.3114368e+07,1.32524032e+09,19492.18,28.0,243836.0,0.0,243836.0,243836.0,1.0,0.0,0.0
2026-03-31 04:50:13,697,8.460322e+06,4.68830407e+08,1.82946991e+08,0.0,0.0,0.0,727333.0,66121.0,5847.0,9.3114368e+07,1.32524032e+09,19492.2,28.0,243836.0,0.0,243836.0,243836.0,1.0,0.0,0.0
2026-03-31 04:50:24,697,8.460322e+06,4.68830407e+08,1.82946991e+08,0.0,0.0,0.0,727333.0,66121.0,5847.0,9.3114368e+07,1.32524032e+09,19492.219999999998,28.0,243836.0,0.0,243836.0,243836.0,1.0,0.0,0.0
2026-03-31 04:50:36,698,8.460322e+06,4.68830407e+08,1.82946991e+08,0.0,0.0,0.0,727333.0,66121.0,5847.0,9.3114368e+07,1.32524032e+09,19492.23,28.0,243836.0,0.0,243836.0,243836.0,1.0,0.0,0.0
2026-03-31 04:50:48,698,8.460322e+06,4.68830407e+08,1.82946991e+08,0.0,0.0,0.0,727333.0,66121.0,5847.0,9.3114368e+07,1.32524032e+09,19492.25,28.0,243836.0,0.0,243836.0,243836.0,1.0,0.0,0.0
2026-03-31 04:50:59,698,8.460322e+06,4.68830407e+08,1.82946991e+08,0.0,0.0,0.0,727333.0,66121.0,5847.0,9.3114368e+07,1.32524032e+09,19492.260000000002,28.0,243836.0,0.0,243836.0,243836.0,1.0,0.0,0.0
2026-03-31 04:51:11,698,8.460322e+06,4.68830407e+08,1.82946991e+08,0.0,0.0,0.0,727333.0,66121.0,5847.0,9.3114368e+07,1.32524032e+09,19492.28,28.0,243836.0,0.0,243836.0,243836.0,1.0,0.0,0.0
2026-03-31 04:51:23,698,8.460322e+06,4.68830407e+08,1.82946991e+08,0.0,0.0,0.0,727333.0,66121.0,5847.0,9.3114368e+07,1.32524032e+09,19492.300000000003,28.0,243836.0,0.0,243836.0,243836.0,1.0,0.0,0.0
2026-03-31 04:51:34,699,8.460322e+06,4.68830407e+08,1.82946991e+08,0.0,0.0,0.0,727333.0,66121.0,5847.0,9.3114368e+07,1.32524032e+09,19492.32,28.0,243836.0,0.0,243836.0,243836.0,1.0,0.0,0.0
2026-03-31 04:51:46,699,8.460322e+06,4.68830407e+08,1.82946991e+08,0.0,0.0,0.0,727333.0,66121.0,5847.0,9.3114368e+07,1.32524032e+09,19492.33,28.0,243836.0,0.0,243836.0,243836.0,1.0,0.0,0.0
2026-03-31 04:51:58,699,8.460322e+06,4.68830407e+08,1.82946991e+08,0.0,0.0,0.0,727333.0,66121.0,5847.0,9.3114368e+07,1.32524032e+09,19492.35,28.0,243836.0,0.0,243836.0,243836.0,1.0,0.0,0.0
2026-03-31 04:52:10,699,8.460322e+06,4.68830407e+08,1.82946991e+08,0.0,0.0,0.0,727333.0,66121.0,5847.0,9.3114368e+07,1.32524032e+09,19492.37,28.0,243836.0,0.0,243836.0,243836.0,1.0,0.0,0.0
2026-03-31 04:52:22,699,8.460322e+06,4.68830407e+08,1.82946991e+08,0.0,0.0,0.0,727333.0,66121.0,5847.0,9.3114368e+07,1.32524032e+09,19492.39,28.0,243836.0,0.0,243836.0,243836.0,1.0,0.0,0.0
2026-03-31 04:52:33,700,8.460322e+06,4.68830407e+08,1.82946991e+08,0.0,0.0,0.0,727333.0,66121.0,5847.0,9.2983296e+07,1.32524032e+09,19492.4,28.0,243836.0,0.0,243836.0,243836.0,1.0,0.0,0.0
2026-03-31 04:52:45,700,8.460322e+06,4.68830407e+08,1.82946991e+08,0.0,0.0,0.0,727333.0,66121.0,5847.0,9.2983296e+07,1.32524032e+09,19492.42,28.0,243836.0,0.0,243836.0,243836.0,1.0,0.0,0.0
2026-03-31 04:52:57,700,8.460322e+06,4.68830407e+08,1.82946991e+08,0.0,0.0,0.0,727333.0,66121.0,5847.0,9.2983296e+07,1.32524032e+09,19492.440000000002,28.0,243836.0,0.0,243836.0,243836.0,1.0,0.0,0.0
2026-03-31 04:53:08,700,8.460322e+06,4.68830407e+08,1.82946991e+08,0.0,0.0,0.0,727333.0,66121.0,5847.0,9.2983296e+07,1.32524032e+09,19492.45,28.0,243836.0,0.0,243836.0,243836.0,1.0,0.0,0.0
2026-03-31 04:53:20,700,8.460322e+06,4.68830407e+08,1.82946991e+08,0.0,0.0,0.0,727333.0,66121.0,5847.0,9.2983296e+07,1.32524032e+09,19492.469999999998,28.0,243836.0,0.0,243836.0,243836.0,1.0,0.0,0.0
2026-03-31 04:53:32,701,8.460322e+06,4.68830407e+08,1.82946991e+08,0.0,0.0,0.0,727333.0,66121.0,5847.0,9.2983296e+07,1.32524032e+09,19492.48,28.0,243836.0,0.0,243836.0,243836.0,1.0,0.0,0.0
2026-03-31 04:53:43,701,8.460322e+06,4.68830407e+08,1.82946991e+08,0.0,0.0,0.0,727333.0,66121.0,5847.0,9.2983296e+07,1.32524032e+09,19492.5,28.0,243836.0,0.0,243836.0,243836.0,1.0,0.0,0.0
2026-03-31 04:53:55,701,8.460322e+06,4.68830407e+08,1.82946991e+08,0.0,0.0,0.0,727333.0,66121.0,5847.0,9.2983296e+07,1.32524032e+09,19492.52,28.0,243836.0,0.0,243836.0,243836.0,1.0,0.0,0.0
2026-03-31 04:54:07,701,8.460322e+06,4.68830407e+08,1.82946991e+08,0.0,0.0,0.0,727333.0,66121.0,5847.0,9.2983296e+07,1.32524032e+09,19492.530000000002,28.0,243836.0,0.0,243836.0,243836.0,1.0,0.0,0.0
2026-03-31 04:54:19,701,8.460322e+06,4.68830407e+08,1.82946991e+08,0.0,0.0,0.0,727333.0,66121.0,5847.0,9.2983296e+07,1.32524032e+09,19492.55,28.0,243836.0,0.0,243836.0,243836.0,1.0,0.0,0.0
2026-03-31 04:54:30,702,8.460322e+06,4.68830407e+08,1.82946991e+08,0.0,0.0,0.0,727333.0,66121.0,5847.0,9.2983296e+07,1.32524032e+09,19492.57,28.0,243836.0,0.0,243836.0,243836.0,1.0,0.0,0.0
2026-03-31 04:54:42,702,8.460322e+06,4.68830407e+08,1.82946991e+08,0.0,0.0,0.0,727333.0,66121.0,5847.0,9.2983296e+07,1.32524032e+09,19492.58,28.0,243836.0,0.0,243836.0,243836.0,1.0,0.0,0.0
2026-03-31 04:54:54,702,8.460322e+06,4.68830407e+08,1.82946991e+08,0.0,0.0,0.0,727333.0,66121.0,5847.0,9.2983296e+07,1.32524032e+09,19492.6,28.0,243836.0,0.0,243836.0,243836.0,1.0,0.0,0.0
2026-03-31 04:55:06,702,8.460322e+06,4.68830407e+08,1.82946991e+08,0.0,0.0,0.0,727333.0,66121.0,5847.0,9.2983296e+07,1.32524032e+09,19492.62,28.0,243836.0,0.0,243836.0,243836.0,1.0,0.0,0.0
2026-03-31 04:55:17,702,8.460322e+06,4.68830407e+08,1.82946991e+08,0.0,0.0,0.0,727333.0,66121.0,5847.0,9.2983296e+07,1.32524032e+09,19492.63,28.0,243836.0,0.0,243836.0,243836.0,1.0,0.0,0.0
2026-03-31 04:55:29,703,8.460322e+06,4.68830407e+08,1.82946991e+08,0.0,0.0,0.0,727333.0,66121.0,5847.0,9.2983296e+07,1.32524032e+09,19492.649999999998,28.0,243836.0,0.0,243836.0,243836.0,1.0,0.0,0.0
2026-03-31 04:55:41,703,8.460322e+06,4.68830407e+08,1.82946991e+08,0.0,0.0,0.0,727333.0,66121.0,5847.0,9.2983296e+07,1.32524032e+09,19492.66,28.0,243836.0,0.0,243836.0,243836.0,1.0,0.0,0.0
2026-03-31 04:55:53,703,8.460322e+06,4.68830407e+08,1.82946991e+08,0.0,0.0,0.0,727333.0,66121.0,5847.0,9.2983296e+07,1.32524032e+09,19492.68,28.0,243836.0,0.0,243836.0,243836.0,1.0,0.0,0.0
2026-03-31 04:56:04,703,8.460322e+06,4.68830407e+08,1.82946991e+08,0.0,0.0,0.0,727333.0,66121.0,5847.0,9.2983296e+07,1.32524032e+09,19492.7,28.0,243836.0,0.0,243836.0,243836.0,1.0,0.0,0.0
2026-03-31 04:56:16,703,8.460322e+06,4.68830407e+08,1.82946991e+08,0.0,0.0,0.0,727333.0,66121.0,5847.0,9.2983296e+07,1.32524032e+09,19492.71,28.0,243836.0,0.0,243836.0,243836.0,1.0,0.0,0.0
2026-03-31 04:56:28,704,8.460322e+06,4.68830407e+08,1.82946991e+08,0.0,0.0,0.0,727333.0,66121.0,5847.0,9.2983296e+07,1.32524032e+09,19492.74,28.0,243836.0,0.0,243836.0,243836.0,1.0,0.0,0.0
2026-03-31 04:56:40,704,8.460322e+06,4.68830407e+08,1.82946991e+08,0.0,0.0,0.0,727333.0,66121.0,5847.0,9.2983296e+07,1.32524032e+09,19492.75,28.0,243836.0,0.0,243836.0,243836.0,1.0,0.0,0.0
2026-03-31 04:56:51,704,8.460322e+06,4.68830407e+08,1.82946991e+08,0.0,0.0,0.0,727333.0,66121.0,5847.0,9.2983296e+07,1.32524032e+09,19492.77,28.0,243836.0,0.0,243836.0,243836.0,1.0,0.0,0.0
2026-03-31 04:57:03,704,8.460322e+06,4.68830407e+08,1.82946991e+08,0.0,0.0,0.0,727333.0,66121.0,5847.0,9.2983296e+07,1.32524032e+09,19492.79,28.0,243836.0,0.0,243836.0,243836.0,1.0,0.0,0.0
2026-03-31 04:57:15,704,8.460322e+06,4.68830407e+08,1.82946991e+08,0.0,0.0,0.0,727333.0,66121.0,5847.0,9.2983296e+07,1.32524032e+09,19492.800000000003,28.0,243836.0,0.0,243836.0,243836.0,1.0,0.0,0.0
2026-03-31 04:57:27,705,8.460322e+06,4.68830407e+08,1.82946991e+08,0.0,0.0,0.0,727333.0,66121.0,5847.0,9.2983296e+07,1.32524032e+09,19492.82,28.0,243836.0,0.0,243836.0,243836.0,1.0,0.0,0.0
2026-03-31 04:57:38,705,8.460322e+06,4.68830407e+08,1.82946991e+08,0.0,0.0,0.0,727333.0,66121.0,5847.0,9.2983296e+07,1.32524032e+09,19492.829999999998,28.0,243836.0,0.0,243836.0,243836.0,1.0,0.0,0.0
2026-03-31 04:57:50,705,8.460322e+06,4.68830407e+08,1.82946991e+08,0.0,0.0,0.0,727333.0,66121.0,5847.0,9.2983296e+07,1.32524032e+09,19492.85,28.0,243836.0,0.0,243836.0,243836.0,1.0,0.0,0.0
2026-03-31 04:58:02,705,8.460322e+06,4.68830407e+08,1.82946991e+08,0.0,0.0,0.0,727333.0,66121.0,5847.0,9.2983296e+07,1.32524032e+09,19492.87,28.0,243836.0,0.0,243836.0,243836.0,1.0,0.0,0.0
2026-03-31 04:58:13,705,8.460322e+06,4.68830407e+08,1.82946991e+08,0.0,0.0,0.0,727333.0,66121.0,5847.0,9.2983296e+07,1.32524032e+09,19492.89,28.0,243836.0,0.0,243836.0,243836.0,1.0,0.0,0.0
2026-03-31 04:58:25,706,8.460322e+06,4.68830407e+08,1.82946991e+08,0.0,0.0,0.0,727333.0,66121.0,5847.0,9.2983296e+07,1.32524032e+09,19492.9,28.0,243836.0,0.0,243836.0,243836.0,1.0,0.0,0.0
2026-03-31 04:58:37,706,8.460322e+06,4.68830407e+08,1.82946991e+08,0.0,0.0,0.0,727333.0,66121.0,5847.0,9.2983296e+07,1.32524032e+09,19492.91,28.0,243836.0,0.0,243836.0,243836.0,1.0,0.0,0.0
2026-03-31 04:58:48,706,8.460322e+06,4.68830407e+08,1.82946991e+08,0.0,0.0,0.0,727333.0,66121.0,5847.0,9.2983296e+07,1.32524032e+09,19492.93,28.0,243836.0,0.0,243836.0,243836.0,1.0,0.0,0.0
2026-03-31 04:59:00,706,8.460322e+06,4.68830407e+08,1.82946991e+08,0.0,0.0,0.0,727333.0,66121.0,5847.0,9.2983296e+07,1.32524032e+09,19492.95,28.0,243836.0,0.0,243836.0,243836.0,1.0,0.0,0.0
2026-03-31 04:59:12,706,8.460322e+06,4.68830407e+08,1.82946991e+08,0.0,0.0,0.0,727333.0,66121.0,5847.0,9.2983296e+07,1.32524032e+09,19492.97,28.0,243836.0,0.0,243836.0,243836.0,1.0,0.0,0.0
2026-03-31 04:59:24,706,8.460322e+06,4.68830407e+08,1.82946991e+08,0.0,0.0,0.0,727333.0,66121.0,5847.0,9.2983296e+07,1.32524032e+09,19492.99,28.0,243836.0,0.0,243836.0,243836.0,1.0,0.0,0.0
2026-03-31 04:59:35,707,8.460322e+06,4.68830407e+08,1.82946991e+08,0.0,0.0,0.0,727333.0,66121.0,5847.0,9.2983296e+07,1.32524032e+09,19493.0,28.0,243836.0,0.0,243836.0,243836.0,1.0,0.0,0.0
2026-03-31 04:59:47,707,8.460322e+06,4.68830407e+08,1.82946991e+08,0.0,0.0,0.0,727333.0,66121.0,5847.0,9.2983296e+07,1.32524032e+09,19493.02,28.0,243836.0,0.0,243836.0,243836.0,1.0,0.0,0.0
2026-03-31 04:59:59,707,8.460322e+06,4.68830407e+08,1.82946991e+08,0.0,0.0,0.0,727333.0,66121.0,5847.0,9.2983296e+07,1.32524032e+09,19493.03,28.0,243836.0,0.0,243836.0,243836.0,1.0,0.0,0.0
2026-03-31 05:00:11,707,8.460322e+06,4.68830407e+08,1.82946991e+08,0.0,0.0,0.0,727333.0,66121.0,5847.0,9.2983296e+07,1.32524032e+09,19493.05,28.0,243836.0,0.0,243836.0,243836.0,1.0,0.0,0.0
2026-03-31 05:00:23,707,8.460322e+06,4.68830407e+08,1.82946991e+08,0.0,0.0,0.0,727333.0,66121.0,5847.0,9.2983296e+07,1.32524032e+09,19493.07,28.0,243836.0,0.0,243836.0,243836.0,1.0,0.0,0.0
2026-03-31 05:00:34,708,8.460322e+06,4.68830407e+08,1.82946991e+08,0.0,0.0,0.0,727333.0,66121.0,5847.0,9.2983296e+07,1.32524032e+09,19493.08,28.0,243836.0,0.0,243836.0,243836.0,1.0,0.0,0.0
2026-03-31 05:00:46,708,8.460322e+06,4.68830407e+08,1.82946991e+08,0.0,0.0,0.0,727333.0,66121.0,5847.0,9.2983296e+07,1.32524032e+09,19493.1,28.0,243836.0,0.0,243836.0,243836.0,1.0,0.0,0.0
2026-03-31 05:00:58,708,8.460322e+06,4.68830407e+08,1.82946991e+08,0.0,0.0,0.0,727333.0,66121.0,5847.0,9.2983296e+07,1.32524032e+09,19493.120000000003,28.0,243836.0,0.0,243836.0,243836.0,1.0,0.0,0.0
2026-03-31 05:01:09,708,8.460322e+06,4.68830407e+08,1.82946991e+08,0.0,0.0,0.0,727333.0,66121.0,5847.0,9.2983296e+07,1.32524032e+09,19493.13,28.0,243836.0,0.0,243836.0,243836.0,1.0,0.0,0.0
2026-03-31 05:01:21,708,8.460322e+06,4.68830407e+08,1.82946991e+08,0.0,0.0,0.0,727333.0,66121.0,5847.0,9.2983296e+07,1.32524032e+09,19493.16,28.0,243836.0,0.0,243836.0,243836.0,1.0,0.0,0.0
2026-03-31 05:01:33,709,8.460322e+06,4.68830407e+08,1.82946991e+08,0.0,0.0,0.0,727333.0,66121.0,5847.0,9.2983296e+07,1.32524032e+09,19493.170000000002,28.0,243836.0,0.0,243836.0,243836.0,1.0,0.0,0.0
2026-03-31 05:01:45,709,8.460322e+06,4.68830407e+08,1.82946991e+08,0.0,0.0,0.0,727333.0,66121.0,5847.0,9.2983296e+07,1.32524032e+09,19493.19,28.0,243836.0,0.0,243836.0,243836.0,1.0,0.0,0.0
2026-03-31 05:01:56,709,8.460322e+06,4.68830407e+08,1.82946991e+08,0.0,0.0,0.0,727333.0,66121.0,5847.0,9.2983296e+07,1.32524032e+09,19493.2,28.0,243836.0,0.0,243836.0,243836.0,1.0,0.0,0.0
2026-03-31 05:02:08,709,8.460322e+06,4.68830407e+08,1.82946991e+08,0.0,0.0,0.0,727333.0,66121.0,5847.0,9.2983296e+07,1.32524032e+09,19493.22,28.0,243836.0,0.0,243836.0,243836.0,1.0,0.0,0.0
2026-03-31 05:02:20,709,8.460322e+06,4.68830407e+08,1.82946991e+08,0.0,0.0,0.0,727333.0,66121.0,5847.0,9.2983296e+07,1.32524032e+09,19493.230000000003,28.0,243836.0,0.0,243836.0,243836.0,1.0,0.0,0.0
2026-03-31 05:02:31,710,8.460322e+06,4.68830407e+08,1.82946991e+08,0.0,0.0,0.0,727333.0,66121.0,5847.0,9.2983296e+07,1.32524032e+09,19493.25,28.0,243836.0,0.0,243836.0,243836.0,1.0,0.0,0.0
2026-03-31 05:02:43,710,8.460322e+06,4.68830407e+08,1.82946991e+08,0.0,0.0,0.0,727333.0,66121.0,5847.0,9.2983296e+07,1.32524032e+09,19493.269999999997,28.0,243836.0,0.0,243836.0,243836.0,1.0,0.0,0.0
2026-03-31 05:02:55,710,8.460322e+06,4.68830407e+08,1.82946991e+08,0.0,0.0,0.0,727333.0,66121.0,5847.0,9.2983296e+07,1.32524032e+09,19493.29,28.0,243836.0,0.0,243836.0,243836.0,1.0,0.0,0.0
2026-03-31 05:03:07,710,8.460322e+06,4.68830407e+08,1.82946991e+08,0.0,0.0,0.0,727333.0,66121.0,5847.0,9.2983296e+07,1.32524032e+09,19493.3,28.0,243836.0,0.0,243836.0,243836.0,1.0,0.0,0.0
2026-03-31 05:03:18,710,8.460322e+06,4.68830407e+08,1.82946991e+08,0.0,0.0,0.0,727333.0,66121.0,5847.0,9.2983296e+07,1.32524032e+09,19493.31,28.0,243836.0,0.0,243836.0,243836.0,1.0,0.0,0.0
2026-03-31 05:03:30,711,8.460322e+06,4.68830407e+08,1.82946991e+08,0.0,0.0,0.0,727333.0,66121.0,5847.0,9.2983296e+07,1.32524032e+09,19493.329999999998,28.0,243836.0,0.0,243836.0,243836.0,1.0,0.0,0.0
2026-03-31 05:03:42,711,8.460322e+06,4.68830407e+08,1.82946991e+08,0.0,0.0,0.0,727333.0,66121.0,5847.0,9.2983296e+07,1.32524032e+09,19493.350000000002,28.0,243836.0,0.0,243836.0,243836.0,1.0,0.0,0.0
2026-03-31 05:03:54,711,8.460322e+06,4.68830407e+08,1.82946991e+08,0.0,0.0,0.0,727333.0,66121.0,5847.0,9.2983296e+07,1.32524032e+09,19493.36,28.0,243836.0,0.0,243836.0,243836.0,1.0,0.0,0.0
2026-03-31 05:04:05,711,8.460322e+06,4.68830407e+08,1.82946991e+08,0.0,0.0,0.0,727333.0,66121.0,5847.0,9.2983296e+07,1.32524032e+09,19493.38,28.0,243836.0,0.0,243836.0,243836.0,1.0,0.0,0.0
2026-03-31 05:04:17,711,8.460322e+06,4.68830407e+08,1.82946991e+08,0.0,0.0,0.0,727333.0,66121.0,5847.0,9.2983296e+07,1.32524032e+09,19493.39,28.0,243836.0,0.0,243836.0,243836.0,1.0,0.0,0.0
2026-03-31 05:04:29,712,8.460322e+06,4.68830407e+08,1.82946991e+08,0.0,0.0,0.0,727333.0,66121.0,5847.0,9.2983296e+07,1.32524032e+09,19493.41,28.0,243836.0,0.0,243836.0,243836.0,1.0,0.0,0.0
2026-03-31 05:04:40,712,8.460322e+06,4.68830407e+08,1.82946991e+08,0.0,0.0,0.0,727333.0,66121.0,5847.0,9.2983296e+07,1.32524032e+09,19493.43,28.0,243836.0,0.0,243836.0,243836.0,1.0,0.0,0.0
2026-03-31 05:04:52,712,8.460322e+06,4.68830407e+08,1.82946991e+08,0.0,0.0,0.0,727333.0,66121.0,5847.0,9.2983296e+07,1.32524032e+09,19493.45,28.0,243836.0,0.0,243836.0,243836.0,1.0,0.0,0.0
2026-03-31 05:05:04,712,8.460322e+06,4.68830407e+08,1.82946991e+08,0.0,0.0,0.0,727333.0,66121.0,5847.0,9.2983296e+07,1.32524032e+09,19493.46,28.0,243836.0,0.0,243836.0,243836.0,1.0,0.0,0.0
2026-03-31 05:05:16,712,8.460322e+06,4.68830407e+08,1.82946991e+08,0.0,0.0,0.0,727333.0,66121.0,5847.0,9.2983296e+07,1.32524032e+09,19493.49,28.0,243836.0,0.0,243836.0,243836.0,1.0,0.0,0.0
2026-03-31 05:05:27,713,8.460322e+06,4.68830407e+08,1.82946991e+08,0.0,0.0,0.0,727333.0,66121.0,5847.0,9.2983296e+07,1.32524032e+09,19493.49,28.0,243836.0,0.0,243836.0,243836.0,1.0,0.0,0.0
2026-03-31 05:05:39,713,8.460322e+06,4.68830407e+08,1.82946991e+08,0.0,0.0,0.0,727333.0,66121.0,5847.0,9.2983296e+07,1.32524032e+09,19493.51,28.0,243836.0,0.0,243836.0,243836.0,1.0,0.0,0.0
2026-03-31 05:05:51,713,8.460322e+06,4.68830407e+08,1.82946991e+08,0.0,0.0,0.0,727333.0,66121.0,5847.0,9.2983296e+07,1.32524032e+09,19493.54,28.0,243836.0,0.0,243836.0,243836.0,1.0,0.0,0.0
2026-03-31 05:06:03,713,8.460322e+06,4.68830407e+08,1.82946991e+08,0.0,0.0,0.0,727333.0,66121.0,5847.0,9.2983296e+07,1.32524032e+09,19493.55,28.0,243836.0,0.0,243836.0,243836.0,1.0,0.0,0.0
2026-03-31 05:06:14,713,8.460322e+06,4.68830407e+08,1.82946991e+08,0.0,0.0,0.0,727333.0,66121.0,5847.0,9.2983296e+07,1.32524032e+09,19493.57,28.0,243836.0,0.0,243836.0,243836.0,1.0,0.0,0.0
2026-03-31 05:06:26,714,8.460322e+06,4.68830407e+08,1.82946991e+08,0.0,0.0,0.0,727333.0,66121.0,5847.0,9.2983296e+07,1.32524032e+09,19493.59,28.0,243836.0,0.0,243836.0,243836.0,1.0,0.0,0.0
2026-03-31 05:06:38,714,8.460322e+06,4.68830407e+08,1.82946991e+08,0.0,0.0,0.0,727333.0,66121.0,5847.0,9.2983296e+07,1.32524032e+09,19493.6,28.0,243836.0,0.0,243836.0,243836.0,1.0,0.0,0.0
2026-03-31 05:06:49,714,8.460322e+06,4.68830407e+08,1.82946991e+08,0.0,0.0,0.0,727333.0,66121.0,5847.0,9.2983296e+07,1.32524032e+09,19493.61,28.0,243836.0,0.0,243836.0,243836.0,1.0,0.0,0.0
2026-03-31 05:07:01,714,8.460322e+06,4.68830407e+08,1.82946991e+08,0.0,0.0,0.0,727333.0,66121.0,5847.0,9.2983296e+07,1.32524032e+09,19493.63,28.0,243836.0,0.0,243836.0,243836.0,1.0,0.0,0.0
2026-03-31 05:07:13,714,8.460322e+06,4.68830407e+08,1.82946991e+08,0.0,0.0,0.0,727333.0,66121.0,5847.0,9.2983296e+07,1.32524032e+09,19493.65,28.0,243836.0,0.0,243836.0,243836.0,1.0,0.0,0.0
2026-03-31 05:07:25,715,8.460322e+06,4.68830407e+08,1.82946991e+08,0.0,0.0,0.0,727333.0,66121.0,5847.0,9.2983296e+07,1.32524032e+09,19493.66,28.0,243836.0,0.0,243836.0,243836.0,1.0,0.0,0.0
2026-03-31 05:07:36,715,8.460322e+06,4.68830407e+08,1.82946991e+08,0.0,0.0,0.0,727333.0,66121.0,5847.0,9.2983296e+07,1.32524032e+09,19493.679999999997,28.0,243836.0,0.0,243836.0,243836.0,1.0,0.0,0.0
2026-03-31 05:07:48,715,8.460322e+06,4.68830407e+08,1.82946991e+08,0.0,0.0,0.0,727333.0,66121.0,5847.0,9.2983296e+07,1.32524032e+09,19493.69,28.0,243836.0,0.0,243836.0,243836.0,1.0,0.0,0.0
2026-03-31 05:08:00,715,8.460322e+06,4.68830407e+08,1.82946991e+08,0.0,0.0,0.0,727333.0,66121.0,5847.0,9.2983296e+07,1.32524032e+09,19493.71,28.0,243836.0,0.0,243836.0,243836.0,1.0,0.0,0.0
2026-03-31 05:08:11,715,8.460322e+06,4.68830407e+08,1.82946991e+08,0.0,0.0,0.0,727333.0,66121.0,5847.0,9.2983296e+07,1.32524032e+09,19493.73,28.0,243836.0,0.0,243836.0,243836.0,1.0,0.0,0.0
2026-03-31 05:08:23,715,8.460322e+06,4.68830407e+08,1.82946991e+08,0.0,0.0,0.0,727333.0,66121.0,5847.0,9.2983296e+07,1.32524032e+09,19493.75,28.0,243836.0,0.0,243836.0,243836.0,1.0,0.0,0.0
2026-03-31 05:08:35,716,8.460322e+06,4.68830407e+08,1.82946991e+08,0.0,0.0,0.0,727333.0,66121.0,5847.0,9.2983296e+07,1.32524032e+09,19493.76,28.0,243836.0,0.0,243836.0,243836.0,1.0,0.0,0.0
2026-03-31 05:08:46,716,8.460322e+06,4.68830407e+08,1.82946991e+08,0.0,0.0,0.0,727333.0,66121.0,5847.0,9.2983296e+07,1.32524032e+09,19493.780000000002,28.0,243836.0,0.0,243836.0,243836.0,1.0,0.0,0.0
2026-03-31 05:08:58,716,8.460322e+06,4.68830407e+08,1.82946991e+08,0.0,0.0,0.0,727333.0,66121.0,5847.0,9.2983296e+07,1.32524032e+09,19493.79,28.0,243836.0,0.0,243836.0,243836.0,1.0,0.0,0.0
2026-03-31 05:09:10,716,8.460322e+06,4.68830407e+08,1.82946991e+08,0.0,0.0,0.0,727333.0,66121.0,5847.0,9.2983296e+07,1.32524032e+09,19493.809999999998,28.0,243836.0,0.0,243836.0,243836.0,1.0,0.0,0.0
2026-03-31 05:09:22,716,8.460322e+06,4.68830407e+08,1.82946991e+08,0.0,0.0,0.0,727333.0,66121.0,5847.0,9.2983296e+07,1.32524032e+09,19493.829999999998,28.0,243836.0,0.0,243836.0,243836.0,1.0,0.0,0.0
2026-03-31 05:09:33,717,8.460322e+06,4.68830407e+08,1.82946991e+08,0.0,0.0,0.0,727333.0,66121.0,5847.0,9.2983296e+07,1.32524032e+09,19493.85,28.0,243836.0,0.0,243836.0,243836.0,1.0,0.0,0.0
2026-03-31 05:09:45,717,8.460322e+06,4.68830407e+08,1.82946991e+08,0.0,0.0,0.0,727333.0,66121.0,5847.0,9.2983296e+07,1.32524032e+09,19493.86,28.0,243836.0,0.0,243836.0,243836.0,1.0,0.0,0.0
2026-03-31 05:09:57,717,8.460322e+06,4.68830407e+08,1.82946991e+08,0.0,0.0,0.0,727333.0,66121.0,5847.0,9.2983296e+07,1.32524032e+09,19493.879999999997,28.0,243836.0,0.0,243836.0,243836.0,1.0,0.0,0.0
2026-03-31 05:10:09,717,8.460322e+06,4.68830407e+08,1.82946991e+08,0.0,0.0,0.0,727333.0,66121.0,5847.0,9.2983296e+07,1.32524032e+09,19493.89,28.0,243836.0,0.0,243836.0,243836.0,1.0,0.0,0.0
2026-03-31 05:10:21,717,8.460322e+06,4.68830407e+08,1.82946991e+08,0.0,0.0,0.0,727333.0,66121.0,5847.0,9.2983296e+07,1.32524032e+09,19493.920000000002,28.0,243836.0,0.0,243836.0,243836.0,1.0,0.0,0.0
2026-03-31 05:10:32,718,8.460322e+06,4.68830407e+08,1.82946991e+08,0.0,0.0,0.0,727333.0,66121.0,5847.0,9.2983296e+07,1.32524032e+09,19493.93,28.0,243836.0,0.0,243836.0,243836.0,1.0,0.0,0.0
2026-03-31 05:10:44,718,8.460322e+06,4.68830407e+08,1.82946991e+08,0.0,0.0,0.0,727333.0,66121.0,5847.0,9.2983296e+07,1.32524032e+09,19493.95,28.0,243836.0,0.0,243836.0,243836.0,1.0,0.0,0.0
2026-03-31 05:10:56,718,8.460322e+06,4.68830407e+08,1.82946991e+08,0.0,0.0,0.0,727333.0,66121.0,5847.0,9.2983296e+07,1.32524032e+09,19493.96,28.0,243836.0,0.0,243836.0,243836.0,1.0,0.0,0.0
2026-03-31 05:11:08,718,8.460322e+06,4.68830407e+08,1.82946991e+08,0.0,0.0,0.0,727333.0,66121.0,5847.0,9.2983296e+07,1.32524032e+09,19493.98,28.0,243836.0,0.0,243836.0,243836.0,1.0,0.0,0.0
2026-03-31 05:11:19,718,8.460322e+06,4.68830407e+08,1.82946991e+08,0.0,0.0,0.0,727333.0,66121.0,5847.0,9.2983296e+07,1.32524032e+09,19494.0,28.0,243836.0,0.0,243836.0,243836.0,1.0,0.0,0.0
2026-03-31 05:11:31,719,8.460322e+06,4.68830407e+08,1.82946991e+08,0.0,0.0,0.0,727333.0,66121.0,5847.0,9.2983296e+07,1.32524032e+09,19494.01,28.0,243836.0,0.0,243836.0,243836.0,1.0,0.0,0.0
2026-03-31 05:11:43,719,8.460322e+06,4.68830407e+08,1.82946991e+08,0.0,0.0,0.0,727333.0,66121.0,5847.0,9.2983296e+07,1.32524032e+09,19494.030000000002,28.0,243836.0,0.0,243836.0,243836.0,1.0,0.0,0.0
2026-03-31 05:11:55,719,8.460322e+06,4.68830407e+08,1.82946991e+08,0.0,0.0,0.0,727333.0,66121.0,5847.0,9.2983296e+07,1.32524032e+09,19494.05,28.0,243836.0,0.0,243836.0,243836.0,1.0,0.0,0.0
2026-03-31 05:12:07,719,8.460322e+06,4.68830407e+08,1.82946991e+08,0.0,0.0,0.0,727333.0,66121.0,5847.0,9.2983296e+07,1.32524032e+09,19494.07,28.0,243836.0,0.0,243836.0,243836.0,1.0,0.0,0.0
2026-03-31 05:12:18,719,8.460322e+06,4.68830407e+08,1.82946991e+08,0.0,0.0,0.0,727333.0,66121.0,5847.0,9.2983296e+07,1.32524032e+09,19494.09,28.0,243836.0,0.0,243836.0,243836.0,1.0,0.0,0.0
2026-03-31 05:12:30,720,8.460322e+06,4.68830407e+08,1.82946991e+08,0.0,0.0,0.0,727333.0,66121.0,5847.0,9.2983296e+07,1.32524032e+09,19494.100000000002,28.0,243836.0,0.0,243836.0,243836.0,1.0,0.0,0.0
