timestamp,elapsed_min,vm_size_kb,vm_rss_kb,vm_data_kb,vm_stk_kb,cgroup_mem_bytes
2026-03-30 17:12:25,0,134053888
2026-03-30 17:12:37,0,136798208
2026-03-30 17:12:49,0,136458240
2026-03-30 17:13:01,0,135327744
2026-03-30 17:13:12,0,135737344
2026-03-30 17:13:24,0,135360512
2026-03-30 17:13:36,1,134848512
2026-03-30 17:13:48,1,135790592
2026-03-30 17:13:59,1,135143424
2026-03-30 17:14:11,1,135544832
2026-03-30 17:14:24,1,135602176
2026-03-30 17:14:36,2,134602752
2026-03-30 17:14:48,2,134557696
2026-03-30 17:15:00,2,134864896
2026-03-30 17:15:12,2,133177344
2026-03-30 17:15:24,2,133599232
2026-03-30 17:15:37,3,133279744
2026-03-30 17:15:49,3,133767168
2026-03-30 17:16:01,3,133599232
2026-03-30 17:16:13,3,131727360
2026-03-30 17:16:25,4,129527808
2026-03-30 17:16:38,4,129728512
2026-03-30 17:16:50,4,130662400
2026-03-30 17:17:02,4,130678784
2026-03-30 17:17:14,4,130117632
2026-03-30 17:17:26,5,130478080
2026-03-30 17:17:38,5,130285568
2026-03-30 17:17:51,5,128266240
2026-03-30 17:18:03,5,128696320
2026-03-30 17:18:15,5,126566400
2026-03-30 17:18:28,6,124686336
2026-03-30 17:18:40,6,124682240
2026-03-30 17:18:52,6,119738368
2026-03-30 17:19:04,6,119558144
2026-03-30 17:19:16,6,119619584
2026-03-30 17:19:28,7,119959552
2026-03-30 17:19:41,7,118972416
2026-03-30 17:19:53,7,119521280
2026-03-30 17:20:05,7,119513088
2026-03-30 17:20:17,7,119988224
2026-03-30 17:20:29,8,118743040
2026-03-30 17:20:42,8,118996992
2026-03-30 17:20:54,8,118882304
2026-03-30 17:21:07,8,118534144
2026-03-30 17:21:19,8,119037952
2026-03-30 17:21:31,9,119205888
2026-03-30 17:21:43,9,118824960
2026-03-30 17:21:55,9,119762944
2026-03-30 17:22:07,9,119181312
2026-03-30 17:22:19,9,119152640
2026-03-30 17:22:32,10,119189504
2026-03-30 17:22:44,10,118362112
2026-03-30 17:22:56,10,118468608
2026-03-30 17:23:08,10,118489088
2026-03-30 17:23:21,10,118947840
2026-03-30 17:23:33,11,119009280
2026-03-30 17:23:45,11,118714368
2026-03-30 17:23:58,11,119152640
2026-03-30 17:24:10,11,119508992
2026-03-30 17:24:22,11,119238656
2026-03-30 17:24:34,12,119427072
2026-03-30 17:24:46,12,119361536
2026-03-30 17:24:58,12,119263232
2026-03-30 17:25:10,12,119529472
2026-03-30 17:25:22,12,119255040
2026-03-30 17:25:35,13,119656448
2026-03-30 17:25:47,13,119414784
2026-03-30 17:25:59,13,119250944
2026-03-30 17:26:11,13,119656448
2026-03-30 17:26:23,13,119537664
2026-03-30 17:26:35,14,119562240
2026-03-30 17:26:47,14,119386112
2026-03-30 17:26:59,14,119664640
2026-03-30 17:27:12,14,118734848
2026-03-30 17:27:24,14,119402496
2026-03-30 17:27:36,15,119918592
2026-03-30 17:27:48,15,119447552
2026-03-30 17:28:00,15,119189504
2026-03-30 17:28:13,15,119181312
2026-03-30 17:28:25,16,119779328
2026-03-30 17:28:37,16,119214080
2026-03-30 17:28:49,16,120168448
2026-03-30 17:29:01,16,119508992
2026-03-30 17:29:13,16,119164928
2026-03-30 17:29:25,17,119562240
2026-03-30 17:29:37,17,120213504
2026-03-30 17:29:49,17,119685120
2026-03-30 17:30:01,17,119394304
2026-03-30 17:30:14,17,119648256
2026-03-30 17:30:26,18,120430592
2026-03-30 17:30:38,18,120209408
2026-03-30 17:30:50,18,119619584
2026-03-30 17:31:02,18,119832576
2026-03-30 17:31:14,18,120246272
2026-03-30 17:31:26,19,120320000
2026-03-30 17:31:38,19,119177216
2026-03-30 17:31:50,19,120082432
2026-03-30 17:32:03,19,120057856
2026-03-30 17:32:15,19,119611392
2026-03-30 17:32:27,20,120115200
2026-03-30 17:32:39,20,119685120
2026-03-30 17:32:51,20,120332288
2026-03-30 17:33:03,20,120147968
2026-03-30 17:33:16,20,120328192
2026-03-30 17:33:28,21,119975936
2026-03-30 17:33:40,21,120541184
2026-03-30 17:33:52,21,120913920
2026-03-30 17:34:04,21,120459264
2026-03-30 17:34:16,21,120541184
2026-03-30 17:34:29,22,120487936
2026-03-30 17:34:41,22,120221696
2026-03-30 17:34:53,22,119922688
2026-03-30 17:35:05,22,120942592
2026-03-30 17:35:17,22,120492032
2026-03-30 17:35:29,23,120356864
2026-03-30 17:35:41,23,120438784
2026-03-30 17:35:54,23,120365056
2026-03-30 17:36:06,23,120610816
2026-03-30 17:36:18,23,120225792
2026-03-30 17:36:30,24,120332288
2026-03-30 17:36:42,24,119951360
2026-03-30 17:36:54,24,120336384
2026-03-30 17:37:06,24,120823808
2026-03-30 17:37:18,24,120844288
2026-03-30 17:37:30,25,119906304
2026-03-30 17:37:42,25,120229888
2026-03-30 17:37:55,25,120512512
2026-03-30 17:38:07,25,119787520
2026-03-30 17:38:19,25,120934400
2026-03-30 17:38:31,26,121131008
2026-03-30 17:38:43,26,120860672
2026-03-30 17:38:56,26,120209408
2026-03-30 17:39:07,26,120909824
2026-03-30 17:39:20,26,120610816
2026-03-30 17:39:32,27,120606720
2026-03-30 17:39:44,27,121290752
2026-03-30 17:39:57,27,120557568
2026-03-30 17:40:09,27,120942592
2026-03-30 17:40:21,27,120573952
2026-03-30 17:40:33,28,121212928
2026-03-30 17:40:45,28,121323520
2026-03-30 17:40:57,28,120479744
2026-03-30 17:41:09,28,120242176
2026-03-30 17:41:22,28,121200640
2026-03-30 17:41:34,29,121143296
2026-03-30 17:41:46,29,120987648
2026-03-30 17:41:58,29,120586240
2026-03-30 17:42:10,29,120987648
2026-03-30 17:42:23,29,121520128
2026-03-30 17:42:35,30,120811520
2026-03-30 17:42:47,30,120971264
2026-03-30 17:42:59,30,120627200
2026-03-30 17:43:11,30,120799232
2026-03-30 17:43:24,30,120602624
2026-03-30 17:43:36,31,121552896
2026-03-30 17:43:48,31,121143296
2026-03-30 17:44:00,31,121237504
2026-03-30 17:44:12,31,121438208
2026-03-30 17:44:24,31,121389056
2026-03-30 17:44:37,32,121106432
2026-03-30 17:44:49,32,120770560
2026-03-30 17:45:01,32,121098240
2026-03-30 17:45:13,32,121307136
2026-03-30 17:45:25,33,121487360
2026-03-30 17:45:37,33,121450496
2026-03-30 17:45:49,33,121233408
2026-03-30 17:46:02,33,121901056
2026-03-30 17:46:14,33,121585664
2026-03-30 17:46:26,34,121622528
2026-03-30 17:46:38,34,121319424
2026-03-30 17:46:50,34,122171392
2026-03-30 17:47:02,34,121380864
2026-03-30 17:47:14,34,121487360
2026-03-30 17:47:27,35,121544704
2026-03-30 17:47:39,35,121253888
2026-03-30 17:47:51,35,121409536
2026-03-30 17:48:03,35,121905152
2026-03-30 17:48:15,35,121745408
2026-03-30 17:48:27,36,121290752
2026-03-30 17:48:39,36,121626624
2026-03-30 17:48:51,36,121610240
2026-03-30 17:49:03,36,122085376
2026-03-30 17:49:15,36,122437632
2026-03-30 17:49:27,37,121925632
2026-03-30 17:49:39,37,122007552
2026-03-30 17:49:52,37,121548800
2026-03-30 17:50:04,37,121974784
2026-03-30 17:50:16,37,122318848
2026-03-30 17:50:28,38,121884672
2026-03-30 17:50:40,38,121819136
2026-03-30 17:50:52,38,122540032
2026-03-30 17:51:04,38,121774080
2026-03-30 17:51:16,38,121774080
2026-03-30 17:51:28,39,121843712
2026-03-30 17:51:40,39,122142720
2026-03-30 17:51:52,39,122015744
2026-03-30 17:52:05,39,121905152
2026-03-30 17:52:17,39,121556992
2026-03-30 17:52:29,40,122384384
2026-03-30 17:52:41,40,121835520
2026-03-30 17:52:53,40,122159104
2026-03-30 17:53:06,40,121839616
2026-03-30 17:53:18,40,121761792
2026-03-30 17:53:30,41,123199488
2026-03-30 17:53:42,41,122667008
2026-03-30 17:53:54,41,122662912
2026-03-30 17:54:07,41,122052608
2026-03-30 17:54:19,41,121659392
2026-03-30 17:54:31,42,122179584
2026-03-30 17:54:43,42,122142720
2026-03-30 17:54:55,42,122400768
2026-03-30 17:55:07,42,122384384
2026-03-30 17:55:19,42,122490880
2026-03-30 17:55:32,43,122327040
2026-03-30 17:55:44,43,122212352
2026-03-30 17:55:56,43,122589184
2026-03-30 17:56:08,43,122417152
2026-03-30 17:56:20,43,122974208
2026-03-30 17:56:32,44,122957824
2026-03-30 17:56:44,44,122839040
2026-03-30 17:56:56,44,122421248
2026-03-30 17:57:08,44,121933824
2026-03-30 17:57:20,44,122720256
2026-03-30 17:57:33,45,122404864
2026-03-30 17:57:45,45,122257408
2026-03-30 17:57:57,45,122155008
2026-03-30 17:58:09,45,122228736
2026-03-30 17:58:21,45,122810368
2026-03-30 17:58:33,46,122843136
2026-03-30 17:58:45,46,122552320
2026-03-30 17:58:58,46,122281984
2026-03-30 17:59:10,46,122798080
2026-03-30 17:59:22,46,122298368
2026-03-30 17:59:34,47,122277888
2026-03-30 17:59:46,47,122691584
2026-03-30 17:59:58,47,122810368
2026-03-30 18:00:10,47,122118144
2026-03-30 18:00:23,47,122511360
2026-03-30 18:00:35,48,122351616
2026-03-30 18:00:47,48,123437056
2026-03-30 18:00:59,48,122523648
2026-03-30 18:01:11,48,122937344
2026-03-30 18:01:24,48,122761216
2026-03-30 18:01:36,49,123375616
2026-03-30 18:01:48,49,122511360
2026-03-30 18:02:00,49,123052032
2026-03-30 18:02:12,49,123502592
2026-03-30 18:02:24,49,123129856
2026-03-30 18:02:36,50,122966016
2026-03-30 18:02:49,50,122920960
2026-03-30 18:03:01,50,123363328
2026-03-30 18:03:13,50,123191296
2026-03-30 18:03:25,51,122978304
2026-03-30 18:03:37,51,123277312
2026-03-30 18:03:49,51,122646528
2026-03-30 18:04:02,51,123277312
2026-03-30 18:04:14,51,123293696
2026-03-30 18:04:26,52,123232256
2026-03-30 18:04:38,52,122773504
2026-03-30 18:04:51,52,123207680
2026-03-30 18:05:03,52,122896384
2026-03-30 18:05:15,52,123084800
2026-03-30 18:05:27,53,123097088
2026-03-30 18:05:39,53,123342848
2026-03-30 18:05:51,53,123240448
2026-03-30 18:06:04,53,123453440
2026-03-30 18:06:16,53,123052032
2026-03-30 18:06:28,54,123555840
2026-03-30 18:06:40,54,123334656
2026-03-30 18:06:52,54,123457536
2026-03-30 18:07:05,54,123359232
2026-03-30 18:07:17,54,122929152
2026-03-30 18:07:29,55,124006400
2026-03-30 18:07:41,55,123691008
2026-03-30 18:07:53,55,123785216
2026-03-30 18:08:05,55,123510784
2026-03-30 18:08:17,55,123641856
2026-03-30 18:08:29,56,123281408
2026-03-30 18:08:42,56,123842560
2026-03-30 18:08:54,56,123346944
2026-03-30 18:09:06,56,123461632
2026-03-30 18:09:18,56,123183104
2026-03-30 18:09:30,57,123625472
2026-03-30 18:09:42,57,123977728
2026-03-30 18:09:55,57,123645952
2026-03-30 18:10:07,57,123351040
2026-03-30 18:10:19,57,123719680
2026-03-30 18:10:31,58,123437056
2026-03-30 18:10:43,58,123625472
2026-03-30 18:10:56,58,124354560
2026-03-30 18:11:08,58,123752448
2026-03-30 18:11:20,58,123727872
2026-03-30 18:11:32,59,123777024
2026-03-30 18:11:44,59,123400192
2026-03-30 18:11:56,59,124076032
2026-03-30 18:12:09,59,123674624
2026-03-30 18:12:21,59,123793408
2026-03-30 18:12:33,60,123899904
2026-03-30 18:12:45,60,124395520
2026-03-30 18:12:57,60,123969536
2026-03-30 18:13:09,60,124100608
2026-03-30 18:13:22,60,124039168
2026-03-30 18:13:34,61,124702720
2026-03-30 18:13:46,61,124588032
2026-03-30 18:13:58,61,124346368
2026-03-30 18:14:10,61,124370944
2026-03-30 18:14:23,61,124362752
2026-03-30 18:14:35,62,123973632
2026-03-30 18:14:47,62,124612608
2026-03-30 18:14:59,62,124448768
2026-03-30 18:15:11,62,124448768
2026-03-30 18:15:23,62,124362752
2026-03-30 18:15:35,63,123600896
2026-03-30 18:15:47,63,124272640
2026-03-30 18:15:59,63,123682816
2026-03-30 18:16:11,63,124289024
2026-03-30 18:16:24,63,124190720
2026-03-30 18:16:36,64,124469248
2026-03-30 18:16:48,64,124190720
2026-03-30 18:17:00,64,124358656
2026-03-30 18:17:12,64,124538880
2026-03-30 18:17:25,65,124588032
2026-03-30 18:17:37,65,124211200
2026-03-30 18:17:49,65,124514304
2026-03-30 18:18:01,65,124600320
2026-03-30 18:18:13,65,124522496
2026-03-30 18:18:25,66,124391424
2026-03-30 18:18:37,66,124682240
2026-03-30 18:18:50,66,124678144
2026-03-30 18:19:02,66,124149760
2026-03-30 18:19:14,66,125734912
2026-03-30 18:19:26,67,124624896
2026-03-30 18:19:39,67,124833792
2026-03-30 18:19:51,67,124616704
2026-03-30 18:20:03,67,124309504
2026-03-30 18:20:15,67,124358656
2026-03-30 18:20:27,68,125296640
2026-03-30 18:20:39,68,125493248
2026-03-30 18:20:52,68,125100032
2026-03-30 18:21:04,68,124915712
2026-03-30 18:21:16,68,124641280
2026-03-30 18:21:28,69,125128704
2026-03-30 18:21:40,69,124715008
2026-03-30 18:21:52,69,124989440
2026-03-30 18:22:04,69,125075456
2026-03-30 18:22:16,69,124764160
2026-03-30 18:22:29,70,124915712
2026-03-30 18:22:41,70,124882944
2026-03-30 18:22:53,70,125460480
2026-03-30 18:23:05,70,124747776
2026-03-30 18:23:18,70,124850176
2026-03-30 18:23:30,71,125169664
2026-03-30 18:23:42,71,124985344
2026-03-30 18:23:54,71,125063168
2026-03-30 18:24:06,71,124784640
2026-03-30 18:24:19,71,125534208
2026-03-30 18:24:31,72,125816832
2026-03-30 18:24:43,72,125136896
2026-03-30 18:24:55,72,125263872
2026-03-30 18:25:07,72,125227008
2026-03-30 18:25:19,72,125222912
2026-03-30 18:25:31,73,125210624
2026-03-30 18:25:44,73,124878848
2026-03-30 18:25:56,73,125509632
2026-03-30 18:26:08,73,126062592
2026-03-30 18:26:20,73,124698624
2026-03-30 18:26:32,74,124932096
2026-03-30 18:26:45,74,124723200
2026-03-30 18:26:57,74,124936192
2026-03-30 18:27:09,74,125214720
2026-03-30 18:27:21,74,125628416
2026-03-30 18:27:33,75,125882368
2026-03-30 18:27:45,75,125145088
2026-03-30 18:27:57,75,125063168
2026-03-30 18:28:09,75,125710336
2026-03-30 18:28:21,75,124968960
2026-03-30 18:28:33,76,125706240
2026-03-30 18:28:46,76,125235200
2026-03-30 18:28:58,76,125550592
2026-03-30 18:29:10,76,125706240
2026-03-30 18:29:22,76,126226432
2026-03-30 18:29:34,77,125374464
2026-03-30 18:29:46,77,125681664
2026-03-30 18:29:58,77,126431232
2026-03-30 18:30:10,77,125870080
2026-03-30 18:30:23,77,125599744
2026-03-30 18:30:35,78,125747200
2026-03-30 18:30:47,78,125616128
2026-03-30 18:30:59,78,125612032
2026-03-30 18:31:11,78,126398464
2026-03-30 18:31:23,78,125460480
2026-03-30 18:31:35,79,125956096
2026-03-30 18:31:48,79,125550592
2026-03-30 18:32:00,79,125652992
2026-03-30 18:32:12,79,125530112
2026-03-30 18:32:24,79,125743104
2026-03-30 18:32:36,80,125915136
2026-03-30 18:32:49,80,126619648
2026-03-30 18:33:01,80,125911040
2026-03-30 18:33:13,80,126091264
2026-03-30 18:33:25,81,125526016
2026-03-30 18:33:37,81,125997056
2026-03-30 18:33:49,81,126140416
2026-03-30 18:34:01,81,126472192
2026-03-30 18:34:14,81,125730816
2026-03-30 18:34:26,82,126025728
2026-03-30 18:34:38,82,126427136
2026-03-30 18:34:50,82,125718528
2026-03-30 18:35:03,82,126119936
2026-03-30 18:35:15,82,126701568
2026-03-30 18:35:27,83,126504960
2026-03-30 18:35:39,83,126844928
2026-03-30 18:35:52,83,125587456
2026-03-30 18:36:04,83,126652416
2026-03-30 18:36:16,83,126832640
2026-03-30 18:36:28,84,126988288
2026-03-30 18:36:40,84,126558208
2026-03-30 18:36:52,84,126803968
2026-03-30 18:37:05,84,126898176
2026-03-30 18:37:17,84,125886464
2026-03-30 18:37:29,85,126758912
2026-03-30 18:37:41,85,126328832
2026-03-30 18:37:53,85,127045632
2026-03-30 18:38:06,85,126574592
2026-03-30 18:38:18,85,126500864
2026-03-30 18:38:30,86,126509056
2026-03-30 18:38:42,86,126554112
2026-03-30 18:38:54,86,127115264
2026-03-30 18:39:07,86,125808640
2026-03-30 18:39:19,86,126566400
2026-03-30 18:39:31,87,126726144
2026-03-30 18:39:43,87,127238144
2026-03-30 18:39:55,87,126595072
2026-03-30 18:40:07,87,126664704
2026-03-30 18:40:19,87,126533632
2026-03-30 18:40:31,88,127234048
2026-03-30 18:40:44,88,126541824
2026-03-30 18:40:56,88,126562304
2026-03-30 18:41:08,88,126222336
2026-03-30 18:41:20,88,127111168
2026-03-30 18:41:32,89,126967808
2026-03-30 18:41:44,89,127135744
2026-03-30 18:41:57,89,127016960
2026-03-30 18:42:09,89,127094784
2026-03-30 18:42:21,89,127500288
2026-03-30 18:42:33,90,127115264
2026-03-30 18:42:45,90,127287296
2026-03-30 18:42:57,90,126562304
2026-03-30 18:43:10,90,126816256
2026-03-30 18:43:22,90,127074304
2026-03-30 18:43:34,91,126767104
2026-03-30 18:43:46,91,127074304
2026-03-30 18:43:59,91,127254528
2026-03-30 18:44:11,91,127209472
2026-03-30 18:44:23,91,127459328
2026-03-30 18:44:36,92,127299584
2026-03-30 18:44:48,92,127324160
2026-03-30 18:45:00,92,126828544
2026-03-30 18:45:13,92,127299584
2026-03-30 18:45:25,93,127393792
2026-03-30 18:45:37,93,127549440
2026-03-30 18:45:49,93,127545344
2026-03-30 18:46:01,93,127488000
2026-03-30 18:46:14,93,127500288
2026-03-30 18:46:26,94,127238144
2026-03-30 18:46:38,94,126730240
2026-03-30 18:46:50,94,127496192
2026-03-30 18:47:03,94,127123456
2026-03-30 18:47:15,94,127901696
2026-03-30 18:47:27,95,127549440
2026-03-30 18:47:40,95,127721472
2026-03-30 18:47:52,95,128475136
2026-03-30 18:48:04,95,127713280
2026-03-30 18:48:16,95,127594496
2026-03-30 18:48:29,96,126849024
2026-03-30 18:48:41,96,127614976
2026-03-30 18:48:53,96,127823872
2026-03-30 18:49:05,96,127647744
2026-03-30 18:49:18,96,127381504
2026-03-30 18:49:30,97,128229376
2026-03-30 18:49:42,97,126906368
2026-03-30 18:49:54,97,127864832
2026-03-30 18:50:06,97,127614976
2026-03-30 18:50:18,97,128147456
2026-03-30 18:50:30,98,128045056
2026-03-30 18:50:42,98,128073728
2026-03-30 18:50:54,98,127524864
2026-03-30 18:51:07,98,127778816
2026-03-30 18:51:19,98,127922176
2026-03-30 18:51:31,99,127967232
2026-03-30 18:51:43,99,127856640
2026-03-30 18:51:55,99,127954944
2026-03-30 18:52:07,99,127418368
2026-03-30 18:52:20,99,127930368
2026-03-30 18:52:32,100,128446464
2026-03-30 18:52:44,100,128372736
2026-03-30 18:52:56,100,128270336
2026-03-30 18:53:08,100,127782912
2026-03-30 18:53:21,100,127614976
2026-03-30 18:53:33,101,127942656
2026-03-30 18:53:45,101,127983616
2026-03-30 18:53:57,101,127848448
2026-03-30 18:54:09,101,128221184
2026-03-30 18:54:22,101,128380928
2026-03-30 18:54:34,102,128212992
2026-03-30 18:54:46,102,127750144
2026-03-30 18:54:58,102,127983616
2026-03-30 18:55:10,102,128147456
2026-03-30 18:55:22,102,127623168
2026-03-30 18:55:34,103,128348160
2026-03-30 18:55:47,103,128561152
2026-03-30 18:55:59,103,127877120
2026-03-30 18:56:11,103,128425984
2026-03-30 18:56:23,103,127782912
2026-03-30 18:56:35,104,128110592
2026-03-30 18:56:48,104,128528384
2026-03-30 18:57:00,104,128073728
2026-03-30 18:57:12,104,128233472
2026-03-30 18:57:24,104,128126976
2026-03-30 18:57:36,105,127836160
2026-03-30 18:57:49,105,128507904
2026-03-30 18:58:01,105,128393216
2026-03-30 18:58:13,105,127934464
2026-03-30 18:58:25,106,129167360
2026-03-30 18:58:37,106,129060864
2026-03-30 18:58:50,106,127995904
2026-03-30 18:59:02,106,128712704
2026-03-30 18:59:14,106,128057344
2026-03-30 18:59:26,107,128729088
2026-03-30 18:59:38,107,128327680
2026-03-30 18:59:51,107,127918080
2026-03-30 19:00:03,107,128647168
2026-03-30 19:00:15,107,128606208
2026-03-30 19:00:27,108,128888832
2026-03-30 19:00:39,108,128741376
2026-03-30 19:00:52,108,129183744
2026-03-30 19:01:04,108,128266240
2026-03-30 19:01:16,108,129425408
2026-03-30 19:01:28,109,128876544
2026-03-30 19:01:41,109,128778240
2026-03-30 19:01:53,109,128823296
2026-03-30 19:02:05,109,128634880
2026-03-30 19:02:17,109,128901120
2026-03-30 19:02:29,110,129294336
2026-03-30 19:02:41,110,128770048
2026-03-30 19:02:53,110,129384448
2026-03-30 19:03:05,110,129359872
2026-03-30 19:03:17,110,128937984
2026-03-30 19:03:29,111,129052672
2026-03-30 19:03:41,111,129220608
2026-03-30 19:03:53,111,129298432
2026-03-30 19:04:06,111,128532480
2026-03-30 19:04:18,111,129122304
2026-03-30 19:04:30,112,129388544
2026-03-30 19:04:42,112,129122304
2026-03-30 19:04:54,112,129163264
2026-03-30 19:05:06,112,129097728
2026-03-30 19:05:18,112,129597440
2026-03-30 19:05:31,113,129134592
2026-03-30 19:05:43,113,129327104
2026-03-30 19:05:55,113,129589248
2026-03-30 19:06:07,113,129253376
2026-03-30 19:06:19,113,128512000
2026-03-30 19:06:32,114,129200128
2026-03-30 19:06:44,114,129179648
2026-03-30 19:06:56,114,129150976
2026-03-30 19:07:08,114,129474560
2026-03-30 19:07:20,114,129503232
2026-03-30 19:07:32,115,129228800
2026-03-30 19:07:45,115,128708608
2026-03-30 19:07:57,115,129097728
2026-03-30 19:08:09,115,129470464
2026-03-30 19:08:21,115,129355776
2026-03-30 19:08:33,116,130002944
2026-03-30 19:08:45,116,129622016
2026-03-30 19:08:58,116,129748992
2026-03-30 19:09:10,116,129871872
2026-03-30 19:09:22,116,129204224
2026-03-30 19:09:34,117,129593344
2026-03-30 19:09:46,117,130015232
2026-03-30 19:09:58,117,129708032
2026-03-30 19:10:10,117,129855488
2026-03-30 19:10:22,117,130007040
2026-03-30 19:10:34,118,129986560
2026-03-30 19:10:47,118,129679360
2026-03-30 19:10:59,118,130170880
2026-03-30 19:11:11,118,129568768
2026-03-30 19:11:23,118,129380352
2026-03-30 19:11:36,119,129564672
2026-03-30 19:11:48,119,129519616
2026-03-30 19:12:00,119,129589248
2026-03-30 19:12:12,119,130326528
2026-03-30 19:12:24,119,130158592
2026-03-30 19:12:36,120,129445888
2026-03-30 19:12:48,120,129859584
2026-03-30 19:13:00,120,129552384
2026-03-30 19:13:12,120,130322432
2026-03-30 19:13:25,121,130154496
2026-03-30 19:13:37,121,130289664
2026-03-30 19:13:49,121,130478080
2026-03-30 19:14:01,121,130617344
2026-03-30 19:14:13,121,129814528
2026-03-30 19:14:26,122,129785856
2026-03-30 19:14:38,122,129892352
2026-03-30 19:14:50,122,130277376
2026-03-30 19:15:02,122,129626112
2026-03-30 19:15:14,122,130170880
2026-03-30 19:15:26,123,130551808
2026-03-30 19:15:38,123,129875968
2026-03-30 19:15:50,123,130322432
2026-03-30 19:16:02,123,130605056
2026-03-30 19:16:15,123,130215936
2026-03-30 19:16:27,124,130756608
2026-03-30 19:16:39,124,129990656
2026-03-30 19:16:51,124,130248704
2026-03-30 19:17:03,124,129744896
2026-03-30 19:17:15,124,130408448
2026-03-30 19:17:27,125,130768896
2026-03-30 19:17:39,125,130162688
2026-03-30 19:17:52,125,130760704
2026-03-30 19:18:04,125,130166784
2026-03-30 19:18:16,125,130953216
2026-03-30 19:18:28,126,130486272
2026-03-30 19:18:40,126,130625536
2026-03-30 19:18:52,126,130482176
2026-03-30 19:19:04,126,129384448
2026-03-30 19:19:17,126,130342912
2026-03-30 19:19:29,127,131317760
2026-03-30 19:19:41,127,130129920
2026-03-30 19:19:53,127,130482176
2026-03-30 19:20:06,127,130809856
2026-03-30 19:20:18,127,129937408
2026-03-30 19:20:30,128,130596864
2026-03-30 19:20:42,128,131026944
2026-03-30 19:20:54,128,131084288
2026-03-30 19:21:06,128,130842624
2026-03-30 19:21:18,128,130985984
2026-03-30 19:21:31,129,130973696
2026-03-30 19:21:43,129,130834432
2026-03-30 19:21:55,129,130961408
2026-03-30 19:22:07,129,131153920
2026-03-30 19:22:20,129,131289088
2026-03-30 19:22:32,130,131334144
2026-03-30 19:22:44,130,131194880
2026-03-30 19:22:56,130,130994176
2026-03-30 19:23:08,130,130588672
2026-03-30 19:23:20,130,130805760
2026-03-30 19:23:33,131,131305472
2026-03-30 19:23:45,131,131035136
2026-03-30 19:23:57,131,131391488
2026-03-30 19:24:09,131,130670592
2026-03-30 19:24:22,131,131506176
2026-03-30 19:24:34,132,131657728
2026-03-30 19:24:46,132,131031040
2026-03-30 19:24:58,132,130908160
2026-03-30 19:25:10,132,131620864
2026-03-30 19:25:23,132,131268608
2026-03-30 19:25:35,133,131305472
2026-03-30 19:25:47,133,131653632
2026-03-30 19:25:59,133,131682304
2026-03-30 19:26:12,133,131424256
2026-03-30 19:26:24,133,130879488
2026-03-30 19:26:36,134,131538944
2026-03-30 19:26:48,134,130895872
2026-03-30 19:27:00,134,131121152
2026-03-30 19:27:12,134,131571712
2026-03-30 19:27:24,134,131497984
2026-03-30 19:27:37,135,130453504
2026-03-30 19:27:49,135,131784704
2026-03-30 19:28:01,135,131391488
2026-03-30 19:28:13,135,131489792
2026-03-30 19:28:25,136,131350528
2026-03-30 19:28:37,136,131178496
2026-03-30 19:28:49,136,131018752
2026-03-30 19:29:02,136,131739648
2026-03-30 19:29:14,136,131567616
2026-03-30 19:29:26,137,131334144
2026-03-30 19:29:38,137,131710976
2026-03-30 19:29:50,137,131854336
2026-03-30 19:30:03,137,131395584
2026-03-30 19:30:15,137,131518464
2026-03-30 19:30:27,138,131547136
2026-03-30 19:30:39,138,131801088
2026-03-30 19:30:51,138,131936256
2026-03-30 19:31:03,138,131710976
2026-03-30 19:31:16,138,132079616
2026-03-30 19:31:28,139,131805184
2026-03-30 19:31:40,139,131641344
2026-03-30 19:31:52,139,131756032
2026-03-30 19:32:04,139,131383296
2026-03-30 19:32:17,139,132214784
2026-03-30 19:32:29,140,132247552
2026-03-30 19:32:41,140,131829760
2026-03-30 19:32:54,140,132038656
2026-03-30 19:33:06,140,131817472
2026-03-30 19:33:18,140,131690496
2026-03-30 19:33:30,141,131600384
2026-03-30 19:33:42,141,131903488
2026-03-30 19:33:54,141,131932160
2026-03-30 19:34:07,141,132227072
2026-03-30 19:34:19,141,132022272
2026-03-30 19:34:31,142,131805184
2026-03-30 19:34:43,142,131993600
2026-03-30 19:34:55,142,132321280
2026-03-30 19:35:08,142,131973120
2026-03-30 19:35:20,142,132149248
2026-03-30 19:35:32,143,132505600
2026-03-30 19:35:44,143,132243456
2026-03-30 19:35:56,143,131817472
2026-03-30 19:36:08,143,132427776
2026-03-30 19:36:21,143,132485120
2026-03-30 19:36:33,144,132665344
2026-03-30 19:36:45,144,132239360
2026-03-30 19:36:57,144,132321280
2026-03-30 19:37:09,144,132317184
2026-03-30 19:37:21,144,132284416
2026-03-30 19:37:33,145,132120576
2026-03-30 19:37:46,145,132014080
2026-03-30 19:37:58,145,132472832
2026-03-30 19:38:10,145,133165056
2026-03-30 19:38:22,145,132685824
2026-03-30 19:38:34,146,133181440
2026-03-30 19:38:47,146,132325376
2026-03-30 19:38:59,146,132218880
2026-03-30 19:39:11,146,133103616
2026-03-30 19:39:23,146,132640768
2026-03-30 19:39:35,147,132620288
2026-03-30 19:39:47,147,132464640
2026-03-30 19:39:59,147,132435968
2026-03-30 19:40:12,147,132460544
2026-03-30 19:40:24,147,132399104
2026-03-30 19:40:36,148,132882432
2026-03-30 19:40:48,148,132263936
2026-03-30 19:41:00,148,132423680
2026-03-30 19:41:12,148,132501504
2026-03-30 19:41:24,148,132644864
2026-03-30 19:41:37,149,133066752
2026-03-30 19:41:49,149,133140480
2026-03-30 19:42:01,149,132694016
2026-03-30 19:42:13,149,132378624
2026-03-30 19:42:25,150,133054464
2026-03-30 19:42:37,150,133033984
2026-03-30 19:42:49,150,132984832
2026-03-30 19:43:02,150,132554752
2026-03-30 19:43:14,150,133107712
2026-03-30 19:43:26,151,132878336
2026-03-30 19:43:38,151,133038080
2026-03-30 19:43:51,151,133099520
2026-03-30 19:44:03,151,133087232
2026-03-30 19:44:15,151,133152768
2026-03-30 19:44:27,152,132993024
2026-03-30 19:44:40,152,133644288
2026-03-30 19:44:52,152,132902912
2026-03-30 19:45:04,152,132829184
2026-03-30 19:45:16,152,133468160
2026-03-30 19:45:29,153,133660672
2026-03-30 19:45:41,153,133382144
2026-03-30 19:45:53,153,133894144
2026-03-30 19:46:05,153,133660672
2026-03-30 19:46:18,153,133120000
2026-03-30 19:46:30,154,133619712
2026-03-30 19:46:42,154,133369856
2026-03-30 19:46:55,154,133246976
2026-03-30 19:47:07,154,132894720
2026-03-30 19:47:19,154,133697536
2026-03-30 19:47:31,155,133898240
2026-03-30 19:47:43,155,133029888
2026-03-30 19:47:56,155,133107712
2026-03-30 19:48:08,155,133230592
2026-03-30 19:48:21,155,133242880
2026-03-30 19:48:33,156,133251072
2026-03-30 19:48:45,156,133242880
2026-03-30 19:48:58,156,133120000
2026-03-30 19:49:10,156,133701632
2026-03-30 19:49:22,156,133287936
2026-03-30 19:49:34,157,133230592
2026-03-30 19:49:46,157,133283840
2026-03-30 19:49:58,157,132718592
2026-03-30 19:50:11,157,133709824
2026-03-30 19:50:23,157,133218304
2026-03-30 19:50:36,158,133541888
2026-03-30 19:50:48,158,133820416
2026-03-30 19:51:00,158,133394432
2026-03-30 19:51:12,158,133763072
2026-03-30 19:51:25,159,134520832
2026-03-30 19:51:37,159,134012928
2026-03-30 19:51:49,159,134074368
2026-03-30 19:52:01,159,133746688
2026-03-30 19:52:14,159,133820416
2026-03-30 19:52:26,160,133668864
2026-03-30 19:52:38,160,133869568
2026-03-30 19:52:51,160,133685248
2026-03-30 19:53:03,160,133382144
2026-03-30 19:53:15,160,133898240
2026-03-30 19:53:27,161,133890048
2026-03-30 19:53:40,161,133525504
2026-03-30 19:53:52,161,134074368
2026-03-30 19:54:04,161,134213632
2026-03-30 19:54:17,161,134144000
2026-03-30 19:54:29,162,133230592
2026-03-30 19:54:42,162,133947392
2026-03-30 19:54:54,162,133890048
2026-03-30 19:55:06,162,134332416
2026-03-30 19:55:18,162,134062080
2026-03-30 19:55:31,163,134000640
2026-03-30 19:55:43,163,133623808
2026-03-30 19:55:56,163,134086656
2026-03-30 19:56:08,163,133873664
2026-03-30 19:56:20,163,133808128
2026-03-30 19:56:32,164,134332416
2026-03-30 19:56:45,164,134074368
2026-03-30 19:56:57,164,133386240
2026-03-30 19:57:09,164,133943296
2026-03-30 19:57:22,164,134193152
2026-03-30 19:57:34,165,133750784
2026-03-30 19:57:46,165,134197248
2026-03-30 19:57:58,165,134193152
2026-03-30 19:58:10,165,134483968
2026-03-30 19:58:23,165,134197248
2026-03-30 19:58:35,166,134295552
2026-03-30 19:58:47,166,134373376
2026-03-30 19:58:59,166,134578176
2026-03-30 19:59:12,166,134737920
2026-03-30 19:59:24,166,135225344
2026-03-30 19:59:36,167,134356992
2026-03-30 19:59:49,167,135036928
2026-03-30 20:00:01,167,134275072
2026-03-30 20:00:13,167,134950912
2026-03-30 20:00:25,168,134266880
2026-03-30 20:00:37,168,134791168
2026-03-30 20:00:50,168,134823936
2026-03-30 20:01:02,168,134574080
2026-03-30 20:01:14,168,134488064
2026-03-30 20:01:27,169,134344704
2026-03-30 20:01:39,169,134475776
2026-03-30 20:01:51,169,134955008
2026-03-30 20:02:03,169,134553600
2026-03-30 20:02:16,169,134688768
2026-03-30 20:02:28,170,134758400
2026-03-30 20:02:40,170,134086656
2026-03-30 20:02:53,170,135004160
2026-03-30 20:03:05,170,134606848
2026-03-30 20:03:17,170,134795264
2026-03-30 20:03:30,171,134561792
2026-03-30 20:03:42,171,134451200
2026-03-30 20:03:54,171,134782976
2026-03-30 20:04:07,171,135090176
2026-03-30 20:04:20,171,135114752
2026-03-30 20:04:32,172,135061504
2026-03-30 20:04:44,172,134840320
2026-03-30 20:04:57,172,134533120
2026-03-30 20:05:09,172,134733824
2026-03-30 20:05:22,172,135020544
2026-03-30 20:05:34,173,135143424
2026-03-30 20:05:46,173,135401472
2026-03-30 20:05:58,173,134815744
2026-03-30 20:06:11,173,134934528
2026-03-30 20:06:23,173,135507968
2026-03-30 20:06:35,174,135208960
2026-03-30 20:06:48,174,135761920
2026-03-30 20:07:00,174,134344704
2026-03-30 20:07:12,174,135356416
2026-03-30 20:07:24,174,134856704
2026-03-30 20:07:37,175,135716864
2026-03-30 20:07:49,175,134955008
2026-03-30 20:08:01,175,135413760
2026-03-30 20:08:14,175,135192576
2026-03-30 20:08:26,176,135421952
2026-03-30 20:08:38,176,134803456
2026-03-30 20:08:50,176,135426048
2026-03-30 20:09:03,176,135446528
2026-03-30 20:09:15,176,135229440
2026-03-30 20:09:27,177,135077888
2026-03-30 20:09:40,177,134983680
2026-03-30 20:09:52,177,135507968
2026-03-30 20:10:04,177,135970816
2026-03-30 20:10:16,177,135733248
2026-03-30 20:10:29,178,135585792
2026-03-30 20:10:41,178,135553024
2026-03-30 20:10:54,178,135712768
2026-03-30 20:11:06,178,136220672
2026-03-30 20:11:18,178,135708672
2026-03-30 20:11:31,179,136007680
2026-03-30 20:11:43,179,135065600
2026-03-30 20:11:56,179,135258112
2026-03-30 20:12:08,179,135372800
2026-03-30 20:12:20,179,136065024
2026-03-30 20:12:32,180,135856128
2026-03-30 20:12:45,180,135598080
2026-03-30 20:12:57,180,136073216
2026-03-30 20:13:09,180,135417856
2026-03-30 20:13:21,180,136089600
2026-03-30 20:13:33,181,136749056
2026-03-30 20:13:45,181,136151040
2026-03-30 20:13:58,181,136540160
2026-03-30 20:14:10,181,136704000
2026-03-30 20:14:23,181,135831552
2026-03-30 20:14:35,182,136482816
2026-03-30 20:14:48,182,135725056
2026-03-30 20:15:00,182,136421376
2026-03-30 20:15:13,182,135753728
2026-03-30 20:15:25,183,135970816
2026-03-30 20:15:37,183,135733248
2026-03-30 20:15:49,183,135450624
2026-03-30 20:16:02,183,136323072
2026-03-30 20:16:14,183,136433664
2026-03-30 20:16:27,184,136032256
2026-03-30 20:16:39,184,135700480
2026-03-30 20:16:51,184,136192000
2026-03-30 20:17:03,184,135888896
2026-03-30 20:17:16,184,135409664
2026-03-30 20:17:28,185,136417280
2026-03-30 20:17:40,185,135626752
2026-03-30 20:17:52,185,135729152
2026-03-30 20:18:05,185,135983104
2026-03-30 20:18:17,185,136671232
2026-03-30 20:18:29,186,136159232
2026-03-30 20:18:42,186,135946240
2026-03-30 20:18:54,186,136593408
2026-03-30 20:19:07,186,136339456
2026-03-30 20:19:19,186,136851456
2026-03-30 20:19:31,187,135475200
2026-03-30 20:19:44,187,136200192
2026-03-30 20:19:56,187,135913472
2026-03-30 20:20:08,187,136052736
2026-03-30 20:20:21,187,136335360
2026-03-30 20:20:33,188,136134656
2026-03-30 20:20:45,188,136663040
2026-03-30 20:20:58,188,136683520
2026-03-30 20:21:10,188,136396800
2026-03-30 20:21:22,188,136531968
2026-03-30 20:21:34,189,136003584
2026-03-30 20:21:47,189,136302592
2026-03-30 20:21:59,189,136962048
2026-03-30 20:22:11,189,135733248
2026-03-30 20:22:24,189,136966144
2026-03-30 20:22:36,190,136429568
2026-03-30 20:22:48,190,136200192
2026-03-30 20:23:00,190,137232384
2026-03-30 20:23:13,190,136519680
2026-03-30 20:23:25,191,137015296
2026-03-30 20:23:37,191,136433664
2026-03-30 20:23:49,191,137027584
2026-03-30 20:24:02,191,137232384
2026-03-30 20:24:14,191,136351744
2026-03-30 20:24:26,192,136765440
2026-03-30 20:24:38,192,136667136
2026-03-30 20:24:51,192,137080832
2026-03-30 20:25:03,192,136790016
2026-03-30 20:25:15,192,136286208
2026-03-30 20:25:27,193,136396800
2026-03-30 20:25:40,193,137314304
2026-03-30 20:25:52,193,137523200
2026-03-30 20:26:04,193,136687616
2026-03-30 20:26:16,193,136376320
2026-03-30 20:26:29,194,136876032
2026-03-30 20:26:41,194,137670656
2026-03-30 20:26:53,194,136683520
2026-03-30 20:27:06,194,136708096
2026-03-30 20:27:18,194,137072640
2026-03-30 20:27:30,195,137457664
2026-03-30 20:27:43,195,137142272
2026-03-30 20:27:55,195,136916992
2026-03-30 20:28:07,195,136986624
2026-03-30 20:28:20,195,137285632
2026-03-30 20:28:32,196,137220096
2026-03-30 20:28:44,196,136863744
2026-03-30 20:28:57,196,137560064
2026-03-30 20:29:09,196,137609216
2026-03-30 20:29:21,196,137285632
2026-03-30 20:29:34,197,137650176
2026-03-30 20:29:46,197,137535488
2026-03-30 20:29:58,197,137285632
2026-03-30 20:30:11,197,137351168
2026-03-30 20:30:23,197,137883648
2026-03-30 20:30:35,198,137244672
2026-03-30 20:30:47,198,137637888
2026-03-30 20:31:00,198,137805824
2026-03-30 20:31:12,198,137101312
2026-03-30 20:31:24,198,137625600
2026-03-30 20:31:37,199,137506816
2026-03-30 20:31:49,199,137539584
2026-03-30 20:32:01,199,137637888
2026-03-30 20:32:14,199,137973760
2026-03-30 20:32:26,200,137461760
2026-03-30 20:32:38,200,138039296
2026-03-30 20:32:50,200,137625600
2026-03-30 20:33:03,200,137314304
2026-03-30 20:33:15,200,138010624
2026-03-30 20:33:28,201,137797632
2026-03-30 20:33:40,201,137506816
2026-03-30 20:33:52,201,137433088
2026-03-30 20:34:04,201,137555968
2026-03-30 20:34:17,201,138280960
2026-03-30 20:34:29,202,137732096
2026-03-30 20:34:42,202,137977856
2026-03-30 20:34:55,202,137871360
2026-03-30 20:35:07,202,138555392
2026-03-30 20:35:19,202,138153984
2026-03-30 20:35:31,203,137613312
2026-03-30 20:35:44,203,137834496
2026-03-30 20:35:56,203,137539584
2026-03-30 20:36:08,203,137965568
2026-03-30 20:36:21,203,138383360
2026-03-30 20:36:33,204,138432512
2026-03-30 20:36:45,204,138289152
2026-03-30 20:36:58,204,138100736
2026-03-30 20:37:10,204,137986048
2026-03-30 20:37:22,204,138240000
2026-03-30 20:37:35,205,138272768
2026-03-30 20:37:47,205,137838592
2026-03-30 20:37:59,205,137568256
2026-03-30 20:38:11,205,138141696
2026-03-30 20:38:24,205,138416128
2026-03-30 20:38:36,206,138141696
2026-03-30 20:38:48,206,138321920
2026-03-30 20:39:01,206,137986048
2026-03-30 20:39:13,206,138493952
2026-03-30 20:39:25,207,138674176
2026-03-30 20:39:38,207,138379264
2026-03-30 20:39:50,207,138067968
2026-03-30 20:40:02,207,138526720
2026-03-30 20:40:14,207,137879552
2026-03-30 20:40:27,208,138362880
2026-03-30 20:40:39,208,138301440
2026-03-30 20:40:51,208,138637312
2026-03-30 20:41:04,208,138731520
2026-03-30 20:41:16,208,138510336
2026-03-30 20:41:28,209,139087872
2026-03-30 20:41:40,209,138272768
2026-03-30 20:41:53,209,137936896
2026-03-30 20:42:05,209,138952704
2026-03-30 20:42:17,209,138289152
2026-03-30 20:42:29,210,138776576
2026-03-30 20:42:42,210,138510336
2026-03-30 20:42:54,210,138481664
2026-03-30 20:43:06,210,139354112
2026-03-30 20:43:19,210,139042816
2026-03-30 20:43:31,211,139055104
2026-03-30 20:43:43,211,138625024
2026-03-30 20:43:55,211,138600448
2026-03-30 20:44:07,211,138584064
2026-03-30 20:44:20,211,138547200
2026-03-30 20:44:32,212,139210752
2026-03-30 20:44:44,212,138858496
2026-03-30 20:44:57,212,138825728
2026-03-30 20:45:09,212,139194368
2026-03-30 20:45:22,212,139128832
2026-03-30 20:45:34,213,138956800
2026-03-30 20:45:46,213,138813440
2026-03-30 20:45:59,213,139051008
2026-03-30 20:46:11,213,139087872
2026-03-30 20:46:23,213,138809344
2026-03-30 20:46:36,214,138641408
2026-03-30 20:46:48,214,139264000
2026-03-30 20:47:00,214,139300864
2026-03-30 20:47:13,214,139116544
2026-03-30 20:47:25,215,139251712
2026-03-30 20:47:37,215,139747328
2026-03-30 20:47:49,215,139116544
2026-03-30 20:48:01,215,139452416
2026-03-30 20:48:14,215,138940416
2026-03-30 20:48:26,216,139653120
2026-03-30 20:48:39,216,139808768
2026-03-30 20:48:51,216,139149312
2026-03-30 20:49:04,216,138858496
2026-03-30 20:49:16,216,138715136
2026-03-30 20:49:28,217,138698752
2026-03-30 20:49:41,217,139358208
2026-03-30 20:49:53,217,139173888
2026-03-30 20:50:05,217,139538432
2026-03-30 20:50:18,217,139755520
2026-03-30 20:50:30,218,139341824
2026-03-30 20:50:42,218,139497472
2026-03-30 20:50:55,218,139104256
2026-03-30 20:51:07,218,139411456
2026-03-30 20:51:19,218,139030528
2026-03-30 20:51:32,219,139751424
2026-03-30 20:51:44,219,139325440
2026-03-30 20:51:56,219,139337728
2026-03-30 20:52:09,219,140189696
2026-03-30 20:52:21,219,139636736
2026-03-30 20:52:33,220,139845632
2026-03-30 20:52:45,220,139780096
2026-03-30 20:52:57,220,139411456
2026-03-30 20:53:10,220,140046336
2026-03-30 20:53:22,220,139689984
2026-03-30 20:53:34,221,140353536
2026-03-30 20:53:46,221,139796480
2026-03-30 20:53:58,221,139964416
2026-03-30 20:54:10,221,139419648
2026-03-30 20:54:23,221,139468800
2026-03-30 20:54:35,222,139776000
2026-03-30 20:54:47,222,139567104
2026-03-30 20:55:00,222,140099584
2026-03-30 20:55:12,222,139526144
2026-03-30 20:55:24,222,139427840
2026-03-30 20:55:36,223,139472896
2026-03-30 20:55:48,223,140554240
2026-03-30 20:56:01,223,139554816
2026-03-30 20:56:13,223,140087296
2026-03-30 20:56:25,224,140464128
2026-03-30 20:56:37,224,139763712
2026-03-30 20:56:50,224,140070912
2026-03-30 20:57:02,224,140414976
2026-03-30 20:57:14,224,139939840
2026-03-30 20:57:27,225,140210176
2026-03-30 20:57:39,225,139857920
2026-03-30 20:57:52,225,139513856
2026-03-30 20:58:04,225,139866112
2026-03-30 20:58:16,225,140242944
2026-03-30 20:58:28,226,139689984
2026-03-30 20:58:41,226,139845632
2026-03-30 20:58:53,226,139997184
2026-03-30 20:59:06,226,140541952
2026-03-30 20:59:18,226,140324864
2026-03-30 20:59:30,227,140185600
2026-03-30 20:59:42,227,140554240
2026-03-30 20:59:54,227,140001280
2026-03-30 21:00:07,227,139907072
2026-03-30 21:00:19,227,140292096
2026-03-30 21:00:31,228,140222464
2026-03-30 21:00:44,228,139620352
2026-03-30 21:00:56,228,140562432
2026-03-30 21:01:08,228,140029952
2026-03-30 21:01:21,228,140693504
2026-03-30 21:01:33,229,140148736
2026-03-30 21:01:45,229,140058624
2026-03-30 21:01:57,229,140328960
2026-03-30 21:02:10,229,140472320
2026-03-30 21:02:22,229,140890112
2026-03-30 21:02:34,230,139948032
2026-03-30 21:02:46,230,140730368
2026-03-30 21:02:58,230,140488704
2026-03-30 21:03:11,230,140746752
2026-03-30 21:03:23,230,140611584
2026-03-30 21:03:36,231,140345344
2026-03-30 21:03:48,231,140226560
2026-03-30 21:04:00,231,140914688
2026-03-30 21:04:13,231,141307904
2026-03-30 21:04:25,232,141447168
2026-03-30 21:04:37,232,140746752
2026-03-30 21:04:50,232,141463552
2026-03-30 21:05:03,232,139862016
2026-03-30 21:05:15,232,141029376
2026-03-30 21:05:27,233,141017088
2026-03-30 21:05:39,233,141082624
2026-03-30 21:05:52,233,140566528
2026-03-30 21:06:04,233,140722176
2026-03-30 21:06:17,233,140759040
2026-03-30 21:06:29,234,140521472
2026-03-30 21:06:41,234,141180928
2026-03-30 21:06:54,234,140681216
2026-03-30 21:07:06,234,141135872
2026-03-30 21:07:19,234,141393920
2026-03-30 21:07:31,235,140718080
2026-03-30 21:07:43,235,141045760
2026-03-30 21:07:56,235,140963840
2026-03-30 21:08:08,235,140947456
2026-03-30 21:08:20,235,141553664
2026-03-30 21:08:32,236,140939264
2026-03-30 21:08:45,236,141287424
2026-03-30 21:08:57,236,141361152
2026-03-30 21:09:09,236,141123584
2026-03-30 21:09:21,236,141344768
2026-03-30 21:09:34,237,140967936
2026-03-30 21:09:46,237,141283328
2026-03-30 21:09:58,237,142491648
2026-03-30 21:10:11,237,141217792
2026-03-30 21:10:23,237,141959168
2026-03-30 21:10:35,238,141647872
2026-03-30 21:10:48,238,141291520
2026-03-30 21:11:00,238,141504512
2026-03-30 21:11:12,238,141795328
2026-03-30 21:11:25,239,140910592
2026-03-30 21:11:37,239,141148160
2026-03-30 21:11:49,239,141721600
2026-03-30 21:12:02,239,141107200
2026-03-30 21:12:14,239,141697024
2026-03-30 21:12:26,240,141504512
2026-03-30 21:12:39,240,141901824
2026-03-30 21:12:51,240,141344768
2026-03-30 21:13:03,240,141627392
2026-03-30 21:13:16,240,141324288
2026-03-30 21:13:28,241,142548992
2026-03-30 21:13:40,241,141705216
2026-03-30 21:13:53,241,141918208
2026-03-30 21:14:05,241,141885440
2026-03-30 21:14:18,241,141623296
2026-03-30 21:14:30,242,141619200
2026-03-30 21:14:42,242,141840384
2026-03-30 21:14:54,242,142176256
2026-03-30 21:15:07,242,141844480
2026-03-30 21:15:19,242,141520896
2026-03-30 21:15:32,243,141643776
2026-03-30 21:15:44,243,142241792
2026-03-30 21:15:56,243,142049280
2026-03-30 21:16:09,243,142028800
2026-03-30 21:16:21,243,136069120
2026-03-30 21:16:33,244,135593984
2026-03-30 21:16:46,244,135778304
2026-03-30 21:16:58,244,135852032
2026-03-30 21:17:10,244,136163328
2026-03-30 21:17:22,244,136105984
2026-03-30 21:17:35,245,136540160
2026-03-30 21:17:47,245,136282112
2026-03-30 21:17:59,245,135892992
2026-03-30 21:18:11,245,135643136
2026-03-30 21:18:24,245,136396800
2026-03-30 21:18:36,246,136204288
2026-03-30 21:18:48,246,135565312
2026-03-30 21:19:01,246,135835648
2026-03-30 21:19:13,246,136237056
2026-03-30 21:19:25,247,135749632
2026-03-30 21:19:38,247,135892992
2026-03-30 21:19:50,247,136048640
2026-03-30 21:20:03,247,135774208
2026-03-30 21:20:15,247,136044544
2026-03-30 21:20:27,248,136581120
2026-03-30 21:20:40,248,136101888
2026-03-30 21:20:52,248,135593984
2026-03-30 21:21:04,248,135168000
2026-03-30 21:21:16,248,135700480
2026-03-30 21:21:29,249,135434240
2026-03-30 21:21:41,249,135004160
2026-03-30 21:21:53,249,135389184
2026-03-30 21:22:06,249,135585792
2026-03-30 21:22:18,249,135548928
2026-03-30 21:22:30,250,136126464
2026-03-30 21:22:43,250,135176192
2026-03-30 21:22:55,250,135970816
2026-03-30 21:23:07,250,135540736
2026-03-30 21:23:20,250,135663616
2026-03-30 21:23:32,251,135634944
2026-03-30 21:23:44,251,135376896
2026-03-30 21:23:57,251,135585792
2026-03-30 21:24:09,251,135118848
2026-03-30 21:24:21,251,136040448
2026-03-30 21:24:34,252,135340032
2026-03-30 21:24:46,252,135282688
2026-03-30 21:24:58,252,134959104
2026-03-30 21:25:11,252,135622656
2026-03-30 21:25:24,252,134733824
2026-03-30 21:25:36,253,135143424
2026-03-30 21:25:48,253,135000064
2026-03-30 21:26:00,253,134496256
2026-03-30 21:26:13,253,134787072
2026-03-30 21:26:25,254,134795264
2026-03-30 21:26:37,254,134320128
2026-03-30 21:26:49,254,134766592
2026-03-30 21:27:02,254,134819840
2026-03-30 21:27:14,254,134594560
2026-03-30 21:27:26,255,134823936
2026-03-30 21:27:38,255,134782976
2026-03-30 21:27:51,255,133816320
2026-03-30 21:28:03,255,133885952
2026-03-30 21:28:15,255,133701632
2026-03-30 21:28:27,256,134348800
2026-03-30 21:28:40,256,133206016
2026-03-30 21:28:52,256,134447104
2026-03-30 21:29:04,256,133709824
2026-03-30 21:29:17,256,134504448
2026-03-30 21:29:29,257,134254592
2026-03-30 21:29:41,257,133705728
2026-03-30 21:29:53,257,133726208
2026-03-30 21:30:06,257,133521408
2026-03-30 21:30:18,257,133206016
2026-03-30 21:30:30,258,133894144
2026-03-30 21:30:43,258,133361664
2026-03-30 21:30:55,258,133865472
2026-03-30 21:31:07,258,132489216
2026-03-30 21:31:19,258,133287936
2026-03-30 21:31:32,259,133206016
2026-03-30 21:31:44,259,132857856
2026-03-30 21:31:56,259,133566464
2026-03-30 21:32:09,259,133607424
2026-03-30 21:32:21,259,133132288
2026-03-30 21:32:33,260,133455872
2026-03-30 21:32:46,260,133144576
2026-03-30 21:32:58,260,133472256
2026-03-30 21:33:10,260,133005312
2026-03-30 21:33:23,260,133619712
2026-03-30 21:33:35,261,132771840
2026-03-30 21:33:47,261,133492736
2026-03-30 21:34:00,261,133246976
2026-03-30 21:34:12,261,133464064
2026-03-30 21:34:24,261,133468160
2026-03-30 21:34:37,262,133857280
2026-03-30 21:34:49,262,132935680
2026-03-30 21:35:01,262,133156864
2026-03-30 21:35:14,262,132763648
2026-03-30 21:35:26,263,133758976
2026-03-30 21:35:39,263,133681152
2026-03-30 21:35:51,263,132284416
2026-03-30 21:36:03,263,133390336
2026-03-30 21:36:16,263,132571136
2026-03-30 21:36:28,264,132415488
2026-03-30 21:36:40,264,131477504
2026-03-30 21:36:53,264,131534848
2026-03-30 21:37:05,264,131604480
2026-03-30 21:37:17,264,132063232
2026-03-30 21:37:30,265,131932160
2026-03-30 21:37:42,265,131203072
2026-03-30 21:37:54,265,131817472
2026-03-30 21:38:07,265,132251648
2026-03-30 21:38:19,265,131502080
2026-03-30 21:38:31,266,131641344
2026-03-30 21:38:43,266,132227072
2026-03-30 21:38:56,266,128557056
2026-03-30 21:39:08,266,127713280
2026-03-30 21:39:21,266,127188992
2026-03-30 21:39:33,267,127795200
2026-03-30 21:39:45,267,127184896
2026-03-30 21:39:57,267,128090112
2026-03-30 21:40:10,267,127774720
2026-03-30 21:40:22,267,127606784
2026-03-30 21:40:35,268,127819776
2026-03-30 21:40:47,268,127033344
2026-03-30 21:40:59,268,127971328
2026-03-30 21:41:11,268,127983616
2026-03-30 21:41:24,268,127709184
2026-03-30 21:41:36,269,127868928
2026-03-30 21:41:48,269,127905792
2026-03-30 21:42:00,269,128282624
2026-03-30 21:42:13,269,128364544
2026-03-30 21:42:25,270,128376832
2026-03-30 21:42:37,270,127807488
2026-03-30 21:42:49,270,127942656
2026-03-30 21:43:02,270,128057344
2026-03-30 21:43:14,270,127688704
2026-03-30 21:43:26,271,128045056
2026-03-30 21:43:38,271,128020480
2026-03-30 21:43:51,271,128614400
2026-03-30 21:44:03,271,127672320
2026-03-30 21:44:15,271,127762432
2026-03-30 21:44:27,272,128057344
2026-03-30 21:44:40,272,127991808
2026-03-30 21:44:52,272,127467520
2026-03-30 21:45:04,272,125280256
2026-03-30 21:45:17,272,125476864
2026-03-30 21:45:29,273,124870656
2026-03-30 21:45:41,273,124010496
2026-03-30 21:45:53,273,124555264
2026-03-30 21:46:06,273,124571648
2026-03-30 21:46:18,273,124928000
2026-03-30 21:46:31,274,124735488
2026-03-30 21:46:43,274,124715008
2026-03-30 21:46:55,274,124190720
2026-03-30 21:47:07,274,124305408
2026-03-30 21:47:20,274,124788736
2026-03-30 21:47:32,275,124293120
2026-03-30 21:47:44,275,125255680
2026-03-30 21:47:56,275,124506112
2026-03-30 21:48:09,275,125231104
2026-03-30 21:48:21,275,124997632
2026-03-30 21:48:33,276,123928576
2026-03-30 21:48:45,276,125788160
2026-03-30 21:48:58,276,125292544
2026-03-30 21:49:10,276,124223488
2026-03-30 21:49:23,276,124612608
2026-03-30 21:49:35,277,125263872
2026-03-30 21:49:47,277,125214720
2026-03-30 21:50:00,277,124866560
2026-03-30 21:50:12,277,125509632
2026-03-30 21:50:24,277,124899328
2026-03-30 21:50:36,278,124821504
2026-03-30 21:50:48,278,125177856
2026-03-30 21:51:01,278,125480960
2026-03-30 21:51:13,278,124858368
2026-03-30 21:51:26,279,125620224
2026-03-30 21:51:38,279,125218816
2026-03-30 21:51:50,279,124887040
2026-03-30 21:52:03,279,124850176
2026-03-30 21:52:15,279,124690432
2026-03-30 21:52:27,280,125546496
2026-03-30 21:52:39,280,125599744
2026-03-30 21:52:51,280,125304832
2026-03-30 21:53:04,280,125095936
2026-03-30 21:53:16,280,125112320
2026-03-30 21:53:29,281,125304832
2026-03-30 21:53:41,281,125108224
2026-03-30 21:53:53,281,124616704
2026-03-30 21:54:05,281,125673472
2026-03-30 21:54:18,281,125911040
2026-03-30 21:54:30,282,125046784
2026-03-30 21:54:42,282,125095936
2026-03-30 21:54:54,282,125321216
2026-03-30 21:55:06,282,125304832
2026-03-30 21:55:19,282,125124608
2026-03-30 21:55:32,283,125079552
2026-03-30 21:55:44,283,125509632
2026-03-30 21:55:56,283,125726720
2026-03-30 21:56:09,283,125313024
2026-03-30 21:56:21,283,125149184
2026-03-30 21:56:33,284,125247488
2026-03-30 21:56:45,284,125624320
2026-03-30 21:56:57,284,125722624
2026-03-30 21:57:10,284,125825024
2026-03-30 21:57:22,284,125153280
2026-03-30 21:57:34,285,125657088
2026-03-30 21:57:47,285,125333504
2026-03-30 21:57:59,285,125603840
2026-03-30 21:58:11,285,125538304
2026-03-30 21:58:24,285,126095360
2026-03-30 21:58:36,286,125267968
2026-03-30 21:58:48,286,126578688
2026-03-30 21:59:01,286,126058496
2026-03-30 21:59:13,286,125587456
2026-03-30 21:59:25,287,125816832
2026-03-30 21:59:38,287,125747200
2026-03-30 21:59:50,287,125116416
2026-03-30 22:00:02,287,126656512
2026-03-30 22:00:15,287,126226432
2026-03-30 22:00:27,288,126042112
2026-03-30 22:00:39,288,126144512
2026-03-30 22:00:52,288,125505536
2026-03-30 22:01:04,288,125792256
2026-03-30 22:01:17,288,126615552
2026-03-30 22:01:29,289,125677568
2026-03-30 22:01:41,289,126365696
2026-03-30 22:01:54,289,125988864
2026-03-30 22:02:06,289,126226432
2026-03-30 22:02:18,289,126529536
2026-03-30 22:02:31,290,126287872
2026-03-30 22:02:43,290,125964288
2026-03-30 22:02:55,290,126472192
2026-03-30 22:03:08,290,127037440
2026-03-30 22:03:20,290,125878272
2026-03-30 22:03:33,291,126640128
2026-03-30 22:03:45,291,125923328
2026-03-30 22:03:57,291,125857792
2026-03-30 22:04:10,291,126615552
2026-03-30 22:04:22,291,126640128
2026-03-30 22:04:35,292,126746624
2026-03-30 22:04:47,292,126324736
2026-03-30 22:05:00,292,126578688
2026-03-30 22:05:12,292,126091264
2026-03-30 22:05:25,293,126029824
2026-03-30 22:05:38,293,126414848
2026-03-30 22:05:50,293,126312448
2026-03-30 22:06:02,293,126066688
2026-03-30 22:06:15,293,126320640
2026-03-30 22:06:27,294,126537728
2026-03-30 22:06:39,294,126750720
2026-03-30 22:06:52,294,126926848
2026-03-30 22:07:04,294,126267392
2026-03-30 22:07:16,294,127045632
2026-03-30 22:07:29,295,126722048
2026-03-30 22:07:41,295,126369792
2026-03-30 22:07:53,295,126722048
2026-03-30 22:08:06,295,126697472
2026-03-30 22:08:18,295,126885888
2026-03-30 22:08:30,296,126623744
2026-03-30 22:08:43,296,126275584
2026-03-30 22:08:55,296,126365696
2026-03-30 22:09:07,296,126791680
2026-03-30 22:09:19,296,126164992
2026-03-30 22:09:32,297,127123456
2026-03-30 22:09:44,297,126586880
2026-03-30 22:09:56,297,126664704
2026-03-30 22:10:09,297,126574592
2026-03-30 22:10:21,297,126533632
2026-03-30 22:10:33,298,126717952
2026-03-30 22:10:46,298,126832640
2026-03-30 22:10:58,298,126980096
2026-03-30 22:11:10,298,126664704
2026-03-30 22:11:22,298,127602688
2026-03-30 22:11:35,299,127377408
2026-03-30 22:11:47,299,126955520
2026-03-30 22:11:59,299,127180800
2026-03-30 22:12:12,299,126738432
2026-03-30 22:12:24,299,127909888
2026-03-30 22:12:36,300,127279104
2026-03-30 22:12:48,300,127426560
2026-03-30 22:13:00,300,127561728
2026-03-30 22:13:13,300,126730240
2026-03-30 22:13:25,301,126480384
2026-03-30 22:13:37,301,127180800
2026-03-30 22:13:50,301,127746048
2026-03-30 22:14:02,301,127160320
2026-03-30 22:14:14,301,127201280
2026-03-30 22:14:26,302,127369216
2026-03-30 22:14:39,302,127508480
2026-03-30 22:14:51,302,126758912
2026-03-30 22:15:03,302,127569920
2026-03-30 22:15:16,302,127504384
2026-03-30 22:15:28,303,127410176
2026-03-30 22:15:41,303,127188992
2026-03-30 22:15:53,303,127119360
2026-03-30 22:16:05,303,127225856
2026-03-30 22:16:18,303,127922176
2026-03-30 22:16:30,304,127492096
2026-03-30 22:16:42,304,128086016
2026-03-30 22:16:55,304,126746624
2026-03-30 22:17:07,304,127524864
2026-03-30 22:17:19,304,127545344
2026-03-30 22:17:31,305,127401984
2026-03-30 22:17:44,305,127533056
2026-03-30 22:17:56,305,127746048
2026-03-30 22:18:08,305,127926272
2026-03-30 22:18:21,305,127717376
2026-03-30 22:18:33,306,128090112
2026-03-30 22:18:46,306,127496192
2026-03-30 22:18:58,306,127750144
2026-03-30 22:19:10,306,127533056
2026-03-30 22:19:23,306,127455232
2026-03-30 22:19:35,307,127594496
2026-03-30 22:19:48,307,127598592
2026-03-30 22:20:00,307,127344640
2026-03-30 22:20:12,307,127193088
2026-03-30 22:20:24,307,128307200
2026-03-30 22:20:37,308,128425984
2026-03-30 22:20:49,308,127799296
2026-03-30 22:21:01,308,128266240
2026-03-30 22:21:14,308,128036864
2026-03-30 22:21:26,309,127696896
2026-03-30 22:21:38,309,127692800
2026-03-30 22:21:51,309,127578112
2026-03-30 22:22:03,309,128475136
2026-03-30 22:22:15,309,128552960
2026-03-30 22:22:27,310,128290816
2026-03-30 22:22:40,310,127881216
2026-03-30 22:22:52,310,127918080
2026-03-30 22:23:04,310,128495616
2026-03-30 22:23:17,310,128016384
2026-03-30 22:23:29,311,127893504
2026-03-30 22:23:41,311,128024576
2026-03-30 22:23:53,311,128655360
2026-03-30 22:24:06,311,127594496
2026-03-30 22:24:18,311,128270336
2026-03-30 22:24:31,312,128266240
2026-03-30 22:24:43,312,128094208
2026-03-30 22:24:55,312,128262144
2026-03-30 22:25:08,312,128258048
2026-03-30 22:25:20,312,127885312
2026-03-30 22:25:32,313,128483328
2026-03-30 22:25:45,313,128249856
2026-03-30 22:25:57,313,128036864
2026-03-30 22:26:09,313,128237568
2026-03-30 22:26:22,313,127647744
2026-03-30 22:26:34,314,128401408
2026-03-30 22:26:46,314,128516096
2026-03-30 22:26:59,314,128294912
2026-03-30 22:27:11,314,128729088
2026-03-30 22:27:23,314,128655360
2026-03-30 22:27:36,315,128102400
2026-03-30 22:27:48,315,129052672
2026-03-30 22:28:00,315,128225280
2026-03-30 22:28:12,315,128696320
2026-03-30 22:28:25,316,128077824
2026-03-30 22:28:37,316,128839680
2026-03-30 22:28:50,316,129343488
2026-03-30 22:29:02,316,128679936
2026-03-30 22:29:14,316,128598016
2026-03-30 22:29:26,317,128626688
2026-03-30 22:29:38,317,128376832
2026-03-30 22:29:51,317,129257472
2026-03-30 22:30:03,317,128978944
2026-03-30 22:30:15,317,129114112
2026-03-30 22:30:28,318,128704512
2026-03-30 22:30:40,318,129449984
2026-03-30 22:30:52,318,128958464
2026-03-30 22:31:05,318,129478656
2026-03-30 22:31:17,318,128790528
2026-03-30 22:31:30,319,128786432
2026-03-30 22:31:42,319,128880640
2026-03-30 22:31:54,319,128864256
2026-03-30 22:32:06,319,128856064
2026-03-30 22:32:18,319,128696320
2026-03-30 22:32:31,320,129236992
2026-03-30 22:32:43,320,129560576
2026-03-30 22:32:56,320,128880640
2026-03-30 22:33:08,320,129179648
2026-03-30 22:33:20,320,129216512
2026-03-30 22:33:32,321,129454080
2026-03-30 22:33:45,321,129429504
2026-03-30 22:33:57,321,128552960
2026-03-30 22:34:09,321,129052672
2026-03-30 22:34:22,321,128974848
2026-03-30 22:34:34,322,129257472
2026-03-30 22:34:47,322,129306624
2026-03-30 22:34:59,322,129220608
2026-03-30 22:35:12,322,129769472
2026-03-30 22:35:24,322,129626112
2026-03-30 22:35:36,323,129343488
2026-03-30 22:35:49,323,128999424
2026-03-30 22:36:01,323,130007040
2026-03-30 22:36:13,323,129695744
2026-03-30 22:36:25,324,129441792
2026-03-30 22:36:38,324,129396736
2026-03-30 22:36:50,324,128962560
2026-03-30 22:37:02,324,129253376
2026-03-30 22:37:14,324,129466368
2026-03-30 22:37:27,325,129159168
2026-03-30 22:37:39,325,129650688
2026-03-30 22:37:52,325,129634304
2026-03-30 22:38:04,325,129875968
2026-03-30 22:38:16,325,129544192
2026-03-30 22:38:28,326,129937408
2026-03-30 22:38:41,326,129724416
2026-03-30 22:38:53,326,129421312
2026-03-30 22:39:05,326,129789952
2026-03-30 22:39:18,326,130387968
2026-03-30 22:39:30,327,129445888
2026-03-30 22:39:42,327,129613824
2026-03-30 22:39:55,327,129482752
2026-03-30 22:40:07,327,129986560
2026-03-30 22:40:19,327,129753088
2026-03-30 22:40:31,328,129851392
2026-03-30 22:40:43,328,129544192
2026-03-30 22:40:56,328,129769472
2026-03-30 22:41:08,328,129138688
2026-03-30 22:41:20,328,129736704
2026-03-30 22:41:33,329,130187264
2026-03-30 22:41:45,329,129511424
2026-03-30 22:41:57,329,129650688
2026-03-30 22:42:10,329,130076672
2026-03-30 22:42:22,329,129986560
2026-03-30 22:42:34,330,129581056
2026-03-30 22:42:47,330,129957888
2026-03-30 22:42:59,330,130662400
2026-03-30 22:43:11,330,130088960
2026-03-30 22:43:23,330,129871872
2026-03-30 22:43:36,331,129904640
2026-03-30 22:43:48,331,130551808
2026-03-30 22:44:00,331,130142208
2026-03-30 22:44:13,331,129900544
2026-03-30 22:44:25,332,129388544
2026-03-30 22:44:37,332,130367488
2026-03-30 22:44:49,332,129638400
2026-03-30 22:45:01,332,130895872
2026-03-30 22:45:13,332,130248704
2026-03-30 22:45:26,333,130072576
2026-03-30 22:45:39,333,130101248
2026-03-30 22:45:51,333,129937408
2026-03-30 22:46:03,333,130453504
2026-03-30 22:46:16,333,130576384
2026-03-30 22:46:28,334,130539520
2026-03-30 22:46:41,334,130088960
2026-03-30 22:46:53,334,129884160
2026-03-30 22:47:06,334,130023424
2026-03-30 22:47:18,334,129912832
2026-03-30 22:47:31,335,130469888
2026-03-30 22:47:43,335,130019328
2026-03-30 22:47:55,335,130523136
2026-03-30 22:48:08,335,130314240
2026-03-30 22:48:20,335,130465792
2026-03-30 22:48:32,336,130600960
2026-03-30 22:48:44,336,129839104
2026-03-30 22:48:57,336,130535424
2026-03-30 22:49:09,336,130555904
2026-03-30 22:49:22,336,130490368
2026-03-30 22:49:34,337,130805760
2026-03-30 22:49:46,337,130691072
2026-03-30 22:49:58,337,130433024
2026-03-30 22:50:11,337,130502656
2026-03-30 22:50:23,337,130781184
2026-03-30 22:50:35,338,130678784
2026-03-30 22:50:48,338,130412544
2026-03-30 22:51:00,338,130940928
2026-03-30 22:51:12,338,131313664
2026-03-30 22:51:25,339,130650112
2026-03-30 22:51:37,339,131162112
2026-03-30 22:51:49,339,130994176
2026-03-30 22:52:02,339,130949120
2026-03-30 22:52:14,339,130678784
2026-03-30 22:52:26,340,130318336
2026-03-30 22:52:38,340,130920448
2026-03-30 22:52:51,340,131444736
2026-03-30 22:53:03,340,130605056
2026-03-30 22:53:16,340,130936832
2026-03-30 22:53:28,341,130674688
2026-03-30 22:53:40,341,131125248
2026-03-30 22:53:53,341,131276800
2026-03-30 22:54:05,341,131579904
2026-03-30 22:54:17,341,131043328
2026-03-30 22:54:30,342,131514368
2026-03-30 22:54:42,342,131145728
2026-03-30 22:54:54,342,131178496
2026-03-30 22:55:07,342,131526656
2026-03-30 22:55:19,342,131088384
2026-03-30 22:55:32,343,131612672
2026-03-30 22:55:44,343,130592768
2026-03-30 22:55:57,343,131416064
2026-03-30 22:56:09,343,130830336
2026-03-30 22:56:21,343,131338240
2026-03-30 22:56:33,344,132096000
2026-03-30 22:56:46,344,131936256
2026-03-30 22:56:58,344,131244032
2026-03-30 22:57:10,344,131293184
2026-03-30 22:57:23,344,131600384
2026-03-30 22:57:35,345,132194304
2026-03-30 22:57:47,345,131432448
2026-03-30 22:58:00,345,132157440
2026-03-30 22:58:12,345,131833856
2026-03-30 22:58:25,346,131203072
2026-03-30 22:58:37,346,131186688
2026-03-30 22:58:49,346,131178496
2026-03-30 22:59:01,346,131624960
2026-03-30 22:59:14,346,131678208
2026-03-30 22:59:27,347,131379200
2026-03-30 22:59:39,347,130887680
2026-03-30 22:59:51,347,131772416
2026-03-30 23:00:04,347,131469312
2026-03-30 23:00:16,347,131297280
2026-03-30 23:00:29,348,131907584
2026-03-30 23:00:41,348,132128768
2026-03-30 23:00:53,348,131661824
2026-03-30 23:01:06,348,131428352
2026-03-30 23:01:18,348,131739648
2026-03-30 23:01:30,349,131567616
2026-03-30 23:01:43,349,131362816
2026-03-30 23:01:55,349,131842048
2026-03-30 23:02:07,349,132222976
2026-03-30 23:02:20,349,132194304
2026-03-30 23:02:32,350,132190208
2026-03-30 23:02:44,350,131887104
2026-03-30 23:02:56,350,132112384
2026-03-30 23:03:08,350,131592192
2026-03-30 23:03:21,350,132235264
2026-03-30 23:03:33,351,131997696
2026-03-30 23:03:46,351,132255744
2026-03-30 23:03:58,351,132046848
2026-03-30 23:04:10,351,132169728
2026-03-30 23:04:22,351,131653632
2026-03-30 23:04:35,352,131538944
2026-03-30 23:04:47,352,132591616
2026-03-30 23:04:59,352,131547136
2026-03-30 23:05:12,352,132878336
2026-03-30 23:05:24,352,132464640
2026-03-30 23:05:36,353,131768320
2026-03-30 23:05:49,353,132268032
2026-03-30 23:06:01,353,132120576
2026-03-30 23:06:13,353,132440064
2026-03-30 23:06:26,354,131391488
2026-03-30 23:06:38,354,132018176
2026-03-30 23:06:50,354,132644864
2026-03-30 23:07:02,354,132661248
2026-03-30 23:07:15,354,131989504
2026-03-30 23:07:27,355,132280320
2026-03-30 23:07:39,355,132374528
2026-03-30 23:07:52,355,132722688
2026-03-30 23:08:04,355,132669440
2026-03-30 23:08:16,355,131842048
2026-03-30 23:08:29,356,133132288
2026-03-30 23:08:41,356,132952064
2026-03-30 23:08:54,356,133353472
2026-03-30 23:09:06,356,132345856
2026-03-30 23:09:19,356,131993600
2026-03-30 23:09:31,357,132755456
2026-03-30 23:09:43,357,132804608
2026-03-30 23:09:56,357,132956160
2026-03-30 23:10:08,357,132919296
2026-03-30 23:10:20,357,133238784
2026-03-30 23:10:33,358,132796416
2026-03-30 23:10:45,358,132567040
2026-03-30 23:10:57,358,132403200
2026-03-30 23:11:10,358,132808704
2026-03-30 23:11:22,358,132620288
2026-03-30 23:11:34,359,132788224
2026-03-30 23:11:47,359,133222400
2026-03-30 23:11:59,359,132775936
2026-03-30 23:12:11,359,132624384
2026-03-30 23:12:24,359,132554752
2026-03-30 23:12:36,360,133652480
2026-03-30 23:12:48,360,132816896
2026-03-30 23:13:00,360,133091328
2026-03-30 23:13:13,360,132956160
2026-03-30 23:13:25,361,133447680
2026-03-30 23:13:38,361,132878336
2026-03-30 23:13:50,361,132923392
2026-03-30 23:14:02,361,133672960
2026-03-30 23:14:15,361,132816896
2026-03-30 23:14:28,362,132780032
2026-03-30 23:14:40,362,133005312
2026-03-30 23:14:52,362,133144576
2026-03-30 23:15:04,362,133824512
2026-03-30 23:15:17,362,133070848
2026-03-30 23:15:29,363,132534272
2026-03-30 23:15:42,363,132780032
2026-03-30 23:15:54,363,133009408
2026-03-30 23:16:06,363,133107712
2026-03-30 23:16:19,363,133345280
2026-03-30 23:16:31,364,133898240
2026-03-30 23:16:43,364,132911104
2026-03-30 23:16:55,364,133808128
2026-03-30 23:17:08,364,133705728
2026-03-30 23:17:20,364,133328896
2026-03-30 23:17:32,365,132685824
2026-03-30 23:17:44,365,133660672
2026-03-30 23:17:57,365,133890048
2026-03-30 23:18:09,365,133210112
2026-03-30 23:18:21,365,133251072
2026-03-30 23:18:34,366,133595136
2026-03-30 23:18:46,366,132956160
2026-03-30 23:18:58,366,133541888
2026-03-30 23:19:10,366,133885952
2026-03-30 23:19:23,366,133885952
2026-03-30 23:19:35,367,132984832
2026-03-30 23:19:47,367,133910528
2026-03-30 23:19:59,367,133275648
2026-03-30 23:20:12,367,133734400
2026-03-30 23:20:24,367,133984256
2026-03-30 23:20:37,368,134139904
2026-03-30 23:20:49,368,133414912
2026-03-30 23:21:01,368,133873664
2026-03-30 23:21:13,368,134115328
2026-03-30 23:21:26,369,133124096
2026-03-30 23:21:38,369,133738496
2026-03-30 23:21:50,369,134025216
2026-03-30 23:22:02,369,133611520
2026-03-30 23:22:15,369,133898240
2026-03-30 23:22:27,370,133931008
2026-03-30 23:22:39,370,134045696
2026-03-30 23:22:52,370,133906432
2026-03-30 23:23:04,370,134299648
2026-03-30 23:23:16,370,133894144
2026-03-30 23:23:28,371,134090752
2026-03-30 23:23:41,371,134004736
2026-03-30 23:23:53,371,134213632
2026-03-30 23:24:06,371,133898240
2026-03-30 23:24:18,371,133963776
2026-03-30 23:24:30,372,133853184
2026-03-30 23:24:42,372,134184960
2026-03-30 23:24:55,372,134078464
2026-03-30 23:25:07,372,133869568
2026-03-30 23:25:19,372,133730304
2026-03-30 23:25:32,373,134164480
2026-03-30 23:25:44,373,133951488
2026-03-30 23:25:56,373,134348800
2026-03-30 23:26:09,373,134467584
2026-03-30 23:26:21,373,134402048
2026-03-30 23:26:33,374,134479872
2026-03-30 23:26:45,374,134701056
2026-03-30 23:26:58,374,134266880
2026-03-30 23:27:10,374,133943296
2026-03-30 23:27:22,374,134520832
2026-03-30 23:27:35,375,134213632
2026-03-30 23:27:47,375,134492160
2026-03-30 23:27:59,375,134053888
2026-03-30 23:28:12,375,134615040
2026-03-30 23:28:24,375,134443008
2026-03-30 23:28:37,376,134307840
2026-03-30 23:28:49,376,134414336
2026-03-30 23:29:01,376,134193152
2026-03-30 23:29:13,376,134021120
2026-03-30 23:29:26,377,134033408
2026-03-30 23:29:39,377,134176768
2026-03-30 23:29:51,377,134418432
2026-03-30 23:30:03,377,135114752
2026-03-30 23:30:16,377,134557696
2026-03-30 23:30:28,378,134623232
2026-03-30 23:30:40,378,134590464
2026-03-30 23:30:52,378,135364608
2026-03-30 23:31:05,378,134967296
2026-03-30 23:31:17,378,134799360
2026-03-30 23:31:29,379,134557696
2026-03-30 23:31:42,379,135131136
2026-03-30 23:31:54,379,134844416
2026-03-30 23:32:06,379,135188480
2026-03-30 23:32:19,379,134721536
2026-03-30 23:32:32,380,134434816
2026-03-30 23:32:44,380,134696960
2026-03-30 23:32:57,380,134832128
2026-03-30 23:33:09,380,135438336
2026-03-30 23:33:22,380,135028736
2026-03-30 23:33:34,381,134742016
2026-03-30 23:33:46,381,134754304
2026-03-30 23:33:58,381,135376896
2026-03-30 23:34:11,381,135233536
2026-03-30 23:34:23,381,134582272
2026-03-30 23:34:35,382,134742016
2026-03-30 23:34:48,382,135426048
2026-03-30 23:35:00,382,134705152
2026-03-30 23:35:12,382,134963200
2026-03-30 23:35:24,382,134606848
2026-03-30 23:35:36,383,135442432
2026-03-30 23:35:49,383,134635520
2026-03-30 23:36:01,383,135286784
2026-03-30 23:36:14,383,134995968
2026-03-30 23:36:26,384,135626752
2026-03-30 23:36:38,384,135041024
2026-03-30 23:36:51,384,135540736
2026-03-30 23:37:03,384,135122944
2026-03-30 23:37:15,384,134975488
2026-03-30 23:37:28,385,135532544
2026-03-30 23:37:40,385,135495680
2026-03-30 23:37:52,385,135237632
2026-03-30 23:38:05,385,135258112
2026-03-30 23:38:17,385,135069696
2026-03-30 23:38:29,386,135254016
2026-03-30 23:38:41,386,135573504
2026-03-30 23:38:54,386,134811648
2026-03-30 23:39:06,386,136286208
2026-03-30 23:39:18,386,136372224
2026-03-30 23:39:31,387,135327744
2026-03-30 23:39:43,387,135458816
2026-03-30 23:39:55,387,136044544
2026-03-30 23:40:08,387,135327744
2026-03-30 23:40:20,387,135733248
2026-03-30 23:40:32,388,135802880
2026-03-30 23:40:45,388,134803456
2026-03-30 23:40:57,388,135434240
2026-03-30 23:41:09,388,135471104
2026-03-30 23:41:22,388,135954432
2026-03-30 23:41:34,389,135540736
2026-03-30 23:41:47,389,135241728
2026-03-30 23:41:59,389,136122368
2026-03-30 23:42:11,389,135618560
2026-03-30 23:42:24,389,135802880
2026-03-30 23:42:36,390,135450624
2026-03-30 23:42:49,390,135053312
2026-03-30 23:43:01,390,136151040
2026-03-30 23:43:13,390,135233536
2026-03-30 23:43:26,391,135852032
2026-03-30 23:43:38,391,135864320
2026-03-30 23:43:50,391,136105984
2026-03-30 23:44:02,391,135655424
2026-03-30 23:44:15,391,136060928
2026-03-30 23:44:27,392,136052736
2026-03-30 23:44:39,392,135966720
2026-03-30 23:44:52,392,135999488
2026-03-30 23:45:04,392,135913472
2026-03-30 23:45:16,392,135602176
2026-03-30 23:45:29,393,136323072
2026-03-30 23:45:41,393,135577600
2026-03-30 23:45:53,393,135634944
2026-03-30 23:46:06,393,135561216
2026-03-30 23:46:18,393,135962624
2026-03-30 23:46:30,394,136531968
2026-03-30 23:46:43,394,136769536
2026-03-30 23:46:55,394,136491008
2026-03-30 23:47:07,394,136413184
2026-03-30 23:47:20,394,136585216
2026-03-30 23:47:32,395,136622080
2026-03-30 23:47:44,395,136523776
2026-03-30 23:47:57,395,135827456
2026-03-30 23:48:09,395,136511488
2026-03-30 23:48:21,395,136818688
2026-03-30 23:48:34,396,136011776
2026-03-30 23:48:46,396,136142848
2026-03-30 23:48:58,396,135712768
2026-03-30 23:49:11,396,136015872
2026-03-30 23:49:23,396,136753152
2026-03-30 23:49:35,397,136650752
2026-03-30 23:49:48,397,136507392
2026-03-30 23:50:00,397,136634368
2026-03-30 23:50:12,397,136097792
2026-03-30 23:50:24,397,137003008
2026-03-30 23:50:37,398,136450048
2026-03-30 23:50:49,398,136192000
2026-03-30 23:51:01,398,136605696
2026-03-30 23:51:14,398,137117696
2026-03-30 23:51:26,399,136417280
2026-03-30 23:51:38,399,136843264
2026-03-30 23:51:51,399,136966144
2026-03-30 23:52:03,399,136249344
2026-03-30 23:52:15,399,137056256
2026-03-30 23:52:27,400,136630272
2026-03-30 23:52:39,400,137154560
2026-03-30 23:52:52,400,136904704
2026-03-30 23:53:04,400,136286208
2026-03-30 23:53:16,400,136589312
2026-03-30 23:53:28,401,136974336
2026-03-30 23:53:40,401,136417280
2026-03-30 23:53:53,401,136880128
2026-03-30 23:54:05,401,137285632
2026-03-30 23:54:17,401,136753152
2026-03-30 23:54:30,402,137338880
2026-03-30 23:54:42,402,137474048
2026-03-30 23:54:54,402,136900608
2026-03-30 23:55:07,402,137203712
2026-03-30 23:55:19,402,137027584
2026-03-30 23:55:31,403,136712192
2026-03-30 23:55:44,403,137601024
2026-03-30 23:55:56,403,137203712
2026-03-30 23:56:09,403,137433088
2026-03-30 23:56:21,403,136622080
2026-03-30 23:56:33,404,136589312
2026-03-30 23:56:46,404,137093120
2026-03-30 23:56:58,404,137216000
2026-03-30 23:57:11,404,137383936
2026-03-30 23:57:23,404,137691136
2026-03-30 23:57:35,405,136998912
2026-03-30 23:57:48,405,137125888
2026-03-30 23:58:00,405,137625600
2026-03-30 23:58:12,405,138211328
2026-03-30 23:58:24,405,137084928
2026-03-30 23:58:37,406,137080832
2026-03-30 23:58:49,406,137801728
2026-03-30 23:59:01,406,137031680
2026-03-30 23:59:13,406,137519104
2026-03-30 23:59:26,407,137158656
2026-03-30 23:59:38,407,137998336
2026-03-30 23:59:50,407,137670656
2026-03-31 00:00:03,407,137207808
2026-03-31 00:00:15,407,136761344
2026-03-31 00:00:27,408,137510912
2026-03-31 00:00:39,408,137383936
2026-03-31 00:00:51,408,137678848
2026-03-31 00:01:04,408,137293824
2026-03-31 00:01:16,408,137404416
2026-03-31 00:01:28,409,137969664
2026-03-31 00:01:41,409,137920512
2026-03-31 00:01:53,409,137633792
2026-03-31 00:02:05,409,137875456
2026-03-31 00:02:17,409,138072064
2026-03-31 00:02:30,410,137465856
2026-03-31 00:02:42,410,138113024
2026-03-31 00:02:54,410,137928704
2026-03-31 00:03:07,410,138031104
2026-03-31 00:03:19,410,137728000
2026-03-31 00:03:31,411,138899456
2026-03-31 00:03:44,411,137924608
2026-03-31 00:03:56,411,137408512
2026-03-31 00:04:08,411,137728000
2026-03-31 00:04:21,411,137605120
2026-03-31 00:04:33,412,137482240
2026-03-31 00:04:45,412,137568256
2026-03-31 00:04:58,412,138252288
2026-03-31 00:05:10,412,137830400
2026-03-31 00:05:22,412,137900032
2026-03-31 00:05:35,413,137744384
2026-03-31 00:05:47,413,138117120
2026-03-31 00:05:59,413,137797632
2026-03-31 00:06:12,413,137859072
2026-03-31 00:06:24,413,138407936
2026-03-31 00:06:36,414,138149888
2026-03-31 00:06:49,414,137785344
2026-03-31 00:07:01,414,138178560
2026-03-31 00:07:13,414,138653696
2026-03-31 00:07:25,415,138440704
2026-03-31 00:07:38,415,138031104
2026-03-31 00:07:50,415,138526720
2026-03-31 00:08:02,415,137805824
2026-03-31 00:08:14,415,139018240
2026-03-31 00:08:27,416,137789440
2026-03-31 00:08:39,416,138432512
2026-03-31 00:08:51,416,138833920
2026-03-31 00:09:03,416,138215424
2026-03-31 00:09:16,416,137699328
2026-03-31 00:09:28,417,138448896
2026-03-31 00:09:40,417,137932800
2026-03-31 00:09:53,417,138076160
2026-03-31 00:10:05,417,138776576
2026-03-31 00:10:17,417,137707520
2026-03-31 00:10:29,418,138653696
2026-03-31 00:10:42,418,138653696
2026-03-31 00:10:54,418,138055680
2026-03-31 00:11:07,418,138424320
2026-03-31 00:11:19,418,138612736
2026-03-31 00:11:32,419,138276864
2026-03-31 00:11:44,419,138424320
2026-03-31 00:11:56,419,138203136
2026-03-31 00:12:08,419,138223616
2026-03-31 00:12:21,419,138518528
2026-03-31 00:12:33,420,138788864
2026-03-31 00:12:46,420,138850304
2026-03-31 00:12:58,420,138571776
2026-03-31 00:13:11,420,139132928
2026-03-31 00:13:23,420,138620928
2026-03-31 00:13:35,421,139198464
2026-03-31 00:13:48,421,138579968
2026-03-31 00:14:00,421,138862592
2026-03-31 00:14:12,421,138670080
2026-03-31 00:14:24,421,139542528
2026-03-31 00:14:37,422,138993664
2026-03-31 00:14:49,422,138883072
2026-03-31 00:15:01,422,139362304
2026-03-31 00:15:13,422,139137024
2026-03-31 00:15:26,423,138633216
2026-03-31 00:15:38,423,139251712
2026-03-31 00:15:50,423,138465280
2026-03-31 00:16:03,423,138887168
2026-03-31 00:16:15,423,139034624
2026-03-31 00:16:28,424,139038720
2026-03-31 00:16:40,424,138764288
2026-03-31 00:16:52,424,138899456
2026-03-31 00:17:05,424,139563008
2026-03-31 00:17:17,424,138555392
2026-03-31 00:17:29,425,138551296
2026-03-31 00:17:41,425,138498048
2026-03-31 00:17:54,425,138604544
2026-03-31 00:18:06,425,139259904
2026-03-31 00:18:18,425,139337728
2026-03-31 00:18:31,426,139579392
2026-03-31 00:18:43,426,139309056
2026-03-31 00:18:55,426,140242944
2026-03-31 00:19:08,426,139173888
2026-03-31 00:19:20,426,138936320
2026-03-31 00:19:32,427,139149312
2026-03-31 00:19:44,427,139444224
2026-03-31 00:19:57,427,138977280
2026-03-31 00:20:09,427,139485184
2026-03-31 00:20:21,427,138858496
2026-03-31 00:20:34,428,139780096
2026-03-31 00:20:46,428,139644928
2026-03-31 00:20:58,428,139055104
2026-03-31 00:21:11,428,140275712
2026-03-31 00:21:23,428,139763712
2026-03-31 00:21:36,429,139694080
2026-03-31 00:21:48,429,139841536
2026-03-31 00:22:00,429,139685888
2026-03-31 00:22:13,429,139644928
2026-03-31 00:22:25,430,139730944
2026-03-31 00:22:37,430,139554816
2026-03-31 00:22:50,430,139534336
2026-03-31 00:23:02,430,140214272
2026-03-31 00:23:15,430,139997184
2026-03-31 00:23:27,431,140304384
2026-03-31 00:23:39,431,139505664
2026-03-31 00:23:51,431,139747328
2026-03-31 00:24:04,431,140165120
2026-03-31 00:24:16,431,139440128
2026-03-31 00:24:28,432,139984896
2026-03-31 00:24:41,432,139800576
2026-03-31 00:24:53,432,139751424
2026-03-31 00:25:05,432,140005376
2026-03-31 00:25:17,432,139808768
2026-03-31 00:25:30,433,140337152
2026-03-31 00:25:42,433,139517952
2026-03-31 00:25:54,433,140234752
2026-03-31 00:26:06,433,139595776
2026-03-31 00:26:19,433,139444224
2026-03-31 00:26:32,434,140218368
2026-03-31 00:26:44,434,140091392
2026-03-31 00:26:56,434,140705792
2026-03-31 00:27:09,434,140570624
2026-03-31 00:27:21,434,140210176
2026-03-31 00:27:34,435,140382208
2026-03-31 00:27:46,435,140345344
2026-03-31 00:27:58,435,140222464
2026-03-31 00:28:10,435,140091392
2026-03-31 00:28:23,435,139718656
2026-03-31 00:28:35,436,140242944
2026-03-31 00:28:47,436,140754944
2026-03-31 00:28:59,436,140382208
2026-03-31 00:29:12,436,140529664
2026-03-31 00:29:24,436,141066240
2026-03-31 00:29:37,437,140324864
2026-03-31 00:29:49,437,140308480
2026-03-31 00:30:01,437,140062720
2026-03-31 00:30:14,437,140419072
2026-03-31 00:30:26,438,140255232
2026-03-31 00:30:38,438,140292096
2026-03-31 00:30:51,438,140394496
2026-03-31 00:31:03,438,140058624
2026-03-31 00:31:15,438,140664832
2026-03-31 00:31:28,439,140808192
2026-03-31 00:31:40,439,140296192
2026-03-31 00:31:52,439,141197312
2026-03-31 00:32:05,439,140840960
2026-03-31 00:32:17,439,140722176
2026-03-31 00:32:29,440,141185024
2026-03-31 00:32:42,440,140857344
2026-03-31 00:32:54,440,140468224
2026-03-31 00:33:06,440,140808192
2026-03-31 00:33:18,440,140779520
2026-03-31 00:33:31,441,140832768
2026-03-31 00:33:43,441,140853248
2026-03-31 00:33:56,441,140230656
2026-03-31 00:34:08,441,140455936
2026-03-31 00:34:20,441,140959744
2026-03-31 00:34:33,442,140767232
2026-03-31 00:34:45,442,141295616
2026-03-31 00:34:57,442,140926976
2026-03-31 00:35:10,442,140713984
2026-03-31 00:35:22,442,140615680
2026-03-31 00:35:34,443,139993088
2026-03-31 00:35:47,443,141312000
2026-03-31 00:35:59,443,140988416
2026-03-31 00:36:11,443,140926976
2026-03-31 00:36:24,443,140857344
2026-03-31 00:36:36,444,140873728
2026-03-31 00:36:48,444,140873728
2026-03-31 00:37:01,444,141103104
2026-03-31 00:37:13,444,140873728
2026-03-31 00:37:26,445,140951552
2026-03-31 00:37:38,445,140648448
2026-03-31 00:37:50,445,140746752
2026-03-31 00:38:03,445,140460032
2026-03-31 00:38:15,445,140804096
2026-03-31 00:38:28,446,141438976
2026-03-31 00:38:40,446,141230080
2026-03-31 00:38:53,446,141524992
2026-03-31 00:39:05,446,140271616
2026-03-31 00:39:17,446,141684736
2026-03-31 00:39:30,447,141385728
2026-03-31 00:39:42,447,141377536
2026-03-31 00:39:54,447,141230080
2026-03-31 00:40:07,447,141291520
2026-03-31 00:40:19,447,141815808
2026-03-31 00:40:31,448,141283328
2026-03-31 00:40:44,448,141475840
2026-03-31 00:40:56,448,141656064
2026-03-31 00:41:08,448,141176832
2026-03-31 00:41:20,448,140931072
2026-03-31 00:41:33,449,141586432
2026-03-31 00:41:45,449,141238272
2026-03-31 00:41:57,449,141484032
2026-03-31 00:42:09,449,140861440
2026-03-31 00:42:22,449,141770752
2026-03-31 00:42:34,450,141213696
2026-03-31 00:42:47,450,141316096
2026-03-31 00:42:59,450,142155776
2026-03-31 00:43:11,450,141336576
2026-03-31 00:43:23,450,141295616
2026-03-31 00:43:36,451,141615104
2026-03-31 00:43:48,451,141803520
2026-03-31 00:44:00,451,142217216
2026-03-31 00:44:12,451,141410304
2026-03-31 00:44:24,451,141967360
2026-03-31 00:44:37,452,141467648
2026-03-31 00:44:49,452,142069760
2026-03-31 00:45:02,452,141344768
2026-03-31 00:45:14,452,142176256
2026-03-31 00:45:27,453,141250560
2026-03-31 00:45:39,453,142131200
2026-03-31 00:45:51,453,141635584
2026-03-31 00:46:04,453,141852672
2026-03-31 00:46:16,453,142053376
2026-03-31 00:46:28,454,141869056
2026-03-31 00:46:41,454,142196736
2026-03-31 00:46:53,454,142241792
2026-03-31 00:47:06,454,141443072
2026-03-31 00:47:18,454,141950976
2026-03-31 00:47:30,455,142147584
2026-03-31 00:47:42,455,142213120
2026-03-31 00:47:55,455,141680640
2026-03-31 00:48:07,455,141520896
2026-03-31 00:48:19,455,142213120
2026-03-31 00:48:32,456,142905344
2026-03-31 00:48:44,456,142168064
2026-03-31 00:48:56,456,142807040
2026-03-31 00:49:08,456,142458880
2026-03-31 00:49:21,456,141852672
2026-03-31 00:49:33,457,142135296
2026-03-31 00:49:45,457,141991936
2026-03-31 00:49:57,457,142118912
2026-03-31 00:50:09,457,141996032
2026-03-31 00:50:22,457,141561856
2026-03-31 00:50:34,458,141893632
2026-03-31 00:50:46,458,142585856
2026-03-31 00:50:59,458,142635008
2026-03-31 00:51:11,458,142458880
2026-03-31 00:51:23,458,142561280
2026-03-31 00:51:35,459,142688256
2026-03-31 00:51:48,459,142729216
2026-03-31 00:52:00,459,143196160
2026-03-31 00:52:12,459,142958592
2026-03-31 00:52:24,459,142479360
2026-03-31 00:52:37,460,142082048
2026-03-31 00:52:49,460,142098432
2026-03-31 00:53:02,460,142733312
2026-03-31 00:53:14,460,143147008
2026-03-31 00:53:26,461,142393344
2026-03-31 00:53:39,461,142381056
2026-03-31 00:53:51,461,142540800
2026-03-31 00:54:03,461,143044608
2026-03-31 00:54:15,461,141996032
2026-03-31 00:54:28,462,142712832
2026-03-31 00:54:41,462,142905344
2026-03-31 00:54:53,462,142876672
2026-03-31 00:55:05,462,143208448
2026-03-31 00:55:18,462,143810560
2026-03-31 00:55:30,463,142823424
2026-03-31 00:55:42,463,142901248
2026-03-31 00:55:55,463,142479360
2026-03-31 00:56:07,463,142987264
2026-03-31 00:56:19,463,143241216
2026-03-31 00:56:31,464,143048704
2026-03-31 00:56:44,464,143548416
2026-03-31 00:56:56,464,142802944
2026-03-31 00:57:08,464,143147008
2026-03-31 00:57:21,464,143024128
2026-03-31 00:57:33,465,143290368
2026-03-31 00:57:45,465,142577664
2026-03-31 00:57:58,465,142684160
2026-03-31 00:58:10,465,143454208
2026-03-31 00:58:22,465,142962688
2026-03-31 00:58:34,466,143548416
2026-03-31 00:58:47,466,143618048
2026-03-31 00:58:59,466,142897152
2026-03-31 00:59:11,466,143355904
2026-03-31 00:59:24,466,142843904
2026-03-31 00:59:36,467,143843328
2026-03-31 00:59:48,467,143212544
2026-03-31 01:00:01,467,143056896
2026-03-31 01:00:13,467,143486976
2026-03-31 01:00:25,468,143314944
2026-03-31 01:00:37,468,143085568
2026-03-31 01:00:50,468,142995456
2026-03-31 01:01:02,468,142995456
2026-03-31 01:01:15,468,142983168
2026-03-31 01:01:27,469,143060992
2026-03-31 01:01:39,469,143278080
2026-03-31 01:01:52,469,143556608
2026-03-31 01:02:04,469,143925248
2026-03-31 01:02:16,469,143319040
2026-03-31 01:02:28,470,143331328
2026-03-31 01:02:41,470,143187968
2026-03-31 01:02:53,470,143482880
2026-03-31 01:03:05,470,143372288
2026-03-31 01:03:18,470,143962112
2026-03-31 01:03:30,471,143618048
2026-03-31 01:03:43,471,143450112
2026-03-31 01:03:55,471,143376384
2026-03-31 01:04:08,471,143683584
2026-03-31 01:04:20,471,143503360
2026-03-31 01:04:32,472,143663104
2026-03-31 01:04:44,472,144003072
2026-03-31 01:04:57,472,143704064
2026-03-31 01:05:09,472,144076800
2026-03-31 01:05:21,472,143544320
2026-03-31 01:05:34,473,143953920
2026-03-31 01:05:46,473,143396864
2026-03-31 01:05:58,473,143634432
2026-03-31 01:06:11,473,143495168
2026-03-31 01:06:23,473,144093184
2026-03-31 01:06:36,474,144101376
2026-03-31 01:06:48,474,143925248
2026-03-31 01:07:01,474,144494592
2026-03-31 01:07:13,474,144486400
2026-03-31 01:07:25,475,144154624
2026-03-31 01:07:37,475,144084992
2026-03-31 01:07:50,475,144166912
2026-03-31 01:08:02,475,143650816
2026-03-31 01:08:15,475,144293888
2026-03-31 01:08:27,476,144531456
2026-03-31 01:08:39,476,144883712
2026-03-31 01:08:52,476,143470592
2026-03-31 01:09:04,476,143937536
2026-03-31 01:09:16,476,143691776
2026-03-31 01:09:29,477,143974400
2026-03-31 01:09:41,477,144076800
2026-03-31 01:09:53,477,143978496
2026-03-31 01:10:06,477,145141760
2026-03-31 01:10:18,477,144281600
2026-03-31 01:10:30,478,143335424
2026-03-31 01:10:43,478,144519168
2026-03-31 01:10:55,478,144621568
2026-03-31 01:11:07,478,144302080
2026-03-31 01:11:19,478,144068608
2026-03-31 01:11:32,479,144773120
2026-03-31 01:11:44,479,144363520
2026-03-31 01:11:56,479,144039936
2026-03-31 01:12:09,479,144658432
2026-03-31 01:12:21,479,144629760
2026-03-31 01:12:33,480,144887808
2026-03-31 01:12:46,480,143876096
2026-03-31 01:12:58,480,144334848
2026-03-31 01:13:10,480,144404480
2026-03-31 01:13:22,480,144867328
2026-03-31 01:13:35,481,144187392
2026-03-31 01:13:47,481,144965632
2026-03-31 01:14:00,481,144236544
2026-03-31 01:14:12,481,144539648
2026-03-31 01:14:24,481,144441344
2026-03-31 01:14:37,482,144592896
2026-03-31 01:14:49,482,144965632
2026-03-31 01:15:02,482,144834560
2026-03-31 01:15:14,482,144728064
2026-03-31 01:15:26,483,145453056
2026-03-31 01:15:39,483,144789504
2026-03-31 01:15:51,483,143863808
2026-03-31 01:16:03,483,144351232
2026-03-31 01:16:15,483,144420864
2026-03-31 01:16:28,484,144506880
2026-03-31 01:16:40,484,144654336
2026-03-31 01:16:53,484,144171008
2026-03-31 01:17:05,484,144224256
2026-03-31 01:17:17,484,144707584
2026-03-31 01:17:29,485,144781312
2026-03-31 01:17:42,485,144023552
2026-03-31 01:17:54,485,145027072
2026-03-31 01:18:06,485,144777216
2026-03-31 01:18:19,485,144445440
2026-03-31 01:18:31,486,144138240
2026-03-31 01:18:44,486,145272832
2026-03-31 01:18:56,486,145260544
2026-03-31 01:19:08,486,145174528
2026-03-31 01:19:21,486,145129472
2026-03-31 01:19:33,487,144875520
2026-03-31 01:19:46,487,145031168
2026-03-31 01:19:58,487,145522688
2026-03-31 01:20:10,487,145264640
2026-03-31 01:20:23,487,145408000
2026-03-31 01:20:35,488,145174528
2026-03-31 01:20:47,488,145289216
2026-03-31 01:21:00,488,145457152
2026-03-31 01:21:12,488,145272832
2026-03-31 01:21:25,489,145936384
2026-03-31 01:21:37,489,145199104
2026-03-31 01:21:49,489,144752640
2026-03-31 01:22:02,489,145133568
2026-03-31 01:22:14,489,145309696
2026-03-31 01:22:26,490,145072128
2026-03-31 01:22:39,490,145399808
2026-03-31 01:22:51,490,145993728
2026-03-31 01:23:03,490,145289216
2026-03-31 01:23:16,490,145780736
2026-03-31 01:23:28,491,144789504
2026-03-31 01:23:40,491,146051072
2026-03-31 01:23:52,491,145616896
2026-03-31 01:24:04,491,145461248
2026-03-31 01:24:17,491,145448960
2026-03-31 01:24:29,492,145649664
2026-03-31 01:24:41,492,145678336
2026-03-31 01:24:53,492,145629184
2026-03-31 01:25:06,492,145399808
2026-03-31 01:25:18,492,145580032
2026-03-31 01:25:30,493,145653760
2026-03-31 01:25:43,493,145780736
2026-03-31 01:25:55,493,145436672
2026-03-31 01:26:07,493,145571840
2026-03-31 01:26:20,493,145928192
2026-03-31 01:26:32,494,146460672
2026-03-31 01:26:44,494,146612224
2026-03-31 01:26:57,494,145903616
2026-03-31 01:27:09,494,145842176
2026-03-31 01:27:21,494,146595840
2026-03-31 01:27:34,495,145637376
2026-03-31 01:27:46,495,145956864
2026-03-31 01:27:58,495,145555456
2026-03-31 01:28:10,495,145960960
2026-03-31 01:28:23,495,145620992
2026-03-31 01:28:35,496,146173952
2026-03-31 01:28:47,496,146251776
2026-03-31 01:29:00,496,146141184
2026-03-31 01:29:12,496,145969152
2026-03-31 01:29:24,496,146673664
2026-03-31 01:29:36,497,146661376
2026-03-31 01:29:49,497,146329600
2026-03-31 01:30:01,497,146690048
2026-03-31 01:30:13,497,146051072
2026-03-31 01:30:25,498,146628608
2026-03-31 01:30:37,498,146419712
2026-03-31 01:30:49,498,146227200
2026-03-31 01:31:01,498,145743872
2026-03-31 01:31:13,498,146432000
2026-03-31 01:31:26,499,146243584
2026-03-31 01:31:38,499,146489344
2026-03-31 01:31:50,499,145465344
2026-03-31 01:32:02,499,146550784
2026-03-31 01:32:14,499,146567168
2026-03-31 01:32:27,500,145674240
2026-03-31 01:32:39,500,146059264
2026-03-31 01:32:51,500,146219008
2026-03-31 01:33:03,500,146374656
2026-03-31 01:33:15,500,146481152
2026-03-31 01:33:27,501,146325504
2026-03-31 01:33:39,501,146690048
2026-03-31 01:33:52,501,146436096
2026-03-31 01:34:04,501,146702336
2026-03-31 01:34:16,501,147181568
2026-03-31 01:34:28,502,147079168
2026-03-31 01:34:40,502,146649088
2026-03-31 01:34:52,502,146657280
2026-03-31 01:35:04,502,147390464
2026-03-31 01:35:16,502,147038208
2026-03-31 01:35:28,503,146747392
2026-03-31 01:35:40,503,146477056
2026-03-31 01:35:52,503,147144704
2026-03-31 01:36:04,503,146632704
2026-03-31 01:36:16,503,146415616
2026-03-31 01:36:28,504,147058688
2026-03-31 01:36:40,504,147132416
2026-03-31 01:36:53,504,146321408
2026-03-31 01:37:05,504,146862080
2026-03-31 01:37:17,504,147320832
2026-03-31 01:37:28,505,146526208
2026-03-31 01:37:40,505,147058688
2026-03-31 01:37:52,505,146526208
2026-03-31 01:38:03,505,147431424
2026-03-31 01:38:15,505,146649088
2026-03-31 01:38:27,506,146542592
2026-03-31 01:38:38,506,146526208
2026-03-31 01:38:50,506,147341312
2026-03-31 01:39:01,506,146472960
2026-03-31 01:39:13,506,146993152
2026-03-31 01:39:25,507,146956288
2026-03-31 01:39:36,507,146546688
2026-03-31 01:39:48,507,146948096
2026-03-31 01:40:00,507,146436096
2026-03-31 01:40:12,507,146923520
2026-03-31 01:40:23,507,146677760
2026-03-31 01:40:35,508,146759680
2026-03-31 01:40:46,508,146620416
2026-03-31 01:40:58,508,146870272
2026-03-31 01:41:10,508,147288064
2026-03-31 01:41:21,508,146939904
2026-03-31 01:41:33,509,147324928
2026-03-31 01:41:45,509,146341888
2026-03-31 01:41:56,509,146558976
2026-03-31 01:42:08,509,146788352
2026-03-31 01:42:19,509,146661376
2026-03-31 01:42:31,510,146944000
2026-03-31 01:42:43,510,147017728
2026-03-31 01:42:54,510,146620416
2026-03-31 01:43:06,510,146894848
2026-03-31 01:43:18,510,146382848
2026-03-31 01:43:29,511,146681856
2026-03-31 01:43:41,511,146944000
2026-03-31 01:43:53,511,146841600
2026-03-31 01:44:04,511,146505728
2026-03-31 01:44:16,511,147111936
2026-03-31 01:44:28,512,146698240
2026-03-31 01:44:39,512,147353600
2026-03-31 01:44:51,512,146468864
2026-03-31 01:45:03,512,157335552
2026-03-31 01:45:15,512,146489344
2026-03-31 01:45:26,513,146604032
2026-03-31 01:45:38,513,146644992
2026-03-31 01:45:50,513,146984960
2026-03-31 01:46:01,513,147091456
2026-03-31 01:46:13,513,147386368
2026-03-31 01:46:25,514,146169856
2026-03-31 01:46:36,514,146759680
2026-03-31 01:46:48,514,146481152
2026-03-31 01:47:00,514,146481152
2026-03-31 01:47:11,514,146739200
2026-03-31 01:47:23,514,146542592
2026-03-31 01:47:35,515,146640896
2026-03-31 01:47:46,515,146472960
2026-03-31 01:47:58,515,147181568
2026-03-31 01:48:10,515,146411520
2026-03-31 01:48:21,515,146739200
2026-03-31 01:48:33,516,146972672
2026-03-31 01:48:45,516,146493440
2026-03-31 01:48:56,516,146731008
2026-03-31 01:49:08,516,146296832
2026-03-31 01:49:20,516,146649088
2026-03-31 01:49:31,517,147329024
2026-03-31 01:49:43,517,146796544
2026-03-31 01:49:54,517,146698240
2026-03-31 01:50:06,517,146726912
2026-03-31 01:50:18,517,146546688
2026-03-31 01:50:29,518,146657280
2026-03-31 01:50:41,518,146767872
2026-03-31 01:50:53,518,146808832
2026-03-31 01:51:04,518,146632704
2026-03-31 01:51:16,518,146743296
2026-03-31 01:51:28,519,146718720
2026-03-31 01:51:40,519,147222528
2026-03-31 01:51:51,519,146501632
2026-03-31 01:52:03,519,147140608
2026-03-31 01:52:15,519,146919424
2026-03-31 01:52:26,520,147009536
2026-03-31 01:52:38,520,147218432
2026-03-31 01:52:49,520,146124800
2026-03-31 01:53:01,520,146673664
2026-03-31 01:53:13,520,146505728
2026-03-31 01:53:24,520,146636800
2026-03-31 01:53:36,521,146927616
2026-03-31 01:53:48,521,146800640
2026-03-31 01:53:59,521,146903040
2026-03-31 01:54:11,521,146571264
2026-03-31 01:54:23,521,146620416
2026-03-31 01:54:34,522,146145280
2026-03-31 01:54:46,522,146784256
2026-03-31 01:54:58,522,146739200
2026-03-31 01:55:09,522,147087360
2026-03-31 01:55:21,522,146776064
2026-03-31 01:55:33,523,146481152
2026-03-31 01:55:44,523,146866176
2026-03-31 01:55:56,523,146567168
2026-03-31 01:56:08,523,146767872
2026-03-31 01:56:20,523,146624512
2026-03-31 01:56:31,524,116473856
2026-03-31 01:56:43,524,118771712
2026-03-31 01:56:55,524,118239232
2026-03-31 01:57:06,524,118464512
2026-03-31 01:57:18,524,119095296
2026-03-31 01:57:30,525,118808576
2026-03-31 01:57:41,525,118525952
2026-03-31 01:57:53,525,116912128
2026-03-31 01:58:05,525,116748288
2026-03-31 01:58:16,525,117264384
2026-03-31 01:58:28,526,116903936
2026-03-31 01:58:40,526,116977664
2026-03-31 01:58:51,526,116363264
2026-03-31 01:59:03,526,116531200
2026-03-31 01:59:14,526,116879360
2026-03-31 01:59:26,527,116789248
2026-03-31 01:59:38,527,116506624
2026-03-31 01:59:49,527,116985856
2026-03-31 02:00:01,527,116899840
2026-03-31 02:00:13,527,116506624
2026-03-31 02:00:24,527,116924416
2026-03-31 02:00:36,528,116228096
2026-03-31 02:00:48,528,115974144
2026-03-31 02:00:59,528,115658752
2026-03-31 02:01:11,528,115220480
2026-03-31 02:01:23,528,115838976
2026-03-31 02:01:34,529,116015104
2026-03-31 02:01:46,529,115421184
2026-03-31 02:01:58,529,115974144
2026-03-31 02:02:09,529,115712000
2026-03-31 02:02:21,529,115699712
2026-03-31 02:02:32,530,116076544
2026-03-31 02:02:44,530,115597312
2026-03-31 02:02:56,530,116318208
2026-03-31 02:03:07,530,115986432
2026-03-31 02:03:19,530,115761152
2026-03-31 02:03:31,531,115777536
2026-03-31 02:03:42,531,115945472
2026-03-31 02:03:54,531,115339264
2026-03-31 02:04:05,531,115806208
2026-03-31 02:04:17,531,115974144
2026-03-31 02:04:29,532,115740672
2026-03-31 02:04:40,532,115232768
2026-03-31 02:04:52,532,115953664
2026-03-31 02:05:04,532,115621888
2026-03-31 02:05:15,532,115548160
2026-03-31 02:05:27,533,115634176
2026-03-31 02:05:39,533,116019200
2026-03-31 02:05:50,533,116088832
2026-03-31 02:06:02,533,115662848
2026-03-31 02:06:13,533,116051968
2026-03-31 02:06:25,534,115380224
2026-03-31 02:06:37,534,115400704
2026-03-31 02:06:49,534,115556352
2026-03-31 02:07:00,534,116346880
2026-03-31 02:07:12,534,115765248
2026-03-31 02:07:24,534,115286016
2026-03-31 02:07:35,535,115384320
2026-03-31 02:07:47,535,115732480
2026-03-31 02:07:59,535,115851264
2026-03-31 02:08:10,535,115523584
2026-03-31 02:08:22,535,115822592
2026-03-31 02:08:33,536,115400704
2026-03-31 02:08:45,536,115929088
2026-03-31 02:08:57,536,115474432
2026-03-31 02:09:08,536,115589120
2026-03-31 02:09:20,536,115683328
2026-03-31 02:09:31,537,116031488
2026-03-31 02:09:43,537,115765248
2026-03-31 02:09:55,537,115683328
2026-03-31 02:10:06,537,115802112
2026-03-31 02:10:18,537,115884032
2026-03-31 02:10:30,538,115617792
2026-03-31 02:10:41,538,116211712
2026-03-31 02:10:53,538,115339264
2026-03-31 02:11:04,538,115785728
2026-03-31 02:11:16,538,115933184
2026-03-31 02:11:28,539,115929088
2026-03-31 02:11:39,539,115998720
2026-03-31 02:11:51,539,115441664
2026-03-31 02:12:03,539,116154368
2026-03-31 02:12:14,539,116264960
2026-03-31 02:12:26,540,116224000
2026-03-31 02:12:38,540,115998720
2026-03-31 02:12:49,540,115646464
2026-03-31 02:13:01,540,115507200
2026-03-31 02:13:13,540,115580928
2026-03-31 02:13:25,541,115970048
2026-03-31 02:13:37,541,116097024
2026-03-31 02:13:49,541,116363264
2026-03-31 02:14:01,541,116408320
2026-03-31 02:14:13,541,115945472
2026-03-31 02:14:25,542,115834880
2026-03-31 02:14:37,542,115507200
2026-03-31 02:14:49,542,115978240
2026-03-31 02:15:01,542,115994624
2026-03-31 02:15:13,542,115937280
2026-03-31 02:15:25,543,116076544
2026-03-31 02:15:37,543,116068352
2026-03-31 02:15:49,543,116277248
2026-03-31 02:16:01,543,115449856
2026-03-31 02:16:13,543,115888128
2026-03-31 02:16:25,544,115458048
2026-03-31 02:16:37,544,115900416
2026-03-31 02:16:48,544,115441664
2026-03-31 02:17:00,544,115568640
2026-03-31 02:17:12,544,116318208
2026-03-31 02:17:24,544,115740672
2026-03-31 02:17:36,545,116097024
2026-03-31 02:17:47,545,115658752
2026-03-31 02:17:59,545,115625984
2026-03-31 02:18:11,545,115597312
2026-03-31 02:18:22,545,115613696
2026-03-31 02:18:34,546,115744768
2026-03-31 02:18:46,546,116035584
2026-03-31 02:18:58,546,116015104
2026-03-31 02:19:10,546,115953664
2026-03-31 02:19:21,546,116260864
2026-03-31 02:19:33,547,115888128
2026-03-31 02:19:45,547,115724288
2026-03-31 02:19:57,547,116199424
2026-03-31 02:20:08,547,115429376
2026-03-31 02:20:20,547,115712000
2026-03-31 02:20:32,548,116207616
2026-03-31 02:20:43,548,115585024
2026-03-31 02:20:55,548,115490816
2026-03-31 02:21:07,548,115884032
2026-03-31 02:21:19,548,116097024
2026-03-31 02:21:31,549,115793920
2026-03-31 02:21:42,549,115576832
2026-03-31 02:21:54,549,115941376
2026-03-31 02:22:06,549,116559872
2026-03-31 02:22:17,549,115527680
2026-03-31 02:22:29,550,115400704
2026-03-31 02:22:41,550,115773440
2026-03-31 02:22:53,550,115699712
2026-03-31 02:23:04,550,115462144
2026-03-31 02:23:16,550,115830784
2026-03-31 02:23:28,551,116297728
2026-03-31 02:23:39,551,115843072
2026-03-31 02:23:51,551,115863552
2026-03-31 02:24:03,551,115957760
2026-03-31 02:24:15,551,115757056
2026-03-31 02:24:27,552,115974144
2026-03-31 02:24:38,552,115617792
2026-03-31 02:24:50,552,115433472
2026-03-31 02:25:02,552,116002816
2026-03-31 02:25:14,552,115974144
2026-03-31 02:25:25,553,115400704
2026-03-31 02:25:37,553,116535296
2026-03-31 02:25:49,553,115855360
2026-03-31 02:26:00,553,116408320
2026-03-31 02:26:12,553,116011008
2026-03-31 02:26:24,553,116101120
2026-03-31 02:26:36,554,116011008
2026-03-31 02:26:48,554,115675136
2026-03-31 02:26:59,554,115421184
2026-03-31 02:27:11,554,115740672
2026-03-31 02:27:23,554,116023296
2026-03-31 02:27:35,555,116035584
2026-03-31 02:27:46,555,115789824
2026-03-31 02:27:58,555,116350976
2026-03-31 02:28:10,555,116060160
2026-03-31 02:28:21,555,115634176
2026-03-31 02:28:33,556,115531776
2026-03-31 02:28:45,556,116011008
2026-03-31 02:28:57,556,115740672
2026-03-31 02:29:08,556,116076544
2026-03-31 02:29:20,556,115507200
2026-03-31 02:29:32,557,116117504
2026-03-31 02:29:44,557,115351552
2026-03-31 02:29:55,557,115675136
2026-03-31 02:30:07,557,115306496
2026-03-31 02:30:19,557,115572736
2026-03-31 02:30:31,558,115884032
2026-03-31 02:30:42,558,116088832
2026-03-31 02:30:54,558,115650560
2026-03-31 02:31:06,558,115724288
2026-03-31 02:31:18,558,115568640
2026-03-31 02:31:29,559,115961856
2026-03-31 02:31:41,559,115507200
2026-03-31 02:31:53,559,116060160
2026-03-31 02:32:05,559,116162560
2026-03-31 02:32:16,559,115716096
2026-03-31 02:32:28,560,115916800
2026-03-31 02:32:40,560,115970048
2026-03-31 02:32:52,560,115765248
2026-03-31 02:33:03,560,116076544
2026-03-31 02:33:15,560,114978816
2026-03-31 02:33:27,561,115494912
2026-03-31 02:33:39,561,115507200
2026-03-31 02:33:50,561,115589120
2026-03-31 02:34:02,561,116166656
2026-03-31 02:34:14,561,115867648
2026-03-31 02:34:26,562,115392512
2026-03-31 02:34:37,562,115539968
2026-03-31 02:34:49,562,116006912
2026-03-31 02:35:01,562,115752960
2026-03-31 02:35:12,562,115261440
2026-03-31 02:35:24,562,115576832
2026-03-31 02:35:36,563,115650560
2026-03-31 02:35:48,563,115892224
2026-03-31 02:35:59,563,115326976
2026-03-31 02:36:11,563,116011008
2026-03-31 02:36:23,563,115953664
2026-03-31 02:36:34,564,115683328
2026-03-31 02:36:46,564,115675136
2026-03-31 02:36:58,564,115445760
2026-03-31 02:37:10,564,115634176
2026-03-31 02:37:21,564,115613696
2026-03-31 02:37:33,565,115998720
2026-03-31 02:37:45,565,115474432
2026-03-31 02:37:57,565,115720192
2026-03-31 02:38:08,565,116125696
2026-03-31 02:38:20,565,115879936
2026-03-31 02:38:32,566,115933184
2026-03-31 02:38:44,566,116371456
2026-03-31 02:38:55,566,115560448
2026-03-31 02:39:07,566,115662848
2026-03-31 02:39:19,566,115773440
2026-03-31 02:39:31,567,115965952
2026-03-31 02:39:42,567,116023296
2026-03-31 02:39:54,567,115404800
2026-03-31 02:40:06,567,115687424
2026-03-31 02:40:18,567,116076544
2026-03-31 02:40:29,568,115941376
2026-03-31 02:40:41,568,115625984
2026-03-31 02:40:53,568,115810304
2026-03-31 02:41:05,568,115830784
2026-03-31 02:41:16,568,116129792
2026-03-31 02:41:28,569,115748864
2026-03-31 02:41:40,569,115773440
2026-03-31 02:41:51,569,115363840
2026-03-31 02:42:03,569,115752960
2026-03-31 02:42:15,569,115445760
2026-03-31 02:42:27,570,115585024
2026-03-31 02:42:38,570,115507200
2026-03-31 02:42:50,570,115884032
2026-03-31 02:43:02,570,115703808
2026-03-31 02:43:14,570,115380224
2026-03-31 02:43:25,571,115986432
2026-03-31 02:43:37,571,115625984
2026-03-31 02:43:49,571,115683328
2026-03-31 02:44:01,571,115331072
2026-03-31 02:44:13,571,115871744
2026-03-31 02:44:24,571,115888128
2026-03-31 02:44:36,572,115646464
2026-03-31 02:44:48,572,116137984
2026-03-31 02:44:59,572,115445760
2026-03-31 02:45:11,572,115650560
2026-03-31 02:45:23,572,115896320
2026-03-31 02:45:35,573,115826688
2026-03-31 02:45:47,573,115576832
2026-03-31 02:45:58,573,116019200
2026-03-31 02:46:10,573,115527680
2026-03-31 02:46:22,573,115576832
2026-03-31 02:46:34,574,116051968
2026-03-31 02:46:45,574,115908608
2026-03-31 02:46:57,574,115892224
2026-03-31 02:47:09,574,115433472
2026-03-31 02:47:20,574,115417088
2026-03-31 02:47:32,575,115634176
2026-03-31 02:47:44,575,115900416
2026-03-31 02:47:56,575,115482624
2026-03-31 02:48:08,575,115978240
2026-03-31 02:48:19,575,115908608
2026-03-31 02:48:31,576,115396608
2026-03-31 02:48:43,576,115683328
2026-03-31 02:48:55,576,115408896
2026-03-31 02:49:06,576,115847168
2026-03-31 02:49:18,576,115986432
2026-03-31 02:49:30,577,113983488
2026-03-31 02:49:42,577,114397184
2026-03-31 02:49:53,577,114003968
2026-03-31 02:50:05,577,112918528
2026-03-31 02:50:17,577,113213440
2026-03-31 02:50:29,578,112521216
2026-03-31 02:50:40,578,111595520
2026-03-31 02:50:52,578,112234496
2026-03-31 02:51:04,578,112066560
2026-03-31 02:51:15,578,112336896
2026-03-31 02:51:27,579,111747072
2026-03-31 02:51:39,579,111439872
2026-03-31 02:51:51,579,111505408
2026-03-31 02:52:02,579,111497216
2026-03-31 02:52:14,579,111292416
2026-03-31 02:52:26,580,111603712
2026-03-31 02:52:37,580,111558656
2026-03-31 02:52:49,580,111611904
2026-03-31 02:53:01,580,111693824
2026-03-31 02:53:13,580,110936064
2026-03-31 02:53:24,580,110755840
2026-03-31 02:53:36,581,111497216
2026-03-31 02:53:48,581,111104000
2026-03-31 02:54:00,581,111116288
2026-03-31 02:54:11,581,111669248
2026-03-31 02:54:23,581,111009792
2026-03-31 02:54:35,582,111169536
2026-03-31 02:54:46,582,110964736
2026-03-31 02:54:58,582,110735360
2026-03-31 02:55:10,582,110768128
2026-03-31 02:55:22,582,110714880
2026-03-31 02:55:34,583,111165440
2026-03-31 02:55:45,583,111042560
2026-03-31 02:55:57,583,110911488
2026-03-31 02:56:09,583,111431680
2026-03-31 02:56:20,583,110764032
2026-03-31 02:56:32,584,111140864
2026-03-31 02:56:44,584,110993408
2026-03-31 02:56:56,584,110739456
2026-03-31 02:57:07,584,111104000
2026-03-31 02:57:19,584,111079424
2026-03-31 02:57:31,585,110784512
2026-03-31 02:57:43,585,110878720
2026-03-31 02:57:55,585,110772224
2026-03-31 02:58:06,585,111579136
2026-03-31 02:58:18,585,111005696
2026-03-31 02:58:30,586,110747648
2026-03-31 02:58:42,586,110981120
2026-03-31 02:58:54,586,111067136
2026-03-31 02:59:05,586,111607808
2026-03-31 02:59:17,586,111247360
2026-03-31 02:59:29,587,111689728
2026-03-31 02:59:41,587,111001600
2026-03-31 02:59:52,587,110755840
2026-03-31 03:00:04,587,111063040
2026-03-31 03:00:16,587,111104000
2026-03-31 03:00:27,588,111497216
2026-03-31 03:00:39,588,111321088
2026-03-31 03:00:51,588,111546368
2026-03-31 03:01:03,588,111480832
2026-03-31 03:01:14,588,111243264
2026-03-31 03:01:26,589,110809088
2026-03-31 03:01:38,589,110817280
2026-03-31 03:01:50,589,110739456
2026-03-31 03:02:01,589,111747072
2026-03-31 03:02:13,589,110874624
2026-03-31 03:02:25,590,111058944
2026-03-31 03:02:37,590,110882816
2026-03-31 03:02:48,590,110624768
2026-03-31 03:03:00,590,111857664
2026-03-31 03:03:12,590,111607808
2026-03-31 03:03:24,590,110665728
2026-03-31 03:03:35,591,111063040
2026-03-31 03:03:47,591,110772224
2026-03-31 03:03:59,591,110813184
2026-03-31 03:04:11,591,111226880
2026-03-31 03:04:22,591,111247360
2026-03-31 03:04:34,592,110968832
2026-03-31 03:04:46,592,110911488
2026-03-31 03:04:58,592,110903296
2026-03-31 03:05:10,592,111751168
2026-03-31 03:05:21,592,111718400
2026-03-31 03:05:33,593,110919680
2026-03-31 03:05:45,593,111075328
2026-03-31 03:05:56,593,110292992
2026-03-31 03:06:08,593,111128576
2026-03-31 03:06:20,593,111329280
2026-03-31 03:06:32,594,111271936
2026-03-31 03:06:43,594,111370240
2026-03-31 03:06:55,594,110743552
2026-03-31 03:07:07,594,111038464
2026-03-31 03:07:19,594,111382528
2026-03-31 03:07:30,595,111104000
2026-03-31 03:07:42,595,111001600
2026-03-31 03:07:54,595,111267840
2026-03-31 03:08:06,595,111214592
2026-03-31 03:08:17,595,110395392
2026-03-31 03:08:29,596,110804992
2026-03-31 03:08:41,596,111308800
2026-03-31 03:08:52,596,110698496
2026-03-31 03:09:04,596,110178304
2026-03-31 03:09:16,596,110743552
2026-03-31 03:09:28,597,111149056
2026-03-31 03:09:39,597,110759936
2026-03-31 03:09:51,597,111067136
2026-03-31 03:10:03,597,110907392
2026-03-31 03:10:15,597,111009792
2026-03-31 03:10:26,598,111403008
2026-03-31 03:10:38,598,110759936
2026-03-31 03:10:50,598,111050752
2026-03-31 03:11:02,598,110608384
2026-03-31 03:11:13,598,110583808
2026-03-31 03:11:25,599,111034368
2026-03-31 03:11:37,599,111153152
2026-03-31 03:11:48,599,110829568
2026-03-31 03:12:00,599,111415296
2026-03-31 03:12:12,599,110854144
2026-03-31 03:12:24,599,110993408
2026-03-31 03:12:36,600,111370240
2026-03-31 03:12:47,600,111407104
2026-03-31 03:12:59,600,110657536
2026-03-31 03:13:11,600,110817280
2026-03-31 03:13:23,600,111427584
2026-03-31 03:13:34,601,111382528
2026-03-31 03:13:46,601,111169536
2026-03-31 03:13:58,601,111075328
2026-03-31 03:14:10,601,111730688
2026-03-31 03:14:21,601,111296512
2026-03-31 03:14:33,602,110948352
2026-03-31 03:14:45,602,111362048
2026-03-31 03:14:57,602,110723072
2026-03-31 03:15:08,602,111505408
2026-03-31 03:15:20,602,111034368
2026-03-31 03:15:32,603,110813184
2026-03-31 03:15:44,603,110927872
2026-03-31 03:15:55,603,110665728
2026-03-31 03:16:07,603,110776320
2026-03-31 03:16:19,603,110891008
2026-03-31 03:16:30,604,110927872
2026-03-31 03:16:42,604,111067136
2026-03-31 03:16:54,604,111382528
2026-03-31 03:17:06,604,110526464
2026-03-31 03:17:17,604,111407104
2026-03-31 03:17:29,605,111288320
2026-03-31 03:17:41,605,111550464
2026-03-31 03:17:53,605,110747648
2026-03-31 03:18:04,605,111271936
2026-03-31 03:18:16,605,110952448
2026-03-31 03:18:28,606,110940160
2026-03-31 03:18:40,606,111509504
2026-03-31 03:18:52,606,111026176
2026-03-31 03:19:03,606,111173632
2026-03-31 03:19:15,606,111345664
2026-03-31 03:19:27,607,110903296
2026-03-31 03:19:39,607,111112192
2026-03-31 03:19:51,607,111108096
2026-03-31 03:20:02,607,111583232
2026-03-31 03:20:14,607,111243264
2026-03-31 03:20:26,608,111161344
2026-03-31 03:20:38,608,111214592
2026-03-31 03:20:49,608,110764032
2026-03-31 03:21:01,608,111124480
2026-03-31 03:21:13,608,111271936
2026-03-31 03:21:24,608,110915584
2026-03-31 03:21:36,609,111263744
2026-03-31 03:21:48,609,110624768
2026-03-31 03:22:00,609,111108096
2026-03-31 03:22:11,609,111685632
2026-03-31 03:22:23,609,111296512
2026-03-31 03:22:35,610,110788608
2026-03-31 03:22:47,610,110600192
2026-03-31 03:22:58,610,111210496
2026-03-31 03:23:10,610,111226880
2026-03-31 03:23:22,610,111575040
2026-03-31 03:23:34,611,110866432
2026-03-31 03:23:45,611,110305280
2026-03-31 03:23:57,611,111099904
2026-03-31 03:24:09,611,110481408
2026-03-31 03:24:21,611,111005696
2026-03-31 03:24:32,612,110931968
2026-03-31 03:24:44,612,111968256
2026-03-31 03:24:56,612,111300608
2026-03-31 03:25:08,612,111722496
2026-03-31 03:25:19,612,111054848
2026-03-31 03:25:31,613,111468544
2026-03-31 03:25:43,613,111120384
2026-03-31 03:25:55,613,111738880
2026-03-31 03:26:06,613,110993408
2026-03-31 03:26:18,613,111079424
2026-03-31 03:26:30,614,111288320
2026-03-31 03:26:41,614,111136768
2026-03-31 03:26:53,614,110841856
2026-03-31 03:27:05,614,111194112
2026-03-31 03:27:17,614,111431680
2026-03-31 03:27:28,615,110833664
2026-03-31 03:27:40,615,111128576
2026-03-31 03:27:52,615,110911488
2026-03-31 03:28:04,615,110985216
2026-03-31 03:28:16,615,111349760
2026-03-31 03:28:27,616,110862336
2026-03-31 03:28:39,616,110256128
2026-03-31 03:28:51,616,110587904
2026-03-31 03:29:03,616,110817280
2026-03-31 03:29:14,616,111345664
2026-03-31 03:29:26,617,111587328
2026-03-31 03:29:38,617,110657536
2026-03-31 03:29:49,617,111742976
2026-03-31 03:30:01,617,111243264
2026-03-31 03:30:13,617,110837760
2026-03-31 03:30:25,618,110923776
2026-03-31 03:30:36,618,110927872
2026-03-31 03:30:48,618,111247360
2026-03-31 03:31:00,618,111337472
2026-03-31 03:31:12,618,111013888
2026-03-31 03:31:23,618,111411200
2026-03-31 03:31:35,619,111472640
2026-03-31 03:31:47,619,110989312
2026-03-31 03:31:58,619,111087616
2026-03-31 03:32:10,619,111206400
2026-03-31 03:32:22,619,110718976
2026-03-31 03:32:34,620,111259648
2026-03-31 03:32:45,620,110780416
2026-03-31 03:32:57,620,111177728
2026-03-31 03:33:09,620,111030272
2026-03-31 03:33:21,620,110436352
2026-03-31 03:33:32,621,110850048
2026-03-31 03:33:44,621,111112192
2026-03-31 03:33:56,621,111005696
2026-03-31 03:34:08,621,111136768
2026-03-31 03:34:19,621,111083520
2026-03-31 03:34:31,622,111915008
2026-03-31 03:34:43,622,111353856
2026-03-31 03:34:54,622,111202304
2026-03-31 03:35:06,622,111280128
2026-03-31 03:35:18,622,111304704
2026-03-31 03:35:30,623,110972928
2026-03-31 03:35:41,623,111722496
2026-03-31 03:35:53,623,111595520
2026-03-31 03:36:05,623,111702016
2026-03-31 03:36:17,623,111120384
2026-03-31 03:36:28,624,111169536
2026-03-31 03:36:40,624,111063040
2026-03-31 03:36:52,624,110481408
2026-03-31 03:37:03,624,111054848
2026-03-31 03:37:15,624,110723072
2026-03-31 03:37:27,625,111198208
2026-03-31 03:37:39,625,111226880
2026-03-31 03:37:50,625,110346240
2026-03-31 03:38:02,625,111812608
2026-03-31 03:38:14,625,111067136
2026-03-31 03:38:26,626,111222784
2026-03-31 03:38:37,626,111648768
2026-03-31 03:38:49,626,110673920
2026-03-31 03:39:01,626,111165440
2026-03-31 03:39:13,626,111194112
2026-03-31 03:39:24,626,110616576
2026-03-31 03:39:36,627,111120384
2026-03-31 03:39:48,627,111493120
2026-03-31 03:40:00,627,111190016
2026-03-31 03:40:11,627,110997504
2026-03-31 03:40:23,627,111570944
2026-03-31 03:40:35,628,111419392
2026-03-31 03:40:47,628,110821376
2026-03-31 03:40:58,628,111828992
2026-03-31 03:41:10,628,111558656
2026-03-31 03:41:22,628,111169536
2026-03-31 03:41:34,629,110882816
2026-03-31 03:41:45,629,111104000
2026-03-31 03:41:57,629,111534080
2026-03-31 03:42:09,629,111398912
2026-03-31 03:42:21,629,111779840
2026-03-31 03:42:32,630,110780416
2026-03-31 03:42:44,630,111280128
2026-03-31 03:42:56,630,110764032
2026-03-31 03:43:07,630,111038464
2026-03-31 03:43:19,630,111095808
2026-03-31 03:43:31,631,111091712
2026-03-31 03:43:42,631,111210496
2026-03-31 03:43:54,631,111288320
2026-03-31 03:44:06,631,111300608
2026-03-31 03:44:18,631,111312896
2026-03-31 03:44:30,632,111181824
2026-03-31 03:44:42,632,111042560
2026-03-31 03:44:53,632,111415296
2026-03-31 03:45:05,632,110977024
2026-03-31 03:45:17,632,111775744
2026-03-31 03:45:28,633,110690304
2026-03-31 03:45:40,633,110759936
2026-03-31 03:45:52,633,110895104
2026-03-31 03:46:04,633,111136768
2026-03-31 03:46:16,633,111026176
2026-03-31 03:46:27,634,110641152
2026-03-31 03:46:39,634,111595520
2026-03-31 03:46:51,634,111468544
2026-03-31 03:47:02,634,111349760
2026-03-31 03:47:14,634,111505408
2026-03-31 03:47:26,635,111845376
2026-03-31 03:47:37,635,111497216
2026-03-31 03:47:49,635,111263744
2026-03-31 03:48:01,635,111079424
2026-03-31 03:48:13,635,111759360
2026-03-31 03:48:24,635,111312896
2026-03-31 03:48:36,636,111247360
2026-03-31 03:48:48,636,111222784
2026-03-31 03:49:00,636,110813184
2026-03-31 03:49:11,636,111067136
2026-03-31 03:49:23,636,110977024
2026-03-31 03:49:35,637,111157248
2026-03-31 03:49:47,637,110936064
2026-03-31 03:49:58,637,110854144
2026-03-31 03:50:10,637,110608384
2026-03-31 03:50:22,637,111255552
2026-03-31 03:50:34,638,111296512
2026-03-31 03:50:46,638,110813184
2026-03-31 03:50:57,638,111214592
2026-03-31 03:51:09,638,111472640
2026-03-31 03:51:21,638,111480832
2026-03-31 03:51:32,639,111001600
2026-03-31 03:51:44,639,111243264
2026-03-31 03:51:56,639,110759936
2026-03-31 03:52:07,639,111849472
2026-03-31 03:52:19,639,111075328
2026-03-31 03:52:31,640,110964736
2026-03-31 03:52:43,640,110678016
2026-03-31 03:52:55,640,110977024
2026-03-31 03:53:06,640,111153152
2026-03-31 03:53:18,640,111001600
2026-03-31 03:53:30,641,111017984
2026-03-31 03:53:41,641,111591424
2026-03-31 03:53:53,641,111661056
2026-03-31 03:54:05,641,110596096
2026-03-31 03:54:17,641,111005696
2026-03-31 03:54:28,642,110751744
2026-03-31 03:54:40,642,110759936
2026-03-31 03:54:52,642,110915584
2026-03-31 03:55:04,642,111259648
2026-03-31 03:55:15,642,110981120
2026-03-31 03:55:27,643,110874624
2026-03-31 03:55:39,643,110944256
2026-03-31 03:55:51,643,111271936
2026-03-31 03:56:02,643,111210496
2026-03-31 03:56:14,643,110891008
2026-03-31 03:56:26,644,111140864
2026-03-31 03:56:38,644,110936064
2026-03-31 03:56:49,644,111087616
2026-03-31 03:57:01,644,110878720
2026-03-31 03:57:13,644,111120384
2026-03-31 03:57:25,645,110850048
2026-03-31 03:57:36,645,111214592
2026-03-31 03:57:48,645,110723072
2026-03-31 03:58:00,645,110690304
2026-03-31 03:58:12,645,111239168
2026-03-31 03:58:23,645,111169536
2026-03-31 03:58:35,646,111280128
2026-03-31 03:58:47,646,111112192
2026-03-31 03:58:59,646,111144960
2026-03-31 03:59:11,646,111124480
2026-03-31 03:59:22,646,111083520
2026-03-31 03:59:34,647,111378432
2026-03-31 03:59:46,647,111079424
2026-03-31 03:59:58,647,111284224
2026-03-31 04:00:09,647,111116288
2026-03-31 04:00:21,647,110620672
2026-03-31 04:00:33,648,111689728
2026-03-31 04:00:44,648,111517696
2026-03-31 04:00:56,648,110964736
2026-03-31 04:01:08,648,110796800
2026-03-31 04:01:20,648,111603712
2026-03-31 04:01:31,649,111398912
2026-03-31 04:01:43,649,110977024
2026-03-31 04:01:55,649,111091712
2026-03-31 04:02:07,649,111239168
2026-03-31 04:02:18,649,110985216
2026-03-31 04:02:30,650,110972928
2026-03-31 04:02:42,650,110780416
2026-03-31 04:02:53,650,110538752
2026-03-31 04:03:05,650,110891008
2026-03-31 04:03:17,650,110698496
2026-03-31 04:03:29,651,111161344
2026-03-31 04:03:41,651,111173632
2026-03-31 04:03:52,651,111316992
2026-03-31 04:04:04,651,111329280
2026-03-31 04:04:16,651,111345664
2026-03-31 04:04:28,652,110764032
2026-03-31 04:04:39,652,110927872
2026-03-31 04:04:51,652,110825472
2026-03-31 04:05:03,652,111300608
2026-03-31 04:05:14,652,110866432
2026-03-31 04:05:26,653,111656960
2026-03-31 04:05:38,653,111034368
2026-03-31 04:05:50,653,111226880
2026-03-31 04:06:01,653,111505408
2026-03-31 04:06:13,653,111226880
2026-03-31 04:06:25,654,110600192
2026-03-31 04:06:36,654,111263744
2026-03-31 04:06:48,654,111124480
2026-03-31 04:07:00,654,110862336
2026-03-31 04:07:11,654,110764032
2026-03-31 04:07:23,654,111431680
2026-03-31 04:07:35,655,111390720
2026-03-31 04:07:47,655,111108096
2026-03-31 04:07:58,655,110702592
2026-03-31 04:08:10,655,111292416
2026-03-31 04:08:22,655,110800896
2026-03-31 04:08:33,656,111366144
2026-03-31 04:08:45,656,111357952
2026-03-31 04:08:57,656,110845952
2026-03-31 04:09:09,656,111460352
2026-03-31 04:09:20,656,110489600
2026-03-31 04:09:32,657,111091712
2026-03-31 04:09:44,657,111026176
2026-03-31 04:09:56,657,111116288
2026-03-31 04:10:07,657,111067136
2026-03-31 04:10:19,657,111017984
2026-03-31 04:10:31,658,111087616
2026-03-31 04:10:42,658,111259648
2026-03-31 04:10:54,658,111083520
2026-03-31 04:11:06,658,111243264
2026-03-31 04:11:18,658,111034368
2026-03-31 04:11:29,659,110866432
2026-03-31 04:11:41,659,111714304
2026-03-31 04:11:53,659,111017984
2026-03-31 04:12:04,659,111017984
2026-03-31 04:12:16,659,110981120
2026-03-31 04:12:28,660,111058944
2026-03-31 04:12:39,660,110968832
2026-03-31 04:12:51,660,111476736
2026-03-31 04:13:03,660,110850048
2026-03-31 04:13:14,660,111443968
2026-03-31 04:13:26,661,111427584
2026-03-31 04:13:38,661,110587904
2026-03-31 04:13:49,661,110686208
2026-03-31 04:14:01,661,110891008
2026-03-31 04:14:13,661,111628288
2026-03-31 04:14:25,662,111095808
2026-03-31 04:14:37,662,110956544
2026-03-31 04:14:48,662,111235072
2026-03-31 04:15:00,662,111030272
2026-03-31 04:15:12,662,111026176
2026-03-31 04:15:23,662,110854144
2026-03-31 04:15:35,663,111362048
2026-03-31 04:15:47,663,111009792
2026-03-31 04:15:59,663,111009792
2026-03-31 04:16:10,663,111407104
2026-03-31 04:16:22,663,110997504
2026-03-31 04:16:34,664,111071232
2026-03-31 04:16:46,664,111099904
2026-03-31 04:16:57,664,110682112
2026-03-31 04:17:09,664,110817280
2026-03-31 04:17:21,664,111071232
2026-03-31 04:17:32,665,111816704
2026-03-31 04:17:44,665,111357952
2026-03-31 04:17:56,665,110907392
2026-03-31 04:18:07,665,110964736
2026-03-31 04:18:19,665,111235072
2026-03-31 04:18:31,666,110592000
2026-03-31 04:18:43,666,111591424
2026-03-31 04:18:54,666,110800896
2026-03-31 04:19:06,666,111255552
2026-03-31 04:19:18,666,110985216
2026-03-31 04:19:29,667,111042560
2026-03-31 04:19:41,667,111611904
2026-03-31 04:19:53,667,110522368
2026-03-31 04:20:05,667,111796224
2026-03-31 04:20:16,667,110526464
2026-03-31 04:20:28,668,111017984
2026-03-31 04:20:40,668,110718976
2026-03-31 04:20:52,668,111153152
2026-03-31 04:21:03,668,111075328
2026-03-31 04:21:15,668,110759936
2026-03-31 04:21:27,669,110718976
2026-03-31 04:21:39,669,111423488
2026-03-31 04:21:50,669,111607808
2026-03-31 04:22:02,669,111226880
2026-03-31 04:22:14,669,111128576
2026-03-31 04:22:25,670,111038464
2026-03-31 04:22:37,670,110764032
2026-03-31 04:22:49,670,111370240
2026-03-31 04:23:01,670,110698496
2026-03-31 04:23:12,670,111263744
2026-03-31 04:23:24,670,111050752
2026-03-31 04:23:36,671,111398912
2026-03-31 04:23:47,671,110796800
2026-03-31 04:23:59,671,110731264
2026-03-31 04:24:11,671,111235072
2026-03-31 04:24:23,671,111403008
2026-03-31 04:24:34,672,111763456
2026-03-31 04:24:46,672,111718400
2026-03-31 04:24:58,672,110870528
2026-03-31 04:25:10,672,111230976
2026-03-31 04:25:22,672,111112192
2026-03-31 04:25:33,673,111267840
2026-03-31 04:25:45,673,111034368
2026-03-31 04:25:57,673,111104000
2026-03-31 04:26:09,673,111505408
2026-03-31 04:26:20,673,111112192
2026-03-31 04:26:32,674,111128576
2026-03-31 04:26:44,674,111067136
2026-03-31 04:26:56,674,111243264
2026-03-31 04:27:07,674,110469120
2026-03-31 04:27:19,674,111030272
2026-03-31 04:27:31,675,110538752
2026-03-31 04:27:43,675,110845952
2026-03-31 04:27:54,675,111452160
2026-03-31 04:28:06,675,110608384
2026-03-31 04:28:18,675,111116288
2026-03-31 04:28:30,676,111161344
2026-03-31 04:28:41,676,111177728
2026-03-31 04:28:53,676,110944256
2026-03-31 04:29:05,676,111411200
2026-03-31 04:29:17,676,111013888
2026-03-31 04:29:28,677,111591424
2026-03-31 04:29:40,677,110874624
2026-03-31 04:29:52,677,111022080
2026-03-31 04:30:03,677,111202304
2026-03-31 04:30:15,677,111534080
2026-03-31 04:30:27,678,111550464
2026-03-31 04:30:38,678,110800896
2026-03-31 04:30:50,678,111128576
2026-03-31 04:31:02,678,111398912
2026-03-31 04:31:14,678,111128576
2026-03-31 04:31:25,679,110891008
2026-03-31 04:31:37,679,111042560
2026-03-31 04:31:49,679,111132672
2026-03-31 04:32:01,679,111046656
2026-03-31 04:32:12,679,111026176
2026-03-31 04:32:24,679,111407104
2026-03-31 04:32:36,680,111448064
2026-03-31 04:32:48,680,110981120
2026-03-31 04:32:59,680,111357952
2026-03-31 04:33:11,680,111460352
2026-03-31 04:33:23,680,111566848
2026-03-31 04:33:34,681,110964736
2026-03-31 04:33:46,681,111259648
2026-03-31 04:33:58,681,110784512
2026-03-31 04:34:10,681,111087616
2026-03-31 04:34:21,681,111370240
2026-03-31 04:34:33,682,111038464
2026-03-31 04:34:45,682,110968832
2026-03-31 04:34:56,682,110604288
2026-03-31 04:35:08,682,111427584
2026-03-31 04:35:20,682,110768128
2026-03-31 04:35:32,683,110878720
2026-03-31 04:35:43,683,110764032
2026-03-31 04:35:55,683,111501312
2026-03-31 04:36:07,683,111054848
2026-03-31 04:36:19,683,111263744
2026-03-31 04:36:30,684,111788032
2026-03-31 04:36:42,684,110698496
2026-03-31 04:36:54,684,110911488
2026-03-31 04:37:05,684,111292416
2026-03-31 04:37:17,684,110829568
2026-03-31 04:37:29,685,110874624
2026-03-31 04:37:41,685,111362048
2026-03-31 04:37:52,685,111357952
2026-03-31 04:38:04,685,111656960
2026-03-31 04:38:16,685,110522368
2026-03-31 04:38:28,686,111222784
2026-03-31 04:38:39,686,111419392
2026-03-31 04:38:51,686,111190016
2026-03-31 04:39:03,686,111009792
2026-03-31 04:39:15,686,111046656
2026-03-31 04:39:27,687,111230976
2026-03-31 04:39:38,687,111239168
2026-03-31 04:39:50,687,111366144
2026-03-31 04:40:02,687,110505984
2026-03-31 04:40:14,687,111456256
2026-03-31 04:40:25,688,110702592
2026-03-31 04:40:37,688,111431680
2026-03-31 04:40:49,688,111706112
2026-03-31 04:41:01,688,110755840
2026-03-31 04:41:12,688,110821376
2026-03-31 04:41:24,688,110821376
2026-03-31 04:41:36,689,111022080
2026-03-31 04:41:48,689,110952448
2026-03-31 04:41:59,689,111312896
2026-03-31 04:42:11,689,111362048
2026-03-31 04:42:23,689,111157248
2026-03-31 04:42:35,690,110714880
2026-03-31 04:42:46,690,110780416
2026-03-31 04:42:58,690,111325184
2026-03-31 04:43:10,690,110985216
2026-03-31 04:43:21,690,111071232
2026-03-31 04:43:33,691,110764032
2026-03-31 04:43:45,691,111472640
2026-03-31 04:43:57,691,111013888
2026-03-31 04:44:08,691,110665728
2026-03-31 04:44:20,691,111063040
2026-03-31 04:44:32,692,111570944
2026-03-31 04:44:44,692,111144960
2026-03-31 04:44:55,692,110977024
2026-03-31 04:45:07,692,111190016
2026-03-31 04:45:19,692,111960064
2026-03-31 04:45:31,693,111607808
2026-03-31 04:45:42,693,111296512
2026-03-31 04:45:54,693,111128576
2026-03-31 04:46:06,693,111206400
2026-03-31 04:46:17,693,111316992
2026-03-31 04:46:29,694,111235072
2026-03-31 04:46:41,694,111321088
2026-03-31 04:46:53,694,110968832
2026-03-31 04:47:05,694,111357952
2026-03-31 04:47:17,694,111476736
2026-03-31 04:47:28,695,111058944
2026-03-31 04:47:40,695,111304704
2026-03-31 04:47:52,695,111325184
2026-03-31 04:48:03,695,111345664
2026-03-31 04:48:15,695,111071232
2026-03-31 04:48:27,696,111579136
2026-03-31 04:48:39,696,111226880
2026-03-31 04:48:50,696,111464448
2026-03-31 04:49:02,696,111304704
2026-03-31 04:49:14,696,111337472
2026-03-31 04:49:26,697,110907392
2026-03-31 04:49:37,697,111239168
2026-03-31 04:49:49,697,110968832
2026-03-31 04:50:01,697,111300608
2026-03-31 04:50:13,697,111427584
2026-03-31 04:50:24,697,111480832
2026-03-31 04:50:36,698,111394816
2026-03-31 04:50:48,698,110936064
2026-03-31 04:50:59,698,112033792
2026-03-31 04:51:11,698,110809088
2026-03-31 04:51:23,698,111550464
2026-03-31 04:51:34,699,111403008
2026-03-31 04:51:46,699,110948352
2026-03-31 04:51:58,699,111968256
2026-03-31 04:52:10,699,110575616
2026-03-31 04:52:22,699,111198208
2026-03-31 04:52:33,700,111075328
2026-03-31 04:52:45,700,110768128
2026-03-31 04:52:57,700,111177728
2026-03-31 04:53:08,700,110977024
2026-03-31 04:53:20,700,110735360
2026-03-31 04:53:32,701,111079424
2026-03-31 04:53:43,701,111017984
2026-03-31 04:53:55,701,111128576
2026-03-31 04:54:07,701,111378432
2026-03-31 04:54:19,701,110690304
2026-03-31 04:54:30,702,111411200
2026-03-31 04:54:42,702,111026176
2026-03-31 04:54:54,702,110526464
2026-03-31 04:55:06,702,111353856
2026-03-31 04:55:17,702,110919680
2026-03-31 04:55:29,703,111972352
2026-03-31 04:55:41,703,110989312
2026-03-31 04:55:53,703,110989312
2026-03-31 04:56:04,703,111693824
2026-03-31 04:56:16,703,110747648
2026-03-31 04:56:28,704,110952448
2026-03-31 04:56:40,704,111288320
2026-03-31 04:56:51,704,111005696
2026-03-31 04:57:03,704,111255552
2026-03-31 04:57:15,704,111599616
2026-03-31 04:57:27,705,111300608
2026-03-31 04:57:38,705,110845952
2026-03-31 04:57:50,705,110731264
2026-03-31 04:58:02,705,110530560
2026-03-31 04:58:13,705,111300608
2026-03-31 04:58:25,706,111017984
2026-03-31 04:58:37,706,110931968
2026-03-31 04:58:48,706,111570944
2026-03-31 04:59:00,706,110964736
2026-03-31 04:59:12,706,111124480
2026-03-31 04:59:24,706,111144960
2026-03-31 04:59:35,707,110911488
2026-03-31 04:59:47,707,111153152
2026-03-31 04:59:59,707,111423488
2026-03-31 05:00:11,707,111427584
2026-03-31 05:00:23,707,110628864
2026-03-31 05:00:34,708,111349760
2026-03-31 05:00:46,708,110923776
2026-03-31 05:00:58,708,110735360
2026-03-31 05:01:09,708,110718976
2026-03-31 05:01:21,708,110940160
2026-03-31 05:01:33,709,110718976
2026-03-31 05:01:45,709,111341568
2026-03-31 05:01:56,709,111321088
2026-03-31 05:02:08,709,110743552
2026-03-31 05:02:20,709,111288320
2026-03-31 05:02:31,710,110645248
2026-03-31 05:02:43,710,111554560
2026-03-31 05:02:55,710,110923776
2026-03-31 05:03:07,710,110862336
2026-03-31 05:03:18,710,110841856
2026-03-31 05:03:30,711,111144960
2026-03-31 05:03:42,711,111427584
2026-03-31 05:03:54,711,111964160
2026-03-31 05:04:05,711,111554560
2026-03-31 05:04:17,711,111280128
2026-03-31 05:04:29,712,110718976
2026-03-31 05:04:40,712,111620096
2026-03-31 05:04:52,712,111665152
2026-03-31 05:05:04,712,110866432
2026-03-31 05:05:16,712,110895104
2026-03-31 05:05:27,713,111755264
2026-03-31 05:05:39,713,111468544
2026-03-31 05:05:51,713,111411200
2026-03-31 05:06:03,713,110911488
2026-03-31 05:06:14,713,111071232
2026-03-31 05:06:26,714,111128576
2026-03-31 05:06:38,714,111357952
2026-03-31 05:06:49,714,111038464
2026-03-31 05:07:01,714,110927872
2026-03-31 05:07:13,714,111120384
2026-03-31 05:07:25,715,111235072
2026-03-31 05:07:36,715,110821376
2026-03-31 05:07:48,715,110747648
2026-03-31 05:08:00,715,111611904
2026-03-31 05:08:11,715,111439872
2026-03-31 05:08:23,715,110972928
2026-03-31 05:08:35,716,111235072
2026-03-31 05:08:46,716,111095808
2026-03-31 05:08:58,716,110555136
2026-03-31 05:09:10,716,111001600
2026-03-31 05:09:22,716,111345664
2026-03-31 05:09:33,717,110776320
2026-03-31 05:09:45,717,111472640
2026-03-31 05:09:57,717,111497216
2026-03-31 05:10:09,717,110637056
2026-03-31 05:10:21,717,110383104
2026-03-31 05:10:32,718,110837760
2026-03-31 05:10:44,718,111562752
2026-03-31 05:10:56,718,110874624
2026-03-31 05:11:08,718,110829568
2026-03-31 05:11:19,718,111091712
2026-03-31 05:11:31,719,111235072
2026-03-31 05:11:43,719,110809088
2026-03-31 05:11:55,719,111493120
2026-03-31 05:12:07,719,110850048
2026-03-31 05:12:18,719,111300608
2026-03-31 05:12:30,720,111325184
