timestamp,elapsed_min,gc_collected_gen0,gc_collected_gen1,gc_collected_gen2,gc_uncollectable_gen0,gc_uncollectable_gen1,gc_uncollectable_gen2,gc_collections_gen0,gc_collections_gen1,gc_collections_gen2,process_rss_bytes,process_vm_bytes,process_cpu_seconds,open_fds,ccx_received,ccx_failures_ocp,ccx_processed_ocp,ccx_published_ocp,broker_instances,broker_exceptions,broker_tracebacks
2026-03-30 17:12:25,0,1478.0,782.0,203.0,0.0,0.0,0.0,240.0,21.0,1.0,8.9460736e+07,9.40621824e+08,0.89,20.0,0.0,0.0,0.0,0.0,0.0,0.0,0.0
2026-03-30 17:12:37,0,1930.0,1240.0,737.0,0.0,0.0,0.0,242.0,22.0,2.0,8.9853952e+07,9.40621824e+08,1.44,21.0,43.0,0.0,43.0,43.0,2.0,0.0,0.0
2026-03-30 17:12:49,0,5535.0,1240.0,737.0,0.0,0.0,0.0,249.0,22.0,2.0,8.9985024e+07,9.40621824e+08,2.54,21.0,143.0,0.0,143.0,143.0,2.0,0.0,0.0
2026-03-30 17:13:01,0,7915.0,1835.0,737.0,0.0,0.0,0.0,253.0,23.0,2.0,8.9985024e+07,9.40621824e+08,3.5700000000000003,21.0,242.0,0.0,242.0,242.0,2.0,0.0,0.0
2026-03-30 17:13:12,0,11380.0,1835.0,737.0,0.0,0.0,0.0,259.0,23.0,2.0,8.9985024e+07,9.40621824e+08,4.57,21.0,342.0,0.0,342.0,342.0,2.0,0.0,0.0
2026-03-30 17:13:24,0,14285.0,2430.0,737.0,0.0,0.0,0.0,264.0,24.0,2.0,9.0116096e+07,9.40621824e+08,5.64,21.0,441.0,0.0,441.0,441.0,2.0,0.0,0.0
2026-03-30 17:13:36,1,17750.0,2430.0,737.0,0.0,0.0,0.0,270.0,24.0,2.0,9.0116096e+07,9.416704e+08,6.74,21.0,541.0,0.0,541.0,541.0,2.0,0.0,0.0
2026-03-30 17:13:48,1,20935.0,3095.0,737.0,0.0,0.0,0.0,275.0,25.0,2.0,9.0116096e+07,9.416704e+08,7.89,23.0,640.0,0.0,639.0,639.0,2.0,0.0,0.0
2026-03-30 17:13:59,1,24260.0,3095.0,737.0,0.0,0.0,0.0,280.0,25.0,2.0,9.0116096e+07,9.416704e+08,8.92,21.0,740.0,0.0,740.0,740.0,2.0,0.0,0.0
2026-03-30 17:14:11,1,27585.0,3095.0,737.0,0.0,0.0,0.0,285.0,25.0,2.0,9.0116096e+07,9.416704e+08,9.989999999999998,23.0,841.0,0.0,840.0,840.0,2.0,0.0,0.0
2026-03-30 17:14:24,1,30770.0,3760.0,737.0,0.0,0.0,0.0,290.0,26.0,2.0,9.0116096e+07,9.416704e+08,11.17,21.0,943.0,0.0,943.0,943.0,2.0,0.0,0.0
2026-03-30 17:14:36,2,34095.0,3760.0,737.0,0.0,0.0,0.0,295.0,26.0,2.0,9.0116096e+07,9.416704e+08,12.26,21.0,1044.0,0.0,1044.0,1044.0,2.0,0.0,0.0
2026-03-30 17:14:48,2,37420.0,4425.0,737.0,0.0,0.0,0.0,300.0,27.0,2.0,9.0116096e+07,9.416704e+08,13.370000000000001,23.0,1145.0,0.0,1144.0,1144.0,2.0,0.0,0.0
2026-03-30 17:15:00,2,40745.0,4425.0,737.0,0.0,0.0,0.0,305.0,27.0,2.0,9.0116096e+07,9.416704e+08,14.440000000000001,21.0,1245.0,0.0,1245.0,1245.0,2.0,0.0,0.0
2026-03-30 17:15:12,2,43405.0,5090.0,737.0,0.0,0.0,0.0,309.0,28.0,2.0,9.0116096e+07,9.416704e+08,15.510000000000002,21.0,1346.0,0.0,1346.0,1346.0,2.0,0.0,0.0
2026-03-30 17:15:24,2,46730.0,5090.0,737.0,0.0,0.0,0.0,314.0,28.0,2.0,9.0116096e+07,9.416704e+08,16.56,21.0,1446.0,0.0,1446.0,1446.0,2.0,0.0,0.0
2026-03-30 17:15:37,3,49950.0,5755.0,737.0,0.0,0.0,0.0,319.0,29.0,2.0,9.0116096e+07,9.416704e+08,17.64,21.0,1546.0,0.0,1546.0,1546.0,2.0,0.0,0.0
2026-03-30 17:15:49,3,53275.0,5755.0,737.0,0.0,0.0,0.0,324.0,29.0,2.0,9.0116096e+07,9.416704e+08,18.76,21.0,1646.0,0.0,1646.0,1646.0,2.0,0.0,0.0
2026-03-30 17:16:01,3,56600.0,5755.0,737.0,0.0,0.0,0.0,329.0,29.0,2.0,9.0116096e+07,9.416704e+08,19.88,21.0,1747.0,0.0,1747.0,1747.0,2.0,0.0,0.0
2026-03-30 17:16:13,3,59823.0,6417.0,737.0,0.0,0.0,0.0,334.0,30.0,2.0,9.0116096e+07,9.416704e+08,20.95,21.0,1848.0,0.0,1848.0,1848.0,2.0,0.0,0.0
2026-03-30 17:16:25,4,63148.0,6417.0,737.0,0.0,0.0,0.0,339.0,30.0,2.0,9.0116096e+07,9.416704e+08,22.08,21.0,1948.0,0.0,1948.0,1948.0,2.0,0.0,0.0
2026-03-30 17:16:38,4,65811.0,7082.0,737.0,0.0,0.0,0.0,343.0,31.0,2.0,9.0116096e+07,9.416704e+08,23.16,21.0,2047.0,0.0,2047.0,2047.0,2.0,0.0,0.0
2026-03-30 17:16:50,4,69238.0,7082.0,737.0,0.0,0.0,0.0,348.0,31.0,2.0,9.0116096e+07,9.416704e+08,24.21,21.0,2146.0,0.0,2146.0,2146.0,2.0,0.0,0.0
2026-03-30 17:17:02,4,72499.0,7779.0,737.0,0.0,0.0,0.0,353.0,32.0,2.0,9.0116096e+07,9.416704e+08,25.31,23.0,2247.0,0.0,2246.0,2246.0,2.0,0.0,0.0
2026-03-30 17:17:14,4,75926.0,7779.0,737.0,0.0,0.0,0.0,358.0,32.0,2.0,9.0116096e+07,9.416704e+08,26.419999999999998,21.0,2346.0,0.0,2346.0,2346.0,2.0,0.0,0.0
2026-03-30 17:17:26,5,79324.0,7779.0,737.0,0.0,0.0,0.0,363.0,32.0,2.0,9.0116096e+07,9.416704e+08,27.52,21.0,2446.0,0.0,2446.0,2446.0,2.0,0.0,0.0
2026-03-30 17:17:38,5,82054.0,8476.0,737.0,0.0,0.0,0.0,367.0,33.0,2.0,9.0116096e+07,9.416704e+08,28.6,23.0,2547.0,0.0,2546.0,2546.0,2.0,0.0,0.0
2026-03-30 17:17:51,5,85452.0,8476.0,737.0,0.0,0.0,0.0,372.0,33.0,2.0,9.0116096e+07,9.416704e+08,29.65,21.0,2646.0,0.0,2646.0,2646.0,2.0,0.0,0.0
2026-03-30 17:18:03,5,88182.0,9173.0,737.0,0.0,0.0,0.0,376.0,34.0,2.0,9.0116096e+07,9.416704e+08,30.84,21.0,2746.0,0.0,2746.0,2746.0,2.0,0.0,0.0
2026-03-30 17:18:15,5,91580.0,9173.0,737.0,0.0,0.0,0.0,381.0,34.0,2.0,9.0116096e+07,9.416704e+08,31.98,21.0,2846.0,0.0,2846.0,2846.0,2.0,0.0,0.0
2026-03-30 17:18:28,6,94908.0,9870.0,737.0,0.0,0.0,0.0,386.0,35.0,2.0,9.0116096e+07,9.416704e+08,33.19,21.0,2947.0,0.0,2947.0,2947.0,2.0,0.0,0.0
2026-03-30 17:18:40,6,98335.0,9870.0,737.0,0.0,0.0,0.0,391.0,35.0,2.0,9.0116096e+07,9.416704e+08,34.230000000000004,21.0,3048.0,0.0,3048.0,3048.0,2.0,0.0,0.0
2026-03-30 17:18:52,6,101733.0,9870.0,737.0,0.0,0.0,0.0,396.0,35.0,2.0,9.0116096e+07,9.416704e+08,35.39,21.0,3145.0,0.0,3145.0,3145.0,2.0,0.0,0.0
2026-03-30 17:19:04,6,104463.0,10567.0,737.0,0.0,0.0,0.0,400.0,36.0,2.0,9.0116096e+07,9.416704e+08,36.480000000000004,21.0,3247.0,0.0,3247.0,3247.0,2.0,0.0,0.0
2026-03-30 17:19:16,6,107861.0,10567.0,737.0,0.0,0.0,0.0,405.0,36.0,2.0,9.0116096e+07,9.416704e+08,37.61,21.0,3347.0,0.0,3347.0,3347.0,2.0,0.0,0.0
2026-03-30 17:19:28,7,110591.0,11264.0,737.0,0.0,0.0,0.0,409.0,37.0,2.0,9.0116096e+07,9.416704e+08,38.65,21.0,3445.0,0.0,3445.0,3445.0,2.0,0.0,0.0
2026-03-30 17:19:41,7,113989.0,11264.0,737.0,0.0,0.0,0.0,414.0,37.0,2.0,9.0116096e+07,9.416704e+08,39.67,23.0,3545.0,0.0,3544.0,3544.0,2.0,0.0,0.0
2026-03-30 17:19:53,7,117282.0,11961.0,737.0,0.0,0.0,0.0,419.0,38.0,2.0,9.0116096e+07,9.416704e+08,40.779999999999994,21.0,3645.0,0.0,3645.0,3645.0,2.0,0.0,0.0
2026-03-30 17:20:05,7,120709.0,11961.0,737.0,0.0,0.0,0.0,424.0,38.0,2.0,9.0116096e+07,9.416704e+08,41.87,21.0,3745.0,0.0,3745.0,3745.0,2.0,0.0,0.0
2026-03-30 17:20:17,7,124107.0,11961.0,737.0,0.0,0.0,0.0,429.0,38.0,2.0,9.0116096e+07,9.416704e+08,42.959999999999994,23.0,3845.0,0.0,3844.0,3844.0,2.0,0.0,0.0
2026-03-30 17:20:29,8,126837.0,12658.0,737.0,0.0,0.0,0.0,433.0,39.0,2.0,9.0116096e+07,9.416704e+08,44.160000000000004,22.0,3945.0,0.0,3944.0,3944.0,2.0,0.0,0.0
2026-03-30 17:20:42,8,130235.0,12658.0,737.0,0.0,0.0,0.0,438.0,39.0,2.0,9.0116096e+07,9.416704e+08,45.47,21.0,4049.0,0.0,4049.0,4049.0,2.0,0.0,0.0
2026-03-30 17:20:54,8,133528.0,13355.0,737.0,0.0,0.0,0.0,443.0,40.0,2.0,9.0116096e+07,9.416704e+08,46.55,21.0,4149.0,0.0,4149.0,4149.0,2.0,0.0,0.0
2026-03-30 17:21:07,8,136955.0,13355.0,737.0,0.0,0.0,0.0,448.0,40.0,2.0,9.0116096e+07,9.416704e+08,47.63,23.0,4249.0,0.0,4248.0,4248.0,2.0,0.0,0.0
2026-03-30 17:21:19,8,139656.0,14052.0,737.0,0.0,0.0,0.0,452.0,41.0,2.0,9.0116096e+07,9.416704e+08,48.71,21.0,4348.0,0.0,4348.0,4348.0,2.0,0.0,0.0
2026-03-30 17:21:31,9,143083.0,14052.0,737.0,0.0,0.0,0.0,457.0,41.0,2.0,9.0116096e+07,9.416704e+08,49.75,23.0,4450.0,0.0,4449.0,4449.0,2.0,0.0,0.0
2026-03-30 17:21:43,9,146481.0,14052.0,737.0,0.0,0.0,0.0,462.0,41.0,2.0,9.0116096e+07,9.416704e+08,50.800000000000004,23.0,4550.0,0.0,4549.0,4549.0,2.0,0.0,0.0
2026-03-30 17:21:55,9,149879.0,14539.0,737.0,0.0,0.0,0.0,467.0,42.0,2.0,9.0116096e+07,9.416704e+08,51.89,21.0,4650.0,0.0,4650.0,4650.0,2.0,0.0,0.0
2026-03-30 17:22:07,9,153306.0,14539.0,737.0,0.0,0.0,0.0,472.0,42.0,2.0,9.0116096e+07,9.416704e+08,52.97,23.0,4749.0,0.0,4748.0,4748.0,2.0,0.0,0.0
2026-03-30 17:22:19,9,156007.0,15236.0,737.0,0.0,0.0,0.0,476.0,43.0,2.0,9.0116096e+07,9.416704e+08,54.05,21.0,4849.0,0.0,4849.0,4849.0,2.0,0.0,0.0
2026-03-30 17:22:32,10,159434.0,15236.0,737.0,0.0,0.0,0.0,481.0,43.0,2.0,9.0116096e+07,9.416704e+08,55.160000000000004,21.0,4950.0,0.0,4950.0,4950.0,2.0,0.0,0.0
2026-03-30 17:22:44,10,162135.0,15933.0,737.0,0.0,0.0,0.0,485.0,44.0,2.0,9.0116096e+07,9.416704e+08,56.3,21.0,5052.0,0.0,5052.0,5052.0,2.0,0.0,0.0
2026-03-30 17:22:56,10,165562.0,15933.0,737.0,0.0,0.0,0.0,490.0,44.0,2.0,9.0116096e+07,9.416704e+08,57.38,21.0,5152.0,0.0,5152.0,5152.0,2.0,0.0,0.0
2026-03-30 17:23:08,10,168887.0,16601.0,737.0,0.0,0.0,0.0,495.0,45.0,2.0,9.0116096e+07,9.416704e+08,58.45,23.0,5254.0,0.0,5253.0,5253.0,2.0,0.0,0.0
2026-03-30 17:23:21,10,172314.0,16601.0,737.0,0.0,0.0,0.0,500.0,45.0,2.0,9.0116096e+07,9.416704e+08,59.510000000000005,21.0,5355.0,0.0,5355.0,5355.0,2.0,0.0,0.0
2026-03-30 17:23:33,11,175712.0,16601.0,737.0,0.0,0.0,0.0,505.0,45.0,2.0,9.0116096e+07,9.416704e+08,60.6,21.0,5456.0,0.0,5456.0,5456.0,2.0,0.0,0.0
2026-03-30 17:23:45,11,178471.0,17269.0,737.0,0.0,0.0,0.0,509.0,46.0,2.0,9.0116096e+07,9.416704e+08,61.739999999999995,21.0,5558.0,0.0,5558.0,5558.0,2.0,0.0,0.0
2026-03-30 17:23:58,11,182429.0,17269.0,737.0,0.0,0.0,0.0,515.0,46.0,2.0,9.0116096e+07,9.416704e+08,62.8,21.0,5658.0,0.0,5658.0,5658.0,2.0,0.0,0.0
2026-03-30 17:24:10,11,185057.0,17966.0,737.0,0.0,0.0,0.0,519.0,47.0,2.0,9.0116096e+07,9.416704e+08,63.879999999999995,21.0,5759.0,0.0,5759.0,5759.0,2.0,0.0,0.0
2026-03-30 17:24:22,11,188484.0,17966.0,737.0,0.0,0.0,0.0,524.0,47.0,2.0,9.0116096e+07,9.416704e+08,64.95,21.0,5857.0,0.0,5857.0,5857.0,2.0,0.0,0.0
2026-03-30 17:24:34,12,191214.0,18634.0,737.0,0.0,0.0,0.0,528.0,48.0,2.0,9.0116096e+07,9.416704e+08,65.98,21.0,5957.0,0.0,5957.0,5957.0,2.0,0.0,0.0
2026-03-30 17:24:46,12,194641.0,18634.0,737.0,0.0,0.0,0.0,533.0,48.0,2.0,9.0116096e+07,9.416704e+08,67.01,21.0,6057.0,0.0,6057.0,6057.0,2.0,0.0,0.0
2026-03-30 17:24:58,12,198039.0,18634.0,737.0,0.0,0.0,0.0,538.0,48.0,2.0,9.0116096e+07,9.416704e+08,68.07,23.0,6158.0,0.0,6157.0,6157.0,2.0,0.0,0.0
2026-03-30 17:25:10,12,201221.0,19302.0,737.0,0.0,0.0,0.0,543.0,49.0,2.0,9.0116096e+07,9.416704e+08,69.14,21.0,6257.0,0.0,6257.0,6257.0,2.0,0.0,0.0
2026-03-30 17:25:22,12,204648.0,19302.0,737.0,0.0,0.0,0.0,548.0,49.0,2.0,9.0116096e+07,9.416704e+08,70.22,23.0,6357.0,0.0,6356.0,6356.0,2.0,0.0,0.0
2026-03-30 17:25:35,13,207378.0,19970.0,737.0,0.0,0.0,0.0,552.0,50.0,2.0,9.0116096e+07,9.416704e+08,71.29,21.0,6458.0,0.0,6458.0,6458.0,2.0,0.0,0.0
2026-03-30 17:25:47,13,210805.0,19970.0,737.0,0.0,0.0,0.0,557.0,50.0,2.0,9.0116096e+07,9.416704e+08,72.34,23.0,6557.0,0.0,6556.0,6556.0,2.0,0.0,0.0
2026-03-30 17:25:59,13,213996.0,20667.0,737.0,0.0,0.0,0.0,562.0,51.0,2.0,9.0116096e+07,9.416704e+08,73.39,21.0,6657.0,0.0,6657.0,6657.0,2.0,0.0,0.0
2026-03-30 17:26:11,13,217321.0,20667.0,737.0,0.0,0.0,0.0,567.0,51.0,2.0,9.0116096e+07,9.416704e+08,74.42999999999999,21.0,6756.0,0.0,6756.0,6756.0,2.0,0.0,0.0
2026-03-30 17:26:23,13,220748.0,20667.0,737.0,0.0,0.0,0.0,572.0,51.0,2.0,9.0116096e+07,9.416704e+08,75.51,21.0,6857.0,0.0,6857.0,6857.0,2.0,0.0,0.0
2026-03-30 17:26:35,14,223478.0,21335.0,737.0,0.0,0.0,0.0,576.0,52.0,2.0,9.0116096e+07,9.416704e+08,76.60000000000001,21.0,6958.0,0.0,6958.0,6958.0,2.0,0.0,0.0
2026-03-30 17:26:47,14,226905.0,21335.0,737.0,0.0,0.0,0.0,581.0,52.0,2.0,9.0116096e+07,9.416704e+08,77.69,23.0,7059.0,0.0,7058.0,7058.0,2.0,0.0,0.0
2026-03-30 17:26:59,14,230201.0,22032.0,737.0,0.0,0.0,0.0,586.0,53.0,2.0,9.0247168e+07,9.416704e+08,78.71000000000001,21.0,7158.0,0.0,7158.0,7158.0,2.0,0.0,0.0
2026-03-30 17:27:12,14,233628.0,22032.0,737.0,0.0,0.0,0.0,591.0,53.0,2.0,9.0247168e+07,9.416704e+08,79.8,23.0,7258.0,0.0,7257.0,7257.0,2.0,0.0,0.0
2026-03-30 17:27:24,14,236329.0,22729.0,737.0,0.0,0.0,0.0,595.0,54.0,2.0,9.0247168e+07,9.416704e+08,80.88,21.0,7358.0,0.0,7358.0,7358.0,2.0,0.0,0.0
2026-03-30 17:27:36,15,239756.0,22729.0,737.0,0.0,0.0,0.0,600.0,54.0,2.0,9.0247168e+07,9.416704e+08,81.9,21.0,7459.0,0.0,7459.0,7459.0,2.0,0.0,0.0
2026-03-30 17:27:48,15,243154.0,22729.0,737.0,0.0,0.0,0.0,605.0,54.0,2.0,9.0247168e+07,9.416704e+08,82.97,22.0,7560.0,0.0,7559.0,7559.0,2.0,0.0,0.0
2026-03-30 17:28:00,15,246552.0,23216.0,737.0,0.0,0.0,0.0,610.0,55.0,2.0,9.0247168e+07,9.416704e+08,84.03999999999999,22.0,7660.0,0.0,7659.0,7659.0,2.0,0.0,0.0
2026-03-30 17:28:13,15,249979.0,23216.0,737.0,0.0,0.0,0.0,615.0,55.0,2.0,9.0247168e+07,9.416704e+08,85.11,21.0,7757.0,0.0,7757.0,7757.0,2.0,0.0,0.0
2026-03-30 17:28:25,16,252680.0,23913.0,737.0,0.0,0.0,0.0,619.0,56.0,2.0,9.0247168e+07,9.416704e+08,86.17999999999999,21.0,7858.0,0.0,7858.0,7858.0,2.0,0.0,0.0
2026-03-30 17:28:37,16,256107.0,23913.0,737.0,0.0,0.0,0.0,624.0,56.0,2.0,9.0247168e+07,9.416704e+08,87.23,21.0,7957.0,0.0,7957.0,7957.0,2.0,0.0,0.0
2026-03-30 17:28:49,16,258808.0,24610.0,737.0,0.0,0.0,0.0,628.0,57.0,2.0,9.0247168e+07,9.416704e+08,88.28,21.0,8057.0,0.0,8057.0,8057.0,2.0,0.0,0.0
2026-03-30 17:29:01,16,262235.0,24610.0,737.0,0.0,0.0,0.0,633.0,57.0,2.0,9.0247168e+07,9.416704e+08,89.32000000000001,21.0,8157.0,0.0,8157.0,8157.0,2.0,0.0,0.0
2026-03-30 17:29:13,16,265633.0,24610.0,737.0,0.0,0.0,0.0,638.0,57.0,2.0,9.0247168e+07,9.416704e+08,90.39999999999999,21.0,8257.0,0.0,8257.0,8257.0,2.0,0.0,0.0
2026-03-30 17:29:25,17,268363.0,25307.0,737.0,0.0,0.0,0.0,642.0,58.0,2.0,9.0247168e+07,9.416704e+08,91.49,23.0,8357.0,0.0,8356.0,8356.0,2.0,0.0,0.0
2026-03-30 17:29:37,17,272356.0,25307.0,737.0,0.0,0.0,0.0,648.0,58.0,2.0,9.0247168e+07,9.416704e+08,92.56,21.0,8456.0,0.0,8456.0,8456.0,2.0,0.0,0.0
2026-03-30 17:29:49,17,275115.0,25975.0,737.0,0.0,0.0,0.0,652.0,59.0,2.0,9.0247168e+07,9.416704e+08,93.64,21.0,8555.0,0.0,8555.0,8555.0,2.0,0.0,0.0
2026-03-30 17:30:01,17,278513.0,25975.0,737.0,0.0,0.0,0.0,657.0,59.0,2.0,9.0247168e+07,9.416704e+08,94.66,23.0,8656.0,0.0,8655.0,8655.0,2.0,0.0,0.0
2026-03-30 17:30:14,17,281272.0,26643.0,737.0,0.0,0.0,0.0,661.0,60.0,2.0,9.0247168e+07,9.416704e+08,95.8,21.0,8755.0,0.0,8755.0,8755.0,2.0,0.0,0.0
2026-03-30 17:30:26,18,284670.0,26643.0,737.0,0.0,0.0,0.0,666.0,60.0,2.0,9.0247168e+07,9.416704e+08,96.85,23.0,8856.0,0.0,8855.0,8855.0,2.0,0.0,0.0
2026-03-30 17:30:38,18,288097.0,26643.0,737.0,0.0,0.0,0.0,671.0,60.0,2.0,9.0247168e+07,9.416704e+08,97.98,21.0,8954.0,0.0,8954.0,8954.0,2.0,0.0,0.0
2026-03-30 17:30:50,18,290827.0,27311.0,737.0,0.0,0.0,0.0,675.0,61.0,2.0,9.0247168e+07,9.416704e+08,99.09,21.0,9055.0,0.0,9055.0,9055.0,2.0,0.0,0.0
2026-03-30 17:31:02,18,294782.0,27311.0,737.0,0.0,0.0,0.0,681.0,61.0,2.0,9.0247168e+07,9.416704e+08,100.16,23.0,9156.0,0.0,9155.0,9155.0,2.0,0.0,0.0
2026-03-30 17:31:14,18,297404.0,27979.0,737.0,0.0,0.0,0.0,685.0,62.0,2.0,9.0247168e+07,9.416704e+08,101.22999999999999,21.0,9254.0,0.0,9254.0,9254.0,2.0,0.0,0.0
2026-03-30 17:31:26,19,300831.0,27979.0,737.0,0.0,0.0,0.0,690.0,62.0,2.0,9.0247168e+07,9.416704e+08,102.28,23.0,9354.0,0.0,9353.0,9353.0,2.0,0.0,0.0
2026-03-30 17:31:38,19,303532.0,28676.0,737.0,0.0,0.0,0.0,694.0,63.0,2.0,9.0247168e+07,9.416704e+08,103.31,21.0,9454.0,0.0,9454.0,9454.0,2.0,0.0,0.0
2026-03-30 17:31:50,19,306959.0,28676.0,737.0,0.0,0.0,0.0,699.0,63.0,2.0,9.0247168e+07,9.416704e+08,104.34,21.0,9553.0,0.0,9553.0,9553.0,2.0,0.0,0.0
2026-03-30 17:32:03,19,310357.0,28676.0,737.0,0.0,0.0,0.0,704.0,63.0,2.0,9.0247168e+07,9.416704e+08,105.37,21.0,9652.0,0.0,9652.0,9652.0,2.0,0.0,0.0
2026-03-30 17:32:15,19,313647.0,29236.0,737.0,0.0,0.0,0.0,709.0,64.0,2.0,9.0247168e+07,9.416704e+08,106.46,23.0,9754.0,0.0,9753.0,9753.0,2.0,0.0,0.0
2026-03-30 17:32:27,20,317074.0,29236.0,737.0,0.0,0.0,0.0,714.0,64.0,2.0,9.0247168e+07,9.416704e+08,107.5,23.0,9855.0,0.0,9854.0,9854.0,2.0,0.0,0.0
2026-03-30 17:32:39,20,319775.0,29933.0,737.0,0.0,0.0,0.0,718.0,65.0,2.0,9.0247168e+07,9.416704e+08,108.55,21.0,9954.0,0.0,9954.0,9954.0,2.0,0.0,0.0
2026-03-30 17:32:51,20,323202.0,29933.0,737.0,0.0,0.0,0.0,723.0,65.0,2.0,9.0247168e+07,9.416704e+08,109.64,21.0,10056.0,0.0,10056.0,10056.0,2.0,0.0,0.0
2026-03-30 17:33:03,20,326527.0,30601.0,737.0,0.0,0.0,0.0,728.0,66.0,2.0,9.0247168e+07,9.416704e+08,110.72999999999999,21.0,10156.0,0.0,10156.0,10156.0,2.0,0.0,0.0
2026-03-30 17:33:16,20,329817.0,30601.0,737.0,0.0,0.0,0.0,733.0,66.0,2.0,9.0247168e+07,9.416704e+08,111.81,21.0,10256.0,0.0,10256.0,10256.0,2.0,0.0,0.0
2026-03-30 17:33:28,21,332547.0,31298.0,737.0,0.0,0.0,0.0,737.0,67.0,2.0,9.0247168e+07,9.416704e+08,112.89,21.0,10355.0,0.0,10355.0,10355.0,2.0,0.0,0.0
2026-03-30 17:33:40,21,335945.0,31298.0,737.0,0.0,0.0,0.0,742.0,67.0,2.0,9.0247168e+07,9.416704e+08,114.06,21.0,10456.0,0.0,10456.0,10456.0,2.0,0.0,0.0
2026-03-30 17:33:52,21,339372.0,31298.0,737.0,0.0,0.0,0.0,747.0,67.0,2.0,9.0247168e+07,9.416704e+08,115.02,21.0,10556.0,0.0,10556.0,10556.0,2.0,0.0,0.0
2026-03-30 17:34:04,21,342665.0,31995.0,737.0,0.0,0.0,0.0,752.0,68.0,2.0,9.0247168e+07,9.416704e+08,116.08,21.0,10657.0,0.0,10657.0,10657.0,2.0,0.0,0.0
2026-03-30 17:34:16,21,345923.0,31995.0,737.0,0.0,0.0,0.0,757.0,68.0,2.0,9.0247168e+07,9.416704e+08,117.21000000000001,21.0,10757.0,0.0,10757.0,10757.0,2.0,0.0,0.0
2026-03-30 17:34:29,22,348268.0,32692.0,1405.0,0.0,0.0,0.0,761.0,69.0,3.0,9.0247168e+07,9.416704e+08,118.31,21.0,10858.0,0.0,10858.0,10858.0,2.0,0.0,0.0
2026-03-30 17:34:41,22,351835.0,32692.0,1405.0,0.0,0.0,0.0,767.0,69.0,3.0,9.0247168e+07,9.416704e+08,119.36,21.0,10956.0,0.0,10956.0,10956.0,2.0,0.0,0.0
2026-03-30 17:34:53,22,354810.0,33287.0,1405.0,0.0,0.0,0.0,772.0,70.0,3.0,9.0247168e+07,9.416704e+08,120.39,21.0,11057.0,0.0,11057.0,11057.0,2.0,0.0,0.0
2026-03-30 17:35:05,22,357785.0,33287.0,1405.0,0.0,0.0,0.0,777.0,70.0,3.0,9.0247168e+07,9.416704e+08,121.44,21.0,11156.0,0.0,11156.0,11156.0,2.0,0.0,0.0
2026-03-30 17:35:17,22,360655.0,33882.0,1405.0,0.0,0.0,0.0,782.0,71.0,3.0,9.0247168e+07,9.416704e+08,122.47,23.0,11255.0,0.0,11254.0,11254.0,2.0,0.0,0.0
2026-03-30 17:35:29,23,364190.0,33882.0,1405.0,0.0,0.0,0.0,788.0,71.0,3.0,9.0247168e+07,9.416704e+08,123.60000000000001,21.0,11355.0,0.0,11355.0,11355.0,2.0,0.0,0.0
2026-03-30 17:35:41,23,367515.0,34547.0,1405.0,0.0,0.0,0.0,793.0,72.0,3.0,9.037824e+07,9.416704e+08,124.7,23.0,11456.0,0.0,11455.0,11455.0,2.0,0.0,0.0
2026-03-30 17:35:54,23,370840.0,34547.0,1405.0,0.0,0.0,0.0,798.0,72.0,3.0,9.037824e+07,9.416704e+08,125.81,23.0,11556.0,0.0,11555.0,11555.0,2.0,0.0,0.0
2026-03-30 17:36:06,23,374165.0,34547.0,1405.0,0.0,0.0,0.0,803.0,72.0,3.0,9.037824e+07,9.416704e+08,126.81,21.0,11656.0,0.0,11656.0,11656.0,2.0,0.0,0.0
2026-03-30 17:36:18,23,376825.0,35212.0,1405.0,0.0,0.0,0.0,807.0,73.0,3.0,9.037824e+07,9.416704e+08,127.93,21.0,11756.0,0.0,11756.0,11756.0,2.0,0.0,0.0
2026-03-30 17:36:30,24,380675.0,35212.0,1405.0,0.0,0.0,0.0,813.0,73.0,3.0,9.037824e+07,9.416704e+08,129.03,23.0,11857.0,0.0,11856.0,11856.0,2.0,0.0,0.0
2026-03-30 17:36:42,24,383335.0,35877.0,1405.0,0.0,0.0,0.0,817.0,74.0,3.0,9.037824e+07,9.416704e+08,130.14,21.0,11956.0,0.0,11956.0,11956.0,2.0,0.0,0.0
2026-03-30 17:36:54,24,386660.0,35877.0,1405.0,0.0,0.0,0.0,822.0,74.0,3.0,9.037824e+07,9.416704e+08,131.17,21.0,12057.0,0.0,12057.0,12057.0,2.0,0.0,0.0
2026-03-30 17:37:06,24,389880.0,36542.0,1405.0,0.0,0.0,0.0,827.0,75.0,3.0,9.037824e+07,9.416704e+08,132.21,23.0,12158.0,0.0,12157.0,12157.0,2.0,0.0,0.0
2026-03-30 17:37:18,24,393205.0,36542.0,1405.0,0.0,0.0,0.0,832.0,75.0,3.0,9.037824e+07,9.416704e+08,133.27,21.0,12257.0,0.0,12257.0,12257.0,2.0,0.0,0.0
2026-03-30 17:37:30,25,395865.0,37207.0,1405.0,0.0,0.0,0.0,836.0,76.0,3.0,9.037824e+07,9.416704e+08,134.32999999999998,21.0,12357.0,0.0,12357.0,12357.0,2.0,0.0,0.0
2026-03-30 17:37:42,25,399715.0,37207.0,1405.0,0.0,0.0,0.0,842.0,76.0,3.0,9.037824e+07,9.416704e+08,135.4,21.0,12457.0,0.0,12457.0,12457.0,2.0,0.0,0.0
2026-03-30 17:37:55,25,403040.0,37207.0,1405.0,0.0,0.0,0.0,847.0,76.0,3.0,9.037824e+07,9.416704e+08,136.52,21.0,12557.0,0.0,12557.0,12557.0,2.0,0.0,0.0
2026-03-30 17:38:07,25,405700.0,37872.0,1405.0,0.0,0.0,0.0,851.0,77.0,3.0,9.037824e+07,9.416704e+08,137.54999999999998,23.0,12658.0,0.0,12657.0,12657.0,2.0,0.0,0.0
2026-03-30 17:38:19,25,409585.0,37872.0,1405.0,0.0,0.0,0.0,857.0,77.0,3.0,9.037824e+07,9.416704e+08,138.60999999999999,21.0,12758.0,0.0,12758.0,12758.0,2.0,0.0,0.0
2026-03-30 17:38:31,26,412280.0,38537.0,1405.0,0.0,0.0,0.0,861.0,78.0,3.0,9.037824e+07,9.416704e+08,139.74,21.0,12859.0,0.0,12859.0,12859.0,2.0,0.0,0.0
2026-03-30 17:38:43,26,415678.0,38537.0,1405.0,0.0,0.0,0.0,866.0,78.0,3.0,9.037824e+07,9.416704e+08,140.85,21.0,12960.0,0.0,12960.0,12960.0,2.0,0.0,0.0
2026-03-30 17:38:56,26,418437.0,39205.0,1405.0,0.0,0.0,0.0,870.0,79.0,3.0,9.037824e+07,9.416704e+08,141.93,21.0,13060.0,0.0,13060.0,13060.0,2.0,0.0,0.0
2026-03-30 17:39:07,26,422395.0,39205.0,1405.0,0.0,0.0,0.0,876.0,79.0,3.0,9.037824e+07,9.416704e+08,142.93,21.0,13158.0,0.0,13158.0,13158.0,2.0,0.0,0.0
2026-03-30 17:39:20,26,425125.0,39902.0,1405.0,0.0,0.0,0.0,880.0,80.0,3.0,9.037824e+07,9.416704e+08,144.01000000000002,23.0,13259.0,0.0,13258.0,13258.0,2.0,0.0,0.0
2026-03-30 17:39:32,27,428523.0,39902.0,1405.0,0.0,0.0,0.0,885.0,80.0,3.0,9.037824e+07,9.416704e+08,145.11,22.0,13360.0,0.0,13359.0,13359.0,2.0,0.0,0.0
2026-03-30 17:39:44,27,431950.0,39902.0,1405.0,0.0,0.0,0.0,890.0,80.0,3.0,9.037824e+07,9.416704e+08,146.23,21.0,13460.0,0.0,13460.0,13460.0,2.0,0.0,0.0
2026-03-30 17:39:57,27,434651.0,40599.0,1405.0,0.0,0.0,0.0,894.0,81.0,3.0,9.037824e+07,9.416704e+08,147.3,21.0,13560.0,0.0,13560.0,13560.0,2.0,0.0,0.0
2026-03-30 17:40:09,27,438078.0,40599.0,1405.0,0.0,0.0,0.0,899.0,81.0,3.0,9.037824e+07,9.416704e+08,148.39000000000001,21.0,13660.0,0.0,13660.0,13660.0,2.0,0.0,0.0
2026-03-30 17:40:21,27,440779.0,41296.0,1405.0,0.0,0.0,0.0,903.0,82.0,3.0,9.037824e+07,9.416704e+08,149.43,21.0,13761.0,0.0,13761.0,13761.0,2.0,0.0,0.0
2026-03-30 17:40:33,28,444839.0,41296.0,1405.0,0.0,0.0,0.0,909.0,82.0,3.0,9.037824e+07,9.416704e+08,150.47,21.0,13862.0,0.0,13862.0,13862.0,2.0,0.0,0.0
2026-03-30 17:40:45,28,447569.0,41993.0,1405.0,0.0,0.0,0.0,913.0,83.0,3.0,9.037824e+07,9.416704e+08,151.54999999999998,21.0,13962.0,0.0,13962.0,13962.0,2.0,0.0,0.0
2026-03-30 17:40:57,28,450967.0,41993.0,1405.0,0.0,0.0,0.0,918.0,83.0,3.0,9.037824e+07,9.416704e+08,152.63,23.0,14064.0,0.0,14063.0,14063.0,2.0,0.0,0.0
2026-03-30 17:41:09,28,454394.0,41993.0,1405.0,0.0,0.0,0.0,923.0,83.0,3.0,9.037824e+07,9.416704e+08,153.7,21.0,14163.0,0.0,14163.0,14163.0,2.0,0.0,0.0
2026-03-30 17:41:22,28,457060.0,42690.0,1405.0,0.0,0.0,0.0,927.0,84.0,3.0,9.037824e+07,9.416704e+08,154.81,21.0,14265.0,0.0,14265.0,14265.0,2.0,0.0,0.0
2026-03-30 17:41:34,29,461085.0,42690.0,1405.0,0.0,0.0,0.0,933.0,84.0,3.0,9.037824e+07,9.416704e+08,155.88,21.0,14366.0,0.0,14366.0,14366.0,2.0,0.0,0.0
2026-03-30 17:41:46,29,463815.0,43387.0,1405.0,0.0,0.0,0.0,937.0,85.0,3.0,9.037824e+07,9.416704e+08,156.94,21.0,14465.0,0.0,14465.0,14465.0,2.0,0.0,0.0
2026-03-30 17:41:58,29,467213.0,43387.0,1405.0,0.0,0.0,0.0,942.0,85.0,3.0,9.037824e+07,9.416704e+08,157.98999999999998,21.0,14565.0,0.0,14565.0,14565.0,2.0,0.0,0.0
2026-03-30 17:42:10,29,469943.0,44084.0,1405.0,0.0,0.0,0.0,946.0,86.0,3.0,9.037824e+07,9.416704e+08,159.06,23.0,14666.0,0.0,14665.0,14665.0,2.0,0.0,0.0
2026-03-30 17:42:23,29,473828.0,44084.0,1405.0,0.0,0.0,0.0,952.0,86.0,3.0,9.037824e+07,9.416704e+08,160.13,23.0,14766.0,0.0,14765.0,14765.0,2.0,0.0,0.0
2026-03-30 17:42:35,30,475861.0,44084.0,1405.0,0.0,0.0,0.0,955.0,86.0,3.0,9.037824e+07,9.416704e+08,160.84,21.0,14832.0,0.0,14832.0,14832.0,2.0,0.0,0.0
2026-03-30 17:42:47,30,477226.0,44781.0,1405.0,0.0,0.0,0.0,957.0,87.0,3.0,9.037824e+07,9.416704e+08,161.39999999999998,21.0,14883.0,0.0,14883.0,14883.0,2.0,0.0,0.0
2026-03-30 17:42:59,30,480624.0,44781.0,1405.0,0.0,0.0,0.0,962.0,87.0,3.0,9.037824e+07,9.416704e+08,162.48,21.0,14986.0,0.0,14986.0,14986.0,2.0,0.0,0.0
2026-03-30 17:43:11,30,484051.0,44781.0,1405.0,0.0,0.0,0.0,967.0,87.0,3.0,9.037824e+07,9.416704e+08,163.52,21.0,15086.0,0.0,15086.0,15086.0,2.0,0.0,0.0
2026-03-30 17:43:24,30,486752.0,45478.0,1405.0,0.0,0.0,0.0,971.0,88.0,3.0,9.037824e+07,9.416704e+08,164.64000000000001,21.0,15185.0,0.0,15185.0,15185.0,2.0,0.0,0.0
2026-03-30 17:43:36,31,490179.0,45478.0,1405.0,0.0,0.0,0.0,976.0,88.0,3.0,9.037824e+07,9.416704e+08,165.70000000000002,21.0,15285.0,0.0,15285.0,15285.0,2.0,0.0,0.0
2026-03-30 17:43:48,31,492880.0,46175.0,1405.0,0.0,0.0,0.0,980.0,89.0,3.0,9.037824e+07,9.416704e+08,166.81,23.0,15387.0,0.0,15386.0,15386.0,2.0,0.0,0.0
2026-03-30 17:44:00,31,496870.0,46175.0,1405.0,0.0,0.0,0.0,986.0,89.0,3.0,9.037824e+07,9.416704e+08,167.89000000000001,21.0,15487.0,0.0,15487.0,15487.0,2.0,0.0,0.0
2026-03-30 17:44:12,31,499600.0,46872.0,1405.0,0.0,0.0,0.0,990.0,90.0,3.0,9.037824e+07,9.416704e+08,168.94000000000003,21.0,15586.0,0.0,15586.0,15586.0,2.0,0.0,0.0
2026-03-30 17:44:24,31,502998.0,46872.0,1405.0,0.0,0.0,0.0,995.0,90.0,3.0,9.037824e+07,9.416704e+08,170.01,23.0,15686.0,0.0,15685.0,15685.0,2.0,0.0,0.0
2026-03-30 17:44:37,32,506425.0,46872.0,1405.0,0.0,0.0,0.0,1000.0,90.0,3.0,9.037824e+07,9.416704e+08,171.04,21.0,15786.0,0.0,15786.0,15786.0,2.0,0.0,0.0
2026-03-30 17:44:49,32,509126.0,47569.0,1405.0,0.0,0.0,0.0,1004.0,91.0,3.0,9.037824e+07,9.416704e+08,172.11,23.0,15886.0,0.0,15885.0,15885.0,2.0,0.0,0.0
2026-03-30 17:45:01,32,512941.0,47569.0,1405.0,0.0,0.0,0.0,1010.0,91.0,3.0,9.037824e+07,9.416704e+08,173.23000000000002,21.0,15987.0,0.0,15987.0,15987.0,2.0,0.0,0.0
2026-03-30 17:45:13,32,515671.0,48266.0,1405.0,0.0,0.0,0.0,1014.0,92.0,3.0,9.037824e+07,9.416704e+08,174.33,21.0,16086.0,0.0,16086.0,16086.0,2.0,0.0,0.0
2026-03-30 17:45:25,33,519069.0,48266.0,1405.0,0.0,0.0,0.0,1019.0,92.0,3.0,9.037824e+07,9.416704e+08,175.43,21.0,16187.0,0.0,16187.0,16187.0,2.0,0.0,0.0
2026-03-30 17:45:37,33,521799.0,48963.0,1405.0,0.0,0.0,0.0,1023.0,93.0,3.0,9.037824e+07,9.416704e+08,176.52,21.0,16286.0,0.0,16286.0,16286.0,2.0,0.0,0.0
2026-03-30 17:45:49,33,525197.0,48963.0,1405.0,0.0,0.0,0.0,1028.0,93.0,3.0,9.037824e+07,9.416704e+08,177.64,21.0,16387.0,0.0,16387.0,16387.0,2.0,0.0,0.0
2026-03-30 17:46:02,33,528624.0,48963.0,1405.0,0.0,0.0,0.0,1033.0,93.0,3.0,9.037824e+07,9.416704e+08,178.71,21.0,16488.0,0.0,16488.0,16488.0,2.0,0.0,0.0
2026-03-30 17:46:14,33,531952.0,49628.0,1405.0,0.0,0.0,0.0,1038.0,94.0,3.0,9.0509312e+07,9.416704e+08,179.82,21.0,16588.0,0.0,16588.0,16588.0,2.0,0.0,0.0
2026-03-30 17:46:26,34,535379.0,49628.0,1405.0,0.0,0.0,0.0,1043.0,94.0,3.0,9.0509312e+07,9.416704e+08,180.92999999999998,21.0,16688.0,0.0,16688.0,16688.0,2.0,0.0,0.0
2026-03-30 17:46:38,34,538109.0,50296.0,1405.0,0.0,0.0,0.0,1047.0,95.0,3.0,9.0509312e+07,9.416704e+08,182.06,21.0,16788.0,0.0,16788.0,16788.0,2.0,0.0,0.0
2026-03-30 17:46:50,34,541536.0,50296.0,1405.0,0.0,0.0,0.0,1052.0,95.0,3.0,9.0509312e+07,9.416704e+08,183.16,21.0,16889.0,0.0,16889.0,16889.0,2.0,0.0,0.0
2026-03-30 17:47:02,34,544266.0,50964.0,1405.0,0.0,0.0,0.0,1056.0,96.0,3.0,9.0509312e+07,9.416704e+08,184.23,21.0,16989.0,0.0,16989.0,16989.0,2.0,0.0,0.0
2026-03-30 17:47:14,34,547693.0,50964.0,1405.0,0.0,0.0,0.0,1061.0,96.0,3.0,9.0509312e+07,9.416704e+08,185.29000000000002,21.0,17089.0,0.0,17089.0,17089.0,2.0,0.0,0.0
2026-03-30 17:47:27,35,551578.0,50964.0,1405.0,0.0,0.0,0.0,1067.0,96.0,3.0,9.0509312e+07,9.416704e+08,186.35999999999999,21.0,17189.0,0.0,17189.0,17189.0,2.0,0.0,0.0
2026-03-30 17:47:39,35,554308.0,51632.0,1405.0,0.0,0.0,0.0,1071.0,97.0,3.0,9.0509312e+07,9.416704e+08,187.45999999999998,22.0,17290.0,0.0,17289.0,17289.0,2.0,0.0,0.0
2026-03-30 17:47:51,35,557735.0,51632.0,1405.0,0.0,0.0,0.0,1076.0,97.0,3.0,9.0509312e+07,9.416704e+08,188.52,21.0,17390.0,0.0,17390.0,17390.0,2.0,0.0,0.0
2026-03-30 17:48:03,35,560465.0,52300.0,1405.0,0.0,0.0,0.0,1080.0,98.0,3.0,9.0509312e+07,9.416704e+08,189.58,21.0,17490.0,0.0,17490.0,17490.0,2.0,0.0,0.0
2026-03-30 17:48:15,35,563892.0,52300.0,1405.0,0.0,0.0,0.0,1085.0,98.0,3.0,9.0509312e+07,9.416704e+08,190.62,21.0,17588.0,0.0,17588.0,17588.0,2.0,0.0,0.0
2026-03-30 17:48:27,36,566622.0,52968.0,1405.0,0.0,0.0,0.0,1089.0,99.0,3.0,9.0509312e+07,9.416704e+08,191.77,21.0,17687.0,0.0,17687.0,17687.0,2.0,0.0,0.0
2026-03-30 17:48:39,36,570577.0,52968.0,1405.0,0.0,0.0,0.0,1095.0,99.0,3.0,9.0509312e+07,9.416704e+08,192.91,21.0,17788.0,0.0,17788.0,17788.0,2.0,0.0,0.0
2026-03-30 17:48:51,36,574004.0,52968.0,1405.0,0.0,0.0,0.0,1100.0,99.0,3.0,9.0509312e+07,9.416704e+08,193.96,21.0,17888.0,0.0,17888.0,17888.0,2.0,0.0,0.0
2026-03-30 17:49:03,36,576734.0,53636.0,1405.0,0.0,0.0,0.0,1104.0,100.0,3.0,9.0509312e+07,9.416704e+08,194.99,21.0,17987.0,0.0,17987.0,17987.0,2.0,0.0,0.0
2026-03-30 17:49:15,36,580161.0,53636.0,1405.0,0.0,0.0,0.0,1109.0,100.0,3.0,9.0509312e+07,9.416704e+08,196.07,21.0,18087.0,0.0,18087.0,18087.0,2.0,0.0,0.0
2026-03-30 17:49:27,37,582891.0,54304.0,1405.0,0.0,0.0,0.0,1113.0,101.0,3.0,9.0509312e+07,9.416704e+08,197.13,21.0,18187.0,0.0,18187.0,18187.0,2.0,0.0,0.0
2026-03-30 17:49:39,37,586318.0,54304.0,1405.0,0.0,0.0,0.0,1118.0,101.0,3.0,9.0509312e+07,9.416704e+08,198.19,21.0,18286.0,0.0,18286.0,18286.0,2.0,0.0,0.0
2026-03-30 17:49:52,37,589048.0,54972.0,1405.0,0.0,0.0,0.0,1122.0,102.0,3.0,9.0509312e+07,9.416704e+08,199.25,23.0,18387.0,0.0,18386.0,18386.0,2.0,0.0,0.0
2026-03-30 17:50:04,37,593073.0,54972.0,1405.0,0.0,0.0,0.0,1128.0,102.0,3.0,9.0509312e+07,9.416704e+08,200.27,21.0,18485.0,0.0,18485.0,18485.0,2.0,0.0,0.0
2026-03-30 17:50:16,37,596500.0,54972.0,1405.0,0.0,0.0,0.0,1133.0,102.0,3.0,9.0509312e+07,9.416704e+08,201.39000000000001,21.0,18585.0,0.0,18585.0,18585.0,2.0,0.0,0.0
2026-03-30 17:50:28,38,599230.0,55640.0,1405.0,0.0,0.0,0.0,1137.0,103.0,3.0,9.0509312e+07,9.416704e+08,202.49,21.0,18685.0,0.0,18685.0,18685.0,2.0,0.0,0.0
2026-03-30 17:50:40,38,602657.0,55640.0,1405.0,0.0,0.0,0.0,1142.0,103.0,3.0,9.0509312e+07,9.416704e+08,203.51,21.0,18785.0,0.0,18785.0,18785.0,2.0,0.0,0.0
2026-03-30 17:50:52,38,605387.0,56308.0,1405.0,0.0,0.0,0.0,1146.0,104.0,3.0,9.0509312e+07,9.416704e+08,204.57,21.0,18884.0,0.0,18884.0,18884.0,2.0,0.0,0.0
2026-03-30 17:51:04,38,608814.0,56308.0,1405.0,0.0,0.0,0.0,1151.0,104.0,3.0,9.0509312e+07,9.416704e+08,205.64,23.0,18985.0,0.0,18984.0,18984.0,2.0,0.0,0.0
2026-03-30 17:51:16,38,611544.0,56976.0,1405.0,0.0,0.0,0.0,1155.0,105.0,3.0,9.0509312e+07,9.416704e+08,206.66,21.0,19084.0,0.0,19084.0,19084.0,2.0,0.0,0.0
2026-03-30 17:51:28,39,614939.0,56976.0,1405.0,0.0,0.0,0.0,1160.0,105.0,3.0,9.0509312e+07,9.416704e+08,207.76999999999998,21.0,19183.0,0.0,19183.0,19183.0,2.0,0.0,0.0
2026-03-30 17:51:40,39,618929.0,56976.0,1405.0,0.0,0.0,0.0,1166.0,105.0,3.0,9.0509312e+07,9.416704e+08,208.88,21.0,19283.0,0.0,19283.0,19283.0,2.0,0.0,0.0
2026-03-30 17:51:52,39,621659.0,57673.0,1405.0,0.0,0.0,0.0,1170.0,106.0,3.0,9.0509312e+07,9.416704e+08,209.95,21.0,19383.0,0.0,19383.0,19383.0,2.0,0.0,0.0
2026-03-30 17:52:05,39,625057.0,57673.0,1405.0,0.0,0.0,0.0,1175.0,106.0,3.0,9.0509312e+07,9.416704e+08,211.0,21.0,19482.0,0.0,19482.0,19482.0,2.0,0.0,0.0
2026-03-30 17:52:17,39,627787.0,58370.0,1405.0,0.0,0.0,0.0,1179.0,107.0,3.0,9.0509312e+07,9.416704e+08,212.13,21.0,19583.0,0.0,19583.0,19583.0,2.0,0.0,0.0
2026-03-30 17:52:29,40,631185.0,58370.0,1405.0,0.0,0.0,0.0,1184.0,107.0,3.0,9.0509312e+07,9.416704e+08,213.20999999999998,21.0,19683.0,0.0,19683.0,19683.0,2.0,0.0,0.0
2026-03-30 17:52:41,40,633915.0,59067.0,1405.0,0.0,0.0,0.0,1188.0,108.0,3.0,9.0509312e+07,9.416704e+08,214.32,21.0,19783.0,0.0,19783.0,19783.0,2.0,0.0,0.0
2026-03-30 17:52:53,40,637313.0,59067.0,1405.0,0.0,0.0,0.0,1193.0,108.0,3.0,9.0509312e+07,9.416704e+08,215.44,21.0,19884.0,0.0,19884.0,19884.0,2.0,0.0,0.0
2026-03-30 17:53:06,40,641373.0,59067.0,1405.0,0.0,0.0,0.0,1199.0,108.0,3.0,9.0509312e+07,9.416704e+08,216.53,21.0,19987.0,0.0,19987.0,19987.0,2.0,0.0,0.0
2026-03-30 17:53:18,40,644103.0,59764.0,1405.0,0.0,0.0,0.0,1203.0,109.0,3.0,9.0509312e+07,9.416704e+08,217.64,21.0,20087.0,0.0,20087.0,20087.0,2.0,0.0,0.0
2026-03-30 17:53:30,41,647501.0,59764.0,1405.0,0.0,0.0,0.0,1208.0,109.0,3.0,9.0509312e+07,9.416704e+08,218.71,21.0,20187.0,0.0,20187.0,20187.0,2.0,0.0,0.0
2026-03-30 17:53:42,41,650231.0,60461.0,1405.0,0.0,0.0,0.0,1212.0,110.0,3.0,9.0509312e+07,9.416704e+08,219.76000000000002,21.0,20287.0,0.0,20287.0,20287.0,2.0,0.0,0.0
2026-03-30 17:53:54,41,653629.0,60461.0,1405.0,0.0,0.0,0.0,1217.0,110.0,3.0,9.0509312e+07,9.416704e+08,220.86,21.0,20388.0,0.0,20388.0,20388.0,2.0,0.0,0.0
2026-03-30 17:54:07,41,656922.0,61158.0,1405.0,0.0,0.0,0.0,1222.0,111.0,3.0,9.0509312e+07,9.416704e+08,221.91,21.0,20488.0,0.0,20488.0,20488.0,2.0,0.0,0.0
2026-03-30 17:54:19,41,660349.0,61158.0,1405.0,0.0,0.0,0.0,1227.0,111.0,3.0,9.0509312e+07,9.416704e+08,223.0,21.0,20589.0,0.0,20589.0,20589.0,2.0,0.0,0.0
2026-03-30 17:54:31,42,663747.0,61158.0,1405.0,0.0,0.0,0.0,1232.0,111.0,3.0,9.0509312e+07,9.416704e+08,224.07,23.0,20689.0,0.0,20688.0,20688.0,2.0,0.0,0.0
2026-03-30 17:54:43,42,666477.0,61855.0,1405.0,0.0,0.0,0.0,1236.0,112.0,3.0,9.0509312e+07,9.416704e+08,225.16,21.0,20789.0,0.0,20789.0,20789.0,2.0,0.0,0.0
2026-03-30 17:54:55,42,669875.0,61855.0,1405.0,0.0,0.0,0.0,1241.0,112.0,3.0,9.0509312e+07,9.416704e+08,226.20000000000002,21.0,20888.0,0.0,20888.0,20888.0,2.0,0.0,0.0
2026-03-30 17:55:07,42,672605.0,62552.0,1405.0,0.0,0.0,0.0,1245.0,113.0,3.0,9.0509312e+07,9.416704e+08,227.25,23.0,20988.0,0.0,20987.0,20987.0,2.0,0.0,0.0
2026-03-30 17:55:19,42,676528.0,62552.0,1405.0,0.0,0.0,0.0,1251.0,113.0,3.0,9.0509312e+07,9.416704e+08,228.36999999999998,21.0,21087.0,0.0,21087.0,21087.0,2.0,0.0,0.0
2026-03-30 17:55:32,43,679287.0,63220.0,1405.0,0.0,0.0,0.0,1255.0,114.0,3.0,9.0509312e+07,9.416704e+08,229.46,23.0,21188.0,0.0,21187.0,21187.0,2.0,0.0,0.0
2026-03-30 17:55:44,43,682685.0,63220.0,1405.0,0.0,0.0,0.0,1260.0,114.0,3.0,9.0509312e+07,9.416704e+08,230.53,23.0,21288.0,0.0,21287.0,21287.0,2.0,0.0,0.0
2026-03-30 17:55:56,43,686112.0,63220.0,1405.0,0.0,0.0,0.0,1265.0,114.0,3.0,9.0509312e+07,9.416704e+08,231.60999999999999,22.0,21387.0,0.0,21387.0,21386.0,2.0,0.0,0.0
2026-03-30 17:56:08,43,688842.0,63888.0,1405.0,0.0,0.0,0.0,1269.0,115.0,3.0,9.0509312e+07,9.416704e+08,232.66,21.0,21486.0,0.0,21486.0,21486.0,2.0,0.0,0.0
2026-03-30 17:56:20,43,692269.0,63888.0,1405.0,0.0,0.0,0.0,1274.0,115.0,3.0,9.0509312e+07,9.416704e+08,233.73000000000002,21.0,21586.0,0.0,21586.0,21586.0,2.0,0.0,0.0
2026-03-30 17:56:32,44,694617.0,64556.0,2102.0,0.0,0.0,0.0,1278.0,116.0,4.0,9.0509312e+07,9.416704e+08,234.83,21.0,21687.0,0.0,21687.0,21687.0,2.0,0.0,0.0
2026-03-30 17:56:44,44,698184.0,64556.0,2102.0,0.0,0.0,0.0,1284.0,116.0,4.0,9.0509312e+07,9.416704e+08,235.87,21.0,21786.0,0.0,21786.0,21786.0,2.0,0.0,0.0
2026-03-30 17:56:56,44,701159.0,65151.0,2102.0,0.0,0.0,0.0,1289.0,117.0,4.0,9.0509312e+07,9.416704e+08,236.95000000000002,21.0,21886.0,0.0,21886.0,21886.0,2.0,0.0,0.0
2026-03-30 17:57:08,44,704729.0,65151.0,2102.0,0.0,0.0,0.0,1295.0,117.0,4.0,9.0509312e+07,9.416704e+08,238.02,23.0,21986.0,0.0,21985.0,21985.0,2.0,0.0,0.0
2026-03-30 17:57:20,44,707109.0,65746.0,2102.0,0.0,0.0,0.0,1299.0,118.0,4.0,9.0509312e+07,9.416704e+08,239.08,23.0,22086.0,0.0,22085.0,22085.0,2.0,0.0,0.0
2026-03-30 17:57:33,45,710714.0,65746.0,2102.0,0.0,0.0,0.0,1305.0,118.0,4.0,9.0509312e+07,9.416704e+08,240.18,21.0,22186.0,0.0,22186.0,22186.0,2.0,0.0,0.0
2026-03-30 17:57:45,45,713374.0,66411.0,2102.0,0.0,0.0,0.0,1309.0,119.0,4.0,9.0509312e+07,9.416704e+08,241.33,21.0,22286.0,0.0,22286.0,22286.0,2.0,0.0,0.0
2026-03-30 17:57:57,45,717329.0,66411.0,2102.0,0.0,0.0,0.0,1315.0,119.0,4.0,9.0509312e+07,9.416704e+08,242.39000000000001,21.0,22386.0,0.0,22386.0,22386.0,2.0,0.0,0.0
2026-03-30 17:58:09,45,720654.0,66411.0,2102.0,0.0,0.0,0.0,1320.0,119.0,4.0,9.0509312e+07,9.416704e+08,243.42,23.0,22486.0,0.0,22485.0,22485.0,2.0,0.0,0.0
2026-03-30 17:58:21,45,723314.0,67076.0,2102.0,0.0,0.0,0.0,1324.0,120.0,4.0,9.0509312e+07,9.416704e+08,244.49,23.0,22587.0,0.0,22586.0,22586.0,2.0,0.0,0.0
2026-03-30 17:58:33,46,727199.0,67076.0,2102.0,0.0,0.0,0.0,1330.0,120.0,4.0,9.0640384e+07,9.416704e+08,245.55,21.0,22688.0,0.0,22688.0,22688.0,2.0,0.0,0.0
2026-03-30 17:58:45,46,729859.0,67741.0,2102.0,0.0,0.0,0.0,1334.0,121.0,4.0,9.0640384e+07,9.416704e+08,246.62,21.0,22787.0,0.0,22787.0,22787.0,2.0,0.0,0.0
2026-03-30 17:58:58,46,733184.0,67741.0,2102.0,0.0,0.0,0.0,1339.0,121.0,4.0,9.0640384e+07,9.416704e+08,247.69,22.0,22889.0,0.0,22889.0,22889.0,2.0,0.0,0.0
2026-03-30 17:59:10,46,736439.0,68406.0,2102.0,0.0,0.0,0.0,1344.0,122.0,4.0,9.0640384e+07,9.416704e+08,248.81,21.0,22988.0,0.0,22988.0,22988.0,2.0,0.0,0.0
2026-03-30 17:59:22,46,739764.0,68406.0,2102.0,0.0,0.0,0.0,1349.0,122.0,4.0,9.0640384e+07,9.416704e+08,249.89999999999998,21.0,23088.0,0.0,23088.0,23088.0,2.0,0.0,0.0
2026-03-30 17:59:34,47,742424.0,69071.0,2102.0,0.0,0.0,0.0,1353.0,123.0,4.0,9.0640384e+07,9.416704e+08,250.97000000000003,21.0,23187.0,0.0,23187.0,23187.0,2.0,0.0,0.0
2026-03-30 17:59:46,47,746414.0,69071.0,2102.0,0.0,0.0,0.0,1359.0,123.0,4.0,9.0640384e+07,9.416704e+08,252.07,21.0,23288.0,0.0,23288.0,23288.0,2.0,0.0,0.0
2026-03-30 17:59:58,47,749739.0,69071.0,2102.0,0.0,0.0,0.0,1364.0,123.0,4.0,9.0640384e+07,9.416704e+08,253.12,21.0,23388.0,0.0,23388.0,23388.0,2.0,0.0,0.0
2026-03-30 18:00:10,47,752399.0,69736.0,2102.0,0.0,0.0,0.0,1368.0,124.0,4.0,9.0640384e+07,9.416704e+08,254.23,23.0,23490.0,0.0,23489.0,23489.0,2.0,0.0,0.0
2026-03-30 18:00:23,47,756144.0,69736.0,2102.0,0.0,0.0,0.0,1374.0,124.0,4.0,9.0640384e+07,9.416704e+08,255.29000000000002,23.0,23591.0,0.0,23590.0,23590.0,2.0,0.0,0.0
2026-03-30 18:00:35,48,758842.0,70401.0,2102.0,0.0,0.0,0.0,1378.0,125.0,4.0,9.0640384e+07,9.416704e+08,256.34000000000003,21.0,23690.0,0.0,23690.0,23690.0,2.0,0.0,0.0
2026-03-30 18:00:47,48,762269.0,70401.0,2102.0,0.0,0.0,0.0,1383.0,125.0,4.0,9.0640384e+07,9.416704e+08,257.40000000000003,21.0,23790.0,0.0,23790.0,23790.0,2.0,0.0,0.0
2026-03-30 18:00:59,48,764970.0,71098.0,2102.0,0.0,0.0,0.0,1387.0,126.0,4.0,9.0640384e+07,9.416704e+08,258.46999999999997,23.0,23892.0,0.0,23891.0,23891.0,2.0,0.0,0.0
2026-03-30 18:01:11,48,768925.0,71098.0,2102.0,0.0,0.0,0.0,1393.0,126.0,4.0,9.0640384e+07,9.416704e+08,259.52,21.0,23993.0,0.0,23993.0,23993.0,2.0,0.0,0.0
2026-03-30 18:01:24,48,771655.0,71795.0,2102.0,0.0,0.0,0.0,1397.0,127.0,4.0,9.0640384e+07,9.416704e+08,260.57,21.0,24093.0,0.0,24093.0,24093.0,2.0,0.0,0.0
2026-03-30 18:01:36,49,775053.0,71795.0,2102.0,0.0,0.0,0.0,1402.0,127.0,4.0,9.0640384e+07,9.416704e+08,261.68,21.0,24194.0,0.0,24194.0,24194.0,2.0,0.0,0.0
2026-03-30 18:01:48,49,778480.0,71795.0,2102.0,0.0,0.0,0.0,1407.0,127.0,4.0,9.0640384e+07,9.416704e+08,262.74,23.0,24294.0,0.0,24293.0,24293.0,2.0,0.0,0.0
2026-03-30 18:02:00,49,781181.0,72492.0,2102.0,0.0,0.0,0.0,1411.0,128.0,4.0,9.0640384e+07,9.416704e+08,263.82,21.0,24395.0,0.0,24395.0,24395.0,2.0,0.0,0.0
2026-03-30 18:02:12,49,785136.0,72492.0,2102.0,0.0,0.0,0.0,1417.0,128.0,4.0,9.0640384e+07,9.416704e+08,264.95,23.0,24495.0,0.0,24494.0,24494.0,2.0,0.0,0.0
2026-03-30 18:02:24,49,787866.0,73189.0,2102.0,0.0,0.0,0.0,1421.0,129.0,4.0,9.0640384e+07,9.416704e+08,266.04,21.0,24596.0,0.0,24596.0,24596.0,2.0,0.0,0.0
2026-03-30 18:02:36,50,791261.0,73189.0,2102.0,0.0,0.0,0.0,1426.0,129.0,4.0,9.0640384e+07,9.416704e+08,267.13,21.0,24695.0,0.0,24695.0,24695.0,2.0,0.0,0.0
2026-03-30 18:02:49,50,793991.0,73857.0,2102.0,0.0,0.0,0.0,1430.0,130.0,4.0,9.0640384e+07,9.416704e+08,268.22,21.0,24795.0,0.0,24795.0,24795.0,2.0,0.0,0.0
2026-03-30 18:03:01,50,797418.0,73857.0,2102.0,0.0,0.0,0.0,1435.0,130.0,4.0,9.0640384e+07,9.416704e+08,269.3,21.0,24896.0,0.0,24896.0,24896.0,2.0,0.0,0.0
2026-03-30 18:03:13,50,800816.0,73857.0,2102.0,0.0,0.0,0.0,1440.0,130.0,4.0,9.0640384e+07,9.416704e+08,270.41,21.0,24997.0,0.0,24997.0,24997.0,2.0,0.0,0.0
2026-03-30 18:03:25,51,804176.0,74522.0,2102.0,0.0,0.0,0.0,1445.0,131.0,4.0,9.0640384e+07,9.416704e+08,271.51,21.0,25096.0,0.0,25096.0,25096.0,2.0,0.0,0.0
2026-03-30 18:03:37,51,807463.0,74522.0,2102.0,0.0,0.0,0.0,1450.0,131.0,4.0,9.0640384e+07,9.416704e+08,272.59,21.0,25195.0,0.0,25195.0,25195.0,2.0,0.0,0.0
2026-03-30 18:03:49,51,810193.0,75190.0,2102.0,0.0,0.0,0.0,1454.0,132.0,4.0,9.0640384e+07,9.416704e+08,273.71000000000004,21.0,25295.0,0.0,25295.0,25295.0,2.0,0.0,0.0
2026-03-30 18:04:02,51,813620.0,75190.0,2102.0,0.0,0.0,0.0,1459.0,132.0,4.0,9.0640384e+07,9.416704e+08,274.78999999999996,23.0,25396.0,0.0,25395.0,25395.0,2.0,0.0,0.0
2026-03-30 18:04:14,51,816776.0,75887.0,2102.0,0.0,0.0,0.0,1464.0,133.0,4.0,9.0640384e+07,9.416704e+08,275.86,21.0,25497.0,0.0,25497.0,25497.0,2.0,0.0,0.0
2026-03-30 18:04:26,52,820203.0,75887.0,2102.0,0.0,0.0,0.0,1469.0,133.0,4.0,9.0640384e+07,9.416704e+08,276.97,23.0,25597.0,0.0,25596.0,25596.0,2.0,0.0,0.0
2026-03-30 18:04:38,52,823493.0,75887.0,2102.0,0.0,0.0,0.0,1474.0,133.0,4.0,9.0640384e+07,9.416704e+08,278.05,23.0,25698.0,0.0,25697.0,25697.0,2.0,0.0,0.0
2026-03-30 18:04:51,52,826891.0,76342.0,2102.0,0.0,0.0,0.0,1479.0,134.0,4.0,9.0771456e+07,9.416704e+08,279.15,21.0,25798.0,0.0,25798.0,25798.0,2.0,0.0,0.0
2026-03-30 18:05:03,52,830318.0,76342.0,2102.0,0.0,0.0,0.0,1484.0,134.0,4.0,9.0771456e+07,9.416704e+08,280.24,22.0,25899.0,0.0,25898.0,25898.0,2.0,0.0,0.0
2026-03-30 18:05:15,52,833019.0,77039.0,2102.0,0.0,0.0,0.0,1488.0,135.0,4.0,9.0771456e+07,9.416704e+08,281.42,21.0,26000.0,0.0,26000.0,26000.0,2.0,0.0,0.0
2026-03-30 18:05:27,53,836446.0,77039.0,2102.0,0.0,0.0,0.0,1493.0,135.0,4.0,9.0771456e+07,9.416704e+08,282.5,21.0,26100.0,0.0,26100.0,26100.0,2.0,0.0,0.0
2026-03-30 18:05:39,53,839176.0,77704.0,2102.0,0.0,0.0,0.0,1497.0,136.0,4.0,9.0771456e+07,9.416704e+08,283.55999999999995,23.0,26199.0,0.0,26198.0,26198.0,2.0,0.0,0.0
2026-03-30 18:05:51,53,843064.0,77704.0,2102.0,0.0,0.0,0.0,1503.0,136.0,4.0,9.0771456e+07,9.416704e+08,284.67,21.0,26299.0,0.0,26299.0,26299.0,2.0,0.0,0.0
2026-03-30 18:06:04,53,845794.0,78401.0,2102.0,0.0,0.0,0.0,1507.0,137.0,4.0,9.0771456e+07,9.416704e+08,285.76,23.0,26399.0,0.0,26398.0,26398.0,2.0,0.0,0.0
2026-03-30 18:06:16,53,849192.0,78401.0,2102.0,0.0,0.0,0.0,1512.0,137.0,4.0,9.0771456e+07,9.416704e+08,286.87,21.0,26498.0,0.0,26498.0,26498.0,2.0,0.0,0.0
2026-03-30 18:06:28,54,852619.0,78401.0,2102.0,0.0,0.0,0.0,1517.0,137.0,4.0,9.0771456e+07,9.416704e+08,287.93,23.0,26598.0,0.0,26597.0,26597.0,2.0,0.0,0.0
2026-03-30 18:06:40,54,855320.0,79098.0,2102.0,0.0,0.0,0.0,1521.0,138.0,4.0,9.0771456e+07,9.416704e+08,289.01,21.0,26697.0,0.0,26697.0,26697.0,2.0,0.0,0.0
2026-03-30 18:06:52,54,858747.0,79098.0,2102.0,0.0,0.0,0.0,1526.0,138.0,4.0,9.0771456e+07,9.416704e+08,290.04999999999995,21.0,26797.0,0.0,26797.0,26797.0,2.0,0.0,0.0
2026-03-30 18:07:05,54,861448.0,79795.0,2102.0,0.0,0.0,0.0,1530.0,139.0,4.0,9.0771456e+07,9.416704e+08,291.16,21.0,26898.0,0.0,26898.0,26898.0,2.0,0.0,0.0
2026-03-30 18:07:17,54,865438.0,79795.0,2102.0,0.0,0.0,0.0,1536.0,139.0,4.0,9.0771456e+07,9.416704e+08,292.23999999999995,21.0,26998.0,0.0,26998.0,26998.0,2.0,0.0,0.0
2026-03-30 18:07:29,55,868168.0,80492.0,2102.0,0.0,0.0,0.0,1540.0,140.0,4.0,9.0771456e+07,9.416704e+08,293.37,21.0,27099.0,0.0,27099.0,27099.0,2.0,0.0,0.0
2026-03-30 18:07:41,55,871566.0,80492.0,2102.0,0.0,0.0,0.0,1545.0,140.0,4.0,9.0771456e+07,9.416704e+08,294.46999999999997,21.0,27198.0,0.0,27198.0,27198.0,2.0,0.0,0.0
2026-03-30 18:07:53,55,874993.0,80492.0,2102.0,0.0,0.0,0.0,1550.0,140.0,4.0,9.0771456e+07,9.416704e+08,295.51,21.0,27298.0,0.0,27298.0,27298.0,2.0,0.0,0.0
2026-03-30 18:08:05,55,877694.0,81189.0,2102.0,0.0,0.0,0.0,1554.0,141.0,4.0,9.0771456e+07,9.416704e+08,296.58000000000004,21.0,27398.0,0.0,27398.0,27398.0,2.0,0.0,0.0
2026-03-30 18:08:17,55,881121.0,81189.0,2102.0,0.0,0.0,0.0,1559.0,141.0,4.0,9.0771456e+07,9.416704e+08,297.67,23.0,27499.0,0.0,27499.0,27499.0,2.0,0.0,0.0
2026-03-30 18:08:29,56,884411.0,81857.0,2102.0,0.0,0.0,0.0,1564.0,142.0,4.0,9.0771456e+07,9.416704e+08,298.71999999999997,21.0,27598.0,0.0,27598.0,27598.0,2.0,0.0,0.0
2026-03-30 18:08:42,56,887838.0,81857.0,2102.0,0.0,0.0,0.0,1569.0,142.0,4.0,9.0771456e+07,9.416704e+08,299.79999999999995,23.0,27699.0,0.0,27698.0,27698.0,2.0,0.0,0.0
2026-03-30 18:08:54,56,890568.0,82525.0,2102.0,0.0,0.0,0.0,1573.0,143.0,4.0,9.0771456e+07,9.416704e+08,300.86,21.0,27798.0,0.0,27798.0,27798.0,2.0,0.0,0.0
2026-03-30 18:09:06,56,893995.0,82525.0,2102.0,0.0,0.0,0.0,1578.0,143.0,4.0,9.0771456e+07,9.416704e+08,301.99,21.0,27898.0,0.0,27898.0,27898.0,2.0,0.0,0.0
2026-03-30 18:09:18,56,897393.0,82525.0,2102.0,0.0,0.0,0.0,1583.0,143.0,4.0,9.0771456e+07,9.416704e+08,303.01,21.0,27998.0,0.0,27998.0,27998.0,2.0,0.0,0.0
2026-03-30 18:09:30,57,900152.0,83193.0,2102.0,0.0,0.0,0.0,1587.0,144.0,4.0,9.0771456e+07,9.416704e+08,304.01,21.0,28099.0,0.0,28099.0,28099.0,2.0,0.0,0.0
2026-03-30 18:09:42,57,903512.0,83193.0,2102.0,0.0,0.0,0.0,1592.0,144.0,4.0,9.0771456e+07,9.416704e+08,305.10999999999996,21.0,28199.0,0.0,28199.0,28199.0,2.0,0.0,0.0
2026-03-30 18:09:55,57,906907.0,83861.0,2102.0,0.0,0.0,0.0,1597.0,145.0,4.0,9.0771456e+07,9.416704e+08,306.2,21.0,28299.0,0.0,28299.0,28299.0,2.0,0.0,0.0
2026-03-30 18:10:07,57,910334.0,83861.0,2102.0,0.0,0.0,0.0,1602.0,145.0,4.0,9.0771456e+07,9.416704e+08,307.24,21.0,28399.0,0.0,28399.0,28399.0,2.0,0.0,0.0
2026-03-30 18:10:19,57,913064.0,84529.0,2102.0,0.0,0.0,0.0,1606.0,146.0,4.0,9.0771456e+07,9.416704e+08,308.3,21.0,28500.0,0.0,28500.0,28500.0,2.0,0.0,0.0
2026-03-30 18:10:31,58,916491.0,84529.0,2102.0,0.0,0.0,0.0,1611.0,146.0,4.0,9.0771456e+07,9.416704e+08,309.41,21.0,28600.0,0.0,28600.0,28600.0,2.0,0.0,0.0
2026-03-30 18:10:43,58,919889.0,84529.0,2102.0,0.0,0.0,0.0,1616.0,146.0,4.0,9.0771456e+07,9.416704e+08,310.51,21.0,28700.0,0.0,28700.0,28700.0,2.0,0.0,0.0
2026-03-30 18:10:56,58,922648.0,85197.0,2102.0,0.0,0.0,0.0,1620.0,147.0,4.0,9.0771456e+07,9.416704e+08,311.63,21.0,28801.0,0.0,28801.0,28801.0,2.0,0.0,0.0
2026-03-30 18:11:08,58,926641.0,85197.0,2102.0,0.0,0.0,0.0,1626.0,147.0,4.0,9.0771456e+07,9.416704e+08,312.7,21.0,28901.0,0.0,28901.0,28901.0,2.0,0.0,0.0
2026-03-30 18:11:20,58,929371.0,85894.0,2102.0,0.0,0.0,0.0,1630.0,148.0,4.0,9.0771456e+07,9.416704e+08,313.78,21.0,29001.0,0.0,29001.0,29001.0,2.0,0.0,0.0
2026-03-30 18:11:32,59,932769.0,85894.0,2102.0,0.0,0.0,0.0,1635.0,148.0,4.0,9.0771456e+07,9.416704e+08,314.93,23.0,29102.0,0.0,29101.0,29101.0,2.0,0.0,0.0
2026-03-30 18:11:44,59,935499.0,86591.0,2102.0,0.0,0.0,0.0,1639.0,149.0,4.0,9.0771456e+07,9.416704e+08,316.05,21.0,29201.0,0.0,29201.0,29201.0,2.0,0.0,0.0
2026-03-30 18:11:56,59,938897.0,86591.0,2102.0,0.0,0.0,0.0,1644.0,149.0,4.0,9.0771456e+07,9.416704e+08,317.11,21.0,29301.0,0.0,29301.0,29301.0,2.0,0.0,0.0
2026-03-30 18:12:09,59,942324.0,86591.0,2102.0,0.0,0.0,0.0,1649.0,149.0,4.0,9.0771456e+07,9.416704e+08,318.2,21.0,29402.0,0.0,29402.0,29402.0,2.0,0.0,0.0
2026-03-30 18:12:21,59,945617.0,87256.0,2102.0,0.0,0.0,0.0,1654.0,150.0,4.0,9.0771456e+07,9.416704e+08,319.3,21.0,29502.0,0.0,29502.0,29502.0,2.0,0.0,0.0
2026-03-30 18:12:33,60,949044.0,87256.0,2102.0,0.0,0.0,0.0,1659.0,150.0,4.0,9.0771456e+07,9.416704e+08,320.36,21.0,29602.0,0.0,29602.0,29602.0,2.0,0.0,0.0
2026-03-30 18:12:45,60,950409.0,87924.0,2102.0,0.0,0.0,0.0,1661.0,151.0,4.0,9.0771456e+07,9.416704e+08,321.07,21.0,29667.0,0.0,29667.0,29667.0,2.0,0.0,0.0
2026-03-30 18:12:57,60,952471.0,87924.0,2102.0,0.0,0.0,0.0,1664.0,151.0,4.0,9.0771456e+07,9.416704e+08,321.62,21.0,29719.0,0.0,29719.0,29719.0,2.0,0.0,0.0
2026-03-30 18:13:09,60,955869.0,87924.0,2102.0,0.0,0.0,0.0,1669.0,151.0,4.0,9.0771456e+07,9.416704e+08,322.69,21.0,29819.0,0.0,29819.0,29819.0,2.0,0.0,0.0
2026-03-30 18:13:22,60,958628.0,88592.0,2102.0,0.0,0.0,0.0,1673.0,152.0,4.0,9.0771456e+07,9.416704e+08,323.78,23.0,29921.0,0.0,29920.0,29920.0,2.0,0.0,0.0
2026-03-30 18:13:34,61,962446.0,88592.0,2102.0,0.0,0.0,0.0,1679.0,152.0,4.0,9.0771456e+07,9.416704e+08,324.87,21.0,30021.0,0.0,30021.0,30021.0,2.0,0.0,0.0
2026-03-30 18:13:46,61,965068.0,89260.0,2102.0,0.0,0.0,0.0,1683.0,153.0,4.0,9.0771456e+07,9.416704e+08,325.94,21.0,30121.0,0.0,30121.0,30121.0,2.0,0.0,0.0
2026-03-30 18:13:58,61,968495.0,89260.0,2102.0,0.0,0.0,0.0,1688.0,153.0,4.0,9.0771456e+07,9.416704e+08,327.05999999999995,21.0,30220.0,0.0,30220.0,30220.0,2.0,0.0,0.0
2026-03-30 18:14:10,61,971893.0,89260.0,2102.0,0.0,0.0,0.0,1693.0,153.0,4.0,9.0771456e+07,9.416704e+08,328.12,23.0,30320.0,0.0,30319.0,30319.0,2.0,0.0,0.0
2026-03-30 18:14:23,61,975075.0,89928.0,2102.0,0.0,0.0,0.0,1698.0,154.0,4.0,9.0771456e+07,9.416704e+08,329.2,21.0,30421.0,0.0,30421.0,30421.0,2.0,0.0,0.0
2026-03-30 18:14:35,62,978502.0,89928.0,2102.0,0.0,0.0,0.0,1703.0,154.0,4.0,9.0771456e+07,9.416704e+08,330.26,21.0,30522.0,0.0,30522.0,30522.0,2.0,0.0,0.0
2026-03-30 18:14:47,62,981232.0,90596.0,2102.0,0.0,0.0,0.0,1707.0,155.0,4.0,9.0771456e+07,9.416704e+08,331.32,21.0,30620.0,0.0,30620.0,30620.0,2.0,0.0,0.0
2026-03-30 18:14:59,62,984659.0,90596.0,2102.0,0.0,0.0,0.0,1712.0,155.0,4.0,9.0771456e+07,9.416704e+08,332.35999999999996,21.0,30720.0,0.0,30720.0,30720.0,2.0,0.0,0.0
2026-03-30 18:15:11,62,987389.0,91264.0,2102.0,0.0,0.0,0.0,1716.0,156.0,4.0,9.0771456e+07,9.416704e+08,333.41,23.0,30821.0,0.0,30820.0,30820.0,2.0,0.0,0.0
2026-03-30 18:15:23,62,991274.0,91264.0,2102.0,0.0,0.0,0.0,1722.0,156.0,4.0,9.0771456e+07,9.416704e+08,334.53,21.0,30921.0,0.0,30921.0,30921.0,2.0,0.0,0.0
2026-03-30 18:15:35,63,994701.0,91264.0,2102.0,0.0,0.0,0.0,1727.0,156.0,4.0,9.0771456e+07,9.416704e+08,335.61,21.0,31021.0,0.0,31021.0,31021.0,2.0,0.0,0.0
2026-03-30 18:15:47,63,997431.0,91932.0,2102.0,0.0,0.0,0.0,1731.0,157.0,4.0,9.0771456e+07,9.416704e+08,336.6,23.0,31121.0,0.0,31120.0,31120.0,2.0,0.0,0.0
2026-03-30 18:15:59,63,1.000858e+06,91932.0,2102.0,0.0,0.0,0.0,1736.0,157.0,4.0,9.0771456e+07,9.416704e+08,337.7,21.0,31220.0,0.0,31220.0,31220.0,2.0,0.0,0.0
2026-03-30 18:16:11,63,1.003588e+06,92600.0,2102.0,0.0,0.0,0.0,1740.0,158.0,4.0,9.0771456e+07,9.416704e+08,338.79,21.0,31320.0,0.0,31320.0,31320.0,2.0,0.0,0.0
2026-03-30 18:16:24,63,1.007015e+06,92600.0,2102.0,0.0,0.0,0.0,1745.0,158.0,4.0,9.0771456e+07,9.416704e+08,339.90999999999997,21.0,31420.0,0.0,31420.0,31420.0,2.0,0.0,0.0
2026-03-30 18:16:36,64,1.009745e+06,93268.0,2102.0,0.0,0.0,0.0,1749.0,159.0,4.0,9.0771456e+07,9.416704e+08,341.01,21.0,31521.0,0.0,31521.0,31521.0,2.0,0.0,0.0
2026-03-30 18:16:48,64,1.01363e+06,93268.0,2102.0,0.0,0.0,0.0,1755.0,159.0,4.0,9.0771456e+07,9.416704e+08,342.07,21.0,31619.0,0.0,31619.0,31619.0,2.0,0.0,0.0
2026-03-30 18:17:00,64,1.017057e+06,93268.0,2102.0,0.0,0.0,0.0,1760.0,159.0,4.0,9.0771456e+07,9.416704e+08,343.15,21.0,31720.0,0.0,31720.0,31720.0,2.0,0.0,0.0
2026-03-30 18:17:12,64,1.019787e+06,93936.0,2102.0,0.0,0.0,0.0,1764.0,160.0,4.0,9.0771456e+07,9.416704e+08,344.24,23.0,31821.0,0.0,31820.0,31820.0,2.0,0.0,0.0
2026-03-30 18:17:25,65,1.023214e+06,93936.0,2102.0,0.0,0.0,0.0,1769.0,160.0,4.0,9.0771456e+07,9.416704e+08,345.33,21.0,31922.0,0.0,31922.0,31922.0,2.0,0.0,0.0
2026-03-30 18:17:37,65,1.025944e+06,94604.0,2102.0,0.0,0.0,0.0,1773.0,161.0,4.0,9.0771456e+07,9.416704e+08,346.40999999999997,23.0,32022.0,0.0,32021.0,32021.0,2.0,0.0,0.0
2026-03-30 18:17:49,65,1.029969e+06,94604.0,2102.0,0.0,0.0,0.0,1779.0,161.0,4.0,9.0771456e+07,9.416704e+08,347.5,21.0,32122.0,0.0,32122.0,32122.0,2.0,0.0,0.0
2026-03-30 18:18:01,65,1.032031e+06,95272.0,2799.0,0.0,0.0,0.0,1782.0,162.0,5.0,9.0771456e+07,9.416704e+08,348.58000000000004,21.0,32223.0,0.0,32223.0,32223.0,2.0,0.0,0.0
2026-03-30 18:18:13,65,1.035391e+06,95272.0,2799.0,0.0,0.0,0.0,1788.0,162.0,5.0,9.0771456e+07,9.416704e+08,349.58000000000004,21.0,32321.0,0.0,32321.0,32321.0,2.0,0.0,0.0
2026-03-30 18:18:25,66,1.038366e+06,95867.0,2799.0,0.0,0.0,0.0,1793.0,163.0,5.0,9.0902528e+07,9.416704e+08,350.69,21.0,32421.0,0.0,32421.0,32421.0,2.0,0.0,0.0
2026-03-30 18:18:37,66,1.041936e+06,95867.0,2799.0,0.0,0.0,0.0,1799.0,163.0,5.0,9.0902528e+07,9.416704e+08,351.78000000000003,21.0,32520.0,0.0,32520.0,32520.0,2.0,0.0,0.0
2026-03-30 18:18:50,66,1.044911e+06,96462.0,2799.0,0.0,0.0,0.0,1804.0,164.0,5.0,9.0902528e+07,9.416704e+08,352.86,23.0,32620.0,0.0,32619.0,32619.0,2.0,0.0,0.0
2026-03-30 18:19:02,66,1.047886e+06,96462.0,2799.0,0.0,0.0,0.0,1809.0,164.0,5.0,9.0902528e+07,9.416704e+08,353.97999999999996,21.0,32719.0,0.0,32719.0,32719.0,2.0,0.0,0.0
2026-03-30 18:19:14,66,1.051736e+06,96462.0,2799.0,0.0,0.0,0.0,1815.0,164.0,5.0,9.0902528e+07,9.416704e+08,355.01,21.0,32820.0,0.0,32820.0,32820.0,2.0,0.0,0.0
2026-03-30 18:19:26,67,1.054396e+06,97127.0,2799.0,0.0,0.0,0.0,1819.0,165.0,5.0,9.0902528e+07,9.416704e+08,356.11,21.0,32921.0,0.0,32921.0,32921.0,2.0,0.0,0.0
2026-03-30 18:19:39,67,1.057721e+06,97127.0,2799.0,0.0,0.0,0.0,1824.0,165.0,5.0,9.0902528e+07,9.416704e+08,357.28,21.0,33022.0,0.0,33022.0,33022.0,2.0,0.0,0.0
2026-03-30 18:19:51,67,1.061011e+06,97792.0,2799.0,0.0,0.0,0.0,1829.0,166.0,5.0,9.0902528e+07,9.416704e+08,358.4,21.0,33122.0,0.0,33122.0,33122.0,2.0,0.0,0.0
2026-03-30 18:20:03,67,1.064336e+06,97792.0,2799.0,0.0,0.0,0.0,1834.0,166.0,5.0,9.0902528e+07,9.416704e+08,359.42,21.0,33221.0,0.0,33221.0,33221.0,2.0,0.0,0.0
2026-03-30 18:20:15,67,1.066996e+06,98457.0,2799.0,0.0,0.0,0.0,1838.0,167.0,5.0,9.0902528e+07,9.416704e+08,360.51,21.0,33321.0,0.0,33321.0,33321.0,2.0,0.0,0.0
2026-03-30 18:20:27,68,1.070986e+06,98457.0,2799.0,0.0,0.0,0.0,1844.0,167.0,5.0,9.0902528e+07,9.416704e+08,361.61,21.0,33421.0,0.0,33421.0,33421.0,2.0,0.0,0.0
2026-03-30 18:20:39,68,1.073646e+06,99122.0,2799.0,0.0,0.0,0.0,1848.0,168.0,5.0,9.0902528e+07,9.416704e+08,362.68,21.0,33521.0,0.0,33521.0,33521.0,2.0,0.0,0.0
2026-03-30 18:20:52,68,1.076971e+06,99122.0,2799.0,0.0,0.0,0.0,1853.0,168.0,5.0,9.0902528e+07,9.416704e+08,363.73,23.0,33621.0,0.0,33620.0,33620.0,2.0,0.0,0.0
2026-03-30 18:21:04,68,1.080261e+06,99122.0,2799.0,0.0,0.0,0.0,1858.0,168.0,5.0,9.0902528e+07,9.416704e+08,364.78,21.0,33720.0,0.0,33720.0,33720.0,2.0,0.0,0.0
2026-03-30 18:21:16,68,1.083449e+06,99784.0,2799.0,0.0,0.0,0.0,1863.0,169.0,5.0,9.0902528e+07,9.416704e+08,365.84999999999997,21.0,33819.0,0.0,33819.0,33819.0,2.0,0.0,0.0
2026-03-30 18:21:28,69,1.086774e+06,99784.0,2799.0,0.0,0.0,0.0,1868.0,169.0,5.0,9.0902528e+07,9.416704e+08,366.88,21.0,33919.0,0.0,33919.0,33919.0,2.0,0.0,0.0
2026-03-30 18:21:40,69,1.089434e+06,100449.0,2799.0,0.0,0.0,0.0,1872.0,170.0,5.0,9.0902528e+07,9.416704e+08,368.0,21.0,34018.0,0.0,34018.0,34018.0,2.0,0.0,0.0
2026-03-30 18:21:52,69,1.093389e+06,100449.0,2799.0,0.0,0.0,0.0,1878.0,170.0,5.0,9.0902528e+07,9.416704e+08,369.09,21.0,34118.0,0.0,34118.0,34118.0,2.0,0.0,0.0
2026-03-30 18:22:04,69,1.096052e+06,101114.0,2799.0,0.0,0.0,0.0,1882.0,171.0,5.0,9.0902528e+07,9.416704e+08,370.18,21.0,34218.0,0.0,34218.0,34218.0,2.0,0.0,0.0
2026-03-30 18:22:16,69,1.099479e+06,101114.0,2799.0,0.0,0.0,0.0,1887.0,171.0,5.0,9.0902528e+07,9.416704e+08,371.22,21.0,34318.0,0.0,34318.0,34318.0,2.0,0.0,0.0
2026-03-30 18:22:29,70,1.102877e+06,101114.0,2799.0,0.0,0.0,0.0,1892.0,171.0,5.0,9.0902528e+07,9.416704e+08,372.27,21.0,34418.0,0.0,34418.0,34418.0,2.0,0.0,0.0
2026-03-30 18:22:41,70,1.105607e+06,101811.0,2799.0,0.0,0.0,0.0,1896.0,172.0,5.0,9.0902528e+07,9.416704e+08,373.39,21.0,34519.0,0.0,34519.0,34519.0,2.0,0.0,0.0
2026-03-30 18:22:53,70,1.10897e+06,101811.0,2799.0,0.0,0.0,0.0,1901.0,172.0,5.0,9.0902528e+07,9.416704e+08,374.49,21.0,34619.0,0.0,34619.0,34619.0,2.0,0.0,0.0
2026-03-30 18:23:05,70,1.112263e+06,102508.0,2799.0,0.0,0.0,0.0,1906.0,173.0,5.0,9.0902528e+07,9.416704e+08,375.54,23.0,34720.0,0.0,34719.0,34719.0,2.0,0.0,0.0
2026-03-30 18:23:18,70,1.11569e+06,102508.0,2799.0,0.0,0.0,0.0,1911.0,173.0,5.0,9.0902528e+07,9.416704e+08,376.6,21.0,34819.0,0.0,34819.0,34819.0,2.0,0.0,0.0
2026-03-30 18:23:30,71,1.118391e+06,103205.0,2799.0,0.0,0.0,0.0,1915.0,174.0,5.0,9.0902528e+07,9.416704e+08,377.63,21.0,34921.0,0.0,34921.0,34921.0,2.0,0.0,0.0
2026-03-30 18:23:42,71,1.121818e+06,103205.0,2799.0,0.0,0.0,0.0,1920.0,174.0,5.0,9.0902528e+07,9.416704e+08,378.67999999999995,21.0,35021.0,0.0,35021.0,35021.0,2.0,0.0,0.0
2026-03-30 18:23:54,71,1.125216e+06,103205.0,2799.0,0.0,0.0,0.0,1925.0,174.0,5.0,9.0902528e+07,9.416704e+08,379.78,23.0,35122.0,0.0,35121.0,35121.0,2.0,0.0,0.0
2026-03-30 18:24:06,71,1.128614e+06,103762.0,2799.0,0.0,0.0,0.0,1930.0,175.0,5.0,9.0902528e+07,9.416704e+08,380.81,21.0,35220.0,0.0,35220.0,35220.0,2.0,0.0,0.0
2026-03-30 18:24:19,71,1.132041e+06,103762.0,2799.0,0.0,0.0,0.0,1935.0,175.0,5.0,9.0902528e+07,9.416704e+08,381.89,21.0,35321.0,0.0,35321.0,35321.0,2.0,0.0,0.0
2026-03-30 18:24:31,72,1.134742e+06,104459.0,2799.0,0.0,0.0,0.0,1939.0,176.0,5.0,9.0902528e+07,9.416704e+08,382.98,21.0,35421.0,0.0,35421.0,35421.0,2.0,0.0,0.0
2026-03-30 18:24:43,72,1.138169e+06,104459.0,2799.0,0.0,0.0,0.0,1944.0,176.0,5.0,9.0902528e+07,9.416704e+08,384.06,21.0,35519.0,0.0,35519.0,35519.0,2.0,0.0,0.0
2026-03-30 18:24:55,72,1.14087e+06,105156.0,2799.0,0.0,0.0,0.0,1948.0,177.0,5.0,9.0902528e+07,9.416704e+08,385.11,21.0,35619.0,0.0,35619.0,35619.0,2.0,0.0,0.0
2026-03-30 18:25:07,72,1.144297e+06,105156.0,2799.0,0.0,0.0,0.0,1953.0,177.0,5.0,9.0902528e+07,9.416704e+08,386.18,21.0,35719.0,0.0,35719.0,35719.0,2.0,0.0,0.0
2026-03-30 18:25:19,72,1.147695e+06,105156.0,2799.0,0.0,0.0,0.0,1958.0,177.0,5.0,9.0902528e+07,9.416704e+08,387.26,21.0,35820.0,0.0,35820.0,35820.0,2.0,0.0,0.0
2026-03-30 18:25:31,73,1.15109e+06,105716.0,2799.0,0.0,0.0,0.0,1963.0,178.0,5.0,9.0902528e+07,9.416704e+08,388.28000000000003,21.0,35920.0,0.0,35920.0,35920.0,2.0,0.0,0.0
2026-03-30 18:25:44,73,1.154517e+06,105716.0,2799.0,0.0,0.0,0.0,1968.0,178.0,5.0,9.0902528e+07,9.416704e+08,389.43,23.0,36022.0,0.0,36021.0,36021.0,2.0,0.0,0.0
2026-03-30 18:25:56,73,1.157218e+06,106413.0,2799.0,0.0,0.0,0.0,1972.0,179.0,5.0,9.0902528e+07,9.416704e+08,390.55,23.0,36124.0,0.0,36123.0,36123.0,2.0,0.0,0.0
2026-03-30 18:26:08,73,1.160645e+06,106413.0,2799.0,0.0,0.0,0.0,1977.0,179.0,5.0,9.0902528e+07,9.416704e+08,391.57000000000005,21.0,36223.0,0.0,36223.0,36223.0,2.0,0.0,0.0
2026-03-30 18:26:20,73,1.163346e+06,107110.0,2799.0,0.0,0.0,0.0,1981.0,180.0,5.0,9.0902528e+07,9.416704e+08,392.67,23.0,36324.0,0.0,36323.0,36323.0,2.0,0.0,0.0
2026-03-30 18:26:32,74,1.167336e+06,107110.0,2799.0,0.0,0.0,0.0,1987.0,180.0,5.0,9.0902528e+07,9.416704e+08,393.75,21.0,36425.0,0.0,36425.0,36425.0,2.0,0.0,0.0
2026-03-30 18:26:45,74,1.170066e+06,107807.0,2799.0,0.0,0.0,0.0,1991.0,181.0,5.0,9.0902528e+07,9.416704e+08,394.83000000000004,21.0,36525.0,0.0,36525.0,36525.0,2.0,0.0,0.0
2026-03-30 18:26:57,74,1.173464e+06,107807.0,2799.0,0.0,0.0,0.0,1996.0,181.0,5.0,9.0902528e+07,9.416704e+08,395.91,21.0,36625.0,0.0,36625.0,36625.0,2.0,0.0,0.0
2026-03-30 18:27:09,74,1.176891e+06,107807.0,2799.0,0.0,0.0,0.0,2001.0,181.0,5.0,9.0902528e+07,9.416704e+08,397.02,21.0,36725.0,0.0,36725.0,36725.0,2.0,0.0,0.0
2026-03-30 18:27:21,74,1.179592e+06,108504.0,2799.0,0.0,0.0,0.0,2005.0,182.0,5.0,9.0902528e+07,9.416704e+08,398.13,21.0,36827.0,0.0,36827.0,36827.0,2.0,0.0,0.0
2026-03-30 18:27:33,75,1.183547e+06,108504.0,2799.0,0.0,0.0,0.0,2011.0,182.0,5.0,9.0902528e+07,9.416704e+08,399.19,23.0,36926.0,0.0,36925.0,36925.0,2.0,0.0,0.0
2026-03-30 18:27:45,75,1.186277e+06,109201.0,2799.0,0.0,0.0,0.0,2015.0,183.0,5.0,9.0902528e+07,9.416704e+08,400.27,21.0,37026.0,0.0,37026.0,37026.0,2.0,0.0,0.0
2026-03-30 18:27:57,75,1.189675e+06,109201.0,2799.0,0.0,0.0,0.0,2020.0,183.0,5.0,9.0902528e+07,9.416704e+08,401.30999999999995,23.0,37127.0,0.0,37126.0,37126.0,2.0,0.0,0.0
2026-03-30 18:28:09,75,1.192405e+06,109898.0,2799.0,0.0,0.0,0.0,2024.0,184.0,5.0,9.0902528e+07,9.416704e+08,402.43,21.0,37227.0,0.0,37227.0,37227.0,2.0,0.0,0.0
2026-03-30 18:28:21,75,1.195803e+06,109898.0,2799.0,0.0,0.0,0.0,2029.0,184.0,5.0,9.0902528e+07,9.416704e+08,403.51,23.0,37326.0,0.0,37325.0,37325.0,2.0,0.0,0.0
2026-03-30 18:28:33,76,1.19923e+06,109898.0,2799.0,0.0,0.0,0.0,2034.0,184.0,5.0,9.0902528e+07,9.416704e+08,404.58,23.0,37425.0,0.0,37424.0,37424.0,2.0,0.0,0.0
2026-03-30 18:28:46,76,1.202415e+06,110566.0,2799.0,0.0,0.0,0.0,2039.0,185.0,5.0,9.0902528e+07,9.416704e+08,405.65999999999997,21.0,37524.0,0.0,37524.0,37524.0,2.0,0.0,0.0
2026-03-30 18:28:58,76,1.205842e+06,110566.0,2799.0,0.0,0.0,0.0,2044.0,185.0,5.0,9.0902528e+07,9.416704e+08,406.69,21.0,37623.0,0.0,37623.0,37623.0,2.0,0.0,0.0
2026-03-30 18:29:10,76,1.208572e+06,111234.0,2799.0,0.0,0.0,0.0,2048.0,186.0,5.0,9.0902528e+07,9.416704e+08,407.82,21.0,37722.0,0.0,37722.0,37722.0,2.0,0.0,0.0
2026-03-30 18:29:22,76,1.211999e+06,111234.0,2799.0,0.0,0.0,0.0,2053.0,186.0,5.0,9.0902528e+07,9.416704e+08,408.9,21.0,37821.0,0.0,37821.0,37821.0,2.0,0.0,0.0
2026-03-30 18:29:34,77,1.214729e+06,111902.0,2799.0,0.0,0.0,0.0,2057.0,187.0,5.0,9.0902528e+07,9.416704e+08,410.01,21.0,37921.0,0.0,37921.0,37921.0,2.0,0.0,0.0
2026-03-30 18:29:46,77,1.218156e+06,111902.0,2799.0,0.0,0.0,0.0,2062.0,187.0,5.0,9.0902528e+07,9.416704e+08,411.12,23.0,38023.0,0.0,38022.0,38022.0,2.0,0.0,0.0
2026-03-30 18:29:58,77,1.222009e+06,111902.0,2799.0,0.0,0.0,0.0,2068.0,187.0,5.0,9.0902528e+07,9.416704e+08,412.2,21.0,38121.0,0.0,38121.0,38121.0,2.0,0.0,0.0
2026-03-30 18:30:10,77,1.224739e+06,112599.0,2799.0,0.0,0.0,0.0,2072.0,188.0,5.0,9.0902528e+07,9.416704e+08,413.29999999999995,21.0,38222.0,0.0,38222.0,38222.0,2.0,0.0,0.0
2026-03-30 18:30:23,77,1.228137e+06,112599.0,2799.0,0.0,0.0,0.0,2077.0,188.0,5.0,9.0902528e+07,9.416704e+08,414.4,21.0,38323.0,0.0,38323.0,38323.0,2.0,0.0,0.0
2026-03-30 18:30:35,78,1.230867e+06,113296.0,2799.0,0.0,0.0,0.0,2081.0,189.0,5.0,9.0902528e+07,9.416704e+08,415.48999999999995,21.0,38424.0,0.0,38424.0,38424.0,2.0,0.0,0.0
2026-03-30 18:30:47,78,1.234265e+06,113296.0,2799.0,0.0,0.0,0.0,2086.0,189.0,5.0,9.0902528e+07,9.416704e+08,416.57,21.0,38523.0,0.0,38523.0,38523.0,2.0,0.0,0.0
2026-03-30 18:30:59,78,1.236995e+06,113993.0,2799.0,0.0,0.0,0.0,2090.0,190.0,5.0,9.0902528e+07,9.416704e+08,417.63,21.0,38622.0,0.0,38622.0,38622.0,2.0,0.0,0.0
2026-03-30 18:31:11,78,1.240393e+06,113993.0,2799.0,0.0,0.0,0.0,2095.0,190.0,5.0,9.0902528e+07,9.416704e+08,418.67999999999995,21.0,38722.0,0.0,38722.0,38722.0,2.0,0.0,0.0
2026-03-30 18:31:23,78,1.244383e+06,113993.0,2799.0,0.0,0.0,0.0,2101.0,190.0,5.0,9.0902528e+07,9.416704e+08,419.74,21.0,38823.0,0.0,38823.0,38823.0,2.0,0.0,0.0
2026-03-30 18:31:35,79,1.247113e+06,114690.0,2799.0,0.0,0.0,0.0,2105.0,191.0,5.0,9.0902528e+07,9.416704e+08,420.77000000000004,21.0,38922.0,0.0,38922.0,38922.0,2.0,0.0,0.0
2026-03-30 18:31:48,79,1.250511e+06,114690.0,2799.0,0.0,0.0,0.0,2110.0,191.0,5.0,9.0902528e+07,9.416704e+08,421.83,23.0,39022.0,0.0,39021.0,39021.0,2.0,0.0,0.0
2026-03-30 18:32:00,79,1.253241e+06,115387.0,2799.0,0.0,0.0,0.0,2114.0,192.0,5.0,9.0902528e+07,9.416704e+08,422.88,21.0,39122.0,0.0,39122.0,39122.0,2.0,0.0,0.0
2026-03-30 18:32:12,79,1.256639e+06,115387.0,2799.0,0.0,0.0,0.0,2119.0,192.0,5.0,9.0902528e+07,9.416704e+08,423.91,23.0,39221.0,0.0,39220.0,39220.0,2.0,0.0,0.0
2026-03-30 18:32:24,79,1.259369e+06,116084.0,2799.0,0.0,0.0,0.0,2123.0,193.0,5.0,9.0902528e+07,9.416704e+08,425.01,21.0,39321.0,0.0,39321.0,39321.0,2.0,0.0,0.0
2026-03-30 18:32:36,80,1.262767e+06,116084.0,2799.0,0.0,0.0,0.0,2128.0,193.0,5.0,9.0902528e+07,9.416704e+08,426.09,21.0,39422.0,0.0,39422.0,39422.0,2.0,0.0,0.0
2026-03-30 18:32:49,80,1.266792e+06,116084.0,2799.0,0.0,0.0,0.0,2134.0,193.0,5.0,9.0902528e+07,9.416704e+08,427.15999999999997,21.0,39522.0,0.0,39522.0,39522.0,2.0,0.0,0.0
2026-03-30 18:33:01,80,1.269522e+06,116781.0,2799.0,0.0,0.0,0.0,2138.0,194.0,5.0,9.0902528e+07,9.416704e+08,428.22,21.0,39622.0,0.0,39622.0,39622.0,2.0,0.0,0.0
2026-03-30 18:33:13,80,1.27292e+06,116781.0,2799.0,0.0,0.0,0.0,2143.0,194.0,5.0,9.0902528e+07,9.416704e+08,429.28,21.0,39722.0,0.0,39722.0,39722.0,2.0,0.0,0.0
2026-03-30 18:33:25,81,1.27565e+06,117478.0,2799.0,0.0,0.0,0.0,2147.0,195.0,5.0,9.0902528e+07,9.416704e+08,430.36,21.0,39823.0,0.0,39823.0,39823.0,2.0,0.0,0.0
2026-03-30 18:33:37,81,1.279048e+06,117478.0,2799.0,0.0,0.0,0.0,2152.0,195.0,5.0,9.0902528e+07,9.416704e+08,431.44,21.0,39923.0,0.0,39923.0,39923.0,2.0,0.0,0.0
2026-03-30 18:33:49,81,1.281778e+06,118175.0,2799.0,0.0,0.0,0.0,2156.0,196.0,5.0,9.0902528e+07,9.416704e+08,432.52,21.0,40024.0,0.0,40024.0,40024.0,2.0,0.0,0.0
2026-03-30 18:34:01,81,1.285698e+06,118175.0,2799.0,0.0,0.0,0.0,2162.0,196.0,5.0,9.0902528e+07,9.416704e+08,433.54,21.0,40123.0,0.0,40123.0,40123.0,2.0,0.0,0.0
2026-03-30 18:34:14,81,1.289096e+06,118175.0,2799.0,0.0,0.0,0.0,2167.0,196.0,5.0,9.0902528e+07,9.416704e+08,434.66,21.0,40223.0,0.0,40223.0,40223.0,2.0,0.0,0.0
2026-03-30 18:34:26,82,1.291826e+06,118872.0,2799.0,0.0,0.0,0.0,2171.0,197.0,5.0,9.0902528e+07,9.416704e+08,435.72999999999996,21.0,40324.0,0.0,40324.0,40324.0,2.0,0.0,0.0
2026-03-30 18:34:38,82,1.295224e+06,118872.0,2799.0,0.0,0.0,0.0,2176.0,197.0,5.0,9.0902528e+07,9.416704e+08,436.85999999999996,21.0,40425.0,0.0,40425.0,40425.0,2.0,0.0,0.0
2026-03-30 18:34:50,82,1.297954e+06,119569.0,2799.0,0.0,0.0,0.0,2180.0,198.0,5.0,9.0902528e+07,9.416704e+08,437.90999999999997,23.0,40524.0,0.0,40523.0,40523.0,2.0,0.0,0.0
2026-03-30 18:35:03,82,1.301769e+06,119569.0,2799.0,0.0,0.0,0.0,2186.0,198.0,5.0,9.0902528e+07,9.416704e+08,439.0,21.0,40625.0,0.0,40625.0,40625.0,2.0,0.0,0.0
2026-03-30 18:35:15,82,1.30447e+06,120266.0,2799.0,0.0,0.0,0.0,2190.0,199.0,5.0,9.0902528e+07,9.416704e+08,440.05,21.0,40725.0,0.0,40725.0,40725.0,2.0,0.0,0.0
2026-03-30 18:35:27,83,1.307897e+06,120266.0,2799.0,0.0,0.0,0.0,2195.0,199.0,5.0,9.0902528e+07,9.416704e+08,441.12,21.0,40826.0,0.0,40826.0,40826.0,2.0,0.0,0.0
2026-03-30 18:35:39,83,1.311295e+06,120266.0,2799.0,0.0,0.0,0.0,2200.0,199.0,5.0,9.0902528e+07,9.416704e+08,442.17,21.0,40926.0,0.0,40926.0,40926.0,2.0,0.0,0.0
2026-03-30 18:35:52,83,1.31469e+06,120826.0,2799.0,0.0,0.0,0.0,2205.0,200.0,5.0,9.0902528e+07,9.416704e+08,443.26,23.0,41027.0,0.0,41026.0,41026.0,2.0,0.0,0.0
2026-03-30 18:36:04,83,1.318012e+06,120826.0,2799.0,0.0,0.0,0.0,2210.0,200.0,5.0,9.0902528e+07,9.416704e+08,444.36,21.0,41128.0,0.0,41128.0,41128.0,2.0,0.0,0.0
2026-03-30 18:36:16,83,1.320713e+06,121523.0,2799.0,0.0,0.0,0.0,2214.0,201.0,5.0,9.0902528e+07,9.416704e+08,445.40000000000003,21.0,41227.0,0.0,41227.0,41227.0,2.0,0.0,0.0
2026-03-30 18:36:28,84,1.32414e+06,121523.0,2799.0,0.0,0.0,0.0,2219.0,201.0,5.0,9.0902528e+07,9.416704e+08,446.42,21.0,41327.0,0.0,41327.0,41327.0,2.0,0.0,0.0
2026-03-30 18:36:40,84,1.326841e+06,122220.0,2799.0,0.0,0.0,0.0,2223.0,202.0,5.0,9.0902528e+07,9.416704e+08,447.5,22.0,41426.0,0.0,41425.0,41425.0,2.0,0.0,0.0
2026-03-30 18:36:52,84,1.330796e+06,122220.0,2799.0,0.0,0.0,0.0,2229.0,202.0,5.0,9.0902528e+07,9.416704e+08,448.62,21.0,41526.0,0.0,41526.0,41526.0,2.0,0.0,0.0
2026-03-30 18:37:05,84,1.333456e+06,122917.0,2799.0,0.0,0.0,0.0,2233.0,203.0,5.0,9.0902528e+07,9.416704e+08,449.67,21.0,41625.0,0.0,41625.0,41625.0,2.0,0.0,0.0
2026-03-30 18:37:17,84,1.336854e+06,122917.0,2799.0,0.0,0.0,0.0,2238.0,203.0,5.0,9.0902528e+07,9.416704e+08,450.74,23.0,41725.0,0.0,41724.0,41724.0,2.0,0.0,0.0
2026-03-30 18:37:29,85,1.340281e+06,122917.0,2799.0,0.0,0.0,0.0,2243.0,203.0,5.0,9.0902528e+07,9.416704e+08,451.75,21.0,41825.0,0.0,41825.0,41825.0,2.0,0.0,0.0
2026-03-30 18:37:41,85,1.342982e+06,123614.0,2799.0,0.0,0.0,0.0,2247.0,204.0,5.0,9.0902528e+07,9.416704e+08,452.79999999999995,21.0,41925.0,0.0,41925.0,41925.0,2.0,0.0,0.0
2026-03-30 18:37:53,85,1.346409e+06,123614.0,2799.0,0.0,0.0,0.0,2252.0,204.0,5.0,9.0902528e+07,9.416704e+08,453.90000000000003,23.0,42027.0,0.0,42026.0,42026.0,2.0,0.0,0.0
2026-03-30 18:38:06,85,1.349632e+06,124311.0,2799.0,0.0,0.0,0.0,2257.0,205.0,5.0,9.0902528e+07,9.416704e+08,454.95,21.0,42129.0,0.0,42129.0,42129.0,2.0,0.0,0.0
2026-03-30 18:38:18,85,1.35303e+06,124311.0,2799.0,0.0,0.0,0.0,2262.0,205.0,5.0,9.0902528e+07,9.416704e+08,456.06,21.0,42229.0,0.0,42229.0,42229.0,2.0,0.0,0.0
2026-03-30 18:38:30,86,1.35576e+06,125008.0,2799.0,0.0,0.0,0.0,2266.0,206.0,5.0,9.0902528e+07,9.416704e+08,457.13,22.0,42330.0,0.0,42329.0,42329.0,2.0,0.0,0.0
2026-03-30 18:38:42,86,1.359648e+06,125008.0,2799.0,0.0,0.0,0.0,2272.0,206.0,5.0,9.0902528e+07,9.416704e+08,458.23,21.0,42429.0,0.0,42429.0,42429.0,2.0,0.0,0.0
2026-03-30 18:38:54,86,1.363075e+06,125008.0,2799.0,0.0,0.0,0.0,2277.0,206.0,5.0,9.0902528e+07,9.416704e+08,459.3,21.0,42529.0,0.0,42529.0,42529.0,2.0,0.0,0.0
2026-03-30 18:39:07,86,1.365802e+06,125676.0,2799.0,0.0,0.0,0.0,2281.0,207.0,5.0,9.0902528e+07,9.416704e+08,460.38,21.0,42630.0,0.0,42630.0,42630.0,2.0,0.0,0.0
2026-03-30 18:39:19,86,1.3692e+06,125676.0,2799.0,0.0,0.0,0.0,2286.0,207.0,5.0,9.0902528e+07,9.416704e+08,461.47,21.0,42730.0,0.0,42730.0,42730.0,2.0,0.0,0.0
2026-03-30 18:39:31,87,1.37193e+06,126373.0,2799.0,0.0,0.0,0.0,2290.0,208.0,5.0,9.0902528e+07,9.416704e+08,462.55,21.0,42830.0,0.0,42830.0,42830.0,2.0,0.0,0.0
2026-03-30 18:39:43,87,1.375328e+06,126373.0,2799.0,0.0,0.0,0.0,2295.0,208.0,5.0,9.0902528e+07,9.416704e+08,463.65,21.0,42929.0,0.0,42929.0,42929.0,2.0,0.0,0.0
2026-03-30 18:39:55,87,1.378058e+06,127070.0,2799.0,0.0,0.0,0.0,2299.0,209.0,5.0,9.0902528e+07,9.416704e+08,464.78000000000003,21.0,43029.0,0.0,43029.0,43029.0,2.0,0.0,0.0
2026-03-30 18:40:07,87,1.381943e+06,127070.0,2799.0,0.0,0.0,0.0,2305.0,209.0,5.0,9.0902528e+07,9.416704e+08,465.83,23.0,43130.0,0.0,43129.0,43129.0,2.0,0.0,0.0
2026-03-30 18:40:19,87,1.385341e+06,127070.0,2799.0,0.0,0.0,0.0,2310.0,209.0,5.0,9.0902528e+07,9.416704e+08,466.9,21.0,43228.0,0.0,43228.0,43228.0,2.0,0.0,0.0
2026-03-30 18:40:31,88,1.387508e+06,127767.0,3467.0,0.0,0.0,0.0,2314.0,210.0,6.0,9.0902528e+07,9.416704e+08,467.97,21.0,43328.0,0.0,43328.0,43328.0,2.0,0.0,0.0
2026-03-30 18:40:44,88,1.391078e+06,127767.0,3467.0,0.0,0.0,0.0,2320.0,210.0,6.0,9.0902528e+07,9.416704e+08,469.11,21.0,43429.0,0.0,43429.0,43429.0,2.0,0.0,0.0
2026-03-30 18:40:56,88,1.394053e+06,128362.0,3467.0,0.0,0.0,0.0,2325.0,211.0,6.0,9.0902528e+07,9.416704e+08,470.14,21.0,43528.0,0.0,43528.0,43528.0,2.0,0.0,0.0
2026-03-30 18:41:08,88,1.397028e+06,128362.0,3467.0,0.0,0.0,0.0,2330.0,211.0,6.0,9.0902528e+07,9.416704e+08,471.17,21.0,43626.0,0.0,43626.0,43626.0,2.0,0.0,0.0
2026-03-30 18:41:20,88,1.399968e+06,128957.0,3467.0,0.0,0.0,0.0,2335.0,212.0,6.0,9.0902528e+07,9.416704e+08,472.28999999999996,21.0,43727.0,0.0,43727.0,43727.0,2.0,0.0,0.0
2026-03-30 18:41:32,89,1.40371e+06,128957.0,3467.0,0.0,0.0,0.0,2341.0,212.0,6.0,9.0902528e+07,9.416704e+08,473.39,21.0,43827.0,0.0,43827.0,43827.0,2.0,0.0,0.0
2026-03-30 18:41:44,89,1.40637e+06,129625.0,3467.0,0.0,0.0,0.0,2345.0,213.0,6.0,9.0902528e+07,9.416704e+08,474.51,21.0,43927.0,0.0,43927.0,43927.0,2.0,0.0,0.0
2026-03-30 18:41:57,89,1.41036e+06,129625.0,3467.0,0.0,0.0,0.0,2351.0,213.0,6.0,9.0902528e+07,9.416704e+08,475.59,21.0,44027.0,0.0,44027.0,44027.0,2.0,0.0,0.0
2026-03-30 18:42:09,89,1.41295e+06,130290.0,3467.0,0.0,0.0,0.0,2355.0,214.0,6.0,9.0902528e+07,9.416704e+08,476.66,21.0,44127.0,0.0,44127.0,44127.0,2.0,0.0,0.0
2026-03-30 18:42:21,89,1.416275e+06,130290.0,3467.0,0.0,0.0,0.0,2360.0,214.0,6.0,9.0902528e+07,9.416704e+08,477.71999999999997,21.0,44227.0,0.0,44227.0,44227.0,2.0,0.0,0.0
2026-03-30 18:42:33,90,1.4196e+06,130290.0,3467.0,0.0,0.0,0.0,2365.0,214.0,6.0,9.0902528e+07,9.416704e+08,478.84000000000003,21.0,44327.0,0.0,44327.0,44327.0,2.0,0.0,0.0
2026-03-30 18:42:45,90,1.422922e+06,130888.0,3467.0,0.0,0.0,0.0,2370.0,215.0,6.0,9.0902528e+07,9.416704e+08,479.9,21.0,44427.0,0.0,44427.0,44427.0,2.0,0.0,0.0
2026-03-30 18:42:57,90,1.424252e+06,130888.0,3467.0,0.0,0.0,0.0,2372.0,215.0,6.0,9.0902528e+07,9.416704e+08,480.39000000000004,21.0,44474.0,0.0,44474.0,44474.0,2.0,0.0,0.0
2026-03-30 18:43:10,90,1.426912e+06,130888.0,3467.0,0.0,0.0,0.0,2376.0,215.0,6.0,9.0902528e+07,9.416704e+08,481.16999999999996,21.0,44545.0,0.0,44545.0,44545.0,2.0,0.0,0.0
2026-03-30 18:43:22,90,1.429572e+06,131553.0,3467.0,0.0,0.0,0.0,2380.0,216.0,6.0,9.0902528e+07,9.416704e+08,482.18,23.0,44645.0,0.0,44644.0,44644.0,2.0,0.0,0.0
2026-03-30 18:43:34,91,1.433387e+06,131553.0,3467.0,0.0,0.0,0.0,2386.0,216.0,6.0,9.0902528e+07,9.416704e+08,483.21999999999997,21.0,44746.0,0.0,44746.0,44746.0,2.0,0.0,0.0
2026-03-30 18:43:46,91,1.436047e+06,132218.0,3467.0,0.0,0.0,0.0,2390.0,217.0,6.0,9.0902528e+07,9.416704e+08,484.34,22.0,44849.0,0.0,44848.0,44848.0,2.0,0.0,0.0
2026-03-30 18:43:59,91,1.439862e+06,132218.0,3467.0,0.0,0.0,0.0,2396.0,217.0,6.0,9.0902528e+07,9.416704e+08,485.40000000000003,23.0,44950.0,0.0,44949.0,44949.0,2.0,0.0,0.0
2026-03-30 18:44:11,91,1.442452e+06,132883.0,3467.0,0.0,0.0,0.0,2400.0,218.0,6.0,9.0902528e+07,9.416704e+08,486.51,21.0,45051.0,0.0,45051.0,45051.0,2.0,0.0,0.0
2026-03-30 18:44:23,91,1.446442e+06,132883.0,3467.0,0.0,0.0,0.0,2406.0,218.0,6.0,9.0902528e+07,9.416704e+08,487.6,23.0,45151.0,0.0,45150.0,45150.0,2.0,0.0,0.0
2026-03-30 18:44:36,92,1.449105e+06,133548.0,3467.0,0.0,0.0,0.0,2410.0,219.0,6.0,9.0902528e+07,9.416704e+08,488.66,21.0,45252.0,0.0,45252.0,45252.0,2.0,0.0,0.0
2026-03-30 18:44:48,92,1.4525e+06,133548.0,3467.0,0.0,0.0,0.0,2415.0,219.0,6.0,9.0902528e+07,9.416704e+08,489.7,21.0,45352.0,0.0,45352.0,45352.0,2.0,0.0,0.0
2026-03-30 18:45:00,92,1.455927e+06,133548.0,3467.0,0.0,0.0,0.0,2420.0,219.0,6.0,9.0902528e+07,9.416704e+08,490.79999999999995,21.0,45454.0,0.0,45454.0,45454.0,2.0,0.0,0.0
2026-03-30 18:45:13,92,1.458657e+06,134216.0,3467.0,0.0,0.0,0.0,2424.0,220.0,6.0,9.0902528e+07,9.416704e+08,491.90000000000003,21.0,45557.0,0.0,45557.0,45557.0,2.0,0.0,0.0
2026-03-30 18:45:25,93,1.462717e+06,134216.0,3467.0,0.0,0.0,0.0,2430.0,220.0,6.0,9.0902528e+07,9.416704e+08,492.99,21.0,45659.0,0.0,45659.0,45659.0,2.0,0.0,0.0
2026-03-30 18:45:37,93,1.465476e+06,134884.0,3467.0,0.0,0.0,0.0,2434.0,221.0,6.0,9.0902528e+07,9.416704e+08,494.01,21.0,45758.0,0.0,45758.0,45758.0,2.0,0.0,0.0
2026-03-30 18:45:49,93,1.468874e+06,134884.0,3467.0,0.0,0.0,0.0,2439.0,221.0,6.0,9.0902528e+07,9.416704e+08,495.1,23.0,45859.0,0.0,45858.0,45858.0,2.0,0.0,0.0
2026-03-30 18:46:01,93,1.471633e+06,135552.0,3467.0,0.0,0.0,0.0,2443.0,222.0,6.0,9.0902528e+07,9.416704e+08,496.17,21.0,45960.0,0.0,45960.0,45960.0,2.0,0.0,0.0
2026-03-30 18:46:14,93,1.475028e+06,135552.0,3467.0,0.0,0.0,0.0,2448.0,222.0,6.0,9.0902528e+07,9.416704e+08,497.25,21.0,46063.0,0.0,46063.0,46063.0,2.0,0.0,0.0
2026-03-30 18:46:26,94,1.478423e+06,136220.0,3467.0,0.0,0.0,0.0,2453.0,223.0,6.0,9.0902528e+07,9.416704e+08,498.39,23.0,46163.0,0.0,46162.0,46162.0,2.0,0.0,0.0
2026-03-30 18:46:38,94,1.48185e+06,136220.0,3467.0,0.0,0.0,0.0,2458.0,223.0,6.0,9.0902528e+07,9.416704e+08,499.42,21.0,46263.0,0.0,46263.0,46263.0,2.0,0.0,0.0
2026-03-30 18:46:50,94,1.485248e+06,136220.0,3467.0,0.0,0.0,0.0,2463.0,223.0,6.0,9.0902528e+07,9.416704e+08,500.5,22.0,46364.0,0.0,46363.0,46363.0,2.0,0.0,0.0
2026-03-30 18:47:03,94,1.488007e+06,136888.0,3467.0,0.0,0.0,0.0,2467.0,224.0,6.0,9.0902528e+07,9.416704e+08,501.53000000000003,23.0,46465.0,0.0,46464.0,46464.0,2.0,0.0,0.0
2026-03-30 18:47:15,94,1.491825e+06,136888.0,3467.0,0.0,0.0,0.0,2473.0,224.0,6.0,9.0902528e+07,9.416704e+08,502.61,21.0,46567.0,0.0,46567.0,46567.0,2.0,0.0,0.0
2026-03-30 18:47:27,95,1.494555e+06,137585.0,3467.0,0.0,0.0,0.0,2477.0,225.0,6.0,9.0902528e+07,9.416704e+08,503.65999999999997,21.0,46667.0,0.0,46667.0,46667.0,2.0,0.0,0.0
2026-03-30 18:47:40,95,1.497953e+06,137585.0,3467.0,0.0,0.0,0.0,2482.0,225.0,6.0,9.0902528e+07,9.416704e+08,504.79,23.0,46768.0,0.0,46767.0,46767.0,2.0,0.0,0.0
2026-03-30 18:47:52,95,1.500683e+06,138282.0,3467.0,0.0,0.0,0.0,2486.0,226.0,6.0,9.0902528e+07,9.416704e+08,505.87,23.0,46867.0,0.0,46866.0,46866.0,2.0,0.0,0.0
2026-03-30 18:48:04,95,1.504501e+06,138282.0,3467.0,0.0,0.0,0.0,2492.0,226.0,6.0,9.0902528e+07,9.416704e+08,506.94,21.0,46968.0,0.0,46968.0,46968.0,2.0,0.0,0.0
2026-03-30 18:48:16,95,1.507928e+06,138282.0,3467.0,0.0,0.0,0.0,2497.0,226.0,6.0,9.0902528e+07,9.416704e+08,508.08,21.0,47069.0,0.0,47069.0,47069.0,2.0,0.0,0.0
2026-03-30 18:48:29,96,1.510658e+06,138950.0,3467.0,0.0,0.0,0.0,2501.0,227.0,6.0,9.0902528e+07,9.416704e+08,509.13,21.0,47170.0,0.0,47170.0,47170.0,2.0,0.0,0.0
2026-03-30 18:48:41,96,1.514085e+06,138950.0,3467.0,0.0,0.0,0.0,2506.0,227.0,6.0,9.0902528e+07,9.416704e+08,510.2,21.0,47271.0,0.0,47271.0,47271.0,2.0,0.0,0.0
2026-03-30 18:48:53,96,1.516815e+06,139618.0,3467.0,0.0,0.0,0.0,2510.0,228.0,6.0,9.0902528e+07,9.416704e+08,511.26,21.0,47371.0,0.0,47371.0,47371.0,2.0,0.0,0.0
2026-03-30 18:49:05,96,1.520805e+06,139618.0,3467.0,0.0,0.0,0.0,2516.0,228.0,6.0,9.0902528e+07,9.416704e+08,512.31,21.0,47472.0,0.0,47472.0,47472.0,2.0,0.0,0.0
2026-03-30 18:49:18,96,1.523503e+06,140315.0,3467.0,0.0,0.0,0.0,2520.0,229.0,6.0,9.0902528e+07,9.416704e+08,513.37,21.0,47572.0,0.0,47572.0,47572.0,2.0,0.0,0.0
2026-03-30 18:49:30,97,1.52693e+06,140315.0,3467.0,0.0,0.0,0.0,2525.0,229.0,6.0,9.0902528e+07,9.416704e+08,514.43,21.0,47672.0,0.0,47672.0,47672.0,2.0,0.0,0.0
2026-03-30 18:49:42,97,1.530328e+06,140315.0,3467.0,0.0,0.0,0.0,2530.0,229.0,6.0,9.0902528e+07,9.416704e+08,515.49,21.0,47772.0,0.0,47772.0,47772.0,2.0,0.0,0.0
2026-03-30 18:49:54,97,1.533058e+06,141012.0,3467.0,0.0,0.0,0.0,2534.0,230.0,6.0,9.0902528e+07,9.416704e+08,516.5400000000001,21.0,47872.0,0.0,47872.0,47872.0,2.0,0.0,0.0
2026-03-30 18:50:06,97,1.536456e+06,141012.0,3467.0,0.0,0.0,0.0,2539.0,230.0,6.0,9.0902528e+07,9.416704e+08,517.61,21.0,47973.0,0.0,47973.0,47973.0,2.0,0.0,0.0
2026-03-30 18:50:18,97,1.539784e+06,141709.0,3467.0,0.0,0.0,0.0,2544.0,231.0,6.0,9.0902528e+07,9.416704e+08,518.67,21.0,48071.0,0.0,48071.0,48071.0,2.0,0.0,0.0
2026-03-30 18:50:30,98,1.543211e+06,141709.0,3467.0,0.0,0.0,0.0,2549.0,231.0,6.0,9.0902528e+07,9.416704e+08,519.69,21.0,48170.0,0.0,48170.0,48170.0,2.0,0.0,0.0
2026-03-30 18:50:42,98,1.545912e+06,142406.0,3467.0,0.0,0.0,0.0,2553.0,232.0,6.0,9.0902528e+07,9.416704e+08,520.75,21.0,48269.0,0.0,48269.0,48269.0,2.0,0.0,0.0
2026-03-30 18:50:54,98,1.549339e+06,142406.0,3467.0,0.0,0.0,0.0,2558.0,232.0,6.0,9.0902528e+07,9.416704e+08,521.85,22.0,48371.0,0.0,48370.0,48370.0,2.0,0.0,0.0
2026-03-30 18:51:07,98,1.552737e+06,142406.0,3467.0,0.0,0.0,0.0,2563.0,232.0,6.0,9.0902528e+07,9.416704e+08,522.9399999999999,21.0,48471.0,0.0,48471.0,48471.0,2.0,0.0,0.0
2026-03-30 18:51:19,98,1.555467e+06,143103.0,3467.0,0.0,0.0,0.0,2567.0,233.0,6.0,9.0902528e+07,9.416704e+08,524.0,21.0,48571.0,0.0,48571.0,48571.0,2.0,0.0,0.0
2026-03-30 18:51:31,99,1.558865e+06,143103.0,3467.0,0.0,0.0,0.0,2572.0,233.0,6.0,9.0902528e+07,9.416704e+08,525.1,21.0,48672.0,0.0,48672.0,48672.0,2.0,0.0,0.0
2026-03-30 18:51:43,99,1.562158e+06,143800.0,3467.0,0.0,0.0,0.0,2577.0,234.0,6.0,9.0902528e+07,9.416704e+08,526.17,21.0,48771.0,0.0,48771.0,48771.0,2.0,0.0,0.0
2026-03-30 18:51:55,99,1.565585e+06,143800.0,3467.0,0.0,0.0,0.0,2582.0,234.0,6.0,9.0902528e+07,9.416704e+08,527.2,21.0,48870.0,0.0,48870.0,48870.0,2.0,0.0,0.0
2026-03-30 18:52:07,99,1.568286e+06,144497.0,3467.0,0.0,0.0,0.0,2586.0,235.0,6.0,9.0902528e+07,9.416704e+08,528.29,23.0,48972.0,0.0,48971.0,48971.0,2.0,0.0,0.0
2026-03-30 18:52:20,99,1.571713e+06,144497.0,3467.0,0.0,0.0,0.0,2591.0,235.0,6.0,9.0902528e+07,9.416704e+08,529.26,21.0,49071.0,0.0,49071.0,49071.0,2.0,0.0,0.0
2026-03-30 18:52:32,100,1.575111e+06,144497.0,3467.0,0.0,0.0,0.0,2596.0,235.0,6.0,9.0902528e+07,9.416704e+08,530.37,23.0,49172.0,0.0,49171.0,49171.0,2.0,0.0,0.0
2026-03-30 18:52:44,100,1.578509e+06,144949.0,3467.0,0.0,0.0,0.0,2601.0,236.0,6.0,9.0902528e+07,9.416704e+08,531.4200000000001,21.0,49270.0,0.0,49270.0,49270.0,2.0,0.0,0.0
2026-03-30 18:52:56,100,1.581936e+06,144949.0,3467.0,0.0,0.0,0.0,2606.0,236.0,6.0,9.0902528e+07,9.416704e+08,532.5600000000001,21.0,49370.0,0.0,49370.0,49370.0,2.0,0.0,0.0
2026-03-30 18:53:08,100,1.584602e+06,145646.0,3467.0,0.0,0.0,0.0,2610.0,237.0,6.0,9.0902528e+07,9.416704e+08,533.6,21.0,49470.0,0.0,49470.0,49470.0,2.0,0.0,0.0
2026-03-30 18:53:21,100,1.587997e+06,145646.0,3467.0,0.0,0.0,0.0,2615.0,237.0,6.0,9.0902528e+07,9.416704e+08,534.66,23.0,49571.0,0.0,49570.0,49570.0,2.0,0.0,0.0
2026-03-30 18:53:33,101,1.590756e+06,146314.0,3467.0,0.0,0.0,0.0,2619.0,238.0,6.0,9.0902528e+07,9.416704e+08,535.74,21.0,49671.0,0.0,49671.0,49671.0,2.0,0.0,0.0
2026-03-30 18:53:45,101,1.594154e+06,146314.0,3467.0,0.0,0.0,0.0,2624.0,238.0,6.0,9.0902528e+07,9.416704e+08,536.82,21.0,49770.0,0.0,49770.0,49770.0,2.0,0.0,0.0
2026-03-30 18:53:57,101,1.597581e+06,146314.0,3467.0,0.0,0.0,0.0,2629.0,238.0,6.0,9.0902528e+07,9.416704e+08,537.92,21.0,49872.0,0.0,49872.0,49872.0,2.0,0.0,0.0
2026-03-30 18:54:09,101,1.600976e+06,146982.0,3467.0,0.0,0.0,0.0,2634.0,239.0,6.0,9.0902528e+07,9.416704e+08,538.99,21.0,49973.0,0.0,49973.0,49973.0,2.0,0.0,0.0
2026-03-30 18:54:22,101,1.604403e+06,146982.0,3467.0,0.0,0.0,0.0,2639.0,239.0,6.0,9.0902528e+07,9.416704e+08,540.06,23.0,50073.0,0.0,50072.0,50072.0,2.0,0.0,0.0
2026-03-30 18:54:34,102,1.607104e+06,147679.0,3467.0,0.0,0.0,0.0,2643.0,240.0,6.0,9.0902528e+07,9.416704e+08,541.12,21.0,50173.0,0.0,50173.0,50173.0,2.0,0.0,0.0
2026-03-30 18:54:46,102,1.610531e+06,147679.0,3467.0,0.0,0.0,0.0,2648.0,240.0,6.0,9.0902528e+07,9.416704e+08,542.24,21.0,50273.0,0.0,50273.0,50273.0,2.0,0.0,0.0
2026-03-30 18:54:58,102,1.613232e+06,148376.0,3467.0,0.0,0.0,0.0,2652.0,241.0,6.0,9.0902528e+07,9.416704e+08,543.3299999999999,21.0,50373.0,0.0,50373.0,50373.0,2.0,0.0,0.0
2026-03-30 18:55:10,102,1.616659e+06,148376.0,3467.0,0.0,0.0,0.0,2657.0,241.0,6.0,9.0902528e+07,9.416704e+08,544.41,21.0,50472.0,0.0,50472.0,50472.0,2.0,0.0,0.0
2026-03-30 18:55:22,102,1.620057e+06,148376.0,3467.0,0.0,0.0,0.0,2662.0,241.0,6.0,9.0902528e+07,9.416704e+08,545.48,21.0,50572.0,0.0,50572.0,50572.0,2.0,0.0,0.0
2026-03-30 18:55:34,103,1.623452e+06,149006.0,3467.0,0.0,0.0,0.0,2667.0,242.0,6.0,9.0902528e+07,9.416704e+08,546.61,23.0,50674.0,0.0,50673.0,50673.0,2.0,0.0,0.0
2026-03-30 18:55:47,103,1.626879e+06,149006.0,3467.0,0.0,0.0,0.0,2672.0,242.0,6.0,9.0902528e+07,9.416704e+08,547.7,21.0,50774.0,0.0,50774.0,50774.0,2.0,0.0,0.0
2026-03-30 18:55:59,103,1.62958e+06,149703.0,3467.0,0.0,0.0,0.0,2676.0,243.0,6.0,9.0902528e+07,9.416704e+08,548.76,21.0,50873.0,0.0,50873.0,50873.0,2.0,0.0,0.0
2026-03-30 18:56:11,103,1.632972e+06,149703.0,3467.0,0.0,0.0,0.0,2681.0,243.0,6.0,9.0902528e+07,9.416704e+08,549.86,21.0,50974.0,0.0,50974.0,50974.0,2.0,0.0,0.0
2026-03-30 18:56:23,103,1.635673e+06,150400.0,3467.0,0.0,0.0,0.0,2685.0,244.0,6.0,9.0902528e+07,9.416704e+08,550.9300000000001,21.0,51075.0,0.0,51075.0,51075.0,2.0,0.0,0.0
2026-03-30 18:56:35,104,1.639663e+06,150400.0,3467.0,0.0,0.0,0.0,2691.0,244.0,6.0,9.0902528e+07,9.416704e+08,551.98,22.0,51175.0,0.0,51174.0,51174.0,2.0,0.0,0.0
2026-03-30 18:56:48,104,1.642393e+06,151097.0,3467.0,0.0,0.0,0.0,2695.0,245.0,6.0,9.0902528e+07,9.416704e+08,553.04,23.0,51276.0,0.0,51275.0,51275.0,2.0,0.0,0.0
2026-03-30 18:57:00,104,1.645791e+06,151097.0,3467.0,0.0,0.0,0.0,2700.0,245.0,6.0,9.0902528e+07,9.416704e+08,554.13,23.0,51375.0,0.0,51374.0,51374.0,2.0,0.0,0.0
2026-03-30 18:57:12,104,1.649218e+06,151097.0,3467.0,0.0,0.0,0.0,2705.0,245.0,6.0,9.0902528e+07,9.416704e+08,555.18,21.0,51474.0,0.0,51474.0,51474.0,2.0,0.0,0.0
2026-03-30 18:57:24,104,1.651919e+06,151794.0,3467.0,0.0,0.0,0.0,2709.0,246.0,6.0,9.0902528e+07,9.416704e+08,556.23,21.0,51574.0,0.0,51574.0,51574.0,2.0,0.0,0.0
2026-03-30 18:57:36,105,1.655346e+06,151794.0,3467.0,0.0,0.0,0.0,2714.0,246.0,6.0,9.0902528e+07,9.416704e+08,557.3000000000001,22.0,51674.0,0.0,51674.0,51674.0,2.0,0.0,0.0
2026-03-30 18:57:49,105,1.658601e+06,152462.0,3467.0,0.0,0.0,0.0,2719.0,247.0,6.0,9.0902528e+07,9.416704e+08,558.35,21.0,51776.0,0.0,51776.0,51776.0,2.0,0.0,0.0
2026-03-30 18:58:01,105,1.662028e+06,152462.0,3467.0,0.0,0.0,0.0,2724.0,247.0,6.0,9.0902528e+07,9.416704e+08,559.4,21.0,51877.0,0.0,51877.0,51877.0,2.0,0.0,0.0
2026-03-30 18:58:13,105,1.664758e+06,153130.0,3467.0,0.0,0.0,0.0,2728.0,248.0,6.0,9.0902528e+07,9.416704e+08,560.49,22.0,51978.0,0.0,51977.0,51977.0,2.0,0.0,0.0
2026-03-30 18:58:25,106,1.668185e+06,153130.0,3467.0,0.0,0.0,0.0,2733.0,248.0,6.0,9.0902528e+07,9.416704e+08,561.54,21.0,52078.0,0.0,52078.0,52078.0,2.0,0.0,0.0
2026-03-30 18:58:37,106,1.671583e+06,153130.0,3467.0,0.0,0.0,0.0,2738.0,248.0,6.0,9.0902528e+07,9.416704e+08,562.5699999999999,23.0,52177.0,0.0,52176.0,52176.0,2.0,0.0,0.0
2026-03-30 18:58:50,106,1.674835e+06,153798.0,3467.0,0.0,0.0,0.0,2743.0,249.0,6.0,9.0902528e+07,9.416704e+08,563.63,21.0,52276.0,0.0,52276.0,52276.0,2.0,0.0,0.0
2026-03-30 18:59:02,106,1.678262e+06,153798.0,3467.0,0.0,0.0,0.0,2748.0,249.0,6.0,9.0902528e+07,9.416704e+08,564.7600000000001,23.0,52377.0,0.0,52376.0,52376.0,2.0,0.0,0.0
2026-03-30 18:59:14,106,1.680992e+06,154466.0,3467.0,0.0,0.0,0.0,2752.0,250.0,6.0,9.0902528e+07,9.416704e+08,565.88,23.0,52478.0,0.0,52477.0,52477.0,2.0,0.0,0.0
2026-03-30 18:59:26,107,1.684419e+06,154466.0,3467.0,0.0,0.0,0.0,2757.0,250.0,6.0,9.0902528e+07,9.416704e+08,566.97,21.0,52579.0,0.0,52579.0,52579.0,2.0,0.0,0.0
2026-03-30 18:59:38,107,1.687149e+06,155134.0,3467.0,0.0,0.0,0.0,2761.0,251.0,6.0,9.0902528e+07,9.416704e+08,568.06,21.0,52678.0,0.0,52678.0,52678.0,2.0,0.0,0.0
2026-03-30 18:59:51,107,1.690576e+06,155134.0,3467.0,0.0,0.0,0.0,2766.0,251.0,6.0,9.0902528e+07,9.416704e+08,569.09,23.0,52779.0,0.0,52778.0,52778.0,2.0,0.0,0.0
2026-03-30 19:00:03,107,1.694569e+06,155134.0,3467.0,0.0,0.0,0.0,2772.0,251.0,6.0,9.0902528e+07,9.416704e+08,570.1800000000001,21.0,52879.0,0.0,52879.0,52879.0,2.0,0.0,0.0
2026-03-30 19:00:15,107,1.697267e+06,155831.0,3467.0,0.0,0.0,0.0,2776.0,252.0,6.0,9.0902528e+07,9.416704e+08,571.27,21.0,52978.0,0.0,52978.0,52978.0,2.0,0.0,0.0
2026-03-30 19:00:27,108,1.700694e+06,155831.0,3467.0,0.0,0.0,0.0,2781.0,252.0,6.0,9.0902528e+07,9.416704e+08,572.36,21.0,53079.0,0.0,53079.0,53079.0,2.0,0.0,0.0
2026-03-30 19:00:39,108,1.703424e+06,156499.0,3467.0,0.0,0.0,0.0,2785.0,253.0,6.0,9.0902528e+07,9.416704e+08,573.4300000000001,23.0,53181.0,0.0,53180.0,53180.0,2.0,0.0,0.0
2026-03-30 19:00:52,108,1.707274e+06,156499.0,3467.0,0.0,0.0,0.0,2791.0,253.0,6.0,9.0902528e+07,9.416704e+08,574.53,21.0,53281.0,0.0,53281.0,53281.0,2.0,0.0,0.0
2026-03-30 19:01:04,108,1.710033e+06,157167.0,3467.0,0.0,0.0,0.0,2795.0,254.0,6.0,9.0902528e+07,9.416704e+08,575.65,23.0,53381.0,0.0,53380.0,53380.0,2.0,0.0,0.0
2026-03-30 19:01:16,108,1.713396e+06,157167.0,3467.0,0.0,0.0,0.0,2800.0,254.0,6.0,9.0902528e+07,9.416704e+08,576.78,21.0,53482.0,0.0,53482.0,53482.0,2.0,0.0,0.0
2026-03-30 19:01:28,109,1.716823e+06,157167.0,3467.0,0.0,0.0,0.0,2805.0,254.0,6.0,9.0902528e+07,9.416704e+08,577.8499999999999,21.0,53581.0,0.0,53581.0,53581.0,2.0,0.0,0.0
2026-03-30 19:01:41,109,1.719553e+06,157835.0,3467.0,0.0,0.0,0.0,2809.0,255.0,6.0,9.0902528e+07,9.416704e+08,578.94,21.0,53682.0,0.0,53682.0,53682.0,2.0,0.0,0.0
2026-03-30 19:01:53,109,1.72298e+06,157835.0,3467.0,0.0,0.0,0.0,2814.0,255.0,6.0,9.0902528e+07,9.416704e+08,579.97,23.0,53781.0,0.0,53780.0,53780.0,2.0,0.0,0.0
2026-03-30 19:02:05,109,1.726241e+06,158532.0,3467.0,0.0,0.0,0.0,2819.0,256.0,6.0,9.0902528e+07,9.416704e+08,581.03,21.0,53880.0,0.0,53880.0,53880.0,2.0,0.0,0.0
2026-03-30 19:02:17,109,1.729668e+06,158532.0,3467.0,0.0,0.0,0.0,2824.0,256.0,6.0,9.0902528e+07,9.416704e+08,582.09,21.0,53979.0,0.0,53979.0,53979.0,2.0,0.0,0.0
2026-03-30 19:02:29,110,1.731701e+06,159229.0,4135.0,0.0,0.0,0.0,2827.0,257.0,7.0,9.0902528e+07,9.416704e+08,583.1800000000001,21.0,54077.0,0.0,54077.0,54077.0,2.0,0.0,0.0
2026-03-30 19:02:41,110,1.735058e+06,159229.0,4135.0,0.0,0.0,0.0,2833.0,257.0,7.0,9.0902528e+07,9.416704e+08,584.31,22.0,54177.0,0.0,54176.0,54176.0,2.0,0.0,0.0
2026-03-30 19:02:53,110,1.738033e+06,159824.0,4135.0,0.0,0.0,0.0,2838.0,258.0,7.0,9.0902528e+07,9.416704e+08,585.37,21.0,54275.0,0.0,54275.0,54275.0,2.0,0.0,0.0
2026-03-30 19:03:05,110,1.741603e+06,159824.0,4135.0,0.0,0.0,0.0,2844.0,258.0,7.0,9.0902528e+07,9.416704e+08,586.38,21.0,54375.0,0.0,54375.0,54375.0,2.0,0.0,0.0
2026-03-30 19:03:17,110,1.744578e+06,159824.0,4135.0,0.0,0.0,0.0,2849.0,258.0,7.0,9.0771456e+07,9.416704e+08,587.39,21.0,54473.0,0.0,54473.0,54473.0,2.0,0.0,0.0
2026-03-30 19:03:29,111,1.74755e+06,160352.0,4135.0,0.0,0.0,0.0,2854.0,259.0,7.0,9.0771456e+07,9.416704e+08,588.49,21.0,54574.0,0.0,54574.0,54574.0,2.0,0.0,0.0
2026-03-30 19:03:41,111,1.751435e+06,160352.0,4135.0,0.0,0.0,0.0,2860.0,259.0,7.0,9.0771456e+07,9.416704e+08,589.5699999999999,21.0,54673.0,0.0,54673.0,54673.0,2.0,0.0,0.0
2026-03-30 19:03:53,111,1.754095e+06,161017.0,4135.0,0.0,0.0,0.0,2864.0,260.0,7.0,9.0771456e+07,9.416704e+08,590.61,21.0,54772.0,0.0,54772.0,54772.0,2.0,0.0,0.0
2026-03-30 19:04:06,111,1.75742e+06,161017.0,4135.0,0.0,0.0,0.0,2869.0,260.0,7.0,9.0771456e+07,9.416704e+08,591.63,23.0,54874.0,0.0,54873.0,54873.0,2.0,0.0,0.0
2026-03-30 19:04:18,111,1.760535e+06,161682.0,4135.0,0.0,0.0,0.0,2874.0,261.0,7.0,9.0771456e+07,9.416704e+08,592.72,21.0,54975.0,0.0,54975.0,54975.0,2.0,0.0,0.0
2026-03-30 19:04:30,112,1.76386e+06,161682.0,4135.0,0.0,0.0,0.0,2879.0,261.0,7.0,9.0771456e+07,9.416704e+08,593.7900000000001,21.0,55073.0,0.0,55073.0,55073.0,2.0,0.0,0.0
2026-03-30 19:04:42,112,1.76652e+06,162347.0,4135.0,0.0,0.0,0.0,2883.0,262.0,7.0,9.0771456e+07,9.416704e+08,594.86,21.0,55173.0,0.0,55173.0,55173.0,2.0,0.0,0.0
2026-03-30 19:04:54,112,1.770405e+06,162347.0,4135.0,0.0,0.0,0.0,2889.0,262.0,7.0,9.0771456e+07,9.416704e+08,595.93,21.0,55271.0,0.0,55271.0,55271.0,2.0,0.0,0.0
2026-03-30 19:05:06,112,1.773065e+06,163012.0,4135.0,0.0,0.0,0.0,2893.0,263.0,7.0,9.0771456e+07,9.416704e+08,596.95,23.0,55372.0,0.0,55371.0,55371.0,2.0,0.0,0.0
2026-03-30 19:05:18,112,1.77639e+06,163012.0,4135.0,0.0,0.0,0.0,2898.0,263.0,7.0,9.0771456e+07,9.416704e+08,598.01,21.0,55471.0,0.0,55471.0,55471.0,2.0,0.0,0.0
2026-03-30 19:05:31,113,1.780345e+06,163012.0,4135.0,0.0,0.0,0.0,2904.0,263.0,7.0,9.0771456e+07,9.416704e+08,599.04,22.0,55571.0,0.0,55571.0,55571.0,2.0,0.0,0.0
2026-03-30 19:05:43,113,1.783005e+06,163677.0,4135.0,0.0,0.0,0.0,2908.0,264.0,7.0,9.0771456e+07,9.416704e+08,600.1800000000001,21.0,55672.0,0.0,55672.0,55672.0,2.0,0.0,0.0
2026-03-30 19:05:55,113,1.78633e+06,163677.0,4135.0,0.0,0.0,0.0,2913.0,264.0,7.0,9.0771456e+07,9.416704e+08,601.31,23.0,55773.0,0.0,55772.0,55772.0,2.0,0.0,0.0
2026-03-30 19:06:07,113,1.78941e+06,164342.0,4135.0,0.0,0.0,0.0,2918.0,265.0,7.0,9.0771456e+07,9.416704e+08,602.39,21.0,55872.0,0.0,55872.0,55872.0,2.0,0.0,0.0
2026-03-30 19:06:19,113,1.7927e+06,164342.0,4135.0,0.0,0.0,0.0,2923.0,265.0,7.0,9.0771456e+07,9.416704e+08,603.49,21.0,55972.0,0.0,55972.0,55972.0,2.0,0.0,0.0
2026-03-30 19:06:32,114,1.79536e+06,165007.0,4135.0,0.0,0.0,0.0,2927.0,266.0,7.0,9.0771456e+07,9.416704e+08,604.5799999999999,21.0,56073.0,0.0,56073.0,56073.0,2.0,0.0,0.0
2026-03-30 19:06:44,114,1.799318e+06,165007.0,4135.0,0.0,0.0,0.0,2933.0,266.0,7.0,9.0771456e+07,9.416704e+08,605.67,21.0,56173.0,0.0,56173.0,56173.0,2.0,0.0,0.0
2026-03-30 19:06:56,114,1.802048e+06,165704.0,4135.0,0.0,0.0,0.0,2937.0,267.0,7.0,9.0771456e+07,9.416704e+08,606.77,23.0,56274.0,0.0,56273.0,56273.0,2.0,0.0,0.0
2026-03-30 19:07:08,114,1.805446e+06,165704.0,4135.0,0.0,0.0,0.0,2942.0,267.0,7.0,9.0771456e+07,9.416704e+08,607.8399999999999,22.0,56374.0,0.0,56373.0,56373.0,2.0,0.0,0.0
2026-03-30 19:07:20,114,1.808771e+06,165704.0,4135.0,0.0,0.0,0.0,2947.0,267.0,7.0,9.0771456e+07,9.416704e+08,608.96,21.0,56473.0,0.0,56473.0,56473.0,2.0,0.0,0.0
2026-03-30 19:07:32,115,1.81153e+06,166372.0,4135.0,0.0,0.0,0.0,2951.0,268.0,7.0,9.0771456e+07,9.416704e+08,610.02,23.0,56573.0,0.0,56572.0,56572.0,2.0,0.0,0.0
2026-03-30 19:07:45,115,1.815453e+06,166372.0,4135.0,0.0,0.0,0.0,2957.0,268.0,7.0,9.0771456e+07,9.416704e+08,611.1099999999999,21.0,56673.0,0.0,56673.0,56673.0,2.0,0.0,0.0
2026-03-30 19:07:57,115,1.818183e+06,167069.0,4135.0,0.0,0.0,0.0,2961.0,269.0,7.0,9.0771456e+07,9.416704e+08,612.22,22.0,56774.0,0.0,56773.0,56773.0,2.0,0.0,0.0
2026-03-30 19:08:09,115,1.821581e+06,167069.0,4135.0,0.0,0.0,0.0,2966.0,269.0,7.0,9.0771456e+07,9.416704e+08,613.32,21.0,56874.0,0.0,56874.0,56874.0,2.0,0.0,0.0
2026-03-30 19:08:21,115,1.824273e+06,167737.0,4135.0,0.0,0.0,0.0,2970.0,270.0,7.0,9.0771456e+07,9.416704e+08,614.4000000000001,21.0,56974.0,0.0,56974.0,56974.0,2.0,0.0,0.0
2026-03-30 19:08:33,116,1.8277e+06,167737.0,4135.0,0.0,0.0,0.0,2975.0,270.0,7.0,9.0771456e+07,9.416704e+08,615.47,21.0,57074.0,0.0,57074.0,57074.0,2.0,0.0,0.0
2026-03-30 19:08:45,116,1.831098e+06,167737.0,4135.0,0.0,0.0,0.0,2980.0,270.0,7.0,9.0771456e+07,9.416704e+08,616.5400000000001,21.0,57173.0,0.0,57173.0,57173.0,2.0,0.0,0.0
2026-03-30 19:08:58,116,1.834423e+06,168402.0,4135.0,0.0,0.0,0.0,2985.0,271.0,7.0,9.0771456e+07,9.416704e+08,617.61,21.0,57274.0,0.0,57274.0,57274.0,2.0,0.0,0.0
2026-03-30 19:09:10,116,1.83785e+06,168402.0,4135.0,0.0,0.0,0.0,2990.0,271.0,7.0,9.0771456e+07,9.416704e+08,618.72,21.0,57375.0,0.0,57375.0,57375.0,2.0,0.0,0.0
2026-03-30 19:09:22,116,1.84058e+06,169070.0,4135.0,0.0,0.0,0.0,2994.0,272.0,7.0,9.0771456e+07,9.416704e+08,619.7700000000001,21.0,57473.0,0.0,57473.0,57473.0,2.0,0.0,0.0
2026-03-30 19:09:34,117,1.844007e+06,169070.0,4135.0,0.0,0.0,0.0,2999.0,272.0,7.0,9.0771456e+07,9.416704e+08,620.87,21.0,57573.0,0.0,57573.0,57573.0,2.0,0.0,0.0
2026-03-30 19:09:46,117,1.846737e+06,169738.0,4135.0,0.0,0.0,0.0,3003.0,273.0,7.0,9.0771456e+07,9.416704e+08,621.99,21.0,57673.0,0.0,57673.0,57673.0,2.0,0.0,0.0
2026-03-30 19:09:58,117,1.850164e+06,169738.0,4135.0,0.0,0.0,0.0,3008.0,273.0,7.0,9.0771456e+07,9.416704e+08,623.0500000000001,21.0,57773.0,0.0,57773.0,57773.0,2.0,0.0,0.0
2026-03-30 19:10:10,117,1.854224e+06,169738.0,4135.0,0.0,0.0,0.0,3014.0,273.0,7.0,9.0771456e+07,9.416704e+08,624.15,23.0,57874.0,0.0,57873.0,57873.0,2.0,0.0,0.0
2026-03-30 19:10:22,117,1.856954e+06,170406.0,4135.0,0.0,0.0,0.0,3018.0,274.0,7.0,9.0771456e+07,9.416704e+08,625.21,21.0,57973.0,0.0,57973.0,57973.0,2.0,0.0,0.0
2026-03-30 19:10:34,118,1.860381e+06,170406.0,4135.0,0.0,0.0,0.0,3023.0,274.0,7.0,9.0771456e+07,9.416704e+08,626.1700000000001,21.0,58073.0,0.0,58073.0,58073.0,2.0,0.0,0.0
2026-03-30 19:10:47,118,1.863111e+06,171074.0,4135.0,0.0,0.0,0.0,3027.0,275.0,7.0,9.0771456e+07,9.416704e+08,627.29,21.0,58175.0,0.0,58175.0,58175.0,2.0,0.0,0.0
2026-03-30 19:10:59,118,1.866538e+06,171074.0,4135.0,0.0,0.0,0.0,3032.0,275.0,7.0,9.0771456e+07,9.416704e+08,628.36,21.0,58275.0,0.0,58275.0,58275.0,2.0,0.0,0.0
2026-03-30 19:11:11,118,1.869268e+06,171742.0,4135.0,0.0,0.0,0.0,3036.0,276.0,7.0,9.0771456e+07,9.416704e+08,629.4000000000001,21.0,58377.0,0.0,58377.0,58377.0,2.0,0.0,0.0
2026-03-30 19:11:23,118,1.873223e+06,171742.0,4135.0,0.0,0.0,0.0,3042.0,276.0,7.0,9.0771456e+07,9.416704e+08,630.4399999999999,23.0,58477.0,0.0,58476.0,58476.0,2.0,0.0,0.0
2026-03-30 19:11:36,119,1.87665e+06,171742.0,4135.0,0.0,0.0,0.0,3047.0,276.0,7.0,9.0771456e+07,9.416704e+08,631.51,21.0,58577.0,0.0,58577.0,58577.0,2.0,0.0,0.0
2026-03-30 19:11:48,119,1.87938e+06,172410.0,4135.0,0.0,0.0,0.0,3051.0,277.0,7.0,9.0771456e+07,9.416704e+08,632.56,21.0,58678.0,0.0,58678.0,58678.0,2.0,0.0,0.0
2026-03-30 19:12:00,119,1.882807e+06,172410.0,4135.0,0.0,0.0,0.0,3056.0,277.0,7.0,9.0771456e+07,9.416704e+08,633.62,23.0,58777.0,0.0,58776.0,58776.0,2.0,0.0,0.0
2026-03-30 19:12:12,119,1.885537e+06,173078.0,4135.0,0.0,0.0,0.0,3060.0,278.0,7.0,9.0771456e+07,9.416704e+08,634.71,21.0,58877.0,0.0,58877.0,58877.0,2.0,0.0,0.0
2026-03-30 19:12:24,119,1.888897e+06,173078.0,4135.0,0.0,0.0,0.0,3065.0,278.0,7.0,9.0771456e+07,9.416704e+08,635.79,21.0,58977.0,0.0,58977.0,58977.0,2.0,0.0,0.0
2026-03-30 19:12:36,120,1.89219e+06,173775.0,4135.0,0.0,0.0,0.0,3070.0,279.0,7.0,9.0771456e+07,9.416704e+08,636.88,21.0,59077.0,0.0,59077.0,59077.0,2.0,0.0,0.0
2026-03-30 19:12:48,120,1.895617e+06,173775.0,4135.0,0.0,0.0,0.0,3075.0,279.0,7.0,9.0771456e+07,9.416704e+08,637.99,23.0,59177.0,0.0,59176.0,59176.0,2.0,0.0,0.0
2026-03-30 19:13:00,120,1.899015e+06,173775.0,4135.0,0.0,0.0,0.0,3080.0,279.0,7.0,9.0771456e+07,9.416704e+08,639.04,21.0,59277.0,0.0,59277.0,59277.0,2.0,0.0,0.0
2026-03-30 19:13:12,120,1.899015e+06,174472.0,4135.0,0.0,0.0,0.0,3080.0,280.0,7.0,9.0771456e+07,9.416704e+08,639.22,21.0,59294.0,0.0,59294.0,59294.0,2.0,0.0,0.0
2026-03-30 19:13:25,121,1.902413e+06,174472.0,4135.0,0.0,0.0,0.0,3085.0,280.0,7.0,9.0771456e+07,9.416704e+08,640.29,23.0,59394.0,0.0,59393.0,59393.0,2.0,0.0,0.0
2026-03-30 19:13:37,121,1.90584e+06,174472.0,4135.0,0.0,0.0,0.0,3090.0,280.0,7.0,9.0771456e+07,9.416704e+08,641.39,21.0,59495.0,0.0,59495.0,59495.0,2.0,0.0,0.0
2026-03-30 19:13:49,121,1.908541e+06,175169.0,4135.0,0.0,0.0,0.0,3094.0,281.0,7.0,9.0771456e+07,9.416704e+08,642.53,22.0,59596.0,0.0,59595.0,59595.0,2.0,0.0,0.0
2026-03-30 19:14:01,121,1.912461e+06,175169.0,4135.0,0.0,0.0,0.0,3100.0,281.0,7.0,9.0771456e+07,9.416704e+08,643.56,22.0,59695.0,0.0,59694.0,59694.0,2.0,0.0,0.0
2026-03-30 19:14:13,121,1.915191e+06,175866.0,4135.0,0.0,0.0,0.0,3104.0,282.0,7.0,9.0771456e+07,9.416704e+08,644.66,21.0,59795.0,0.0,59795.0,59795.0,2.0,0.0,0.0
2026-03-30 19:14:26,122,1.918589e+06,175866.0,4135.0,0.0,0.0,0.0,3109.0,282.0,7.0,9.0771456e+07,9.416704e+08,645.68,21.0,59893.0,0.0,59893.0,59893.0,2.0,0.0,0.0
2026-03-30 19:14:38,122,1.921319e+06,176563.0,4135.0,0.0,0.0,0.0,3113.0,283.0,7.0,9.0771456e+07,9.416704e+08,646.77,21.0,59993.0,0.0,59993.0,59993.0,2.0,0.0,0.0
2026-03-30 19:14:50,122,1.924717e+06,176563.0,4135.0,0.0,0.0,0.0,3118.0,283.0,7.0,9.0771456e+07,9.416704e+08,647.82,23.0,60093.0,0.0,60092.0,60092.0,2.0,0.0,0.0
2026-03-30 19:15:02,122,1.928144e+06,176563.0,4135.0,0.0,0.0,0.0,3123.0,283.0,7.0,9.0771456e+07,9.416704e+08,648.9,23.0,60193.0,0.0,60192.0,60192.0,2.0,0.0,0.0
2026-03-30 19:15:14,122,1.931294e+06,177231.0,4135.0,0.0,0.0,0.0,3128.0,284.0,7.0,9.0771456e+07,9.416704e+08,649.95,21.0,60292.0,0.0,60292.0,60292.0,2.0,0.0,0.0
2026-03-30 19:15:26,123,1.934721e+06,177231.0,4135.0,0.0,0.0,0.0,3133.0,284.0,7.0,9.0771456e+07,9.416704e+08,651.01,21.0,60391.0,0.0,60391.0,60391.0,2.0,0.0,0.0
2026-03-30 19:15:38,123,1.937451e+06,177899.0,4135.0,0.0,0.0,0.0,3137.0,285.0,7.0,9.0771456e+07,9.416704e+08,652.06,21.0,60491.0,0.0,60491.0,60491.0,2.0,0.0,0.0
2026-03-30 19:15:50,123,1.940878e+06,177899.0,4135.0,0.0,0.0,0.0,3142.0,285.0,7.0,9.0771456e+07,9.416704e+08,653.12,21.0,60590.0,0.0,60590.0,60590.0,2.0,0.0,0.0
2026-03-30 19:16:02,123,1.943608e+06,178567.0,4135.0,0.0,0.0,0.0,3146.0,286.0,7.0,9.0771456e+07,9.416704e+08,654.1800000000001,21.0,60691.0,0.0,60691.0,60691.0,2.0,0.0,0.0
2026-03-30 19:16:15,123,1.947035e+06,178567.0,4135.0,0.0,0.0,0.0,3151.0,286.0,7.0,9.0771456e+07,9.416704e+08,655.24,21.0,60791.0,0.0,60791.0,60791.0,2.0,0.0,0.0
2026-03-30 19:16:27,124,1.950328e+06,178567.0,4135.0,0.0,0.0,0.0,3156.0,286.0,7.0,9.0771456e+07,9.416704e+08,656.29,21.0,60890.0,0.0,60890.0,60890.0,2.0,0.0,0.0
2026-03-30 19:16:39,124,1.953688e+06,179232.0,4135.0,0.0,0.0,0.0,3161.0,287.0,7.0,9.0771456e+07,9.416704e+08,657.38,23.0,60989.0,0.0,60988.0,60988.0,2.0,0.0,0.0
2026-03-30 19:16:51,124,1.957115e+06,179232.0,4135.0,0.0,0.0,0.0,3166.0,287.0,7.0,9.0771456e+07,9.416704e+08,658.52,21.0,61090.0,0.0,61090.0,61090.0,2.0,0.0,0.0
2026-03-30 19:17:03,124,1.959845e+06,179900.0,4135.0,0.0,0.0,0.0,3170.0,288.0,7.0,9.0771456e+07,9.416704e+08,659.59,21.0,61189.0,0.0,61189.0,61189.0,2.0,0.0,0.0
2026-03-30 19:17:15,124,1.963272e+06,179900.0,4135.0,0.0,0.0,0.0,3175.0,288.0,7.0,9.0771456e+07,9.416704e+08,660.69,21.0,61290.0,0.0,61290.0,61290.0,2.0,0.0,0.0
2026-03-30 19:17:27,125,1.966419e+06,180568.0,4135.0,0.0,0.0,0.0,3180.0,289.0,7.0,9.0771456e+07,9.416704e+08,661.77,23.0,61389.0,0.0,61388.0,61388.0,2.0,0.0,0.0
2026-03-30 19:17:39,125,1.969817e+06,180568.0,4135.0,0.0,0.0,0.0,3185.0,289.0,7.0,9.0771456e+07,9.416704e+08,662.8299999999999,21.0,61487.0,0.0,61487.0,61487.0,2.0,0.0,0.0
2026-03-30 19:17:52,125,1.973244e+06,180568.0,4135.0,0.0,0.0,0.0,3190.0,289.0,7.0,9.0771456e+07,9.416704e+08,663.88,22.0,61586.0,0.0,61585.0,61585.0,2.0,0.0,0.0
2026-03-30 19:18:04,125,1.975974e+06,181236.0,4135.0,0.0,0.0,0.0,3194.0,290.0,7.0,9.0640384e+07,9.416704e+08,664.97,21.0,61685.0,0.0,61685.0,61685.0,2.0,0.0,0.0
2026-03-30 19:18:16,125,1.979401e+06,181236.0,4135.0,0.0,0.0,0.0,3199.0,290.0,7.0,9.0640384e+07,9.416704e+08,666.0699999999999,21.0,61786.0,0.0,61786.0,61786.0,2.0,0.0,0.0
2026-03-30 19:18:28,126,1.982131e+06,181904.0,4135.0,0.0,0.0,0.0,3203.0,291.0,7.0,9.0640384e+07,9.416704e+08,667.12,23.0,61886.0,0.0,61885.0,61885.0,2.0,0.0,0.0
2026-03-30 19:18:40,126,1.985558e+06,181904.0,4135.0,0.0,0.0,0.0,3208.0,291.0,7.0,9.0640384e+07,9.416704e+08,668.22,21.0,61984.0,0.0,61984.0,61984.0,2.0,0.0,0.0
2026-03-30 19:18:52,126,1.988288e+06,182572.0,4135.0,0.0,0.0,0.0,3212.0,292.0,7.0,9.0640384e+07,9.416704e+08,669.29,21.0,62083.0,0.0,62083.0,62083.0,2.0,0.0,0.0
2026-03-30 19:19:04,126,1.991715e+06,182572.0,4135.0,0.0,0.0,0.0,3217.0,292.0,7.0,9.0640384e+07,9.416704e+08,670.38,23.0,62185.0,0.0,62184.0,62184.0,2.0,0.0,0.0
2026-03-30 19:19:17,126,1.995673e+06,182572.0,4135.0,0.0,0.0,0.0,3223.0,292.0,7.0,9.0640384e+07,9.416704e+08,671.48,21.0,62284.0,0.0,62284.0,62284.0,2.0,0.0,0.0
2026-03-30 19:19:29,127,1.998403e+06,183269.0,4135.0,0.0,0.0,0.0,3227.0,293.0,7.0,9.0640384e+07,9.416704e+08,672.49,21.0,62385.0,0.0,62385.0,62385.0,2.0,0.0,0.0
2026-03-30 19:19:41,127,2.001801e+06,183269.0,4135.0,0.0,0.0,0.0,3232.0,293.0,7.0,9.0640384e+07,9.416704e+08,673.58,23.0,62484.0,0.0,62483.0,62483.0,2.0,0.0,0.0
2026-03-30 19:19:53,127,2.004531e+06,183966.0,4135.0,0.0,0.0,0.0,3236.0,294.0,7.0,9.0640384e+07,9.416704e+08,674.62,21.0,62585.0,0.0,62585.0,62585.0,2.0,0.0,0.0
2026-03-30 19:20:06,127,2.007929e+06,183966.0,4135.0,0.0,0.0,0.0,3241.0,294.0,7.0,9.0640384e+07,9.416704e+08,675.6700000000001,23.0,62687.0,0.0,62686.0,62686.0,2.0,0.0,0.0
2026-03-30 19:20:18,127,2.011152e+06,184663.0,4135.0,0.0,0.0,0.0,3246.0,295.0,7.0,9.0640384e+07,9.416704e+08,676.67,21.0,62786.0,0.0,62786.0,62786.0,2.0,0.0,0.0
2026-03-30 19:20:30,128,2.014579e+06,184663.0,4135.0,0.0,0.0,0.0,3251.0,295.0,7.0,9.0640384e+07,9.416704e+08,677.74,21.0,62887.0,0.0,62887.0,62887.0,2.0,0.0,0.0
2026-03-30 19:20:42,128,2.017977e+06,184663.0,4135.0,0.0,0.0,0.0,3256.0,295.0,7.0,9.0640384e+07,9.416704e+08,678.79,21.0,62987.0,0.0,62987.0,62987.0,2.0,0.0,0.0
2026-03-30 19:20:54,128,2.020707e+06,185360.0,4135.0,0.0,0.0,0.0,3260.0,296.0,7.0,9.0640384e+07,9.416704e+08,679.93,21.0,63086.0,0.0,63086.0,63086.0,2.0,0.0,0.0
2026-03-30 19:21:06,128,2.024105e+06,185360.0,4135.0,0.0,0.0,0.0,3265.0,296.0,7.0,9.0640384e+07,9.416704e+08,680.98,21.0,63188.0,0.0,63188.0,63188.0,2.0,0.0,0.0
2026-03-30 19:21:18,128,2.026835e+06,186057.0,4135.0,0.0,0.0,0.0,3269.0,297.0,7.0,9.0640384e+07,9.416704e+08,682.03,21.0,63287.0,0.0,63287.0,63287.0,2.0,0.0,0.0
2026-03-30 19:21:31,129,2.03079e+06,186057.0,4135.0,0.0,0.0,0.0,3275.0,297.0,7.0,9.0640384e+07,9.416704e+08,683.17,23.0,63388.0,0.0,63387.0,63387.0,2.0,0.0,0.0
2026-03-30 19:21:43,129,2.033491e+06,186754.0,4135.0,0.0,0.0,0.0,3279.0,298.0,7.0,9.0640384e+07,9.416704e+08,684.25,21.0,63488.0,0.0,63488.0,63488.0,2.0,0.0,0.0
2026-03-30 19:21:55,129,2.036918e+06,186754.0,4135.0,0.0,0.0,0.0,3284.0,298.0,7.0,9.0640384e+07,9.416704e+08,685.38,21.0,63589.0,0.0,63589.0,63589.0,2.0,0.0,0.0
2026-03-30 19:22:07,129,2.040316e+06,186754.0,4135.0,0.0,0.0,0.0,3289.0,298.0,7.0,9.0640384e+07,9.416704e+08,686.42,21.0,63690.0,0.0,63690.0,63690.0,2.0,0.0,0.0
2026-03-30 19:22:20,129,2.043046e+06,187451.0,4135.0,0.0,0.0,0.0,3293.0,299.0,7.0,9.0640384e+07,9.416704e+08,687.49,21.0,63790.0,0.0,63790.0,63790.0,2.0,0.0,0.0
2026-03-30 19:22:32,130,2.046444e+06,187451.0,4135.0,0.0,0.0,0.0,3298.0,299.0,7.0,9.0640384e+07,9.416704e+08,688.5699999999999,21.0,63889.0,0.0,63889.0,63889.0,2.0,0.0,0.0
2026-03-30 19:22:44,130,2.049737e+06,188148.0,4135.0,0.0,0.0,0.0,3303.0,300.0,7.0,9.0640384e+07,9.416704e+08,689.6899999999999,23.0,63990.0,0.0,63989.0,63989.0,2.0,0.0,0.0
2026-03-30 19:22:56,130,2.053164e+06,188148.0,4135.0,0.0,0.0,0.0,3308.0,300.0,7.0,9.0640384e+07,9.416704e+08,690.73,23.0,64090.0,0.0,64089.0,64089.0,2.0,0.0,0.0
2026-03-30 19:23:08,130,2.055865e+06,188845.0,4135.0,0.0,0.0,0.0,3312.0,301.0,7.0,9.0640384e+07,9.416704e+08,691.78,21.0,64190.0,0.0,64190.0,64190.0,2.0,0.0,0.0
2026-03-30 19:23:20,130,2.059292e+06,188845.0,4135.0,0.0,0.0,0.0,3317.0,301.0,7.0,9.0640384e+07,9.416704e+08,692.85,21.0,64288.0,0.0,64288.0,64288.0,2.0,0.0,0.0
2026-03-30 19:23:33,131,2.06269e+06,188845.0,4135.0,0.0,0.0,0.0,3322.0,301.0,7.0,9.0640384e+07,9.416704e+08,693.9200000000001,21.0,64388.0,0.0,64388.0,64388.0,2.0,0.0,0.0
2026-03-30 19:23:45,131,2.06542e+06,189542.0,4135.0,0.0,0.0,0.0,3326.0,302.0,7.0,9.0640384e+07,9.416704e+08,695.01,21.0,64489.0,0.0,64489.0,64489.0,2.0,0.0,0.0
2026-03-30 19:23:57,131,2.068818e+06,189542.0,4135.0,0.0,0.0,0.0,3331.0,302.0,7.0,9.0640384e+07,9.416704e+08,696.09,21.0,64589.0,0.0,64589.0,64589.0,2.0,0.0,0.0
2026-03-30 19:24:09,131,2.072146e+06,190239.0,4135.0,0.0,0.0,0.0,3336.0,303.0,7.0,9.0640384e+07,9.416704e+08,697.14,23.0,64691.0,0.0,64690.0,64690.0,2.0,0.0,0.0
2026-03-30 19:24:22,131,2.075573e+06,190239.0,4135.0,0.0,0.0,0.0,3341.0,303.0,7.0,9.0640384e+07,9.416704e+08,698.23,21.0,64791.0,0.0,64791.0,64791.0,2.0,0.0,0.0
2026-03-30 19:24:34,132,2.077606e+06,190936.0,4803.0,0.0,0.0,0.0,3344.0,304.0,8.0,9.0640384e+07,9.416704e+08,699.37,23.0,64892.0,0.0,64891.0,64891.0,2.0,0.0,0.0
2026-03-30 19:24:46,132,2.080928e+06,190936.0,4803.0,0.0,0.0,0.0,3350.0,304.0,8.0,9.0640384e+07,9.416704e+08,700.4399999999999,21.0,64992.0,0.0,64992.0,64992.0,2.0,0.0,0.0
2026-03-30 19:24:58,132,2.083868e+06,191531.0,4803.0,0.0,0.0,0.0,3355.0,305.0,8.0,9.0640384e+07,9.416704e+08,701.49,21.0,65091.0,0.0,65091.0,65091.0,2.0,0.0,0.0
2026-03-30 19:25:10,132,2.087333e+06,191531.0,4803.0,0.0,0.0,0.0,3361.0,305.0,8.0,9.0640384e+07,9.416704e+08,702.58,21.0,65192.0,0.0,65192.0,65192.0,2.0,0.0,0.0
2026-03-30 19:25:23,132,2.090868e+06,192126.0,4803.0,0.0,0.0,0.0,3367.0,306.0,8.0,9.0640384e+07,9.416704e+08,703.6600000000001,21.0,65295.0,0.0,65295.0,65295.0,2.0,0.0,0.0
2026-03-30 19:25:35,133,2.093843e+06,192126.0,4803.0,0.0,0.0,0.0,3372.0,306.0,8.0,9.0640384e+07,9.416704e+08,704.77,21.0,65396.0,0.0,65396.0,65396.0,2.0,0.0,0.0
2026-03-30 19:25:47,133,2.097098e+06,192791.0,4803.0,0.0,0.0,0.0,3377.0,307.0,8.0,9.0640384e+07,9.416704e+08,705.85,23.0,65496.0,0.0,65495.0,65495.0,2.0,0.0,0.0
2026-03-30 19:25:59,133,2.100423e+06,192791.0,4803.0,0.0,0.0,0.0,3382.0,307.0,8.0,9.0640384e+07,9.416704e+08,706.9200000000001,21.0,65595.0,0.0,65595.0,65595.0,2.0,0.0,0.0
2026-03-30 19:26:12,133,2.103748e+06,192791.0,4803.0,0.0,0.0,0.0,3387.0,307.0,8.0,9.0640384e+07,9.416704e+08,708.02,21.0,65696.0,0.0,65696.0,65696.0,2.0,0.0,0.0
2026-03-30 19:26:24,133,2.106936e+06,193453.0,4803.0,0.0,0.0,0.0,3392.0,308.0,8.0,9.0640384e+07,9.416704e+08,709.11,21.0,65795.0,0.0,65795.0,65795.0,2.0,0.0,0.0
2026-03-30 19:26:36,134,2.110261e+06,193453.0,4803.0,0.0,0.0,0.0,3397.0,308.0,8.0,9.0640384e+07,9.416704e+08,710.1600000000001,23.0,65895.0,0.0,65894.0,65894.0,2.0,0.0,0.0
2026-03-30 19:26:48,134,2.112921e+06,194118.0,4803.0,0.0,0.0,0.0,3401.0,309.0,8.0,9.0640384e+07,9.416704e+08,711.27,21.0,65995.0,0.0,65995.0,65995.0,2.0,0.0,0.0
2026-03-30 19:27:00,134,2.116911e+06,194118.0,4803.0,0.0,0.0,0.0,3407.0,309.0,8.0,9.0640384e+07,9.416704e+08,712.2900000000001,21.0,66095.0,0.0,66095.0,66095.0,2.0,0.0,0.0
2026-03-30 19:27:12,134,2.119571e+06,194783.0,4803.0,0.0,0.0,0.0,3411.0,310.0,8.0,9.0640384e+07,9.416704e+08,713.3499999999999,21.0,66194.0,0.0,66194.0,66194.0,2.0,0.0,0.0
2026-03-30 19:27:24,134,2.122896e+06,194783.0,4803.0,0.0,0.0,0.0,3416.0,310.0,8.0,9.0640384e+07,9.416704e+08,714.4,21.0,66294.0,0.0,66294.0,66294.0,2.0,0.0,0.0
2026-03-30 19:27:37,135,2.126221e+06,194783.0,4803.0,0.0,0.0,0.0,3421.0,310.0,8.0,9.0640384e+07,9.416704e+08,715.46,23.0,66393.0,0.0,66392.0,66392.0,2.0,0.0,0.0
2026-03-30 19:27:49,135,2.129546e+06,195238.0,4803.0,0.0,0.0,0.0,3426.0,311.0,8.0,9.0640384e+07,9.416704e+08,716.58,21.0,66492.0,0.0,66492.0,66492.0,2.0,0.0,0.0
2026-03-30 19:28:01,135,2.132871e+06,195238.0,4803.0,0.0,0.0,0.0,3431.0,311.0,8.0,9.0640384e+07,9.416704e+08,717.66,21.0,66592.0,0.0,66592.0,66592.0,2.0,0.0,0.0
2026-03-30 19:28:13,135,2.135531e+06,195903.0,4803.0,0.0,0.0,0.0,3435.0,312.0,8.0,9.0640384e+07,9.416704e+08,718.73,21.0,66691.0,0.0,66691.0,66691.0,2.0,0.0,0.0
2026-03-30 19:28:25,136,2.138856e+06,195903.0,4803.0,0.0,0.0,0.0,3440.0,312.0,8.0,9.0640384e+07,9.416704e+08,719.78,21.0,66791.0,0.0,66791.0,66791.0,2.0,0.0,0.0
2026-03-30 19:28:37,136,2.142146e+06,196568.0,4803.0,0.0,0.0,0.0,3445.0,313.0,8.0,9.0640384e+07,9.416704e+08,720.8,23.0,66891.0,0.0,66890.0,66890.0,2.0,0.0,0.0
2026-03-30 19:28:49,136,2.145573e+06,196568.0,4803.0,0.0,0.0,0.0,3450.0,313.0,8.0,9.0640384e+07,9.416704e+08,721.91,21.0,66991.0,0.0,66991.0,66991.0,2.0,0.0,0.0
2026-03-30 19:29:02,136,2.148303e+06,197239.0,4803.0,0.0,0.0,0.0,3454.0,314.0,8.0,9.0640384e+07,9.416704e+08,722.9899999999999,21.0,67091.0,0.0,67091.0,67091.0,2.0,0.0,0.0
2026-03-30 19:29:14,136,2.15173e+06,197239.0,4803.0,0.0,0.0,0.0,3459.0,314.0,8.0,9.0640384e+07,9.416704e+08,724.09,21.0,67192.0,0.0,67192.0,67192.0,2.0,0.0,0.0
2026-03-30 19:29:26,137,2.155128e+06,197239.0,4803.0,0.0,0.0,0.0,3464.0,314.0,8.0,9.0640384e+07,9.416704e+08,725.15,23.0,67291.0,0.0,67290.0,67290.0,2.0,0.0,0.0
2026-03-30 19:29:38,137,2.15838e+06,197907.0,4803.0,0.0,0.0,0.0,3469.0,315.0,8.0,9.0640384e+07,9.416704e+08,726.15,21.0,67390.0,0.0,67390.0,67390.0,2.0,0.0,0.0
2026-03-30 19:29:50,137,2.161807e+06,197907.0,4803.0,0.0,0.0,0.0,3474.0,315.0,8.0,9.0640384e+07,9.416704e+08,727.24,21.0,67491.0,0.0,67491.0,67491.0,2.0,0.0,0.0
2026-03-30 19:30:03,137,2.164537e+06,198575.0,4803.0,0.0,0.0,0.0,3478.0,316.0,8.0,9.0771456e+07,9.416704e+08,728.36,23.0,67593.0,0.0,67592.0,67592.0,2.0,0.0,0.0
2026-03-30 19:30:15,137,2.167964e+06,198575.0,4803.0,0.0,0.0,0.0,3483.0,316.0,8.0,9.0771456e+07,9.416704e+08,729.43,21.0,67693.0,0.0,67693.0,67693.0,2.0,0.0,0.0
2026-03-30 19:30:27,138,2.170694e+06,199243.0,4803.0,0.0,0.0,0.0,3487.0,317.0,8.0,9.0771456e+07,9.416704e+08,730.49,21.0,67792.0,0.0,67792.0,67792.0,2.0,0.0,0.0
2026-03-30 19:30:39,138,2.174121e+06,199243.0,4803.0,0.0,0.0,0.0,3492.0,317.0,8.0,9.0771456e+07,9.416704e+08,731.5300000000001,21.0,67893.0,0.0,67893.0,67893.0,2.0,0.0,0.0
2026-03-30 19:30:51,138,2.178114e+06,199243.0,4803.0,0.0,0.0,0.0,3498.0,317.0,8.0,9.0771456e+07,9.416704e+08,732.64,21.0,67994.0,0.0,67994.0,67994.0,2.0,0.0,0.0
2026-03-30 19:31:03,138,2.180844e+06,199940.0,4803.0,0.0,0.0,0.0,3502.0,318.0,8.0,9.0771456e+07,9.416704e+08,733.6899999999999,21.0,68094.0,0.0,68094.0,68094.0,2.0,0.0,0.0
2026-03-30 19:31:16,138,2.184242e+06,199940.0,4803.0,0.0,0.0,0.0,3507.0,318.0,8.0,9.0771456e+07,9.416704e+08,734.8000000000001,21.0,68195.0,0.0,68195.0,68195.0,2.0,0.0,0.0
2026-03-30 19:31:28,139,2.186972e+06,200637.0,4803.0,0.0,0.0,0.0,3511.0,319.0,8.0,9.0771456e+07,9.416704e+08,735.87,21.0,68295.0,0.0,68295.0,68295.0,2.0,0.0,0.0
2026-03-30 19:31:40,139,2.19037e+06,200637.0,4803.0,0.0,0.0,0.0,3516.0,319.0,8.0,9.0771456e+07,9.416704e+08,736.91,21.0,68395.0,0.0,68395.0,68395.0,2.0,0.0,0.0
2026-03-30 19:31:52,139,2.1931e+06,201334.0,4803.0,0.0,0.0,0.0,3520.0,320.0,8.0,9.0771456e+07,9.416704e+08,738.0,21.0,68496.0,0.0,68496.0,68496.0,2.0,0.0,0.0
2026-03-30 19:32:04,139,2.197128e+06,201334.0,4803.0,0.0,0.0,0.0,3526.0,320.0,8.0,9.0771456e+07,9.416704e+08,739.11,21.0,68597.0,0.0,68597.0,68597.0,2.0,0.0,0.0
2026-03-30 19:32:17,139,2.200555e+06,201334.0,4803.0,0.0,0.0,0.0,3531.0,320.0,8.0,9.0771456e+07,9.416704e+08,740.1899999999999,21.0,68699.0,0.0,68699.0,68699.0,2.0,0.0,0.0
2026-03-30 19:32:29,140,2.203285e+06,202002.0,4803.0,0.0,0.0,0.0,3535.0,321.0,8.0,9.0771456e+07,9.416704e+08,741.24,21.0,68799.0,0.0,68799.0,68799.0,2.0,0.0,0.0
2026-03-30 19:32:41,140,2.206712e+06,202002.0,4803.0,0.0,0.0,0.0,3540.0,321.0,8.0,9.0771456e+07,9.416704e+08,742.3100000000001,21.0,68900.0,0.0,68900.0,68900.0,2.0,0.0,0.0
2026-03-30 19:32:54,140,2.209442e+06,202670.0,4803.0,0.0,0.0,0.0,3544.0,322.0,8.0,9.0771456e+07,9.416704e+08,743.42,21.0,69000.0,0.0,69000.0,69000.0,2.0,0.0,0.0
2026-03-30 19:33:06,140,2.213432e+06,202670.0,4803.0,0.0,0.0,0.0,3550.0,322.0,8.0,9.0771456e+07,9.416704e+08,744.5,21.0,69100.0,0.0,69100.0,69100.0,2.0,0.0,0.0
2026-03-30 19:33:18,140,2.216191e+06,203338.0,4803.0,0.0,0.0,0.0,3554.0,323.0,8.0,9.0771456e+07,9.416704e+08,745.57,21.0,69200.0,0.0,69200.0,69200.0,2.0,0.0,0.0
2026-03-30 19:33:30,141,2.219589e+06,203338.0,4803.0,0.0,0.0,0.0,3559.0,323.0,8.0,9.0771456e+07,9.416704e+08,746.65,21.0,69301.0,0.0,69301.0,69301.0,2.0,0.0,0.0
2026-03-30 19:33:42,141,2.222879e+06,203338.0,4803.0,0.0,0.0,0.0,3564.0,323.0,8.0,9.0771456e+07,9.416704e+08,747.73,23.0,69401.0,0.0,69400.0,69400.0,2.0,0.0,0.0
2026-03-30 19:33:54,141,2.226277e+06,203860.0,4803.0,0.0,0.0,0.0,3569.0,324.0,8.0,9.0771456e+07,9.416704e+08,748.7900000000001,23.0,69501.0,0.0,69500.0,69500.0,2.0,0.0,0.0
2026-03-30 19:34:07,141,2.229704e+06,203860.0,4803.0,0.0,0.0,0.0,3574.0,324.0,8.0,9.0771456e+07,9.416704e+08,749.8,21.0,69601.0,0.0,69601.0,69601.0,2.0,0.0,0.0
2026-03-30 19:34:19,141,2.232405e+06,204557.0,4803.0,0.0,0.0,0.0,3578.0,325.0,8.0,9.0771456e+07,9.416704e+08,750.87,21.0,69702.0,0.0,69702.0,69702.0,2.0,0.0,0.0
2026-03-30 19:34:31,142,2.235832e+06,204557.0,4803.0,0.0,0.0,0.0,3583.0,325.0,8.0,9.0771456e+07,9.416704e+08,751.96,21.0,69803.0,0.0,69803.0,69803.0,2.0,0.0,0.0
2026-03-30 19:34:43,142,2.238393e+06,205254.0,4803.0,0.0,0.0,0.0,3587.0,326.0,8.0,9.0771456e+07,9.416704e+08,753.02,21.0,69902.0,0.0,69902.0,69902.0,2.0,0.0,0.0
2026-03-30 19:34:55,142,2.242418e+06,205254.0,4803.0,0.0,0.0,0.0,3593.0,326.0,8.0,9.0771456e+07,9.416704e+08,754.1,21.0,70002.0,0.0,70002.0,70002.0,2.0,0.0,0.0
2026-03-30 19:35:08,142,2.245148e+06,205951.0,4803.0,0.0,0.0,0.0,3597.0,327.0,8.0,9.0771456e+07,9.416704e+08,755.1600000000001,21.0,70102.0,0.0,70102.0,70102.0,2.0,0.0,0.0
2026-03-30 19:35:20,142,2.248546e+06,205951.0,4803.0,0.0,0.0,0.0,3602.0,327.0,8.0,9.0771456e+07,9.416704e+08,756.23,23.0,70203.0,0.0,70202.0,70202.0,2.0,0.0,0.0
2026-03-30 19:35:32,143,2.251973e+06,205951.0,4803.0,0.0,0.0,0.0,3607.0,327.0,8.0,9.0771456e+07,9.416704e+08,757.29,21.0,70303.0,0.0,70303.0,70303.0,2.0,0.0,0.0
2026-03-30 19:35:44,143,2.254674e+06,206648.0,4803.0,0.0,0.0,0.0,3611.0,328.0,8.0,9.0771456e+07,9.416704e+08,758.36,21.0,70403.0,0.0,70403.0,70403.0,2.0,0.0,0.0
2026-03-30 19:35:56,143,2.258101e+06,206648.0,4803.0,0.0,0.0,0.0,3616.0,328.0,8.0,9.0771456e+07,9.416704e+08,759.43,21.0,70504.0,0.0,70504.0,70504.0,2.0,0.0,0.0
2026-03-30 19:36:08,143,2.261426e+06,207316.0,4803.0,0.0,0.0,0.0,3621.0,329.0,8.0,9.0771456e+07,9.416704e+08,760.47,23.0,70604.0,0.0,70603.0,70603.0,2.0,0.0,0.0
2026-03-30 19:36:21,143,2.264853e+06,207316.0,4803.0,0.0,0.0,0.0,3626.0,329.0,8.0,9.0771456e+07,9.416704e+08,761.5400000000001,21.0,70704.0,0.0,70704.0,70704.0,2.0,0.0,0.0
2026-03-30 19:36:33,144,2.267583e+06,207984.0,4803.0,0.0,0.0,0.0,3630.0,330.0,8.0,9.0771456e+07,9.416704e+08,762.5699999999999,23.0,70805.0,0.0,70804.0,70804.0,2.0,0.0,0.0
2026-03-30 19:36:45,144,2.27101e+06,207984.0,4803.0,0.0,0.0,0.0,3635.0,330.0,8.0,9.0771456e+07,9.416704e+08,763.67,21.0,70905.0,0.0,70905.0,70905.0,2.0,0.0,0.0
2026-03-30 19:36:57,144,2.274408e+06,207984.0,4803.0,0.0,0.0,0.0,3640.0,330.0,8.0,9.0771456e+07,9.416704e+08,764.76,21.0,71005.0,0.0,71005.0,71005.0,2.0,0.0,0.0
2026-03-30 19:37:09,144,2.277167e+06,208652.0,4803.0,0.0,0.0,0.0,3644.0,331.0,8.0,9.0771456e+07,9.416704e+08,765.8,21.0,71103.0,0.0,71103.0,71103.0,2.0,0.0,0.0
2026-03-30 19:37:21,144,2.280565e+06,208652.0,4803.0,0.0,0.0,0.0,3649.0,331.0,8.0,9.0771456e+07,9.416704e+08,766.89,21.0,71203.0,0.0,71203.0,71203.0,2.0,0.0,0.0
2026-03-30 19:37:33,145,2.28389e+06,209349.0,4803.0,0.0,0.0,0.0,3654.0,332.0,8.0,9.0771456e+07,9.416704e+08,767.97,21.0,71304.0,0.0,71304.0,71304.0,2.0,0.0,0.0
2026-03-30 19:37:46,145,2.287288e+06,209349.0,4803.0,0.0,0.0,0.0,3659.0,332.0,8.0,9.0771456e+07,9.416704e+08,769.02,21.0,71404.0,0.0,71404.0,71404.0,2.0,0.0,0.0
2026-03-30 19:37:58,145,2.290018e+06,210046.0,4803.0,0.0,0.0,0.0,3663.0,333.0,8.0,9.0771456e+07,9.416704e+08,770.0300000000001,23.0,71503.0,0.0,71502.0,71502.0,2.0,0.0,0.0
2026-03-30 19:38:10,145,2.29341e+06,210046.0,4803.0,0.0,0.0,0.0,3668.0,333.0,8.0,9.0771456e+07,9.416704e+08,771.12,21.0,71604.0,0.0,71604.0,71604.0,2.0,0.0,0.0
2026-03-30 19:38:22,145,2.296808e+06,210046.0,4803.0,0.0,0.0,0.0,3673.0,333.0,8.0,9.0771456e+07,9.416704e+08,772.21,21.0,71704.0,0.0,71704.0,71704.0,2.0,0.0,0.0
2026-03-30 19:38:34,146,2.299567e+06,210717.0,4803.0,0.0,0.0,0.0,3677.0,334.0,8.0,9.0771456e+07,9.416704e+08,773.23,21.0,71804.0,0.0,71804.0,71804.0,2.0,0.0,0.0
2026-03-30 19:38:47,146,2.303522e+06,210717.0,4803.0,0.0,0.0,0.0,3683.0,334.0,8.0,9.0771456e+07,9.416704e+08,774.37,21.0,71905.0,0.0,71905.0,71905.0,2.0,0.0,0.0
2026-03-30 19:38:59,146,2.306252e+06,211385.0,4803.0,0.0,0.0,0.0,3687.0,335.0,8.0,9.0771456e+07,9.416704e+08,775.4200000000001,21.0,72004.0,0.0,72004.0,72004.0,2.0,0.0,0.0
2026-03-30 19:39:11,146,2.309679e+06,211385.0,4803.0,0.0,0.0,0.0,3692.0,335.0,8.0,9.0771456e+07,9.416704e+08,776.5500000000001,21.0,72105.0,0.0,72105.0,72105.0,2.0,0.0,0.0
2026-03-30 19:39:23,146,2.312409e+06,212053.0,4803.0,0.0,0.0,0.0,3696.0,336.0,8.0,9.0771456e+07,9.416704e+08,777.67,21.0,72205.0,0.0,72205.0,72205.0,2.0,0.0,0.0
2026-03-30 19:39:35,147,2.315836e+06,212053.0,4803.0,0.0,0.0,0.0,3701.0,336.0,8.0,9.0771456e+07,9.416704e+08,778.72,21.0,72306.0,0.0,72306.0,72306.0,2.0,0.0,0.0
2026-03-30 19:39:47,147,2.319234e+06,212053.0,4803.0,0.0,0.0,0.0,3706.0,336.0,8.0,9.0771456e+07,9.416704e+08,779.7900000000001,21.0,72405.0,0.0,72405.0,72405.0,2.0,0.0,0.0
2026-03-30 19:39:59,147,2.322559e+06,212718.0,4803.0,0.0,0.0,0.0,3711.0,337.0,8.0,9.0771456e+07,9.416704e+08,780.87,21.0,72504.0,0.0,72504.0,72504.0,2.0,0.0,0.0
2026-03-30 19:40:12,147,2.325986e+06,212718.0,4803.0,0.0,0.0,0.0,3716.0,337.0,8.0,9.0771456e+07,9.416704e+08,781.97,21.0,72604.0,0.0,72604.0,72604.0,2.0,0.0,0.0
2026-03-30 19:40:24,147,2.328716e+06,213386.0,4803.0,0.0,0.0,0.0,3720.0,338.0,8.0,9.0771456e+07,9.416704e+08,783.0,21.0,72703.0,0.0,72703.0,72703.0,2.0,0.0,0.0
2026-03-30 19:40:36,148,2.332143e+06,213386.0,4803.0,0.0,0.0,0.0,3725.0,338.0,8.0,9.0771456e+07,9.416704e+08,784.01,23.0,72803.0,0.0,72802.0,72802.0,2.0,0.0,0.0
2026-03-30 19:40:48,148,2.334873e+06,214054.0,4803.0,0.0,0.0,0.0,3729.0,339.0,8.0,9.0771456e+07,9.416704e+08,785.08,21.0,72901.0,0.0,72901.0,72901.0,2.0,0.0,0.0
2026-03-30 19:41:00,148,2.3383e+06,214054.0,4803.0,0.0,0.0,0.0,3734.0,339.0,8.0,9.0771456e+07,9.416704e+08,786.1700000000001,21.0,73003.0,0.0,73003.0,73003.0,2.0,0.0,0.0
2026-03-30 19:41:12,148,2.341698e+06,214054.0,4803.0,0.0,0.0,0.0,3739.0,339.0,8.0,9.0771456e+07,9.416704e+08,787.24,23.0,73104.0,0.0,73103.0,73103.0,2.0,0.0,0.0
2026-03-30 19:41:24,148,2.34502e+06,214722.0,4803.0,0.0,0.0,0.0,3744.0,340.0,8.0,9.0771456e+07,9.416704e+08,788.35,21.0,73203.0,0.0,73203.0,73203.0,2.0,0.0,0.0
2026-03-30 19:41:37,149,2.348447e+06,214722.0,4803.0,0.0,0.0,0.0,3749.0,340.0,8.0,9.0771456e+07,9.416704e+08,789.4200000000001,21.0,73303.0,0.0,73303.0,73303.0,2.0,0.0,0.0
2026-03-30 19:41:49,149,2.351177e+06,215390.0,4803.0,0.0,0.0,0.0,3753.0,341.0,8.0,9.0771456e+07,9.416704e+08,790.55,21.0,73402.0,0.0,73402.0,73402.0,2.0,0.0,0.0
2026-03-30 19:42:01,149,2.354604e+06,215390.0,4803.0,0.0,0.0,0.0,3758.0,341.0,8.0,9.0771456e+07,9.416704e+08,791.5600000000001,21.0,73502.0,0.0,73502.0,73502.0,2.0,0.0,0.0
2026-03-30 19:42:13,149,2.357334e+06,216058.0,4803.0,0.0,0.0,0.0,3762.0,342.0,8.0,9.0771456e+07,9.416704e+08,792.57,21.0,73601.0,0.0,73601.0,73601.0,2.0,0.0,0.0
2026-03-30 19:42:25,150,2.360761e+06,216058.0,4803.0,0.0,0.0,0.0,3767.0,342.0,8.0,9.0771456e+07,9.416704e+08,793.63,21.0,73701.0,0.0,73701.0,73701.0,2.0,0.0,0.0
2026-03-30 19:42:37,150,2.364159e+06,216058.0,4803.0,0.0,0.0,0.0,3772.0,342.0,8.0,9.0771456e+07,9.416704e+08,794.61,21.0,73800.0,0.0,73800.0,73800.0,2.0,0.0,0.0
2026-03-30 19:42:49,150,2.366918e+06,216726.0,4803.0,0.0,0.0,0.0,3776.0,343.0,8.0,9.0771456e+07,9.416704e+08,795.76,21.0,73899.0,0.0,73899.0,73899.0,2.0,0.0,0.0
2026-03-30 19:43:02,150,2.371013e+06,216726.0,4803.0,0.0,0.0,0.0,3782.0,343.0,8.0,9.0771456e+07,9.416704e+08,796.79,21.0,74001.0,0.0,74001.0,74001.0,2.0,0.0,0.0
2026-03-30 19:43:14,150,2.372378e+06,217394.0,4803.0,0.0,0.0,0.0,3784.0,344.0,8.0,9.0771456e+07,9.416704e+08,797.6300000000001,21.0,74077.0,0.0,74077.0,74077.0,2.0,0.0,0.0
2026-03-30 19:43:26,151,2.37437e+06,217394.0,4803.0,0.0,0.0,0.0,3787.0,344.0,8.0,9.0771456e+07,9.416704e+08,798.0500000000001,21.0,74118.0,0.0,74118.0,74118.0,2.0,0.0,0.0
2026-03-30 19:43:38,151,2.377768e+06,217394.0,4803.0,0.0,0.0,0.0,3792.0,344.0,8.0,9.0771456e+07,9.416704e+08,799.12,21.0,74218.0,0.0,74218.0,74218.0,2.0,0.0,0.0
2026-03-30 19:43:51,151,2.380527e+06,218062.0,4803.0,0.0,0.0,0.0,3796.0,345.0,8.0,9.0771456e+07,9.416704e+08,800.1999999999999,21.0,74322.0,0.0,74322.0,74322.0,2.0,0.0,0.0
2026-03-30 19:44:03,151,2.383925e+06,218062.0,4803.0,0.0,0.0,0.0,3801.0,345.0,8.0,9.0771456e+07,9.416704e+08,801.22,21.0,74423.0,0.0,74423.0,74423.0,2.0,0.0,0.0
2026-03-30 19:44:15,151,2.387352e+06,218062.0,4803.0,0.0,0.0,0.0,3806.0,345.0,8.0,9.0771456e+07,9.416704e+08,802.31,21.0,74521.0,0.0,74521.0,74521.0,2.0,0.0,0.0
2026-03-30 19:44:27,152,2.390082e+06,218730.0,4803.0,0.0,0.0,0.0,3810.0,346.0,8.0,9.0771456e+07,9.416704e+08,803.42,21.0,74621.0,0.0,74621.0,74621.0,2.0,0.0,0.0
2026-03-30 19:44:40,152,2.394107e+06,218730.0,4803.0,0.0,0.0,0.0,3816.0,346.0,8.0,9.0771456e+07,9.416704e+08,804.5,21.0,74722.0,0.0,74722.0,74722.0,2.0,0.0,0.0
2026-03-30 19:44:52,152,2.396866e+06,219398.0,4803.0,0.0,0.0,0.0,3820.0,347.0,8.0,9.0771456e+07,9.416704e+08,805.54,21.0,74825.0,0.0,74825.0,74825.0,2.0,0.0,0.0
2026-03-30 19:45:04,152,2.400264e+06,219398.0,4803.0,0.0,0.0,0.0,3825.0,347.0,8.0,9.0771456e+07,9.416704e+08,806.64,21.0,74924.0,0.0,74924.0,74924.0,2.0,0.0,0.0
2026-03-30 19:45:16,152,2.403023e+06,220066.0,4803.0,0.0,0.0,0.0,3829.0,348.0,8.0,9.0771456e+07,9.416704e+08,807.71,21.0,75023.0,0.0,75023.0,75023.0,2.0,0.0,0.0
2026-03-30 19:45:29,153,2.406421e+06,220066.0,4803.0,0.0,0.0,0.0,3834.0,348.0,8.0,9.0771456e+07,9.416704e+08,808.8299999999999,21.0,75123.0,0.0,75123.0,75123.0,2.0,0.0,0.0
2026-03-30 19:45:41,153,2.409848e+06,220066.0,4803.0,0.0,0.0,0.0,3839.0,348.0,8.0,9.0771456e+07,9.416704e+08,809.97,21.0,75222.0,0.0,75222.0,75222.0,2.0,0.0,0.0
2026-03-30 19:45:53,153,2.413243e+06,220629.0,4803.0,0.0,0.0,0.0,3844.0,349.0,8.0,9.0771456e+07,9.416704e+08,811.03,21.0,75324.0,0.0,75324.0,75324.0,2.0,0.0,0.0
2026-03-30 19:46:05,153,2.41667e+06,220629.0,4803.0,0.0,0.0,0.0,3849.0,349.0,8.0,9.0771456e+07,9.416704e+08,812.11,21.0,75424.0,0.0,75424.0,75424.0,2.0,0.0,0.0
2026-03-30 19:46:18,153,2.41891e+06,221326.0,5471.0,0.0,0.0,0.0,3853.0,350.0,9.0,9.0771456e+07,9.416704e+08,813.23,21.0,75524.0,0.0,75524.0,75524.0,2.0,0.0,0.0
2026-03-30 19:46:30,154,2.42248e+06,221326.0,5471.0,0.0,0.0,0.0,3859.0,350.0,9.0,9.0771456e+07,9.416704e+08,814.26,23.0,75624.0,0.0,75623.0,75623.0,2.0,0.0,0.0
2026-03-30 19:46:42,154,2.425455e+06,221921.0,5471.0,0.0,0.0,0.0,3864.0,351.0,9.0,9.0771456e+07,9.416704e+08,815.35,21.0,75725.0,0.0,75725.0,75725.0,2.0,0.0,0.0
2026-03-30 19:46:55,154,2.429025e+06,221921.0,5471.0,0.0,0.0,0.0,3870.0,351.0,9.0,9.0771456e+07,9.416704e+08,816.4300000000001,21.0,75828.0,0.0,75828.0,75828.0,2.0,0.0,0.0
2026-03-30 19:47:07,154,2.431405e+06,222516.0,5471.0,0.0,0.0,0.0,3874.0,352.0,9.0,9.0771456e+07,9.416704e+08,817.4799999999999,21.0,75927.0,0.0,75927.0,75927.0,2.0,0.0,0.0
2026-03-30 19:47:19,154,2.43508e+06,222516.0,5471.0,0.0,0.0,0.0,3880.0,352.0,9.0,9.0771456e+07,9.416704e+08,818.5799999999999,21.0,76025.0,0.0,76025.0,76025.0,2.0,0.0,0.0
2026-03-30 19:47:31,155,2.43774e+06,223181.0,5471.0,0.0,0.0,0.0,3884.0,353.0,9.0,9.0771456e+07,9.416704e+08,819.65,21.0,76124.0,0.0,76124.0,76124.0,2.0,0.0,0.0
2026-03-30 19:47:43,155,2.441065e+06,223181.0,5471.0,0.0,0.0,0.0,3889.0,353.0,9.0,9.0771456e+07,9.416704e+08,820.76,21.0,76224.0,0.0,76224.0,76224.0,2.0,0.0,0.0
2026-03-30 19:47:56,155,2.444355e+06,223846.0,5471.0,0.0,0.0,0.0,3894.0,354.0,9.0,9.0902528e+07,9.416704e+08,821.9599999999999,21.0,76326.0,0.0,76326.0,76326.0,2.0,0.0,0.0
2026-03-30 19:48:08,155,2.44768e+06,223846.0,5471.0,0.0,0.0,0.0,3899.0,354.0,9.0,9.0902528e+07,9.416704e+08,823.11,21.0,76427.0,0.0,76427.0,76427.0,2.0,0.0,0.0
2026-03-30 19:48:21,155,2.45167e+06,223846.0,5471.0,0.0,0.0,0.0,3905.0,354.0,9.0,9.0902528e+07,9.416704e+08,824.26,21.0,76529.0,0.0,76529.0,76529.0,2.0,0.0,0.0
2026-03-30 19:48:33,156,2.45433e+06,224511.0,5471.0,0.0,0.0,0.0,3909.0,355.0,9.0,9.0902528e+07,9.416704e+08,825.4300000000001,21.0,76630.0,0.0,76630.0,76630.0,2.0,0.0,0.0
2026-03-30 19:48:45,156,2.457655e+06,224511.0,5471.0,0.0,0.0,0.0,3914.0,355.0,9.0,9.0902528e+07,9.416704e+08,826.64,21.0,76730.0,0.0,76730.0,76730.0,2.0,0.0,0.0
2026-03-30 19:48:58,156,2.460315e+06,225176.0,5471.0,0.0,0.0,0.0,3918.0,356.0,9.0,9.0902528e+07,9.416704e+08,827.73,21.0,76828.0,0.0,76828.0,76828.0,2.0,0.0,0.0
2026-03-30 19:49:10,156,2.464165e+06,225176.0,5471.0,0.0,0.0,0.0,3924.0,356.0,9.0,9.0902528e+07,9.416704e+08,828.84,23.0,76928.0,0.0,76927.0,76927.0,2.0,0.0,0.0
2026-03-30 19:49:22,156,2.466825e+06,225841.0,5471.0,0.0,0.0,0.0,3928.0,357.0,9.0,9.0902528e+07,9.416704e+08,829.9399999999999,21.0,77026.0,0.0,77026.0,77026.0,2.0,0.0,0.0
2026-03-30 19:49:34,157,2.47015e+06,225841.0,5471.0,0.0,0.0,0.0,3933.0,357.0,9.0,9.0902528e+07,9.416704e+08,831.03,21.0,77125.0,0.0,77125.0,77125.0,2.0,0.0,0.0
2026-03-30 19:49:46,157,2.473475e+06,225841.0,5471.0,0.0,0.0,0.0,3938.0,357.0,9.0,9.0902528e+07,9.416704e+08,832.23,21.0,77225.0,0.0,77225.0,77225.0,2.0,0.0,0.0
2026-03-30 19:49:58,157,2.476797e+06,226439.0,5471.0,0.0,0.0,0.0,3943.0,358.0,9.0,9.0902528e+07,9.416704e+08,833.27,21.0,77325.0,0.0,77325.0,77325.0,2.0,0.0,0.0
2026-03-30 19:50:11,157,2.480122e+06,226439.0,5471.0,0.0,0.0,0.0,3948.0,358.0,9.0,9.0902528e+07,9.416704e+08,834.43,21.0,77426.0,0.0,77426.0,77426.0,2.0,0.0,0.0
2026-03-30 19:50:23,157,2.48282e+06,227104.0,5471.0,0.0,0.0,0.0,3952.0,359.0,9.0,9.0902528e+07,9.416704e+08,835.5500000000001,21.0,77526.0,0.0,77526.0,77526.0,2.0,0.0,0.0
2026-03-30 19:50:36,158,2.486247e+06,227104.0,5471.0,0.0,0.0,0.0,3957.0,359.0,9.0,9.0902528e+07,9.416704e+08,836.75,21.0,77627.0,0.0,77627.0,77627.0,2.0,0.0,0.0
2026-03-30 19:50:48,158,2.489607e+06,227772.0,5471.0,0.0,0.0,0.0,3962.0,360.0,9.0,9.0902528e+07,9.416704e+08,837.8499999999999,21.0,77727.0,0.0,77727.0,77727.0,2.0,0.0,0.0
2026-03-30 19:51:00,158,2.493034e+06,227772.0,5471.0,0.0,0.0,0.0,3967.0,360.0,9.0,9.0902528e+07,9.416704e+08,838.98,21.0,77826.0,0.0,77826.0,77826.0,2.0,0.0,0.0
2026-03-30 19:51:12,158,2.495764e+06,228440.0,5471.0,0.0,0.0,0.0,3971.0,361.0,9.0,9.0902528e+07,9.416704e+08,840.19,21.0,77928.0,0.0,77928.0,77928.0,2.0,0.0,0.0
2026-03-30 19:51:25,159,2.499191e+06,228440.0,5471.0,0.0,0.0,0.0,3976.0,361.0,9.0,9.0902528e+07,9.416704e+08,841.29,21.0,78028.0,0.0,78028.0,78028.0,2.0,0.0,0.0
2026-03-30 19:51:37,159,2.502589e+06,228440.0,5471.0,0.0,0.0,0.0,3981.0,361.0,9.0,9.0902528e+07,9.416704e+08,842.35,21.0,78127.0,0.0,78127.0,78127.0,2.0,0.0,0.0
2026-03-30 19:51:49,159,2.505348e+06,229108.0,5471.0,0.0,0.0,0.0,3985.0,362.0,9.0,9.0902528e+07,9.416704e+08,843.4300000000001,23.0,78225.0,0.0,78224.0,78224.0,2.0,0.0,0.0
2026-03-30 19:52:01,159,2.509201e+06,229108.0,5471.0,0.0,0.0,0.0,3991.0,362.0,9.0,9.0902528e+07,9.416704e+08,844.56,21.0,78325.0,0.0,78325.0,78325.0,2.0,0.0,0.0
2026-03-30 19:52:14,159,2.511931e+06,229805.0,5471.0,0.0,0.0,0.0,3995.0,363.0,9.0,9.0902528e+07,9.416704e+08,845.76,21.0,78426.0,0.0,78426.0,78426.0,2.0,0.0,0.0
2026-03-30 19:52:26,160,2.515329e+06,229805.0,5471.0,0.0,0.0,0.0,4000.0,363.0,9.0,9.0902528e+07,9.416704e+08,846.87,21.0,78524.0,0.0,78524.0,78524.0,2.0,0.0,0.0
2026-03-30 19:52:38,160,2.518059e+06,230502.0,5471.0,0.0,0.0,0.0,4004.0,364.0,9.0,9.0902528e+07,9.416704e+08,847.95,21.0,78623.0,0.0,78623.0,78623.0,2.0,0.0,0.0
2026-03-30 19:52:51,160,2.521457e+06,230502.0,5471.0,0.0,0.0,0.0,4009.0,364.0,9.0,9.0902528e+07,9.416704e+08,849.06,23.0,78724.0,0.0,78723.0,78723.0,2.0,0.0,0.0
2026-03-30 19:53:03,160,2.524884e+06,230502.0,5471.0,0.0,0.0,0.0,4014.0,364.0,9.0,9.0902528e+07,9.416704e+08,850.14,21.0,78823.0,0.0,78823.0,78823.0,2.0,0.0,0.0
2026-03-30 19:53:15,160,2.527585e+06,231199.0,5471.0,0.0,0.0,0.0,4018.0,365.0,9.0,9.0902528e+07,9.416704e+08,851.1800000000001,21.0,78923.0,0.0,78923.0,78923.0,2.0,0.0,0.0
2026-03-30 19:53:27,161,2.53154e+06,231199.0,5471.0,0.0,0.0,0.0,4024.0,365.0,9.0,9.0902528e+07,9.416704e+08,852.28,21.0,79022.0,0.0,79022.0,79022.0,2.0,0.0,0.0
2026-03-30 19:53:40,161,2.53427e+06,231896.0,5471.0,0.0,0.0,0.0,4028.0,366.0,9.0,9.0902528e+07,9.416704e+08,853.33,21.0,79120.0,0.0,79120.0,79120.0,2.0,0.0,0.0
2026-03-30 19:53:52,161,2.537668e+06,231896.0,5471.0,0.0,0.0,0.0,4033.0,366.0,9.0,9.0902528e+07,9.416704e+08,854.44,21.0,79220.0,0.0,79220.0,79220.0,2.0,0.0,0.0
2026-03-30 19:54:04,161,2.540398e+06,232593.0,5471.0,0.0,0.0,0.0,4037.0,367.0,9.0,9.0902528e+07,9.416704e+08,855.56,21.0,79320.0,0.0,79320.0,79320.0,2.0,0.0,0.0
2026-03-30 19:54:17,161,2.543796e+06,232593.0,5471.0,0.0,0.0,0.0,4042.0,367.0,9.0,9.10336e+07,9.416704e+08,856.74,23.0,79422.0,0.0,79421.0,79421.0,2.0,0.0,0.0
2026-03-30 19:54:29,162,2.547223e+06,232593.0,5471.0,0.0,0.0,0.0,4047.0,367.0,9.0,9.10336e+07,9.416704e+08,857.87,21.0,79521.0,0.0,79521.0,79521.0,2.0,0.0,0.0
2026-03-30 19:54:42,162,2.549924e+06,233290.0,5471.0,0.0,0.0,0.0,4051.0,368.0,9.0,9.10336e+07,9.416704e+08,858.95,23.0,79623.0,0.0,79622.0,79622.0,2.0,0.0,0.0
2026-03-30 19:54:54,162,2.553911e+06,233290.0,5471.0,0.0,0.0,0.0,4057.0,368.0,9.0,9.10336e+07,9.416704e+08,860.0,21.0,79723.0,0.0,79723.0,79723.0,2.0,0.0,0.0
2026-03-30 19:55:06,162,2.556641e+06,233958.0,5471.0,0.0,0.0,0.0,4061.0,369.0,9.0,9.10336e+07,9.416704e+08,861.1,21.0,79822.0,0.0,79822.0,79822.0,2.0,0.0,0.0
2026-03-30 19:55:18,162,2.560068e+06,233958.0,5471.0,0.0,0.0,0.0,4066.0,369.0,9.0,9.10336e+07,9.416704e+08,862.26,23.0,79923.0,0.0,79922.0,79922.0,2.0,0.0,0.0
2026-03-30 19:55:31,163,2.562798e+06,234626.0,5471.0,0.0,0.0,0.0,4070.0,370.0,9.0,9.10336e+07,9.416704e+08,863.37,21.0,80023.0,0.0,80023.0,80023.0,2.0,0.0,0.0
2026-03-30 19:55:43,163,2.566225e+06,234626.0,5471.0,0.0,0.0,0.0,4075.0,370.0,9.0,9.10336e+07,9.416704e+08,864.4699999999999,23.0,80123.0,0.0,80122.0,80122.0,2.0,0.0,0.0
2026-03-30 19:55:56,163,2.570113e+06,234626.0,5471.0,0.0,0.0,0.0,4081.0,370.0,9.0,9.10336e+07,9.416704e+08,865.62,21.0,80223.0,0.0,80223.0,80223.0,2.0,0.0,0.0
2026-03-30 19:56:08,163,2.572843e+06,235323.0,5471.0,0.0,0.0,0.0,4085.0,371.0,9.0,9.10336e+07,9.416704e+08,866.7,21.0,80321.0,0.0,80321.0,80321.0,2.0,0.0,0.0
2026-03-30 19:56:20,163,2.576241e+06,235323.0,5471.0,0.0,0.0,0.0,4090.0,371.0,9.0,9.10336e+07,9.416704e+08,867.79,21.0,80421.0,0.0,80421.0,80421.0,2.0,0.0,0.0
2026-03-30 19:56:32,164,2.578971e+06,236020.0,5471.0,0.0,0.0,0.0,4094.0,372.0,9.0,9.10336e+07,9.416704e+08,868.88,23.0,80522.0,0.0,80521.0,80521.0,2.0,0.0,0.0
2026-03-30 19:56:45,164,2.582369e+06,236020.0,5471.0,0.0,0.0,0.0,4099.0,372.0,9.0,9.10336e+07,9.416704e+08,870.0,21.0,80620.0,0.0,80620.0,80620.0,2.0,0.0,0.0
2026-03-30 19:56:57,164,2.584924e+06,236717.0,5471.0,0.0,0.0,0.0,4103.0,373.0,9.0,9.10336e+07,9.416704e+08,871.0899999999999,23.0,80721.0,0.0,80720.0,80720.0,2.0,0.0,0.0
2026-03-30 19:57:09,164,2.588952e+06,236717.0,5471.0,0.0,0.0,0.0,4109.0,373.0,9.0,9.10336e+07,9.416704e+08,872.21,21.0,80820.0,0.0,80820.0,80820.0,2.0,0.0,0.0
2026-03-30 19:57:22,164,2.592379e+06,236717.0,5471.0,0.0,0.0,0.0,4114.0,373.0,9.0,9.10336e+07,9.416704e+08,873.36,21.0,80921.0,0.0,80921.0,80921.0,2.0,0.0,0.0
2026-03-30 19:57:34,165,2.595109e+06,237385.0,5471.0,0.0,0.0,0.0,4118.0,374.0,9.0,9.10336e+07,9.416704e+08,874.45,21.0,81020.0,0.0,81020.0,81020.0,2.0,0.0,0.0
2026-03-30 19:57:46,165,2.598536e+06,237385.0,5471.0,0.0,0.0,0.0,4123.0,374.0,9.0,9.10336e+07,9.416704e+08,875.5899999999999,21.0,81120.0,0.0,81120.0,81120.0,2.0,0.0,0.0
2026-03-30 19:57:58,165,2.601266e+06,238053.0,5471.0,0.0,0.0,0.0,4127.0,375.0,9.0,9.10336e+07,9.416704e+08,876.7,23.0,81218.0,0.0,81217.0,81217.0,2.0,0.0,0.0
2026-03-30 19:58:10,165,2.604693e+06,238053.0,5471.0,0.0,0.0,0.0,4132.0,375.0,9.0,9.10336e+07,9.416704e+08,877.77,21.0,81318.0,0.0,81318.0,81318.0,2.0,0.0,0.0
2026-03-30 19:58:23,165,2.607423e+06,238721.0,5471.0,0.0,0.0,0.0,4136.0,376.0,9.0,9.10336e+07,9.416704e+08,878.93,21.0,81417.0,0.0,81417.0,81417.0,2.0,0.0,0.0
2026-03-30 19:58:35,166,2.61085e+06,238721.0,5471.0,0.0,0.0,0.0,4141.0,376.0,9.0,9.10336e+07,9.416704e+08,880.06,23.0,81518.0,0.0,81517.0,81517.0,2.0,0.0,0.0
2026-03-30 19:58:47,166,2.614843e+06,238721.0,5471.0,0.0,0.0,0.0,4147.0,376.0,9.0,9.10336e+07,9.416704e+08,881.16,21.0,81617.0,0.0,81617.0,81617.0,2.0,0.0,0.0
2026-03-30 19:58:59,166,2.617573e+06,239418.0,5471.0,0.0,0.0,0.0,4151.0,377.0,9.0,9.10336e+07,9.416704e+08,882.25,21.0,81715.0,0.0,81715.0,81715.0,2.0,0.0,0.0
2026-03-30 19:59:12,166,2.620971e+06,239418.0,5471.0,0.0,0.0,0.0,4156.0,377.0,9.0,9.10336e+07,9.416704e+08,883.38,21.0,81814.0,0.0,81814.0,81814.0,2.0,0.0,0.0
2026-03-30 19:59:24,166,2.623701e+06,240115.0,5471.0,0.0,0.0,0.0,4160.0,378.0,9.0,9.10336e+07,9.416704e+08,884.4,21.0,81914.0,0.0,81914.0,81914.0,2.0,0.0,0.0
2026-03-30 19:59:36,167,2.627099e+06,240115.0,5471.0,0.0,0.0,0.0,4165.0,378.0,9.0,9.10336e+07,9.416704e+08,885.5,21.0,82014.0,0.0,82014.0,82014.0,2.0,0.0,0.0
2026-03-30 19:59:49,167,2.629829e+06,240812.0,5471.0,0.0,0.0,0.0,4169.0,379.0,9.0,9.10336e+07,9.416704e+08,886.63,23.0,82114.0,0.0,82113.0,82113.0,2.0,0.0,0.0
2026-03-30 20:00:01,167,2.633227e+06,240812.0,5471.0,0.0,0.0,0.0,4174.0,379.0,9.0,9.10336e+07,9.416704e+08,887.7,21.0,82213.0,0.0,82213.0,82213.0,2.0,0.0,0.0
2026-03-30 20:00:13,167,2.636654e+06,240812.0,5471.0,0.0,0.0,0.0,4179.0,379.0,9.0,9.10336e+07,9.416704e+08,888.84,21.0,82312.0,0.0,82312.0,82312.0,2.0,0.0,0.0
2026-03-30 20:00:25,168,2.639355e+06,241509.0,5471.0,0.0,0.0,0.0,4183.0,380.0,9.0,9.10336e+07,9.416704e+08,890.05,21.0,82412.0,0.0,82412.0,82412.0,2.0,0.0,0.0
2026-03-30 20:00:37,168,2.643345e+06,241509.0,5471.0,0.0,0.0,0.0,4189.0,380.0,9.0,9.10336e+07,9.416704e+08,891.17,21.0,82511.0,0.0,82511.0,82511.0,2.0,0.0,0.0
2026-03-30 20:00:50,168,2.646075e+06,242206.0,5471.0,0.0,0.0,0.0,4193.0,381.0,9.0,9.10336e+07,9.416704e+08,892.3100000000001,21.0,82612.0,0.0,82612.0,82612.0,2.0,0.0,0.0
2026-03-30 20:01:02,168,2.649473e+06,242206.0,5471.0,0.0,0.0,0.0,4198.0,381.0,9.0,9.10336e+07,9.416704e+08,893.5400000000001,21.0,82713.0,0.0,82713.0,82713.0,2.0,0.0,0.0
2026-03-30 20:01:14,168,2.652203e+06,242903.0,5471.0,0.0,0.0,0.0,4202.0,382.0,9.0,9.10336e+07,9.416704e+08,894.6600000000001,22.0,82813.0,0.0,82812.0,82812.0,2.0,0.0,0.0
2026-03-30 20:01:27,169,2.655601e+06,242903.0,5471.0,0.0,0.0,0.0,4207.0,382.0,9.0,9.10336e+07,9.416704e+08,895.8199999999999,21.0,82912.0,0.0,82912.0,82912.0,2.0,0.0,0.0
2026-03-30 20:01:39,169,2.659028e+06,242903.0,5471.0,0.0,0.0,0.0,4212.0,382.0,9.0,9.10336e+07,9.416704e+08,896.92,21.0,83010.0,0.0,83010.0,83010.0,2.0,0.0,0.0
2026-03-30 20:01:51,169,2.661729e+06,243600.0,5471.0,0.0,0.0,0.0,4216.0,383.0,9.0,9.10336e+07,9.416704e+08,898.0400000000001,21.0,83109.0,0.0,83109.0,83109.0,2.0,0.0,0.0
2026-03-30 20:02:03,169,2.665716e+06,243600.0,5471.0,0.0,0.0,0.0,4222.0,383.0,9.0,9.10336e+07,9.416704e+08,899.0899999999999,21.0,83209.0,0.0,83209.0,83209.0,2.0,0.0,0.0
2026-03-30 20:02:16,169,2.668446e+06,244268.0,5471.0,0.0,0.0,0.0,4226.0,384.0,9.0,9.10336e+07,9.416704e+08,900.1999999999999,21.0,83311.0,0.0,83311.0,83311.0,2.0,0.0,0.0
2026-03-30 20:02:28,170,2.671873e+06,244268.0,5471.0,0.0,0.0,0.0,4231.0,384.0,9.0,9.10336e+07,9.416704e+08,901.34,21.0,83411.0,0.0,83411.0,83411.0,2.0,0.0,0.0
2026-03-30 20:02:40,170,2.674603e+06,244936.0,5471.0,0.0,0.0,0.0,4235.0,385.0,9.0,9.10336e+07,9.416704e+08,902.48,21.0,83510.0,0.0,83510.0,83510.0,2.0,0.0,0.0
2026-03-30 20:02:53,170,2.67803e+06,244936.0,5471.0,0.0,0.0,0.0,4240.0,385.0,9.0,9.10336e+07,9.416704e+08,903.6099999999999,21.0,83610.0,0.0,83610.0,83610.0,2.0,0.0,0.0
2026-03-30 20:03:05,170,2.681428e+06,244936.0,5471.0,0.0,0.0,0.0,4245.0,385.0,9.0,9.10336e+07,9.416704e+08,904.8299999999999,23.0,83711.0,0.0,83710.0,83710.0,2.0,0.0,0.0
2026-03-30 20:03:17,170,2.684715e+06,245604.0,5471.0,0.0,0.0,0.0,4250.0,386.0,9.0,9.10336e+07,9.416704e+08,905.97,21.0,83810.0,0.0,83810.0,83810.0,2.0,0.0,0.0
2026-03-30 20:03:30,171,2.688142e+06,245604.0,5471.0,0.0,0.0,0.0,4255.0,386.0,9.0,9.10336e+07,9.416704e+08,907.1800000000001,21.0,83911.0,0.0,83911.0,83911.0,2.0,0.0,0.0
2026-03-30 20:03:42,171,2.690872e+06,246272.0,5471.0,0.0,0.0,0.0,4259.0,387.0,9.0,9.10336e+07,9.416704e+08,908.2900000000001,23.0,84011.0,0.0,84010.0,84010.0,2.0,0.0,0.0
2026-03-30 20:03:54,171,2.694299e+06,246272.0,5471.0,0.0,0.0,0.0,4264.0,387.0,9.0,9.10336e+07,9.416704e+08,909.43,21.0,84109.0,0.0,84109.0,84109.0,2.0,0.0,0.0
2026-03-30 20:04:07,171,2.696997e+06,246969.0,5471.0,0.0,0.0,0.0,4268.0,388.0,9.0,9.10336e+07,9.416704e+08,910.62,21.0,84212.0,0.0,84212.0,84212.0,2.0,0.0,0.0
2026-03-30 20:04:20,171,2.700395e+06,246969.0,5471.0,0.0,0.0,0.0,4273.0,388.0,9.0,9.10336e+07,9.416704e+08,911.8100000000001,21.0,84312.0,0.0,84312.0,84312.0,2.0,0.0,0.0
2026-03-30 20:04:32,172,2.704385e+06,246969.0,5471.0,0.0,0.0,0.0,4279.0,388.0,9.0,9.10336e+07,9.416704e+08,912.8399999999999,23.0,84413.0,0.0,84412.0,84412.0,2.0,0.0,0.0
2026-03-30 20:04:44,172,2.707115e+06,247666.0,5471.0,0.0,0.0,0.0,4283.0,389.0,9.0,9.10336e+07,9.416704e+08,913.9499999999999,21.0,84512.0,0.0,84512.0,84512.0,2.0,0.0,0.0
2026-03-30 20:04:57,172,2.710513e+06,247666.0,5471.0,0.0,0.0,0.0,4288.0,389.0,9.0,9.10336e+07,9.416704e+08,915.03,21.0,84613.0,0.0,84613.0,84613.0,2.0,0.0,0.0
2026-03-30 20:05:09,172,2.713243e+06,248363.0,5471.0,0.0,0.0,0.0,4292.0,390.0,9.0,9.10336e+07,9.416704e+08,916.0799999999999,22.0,84713.0,0.0,84712.0,84712.0,2.0,0.0,0.0
2026-03-30 20:05:22,172,2.716641e+06,248363.0,5471.0,0.0,0.0,0.0,4297.0,390.0,9.0,9.10336e+07,9.416704e+08,917.22,21.0,84813.0,0.0,84813.0,84813.0,2.0,0.0,0.0
2026-03-30 20:05:34,173,2.719371e+06,249060.0,5471.0,0.0,0.0,0.0,4301.0,391.0,9.0,9.10336e+07,9.416704e+08,918.35,21.0,84914.0,0.0,84914.0,84914.0,2.0,0.0,0.0
2026-03-30 20:05:46,173,2.723364e+06,249060.0,5471.0,0.0,0.0,0.0,4307.0,391.0,9.0,9.10336e+07,9.416704e+08,919.53,21.0,85013.0,0.0,85013.0,85013.0,2.0,0.0,0.0
2026-03-30 20:05:58,173,2.726791e+06,249060.0,5471.0,0.0,0.0,0.0,4312.0,391.0,9.0,9.10336e+07,9.416704e+08,920.63,23.0,85112.0,0.0,85111.0,85111.0,2.0,0.0,0.0
2026-03-30 20:06:11,173,2.729521e+06,249728.0,5471.0,0.0,0.0,0.0,4316.0,392.0,9.0,9.10336e+07,9.416704e+08,921.75,21.0,85212.0,0.0,85212.0,85212.0,2.0,0.0,0.0
2026-03-30 20:06:23,173,2.732948e+06,249728.0,5471.0,0.0,0.0,0.0,4321.0,392.0,9.0,9.10336e+07,9.416704e+08,922.8000000000001,22.0,85311.0,0.0,85310.0,85310.0,2.0,0.0,0.0
2026-03-30 20:06:35,174,2.735678e+06,250396.0,5471.0,0.0,0.0,0.0,4325.0,393.0,9.0,9.10336e+07,9.416704e+08,923.88,21.0,85411.0,0.0,85411.0,85411.0,2.0,0.0,0.0
2026-03-30 20:06:48,174,2.739105e+06,250396.0,5471.0,0.0,0.0,0.0,4330.0,393.0,9.0,9.10336e+07,9.416704e+08,924.99,23.0,85511.0,0.0,85510.0,85510.0,2.0,0.0,0.0
2026-03-30 20:07:00,174,2.742226e+06,251093.0,5471.0,0.0,0.0,0.0,4335.0,394.0,9.0,9.10336e+07,9.416704e+08,926.07,22.0,85610.0,0.0,85609.0,85609.0,2.0,0.0,0.0
2026-03-30 20:07:12,174,2.745653e+06,251093.0,5471.0,0.0,0.0,0.0,4340.0,394.0,9.0,9.10336e+07,9.416704e+08,927.19,21.0,85710.0,0.0,85710.0,85710.0,2.0,0.0,0.0
2026-03-30 20:07:24,174,2.749051e+06,251093.0,5471.0,0.0,0.0,0.0,4345.0,394.0,9.0,9.10336e+07,9.416704e+08,928.4599999999999,23.0,85810.0,0.0,85809.0,85809.0,2.0,0.0,0.0
2026-03-30 20:07:37,175,2.751781e+06,251790.0,5471.0,0.0,0.0,0.0,4349.0,395.0,9.0,9.10336e+07,9.416704e+08,929.62,21.0,85909.0,0.0,85909.0,85909.0,2.0,0.0,0.0
2026-03-30 20:07:49,175,2.755179e+06,251790.0,5471.0,0.0,0.0,0.0,4354.0,395.0,9.0,9.10336e+07,9.416704e+08,930.69,21.0,86010.0,0.0,86010.0,86010.0,2.0,0.0,0.0
2026-03-30 20:08:01,175,2.757909e+06,252487.0,5471.0,0.0,0.0,0.0,4358.0,396.0,9.0,9.10336e+07,9.416704e+08,931.8399999999999,21.0,86110.0,0.0,86110.0,86110.0,2.0,0.0,0.0
2026-03-30 20:08:14,175,2.761307e+06,252487.0,5471.0,0.0,0.0,0.0,4363.0,396.0,9.0,9.10336e+07,9.416704e+08,933.08,21.0,86211.0,0.0,86211.0,86211.0,2.0,0.0,0.0
2026-03-30 20:08:26,176,2.764635e+06,253184.0,5471.0,0.0,0.0,0.0,4368.0,397.0,9.0,9.10336e+07,9.416704e+08,934.25,21.0,86311.0,0.0,86311.0,86311.0,2.0,0.0,0.0
2026-03-30 20:08:38,176,2.768062e+06,253184.0,5471.0,0.0,0.0,0.0,4373.0,397.0,9.0,9.10336e+07,9.416704e+08,935.3399999999999,21.0,86411.0,0.0,86411.0,86411.0,2.0,0.0,0.0
2026-03-30 20:08:50,176,2.77146e+06,253184.0,5471.0,0.0,0.0,0.0,4378.0,397.0,9.0,9.10336e+07,9.416704e+08,936.49,23.0,86511.0,0.0,86510.0,86510.0,2.0,0.0,0.0
2026-03-30 20:09:03,176,2.773627e+06,253881.0,6139.0,0.0,0.0,0.0,4382.0,398.0,10.0,9.10336e+07,9.416704e+08,937.62,21.0,86611.0,0.0,86611.0,86611.0,2.0,0.0,0.0
2026-03-30 20:09:15,176,2.777197e+06,253881.0,6139.0,0.0,0.0,0.0,4388.0,398.0,10.0,9.10336e+07,9.416704e+08,938.7800000000001,21.0,86711.0,0.0,86711.0,86711.0,2.0,0.0,0.0
2026-03-30 20:09:27,177,2.780172e+06,254476.0,6139.0,0.0,0.0,0.0,4393.0,399.0,10.0,9.10336e+07,9.416704e+08,939.8399999999999,23.0,86809.0,0.0,86808.0,86808.0,2.0,0.0,0.0
2026-03-30 20:09:40,177,2.783147e+06,254476.0,6139.0,0.0,0.0,0.0,4398.0,399.0,10.0,9.10336e+07,9.416704e+08,941.02,21.0,86909.0,0.0,86909.0,86909.0,2.0,0.0,0.0
2026-03-30 20:09:52,177,2.786087e+06,255071.0,6139.0,0.0,0.0,0.0,4403.0,400.0,10.0,9.10336e+07,9.416704e+08,942.13,21.0,87009.0,0.0,87009.0,87009.0,2.0,0.0,0.0
2026-03-30 20:10:04,177,2.789797e+06,255071.0,6139.0,0.0,0.0,0.0,4409.0,400.0,10.0,9.10336e+07,9.416704e+08,943.1700000000001,21.0,87108.0,0.0,87108.0,87108.0,2.0,0.0,0.0
2026-03-30 20:10:16,177,2.792457e+06,255736.0,6139.0,0.0,0.0,0.0,4413.0,401.0,10.0,9.10336e+07,9.416704e+08,944.3399999999999,23.0,87209.0,0.0,87208.0,87208.0,2.0,0.0,0.0
2026-03-30 20:10:29,178,2.796272e+06,255736.0,6139.0,0.0,0.0,0.0,4419.0,401.0,10.0,9.10336e+07,9.416704e+08,945.45,22.0,87311.0,0.0,87310.0,87310.0,2.0,0.0,0.0
2026-03-30 20:10:41,178,2.798932e+06,256401.0,6139.0,0.0,0.0,0.0,4423.0,402.0,10.0,9.10336e+07,9.416704e+08,946.69,23.0,87414.0,0.0,87413.0,87413.0,2.0,0.0,0.0
2026-03-30 20:10:54,178,2.802782e+06,256401.0,6139.0,0.0,0.0,0.0,4429.0,402.0,10.0,9.10336e+07,9.416704e+08,947.76,21.0,87513.0,0.0,87513.0,87513.0,2.0,0.0,0.0
2026-03-30 20:11:06,178,2.805442e+06,257066.0,6139.0,0.0,0.0,0.0,4433.0,403.0,10.0,9.10336e+07,9.416704e+08,948.8,22.0,87612.0,0.0,87611.0,87611.0,2.0,0.0,0.0
2026-03-30 20:11:18,178,2.808767e+06,257066.0,6139.0,0.0,0.0,0.0,4438.0,403.0,10.0,9.10336e+07,9.416704e+08,949.9300000000001,21.0,87712.0,0.0,87712.0,87712.0,2.0,0.0,0.0
2026-03-30 20:11:31,179,2.812757e+06,257066.0,6139.0,0.0,0.0,0.0,4444.0,403.0,10.0,9.10336e+07,9.416704e+08,951.1300000000001,21.0,87814.0,0.0,87814.0,87814.0,2.0,0.0,0.0
2026-03-30 20:11:43,179,2.815417e+06,257731.0,6139.0,0.0,0.0,0.0,4448.0,404.0,10.0,9.10336e+07,9.416704e+08,952.23,21.0,87914.0,0.0,87914.0,87914.0,2.0,0.0,0.0
2026-03-30 20:11:56,179,2.818742e+06,257731.0,6139.0,0.0,0.0,0.0,4453.0,404.0,10.0,9.10336e+07,9.416704e+08,953.34,23.0,88014.0,0.0,88013.0,88013.0,2.0,0.0,0.0
2026-03-30 20:12:08,179,2.821402e+06,258361.0,6139.0,0.0,0.0,0.0,4457.0,405.0,10.0,9.10336e+07,9.416704e+08,954.51,21.0,88113.0,0.0,88113.0,88113.0,2.0,0.0,0.0
2026-03-30 20:12:20,179,2.825287e+06,258361.0,6139.0,0.0,0.0,0.0,4463.0,405.0,10.0,9.10336e+07,9.416704e+08,955.63,21.0,88213.0,0.0,88213.0,88213.0,2.0,0.0,0.0
2026-03-30 20:12:32,180,2.827947e+06,259026.0,6139.0,0.0,0.0,0.0,4467.0,406.0,10.0,9.10336e+07,9.416704e+08,956.76,21.0,88312.0,0.0,88312.0,88312.0,2.0,0.0,0.0
2026-03-30 20:12:45,180,2.831272e+06,259026.0,6139.0,0.0,0.0,0.0,4472.0,406.0,10.0,9.10336e+07,9.416704e+08,957.8100000000001,21.0,88411.0,0.0,88411.0,88411.0,2.0,0.0,0.0
2026-03-30 20:12:57,180,2.834597e+06,259026.0,6139.0,0.0,0.0,0.0,4477.0,406.0,10.0,9.10336e+07,9.416704e+08,958.8900000000001,21.0,88511.0,0.0,88511.0,88511.0,2.0,0.0,0.0
2026-03-30 20:13:09,180,2.837324e+06,259659.0,6139.0,0.0,0.0,0.0,4481.0,407.0,10.0,9.10336e+07,9.416704e+08,959.93,21.0,88608.0,0.0,88608.0,88608.0,2.0,0.0,0.0
2026-03-30 20:13:21,180,2.841419e+06,259659.0,6139.0,0.0,0.0,0.0,4487.0,407.0,10.0,9.10336e+07,9.416704e+08,961.0799999999999,21.0,88707.0,0.0,88707.0,88707.0,2.0,0.0,0.0
2026-03-30 20:13:33,181,2.841419e+06,259659.0,6139.0,0.0,0.0,0.0,4487.0,407.0,10.0,9.10336e+07,9.416704e+08,961.29,21.0,88725.0,0.0,88725.0,88725.0,2.0,0.0,0.0
2026-03-30 20:13:45,181,2.844817e+06,260324.0,6139.0,0.0,0.0,0.0,4492.0,408.0,10.0,9.10336e+07,9.416704e+08,962.34,21.0,88824.0,0.0,88824.0,88824.0,2.0,0.0,0.0
2026-03-30 20:13:58,181,2.848244e+06,260324.0,6139.0,0.0,0.0,0.0,4497.0,408.0,10.0,9.10336e+07,9.416704e+08,963.4200000000001,23.0,88925.0,0.0,88924.0,88924.0,2.0,0.0,0.0
2026-03-30 20:14:10,181,2.850974e+06,260992.0,6139.0,0.0,0.0,0.0,4501.0,409.0,10.0,9.10336e+07,9.416704e+08,964.56,21.0,89025.0,0.0,89025.0,89025.0,2.0,0.0,0.0
2026-03-30 20:14:23,181,2.854401e+06,260992.0,6139.0,0.0,0.0,0.0,4506.0,409.0,10.0,9.10336e+07,9.416704e+08,965.73,21.0,89126.0,0.0,89126.0,89126.0,2.0,0.0,0.0
2026-03-30 20:14:35,182,2.857131e+06,261660.0,6139.0,0.0,0.0,0.0,4510.0,410.0,10.0,9.10336e+07,9.416704e+08,966.8100000000001,21.0,89224.0,0.0,89224.0,89224.0,2.0,0.0,0.0
2026-03-30 20:14:48,182,2.860558e+06,261660.0,6139.0,0.0,0.0,0.0,4515.0,410.0,10.0,9.10336e+07,9.416704e+08,967.9100000000001,23.0,89325.0,0.0,89324.0,89324.0,2.0,0.0,0.0
2026-03-30 20:15:00,182,2.864481e+06,261660.0,6139.0,0.0,0.0,0.0,4521.0,410.0,10.0,9.10336e+07,9.416704e+08,969.05,23.0,89426.0,0.0,89425.0,89425.0,2.0,0.0,0.0
2026-03-30 20:15:13,182,2.867211e+06,262357.0,6139.0,0.0,0.0,0.0,4525.0,411.0,10.0,9.10336e+07,9.416704e+08,970.1,21.0,89525.0,0.0,89525.0,89525.0,2.0,0.0,0.0
2026-03-30 20:15:25,183,2.870609e+06,262357.0,6139.0,0.0,0.0,0.0,4530.0,411.0,10.0,9.10336e+07,9.416704e+08,971.1800000000001,21.0,89623.0,0.0,89623.0,89623.0,2.0,0.0,0.0
2026-03-30 20:15:37,183,2.873339e+06,263054.0,6139.0,0.0,0.0,0.0,4534.0,412.0,10.0,9.10336e+07,9.416704e+08,972.24,21.0,89720.0,0.0,89720.0,89720.0,2.0,0.0,0.0
2026-03-30 20:15:49,183,2.876737e+06,263054.0,6139.0,0.0,0.0,0.0,4539.0,412.0,10.0,9.10336e+07,9.416704e+08,973.36,21.0,89821.0,0.0,89821.0,89821.0,2.0,0.0,0.0
2026-03-30 20:16:02,183,2.879467e+06,263751.0,6139.0,0.0,0.0,0.0,4543.0,413.0,10.0,9.10336e+07,9.416704e+08,974.46,21.0,89920.0,0.0,89920.0,89920.0,2.0,0.0,0.0
2026-03-30 20:16:14,183,2.882865e+06,263751.0,6139.0,0.0,0.0,0.0,4548.0,413.0,10.0,9.10336e+07,9.416704e+08,975.67,21.0,90021.0,0.0,90021.0,90021.0,2.0,0.0,0.0
2026-03-30 20:16:27,184,2.886292e+06,263751.0,6139.0,0.0,0.0,0.0,4553.0,413.0,10.0,9.10336e+07,9.416704e+08,976.85,21.0,90120.0,0.0,90120.0,90120.0,2.0,0.0,0.0
2026-03-30 20:16:39,184,2.888993e+06,264448.0,6139.0,0.0,0.0,0.0,4557.0,414.0,10.0,9.10336e+07,9.416704e+08,977.92,21.0,90219.0,0.0,90219.0,90219.0,2.0,0.0,0.0
2026-03-30 20:16:51,184,2.892983e+06,264448.0,6139.0,0.0,0.0,0.0,4563.0,414.0,10.0,9.10336e+07,9.416704e+08,979.09,21.0,90317.0,0.0,90317.0,90317.0,2.0,0.0,0.0
2026-03-30 20:17:03,184,2.895713e+06,265145.0,6139.0,0.0,0.0,0.0,4567.0,415.0,10.0,9.10336e+07,9.416704e+08,980.1500000000001,23.0,90416.0,0.0,90415.0,90415.0,2.0,0.0,0.0
2026-03-30 20:17:16,184,2.899038e+06,265145.0,6139.0,0.0,0.0,0.0,4572.0,415.0,10.0,9.10336e+07,9.416704e+08,981.25,23.0,90516.0,0.0,90515.0,90515.0,2.0,0.0,0.0
2026-03-30 20:17:28,185,2.901768e+06,265813.0,6139.0,0.0,0.0,0.0,4576.0,416.0,10.0,9.10336e+07,9.416704e+08,982.35,21.0,90614.0,0.0,90614.0,90614.0,2.0,0.0,0.0
2026-03-30 20:17:40,185,2.905195e+06,265813.0,6139.0,0.0,0.0,0.0,4581.0,416.0,10.0,9.10336e+07,9.416704e+08,983.41,23.0,90714.0,0.0,90713.0,90713.0,2.0,0.0,0.0
2026-03-30 20:17:52,185,2.908593e+06,265813.0,6139.0,0.0,0.0,0.0,4586.0,416.0,10.0,9.10336e+07,9.416704e+08,984.5,21.0,90812.0,0.0,90812.0,90812.0,2.0,0.0,0.0
2026-03-30 20:18:05,185,2.911352e+06,266481.0,6139.0,0.0,0.0,0.0,4590.0,417.0,10.0,9.10336e+07,9.416704e+08,985.54,21.0,90912.0,0.0,90912.0,90912.0,2.0,0.0,0.0
2026-03-30 20:18:17,185,2.91475e+06,266481.0,6139.0,0.0,0.0,0.0,4595.0,417.0,10.0,9.0902528e+07,9.416704e+08,986.64,21.0,91014.0,0.0,91014.0,91014.0,2.0,0.0,0.0
2026-03-30 20:18:29,186,2.918107e+06,267149.0,6139.0,0.0,0.0,0.0,4600.0,418.0,10.0,9.0902528e+07,9.416704e+08,987.8000000000001,21.0,91114.0,0.0,91114.0,91114.0,2.0,0.0,0.0
2026-03-30 20:18:42,186,2.921534e+06,267149.0,6139.0,0.0,0.0,0.0,4605.0,418.0,10.0,9.0902528e+07,9.416704e+08,988.9499999999999,21.0,91214.0,0.0,91214.0,91214.0,2.0,0.0,0.0
2026-03-30 20:18:54,186,2.924264e+06,267817.0,6139.0,0.0,0.0,0.0,4609.0,419.0,10.0,9.0902528e+07,9.416704e+08,990.1,21.0,91315.0,0.0,91315.0,91315.0,2.0,0.0,0.0
2026-03-30 20:19:07,186,2.927691e+06,267817.0,6139.0,0.0,0.0,0.0,4614.0,419.0,10.0,9.0902528e+07,9.416704e+08,991.28,23.0,91419.0,0.0,91418.0,91418.0,2.0,0.0,0.0
2026-03-30 20:19:19,186,2.931614e+06,267817.0,6139.0,0.0,0.0,0.0,4620.0,419.0,10.0,9.0902528e+07,9.416704e+08,992.4000000000001,21.0,91519.0,0.0,91519.0,91519.0,2.0,0.0,0.0
2026-03-30 20:19:31,187,2.934344e+06,268514.0,6139.0,0.0,0.0,0.0,4624.0,420.0,10.0,9.0902528e+07,9.416704e+08,993.52,21.0,91617.0,0.0,91617.0,91617.0,2.0,0.0,0.0
2026-03-30 20:19:44,187,2.937742e+06,268514.0,6139.0,0.0,0.0,0.0,4629.0,420.0,10.0,9.0902528e+07,9.416704e+08,994.66,21.0,91717.0,0.0,91717.0,91717.0,2.0,0.0,0.0
2026-03-30 20:19:56,187,2.940472e+06,269211.0,6139.0,0.0,0.0,0.0,4633.0,421.0,10.0,9.0902528e+07,9.416704e+08,995.6700000000001,22.0,91817.0,0.0,91816.0,91816.0,2.0,0.0,0.0
2026-03-30 20:20:08,187,2.94387e+06,269211.0,6139.0,0.0,0.0,0.0,4638.0,421.0,10.0,9.0902528e+07,9.416704e+08,996.68,21.0,91916.0,0.0,91916.0,91916.0,2.0,0.0,0.0
2026-03-30 20:20:21,187,2.9466e+06,269908.0,6139.0,0.0,0.0,0.0,4642.0,422.0,10.0,9.0902528e+07,9.416704e+08,997.75,23.0,92016.0,0.0,92015.0,92015.0,2.0,0.0,0.0
2026-03-30 20:20:33,188,2.950418e+06,269908.0,6139.0,0.0,0.0,0.0,4648.0,422.0,10.0,9.0902528e+07,9.416704e+08,998.84,21.0,92116.0,0.0,92116.0,92116.0,2.0,0.0,0.0
2026-03-30 20:20:45,188,2.953845e+06,269908.0,6139.0,0.0,0.0,0.0,4653.0,422.0,10.0,9.0902528e+07,9.416704e+08,999.92,21.0,92216.0,0.0,92216.0,92216.0,2.0,0.0,0.0
2026-03-30 20:20:58,188,2.956575e+06,270576.0,6139.0,0.0,0.0,0.0,4657.0,423.0,10.0,9.0902528e+07,9.416704e+08,1001.02,21.0,92316.0,0.0,92316.0,92316.0,2.0,0.0,0.0
2026-03-30 20:21:10,188,2.9599e+06,270576.0,6139.0,0.0,0.0,0.0,4662.0,423.0,10.0,9.0902528e+07,9.416704e+08,1002.1700000000001,21.0,92415.0,0.0,92415.0,92415.0,2.0,0.0,0.0
2026-03-30 20:21:22,188,2.962627e+06,271244.0,6139.0,0.0,0.0,0.0,4666.0,424.0,10.0,9.0902528e+07,9.416704e+08,1003.2,21.0,92515.0,0.0,92515.0,92515.0,2.0,0.0,0.0
2026-03-30 20:21:34,189,2.966054e+06,271244.0,6139.0,0.0,0.0,0.0,4671.0,424.0,10.0,9.0902528e+07,9.416704e+08,1004.31,21.0,92615.0,0.0,92615.0,92615.0,2.0,0.0,0.0
2026-03-30 20:21:47,189,2.96935e+06,271941.0,6139.0,0.0,0.0,0.0,4676.0,425.0,10.0,9.0902528e+07,9.416704e+08,1005.48,21.0,92716.0,0.0,92716.0,92716.0,2.0,0.0,0.0
2026-03-30 20:21:59,189,2.972777e+06,271941.0,6139.0,0.0,0.0,0.0,4681.0,425.0,10.0,9.0902528e+07,9.416704e+08,1006.57,21.0,92814.0,0.0,92814.0,92814.0,2.0,0.0,0.0
2026-03-30 20:22:11,189,2.976175e+06,271941.0,6139.0,0.0,0.0,0.0,4686.0,425.0,10.0,9.0902528e+07,9.416704e+08,1007.5899999999999,21.0,92916.0,0.0,92916.0,92916.0,2.0,0.0,0.0
2026-03-30 20:22:24,189,2.978905e+06,272638.0,6139.0,0.0,0.0,0.0,4690.0,426.0,10.0,9.0902528e+07,9.416704e+08,1008.6999999999999,22.0,93014.0,0.0,93013.0,93013.0,2.0,0.0,0.0
2026-03-30 20:22:36,190,2.982303e+06,272638.0,6139.0,0.0,0.0,0.0,4695.0,426.0,10.0,9.0902528e+07,9.416704e+08,1009.84,21.0,93115.0,0.0,93115.0,93115.0,2.0,0.0,0.0
2026-03-30 20:22:48,190,2.985033e+06,273335.0,6139.0,0.0,0.0,0.0,4699.0,427.0,10.0,9.0902528e+07,9.416704e+08,1011.01,21.0,93214.0,0.0,93214.0,93214.0,2.0,0.0,0.0
2026-03-30 20:23:00,190,2.988431e+06,273335.0,6139.0,0.0,0.0,0.0,4704.0,427.0,10.0,9.0902528e+07,9.416704e+08,1012.0699999999999,21.0,93314.0,0.0,93314.0,93314.0,2.0,0.0,0.0
2026-03-30 20:23:13,190,2.991721e+06,273965.0,6139.0,0.0,0.0,0.0,4709.0,428.0,10.0,9.0902528e+07,9.416704e+08,1013.1899999999999,23.0,93414.0,0.0,93414.0,93414.0,2.0,0.0,0.0
2026-03-30 20:23:25,191,2.995148e+06,273965.0,6139.0,0.0,0.0,0.0,4714.0,428.0,10.0,9.0902528e+07,9.416704e+08,1014.32,23.0,93513.0,0.0,93512.0,93512.0,2.0,0.0,0.0
2026-03-30 20:23:37,191,2.998546e+06,273965.0,6139.0,0.0,0.0,0.0,4719.0,428.0,10.0,9.0902528e+07,9.416704e+08,1015.4200000000001,21.0,93612.0,0.0,93612.0,93612.0,2.0,0.0,0.0
2026-03-30 20:23:49,191,3.001276e+06,274662.0,6139.0,0.0,0.0,0.0,4723.0,429.0,10.0,9.0902528e+07,9.416704e+08,1016.53,21.0,93712.0,0.0,93712.0,93712.0,2.0,0.0,0.0
2026-03-30 20:24:02,191,3.004674e+06,274662.0,6139.0,0.0,0.0,0.0,4728.0,429.0,10.0,9.0902528e+07,9.416704e+08,1017.62,21.0,93812.0,0.0,93812.0,93812.0,2.0,0.0,0.0
2026-03-30 20:24:14,191,3.007404e+06,275359.0,6139.0,0.0,0.0,0.0,4732.0,430.0,10.0,9.0902528e+07,9.416704e+08,1018.8000000000001,21.0,93912.0,0.0,93912.0,93912.0,2.0,0.0,0.0
2026-03-30 20:24:26,192,3.010802e+06,275359.0,6139.0,0.0,0.0,0.0,4737.0,430.0,10.0,9.0902528e+07,9.416704e+08,1019.9200000000001,21.0,94010.0,0.0,94010.0,94010.0,2.0,0.0,0.0
2026-03-30 20:24:38,192,3.01406e+06,276056.0,6139.0,0.0,0.0,0.0,4742.0,431.0,10.0,9.0902528e+07,9.416704e+08,1020.99,23.0,94110.0,0.0,94109.0,94109.0,2.0,0.0,0.0
2026-03-30 20:24:51,192,3.017487e+06,276056.0,6139.0,0.0,0.0,0.0,4747.0,431.0,10.0,9.0902528e+07,9.416704e+08,1022.1,21.0,94210.0,0.0,94210.0,94210.0,2.0,0.0,0.0
2026-03-30 20:25:03,192,3.020885e+06,276056.0,6139.0,0.0,0.0,0.0,4752.0,431.0,10.0,9.0902528e+07,9.416704e+08,1023.22,21.0,94309.0,0.0,94309.0,94309.0,2.0,0.0,0.0
2026-03-30 20:25:15,192,3.023615e+06,276753.0,6139.0,0.0,0.0,0.0,4756.0,432.0,10.0,9.0902528e+07,9.416704e+08,1024.38,21.0,94410.0,0.0,94410.0,94410.0,2.0,0.0,0.0
2026-03-30 20:25:27,193,3.027013e+06,276753.0,6139.0,0.0,0.0,0.0,4761.0,432.0,10.0,9.0902528e+07,9.416704e+08,1025.45,21.0,94510.0,0.0,94510.0,94510.0,2.0,0.0,0.0
2026-03-30 20:25:40,193,3.029743e+06,277450.0,6139.0,0.0,0.0,0.0,4765.0,433.0,10.0,9.0902528e+07,9.416704e+08,1026.53,21.0,94609.0,0.0,94609.0,94609.0,2.0,0.0,0.0
2026-03-30 20:25:52,193,3.033141e+06,277450.0,6139.0,0.0,0.0,0.0,4770.0,433.0,10.0,9.0902528e+07,9.416704e+08,1027.69,23.0,94710.0,0.0,94709.0,94709.0,2.0,0.0,0.0
2026-03-30 20:26:04,193,3.036469e+06,278147.0,6139.0,0.0,0.0,0.0,4775.0,434.0,10.0,9.0902528e+07,9.416704e+08,1028.87,23.0,94810.0,0.0,94809.0,94809.0,2.0,0.0,0.0
2026-03-30 20:26:16,193,3.039896e+06,278147.0,6139.0,0.0,0.0,0.0,4780.0,434.0,10.0,9.0902528e+07,9.416704e+08,1029.95,21.0,94909.0,0.0,94909.0,94909.0,2.0,0.0,0.0
2026-03-30 20:26:29,194,3.043294e+06,278147.0,6139.0,0.0,0.0,0.0,4785.0,434.0,10.0,9.0902528e+07,9.416704e+08,1031.08,21.0,95008.0,0.0,95008.0,95008.0,2.0,0.0,0.0
2026-03-30 20:26:41,194,3.046024e+06,278844.0,6139.0,0.0,0.0,0.0,4789.0,435.0,10.0,9.0902528e+07,9.416704e+08,1032.19,21.0,95107.0,0.0,95107.0,95107.0,2.0,0.0,0.0
2026-03-30 20:26:53,194,3.049422e+06,278844.0,6139.0,0.0,0.0,0.0,4794.0,435.0,10.0,9.0902528e+07,9.416704e+08,1033.29,23.0,95207.0,0.0,95206.0,95206.0,2.0,0.0,0.0
2026-03-30 20:27:06,194,3.052152e+06,279541.0,6139.0,0.0,0.0,0.0,4798.0,436.0,10.0,9.0902528e+07,9.416704e+08,1034.37,21.0,95307.0,0.0,95307.0,95307.0,2.0,0.0,0.0
2026-03-30 20:27:18,194,3.05555e+06,279541.0,6139.0,0.0,0.0,0.0,4803.0,436.0,10.0,9.0902528e+07,9.416704e+08,1035.46,23.0,95406.0,0.0,95405.0,95405.0,2.0,0.0,0.0
2026-03-30 20:27:30,195,3.058738e+06,280238.0,6139.0,0.0,0.0,0.0,4808.0,437.0,10.0,9.0902528e+07,9.416704e+08,1036.52,21.0,95504.0,0.0,95504.0,95504.0,2.0,0.0,0.0
2026-03-30 20:27:43,195,3.062165e+06,280238.0,6139.0,0.0,0.0,0.0,4813.0,437.0,10.0,9.0902528e+07,9.416704e+08,1037.6299999999999,21.0,95603.0,0.0,95603.0,95603.0,2.0,0.0,0.0
2026-03-30 20:27:55,195,3.065563e+06,280238.0,6139.0,0.0,0.0,0.0,4818.0,437.0,10.0,9.0902528e+07,9.416704e+08,1038.67,21.0,95701.0,0.0,95701.0,95701.0,2.0,0.0,0.0
2026-03-30 20:28:07,195,3.068293e+06,280935.0,6139.0,0.0,0.0,0.0,4822.0,438.0,10.0,9.0902528e+07,9.416704e+08,1039.8400000000001,21.0,95802.0,0.0,95802.0,95802.0,2.0,0.0,0.0
2026-03-30 20:28:20,195,3.071548e+06,280935.0,6139.0,0.0,0.0,0.0,4827.0,438.0,10.0,9.0902528e+07,9.416704e+08,1040.97,21.0,95902.0,0.0,95902.0,95902.0,2.0,0.0,0.0
2026-03-30 20:28:32,196,3.074278e+06,281603.0,6139.0,0.0,0.0,0.0,4831.0,439.0,10.0,9.0902528e+07,9.416704e+08,1042.25,23.0,96004.0,0.0,96003.0,96003.0,2.0,0.0,0.0
2026-03-30 20:28:44,196,3.078303e+06,281603.0,6139.0,0.0,0.0,0.0,4837.0,439.0,10.0,9.0902528e+07,9.416704e+08,1043.3,21.0,96103.0,0.0,96103.0,96103.0,2.0,0.0,0.0
2026-03-30 20:28:57,196,3.081062e+06,282271.0,6139.0,0.0,0.0,0.0,4841.0,440.0,10.0,9.0902528e+07,9.416704e+08,1044.3700000000001,21.0,96202.0,0.0,96202.0,96202.0,2.0,0.0,0.0
2026-03-30 20:29:09,196,3.08446e+06,282271.0,6139.0,0.0,0.0,0.0,4846.0,440.0,10.0,9.0902528e+07,9.416704e+08,1045.54,21.0,96302.0,0.0,96302.0,96302.0,2.0,0.0,0.0
2026-03-30 20:29:21,196,3.087887e+06,282271.0,6139.0,0.0,0.0,0.0,4851.0,440.0,10.0,9.0902528e+07,9.416704e+08,1046.6599999999999,21.0,96401.0,0.0,96401.0,96401.0,2.0,0.0,0.0
2026-03-30 20:29:34,197,3.090617e+06,282939.0,6139.0,0.0,0.0,0.0,4855.0,441.0,10.0,9.0902528e+07,9.416704e+08,1047.73,23.0,96502.0,0.0,96501.0,96501.0,2.0,0.0,0.0
2026-03-30 20:29:46,197,3.094044e+06,282939.0,6139.0,0.0,0.0,0.0,4860.0,441.0,10.0,9.0902528e+07,9.416704e+08,1048.83,21.0,96601.0,0.0,96601.0,96601.0,2.0,0.0,0.0
2026-03-30 20:29:58,197,3.096774e+06,283607.0,6139.0,0.0,0.0,0.0,4864.0,442.0,10.0,9.0902528e+07,9.416704e+08,1049.93,23.0,96700.0,0.0,96699.0,96699.0,2.0,0.0,0.0
2026-03-30 20:30:11,197,3.100659e+06,283607.0,6139.0,0.0,0.0,0.0,4870.0,442.0,10.0,9.0902528e+07,9.416704e+08,1051.08,21.0,96800.0,0.0,96800.0,96800.0,2.0,0.0,0.0
2026-03-30 20:30:23,197,3.103418e+06,284275.0,6139.0,0.0,0.0,0.0,4874.0,443.0,10.0,9.0902528e+07,9.416704e+08,1052.22,21.0,96900.0,0.0,96900.0,96900.0,2.0,0.0,0.0
2026-03-30 20:30:35,198,3.106816e+06,284275.0,6139.0,0.0,0.0,0.0,4879.0,443.0,10.0,9.0902528e+07,9.416704e+08,1053.34,21.0,97001.0,0.0,97001.0,97001.0,2.0,0.0,0.0
2026-03-30 20:30:47,198,3.110243e+06,284275.0,6139.0,0.0,0.0,0.0,4884.0,443.0,10.0,9.0902528e+07,9.416704e+08,1054.46,21.0,97101.0,0.0,97101.0,97101.0,2.0,0.0,0.0
2026-03-30 20:31:00,198,3.112973e+06,284943.0,6139.0,0.0,0.0,0.0,4888.0,444.0,10.0,9.0902528e+07,9.416704e+08,1055.59,21.0,97201.0,0.0,97201.0,97201.0,2.0,0.0,0.0
2026-03-30 20:31:12,198,3.1164e+06,284943.0,6139.0,0.0,0.0,0.0,4893.0,444.0,10.0,9.0902528e+07,9.416704e+08,1056.75,22.0,97301.0,0.0,97301.0,97301.0,2.0,0.0,0.0
2026-03-30 20:31:24,198,3.118643e+06,285640.0,6807.0,0.0,0.0,0.0,4897.0,445.0,11.0,9.0902528e+07,9.416704e+08,1057.94,21.0,97401.0,0.0,97401.0,97401.0,2.0,0.0,0.0
2026-03-30 20:31:37,199,3.12221e+06,285640.0,6807.0,0.0,0.0,0.0,4903.0,445.0,11.0,9.0902528e+07,9.416704e+08,1059.03,21.0,97501.0,0.0,97501.0,97501.0,2.0,0.0,0.0
2026-03-30 20:31:49,199,3.125185e+06,286235.0,6807.0,0.0,0.0,0.0,4908.0,446.0,11.0,9.0902528e+07,9.416704e+08,1060.22,21.0,97600.0,0.0,97600.0,97600.0,2.0,0.0,0.0
2026-03-30 20:32:01,199,3.128755e+06,286235.0,6807.0,0.0,0.0,0.0,4914.0,446.0,11.0,9.0902528e+07,9.416704e+08,1061.31,21.0,97700.0,0.0,97700.0,97700.0,2.0,0.0,0.0
2026-03-30 20:32:14,199,3.13173e+06,286830.0,6807.0,0.0,0.0,0.0,4919.0,447.0,11.0,9.0902528e+07,9.416704e+08,1062.47,21.0,97800.0,0.0,97800.0,97800.0,2.0,0.0,0.0
2026-03-30 20:32:26,200,3.134775e+06,286830.0,6807.0,0.0,0.0,0.0,4924.0,447.0,11.0,9.0902528e+07,9.416704e+08,1063.66,21.0,97900.0,0.0,97900.0,97900.0,2.0,0.0,0.0
2026-03-30 20:32:38,200,3.13803e+06,287495.0,6807.0,0.0,0.0,0.0,4929.0,448.0,11.0,9.0902528e+07,9.416704e+08,1064.72,23.0,98000.0,0.0,97999.0,97999.0,2.0,0.0,0.0
2026-03-30 20:32:50,200,3.141355e+06,287495.0,6807.0,0.0,0.0,0.0,4934.0,448.0,11.0,9.0902528e+07,9.416704e+08,1065.87,21.0,98100.0,0.0,98100.0,98100.0,2.0,0.0,0.0
2026-03-30 20:33:03,200,3.14468e+06,287495.0,6807.0,0.0,0.0,0.0,4939.0,448.0,11.0,9.0902528e+07,9.416704e+08,1066.92,21.0,98200.0,0.0,98200.0,98200.0,2.0,0.0,0.0
2026-03-30 20:33:15,200,3.148002e+06,288023.0,6807.0,0.0,0.0,0.0,4944.0,449.0,11.0,9.0902528e+07,9.416704e+08,1068.02,23.0,98300.0,0.0,98299.0,98299.0,2.0,0.0,0.0
2026-03-30 20:33:28,201,3.151292e+06,288023.0,6807.0,0.0,0.0,0.0,4949.0,449.0,11.0,9.0902528e+07,9.416704e+08,1069.2,21.0,98401.0,0.0,98401.0,98401.0,2.0,0.0,0.0
2026-03-30 20:33:40,201,3.154582e+06,288688.0,6807.0,0.0,0.0,0.0,4954.0,450.0,11.0,9.0902528e+07,9.416704e+08,1070.32,23.0,98502.0,0.0,98501.0,98501.0,2.0,0.0,0.0
2026-03-30 20:33:52,201,3.157907e+06,288688.0,6807.0,0.0,0.0,0.0,4959.0,450.0,11.0,9.0902528e+07,9.416704e+08,1071.46,21.0,98602.0,0.0,98602.0,98602.0,2.0,0.0,0.0
2026-03-30 20:34:04,201,3.160567e+06,289353.0,6807.0,0.0,0.0,0.0,4963.0,451.0,11.0,9.0902528e+07,9.416704e+08,1072.53,21.0,98701.0,0.0,98701.0,98701.0,2.0,0.0,0.0
2026-03-30 20:34:17,201,3.163892e+06,289353.0,6807.0,0.0,0.0,0.0,4968.0,451.0,11.0,9.0902528e+07,9.416704e+08,1073.66,21.0,98802.0,0.0,98802.0,98802.0,2.0,0.0,0.0
2026-03-30 20:34:29,202,3.167077e+06,290018.0,6807.0,0.0,0.0,0.0,4973.0,452.0,11.0,9.0902528e+07,9.416704e+08,1074.79,21.0,98905.0,0.0,98905.0,98905.0,2.0,0.0,0.0
2026-03-30 20:34:42,202,3.170402e+06,290018.0,6807.0,0.0,0.0,0.0,4978.0,452.0,11.0,9.0902528e+07,9.416704e+08,1075.96,21.0,99008.0,0.0,99008.0,99008.0,2.0,0.0,0.0
2026-03-30 20:34:55,202,3.173622e+06,290683.0,6807.0,0.0,0.0,0.0,4983.0,453.0,11.0,9.0902528e+07,9.416704e+08,1077.21,21.0,99112.0,0.0,99112.0,99112.0,2.0,0.0,0.0
2026-03-30 20:35:07,202,3.176947e+06,290683.0,6807.0,0.0,0.0,0.0,4988.0,453.0,11.0,9.0902528e+07,9.416704e+08,1078.29,23.0,99211.0,0.0,99210.0,99210.0,2.0,0.0,0.0
2026-03-30 20:35:19,202,3.18066e+06,290683.0,6807.0,0.0,0.0,0.0,4994.0,453.0,11.0,9.0902528e+07,9.416704e+08,1079.36,21.0,99310.0,0.0,99310.0,99310.0,2.0,0.0,0.0
2026-03-30 20:35:31,203,3.183358e+06,291345.0,6807.0,0.0,0.0,0.0,4998.0,454.0,11.0,9.0902528e+07,9.416704e+08,1080.48,21.0,99410.0,0.0,99410.0,99410.0,2.0,0.0,0.0
2026-03-30 20:35:44,203,3.186785e+06,291345.0,6807.0,0.0,0.0,0.0,5003.0,454.0,11.0,9.0902528e+07,9.416704e+08,1081.6599999999999,21.0,99510.0,0.0,99510.0,99510.0,2.0,0.0,0.0
2026-03-30 20:35:56,203,3.189515e+06,292013.0,6807.0,0.0,0.0,0.0,5007.0,455.0,11.0,9.0902528e+07,9.416704e+08,1082.78,23.0,99612.0,0.0,99611.0,99611.0,2.0,0.0,0.0
2026-03-30 20:36:08,203,3.193505e+06,292013.0,6807.0,0.0,0.0,0.0,5013.0,455.0,11.0,9.0902528e+07,9.416704e+08,1083.94,21.0,99712.0,0.0,99712.0,99712.0,2.0,0.0,0.0
2026-03-30 20:36:21,203,3.196264e+06,292681.0,6807.0,0.0,0.0,0.0,5017.0,456.0,11.0,9.0902528e+07,9.416704e+08,1085.02,21.0,99809.0,0.0,99809.0,99809.0,2.0,0.0,0.0
2026-03-30 20:36:33,204,3.199662e+06,292681.0,6807.0,0.0,0.0,0.0,5022.0,456.0,11.0,9.0902528e+07,9.416704e+08,1086.18,21.0,99911.0,0.0,99911.0,99911.0,2.0,0.0,0.0
2026-03-30 20:36:45,204,3.203089e+06,292681.0,6807.0,0.0,0.0,0.0,5027.0,456.0,11.0,9.0902528e+07,9.416704e+08,1087.33,21.0,100011.0,0.0,100011.0,100011.0,2.0,0.0,0.0
2026-03-30 20:36:58,204,3.205819e+06,293349.0,6807.0,0.0,0.0,0.0,5031.0,457.0,11.0,9.0902528e+07,9.416704e+08,1088.41,21.0,100111.0,0.0,100111.0,100111.0,2.0,0.0,0.0
2026-03-30 20:37:10,204,3.209246e+06,293349.0,6807.0,0.0,0.0,0.0,5036.0,457.0,11.0,9.0902528e+07,9.416704e+08,1089.6299999999999,21.0,100213.0,0.0,100213.0,100213.0,2.0,0.0,0.0
2026-03-30 20:37:22,204,3.212507e+06,294046.0,6807.0,0.0,0.0,0.0,5041.0,458.0,11.0,9.0771456e+07,9.416704e+08,1090.75,21.0,100313.0,0.0,100313.0,100313.0,2.0,0.0,0.0
2026-03-30 20:37:35,205,3.215934e+06,294046.0,6807.0,0.0,0.0,0.0,5046.0,458.0,11.0,9.0771456e+07,9.416704e+08,1091.92,21.0,100413.0,0.0,100413.0,100413.0,2.0,0.0,0.0
2026-03-30 20:37:47,205,3.218635e+06,294743.0,6807.0,0.0,0.0,0.0,5050.0,459.0,11.0,9.0771456e+07,9.416704e+08,1093.06,21.0,100513.0,0.0,100513.0,100513.0,2.0,0.0,0.0
2026-03-30 20:37:59,205,3.222062e+06,294743.0,6807.0,0.0,0.0,0.0,5055.0,459.0,11.0,9.0771456e+07,9.416704e+08,1094.12,21.0,100612.0,0.0,100612.0,100612.0,2.0,0.0,0.0
2026-03-30 20:38:11,205,3.22546e+06,294743.0,6807.0,0.0,0.0,0.0,5060.0,459.0,11.0,9.0771456e+07,9.416704e+08,1095.2,21.0,100711.0,0.0,100711.0,100711.0,2.0,0.0,0.0
2026-03-30 20:38:24,205,3.22819e+06,295440.0,6807.0,0.0,0.0,0.0,5064.0,460.0,11.0,9.0771456e+07,9.416704e+08,1096.34,21.0,100812.0,0.0,100812.0,100812.0,2.0,0.0,0.0
2026-03-30 20:38:36,206,3.231588e+06,295440.0,6807.0,0.0,0.0,0.0,5069.0,460.0,11.0,9.0771456e+07,9.416704e+08,1097.4099999999999,21.0,100912.0,0.0,100912.0,100912.0,2.0,0.0,0.0
2026-03-30 20:38:48,206,3.234881e+06,296137.0,6807.0,0.0,0.0,0.0,5074.0,461.0,11.0,9.0771456e+07,9.416704e+08,1098.52,21.0,101010.0,0.0,101010.0,101010.0,2.0,0.0,0.0
2026-03-30 20:39:01,206,3.238308e+06,296137.0,6807.0,0.0,0.0,0.0,5079.0,461.0,11.0,9.0771456e+07,9.416704e+08,1099.6,23.0,101110.0,0.0,101109.0,101109.0,2.0,0.0,0.0
2026-03-30 20:39:13,206,3.241009e+06,296834.0,6807.0,0.0,0.0,0.0,5083.0,462.0,11.0,9.0771456e+07,9.416704e+08,1100.74,21.0,101210.0,0.0,101210.0,101210.0,2.0,0.0,0.0
2026-03-30 20:39:25,207,3.244159e+06,296834.0,6807.0,0.0,0.0,0.0,5088.0,462.0,11.0,9.0771456e+07,9.416704e+08,1101.8700000000001,21.0,101309.0,0.0,101309.0,101309.0,2.0,0.0,0.0
2026-03-30 20:39:38,207,3.247586e+06,296834.0,6807.0,0.0,0.0,0.0,5093.0,462.0,11.0,9.0771456e+07,9.416704e+08,1102.9099999999999,23.0,101409.0,0.0,101408.0,101408.0,2.0,0.0,0.0
2026-03-30 20:39:50,207,3.250981e+06,297429.0,6807.0,0.0,0.0,0.0,5098.0,463.0,11.0,9.0771456e+07,9.416704e+08,1104.06,21.0,101506.0,0.0,101506.0,101506.0,2.0,0.0,0.0
2026-03-30 20:40:02,207,3.254379e+06,297429.0,6807.0,0.0,0.0,0.0,5103.0,463.0,11.0,9.0771456e+07,9.416704e+08,1105.16,23.0,101607.0,0.0,101606.0,101606.0,2.0,0.0,0.0
2026-03-30 20:40:14,207,3.257138e+06,298097.0,6807.0,0.0,0.0,0.0,5107.0,464.0,11.0,9.0771456e+07,9.416704e+08,1106.34,22.0,101708.0,0.0,101707.0,101707.0,2.0,0.0,0.0
2026-03-30 20:40:27,208,3.260536e+06,298097.0,6807.0,0.0,0.0,0.0,5112.0,464.0,11.0,9.0771456e+07,9.416704e+08,1107.51,21.0,101808.0,0.0,101808.0,101808.0,2.0,0.0,0.0
2026-03-30 20:40:39,208,3.263295e+06,298765.0,6807.0,0.0,0.0,0.0,5116.0,465.0,11.0,9.0771456e+07,9.416704e+08,1108.64,21.0,101907.0,0.0,101907.0,101907.0,2.0,0.0,0.0
2026-03-30 20:40:51,208,3.266693e+06,298765.0,6807.0,0.0,0.0,0.0,5121.0,465.0,11.0,9.0771456e+07,9.416704e+08,1109.77,21.0,102008.0,0.0,102008.0,102008.0,2.0,0.0,0.0
2026-03-30 20:41:04,208,3.27012e+06,298765.0,6807.0,0.0,0.0,0.0,5126.0,465.0,11.0,9.0771456e+07,9.416704e+08,1110.7800000000002,21.0,102108.0,0.0,102108.0,102108.0,2.0,0.0,0.0
2026-03-30 20:41:16,208,3.273515e+06,299363.0,6807.0,0.0,0.0,0.0,5131.0,466.0,11.0,9.0771456e+07,9.416704e+08,1111.91,21.0,102207.0,0.0,102207.0,102207.0,2.0,0.0,0.0
2026-03-30 20:41:28,209,3.276837e+06,299363.0,6807.0,0.0,0.0,0.0,5136.0,466.0,11.0,9.0771456e+07,9.416704e+08,1113.09,21.0,102307.0,0.0,102307.0,102307.0,2.0,0.0,0.0
2026-03-30 20:41:40,209,3.279538e+06,300060.0,6807.0,0.0,0.0,0.0,5140.0,467.0,11.0,9.0771456e+07,9.416704e+08,1114.21,23.0,102407.0,0.0,102406.0,102406.0,2.0,0.0,0.0
2026-03-30 20:41:53,209,3.282965e+06,300060.0,6807.0,0.0,0.0,0.0,5145.0,467.0,11.0,9.0771456e+07,9.416704e+08,1115.3,21.0,102507.0,0.0,102507.0,102507.0,2.0,0.0,0.0
2026-03-30 20:42:05,209,3.285666e+06,300757.0,6807.0,0.0,0.0,0.0,5149.0,468.0,11.0,9.0771456e+07,9.416704e+08,1116.37,21.0,102606.0,0.0,102606.0,102606.0,2.0,0.0,0.0
2026-03-30 20:42:17,209,3.289093e+06,300757.0,6807.0,0.0,0.0,0.0,5154.0,468.0,11.0,9.0771456e+07,9.416704e+08,1117.5,21.0,102706.0,0.0,102706.0,102706.0,2.0,0.0,0.0
2026-03-30 20:42:29,210,3.292383e+06,301425.0,6807.0,0.0,0.0,0.0,5159.0,469.0,11.0,9.0771456e+07,9.416704e+08,1118.61,23.0,102807.0,0.0,102806.0,102806.0,2.0,0.0,0.0
2026-03-30 20:42:42,210,3.29581e+06,301425.0,6807.0,0.0,0.0,0.0,5164.0,469.0,11.0,9.0771456e+07,9.416704e+08,1119.75,21.0,102905.0,0.0,102905.0,102905.0,2.0,0.0,0.0
2026-03-30 20:42:54,210,3.299208e+06,301425.0,6807.0,0.0,0.0,0.0,5169.0,469.0,11.0,9.0771456e+07,9.416704e+08,1120.8600000000001,23.0,103005.0,0.0,103004.0,103004.0,2.0,0.0,0.0
2026-03-30 20:43:06,210,3.301967e+06,302093.0,6807.0,0.0,0.0,0.0,5173.0,470.0,11.0,9.0771456e+07,9.416704e+08,1121.95,21.0,103104.0,0.0,103104.0,103104.0,2.0,0.0,0.0
2026-03-30 20:43:19,210,3.305365e+06,302093.0,6807.0,0.0,0.0,0.0,5178.0,470.0,11.0,9.0771456e+07,9.416704e+08,1123.1499999999999,21.0,103204.0,0.0,103204.0,103204.0,2.0,0.0,0.0
2026-03-30 20:43:31,211,3.308124e+06,302761.0,6807.0,0.0,0.0,0.0,5182.0,471.0,11.0,9.0771456e+07,9.416704e+08,1124.27,21.0,103302.0,0.0,103302.0,103302.0,2.0,0.0,0.0
2026-03-30 20:43:43,211,3.308792e+06,302761.0,6807.0,0.0,0.0,0.0,5183.0,471.0,11.0,9.0771456e+07,9.416704e+08,1124.51,21.0,103320.0,0.0,103320.0,103320.0,2.0,0.0,0.0
2026-03-30 20:43:55,211,3.312219e+06,302761.0,6807.0,0.0,0.0,0.0,5188.0,471.0,11.0,9.0771456e+07,9.416704e+08,1125.62,21.0,103421.0,0.0,103421.0,103421.0,2.0,0.0,0.0
2026-03-30 20:44:07,211,3.314949e+06,303429.0,6807.0,0.0,0.0,0.0,5192.0,472.0,11.0,9.0771456e+07,9.416704e+08,1126.6699999999998,23.0,103520.0,0.0,103519.0,103519.0,2.0,0.0,0.0
2026-03-30 20:44:20,211,3.318869e+06,303429.0,6807.0,0.0,0.0,0.0,5198.0,472.0,11.0,9.0771456e+07,9.416704e+08,1127.78,23.0,103618.0,0.0,103617.0,103617.0,2.0,0.0,0.0
2026-03-30 20:44:32,212,3.322296e+06,303429.0,6807.0,0.0,0.0,0.0,5203.0,472.0,11.0,9.0771456e+07,9.416704e+08,1128.83,22.0,103718.0,0.0,103717.0,103717.0,2.0,0.0,0.0
2026-03-30 20:44:44,212,3.325026e+06,304097.0,6807.0,0.0,0.0,0.0,5207.0,473.0,11.0,9.0771456e+07,9.416704e+08,1130.06,21.0,103819.0,0.0,103819.0,103819.0,2.0,0.0,0.0
2026-03-30 20:44:57,212,3.328453e+06,304097.0,6807.0,0.0,0.0,0.0,5212.0,473.0,11.0,9.0771456e+07,9.416704e+08,1131.19,21.0,103922.0,0.0,103922.0,103922.0,2.0,0.0,0.0
2026-03-30 20:45:09,212,3.331183e+06,304765.0,6807.0,0.0,0.0,0.0,5216.0,474.0,11.0,9.0771456e+07,9.416704e+08,1132.3,21.0,104021.0,0.0,104021.0,104021.0,2.0,0.0,0.0
2026-03-30 20:45:22,212,3.33461e+06,304765.0,6807.0,0.0,0.0,0.0,5221.0,474.0,11.0,9.0771456e+07,9.416704e+08,1133.51,23.0,104122.0,0.0,104121.0,104121.0,2.0,0.0,0.0
2026-03-30 20:45:34,213,3.337906e+06,305462.0,6807.0,0.0,0.0,0.0,5226.0,475.0,11.0,9.0771456e+07,9.416704e+08,1134.65,21.0,104221.0,0.0,104221.0,104221.0,2.0,0.0,0.0
2026-03-30 20:45:46,213,3.341333e+06,305462.0,6807.0,0.0,0.0,0.0,5231.0,475.0,11.0,9.0771456e+07,9.416704e+08,1135.82,23.0,104323.0,0.0,104322.0,104322.0,2.0,0.0,0.0
2026-03-30 20:45:59,213,3.344731e+06,305462.0,6807.0,0.0,0.0,0.0,5236.0,475.0,11.0,9.0771456e+07,9.416704e+08,1136.89,21.0,104422.0,0.0,104422.0,104422.0,2.0,0.0,0.0
2026-03-30 20:46:11,213,3.347461e+06,306159.0,6807.0,0.0,0.0,0.0,5240.0,476.0,11.0,9.0771456e+07,9.416704e+08,1138.05,21.0,104523.0,0.0,104523.0,104523.0,2.0,0.0,0.0
2026-03-30 20:46:23,213,3.350859e+06,306159.0,6807.0,0.0,0.0,0.0,5245.0,476.0,11.0,9.0771456e+07,9.416704e+08,1139.12,21.0,104624.0,0.0,104624.0,104624.0,2.0,0.0,0.0
2026-03-30 20:46:36,214,3.353589e+06,306856.0,6807.0,0.0,0.0,0.0,5249.0,477.0,11.0,9.0771456e+07,9.416704e+08,1140.21,21.0,104723.0,0.0,104723.0,104723.0,2.0,0.0,0.0
2026-03-30 20:46:48,214,3.357547e+06,306856.0,6807.0,0.0,0.0,0.0,5255.0,477.0,11.0,9.0771456e+07,9.416704e+08,1141.31,21.0,104822.0,0.0,104822.0,104822.0,2.0,0.0,0.0
2026-03-30 20:47:00,214,3.360306e+06,307524.0,6807.0,0.0,0.0,0.0,5259.0,478.0,11.0,9.0771456e+07,9.416704e+08,1142.4,22.0,104922.0,0.0,104921.0,104921.0,2.0,0.0,0.0
2026-03-30 20:47:13,214,3.363704e+06,307524.0,6807.0,0.0,0.0,0.0,5264.0,478.0,11.0,9.0771456e+07,9.416704e+08,1143.51,21.0,105020.0,0.0,105020.0,105020.0,2.0,0.0,0.0
2026-03-30 20:47:25,215,3.367131e+06,307524.0,6807.0,0.0,0.0,0.0,5269.0,478.0,11.0,9.0771456e+07,9.416704e+08,1144.61,21.0,105120.0,0.0,105120.0,105120.0,2.0,0.0,0.0
2026-03-30 20:47:37,215,3.369861e+06,308192.0,6807.0,0.0,0.0,0.0,5273.0,479.0,11.0,9.0771456e+07,9.416704e+08,1145.7299999999998,21.0,105221.0,0.0,105221.0,105221.0,2.0,0.0,0.0
2026-03-30 20:47:49,215,3.373288e+06,308192.0,6807.0,0.0,0.0,0.0,5278.0,479.0,11.0,9.0771456e+07,9.416704e+08,1146.81,21.0,105320.0,0.0,105320.0,105320.0,2.0,0.0,0.0
2026-03-30 20:48:01,215,3.376018e+06,308860.0,6807.0,0.0,0.0,0.0,5282.0,480.0,11.0,9.0771456e+07,9.416704e+08,1147.8799999999999,21.0,105419.0,0.0,105419.0,105419.0,2.0,0.0,0.0
2026-03-30 20:48:14,215,3.379445e+06,308860.0,6807.0,0.0,0.0,0.0,5287.0,480.0,11.0,9.0771456e+07,9.416704e+08,1148.9899999999998,21.0,105519.0,0.0,105519.0,105519.0,2.0,0.0,0.0
2026-03-30 20:48:26,216,3.382706e+06,309557.0,6807.0,0.0,0.0,0.0,5292.0,481.0,11.0,9.0771456e+07,9.416704e+08,1150.08,21.0,105619.0,0.0,105619.0,105619.0,2.0,0.0,0.0
2026-03-30 20:48:39,216,3.386133e+06,309557.0,6807.0,0.0,0.0,0.0,5297.0,481.0,11.0,9.0771456e+07,9.416704e+08,1151.19,21.0,105722.0,0.0,105722.0,105722.0,2.0,0.0,0.0
2026-03-30 20:48:51,216,3.389531e+06,309557.0,6807.0,0.0,0.0,0.0,5302.0,481.0,11.0,9.0771456e+07,9.416704e+08,1152.2900000000002,21.0,105822.0,0.0,105822.0,105822.0,2.0,0.0,0.0
2026-03-30 20:49:04,216,3.392261e+06,310254.0,6807.0,0.0,0.0,0.0,5306.0,482.0,11.0,9.0771456e+07,9.416704e+08,1153.38,21.0,105921.0,0.0,105921.0,105921.0,2.0,0.0,0.0
2026-03-30 20:49:16,216,3.395659e+06,310254.0,6807.0,0.0,0.0,0.0,5311.0,482.0,11.0,9.0771456e+07,9.416704e+08,1154.51,21.0,106021.0,0.0,106021.0,106021.0,2.0,0.0,0.0
2026-03-30 20:49:28,217,3.398389e+06,310951.0,6807.0,0.0,0.0,0.0,5315.0,483.0,11.0,9.0771456e+07,9.416704e+08,1155.8100000000002,21.0,106121.0,0.0,106121.0,106121.0,2.0,0.0,0.0
2026-03-30 20:49:41,217,3.402382e+06,310951.0,6807.0,0.0,0.0,0.0,5321.0,483.0,11.0,9.0771456e+07,9.416704e+08,1157.09,23.0,106223.0,0.0,106222.0,106222.0,2.0,0.0,0.0
2026-03-30 20:49:53,217,3.405141e+06,311619.0,6807.0,0.0,0.0,0.0,5325.0,484.0,11.0,9.0771456e+07,9.416704e+08,1158.1799999999998,23.0,106321.0,0.0,106320.0,106320.0,2.0,0.0,0.0
2026-03-30 20:50:05,217,3.408539e+06,311619.0,6807.0,0.0,0.0,0.0,5330.0,484.0,11.0,9.0771456e+07,9.416704e+08,1159.21,22.0,106419.0,0.0,106418.0,106418.0,2.0,0.0,0.0
2026-03-30 20:50:18,217,3.411966e+06,311619.0,6807.0,0.0,0.0,0.0,5335.0,484.0,11.0,9.0771456e+07,9.416704e+08,1160.31,23.0,106517.0,0.0,106516.0,106516.0,2.0,0.0,0.0
2026-03-30 20:50:30,218,3.414696e+06,312287.0,6807.0,0.0,0.0,0.0,5339.0,485.0,11.0,9.0771456e+07,9.416704e+08,1161.43,23.0,106619.0,0.0,106618.0,106618.0,2.0,0.0,0.0
2026-03-30 20:50:42,218,3.418123e+06,312287.0,6807.0,0.0,0.0,0.0,5344.0,485.0,11.0,9.0771456e+07,9.416704e+08,1162.56,21.0,106718.0,0.0,106718.0,106718.0,2.0,0.0,0.0
2026-03-30 20:50:55,218,3.420853e+06,312955.0,6807.0,0.0,0.0,0.0,5348.0,486.0,11.0,9.0771456e+07,9.416704e+08,1163.7099999999998,23.0,106820.0,0.0,106819.0,106819.0,2.0,0.0,0.0
2026-03-30 20:51:07,218,3.424843e+06,312955.0,6807.0,0.0,0.0,0.0,5354.0,486.0,11.0,9.0771456e+07,9.416704e+08,1164.8300000000002,21.0,106919.0,0.0,106919.0,106919.0,2.0,0.0,0.0
2026-03-30 20:51:19,218,3.427602e+06,313623.0,6807.0,0.0,0.0,0.0,5358.0,487.0,11.0,9.0771456e+07,9.416704e+08,1165.95,21.0,107018.0,0.0,107018.0,107018.0,2.0,0.0,0.0
2026-03-30 20:51:32,219,3.430752e+06,313623.0,6807.0,0.0,0.0,0.0,5363.0,487.0,11.0,9.0771456e+07,9.416704e+08,1167.03,21.0,107117.0,0.0,107117.0,107117.0,2.0,0.0,0.0
2026-03-30 20:51:44,219,3.43415e+06,313623.0,6807.0,0.0,0.0,0.0,5368.0,487.0,11.0,9.0771456e+07,9.416704e+08,1168.1200000000001,21.0,107217.0,0.0,107217.0,107217.0,2.0,0.0,0.0
2026-03-30 20:51:56,219,3.43688e+06,314320.0,6807.0,0.0,0.0,0.0,5372.0,488.0,11.0,9.0771456e+07,9.416704e+08,1169.25,23.0,107317.0,0.0,107316.0,107316.0,2.0,0.0,0.0
2026-03-30 20:52:09,219,3.440873e+06,314320.0,6807.0,0.0,0.0,0.0,5378.0,488.0,11.0,9.0771456e+07,9.416704e+08,1170.3300000000002,21.0,107416.0,0.0,107416.0,107416.0,2.0,0.0,0.0
2026-03-30 20:52:21,219,3.443632e+06,314988.0,6807.0,0.0,0.0,0.0,5382.0,489.0,11.0,9.0771456e+07,9.416704e+08,1171.51,21.0,107516.0,0.0,107516.0,107516.0,2.0,0.0,0.0
2026-03-30 20:52:33,220,3.44703e+06,314988.0,6807.0,0.0,0.0,0.0,5387.0,489.0,11.0,9.0771456e+07,9.416704e+08,1172.6299999999999,21.0,107615.0,0.0,107615.0,107615.0,2.0,0.0,0.0
2026-03-30 20:52:45,220,3.449789e+06,315656.0,6807.0,0.0,0.0,0.0,5391.0,490.0,11.0,9.0771456e+07,9.416704e+08,1173.75,23.0,107714.0,0.0,107713.0,107713.0,2.0,0.0,0.0
2026-03-30 20:52:57,220,3.453187e+06,315656.0,6807.0,0.0,0.0,0.0,5396.0,490.0,11.0,9.0771456e+07,9.416704e+08,1174.92,22.0,107814.0,0.0,107813.0,107813.0,2.0,0.0,0.0
2026-03-30 20:53:10,220,3.456614e+06,315656.0,6807.0,0.0,0.0,0.0,5401.0,490.0,11.0,9.0771456e+07,9.416704e+08,1176.1399999999999,21.0,107913.0,0.0,107913.0,107913.0,2.0,0.0,0.0
2026-03-30 20:53:22,220,3.459344e+06,316324.0,6807.0,0.0,0.0,0.0,5405.0,491.0,11.0,9.0771456e+07,9.416704e+08,1177.24,23.0,108013.0,0.0,108012.0,108012.0,2.0,0.0,0.0
2026-03-30 20:53:34,221,3.462561e+06,316324.0,6807.0,0.0,0.0,0.0,5410.0,491.0,11.0,9.0771456e+07,9.416704e+08,1178.36,21.0,108110.0,0.0,108110.0,108110.0,2.0,0.0,0.0
2026-03-30 20:53:46,221,3.464874e+06,317021.0,7475.0,0.0,0.0,0.0,5414.0,492.0,12.0,9.0771456e+07,9.416704e+08,1179.5200000000002,21.0,108207.0,0.0,108207.0,108207.0,2.0,0.0,0.0
2026-03-30 20:53:58,221,3.468441e+06,317021.0,7475.0,0.0,0.0,0.0,5420.0,492.0,12.0,9.0771456e+07,9.416704e+08,1180.58,21.0,108306.0,0.0,108306.0,108306.0,2.0,0.0,0.0
2026-03-30 20:54:10,221,3.471416e+06,317616.0,7475.0,0.0,0.0,0.0,5425.0,493.0,12.0,9.0771456e+07,9.416704e+08,1181.6599999999999,21.0,108405.0,0.0,108405.0,108405.0,2.0,0.0,0.0
2026-03-30 20:54:23,221,3.474986e+06,317616.0,7475.0,0.0,0.0,0.0,5431.0,493.0,12.0,9.0771456e+07,9.416704e+08,1182.8300000000002,21.0,108503.0,0.0,108503.0,108503.0,2.0,0.0,0.0
2026-03-30 20:54:35,222,3.477366e+06,318211.0,7475.0,0.0,0.0,0.0,5435.0,494.0,12.0,9.0771456e+07,9.416704e+08,1183.9,23.0,108603.0,0.0,108602.0,108602.0,2.0,0.0,0.0
2026-03-30 20:54:47,222,3.480971e+06,318211.0,7475.0,0.0,0.0,0.0,5441.0,494.0,12.0,9.0771456e+07,9.416704e+08,1184.98,21.0,108702.0,0.0,108702.0,108702.0,2.0,0.0,0.0
2026-03-30 20:55:00,222,3.483631e+06,318876.0,7475.0,0.0,0.0,0.0,5445.0,495.0,12.0,9.0771456e+07,9.416704e+08,1186.0700000000002,21.0,108803.0,0.0,108803.0,108803.0,2.0,0.0,0.0
2026-03-30 20:55:12,222,3.487586e+06,318876.0,7475.0,0.0,0.0,0.0,5451.0,495.0,12.0,9.0771456e+07,9.416704e+08,1187.23,21.0,108903.0,0.0,108903.0,108903.0,2.0,0.0,0.0
2026-03-30 20:55:24,222,3.490911e+06,318876.0,7475.0,0.0,0.0,0.0,5456.0,495.0,12.0,9.0771456e+07,9.416704e+08,1188.37,21.0,109000.0,0.0,109000.0,109000.0,2.0,0.0,0.0
2026-03-30 20:55:36,223,3.493571e+06,319541.0,7475.0,0.0,0.0,0.0,5460.0,496.0,12.0,9.0771456e+07,9.416704e+08,1189.4,21.0,109100.0,0.0,109100.0,109100.0,2.0,0.0,0.0
2026-03-30 20:55:48,223,3.496896e+06,319541.0,7475.0,0.0,0.0,0.0,5465.0,496.0,12.0,9.0771456e+07,9.416704e+08,1190.5,21.0,109198.0,0.0,109198.0,109198.0,2.0,0.0,0.0
2026-03-30 20:56:01,223,3.500081e+06,320206.0,7475.0,0.0,0.0,0.0,5470.0,497.0,12.0,9.0771456e+07,9.416704e+08,1191.6699999999998,21.0,109299.0,0.0,109299.0,109299.0,2.0,0.0,0.0
2026-03-30 20:56:13,223,3.503406e+06,320206.0,7475.0,0.0,0.0,0.0,5475.0,497.0,12.0,9.0771456e+07,9.416704e+08,1192.78,21.0,109399.0,0.0,109399.0,109399.0,2.0,0.0,0.0
2026-03-30 20:56:25,224,3.506066e+06,320871.0,7475.0,0.0,0.0,0.0,5479.0,498.0,12.0,9.0771456e+07,9.416704e+08,1193.94,21.0,109499.0,0.0,109499.0,109499.0,2.0,0.0,0.0
2026-03-30 20:56:37,224,3.509951e+06,320871.0,7475.0,0.0,0.0,0.0,5485.0,498.0,12.0,9.0771456e+07,9.416704e+08,1195.06,23.0,109600.0,0.0,109599.0,109599.0,2.0,0.0,0.0
2026-03-30 20:56:50,224,3.512611e+06,321536.0,7475.0,0.0,0.0,0.0,5489.0,499.0,12.0,9.0771456e+07,9.416704e+08,1196.17,21.0,109699.0,0.0,109699.0,109699.0,2.0,0.0,0.0
2026-03-30 20:57:02,224,3.515936e+06,321536.0,7475.0,0.0,0.0,0.0,5494.0,499.0,12.0,9.0771456e+07,9.416704e+08,1197.25,21.0,109800.0,0.0,109800.0,109800.0,2.0,0.0,0.0
2026-03-30 20:57:14,224,3.519821e+06,321536.0,7475.0,0.0,0.0,0.0,5500.0,499.0,12.0,9.0771456e+07,9.416704e+08,1198.34,23.0,109899.0,0.0,109898.0,109898.0,2.0,0.0,0.0
2026-03-30 20:57:27,225,3.522481e+06,322201.0,7475.0,0.0,0.0,0.0,5504.0,500.0,12.0,9.0771456e+07,9.416704e+08,1199.5,23.0,110000.0,0.0,109999.0,109999.0,2.0,0.0,0.0
2026-03-30 20:57:39,225,3.525806e+06,322201.0,7475.0,0.0,0.0,0.0,5509.0,500.0,12.0,9.0771456e+07,9.416704e+08,1200.6200000000001,23.0,110099.0,0.0,110098.0,110098.0,2.0,0.0,0.0
2026-03-30 20:57:52,225,3.528991e+06,322866.0,7475.0,0.0,0.0,0.0,5514.0,501.0,12.0,9.0771456e+07,9.416704e+08,1201.74,23.0,110201.0,0.0,110200.0,110200.0,2.0,0.0,0.0
2026-03-30 20:58:04,225,3.532389e+06,322866.0,7475.0,0.0,0.0,0.0,5519.0,501.0,12.0,9.0771456e+07,9.416704e+08,1202.8600000000001,23.0,110300.0,0.0,110299.0,110299.0,2.0,0.0,0.0
2026-03-30 20:58:16,225,3.535148e+06,323534.0,7475.0,0.0,0.0,0.0,5523.0,502.0,12.0,9.0771456e+07,9.416704e+08,1203.96,22.0,110400.0,0.0,110399.0,110399.0,2.0,0.0,0.0
2026-03-30 20:58:28,226,3.538546e+06,323534.0,7475.0,0.0,0.0,0.0,5528.0,502.0,12.0,9.0771456e+07,9.416704e+08,1205.08,21.0,110499.0,0.0,110499.0,110499.0,2.0,0.0,0.0
2026-03-30 20:58:41,226,3.541973e+06,323534.0,7475.0,0.0,0.0,0.0,5533.0,502.0,12.0,9.0771456e+07,9.416704e+08,1206.21,21.0,110599.0,0.0,110599.0,110599.0,2.0,0.0,0.0
2026-03-30 20:58:53,226,3.544703e+06,324202.0,7475.0,0.0,0.0,0.0,5537.0,503.0,12.0,9.0771456e+07,9.416704e+08,1207.37,21.0,110700.0,0.0,110700.0,110700.0,2.0,0.0,0.0
2026-03-30 20:59:06,226,3.548728e+06,324202.0,7475.0,0.0,0.0,0.0,5543.0,503.0,12.0,9.0771456e+07,9.416704e+08,1208.51,21.0,110800.0,0.0,110800.0,110800.0,2.0,0.0,0.0
2026-03-30 20:59:18,226,3.551487e+06,324870.0,7475.0,0.0,0.0,0.0,5547.0,504.0,12.0,9.0771456e+07,9.416704e+08,1209.5,21.0,110897.0,0.0,110897.0,110897.0,2.0,0.0,0.0
2026-03-30 20:59:30,227,3.554885e+06,324870.0,7475.0,0.0,0.0,0.0,5552.0,504.0,12.0,9.0771456e+07,9.416704e+08,1210.6299999999999,21.0,110995.0,0.0,110995.0,110995.0,2.0,0.0,0.0
2026-03-30 20:59:42,227,3.557644e+06,325538.0,7475.0,0.0,0.0,0.0,5556.0,505.0,12.0,9.0771456e+07,9.416704e+08,1211.73,21.0,111094.0,0.0,111094.0,111094.0,2.0,0.0,0.0
2026-03-30 20:59:54,227,3.561042e+06,325538.0,7475.0,0.0,0.0,0.0,5561.0,505.0,12.0,9.0771456e+07,9.416704e+08,1212.8,21.0,111192.0,0.0,111192.0,111192.0,2.0,0.0,0.0
2026-03-30 21:00:07,227,3.564469e+06,325538.0,7475.0,0.0,0.0,0.0,5566.0,505.0,12.0,9.0771456e+07,9.416704e+08,1213.8999999999999,21.0,111292.0,0.0,111292.0,111292.0,2.0,0.0,0.0
2026-03-30 21:00:19,227,3.567199e+06,326206.0,7475.0,0.0,0.0,0.0,5570.0,506.0,12.0,9.0771456e+07,9.416704e+08,1215.06,21.0,111390.0,0.0,111390.0,111390.0,2.0,0.0,0.0
2026-03-30 21:00:31,228,3.570626e+06,326206.0,7475.0,0.0,0.0,0.0,5575.0,506.0,12.0,9.0771456e+07,9.416704e+08,1216.16,21.0,111489.0,0.0,111489.0,111489.0,2.0,0.0,0.0
2026-03-30 21:00:44,228,3.573356e+06,326626.0,7475.0,0.0,0.0,0.0,5579.0,507.0,12.0,9.0771456e+07,9.416704e+08,1217.3,21.0,111589.0,0.0,111589.0,111589.0,2.0,0.0,0.0
2026-03-30 21:00:56,228,3.577419e+06,326626.0,7475.0,0.0,0.0,0.0,5585.0,507.0,12.0,9.0771456e+07,9.416704e+08,1218.41,22.0,111688.0,0.0,111687.0,111687.0,2.0,0.0,0.0
2026-03-30 21:01:08,228,3.580178e+06,327294.0,7475.0,0.0,0.0,0.0,5589.0,508.0,12.0,9.0771456e+07,9.416704e+08,1219.53,21.0,111789.0,0.0,111789.0,111789.0,2.0,0.0,0.0
2026-03-30 21:01:21,228,3.583576e+06,327294.0,7475.0,0.0,0.0,0.0,5594.0,508.0,12.0,9.0771456e+07,9.416704e+08,1220.6299999999999,22.0,111888.0,0.0,111887.0,111887.0,2.0,0.0,0.0
2026-03-30 21:01:33,229,3.587003e+06,327294.0,7475.0,0.0,0.0,0.0,5599.0,508.0,12.0,9.0771456e+07,9.416704e+08,1221.75,21.0,111987.0,0.0,111987.0,111987.0,2.0,0.0,0.0
2026-03-30 21:01:45,229,3.589733e+06,327962.0,7475.0,0.0,0.0,0.0,5603.0,509.0,12.0,9.0771456e+07,9.416704e+08,1222.84,21.0,112086.0,0.0,112086.0,112086.0,2.0,0.0,0.0
2026-03-30 21:01:57,229,3.59316e+06,327962.0,7475.0,0.0,0.0,0.0,5608.0,509.0,12.0,9.0771456e+07,9.416704e+08,1223.97,21.0,112185.0,0.0,112185.0,112185.0,2.0,0.0,0.0
2026-03-30 21:02:10,229,3.59589e+06,328630.0,7475.0,0.0,0.0,0.0,5612.0,510.0,12.0,9.0771456e+07,9.416704e+08,1225.2,21.0,112285.0,0.0,112285.0,112285.0,2.0,0.0,0.0
2026-03-30 21:02:22,229,3.599317e+06,328630.0,7475.0,0.0,0.0,0.0,5617.0,510.0,12.0,9.0771456e+07,9.416704e+08,1226.27,21.0,112384.0,0.0,112384.0,112384.0,2.0,0.0,0.0
2026-03-30 21:02:34,230,3.602047e+06,329298.0,7475.0,0.0,0.0,0.0,5621.0,511.0,12.0,9.0771456e+07,9.416704e+08,1227.33,23.0,112484.0,0.0,112483.0,112483.0,2.0,0.0,0.0
2026-03-30 21:02:46,230,3.605827e+06,329298.0,7475.0,0.0,0.0,0.0,5627.0,511.0,12.0,9.0771456e+07,9.416704e+08,1228.46,23.0,112583.0,0.0,112582.0,112582.0,2.0,0.0,0.0
2026-03-30 21:02:58,230,3.609254e+06,329298.0,7475.0,0.0,0.0,0.0,5632.0,511.0,12.0,9.0771456e+07,9.416704e+08,1229.5,21.0,112681.0,0.0,112681.0,112681.0,2.0,0.0,0.0
2026-03-30 21:03:11,230,3.611984e+06,329966.0,7475.0,0.0,0.0,0.0,5636.0,512.0,12.0,9.0771456e+07,9.416704e+08,1230.5700000000002,21.0,112780.0,0.0,112780.0,112780.0,2.0,0.0,0.0
2026-03-30 21:03:23,230,3.615411e+06,329966.0,7475.0,0.0,0.0,0.0,5641.0,512.0,12.0,9.0771456e+07,9.416704e+08,1231.82,21.0,112882.0,0.0,112882.0,112882.0,2.0,0.0,0.0
2026-03-30 21:03:36,231,3.618838e+06,330634.0,7475.0,0.0,0.0,0.0,5646.0,513.0,12.0,9.0771456e+07,9.416704e+08,1233.02,23.0,112985.0,0.0,112984.0,112984.0,2.0,0.0,0.0
2026-03-30 21:03:48,231,3.622236e+06,330634.0,7475.0,0.0,0.0,0.0,5651.0,513.0,12.0,9.0771456e+07,9.416704e+08,1234.15,21.0,113085.0,0.0,113085.0,113085.0,2.0,0.0,0.0
2026-03-30 21:04:00,231,3.624995e+06,331302.0,7475.0,0.0,0.0,0.0,5655.0,514.0,12.0,9.0771456e+07,9.416704e+08,1235.28,21.0,113185.0,0.0,113185.0,113185.0,2.0,0.0,0.0
2026-03-30 21:04:13,231,3.628393e+06,331302.0,7475.0,0.0,0.0,0.0,5660.0,514.0,12.0,9.0771456e+07,9.416704e+08,1236.48,21.0,113287.0,0.0,113287.0,113287.0,2.0,0.0,0.0
2026-03-30 21:04:25,232,3.63182e+06,331302.0,7475.0,0.0,0.0,0.0,5665.0,514.0,12.0,9.0771456e+07,9.416704e+08,1237.5500000000002,21.0,113388.0,0.0,113388.0,113388.0,2.0,0.0,0.0
2026-03-30 21:04:37,232,3.63455e+06,331970.0,7475.0,0.0,0.0,0.0,5669.0,515.0,12.0,9.0771456e+07,9.416704e+08,1238.72,22.0,113488.0,0.0,113487.0,113487.0,2.0,0.0,0.0
2026-03-30 21:04:50,232,3.63847e+06,331970.0,7475.0,0.0,0.0,0.0,5675.0,515.0,12.0,9.0771456e+07,9.416704e+08,1239.8899999999999,21.0,113590.0,0.0,113590.0,113590.0,2.0,0.0,0.0
2026-03-30 21:05:03,232,3.641229e+06,332638.0,7475.0,0.0,0.0,0.0,5679.0,516.0,12.0,9.0771456e+07,9.416704e+08,1241.02,21.0,113691.0,0.0,113691.0,113691.0,2.0,0.0,0.0
2026-03-30 21:05:15,232,3.644627e+06,332638.0,7475.0,0.0,0.0,0.0,5684.0,516.0,12.0,9.0771456e+07,9.416704e+08,1242.14,21.0,113791.0,0.0,113791.0,113791.0,2.0,0.0,0.0
2026-03-30 21:05:27,233,3.647386e+06,333306.0,7475.0,0.0,0.0,0.0,5688.0,517.0,12.0,9.0771456e+07,9.416704e+08,1243.1999999999998,21.0,113890.0,0.0,113890.0,113890.0,2.0,0.0,0.0
2026-03-30 21:05:39,233,3.650784e+06,333306.0,7475.0,0.0,0.0,0.0,5693.0,517.0,12.0,9.0771456e+07,9.416704e+08,1244.28,21.0,113990.0,0.0,113990.0,113990.0,2.0,0.0,0.0
2026-03-30 21:05:52,233,3.654109e+06,334003.0,7475.0,0.0,0.0,0.0,5698.0,518.0,12.0,9.0771456e+07,9.416704e+08,1245.52,22.0,114094.0,0.0,114093.0,114093.0,2.0,0.0,0.0
2026-03-30 21:06:04,233,3.657507e+06,334003.0,7475.0,0.0,0.0,0.0,5703.0,518.0,12.0,9.0771456e+07,9.416704e+08,1246.6,21.0,114193.0,0.0,114193.0,114193.0,2.0,0.0,0.0
2026-03-30 21:06:17,233,3.660934e+06,334003.0,7475.0,0.0,0.0,0.0,5708.0,518.0,12.0,9.0771456e+07,9.416704e+08,1247.73,23.0,114294.0,0.0,114293.0,114293.0,2.0,0.0,0.0
2026-03-30 21:06:29,234,3.663635e+06,334700.0,7475.0,0.0,0.0,0.0,5712.0,519.0,12.0,9.0771456e+07,9.416704e+08,1248.84,23.0,114393.0,0.0,114392.0,114392.0,2.0,0.0,0.0
2026-03-30 21:06:41,234,3.667485e+06,334700.0,7475.0,0.0,0.0,0.0,5718.0,519.0,12.0,9.0771456e+07,9.416704e+08,1249.96,21.0,114494.0,0.0,114494.0,114494.0,2.0,0.0,0.0
2026-03-30 21:06:54,234,3.670215e+06,335397.0,7475.0,0.0,0.0,0.0,5722.0,520.0,12.0,9.0771456e+07,9.416704e+08,1251.09,21.0,114597.0,0.0,114597.0,114597.0,2.0,0.0,0.0
2026-03-30 21:07:06,234,3.673613e+06,335397.0,7475.0,0.0,0.0,0.0,5727.0,520.0,12.0,9.0902528e+07,9.416704e+08,1252.1799999999998,21.0,114696.0,0.0,114696.0,114696.0,2.0,0.0,0.0
2026-03-30 21:07:19,234,3.676343e+06,336094.0,7475.0,0.0,0.0,0.0,5731.0,521.0,12.0,9.0902528e+07,9.416704e+08,1253.25,21.0,114796.0,0.0,114796.0,114796.0,2.0,0.0,0.0
2026-03-30 21:07:31,235,3.679741e+06,336094.0,7475.0,0.0,0.0,0.0,5736.0,521.0,12.0,9.0902528e+07,9.416704e+08,1254.44,23.0,114898.0,0.0,114897.0,114897.0,2.0,0.0,0.0
2026-03-30 21:07:43,235,3.683661e+06,336094.0,7475.0,0.0,0.0,0.0,5742.0,521.0,12.0,9.0902528e+07,9.416704e+08,1255.5500000000002,21.0,114998.0,0.0,114998.0,114998.0,2.0,0.0,0.0
2026-03-30 21:07:56,235,3.686391e+06,336759.0,7475.0,0.0,0.0,0.0,5746.0,522.0,12.0,9.0902528e+07,9.416704e+08,1256.64,21.0,115098.0,0.0,115098.0,115098.0,2.0,0.0,0.0
2026-03-30 21:08:08,235,3.689818e+06,336759.0,7475.0,0.0,0.0,0.0,5751.0,522.0,12.0,9.0902528e+07,9.416704e+08,1257.74,21.0,115198.0,0.0,115198.0,115198.0,2.0,0.0,0.0
2026-03-30 21:08:20,235,3.692548e+06,337427.0,7475.0,0.0,0.0,0.0,5755.0,523.0,12.0,9.0902528e+07,9.416704e+08,1258.9,23.0,115298.0,0.0,115297.0,115297.0,2.0,0.0,0.0
2026-03-30 21:08:32,236,3.696433e+06,337427.0,7475.0,0.0,0.0,0.0,5761.0,523.0,12.0,9.0902528e+07,9.416704e+08,1259.97,21.0,115396.0,0.0,115396.0,115396.0,2.0,0.0,0.0
2026-03-30 21:08:45,236,3.699192e+06,338095.0,7475.0,0.0,0.0,0.0,5765.0,524.0,12.0,9.0902528e+07,9.416704e+08,1261.04,23.0,115495.0,0.0,115494.0,115494.0,2.0,0.0,0.0
2026-03-30 21:08:57,236,3.70259e+06,338095.0,7475.0,0.0,0.0,0.0,5770.0,524.0,12.0,9.0902528e+07,9.416704e+08,1262.17,21.0,115594.0,0.0,115594.0,115594.0,2.0,0.0,0.0
2026-03-30 21:09:09,236,3.706017e+06,338095.0,7475.0,0.0,0.0,0.0,5775.0,524.0,12.0,9.0902528e+07,9.416704e+08,1263.37,21.0,115694.0,0.0,115694.0,115694.0,2.0,0.0,0.0
2026-03-30 21:09:21,236,3.708747e+06,338763.0,7475.0,0.0,0.0,0.0,5779.0,525.0,12.0,9.0902528e+07,9.416704e+08,1264.5,23.0,115793.0,0.0,115792.0,115792.0,2.0,0.0,0.0
2026-03-30 21:09:34,237,3.712174e+06,338763.0,7475.0,0.0,0.0,0.0,5784.0,525.0,12.0,9.0902528e+07,9.416704e+08,1265.5700000000002,21.0,115892.0,0.0,115892.0,115892.0,2.0,0.0,0.0
2026-03-30 21:09:46,237,3.714904e+06,339431.0,7475.0,0.0,0.0,0.0,5788.0,526.0,12.0,9.0902528e+07,9.416704e+08,1266.64,21.0,115991.0,0.0,115991.0,115991.0,2.0,0.0,0.0
2026-03-30 21:09:58,237,3.718331e+06,339431.0,7475.0,0.0,0.0,0.0,5793.0,526.0,12.0,9.0902528e+07,9.416704e+08,1267.7,21.0,116090.0,0.0,116090.0,116090.0,2.0,0.0,0.0
2026-03-30 21:10:11,237,3.721061e+06,340099.0,7475.0,0.0,0.0,0.0,5797.0,527.0,12.0,9.0902528e+07,9.416704e+08,1268.8400000000001,21.0,116188.0,0.0,116188.0,116188.0,2.0,0.0,0.0
2026-03-30 21:10:23,237,3.724488e+06,340099.0,7475.0,0.0,0.0,0.0,5802.0,527.0,12.0,9.0902528e+07,9.416704e+08,1270.04,21.0,116288.0,0.0,116288.0,116288.0,2.0,0.0,0.0
2026-03-30 21:10:35,238,3.727886e+06,340099.0,7475.0,0.0,0.0,0.0,5807.0,527.0,12.0,9.0902528e+07,9.416704e+08,1271.24,21.0,116388.0,0.0,116388.0,116388.0,2.0,0.0,0.0
2026-03-30 21:10:48,238,3.731176e+06,340764.0,7475.0,0.0,0.0,0.0,5812.0,528.0,12.0,9.0902528e+07,9.416704e+08,1272.3200000000002,21.0,116487.0,0.0,116487.0,116487.0,2.0,0.0,0.0
2026-03-30 21:11:00,238,3.734603e+06,340764.0,7475.0,0.0,0.0,0.0,5817.0,528.0,12.0,9.0902528e+07,9.416704e+08,1273.45,22.0,116588.0,0.0,116587.0,116587.0,2.0,0.0,0.0
2026-03-30 21:11:12,238,3.737333e+06,341432.0,7475.0,0.0,0.0,0.0,5821.0,529.0,12.0,9.0902528e+07,9.416704e+08,1274.63,23.0,116689.0,0.0,116688.0,116688.0,2.0,0.0,0.0
2026-03-30 21:11:25,239,3.74076e+06,341432.0,7475.0,0.0,0.0,0.0,5826.0,529.0,12.0,9.0902528e+07,9.416704e+08,1275.7,23.0,116788.0,0.0,116787.0,116787.0,2.0,0.0,0.0
2026-03-30 21:11:37,239,3.743881e+06,342129.0,7475.0,0.0,0.0,0.0,5831.0,530.0,12.0,9.0902528e+07,9.416704e+08,1276.8,21.0,116888.0,0.0,116888.0,116888.0,2.0,0.0,0.0
2026-03-30 21:11:49,239,3.747308e+06,342129.0,7475.0,0.0,0.0,0.0,5836.0,530.0,12.0,9.0902528e+07,9.416704e+08,1277.9299999999998,23.0,116988.0,0.0,116987.0,116987.0,2.0,0.0,0.0
2026-03-30 21:12:02,239,3.750706e+06,342129.0,7475.0,0.0,0.0,0.0,5841.0,530.0,12.0,9.0902528e+07,9.416704e+08,1279.02,23.0,117088.0,0.0,117087.0,117087.0,2.0,0.0,0.0
2026-03-30 21:12:14,239,3.753436e+06,342826.0,7475.0,0.0,0.0,0.0,5845.0,531.0,12.0,9.0902528e+07,9.416704e+08,1280.1499999999999,21.0,117187.0,0.0,117187.0,117187.0,2.0,0.0,0.0
2026-03-30 21:12:26,240,3.756834e+06,342826.0,7475.0,0.0,0.0,0.0,5850.0,531.0,12.0,9.0902528e+07,9.416704e+08,1281.2900000000002,21.0,117287.0,0.0,117287.0,117287.0,2.0,0.0,0.0
2026-03-30 21:12:39,240,3.759564e+06,343523.0,7475.0,0.0,0.0,0.0,5854.0,532.0,12.0,9.0902528e+07,9.416704e+08,1282.42,21.0,117387.0,0.0,117387.0,117387.0,2.0,0.0,0.0
2026-03-30 21:12:51,240,3.762962e+06,343523.0,7475.0,0.0,0.0,0.0,5859.0,532.0,12.0,9.0902528e+07,9.416704e+08,1283.55,21.0,117487.0,0.0,117487.0,117487.0,2.0,0.0,0.0
2026-03-30 21:13:03,240,3.766255e+06,344220.0,7475.0,0.0,0.0,0.0,5864.0,533.0,12.0,9.0902528e+07,9.416704e+08,1284.67,21.0,117587.0,0.0,117587.0,117587.0,2.0,0.0,0.0
2026-03-30 21:13:16,240,3.769682e+06,344220.0,7475.0,0.0,0.0,0.0,5869.0,533.0,12.0,9.0902528e+07,9.416704e+08,1285.78,23.0,117688.0,0.0,117687.0,117687.0,2.0,0.0,0.0
2026-03-30 21:13:28,241,3.77308e+06,344220.0,7475.0,0.0,0.0,0.0,5874.0,533.0,12.0,9.0902528e+07,9.416704e+08,1286.85,21.0,117788.0,0.0,117788.0,117788.0,2.0,0.0,0.0
2026-03-30 21:13:40,241,3.77581e+06,344917.0,7475.0,0.0,0.0,0.0,5878.0,534.0,12.0,9.0902528e+07,9.416704e+08,1288.04,21.0,117890.0,0.0,117890.0,117890.0,2.0,0.0,0.0
2026-03-30 21:13:53,241,3.776478e+06,344917.0,7475.0,0.0,0.0,0.0,5879.0,534.0,12.0,9.0902528e+07,9.416704e+08,1288.27,21.0,117908.0,0.0,117908.0,117908.0,2.0,0.0,0.0
2026-03-30 21:14:05,241,3.779873e+06,344917.0,7475.0,0.0,0.0,0.0,5884.0,534.0,12.0,9.0902528e+07,9.416704e+08,1289.3799999999999,22.0,118010.0,0.0,118009.0,118009.0,2.0,0.0,0.0
2026-03-30 21:14:18,241,3.783195e+06,345585.0,7475.0,0.0,0.0,0.0,5889.0,535.0,12.0,9.0902528e+07,9.416704e+08,1290.46,21.0,118110.0,0.0,118110.0,118110.0,2.0,0.0,0.0
2026-03-30 21:14:30,242,3.786622e+06,345585.0,7475.0,0.0,0.0,0.0,5894.0,535.0,12.0,9.0902528e+07,9.416704e+08,1291.53,21.0,118210.0,0.0,118210.0,118210.0,2.0,0.0,0.0
2026-03-30 21:14:42,242,3.789352e+06,346253.0,7475.0,0.0,0.0,0.0,5898.0,536.0,12.0,9.0902528e+07,9.416704e+08,1292.6699999999998,21.0,118311.0,0.0,118311.0,118311.0,2.0,0.0,0.0
2026-03-30 21:14:54,242,3.792779e+06,346253.0,7475.0,0.0,0.0,0.0,5903.0,536.0,12.0,9.0902528e+07,9.416704e+08,1293.78,21.0,118410.0,0.0,118410.0,118410.0,2.0,0.0,0.0
2026-03-30 21:15:07,242,3.795509e+06,346921.0,7475.0,0.0,0.0,0.0,5907.0,537.0,12.0,9.0902528e+07,9.416704e+08,1294.8899999999999,21.0,118511.0,0.0,118511.0,118511.0,2.0,0.0,0.0
2026-03-30 21:15:19,242,3.798936e+06,346921.0,7475.0,0.0,0.0,0.0,5912.0,537.0,12.0,9.0902528e+07,9.416704e+08,1296.0,21.0,118611.0,0.0,118611.0,118611.0,2.0,0.0,0.0
2026-03-30 21:15:32,243,3.802894e+06,346921.0,7475.0,0.0,0.0,0.0,5918.0,537.0,12.0,9.0902528e+07,9.416704e+08,1297.03,21.0,118712.0,0.0,118712.0,118712.0,2.0,0.0,0.0
2026-03-30 21:15:44,243,3.805061e+06,347618.0,8143.0,0.0,0.0,0.0,5922.0,538.0,13.0,9.0902528e+07,9.416704e+08,1298.25,21.0,118813.0,0.0,118813.0,118813.0,2.0,0.0,0.0
2026-03-30 21:15:56,243,3.808631e+06,347618.0,8143.0,0.0,0.0,0.0,5928.0,538.0,13.0,9.0902528e+07,9.416704e+08,1299.3600000000001,21.0,118912.0,0.0,118912.0,118912.0,2.0,0.0,0.0
2026-03-30 21:16:09,243,3.811606e+06,348213.0,8143.0,0.0,0.0,0.0,5933.0,539.0,13.0,9.0902528e+07,9.416704e+08,1300.48,21.0,119013.0,0.0,119013.0,119013.0,2.0,0.0,0.0
2026-03-30 21:16:21,243,3.814581e+06,348213.0,8143.0,0.0,0.0,0.0,5938.0,539.0,13.0,9.0640384e+07,9.416704e+08,1301.6499999999999,23.0,119112.0,0.0,119111.0,119111.0,2.0,0.0,0.0
2026-03-30 21:16:33,244,3.817451e+06,348808.0,8143.0,0.0,0.0,0.0,5943.0,540.0,13.0,9.0640384e+07,9.416704e+08,1302.74,23.0,119212.0,0.0,119211.0,119211.0,2.0,0.0,0.0
2026-03-30 21:16:46,244,3.821161e+06,348808.0,8143.0,0.0,0.0,0.0,5949.0,540.0,13.0,9.0640384e+07,9.416704e+08,1303.84,21.0,119311.0,0.0,119311.0,119311.0,2.0,0.0,0.0
2026-03-30 21:16:58,244,3.823821e+06,349473.0,8143.0,0.0,0.0,0.0,5953.0,541.0,13.0,9.0640384e+07,9.416704e+08,1304.99,21.0,119410.0,0.0,119410.0,119410.0,2.0,0.0,0.0
2026-03-30 21:17:10,244,3.827146e+06,349473.0,8143.0,0.0,0.0,0.0,5958.0,541.0,13.0,9.0640384e+07,9.416704e+08,1306.15,21.0,119511.0,0.0,119511.0,119511.0,2.0,0.0,0.0
2026-03-30 21:17:22,244,3.830436e+06,350138.0,8143.0,0.0,0.0,0.0,5963.0,542.0,13.0,9.0640384e+07,9.416704e+08,1307.23,21.0,119610.0,0.0,119610.0,119610.0,2.0,0.0,0.0
2026-03-30 21:17:35,245,3.833761e+06,350138.0,8143.0,0.0,0.0,0.0,5968.0,542.0,13.0,9.0640384e+07,9.416704e+08,1308.35,21.0,119710.0,0.0,119710.0,119710.0,2.0,0.0,0.0
2026-03-30 21:17:47,245,3.837086e+06,350138.0,8143.0,0.0,0.0,0.0,5973.0,542.0,13.0,9.0640384e+07,9.416704e+08,1309.43,21.0,119810.0,0.0,119810.0,119810.0,2.0,0.0,0.0
2026-03-30 21:17:59,245,3.840271e+06,350803.0,8143.0,0.0,0.0,0.0,5978.0,543.0,13.0,9.0640384e+07,9.416704e+08,1310.57,21.0,119909.0,0.0,119909.0,119909.0,2.0,0.0,0.0
2026-03-30 21:18:11,245,3.843596e+06,350803.0,8143.0,0.0,0.0,0.0,5983.0,543.0,13.0,9.0640384e+07,9.416704e+08,1311.67,23.0,120009.0,0.0,120008.0,120008.0,2.0,0.0,0.0
2026-03-30 21:18:24,245,3.846256e+06,351468.0,8143.0,0.0,0.0,0.0,5987.0,544.0,13.0,9.0640384e+07,9.416704e+08,1312.79,23.0,120109.0,0.0,120108.0,120108.0,2.0,0.0,0.0
2026-03-30 21:18:36,246,3.850036e+06,351468.0,8143.0,0.0,0.0,0.0,5993.0,544.0,13.0,9.0640384e+07,9.416704e+08,1313.9099999999999,21.0,120208.0,0.0,120208.0,120208.0,2.0,0.0,0.0
2026-03-30 21:18:48,246,3.852696e+06,352133.0,8143.0,0.0,0.0,0.0,5997.0,545.0,13.0,9.0640384e+07,9.416704e+08,1315.03,21.0,120307.0,0.0,120307.0,120307.0,2.0,0.0,0.0
2026-03-30 21:19:01,246,3.856021e+06,352133.0,8143.0,0.0,0.0,0.0,6002.0,545.0,13.0,9.0640384e+07,9.416704e+08,1316.1,21.0,120407.0,0.0,120407.0,120407.0,2.0,0.0,0.0
2026-03-30 21:19:13,246,3.859346e+06,352798.0,8143.0,0.0,0.0,0.0,6007.0,546.0,13.0,9.0640384e+07,9.416704e+08,1317.31,21.0,120508.0,0.0,120508.0,120508.0,2.0,0.0,0.0
2026-03-30 21:19:25,247,3.862671e+06,352798.0,8143.0,0.0,0.0,0.0,6012.0,546.0,13.0,9.0640384e+07,9.416704e+08,1318.42,21.0,120608.0,0.0,120608.0,120608.0,2.0,0.0,0.0
2026-03-30 21:19:38,247,3.865996e+06,352798.0,8143.0,0.0,0.0,0.0,6017.0,546.0,13.0,9.0640384e+07,9.416704e+08,1319.65,21.0,120709.0,0.0,120709.0,120709.0,2.0,0.0,0.0
2026-03-30 21:19:50,247,3.868726e+06,353463.0,8143.0,0.0,0.0,0.0,6021.0,547.0,13.0,9.0640384e+07,9.416704e+08,1320.8000000000002,21.0,120809.0,0.0,120809.0,120809.0,2.0,0.0,0.0
2026-03-30 21:20:03,247,3.872124e+06,353463.0,8143.0,0.0,0.0,0.0,6026.0,547.0,13.0,9.0640384e+07,9.416704e+08,1321.98,21.0,120911.0,0.0,120911.0,120911.0,2.0,0.0,0.0
2026-03-30 21:20:15,247,3.875487e+06,354160.0,8143.0,0.0,0.0,0.0,6031.0,548.0,13.0,9.0640384e+07,9.416704e+08,1323.19,23.0,121013.0,0.0,121012.0,121012.0,2.0,0.0,0.0
2026-03-30 21:20:27,248,3.878914e+06,354160.0,8143.0,0.0,0.0,0.0,6036.0,548.0,13.0,9.0640384e+07,9.416704e+08,1324.27,23.0,121111.0,0.0,121110.0,121110.0,2.0,0.0,0.0
2026-03-30 21:20:40,248,3.881615e+06,354857.0,8143.0,0.0,0.0,0.0,6040.0,549.0,13.0,8.9985024e+07,9.416704e+08,1325.38,23.0,121210.0,0.0,121209.0,121209.0,2.0,0.0,0.0
2026-03-30 21:20:52,248,3.885042e+06,354857.0,8143.0,0.0,0.0,0.0,6045.0,549.0,13.0,8.9985024e+07,9.416704e+08,1326.5,21.0,121308.0,0.0,121308.0,121308.0,2.0,0.0,0.0
2026-03-30 21:21:04,248,3.88844e+06,354857.0,8143.0,0.0,0.0,0.0,6050.0,549.0,13.0,8.9985024e+07,9.416704e+08,1327.5900000000001,21.0,121410.0,0.0,121410.0,121410.0,2.0,0.0,0.0
2026-03-30 21:21:16,248,3.89117e+06,355554.0,8143.0,0.0,0.0,0.0,6054.0,550.0,13.0,8.9985024e+07,9.416704e+08,1328.74,23.0,121510.0,0.0,121509.0,121509.0,2.0,0.0,0.0
2026-03-30 21:21:29,249,3.895058e+06,355554.0,8143.0,0.0,0.0,0.0,6060.0,550.0,13.0,8.9985024e+07,9.416704e+08,1329.8999999999999,21.0,121609.0,0.0,121609.0,121609.0,2.0,0.0,0.0
2026-03-30 21:21:41,249,3.897817e+06,356222.0,8143.0,0.0,0.0,0.0,6064.0,551.0,13.0,8.9985024e+07,9.416704e+08,1331.02,21.0,121710.0,0.0,121710.0,121710.0,2.0,0.0,0.0
2026-03-30 21:21:53,249,3.901215e+06,356222.0,8143.0,0.0,0.0,0.0,6069.0,551.0,13.0,8.9853952e+07,9.416704e+08,1332.1699999999998,23.0,121812.0,0.0,121811.0,121811.0,2.0,0.0,0.0
2026-03-30 21:22:06,249,3.903974e+06,356890.0,8143.0,0.0,0.0,0.0,6073.0,552.0,13.0,8.972288e+07,9.416704e+08,1333.3200000000002,21.0,121912.0,0.0,121912.0,121912.0,2.0,0.0,0.0
2026-03-30 21:22:18,249,3.907372e+06,356890.0,8143.0,0.0,0.0,0.0,6078.0,552.0,13.0,8.972288e+07,9.416704e+08,1334.41,23.0,122010.0,0.0,122009.0,122009.0,2.0,0.0,0.0
2026-03-30 21:22:30,250,3.910554e+06,357558.0,8143.0,0.0,0.0,0.0,6083.0,553.0,13.0,8.972288e+07,9.416704e+08,1335.46,23.0,122110.0,0.0,122109.0,122109.0,2.0,0.0,0.0
2026-03-30 21:22:43,250,3.913981e+06,357558.0,8143.0,0.0,0.0,0.0,6088.0,553.0,13.0,8.972288e+07,9.416704e+08,1336.6200000000001,21.0,122210.0,0.0,122210.0,122210.0,2.0,0.0,0.0
2026-03-30 21:22:55,250,3.917274e+06,357558.0,8143.0,0.0,0.0,0.0,6093.0,553.0,13.0,8.972288e+07,9.416704e+08,1337.74,23.0,122311.0,0.0,122310.0,122310.0,2.0,0.0,0.0
2026-03-30 21:23:07,250,3.920421e+06,358226.0,8143.0,0.0,0.0,0.0,6098.0,554.0,13.0,8.972288e+07,9.416704e+08,1338.8999999999999,21.0,122411.0,0.0,122411.0,122411.0,2.0,0.0,0.0
2026-03-30 21:23:20,250,3.923848e+06,358226.0,8143.0,0.0,0.0,0.0,6103.0,554.0,13.0,8.972288e+07,9.416704e+08,1339.96,21.0,122510.0,0.0,122510.0,122510.0,2.0,0.0,0.0
2026-03-30 21:23:32,251,3.926578e+06,358894.0,8143.0,0.0,0.0,0.0,6107.0,555.0,13.0,8.972288e+07,9.416704e+08,1341.1,21.0,122612.0,0.0,122612.0,122612.0,2.0,0.0,0.0
2026-03-30 21:23:44,251,3.930005e+06,358894.0,8143.0,0.0,0.0,0.0,6112.0,555.0,13.0,8.972288e+07,9.416704e+08,1342.3000000000002,21.0,122714.0,0.0,122714.0,122714.0,2.0,0.0,0.0
2026-03-30 21:23:57,251,3.933403e+06,359454.0,8143.0,0.0,0.0,0.0,6117.0,556.0,13.0,8.972288e+07,9.416704e+08,1343.45,21.0,122815.0,0.0,122815.0,122815.0,2.0,0.0,0.0
2026-03-30 21:24:09,251,3.93683e+06,359454.0,8143.0,0.0,0.0,0.0,6122.0,556.0,13.0,8.972288e+07,9.416704e+08,1344.6299999999999,21.0,122915.0,0.0,122915.0,122915.0,2.0,0.0,0.0
2026-03-30 21:24:21,251,3.940228e+06,359454.0,8143.0,0.0,0.0,0.0,6127.0,556.0,13.0,8.972288e+07,9.416704e+08,1345.8000000000002,21.0,123016.0,0.0,123016.0,123016.0,2.0,0.0,0.0
2026-03-30 21:24:34,252,3.942958e+06,360151.0,8143.0,0.0,0.0,0.0,6131.0,557.0,13.0,8.9591808e+07,9.416704e+08,1347.02,21.0,123119.0,0.0,123119.0,123119.0,2.0,0.0,0.0
2026-03-30 21:24:46,252,3.946356e+06,360151.0,8143.0,0.0,0.0,0.0,6136.0,557.0,13.0,8.9329664e+07,9.416704e+08,1348.11,21.0,123218.0,0.0,123218.0,123218.0,2.0,0.0,0.0
2026-03-30 21:24:58,252,3.949086e+06,360848.0,8143.0,0.0,0.0,0.0,6140.0,558.0,13.0,8.9329664e+07,9.416704e+08,1349.27,21.0,123318.0,0.0,123318.0,123318.0,2.0,0.0,0.0
2026-03-30 21:25:11,252,3.953044e+06,360848.0,8143.0,0.0,0.0,0.0,6146.0,558.0,13.0,8.9329664e+07,9.416704e+08,1350.51,21.0,123421.0,0.0,123421.0,123421.0,2.0,0.0,0.0
2026-03-30 21:25:24,252,3.955803e+06,361516.0,8143.0,0.0,0.0,0.0,6150.0,559.0,13.0,8.9329664e+07,9.416704e+08,1351.5900000000001,21.0,123522.0,0.0,123522.0,123522.0,2.0,0.0,0.0
2026-03-30 21:25:36,253,3.959201e+06,361516.0,8143.0,0.0,0.0,0.0,6155.0,559.0,13.0,8.9329664e+07,9.416704e+08,1352.67,23.0,123622.0,0.0,123621.0,123621.0,2.0,0.0,0.0
2026-03-30 21:25:48,253,3.962628e+06,361516.0,8143.0,0.0,0.0,0.0,6160.0,559.0,13.0,8.9329664e+07,9.416704e+08,1353.75,21.0,123720.0,0.0,123720.0,123720.0,2.0,0.0,0.0
2026-03-30 21:26:00,253,3.965253e+06,362184.0,8143.0,0.0,0.0,0.0,6164.0,560.0,13.0,8.8936448e+07,9.416704e+08,1354.8600000000001,21.0,123818.0,0.0,123818.0,123818.0,2.0,0.0,0.0
2026-03-30 21:26:13,253,3.96924e+06,362184.0,8143.0,0.0,0.0,0.0,6170.0,560.0,13.0,8.8936448e+07,9.416704e+08,1356.0,21.0,123918.0,0.0,123918.0,123918.0,2.0,0.0,0.0
2026-03-30 21:26:25,254,3.971941e+06,362881.0,8143.0,0.0,0.0,0.0,6174.0,561.0,13.0,8.8936448e+07,9.416704e+08,1357.1399999999999,23.0,124018.0,0.0,124017.0,124017.0,2.0,0.0,0.0
2026-03-30 21:26:37,254,3.975368e+06,362881.0,8143.0,0.0,0.0,0.0,6179.0,561.0,13.0,8.8936448e+07,9.416704e+08,1358.21,21.0,124117.0,0.0,124117.0,124117.0,2.0,0.0,0.0
2026-03-30 21:26:49,254,3.978069e+06,363578.0,8143.0,0.0,0.0,0.0,6183.0,562.0,13.0,8.8936448e+07,9.416704e+08,1359.32,21.0,124217.0,0.0,124217.0,124217.0,2.0,0.0,0.0
2026-03-30 21:27:02,254,3.981496e+06,363578.0,8143.0,0.0,0.0,0.0,6188.0,562.0,13.0,8.8936448e+07,9.416704e+08,1360.4399999999998,21.0,124317.0,0.0,124317.0,124317.0,2.0,0.0,0.0
2026-03-30 21:27:14,254,3.984894e+06,363578.0,8143.0,0.0,0.0,0.0,6193.0,562.0,13.0,8.8805376e+07,9.416704e+08,1361.5800000000002,21.0,124417.0,0.0,124417.0,124417.0,2.0,0.0,0.0
2026-03-30 21:27:26,255,3.987624e+06,364275.0,8143.0,0.0,0.0,0.0,6197.0,563.0,13.0,8.8805376e+07,9.416704e+08,1362.63,21.0,124515.0,0.0,124515.0,124515.0,2.0,0.0,0.0
2026-03-30 21:27:38,255,3.991022e+06,364275.0,8143.0,0.0,0.0,0.0,6202.0,563.0,13.0,8.8150016e+07,9.416704e+08,1363.77,22.0,124615.0,0.0,124614.0,124614.0,2.0,0.0,0.0
2026-03-30 21:27:51,255,3.994315e+06,364972.0,8143.0,0.0,0.0,0.0,6207.0,564.0,13.0,8.8150016e+07,9.416704e+08,1364.93,21.0,124716.0,0.0,124716.0,124716.0,2.0,0.0,0.0
2026-03-30 21:28:03,255,3.997605e+06,364972.0,8143.0,0.0,0.0,0.0,6212.0,564.0,13.0,8.8150016e+07,9.416704e+08,1366.04,23.0,124814.0,0.0,124813.0,124813.0,2.0,0.0,0.0
2026-03-30 21:28:15,255,4.000364e+06,365640.0,8143.0,0.0,0.0,0.0,6216.0,565.0,13.0,8.8150016e+07,9.416704e+08,1367.1599999999999,21.0,124913.0,0.0,124913.0,124913.0,2.0,0.0,0.0
2026-03-30 21:28:27,256,4.003762e+06,365640.0,8143.0,0.0,0.0,0.0,6221.0,565.0,13.0,8.8150016e+07,9.416704e+08,1368.23,21.0,125011.0,0.0,125011.0,125011.0,2.0,0.0,0.0
2026-03-30 21:28:40,256,4.007189e+06,365640.0,8143.0,0.0,0.0,0.0,6226.0,565.0,13.0,8.8150016e+07,9.416704e+08,1369.28,21.0,125109.0,0.0,125109.0,125109.0,2.0,0.0,0.0
2026-03-30 21:28:52,256,4.009919e+06,366308.0,8143.0,0.0,0.0,0.0,6230.0,566.0,13.0,8.8150016e+07,9.416704e+08,1370.3899999999999,21.0,125211.0,0.0,125211.0,125211.0,2.0,0.0,0.0
2026-03-30 21:29:04,256,4.013346e+06,366308.0,8143.0,0.0,0.0,0.0,6235.0,566.0,13.0,8.77568e+07,9.416704e+08,1371.52,23.0,125310.0,0.0,125309.0,125309.0,2.0,0.0,0.0
2026-03-30 21:29:17,256,4.016607e+06,367005.0,8143.0,0.0,0.0,0.0,6240.0,567.0,13.0,8.77568e+07,9.416704e+08,1372.66,21.0,125410.0,0.0,125410.0,125410.0,2.0,0.0,0.0
2026-03-30 21:29:29,257,4.020034e+06,367005.0,8143.0,0.0,0.0,0.0,6245.0,567.0,13.0,8.77568e+07,9.416704e+08,1373.82,21.0,125509.0,0.0,125509.0,125509.0,2.0,0.0,0.0
2026-03-30 21:29:41,257,4.022735e+06,367702.0,8143.0,0.0,0.0,0.0,6249.0,568.0,13.0,8.77568e+07,9.416704e+08,1374.95,23.0,125607.0,0.0,125606.0,125606.0,2.0,0.0,0.0
2026-03-30 21:29:53,257,4.026162e+06,367702.0,8143.0,0.0,0.0,0.0,6254.0,568.0,13.0,8.7625728e+07,9.416704e+08,1376.03,21.0,125706.0,0.0,125706.0,125706.0,2.0,0.0,0.0
2026-03-30 21:30:06,257,4.02956e+06,367702.0,8143.0,0.0,0.0,0.0,6259.0,568.0,13.0,8.7363584e+07,9.416704e+08,1377.1899999999998,21.0,125806.0,0.0,125806.0,125806.0,2.0,0.0,0.0
2026-03-30 21:30:18,257,4.03229e+06,368399.0,8143.0,0.0,0.0,0.0,6263.0,569.0,13.0,8.7363584e+07,9.416704e+08,1378.3100000000002,21.0,125906.0,0.0,125906.0,125906.0,2.0,0.0,0.0
2026-03-30 21:30:30,258,4.035688e+06,368399.0,8143.0,0.0,0.0,0.0,6268.0,569.0,13.0,8.7363584e+07,9.416704e+08,1379.45,21.0,126006.0,0.0,126006.0,126006.0,2.0,0.0,0.0
2026-03-30 21:30:43,258,4.038418e+06,369096.0,8143.0,0.0,0.0,0.0,6272.0,570.0,13.0,8.7363584e+07,9.416704e+08,1380.53,21.0,126105.0,0.0,126105.0,126105.0,2.0,0.0,0.0
2026-03-30 21:30:55,258,4.041816e+06,369096.0,8143.0,0.0,0.0,0.0,6277.0,570.0,13.0,8.7363584e+07,9.416704e+08,1381.63,21.0,126204.0,0.0,126204.0,126204.0,2.0,0.0,0.0
2026-03-30 21:31:07,258,4.045039e+06,369793.0,8143.0,0.0,0.0,0.0,6282.0,571.0,13.0,8.6970368e+07,9.416704e+08,1382.76,21.0,126302.0,0.0,126302.0,126302.0,2.0,0.0,0.0
2026-03-30 21:31:19,258,4.048466e+06,369793.0,8143.0,0.0,0.0,0.0,6287.0,571.0,13.0,8.6970368e+07,9.416704e+08,1383.8600000000001,21.0,126401.0,0.0,126401.0,126401.0,2.0,0.0,0.0
2026-03-30 21:31:32,259,4.051864e+06,369793.0,8143.0,0.0,0.0,0.0,6292.0,571.0,13.0,8.6970368e+07,9.416704e+08,1385.17,21.0,126503.0,0.0,126503.0,126503.0,2.0,0.0,0.0
2026-03-30 21:31:44,259,4.054594e+06,370490.0,8143.0,0.0,0.0,0.0,6296.0,572.0,13.0,8.6970368e+07,9.416704e+08,1386.35,21.0,126604.0,0.0,126604.0,126604.0,2.0,0.0,0.0
2026-03-30 21:31:56,259,4.057992e+06,370490.0,8143.0,0.0,0.0,0.0,6301.0,572.0,13.0,8.6970368e+07,9.416704e+08,1387.46,21.0,126704.0,0.0,126704.0,126704.0,2.0,0.0,0.0
2026-03-30 21:32:09,259,4.060722e+06,371187.0,8143.0,0.0,0.0,0.0,6305.0,573.0,13.0,8.6970368e+07,9.416704e+08,1388.6399999999999,23.0,126804.0,0.0,126803.0,126803.0,2.0,0.0,0.0
2026-03-30 21:32:21,259,4.064715e+06,371187.0,8143.0,0.0,0.0,0.0,6311.0,573.0,13.0,8.6970368e+07,9.416704e+08,1389.7800000000002,23.0,126903.0,0.0,126902.0,126902.0,2.0,0.0,0.0
2026-03-30 21:32:33,260,4.067474e+06,371855.0,8143.0,0.0,0.0,0.0,6315.0,574.0,13.0,8.6970368e+07,9.416704e+08,1390.92,23.0,127004.0,0.0,127003.0,127003.0,2.0,0.0,0.0
2026-03-30 21:32:46,260,4.070872e+06,371855.0,8143.0,0.0,0.0,0.0,6320.0,574.0,13.0,8.6970368e+07,9.416704e+08,1392.08,21.0,127103.0,0.0,127103.0,127103.0,2.0,0.0,0.0
2026-03-30 21:32:58,260,4.074299e+06,371855.0,8143.0,0.0,0.0,0.0,6325.0,574.0,13.0,8.6970368e+07,9.416704e+08,1393.25,21.0,127204.0,0.0,127204.0,127204.0,2.0,0.0,0.0
2026-03-30 21:33:10,260,4.077446e+06,372523.0,8143.0,0.0,0.0,0.0,6330.0,575.0,13.0,8.6970368e+07,9.416704e+08,1394.38,21.0,127303.0,0.0,127303.0,127303.0,2.0,0.0,0.0
2026-03-30 21:33:23,260,4.080844e+06,372523.0,8143.0,0.0,0.0,0.0,6335.0,575.0,13.0,8.6970368e+07,9.416704e+08,1395.55,21.0,127403.0,0.0,127403.0,127403.0,2.0,0.0,0.0
2026-03-30 21:33:35,261,4.083603e+06,373191.0,8143.0,0.0,0.0,0.0,6339.0,576.0,13.0,8.6970368e+07,9.416704e+08,1396.6100000000001,21.0,127503.0,0.0,127503.0,127503.0,2.0,0.0,0.0
2026-03-30 21:33:47,261,4.087001e+06,373191.0,8143.0,0.0,0.0,0.0,6344.0,576.0,13.0,8.6970368e+07,9.416704e+08,1397.71,21.0,127602.0,0.0,127602.0,127602.0,2.0,0.0,0.0
2026-03-30 21:34:00,261,4.08976e+06,373859.0,8143.0,0.0,0.0,0.0,6348.0,577.0,13.0,8.6970368e+07,9.416704e+08,1398.8899999999999,23.0,127703.0,0.0,127702.0,127702.0,2.0,0.0,0.0
2026-03-30 21:34:12,261,4.093158e+06,373859.0,8143.0,0.0,0.0,0.0,6353.0,577.0,13.0,8.6970368e+07,9.416704e+08,1400.01,21.0,127803.0,0.0,127803.0,127803.0,2.0,0.0,0.0
2026-03-30 21:34:24,261,4.096585e+06,373859.0,8143.0,0.0,0.0,0.0,6358.0,577.0,13.0,8.6970368e+07,9.416704e+08,1401.1,23.0,127903.0,0.0,127902.0,127902.0,2.0,0.0,0.0
2026-03-30 21:34:37,262,4.099983e+06,374384.0,8143.0,0.0,0.0,0.0,6363.0,578.0,13.0,8.6970368e+07,9.416704e+08,1402.1899999999998,21.0,128001.0,0.0,128001.0,128001.0,2.0,0.0,0.0
2026-03-30 21:34:49,262,4.10341e+06,374384.0,8143.0,0.0,0.0,0.0,6368.0,578.0,13.0,8.6970368e+07,9.416704e+08,1403.32,21.0,128099.0,0.0,128099.0,128099.0,2.0,0.0,0.0
2026-03-30 21:35:01,262,4.106111e+06,375081.0,8143.0,0.0,0.0,0.0,6372.0,579.0,13.0,8.6970368e+07,9.416704e+08,1404.45,21.0,128199.0,0.0,128199.0,128199.0,2.0,0.0,0.0
2026-03-30 21:35:14,262,4.109538e+06,375081.0,8143.0,0.0,0.0,0.0,6377.0,579.0,13.0,8.6970368e+07,9.416704e+08,1405.5700000000002,21.0,128302.0,0.0,128302.0,128302.0,2.0,0.0,0.0
2026-03-30 21:35:26,263,4.112239e+06,375778.0,8143.0,0.0,0.0,0.0,6381.0,580.0,13.0,8.6970368e+07,9.416704e+08,1406.65,21.0,128402.0,0.0,128402.0,128402.0,2.0,0.0,0.0
2026-03-30 21:35:39,263,4.115666e+06,375778.0,8143.0,0.0,0.0,0.0,6386.0,580.0,13.0,8.6970368e+07,9.416704e+08,1407.6799999999998,21.0,128501.0,0.0,128501.0,128501.0,2.0,0.0,0.0
2026-03-30 21:35:51,263,4.119064e+06,375778.0,8143.0,0.0,0.0,0.0,6391.0,580.0,13.0,8.6315008e+07,9.416704e+08,1408.8000000000002,21.0,128602.0,0.0,128602.0,128602.0,2.0,0.0,0.0
2026-03-30 21:36:03,263,4.122459e+06,376373.0,8143.0,0.0,0.0,0.0,6396.0,581.0,13.0,8.6315008e+07,9.416704e+08,1409.94,21.0,128704.0,0.0,128704.0,128704.0,2.0,0.0,0.0
2026-03-30 21:36:16,263,4.125886e+06,376373.0,8143.0,0.0,0.0,0.0,6401.0,581.0,13.0,8.6315008e+07,9.416704e+08,1411.02,21.0,128804.0,0.0,128804.0,128804.0,2.0,0.0,0.0
2026-03-30 21:36:28,264,4.128587e+06,377070.0,8143.0,0.0,0.0,0.0,6405.0,582.0,13.0,8.6315008e+07,9.416704e+08,1412.1200000000001,21.0,128903.0,0.0,128903.0,128903.0,2.0,0.0,0.0
2026-03-30 21:36:40,264,4.132014e+06,377070.0,8143.0,0.0,0.0,0.0,6410.0,582.0,13.0,8.513536e+07,9.416704e+08,1413.18,21.0,129003.0,0.0,129003.0,129003.0,2.0,0.0,0.0
2026-03-30 21:36:53,264,4.134715e+06,377767.0,8143.0,0.0,0.0,0.0,6414.0,583.0,13.0,8.513536e+07,9.416704e+08,1414.31,21.0,129102.0,0.0,129102.0,129102.0,2.0,0.0,0.0
2026-03-30 21:37:05,264,4.138142e+06,377767.0,8143.0,0.0,0.0,0.0,6419.0,583.0,13.0,8.513536e+07,9.416704e+08,1415.44,23.0,129203.0,0.0,129202.0,129202.0,2.0,0.0,0.0
2026-03-30 21:37:17,264,4.141432e+06,378435.0,8143.0,0.0,0.0,0.0,6424.0,584.0,13.0,8.513536e+07,9.416704e+08,1416.53,21.0,129302.0,0.0,129302.0,129302.0,2.0,0.0,0.0
2026-03-30 21:37:30,265,4.144859e+06,378435.0,8143.0,0.0,0.0,0.0,6429.0,584.0,13.0,8.513536e+07,9.416704e+08,1417.62,21.0,129401.0,0.0,129401.0,129401.0,2.0,0.0,0.0
2026-03-30 21:37:42,265,4.148257e+06,378435.0,8143.0,0.0,0.0,0.0,6434.0,584.0,13.0,8.513536e+07,9.416704e+08,1418.7,21.0,129501.0,0.0,129501.0,129501.0,2.0,0.0,0.0
2026-03-30 21:37:54,265,4.150529e+06,379103.0,8840.0,0.0,0.0,0.0,6438.0,585.0,14.0,8.513536e+07,9.416704e+08,1419.81,23.0,129601.0,0.0,129600.0,129600.0,2.0,0.0,0.0
2026-03-30 21:38:07,265,4.153504e+06,379103.0,8840.0,0.0,0.0,0.0,6443.0,585.0,14.0,8.513536e+07,9.416704e+08,1420.9199999999998,21.0,129700.0,0.0,129700.0,129700.0,2.0,0.0,0.0
2026-03-30 21:38:19,265,4.156444e+06,379698.0,8840.0,0.0,0.0,0.0,6448.0,586.0,14.0,8.5004288e+07,9.416704e+08,1422.06,21.0,129799.0,0.0,129799.0,129799.0,2.0,0.0,0.0
2026-03-30 21:38:31,266,4.159909e+06,379698.0,8840.0,0.0,0.0,0.0,6454.0,586.0,14.0,8.5004288e+07,9.416704e+08,1423.12,23.0,129898.0,0.0,129897.0,129897.0,2.0,0.0,0.0
2026-03-30 21:38:43,266,4.162779e+06,380293.0,8840.0,0.0,0.0,0.0,6459.0,587.0,14.0,8.5004288e+07,9.416704e+08,1424.1899999999998,21.0,129998.0,0.0,129998.0,129998.0,2.0,0.0,0.0
2026-03-30 21:38:56,266,4.166384e+06,380293.0,8840.0,0.0,0.0,0.0,6465.0,587.0,14.0,8.2776064e+07,9.416704e+08,1425.32,21.0,130099.0,0.0,130099.0,130099.0,2.0,0.0,0.0
2026-03-30 21:39:08,266,4.169044e+06,380958.0,8840.0,0.0,0.0,0.0,6469.0,588.0,14.0,8.2644992e+07,9.416704e+08,1426.3999999999999,21.0,130198.0,0.0,130198.0,130198.0,2.0,0.0,0.0
2026-03-30 21:39:21,266,4.172964e+06,380958.0,8840.0,0.0,0.0,0.0,6475.0,588.0,14.0,8.2644992e+07,9.416704e+08,1427.5300000000002,21.0,130298.0,0.0,130298.0,130298.0,2.0,0.0,0.0
2026-03-30 21:39:33,267,4.175624e+06,381623.0,8840.0,0.0,0.0,0.0,6479.0,589.0,14.0,8.2644992e+07,9.416704e+08,1428.6200000000001,21.0,130398.0,0.0,130398.0,130398.0,2.0,0.0,0.0
2026-03-30 21:39:45,267,4.178949e+06,381623.0,8840.0,0.0,0.0,0.0,6484.0,589.0,14.0,8.2644992e+07,9.416704e+08,1429.73,22.0,130498.0,0.0,130497.0,130497.0,2.0,0.0,0.0
2026-03-30 21:39:57,267,4.182799e+06,381623.0,8840.0,0.0,0.0,0.0,6490.0,589.0,14.0,8.2644992e+07,9.416704e+08,1430.9,23.0,130598.0,0.0,130597.0,130597.0,2.0,0.0,0.0
2026-03-30 21:40:10,267,4.185459e+06,382288.0,8840.0,0.0,0.0,0.0,6494.0,590.0,14.0,8.2644992e+07,9.416704e+08,1432.0,21.0,130696.0,0.0,130696.0,130696.0,2.0,0.0,0.0
2026-03-30 21:40:22,267,4.188784e+06,382288.0,8840.0,0.0,0.0,0.0,6499.0,590.0,14.0,8.2644992e+07,9.416704e+08,1433.06,23.0,130796.0,0.0,130795.0,130795.0,2.0,0.0,0.0
2026-03-30 21:40:35,268,4.191899e+06,382953.0,8840.0,0.0,0.0,0.0,6504.0,591.0,14.0,8.2644992e+07,9.416704e+08,1434.14,21.0,130894.0,0.0,130894.0,130894.0,2.0,0.0,0.0
2026-03-30 21:40:47,268,4.195224e+06,382953.0,8840.0,0.0,0.0,0.0,6509.0,591.0,14.0,8.2644992e+07,9.416704e+08,1435.21,21.0,130993.0,0.0,130993.0,130993.0,2.0,0.0,0.0
2026-03-30 21:40:59,268,4.197884e+06,383618.0,8840.0,0.0,0.0,0.0,6513.0,592.0,14.0,8.2644992e+07,9.416704e+08,1436.34,21.0,131093.0,0.0,131093.0,131093.0,2.0,0.0,0.0
2026-03-30 21:41:11,268,4.201209e+06,383618.0,8840.0,0.0,0.0,0.0,6518.0,592.0,14.0,8.2644992e+07,9.416704e+08,1437.43,21.0,131191.0,0.0,131191.0,131191.0,2.0,0.0,0.0
2026-03-30 21:41:24,268,4.204394e+06,384283.0,8840.0,0.0,0.0,0.0,6523.0,593.0,14.0,8.2644992e+07,9.416704e+08,1438.51,21.0,131288.0,0.0,131288.0,131288.0,2.0,0.0,0.0
2026-03-30 21:41:36,269,4.207719e+06,384283.0,8840.0,0.0,0.0,0.0,6528.0,593.0,14.0,8.2644992e+07,9.416704e+08,1439.62,21.0,131387.0,0.0,131387.0,131387.0,2.0,0.0,0.0
2026-03-30 21:41:48,269,4.211044e+06,384283.0,8840.0,0.0,0.0,0.0,6533.0,593.0,14.0,8.2644992e+07,9.416704e+08,1440.65,21.0,131485.0,0.0,131485.0,131485.0,2.0,0.0,0.0
2026-03-30 21:42:00,269,4.213739e+06,384948.0,8840.0,0.0,0.0,0.0,6537.0,594.0,14.0,8.2644992e+07,9.416704e+08,1441.79,21.0,131587.0,0.0,131587.0,131587.0,2.0,0.0,0.0
2026-03-30 21:42:13,269,4.217729e+06,384948.0,8840.0,0.0,0.0,0.0,6543.0,594.0,14.0,8.2644992e+07,9.416704e+08,1442.97,23.0,131687.0,0.0,131686.0,131686.0,2.0,0.0,0.0
2026-03-30 21:42:25,270,4.220459e+06,385616.0,8840.0,0.0,0.0,0.0,6547.0,595.0,14.0,8.2644992e+07,9.416704e+08,1444.1,21.0,131787.0,0.0,131787.0,131787.0,2.0,0.0,0.0
2026-03-30 21:42:37,270,4.223886e+06,385616.0,8840.0,0.0,0.0,0.0,6552.0,595.0,14.0,8.2644992e+07,9.416704e+08,1445.1699999999998,21.0,131885.0,0.0,131885.0,131885.0,2.0,0.0,0.0
2026-03-30 21:42:49,270,4.226616e+06,386284.0,8840.0,0.0,0.0,0.0,6556.0,596.0,14.0,8.2644992e+07,9.416704e+08,1446.2900000000002,21.0,131984.0,0.0,131984.0,131984.0,2.0,0.0,0.0
2026-03-30 21:43:02,270,4.230043e+06,386284.0,8840.0,0.0,0.0,0.0,6561.0,596.0,14.0,8.2644992e+07,9.416704e+08,1447.4,21.0,132084.0,0.0,132084.0,132084.0,2.0,0.0,0.0
2026-03-30 21:43:14,270,4.233441e+06,386284.0,8840.0,0.0,0.0,0.0,6566.0,596.0,14.0,8.2644992e+07,9.416704e+08,1448.6,21.0,132185.0,0.0,132185.0,132185.0,2.0,0.0,0.0
2026-03-30 21:43:26,271,4.2362e+06,386952.0,8840.0,0.0,0.0,0.0,6570.0,597.0,14.0,8.2644992e+07,9.416704e+08,1449.77,21.0,132286.0,0.0,132286.0,132286.0,2.0,0.0,0.0
2026-03-30 21:43:38,271,4.239598e+06,386952.0,8840.0,0.0,0.0,0.0,6575.0,597.0,14.0,8.2644992e+07,9.416704e+08,1450.82,21.0,132384.0,0.0,132384.0,132384.0,2.0,0.0,0.0
2026-03-30 21:43:51,271,4.242885e+06,387620.0,8840.0,0.0,0.0,0.0,6580.0,598.0,14.0,8.2644992e+07,9.416704e+08,1451.9199999999998,21.0,132483.0,0.0,132483.0,132483.0,2.0,0.0,0.0
2026-03-30 21:44:03,271,4.242885e+06,387620.0,8840.0,0.0,0.0,0.0,6580.0,598.0,14.0,8.2644992e+07,9.416704e+08,1452.1200000000001,21.0,132500.0,0.0,132500.0,132500.0,2.0,0.0,0.0
2026-03-30 21:44:15,271,4.246945e+06,387620.0,8840.0,0.0,0.0,0.0,6586.0,598.0,14.0,8.2644992e+07,9.416704e+08,1453.25,23.0,132600.0,0.0,132599.0,132599.0,2.0,0.0,0.0
2026-03-30 21:44:27,272,4.249704e+06,388288.0,8840.0,0.0,0.0,0.0,6590.0,599.0,14.0,8.2644992e+07,9.416704e+08,1454.3999999999999,23.0,132700.0,0.0,132699.0,132699.0,2.0,0.0,0.0
2026-03-30 21:44:40,272,4.253102e+06,388288.0,8840.0,0.0,0.0,0.0,6595.0,599.0,14.0,8.2644992e+07,9.416704e+08,1455.5,21.0,132797.0,0.0,132797.0,132797.0,2.0,0.0,0.0
2026-03-30 21:44:52,272,4.256529e+06,388288.0,8840.0,0.0,0.0,0.0,6600.0,599.0,14.0,8.2644992e+07,9.416704e+08,1456.6299999999999,21.0,132895.0,0.0,132895.0,132895.0,2.0,0.0,0.0
2026-03-30 21:45:04,272,4.259259e+06,388956.0,8840.0,0.0,0.0,0.0,6604.0,600.0,14.0,8.2382848e+07,9.416704e+08,1457.73,21.0,132995.0,0.0,132995.0,132995.0,2.0,0.0,0.0
2026-03-30 21:45:17,272,4.262546e+06,388956.0,8840.0,0.0,0.0,0.0,6609.0,600.0,14.0,8.2382848e+07,9.416704e+08,1458.8400000000001,21.0,133095.0,0.0,133095.0,133095.0,2.0,0.0,0.0
2026-03-30 21:45:29,273,4.265276e+06,389624.0,8840.0,0.0,0.0,0.0,6613.0,601.0,14.0,8.2382848e+07,9.416704e+08,1459.9099999999999,21.0,133194.0,0.0,133194.0,133194.0,2.0,0.0,0.0
2026-03-30 21:45:41,273,4.269231e+06,389624.0,8840.0,0.0,0.0,0.0,6619.0,601.0,14.0,8.2251776e+07,9.416704e+08,1461.0500000000002,21.0,133294.0,0.0,133294.0,133294.0,2.0,0.0,0.0
2026-03-30 21:45:53,273,4.27199e+06,390292.0,8840.0,0.0,0.0,0.0,6623.0,602.0,14.0,8.2251776e+07,9.416704e+08,1462.15,21.0,133396.0,0.0,133396.0,133396.0,2.0,0.0,0.0
2026-03-30 21:46:06,273,4.275388e+06,390292.0,8840.0,0.0,0.0,0.0,6628.0,602.0,14.0,8.2251776e+07,9.416704e+08,1463.25,21.0,133496.0,0.0,133496.0,133496.0,2.0,0.0,0.0
2026-03-30 21:46:18,273,4.278815e+06,390292.0,8840.0,0.0,0.0,0.0,6633.0,602.0,14.0,8.2251776e+07,9.416704e+08,1464.39,21.0,133595.0,0.0,133595.0,133595.0,2.0,0.0,0.0
2026-03-30 21:46:31,274,4.281545e+06,390960.0,8840.0,0.0,0.0,0.0,6637.0,603.0,14.0,8.2251776e+07,9.416704e+08,1465.48,21.0,133695.0,0.0,133695.0,133695.0,2.0,0.0,0.0
2026-03-30 21:46:43,274,4.284972e+06,390960.0,8840.0,0.0,0.0,0.0,6642.0,603.0,14.0,8.2251776e+07,9.416704e+08,1466.62,23.0,133795.0,0.0,133794.0,133794.0,2.0,0.0,0.0
2026-03-30 21:46:55,274,4.288233e+06,391657.0,8840.0,0.0,0.0,0.0,6647.0,604.0,14.0,8.2251776e+07,9.416704e+08,1467.73,21.0,133894.0,0.0,133894.0,133894.0,2.0,0.0,0.0
2026-03-30 21:47:07,274,4.29166e+06,391657.0,8840.0,0.0,0.0,0.0,6652.0,604.0,14.0,8.2251776e+07,9.416704e+08,1468.92,23.0,133996.0,0.0,133995.0,133995.0,2.0,0.0,0.0
2026-03-30 21:47:20,274,4.294291e+06,392354.0,8840.0,0.0,0.0,0.0,6656.0,605.0,14.0,8.2251776e+07,9.416704e+08,1469.99,21.0,134095.0,0.0,134095.0,134095.0,2.0,0.0,0.0
2026-03-30 21:47:32,275,4.297718e+06,392354.0,8840.0,0.0,0.0,0.0,6661.0,605.0,14.0,8.2251776e+07,9.416704e+08,1471.0800000000002,23.0,134194.0,0.0,134193.0,134193.0,2.0,0.0,0.0
2026-03-30 21:47:44,275,4.301116e+06,392354.0,8840.0,0.0,0.0,0.0,6666.0,605.0,14.0,8.2251776e+07,9.416704e+08,1472.19,21.0,134293.0,0.0,134293.0,134293.0,2.0,0.0,0.0
2026-03-30 21:47:56,275,4.303846e+06,393051.0,8840.0,0.0,0.0,0.0,6670.0,606.0,14.0,8.2251776e+07,9.416704e+08,1473.3,23.0,134394.0,0.0,134393.0,134393.0,2.0,0.0,0.0
2026-03-30 21:48:09,275,4.307804e+06,393051.0,8840.0,0.0,0.0,0.0,6676.0,606.0,14.0,8.2251776e+07,9.416704e+08,1474.42,21.0,134493.0,0.0,134493.0,134493.0,2.0,0.0,0.0
2026-03-30 21:48:21,275,4.310563e+06,393719.0,8840.0,0.0,0.0,0.0,6680.0,607.0,14.0,8.2251776e+07,9.416704e+08,1475.54,21.0,134592.0,0.0,134592.0,134592.0,2.0,0.0,0.0
2026-03-30 21:48:33,276,4.313961e+06,393719.0,8840.0,0.0,0.0,0.0,6685.0,607.0,14.0,8.2251776e+07,9.416704e+08,1476.67,23.0,134692.0,0.0,134691.0,134691.0,2.0,0.0,0.0
2026-03-30 21:48:45,276,4.31672e+06,394387.0,8840.0,0.0,0.0,0.0,6689.0,608.0,14.0,8.2251776e+07,9.416704e+08,1477.8700000000001,22.0,134791.0,0.0,134790.0,134790.0,2.0,0.0,0.0
2026-03-30 21:48:58,276,4.320118e+06,394387.0,8840.0,0.0,0.0,0.0,6694.0,608.0,14.0,8.2251776e+07,9.416704e+08,1478.98,21.0,134892.0,0.0,134892.0,134892.0,2.0,0.0,0.0
2026-03-30 21:49:10,276,4.323545e+06,394387.0,8840.0,0.0,0.0,0.0,6699.0,608.0,14.0,8.2251776e+07,9.416704e+08,1480.0700000000002,21.0,134992.0,0.0,134992.0,134992.0,2.0,0.0,0.0
2026-03-30 21:49:23,276,4.326762e+06,395055.0,8840.0,0.0,0.0,0.0,6704.0,609.0,14.0,8.2251776e+07,9.416704e+08,1481.25,21.0,135092.0,0.0,135092.0,135092.0,2.0,0.0,0.0
2026-03-30 21:49:35,277,4.33016e+06,395055.0,8840.0,0.0,0.0,0.0,6709.0,609.0,14.0,8.2251776e+07,9.416704e+08,1482.37,21.0,135192.0,0.0,135192.0,135192.0,2.0,0.0,0.0
2026-03-30 21:49:47,277,4.332919e+06,395723.0,8840.0,0.0,0.0,0.0,6713.0,610.0,14.0,8.2251776e+07,9.416704e+08,1483.5600000000002,23.0,135293.0,0.0,135292.0,135292.0,2.0,0.0,0.0
2026-03-30 21:50:00,277,4.336317e+06,395723.0,8840.0,0.0,0.0,0.0,6718.0,610.0,14.0,8.2251776e+07,9.416704e+08,1484.61,21.0,135392.0,0.0,135392.0,135392.0,2.0,0.0,0.0
2026-03-30 21:50:12,277,4.339076e+06,396391.0,8840.0,0.0,0.0,0.0,6722.0,611.0,14.0,8.2251776e+07,9.416704e+08,1485.76,21.0,135491.0,0.0,135491.0,135491.0,2.0,0.0,0.0
2026-03-30 21:50:24,277,4.342474e+06,396391.0,8840.0,0.0,0.0,0.0,6727.0,611.0,14.0,8.2251776e+07,9.416704e+08,1486.8500000000001,21.0,135589.0,0.0,135589.0,135589.0,2.0,0.0,0.0
2026-03-30 21:50:36,278,4.345901e+06,396391.0,8840.0,0.0,0.0,0.0,6732.0,611.0,14.0,8.2251776e+07,9.416704e+08,1487.8999999999999,21.0,135688.0,0.0,135688.0,135688.0,2.0,0.0,0.0
2026-03-30 21:50:48,278,4.348631e+06,397059.0,8840.0,0.0,0.0,0.0,6736.0,612.0,14.0,8.2251776e+07,9.416704e+08,1489.03,21.0,135788.0,0.0,135788.0,135788.0,2.0,0.0,0.0
2026-03-30 21:51:01,278,4.351918e+06,397059.0,8840.0,0.0,0.0,0.0,6741.0,612.0,14.0,8.2251776e+07,9.416704e+08,1490.0900000000001,21.0,135885.0,0.0,135885.0,135885.0,2.0,0.0,0.0
2026-03-30 21:51:13,278,4.355284e+06,397756.0,8840.0,0.0,0.0,0.0,6746.0,613.0,14.0,8.2251776e+07,9.416704e+08,1491.24,21.0,135986.0,0.0,135986.0,135986.0,2.0,0.0,0.0
2026-03-30 21:51:26,279,4.358606e+06,397756.0,8840.0,0.0,0.0,0.0,6751.0,613.0,14.0,8.2251776e+07,9.416704e+08,1492.42,21.0,136087.0,0.0,136087.0,136087.0,2.0,0.0,0.0
2026-03-30 21:51:38,279,4.361307e+06,398453.0,8840.0,0.0,0.0,0.0,6755.0,614.0,14.0,8.2251776e+07,9.416704e+08,1493.47,22.0,136187.0,0.0,136186.0,136186.0,2.0,0.0,0.0
2026-03-30 21:51:50,279,4.364734e+06,398453.0,8840.0,0.0,0.0,0.0,6760.0,614.0,14.0,8.2251776e+07,9.416704e+08,1494.56,21.0,136287.0,0.0,136287.0,136287.0,2.0,0.0,0.0
2026-03-30 21:52:03,279,4.368132e+06,398453.0,8840.0,0.0,0.0,0.0,6765.0,614.0,14.0,8.2251776e+07,9.416704e+08,1495.65,21.0,136386.0,0.0,136386.0,136386.0,2.0,0.0,0.0
2026-03-30 21:52:15,279,4.371527e+06,399048.0,8840.0,0.0,0.0,0.0,6770.0,615.0,14.0,8.2251776e+07,9.416704e+08,1496.76,23.0,136485.0,0.0,136484.0,136484.0,2.0,0.0,0.0
2026-03-30 21:52:27,280,4.374954e+06,399048.0,8840.0,0.0,0.0,0.0,6775.0,615.0,14.0,8.2251776e+07,9.416704e+08,1498.0,21.0,136584.0,0.0,136584.0,136584.0,2.0,0.0,0.0
2026-03-30 21:52:39,280,4.377655e+06,399745.0,8840.0,0.0,0.0,0.0,6779.0,616.0,14.0,8.2251776e+07,9.416704e+08,1499.12,21.0,136681.0,0.0,136681.0,136681.0,2.0,0.0,0.0
2026-03-30 21:52:51,280,4.381082e+06,399745.0,8840.0,0.0,0.0,0.0,6784.0,616.0,14.0,8.2251776e+07,9.416704e+08,1500.3,23.0,136782.0,0.0,136781.0,136781.0,2.0,0.0,0.0
2026-03-30 21:53:04,280,4.383783e+06,400442.0,8840.0,0.0,0.0,0.0,6788.0,617.0,14.0,8.2251776e+07,9.416704e+08,1501.3999999999999,21.0,136881.0,0.0,136881.0,136881.0,2.0,0.0,0.0
2026-03-30 21:53:16,280,4.38721e+06,400442.0,8840.0,0.0,0.0,0.0,6793.0,617.0,14.0,8.2251776e+07,9.416704e+08,1502.56,21.0,136982.0,0.0,136982.0,136982.0,2.0,0.0,0.0
2026-03-30 21:53:29,281,4.390608e+06,400442.0,8840.0,0.0,0.0,0.0,6798.0,617.0,14.0,8.2251776e+07,9.416704e+08,1503.64,21.0,137082.0,0.0,137082.0,137082.0,2.0,0.0,0.0
2026-03-30 21:53:41,281,4.393338e+06,401139.0,8840.0,0.0,0.0,0.0,6802.0,618.0,14.0,8.2251776e+07,9.416704e+08,1504.86,23.0,137183.0,0.0,137182.0,137182.0,2.0,0.0,0.0
2026-03-30 21:53:53,281,4.397331e+06,401139.0,8840.0,0.0,0.0,0.0,6808.0,618.0,14.0,8.2251776e+07,9.416704e+08,1505.97,21.0,137282.0,0.0,137282.0,137282.0,2.0,0.0,0.0
2026-03-30 21:54:05,281,4.40009e+06,401807.0,8840.0,0.0,0.0,0.0,6812.0,619.0,14.0,8.2251776e+07,9.416704e+08,1507.11,21.0,137383.0,0.0,137383.0,137383.0,2.0,0.0,0.0
2026-03-30 21:54:18,281,4.403488e+06,401807.0,8840.0,0.0,0.0,0.0,6817.0,619.0,14.0,8.2251776e+07,9.416704e+08,1508.28,23.0,137483.0,0.0,137482.0,137482.0,2.0,0.0,0.0
2026-03-30 21:54:30,282,4.406247e+06,402475.0,8840.0,0.0,0.0,0.0,6821.0,620.0,14.0,8.2251776e+07,9.416704e+08,1509.4,23.0,137583.0,0.0,137582.0,137582.0,2.0,0.0,0.0
2026-03-30 21:54:42,282,4.409645e+06,402475.0,8840.0,0.0,0.0,0.0,6826.0,620.0,14.0,8.2251776e+07,9.416704e+08,1510.44,21.0,137682.0,0.0,137682.0,137682.0,2.0,0.0,0.0
2026-03-30 21:54:54,282,4.413072e+06,402475.0,8840.0,0.0,0.0,0.0,6831.0,620.0,14.0,8.2251776e+07,9.416704e+08,1511.54,21.0,137780.0,0.0,137780.0,137780.0,2.0,0.0,0.0
2026-03-30 21:55:06,282,4.415802e+06,403143.0,8840.0,0.0,0.0,0.0,6835.0,621.0,14.0,8.2251776e+07,9.416704e+08,1512.64,21.0,137880.0,0.0,137880.0,137880.0,2.0,0.0,0.0
2026-03-30 21:55:19,282,4.419897e+06,403143.0,8840.0,0.0,0.0,0.0,6841.0,621.0,14.0,8.2251776e+07,9.416704e+08,1513.8,23.0,137983.0,0.0,137982.0,137982.0,2.0,0.0,0.0
2026-03-30 21:55:32,283,4.422656e+06,403811.0,8840.0,0.0,0.0,0.0,6845.0,622.0,14.0,8.2251776e+07,9.416704e+08,1514.96,21.0,138082.0,0.0,138082.0,138082.0,2.0,0.0,0.0
2026-03-30 21:55:44,283,4.426054e+06,403811.0,8840.0,0.0,0.0,0.0,6850.0,622.0,14.0,8.2251776e+07,9.416704e+08,1516.07,21.0,138182.0,0.0,138182.0,138182.0,2.0,0.0,0.0
2026-03-30 21:55:56,283,4.428813e+06,404479.0,8840.0,0.0,0.0,0.0,6854.0,623.0,14.0,8.2251776e+07,9.416704e+08,1517.22,21.0,138282.0,0.0,138282.0,138282.0,2.0,0.0,0.0
2026-03-30 21:56:09,283,4.432211e+06,404479.0,8840.0,0.0,0.0,0.0,6859.0,623.0,14.0,8.2251776e+07,9.416704e+08,1518.3000000000002,21.0,138383.0,0.0,138383.0,138383.0,2.0,0.0,0.0
2026-03-30 21:56:21,283,4.435393e+06,404479.0,8840.0,0.0,0.0,0.0,6864.0,623.0,14.0,8.2251776e+07,9.416704e+08,1519.42,21.0,138481.0,0.0,138481.0,138481.0,2.0,0.0,0.0
2026-03-30 21:56:33,284,4.438788e+06,405112.0,8840.0,0.0,0.0,0.0,6869.0,624.0,14.0,8.2251776e+07,9.416704e+08,1520.53,23.0,138581.0,0.0,138580.0,138580.0,2.0,0.0,0.0
2026-03-30 21:56:45,284,4.442215e+06,405112.0,8840.0,0.0,0.0,0.0,6874.0,624.0,14.0,8.2251776e+07,9.416704e+08,1521.63,21.0,138679.0,0.0,138679.0,138679.0,2.0,0.0,0.0
2026-03-30 21:56:57,284,4.444916e+06,405809.0,8840.0,0.0,0.0,0.0,6878.0,625.0,14.0,8.2251776e+07,9.416704e+08,1522.73,21.0,138778.0,0.0,138778.0,138778.0,2.0,0.0,0.0
2026-03-30 21:57:10,284,4.448343e+06,405809.0,8840.0,0.0,0.0,0.0,6883.0,625.0,14.0,8.2251776e+07,9.416704e+08,1523.7800000000002,21.0,138878.0,0.0,138878.0,138878.0,2.0,0.0,0.0
2026-03-30 21:57:22,284,4.451044e+06,406506.0,8840.0,0.0,0.0,0.0,6887.0,626.0,14.0,8.2251776e+07,9.416704e+08,1524.8500000000001,21.0,138977.0,0.0,138977.0,138977.0,2.0,0.0,0.0
2026-03-30 21:57:34,285,4.454471e+06,406506.0,8840.0,0.0,0.0,0.0,6892.0,626.0,14.0,8.2251776e+07,9.416704e+08,1526.02,21.0,139077.0,0.0,139077.0,139077.0,2.0,0.0,0.0
2026-03-30 21:57:47,285,4.457869e+06,406506.0,8840.0,0.0,0.0,0.0,6897.0,626.0,14.0,8.2251776e+07,9.416704e+08,1527.18,21.0,139177.0,0.0,139177.0,139177.0,2.0,0.0,0.0
2026-03-30 21:57:59,285,4.460599e+06,407203.0,8840.0,0.0,0.0,0.0,6901.0,627.0,14.0,8.2251776e+07,9.416704e+08,1528.29,21.0,139276.0,0.0,139276.0,139276.0,2.0,0.0,0.0
2026-03-30 21:58:11,285,4.463997e+06,407203.0,8840.0,0.0,0.0,0.0,6906.0,627.0,14.0,8.2251776e+07,9.416704e+08,1529.37,21.0,139375.0,0.0,139375.0,139375.0,2.0,0.0,0.0
2026-03-30 21:58:24,285,4.46729e+06,407900.0,8840.0,0.0,0.0,0.0,6911.0,628.0,14.0,8.2251776e+07,9.416704e+08,1530.49,21.0,139474.0,0.0,139474.0,139474.0,2.0,0.0,0.0
2026-03-30 21:58:36,286,4.470717e+06,407900.0,8840.0,0.0,0.0,0.0,6916.0,628.0,14.0,8.2251776e+07,9.416704e+08,1531.68,21.0,139574.0,0.0,139574.0,139574.0,2.0,0.0,0.0
2026-03-30 21:58:48,286,4.473418e+06,408597.0,8840.0,0.0,0.0,0.0,6920.0,629.0,14.0,8.2251776e+07,9.416704e+08,1532.79,21.0,139674.0,0.0,139674.0,139674.0,2.0,0.0,0.0
2026-03-30 21:59:01,286,4.476845e+06,408597.0,8840.0,0.0,0.0,0.0,6925.0,629.0,14.0,8.2251776e+07,9.416704e+08,1533.91,23.0,139774.0,0.0,139773.0,139773.0,2.0,0.0,0.0
2026-03-30 21:59:13,286,4.480243e+06,408597.0,8840.0,0.0,0.0,0.0,6930.0,629.0,14.0,8.2251776e+07,9.416704e+08,1534.95,21.0,139872.0,0.0,139872.0,139872.0,2.0,0.0,0.0
2026-03-30 21:59:25,287,4.482973e+06,409294.0,8840.0,0.0,0.0,0.0,6934.0,630.0,14.0,8.2251776e+07,9.416704e+08,1536.0700000000002,21.0,139972.0,0.0,139972.0,139972.0,2.0,0.0,0.0
2026-03-30 21:59:38,287,4.486371e+06,409294.0,8840.0,0.0,0.0,0.0,6939.0,630.0,14.0,8.2251776e+07,9.416704e+08,1537.18,22.0,140072.0,0.0,140072.0,140072.0,2.0,0.0,0.0
2026-03-30 21:59:50,287,4.489594e+06,409991.0,8840.0,0.0,0.0,0.0,6944.0,631.0,14.0,8.2251776e+07,9.416704e+08,1538.37,21.0,140173.0,0.0,140173.0,140173.0,2.0,0.0,0.0
2026-03-30 22:00:02,287,4.493021e+06,409991.0,8840.0,0.0,0.0,0.0,6949.0,631.0,14.0,8.2251776e+07,9.416704e+08,1539.47,23.0,140273.0,0.0,140272.0,140272.0,2.0,0.0,0.0
2026-03-30 22:00:15,287,4.495054e+06,410688.0,9508.0,0.0,0.0,0.0,6952.0,632.0,15.0,8.2251776e+07,9.416704e+08,1540.63,23.0,140374.0,0.0,140373.0,140373.0,2.0,0.0,0.0
2026-03-30 22:00:27,288,4.498341e+06,410688.0,9508.0,0.0,0.0,0.0,6958.0,632.0,15.0,8.2251776e+07,9.416704e+08,1541.76,21.0,140472.0,0.0,140472.0,140472.0,2.0,0.0,0.0
2026-03-30 22:00:39,288,4.501806e+06,411283.0,9508.0,0.0,0.0,0.0,6964.0,633.0,15.0,8.2251776e+07,9.416704e+08,1542.8400000000001,23.0,140574.0,0.0,140573.0,140573.0,2.0,0.0,0.0
2026-03-30 22:00:52,288,4.504781e+06,411283.0,9508.0,0.0,0.0,0.0,6969.0,633.0,15.0,8.2251776e+07,9.416704e+08,1543.99,21.0,140674.0,0.0,140674.0,140674.0,2.0,0.0,0.0
2026-03-30 22:01:04,288,4.507686e+06,411878.0,9508.0,0.0,0.0,0.0,6974.0,634.0,15.0,8.2251776e+07,9.416704e+08,1545.1499999999999,21.0,140774.0,0.0,140774.0,140774.0,2.0,0.0,0.0
2026-03-30 22:01:17,288,4.511186e+06,411878.0,9508.0,0.0,0.0,0.0,6980.0,634.0,15.0,8.2251776e+07,9.416704e+08,1546.29,21.0,140873.0,0.0,140873.0,140873.0,2.0,0.0,0.0
2026-03-30 22:01:29,289,4.514476e+06,412543.0,9508.0,0.0,0.0,0.0,6985.0,635.0,15.0,8.2251776e+07,9.416704e+08,1547.44,21.0,140973.0,0.0,140973.0,140973.0,2.0,0.0,0.0
2026-03-30 22:01:41,289,4.517801e+06,412543.0,9508.0,0.0,0.0,0.0,6990.0,635.0,15.0,8.2251776e+07,9.416704e+08,1548.57,21.0,141073.0,0.0,141073.0,141073.0,2.0,0.0,0.0
2026-03-30 22:01:54,289,4.521126e+06,412543.0,9508.0,0.0,0.0,0.0,6995.0,635.0,15.0,8.2251776e+07,9.416704e+08,1549.68,21.0,141172.0,0.0,141172.0,141172.0,2.0,0.0,0.0
2026-03-30 22:02:06,289,4.523786e+06,413208.0,9508.0,0.0,0.0,0.0,6999.0,636.0,15.0,8.2251776e+07,9.416704e+08,1550.82,23.0,141274.0,0.0,141273.0,141273.0,2.0,0.0,0.0
2026-03-30 22:02:18,289,4.527706e+06,413208.0,9508.0,0.0,0.0,0.0,7005.0,636.0,15.0,8.2251776e+07,9.416704e+08,1551.96,21.0,141373.0,0.0,141373.0,141373.0,2.0,0.0,0.0
2026-03-30 22:02:31,290,4.530366e+06,413873.0,9508.0,0.0,0.0,0.0,7009.0,637.0,15.0,8.2251776e+07,9.416704e+08,1553.09,22.0,141474.0,0.0,141473.0,141473.0,2.0,0.0,0.0
2026-03-30 22:02:43,290,4.533691e+06,413873.0,9508.0,0.0,0.0,0.0,7014.0,637.0,15.0,8.2251776e+07,9.416704e+08,1554.31,21.0,141576.0,0.0,141576.0,141576.0,2.0,0.0,0.0
2026-03-30 22:02:55,290,4.536946e+06,414538.0,9508.0,0.0,0.0,0.0,7019.0,638.0,15.0,8.2251776e+07,9.416704e+08,1555.3700000000001,23.0,141676.0,0.0,141675.0,141675.0,2.0,0.0,0.0
2026-03-30 22:03:08,290,4.540236e+06,414538.0,9508.0,0.0,0.0,0.0,7024.0,638.0,15.0,8.2251776e+07,9.416704e+08,1556.54,21.0,141775.0,0.0,141775.0,141775.0,2.0,0.0,0.0
2026-03-30 22:03:20,290,4.543561e+06,414538.0,9508.0,0.0,0.0,0.0,7029.0,638.0,15.0,8.2251776e+07,9.416704e+08,1557.73,21.0,141878.0,0.0,141878.0,141878.0,2.0,0.0,0.0
2026-03-30 22:03:33,291,4.546883e+06,415171.0,9508.0,0.0,0.0,0.0,7034.0,639.0,15.0,8.2251776e+07,9.416704e+08,1558.91,21.0,141978.0,0.0,141978.0,141978.0,2.0,0.0,0.0
2026-03-30 22:03:45,291,4.550208e+06,415171.0,9508.0,0.0,0.0,0.0,7039.0,639.0,15.0,8.2251776e+07,9.416704e+08,1560.07,22.0,142080.0,0.0,142079.0,142079.0,2.0,0.0,0.0
2026-03-30 22:03:57,291,4.552868e+06,415836.0,9508.0,0.0,0.0,0.0,7043.0,640.0,15.0,8.2251776e+07,9.416704e+08,1561.26,21.0,142179.0,0.0,142179.0,142179.0,2.0,0.0,0.0
2026-03-30 22:04:10,291,4.556753e+06,415836.0,9508.0,0.0,0.0,0.0,7049.0,640.0,15.0,8.2251776e+07,9.416704e+08,1562.38,21.0,142280.0,0.0,142280.0,142280.0,2.0,0.0,0.0
2026-03-30 22:04:22,291,4.559416e+06,416501.0,9508.0,0.0,0.0,0.0,7053.0,641.0,15.0,8.2251776e+07,9.416704e+08,1563.58,21.0,142382.0,0.0,142382.0,142382.0,2.0,0.0,0.0
2026-03-30 22:04:35,292,4.562843e+06,416501.0,9508.0,0.0,0.0,0.0,7058.0,641.0,15.0,8.2251776e+07,9.416704e+08,1564.8600000000001,21.0,142486.0,0.0,142486.0,142486.0,2.0,0.0,0.0
2026-03-30 22:04:47,292,4.566209e+06,417198.0,9508.0,0.0,0.0,0.0,7063.0,642.0,15.0,8.2251776e+07,9.416704e+08,1566.03,21.0,142587.0,0.0,142587.0,142587.0,2.0,0.0,0.0
2026-03-30 22:05:00,292,4.569636e+06,417198.0,9508.0,0.0,0.0,0.0,7068.0,642.0,15.0,8.2251776e+07,9.416704e+08,1567.34,21.0,142689.0,0.0,142689.0,142689.0,2.0,0.0,0.0
2026-03-30 22:05:12,292,4.573034e+06,417198.0,9508.0,0.0,0.0,0.0,7073.0,642.0,15.0,8.2251776e+07,9.416704e+08,1568.51,21.0,142791.0,0.0,142791.0,142791.0,2.0,0.0,0.0
2026-03-30 22:05:25,293,4.575764e+06,417895.0,9508.0,0.0,0.0,0.0,7077.0,643.0,15.0,8.2251776e+07,9.416704e+08,1569.6399999999999,23.0,142893.0,0.0,142892.0,142892.0,2.0,0.0,0.0
2026-03-30 22:05:38,293,4.579757e+06,417895.0,9508.0,0.0,0.0,0.0,7083.0,643.0,15.0,8.2251776e+07,9.416704e+08,1570.79,23.0,142995.0,0.0,142994.0,142994.0,2.0,0.0,0.0
2026-03-30 22:05:50,293,4.582516e+06,418563.0,9508.0,0.0,0.0,0.0,7087.0,644.0,15.0,8.2251776e+07,9.416704e+08,1571.99,23.0,143095.0,0.0,143094.0,143094.0,2.0,0.0,0.0
2026-03-30 22:06:02,293,4.585914e+06,418563.0,9508.0,0.0,0.0,0.0,7092.0,644.0,15.0,8.2251776e+07,9.416704e+08,1573.07,21.0,143195.0,0.0,143195.0,143195.0,2.0,0.0,0.0
2026-03-30 22:06:15,293,4.588673e+06,419231.0,9508.0,0.0,0.0,0.0,7096.0,645.0,15.0,8.2251776e+07,9.416704e+08,1574.21,21.0,143296.0,0.0,143296.0,143296.0,2.0,0.0,0.0
2026-03-30 22:06:27,294,4.592071e+06,419231.0,9508.0,0.0,0.0,0.0,7101.0,645.0,15.0,8.2251776e+07,9.416704e+08,1575.36,22.0,143395.0,0.0,143395.0,143395.0,2.0,0.0,0.0
2026-03-30 22:06:39,294,4.595358e+06,419899.0,9508.0,0.0,0.0,0.0,7106.0,646.0,15.0,8.2251776e+07,9.416704e+08,1576.55,21.0,143496.0,0.0,143496.0,143496.0,2.0,0.0,0.0
2026-03-30 22:06:52,294,4.598785e+06,419899.0,9508.0,0.0,0.0,0.0,7111.0,646.0,15.0,8.2251776e+07,9.416704e+08,1577.7,21.0,143598.0,0.0,143598.0,143598.0,2.0,0.0,0.0
2026-03-30 22:07:04,294,4.602183e+06,419899.0,9508.0,0.0,0.0,0.0,7116.0,646.0,15.0,8.2251776e+07,9.416704e+08,1578.77,21.0,143696.0,0.0,143696.0,143696.0,2.0,0.0,0.0
2026-03-30 22:07:16,294,4.604942e+06,420567.0,9508.0,0.0,0.0,0.0,7120.0,647.0,15.0,8.2251776e+07,9.416704e+08,1579.94,21.0,143796.0,0.0,143796.0,143796.0,2.0,0.0,0.0
2026-03-30 22:07:29,295,4.60834e+06,420567.0,9508.0,0.0,0.0,0.0,7125.0,647.0,15.0,8.2251776e+07,9.416704e+08,1581.13,23.0,143897.0,0.0,143896.0,143896.0,2.0,0.0,0.0
2026-03-30 22:07:41,295,4.611557e+06,421235.0,9508.0,0.0,0.0,0.0,7130.0,648.0,15.0,8.2251776e+07,9.416704e+08,1582.25,21.0,143996.0,0.0,143996.0,143996.0,2.0,0.0,0.0
2026-03-30 22:07:53,295,4.614984e+06,421235.0,9508.0,0.0,0.0,0.0,7135.0,648.0,15.0,8.2251776e+07,9.416704e+08,1583.38,21.0,144096.0,0.0,144096.0,144096.0,2.0,0.0,0.0
2026-03-30 22:08:06,295,4.617714e+06,421903.0,9508.0,0.0,0.0,0.0,7139.0,649.0,15.0,8.2251776e+07,9.416704e+08,1584.55,21.0,144196.0,0.0,144196.0,144196.0,2.0,0.0,0.0
2026-03-30 22:08:18,295,4.621141e+06,421903.0,9508.0,0.0,0.0,0.0,7144.0,649.0,15.0,8.2251776e+07,9.416704e+08,1585.75,21.0,144296.0,0.0,144296.0,144296.0,2.0,0.0,0.0
2026-03-30 22:08:30,296,4.624539e+06,421903.0,9508.0,0.0,0.0,0.0,7149.0,649.0,15.0,8.2251776e+07,9.416704e+08,1586.8500000000001,21.0,144396.0,0.0,144396.0,144396.0,2.0,0.0,0.0
2026-03-30 22:08:43,296,4.627298e+06,422571.0,9508.0,0.0,0.0,0.0,7153.0,650.0,15.0,8.2251776e+07,9.416704e+08,1587.98,21.0,144496.0,0.0,144496.0,144496.0,2.0,0.0,0.0
2026-03-30 22:08:55,296,4.630696e+06,422571.0,9508.0,0.0,0.0,0.0,7158.0,650.0,15.0,8.2251776e+07,9.416704e+08,1589.1000000000001,21.0,144597.0,0.0,144597.0,144597.0,2.0,0.0,0.0
2026-03-30 22:09:07,296,4.634053e+06,423239.0,9508.0,0.0,0.0,0.0,7163.0,651.0,15.0,8.2251776e+07,9.416704e+08,1590.24,22.0,144698.0,0.0,144697.0,144697.0,2.0,0.0,0.0
2026-03-30 22:09:19,296,4.63748e+06,423239.0,9508.0,0.0,0.0,0.0,7168.0,651.0,15.0,8.2251776e+07,9.416704e+08,1591.36,23.0,144797.0,0.0,144796.0,144796.0,2.0,0.0,0.0
2026-03-30 22:09:32,297,4.640108e+06,423904.0,9508.0,0.0,0.0,0.0,7172.0,652.0,15.0,8.2251776e+07,9.416704e+08,1592.45,21.0,144895.0,0.0,144895.0,144895.0,2.0,0.0,0.0
2026-03-30 22:09:44,297,4.643535e+06,423904.0,9508.0,0.0,0.0,0.0,7177.0,652.0,15.0,8.2251776e+07,9.416704e+08,1593.55,21.0,144993.0,0.0,144993.0,144993.0,2.0,0.0,0.0
2026-03-30 22:09:56,297,4.646933e+06,423904.0,9508.0,0.0,0.0,0.0,7182.0,652.0,15.0,8.2251776e+07,9.416704e+08,1594.6499999999999,21.0,145093.0,0.0,145093.0,145093.0,2.0,0.0,0.0
2026-03-30 22:10:09,297,4.649692e+06,424572.0,9508.0,0.0,0.0,0.0,7186.0,653.0,15.0,8.2251776e+07,9.416704e+08,1595.75,21.0,145195.0,0.0,145195.0,145195.0,2.0,0.0,0.0
2026-03-30 22:10:21,297,4.65365e+06,424572.0,9508.0,0.0,0.0,0.0,7192.0,653.0,15.0,8.2251776e+07,9.416704e+08,1596.84,23.0,145295.0,0.0,145294.0,145294.0,2.0,0.0,0.0
2026-03-30 22:10:33,298,4.65638e+06,425269.0,9508.0,0.0,0.0,0.0,7196.0,654.0,15.0,8.2251776e+07,9.416704e+08,1597.8999999999999,23.0,145395.0,0.0,145394.0,145394.0,2.0,0.0,0.0
2026-03-30 22:10:46,298,4.659778e+06,425269.0,9508.0,0.0,0.0,0.0,7201.0,654.0,15.0,8.2251776e+07,9.416704e+08,1599.04,21.0,145494.0,0.0,145494.0,145494.0,2.0,0.0,0.0
2026-03-30 22:10:58,298,4.662508e+06,425966.0,9508.0,0.0,0.0,0.0,7205.0,655.0,15.0,8.2251776e+07,9.416704e+08,1600.11,21.0,145592.0,0.0,145592.0,145592.0,2.0,0.0,0.0
2026-03-30 22:11:10,298,4.665906e+06,425966.0,9508.0,0.0,0.0,0.0,7210.0,655.0,15.0,8.2251776e+07,9.416704e+08,1601.17,21.0,145691.0,0.0,145691.0,145691.0,2.0,0.0,0.0
2026-03-30 22:11:22,298,4.669333e+06,425966.0,9508.0,0.0,0.0,0.0,7215.0,655.0,15.0,8.2251776e+07,9.416704e+08,1602.3700000000001,23.0,145791.0,0.0,145790.0,145790.0,2.0,0.0,0.0
2026-03-30 22:11:35,299,4.672034e+06,426663.0,9508.0,0.0,0.0,0.0,7219.0,656.0,15.0,8.2251776e+07,9.416704e+08,1603.4299999999998,21.0,145891.0,0.0,145891.0,145891.0,2.0,0.0,0.0
2026-03-30 22:11:47,299,4.675461e+06,426663.0,9508.0,0.0,0.0,0.0,7224.0,656.0,15.0,8.2251776e+07,9.416704e+08,1604.5400000000002,21.0,145991.0,0.0,145991.0,145991.0,2.0,0.0,0.0
2026-03-30 22:11:59,299,4.678751e+06,427331.0,9508.0,0.0,0.0,0.0,7229.0,657.0,15.0,8.2251776e+07,9.416704e+08,1605.72,23.0,146090.0,0.0,146089.0,146089.0,2.0,0.0,0.0
2026-03-30 22:12:12,299,4.682178e+06,427331.0,9508.0,0.0,0.0,0.0,7234.0,657.0,15.0,8.2251776e+07,9.416704e+08,1606.8,21.0,146189.0,0.0,146189.0,146189.0,2.0,0.0,0.0
2026-03-30 22:12:24,299,4.684908e+06,427999.0,9508.0,0.0,0.0,0.0,7238.0,658.0,15.0,8.2251776e+07,9.416704e+08,1607.92,21.0,146289.0,0.0,146289.0,146289.0,2.0,0.0,0.0
2026-03-30 22:12:36,300,4.6883e+06,427999.0,9508.0,0.0,0.0,0.0,7243.0,658.0,15.0,8.2251776e+07,9.416704e+08,1609.02,23.0,146389.0,0.0,146388.0,146388.0,2.0,0.0,0.0
2026-03-30 22:12:48,300,4.691698e+06,427999.0,9508.0,0.0,0.0,0.0,7248.0,658.0,15.0,8.2120704e+07,9.416704e+08,1610.1399999999999,22.0,146486.0,0.0,146486.0,146486.0,2.0,0.0,0.0
2026-03-30 22:13:00,300,4.694457e+06,428667.0,9508.0,0.0,0.0,0.0,7252.0,659.0,15.0,8.2120704e+07,9.416704e+08,1611.22,21.0,146585.0,0.0,146585.0,146585.0,2.0,0.0,0.0
2026-03-30 22:13:13,300,4.697855e+06,428667.0,9508.0,0.0,0.0,0.0,7257.0,659.0,15.0,8.2120704e+07,9.416704e+08,1612.32,21.0,146685.0,0.0,146685.0,146685.0,2.0,0.0,0.0
2026-03-30 22:13:25,301,4.700614e+06,429335.0,9508.0,0.0,0.0,0.0,7261.0,660.0,15.0,8.2120704e+07,9.416704e+08,1613.52,21.0,146784.0,0.0,146784.0,146784.0,2.0,0.0,0.0
2026-03-30 22:13:37,301,4.704012e+06,429335.0,9508.0,0.0,0.0,0.0,7266.0,660.0,15.0,8.2120704e+07,9.416704e+08,1614.64,23.0,146884.0,0.0,146883.0,146883.0,2.0,0.0,0.0
2026-03-30 22:13:50,301,4.707334e+06,430003.0,9508.0,0.0,0.0,0.0,7271.0,661.0,15.0,8.2120704e+07,9.416704e+08,1615.73,23.0,146984.0,0.0,146983.0,146983.0,2.0,0.0,0.0
2026-03-30 22:14:02,301,4.710064e+06,430003.0,9508.0,0.0,0.0,0.0,7275.0,661.0,15.0,8.2120704e+07,9.416704e+08,1616.79,21.0,147078.0,0.0,147078.0,147078.0,2.0,0.0,0.0
2026-03-30 22:14:14,301,4.711394e+06,430003.0,9508.0,0.0,0.0,0.0,7277.0,661.0,15.0,8.2120704e+07,9.416704e+08,1617.0400000000002,23.0,147100.0,0.0,147099.0,147099.0,2.0,0.0,0.0
2026-03-30 22:14:26,302,4.714821e+06,430003.0,9508.0,0.0,0.0,0.0,7282.0,661.0,15.0,8.2120704e+07,9.416704e+08,1618.2,21.0,147199.0,0.0,147199.0,147199.0,2.0,0.0,0.0
2026-03-30 22:14:39,302,4.717551e+06,430671.0,9508.0,0.0,0.0,0.0,7286.0,662.0,15.0,8.2120704e+07,9.416704e+08,1619.29,21.0,147297.0,0.0,147297.0,147297.0,2.0,0.0,0.0
2026-03-30 22:14:51,302,4.720978e+06,430671.0,9508.0,0.0,0.0,0.0,7291.0,662.0,15.0,8.2120704e+07,9.416704e+08,1620.3300000000002,21.0,147395.0,0.0,147395.0,147395.0,2.0,0.0,0.0
2026-03-30 22:15:03,302,4.723708e+06,431339.0,9508.0,0.0,0.0,0.0,7295.0,663.0,15.0,8.2120704e+07,9.416704e+08,1621.38,21.0,147495.0,0.0,147495.0,147495.0,2.0,0.0,0.0
2026-03-30 22:15:16,302,4.727135e+06,431339.0,9508.0,0.0,0.0,0.0,7300.0,663.0,15.0,8.2120704e+07,9.416704e+08,1622.53,21.0,147595.0,0.0,147595.0,147595.0,2.0,0.0,0.0
2026-03-30 22:15:28,303,4.729865e+06,432007.0,9508.0,0.0,0.0,0.0,7304.0,664.0,15.0,8.2120704e+07,9.416704e+08,1623.74,21.0,147696.0,0.0,147696.0,147696.0,2.0,0.0,0.0
2026-03-30 22:15:41,303,4.733292e+06,432007.0,9508.0,0.0,0.0,0.0,7309.0,664.0,15.0,8.2120704e+07,9.416704e+08,1624.93,23.0,147797.0,0.0,147796.0,147796.0,2.0,0.0,0.0
2026-03-30 22:15:53,303,4.737285e+06,432007.0,9508.0,0.0,0.0,0.0,7315.0,664.0,15.0,8.2120704e+07,9.416704e+08,1625.99,21.0,147895.0,0.0,147895.0,147895.0,2.0,0.0,0.0
2026-03-30 22:16:05,303,4.740015e+06,432704.0,9508.0,0.0,0.0,0.0,7319.0,665.0,15.0,8.2120704e+07,9.416704e+08,1627.0900000000001,21.0,147996.0,0.0,147996.0,147996.0,2.0,0.0,0.0
2026-03-30 22:16:18,303,4.743413e+06,432704.0,9508.0,0.0,0.0,0.0,7324.0,665.0,15.0,8.2120704e+07,9.416704e+08,1628.2,21.0,148095.0,0.0,148095.0,148095.0,2.0,0.0,0.0
2026-03-30 22:16:30,304,4.746143e+06,433401.0,9508.0,0.0,0.0,0.0,7328.0,666.0,15.0,8.2120704e+07,9.416704e+08,1629.2800000000002,21.0,148195.0,0.0,148195.0,148195.0,2.0,0.0,0.0
2026-03-30 22:16:42,304,4.749541e+06,433401.0,9508.0,0.0,0.0,0.0,7333.0,666.0,15.0,8.2120704e+07,9.416704e+08,1630.39,21.0,148293.0,0.0,148293.0,148293.0,2.0,0.0,0.0
2026-03-30 22:16:55,304,4.752271e+06,434098.0,9508.0,0.0,0.0,0.0,7337.0,667.0,15.0,8.2120704e+07,9.416704e+08,1631.55,21.0,148394.0,0.0,148394.0,148394.0,2.0,0.0,0.0
2026-03-30 22:17:07,304,4.755669e+06,434098.0,9508.0,0.0,0.0,0.0,7342.0,667.0,15.0,8.2120704e+07,9.416704e+08,1632.67,21.0,148492.0,0.0,148492.0,148492.0,2.0,0.0,0.0
2026-03-30 22:17:19,304,4.759096e+06,434098.0,9508.0,0.0,0.0,0.0,7347.0,667.0,15.0,8.2120704e+07,9.416704e+08,1633.74,21.0,148591.0,0.0,148591.0,148591.0,2.0,0.0,0.0
2026-03-30 22:17:31,305,4.761797e+06,434795.0,9508.0,0.0,0.0,0.0,7351.0,668.0,15.0,8.2120704e+07,9.416704e+08,1634.84,22.0,148690.0,0.0,148689.0,148689.0,2.0,0.0,0.0
2026-03-30 22:17:44,305,4.765752e+06,434795.0,9508.0,0.0,0.0,0.0,7357.0,668.0,15.0,8.2120704e+07,9.416704e+08,1635.96,21.0,148789.0,0.0,148789.0,148789.0,2.0,0.0,0.0
2026-03-30 22:17:56,305,4.768482e+06,435492.0,9508.0,0.0,0.0,0.0,7361.0,669.0,15.0,8.2120704e+07,9.416704e+08,1637.11,21.0,148891.0,0.0,148891.0,148891.0,2.0,0.0,0.0
2026-03-30 22:18:08,305,4.77188e+06,435492.0,9508.0,0.0,0.0,0.0,7366.0,669.0,15.0,8.2120704e+07,9.416704e+08,1638.25,21.0,148991.0,0.0,148991.0,148991.0,2.0,0.0,0.0
2026-03-30 22:18:21,305,4.77461e+06,436189.0,9508.0,0.0,0.0,0.0,7370.0,670.0,15.0,8.2120704e+07,9.416704e+08,1639.39,21.0,149091.0,0.0,149091.0,149091.0,2.0,0.0,0.0
2026-03-30 22:18:33,306,4.778008e+06,436189.0,9508.0,0.0,0.0,0.0,7375.0,670.0,15.0,8.2120704e+07,9.416704e+08,1640.51,21.0,149192.0,0.0,149192.0,149192.0,2.0,0.0,0.0
2026-03-30 22:18:46,306,4.782103e+06,436189.0,9508.0,0.0,0.0,0.0,7381.0,670.0,15.0,8.2120704e+07,9.416704e+08,1641.6799999999998,21.0,149296.0,0.0,149296.0,149296.0,2.0,0.0,0.0
2026-03-30 22:18:58,306,4.784833e+06,436886.0,9508.0,0.0,0.0,0.0,7385.0,671.0,15.0,8.2120704e+07,9.416704e+08,1642.76,23.0,149395.0,0.0,149394.0,149394.0,2.0,0.0,0.0
2026-03-30 22:19:10,306,4.788231e+06,436886.0,9508.0,0.0,0.0,0.0,7390.0,671.0,15.0,8.2120704e+07,9.416704e+08,1643.9099999999999,21.0,149493.0,0.0,149493.0,149493.0,2.0,0.0,0.0
2026-03-30 22:19:23,306,4.790961e+06,437583.0,9508.0,0.0,0.0,0.0,7394.0,672.0,15.0,8.2120704e+07,9.416704e+08,1644.9899999999998,21.0,149594.0,0.0,149594.0,149594.0,2.0,0.0,0.0
2026-03-30 22:19:35,307,4.794359e+06,437583.0,9508.0,0.0,0.0,0.0,7399.0,672.0,15.0,8.2120704e+07,9.416704e+08,1646.16,21.0,149694.0,0.0,149694.0,149694.0,2.0,0.0,0.0
2026-03-30 22:19:48,307,4.797512e+06,438280.0,9508.0,0.0,0.0,0.0,7404.0,673.0,15.0,8.2120704e+07,9.416704e+08,1647.3,23.0,149795.0,0.0,149794.0,149794.0,2.0,0.0,0.0
2026-03-30 22:20:00,307,4.800939e+06,438280.0,9508.0,0.0,0.0,0.0,7409.0,673.0,15.0,8.2120704e+07,9.416704e+08,1648.45,21.0,149895.0,0.0,149895.0,149895.0,2.0,0.0,0.0
2026-03-30 22:20:12,307,4.804337e+06,438280.0,9508.0,0.0,0.0,0.0,7414.0,673.0,15.0,8.2120704e+07,9.416704e+08,1649.52,21.0,149994.0,0.0,149994.0,149994.0,2.0,0.0,0.0
2026-03-30 22:20:24,307,4.807067e+06,438977.0,9508.0,0.0,0.0,0.0,7418.0,674.0,15.0,8.2120704e+07,9.416704e+08,1650.6499999999999,21.0,150094.0,0.0,150094.0,150094.0,2.0,0.0,0.0
2026-03-30 22:20:37,308,4.810465e+06,438977.0,9508.0,0.0,0.0,0.0,7423.0,674.0,15.0,8.2120704e+07,9.416704e+08,1651.8,21.0,150195.0,0.0,150195.0,150195.0,2.0,0.0,0.0
2026-03-30 22:20:49,308,4.813195e+06,439674.0,9508.0,0.0,0.0,0.0,7427.0,675.0,15.0,8.2120704e+07,9.416704e+08,1652.86,21.0,150294.0,0.0,150294.0,150294.0,2.0,0.0,0.0
2026-03-30 22:21:01,308,4.816593e+06,439674.0,9508.0,0.0,0.0,0.0,7432.0,675.0,15.0,8.2120704e+07,9.416704e+08,1654.0700000000002,23.0,150394.0,0.0,150393.0,150393.0,2.0,0.0,0.0
2026-03-30 22:21:14,308,4.819816e+06,440371.0,9508.0,0.0,0.0,0.0,7437.0,676.0,15.0,8.2120704e+07,9.416704e+08,1655.21,21.0,150493.0,0.0,150493.0,150493.0,2.0,0.0,0.0
2026-03-30 22:21:26,309,4.823243e+06,440371.0,9508.0,0.0,0.0,0.0,7442.0,676.0,15.0,8.2120704e+07,9.416704e+08,1656.37,21.0,150593.0,0.0,150593.0,150593.0,2.0,0.0,0.0
2026-03-30 22:21:38,309,4.826641e+06,440371.0,9508.0,0.0,0.0,0.0,7447.0,676.0,15.0,8.2120704e+07,9.416704e+08,1657.46,21.0,150693.0,0.0,150693.0,150693.0,2.0,0.0,0.0
2026-03-30 22:21:51,309,4.829371e+06,441068.0,9508.0,0.0,0.0,0.0,7451.0,677.0,15.0,8.2120704e+07,9.416704e+08,1658.58,21.0,150794.0,0.0,150794.0,150794.0,2.0,0.0,0.0
2026-03-30 22:22:03,309,4.832769e+06,441068.0,9508.0,0.0,0.0,0.0,7456.0,677.0,15.0,8.2120704e+07,9.416704e+08,1659.72,23.0,150894.0,0.0,150893.0,150893.0,2.0,0.0,0.0
2026-03-30 22:22:15,309,4.835922e+06,441765.0,9508.0,0.0,0.0,0.0,7461.0,678.0,15.0,8.2120704e+07,9.416704e+08,1660.8400000000001,21.0,150992.0,0.0,150992.0,150992.0,2.0,0.0,0.0
2026-03-30 22:22:27,310,4.839349e+06,441765.0,9508.0,0.0,0.0,0.0,7466.0,678.0,15.0,8.2120704e+07,9.416704e+08,1661.93,21.0,151092.0,0.0,151092.0,151092.0,2.0,0.0,0.0
2026-03-30 22:22:40,310,4.841382e+06,442462.0,10176.0,0.0,0.0,0.0,7469.0,679.0,16.0,8.2120704e+07,9.416704e+08,1663.1,22.0,151192.0,0.0,151191.0,151191.0,2.0,0.0,0.0
2026-03-30 22:22:52,310,4.844739e+06,442462.0,10176.0,0.0,0.0,0.0,7475.0,679.0,16.0,8.2120704e+07,9.416704e+08,1664.24,21.0,151291.0,0.0,151291.0,151291.0,2.0,0.0,0.0
2026-03-30 22:23:04,310,4.847714e+06,443057.0,10176.0,0.0,0.0,0.0,7480.0,680.0,16.0,8.1989632e+07,9.416704e+08,1665.36,23.0,151391.0,0.0,151390.0,151390.0,2.0,0.0,0.0
2026-03-30 22:23:17,310,4.851284e+06,443057.0,10176.0,0.0,0.0,0.0,7486.0,680.0,16.0,8.1989632e+07,9.416704e+08,1666.5300000000002,21.0,151491.0,0.0,151491.0,151491.0,2.0,0.0,0.0
2026-03-30 22:23:29,311,4.854259e+06,443652.0,10176.0,0.0,0.0,0.0,7491.0,681.0,16.0,8.1989632e+07,9.416704e+08,1667.64,21.0,151592.0,0.0,151592.0,151592.0,2.0,0.0,0.0
2026-03-30 22:23:41,311,4.857619e+06,443652.0,10176.0,0.0,0.0,0.0,7497.0,681.0,16.0,8.1989632e+07,9.416704e+08,1668.69,21.0,151691.0,0.0,151691.0,151691.0,2.0,0.0,0.0
2026-03-30 22:23:53,311,4.860944e+06,443652.0,10176.0,0.0,0.0,0.0,7502.0,681.0,16.0,8.1989632e+07,9.416704e+08,1669.83,21.0,151791.0,0.0,151791.0,151791.0,2.0,0.0,0.0
2026-03-30 22:24:06,311,4.863604e+06,444317.0,10176.0,0.0,0.0,0.0,7506.0,682.0,16.0,8.1989632e+07,9.416704e+08,1670.93,21.0,151891.0,0.0,151891.0,151891.0,2.0,0.0,0.0
2026-03-30 22:24:18,311,4.867524e+06,444317.0,10176.0,0.0,0.0,0.0,7512.0,682.0,16.0,8.1989632e+07,9.416704e+08,1672.03,21.0,151992.0,0.0,151992.0,151992.0,2.0,0.0,0.0
2026-03-30 22:24:31,312,4.870184e+06,444982.0,10176.0,0.0,0.0,0.0,7516.0,683.0,16.0,8.1989632e+07,9.416704e+08,1673.15,23.0,152092.0,0.0,152091.0,152091.0,2.0,0.0,0.0
2026-03-30 22:24:43,312,4.873509e+06,444982.0,10176.0,0.0,0.0,0.0,7521.0,683.0,16.0,8.1989632e+07,9.416704e+08,1674.27,21.0,152190.0,0.0,152190.0,152190.0,2.0,0.0,0.0
2026-03-30 22:24:55,312,4.876834e+06,445647.0,10176.0,0.0,0.0,0.0,7526.0,684.0,16.0,8.1989632e+07,9.416704e+08,1675.49,21.0,152291.0,0.0,152291.0,152291.0,2.0,0.0,0.0
2026-03-30 22:25:08,312,4.880159e+06,445647.0,10176.0,0.0,0.0,0.0,7531.0,684.0,16.0,8.1989632e+07,9.416704e+08,1676.58,21.0,152390.0,0.0,152390.0,152390.0,2.0,0.0,0.0
2026-03-30 22:25:20,312,4.882819e+06,446312.0,10176.0,0.0,0.0,0.0,7535.0,685.0,16.0,8.1989632e+07,9.416704e+08,1677.73,21.0,152490.0,0.0,152490.0,152490.0,2.0,0.0,0.0
2026-03-30 22:25:32,313,4.886144e+06,446312.0,10176.0,0.0,0.0,0.0,7540.0,685.0,16.0,8.1989632e+07,9.416704e+08,1678.85,21.0,152591.0,0.0,152591.0,152591.0,2.0,0.0,0.0
2026-03-30 22:25:45,313,4.890029e+06,446312.0,10176.0,0.0,0.0,0.0,7546.0,685.0,16.0,8.1989632e+07,9.416704e+08,1679.99,21.0,152689.0,0.0,152689.0,152689.0,2.0,0.0,0.0
2026-03-30 22:25:57,313,4.892689e+06,446977.0,10176.0,0.0,0.0,0.0,7550.0,686.0,16.0,8.1989632e+07,9.416704e+08,1681.13,22.0,152789.0,0.0,152788.0,152788.0,2.0,0.0,0.0
2026-03-30 22:26:09,313,4.896014e+06,446977.0,10176.0,0.0,0.0,0.0,7555.0,686.0,16.0,8.1989632e+07,9.416704e+08,1682.1699999999998,23.0,152888.0,0.0,152887.0,152887.0,2.0,0.0,0.0
2026-03-30 22:26:22,313,4.899094e+06,447642.0,10176.0,0.0,0.0,0.0,7560.0,687.0,16.0,8.1989632e+07,9.416704e+08,1683.3100000000002,21.0,152988.0,0.0,152988.0,152988.0,2.0,0.0,0.0
2026-03-30 22:26:34,314,4.902419e+06,447642.0,10176.0,0.0,0.0,0.0,7565.0,687.0,16.0,8.1989632e+07,9.416704e+08,1684.3700000000001,21.0,153089.0,0.0,153089.0,153089.0,2.0,0.0,0.0
2026-03-30 22:26:46,314,4.905082e+06,448307.0,10176.0,0.0,0.0,0.0,7569.0,688.0,16.0,8.1989632e+07,9.416704e+08,1685.52,21.0,153189.0,0.0,153189.0,153189.0,2.0,0.0,0.0
2026-03-30 22:26:59,314,4.909037e+06,448307.0,10176.0,0.0,0.0,0.0,7575.0,688.0,16.0,8.1989632e+07,9.416704e+08,1686.5600000000002,21.0,153289.0,0.0,153289.0,153289.0,2.0,0.0,0.0
2026-03-30 22:27:11,314,4.911767e+06,449004.0,10176.0,0.0,0.0,0.0,7579.0,689.0,16.0,8.1989632e+07,9.416704e+08,1687.69,21.0,153388.0,0.0,153388.0,153388.0,2.0,0.0,0.0
2026-03-30 22:27:23,314,4.915165e+06,449004.0,10176.0,0.0,0.0,0.0,7584.0,689.0,16.0,8.1989632e+07,9.416704e+08,1688.79,21.0,153487.0,0.0,153487.0,153487.0,2.0,0.0,0.0
2026-03-30 22:27:36,315,4.918592e+06,449004.0,10176.0,0.0,0.0,0.0,7589.0,689.0,16.0,8.1989632e+07,9.416704e+08,1689.88,21.0,153587.0,0.0,153587.0,153587.0,2.0,0.0,0.0
2026-03-30 22:27:48,315,4.921293e+06,449701.0,10176.0,0.0,0.0,0.0,7593.0,690.0,16.0,8.1989632e+07,9.416704e+08,1691.0,21.0,153687.0,0.0,153687.0,153687.0,2.0,0.0,0.0
2026-03-30 22:28:00,315,4.92472e+06,449701.0,10176.0,0.0,0.0,0.0,7598.0,690.0,16.0,8.1989632e+07,9.416704e+08,1692.1399999999999,21.0,153787.0,0.0,153787.0,153787.0,2.0,0.0,0.0
2026-03-30 22:28:12,315,4.927421e+06,450398.0,10176.0,0.0,0.0,0.0,7602.0,691.0,16.0,8.1989632e+07,9.416704e+08,1693.23,21.0,153886.0,0.0,153886.0,153886.0,2.0,0.0,0.0
2026-03-30 22:28:25,316,4.930848e+06,450398.0,10176.0,0.0,0.0,0.0,7607.0,691.0,16.0,8.185856e+07,9.416704e+08,1694.4099999999999,23.0,153985.0,0.0,153984.0,153984.0,2.0,0.0,0.0
2026-03-30 22:28:37,316,4.934138e+06,451066.0,10176.0,0.0,0.0,0.0,7612.0,692.0,16.0,8.185856e+07,9.416704e+08,1695.5500000000002,23.0,154085.0,0.0,154084.0,154084.0,2.0,0.0,0.0
2026-03-30 22:28:50,316,4.937428e+06,451066.0,10176.0,0.0,0.0,0.0,7617.0,692.0,16.0,8.185856e+07,9.416704e+08,1696.69,23.0,154184.0,0.0,154183.0,154183.0,2.0,0.0,0.0
2026-03-30 22:29:02,316,4.940855e+06,451066.0,10176.0,0.0,0.0,0.0,7622.0,692.0,16.0,8.185856e+07,9.416704e+08,1697.79,23.0,154283.0,0.0,154282.0,154282.0,2.0,0.0,0.0
2026-03-30 22:29:14,316,4.943556e+06,451763.0,10176.0,0.0,0.0,0.0,7626.0,693.0,16.0,8.185856e+07,9.416704e+08,1698.9,21.0,154381.0,0.0,154381.0,154381.0,2.0,0.0,0.0
2026-03-30 22:29:26,317,4.946983e+06,451763.0,10176.0,0.0,0.0,0.0,7631.0,693.0,16.0,8.185856e+07,9.416704e+08,1700.05,21.0,154479.0,0.0,154479.0,154479.0,2.0,0.0,0.0
2026-03-30 22:29:38,317,4.949684e+06,452460.0,10176.0,0.0,0.0,0.0,7635.0,694.0,16.0,8.185856e+07,9.416704e+08,1701.0700000000002,21.0,154577.0,0.0,154577.0,154577.0,2.0,0.0,0.0
2026-03-30 22:29:51,317,4.953111e+06,452460.0,10176.0,0.0,0.0,0.0,7640.0,694.0,16.0,8.185856e+07,9.416704e+08,1702.21,21.0,154678.0,0.0,154678.0,154678.0,2.0,0.0,0.0
2026-03-30 22:30:03,317,4.956509e+06,452460.0,10176.0,0.0,0.0,0.0,7645.0,694.0,16.0,8.185856e+07,9.416704e+08,1703.37,21.0,154778.0,0.0,154778.0,154778.0,2.0,0.0,0.0
2026-03-30 22:30:15,317,4.959904e+06,453055.0,10176.0,0.0,0.0,0.0,7650.0,695.0,16.0,8.185856e+07,9.416704e+08,1704.6,21.0,154881.0,0.0,154881.0,154881.0,2.0,0.0,0.0
2026-03-30 22:30:28,318,4.963331e+06,453055.0,10176.0,0.0,0.0,0.0,7655.0,695.0,16.0,8.185856e+07,9.416704e+08,1705.76,23.0,154982.0,0.0,154981.0,154981.0,2.0,0.0,0.0
2026-03-30 22:30:40,318,4.966032e+06,453752.0,10176.0,0.0,0.0,0.0,7659.0,696.0,16.0,8.185856e+07,9.416704e+08,1706.9099999999999,21.0,155081.0,0.0,155081.0,155081.0,2.0,0.0,0.0
2026-03-30 22:30:52,318,4.969459e+06,453752.0,10176.0,0.0,0.0,0.0,7664.0,696.0,16.0,8.185856e+07,9.416704e+08,1707.98,21.0,155180.0,0.0,155180.0,155180.0,2.0,0.0,0.0
2026-03-30 22:31:05,318,4.97216e+06,454449.0,10176.0,0.0,0.0,0.0,7668.0,697.0,16.0,8.185856e+07,9.416704e+08,1709.06,21.0,155280.0,0.0,155280.0,155280.0,2.0,0.0,0.0
2026-03-30 22:31:17,318,4.975587e+06,454449.0,10176.0,0.0,0.0,0.0,7673.0,697.0,16.0,8.185856e+07,9.416704e+08,1710.24,21.0,155380.0,0.0,155380.0,155380.0,2.0,0.0,0.0
2026-03-30 22:31:30,319,4.978912e+06,455117.0,10176.0,0.0,0.0,0.0,7678.0,698.0,16.0,8.185856e+07,9.416704e+08,1711.3300000000002,21.0,155479.0,0.0,155479.0,155479.0,2.0,0.0,0.0
2026-03-30 22:31:42,319,4.982339e+06,455117.0,10176.0,0.0,0.0,0.0,7683.0,698.0,16.0,8.185856e+07,9.416704e+08,1712.3700000000001,23.0,155577.0,0.0,155576.0,155576.0,2.0,0.0,0.0
2026-03-30 22:31:54,319,4.985699e+06,455117.0,10176.0,0.0,0.0,0.0,7688.0,698.0,16.0,8.185856e+07,9.416704e+08,1713.47,21.0,155676.0,0.0,155676.0,155676.0,2.0,0.0,0.0
2026-03-30 22:32:06,319,4.9884e+06,455814.0,10176.0,0.0,0.0,0.0,7692.0,699.0,16.0,8.185856e+07,9.416704e+08,1714.5500000000002,23.0,155774.0,0.0,155773.0,155773.0,2.0,0.0,0.0
2026-03-30 22:32:18,319,4.991827e+06,455814.0,10176.0,0.0,0.0,0.0,7697.0,699.0,16.0,8.185856e+07,9.416704e+08,1715.66,23.0,155873.0,0.0,155872.0,155872.0,2.0,0.0,0.0
2026-03-30 22:32:31,320,4.994528e+06,456511.0,10176.0,0.0,0.0,0.0,7701.0,700.0,16.0,8.185856e+07,9.416704e+08,1716.76,21.0,155971.0,0.0,155971.0,155971.0,2.0,0.0,0.0
2026-03-30 22:32:43,320,4.997955e+06,456511.0,10176.0,0.0,0.0,0.0,7706.0,700.0,16.0,8.185856e+07,9.416704e+08,1717.8200000000002,21.0,156072.0,0.0,156072.0,156072.0,2.0,0.0,0.0
2026-03-30 22:32:56,320,5.001353e+06,456511.0,10176.0,0.0,0.0,0.0,7711.0,700.0,16.0,8.185856e+07,9.416704e+08,1718.96,21.0,156173.0,0.0,156173.0,156173.0,2.0,0.0,0.0
2026-03-30 22:33:08,320,5.004083e+06,457208.0,10176.0,0.0,0.0,0.0,7715.0,701.0,16.0,8.185856e+07,9.416704e+08,1719.9699999999998,21.0,156271.0,0.0,156271.0,156271.0,2.0,0.0,0.0
2026-03-30 22:33:20,320,5.007481e+06,457208.0,10176.0,0.0,0.0,0.0,7720.0,701.0,16.0,8.185856e+07,9.416704e+08,1721.0900000000001,21.0,156371.0,0.0,156371.0,156371.0,2.0,0.0,0.0
2026-03-30 22:33:32,321,5.010809e+06,457905.0,10176.0,0.0,0.0,0.0,7725.0,702.0,16.0,8.185856e+07,9.416704e+08,1722.2,22.0,156469.0,0.0,156469.0,156469.0,2.0,0.0,0.0
2026-03-30 22:33:45,321,5.014236e+06,457905.0,10176.0,0.0,0.0,0.0,7730.0,702.0,16.0,8.185856e+07,9.416704e+08,1723.23,21.0,156569.0,0.0,156569.0,156569.0,2.0,0.0,0.0
2026-03-30 22:33:57,321,5.016937e+06,458602.0,10176.0,0.0,0.0,0.0,7734.0,703.0,16.0,8.185856e+07,9.416704e+08,1724.3500000000001,21.0,156671.0,0.0,156671.0,156671.0,2.0,0.0,0.0
2026-03-30 22:34:09,321,5.020364e+06,458602.0,10176.0,0.0,0.0,0.0,7739.0,703.0,16.0,8.185856e+07,9.416704e+08,1725.3899999999999,21.0,156770.0,0.0,156770.0,156770.0,2.0,0.0,0.0
2026-03-30 22:34:22,321,5.023762e+06,458602.0,10176.0,0.0,0.0,0.0,7744.0,703.0,16.0,8.185856e+07,9.416704e+08,1726.5900000000001,21.0,156870.0,0.0,156870.0,156870.0,2.0,0.0,0.0
2026-03-30 22:34:34,322,5.026492e+06,459299.0,10176.0,0.0,0.0,0.0,7748.0,704.0,16.0,8.185856e+07,9.416704e+08,1727.72,21.0,156971.0,0.0,156971.0,156971.0,2.0,0.0,0.0
2026-03-30 22:34:47,322,5.02989e+06,459299.0,10176.0,0.0,0.0,0.0,7753.0,704.0,16.0,8.185856e+07,9.416704e+08,1728.8899999999999,21.0,157072.0,0.0,157072.0,157072.0,2.0,0.0,0.0
2026-03-30 22:34:59,322,5.033253e+06,459996.0,10176.0,0.0,0.0,0.0,7758.0,705.0,16.0,8.185856e+07,9.416704e+08,1730.04,21.0,157172.0,0.0,157172.0,157172.0,2.0,0.0,0.0
2026-03-30 22:35:12,322,5.03668e+06,459996.0,10176.0,0.0,0.0,0.0,7763.0,705.0,16.0,8.185856e+07,9.416704e+08,1731.1699999999998,21.0,157271.0,0.0,157271.0,157271.0,2.0,0.0,0.0
2026-03-30 22:35:24,322,5.039381e+06,460693.0,10176.0,0.0,0.0,0.0,7767.0,706.0,16.0,8.185856e+07,9.416704e+08,1732.29,21.0,157370.0,0.0,157370.0,157370.0,2.0,0.0,0.0
2026-03-30 22:35:36,323,5.042808e+06,460693.0,10176.0,0.0,0.0,0.0,7772.0,706.0,16.0,8.185856e+07,9.416704e+08,1733.3700000000001,23.0,157473.0,0.0,157472.0,157472.0,2.0,0.0,0.0
2026-03-30 22:35:49,323,5.046171e+06,460693.0,10176.0,0.0,0.0,0.0,7777.0,706.0,16.0,8.185856e+07,9.416704e+08,1734.58,21.0,157572.0,0.0,157572.0,157572.0,2.0,0.0,0.0
2026-03-30 22:36:01,323,5.048901e+06,461358.0,10176.0,0.0,0.0,0.0,7781.0,707.0,16.0,8.185856e+07,9.416704e+08,1735.71,21.0,157671.0,0.0,157671.0,157671.0,2.0,0.0,0.0
2026-03-30 22:36:13,323,5.052856e+06,461358.0,10176.0,0.0,0.0,0.0,7787.0,707.0,16.0,8.185856e+07,9.416704e+08,1736.75,21.0,157770.0,0.0,157770.0,157770.0,2.0,0.0,0.0
2026-03-30 22:36:25,324,5.055615e+06,462026.0,10176.0,0.0,0.0,0.0,7791.0,708.0,16.0,8.185856e+07,9.416704e+08,1737.85,21.0,157869.0,0.0,157869.0,157869.0,2.0,0.0,0.0
2026-03-30 22:36:38,324,5.059013e+06,462026.0,10176.0,0.0,0.0,0.0,7796.0,708.0,16.0,8.185856e+07,9.416704e+08,1738.95,22.0,157967.0,0.0,157967.0,157967.0,2.0,0.0,0.0
2026-03-30 22:36:50,324,5.061772e+06,462694.0,10176.0,0.0,0.0,0.0,7800.0,709.0,16.0,8.185856e+07,9.416704e+08,1740.08,23.0,158069.0,0.0,158068.0,158068.0,2.0,0.0,0.0
2026-03-30 22:37:02,324,5.06517e+06,462694.0,10176.0,0.0,0.0,0.0,7805.0,709.0,16.0,8.185856e+07,9.416704e+08,1741.1399999999999,21.0,158168.0,0.0,158168.0,158168.0,2.0,0.0,0.0
2026-03-30 22:37:14,324,5.068597e+06,462694.0,10176.0,0.0,0.0,0.0,7810.0,709.0,16.0,8.185856e+07,9.416704e+08,1742.31,21.0,158268.0,0.0,158268.0,158268.0,2.0,0.0,0.0
2026-03-30 22:37:27,325,5.071327e+06,463362.0,10176.0,0.0,0.0,0.0,7814.0,710.0,16.0,8.185856e+07,9.416704e+08,1743.47,21.0,158368.0,0.0,158368.0,158368.0,2.0,0.0,0.0
2026-03-30 22:37:39,325,5.074754e+06,463362.0,10176.0,0.0,0.0,0.0,7819.0,710.0,16.0,8.185856e+07,9.416704e+08,1744.6,21.0,158469.0,0.0,158469.0,158469.0,2.0,0.0,0.0
2026-03-30 22:37:52,325,5.07791e+06,464059.0,10176.0,0.0,0.0,0.0,7824.0,711.0,16.0,8.185856e+07,9.416704e+08,1745.66,21.0,158568.0,0.0,158568.0,158568.0,2.0,0.0,0.0
2026-03-30 22:38:04,325,5.081337e+06,464059.0,10176.0,0.0,0.0,0.0,7829.0,711.0,16.0,8.185856e+07,9.416704e+08,1746.75,21.0,158667.0,0.0,158667.0,158667.0,2.0,0.0,0.0
2026-03-30 22:38:16,325,5.084038e+06,464756.0,10176.0,0.0,0.0,0.0,7833.0,712.0,16.0,8.185856e+07,9.416704e+08,1747.88,23.0,158767.0,0.0,158766.0,158766.0,2.0,0.0,0.0
2026-03-30 22:38:28,326,5.087465e+06,464756.0,10176.0,0.0,0.0,0.0,7838.0,712.0,16.0,8.185856e+07,9.416704e+08,1749.0,21.0,158867.0,0.0,158867.0,158867.0,2.0,0.0,0.0
2026-03-30 22:38:41,326,5.090863e+06,464756.0,10176.0,0.0,0.0,0.0,7843.0,712.0,16.0,8.185856e+07,9.416704e+08,1750.1,23.0,158967.0,0.0,158966.0,158966.0,2.0,0.0,0.0
2026-03-30 22:38:53,326,5.094261e+06,465313.0,10176.0,0.0,0.0,0.0,7848.0,713.0,16.0,8.185856e+07,9.416704e+08,1751.21,21.0,159066.0,0.0,159066.0,159066.0,2.0,0.0,0.0
2026-03-30 22:39:05,326,5.097688e+06,465313.0,10176.0,0.0,0.0,0.0,7853.0,713.0,16.0,8.185856e+07,9.416704e+08,1752.3,23.0,159165.0,0.0,159164.0,159164.0,2.0,0.0,0.0
2026-03-30 22:39:18,326,5.100389e+06,466010.0,10176.0,0.0,0.0,0.0,7857.0,714.0,16.0,8.185856e+07,9.416704e+08,1753.46,21.0,159263.0,0.0,159263.0,159263.0,2.0,0.0,0.0
2026-03-30 22:39:30,327,5.103816e+06,466010.0,10176.0,0.0,0.0,0.0,7862.0,714.0,16.0,8.185856e+07,9.416704e+08,1754.5600000000002,21.0,159362.0,0.0,159362.0,159362.0,2.0,0.0,0.0
2026-03-30 22:39:42,327,5.106517e+06,466707.0,10176.0,0.0,0.0,0.0,7866.0,715.0,16.0,8.185856e+07,9.416704e+08,1755.76,21.0,159463.0,0.0,159463.0,159463.0,2.0,0.0,0.0
2026-03-30 22:39:55,327,5.109944e+06,466707.0,10176.0,0.0,0.0,0.0,7871.0,715.0,16.0,8.185856e+07,9.416704e+08,1756.8799999999999,21.0,159561.0,0.0,159561.0,159561.0,2.0,0.0,0.0
2026-03-30 22:40:07,327,5.113342e+06,466707.0,10176.0,0.0,0.0,0.0,7876.0,715.0,16.0,8.185856e+07,9.416704e+08,1757.96,23.0,159659.0,0.0,159658.0,159658.0,2.0,0.0,0.0
2026-03-30 22:40:19,327,5.116072e+06,467404.0,10176.0,0.0,0.0,0.0,7880.0,716.0,16.0,8.185856e+07,9.416704e+08,1759.01,21.0,159756.0,0.0,159756.0,159756.0,2.0,0.0,0.0
2026-03-30 22:40:31,328,5.11947e+06,467404.0,10176.0,0.0,0.0,0.0,7885.0,716.0,16.0,8.185856e+07,9.416704e+08,1760.1299999999999,21.0,159854.0,0.0,159854.0,159854.0,2.0,0.0,0.0
2026-03-30 22:40:43,328,5.1222e+06,468101.0,10176.0,0.0,0.0,0.0,7889.0,717.0,16.0,8.185856e+07,9.416704e+08,1761.23,21.0,159954.0,0.0,159954.0,159954.0,2.0,0.0,0.0
2026-03-30 22:40:56,328,5.125598e+06,468101.0,10176.0,0.0,0.0,0.0,7894.0,717.0,16.0,8.185856e+07,9.416704e+08,1762.3799999999999,23.0,160055.0,0.0,160054.0,160054.0,2.0,0.0,0.0
2026-03-30 22:41:08,328,5.128856e+06,468798.0,10176.0,0.0,0.0,0.0,7899.0,718.0,16.0,8.185856e+07,9.416704e+08,1763.4699999999998,21.0,160155.0,0.0,160155.0,160155.0,2.0,0.0,0.0
2026-03-30 22:41:20,328,5.132283e+06,468798.0,10176.0,0.0,0.0,0.0,7904.0,718.0,16.0,8.185856e+07,9.416704e+08,1764.71,21.0,160257.0,0.0,160257.0,160257.0,2.0,0.0,0.0
2026-03-30 22:41:33,329,5.135681e+06,468798.0,10176.0,0.0,0.0,0.0,7909.0,718.0,16.0,8.185856e+07,9.416704e+08,1765.85,21.0,160357.0,0.0,160357.0,160357.0,2.0,0.0,0.0
2026-03-30 22:41:45,329,5.138411e+06,469495.0,10176.0,0.0,0.0,0.0,7913.0,719.0,16.0,8.185856e+07,9.416704e+08,1766.98,21.0,160456.0,0.0,160456.0,160456.0,2.0,0.0,0.0
2026-03-30 22:41:57,329,5.141806e+06,469495.0,10176.0,0.0,0.0,0.0,7918.0,719.0,16.0,8.1989632e+07,9.416704e+08,1768.08,23.0,160556.0,0.0,160555.0,160555.0,2.0,0.0,0.0
2026-03-30 22:42:10,329,5.144997e+06,470192.0,10176.0,0.0,0.0,0.0,7923.0,720.0,16.0,8.1989632e+07,9.416704e+08,1769.22,21.0,160655.0,0.0,160655.0,160655.0,2.0,0.0,0.0
2026-03-30 22:42:22,329,5.148424e+06,470192.0,10176.0,0.0,0.0,0.0,7928.0,720.0,16.0,8.1989632e+07,9.416704e+08,1770.41,21.0,160756.0,0.0,160756.0,160756.0,2.0,0.0,0.0
2026-03-30 22:42:34,330,5.151125e+06,470889.0,10176.0,0.0,0.0,0.0,7932.0,721.0,16.0,8.1989632e+07,9.416704e+08,1771.56,21.0,160856.0,0.0,160856.0,160856.0,2.0,0.0,0.0
2026-03-30 22:42:47,330,5.154552e+06,470889.0,10176.0,0.0,0.0,0.0,7937.0,721.0,16.0,8.1989632e+07,9.416704e+08,1772.79,21.0,160958.0,0.0,160958.0,160958.0,2.0,0.0,0.0
2026-03-30 22:42:59,330,5.15795e+06,470889.0,10176.0,0.0,0.0,0.0,7942.0,721.0,16.0,8.1989632e+07,9.416704e+08,1773.95,21.0,161057.0,0.0,161057.0,161057.0,2.0,0.0,0.0
2026-03-30 22:43:11,330,5.16068e+06,471586.0,10176.0,0.0,0.0,0.0,7946.0,722.0,16.0,8.1989632e+07,9.416704e+08,1775.02,21.0,161155.0,0.0,161155.0,161155.0,2.0,0.0,0.0
2026-03-30 22:43:23,330,5.164078e+06,471586.0,10176.0,0.0,0.0,0.0,7951.0,722.0,16.0,8.1989632e+07,9.416704e+08,1776.2,21.0,161254.0,0.0,161254.0,161254.0,2.0,0.0,0.0
2026-03-30 22:43:36,331,5.167336e+06,472283.0,10176.0,0.0,0.0,0.0,7956.0,723.0,16.0,8.1989632e+07,9.416704e+08,1777.35,21.0,161354.0,0.0,161354.0,161354.0,2.0,0.0,0.0
2026-03-30 22:43:48,331,5.170763e+06,472283.0,10176.0,0.0,0.0,0.0,7961.0,723.0,16.0,8.1989632e+07,9.416704e+08,1778.4599999999998,21.0,161454.0,0.0,161454.0,161454.0,2.0,0.0,0.0
2026-03-30 22:44:00,331,5.173464e+06,472980.0,10176.0,0.0,0.0,0.0,7965.0,724.0,16.0,8.1989632e+07,9.416704e+08,1779.5700000000002,21.0,161554.0,0.0,161554.0,161554.0,2.0,0.0,0.0
2026-03-30 22:44:13,331,5.176194e+06,472980.0,10176.0,0.0,0.0,0.0,7969.0,724.0,16.0,8.1989632e+07,9.416704e+08,1780.53,21.0,161643.0,0.0,161643.0,161643.0,2.0,0.0,0.0
2026-03-30 22:44:25,332,5.177524e+06,472980.0,10176.0,0.0,0.0,0.0,7971.0,724.0,16.0,8.1989632e+07,9.416704e+08,1780.83,21.0,161669.0,0.0,161669.0,161669.0,2.0,0.0,0.0
2026-03-30 22:44:37,332,5.180254e+06,473677.0,10176.0,0.0,0.0,0.0,7975.0,725.0,16.0,8.1989632e+07,9.416704e+08,1781.92,21.0,161768.0,0.0,161768.0,161768.0,2.0,0.0,0.0
2026-03-30 22:44:49,332,5.183652e+06,473677.0,10176.0,0.0,0.0,0.0,7980.0,725.0,16.0,8.1989632e+07,9.416704e+08,1783.03,23.0,161868.0,0.0,161867.0,161867.0,2.0,0.0,0.0
2026-03-30 22:45:01,332,5.187079e+06,473677.0,10176.0,0.0,0.0,0.0,7985.0,725.0,16.0,8.1989632e+07,9.416704e+08,1784.1,21.0,161967.0,0.0,161967.0,161967.0,2.0,0.0,0.0
2026-03-30 22:45:13,332,5.18978e+06,474374.0,10176.0,0.0,0.0,0.0,7989.0,726.0,16.0,8.1989632e+07,9.416704e+08,1785.1599999999999,21.0,162067.0,0.0,162067.0,162067.0,2.0,0.0,0.0
2026-03-30 22:45:26,333,5.193207e+06,474374.0,10176.0,0.0,0.0,0.0,7994.0,726.0,16.0,8.1989632e+07,9.416704e+08,1786.29,21.0,162167.0,0.0,162167.0,162167.0,2.0,0.0,0.0
2026-03-30 22:45:39,333,5.195587e+06,475042.0,10873.0,0.0,0.0,0.0,7998.0,727.0,17.0,8.1989632e+07,9.416704e+08,1787.44,21.0,162270.0,0.0,162270.0,162270.0,2.0,0.0,0.0
2026-03-30 22:45:51,333,5.199017e+06,475042.0,10873.0,0.0,0.0,0.0,8004.0,727.0,17.0,8.2120704e+07,9.416704e+08,1788.5800000000002,21.0,162371.0,0.0,162371.0,162371.0,2.0,0.0,0.0
2026-03-30 22:46:03,333,5.201957e+06,475637.0,10873.0,0.0,0.0,0.0,8009.0,728.0,17.0,8.2120704e+07,9.416704e+08,1789.68,21.0,162469.0,0.0,162469.0,162469.0,2.0,0.0,0.0
2026-03-30 22:46:16,333,5.205527e+06,475637.0,10873.0,0.0,0.0,0.0,8015.0,728.0,17.0,8.2120704e+07,9.416704e+08,1790.83,21.0,162570.0,0.0,162570.0,162570.0,2.0,0.0,0.0
2026-03-30 22:46:28,334,5.208502e+06,476232.0,10873.0,0.0,0.0,0.0,8020.0,729.0,17.0,8.2120704e+07,9.416704e+08,1791.91,21.0,162669.0,0.0,162669.0,162669.0,2.0,0.0,0.0
2026-03-30 22:46:41,334,5.212142e+06,476232.0,10873.0,0.0,0.0,0.0,8026.0,729.0,17.0,8.2120704e+07,9.416704e+08,1793.07,23.0,162770.0,0.0,162769.0,162769.0,2.0,0.0,0.0
2026-03-30 22:46:53,334,5.214802e+06,476897.0,10873.0,0.0,0.0,0.0,8030.0,730.0,17.0,8.2120704e+07,9.416704e+08,1794.2199999999998,23.0,162869.0,0.0,162868.0,162868.0,2.0,0.0,0.0
2026-03-30 22:47:06,334,5.218792e+06,476897.0,10873.0,0.0,0.0,0.0,8036.0,730.0,17.0,8.2120704e+07,9.416704e+08,1795.41,21.0,162973.0,0.0,162973.0,162973.0,2.0,0.0,0.0
2026-03-30 22:47:18,334,5.222117e+06,476897.0,10873.0,0.0,0.0,0.0,8041.0,730.0,17.0,8.2120704e+07,9.416704e+08,1796.56,22.0,163073.0,0.0,163072.0,163072.0,2.0,0.0,0.0
2026-03-30 22:47:31,335,5.224777e+06,477562.0,10873.0,0.0,0.0,0.0,8045.0,731.0,17.0,8.2120704e+07,9.416704e+08,1797.6799999999998,21.0,163173.0,0.0,163173.0,163173.0,2.0,0.0,0.0
2026-03-30 22:47:43,335,5.228102e+06,477562.0,10873.0,0.0,0.0,0.0,8050.0,731.0,17.0,8.2120704e+07,9.416704e+08,1798.76,23.0,163273.0,0.0,163272.0,163272.0,2.0,0.0,0.0
2026-03-30 22:47:55,335,5.231287e+06,478227.0,10873.0,0.0,0.0,0.0,8055.0,732.0,17.0,8.2120704e+07,9.416704e+08,1799.9099999999999,21.0,163375.0,0.0,163375.0,163375.0,2.0,0.0,0.0
2026-03-30 22:48:08,335,5.234612e+06,478227.0,10873.0,0.0,0.0,0.0,8060.0,732.0,17.0,8.2120704e+07,9.416704e+08,1801.1100000000001,21.0,163475.0,0.0,163475.0,163475.0,2.0,0.0,0.0
2026-03-30 22:48:20,335,5.237272e+06,478892.0,10873.0,0.0,0.0,0.0,8064.0,733.0,17.0,8.2120704e+07,9.416704e+08,1802.21,21.0,163573.0,0.0,163573.0,163573.0,2.0,0.0,0.0
2026-03-30 22:48:32,336,5.241122e+06,478892.0,10873.0,0.0,0.0,0.0,8070.0,733.0,17.0,8.2120704e+07,9.416704e+08,1803.35,21.0,163673.0,0.0,163673.0,163673.0,2.0,0.0,0.0
2026-03-30 22:48:44,336,5.243782e+06,479557.0,10873.0,0.0,0.0,0.0,8074.0,734.0,17.0,8.2120704e+07,9.416704e+08,1804.49,21.0,163772.0,0.0,163772.0,163772.0,2.0,0.0,0.0
2026-03-30 22:48:57,336,5.247107e+06,479557.0,10873.0,0.0,0.0,0.0,8079.0,734.0,17.0,8.2120704e+07,9.416704e+08,1805.6,21.0,163872.0,0.0,163872.0,163872.0,2.0,0.0,0.0
2026-03-30 22:49:09,336,5.251097e+06,479557.0,10873.0,0.0,0.0,0.0,8085.0,734.0,17.0,8.2120704e+07,9.416704e+08,1806.6899999999998,23.0,163973.0,0.0,163972.0,163972.0,2.0,0.0,0.0
2026-03-30 22:49:22,336,5.253757e+06,480222.0,10873.0,0.0,0.0,0.0,8089.0,735.0,17.0,8.2120704e+07,9.416704e+08,1807.8200000000002,21.0,164073.0,0.0,164073.0,164073.0,2.0,0.0,0.0
2026-03-30 22:49:34,337,5.257082e+06,480222.0,10873.0,0.0,0.0,0.0,8094.0,735.0,17.0,8.2120704e+07,9.416704e+08,1808.87,21.0,164173.0,0.0,164173.0,164173.0,2.0,0.0,0.0
2026-03-30 22:49:46,337,5.259777e+06,480887.0,10873.0,0.0,0.0,0.0,8098.0,736.0,17.0,8.2120704e+07,9.416704e+08,1810.02,21.0,164273.0,0.0,164273.0,164273.0,2.0,0.0,0.0
2026-03-30 22:49:58,337,5.263175e+06,480887.0,10873.0,0.0,0.0,0.0,8103.0,736.0,17.0,8.2120704e+07,9.416704e+08,1811.2,23.0,164372.0,0.0,164371.0,164371.0,2.0,0.0,0.0
2026-03-30 22:50:11,337,5.266468e+06,481584.0,10873.0,0.0,0.0,0.0,8108.0,737.0,17.0,8.2120704e+07,9.416704e+08,1812.28,23.0,164472.0,0.0,164471.0,164471.0,2.0,0.0,0.0
2026-03-30 22:50:23,337,5.269895e+06,481584.0,10873.0,0.0,0.0,0.0,8113.0,737.0,17.0,8.2120704e+07,9.416704e+08,1813.46,21.0,164570.0,0.0,164570.0,164570.0,2.0,0.0,0.0
2026-03-30 22:50:35,338,5.273293e+06,481584.0,10873.0,0.0,0.0,0.0,8118.0,737.0,17.0,8.2120704e+07,9.416704e+08,1814.5,22.0,164670.0,0.0,164669.0,164669.0,2.0,0.0,0.0
2026-03-30 22:50:48,338,5.276023e+06,482281.0,10873.0,0.0,0.0,0.0,8122.0,738.0,17.0,8.2120704e+07,9.416704e+08,1815.58,21.0,164768.0,0.0,164768.0,164768.0,2.0,0.0,0.0
2026-03-30 22:51:00,338,5.279421e+06,482281.0,10873.0,0.0,0.0,0.0,8127.0,738.0,17.0,8.2120704e+07,9.416704e+08,1816.73,23.0,164868.0,0.0,164867.0,164867.0,2.0,0.0,0.0
2026-03-30 22:51:12,338,5.282151e+06,482978.0,10873.0,0.0,0.0,0.0,8131.0,739.0,17.0,8.2120704e+07,9.416704e+08,1817.86,21.0,164967.0,0.0,164967.0,164967.0,2.0,0.0,0.0
2026-03-30 22:51:25,339,5.285549e+06,482978.0,10873.0,0.0,0.0,0.0,8136.0,739.0,17.0,8.2120704e+07,9.416704e+08,1819.05,21.0,165068.0,0.0,165068.0,165068.0,2.0,0.0,0.0
2026-03-30 22:51:37,339,5.288279e+06,483675.0,10873.0,0.0,0.0,0.0,8140.0,740.0,17.0,8.2120704e+07,9.416704e+08,1820.21,21.0,165167.0,0.0,165167.0,165167.0,2.0,0.0,0.0
2026-03-30 22:51:49,339,5.292339e+06,483675.0,10873.0,0.0,0.0,0.0,8146.0,740.0,17.0,8.2120704e+07,9.416704e+08,1821.37,21.0,165268.0,0.0,165268.0,165268.0,2.0,0.0,0.0
2026-03-30 22:52:02,339,5.295734e+06,483675.0,10873.0,0.0,0.0,0.0,8151.0,740.0,17.0,8.2120704e+07,9.416704e+08,1822.49,21.0,165367.0,0.0,165367.0,165367.0,2.0,0.0,0.0
2026-03-30 22:52:14,339,5.298464e+06,484375.0,10873.0,0.0,0.0,0.0,8155.0,741.0,17.0,8.2120704e+07,9.416704e+08,1823.5900000000001,21.0,165466.0,0.0,165466.0,165466.0,2.0,0.0,0.0
2026-03-30 22:52:26,340,5.301862e+06,484375.0,10873.0,0.0,0.0,0.0,8160.0,741.0,17.0,8.2120704e+07,9.416704e+08,1824.77,21.0,165566.0,0.0,165566.0,165566.0,2.0,0.0,0.0
2026-03-30 22:52:38,340,5.304592e+06,485072.0,10873.0,0.0,0.0,0.0,8164.0,742.0,17.0,8.2120704e+07,9.416704e+08,1825.9499999999998,21.0,165666.0,0.0,165666.0,165666.0,2.0,0.0,0.0
2026-03-30 22:52:51,340,5.30799e+06,485072.0,10873.0,0.0,0.0,0.0,8169.0,742.0,17.0,8.2120704e+07,9.416704e+08,1827.19,21.0,165769.0,0.0,165769.0,165769.0,2.0,0.0,0.0
2026-03-30 22:53:03,340,5.310615e+06,485769.0,10873.0,0.0,0.0,0.0,8173.0,743.0,17.0,8.2120704e+07,9.416704e+08,1828.31,21.0,165868.0,0.0,165868.0,165868.0,2.0,0.0,0.0
2026-03-30 22:53:16,340,5.314643e+06,485769.0,10873.0,0.0,0.0,0.0,8179.0,743.0,17.0,8.2120704e+07,9.416704e+08,1829.44,23.0,165970.0,0.0,165969.0,165969.0,2.0,0.0,0.0
2026-03-30 22:53:28,341,5.318038e+06,485769.0,10873.0,0.0,0.0,0.0,8184.0,743.0,17.0,8.2120704e+07,9.416704e+08,1830.65,23.0,166069.0,0.0,166068.0,166068.0,2.0,0.0,0.0
2026-03-30 22:53:40,341,5.320768e+06,486466.0,10873.0,0.0,0.0,0.0,8188.0,744.0,17.0,8.2120704e+07,9.416704e+08,1831.82,21.0,166169.0,0.0,166169.0,166169.0,2.0,0.0,0.0
2026-03-30 22:53:53,341,5.324166e+06,486466.0,10873.0,0.0,0.0,0.0,8193.0,744.0,17.0,8.2120704e+07,9.416704e+08,1832.9,21.0,166268.0,0.0,166268.0,166268.0,2.0,0.0,0.0
2026-03-30 22:54:05,341,5.326896e+06,487163.0,10873.0,0.0,0.0,0.0,8197.0,745.0,17.0,8.2120704e+07,9.416704e+08,1834.09,21.0,166369.0,0.0,166369.0,166369.0,2.0,0.0,0.0
2026-03-30 22:54:17,341,5.330294e+06,487163.0,10873.0,0.0,0.0,0.0,8202.0,745.0,17.0,8.2120704e+07,9.416704e+08,1835.1399999999999,22.0,166468.0,0.0,166467.0,166467.0,2.0,0.0,0.0
2026-03-30 22:54:30,342,5.333552e+06,487860.0,10873.0,0.0,0.0,0.0,8207.0,746.0,17.0,8.2120704e+07,9.416704e+08,1836.26,23.0,166568.0,0.0,166567.0,166567.0,2.0,0.0,0.0
2026-03-30 22:54:42,342,5.336979e+06,487860.0,10873.0,0.0,0.0,0.0,8212.0,746.0,17.0,8.2120704e+07,9.416704e+08,1837.35,21.0,166667.0,0.0,166667.0,166667.0,2.0,0.0,0.0
2026-03-30 22:54:54,342,5.340377e+06,487860.0,10873.0,0.0,0.0,0.0,8217.0,746.0,17.0,8.2120704e+07,9.416704e+08,1838.5,23.0,166768.0,0.0,166767.0,166767.0,2.0,0.0,0.0
2026-03-30 22:55:07,342,5.342897e+06,488557.0,10873.0,0.0,0.0,0.0,8221.0,747.0,17.0,8.2120704e+07,9.416704e+08,1839.6,21.0,166866.0,0.0,166866.0,166866.0,2.0,0.0,0.0
2026-03-30 22:55:19,342,5.346295e+06,488557.0,10873.0,0.0,0.0,0.0,8226.0,747.0,17.0,8.2120704e+07,9.416704e+08,1840.81,21.0,166964.0,0.0,166964.0,166964.0,2.0,0.0,0.0
2026-03-30 22:55:32,343,5.349693e+06,489254.0,10873.0,0.0,0.0,0.0,8231.0,748.0,17.0,8.2120704e+07,9.416704e+08,1842.1000000000001,21.0,167068.0,0.0,167068.0,167068.0,2.0,0.0,0.0
2026-03-30 22:55:44,343,5.35312e+06,489254.0,10873.0,0.0,0.0,0.0,8236.0,748.0,17.0,8.2120704e+07,9.416704e+08,1843.21,22.0,167169.0,0.0,167168.0,167168.0,2.0,0.0,0.0
2026-03-30 22:55:57,343,5.355821e+06,489951.0,10873.0,0.0,0.0,0.0,8240.0,749.0,17.0,8.2120704e+07,9.416704e+08,1844.3000000000002,21.0,167268.0,0.0,167268.0,167268.0,2.0,0.0,0.0
2026-03-30 22:56:09,343,5.359248e+06,489951.0,10873.0,0.0,0.0,0.0,8245.0,749.0,17.0,8.2120704e+07,9.416704e+08,1845.43,21.0,167367.0,0.0,167367.0,167367.0,2.0,0.0,0.0
2026-03-30 22:56:21,343,5.362646e+06,489951.0,10873.0,0.0,0.0,0.0,8250.0,749.0,17.0,8.2120704e+07,9.416704e+08,1846.56,23.0,167465.0,0.0,167464.0,167464.0,2.0,0.0,0.0
2026-03-30 22:56:33,344,5.365376e+06,490648.0,10873.0,0.0,0.0,0.0,8254.0,750.0,17.0,8.2120704e+07,9.416704e+08,1847.6399999999999,21.0,167565.0,0.0,167565.0,167565.0,2.0,0.0,0.0
2026-03-30 22:56:46,344,5.368774e+06,490648.0,10873.0,0.0,0.0,0.0,8259.0,750.0,17.0,8.2120704e+07,9.416704e+08,1848.81,21.0,167666.0,0.0,167666.0,167666.0,2.0,0.0,0.0
2026-03-30 22:56:58,344,5.371504e+06,491345.0,10873.0,0.0,0.0,0.0,8263.0,751.0,17.0,8.2120704e+07,9.416704e+08,1849.9299999999998,23.0,167766.0,0.0,167765.0,167765.0,2.0,0.0,0.0
2026-03-30 22:57:10,344,5.375497e+06,491345.0,10873.0,0.0,0.0,0.0,8269.0,751.0,17.0,8.2120704e+07,9.416704e+08,1851.0600000000002,21.0,167865.0,0.0,167865.0,167865.0,2.0,0.0,0.0
2026-03-30 22:57:23,344,5.378256e+06,492013.0,10873.0,0.0,0.0,0.0,8273.0,752.0,17.0,8.2120704e+07,9.416704e+08,1852.16,23.0,167965.0,0.0,167964.0,167964.0,2.0,0.0,0.0
2026-03-30 22:57:35,345,5.381654e+06,492013.0,10873.0,0.0,0.0,0.0,8278.0,752.0,17.0,8.2120704e+07,9.416704e+08,1853.26,21.0,168064.0,0.0,168064.0,168064.0,2.0,0.0,0.0
2026-03-30 22:57:47,345,5.385081e+06,492013.0,10873.0,0.0,0.0,0.0,8283.0,752.0,17.0,8.2120704e+07,9.416704e+08,1854.3500000000001,21.0,168163.0,0.0,168163.0,168163.0,2.0,0.0,0.0
2026-03-30 22:58:00,345,5.387811e+06,492681.0,10873.0,0.0,0.0,0.0,8287.0,753.0,17.0,8.2120704e+07,9.416704e+08,1855.47,21.0,168264.0,0.0,168264.0,168264.0,2.0,0.0,0.0
2026-03-30 22:58:12,345,5.391238e+06,492681.0,10873.0,0.0,0.0,0.0,8292.0,753.0,17.0,8.2120704e+07,9.416704e+08,1856.6999999999998,21.0,168364.0,0.0,168364.0,168364.0,2.0,0.0,0.0
2026-03-30 22:58:25,346,5.393968e+06,493349.0,10873.0,0.0,0.0,0.0,8296.0,754.0,17.0,8.2120704e+07,9.416704e+08,1857.8600000000001,21.0,168464.0,0.0,168464.0,168464.0,2.0,0.0,0.0
2026-03-30 22:58:37,346,5.397923e+06,493349.0,10873.0,0.0,0.0,0.0,8302.0,754.0,17.0,8.2120704e+07,9.416704e+08,1858.9099999999999,23.0,168563.0,0.0,168562.0,168562.0,2.0,0.0,0.0
2026-03-30 22:58:49,346,5.400682e+06,494017.0,10873.0,0.0,0.0,0.0,8306.0,755.0,17.0,8.2120704e+07,9.416704e+08,1860.0,21.0,168662.0,0.0,168662.0,168662.0,2.0,0.0,0.0
2026-03-30 22:59:01,346,5.40408e+06,494017.0,10873.0,0.0,0.0,0.0,8311.0,755.0,17.0,8.2120704e+07,9.416704e+08,1861.08,21.0,168761.0,0.0,168761.0,168761.0,2.0,0.0,0.0
2026-03-30 22:59:14,346,5.407437e+06,494017.0,10873.0,0.0,0.0,0.0,8316.0,755.0,17.0,8.2120704e+07,9.416704e+08,1862.2,23.0,168864.0,0.0,168863.0,168863.0,2.0,0.0,0.0
2026-03-30 22:59:27,347,5.410835e+06,494437.0,10873.0,0.0,0.0,0.0,8321.0,756.0,17.0,8.2120704e+07,9.416704e+08,1863.43,21.0,168965.0,0.0,168965.0,168965.0,2.0,0.0,0.0
2026-03-30 22:59:39,347,5.414262e+06,494437.0,10873.0,0.0,0.0,0.0,8326.0,756.0,17.0,8.2120704e+07,9.416704e+08,1864.56,21.0,169066.0,0.0,169066.0,169066.0,2.0,0.0,0.0
2026-03-30 22:59:51,347,5.416963e+06,495134.0,10873.0,0.0,0.0,0.0,8330.0,757.0,17.0,8.2120704e+07,9.416704e+08,1865.6299999999999,23.0,169166.0,0.0,169165.0,169165.0,2.0,0.0,0.0
2026-03-30 23:00:04,347,5.42039e+06,495134.0,10873.0,0.0,0.0,0.0,8335.0,757.0,17.0,8.2120704e+07,9.416704e+08,1866.7,21.0,169266.0,0.0,169266.0,169266.0,2.0,0.0,0.0
2026-03-30 23:00:16,347,5.42368e+06,495802.0,10873.0,0.0,0.0,0.0,8340.0,758.0,17.0,8.2120704e+07,9.416704e+08,1867.8999999999999,22.0,169371.0,0.0,169370.0,169370.0,2.0,0.0,0.0
2026-03-30 23:00:29,348,5.427107e+06,495802.0,10873.0,0.0,0.0,0.0,8345.0,758.0,17.0,8.2120704e+07,9.416704e+08,1869.0300000000002,23.0,169471.0,0.0,169470.0,169470.0,2.0,0.0,0.0
2026-03-30 23:00:41,348,5.429837e+06,496470.0,10873.0,0.0,0.0,0.0,8349.0,759.0,17.0,8.2120704e+07,9.416704e+08,1870.13,21.0,169571.0,0.0,169571.0,169571.0,2.0,0.0,0.0
2026-03-30 23:00:53,348,5.433264e+06,496470.0,10873.0,0.0,0.0,0.0,8354.0,759.0,17.0,8.2120704e+07,9.416704e+08,1871.24,23.0,169669.0,0.0,169668.0,169668.0,2.0,0.0,0.0
2026-03-30 23:01:06,348,5.436662e+06,496470.0,10873.0,0.0,0.0,0.0,8359.0,759.0,17.0,8.2120704e+07,9.416704e+08,1872.38,21.0,169768.0,0.0,169768.0,169768.0,2.0,0.0,0.0
2026-03-30 23:01:18,348,5.439421e+06,497138.0,10873.0,0.0,0.0,0.0,8363.0,760.0,17.0,8.2120704e+07,9.416704e+08,1873.5,21.0,169868.0,0.0,169868.0,169868.0,2.0,0.0,0.0
2026-03-30 23:01:30,349,5.442819e+06,497138.0,10873.0,0.0,0.0,0.0,8368.0,760.0,17.0,8.2120704e+07,9.416704e+08,1874.58,21.0,169966.0,0.0,169966.0,169966.0,2.0,0.0,0.0
2026-03-30 23:01:43,349,5.445578e+06,497806.0,10873.0,0.0,0.0,0.0,8372.0,761.0,17.0,8.2120704e+07,9.416704e+08,1875.6599999999999,21.0,170066.0,0.0,170066.0,170066.0,2.0,0.0,0.0
2026-03-30 23:01:55,349,5.449536e+06,497806.0,10873.0,0.0,0.0,0.0,8378.0,761.0,17.0,8.2120704e+07,9.416704e+08,1876.73,21.0,170164.0,0.0,170164.0,170164.0,2.0,0.0,0.0
2026-03-30 23:02:07,349,5.452266e+06,498503.0,10873.0,0.0,0.0,0.0,8382.0,762.0,17.0,8.2120704e+07,9.416704e+08,1877.8,21.0,170264.0,0.0,170264.0,170264.0,2.0,0.0,0.0
2026-03-30 23:02:20,349,5.455664e+06,498503.0,10873.0,0.0,0.0,0.0,8387.0,762.0,17.0,8.2120704e+07,9.416704e+08,1878.9099999999999,21.0,170362.0,0.0,170362.0,170362.0,2.0,0.0,0.0
2026-03-30 23:02:32,350,5.459091e+06,498503.0,10873.0,0.0,0.0,0.0,8392.0,762.0,17.0,8.2120704e+07,9.416704e+08,1879.98,21.0,170459.0,0.0,170459.0,170459.0,2.0,0.0,0.0
2026-03-30 23:02:44,350,5.461792e+06,499200.0,10873.0,0.0,0.0,0.0,8396.0,763.0,17.0,8.2120704e+07,9.416704e+08,1881.1,21.0,170558.0,0.0,170558.0,170558.0,2.0,0.0,0.0
2026-03-30 23:02:56,350,5.465219e+06,499200.0,10873.0,0.0,0.0,0.0,8401.0,763.0,17.0,8.2120704e+07,9.416704e+08,1882.23,21.0,170657.0,0.0,170657.0,170657.0,2.0,0.0,0.0
2026-03-30 23:03:08,350,5.46792e+06,499897.0,10873.0,0.0,0.0,0.0,8405.0,764.0,17.0,8.2120704e+07,9.416704e+08,1883.44,21.0,170755.0,0.0,170755.0,170755.0,2.0,0.0,0.0
2026-03-30 23:03:21,350,5.471347e+06,499897.0,10873.0,0.0,0.0,0.0,8410.0,764.0,17.0,8.2120704e+07,9.416704e+08,1884.6,21.0,170856.0,0.0,170856.0,170856.0,2.0,0.0,0.0
2026-03-30 23:03:33,351,5.474745e+06,499897.0,10873.0,0.0,0.0,0.0,8415.0,764.0,17.0,8.2120704e+07,9.416704e+08,1885.74,21.0,170955.0,0.0,170955.0,170955.0,2.0,0.0,0.0
2026-03-30 23:03:46,351,5.477475e+06,500594.0,10873.0,0.0,0.0,0.0,8419.0,765.0,17.0,8.2120704e+07,9.416704e+08,1886.87,21.0,171054.0,0.0,171054.0,171054.0,2.0,0.0,0.0
2026-03-30 23:03:58,351,5.480873e+06,500594.0,10873.0,0.0,0.0,0.0,8424.0,765.0,17.0,8.2120704e+07,9.416704e+08,1887.96,21.0,171154.0,0.0,171154.0,171154.0,2.0,0.0,0.0
2026-03-30 23:04:10,351,5.484026e+06,501291.0,10873.0,0.0,0.0,0.0,8429.0,766.0,17.0,8.2120704e+07,9.416704e+08,1889.19,21.0,171255.0,0.0,171255.0,171255.0,2.0,0.0,0.0
2026-03-30 23:04:22,351,5.487453e+06,501291.0,10873.0,0.0,0.0,0.0,8434.0,766.0,17.0,8.2120704e+07,9.416704e+08,1890.29,21.0,171354.0,0.0,171354.0,171354.0,2.0,0.0,0.0
2026-03-30 23:04:35,352,5.490154e+06,501988.0,10873.0,0.0,0.0,0.0,8438.0,767.0,17.0,8.2120704e+07,9.416704e+08,1891.45,21.0,171455.0,0.0,171455.0,171455.0,2.0,0.0,0.0
2026-03-30 23:04:47,352,5.493581e+06,501988.0,10873.0,0.0,0.0,0.0,8443.0,767.0,17.0,8.2120704e+07,9.416704e+08,1892.58,21.0,171554.0,0.0,171554.0,171554.0,2.0,0.0,0.0
2026-03-30 23:04:59,352,5.496979e+06,501988.0,10873.0,0.0,0.0,0.0,8448.0,767.0,17.0,8.2120704e+07,9.416704e+08,1893.6899999999998,21.0,171655.0,0.0,171655.0,171655.0,2.0,0.0,0.0
2026-03-30 23:05:12,352,5.500374e+06,502583.0,10873.0,0.0,0.0,0.0,8453.0,768.0,17.0,8.2120704e+07,9.416704e+08,1894.8300000000002,21.0,171755.0,0.0,171755.0,171755.0,2.0,0.0,0.0
2026-03-30 23:05:24,352,5.503801e+06,502583.0,10873.0,0.0,0.0,0.0,8458.0,768.0,17.0,8.2120704e+07,9.416704e+08,1895.92,21.0,171854.0,0.0,171854.0,171854.0,2.0,0.0,0.0
2026-03-30 23:05:36,353,5.506502e+06,503280.0,10873.0,0.0,0.0,0.0,8462.0,769.0,17.0,8.2120704e+07,9.416704e+08,1896.98,23.0,171954.0,0.0,171953.0,171953.0,2.0,0.0,0.0
2026-03-30 23:05:49,353,5.509929e+06,503280.0,10873.0,0.0,0.0,0.0,8467.0,769.0,17.0,8.2120704e+07,9.416704e+08,1898.1000000000001,22.0,172055.0,0.0,172055.0,172055.0,2.0,0.0,0.0
2026-03-30 23:06:01,353,5.51263e+06,503977.0,10873.0,0.0,0.0,0.0,8471.0,770.0,17.0,8.2120704e+07,9.416704e+08,1899.26,23.0,172155.0,0.0,172154.0,172154.0,2.0,0.0,0.0
2026-03-30 23:06:13,353,5.516057e+06,503977.0,10873.0,0.0,0.0,0.0,8476.0,770.0,17.0,8.2120704e+07,9.416704e+08,1900.32,21.0,172254.0,0.0,172254.0,172254.0,2.0,0.0,0.0
2026-03-30 23:06:26,354,5.519455e+06,503977.0,10873.0,0.0,0.0,0.0,8481.0,770.0,17.0,8.2120704e+07,9.416704e+08,1901.47,23.0,172355.0,0.0,172354.0,172354.0,2.0,0.0,0.0
2026-03-30 23:06:38,354,5.522853e+06,504604.0,10873.0,0.0,0.0,0.0,8486.0,771.0,17.0,8.2120704e+07,9.416704e+08,1902.61,21.0,172454.0,0.0,172454.0,172454.0,2.0,0.0,0.0
2026-03-30 23:06:50,354,5.52628e+06,504604.0,10873.0,0.0,0.0,0.0,8491.0,771.0,17.0,8.2120704e+07,9.416704e+08,1903.6100000000001,21.0,172552.0,0.0,172552.0,172552.0,2.0,0.0,0.0
2026-03-30 23:07:02,354,5.528981e+06,505301.0,10873.0,0.0,0.0,0.0,8495.0,772.0,17.0,8.2120704e+07,9.416704e+08,1904.7,23.0,172652.0,0.0,172651.0,172651.0,2.0,0.0,0.0
2026-03-30 23:07:15,354,5.532408e+06,505301.0,10873.0,0.0,0.0,0.0,8500.0,772.0,17.0,8.2120704e+07,9.416704e+08,1905.83,21.0,172751.0,0.0,172751.0,172751.0,2.0,0.0,0.0
2026-03-30 23:07:27,355,5.535109e+06,505998.0,10873.0,0.0,0.0,0.0,8504.0,773.0,17.0,8.2120704e+07,9.416704e+08,1906.9699999999998,21.0,172851.0,0.0,172851.0,172851.0,2.0,0.0,0.0
2026-03-30 23:07:39,355,5.538536e+06,505998.0,10873.0,0.0,0.0,0.0,8509.0,773.0,17.0,8.2120704e+07,9.416704e+08,1908.02,21.0,172949.0,0.0,172949.0,172949.0,2.0,0.0,0.0
2026-03-30 23:07:52,355,5.541934e+06,505998.0,10873.0,0.0,0.0,0.0,8514.0,773.0,17.0,8.2120704e+07,9.416704e+08,1909.1399999999999,21.0,173050.0,0.0,173050.0,173050.0,2.0,0.0,0.0
2026-03-30 23:08:04,355,5.544664e+06,506695.0,10873.0,0.0,0.0,0.0,8518.0,774.0,17.0,8.2120704e+07,9.416704e+08,1910.26,23.0,173149.0,0.0,173148.0,173148.0,2.0,0.0,0.0
2026-03-30 23:08:16,355,5.548552e+06,506695.0,10873.0,0.0,0.0,0.0,8524.0,774.0,17.0,8.2120704e+07,9.416704e+08,1911.4,22.0,173249.0,0.0,173248.0,173248.0,2.0,0.0,0.0
2026-03-30 23:08:29,356,5.550232e+06,507363.0,11570.0,0.0,0.0,0.0,8527.0,775.0,18.0,8.2120704e+07,9.416704e+08,1912.58,21.0,173347.0,0.0,173347.0,173347.0,2.0,0.0,0.0
2026-03-30 23:08:41,356,5.553694e+06,507363.0,11570.0,0.0,0.0,0.0,8533.0,775.0,18.0,8.2120704e+07,9.416704e+08,1913.69,21.0,173447.0,0.0,173447.0,173447.0,2.0,0.0,0.0
2026-03-30 23:08:54,356,5.556599e+06,507958.0,11570.0,0.0,0.0,0.0,8538.0,776.0,18.0,8.2120704e+07,9.416704e+08,1915.1399999999999,21.0,173546.0,0.0,173546.0,173546.0,2.0,0.0,0.0
2026-03-30 23:09:06,356,5.560659e+06,507958.0,11570.0,0.0,0.0,0.0,8545.0,776.0,18.0,8.2120704e+07,9.416704e+08,1916.3899999999999,22.0,173649.0,0.0,173648.0,173648.0,2.0,0.0,0.0
2026-03-30 23:09:19,356,5.563039e+06,508553.0,11570.0,0.0,0.0,0.0,8549.0,777.0,18.0,8.2120704e+07,9.416704e+08,1917.55,21.0,173747.0,0.0,173747.0,173747.0,2.0,0.0,0.0
2026-03-30 23:09:31,357,5.566609e+06,508553.0,11570.0,0.0,0.0,0.0,8555.0,777.0,18.0,8.2120704e+07,9.416704e+08,1918.71,21.0,173847.0,0.0,173847.0,173847.0,2.0,0.0,0.0
2026-03-30 23:09:43,357,5.569269e+06,509218.0,11570.0,0.0,0.0,0.0,8559.0,778.0,18.0,8.2120704e+07,9.416704e+08,1919.8100000000002,21.0,173947.0,0.0,173947.0,173947.0,2.0,0.0,0.0
2026-03-30 23:09:56,357,5.573189e+06,509218.0,11570.0,0.0,0.0,0.0,8565.0,778.0,18.0,8.2120704e+07,9.416704e+08,1920.94,23.0,174046.0,0.0,174045.0,174045.0,2.0,0.0,0.0
2026-03-30 23:10:08,357,5.575849e+06,509883.0,11570.0,0.0,0.0,0.0,8569.0,779.0,18.0,8.2120704e+07,9.416704e+08,1922.0,21.0,174144.0,0.0,174144.0,174144.0,2.0,0.0,0.0
2026-03-30 23:10:20,357,5.579174e+06,509883.0,11570.0,0.0,0.0,0.0,8574.0,779.0,18.0,8.2120704e+07,9.416704e+08,1923.1000000000001,21.0,174244.0,0.0,174244.0,174244.0,2.0,0.0,0.0
2026-03-30 23:10:33,358,5.582499e+06,509883.0,11570.0,0.0,0.0,0.0,8579.0,779.0,18.0,8.2120704e+07,9.416704e+08,1924.17,21.0,174343.0,0.0,174343.0,174343.0,2.0,0.0,0.0
2026-03-30 23:10:45,358,5.585722e+06,510545.0,11570.0,0.0,0.0,0.0,8584.0,780.0,18.0,8.2120704e+07,9.416704e+08,1925.26,21.0,174445.0,0.0,174445.0,174445.0,2.0,0.0,0.0
2026-03-30 23:10:57,358,5.589047e+06,510545.0,11570.0,0.0,0.0,0.0,8589.0,780.0,18.0,8.2120704e+07,9.416704e+08,1926.3300000000002,21.0,174544.0,0.0,174544.0,174544.0,2.0,0.0,0.0
2026-03-30 23:11:10,358,5.591707e+06,511210.0,11570.0,0.0,0.0,0.0,8593.0,781.0,18.0,8.2120704e+07,9.416704e+08,1927.4,21.0,174643.0,0.0,174643.0,174643.0,2.0,0.0,0.0
2026-03-30 23:11:22,358,5.595522e+06,511210.0,11570.0,0.0,0.0,0.0,8599.0,781.0,18.0,8.2120704e+07,9.416704e+08,1928.56,21.0,174743.0,0.0,174743.0,174743.0,2.0,0.0,0.0
2026-03-30 23:11:34,359,5.598182e+06,511875.0,11570.0,0.0,0.0,0.0,8603.0,782.0,18.0,8.2120704e+07,9.416704e+08,1929.6200000000001,21.0,174843.0,0.0,174843.0,174843.0,2.0,0.0,0.0
2026-03-30 23:11:47,359,5.601507e+06,511875.0,11570.0,0.0,0.0,0.0,8608.0,782.0,18.0,8.2120704e+07,9.416704e+08,1930.72,23.0,174944.0,0.0,174943.0,174943.0,2.0,0.0,0.0
2026-03-30 23:11:59,359,5.604762e+06,512540.0,11570.0,0.0,0.0,0.0,8613.0,783.0,18.0,8.2120704e+07,9.416704e+08,1931.81,21.0,175042.0,0.0,175042.0,175042.0,2.0,0.0,0.0
2026-03-30 23:12:11,359,5.608087e+06,512540.0,11570.0,0.0,0.0,0.0,8618.0,783.0,18.0,8.2120704e+07,9.416704e+08,1932.8600000000001,21.0,175141.0,0.0,175141.0,175141.0,2.0,0.0,0.0
2026-03-30 23:12:24,359,5.611412e+06,512540.0,11570.0,0.0,0.0,0.0,8623.0,783.0,18.0,8.2120704e+07,9.416704e+08,1934.06,21.0,175243.0,0.0,175243.0,175243.0,2.0,0.0,0.0
2026-03-30 23:12:36,360,5.614775e+06,513205.0,11570.0,0.0,0.0,0.0,8628.0,784.0,18.0,8.2120704e+07,9.416704e+08,1935.19,21.0,175345.0,0.0,175345.0,175345.0,2.0,0.0,0.0
2026-03-30 23:12:48,360,5.618202e+06,513205.0,11570.0,0.0,0.0,0.0,8633.0,784.0,18.0,8.2120704e+07,9.416704e+08,1936.27,23.0,175445.0,0.0,175444.0,175444.0,2.0,0.0,0.0
2026-03-30 23:13:00,360,5.620932e+06,513873.0,11570.0,0.0,0.0,0.0,8637.0,785.0,18.0,8.2120704e+07,9.416704e+08,1937.4099999999999,21.0,175544.0,0.0,175544.0,175544.0,2.0,0.0,0.0
2026-03-30 23:13:13,360,5.624359e+06,513873.0,11570.0,0.0,0.0,0.0,8642.0,785.0,18.0,8.2120704e+07,9.416704e+08,1938.48,21.0,175642.0,0.0,175642.0,175642.0,2.0,0.0,0.0
2026-03-30 23:13:25,361,5.627089e+06,514541.0,11570.0,0.0,0.0,0.0,8646.0,786.0,18.0,8.2120704e+07,9.416704e+08,1939.67,21.0,175744.0,0.0,175744.0,175744.0,2.0,0.0,0.0
2026-03-30 23:13:38,361,5.630516e+06,514541.0,11570.0,0.0,0.0,0.0,8651.0,786.0,18.0,8.2120704e+07,9.416704e+08,1940.7199999999998,21.0,175845.0,0.0,175845.0,175845.0,2.0,0.0,0.0
2026-03-30 23:13:50,361,5.633914e+06,514541.0,11570.0,0.0,0.0,0.0,8656.0,786.0,18.0,8.2120704e+07,9.416704e+08,1941.8300000000002,21.0,175944.0,0.0,175944.0,175944.0,2.0,0.0,0.0
2026-03-30 23:14:02,361,5.636673e+06,515209.0,11570.0,0.0,0.0,0.0,8660.0,787.0,18.0,8.2120704e+07,9.416704e+08,1942.92,21.0,176044.0,0.0,176044.0,176044.0,2.0,0.0,0.0
2026-03-30 23:14:15,361,5.640666e+06,515209.0,11570.0,0.0,0.0,0.0,8666.0,787.0,18.0,8.2120704e+07,9.416704e+08,1944.1,21.0,176146.0,0.0,176146.0,176146.0,2.0,0.0,0.0
2026-03-30 23:14:28,362,5.642031e+06,515209.0,11570.0,0.0,0.0,0.0,8668.0,787.0,18.0,8.2120704e+07,9.416704e+08,1944.66,21.0,176196.0,0.0,176196.0,176196.0,2.0,0.0,0.0
2026-03-30 23:14:40,362,5.644061e+06,515769.0,11570.0,0.0,0.0,0.0,8671.0,788.0,18.0,8.2120704e+07,9.416704e+08,1945.44,21.0,176265.0,0.0,176265.0,176265.0,2.0,0.0,0.0
2026-03-30 23:14:52,362,5.647488e+06,515769.0,11570.0,0.0,0.0,0.0,8676.0,788.0,18.0,8.2120704e+07,9.416704e+08,1946.53,21.0,176365.0,0.0,176365.0,176365.0,2.0,0.0,0.0
2026-03-30 23:15:04,362,5.650189e+06,516466.0,11570.0,0.0,0.0,0.0,8680.0,789.0,18.0,8.2120704e+07,9.416704e+08,1947.6000000000001,21.0,176465.0,0.0,176465.0,176465.0,2.0,0.0,0.0
2026-03-30 23:15:17,362,5.654144e+06,516466.0,11570.0,0.0,0.0,0.0,8686.0,789.0,18.0,8.2120704e+07,9.416704e+08,1948.71,23.0,176566.0,0.0,176565.0,176565.0,2.0,0.0,0.0
2026-03-30 23:15:29,363,5.656871e+06,517134.0,11570.0,0.0,0.0,0.0,8690.0,790.0,18.0,8.2120704e+07,9.416704e+08,1949.87,21.0,176665.0,0.0,176665.0,176665.0,2.0,0.0,0.0
2026-03-30 23:15:42,363,5.660298e+06,517134.0,11570.0,0.0,0.0,0.0,8695.0,790.0,18.0,8.2120704e+07,9.416704e+08,1950.95,21.0,176762.0,0.0,176762.0,176762.0,2.0,0.0,0.0
2026-03-30 23:15:54,363,5.663696e+06,517134.0,11570.0,0.0,0.0,0.0,8700.0,790.0,18.0,8.2120704e+07,9.416704e+08,1952.11,21.0,176862.0,0.0,176862.0,176862.0,2.0,0.0,0.0
2026-03-30 23:16:06,363,5.666455e+06,517802.0,11570.0,0.0,0.0,0.0,8704.0,791.0,18.0,8.2120704e+07,9.416704e+08,1953.1799999999998,21.0,176960.0,0.0,176960.0,176960.0,2.0,0.0,0.0
2026-03-30 23:16:19,363,5.669853e+06,517802.0,11570.0,0.0,0.0,0.0,8709.0,791.0,18.0,8.2120704e+07,9.416704e+08,1954.3300000000002,23.0,177060.0,0.0,177059.0,177059.0,2.0,0.0,0.0
2026-03-30 23:16:31,364,5.672612e+06,518470.0,11570.0,0.0,0.0,0.0,8713.0,792.0,18.0,8.2120704e+07,9.416704e+08,1955.54,21.0,177159.0,0.0,177159.0,177159.0,2.0,0.0,0.0
2026-03-30 23:16:43,364,5.67601e+06,518470.0,11570.0,0.0,0.0,0.0,8718.0,792.0,18.0,8.2120704e+07,9.416704e+08,1956.65,21.0,177258.0,0.0,177258.0,177258.0,2.0,0.0,0.0
2026-03-30 23:16:55,364,5.679437e+06,518470.0,11570.0,0.0,0.0,0.0,8723.0,792.0,18.0,8.2120704e+07,9.416704e+08,1957.72,21.0,177355.0,0.0,177355.0,177355.0,2.0,0.0,0.0
2026-03-30 23:17:08,364,5.682167e+06,519138.0,11570.0,0.0,0.0,0.0,8727.0,793.0,18.0,8.2120704e+07,9.416704e+08,1958.81,22.0,177454.0,0.0,177453.0,177453.0,2.0,0.0,0.0
2026-03-30 23:17:20,364,5.685947e+06,519138.0,11570.0,0.0,0.0,0.0,8733.0,793.0,18.0,8.2120704e+07,9.416704e+08,1959.9099999999999,21.0,177552.0,0.0,177552.0,177552.0,2.0,0.0,0.0
2026-03-30 23:17:32,365,5.688706e+06,519806.0,11570.0,0.0,0.0,0.0,8737.0,794.0,18.0,8.2120704e+07,9.416704e+08,1961.02,21.0,177652.0,0.0,177652.0,177652.0,2.0,0.0,0.0
2026-03-30 23:17:44,365,5.692104e+06,519806.0,11570.0,0.0,0.0,0.0,8742.0,794.0,18.0,8.2120704e+07,9.416704e+08,1962.1,21.0,177752.0,0.0,177752.0,177752.0,2.0,0.0,0.0
2026-03-30 23:17:57,365,5.694863e+06,520474.0,11570.0,0.0,0.0,0.0,8746.0,795.0,18.0,8.2120704e+07,9.416704e+08,1963.3200000000002,22.0,177854.0,0.0,177853.0,177853.0,2.0,0.0,0.0
2026-03-30 23:18:09,365,5.698261e+06,520474.0,11570.0,0.0,0.0,0.0,8751.0,795.0,18.0,8.2120704e+07,9.416704e+08,1964.43,22.0,177953.0,0.0,177952.0,177952.0,2.0,0.0,0.0
2026-03-30 23:18:21,365,5.701548e+06,520474.0,11570.0,0.0,0.0,0.0,8756.0,795.0,18.0,8.2120704e+07,9.416704e+08,1965.5,21.0,178050.0,0.0,178050.0,178050.0,2.0,0.0,0.0
2026-03-30 23:18:34,366,5.704943e+06,521142.0,11570.0,0.0,0.0,0.0,8761.0,796.0,18.0,8.2120704e+07,9.416704e+08,1966.69,21.0,178151.0,0.0,178151.0,178151.0,2.0,0.0,0.0
2026-03-30 23:18:46,366,5.70837e+06,521142.0,11570.0,0.0,0.0,0.0,8766.0,796.0,18.0,8.2120704e+07,9.416704e+08,1967.78,21.0,178249.0,0.0,178249.0,178249.0,2.0,0.0,0.0
2026-03-30 23:18:58,366,5.711071e+06,521839.0,11570.0,0.0,0.0,0.0,8770.0,797.0,18.0,8.2120704e+07,9.416704e+08,1968.96,21.0,178348.0,0.0,178348.0,178348.0,2.0,0.0,0.0
2026-03-30 23:19:10,366,5.714498e+06,521839.0,11570.0,0.0,0.0,0.0,8775.0,797.0,18.0,8.2120704e+07,9.416704e+08,1970.01,21.0,178448.0,0.0,178448.0,178448.0,2.0,0.0,0.0
2026-03-30 23:19:23,366,5.717199e+06,522536.0,11570.0,0.0,0.0,0.0,8779.0,798.0,18.0,8.2120704e+07,9.416704e+08,1971.05,23.0,178545.0,0.0,178544.0,178544.0,2.0,0.0,0.0
2026-03-30 23:19:35,367,5.720626e+06,522536.0,11570.0,0.0,0.0,0.0,8784.0,798.0,18.0,8.2120704e+07,9.416704e+08,1972.1599999999999,21.0,178644.0,0.0,178644.0,178644.0,2.0,0.0,0.0
2026-03-30 23:19:47,367,5.724024e+06,522536.0,11570.0,0.0,0.0,0.0,8789.0,798.0,18.0,8.2120704e+07,9.416704e+08,1973.3500000000001,22.0,178744.0,0.0,178743.0,178743.0,2.0,0.0,0.0
2026-03-30 23:19:59,367,5.726754e+06,523233.0,11570.0,0.0,0.0,0.0,8793.0,799.0,18.0,8.2120704e+07,9.416704e+08,1974.4,21.0,178843.0,0.0,178843.0,178843.0,2.0,0.0,0.0
2026-03-30 23:20:12,367,5.730152e+06,523233.0,11570.0,0.0,0.0,0.0,8798.0,799.0,18.0,8.2120704e+07,9.416704e+08,1975.55,21.0,178944.0,0.0,178944.0,178944.0,2.0,0.0,0.0
2026-03-30 23:20:24,367,5.733372e+06,523930.0,11570.0,0.0,0.0,0.0,8803.0,800.0,18.0,8.2120704e+07,9.416704e+08,1976.7,23.0,179044.0,0.0,179043.0,179043.0,2.0,0.0,0.0
2026-03-30 23:20:37,368,5.73677e+06,523930.0,11570.0,0.0,0.0,0.0,8808.0,800.0,18.0,8.2120704e+07,9.416704e+08,1977.83,21.0,179143.0,0.0,179143.0,179143.0,2.0,0.0,0.0
2026-03-30 23:20:49,368,5.739529e+06,524598.0,11570.0,0.0,0.0,0.0,8812.0,801.0,18.0,8.2120704e+07,9.416704e+08,1978.8899999999999,21.0,179243.0,0.0,179243.0,179243.0,2.0,0.0,0.0
2026-03-30 23:21:01,368,5.742927e+06,524598.0,11570.0,0.0,0.0,0.0,8817.0,801.0,18.0,8.2120704e+07,9.416704e+08,1979.95,21.0,179342.0,0.0,179342.0,179342.0,2.0,0.0,0.0
2026-03-30 23:21:13,368,5.746354e+06,524598.0,11570.0,0.0,0.0,0.0,8822.0,801.0,18.0,8.2120704e+07,9.416704e+08,1981.08,22.0,179442.0,0.0,179441.0,179441.0,2.0,0.0,0.0
2026-03-30 23:21:26,369,5.749084e+06,525266.0,11570.0,0.0,0.0,0.0,8826.0,802.0,18.0,8.2120704e+07,9.416704e+08,1982.2199999999998,21.0,179542.0,0.0,179542.0,179542.0,2.0,0.0,0.0
2026-03-30 23:21:38,369,5.753039e+06,525266.0,11570.0,0.0,0.0,0.0,8832.0,802.0,18.0,8.2120704e+07,9.416704e+08,1983.32,21.0,179640.0,0.0,179640.0,179640.0,2.0,0.0,0.0
2026-03-30 23:21:50,369,5.755798e+06,525934.0,11570.0,0.0,0.0,0.0,8836.0,803.0,18.0,8.2120704e+07,9.416704e+08,1984.4099999999999,21.0,179739.0,0.0,179739.0,179739.0,2.0,0.0,0.0
2026-03-30 23:22:02,369,5.759196e+06,525934.0,11570.0,0.0,0.0,0.0,8841.0,803.0,18.0,8.2120704e+07,9.416704e+08,1985.44,23.0,179837.0,0.0,179836.0,179836.0,2.0,0.0,0.0
2026-03-30 23:22:15,369,5.761955e+06,526602.0,11570.0,0.0,0.0,0.0,8845.0,804.0,18.0,8.2120704e+07,9.416704e+08,1986.57,21.0,179937.0,0.0,179937.0,179937.0,2.0,0.0,0.0
2026-03-30 23:22:27,370,5.765353e+06,526602.0,11570.0,0.0,0.0,0.0,8850.0,804.0,18.0,8.2120704e+07,9.416704e+08,1987.6799999999998,21.0,180035.0,0.0,180035.0,180035.0,2.0,0.0,0.0
2026-03-30 23:22:39,370,5.76878e+06,526602.0,11570.0,0.0,0.0,0.0,8855.0,804.0,18.0,8.2120704e+07,9.416704e+08,1988.78,21.0,180133.0,0.0,180133.0,180133.0,2.0,0.0,0.0
2026-03-30 23:22:52,370,5.77151e+06,527270.0,11570.0,0.0,0.0,0.0,8859.0,805.0,18.0,8.2120704e+07,9.416704e+08,1989.86,21.0,180232.0,0.0,180232.0,180232.0,2.0,0.0,0.0
2026-03-30 23:23:04,370,5.774937e+06,527270.0,11570.0,0.0,0.0,0.0,8864.0,805.0,18.0,8.2120704e+07,9.416704e+08,1990.98,21.0,180330.0,0.0,180330.0,180330.0,2.0,0.0,0.0
2026-03-30 23:23:16,370,5.777667e+06,527938.0,11570.0,0.0,0.0,0.0,8868.0,806.0,18.0,8.2120704e+07,9.416704e+08,1992.0700000000002,21.0,180429.0,0.0,180429.0,180429.0,2.0,0.0,0.0
2026-03-30 23:23:28,371,5.781094e+06,527938.0,11570.0,0.0,0.0,0.0,8873.0,806.0,18.0,8.2120704e+07,9.416704e+08,1993.17,23.0,180528.0,0.0,180527.0,180527.0,2.0,0.0,0.0
2026-03-30 23:23:41,371,5.783824e+06,528606.0,11570.0,0.0,0.0,0.0,8877.0,807.0,18.0,8.2120704e+07,9.416704e+08,1994.3000000000002,21.0,180629.0,0.0,180629.0,180629.0,2.0,0.0,0.0
2026-03-30 23:23:53,371,5.787251e+06,528606.0,11570.0,0.0,0.0,0.0,8882.0,807.0,18.0,8.2120704e+07,9.416704e+08,1995.43,21.0,180728.0,0.0,180728.0,180728.0,2.0,0.0,0.0
2026-03-30 23:24:06,371,5.791209e+06,528606.0,11570.0,0.0,0.0,0.0,8888.0,807.0,18.0,8.2120704e+07,9.416704e+08,1996.51,23.0,180829.0,0.0,180828.0,180828.0,2.0,0.0,0.0
2026-03-30 23:24:18,371,5.793939e+06,529303.0,11570.0,0.0,0.0,0.0,8892.0,808.0,18.0,8.2120704e+07,9.416704e+08,1997.56,21.0,180926.0,0.0,180926.0,180926.0,2.0,0.0,0.0
2026-03-30 23:24:30,372,5.797162e+06,529303.0,11570.0,0.0,0.0,0.0,8897.0,808.0,18.0,8.2120704e+07,9.416704e+08,1998.71,21.0,181026.0,0.0,181026.0,181026.0,2.0,0.0,0.0
2026-03-30 23:24:42,372,5.799892e+06,530000.0,11570.0,0.0,0.0,0.0,8901.0,809.0,18.0,8.2120704e+07,9.416704e+08,1999.84,21.0,181126.0,0.0,181126.0,181126.0,2.0,0.0,0.0
2026-03-30 23:24:55,372,5.80329e+06,530000.0,11570.0,0.0,0.0,0.0,8906.0,809.0,18.0,8.2120704e+07,9.416704e+08,2000.9299999999998,21.0,181227.0,0.0,181227.0,181227.0,2.0,0.0,0.0
2026-03-30 23:25:07,372,5.806583e+06,530697.0,11570.0,0.0,0.0,0.0,8911.0,810.0,18.0,8.2120704e+07,9.416704e+08,2002.03,21.0,181326.0,0.0,181326.0,181326.0,2.0,0.0,0.0
2026-03-30 23:25:19,372,5.81001e+06,530697.0,11570.0,0.0,0.0,0.0,8916.0,810.0,18.0,8.2120704e+07,9.416704e+08,2003.22,21.0,181426.0,0.0,181426.0,181426.0,2.0,0.0,0.0
2026-03-30 23:25:32,373,5.813408e+06,530697.0,11570.0,0.0,0.0,0.0,8921.0,810.0,18.0,8.2120704e+07,9.416704e+08,2004.4,21.0,181526.0,0.0,181526.0,181526.0,2.0,0.0,0.0
2026-03-30 23:25:44,373,5.816138e+06,531394.0,11570.0,0.0,0.0,0.0,8925.0,811.0,18.0,8.2120704e+07,9.416704e+08,2005.47,21.0,181625.0,0.0,181625.0,181625.0,2.0,0.0,0.0
2026-03-30 23:25:56,373,5.819536e+06,531394.0,11570.0,0.0,0.0,0.0,8930.0,811.0,18.0,8.2120704e+07,9.416704e+08,2006.6100000000001,21.0,181724.0,0.0,181724.0,181724.0,2.0,0.0,0.0
2026-03-30 23:26:09,373,5.822266e+06,532091.0,11570.0,0.0,0.0,0.0,8934.0,812.0,18.0,8.2120704e+07,9.416704e+08,2007.69,21.0,181823.0,0.0,181823.0,181823.0,2.0,0.0,0.0
2026-03-30 23:26:21,373,5.825664e+06,532091.0,11570.0,0.0,0.0,0.0,8939.0,812.0,18.0,8.2120704e+07,9.416704e+08,2008.76,21.0,181921.0,0.0,181921.0,181921.0,2.0,0.0,0.0
2026-03-30 23:26:33,374,5.828394e+06,532788.0,11570.0,0.0,0.0,0.0,8943.0,813.0,18.0,8.2120704e+07,9.416704e+08,2009.8899999999999,21.0,182019.0,0.0,182019.0,182019.0,2.0,0.0,0.0
2026-03-30 23:26:45,374,5.831792e+06,532788.0,11570.0,0.0,0.0,0.0,8948.0,813.0,18.0,8.2120704e+07,9.416704e+08,2011.05,21.0,182118.0,0.0,182118.0,182118.0,2.0,0.0,0.0
2026-03-30 23:26:58,374,5.835219e+06,532788.0,11570.0,0.0,0.0,0.0,8953.0,813.0,18.0,8.2120704e+07,9.416704e+08,2012.2,21.0,182218.0,0.0,182218.0,182218.0,2.0,0.0,0.0
2026-03-30 23:27:10,374,5.838512e+06,533453.0,11570.0,0.0,0.0,0.0,8958.0,814.0,18.0,8.2120704e+07,9.416704e+08,2013.2900000000002,21.0,182316.0,0.0,182316.0,182316.0,2.0,0.0,0.0
2026-03-30 23:27:22,374,5.841939e+06,533453.0,11570.0,0.0,0.0,0.0,8963.0,814.0,18.0,8.2120704e+07,9.416704e+08,2014.45,21.0,182416.0,0.0,182416.0,182416.0,2.0,0.0,0.0
2026-03-30 23:27:35,375,5.844669e+06,534121.0,11570.0,0.0,0.0,0.0,8967.0,815.0,18.0,8.2120704e+07,9.416704e+08,2015.6499999999999,23.0,182518.0,0.0,182517.0,182517.0,2.0,0.0,0.0
2026-03-30 23:27:47,375,5.848096e+06,534121.0,11570.0,0.0,0.0,0.0,8972.0,815.0,18.0,8.2120704e+07,9.416704e+08,2016.8300000000002,21.0,182618.0,0.0,182618.0,182618.0,2.0,0.0,0.0
2026-03-30 23:27:59,375,5.850826e+06,534789.0,11570.0,0.0,0.0,0.0,8976.0,816.0,18.0,8.2120704e+07,9.416704e+08,2017.96,23.0,182719.0,0.0,182718.0,182718.0,2.0,0.0,0.0
2026-03-30 23:28:12,375,5.854711e+06,534789.0,11570.0,0.0,0.0,0.0,8982.0,816.0,18.0,8.2120704e+07,9.416704e+08,2019.1599999999999,23.0,182820.0,0.0,182819.0,182819.0,2.0,0.0,0.0
2026-03-30 23:28:24,375,5.858138e+06,534789.0,11570.0,0.0,0.0,0.0,8987.0,816.0,18.0,8.2120704e+07,9.416704e+08,2020.27,21.0,182918.0,0.0,182918.0,182918.0,2.0,0.0,0.0
2026-03-30 23:28:37,376,5.860868e+06,535457.0,11570.0,0.0,0.0,0.0,8991.0,817.0,18.0,8.2120704e+07,9.416704e+08,2021.4399999999998,21.0,183019.0,0.0,183019.0,183019.0,2.0,0.0,0.0
2026-03-30 23:28:49,376,5.864295e+06,535457.0,11570.0,0.0,0.0,0.0,8996.0,817.0,18.0,8.2120704e+07,9.416704e+08,2022.48,21.0,183116.0,0.0,183116.0,183116.0,2.0,0.0,0.0
2026-03-30 23:29:01,376,5.867025e+06,536125.0,11570.0,0.0,0.0,0.0,9000.0,818.0,18.0,8.2120704e+07,9.416704e+08,2023.58,23.0,183216.0,0.0,183215.0,183215.0,2.0,0.0,0.0
2026-03-30 23:29:13,376,5.870452e+06,536125.0,11570.0,0.0,0.0,0.0,9005.0,818.0,18.0,8.2120704e+07,9.416704e+08,2024.6499999999999,21.0,183313.0,0.0,183313.0,183313.0,2.0,0.0,0.0
2026-03-30 23:29:26,377,5.873182e+06,536793.0,11570.0,0.0,0.0,0.0,9009.0,819.0,18.0,8.2120704e+07,9.416704e+08,2025.91,22.0,183417.0,0.0,183416.0,183416.0,2.0,0.0,0.0
2026-03-30 23:29:39,377,5.877134e+06,536793.0,11570.0,0.0,0.0,0.0,9015.0,819.0,18.0,8.2120704e+07,9.416704e+08,2026.98,23.0,183514.0,0.0,183513.0,183513.0,2.0,0.0,0.0
2026-03-30 23:29:51,377,5.880532e+06,536793.0,11570.0,0.0,0.0,0.0,9020.0,819.0,18.0,8.2120704e+07,9.416704e+08,2028.08,22.0,183614.0,0.0,183613.0,183613.0,2.0,0.0,0.0
2026-03-30 23:30:03,377,5.883262e+06,537490.0,11570.0,0.0,0.0,0.0,9024.0,820.0,18.0,8.2120704e+07,9.416704e+08,2029.1200000000001,21.0,183712.0,0.0,183712.0,183712.0,2.0,0.0,0.0
2026-03-30 23:30:16,377,5.88666e+06,537490.0,11570.0,0.0,0.0,0.0,9029.0,820.0,18.0,8.2120704e+07,9.416704e+08,2030.26,21.0,183812.0,0.0,183812.0,183812.0,2.0,0.0,0.0
2026-03-30 23:30:28,378,5.889323e+06,538187.0,11570.0,0.0,0.0,0.0,9033.0,821.0,18.0,8.2120704e+07,9.416704e+08,2031.4699999999998,22.0,183912.0,0.0,183911.0,183911.0,2.0,0.0,0.0
2026-03-30 23:30:40,378,5.892718e+06,538187.0,11570.0,0.0,0.0,0.0,9038.0,821.0,18.0,8.2120704e+07,9.416704e+08,2032.65,21.0,184012.0,0.0,184012.0,184012.0,2.0,0.0,0.0
2026-03-30 23:30:52,378,5.895448e+06,538884.0,11570.0,0.0,0.0,0.0,9042.0,822.0,18.0,8.2120704e+07,9.416704e+08,2033.75,21.0,184112.0,0.0,184112.0,184112.0,2.0,0.0,0.0
2026-03-30 23:31:05,378,5.898805e+06,538884.0,12238.0,0.0,0.0,0.0,9048.0,822.0,19.0,8.2120704e+07,9.416704e+08,2034.8700000000001,21.0,184213.0,0.0,184213.0,184213.0,2.0,0.0,0.0
2026-03-30 23:31:17,378,5.90178e+06,538884.0,12238.0,0.0,0.0,0.0,9053.0,822.0,19.0,8.2120704e+07,9.416704e+08,2035.99,21.0,184312.0,0.0,184312.0,184312.0,2.0,0.0,0.0
2026-03-30 23:31:29,379,5.905277e+06,539412.0,12238.0,0.0,0.0,0.0,9059.0,823.0,19.0,8.2120704e+07,9.416704e+08,2037.09,21.0,184412.0,0.0,184412.0,184412.0,2.0,0.0,0.0
2026-03-30 23:31:42,379,5.908252e+06,539412.0,12238.0,0.0,0.0,0.0,9064.0,823.0,19.0,8.2120704e+07,9.416704e+08,2038.22,21.0,184510.0,0.0,184510.0,184510.0,2.0,0.0,0.0
2026-03-30 23:31:54,379,5.911227e+06,540007.0,12238.0,0.0,0.0,0.0,9069.0,824.0,19.0,8.2120704e+07,9.416704e+08,2039.36,21.0,184611.0,0.0,184611.0,184611.0,2.0,0.0,0.0
2026-03-30 23:32:06,379,5.915147e+06,540007.0,12238.0,0.0,0.0,0.0,9075.0,824.0,19.0,8.2120704e+07,9.416704e+08,2040.5500000000002,21.0,184712.0,0.0,184712.0,184712.0,2.0,0.0,0.0
2026-03-30 23:32:19,379,5.917142e+06,540672.0,12238.0,0.0,0.0,0.0,9078.0,825.0,19.0,8.2120704e+07,9.416704e+08,2042.05,21.0,184804.0,0.0,184804.0,184804.0,2.0,0.0,0.0
2026-03-30 23:32:32,380,5.921062e+06,540672.0,12238.0,0.0,0.0,0.0,9084.0,825.0,19.0,8.2120704e+07,9.416704e+08,2043.4899999999998,21.0,184914.0,0.0,184914.0,184914.0,2.0,0.0,0.0
2026-03-30 23:32:44,380,5.924247e+06,541337.0,12238.0,0.0,0.0,0.0,9089.0,826.0,19.0,8.2120704e+07,9.416704e+08,2044.6100000000001,22.0,185014.0,0.0,185014.0,185014.0,2.0,0.0,0.0
2026-03-30 23:32:57,380,5.927572e+06,541337.0,12238.0,0.0,0.0,0.0,9094.0,826.0,19.0,8.2120704e+07,9.416704e+08,2045.74,23.0,185115.0,0.0,185115.0,185115.0,2.0,0.0,0.0
2026-03-30 23:33:09,380,5.930232e+06,542002.0,12238.0,0.0,0.0,0.0,9098.0,827.0,19.0,8.2120704e+07,9.416704e+08,2046.7800000000002,21.0,185214.0,0.0,185214.0,185214.0,2.0,0.0,0.0
2026-03-30 23:33:22,380,5.934082e+06,542002.0,12238.0,0.0,0.0,0.0,9104.0,827.0,19.0,8.2120704e+07,9.416704e+08,2047.8700000000001,23.0,185314.0,0.0,185313.0,185313.0,2.0,0.0,0.0
2026-03-30 23:33:34,381,5.936742e+06,542667.0,12238.0,0.0,0.0,0.0,9108.0,828.0,19.0,8.2120704e+07,9.416704e+08,2048.89,21.0,185412.0,0.0,185412.0,185412.0,2.0,0.0,0.0
2026-03-30 23:33:46,381,5.940067e+06,542667.0,12238.0,0.0,0.0,0.0,9113.0,828.0,19.0,8.2120704e+07,9.416704e+08,2049.95,21.0,185510.0,0.0,185510.0,185510.0,2.0,0.0,0.0
2026-03-30 23:33:58,381,5.943392e+06,542667.0,12238.0,0.0,0.0,0.0,9118.0,828.0,19.0,8.2120704e+07,9.416704e+08,2051.08,23.0,185610.0,0.0,185609.0,185609.0,2.0,0.0,0.0
2026-03-30 23:34:11,381,5.946612e+06,543332.0,12238.0,0.0,0.0,0.0,9123.0,829.0,19.0,8.2120704e+07,9.416704e+08,2052.19,21.0,185709.0,0.0,185709.0,185709.0,2.0,0.0,0.0
2026-03-30 23:34:23,381,5.949937e+06,543332.0,12238.0,0.0,0.0,0.0,9128.0,829.0,19.0,8.2120704e+07,9.416704e+08,2053.25,21.0,185807.0,0.0,185807.0,185807.0,2.0,0.0,0.0
2026-03-30 23:34:35,382,5.952597e+06,543997.0,12238.0,0.0,0.0,0.0,9132.0,830.0,19.0,8.2120704e+07,9.416704e+08,2054.2999999999997,21.0,185906.0,0.0,185906.0,185906.0,2.0,0.0,0.0
2026-03-30 23:34:48,382,5.955922e+06,543997.0,12238.0,0.0,0.0,0.0,9137.0,830.0,19.0,8.2120704e+07,9.416704e+08,2055.42,23.0,186005.0,0.0,186004.0,186004.0,2.0,0.0,0.0
2026-03-30 23:35:00,382,5.959107e+06,544662.0,12238.0,0.0,0.0,0.0,9142.0,831.0,19.0,8.2120704e+07,9.416704e+08,2056.52,21.0,186101.0,0.0,186101.0,186101.0,2.0,0.0,0.0
2026-03-30 23:35:12,382,5.962505e+06,544662.0,12238.0,0.0,0.0,0.0,9147.0,831.0,19.0,8.2120704e+07,9.416704e+08,2057.5699999999997,21.0,186200.0,0.0,186200.0,186200.0,2.0,0.0,0.0
2026-03-30 23:35:24,382,5.965932e+06,544662.0,12238.0,0.0,0.0,0.0,9152.0,831.0,19.0,8.2120704e+07,9.416704e+08,2058.71,21.0,186298.0,0.0,186298.0,186298.0,2.0,0.0,0.0
2026-03-30 23:35:36,383,5.968554e+06,545330.0,12238.0,0.0,0.0,0.0,9156.0,832.0,19.0,8.2120704e+07,9.416704e+08,2059.87,21.0,186397.0,0.0,186397.0,186397.0,2.0,0.0,0.0
2026-03-30 23:35:49,383,5.971952e+06,545330.0,12238.0,0.0,0.0,0.0,9161.0,832.0,19.0,8.2120704e+07,9.416704e+08,2061.0,21.0,186498.0,0.0,186498.0,186498.0,2.0,0.0,0.0
2026-03-30 23:36:01,383,5.974682e+06,546027.0,12238.0,0.0,0.0,0.0,9165.0,833.0,19.0,8.2120704e+07,9.416704e+08,2062.16,21.0,186600.0,0.0,186600.0,186600.0,2.0,0.0,0.0
2026-03-30 23:36:14,383,5.97864e+06,546027.0,12238.0,0.0,0.0,0.0,9171.0,833.0,19.0,8.2120704e+07,9.416704e+08,2063.2799999999997,21.0,186701.0,0.0,186701.0,186701.0,2.0,0.0,0.0
2026-03-30 23:36:26,384,5.981399e+06,546695.0,12238.0,0.0,0.0,0.0,9175.0,834.0,19.0,8.2120704e+07,9.416704e+08,2064.4500000000003,21.0,186802.0,0.0,186802.0,186802.0,2.0,0.0,0.0
2026-03-30 23:36:38,384,5.984797e+06,546695.0,12238.0,0.0,0.0,0.0,9180.0,834.0,19.0,8.2120704e+07,9.416704e+08,2065.58,23.0,186902.0,0.0,186901.0,186901.0,2.0,0.0,0.0
2026-03-30 23:36:51,384,5.988224e+06,546695.0,12238.0,0.0,0.0,0.0,9185.0,834.0,19.0,8.2120704e+07,9.416704e+08,2066.66,21.0,187002.0,0.0,187002.0,187002.0,2.0,0.0,0.0
2026-03-30 23:37:03,384,5.990954e+06,547363.0,12238.0,0.0,0.0,0.0,9189.0,835.0,19.0,8.2120704e+07,9.416704e+08,2067.78,21.0,187102.0,0.0,187102.0,187102.0,2.0,0.0,0.0
2026-03-30 23:37:15,384,5.994381e+06,547363.0,12238.0,0.0,0.0,0.0,9194.0,835.0,19.0,8.2120704e+07,9.416704e+08,2068.89,21.0,187201.0,0.0,187201.0,187201.0,2.0,0.0,0.0
2026-03-30 23:37:28,385,5.997642e+06,548060.0,12238.0,0.0,0.0,0.0,9199.0,836.0,19.0,8.2120704e+07,9.416704e+08,2069.99,21.0,187300.0,0.0,187300.0,187300.0,2.0,0.0,0.0
2026-03-30 23:37:40,385,6.000862e+06,548060.0,12238.0,0.0,0.0,0.0,9204.0,836.0,19.0,8.2120704e+07,9.416704e+08,2071.12,21.0,187400.0,0.0,187400.0,187400.0,2.0,0.0,0.0
2026-03-30 23:37:52,385,6.003621e+06,548728.0,12238.0,0.0,0.0,0.0,9208.0,837.0,19.0,8.2120704e+07,9.416704e+08,2072.28,23.0,187501.0,0.0,187500.0,187500.0,2.0,0.0,0.0
2026-03-30 23:38:05,385,6.007474e+06,548728.0,12238.0,0.0,0.0,0.0,9214.0,837.0,19.0,8.2120704e+07,9.416704e+08,2073.42,21.0,187599.0,0.0,187599.0,187599.0,2.0,0.0,0.0
2026-03-30 23:38:17,385,6.010204e+06,549425.0,12238.0,0.0,0.0,0.0,9218.0,838.0,19.0,8.2120704e+07,9.416704e+08,2074.51,23.0,187700.0,0.0,187699.0,187699.0,2.0,0.0,0.0
2026-03-30 23:38:29,386,6.013602e+06,549425.0,12238.0,0.0,0.0,0.0,9223.0,838.0,19.0,8.2120704e+07,9.416704e+08,2075.61,21.0,187799.0,0.0,187799.0,187799.0,2.0,0.0,0.0
2026-03-30 23:38:41,386,6.017029e+06,549425.0,12238.0,0.0,0.0,0.0,9228.0,838.0,19.0,8.2120704e+07,9.416704e+08,2076.77,21.0,187899.0,0.0,187899.0,187899.0,2.0,0.0,0.0
2026-03-30 23:38:54,386,6.01973e+06,550122.0,12238.0,0.0,0.0,0.0,9232.0,839.0,19.0,8.2120704e+07,9.416704e+08,2077.89,21.0,187998.0,0.0,187998.0,187998.0,2.0,0.0,0.0
2026-03-30 23:39:06,386,6.023157e+06,550122.0,12238.0,0.0,0.0,0.0,9237.0,839.0,19.0,8.2120704e+07,9.416704e+08,2078.95,21.0,188099.0,0.0,188099.0,188099.0,2.0,0.0,0.0
2026-03-30 23:39:18,386,6.025858e+06,550819.0,12238.0,0.0,0.0,0.0,9241.0,840.0,19.0,8.2120704e+07,9.416704e+08,2080.03,21.0,188198.0,0.0,188198.0,188198.0,2.0,0.0,0.0
2026-03-30 23:39:31,387,6.029285e+06,550819.0,12238.0,0.0,0.0,0.0,9246.0,840.0,19.0,8.2120704e+07,9.416704e+08,2081.1,21.0,188297.0,0.0,188297.0,188297.0,2.0,0.0,0.0
2026-03-30 23:39:43,387,6.032543e+06,551516.0,12238.0,0.0,0.0,0.0,9251.0,841.0,19.0,8.2120704e+07,9.416704e+08,2082.23,23.0,188396.0,0.0,188395.0,188395.0,2.0,0.0,0.0
2026-03-30 23:39:55,387,6.035941e+06,551516.0,12238.0,0.0,0.0,0.0,9256.0,841.0,19.0,8.2120704e+07,9.416704e+08,2083.39,23.0,188497.0,0.0,188496.0,188496.0,2.0,0.0,0.0
2026-03-30 23:40:08,387,6.039368e+06,551516.0,12238.0,0.0,0.0,0.0,9261.0,841.0,19.0,8.2120704e+07,9.416704e+08,2084.47,21.0,188597.0,0.0,188597.0,188597.0,2.0,0.0,0.0
2026-03-30 23:40:20,387,6.042069e+06,552213.0,12238.0,0.0,0.0,0.0,9265.0,842.0,19.0,8.2120704e+07,9.416704e+08,2085.54,21.0,188698.0,0.0,188698.0,188698.0,2.0,0.0,0.0
2026-03-30 23:40:32,388,6.045496e+06,552213.0,12238.0,0.0,0.0,0.0,9270.0,842.0,19.0,8.2120704e+07,9.416704e+08,2086.67,21.0,188798.0,0.0,188798.0,188798.0,2.0,0.0,0.0
2026-03-30 23:40:45,388,6.048197e+06,552910.0,12238.0,0.0,0.0,0.0,9274.0,843.0,19.0,8.2120704e+07,9.416704e+08,2087.87,21.0,188900.0,0.0,188900.0,188900.0,2.0,0.0,0.0
2026-03-30 23:40:57,388,6.052257e+06,552910.0,12238.0,0.0,0.0,0.0,9280.0,843.0,19.0,8.2120704e+07,9.416704e+08,2088.98,21.0,188998.0,0.0,188998.0,188998.0,2.0,0.0,0.0
2026-03-30 23:41:09,388,6.054987e+06,553607.0,12238.0,0.0,0.0,0.0,9284.0,844.0,19.0,8.2120704e+07,9.416704e+08,2090.07,21.0,189097.0,0.0,189097.0,189097.0,2.0,0.0,0.0
2026-03-30 23:41:22,388,6.058385e+06,553607.0,12238.0,0.0,0.0,0.0,9289.0,844.0,19.0,8.2120704e+07,9.416704e+08,2091.18,23.0,189196.0,0.0,189195.0,189195.0,2.0,0.0,0.0
2026-03-30 23:41:34,389,6.061812e+06,553607.0,12238.0,0.0,0.0,0.0,9294.0,844.0,19.0,8.2120704e+07,9.416704e+08,2092.27,21.0,189294.0,0.0,189294.0,189294.0,2.0,0.0,0.0
2026-03-30 23:41:47,389,6.064513e+06,554304.0,12238.0,0.0,0.0,0.0,9298.0,845.0,19.0,8.2120704e+07,9.416704e+08,2093.44,21.0,189396.0,0.0,189396.0,189396.0,2.0,0.0,0.0
2026-03-30 23:41:59,389,6.06794e+06,554304.0,12238.0,0.0,0.0,0.0,9303.0,845.0,19.0,8.2120704e+07,9.416704e+08,2094.5499999999997,21.0,189496.0,0.0,189496.0,189496.0,2.0,0.0,0.0
2026-03-30 23:42:11,389,6.070641e+06,555001.0,12238.0,0.0,0.0,0.0,9307.0,846.0,19.0,8.2120704e+07,9.416704e+08,2095.7000000000003,21.0,189595.0,0.0,189595.0,189595.0,2.0,0.0,0.0
2026-03-30 23:42:24,389,6.074068e+06,555001.0,12238.0,0.0,0.0,0.0,9312.0,846.0,19.0,8.2120704e+07,9.416704e+08,2096.83,21.0,189694.0,0.0,189694.0,189694.0,2.0,0.0,0.0
2026-03-30 23:42:36,390,6.077466e+06,555698.0,12238.0,0.0,0.0,0.0,9317.0,847.0,19.0,8.2120704e+07,9.416704e+08,2098.01,21.0,189798.0,0.0,189798.0,189798.0,2.0,0.0,0.0
2026-03-30 23:42:49,390,6.080864e+06,555698.0,12238.0,0.0,0.0,0.0,9322.0,847.0,19.0,8.2120704e+07,9.416704e+08,2099.13,21.0,189899.0,0.0,189899.0,189899.0,2.0,0.0,0.0
2026-03-30 23:43:01,390,6.084291e+06,555698.0,12238.0,0.0,0.0,0.0,9327.0,847.0,19.0,8.2120704e+07,9.416704e+08,2100.23,21.0,189999.0,0.0,189999.0,189999.0,2.0,0.0,0.0
2026-03-30 23:43:13,390,6.086992e+06,556395.0,12238.0,0.0,0.0,0.0,9331.0,848.0,19.0,8.2120704e+07,9.416704e+08,2101.31,21.0,190098.0,0.0,190098.0,190098.0,2.0,0.0,0.0
2026-03-30 23:43:26,391,6.090419e+06,556395.0,12238.0,0.0,0.0,0.0,9336.0,848.0,19.0,8.2120704e+07,9.416704e+08,2102.43,21.0,190197.0,0.0,190197.0,190197.0,2.0,0.0,0.0
2026-03-30 23:43:38,391,6.093082e+06,557092.0,12238.0,0.0,0.0,0.0,9340.0,849.0,19.0,8.2120704e+07,9.416704e+08,2103.44,22.0,190295.0,0.0,190294.0,190294.0,2.0,0.0,0.0
2026-03-30 23:43:50,391,6.09648e+06,557092.0,12238.0,0.0,0.0,0.0,9345.0,849.0,19.0,8.2120704e+07,9.416704e+08,2104.53,21.0,190394.0,0.0,190394.0,190394.0,2.0,0.0,0.0
2026-03-30 23:44:02,391,6.099907e+06,557092.0,12238.0,0.0,0.0,0.0,9350.0,849.0,19.0,8.2120704e+07,9.416704e+08,2105.53,21.0,190492.0,0.0,190492.0,190492.0,2.0,0.0,0.0
2026-03-30 23:44:15,391,6.102637e+06,557760.0,12238.0,0.0,0.0,0.0,9354.0,850.0,19.0,8.2120704e+07,9.416704e+08,2106.58,21.0,190591.0,0.0,190591.0,190591.0,2.0,0.0,0.0
2026-03-30 23:44:27,392,6.106592e+06,557760.0,12238.0,0.0,0.0,0.0,9360.0,850.0,19.0,8.2120704e+07,9.416704e+08,2107.74,21.0,190690.0,0.0,190690.0,190690.0,2.0,0.0,0.0
2026-03-30 23:44:39,392,6.107289e+06,558393.0,12238.0,0.0,0.0,0.0,9361.0,851.0,19.0,8.2120704e+07,9.416704e+08,2108.17,21.0,190726.0,0.0,190726.0,190726.0,2.0,0.0,0.0
2026-03-30 23:44:52,392,6.110016e+06,558393.0,12238.0,0.0,0.0,0.0,9365.0,851.0,19.0,8.2120704e+07,9.416704e+08,2109.09,21.0,190809.0,0.0,190809.0,190809.0,2.0,0.0,0.0
2026-03-30 23:45:04,392,6.113414e+06,558393.0,12238.0,0.0,0.0,0.0,9370.0,851.0,19.0,8.2120704e+07,9.416704e+08,2110.16,21.0,190909.0,0.0,190909.0,190909.0,2.0,0.0,0.0
2026-03-30 23:45:16,392,6.116144e+06,559090.0,12238.0,0.0,0.0,0.0,9374.0,852.0,19.0,8.2120704e+07,9.416704e+08,2111.25,23.0,191010.0,0.0,191009.0,191009.0,2.0,0.0,0.0
2026-03-30 23:45:29,393,6.119542e+06,559090.0,12238.0,0.0,0.0,0.0,9379.0,852.0,19.0,8.2120704e+07,9.416704e+08,2112.37,21.0,191110.0,0.0,191110.0,191110.0,2.0,0.0,0.0
2026-03-30 23:45:41,393,6.122272e+06,559787.0,12238.0,0.0,0.0,0.0,9383.0,853.0,19.0,8.2120704e+07,9.416704e+08,2113.49,21.0,191210.0,0.0,191210.0,191210.0,2.0,0.0,0.0
2026-03-30 23:45:53,393,6.12623e+06,559787.0,12238.0,0.0,0.0,0.0,9389.0,853.0,19.0,8.2120704e+07,9.416704e+08,2114.62,21.0,191310.0,0.0,191310.0,191310.0,2.0,0.0,0.0
2026-03-30 23:46:06,393,6.129657e+06,559787.0,12238.0,0.0,0.0,0.0,9394.0,853.0,19.0,8.2120704e+07,9.416704e+08,2115.75,21.0,191409.0,0.0,191409.0,191409.0,2.0,0.0,0.0
2026-03-30 23:46:18,393,6.132387e+06,560455.0,12238.0,0.0,0.0,0.0,9398.0,854.0,19.0,8.2120704e+07,9.416704e+08,2116.88,21.0,191509.0,0.0,191509.0,191509.0,2.0,0.0,0.0
2026-03-30 23:46:30,394,6.135814e+06,560455.0,12238.0,0.0,0.0,0.0,9403.0,854.0,19.0,8.2120704e+07,9.416704e+08,2117.96,23.0,191609.0,0.0,191608.0,191608.0,2.0,0.0,0.0
2026-03-30 23:46:43,394,6.138334e+06,561123.0,12238.0,0.0,0.0,0.0,9407.0,855.0,19.0,8.1989632e+07,9.416704e+08,2119.01,23.0,191708.0,0.0,191707.0,191707.0,2.0,0.0,0.0
2026-03-30 23:46:55,394,6.142324e+06,561123.0,12238.0,0.0,0.0,0.0,9413.0,855.0,19.0,8.1989632e+07,9.416704e+08,2120.11,21.0,191808.0,0.0,191808.0,191808.0,2.0,0.0,0.0
2026-03-30 23:47:07,394,6.145083e+06,561791.0,12238.0,0.0,0.0,0.0,9417.0,856.0,19.0,8.1989632e+07,9.416704e+08,2121.27,23.0,191907.0,0.0,191906.0,191906.0,2.0,0.0,0.0
2026-03-30 23:47:20,394,6.148481e+06,561791.0,12238.0,0.0,0.0,0.0,9422.0,856.0,19.0,8.1989632e+07,9.416704e+08,2122.3900000000003,21.0,192007.0,0.0,192007.0,192007.0,2.0,0.0,0.0
2026-03-30 23:47:32,395,6.151908e+06,561791.0,12238.0,0.0,0.0,0.0,9427.0,856.0,19.0,8.1989632e+07,9.416704e+08,2123.53,21.0,192105.0,0.0,192105.0,192105.0,2.0,0.0,0.0
2026-03-30 23:47:44,395,6.154638e+06,562459.0,12238.0,0.0,0.0,0.0,9431.0,857.0,19.0,8.1989632e+07,9.416704e+08,2124.63,21.0,192204.0,0.0,192204.0,192204.0,2.0,0.0,0.0
2026-03-30 23:47:57,395,6.158065e+06,562459.0,12238.0,0.0,0.0,0.0,9436.0,857.0,19.0,8.1989632e+07,9.416704e+08,2125.7,21.0,192302.0,0.0,192302.0,192302.0,2.0,0.0,0.0
2026-03-30 23:48:09,395,6.160795e+06,563127.0,12238.0,0.0,0.0,0.0,9440.0,858.0,19.0,8.1989632e+07,9.416704e+08,2126.84,21.0,192402.0,0.0,192402.0,192402.0,2.0,0.0,0.0
2026-03-30 23:48:21,395,6.164222e+06,563127.0,12238.0,0.0,0.0,0.0,9445.0,858.0,19.0,8.1989632e+07,9.416704e+08,2127.97,21.0,192501.0,0.0,192501.0,192501.0,2.0,0.0,0.0
2026-03-30 23:48:34,396,6.166952e+06,563795.0,12238.0,0.0,0.0,0.0,9449.0,859.0,19.0,8.1989632e+07,9.416704e+08,2129.16,21.0,192602.0,0.0,192602.0,192602.0,2.0,0.0,0.0
2026-03-30 23:48:46,396,6.170274e+06,563795.0,12238.0,0.0,0.0,0.0,9454.0,859.0,19.0,8.1989632e+07,9.416704e+08,2130.28,21.0,192699.0,0.0,192699.0,192699.0,2.0,0.0,0.0
2026-03-30 23:48:58,396,6.174337e+06,563795.0,12238.0,0.0,0.0,0.0,9460.0,859.0,19.0,8.1989632e+07,9.416704e+08,2131.35,23.0,192800.0,0.0,192799.0,192799.0,2.0,0.0,0.0
2026-03-30 23:49:11,396,6.177067e+06,564492.0,12238.0,0.0,0.0,0.0,9464.0,860.0,19.0,8.1989632e+07,9.416704e+08,2132.41,23.0,192898.0,0.0,192897.0,192897.0,2.0,0.0,0.0
2026-03-30 23:49:23,396,6.180465e+06,564492.0,12238.0,0.0,0.0,0.0,9469.0,860.0,19.0,8.1989632e+07,9.416704e+08,2133.55,21.0,192998.0,0.0,192998.0,192998.0,2.0,0.0,0.0
2026-03-30 23:49:35,397,6.183195e+06,565189.0,12238.0,0.0,0.0,0.0,9473.0,861.0,19.0,8.1989632e+07,9.416704e+08,2134.66,21.0,193096.0,0.0,193096.0,193096.0,2.0,0.0,0.0
2026-03-30 23:49:48,397,6.186593e+06,565189.0,12238.0,0.0,0.0,0.0,9478.0,861.0,19.0,8.1989632e+07,9.416704e+08,2135.8,21.0,193197.0,0.0,193197.0,193197.0,2.0,0.0,0.0
2026-03-30 23:50:00,397,6.189323e+06,565886.0,12238.0,0.0,0.0,0.0,9482.0,862.0,19.0,8.1989632e+07,9.416704e+08,2136.94,21.0,193296.0,0.0,193296.0,193296.0,2.0,0.0,0.0
2026-03-30 23:50:12,397,6.192721e+06,565886.0,12238.0,0.0,0.0,0.0,9487.0,862.0,19.0,8.1989632e+07,9.416704e+08,2138.02,21.0,193395.0,0.0,193395.0,193395.0,2.0,0.0,0.0
2026-03-30 23:50:24,397,6.196148e+06,565886.0,12238.0,0.0,0.0,0.0,9492.0,862.0,19.0,8.1989632e+07,9.416704e+08,2139.17,21.0,193494.0,0.0,193494.0,193494.0,2.0,0.0,0.0
2026-03-30 23:50:37,398,6.198849e+06,566583.0,12238.0,0.0,0.0,0.0,9496.0,863.0,19.0,8.1989632e+07,9.416704e+08,2140.2799999999997,23.0,193594.0,0.0,193593.0,193593.0,2.0,0.0,0.0
2026-03-30 23:50:49,398,6.202769e+06,566583.0,12238.0,0.0,0.0,0.0,9502.0,863.0,19.0,8.1989632e+07,9.416704e+08,2141.3599999999997,21.0,193693.0,0.0,193693.0,193693.0,2.0,0.0,0.0
2026-03-30 23:51:01,398,6.205499e+06,567280.0,12238.0,0.0,0.0,0.0,9506.0,864.0,19.0,8.1989632e+07,9.416704e+08,2142.46,21.0,193792.0,0.0,193792.0,193792.0,2.0,0.0,0.0
2026-03-30 23:51:14,398,6.208897e+06,567280.0,12238.0,0.0,0.0,0.0,9511.0,864.0,19.0,8.1989632e+07,9.416704e+08,2143.59,21.0,193891.0,0.0,193891.0,193891.0,2.0,0.0,0.0
2026-03-30 23:51:26,399,6.211627e+06,567977.0,12238.0,0.0,0.0,0.0,9515.0,865.0,19.0,8.1989632e+07,9.416704e+08,2144.71,21.0,193990.0,0.0,193990.0,193990.0,2.0,0.0,0.0
2026-03-30 23:51:38,399,6.215025e+06,567977.0,12238.0,0.0,0.0,0.0,9520.0,865.0,19.0,8.1989632e+07,9.416704e+08,2145.79,23.0,194092.0,0.0,194091.0,194091.0,2.0,0.0,0.0
2026-03-30 23:51:51,399,6.21891e+06,567977.0,12238.0,0.0,0.0,0.0,9526.0,865.0,19.0,8.1989632e+07,9.416704e+08,2147.0299999999997,21.0,194192.0,0.0,194192.0,194192.0,2.0,0.0,0.0
2026-03-30 23:52:03,399,6.22164e+06,568674.0,12238.0,0.0,0.0,0.0,9530.0,866.0,19.0,8.1989632e+07,9.416704e+08,2148.1,23.0,194290.0,0.0,194289.0,194289.0,2.0,0.0,0.0
2026-03-30 23:52:15,399,6.225038e+06,568674.0,12238.0,0.0,0.0,0.0,9535.0,866.0,19.0,8.1989632e+07,9.416704e+08,2149.12,21.0,194387.0,0.0,194387.0,194387.0,2.0,0.0,0.0
2026-03-30 23:52:27,400,6.227768e+06,569371.0,12238.0,0.0,0.0,0.0,9539.0,867.0,19.0,8.1989632e+07,9.416704e+08,2150.2,21.0,194486.0,0.0,194486.0,194486.0,2.0,0.0,0.0
2026-03-30 23:52:39,400,6.231166e+06,569371.0,12238.0,0.0,0.0,0.0,9544.0,867.0,19.0,8.1989632e+07,9.416704e+08,2151.32,21.0,194585.0,0.0,194585.0,194585.0,2.0,0.0,0.0
2026-03-30 23:52:52,400,6.233718e+06,570039.0,12238.0,0.0,0.0,0.0,9548.0,868.0,19.0,8.1989632e+07,9.416704e+08,2152.5099999999998,21.0,194684.0,0.0,194684.0,194684.0,2.0,0.0,0.0
2026-03-30 23:53:04,400,6.237145e+06,570039.0,12238.0,0.0,0.0,0.0,9553.0,868.0,19.0,8.1989632e+07,9.416704e+08,2153.63,21.0,194782.0,0.0,194782.0,194782.0,2.0,0.0,0.0
2026-03-30 23:53:16,400,6.240543e+06,570039.0,12238.0,0.0,0.0,0.0,9558.0,868.0,19.0,8.1989632e+07,9.416704e+08,2154.68,21.0,194879.0,0.0,194879.0,194879.0,2.0,0.0,0.0
2026-03-30 23:53:28,401,6.243302e+06,570707.0,12238.0,0.0,0.0,0.0,9562.0,869.0,19.0,8.1989632e+07,9.416704e+08,2155.77,21.0,194977.0,0.0,194977.0,194977.0,2.0,0.0,0.0
2026-03-30 23:53:40,401,6.2467e+06,570707.0,12238.0,0.0,0.0,0.0,9567.0,869.0,19.0,8.1989632e+07,9.416704e+08,2156.91,21.0,195075.0,0.0,195075.0,195075.0,2.0,0.0,0.0
2026-03-30 23:53:53,401,6.249182e+06,571375.0,12935.0,0.0,0.0,0.0,9571.0,870.0,20.0,8.1989632e+07,9.416704e+08,2158.04,21.0,195174.0,0.0,195174.0,195174.0,2.0,0.0,0.0
2026-03-30 23:54:05,401,6.252717e+06,571375.0,12935.0,0.0,0.0,0.0,9577.0,870.0,20.0,8.1989632e+07,9.416704e+08,2159.18,21.0,195274.0,0.0,195274.0,195274.0,2.0,0.0,0.0
2026-03-30 23:54:17,401,6.255692e+06,571970.0,12935.0,0.0,0.0,0.0,9582.0,871.0,20.0,8.1989632e+07,9.416704e+08,2160.31,21.0,195374.0,0.0,195374.0,195374.0,2.0,0.0,0.0
2026-03-30 23:54:30,402,6.258667e+06,571970.0,12935.0,0.0,0.0,0.0,9587.0,871.0,20.0,8.1989632e+07,9.416704e+08,2161.39,21.0,195472.0,0.0,195472.0,195472.0,2.0,0.0,0.0
2026-03-30 23:54:42,402,6.261642e+06,572565.0,12935.0,0.0,0.0,0.0,9592.0,872.0,20.0,8.1989632e+07,9.416704e+08,2162.5299999999997,21.0,195572.0,0.0,195572.0,195572.0,2.0,0.0,0.0
2026-03-30 23:54:54,402,6.265072e+06,572565.0,12935.0,0.0,0.0,0.0,9598.0,872.0,20.0,8.1989632e+07,9.416704e+08,2163.64,21.0,195672.0,0.0,195672.0,195672.0,2.0,0.0,0.0
2026-03-30 23:55:07,402,6.268397e+06,572565.0,12935.0,0.0,0.0,0.0,9603.0,872.0,20.0,8.1989632e+07,9.416704e+08,2164.72,21.0,195772.0,0.0,195772.0,195772.0,2.0,0.0,0.0
2026-03-30 23:55:19,402,6.271719e+06,573198.0,12935.0,0.0,0.0,0.0,9608.0,873.0,20.0,8.1989632e+07,9.416704e+08,2165.84,21.0,195872.0,0.0,195872.0,195872.0,2.0,0.0,0.0
2026-03-30 23:55:31,403,6.275044e+06,573198.0,12935.0,0.0,0.0,0.0,9613.0,873.0,20.0,8.1989632e+07,9.416704e+08,2166.98,21.0,195972.0,0.0,195972.0,195972.0,2.0,0.0,0.0
2026-03-30 23:55:44,403,6.277704e+06,573863.0,12935.0,0.0,0.0,0.0,9617.0,874.0,20.0,8.1989632e+07,9.416704e+08,2168.0499999999997,21.0,196072.0,0.0,196072.0,196072.0,2.0,0.0,0.0
2026-03-30 23:55:56,403,6.281554e+06,573863.0,12935.0,0.0,0.0,0.0,9623.0,874.0,20.0,8.1989632e+07,9.416704e+08,2169.19,21.0,196175.0,0.0,196175.0,196175.0,2.0,0.0,0.0
2026-03-30 23:56:09,403,6.284214e+06,574528.0,12935.0,0.0,0.0,0.0,9627.0,875.0,20.0,8.1989632e+07,9.416704e+08,2170.35,21.0,196276.0,0.0,196276.0,196276.0,2.0,0.0,0.0
2026-03-30 23:56:21,403,6.288204e+06,574528.0,12935.0,0.0,0.0,0.0,9633.0,875.0,20.0,8.1989632e+07,9.416704e+08,2171.5099999999998,21.0,196378.0,0.0,196378.0,196378.0,2.0,0.0,0.0
2026-03-30 23:56:33,404,6.290864e+06,575193.0,12935.0,0.0,0.0,0.0,9637.0,876.0,20.0,8.1989632e+07,9.416704e+08,2172.58,21.0,196477.0,0.0,196477.0,196477.0,2.0,0.0,0.0
2026-03-30 23:56:46,404,6.294189e+06,575193.0,12935.0,0.0,0.0,0.0,9642.0,876.0,20.0,8.1989632e+07,9.416704e+08,2173.72,23.0,196578.0,0.0,196577.0,196577.0,2.0,0.0,0.0
2026-03-30 23:56:58,404,6.297269e+06,575858.0,12935.0,0.0,0.0,0.0,9647.0,877.0,20.0,8.1989632e+07,9.416704e+08,2174.87,21.0,196678.0,0.0,196678.0,196678.0,2.0,0.0,0.0
2026-03-30 23:57:11,404,6.300594e+06,575858.0,12935.0,0.0,0.0,0.0,9652.0,877.0,20.0,8.1989632e+07,9.416704e+08,2176.0,23.0,196778.0,0.0,196777.0,196777.0,2.0,0.0,0.0
2026-03-30 23:57:23,404,6.303919e+06,575858.0,12935.0,0.0,0.0,0.0,9657.0,877.0,20.0,8.1989632e+07,9.416704e+08,2177.14,21.0,196878.0,0.0,196878.0,196878.0,2.0,0.0,0.0
2026-03-30 23:57:35,405,6.307107e+06,576520.0,12935.0,0.0,0.0,0.0,9662.0,878.0,20.0,8.1989632e+07,9.416704e+08,2178.31,21.0,196979.0,0.0,196979.0,196979.0,2.0,0.0,0.0
2026-03-30 23:57:48,405,6.310432e+06,576520.0,12935.0,0.0,0.0,0.0,9667.0,878.0,20.0,8.1989632e+07,9.416704e+08,2179.38,21.0,197078.0,0.0,197078.0,197078.0,2.0,0.0,0.0
2026-03-30 23:58:00,405,6.313095e+06,577185.0,12935.0,0.0,0.0,0.0,9671.0,879.0,20.0,8.1989632e+07,9.416704e+08,2180.41,21.0,197177.0,0.0,197177.0,197177.0,2.0,0.0,0.0
2026-03-30 23:58:12,405,6.316522e+06,577185.0,12935.0,0.0,0.0,0.0,9676.0,879.0,20.0,8.1989632e+07,9.416704e+08,2181.51,21.0,197275.0,0.0,197275.0,197275.0,2.0,0.0,0.0
2026-03-30 23:58:24,405,6.319252e+06,577853.0,12935.0,0.0,0.0,0.0,9680.0,880.0,20.0,8.1989632e+07,9.416704e+08,2182.65,21.0,197374.0,0.0,197374.0,197374.0,2.0,0.0,0.0
2026-03-30 23:58:37,406,6.323239e+06,577853.0,12935.0,0.0,0.0,0.0,9686.0,880.0,20.0,8.1989632e+07,9.416704e+08,2183.75,21.0,197474.0,0.0,197474.0,197474.0,2.0,0.0,0.0
2026-03-30 23:58:49,406,6.326637e+06,577853.0,12935.0,0.0,0.0,0.0,9691.0,880.0,20.0,8.1989632e+07,9.416704e+08,2184.82,21.0,197572.0,0.0,197572.0,197572.0,2.0,0.0,0.0
2026-03-30 23:59:01,406,6.329367e+06,578550.0,12935.0,0.0,0.0,0.0,9695.0,881.0,20.0,8.1989632e+07,9.416704e+08,2185.95,23.0,197671.0,0.0,197670.0,197670.0,2.0,0.0,0.0
2026-03-30 23:59:13,406,6.332765e+06,578550.0,12935.0,0.0,0.0,0.0,9700.0,881.0,20.0,8.1989632e+07,9.416704e+08,2187.0099999999998,21.0,197770.0,0.0,197770.0,197770.0,2.0,0.0,0.0
2026-03-30 23:59:26,407,6.335495e+06,579247.0,12935.0,0.0,0.0,0.0,9704.0,882.0,20.0,8.1989632e+07,9.416704e+08,2188.16,22.0,197872.0,0.0,197871.0,197871.0,2.0,0.0,0.0
2026-03-30 23:59:38,407,6.338887e+06,579247.0,12935.0,0.0,0.0,0.0,9709.0,882.0,20.0,8.1989632e+07,9.416704e+08,2189.33,21.0,197972.0,0.0,197972.0,197972.0,2.0,0.0,0.0
2026-03-30 23:59:50,407,6.341617e+06,579810.0,12935.0,0.0,0.0,0.0,9713.0,883.0,20.0,8.1989632e+07,9.416704e+08,2190.5,21.0,198070.0,0.0,198070.0,198070.0,2.0,0.0,0.0
2026-03-31 00:00:03,407,6.34561e+06,579810.0,12935.0,0.0,0.0,0.0,9719.0,883.0,20.0,8.1989632e+07,9.416704e+08,2191.59,21.0,198170.0,0.0,198170.0,198170.0,2.0,0.0,0.0
2026-03-31 00:00:15,407,6.349037e+06,579810.0,12935.0,0.0,0.0,0.0,9724.0,883.0,20.0,8.1989632e+07,9.416704e+08,2192.73,23.0,198270.0,0.0,198269.0,198269.0,2.0,0.0,0.0
2026-03-31 00:00:27,408,6.351767e+06,580478.0,12935.0,0.0,0.0,0.0,9728.0,884.0,20.0,8.1989632e+07,9.416704e+08,2193.8,21.0,198367.0,0.0,198367.0,198367.0,2.0,0.0,0.0
2026-03-31 00:00:39,408,6.355194e+06,580478.0,12935.0,0.0,0.0,0.0,9733.0,884.0,20.0,8.1989632e+07,9.416704e+08,2194.87,21.0,198463.0,0.0,198463.0,198463.0,2.0,0.0,0.0
2026-03-31 00:00:51,408,6.357924e+06,581146.0,12935.0,0.0,0.0,0.0,9737.0,885.0,20.0,8.1989632e+07,9.416704e+08,2195.96,23.0,198563.0,0.0,198562.0,198562.0,2.0,0.0,0.0
2026-03-31 00:01:04,408,6.361351e+06,581146.0,12935.0,0.0,0.0,0.0,9742.0,885.0,20.0,8.1989632e+07,9.416704e+08,2197.14,21.0,198664.0,0.0,198664.0,198664.0,2.0,0.0,0.0
2026-03-31 00:01:16,408,6.364081e+06,581814.0,12935.0,0.0,0.0,0.0,9746.0,886.0,20.0,8.1989632e+07,9.416704e+08,2198.23,22.0,198764.0,0.0,198763.0,198763.0,2.0,0.0,0.0
2026-03-31 00:01:28,409,6.367508e+06,581814.0,12935.0,0.0,0.0,0.0,9751.0,886.0,20.0,8.1989632e+07,9.416704e+08,2199.2999999999997,23.0,198862.0,0.0,198861.0,198861.0,2.0,0.0,0.0
2026-03-31 00:01:41,409,6.371326e+06,581814.0,12935.0,0.0,0.0,0.0,9757.0,886.0,20.0,8.1989632e+07,9.416704e+08,2200.4500000000003,21.0,198961.0,0.0,198961.0,198961.0,2.0,0.0,0.0
2026-03-31 00:01:53,409,6.373919e+06,582511.0,12935.0,0.0,0.0,0.0,9761.0,887.0,20.0,8.1989632e+07,9.416704e+08,2201.64,21.0,199062.0,0.0,199062.0,199062.0,2.0,0.0,0.0
2026-03-31 00:02:05,409,6.377346e+06,582511.0,12935.0,0.0,0.0,0.0,9766.0,887.0,20.0,8.1989632e+07,9.416704e+08,2202.73,23.0,199162.0,0.0,199161.0,199161.0,2.0,0.0,0.0
2026-03-31 00:02:17,409,6.380076e+06,583179.0,12935.0,0.0,0.0,0.0,9770.0,888.0,20.0,8.1989632e+07,9.416704e+08,2203.85,21.0,199261.0,0.0,199261.0,199261.0,2.0,0.0,0.0
2026-03-31 00:02:30,410,6.383503e+06,583179.0,12935.0,0.0,0.0,0.0,9775.0,888.0,20.0,8.1989632e+07,9.416704e+08,2205.0,21.0,199361.0,0.0,199361.0,199361.0,2.0,0.0,0.0
2026-03-31 00:02:42,410,6.386233e+06,583847.0,12935.0,0.0,0.0,0.0,9779.0,889.0,20.0,8.1989632e+07,9.416704e+08,2206.08,21.0,199460.0,0.0,199460.0,199460.0,2.0,0.0,0.0
2026-03-31 00:02:54,410,6.390223e+06,583847.0,12935.0,0.0,0.0,0.0,9785.0,889.0,20.0,8.1989632e+07,9.416704e+08,2207.22,21.0,199558.0,0.0,199558.0,199558.0,2.0,0.0,0.0
2026-03-31 00:03:07,410,6.39365e+06,583847.0,12935.0,0.0,0.0,0.0,9790.0,889.0,20.0,8.1989632e+07,9.416704e+08,2208.3199999999997,21.0,199658.0,0.0,199658.0,199658.0,2.0,0.0,0.0
2026-03-31 00:03:19,410,6.39638e+06,584515.0,12935.0,0.0,0.0,0.0,9794.0,890.0,20.0,8.1989632e+07,9.416704e+08,2209.43,21.0,199758.0,0.0,199758.0,199758.0,2.0,0.0,0.0
2026-03-31 00:03:31,411,6.399807e+06,584515.0,12935.0,0.0,0.0,0.0,9799.0,890.0,20.0,8.1989632e+07,9.416704e+08,2210.55,23.0,199858.0,0.0,199857.0,199857.0,2.0,0.0,0.0
2026-03-31 00:03:44,411,6.402537e+06,585183.0,12935.0,0.0,0.0,0.0,9803.0,891.0,20.0,8.1989632e+07,9.416704e+08,2211.65,21.0,199959.0,0.0,199959.0,199959.0,2.0,0.0,0.0
2026-03-31 00:03:56,411,6.405964e+06,585183.0,12935.0,0.0,0.0,0.0,9808.0,891.0,20.0,8.1989632e+07,9.416704e+08,2212.81,23.0,200060.0,0.0,200059.0,200059.0,2.0,0.0,0.0
2026-03-31 00:04:08,411,6.40919e+06,585880.0,12935.0,0.0,0.0,0.0,9813.0,892.0,20.0,8.1989632e+07,9.416704e+08,2213.96,21.0,200160.0,0.0,200160.0,200160.0,2.0,0.0,0.0
2026-03-31 00:04:21,411,6.412617e+06,585880.0,12935.0,0.0,0.0,0.0,9818.0,892.0,20.0,8.1989632e+07,9.416704e+08,2215.0899999999997,21.0,200260.0,0.0,200260.0,200260.0,2.0,0.0,0.0
2026-03-31 00:04:33,412,6.416015e+06,585880.0,12935.0,0.0,0.0,0.0,9823.0,892.0,20.0,8.1989632e+07,9.416704e+08,2216.17,21.0,200358.0,0.0,200358.0,200358.0,2.0,0.0,0.0
2026-03-31 00:04:45,412,6.418745e+06,586577.0,12935.0,0.0,0.0,0.0,9827.0,893.0,20.0,8.1989632e+07,9.416704e+08,2217.25,21.0,200457.0,0.0,200457.0,200457.0,2.0,0.0,0.0
2026-03-31 00:04:58,412,6.42214e+06,586577.0,12935.0,0.0,0.0,0.0,9832.0,893.0,20.0,8.1989632e+07,9.416704e+08,2218.3199999999997,23.0,200556.0,0.0,200555.0,200555.0,2.0,0.0,0.0
2026-03-31 00:05:10,412,6.42487e+06,587245.0,12935.0,0.0,0.0,0.0,9836.0,894.0,20.0,8.1989632e+07,9.416704e+08,2219.45,21.0,200655.0,0.0,200655.0,200655.0,2.0,0.0,0.0
2026-03-31 00:05:22,412,6.428297e+06,587245.0,12935.0,0.0,0.0,0.0,9841.0,894.0,20.0,8.1989632e+07,9.416704e+08,2220.61,23.0,200754.0,0.0,200753.0,200753.0,2.0,0.0,0.0
2026-03-31 00:05:35,413,6.431418e+06,587942.0,12935.0,0.0,0.0,0.0,9846.0,895.0,20.0,8.1989632e+07,9.416704e+08,2221.75,21.0,200854.0,0.0,200854.0,200854.0,2.0,0.0,0.0
2026-03-31 00:05:47,413,6.434845e+06,587942.0,12935.0,0.0,0.0,0.0,9851.0,895.0,20.0,8.1989632e+07,9.416704e+08,2222.87,23.0,200954.0,0.0,200953.0,200953.0,2.0,0.0,0.0
2026-03-31 00:05:59,413,6.438243e+06,587942.0,12935.0,0.0,0.0,0.0,9856.0,895.0,20.0,8.1989632e+07,9.416704e+08,2223.9500000000003,21.0,201053.0,0.0,201053.0,201053.0,2.0,0.0,0.0
2026-03-31 00:06:12,413,6.440973e+06,588639.0,12935.0,0.0,0.0,0.0,9860.0,896.0,20.0,8.1989632e+07,9.416704e+08,2225.0600000000004,23.0,201155.0,0.0,201154.0,201154.0,2.0,0.0,0.0
2026-03-31 00:06:24,413,6.444371e+06,588639.0,12935.0,0.0,0.0,0.0,9865.0,896.0,20.0,8.1989632e+07,9.416704e+08,2226.2,21.0,201254.0,0.0,201254.0,201254.0,2.0,0.0,0.0
2026-03-31 00:06:36,414,6.447101e+06,589336.0,12935.0,0.0,0.0,0.0,9869.0,897.0,20.0,8.1989632e+07,9.416704e+08,2227.37,23.0,201354.0,0.0,201353.0,201353.0,2.0,0.0,0.0
2026-03-31 00:06:49,414,6.451024e+06,589336.0,12935.0,0.0,0.0,0.0,9875.0,897.0,20.0,8.1989632e+07,9.416704e+08,2228.48,21.0,201453.0,0.0,201453.0,201453.0,2.0,0.0,0.0
2026-03-31 00:07:01,414,6.453687e+06,590033.0,12935.0,0.0,0.0,0.0,9879.0,898.0,20.0,8.1989632e+07,9.416704e+08,2229.6,23.0,201554.0,0.0,201553.0,201553.0,2.0,0.0,0.0
2026-03-31 00:07:13,414,6.457114e+06,590033.0,12935.0,0.0,0.0,0.0,9884.0,898.0,20.0,8.1989632e+07,9.416704e+08,2230.75,21.0,201652.0,0.0,201652.0,201652.0,2.0,0.0,0.0
2026-03-31 00:07:25,415,6.460512e+06,590033.0,12935.0,0.0,0.0,0.0,9889.0,898.0,20.0,8.1989632e+07,9.416704e+08,2231.9,21.0,201751.0,0.0,201751.0,201751.0,2.0,0.0,0.0
2026-03-31 00:07:38,415,6.463242e+06,590730.0,12935.0,0.0,0.0,0.0,9893.0,899.0,20.0,8.1989632e+07,9.416704e+08,2233.0099999999998,23.0,201852.0,0.0,201851.0,201851.0,2.0,0.0,0.0
2026-03-31 00:07:50,415,6.46706e+06,590730.0,12935.0,0.0,0.0,0.0,9899.0,899.0,20.0,8.1989632e+07,9.416704e+08,2234.1499999999996,21.0,201952.0,0.0,201952.0,201952.0,2.0,0.0,0.0
2026-03-31 00:08:02,415,6.469819e+06,591398.0,12935.0,0.0,0.0,0.0,9903.0,900.0,20.0,8.1989632e+07,9.416704e+08,2235.31,21.0,202051.0,0.0,202051.0,202051.0,2.0,0.0,0.0
2026-03-31 00:08:14,415,6.473217e+06,591398.0,12935.0,0.0,0.0,0.0,9908.0,900.0,20.0,8.1989632e+07,9.416704e+08,2236.38,21.0,202150.0,0.0,202150.0,202150.0,2.0,0.0,0.0
2026-03-31 00:08:27,416,6.475976e+06,592066.0,12935.0,0.0,0.0,0.0,9912.0,901.0,20.0,8.1989632e+07,9.416704e+08,2237.54,21.0,202251.0,0.0,202251.0,202251.0,2.0,0.0,0.0
2026-03-31 00:08:39,416,6.479374e+06,592066.0,12935.0,0.0,0.0,0.0,9917.0,901.0,20.0,8.1989632e+07,9.416704e+08,2238.68,21.0,202351.0,0.0,202351.0,202351.0,2.0,0.0,0.0
2026-03-31 00:08:51,416,6.482801e+06,592066.0,12935.0,0.0,0.0,0.0,9922.0,901.0,20.0,8.1989632e+07,9.416704e+08,2239.85,21.0,202450.0,0.0,202450.0,202450.0,2.0,0.0,0.0
2026-03-31 00:09:03,416,6.485461e+06,592734.0,12935.0,0.0,0.0,0.0,9926.0,902.0,20.0,8.1989632e+07,9.416704e+08,2240.93,21.0,202549.0,0.0,202549.0,202549.0,2.0,0.0,0.0
2026-03-31 00:09:16,416,6.489451e+06,592734.0,12935.0,0.0,0.0,0.0,9932.0,902.0,20.0,8.1989632e+07,9.416704e+08,2242.0499999999997,21.0,202650.0,0.0,202650.0,202650.0,2.0,0.0,0.0
2026-03-31 00:09:28,417,6.49221e+06,593402.0,12935.0,0.0,0.0,0.0,9936.0,903.0,20.0,8.1989632e+07,9.416704e+08,2243.25,22.0,202749.0,0.0,202748.0,202748.0,2.0,0.0,0.0
2026-03-31 00:09:40,417,6.495608e+06,593402.0,12935.0,0.0,0.0,0.0,9941.0,903.0,20.0,8.1989632e+07,9.416704e+08,2244.3900000000003,21.0,202848.0,0.0,202848.0,202848.0,2.0,0.0,0.0
2026-03-31 00:09:53,417,6.498367e+06,594070.0,12935.0,0.0,0.0,0.0,9945.0,904.0,20.0,8.1989632e+07,9.416704e+08,2245.5499999999997,23.0,202949.0,0.0,202948.0,202948.0,2.0,0.0,0.0
2026-03-31 00:10:05,417,6.501765e+06,594070.0,12935.0,0.0,0.0,0.0,9950.0,904.0,20.0,8.1989632e+07,9.416704e+08,2246.68,21.0,203047.0,0.0,203047.0,203047.0,2.0,0.0,0.0
2026-03-31 00:10:17,417,6.505192e+06,594070.0,12935.0,0.0,0.0,0.0,9955.0,904.0,20.0,8.1989632e+07,9.416704e+08,2247.8900000000003,21.0,203148.0,0.0,203148.0,203148.0,2.0,0.0,0.0
2026-03-31 00:10:29,418,6.507922e+06,594738.0,12935.0,0.0,0.0,0.0,9959.0,905.0,20.0,8.1989632e+07,9.416704e+08,2249.03,21.0,203248.0,0.0,203248.0,203248.0,2.0,0.0,0.0
2026-03-31 00:10:42,418,6.511912e+06,594738.0,12935.0,0.0,0.0,0.0,9965.0,905.0,20.0,8.1989632e+07,9.416704e+08,2250.1400000000003,21.0,203347.0,0.0,203347.0,203347.0,2.0,0.0,0.0
2026-03-31 00:10:54,418,6.514671e+06,595406.0,12935.0,0.0,0.0,0.0,9969.0,906.0,20.0,8.1989632e+07,9.416704e+08,2251.32,23.0,203449.0,0.0,203448.0,203448.0,2.0,0.0,0.0
2026-03-31 00:11:07,418,6.518066e+06,595406.0,12935.0,0.0,0.0,0.0,9974.0,906.0,20.0,8.1989632e+07,9.416704e+08,2252.5,23.0,203550.0,0.0,203549.0,203549.0,2.0,0.0,0.0
2026-03-31 00:11:19,418,6.520767e+06,596103.0,12935.0,0.0,0.0,0.0,9978.0,907.0,20.0,8.1989632e+07,9.416704e+08,2253.6400000000003,21.0,203646.0,0.0,203646.0,203646.0,2.0,0.0,0.0
2026-03-31 00:11:32,419,6.524194e+06,596103.0,12935.0,0.0,0.0,0.0,9983.0,907.0,20.0,8.1989632e+07,9.416704e+08,2254.7,21.0,203745.0,0.0,203745.0,203745.0,2.0,0.0,0.0
2026-03-31 00:11:44,419,6.527592e+06,596103.0,12935.0,0.0,0.0,0.0,9988.0,907.0,20.0,8.1989632e+07,9.416704e+08,2255.72,21.0,203844.0,0.0,203844.0,203844.0,2.0,0.0,0.0
2026-03-31 00:11:56,419,6.530322e+06,596800.0,12935.0,0.0,0.0,0.0,9992.0,908.0,20.0,8.1989632e+07,9.416704e+08,2256.76,21.0,203942.0,0.0,203942.0,203942.0,2.0,0.0,0.0
2026-03-31 00:12:08,419,6.53372e+06,596800.0,12935.0,0.0,0.0,0.0,9997.0,908.0,20.0,8.1989632e+07,9.416704e+08,2257.8700000000003,21.0,204043.0,0.0,204043.0,204043.0,2.0,0.0,0.0
2026-03-31 00:12:21,419,6.536978e+06,597497.0,12935.0,0.0,0.0,0.0,10002.0,909.0,20.0,8.1989632e+07,9.416704e+08,2258.9900000000002,21.0,204142.0,0.0,204142.0,204142.0,2.0,0.0,0.0
2026-03-31 00:12:33,420,6.540405e+06,597497.0,12935.0,0.0,0.0,0.0,10007.0,909.0,20.0,8.1989632e+07,9.416704e+08,2260.12,21.0,204242.0,0.0,204242.0,204242.0,2.0,0.0,0.0
2026-03-31 00:12:46,420,6.543106e+06,598194.0,12935.0,0.0,0.0,0.0,10011.0,910.0,20.0,8.185856e+07,9.416704e+08,2261.23,21.0,204342.0,0.0,204342.0,204342.0,2.0,0.0,0.0
2026-03-31 00:12:58,420,6.546533e+06,598194.0,12935.0,0.0,0.0,0.0,10016.0,910.0,20.0,8.185856e+07,9.416704e+08,2262.44,21.0,204442.0,0.0,204442.0,204442.0,2.0,0.0,0.0
2026-03-31 00:13:11,420,6.549931e+06,598194.0,12935.0,0.0,0.0,0.0,10021.0,910.0,20.0,8.185856e+07,9.416704e+08,2263.62,21.0,204544.0,0.0,204544.0,204544.0,2.0,0.0,0.0
2026-03-31 00:13:23,420,6.552661e+06,598891.0,12935.0,0.0,0.0,0.0,10025.0,911.0,20.0,8.185856e+07,9.416704e+08,2264.77,23.0,204645.0,0.0,204644.0,204644.0,2.0,0.0,0.0
2026-03-31 00:13:35,421,6.556654e+06,598891.0,12935.0,0.0,0.0,0.0,10031.0,911.0,20.0,8.185856e+07,9.416704e+08,2265.88,23.0,204746.0,0.0,204745.0,204745.0,2.0,0.0,0.0
2026-03-31 00:13:48,421,6.559413e+06,599559.0,12935.0,0.0,0.0,0.0,10035.0,912.0,20.0,8.185856e+07,9.416704e+08,2266.9900000000002,21.0,204845.0,0.0,204845.0,204845.0,2.0,0.0,0.0
2026-03-31 00:14:00,421,6.562741e+06,599559.0,12935.0,0.0,0.0,0.0,10040.0,912.0,20.0,8.185856e+07,9.416704e+08,2268.15,21.0,204945.0,0.0,204945.0,204945.0,2.0,0.0,0.0
2026-03-31 00:14:12,421,6.565439e+06,600256.0,12935.0,0.0,0.0,0.0,10044.0,913.0,20.0,8.185856e+07,9.416704e+08,2269.26,23.0,205044.0,0.0,205043.0,205043.0,2.0,0.0,0.0
2026-03-31 00:14:24,421,6.568866e+06,600256.0,12935.0,0.0,0.0,0.0,10049.0,913.0,20.0,8.185856e+07,9.416704e+08,2270.35,23.0,205143.0,0.0,205142.0,205142.0,2.0,0.0,0.0
2026-03-31 00:14:37,422,6.572051e+06,600924.0,12935.0,0.0,0.0,0.0,10054.0,914.0,20.0,8.185856e+07,9.416704e+08,2271.45,21.0,205242.0,0.0,205242.0,205242.0,2.0,0.0,0.0
2026-03-31 00:14:49,422,6.573416e+06,600924.0,12935.0,0.0,0.0,0.0,10056.0,914.0,20.0,8.185856e+07,9.416704e+08,2271.89,21.0,205280.0,0.0,205280.0,205280.0,2.0,0.0,0.0
2026-03-31 00:15:01,422,6.576146e+06,600924.0,12935.0,0.0,0.0,0.0,10060.0,914.0,20.0,8.185856e+07,9.416704e+08,2272.78,21.0,205358.0,0.0,205358.0,205358.0,2.0,0.0,0.0
2026-03-31 00:15:13,422,6.579573e+06,600924.0,12935.0,0.0,0.0,0.0,10065.0,914.0,20.0,8.185856e+07,9.416704e+08,2273.91,21.0,205456.0,0.0,205456.0,205456.0,2.0,0.0,0.0
2026-03-31 00:15:26,423,6.582303e+06,601592.0,12935.0,0.0,0.0,0.0,10069.0,915.0,20.0,8.185856e+07,9.416704e+08,2274.96,21.0,205556.0,0.0,205556.0,205556.0,2.0,0.0,0.0
2026-03-31 00:15:38,423,6.58573e+06,601592.0,12935.0,0.0,0.0,0.0,10074.0,915.0,20.0,8.185856e+07,9.416704e+08,2276.07,21.0,205655.0,0.0,205655.0,205655.0,2.0,0.0,0.0
2026-03-31 00:15:50,423,6.58846e+06,602260.0,12935.0,0.0,0.0,0.0,10078.0,916.0,20.0,8.185856e+07,9.416704e+08,2277.15,21.0,205755.0,0.0,205755.0,205755.0,2.0,0.0,0.0
2026-03-31 00:16:03,423,6.591887e+06,602260.0,12935.0,0.0,0.0,0.0,10083.0,916.0,20.0,8.185856e+07,9.416704e+08,2278.2599999999998,23.0,205853.0,0.0,205852.0,205852.0,2.0,0.0,0.0
2026-03-31 00:16:15,423,6.594617e+06,602928.0,12935.0,0.0,0.0,0.0,10087.0,917.0,20.0,8.185856e+07,9.416704e+08,2279.33,21.0,205954.0,0.0,205954.0,205954.0,2.0,0.0,0.0
2026-03-31 00:16:28,424,6.597382e+06,602928.0,13632.0,0.0,0.0,0.0,10092.0,917.0,21.0,8.185856e+07,9.416704e+08,2280.47,21.0,206055.0,0.0,206055.0,206055.0,2.0,0.0,0.0
2026-03-31 00:16:40,424,6.600847e+06,602928.0,13632.0,0.0,0.0,0.0,10098.0,917.0,21.0,8.185856e+07,9.416704e+08,2281.62,21.0,206154.0,0.0,206154.0,206154.0,2.0,0.0,0.0
2026-03-31 00:16:52,424,6.603819e+06,603421.0,13632.0,0.0,0.0,0.0,10103.0,918.0,21.0,8.185856e+07,9.416704e+08,2282.66,23.0,206253.0,0.0,206252.0,206252.0,2.0,0.0,0.0
2026-03-31 00:17:05,424,6.607284e+06,603421.0,13632.0,0.0,0.0,0.0,10109.0,918.0,21.0,8.185856e+07,9.416704e+08,2283.73,23.0,206352.0,0.0,206351.0,206351.0,2.0,0.0,0.0
2026-03-31 00:17:17,424,6.610259e+06,603911.0,13632.0,0.0,0.0,0.0,10114.0,919.0,21.0,8.185856e+07,9.416704e+08,2284.78,23.0,206452.0,0.0,206451.0,206451.0,2.0,0.0,0.0
2026-03-31 00:17:29,425,6.614074e+06,603911.0,13632.0,0.0,0.0,0.0,10120.0,919.0,21.0,8.185856e+07,9.416704e+08,2285.88,21.0,206550.0,0.0,206550.0,206550.0,2.0,0.0,0.0
2026-03-31 00:17:41,425,6.616734e+06,604576.0,13632.0,0.0,0.0,0.0,10124.0,920.0,21.0,8.185856e+07,9.416704e+08,2286.9900000000002,21.0,206650.0,0.0,206650.0,206650.0,2.0,0.0,0.0
2026-03-31 00:17:54,425,6.620059e+06,604576.0,13632.0,0.0,0.0,0.0,10129.0,920.0,21.0,8.185856e+07,9.416704e+08,2288.05,21.0,206749.0,0.0,206749.0,206749.0,2.0,0.0,0.0
2026-03-31 00:18:06,425,6.623384e+06,605241.0,13632.0,0.0,0.0,0.0,10134.0,921.0,21.0,8.185856e+07,9.416704e+08,2289.21,21.0,206850.0,0.0,206850.0,206850.0,2.0,0.0,0.0
2026-03-31 00:18:18,425,6.626709e+06,605241.0,13632.0,0.0,0.0,0.0,10139.0,921.0,21.0,8.185856e+07,9.416704e+08,2290.3199999999997,23.0,206951.0,0.0,206950.0,206950.0,2.0,0.0,0.0
2026-03-31 00:18:31,426,6.629369e+06,605906.0,13632.0,0.0,0.0,0.0,10143.0,922.0,21.0,8.185856e+07,9.416704e+08,2291.48,23.0,207050.0,0.0,207049.0,207049.0,2.0,0.0,0.0
2026-03-31 00:18:43,426,6.632694e+06,605906.0,13632.0,0.0,0.0,0.0,10148.0,922.0,21.0,8.185856e+07,9.416704e+08,2292.62,23.0,207151.0,0.0,207150.0,207150.0,2.0,0.0,0.0
2026-03-31 00:18:55,426,6.635914e+06,606571.0,13632.0,0.0,0.0,0.0,10153.0,923.0,21.0,8.185856e+07,9.416704e+08,2293.78,21.0,207249.0,0.0,207249.0,207249.0,2.0,0.0,0.0
2026-03-31 00:19:08,426,6.639239e+06,606571.0,13632.0,0.0,0.0,0.0,10158.0,923.0,21.0,8.185856e+07,9.416704e+08,2294.82,21.0,207348.0,0.0,207348.0,207348.0,2.0,0.0,0.0
2026-03-31 00:19:20,426,6.642564e+06,606571.0,13632.0,0.0,0.0,0.0,10163.0,923.0,21.0,8.185856e+07,9.416704e+08,2295.97,21.0,207447.0,0.0,207447.0,207447.0,2.0,0.0,0.0
2026-03-31 00:19:32,427,6.645224e+06,607236.0,13632.0,0.0,0.0,0.0,10167.0,924.0,21.0,8.185856e+07,9.416704e+08,2297.17,21.0,207547.0,0.0,207547.0,207547.0,2.0,0.0,0.0
2026-03-31 00:19:44,427,6.649144e+06,607236.0,13632.0,0.0,0.0,0.0,10173.0,924.0,21.0,8.185856e+07,9.416704e+08,2298.3799999999997,21.0,207648.0,0.0,207648.0,207648.0,2.0,0.0,0.0
2026-03-31 00:19:57,427,6.651804e+06,607901.0,13632.0,0.0,0.0,0.0,10177.0,925.0,21.0,8.185856e+07,9.416704e+08,2299.45,22.0,207748.0,0.0,207747.0,207747.0,2.0,0.0,0.0
2026-03-31 00:20:09,427,6.655129e+06,607901.0,13632.0,0.0,0.0,0.0,10182.0,925.0,21.0,8.185856e+07,9.416704e+08,2300.58,21.0,207847.0,0.0,207847.0,207847.0,2.0,0.0,0.0
2026-03-31 00:20:21,427,6.657789e+06,608566.0,13632.0,0.0,0.0,0.0,10186.0,926.0,21.0,8.185856e+07,9.416704e+08,2301.75,23.0,207946.0,0.0,207945.0,207945.0,2.0,0.0,0.0
2026-03-31 00:20:34,428,6.661817e+06,608566.0,13632.0,0.0,0.0,0.0,10192.0,926.0,21.0,8.185856e+07,9.416704e+08,2302.96,23.0,208047.0,0.0,208046.0,208046.0,2.0,0.0,0.0
2026-03-31 00:20:46,428,6.665244e+06,608566.0,13632.0,0.0,0.0,0.0,10197.0,926.0,21.0,8.185856e+07,9.416704e+08,2304.12,21.0,208147.0,0.0,208147.0,208147.0,2.0,0.0,0.0
2026-03-31 00:20:58,428,6.667974e+06,609234.0,13632.0,0.0,0.0,0.0,10201.0,927.0,21.0,8.185856e+07,9.416704e+08,2305.24,21.0,208247.0,0.0,208247.0,208247.0,2.0,0.0,0.0
2026-03-31 00:21:11,428,6.671401e+06,609234.0,13632.0,0.0,0.0,0.0,10206.0,927.0,21.0,8.185856e+07,9.416704e+08,2306.3900000000003,21.0,208346.0,0.0,208346.0,208346.0,2.0,0.0,0.0
2026-03-31 00:21:23,428,6.674131e+06,609902.0,13632.0,0.0,0.0,0.0,10210.0,928.0,21.0,8.185856e+07,9.416704e+08,2307.56,21.0,208446.0,0.0,208446.0,208446.0,2.0,0.0,0.0
2026-03-31 00:21:36,429,6.677558e+06,609902.0,13632.0,0.0,0.0,0.0,10215.0,928.0,21.0,8.185856e+07,9.416704e+08,2308.7000000000003,21.0,208545.0,0.0,208545.0,208545.0,2.0,0.0,0.0
2026-03-31 00:21:48,429,6.680288e+06,610570.0,13632.0,0.0,0.0,0.0,10219.0,929.0,21.0,8.185856e+07,9.416704e+08,2309.81,21.0,208644.0,0.0,208644.0,208644.0,2.0,0.0,0.0
2026-03-31 00:22:00,429,6.684243e+06,610570.0,13632.0,0.0,0.0,0.0,10225.0,929.0,21.0,8.185856e+07,9.416704e+08,2310.99,21.0,208744.0,0.0,208744.0,208744.0,2.0,0.0,0.0
2026-03-31 00:22:13,429,6.68767e+06,610570.0,13632.0,0.0,0.0,0.0,10230.0,929.0,21.0,8.185856e+07,9.416704e+08,2312.17,21.0,208843.0,0.0,208843.0,208843.0,2.0,0.0,0.0
2026-03-31 00:22:25,430,6.6904e+06,611238.0,13632.0,0.0,0.0,0.0,10234.0,930.0,21.0,8.185856e+07,9.416704e+08,2313.3,21.0,208943.0,0.0,208943.0,208943.0,2.0,0.0,0.0
2026-03-31 00:22:37,430,6.693827e+06,611238.0,13632.0,0.0,0.0,0.0,10239.0,930.0,21.0,8.185856e+07,9.416704e+08,2314.45,21.0,209042.0,0.0,209042.0,209042.0,2.0,0.0,0.0
2026-03-31 00:22:50,430,6.696557e+06,611906.0,13632.0,0.0,0.0,0.0,10243.0,931.0,21.0,8.185856e+07,9.416704e+08,2315.67,21.0,209143.0,0.0,209143.0,209143.0,2.0,0.0,0.0
2026-03-31 00:23:02,430,6.699984e+06,611906.0,13632.0,0.0,0.0,0.0,10248.0,931.0,21.0,8.185856e+07,9.416704e+08,2316.79,21.0,209243.0,0.0,209243.0,209243.0,2.0,0.0,0.0
2026-03-31 00:23:15,430,6.703271e+06,612574.0,13632.0,0.0,0.0,0.0,10253.0,932.0,21.0,8.185856e+07,9.416704e+08,2317.91,23.0,209343.0,0.0,209342.0,209342.0,2.0,0.0,0.0
2026-03-31 00:23:27,431,6.706669e+06,612574.0,13632.0,0.0,0.0,0.0,10258.0,932.0,21.0,8.185856e+07,9.416704e+08,2318.94,21.0,209440.0,0.0,209440.0,209440.0,2.0,0.0,0.0
2026-03-31 00:23:39,431,6.710096e+06,612574.0,13632.0,0.0,0.0,0.0,10263.0,932.0,21.0,8.185856e+07,9.416704e+08,2320.0,21.0,209538.0,0.0,209538.0,209538.0,2.0,0.0,0.0
2026-03-31 00:23:51,431,6.712826e+06,613242.0,13632.0,0.0,0.0,0.0,10267.0,933.0,21.0,8.185856e+07,9.416704e+08,2321.15,21.0,209638.0,0.0,209638.0,209638.0,2.0,0.0,0.0
2026-03-31 00:24:04,431,6.716253e+06,613242.0,13632.0,0.0,0.0,0.0,10272.0,933.0,21.0,8.185856e+07,9.416704e+08,2322.28,22.0,209738.0,0.0,209737.0,209737.0,2.0,0.0,0.0
2026-03-31 00:24:16,431,6.718983e+06,613910.0,13632.0,0.0,0.0,0.0,10276.0,934.0,21.0,8.185856e+07,9.416704e+08,2323.38,21.0,209836.0,0.0,209836.0,209836.0,2.0,0.0,0.0
2026-03-31 00:24:28,432,6.72241e+06,613910.0,13632.0,0.0,0.0,0.0,10281.0,934.0,21.0,8.185856e+07,9.416704e+08,2324.4500000000003,21.0,209935.0,0.0,209935.0,209935.0,2.0,0.0,0.0
2026-03-31 00:24:41,432,6.72514e+06,614578.0,13632.0,0.0,0.0,0.0,10285.0,935.0,21.0,8.185856e+07,9.416704e+08,2325.5499999999997,21.0,210036.0,0.0,210036.0,210036.0,2.0,0.0,0.0
2026-03-31 00:24:53,432,6.728567e+06,614578.0,13632.0,0.0,0.0,0.0,10290.0,935.0,21.0,8.185856e+07,9.416704e+08,2326.6400000000003,23.0,210135.0,0.0,210134.0,210134.0,2.0,0.0,0.0
2026-03-31 00:25:05,432,6.73242e+06,614578.0,13632.0,0.0,0.0,0.0,10296.0,935.0,21.0,8.185856e+07,9.416704e+08,2327.75,23.0,210233.0,0.0,210232.0,210232.0,2.0,0.0,0.0
2026-03-31 00:25:17,432,6.735147e+06,615173.0,13632.0,0.0,0.0,0.0,10300.0,936.0,21.0,8.185856e+07,9.416704e+08,2328.93,21.0,210334.0,0.0,210334.0,210334.0,2.0,0.0,0.0
2026-03-31 00:25:30,433,6.738545e+06,615173.0,13632.0,0.0,0.0,0.0,10305.0,936.0,21.0,8.185856e+07,9.416704e+08,2330.02,21.0,210433.0,0.0,210433.0,210433.0,2.0,0.0,0.0
2026-03-31 00:25:42,433,6.741275e+06,615870.0,13632.0,0.0,0.0,0.0,10309.0,937.0,21.0,8.185856e+07,9.416704e+08,2331.12,23.0,210531.0,0.0,210530.0,210530.0,2.0,0.0,0.0
2026-03-31 00:25:54,433,6.744673e+06,615870.0,13632.0,0.0,0.0,0.0,10314.0,937.0,21.0,8.185856e+07,9.416704e+08,2332.2400000000002,21.0,210630.0,0.0,210630.0,210630.0,2.0,0.0,0.0
2026-03-31 00:26:06,433,6.747403e+06,616567.0,13632.0,0.0,0.0,0.0,10318.0,938.0,21.0,8.185856e+07,9.416704e+08,2333.3300000000004,21.0,210727.0,0.0,210727.0,210727.0,2.0,0.0,0.0
2026-03-31 00:26:19,433,6.750801e+06,616567.0,13632.0,0.0,0.0,0.0,10323.0,938.0,21.0,8.185856e+07,9.416704e+08,2334.49,21.0,210832.0,0.0,210832.0,210832.0,2.0,0.0,0.0
2026-03-31 00:26:32,434,6.754826e+06,616567.0,13632.0,0.0,0.0,0.0,10329.0,938.0,21.0,8.185856e+07,9.416704e+08,2335.59,21.0,210932.0,0.0,210932.0,210932.0,2.0,0.0,0.0
2026-03-31 00:26:44,434,6.757556e+06,617264.0,13632.0,0.0,0.0,0.0,10333.0,939.0,21.0,8.185856e+07,9.416704e+08,2336.65,21.0,211032.0,0.0,211032.0,211032.0,2.0,0.0,0.0
2026-03-31 00:26:56,434,6.760954e+06,617264.0,13632.0,0.0,0.0,0.0,10338.0,939.0,21.0,8.185856e+07,9.416704e+08,2337.73,21.0,211130.0,0.0,211130.0,211130.0,2.0,0.0,0.0
2026-03-31 00:27:09,434,6.763684e+06,617961.0,13632.0,0.0,0.0,0.0,10342.0,940.0,21.0,8.185856e+07,9.416704e+08,2338.8500000000004,21.0,211232.0,0.0,211232.0,211232.0,2.0,0.0,0.0
2026-03-31 00:27:21,434,6.767082e+06,617961.0,13632.0,0.0,0.0,0.0,10347.0,940.0,21.0,8.185856e+07,9.416704e+08,2339.9900000000002,21.0,211333.0,0.0,211333.0,211333.0,2.0,0.0,0.0
2026-03-31 00:27:34,435,6.769812e+06,618658.0,13632.0,0.0,0.0,0.0,10351.0,941.0,21.0,8.185856e+07,9.416704e+08,2341.1,21.0,211432.0,0.0,211432.0,211432.0,2.0,0.0,0.0
2026-03-31 00:27:46,435,6.77321e+06,618658.0,13632.0,0.0,0.0,0.0,10356.0,941.0,21.0,8.185856e+07,9.416704e+08,2342.19,21.0,211531.0,0.0,211531.0,211531.0,2.0,0.0,0.0
2026-03-31 00:27:58,435,6.7772e+06,618658.0,13632.0,0.0,0.0,0.0,10362.0,941.0,21.0,8.185856e+07,9.416704e+08,2343.32,22.0,211630.0,0.0,211629.0,211629.0,2.0,0.0,0.0
2026-03-31 00:28:10,435,6.77993e+06,619355.0,13632.0,0.0,0.0,0.0,10366.0,942.0,21.0,8.185856e+07,9.416704e+08,2344.4,23.0,211728.0,0.0,211727.0,211727.0,2.0,0.0,0.0
2026-03-31 00:28:23,435,6.783328e+06,619355.0,13632.0,0.0,0.0,0.0,10371.0,942.0,21.0,8.185856e+07,9.416704e+08,2345.5600000000004,21.0,211827.0,0.0,211827.0,211827.0,2.0,0.0,0.0
2026-03-31 00:28:35,436,6.786058e+06,620052.0,13632.0,0.0,0.0,0.0,10375.0,943.0,21.0,8.185856e+07,9.416704e+08,2346.63,23.0,211927.0,0.0,211926.0,211926.0,2.0,0.0,0.0
2026-03-31 00:28:47,436,6.789456e+06,620052.0,13632.0,0.0,0.0,0.0,10380.0,943.0,21.0,8.185856e+07,9.416704e+08,2347.75,21.0,212026.0,0.0,212026.0,212026.0,2.0,0.0,0.0
2026-03-31 00:28:59,436,6.792186e+06,620749.0,13632.0,0.0,0.0,0.0,10384.0,944.0,21.0,8.185856e+07,9.416704e+08,2348.89,23.0,212126.0,0.0,212125.0,212125.0,2.0,0.0,0.0
2026-03-31 00:29:12,436,6.795514e+06,620749.0,13632.0,0.0,0.0,0.0,10389.0,944.0,21.0,8.185856e+07,9.416704e+08,2350.06,23.0,212225.0,0.0,212224.0,212224.0,2.0,0.0,0.0
2026-03-31 00:29:24,436,6.799399e+06,620749.0,13632.0,0.0,0.0,0.0,10395.0,944.0,21.0,8.185856e+07,9.416704e+08,2351.26,23.0,212326.0,0.0,212325.0,212325.0,2.0,0.0,0.0
2026-03-31 00:29:37,437,6.802129e+06,621446.0,13632.0,0.0,0.0,0.0,10399.0,945.0,21.0,8.185856e+07,9.416704e+08,2352.41,21.0,212426.0,0.0,212426.0,212426.0,2.0,0.0,0.0
2026-03-31 00:29:49,437,6.805527e+06,621446.0,13632.0,0.0,0.0,0.0,10404.0,945.0,21.0,8.185856e+07,9.416704e+08,2353.5299999999997,21.0,212526.0,0.0,212526.0,212526.0,2.0,0.0,0.0
2026-03-31 00:30:01,437,6.808257e+06,622143.0,13632.0,0.0,0.0,0.0,10408.0,946.0,21.0,8.185856e+07,9.416704e+08,2354.65,21.0,212626.0,0.0,212626.0,212626.0,2.0,0.0,0.0
2026-03-31 00:30:14,437,6.811655e+06,622143.0,13632.0,0.0,0.0,0.0,10413.0,946.0,21.0,8.185856e+07,9.416704e+08,2355.75,21.0,212725.0,0.0,212725.0,212725.0,2.0,0.0,0.0
2026-03-31 00:30:26,438,6.814385e+06,622840.0,13632.0,0.0,0.0,0.0,10417.0,947.0,21.0,8.185856e+07,9.416704e+08,2356.8199999999997,21.0,212825.0,0.0,212825.0,212825.0,2.0,0.0,0.0
2026-03-31 00:30:38,438,6.817783e+06,622840.0,13632.0,0.0,0.0,0.0,10422.0,947.0,21.0,8.185856e+07,9.416704e+08,2357.89,21.0,212924.0,0.0,212924.0,212924.0,2.0,0.0,0.0
2026-03-31 00:30:51,438,6.821773e+06,622840.0,13632.0,0.0,0.0,0.0,10428.0,947.0,21.0,8.185856e+07,9.416704e+08,2358.96,21.0,213022.0,0.0,213022.0,213022.0,2.0,0.0,0.0
2026-03-31 00:31:03,438,6.824503e+06,623537.0,13632.0,0.0,0.0,0.0,10432.0,948.0,21.0,8.185856e+07,9.416704e+08,2360.06,21.0,213121.0,0.0,213121.0,213121.0,2.0,0.0,0.0
2026-03-31 00:31:15,438,6.827901e+06,623537.0,13632.0,0.0,0.0,0.0,10437.0,948.0,21.0,8.185856e+07,9.416704e+08,2361.1400000000003,23.0,213220.0,0.0,213219.0,213219.0,2.0,0.0,0.0
2026-03-31 00:31:28,439,6.830631e+06,624234.0,13632.0,0.0,0.0,0.0,10441.0,949.0,21.0,8.185856e+07,9.416704e+08,2362.2599999999998,23.0,213320.0,0.0,213319.0,213319.0,2.0,0.0,0.0
2026-03-31 00:31:40,439,6.834029e+06,624234.0,13632.0,0.0,0.0,0.0,10446.0,949.0,21.0,8.185856e+07,9.416704e+08,2363.38,23.0,213421.0,0.0,213420.0,213420.0,2.0,0.0,0.0
2026-03-31 00:31:52,439,6.836759e+06,624931.0,13632.0,0.0,0.0,0.0,10450.0,950.0,21.0,8.185856e+07,9.416704e+08,2364.46,21.0,213518.0,0.0,213518.0,213518.0,2.0,0.0,0.0
2026-03-31 00:32:05,439,6.840157e+06,624931.0,13632.0,0.0,0.0,0.0,10455.0,950.0,21.0,8.185856e+07,9.416704e+08,2365.57,22.0,213619.0,0.0,213618.0,213618.0,2.0,0.0,0.0
2026-03-31 00:32:17,439,6.843584e+06,624931.0,13632.0,0.0,0.0,0.0,10460.0,950.0,21.0,8.185856e+07,9.416704e+08,2366.7,21.0,213719.0,0.0,213719.0,213719.0,2.0,0.0,0.0
2026-03-31 00:32:29,440,6.846285e+06,625628.0,13632.0,0.0,0.0,0.0,10464.0,951.0,21.0,8.185856e+07,9.416704e+08,2367.84,23.0,213820.0,0.0,213819.0,213819.0,2.0,0.0,0.0
2026-03-31 00:32:42,440,6.850345e+06,625628.0,13632.0,0.0,0.0,0.0,10470.0,951.0,21.0,8.185856e+07,9.416704e+08,2368.96,21.0,213919.0,0.0,213919.0,213919.0,2.0,0.0,0.0
2026-03-31 00:32:54,440,6.853075e+06,626325.0,13632.0,0.0,0.0,0.0,10474.0,952.0,21.0,8.185856e+07,9.416704e+08,2370.04,21.0,214017.0,0.0,214017.0,214017.0,2.0,0.0,0.0
2026-03-31 00:33:06,440,6.856473e+06,626325.0,13632.0,0.0,0.0,0.0,10479.0,952.0,21.0,8.185856e+07,9.416704e+08,2371.17,21.0,214118.0,0.0,214118.0,214118.0,2.0,0.0,0.0
2026-03-31 00:33:18,440,6.859063e+06,627022.0,13632.0,0.0,0.0,0.0,10483.0,953.0,21.0,8.185856e+07,9.416704e+08,2372.21,21.0,214214.0,0.0,214214.0,214214.0,2.0,0.0,0.0
2026-03-31 00:33:31,441,6.862461e+06,627022.0,13632.0,0.0,0.0,0.0,10488.0,953.0,21.0,8.185856e+07,9.416704e+08,2373.33,23.0,214316.0,0.0,214315.0,214315.0,2.0,0.0,0.0
2026-03-31 00:33:43,441,6.866311e+06,627022.0,13632.0,0.0,0.0,0.0,10494.0,953.0,21.0,8.185856e+07,9.416704e+08,2374.41,21.0,214416.0,0.0,214416.0,214416.0,2.0,0.0,0.0
2026-03-31 00:33:56,441,6.869041e+06,627719.0,13632.0,0.0,0.0,0.0,10498.0,954.0,21.0,8.185856e+07,9.416704e+08,2375.4900000000002,21.0,214514.0,0.0,214514.0,214514.0,2.0,0.0,0.0
2026-03-31 00:34:08,441,6.872439e+06,627719.0,13632.0,0.0,0.0,0.0,10503.0,954.0,21.0,8.185856e+07,9.416704e+08,2376.61,21.0,214615.0,0.0,214615.0,214615.0,2.0,0.0,0.0
2026-03-31 00:34:20,441,6.875169e+06,628416.0,13632.0,0.0,0.0,0.0,10507.0,955.0,21.0,8.185856e+07,9.416704e+08,2377.7799999999997,21.0,214715.0,0.0,214715.0,214715.0,2.0,0.0,0.0
2026-03-31 00:34:33,442,6.878567e+06,628416.0,13632.0,0.0,0.0,0.0,10512.0,955.0,21.0,8.185856e+07,9.416704e+08,2378.92,21.0,214813.0,0.0,214813.0,214813.0,2.0,0.0,0.0
2026-03-31 00:34:45,442,6.881297e+06,629113.0,13632.0,0.0,0.0,0.0,10516.0,956.0,21.0,8.185856e+07,9.416704e+08,2380.0,23.0,214913.0,0.0,214912.0,214912.0,2.0,0.0,0.0
2026-03-31 00:34:57,442,6.885115e+06,629113.0,13632.0,0.0,0.0,0.0,10522.0,956.0,21.0,8.185856e+07,9.416704e+08,2381.15,23.0,215013.0,0.0,215012.0,215012.0,2.0,0.0,0.0
2026-03-31 00:35:10,442,6.888542e+06,629113.0,13632.0,0.0,0.0,0.0,10527.0,956.0,21.0,8.185856e+07,9.416704e+08,2382.26,22.0,215113.0,0.0,215112.0,215112.0,2.0,0.0,0.0
2026-03-31 00:35:22,442,6.891237e+06,629781.0,13632.0,0.0,0.0,0.0,10531.0,957.0,21.0,8.185856e+07,9.416704e+08,2383.47,21.0,215213.0,0.0,215213.0,215213.0,2.0,0.0,0.0
2026-03-31 00:35:34,443,6.894664e+06,629781.0,13632.0,0.0,0.0,0.0,10536.0,957.0,21.0,8.185856e+07,9.416704e+08,2384.57,21.0,215312.0,0.0,215312.0,215312.0,2.0,0.0,0.0
2026-03-31 00:35:47,443,6.897394e+06,630449.0,13632.0,0.0,0.0,0.0,10540.0,958.0,21.0,8.185856e+07,9.416704e+08,2385.66,21.0,215414.0,0.0,215414.0,215414.0,2.0,0.0,0.0
2026-03-31 00:35:59,443,6.900821e+06,630449.0,13632.0,0.0,0.0,0.0,10545.0,958.0,21.0,8.185856e+07,9.416704e+08,2386.75,21.0,215513.0,0.0,215513.0,215513.0,2.0,0.0,0.0
2026-03-31 00:36:11,443,6.904082e+06,631146.0,13632.0,0.0,0.0,0.0,10550.0,959.0,21.0,8.185856e+07,9.416704e+08,2387.79,23.0,215612.0,0.0,215611.0,215611.0,2.0,0.0,0.0
2026-03-31 00:36:24,443,6.907509e+06,631146.0,13632.0,0.0,0.0,0.0,10555.0,959.0,21.0,8.185856e+07,9.416704e+08,2388.9900000000002,23.0,215713.0,0.0,215712.0,215712.0,2.0,0.0,0.0
2026-03-31 00:36:36,444,6.910907e+06,631146.0,13632.0,0.0,0.0,0.0,10560.0,959.0,21.0,8.185856e+07,9.416704e+08,2390.14,21.0,215814.0,0.0,215814.0,215814.0,2.0,0.0,0.0
2026-03-31 00:36:48,444,6.913637e+06,631843.0,13632.0,0.0,0.0,0.0,10564.0,960.0,21.0,8.185856e+07,9.416704e+08,2391.22,23.0,215913.0,0.0,215912.0,215912.0,2.0,0.0,0.0
2026-03-31 00:37:01,444,6.917035e+06,631843.0,13632.0,0.0,0.0,0.0,10569.0,960.0,21.0,8.185856e+07,9.416704e+08,2392.32,21.0,216012.0,0.0,216012.0,216012.0,2.0,0.0,0.0
2026-03-31 00:37:13,444,6.919765e+06,632540.0,13632.0,0.0,0.0,0.0,10573.0,961.0,21.0,8.185856e+07,9.416704e+08,2393.45,21.0,216111.0,0.0,216111.0,216111.0,2.0,0.0,0.0
2026-03-31 00:37:26,445,6.923163e+06,632540.0,13632.0,0.0,0.0,0.0,10578.0,961.0,21.0,8.185856e+07,9.416704e+08,2394.56,23.0,216211.0,0.0,216210.0,216210.0,2.0,0.0,0.0
2026-03-31 00:37:38,445,6.926421e+06,633237.0,13632.0,0.0,0.0,0.0,10583.0,962.0,21.0,8.185856e+07,9.416704e+08,2395.69,21.0,216309.0,0.0,216309.0,216309.0,2.0,0.0,0.0
2026-03-31 00:37:50,445,6.929848e+06,633237.0,13632.0,0.0,0.0,0.0,10588.0,962.0,21.0,8.185856e+07,9.416704e+08,2396.79,21.0,216407.0,0.0,216407.0,216407.0,2.0,0.0,0.0
2026-03-31 00:38:03,445,6.933246e+06,633237.0,13632.0,0.0,0.0,0.0,10593.0,962.0,21.0,8.185856e+07,9.416704e+08,2397.96,21.0,216508.0,0.0,216508.0,216508.0,2.0,0.0,0.0
2026-03-31 00:38:15,445,6.935976e+06,633934.0,13632.0,0.0,0.0,0.0,10597.0,963.0,21.0,8.185856e+07,9.416704e+08,2399.1200000000003,21.0,216609.0,0.0,216609.0,216609.0,2.0,0.0,0.0
2026-03-31 00:38:28,446,6.939266e+06,633934.0,13632.0,0.0,0.0,0.0,10602.0,963.0,21.0,8.185856e+07,9.416704e+08,2400.28,21.0,216711.0,0.0,216711.0,216711.0,2.0,0.0,0.0
2026-03-31 00:38:40,446,6.942527e+06,634631.0,13632.0,0.0,0.0,0.0,10607.0,964.0,21.0,8.185856e+07,9.416704e+08,2401.4,21.0,216811.0,0.0,216811.0,216811.0,2.0,0.0,0.0
2026-03-31 00:38:53,446,6.945954e+06,634631.0,13632.0,0.0,0.0,0.0,10612.0,964.0,21.0,8.185856e+07,9.416704e+08,2402.6099999999997,23.0,216912.0,0.0,216911.0,216911.0,2.0,0.0,0.0
2026-03-31 00:39:05,446,6.947987e+06,635328.0,14300.0,0.0,0.0,0.0,10615.0,965.0,22.0,8.185856e+07,9.416704e+08,2403.73,23.0,217011.0,0.0,217010.0,217010.0,2.0,0.0,0.0
2026-03-31 00:39:17,446,6.951799e+06,635328.0,14300.0,0.0,0.0,0.0,10622.0,965.0,22.0,8.185856e+07,9.416704e+08,2404.83,21.0,217112.0,0.0,217112.0,217112.0,2.0,0.0,0.0
2026-03-31 00:39:30,447,6.954179e+06,635923.0,14300.0,0.0,0.0,0.0,10626.0,966.0,22.0,8.185856e+07,9.416704e+08,2405.9500000000003,22.0,217212.0,0.0,217211.0,217211.0,2.0,0.0,0.0
2026-03-31 00:39:42,447,6.957679e+06,635923.0,14300.0,0.0,0.0,0.0,10632.0,966.0,22.0,8.185856e+07,9.416704e+08,2407.11,21.0,217312.0,0.0,217312.0,217312.0,2.0,0.0,0.0
2026-03-31 00:39:54,447,6.960584e+06,636518.0,14300.0,0.0,0.0,0.0,10637.0,967.0,22.0,8.185856e+07,9.416704e+08,2408.34,23.0,217413.0,0.0,217412.0,217412.0,2.0,0.0,0.0
2026-03-31 00:40:07,447,6.964119e+06,636518.0,14300.0,0.0,0.0,0.0,10643.0,967.0,22.0,8.185856e+07,9.416704e+08,2409.42,23.0,217513.0,0.0,217512.0,217512.0,2.0,0.0,0.0
2026-03-31 00:40:19,447,6.967304e+06,636938.0,14300.0,0.0,0.0,0.0,10648.0,968.0,22.0,8.185856e+07,9.416704e+08,2410.51,23.0,217611.0,0.0,217610.0,217610.0,2.0,0.0,0.0
2026-03-31 00:40:31,448,6.970629e+06,636938.0,14300.0,0.0,0.0,0.0,10653.0,968.0,22.0,8.185856e+07,9.416704e+08,2411.65,21.0,217710.0,0.0,217710.0,217710.0,2.0,0.0,0.0
2026-03-31 00:40:44,448,6.974619e+06,636938.0,14300.0,0.0,0.0,0.0,10659.0,968.0,22.0,8.185856e+07,9.416704e+08,2412.73,21.0,217810.0,0.0,217810.0,217810.0,2.0,0.0,0.0
2026-03-31 00:40:56,448,6.977279e+06,637603.0,14300.0,0.0,0.0,0.0,10663.0,969.0,22.0,8.185856e+07,9.416704e+08,2413.8700000000003,21.0,217911.0,0.0,217911.0,217911.0,2.0,0.0,0.0
2026-03-31 00:41:08,448,6.980604e+06,637603.0,14300.0,0.0,0.0,0.0,10668.0,969.0,22.0,8.185856e+07,9.416704e+08,2414.93,23.0,218010.0,0.0,218009.0,218009.0,2.0,0.0,0.0
2026-03-31 00:41:20,448,6.983232e+06,638268.0,14300.0,0.0,0.0,0.0,10672.0,970.0,22.0,8.185856e+07,9.416704e+08,2416.1099999999997,21.0,218109.0,0.0,218109.0,218109.0,2.0,0.0,0.0
2026-03-31 00:41:33,449,6.987079e+06,638268.0,14300.0,0.0,0.0,0.0,10678.0,970.0,22.0,8.185856e+07,9.416704e+08,2417.3,21.0,218210.0,0.0,218210.0,218210.0,2.0,0.0,0.0
2026-03-31 00:41:45,449,6.989739e+06,638933.0,14300.0,0.0,0.0,0.0,10682.0,971.0,22.0,8.185856e+07,9.416704e+08,2418.3799999999997,21.0,218309.0,0.0,218309.0,218309.0,2.0,0.0,0.0
2026-03-31 00:41:57,449,6.993064e+06,638933.0,14300.0,0.0,0.0,0.0,10687.0,971.0,22.0,8.185856e+07,9.416704e+08,2419.55,21.0,218409.0,0.0,218409.0,218409.0,2.0,0.0,0.0
2026-03-31 00:42:09,449,6.996249e+06,639598.0,14300.0,0.0,0.0,0.0,10692.0,972.0,22.0,8.185856e+07,9.416704e+08,2420.76,21.0,218509.0,0.0,218509.0,218509.0,2.0,0.0,0.0
2026-03-31 00:42:22,449,6.999574e+06,639598.0,14300.0,0.0,0.0,0.0,10697.0,972.0,22.0,8.185856e+07,9.416704e+08,2421.88,21.0,218608.0,0.0,218608.0,218608.0,2.0,0.0,0.0
2026-03-31 00:42:34,450,7.002899e+06,639598.0,14300.0,0.0,0.0,0.0,10702.0,972.0,22.0,8.185856e+07,9.416704e+08,2423.0200000000004,21.0,218708.0,0.0,218708.0,218708.0,2.0,0.0,0.0
2026-03-31 00:42:47,450,7.005559e+06,640263.0,14300.0,0.0,0.0,0.0,10706.0,973.0,22.0,8.185856e+07,9.416704e+08,2424.1,21.0,218807.0,0.0,218807.0,218807.0,2.0,0.0,0.0
2026-03-31 00:42:59,450,7.009514e+06,640263.0,14300.0,0.0,0.0,0.0,10712.0,973.0,22.0,8.185856e+07,9.416704e+08,2425.1899999999996,21.0,218905.0,0.0,218905.0,218905.0,2.0,0.0,0.0
2026-03-31 00:43:11,450,7.012177e+06,640928.0,14300.0,0.0,0.0,0.0,10716.0,974.0,22.0,8.185856e+07,9.416704e+08,2426.34,23.0,219006.0,0.0,219005.0,219005.0,2.0,0.0,0.0
2026-03-31 00:43:23,450,7.015604e+06,640928.0,14300.0,0.0,0.0,0.0,10721.0,974.0,22.0,8.185856e+07,9.416704e+08,2427.56,21.0,219106.0,0.0,219106.0,219106.0,2.0,0.0,0.0
2026-03-31 00:43:36,451,7.018334e+06,641596.0,14300.0,0.0,0.0,0.0,10725.0,975.0,22.0,8.185856e+07,9.416704e+08,2428.67,21.0,219205.0,0.0,219205.0,219205.0,2.0,0.0,0.0
2026-03-31 00:43:48,451,7.021761e+06,641596.0,14300.0,0.0,0.0,0.0,10730.0,975.0,22.0,8.185856e+07,9.416704e+08,2429.6899999999996,21.0,219303.0,0.0,219303.0,219303.0,2.0,0.0,0.0
2026-03-31 00:44:00,451,7.025159e+06,641596.0,14300.0,0.0,0.0,0.0,10735.0,975.0,22.0,8.185856e+07,9.416704e+08,2430.81,21.0,219402.0,0.0,219402.0,219402.0,2.0,0.0,0.0
2026-03-31 00:44:12,451,7.027918e+06,642264.0,14300.0,0.0,0.0,0.0,10739.0,976.0,22.0,8.185856e+07,9.416704e+08,2431.89,21.0,219501.0,0.0,219501.0,219501.0,2.0,0.0,0.0
2026-03-31 00:44:24,451,7.031876e+06,642264.0,14300.0,0.0,0.0,0.0,10745.0,976.0,22.0,8.185856e+07,9.416704e+08,2433.05,21.0,219602.0,0.0,219602.0,219602.0,2.0,0.0,0.0
2026-03-31 00:44:37,452,7.034606e+06,642961.0,14300.0,0.0,0.0,0.0,10749.0,977.0,22.0,8.185856e+07,9.416704e+08,2434.24,21.0,219703.0,0.0,219703.0,219703.0,2.0,0.0,0.0
2026-03-31 00:44:49,452,7.038004e+06,642961.0,14300.0,0.0,0.0,0.0,10754.0,977.0,22.0,8.185856e+07,9.416704e+08,2435.3999999999996,23.0,219805.0,0.0,219804.0,219804.0,2.0,0.0,0.0
2026-03-31 00:45:02,452,7.038701e+06,642961.0,14300.0,0.0,0.0,0.0,10755.0,977.0,22.0,8.185856e+07,9.416704e+08,2435.63,23.0,219823.0,0.0,219822.0,219822.0,2.0,0.0,0.0
2026-03-31 00:45:14,452,7.041402e+06,643658.0,14300.0,0.0,0.0,0.0,10759.0,978.0,22.0,8.185856e+07,9.416704e+08,2436.7200000000003,21.0,219922.0,0.0,219922.0,219922.0,2.0,0.0,0.0
2026-03-31 00:45:27,453,7.044829e+06,643658.0,14300.0,0.0,0.0,0.0,10764.0,978.0,22.0,8.185856e+07,9.416704e+08,2437.8399999999997,21.0,220022.0,0.0,220022.0,220022.0,2.0,0.0,0.0
2026-03-31 00:45:39,453,7.048227e+06,643658.0,14300.0,0.0,0.0,0.0,10769.0,978.0,22.0,8.185856e+07,9.416704e+08,2438.95,21.0,220123.0,0.0,220123.0,220123.0,2.0,0.0,0.0
2026-03-31 00:45:51,453,7.051622e+06,644288.0,14300.0,0.0,0.0,0.0,10774.0,979.0,22.0,8.185856e+07,9.416704e+08,2440.06,21.0,220222.0,0.0,220222.0,220222.0,2.0,0.0,0.0
2026-03-31 00:46:04,453,7.055049e+06,644288.0,14300.0,0.0,0.0,0.0,10779.0,979.0,22.0,8.185856e+07,9.416704e+08,2441.12,21.0,220322.0,0.0,220322.0,220322.0,2.0,0.0,0.0
2026-03-31 00:46:16,453,7.05775e+06,644985.0,14300.0,0.0,0.0,0.0,10783.0,980.0,22.0,8.185856e+07,9.416704e+08,2442.25,23.0,220420.0,0.0,220419.0,220419.0,2.0,0.0,0.0
2026-03-31 00:46:28,454,7.061177e+06,644985.0,14300.0,0.0,0.0,0.0,10788.0,980.0,22.0,8.185856e+07,9.416704e+08,2443.3399999999997,21.0,220520.0,0.0,220520.0,220520.0,2.0,0.0,0.0
2026-03-31 00:46:41,454,7.063878e+06,645682.0,14300.0,0.0,0.0,0.0,10792.0,981.0,22.0,8.185856e+07,9.416704e+08,2444.48,21.0,220620.0,0.0,220620.0,220620.0,2.0,0.0,0.0
2026-03-31 00:46:53,454,7.067305e+06,645682.0,14300.0,0.0,0.0,0.0,10797.0,981.0,22.0,8.185856e+07,9.416704e+08,2445.63,21.0,220720.0,0.0,220720.0,220720.0,2.0,0.0,0.0
2026-03-31 00:47:06,454,7.070703e+06,645682.0,14300.0,0.0,0.0,0.0,10802.0,981.0,22.0,8.185856e+07,9.416704e+08,2446.75,21.0,220819.0,0.0,220819.0,220819.0,2.0,0.0,0.0
2026-03-31 00:47:18,454,7.073433e+06,646379.0,14300.0,0.0,0.0,0.0,10806.0,982.0,22.0,8.185856e+07,9.416704e+08,2447.83,21.0,220919.0,0.0,220919.0,220919.0,2.0,0.0,0.0
2026-03-31 00:47:30,455,7.077286e+06,646379.0,14300.0,0.0,0.0,0.0,10812.0,982.0,22.0,8.185856e+07,9.416704e+08,2448.94,21.0,221018.0,0.0,221018.0,221018.0,2.0,0.0,0.0
2026-03-31 00:47:42,455,7.080045e+06,647047.0,14300.0,0.0,0.0,0.0,10816.0,983.0,22.0,8.185856e+07,9.416704e+08,2450.04,21.0,221117.0,0.0,221117.0,221117.0,2.0,0.0,0.0
2026-03-31 00:47:55,455,7.083443e+06,647047.0,14300.0,0.0,0.0,0.0,10821.0,983.0,22.0,8.185856e+07,9.416704e+08,2451.18,23.0,221217.0,0.0,221216.0,221216.0,2.0,0.0,0.0
2026-03-31 00:48:07,455,7.086202e+06,647715.0,14300.0,0.0,0.0,0.0,10825.0,984.0,22.0,8.185856e+07,9.416704e+08,2452.2799999999997,21.0,221317.0,0.0,221317.0,221317.0,2.0,0.0,0.0
2026-03-31 00:48:19,455,7.0896e+06,647715.0,14300.0,0.0,0.0,0.0,10830.0,984.0,22.0,8.185856e+07,9.416704e+08,2453.39,21.0,221417.0,0.0,221417.0,221417.0,2.0,0.0,0.0
2026-03-31 00:48:32,456,7.093027e+06,647715.0,14300.0,0.0,0.0,0.0,10835.0,984.0,22.0,8.185856e+07,9.416704e+08,2454.53,21.0,221516.0,0.0,221516.0,221516.0,2.0,0.0,0.0
2026-03-31 00:48:44,456,7.095757e+06,648383.0,14300.0,0.0,0.0,0.0,10839.0,985.0,22.0,8.185856e+07,9.416704e+08,2455.63,21.0,221615.0,0.0,221615.0,221615.0,2.0,0.0,0.0
2026-03-31 00:48:56,456,7.099747e+06,648383.0,14300.0,0.0,0.0,0.0,10845.0,985.0,22.0,8.185856e+07,9.416704e+08,2456.73,21.0,221714.0,0.0,221714.0,221714.0,2.0,0.0,0.0
2026-03-31 00:49:08,456,7.102506e+06,649051.0,14300.0,0.0,0.0,0.0,10849.0,986.0,22.0,8.185856e+07,9.416704e+08,2457.84,23.0,221814.0,0.0,221813.0,221813.0,2.0,0.0,0.0
2026-03-31 00:49:21,456,7.105904e+06,649051.0,14300.0,0.0,0.0,0.0,10854.0,986.0,22.0,8.185856e+07,9.416704e+08,2458.94,21.0,221913.0,0.0,221913.0,221913.0,2.0,0.0,0.0
2026-03-31 00:49:33,457,7.108663e+06,649719.0,14300.0,0.0,0.0,0.0,10858.0,987.0,22.0,8.185856e+07,9.416704e+08,2460.04,21.0,222012.0,0.0,222012.0,222012.0,2.0,0.0,0.0
2026-03-31 00:49:45,457,7.112061e+06,649719.0,14300.0,0.0,0.0,0.0,10863.0,987.0,22.0,8.185856e+07,9.416704e+08,2461.17,21.0,222111.0,0.0,222111.0,222111.0,2.0,0.0,0.0
2026-03-31 00:49:57,457,7.115488e+06,649719.0,14300.0,0.0,0.0,0.0,10868.0,987.0,22.0,8.185856e+07,9.416704e+08,2462.23,21.0,222209.0,0.0,222209.0,222209.0,2.0,0.0,0.0
2026-03-31 00:50:09,457,7.118218e+06,650387.0,14300.0,0.0,0.0,0.0,10872.0,988.0,22.0,8.185856e+07,9.416704e+08,2463.31,21.0,222309.0,0.0,222309.0,222309.0,2.0,0.0,0.0
2026-03-31 00:50:22,457,7.121645e+06,650387.0,14300.0,0.0,0.0,0.0,10877.0,988.0,22.0,8.185856e+07,9.416704e+08,2464.4300000000003,21.0,222409.0,0.0,222409.0,222409.0,2.0,0.0,0.0
2026-03-31 00:50:34,458,7.124375e+06,651055.0,14300.0,0.0,0.0,0.0,10881.0,989.0,22.0,8.185856e+07,9.416704e+08,2465.48,21.0,222507.0,0.0,222507.0,222507.0,2.0,0.0,0.0
2026-03-31 00:50:46,458,7.127802e+06,651055.0,14300.0,0.0,0.0,0.0,10886.0,989.0,22.0,8.185856e+07,9.416704e+08,2466.56,23.0,222607.0,0.0,222606.0,222606.0,2.0,0.0,0.0
2026-03-31 00:50:59,458,7.131098e+06,651752.0,14300.0,0.0,0.0,0.0,10891.0,990.0,22.0,8.185856e+07,9.416704e+08,2467.73,21.0,222706.0,0.0,222706.0,222706.0,2.0,0.0,0.0
2026-03-31 00:51:11,458,7.134525e+06,651752.0,14300.0,0.0,0.0,0.0,10896.0,990.0,22.0,8.185856e+07,9.416704e+08,2468.84,21.0,222805.0,0.0,222805.0,222805.0,2.0,0.0,0.0
2026-03-31 00:51:23,458,7.137923e+06,651752.0,14300.0,0.0,0.0,0.0,10901.0,990.0,22.0,8.185856e+07,9.416704e+08,2469.9900000000002,21.0,222904.0,0.0,222904.0,222904.0,2.0,0.0,0.0
2026-03-31 00:51:35,459,7.140653e+06,652449.0,14300.0,0.0,0.0,0.0,10905.0,991.0,22.0,8.185856e+07,9.416704e+08,2471.1000000000004,21.0,223003.0,0.0,223003.0,223003.0,2.0,0.0,0.0
2026-03-31 00:51:48,459,7.144051e+06,652449.0,14300.0,0.0,0.0,0.0,10910.0,991.0,22.0,8.185856e+07,9.416704e+08,2472.21,21.0,223100.0,0.0,223100.0,223100.0,2.0,0.0,0.0
2026-03-31 00:52:00,459,7.146781e+06,653146.0,14300.0,0.0,0.0,0.0,10914.0,992.0,22.0,8.185856e+07,9.416704e+08,2473.32,21.0,223198.0,0.0,223198.0,223198.0,2.0,0.0,0.0
2026-03-31 00:52:12,459,7.150179e+06,653146.0,14300.0,0.0,0.0,0.0,10919.0,992.0,22.0,8.185856e+07,9.416704e+08,2474.39,21.0,223297.0,0.0,223297.0,223297.0,2.0,0.0,0.0
2026-03-31 00:52:24,459,7.152909e+06,653843.0,14300.0,0.0,0.0,0.0,10923.0,993.0,22.0,8.185856e+07,9.416704e+08,2475.46,23.0,223397.0,0.0,223396.0,223396.0,2.0,0.0,0.0
2026-03-31 00:52:37,460,7.156307e+06,653843.0,14300.0,0.0,0.0,0.0,10928.0,993.0,22.0,8.185856e+07,9.416704e+08,2476.69,21.0,223498.0,0.0,223498.0,223498.0,2.0,0.0,0.0
2026-03-31 00:52:49,460,7.159734e+06,653843.0,14300.0,0.0,0.0,0.0,10933.0,993.0,22.0,8.185856e+07,9.416704e+08,2477.8599999999997,21.0,223599.0,0.0,223599.0,223599.0,2.0,0.0,0.0
2026-03-31 00:53:02,460,7.163062e+06,654508.0,14300.0,0.0,0.0,0.0,10938.0,994.0,22.0,8.185856e+07,9.416704e+08,2479.0200000000004,21.0,223700.0,0.0,223700.0,223700.0,2.0,0.0,0.0
2026-03-31 00:53:14,460,7.166489e+06,654508.0,14300.0,0.0,0.0,0.0,10943.0,994.0,22.0,8.185856e+07,9.416704e+08,2480.11,21.0,223799.0,0.0,223799.0,223799.0,2.0,0.0,0.0
2026-03-31 00:53:26,461,7.169219e+06,655176.0,14300.0,0.0,0.0,0.0,10947.0,995.0,22.0,8.185856e+07,9.416704e+08,2481.2200000000003,21.0,223899.0,0.0,223899.0,223899.0,2.0,0.0,0.0
2026-03-31 00:53:39,461,7.172506e+06,655176.0,14300.0,0.0,0.0,0.0,10952.0,995.0,22.0,8.185856e+07,9.416704e+08,2482.4,21.0,224002.0,0.0,224002.0,224002.0,2.0,0.0,0.0
2026-03-31 00:53:51,461,7.175802e+06,655873.0,14300.0,0.0,0.0,0.0,10957.0,996.0,22.0,8.185856e+07,9.416704e+08,2483.52,21.0,224101.0,0.0,224101.0,224101.0,2.0,0.0,0.0
2026-03-31 00:54:03,461,7.179229e+06,655873.0,14300.0,0.0,0.0,0.0,10962.0,996.0,22.0,8.185856e+07,9.416704e+08,2484.62,21.0,224200.0,0.0,224200.0,224200.0,2.0,0.0,0.0
2026-03-31 00:54:15,461,7.182627e+06,655873.0,14300.0,0.0,0.0,0.0,10967.0,996.0,22.0,8.185856e+07,9.416704e+08,2485.77,21.0,224299.0,0.0,224299.0,224299.0,2.0,0.0,0.0
2026-03-31 00:54:28,462,7.185357e+06,656570.0,14300.0,0.0,0.0,0.0,10971.0,997.0,22.0,8.185856e+07,9.416704e+08,2486.98,21.0,224398.0,0.0,224398.0,224398.0,2.0,0.0,0.0
2026-03-31 00:54:41,462,7.188755e+06,656570.0,14300.0,0.0,0.0,0.0,10976.0,997.0,22.0,8.185856e+07,9.416704e+08,2488.1400000000003,21.0,224501.0,0.0,224501.0,224501.0,2.0,0.0,0.0
2026-03-31 00:54:53,462,7.191485e+06,657267.0,14300.0,0.0,0.0,0.0,10980.0,998.0,22.0,8.185856e+07,9.416704e+08,2489.25,23.0,224601.0,0.0,224600.0,224600.0,2.0,0.0,0.0
2026-03-31 00:55:05,462,7.195373e+06,657267.0,14300.0,0.0,0.0,0.0,10986.0,998.0,22.0,8.185856e+07,9.416704e+08,2490.38,23.0,224701.0,0.0,224700.0,224700.0,2.0,0.0,0.0
2026-03-31 00:55:18,462,7.198132e+06,657935.0,14300.0,0.0,0.0,0.0,10990.0,999.0,22.0,8.185856e+07,9.416704e+08,2491.5099999999998,21.0,224801.0,0.0,224801.0,224801.0,2.0,0.0,0.0
2026-03-31 00:55:30,463,7.20153e+06,657935.0,14300.0,0.0,0.0,0.0,10995.0,999.0,22.0,8.185856e+07,9.416704e+08,2492.63,21.0,224901.0,0.0,224901.0,224901.0,2.0,0.0,0.0
2026-03-31 00:55:42,463,7.204957e+06,657935.0,14300.0,0.0,0.0,0.0,11000.0,999.0,22.0,8.185856e+07,9.416704e+08,2493.74,21.0,225000.0,0.0,225000.0,225000.0,2.0,0.0,0.0
2026-03-31 00:55:55,463,7.207687e+06,658603.0,14300.0,0.0,0.0,0.0,11004.0,1000.0,22.0,8.185856e+07,9.416704e+08,2494.84,21.0,225099.0,0.0,225099.0,225099.0,2.0,0.0,0.0
2026-03-31 00:56:07,463,7.211114e+06,658603.0,14300.0,0.0,0.0,0.0,11009.0,1000.0,22.0,8.185856e+07,9.416704e+08,2495.9500000000003,21.0,225197.0,0.0,225197.0,225197.0,2.0,0.0,0.0
2026-03-31 00:56:19,463,7.213844e+06,659271.0,14300.0,0.0,0.0,0.0,11013.0,1001.0,22.0,8.185856e+07,9.416704e+08,2496.9599999999996,21.0,225293.0,0.0,225293.0,225293.0,2.0,0.0,0.0
2026-03-31 00:56:31,464,7.217271e+06,659271.0,14300.0,0.0,0.0,0.0,11018.0,1001.0,22.0,8.185856e+07,9.416704e+08,2498.14,23.0,225394.0,0.0,225393.0,225393.0,2.0,0.0,0.0
2026-03-31 00:56:44,464,7.220427e+06,659968.0,14300.0,0.0,0.0,0.0,11023.0,1002.0,22.0,8.185856e+07,9.416704e+08,2499.35,23.0,225495.0,0.0,225494.0,225494.0,2.0,0.0,0.0
2026-03-31 00:56:56,464,7.223854e+06,659968.0,14300.0,0.0,0.0,0.0,11028.0,1002.0,22.0,8.185856e+07,9.416704e+08,2500.4399999999996,21.0,225594.0,0.0,225594.0,225594.0,2.0,0.0,0.0
2026-03-31 00:57:08,464,7.227252e+06,659968.0,14300.0,0.0,0.0,0.0,11033.0,1002.0,22.0,8.185856e+07,9.416704e+08,2501.52,21.0,225693.0,0.0,225693.0,225693.0,2.0,0.0,0.0
2026-03-31 00:57:21,464,7.229982e+06,660665.0,14300.0,0.0,0.0,0.0,11037.0,1003.0,22.0,8.185856e+07,9.416704e+08,2502.64,21.0,225792.0,0.0,225792.0,225792.0,2.0,0.0,0.0
2026-03-31 00:57:33,465,7.23338e+06,660665.0,14300.0,0.0,0.0,0.0,11042.0,1003.0,22.0,8.185856e+07,9.416704e+08,2503.8,21.0,225892.0,0.0,225892.0,225892.0,2.0,0.0,0.0
2026-03-31 00:57:45,465,7.23611e+06,661362.0,14300.0,0.0,0.0,0.0,11046.0,1004.0,22.0,8.185856e+07,9.416704e+08,2504.91,23.0,225992.0,0.0,225991.0,225991.0,2.0,0.0,0.0
2026-03-31 00:57:58,465,7.239963e+06,661362.0,14300.0,0.0,0.0,0.0,11052.0,1004.0,22.0,8.185856e+07,9.416704e+08,2506.0,21.0,226091.0,0.0,226091.0,226091.0,2.0,0.0,0.0
2026-03-31 00:58:10,465,7.242722e+06,662030.0,14300.0,0.0,0.0,0.0,11056.0,1005.0,22.0,8.185856e+07,9.416704e+08,2507.12,22.0,226189.0,0.0,226188.0,226188.0,2.0,0.0,0.0
2026-03-31 00:58:22,465,7.24612e+06,662030.0,14300.0,0.0,0.0,0.0,11061.0,1005.0,22.0,8.185856e+07,9.416704e+08,2508.2599999999998,21.0,226289.0,0.0,226289.0,226289.0,2.0,0.0,0.0
2026-03-31 00:58:34,466,7.249547e+06,662030.0,14300.0,0.0,0.0,0.0,11066.0,1005.0,22.0,8.185856e+07,9.416704e+08,2509.3999999999996,21.0,226389.0,0.0,226389.0,226389.0,2.0,0.0,0.0
2026-03-31 00:58:47,466,7.252277e+06,662698.0,14300.0,0.0,0.0,0.0,11070.0,1006.0,22.0,8.185856e+07,9.416704e+08,2510.55,23.0,226490.0,0.0,226489.0,226489.0,2.0,0.0,0.0
2026-03-31 00:58:59,466,7.255704e+06,662698.0,14300.0,0.0,0.0,0.0,11075.0,1006.0,22.0,8.185856e+07,9.416704e+08,2511.6600000000003,21.0,226587.0,0.0,226587.0,226587.0,2.0,0.0,0.0
2026-03-31 00:59:11,466,7.258434e+06,663366.0,14300.0,0.0,0.0,0.0,11079.0,1007.0,22.0,8.185856e+07,9.416704e+08,2512.76,21.0,226688.0,0.0,226688.0,226688.0,2.0,0.0,0.0
2026-03-31 00:59:24,466,7.261861e+06,663366.0,14300.0,0.0,0.0,0.0,11084.0,1007.0,22.0,8.185856e+07,9.416704e+08,2513.9100000000003,21.0,226789.0,0.0,226789.0,226789.0,2.0,0.0,0.0
2026-03-31 00:59:36,467,7.265192e+06,664063.0,14300.0,0.0,0.0,0.0,11089.0,1008.0,22.0,8.185856e+07,9.416704e+08,2515.04,23.0,226890.0,0.0,226889.0,226889.0,2.0,0.0,0.0
2026-03-31 00:59:48,467,7.268619e+06,664063.0,14300.0,0.0,0.0,0.0,11094.0,1008.0,22.0,8.185856e+07,9.416704e+08,2516.15,21.0,226989.0,0.0,226989.0,226989.0,2.0,0.0,0.0
2026-03-31 01:00:01,467,7.272017e+06,664063.0,14300.0,0.0,0.0,0.0,11099.0,1008.0,22.0,8.185856e+07,9.416704e+08,2517.27,21.0,227087.0,0.0,227087.0,227087.0,2.0,0.0,0.0
2026-03-31 01:00:13,467,7.274747e+06,664760.0,14300.0,0.0,0.0,0.0,11103.0,1009.0,22.0,8.185856e+07,9.416704e+08,2518.38,21.0,227186.0,0.0,227186.0,227186.0,2.0,0.0,0.0
2026-03-31 01:00:25,468,7.278145e+06,664760.0,14300.0,0.0,0.0,0.0,11108.0,1009.0,22.0,8.185856e+07,9.416704e+08,2519.52,21.0,227285.0,0.0,227285.0,227285.0,2.0,0.0,0.0
2026-03-31 01:00:37,468,7.280875e+06,665457.0,14300.0,0.0,0.0,0.0,11112.0,1010.0,22.0,8.185856e+07,9.416704e+08,2520.68,21.0,227384.0,0.0,227384.0,227384.0,2.0,0.0,0.0
2026-03-31 01:00:50,468,7.284273e+06,665457.0,14300.0,0.0,0.0,0.0,11117.0,1010.0,22.0,8.185856e+07,9.416704e+08,2521.91,21.0,227485.0,0.0,227485.0,227485.0,2.0,0.0,0.0
2026-03-31 01:01:02,468,7.287003e+06,666154.0,14300.0,0.0,0.0,0.0,11121.0,1011.0,22.0,8.185856e+07,9.416704e+08,2523.07,21.0,227586.0,0.0,227586.0,227586.0,2.0,0.0,0.0
2026-03-31 01:01:15,468,7.290961e+06,666154.0,14300.0,0.0,0.0,0.0,11127.0,1011.0,22.0,8.185856e+07,9.416704e+08,2524.2200000000003,21.0,227686.0,0.0,227686.0,227686.0,2.0,0.0,0.0
2026-03-31 01:01:27,469,7.294388e+06,666154.0,14300.0,0.0,0.0,0.0,11132.0,1011.0,22.0,8.185856e+07,9.416704e+08,2525.3199999999997,21.0,227786.0,0.0,227786.0,227786.0,2.0,0.0,0.0
2026-03-31 01:01:39,469,7.296558e+06,666822.0,14997.0,0.0,0.0,0.0,11136.0,1012.0,23.0,8.185856e+07,9.416704e+08,2526.5099999999998,21.0,227886.0,0.0,227886.0,227886.0,2.0,0.0,0.0
2026-03-31 01:01:52,469,7.300128e+06,666822.0,14997.0,0.0,0.0,0.0,11142.0,1012.0,23.0,8.185856e+07,9.416704e+08,2527.71,21.0,227988.0,0.0,227988.0,227988.0,2.0,0.0,0.0
2026-03-31 01:02:04,469,7.303103e+06,667417.0,14997.0,0.0,0.0,0.0,11147.0,1013.0,23.0,8.185856e+07,9.416704e+08,2528.87,21.0,228089.0,0.0,228089.0,228089.0,2.0,0.0,0.0
2026-03-31 01:02:16,469,7.306673e+06,667417.0,14997.0,0.0,0.0,0.0,11153.0,1013.0,23.0,8.185856e+07,9.416704e+08,2529.93,23.0,228188.0,0.0,228187.0,228187.0,2.0,0.0,0.0
2026-03-31 01:02:28,470,7.309053e+06,668012.0,14997.0,0.0,0.0,0.0,11157.0,1014.0,23.0,8.185856e+07,9.416704e+08,2531.07,21.0,228286.0,0.0,228286.0,228286.0,2.0,0.0,0.0
2026-03-31 01:02:41,470,7.312833e+06,668012.0,14997.0,0.0,0.0,0.0,11163.0,1014.0,23.0,8.185856e+07,9.416704e+08,2532.2400000000002,21.0,228388.0,0.0,228388.0,228388.0,2.0,0.0,0.0
2026-03-31 01:02:53,470,7.315493e+06,668677.0,14997.0,0.0,0.0,0.0,11167.0,1015.0,23.0,8.185856e+07,9.416704e+08,2533.4100000000003,22.0,228488.0,0.0,228487.0,228487.0,2.0,0.0,0.0
2026-03-31 01:03:05,470,7.318818e+06,668677.0,14997.0,0.0,0.0,0.0,11172.0,1015.0,23.0,8.185856e+07,9.416704e+08,2534.53,21.0,228587.0,0.0,228587.0,228587.0,2.0,0.0,0.0
2026-03-31 01:03:18,470,7.322038e+06,669342.0,14997.0,0.0,0.0,0.0,11177.0,1016.0,23.0,8.185856e+07,9.416704e+08,2535.7599999999998,21.0,228689.0,0.0,228689.0,228689.0,2.0,0.0,0.0
2026-03-31 01:03:30,471,7.325363e+06,669342.0,14997.0,0.0,0.0,0.0,11182.0,1016.0,23.0,8.185856e+07,9.416704e+08,2536.83,21.0,228789.0,0.0,228789.0,228789.0,2.0,0.0,0.0
2026-03-31 01:03:43,471,7.328688e+06,669972.0,14997.0,0.0,0.0,0.0,11187.0,1017.0,23.0,8.185856e+07,9.416704e+08,2538.0,23.0,228890.0,0.0,228889.0,228889.0,2.0,0.0,0.0
2026-03-31 01:03:55,471,7.332013e+06,669972.0,14997.0,0.0,0.0,0.0,11192.0,1017.0,23.0,8.185856e+07,9.416704e+08,2539.18,21.0,228990.0,0.0,228990.0,228990.0,2.0,0.0,0.0
2026-03-31 01:04:08,471,7.335338e+06,669972.0,14997.0,0.0,0.0,0.0,11197.0,1017.0,23.0,8.185856e+07,9.416704e+08,2540.33,21.0,229090.0,0.0,229090.0,229090.0,2.0,0.0,0.0
2026-03-31 01:04:20,471,7.337998e+06,670637.0,14997.0,0.0,0.0,0.0,11201.0,1018.0,23.0,8.185856e+07,9.416704e+08,2541.49,21.0,229189.0,0.0,229189.0,229189.0,2.0,0.0,0.0
2026-03-31 01:04:32,472,7.341323e+06,670637.0,14997.0,0.0,0.0,0.0,11206.0,1018.0,23.0,8.185856e+07,9.416704e+08,2542.5699999999997,21.0,229287.0,0.0,229287.0,229287.0,2.0,0.0,0.0
2026-03-31 01:04:44,472,7.344578e+06,671302.0,14997.0,0.0,0.0,0.0,11211.0,1019.0,23.0,8.185856e+07,9.416704e+08,2543.68,23.0,229386.0,0.0,229385.0,229385.0,2.0,0.0,0.0
2026-03-31 01:04:57,472,7.347903e+06,671302.0,14997.0,0.0,0.0,0.0,11216.0,1019.0,23.0,8.185856e+07,9.416704e+08,2544.88,21.0,229486.0,0.0,229486.0,229486.0,2.0,0.0,0.0
2026-03-31 01:05:09,472,7.350563e+06,671967.0,14997.0,0.0,0.0,0.0,11220.0,1020.0,23.0,8.185856e+07,9.416704e+08,2546.04,22.0,229586.0,0.0,229585.0,229585.0,2.0,0.0,0.0
2026-03-31 01:05:21,472,7.354378e+06,671967.0,14997.0,0.0,0.0,0.0,11226.0,1020.0,23.0,8.185856e+07,9.416704e+08,2547.0899999999997,21.0,229685.0,0.0,229685.0,229685.0,2.0,0.0,0.0
2026-03-31 01:05:34,473,7.357703e+06,671967.0,14997.0,0.0,0.0,0.0,11231.0,1020.0,23.0,8.185856e+07,9.416704e+08,2548.23,21.0,229786.0,0.0,229786.0,229786.0,2.0,0.0,0.0
2026-03-31 01:05:46,473,7.360433e+06,672632.0,14997.0,0.0,0.0,0.0,11235.0,1021.0,23.0,8.185856e+07,9.416704e+08,2549.3399999999997,23.0,229886.0,0.0,229885.0,229885.0,2.0,0.0,0.0
2026-03-31 01:05:58,473,7.364286e+06,672632.0,14997.0,0.0,0.0,0.0,11241.0,1021.0,23.0,8.185856e+07,9.416704e+08,2550.46,21.0,229986.0,0.0,229986.0,229986.0,2.0,0.0,0.0
2026-03-31 01:06:11,473,7.367045e+06,673300.0,14997.0,0.0,0.0,0.0,11245.0,1022.0,23.0,8.185856e+07,9.416704e+08,2551.53,21.0,230085.0,0.0,230085.0,230085.0,2.0,0.0,0.0
2026-03-31 01:06:23,473,7.370443e+06,673300.0,14997.0,0.0,0.0,0.0,11250.0,1022.0,23.0,8.185856e+07,9.416704e+08,2552.61,21.0,230184.0,0.0,230184.0,230184.0,2.0,0.0,0.0
2026-03-31 01:06:36,474,7.373202e+06,673968.0,14997.0,0.0,0.0,0.0,11254.0,1023.0,23.0,8.185856e+07,9.416704e+08,2553.71,21.0,230285.0,0.0,230285.0,230285.0,2.0,0.0,0.0
2026-03-31 01:06:48,474,7.3766e+06,673968.0,14997.0,0.0,0.0,0.0,11259.0,1023.0,23.0,8.185856e+07,9.416704e+08,2554.8199999999997,23.0,230388.0,0.0,230387.0,230387.0,2.0,0.0,0.0
2026-03-31 01:07:01,474,7.379852e+06,673968.0,14997.0,0.0,0.0,0.0,11264.0,1023.0,23.0,8.185856e+07,9.416704e+08,2555.94,21.0,230484.0,0.0,230484.0,230484.0,2.0,0.0,0.0
2026-03-31 01:07:13,474,7.383247e+06,674601.0,14997.0,0.0,0.0,0.0,11269.0,1024.0,23.0,8.185856e+07,9.416704e+08,2557.12,22.0,230585.0,0.0,230584.0,230584.0,2.0,0.0,0.0
2026-03-31 01:07:25,475,7.386674e+06,674601.0,14997.0,0.0,0.0,0.0,11274.0,1024.0,23.0,8.185856e+07,9.416704e+08,2558.27,21.0,230685.0,0.0,230685.0,230685.0,2.0,0.0,0.0
2026-03-31 01:07:37,475,7.389375e+06,675298.0,14997.0,0.0,0.0,0.0,11278.0,1025.0,23.0,8.185856e+07,9.416704e+08,2559.39,21.0,230783.0,0.0,230783.0,230783.0,2.0,0.0,0.0
2026-03-31 01:07:50,475,7.392802e+06,675298.0,14997.0,0.0,0.0,0.0,11283.0,1025.0,23.0,8.185856e+07,9.416704e+08,2560.52,21.0,230884.0,0.0,230884.0,230884.0,2.0,0.0,0.0
2026-03-31 01:08:02,475,7.395503e+06,675995.0,14997.0,0.0,0.0,0.0,11287.0,1026.0,23.0,8.185856e+07,9.416704e+08,2561.62,23.0,230984.0,0.0,230983.0,230983.0,2.0,0.0,0.0
2026-03-31 01:08:15,475,7.399353e+06,675995.0,14997.0,0.0,0.0,0.0,11293.0,1026.0,23.0,8.185856e+07,9.416704e+08,2562.71,21.0,231082.0,0.0,231082.0,231082.0,2.0,0.0,0.0
2026-03-31 01:08:27,476,7.402083e+06,676692.0,14997.0,0.0,0.0,0.0,11297.0,1027.0,23.0,8.185856e+07,9.416704e+08,2563.81,21.0,231182.0,0.0,231182.0,231182.0,2.0,0.0,0.0
2026-03-31 01:08:39,476,7.405446e+06,676692.0,14997.0,0.0,0.0,0.0,11302.0,1027.0,23.0,8.185856e+07,9.416704e+08,2564.94,21.0,231281.0,0.0,231281.0,231281.0,2.0,0.0,0.0
2026-03-31 01:08:52,476,7.408841e+06,676692.0,14997.0,0.0,0.0,0.0,11307.0,1027.0,23.0,8.185856e+07,9.416704e+08,2566.07,21.0,231379.0,0.0,231379.0,231379.0,2.0,0.0,0.0
2026-03-31 01:09:04,476,7.4116e+06,677360.0,14997.0,0.0,0.0,0.0,11311.0,1028.0,23.0,8.185856e+07,9.416704e+08,2567.13,22.0,231479.0,0.0,231478.0,231478.0,2.0,0.0,0.0
2026-03-31 01:09:16,476,7.414998e+06,677360.0,14997.0,0.0,0.0,0.0,11316.0,1028.0,23.0,8.185856e+07,9.416704e+08,2568.25,21.0,231578.0,0.0,231578.0,231578.0,2.0,0.0,0.0
2026-03-31 01:09:29,477,7.417757e+06,678028.0,14997.0,0.0,0.0,0.0,11320.0,1029.0,23.0,8.185856e+07,9.416704e+08,2569.39,21.0,231678.0,0.0,231678.0,231678.0,2.0,0.0,0.0
2026-03-31 01:09:41,477,7.421155e+06,678028.0,14997.0,0.0,0.0,0.0,11325.0,1029.0,23.0,8.185856e+07,9.416704e+08,2570.48,21.0,231778.0,0.0,231778.0,231778.0,2.0,0.0,0.0
2026-03-31 01:09:53,477,7.424442e+06,678696.0,14997.0,0.0,0.0,0.0,11330.0,1030.0,23.0,8.185856e+07,9.416704e+08,2571.64,21.0,231877.0,0.0,231877.0,231877.0,2.0,0.0,0.0
2026-03-31 01:10:06,477,7.427869e+06,678696.0,14997.0,0.0,0.0,0.0,11335.0,1030.0,23.0,8.185856e+07,9.416704e+08,2572.73,21.0,231976.0,0.0,231976.0,231976.0,2.0,0.0,0.0
2026-03-31 01:10:18,477,7.431267e+06,678696.0,14997.0,0.0,0.0,0.0,11340.0,1030.0,23.0,8.185856e+07,9.416704e+08,2573.84,22.0,232077.0,0.0,232076.0,232076.0,2.0,0.0,0.0
2026-03-31 01:10:30,478,7.434026e+06,679364.0,14997.0,0.0,0.0,0.0,11344.0,1031.0,23.0,8.185856e+07,9.416704e+08,2574.89,21.0,232176.0,0.0,232176.0,232176.0,2.0,0.0,0.0
2026-03-31 01:10:43,478,7.437424e+06,679364.0,14997.0,0.0,0.0,0.0,11349.0,1031.0,23.0,8.185856e+07,9.416704e+08,2576.03,23.0,232276.0,0.0,232275.0,232275.0,2.0,0.0,0.0
2026-03-31 01:10:55,478,7.440183e+06,680032.0,14997.0,0.0,0.0,0.0,11353.0,1032.0,23.0,8.185856e+07,9.416704e+08,2577.21,21.0,232377.0,0.0,232377.0,232377.0,2.0,0.0,0.0
2026-03-31 01:11:07,478,7.443581e+06,680032.0,14997.0,0.0,0.0,0.0,11358.0,1032.0,23.0,8.185856e+07,9.416704e+08,2578.2599999999998,21.0,232475.0,0.0,232475.0,232475.0,2.0,0.0,0.0
2026-03-31 01:11:19,478,7.447008e+06,680032.0,14997.0,0.0,0.0,0.0,11363.0,1032.0,23.0,8.185856e+07,9.416704e+08,2579.39,22.0,232575.0,0.0,232574.0,232574.0,2.0,0.0,0.0
2026-03-31 01:11:32,479,7.450406e+06,680627.0,14997.0,0.0,0.0,0.0,11368.0,1033.0,23.0,8.185856e+07,9.416704e+08,2580.5099999999998,23.0,232674.0,0.0,232673.0,232673.0,2.0,0.0,0.0
2026-03-31 01:11:44,479,7.453833e+06,680627.0,14997.0,0.0,0.0,0.0,11373.0,1033.0,23.0,8.185856e+07,9.416704e+08,2581.6000000000004,22.0,232773.0,0.0,232772.0,232772.0,2.0,0.0,0.0
2026-03-31 01:11:56,479,7.456534e+06,681324.0,14997.0,0.0,0.0,0.0,11377.0,1034.0,23.0,8.185856e+07,9.416704e+08,2582.7200000000003,23.0,232872.0,0.0,232871.0,232871.0,2.0,0.0,0.0
2026-03-31 01:12:09,479,7.459961e+06,681324.0,14997.0,0.0,0.0,0.0,11382.0,1034.0,23.0,8.185856e+07,9.416704e+08,2583.83,21.0,232970.0,0.0,232970.0,232970.0,2.0,0.0,0.0
2026-03-31 01:12:21,479,7.462662e+06,682021.0,14997.0,0.0,0.0,0.0,11386.0,1035.0,23.0,8.185856e+07,9.416704e+08,2585.0200000000004,21.0,233071.0,0.0,233071.0,233071.0,2.0,0.0,0.0
2026-03-31 01:12:33,480,7.466089e+06,682021.0,14997.0,0.0,0.0,0.0,11391.0,1035.0,23.0,8.185856e+07,9.416704e+08,2586.2000000000003,21.0,233172.0,0.0,233172.0,233172.0,2.0,0.0,0.0
2026-03-31 01:12:46,480,7.469452e+06,682021.0,14997.0,0.0,0.0,0.0,11396.0,1035.0,23.0,8.185856e+07,9.416704e+08,2587.2400000000002,21.0,233270.0,0.0,233270.0,233270.0,2.0,0.0,0.0
2026-03-31 01:12:58,480,7.472182e+06,682718.0,14997.0,0.0,0.0,0.0,11400.0,1036.0,23.0,8.185856e+07,9.416704e+08,2588.34,21.0,233368.0,0.0,233368.0,233368.0,2.0,0.0,0.0
2026-03-31 01:13:10,480,7.47558e+06,682718.0,14997.0,0.0,0.0,0.0,11405.0,1036.0,23.0,8.185856e+07,9.416704e+08,2589.44,21.0,233467.0,0.0,233467.0,233467.0,2.0,0.0,0.0
2026-03-31 01:13:22,480,7.478838e+06,683415.0,14997.0,0.0,0.0,0.0,11410.0,1037.0,23.0,8.185856e+07,9.416704e+08,2590.6400000000003,21.0,233568.0,0.0,233568.0,233568.0,2.0,0.0,0.0
2026-03-31 01:13:35,481,7.482265e+06,683415.0,14997.0,0.0,0.0,0.0,11415.0,1037.0,23.0,8.185856e+07,9.416704e+08,2591.83,22.0,233669.0,0.0,233669.0,233669.0,2.0,0.0,0.0
2026-03-31 01:13:47,481,7.484966e+06,684112.0,14997.0,0.0,0.0,0.0,11419.0,1038.0,23.0,8.185856e+07,9.416704e+08,2592.96,21.0,233769.0,0.0,233769.0,233769.0,2.0,0.0,0.0
2026-03-31 01:14:00,481,7.488393e+06,684112.0,14997.0,0.0,0.0,0.0,11424.0,1038.0,23.0,8.185856e+07,9.416704e+08,2594.04,21.0,233868.0,0.0,233868.0,233868.0,2.0,0.0,0.0
2026-03-31 01:14:12,481,7.491791e+06,684112.0,14997.0,0.0,0.0,0.0,11429.0,1038.0,23.0,8.185856e+07,9.416704e+08,2595.23,21.0,233969.0,0.0,233969.0,233969.0,2.0,0.0,0.0
2026-03-31 01:14:24,481,7.494521e+06,684809.0,14997.0,0.0,0.0,0.0,11433.0,1039.0,23.0,8.185856e+07,9.416704e+08,2596.4199999999996,21.0,234070.0,0.0,234070.0,234070.0,2.0,0.0,0.0
2026-03-31 01:14:37,482,7.498549e+06,684809.0,14997.0,0.0,0.0,0.0,11439.0,1039.0,23.0,8.185856e+07,9.416704e+08,2597.57,21.0,234170.0,0.0,234170.0,234170.0,2.0,0.0,0.0
2026-03-31 01:14:49,482,7.501308e+06,685477.0,14997.0,0.0,0.0,0.0,11443.0,1040.0,23.0,8.185856e+07,9.416704e+08,2598.6800000000003,23.0,234270.0,0.0,234269.0,234269.0,2.0,0.0,0.0
2026-03-31 01:15:02,482,7.504706e+06,685477.0,14997.0,0.0,0.0,0.0,11448.0,1040.0,23.0,8.185856e+07,9.416704e+08,2599.7099999999996,21.0,234368.0,0.0,234368.0,234368.0,2.0,0.0,0.0
2026-03-31 01:15:14,482,7.505403e+06,685477.0,14997.0,0.0,0.0,0.0,11449.0,1040.0,23.0,8.185856e+07,9.416704e+08,2599.8999999999996,21.0,234386.0,0.0,234386.0,234386.0,2.0,0.0,0.0
2026-03-31 01:15:26,483,7.508133e+06,686145.0,14997.0,0.0,0.0,0.0,11453.0,1041.0,23.0,8.185856e+07,9.416704e+08,2601.0,21.0,234486.0,0.0,234486.0,234486.0,2.0,0.0,0.0
2026-03-31 01:15:39,483,7.51156e+06,686145.0,14997.0,0.0,0.0,0.0,11458.0,1041.0,23.0,8.185856e+07,9.416704e+08,2602.0899999999997,21.0,234585.0,0.0,234585.0,234585.0,2.0,0.0,0.0
2026-03-31 01:15:51,483,7.51429e+06,686813.0,14997.0,0.0,0.0,0.0,11462.0,1042.0,23.0,8.185856e+07,9.416704e+08,2603.1499999999996,21.0,234684.0,0.0,234684.0,234684.0,2.0,0.0,0.0
2026-03-31 01:16:03,483,7.517717e+06,686813.0,14997.0,0.0,0.0,0.0,11467.0,1042.0,23.0,8.1989632e+07,9.416704e+08,2604.25,22.0,234782.0,0.0,234781.0,234781.0,2.0,0.0,0.0
2026-03-31 01:16:15,483,7.521115e+06,686813.0,14997.0,0.0,0.0,0.0,11472.0,1042.0,23.0,8.1989632e+07,9.416704e+08,2605.41,23.0,234881.0,0.0,234880.0,234880.0,2.0,0.0,0.0
2026-03-31 01:16:28,484,7.524262e+06,687481.0,14997.0,0.0,0.0,0.0,11477.0,1043.0,23.0,8.1989632e+07,9.416704e+08,2606.47,23.0,234979.0,0.0,234978.0,234978.0,2.0,0.0,0.0
2026-03-31 01:16:40,484,7.527689e+06,687481.0,14997.0,0.0,0.0,0.0,11482.0,1043.0,23.0,8.1989632e+07,9.416704e+08,2607.58,21.0,235078.0,0.0,235078.0,235078.0,2.0,0.0,0.0
2026-03-31 01:16:53,484,7.530419e+06,688149.0,14997.0,0.0,0.0,0.0,11486.0,1044.0,23.0,8.1989632e+07,9.416704e+08,2608.6699999999996,21.0,235177.0,0.0,235177.0,235177.0,2.0,0.0,0.0
2026-03-31 01:17:05,484,7.533846e+06,688149.0,14997.0,0.0,0.0,0.0,11491.0,1044.0,23.0,8.1989632e+07,9.416704e+08,2609.78,21.0,235275.0,0.0,235275.0,235275.0,2.0,0.0,0.0
2026-03-31 01:17:17,484,7.536576e+06,688817.0,14997.0,0.0,0.0,0.0,11495.0,1045.0,23.0,8.1989632e+07,9.416704e+08,2610.84,21.0,235374.0,0.0,235374.0,235374.0,2.0,0.0,0.0
2026-03-31 01:17:29,485,7.540003e+06,688817.0,14997.0,0.0,0.0,0.0,11500.0,1045.0,23.0,8.1989632e+07,9.416704e+08,2611.93,23.0,235475.0,0.0,235474.0,235474.0,2.0,0.0,0.0
2026-03-31 01:17:42,485,7.543401e+06,688817.0,14997.0,0.0,0.0,0.0,11505.0,1045.0,23.0,8.1989632e+07,9.416704e+08,2613.0,21.0,235572.0,0.0,235572.0,235572.0,2.0,0.0,0.0
2026-03-31 01:17:54,485,7.546131e+06,689307.0,14997.0,0.0,0.0,0.0,11509.0,1046.0,23.0,8.1989632e+07,9.416704e+08,2614.15,21.0,235671.0,0.0,235671.0,235671.0,2.0,0.0,0.0
2026-03-31 01:18:06,485,7.550086e+06,689307.0,14997.0,0.0,0.0,0.0,11515.0,1046.0,23.0,8.1989632e+07,9.416704e+08,2615.3,21.0,235772.0,0.0,235772.0,235772.0,2.0,0.0,0.0
2026-03-31 01:18:19,485,7.552816e+06,690004.0,14997.0,0.0,0.0,0.0,11519.0,1047.0,23.0,8.1989632e+07,9.416704e+08,2616.38,21.0,235869.0,0.0,235869.0,235869.0,2.0,0.0,0.0
2026-03-31 01:18:31,486,7.556214e+06,690004.0,14997.0,0.0,0.0,0.0,11524.0,1047.0,23.0,8.1989632e+07,9.416704e+08,2617.5699999999997,23.0,235972.0,0.0,235971.0,235971.0,2.0,0.0,0.0
2026-03-31 01:18:44,486,7.558944e+06,690701.0,14997.0,0.0,0.0,0.0,11528.0,1048.0,23.0,8.1989632e+07,9.416704e+08,2618.74,21.0,236073.0,0.0,236073.0,236073.0,2.0,0.0,0.0
2026-03-31 01:18:56,486,7.562342e+06,690701.0,14997.0,0.0,0.0,0.0,11533.0,1048.0,23.0,8.1989632e+07,9.416704e+08,2619.94,23.0,236175.0,0.0,236174.0,236174.0,2.0,0.0,0.0
2026-03-31 01:19:08,486,7.566332e+06,690701.0,14997.0,0.0,0.0,0.0,11539.0,1048.0,23.0,8.1989632e+07,9.416704e+08,2621.11,21.0,236273.0,0.0,236273.0,236273.0,2.0,0.0,0.0
2026-03-31 01:19:21,486,7.569062e+06,691398.0,14997.0,0.0,0.0,0.0,11543.0,1049.0,23.0,8.1989632e+07,9.416704e+08,2622.23,22.0,236375.0,0.0,236374.0,236374.0,2.0,0.0,0.0
2026-03-31 01:19:33,487,7.57246e+06,691398.0,14997.0,0.0,0.0,0.0,11548.0,1049.0,23.0,8.1989632e+07,9.416704e+08,2623.44,23.0,236475.0,0.0,236474.0,236474.0,2.0,0.0,0.0
2026-03-31 01:19:46,487,7.57519e+06,692095.0,14997.0,0.0,0.0,0.0,11552.0,1050.0,23.0,8.1989632e+07,9.416704e+08,2624.48,21.0,236574.0,0.0,236574.0,236574.0,2.0,0.0,0.0
2026-03-31 01:19:58,487,7.578585e+06,692095.0,14997.0,0.0,0.0,0.0,11557.0,1050.0,23.0,8.1989632e+07,9.416704e+08,2625.69,21.0,236677.0,0.0,236677.0,236677.0,2.0,0.0,0.0
2026-03-31 01:20:10,487,7.581315e+06,692763.0,14997.0,0.0,0.0,0.0,11561.0,1051.0,23.0,8.1989632e+07,9.416704e+08,2626.76,21.0,236776.0,0.0,236776.0,236776.0,2.0,0.0,0.0
2026-03-31 01:20:23,487,7.585305e+06,692763.0,14997.0,0.0,0.0,0.0,11567.0,1051.0,23.0,8.1989632e+07,9.416704e+08,2627.83,21.0,236875.0,0.0,236875.0,236875.0,2.0,0.0,0.0
2026-03-31 01:20:35,488,7.588732e+06,692763.0,14997.0,0.0,0.0,0.0,11572.0,1051.0,23.0,8.1989632e+07,9.416704e+08,2629.0,21.0,236976.0,0.0,236976.0,236976.0,2.0,0.0,0.0
2026-03-31 01:20:47,488,7.591462e+06,693431.0,14997.0,0.0,0.0,0.0,11576.0,1052.0,23.0,8.1989632e+07,9.416704e+08,2630.18,21.0,237078.0,0.0,237078.0,237078.0,2.0,0.0,0.0
2026-03-31 01:21:00,488,7.594889e+06,693431.0,14997.0,0.0,0.0,0.0,11581.0,1052.0,23.0,8.1989632e+07,9.416704e+08,2631.34,21.0,237178.0,0.0,237178.0,237178.0,2.0,0.0,0.0
2026-03-31 01:21:12,488,7.597619e+06,694099.0,14997.0,0.0,0.0,0.0,11585.0,1053.0,23.0,8.1989632e+07,9.416704e+08,2632.42,21.0,237277.0,0.0,237277.0,237277.0,2.0,0.0,0.0
2026-03-31 01:21:25,489,7.601046e+06,694099.0,14997.0,0.0,0.0,0.0,11590.0,1053.0,23.0,8.1989632e+07,9.416704e+08,2633.61,23.0,237377.0,0.0,237376.0,237376.0,2.0,0.0,0.0
2026-03-31 01:21:37,489,7.604307e+06,694796.0,14997.0,0.0,0.0,0.0,11595.0,1054.0,23.0,8.1989632e+07,9.416704e+08,2634.67,21.0,237475.0,0.0,237475.0,237475.0,2.0,0.0,0.0
2026-03-31 01:21:49,489,7.607632e+06,694796.0,14997.0,0.0,0.0,0.0,11600.0,1054.0,23.0,8.185856e+07,9.416704e+08,2635.88,21.0,237576.0,0.0,237576.0,237576.0,2.0,0.0,0.0
2026-03-31 01:22:02,489,7.611027e+06,694796.0,14997.0,0.0,0.0,0.0,11605.0,1054.0,23.0,8.185856e+07,9.416704e+08,2637.08,21.0,237678.0,0.0,237678.0,237678.0,2.0,0.0,0.0
2026-03-31 01:22:14,489,7.613757e+06,695493.0,14997.0,0.0,0.0,0.0,11609.0,1055.0,23.0,8.185856e+07,9.416704e+08,2638.24,21.0,237778.0,0.0,237778.0,237778.0,2.0,0.0,0.0
2026-03-31 01:22:26,490,7.617155e+06,695493.0,14997.0,0.0,0.0,0.0,11614.0,1055.0,23.0,8.185856e+07,9.416704e+08,2639.3900000000003,21.0,237879.0,0.0,237879.0,237879.0,2.0,0.0,0.0
2026-03-31 01:22:39,490,7.620483e+06,696190.0,14997.0,0.0,0.0,0.0,11619.0,1056.0,23.0,8.185856e+07,9.416704e+08,2640.5,23.0,237980.0,0.0,237979.0,237979.0,2.0,0.0,0.0
2026-03-31 01:22:51,490,7.62391e+06,696190.0,14997.0,0.0,0.0,0.0,11624.0,1056.0,23.0,8.185856e+07,9.416704e+08,2641.5600000000004,23.0,238079.0,0.0,238078.0,238078.0,2.0,0.0,0.0
2026-03-31 01:23:03,490,7.626611e+06,696887.0,14997.0,0.0,0.0,0.0,11628.0,1057.0,23.0,8.185856e+07,9.416704e+08,2642.6600000000003,21.0,238177.0,0.0,238177.0,238177.0,2.0,0.0,0.0
2026-03-31 01:23:16,490,7.630038e+06,696887.0,14997.0,0.0,0.0,0.0,11633.0,1057.0,23.0,8.185856e+07,9.416704e+08,2643.79,23.0,238278.0,0.0,238277.0,238277.0,2.0,0.0,0.0
2026-03-31 01:23:28,491,7.633436e+06,696887.0,14997.0,0.0,0.0,0.0,11638.0,1057.0,23.0,8.185856e+07,9.416704e+08,2644.96,22.0,238378.0,0.0,238377.0,238377.0,2.0,0.0,0.0
2026-03-31 01:23:40,491,7.636166e+06,697584.0,14997.0,0.0,0.0,0.0,11642.0,1058.0,23.0,8.185856e+07,9.416704e+08,2646.0499999999997,23.0,238475.0,0.0,238474.0,238474.0,2.0,0.0,0.0
2026-03-31 01:23:52,491,7.639564e+06,697584.0,14997.0,0.0,0.0,0.0,11647.0,1058.0,23.0,8.185856e+07,9.416704e+08,2647.1299999999997,21.0,238572.0,0.0,238572.0,238572.0,2.0,0.0,0.0
2026-03-31 01:24:04,491,7.641909e+06,698281.0,15665.0,0.0,0.0,0.0,11651.0,1059.0,24.0,8.185856e+07,9.416704e+08,2648.27,21.0,238672.0,0.0,238672.0,238672.0,2.0,0.0,0.0
2026-03-31 01:24:17,491,7.645476e+06,698281.0,15665.0,0.0,0.0,0.0,11657.0,1059.0,24.0,8.185856e+07,9.416704e+08,2649.4,21.0,238770.0,0.0,238770.0,238770.0,2.0,0.0,0.0
2026-03-31 01:24:29,492,7.647856e+06,698876.0,15665.0,0.0,0.0,0.0,11661.0,1060.0,24.0,8.185856e+07,9.416704e+08,2650.47,21.0,238866.0,0.0,238866.0,238866.0,2.0,0.0,0.0
2026-03-31 01:24:41,492,7.651426e+06,698876.0,15665.0,0.0,0.0,0.0,11667.0,1060.0,24.0,8.185856e+07,9.416704e+08,2651.55,21.0,238964.0,0.0,238964.0,238964.0,2.0,0.0,0.0
2026-03-31 01:24:53,492,7.654398e+06,699439.0,15665.0,0.0,0.0,0.0,11672.0,1061.0,24.0,8.185856e+07,9.416704e+08,2652.55,23.0,239063.0,0.0,239062.0,239062.0,2.0,0.0,0.0
2026-03-31 01:25:06,492,7.658038e+06,699439.0,15665.0,0.0,0.0,0.0,11678.0,1061.0,24.0,8.185856e+07,9.416704e+08,2653.6499999999996,21.0,239163.0,0.0,239163.0,239163.0,2.0,0.0,0.0
2026-03-31 01:25:18,492,7.660698e+06,700104.0,15665.0,0.0,0.0,0.0,11682.0,1062.0,24.0,8.185856e+07,9.416704e+08,2654.7000000000003,21.0,239260.0,0.0,239260.0,239260.0,2.0,0.0,0.0
2026-03-31 01:25:30,493,7.664023e+06,700104.0,15665.0,0.0,0.0,0.0,11687.0,1062.0,24.0,8.185856e+07,9.416704e+08,2655.81,21.0,239359.0,0.0,239359.0,239359.0,2.0,0.0,0.0
2026-03-31 01:25:43,493,7.667348e+06,700104.0,15665.0,0.0,0.0,0.0,11692.0,1062.0,24.0,8.185856e+07,9.416704e+08,2656.91,21.0,239460.0,0.0,239460.0,239460.0,2.0,0.0,0.0
2026-03-31 01:25:55,493,7.670673e+06,700769.0,15665.0,0.0,0.0,0.0,11697.0,1063.0,24.0,8.185856e+07,9.416704e+08,2658.11,21.0,239561.0,0.0,239561.0,239561.0,2.0,0.0,0.0
2026-03-31 01:26:07,493,7.673998e+06,700769.0,15665.0,0.0,0.0,0.0,11702.0,1063.0,24.0,8.185856e+07,9.416704e+08,2659.27,23.0,239660.0,0.0,239659.0,239659.0,2.0,0.0,0.0
2026-03-31 01:26:20,493,7.676658e+06,701434.0,15665.0,0.0,0.0,0.0,11706.0,1064.0,24.0,8.185856e+07,9.416704e+08,2660.4900000000002,21.0,239760.0,0.0,239760.0,239760.0,2.0,0.0,0.0
2026-03-31 01:26:32,494,7.679983e+06,701434.0,15665.0,0.0,0.0,0.0,11711.0,1064.0,24.0,8.185856e+07,9.416704e+08,2661.59,21.0,239860.0,0.0,239860.0,239860.0,2.0,0.0,0.0
2026-03-31 01:26:44,494,7.683168e+06,702099.0,15665.0,0.0,0.0,0.0,11716.0,1065.0,24.0,8.185856e+07,9.416704e+08,2662.72,21.0,239961.0,0.0,239961.0,239961.0,2.0,0.0,0.0
2026-03-31 01:26:57,494,7.686493e+06,702099.0,15665.0,0.0,0.0,0.0,11721.0,1065.0,24.0,8.185856e+07,9.416704e+08,2663.92,23.0,240061.0,0.0,240060.0,240060.0,2.0,0.0,0.0
2026-03-31 01:27:09,494,7.689818e+06,702099.0,15665.0,0.0,0.0,0.0,11726.0,1065.0,24.0,8.185856e+07,9.416704e+08,2664.9500000000003,21.0,240159.0,0.0,240159.0,240159.0,2.0,0.0,0.0
2026-03-31 01:27:21,494,7.693143e+06,702764.0,15665.0,0.0,0.0,0.0,11731.0,1066.0,24.0,8.185856e+07,9.416704e+08,2666.04,21.0,240259.0,0.0,240259.0,240259.0,2.0,0.0,0.0
2026-03-31 01:27:34,495,7.696468e+06,702764.0,15665.0,0.0,0.0,0.0,11736.0,1066.0,24.0,8.185856e+07,9.416704e+08,2667.18,22.0,240358.0,0.0,240357.0,240357.0,2.0,0.0,0.0
2026-03-31 01:27:46,495,7.699128e+06,703429.0,15665.0,0.0,0.0,0.0,11740.0,1067.0,24.0,8.185856e+07,9.416704e+08,2668.23,23.0,240456.0,0.0,240455.0,240455.0,2.0,0.0,0.0
2026-03-31 01:27:58,495,7.702453e+06,703429.0,15665.0,0.0,0.0,0.0,11745.0,1067.0,24.0,8.1727488e+07,9.416704e+08,2669.3,21.0,240554.0,0.0,240554.0,240554.0,2.0,0.0,0.0
2026-03-31 01:28:10,495,7.705116e+06,704094.0,15665.0,0.0,0.0,0.0,11749.0,1068.0,24.0,8.1727488e+07,9.416704e+08,2670.44,21.0,240653.0,0.0,240653.0,240653.0,2.0,0.0,0.0
2026-03-31 01:28:23,495,7.708543e+06,704094.0,15665.0,0.0,0.0,0.0,11754.0,1068.0,24.0,8.1727488e+07,9.416704e+08,2671.52,21.0,240752.0,0.0,240752.0,240752.0,2.0,0.0,0.0
2026-03-31 01:28:35,496,7.711941e+06,704094.0,15665.0,0.0,0.0,0.0,11759.0,1068.0,24.0,8.1727488e+07,9.416704e+08,2672.6000000000004,21.0,240851.0,0.0,240851.0,240851.0,2.0,0.0,0.0
2026-03-31 01:28:47,496,7.715336e+06,704689.0,15665.0,0.0,0.0,0.0,11764.0,1069.0,24.0,8.1727488e+07,9.416704e+08,2673.6800000000003,21.0,240950.0,0.0,240950.0,240950.0,2.0,0.0,0.0
2026-03-31 01:29:00,496,7.718763e+06,704689.0,15665.0,0.0,0.0,0.0,11769.0,1069.0,24.0,8.1727488e+07,9.416704e+08,2674.81,21.0,241051.0,0.0,241051.0,241051.0,2.0,0.0,0.0
2026-03-31 01:29:12,496,7.721464e+06,705386.0,15665.0,0.0,0.0,0.0,11773.0,1070.0,24.0,8.1727488e+07,9.416704e+08,2675.88,22.0,241151.0,0.0,241150.0,241150.0,2.0,0.0,0.0
2026-03-31 01:29:24,496,7.724891e+06,705386.0,15665.0,0.0,0.0,0.0,11778.0,1070.0,24.0,8.1727488e+07,9.416704e+08,2676.94,22.0,241251.0,0.0,241250.0,241250.0,2.0,0.0,0.0
2026-03-31 01:29:36,497,7.727592e+06,706083.0,15665.0,0.0,0.0,0.0,11782.0,1071.0,24.0,8.1727488e+07,9.416704e+08,2678.08,21.0,241350.0,0.0,241350.0,241350.0,2.0,0.0,0.0
2026-03-31 01:29:49,497,7.731019e+06,706083.0,15665.0,0.0,0.0,0.0,11787.0,1071.0,24.0,8.1727488e+07,9.416704e+08,2679.17,21.0,241450.0,0.0,241450.0,241450.0,2.0,0.0,0.0
2026-03-31 01:30:01,497,7.734379e+06,706083.0,15665.0,0.0,0.0,0.0,11792.0,1071.0,24.0,8.1727488e+07,9.416704e+08,2680.2,21.0,241549.0,0.0,241549.0,241549.0,2.0,0.0,0.0
2026-03-31 01:30:13,497,7.737774e+06,706681.0,15665.0,0.0,0.0,0.0,11797.0,1072.0,24.0,8.1727488e+07,9.416704e+08,2681.29,21.0,241648.0,0.0,241648.0,241648.0,2.0,0.0,0.0
2026-03-31 01:30:25,498,7.741201e+06,706681.0,15665.0,0.0,0.0,0.0,11802.0,1072.0,24.0,8.1727488e+07,9.416704e+08,2682.38,22.0,241747.0,0.0,241747.0,241747.0,2.0,0.0,0.0
2026-03-31 01:30:37,498,7.743902e+06,707378.0,15665.0,0.0,0.0,0.0,11806.0,1073.0,24.0,8.1727488e+07,9.416704e+08,2683.42,21.0,241846.0,0.0,241846.0,241846.0,2.0,0.0,0.0
2026-03-31 01:30:49,498,7.747329e+06,707378.0,15665.0,0.0,0.0,0.0,11811.0,1073.0,24.0,8.1727488e+07,9.416704e+08,2684.4900000000002,21.0,241947.0,0.0,241947.0,241947.0,2.0,0.0,0.0
2026-03-31 01:31:01,498,7.75003e+06,708075.0,15665.0,0.0,0.0,0.0,11815.0,1074.0,24.0,8.1727488e+07,9.416704e+08,2685.56,21.0,242047.0,0.0,242047.0,242047.0,2.0,0.0,0.0
2026-03-31 01:31:13,498,7.753457e+06,708075.0,15665.0,0.0,0.0,0.0,11820.0,1074.0,24.0,8.1727488e+07,9.416704e+08,2686.67,21.0,242147.0,0.0,242147.0,242147.0,2.0,0.0,0.0
2026-03-31 01:31:26,499,7.756855e+06,708075.0,15665.0,0.0,0.0,0.0,11825.0,1074.0,24.0,8.1727488e+07,9.416704e+08,2687.76,23.0,242248.0,0.0,242247.0,242247.0,2.0,0.0,0.0
2026-03-31 01:31:38,499,7.760253e+06,708667.0,15665.0,0.0,0.0,0.0,11830.0,1075.0,24.0,8.1727488e+07,9.416704e+08,2688.84,21.0,242348.0,0.0,242348.0,242348.0,2.0,0.0,0.0
2026-03-31 01:31:50,499,7.76368e+06,708667.0,15665.0,0.0,0.0,0.0,11835.0,1075.0,24.0,8.1727488e+07,9.416704e+08,2689.8900000000003,21.0,242447.0,0.0,242447.0,242447.0,2.0,0.0,0.0
2026-03-31 01:32:02,499,7.766381e+06,709364.0,15665.0,0.0,0.0,0.0,11839.0,1076.0,24.0,8.1727488e+07,9.416704e+08,2690.93,21.0,242547.0,0.0,242547.0,242547.0,2.0,0.0,0.0
2026-03-31 01:32:14,499,7.769808e+06,709364.0,15665.0,0.0,0.0,0.0,11844.0,1076.0,24.0,8.1727488e+07,9.416704e+08,2692.0499999999997,21.0,242646.0,0.0,242646.0,242646.0,2.0,0.0,0.0
2026-03-31 01:32:27,500,7.772509e+06,710061.0,15665.0,0.0,0.0,0.0,11848.0,1077.0,24.0,8.1727488e+07,9.416704e+08,2693.12,21.0,242745.0,0.0,242745.0,242745.0,2.0,0.0,0.0
2026-03-31 01:32:39,500,7.775936e+06,710061.0,15665.0,0.0,0.0,0.0,11853.0,1077.0,24.0,8.1727488e+07,9.416704e+08,2694.18,21.0,242845.0,0.0,242845.0,242845.0,2.0,0.0,0.0
2026-03-31 01:32:51,500,7.779334e+06,710061.0,15665.0,0.0,0.0,0.0,11858.0,1077.0,24.0,8.1727488e+07,9.416704e+08,2695.25,22.0,242943.0,0.0,242943.0,242943.0,2.0,0.0,0.0
2026-03-31 01:33:03,500,7.782064e+06,710758.0,15665.0,0.0,0.0,0.0,11862.0,1078.0,24.0,8.1727488e+07,9.416704e+08,2696.31,23.0,243043.0,0.0,243042.0,243042.0,2.0,0.0,0.0
2026-03-31 01:33:15,500,7.785987e+06,710758.0,15665.0,0.0,0.0,0.0,11868.0,1078.0,24.0,8.1727488e+07,9.416704e+08,2697.41,21.0,243143.0,0.0,243143.0,243143.0,2.0,0.0,0.0
2026-03-31 01:33:27,501,7.788746e+06,711426.0,15665.0,0.0,0.0,0.0,11872.0,1079.0,24.0,8.1727488e+07,9.416704e+08,2698.48,22.0,243244.0,0.0,243243.0,243243.0,2.0,0.0,0.0
2026-03-31 01:33:39,501,7.792144e+06,711426.0,15665.0,0.0,0.0,0.0,11877.0,1079.0,24.0,8.2137088e+07,9.416704e+08,2699.61,20.0,243343.0,1.0,243342.0,243342.0,2.0,0.0,0.0
2026-03-31 01:33:52,501,7.793999e+06,712123.0,15665.0,0.0,0.0,0.0,11880.0,1080.0,24.0,8.226816e+07,9.416704e+08,2700.45,21.0,243418.0,1.0,243417.0,243417.0,2.0,0.0,0.0
2026-03-31 01:34:04,501,7.797397e+06,712123.0,15665.0,0.0,0.0,0.0,11885.0,1080.0,24.0,8.226816e+07,9.416704e+08,2701.5099999999998,22.0,243517.0,1.0,243515.0,243515.0,2.0,0.0,0.0
2026-03-31 01:34:16,501,7.800824e+06,712123.0,15665.0,0.0,0.0,0.0,11890.0,1080.0,24.0,8.226816e+07,9.416704e+08,2702.6,21.0,243616.0,1.0,243615.0,243615.0,2.0,0.0,0.0
2026-03-31 01:34:28,502,7.803525e+06,712820.0,15665.0,0.0,0.0,0.0,11894.0,1081.0,24.0,8.226816e+07,9.416704e+08,2703.62,21.0,243714.0,1.0,243713.0,243713.0,2.0,0.0,0.0
2026-03-31 01:34:40,502,7.804222e+06,712820.0,15665.0,0.0,0.0,0.0,11895.0,1081.0,24.0,8.226816e+07,9.416704e+08,2703.7599999999998,20.0,243725.0,3.0,243722.0,243722.0,2.0,0.0,0.0
2026-03-31 01:34:52,502,7.804222e+06,712820.0,15665.0,0.0,0.0,0.0,11895.0,1081.0,24.0,8.226816e+07,9.416704e+08,2703.77,20.0,243725.0,3.0,243722.0,243722.0,2.0,0.0,0.0
2026-03-31 01:35:04,502,7.804222e+06,712820.0,15665.0,0.0,0.0,0.0,11895.0,1081.0,24.0,8.226816e+07,9.416704e+08,2703.7799999999997,20.0,243725.0,3.0,243722.0,243722.0,2.0,0.0,0.0
2026-03-31 01:35:16,502,7.804222e+06,712820.0,15665.0,0.0,0.0,0.0,11895.0,1081.0,24.0,8.226816e+07,9.416704e+08,2703.8,20.0,243725.0,3.0,243722.0,243722.0,2.0,0.0,0.0
2026-03-31 01:35:28,503,7.804222e+06,712820.0,15665.0,0.0,0.0,0.0,11895.0,1081.0,24.0,8.226816e+07,9.416704e+08,2703.8199999999997,20.0,243725.0,3.0,243722.0,243722.0,2.0,0.0,0.0
2026-03-31 01:35:40,503,7.804222e+06,712820.0,15665.0,0.0,0.0,0.0,11895.0,1081.0,24.0,8.226816e+07,9.416704e+08,2703.83,20.0,243725.0,3.0,243722.0,243722.0,2.0,0.0,0.0
2026-03-31 01:35:52,503,7.805587e+06,712820.0,15665.0,0.0,0.0,0.0,11897.0,1081.0,24.0,8.226816e+07,9.416704e+08,2704.2000000000003,20.0,243759.0,4.0,243755.0,243755.0,2.0,0.0,0.0
2026-03-31 01:36:04,503,7.805587e+06,712820.0,15665.0,0.0,0.0,0.0,11897.0,1081.0,24.0,8.226816e+07,9.416704e+08,2704.2200000000003,20.0,243759.0,4.0,243755.0,243755.0,2.0,0.0,0.0
2026-03-31 01:36:16,503,7.805587e+06,712820.0,15665.0,0.0,0.0,0.0,11897.0,1081.0,24.0,8.226816e+07,9.416704e+08,2704.24,20.0,243759.0,4.0,243755.0,243755.0,2.0,0.0,0.0
2026-03-31 01:36:28,504,7.807617e+06,712820.0,15665.0,0.0,0.0,0.0,11900.0,1081.0,24.0,8.226816e+07,9.416704e+08,2704.9500000000003,21.0,243828.0,4.0,243824.0,243824.0,2.0,0.0,0.0
2026-03-31 01:36:40,504,7.808282e+06,712820.0,15665.0,0.0,0.0,0.0,11901.0,1081.0,24.0,8.226816e+07,9.416704e+08,2705.04,20.0,243836.0,5.0,243831.0,243831.0,2.0,0.0,0.0
2026-03-31 01:36:53,504,7.808282e+06,712820.0,15665.0,0.0,0.0,0.0,11901.0,1081.0,24.0,8.226816e+07,9.416704e+08,2705.06,20.0,243836.0,5.0,243831.0,243831.0,2.0,0.0,0.0
2026-03-31 01:37:05,504,7.808282e+06,712820.0,15665.0,0.0,0.0,0.0,11901.0,1081.0,24.0,8.2399232e+07,9.416704e+08,2705.07,20.0,243836.0,5.0,243831.0,243831.0,2.0,0.0,0.0
2026-03-31 01:37:17,504,7.808282e+06,712820.0,15665.0,0.0,0.0,0.0,11901.0,1081.0,24.0,8.2399232e+07,9.416704e+08,2705.0899999999997,20.0,243836.0,5.0,243831.0,243831.0,2.0,0.0,0.0
2026-03-31 01:37:28,505,7.808282e+06,712820.0,15665.0,0.0,0.0,0.0,11901.0,1081.0,24.0,8.2399232e+07,9.416704e+08,2705.1,20.0,243836.0,5.0,243831.0,243831.0,2.0,0.0,0.0
2026-03-31 01:37:40,505,7.808282e+06,712820.0,15665.0,0.0,0.0,0.0,11901.0,1081.0,24.0,8.2399232e+07,9.416704e+08,2705.12,20.0,243836.0,5.0,243831.0,243831.0,2.0,0.0,0.0
2026-03-31 01:37:52,505,7.808282e+06,712820.0,15665.0,0.0,0.0,0.0,11901.0,1081.0,24.0,8.2399232e+07,9.416704e+08,2705.13,20.0,243836.0,5.0,243831.0,243831.0,2.0,0.0,0.0
2026-03-31 01:38:03,505,7.808282e+06,712820.0,15665.0,0.0,0.0,0.0,11901.0,1081.0,24.0,8.2399232e+07,9.416704e+08,2705.15,20.0,243836.0,5.0,243831.0,243831.0,2.0,0.0,0.0
2026-03-31 01:38:15,505,7.808282e+06,712820.0,15665.0,0.0,0.0,0.0,11901.0,1081.0,24.0,8.2399232e+07,9.416704e+08,2705.16,20.0,243836.0,5.0,243831.0,243831.0,2.0,0.0,0.0
2026-03-31 01:38:27,506,7.808282e+06,712820.0,15665.0,0.0,0.0,0.0,11901.0,1081.0,24.0,8.2399232e+07,9.416704e+08,2705.1800000000003,20.0,243836.0,5.0,243831.0,243831.0,2.0,0.0,0.0
2026-03-31 01:38:38,506,7.808282e+06,712820.0,15665.0,0.0,0.0,0.0,11901.0,1081.0,24.0,8.2399232e+07,9.416704e+08,2705.19,20.0,243836.0,5.0,243831.0,243831.0,2.0,0.0,0.0
2026-03-31 01:38:50,506,7.808282e+06,712820.0,15665.0,0.0,0.0,0.0,11901.0,1081.0,24.0,8.2399232e+07,9.416704e+08,2705.21,20.0,243836.0,5.0,243831.0,243831.0,2.0,0.0,0.0
2026-03-31 01:39:01,506,7.808282e+06,712820.0,15665.0,0.0,0.0,0.0,11901.0,1081.0,24.0,8.2399232e+07,9.416704e+08,2705.22,20.0,243836.0,5.0,243831.0,243831.0,2.0,0.0,0.0
2026-03-31 01:39:13,506,7.808282e+06,712820.0,15665.0,0.0,0.0,0.0,11901.0,1081.0,24.0,8.2399232e+07,9.416704e+08,2705.23,20.0,243836.0,5.0,243831.0,243831.0,2.0,0.0,0.0
2026-03-31 01:39:25,507,7.808282e+06,712820.0,15665.0,0.0,0.0,0.0,11901.0,1081.0,24.0,8.2399232e+07,9.416704e+08,2705.25,20.0,243836.0,5.0,243831.0,243831.0,2.0,0.0,0.0
2026-03-31 01:39:36,507,7.808282e+06,712820.0,15665.0,0.0,0.0,0.0,11901.0,1081.0,24.0,8.2399232e+07,9.416704e+08,2705.26,20.0,243836.0,5.0,243831.0,243831.0,2.0,0.0,0.0
2026-03-31 01:39:48,507,7.808282e+06,712820.0,15665.0,0.0,0.0,0.0,11901.0,1081.0,24.0,8.2399232e+07,9.416704e+08,2705.2799999999997,20.0,243836.0,5.0,243831.0,243831.0,2.0,0.0,0.0
2026-03-31 01:40:00,507,7.808282e+06,712820.0,15665.0,0.0,0.0,0.0,11901.0,1081.0,24.0,8.2399232e+07,9.416704e+08,2705.29,20.0,243836.0,5.0,243831.0,243831.0,2.0,0.0,0.0
2026-03-31 01:40:12,507,7.808282e+06,712820.0,15665.0,0.0,0.0,0.0,11901.0,1081.0,24.0,8.2399232e+07,9.416704e+08,2705.31,20.0,243836.0,5.0,243831.0,243831.0,2.0,0.0,0.0
2026-03-31 01:40:23,507,7.808282e+06,712820.0,15665.0,0.0,0.0,0.0,11901.0,1081.0,24.0,8.2399232e+07,9.416704e+08,2705.33,20.0,243836.0,5.0,243831.0,243831.0,2.0,0.0,0.0
2026-03-31 01:40:35,508,7.808282e+06,712820.0,15665.0,0.0,0.0,0.0,11901.0,1081.0,24.0,8.2399232e+07,9.416704e+08,2705.34,20.0,243836.0,5.0,243831.0,243831.0,2.0,0.0,0.0
2026-03-31 01:40:46,508,7.808282e+06,712820.0,15665.0,0.0,0.0,0.0,11901.0,1081.0,24.0,8.2399232e+07,9.416704e+08,2705.3599999999997,20.0,243836.0,5.0,243831.0,243831.0,2.0,0.0,0.0
2026-03-31 01:40:58,508,7.808282e+06,712820.0,15665.0,0.0,0.0,0.0,11901.0,1081.0,24.0,8.2399232e+07,9.416704e+08,2705.37,20.0,243836.0,5.0,243831.0,243831.0,2.0,0.0,0.0
2026-03-31 01:41:10,508,7.808282e+06,712820.0,15665.0,0.0,0.0,0.0,11901.0,1081.0,24.0,8.2399232e+07,9.416704e+08,2705.3799999999997,20.0,243836.0,5.0,243831.0,243831.0,2.0,0.0,0.0
2026-03-31 01:41:21,508,7.808282e+06,712820.0,15665.0,0.0,0.0,0.0,11901.0,1081.0,24.0,8.2399232e+07,9.416704e+08,2705.4,20.0,243836.0,5.0,243831.0,243831.0,2.0,0.0,0.0
2026-03-31 01:41:33,509,7.808282e+06,712820.0,15665.0,0.0,0.0,0.0,11901.0,1081.0,24.0,8.2399232e+07,9.416704e+08,2705.42,20.0,243836.0,5.0,243831.0,243831.0,2.0,0.0,0.0
2026-03-31 01:41:45,509,7.808282e+06,712820.0,15665.0,0.0,0.0,0.0,11901.0,1081.0,24.0,8.2399232e+07,9.416704e+08,2705.42,20.0,243836.0,5.0,243831.0,243831.0,2.0,0.0,0.0
2026-03-31 01:41:56,509,7.808282e+06,712820.0,15665.0,0.0,0.0,0.0,11901.0,1081.0,24.0,8.2399232e+07,9.416704e+08,2705.4399999999996,20.0,243836.0,5.0,243831.0,243831.0,2.0,0.0,0.0
2026-03-31 01:42:08,509,7.808282e+06,712820.0,15665.0,0.0,0.0,0.0,11901.0,1081.0,24.0,8.2399232e+07,9.416704e+08,2705.4599999999996,20.0,243836.0,5.0,243831.0,243831.0,2.0,0.0,0.0
2026-03-31 01:42:19,509,7.808282e+06,712820.0,15665.0,0.0,0.0,0.0,11901.0,1081.0,24.0,8.2399232e+07,9.416704e+08,2705.48,20.0,243836.0,5.0,243831.0,243831.0,2.0,0.0,0.0
2026-03-31 01:42:31,510,7.808282e+06,712820.0,15665.0,0.0,0.0,0.0,11901.0,1081.0,24.0,8.2399232e+07,9.416704e+08,2705.4900000000002,20.0,243836.0,5.0,243831.0,243831.0,2.0,0.0,0.0
2026-03-31 01:42:43,510,7.808282e+06,712820.0,15665.0,0.0,0.0,0.0,11901.0,1081.0,24.0,8.2399232e+07,9.416704e+08,2705.5,20.0,243836.0,5.0,243831.0,243831.0,2.0,0.0,0.0
2026-03-31 01:42:54,510,7.808282e+06,712820.0,15665.0,0.0,0.0,0.0,11901.0,1081.0,24.0,8.2399232e+07,9.416704e+08,2705.51,20.0,243836.0,5.0,243831.0,243831.0,2.0,0.0,0.0
2026-03-31 01:43:06,510,7.808282e+06,712820.0,15665.0,0.0,0.0,0.0,11901.0,1081.0,24.0,8.2399232e+07,9.416704e+08,2705.53,20.0,243836.0,5.0,243831.0,243831.0,2.0,0.0,0.0
2026-03-31 01:43:18,510,7.808282e+06,712820.0,15665.0,0.0,0.0,0.0,11901.0,1081.0,24.0,8.2399232e+07,9.416704e+08,2705.55,20.0,243836.0,5.0,243831.0,243831.0,2.0,0.0,0.0
2026-03-31 01:43:29,511,7.808282e+06,712820.0,15665.0,0.0,0.0,0.0,11901.0,1081.0,24.0,8.2399232e+07,9.416704e+08,2705.5600000000004,20.0,243836.0,5.0,243831.0,243831.0,2.0,0.0,0.0
2026-03-31 01:43:41,511,7.808282e+06,712820.0,15665.0,0.0,0.0,0.0,11901.0,1081.0,24.0,8.2399232e+07,9.416704e+08,2705.5699999999997,20.0,243836.0,5.0,243831.0,243831.0,2.0,0.0,0.0
2026-03-31 01:43:53,511,7.808282e+06,712820.0,15665.0,0.0,0.0,0.0,11901.0,1081.0,24.0,8.2399232e+07,9.416704e+08,2705.59,20.0,243836.0,5.0,243831.0,243831.0,2.0,0.0,0.0
2026-03-31 01:44:04,511,7.808282e+06,712820.0,15665.0,0.0,0.0,0.0,11901.0,1081.0,24.0,8.2399232e+07,9.416704e+08,2705.61,20.0,243836.0,5.0,243831.0,243831.0,2.0,0.0,0.0
2026-03-31 01:44:16,511,7.808282e+06,712820.0,15665.0,0.0,0.0,0.0,11901.0,1081.0,24.0,8.2399232e+07,9.416704e+08,2705.62,20.0,243836.0,5.0,243831.0,243831.0,2.0,0.0,0.0
2026-03-31 01:44:28,512,7.808282e+06,712820.0,15665.0,0.0,0.0,0.0,11901.0,1081.0,24.0,8.2399232e+07,9.416704e+08,2705.6400000000003,20.0,243836.0,5.0,243831.0,243831.0,2.0,0.0,0.0
2026-03-31 01:44:39,512,7.808282e+06,712820.0,15665.0,0.0,0.0,0.0,11901.0,1081.0,24.0,8.2399232e+07,9.416704e+08,2705.65,20.0,243836.0,5.0,243831.0,243831.0,2.0,0.0,0.0
2026-03-31 01:44:51,512,7.808282e+06,712820.0,15665.0,0.0,0.0,0.0,11901.0,1081.0,24.0,8.2399232e+07,9.416704e+08,2705.67,20.0,243836.0,5.0,243831.0,243831.0,2.0,0.0,0.0
2026-03-31 01:45:03,512,7.808282e+06,712820.0,15665.0,0.0,0.0,0.0,11901.0,1081.0,24.0,8.2399232e+07,9.416704e+08,2705.69,20.0,243836.0,5.0,243831.0,243831.0,2.0,0.0,0.0
2026-03-31 01:45:15,512,7.808282e+06,712820.0,15665.0,0.0,0.0,0.0,11901.0,1081.0,24.0,8.2399232e+07,9.416704e+08,2705.7000000000003,20.0,243836.0,5.0,243831.0,243831.0,2.0,0.0,0.0
2026-03-31 01:45:26,513,7.808282e+06,712820.0,15665.0,0.0,0.0,0.0,11901.0,1081.0,24.0,8.2399232e+07,9.416704e+08,2705.72,20.0,243836.0,5.0,243831.0,243831.0,2.0,0.0,0.0
2026-03-31 01:45:38,513,7.808282e+06,712820.0,15665.0,0.0,0.0,0.0,11901.0,1081.0,24.0,8.2399232e+07,9.416704e+08,2705.73,20.0,243836.0,5.0,243831.0,243831.0,2.0,0.0,0.0
2026-03-31 01:45:50,513,7.808282e+06,712820.0,15665.0,0.0,0.0,0.0,11901.0,1081.0,24.0,8.2399232e+07,9.416704e+08,2705.75,20.0,243836.0,5.0,243831.0,243831.0,2.0,0.0,0.0
2026-03-31 01:46:01,513,7.808282e+06,712820.0,15665.0,0.0,0.0,0.0,11901.0,1081.0,24.0,8.2399232e+07,9.416704e+08,2705.76,20.0,243836.0,5.0,243831.0,243831.0,2.0,0.0,0.0
2026-03-31 01:46:13,513,7.808282e+06,712820.0,15665.0,0.0,0.0,0.0,11901.0,1081.0,24.0,8.2399232e+07,9.416704e+08,2705.7799999999997,20.0,243836.0,5.0,243831.0,243831.0,2.0,0.0,0.0
2026-03-31 01:46:25,514,7.808282e+06,712820.0,15665.0,0.0,0.0,0.0,11901.0,1081.0,24.0,8.2399232e+07,9.416704e+08,2705.79,20.0,243836.0,5.0,243831.0,243831.0,2.0,0.0,0.0
2026-03-31 01:46:36,514,7.808282e+06,712820.0,15665.0,0.0,0.0,0.0,11901.0,1081.0,24.0,8.2399232e+07,9.416704e+08,2705.81,20.0,243836.0,5.0,243831.0,243831.0,2.0,0.0,0.0
2026-03-31 01:46:48,514,7.808282e+06,712820.0,15665.0,0.0,0.0,0.0,11901.0,1081.0,24.0,8.2399232e+07,9.416704e+08,2705.82,20.0,243836.0,5.0,243831.0,243831.0,2.0,0.0,0.0
2026-03-31 01:47:00,514,7.808282e+06,712820.0,15665.0,0.0,0.0,0.0,11901.0,1081.0,24.0,8.2399232e+07,9.416704e+08,2705.8399999999997,20.0,243836.0,5.0,243831.0,243831.0,2.0,0.0,0.0
2026-03-31 01:47:11,514,7.808282e+06,712820.0,15665.0,0.0,0.0,0.0,11901.0,1081.0,24.0,8.2399232e+07,9.416704e+08,2705.85,20.0,243836.0,5.0,243831.0,243831.0,2.0,0.0,0.0
2026-03-31 01:47:23,514,7.808282e+06,712820.0,15665.0,0.0,0.0,0.0,11901.0,1081.0,24.0,8.2399232e+07,9.416704e+08,2705.86,20.0,243836.0,5.0,243831.0,243831.0,2.0,0.0,0.0
2026-03-31 01:47:35,515,7.808282e+06,712820.0,15665.0,0.0,0.0,0.0,11901.0,1081.0,24.0,8.2399232e+07,9.416704e+08,2705.88,20.0,243836.0,5.0,243831.0,243831.0,2.0,0.0,0.0
2026-03-31 01:47:46,515,7.808282e+06,712820.0,15665.0,0.0,0.0,0.0,11901.0,1081.0,24.0,8.2399232e+07,9.416704e+08,2705.9,20.0,243836.0,5.0,243831.0,243831.0,2.0,0.0,0.0
2026-03-31 01:47:58,515,7.808282e+06,712820.0,15665.0,0.0,0.0,0.0,11901.0,1081.0,24.0,8.2399232e+07,9.416704e+08,2705.9100000000003,20.0,243836.0,5.0,243831.0,243831.0,2.0,0.0,0.0
2026-03-31 01:48:10,515,7.808282e+06,712820.0,15665.0,0.0,0.0,0.0,11901.0,1081.0,24.0,8.2399232e+07,9.416704e+08,2705.9300000000003,20.0,243836.0,5.0,243831.0,243831.0,2.0,0.0,0.0
2026-03-31 01:48:21,515,7.808282e+06,712820.0,15665.0,0.0,0.0,0.0,11901.0,1081.0,24.0,8.2399232e+07,9.416704e+08,2705.94,20.0,243836.0,5.0,243831.0,243831.0,2.0,0.0,0.0
2026-03-31 01:48:33,516,7.808282e+06,712820.0,15665.0,0.0,0.0,0.0,11901.0,1081.0,24.0,8.2399232e+07,9.416704e+08,2705.96,20.0,243836.0,5.0,243831.0,243831.0,2.0,0.0,0.0
2026-03-31 01:48:45,516,7.808282e+06,712820.0,15665.0,0.0,0.0,0.0,11901.0,1081.0,24.0,8.2399232e+07,9.416704e+08,2705.97,20.0,243836.0,5.0,243831.0,243831.0,2.0,0.0,0.0
2026-03-31 01:48:56,516,7.808282e+06,712820.0,15665.0,0.0,0.0,0.0,11901.0,1081.0,24.0,8.2399232e+07,9.416704e+08,2705.98,20.0,243836.0,5.0,243831.0,243831.0,2.0,0.0,0.0
2026-03-31 01:49:08,516,7.808282e+06,712820.0,15665.0,0.0,0.0,0.0,11901.0,1081.0,24.0,8.2399232e+07,9.416704e+08,2706.0,20.0,243836.0,5.0,243831.0,243831.0,2.0,0.0,0.0
2026-03-31 01:49:20,516,7.808282e+06,712820.0,15665.0,0.0,0.0,0.0,11901.0,1081.0,24.0,8.2399232e+07,9.416704e+08,2706.02,20.0,243836.0,5.0,243831.0,243831.0,2.0,0.0,0.0
2026-03-31 01:49:31,517,7.808282e+06,712820.0,15665.0,0.0,0.0,0.0,11901.0,1081.0,24.0,8.2399232e+07,9.416704e+08,2706.0299999999997,20.0,243836.0,5.0,243831.0,243831.0,2.0,0.0,0.0
2026-03-31 01:49:43,517,7.808282e+06,712820.0,15665.0,0.0,0.0,0.0,11901.0,1081.0,24.0,8.2399232e+07,9.416704e+08,2706.05,20.0,243836.0,5.0,243831.0,243831.0,2.0,0.0,0.0
2026-03-31 01:49:54,517,7.808282e+06,712820.0,15665.0,0.0,0.0,0.0,11901.0,1081.0,24.0,8.2399232e+07,9.416704e+08,2706.06,20.0,243836.0,5.0,243831.0,243831.0,2.0,0.0,0.0
2026-03-31 01:50:06,517,7.808282e+06,712820.0,15665.0,0.0,0.0,0.0,11901.0,1081.0,24.0,8.2399232e+07,9.416704e+08,2706.07,20.0,243836.0,5.0,243831.0,243831.0,2.0,0.0,0.0
2026-03-31 01:50:18,517,7.808282e+06,712820.0,15665.0,0.0,0.0,0.0,11901.0,1081.0,24.0,8.2399232e+07,9.416704e+08,2706.0899999999997,20.0,243836.0,5.0,243831.0,243831.0,2.0,0.0,0.0
2026-03-31 01:50:29,518,7.808282e+06,712820.0,15665.0,0.0,0.0,0.0,11901.0,1081.0,24.0,8.2399232e+07,9.416704e+08,2706.1,20.0,243836.0,5.0,243831.0,243831.0,2.0,0.0,0.0
2026-03-31 01:50:41,518,7.808282e+06,712820.0,15665.0,0.0,0.0,0.0,11901.0,1081.0,24.0,8.2399232e+07,9.416704e+08,2706.12,20.0,243836.0,5.0,243831.0,243831.0,2.0,0.0,0.0
2026-03-31 01:50:53,518,7.808282e+06,712820.0,15665.0,0.0,0.0,0.0,11901.0,1081.0,24.0,8.2399232e+07,9.416704e+08,2706.13,20.0,243836.0,5.0,243831.0,243831.0,2.0,0.0,0.0
2026-03-31 01:51:04,518,7.808282e+06,712820.0,15665.0,0.0,0.0,0.0,11901.0,1081.0,24.0,8.2399232e+07,9.416704e+08,2706.14,20.0,243836.0,5.0,243831.0,243831.0,2.0,0.0,0.0
2026-03-31 01:51:16,518,7.808282e+06,712820.0,15665.0,0.0,0.0,0.0,11901.0,1081.0,24.0,8.2399232e+07,9.416704e+08,2706.16,20.0,243836.0,5.0,243831.0,243831.0,2.0,0.0,0.0
2026-03-31 01:51:28,519,7.808282e+06,712820.0,15665.0,0.0,0.0,0.0,11901.0,1081.0,24.0,8.2399232e+07,9.416704e+08,2706.18,20.0,243836.0,5.0,243831.0,243831.0,2.0,0.0,0.0
2026-03-31 01:51:40,519,7.808282e+06,712820.0,15665.0,0.0,0.0,0.0,11901.0,1081.0,24.0,8.2399232e+07,9.416704e+08,2706.19,20.0,243836.0,5.0,243831.0,243831.0,2.0,0.0,0.0
2026-03-31 01:51:51,519,7.808282e+06,712820.0,15665.0,0.0,0.0,0.0,11901.0,1081.0,24.0,8.2399232e+07,9.416704e+08,2706.2,20.0,243836.0,5.0,243831.0,243831.0,2.0,0.0,0.0
2026-03-31 01:52:03,519,7.808282e+06,712820.0,15665.0,0.0,0.0,0.0,11901.0,1081.0,24.0,8.2399232e+07,9.416704e+08,2706.22,20.0,243836.0,5.0,243831.0,243831.0,2.0,0.0,0.0
2026-03-31 01:52:15,519,7.808282e+06,712820.0,15665.0,0.0,0.0,0.0,11901.0,1081.0,24.0,8.2399232e+07,9.416704e+08,2706.24,20.0,243836.0,5.0,243831.0,243831.0,2.0,0.0,0.0
2026-03-31 01:52:26,520,7.808282e+06,712820.0,15665.0,0.0,0.0,0.0,11901.0,1081.0,24.0,8.2399232e+07,9.416704e+08,2706.25,20.0,243836.0,5.0,243831.0,243831.0,2.0,0.0,0.0
2026-03-31 01:52:38,520,7.808282e+06,712820.0,15665.0,0.0,0.0,0.0,11901.0,1081.0,24.0,8.2399232e+07,9.416704e+08,2706.27,20.0,243836.0,5.0,243831.0,243831.0,2.0,0.0,0.0
2026-03-31 01:52:49,520,7.808282e+06,712820.0,15665.0,0.0,0.0,0.0,11901.0,1081.0,24.0,8.2399232e+07,9.416704e+08,2706.28,20.0,243836.0,5.0,243831.0,243831.0,2.0,0.0,0.0
2026-03-31 01:53:01,520,7.808282e+06,712820.0,15665.0,0.0,0.0,0.0,11901.0,1081.0,24.0,8.2399232e+07,9.416704e+08,2706.3,20.0,243836.0,5.0,243831.0,243831.0,2.0,0.0,0.0
2026-03-31 01:53:13,520,7.808282e+06,712820.0,15665.0,0.0,0.0,0.0,11901.0,1081.0,24.0,8.2399232e+07,9.416704e+08,2706.3100000000004,20.0,243836.0,5.0,243831.0,243831.0,2.0,0.0,0.0
2026-03-31 01:53:24,520,7.808282e+06,712820.0,15665.0,0.0,0.0,0.0,11901.0,1081.0,24.0,8.2399232e+07,9.416704e+08,2706.33,20.0,243836.0,5.0,243831.0,243831.0,2.0,0.0,0.0
2026-03-31 01:53:36,521,7.808282e+06,712820.0,15665.0,0.0,0.0,0.0,11901.0,1081.0,24.0,8.2399232e+07,9.416704e+08,2706.34,20.0,243836.0,5.0,243831.0,243831.0,2.0,0.0,0.0
2026-03-31 01:53:48,521,7.808282e+06,712820.0,15665.0,0.0,0.0,0.0,11901.0,1081.0,24.0,8.2399232e+07,9.416704e+08,2706.3599999999997,20.0,243836.0,5.0,243831.0,243831.0,2.0,0.0,0.0
2026-03-31 01:53:59,521,7.808282e+06,712820.0,15665.0,0.0,0.0,0.0,11901.0,1081.0,24.0,8.2399232e+07,9.416704e+08,2706.38,20.0,243836.0,5.0,243831.0,243831.0,2.0,0.0,0.0
2026-03-31 01:54:11,521,7.808282e+06,712820.0,15665.0,0.0,0.0,0.0,11901.0,1081.0,24.0,8.2399232e+07,9.416704e+08,2706.39,20.0,243836.0,5.0,243831.0,243831.0,2.0,0.0,0.0
2026-03-31 01:54:23,521,7.808282e+06,712820.0,15665.0,0.0,0.0,0.0,11901.0,1081.0,24.0,8.2399232e+07,9.416704e+08,2706.4,20.0,243836.0,5.0,243831.0,243831.0,2.0,0.0,0.0
2026-03-31 01:54:34,522,7.808282e+06,712820.0,15665.0,0.0,0.0,0.0,11901.0,1081.0,24.0,8.2399232e+07,9.416704e+08,2706.42,20.0,243836.0,5.0,243831.0,243831.0,2.0,0.0,0.0
2026-03-31 01:54:46,522,7.808282e+06,712820.0,15665.0,0.0,0.0,0.0,11901.0,1081.0,24.0,8.2399232e+07,9.416704e+08,2706.4300000000003,20.0,243836.0,5.0,243831.0,243831.0,2.0,0.0,0.0
2026-03-31 01:54:58,522,7.808282e+06,712820.0,15665.0,0.0,0.0,0.0,11901.0,1081.0,24.0,8.2399232e+07,9.416704e+08,2706.45,20.0,243836.0,5.0,243831.0,243831.0,2.0,0.0,0.0
2026-03-31 01:55:09,522,7.808282e+06,712820.0,15665.0,0.0,0.0,0.0,11901.0,1081.0,24.0,8.2399232e+07,9.416704e+08,2706.46,20.0,243836.0,5.0,243831.0,243831.0,2.0,0.0,0.0
2026-03-31 01:55:21,522,7.808282e+06,712820.0,15665.0,0.0,0.0,0.0,11901.0,1081.0,24.0,8.2399232e+07,9.416704e+08,2706.4700000000003,20.0,243836.0,5.0,243831.0,243831.0,2.0,0.0,0.0
2026-03-31 01:55:33,523,7.808282e+06,712820.0,15665.0,0.0,0.0,0.0,11901.0,1081.0,24.0,8.2399232e+07,9.416704e+08,2706.49,20.0,243836.0,5.0,243831.0,243831.0,2.0,0.0,0.0
2026-03-31 01:55:44,523,7.808282e+06,712820.0,15665.0,0.0,0.0,0.0,11901.0,1081.0,24.0,8.2399232e+07,9.416704e+08,2706.51,20.0,243836.0,5.0,243831.0,243831.0,2.0,0.0,0.0
2026-03-31 01:55:56,523,7.808282e+06,712820.0,15665.0,0.0,0.0,0.0,11901.0,1081.0,24.0,8.2399232e+07,9.416704e+08,2706.52,20.0,243836.0,5.0,243831.0,243831.0,2.0,0.0,0.0
2026-03-31 01:56:08,523,7.808282e+06,712820.0,15665.0,0.0,0.0,0.0,11901.0,1081.0,24.0,8.2399232e+07,9.416704e+08,2706.53,20.0,243836.0,5.0,243831.0,243831.0,2.0,0.0,0.0
2026-03-31 01:56:20,523,7.808282e+06,712820.0,15665.0,0.0,0.0,0.0,11901.0,1081.0,24.0,8.2399232e+07,9.416704e+08,2706.5499999999997,20.0,243836.0,5.0,243831.0,243831.0,2.0,0.0,0.0
2026-03-31 01:56:31,524,7.808282e+06,712820.0,15665.0,0.0,0.0,0.0,11901.0,1081.0,24.0,7.5845632e+07,9.416704e+08,2706.56,20.0,243836.0,5.0,243831.0,243831.0,2.0,0.0,0.0
2026-03-31 01:56:43,524,7.808282e+06,712820.0,15665.0,0.0,0.0,0.0,11901.0,1081.0,24.0,7.5845632e+07,9.416704e+08,2706.58,20.0,243836.0,5.0,243831.0,243831.0,2.0,0.0,0.0
2026-03-31 01:56:55,524,7.808282e+06,712820.0,15665.0,0.0,0.0,0.0,11901.0,1081.0,24.0,7.5845632e+07,9.416704e+08,2706.6,20.0,243836.0,5.0,243831.0,243831.0,2.0,0.0,0.0
2026-03-31 01:57:06,524,7.808282e+06,712820.0,15665.0,0.0,0.0,0.0,11901.0,1081.0,24.0,7.5845632e+07,9.416704e+08,2706.61,20.0,243836.0,5.0,243831.0,243831.0,2.0,0.0,0.0
2026-03-31 01:57:18,524,7.808282e+06,712820.0,15665.0,0.0,0.0,0.0,11901.0,1081.0,24.0,7.5845632e+07,9.416704e+08,2706.63,20.0,243836.0,5.0,243831.0,243831.0,2.0,0.0,0.0
2026-03-31 01:57:30,525,7.808282e+06,712820.0,15665.0,0.0,0.0,0.0,11901.0,1081.0,24.0,7.5845632e+07,9.416704e+08,2706.6400000000003,20.0,243836.0,5.0,243831.0,243831.0,2.0,0.0,0.0
2026-03-31 01:57:41,525,7.808282e+06,712820.0,15665.0,0.0,0.0,0.0,11901.0,1081.0,24.0,7.5845632e+07,9.416704e+08,2706.66,20.0,243836.0,5.0,243831.0,243831.0,2.0,0.0,0.0
2026-03-31 01:57:53,525,7.808282e+06,712820.0,15665.0,0.0,0.0,0.0,11901.0,1081.0,24.0,7.5583488e+07,9.416704e+08,2706.67,20.0,243836.0,5.0,243831.0,243831.0,2.0,0.0,0.0
2026-03-31 01:58:05,525,7.808282e+06,712820.0,15665.0,0.0,0.0,0.0,11901.0,1081.0,24.0,7.5583488e+07,9.416704e+08,2706.69,20.0,243836.0,5.0,243831.0,243831.0,2.0,0.0,0.0
2026-03-31 01:58:16,525,7.808282e+06,712820.0,15665.0,0.0,0.0,0.0,11901.0,1081.0,24.0,7.5583488e+07,9.416704e+08,2706.7000000000003,20.0,243836.0,5.0,243831.0,243831.0,2.0,0.0,0.0
2026-03-31 01:58:28,526,7.808282e+06,712820.0,15665.0,0.0,0.0,0.0,11901.0,1081.0,24.0,7.5583488e+07,9.416704e+08,2706.71,20.0,243836.0,5.0,243831.0,243831.0,2.0,0.0,0.0
2026-03-31 01:58:40,526,7.808282e+06,712820.0,15665.0,0.0,0.0,0.0,11901.0,1081.0,24.0,7.5583488e+07,9.416704e+08,2706.73,20.0,243836.0,5.0,243831.0,243831.0,2.0,0.0,0.0
2026-03-31 01:58:51,526,7.808282e+06,712820.0,15665.0,0.0,0.0,0.0,11901.0,1081.0,24.0,7.5583488e+07,9.416704e+08,2706.74,20.0,243836.0,5.0,243831.0,243831.0,2.0,0.0,0.0
2026-03-31 01:59:03,526,7.808282e+06,712820.0,15665.0,0.0,0.0,0.0,11901.0,1081.0,24.0,7.5583488e+07,9.416704e+08,2706.76,20.0,243836.0,5.0,243831.0,243831.0,2.0,0.0,0.0
2026-03-31 01:59:14,526,7.808282e+06,712820.0,15665.0,0.0,0.0,0.0,11901.0,1081.0,24.0,7.5583488e+07,9.416704e+08,2706.7799999999997,20.0,243836.0,5.0,243831.0,243831.0,2.0,0.0,0.0
2026-03-31 01:59:26,527,7.808282e+06,712820.0,15665.0,0.0,0.0,0.0,11901.0,1081.0,24.0,7.5583488e+07,9.416704e+08,2706.79,20.0,243836.0,5.0,243831.0,243831.0,2.0,0.0,0.0
2026-03-31 01:59:38,527,7.808282e+06,712820.0,15665.0,0.0,0.0,0.0,11901.0,1081.0,24.0,7.5583488e+07,9.416704e+08,2706.81,20.0,243836.0,5.0,243831.0,243831.0,2.0,0.0,0.0
2026-03-31 01:59:49,527,7.808282e+06,712820.0,15665.0,0.0,0.0,0.0,11901.0,1081.0,24.0,7.5583488e+07,9.416704e+08,2706.82,20.0,243836.0,5.0,243831.0,243831.0,2.0,0.0,0.0
2026-03-31 02:00:01,527,7.808282e+06,712820.0,15665.0,0.0,0.0,0.0,11901.0,1081.0,24.0,7.5583488e+07,9.416704e+08,2706.8399999999997,20.0,243836.0,5.0,243831.0,243831.0,2.0,0.0,0.0
2026-03-31 02:00:13,527,7.808282e+06,712820.0,15665.0,0.0,0.0,0.0,11901.0,1081.0,24.0,7.5583488e+07,9.416704e+08,2706.85,20.0,243836.0,5.0,243831.0,243831.0,2.0,0.0,0.0
2026-03-31 02:00:24,527,7.808282e+06,712820.0,15665.0,0.0,0.0,0.0,11901.0,1081.0,24.0,7.5583488e+07,9.416704e+08,2706.87,20.0,243836.0,5.0,243831.0,243831.0,2.0,0.0,0.0
2026-03-31 02:00:36,528,7.808282e+06,712820.0,15665.0,0.0,0.0,0.0,11901.0,1081.0,24.0,7.5452416e+07,9.416704e+08,2706.88,20.0,243836.0,5.0,243831.0,243831.0,2.0,0.0,0.0
2026-03-31 02:00:48,528,7.808282e+06,712820.0,15665.0,0.0,0.0,0.0,11901.0,1081.0,24.0,7.5452416e+07,9.416704e+08,2706.8999999999996,20.0,243836.0,5.0,243831.0,243831.0,2.0,0.0,0.0
2026-03-31 02:00:59,528,7.808282e+06,712820.0,15665.0,0.0,0.0,0.0,11901.0,1081.0,24.0,7.5452416e+07,9.416704e+08,2706.91,20.0,243836.0,5.0,243831.0,243831.0,2.0,0.0,0.0
2026-03-31 02:01:11,528,7.808282e+06,712820.0,15665.0,0.0,0.0,0.0,11901.0,1081.0,24.0,7.5452416e+07,9.416704e+08,2706.92,20.0,243836.0,5.0,243831.0,243831.0,2.0,0.0,0.0
2026-03-31 02:01:23,528,7.808282e+06,712820.0,15665.0,0.0,0.0,0.0,11901.0,1081.0,24.0,7.5452416e+07,9.416704e+08,2706.9399999999996,20.0,243836.0,5.0,243831.0,243831.0,2.0,0.0,0.0
2026-03-31 02:01:34,529,7.808282e+06,712820.0,15665.0,0.0,0.0,0.0,11901.0,1081.0,24.0,7.5452416e+07,9.416704e+08,2706.95,20.0,243836.0,5.0,243831.0,243831.0,2.0,0.0,0.0
2026-03-31 02:01:46,529,7.808282e+06,712820.0,15665.0,0.0,0.0,0.0,11901.0,1081.0,24.0,7.5452416e+07,9.416704e+08,2706.97,20.0,243836.0,5.0,243831.0,243831.0,2.0,0.0,0.0
2026-03-31 02:01:58,529,7.808282e+06,712820.0,15665.0,0.0,0.0,0.0,11901.0,1081.0,24.0,7.5452416e+07,9.416704e+08,2706.98,20.0,243836.0,5.0,243831.0,243831.0,2.0,0.0,0.0
2026-03-31 02:02:09,529,7.808282e+06,712820.0,15665.0,0.0,0.0,0.0,11901.0,1081.0,24.0,7.5452416e+07,9.416704e+08,2706.9900000000002,20.0,243836.0,5.0,243831.0,243831.0,2.0,0.0,0.0
2026-03-31 02:02:21,529,7.808282e+06,712820.0,15665.0,0.0,0.0,0.0,11901.0,1081.0,24.0,7.5452416e+07,9.416704e+08,2707.0200000000004,20.0,243836.0,5.0,243831.0,243831.0,2.0,0.0,0.0
2026-03-31 02:02:32,530,7.808282e+06,712820.0,15665.0,0.0,0.0,0.0,11901.0,1081.0,24.0,7.5452416e+07,9.416704e+08,2707.0299999999997,20.0,243836.0,5.0,243831.0,243831.0,2.0,0.0,0.0
2026-03-31 02:02:44,530,7.808282e+06,712820.0,15665.0,0.0,0.0,0.0,11901.0,1081.0,24.0,7.5452416e+07,9.416704e+08,2707.05,20.0,243836.0,5.0,243831.0,243831.0,2.0,0.0,0.0
2026-03-31 02:02:56,530,7.808282e+06,712820.0,15665.0,0.0,0.0,0.0,11901.0,1081.0,24.0,7.5452416e+07,9.416704e+08,2707.05,20.0,243836.0,5.0,243831.0,243831.0,2.0,0.0,0.0
2026-03-31 02:03:07,530,7.808282e+06,712820.0,15665.0,0.0,0.0,0.0,11901.0,1081.0,24.0,7.5452416e+07,9.416704e+08,2707.0699999999997,20.0,243836.0,5.0,243831.0,243831.0,2.0,0.0,0.0
2026-03-31 02:03:19,530,7.808282e+06,712820.0,15665.0,0.0,0.0,0.0,11901.0,1081.0,24.0,7.5452416e+07,9.416704e+08,2707.08,20.0,243836.0,5.0,243831.0,243831.0,2.0,0.0,0.0
2026-03-31 02:03:31,531,7.808282e+06,712820.0,15665.0,0.0,0.0,0.0,11901.0,1081.0,24.0,7.5452416e+07,9.416704e+08,2707.1,20.0,243836.0,5.0,243831.0,243831.0,2.0,0.0,0.0
2026-03-31 02:03:42,531,7.808282e+06,712820.0,15665.0,0.0,0.0,0.0,11901.0,1081.0,24.0,7.5452416e+07,9.416704e+08,2707.1200000000003,20.0,243836.0,5.0,243831.0,243831.0,2.0,0.0,0.0
2026-03-31 02:03:54,531,7.808282e+06,712820.0,15665.0,0.0,0.0,0.0,11901.0,1081.0,24.0,7.5452416e+07,9.416704e+08,2707.13,20.0,243836.0,5.0,243831.0,243831.0,2.0,0.0,0.0
2026-03-31 02:04:05,531,7.808282e+06,712820.0,15665.0,0.0,0.0,0.0,11901.0,1081.0,24.0,7.5452416e+07,9.416704e+08,2707.15,20.0,243836.0,5.0,243831.0,243831.0,2.0,0.0,0.0
2026-03-31 02:04:17,531,7.808282e+06,712820.0,15665.0,0.0,0.0,0.0,11901.0,1081.0,24.0,7.5452416e+07,9.416704e+08,2707.1600000000003,20.0,243836.0,5.0,243831.0,243831.0,2.0,0.0,0.0
2026-03-31 02:04:29,532,7.808282e+06,712820.0,15665.0,0.0,0.0,0.0,11901.0,1081.0,24.0,7.5452416e+07,9.416704e+08,2707.18,20.0,243836.0,5.0,243831.0,243831.0,2.0,0.0,0.0
2026-03-31 02:04:40,532,7.808282e+06,712820.0,15665.0,0.0,0.0,0.0,11901.0,1081.0,24.0,7.5452416e+07,9.416704e+08,2707.19,20.0,243836.0,5.0,243831.0,243831.0,2.0,0.0,0.0
2026-03-31 02:04:52,532,7.808282e+06,712820.0,15665.0,0.0,0.0,0.0,11901.0,1081.0,24.0,7.5452416e+07,9.416704e+08,2707.21,20.0,243836.0,5.0,243831.0,243831.0,2.0,0.0,0.0
2026-03-31 02:05:04,532,7.808282e+06,712820.0,15665.0,0.0,0.0,0.0,11901.0,1081.0,24.0,7.5452416e+07,9.416704e+08,2707.2200000000003,20.0,243836.0,5.0,243831.0,243831.0,2.0,0.0,0.0
2026-03-31 02:05:15,532,7.808282e+06,712820.0,15665.0,0.0,0.0,0.0,11901.0,1081.0,24.0,7.5452416e+07,9.416704e+08,2707.24,20.0,243836.0,5.0,243831.0,243831.0,2.0,0.0,0.0
2026-03-31 02:05:27,533,7.808282e+06,712820.0,15665.0,0.0,0.0,0.0,11901.0,1081.0,24.0,7.5452416e+07,9.416704e+08,2707.25,20.0,243836.0,5.0,243831.0,243831.0,2.0,0.0,0.0
2026-03-31 02:05:39,533,7.808282e+06,712820.0,15665.0,0.0,0.0,0.0,11901.0,1081.0,24.0,7.5452416e+07,9.416704e+08,2707.27,20.0,243836.0,5.0,243831.0,243831.0,2.0,0.0,0.0
2026-03-31 02:05:50,533,7.808282e+06,712820.0,15665.0,0.0,0.0,0.0,11901.0,1081.0,24.0,7.5452416e+07,9.416704e+08,2707.28,20.0,243836.0,5.0,243831.0,243831.0,2.0,0.0,0.0
2026-03-31 02:06:02,533,7.808282e+06,712820.0,15665.0,0.0,0.0,0.0,11901.0,1081.0,24.0,7.5321344e+07,9.416704e+08,2707.2999999999997,20.0,243836.0,5.0,243831.0,243831.0,2.0,0.0,0.0
2026-03-31 02:06:13,533,7.808282e+06,712820.0,15665.0,0.0,0.0,0.0,11901.0,1081.0,24.0,7.5321344e+07,9.416704e+08,2707.2999999999997,20.0,243836.0,5.0,243831.0,243831.0,2.0,0.0,0.0
2026-03-31 02:06:25,534,7.808282e+06,712820.0,15665.0,0.0,0.0,0.0,11901.0,1081.0,24.0,7.5321344e+07,9.416704e+08,2707.33,20.0,243836.0,5.0,243831.0,243831.0,2.0,0.0,0.0
2026-03-31 02:06:37,534,7.808282e+06,712820.0,15665.0,0.0,0.0,0.0,11901.0,1081.0,24.0,7.5321344e+07,9.416704e+08,2707.34,20.0,243836.0,5.0,243831.0,243831.0,2.0,0.0,0.0
2026-03-31 02:06:49,534,7.808282e+06,712820.0,15665.0,0.0,0.0,0.0,11901.0,1081.0,24.0,7.5321344e+07,9.416704e+08,2707.35,20.0,243836.0,5.0,243831.0,243831.0,2.0,0.0,0.0
2026-03-31 02:07:00,534,7.808282e+06,712820.0,15665.0,0.0,0.0,0.0,11901.0,1081.0,24.0,7.5321344e+07,9.416704e+08,2707.37,20.0,243836.0,5.0,243831.0,243831.0,2.0,0.0,0.0
2026-03-31 02:07:12,534,7.808282e+06,712820.0,15665.0,0.0,0.0,0.0,11901.0,1081.0,24.0,7.5321344e+07,9.416704e+08,2707.39,20.0,243836.0,5.0,243831.0,243831.0,2.0,0.0,0.0
2026-03-31 02:07:24,534,7.808282e+06,712820.0,15665.0,0.0,0.0,0.0,11901.0,1081.0,24.0,7.5321344e+07,9.416704e+08,2707.4,20.0,243836.0,5.0,243831.0,243831.0,2.0,0.0,0.0
2026-03-31 02:07:35,535,7.808282e+06,712820.0,15665.0,0.0,0.0,0.0,11901.0,1081.0,24.0,7.5321344e+07,9.416704e+08,2707.42,20.0,243836.0,5.0,243831.0,243831.0,2.0,0.0,0.0
2026-03-31 02:07:47,535,7.808282e+06,712820.0,15665.0,0.0,0.0,0.0,11901.0,1081.0,24.0,7.5321344e+07,9.416704e+08,2707.4300000000003,20.0,243836.0,5.0,243831.0,243831.0,2.0,0.0,0.0
2026-03-31 02:07:59,535,7.808282e+06,712820.0,15665.0,0.0,0.0,0.0,11901.0,1081.0,24.0,7.5321344e+07,9.416704e+08,2707.45,20.0,243836.0,5.0,243831.0,243831.0,2.0,0.0,0.0
2026-03-31 02:08:10,535,7.808282e+06,712820.0,15665.0,0.0,0.0,0.0,11901.0,1081.0,24.0,7.5321344e+07,9.416704e+08,2707.46,20.0,243836.0,5.0,243831.0,243831.0,2.0,0.0,0.0
2026-03-31 02:08:22,535,7.808282e+06,712820.0,15665.0,0.0,0.0,0.0,11901.0,1081.0,24.0,7.5321344e+07,9.416704e+08,2707.48,20.0,243836.0,5.0,243831.0,243831.0,2.0,0.0,0.0
2026-03-31 02:08:33,536,7.808282e+06,712820.0,15665.0,0.0,0.0,0.0,11901.0,1081.0,24.0,7.5321344e+07,9.416704e+08,2707.4900000000002,20.0,243836.0,5.0,243831.0,243831.0,2.0,0.0,0.0
2026-03-31 02:08:45,536,7.808282e+06,712820.0,15665.0,0.0,0.0,0.0,11901.0,1081.0,24.0,7.5321344e+07,9.416704e+08,2707.5,20.0,243836.0,5.0,243831.0,243831.0,2.0,0.0,0.0
2026-03-31 02:08:57,536,7.808282e+06,712820.0,15665.0,0.0,0.0,0.0,11901.0,1081.0,24.0,7.5321344e+07,9.416704e+08,2707.52,20.0,243836.0,5.0,243831.0,243831.0,2.0,0.0,0.0
2026-03-31 02:09:08,536,7.808282e+06,712820.0,15665.0,0.0,0.0,0.0,11901.0,1081.0,24.0,7.5321344e+07,9.416704e+08,2707.54,20.0,243836.0,5.0,243831.0,243831.0,2.0,0.0,0.0
2026-03-31 02:09:20,536,7.808282e+06,712820.0,15665.0,0.0,0.0,0.0,11901.0,1081.0,24.0,7.5321344e+07,9.416704e+08,2707.55,20.0,243836.0,5.0,243831.0,243831.0,2.0,0.0,0.0
2026-03-31 02:09:31,537,7.808282e+06,712820.0,15665.0,0.0,0.0,0.0,11901.0,1081.0,24.0,7.5321344e+07,9.416704e+08,2707.56,20.0,243836.0,5.0,243831.0,243831.0,2.0,0.0,0.0
2026-03-31 02:09:43,537,7.808282e+06,712820.0,15665.0,0.0,0.0,0.0,11901.0,1081.0,24.0,7.5321344e+07,9.416704e+08,2707.5699999999997,20.0,243836.0,5.0,243831.0,243831.0,2.0,0.0,0.0
2026-03-31 02:09:55,537,7.808282e+06,712820.0,15665.0,0.0,0.0,0.0,11901.0,1081.0,24.0,7.5321344e+07,9.416704e+08,2707.59,20.0,243836.0,5.0,243831.0,243831.0,2.0,0.0,0.0
2026-03-31 02:10:06,537,7.808282e+06,712820.0,15665.0,0.0,0.0,0.0,11901.0,1081.0,24.0,7.5321344e+07,9.416704e+08,2707.6,20.0,243836.0,5.0,243831.0,243831.0,2.0,0.0,0.0
2026-03-31 02:10:18,537,7.808282e+06,712820.0,15665.0,0.0,0.0,0.0,11901.0,1081.0,24.0,7.5321344e+07,9.416704e+08,2707.62,20.0,243836.0,5.0,243831.0,243831.0,2.0,0.0,0.0
2026-03-31 02:10:30,538,7.808282e+06,712820.0,15665.0,0.0,0.0,0.0,11901.0,1081.0,24.0,7.5321344e+07,9.416704e+08,2707.64,20.0,243836.0,5.0,243831.0,243831.0,2.0,0.0,0.0
2026-03-31 02:10:41,538,7.808282e+06,712820.0,15665.0,0.0,0.0,0.0,11901.0,1081.0,24.0,7.5321344e+07,9.416704e+08,2707.65,20.0,243836.0,5.0,243831.0,243831.0,2.0,0.0,0.0
2026-03-31 02:10:53,538,7.808282e+06,712820.0,15665.0,0.0,0.0,0.0,11901.0,1081.0,24.0,7.5321344e+07,9.416704e+08,2707.66,20.0,243836.0,5.0,243831.0,243831.0,2.0,0.0,0.0
2026-03-31 02:11:04,538,7.808282e+06,712820.0,15665.0,0.0,0.0,0.0,11901.0,1081.0,24.0,7.5321344e+07,9.416704e+08,2707.68,20.0,243836.0,5.0,243831.0,243831.0,2.0,0.0,0.0
2026-03-31 02:11:16,538,7.808282e+06,712820.0,15665.0,0.0,0.0,0.0,11901.0,1081.0,24.0,7.5321344e+07,9.416704e+08,2707.7,20.0,243836.0,5.0,243831.0,243831.0,2.0,0.0,0.0
2026-03-31 02:11:28,539,7.808282e+06,712820.0,15665.0,0.0,0.0,0.0,11901.0,1081.0,24.0,7.5321344e+07,9.416704e+08,2707.7099999999996,20.0,243836.0,5.0,243831.0,243831.0,2.0,0.0,0.0
2026-03-31 02:11:39,539,7.808282e+06,712820.0,15665.0,0.0,0.0,0.0,11901.0,1081.0,24.0,7.5321344e+07,9.416704e+08,2707.73,20.0,243836.0,5.0,243831.0,243831.0,2.0,0.0,0.0
2026-03-31 02:11:51,539,7.808282e+06,712820.0,15665.0,0.0,0.0,0.0,11901.0,1081.0,24.0,7.5321344e+07,9.416704e+08,2707.7400000000002,20.0,243836.0,5.0,243831.0,243831.0,2.0,0.0,0.0
2026-03-31 02:12:03,539,7.808282e+06,712820.0,15665.0,0.0,0.0,0.0,11901.0,1081.0,24.0,7.5321344e+07,9.416704e+08,2707.76,20.0,243836.0,5.0,243831.0,243831.0,2.0,0.0,0.0
2026-03-31 02:12:14,539,7.808282e+06,712820.0,15665.0,0.0,0.0,0.0,11901.0,1081.0,24.0,7.5321344e+07,9.416704e+08,2707.76,20.0,243836.0,5.0,243831.0,243831.0,2.0,0.0,0.0
2026-03-31 02:12:26,540,7.808282e+06,712820.0,15665.0,0.0,0.0,0.0,11901.0,1081.0,24.0,7.5321344e+07,9.416704e+08,2707.78,20.0,243836.0,5.0,243831.0,243831.0,2.0,0.0,0.0
2026-03-31 02:12:38,540,7.808282e+06,712820.0,15665.0,0.0,0.0,0.0,11901.0,1081.0,24.0,7.5321344e+07,9.416704e+08,2707.8100000000004,20.0,243836.0,5.0,243831.0,243831.0,2.0,0.0,0.0
2026-03-31 02:12:49,540,7.808282e+06,712820.0,15665.0,0.0,0.0,0.0,11901.0,1081.0,24.0,7.5321344e+07,9.416704e+08,2707.8199999999997,20.0,243836.0,5.0,243831.0,243831.0,2.0,0.0,0.0
2026-03-31 02:13:01,540,7.808282e+06,712820.0,15665.0,0.0,0.0,0.0,11901.0,1081.0,24.0,7.5321344e+07,9.416704e+08,2707.83,20.0,243836.0,5.0,243831.0,243831.0,2.0,0.0,0.0
2026-03-31 02:13:13,540,7.808282e+06,712820.0,15665.0,0.0,0.0,0.0,11901.0,1081.0,24.0,7.5321344e+07,9.416704e+08,2707.84,20.0,243836.0,5.0,243831.0,243831.0,2.0,0.0,0.0
2026-03-31 02:13:25,541,7.808282e+06,712820.0,15665.0,0.0,0.0,0.0,11901.0,1081.0,24.0,7.5321344e+07,9.416704e+08,2707.86,20.0,243836.0,5.0,243831.0,243831.0,2.0,0.0,0.0
2026-03-31 02:13:37,541,7.808282e+06,712820.0,15665.0,0.0,0.0,0.0,11901.0,1081.0,24.0,7.5321344e+07,9.416704e+08,2707.88,20.0,243836.0,5.0,243831.0,243831.0,2.0,0.0,0.0
2026-03-31 02:13:49,541,7.808282e+06,712820.0,15665.0,0.0,0.0,0.0,11901.0,1081.0,24.0,7.5321344e+07,9.416704e+08,2707.8900000000003,20.0,243836.0,5.0,243831.0,243831.0,2.0,0.0,0.0
2026-03-31 02:14:01,541,7.808282e+06,712820.0,15665.0,0.0,0.0,0.0,11901.0,1081.0,24.0,7.5321344e+07,9.416704e+08,2707.91,20.0,243836.0,5.0,243831.0,243831.0,2.0,0.0,0.0
2026-03-31 02:14:13,541,7.808282e+06,712820.0,15665.0,0.0,0.0,0.0,11901.0,1081.0,24.0,7.5321344e+07,9.416704e+08,2707.92,20.0,243836.0,5.0,243831.0,243831.0,2.0,0.0,0.0
2026-03-31 02:14:25,542,7.808282e+06,712820.0,15665.0,0.0,0.0,0.0,11901.0,1081.0,24.0,7.5321344e+07,9.416704e+08,2707.94,20.0,243836.0,5.0,243831.0,243831.0,2.0,0.0,0.0
2026-03-31 02:14:37,542,7.808282e+06,712820.0,15665.0,0.0,0.0,0.0,11901.0,1081.0,24.0,7.5321344e+07,9.416704e+08,2707.9500000000003,20.0,243836.0,5.0,243831.0,243831.0,2.0,0.0,0.0
2026-03-31 02:14:49,542,7.808282e+06,712820.0,15665.0,0.0,0.0,0.0,11901.0,1081.0,24.0,7.5321344e+07,9.416704e+08,2707.97,20.0,243836.0,5.0,243831.0,243831.0,2.0,0.0,0.0
2026-03-31 02:15:01,542,7.808282e+06,712820.0,15665.0,0.0,0.0,0.0,11901.0,1081.0,24.0,7.5321344e+07,9.416704e+08,2707.98,20.0,243836.0,5.0,243831.0,243831.0,2.0,0.0,0.0
2026-03-31 02:15:13,542,7.808282e+06,712820.0,15665.0,0.0,0.0,0.0,11901.0,1081.0,24.0,7.5321344e+07,9.416704e+08,2708.0,20.0,243836.0,5.0,243831.0,243831.0,2.0,0.0,0.0
2026-03-31 02:15:25,543,7.808282e+06,712820.0,15665.0,0.0,0.0,0.0,11901.0,1081.0,24.0,7.5321344e+07,9.416704e+08,2708.02,20.0,243836.0,5.0,243831.0,243831.0,2.0,0.0,0.0
2026-03-31 02:15:37,543,7.808282e+06,712820.0,15665.0,0.0,0.0,0.0,11901.0,1081.0,24.0,7.5321344e+07,9.416704e+08,2708.04,20.0,243836.0,5.0,243831.0,243831.0,2.0,0.0,0.0
2026-03-31 02:15:49,543,7.808282e+06,712820.0,15665.0,0.0,0.0,0.0,11901.0,1081.0,24.0,7.5321344e+07,9.416704e+08,2708.0499999999997,20.0,243836.0,5.0,243831.0,243831.0,2.0,0.0,0.0
2026-03-31 02:16:01,543,7.808282e+06,712820.0,15665.0,0.0,0.0,0.0,11901.0,1081.0,24.0,7.5321344e+07,9.416704e+08,2708.06,20.0,243836.0,5.0,243831.0,243831.0,2.0,0.0,0.0
2026-03-31 02:16:13,543,7.808282e+06,712820.0,15665.0,0.0,0.0,0.0,11901.0,1081.0,24.0,7.5321344e+07,9.416704e+08,2708.08,20.0,243836.0,5.0,243831.0,243831.0,2.0,0.0,0.0
2026-03-31 02:16:25,544,7.808282e+06,712820.0,15665.0,0.0,0.0,0.0,11901.0,1081.0,24.0,7.5321344e+07,9.416704e+08,2708.09,20.0,243836.0,5.0,243831.0,243831.0,2.0,0.0,0.0
2026-03-31 02:16:37,544,7.808282e+06,712820.0,15665.0,0.0,0.0,0.0,11901.0,1081.0,24.0,7.5321344e+07,9.416704e+08,2708.11,20.0,243836.0,5.0,243831.0,243831.0,2.0,0.0,0.0
2026-03-31 02:16:48,544,7.808282e+06,712820.0,15665.0,0.0,0.0,0.0,11901.0,1081.0,24.0,7.5321344e+07,9.416704e+08,2708.12,20.0,243836.0,5.0,243831.0,243831.0,2.0,0.0,0.0
2026-03-31 02:17:00,544,7.808282e+06,712820.0,15665.0,0.0,0.0,0.0,11901.0,1081.0,24.0,7.5321344e+07,9.416704e+08,2708.1400000000003,20.0,243836.0,5.0,243831.0,243831.0,2.0,0.0,0.0
2026-03-31 02:17:12,544,7.808282e+06,712820.0,15665.0,0.0,0.0,0.0,11901.0,1081.0,24.0,7.5321344e+07,9.416704e+08,2708.15,20.0,243836.0,5.0,243831.0,243831.0,2.0,0.0,0.0
2026-03-31 02:17:24,544,7.808282e+06,712820.0,15665.0,0.0,0.0,0.0,11901.0,1081.0,24.0,7.5321344e+07,9.416704e+08,2708.17,20.0,243836.0,5.0,243831.0,243831.0,2.0,0.0,0.0
2026-03-31 02:17:36,545,7.808282e+06,712820.0,15665.0,0.0,0.0,0.0,11901.0,1081.0,24.0,7.5321344e+07,9.416704e+08,2708.18,20.0,243836.0,5.0,243831.0,243831.0,2.0,0.0,0.0
2026-03-31 02:17:47,545,7.808282e+06,712820.0,15665.0,0.0,0.0,0.0,11901.0,1081.0,24.0,7.5321344e+07,9.416704e+08,2708.2000000000003,20.0,243836.0,5.0,243831.0,243831.0,2.0,0.0,0.0
2026-03-31 02:17:59,545,7.808282e+06,712820.0,15665.0,0.0,0.0,0.0,11901.0,1081.0,24.0,7.5321344e+07,9.416704e+08,2708.21,20.0,243836.0,5.0,243831.0,243831.0,2.0,0.0,0.0
2026-03-31 02:18:11,545,7.808282e+06,712820.0,15665.0,0.0,0.0,0.0,11901.0,1081.0,24.0,7.5321344e+07,9.416704e+08,2708.23,20.0,243836.0,5.0,243831.0,243831.0,2.0,0.0,0.0
2026-03-31 02:18:22,545,7.808282e+06,712820.0,15665.0,0.0,0.0,0.0,11901.0,1081.0,24.0,7.5321344e+07,9.416704e+08,2708.24,20.0,243836.0,5.0,243831.0,243831.0,2.0,0.0,0.0
2026-03-31 02:18:34,546,7.808282e+06,712820.0,15665.0,0.0,0.0,0.0,11901.0,1081.0,24.0,7.5321344e+07,9.416704e+08,2708.27,20.0,243836.0,5.0,243831.0,243831.0,2.0,0.0,0.0
2026-03-31 02:18:46,546,7.808282e+06,712820.0,15665.0,0.0,0.0,0.0,11901.0,1081.0,24.0,7.5321344e+07,9.416704e+08,2708.28,20.0,243836.0,5.0,243831.0,243831.0,2.0,0.0,0.0
2026-03-31 02:18:58,546,7.808282e+06,712820.0,15665.0,0.0,0.0,0.0,11901.0,1081.0,24.0,7.5321344e+07,9.416704e+08,2708.2999999999997,20.0,243836.0,5.0,243831.0,243831.0,2.0,0.0,0.0
2026-03-31 02:19:10,546,7.808282e+06,712820.0,15665.0,0.0,0.0,0.0,11901.0,1081.0,24.0,7.5321344e+07,9.416704e+08,2708.2999999999997,20.0,243836.0,5.0,243831.0,243831.0,2.0,0.0,0.0
2026-03-31 02:19:21,546,7.808282e+06,712820.0,15665.0,0.0,0.0,0.0,11901.0,1081.0,24.0,7.5321344e+07,9.416704e+08,2708.33,20.0,243836.0,5.0,243831.0,243831.0,2.0,0.0,0.0
2026-03-31 02:19:33,547,7.808282e+06,712820.0,15665.0,0.0,0.0,0.0,11901.0,1081.0,24.0,7.5321344e+07,9.416704e+08,2708.34,20.0,243836.0,5.0,243831.0,243831.0,2.0,0.0,0.0
2026-03-31 02:19:45,547,7.808282e+06,712820.0,15665.0,0.0,0.0,0.0,11901.0,1081.0,24.0,7.5321344e+07,9.416704e+08,2708.3599999999997,20.0,243836.0,5.0,243831.0,243831.0,2.0,0.0,0.0
2026-03-31 02:19:57,547,7.808282e+06,712820.0,15665.0,0.0,0.0,0.0,11901.0,1081.0,24.0,7.5321344e+07,9.416704e+08,2708.37,20.0,243836.0,5.0,243831.0,243831.0,2.0,0.0,0.0
2026-03-31 02:20:08,547,7.808282e+06,712820.0,15665.0,0.0,0.0,0.0,11901.0,1081.0,24.0,7.5321344e+07,9.416704e+08,2708.39,20.0,243836.0,5.0,243831.0,243831.0,2.0,0.0,0.0
2026-03-31 02:20:20,547,7.808282e+06,712820.0,15665.0,0.0,0.0,0.0,11901.0,1081.0,24.0,7.5321344e+07,9.416704e+08,2708.4,20.0,243836.0,5.0,243831.0,243831.0,2.0,0.0,0.0
2026-03-31 02:20:32,548,7.808282e+06,712820.0,15665.0,0.0,0.0,0.0,11901.0,1081.0,24.0,7.5321344e+07,9.416704e+08,2708.4199999999996,20.0,243836.0,5.0,243831.0,243831.0,2.0,0.0,0.0
2026-03-31 02:20:43,548,7.808282e+06,712820.0,15665.0,0.0,0.0,0.0,11901.0,1081.0,24.0,7.5321344e+07,9.416704e+08,2708.43,20.0,243836.0,5.0,243831.0,243831.0,2.0,0.0,0.0
2026-03-31 02:20:55,548,7.808282e+06,712820.0,15665.0,0.0,0.0,0.0,11901.0,1081.0,24.0,7.5321344e+07,9.416704e+08,2708.45,20.0,243836.0,5.0,243831.0,243831.0,2.0,0.0,0.0
2026-03-31 02:21:07,548,7.808282e+06,712820.0,15665.0,0.0,0.0,0.0,11901.0,1081.0,24.0,7.5321344e+07,9.416704e+08,2708.4599999999996,20.0,243836.0,5.0,243831.0,243831.0,2.0,0.0,0.0
2026-03-31 02:21:19,548,7.808282e+06,712820.0,15665.0,0.0,0.0,0.0,11901.0,1081.0,24.0,7.5321344e+07,9.416704e+08,2708.48,20.0,243836.0,5.0,243831.0,243831.0,2.0,0.0,0.0
2026-03-31 02:21:31,549,7.808282e+06,712820.0,15665.0,0.0,0.0,0.0,11901.0,1081.0,24.0,7.5321344e+07,9.416704e+08,2708.49,20.0,243836.0,5.0,243831.0,243831.0,2.0,0.0,0.0
2026-03-31 02:21:42,549,7.808282e+06,712820.0,15665.0,0.0,0.0,0.0,11901.0,1081.0,24.0,7.5321344e+07,9.416704e+08,2708.5,20.0,243836.0,5.0,243831.0,243831.0,2.0,0.0,0.0
2026-03-31 02:21:54,549,7.808282e+06,712820.0,15665.0,0.0,0.0,0.0,11901.0,1081.0,24.0,7.5321344e+07,9.416704e+08,2708.52,20.0,243836.0,5.0,243831.0,243831.0,2.0,0.0,0.0
2026-03-31 02:22:06,549,7.808282e+06,712820.0,15665.0,0.0,0.0,0.0,11901.0,1081.0,24.0,7.5321344e+07,9.416704e+08,2708.53,20.0,243836.0,5.0,243831.0,243831.0,2.0,0.0,0.0
2026-03-31 02:22:17,549,7.808282e+06,712820.0,15665.0,0.0,0.0,0.0,11901.0,1081.0,24.0,7.5321344e+07,9.416704e+08,2708.55,20.0,243836.0,5.0,243831.0,243831.0,2.0,0.0,0.0
2026-03-31 02:22:29,550,7.808282e+06,712820.0,15665.0,0.0,0.0,0.0,11901.0,1081.0,24.0,7.5190272e+07,9.416704e+08,2708.5699999999997,20.0,243836.0,5.0,243831.0,243831.0,2.0,0.0,0.0
2026-03-31 02:22:41,550,7.808282e+06,712820.0,15665.0,0.0,0.0,0.0,11901.0,1081.0,24.0,7.5190272e+07,9.416704e+08,2708.58,20.0,243836.0,5.0,243831.0,243831.0,2.0,0.0,0.0
2026-03-31 02:22:53,550,7.808282e+06,712820.0,15665.0,0.0,0.0,0.0,11901.0,1081.0,24.0,7.5190272e+07,9.416704e+08,2708.6,20.0,243836.0,5.0,243831.0,243831.0,2.0,0.0,0.0
2026-03-31 02:23:04,550,7.808282e+06,712820.0,15665.0,0.0,0.0,0.0,11901.0,1081.0,24.0,7.5190272e+07,9.416704e+08,2708.6099999999997,20.0,243836.0,5.0,243831.0,243831.0,2.0,0.0,0.0
2026-03-31 02:23:16,550,7.808282e+06,712820.0,15665.0,0.0,0.0,0.0,11901.0,1081.0,24.0,7.5190272e+07,9.416704e+08,2708.62,20.0,243836.0,5.0,243831.0,243831.0,2.0,0.0,0.0
2026-03-31 02:23:28,551,7.808282e+06,712820.0,15665.0,0.0,0.0,0.0,11901.0,1081.0,24.0,7.5190272e+07,9.416704e+08,2708.6400000000003,20.0,243836.0,5.0,243831.0,243831.0,2.0,0.0,0.0
2026-03-31 02:23:39,551,7.808282e+06,712820.0,15665.0,0.0,0.0,0.0,11901.0,1081.0,24.0,7.5190272e+07,9.416704e+08,2708.66,20.0,243836.0,5.0,243831.0,243831.0,2.0,0.0,0.0
2026-03-31 02:23:51,551,7.808282e+06,712820.0,15665.0,0.0,0.0,0.0,11901.0,1081.0,24.0,7.5190272e+07,9.416704e+08,2708.67,20.0,243836.0,5.0,243831.0,243831.0,2.0,0.0,0.0
2026-03-31 02:24:03,551,7.808282e+06,712820.0,15665.0,0.0,0.0,0.0,11901.0,1081.0,24.0,7.5190272e+07,9.416704e+08,2708.68,20.0,243836.0,5.0,243831.0,243831.0,2.0,0.0,0.0
2026-03-31 02:24:15,551,7.808282e+06,712820.0,15665.0,0.0,0.0,0.0,11901.0,1081.0,24.0,7.5190272e+07,9.416704e+08,2708.7000000000003,20.0,243836.0,5.0,243831.0,243831.0,2.0,0.0,0.0
2026-03-31 02:24:27,552,7.808282e+06,712820.0,15665.0,0.0,0.0,0.0,11901.0,1081.0,24.0,7.5190272e+07,9.416704e+08,2708.71,20.0,243836.0,5.0,243831.0,243831.0,2.0,0.0,0.0
2026-03-31 02:24:38,552,7.808282e+06,712820.0,15665.0,0.0,0.0,0.0,11901.0,1081.0,24.0,7.5190272e+07,9.416704e+08,2708.73,20.0,243836.0,5.0,243831.0,243831.0,2.0,0.0,0.0
2026-03-31 02:24:50,552,7.808282e+06,712820.0,15665.0,0.0,0.0,0.0,11901.0,1081.0,24.0,7.5190272e+07,9.416704e+08,2708.74,20.0,243836.0,5.0,243831.0,243831.0,2.0,0.0,0.0
2026-03-31 02:25:02,552,7.808282e+06,712820.0,15665.0,0.0,0.0,0.0,11901.0,1081.0,24.0,7.5190272e+07,9.416704e+08,2708.76,20.0,243836.0,5.0,243831.0,243831.0,2.0,0.0,0.0
2026-03-31 02:25:14,552,7.808282e+06,712820.0,15665.0,0.0,0.0,0.0,11901.0,1081.0,24.0,7.5190272e+07,9.416704e+08,2708.77,20.0,243836.0,5.0,243831.0,243831.0,2.0,0.0,0.0
2026-03-31 02:25:25,553,7.808282e+06,712820.0,15665.0,0.0,0.0,0.0,11901.0,1081.0,24.0,7.5190272e+07,9.416704e+08,2708.79,20.0,243836.0,5.0,243831.0,243831.0,2.0,0.0,0.0
2026-03-31 02:25:37,553,7.808282e+06,712820.0,15665.0,0.0,0.0,0.0,11901.0,1081.0,24.0,7.5190272e+07,9.416704e+08,2708.8,20.0,243836.0,5.0,243831.0,243831.0,2.0,0.0,0.0
2026-03-31 02:25:49,553,7.808282e+06,712820.0,15665.0,0.0,0.0,0.0,11901.0,1081.0,24.0,7.5190272e+07,9.416704e+08,2708.82,20.0,243836.0,5.0,243831.0,243831.0,2.0,0.0,0.0
2026-03-31 02:26:00,553,7.808282e+06,712820.0,15665.0,0.0,0.0,0.0,11901.0,1081.0,24.0,7.5190272e+07,9.416704e+08,2708.83,20.0,243836.0,5.0,243831.0,243831.0,2.0,0.0,0.0
2026-03-31 02:26:12,553,7.808282e+06,712820.0,15665.0,0.0,0.0,0.0,11901.0,1081.0,24.0,7.5190272e+07,9.416704e+08,2708.8500000000004,20.0,243836.0,5.0,243831.0,243831.0,2.0,0.0,0.0
2026-03-31 02:26:24,553,7.808282e+06,712820.0,15665.0,0.0,0.0,0.0,11901.0,1081.0,24.0,7.5190272e+07,9.416704e+08,2708.86,20.0,243836.0,5.0,243831.0,243831.0,2.0,0.0,0.0
2026-03-31 02:26:36,554,7.808282e+06,712820.0,15665.0,0.0,0.0,0.0,11901.0,1081.0,24.0,7.5190272e+07,9.416704e+08,2708.88,20.0,243836.0,5.0,243831.0,243831.0,2.0,0.0,0.0
2026-03-31 02:26:48,554,7.808282e+06,712820.0,15665.0,0.0,0.0,0.0,11901.0,1081.0,24.0,7.5190272e+07,9.416704e+08,2708.9,20.0,243836.0,5.0,243831.0,243831.0,2.0,0.0,0.0
2026-03-31 02:26:59,554,7.808282e+06,712820.0,15665.0,0.0,0.0,0.0,11901.0,1081.0,24.0,7.5190272e+07,9.416704e+08,2708.92,20.0,243836.0,5.0,243831.0,243831.0,2.0,0.0,0.0
2026-03-31 02:27:11,554,7.808282e+06,712820.0,15665.0,0.0,0.0,0.0,11901.0,1081.0,24.0,7.5190272e+07,9.416704e+08,2708.9300000000003,20.0,243836.0,5.0,243831.0,243831.0,2.0,0.0,0.0
2026-03-31 02:27:23,554,7.808282e+06,712820.0,15665.0,0.0,0.0,0.0,11901.0,1081.0,24.0,7.5190272e+07,9.416704e+08,2708.94,20.0,243836.0,5.0,243831.0,243831.0,2.0,0.0,0.0
2026-03-31 02:27:35,555,7.808282e+06,712820.0,15665.0,0.0,0.0,0.0,11901.0,1081.0,24.0,7.5190272e+07,9.416704e+08,2708.96,20.0,243836.0,5.0,243831.0,243831.0,2.0,0.0,0.0
2026-03-31 02:27:46,555,7.808282e+06,712820.0,15665.0,0.0,0.0,0.0,11901.0,1081.0,24.0,7.5190272e+07,9.416704e+08,2708.9700000000003,20.0,243836.0,5.0,243831.0,243831.0,2.0,0.0,0.0
2026-03-31 02:27:58,555,7.808282e+06,712820.0,15665.0,0.0,0.0,0.0,11901.0,1081.0,24.0,7.5190272e+07,9.416704e+08,2708.99,20.0,243836.0,5.0,243831.0,243831.0,2.0,0.0,0.0
2026-03-31 02:28:10,555,7.808282e+06,712820.0,15665.0,0.0,0.0,0.0,11901.0,1081.0,24.0,7.5190272e+07,9.416704e+08,2709.0,20.0,243836.0,5.0,243831.0,243831.0,2.0,0.0,0.0
2026-03-31 02:28:21,555,7.808282e+06,712820.0,15665.0,0.0,0.0,0.0,11901.0,1081.0,24.0,7.5190272e+07,9.416704e+08,2709.02,20.0,243836.0,5.0,243831.0,243831.0,2.0,0.0,0.0
2026-03-31 02:28:33,556,7.808282e+06,712820.0,15665.0,0.0,0.0,0.0,11901.0,1081.0,24.0,7.5190272e+07,9.416704e+08,2709.04,20.0,243836.0,5.0,243831.0,243831.0,2.0,0.0,0.0
2026-03-31 02:28:45,556,7.808282e+06,712820.0,15665.0,0.0,0.0,0.0,11901.0,1081.0,24.0,7.5190272e+07,9.416704e+08,2709.0499999999997,20.0,243836.0,5.0,243831.0,243831.0,2.0,0.0,0.0
2026-03-31 02:28:57,556,7.808282e+06,712820.0,15665.0,0.0,0.0,0.0,11901.0,1081.0,24.0,7.5190272e+07,9.416704e+08,2709.07,20.0,243836.0,5.0,243831.0,243831.0,2.0,0.0,0.0
2026-03-31 02:29:08,556,7.808282e+06,712820.0,15665.0,0.0,0.0,0.0,11901.0,1081.0,24.0,7.5190272e+07,9.416704e+08,2709.08,20.0,243836.0,5.0,243831.0,243831.0,2.0,0.0,0.0
2026-03-31 02:29:20,556,7.808282e+06,712820.0,15665.0,0.0,0.0,0.0,11901.0,1081.0,24.0,7.5190272e+07,9.416704e+08,2709.09,20.0,243836.0,5.0,243831.0,243831.0,2.0,0.0,0.0
2026-03-31 02:29:32,557,7.808282e+06,712820.0,15665.0,0.0,0.0,0.0,11901.0,1081.0,24.0,7.5190272e+07,9.416704e+08,2709.1099999999997,20.0,243836.0,5.0,243831.0,243831.0,2.0,0.0,0.0
2026-03-31 02:29:44,557,7.808282e+06,712820.0,15665.0,0.0,0.0,0.0,11901.0,1081.0,24.0,7.5190272e+07,9.416704e+08,2709.13,20.0,243836.0,5.0,243831.0,243831.0,2.0,0.0,0.0
2026-03-31 02:29:55,557,7.808282e+06,712820.0,15665.0,0.0,0.0,0.0,11901.0,1081.0,24.0,7.5190272e+07,9.416704e+08,2709.14,20.0,243836.0,5.0,243831.0,243831.0,2.0,0.0,0.0
2026-03-31 02:30:07,557,7.808282e+06,712820.0,15665.0,0.0,0.0,0.0,11901.0,1081.0,24.0,7.5190272e+07,9.416704e+08,2709.1499999999996,20.0,243836.0,5.0,243831.0,243831.0,2.0,0.0,0.0
2026-03-31 02:30:19,557,7.808282e+06,712820.0,15665.0,0.0,0.0,0.0,11901.0,1081.0,24.0,7.5190272e+07,9.416704e+08,2709.17,20.0,243836.0,5.0,243831.0,243831.0,2.0,0.0,0.0
2026-03-31 02:30:31,558,7.808282e+06,712820.0,15665.0,0.0,0.0,0.0,11901.0,1081.0,24.0,7.5190272e+07,9.416704e+08,2709.19,20.0,243836.0,5.0,243831.0,243831.0,2.0,0.0,0.0
2026-03-31 02:30:42,558,7.808282e+06,712820.0,15665.0,0.0,0.0,0.0,11901.0,1081.0,24.0,7.5190272e+07,9.416704e+08,2709.2,20.0,243836.0,5.0,243831.0,243831.0,2.0,0.0,0.0
2026-03-31 02:30:54,558,7.808282e+06,712820.0,15665.0,0.0,0.0,0.0,11901.0,1081.0,24.0,7.5190272e+07,9.416704e+08,2709.2099999999996,20.0,243836.0,5.0,243831.0,243831.0,2.0,0.0,0.0
2026-03-31 02:31:06,558,7.808282e+06,712820.0,15665.0,0.0,0.0,0.0,11901.0,1081.0,24.0,7.5190272e+07,9.416704e+08,2709.23,20.0,243836.0,5.0,243831.0,243831.0,2.0,0.0,0.0
2026-03-31 02:31:18,558,7.808282e+06,712820.0,15665.0,0.0,0.0,0.0,11901.0,1081.0,24.0,7.5190272e+07,9.416704e+08,2709.25,20.0,243836.0,5.0,243831.0,243831.0,2.0,0.0,0.0
2026-03-31 02:31:29,559,7.808282e+06,712820.0,15665.0,0.0,0.0,0.0,11901.0,1081.0,24.0,7.5190272e+07,9.416704e+08,2709.26,20.0,243836.0,5.0,243831.0,243831.0,2.0,0.0,0.0
2026-03-31 02:31:41,559,7.808282e+06,712820.0,15665.0,0.0,0.0,0.0,11901.0,1081.0,24.0,7.5190272e+07,9.416704e+08,2709.2799999999997,20.0,243836.0,5.0,243831.0,243831.0,2.0,0.0,0.0
2026-03-31 02:31:53,559,7.808282e+06,712820.0,15665.0,0.0,0.0,0.0,11901.0,1081.0,24.0,7.5190272e+07,9.416704e+08,2709.29,20.0,243836.0,5.0,243831.0,243831.0,2.0,0.0,0.0
2026-03-31 02:32:05,559,7.808282e+06,712820.0,15665.0,0.0,0.0,0.0,11901.0,1081.0,24.0,7.5190272e+07,9.416704e+08,2709.3,20.0,243836.0,5.0,243831.0,243831.0,2.0,0.0,0.0
2026-03-31 02:32:16,559,7.808282e+06,712820.0,15665.0,0.0,0.0,0.0,11901.0,1081.0,24.0,7.5190272e+07,9.416704e+08,2709.32,20.0,243836.0,5.0,243831.0,243831.0,2.0,0.0,0.0
2026-03-31 02:32:28,560,7.808282e+06,712820.0,15665.0,0.0,0.0,0.0,11901.0,1081.0,24.0,7.5190272e+07,9.416704e+08,2709.33,20.0,243836.0,5.0,243831.0,243831.0,2.0,0.0,0.0
2026-03-31 02:32:40,560,7.808282e+06,712820.0,15665.0,0.0,0.0,0.0,11901.0,1081.0,24.0,7.5190272e+07,9.416704e+08,2709.35,20.0,243836.0,5.0,243831.0,243831.0,2.0,0.0,0.0
2026-03-31 02:32:52,560,7.808282e+06,712820.0,15665.0,0.0,0.0,0.0,11901.0,1081.0,24.0,7.5190272e+07,9.416704e+08,2709.36,20.0,243836.0,5.0,243831.0,243831.0,2.0,0.0,0.0
2026-03-31 02:33:03,560,7.808282e+06,712820.0,15665.0,0.0,0.0,0.0,11901.0,1081.0,24.0,7.5190272e+07,9.416704e+08,2709.38,20.0,243836.0,5.0,243831.0,243831.0,2.0,0.0,0.0
2026-03-31 02:33:15,560,7.808282e+06,712820.0,15665.0,0.0,0.0,0.0,11901.0,1081.0,24.0,7.5190272e+07,9.416704e+08,2709.3900000000003,20.0,243836.0,5.0,243831.0,243831.0,2.0,0.0,0.0
2026-03-31 02:33:27,561,7.808282e+06,712820.0,15665.0,0.0,0.0,0.0,11901.0,1081.0,24.0,7.5190272e+07,9.416704e+08,2709.41,20.0,243836.0,5.0,243831.0,243831.0,2.0,0.0,0.0
2026-03-31 02:33:39,561,7.808282e+06,712820.0,15665.0,0.0,0.0,0.0,11901.0,1081.0,24.0,7.5190272e+07,9.416704e+08,2709.42,20.0,243836.0,5.0,243831.0,243831.0,2.0,0.0,0.0
2026-03-31 02:33:50,561,7.808282e+06,712820.0,15665.0,0.0,0.0,0.0,11901.0,1081.0,24.0,7.5190272e+07,9.416704e+08,2709.44,20.0,243836.0,5.0,243831.0,243831.0,2.0,0.0,0.0
2026-03-31 02:34:02,561,7.808282e+06,712820.0,15665.0,0.0,0.0,0.0,11901.0,1081.0,24.0,7.5190272e+07,9.416704e+08,2709.4500000000003,20.0,243836.0,5.0,243831.0,243831.0,2.0,0.0,0.0
2026-03-31 02:34:14,561,7.808282e+06,712820.0,15665.0,0.0,0.0,0.0,11901.0,1081.0,24.0,7.5190272e+07,9.416704e+08,2709.47,20.0,243836.0,5.0,243831.0,243831.0,2.0,0.0,0.0
2026-03-31 02:34:26,562,7.808282e+06,712820.0,15665.0,0.0,0.0,0.0,11901.0,1081.0,24.0,7.5190272e+07,9.416704e+08,2709.48,20.0,243836.0,5.0,243831.0,243831.0,2.0,0.0,0.0
2026-03-31 02:34:37,562,7.808282e+06,712820.0,15665.0,0.0,0.0,0.0,11901.0,1081.0,24.0,7.5190272e+07,9.416704e+08,2709.5,20.0,243836.0,5.0,243831.0,243831.0,2.0,0.0,0.0
2026-03-31 02:34:49,562,7.808282e+06,712820.0,15665.0,0.0,0.0,0.0,11901.0,1081.0,24.0,7.5190272e+07,9.416704e+08,2709.51,20.0,243836.0,5.0,243831.0,243831.0,2.0,0.0,0.0
2026-03-31 02:35:01,562,7.808282e+06,712820.0,15665.0,0.0,0.0,0.0,11901.0,1081.0,24.0,7.5190272e+07,9.416704e+08,2709.5299999999997,20.0,243836.0,5.0,243831.0,243831.0,2.0,0.0,0.0
2026-03-31 02:35:12,562,7.808282e+06,712820.0,15665.0,0.0,0.0,0.0,11901.0,1081.0,24.0,7.5190272e+07,9.416704e+08,2709.54,20.0,243836.0,5.0,243831.0,243831.0,2.0,0.0,0.0
2026-03-31 02:35:24,562,7.808282e+06,712820.0,15665.0,0.0,0.0,0.0,11901.0,1081.0,24.0,7.5190272e+07,9.416704e+08,2709.56,20.0,243836.0,5.0,243831.0,243831.0,2.0,0.0,0.0
2026-03-31 02:35:36,563,7.808282e+06,712820.0,15665.0,0.0,0.0,0.0,11901.0,1081.0,24.0,7.5190272e+07,9.416704e+08,2709.5699999999997,20.0,243836.0,5.0,243831.0,243831.0,2.0,0.0,0.0
2026-03-31 02:35:48,563,7.808282e+06,712820.0,15665.0,0.0,0.0,0.0,11901.0,1081.0,24.0,7.5190272e+07,9.416704e+08,2709.58,20.0,243836.0,5.0,243831.0,243831.0,2.0,0.0,0.0
2026-03-31 02:35:59,563,7.808282e+06,712820.0,15665.0,0.0,0.0,0.0,11901.0,1081.0,24.0,7.5190272e+07,9.416704e+08,2709.6000000000004,20.0,243836.0,5.0,243831.0,243831.0,2.0,0.0,0.0
2026-03-31 02:36:11,563,7.808282e+06,712820.0,15665.0,0.0,0.0,0.0,11901.0,1081.0,24.0,7.5190272e+07,9.416704e+08,2709.62,20.0,243836.0,5.0,243831.0,243831.0,2.0,0.0,0.0
2026-03-31 02:36:23,563,7.808282e+06,712820.0,15665.0,0.0,0.0,0.0,11901.0,1081.0,24.0,7.5190272e+07,9.416704e+08,2709.63,20.0,243836.0,5.0,243831.0,243831.0,2.0,0.0,0.0
2026-03-31 02:36:34,564,7.808282e+06,712820.0,15665.0,0.0,0.0,0.0,11901.0,1081.0,24.0,7.5190272e+07,9.416704e+08,2709.64,20.0,243836.0,5.0,243831.0,243831.0,2.0,0.0,0.0
2026-03-31 02:36:46,564,7.808282e+06,712820.0,15665.0,0.0,0.0,0.0,11901.0,1081.0,24.0,7.5190272e+07,9.416704e+08,2709.6600000000003,20.0,243836.0,5.0,243831.0,243831.0,2.0,0.0,0.0
2026-03-31 02:36:58,564,7.808282e+06,712820.0,15665.0,0.0,0.0,0.0,11901.0,1081.0,24.0,7.5190272e+07,9.416704e+08,2709.67,20.0,243836.0,5.0,243831.0,243831.0,2.0,0.0,0.0
2026-03-31 02:37:10,564,7.808282e+06,712820.0,15665.0,0.0,0.0,0.0,11901.0,1081.0,24.0,7.5190272e+07,9.416704e+08,2709.69,20.0,243836.0,5.0,243831.0,243831.0,2.0,0.0,0.0
2026-03-31 02:37:21,564,7.808282e+06,712820.0,15665.0,0.0,0.0,0.0,11901.0,1081.0,24.0,7.5190272e+07,9.416704e+08,2709.7,20.0,243836.0,5.0,243831.0,243831.0,2.0,0.0,0.0
2026-03-31 02:37:33,565,7.808282e+06,712820.0,15665.0,0.0,0.0,0.0,11901.0,1081.0,24.0,7.5190272e+07,9.416704e+08,2709.7200000000003,20.0,243836.0,5.0,243831.0,243831.0,2.0,0.0,0.0
2026-03-31 02:37:45,565,7.808282e+06,712820.0,15665.0,0.0,0.0,0.0,11901.0,1081.0,24.0,7.5190272e+07,9.416704e+08,2709.74,20.0,243836.0,5.0,243831.0,243831.0,2.0,0.0,0.0
2026-03-31 02:37:57,565,7.808282e+06,712820.0,15665.0,0.0,0.0,0.0,11901.0,1081.0,24.0,7.5190272e+07,9.416704e+08,2709.75,20.0,243836.0,5.0,243831.0,243831.0,2.0,0.0,0.0
2026-03-31 02:38:08,565,7.808282e+06,712820.0,15665.0,0.0,0.0,0.0,11901.0,1081.0,24.0,7.5190272e+07,9.416704e+08,2709.77,20.0,243836.0,5.0,243831.0,243831.0,2.0,0.0,0.0
2026-03-31 02:38:20,565,7.808282e+06,712820.0,15665.0,0.0,0.0,0.0,11901.0,1081.0,24.0,7.5190272e+07,9.416704e+08,2709.78,20.0,243836.0,5.0,243831.0,243831.0,2.0,0.0,0.0
2026-03-31 02:38:32,566,7.808282e+06,712820.0,15665.0,0.0,0.0,0.0,11901.0,1081.0,24.0,7.5190272e+07,9.416704e+08,2709.7999999999997,20.0,243836.0,5.0,243831.0,243831.0,2.0,0.0,0.0
2026-03-31 02:38:44,566,7.808282e+06,712820.0,15665.0,0.0,0.0,0.0,11901.0,1081.0,24.0,7.5190272e+07,9.416704e+08,2709.8199999999997,20.0,243836.0,5.0,243831.0,243831.0,2.0,0.0,0.0
2026-03-31 02:38:55,566,7.808282e+06,712820.0,15665.0,0.0,0.0,0.0,11901.0,1081.0,24.0,7.5190272e+07,9.416704e+08,2709.83,20.0,243836.0,5.0,243831.0,243831.0,2.0,0.0,0.0
2026-03-31 02:39:07,566,7.808282e+06,712820.0,15665.0,0.0,0.0,0.0,11901.0,1081.0,24.0,7.5190272e+07,9.416704e+08,2709.85,20.0,243836.0,5.0,243831.0,243831.0,2.0,0.0,0.0
2026-03-31 02:39:19,566,7.808282e+06,712820.0,15665.0,0.0,0.0,0.0,11901.0,1081.0,24.0,7.5190272e+07,9.416704e+08,2709.85,20.0,243836.0,5.0,243831.0,243831.0,2.0,0.0,0.0
2026-03-31 02:39:31,567,7.808282e+06,712820.0,15665.0,0.0,0.0,0.0,11901.0,1081.0,24.0,7.5190272e+07,9.416704e+08,2709.87,20.0,243836.0,5.0,243831.0,243831.0,2.0,0.0,0.0
2026-03-31 02:39:42,567,7.808282e+06,712820.0,15665.0,0.0,0.0,0.0,11901.0,1081.0,24.0,7.5190272e+07,9.416704e+08,2709.89,20.0,243836.0,5.0,243831.0,243831.0,2.0,0.0,0.0
2026-03-31 02:39:54,567,7.808282e+06,712820.0,15665.0,0.0,0.0,0.0,11901.0,1081.0,24.0,7.5190272e+07,9.416704e+08,2709.91,20.0,243836.0,5.0,243831.0,243831.0,2.0,0.0,0.0
2026-03-31 02:40:06,567,7.808282e+06,712820.0,15665.0,0.0,0.0,0.0,11901.0,1081.0,24.0,7.5190272e+07,9.416704e+08,2709.92,20.0,243836.0,5.0,243831.0,243831.0,2.0,0.0,0.0
2026-03-31 02:40:18,567,7.808282e+06,712820.0,15665.0,0.0,0.0,0.0,11901.0,1081.0,24.0,7.5190272e+07,9.416704e+08,2709.93,20.0,243836.0,5.0,243831.0,243831.0,2.0,0.0,0.0
2026-03-31 02:40:29,568,7.808282e+06,712820.0,15665.0,0.0,0.0,0.0,11901.0,1081.0,24.0,7.5190272e+07,9.416704e+08,2709.95,20.0,243836.0,5.0,243831.0,243831.0,2.0,0.0,0.0
2026-03-31 02:40:41,568,7.808282e+06,712820.0,15665.0,0.0,0.0,0.0,11901.0,1081.0,24.0,7.5190272e+07,9.416704e+08,2709.96,20.0,243836.0,5.0,243831.0,243831.0,2.0,0.0,0.0
2026-03-31 02:40:53,568,7.808282e+06,712820.0,15665.0,0.0,0.0,0.0,11901.0,1081.0,24.0,7.5190272e+07,9.416704e+08,2709.98,20.0,243836.0,5.0,243831.0,243831.0,2.0,0.0,0.0
2026-03-31 02:41:05,568,7.808282e+06,712820.0,15665.0,0.0,0.0,0.0,11901.0,1081.0,24.0,7.5190272e+07,9.416704e+08,2710.0,20.0,243836.0,5.0,243831.0,243831.0,2.0,0.0,0.0
2026-03-31 02:41:16,568,7.808282e+06,712820.0,15665.0,0.0,0.0,0.0,11901.0,1081.0,24.0,7.5190272e+07,9.416704e+08,2710.0099999999998,20.0,243836.0,5.0,243831.0,243831.0,2.0,0.0,0.0
2026-03-31 02:41:28,569,7.808282e+06,712820.0,15665.0,0.0,0.0,0.0,11901.0,1081.0,24.0,7.5321344e+07,9.416704e+08,2710.03,20.0,243836.0,5.0,243831.0,243831.0,2.0,0.0,0.0
2026-03-31 02:41:40,569,7.808282e+06,712820.0,15665.0,0.0,0.0,0.0,11901.0,1081.0,24.0,7.5321344e+07,9.416704e+08,2710.04,20.0,243836.0,5.0,243831.0,243831.0,2.0,0.0,0.0
2026-03-31 02:41:51,569,7.808282e+06,712820.0,15665.0,0.0,0.0,0.0,11901.0,1081.0,24.0,7.5321344e+07,9.416704e+08,2710.0600000000004,20.0,243836.0,5.0,243831.0,243831.0,2.0,0.0,0.0
2026-03-31 02:42:03,569,7.808282e+06,712820.0,15665.0,0.0,0.0,0.0,11901.0,1081.0,24.0,7.5321344e+07,9.416704e+08,2710.0699999999997,20.0,243836.0,5.0,243831.0,243831.0,2.0,0.0,0.0
2026-03-31 02:42:15,569,7.808282e+06,712820.0,15665.0,0.0,0.0,0.0,11901.0,1081.0,24.0,7.5321344e+07,9.416704e+08,2710.08,20.0,243836.0,5.0,243831.0,243831.0,2.0,0.0,0.0
2026-03-31 02:42:27,570,7.808282e+06,712820.0,15665.0,0.0,0.0,0.0,11901.0,1081.0,24.0,7.5321344e+07,9.416704e+08,2710.1,20.0,243836.0,5.0,243831.0,243831.0,2.0,0.0,0.0
2026-03-31 02:42:38,570,7.808282e+06,712820.0,15665.0,0.0,0.0,0.0,11901.0,1081.0,24.0,7.5321344e+07,9.416704e+08,2710.12,20.0,243836.0,5.0,243831.0,243831.0,2.0,0.0,0.0
2026-03-31 02:42:50,570,7.808282e+06,712820.0,15665.0,0.0,0.0,0.0,11901.0,1081.0,24.0,7.5321344e+07,9.416704e+08,2710.1400000000003,20.0,243836.0,5.0,243831.0,243831.0,2.0,0.0,0.0
2026-03-31 02:43:02,570,7.808282e+06,712820.0,15665.0,0.0,0.0,0.0,11901.0,1081.0,24.0,7.5321344e+07,9.416704e+08,2710.1499999999996,20.0,243836.0,5.0,243831.0,243831.0,2.0,0.0,0.0
2026-03-31 02:43:14,570,7.808282e+06,712820.0,15665.0,0.0,0.0,0.0,11901.0,1081.0,24.0,7.5321344e+07,9.416704e+08,2710.16,20.0,243836.0,5.0,243831.0,243831.0,2.0,0.0,0.0
2026-03-31 02:43:25,571,7.808282e+06,712820.0,15665.0,0.0,0.0,0.0,11901.0,1081.0,24.0,7.5321344e+07,9.416704e+08,2710.18,20.0,243836.0,5.0,243831.0,243831.0,2.0,0.0,0.0
2026-03-31 02:43:37,571,7.808282e+06,712820.0,15665.0,0.0,0.0,0.0,11901.0,1081.0,24.0,7.5321344e+07,9.416704e+08,2710.19,20.0,243836.0,5.0,243831.0,243831.0,2.0,0.0,0.0
2026-03-31 02:43:49,571,7.808282e+06,712820.0,15665.0,0.0,0.0,0.0,11901.0,1081.0,24.0,7.5321344e+07,9.416704e+08,2710.21,20.0,243836.0,5.0,243831.0,243831.0,2.0,0.0,0.0
2026-03-31 02:44:01,571,7.808282e+06,712820.0,15665.0,0.0,0.0,0.0,11901.0,1081.0,24.0,7.5321344e+07,9.416704e+08,2710.23,20.0,243836.0,5.0,243831.0,243831.0,2.0,0.0,0.0
2026-03-31 02:44:13,571,7.808282e+06,712820.0,15665.0,0.0,0.0,0.0,11901.0,1081.0,24.0,7.5321344e+07,9.416704e+08,2710.24,20.0,243836.0,5.0,243831.0,243831.0,2.0,0.0,0.0
2026-03-31 02:44:24,571,7.808282e+06,712820.0,15665.0,0.0,0.0,0.0,11901.0,1081.0,24.0,7.5321344e+07,9.416704e+08,2710.26,20.0,243836.0,5.0,243831.0,243831.0,2.0,0.0,0.0
2026-03-31 02:44:36,572,7.808282e+06,712820.0,15665.0,0.0,0.0,0.0,11901.0,1081.0,24.0,7.5321344e+07,9.416704e+08,2710.27,20.0,243836.0,5.0,243831.0,243831.0,2.0,0.0,0.0
2026-03-31 02:44:48,572,7.808282e+06,712820.0,15665.0,0.0,0.0,0.0,11901.0,1081.0,24.0,7.5321344e+07,9.416704e+08,2710.29,20.0,243836.0,5.0,243831.0,243831.0,2.0,0.0,0.0
2026-03-31 02:44:59,572,7.808282e+06,712820.0,15665.0,0.0,0.0,0.0,11901.0,1081.0,24.0,7.5321344e+07,9.416704e+08,2710.2999999999997,20.0,243836.0,5.0,243831.0,243831.0,2.0,0.0,0.0
2026-03-31 02:45:11,572,7.808282e+06,712820.0,15665.0,0.0,0.0,0.0,11901.0,1081.0,24.0,7.5321344e+07,9.416704e+08,2710.31,20.0,243836.0,5.0,243831.0,243831.0,2.0,0.0,0.0
2026-03-31 02:45:23,572,7.808282e+06,712820.0,15665.0,0.0,0.0,0.0,11901.0,1081.0,24.0,7.5321344e+07,9.416704e+08,2710.32,20.0,243836.0,5.0,243831.0,243831.0,2.0,0.0,0.0
2026-03-31 02:45:35,573,7.808282e+06,712820.0,15665.0,0.0,0.0,0.0,11901.0,1081.0,24.0,7.5321344e+07,9.416704e+08,2710.3500000000004,20.0,243836.0,5.0,243831.0,243831.0,2.0,0.0,0.0
2026-03-31 02:45:47,573,7.808282e+06,712820.0,15665.0,0.0,0.0,0.0,11901.0,1081.0,24.0,7.5321344e+07,9.416704e+08,2710.36,20.0,243836.0,5.0,243831.0,243831.0,2.0,0.0,0.0
2026-03-31 02:45:58,573,7.808282e+06,712820.0,15665.0,0.0,0.0,0.0,11901.0,1081.0,24.0,7.5321344e+07,9.416704e+08,2710.3700000000003,20.0,243836.0,5.0,243831.0,243831.0,2.0,0.0,0.0
2026-03-31 02:46:10,573,7.808282e+06,712820.0,15665.0,0.0,0.0,0.0,11901.0,1081.0,24.0,7.5321344e+07,9.416704e+08,2710.39,20.0,243836.0,5.0,243831.0,243831.0,2.0,0.0,0.0
2026-03-31 02:46:22,573,7.808282e+06,712820.0,15665.0,0.0,0.0,0.0,11901.0,1081.0,24.0,7.5321344e+07,9.416704e+08,2710.4,20.0,243836.0,5.0,243831.0,243831.0,2.0,0.0,0.0
2026-03-31 02:46:34,574,7.808282e+06,712820.0,15665.0,0.0,0.0,0.0,11901.0,1081.0,24.0,7.5321344e+07,9.416704e+08,2710.42,20.0,243836.0,5.0,243831.0,243831.0,2.0,0.0,0.0
2026-03-31 02:46:45,574,7.808282e+06,712820.0,15665.0,0.0,0.0,0.0,11901.0,1081.0,24.0,7.5321344e+07,9.416704e+08,2710.44,20.0,243836.0,5.0,243831.0,243831.0,2.0,0.0,0.0
2026-03-31 02:46:57,574,7.808282e+06,712820.0,15665.0,0.0,0.0,0.0,11901.0,1081.0,24.0,7.5321344e+07,9.416704e+08,2710.45,20.0,243836.0,5.0,243831.0,243831.0,2.0,0.0,0.0
2026-03-31 02:47:09,574,7.808282e+06,712820.0,15665.0,0.0,0.0,0.0,11901.0,1081.0,24.0,7.5321344e+07,9.416704e+08,2710.4700000000003,20.0,243836.0,5.0,243831.0,243831.0,2.0,0.0,0.0
2026-03-31 02:47:20,574,7.808282e+06,712820.0,15665.0,0.0,0.0,0.0,11901.0,1081.0,24.0,7.5321344e+07,9.416704e+08,2710.48,20.0,243836.0,5.0,243831.0,243831.0,2.0,0.0,0.0
2026-03-31 02:47:32,575,7.808282e+06,712820.0,15665.0,0.0,0.0,0.0,11901.0,1081.0,24.0,7.5321344e+07,9.416704e+08,2710.5,20.0,243836.0,5.0,243831.0,243831.0,2.0,0.0,0.0
2026-03-31 02:47:44,575,7.808282e+06,712820.0,15665.0,0.0,0.0,0.0,11901.0,1081.0,24.0,7.5321344e+07,9.416704e+08,2710.5099999999998,20.0,243836.0,5.0,243831.0,243831.0,2.0,0.0,0.0
2026-03-31 02:47:56,575,7.808282e+06,712820.0,15665.0,0.0,0.0,0.0,11901.0,1081.0,24.0,7.5321344e+07,9.416704e+08,2710.53,20.0,243836.0,5.0,243831.0,243831.0,2.0,0.0,0.0
2026-03-31 02:48:08,575,7.808282e+06,712820.0,15665.0,0.0,0.0,0.0,11901.0,1081.0,24.0,7.5321344e+07,9.416704e+08,2710.54,20.0,243836.0,5.0,243831.0,243831.0,2.0,0.0,0.0
2026-03-31 02:48:19,575,7.808282e+06,712820.0,15665.0,0.0,0.0,0.0,11901.0,1081.0,24.0,7.5321344e+07,9.416704e+08,2710.55,20.0,243836.0,5.0,243831.0,243831.0,2.0,0.0,0.0
2026-03-31 02:48:31,576,7.808282e+06,712820.0,15665.0,0.0,0.0,0.0,11901.0,1081.0,24.0,7.5321344e+07,9.416704e+08,2710.5699999999997,20.0,243836.0,5.0,243831.0,243831.0,2.0,0.0,0.0
2026-03-31 02:48:43,576,7.808282e+06,712820.0,15665.0,0.0,0.0,0.0,11901.0,1081.0,24.0,7.5321344e+07,9.416704e+08,2710.58,20.0,243836.0,5.0,243831.0,243831.0,2.0,0.0,0.0
2026-03-31 02:48:55,576,7.808282e+06,712820.0,15665.0,0.0,0.0,0.0,11901.0,1081.0,24.0,7.5321344e+07,9.416704e+08,2710.59,20.0,243836.0,5.0,243831.0,243831.0,2.0,0.0,0.0
2026-03-31 02:49:06,576,7.808282e+06,712820.0,15665.0,0.0,0.0,0.0,11901.0,1081.0,24.0,7.5321344e+07,9.416704e+08,2710.61,20.0,243836.0,5.0,243831.0,243831.0,2.0,0.0,0.0
2026-03-31 02:49:18,576,7.808282e+06,712820.0,15665.0,0.0,0.0,0.0,11901.0,1081.0,24.0,7.5321344e+07,9.416704e+08,2710.6299999999997,20.0,243836.0,5.0,243831.0,243831.0,2.0,0.0,0.0
2026-03-31 02:49:30,577,7.808282e+06,712820.0,15665.0,0.0,0.0,0.0,11901.0,1081.0,24.0,7.4534912e+07,9.416704e+08,2710.64,20.0,243836.0,5.0,243831.0,243831.0,2.0,0.0,0.0
2026-03-31 02:49:42,577,7.808282e+06,712820.0,15665.0,0.0,0.0,0.0,11901.0,1081.0,24.0,7.440384e+07,9.416704e+08,2710.66,20.0,243836.0,5.0,243831.0,243831.0,2.0,0.0,0.0
2026-03-31 02:49:53,577,7.808282e+06,712820.0,15665.0,0.0,0.0,0.0,11901.0,1081.0,24.0,7.440384e+07,9.416704e+08,2710.67,20.0,243836.0,5.0,243831.0,243831.0,2.0,0.0,0.0
2026-03-31 02:50:05,577,7.808282e+06,712820.0,15665.0,0.0,0.0,0.0,11901.0,1081.0,24.0,7.440384e+07,9.416704e+08,2710.69,20.0,243836.0,5.0,243831.0,243831.0,2.0,0.0,0.0
2026-03-31 02:50:17,577,7.808282e+06,712820.0,15665.0,0.0,0.0,0.0,11901.0,1081.0,24.0,7.440384e+07,9.416704e+08,2710.7,20.0,243836.0,5.0,243831.0,243831.0,2.0,0.0,0.0
2026-03-31 02:50:29,578,7.808282e+06,712820.0,15665.0,0.0,0.0,0.0,11901.0,1081.0,24.0,7.440384e+07,9.416704e+08,2710.71,20.0,243836.0,5.0,243831.0,243831.0,2.0,0.0,0.0
2026-03-31 02:50:40,578,7.808282e+06,712820.0,15665.0,0.0,0.0,0.0,11901.0,1081.0,24.0,7.4272768e+07,9.416704e+08,2710.7400000000002,20.0,243836.0,5.0,243831.0,243831.0,2.0,0.0,0.0
2026-03-31 02:50:52,578,7.808282e+06,712820.0,15665.0,0.0,0.0,0.0,11901.0,1081.0,24.0,7.4272768e+07,9.416704e+08,2710.75,20.0,243836.0,5.0,243831.0,243831.0,2.0,0.0,0.0
2026-03-31 02:51:04,578,7.808282e+06,712820.0,15665.0,0.0,0.0,0.0,11901.0,1081.0,24.0,7.4272768e+07,9.416704e+08,2710.76,20.0,243836.0,5.0,243831.0,243831.0,2.0,0.0,0.0
2026-03-31 02:51:15,578,7.808282e+06,712820.0,15665.0,0.0,0.0,0.0,11901.0,1081.0,24.0,7.4272768e+07,9.416704e+08,2710.7799999999997,20.0,243836.0,5.0,243831.0,243831.0,2.0,0.0,0.0
2026-03-31 02:51:27,579,7.808282e+06,712820.0,15665.0,0.0,0.0,0.0,11901.0,1081.0,24.0,7.4010624e+07,9.416704e+08,2710.79,20.0,243836.0,5.0,243831.0,243831.0,2.0,0.0,0.0
2026-03-31 02:51:39,579,7.808282e+06,712820.0,15665.0,0.0,0.0,0.0,11901.0,1081.0,24.0,7.4010624e+07,9.416704e+08,2710.82,20.0,243836.0,5.0,243831.0,243831.0,2.0,0.0,0.0
2026-03-31 02:51:51,579,7.808282e+06,712820.0,15665.0,0.0,0.0,0.0,11901.0,1081.0,24.0,7.4010624e+07,9.416704e+08,2710.83,20.0,243836.0,5.0,243831.0,243831.0,2.0,0.0,0.0
2026-03-31 02:52:02,579,7.808282e+06,712820.0,15665.0,0.0,0.0,0.0,11901.0,1081.0,24.0,7.4010624e+07,9.416704e+08,2710.84,20.0,243836.0,5.0,243831.0,243831.0,2.0,0.0,0.0
2026-03-31 02:52:14,579,7.808282e+06,712820.0,15665.0,0.0,0.0,0.0,11901.0,1081.0,24.0,7.4010624e+07,9.416704e+08,2710.8599999999997,20.0,243836.0,5.0,243831.0,243831.0,2.0,0.0,0.0
2026-03-31 02:52:26,580,7.808282e+06,712820.0,15665.0,0.0,0.0,0.0,11901.0,1081.0,24.0,7.4010624e+07,9.416704e+08,2710.8599999999997,20.0,243836.0,5.0,243831.0,243831.0,2.0,0.0,0.0
2026-03-31 02:52:37,580,7.808282e+06,712820.0,15665.0,0.0,0.0,0.0,11901.0,1081.0,24.0,7.4010624e+07,9.416704e+08,2710.88,20.0,243836.0,5.0,243831.0,243831.0,2.0,0.0,0.0
2026-03-31 02:52:49,580,7.808282e+06,712820.0,15665.0,0.0,0.0,0.0,11901.0,1081.0,24.0,7.4010624e+07,9.416704e+08,2710.9,20.0,243836.0,5.0,243831.0,243831.0,2.0,0.0,0.0
2026-03-31 02:53:01,580,7.808282e+06,712820.0,15665.0,0.0,0.0,0.0,11901.0,1081.0,24.0,7.374848e+07,9.416704e+08,2710.91,20.0,243836.0,5.0,243831.0,243831.0,2.0,0.0,0.0
2026-03-31 02:53:13,580,7.808282e+06,712820.0,15665.0,0.0,0.0,0.0,11901.0,1081.0,24.0,7.374848e+07,9.416704e+08,2710.93,20.0,243836.0,5.0,243831.0,243831.0,2.0,0.0,0.0
2026-03-31 02:53:24,580,7.808282e+06,712820.0,15665.0,0.0,0.0,0.0,11901.0,1081.0,24.0,7.374848e+07,9.416704e+08,2710.94,20.0,243836.0,5.0,243831.0,243831.0,2.0,0.0,0.0
2026-03-31 02:53:36,581,7.808282e+06,712820.0,15665.0,0.0,0.0,0.0,11901.0,1081.0,24.0,7.374848e+07,9.416704e+08,2710.96,20.0,243836.0,5.0,243831.0,243831.0,2.0,0.0,0.0
2026-03-31 02:53:48,581,7.808282e+06,712820.0,15665.0,0.0,0.0,0.0,11901.0,1081.0,24.0,7.374848e+07,9.416704e+08,2710.9799999999996,20.0,243836.0,5.0,243831.0,243831.0,2.0,0.0,0.0
2026-03-31 02:54:00,581,7.808282e+06,712820.0,15665.0,0.0,0.0,0.0,11901.0,1081.0,24.0,7.374848e+07,9.416704e+08,2710.99,20.0,243836.0,5.0,243831.0,243831.0,2.0,0.0,0.0
2026-03-31 02:54:11,581,7.808282e+06,712820.0,15665.0,0.0,0.0,0.0,11901.0,1081.0,24.0,7.374848e+07,9.416704e+08,2711.0,20.0,243836.0,5.0,243831.0,243831.0,2.0,0.0,0.0
2026-03-31 02:54:23,581,7.808282e+06,712820.0,15665.0,0.0,0.0,0.0,11901.0,1081.0,24.0,7.374848e+07,9.416704e+08,2711.02,20.0,243836.0,5.0,243831.0,243831.0,2.0,0.0,0.0
2026-03-31 02:54:35,582,7.808282e+06,712820.0,15665.0,0.0,0.0,0.0,11901.0,1081.0,24.0,7.374848e+07,9.416704e+08,2711.04,20.0,243836.0,5.0,243831.0,243831.0,2.0,0.0,0.0
2026-03-31 02:54:46,582,7.808282e+06,712820.0,15665.0,0.0,0.0,0.0,11901.0,1081.0,24.0,7.374848e+07,9.416704e+08,2711.05,20.0,243836.0,5.0,243831.0,243831.0,2.0,0.0,0.0
2026-03-31 02:54:58,582,7.808282e+06,712820.0,15665.0,0.0,0.0,0.0,11901.0,1081.0,24.0,7.374848e+07,9.416704e+08,2711.07,20.0,243836.0,5.0,243831.0,243831.0,2.0,0.0,0.0
2026-03-31 02:55:10,582,7.808282e+06,712820.0,15665.0,0.0,0.0,0.0,11901.0,1081.0,24.0,7.374848e+07,9.416704e+08,2711.09,20.0,243836.0,5.0,243831.0,243831.0,2.0,0.0,0.0
2026-03-31 02:55:22,582,7.808282e+06,712820.0,15665.0,0.0,0.0,0.0,11901.0,1081.0,24.0,7.374848e+07,9.416704e+08,2711.1,20.0,243836.0,5.0,243831.0,243831.0,2.0,0.0,0.0
2026-03-31 02:55:34,583,7.808282e+06,712820.0,15665.0,0.0,0.0,0.0,11901.0,1081.0,24.0,7.374848e+07,9.416704e+08,2711.1200000000003,20.0,243836.0,5.0,243831.0,243831.0,2.0,0.0,0.0
2026-03-31 02:55:45,583,7.808282e+06,712820.0,15665.0,0.0,0.0,0.0,11901.0,1081.0,24.0,7.374848e+07,9.416704e+08,2711.13,20.0,243836.0,5.0,243831.0,243831.0,2.0,0.0,0.0
2026-03-31 02:55:57,583,7.808282e+06,712820.0,15665.0,0.0,0.0,0.0,11901.0,1081.0,24.0,7.374848e+07,9.416704e+08,2711.15,20.0,243836.0,5.0,243831.0,243831.0,2.0,0.0,0.0
2026-03-31 02:56:09,583,7.808282e+06,712820.0,15665.0,0.0,0.0,0.0,11901.0,1081.0,24.0,7.374848e+07,9.416704e+08,2711.16,20.0,243836.0,5.0,243831.0,243831.0,2.0,0.0,0.0
2026-03-31 02:56:20,583,7.808282e+06,712820.0,15665.0,0.0,0.0,0.0,11901.0,1081.0,24.0,7.374848e+07,9.416704e+08,2711.1800000000003,20.0,243836.0,5.0,243831.0,243831.0,2.0,0.0,0.0
2026-03-31 02:56:32,584,7.808282e+06,712820.0,15665.0,0.0,0.0,0.0,11901.0,1081.0,24.0,7.374848e+07,9.416704e+08,2711.19,20.0,243836.0,5.0,243831.0,243831.0,2.0,0.0,0.0
2026-03-31 02:56:44,584,7.808282e+06,712820.0,15665.0,0.0,0.0,0.0,11901.0,1081.0,24.0,7.374848e+07,9.416704e+08,2711.2000000000003,20.0,243836.0,5.0,243831.0,243831.0,2.0,0.0,0.0
2026-03-31 02:56:56,584,7.808282e+06,712820.0,15665.0,0.0,0.0,0.0,11901.0,1081.0,24.0,7.374848e+07,9.416704e+08,2711.22,20.0,243836.0,5.0,243831.0,243831.0,2.0,0.0,0.0
2026-03-31 02:57:07,584,7.808282e+06,712820.0,15665.0,0.0,0.0,0.0,11901.0,1081.0,24.0,7.374848e+07,9.416704e+08,2711.23,20.0,243836.0,5.0,243831.0,243831.0,2.0,0.0,0.0
2026-03-31 02:57:19,584,7.808282e+06,712820.0,15665.0,0.0,0.0,0.0,11901.0,1081.0,24.0,7.374848e+07,9.416704e+08,2711.26,20.0,243836.0,5.0,243831.0,243831.0,2.0,0.0,0.0
2026-03-31 02:57:31,585,7.808282e+06,712820.0,15665.0,0.0,0.0,0.0,11901.0,1081.0,24.0,7.374848e+07,9.416704e+08,2711.27,20.0,243836.0,5.0,243831.0,243831.0,2.0,0.0,0.0
2026-03-31 02:57:43,585,7.808282e+06,712820.0,15665.0,0.0,0.0,0.0,11901.0,1081.0,24.0,7.374848e+07,9.416704e+08,2711.2799999999997,20.0,243836.0,5.0,243831.0,243831.0,2.0,0.0,0.0
2026-03-31 02:57:55,585,7.808282e+06,712820.0,15665.0,0.0,0.0,0.0,11901.0,1081.0,24.0,7.374848e+07,9.416704e+08,2711.3,20.0,243836.0,5.0,243831.0,243831.0,2.0,0.0,0.0
2026-03-31 02:58:06,585,7.808282e+06,712820.0,15665.0,0.0,0.0,0.0,11901.0,1081.0,24.0,7.374848e+07,9.416704e+08,2711.31,20.0,243836.0,5.0,243831.0,243831.0,2.0,0.0,0.0
2026-03-31 02:58:18,585,7.808282e+06,712820.0,15665.0,0.0,0.0,0.0,11901.0,1081.0,24.0,7.374848e+07,9.416704e+08,2711.33,20.0,243836.0,5.0,243831.0,243831.0,2.0,0.0,0.0
2026-03-31 02:58:30,586,7.808282e+06,712820.0,15665.0,0.0,0.0,0.0,11901.0,1081.0,24.0,7.374848e+07,9.416704e+08,2711.3399999999997,20.0,243836.0,5.0,243831.0,243831.0,2.0,0.0,0.0
2026-03-31 02:58:42,586,7.808282e+06,712820.0,15665.0,0.0,0.0,0.0,11901.0,1081.0,24.0,7.374848e+07,9.416704e+08,2711.36,20.0,243836.0,5.0,243831.0,243831.0,2.0,0.0,0.0
2026-03-31 02:58:54,586,7.808282e+06,712820.0,15665.0,0.0,0.0,0.0,11901.0,1081.0,24.0,7.374848e+07,9.416704e+08,2711.37,20.0,243836.0,5.0,243831.0,243831.0,2.0,0.0,0.0
2026-03-31 02:59:05,586,7.808282e+06,712820.0,15665.0,0.0,0.0,0.0,11901.0,1081.0,24.0,7.374848e+07,9.416704e+08,2711.39,20.0,243836.0,5.0,243831.0,243831.0,2.0,0.0,0.0
2026-03-31 02:59:17,586,7.808282e+06,712820.0,15665.0,0.0,0.0,0.0,11901.0,1081.0,24.0,7.374848e+07,9.416704e+08,2711.3999999999996,20.0,243836.0,5.0,243831.0,243831.0,2.0,0.0,0.0
2026-03-31 02:59:29,587,7.808282e+06,712820.0,15665.0,0.0,0.0,0.0,11901.0,1081.0,24.0,7.374848e+07,9.416704e+08,2711.42,20.0,243836.0,5.0,243831.0,243831.0,2.0,0.0,0.0
2026-03-31 02:59:41,587,7.808282e+06,712820.0,15665.0,0.0,0.0,0.0,11901.0,1081.0,24.0,7.374848e+07,9.416704e+08,2711.44,20.0,243836.0,5.0,243831.0,243831.0,2.0,0.0,0.0
2026-03-31 02:59:52,587,7.808282e+06,712820.0,15665.0,0.0,0.0,0.0,11901.0,1081.0,24.0,7.374848e+07,9.416704e+08,2711.45,20.0,243836.0,5.0,243831.0,243831.0,2.0,0.0,0.0
2026-03-31 03:00:04,587,7.808282e+06,712820.0,15665.0,0.0,0.0,0.0,11901.0,1081.0,24.0,7.374848e+07,9.416704e+08,2711.46,20.0,243836.0,5.0,243831.0,243831.0,2.0,0.0,0.0
2026-03-31 03:00:16,587,7.808282e+06,712820.0,15665.0,0.0,0.0,0.0,11901.0,1081.0,24.0,7.374848e+07,9.416704e+08,2711.4700000000003,20.0,243836.0,5.0,243831.0,243831.0,2.0,0.0,0.0
2026-03-31 03:00:27,588,7.808282e+06,712820.0,15665.0,0.0,0.0,0.0,11901.0,1081.0,24.0,7.374848e+07,9.416704e+08,2711.49,20.0,243836.0,5.0,243831.0,243831.0,2.0,0.0,0.0
2026-03-31 03:00:39,588,7.808282e+06,712820.0,15665.0,0.0,0.0,0.0,11901.0,1081.0,24.0,7.374848e+07,9.416704e+08,2711.5,20.0,243836.0,5.0,243831.0,243831.0,2.0,0.0,0.0
2026-03-31 03:00:51,588,7.808282e+06,712820.0,15665.0,0.0,0.0,0.0,11901.0,1081.0,24.0,7.374848e+07,9.416704e+08,2711.52,20.0,243836.0,5.0,243831.0,243831.0,2.0,0.0,0.0
2026-03-31 03:01:03,588,7.808282e+06,712820.0,15665.0,0.0,0.0,0.0,11901.0,1081.0,24.0,7.374848e+07,9.416704e+08,2711.54,20.0,243836.0,5.0,243831.0,243831.0,2.0,0.0,0.0
2026-03-31 03:01:14,588,7.808282e+06,712820.0,15665.0,0.0,0.0,0.0,11901.0,1081.0,24.0,7.374848e+07,9.416704e+08,2711.5499999999997,20.0,243836.0,5.0,243831.0,243831.0,2.0,0.0,0.0
2026-03-31 03:01:26,589,7.808282e+06,712820.0,15665.0,0.0,0.0,0.0,11901.0,1081.0,24.0,7.374848e+07,9.416704e+08,2711.56,20.0,243836.0,5.0,243831.0,243831.0,2.0,0.0,0.0
2026-03-31 03:01:38,589,7.808282e+06,712820.0,15665.0,0.0,0.0,0.0,11901.0,1081.0,24.0,7.374848e+07,9.416704e+08,2711.58,20.0,243836.0,5.0,243831.0,243831.0,2.0,0.0,0.0
2026-03-31 03:01:50,589,7.808282e+06,712820.0,15665.0,0.0,0.0,0.0,11901.0,1081.0,24.0,7.374848e+07,9.416704e+08,2711.6000000000004,20.0,243836.0,5.0,243831.0,243831.0,2.0,0.0,0.0
2026-03-31 03:02:01,589,7.808282e+06,712820.0,15665.0,0.0,0.0,0.0,11901.0,1081.0,24.0,7.374848e+07,9.416704e+08,2711.62,20.0,243836.0,5.0,243831.0,243831.0,2.0,0.0,0.0
2026-03-31 03:02:13,589,7.808282e+06,712820.0,15665.0,0.0,0.0,0.0,11901.0,1081.0,24.0,7.3617408e+07,9.416704e+08,2711.63,20.0,243836.0,5.0,243831.0,243831.0,2.0,0.0,0.0
2026-03-31 03:02:25,590,7.808282e+06,712820.0,15665.0,0.0,0.0,0.0,11901.0,1081.0,24.0,7.3617408e+07,9.416704e+08,2711.64,20.0,243836.0,5.0,243831.0,243831.0,2.0,0.0,0.0
2026-03-31 03:02:37,590,7.808282e+06,712820.0,15665.0,0.0,0.0,0.0,11901.0,1081.0,24.0,7.3617408e+07,9.416704e+08,2711.66,20.0,243836.0,5.0,243831.0,243831.0,2.0,0.0,0.0
2026-03-31 03:02:48,590,7.808282e+06,712820.0,15665.0,0.0,0.0,0.0,11901.0,1081.0,24.0,7.3617408e+07,9.416704e+08,2711.68,20.0,243836.0,5.0,243831.0,243831.0,2.0,0.0,0.0
2026-03-31 03:03:00,590,7.808282e+06,712820.0,15665.0,0.0,0.0,0.0,11901.0,1081.0,24.0,7.3617408e+07,9.416704e+08,2711.69,20.0,243836.0,5.0,243831.0,243831.0,2.0,0.0,0.0
2026-03-31 03:03:12,590,7.808282e+06,712820.0,15665.0,0.0,0.0,0.0,11901.0,1081.0,24.0,7.3617408e+07,9.416704e+08,2711.7,20.0,243836.0,5.0,243831.0,243831.0,2.0,0.0,0.0
2026-03-31 03:03:24,590,7.808282e+06,712820.0,15665.0,0.0,0.0,0.0,11901.0,1081.0,24.0,7.3617408e+07,9.416704e+08,2711.7200000000003,20.0,243836.0,5.0,243831.0,243831.0,2.0,0.0,0.0
2026-03-31 03:03:35,591,7.808282e+06,712820.0,15665.0,0.0,0.0,0.0,11901.0,1081.0,24.0,7.3617408e+07,9.416704e+08,2711.73,20.0,243836.0,5.0,243831.0,243831.0,2.0,0.0,0.0
2026-03-31 03:03:47,591,7.808282e+06,712820.0,15665.0,0.0,0.0,0.0,11901.0,1081.0,24.0,7.3617408e+07,9.416704e+08,2711.75,20.0,243836.0,5.0,243831.0,243831.0,2.0,0.0,0.0
2026-03-31 03:03:59,591,7.808282e+06,712820.0,15665.0,0.0,0.0,0.0,11901.0,1081.0,24.0,7.3617408e+07,9.416704e+08,2711.7599999999998,20.0,243836.0,5.0,243831.0,243831.0,2.0,0.0,0.0
2026-03-31 03:04:11,591,7.808282e+06,712820.0,15665.0,0.0,0.0,0.0,11901.0,1081.0,24.0,7.3617408e+07,9.416704e+08,2711.78,20.0,243836.0,5.0,243831.0,243831.0,2.0,0.0,0.0
2026-03-31 03:04:22,591,7.808282e+06,712820.0,15665.0,0.0,0.0,0.0,11901.0,1081.0,24.0,7.3617408e+07,9.416704e+08,2711.7999999999997,20.0,243836.0,5.0,243831.0,243831.0,2.0,0.0,0.0
2026-03-31 03:04:34,592,7.808282e+06,712820.0,15665.0,0.0,0.0,0.0,11901.0,1081.0,24.0,7.3617408e+07,9.416704e+08,2711.7999999999997,20.0,243836.0,5.0,243831.0,243831.0,2.0,0.0,0.0
2026-03-31 03:04:46,592,7.808282e+06,712820.0,15665.0,0.0,0.0,0.0,11901.0,1081.0,24.0,7.3617408e+07,9.416704e+08,2711.8300000000004,20.0,243836.0,5.0,243831.0,243831.0,2.0,0.0,0.0
2026-03-31 03:04:58,592,7.808282e+06,712820.0,15665.0,0.0,0.0,0.0,11901.0,1081.0,24.0,7.3617408e+07,9.416704e+08,2711.84,20.0,243836.0,5.0,243831.0,243831.0,2.0,0.0,0.0
2026-03-31 03:05:10,592,7.808282e+06,712820.0,15665.0,0.0,0.0,0.0,11901.0,1081.0,24.0,7.3617408e+07,9.416704e+08,2711.85,20.0,243836.0,5.0,243831.0,243831.0,2.0,0.0,0.0
2026-03-31 03:05:21,592,7.808282e+06,712820.0,15665.0,0.0,0.0,0.0,11901.0,1081.0,24.0,7.3617408e+07,9.416704e+08,2711.8700000000003,20.0,243836.0,5.0,243831.0,243831.0,2.0,0.0,0.0
2026-03-31 03:05:33,593,7.808282e+06,712820.0,15665.0,0.0,0.0,0.0,11901.0,1081.0,24.0,7.3617408e+07,9.416704e+08,2711.88,20.0,243836.0,5.0,243831.0,243831.0,2.0,0.0,0.0
2026-03-31 03:05:45,593,7.808282e+06,712820.0,15665.0,0.0,0.0,0.0,11901.0,1081.0,24.0,7.3617408e+07,9.416704e+08,2711.9,20.0,243836.0,5.0,243831.0,243831.0,2.0,0.0,0.0
2026-03-31 03:05:56,593,7.808282e+06,712820.0,15665.0,0.0,0.0,0.0,11901.0,1081.0,24.0,7.3617408e+07,9.416704e+08,2711.92,20.0,243836.0,5.0,243831.0,243831.0,2.0,0.0,0.0
2026-03-31 03:06:08,593,7.808282e+06,712820.0,15665.0,0.0,0.0,0.0,11901.0,1081.0,24.0,7.3617408e+07,9.416704e+08,2711.94,20.0,243836.0,5.0,243831.0,243831.0,2.0,0.0,0.0
2026-03-31 03:06:20,593,7.808282e+06,712820.0,15665.0,0.0,0.0,0.0,11901.0,1081.0,24.0,7.3617408e+07,9.416704e+08,2711.9500000000003,20.0,243836.0,5.0,243831.0,243831.0,2.0,0.0,0.0
2026-03-31 03:06:32,594,7.808282e+06,712820.0,15665.0,0.0,0.0,0.0,11901.0,1081.0,24.0,7.3617408e+07,9.416704e+08,2711.96,20.0,243836.0,5.0,243831.0,243831.0,2.0,0.0,0.0
2026-03-31 03:06:43,594,7.808282e+06,712820.0,15665.0,0.0,0.0,0.0,11901.0,1081.0,24.0,7.3617408e+07,9.416704e+08,2711.97,20.0,243836.0,5.0,243831.0,243831.0,2.0,0.0,0.0
2026-03-31 03:06:55,594,7.808282e+06,712820.0,15665.0,0.0,0.0,0.0,11901.0,1081.0,24.0,7.3617408e+07,9.416704e+08,2712.0,20.0,243836.0,5.0,243831.0,243831.0,2.0,0.0,0.0
2026-03-31 03:07:07,594,7.808282e+06,712820.0,15665.0,0.0,0.0,0.0,11901.0,1081.0,24.0,7.3617408e+07,9.416704e+08,2712.01,20.0,243836.0,5.0,243831.0,243831.0,2.0,0.0,0.0
2026-03-31 03:07:19,594,7.808282e+06,712820.0,15665.0,0.0,0.0,0.0,11901.0,1081.0,24.0,7.3617408e+07,9.416704e+08,2712.0299999999997,20.0,243836.0,5.0,243831.0,243831.0,2.0,0.0,0.0
2026-03-31 03:07:30,595,7.808282e+06,712820.0,15665.0,0.0,0.0,0.0,11901.0,1081.0,24.0,7.3617408e+07,9.416704e+08,2712.04,20.0,243836.0,5.0,243831.0,243831.0,2.0,0.0,0.0
2026-03-31 03:07:42,595,7.808282e+06,712820.0,15665.0,0.0,0.0,0.0,11901.0,1081.0,24.0,7.3617408e+07,9.416704e+08,2712.0499999999997,20.0,243836.0,5.0,243831.0,243831.0,2.0,0.0,0.0
2026-03-31 03:07:54,595,7.808282e+06,712820.0,15665.0,0.0,0.0,0.0,11901.0,1081.0,24.0,7.3617408e+07,9.416704e+08,2712.07,20.0,243836.0,5.0,243831.0,243831.0,2.0,0.0,0.0
2026-03-31 03:08:06,595,7.808282e+06,712820.0,15665.0,0.0,0.0,0.0,11901.0,1081.0,24.0,7.3617408e+07,9.416704e+08,2712.0899999999997,20.0,243836.0,5.0,243831.0,243831.0,2.0,0.0,0.0
2026-03-31 03:08:17,595,7.808282e+06,712820.0,15665.0,0.0,0.0,0.0,11901.0,1081.0,24.0,7.3617408e+07,9.416704e+08,2712.1,20.0,243836.0,5.0,243831.0,243831.0,2.0,0.0,0.0
2026-03-31 03:08:29,596,7.808282e+06,712820.0,15665.0,0.0,0.0,0.0,11901.0,1081.0,24.0,7.3617408e+07,9.416704e+08,2712.1099999999997,20.0,243836.0,5.0,243831.0,243831.0,2.0,0.0,0.0
2026-03-31 03:08:41,596,7.808282e+06,712820.0,15665.0,0.0,0.0,0.0,11901.0,1081.0,24.0,7.3617408e+07,9.416704e+08,2712.13,20.0,243836.0,5.0,243831.0,243831.0,2.0,0.0,0.0
2026-03-31 03:08:52,596,7.808282e+06,712820.0,15665.0,0.0,0.0,0.0,11901.0,1081.0,24.0,7.3617408e+07,9.416704e+08,2712.1499999999996,20.0,243836.0,5.0,243831.0,243831.0,2.0,0.0,0.0
2026-03-31 03:09:04,596,7.808282e+06,712820.0,15665.0,0.0,0.0,0.0,11901.0,1081.0,24.0,7.3617408e+07,9.416704e+08,2712.16,20.0,243836.0,5.0,243831.0,243831.0,2.0,0.0,0.0
2026-03-31 03:09:16,596,7.808282e+06,712820.0,15665.0,0.0,0.0,0.0,11901.0,1081.0,24.0,7.3617408e+07,9.416704e+08,2712.18,20.0,243836.0,5.0,243831.0,243831.0,2.0,0.0,0.0
2026-03-31 03:09:28,597,7.808282e+06,712820.0,15665.0,0.0,0.0,0.0,11901.0,1081.0,24.0,7.3617408e+07,9.416704e+08,2712.19,20.0,243836.0,5.0,243831.0,243831.0,2.0,0.0,0.0
2026-03-31 03:09:39,597,7.808282e+06,712820.0,15665.0,0.0,0.0,0.0,11901.0,1081.0,24.0,7.3617408e+07,9.416704e+08,2712.21,20.0,243836.0,5.0,243831.0,243831.0,2.0,0.0,0.0
2026-03-31 03:09:51,597,7.808282e+06,712820.0,15665.0,0.0,0.0,0.0,11901.0,1081.0,24.0,7.3617408e+07,9.416704e+08,2712.23,20.0,243836.0,5.0,243831.0,243831.0,2.0,0.0,0.0
2026-03-31 03:10:03,597,7.808282e+06,712820.0,15665.0,0.0,0.0,0.0,11901.0,1081.0,24.0,7.3617408e+07,9.416704e+08,2712.25,20.0,243836.0,5.0,243831.0,243831.0,2.0,0.0,0.0
2026-03-31 03:10:15,597,7.808282e+06,712820.0,15665.0,0.0,0.0,0.0,11901.0,1081.0,24.0,7.3617408e+07,9.416704e+08,2712.25,20.0,243836.0,5.0,243831.0,243831.0,2.0,0.0,0.0
2026-03-31 03:10:26,598,7.808282e+06,712820.0,15665.0,0.0,0.0,0.0,11901.0,1081.0,24.0,7.3617408e+07,9.416704e+08,2712.2599999999998,20.0,243836.0,5.0,243831.0,243831.0,2.0,0.0,0.0
2026-03-31 03:10:38,598,7.808282e+06,712820.0,15665.0,0.0,0.0,0.0,11901.0,1081.0,24.0,7.3617408e+07,9.416704e+08,2712.28,20.0,243836.0,5.0,243831.0,243831.0,2.0,0.0,0.0
2026-03-31 03:10:50,598,7.808282e+06,712820.0,15665.0,0.0,0.0,0.0,11901.0,1081.0,24.0,7.3617408e+07,9.416704e+08,2712.3,20.0,243836.0,5.0,243831.0,243831.0,2.0,0.0,0.0
2026-03-31 03:11:02,598,7.808282e+06,712820.0,15665.0,0.0,0.0,0.0,11901.0,1081.0,24.0,7.3617408e+07,9.416704e+08,2712.32,20.0,243836.0,5.0,243831.0,243831.0,2.0,0.0,0.0
2026-03-31 03:11:13,598,7.808282e+06,712820.0,15665.0,0.0,0.0,0.0,11901.0,1081.0,24.0,7.3617408e+07,9.416704e+08,2712.33,20.0,243836.0,5.0,243831.0,243831.0,2.0,0.0,0.0
2026-03-31 03:11:25,599,7.808282e+06,712820.0,15665.0,0.0,0.0,0.0,11901.0,1081.0,24.0,7.3617408e+07,9.416704e+08,2712.3500000000004,20.0,243836.0,5.0,243831.0,243831.0,2.0,0.0,0.0
2026-03-31 03:11:37,599,7.808282e+06,712820.0,15665.0,0.0,0.0,0.0,11901.0,1081.0,24.0,7.3617408e+07,9.416704e+08,2712.3599999999997,20.0,243836.0,5.0,243831.0,243831.0,2.0,0.0,0.0
2026-03-31 03:11:48,599,7.808282e+06,712820.0,15665.0,0.0,0.0,0.0,11901.0,1081.0,24.0,7.3617408e+07,9.416704e+08,2712.38,20.0,243836.0,5.0,243831.0,243831.0,2.0,0.0,0.0
2026-03-31 03:12:00,599,7.808282e+06,712820.0,15665.0,0.0,0.0,0.0,11901.0,1081.0,24.0,7.3617408e+07,9.416704e+08,2712.39,20.0,243836.0,5.0,243831.0,243831.0,2.0,0.0,0.0
2026-03-31 03:12:12,599,7.808282e+06,712820.0,15665.0,0.0,0.0,0.0,11901.0,1081.0,24.0,7.3617408e+07,9.416704e+08,2712.4100000000003,20.0,243836.0,5.0,243831.0,243831.0,2.0,0.0,0.0
2026-03-31 03:12:24,599,7.808282e+06,712820.0,15665.0,0.0,0.0,0.0,11901.0,1081.0,24.0,7.3617408e+07,9.416704e+08,2712.42,20.0,243836.0,5.0,243831.0,243831.0,2.0,0.0,0.0
2026-03-31 03:12:36,600,7.808282e+06,712820.0,15665.0,0.0,0.0,0.0,11901.0,1081.0,24.0,7.3617408e+07,9.416704e+08,2712.44,20.0,243836.0,5.0,243831.0,243831.0,2.0,0.0,0.0
2026-03-31 03:12:47,600,7.808282e+06,712820.0,15665.0,0.0,0.0,0.0,11901.0,1081.0,24.0,7.3617408e+07,9.416704e+08,2712.45,20.0,243836.0,5.0,243831.0,243831.0,2.0,0.0,0.0
2026-03-31 03:12:59,600,7.808282e+06,712820.0,15665.0,0.0,0.0,0.0,11901.0,1081.0,24.0,7.3617408e+07,9.416704e+08,2712.4700000000003,20.0,243836.0,5.0,243831.0,243831.0,2.0,0.0,0.0
2026-03-31 03:13:11,600,7.808282e+06,712820.0,15665.0,0.0,0.0,0.0,11901.0,1081.0,24.0,7.3617408e+07,9.416704e+08,2712.49,20.0,243836.0,5.0,243831.0,243831.0,2.0,0.0,0.0
2026-03-31 03:13:23,600,7.808282e+06,712820.0,15665.0,0.0,0.0,0.0,11901.0,1081.0,24.0,7.3617408e+07,9.416704e+08,2712.49,20.0,243836.0,5.0,243831.0,243831.0,2.0,0.0,0.0
2026-03-31 03:13:34,601,7.808282e+06,712820.0,15665.0,0.0,0.0,0.0,11901.0,1081.0,24.0,7.3617408e+07,9.416704e+08,2712.52,20.0,243836.0,5.0,243831.0,243831.0,2.0,0.0,0.0
2026-03-31 03:13:46,601,7.808282e+06,712820.0,15665.0,0.0,0.0,0.0,11901.0,1081.0,24.0,7.3617408e+07,9.416704e+08,2712.5299999999997,20.0,243836.0,5.0,243831.0,243831.0,2.0,0.0,0.0
2026-03-31 03:13:58,601,7.808282e+06,712820.0,15665.0,0.0,0.0,0.0,11901.0,1081.0,24.0,7.3617408e+07,9.416704e+08,2712.54,20.0,243836.0,5.0,243831.0,243831.0,2.0,0.0,0.0
2026-03-31 03:14:10,601,7.808282e+06,712820.0,15665.0,0.0,0.0,0.0,11901.0,1081.0,24.0,7.3617408e+07,9.416704e+08,2712.56,20.0,243836.0,5.0,243831.0,243831.0,2.0,0.0,0.0
2026-03-31 03:14:21,601,7.808282e+06,712820.0,15665.0,0.0,0.0,0.0,11901.0,1081.0,24.0,7.3617408e+07,9.416704e+08,2712.58,20.0,243836.0,5.0,243831.0,243831.0,2.0,0.0,0.0
2026-03-31 03:14:33,602,7.808282e+06,712820.0,15665.0,0.0,0.0,0.0,11901.0,1081.0,24.0,7.3617408e+07,9.416704e+08,2712.5899999999997,20.0,243836.0,5.0,243831.0,243831.0,2.0,0.0,0.0
2026-03-31 03:14:45,602,7.808282e+06,712820.0,15665.0,0.0,0.0,0.0,11901.0,1081.0,24.0,7.3617408e+07,9.416704e+08,2712.61,20.0,243836.0,5.0,243831.0,243831.0,2.0,0.0,0.0
2026-03-31 03:14:57,602,7.808282e+06,712820.0,15665.0,0.0,0.0,0.0,11901.0,1081.0,24.0,7.3617408e+07,9.416704e+08,2712.63,20.0,243836.0,5.0,243831.0,243831.0,2.0,0.0,0.0
2026-03-31 03:15:08,602,7.808282e+06,712820.0,15665.0,0.0,0.0,0.0,11901.0,1081.0,24.0,7.3617408e+07,9.416704e+08,2712.64,20.0,243836.0,5.0,243831.0,243831.0,2.0,0.0,0.0
2026-03-31 03:15:20,602,7.808282e+06,712820.0,15665.0,0.0,0.0,0.0,11901.0,1081.0,24.0,7.3617408e+07,9.416704e+08,2712.6600000000003,20.0,243836.0,5.0,243831.0,243831.0,2.0,0.0,0.0
2026-03-31 03:15:32,603,7.808282e+06,712820.0,15665.0,0.0,0.0,0.0,11901.0,1081.0,24.0,7.3617408e+07,9.416704e+08,2712.67,20.0,243836.0,5.0,243831.0,243831.0,2.0,0.0,0.0
2026-03-31 03:15:44,603,7.808282e+06,712820.0,15665.0,0.0,0.0,0.0,11901.0,1081.0,24.0,7.3617408e+07,9.416704e+08,2712.6800000000003,20.0,243836.0,5.0,243831.0,243831.0,2.0,0.0,0.0
2026-03-31 03:15:55,603,7.808282e+06,712820.0,15665.0,0.0,0.0,0.0,11901.0,1081.0,24.0,7.3617408e+07,9.416704e+08,2712.71,20.0,243836.0,5.0,243831.0,243831.0,2.0,0.0,0.0
2026-03-31 03:16:07,603,7.808282e+06,712820.0,15665.0,0.0,0.0,0.0,11901.0,1081.0,24.0,7.3617408e+07,9.416704e+08,2712.72,20.0,243836.0,5.0,243831.0,243831.0,2.0,0.0,0.0
2026-03-31 03:16:19,603,7.808282e+06,712820.0,15665.0,0.0,0.0,0.0,11901.0,1081.0,24.0,7.3617408e+07,9.416704e+08,2712.73,20.0,243836.0,5.0,243831.0,243831.0,2.0,0.0,0.0
2026-03-31 03:16:30,604,7.808282e+06,712820.0,15665.0,0.0,0.0,0.0,11901.0,1081.0,24.0,7.3617408e+07,9.416704e+08,2712.75,20.0,243836.0,5.0,243831.0,243831.0,2.0,0.0,0.0
2026-03-31 03:16:42,604,7.808282e+06,712820.0,15665.0,0.0,0.0,0.0,11901.0,1081.0,24.0,7.374848e+07,9.416704e+08,2712.77,20.0,243836.0,5.0,243831.0,243831.0,2.0,0.0,0.0
2026-03-31 03:16:54,604,7.808282e+06,712820.0,15665.0,0.0,0.0,0.0,11901.0,1081.0,24.0,7.374848e+07,9.416704e+08,2712.7799999999997,20.0,243836.0,5.0,243831.0,243831.0,2.0,0.0,0.0
2026-03-31 03:17:06,604,7.808282e+06,712820.0,15665.0,0.0,0.0,0.0,11901.0,1081.0,24.0,7.374848e+07,9.416704e+08,2712.8,20.0,243836.0,5.0,243831.0,243831.0,2.0,0.0,0.0
2026-03-31 03:17:17,604,7.808282e+06,712820.0,15665.0,0.0,0.0,0.0,11901.0,1081.0,24.0,7.374848e+07,9.416704e+08,2712.81,20.0,243836.0,5.0,243831.0,243831.0,2.0,0.0,0.0
2026-03-31 03:17:29,605,7.808282e+06,712820.0,15665.0,0.0,0.0,0.0,11901.0,1081.0,24.0,7.374848e+07,9.416704e+08,2712.83,20.0,243836.0,5.0,243831.0,243831.0,2.0,0.0,0.0
2026-03-31 03:17:41,605,7.808282e+06,712820.0,15665.0,0.0,0.0,0.0,11901.0,1081.0,24.0,7.374848e+07,9.416704e+08,2712.8399999999997,20.0,243836.0,5.0,243831.0,243831.0,2.0,0.0,0.0
2026-03-31 03:17:53,605,7.808282e+06,712820.0,15665.0,0.0,0.0,0.0,11901.0,1081.0,24.0,7.374848e+07,9.416704e+08,2712.86,20.0,243836.0,5.0,243831.0,243831.0,2.0,0.0,0.0
2026-03-31 03:18:04,605,7.808282e+06,712820.0,15665.0,0.0,0.0,0.0,11901.0,1081.0,24.0,7.374848e+07,9.416704e+08,2712.87,20.0,243836.0,5.0,243831.0,243831.0,2.0,0.0,0.0
2026-03-31 03:18:16,605,7.808282e+06,712820.0,15665.0,0.0,0.0,0.0,11901.0,1081.0,24.0,7.374848e+07,9.416704e+08,2712.89,20.0,243836.0,5.0,243831.0,243831.0,2.0,0.0,0.0
2026-03-31 03:18:28,606,7.808282e+06,712820.0,15665.0,0.0,0.0,0.0,11901.0,1081.0,24.0,7.374848e+07,9.416704e+08,2712.8999999999996,20.0,243836.0,5.0,243831.0,243831.0,2.0,0.0,0.0
2026-03-31 03:18:40,606,7.808282e+06,712820.0,15665.0,0.0,0.0,0.0,11901.0,1081.0,24.0,7.374848e+07,9.416704e+08,2712.92,20.0,243836.0,5.0,243831.0,243831.0,2.0,0.0,0.0
2026-03-31 03:18:52,606,7.808282e+06,712820.0,15665.0,0.0,0.0,0.0,11901.0,1081.0,24.0,7.374848e+07,9.416704e+08,2712.93,20.0,243836.0,5.0,243831.0,243831.0,2.0,0.0,0.0
2026-03-31 03:19:03,606,7.808282e+06,712820.0,15665.0,0.0,0.0,0.0,11901.0,1081.0,24.0,7.374848e+07,9.416704e+08,2712.95,20.0,243836.0,5.0,243831.0,243831.0,2.0,0.0,0.0
2026-03-31 03:19:15,606,7.808282e+06,712820.0,15665.0,0.0,0.0,0.0,11901.0,1081.0,24.0,7.374848e+07,9.416704e+08,2712.96,20.0,243836.0,5.0,243831.0,243831.0,2.0,0.0,0.0
2026-03-31 03:19:27,607,7.808282e+06,712820.0,15665.0,0.0,0.0,0.0,11901.0,1081.0,24.0,7.374848e+07,9.416704e+08,2712.9799999999996,20.0,243836.0,5.0,243831.0,243831.0,2.0,0.0,0.0
2026-03-31 03:19:39,607,7.808282e+06,712820.0,15665.0,0.0,0.0,0.0,11901.0,1081.0,24.0,7.374848e+07,9.416704e+08,2712.99,20.0,243836.0,5.0,243831.0,243831.0,2.0,0.0,0.0
2026-03-31 03:19:51,607,7.808282e+06,712820.0,15665.0,0.0,0.0,0.0,11901.0,1081.0,24.0,7.374848e+07,9.416704e+08,2713.01,20.0,243836.0,5.0,243831.0,243831.0,2.0,0.0,0.0
2026-03-31 03:20:02,607,7.808282e+06,712820.0,15665.0,0.0,0.0,0.0,11901.0,1081.0,24.0,7.374848e+07,9.416704e+08,2713.02,20.0,243836.0,5.0,243831.0,243831.0,2.0,0.0,0.0
2026-03-31 03:20:14,607,7.808282e+06,712820.0,15665.0,0.0,0.0,0.0,11901.0,1081.0,24.0,7.374848e+07,9.416704e+08,2713.04,20.0,243836.0,5.0,243831.0,243831.0,2.0,0.0,0.0
2026-03-31 03:20:26,608,7.808282e+06,712820.0,15665.0,0.0,0.0,0.0,11901.0,1081.0,24.0,7.374848e+07,9.416704e+08,2713.0600000000004,20.0,243836.0,5.0,243831.0,243831.0,2.0,0.0,0.0
2026-03-31 03:20:38,608,7.808282e+06,712820.0,15665.0,0.0,0.0,0.0,11901.0,1081.0,24.0,7.374848e+07,9.416704e+08,2713.0699999999997,20.0,243836.0,5.0,243831.0,243831.0,2.0,0.0,0.0
2026-03-31 03:20:49,608,7.808282e+06,712820.0,15665.0,0.0,0.0,0.0,11901.0,1081.0,24.0,7.374848e+07,9.416704e+08,2713.09,20.0,243836.0,5.0,243831.0,243831.0,2.0,0.0,0.0
2026-03-31 03:21:01,608,7.808282e+06,712820.0,15665.0,0.0,0.0,0.0,11901.0,1081.0,24.0,7.374848e+07,9.416704e+08,2713.1,20.0,243836.0,5.0,243831.0,243831.0,2.0,0.0,0.0
2026-03-31 03:21:13,608,7.808282e+06,712820.0,15665.0,0.0,0.0,0.0,11901.0,1081.0,24.0,7.374848e+07,9.416704e+08,2713.1200000000003,20.0,243836.0,5.0,243831.0,243831.0,2.0,0.0,0.0
2026-03-31 03:21:24,608,7.808282e+06,712820.0,15665.0,0.0,0.0,0.0,11901.0,1081.0,24.0,7.374848e+07,9.416704e+08,2713.14,20.0,243836.0,5.0,243831.0,243831.0,2.0,0.0,0.0
2026-03-31 03:21:36,609,7.808282e+06,712820.0,15665.0,0.0,0.0,0.0,11901.0,1081.0,24.0,7.374848e+07,9.416704e+08,2713.15,20.0,243836.0,5.0,243831.0,243831.0,2.0,0.0,0.0
2026-03-31 03:21:48,609,7.808282e+06,712820.0,15665.0,0.0,0.0,0.0,11901.0,1081.0,24.0,7.374848e+07,9.416704e+08,2713.17,20.0,243836.0,5.0,243831.0,243831.0,2.0,0.0,0.0
2026-03-31 03:22:00,609,7.808282e+06,712820.0,15665.0,0.0,0.0,0.0,11901.0,1081.0,24.0,7.374848e+07,9.416704e+08,2713.1800000000003,20.0,243836.0,5.0,243831.0,243831.0,2.0,0.0,0.0
2026-03-31 03:22:11,609,7.808282e+06,712820.0,15665.0,0.0,0.0,0.0,11901.0,1081.0,24.0,7.374848e+07,9.416704e+08,2713.2,20.0,243836.0,5.0,243831.0,243831.0,2.0,0.0,0.0
2026-03-31 03:22:23,609,7.808282e+06,712820.0,15665.0,0.0,0.0,0.0,11901.0,1081.0,24.0,7.374848e+07,9.416704e+08,2713.21,20.0,243836.0,5.0,243831.0,243831.0,2.0,0.0,0.0
2026-03-31 03:22:35,610,7.808282e+06,712820.0,15665.0,0.0,0.0,0.0,11901.0,1081.0,24.0,7.374848e+07,9.416704e+08,2713.22,20.0,243836.0,5.0,243831.0,243831.0,2.0,0.0,0.0
2026-03-31 03:22:47,610,7.808282e+06,712820.0,15665.0,0.0,0.0,0.0,11901.0,1081.0,24.0,7.374848e+07,9.416704e+08,2713.2400000000002,20.0,243836.0,5.0,243831.0,243831.0,2.0,0.0,0.0
2026-03-31 03:22:58,610,7.808282e+06,712820.0,15665.0,0.0,0.0,0.0,11901.0,1081.0,24.0,7.374848e+07,9.416704e+08,2713.26,20.0,243836.0,5.0,243831.0,243831.0,2.0,0.0,0.0
2026-03-31 03:23:10,610,7.808282e+06,712820.0,15665.0,0.0,0.0,0.0,11901.0,1081.0,24.0,7.374848e+07,9.416704e+08,2713.2799999999997,20.0,243836.0,5.0,243831.0,243831.0,2.0,0.0,0.0
2026-03-31 03:23:22,610,7.808282e+06,712820.0,15665.0,0.0,0.0,0.0,11901.0,1081.0,24.0,7.374848e+07,9.416704e+08,2713.29,20.0,243836.0,5.0,243831.0,243831.0,2.0,0.0,0.0
2026-03-31 03:23:34,611,7.808282e+06,712820.0,15665.0,0.0,0.0,0.0,11901.0,1081.0,24.0,7.374848e+07,9.416704e+08,2713.31,20.0,243836.0,5.0,243831.0,243831.0,2.0,0.0,0.0
2026-03-31 03:23:45,611,7.808282e+06,712820.0,15665.0,0.0,0.0,0.0,11901.0,1081.0,24.0,7.374848e+07,9.416704e+08,2713.32,20.0,243836.0,5.0,243831.0,243831.0,2.0,0.0,0.0
2026-03-31 03:23:57,611,7.808282e+06,712820.0,15665.0,0.0,0.0,0.0,11901.0,1081.0,24.0,7.374848e+07,9.416704e+08,2713.33,20.0,243836.0,5.0,243831.0,243831.0,2.0,0.0,0.0
2026-03-31 03:24:09,611,7.808282e+06,712820.0,15665.0,0.0,0.0,0.0,11901.0,1081.0,24.0,7.374848e+07,9.416704e+08,2713.35,20.0,243836.0,5.0,243831.0,243831.0,2.0,0.0,0.0
2026-03-31 03:24:21,611,7.808282e+06,712820.0,15665.0,0.0,0.0,0.0,11901.0,1081.0,24.0,7.374848e+07,9.416704e+08,2713.36,20.0,243836.0,5.0,243831.0,243831.0,2.0,0.0,0.0
2026-03-31 03:24:32,612,7.808282e+06,712820.0,15665.0,0.0,0.0,0.0,11901.0,1081.0,24.0,7.374848e+07,9.416704e+08,2713.38,20.0,243836.0,5.0,243831.0,243831.0,2.0,0.0,0.0
2026-03-31 03:24:44,612,7.808282e+06,712820.0,15665.0,0.0,0.0,0.0,11901.0,1081.0,24.0,7.374848e+07,9.416704e+08,2713.3900000000003,20.0,243836.0,5.0,243831.0,243831.0,2.0,0.0,0.0
2026-03-31 03:24:56,612,7.808282e+06,712820.0,15665.0,0.0,0.0,0.0,11901.0,1081.0,24.0,7.374848e+07,9.416704e+08,2713.42,20.0,243836.0,5.0,243831.0,243831.0,2.0,0.0,0.0
2026-03-31 03:25:08,612,7.808282e+06,712820.0,15665.0,0.0,0.0,0.0,11901.0,1081.0,24.0,7.374848e+07,9.416704e+08,2713.43,20.0,243836.0,5.0,243831.0,243831.0,2.0,0.0,0.0
2026-03-31 03:25:19,612,7.808282e+06,712820.0,15665.0,0.0,0.0,0.0,11901.0,1081.0,24.0,7.374848e+07,9.416704e+08,2713.4500000000003,20.0,243836.0,5.0,243831.0,243831.0,2.0,0.0,0.0
2026-03-31 03:25:31,613,7.808282e+06,712820.0,15665.0,0.0,0.0,0.0,11901.0,1081.0,24.0,7.374848e+07,9.416704e+08,2713.46,20.0,243836.0,5.0,243831.0,243831.0,2.0,0.0,0.0
2026-03-31 03:25:43,613,7.808282e+06,712820.0,15665.0,0.0,0.0,0.0,11901.0,1081.0,24.0,7.374848e+07,9.416704e+08,2713.4700000000003,20.0,243836.0,5.0,243831.0,243831.0,2.0,0.0,0.0
2026-03-31 03:25:55,613,7.808282e+06,712820.0,15665.0,0.0,0.0,0.0,11901.0,1081.0,24.0,7.374848e+07,9.416704e+08,2713.49,20.0,243836.0,5.0,243831.0,243831.0,2.0,0.0,0.0
2026-03-31 03:26:06,613,7.808282e+06,712820.0,15665.0,0.0,0.0,0.0,11901.0,1081.0,24.0,7.374848e+07,9.416704e+08,2713.51,20.0,243836.0,5.0,243831.0,243831.0,2.0,0.0,0.0
2026-03-31 03:26:18,613,7.808282e+06,712820.0,15665.0,0.0,0.0,0.0,11901.0,1081.0,24.0,7.374848e+07,9.416704e+08,2713.5299999999997,20.0,243836.0,5.0,243831.0,243831.0,2.0,0.0,0.0
2026-03-31 03:26:30,614,7.808282e+06,712820.0,15665.0,0.0,0.0,0.0,11901.0,1081.0,24.0,7.374848e+07,9.416704e+08,2713.54,20.0,243836.0,5.0,243831.0,243831.0,2.0,0.0,0.0
2026-03-31 03:26:41,614,7.808282e+06,712820.0,15665.0,0.0,0.0,0.0,11901.0,1081.0,24.0,7.374848e+07,9.416704e+08,2713.56,20.0,243836.0,5.0,243831.0,243831.0,2.0,0.0,0.0
2026-03-31 03:26:53,614,7.808282e+06,712820.0,15665.0,0.0,0.0,0.0,11901.0,1081.0,24.0,7.374848e+07,9.416704e+08,2713.58,20.0,243836.0,5.0,243831.0,243831.0,2.0,0.0,0.0
2026-03-31 03:27:05,614,7.808282e+06,712820.0,15665.0,0.0,0.0,0.0,11901.0,1081.0,24.0,7.374848e+07,9.416704e+08,2713.5899999999997,20.0,243836.0,5.0,243831.0,243831.0,2.0,0.0,0.0
2026-03-31 03:27:17,614,7.808282e+06,712820.0,15665.0,0.0,0.0,0.0,11901.0,1081.0,24.0,7.374848e+07,9.416704e+08,2713.61,20.0,243836.0,5.0,243831.0,243831.0,2.0,0.0,0.0
2026-03-31 03:27:28,615,7.808282e+06,712820.0,15665.0,0.0,0.0,0.0,11901.0,1081.0,24.0,7.374848e+07,9.416704e+08,2713.62,20.0,243836.0,5.0,243831.0,243831.0,2.0,0.0,0.0
2026-03-31 03:27:40,615,7.808282e+06,712820.0,15665.0,0.0,0.0,0.0,11901.0,1081.0,24.0,7.374848e+07,9.416704e+08,2713.64,20.0,243836.0,5.0,243831.0,243831.0,2.0,0.0,0.0
2026-03-31 03:27:52,615,7.808282e+06,712820.0,15665.0,0.0,0.0,0.0,11901.0,1081.0,24.0,7.374848e+07,9.416704e+08,2713.6499999999996,20.0,243836.0,5.0,243831.0,243831.0,2.0,0.0,0.0
2026-03-31 03:28:04,615,7.808282e+06,712820.0,15665.0,0.0,0.0,0.0,11901.0,1081.0,24.0,7.374848e+07,9.416704e+08,2713.67,20.0,243836.0,5.0,243831.0,243831.0,2.0,0.0,0.0
2026-03-31 03:28:16,615,7.808282e+06,712820.0,15665.0,0.0,0.0,0.0,11901.0,1081.0,24.0,7.374848e+07,9.416704e+08,2713.68,20.0,243836.0,5.0,243831.0,243831.0,2.0,0.0,0.0
2026-03-31 03:28:27,616,7.808282e+06,712820.0,15665.0,0.0,0.0,0.0,11901.0,1081.0,24.0,7.374848e+07,9.416704e+08,2713.69,20.0,243836.0,5.0,243831.0,243831.0,2.0,0.0,0.0
2026-03-31 03:28:39,616,7.808282e+06,712820.0,15665.0,0.0,0.0,0.0,11901.0,1081.0,24.0,7.374848e+07,9.416704e+08,2713.7099999999996,20.0,243836.0,5.0,243831.0,243831.0,2.0,0.0,0.0
2026-03-31 03:28:51,616,7.808282e+06,712820.0,15665.0,0.0,0.0,0.0,11901.0,1081.0,24.0,7.374848e+07,9.416704e+08,2713.72,20.0,243836.0,5.0,243831.0,243831.0,2.0,0.0,0.0
2026-03-31 03:29:03,616,7.808282e+06,712820.0,15665.0,0.0,0.0,0.0,11901.0,1081.0,24.0,7.374848e+07,9.416704e+08,2713.75,20.0,243836.0,5.0,243831.0,243831.0,2.0,0.0,0.0
2026-03-31 03:29:14,616,7.808282e+06,712820.0,15665.0,0.0,0.0,0.0,11901.0,1081.0,24.0,7.374848e+07,9.416704e+08,2713.76,20.0,243836.0,5.0,243831.0,243831.0,2.0,0.0,0.0
2026-03-31 03:29:26,617,7.808282e+06,712820.0,15665.0,0.0,0.0,0.0,11901.0,1081.0,24.0,7.374848e+07,9.416704e+08,2713.7799999999997,20.0,243836.0,5.0,243831.0,243831.0,2.0,0.0,0.0
2026-03-31 03:29:38,617,7.808282e+06,712820.0,15665.0,0.0,0.0,0.0,11901.0,1081.0,24.0,7.374848e+07,9.416704e+08,2713.79,20.0,243836.0,5.0,243831.0,243831.0,2.0,0.0,0.0
2026-03-31 03:29:49,617,7.808282e+06,712820.0,15665.0,0.0,0.0,0.0,11901.0,1081.0,24.0,7.374848e+07,9.416704e+08,2713.81,20.0,243836.0,5.0,243831.0,243831.0,2.0,0.0,0.0
2026-03-31 03:30:01,617,7.808282e+06,712820.0,15665.0,0.0,0.0,0.0,11901.0,1081.0,24.0,7.374848e+07,9.416704e+08,2713.83,20.0,243836.0,5.0,243831.0,243831.0,2.0,0.0,0.0
2026-03-31 03:30:13,617,7.808282e+06,712820.0,15665.0,0.0,0.0,0.0,11901.0,1081.0,24.0,7.374848e+07,9.416704e+08,2713.84,20.0,243836.0,5.0,243831.0,243831.0,2.0,0.0,0.0
2026-03-31 03:30:25,618,7.808282e+06,712820.0,15665.0,0.0,0.0,0.0,11901.0,1081.0,24.0,7.374848e+07,9.416704e+08,2713.8599999999997,20.0,243836.0,5.0,243831.0,243831.0,2.0,0.0,0.0
2026-03-31 03:30:36,618,7.808282e+06,712820.0,15665.0,0.0,0.0,0.0,11901.0,1081.0,24.0,7.374848e+07,9.416704e+08,2713.87,20.0,243836.0,5.0,243831.0,243831.0,2.0,0.0,0.0
2026-03-31 03:30:48,618,7.808282e+06,712820.0,15665.0,0.0,0.0,0.0,11901.0,1081.0,24.0,7.374848e+07,9.416704e+08,2713.88,20.0,243836.0,5.0,243831.0,243831.0,2.0,0.0,0.0
2026-03-31 03:31:00,618,7.808282e+06,712820.0,15665.0,0.0,0.0,0.0,11901.0,1081.0,24.0,7.374848e+07,9.416704e+08,2713.9,20.0,243836.0,5.0,243831.0,243831.0,2.0,0.0,0.0
2026-03-31 03:31:12,618,7.808282e+06,712820.0,15665.0,0.0,0.0,0.0,11901.0,1081.0,24.0,7.374848e+07,9.416704e+08,2713.92,20.0,243836.0,5.0,243831.0,243831.0,2.0,0.0,0.0
2026-03-31 03:31:23,618,7.808282e+06,712820.0,15665.0,0.0,0.0,0.0,11901.0,1081.0,24.0,7.374848e+07,9.416704e+08,2713.93,20.0,243836.0,5.0,243831.0,243831.0,2.0,0.0,0.0
2026-03-31 03:31:35,619,7.808282e+06,712820.0,15665.0,0.0,0.0,0.0,11901.0,1081.0,24.0,7.374848e+07,9.416704e+08,2713.96,20.0,243836.0,5.0,243831.0,243831.0,2.0,0.0,0.0
2026-03-31 03:31:47,619,7.808282e+06,712820.0,15665.0,0.0,0.0,0.0,11901.0,1081.0,24.0,7.374848e+07,9.416704e+08,2713.9700000000003,20.0,243836.0,5.0,243831.0,243831.0,2.0,0.0,0.0
2026-03-31 03:31:58,619,7.808282e+06,712820.0,15665.0,0.0,0.0,0.0,11901.0,1081.0,24.0,7.374848e+07,9.416704e+08,2713.98,20.0,243836.0,5.0,243831.0,243831.0,2.0,0.0,0.0
2026-03-31 03:32:10,619,7.808282e+06,712820.0,15665.0,0.0,0.0,0.0,11901.0,1081.0,24.0,7.374848e+07,9.416704e+08,2714.0,20.0,243836.0,5.0,243831.0,243831.0,2.0,0.0,0.0
2026-03-31 03:32:22,619,7.808282e+06,712820.0,15665.0,0.0,0.0,0.0,11901.0,1081.0,24.0,7.374848e+07,9.416704e+08,2714.01,20.0,243836.0,5.0,243831.0,243831.0,2.0,0.0,0.0
2026-03-31 03:32:34,620,7.808282e+06,712820.0,15665.0,0.0,0.0,0.0,11901.0,1081.0,24.0,7.374848e+07,9.416704e+08,2714.03,20.0,243836.0,5.0,243831.0,243831.0,2.0,0.0,0.0
2026-03-31 03:32:45,620,7.808282e+06,712820.0,15665.0,0.0,0.0,0.0,11901.0,1081.0,24.0,7.374848e+07,9.416704e+08,2714.04,20.0,243836.0,5.0,243831.0,243831.0,2.0,0.0,0.0
2026-03-31 03:32:57,620,7.808282e+06,712820.0,15665.0,0.0,0.0,0.0,11901.0,1081.0,24.0,7.374848e+07,9.416704e+08,2714.06,20.0,243836.0,5.0,243831.0,243831.0,2.0,0.0,0.0
2026-03-31 03:33:09,620,7.808282e+06,712820.0,15665.0,0.0,0.0,0.0,11901.0,1081.0,24.0,7.374848e+07,9.416704e+08,2714.07,20.0,243836.0,5.0,243831.0,243831.0,2.0,0.0,0.0
2026-03-31 03:33:21,620,7.808282e+06,712820.0,15665.0,0.0,0.0,0.0,11901.0,1081.0,24.0,7.374848e+07,9.416704e+08,2714.0899999999997,20.0,243836.0,5.0,243831.0,243831.0,2.0,0.0,0.0
2026-03-31 03:33:32,621,7.808282e+06,712820.0,15665.0,0.0,0.0,0.0,11901.0,1081.0,24.0,7.374848e+07,9.416704e+08,2714.1,20.0,243836.0,5.0,243831.0,243831.0,2.0,0.0,0.0
2026-03-31 03:33:44,621,7.808282e+06,712820.0,15665.0,0.0,0.0,0.0,11901.0,1081.0,24.0,7.374848e+07,9.416704e+08,2714.1200000000003,20.0,243836.0,5.0,243831.0,243831.0,2.0,0.0,0.0
2026-03-31 03:33:56,621,7.808282e+06,712820.0,15665.0,0.0,0.0,0.0,11901.0,1081.0,24.0,7.374848e+07,9.416704e+08,2714.14,20.0,243836.0,5.0,243831.0,243831.0,2.0,0.0,0.0
2026-03-31 03:34:08,621,7.808282e+06,712820.0,15665.0,0.0,0.0,0.0,11901.0,1081.0,24.0,7.374848e+07,9.416704e+08,2714.16,20.0,243836.0,5.0,243831.0,243831.0,2.0,0.0,0.0
2026-03-31 03:34:19,621,7.808282e+06,712820.0,15665.0,0.0,0.0,0.0,11901.0,1081.0,24.0,7.374848e+07,9.416704e+08,2714.17,20.0,243836.0,5.0,243831.0,243831.0,2.0,0.0,0.0
2026-03-31 03:34:31,622,7.808282e+06,712820.0,15665.0,0.0,0.0,0.0,11901.0,1081.0,24.0,7.374848e+07,9.416704e+08,2714.19,20.0,243836.0,5.0,243831.0,243831.0,2.0,0.0,0.0
2026-03-31 03:34:43,622,7.808282e+06,712820.0,15665.0,0.0,0.0,0.0,11901.0,1081.0,24.0,7.374848e+07,9.416704e+08,2714.2000000000003,20.0,243836.0,5.0,243831.0,243831.0,2.0,0.0,0.0
2026-03-31 03:34:54,622,7.808282e+06,712820.0,15665.0,0.0,0.0,0.0,11901.0,1081.0,24.0,7.374848e+07,9.416704e+08,2714.22,20.0,243836.0,5.0,243831.0,243831.0,2.0,0.0,0.0
2026-03-31 03:35:06,622,7.808282e+06,712820.0,15665.0,0.0,0.0,0.0,11901.0,1081.0,24.0,7.374848e+07,9.416704e+08,2714.2400000000002,20.0,243836.0,5.0,243831.0,243831.0,2.0,0.0,0.0
2026-03-31 03:35:18,622,7.808282e+06,712820.0,15665.0,0.0,0.0,0.0,11901.0,1081.0,24.0,7.374848e+07,9.416704e+08,2714.25,20.0,243836.0,5.0,243831.0,243831.0,2.0,0.0,0.0
2026-03-31 03:35:30,623,7.808282e+06,712820.0,15665.0,0.0,0.0,0.0,11901.0,1081.0,24.0,7.374848e+07,9.416704e+08,2714.27,20.0,243836.0,5.0,243831.0,243831.0,2.0,0.0,0.0
2026-03-31 03:35:41,623,7.808282e+06,712820.0,15665.0,0.0,0.0,0.0,11901.0,1081.0,24.0,7.374848e+07,9.416704e+08,2714.2799999999997,20.0,243836.0,5.0,243831.0,243831.0,2.0,0.0,0.0
2026-03-31 03:35:53,623,7.808282e+06,712820.0,15665.0,0.0,0.0,0.0,11901.0,1081.0,24.0,7.374848e+07,9.416704e+08,2714.3,20.0,243836.0,5.0,243831.0,243831.0,2.0,0.0,0.0
2026-03-31 03:36:05,623,7.808282e+06,712820.0,15665.0,0.0,0.0,0.0,11901.0,1081.0,24.0,7.374848e+07,9.416704e+08,2714.31,20.0,243836.0,5.0,243831.0,243831.0,2.0,0.0,0.0
2026-03-31 03:36:17,623,7.808282e+06,712820.0,15665.0,0.0,0.0,0.0,11901.0,1081.0,24.0,7.374848e+07,9.416704e+08,2714.33,20.0,243836.0,5.0,243831.0,243831.0,2.0,0.0,0.0
2026-03-31 03:36:28,624,7.808282e+06,712820.0,15665.0,0.0,0.0,0.0,11901.0,1081.0,24.0,7.374848e+07,9.416704e+08,2714.3399999999997,20.0,243836.0,5.0,243831.0,243831.0,2.0,0.0,0.0
2026-03-31 03:36:40,624,7.808282e+06,712820.0,15665.0,0.0,0.0,0.0,11901.0,1081.0,24.0,7.374848e+07,9.416704e+08,2714.35,20.0,243836.0,5.0,243831.0,243831.0,2.0,0.0,0.0
2026-03-31 03:36:52,624,7.808282e+06,712820.0,15665.0,0.0,0.0,0.0,11901.0,1081.0,24.0,7.374848e+07,9.416704e+08,2714.37,20.0,243836.0,5.0,243831.0,243831.0,2.0,0.0,0.0
2026-03-31 03:37:03,624,7.808282e+06,712820.0,15665.0,0.0,0.0,0.0,11901.0,1081.0,24.0,7.374848e+07,9.416704e+08,2714.3799999999997,20.0,243836.0,5.0,243831.0,243831.0,2.0,0.0,0.0
2026-03-31 03:37:15,624,7.808282e+06,712820.0,15665.0,0.0,0.0,0.0,11901.0,1081.0,24.0,7.374848e+07,9.416704e+08,2714.41,20.0,243836.0,5.0,243831.0,243831.0,2.0,0.0,0.0
2026-03-31 03:37:27,625,7.808282e+06,712820.0,15665.0,0.0,0.0,0.0,11901.0,1081.0,24.0,7.374848e+07,9.416704e+08,2714.41,20.0,243836.0,5.0,243831.0,243831.0,2.0,0.0,0.0
2026-03-31 03:37:39,625,7.808282e+06,712820.0,15665.0,0.0,0.0,0.0,11901.0,1081.0,24.0,7.374848e+07,9.416704e+08,2714.44,20.0,243836.0,5.0,243831.0,243831.0,2.0,0.0,0.0
2026-03-31 03:37:50,625,7.808282e+06,712820.0,15665.0,0.0,0.0,0.0,11901.0,1081.0,24.0,7.374848e+07,9.416704e+08,2714.45,20.0,243836.0,5.0,243831.0,243831.0,2.0,0.0,0.0
2026-03-31 03:38:02,625,7.808282e+06,712820.0,15665.0,0.0,0.0,0.0,11901.0,1081.0,24.0,7.374848e+07,9.416704e+08,2714.46,20.0,243836.0,5.0,243831.0,243831.0,2.0,0.0,0.0
2026-03-31 03:38:14,625,7.808282e+06,712820.0,15665.0,0.0,0.0,0.0,11901.0,1081.0,24.0,7.374848e+07,9.416704e+08,2714.4799999999996,20.0,243836.0,5.0,243831.0,243831.0,2.0,0.0,0.0
2026-03-31 03:38:26,626,7.808282e+06,712820.0,15665.0,0.0,0.0,0.0,11901.0,1081.0,24.0,7.374848e+07,9.416704e+08,2714.5,20.0,243836.0,5.0,243831.0,243831.0,2.0,0.0,0.0
2026-03-31 03:38:37,626,7.808282e+06,712820.0,15665.0,0.0,0.0,0.0,11901.0,1081.0,24.0,7.374848e+07,9.416704e+08,2714.51,20.0,243836.0,5.0,243831.0,243831.0,2.0,0.0,0.0
2026-03-31 03:38:49,626,7.808282e+06,712820.0,15665.0,0.0,0.0,0.0,11901.0,1081.0,24.0,7.374848e+07,9.416704e+08,2714.52,20.0,243836.0,5.0,243831.0,243831.0,2.0,0.0,0.0
2026-03-31 03:39:01,626,7.808282e+06,712820.0,15665.0,0.0,0.0,0.0,11901.0,1081.0,24.0,7.374848e+07,9.416704e+08,2714.54,20.0,243836.0,5.0,243831.0,243831.0,2.0,0.0,0.0
2026-03-31 03:39:13,626,7.808282e+06,712820.0,15665.0,0.0,0.0,0.0,11901.0,1081.0,24.0,7.374848e+07,9.416704e+08,2714.5600000000004,20.0,243836.0,5.0,243831.0,243831.0,2.0,0.0,0.0
2026-03-31 03:39:24,626,7.808282e+06,712820.0,15665.0,0.0,0.0,0.0,11901.0,1081.0,24.0,7.374848e+07,9.416704e+08,2714.57,20.0,243836.0,5.0,243831.0,243831.0,2.0,0.0,0.0
2026-03-31 03:39:36,627,7.808282e+06,712820.0,15665.0,0.0,0.0,0.0,11901.0,1081.0,24.0,7.374848e+07,9.416704e+08,2714.59,20.0,243836.0,5.0,243831.0,243831.0,2.0,0.0,0.0
2026-03-31 03:39:48,627,7.808282e+06,712820.0,15665.0,0.0,0.0,0.0,11901.0,1081.0,24.0,7.3879552e+07,9.416704e+08,2714.6000000000004,20.0,243836.0,5.0,243831.0,243831.0,2.0,0.0,0.0
2026-03-31 03:40:00,627,7.808282e+06,712820.0,15665.0,0.0,0.0,0.0,11901.0,1081.0,24.0,7.3879552e+07,9.416704e+08,2714.62,20.0,243836.0,5.0,243831.0,243831.0,2.0,0.0,0.0
2026-03-31 03:40:11,627,7.808282e+06,712820.0,15665.0,0.0,0.0,0.0,11901.0,1081.0,24.0,7.3879552e+07,9.416704e+08,2714.63,20.0,243836.0,5.0,243831.0,243831.0,2.0,0.0,0.0
2026-03-31 03:40:23,627,7.808282e+06,712820.0,15665.0,0.0,0.0,0.0,11901.0,1081.0,24.0,7.3879552e+07,9.416704e+08,2714.6600000000003,20.0,243836.0,5.0,243831.0,243831.0,2.0,0.0,0.0
2026-03-31 03:40:35,628,7.808282e+06,712820.0,15665.0,0.0,0.0,0.0,11901.0,1081.0,24.0,7.3879552e+07,9.416704e+08,2714.67,20.0,243836.0,5.0,243831.0,243831.0,2.0,0.0,0.0
2026-03-31 03:40:47,628,7.808282e+06,712820.0,15665.0,0.0,0.0,0.0,11901.0,1081.0,24.0,7.3879552e+07,9.416704e+08,2714.68,20.0,243836.0,5.0,243831.0,243831.0,2.0,0.0,0.0
2026-03-31 03:40:58,628,7.808282e+06,712820.0,15665.0,0.0,0.0,0.0,11901.0,1081.0,24.0,7.3879552e+07,9.416704e+08,2714.7000000000003,20.0,243836.0,5.0,243831.0,243831.0,2.0,0.0,0.0
2026-03-31 03:41:10,628,7.808282e+06,712820.0,15665.0,0.0,0.0,0.0,11901.0,1081.0,24.0,7.3879552e+07,9.416704e+08,2714.72,20.0,243836.0,5.0,243831.0,243831.0,2.0,0.0,0.0
2026-03-31 03:41:22,628,7.808282e+06,712820.0,15665.0,0.0,0.0,0.0,11901.0,1081.0,24.0,7.3879552e+07,9.416704e+08,2714.73,20.0,243836.0,5.0,243831.0,243831.0,2.0,0.0,0.0
2026-03-31 03:41:34,629,7.808282e+06,712820.0,15665.0,0.0,0.0,0.0,11901.0,1081.0,24.0,7.3879552e+07,9.416704e+08,2714.7400000000002,20.0,243836.0,5.0,243831.0,243831.0,2.0,0.0,0.0
2026-03-31 03:41:45,629,7.808282e+06,712820.0,15665.0,0.0,0.0,0.0,11901.0,1081.0,24.0,7.3879552e+07,9.416704e+08,2714.7599999999998,20.0,243836.0,5.0,243831.0,243831.0,2.0,0.0,0.0
2026-03-31 03:41:57,629,7.808282e+06,712820.0,15665.0,0.0,0.0,0.0,11901.0,1081.0,24.0,7.3879552e+07,9.416704e+08,2714.78,20.0,243836.0,5.0,243831.0,243831.0,2.0,0.0,0.0
2026-03-31 03:42:09,629,7.808282e+06,712820.0,15665.0,0.0,0.0,0.0,11901.0,1081.0,24.0,7.3879552e+07,9.416704e+08,2714.79,20.0,243836.0,5.0,243831.0,243831.0,2.0,0.0,0.0
2026-03-31 03:42:21,629,7.808282e+06,712820.0,15665.0,0.0,0.0,0.0,11901.0,1081.0,24.0,7.3879552e+07,9.416704e+08,2714.81,20.0,243836.0,5.0,243831.0,243831.0,2.0,0.0,0.0
2026-03-31 03:42:32,630,7.808282e+06,712820.0,15665.0,0.0,0.0,0.0,11901.0,1081.0,24.0,7.374848e+07,9.416704e+08,2714.8199999999997,20.0,243836.0,5.0,243831.0,243831.0,2.0,0.0,0.0
2026-03-31 03:42:44,630,7.808282e+06,712820.0,15665.0,0.0,0.0,0.0,11901.0,1081.0,24.0,7.374848e+07,9.416704e+08,2714.84,20.0,243836.0,5.0,243831.0,243831.0,2.0,0.0,0.0
2026-03-31 03:42:56,630,7.808282e+06,712820.0,15665.0,0.0,0.0,0.0,11901.0,1081.0,24.0,7.374848e+07,9.416704e+08,2714.85,20.0,243836.0,5.0,243831.0,243831.0,2.0,0.0,0.0
2026-03-31 03:43:07,630,7.808282e+06,712820.0,15665.0,0.0,0.0,0.0,11901.0,1081.0,24.0,7.374848e+07,9.416704e+08,2714.8799999999997,20.0,243836.0,5.0,243831.0,243831.0,2.0,0.0,0.0
2026-03-31 03:43:19,630,7.808282e+06,712820.0,15665.0,0.0,0.0,0.0,11901.0,1081.0,24.0,7.374848e+07,9.416704e+08,2714.8799999999997,20.0,243836.0,5.0,243831.0,243831.0,2.0,0.0,0.0
2026-03-31 03:43:31,631,7.808282e+06,712820.0,15665.0,0.0,0.0,0.0,11901.0,1081.0,24.0,7.374848e+07,9.416704e+08,2714.9,20.0,243836.0,5.0,243831.0,243831.0,2.0,0.0,0.0
2026-03-31 03:43:42,631,7.808282e+06,712820.0,15665.0,0.0,0.0,0.0,11901.0,1081.0,24.0,7.374848e+07,9.416704e+08,2714.9100000000003,20.0,243836.0,5.0,243831.0,243831.0,2.0,0.0,0.0
2026-03-31 03:43:54,631,7.808282e+06,712820.0,15665.0,0.0,0.0,0.0,11901.0,1081.0,24.0,7.374848e+07,9.416704e+08,2714.93,20.0,243836.0,5.0,243831.0,243831.0,2.0,0.0,0.0
2026-03-31 03:44:06,631,7.808282e+06,712820.0,15665.0,0.0,0.0,0.0,11901.0,1081.0,24.0,7.374848e+07,9.416704e+08,2714.94,20.0,243836.0,5.0,243831.0,243831.0,2.0,0.0,0.0
2026-03-31 03:44:18,631,7.808282e+06,712820.0,15665.0,0.0,0.0,0.0,11901.0,1081.0,24.0,7.374848e+07,9.416704e+08,2714.96,20.0,243836.0,5.0,243831.0,243831.0,2.0,0.0,0.0
2026-03-31 03:44:30,632,7.808282e+06,712820.0,15665.0,0.0,0.0,0.0,11901.0,1081.0,24.0,7.374848e+07,9.416704e+08,2714.98,20.0,243836.0,5.0,243831.0,243831.0,2.0,0.0,0.0
2026-03-31 03:44:42,632,7.808282e+06,712820.0,15665.0,0.0,0.0,0.0,11901.0,1081.0,24.0,7.374848e+07,9.416704e+08,2714.99,20.0,243836.0,5.0,243831.0,243831.0,2.0,0.0,0.0
2026-03-31 03:44:53,632,7.808282e+06,712820.0,15665.0,0.0,0.0,0.0,11901.0,1081.0,24.0,7.374848e+07,9.416704e+08,2715.01,20.0,243836.0,5.0,243831.0,243831.0,2.0,0.0,0.0
2026-03-31 03:45:05,632,7.808282e+06,712820.0,15665.0,0.0,0.0,0.0,11901.0,1081.0,24.0,7.374848e+07,9.416704e+08,2715.02,20.0,243836.0,5.0,243831.0,243831.0,2.0,0.0,0.0
2026-03-31 03:45:17,632,7.808282e+06,712820.0,15665.0,0.0,0.0,0.0,11901.0,1081.0,24.0,7.374848e+07,9.416704e+08,2715.04,20.0,243836.0,5.0,243831.0,243831.0,2.0,0.0,0.0
2026-03-31 03:45:28,633,7.808282e+06,712820.0,15665.0,0.0,0.0,0.0,11901.0,1081.0,24.0,7.374848e+07,9.416704e+08,2715.0499999999997,20.0,243836.0,5.0,243831.0,243831.0,2.0,0.0,0.0
2026-03-31 03:45:40,633,7.808282e+06,712820.0,15665.0,0.0,0.0,0.0,11901.0,1081.0,24.0,7.374848e+07,9.416704e+08,2715.07,20.0,243836.0,5.0,243831.0,243831.0,2.0,0.0,0.0
2026-03-31 03:45:52,633,7.808282e+06,712820.0,15665.0,0.0,0.0,0.0,11901.0,1081.0,24.0,7.374848e+07,9.416704e+08,2715.0899999999997,20.0,243836.0,5.0,243831.0,243831.0,2.0,0.0,0.0
2026-03-31 03:46:04,633,7.808282e+06,712820.0,15665.0,0.0,0.0,0.0,11901.0,1081.0,24.0,7.374848e+07,9.416704e+08,2715.1,20.0,243836.0,5.0,243831.0,243831.0,2.0,0.0,0.0
2026-03-31 03:46:16,633,7.808282e+06,712820.0,15665.0,0.0,0.0,0.0,11901.0,1081.0,24.0,7.374848e+07,9.416704e+08,2715.12,20.0,243836.0,5.0,243831.0,243831.0,2.0,0.0,0.0
2026-03-31 03:46:27,634,7.808282e+06,712820.0,15665.0,0.0,0.0,0.0,11901.0,1081.0,24.0,7.374848e+07,9.416704e+08,2715.13,20.0,243836.0,5.0,243831.0,243831.0,2.0,0.0,0.0
2026-03-31 03:46:39,634,7.808282e+06,712820.0,15665.0,0.0,0.0,0.0,11901.0,1081.0,24.0,7.374848e+07,9.416704e+08,2715.1499999999996,20.0,243836.0,5.0,243831.0,243831.0,2.0,0.0,0.0
2026-03-31 03:46:51,634,7.808282e+06,712820.0,15665.0,0.0,0.0,0.0,11901.0,1081.0,24.0,7.374848e+07,9.416704e+08,2715.16,20.0,243836.0,5.0,243831.0,243831.0,2.0,0.0,0.0
2026-03-31 03:47:02,634,7.808282e+06,712820.0,15665.0,0.0,0.0,0.0,11901.0,1081.0,24.0,7.3617408e+07,9.416704e+08,2715.17,20.0,243836.0,5.0,243831.0,243831.0,2.0,0.0,0.0
2026-03-31 03:47:14,634,7.808282e+06,712820.0,15665.0,0.0,0.0,0.0,11901.0,1081.0,24.0,7.3617408e+07,9.416704e+08,2715.19,20.0,243836.0,5.0,243831.0,243831.0,2.0,0.0,0.0
2026-03-31 03:47:26,635,7.808282e+06,712820.0,15665.0,0.0,0.0,0.0,11901.0,1081.0,24.0,7.3617408e+07,9.416704e+08,2715.21,20.0,243836.0,5.0,243831.0,243831.0,2.0,0.0,0.0
2026-03-31 03:47:37,635,7.808282e+06,712820.0,15665.0,0.0,0.0,0.0,11901.0,1081.0,24.0,7.3617408e+07,9.416704e+08,2715.2200000000003,20.0,243836.0,5.0,243831.0,243831.0,2.0,0.0,0.0
2026-03-31 03:47:49,635,7.808282e+06,712820.0,15665.0,0.0,0.0,0.0,11901.0,1081.0,24.0,7.3617408e+07,9.416704e+08,2715.24,20.0,243836.0,5.0,243831.0,243831.0,2.0,0.0,0.0
2026-03-31 03:48:01,635,7.808282e+06,712820.0,15665.0,0.0,0.0,0.0,11901.0,1081.0,24.0,7.3617408e+07,9.416704e+08,2715.25,20.0,243836.0,5.0,243831.0,243831.0,2.0,0.0,0.0
2026-03-31 03:48:13,635,7.808282e+06,712820.0,15665.0,0.0,0.0,0.0,11901.0,1081.0,24.0,7.3617408e+07,9.416704e+08,2715.26,20.0,243836.0,5.0,243831.0,243831.0,2.0,0.0,0.0
2026-03-31 03:48:24,635,7.808282e+06,712820.0,15665.0,0.0,0.0,0.0,11901.0,1081.0,24.0,7.3617408e+07,9.416704e+08,2715.2799999999997,20.0,243836.0,5.0,243831.0,243831.0,2.0,0.0,0.0
2026-03-31 03:48:36,636,7.808282e+06,712820.0,15665.0,0.0,0.0,0.0,11901.0,1081.0,24.0,7.3617408e+07,9.416704e+08,2715.29,20.0,243836.0,5.0,243831.0,243831.0,2.0,0.0,0.0
2026-03-31 03:48:48,636,7.808282e+06,712820.0,15665.0,0.0,0.0,0.0,11901.0,1081.0,24.0,7.3617408e+07,9.416704e+08,2715.3100000000004,20.0,243836.0,5.0,243831.0,243831.0,2.0,0.0,0.0
2026-03-31 03:49:00,636,7.808282e+06,712820.0,15665.0,0.0,0.0,0.0,11901.0,1081.0,24.0,7.3617408e+07,9.416704e+08,2715.33,20.0,243836.0,5.0,243831.0,243831.0,2.0,0.0,0.0
2026-03-31 03:49:11,636,7.808282e+06,712820.0,15665.0,0.0,0.0,0.0,11901.0,1081.0,24.0,7.3617408e+07,9.416704e+08,2715.34,20.0,243836.0,5.0,243831.0,243831.0,2.0,0.0,0.0
2026-03-31 03:49:23,636,7.808282e+06,712820.0,15665.0,0.0,0.0,0.0,11901.0,1081.0,24.0,7.3617408e+07,9.416704e+08,2715.35,20.0,243836.0,5.0,243831.0,243831.0,2.0,0.0,0.0
2026-03-31 03:49:35,637,7.808282e+06,712820.0,15665.0,0.0,0.0,0.0,11901.0,1081.0,24.0,7.3617408e+07,9.416704e+08,2715.38,20.0,243836.0,5.0,243831.0,243831.0,2.0,0.0,0.0
2026-03-31 03:49:47,637,7.808282e+06,712820.0,15665.0,0.0,0.0,0.0,11901.0,1081.0,24.0,7.3617408e+07,9.416704e+08,2715.39,20.0,243836.0,5.0,243831.0,243831.0,2.0,0.0,0.0
2026-03-31 03:49:58,637,7.808282e+06,712820.0,15665.0,0.0,0.0,0.0,11901.0,1081.0,24.0,7.3617408e+07,9.416704e+08,2715.4,20.0,243836.0,5.0,243831.0,243831.0,2.0,0.0,0.0
2026-03-31 03:50:10,637,7.808282e+06,712820.0,15665.0,0.0,0.0,0.0,11901.0,1081.0,24.0,7.3617408e+07,9.416704e+08,2715.42,20.0,243836.0,5.0,243831.0,243831.0,2.0,0.0,0.0
2026-03-31 03:50:22,637,7.808282e+06,712820.0,15665.0,0.0,0.0,0.0,11901.0,1081.0,24.0,7.3617408e+07,9.416704e+08,2715.45,20.0,243836.0,5.0,243831.0,243831.0,2.0,0.0,0.0
2026-03-31 03:50:34,638,7.808282e+06,712820.0,15665.0,0.0,0.0,0.0,11901.0,1081.0,24.0,7.3617408e+07,9.416704e+08,2715.46,20.0,243836.0,5.0,243831.0,243831.0,2.0,0.0,0.0
2026-03-31 03:50:46,638,7.808282e+06,712820.0,15665.0,0.0,0.0,0.0,11901.0,1081.0,24.0,7.3617408e+07,9.416704e+08,2715.4700000000003,20.0,243836.0,5.0,243831.0,243831.0,2.0,0.0,0.0
2026-03-31 03:50:57,638,7.808282e+06,712820.0,15665.0,0.0,0.0,0.0,11901.0,1081.0,24.0,7.3617408e+07,9.416704e+08,2715.49,20.0,243836.0,5.0,243831.0,243831.0,2.0,0.0,0.0
2026-03-31 03:51:09,638,7.808282e+06,712820.0,15665.0,0.0,0.0,0.0,11901.0,1081.0,24.0,7.3617408e+07,9.416704e+08,2715.5,20.0,243836.0,5.0,243831.0,243831.0,2.0,0.0,0.0
2026-03-31 03:51:21,638,7.808282e+06,712820.0,15665.0,0.0,0.0,0.0,11901.0,1081.0,24.0,7.3617408e+07,9.416704e+08,2715.52,20.0,243836.0,5.0,243831.0,243831.0,2.0,0.0,0.0
2026-03-31 03:51:32,639,7.808282e+06,712820.0,15665.0,0.0,0.0,0.0,11901.0,1081.0,24.0,7.3617408e+07,9.416704e+08,2715.54,20.0,243836.0,5.0,243831.0,243831.0,2.0,0.0,0.0
2026-03-31 03:51:44,639,7.808282e+06,712820.0,15665.0,0.0,0.0,0.0,11901.0,1081.0,24.0,7.3617408e+07,9.416704e+08,2715.5499999999997,20.0,243836.0,5.0,243831.0,243831.0,2.0,0.0,0.0
2026-03-31 03:51:56,639,7.808282e+06,712820.0,15665.0,0.0,0.0,0.0,11901.0,1081.0,24.0,7.3486336e+07,9.416704e+08,2715.5699999999997,20.0,243836.0,5.0,243831.0,243831.0,2.0,0.0,0.0
2026-03-31 03:52:07,639,7.808282e+06,712820.0,15665.0,0.0,0.0,0.0,11901.0,1081.0,24.0,7.3486336e+07,9.416704e+08,2715.59,20.0,243836.0,5.0,243831.0,243831.0,2.0,0.0,0.0
2026-03-31 03:52:19,639,7.808282e+06,712820.0,15665.0,0.0,0.0,0.0,11901.0,1081.0,24.0,7.3486336e+07,9.416704e+08,2715.6,20.0,243836.0,5.0,243831.0,243831.0,2.0,0.0,0.0
2026-03-31 03:52:31,640,7.808282e+06,712820.0,15665.0,0.0,0.0,0.0,11901.0,1081.0,24.0,7.3486336e+07,9.416704e+08,2715.6099999999997,20.0,243836.0,5.0,243831.0,243831.0,2.0,0.0,0.0
2026-03-31 03:52:43,640,7.808282e+06,712820.0,15665.0,0.0,0.0,0.0,11901.0,1081.0,24.0,7.3486336e+07,9.416704e+08,2715.63,20.0,243836.0,5.0,243831.0,243831.0,2.0,0.0,0.0
2026-03-31 03:52:55,640,7.808282e+06,712820.0,15665.0,0.0,0.0,0.0,11901.0,1081.0,24.0,7.3486336e+07,9.416704e+08,2715.64,20.0,243836.0,5.0,243831.0,243831.0,2.0,0.0,0.0
2026-03-31 03:53:06,640,7.808282e+06,712820.0,15665.0,0.0,0.0,0.0,11901.0,1081.0,24.0,7.3486336e+07,9.416704e+08,2715.66,20.0,243836.0,5.0,243831.0,243831.0,2.0,0.0,0.0
2026-03-31 03:53:18,640,7.808282e+06,712820.0,15665.0,0.0,0.0,0.0,11901.0,1081.0,24.0,7.3486336e+07,9.416704e+08,2715.68,20.0,243836.0,5.0,243831.0,243831.0,2.0,0.0,0.0
2026-03-31 03:53:30,641,7.808282e+06,712820.0,15665.0,0.0,0.0,0.0,11901.0,1081.0,24.0,7.3486336e+07,9.416704e+08,2715.7000000000003,20.0,243836.0,5.0,243831.0,243831.0,2.0,0.0,0.0
2026-03-31 03:53:41,641,7.808282e+06,712820.0,15665.0,0.0,0.0,0.0,11901.0,1081.0,24.0,7.3486336e+07,9.416704e+08,2715.71,20.0,243836.0,5.0,243831.0,243831.0,2.0,0.0,0.0
2026-03-31 03:53:53,641,7.808282e+06,712820.0,15665.0,0.0,0.0,0.0,11901.0,1081.0,24.0,7.3486336e+07,9.416704e+08,2715.7200000000003,20.0,243836.0,5.0,243831.0,243831.0,2.0,0.0,0.0
2026-03-31 03:54:05,641,7.808282e+06,712820.0,15665.0,0.0,0.0,0.0,11901.0,1081.0,24.0,7.3486336e+07,9.416704e+08,2715.73,20.0,243836.0,5.0,243831.0,243831.0,2.0,0.0,0.0
2026-03-31 03:54:17,641,7.808282e+06,712820.0,15665.0,0.0,0.0,0.0,11901.0,1081.0,24.0,7.3486336e+07,9.416704e+08,2715.75,20.0,243836.0,5.0,243831.0,243831.0,2.0,0.0,0.0
2026-03-31 03:54:28,642,7.808282e+06,712820.0,15665.0,0.0,0.0,0.0,11901.0,1081.0,24.0,7.3486336e+07,9.416704e+08,2715.77,20.0,243836.0,5.0,243831.0,243831.0,2.0,0.0,0.0
2026-03-31 03:54:40,642,7.808282e+06,712820.0,15665.0,0.0,0.0,0.0,11901.0,1081.0,24.0,7.3486336e+07,9.416704e+08,2715.7799999999997,20.0,243836.0,5.0,243831.0,243831.0,2.0,0.0,0.0
2026-03-31 03:54:52,642,7.808282e+06,712820.0,15665.0,0.0,0.0,0.0,11901.0,1081.0,24.0,7.3486336e+07,9.416704e+08,2715.8,20.0,243836.0,5.0,243831.0,243831.0,2.0,0.0,0.0
2026-03-31 03:55:04,642,7.808282e+06,712820.0,15665.0,0.0,0.0,0.0,11901.0,1081.0,24.0,7.3486336e+07,9.416704e+08,2715.81,20.0,243836.0,5.0,243831.0,243831.0,2.0,0.0,0.0
2026-03-31 03:55:15,642,7.808282e+06,712820.0,15665.0,0.0,0.0,0.0,11901.0,1081.0,24.0,7.3486336e+07,9.416704e+08,2715.83,20.0,243836.0,5.0,243831.0,243831.0,2.0,0.0,0.0
2026-03-31 03:55:27,643,7.808282e+06,712820.0,15665.0,0.0,0.0,0.0,11901.0,1081.0,24.0,7.3486336e+07,9.416704e+08,2715.84,20.0,243836.0,5.0,243831.0,243831.0,2.0,0.0,0.0
2026-03-31 03:55:39,643,7.808282e+06,712820.0,15665.0,0.0,0.0,0.0,11901.0,1081.0,24.0,7.3486336e+07,9.416704e+08,2715.86,20.0,243836.0,5.0,243831.0,243831.0,2.0,0.0,0.0
2026-03-31 03:55:51,643,7.808282e+06,712820.0,15665.0,0.0,0.0,0.0,11901.0,1081.0,24.0,7.3486336e+07,9.416704e+08,2715.88,20.0,243836.0,5.0,243831.0,243831.0,2.0,0.0,0.0
2026-03-31 03:56:02,643,7.808282e+06,712820.0,15665.0,0.0,0.0,0.0,11901.0,1081.0,24.0,7.3486336e+07,9.416704e+08,2715.8900000000003,20.0,243836.0,5.0,243831.0,243831.0,2.0,0.0,0.0
2026-03-31 03:56:14,643,7.808282e+06,712820.0,15665.0,0.0,0.0,0.0,11901.0,1081.0,24.0,7.3486336e+07,9.416704e+08,2715.91,20.0,243836.0,5.0,243831.0,243831.0,2.0,0.0,0.0
2026-03-31 03:56:26,644,7.808282e+06,712820.0,15665.0,0.0,0.0,0.0,11901.0,1081.0,24.0,7.3486336e+07,9.416704e+08,2715.93,20.0,243836.0,5.0,243831.0,243831.0,2.0,0.0,0.0
2026-03-31 03:56:38,644,7.808282e+06,712820.0,15665.0,0.0,0.0,0.0,11901.0,1081.0,24.0,7.3486336e+07,9.416704e+08,2715.9500000000003,20.0,243836.0,5.0,243831.0,243831.0,2.0,0.0,0.0
2026-03-31 03:56:49,644,7.808282e+06,712820.0,15665.0,0.0,0.0,0.0,11901.0,1081.0,24.0,7.3486336e+07,9.416704e+08,2715.96,20.0,243836.0,5.0,243831.0,243831.0,2.0,0.0,0.0
2026-03-31 03:57:01,644,7.808282e+06,712820.0,15665.0,0.0,0.0,0.0,11901.0,1081.0,24.0,7.3486336e+07,9.416704e+08,2715.9700000000003,20.0,243836.0,5.0,243831.0,243831.0,2.0,0.0,0.0
2026-03-31 03:57:13,644,7.808282e+06,712820.0,15665.0,0.0,0.0,0.0,11901.0,1081.0,24.0,7.3486336e+07,9.416704e+08,2715.9900000000002,20.0,243836.0,5.0,243831.0,243831.0,2.0,0.0,0.0
2026-03-31 03:57:25,645,7.808282e+06,712820.0,15665.0,0.0,0.0,0.0,11901.0,1081.0,24.0,7.3486336e+07,9.416704e+08,2716.0099999999998,20.0,243836.0,5.0,243831.0,243831.0,2.0,0.0,0.0
2026-03-31 03:57:36,645,7.808282e+06,712820.0,15665.0,0.0,0.0,0.0,11901.0,1081.0,24.0,7.3486336e+07,9.416704e+08,2716.03,20.0,243836.0,5.0,243831.0,243831.0,2.0,0.0,0.0
2026-03-31 03:57:48,645,7.808282e+06,712820.0,15665.0,0.0,0.0,0.0,11901.0,1081.0,24.0,7.3486336e+07,9.416704e+08,2716.03,20.0,243836.0,5.0,243831.0,243831.0,2.0,0.0,0.0
2026-03-31 03:58:00,645,7.808282e+06,712820.0,15665.0,0.0,0.0,0.0,11901.0,1081.0,24.0,7.3486336e+07,9.416704e+08,2716.0499999999997,20.0,243836.0,5.0,243831.0,243831.0,2.0,0.0,0.0
2026-03-31 03:58:12,645,7.808282e+06,712820.0,15665.0,0.0,0.0,0.0,11901.0,1081.0,24.0,7.3486336e+07,9.416704e+08,2716.06,20.0,243836.0,5.0,243831.0,243831.0,2.0,0.0,0.0
2026-03-31 03:58:23,645,7.808282e+06,712820.0,15665.0,0.0,0.0,0.0,11901.0,1081.0,24.0,7.3486336e+07,9.416704e+08,2716.0800000000004,20.0,243836.0,5.0,243831.0,243831.0,2.0,0.0,0.0
2026-03-31 03:58:35,646,7.808282e+06,712820.0,15665.0,0.0,0.0,0.0,11901.0,1081.0,24.0,7.3486336e+07,9.416704e+08,2716.09,20.0,243836.0,5.0,243831.0,243831.0,2.0,0.0,0.0
2026-03-31 03:58:47,646,7.808282e+06,712820.0,15665.0,0.0,0.0,0.0,11901.0,1081.0,24.0,7.3486336e+07,9.416704e+08,2716.11,20.0,243836.0,5.0,243831.0,243831.0,2.0,0.0,0.0
2026-03-31 03:58:59,646,7.808282e+06,712820.0,15665.0,0.0,0.0,0.0,11901.0,1081.0,24.0,7.3486336e+07,9.416704e+08,2716.12,20.0,243836.0,5.0,243831.0,243831.0,2.0,0.0,0.0
2026-03-31 03:59:11,646,7.808282e+06,712820.0,15665.0,0.0,0.0,0.0,11901.0,1081.0,24.0,7.3486336e+07,9.416704e+08,2716.1400000000003,20.0,243836.0,5.0,243831.0,243831.0,2.0,0.0,0.0
2026-03-31 03:59:22,646,7.808282e+06,712820.0,15665.0,0.0,0.0,0.0,11901.0,1081.0,24.0,7.3617408e+07,9.416704e+08,2716.15,20.0,243836.0,5.0,243831.0,243831.0,2.0,0.0,0.0
2026-03-31 03:59:34,647,7.808282e+06,712820.0,15665.0,0.0,0.0,0.0,11901.0,1081.0,24.0,7.3617408e+07,9.416704e+08,2716.18,20.0,243836.0,5.0,243831.0,243831.0,2.0,0.0,0.0
2026-03-31 03:59:46,647,7.808282e+06,712820.0,15665.0,0.0,0.0,0.0,11901.0,1081.0,24.0,7.3617408e+07,9.416704e+08,2716.18,20.0,243836.0,5.0,243831.0,243831.0,2.0,0.0,0.0
2026-03-31 03:59:58,647,7.808282e+06,712820.0,15665.0,0.0,0.0,0.0,11901.0,1081.0,24.0,7.3617408e+07,9.416704e+08,2716.2000000000003,20.0,243836.0,5.0,243831.0,243831.0,2.0,0.0,0.0
2026-03-31 04:00:09,647,7.808282e+06,712820.0,15665.0,0.0,0.0,0.0,11901.0,1081.0,24.0,7.3617408e+07,9.416704e+08,2716.21,20.0,243836.0,5.0,243831.0,243831.0,2.0,0.0,0.0
2026-03-31 04:00:21,647,7.808282e+06,712820.0,15665.0,0.0,0.0,0.0,11901.0,1081.0,24.0,7.3617408e+07,9.416704e+08,2716.23,20.0,243836.0,5.0,243831.0,243831.0,2.0,0.0,0.0
2026-03-31 04:00:33,648,7.808282e+06,712820.0,15665.0,0.0,0.0,0.0,11901.0,1081.0,24.0,7.3617408e+07,9.416704e+08,2716.25,20.0,243836.0,5.0,243831.0,243831.0,2.0,0.0,0.0
2026-03-31 04:00:44,648,7.808282e+06,712820.0,15665.0,0.0,0.0,0.0,11901.0,1081.0,24.0,7.3617408e+07,9.416704e+08,2716.26,20.0,243836.0,5.0,243831.0,243831.0,2.0,0.0,0.0
2026-03-31 04:00:56,648,7.808282e+06,712820.0,15665.0,0.0,0.0,0.0,11901.0,1081.0,24.0,7.3617408e+07,9.416704e+08,2716.2799999999997,20.0,243836.0,5.0,243831.0,243831.0,2.0,0.0,0.0
2026-03-31 04:01:08,648,7.808282e+06,712820.0,15665.0,0.0,0.0,0.0,11901.0,1081.0,24.0,7.3617408e+07,9.416704e+08,2716.29,20.0,243836.0,5.0,243831.0,243831.0,2.0,0.0,0.0
2026-03-31 04:01:20,648,7.808282e+06,712820.0,15665.0,0.0,0.0,0.0,11901.0,1081.0,24.0,7.3617408e+07,9.416704e+08,2716.31,20.0,243836.0,5.0,243831.0,243831.0,2.0,0.0,0.0
2026-03-31 04:01:31,649,7.808282e+06,712820.0,15665.0,0.0,0.0,0.0,11901.0,1081.0,24.0,7.3617408e+07,9.416704e+08,2716.33,20.0,243836.0,5.0,243831.0,243831.0,2.0,0.0,0.0
2026-03-31 04:01:43,649,7.808282e+06,712820.0,15665.0,0.0,0.0,0.0,11901.0,1081.0,24.0,7.3617408e+07,9.416704e+08,2716.3399999999997,20.0,243836.0,5.0,243831.0,243831.0,2.0,0.0,0.0
2026-03-31 04:01:55,649,7.808282e+06,712820.0,15665.0,0.0,0.0,0.0,11901.0,1081.0,24.0,7.3617408e+07,9.416704e+08,2716.35,20.0,243836.0,5.0,243831.0,243831.0,2.0,0.0,0.0
2026-03-31 04:02:07,649,7.808282e+06,712820.0,15665.0,0.0,0.0,0.0,11901.0,1081.0,24.0,7.3617408e+07,9.416704e+08,2716.37,20.0,243836.0,5.0,243831.0,243831.0,2.0,0.0,0.0
2026-03-31 04:02:18,649,7.808282e+06,712820.0,15665.0,0.0,0.0,0.0,11901.0,1081.0,24.0,7.3617408e+07,9.416704e+08,2716.3799999999997,20.0,243836.0,5.0,243831.0,243831.0,2.0,0.0,0.0
2026-03-31 04:02:30,650,7.808282e+06,712820.0,15665.0,0.0,0.0,0.0,11901.0,1081.0,24.0,7.3617408e+07,9.416704e+08,2716.4,20.0,243836.0,5.0,243831.0,243831.0,2.0,0.0,0.0
2026-03-31 04:02:42,650,7.808282e+06,712820.0,15665.0,0.0,0.0,0.0,11901.0,1081.0,24.0,7.3617408e+07,9.416704e+08,2716.4199999999996,20.0,243836.0,5.0,243831.0,243831.0,2.0,0.0,0.0
2026-03-31 04:02:53,650,7.808282e+06,712820.0,15665.0,0.0,0.0,0.0,11901.0,1081.0,24.0,7.3617408e+07,9.416704e+08,2716.43,20.0,243836.0,5.0,243831.0,243831.0,2.0,0.0,0.0
2026-03-31 04:03:05,650,7.808282e+06,712820.0,15665.0,0.0,0.0,0.0,11901.0,1081.0,24.0,7.3617408e+07,9.416704e+08,2716.45,20.0,243836.0,5.0,243831.0,243831.0,2.0,0.0,0.0
2026-03-31 04:03:17,650,7.808282e+06,712820.0,15665.0,0.0,0.0,0.0,11901.0,1081.0,24.0,7.3617408e+07,9.416704e+08,2716.4599999999996,20.0,243836.0,5.0,243831.0,243831.0,2.0,0.0,0.0
2026-03-31 04:03:29,651,7.808282e+06,712820.0,15665.0,0.0,0.0,0.0,11901.0,1081.0,24.0,7.3617408e+07,9.416704e+08,2716.48,20.0,243836.0,5.0,243831.0,243831.0,2.0,0.0,0.0
2026-03-31 04:03:41,651,7.808282e+06,712820.0,15665.0,0.0,0.0,0.0,11901.0,1081.0,24.0,7.3617408e+07,9.416704e+08,2716.4900000000002,20.0,243836.0,5.0,243831.0,243831.0,2.0,0.0,0.0
2026-03-31 04:03:52,651,7.808282e+06,712820.0,15665.0,0.0,0.0,0.0,11901.0,1081.0,24.0,7.3617408e+07,9.416704e+08,2716.51,20.0,243836.0,5.0,243831.0,243831.0,2.0,0.0,0.0
2026-03-31 04:04:04,651,7.808282e+06,712820.0,15665.0,0.0,0.0,0.0,11901.0,1081.0,24.0,7.3617408e+07,9.416704e+08,2716.5200000000004,20.0,243836.0,5.0,243831.0,243831.0,2.0,0.0,0.0
2026-03-31 04:04:16,651,7.808282e+06,712820.0,15665.0,0.0,0.0,0.0,11901.0,1081.0,24.0,7.3617408e+07,9.416704e+08,2716.54,20.0,243836.0,5.0,243831.0,243831.0,2.0,0.0,0.0
2026-03-31 04:04:28,652,7.808282e+06,712820.0,15665.0,0.0,0.0,0.0,11901.0,1081.0,24.0,7.3617408e+07,9.416704e+08,2716.56,20.0,243836.0,5.0,243831.0,243831.0,2.0,0.0,0.0
2026-03-31 04:04:39,652,7.808282e+06,712820.0,15665.0,0.0,0.0,0.0,11901.0,1081.0,24.0,7.3617408e+07,9.416704e+08,2716.5699999999997,20.0,243836.0,5.0,243831.0,243831.0,2.0,0.0,0.0
2026-03-31 04:04:51,652,7.808282e+06,712820.0,15665.0,0.0,0.0,0.0,11901.0,1081.0,24.0,7.3617408e+07,9.416704e+08,2716.58,20.0,243836.0,5.0,243831.0,243831.0,2.0,0.0,0.0
2026-03-31 04:05:03,652,7.808282e+06,712820.0,15665.0,0.0,0.0,0.0,11901.0,1081.0,24.0,7.3617408e+07,9.416704e+08,2716.6,20.0,243836.0,5.0,243831.0,243831.0,2.0,0.0,0.0
2026-03-31 04:05:14,652,7.808282e+06,712820.0,15665.0,0.0,0.0,0.0,11901.0,1081.0,24.0,7.3617408e+07,9.416704e+08,2716.61,20.0,243836.0,5.0,243831.0,243831.0,2.0,0.0,0.0
2026-03-31 04:05:26,653,7.808282e+06,712820.0,15665.0,0.0,0.0,0.0,11901.0,1081.0,24.0,7.3617408e+07,9.416704e+08,2716.6400000000003,20.0,243836.0,5.0,243831.0,243831.0,2.0,0.0,0.0
2026-03-31 04:05:38,653,7.808282e+06,712820.0,15665.0,0.0,0.0,0.0,11901.0,1081.0,24.0,7.3617408e+07,9.416704e+08,2716.65,20.0,243836.0,5.0,243831.0,243831.0,2.0,0.0,0.0
2026-03-31 04:05:50,653,7.808282e+06,712820.0,15665.0,0.0,0.0,0.0,11901.0,1081.0,24.0,7.3617408e+07,9.416704e+08,2716.66,20.0,243836.0,5.0,243831.0,243831.0,2.0,0.0,0.0
2026-03-31 04:06:01,653,7.808282e+06,712820.0,15665.0,0.0,0.0,0.0,11901.0,1081.0,24.0,7.3617408e+07,9.416704e+08,2716.6800000000003,20.0,243836.0,5.0,243831.0,243831.0,2.0,0.0,0.0
2026-03-31 04:06:13,653,7.808282e+06,712820.0,15665.0,0.0,0.0,0.0,11901.0,1081.0,24.0,7.3617408e+07,9.416704e+08,2716.69,20.0,243836.0,5.0,243831.0,243831.0,2.0,0.0,0.0
2026-03-31 04:06:25,654,7.808282e+06,712820.0,15665.0,0.0,0.0,0.0,11901.0,1081.0,24.0,7.3617408e+07,9.416704e+08,2716.72,20.0,243836.0,5.0,243831.0,243831.0,2.0,0.0,0.0
2026-03-31 04:06:36,654,7.808282e+06,712820.0,15665.0,0.0,0.0,0.0,11901.0,1081.0,24.0,7.3617408e+07,9.416704e+08,2716.73,20.0,243836.0,5.0,243831.0,243831.0,2.0,0.0,0.0
2026-03-31 04:06:48,654,7.808282e+06,712820.0,15665.0,0.0,0.0,0.0,11901.0,1081.0,24.0,7.3617408e+07,9.416704e+08,2716.7400000000002,20.0,243836.0,5.0,243831.0,243831.0,2.0,0.0,0.0
2026-03-31 04:07:00,654,7.808282e+06,712820.0,15665.0,0.0,0.0,0.0,11901.0,1081.0,24.0,7.3617408e+07,9.416704e+08,2716.75,20.0,243836.0,5.0,243831.0,243831.0,2.0,0.0,0.0
2026-03-31 04:07:11,654,7.808282e+06,712820.0,15665.0,0.0,0.0,0.0,11901.0,1081.0,24.0,7.3617408e+07,9.416704e+08,2716.77,20.0,243836.0,5.0,243831.0,243831.0,2.0,0.0,0.0
2026-03-31 04:07:23,654,7.808282e+06,712820.0,15665.0,0.0,0.0,0.0,11901.0,1081.0,24.0,7.3617408e+07,9.416704e+08,2716.79,20.0,243836.0,5.0,243831.0,243831.0,2.0,0.0,0.0
2026-03-31 04:07:35,655,7.808282e+06,712820.0,15665.0,0.0,0.0,0.0,11901.0,1081.0,24.0,7.3617408e+07,9.416704e+08,2716.7999999999997,20.0,243836.0,5.0,243831.0,243831.0,2.0,0.0,0.0
2026-03-31 04:07:47,655,7.808282e+06,712820.0,15665.0,0.0,0.0,0.0,11901.0,1081.0,24.0,7.3617408e+07,9.416704e+08,2716.82,20.0,243836.0,5.0,243831.0,243831.0,2.0,0.0,0.0
2026-03-31 04:07:58,655,7.808282e+06,712820.0,15665.0,0.0,0.0,0.0,11901.0,1081.0,24.0,7.3617408e+07,9.416704e+08,2716.83,20.0,243836.0,5.0,243831.0,243831.0,2.0,0.0,0.0
2026-03-31 04:08:10,655,7.808282e+06,712820.0,15665.0,0.0,0.0,0.0,11901.0,1081.0,24.0,7.3617408e+07,9.416704e+08,2716.84,20.0,243836.0,5.0,243831.0,243831.0,2.0,0.0,0.0
2026-03-31 04:08:22,655,7.808282e+06,712820.0,15665.0,0.0,0.0,0.0,11901.0,1081.0,24.0,7.3617408e+07,9.416704e+08,2716.87,20.0,243836.0,5.0,243831.0,243831.0,2.0,0.0,0.0
2026-03-31 04:08:33,656,7.808282e+06,712820.0,15665.0,0.0,0.0,0.0,11901.0,1081.0,24.0,7.3617408e+07,9.416704e+08,2716.88,20.0,243836.0,5.0,243831.0,243831.0,2.0,0.0,0.0
2026-03-31 04:08:45,656,7.808282e+06,712820.0,15665.0,0.0,0.0,0.0,11901.0,1081.0,24.0,7.3617408e+07,9.416704e+08,2716.8900000000003,20.0,243836.0,5.0,243831.0,243831.0,2.0,0.0,0.0
2026-03-31 04:08:57,656,7.808282e+06,712820.0,15665.0,0.0,0.0,0.0,11901.0,1081.0,24.0,7.3617408e+07,9.416704e+08,2716.91,20.0,243836.0,5.0,243831.0,243831.0,2.0,0.0,0.0
2026-03-31 04:09:09,656,7.808282e+06,712820.0,15665.0,0.0,0.0,0.0,11901.0,1081.0,24.0,7.3617408e+07,9.416704e+08,2716.92,20.0,243836.0,5.0,243831.0,243831.0,2.0,0.0,0.0
2026-03-31 04:09:20,656,7.808282e+06,712820.0,15665.0,0.0,0.0,0.0,11901.0,1081.0,24.0,7.3617408e+07,9.416704e+08,2716.94,20.0,243836.0,5.0,243831.0,243831.0,2.0,0.0,0.0
2026-03-31 04:09:32,657,7.808282e+06,712820.0,15665.0,0.0,0.0,0.0,11901.0,1081.0,24.0,7.3617408e+07,9.416704e+08,2716.96,20.0,243836.0,5.0,243831.0,243831.0,2.0,0.0,0.0
2026-03-31 04:09:44,657,7.808282e+06,712820.0,15665.0,0.0,0.0,0.0,11901.0,1081.0,24.0,7.3617408e+07,9.416704e+08,2716.98,20.0,243836.0,5.0,243831.0,243831.0,2.0,0.0,0.0
2026-03-31 04:09:56,657,7.808282e+06,712820.0,15665.0,0.0,0.0,0.0,11901.0,1081.0,24.0,7.3617408e+07,9.416704e+08,2716.99,20.0,243836.0,5.0,243831.0,243831.0,2.0,0.0,0.0
2026-03-31 04:10:07,657,7.808282e+06,712820.0,15665.0,0.0,0.0,0.0,11901.0,1081.0,24.0,7.3617408e+07,9.416704e+08,2717.0,20.0,243836.0,5.0,243831.0,243831.0,2.0,0.0,0.0
2026-03-31 04:10:19,657,7.808282e+06,712820.0,15665.0,0.0,0.0,0.0,11901.0,1081.0,24.0,7.3617408e+07,9.416704e+08,2717.01,20.0,243836.0,5.0,243831.0,243831.0,2.0,0.0,0.0
2026-03-31 04:10:31,658,7.808282e+06,712820.0,15665.0,0.0,0.0,0.0,11901.0,1081.0,24.0,7.3617408e+07,9.416704e+08,2717.04,20.0,243836.0,5.0,243831.0,243831.0,2.0,0.0,0.0
2026-03-31 04:10:42,658,7.808282e+06,712820.0,15665.0,0.0,0.0,0.0,11901.0,1081.0,24.0,7.3617408e+07,9.416704e+08,2717.04,20.0,243836.0,5.0,243831.0,243831.0,2.0,0.0,0.0
2026-03-31 04:10:54,658,7.808282e+06,712820.0,15665.0,0.0,0.0,0.0,11901.0,1081.0,24.0,7.3617408e+07,9.416704e+08,2717.06,20.0,243836.0,5.0,243831.0,243831.0,2.0,0.0,0.0
2026-03-31 04:11:06,658,7.808282e+06,712820.0,15665.0,0.0,0.0,0.0,11901.0,1081.0,24.0,7.3617408e+07,9.416704e+08,2717.07,20.0,243836.0,5.0,243831.0,243831.0,2.0,0.0,0.0
2026-03-31 04:11:18,658,7.808282e+06,712820.0,15665.0,0.0,0.0,0.0,11901.0,1081.0,24.0,7.3617408e+07,9.416704e+08,2717.1,20.0,243836.0,5.0,243831.0,243831.0,2.0,0.0,0.0
2026-03-31 04:11:29,659,7.808282e+06,712820.0,15665.0,0.0,0.0,0.0,11901.0,1081.0,24.0,7.3617408e+07,9.416704e+08,2717.1099999999997,20.0,243836.0,5.0,243831.0,243831.0,2.0,0.0,0.0
2026-03-31 04:11:41,659,7.808282e+06,712820.0,15665.0,0.0,0.0,0.0,11901.0,1081.0,24.0,7.3617408e+07,9.416704e+08,2717.12,20.0,243836.0,5.0,243831.0,243831.0,2.0,0.0,0.0
2026-03-31 04:11:53,659,7.808282e+06,712820.0,15665.0,0.0,0.0,0.0,11901.0,1081.0,24.0,7.3617408e+07,9.416704e+08,2717.14,20.0,243836.0,5.0,243831.0,243831.0,2.0,0.0,0.0
2026-03-31 04:12:04,659,7.808282e+06,712820.0,15665.0,0.0,0.0,0.0,11901.0,1081.0,24.0,7.3617408e+07,9.416704e+08,2717.16,20.0,243836.0,5.0,243831.0,243831.0,2.0,0.0,0.0
2026-03-31 04:12:16,659,7.808282e+06,712820.0,15665.0,0.0,0.0,0.0,11901.0,1081.0,24.0,7.3617408e+07,9.416704e+08,2717.1699999999996,20.0,243836.0,5.0,243831.0,243831.0,2.0,0.0,0.0
2026-03-31 04:12:28,660,7.808282e+06,712820.0,15665.0,0.0,0.0,0.0,11901.0,1081.0,24.0,7.3617408e+07,9.416704e+08,2717.19,20.0,243836.0,5.0,243831.0,243831.0,2.0,0.0,0.0
2026-03-31 04:12:39,660,7.808282e+06,712820.0,15665.0,0.0,0.0,0.0,11901.0,1081.0,24.0,7.3617408e+07,9.416704e+08,2717.2,20.0,243836.0,5.0,243831.0,243831.0,2.0,0.0,0.0
2026-03-31 04:12:51,660,7.808282e+06,712820.0,15665.0,0.0,0.0,0.0,11901.0,1081.0,24.0,7.3617408e+07,9.416704e+08,2717.21,20.0,243836.0,5.0,243831.0,243831.0,2.0,0.0,0.0
2026-03-31 04:13:03,660,7.808282e+06,712820.0,15665.0,0.0,0.0,0.0,11901.0,1081.0,24.0,7.3617408e+07,9.416704e+08,2717.23,20.0,243836.0,5.0,243831.0,243831.0,2.0,0.0,0.0
2026-03-31 04:13:14,660,7.808282e+06,712820.0,15665.0,0.0,0.0,0.0,11901.0,1081.0,24.0,7.3617408e+07,9.416704e+08,2717.24,20.0,243836.0,5.0,243831.0,243831.0,2.0,0.0,0.0
2026-03-31 04:13:26,661,7.808282e+06,712820.0,15665.0,0.0,0.0,0.0,11901.0,1081.0,24.0,7.3617408e+07,9.416704e+08,2717.2700000000004,20.0,243836.0,5.0,243831.0,243831.0,2.0,0.0,0.0
2026-03-31 04:13:38,661,7.808282e+06,712820.0,15665.0,0.0,0.0,0.0,11901.0,1081.0,24.0,7.3617408e+07,9.416704e+08,2717.2799999999997,20.0,243836.0,5.0,243831.0,243831.0,2.0,0.0,0.0
2026-03-31 04:13:49,661,7.808282e+06,712820.0,15665.0,0.0,0.0,0.0,11901.0,1081.0,24.0,7.3617408e+07,9.416704e+08,2717.29,20.0,243836.0,5.0,243831.0,243831.0,2.0,0.0,0.0
2026-03-31 04:14:01,661,7.808282e+06,712820.0,15665.0,0.0,0.0,0.0,11901.0,1081.0,24.0,7.3617408e+07,9.416704e+08,2717.31,20.0,243836.0,5.0,243831.0,243831.0,2.0,0.0,0.0
2026-03-31 04:14:13,661,7.808282e+06,712820.0,15665.0,0.0,0.0,0.0,11901.0,1081.0,24.0,7.3617408e+07,9.416704e+08,2717.32,20.0,243836.0,5.0,243831.0,243831.0,2.0,0.0,0.0
2026-03-31 04:14:25,662,7.808282e+06,712820.0,15665.0,0.0,0.0,0.0,11901.0,1081.0,24.0,7.3617408e+07,9.416704e+08,2717.34,20.0,243836.0,5.0,243831.0,243831.0,2.0,0.0,0.0
2026-03-31 04:14:37,662,7.808282e+06,712820.0,15665.0,0.0,0.0,0.0,11901.0,1081.0,24.0,7.3617408e+07,9.416704e+08,2717.3500000000004,20.0,243836.0,5.0,243831.0,243831.0,2.0,0.0,0.0
2026-03-31 04:14:48,662,7.808282e+06,712820.0,15665.0,0.0,0.0,0.0,11901.0,1081.0,24.0,7.3617408e+07,9.416704e+08,2717.37,20.0,243836.0,5.0,243831.0,243831.0,2.0,0.0,0.0
2026-03-31 04:15:00,662,7.808282e+06,712820.0,15665.0,0.0,0.0,0.0,11901.0,1081.0,24.0,7.3617408e+07,9.416704e+08,2717.38,20.0,243836.0,5.0,243831.0,243831.0,2.0,0.0,0.0
2026-03-31 04:15:12,662,7.808282e+06,712820.0,15665.0,0.0,0.0,0.0,11901.0,1081.0,24.0,7.3617408e+07,9.416704e+08,2717.39,20.0,243836.0,5.0,243831.0,243831.0,2.0,0.0,0.0
2026-03-31 04:15:23,662,7.808282e+06,712820.0,15665.0,0.0,0.0,0.0,11901.0,1081.0,24.0,7.3617408e+07,9.416704e+08,2717.42,20.0,243836.0,5.0,243831.0,243831.0,2.0,0.0,0.0
2026-03-31 04:15:35,663,7.808282e+06,712820.0,15665.0,0.0,0.0,0.0,11901.0,1081.0,24.0,7.3617408e+07,9.416704e+08,2717.4300000000003,20.0,243836.0,5.0,243831.0,243831.0,2.0,0.0,0.0
2026-03-31 04:15:47,663,7.808282e+06,712820.0,15665.0,0.0,0.0,0.0,11901.0,1081.0,24.0,7.3617408e+07,9.416704e+08,2717.45,20.0,243836.0,5.0,243831.0,243831.0,2.0,0.0,0.0
2026-03-31 04:15:59,663,7.808282e+06,712820.0,15665.0,0.0,0.0,0.0,11901.0,1081.0,24.0,7.3617408e+07,9.416704e+08,2717.46,20.0,243836.0,5.0,243831.0,243831.0,2.0,0.0,0.0
2026-03-31 04:16:10,663,7.808282e+06,712820.0,15665.0,0.0,0.0,0.0,11901.0,1081.0,24.0,7.3617408e+07,9.416704e+08,2717.47,20.0,243836.0,5.0,243831.0,243831.0,2.0,0.0,0.0
2026-03-31 04:16:22,663,7.808282e+06,712820.0,15665.0,0.0,0.0,0.0,11901.0,1081.0,24.0,7.3617408e+07,9.416704e+08,2717.4900000000002,20.0,243836.0,5.0,243831.0,243831.0,2.0,0.0,0.0
2026-03-31 04:16:34,664,7.808282e+06,712820.0,15665.0,0.0,0.0,0.0,11901.0,1081.0,24.0,7.3617408e+07,9.416704e+08,2717.5,20.0,243836.0,5.0,243831.0,243831.0,2.0,0.0,0.0
2026-03-31 04:16:46,664,7.808282e+06,712820.0,15665.0,0.0,0.0,0.0,11901.0,1081.0,24.0,7.3617408e+07,9.416704e+08,2717.52,20.0,243836.0,5.0,243831.0,243831.0,2.0,0.0,0.0
2026-03-31 04:16:57,664,7.808282e+06,712820.0,15665.0,0.0,0.0,0.0,11901.0,1081.0,24.0,7.3617408e+07,9.416704e+08,2717.54,20.0,243836.0,5.0,243831.0,243831.0,2.0,0.0,0.0
2026-03-31 04:17:09,664,7.808282e+06,712820.0,15665.0,0.0,0.0,0.0,11901.0,1081.0,24.0,7.3617408e+07,9.416704e+08,2717.55,20.0,243836.0,5.0,243831.0,243831.0,2.0,0.0,0.0
2026-03-31 04:17:21,664,7.808282e+06,712820.0,15665.0,0.0,0.0,0.0,11901.0,1081.0,24.0,7.3617408e+07,9.416704e+08,2717.56,20.0,243836.0,5.0,243831.0,243831.0,2.0,0.0,0.0
2026-03-31 04:17:32,665,7.808282e+06,712820.0,15665.0,0.0,0.0,0.0,11901.0,1081.0,24.0,7.3617408e+07,9.416704e+08,2717.5899999999997,20.0,243836.0,5.0,243831.0,243831.0,2.0,0.0,0.0
2026-03-31 04:17:44,665,7.808282e+06,712820.0,15665.0,0.0,0.0,0.0,11901.0,1081.0,24.0,7.3617408e+07,9.416704e+08,2717.6,20.0,243836.0,5.0,243831.0,243831.0,2.0,0.0,0.0
2026-03-31 04:17:56,665,7.808282e+06,712820.0,15665.0,0.0,0.0,0.0,11901.0,1081.0,24.0,7.3617408e+07,9.416704e+08,2717.61,20.0,243836.0,5.0,243831.0,243831.0,2.0,0.0,0.0
2026-03-31 04:18:07,665,7.808282e+06,712820.0,15665.0,0.0,0.0,0.0,11901.0,1081.0,24.0,7.3617408e+07,9.416704e+08,2717.6200000000003,20.0,243836.0,5.0,243831.0,243831.0,2.0,0.0,0.0
2026-03-31 04:18:19,665,7.808282e+06,712820.0,15665.0,0.0,0.0,0.0,11901.0,1081.0,24.0,7.3617408e+07,9.416704e+08,2717.64,20.0,243836.0,5.0,243831.0,243831.0,2.0,0.0,0.0
2026-03-31 04:18:31,666,7.808282e+06,712820.0,15665.0,0.0,0.0,0.0,11901.0,1081.0,24.0,7.3617408e+07,9.416704e+08,2717.65,20.0,243836.0,5.0,243831.0,243831.0,2.0,0.0,0.0
2026-03-31 04:18:43,666,7.808282e+06,712820.0,15665.0,0.0,0.0,0.0,11901.0,1081.0,24.0,7.3617408e+07,9.416704e+08,2717.67,20.0,243836.0,5.0,243831.0,243831.0,2.0,0.0,0.0
2026-03-31 04:18:54,666,7.808282e+06,712820.0,15665.0,0.0,0.0,0.0,11901.0,1081.0,24.0,7.3617408e+07,9.416704e+08,2717.69,20.0,243836.0,5.0,243831.0,243831.0,2.0,0.0,0.0
2026-03-31 04:19:06,666,7.808282e+06,712820.0,15665.0,0.0,0.0,0.0,11901.0,1081.0,24.0,7.3617408e+07,9.416704e+08,2717.7000000000003,20.0,243836.0,5.0,243831.0,243831.0,2.0,0.0,0.0
2026-03-31 04:19:18,666,7.808282e+06,712820.0,15665.0,0.0,0.0,0.0,11901.0,1081.0,24.0,7.3617408e+07,9.416704e+08,2717.7200000000003,20.0,243836.0,5.0,243831.0,243831.0,2.0,0.0,0.0
2026-03-31 04:19:29,667,7.808282e+06,712820.0,15665.0,0.0,0.0,0.0,11901.0,1081.0,24.0,7.3617408e+07,9.416704e+08,2717.74,20.0,243836.0,5.0,243831.0,243831.0,2.0,0.0,0.0
2026-03-31 04:19:41,667,7.808282e+06,712820.0,15665.0,0.0,0.0,0.0,11901.0,1081.0,24.0,7.3617408e+07,9.416704e+08,2717.75,20.0,243836.0,5.0,243831.0,243831.0,2.0,0.0,0.0
2026-03-31 04:19:53,667,7.808282e+06,712820.0,15665.0,0.0,0.0,0.0,11901.0,1081.0,24.0,7.3617408e+07,9.416704e+08,2717.77,20.0,243836.0,5.0,243831.0,243831.0,2.0,0.0,0.0
2026-03-31 04:20:05,667,7.808282e+06,712820.0,15665.0,0.0,0.0,0.0,11901.0,1081.0,24.0,7.3617408e+07,9.416704e+08,2717.78,20.0,243836.0,5.0,243831.0,243831.0,2.0,0.0,0.0
2026-03-31 04:20:16,667,7.808282e+06,712820.0,15665.0,0.0,0.0,0.0,11901.0,1081.0,24.0,7.3486336e+07,9.416704e+08,2717.7999999999997,20.0,243836.0,5.0,243831.0,243831.0,2.0,0.0,0.0
2026-03-31 04:20:28,668,7.808282e+06,712820.0,15665.0,0.0,0.0,0.0,11901.0,1081.0,24.0,7.3486336e+07,9.416704e+08,2717.8199999999997,20.0,243836.0,5.0,243831.0,243831.0,2.0,0.0,0.0
2026-03-31 04:20:40,668,7.808282e+06,712820.0,15665.0,0.0,0.0,0.0,11901.0,1081.0,24.0,7.3486336e+07,9.416704e+08,2717.83,20.0,243836.0,5.0,243831.0,243831.0,2.0,0.0,0.0
2026-03-31 04:20:52,668,7.808282e+06,712820.0,15665.0,0.0,0.0,0.0,11901.0,1081.0,24.0,7.3486336e+07,9.416704e+08,2717.85,20.0,243836.0,5.0,243831.0,243831.0,2.0,0.0,0.0
2026-03-31 04:21:03,668,7.808282e+06,712820.0,15665.0,0.0,0.0,0.0,11901.0,1081.0,24.0,7.3486336e+07,9.416704e+08,2717.86,20.0,243836.0,5.0,243831.0,243831.0,2.0,0.0,0.0
2026-03-31 04:21:15,668,7.808282e+06,712820.0,15665.0,0.0,0.0,0.0,11901.0,1081.0,24.0,7.3486336e+07,9.416704e+08,2717.8799999999997,20.0,243836.0,5.0,243831.0,243831.0,2.0,0.0,0.0
2026-03-31 04:21:27,669,7.808282e+06,712820.0,15665.0,0.0,0.0,0.0,11901.0,1081.0,24.0,7.3486336e+07,9.416704e+08,2717.89,20.0,243836.0,5.0,243831.0,243831.0,2.0,0.0,0.0
2026-03-31 04:21:39,669,7.808282e+06,712820.0,15665.0,0.0,0.0,0.0,11901.0,1081.0,24.0,7.3486336e+07,9.416704e+08,2717.91,20.0,243836.0,5.0,243831.0,243831.0,2.0,0.0,0.0
2026-03-31 04:21:50,669,7.808282e+06,712820.0,15665.0,0.0,0.0,0.0,11901.0,1081.0,24.0,7.3486336e+07,9.416704e+08,2717.92,20.0,243836.0,5.0,243831.0,243831.0,2.0,0.0,0.0
2026-03-31 04:22:02,669,7.808282e+06,712820.0,15665.0,0.0,0.0,0.0,11901.0,1081.0,24.0,7.3486336e+07,9.416704e+08,2717.9399999999996,20.0,243836.0,5.0,243831.0,243831.0,2.0,0.0,0.0
2026-03-31 04:22:14,669,7.808282e+06,712820.0,15665.0,0.0,0.0,0.0,11901.0,1081.0,24.0,7.3486336e+07,9.416704e+08,2717.95,20.0,243836.0,5.0,243831.0,243831.0,2.0,0.0,0.0
2026-03-31 04:22:25,670,7.808282e+06,712820.0,15665.0,0.0,0.0,0.0,11901.0,1081.0,24.0,7.3486336e+07,9.416704e+08,2717.97,20.0,243836.0,5.0,243831.0,243831.0,2.0,0.0,0.0
2026-03-31 04:22:37,670,7.808282e+06,712820.0,15665.0,0.0,0.0,0.0,11901.0,1081.0,24.0,7.3486336e+07,9.416704e+08,2717.99,20.0,243836.0,5.0,243831.0,243831.0,2.0,0.0,0.0
2026-03-31 04:22:49,670,7.808282e+06,712820.0,15665.0,0.0,0.0,0.0,11901.0,1081.0,24.0,7.3486336e+07,9.416704e+08,2718.0,20.0,243836.0,5.0,243831.0,243831.0,2.0,0.0,0.0
2026-03-31 04:23:01,670,7.808282e+06,712820.0,15665.0,0.0,0.0,0.0,11901.0,1081.0,24.0,7.3486336e+07,9.416704e+08,2718.02,20.0,243836.0,5.0,243831.0,243831.0,2.0,0.0,0.0
2026-03-31 04:23:12,670,7.808282e+06,712820.0,15665.0,0.0,0.0,0.0,11901.0,1081.0,24.0,7.3486336e+07,9.416704e+08,2718.03,20.0,243836.0,5.0,243831.0,243831.0,2.0,0.0,0.0
2026-03-31 04:23:24,670,7.808282e+06,712820.0,15665.0,0.0,0.0,0.0,11901.0,1081.0,24.0,7.3486336e+07,9.416704e+08,2718.05,20.0,243836.0,5.0,243831.0,243831.0,2.0,0.0,0.0
2026-03-31 04:23:36,671,7.808282e+06,712820.0,15665.0,0.0,0.0,0.0,11901.0,1081.0,24.0,7.3486336e+07,9.416704e+08,2718.0600000000004,20.0,243836.0,5.0,243831.0,243831.0,2.0,0.0,0.0
2026-03-31 04:23:47,671,7.808282e+06,712820.0,15665.0,0.0,0.0,0.0,11901.0,1081.0,24.0,7.3486336e+07,9.416704e+08,2718.08,20.0,243836.0,5.0,243831.0,243831.0,2.0,0.0,0.0
2026-03-31 04:23:59,671,7.808282e+06,712820.0,15665.0,0.0,0.0,0.0,11901.0,1081.0,24.0,7.3486336e+07,9.416704e+08,2718.09,20.0,243836.0,5.0,243831.0,243831.0,2.0,0.0,0.0
2026-03-31 04:24:11,671,7.808282e+06,712820.0,15665.0,0.0,0.0,0.0,11901.0,1081.0,24.0,7.3486336e+07,9.416704e+08,2718.11,20.0,243836.0,5.0,243831.0,243831.0,2.0,0.0,0.0
2026-03-31 04:24:23,671,7.808282e+06,712820.0,15665.0,0.0,0.0,0.0,11901.0,1081.0,24.0,7.3486336e+07,9.416704e+08,2718.1200000000003,20.0,243836.0,5.0,243831.0,243831.0,2.0,0.0,0.0
2026-03-31 04:24:34,672,7.808282e+06,712820.0,15665.0,0.0,0.0,0.0,11901.0,1081.0,24.0,7.3486336e+07,9.416704e+08,2718.14,20.0,243836.0,5.0,243831.0,243831.0,2.0,0.0,0.0
2026-03-31 04:24:46,672,7.808282e+06,712820.0,15665.0,0.0,0.0,0.0,11901.0,1081.0,24.0,7.3486336e+07,9.416704e+08,2718.16,20.0,243836.0,5.0,243831.0,243831.0,2.0,0.0,0.0
2026-03-31 04:24:58,672,7.808282e+06,712820.0,15665.0,0.0,0.0,0.0,11901.0,1081.0,24.0,7.3486336e+07,9.416704e+08,2718.17,20.0,243836.0,5.0,243831.0,243831.0,2.0,0.0,0.0
2026-03-31 04:25:10,672,7.808282e+06,712820.0,15665.0,0.0,0.0,0.0,11901.0,1081.0,24.0,7.3486336e+07,9.416704e+08,2718.19,20.0,243836.0,5.0,243831.0,243831.0,2.0,0.0,0.0
2026-03-31 04:25:22,672,7.808282e+06,712820.0,15665.0,0.0,0.0,0.0,11901.0,1081.0,24.0,7.3486336e+07,9.416704e+08,2718.21,20.0,243836.0,5.0,243831.0,243831.0,2.0,0.0,0.0
2026-03-31 04:25:33,673,7.808282e+06,712820.0,15665.0,0.0,0.0,0.0,11901.0,1081.0,24.0,7.3486336e+07,9.416704e+08,2718.22,20.0,243836.0,5.0,243831.0,243831.0,2.0,0.0,0.0
2026-03-31 04:25:45,673,7.808282e+06,712820.0,15665.0,0.0,0.0,0.0,11901.0,1081.0,24.0,7.3486336e+07,9.416704e+08,2718.24,20.0,243836.0,5.0,243831.0,243831.0,2.0,0.0,0.0
2026-03-31 04:25:57,673,7.808282e+06,712820.0,15665.0,0.0,0.0,0.0,11901.0,1081.0,24.0,7.3486336e+07,9.416704e+08,2718.25,20.0,243836.0,5.0,243831.0,243831.0,2.0,0.0,0.0
2026-03-31 04:26:09,673,7.808282e+06,712820.0,15665.0,0.0,0.0,0.0,11901.0,1081.0,24.0,7.3486336e+07,9.416704e+08,2718.27,20.0,243836.0,5.0,243831.0,243831.0,2.0,0.0,0.0
2026-03-31 04:26:20,673,7.808282e+06,712820.0,15665.0,0.0,0.0,0.0,11901.0,1081.0,24.0,7.3486336e+07,9.416704e+08,2718.2799999999997,20.0,243836.0,5.0,243831.0,243831.0,2.0,0.0,0.0
2026-03-31 04:26:32,674,7.808282e+06,712820.0,15665.0,0.0,0.0,0.0,11901.0,1081.0,24.0,7.3486336e+07,9.416704e+08,2718.31,20.0,243836.0,5.0,243831.0,243831.0,2.0,0.0,0.0
2026-03-31 04:26:44,674,7.808282e+06,712820.0,15665.0,0.0,0.0,0.0,11901.0,1081.0,24.0,7.3486336e+07,9.416704e+08,2718.32,20.0,243836.0,5.0,243831.0,243831.0,2.0,0.0,0.0
2026-03-31 04:26:56,674,7.808282e+06,712820.0,15665.0,0.0,0.0,0.0,11901.0,1081.0,24.0,7.3486336e+07,9.416704e+08,2718.3399999999997,20.0,243836.0,5.0,243831.0,243831.0,2.0,0.0,0.0
2026-03-31 04:27:07,674,7.808282e+06,712820.0,15665.0,0.0,0.0,0.0,11901.0,1081.0,24.0,7.3486336e+07,9.416704e+08,2718.3399999999997,20.0,243836.0,5.0,243831.0,243831.0,2.0,0.0,0.0
2026-03-31 04:27:19,674,7.808282e+06,712820.0,15665.0,0.0,0.0,0.0,11901.0,1081.0,24.0,7.3486336e+07,9.416704e+08,2718.36,20.0,243836.0,5.0,243831.0,243831.0,2.0,0.0,0.0
2026-03-31 04:27:31,675,7.808282e+06,712820.0,15665.0,0.0,0.0,0.0,11901.0,1081.0,24.0,7.3486336e+07,9.416704e+08,2718.3700000000003,20.0,243836.0,5.0,243831.0,243831.0,2.0,0.0,0.0
2026-03-31 04:27:43,675,7.808282e+06,712820.0,15665.0,0.0,0.0,0.0,11901.0,1081.0,24.0,7.3486336e+07,9.416704e+08,2718.4,20.0,243836.0,5.0,243831.0,243831.0,2.0,0.0,0.0
2026-03-31 04:27:54,675,7.808282e+06,712820.0,15665.0,0.0,0.0,0.0,11901.0,1081.0,24.0,7.3486336e+07,9.416704e+08,2718.41,20.0,243836.0,5.0,243831.0,243831.0,2.0,0.0,0.0
2026-03-31 04:28:06,675,7.808282e+06,712820.0,15665.0,0.0,0.0,0.0,11901.0,1081.0,24.0,7.3486336e+07,9.416704e+08,2718.42,20.0,243836.0,5.0,243831.0,243831.0,2.0,0.0,0.0
2026-03-31 04:28:18,675,7.808282e+06,712820.0,15665.0,0.0,0.0,0.0,11901.0,1081.0,24.0,7.3486336e+07,9.416704e+08,2718.44,20.0,243836.0,5.0,243831.0,243831.0,2.0,0.0,0.0
2026-03-31 04:28:30,676,7.808282e+06,712820.0,15665.0,0.0,0.0,0.0,11901.0,1081.0,24.0,7.3486336e+07,9.416704e+08,2718.46,20.0,243836.0,5.0,243831.0,243831.0,2.0,0.0,0.0
2026-03-31 04:28:41,676,7.808282e+06,712820.0,15665.0,0.0,0.0,0.0,11901.0,1081.0,24.0,7.3486336e+07,9.416704e+08,2718.4700000000003,20.0,243836.0,5.0,243831.0,243831.0,2.0,0.0,0.0
2026-03-31 04:28:53,676,7.808282e+06,712820.0,15665.0,0.0,0.0,0.0,11901.0,1081.0,24.0,7.3486336e+07,9.416704e+08,2718.49,20.0,243836.0,5.0,243831.0,243831.0,2.0,0.0,0.0
2026-03-31 04:29:05,676,7.808282e+06,712820.0,15665.0,0.0,0.0,0.0,11901.0,1081.0,24.0,7.3486336e+07,9.416704e+08,2718.5,20.0,243836.0,5.0,243831.0,243831.0,2.0,0.0,0.0
2026-03-31 04:29:17,676,7.808282e+06,712820.0,15665.0,0.0,0.0,0.0,11901.0,1081.0,24.0,7.3486336e+07,9.416704e+08,2718.52,20.0,243836.0,5.0,243831.0,243831.0,2.0,0.0,0.0
2026-03-31 04:29:28,677,7.808282e+06,712820.0,15665.0,0.0,0.0,0.0,11901.0,1081.0,24.0,7.3486336e+07,9.416704e+08,2718.5299999999997,20.0,243836.0,5.0,243831.0,243831.0,2.0,0.0,0.0
2026-03-31 04:29:40,677,7.808282e+06,712820.0,15665.0,0.0,0.0,0.0,11901.0,1081.0,24.0,7.3486336e+07,9.416704e+08,2718.5499999999997,20.0,243836.0,5.0,243831.0,243831.0,2.0,0.0,0.0
2026-03-31 04:29:52,677,7.808282e+06,712820.0,15665.0,0.0,0.0,0.0,11901.0,1081.0,24.0,7.3486336e+07,9.416704e+08,2718.57,20.0,243836.0,5.0,243831.0,243831.0,2.0,0.0,0.0
2026-03-31 04:30:03,677,7.808282e+06,712820.0,15665.0,0.0,0.0,0.0,11901.0,1081.0,24.0,7.3486336e+07,9.416704e+08,2718.5899999999997,20.0,243836.0,5.0,243831.0,243831.0,2.0,0.0,0.0
2026-03-31 04:30:15,677,7.808282e+06,712820.0,15665.0,0.0,0.0,0.0,11901.0,1081.0,24.0,7.3486336e+07,9.416704e+08,2718.6,20.0,243836.0,5.0,243831.0,243831.0,2.0,0.0,0.0
2026-03-31 04:30:27,678,7.808282e+06,712820.0,15665.0,0.0,0.0,0.0,11901.0,1081.0,24.0,7.3486336e+07,9.416704e+08,2718.62,20.0,243836.0,5.0,243831.0,243831.0,2.0,0.0,0.0
2026-03-31 04:30:38,678,7.808282e+06,712820.0,15665.0,0.0,0.0,0.0,11901.0,1081.0,24.0,7.3486336e+07,9.416704e+08,2718.63,20.0,243836.0,5.0,243831.0,243831.0,2.0,0.0,0.0
2026-03-31 04:30:50,678,7.808282e+06,712820.0,15665.0,0.0,0.0,0.0,11901.0,1081.0,24.0,7.3486336e+07,9.416704e+08,2718.6499999999996,20.0,243836.0,5.0,243831.0,243831.0,2.0,0.0,0.0
2026-03-31 04:31:02,678,7.808282e+06,712820.0,15665.0,0.0,0.0,0.0,11901.0,1081.0,24.0,7.3486336e+07,9.416704e+08,2718.66,20.0,243836.0,5.0,243831.0,243831.0,2.0,0.0,0.0
2026-03-31 04:31:14,678,7.808282e+06,712820.0,15665.0,0.0,0.0,0.0,11901.0,1081.0,24.0,7.3486336e+07,9.416704e+08,2718.67,20.0,243836.0,5.0,243831.0,243831.0,2.0,0.0,0.0
2026-03-31 04:31:25,679,7.808282e+06,712820.0,15665.0,0.0,0.0,0.0,11901.0,1081.0,24.0,7.3486336e+07,9.416704e+08,2718.6899999999996,20.0,243836.0,5.0,243831.0,243831.0,2.0,0.0,0.0
2026-03-31 04:31:37,679,7.808282e+06,712820.0,15665.0,0.0,0.0,0.0,11901.0,1081.0,24.0,7.3486336e+07,9.416704e+08,2718.71,20.0,243836.0,5.0,243831.0,243831.0,2.0,0.0,0.0
2026-03-31 04:31:49,679,7.808282e+06,712820.0,15665.0,0.0,0.0,0.0,11901.0,1081.0,24.0,7.3486336e+07,9.416704e+08,2718.73,20.0,243836.0,5.0,243831.0,243831.0,2.0,0.0,0.0
2026-03-31 04:32:01,679,7.808282e+06,712820.0,15665.0,0.0,0.0,0.0,11901.0,1081.0,24.0,7.3486336e+07,9.416704e+08,2718.74,20.0,243836.0,5.0,243831.0,243831.0,2.0,0.0,0.0
2026-03-31 04:32:12,679,7.808282e+06,712820.0,15665.0,0.0,0.0,0.0,11901.0,1081.0,24.0,7.3486336e+07,9.416704e+08,2718.76,20.0,243836.0,5.0,243831.0,243831.0,2.0,0.0,0.0
2026-03-31 04:32:24,679,7.808282e+06,712820.0,15665.0,0.0,0.0,0.0,11901.0,1081.0,24.0,7.3486336e+07,9.416704e+08,2718.7700000000004,20.0,243836.0,5.0,243831.0,243831.0,2.0,0.0,0.0
2026-03-31 04:32:36,680,7.808282e+06,712820.0,15665.0,0.0,0.0,0.0,11901.0,1081.0,24.0,7.3486336e+07,9.416704e+08,2718.79,20.0,243836.0,5.0,243831.0,243831.0,2.0,0.0,0.0
2026-03-31 04:32:48,680,7.808282e+06,712820.0,15665.0,0.0,0.0,0.0,11901.0,1081.0,24.0,7.3486336e+07,9.416704e+08,2718.8,20.0,243836.0,5.0,243831.0,243831.0,2.0,0.0,0.0
2026-03-31 04:32:59,680,7.808282e+06,712820.0,15665.0,0.0,0.0,0.0,11901.0,1081.0,24.0,7.3486336e+07,9.416704e+08,2718.82,20.0,243836.0,5.0,243831.0,243831.0,2.0,0.0,0.0
2026-03-31 04:33:11,680,7.808282e+06,712820.0,15665.0,0.0,0.0,0.0,11901.0,1081.0,24.0,7.3486336e+07,9.416704e+08,2718.8300000000004,20.0,243836.0,5.0,243831.0,243831.0,2.0,0.0,0.0
2026-03-31 04:33:23,680,7.808282e+06,712820.0,15665.0,0.0,0.0,0.0,11901.0,1081.0,24.0,7.3486336e+07,9.416704e+08,2718.85,20.0,243836.0,5.0,243831.0,243831.0,2.0,0.0,0.0
2026-03-31 04:33:34,681,7.808282e+06,712820.0,15665.0,0.0,0.0,0.0,11901.0,1081.0,24.0,7.3486336e+07,9.416704e+08,2718.8700000000003,20.0,243836.0,5.0,243831.0,243831.0,2.0,0.0,0.0
2026-03-31 04:33:46,681,7.808282e+06,712820.0,15665.0,0.0,0.0,0.0,11901.0,1081.0,24.0,7.3486336e+07,9.416704e+08,2718.88,20.0,243836.0,5.0,243831.0,243831.0,2.0,0.0,0.0
2026-03-31 04:33:58,681,7.808282e+06,712820.0,15665.0,0.0,0.0,0.0,11901.0,1081.0,24.0,7.3486336e+07,9.416704e+08,2718.9,20.0,243836.0,5.0,243831.0,243831.0,2.0,0.0,0.0
2026-03-31 04:34:10,681,7.808282e+06,712820.0,15665.0,0.0,0.0,0.0,11901.0,1081.0,24.0,7.3486336e+07,9.416704e+08,2718.92,20.0,243836.0,5.0,243831.0,243831.0,2.0,0.0,0.0
2026-03-31 04:34:21,681,7.808282e+06,712820.0,15665.0,0.0,0.0,0.0,11901.0,1081.0,24.0,7.3486336e+07,9.416704e+08,2718.9300000000003,20.0,243836.0,5.0,243831.0,243831.0,2.0,0.0,0.0
2026-03-31 04:34:33,682,7.808282e+06,712820.0,15665.0,0.0,0.0,0.0,11901.0,1081.0,24.0,7.3486336e+07,9.416704e+08,2718.94,20.0,243836.0,5.0,243831.0,243831.0,2.0,0.0,0.0
2026-03-31 04:34:45,682,7.808282e+06,712820.0,15665.0,0.0,0.0,0.0,11901.0,1081.0,24.0,7.3486336e+07,9.416704e+08,2718.96,20.0,243836.0,5.0,243831.0,243831.0,2.0,0.0,0.0
2026-03-31 04:34:56,682,7.808282e+06,712820.0,15665.0,0.0,0.0,0.0,11901.0,1081.0,24.0,7.3486336e+07,9.416704e+08,2718.98,20.0,243836.0,5.0,243831.0,243831.0,2.0,0.0,0.0
2026-03-31 04:35:08,682,7.808282e+06,712820.0,15665.0,0.0,0.0,0.0,11901.0,1081.0,24.0,7.3486336e+07,9.416704e+08,2718.98,20.0,243836.0,5.0,243831.0,243831.0,2.0,0.0,0.0
2026-03-31 04:35:20,682,7.808282e+06,712820.0,15665.0,0.0,0.0,0.0,11901.0,1081.0,24.0,7.3486336e+07,9.416704e+08,2719.0,20.0,243836.0,5.0,243831.0,243831.0,2.0,0.0,0.0
2026-03-31 04:35:32,683,7.808282e+06,712820.0,15665.0,0.0,0.0,0.0,11901.0,1081.0,24.0,7.3486336e+07,9.416704e+08,2719.02,20.0,243836.0,5.0,243831.0,243831.0,2.0,0.0,0.0
2026-03-31 04:35:43,683,7.808282e+06,712820.0,15665.0,0.0,0.0,0.0,11901.0,1081.0,24.0,7.3486336e+07,9.416704e+08,2719.04,20.0,243836.0,5.0,243831.0,243831.0,2.0,0.0,0.0
2026-03-31 04:35:55,683,7.808282e+06,712820.0,15665.0,0.0,0.0,0.0,11901.0,1081.0,24.0,7.3486336e+07,9.416704e+08,2719.06,20.0,243836.0,5.0,243831.0,243831.0,2.0,0.0,0.0
2026-03-31 04:36:07,683,7.808282e+06,712820.0,15665.0,0.0,0.0,0.0,11901.0,1081.0,24.0,7.3486336e+07,9.416704e+08,2719.0699999999997,20.0,243836.0,5.0,243831.0,243831.0,2.0,0.0,0.0
2026-03-31 04:36:19,683,7.808282e+06,712820.0,15665.0,0.0,0.0,0.0,11901.0,1081.0,24.0,7.3486336e+07,9.416704e+08,2719.08,20.0,243836.0,5.0,243831.0,243831.0,2.0,0.0,0.0
2026-03-31 04:36:30,684,7.808282e+06,712820.0,15665.0,0.0,0.0,0.0,11901.0,1081.0,24.0,7.3486336e+07,9.416704e+08,2719.0899999999997,20.0,243836.0,5.0,243831.0,243831.0,2.0,0.0,0.0
2026-03-31 04:36:42,684,7.808282e+06,712820.0,15665.0,0.0,0.0,0.0,11901.0,1081.0,24.0,7.3486336e+07,9.416704e+08,2719.11,20.0,243836.0,5.0,243831.0,243831.0,2.0,0.0,0.0
2026-03-31 04:36:54,684,7.808282e+06,712820.0,15665.0,0.0,0.0,0.0,11901.0,1081.0,24.0,7.3486336e+07,9.416704e+08,2719.13,20.0,243836.0,5.0,243831.0,243831.0,2.0,0.0,0.0
2026-03-31 04:37:05,684,7.808282e+06,712820.0,15665.0,0.0,0.0,0.0,11901.0,1081.0,24.0,7.3355264e+07,9.416704e+08,2719.15,20.0,243836.0,5.0,243831.0,243831.0,2.0,0.0,0.0
2026-03-31 04:37:17,684,7.808282e+06,712820.0,15665.0,0.0,0.0,0.0,11901.0,1081.0,24.0,7.3355264e+07,9.416704e+08,2719.15,20.0,243836.0,5.0,243831.0,243831.0,2.0,0.0,0.0
2026-03-31 04:37:29,685,7.808282e+06,712820.0,15665.0,0.0,0.0,0.0,11901.0,1081.0,24.0,7.3355264e+07,9.416704e+08,2719.17,20.0,243836.0,5.0,243831.0,243831.0,2.0,0.0,0.0
2026-03-31 04:37:41,685,7.808282e+06,712820.0,15665.0,0.0,0.0,0.0,11901.0,1081.0,24.0,7.3355264e+07,9.416704e+08,2719.1800000000003,20.0,243836.0,5.0,243831.0,243831.0,2.0,0.0,0.0
2026-03-31 04:37:52,685,7.808282e+06,712820.0,15665.0,0.0,0.0,0.0,11901.0,1081.0,24.0,7.3355264e+07,9.416704e+08,2719.21,20.0,243836.0,5.0,243831.0,243831.0,2.0,0.0,0.0
2026-03-31 04:38:04,685,7.808282e+06,712820.0,15665.0,0.0,0.0,0.0,11901.0,1081.0,24.0,7.3355264e+07,9.416704e+08,2719.2200000000003,20.0,243836.0,5.0,243831.0,243831.0,2.0,0.0,0.0
2026-03-31 04:38:16,685,7.808282e+06,712820.0,15665.0,0.0,0.0,0.0,11901.0,1081.0,24.0,7.3355264e+07,9.416704e+08,2719.24,20.0,243836.0,5.0,243831.0,243831.0,2.0,0.0,0.0
2026-03-31 04:38:28,686,7.808282e+06,712820.0,15665.0,0.0,0.0,0.0,11901.0,1081.0,24.0,7.3355264e+07,9.416704e+08,2719.25,20.0,243836.0,5.0,243831.0,243831.0,2.0,0.0,0.0
2026-03-31 04:38:39,686,7.808282e+06,712820.0,15665.0,0.0,0.0,0.0,11901.0,1081.0,24.0,7.3355264e+07,9.416704e+08,2719.27,20.0,243836.0,5.0,243831.0,243831.0,2.0,0.0,0.0
2026-03-31 04:38:51,686,7.808282e+06,712820.0,15665.0,0.0,0.0,0.0,11901.0,1081.0,24.0,7.3355264e+07,9.416704e+08,2719.29,20.0,243836.0,5.0,243831.0,243831.0,2.0,0.0,0.0
2026-03-31 04:39:03,686,7.808282e+06,712820.0,15665.0,0.0,0.0,0.0,11901.0,1081.0,24.0,7.3355264e+07,9.416704e+08,2719.2999999999997,20.0,243836.0,5.0,243831.0,243831.0,2.0,0.0,0.0
2026-03-31 04:39:15,686,7.808282e+06,712820.0,15665.0,0.0,0.0,0.0,11901.0,1081.0,24.0,7.3355264e+07,9.416704e+08,2719.31,20.0,243836.0,5.0,243831.0,243831.0,2.0,0.0,0.0
2026-03-31 04:39:27,687,7.808282e+06,712820.0,15665.0,0.0,0.0,0.0,11901.0,1081.0,24.0,7.3355264e+07,9.416704e+08,2719.33,20.0,243836.0,5.0,243831.0,243831.0,2.0,0.0,0.0
2026-03-31 04:39:38,687,7.808282e+06,712820.0,15665.0,0.0,0.0,0.0,11901.0,1081.0,24.0,7.3355264e+07,9.416704e+08,2719.3399999999997,20.0,243836.0,5.0,243831.0,243831.0,2.0,0.0,0.0
2026-03-31 04:39:50,687,7.808282e+06,712820.0,15665.0,0.0,0.0,0.0,11901.0,1081.0,24.0,7.3355264e+07,9.416704e+08,2719.3599999999997,20.0,243836.0,5.0,243831.0,243831.0,2.0,0.0,0.0
2026-03-31 04:40:02,687,7.808282e+06,712820.0,15665.0,0.0,0.0,0.0,11901.0,1081.0,24.0,7.3355264e+07,9.416704e+08,2719.38,20.0,243836.0,5.0,243831.0,243831.0,2.0,0.0,0.0
2026-03-31 04:40:14,687,7.808282e+06,712820.0,15665.0,0.0,0.0,0.0,11901.0,1081.0,24.0,7.3355264e+07,9.416704e+08,2719.39,20.0,243836.0,5.0,243831.0,243831.0,2.0,0.0,0.0
2026-03-31 04:40:25,688,7.808282e+06,712820.0,15665.0,0.0,0.0,0.0,11901.0,1081.0,24.0,7.3355264e+07,9.416704e+08,2719.4,20.0,243836.0,5.0,243831.0,243831.0,2.0,0.0,0.0
2026-03-31 04:40:37,688,7.808282e+06,712820.0,15665.0,0.0,0.0,0.0,11901.0,1081.0,24.0,7.3355264e+07,9.416704e+08,2719.42,20.0,243836.0,5.0,243831.0,243831.0,2.0,0.0,0.0
2026-03-31 04:40:49,688,7.808282e+06,712820.0,15665.0,0.0,0.0,0.0,11901.0,1081.0,24.0,7.3355264e+07,9.416704e+08,2719.4300000000003,20.0,243836.0,5.0,243831.0,243831.0,2.0,0.0,0.0
2026-03-31 04:41:01,688,7.808282e+06,712820.0,15665.0,0.0,0.0,0.0,11901.0,1081.0,24.0,7.3355264e+07,9.416704e+08,2719.45,20.0,243836.0,5.0,243831.0,243831.0,2.0,0.0,0.0
2026-03-31 04:41:12,688,7.808282e+06,712820.0,15665.0,0.0,0.0,0.0,11901.0,1081.0,24.0,7.3355264e+07,9.416704e+08,2719.4700000000003,20.0,243836.0,5.0,243831.0,243831.0,2.0,0.0,0.0
2026-03-31 04:41:24,688,7.808282e+06,712820.0,15665.0,0.0,0.0,0.0,11901.0,1081.0,24.0,7.3355264e+07,9.416704e+08,2719.4799999999996,20.0,243836.0,5.0,243831.0,243831.0,2.0,0.0,0.0
2026-03-31 04:41:36,689,7.808282e+06,712820.0,15665.0,0.0,0.0,0.0,11901.0,1081.0,24.0,7.3355264e+07,9.416704e+08,2719.5,20.0,243836.0,5.0,243831.0,243831.0,2.0,0.0,0.0
2026-03-31 04:41:48,689,7.808282e+06,712820.0,15665.0,0.0,0.0,0.0,11901.0,1081.0,24.0,7.3355264e+07,9.416704e+08,2719.5099999999998,20.0,243836.0,5.0,243831.0,243831.0,2.0,0.0,0.0
2026-03-31 04:41:59,689,7.808282e+06,712820.0,15665.0,0.0,0.0,0.0,11901.0,1081.0,24.0,7.3355264e+07,9.416704e+08,2719.53,20.0,243836.0,5.0,243831.0,243831.0,2.0,0.0,0.0
2026-03-31 04:42:11,689,7.808282e+06,712820.0,15665.0,0.0,0.0,0.0,11901.0,1081.0,24.0,7.3355264e+07,9.416704e+08,2719.5400000000004,20.0,243836.0,5.0,243831.0,243831.0,2.0,0.0,0.0
2026-03-31 04:42:23,689,7.808282e+06,712820.0,15665.0,0.0,0.0,0.0,11901.0,1081.0,24.0,7.3355264e+07,9.416704e+08,2719.56,20.0,243836.0,5.0,243831.0,243831.0,2.0,0.0,0.0
2026-03-31 04:42:35,690,7.808282e+06,712820.0,15665.0,0.0,0.0,0.0,11901.0,1081.0,24.0,7.3355264e+07,9.416704e+08,2719.57,20.0,243836.0,5.0,243831.0,243831.0,2.0,0.0,0.0
2026-03-31 04:42:46,690,7.808282e+06,712820.0,15665.0,0.0,0.0,0.0,11901.0,1081.0,24.0,7.3355264e+07,9.416704e+08,2719.59,20.0,243836.0,5.0,243831.0,243831.0,2.0,0.0,0.0
2026-03-31 04:42:58,690,7.808282e+06,712820.0,15665.0,0.0,0.0,0.0,11901.0,1081.0,24.0,7.3355264e+07,9.416704e+08,2719.61,20.0,243836.0,5.0,243831.0,243831.0,2.0,0.0,0.0
2026-03-31 04:43:10,690,7.808282e+06,712820.0,15665.0,0.0,0.0,0.0,11901.0,1081.0,24.0,7.3355264e+07,9.416704e+08,2719.62,20.0,243836.0,5.0,243831.0,243831.0,2.0,0.0,0.0
2026-03-31 04:43:21,690,7.808282e+06,712820.0,15665.0,0.0,0.0,0.0,11901.0,1081.0,24.0,7.3355264e+07,9.416704e+08,2719.63,20.0,243836.0,5.0,243831.0,243831.0,2.0,0.0,0.0
2026-03-31 04:43:33,691,7.808282e+06,712820.0,15665.0,0.0,0.0,0.0,11901.0,1081.0,24.0,7.3355264e+07,9.416704e+08,2719.65,20.0,243836.0,5.0,243831.0,243831.0,2.0,0.0,0.0
2026-03-31 04:43:45,691,7.808282e+06,712820.0,15665.0,0.0,0.0,0.0,11901.0,1081.0,24.0,7.3355264e+07,9.416704e+08,2719.66,20.0,243836.0,5.0,243831.0,243831.0,2.0,0.0,0.0
2026-03-31 04:43:57,691,7.808282e+06,712820.0,15665.0,0.0,0.0,0.0,11901.0,1081.0,24.0,7.3355264e+07,9.416704e+08,2719.69,20.0,243836.0,5.0,243831.0,243831.0,2.0,0.0,0.0
2026-03-31 04:44:08,691,7.808282e+06,712820.0,15665.0,0.0,0.0,0.0,11901.0,1081.0,24.0,7.3355264e+07,9.416704e+08,2719.69,20.0,243836.0,5.0,243831.0,243831.0,2.0,0.0,0.0
2026-03-31 04:44:20,691,7.808282e+06,712820.0,15665.0,0.0,0.0,0.0,11901.0,1081.0,24.0,7.3355264e+07,9.416704e+08,2719.71,20.0,243836.0,5.0,243831.0,243831.0,2.0,0.0,0.0
2026-03-31 04:44:32,692,7.808282e+06,712820.0,15665.0,0.0,0.0,0.0,11901.0,1081.0,24.0,7.3355264e+07,9.416704e+08,2719.72,20.0,243836.0,5.0,243831.0,243831.0,2.0,0.0,0.0
2026-03-31 04:44:44,692,7.808282e+06,712820.0,15665.0,0.0,0.0,0.0,11901.0,1081.0,24.0,7.3355264e+07,9.416704e+08,2719.75,20.0,243836.0,5.0,243831.0,243831.0,2.0,0.0,0.0
2026-03-31 04:44:55,692,7.808282e+06,712820.0,15665.0,0.0,0.0,0.0,11901.0,1081.0,24.0,7.3355264e+07,9.416704e+08,2719.76,20.0,243836.0,5.0,243831.0,243831.0,2.0,0.0,0.0
2026-03-31 04:45:07,692,7.808282e+06,712820.0,15665.0,0.0,0.0,0.0,11901.0,1081.0,24.0,7.3355264e+07,9.416704e+08,2719.77,20.0,243836.0,5.0,243831.0,243831.0,2.0,0.0,0.0
2026-03-31 04:45:19,692,7.808282e+06,712820.0,15665.0,0.0,0.0,0.0,11901.0,1081.0,24.0,7.3355264e+07,9.416704e+08,2719.79,20.0,243836.0,5.0,243831.0,243831.0,2.0,0.0,0.0
2026-03-31 04:45:31,693,7.808282e+06,712820.0,15665.0,0.0,0.0,0.0,11901.0,1081.0,24.0,7.3355264e+07,9.416704e+08,2719.7999999999997,20.0,243836.0,5.0,243831.0,243831.0,2.0,0.0,0.0
2026-03-31 04:45:42,693,7.808282e+06,712820.0,15665.0,0.0,0.0,0.0,11901.0,1081.0,24.0,7.3355264e+07,9.416704e+08,2719.82,20.0,243836.0,5.0,243831.0,243831.0,2.0,0.0,0.0
2026-03-31 04:45:54,693,7.808282e+06,712820.0,15665.0,0.0,0.0,0.0,11901.0,1081.0,24.0,7.3355264e+07,9.416704e+08,2719.83,20.0,243836.0,5.0,243831.0,243831.0,2.0,0.0,0.0
2026-03-31 04:46:06,693,7.808282e+06,712820.0,15665.0,0.0,0.0,0.0,11901.0,1081.0,24.0,7.3355264e+07,9.416704e+08,2719.85,20.0,243836.0,5.0,243831.0,243831.0,2.0,0.0,0.0
2026-03-31 04:46:17,693,7.808282e+06,712820.0,15665.0,0.0,0.0,0.0,11901.0,1081.0,24.0,7.3355264e+07,9.416704e+08,2719.87,20.0,243836.0,5.0,243831.0,243831.0,2.0,0.0,0.0
2026-03-31 04:46:29,694,7.808282e+06,712820.0,15665.0,0.0,0.0,0.0,11901.0,1081.0,24.0,7.3355264e+07,9.416704e+08,2719.88,20.0,243836.0,5.0,243831.0,243831.0,2.0,0.0,0.0
2026-03-31 04:46:41,694,7.808282e+06,712820.0,15665.0,0.0,0.0,0.0,11901.0,1081.0,24.0,7.3355264e+07,9.416704e+08,2719.89,20.0,243836.0,5.0,243831.0,243831.0,2.0,0.0,0.0
2026-03-31 04:46:53,694,7.808282e+06,712820.0,15665.0,0.0,0.0,0.0,11901.0,1081.0,24.0,7.3355264e+07,9.416704e+08,2719.91,20.0,243836.0,5.0,243831.0,243831.0,2.0,0.0,0.0
2026-03-31 04:47:05,694,7.808282e+06,712820.0,15665.0,0.0,0.0,0.0,11901.0,1081.0,24.0,7.3355264e+07,9.416704e+08,2719.9300000000003,20.0,243836.0,5.0,243831.0,243831.0,2.0,0.0,0.0
2026-03-31 04:47:17,694,7.808282e+06,712820.0,15665.0,0.0,0.0,0.0,11901.0,1081.0,24.0,7.3355264e+07,9.416704e+08,2719.94,20.0,243836.0,5.0,243831.0,243831.0,2.0,0.0,0.0
2026-03-31 04:47:28,695,7.808282e+06,712820.0,15665.0,0.0,0.0,0.0,11901.0,1081.0,24.0,7.3355264e+07,9.416704e+08,2719.9500000000003,20.0,243836.0,5.0,243831.0,243831.0,2.0,0.0,0.0
2026-03-31 04:47:40,695,7.808282e+06,712820.0,15665.0,0.0,0.0,0.0,11901.0,1081.0,24.0,7.3355264e+07,9.416704e+08,2719.97,20.0,243836.0,5.0,243831.0,243831.0,2.0,0.0,0.0
2026-03-31 04:47:52,695,7.808282e+06,712820.0,15665.0,0.0,0.0,0.0,11901.0,1081.0,24.0,7.3355264e+07,9.416704e+08,2719.9900000000002,20.0,243836.0,5.0,243831.0,243831.0,2.0,0.0,0.0
2026-03-31 04:48:03,695,7.808282e+06,712820.0,15665.0,0.0,0.0,0.0,11901.0,1081.0,24.0,7.3355264e+07,9.416704e+08,2720.0,20.0,243836.0,5.0,243831.0,243831.0,2.0,0.0,0.0
2026-03-31 04:48:15,695,7.808282e+06,712820.0,15665.0,0.0,0.0,0.0,11901.0,1081.0,24.0,7.3355264e+07,9.416704e+08,2720.02,20.0,243836.0,5.0,243831.0,243831.0,2.0,0.0,0.0
2026-03-31 04:48:27,696,7.808282e+06,712820.0,15665.0,0.0,0.0,0.0,11901.0,1081.0,24.0,7.3355264e+07,9.416704e+08,2720.0299999999997,20.0,243836.0,5.0,243831.0,243831.0,2.0,0.0,0.0
2026-03-31 04:48:39,696,7.808282e+06,712820.0,15665.0,0.0,0.0,0.0,11901.0,1081.0,24.0,7.3355264e+07,9.416704e+08,2720.05,20.0,243836.0,5.0,243831.0,243831.0,2.0,0.0,0.0
2026-03-31 04:48:50,696,7.808282e+06,712820.0,15665.0,0.0,0.0,0.0,11901.0,1081.0,24.0,7.3355264e+07,9.416704e+08,2720.06,20.0,243836.0,5.0,243831.0,243831.0,2.0,0.0,0.0
2026-03-31 04:49:02,696,7.808282e+06,712820.0,15665.0,0.0,0.0,0.0,11901.0,1081.0,24.0,7.3355264e+07,9.416704e+08,2720.07,20.0,243836.0,5.0,243831.0,243831.0,2.0,0.0,0.0
2026-03-31 04:49:14,696,7.808282e+06,712820.0,15665.0,0.0,0.0,0.0,11901.0,1081.0,24.0,7.3355264e+07,9.416704e+08,2720.0899999999997,20.0,243836.0,5.0,243831.0,243831.0,2.0,0.0,0.0
2026-03-31 04:49:26,697,7.808282e+06,712820.0,15665.0,0.0,0.0,0.0,11901.0,1081.0,24.0,7.3355264e+07,9.416704e+08,2720.11,20.0,243836.0,5.0,243831.0,243831.0,2.0,0.0,0.0
2026-03-31 04:49:37,697,7.808282e+06,712820.0,15665.0,0.0,0.0,0.0,11901.0,1081.0,24.0,7.3355264e+07,9.416704e+08,2720.12,20.0,243836.0,5.0,243831.0,243831.0,2.0,0.0,0.0
2026-03-31 04:49:49,697,7.808282e+06,712820.0,15665.0,0.0,0.0,0.0,11901.0,1081.0,24.0,7.3355264e+07,9.416704e+08,2720.14,20.0,243836.0,5.0,243831.0,243831.0,2.0,0.0,0.0
2026-03-31 04:50:01,697,7.808282e+06,712820.0,15665.0,0.0,0.0,0.0,11901.0,1081.0,24.0,7.3355264e+07,9.416704e+08,2720.16,20.0,243836.0,5.0,243831.0,243831.0,2.0,0.0,0.0
2026-03-31 04:50:13,697,7.808282e+06,712820.0,15665.0,0.0,0.0,0.0,11901.0,1081.0,24.0,7.3355264e+07,9.416704e+08,2720.16,20.0,243836.0,5.0,243831.0,243831.0,2.0,0.0,0.0
2026-03-31 04:50:24,697,7.808282e+06,712820.0,15665.0,0.0,0.0,0.0,11901.0,1081.0,24.0,7.3355264e+07,9.416704e+08,2720.18,20.0,243836.0,5.0,243831.0,243831.0,2.0,0.0,0.0
2026-03-31 04:50:36,698,7.808282e+06,712820.0,15665.0,0.0,0.0,0.0,11901.0,1081.0,24.0,7.3355264e+07,9.416704e+08,2720.2,20.0,243836.0,5.0,243831.0,243831.0,2.0,0.0,0.0
2026-03-31 04:50:48,698,7.808282e+06,712820.0,15665.0,0.0,0.0,0.0,11901.0,1081.0,24.0,7.3355264e+07,9.416704e+08,2720.22,20.0,243836.0,5.0,243831.0,243831.0,2.0,0.0,0.0
2026-03-31 04:50:59,698,7.808282e+06,712820.0,15665.0,0.0,0.0,0.0,11901.0,1081.0,24.0,7.3355264e+07,9.416704e+08,2720.23,20.0,243836.0,5.0,243831.0,243831.0,2.0,0.0,0.0
2026-03-31 04:51:11,698,7.808282e+06,712820.0,15665.0,0.0,0.0,0.0,11901.0,1081.0,24.0,7.3355264e+07,9.416704e+08,2720.24,20.0,243836.0,5.0,243831.0,243831.0,2.0,0.0,0.0
2026-03-31 04:51:23,698,7.808282e+06,712820.0,15665.0,0.0,0.0,0.0,11901.0,1081.0,24.0,7.3355264e+07,9.416704e+08,2720.26,20.0,243836.0,5.0,243831.0,243831.0,2.0,0.0,0.0
2026-03-31 04:51:34,699,7.808282e+06,712820.0,15665.0,0.0,0.0,0.0,11901.0,1081.0,24.0,7.3355264e+07,9.416704e+08,2720.27,20.0,243836.0,5.0,243831.0,243831.0,2.0,0.0,0.0
2026-03-31 04:51:46,699,7.808282e+06,712820.0,15665.0,0.0,0.0,0.0,11901.0,1081.0,24.0,7.3355264e+07,9.416704e+08,2720.3,20.0,243836.0,5.0,243831.0,243831.0,2.0,0.0,0.0
2026-03-31 04:51:58,699,7.808282e+06,712820.0,15665.0,0.0,0.0,0.0,11901.0,1081.0,24.0,7.3355264e+07,9.416704e+08,2720.3100000000004,20.0,243836.0,5.0,243831.0,243831.0,2.0,0.0,0.0
2026-03-31 04:52:10,699,7.808282e+06,712820.0,15665.0,0.0,0.0,0.0,11901.0,1081.0,24.0,7.3355264e+07,9.416704e+08,2720.32,20.0,243836.0,5.0,243831.0,243831.0,2.0,0.0,0.0
2026-03-31 04:52:22,699,7.808282e+06,712820.0,15665.0,0.0,0.0,0.0,11901.0,1081.0,24.0,7.3355264e+07,9.416704e+08,2720.34,20.0,243836.0,5.0,243831.0,243831.0,2.0,0.0,0.0
2026-03-31 04:52:33,700,7.808282e+06,712820.0,15665.0,0.0,0.0,0.0,11901.0,1081.0,24.0,7.3355264e+07,9.416704e+08,2720.35,20.0,243836.0,5.0,243831.0,243831.0,2.0,0.0,0.0
2026-03-31 04:52:45,700,7.808282e+06,712820.0,15665.0,0.0,0.0,0.0,11901.0,1081.0,24.0,7.3355264e+07,9.416704e+08,2720.3700000000003,20.0,243836.0,5.0,243831.0,243831.0,2.0,0.0,0.0
2026-03-31 04:52:57,700,7.808282e+06,712820.0,15665.0,0.0,0.0,0.0,11901.0,1081.0,24.0,7.3355264e+07,9.416704e+08,2720.38,20.0,243836.0,5.0,243831.0,243831.0,2.0,0.0,0.0
2026-03-31 04:53:08,700,7.808282e+06,712820.0,15665.0,0.0,0.0,0.0,11901.0,1081.0,24.0,7.3355264e+07,9.416704e+08,2720.4,20.0,243836.0,5.0,243831.0,243831.0,2.0,0.0,0.0
2026-03-31 04:53:20,700,7.808282e+06,712820.0,15665.0,0.0,0.0,0.0,11901.0,1081.0,24.0,7.3355264e+07,9.416704e+08,2720.41,20.0,243836.0,5.0,243831.0,243831.0,2.0,0.0,0.0
2026-03-31 04:53:32,701,7.808282e+06,712820.0,15665.0,0.0,0.0,0.0,11901.0,1081.0,24.0,7.3355264e+07,9.416704e+08,2720.4300000000003,20.0,243836.0,5.0,243831.0,243831.0,2.0,0.0,0.0
2026-03-31 04:53:43,701,7.808282e+06,712820.0,15665.0,0.0,0.0,0.0,11901.0,1081.0,24.0,7.3355264e+07,9.416704e+08,2720.45,20.0,243836.0,5.0,243831.0,243831.0,2.0,0.0,0.0
2026-03-31 04:53:55,701,7.808282e+06,712820.0,15665.0,0.0,0.0,0.0,11901.0,1081.0,24.0,7.3355264e+07,9.416704e+08,2720.46,20.0,243836.0,5.0,243831.0,243831.0,2.0,0.0,0.0
2026-03-31 04:54:07,701,7.808282e+06,712820.0,15665.0,0.0,0.0,0.0,11901.0,1081.0,24.0,7.3355264e+07,9.416704e+08,2720.48,20.0,243836.0,5.0,243831.0,243831.0,2.0,0.0,0.0
2026-03-31 04:54:19,701,7.808282e+06,712820.0,15665.0,0.0,0.0,0.0,11901.0,1081.0,24.0,7.3355264e+07,9.416704e+08,2720.4900000000002,20.0,243836.0,5.0,243831.0,243831.0,2.0,0.0,0.0
2026-03-31 04:54:30,702,7.808282e+06,712820.0,15665.0,0.0,0.0,0.0,11901.0,1081.0,24.0,7.3355264e+07,9.416704e+08,2720.5099999999998,20.0,243836.0,5.0,243831.0,243831.0,2.0,0.0,0.0
2026-03-31 04:54:42,702,7.808282e+06,712820.0,15665.0,0.0,0.0,0.0,11901.0,1081.0,24.0,7.3355264e+07,9.416704e+08,2720.52,20.0,243836.0,5.0,243831.0,243831.0,2.0,0.0,0.0
2026-03-31 04:54:54,702,7.808282e+06,712820.0,15665.0,0.0,0.0,0.0,11901.0,1081.0,24.0,7.3355264e+07,9.416704e+08,2720.54,20.0,243836.0,5.0,243831.0,243831.0,2.0,0.0,0.0
2026-03-31 04:55:06,702,7.808282e+06,712820.0,15665.0,0.0,0.0,0.0,11901.0,1081.0,24.0,7.3355264e+07,9.416704e+08,2720.55,20.0,243836.0,5.0,243831.0,243831.0,2.0,0.0,0.0
2026-03-31 04:55:17,702,7.808282e+06,712820.0,15665.0,0.0,0.0,0.0,11901.0,1081.0,24.0,7.3355264e+07,9.416704e+08,2720.5699999999997,20.0,243836.0,5.0,243831.0,243831.0,2.0,0.0,0.0
2026-03-31 04:55:29,703,7.808282e+06,712820.0,15665.0,0.0,0.0,0.0,11901.0,1081.0,24.0,7.3355264e+07,9.416704e+08,2720.59,20.0,243836.0,5.0,243831.0,243831.0,2.0,0.0,0.0
2026-03-31 04:55:41,703,7.808282e+06,712820.0,15665.0,0.0,0.0,0.0,11901.0,1081.0,24.0,7.3355264e+07,9.416704e+08,2720.6,20.0,243836.0,5.0,243831.0,243831.0,2.0,0.0,0.0
2026-03-31 04:55:53,703,7.808282e+06,712820.0,15665.0,0.0,0.0,0.0,11901.0,1081.0,24.0,7.3486336e+07,9.416704e+08,2720.62,20.0,243836.0,5.0,243831.0,243831.0,2.0,0.0,0.0
2026-03-31 04:56:04,703,7.808282e+06,712820.0,15665.0,0.0,0.0,0.0,11901.0,1081.0,24.0,7.3486336e+07,9.416704e+08,2720.6299999999997,20.0,243836.0,5.0,243831.0,243831.0,2.0,0.0,0.0
2026-03-31 04:56:16,703,7.808282e+06,712820.0,15665.0,0.0,0.0,0.0,11901.0,1081.0,24.0,7.3486336e+07,9.416704e+08,2720.65,20.0,243836.0,5.0,243831.0,243831.0,2.0,0.0,0.0
2026-03-31 04:56:28,704,7.808282e+06,712820.0,15665.0,0.0,0.0,0.0,11901.0,1081.0,24.0,7.3486336e+07,9.416704e+08,2720.66,20.0,243836.0,5.0,243831.0,243831.0,2.0,0.0,0.0
2026-03-31 04:56:40,704,7.808282e+06,712820.0,15665.0,0.0,0.0,0.0,11901.0,1081.0,24.0,7.3486336e+07,9.416704e+08,2720.6699999999996,20.0,243836.0,5.0,243831.0,243831.0,2.0,0.0,0.0
2026-03-31 04:56:51,704,7.808282e+06,712820.0,15665.0,0.0,0.0,0.0,11901.0,1081.0,24.0,7.3486336e+07,9.416704e+08,2720.69,20.0,243836.0,5.0,243831.0,243831.0,2.0,0.0,0.0
2026-03-31 04:57:03,704,7.808282e+06,712820.0,15665.0,0.0,0.0,0.0,11901.0,1081.0,24.0,7.3486336e+07,9.416704e+08,2720.7000000000003,20.0,243836.0,5.0,243831.0,243831.0,2.0,0.0,0.0
2026-03-31 04:57:15,704,7.808282e+06,712820.0,15665.0,0.0,0.0,0.0,11901.0,1081.0,24.0,7.3486336e+07,9.416704e+08,2720.7200000000003,20.0,243836.0,5.0,243831.0,243831.0,2.0,0.0,0.0
2026-03-31 04:57:27,705,7.808282e+06,712820.0,15665.0,0.0,0.0,0.0,11901.0,1081.0,24.0,7.3486336e+07,9.416704e+08,2720.74,20.0,243836.0,5.0,243831.0,243831.0,2.0,0.0,0.0
2026-03-31 04:57:38,705,7.808282e+06,712820.0,15665.0,0.0,0.0,0.0,11901.0,1081.0,24.0,7.3486336e+07,9.416704e+08,2720.75,20.0,243836.0,5.0,243831.0,243831.0,2.0,0.0,0.0
2026-03-31 04:57:50,705,7.808282e+06,712820.0,15665.0,0.0,0.0,0.0,11901.0,1081.0,24.0,7.3486336e+07,9.416704e+08,2720.77,20.0,243836.0,5.0,243831.0,243831.0,2.0,0.0,0.0
2026-03-31 04:58:02,705,7.808282e+06,712820.0,15665.0,0.0,0.0,0.0,11901.0,1081.0,24.0,7.3486336e+07,9.416704e+08,2720.78,20.0,243836.0,5.0,243831.0,243831.0,2.0,0.0,0.0
2026-03-31 04:58:13,705,7.808282e+06,712820.0,15665.0,0.0,0.0,0.0,11901.0,1081.0,24.0,7.3486336e+07,9.416704e+08,2720.7999999999997,20.0,243836.0,5.0,243831.0,243831.0,2.0,0.0,0.0
2026-03-31 04:58:25,706,7.808282e+06,712820.0,15665.0,0.0,0.0,0.0,11901.0,1081.0,24.0,7.3486336e+07,9.416704e+08,2720.81,20.0,243836.0,5.0,243831.0,243831.0,2.0,0.0,0.0
2026-03-31 04:58:37,706,7.808282e+06,712820.0,15665.0,0.0,0.0,0.0,11901.0,1081.0,24.0,7.3486336e+07,9.416704e+08,2720.82,20.0,243836.0,5.0,243831.0,243831.0,2.0,0.0,0.0
2026-03-31 04:58:48,706,7.808282e+06,712820.0,15665.0,0.0,0.0,0.0,11901.0,1081.0,24.0,7.3486336e+07,9.416704e+08,2720.8500000000004,20.0,243836.0,5.0,243831.0,243831.0,2.0,0.0,0.0
2026-03-31 04:59:00,706,7.808282e+06,712820.0,15665.0,0.0,0.0,0.0,11901.0,1081.0,24.0,7.3486336e+07,9.416704e+08,2720.8599999999997,20.0,243836.0,5.0,243831.0,243831.0,2.0,0.0,0.0
2026-03-31 04:59:12,706,7.808282e+06,712820.0,15665.0,0.0,0.0,0.0,11901.0,1081.0,24.0,7.3486336e+07,9.416704e+08,2720.88,20.0,243836.0,5.0,243831.0,243831.0,2.0,0.0,0.0
2026-03-31 04:59:24,706,7.808282e+06,712820.0,15665.0,0.0,0.0,0.0,11901.0,1081.0,24.0,7.3486336e+07,9.416704e+08,2720.8900000000003,20.0,243836.0,5.0,243831.0,243831.0,2.0,0.0,0.0
2026-03-31 04:59:35,707,7.808282e+06,712820.0,15665.0,0.0,0.0,0.0,11901.0,1081.0,24.0,7.3486336e+07,9.416704e+08,2720.8999999999996,20.0,243836.0,5.0,243831.0,243831.0,2.0,0.0,0.0
2026-03-31 04:59:47,707,7.808282e+06,712820.0,15665.0,0.0,0.0,0.0,11901.0,1081.0,24.0,7.3486336e+07,9.416704e+08,2720.92,20.0,243836.0,5.0,243831.0,243831.0,2.0,0.0,0.0
2026-03-31 04:59:59,707,7.808282e+06,712820.0,15665.0,0.0,0.0,0.0,11901.0,1081.0,24.0,7.3486336e+07,9.416704e+08,2720.94,20.0,243836.0,5.0,243831.0,243831.0,2.0,0.0,0.0
2026-03-31 05:00:11,707,7.808282e+06,712820.0,15665.0,0.0,0.0,0.0,11901.0,1081.0,24.0,7.3486336e+07,9.416704e+08,2720.95,20.0,243836.0,5.0,243831.0,243831.0,2.0,0.0,0.0
2026-03-31 05:00:23,707,7.808282e+06,712820.0,15665.0,0.0,0.0,0.0,11901.0,1081.0,24.0,7.3486336e+07,9.416704e+08,2720.96,20.0,243836.0,5.0,243831.0,243831.0,2.0,0.0,0.0
2026-03-31 05:00:34,708,7.808282e+06,712820.0,15665.0,0.0,0.0,0.0,11901.0,1081.0,24.0,7.3486336e+07,9.416704e+08,2720.98,20.0,243836.0,5.0,243831.0,243831.0,2.0,0.0,0.0
2026-03-31 05:00:46,708,7.808282e+06,712820.0,15665.0,0.0,0.0,0.0,11901.0,1081.0,24.0,7.3486336e+07,9.416704e+08,2720.9900000000002,20.0,243836.0,5.0,243831.0,243831.0,2.0,0.0,0.0
2026-03-31 05:00:58,708,7.808282e+06,712820.0,15665.0,0.0,0.0,0.0,11901.0,1081.0,24.0,7.3486336e+07,9.416704e+08,2721.02,20.0,243836.0,5.0,243831.0,243831.0,2.0,0.0,0.0
2026-03-31 05:01:09,708,7.808282e+06,712820.0,15665.0,0.0,0.0,0.0,11901.0,1081.0,24.0,7.3617408e+07,9.416704e+08,2721.03,20.0,243836.0,5.0,243831.0,243831.0,2.0,0.0,0.0
2026-03-31 05:01:21,708,7.808282e+06,712820.0,15665.0,0.0,0.0,0.0,11901.0,1081.0,24.0,7.3617408e+07,9.416704e+08,2721.04,20.0,243836.0,5.0,243831.0,243831.0,2.0,0.0,0.0
2026-03-31 05:01:33,709,7.808282e+06,712820.0,15665.0,0.0,0.0,0.0,11901.0,1081.0,24.0,7.3617408e+07,9.416704e+08,2721.07,20.0,243836.0,5.0,243831.0,243831.0,2.0,0.0,0.0
2026-03-31 05:01:45,709,7.808282e+06,712820.0,15665.0,0.0,0.0,0.0,11901.0,1081.0,24.0,7.3617408e+07,9.416704e+08,2721.0800000000004,20.0,243836.0,5.0,243831.0,243831.0,2.0,0.0,0.0
2026-03-31 05:01:56,709,7.808282e+06,712820.0,15665.0,0.0,0.0,0.0,11901.0,1081.0,24.0,7.3617408e+07,9.416704e+08,2721.09,20.0,243836.0,5.0,243831.0,243831.0,2.0,0.0,0.0
2026-03-31 05:02:08,709,7.808282e+06,712820.0,15665.0,0.0,0.0,0.0,11901.0,1081.0,24.0,7.3617408e+07,9.416704e+08,2721.11,20.0,243836.0,5.0,243831.0,243831.0,2.0,0.0,0.0
2026-03-31 05:02:20,709,7.808282e+06,712820.0,15665.0,0.0,0.0,0.0,11901.0,1081.0,24.0,7.3617408e+07,9.416704e+08,2721.12,20.0,243836.0,5.0,243831.0,243831.0,2.0,0.0,0.0
2026-03-31 05:02:31,710,7.808282e+06,712820.0,15665.0,0.0,0.0,0.0,11901.0,1081.0,24.0,7.3617408e+07,9.416704e+08,2721.1400000000003,20.0,243836.0,5.0,243831.0,243831.0,2.0,0.0,0.0
2026-03-31 05:02:43,710,7.808282e+06,712820.0,15665.0,0.0,0.0,0.0,11901.0,1081.0,24.0,7.3617408e+07,9.416704e+08,2721.1600000000003,20.0,243836.0,5.0,243831.0,243831.0,2.0,0.0,0.0
2026-03-31 05:02:55,710,7.808282e+06,712820.0,15665.0,0.0,0.0,0.0,11901.0,1081.0,24.0,7.3617408e+07,9.416704e+08,2721.17,20.0,243836.0,5.0,243831.0,243831.0,2.0,0.0,0.0
2026-03-31 05:03:07,710,7.808282e+06,712820.0,15665.0,0.0,0.0,0.0,11901.0,1081.0,24.0,7.3617408e+07,9.416704e+08,2721.19,20.0,243836.0,5.0,243831.0,243831.0,2.0,0.0,0.0
2026-03-31 05:03:18,710,7.808282e+06,712820.0,15665.0,0.0,0.0,0.0,11901.0,1081.0,24.0,7.3617408e+07,9.416704e+08,2721.2000000000003,20.0,243836.0,5.0,243831.0,243831.0,2.0,0.0,0.0
2026-03-31 05:03:30,711,7.808282e+06,712820.0,15665.0,0.0,0.0,0.0,11901.0,1081.0,24.0,7.3617408e+07,9.416704e+08,2721.22,20.0,243836.0,5.0,243831.0,243831.0,2.0,0.0,0.0
2026-03-31 05:03:42,711,7.808282e+06,712820.0,15665.0,0.0,0.0,0.0,11901.0,1081.0,24.0,7.3617408e+07,9.416704e+08,2721.23,20.0,243836.0,5.0,243831.0,243831.0,2.0,0.0,0.0
2026-03-31 05:03:54,711,7.808282e+06,712820.0,15665.0,0.0,0.0,0.0,11901.0,1081.0,24.0,7.3617408e+07,9.416704e+08,2721.25,20.0,243836.0,5.0,243831.0,243831.0,2.0,0.0,0.0
2026-03-31 05:04:05,711,7.808282e+06,712820.0,15665.0,0.0,0.0,0.0,11901.0,1081.0,24.0,7.3617408e+07,9.416704e+08,2721.27,20.0,243836.0,5.0,243831.0,243831.0,2.0,0.0,0.0
2026-03-31 05:04:17,711,7.808282e+06,712820.0,15665.0,0.0,0.0,0.0,11901.0,1081.0,24.0,7.3617408e+07,9.416704e+08,2721.27,20.0,243836.0,5.0,243831.0,243831.0,2.0,0.0,0.0
2026-03-31 05:04:29,712,7.808282e+06,712820.0,15665.0,0.0,0.0,0.0,11901.0,1081.0,24.0,7.3617408e+07,9.416704e+08,2721.29,20.0,243836.0,5.0,243831.0,243831.0,2.0,0.0,0.0
2026-03-31 05:04:40,712,7.808282e+06,712820.0,15665.0,0.0,0.0,0.0,11901.0,1081.0,24.0,7.3617408e+07,9.416704e+08,2721.31,20.0,243836.0,5.0,243831.0,243831.0,2.0,0.0,0.0
2026-03-31 05:04:52,712,7.808282e+06,712820.0,15665.0,0.0,0.0,0.0,11901.0,1081.0,24.0,7.3617408e+07,9.416704e+08,2721.32,20.0,243836.0,5.0,243831.0,243831.0,2.0,0.0,0.0
2026-03-31 05:05:04,712,7.808282e+06,712820.0,15665.0,0.0,0.0,0.0,11901.0,1081.0,24.0,7.3617408e+07,9.416704e+08,2721.3399999999997,20.0,243836.0,5.0,243831.0,243831.0,2.0,0.0,0.0
2026-03-31 05:05:16,712,7.808282e+06,712820.0,15665.0,0.0,0.0,0.0,11901.0,1081.0,24.0,7.3617408e+07,9.416704e+08,2721.36,20.0,243836.0,5.0,243831.0,243831.0,2.0,0.0,0.0
2026-03-31 05:05:27,713,7.808282e+06,712820.0,15665.0,0.0,0.0,0.0,11901.0,1081.0,24.0,7.3617408e+07,9.416704e+08,2721.37,20.0,243836.0,5.0,243831.0,243831.0,2.0,0.0,0.0
2026-03-31 05:05:39,713,7.808282e+06,712820.0,15665.0,0.0,0.0,0.0,11901.0,1081.0,24.0,7.3617408e+07,9.416704e+08,2721.38,20.0,243836.0,5.0,243831.0,243831.0,2.0,0.0,0.0
2026-03-31 05:05:51,713,7.808282e+06,712820.0,15665.0,0.0,0.0,0.0,11901.0,1081.0,24.0,7.3617408e+07,9.416704e+08,2721.3999999999996,20.0,243836.0,5.0,243831.0,243831.0,2.0,0.0,0.0
2026-03-31 05:06:03,713,7.808282e+06,712820.0,15665.0,0.0,0.0,0.0,11901.0,1081.0,24.0,7.3617408e+07,9.416704e+08,2721.42,20.0,243836.0,5.0,243831.0,243831.0,2.0,0.0,0.0
2026-03-31 05:06:14,713,7.808282e+06,712820.0,15665.0,0.0,0.0,0.0,11901.0,1081.0,24.0,7.3617408e+07,9.416704e+08,2721.43,20.0,243836.0,5.0,243831.0,243831.0,2.0,0.0,0.0
2026-03-31 05:06:26,714,7.808282e+06,712820.0,15665.0,0.0,0.0,0.0,11901.0,1081.0,24.0,7.3617408e+07,9.416704e+08,2721.4500000000003,20.0,243836.0,5.0,243831.0,243831.0,2.0,0.0,0.0
2026-03-31 05:06:38,714,7.808282e+06,712820.0,15665.0,0.0,0.0,0.0,11901.0,1081.0,24.0,7.3617408e+07,9.416704e+08,2721.47,20.0,243836.0,5.0,243831.0,243831.0,2.0,0.0,0.0
2026-03-31 05:06:49,714,7.808282e+06,712820.0,15665.0,0.0,0.0,0.0,11901.0,1081.0,24.0,7.374848e+07,9.416704e+08,2721.48,20.0,243836.0,5.0,243831.0,243831.0,2.0,0.0,0.0
2026-03-31 05:07:01,714,7.808282e+06,712820.0,15665.0,0.0,0.0,0.0,11901.0,1081.0,24.0,7.374848e+07,9.416704e+08,2721.5,20.0,243836.0,5.0,243831.0,243831.0,2.0,0.0,0.0
2026-03-31 05:07:13,714,7.808282e+06,712820.0,15665.0,0.0,0.0,0.0,11901.0,1081.0,24.0,7.374848e+07,9.416704e+08,2721.51,20.0,243836.0,5.0,243831.0,243831.0,2.0,0.0,0.0
2026-03-31 05:07:25,715,7.808282e+06,712820.0,15665.0,0.0,0.0,0.0,11901.0,1081.0,24.0,7.374848e+07,9.416704e+08,2721.5299999999997,20.0,243836.0,5.0,243831.0,243831.0,2.0,0.0,0.0
2026-03-31 05:07:36,715,7.808282e+06,712820.0,15665.0,0.0,0.0,0.0,11901.0,1081.0,24.0,7.374848e+07,9.416704e+08,2721.54,20.0,243836.0,5.0,243831.0,243831.0,2.0,0.0,0.0
2026-03-31 05:07:48,715,7.808282e+06,712820.0,15665.0,0.0,0.0,0.0,11901.0,1081.0,24.0,7.374848e+07,9.416704e+08,2721.5499999999997,20.0,243836.0,5.0,243831.0,243831.0,2.0,0.0,0.0
2026-03-31 05:08:00,715,7.808282e+06,712820.0,15665.0,0.0,0.0,0.0,11901.0,1081.0,24.0,7.374848e+07,9.416704e+08,2721.57,20.0,243836.0,5.0,243831.0,243831.0,2.0,0.0,0.0
2026-03-31 05:08:11,715,7.808282e+06,712820.0,15665.0,0.0,0.0,0.0,11901.0,1081.0,24.0,7.374848e+07,9.416704e+08,2721.59,20.0,243836.0,5.0,243831.0,243831.0,2.0,0.0,0.0
2026-03-31 05:08:23,715,7.808282e+06,712820.0,15665.0,0.0,0.0,0.0,11901.0,1081.0,24.0,7.374848e+07,9.416704e+08,2721.6099999999997,20.0,243836.0,5.0,243831.0,243831.0,2.0,0.0,0.0
2026-03-31 05:08:35,716,7.808282e+06,712820.0,15665.0,0.0,0.0,0.0,11901.0,1081.0,24.0,7.374848e+07,9.416704e+08,2721.62,20.0,243836.0,5.0,243831.0,243831.0,2.0,0.0,0.0
2026-03-31 05:08:46,716,7.808282e+06,712820.0,15665.0,0.0,0.0,0.0,11901.0,1081.0,24.0,7.374848e+07,9.416704e+08,2721.63,20.0,243836.0,5.0,243831.0,243831.0,2.0,0.0,0.0
2026-03-31 05:08:58,716,7.808282e+06,712820.0,15665.0,0.0,0.0,0.0,11901.0,1081.0,24.0,7.374848e+07,9.416704e+08,2721.65,20.0,243836.0,5.0,243831.0,243831.0,2.0,0.0,0.0
2026-03-31 05:09:10,716,7.808282e+06,712820.0,15665.0,0.0,0.0,0.0,11901.0,1081.0,24.0,7.374848e+07,9.416704e+08,2721.66,20.0,243836.0,5.0,243831.0,243831.0,2.0,0.0,0.0
2026-03-31 05:09:22,716,7.808282e+06,712820.0,15665.0,0.0,0.0,0.0,11901.0,1081.0,24.0,7.374848e+07,9.416704e+08,2721.6800000000003,20.0,243836.0,5.0,243831.0,243831.0,2.0,0.0,0.0
2026-03-31 05:09:33,717,7.808282e+06,712820.0,15665.0,0.0,0.0,0.0,11901.0,1081.0,24.0,7.374848e+07,9.416704e+08,2721.7,20.0,243836.0,5.0,243831.0,243831.0,2.0,0.0,0.0
2026-03-31 05:09:45,717,7.808282e+06,712820.0,15665.0,0.0,0.0,0.0,11901.0,1081.0,24.0,7.374848e+07,9.416704e+08,2721.71,20.0,243836.0,5.0,243831.0,243831.0,2.0,0.0,0.0
2026-03-31 05:09:57,717,7.808282e+06,712820.0,15665.0,0.0,0.0,0.0,11901.0,1081.0,24.0,7.374848e+07,9.416704e+08,2721.73,20.0,243836.0,5.0,243831.0,243831.0,2.0,0.0,0.0
2026-03-31 05:10:09,717,7.808282e+06,712820.0,15665.0,0.0,0.0,0.0,11901.0,1081.0,24.0,7.374848e+07,9.416704e+08,2721.75,20.0,243836.0,5.0,243831.0,243831.0,2.0,0.0,0.0
2026-03-31 05:10:21,717,7.808282e+06,712820.0,15665.0,0.0,0.0,0.0,11901.0,1081.0,24.0,7.374848e+07,9.416704e+08,2721.75,20.0,243836.0,5.0,243831.0,243831.0,2.0,0.0,0.0
2026-03-31 05:10:32,718,7.808282e+06,712820.0,15665.0,0.0,0.0,0.0,11901.0,1081.0,24.0,7.374848e+07,9.416704e+08,2721.78,20.0,243836.0,5.0,243831.0,243831.0,2.0,0.0,0.0
2026-03-31 05:10:44,718,7.808282e+06,712820.0,15665.0,0.0,0.0,0.0,11901.0,1081.0,24.0,7.374848e+07,9.416704e+08,2721.78,20.0,243836.0,5.0,243831.0,243831.0,2.0,0.0,0.0
2026-03-31 05:10:56,718,7.808282e+06,712820.0,15665.0,0.0,0.0,0.0,11901.0,1081.0,24.0,7.374848e+07,9.416704e+08,2721.81,20.0,243836.0,5.0,243831.0,243831.0,2.0,0.0,0.0
2026-03-31 05:11:08,718,7.808282e+06,712820.0,15665.0,0.0,0.0,0.0,11901.0,1081.0,24.0,7.374848e+07,9.416704e+08,2721.82,20.0,243836.0,5.0,243831.0,243831.0,2.0,0.0,0.0
2026-03-31 05:11:19,718,7.808282e+06,712820.0,15665.0,0.0,0.0,0.0,11901.0,1081.0,24.0,7.374848e+07,9.416704e+08,2721.84,20.0,243836.0,5.0,243831.0,243831.0,2.0,0.0,0.0
2026-03-31 05:11:31,719,7.808282e+06,712820.0,15665.0,0.0,0.0,0.0,11901.0,1081.0,24.0,7.374848e+07,9.416704e+08,2721.8500000000004,20.0,243836.0,5.0,243831.0,243831.0,2.0,0.0,0.0
2026-03-31 05:11:43,719,7.808282e+06,712820.0,15665.0,0.0,0.0,0.0,11901.0,1081.0,24.0,7.374848e+07,9.416704e+08,2721.86,20.0,243836.0,5.0,243831.0,243831.0,2.0,0.0,0.0
2026-03-31 05:11:55,719,7.808282e+06,712820.0,15665.0,0.0,0.0,0.0,11901.0,1081.0,24.0,7.374848e+07,9.416704e+08,2721.88,20.0,243836.0,5.0,243831.0,243831.0,2.0,0.0,0.0
2026-03-31 05:12:07,719,7.808282e+06,712820.0,15665.0,0.0,0.0,0.0,11901.0,1081.0,24.0,7.374848e+07,9.416704e+08,2721.89,20.0,243836.0,5.0,243831.0,243831.0,2.0,0.0,0.0
2026-03-31 05:12:18,719,7.808282e+06,712820.0,15665.0,0.0,0.0,0.0,11901.0,1081.0,24.0,7.374848e+07,9.416704e+08,2721.9100000000003,20.0,243836.0,5.0,243831.0,243831.0,2.0,0.0,0.0
2026-03-31 05:12:30,720,7.808282e+06,712820.0,15665.0,0.0,0.0,0.0,11901.0,1081.0,24.0,7.374848e+07,9.416704e+08,2721.92,20.0,243836.0,5.0,243831.0,243831.0,2.0,0.0,0.0
