timestamp,elapsed_min,cpu_perc,mem_usage_mb,mem_limit_mb,mem_perc,net_io,block_io
2026-03-30 17:12:25,0,1.04,92.34MB,34068.5,0.28,48.87kB / 39.84kB,0B / 0B
2026-03-30 17:12:37,0,5.74,127.9MB,34068.5,0.38,5.422MB / 245.6kB,0B / 0B
2026-03-30 17:12:49,0,13.09,127.8MB,34068.5,0.38,15.85MB / 645.3kB,0B / 0B
2026-03-30 17:13:01,0,18.57,128.8MB,34068.5,0.39,26.37MB / 1.049MB,0B / 0B
2026-03-30 17:13:12,0,22.94,127.5MB,34068.5,0.38,36.8MB / 1.448MB,0B / 0B
2026-03-30 17:13:24,0,26.99,127.4MB,34068.5,0.38,47.22MB / 1.845MB,0B / 0B
2026-03-30 17:13:36,1,30.68,128.5MB,34068.5,0.39,57.75MB / 2.248MB,0B / 0B
2026-03-30 17:13:48,1,33.99,128.8MB,34068.5,0.39,68.17MB / 2.646MB,0B / 0B
2026-03-30 17:13:59,1,36.67,128.2MB,34068.5,0.39,78.81MB / 3.052MB,0B / 0B
2026-03-30 17:14:11,1,39.25,128.6MB,34068.5,0.39,89.45MB / 3.461MB,0B / 0B
2026-03-30 17:14:24,1,41.42,128.8MB,34068.5,0.39,100.2MB / 3.875MB,0B / 0B
2026-03-30 17:14:36,2,43.22,128.3MB,34068.5,0.39,110.8MB / 4.278MB,0B / 0B
2026-03-30 17:14:48,2,44.92,129.3MB,34068.5,0.39,121.3MB / 4.684MB,0B / 0B
2026-03-30 17:15:00,2,46.04,129MB,34068.5,0.39,132.1MB / 5.091MB,0B / 0B
2026-03-30 17:15:12,2,47.39,128.6MB,34068.5,0.39,142.6MB / 5.496MB,0B / 0B
2026-03-30 17:15:24,2,48.35,128.6MB,34068.5,0.39,153.1MB / 5.899MB,0B / 0B
2026-03-30 17:15:37,3,49.27,129.3MB,34068.5,0.39,163.7MB / 6.302MB,0B / 0B
2026-03-30 17:15:49,3,50.15,128.8MB,34068.5,0.39,174.3MB / 6.71MB,0B / 0B
2026-03-30 17:16:01,3,51.05,128.1MB,34068.5,0.38,184.8MB / 7.114MB,0B / 0B
2026-03-30 17:16:13,3,51.76,129.1MB,34068.5,0.39,195.4MB / 7.52MB,0B / 0B
2026-03-30 17:16:25,4,52.17,128.7MB,34068.5,0.39,206MB / 7.925MB,0B / 0B
2026-03-30 17:16:38,4,52.70,129.9MB,34068.5,0.39,216.4MB / 8.323MB,0B / 0B
2026-03-30 17:16:50,4,53.20,128.4MB,34068.5,0.39,226.9MB / 8.722MB,0B / 0B
2026-03-30 17:17:02,4,53.65,129MB,34068.5,0.39,237.4MB / 9.127MB,0B / 0B
2026-03-30 17:17:14,4,54.21,129.8MB,34068.5,0.39,247.9MB / 9.529MB,0B / 0B
2026-03-30 17:17:26,5,54.60,129.2MB,34068.5,0.39,258.5MB / 9.936MB,0B / 0B
2026-03-30 17:17:38,5,54.98,129.2MB,34068.5,0.39,269.1MB / 10.34MB,0B / 0B
2026-03-30 17:17:51,5,55.60,129.9MB,34068.5,0.39,279.6MB / 10.74MB,0B / 0B
2026-03-30 17:18:03,5,56.32,130.8MB,34068.5,0.39,290.1MB / 11.14MB,0B / 0B
2026-03-30 17:18:15,5,56.77,129.3MB,34068.5,0.39,300.7MB / 11.55MB,0B / 0B
2026-03-30 17:18:28,6,57.23,130MB,34068.5,0.39,311.2MB / 11.95MB,0B / 0B
2026-03-30 17:18:40,6,57.57,129.4MB,34068.5,0.39,321.7MB / 12.35MB,0B / 0B
2026-03-30 17:18:52,6,58.11,130.3MB,34068.5,0.39,332.2MB / 12.76MB,0B / 0B
2026-03-30 17:19:04,6,58.45,130.8MB,34068.5,0.39,342.9MB / 13.16MB,0B / 0B
2026-03-30 17:19:16,6,58.80,130.2MB,34068.5,0.39,353.3MB / 13.56MB,0B / 0B
2026-03-30 17:19:28,7,59.03,131.2MB,34068.5,0.39,363.7MB / 13.96MB,0B / 0B
2026-03-30 17:19:41,7,59.22,130.3MB,34068.5,0.39,374MB / 14.36MB,0B / 0B
2026-03-30 17:19:53,7,59.52,130.2MB,34068.5,0.39,384.7MB / 14.76MB,0B / 0B
2026-03-30 17:20:05,7,59.78,130MB,34068.5,0.39,395.2MB / 15.16MB,0B / 0B
2026-03-30 17:20:17,7,60.09,130.6MB,34068.5,0.39,405.7MB / 15.57MB,0B / 0B
2026-03-30 17:20:29,8,60.57,99.61MB,34068.5,0.30,416.4MB / 15.98MB,0B / 0B
2026-03-30 17:20:42,8,60.95,100.8MB,34068.5,0.30,427.2MB / 16.39MB,0B / 0B
2026-03-30 17:20:54,8,61.23,100.1MB,34068.5,0.30,437.9MB / 16.8MB,0B / 0B
2026-03-30 17:21:07,8,61.40,100.4MB,34068.5,0.30,448.3MB / 17.2MB,0B / 0B
2026-03-30 17:21:19,8,61.56,101.1MB,34068.5,0.30,458.8MB / 17.6MB,0B / 0B
2026-03-30 17:21:31,9,61.72,100.8MB,34068.5,0.30,469.4MB / 18.01MB,0B / 0B
2026-03-30 17:21:43,9,61.84,100.3MB,34068.5,0.30,480MB / 18.41MB,0B / 0B
2026-03-30 17:21:55,9,61.99,100.2MB,34068.5,0.30,490.5MB / 18.82MB,0B / 0B
2026-03-30 17:22:07,9,62.11,101.4MB,34068.5,0.30,500.8MB / 19.21MB,0B / 0B
2026-03-30 17:22:19,9,62.17,100.5MB,34068.5,0.30,511.5MB / 19.62MB,0B / 0B
2026-03-30 17:22:32,10,62.27,101.1MB,34068.5,0.30,522.2MB / 20.03MB,0B / 0B
2026-03-30 17:22:44,10,62.46,101.6MB,34068.5,0.31,532.8MB / 20.43MB,0B / 0B
2026-03-30 17:22:56,10,62.53,100.8MB,34068.5,0.30,543.5MB / 20.84MB,0B / 0B
2026-03-30 17:23:08,10,62.56,100.7MB,34068.5,0.30,554.2MB / 21.25MB,0B / 0B
2026-03-30 17:23:21,10,62.63,101.4MB,34068.5,0.30,564.8MB / 21.66MB,0B / 0B
2026-03-30 17:23:33,11,62.69,101.1MB,34068.5,0.30,575.5MB / 22.07MB,0B / 0B
2026-03-30 17:23:45,11,62.78,101.2MB,34068.5,0.30,586.1MB / 22.47MB,0B / 0B
2026-03-30 17:23:58,11,62.85,101MB,34068.5,0.30,596.7MB / 22.88MB,0B / 0B
2026-03-30 17:24:10,11,62.88,100.9MB,34068.5,0.30,607.3MB / 23.28MB,0B / 0B
2026-03-30 17:24:22,11,62.93,101.3MB,34068.5,0.30,617.7MB / 23.68MB,0B / 0B
2026-03-30 17:24:34,12,63.01,101.3MB,34068.5,0.30,628.1MB / 24.08MB,0B / 0B
2026-03-30 17:24:46,12,63.04,101MB,34068.5,0.30,638.6MB / 24.49MB,0B / 0B
2026-03-30 17:24:58,12,63.22,101.3MB,34068.5,0.30,649.3MB / 24.89MB,0B / 0B
2026-03-30 17:25:10,12,63.26,100.7MB,34068.5,0.30,659.7MB / 25.29MB,0B / 0B
2026-03-30 17:25:22,12,63.29,101.5MB,34068.5,0.30,670.2MB / 25.7MB,0B / 0B
2026-03-30 17:25:35,13,63.36,101.7MB,34068.5,0.31,680.9MB / 26.1MB,0B / 0B
2026-03-30 17:25:47,13,63.43,101.6MB,34068.5,0.31,691.2MB / 26.5MB,0B / 0B
2026-03-30 17:25:59,13,63.44,101.5MB,34068.5,0.31,701.7MB / 26.91MB,0B / 0B
2026-03-30 17:26:11,13,63.55,102.4MB,34068.5,0.31,712.4MB / 27.31MB,0B / 0B
2026-03-30 17:26:23,13,63.64,101.1MB,34068.5,0.30,722.9MB / 27.72MB,0B / 0B
2026-03-30 17:26:35,14,63.75,101.6MB,34068.5,0.31,733.5MB / 28.12MB,0B / 0B
2026-03-30 17:26:47,14,63.79,101.7MB,34068.5,0.31,744.2MB / 28.53MB,0B / 0B
2026-03-30 17:26:59,14,63.82,101.6MB,34068.5,0.31,754.6MB / 28.93MB,0B / 0B
2026-03-30 17:27:12,14,63.85,101.6MB,34068.5,0.31,765.1MB / 29.33MB,0B / 0B
2026-03-30 17:27:24,14,63.89,101.2MB,34068.5,0.30,775.6MB / 29.73MB,0B / 0B
2026-03-30 17:27:36,15,63.90,102MB,34068.5,0.31,786.3MB / 30.14MB,0B / 0B
2026-03-30 17:27:48,15,63.96,102.7MB,34068.5,0.31,796.9MB / 30.55MB,0B / 0B
2026-03-30 17:28:00,15,64.02,102.2MB,34068.5,0.31,807.4MB / 30.95MB,0B / 0B
2026-03-30 17:28:13,15,64.09,101.6MB,34068.5,0.31,817.8MB / 31.35MB,0B / 0B
2026-03-30 17:28:25,16,64.11,103MB,34068.5,0.31,828.2MB / 31.74MB,0B / 0B
2026-03-30 17:28:37,16,64.12,102.3MB,34068.5,0.31,838.7MB / 32.15MB,0B / 0B
2026-03-30 17:28:49,16,64.13,102.6MB,34068.5,0.31,849.1MB / 32.55MB,0B / 0B
2026-03-30 17:29:01,16,64.21,102.1MB,34068.5,0.31,859.9MB / 32.96MB,0B / 0B
2026-03-30 17:29:13,16,64.24,102.8MB,34068.5,0.31,870.3MB / 33.36MB,0B / 0B
2026-03-30 17:29:25,17,64.26,103.5MB,34068.5,0.31,880.7MB / 33.76MB,0B / 0B
2026-03-30 17:29:37,17,64.34,102.3MB,34068.5,0.31,891.2MB / 34.16MB,0B / 0B
2026-03-30 17:29:49,17,64.39,102.7MB,34068.5,0.31,901.8MB / 34.56MB,0B / 0B
2026-03-30 17:30:01,17,64.42,102.4MB,34068.5,0.31,912.3MB / 34.97MB,0B / 0B
2026-03-30 17:30:14,17,64.45,102.5MB,34068.5,0.31,922.7MB / 35.37MB,0B / 0B
2026-03-30 17:30:26,18,64.45,102.4MB,34068.5,0.31,933.3MB / 35.77MB,0B / 0B
2026-03-30 17:30:38,18,64.46,102.2MB,34068.5,0.31,943.7MB / 36.17MB,0B / 0B
2026-03-30 17:30:50,18,64.53,102.5MB,34068.5,0.31,954.3MB / 36.58MB,0B / 0B
2026-03-30 17:31:02,18,64.58,102.7MB,34068.5,0.31,964.8MB / 36.98MB,0B / 0B
2026-03-30 17:31:14,18,64.61,103.1MB,34068.5,0.31,975.3MB / 37.38MB,0B / 0B
2026-03-30 17:31:26,19,64.64,102.7MB,34068.5,0.31,985.8MB / 37.78MB,0B / 0B
2026-03-30 17:31:38,19,64.68,102.5MB,34068.5,0.31,996.3MB / 38.19MB,0B / 0B
2026-03-30 17:31:50,19,64.66,102.5MB,34068.5,0.31,1.007GB / 38.59MB,0B / 0B
2026-03-30 17:32:03,19,64.71,102.5MB,34068.5,0.31,1.017GB / 38.99MB,0B / 0B
2026-03-30 17:32:15,19,64.74,103.3MB,34068.5,0.31,1.028GB / 39.4MB,0B / 0B
2026-03-30 17:32:27,20,64.78,102.9MB,34068.5,0.31,1.039GB / 39.8MB,0B / 0B
2026-03-30 17:32:39,20,64.82,102.5MB,34068.5,0.31,1.049GB / 40.21MB,0B / 0B
2026-03-30 17:32:51,20,64.84,103.2MB,34068.5,0.31,1.06GB / 40.61MB,0B / 0B
2026-03-30 17:33:03,20,64.84,103.6MB,34068.5,0.31,1.07GB / 41.02MB,0B / 0B
2026-03-30 17:33:16,20,64.89,103.9MB,34068.5,0.31,1.081GB / 41.42MB,0B / 0B
2026-03-30 17:33:28,21,64.89,103.3MB,34068.5,0.31,1.091GB / 41.82MB,0B / 0B
2026-03-30 17:33:40,21,64.93,102.2MB,34068.5,0.31,1.102GB / 42.23MB,0B / 0B
2026-03-30 17:33:52,21,64.96,103.4MB,34068.5,0.31,1.112GB / 42.63MB,0B / 0B
2026-03-30 17:34:04,21,64.99,102.8MB,34068.5,0.31,1.123GB / 43.04MB,0B / 0B
2026-03-30 17:34:16,21,65.01,102.9MB,34068.5,0.31,1.134GB / 43.44MB,0B / 0B
2026-03-30 17:34:29,22,65.06,104MB,34068.5,0.31,1.144GB / 43.85MB,0B / 0B
2026-03-30 17:34:41,22,65.10,102.6MB,34068.5,0.31,1.155GB / 44.25MB,0B / 0B
2026-03-30 17:34:53,22,65.15,103.6MB,34068.5,0.31,1.165GB / 44.65MB,0B / 0B
2026-03-30 17:35:05,22,65.17,104MB,34068.5,0.31,1.176GB / 45.05MB,0B / 0B
2026-03-30 17:35:17,22,65.16,103.3MB,34068.5,0.31,1.186GB / 45.45MB,0B / 0B
2026-03-30 17:35:29,23,65.19,104.3MB,34068.5,0.31,1.196GB / 45.85MB,0B / 0B
2026-03-30 17:35:41,23,65.21,103.4MB,34068.5,0.31,1.207GB / 46.26MB,0B / 0B
2026-03-30 17:35:54,23,65.22,104.1MB,34068.5,0.31,1.218GB / 46.66MB,0B / 0B
2026-03-30 17:36:06,23,65.24,102.9MB,34068.5,0.31,1.228GB / 47.07MB,0B / 0B
2026-03-30 17:36:18,23,65.29,103.3MB,34068.5,0.31,1.239GB / 47.47MB,0B / 0B
2026-03-30 17:36:30,24,65.30,104.2MB,34068.5,0.31,1.249GB / 47.88MB,0B / 0B
2026-03-30 17:36:42,24,65.32,103.8MB,34068.5,0.31,1.26GB / 48.28MB,0B / 0B
2026-03-30 17:36:54,24,65.32,103.9MB,34068.5,0.31,1.27GB / 48.69MB,0B / 0B
2026-03-30 17:37:06,24,65.32,104.1MB,34068.5,0.31,1.281GB / 49.09MB,0B / 0B
2026-03-30 17:37:18,24,65.35,104.7MB,34068.5,0.31,1.291GB / 49.49MB,0B / 0B
2026-03-30 17:37:30,25,65.37,103.5MB,34068.5,0.31,1.302GB / 49.9MB,0B / 0B
2026-03-30 17:37:42,25,65.39,103.7MB,34068.5,0.31,1.312GB / 50.3MB,0B / 0B
2026-03-30 17:37:55,25,65.42,104.3MB,34068.5,0.31,1.323GB / 50.7MB,0B / 0B
2026-03-30 17:38:07,25,65.45,103.6MB,34068.5,0.31,1.334GB / 51.11MB,0B / 0B
2026-03-30 17:38:19,25,65.49,104MB,34068.5,0.31,1.344GB / 51.52MB,0B / 0B
2026-03-30 17:38:31,26,65.48,103.7MB,34068.5,0.31,1.355GB / 51.92MB,0B / 0B
2026-03-30 17:38:43,26,65.50,104.2MB,34068.5,0.31,1.366GB / 52.33MB,0B / 0B
2026-03-30 17:38:56,26,65.48,104.4MB,34068.5,0.31,1.376GB / 52.73MB,0B / 0B
2026-03-30 17:39:07,26,65.50,104.9MB,34068.5,0.32,1.386GB / 53.13MB,0B / 0B
2026-03-30 17:39:20,26,65.53,104.2MB,34068.5,0.31,1.397GB / 53.54MB,0B / 0B
2026-03-30 17:39:32,27,65.59,104.2MB,34068.5,0.31,1.408GB / 53.94MB,0B / 0B
2026-03-30 17:39:44,27,65.60,104.3MB,34068.5,0.31,1.418GB / 54.35MB,0B / 0B
2026-03-30 17:39:57,27,65.59,104.6MB,34068.5,0.31,1.429GB / 54.75MB,0B / 0B
2026-03-30 17:40:09,27,65.61,103.7MB,34068.5,0.31,1.439GB / 55.15MB,0B / 0B
2026-03-30 17:40:21,27,65.65,103.7MB,34068.5,0.31,1.45GB / 55.56MB,0B / 0B
2026-03-30 17:40:33,28,65.64,104.9MB,34068.5,0.32,1.46GB / 55.97MB,0B / 0B
2026-03-30 17:40:45,28,65.66,104.3MB,34068.5,0.31,1.471GB / 56.37MB,0B / 0B
2026-03-30 17:40:57,28,65.68,104.7MB,34068.5,0.31,1.482GB / 56.78MB,0B / 0B
2026-03-30 17:41:09,28,65.72,104.2MB,34068.5,0.31,1.492GB / 57.19MB,0B / 0B
2026-03-30 17:41:22,28,65.74,104.2MB,34068.5,0.31,1.503GB / 57.6MB,0B / 0B
2026-03-30 17:41:34,29,65.76,104.4MB,34068.5,0.31,1.514GB / 58MB,0B / 0B
2026-03-30 17:41:46,29,65.74,104.9MB,34068.5,0.32,1.524GB / 58.4MB,0B / 0B
2026-03-30 17:41:58,29,65.75,104.7MB,34068.5,0.31,1.534GB / 58.81MB,0B / 0B
2026-03-30 17:42:10,29,65.76,104.7MB,34068.5,0.31,1.545GB / 59.21MB,0B / 0B
2026-03-30 17:42:23,29,65.80,104.9MB,34068.5,0.32,1.556GB / 59.62MB,0B / 0B
2026-03-30 17:42:35,30,65.62,104.4MB,34068.5,0.31,1.562GB / 59.85MB,0B / 0B
2026-03-30 17:42:47,30,65.48,104.8MB,34068.5,0.31,1.568GB / 60.1MB,0B / 0B
2026-03-30 17:42:59,30,65.49,104.6MB,34068.5,0.31,1.579GB / 60.51MB,0B / 0B
2026-03-30 17:43:11,30,65.52,105.4MB,34068.5,0.32,1.589GB / 60.91MB,0B / 0B
2026-03-30 17:43:24,30,65.50,105.2MB,34068.5,0.32,1.6GB / 61.31MB,0B / 0B
2026-03-30 17:43:36,31,65.52,105.2MB,34068.5,0.32,1.61GB / 61.72MB,0B / 0B
2026-03-30 17:43:48,31,65.55,105.4MB,34068.5,0.32,1.621GB / 62.13MB,0B / 0B
2026-03-30 17:44:00,31,65.56,105.1MB,34068.5,0.32,1.632GB / 62.53MB,0B / 0B
2026-03-30 17:44:12,31,65.57,105.2MB,34068.5,0.32,1.642GB / 62.93MB,0B / 0B
2026-03-30 17:44:24,31,65.59,105.3MB,34068.5,0.32,1.653GB / 63.33MB,0B / 0B
2026-03-30 17:44:37,32,65.61,104.6MB,34068.5,0.31,1.663GB / 63.74MB,0B / 0B
2026-03-30 17:44:49,32,65.62,104.8MB,34068.5,0.32,1.674GB / 64.14MB,0B / 0B
2026-03-30 17:45:01,32,65.63,104.4MB,34068.5,0.31,1.684GB / 64.54MB,0B / 0B
2026-03-30 17:45:13,32,65.66,105MB,34068.5,0.32,1.695GB / 64.95MB,0B / 0B
2026-03-30 17:45:25,33,65.68,105.3MB,34068.5,0.32,1.705GB / 65.35MB,0B / 0B
2026-03-30 17:45:37,33,65.68,106.1MB,34068.5,0.32,1.716GB / 65.76MB,0B / 0B
2026-03-30 17:45:49,33,65.68,106.5MB,34068.5,0.32,1.726GB / 66.16MB,0B / 0B
2026-03-30 17:46:02,33,65.71,105.4MB,34068.5,0.32,1.737GB / 66.57MB,0B / 0B
2026-03-30 17:46:14,33,65.71,105.7MB,34068.5,0.32,1.748GB / 66.98MB,0B / 0B
2026-03-30 17:46:26,34,65.75,105.8MB,34068.5,0.32,1.758GB / 67.38MB,0B / 0B
2026-03-30 17:46:38,34,65.78,105.8MB,34068.5,0.32,1.769GB / 67.79MB,0B / 0B
2026-03-30 17:46:50,34,65.78,105.5MB,34068.5,0.32,1.779GB / 68.19MB,0B / 0B
2026-03-30 17:47:02,34,65.78,105.8MB,34068.5,0.32,1.79GB / 68.59MB,0B / 0B
2026-03-30 17:47:14,34,65.81,105.7MB,34068.5,0.32,1.8GB / 69MB,0B / 0B
2026-03-30 17:47:27,35,65.82,105.5MB,34068.5,0.32,1.811GB / 69.4MB,0B / 0B
2026-03-30 17:47:39,35,65.83,106.2MB,34068.5,0.32,1.821GB / 69.81MB,0B / 0B
2026-03-30 17:47:51,35,65.84,105.6MB,34068.5,0.32,1.832GB / 70.21MB,0B / 0B
2026-03-30 17:48:03,35,65.85,105.3MB,34068.5,0.32,1.842GB / 70.61MB,0B / 0B
2026-03-30 17:48:15,35,65.87,106.4MB,34068.5,0.32,1.853GB / 71.01MB,0B / 0B
2026-03-30 17:48:27,36,65.88,106.6MB,34068.5,0.32,1.863GB / 71.41MB,0B / 0B
2026-03-30 17:48:39,36,65.88,106.1MB,34068.5,0.32,1.874GB / 71.82MB,0B / 0B
2026-03-30 17:48:51,36,65.90,106.2MB,34068.5,0.32,1.884GB / 72.22MB,0B / 0B
2026-03-30 17:49:03,36,65.89,106.6MB,34068.5,0.32,1.895GB / 72.63MB,0B / 0B
2026-03-30 17:49:15,36,65.91,106.1MB,34068.5,0.32,1.905GB / 73.03MB,0B / 0B
2026-03-30 17:49:27,37,65.91,106.5MB,34068.5,0.32,1.916GB / 73.43MB,0B / 0B
2026-03-30 17:49:39,37,65.91,106.3MB,34068.5,0.32,1.926GB / 73.83MB,0B / 0B
2026-03-30 17:49:52,37,65.91,106.7MB,34068.5,0.32,1.937GB / 74.23MB,0B / 0B
2026-03-30 17:50:04,37,65.91,106.6MB,34068.5,0.32,1.947GB / 74.63MB,0B / 0B
2026-03-30 17:50:16,37,65.89,107MB,34068.5,0.32,1.958GB / 75.03MB,0B / 0B
2026-03-30 17:50:28,38,65.93,106.8MB,34068.5,0.32,1.968GB / 75.43MB,0B / 0B
2026-03-30 17:50:40,38,65.98,106.6MB,34068.5,0.32,1.979GB / 75.84MB,0B / 0B
2026-03-30 17:50:52,38,65.99,107.2MB,34068.5,0.32,1.989GB / 76.24MB,0B / 0B
2026-03-30 17:51:04,38,65.99,107.2MB,34068.5,0.32,2GB / 76.65MB,0B / 0B
2026-03-30 17:51:16,38,66.00,106.8MB,34068.5,0.32,2.01GB / 77.04MB,0B / 0B
2026-03-30 17:51:28,39,66.03,105.8MB,34068.5,0.32,2.021GB / 77.45MB,0B / 0B
2026-03-30 17:51:40,39,66.04,107MB,34068.5,0.32,2.031GB / 77.85MB,0B / 0B
2026-03-30 17:51:52,39,66.04,106.6MB,34068.5,0.32,2.042GB / 78.26MB,0B / 0B
2026-03-30 17:52:05,39,66.06,107.2MB,34068.5,0.32,2.052GB / 78.66MB,0B / 0B
2026-03-30 17:52:17,39,66.08,107.4MB,34068.5,0.32,2.063GB / 79.06MB,0B / 0B
2026-03-30 17:52:29,40,66.08,106.8MB,34068.5,0.32,2.073GB / 79.47MB,0B / 0B
2026-03-30 17:52:41,40,66.09,107MB,34068.5,0.32,2.084GB / 79.88MB,0B / 0B
2026-03-30 17:52:53,40,66.11,106.4MB,34068.5,0.32,2.095GB / 80.29MB,0B / 0B
2026-03-30 17:53:06,40,66.10,106.9MB,34068.5,0.32,2.105GB / 80.69MB,0B / 0B
2026-03-30 17:53:18,40,66.13,107MB,34068.5,0.32,2.116GB / 81.1MB,0B / 0B
2026-03-30 17:53:30,41,66.17,106.9MB,34068.5,0.32,2.126GB / 81.5MB,0B / 0B
2026-03-30 17:53:42,41,66.17,106.9MB,34068.5,0.32,2.137GB / 81.91MB,0B / 0B
2026-03-30 17:53:54,41,66.19,107.4MB,34068.5,0.32,2.148GB / 82.31MB,0B / 0B
2026-03-30 17:54:07,41,66.19,107.2MB,34068.5,0.32,2.158GB / 82.72MB,0B / 0B
2026-03-30 17:54:19,41,66.21,107.5MB,34068.5,0.32,2.169GB / 83.12MB,0B / 0B
2026-03-30 17:54:31,42,66.21,108.2MB,34068.5,0.33,2.179GB / 83.53MB,0B / 0B
2026-03-30 17:54:43,42,66.22,107.6MB,34068.5,0.32,2.19GB / 83.93MB,0B / 0B
2026-03-30 17:54:55,42,66.22,107.5MB,34068.5,0.32,2.2GB / 84.33MB,0B / 0B
2026-03-30 17:55:07,42,66.22,107.3MB,34068.5,0.32,2.211GB / 84.73MB,0B / 0B
2026-03-30 17:55:19,42,66.21,106.7MB,34068.5,0.32,2.221GB / 85.14MB,0B / 0B
2026-03-30 17:55:32,43,66.23,108MB,34068.5,0.32,2.232GB / 85.53MB,0B / 0B
2026-03-30 17:55:44,43,66.25,107.2MB,34068.5,0.32,2.242GB / 85.94MB,0B / 0B
2026-03-30 17:55:56,43,66.25,108.5MB,34068.5,0.33,2.253GB / 86.34MB,0B / 0B
2026-03-30 17:56:08,43,66.24,107.5MB,34068.5,0.32,2.263GB / 86.74MB,0B / 0B
2026-03-30 17:56:20,43,66.25,107.5MB,34068.5,0.32,2.274GB / 87.14MB,0B / 0B
2026-03-30 17:56:32,44,66.28,107.5MB,34068.5,0.32,2.284GB / 87.55MB,0B / 0B
2026-03-30 17:56:44,44,66.30,107.7MB,34068.5,0.32,2.295GB / 87.96MB,0B / 0B
2026-03-30 17:56:56,44,66.31,107.5MB,34068.5,0.32,2.305GB / 88.36MB,0B / 0B
2026-03-30 17:57:08,44,66.29,107.9MB,34068.5,0.32,2.316GB / 88.76MB,0B / 0B
2026-03-30 17:57:20,44,66.29,108.2MB,34068.5,0.33,2.326GB / 89.16MB,0B / 0B
2026-03-30 17:57:33,45,66.31,107.7MB,34068.5,0.32,2.337GB / 89.57MB,0B / 0B
2026-03-30 17:57:45,45,66.32,108.4MB,34068.5,0.33,2.347GB / 89.97MB,0B / 0B
2026-03-30 17:57:57,45,66.32,107.7MB,34068.5,0.32,2.358GB / 90.38MB,0B / 0B
2026-03-30 17:58:09,45,66.31,108.1MB,34068.5,0.32,2.369GB / 90.78MB,0B / 0B
2026-03-30 17:58:21,45,66.30,108.5MB,34068.5,0.33,2.379GB / 91.19MB,0B / 0B
2026-03-30 17:58:33,46,66.31,107.8MB,34068.5,0.32,2.39GB / 91.59MB,0B / 0B
2026-03-30 17:58:45,46,66.33,107.6MB,34068.5,0.32,2.4GB / 92MB,0B / 0B
2026-03-30 17:58:58,46,66.34,109MB,34068.5,0.33,2.411GB / 92.41MB,0B / 0B
2026-03-30 17:59:10,46,66.32,108.8MB,34068.5,0.33,2.421GB / 92.81MB,0B / 0B
2026-03-30 17:59:22,46,66.33,108.3MB,34068.5,0.33,2.432GB / 93.2MB,0B / 0B
2026-03-30 17:59:34,47,66.35,108.8MB,34068.5,0.33,2.442GB / 93.61MB,0B / 0B
2026-03-30 17:59:46,47,66.36,108.9MB,34068.5,0.33,2.453GB / 94.02MB,0B / 0B
2026-03-30 17:59:58,47,66.38,108.6MB,34068.5,0.33,2.463GB / 94.42MB,0B / 0B
2026-03-30 18:00:10,47,66.38,108.1MB,34068.5,0.32,2.474GB / 94.83MB,0B / 0B
2026-03-30 18:00:23,47,66.39,108.3MB,34068.5,0.33,2.485GB / 95.24MB,0B / 0B
2026-03-30 18:00:35,48,66.39,107.8MB,34068.5,0.32,2.495GB / 95.64MB,0B / 0B
2026-03-30 18:00:47,48,66.41,108.5MB,34068.5,0.33,2.506GB / 96.04MB,0B / 0B
2026-03-30 18:00:59,48,66.41,109MB,34068.5,0.33,2.517GB / 96.45MB,0B / 0B
2026-03-30 18:01:11,48,66.41,108.1MB,34068.5,0.32,2.527GB / 96.86MB,0B / 0B
2026-03-30 18:01:24,48,66.43,108.8MB,34068.5,0.33,2.538GB / 97.27MB,0B / 0B
2026-03-30 18:01:36,49,66.45,108.1MB,34068.5,0.32,2.548GB / 97.67MB,0B / 0B
2026-03-30 18:01:48,49,66.46,108.4MB,34068.5,0.33,2.559GB / 98.08MB,0B / 0B
2026-03-30 18:02:00,49,66.46,109.6MB,34068.5,0.33,2.569GB / 98.48MB,0B / 0B
2026-03-30 18:02:12,49,66.49,108.9MB,34068.5,0.33,2.58GB / 98.89MB,0B / 0B
2026-03-30 18:02:24,49,66.47,109.2MB,34068.5,0.33,2.591GB / 99.3MB,0B / 0B
2026-03-30 18:02:36,50,66.48,108.9MB,34068.5,0.33,2.601GB / 99.7MB,0B / 0B
2026-03-30 18:02:49,50,66.50,109.6MB,34068.5,0.33,2.612GB / 100.1MB,0B / 0B
2026-03-30 18:03:01,50,66.50,109MB,34068.5,0.33,2.622GB / 100.5MB,0B / 0B
2026-03-30 18:03:13,50,66.52,109.7MB,34068.5,0.33,2.633GB / 100.9MB,0B / 0B
2026-03-30 18:03:25,51,66.52,109.6MB,34068.5,0.33,2.643GB / 101.3MB,0B / 0B
2026-03-30 18:03:37,51,66.53,109.2MB,34068.5,0.33,2.654GB / 101.7MB,0B / 0B
2026-03-30 18:03:49,51,66.54,108.6MB,34068.5,0.33,2.664GB / 102.1MB,0B / 0B
2026-03-30 18:04:02,51,66.55,109.1MB,34068.5,0.33,2.675GB / 102.5MB,0B / 0B
2026-03-30 18:04:14,51,66.55,109.2MB,34068.5,0.33,2.686GB / 102.9MB,0B / 0B
2026-03-30 18:04:26,52,66.56,109.4MB,34068.5,0.33,2.696GB / 103.3MB,0B / 0B
2026-03-30 18:04:38,52,66.57,109.6MB,34068.5,0.33,2.707GB / 103.7MB,0B / 0B
2026-03-30 18:04:51,52,66.58,108.6MB,34068.5,0.33,2.717GB / 104.2MB,0B / 0B
2026-03-30 18:05:03,52,66.60,109.2MB,34068.5,0.33,2.728GB / 104.6MB,0B / 0B
2026-03-30 18:05:15,52,66.62,108.9MB,34068.5,0.33,2.739GB / 105MB,0B / 0B
2026-03-30 18:05:27,53,66.63,109.4MB,34068.5,0.33,2.749GB / 105.4MB,0B / 0B
2026-03-30 18:05:39,53,66.64,109.8MB,34068.5,0.33,2.759GB / 105.8MB,0B / 0B
2026-03-30 18:05:51,53,66.64,109.1MB,34068.5,0.33,2.77GB / 106.2MB,0B / 0B
2026-03-30 18:06:04,53,66.64,109.1MB,34068.5,0.33,2.781GB / 106.6MB,0B / 0B
2026-03-30 18:06:16,53,66.64,109.2MB,34068.5,0.33,2.791GB / 107MB,0B / 0B
2026-03-30 18:06:28,54,66.64,109.3MB,34068.5,0.33,2.801GB / 107.4MB,0B / 0B
2026-03-30 18:06:40,54,66.65,109.9MB,34068.5,0.33,2.812GB / 107.8MB,0B / 0B
2026-03-30 18:06:52,54,66.65,109.5MB,34068.5,0.33,2.822GB / 108.2MB,0B / 0B
2026-03-30 18:07:05,54,66.66,110.9MB,34068.5,0.33,2.833GB / 108.6MB,0B / 0B
2026-03-30 18:07:17,54,66.67,109.7MB,34068.5,0.33,2.844GB / 109MB,0B / 0B
2026-03-30 18:07:29,55,66.68,110.6MB,34068.5,0.33,2.854GB / 109.4MB,0B / 0B
2026-03-30 18:07:41,55,66.69,109MB,34068.5,0.33,2.865GB / 109.8MB,0B / 0B
2026-03-30 18:07:53,55,66.69,110.2MB,34068.5,0.33,2.875GB / 110.2MB,0B / 0B
2026-03-30 18:08:05,55,66.70,110.4MB,34068.5,0.33,2.886GB / 110.6MB,0B / 0B
2026-03-30 18:08:17,55,66.71,110.4MB,34068.5,0.33,2.896GB / 111MB,0B / 0B
2026-03-30 18:08:29,56,66.71,109.9MB,34068.5,0.33,2.907GB / 111.4MB,0B / 0B
2026-03-30 18:08:42,56,66.72,110.3MB,34068.5,0.33,2.917GB / 111.8MB,0B / 0B
2026-03-30 18:08:54,56,66.74,110.4MB,34068.5,0.33,2.928GB / 112.2MB,0B / 0B
2026-03-30 18:09:06,56,66.74,110.5MB,34068.5,0.33,2.938GB / 112.6MB,0B / 0B
2026-03-30 18:09:18,56,66.74,110.7MB,34068.5,0.33,2.949GB / 113MB,0B / 0B
2026-03-30 18:09:30,57,66.74,110.2MB,34068.5,0.33,2.96GB / 113.4MB,0B / 0B
2026-03-30 18:09:42,57,66.76,110.7MB,34068.5,0.33,2.97GB / 113.8MB,0B / 0B
2026-03-30 18:09:55,57,66.75,110.7MB,34068.5,0.33,2.981GB / 114.2MB,0B / 0B
2026-03-30 18:10:07,57,66.75,110.3MB,34068.5,0.33,2.991GB / 114.6MB,0B / 0B
2026-03-30 18:10:19,57,66.74,110.2MB,34068.5,0.33,3.002GB / 115.1MB,0B / 0B
2026-03-30 18:10:31,58,66.74,110.5MB,34068.5,0.33,3.012GB / 115.5MB,0B / 0B
2026-03-30 18:10:43,58,66.76,109.8MB,34068.5,0.33,3.023GB / 115.9MB,0B / 0B
2026-03-30 18:10:56,58,66.76,110.3MB,34068.5,0.33,3.033GB / 116.3MB,0B / 0B
2026-03-30 18:11:08,58,66.77,110.7MB,34068.5,0.33,3.044GB / 116.7MB,0B / 0B
2026-03-30 18:11:20,58,66.77,109.9MB,34068.5,0.33,3.055GB / 117.1MB,0B / 0B
2026-03-30 18:11:32,59,66.78,111.5MB,34068.5,0.34,3.065GB / 117.5MB,0B / 0B
2026-03-30 18:11:44,59,66.79,110.7MB,34068.5,0.33,3.076GB / 117.9MB,0B / 0B
2026-03-30 18:11:56,59,66.80,111MB,34068.5,0.33,3.086GB / 118.3MB,0B / 0B
2026-03-30 18:12:09,59,66.81,111.1MB,34068.5,0.33,3.097GB / 118.7MB,0B / 0B
2026-03-30 18:12:21,59,66.82,111.6MB,34068.5,0.34,3.107GB / 119.1MB,0B / 0B
2026-03-30 18:12:33,60,66.84,111.8MB,34068.5,0.34,3.118GB / 119.5MB,0B / 0B
2026-03-30 18:12:45,60,66.75,109.8MB,34068.5,0.33,3.124GB / 119.7MB,0B / 0B
2026-03-30 18:12:57,60,66.67,111MB,34068.5,0.33,3.13GB / 120MB,0B / 0B
2026-03-30 18:13:09,60,66.68,110.8MB,34068.5,0.33,3.141GB / 120.4MB,0B / 0B
2026-03-30 18:13:22,60,66.67,111.8MB,34068.5,0.34,3.151GB / 120.8MB,0B / 0B
2026-03-30 18:13:34,61,66.67,111.4MB,34068.5,0.33,3.162GB / 121.2MB,0B / 0B
2026-03-30 18:13:46,61,66.68,112.1MB,34068.5,0.34,3.172GB / 121.6MB,0B / 0B
2026-03-30 18:13:58,61,66.68,112.2MB,34068.5,0.34,3.183GB / 122MB,0B / 0B
2026-03-30 18:14:10,61,66.68,111.4MB,34068.5,0.33,3.193GB / 122.4MB,0B / 0B
2026-03-30 18:14:23,61,66.69,112.1MB,34068.5,0.34,3.204GB / 122.8MB,0B / 0B
2026-03-30 18:14:35,62,66.69,112.5MB,34068.5,0.34,3.215GB / 123.2MB,0B / 0B
2026-03-30 18:14:47,62,66.71,111.5MB,34068.5,0.34,3.225GB / 123.6MB,0B / 0B
2026-03-30 18:14:59,62,66.72,112.5MB,34068.5,0.34,3.236GB / 124MB,0B / 0B
2026-03-30 18:15:11,62,66.73,113.3MB,34068.5,0.34,3.246GB / 124.4MB,0B / 0B
2026-03-30 18:15:23,62,66.74,112.9MB,34068.5,0.34,3.257GB / 124.8MB,0B / 0B
2026-03-30 18:15:35,63,66.74,112.8MB,34068.5,0.34,3.267GB / 125.2MB,0B / 0B
2026-03-30 18:15:47,63,66.75,112.1MB,34068.5,0.34,3.278GB / 125.6MB,0B / 0B
2026-03-30 18:15:59,63,66.75,112.7MB,34068.5,0.34,3.288GB / 126MB,0B / 0B
2026-03-30 18:16:11,63,66.76,111.8MB,34068.5,0.34,3.299GB / 126.4MB,0B / 0B
2026-03-30 18:16:24,63,66.76,112.4MB,34068.5,0.34,3.309GB / 126.8MB,0B / 0B
2026-03-30 18:16:36,64,66.76,112.5MB,34068.5,0.34,3.32GB / 127.2MB,0B / 0B
2026-03-30 18:16:48,64,66.77,112.7MB,34068.5,0.34,3.33GB / 127.6MB,0B / 0B
2026-03-30 18:17:00,64,66.78,113MB,34068.5,0.34,3.341GB / 128MB,0B / 0B
2026-03-30 18:17:12,64,66.78,112.4MB,34068.5,0.34,3.351GB / 128.5MB,0B / 0B
2026-03-30 18:17:25,65,66.79,112.9MB,34068.5,0.34,3.362GB / 128.9MB,0B / 0B
2026-03-30 18:17:37,65,66.80,114MB,34068.5,0.34,3.373GB / 129.3MB,0B / 0B
2026-03-30 18:17:49,65,66.81,113.5MB,34068.5,0.34,3.383GB / 129.7MB,0B / 0B
2026-03-30 18:18:01,65,66.82,112.6MB,34068.5,0.34,3.394GB / 130.1MB,0B / 0B
2026-03-30 18:18:13,65,66.81,113.9MB,34068.5,0.34,3.404GB / 130.5MB,0B / 0B
2026-03-30 18:18:25,66,66.81,112.6MB,34068.5,0.34,3.415GB / 130.9MB,0B / 0B
2026-03-30 18:18:37,66,66.81,113.1MB,34068.5,0.34,3.425GB / 131.3MB,0B / 0B
2026-03-30 18:18:50,66,66.80,112.9MB,34068.5,0.34,3.436GB / 131.7MB,0B / 0B
2026-03-30 18:19:02,66,66.82,113.9MB,34068.5,0.34,3.446GB / 132.1MB,0B / 0B
2026-03-30 18:19:14,66,66.83,113.7MB,34068.5,0.34,3.457GB / 132.5MB,0B / 0B
2026-03-30 18:19:26,67,66.83,113.1MB,34068.5,0.34,3.467GB / 132.9MB,0B / 0B
2026-03-30 18:19:39,67,66.84,112.8MB,34068.5,0.34,3.478GB / 133.3MB,0B / 0B
2026-03-30 18:19:51,67,66.85,112.7MB,34068.5,0.34,3.488GB / 133.7MB,0B / 0B
2026-03-30 18:20:03,67,66.85,114.1MB,34068.5,0.34,3.499GB / 134.1MB,0B / 0B
2026-03-30 18:20:15,67,66.86,112.8MB,34068.5,0.34,3.509GB / 134.5MB,0B / 0B
2026-03-30 18:20:27,68,66.86,114MB,34068.5,0.34,3.52GB / 134.9MB,0B / 0B
2026-03-30 18:20:39,68,66.87,113.4MB,34068.5,0.34,3.53GB / 135.3MB,0B / 0B
2026-03-30 18:20:52,68,66.87,112.6MB,34068.5,0.34,3.541GB / 135.7MB,0B / 0B
2026-03-30 18:21:04,68,66.87,113.3MB,34068.5,0.34,3.551GB / 136.1MB,0B / 0B
2026-03-30 18:21:16,68,66.89,114.3MB,34068.5,0.34,3.562GB / 136.5MB,0B / 0B
2026-03-30 18:21:28,69,66.90,113.2MB,34068.5,0.34,3.572GB / 136.9MB,0B / 0B
2026-03-30 18:21:40,69,66.91,113.3MB,34068.5,0.34,3.583GB / 137.3MB,0B / 0B
2026-03-30 18:21:52,69,66.92,113.6MB,34068.5,0.34,3.593GB / 137.7MB,0B / 0B
2026-03-30 18:22:04,69,66.94,114.2MB,34068.5,0.34,3.604GB / 138.1MB,0B / 0B
2026-03-30 18:22:16,69,66.94,114.2MB,34068.5,0.34,3.614GB / 138.5MB,0B / 0B
2026-03-30 18:22:29,70,66.93,113.8MB,34068.5,0.34,3.625GB / 138.9MB,0B / 0B
2026-03-30 18:22:41,70,66.93,114.5MB,34068.5,0.34,3.636GB / 139.3MB,0B / 0B
2026-03-30 18:22:53,70,66.94,113.4MB,34068.5,0.34,3.646GB / 139.8MB,0B / 0B
2026-03-30 18:23:05,70,66.94,113.3MB,34068.5,0.34,3.657GB / 140.2MB,0B / 0B
2026-03-30 18:23:18,70,66.95,114.1MB,34068.5,0.34,3.667GB / 140.6MB,0B / 0B
2026-03-30 18:23:30,71,66.93,114.4MB,34068.5,0.34,3.678GB / 141MB,0B / 0B
2026-03-30 18:23:42,71,66.94,114.2MB,34068.5,0.34,3.688GB / 141.4MB,0B / 0B
2026-03-30 18:23:54,71,66.94,114.2MB,34068.5,0.34,3.699GB / 141.8MB,0B / 0B
2026-03-30 18:24:06,71,66.94,114.3MB,34068.5,0.34,3.709GB / 142.2MB,0B / 0B
2026-03-30 18:24:19,71,66.96,114MB,34068.5,0.34,3.72GB / 142.6MB,0B / 0B
2026-03-30 18:24:31,72,66.97,114.4MB,34068.5,0.34,3.73GB / 143MB,0B / 0B
2026-03-30 18:24:43,72,66.97,114.5MB,34068.5,0.34,3.741GB / 143.4MB,0B / 0B
2026-03-30 18:24:55,72,66.97,115.1MB,34068.5,0.35,3.751GB / 143.8MB,0B / 0B
2026-03-30 18:25:07,72,66.98,114MB,34068.5,0.34,3.762GB / 144.2MB,0B / 0B
2026-03-30 18:25:19,72,66.99,114MB,34068.5,0.34,3.772GB / 144.6MB,0B / 0B
2026-03-30 18:25:31,73,66.99,114.1MB,34068.5,0.34,3.783GB / 145MB,0B / 0B
2026-03-30 18:25:44,73,66.99,114.5MB,34068.5,0.34,3.794GB / 145.4MB,0B / 0B
2026-03-30 18:25:56,73,67.00,115MB,34068.5,0.35,3.804GB / 145.8MB,0B / 0B
2026-03-30 18:26:08,73,67.01,114.5MB,34068.5,0.34,3.815GB / 146.2MB,0B / 0B
2026-03-30 18:26:20,73,67.01,115.3MB,34068.5,0.35,3.826GB / 146.6MB,0B / 0B
2026-03-30 18:26:32,74,67.02,114.3MB,34068.5,0.34,3.836GB / 147MB,0B / 0B
2026-03-30 18:26:45,74,67.01,115.1MB,34068.5,0.35,3.847GB / 147.4MB,0B / 0B
2026-03-30 18:26:57,74,67.02,114.7MB,34068.5,0.34,3.857GB / 147.8MB,0B / 0B
2026-03-30 18:27:09,74,67.02,114.3MB,34068.5,0.34,3.868GB / 148.2MB,0B / 0B
2026-03-30 18:27:21,74,67.05,115.1MB,34068.5,0.35,3.878GB / 148.7MB,0B / 0B
2026-03-30 18:27:33,75,67.04,115.3MB,34068.5,0.35,3.889GB / 149.1MB,0B / 0B
2026-03-30 18:27:45,75,67.05,114.4MB,34068.5,0.34,3.899GB / 149.5MB,0B / 0B
2026-03-30 18:27:57,75,67.06,114.8MB,34068.5,0.35,3.91GB / 149.9MB,0B / 0B
2026-03-30 18:28:09,75,67.07,115.4MB,34068.5,0.35,3.921GB / 150.3MB,0B / 0B
2026-03-30 18:28:21,75,67.07,115.4MB,34068.5,0.35,3.931GB / 150.7MB,0B / 0B
2026-03-30 18:28:33,76,67.06,115.1MB,34068.5,0.35,3.941GB / 151.1MB,0B / 0B
2026-03-30 18:28:46,76,67.06,115.3MB,34068.5,0.35,3.952GB / 151.5MB,0B / 0B
2026-03-30 18:28:58,76,67.06,115.2MB,34068.5,0.35,3.962GB / 151.9MB,0B / 0B
2026-03-30 18:29:10,76,67.06,114.9MB,34068.5,0.35,3.973GB / 152.3MB,0B / 0B
2026-03-30 18:29:22,76,67.06,115.1MB,34068.5,0.35,3.983GB / 152.7MB,0B / 0B
2026-03-30 18:29:34,77,67.06,115.7MB,34068.5,0.35,3.994GB / 153.1MB,0B / 0B
2026-03-30 18:29:46,77,67.06,115.1MB,34068.5,0.35,4.004GB / 153.5MB,0B / 0B
2026-03-30 18:29:58,77,67.07,114.6MB,34068.5,0.34,4.015GB / 153.9MB,0B / 0B
2026-03-30 18:30:10,77,67.08,115.4MB,34068.5,0.35,4.026GB / 154.3MB,0B / 0B
2026-03-30 18:30:23,77,67.08,116.3MB,34068.5,0.35,4.036GB / 154.7MB,0B / 0B
2026-03-30 18:30:35,78,67.08,115.3MB,34068.5,0.35,4.047GB / 155.1MB,0B / 0B
2026-03-30 18:30:47,78,67.08,115.6MB,34068.5,0.35,4.057GB / 155.5MB,0B / 0B
2026-03-30 18:30:59,78,67.09,115.4MB,34068.5,0.35,4.068GB / 155.9MB,0B / 0B
2026-03-30 18:31:11,78,67.10,115.2MB,34068.5,0.35,4.078GB / 156.3MB,0B / 0B
2026-03-30 18:31:23,78,67.09,115.9MB,34068.5,0.35,4.089GB / 156.7MB,0B / 0B
2026-03-30 18:31:35,79,67.09,116.4MB,34068.5,0.35,4.099GB / 157.1MB,0B / 0B
2026-03-30 18:31:48,79,67.10,115.9MB,34068.5,0.35,4.11GB / 157.5MB,0B / 0B
2026-03-30 18:32:00,79,67.10,116.1MB,34068.5,0.35,4.12GB / 157.9MB,0B / 0B
2026-03-30 18:32:12,79,67.10,115.4MB,34068.5,0.35,4.131GB / 158.3MB,0B / 0B
2026-03-30 18:32:24,79,67.10,116.2MB,34068.5,0.35,4.141GB / 158.7MB,0B / 0B
2026-03-30 18:32:36,80,67.10,116.1MB,34068.5,0.35,4.152GB / 159.1MB,0B / 0B
2026-03-30 18:32:49,80,67.10,116.3MB,34068.5,0.35,4.162GB / 159.5MB,0B / 0B
2026-03-30 18:33:01,80,67.10,115.6MB,34068.5,0.35,4.173GB / 159.9MB,0B / 0B
2026-03-30 18:33:13,80,67.12,116.2MB,34068.5,0.35,4.183GB / 160.3MB,0B / 0B
2026-03-30 18:33:25,81,67.12,116.3MB,34068.5,0.35,4.194GB / 160.7MB,0B / 0B
2026-03-30 18:33:37,81,67.13,115.9MB,34068.5,0.35,4.205GB / 161.2MB,0B / 0B
2026-03-30 18:33:49,81,67.14,115.4MB,34068.5,0.35,4.215GB / 161.6MB,0B / 0B
2026-03-30 18:34:01,81,67.14,115.5MB,34068.5,0.35,4.226GB / 162MB,0B / 0B
2026-03-30 18:34:14,81,67.14,116.3MB,34068.5,0.35,4.236GB / 162.4MB,0B / 0B
2026-03-30 18:34:26,82,67.15,116.7MB,34068.5,0.35,4.247GB / 162.8MB,0B / 0B
2026-03-30 18:34:38,82,67.15,116.6MB,34068.5,0.35,4.257GB / 163.2MB,0B / 0B
2026-03-30 18:34:50,82,67.14,115.9MB,34068.5,0.35,4.268GB / 163.6MB,0B / 0B
2026-03-30 18:35:03,82,67.16,116.6MB,34068.5,0.35,4.278GB / 164MB,0B / 0B
2026-03-30 18:35:15,82,67.16,116.8MB,34068.5,0.35,4.289GB / 164.4MB,0B / 0B
2026-03-30 18:35:27,83,67.16,116.5MB,34068.5,0.35,4.3GB / 164.8MB,0B / 0B
2026-03-30 18:35:39,83,67.16,116.1MB,34068.5,0.35,4.31GB / 165.2MB,0B / 0B
2026-03-30 18:35:52,83,67.16,116.2MB,34068.5,0.35,4.321GB / 165.6MB,0B / 0B
2026-03-30 18:36:04,83,67.17,116.9MB,34068.5,0.35,4.331GB / 166MB,0B / 0B
2026-03-30 18:36:16,83,67.17,116.7MB,34068.5,0.35,4.342GB / 166.4MB,0B / 0B
2026-03-30 18:36:28,84,67.17,116.5MB,34068.5,0.35,4.352GB / 166.8MB,0B / 0B
2026-03-30 18:36:40,84,67.17,116.4MB,34068.5,0.35,4.363GB / 167.2MB,0B / 0B
2026-03-30 18:36:52,84,67.17,116.5MB,34068.5,0.35,4.373GB / 167.6MB,0B / 0B
2026-03-30 18:37:05,84,67.18,116MB,34068.5,0.35,4.384GB / 168MB,0B / 0B
2026-03-30 18:37:17,84,67.17,116.8MB,34068.5,0.35,4.394GB / 168.4MB,0B / 0B
2026-03-30 18:37:29,85,67.18,116.3MB,34068.5,0.35,4.405GB / 168.8MB,0B / 0B
2026-03-30 18:37:41,85,67.19,116.8MB,34068.5,0.35,4.415GB / 169.2MB,0B / 0B
2026-03-30 18:37:53,85,67.20,117.1MB,34068.5,0.35,4.426GB / 169.7MB,0B / 0B
2026-03-30 18:38:06,85,67.19,116.7MB,34068.5,0.35,4.437GB / 170.1MB,0B / 0B
2026-03-30 18:38:18,85,67.20,116.8MB,34068.5,0.35,4.447GB / 170.5MB,0B / 0B
2026-03-30 18:38:30,86,67.20,116.9MB,34068.5,0.35,4.458GB / 170.9MB,0B / 0B
2026-03-30 18:38:42,86,67.21,117MB,34068.5,0.35,4.468GB / 171.3MB,0B / 0B
2026-03-30 18:38:54,86,67.21,118.2MB,34068.5,0.36,4.479GB / 171.7MB,0B / 0B
2026-03-30 18:39:07,86,67.21,117.6MB,34068.5,0.35,4.49GB / 172.1MB,0B / 0B
2026-03-30 18:39:19,86,67.21,117.8MB,34068.5,0.35,4.5GB / 172.5MB,0B / 0B
2026-03-30 18:39:31,87,67.22,117.5MB,34068.5,0.35,4.511GB / 172.9MB,0B / 0B
2026-03-30 18:39:43,87,67.22,116.7MB,34068.5,0.35,4.521GB / 173.3MB,0B / 0B
2026-03-30 18:39:55,87,67.23,117.1MB,34068.5,0.35,4.532GB / 173.7MB,0B / 0B
2026-03-30 18:40:07,87,67.24,117.1MB,34068.5,0.35,4.542GB / 174.1MB,0B / 0B
2026-03-30 18:40:19,87,67.24,117.7MB,34068.5,0.35,4.552GB / 174.5MB,0B / 0B
2026-03-30 18:40:31,88,67.25,117.8MB,34068.5,0.35,4.563GB / 174.9MB,0B / 0B
2026-03-30 18:40:44,88,67.25,117MB,34068.5,0.35,4.574GB / 175.3MB,0B / 0B
2026-03-30 18:40:56,88,67.25,118MB,34068.5,0.35,4.584GB / 175.7MB,0B / 0B
2026-03-30 18:41:08,88,67.26,117.4MB,34068.5,0.35,4.595GB / 176.1MB,0B / 0B
2026-03-30 18:41:20,88,67.25,118.2MB,34068.5,0.36,4.605GB / 176.5MB,0B / 0B
2026-03-30 18:41:32,89,67.26,117.9MB,34068.5,0.35,4.616GB / 176.9MB,0B / 0B
2026-03-30 18:41:44,89,67.26,118MB,34068.5,0.35,4.626GB / 177.3MB,0B / 0B
2026-03-30 18:41:57,89,67.26,118.1MB,34068.5,0.35,4.637GB / 177.7MB,0B / 0B
2026-03-30 18:42:09,89,67.27,117.8MB,34068.5,0.35,4.647GB / 178.1MB,0B / 0B
2026-03-30 18:42:21,89,67.26,118MB,34068.5,0.35,4.658GB / 178.5MB,0B / 0B
2026-03-30 18:42:33,90,67.26,118MB,34068.5,0.35,4.668GB / 178.9MB,0B / 0B
2026-03-30 18:42:45,90,67.27,117.5MB,34068.5,0.35,4.679GB / 179.3MB,0B / 0B
2026-03-30 18:42:57,90,67.18,117.1MB,34068.5,0.35,4.683GB / 179.5MB,0B / 0B
2026-03-30 18:43:10,90,67.15,118MB,34068.5,0.35,4.691GB / 179.8MB,0B / 0B
2026-03-30 18:43:22,90,67.16,118.2MB,34068.5,0.36,4.702GB / 180.2MB,0B / 0B
2026-03-30 18:43:34,91,67.16,117.9MB,34068.5,0.35,4.713GB / 180.6MB,0B / 0B
2026-03-30 18:43:46,91,67.16,117.9MB,34068.5,0.35,4.723GB / 181MB,0B / 0B
2026-03-30 18:43:59,91,67.17,117MB,34068.5,0.35,4.734GB / 181.4MB,0B / 0B
2026-03-30 18:44:11,91,67.18,118.1MB,34068.5,0.35,4.744GB / 181.9MB,0B / 0B
2026-03-30 18:44:23,91,67.19,118.8MB,34068.5,0.36,4.755GB / 182.3MB,0B / 0B
2026-03-30 18:44:36,92,67.20,118.1MB,34068.5,0.36,4.766GB / 182.7MB,0B / 0B
2026-03-30 18:44:48,92,67.21,117.7MB,34068.5,0.35,4.776GB / 183.1MB,0B / 0B
2026-03-30 18:45:00,92,67.22,118.2MB,34068.5,0.36,4.787GB / 183.5MB,0B / 0B
2026-03-30 18:45:13,92,67.22,117.5MB,34068.5,0.35,4.798GB / 183.9MB,0B / 0B
2026-03-30 18:45:25,93,67.23,118.8MB,34068.5,0.36,4.808GB / 184.3MB,0B / 0B
2026-03-30 18:45:37,93,67.23,118MB,34068.5,0.35,4.819GB / 184.7MB,0B / 0B
2026-03-30 18:45:49,93,67.23,118MB,34068.5,0.35,4.83GB / 185.1MB,0B / 0B
2026-03-30 18:46:01,93,67.25,118.7MB,34068.5,0.36,4.84GB / 185.5MB,0B / 0B
2026-03-30 18:46:14,93,67.26,118.7MB,34068.5,0.36,4.851GB / 185.9MB,0B / 0B
2026-03-30 18:46:26,94,67.27,118.1MB,34068.5,0.35,4.862GB / 186.3MB,0B / 0B
2026-03-30 18:46:38,94,67.28,118.2MB,34068.5,0.36,4.872GB / 186.7MB,0B / 0B
2026-03-30 18:46:50,94,67.28,118.2MB,34068.5,0.36,4.883GB / 187.2MB,0B / 0B
2026-03-30 18:47:03,94,67.27,118.2MB,34068.5,0.36,4.894GB / 187.6MB,0B / 0B
2026-03-30 18:47:15,94,67.28,118.1MB,34068.5,0.36,4.904GB / 188MB,0B / 0B
2026-03-30 18:47:27,95,67.29,118.7MB,34068.5,0.36,4.915GB / 188.4MB,0B / 0B
2026-03-30 18:47:40,95,67.29,118.6MB,34068.5,0.36,4.925GB / 188.8MB,0B / 0B
2026-03-30 18:47:52,95,67.30,118.7MB,34068.5,0.36,4.936GB / 189.2MB,0B / 0B
2026-03-30 18:48:04,95,67.31,119.3MB,34068.5,0.36,4.947GB / 189.6MB,0B / 0B
2026-03-30 18:48:16,95,67.31,118.9MB,34068.5,0.36,4.957GB / 190MB,0B / 0B
2026-03-30 18:48:29,96,67.32,118.8MB,34068.5,0.36,4.968GB / 190.4MB,0B / 0B
2026-03-30 18:48:41,96,67.32,119.3MB,34068.5,0.36,4.978GB / 190.8MB,0B / 0B
2026-03-30 18:48:53,96,67.32,118.9MB,34068.5,0.36,4.989GB / 191.2MB,0B / 0B
2026-03-30 18:49:05,96,67.33,118.5MB,34068.5,0.36,4.999GB / 191.6MB,0B / 0B
2026-03-30 18:49:18,96,67.33,118.8MB,34068.5,0.36,5.01GB / 192MB,0B / 0B
2026-03-30 18:49:30,97,67.34,119.4MB,34068.5,0.36,5.02GB / 192.4MB,0B / 0B
2026-03-30 18:49:42,97,67.34,119.2MB,34068.5,0.36,5.031GB / 192.8MB,0B / 0B
2026-03-30 18:49:54,97,67.35,118.5MB,34068.5,0.36,5.041GB / 193.2MB,0B / 0B
2026-03-30 18:50:06,97,67.36,119.1MB,34068.5,0.36,5.052GB / 193.6MB,0B / 0B
2026-03-30 18:50:18,97,67.36,119.2MB,34068.5,0.36,5.062GB / 194MB,0B / 0B
2026-03-30 18:50:30,98,67.37,119MB,34068.5,0.36,5.073GB / 194.4MB,0B / 0B
2026-03-30 18:50:42,98,67.38,119.5MB,34068.5,0.36,5.083GB / 194.8MB,0B / 0B
2026-03-30 18:50:54,98,67.39,118.6MB,34068.5,0.36,5.094GB / 195.3MB,0B / 0B
2026-03-30 18:51:07,98,67.40,120MB,34068.5,0.36,5.105GB / 195.7MB,0B / 0B
2026-03-30 18:51:19,98,67.40,119.6MB,34068.5,0.36,5.115GB / 196.1MB,0B / 0B
2026-03-30 18:51:31,99,67.40,120.3MB,34068.5,0.36,5.126GB / 196.5MB,0B / 0B
2026-03-30 18:51:43,99,67.40,119.6MB,34068.5,0.36,5.136GB / 196.9MB,0B / 0B
2026-03-30 18:51:55,99,67.40,120.6MB,34068.5,0.36,5.147GB / 197.3MB,0B / 0B
2026-03-30 18:52:07,99,67.41,119.3MB,34068.5,0.36,5.157GB / 197.7MB,0B / 0B
2026-03-30 18:52:20,99,67.40,119.9MB,34068.5,0.36,5.168GB / 198.1MB,0B / 0B
2026-03-30 18:52:32,100,67.41,120.2MB,34068.5,0.36,5.178GB / 198.5MB,0B / 0B
2026-03-30 18:52:44,100,67.41,119.6MB,34068.5,0.36,5.189GB / 198.9MB,0B / 0B
2026-03-30 18:52:56,100,67.41,119.1MB,34068.5,0.36,5.199GB / 199.3MB,0B / 0B
2026-03-30 18:53:08,100,67.41,119.8MB,34068.5,0.36,5.21GB / 199.7MB,0B / 0B
2026-03-30 18:53:21,100,67.43,119.5MB,34068.5,0.36,5.22GB / 200.1MB,0B / 0B
2026-03-30 18:53:33,101,67.43,120.5MB,34068.5,0.36,5.231GB / 200.5MB,0B / 0B
2026-03-30 18:53:45,101,67.43,120.7MB,34068.5,0.36,5.242GB / 200.9MB,0B / 0B
2026-03-30 18:53:57,101,67.44,121.2MB,34068.5,0.36,5.252GB / 201.3MB,0B / 0B
2026-03-30 18:54:09,101,67.44,120MB,34068.5,0.36,5.263GB / 201.7MB,0B / 0B
2026-03-30 18:54:22,101,67.45,119.7MB,34068.5,0.36,5.273GB / 202.1MB,0B / 0B
2026-03-30 18:54:34,102,67.45,119.8MB,34068.5,0.36,5.284GB / 202.5MB,0B / 0B
2026-03-30 18:54:46,102,67.46,120.7MB,34068.5,0.36,5.294GB / 202.9MB,0B / 0B
2026-03-30 18:54:58,102,67.46,120.3MB,34068.5,0.36,5.305GB / 203.3MB,0B / 0B
2026-03-30 18:55:10,102,67.45,119.7MB,34068.5,0.36,5.315GB / 203.7MB,0B / 0B
2026-03-30 18:55:22,102,67.46,120.4MB,34068.5,0.36,5.326GB / 204.1MB,0B / 0B
2026-03-30 18:55:34,103,67.47,120.5MB,34068.5,0.36,5.337GB / 204.5MB,0B / 0B
2026-03-30 18:55:47,103,67.47,120.8MB,34068.5,0.36,5.347GB / 204.9MB,0B / 0B
2026-03-30 18:55:59,103,67.47,121.3MB,34068.5,0.36,5.358GB / 205.3MB,0B / 0B
2026-03-30 18:56:11,103,67.47,120MB,34068.5,0.36,5.368GB / 205.8MB,0B / 0B
2026-03-30 18:56:23,103,67.47,120.9MB,34068.5,0.36,5.379GB / 206.2MB,0B / 0B
2026-03-30 18:56:35,104,67.48,120.7MB,34068.5,0.36,5.389GB / 206.6MB,0B / 0B
2026-03-30 18:56:48,104,67.48,120.7MB,34068.5,0.36,5.4GB / 207MB,0B / 0B
2026-03-30 18:57:00,104,67.48,120.7MB,34068.5,0.36,5.41GB / 207.4MB,0B / 0B
2026-03-30 18:57:12,104,67.49,121.1MB,34068.5,0.36,5.421GB / 207.8MB,0B / 0B
2026-03-30 18:57:24,104,67.50,120.7MB,34068.5,0.36,5.431GB / 208.2MB,0B / 0B
2026-03-30 18:57:36,105,67.50,121MB,34068.5,0.36,5.442GB / 208.6MB,0B / 0B
2026-03-30 18:57:49,105,67.51,120.9MB,34068.5,0.36,5.453GB / 209MB,0B / 0B
2026-03-30 18:58:01,105,67.51,120.7MB,34068.5,0.36,5.463GB / 209.4MB,0B / 0B
2026-03-30 18:58:13,105,67.51,121.1MB,34068.5,0.36,5.474GB / 209.8MB,0B / 0B
2026-03-30 18:58:25,106,67.50,120.7MB,34068.5,0.36,5.484GB / 210.2MB,0B / 0B
2026-03-30 18:58:37,106,67.50,121.5MB,34068.5,0.37,5.495GB / 210.6MB,0B / 0B
2026-03-30 18:58:50,106,67.50,120.3MB,34068.5,0.36,5.505GB / 211MB,0B / 0B
2026-03-30 18:59:02,106,67.51,121.2MB,34068.5,0.36,5.516GB / 211.4MB,0B / 0B
2026-03-30 18:59:14,106,67.51,120.8MB,34068.5,0.36,5.526GB / 211.8MB,0B / 0B
2026-03-30 18:59:26,107,67.52,121.4MB,34068.5,0.36,5.537GB / 212.2MB,0B / 0B
2026-03-30 18:59:38,107,67.52,121MB,34068.5,0.36,5.548GB / 212.6MB,0B / 0B
2026-03-30 18:59:51,107,67.52,120.9MB,34068.5,0.36,5.558GB / 213MB,0B / 0B
2026-03-30 19:00:03,107,67.52,121.6MB,34068.5,0.37,5.569GB / 213.4MB,0B / 0B
2026-03-30 19:00:15,107,67.53,120.8MB,34068.5,0.36,5.579GB / 213.8MB,0B / 0B
2026-03-30 19:00:27,108,67.54,121.3MB,34068.5,0.36,5.59GB / 214.2MB,0B / 0B
2026-03-30 19:00:39,108,67.54,121.2MB,34068.5,0.36,5.6GB / 214.7MB,0B / 0B
2026-03-30 19:00:52,108,67.54,121.3MB,34068.5,0.36,5.611GB / 215.1MB,0B / 0B
2026-03-30 19:01:04,108,67.54,120.9MB,34068.5,0.36,5.622GB / 215.5MB,0B / 0B
2026-03-30 19:01:16,108,67.55,121.4MB,34068.5,0.36,5.632GB / 215.9MB,0B / 0B
2026-03-30 19:01:28,109,67.55,121.4MB,34068.5,0.36,5.643GB / 216.3MB,0B / 0B
2026-03-30 19:01:41,109,67.55,121.8MB,34068.5,0.37,5.653GB / 216.7MB,0B / 0B
2026-03-30 19:01:53,109,67.56,121.2MB,34068.5,0.36,5.664GB / 217.1MB,0B / 0B
2026-03-30 19:02:05,109,67.55,121.8MB,34068.5,0.37,5.674GB / 217.5MB,0B / 0B
2026-03-30 19:02:17,109,67.56,121.6MB,34068.5,0.37,5.684GB / 217.9MB,0B / 0B
2026-03-30 19:02:29,110,67.56,121.4MB,34068.5,0.36,5.695GB / 218.3MB,0B / 0B
2026-03-30 19:02:41,110,67.56,121.1MB,34068.5,0.36,5.705GB / 218.7MB,0B / 0B
2026-03-30 19:02:53,110,67.57,121.4MB,34068.5,0.36,5.716GB / 219.1MB,0B / 0B
2026-03-30 19:03:05,110,67.56,122.3MB,34068.5,0.37,5.726GB / 219.5MB,0B / 0B
2026-03-30 19:03:17,110,67.56,122.8MB,34068.5,0.37,5.737GB / 219.9MB,0B / 0B
2026-03-30 19:03:29,111,67.56,122.4MB,34068.5,0.37,5.747GB / 220.3MB,0B / 0B
2026-03-30 19:03:41,111,67.56,122MB,34068.5,0.37,5.757GB / 220.7MB,0B / 0B
2026-03-30 19:03:53,111,67.56,122MB,34068.5,0.37,5.768GB / 221.1MB,0B / 0B
2026-03-30 19:04:06,111,67.56,122.7MB,34068.5,0.37,5.779GB / 221.5MB,0B / 0B
2026-03-30 19:04:18,111,67.57,121.5MB,34068.5,0.37,5.789GB / 221.9MB,0B / 0B
2026-03-30 19:04:30,112,67.56,121.9MB,34068.5,0.37,5.8GB / 222.3MB,0B / 0B
2026-03-30 19:04:42,112,67.57,122.5MB,34068.5,0.37,5.81GB / 222.7MB,0B / 0B
2026-03-30 19:04:54,112,67.57,121.7MB,34068.5,0.37,5.821GB / 223.1MB,0B / 0B
2026-03-30 19:05:06,112,67.57,122.6MB,34068.5,0.37,5.831GB / 223.5MB,0B / 0B
2026-03-30 19:05:18,112,67.58,122.6MB,34068.5,0.37,5.842GB / 223.9MB,0B / 0B
2026-03-30 19:05:31,113,67.57,122.3MB,34068.5,0.37,5.852GB / 224.3MB,0B / 0B
2026-03-30 19:05:43,113,67.58,122.5MB,34068.5,0.37,5.863GB / 224.7MB,0B / 0B
2026-03-30 19:05:55,113,67.58,123.1MB,34068.5,0.37,5.873GB / 225.1MB,0B / 0B
2026-03-30 19:06:07,113,67.59,122.4MB,34068.5,0.37,5.884GB / 225.5MB,0B / 0B
2026-03-30 19:06:19,113,67.60,122.8MB,34068.5,0.37,5.894GB / 225.9MB,0B / 0B
2026-03-30 19:06:32,114,67.61,121.8MB,34068.5,0.37,5.905GB / 226.3MB,0B / 0B
2026-03-30 19:06:44,114,67.62,122.6MB,34068.5,0.37,5.916GB / 226.7MB,0B / 0B
2026-03-30 19:06:56,114,67.62,122.6MB,34068.5,0.37,5.926GB / 227.1MB,0B / 0B
2026-03-30 19:07:08,114,67.62,122.9MB,34068.5,0.37,5.937GB / 227.5MB,0B / 0B
2026-03-30 19:07:20,114,67.63,122MB,34068.5,0.37,5.947GB / 227.9MB,0B / 0B
2026-03-30 19:07:32,115,67.63,122.2MB,34068.5,0.37,5.958GB / 228.3MB,0B / 0B
2026-03-30 19:07:45,115,67.63,123.7MB,34068.5,0.37,5.968GB / 228.8MB,0B / 0B
2026-03-30 19:07:57,115,67.63,122.6MB,34068.5,0.37,5.979GB / 229.2MB,0B / 0B
2026-03-30 19:08:09,115,67.63,122.4MB,34068.5,0.37,5.989GB / 229.6MB,0B / 0B
2026-03-30 19:08:21,115,67.63,123.3MB,34068.5,0.37,6GB / 230MB,0B / 0B
2026-03-30 19:08:33,116,67.63,123.1MB,34068.5,0.37,6.01GB / 230.4MB,0B / 0B
2026-03-30 19:08:45,116,67.63,123.1MB,34068.5,0.37,6.021GB / 230.8MB,0B / 0B
2026-03-30 19:08:58,116,67.64,123MB,34068.5,0.37,6.032GB / 231.2MB,0B / 0B
2026-03-30 19:09:10,116,67.64,123.1MB,34068.5,0.37,6.042GB / 231.6MB,0B / 0B
2026-03-30 19:09:22,116,67.64,123.5MB,34068.5,0.37,6.052GB / 232MB,0B / 0B
2026-03-30 19:09:34,117,67.65,123.5MB,34068.5,0.37,6.063GB / 232.4MB,0B / 0B
2026-03-30 19:09:46,117,67.65,123.3MB,34068.5,0.37,6.074GB / 232.8MB,0B / 0B
2026-03-30 19:09:58,117,67.65,123.3MB,34068.5,0.37,6.084GB / 233.2MB,0B / 0B
2026-03-30 19:10:10,117,67.65,123.2MB,34068.5,0.37,6.095GB / 233.6MB,0B / 0B
2026-03-30 19:10:22,117,67.65,123.7MB,34068.5,0.37,6.105GB / 234MB,0B / 0B
2026-03-30 19:10:34,118,67.64,123.8MB,34068.5,0.37,6.116GB / 234.4MB,0B / 0B
2026-03-30 19:10:47,118,67.65,123.3MB,34068.5,0.37,6.126GB / 234.8MB,0B / 0B
2026-03-30 19:10:59,118,67.65,123.6MB,34068.5,0.37,6.137GB / 235.2MB,0B / 0B
2026-03-30 19:11:11,118,67.65,124.3MB,34068.5,0.37,6.148GB / 235.6MB,0B / 0B
2026-03-30 19:11:23,118,67.66,123.9MB,34068.5,0.37,6.158GB / 236MB,0B / 0B
2026-03-30 19:11:36,119,67.66,124.4MB,34068.5,0.37,6.169GB / 236.4MB,0B / 0B
2026-03-30 19:11:48,119,67.67,123.6MB,34068.5,0.37,6.179GB / 236.8MB,0B / 0B
2026-03-30 19:12:00,119,67.67,123.5MB,34068.5,0.37,6.19GB / 237.2MB,0B / 0B
2026-03-30 19:12:12,119,67.68,123.4MB,34068.5,0.37,6.2GB / 237.6MB,0B / 0B
2026-03-30 19:12:24,119,67.68,123.3MB,34068.5,0.37,6.211GB / 238.1MB,0B / 0B
2026-03-30 19:12:36,120,67.68,123.4MB,34068.5,0.37,6.221GB / 238.5MB,0B / 0B
2026-03-30 19:12:48,120,67.69,124MB,34068.5,0.37,6.232GB / 238.9MB,0B / 0B
2026-03-30 19:13:00,120,67.69,123MB,34068.5,0.37,6.242GB / 239.3MB,0B / 0B
2026-03-30 19:13:12,120,67.60,124.3MB,34068.5,0.37,6.244GB / 239.3MB,0B / 0B
2026-03-30 19:13:25,121,67.60,124.4MB,34068.5,0.37,6.255GB / 239.7MB,0B / 0B
2026-03-30 19:13:37,121,67.60,124MB,34068.5,0.37,6.265GB / 240.1MB,0B / 0B
2026-03-30 19:13:49,121,67.61,123.6MB,34068.5,0.37,6.276GB / 240.6MB,0B / 0B
2026-03-30 19:14:01,121,67.61,123.3MB,34068.5,0.37,6.286GB / 241MB,0B / 0B
2026-03-30 19:14:13,121,67.61,124.2MB,34068.5,0.37,6.297GB / 241.4MB,0B / 0B
2026-03-30 19:14:26,122,67.61,123.5MB,34068.5,0.37,6.307GB / 241.8MB,0B / 0B
2026-03-30 19:14:38,122,67.62,124.2MB,34068.5,0.37,6.318GB / 242.2MB,0B / 0B
2026-03-30 19:14:50,122,67.62,123.6MB,34068.5,0.37,6.328GB / 242.6MB,0B / 0B
2026-03-30 19:15:02,122,67.62,125.4MB,34068.5,0.38,6.339GB / 243MB,0B / 0B
2026-03-30 19:15:14,122,67.63,124.2MB,34068.5,0.37,6.349GB / 243.4MB,0B / 0B
2026-03-30 19:15:26,123,67.63,124.5MB,34068.5,0.37,6.36GB / 243.8MB,0B / 0B
2026-03-30 19:15:38,123,67.64,124.8MB,34068.5,0.38,6.37GB / 244.2MB,0B / 0B
2026-03-30 19:15:50,123,67.63,124.8MB,34068.5,0.38,6.381GB / 244.6MB,0B / 0B
2026-03-30 19:16:02,123,67.63,124.9MB,34068.5,0.38,6.391GB / 245MB,0B / 0B
2026-03-30 19:16:15,123,67.63,124.4MB,34068.5,0.37,6.402GB / 245.4MB,0B / 0B
2026-03-30 19:16:27,124,67.63,123.9MB,34068.5,0.37,6.412GB / 245.8MB,0B / 0B
2026-03-30 19:16:39,124,67.62,124.8MB,34068.5,0.38,6.423GB / 246.2MB,0B / 0B
2026-03-30 19:16:51,124,67.63,124.4MB,34068.5,0.37,6.433GB / 246.6MB,0B / 0B
2026-03-30 19:17:03,124,67.63,123.9MB,34068.5,0.37,6.444GB / 247MB,0B / 0B
2026-03-30 19:17:15,124,67.63,125MB,34068.5,0.38,6.454GB / 247.4MB,0B / 0B
2026-03-30 19:17:27,125,67.63,124MB,34068.5,0.37,6.465GB / 247.8MB,0B / 0B
2026-03-30 19:17:39,125,67.63,124.6MB,34068.5,0.37,6.475GB / 248.2MB,0B / 0B
2026-03-30 19:17:52,125,67.63,124.7MB,34068.5,0.37,6.485GB / 248.6MB,0B / 0B
2026-03-30 19:18:04,125,67.63,125MB,34068.5,0.38,6.496GB / 249MB,0B / 0B
2026-03-30 19:18:16,125,67.63,124.7MB,34068.5,0.37,6.507GB / 249.4MB,0B / 0B
2026-03-30 19:18:28,126,67.63,124.5MB,34068.5,0.37,6.517GB / 249.8MB,0B / 0B
2026-03-30 19:18:40,126,67.63,124.6MB,34068.5,0.37,6.527GB / 250.2MB,0B / 0B
2026-03-30 19:18:52,126,67.63,125.2MB,34068.5,0.38,6.538GB / 250.6MB,0B / 0B
2026-03-30 19:19:04,126,67.63,125.4MB,34068.5,0.38,6.549GB / 251MB,0B / 0B
2026-03-30 19:19:17,126,67.63,125.7MB,34068.5,0.38,6.559GB / 251.4MB,0B / 0B
2026-03-30 19:19:29,127,67.63,124.8MB,34068.5,0.38,6.57GB / 251.8MB,0B / 0B
2026-03-30 19:19:41,127,67.63,124.9MB,34068.5,0.38,6.58GB / 252.2MB,0B / 0B
2026-03-30 19:19:53,127,67.63,125.2MB,34068.5,0.38,6.591GB / 252.6MB,0B / 0B
2026-03-30 19:20:06,127,67.63,126MB,34068.5,0.38,6.601GB / 253MB,0B / 0B
2026-03-30 19:20:18,127,67.64,125.1MB,34068.5,0.38,6.612GB / 253.4MB,0B / 0B
2026-03-30 19:20:30,128,67.64,125.5MB,34068.5,0.38,6.623GB / 253.8MB,0B / 0B
2026-03-30 19:20:42,128,67.64,125.6MB,34068.5,0.38,6.633GB / 254.2MB,0B / 0B
2026-03-30 19:20:54,128,67.64,124.8MB,34068.5,0.38,6.644GB / 254.6MB,0B / 0B
2026-03-30 19:21:06,128,67.64,125MB,34068.5,0.38,6.654GB / 255MB,0B / 0B
2026-03-30 19:21:18,128,67.64,125.4MB,34068.5,0.38,6.665GB / 255.4MB,0B / 0B
2026-03-30 19:21:31,129,67.65,125.7MB,34068.5,0.38,6.675GB / 255.9MB,0B / 0B
2026-03-30 19:21:43,129,67.65,126.1MB,34068.5,0.38,6.686GB / 256.3MB,0B / 0B
2026-03-30 19:21:55,129,67.65,125.6MB,34068.5,0.38,6.696GB / 256.7MB,0B / 0B
2026-03-30 19:22:07,129,67.65,125.6MB,34068.5,0.38,6.707GB / 257.1MB,0B / 0B
2026-03-30 19:22:20,129,67.66,125MB,34068.5,0.38,6.718GB / 257.5MB,0B / 0B
2026-03-30 19:22:32,130,67.65,125.6MB,34068.5,0.38,6.728GB / 257.9MB,0B / 0B
2026-03-30 19:22:44,130,67.66,125.8MB,34068.5,0.38,6.739GB / 258.3MB,0B / 0B
2026-03-30 19:22:56,130,67.66,125.6MB,34068.5,0.38,6.749GB / 258.7MB,0B / 0B
2026-03-30 19:23:08,130,67.66,125.5MB,34068.5,0.38,6.76GB / 259.1MB,0B / 0B
2026-03-30 19:23:20,130,67.65,126MB,34068.5,0.38,6.77GB / 259.5MB,0B / 0B
2026-03-30 19:23:33,131,67.66,126.8MB,34068.5,0.38,6.781GB / 259.9MB,0B / 0B
2026-03-30 19:23:45,131,67.66,125.7MB,34068.5,0.38,6.791GB / 260.3MB,0B / 0B
2026-03-30 19:23:57,131,67.67,125.4MB,34068.5,0.38,6.802GB / 260.7MB,0B / 0B
2026-03-30 19:24:09,131,67.67,126.2MB,34068.5,0.38,6.813GB / 261.1MB,0B / 0B
2026-03-30 19:24:22,131,67.67,125.3MB,34068.5,0.38,6.823GB / 261.5MB,0B / 0B
2026-03-30 19:24:34,132,67.67,125.7MB,34068.5,0.38,6.834GB / 261.9MB,0B / 0B
2026-03-30 19:24:46,132,67.66,126MB,34068.5,0.38,6.844GB / 262.3MB,0B / 0B
2026-03-30 19:24:58,132,67.67,126.2MB,34068.5,0.38,6.855GB / 262.7MB,0B / 0B
2026-03-30 19:25:10,132,67.68,125.3MB,34068.5,0.38,6.865GB / 263.1MB,0B / 0B
2026-03-30 19:25:23,132,67.69,126.4MB,34068.5,0.38,6.876GB / 263.5MB,0B / 0B
2026-03-30 19:25:35,133,67.69,127MB,34068.5,0.38,6.887GB / 264MB,0B / 0B
2026-03-30 19:25:47,133,67.69,125.6MB,34068.5,0.38,6.897GB / 264.4MB,0B / 0B
2026-03-30 19:25:59,133,67.68,126.8MB,34068.5,0.38,6.908GB / 264.8MB,0B / 0B
2026-03-30 19:26:12,133,67.69,126.9MB,34068.5,0.38,6.918GB / 265.2MB,0B / 0B
2026-03-30 19:26:24,133,67.69,125.8MB,34068.5,0.38,6.929GB / 265.6MB,0B / 0B
2026-03-30 19:26:36,134,67.69,126.3MB,34068.5,0.38,6.939GB / 266MB,0B / 0B
2026-03-30 19:26:48,134,67.69,126.1MB,34068.5,0.38,6.95GB / 266.4MB,0B / 0B
2026-03-30 19:27:00,134,67.70,126.9MB,34068.5,0.38,6.96GB / 266.8MB,0B / 0B
2026-03-30 19:27:12,134,67.70,126.5MB,34068.5,0.38,6.971GB / 267.2MB,0B / 0B
2026-03-30 19:27:24,134,67.69,126.6MB,34068.5,0.38,6.981GB / 267.6MB,0B / 0B
2026-03-30 19:27:37,135,67.70,127MB,34068.5,0.38,6.992GB / 268MB,0B / 0B
2026-03-30 19:27:49,135,67.70,126.5MB,34068.5,0.38,7.002GB / 268.4MB,0B / 0B
2026-03-30 19:28:01,135,67.70,126.3MB,34068.5,0.38,7.013GB / 268.8MB,0B / 0B
2026-03-30 19:28:13,135,67.70,126.4MB,34068.5,0.38,7.023GB / 269.2MB,0B / 0B
2026-03-30 19:28:25,136,67.71,126MB,34068.5,0.38,7.034GB / 269.6MB,0B / 0B
2026-03-30 19:28:37,136,67.71,126.8MB,34068.5,0.38,7.044GB / 270MB,0B / 0B
2026-03-30 19:28:49,136,67.71,126.5MB,34068.5,0.38,7.055GB / 270.4MB,0B / 0B
2026-03-30 19:29:02,136,67.71,127.3MB,34068.5,0.38,7.065GB / 270.8MB,0B / 0B
2026-03-30 19:29:14,136,67.71,126.6MB,34068.5,0.38,7.076GB / 271.2MB,0B / 0B
2026-03-30 19:29:26,137,67.72,126.6MB,34068.5,0.38,7.086GB / 271.6MB,0B / 0B
2026-03-30 19:29:38,137,67.72,126.6MB,34068.5,0.38,7.097GB / 272MB,0B / 0B
2026-03-30 19:29:50,137,67.72,127.5MB,34068.5,0.38,7.107GB / 272.4MB,0B / 0B
2026-03-30 19:30:03,137,67.72,127.6MB,34068.5,0.38,7.118GB / 272.8MB,0B / 0B
2026-03-30 19:30:15,137,67.72,126.6MB,34068.5,0.38,7.129GB / 273.2MB,0B / 0B
2026-03-30 19:30:27,138,67.73,127.5MB,34068.5,0.38,7.139GB / 273.6MB,0B / 0B
2026-03-30 19:30:39,138,67.73,127.7MB,34068.5,0.38,7.15GB / 274MB,0B / 0B
2026-03-30 19:30:51,138,67.73,127.7MB,34068.5,0.38,7.16GB / 274.4MB,0B / 0B
2026-03-30 19:31:03,138,67.74,128.4MB,34068.5,0.39,7.171GB / 274.8MB,0B / 0B
2026-03-30 19:31:16,138,67.74,126.5MB,34068.5,0.38,7.181GB / 275.2MB,0B / 0B
2026-03-30 19:31:28,139,67.75,127.8MB,34068.5,0.38,7.192GB / 275.7MB,0B / 0B
2026-03-30 19:31:40,139,67.75,127.8MB,34068.5,0.38,7.202GB / 276.1MB,0B / 0B
2026-03-30 19:31:52,139,67.76,126.6MB,34068.5,0.38,7.213GB / 276.5MB,0B / 0B
2026-03-30 19:32:04,139,67.77,128.3MB,34068.5,0.39,7.224GB / 276.9MB,0B / 0B
2026-03-30 19:32:17,139,67.77,127.7MB,34068.5,0.38,7.235GB / 277.3MB,0B / 0B
2026-03-30 19:32:29,140,67.77,127.5MB,34068.5,0.38,7.245GB / 277.7MB,0B / 0B
2026-03-30 19:32:41,140,67.77,127.7MB,34068.5,0.38,7.256GB / 278.1MB,0B / 0B
2026-03-30 19:32:54,140,67.78,128MB,34068.5,0.38,7.266GB / 278.5MB,0B / 0B
2026-03-30 19:33:06,140,67.78,127.7MB,34068.5,0.38,7.277GB / 278.9MB,0B / 0B
2026-03-30 19:33:18,140,67.78,127.1MB,34068.5,0.38,7.287GB / 279.3MB,0B / 0B
2026-03-30 19:33:30,141,67.78,127.8MB,34068.5,0.38,7.298GB / 279.7MB,0B / 0B
2026-03-30 19:33:42,141,67.78,127.6MB,34068.5,0.38,7.308GB / 280.1MB,0B / 0B
2026-03-30 19:33:54,141,67.78,128.8MB,34068.5,0.39,7.319GB / 280.5MB,0B / 0B
2026-03-30 19:34:07,141,67.77,128.1MB,34068.5,0.38,7.33GB / 280.9MB,0B / 0B
2026-03-30 19:34:19,141,67.78,128.5MB,34068.5,0.39,7.34GB / 281.3MB,0B / 0B
2026-03-30 19:34:31,142,67.78,127.7MB,34068.5,0.38,7.351GB / 281.7MB,0B / 0B
2026-03-30 19:34:43,142,67.78,128.2MB,34068.5,0.39,7.361GB / 282.1MB,0B / 0B
2026-03-30 19:34:55,142,67.78,128.3MB,34068.5,0.39,7.372GB / 282.5MB,0B / 0B
2026-03-30 19:35:08,142,67.78,128.5MB,34068.5,0.39,7.382GB / 282.9MB,0B / 0B
2026-03-30 19:35:20,142,67.78,128MB,34068.5,0.38,7.393GB / 283.4MB,0B / 0B
2026-03-30 19:35:32,143,67.78,127.9MB,34068.5,0.38,7.403GB / 283.8MB,0B / 0B
2026-03-30 19:35:44,143,67.79,128.2MB,34068.5,0.39,7.414GB / 284.2MB,0B / 0B
2026-03-30 19:35:56,143,67.80,128MB,34068.5,0.38,7.424GB / 284.6MB,0B / 0B
2026-03-30 19:36:08,143,67.80,129MB,34068.5,0.39,7.435GB / 285MB,0B / 0B
2026-03-30 19:36:21,143,67.80,129.1MB,34068.5,0.39,7.446GB / 285.4MB,0B / 0B
2026-03-30 19:36:33,144,67.80,128.7MB,34068.5,0.39,7.456GB / 285.8MB,0B / 0B
2026-03-30 19:36:45,144,67.80,128.9MB,34068.5,0.39,7.467GB / 286.2MB,0B / 0B
2026-03-30 19:36:57,144,67.81,128.7MB,34068.5,0.39,7.477GB / 286.6MB,0B / 0B
2026-03-30 19:37:09,144,67.81,128.8MB,34068.5,0.39,7.488GB / 287MB,0B / 0B
2026-03-30 19:37:21,144,67.81,128.9MB,34068.5,0.39,7.498GB / 287.4MB,0B / 0B
2026-03-30 19:37:33,145,67.82,129MB,34068.5,0.39,7.509GB / 287.8MB,0B / 0B
2026-03-30 19:37:46,145,67.82,128.8MB,34068.5,0.39,7.519GB / 288.2MB,0B / 0B
2026-03-30 19:37:58,145,67.82,128.2MB,34068.5,0.39,7.53GB / 288.6MB,0B / 0B
2026-03-30 19:38:10,145,67.82,128.5MB,34068.5,0.39,7.54GB / 289MB,0B / 0B
2026-03-30 19:38:22,145,67.82,128.6MB,34068.5,0.39,7.551GB / 289.4MB,0B / 0B
2026-03-30 19:38:34,146,67.82,128.3MB,34068.5,0.39,7.561GB / 289.8MB,0B / 0B
2026-03-30 19:38:47,146,67.82,130MB,34068.5,0.39,7.572GB / 290.2MB,0B / 0B
2026-03-30 19:38:59,146,67.82,128.8MB,34068.5,0.39,7.582GB / 290.6MB,0B / 0B
2026-03-30 19:39:11,146,67.83,129.2MB,34068.5,0.39,7.593GB / 291MB,0B / 0B
2026-03-30 19:39:23,146,67.83,129.4MB,34068.5,0.39,7.604GB / 291.4MB,0B / 0B
2026-03-30 19:39:35,147,67.83,129.1MB,34068.5,0.39,7.614GB / 291.8MB,0B / 0B
2026-03-30 19:39:47,147,67.83,128.8MB,34068.5,0.39,7.625GB / 292.2MB,0B / 0B
2026-03-30 19:39:59,147,67.83,129.2MB,34068.5,0.39,7.635GB / 292.6MB,0B / 0B
2026-03-30 19:40:12,147,67.84,129.3MB,34068.5,0.39,7.646GB / 293MB,0B / 0B
2026-03-30 19:40:24,147,67.84,130.7MB,34068.5,0.39,7.656GB / 293.5MB,0B / 0B
2026-03-30 19:40:36,148,67.84,129.7MB,34068.5,0.39,7.667GB / 293.8MB,0B / 0B
2026-03-30 19:40:48,148,67.84,128.9MB,34068.5,0.39,7.677GB / 294.2MB,0B / 0B
2026-03-30 19:41:00,148,67.83,130MB,34068.5,0.39,7.688GB / 294.7MB,0B / 0B
2026-03-30 19:41:12,148,67.83,129.4MB,34068.5,0.39,7.698GB / 295.1MB,0B / 0B
2026-03-30 19:41:24,148,67.83,129.5MB,34068.5,0.39,7.709GB / 295.5MB,0B / 0B
2026-03-30 19:41:37,149,67.84,129.8MB,34068.5,0.39,7.719GB / 295.9MB,0B / 0B
2026-03-30 19:41:49,149,67.84,128.7MB,34068.5,0.39,7.73GB / 296.3MB,0B / 0B
2026-03-30 19:42:01,149,67.84,129.4MB,34068.5,0.39,7.74GB / 296.7MB,0B / 0B
2026-03-30 19:42:13,149,67.84,130.3MB,34068.5,0.39,7.751GB / 297.1MB,0B / 0B
2026-03-30 19:42:25,150,67.84,129.5MB,34068.5,0.39,7.761GB / 297.5MB,0B / 0B
2026-03-30 19:42:37,150,67.84,129.2MB,34068.5,0.39,7.772GB / 297.9MB,0B / 0B
2026-03-30 19:42:49,150,67.84,129.6MB,34068.5,0.39,7.782GB / 298.3MB,0B / 0B
2026-03-30 19:43:02,150,67.84,129.6MB,34068.5,0.39,7.793GB / 298.7MB,0B / 0B
2026-03-30 19:43:14,150,67.81,128.7MB,34068.5,0.39,7.8GB / 299MB,0B / 0B
2026-03-30 19:43:26,151,67.77,130.2MB,34068.5,0.39,7.805GB / 299.2MB,0B / 0B
2026-03-30 19:43:38,151,67.77,130.3MB,34068.5,0.39,7.816GB / 299.6MB,0B / 0B
2026-03-30 19:43:51,151,67.76,129.8MB,34068.5,0.39,7.827GB / 300MB,0B / 0B
2026-03-30 19:44:03,151,67.76,129.7MB,34068.5,0.39,7.837GB / 300.4MB,0B / 0B
2026-03-30 19:44:15,151,67.76,130.3MB,34068.5,0.39,7.847GB / 300.8MB,0B / 0B
2026-03-30 19:44:27,152,67.76,129MB,34068.5,0.39,7.858GB / 301.2MB,0B / 0B
2026-03-30 19:44:40,152,67.76,130.3MB,34068.5,0.39,7.869GB / 301.6MB,0B / 0B
2026-03-30 19:44:52,152,67.76,130.1MB,34068.5,0.39,7.879GB / 302MB,0B / 0B
2026-03-30 19:45:04,152,67.75,130.1MB,34068.5,0.39,7.89GB / 302.4MB,0B / 0B
2026-03-30 19:45:16,152,67.76,129.6MB,34068.5,0.39,7.9GB / 302.8MB,0B / 0B
2026-03-30 19:45:29,153,67.76,130.1MB,34068.5,0.39,7.911GB / 303.2MB,0B / 0B
2026-03-30 19:45:41,153,67.76,130.5MB,34068.5,0.39,7.921GB / 303.6MB,0B / 0B
2026-03-30 19:45:53,153,67.76,129.9MB,34068.5,0.39,7.932GB / 304MB,0B / 0B
2026-03-30 19:46:05,153,67.76,129.9MB,34068.5,0.39,7.943GB / 304.4MB,0B / 0B
2026-03-30 19:46:18,153,67.77,129.7MB,34068.5,0.39,7.953GB / 304.8MB,0B / 0B
2026-03-30 19:46:30,154,67.77,130.3MB,34068.5,0.39,7.964GB / 305.2MB,0B / 0B
2026-03-30 19:46:42,154,67.78,129.9MB,34068.5,0.39,7.975GB / 305.6MB,0B / 0B
2026-03-30 19:46:55,154,67.78,129.8MB,34068.5,0.39,7.985GB / 306.1MB,0B / 0B
2026-03-30 19:47:07,154,67.79,131MB,34068.5,0.39,7.996GB / 306.5MB,0B / 0B
2026-03-30 19:47:19,154,67.79,130.2MB,34068.5,0.39,8.006GB / 306.8MB,0B / 0B
2026-03-30 19:47:31,155,67.80,131.3MB,34068.5,0.39,8.016GB / 307.2MB,0B / 0B
2026-03-30 19:47:43,155,67.82,130.8MB,34068.5,0.39,8.027GB / 307.7MB,0B / 0B
2026-03-30 19:47:56,155,67.83,130.6MB,34068.5,0.39,8.038GB / 308.1MB,0B / 0B
2026-03-30 19:48:08,155,67.85,130.3MB,34068.5,0.39,8.048GB / 308.5MB,0B / 0B
2026-03-30 19:48:21,155,67.87,130.8MB,34068.5,0.39,8.059GB / 308.9MB,0B / 0B
2026-03-30 19:48:33,156,67.89,130.7MB,34068.5,0.39,8.07GB / 309.3MB,0B / 0B
2026-03-30 19:48:45,156,67.91,130.3MB,34068.5,0.39,8.08GB / 309.7MB,0B / 0B
2026-03-30 19:48:58,156,67.92,131.2MB,34068.5,0.39,8.09GB / 310.1MB,0B / 0B
2026-03-30 19:49:10,156,67.93,130.6MB,34068.5,0.39,8.101GB / 310.5MB,0B / 0B
2026-03-30 19:49:22,156,67.94,131.2MB,34068.5,0.39,8.111GB / 310.9MB,0B / 0B
2026-03-30 19:49:34,157,67.95,131.2MB,34068.5,0.39,8.122GB / 311.3MB,0B / 0B
2026-03-30 19:49:46,157,67.96,130.7MB,34068.5,0.39,8.132GB / 311.7MB,0B / 0B
2026-03-30 19:49:58,157,67.98,131.4MB,34068.5,0.40,8.143GB / 312.1MB,0B / 0B
2026-03-30 19:50:11,157,67.99,130.6MB,34068.5,0.39,8.153GB / 312.5MB,0B / 0B
2026-03-30 19:50:23,157,68.01,130.8MB,34068.5,0.39,8.164GB / 312.9MB,0B / 0B
2026-03-30 19:50:36,158,68.02,131.5MB,34068.5,0.40,8.174GB / 313.3MB,0B / 0B
2026-03-30 19:50:48,158,68.03,131.1MB,34068.5,0.39,8.185GB / 313.7MB,0B / 0B
2026-03-30 19:51:00,158,68.04,131MB,34068.5,0.39,8.196GB / 314.1MB,0B / 0B
2026-03-30 19:51:12,158,68.06,131.4MB,34068.5,0.39,8.206GB / 314.5MB,0B / 0B
2026-03-30 19:51:25,159,68.07,130.8MB,34068.5,0.39,8.217GB / 314.9MB,0B / 0B
2026-03-30 19:51:37,159,68.08,132.1MB,34068.5,0.40,8.227GB / 315.3MB,0B / 0B
2026-03-30 19:51:49,159,68.08,130.8MB,34068.5,0.39,8.237GB / 315.7MB,0B / 0B
2026-03-30 19:52:01,159,68.10,131.1MB,34068.5,0.39,8.248GB / 316.1MB,0B / 0B
2026-03-30 19:52:14,159,68.11,132.4MB,34068.5,0.40,8.259GB / 316.5MB,0B / 0B
2026-03-30 19:52:26,160,68.12,132.3MB,34068.5,0.40,8.269GB / 316.9MB,0B / 0B
2026-03-30 19:52:38,160,68.13,131.5MB,34068.5,0.40,8.28GB / 317.3MB,0B / 0B
2026-03-30 19:52:51,160,68.13,131.7MB,34068.5,0.40,8.29GB / 317.7MB,0B / 0B
2026-03-30 19:53:03,160,68.14,131.8MB,34068.5,0.40,8.301GB / 318.1MB,0B / 0B
2026-03-30 19:53:15,160,68.15,131.4MB,34068.5,0.39,8.311GB / 318.5MB,0B / 0B
2026-03-30 19:53:27,161,68.16,132.4MB,34068.5,0.40,8.321GB / 318.9MB,0B / 0B
2026-03-30 19:53:40,161,68.17,131.8MB,34068.5,0.40,8.332GB / 319.3MB,0B / 0B
2026-03-30 19:53:52,161,68.18,131.7MB,34068.5,0.40,8.342GB / 319.7MB,0B / 0B
2026-03-30 19:54:04,161,68.19,131.5MB,34068.5,0.40,8.353GB / 320.1MB,0B / 0B
2026-03-30 19:54:17,161,68.21,131.5MB,34068.5,0.40,8.363GB / 320.5MB,0B / 0B
2026-03-30 19:54:29,162,68.23,131.4MB,34068.5,0.40,8.374GB / 320.9MB,0B / 0B
2026-03-30 19:54:42,162,68.24,132.7MB,34068.5,0.40,8.385GB / 321.3MB,0B / 0B
2026-03-30 19:54:54,162,68.25,132.9MB,34068.5,0.40,8.395GB / 321.7MB,0B / 0B
2026-03-30 19:55:06,162,68.26,132.2MB,34068.5,0.40,8.406GB / 322.1MB,0B / 0B
2026-03-30 19:55:18,162,68.29,131.6MB,34068.5,0.40,8.416GB / 322.5MB,0B / 0B
2026-03-30 19:55:31,163,68.30,131.5MB,34068.5,0.40,8.427GB / 322.9MB,0B / 0B
2026-03-30 19:55:43,163,68.31,132.4MB,34068.5,0.40,8.437GB / 323.3MB,0B / 0B
2026-03-30 19:55:56,163,68.31,131.8MB,34068.5,0.40,8.448GB / 323.7MB,0B / 0B
2026-03-30 19:56:08,163,68.32,132.6MB,34068.5,0.40,8.458GB / 324.1MB,0B / 0B
2026-03-30 19:56:20,163,68.33,132.1MB,34068.5,0.40,8.469GB / 324.5MB,0B / 0B
2026-03-30 19:56:32,164,68.35,131.6MB,34068.5,0.40,8.479GB / 324.9MB,0B / 0B
2026-03-30 19:56:45,164,68.36,131.7MB,34068.5,0.40,8.49GB / 325.3MB,0B / 0B
2026-03-30 19:56:57,164,68.37,131.7MB,34068.5,0.40,8.5GB / 325.7MB,0B / 0B
2026-03-30 19:57:09,164,68.38,132.2MB,34068.5,0.40,8.511GB / 326.1MB,0B / 0B
2026-03-30 19:57:22,164,68.39,133MB,34068.5,0.40,8.521GB / 326.6MB,0B / 0B
2026-03-30 19:57:34,165,68.41,132.1MB,34068.5,0.40,8.532GB / 326.9MB,0B / 0B
2026-03-30 19:57:46,165,68.42,132.4MB,34068.5,0.40,8.542GB / 327.4MB,0B / 0B
2026-03-30 19:57:58,165,68.44,131.9MB,34068.5,0.40,8.553GB / 327.7MB,0B / 0B
2026-03-30 19:58:10,165,68.44,133.4MB,34068.5,0.40,8.563GB / 328.1MB,0B / 0B
2026-03-30 19:58:23,165,68.46,132.4MB,34068.5,0.40,8.574GB / 328.5MB,0B / 0B
2026-03-30 19:58:35,166,68.47,132MB,34068.5,0.40,8.584GB / 329MB,0B / 0B
2026-03-30 19:58:47,166,68.48,132.5MB,34068.5,0.40,8.595GB / 329.4MB,0B / 0B
2026-03-30 19:58:59,166,68.49,132.1MB,34068.5,0.40,8.605GB / 329.8MB,0B / 0B
2026-03-30 19:59:12,166,68.50,132.6MB,34068.5,0.40,8.615GB / 330.1MB,0B / 0B
2026-03-30 19:59:24,166,68.51,132.8MB,34068.5,0.40,8.626GB / 330.6MB,0B / 0B
2026-03-30 19:59:36,167,68.52,133.3MB,34068.5,0.40,8.637GB / 331MB,0B / 0B
2026-03-30 19:59:49,167,68.53,132.6MB,34068.5,0.40,8.647GB / 331.4MB,0B / 0B
2026-03-30 20:00:01,167,68.54,132.6MB,34068.5,0.40,8.657GB / 331.8MB,0B / 0B
2026-03-30 20:00:13,167,68.55,132.6MB,34068.5,0.40,8.668GB / 332.2MB,0B / 0B
2026-03-30 20:00:25,168,68.57,132.5MB,34068.5,0.40,8.678GB / 332.6MB,0B / 0B
2026-03-30 20:00:37,168,68.57,132.7MB,34068.5,0.40,8.689GB / 333MB,0B / 0B
2026-03-30 20:00:50,168,68.58,132.9MB,34068.5,0.40,8.699GB / 333.4MB,0B / 0B
2026-03-30 20:01:02,168,68.60,133.6MB,34068.5,0.40,8.71GB / 333.8MB,0B / 0B
2026-03-30 20:01:14,168,68.61,132.8MB,34068.5,0.40,8.721GB / 334.2MB,0B / 0B
2026-03-30 20:01:27,169,68.62,132.7MB,34068.5,0.40,8.731GB / 334.6MB,0B / 0B
2026-03-30 20:01:39,169,68.63,133.2MB,34068.5,0.40,8.741GB / 335MB,0B / 0B
2026-03-30 20:01:51,169,68.63,132.9MB,34068.5,0.40,8.752GB / 335.4MB,0B / 0B
2026-03-30 20:02:03,169,68.64,133.1MB,34068.5,0.40,8.762GB / 335.8MB,0B / 0B
2026-03-30 20:02:16,169,68.65,132.6MB,34068.5,0.40,8.773GB / 336.2MB,0B / 0B
2026-03-30 20:02:28,170,68.66,132.7MB,34068.5,0.40,8.783GB / 336.6MB,0B / 0B
2026-03-30 20:02:40,170,68.67,132.8MB,34068.5,0.40,8.794GB / 337MB,0B / 0B
2026-03-30 20:02:53,170,68.69,132.8MB,34068.5,0.40,8.804GB / 337.4MB,0B / 0B
2026-03-30 20:03:05,170,68.70,134.2MB,34068.5,0.40,8.815GB / 337.8MB,0B / 0B
2026-03-30 20:03:17,170,68.71,133.6MB,34068.5,0.40,8.826GB / 338.2MB,0B / 0B
2026-03-30 20:03:30,171,68.73,134.3MB,34068.5,0.40,8.836GB / 338.6MB,0B / 0B
2026-03-30 20:03:42,171,68.74,134.3MB,34068.5,0.40,8.847GB / 339MB,0B / 0B
2026-03-30 20:03:54,171,68.75,134.2MB,34068.5,0.40,8.857GB / 339.4MB,0B / 0B
2026-03-30 20:04:07,171,68.77,132.8MB,34068.5,0.40,8.868GB / 339.8MB,0B / 0B
2026-03-30 20:04:20,171,68.78,134.1MB,34068.5,0.40,8.878GB / 340.2MB,0B / 0B
2026-03-30 20:04:32,172,68.78,133.8MB,34068.5,0.40,8.889GB / 340.6MB,0B / 0B
2026-03-30 20:04:44,172,68.78,133.2MB,34068.5,0.40,8.899GB / 341MB,0B / 0B
2026-03-30 20:04:57,172,68.79,133.9MB,34068.5,0.40,8.91GB / 341.4MB,0B / 0B
2026-03-30 20:05:09,172,68.80,133.8MB,34068.5,0.40,8.921GB / 341.8MB,0B / 0B
2026-03-30 20:05:22,172,68.81,134.5MB,34068.5,0.40,8.931GB / 342.2MB,0B / 0B
2026-03-30 20:05:34,173,68.82,134.4MB,34068.5,0.40,8.942GB / 342.6MB,0B / 0B
2026-03-30 20:05:46,173,68.83,134.5MB,34068.5,0.40,8.952GB / 343MB,0B / 0B
2026-03-30 20:05:58,173,68.84,133.4MB,34068.5,0.40,8.963GB / 343.4MB,0B / 0B
2026-03-30 20:06:11,173,68.85,134.9MB,34068.5,0.41,8.973GB / 343.8MB,0B / 0B
2026-03-30 20:06:23,173,68.86,134.5MB,34068.5,0.40,8.984GB / 344.2MB,0B / 0B
2026-03-30 20:06:35,174,68.86,134.9MB,34068.5,0.41,8.994GB / 344.6MB,0B / 0B
2026-03-30 20:06:48,174,68.87,134.2MB,34068.5,0.40,9.005GB / 345MB,0B / 0B
2026-03-30 20:07:00,174,68.87,134.3MB,34068.5,0.40,9.015GB / 345.4MB,0B / 0B
2026-03-30 20:07:12,174,68.88,134.6MB,34068.5,0.40,9.026GB / 345.8MB,0B / 0B
2026-03-30 20:07:24,174,68.90,133.9MB,34068.5,0.40,9.036GB / 346.2MB,0B / 0B
2026-03-30 20:07:37,175,68.90,134.9MB,34068.5,0.41,9.047GB / 346.6MB,0B / 0B
2026-03-30 20:07:49,175,68.91,133.7MB,34068.5,0.40,9.057GB / 347MB,0B / 0B
2026-03-30 20:08:01,175,68.93,134.5MB,34068.5,0.40,9.068GB / 347.4MB,0B / 0B
2026-03-30 20:08:14,175,68.94,134.4MB,34068.5,0.40,9.078GB / 347.9MB,0B / 0B
2026-03-30 20:08:26,176,68.96,134.9MB,34068.5,0.41,9.089GB / 348.3MB,0B / 0B
2026-03-30 20:08:38,176,68.97,135.1MB,34068.5,0.41,9.099GB / 348.7MB,0B / 0B
2026-03-30 20:08:50,176,68.97,134.9MB,34068.5,0.41,9.11GB / 349.1MB,0B / 0B
2026-03-30 20:09:03,176,68.99,134.4MB,34068.5,0.40,9.121GB / 349.5MB,0B / 0B
2026-03-30 20:09:15,176,69.00,134.6MB,34068.5,0.40,9.131GB / 349.9MB,0B / 0B
2026-03-30 20:09:27,177,69.00,134.5MB,34068.5,0.40,9.141GB / 350.3MB,0B / 0B
2026-03-30 20:09:40,177,69.01,134.9MB,34068.5,0.41,9.152GB / 350.7MB,0B / 0B
2026-03-30 20:09:52,177,69.02,134.8MB,34068.5,0.41,9.162GB / 351.1MB,0B / 0B
2026-03-30 20:10:04,177,69.03,134.3MB,34068.5,0.40,9.173GB / 351.5MB,0B / 0B
2026-03-30 20:10:16,177,69.05,135.4MB,34068.5,0.41,9.183GB / 351.9MB,0B / 0B
2026-03-30 20:10:29,178,69.06,134.5MB,34068.5,0.40,9.194GB / 352.3MB,0B / 0B
2026-03-30 20:10:41,178,69.08,134.6MB,34068.5,0.40,9.205GB / 352.7MB,0B / 0B
2026-03-30 20:10:54,178,69.08,136MB,34068.5,0.41,9.215GB / 353.1MB,0B / 0B
2026-03-30 20:11:06,178,69.09,134.4MB,34068.5,0.40,9.226GB / 353.5MB,0B / 0B
2026-03-30 20:11:18,178,69.10,136MB,34068.5,0.41,9.237GB / 353.9MB,0B / 0B
2026-03-30 20:11:31,179,69.12,134.3MB,34068.5,0.40,9.247GB / 354.3MB,0B / 0B
2026-03-30 20:11:43,179,69.13,135.7MB,34068.5,0.41,9.258GB / 354.7MB,0B / 0B
2026-03-30 20:11:56,179,69.13,134.4MB,34068.5,0.40,9.268GB / 355.1MB,0B / 0B
2026-03-30 20:12:08,179,69.14,135.5MB,34068.5,0.41,9.279GB / 355.5MB,0B / 0B
2026-03-30 20:12:20,179,69.15,134.8MB,34068.5,0.41,9.289GB / 355.9MB,0B / 0B
2026-03-30 20:12:32,180,69.16,135.5MB,34068.5,0.41,9.3GB / 356.3MB,0B / 0B
2026-03-30 20:12:45,180,69.16,135.3MB,34068.5,0.41,9.31GB / 356.7MB,0B / 0B
2026-03-30 20:12:57,180,69.17,135.3MB,34068.5,0.41,9.32GB / 357.1MB,0B / 0B
2026-03-30 20:13:09,180,69.18,136.1MB,34068.5,0.41,9.331GB / 357.5MB,0B / 0B
2026-03-30 20:13:21,180,69.18,134.8MB,34068.5,0.41,9.34GB / 357.9MB,0B / 0B
2026-03-30 20:13:33,181,69.12,135MB,34068.5,0.41,9.343GB / 358MB,0B / 0B
2026-03-30 20:13:45,181,69.13,135.8MB,34068.5,0.41,9.354GB / 358.4MB,0B / 0B
2026-03-30 20:13:58,181,69.13,135.9MB,34068.5,0.41,9.364GB / 358.8MB,0B / 0B
2026-03-30 20:14:10,181,69.14,135MB,34068.5,0.41,9.375GB / 359.2MB,0B / 0B
2026-03-30 20:14:23,181,69.15,135.7MB,34068.5,0.41,9.385GB / 359.6MB,0B / 0B
2026-03-30 20:14:35,182,69.15,136.2MB,34068.5,0.41,9.396GB / 360MB,0B / 0B
2026-03-30 20:14:48,182,69.16,136MB,34068.5,0.41,9.406GB / 360.4MB,0B / 0B
2026-03-30 20:15:00,182,69.17,136.4MB,34068.5,0.41,9.417GB / 360.8MB,0B / 0B
2026-03-30 20:15:13,182,69.18,135.8MB,34068.5,0.41,9.427GB / 361.2MB,0B / 0B
2026-03-30 20:15:25,183,69.18,136.6MB,34068.5,0.41,9.438GB / 361.6MB,0B / 0B
2026-03-30 20:15:37,183,69.19,136.7MB,34068.5,0.41,9.448GB / 362MB,0B / 0B
2026-03-30 20:15:49,183,69.20,136.2MB,34068.5,0.41,9.459GB / 362.4MB,0B / 0B
2026-03-30 20:16:02,183,69.21,136MB,34068.5,0.41,9.469GB / 362.8MB,0B / 0B
2026-03-30 20:16:14,183,69.21,136.5MB,34068.5,0.41,9.48GB / 363.2MB,0B / 0B
2026-03-30 20:16:27,184,69.22,135.4MB,34068.5,0.41,9.49GB / 363.6MB,0B / 0B
2026-03-30 20:16:39,184,69.22,136MB,34068.5,0.41,9.5GB / 364MB,0B / 0B
2026-03-30 20:16:51,184,69.23,135.9MB,34068.5,0.41,9.511GB / 364.4MB,0B / 0B
2026-03-30 20:17:03,184,69.24,136.4MB,34068.5,0.41,9.521GB / 364.8MB,0B / 0B
2026-03-30 20:17:16,184,69.24,136.4MB,34068.5,0.41,9.532GB / 365.2MB,0B / 0B
2026-03-30 20:17:28,185,69.25,136.8MB,34068.5,0.41,9.542GB / 365.6MB,0B / 0B
2026-03-30 20:17:40,185,69.26,136.4MB,34068.5,0.41,9.552GB / 366MB,0B / 0B
2026-03-30 20:17:52,185,69.27,136MB,34068.5,0.41,9.563GB / 366.4MB,0B / 0B
2026-03-30 20:18:05,185,69.27,135.7MB,34068.5,0.41,9.573GB / 366.8MB,0B / 0B
2026-03-30 20:18:17,185,69.29,135.8MB,34068.5,0.41,9.584GB / 367.2MB,0B / 0B
2026-03-30 20:18:29,186,69.30,135.9MB,34068.5,0.41,9.595GB / 367.6MB,0B / 0B
2026-03-30 20:18:42,186,69.31,136.2MB,34068.5,0.41,9.605GB / 368MB,0B / 0B
2026-03-30 20:18:54,186,69.32,136.4MB,34068.5,0.41,9.616GB / 368.4MB,0B / 0B
2026-03-30 20:19:07,186,69.33,136.7MB,34068.5,0.41,9.627GB / 368.8MB,0B / 0B
2026-03-30 20:19:19,186,69.34,136.5MB,34068.5,0.41,9.637GB / 369.2MB,0B / 0B
2026-03-30 20:19:31,187,69.35,137MB,34068.5,0.41,9.648GB / 369.6MB,0B / 0B
2026-03-30 20:19:44,187,69.36,136.4MB,34068.5,0.41,9.658GB / 370MB,0B / 0B
2026-03-30 20:19:56,187,69.36,137MB,34068.5,0.41,9.669GB / 370.4MB,0B / 0B
2026-03-30 20:20:08,187,69.36,136.5MB,34068.5,0.41,9.679GB / 370.8MB,0B / 0B
2026-03-30 20:20:21,187,69.37,136.7MB,34068.5,0.41,9.69GB / 371.2MB,0B / 0B
2026-03-30 20:20:33,188,69.38,136.8MB,34068.5,0.41,9.7GB / 371.6MB,0B / 0B
2026-03-30 20:20:45,188,69.38,136.5MB,34068.5,0.41,9.711GB / 372MB,0B / 0B
2026-03-30 20:20:58,188,69.39,137.6MB,34068.5,0.41,9.721GB / 372.4MB,0B / 0B
2026-03-30 20:21:10,188,69.40,136.8MB,34068.5,0.41,9.732GB / 372.8MB,0B / 0B
2026-03-30 20:21:22,188,69.41,137MB,34068.5,0.41,9.742GB / 373.2MB,0B / 0B
2026-03-30 20:21:34,189,69.42,136.6MB,34068.5,0.41,9.753GB / 373.6MB,0B / 0B
2026-03-30 20:21:47,189,69.43,137.1MB,34068.5,0.41,9.763GB / 374.1MB,0B / 0B
2026-03-30 20:21:59,189,69.44,136.3MB,34068.5,0.41,9.774GB / 374.4MB,0B / 0B
2026-03-30 20:22:11,189,69.44,137.1MB,34068.5,0.41,9.784GB / 374.9MB,0B / 0B
2026-03-30 20:22:24,189,69.45,137MB,34068.5,0.41,9.795GB / 375.3MB,0B / 0B
2026-03-30 20:22:36,190,69.46,136.7MB,34068.5,0.41,9.805GB / 375.7MB,0B / 0B
2026-03-30 20:22:48,190,69.47,136.5MB,34068.5,0.41,9.816GB / 376.1MB,0B / 0B
2026-03-30 20:23:00,190,69.48,137.1MB,34068.5,0.41,9.826GB / 376.5MB,0B / 0B
2026-03-30 20:23:13,190,69.48,136.6MB,34068.5,0.41,9.837GB / 376.9MB,0B / 0B
2026-03-30 20:23:25,191,69.49,137.7MB,34068.5,0.41,9.847GB / 377.3MB,0B / 0B
2026-03-30 20:23:37,191,69.50,138MB,34068.5,0.41,9.858GB / 377.7MB,0B / 0B
2026-03-30 20:23:49,191,69.50,136.8MB,34068.5,0.41,9.868GB / 378.1MB,0B / 0B
2026-03-30 20:24:02,191,69.51,137.4MB,34068.5,0.41,9.879GB / 378.5MB,0B / 0B
2026-03-30 20:24:14,191,69.52,136.9MB,34068.5,0.41,9.889GB / 378.9MB,0B / 0B
2026-03-30 20:24:26,192,69.54,138.4MB,34068.5,0.42,9.9GB / 379.3MB,0B / 0B
2026-03-30 20:24:38,192,69.54,137.4MB,34068.5,0.41,9.91GB / 379.7MB,0B / 0B
2026-03-30 20:24:51,192,69.54,137.1MB,34068.5,0.41,9.921GB / 380.1MB,0B / 0B
2026-03-30 20:25:03,192,69.55,139.1MB,34068.5,0.42,9.931GB / 380.5MB,0B / 0B
2026-03-30 20:25:15,192,69.56,138.8MB,34068.5,0.42,9.942GB / 380.9MB,0B / 0B
2026-03-30 20:25:27,193,69.57,137.8MB,34068.5,0.41,9.952GB / 381.3MB,0B / 0B
2026-03-30 20:25:40,193,69.58,137.3MB,34068.5,0.41,9.963GB / 381.7MB,0B / 0B
2026-03-30 20:25:52,193,69.59,138.4MB,34068.5,0.42,9.973GB / 382.1MB,0B / 0B
2026-03-30 20:26:04,193,69.60,137.8MB,34068.5,0.41,9.984GB / 382.5MB,0B / 0B
2026-03-30 20:26:16,193,69.61,137.2MB,34068.5,0.41,9.994GB / 382.9MB,0B / 0B
2026-03-30 20:26:29,194,69.61,137.3MB,34068.5,0.41,10GB / 383.3MB,0B / 0B
2026-03-30 20:26:41,194,69.62,138.6MB,34068.5,0.42,10.01GB / 383.7MB,0B / 0B
2026-03-30 20:26:53,194,69.63,138.2MB,34068.5,0.42,10.03GB / 384.1MB,0B / 0B
2026-03-30 20:27:06,194,69.63,138.5MB,34068.5,0.42,10.04GB / 384.5MB,0B / 0B
2026-03-30 20:27:18,194,69.64,137.7MB,34068.5,0.41,10.05GB / 384.9MB,0B / 0B
2026-03-30 20:27:30,195,69.64,138MB,34068.5,0.41,10.06GB / 385.3MB,0B / 0B
2026-03-30 20:27:43,195,69.65,138.5MB,34068.5,0.42,10.07GB / 385.7MB,0B / 0B
2026-03-30 20:27:55,195,69.66,138.3MB,34068.5,0.42,10.08GB / 386.1MB,0B / 0B
2026-03-30 20:28:07,195,69.67,138.2MB,34068.5,0.42,10.09GB / 386.5MB,0B / 0B
2026-03-30 20:28:20,195,69.68,138.6MB,34068.5,0.42,10.1GB / 386.9MB,0B / 0B
2026-03-30 20:28:32,196,69.70,139.1MB,34068.5,0.42,10.11GB / 387.3MB,0B / 0B
2026-03-30 20:28:44,196,69.70,138.5MB,34068.5,0.42,10.12GB / 387.7MB,0B / 0B
2026-03-30 20:28:57,196,69.71,138.9MB,34068.5,0.42,10.13GB / 388.1MB,0B / 0B
2026-03-30 20:29:09,196,69.72,138.2MB,34068.5,0.42,10.14GB / 388.5MB,0B / 0B
2026-03-30 20:29:21,196,69.73,139MB,34068.5,0.42,10.15GB / 388.9MB,0B / 0B
2026-03-30 20:29:34,197,69.74,138.7MB,34068.5,0.42,10.16GB / 389.3MB,0B / 0B
2026-03-30 20:29:46,197,69.74,138.5MB,34068.5,0.42,10.17GB / 389.7MB,0B / 0B
2026-03-30 20:29:58,197,69.75,139.1MB,34068.5,0.42,10.18GB / 390.1MB,0B / 0B
2026-03-30 20:30:11,197,69.76,138.3MB,34068.5,0.42,10.19GB / 390.5MB,0B / 0B
2026-03-30 20:30:23,197,69.77,138.9MB,34068.5,0.42,10.2GB / 390.9MB,0B / 0B
2026-03-30 20:30:35,198,69.78,139.2MB,34068.5,0.42,10.21GB / 391.3MB,0B / 0B
2026-03-30 20:30:47,198,69.80,138.5MB,34068.5,0.42,10.23GB / 391.7MB,0B / 0B
2026-03-30 20:31:00,198,69.81,139.2MB,34068.5,0.42,10.24GB / 392.1MB,0B / 0B
2026-03-30 20:31:12,198,69.82,138.3MB,34068.5,0.42,10.25GB / 392.5MB,0B / 0B
2026-03-30 20:31:24,198,69.83,138.3MB,34068.5,0.42,10.26GB / 392.9MB,0B / 0B
2026-03-30 20:31:37,199,69.84,139.6MB,34068.5,0.42,10.27GB / 393.3MB,0B / 0B
2026-03-30 20:31:49,199,69.85,139.3MB,34068.5,0.42,10.28GB / 393.7MB,0B / 0B
2026-03-30 20:32:01,199,69.86,139.8MB,34068.5,0.42,10.29GB / 394.1MB,0B / 0B
2026-03-30 20:32:14,199,69.88,138.5MB,34068.5,0.42,10.3GB / 394.5MB,0B / 0B
2026-03-30 20:32:26,200,69.89,139.2MB,34068.5,0.42,10.31GB / 394.9MB,0B / 0B
2026-03-30 20:32:38,200,69.90,138.9MB,34068.5,0.42,10.32GB / 395.3MB,0B / 0B
2026-03-30 20:32:50,200,69.92,138.9MB,34068.5,0.42,10.33GB / 395.7MB,0B / 0B
2026-03-30 20:33:03,200,69.92,139.4MB,34068.5,0.42,10.34GB / 396.1MB,0B / 0B
2026-03-30 20:33:15,200,69.93,138.9MB,34068.5,0.42,10.35GB / 396.5MB,0B / 0B
2026-03-30 20:33:28,201,69.94,138.7MB,34068.5,0.42,10.36GB / 396.9MB,0B / 0B
2026-03-30 20:33:40,201,69.94,139.7MB,34068.5,0.42,10.37GB / 397.3MB,0B / 0B
2026-03-30 20:33:52,201,69.96,139.3MB,34068.5,0.42,10.38GB / 397.7MB,0B / 0B
2026-03-30 20:34:04,201,69.96,139MB,34068.5,0.42,10.39GB / 398.1MB,0B / 0B
2026-03-30 20:34:17,201,69.97,139.6MB,34068.5,0.42,10.4GB / 398.6MB,0B / 0B
2026-03-30 20:34:29,202,69.98,139.6MB,34068.5,0.42,10.42GB / 399MB,0B / 0B
2026-03-30 20:34:42,202,69.99,139.8MB,34068.5,0.42,10.43GB / 399.4MB,0B / 0B
2026-03-30 20:34:55,202,70.00,140.2MB,34068.5,0.42,10.44GB / 399.8MB,0B / 0B
2026-03-30 20:35:07,202,70.01,138.9MB,34068.5,0.42,10.45GB / 400.2MB,0B / 0B
2026-03-30 20:35:19,202,70.01,140MB,34068.5,0.42,10.46GB / 400.6MB,0B / 0B
2026-03-30 20:35:31,203,70.02,139.6MB,34068.5,0.42,10.47GB / 401MB,0B / 0B
2026-03-30 20:35:44,203,70.03,140.8MB,34068.5,0.42,10.48GB / 401.4MB,0B / 0B
2026-03-30 20:35:56,203,70.04,139.9MB,34068.5,0.42,10.49GB / 401.8MB,0B / 0B
2026-03-30 20:36:08,203,70.05,140MB,34068.5,0.42,10.5GB / 402.2MB,0B / 0B
2026-03-30 20:36:21,203,70.05,140.3MB,34068.5,0.42,10.51GB / 402.6MB,0B / 0B
2026-03-30 20:36:33,204,70.06,139.6MB,34068.5,0.42,10.52GB / 403MB,0B / 0B
2026-03-30 20:36:45,204,70.07,140MB,34068.5,0.42,10.53GB / 403.4MB,0B / 0B
2026-03-30 20:36:58,204,70.07,139.6MB,34068.5,0.42,10.54GB / 403.8MB,0B / 0B
2026-03-30 20:37:10,204,70.09,140.8MB,34068.5,0.42,10.55GB / 404.2MB,0B / 0B
2026-03-30 20:37:22,204,70.10,140.3MB,34068.5,0.42,10.56GB / 404.6MB,0B / 0B
2026-03-30 20:37:35,205,70.11,140.8MB,34068.5,0.42,10.57GB / 405MB,0B / 0B
2026-03-30 20:37:47,205,70.12,139.9MB,34068.5,0.42,10.58GB / 405.4MB,0B / 0B
2026-03-30 20:37:59,205,70.12,140.6MB,34068.5,0.42,10.59GB / 405.8MB,0B / 0B
2026-03-30 20:38:11,205,70.12,140.8MB,34068.5,0.42,10.61GB / 406.2MB,0B / 0B
2026-03-30 20:38:24,205,70.13,140.6MB,34068.5,0.42,10.62GB / 406.6MB,0B / 0B
2026-03-30 20:38:36,206,70.13,140MB,34068.5,0.42,10.63GB / 407MB,0B / 0B
2026-03-30 20:38:48,206,70.13,140MB,34068.5,0.42,10.64GB / 407.4MB,0B / 0B
2026-03-30 20:39:01,206,70.14,139.9MB,34068.5,0.42,10.65GB / 407.8MB,0B / 0B
2026-03-30 20:39:13,206,70.15,140.3MB,34068.5,0.42,10.66GB / 408.2MB,0B / 0B
2026-03-30 20:39:25,207,70.16,141MB,34068.5,0.42,10.67GB / 408.6MB,0B / 0B
2026-03-30 20:39:38,207,70.16,141MB,34068.5,0.42,10.68GB / 409MB,0B / 0B
2026-03-30 20:39:50,207,70.17,140.6MB,34068.5,0.42,10.69GB / 409.4MB,0B / 0B
2026-03-30 20:40:02,207,70.18,140.5MB,34068.5,0.42,10.7GB / 409.8MB,0B / 0B
2026-03-30 20:40:14,207,70.18,140MB,34068.5,0.42,10.71GB / 410.2MB,0B / 0B
2026-03-30 20:40:27,208,70.19,140.1MB,34068.5,0.42,10.72GB / 410.6MB,0B / 0B
2026-03-30 20:40:39,208,70.21,141MB,34068.5,0.42,10.73GB / 411MB,0B / 0B
2026-03-30 20:40:51,208,70.21,141.8MB,34068.5,0.43,10.74GB / 411.5MB,0B / 0B
2026-03-30 20:41:04,208,70.22,141.5MB,34068.5,0.43,10.75GB / 411.8MB,0B / 0B
2026-03-30 20:41:16,208,70.23,140.7MB,34068.5,0.42,10.76GB / 412.2MB,0B / 0B
2026-03-30 20:41:28,209,70.24,140.6MB,34068.5,0.42,10.77GB / 412.7MB,0B / 0B
2026-03-30 20:41:40,209,70.25,141.5MB,34068.5,0.43,10.78GB / 413.1MB,0B / 0B
2026-03-30 20:41:53,209,70.25,141MB,34068.5,0.42,10.79GB / 413.5MB,0B / 0B
2026-03-30 20:42:05,209,70.26,141.2MB,34068.5,0.42,10.8GB / 413.9MB,0B / 0B
2026-03-30 20:42:17,209,70.27,141.9MB,34068.5,0.43,10.82GB / 414.3MB,0B / 0B
2026-03-30 20:42:29,210,70.27,140.6MB,34068.5,0.42,10.83GB / 414.7MB,0B / 0B
2026-03-30 20:42:42,210,70.28,141.4MB,34068.5,0.43,10.84GB / 415.1MB,0B / 0B
2026-03-30 20:42:54,210,70.29,140.7MB,34068.5,0.42,10.85GB / 415.5MB,0B / 0B
2026-03-30 20:43:06,210,70.29,141.7MB,34068.5,0.43,10.86GB / 415.9MB,0B / 0B
2026-03-30 20:43:19,210,70.30,141.7MB,34068.5,0.43,10.87GB / 416.3MB,0B / 0B
2026-03-30 20:43:31,211,70.30,140.5MB,34068.5,0.42,10.88GB / 416.6MB,0B / 0B
2026-03-30 20:43:43,211,70.26,142.3MB,34068.5,0.43,10.88GB / 416.7MB,0B / 0B
2026-03-30 20:43:55,211,70.27,141.4MB,34068.5,0.42,10.89GB / 417.1MB,0B / 0B
2026-03-30 20:44:07,211,70.27,140.8MB,34068.5,0.42,10.9GB / 417.5MB,0B / 0B
2026-03-30 20:44:20,211,70.27,141MB,34068.5,0.42,10.91GB / 417.9MB,0B / 0B
2026-03-30 20:44:32,212,70.28,140.7MB,34068.5,0.42,10.92GB / 418.3MB,0B / 0B
2026-03-30 20:44:44,212,70.29,141.5MB,34068.5,0.43,10.93GB / 418.8MB,0B / 0B
2026-03-30 20:44:57,212,70.29,141.7MB,34068.5,0.43,10.94GB / 419.2MB,0B / 0B
2026-03-30 20:45:09,212,70.30,142MB,34068.5,0.43,10.95GB / 419.6MB,0B / 0B
2026-03-30 20:45:22,212,70.31,142.4MB,34068.5,0.43,10.96GB / 420MB,0B / 0B
2026-03-30 20:45:34,213,70.33,141.6MB,34068.5,0.43,10.97GB / 420.4MB,0B / 0B
2026-03-30 20:45:46,213,70.33,141.9MB,34068.5,0.43,10.99GB / 420.8MB,0B / 0B
2026-03-30 20:45:59,213,70.34,141.2MB,34068.5,0.42,11GB / 421.2MB,0B / 0B
2026-03-30 20:46:11,213,70.34,141.8MB,34068.5,0.43,11.01GB / 421.6MB,0B / 0B
2026-03-30 20:46:23,213,70.35,141.1MB,34068.5,0.42,11.02GB / 422MB,0B / 0B
2026-03-30 20:46:36,214,70.35,141.8MB,34068.5,0.43,11.03GB / 422.4MB,0B / 0B
2026-03-30 20:46:48,214,70.36,142.4MB,34068.5,0.43,11.04GB / 422.8MB,0B / 0B
2026-03-30 20:47:00,214,70.36,142.3MB,34068.5,0.43,11.05GB / 423.2MB,0B / 0B
2026-03-30 20:47:13,214,70.37,141.5MB,34068.5,0.43,11.06GB / 423.6MB,0B / 0B
2026-03-30 20:47:25,215,70.37,142.2MB,34068.5,0.43,11.07GB / 424MB,0B / 0B
2026-03-30 20:47:37,215,70.39,142MB,34068.5,0.43,11.08GB / 424.4MB,0B / 0B
2026-03-30 20:47:49,215,70.39,141.7MB,34068.5,0.43,11.09GB / 424.8MB,0B / 0B
2026-03-30 20:48:01,215,70.40,141.5MB,34068.5,0.43,11.1GB / 425.2MB,0B / 0B
2026-03-30 20:48:14,215,70.40,142.4MB,34068.5,0.43,11.11GB / 425.6MB,0B / 0B
2026-03-30 20:48:26,216,70.41,141.5MB,34068.5,0.43,11.12GB / 426MB,0B / 0B
2026-03-30 20:48:39,216,70.42,141.6MB,34068.5,0.43,11.13GB / 426.4MB,0B / 0B
2026-03-30 20:48:51,216,70.42,143MB,34068.5,0.43,11.14GB / 426.8MB,0B / 0B
2026-03-30 20:49:04,216,70.43,142.3MB,34068.5,0.43,11.15GB / 427.2MB,0B / 0B
2026-03-30 20:49:16,216,70.44,143.3MB,34068.5,0.43,11.16GB / 427.6MB,0B / 0B
2026-03-30 20:49:28,217,70.45,142.6MB,34068.5,0.43,11.17GB / 428MB,0B / 0B
2026-03-30 20:49:41,217,70.46,141.8MB,34068.5,0.43,11.19GB / 428.4MB,0B / 0B
2026-03-30 20:49:53,217,70.47,142.1MB,34068.5,0.43,11.2GB / 428.8MB,0B / 0B
2026-03-30 20:50:05,217,70.47,142.3MB,34068.5,0.43,11.21GB / 429.2MB,0B / 0B
2026-03-30 20:50:18,217,70.48,142.6MB,34068.5,0.43,11.22GB / 429.6MB,0B / 0B
2026-03-30 20:50:30,218,70.49,142.3MB,34068.5,0.43,11.23GB / 430MB,0B / 0B
2026-03-30 20:50:42,218,70.49,142.4MB,34068.5,0.43,11.24GB / 430.4MB,0B / 0B
2026-03-30 20:50:55,218,70.50,143.1MB,34068.5,0.43,11.25GB / 430.8MB,0B / 0B
2026-03-30 20:51:07,218,70.51,142.5MB,34068.5,0.43,11.26GB / 431.2MB,0B / 0B
2026-03-30 20:51:19,218,70.52,142.7MB,34068.5,0.43,11.27GB / 431.6MB,0B / 0B
2026-03-30 20:51:32,219,70.52,142.5MB,34068.5,0.43,11.28GB / 432MB,0B / 0B
2026-03-30 20:51:44,219,70.53,142.8MB,34068.5,0.43,11.29GB / 432.4MB,0B / 0B
2026-03-30 20:51:56,219,70.53,143.8MB,34068.5,0.43,11.3GB / 432.8MB,0B / 0B
2026-03-30 20:52:09,219,70.54,143.1MB,34068.5,0.43,11.31GB / 433.2MB,0B / 0B
2026-03-30 20:52:21,219,70.54,142.9MB,34068.5,0.43,11.32GB / 433.6MB,0B / 0B
2026-03-30 20:52:33,220,70.55,142.7MB,34068.5,0.43,11.33GB / 434MB,0B / 0B
2026-03-30 20:52:45,220,70.55,143.5MB,34068.5,0.43,11.34GB / 434.4MB,0B / 0B
2026-03-30 20:52:57,220,70.57,143.7MB,34068.5,0.43,11.35GB / 434.8MB,0B / 0B
2026-03-30 20:53:10,220,70.58,144MB,34068.5,0.43,11.36GB / 435.2MB,0B / 0B
2026-03-30 20:53:22,220,70.58,144.9MB,34068.5,0.44,11.37GB / 435.6MB,0B / 0B
2026-03-30 20:53:34,221,70.59,144MB,34068.5,0.43,11.38GB / 436MB,0B / 0B
2026-03-30 20:53:46,221,70.59,144.3MB,34068.5,0.43,11.39GB / 436.4MB,0B / 0B
2026-03-30 20:53:58,221,70.59,144.2MB,34068.5,0.43,11.4GB / 436.8MB,0B / 0B
2026-03-30 20:54:10,221,70.60,144.8MB,34068.5,0.44,11.42GB / 437.2MB,0B / 0B
2026-03-30 20:54:23,221,70.60,143.7MB,34068.5,0.43,11.43GB / 437.6MB,0B / 0B
2026-03-30 20:54:35,222,70.61,143.7MB,34068.5,0.43,11.44GB / 438MB,0B / 0B
2026-03-30 20:54:47,222,70.61,143.9MB,34068.5,0.43,11.45GB / 438.4MB,0B / 0B
2026-03-30 20:55:00,222,70.62,143.6MB,34068.5,0.43,11.46GB / 438.8MB,0B / 0B
2026-03-30 20:55:12,222,70.63,144MB,34068.5,0.43,11.47GB / 439.2MB,0B / 0B
2026-03-30 20:55:24,222,70.63,144.9MB,34068.5,0.44,11.48GB / 439.6MB,0B / 0B
2026-03-30 20:55:36,223,70.64,144.7MB,34068.5,0.43,11.49GB / 440MB,0B / 0B
2026-03-30 20:55:48,223,70.64,144.8MB,34068.5,0.44,11.5GB / 440.4MB,0B / 0B
2026-03-30 20:56:01,223,70.65,144.8MB,34068.5,0.44,11.51GB / 440.8MB,0B / 0B
2026-03-30 20:56:13,223,70.66,144.3MB,34068.5,0.43,11.52GB / 441.2MB,0B / 0B
2026-03-30 20:56:25,224,70.67,145MB,34068.5,0.44,11.53GB / 441.6MB,0B / 0B
2026-03-30 20:56:37,224,70.68,144.4MB,34068.5,0.43,11.54GB / 442MB,0B / 0B
2026-03-30 20:56:50,224,70.69,145.6MB,34068.5,0.44,11.55GB / 442.4MB,0B / 0B
2026-03-30 20:57:02,224,70.69,145.3MB,34068.5,0.44,11.56GB / 442.8MB,0B / 0B
2026-03-30 20:57:14,224,70.70,145.9MB,34068.5,0.44,11.57GB / 443.2MB,0B / 0B
2026-03-30 20:57:27,225,70.71,144.2MB,34068.5,0.43,11.58GB / 443.6MB,0B / 0B
2026-03-30 20:57:39,225,70.72,144.3MB,34068.5,0.43,11.59GB / 444MB,0B / 0B
2026-03-30 20:57:52,225,70.72,145MB,34068.5,0.44,11.6GB / 444.4MB,0B / 0B
2026-03-30 20:58:04,225,70.73,145.5MB,34068.5,0.44,11.61GB / 444.8MB,0B / 0B
2026-03-30 20:58:16,225,70.74,144.6MB,34068.5,0.43,11.63GB / 445.2MB,0B / 0B
2026-03-30 20:58:28,226,70.74,144.8MB,34068.5,0.44,11.64GB / 445.7MB,0B / 0B
2026-03-30 20:58:41,226,70.75,145.3MB,34068.5,0.44,11.65GB / 446.1MB,0B / 0B
2026-03-30 20:58:53,226,70.76,145.7MB,34068.5,0.44,11.66GB / 446.5MB,0B / 0B
2026-03-30 20:59:06,226,70.76,144.9MB,34068.5,0.44,11.67GB / 446.9MB,0B / 0B
2026-03-30 20:59:18,226,70.76,145.2MB,34068.5,0.44,11.68GB / 447.2MB,0B / 0B
2026-03-30 20:59:30,227,70.77,145.8MB,34068.5,0.44,11.69GB / 447.6MB,0B / 0B
2026-03-30 20:59:42,227,70.77,145.5MB,34068.5,0.44,11.7GB / 448MB,0B / 0B
2026-03-30 20:59:54,227,70.78,146.7MB,34068.5,0.44,11.71GB / 448.4MB,0B / 0B
2026-03-30 21:00:07,227,70.78,145.3MB,34068.5,0.44,11.72GB / 448.8MB,0B / 0B
2026-03-30 21:00:19,227,70.79,145.5MB,34068.5,0.44,11.73GB / 449.2MB,0B / 0B
2026-03-30 21:00:31,228,70.80,145.7MB,34068.5,0.44,11.74GB / 449.6MB,0B / 0B
2026-03-30 21:00:44,228,70.80,145.8MB,34068.5,0.44,11.75GB / 450MB,0B / 0B
2026-03-30 21:00:56,228,70.81,146.3MB,34068.5,0.44,11.76GB / 450.4MB,0B / 0B
2026-03-30 21:01:08,228,70.81,146.1MB,34068.5,0.44,11.77GB / 450.8MB,0B / 0B
2026-03-30 21:01:21,228,70.81,144.8MB,34068.5,0.44,11.78GB / 451.2MB,0B / 0B
2026-03-30 21:01:33,229,70.82,145.8MB,34068.5,0.44,11.79GB / 451.6MB,0B / 0B
2026-03-30 21:01:45,229,70.82,146.9MB,34068.5,0.44,11.8GB / 452MB,0B / 0B
2026-03-30 21:01:57,229,70.83,146.5MB,34068.5,0.44,11.81GB / 452.4MB,0B / 0B
2026-03-30 21:02:10,229,70.84,146.4MB,34068.5,0.44,11.82GB / 452.8MB,0B / 0B
2026-03-30 21:02:22,229,70.84,146.3MB,34068.5,0.44,11.83GB / 453.2MB,0B / 0B
2026-03-30 21:02:34,230,70.85,146.2MB,34068.5,0.44,11.84GB / 453.6MB,0B / 0B
2026-03-30 21:02:46,230,70.85,146.3MB,34068.5,0.44,11.85GB / 454MB,0B / 0B
2026-03-30 21:02:58,230,70.85,146.2MB,34068.5,0.44,11.87GB / 454.4MB,0B / 0B
2026-03-30 21:03:11,230,70.86,145.4MB,34068.5,0.44,11.88GB / 454.8MB,0B / 0B
2026-03-30 21:03:23,230,70.87,147MB,34068.5,0.44,11.89GB / 455.2MB,0B / 0B
2026-03-30 21:03:36,231,70.88,146.4MB,34068.5,0.44,11.9GB / 455.7MB,0B / 0B
2026-03-30 21:03:48,231,70.89,146.1MB,34068.5,0.44,11.91GB / 456.1MB,0B / 0B
2026-03-30 21:04:00,231,70.90,145.5MB,34068.5,0.44,11.92GB / 456.5MB,0B / 0B
2026-03-30 21:04:13,231,70.90,146.1MB,34068.5,0.44,11.93GB / 456.9MB,0B / 0B
2026-03-30 21:04:25,232,70.91,145.8MB,34068.5,0.44,11.94GB / 457.3MB,0B / 0B
2026-03-30 21:04:37,232,70.92,146.2MB,34068.5,0.44,11.95GB / 457.7MB,0B / 0B
2026-03-30 21:04:50,232,70.93,146.3MB,34068.5,0.44,11.96GB / 458.1MB,0B / 0B
2026-03-30 21:05:03,232,70.93,146.3MB,34068.5,0.44,11.97GB / 458.5MB,0B / 0B
2026-03-30 21:05:15,232,70.94,146.2MB,34068.5,0.44,11.98GB / 458.9MB,0B / 0B
2026-03-30 21:05:27,233,70.94,147.1MB,34068.5,0.44,11.99GB / 459.3MB,0B / 0B
2026-03-30 21:05:39,233,70.95,146.2MB,34068.5,0.44,12GB / 459.7MB,0B / 0B
2026-03-30 21:05:52,233,70.95,145.9MB,34068.5,0.44,12.01GB / 460.1MB,0B / 0B
2026-03-30 21:06:04,233,70.96,146.7MB,34068.5,0.44,12.02GB / 460.5MB,0B / 0B
2026-03-30 21:06:17,233,70.96,146.2MB,34068.5,0.44,12.04GB / 460.9MB,0B / 0B
2026-03-30 21:06:29,234,70.97,147MB,34068.5,0.44,12.05GB / 461.3MB,0B / 0B
2026-03-30 21:06:41,234,70.97,147.2MB,34068.5,0.44,12.06GB / 461.7MB,0B / 0B
2026-03-30 21:06:54,234,70.98,146.6MB,34068.5,0.44,12.07GB / 462.1MB,0B / 0B
2026-03-30 21:07:06,234,70.98,147.1MB,34068.5,0.44,12.08GB / 462.5MB,0B / 0B
2026-03-30 21:07:19,234,70.99,146.1MB,34068.5,0.44,12.09GB / 463MB,0B / 0B
2026-03-30 21:07:31,235,71.00,147.6MB,34068.5,0.44,12.1GB / 463.4MB,0B / 0B
2026-03-30 21:07:43,235,71.01,146.5MB,34068.5,0.44,12.11GB / 463.8MB,0B / 0B
2026-03-30 21:07:56,235,71.01,146.5MB,34068.5,0.44,12.12GB / 464.2MB,0B / 0B
2026-03-30 21:08:08,235,71.02,146.9MB,34068.5,0.44,12.13GB / 464.6MB,0B / 0B
2026-03-30 21:08:20,235,71.02,146.9MB,34068.5,0.44,12.14GB / 465MB,0B / 0B
2026-03-30 21:08:32,236,71.03,147MB,34068.5,0.44,12.15GB / 465.4MB,0B / 0B
2026-03-30 21:08:45,236,71.03,147.4MB,34068.5,0.44,12.16GB / 465.8MB,0B / 0B
2026-03-30 21:08:57,236,71.04,147.3MB,34068.5,0.44,12.17GB / 466.2MB,0B / 0B
2026-03-30 21:09:09,236,71.05,146.7MB,34068.5,0.44,12.18GB / 466.6MB,0B / 0B
2026-03-30 21:09:21,236,71.05,147.2MB,34068.5,0.44,12.19GB / 467MB,0B / 0B
2026-03-30 21:09:34,237,71.06,147.5MB,34068.5,0.44,12.2GB / 467.4MB,0B / 0B
2026-03-30 21:09:46,237,71.06,147.6MB,34068.5,0.44,12.21GB / 467.8MB,0B / 0B
2026-03-30 21:09:58,237,71.06,146.9MB,34068.5,0.44,12.22GB / 468.2MB,0B / 0B
2026-03-30 21:10:11,237,71.07,147MB,34068.5,0.44,12.23GB / 468.5MB,0B / 0B
2026-03-30 21:10:23,237,71.08,147.1MB,34068.5,0.44,12.25GB / 469MB,0B / 0B
2026-03-30 21:10:35,238,71.09,146.6MB,34068.5,0.44,12.26GB / 469.4MB,0B / 0B
2026-03-30 21:10:48,238,71.09,147.9MB,34068.5,0.44,12.27GB / 469.8MB,0B / 0B
2026-03-30 21:11:00,238,71.11,148.2MB,34068.5,0.45,12.28GB / 470.2MB,0B / 0B
2026-03-30 21:11:12,238,71.11,148.4MB,34068.5,0.45,12.29GB / 470.6MB,0B / 0B
2026-03-30 21:11:25,239,71.12,147.8MB,34068.5,0.44,12.3GB / 471MB,0B / 0B
2026-03-30 21:11:37,239,71.12,147.3MB,34068.5,0.44,12.31GB / 471.4MB,0B / 0B
2026-03-30 21:11:49,239,71.12,147.5MB,34068.5,0.44,12.32GB / 471.8MB,0B / 0B
2026-03-30 21:12:02,239,71.13,147.1MB,34068.5,0.44,12.33GB / 472.2MB,0B / 0B
2026-03-30 21:12:14,239,71.13,147.7MB,34068.5,0.44,12.34GB / 472.6MB,0B / 0B
2026-03-30 21:12:26,240,71.14,147.7MB,34068.5,0.44,12.35GB / 473MB,0B / 0B
2026-03-30 21:12:39,240,71.15,147.2MB,34068.5,0.44,12.36GB / 473.4MB,0B / 0B
2026-03-30 21:12:51,240,71.15,147.6MB,34068.5,0.44,12.37GB / 473.8MB,0B / 0B
2026-03-30 21:13:03,240,71.16,147.4MB,34068.5,0.44,12.38GB / 474.2MB,0B / 0B
2026-03-30 21:13:16,240,71.17,147.9MB,34068.5,0.44,12.39GB / 474.6MB,0B / 0B
2026-03-30 21:13:28,241,71.17,148.3MB,34068.5,0.45,12.4GB / 475MB,0B / 0B
2026-03-30 21:13:40,241,71.18,147.1MB,34068.5,0.44,12.41GB / 475.4MB,0B / 0B
2026-03-30 21:13:53,241,71.14,148.4MB,34068.5,0.45,12.42GB / 475.5MB,0B / 0B
2026-03-30 21:14:05,241,71.14,148.1MB,34068.5,0.45,12.43GB / 475.9MB,0B / 0B
2026-03-30 21:14:18,241,71.15,148.4MB,34068.5,0.45,12.44GB / 476.3MB,0B / 0B
2026-03-30 21:14:30,242,71.15,147.7MB,34068.5,0.44,12.45GB / 476.7MB,0B / 0B
2026-03-30 21:14:42,242,71.16,148.5MB,34068.5,0.45,12.46GB / 477.1MB,0B / 0B
2026-03-30 21:14:54,242,71.17,148.2MB,34068.5,0.45,12.47GB / 477.5MB,0B / 0B
2026-03-30 21:15:07,242,71.17,148.2MB,34068.5,0.45,12.48GB / 477.9MB,0B / 0B
2026-03-30 21:15:19,242,71.18,148.5MB,34068.5,0.45,12.49GB / 478.3MB,0B / 0B
2026-03-30 21:15:32,243,71.18,148.9MB,34068.5,0.45,12.5GB / 478.7MB,0B / 0B
2026-03-30 21:15:44,243,71.19,148.6MB,34068.5,0.45,12.51GB / 479.1MB,0B / 0B
2026-03-30 21:15:56,243,71.19,148.9MB,34068.5,0.45,12.52GB / 479.5MB,0B / 0B
2026-03-30 21:16:09,243,71.20,148.1MB,34068.5,0.45,12.53GB / 479.9MB,0B / 0B
2026-03-30 21:16:21,243,71.21,145.4MB,34068.5,0.44,12.54GB / 480.3MB,0B / 36.86kB
2026-03-30 21:16:33,244,71.21,145.4MB,34068.5,0.44,12.55GB / 480.7MB,0B / 36.86kB
2026-03-30 21:16:46,244,71.22,146.3MB,34068.5,0.44,12.56GB / 481.1MB,0B / 36.86kB
2026-03-30 21:16:58,244,71.22,145.4MB,34068.5,0.44,12.57GB / 481.5MB,0B / 36.86kB
2026-03-30 21:17:10,244,71.23,145.8MB,34068.5,0.44,12.58GB / 481.9MB,0B / 36.86kB
2026-03-30 21:17:22,244,71.23,145.7MB,34068.5,0.44,12.59GB / 482.3MB,0B / 36.86kB
2026-03-30 21:17:35,245,71.24,145.5MB,34068.5,0.44,12.61GB / 482.7MB,0B / 36.86kB
2026-03-30 21:17:47,245,71.25,145.3MB,34068.5,0.44,12.62GB / 483.1MB,0B / 36.86kB
2026-03-30 21:17:59,245,71.25,146.1MB,34068.5,0.44,12.63GB / 483.5MB,0B / 36.86kB
2026-03-30 21:18:11,245,71.26,145.3MB,34068.5,0.44,12.64GB / 483.9MB,0B / 36.86kB
2026-03-30 21:18:24,245,71.27,145.8MB,34068.5,0.44,12.65GB / 484.3MB,0B / 36.86kB
2026-03-30 21:18:36,246,71.27,145.4MB,34068.5,0.44,12.66GB / 484.7MB,0B / 36.86kB
2026-03-30 21:18:48,246,71.28,145.6MB,34068.5,0.44,12.67GB / 485.1MB,0B / 36.86kB
2026-03-30 21:19:01,246,71.28,146MB,34068.5,0.44,12.68GB / 485.5MB,0B / 36.86kB
2026-03-30 21:19:13,246,71.29,145.7MB,34068.5,0.44,12.69GB / 486MB,0B / 36.86kB
2026-03-30 21:19:25,247,71.29,146.2MB,34068.5,0.44,12.7GB / 486.4MB,0B / 36.86kB
2026-03-30 21:19:38,247,71.30,146MB,34068.5,0.44,12.71GB / 486.8MB,0B / 36.86kB
2026-03-30 21:19:50,247,71.31,146.2MB,34068.5,0.44,12.72GB / 487.2MB,0B / 36.86kB
2026-03-30 21:20:03,247,71.31,147.1MB,34068.5,0.44,12.73GB / 487.6MB,0B / 36.86kB
2026-03-30 21:20:15,247,71.32,145.7MB,34068.5,0.44,12.74GB / 488MB,0B / 36.86kB
2026-03-30 21:20:27,248,71.32,146.9MB,34068.5,0.44,12.75GB / 488.4MB,0B / 36.86kB
2026-03-30 21:20:40,248,71.33,146.1MB,34068.5,0.44,12.76GB / 488.8MB,0B / 36.86kB
2026-03-30 21:20:52,248,71.33,145.9MB,34068.5,0.44,12.77GB / 489.2MB,0B / 36.86kB
2026-03-30 21:21:04,248,71.34,146.3MB,34068.5,0.44,12.78GB / 489.6MB,0B / 36.86kB
2026-03-30 21:21:16,248,71.35,147.4MB,34068.5,0.44,12.8GB / 490MB,0B / 36.86kB
2026-03-30 21:21:29,249,71.35,146.8MB,34068.5,0.44,12.81GB / 490.4MB,0B / 36.86kB
2026-03-30 21:21:41,249,71.36,146.3MB,34068.5,0.44,12.82GB / 490.8MB,0B / 36.86kB
2026-03-30 21:21:53,249,71.37,145.9MB,34068.5,0.44,12.83GB / 491.2MB,0B / 36.86kB
2026-03-30 21:22:06,249,71.38,146.1MB,34068.5,0.44,12.84GB / 491.6MB,0B / 36.86kB
2026-03-30 21:22:18,249,71.38,146MB,34068.5,0.44,12.85GB / 492MB,0B / 36.86kB
2026-03-30 21:22:30,250,71.39,146.5MB,34068.5,0.44,12.86GB / 492.4MB,0B / 36.86kB
2026-03-30 21:22:43,250,71.40,146.4MB,34068.5,0.44,12.87GB / 492.8MB,0B / 36.86kB
2026-03-30 21:22:55,250,71.40,145.9MB,34068.5,0.44,12.88GB / 493.2MB,0B / 36.86kB
2026-03-30 21:23:07,250,71.41,146MB,34068.5,0.44,12.89GB / 493.6MB,0B / 36.86kB
2026-03-30 21:23:20,250,71.42,147.5MB,34068.5,0.44,12.9GB / 494MB,0B / 36.86kB
2026-03-30 21:23:32,251,71.42,146.8MB,34068.5,0.44,12.91GB / 494.4MB,0B / 36.86kB
2026-03-30 21:23:44,251,71.43,146.2MB,34068.5,0.44,12.92GB / 494.8MB,0B / 36.86kB
2026-03-30 21:23:57,251,71.44,146.9MB,34068.5,0.44,12.93GB / 495.2MB,0B / 36.86kB
2026-03-30 21:24:09,251,71.45,146.9MB,34068.5,0.44,12.94GB / 495.6MB,0B / 36.86kB
2026-03-30 21:24:21,251,71.46,146.6MB,34068.5,0.44,12.95GB / 496.1MB,0B / 36.86kB
2026-03-30 21:24:34,252,71.46,146.7MB,34068.5,0.44,12.96GB / 496.5MB,0B / 36.86kB
2026-03-30 21:24:46,252,71.47,146.6MB,34068.5,0.44,12.97GB / 496.9MB,0B / 36.86kB
2026-03-30 21:24:58,252,71.48,146.7MB,34068.5,0.44,12.99GB / 497.3MB,0B / 36.86kB
2026-03-30 21:25:11,252,71.48,146.5MB,34068.5,0.44,13GB / 497.7MB,0B / 36.86kB
2026-03-30 21:25:24,252,71.48,146.8MB,34068.5,0.44,13.01GB / 498.1MB,0B / 36.86kB
2026-03-30 21:25:36,253,71.49,148.4MB,34068.5,0.45,13.02GB / 498.5MB,0B / 36.86kB
2026-03-30 21:25:48,253,71.49,147.1MB,34068.5,0.44,13.03GB / 498.9MB,0B / 36.86kB
2026-03-30 21:26:00,253,71.49,147.1MB,34068.5,0.44,13.04GB / 499.3MB,0B / 36.86kB
2026-03-30 21:26:13,253,71.50,147.8MB,34068.5,0.44,13.05GB / 499.7MB,0B / 36.86kB
2026-03-30 21:26:25,254,71.50,147.2MB,34068.5,0.44,13.06GB / 500.1MB,0B / 36.86kB
2026-03-30 21:26:37,254,71.51,147.6MB,34068.5,0.44,13.07GB / 500.5MB,0B / 36.86kB
2026-03-30 21:26:49,254,71.51,146.9MB,34068.5,0.44,13.08GB / 500.9MB,0B / 36.86kB
2026-03-30 21:27:02,254,71.52,147.5MB,34068.5,0.44,13.09GB / 501.3MB,0B / 36.86kB
2026-03-30 21:27:14,254,71.53,147.2MB,34068.5,0.44,13.1GB / 501.7MB,0B / 36.86kB
2026-03-30 21:27:26,255,71.53,146.6MB,34068.5,0.44,13.11GB / 502.1MB,0B / 36.86kB
2026-03-30 21:27:38,255,71.54,148MB,34068.5,0.44,13.12GB / 502.5MB,0B / 36.86kB
2026-03-30 21:27:51,255,71.54,149.1MB,34068.5,0.45,13.13GB / 502.9MB,0B / 36.86kB
2026-03-30 21:28:03,255,71.55,147.7MB,34068.5,0.44,13.14GB / 503.3MB,0B / 36.86kB
2026-03-30 21:28:15,255,71.55,147.4MB,34068.5,0.44,13.15GB / 503.7MB,0B / 36.86kB
2026-03-30 21:28:27,256,71.55,147.8MB,34068.5,0.44,13.16GB / 504.1MB,0B / 36.86kB
2026-03-30 21:28:40,256,71.55,147.3MB,34068.5,0.44,13.17GB / 504.5MB,0B / 36.86kB
2026-03-30 21:28:52,256,71.56,148.4MB,34068.5,0.45,13.18GB / 504.9MB,0B / 36.86kB
2026-03-30 21:29:04,256,71.57,147.8MB,34068.5,0.44,13.2GB / 505.3MB,0B / 36.86kB
2026-03-30 21:29:17,256,71.57,147.9MB,34068.5,0.44,13.21GB / 505.7MB,0B / 36.86kB
2026-03-30 21:29:29,257,71.58,147.3MB,34068.5,0.44,13.22GB / 506.1MB,0B / 36.86kB
2026-03-30 21:29:41,257,71.58,148.2MB,34068.5,0.45,13.23GB / 506.5MB,0B / 36.86kB
2026-03-30 21:29:53,257,71.58,148.9MB,34068.5,0.45,13.24GB / 506.9MB,0B / 36.86kB
2026-03-30 21:30:06,257,71.59,147.3MB,34068.5,0.44,13.25GB / 507.3MB,0B / 36.86kB
2026-03-30 21:30:18,257,71.60,148.5MB,34068.5,0.45,13.26GB / 507.7MB,0B / 36.86kB
2026-03-30 21:30:30,258,71.60,148.6MB,34068.5,0.45,13.27GB / 508.1MB,0B / 36.86kB
2026-03-30 21:30:43,258,71.60,147.9MB,34068.5,0.44,13.28GB / 508.5MB,0B / 36.86kB
2026-03-30 21:30:55,258,71.61,147.5MB,34068.5,0.44,13.29GB / 508.9MB,0B / 36.86kB
2026-03-30 21:31:07,258,71.61,148.6MB,34068.5,0.45,13.3GB / 509.3MB,0B / 36.86kB
2026-03-30 21:31:19,258,71.62,147.6MB,34068.5,0.44,13.31GB / 509.7MB,0B / 36.86kB
2026-03-30 21:31:32,259,71.64,147.7MB,34068.5,0.44,13.32GB / 510.1MB,0B / 36.86kB
2026-03-30 21:31:44,259,71.65,148.8MB,34068.5,0.45,13.33GB / 510.5MB,0B / 36.86kB
2026-03-30 21:31:56,259,71.65,148.2MB,34068.5,0.45,13.34GB / 510.9MB,0B / 36.86kB
2026-03-30 21:32:09,259,71.66,148.4MB,34068.5,0.45,13.35GB / 511.3MB,0B / 36.86kB
2026-03-30 21:32:21,259,71.67,148.2MB,34068.5,0.45,13.36GB / 511.7MB,0B / 36.86kB
2026-03-30 21:32:33,260,71.67,148.2MB,34068.5,0.45,13.37GB / 512.1MB,0B / 36.86kB
2026-03-30 21:32:46,260,71.68,149.2MB,34068.5,0.45,13.38GB / 512.5MB,0B / 36.86kB
2026-03-30 21:32:58,260,71.69,148.3MB,34068.5,0.45,13.39GB / 512.9MB,0B / 36.86kB
2026-03-30 21:33:10,260,71.69,148.9MB,34068.5,0.45,13.4GB / 513.3MB,0B / 36.86kB
2026-03-30 21:33:23,260,71.70,149.3MB,34068.5,0.45,13.42GB / 513.7MB,0B / 36.86kB
2026-03-30 21:33:35,261,71.70,149.2MB,34068.5,0.45,13.43GB / 514.1MB,0B / 36.86kB
2026-03-30 21:33:47,261,71.70,149.1MB,34068.5,0.45,13.44GB / 514.5MB,0B / 36.86kB
2026-03-30 21:34:00,261,71.71,149.6MB,34068.5,0.45,13.45GB / 514.9MB,0B / 36.86kB
2026-03-30 21:34:12,261,71.71,148.7MB,34068.5,0.45,13.46GB / 515.3MB,0B / 36.86kB
2026-03-30 21:34:24,261,71.72,148.2MB,34068.5,0.45,13.47GB / 515.7MB,0B / 36.86kB
2026-03-30 21:34:37,262,71.72,149MB,34068.5,0.45,13.48GB / 516.1MB,0B / 36.86kB
2026-03-30 21:34:49,262,71.72,148.7MB,34068.5,0.45,13.49GB / 516.5MB,0B / 36.86kB
2026-03-30 21:35:01,262,71.73,149MB,34068.5,0.45,13.5GB / 516.9MB,0B / 36.86kB
2026-03-30 21:35:14,262,71.73,150.1MB,34068.5,0.45,13.51GB / 517.3MB,0B / 36.86kB
2026-03-30 21:35:26,263,71.73,149.7MB,34068.5,0.45,13.52GB / 517.7MB,0B / 36.86kB
2026-03-30 21:35:39,263,71.74,149MB,34068.5,0.45,13.53GB / 518.1MB,0B / 36.86kB
2026-03-30 21:35:51,263,71.74,149.5MB,34068.5,0.45,13.54GB / 518.5MB,0B / 36.86kB
2026-03-30 21:36:03,263,71.75,149.1MB,34068.5,0.45,13.55GB / 518.9MB,0B / 36.86kB
2026-03-30 21:36:16,263,71.75,149.4MB,34068.5,0.45,13.56GB / 519.3MB,0B / 36.86kB
2026-03-30 21:36:28,264,71.75,149MB,34068.5,0.45,13.57GB / 519.7MB,0B / 36.86kB
2026-03-30 21:36:40,264,71.75,149.4MB,34068.5,0.45,13.58GB / 520.1MB,0B / 36.86kB
2026-03-30 21:36:53,264,71.75,149.3MB,34068.5,0.45,13.59GB / 520.5MB,0B / 36.86kB
2026-03-30 21:37:05,264,71.76,149.2MB,34068.5,0.45,13.6GB / 520.9MB,0B / 36.86kB
2026-03-30 21:37:17,264,71.76,150.3MB,34068.5,0.45,13.62GB / 521.3MB,0B / 36.86kB
2026-03-30 21:37:30,265,71.77,148.8MB,34068.5,0.45,13.63GB / 521.7MB,0B / 36.86kB
2026-03-30 21:37:42,265,71.77,149.5MB,34068.5,0.45,13.64GB / 522.1MB,0B / 36.86kB
2026-03-30 21:37:54,265,71.78,149.7MB,34068.5,0.45,13.65GB / 522.5MB,0B / 36.86kB
2026-03-30 21:38:07,265,71.78,149.9MB,34068.5,0.45,13.66GB / 523MB,0B / 36.86kB
2026-03-30 21:38:19,265,71.79,150.4MB,34068.5,0.45,13.67GB / 523.3MB,0B / 36.86kB
2026-03-30 21:38:31,266,71.79,150.3MB,34068.5,0.45,13.68GB / 523.7MB,0B / 36.86kB
2026-03-30 21:38:43,266,71.79,150.5MB,34068.5,0.45,13.69GB / 524.1MB,0B / 36.86kB
2026-03-30 21:38:56,266,71.80,149.7MB,34068.5,0.45,13.7GB / 524.5MB,0B / 36.86kB
2026-03-30 21:39:08,266,71.80,149.5MB,34068.5,0.45,13.71GB / 524.9MB,0B / 36.86kB
2026-03-30 21:39:21,266,71.81,149.3MB,34068.5,0.45,13.72GB / 525.4MB,0B / 36.86kB
2026-03-30 21:39:33,267,71.81,150.1MB,34068.5,0.45,13.73GB / 525.8MB,0B / 36.86kB
2026-03-30 21:39:45,267,71.81,149.6MB,34068.5,0.45,13.74GB / 526.2MB,0B / 36.86kB
2026-03-30 21:39:57,267,71.82,149.8MB,34068.5,0.45,13.75GB / 526.6MB,0B / 36.86kB
2026-03-30 21:40:10,267,71.82,149.3MB,34068.5,0.45,13.76GB / 527MB,0B / 36.86kB
2026-03-30 21:40:22,267,71.82,150.2MB,34068.5,0.45,13.77GB / 527.4MB,0B / 36.86kB
2026-03-30 21:40:35,268,71.83,150.6MB,34068.5,0.45,13.78GB / 527.8MB,0B / 36.86kB
2026-03-30 21:40:47,268,71.83,150.3MB,34068.5,0.45,13.79GB / 528.2MB,0B / 36.86kB
2026-03-30 21:40:59,268,71.83,151MB,34068.5,0.45,13.8GB / 528.6MB,0B / 36.86kB
2026-03-30 21:41:11,268,71.83,151.2MB,34068.5,0.45,13.81GB / 528.9MB,0B / 36.86kB
2026-03-30 21:41:24,268,71.83,150MB,34068.5,0.45,13.82GB / 529.3MB,0B / 36.86kB
2026-03-30 21:41:36,269,71.83,149.8MB,34068.5,0.45,13.83GB / 529.7MB,0B / 36.86kB
2026-03-30 21:41:48,269,71.83,150.3MB,34068.5,0.45,13.85GB / 530.1MB,0B / 36.86kB
2026-03-30 21:42:00,269,71.84,150.7MB,34068.5,0.45,13.86GB / 530.5MB,0B / 36.86kB
2026-03-30 21:42:13,269,71.85,150.6MB,34068.5,0.45,13.87GB / 530.9MB,0B / 36.86kB
2026-03-30 21:42:25,270,71.85,150.4MB,34068.5,0.45,13.88GB / 531.3MB,0B / 36.86kB
2026-03-30 21:42:37,270,71.85,150.2MB,34068.5,0.45,13.89GB / 531.7MB,0B / 36.86kB
2026-03-30 21:42:49,270,71.86,150MB,34068.5,0.45,13.9GB / 532.1MB,0B / 36.86kB
2026-03-30 21:43:02,270,71.86,150.2MB,34068.5,0.45,13.91GB / 532.5MB,0B / 36.86kB
2026-03-30 21:43:14,270,71.87,150.9MB,34068.5,0.45,13.92GB / 533MB,0B / 36.86kB
2026-03-30 21:43:26,271,71.88,150.7MB,34068.5,0.45,13.93GB / 533.4MB,0B / 36.86kB
2026-03-30 21:43:38,271,71.88,150.8MB,34068.5,0.45,13.94GB / 533.8MB,0B / 36.86kB
2026-03-30 21:43:51,271,71.89,150MB,34068.5,0.45,13.95GB / 534.1MB,0B / 36.86kB
2026-03-30 21:44:03,271,71.85,150.6MB,34068.5,0.45,13.95GB / 534.2MB,0B / 36.86kB
2026-03-30 21:44:15,271,71.85,150.3MB,34068.5,0.45,13.96GB / 534.6MB,0B / 36.86kB
2026-03-30 21:44:27,272,71.85,151.1MB,34068.5,0.45,13.97GB / 535MB,0B / 36.86kB
2026-03-30 21:44:40,272,71.85,150.2MB,34068.5,0.45,13.98GB / 535.4MB,0B / 36.86kB
2026-03-30 21:44:52,272,71.86,151.5MB,34068.5,0.46,13.99GB / 535.8MB,0B / 36.86kB
2026-03-30 21:45:04,272,71.86,150.6MB,34068.5,0.45,14GB / 536.2MB,0B / 36.86kB
2026-03-30 21:45:17,272,71.87,151.7MB,34068.5,0.46,14.01GB / 536.6MB,0B / 36.86kB
2026-03-30 21:45:29,273,71.87,150.8MB,34068.5,0.45,14.03GB / 537MB,0B / 36.86kB
2026-03-30 21:45:41,273,71.88,151.4MB,34068.5,0.46,14.04GB / 537.4MB,0B / 36.86kB
2026-03-30 21:45:53,273,71.88,150.5MB,34068.5,0.45,14.05GB / 537.8MB,0B / 36.86kB
2026-03-30 21:46:06,273,71.89,151.2MB,34068.5,0.45,14.06GB / 538.2MB,0B / 36.86kB
2026-03-30 21:46:18,273,71.90,150.9MB,34068.5,0.45,14.07GB / 538.6MB,0B / 36.86kB
2026-03-30 21:46:31,274,71.90,150.5MB,34068.5,0.45,14.08GB / 539MB,0B / 36.86kB
2026-03-30 21:46:43,274,71.91,151.7MB,34068.5,0.46,14.09GB / 539.4MB,0B / 36.86kB
2026-03-30 21:46:55,274,71.91,151.8MB,34068.5,0.46,14.1GB / 539.8MB,0B / 36.86kB
2026-03-30 21:47:07,274,71.92,151.1MB,34068.5,0.45,14.11GB / 540.2MB,0B / 36.86kB
2026-03-30 21:47:20,274,71.93,151.1MB,34068.5,0.45,14.12GB / 540.6MB,0B / 36.86kB
2026-03-30 21:47:32,275,71.93,151.1MB,34068.5,0.45,14.13GB / 541MB,0B / 36.86kB
2026-03-30 21:47:44,275,71.94,151MB,34068.5,0.45,14.14GB / 541.4MB,0B / 36.86kB
2026-03-30 21:47:56,275,71.94,150.9MB,34068.5,0.45,14.15GB / 541.8MB,0B / 36.86kB
2026-03-30 21:48:09,275,71.95,151.3MB,34068.5,0.45,14.16GB / 542.2MB,0B / 36.86kB
2026-03-30 21:48:21,275,71.95,152.1MB,34068.5,0.46,14.17GB / 542.6MB,0B / 36.86kB
2026-03-30 21:48:33,276,71.96,151.4MB,34068.5,0.46,14.18GB / 543MB,0B / 36.86kB
2026-03-30 21:48:45,276,71.97,151.2MB,34068.5,0.45,14.19GB / 543.4MB,0B / 36.86kB
2026-03-30 21:48:58,276,71.97,151.8MB,34068.5,0.46,14.2GB / 543.9MB,0B / 36.86kB
2026-03-30 21:49:10,276,71.97,151.7MB,34068.5,0.46,14.21GB / 544.3MB,0B / 36.86kB
2026-03-30 21:49:23,276,71.98,151.3MB,34068.5,0.45,14.23GB / 544.7MB,0B / 36.86kB
2026-03-30 21:49:35,277,71.98,151.4MB,34068.5,0.45,14.24GB / 545.1MB,0B / 36.86kB
2026-03-30 21:49:47,277,71.99,151.5MB,34068.5,0.46,14.25GB / 545.5MB,0B / 36.86kB
2026-03-30 21:50:00,277,72.00,151.4MB,34068.5,0.45,14.26GB / 545.9MB,0B / 36.86kB
2026-03-30 21:50:12,277,72.01,152.8MB,34068.5,0.46,14.27GB / 546.3MB,0B / 36.86kB
2026-03-30 21:50:24,277,72.01,152.4MB,34068.5,0.46,14.28GB / 546.7MB,0B / 36.86kB
2026-03-30 21:50:36,278,72.01,153.4MB,34068.5,0.46,14.29GB / 547MB,0B / 36.86kB
2026-03-30 21:50:48,278,72.02,152.3MB,34068.5,0.46,14.3GB / 547.4MB,0B / 36.86kB
2026-03-30 21:51:01,278,72.02,152.1MB,34068.5,0.46,14.31GB / 547.8MB,0B / 36.86kB
2026-03-30 21:51:13,278,72.03,152.8MB,34068.5,0.46,14.32GB / 548.2MB,0B / 36.86kB
2026-03-30 21:51:26,279,72.03,152.9MB,34068.5,0.46,14.33GB / 548.7MB,0B / 36.86kB
2026-03-30 21:51:38,279,72.03,152.2MB,34068.5,0.46,14.34GB / 549.1MB,0B / 36.86kB
2026-03-30 21:51:50,279,72.03,151.7MB,34068.5,0.46,14.35GB / 549.5MB,0B / 36.86kB
2026-03-30 21:52:03,279,72.04,151.9MB,34068.5,0.46,14.36GB / 549.9MB,0B / 36.86kB
2026-03-30 21:52:15,279,72.04,152.4MB,34068.5,0.46,14.37GB / 550.3MB,0B / 36.86kB
2026-03-30 21:52:27,280,72.05,152.6MB,34068.5,0.46,14.38GB / 550.7MB,0B / 36.86kB
2026-03-30 21:52:39,280,72.06,153MB,34068.5,0.46,14.39GB / 551.1MB,0B / 36.86kB
2026-03-30 21:52:51,280,72.07,152.1MB,34068.5,0.46,14.4GB / 551.5MB,0B / 36.86kB
2026-03-30 21:53:04,280,72.07,152.2MB,34068.5,0.46,14.41GB / 551.9MB,0B / 36.86kB
2026-03-30 21:53:16,280,72.07,152.4MB,34068.5,0.46,14.42GB / 552.3MB,0B / 36.86kB
2026-03-30 21:53:29,281,72.08,152.2MB,34068.5,0.46,14.43GB / 552.7MB,0B / 36.86kB
2026-03-30 21:53:41,281,72.08,152.3MB,34068.5,0.46,14.45GB / 553.1MB,0B / 36.86kB
2026-03-30 21:53:53,281,72.09,153.2MB,34068.5,0.46,14.46GB / 553.5MB,0B / 36.86kB
2026-03-30 21:54:05,281,72.10,152.5MB,34068.5,0.46,14.47GB / 553.9MB,0B / 36.86kB
2026-03-30 21:54:18,281,72.10,152MB,34068.5,0.46,14.48GB / 554.3MB,0B / 36.86kB
2026-03-30 21:54:30,282,72.10,152.5MB,34068.5,0.46,14.49GB / 554.7MB,0B / 36.86kB
2026-03-30 21:54:42,282,72.10,153.5MB,34068.5,0.46,14.5GB / 555.1MB,0B / 36.86kB
2026-03-30 21:54:54,282,72.11,153.6MB,34068.5,0.46,14.51GB / 555.5MB,0B / 36.86kB
2026-03-30 21:55:06,282,72.11,152.7MB,34068.5,0.46,14.52GB / 555.9MB,0B / 36.86kB
2026-03-30 21:55:19,282,72.12,152.8MB,34068.5,0.46,14.53GB / 556.3MB,0B / 36.86kB
2026-03-30 21:55:32,283,72.12,153.5MB,34068.5,0.46,14.54GB / 556.7MB,0B / 36.86kB
2026-03-30 21:55:44,283,72.12,153.2MB,34068.5,0.46,14.55GB / 557.1MB,0B / 36.86kB
2026-03-30 21:55:56,283,72.13,154.3MB,34068.5,0.46,14.56GB / 557.5MB,0B / 36.86kB
2026-03-30 21:56:09,283,72.13,152.9MB,34068.5,0.46,14.57GB / 557.9MB,0B / 36.86kB
2026-03-30 21:56:21,283,72.14,153.1MB,34068.5,0.46,14.58GB / 558.3MB,0B / 36.86kB
2026-03-30 21:56:33,284,72.14,153.4MB,34068.5,0.46,14.59GB / 558.7MB,0B / 36.86kB
2026-03-30 21:56:45,284,72.14,152.9MB,34068.5,0.46,14.6GB / 559.1MB,0B / 36.86kB
2026-03-30 21:56:57,284,72.14,152.8MB,34068.5,0.46,14.61GB / 559.5MB,0B / 36.86kB
2026-03-30 21:57:10,284,72.15,153.6MB,34068.5,0.46,14.62GB / 559.9MB,0B / 36.86kB
2026-03-30 21:57:22,284,72.15,153.3MB,34068.5,0.46,14.63GB / 560.3MB,0B / 36.86kB
2026-03-30 21:57:34,285,72.16,153.7MB,34068.5,0.46,14.64GB / 560.7MB,0B / 36.86kB
2026-03-30 21:57:47,285,72.16,154MB,34068.5,0.46,14.66GB / 561.1MB,0B / 36.86kB
2026-03-30 21:57:59,285,72.17,153MB,34068.5,0.46,14.67GB / 561.5MB,0B / 36.86kB
2026-03-30 21:58:11,285,72.17,153MB,34068.5,0.46,14.68GB / 561.9MB,0B / 36.86kB
2026-03-30 21:58:24,285,72.17,154.1MB,34068.5,0.46,14.69GB / 562.3MB,0B / 36.86kB
2026-03-30 21:58:36,286,72.18,153.6MB,34068.5,0.46,14.7GB / 562.7MB,0B / 36.86kB
2026-03-30 21:58:48,286,72.18,153.2MB,34068.5,0.46,14.71GB / 563.1MB,0B / 36.86kB
2026-03-30 21:59:01,286,72.19,152.9MB,34068.5,0.46,14.72GB / 563.5MB,0B / 36.86kB
2026-03-30 21:59:13,286,72.20,153.8MB,34068.5,0.46,14.73GB / 563.9MB,0B / 36.86kB
2026-03-30 21:59:25,287,72.20,153.8MB,34068.5,0.46,14.74GB / 564.3MB,0B / 36.86kB
2026-03-30 21:59:38,287,72.20,154.4MB,34068.5,0.46,14.75GB / 564.7MB,0B / 36.86kB
2026-03-30 21:59:50,287,72.21,154.3MB,34068.5,0.46,14.76GB / 565.1MB,0B / 36.86kB
2026-03-30 22:00:02,287,72.22,153.6MB,34068.5,0.46,14.77GB / 565.5MB,0B / 36.86kB
2026-03-30 22:00:15,287,72.22,153.3MB,34068.5,0.46,14.78GB / 565.9MB,0B / 36.86kB
2026-03-30 22:00:27,288,72.23,153.4MB,34068.5,0.46,14.79GB / 566.3MB,0B / 36.86kB
2026-03-30 22:00:39,288,72.23,153.3MB,34068.5,0.46,14.8GB / 566.7MB,0B / 36.86kB
2026-03-30 22:00:52,288,72.23,153.8MB,34068.5,0.46,14.81GB / 567.1MB,0B / 36.86kB
2026-03-30 22:01:04,288,72.24,153.7MB,34068.5,0.46,14.82GB / 567.5MB,0B / 36.86kB
2026-03-30 22:01:17,288,72.24,153.6MB,34068.5,0.46,14.83GB / 567.9MB,0B / 36.86kB
2026-03-30 22:01:29,289,72.25,154.9MB,34068.5,0.47,14.84GB / 568.3MB,0B / 36.86kB
2026-03-30 22:01:41,289,72.25,154.9MB,34068.5,0.47,14.85GB / 568.7MB,0B / 36.86kB
2026-03-30 22:01:54,289,72.25,155.7MB,34068.5,0.47,14.87GB / 569.1MB,0B / 36.86kB
2026-03-30 22:02:06,289,72.26,154.3MB,34068.5,0.46,14.88GB / 569.5MB,0B / 36.86kB
2026-03-30 22:02:18,289,72.26,154.4MB,34068.5,0.46,14.89GB / 569.9MB,0B / 36.86kB
2026-03-30 22:02:31,290,72.27,154.3MB,34068.5,0.46,14.9GB / 570.3MB,0B / 36.86kB
2026-03-30 22:02:43,290,72.27,153.5MB,34068.5,0.46,14.91GB / 570.8MB,0B / 36.86kB
2026-03-30 22:02:55,290,72.28,154.8MB,34068.5,0.47,14.92GB / 571.2MB,0B / 36.86kB
2026-03-30 22:03:08,290,72.28,155.4MB,34068.5,0.47,14.93GB / 571.6MB,0B / 36.86kB
2026-03-30 22:03:20,290,72.29,154.8MB,34068.5,0.47,14.94GB / 572MB,0B / 36.86kB
2026-03-30 22:03:33,291,72.30,154.7MB,34068.5,0.47,14.95GB / 572.4MB,0B / 36.86kB
2026-03-30 22:03:45,291,72.30,154.3MB,34068.5,0.46,14.96GB / 572.8MB,0B / 36.86kB
2026-03-30 22:03:57,291,72.31,154.2MB,34068.5,0.46,14.97GB / 573.2MB,0B / 36.86kB
2026-03-30 22:04:10,291,72.32,154.5MB,34068.5,0.46,14.98GB / 573.6MB,0B / 36.86kB
2026-03-30 22:04:22,291,72.32,155.1MB,34068.5,0.47,14.99GB / 574MB,0B / 36.86kB
2026-03-30 22:04:35,292,72.34,154.9MB,34068.5,0.47,15GB / 574.4MB,0B / 36.86kB
2026-03-30 22:04:47,292,72.35,154.7MB,34068.5,0.46,15.01GB / 574.8MB,0B / 36.86kB
2026-03-30 22:05:00,292,72.36,154.6MB,34068.5,0.46,15.02GB / 575.2MB,0B / 36.86kB
2026-03-30 22:05:12,292,72.36,154.6MB,34068.5,0.46,15.04GB / 575.7MB,0B / 36.86kB
2026-03-30 22:05:25,293,72.37,154.7MB,34068.5,0.47,15.05GB / 576.1MB,0B / 36.86kB
2026-03-30 22:05:38,293,72.37,154.9MB,34068.5,0.47,15.06GB / 576.5MB,0B / 36.86kB
2026-03-30 22:05:50,293,72.38,155.1MB,34068.5,0.47,15.07GB / 576.9MB,0B / 36.86kB
2026-03-30 22:06:02,293,72.38,154.7MB,34068.5,0.46,15.08GB / 577.3MB,0B / 36.86kB
2026-03-30 22:06:15,293,72.39,155.1MB,34068.5,0.47,15.09GB / 577.7MB,0B / 36.86kB
2026-03-30 22:06:27,294,72.40,155.5MB,34068.5,0.47,15.1GB / 578.1MB,0B / 36.86kB
2026-03-30 22:06:39,294,72.40,154.6MB,34068.5,0.46,15.11GB / 578.5MB,0B / 36.86kB
2026-03-30 22:06:52,294,72.41,155.6MB,34068.5,0.47,15.12GB / 578.9MB,0B / 36.86kB
2026-03-30 22:07:04,294,72.41,156.4MB,34068.5,0.47,15.13GB / 579.3MB,0B / 36.86kB
2026-03-30 22:07:16,294,72.42,156.2MB,34068.5,0.47,15.14GB / 579.7MB,0B / 36.86kB
2026-03-30 22:07:29,295,72.43,154.7MB,34068.5,0.47,15.15GB / 580.1MB,0B / 36.86kB
2026-03-30 22:07:41,295,72.43,155.9MB,34068.5,0.47,15.16GB / 580.5MB,0B / 36.86kB
2026-03-30 22:07:53,295,72.43,154.7MB,34068.5,0.47,15.17GB / 580.9MB,0B / 36.86kB
2026-03-30 22:08:06,295,72.44,155.4MB,34068.5,0.47,15.18GB / 581.3MB,0B / 36.86kB
2026-03-30 22:08:18,295,72.44,156.4MB,34068.5,0.47,15.19GB / 581.7MB,0B / 36.86kB
2026-03-30 22:08:30,296,72.45,156.1MB,34068.5,0.47,15.2GB / 582.1MB,0B / 36.86kB
2026-03-30 22:08:43,296,72.45,155.8MB,34068.5,0.47,15.22GB / 582.5MB,0B / 36.86kB
2026-03-30 22:08:55,296,72.46,155.8MB,34068.5,0.47,15.23GB / 582.9MB,0B / 36.86kB
2026-03-30 22:09:07,296,72.46,155.7MB,34068.5,0.47,15.24GB / 583.3MB,0B / 36.86kB
2026-03-30 22:09:19,296,72.46,155.5MB,34068.5,0.47,15.25GB / 583.7MB,0B / 36.86kB
2026-03-30 22:09:32,297,72.46,157MB,34068.5,0.47,15.26GB / 584.1MB,0B / 36.86kB
2026-03-30 22:09:44,297,72.47,155.9MB,34068.5,0.47,15.27GB / 584.5MB,0B / 36.86kB
2026-03-30 22:09:56,297,72.47,155.5MB,34068.5,0.47,15.28GB / 584.9MB,0B / 36.86kB
2026-03-30 22:10:09,297,72.47,155.4MB,34068.5,0.47,15.29GB / 585.3MB,0B / 36.86kB
2026-03-30 22:10:21,297,72.47,156.5MB,34068.5,0.47,15.3GB / 585.7MB,0B / 36.86kB
2026-03-30 22:10:33,298,72.48,155.9MB,34068.5,0.47,15.31GB / 586.1MB,0B / 36.86kB
2026-03-30 22:10:46,298,72.48,156MB,34068.5,0.47,15.32GB / 586.5MB,0B / 36.86kB
2026-03-30 22:10:58,298,72.48,155.8MB,34068.5,0.47,15.33GB / 586.9MB,0B / 36.86kB
2026-03-30 22:11:10,298,72.49,156.4MB,34068.5,0.47,15.34GB / 587.3MB,0B / 36.86kB
2026-03-30 22:11:22,298,72.49,156.1MB,34068.5,0.47,15.35GB / 587.7MB,0B / 36.86kB
2026-03-30 22:11:35,299,72.49,156.4MB,34068.5,0.47,15.36GB / 588.1MB,0B / 36.86kB
2026-03-30 22:11:47,299,72.50,156MB,34068.5,0.47,15.37GB / 588.5MB,0B / 36.86kB
2026-03-30 22:11:59,299,72.50,156.6MB,34068.5,0.47,15.38GB / 588.9MB,0B / 36.86kB
2026-03-30 22:12:12,299,72.51,156.8MB,34068.5,0.47,15.39GB / 589.3MB,0B / 36.86kB
2026-03-30 22:12:24,299,72.51,155.9MB,34068.5,0.47,15.4GB / 589.7MB,0B / 36.86kB
2026-03-30 22:12:36,300,72.51,156.4MB,34068.5,0.47,15.41GB / 590.1MB,0B / 36.86kB
2026-03-30 22:12:48,300,72.52,156.6MB,34068.5,0.47,15.42GB / 590.5MB,0B / 36.86kB
2026-03-30 22:13:00,300,72.52,155.6MB,34068.5,0.47,15.44GB / 590.9MB,0B / 36.86kB
2026-03-30 22:13:13,300,72.52,156.7MB,34068.5,0.47,15.45GB / 591.3MB,0B / 36.86kB
2026-03-30 22:13:25,301,72.53,157.4MB,34068.5,0.47,15.46GB / 591.7MB,0B / 36.86kB
2026-03-30 22:13:37,301,72.53,156.9MB,34068.5,0.47,15.47GB / 592.1MB,0B / 36.86kB
2026-03-30 22:13:50,301,72.53,156.1MB,34068.5,0.47,15.48GB / 592.5MB,0B / 36.86kB
2026-03-30 22:14:02,301,72.53,155.7MB,34068.5,0.47,15.49GB / 592.9MB,0B / 36.86kB
2026-03-30 22:14:14,301,72.50,156.8MB,34068.5,0.47,15.49GB / 593MB,0B / 36.86kB
2026-03-30 22:14:26,302,72.50,155.9MB,34068.5,0.47,15.5GB / 593.4MB,0B / 36.86kB
2026-03-30 22:14:39,302,72.50,156.2MB,34068.5,0.47,15.51GB / 593.8MB,0B / 36.86kB
2026-03-30 22:14:51,302,72.50,156.6MB,34068.5,0.47,15.52GB / 594.2MB,0B / 36.86kB
2026-03-30 22:15:03,302,72.51,157.4MB,34068.5,0.47,15.53GB / 594.6MB,0B / 36.86kB
2026-03-30 22:15:16,302,72.51,156.3MB,34068.5,0.47,15.54GB / 595MB,0B / 36.86kB
2026-03-30 22:15:28,303,72.52,157.2MB,34068.5,0.47,15.55GB / 595.4MB,0B / 36.86kB
2026-03-30 22:15:41,303,72.52,156.5MB,34068.5,0.47,15.56GB / 595.8MB,0B / 36.86kB
2026-03-30 22:15:53,303,72.52,156.4MB,34068.5,0.47,15.57GB / 596.2MB,0B / 36.86kB
2026-03-30 22:16:05,303,72.53,156.7MB,34068.5,0.47,15.58GB / 596.6MB,0B / 36.86kB
2026-03-30 22:16:18,303,72.53,157.4MB,34068.5,0.47,15.59GB / 597MB,0B / 36.86kB
2026-03-30 22:16:30,304,72.53,156.9MB,34068.5,0.47,15.6GB / 597.4MB,0B / 36.86kB
2026-03-30 22:16:42,304,72.53,157.2MB,34068.5,0.47,15.61GB / 597.8MB,0B / 36.86kB
2026-03-30 22:16:55,304,72.54,157.8MB,34068.5,0.47,15.63GB / 598.2MB,0B / 36.86kB
2026-03-30 22:17:07,304,72.54,156.6MB,34068.5,0.47,15.64GB / 598.6MB,0B / 36.86kB
2026-03-30 22:17:19,304,72.54,156.7MB,34068.5,0.47,15.65GB / 599MB,0B / 36.86kB
2026-03-30 22:17:31,305,72.55,157.3MB,34068.5,0.47,15.66GB / 599.4MB,0B / 36.86kB
2026-03-30 22:17:44,305,72.55,157MB,34068.5,0.47,15.67GB / 599.8MB,0B / 36.86kB
2026-03-30 22:17:56,305,72.55,156.9MB,34068.5,0.47,15.68GB / 600.2MB,0B / 36.86kB
2026-03-30 22:18:08,305,72.56,156.8MB,34068.5,0.47,15.69GB / 600.6MB,0B / 36.86kB
2026-03-30 22:18:21,305,72.57,157.7MB,34068.5,0.47,15.7GB / 601MB,0B / 36.86kB
2026-03-30 22:18:33,306,72.57,157.3MB,34068.5,0.47,15.71GB / 601.5MB,0B / 36.86kB
2026-03-30 22:18:46,306,72.58,156.8MB,34068.5,0.47,15.72GB / 601.9MB,0B / 36.86kB
2026-03-30 22:18:58,306,72.58,156.7MB,34068.5,0.47,15.73GB / 602.3MB,0B / 36.86kB
2026-03-30 22:19:10,306,72.58,158.3MB,34068.5,0.48,15.74GB / 602.7MB,0B / 36.86kB
2026-03-30 22:19:23,306,72.58,158MB,34068.5,0.47,15.75GB / 603.1MB,0B / 36.86kB
2026-03-30 22:19:35,307,72.59,158.2MB,34068.5,0.48,15.76GB / 603.5MB,0B / 36.86kB
2026-03-30 22:19:48,307,72.59,157.4MB,34068.5,0.47,15.77GB / 603.9MB,0B / 36.86kB
2026-03-30 22:20:00,307,72.59,157.5MB,34068.5,0.47,15.78GB / 604.3MB,0B / 36.86kB
2026-03-30 22:20:12,307,72.60,157.1MB,34068.5,0.47,15.79GB / 604.7MB,0B / 36.86kB
2026-03-30 22:20:24,307,72.60,158.3MB,34068.5,0.48,15.8GB / 605.1MB,0B / 36.86kB
2026-03-30 22:20:37,308,72.60,157.7MB,34068.5,0.47,15.82GB / 605.5MB,0B / 36.86kB
2026-03-30 22:20:49,308,72.61,158.4MB,34068.5,0.48,15.83GB / 605.9MB,0B / 36.86kB
2026-03-30 22:21:01,308,72.61,157.6MB,34068.5,0.47,15.84GB / 606.3MB,0B / 36.86kB
2026-03-30 22:21:14,308,72.62,158.9MB,34068.5,0.48,15.85GB / 606.7MB,0B / 36.86kB
2026-03-30 22:21:26,309,72.62,158.2MB,34068.5,0.48,15.86GB / 607.1MB,0B / 36.86kB
2026-03-30 22:21:38,309,72.62,158.1MB,34068.5,0.48,15.87GB / 607.5MB,0B / 36.86kB
2026-03-30 22:21:51,309,72.62,158.9MB,34068.5,0.48,15.88GB / 607.9MB,0B / 36.86kB
2026-03-30 22:22:03,309,72.62,157.5MB,34068.5,0.47,15.89GB / 608.3MB,0B / 36.86kB
2026-03-30 22:22:15,309,72.62,158.6MB,34068.5,0.48,15.9GB / 608.7MB,0B / 36.86kB
2026-03-30 22:22:27,310,72.63,157.4MB,34068.5,0.47,15.91GB / 609.1MB,0B / 36.86kB
2026-03-30 22:22:40,310,72.63,158.2MB,34068.5,0.48,15.92GB / 609.5MB,0B / 36.86kB
2026-03-30 22:22:52,310,72.63,158.7MB,34068.5,0.48,15.93GB / 609.9MB,0B / 36.86kB
2026-03-30 22:23:04,310,72.63,158.6MB,34068.5,0.48,15.94GB / 610.3MB,0B / 36.86kB
2026-03-30 22:23:17,310,72.64,158.3MB,34068.5,0.48,15.95GB / 610.7MB,0B / 36.86kB
2026-03-30 22:23:29,311,72.64,158.6MB,34068.5,0.48,15.96GB / 611.1MB,0B / 36.86kB
2026-03-30 22:23:41,311,72.64,157.9MB,34068.5,0.47,15.97GB / 611.5MB,0B / 36.86kB
2026-03-30 22:23:53,311,72.65,158.2MB,34068.5,0.48,15.98GB / 611.9MB,0B / 36.86kB
2026-03-30 22:24:06,311,72.65,159.1MB,34068.5,0.48,15.99GB / 612.3MB,0B / 36.86kB
2026-03-30 22:24:18,311,72.65,158.2MB,34068.5,0.48,16GB / 612.7MB,0B / 36.86kB
2026-03-30 22:24:31,312,72.65,159.4MB,34068.5,0.48,16.01GB / 613.1MB,0B / 36.86kB
2026-03-30 22:24:43,312,72.66,158.4MB,34068.5,0.48,16.03GB / 613.5MB,0B / 36.86kB
2026-03-30 22:24:55,312,72.66,160MB,34068.5,0.48,16.04GB / 613.9MB,0B / 36.86kB
2026-03-30 22:25:08,312,72.67,158.4MB,34068.5,0.48,16.05GB / 614.3MB,0B / 36.86kB
2026-03-30 22:25:20,312,72.67,158.8MB,34068.5,0.48,16.06GB / 614.7MB,0B / 36.86kB
2026-03-30 22:25:32,313,72.68,158.3MB,34068.5,0.48,16.07GB / 615.1MB,0B / 36.86kB
2026-03-30 22:25:45,313,72.68,159.9MB,34068.5,0.48,16.08GB / 615.5MB,0B / 36.86kB
2026-03-30 22:25:57,313,72.69,158.9MB,34068.5,0.48,16.09GB / 615.9MB,0B / 36.86kB
2026-03-30 22:26:09,313,72.69,158.8MB,34068.5,0.48,16.1GB / 616.3MB,0B / 36.86kB
2026-03-30 22:26:22,313,72.69,159MB,34068.5,0.48,16.11GB / 616.7MB,0B / 36.86kB
2026-03-30 22:26:34,314,72.69,158.4MB,34068.5,0.48,16.12GB / 617.2MB,0B / 36.86kB
2026-03-30 22:26:46,314,72.70,159.2MB,34068.5,0.48,16.13GB / 617.6MB,0B / 36.86kB
2026-03-30 22:26:59,314,72.70,158.9MB,34068.5,0.48,16.14GB / 617.9MB,0B / 36.86kB
2026-03-30 22:27:11,314,72.70,159.5MB,34068.5,0.48,16.15GB / 618.3MB,0B / 36.86kB
2026-03-30 22:27:23,314,72.70,159.5MB,34068.5,0.48,16.16GB / 618.8MB,0B / 36.86kB
2026-03-30 22:27:36,315,72.70,158.9MB,34068.5,0.48,16.17GB / 619.2MB,0B / 36.86kB
2026-03-30 22:27:48,315,72.71,159.3MB,34068.5,0.48,16.18GB / 619.6MB,0B / 36.86kB
2026-03-30 22:28:00,315,72.71,159.3MB,34068.5,0.48,16.19GB / 620MB,0B / 36.86kB
2026-03-30 22:28:12,315,72.71,159.1MB,34068.5,0.48,16.2GB / 620.4MB,0B / 36.86kB
2026-03-30 22:28:25,316,72.72,159MB,34068.5,0.48,16.21GB / 620.8MB,0B / 36.86kB
2026-03-30 22:28:37,316,72.72,159.2MB,34068.5,0.48,16.22GB / 621.2MB,0B / 36.86kB
2026-03-30 22:28:50,316,72.72,159.8MB,34068.5,0.48,16.24GB / 621.6MB,0B / 36.86kB
2026-03-30 22:29:02,316,72.73,160.4MB,34068.5,0.48,16.25GB / 622MB,0B / 36.86kB
2026-03-30 22:29:14,316,72.73,160.1MB,34068.5,0.48,16.26GB / 622.3MB,0B / 36.86kB
2026-03-30 22:29:26,317,72.74,159.5MB,34068.5,0.48,16.27GB / 622.7MB,0B / 36.86kB
2026-03-30 22:29:38,317,72.74,159.4MB,34068.5,0.48,16.28GB / 623.1MB,0B / 36.86kB
2026-03-30 22:29:51,317,72.74,158.8MB,34068.5,0.48,16.29GB / 623.5MB,0B / 36.86kB
2026-03-30 22:30:03,317,72.75,159.4MB,34068.5,0.48,16.3GB / 623.9MB,0B / 36.86kB
2026-03-30 22:30:15,317,72.75,160.4MB,34068.5,0.48,16.31GB / 624.4MB,0B / 36.86kB
2026-03-30 22:30:28,318,72.76,160.7MB,34068.5,0.48,16.32GB / 624.8MB,0B / 36.86kB
2026-03-30 22:30:40,318,72.77,159.5MB,34068.5,0.48,16.33GB / 625.2MB,0B / 36.86kB
2026-03-30 22:30:52,318,72.77,159.7MB,34068.5,0.48,16.34GB / 625.6MB,0B / 36.86kB
2026-03-30 22:31:05,318,72.77,160.3MB,34068.5,0.48,16.35GB / 626MB,0B / 36.86kB
2026-03-30 22:31:17,318,72.77,159.4MB,34068.5,0.48,16.36GB / 626.4MB,0B / 36.86kB
2026-03-30 22:31:30,319,72.77,159.9MB,34068.5,0.48,16.37GB / 626.8MB,0B / 36.86kB
2026-03-30 22:31:42,319,72.78,160.2MB,34068.5,0.48,16.38GB / 627.2MB,0B / 36.86kB
2026-03-30 22:31:54,319,72.78,160.6MB,34068.5,0.48,16.39GB / 627.6MB,0B / 36.86kB
2026-03-30 22:32:06,319,72.78,160.7MB,34068.5,0.48,16.4GB / 628MB,0B / 36.86kB
2026-03-30 22:32:18,319,72.78,160.1MB,34068.5,0.48,16.41GB / 628.4MB,0B / 36.86kB
2026-03-30 22:32:31,320,72.78,160MB,34068.5,0.48,16.42GB / 628.7MB,0B / 36.86kB
2026-03-30 22:32:43,320,72.78,160.3MB,34068.5,0.48,16.43GB / 629.2MB,0B / 36.86kB
2026-03-30 22:32:56,320,72.78,160.2MB,34068.5,0.48,16.44GB / 629.6MB,0B / 36.86kB
2026-03-30 22:33:08,320,72.79,160MB,34068.5,0.48,16.45GB / 630MB,0B / 36.86kB
2026-03-30 22:33:20,320,72.79,159.7MB,34068.5,0.48,16.47GB / 630.4MB,0B / 36.86kB
2026-03-30 22:33:32,321,72.79,160.4MB,34068.5,0.48,16.48GB / 630.8MB,0B / 36.86kB
2026-03-30 22:33:45,321,72.79,160MB,34068.5,0.48,16.49GB / 631.2MB,0B / 36.86kB
2026-03-30 22:33:57,321,72.79,160.2MB,34068.5,0.48,16.5GB / 631.6MB,0B / 36.86kB
2026-03-30 22:34:09,321,72.79,160.2MB,34068.5,0.48,16.51GB / 632MB,0B / 36.86kB
2026-03-30 22:34:22,321,72.80,160.4MB,34068.5,0.48,16.52GB / 632.4MB,0B / 36.86kB
2026-03-30 22:34:34,322,72.80,161.1MB,34068.5,0.48,16.53GB / 632.8MB,0B / 36.86kB
2026-03-30 22:34:47,322,72.80,160.3MB,34068.5,0.48,16.54GB / 633.2MB,0B / 36.86kB
2026-03-30 22:34:59,322,72.81,160.1MB,34068.5,0.48,16.55GB / 633.6MB,0B / 36.86kB
2026-03-30 22:35:12,322,72.81,160.9MB,34068.5,0.48,16.56GB / 634MB,0B / 36.86kB
2026-03-30 22:35:24,322,72.82,161MB,34068.5,0.48,16.57GB / 634.4MB,0B / 36.86kB
2026-03-30 22:35:36,323,72.82,160.2MB,34068.5,0.48,16.58GB / 634.8MB,0B / 36.86kB
2026-03-30 22:35:49,323,72.83,160.3MB,34068.5,0.48,16.59GB / 635.2MB,0B / 36.86kB
2026-03-30 22:36:01,323,72.83,160.5MB,34068.5,0.48,16.6GB / 635.6MB,0B / 36.86kB
2026-03-30 22:36:13,323,72.83,160.7MB,34068.5,0.48,16.61GB / 636MB,0B / 36.86kB
2026-03-30 22:36:25,324,72.83,160.7MB,34068.5,0.48,16.62GB / 636.4MB,0B / 36.86kB
2026-03-30 22:36:38,324,72.84,161.2MB,34068.5,0.48,16.63GB / 636.8MB,0B / 36.86kB
2026-03-30 22:36:50,324,72.84,162MB,34068.5,0.49,16.64GB / 637.2MB,0B / 36.86kB
2026-03-30 22:37:02,324,72.84,161.7MB,34068.5,0.49,16.65GB / 637.6MB,0B / 36.86kB
2026-03-30 22:37:14,324,72.85,161.2MB,34068.5,0.48,16.67GB / 638MB,0B / 36.86kB
2026-03-30 22:37:27,325,72.85,161.1MB,34068.5,0.48,16.68GB / 638.4MB,0B / 36.86kB
2026-03-30 22:37:39,325,72.86,161.6MB,34068.5,0.49,16.69GB / 638.8MB,0B / 36.86kB
2026-03-30 22:37:52,325,72.86,160.9MB,34068.5,0.48,16.7GB / 639.2MB,0B / 36.86kB
2026-03-30 22:38:04,325,72.86,162.2MB,34068.5,0.49,16.71GB / 639.6MB,0B / 36.86kB
2026-03-30 22:38:16,325,72.86,161.4MB,34068.5,0.49,16.72GB / 640MB,0B / 36.86kB
2026-03-30 22:38:28,326,72.87,160.9MB,34068.5,0.48,16.73GB / 640.4MB,0B / 36.86kB
2026-03-30 22:38:41,326,72.87,161.2MB,34068.5,0.48,16.74GB / 640.8MB,0B / 36.86kB
2026-03-30 22:38:53,326,72.88,161MB,34068.5,0.48,16.75GB / 641.2MB,0B / 36.86kB
2026-03-30 22:39:05,326,72.88,161.2MB,34068.5,0.48,16.76GB / 641.6MB,0B / 36.86kB
2026-03-30 22:39:18,326,72.88,162.4MB,34068.5,0.49,16.77GB / 642MB,0B / 36.86kB
2026-03-30 22:39:30,327,72.89,161.2MB,34068.5,0.48,16.78GB / 642.4MB,0B / 36.86kB
2026-03-30 22:39:42,327,72.89,161.8MB,34068.5,0.49,16.79GB / 642.8MB,0B / 36.86kB
2026-03-30 22:39:55,327,72.90,162.6MB,34068.5,0.49,16.8GB / 643.2MB,0B / 36.86kB
2026-03-30 22:40:07,327,72.90,161.8MB,34068.5,0.49,16.81GB / 643.6MB,0B / 36.86kB
2026-03-30 22:40:19,327,72.90,161.3MB,34068.5,0.48,16.82GB / 644MB,0B / 36.86kB
2026-03-30 22:40:31,328,72.90,161.7MB,34068.5,0.49,16.83GB / 644.4MB,0B / 36.86kB
2026-03-30 22:40:43,328,72.90,162.1MB,34068.5,0.49,16.84GB / 644.8MB,0B / 36.86kB
2026-03-30 22:40:56,328,72.91,162MB,34068.5,0.49,16.85GB / 645.2MB,0B / 36.86kB
2026-03-30 22:41:08,328,72.91,162.5MB,34068.5,0.49,16.86GB / 645.6MB,0B / 36.86kB
2026-03-30 22:41:20,328,72.92,162.6MB,34068.5,0.49,16.87GB / 646MB,0B / 36.86kB
2026-03-30 22:41:33,329,72.92,161.5MB,34068.5,0.49,16.89GB / 646.4MB,0B / 36.86kB
2026-03-30 22:41:45,329,72.93,161.7MB,34068.5,0.49,16.9GB / 646.8MB,0B / 36.86kB
2026-03-30 22:41:57,329,72.93,162MB,34068.5,0.49,16.91GB / 647.2MB,0B / 36.86kB
2026-03-30 22:42:10,329,72.93,161.5MB,34068.5,0.49,16.92GB / 647.6MB,0B / 36.86kB
2026-03-30 22:42:22,329,72.94,162.3MB,34068.5,0.49,16.93GB / 648MB,0B / 36.86kB
2026-03-30 22:42:34,330,72.94,161.4MB,34068.5,0.49,16.94GB / 648.4MB,0B / 36.86kB
2026-03-30 22:42:47,330,72.95,162.9MB,34068.5,0.49,16.95GB / 648.8MB,0B / 36.86kB
2026-03-30 22:42:59,330,72.95,162.8MB,34068.5,0.49,16.96GB / 649.2MB,0B / 36.86kB
2026-03-30 22:43:11,330,72.95,162.3MB,34068.5,0.49,16.97GB / 649.6MB,0B / 36.86kB
2026-03-30 22:43:23,330,72.95,163MB,34068.5,0.49,16.98GB / 650MB,0B / 36.86kB
2026-03-30 22:43:36,331,72.95,162.2MB,34068.5,0.49,16.99GB / 650.4MB,0B / 36.86kB
2026-03-30 22:43:48,331,72.96,162.7MB,34068.5,0.49,17GB / 650.8MB,0B / 36.86kB
2026-03-30 22:44:00,331,72.96,162MB,34068.5,0.49,17.01GB / 651.2MB,0B / 36.86kB
2026-03-30 22:44:13,331,72.95,161.5MB,34068.5,0.49,17.02GB / 651.5MB,0B / 36.86kB
2026-03-30 22:44:25,332,72.93,163.6MB,34068.5,0.49,17.02GB / 651.7MB,0B / 36.86kB
2026-03-30 22:44:37,332,72.93,162.8MB,34068.5,0.49,17.03GB / 652.1MB,0B / 36.86kB
2026-03-30 22:44:49,332,72.93,162.9MB,34068.5,0.49,17.04GB / 652.5MB,0B / 36.86kB
2026-03-30 22:45:01,332,72.94,162.7MB,34068.5,0.49,17.05GB / 652.9MB,0B / 36.86kB
2026-03-30 22:45:13,332,72.94,162.6MB,34068.5,0.49,17.07GB / 653.3MB,0B / 36.86kB
2026-03-30 22:45:26,333,72.94,162.4MB,34068.5,0.49,17.08GB / 653.7MB,0B / 36.86kB
2026-03-30 22:45:39,333,72.94,162.9MB,34068.5,0.49,17.09GB / 654.1MB,0B / 36.86kB
2026-03-30 22:45:51,333,72.95,162.9MB,34068.5,0.49,17.1GB / 654.5MB,0B / 36.86kB
2026-03-30 22:46:03,333,72.95,162.4MB,34068.5,0.49,17.11GB / 654.9MB,0B / 36.86kB
2026-03-30 22:46:16,333,72.95,162.8MB,34068.5,0.49,17.12GB / 655.3MB,0B / 36.86kB
2026-03-30 22:46:28,334,72.96,163.1MB,34068.5,0.49,17.13GB / 655.7MB,0B / 36.86kB
2026-03-30 22:46:41,334,72.96,162.5MB,34068.5,0.49,17.14GB / 656.1MB,0B / 36.86kB
2026-03-30 22:46:53,334,72.97,162.3MB,34068.5,0.49,17.15GB / 656.5MB,0B / 36.86kB
2026-03-30 22:47:06,334,72.98,162.8MB,34068.5,0.49,17.16GB / 656.9MB,0B / 36.86kB
2026-03-30 22:47:18,334,72.98,163.3MB,34068.5,0.49,17.17GB / 657.3MB,0B / 36.86kB
2026-03-30 22:47:31,335,72.99,163.3MB,34068.5,0.49,17.18GB / 657.7MB,0B / 36.86kB
2026-03-30 22:47:43,335,72.99,163.8MB,34068.5,0.49,17.19GB / 658.1MB,0B / 36.86kB
2026-03-30 22:47:55,335,73.00,163.5MB,34068.5,0.49,17.2GB / 658.6MB,0B / 36.86kB
2026-03-30 22:48:08,335,73.00,162.7MB,34068.5,0.49,17.21GB / 659MB,0B / 36.86kB
2026-03-30 22:48:20,335,73.01,163MB,34068.5,0.49,17.22GB / 659.4MB,0B / 36.86kB
2026-03-30 22:48:32,336,73.01,163.1MB,34068.5,0.49,17.23GB / 659.8MB,0B / 36.86kB
2026-03-30 22:48:44,336,73.02,163.8MB,34068.5,0.49,17.24GB / 660.2MB,0B / 36.86kB
2026-03-30 22:48:57,336,73.02,162.8MB,34068.5,0.49,17.26GB / 660.6MB,0B / 36.86kB
2026-03-30 22:49:09,336,73.02,164MB,34068.5,0.49,17.27GB / 661MB,0B / 36.86kB
2026-03-30 22:49:22,336,73.02,163.1MB,34068.5,0.49,17.28GB / 661.4MB,0B / 36.86kB
2026-03-30 22:49:34,337,73.02,163.3MB,34068.5,0.49,17.29GB / 661.8MB,0B / 36.86kB
2026-03-30 22:49:46,337,73.03,162.9MB,34068.5,0.49,17.3GB / 662.2MB,0B / 36.86kB
2026-03-30 22:49:58,337,73.03,163.4MB,34068.5,0.49,17.31GB / 662.6MB,0B / 36.86kB
2026-03-30 22:50:11,337,73.03,163.1MB,34068.5,0.49,17.32GB / 663MB,0B / 36.86kB
2026-03-30 22:50:23,337,73.04,164.4MB,34068.5,0.49,17.33GB / 663.4MB,0B / 36.86kB
2026-03-30 22:50:35,338,73.04,163.6MB,34068.5,0.49,17.34GB / 663.8MB,0B / 36.86kB
2026-03-30 22:50:48,338,73.04,163.1MB,34068.5,0.49,17.35GB / 664.2MB,0B / 36.86kB
2026-03-30 22:51:00,338,73.05,163.7MB,34068.5,0.49,17.36GB / 664.6MB,0B / 36.86kB
2026-03-30 22:51:12,338,73.05,163.6MB,34068.5,0.49,17.37GB / 665MB,0B / 36.86kB
2026-03-30 22:51:25,339,73.05,163.4MB,34068.5,0.49,17.38GB / 665.4MB,0B / 36.86kB
2026-03-30 22:51:37,339,73.06,164.3MB,34068.5,0.49,17.39GB / 665.8MB,0B / 36.86kB
2026-03-30 22:51:49,339,73.06,164.8MB,34068.5,0.50,17.4GB / 666.2MB,0B / 36.86kB
2026-03-30 22:52:02,339,73.06,164.2MB,34068.5,0.49,17.41GB / 666.6MB,0B / 36.86kB
2026-03-30 22:52:14,339,73.06,164MB,34068.5,0.49,17.42GB / 667MB,0B / 36.86kB
2026-03-30 22:52:26,340,73.07,163.4MB,34068.5,0.49,17.43GB / 667.4MB,0B / 36.86kB
2026-03-30 22:52:38,340,73.07,163.8MB,34068.5,0.49,17.44GB / 667.8MB,0B / 36.86kB
2026-03-30 22:52:51,340,73.08,164.5MB,34068.5,0.49,17.46GB / 668.2MB,0B / 36.86kB
2026-03-30 22:53:03,340,73.08,164.8MB,34068.5,0.50,17.47GB / 668.6MB,0B / 36.86kB
2026-03-30 22:53:16,340,73.08,164.1MB,34068.5,0.49,17.48GB / 669MB,0B / 36.86kB
2026-03-30 22:53:28,341,73.09,164MB,34068.5,0.49,17.49GB / 669.4MB,0B / 36.86kB
2026-03-30 22:53:40,341,73.09,164.6MB,34068.5,0.49,17.5GB / 669.8MB,0B / 36.86kB
2026-03-30 22:53:53,341,73.10,164.7MB,34068.5,0.50,17.51GB / 670.2MB,0B / 36.86kB
2026-03-30 22:54:05,341,73.10,164.9MB,34068.5,0.50,17.52GB / 670.6MB,0B / 36.86kB
2026-03-30 22:54:17,341,73.11,165MB,34068.5,0.50,17.53GB / 671MB,0B / 36.86kB
2026-03-30 22:54:30,342,73.11,163.9MB,34068.5,0.49,17.54GB / 671.4MB,0B / 36.86kB
2026-03-30 22:54:42,342,73.11,163.8MB,34068.5,0.49,17.55GB / 671.8MB,0B / 36.86kB
2026-03-30 22:54:54,342,73.12,164.7MB,34068.5,0.50,17.56GB / 672.2MB,0B / 36.86kB
2026-03-30 22:55:07,342,73.12,164.6MB,34068.5,0.49,17.57GB / 672.6MB,0B / 36.86kB
2026-03-30 22:55:19,342,73.13,164.2MB,34068.5,0.49,17.58GB / 673MB,0B / 36.86kB
2026-03-30 22:55:32,343,73.13,165.1MB,34068.5,0.50,17.59GB / 673.4MB,0B / 36.86kB
2026-03-30 22:55:44,343,73.13,164.6MB,34068.5,0.49,17.6GB / 673.8MB,0B / 36.86kB
2026-03-30 22:55:57,343,73.13,165.3MB,34068.5,0.50,17.61GB / 674.2MB,0B / 36.86kB
2026-03-30 22:56:09,343,73.14,164.8MB,34068.5,0.50,17.62GB / 674.6MB,0B / 36.86kB
2026-03-30 22:56:21,343,73.14,164.4MB,34068.5,0.49,17.63GB / 675MB,0B / 36.86kB
2026-03-30 22:56:33,344,73.14,165.2MB,34068.5,0.50,17.64GB / 675.4MB,0B / 36.86kB
2026-03-30 22:56:46,344,73.15,164.7MB,34068.5,0.50,17.65GB / 675.8MB,0B / 36.86kB
2026-03-30 22:56:58,344,73.15,164.3MB,34068.5,0.49,17.67GB / 676.2MB,0B / 36.86kB
2026-03-30 22:57:10,344,73.16,165.6MB,34068.5,0.50,17.68GB / 676.6MB,0B / 36.86kB
2026-03-30 22:57:23,344,73.16,165.9MB,34068.5,0.50,17.69GB / 677MB,0B / 36.86kB
2026-03-30 22:57:35,345,73.16,165.3MB,34068.5,0.50,17.7GB / 677.4MB,0B / 36.86kB
2026-03-30 22:57:47,345,73.16,164.6MB,34068.5,0.49,17.71GB / 677.8MB,0B / 36.86kB
2026-03-30 22:58:00,345,73.16,164.9MB,34068.5,0.50,17.72GB / 678.2MB,0B / 36.86kB
2026-03-30 22:58:12,345,73.17,165.5MB,34068.5,0.50,17.73GB / 678.6MB,0B / 36.86kB
2026-03-30 22:58:25,346,73.18,165.3MB,34068.5,0.50,17.74GB / 679MB,0B / 36.86kB
2026-03-30 22:58:37,346,73.18,165MB,34068.5,0.50,17.75GB / 679.4MB,0B / 36.86kB
2026-03-30 22:58:49,346,73.18,165MB,34068.5,0.50,17.76GB / 679.8MB,0B / 36.86kB
2026-03-30 22:59:01,346,73.18,165.4MB,34068.5,0.50,17.77GB / 680.2MB,0B / 36.86kB
2026-03-30 22:59:14,346,73.18,165.3MB,34068.5,0.50,17.78GB / 680.7MB,0B / 36.86kB
2026-03-30 22:59:27,347,73.19,165.2MB,34068.5,0.50,17.79GB / 681.1MB,0B / 36.86kB
2026-03-30 22:59:39,347,73.19,165.4MB,34068.5,0.50,17.8GB / 681.5MB,0B / 36.86kB
2026-03-30 22:59:51,347,73.19,165.9MB,34068.5,0.50,17.81GB / 681.9MB,0B / 36.86kB
2026-03-30 23:00:04,347,73.19,165.1MB,34068.5,0.50,17.82GB / 682.3MB,0B / 36.86kB
2026-03-30 23:00:16,347,73.20,166.5MB,34068.5,0.50,17.83GB / 682.7MB,0B / 36.86kB
2026-03-30 23:00:29,348,73.20,165MB,34068.5,0.50,17.84GB / 683.1MB,0B / 36.86kB
2026-03-30 23:00:41,348,73.20,165.7MB,34068.5,0.50,17.86GB / 683.5MB,0B / 36.86kB
2026-03-30 23:00:53,348,73.20,165.1MB,34068.5,0.50,17.87GB / 683.9MB,0B / 36.86kB
2026-03-30 23:01:06,348,73.21,165.1MB,34068.5,0.50,17.88GB / 684.3MB,0B / 36.86kB
2026-03-30 23:01:18,348,73.21,165.8MB,34068.5,0.50,17.89GB / 684.7MB,0B / 36.86kB
2026-03-30 23:01:30,349,73.20,165.5MB,34068.5,0.50,17.9GB / 685.1MB,0B / 36.86kB
2026-03-30 23:01:43,349,73.21,165MB,34068.5,0.50,17.91GB / 685.5MB,0B / 36.86kB
2026-03-30 23:01:55,349,73.21,165.2MB,34068.5,0.50,17.92GB / 685.9MB,0B / 36.86kB
2026-03-30 23:02:07,349,73.21,165.9MB,34068.5,0.50,17.93GB / 686.3MB,0B / 36.86kB
2026-03-30 23:02:20,349,73.21,166.9MB,34068.5,0.50,17.94GB / 686.7MB,0B / 36.86kB
2026-03-30 23:02:32,350,73.21,166.5MB,34068.5,0.50,17.95GB / 687.1MB,0B / 36.86kB
2026-03-30 23:02:44,350,73.22,166.4MB,34068.5,0.50,17.96GB / 687.5MB,0B / 36.86kB
2026-03-30 23:02:56,350,73.22,166.7MB,34068.5,0.50,17.97GB / 687.9MB,0B / 36.86kB
2026-03-30 23:03:08,350,73.23,166.7MB,34068.5,0.50,17.98GB / 688.3MB,0B / 36.86kB
2026-03-30 23:03:21,350,73.23,166.3MB,34068.5,0.50,17.99GB / 688.7MB,0B / 36.86kB
2026-03-30 23:03:33,351,73.24,166.9MB,34068.5,0.50,18GB / 689.1MB,0B / 36.86kB
2026-03-30 23:03:46,351,73.24,167MB,34068.5,0.50,18.01GB / 689.5MB,0B / 36.86kB
2026-03-30 23:03:58,351,73.24,166.2MB,34068.5,0.50,18.02GB / 689.9MB,0B / 36.86kB
2026-03-30 23:04:10,351,73.25,165.5MB,34068.5,0.50,18.03GB / 690.3MB,0B / 36.86kB
2026-03-30 23:04:22,351,73.25,167.1MB,34068.5,0.50,18.04GB / 690.7MB,0B / 36.86kB
2026-03-30 23:04:35,352,73.26,165.8MB,34068.5,0.50,18.05GB / 691.1MB,0B / 36.86kB
2026-03-30 23:04:47,352,73.26,166.7MB,34068.5,0.50,18.06GB / 691.5MB,0B / 36.86kB
2026-03-30 23:04:59,352,73.27,165.9MB,34068.5,0.50,18.07GB / 691.9MB,0B / 36.86kB
2026-03-30 23:05:12,352,73.27,166.9MB,34068.5,0.50,18.09GB / 692.3MB,0B / 36.86kB
2026-03-30 23:05:24,352,73.27,166.5MB,34068.5,0.50,18.1GB / 692.7MB,0B / 36.86kB
2026-03-30 23:05:36,353,73.27,166.2MB,34068.5,0.50,18.11GB / 693.1MB,0B / 36.86kB
2026-03-30 23:05:49,353,73.28,166.9MB,34068.5,0.50,18.12GB / 693.5MB,0B / 36.86kB
2026-03-30 23:06:01,353,73.28,167.5MB,34068.5,0.50,18.13GB / 693.9MB,0B / 36.86kB
2026-03-30 23:06:13,353,73.28,167MB,34068.5,0.50,18.14GB / 694.3MB,0B / 36.86kB
2026-03-30 23:06:26,354,73.29,166.6MB,34068.5,0.50,18.15GB / 694.7MB,0B / 36.86kB
2026-03-30 23:06:38,354,73.29,166.6MB,34068.5,0.50,18.16GB / 695.1MB,0B / 36.86kB
2026-03-30 23:06:50,354,73.29,167MB,34068.5,0.50,18.17GB / 695.5MB,0B / 36.86kB
2026-03-30 23:07:02,354,73.29,166.7MB,34068.5,0.50,18.18GB / 695.9MB,0B / 36.86kB
2026-03-30 23:07:15,354,73.30,166.7MB,34068.5,0.50,18.19GB / 696.3MB,0B / 36.86kB
2026-03-30 23:07:27,355,73.30,167MB,34068.5,0.50,18.2GB / 696.7MB,0B / 36.86kB
2026-03-30 23:07:39,355,73.30,167.3MB,34068.5,0.50,18.21GB / 697.1MB,0B / 36.86kB
2026-03-30 23:07:52,355,73.30,166.4MB,34068.5,0.50,18.22GB / 697.5MB,0B / 36.86kB
2026-03-30 23:08:04,355,73.31,167.7MB,34068.5,0.50,18.23GB / 697.9MB,0B / 36.86kB
2026-03-30 23:08:16,355,73.30,167.2MB,34068.5,0.50,18.24GB / 698.3MB,0B / 36.86kB
2026-03-30 23:08:29,356,73.31,166.9MB,34068.5,0.50,18.25GB / 698.7MB,0B / 36.86kB
2026-03-30 23:08:41,356,73.31,166.4MB,34068.5,0.50,18.26GB / 699.1MB,0B / 36.86kB
2026-03-30 23:08:54,356,73.32,167.4MB,34068.5,0.50,18.27GB / 699.5MB,0B / 36.86kB
2026-03-30 23:09:06,356,73.32,167.6MB,34068.5,0.50,18.28GB / 699.9MB,0B / 36.86kB
2026-03-30 23:09:19,356,73.33,167.8MB,34068.5,0.50,18.3GB / 700.3MB,0B / 36.86kB
2026-03-30 23:09:31,357,73.33,166.8MB,34068.5,0.50,18.31GB / 700.7MB,0B / 36.86kB
2026-03-30 23:09:43,357,73.33,167.5MB,34068.5,0.50,18.32GB / 701.1MB,0B / 36.86kB
2026-03-30 23:09:56,357,73.33,167.6MB,34068.5,0.50,18.33GB / 701.5MB,0B / 36.86kB
2026-03-30 23:10:08,357,73.34,167.6MB,34068.5,0.50,18.34GB / 701.9MB,0B / 36.86kB
2026-03-30 23:10:20,357,73.34,167MB,34068.5,0.50,18.35GB / 702.3MB,0B / 36.86kB
2026-03-30 23:10:33,358,73.34,168.3MB,34068.5,0.51,18.36GB / 702.7MB,0B / 36.86kB
2026-03-30 23:10:45,358,73.34,168MB,34068.5,0.50,18.37GB / 703.1MB,0B / 36.86kB
2026-03-30 23:10:57,358,73.35,167.2MB,34068.5,0.50,18.38GB / 703.5MB,0B / 36.86kB
2026-03-30 23:11:10,358,73.35,167.9MB,34068.5,0.50,18.39GB / 703.9MB,0B / 36.86kB
2026-03-30 23:11:22,358,73.35,167.7MB,34068.5,0.50,18.4GB / 704.3MB,0B / 36.86kB
2026-03-30 23:11:34,359,73.35,168.2MB,34068.5,0.51,18.41GB / 704.7MB,0B / 36.86kB
2026-03-30 23:11:47,359,73.35,168.2MB,34068.5,0.51,18.42GB / 705.1MB,0B / 36.86kB
2026-03-30 23:11:59,359,73.35,167.4MB,34068.5,0.50,18.43GB / 705.5MB,0B / 36.86kB
2026-03-30 23:12:11,359,73.36,167.3MB,34068.5,0.50,18.44GB / 705.9MB,0B / 36.86kB
2026-03-30 23:12:24,359,73.36,168MB,34068.5,0.50,18.45GB / 706.3MB,0B / 36.86kB
2026-03-30 23:12:36,360,73.36,167.9MB,34068.5,0.50,18.46GB / 706.7MB,0B / 36.86kB
2026-03-30 23:12:48,360,73.37,167.8MB,34068.5,0.50,18.47GB / 707.1MB,0B / 36.86kB
2026-03-30 23:13:00,360,73.37,168.2MB,34068.5,0.51,18.48GB / 707.5MB,0B / 36.86kB
2026-03-30 23:13:13,360,73.37,168.6MB,34068.5,0.51,18.49GB / 707.9MB,0B / 36.86kB
2026-03-30 23:13:25,361,73.38,168.1MB,34068.5,0.51,18.51GB / 708.3MB,0B / 36.86kB
2026-03-30 23:13:38,361,73.38,168MB,34068.5,0.50,18.52GB / 708.8MB,0B / 36.86kB
2026-03-30 23:13:50,361,73.38,168.5MB,34068.5,0.51,18.53GB / 709.2MB,0B / 36.86kB
2026-03-30 23:14:02,361,73.38,168.6MB,34068.5,0.51,18.54GB / 709.6MB,0B / 36.86kB
2026-03-30 23:14:15,361,73.39,168.9MB,34068.5,0.51,18.55GB / 710MB,0B / 36.86kB
2026-03-30 23:14:28,362,73.36,167.4MB,34068.5,0.50,18.55GB / 710.1MB,0B / 36.86kB
2026-03-30 23:14:40,362,73.36,168.6MB,34068.5,0.51,18.56GB / 710.5MB,0B / 36.86kB
2026-03-30 23:14:52,362,73.36,169MB,34068.5,0.51,18.57GB / 710.9MB,0B / 36.86kB
2026-03-30 23:15:04,362,73.36,169.3MB,34068.5,0.51,18.58GB / 711.3MB,0B / 36.86kB
2026-03-30 23:15:17,362,73.36,168.4MB,34068.5,0.51,18.59GB / 711.7MB,0B / 36.86kB
2026-03-30 23:15:29,363,73.36,168.8MB,34068.5,0.51,18.6GB / 712.1MB,0B / 36.86kB
2026-03-30 23:15:42,363,73.36,168.8MB,34068.5,0.51,18.61GB / 712.5MB,0B / 36.86kB
2026-03-30 23:15:54,363,73.37,169.7MB,34068.5,0.51,18.62GB / 712.9MB,0B / 36.86kB
2026-03-30 23:16:06,363,73.37,168.4MB,34068.5,0.51,18.63GB / 713.3MB,0B / 36.86kB
2026-03-30 23:16:19,363,73.37,168.6MB,34068.5,0.51,18.64GB / 713.7MB,0B / 36.86kB
2026-03-30 23:16:31,364,73.37,168.9MB,34068.5,0.51,18.65GB / 714MB,0B / 36.86kB
2026-03-30 23:16:43,364,73.38,168.9MB,34068.5,0.51,18.66GB / 714.4MB,0B / 36.86kB
2026-03-30 23:16:55,364,73.38,168.3MB,34068.5,0.51,18.67GB / 714.8MB,0B / 36.86kB
2026-03-30 23:17:08,364,73.38,169.6MB,34068.5,0.51,18.69GB / 715.2MB,0B / 36.86kB
2026-03-30 23:17:20,364,73.38,169.6MB,34068.5,0.51,18.7GB / 715.6MB,0B / 36.86kB
2026-03-30 23:17:32,365,73.38,169MB,34068.5,0.51,18.71GB / 716MB,0B / 36.86kB
2026-03-30 23:17:44,365,73.39,168.6MB,34068.5,0.51,18.72GB / 716.4MB,0B / 36.86kB
2026-03-30 23:17:57,365,73.39,169.6MB,34068.5,0.51,18.73GB / 716.8MB,0B / 36.86kB
2026-03-30 23:18:09,365,73.39,168.7MB,34068.5,0.51,18.74GB / 717.2MB,0B / 36.86kB
2026-03-30 23:18:21,365,73.39,168.3MB,34068.5,0.51,18.75GB / 717.6MB,0B / 36.86kB
2026-03-30 23:18:34,366,73.40,169.2MB,34068.5,0.51,18.76GB / 718MB,0B / 36.86kB
2026-03-30 23:18:46,366,73.40,169.2MB,34068.5,0.51,18.77GB / 718.4MB,0B / 36.86kB
2026-03-30 23:18:58,366,73.40,169.2MB,34068.5,0.51,18.78GB / 718.8MB,0B / 36.86kB
2026-03-30 23:19:10,366,73.40,169.9MB,34068.5,0.51,18.79GB / 719.2MB,0B / 36.86kB
2026-03-30 23:19:23,366,73.40,168.5MB,34068.5,0.51,18.8GB / 719.6MB,0B / 36.86kB
2026-03-30 23:19:35,367,73.40,169.1MB,34068.5,0.51,18.81GB / 720MB,0B / 36.86kB
2026-03-30 23:19:47,367,73.40,169.1MB,34068.5,0.51,18.82GB / 720.4MB,0B / 36.86kB
2026-03-30 23:19:59,367,73.40,169MB,34068.5,0.51,18.83GB / 720.8MB,0B / 36.86kB
2026-03-30 23:20:12,367,73.40,170MB,34068.5,0.51,18.84GB / 721.2MB,0B / 36.86kB
2026-03-30 23:20:24,367,73.41,169.6MB,34068.5,0.51,18.85GB / 721.6MB,0B / 36.86kB
2026-03-30 23:20:37,368,73.41,169.2MB,34068.5,0.51,18.86GB / 722MB,0B / 36.86kB
2026-03-30 23:20:49,368,73.41,168.9MB,34068.5,0.51,18.87GB / 722.4MB,0B / 36.86kB
2026-03-30 23:21:01,368,73.41,170.2MB,34068.5,0.51,18.88GB / 722.8MB,0B / 36.86kB
2026-03-30 23:21:13,368,73.42,170MB,34068.5,0.51,18.89GB / 723.2MB,0B / 36.86kB
2026-03-30 23:21:26,369,73.42,170.5MB,34068.5,0.51,18.91GB / 723.6MB,0B / 36.86kB
2026-03-30 23:21:38,369,73.42,169.1MB,34068.5,0.51,18.92GB / 724MB,0B / 36.86kB
2026-03-30 23:21:50,369,73.42,170MB,34068.5,0.51,18.93GB / 724.4MB,0B / 36.86kB
2026-03-30 23:22:02,369,73.42,169.5MB,34068.5,0.51,18.94GB / 724.8MB,0B / 36.86kB
2026-03-30 23:22:15,369,73.42,169.7MB,34068.5,0.51,18.95GB / 725.2MB,0B / 36.86kB
2026-03-30 23:22:27,370,73.43,169.8MB,34068.5,0.51,18.96GB / 725.6MB,0B / 36.86kB
2026-03-30 23:22:39,370,73.43,170.1MB,34068.5,0.51,18.97GB / 726MB,0B / 36.86kB
2026-03-30 23:22:52,370,73.43,169.9MB,34068.5,0.51,18.98GB / 726.4MB,0B / 36.86kB
2026-03-30 23:23:04,370,73.43,169.6MB,34068.5,0.51,18.99GB / 726.8MB,0B / 36.86kB
2026-03-30 23:23:16,370,73.43,170.1MB,34068.5,0.51,19GB / 727.2MB,0B / 36.86kB
2026-03-30 23:23:28,371,73.43,169.6MB,34068.5,0.51,19.01GB / 727.6MB,0B / 36.86kB
2026-03-30 23:23:41,371,73.43,170.6MB,34068.5,0.51,19.02GB / 728MB,0B / 36.86kB
2026-03-30 23:23:53,371,73.43,170MB,34068.5,0.51,19.03GB / 728.4MB,0B / 36.86kB
2026-03-30 23:24:06,371,73.44,170.2MB,34068.5,0.51,19.04GB / 728.8MB,0B / 36.86kB
2026-03-30 23:24:18,371,73.44,169.7MB,34068.5,0.51,19.05GB / 729.2MB,0B / 36.86kB
2026-03-30 23:24:30,372,73.44,170.2MB,34068.5,0.51,19.06GB / 729.6MB,0B / 36.86kB
2026-03-30 23:24:42,372,73.45,170.2MB,34068.5,0.51,19.07GB / 730MB,0B / 36.86kB
2026-03-30 23:24:55,372,73.45,170.7MB,34068.5,0.51,19.08GB / 730.4MB,0B / 36.86kB
2026-03-30 23:25:07,372,73.45,170.8MB,34068.5,0.51,19.09GB / 730.8MB,0B / 36.86kB
2026-03-30 23:25:19,372,73.46,171.1MB,34068.5,0.51,19.1GB / 731.2MB,0B / 36.86kB
2026-03-30 23:25:32,373,73.46,170.6MB,34068.5,0.51,19.11GB / 731.6MB,0B / 36.86kB
2026-03-30 23:25:44,373,73.46,170.7MB,34068.5,0.51,19.12GB / 732MB,0B / 36.86kB
2026-03-30 23:25:56,373,73.46,170.4MB,34068.5,0.51,19.13GB / 732.4MB,0B / 36.86kB
2026-03-30 23:26:09,373,73.46,170.6MB,34068.5,0.51,19.15GB / 732.8MB,0B / 36.86kB
2026-03-30 23:26:21,373,73.46,170.7MB,34068.5,0.51,19.16GB / 733.2MB,0B / 36.86kB
2026-03-30 23:26:33,374,73.46,170.4MB,34068.5,0.51,19.17GB / 733.6MB,0B / 36.86kB
2026-03-30 23:26:45,374,73.47,171MB,34068.5,0.51,19.18GB / 734MB,0B / 36.86kB
2026-03-30 23:26:58,374,73.47,169.9MB,34068.5,0.51,19.19GB / 734.4MB,0B / 36.86kB
2026-03-30 23:27:10,374,73.47,170.2MB,34068.5,0.51,19.2GB / 734.8MB,0B / 36.86kB
2026-03-30 23:27:22,374,73.48,171.7MB,34068.5,0.52,19.21GB / 735.2MB,0B / 36.86kB
2026-03-30 23:27:35,375,73.48,171.1MB,34068.5,0.51,19.22GB / 735.6MB,0B / 36.86kB
2026-03-30 23:27:47,375,73.48,170.8MB,34068.5,0.51,19.23GB / 736MB,0B / 36.86kB
2026-03-30 23:27:59,375,73.49,170.4MB,34068.5,0.51,19.24GB / 736.4MB,0B / 36.86kB
2026-03-30 23:28:12,375,73.49,170.7MB,34068.5,0.51,19.25GB / 736.8MB,0B / 36.86kB
2026-03-30 23:28:24,375,73.49,171.2MB,34068.5,0.51,19.26GB / 737.2MB,0B / 36.86kB
2026-03-30 23:28:37,376,73.49,170.6MB,34068.5,0.51,19.27GB / 737.6MB,0B / 36.86kB
2026-03-30 23:28:49,376,73.49,170.7MB,34068.5,0.51,19.28GB / 738MB,0B / 36.86kB
2026-03-30 23:29:01,376,73.49,171.7MB,34068.5,0.52,19.29GB / 738.4MB,0B / 36.86kB
2026-03-30 23:29:13,376,73.50,170.5MB,34068.5,0.51,19.3GB / 738.8MB,0B / 36.86kB
2026-03-30 23:29:26,377,73.50,170.6MB,34068.5,0.51,19.31GB / 739.2MB,0B / 36.86kB
2026-03-30 23:29:39,377,73.50,172.1MB,34068.5,0.52,19.32GB / 739.6MB,0B / 36.86kB
2026-03-30 23:29:51,377,73.50,170.7MB,34068.5,0.51,19.33GB / 740MB,0B / 36.86kB
2026-03-30 23:30:03,377,73.50,171.5MB,34068.5,0.52,19.34GB / 740.4MB,0B / 36.86kB
2026-03-30 23:30:16,377,73.51,172.1MB,34068.5,0.52,19.35GB / 740.8MB,0B / 36.86kB
2026-03-30 23:30:28,378,73.51,171.7MB,34068.5,0.52,19.37GB / 741.2MB,0B / 36.86kB
2026-03-30 23:30:40,378,73.51,170.8MB,34068.5,0.51,19.38GB / 741.6MB,0B / 36.86kB
2026-03-30 23:30:52,378,73.52,171.5MB,34068.5,0.52,19.39GB / 742MB,0B / 36.86kB
2026-03-30 23:31:05,378,73.52,172.8MB,34068.5,0.52,19.4GB / 742.5MB,0B / 36.86kB
2026-03-30 23:31:17,378,73.52,171.6MB,34068.5,0.52,19.41GB / 742.8MB,0B / 36.86kB
2026-03-30 23:31:29,379,73.52,171.8MB,34068.5,0.52,19.42GB / 743.2MB,0B / 36.86kB
2026-03-30 23:31:42,379,73.52,171.5MB,34068.5,0.52,19.43GB / 743.6MB,0B / 36.86kB
2026-03-30 23:31:54,379,73.53,171.6MB,34068.5,0.52,19.44GB / 744.1MB,0B / 36.86kB
2026-03-30 23:32:06,379,73.53,171.1MB,34068.5,0.51,19.45GB / 744.5MB,0B / 36.86kB
2026-03-30 23:32:19,379,73.54,172.4MB,34068.5,0.52,19.46GB / 744.8MB,0B / 36.86kB
2026-03-30 23:32:32,380,73.55,171.7MB,34068.5,0.52,19.47GB / 745.3MB,0B / 36.86kB
2026-03-30 23:32:44,380,73.56,171.8MB,34068.5,0.52,19.48GB / 745.7MB,0B / 36.86kB
2026-03-30 23:32:57,380,73.56,172.2MB,34068.5,0.52,19.49GB / 746.1MB,0B / 36.86kB
2026-03-30 23:33:09,380,73.56,172.3MB,34068.5,0.52,19.5GB / 746.5MB,0B / 36.86kB
2026-03-30 23:33:22,380,73.56,172.1MB,34068.5,0.52,19.51GB / 746.9MB,0B / 36.86kB
2026-03-30 23:33:34,381,73.56,171.3MB,34068.5,0.51,19.52GB / 747.3MB,0B / 36.86kB
2026-03-30 23:33:46,381,73.56,172.9MB,34068.5,0.52,19.53GB / 747.7MB,0B / 36.86kB
2026-03-30 23:33:58,381,73.56,172.6MB,34068.5,0.52,19.54GB / 748.1MB,0B / 36.86kB
2026-03-30 23:34:11,381,73.56,171.5MB,34068.5,0.52,19.55GB / 748.5MB,0B / 36.86kB
2026-03-30 23:34:23,381,73.56,171.6MB,34068.5,0.52,19.56GB / 748.9MB,0B / 36.86kB
2026-03-30 23:34:35,382,73.56,172MB,34068.5,0.52,19.58GB / 749.3MB,0B / 36.86kB
2026-03-30 23:34:48,382,73.56,172.2MB,34068.5,0.52,19.59GB / 749.7MB,0B / 36.86kB
2026-03-30 23:35:00,382,73.56,173.1MB,34068.5,0.52,19.6GB / 750.1MB,0B / 36.86kB
2026-03-30 23:35:12,382,73.56,172MB,34068.5,0.52,19.61GB / 750.4MB,0B / 36.86kB
2026-03-30 23:35:24,382,73.56,172.7MB,34068.5,0.52,19.62GB / 750.8MB,0B / 36.86kB
2026-03-30 23:35:36,383,73.56,173.4MB,34068.5,0.52,19.63GB / 751.2MB,0B / 36.86kB
2026-03-30 23:35:49,383,73.57,171.9MB,34068.5,0.52,19.64GB / 751.7MB,0B / 36.86kB
2026-03-30 23:36:01,383,73.57,172.4MB,34068.5,0.52,19.65GB / 752.1MB,0B / 36.86kB
2026-03-30 23:36:14,383,73.57,172.8MB,34068.5,0.52,19.66GB / 752.5MB,0B / 36.86kB
2026-03-30 23:36:26,384,73.57,172.5MB,34068.5,0.52,19.67GB / 752.9MB,0B / 36.86kB
2026-03-30 23:36:38,384,73.57,171.8MB,34068.5,0.52,19.68GB / 753.3MB,0B / 36.86kB
2026-03-30 23:36:51,384,73.57,172.2MB,34068.5,0.52,19.69GB / 753.7MB,0B / 36.86kB
2026-03-30 23:37:03,384,73.57,172.9MB,34068.5,0.52,19.7GB / 754.1MB,0B / 36.86kB
2026-03-30 23:37:15,384,73.57,172.4MB,34068.5,0.52,19.71GB / 754.5MB,0B / 36.86kB
2026-03-30 23:37:28,385,73.58,172.2MB,34068.5,0.52,19.72GB / 754.9MB,0B / 36.86kB
2026-03-30 23:37:40,385,73.58,172.9MB,34068.5,0.52,19.73GB / 755.3MB,0B / 36.86kB
2026-03-30 23:37:52,385,73.59,173.6MB,34068.5,0.52,19.74GB / 755.7MB,0B / 36.86kB
2026-03-30 23:38:05,385,73.59,172.5MB,34068.5,0.52,19.75GB / 756.1MB,0B / 36.86kB
2026-03-30 23:38:17,385,73.59,173.3MB,34068.5,0.52,19.76GB / 756.5MB,0B / 36.86kB
2026-03-30 23:38:29,386,73.60,172.4MB,34068.5,0.52,19.77GB / 756.9MB,0B / 36.86kB
2026-03-30 23:38:41,386,73.60,173MB,34068.5,0.52,19.78GB / 757.3MB,0B / 36.86kB
2026-03-30 23:38:54,386,73.60,172.6MB,34068.5,0.52,19.8GB / 757.7MB,0B / 36.86kB
2026-03-30 23:39:06,386,73.60,173.1MB,34068.5,0.52,19.81GB / 758.1MB,0B / 36.86kB
2026-03-30 23:39:18,386,73.61,174MB,34068.5,0.52,19.82GB / 758.5MB,0B / 36.86kB
2026-03-30 23:39:31,387,73.61,173.5MB,34068.5,0.52,19.83GB / 758.9MB,0B / 36.86kB
2026-03-30 23:39:43,387,73.61,173.8MB,34068.5,0.52,19.84GB / 759.3MB,0B / 36.86kB
2026-03-30 23:39:55,387,73.61,173.3MB,34068.5,0.52,19.85GB / 759.7MB,0B / 36.86kB
2026-03-30 23:40:08,387,73.61,173.3MB,34068.5,0.52,19.86GB / 760.1MB,0B / 36.86kB
2026-03-30 23:40:20,387,73.61,172.7MB,34068.5,0.52,19.87GB / 760.5MB,0B / 36.86kB
2026-03-30 23:40:32,388,73.62,173.6MB,34068.5,0.52,19.88GB / 760.9MB,0B / 36.86kB
2026-03-30 23:40:45,388,73.62,173.1MB,34068.5,0.52,19.89GB / 761.3MB,0B / 36.86kB
2026-03-30 23:40:57,388,73.62,173.4MB,34068.5,0.52,19.9GB / 761.7MB,0B / 36.86kB
2026-03-30 23:41:09,388,73.62,173MB,34068.5,0.52,19.91GB / 762.1MB,0B / 36.86kB
2026-03-30 23:41:22,388,73.63,173.1MB,34068.5,0.52,19.92GB / 762.5MB,0B / 36.86kB
2026-03-30 23:41:34,389,73.63,174MB,34068.5,0.52,19.93GB / 762.9MB,0B / 36.86kB
2026-03-30 23:41:47,389,73.63,173.2MB,34068.5,0.52,19.94GB / 763.3MB,0B / 36.86kB
2026-03-30 23:41:59,389,73.63,174MB,34068.5,0.52,19.95GB / 763.7MB,0B / 36.86kB
2026-03-30 23:42:11,389,73.64,173.8MB,34068.5,0.52,19.96GB / 764.1MB,0B / 36.86kB
2026-03-30 23:42:24,389,73.64,174MB,34068.5,0.52,19.97GB / 764.5MB,0B / 36.86kB
2026-03-30 23:42:36,390,73.64,173.7MB,34068.5,0.52,19.99GB / 764.9MB,0B / 36.86kB
2026-03-30 23:42:49,390,73.64,173.9MB,34068.5,0.52,20GB / 765.3MB,0B / 36.86kB
2026-03-30 23:43:01,390,73.65,173.2MB,34068.5,0.52,20.01GB / 765.7MB,0B / 36.86kB
2026-03-30 23:43:13,390,73.65,173.7MB,34068.5,0.52,20.02GB / 766.1MB,0B / 36.86kB
2026-03-30 23:43:26,391,73.65,173.3MB,34068.5,0.52,20.03GB / 766.5MB,0B / 36.86kB
2026-03-30 23:43:38,391,73.65,174.4MB,34068.5,0.52,20.04GB / 766.9MB,0B / 36.86kB
2026-03-30 23:43:50,391,73.65,174.3MB,34068.5,0.52,20.05GB / 767.3MB,0B / 36.86kB
2026-03-30 23:44:02,391,73.65,174MB,34068.5,0.52,20.06GB / 767.7MB,0B / 36.86kB
2026-03-30 23:44:15,391,73.65,173.9MB,34068.5,0.52,20.07GB / 768.1MB,0B / 36.86kB
2026-03-30 23:44:27,392,73.66,174MB,34068.5,0.52,20.08GB / 768.5MB,0B / 36.86kB
2026-03-30 23:44:39,392,73.63,173.2MB,34068.5,0.52,20.08GB / 768.6MB,0B / 36.86kB
2026-03-30 23:44:52,392,73.63,175.4MB,34068.5,0.53,20.09GB / 769MB,0B / 36.86kB
2026-03-30 23:45:04,392,73.63,173.6MB,34068.5,0.52,20.1GB / 769.4MB,0B / 36.86kB
2026-03-30 23:45:16,392,73.64,174.2MB,34068.5,0.52,20.11GB / 769.8MB,0B / 36.86kB
2026-03-30 23:45:29,393,73.64,174.1MB,34068.5,0.52,20.12GB / 770.2MB,0B / 36.86kB
2026-03-30 23:45:41,393,73.64,174.6MB,34068.5,0.52,20.13GB / 770.6MB,0B / 36.86kB
2026-03-30 23:45:53,393,73.64,175MB,34068.5,0.53,20.14GB / 771MB,0B / 36.86kB
2026-03-30 23:46:06,393,73.65,174.1MB,34068.5,0.52,20.15GB / 771.4MB,0B / 36.86kB
2026-03-30 23:46:18,393,73.65,174.4MB,34068.5,0.52,20.17GB / 771.8MB,0B / 36.86kB
2026-03-30 23:46:30,394,73.65,174.4MB,34068.5,0.52,20.18GB / 772.2MB,0B / 36.86kB
2026-03-30 23:46:43,394,73.65,174.4MB,34068.5,0.52,20.19GB / 772.6MB,0B / 36.86kB
2026-03-30 23:46:55,394,73.66,174.8MB,34068.5,0.53,20.2GB / 773MB,0B / 36.86kB
2026-03-30 23:47:07,394,73.66,174.1MB,34068.5,0.52,20.21GB / 773.4MB,0B / 36.86kB
2026-03-30 23:47:20,394,73.66,175MB,34068.5,0.53,20.22GB / 773.8MB,0B / 36.86kB
2026-03-30 23:47:32,395,73.66,174.8MB,34068.5,0.53,20.23GB / 774.2MB,0B / 36.86kB
2026-03-30 23:47:44,395,73.66,175MB,34068.5,0.53,20.24GB / 774.6MB,0B / 36.86kB
2026-03-30 23:47:57,395,73.67,174.4MB,34068.5,0.52,20.25GB / 775MB,0B / 73.73kB
2026-03-30 23:48:09,395,73.67,174.9MB,34068.5,0.53,20.26GB / 775.4MB,0B / 73.73kB
2026-03-30 23:48:21,395,73.67,174.6MB,34068.5,0.52,20.27GB / 775.8MB,0B / 73.73kB
2026-03-30 23:48:34,396,73.68,174.3MB,34068.5,0.52,20.28GB / 776.2MB,0B / 73.73kB
2026-03-30 23:48:46,396,73.68,174.6MB,34068.5,0.52,20.29GB / 776.6MB,0B / 73.73kB
2026-03-30 23:48:58,396,73.68,176MB,34068.5,0.53,20.3GB / 777MB,0B / 73.73kB
2026-03-30 23:49:11,396,73.68,174.8MB,34068.5,0.53,20.31GB / 777.4MB,0B / 73.73kB
2026-03-30 23:49:23,396,73.68,174.8MB,34068.5,0.53,20.32GB / 777.8MB,0B / 73.73kB
2026-03-30 23:49:35,397,73.68,175.3MB,34068.5,0.53,20.33GB / 778.2MB,0B / 73.73kB
2026-03-30 23:49:48,397,73.68,175.7MB,34068.5,0.53,20.34GB / 778.6MB,0B / 73.73kB
2026-03-30 23:50:00,397,73.68,175MB,34068.5,0.53,20.35GB / 779MB,0B / 73.73kB
2026-03-30 23:50:12,397,73.69,175.2MB,34068.5,0.53,20.36GB / 779.4MB,0B / 73.73kB
2026-03-30 23:50:24,397,73.69,175MB,34068.5,0.53,20.37GB / 779.8MB,0B / 73.73kB
2026-03-30 23:50:37,398,73.69,175.3MB,34068.5,0.53,20.38GB / 780.2MB,0B / 73.73kB
2026-03-30 23:50:49,398,73.69,175.8MB,34068.5,0.53,20.4GB / 780.6MB,0B / 73.73kB
2026-03-30 23:51:01,398,73.69,175.9MB,34068.5,0.53,20.41GB / 781MB,0B / 73.73kB
2026-03-30 23:51:14,398,73.69,175.1MB,34068.5,0.53,20.42GB / 781.4MB,0B / 73.73kB
2026-03-30 23:51:26,399,73.70,175.6MB,34068.5,0.53,20.43GB / 781.8MB,0B / 73.73kB
2026-03-30 23:51:38,399,73.70,175.6MB,34068.5,0.53,20.44GB / 782.2MB,0B / 73.73kB
2026-03-30 23:51:51,399,73.70,175.9MB,34068.5,0.53,20.45GB / 782.6MB,0B / 73.73kB
2026-03-30 23:52:03,399,73.70,175.6MB,34068.5,0.53,20.46GB / 783MB,0B / 73.73kB
2026-03-30 23:52:15,399,73.70,175.3MB,34068.5,0.53,20.47GB / 783.4MB,0B / 73.73kB
2026-03-30 23:52:27,400,73.71,176.5MB,34068.5,0.53,20.48GB / 783.8MB,0B / 73.73kB
2026-03-30 23:52:39,400,73.71,175.2MB,34068.5,0.53,20.49GB / 784.2MB,0B / 73.73kB
2026-03-30 23:52:52,400,73.71,175.5MB,34068.5,0.53,20.5GB / 784.6MB,0B / 73.73kB
2026-03-30 23:53:04,400,73.71,176.2MB,34068.5,0.53,20.51GB / 785MB,0B / 73.73kB
2026-03-30 23:53:16,400,73.71,175.5MB,34068.5,0.53,20.52GB / 785.4MB,0B / 73.73kB
2026-03-30 23:53:28,401,73.72,175MB,34068.5,0.53,20.53GB / 785.8MB,0B / 73.73kB
2026-03-30 23:53:40,401,73.72,176MB,34068.5,0.53,20.54GB / 786.2MB,0B / 73.73kB
2026-03-30 23:53:53,401,73.72,176MB,34068.5,0.53,20.55GB / 786.6MB,0B / 73.73kB
2026-03-30 23:54:05,401,73.72,176.4MB,34068.5,0.53,20.56GB / 787MB,0B / 73.73kB
2026-03-30 23:54:17,401,73.72,175.9MB,34068.5,0.53,20.57GB / 787.4MB,0B / 73.73kB
2026-03-30 23:54:30,402,73.72,175.5MB,34068.5,0.53,20.58GB / 787.8MB,0B / 73.73kB
2026-03-30 23:54:42,402,73.73,175.7MB,34068.5,0.53,20.59GB / 788.2MB,0B / 73.73kB
2026-03-30 23:54:54,402,73.73,176.1MB,34068.5,0.53,20.6GB / 788.6MB,0B / 73.73kB
2026-03-30 23:55:07,402,73.73,176.8MB,34068.5,0.53,20.61GB / 789MB,0B / 73.73kB
2026-03-30 23:55:19,402,73.73,175.9MB,34068.5,0.53,20.62GB / 789.4MB,0B / 73.73kB
2026-03-30 23:55:31,403,73.73,176.1MB,34068.5,0.53,20.63GB / 789.8MB,0B / 73.73kB
2026-03-30 23:55:44,403,73.73,176.4MB,34068.5,0.53,20.65GB / 790.2MB,0B / 73.73kB
2026-03-30 23:55:56,403,73.74,176.5MB,34068.5,0.53,20.66GB / 790.6MB,0B / 73.73kB
2026-03-30 23:56:09,403,73.74,176.8MB,34068.5,0.53,20.67GB / 791MB,0B / 73.73kB
2026-03-30 23:56:21,403,73.74,175.9MB,34068.5,0.53,20.68GB / 791.4MB,0B / 73.73kB
2026-03-30 23:56:33,404,73.75,176.4MB,34068.5,0.53,20.69GB / 791.8MB,0B / 73.73kB
2026-03-30 23:56:46,404,73.75,177.3MB,34068.5,0.53,20.7GB / 792.2MB,0B / 73.73kB
2026-03-30 23:56:58,404,73.75,176.5MB,34068.5,0.53,20.71GB / 792.6MB,0B / 73.73kB
2026-03-30 23:57:11,404,73.75,177.1MB,34068.5,0.53,20.72GB / 793MB,0B / 73.73kB
2026-03-30 23:57:23,404,73.76,177.2MB,34068.5,0.53,20.73GB / 793.5MB,0B / 73.73kB
2026-03-30 23:57:35,405,73.76,176.7MB,34068.5,0.53,20.74GB / 793.9MB,0B / 73.73kB
2026-03-30 23:57:48,405,73.76,176.5MB,34068.5,0.53,20.75GB / 794.3MB,0B / 73.73kB
2026-03-30 23:58:00,405,73.76,176.9MB,34068.5,0.53,20.76GB / 794.7MB,0B / 73.73kB
2026-03-30 23:58:12,405,73.76,177.1MB,34068.5,0.53,20.77GB / 795.1MB,0B / 73.73kB
2026-03-30 23:58:24,405,73.76,176.7MB,34068.5,0.53,20.78GB / 795.4MB,0B / 73.73kB
2026-03-30 23:58:37,406,73.76,176.6MB,34068.5,0.53,20.79GB / 795.8MB,0B / 73.73kB
2026-03-30 23:58:49,406,73.77,176.4MB,34068.5,0.53,20.8GB / 796.2MB,0B / 73.73kB
2026-03-30 23:59:01,406,73.77,176.6MB,34068.5,0.53,20.81GB / 796.6MB,0B / 73.73kB
2026-03-30 23:59:13,406,73.77,177.4MB,34068.5,0.53,20.82GB / 797MB,0B / 73.73kB
2026-03-30 23:59:26,407,73.77,176.9MB,34068.5,0.53,20.84GB / 797.4MB,0B / 73.73kB
2026-03-30 23:59:38,407,73.78,177.6MB,34068.5,0.53,20.85GB / 797.9MB,0B / 73.73kB
2026-03-30 23:59:50,407,73.78,176.5MB,34068.5,0.53,20.86GB / 798.2MB,0B / 73.73kB
2026-03-31 00:00:03,407,73.78,176.5MB,34068.5,0.53,20.87GB / 798.6MB,0B / 73.73kB
2026-03-31 00:00:15,407,73.79,177.1MB,34068.5,0.53,20.88GB / 799MB,0B / 73.73kB
2026-03-31 00:00:27,408,73.79,177.6MB,34068.5,0.53,20.89GB / 799.4MB,0B / 73.73kB
2026-03-31 00:00:39,408,73.79,177.6MB,34068.5,0.53,20.9GB / 799.8MB,0B / 73.73kB
2026-03-31 00:00:51,408,73.79,178.4MB,34068.5,0.54,20.91GB / 800.2MB,0B / 73.73kB
2026-03-31 00:01:04,408,73.79,178.6MB,34068.5,0.54,20.92GB / 800.6MB,0B / 73.73kB
2026-03-31 00:01:16,408,73.79,176.7MB,34068.5,0.53,20.93GB / 801MB,0B / 73.73kB
2026-03-31 00:01:28,409,73.80,176.5MB,34068.5,0.53,20.94GB / 801.4MB,0B / 73.73kB
2026-03-31 00:01:41,409,73.80,176.6MB,34068.5,0.53,20.95GB / 801.8MB,0B / 73.73kB
2026-03-31 00:01:53,409,73.80,177.2MB,34068.5,0.53,20.96GB / 802.2MB,0B / 73.73kB
2026-03-31 00:02:05,409,73.80,177.4MB,34068.5,0.53,20.97GB / 802.6MB,0B / 73.73kB
2026-03-31 00:02:17,409,73.81,177.6MB,34068.5,0.53,20.98GB / 803MB,0B / 73.73kB
2026-03-31 00:02:30,410,73.81,176.9MB,34068.5,0.53,20.99GB / 803.4MB,0B / 73.73kB
2026-03-31 00:02:42,410,73.81,176.9MB,34068.5,0.53,21GB / 803.8MB,0B / 73.73kB
2026-03-31 00:02:54,410,73.81,178.3MB,34068.5,0.54,21.01GB / 804.2MB,0B / 73.73kB
2026-03-31 00:03:07,410,73.82,177.8MB,34068.5,0.53,21.02GB / 804.6MB,0B / 73.73kB
2026-03-31 00:03:19,410,73.82,177.5MB,34068.5,0.53,21.03GB / 805MB,0B / 73.73kB
2026-03-31 00:03:31,411,73.82,177.8MB,34068.5,0.53,21.04GB / 805.4MB,0B / 73.73kB
2026-03-31 00:03:44,411,73.82,177.3MB,34068.5,0.53,21.05GB / 805.9MB,0B / 110.6kB
2026-03-31 00:03:56,411,73.82,178.1MB,34068.5,0.54,21.07GB / 806.3MB,0B / 110.6kB
2026-03-31 00:04:08,411,73.83,178.1MB,34068.5,0.54,21.08GB / 806.7MB,0B / 110.6kB
2026-03-31 00:04:21,411,73.83,179.2MB,34068.5,0.54,21.09GB / 807.1MB,0B / 110.6kB
2026-03-31 00:04:33,412,73.83,177.9MB,34068.5,0.53,21.1GB / 807.5MB,0B / 110.6kB
2026-03-31 00:04:45,412,73.83,178.3MB,34068.5,0.54,21.11GB / 807.9MB,0B / 110.6kB
2026-03-31 00:04:58,412,73.83,177.5MB,34068.5,0.53,21.12GB / 808.3MB,0B / 110.6kB
2026-03-31 00:05:10,412,73.83,177.6MB,34068.5,0.53,21.13GB / 808.7MB,0B / 110.6kB
2026-03-31 00:05:22,412,73.84,178.8MB,34068.5,0.54,21.14GB / 809.1MB,0B / 110.6kB
2026-03-31 00:05:35,413,73.84,177.6MB,34068.5,0.53,21.15GB / 809.5MB,0B / 110.6kB
2026-03-31 00:05:47,413,73.84,178.7MB,34068.5,0.54,21.16GB / 809.9MB,0B / 110.6kB
2026-03-31 00:05:59,413,73.84,178.2MB,34068.5,0.54,21.17GB / 810.3MB,0B / 110.6kB
2026-03-31 00:06:12,413,73.84,178.3MB,34068.5,0.54,21.18GB / 810.7MB,0B / 110.6kB
2026-03-31 00:06:24,413,73.84,177.9MB,34068.5,0.53,21.19GB / 811.1MB,0B / 110.6kB
2026-03-31 00:06:36,414,73.85,177.7MB,34068.5,0.53,21.2GB / 811.5MB,0B / 110.6kB
2026-03-31 00:06:49,414,73.85,178.5MB,34068.5,0.54,21.21GB / 811.9MB,0B / 110.6kB
2026-03-31 00:07:01,414,73.85,178.3MB,34068.5,0.54,21.22GB / 812.3MB,0B / 110.6kB
2026-03-31 00:07:13,414,73.85,178.2MB,34068.5,0.54,21.23GB / 812.7MB,0B / 110.6kB
2026-03-31 00:07:25,415,73.86,177.9MB,34068.5,0.53,21.24GB / 813.1MB,0B / 110.6kB
2026-03-31 00:07:38,415,73.86,178.1MB,34068.5,0.54,21.25GB / 813.5MB,0B / 110.6kB
2026-03-31 00:07:50,415,73.87,178.7MB,34068.5,0.54,21.26GB / 813.9MB,0B / 110.6kB
2026-03-31 00:08:02,415,73.87,178.7MB,34068.5,0.54,21.28GB / 814.3MB,0B / 110.6kB
2026-03-31 00:08:14,415,73.87,178.7MB,34068.5,0.54,21.29GB / 814.7MB,0B / 110.6kB
2026-03-31 00:08:27,416,73.87,179.6MB,34068.5,0.54,21.3GB / 815.1MB,0B / 110.6kB
2026-03-31 00:08:39,416,73.88,178.9MB,34068.5,0.54,21.31GB / 815.5MB,0B / 110.6kB
2026-03-31 00:08:51,416,73.88,178.5MB,34068.5,0.54,21.32GB / 815.9MB,0B / 110.6kB
2026-03-31 00:09:03,416,73.88,178.5MB,34068.5,0.54,21.33GB / 816.3MB,0B / 110.6kB
2026-03-31 00:09:16,416,73.88,178.9MB,34068.5,0.54,21.34GB / 816.7MB,0B / 110.6kB
2026-03-31 00:09:28,417,73.89,178.1MB,34068.5,0.54,21.35GB / 817.1MB,0B / 110.6kB
2026-03-31 00:09:40,417,73.89,179.2MB,34068.5,0.54,21.36GB / 817.5MB,0B / 110.6kB
2026-03-31 00:09:53,417,73.89,178.7MB,34068.5,0.54,21.37GB / 817.9MB,0B / 110.6kB
2026-03-31 00:10:05,417,73.90,179.6MB,34068.5,0.54,21.38GB / 818.3MB,0B / 110.6kB
2026-03-31 00:10:17,417,73.90,179.1MB,34068.5,0.54,21.39GB / 818.7MB,0B / 110.6kB
2026-03-31 00:10:29,418,73.90,179.5MB,34068.5,0.54,21.4GB / 819.1MB,0B / 110.6kB
2026-03-31 00:10:42,418,73.90,179.2MB,34068.5,0.54,21.41GB / 819.5MB,0B / 110.6kB
2026-03-31 00:10:54,418,73.91,179.8MB,34068.5,0.54,21.42GB / 819.9MB,0B / 110.6kB
2026-03-31 00:11:07,418,73.91,179.6MB,34068.5,0.54,21.43GB / 820.3MB,0B / 110.6kB
2026-03-31 00:11:19,418,73.91,179.2MB,34068.5,0.54,21.44GB / 820.7MB,0B / 110.6kB
2026-03-31 00:11:32,419,73.91,179.7MB,34068.5,0.54,21.45GB / 821.1MB,0B / 110.6kB
2026-03-31 00:11:44,419,73.91,180.2MB,34068.5,0.54,21.46GB / 821.5MB,0B / 110.6kB
2026-03-31 00:11:56,419,73.91,178.8MB,34068.5,0.54,21.47GB / 821.9MB,0B / 110.6kB
2026-03-31 00:12:08,419,73.91,179.1MB,34068.5,0.54,21.48GB / 822.3MB,0B / 110.6kB
2026-03-31 00:12:21,419,73.91,179.3MB,34068.5,0.54,21.5GB / 822.7MB,0B / 110.6kB
2026-03-31 00:12:33,420,73.91,179.4MB,34068.5,0.54,21.51GB / 823.1MB,0B / 110.6kB
2026-03-31 00:12:46,420,73.91,180.2MB,34068.5,0.54,21.52GB / 823.5MB,0B / 110.6kB
2026-03-31 00:12:58,420,73.92,179.8MB,34068.5,0.54,21.53GB / 823.9MB,0B / 147.5kB
2026-03-31 00:13:11,420,73.92,179.2MB,34068.5,0.54,21.54GB / 824.3MB,0B / 147.5kB
2026-03-31 00:13:23,420,73.93,180.2MB,34068.5,0.54,21.55GB / 824.7MB,0B / 147.5kB
2026-03-31 00:13:35,421,73.93,179.6MB,34068.5,0.54,21.56GB / 825.1MB,0B / 147.5kB
2026-03-31 00:13:48,421,73.93,179.2MB,34068.5,0.54,21.57GB / 825.5MB,0B / 147.5kB
2026-03-31 00:14:00,421,73.93,180.7MB,34068.5,0.54,21.58GB / 826MB,0B / 147.5kB
2026-03-31 00:14:12,421,73.93,179.5MB,34068.5,0.54,21.59GB / 826.3MB,0B / 147.5kB
2026-03-31 00:14:24,421,73.93,180.4MB,34068.5,0.54,21.6GB / 826.7MB,0B / 147.5kB
2026-03-31 00:14:37,422,73.94,180.7MB,34068.5,0.54,21.61GB / 827.1MB,0B / 147.5kB
2026-03-31 00:14:49,422,73.91,179.3MB,34068.5,0.54,21.61GB / 827.3MB,0B / 147.5kB
2026-03-31 00:15:01,422,73.91,180.9MB,34068.5,0.54,21.62GB / 827.6MB,0B / 147.5kB
2026-03-31 00:15:13,422,73.91,179.7MB,34068.5,0.54,21.63GB / 828MB,0B / 147.5kB
2026-03-31 00:15:26,423,73.91,179.2MB,34068.5,0.54,21.64GB / 828.4MB,0B / 147.5kB
2026-03-31 00:15:38,423,73.92,179.4MB,34068.5,0.54,21.65GB / 828.8MB,0B / 147.5kB
2026-03-31 00:15:50,423,73.92,179.6MB,34068.5,0.54,21.67GB / 829.2MB,0B / 147.5kB
2026-03-31 00:16:03,423,73.92,180.7MB,34068.5,0.54,21.68GB / 829.6MB,0B / 147.5kB
2026-03-31 00:16:15,423,73.92,179.8MB,34068.5,0.54,21.69GB / 830MB,0B / 147.5kB
2026-03-31 00:16:28,424,73.92,180.9MB,34068.5,0.54,21.7GB / 830.4MB,0B / 147.5kB
2026-03-31 00:16:40,424,73.92,180.9MB,34068.5,0.54,21.71GB / 830.8MB,0B / 147.5kB
2026-03-31 00:16:52,424,73.92,179.6MB,34068.5,0.54,21.72GB / 831.2MB,0B / 147.5kB
2026-03-31 00:17:05,424,73.92,179.9MB,34068.5,0.54,21.73GB / 831.6MB,0B / 147.5kB
2026-03-31 00:17:17,424,73.93,180.3MB,34068.5,0.54,21.74GB / 832MB,0B / 147.5kB
2026-03-31 00:17:29,425,73.93,180.5MB,34068.5,0.54,21.75GB / 832.4MB,0B / 147.5kB
2026-03-31 00:17:41,425,73.93,180.4MB,34068.5,0.54,21.76GB / 832.8MB,0B / 147.5kB
2026-03-31 00:17:54,425,73.93,180.2MB,34068.5,0.54,21.77GB / 833.2MB,0B / 147.5kB
2026-03-31 00:18:06,425,73.94,180.1MB,34068.5,0.54,21.78GB / 833.6MB,0B / 147.5kB
2026-03-31 00:18:18,425,73.94,180.9MB,34068.5,0.54,21.79GB / 834MB,0B / 147.5kB
2026-03-31 00:18:31,426,73.94,180.2MB,34068.5,0.54,21.8GB / 834.4MB,0B / 147.5kB
2026-03-31 00:18:43,426,73.94,180.4MB,34068.5,0.54,21.81GB / 834.8MB,0B / 147.5kB
2026-03-31 00:18:55,426,73.95,179.9MB,34068.5,0.54,21.82GB / 835.2MB,0B / 147.5kB
2026-03-31 00:19:08,426,73.95,180MB,34068.5,0.54,21.83GB / 835.6MB,0B / 147.5kB
2026-03-31 00:19:20,426,73.95,180MB,34068.5,0.54,21.84GB / 836MB,0B / 147.5kB
2026-03-31 00:19:32,427,73.96,180.5MB,34068.5,0.54,21.85GB / 836.4MB,0B / 147.5kB
2026-03-31 00:19:44,427,73.96,181.1MB,34068.5,0.54,21.86GB / 836.8MB,0B / 147.5kB
2026-03-31 00:19:57,427,73.96,180.3MB,34068.5,0.54,21.87GB / 837.2MB,0B / 147.5kB
2026-03-31 00:20:09,427,73.96,181.1MB,34068.5,0.54,21.89GB / 837.6MB,0B / 147.5kB
2026-03-31 00:20:21,427,73.97,180.5MB,34068.5,0.54,21.9GB / 838MB,0B / 147.5kB
2026-03-31 00:20:34,428,73.97,181.6MB,34068.5,0.55,21.91GB / 838.4MB,0B / 147.5kB
2026-03-31 00:20:46,428,73.97,181.1MB,34068.5,0.54,21.92GB / 838.8MB,0B / 147.5kB
2026-03-31 00:20:58,428,73.98,181MB,34068.5,0.54,21.93GB / 839.3MB,0B / 147.5kB
2026-03-31 00:21:11,428,73.98,180.9MB,34068.5,0.54,21.94GB / 839.6MB,0B / 147.5kB
2026-03-31 00:21:23,428,73.98,181.6MB,34068.5,0.55,21.95GB / 840.1MB,0B / 147.5kB
2026-03-31 00:21:36,429,73.98,181.4MB,34068.5,0.55,21.96GB / 840.5MB,0B / 147.5kB
2026-03-31 00:21:48,429,73.99,181.5MB,34068.5,0.55,21.97GB / 840.9MB,0B / 147.5kB
2026-03-31 00:22:00,429,73.99,181.7MB,34068.5,0.55,21.98GB / 841.3MB,0B / 147.5kB
2026-03-31 00:22:13,429,73.99,181.7MB,34068.5,0.55,21.99GB / 841.7MB,0B / 147.5kB
2026-03-31 00:22:25,430,73.99,181.5MB,34068.5,0.55,22GB / 842.1MB,0B / 147.5kB
2026-03-31 00:22:37,430,74.00,181.5MB,34068.5,0.55,22.01GB / 842.5MB,0B / 147.5kB
2026-03-31 00:22:50,430,74.01,181.3MB,34068.5,0.54,22.02GB / 842.9MB,0B / 147.5kB
2026-03-31 00:23:02,430,74.01,181.2MB,34068.5,0.54,22.03GB / 843.3MB,0B / 147.5kB
2026-03-31 00:23:15,430,74.01,181.9MB,34068.5,0.55,22.04GB / 843.7MB,0B / 147.5kB
2026-03-31 00:23:27,431,74.01,182MB,34068.5,0.55,22.05GB / 844.1MB,0B / 147.5kB
2026-03-31 00:23:39,431,74.01,181.4MB,34068.5,0.55,22.06GB / 844.5MB,0B / 147.5kB
2026-03-31 00:23:51,431,74.01,181.3MB,34068.5,0.55,22.07GB / 844.9MB,0B / 147.5kB
2026-03-31 00:24:04,431,74.01,181.3MB,34068.5,0.54,22.08GB / 845.3MB,0B / 147.5kB
2026-03-31 00:24:16,431,74.02,181.2MB,34068.5,0.54,22.09GB / 845.7MB,0B / 147.5kB
2026-03-31 00:24:28,432,74.02,181.3MB,34068.5,0.54,22.11GB / 846.1MB,0B / 147.5kB
2026-03-31 00:24:41,432,74.02,181.9MB,34068.5,0.55,22.12GB / 846.5MB,0B / 147.5kB
2026-03-31 00:24:53,432,74.02,182.1MB,34068.5,0.55,22.13GB / 846.9MB,0B / 147.5kB
2026-03-31 00:25:05,432,74.02,182.3MB,34068.5,0.55,22.14GB / 847.3MB,0B / 147.5kB
2026-03-31 00:25:17,432,74.03,182.2MB,34068.5,0.55,22.15GB / 847.7MB,0B / 147.5kB
2026-03-31 00:25:30,433,74.03,181.8MB,34068.5,0.55,22.16GB / 848.1MB,0B / 147.5kB
2026-03-31 00:25:42,433,74.03,182.4MB,34068.5,0.55,22.17GB / 848.5MB,0B / 147.5kB
2026-03-31 00:25:54,433,74.03,181.8MB,34068.5,0.55,22.18GB / 848.9MB,0B / 147.5kB
2026-03-31 00:26:06,433,74.03,181.8MB,34068.5,0.55,22.19GB / 849.3MB,0B / 147.5kB
2026-03-31 00:26:19,433,74.03,182MB,34068.5,0.55,22.2GB / 849.7MB,0B / 147.5kB
2026-03-31 00:26:32,434,74.03,182.4MB,34068.5,0.55,22.21GB / 850.1MB,0B / 147.5kB
2026-03-31 00:26:44,434,74.03,181.8MB,34068.5,0.55,22.22GB / 850.5MB,0B / 147.5kB
2026-03-31 00:26:56,434,74.03,181.9MB,34068.5,0.55,22.23GB / 850.9MB,0B / 147.5kB
2026-03-31 00:27:09,434,74.03,182.2MB,34068.5,0.55,22.24GB / 851.3MB,0B / 147.5kB
2026-03-31 00:27:21,434,74.03,182.4MB,34068.5,0.55,22.25GB / 851.7MB,0B / 147.5kB
2026-03-31 00:27:34,435,74.03,182.8MB,34068.5,0.55,22.26GB / 852.1MB,0B / 147.5kB
2026-03-31 00:27:46,435,74.03,182.3MB,34068.5,0.55,22.27GB / 852.5MB,0B / 147.5kB
2026-03-31 00:27:58,435,74.03,182.4MB,34068.5,0.55,22.28GB / 852.9MB,0B / 147.5kB
2026-03-31 00:28:10,435,74.03,182.5MB,34068.5,0.55,22.29GB / 853.3MB,0B / 147.5kB
2026-03-31 00:28:23,435,74.03,182.2MB,34068.5,0.55,22.3GB / 853.7MB,0B / 147.5kB
2026-03-31 00:28:35,436,74.03,182.3MB,34068.5,0.55,22.31GB / 854.1MB,0B / 147.5kB
2026-03-31 00:28:47,436,74.04,182.3MB,34068.5,0.55,22.33GB / 854.5MB,0B / 147.5kB
2026-03-31 00:28:59,436,74.04,182.1MB,34068.5,0.55,22.34GB / 854.9MB,0B / 147.5kB
2026-03-31 00:29:12,436,74.04,183.3MB,34068.5,0.55,22.35GB / 855.3MB,0B / 147.5kB
2026-03-31 00:29:24,436,74.04,182.5MB,34068.5,0.55,22.36GB / 855.7MB,0B / 147.5kB
2026-03-31 00:29:37,437,74.05,182.5MB,34068.5,0.55,22.37GB / 856.1MB,0B / 147.5kB
2026-03-31 00:29:49,437,74.05,183.3MB,34068.5,0.55,22.38GB / 856.5MB,0B / 147.5kB
2026-03-31 00:30:01,437,74.05,182.3MB,34068.5,0.55,22.39GB / 856.9MB,0B / 147.5kB
2026-03-31 00:30:14,437,74.05,182.6MB,34068.5,0.55,22.4GB / 857.3MB,0B / 147.5kB
2026-03-31 00:30:26,438,74.05,182.8MB,34068.5,0.55,22.41GB / 857.7MB,0B / 147.5kB
2026-03-31 00:30:38,438,74.05,183.3MB,34068.5,0.55,22.42GB / 858.1MB,0B / 147.5kB
2026-03-31 00:30:51,438,74.05,183.2MB,34068.5,0.55,22.43GB / 858.5MB,0B / 147.5kB
2026-03-31 00:31:03,438,74.05,183.1MB,34068.5,0.55,22.44GB / 858.9MB,0B / 147.5kB
2026-03-31 00:31:15,438,74.05,182.7MB,34068.5,0.55,22.45GB / 859.3MB,0B / 147.5kB
2026-03-31 00:31:28,439,74.05,183.5MB,34068.5,0.55,22.46GB / 859.7MB,0B / 147.5kB
2026-03-31 00:31:40,439,74.06,182.6MB,34068.5,0.55,22.47GB / 860.1MB,0B / 147.5kB
2026-03-31 00:31:52,439,74.06,182.9MB,34068.5,0.55,22.48GB / 860.5MB,0B / 147.5kB
2026-03-31 00:32:05,439,74.06,182.8MB,34068.5,0.55,22.49GB / 860.9MB,0B / 147.5kB
2026-03-31 00:32:17,439,74.06,183.1MB,34068.5,0.55,22.5GB / 861.3MB,0B / 147.5kB
2026-03-31 00:32:29,440,74.06,182.9MB,34068.5,0.55,22.51GB / 861.7MB,0B / 147.5kB
2026-03-31 00:32:42,440,74.06,183.3MB,34068.5,0.55,22.52GB / 862.1MB,0B / 147.5kB
2026-03-31 00:32:54,440,74.06,183.3MB,34068.5,0.55,22.54GB / 862.5MB,0B / 147.5kB
2026-03-31 00:33:06,440,74.07,183.5MB,34068.5,0.55,22.55GB / 862.9MB,0B / 147.5kB
2026-03-31 00:33:18,440,74.07,183.2MB,34068.5,0.55,22.56GB / 863.3MB,0B / 147.5kB
2026-03-31 00:33:31,441,74.07,182.8MB,34068.5,0.55,22.57GB / 863.7MB,0B / 147.5kB
2026-03-31 00:33:43,441,74.07,183.5MB,34068.5,0.55,22.58GB / 864.1MB,0B / 184.3kB
2026-03-31 00:33:56,441,74.07,183.9MB,34068.5,0.55,22.59GB / 864.5MB,0B / 184.3kB
2026-03-31 00:34:08,441,74.07,183MB,34068.5,0.55,22.6GB / 864.9MB,0B / 184.3kB
2026-03-31 00:34:20,441,74.08,182.9MB,34068.5,0.55,22.61GB / 865.3MB,0B / 184.3kB
2026-03-31 00:34:33,442,74.08,183.3MB,34068.5,0.55,22.62GB / 865.7MB,0B / 184.3kB
2026-03-31 00:34:45,442,74.08,183.7MB,34068.5,0.55,22.63GB / 866.1MB,0B / 184.3kB
2026-03-31 00:34:57,442,74.08,184.5MB,34068.5,0.55,22.64GB / 866.5MB,0B / 221.2kB
2026-03-31 00:35:10,442,74.08,183.9MB,34068.5,0.55,22.65GB / 866.9MB,0B / 221.2kB
2026-03-31 00:35:22,442,74.08,183.7MB,34068.5,0.55,22.66GB / 867.3MB,0B / 221.2kB
2026-03-31 00:35:34,443,74.08,183.3MB,34068.5,0.55,22.67GB / 867.7MB,0B / 221.2kB
2026-03-31 00:35:47,443,74.09,184.8MB,34068.5,0.56,22.68GB / 868.1MB,0B / 221.2kB
2026-03-31 00:35:59,443,74.09,183.5MB,34068.5,0.55,22.69GB / 868.5MB,0B / 221.2kB
2026-03-31 00:36:11,443,74.09,183.4MB,34068.5,0.55,22.7GB / 869MB,0B / 221.2kB
2026-03-31 00:36:24,443,74.09,183.7MB,34068.5,0.55,22.71GB / 869.4MB,0B / 221.2kB
2026-03-31 00:36:36,444,74.09,184MB,34068.5,0.55,22.72GB / 869.8MB,0B / 221.2kB
2026-03-31 00:36:48,444,74.09,184.2MB,34068.5,0.55,22.73GB / 870.2MB,0B / 221.2kB
2026-03-31 00:37:01,444,74.09,184.3MB,34068.5,0.55,22.75GB / 870.6MB,0B / 221.2kB
2026-03-31 00:37:13,444,74.10,184.5MB,34068.5,0.55,22.76GB / 871MB,0B / 221.2kB
2026-03-31 00:37:26,445,74.10,185.5MB,34068.5,0.56,22.77GB / 871.4MB,0B / 221.2kB
2026-03-31 00:37:38,445,74.10,184MB,34068.5,0.55,22.78GB / 871.8MB,0B / 221.2kB
2026-03-31 00:37:50,445,74.10,185.1MB,34068.5,0.56,22.79GB / 872.2MB,0B / 221.2kB
2026-03-31 00:38:03,445,74.10,184MB,34068.5,0.55,22.8GB / 872.6MB,0B / 221.2kB
2026-03-31 00:38:15,445,74.10,184.4MB,34068.5,0.55,22.81GB / 873MB,0B / 221.2kB
2026-03-31 00:38:28,446,74.11,184.2MB,34068.5,0.55,22.82GB / 873.4MB,0B / 221.2kB
2026-03-31 00:38:40,446,74.11,184.6MB,34068.5,0.55,22.83GB / 873.8MB,0B / 221.2kB
2026-03-31 00:38:53,446,74.11,184.5MB,34068.5,0.55,22.84GB / 874.2MB,0B / 221.2kB
2026-03-31 00:39:05,446,74.11,183.9MB,34068.5,0.55,22.85GB / 874.6MB,0B / 221.2kB
2026-03-31 00:39:17,446,74.11,184.6MB,34068.5,0.55,22.86GB / 875MB,0B / 221.2kB
2026-03-31 00:39:30,447,74.12,186.1MB,34068.5,0.56,22.87GB / 875.4MB,0B / 221.2kB
2026-03-31 00:39:42,447,74.12,184.8MB,34068.5,0.56,22.88GB / 875.8MB,0B / 221.2kB
2026-03-31 00:39:54,447,74.12,184.7MB,34068.5,0.56,22.89GB / 876.2MB,0B / 221.2kB
2026-03-31 00:40:07,447,74.12,184.4MB,34068.5,0.55,22.9GB / 876.6MB,0B / 221.2kB
2026-03-31 00:40:19,447,74.13,184.5MB,34068.5,0.55,22.91GB / 877MB,0B / 221.2kB
2026-03-31 00:40:31,448,74.13,185.2MB,34068.5,0.56,22.92GB / 877.4MB,0B / 221.2kB
2026-03-31 00:40:44,448,74.13,185MB,34068.5,0.56,22.93GB / 877.8MB,0B / 221.2kB
2026-03-31 00:40:56,448,74.13,185MB,34068.5,0.56,22.94GB / 878.2MB,0B / 221.2kB
2026-03-31 00:41:08,448,74.13,185.1MB,34068.5,0.56,22.96GB / 878.6MB,0B / 221.2kB
2026-03-31 00:41:20,448,74.13,184.8MB,34068.5,0.56,22.97GB / 879MB,0B / 221.2kB
2026-03-31 00:41:33,449,74.14,184.6MB,34068.5,0.55,22.98GB / 879.4MB,0B / 221.2kB
2026-03-31 00:41:45,449,74.14,185.7MB,34068.5,0.56,22.99GB / 879.8MB,0B / 221.2kB
2026-03-31 00:41:57,449,74.14,184.4MB,34068.5,0.55,23GB / 880.2MB,0B / 221.2kB
2026-03-31 00:42:09,449,74.15,185.8MB,34068.5,0.56,23.01GB / 880.6MB,0B / 221.2kB
2026-03-31 00:42:22,449,74.15,185.1MB,34068.5,0.56,23.02GB / 881MB,0B / 221.2kB
2026-03-31 00:42:34,450,74.15,185.4MB,34068.5,0.56,23.03GB / 881.4MB,0B / 221.2kB
2026-03-31 00:42:47,450,74.15,185.7MB,34068.5,0.56,23.04GB / 881.8MB,0B / 221.2kB
2026-03-31 00:42:59,450,74.16,185.4MB,34068.5,0.56,23.05GB / 882.2MB,0B / 221.2kB
2026-03-31 00:43:11,450,74.16,186MB,34068.5,0.56,23.06GB / 882.6MB,0B / 221.2kB
2026-03-31 00:43:23,450,74.16,185.5MB,34068.5,0.56,23.07GB / 883MB,0B / 221.2kB
2026-03-31 00:43:36,451,74.16,184.9MB,34068.5,0.56,23.08GB / 883.4MB,0B / 221.2kB
2026-03-31 00:43:48,451,74.16,185.1MB,34068.5,0.56,23.09GB / 883.8MB,0B / 241.7kB
2026-03-31 00:44:00,451,74.16,184.8MB,34068.5,0.56,23.1GB / 884.2MB,0B / 241.7kB
2026-03-31 00:44:12,451,74.16,186MB,34068.5,0.56,23.11GB / 884.6MB,0B / 241.7kB
2026-03-31 00:44:24,451,74.17,184.9MB,34068.5,0.56,23.12GB / 885MB,0B / 241.7kB
2026-03-31 00:44:37,452,74.17,186.4MB,34068.5,0.56,23.13GB / 885.4MB,0B / 241.7kB
2026-03-31 00:44:49,452,74.17,185.5MB,34068.5,0.56,23.14GB / 885.8MB,0B / 241.7kB
2026-03-31 00:45:02,452,74.14,185.5MB,34068.5,0.56,23.15GB / 885.9MB,0B / 241.7kB
2026-03-31 00:45:14,452,74.14,185.4MB,34068.5,0.56,23.16GB / 886.3MB,0B / 241.7kB
2026-03-31 00:45:27,453,74.15,186.2MB,34068.5,0.56,23.17GB / 886.7MB,0B / 241.7kB
2026-03-31 00:45:39,453,74.15,185.7MB,34068.5,0.56,23.18GB / 887.1MB,0B / 241.7kB
2026-03-31 00:45:51,453,74.15,185.7MB,34068.5,0.56,23.19GB / 887.5MB,0B / 241.7kB
2026-03-31 00:46:04,453,74.15,186.5MB,34068.5,0.56,23.2GB / 887.9MB,0B / 241.7kB
2026-03-31 00:46:16,453,74.15,185.7MB,34068.5,0.56,23.21GB / 888.3MB,0B / 241.7kB
2026-03-31 00:46:28,454,74.15,185.8MB,34068.5,0.56,23.22GB / 888.7MB,0B / 241.7kB
2026-03-31 00:46:41,454,74.15,185.9MB,34068.5,0.56,23.23GB / 889.1MB,0B / 241.7kB
2026-03-31 00:46:53,454,74.15,186.6MB,34068.5,0.56,23.24GB / 889.5MB,0B / 241.7kB
2026-03-31 00:47:06,454,74.15,187.3MB,34068.5,0.56,23.25GB / 889.9MB,0B / 241.7kB
2026-03-31 00:47:18,454,74.15,186.2MB,34068.5,0.56,23.26GB / 890.3MB,0B / 241.7kB
2026-03-31 00:47:30,455,74.15,186.3MB,34068.5,0.56,23.27GB / 890.7MB,0B / 241.7kB
2026-03-31 00:47:42,455,74.16,186.2MB,34068.5,0.56,23.28GB / 891.1MB,0B / 241.7kB
2026-03-31 00:47:55,455,74.16,186.5MB,34068.5,0.56,23.29GB / 891.5MB,0B / 241.7kB
2026-03-31 00:48:07,455,74.16,186.7MB,34068.5,0.56,23.3GB / 891.9MB,0B / 241.7kB
2026-03-31 00:48:19,455,74.16,186.2MB,34068.5,0.56,23.31GB / 892.3MB,0B / 241.7kB
2026-03-31 00:48:32,456,74.16,187.1MB,34068.5,0.56,23.32GB / 892.7MB,0B / 241.7kB
2026-03-31 00:48:44,456,74.17,186.7MB,34068.5,0.56,23.33GB / 893.1MB,0B / 241.7kB
2026-03-31 00:48:56,456,74.17,186.4MB,34068.5,0.56,23.35GB / 893.5MB,0B / 241.7kB
2026-03-31 00:49:08,456,74.17,187.2MB,34068.5,0.56,23.36GB / 893.9MB,0B / 241.7kB
2026-03-31 00:49:21,456,74.17,186.4MB,34068.5,0.56,23.37GB / 894.3MB,0B / 241.7kB
2026-03-31 00:49:33,457,74.18,187.4MB,34068.5,0.56,23.38GB / 894.7MB,0B / 241.7kB
2026-03-31 00:49:45,457,74.18,186.7MB,34068.5,0.56,23.39GB / 895.1MB,0B / 241.7kB
2026-03-31 00:49:57,457,74.18,186.2MB,34068.5,0.56,23.4GB / 895.5MB,0B / 241.7kB
2026-03-31 00:50:09,457,74.18,186.8MB,34068.5,0.56,23.41GB / 895.9MB,0B / 241.7kB
2026-03-31 00:50:22,457,74.18,187.3MB,34068.5,0.56,23.42GB / 896.3MB,0B / 241.7kB
2026-03-31 00:50:34,458,74.18,187.9MB,34068.5,0.56,23.43GB / 896.7MB,0B / 241.7kB
2026-03-31 00:50:46,458,74.18,186.9MB,34068.5,0.56,23.44GB / 897.1MB,0B / 241.7kB
2026-03-31 00:50:59,458,74.18,186.4MB,34068.5,0.56,23.45GB / 897.5MB,0B / 241.7kB
2026-03-31 00:51:11,458,74.18,187.7MB,34068.5,0.56,23.46GB / 897.9MB,0B / 241.7kB
2026-03-31 00:51:23,458,74.18,187.7MB,34068.5,0.56,23.47GB / 898.3MB,0B / 241.7kB
2026-03-31 00:51:35,459,74.19,187.2MB,34068.5,0.56,23.48GB / 898.7MB,0B / 241.7kB
2026-03-31 00:51:48,459,74.19,188.3MB,34068.5,0.57,23.49GB / 899.1MB,0B / 241.7kB
2026-03-31 00:52:00,459,74.19,186.9MB,34068.5,0.56,23.5GB / 899.5MB,0B / 241.7kB
2026-03-31 00:52:12,459,74.19,188.2MB,34068.5,0.57,23.51GB / 899.9MB,0B / 241.7kB
2026-03-31 00:52:24,459,74.19,188.1MB,34068.5,0.57,23.52GB / 900.3MB,0B / 241.7kB
2026-03-31 00:52:37,460,74.20,187MB,34068.5,0.56,23.53GB / 900.7MB,0B / 241.7kB
2026-03-31 00:52:49,460,74.20,187.1MB,34068.5,0.56,23.54GB / 901.1MB,0B / 241.7kB
2026-03-31 00:53:02,460,74.20,187MB,34068.5,0.56,23.55GB / 901.5MB,0B / 241.7kB
2026-03-31 00:53:14,460,74.20,188.4MB,34068.5,0.57,23.56GB / 901.9MB,0B / 241.7kB
2026-03-31 00:53:26,461,74.21,186.9MB,34068.5,0.56,23.58GB / 902.4MB,0B / 241.7kB
2026-03-31 00:53:39,461,74.21,187.4MB,34068.5,0.56,23.59GB / 902.8MB,0B / 241.7kB
2026-03-31 00:53:51,461,74.21,187.6MB,34068.5,0.56,23.6GB / 903.2MB,0B / 241.7kB
2026-03-31 00:54:03,461,74.21,187.6MB,34068.5,0.56,23.61GB / 903.6MB,0B / 241.7kB
2026-03-31 00:54:15,461,74.21,187MB,34068.5,0.56,23.62GB / 904MB,0B / 241.7kB
2026-03-31 00:54:28,462,74.21,187.1MB,34068.5,0.56,23.63GB / 904.4MB,0B / 278.5kB
2026-03-31 00:54:41,462,74.21,187.8MB,34068.5,0.56,23.64GB / 904.8MB,0B / 278.5kB
2026-03-31 00:54:53,462,74.22,187MB,34068.5,0.56,23.65GB / 905.2MB,0B / 278.5kB
2026-03-31 00:55:05,462,74.22,187.1MB,34068.5,0.56,23.66GB / 905.6MB,0B / 278.5kB
2026-03-31 00:55:18,462,74.22,187.3MB,34068.5,0.56,23.67GB / 906MB,0B / 278.5kB
2026-03-31 00:55:30,463,74.22,188.4MB,34068.5,0.57,23.68GB / 906.4MB,0B / 278.5kB
2026-03-31 00:55:42,463,74.23,188.1MB,34068.5,0.57,23.69GB / 906.8MB,0B / 278.5kB
2026-03-31 00:55:55,463,74.23,187.8MB,34068.5,0.56,23.7GB / 907.2MB,0B / 278.5kB
2026-03-31 00:56:07,463,74.23,187.2MB,34068.5,0.56,23.71GB / 907.6MB,0B / 278.5kB
2026-03-31 00:56:19,463,74.23,188.6MB,34068.5,0.57,23.72GB / 908MB,0B / 278.5kB
2026-03-31 00:56:31,464,74.23,187.7MB,34068.5,0.56,23.73GB / 908.4MB,0B / 278.5kB
2026-03-31 00:56:44,464,74.23,188.2MB,34068.5,0.57,23.74GB / 908.8MB,0B / 278.5kB
2026-03-31 00:56:56,464,74.23,188.1MB,34068.5,0.57,23.75GB / 909.2MB,0B / 278.5kB
2026-03-31 00:57:08,464,74.23,188.9MB,34068.5,0.57,23.76GB / 909.6MB,0B / 278.5kB
2026-03-31 00:57:21,464,74.23,188.2MB,34068.5,0.57,23.77GB / 910MB,0B / 278.5kB
2026-03-31 00:57:33,465,74.24,188.3MB,34068.5,0.57,23.79GB / 910.4MB,0B / 278.5kB
2026-03-31 00:57:45,465,74.24,188MB,34068.5,0.57,23.8GB / 910.8MB,0B / 278.5kB
2026-03-31 00:57:58,465,74.24,189.3MB,34068.5,0.57,23.81GB / 911.2MB,0B / 278.5kB
2026-03-31 00:58:10,465,74.24,188.6MB,34068.5,0.57,23.82GB / 911.6MB,0B / 278.5kB
2026-03-31 00:58:22,465,74.25,188.6MB,34068.5,0.57,23.83GB / 912MB,0B / 278.5kB
2026-03-31 00:58:34,466,74.25,188.9MB,34068.5,0.57,23.84GB / 912.4MB,0B / 278.5kB
2026-03-31 00:58:47,466,74.25,188MB,34068.5,0.57,23.85GB / 912.8MB,0B / 278.5kB
2026-03-31 00:58:59,466,74.25,188.7MB,34068.5,0.57,23.86GB / 913.2MB,0B / 278.5kB
2026-03-31 00:59:11,466,74.25,188.3MB,34068.5,0.57,23.87GB / 913.6MB,0B / 278.5kB
2026-03-31 00:59:24,466,74.25,189.3MB,34068.5,0.57,23.88GB / 914MB,0B / 278.5kB
2026-03-31 00:59:36,467,74.25,188.6MB,34068.5,0.57,23.89GB / 914.4MB,0B / 278.5kB
2026-03-31 00:59:48,467,74.26,188.8MB,34068.5,0.57,23.9GB / 914.8MB,0B / 278.5kB
2026-03-31 01:00:01,467,74.26,188.9MB,34068.5,0.57,23.91GB / 915.2MB,0B / 278.5kB
2026-03-31 01:00:13,467,74.26,188.8MB,34068.5,0.57,23.92GB / 915.6MB,0B / 278.5kB
2026-03-31 01:00:25,468,74.26,188.7MB,34068.5,0.57,23.93GB / 916MB,0B / 278.5kB
2026-03-31 01:00:37,468,74.26,188.4MB,34068.5,0.57,23.94GB / 916.4MB,0B / 278.5kB
2026-03-31 01:00:50,468,74.26,188.6MB,34068.5,0.57,23.95GB / 916.8MB,0B / 278.5kB
2026-03-31 01:01:02,468,74.27,189.6MB,34068.5,0.57,23.96GB / 917.2MB,0B / 278.5kB
2026-03-31 01:01:15,468,74.27,188.2MB,34068.5,0.57,23.97GB / 917.6MB,0B / 278.5kB
2026-03-31 01:01:27,469,74.27,189.3MB,34068.5,0.57,23.98GB / 918MB,0B / 278.5kB
2026-03-31 01:01:39,469,74.27,188.8MB,34068.5,0.57,24GB / 918.4MB,0B / 278.5kB
2026-03-31 01:01:52,469,74.28,189.7MB,34068.5,0.57,24.01GB / 918.8MB,0B / 278.5kB
2026-03-31 01:02:04,469,74.28,189.2MB,34068.5,0.57,24.02GB / 919.2MB,0B / 278.5kB
2026-03-31 01:02:16,469,74.28,189.6MB,34068.5,0.57,24.03GB / 919.6MB,0B / 278.5kB
2026-03-31 01:02:28,470,74.28,189.7MB,34068.5,0.57,24.04GB / 920MB,0B / 278.5kB
2026-03-31 01:02:41,470,74.29,188.9MB,34068.5,0.57,24.05GB / 920.4MB,0B / 278.5kB
2026-03-31 01:02:53,470,74.29,188.9MB,34068.5,0.57,24.06GB / 920.8MB,0B / 278.5kB
2026-03-31 01:03:05,470,74.29,188.5MB,34068.5,0.57,24.07GB / 921.2MB,0B / 278.5kB
2026-03-31 01:03:18,470,74.29,189.3MB,34068.5,0.57,24.08GB / 921.7MB,0B / 278.5kB
2026-03-31 01:03:30,471,74.30,189.1MB,34068.5,0.57,24.09GB / 922.1MB,0B / 278.5kB
2026-03-31 01:03:43,471,74.30,188.8MB,34068.5,0.57,24.1GB / 922.5MB,0B / 278.5kB
2026-03-31 01:03:55,471,74.30,188.7MB,34068.5,0.57,24.11GB / 922.9MB,0B / 278.5kB
2026-03-31 01:04:08,471,74.30,189.1MB,34068.5,0.57,24.12GB / 923.3MB,0B / 278.5kB
2026-03-31 01:04:20,471,74.30,190.1MB,34068.5,0.57,24.13GB / 923.7MB,0B / 278.5kB
2026-03-31 01:04:32,472,74.30,190.6MB,34068.5,0.57,24.14GB / 924.1MB,0B / 278.5kB
2026-03-31 01:04:44,472,74.31,189.6MB,34068.5,0.57,24.15GB / 924.5MB,0B / 278.5kB
2026-03-31 01:04:57,472,74.31,189.1MB,34068.5,0.57,24.16GB / 924.9MB,0B / 278.5kB
2026-03-31 01:05:09,472,74.31,189.2MB,34068.5,0.57,24.17GB / 925.3MB,0B / 278.5kB
2026-03-31 01:05:21,472,74.31,190.4MB,34068.5,0.57,24.18GB / 925.7MB,0B / 278.5kB
2026-03-31 01:05:34,473,74.31,189.2MB,34068.5,0.57,24.2GB / 926.1MB,0B / 278.5kB
2026-03-31 01:05:46,473,74.32,190.3MB,34068.5,0.57,24.21GB / 926.5MB,0B / 278.5kB
2026-03-31 01:05:58,473,74.31,190MB,34068.5,0.57,24.22GB / 926.9MB,0B / 278.5kB
2026-03-31 01:06:11,473,74.31,189.2MB,34068.5,0.57,24.23GB / 927.3MB,0B / 278.5kB
2026-03-31 01:06:23,473,74.31,190.3MB,34068.5,0.57,24.24GB / 927.7MB,0B / 278.5kB
2026-03-31 01:06:36,474,74.31,189.5MB,34068.5,0.57,24.25GB / 928.1MB,0B / 278.5kB
2026-03-31 01:06:48,474,74.31,190.4MB,34068.5,0.57,24.26GB / 928.5MB,0B / 278.5kB
2026-03-31 01:07:01,474,74.31,190MB,34068.5,0.57,24.27GB / 928.9MB,0B / 278.5kB
2026-03-31 01:07:13,474,74.31,190.8MB,34068.5,0.57,24.28GB / 929.3MB,0B / 278.5kB
2026-03-31 01:07:25,475,74.32,190.3MB,34068.5,0.57,24.29GB / 929.7MB,0B / 278.5kB
2026-03-31 01:07:37,475,74.32,189.6MB,34068.5,0.57,24.3GB / 930.1MB,0B / 278.5kB
2026-03-31 01:07:50,475,74.32,189.9MB,34068.5,0.57,24.31GB / 930.5MB,0B / 278.5kB
2026-03-31 01:08:02,475,74.32,189.9MB,34068.5,0.57,24.32GB / 930.9MB,0B / 278.5kB
2026-03-31 01:08:15,475,74.32,189.7MB,34068.5,0.57,24.33GB / 931.3MB,0B / 278.5kB
2026-03-31 01:08:27,476,74.32,189.7MB,34068.5,0.57,24.34GB / 931.7MB,0B / 278.5kB
2026-03-31 01:08:39,476,74.32,190.5MB,34068.5,0.57,24.35GB / 932.1MB,0B / 278.5kB
2026-03-31 01:08:52,476,74.32,189.9MB,34068.5,0.57,24.36GB / 932.5MB,0B / 278.5kB
2026-03-31 01:09:04,476,74.32,190.7MB,34068.5,0.57,24.37GB / 932.9MB,0B / 278.5kB
2026-03-31 01:09:16,476,74.33,189.7MB,34068.5,0.57,24.38GB / 933.3MB,0B / 278.5kB
2026-03-31 01:09:29,477,74.32,190.8MB,34068.5,0.57,24.39GB / 933.7MB,0B / 278.5kB
2026-03-31 01:09:41,477,74.33,190.7MB,34068.5,0.57,24.4GB / 934.1MB,0B / 278.5kB
2026-03-31 01:09:53,477,74.33,190.7MB,34068.5,0.57,24.42GB / 934.5MB,0B / 278.5kB
2026-03-31 01:10:06,477,74.33,191.1MB,34068.5,0.57,24.43GB / 934.9MB,0B / 278.5kB
2026-03-31 01:10:18,477,74.33,191.2MB,34068.5,0.57,24.44GB / 935.3MB,0B / 278.5kB
2026-03-31 01:10:30,478,74.33,190.7MB,34068.5,0.57,24.45GB / 935.7MB,0B / 278.5kB
2026-03-31 01:10:43,478,74.33,190.4MB,34068.5,0.57,24.46GB / 936.1MB,0B / 278.5kB
2026-03-31 01:10:55,478,74.33,190.3MB,34068.5,0.57,24.47GB / 936.5MB,0B / 278.5kB
2026-03-31 01:11:07,478,74.33,190.5MB,34068.5,0.57,24.48GB / 936.9MB,0B / 278.5kB
2026-03-31 01:11:19,478,74.34,190.6MB,34068.5,0.57,24.49GB / 937.3MB,0B / 278.5kB
2026-03-31 01:11:32,479,74.34,190.6MB,34068.5,0.57,24.5GB / 937.7MB,0B / 278.5kB
2026-03-31 01:11:44,479,74.34,191.5MB,34068.5,0.58,24.51GB / 938.1MB,0B / 278.5kB
2026-03-31 01:11:56,479,74.34,190.4MB,34068.5,0.57,24.52GB / 938.5MB,0B / 278.5kB
2026-03-31 01:12:09,479,74.34,192.2MB,34068.5,0.58,24.53GB / 938.9MB,0B / 278.5kB
2026-03-31 01:12:21,479,74.34,191.1MB,34068.5,0.57,24.54GB / 939.3MB,0B / 278.5kB
2026-03-31 01:12:33,480,74.35,191.7MB,34068.5,0.58,24.55GB / 939.7MB,0B / 278.5kB
2026-03-31 01:12:46,480,74.35,191MB,34068.5,0.57,24.56GB / 940.1MB,0B / 278.5kB
2026-03-31 01:12:58,480,74.35,191.7MB,34068.5,0.58,24.57GB / 940.5MB,0B / 278.5kB
2026-03-31 01:13:10,480,74.35,190.8MB,34068.5,0.57,24.58GB / 940.9MB,0B / 278.5kB
2026-03-31 01:13:22,480,74.35,191MB,34068.5,0.57,24.59GB / 941.3MB,0B / 278.5kB
2026-03-31 01:13:35,481,74.35,191MB,34068.5,0.57,24.6GB / 941.7MB,0B / 278.5kB
2026-03-31 01:13:47,481,74.36,191MB,34068.5,0.57,24.61GB / 942.1MB,0B / 278.5kB
2026-03-31 01:14:00,481,74.36,190.8MB,34068.5,0.57,24.63GB / 942.5MB,0B / 278.5kB
2026-03-31 01:14:12,481,74.36,191.7MB,34068.5,0.58,24.64GB / 942.9MB,0B / 278.5kB
2026-03-31 01:14:24,481,74.36,191.5MB,34068.5,0.58,24.65GB / 943.3MB,0B / 278.5kB
2026-03-31 01:14:37,482,74.36,191.6MB,34068.5,0.58,24.66GB / 943.7MB,0B / 311.3kB
2026-03-31 01:14:49,482,74.37,192MB,34068.5,0.58,24.67GB / 944.1MB,0B / 311.3kB
2026-03-31 01:15:02,482,74.36,190.9MB,34068.5,0.57,24.68GB / 944.5MB,0B / 311.3kB
2026-03-31 01:15:14,482,74.34,191.9MB,34068.5,0.58,24.68GB / 944.6MB,0B / 311.3kB
2026-03-31 01:15:26,483,74.34,191.4MB,34068.5,0.58,24.69GB / 945MB,0B / 311.3kB
2026-03-31 01:15:39,483,74.34,191.2MB,34068.5,0.57,24.7GB / 945.4MB,0B / 311.3kB
2026-03-31 01:15:51,483,74.34,191.6MB,34068.5,0.58,24.71GB / 945.8MB,0B / 311.3kB
2026-03-31 01:16:03,483,74.34,191.2MB,34068.5,0.57,24.72GB / 946.2MB,0B / 311.3kB
2026-03-31 01:16:15,483,74.34,191.6MB,34068.5,0.58,24.73GB / 946.6MB,0B / 311.3kB
2026-03-31 01:16:28,484,74.34,192.7MB,34068.5,0.58,24.74GB / 947MB,0B / 311.3kB
2026-03-31 01:16:40,484,74.34,192.5MB,34068.5,0.58,24.75GB / 947.4MB,0B / 311.3kB
2026-03-31 01:16:53,484,74.34,192MB,34068.5,0.58,24.76GB / 947.8MB,0B / 311.3kB
2026-03-31 01:17:05,484,74.35,192.1MB,34068.5,0.58,24.77GB / 948.2MB,0B / 311.3kB
2026-03-31 01:17:17,484,74.35,191.8MB,34068.5,0.58,24.78GB / 948.6MB,0B / 311.3kB
2026-03-31 01:17:29,485,74.35,192.4MB,34068.5,0.58,24.79GB / 949MB,0B / 311.3kB
2026-03-31 01:17:42,485,74.35,191.9MB,34068.5,0.58,24.8GB / 949.4MB,0B / 311.3kB
2026-03-31 01:17:54,485,74.35,191.8MB,34068.5,0.58,24.81GB / 949.8MB,0B / 311.3kB
2026-03-31 01:18:06,485,74.35,192.3MB,34068.5,0.58,24.83GB / 950.2MB,0B / 311.3kB
2026-03-31 01:18:19,485,74.35,192.6MB,34068.5,0.58,24.84GB / 950.6MB,0B / 311.3kB
2026-03-31 01:18:31,486,74.36,191.7MB,34068.5,0.58,24.85GB / 951MB,0B / 311.3kB
2026-03-31 01:18:44,486,74.36,191.9MB,34068.5,0.58,24.86GB / 951.4MB,0B / 311.3kB
2026-03-31 01:18:56,486,74.36,191.8MB,34068.5,0.58,24.87GB / 951.8MB,0B / 311.3kB
2026-03-31 01:19:08,486,74.37,193.8MB,34068.5,0.58,24.88GB / 952.2MB,0B / 311.3kB
2026-03-31 01:19:21,486,74.37,192.3MB,34068.5,0.58,24.89GB / 952.6MB,0B / 311.3kB
2026-03-31 01:19:33,487,74.37,191.9MB,34068.5,0.58,24.9GB / 953MB,0B / 311.3kB
2026-03-31 01:19:46,487,74.37,193.7MB,34068.5,0.58,24.91GB / 953.5MB,0B / 311.3kB
2026-03-31 01:19:58,487,74.37,192.4MB,34068.5,0.58,24.92GB / 953.9MB,0B / 311.3kB
2026-03-31 01:20:10,487,74.37,193.3MB,34068.5,0.58,24.93GB / 954.3MB,0B / 311.3kB
2026-03-31 01:20:23,487,74.38,193.5MB,34068.5,0.58,24.94GB / 954.7MB,0B / 311.3kB
2026-03-31 01:20:35,488,74.38,192.4MB,34068.5,0.58,24.95GB / 955.1MB,0B / 311.3kB
2026-03-31 01:20:47,488,74.38,193.1MB,34068.5,0.58,24.96GB / 955.5MB,0B / 311.3kB
2026-03-31 01:21:00,488,74.38,193.9MB,34068.5,0.58,24.97GB / 955.9MB,0B / 311.3kB
2026-03-31 01:21:12,488,74.38,192.9MB,34068.5,0.58,24.98GB / 956.3MB,0B / 311.3kB
2026-03-31 01:21:25,489,74.39,192.1MB,34068.5,0.58,24.99GB / 956.7MB,0B / 311.3kB
2026-03-31 01:21:37,489,74.39,192.7MB,34068.5,0.58,25.01GB / 957.1MB,0B / 311.3kB
2026-03-31 01:21:49,489,74.39,193.4MB,34068.5,0.58,25.02GB / 957.5MB,0B / 311.3kB
2026-03-31 01:22:02,489,74.39,192.5MB,34068.5,0.58,25.03GB / 957.9MB,0B / 311.3kB
2026-03-31 01:22:14,489,74.39,193.6MB,34068.5,0.58,25.04GB / 958.3MB,0B / 311.3kB
2026-03-31 01:22:26,490,74.40,192.9MB,34068.5,0.58,25.05GB / 958.7MB,0B / 311.3kB
2026-03-31 01:22:39,490,74.40,193.2MB,34068.5,0.58,25.06GB / 959.1MB,0B / 311.3kB
2026-03-31 01:22:51,490,74.40,192.7MB,34068.5,0.58,25.07GB / 959.5MB,0B / 311.3kB
2026-03-31 01:23:03,490,74.40,192.7MB,34068.5,0.58,25.08GB / 959.9MB,0B / 311.3kB
2026-03-31 01:23:16,490,74.40,193.3MB,34068.5,0.58,25.09GB / 960.3MB,0B / 311.3kB
2026-03-31 01:23:28,491,74.40,192.9MB,34068.5,0.58,25.1GB / 960.7MB,0B / 311.3kB
2026-03-31 01:23:40,491,74.40,193.3MB,34068.5,0.58,25.11GB / 961.1MB,0B / 311.3kB
2026-03-31 01:23:52,491,74.40,194.2MB,34068.5,0.58,25.12GB / 961.5MB,0B / 311.3kB
2026-03-31 01:24:04,491,74.40,193.3MB,34068.5,0.58,25.13GB / 961.9MB,0B / 311.3kB
2026-03-31 01:24:17,491,74.40,194MB,34068.5,0.58,25.14GB / 962.3MB,0B / 311.3kB
2026-03-31 01:24:29,492,74.40,193.9MB,34068.5,0.58,25.15GB / 962.7MB,0B / 311.3kB
2026-03-31 01:24:41,492,74.40,192.9MB,34068.5,0.58,25.16GB / 963.1MB,0B / 311.3kB
2026-03-31 01:24:53,492,74.40,192.8MB,34068.5,0.58,25.17GB / 963.5MB,0B / 311.3kB
2026-03-31 01:25:06,492,74.40,193.9MB,34068.5,0.58,25.18GB / 963.9MB,0B / 311.3kB
2026-03-31 01:25:18,492,74.41,194.6MB,34068.5,0.59,25.19GB / 964.3MB,0B / 311.3kB
2026-03-31 01:25:30,493,74.41,194.5MB,34068.5,0.58,25.2GB / 964.7MB,0B / 311.3kB
2026-03-31 01:25:43,493,74.41,193.7MB,34068.5,0.58,25.21GB / 965.1MB,0B / 311.3kB
2026-03-31 01:25:55,493,74.41,193.7MB,34068.5,0.58,25.22GB / 965.5MB,0B / 311.3kB
2026-03-31 01:26:07,493,74.41,194.5MB,34068.5,0.58,25.23GB / 965.9MB,0B / 311.3kB
2026-03-31 01:26:20,493,74.42,193MB,34068.5,0.58,25.25GB / 966.3MB,0B / 311.3kB
2026-03-31 01:26:32,494,74.42,193.3MB,34068.5,0.58,25.26GB / 966.7MB,0B / 311.3kB
2026-03-31 01:26:44,494,74.42,193.3MB,34068.5,0.58,25.27GB / 967.1MB,0B / 311.3kB
2026-03-31 01:26:57,494,74.43,194.5MB,34068.5,0.58,25.28GB / 967.5MB,0B / 311.3kB
2026-03-31 01:27:09,494,74.43,193.9MB,34068.5,0.58,25.29GB / 967.9MB,0B / 311.3kB
2026-03-31 01:27:21,494,74.43,193.5MB,34068.5,0.58,25.3GB / 968.3MB,0B / 311.3kB
2026-03-31 01:27:34,495,74.43,193.7MB,34068.5,0.58,25.31GB / 968.7MB,0B / 311.3kB
2026-03-31 01:27:46,495,74.43,193.9MB,34068.5,0.58,25.32GB / 969.1MB,0B / 311.3kB
2026-03-31 01:27:58,495,74.43,194.6MB,34068.5,0.58,25.33GB / 969.5MB,0B / 311.3kB
2026-03-31 01:28:10,495,74.43,194.1MB,34068.5,0.58,25.34GB / 969.9MB,0B / 311.3kB
2026-03-31 01:28:23,495,74.43,193.5MB,34068.5,0.58,25.35GB / 970.3MB,0B / 311.3kB
2026-03-31 01:28:35,496,74.43,193.9MB,34068.5,0.58,25.36GB / 970.7MB,0B / 311.3kB
2026-03-31 01:28:47,496,74.43,195.1MB,34068.5,0.59,25.37GB / 971.1MB,0B / 311.3kB
2026-03-31 01:29:00,496,74.44,193.5MB,34068.5,0.58,25.38GB / 971.5MB,0B / 348.2kB
2026-03-31 01:29:12,496,74.43,194.4MB,34068.5,0.58,25.39GB / 971.9MB,0B / 348.2kB
2026-03-31 01:29:24,496,74.43,194.4MB,34068.5,0.58,25.4GB / 972.3MB,0B / 348.2kB
2026-03-31 01:29:36,497,74.43,195.1MB,34068.5,0.59,25.41GB / 972.7MB,0B / 348.2kB
2026-03-31 01:29:49,497,74.43,195.2MB,34068.5,0.59,25.42GB / 973.1MB,0B / 348.2kB
2026-03-31 01:30:01,497,74.42,194.6MB,34068.5,0.58,25.43GB / 973.5MB,0B / 348.2kB
2026-03-31 01:30:13,497,74.42,194.9MB,34068.5,0.59,25.44GB / 973.9MB,0B / 348.2kB
2026-03-31 01:30:25,498,74.42,194.6MB,34068.5,0.58,25.45GB / 974.3MB,0B / 348.2kB
2026-03-31 01:30:37,498,74.42,194.2MB,34068.5,0.58,25.47GB / 974.7MB,0B / 348.2kB
2026-03-31 01:30:49,498,74.42,195MB,34068.5,0.59,25.48GB / 975.1MB,0B / 348.2kB
2026-03-31 01:31:01,498,74.41,194.6MB,34068.5,0.58,25.49GB / 975.5MB,0B / 348.2kB
2026-03-31 01:31:13,498,74.41,194.9MB,34068.5,0.59,25.5GB / 976MB,0B / 348.2kB
2026-03-31 01:31:26,499,74.41,195.4MB,34068.5,0.59,25.51GB / 976.4MB,0B / 348.2kB
2026-03-31 01:31:38,499,74.41,195.1MB,34068.5,0.59,25.52GB / 976.8MB,0B / 348.2kB
2026-03-31 01:31:50,499,74.41,195.9MB,34068.5,0.59,25.53GB / 977.2MB,0B / 348.2kB
2026-03-31 01:32:02,499,74.41,195.4MB,34068.5,0.59,25.54GB / 977.6MB,0B / 348.2kB
2026-03-31 01:32:14,499,74.40,195.1MB,34068.5,0.59,25.55GB / 978MB,0B / 348.2kB
2026-03-31 01:32:27,500,74.40,194.9MB,34068.5,0.59,25.56GB / 978.4MB,0B / 348.2kB
2026-03-31 01:32:39,500,74.40,195.3MB,34068.5,0.59,25.57GB / 978.8MB,0B / 348.2kB
2026-03-31 01:32:51,500,74.40,195.1MB,34068.5,0.59,25.58GB / 979.2MB,0B / 348.2kB
2026-03-31 01:33:03,500,74.39,194.8MB,34068.5,0.59,25.59GB / 979.6MB,0B / 348.2kB
2026-03-31 01:33:15,500,74.39,196MB,34068.5,0.59,25.6GB / 980MB,0B / 348.2kB
2026-03-31 01:33:27,501,74.39,195.8MB,34068.5,0.59,25.61GB / 980.4MB,0B / 348.2kB
2026-03-31 01:33:39,501,74.38,194.6MB,34068.5,0.59,25.62GB / 980.8MB,0B / 348.2kB
2026-03-31 01:33:52,501,74.38,196MB,34068.5,0.59,25.63GB / 981.1MB,0B / 643.1kB
2026-03-31 01:34:04,501,74.38,195.6MB,34068.5,0.59,25.64GB / 981.5MB,0B / 643.1kB
2026-03-31 01:34:16,501,74.37,195.8MB,34068.5,0.59,25.65GB / 981.9MB,0B / 643.1kB
2026-03-31 01:34:28,502,74.37,195.6MB,34068.5,0.59,25.66GB / 982.3MB,0B / 643.1kB
2026-03-31 01:34:40,502,74.34,194.5MB,34068.5,0.58,25.66GB / 982.3MB,0B / 643.1kB
2026-03-31 01:34:52,502,74.31,194.5MB,34068.5,0.58,25.66GB / 982.3MB,0B / 643.1kB
2026-03-31 01:35:04,502,74.28,194.5MB,34068.5,0.58,25.66GB / 982.3MB,0B / 643.1kB
2026-03-31 01:35:16,502,74.25,194.5MB,34068.5,0.58,25.66GB / 982.3MB,0B / 643.1kB
2026-03-31 01:35:28,503,74.22,194.5MB,34068.5,0.58,25.66GB / 982.3MB,0B / 643.1kB
2026-03-31 01:35:40,503,74.19,194.5MB,34068.5,0.58,25.66GB / 982.3MB,0B / 643.1kB
2026-03-31 01:35:52,503,74.17,194.5MB,34068.5,0.58,25.67GB / 982.5MB,0B / 643.1kB
2026-03-31 01:36:04,503,74.15,194.8MB,34068.5,0.59,25.67GB / 982.5MB,0B / 643.1kB
2026-03-31 01:36:16,503,74.12,194.5MB,34068.5,0.58,25.67GB / 982.5MB,0B / 643.1kB
2026-03-31 01:36:28,504,74.11,195.8MB,34068.5,0.59,25.67GB / 982.8MB,0B / 643.1kB
2026-03-31 01:36:40,504,74.08,194.8MB,34068.5,0.59,25.67GB / 982.8MB,0B / 643.1kB
2026-03-31 01:36:53,504,74.05,194.8MB,34068.5,0.59,25.67GB / 982.8MB,0B / 643.1kB
2026-03-31 01:37:05,504,74.02,195.1MB,34068.5,0.59,25.67GB / 982.8MB,0B / 643.1kB
2026-03-31 01:37:17,504,73.99,194.6MB,34068.5,0.58,25.67GB / 982.8MB,0B / 643.1kB
2026-03-31 01:37:28,505,73.96,194.8MB,34068.5,0.59,25.67GB / 982.8MB,0B / 643.1kB
2026-03-31 01:37:40,505,73.94,194.6MB,34068.5,0.58,25.67GB / 982.8MB,0B / 643.1kB
2026-03-31 01:37:52,505,73.91,194.6MB,34068.5,0.58,25.67GB / 982.8MB,0B / 643.1kB
2026-03-31 01:38:03,505,73.88,194.6MB,34068.5,0.58,25.67GB / 982.8MB,0B / 643.1kB
2026-03-31 01:38:15,505,73.85,194.6MB,34068.5,0.58,25.67GB / 982.8MB,0B / 643.1kB
2026-03-31 01:38:27,506,73.82,194.6MB,34068.5,0.58,25.67GB / 982.8MB,0B / 643.1kB
2026-03-31 01:38:38,506,73.80,194.8MB,34068.5,0.59,25.67GB / 982.8MB,0B / 643.1kB
2026-03-31 01:38:50,506,73.77,194.6MB,34068.5,0.58,25.67GB / 982.8MB,0B / 643.1kB
2026-03-31 01:39:01,506,73.74,194.6MB,34068.5,0.58,25.67GB / 982.9MB,0B / 643.1kB
2026-03-31 01:39:13,506,73.71,194.6MB,34068.5,0.58,25.67GB / 982.9MB,0B / 643.1kB
2026-03-31 01:39:25,507,73.68,194.6MB,34068.5,0.58,25.67GB / 982.9MB,0B / 643.1kB
2026-03-31 01:39:36,507,73.66,194.6MB,34068.5,0.58,25.67GB / 982.9MB,0B / 643.1kB
2026-03-31 01:39:48,507,73.63,194.8MB,34068.5,0.59,25.67GB / 982.9MB,0B / 643.1kB
2026-03-31 01:40:00,507,73.60,194.6MB,34068.5,0.58,25.67GB / 982.9MB,0B / 643.1kB
2026-03-31 01:40:12,507,73.57,194.8MB,34068.5,0.59,25.67GB / 982.9MB,0B / 643.1kB
2026-03-31 01:40:23,507,73.55,194.6MB,34068.5,0.58,25.67GB / 982.9MB,0B / 643.1kB
2026-03-31 01:40:35,508,73.52,194.6MB,34068.5,0.58,25.67GB / 982.9MB,0B / 643.1kB
2026-03-31 01:40:46,508,73.49,194.8MB,34068.5,0.59,25.67GB / 982.9MB,0B / 643.1kB
2026-03-31 01:40:58,508,73.46,194.6MB,34068.5,0.58,25.67GB / 982.9MB,0B / 643.1kB
2026-03-31 01:41:10,508,73.43,194.6MB,34068.5,0.58,25.67GB / 982.9MB,0B / 643.1kB
2026-03-31 01:41:21,508,73.41,194.8MB,34068.5,0.59,25.67GB / 982.9MB,0B / 643.1kB
2026-03-31 01:41:33,509,73.38,194.6MB,34068.5,0.58,25.67GB / 982.9MB,0B / 643.1kB
2026-03-31 01:41:45,509,73.35,194.6MB,34068.5,0.58,25.67GB / 982.9MB,0B / 643.1kB
2026-03-31 01:41:56,509,73.32,194.6MB,34068.5,0.58,25.67GB / 982.9MB,0B / 643.1kB
2026-03-31 01:42:08,509,73.30,194.6MB,34068.5,0.58,25.67GB / 982.9MB,0B / 643.1kB
2026-03-31 01:42:19,509,73.27,194.8MB,34068.5,0.59,25.67GB / 982.9MB,0B / 643.1kB
2026-03-31 01:42:31,510,73.24,194.6MB,34068.5,0.58,25.67GB / 982.9MB,0B / 643.1kB
2026-03-31 01:42:43,510,73.21,194.6MB,34068.5,0.58,25.67GB / 982.9MB,0B / 643.1kB
2026-03-31 01:42:54,510,73.19,194.6MB,34068.5,0.58,25.67GB / 982.9MB,0B / 643.1kB
2026-03-31 01:43:06,510,73.16,194.8MB,34068.5,0.59,25.67GB / 983MB,0B / 643.1kB
2026-03-31 01:43:18,510,73.13,194.6MB,34068.5,0.58,25.67GB / 983MB,0B / 643.1kB
2026-03-31 01:43:29,511,73.10,194.6MB,34068.5,0.58,25.67GB / 983MB,0B / 643.1kB
2026-03-31 01:43:41,511,73.08,194.8MB,34068.5,0.59,25.67GB / 983MB,0B / 643.1kB
2026-03-31 01:43:53,511,73.05,194.6MB,34068.5,0.58,25.67GB / 983MB,0B / 643.1kB
2026-03-31 01:44:04,511,73.02,194.6MB,34068.5,0.58,25.67GB / 983MB,0B / 643.1kB
2026-03-31 01:44:16,511,72.99,194.6MB,34068.5,0.58,25.67GB / 983MB,0B / 643.1kB
2026-03-31 01:44:28,512,72.97,194.6MB,34068.5,0.58,25.67GB / 983MB,0B / 643.1kB
2026-03-31 01:44:39,512,72.94,194.6MB,34068.5,0.58,25.67GB / 983MB,0B / 643.1kB
2026-03-31 01:44:51,512,72.91,194.8MB,34068.5,0.59,25.67GB / 983MB,0B / 643.1kB
2026-03-31 01:45:03,512,72.88,194.6MB,34068.5,0.58,25.67GB / 983MB,0B / 643.1kB
2026-03-31 01:45:15,512,72.86,194.6MB,34068.5,0.58,25.67GB / 983MB,0B / 643.1kB
2026-03-31 01:45:26,513,72.83,194.8MB,34068.5,0.59,25.67GB / 983MB,0B / 643.1kB
2026-03-31 01:45:38,513,72.80,194.6MB,34068.5,0.58,25.67GB / 983MB,0B / 643.1kB
2026-03-31 01:45:50,513,72.78,194.6MB,34068.5,0.58,25.67GB / 983MB,0B / 643.1kB
2026-03-31 01:46:01,513,72.75,194.8MB,34068.5,0.59,25.67GB / 983MB,0B / 643.1kB
2026-03-31 01:46:13,513,72.72,194.6MB,34068.5,0.58,25.67GB / 983MB,0B / 643.1kB
2026-03-31 01:46:25,514,72.69,194.6MB,34068.5,0.58,25.67GB / 983MB,0B / 643.1kB
2026-03-31 01:46:36,514,72.67,194.8MB,34068.5,0.59,25.67GB / 983MB,0B / 643.1kB
2026-03-31 01:46:48,514,72.64,194.6MB,34068.5,0.58,25.67GB / 983MB,0B / 643.1kB
2026-03-31 01:47:00,514,72.61,194.6MB,34068.5,0.58,25.67GB / 983MB,0B / 643.1kB
2026-03-31 01:47:11,514,72.59,194.6MB,34068.5,0.58,25.67GB / 983.1MB,0B / 643.1kB
2026-03-31 01:47:23,514,72.56,194.6MB,34068.5,0.58,25.67GB / 983.1MB,0B / 643.1kB
2026-03-31 01:47:35,515,72.53,194.6MB,34068.5,0.58,25.67GB / 983.1MB,0B / 643.1kB
2026-03-31 01:47:46,515,72.50,194.6MB,34068.5,0.58,25.67GB / 983.1MB,0B / 643.1kB
2026-03-31 01:47:58,515,72.48,194.6MB,34068.5,0.58,25.67GB / 983.1MB,0B / 643.1kB
2026-03-31 01:48:10,515,72.45,194.6MB,34068.5,0.58,25.67GB / 983.1MB,0B / 643.1kB
2026-03-31 01:48:21,515,72.42,194.6MB,34068.5,0.58,25.67GB / 983.1MB,0B / 643.1kB
2026-03-31 01:48:33,516,72.40,194.6MB,34068.5,0.58,25.67GB / 983.1MB,0B / 643.1kB
2026-03-31 01:48:45,516,72.37,194.6MB,34068.5,0.58,25.67GB / 983.1MB,0B / 643.1kB
2026-03-31 01:48:56,516,72.34,194.6MB,34068.5,0.58,25.67GB / 983.1MB,0B / 643.1kB
2026-03-31 01:49:08,516,72.32,194.6MB,34068.5,0.58,25.67GB / 983.1MB,0B / 643.1kB
2026-03-31 01:49:20,516,72.29,194.8MB,34068.5,0.59,25.67GB / 983.1MB,0B / 643.1kB
2026-03-31 01:49:31,517,72.26,194.6MB,34068.5,0.58,25.67GB / 983.1MB,0B / 643.1kB
2026-03-31 01:49:43,517,72.24,194.6MB,34068.5,0.58,25.67GB / 983.1MB,0B / 643.1kB
2026-03-31 01:49:54,517,72.21,194.6MB,34068.5,0.58,25.67GB / 983.1MB,0B / 643.1kB
2026-03-31 01:50:06,517,72.18,194.6MB,34068.5,0.58,25.67GB / 983.1MB,0B / 643.1kB
2026-03-31 01:50:18,517,72.16,194.6MB,34068.5,0.58,25.67GB / 983.1MB,0B / 643.1kB
2026-03-31 01:50:29,518,72.13,194.6MB,34068.5,0.58,25.67GB / 983.1MB,0B / 643.1kB
2026-03-31 01:50:41,518,72.10,194.6MB,34068.5,0.58,25.67GB / 983.1MB,0B / 643.1kB
2026-03-31 01:50:53,518,72.08,194.6MB,34068.5,0.58,25.67GB / 983.1MB,0B / 643.1kB
2026-03-31 01:51:04,518,72.05,194.8MB,34068.5,0.59,25.67GB / 983.1MB,0B / 643.1kB
2026-03-31 01:51:16,518,72.02,194.6MB,34068.5,0.58,25.67GB / 983.2MB,0B / 643.1kB
2026-03-31 01:51:28,519,72.00,194.6MB,34068.5,0.58,25.67GB / 983.2MB,0B / 643.1kB
2026-03-31 01:51:40,519,71.97,194.8MB,34068.5,0.59,25.67GB / 983.2MB,0B / 643.1kB
2026-03-31 01:51:51,519,71.94,194.6MB,34068.5,0.58,25.67GB / 983.2MB,0B / 643.1kB
2026-03-31 01:52:03,519,71.92,194.6MB,34068.5,0.58,25.67GB / 983.2MB,0B / 643.1kB
2026-03-31 01:52:15,519,71.89,195.1MB,34068.5,0.59,25.67GB / 983.2MB,0B / 643.1kB
2026-03-31 01:52:26,520,71.86,194.8MB,34068.5,0.59,25.67GB / 983.2MB,0B / 643.1kB
2026-03-31 01:52:38,520,71.84,194.8MB,34068.5,0.59,25.67GB / 983.2MB,0B / 643.1kB
2026-03-31 01:52:49,520,71.81,194.6MB,34068.5,0.58,25.67GB / 983.2MB,0B / 643.1kB
2026-03-31 01:53:01,520,71.78,194.6MB,34068.5,0.58,25.67GB / 983.2MB,0B / 643.1kB
2026-03-31 01:53:13,520,71.76,194.6MB,34068.5,0.58,25.67GB / 983.2MB,0B / 643.1kB
2026-03-31 01:53:24,520,71.73,194.6MB,34068.5,0.58,25.67GB / 983.2MB,0B / 643.1kB
2026-03-31 01:53:36,521,71.70,194.6MB,34068.5,0.58,25.67GB / 983.2MB,0B / 643.1kB
2026-03-31 01:53:48,521,71.68,194.6MB,34068.5,0.58,25.67GB / 983.2MB,0B / 643.1kB
2026-03-31 01:53:59,521,71.65,194.6MB,34068.5,0.58,25.67GB / 983.2MB,0B / 643.1kB
2026-03-31 01:54:11,521,71.62,194.6MB,34068.5,0.58,25.67GB / 983.2MB,0B / 643.1kB
2026-03-31 01:54:23,521,71.60,194.8MB,34068.5,0.59,25.67GB / 983.2MB,0B / 643.1kB
2026-03-31 01:54:34,522,71.57,194.8MB,34068.5,0.59,25.67GB / 983.2MB,0B / 643.1kB
2026-03-31 01:54:46,522,71.55,194.6MB,34068.5,0.58,25.67GB / 983.2MB,0B / 643.1kB
2026-03-31 01:54:58,522,71.52,194.6MB,34068.5,0.58,25.67GB / 983.2MB,0B / 643.1kB
2026-03-31 01:55:09,522,71.49,194.6MB,34068.5,0.58,25.67GB / 983.2MB,0B / 643.1kB
2026-03-31 01:55:21,522,71.47,194.8MB,34068.5,0.59,25.67GB / 983.3MB,0B / 643.1kB
2026-03-31 01:55:33,523,71.44,194.8MB,34068.5,0.59,25.67GB / 983.3MB,0B / 643.1kB
2026-03-31 01:55:44,523,71.41,194.6MB,34068.5,0.58,25.67GB / 983.3MB,0B / 643.1kB
2026-03-31 01:55:56,523,71.39,194.6MB,34068.5,0.58,25.67GB / 983.3MB,0B / 643.1kB
2026-03-31 01:56:08,523,71.36,194.8MB,34068.5,0.59,25.67GB / 983.3MB,0B / 643.1kB
2026-03-31 01:56:20,523,71.34,194.6MB,34068.5,0.58,25.67GB / 983.3MB,0B / 643.1kB
2026-03-31 01:56:31,524,71.31,194.3MB,34068.5,0.58,25.67GB / 983.3MB,0B / 643.1kB
2026-03-31 01:56:43,524,71.28,198.1MB,34068.5,0.60,25.67GB / 983.3MB,0B / 643.1kB
2026-03-31 01:56:55,524,71.26,198.1MB,34068.5,0.60,25.67GB / 983.3MB,0B / 643.1kB
2026-03-31 01:57:06,524,71.23,197.8MB,34068.5,0.59,25.67GB / 983.3MB,0B / 643.1kB
2026-03-31 01:57:18,524,71.21,198.1MB,34068.5,0.60,25.67GB / 983.3MB,0B / 643.1kB
2026-03-31 01:57:30,525,71.18,198.1MB,34068.5,0.60,25.67GB / 983.3MB,0B / 643.1kB
2026-03-31 01:57:41,525,71.15,197.4MB,34068.5,0.59,25.67GB / 983.3MB,0B / 1.008MB
2026-03-31 01:57:53,525,71.13,197.4MB,34068.5,0.59,25.67GB / 983.3MB,0B / 1.065MB
2026-03-31 01:58:05,525,71.10,197.4MB,34068.5,0.59,25.67GB / 983.3MB,0B / 1.065MB
2026-03-31 01:58:16,525,71.08,197.6MB,34068.5,0.59,25.67GB / 983.3MB,0B / 1.065MB
2026-03-31 01:58:28,526,71.05,197.4MB,34068.5,0.59,25.67GB / 983.3MB,0B / 1.065MB
2026-03-31 01:58:40,526,71.02,197.4MB,34068.5,0.59,25.67GB / 983.3MB,0B / 1.065MB
2026-03-31 01:58:51,526,71.00,197.4MB,34068.5,0.59,25.67GB / 983.3MB,0B / 1.065MB
2026-03-31 01:59:03,526,70.97,197.4MB,34068.5,0.59,25.67GB / 983.3MB,0B / 1.065MB
2026-03-31 01:59:14,526,70.95,197.4MB,34068.5,0.59,25.67GB / 983.3MB,0B / 1.065MB
2026-03-31 01:59:26,527,70.92,197.4MB,34068.5,0.59,25.67GB / 983.4MB,0B / 1.065MB
2026-03-31 01:59:38,527,70.89,197.4MB,34068.5,0.59,25.67GB / 983.4MB,0B / 1.065MB
2026-03-31 01:59:49,527,70.87,197.6MB,34068.5,0.59,25.67GB / 983.4MB,0B / 1.065MB
2026-03-31 02:00:01,527,70.84,197.6MB,34068.5,0.59,25.67GB / 983.4MB,0B / 1.065MB
2026-03-31 02:00:13,527,70.82,197.4MB,34068.5,0.59,25.67GB / 983.4MB,0B / 1.065MB
2026-03-31 02:00:24,527,70.79,197.4MB,34068.5,0.59,25.67GB / 983.4MB,0B / 1.065MB
2026-03-31 02:00:36,528,70.77,197.1MB,34068.5,0.59,25.67GB / 983.4MB,0B / 1.286MB
2026-03-31 02:00:48,528,70.74,197.1MB,34068.5,0.59,25.67GB / 983.4MB,0B / 1.286MB
2026-03-31 02:00:59,528,70.71,197.1MB,34068.5,0.59,25.67GB / 983.4MB,0B / 1.286MB
2026-03-31 02:01:11,528,70.69,197.1MB,34068.5,0.59,25.67GB / 983.4MB,0B / 1.286MB
2026-03-31 02:01:23,528,70.66,197.1MB,34068.5,0.59,25.67GB / 983.4MB,0B / 1.286MB
2026-03-31 02:01:34,529,70.64,197.1MB,34068.5,0.59,25.67GB / 983.4MB,0B / 1.286MB
2026-03-31 02:01:46,529,70.61,197.1MB,34068.5,0.59,25.67GB / 983.4MB,0B / 1.286MB
2026-03-31 02:01:58,529,70.59,197.4MB,34068.5,0.59,25.67GB / 983.4MB,0B / 1.286MB
2026-03-31 02:02:09,529,70.56,197.1MB,34068.5,0.59,25.67GB / 983.4MB,0B / 1.286MB
2026-03-31 02:02:21,529,70.54,197.1MB,34068.5,0.59,25.67GB / 983.4MB,0B / 1.286MB
2026-03-31 02:02:32,530,70.51,197.4MB,34068.5,0.59,25.67GB / 983.4MB,0B / 1.286MB
2026-03-31 02:02:44,530,70.49,197.1MB,34068.5,0.59,25.67GB / 983.4MB,0B / 1.286MB
2026-03-31 02:02:56,530,70.46,197.4MB,34068.5,0.59,25.67GB / 983.4MB,0B / 1.286MB
2026-03-31 02:03:07,530,70.43,197.1MB,34068.5,0.59,25.67GB / 983.4MB,0B / 1.286MB
2026-03-31 02:03:19,530,70.41,197.1MB,34068.5,0.59,25.67GB / 983.4MB,0B / 1.286MB
2026-03-31 02:03:31,531,70.38,197.1MB,34068.5,0.59,25.67GB / 983.5MB,0B / 1.286MB
2026-03-31 02:03:42,531,70.36,197.1MB,34068.5,0.59,25.67GB / 983.5MB,0B / 1.286MB
2026-03-31 02:03:54,531,70.33,197.4MB,34068.5,0.59,25.67GB / 983.5MB,0B / 1.286MB
2026-03-31 02:04:05,531,70.31,197.4MB,34068.5,0.59,25.67GB / 983.5MB,0B / 1.286MB
2026-03-31 02:04:17,531,70.28,197.1MB,34068.5,0.59,25.67GB / 983.5MB,0B / 1.286MB
2026-03-31 02:04:29,532,70.26,197.1MB,34068.5,0.59,25.67GB / 983.5MB,0B / 1.286MB
2026-03-31 02:04:40,532,70.23,197.4MB,34068.5,0.59,25.67GB / 983.5MB,0B / 1.286MB
2026-03-31 02:04:52,532,70.21,197.1MB,34068.5,0.59,25.67GB / 983.5MB,0B / 1.286MB
2026-03-31 02:05:04,532,70.18,197.1MB,34068.5,0.59,25.67GB / 983.5MB,0B / 1.286MB
2026-03-31 02:05:15,532,70.16,197.1MB,34068.5,0.59,25.67GB / 983.5MB,0B / 1.286MB
2026-03-31 02:05:27,533,70.13,197.1MB,34068.5,0.59,25.67GB / 983.5MB,0B / 1.286MB
2026-03-31 02:05:39,533,70.11,197.4MB,34068.5,0.59,25.67GB / 983.5MB,0B / 1.286MB
2026-03-31 02:05:50,533,70.08,197.4MB,34068.5,0.59,25.67GB / 983.5MB,0B / 1.286MB
2026-03-31 02:06:02,533,70.06,197.1MB,34068.5,0.59,25.67GB / 983.5MB,0B / 1.286MB
2026-03-31 02:06:13,533,70.03,197.1MB,34068.5,0.59,25.67GB / 983.5MB,0B / 1.286MB
2026-03-31 02:06:25,534,70.00,197.1MB,34068.5,0.59,25.67GB / 983.5MB,0B / 1.286MB
2026-03-31 02:06:37,534,69.98,197.1MB,34068.5,0.59,25.67GB / 983.5MB,0B / 1.286MB
2026-03-31 02:06:49,534,69.95,197.1MB,34068.5,0.59,25.67GB / 983.5MB,0B / 1.286MB
2026-03-31 02:07:00,534,69.93,197.4MB,34068.5,0.59,25.67GB / 983.5MB,0B / 1.286MB
2026-03-31 02:07:12,534,69.90,197.1MB,34068.5,0.59,25.67GB / 983.5MB,0B / 1.286MB
2026-03-31 02:07:24,534,69.88,197.1MB,34068.5,0.59,25.67GB / 983.5MB,0B / 1.286MB
2026-03-31 02:07:35,535,69.85,197.4MB,34068.5,0.59,25.67GB / 983.6MB,0B / 1.286MB
2026-03-31 02:07:47,535,69.83,197.1MB,34068.5,0.59,25.67GB / 983.6MB,0B / 1.286MB
2026-03-31 02:07:59,535,69.80,197.1MB,34068.5,0.59,25.67GB / 983.6MB,0B / 1.286MB
2026-03-31 02:08:10,535,69.78,197.1MB,34068.5,0.59,25.67GB / 983.6MB,0B / 1.286MB
2026-03-31 02:08:22,535,69.75,197.1MB,34068.5,0.59,25.67GB / 983.6MB,0B / 1.286MB
2026-03-31 02:08:33,536,69.73,197.1MB,34068.5,0.59,25.67GB / 983.6MB,0B / 1.286MB
2026-03-31 02:08:45,536,69.71,197.4MB,34068.5,0.59,25.67GB / 983.6MB,0B / 1.286MB
2026-03-31 02:08:57,536,69.68,197.1MB,34068.5,0.59,25.67GB / 983.6MB,0B / 1.286MB
2026-03-31 02:09:08,536,69.66,197.1MB,34068.5,0.59,25.67GB / 983.6MB,0B / 1.286MB
2026-03-31 02:09:20,536,69.63,197.1MB,34068.5,0.59,25.67GB / 983.6MB,0B / 1.286MB
2026-03-31 02:09:31,537,69.61,197.1MB,34068.5,0.59,25.67GB / 983.6MB,0B / 1.286MB
2026-03-31 02:09:43,537,69.58,197.1MB,34068.5,0.59,25.67GB / 983.6MB,0B / 1.286MB
2026-03-31 02:09:55,537,69.56,197.4MB,34068.5,0.59,25.67GB / 983.6MB,0B / 1.286MB
2026-03-31 02:10:06,537,69.53,197.1MB,34068.5,0.59,25.67GB / 983.6MB,0B / 1.286MB
2026-03-31 02:10:18,537,69.51,197.1MB,34068.5,0.59,25.67GB / 983.6MB,0B / 1.286MB
2026-03-31 02:10:30,538,69.48,197.1MB,34068.5,0.59,25.67GB / 983.6MB,0B / 1.286MB
2026-03-31 02:10:41,538,69.46,197.4MB,34068.5,0.59,25.67GB / 983.6MB,0B / 1.286MB
2026-03-31 02:10:53,538,69.43,197.1MB,34068.5,0.59,25.67GB / 983.6MB,0B / 1.286MB
2026-03-31 02:11:04,538,69.41,197.4MB,34068.5,0.59,25.67GB / 983.6MB,0B / 1.286MB
2026-03-31 02:11:16,538,69.38,197.4MB,34068.5,0.59,25.67GB / 983.6MB,0B / 1.286MB
2026-03-31 02:11:28,539,69.36,197.1MB,34068.5,0.59,25.67GB / 983.6MB,0B / 1.286MB
2026-03-31 02:11:39,539,69.33,197.1MB,34068.5,0.59,25.67GB / 983.7MB,0B / 1.286MB
2026-03-31 02:11:51,539,69.31,197.4MB,34068.5,0.59,25.67GB / 983.7MB,0B / 1.286MB
2026-03-31 02:12:03,539,69.29,197.1MB,34068.5,0.59,25.67GB / 983.7MB,0B / 1.286MB
2026-03-31 02:12:14,539,69.26,197.1MB,34068.5,0.59,25.67GB / 983.7MB,0B / 1.286MB
2026-03-31 02:12:26,540,69.24,197.1MB,34068.5,0.59,25.67GB / 983.7MB,0B / 1.286MB
2026-03-31 02:12:38,540,69.21,197.4MB,34068.5,0.59,25.67GB / 983.7MB,0B / 1.286MB
2026-03-31 02:12:49,540,69.19,197.1MB,34068.5,0.59,25.67GB / 983.7MB,0B / 1.286MB
2026-03-31 02:13:01,540,69.16,197.4MB,34068.5,0.59,25.67GB / 983.7MB,0B / 1.286MB
2026-03-31 02:13:13,540,69.14,197.1MB,34068.5,0.59,25.67GB / 983.7MB,0B / 1.286MB
2026-03-31 02:13:25,541,69.11,197.1MB,34068.5,0.59,25.67GB / 983.7MB,0B / 1.286MB
2026-03-31 02:13:37,541,69.09,197.1MB,34068.5,0.59,25.67GB / 983.7MB,0B / 1.286MB
2026-03-31 02:13:49,541,69.06,197.1MB,34068.5,0.59,25.67GB / 983.7MB,0B / 1.286MB
2026-03-31 02:14:01,541,69.04,197.1MB,34068.5,0.59,25.67GB / 983.7MB,0B / 1.286MB
2026-03-31 02:14:13,541,69.01,197.1MB,34068.5,0.59,25.67GB / 983.7MB,0B / 1.286MB
2026-03-31 02:14:25,542,68.99,197.1MB,34068.5,0.59,25.67GB / 983.7MB,0B / 1.286MB
2026-03-31 02:14:37,542,68.96,197.1MB,34068.5,0.59,25.67GB / 983.7MB,0B / 1.286MB
2026-03-31 02:14:49,542,68.94,197.1MB,34068.5,0.59,25.67GB / 983.7MB,0B / 1.286MB
2026-03-31 02:15:01,542,68.91,197.1MB,34068.5,0.59,25.67GB / 983.7MB,0B / 1.286MB
2026-03-31 02:15:13,542,68.89,197.1MB,34068.5,0.59,25.67GB / 983.7MB,0B / 1.286MB
2026-03-31 02:15:25,543,68.86,197.1MB,34068.5,0.59,25.67GB / 983.7MB,0B / 1.286MB
2026-03-31 02:15:37,543,68.84,197.1MB,34068.5,0.59,25.67GB / 983.7MB,0B / 1.286MB
2026-03-31 02:15:49,543,68.81,197.1MB,34068.5,0.59,25.67GB / 983.8MB,0B / 1.286MB
2026-03-31 02:16:01,543,68.79,197.1MB,34068.5,0.59,25.67GB / 983.8MB,0B / 1.286MB
2026-03-31 02:16:13,543,68.76,197.1MB,34068.5,0.59,25.67GB / 983.8MB,0B / 1.286MB
2026-03-31 02:16:25,544,68.74,197.1MB,34068.5,0.59,25.67GB / 983.8MB,0B / 1.286MB
2026-03-31 02:16:37,544,68.71,197.1MB,34068.5,0.59,25.67GB / 983.8MB,0B / 1.286MB
2026-03-31 02:16:48,544,68.69,197.4MB,34068.5,0.59,25.67GB / 983.8MB,0B / 1.286MB
2026-03-31 02:17:00,544,68.66,197.1MB,34068.5,0.59,25.67GB / 983.8MB,0B / 1.286MB
2026-03-31 02:17:12,544,68.64,197.1MB,34068.5,0.59,25.67GB / 983.8MB,0B / 1.286MB
2026-03-31 02:17:24,544,68.61,197.1MB,34068.5,0.59,25.67GB / 983.8MB,0B / 1.286MB
2026-03-31 02:17:36,545,68.59,197.1MB,34068.5,0.59,25.67GB / 983.8MB,0B / 1.286MB
2026-03-31 02:17:47,545,68.57,197.4MB,34068.5,0.59,25.67GB / 983.8MB,0B / 1.286MB
2026-03-31 02:17:59,545,68.54,197.1MB,34068.5,0.59,25.67GB / 983.8MB,0B / 1.286MB
2026-03-31 02:18:11,545,68.52,197.4MB,34068.5,0.59,25.67GB / 983.8MB,0B / 1.286MB
2026-03-31 02:18:22,545,68.49,197.1MB,34068.5,0.59,25.67GB / 983.8MB,0B / 1.286MB
2026-03-31 02:18:34,546,68.47,197.4MB,34068.5,0.59,25.67GB / 983.8MB,0B / 1.286MB
2026-03-31 02:18:46,546,68.44,197.1MB,34068.5,0.59,25.67GB / 983.8MB,0B / 1.286MB
2026-03-31 02:18:58,546,68.42,197.1MB,34068.5,0.59,25.67GB / 983.8MB,0B / 1.286MB
2026-03-31 02:19:10,546,68.40,197.1MB,34068.5,0.59,25.67GB / 983.8MB,0B / 1.286MB
2026-03-31 02:19:21,546,68.37,197.1MB,34068.5,0.59,25.67GB / 983.8MB,0B / 1.286MB
2026-03-31 02:19:33,547,68.35,197.4MB,34068.5,0.59,25.67GB / 983.8MB,0B / 1.286MB
2026-03-31 02:19:45,547,68.32,197.1MB,34068.5,0.59,25.67GB / 983.8MB,0B / 1.286MB
2026-03-31 02:19:57,547,68.30,197.4MB,34068.5,0.59,25.67GB / 983.9MB,0B / 1.286MB
2026-03-31 02:20:08,547,68.28,197.1MB,34068.5,0.59,25.67GB / 983.9MB,0B / 1.286MB
2026-03-31 02:20:20,547,68.25,197.1MB,34068.5,0.59,25.67GB / 983.9MB,0B / 1.286MB
2026-03-31 02:20:32,548,68.23,197.4MB,34068.5,0.59,25.67GB / 983.9MB,0B / 1.286MB
2026-03-31 02:20:43,548,68.20,197.1MB,34068.5,0.59,25.67GB / 983.9MB,0B / 1.286MB
2026-03-31 02:20:55,548,68.18,197.1MB,34068.5,0.59,25.67GB / 983.9MB,0B / 1.286MB
2026-03-31 02:21:07,548,68.16,197.1MB,34068.5,0.59,25.67GB / 983.9MB,0B / 1.286MB
2026-03-31 02:21:19,548,68.13,197.1MB,34068.5,0.59,25.67GB / 983.9MB,0B / 1.286MB
2026-03-31 02:21:31,549,68.11,197.1MB,34068.5,0.59,25.67GB / 983.9MB,0B / 1.286MB
2026-03-31 02:21:42,549,68.08,197.4MB,34068.5,0.59,25.67GB / 983.9MB,0B / 1.286MB
2026-03-31 02:21:54,549,68.06,197.1MB,34068.5,0.59,25.68GB / 983.9MB,0B / 1.286MB
2026-03-31 02:22:06,549,68.04,197.4MB,34068.5,0.59,25.68GB / 983.9MB,0B / 1.286MB
2026-03-31 02:22:17,549,68.01,197.1MB,34068.5,0.59,25.68GB / 983.9MB,0B / 1.286MB
2026-03-31 02:22:29,550,67.99,197.1MB,34068.5,0.59,25.68GB / 983.9MB,0B / 1.286MB
2026-03-31 02:22:41,550,67.96,197.1MB,34068.5,0.59,25.68GB / 983.9MB,0B / 1.286MB
2026-03-31 02:22:53,550,67.94,197.1MB,34068.5,0.59,25.68GB / 983.9MB,0B / 1.286MB
2026-03-31 02:23:04,550,67.92,197.1MB,34068.5,0.59,25.68GB / 983.9MB,0B / 1.286MB
2026-03-31 02:23:16,550,67.89,197.1MB,34068.5,0.59,25.68GB / 983.9MB,0B / 1.286MB
2026-03-31 02:23:28,551,67.87,197.1MB,34068.5,0.59,25.68GB / 983.9MB,0B / 1.286MB
2026-03-31 02:23:39,551,67.85,197.1MB,34068.5,0.59,25.68GB / 983.9MB,0B / 1.286MB
2026-03-31 02:23:51,551,67.82,197.4MB,34068.5,0.59,25.68GB / 983.9MB,0B / 1.286MB
2026-03-31 02:24:03,551,67.80,197.1MB,34068.5,0.59,25.68GB / 984MB,0B / 1.286MB
2026-03-31 02:24:15,551,67.77,197.1MB,34068.5,0.59,25.68GB / 984MB,0B / 1.286MB
2026-03-31 02:24:27,552,67.75,197.1MB,34068.5,0.59,25.68GB / 984MB,0B / 1.286MB
2026-03-31 02:24:38,552,67.73,197.1MB,34068.5,0.59,25.68GB / 984MB,0B / 1.286MB
2026-03-31 02:24:50,552,67.70,197.1MB,34068.5,0.59,25.68GB / 984MB,0B / 1.286MB
2026-03-31 02:25:02,552,67.68,197.1MB,34068.5,0.59,25.68GB / 984MB,0B / 1.286MB
2026-03-31 02:25:14,552,67.66,197.1MB,34068.5,0.59,25.68GB / 984MB,0B / 1.286MB
2026-03-31 02:25:25,553,67.63,197.1MB,34068.5,0.59,25.68GB / 984MB,0B / 1.286MB
2026-03-31 02:25:37,553,67.61,197.1MB,34068.5,0.59,25.68GB / 984MB,0B / 1.286MB
2026-03-31 02:25:49,553,67.58,197.1MB,34068.5,0.59,25.68GB / 984MB,0B / 1.286MB
2026-03-31 02:26:00,553,67.56,197.1MB,34068.5,0.59,25.68GB / 984MB,0B / 1.286MB
2026-03-31 02:26:12,553,67.54,197.1MB,34068.5,0.59,25.68GB / 984MB,0B / 1.286MB
2026-03-31 02:26:24,553,67.51,197.1MB,34068.5,0.59,25.68GB / 984MB,0B / 1.286MB
2026-03-31 02:26:36,554,67.49,197.1MB,34068.5,0.59,25.68GB / 984MB,0B / 1.286MB
2026-03-31 02:26:48,554,67.47,197.1MB,34068.5,0.59,25.68GB / 984MB,0B / 1.286MB
2026-03-31 02:26:59,554,67.44,197.4MB,34068.5,0.59,25.68GB / 984MB,0B / 1.286MB
2026-03-31 02:27:11,554,67.42,197.1MB,34068.5,0.59,25.68GB / 984MB,0B / 1.286MB
2026-03-31 02:27:23,554,67.40,197.4MB,34068.5,0.59,25.68GB / 984MB,0B / 1.286MB
2026-03-31 02:27:35,555,67.37,197.1MB,34068.5,0.59,25.68GB / 984MB,0B / 1.286MB
2026-03-31 02:27:46,555,67.35,197.1MB,34068.5,0.59,25.68GB / 984MB,0B / 1.286MB
2026-03-31 02:27:58,555,67.33,197.1MB,34068.5,0.59,25.68GB / 984.1MB,0B / 1.286MB
2026-03-31 02:28:10,555,67.30,197.1MB,34068.5,0.59,25.68GB / 984.1MB,0B / 1.286MB
2026-03-31 02:28:21,555,67.28,197.1MB,34068.5,0.59,25.68GB / 984.1MB,0B / 1.286MB
2026-03-31 02:28:33,556,67.26,197.1MB,34068.5,0.59,25.68GB / 984.1MB,0B / 1.286MB
2026-03-31 02:28:45,556,67.23,197.1MB,34068.5,0.59,25.68GB / 984.1MB,0B / 1.286MB
2026-03-31 02:28:57,556,67.21,197.1MB,34068.5,0.59,25.68GB / 984.1MB,0B / 1.286MB
2026-03-31 02:29:08,556,67.19,197.1MB,34068.5,0.59,25.68GB / 984.1MB,0B / 1.286MB
2026-03-31 02:29:20,556,67.16,197.1MB,34068.5,0.59,25.68GB / 984.1MB,0B / 1.286MB
2026-03-31 02:29:32,557,67.14,197.1MB,34068.5,0.59,25.68GB / 984.1MB,0B / 1.286MB
2026-03-31 02:29:44,557,67.12,197.1MB,34068.5,0.59,25.68GB / 984.1MB,0B / 1.286MB
2026-03-31 02:29:55,557,67.09,197.1MB,34068.5,0.59,25.68GB / 984.1MB,0B / 1.286MB
2026-03-31 02:30:07,557,67.07,197.1MB,34068.5,0.59,25.68GB / 984.1MB,0B / 1.286MB
2026-03-31 02:30:19,557,67.05,197.1MB,34068.5,0.59,25.68GB / 984.1MB,0B / 1.286MB
2026-03-31 02:30:31,558,67.02,197.4MB,34068.5,0.59,25.68GB / 984.1MB,0B / 1.286MB
2026-03-31 02:30:42,558,67.00,197.1MB,34068.5,0.59,25.68GB / 984.1MB,0B / 1.286MB
2026-03-31 02:30:54,558,66.98,197.1MB,34068.5,0.59,25.68GB / 984.1MB,0B / 1.286MB
2026-03-31 02:31:06,558,66.95,197.1MB,34068.5,0.59,25.68GB / 984.1MB,0B / 1.286MB
2026-03-31 02:31:18,558,66.93,197.1MB,34068.5,0.59,25.68GB / 984.1MB,0B / 1.286MB
2026-03-31 02:31:29,559,66.91,197.4MB,34068.5,0.59,25.68GB / 984.1MB,0B / 1.286MB
2026-03-31 02:31:41,559,66.89,197.1MB,34068.5,0.59,25.68GB / 984.1MB,0B / 1.286MB
2026-03-31 02:31:53,559,66.86,197.4MB,34068.5,0.59,25.68GB / 984.1MB,0B / 1.286MB
2026-03-31 02:32:05,559,66.84,197.1MB,34068.5,0.59,25.68GB / 984.2MB,0B / 1.286MB
2026-03-31 02:32:16,559,66.82,197.1MB,34068.5,0.59,25.68GB / 984.2MB,0B / 1.286MB
2026-03-31 02:32:28,560,66.79,197.1MB,34068.5,0.59,25.68GB / 984.2MB,0B / 1.286MB
2026-03-31 02:32:40,560,66.77,197.1MB,34068.5,0.59,25.68GB / 984.2MB,0B / 1.286MB
2026-03-31 02:32:52,560,66.75,197.1MB,34068.5,0.59,25.68GB / 984.2MB,0B / 1.286MB
2026-03-31 02:33:03,560,66.72,197.1MB,34068.5,0.59,25.68GB / 984.2MB,0B / 1.286MB
2026-03-31 02:33:15,560,66.70,197.1MB,34068.5,0.59,25.68GB / 984.2MB,0B / 1.286MB
2026-03-31 02:33:27,561,66.68,197.1MB,34068.5,0.59,25.68GB / 984.2MB,0B / 1.286MB
2026-03-31 02:33:39,561,66.66,197.1MB,34068.5,0.59,25.68GB / 984.2MB,0B / 1.286MB
2026-03-31 02:33:50,561,66.63,197.1MB,34068.5,0.59,25.68GB / 984.2MB,0B / 1.286MB
2026-03-31 02:34:02,561,66.61,197.1MB,34068.5,0.59,25.68GB / 984.2MB,0B / 1.286MB
2026-03-31 02:34:14,561,66.59,197.1MB,34068.5,0.59,25.68GB / 984.2MB,0B / 1.286MB
2026-03-31 02:34:26,562,66.56,197.4MB,34068.5,0.59,25.68GB / 984.2MB,0B / 1.286MB
2026-03-31 02:34:37,562,66.54,197.1MB,34068.5,0.59,25.68GB / 984.2MB,0B / 1.286MB
2026-03-31 02:34:49,562,66.52,197.1MB,34068.5,0.59,25.68GB / 984.2MB,0B / 1.286MB
2026-03-31 02:35:01,562,66.50,197.4MB,34068.5,0.59,25.68GB / 984.2MB,0B / 1.286MB
2026-03-31 02:35:12,562,66.47,197.4MB,34068.5,0.59,25.68GB / 984.2MB,0B / 1.286MB
2026-03-31 02:35:24,562,66.45,197.1MB,34068.5,0.59,25.68GB / 984.2MB,0B / 1.286MB
2026-03-31 02:35:36,563,66.43,197.1MB,34068.5,0.59,25.68GB / 984.2MB,0B / 1.286MB
2026-03-31 02:35:48,563,66.40,197.1MB,34068.5,0.59,25.68GB / 984.2MB,0B / 1.286MB
2026-03-31 02:35:59,563,66.38,197.1MB,34068.5,0.59,25.68GB / 984.2MB,0B / 1.286MB
2026-03-31 02:36:11,563,66.36,197.1MB,34068.5,0.59,25.68GB / 984.3MB,0B / 1.286MB
2026-03-31 02:36:23,563,66.34,197.1MB,34068.5,0.59,25.68GB / 984.3MB,0B / 1.286MB
2026-03-31 02:36:34,564,66.31,197.1MB,34068.5,0.59,25.68GB / 984.3MB,0B / 1.286MB
2026-03-31 02:36:46,564,66.29,197.1MB,34068.5,0.59,25.68GB / 984.3MB,0B / 1.286MB
2026-03-31 02:36:58,564,66.27,197.1MB,34068.5,0.59,25.68GB / 984.3MB,0B / 1.286MB
2026-03-31 02:37:10,564,66.25,197.1MB,34068.5,0.59,25.68GB / 984.3MB,0B / 1.286MB
2026-03-31 02:37:21,564,66.22,197.1MB,34068.5,0.59,25.68GB / 984.3MB,0B / 1.286MB
2026-03-31 02:37:33,565,66.20,197.1MB,34068.5,0.59,25.68GB / 984.3MB,0B / 1.286MB
2026-03-31 02:37:45,565,66.18,197.4MB,34068.5,0.59,25.68GB / 984.3MB,0B / 1.286MB
2026-03-31 02:37:57,565,66.16,197.1MB,34068.5,0.59,25.68GB / 984.3MB,0B / 1.286MB
2026-03-31 02:38:08,565,66.13,197.1MB,34068.5,0.59,25.68GB / 984.3MB,0B / 1.286MB
2026-03-31 02:38:20,565,66.11,197.1MB,34068.5,0.59,25.68GB / 984.3MB,0B / 1.286MB
2026-03-31 02:38:32,566,66.09,197.1MB,34068.5,0.59,25.68GB / 984.3MB,0B / 1.286MB
2026-03-31 02:38:44,566,66.07,197.1MB,34068.5,0.59,25.68GB / 984.3MB,0B / 1.286MB
2026-03-31 02:38:55,566,66.04,197.1MB,34068.5,0.59,25.68GB / 984.3MB,0B / 1.286MB
2026-03-31 02:39:07,566,66.02,197.1MB,34068.5,0.59,25.68GB / 984.3MB,0B / 1.286MB
2026-03-31 02:39:19,566,66.00,197.1MB,34068.5,0.59,25.68GB / 984.3MB,0B / 1.286MB
2026-03-31 02:39:31,567,65.98,197.1MB,34068.5,0.59,25.68GB / 984.3MB,0B / 1.286MB
2026-03-31 02:39:42,567,65.95,197.1MB,34068.5,0.59,25.68GB / 984.3MB,0B / 1.286MB
2026-03-31 02:39:54,567,65.93,197.1MB,34068.5,0.59,25.68GB / 984.3MB,0B / 1.286MB
2026-03-31 02:40:06,567,65.91,197.1MB,34068.5,0.59,25.68GB / 984.3MB,0B / 1.286MB
2026-03-31 02:40:18,567,65.89,197.1MB,34068.5,0.59,25.68GB / 984.4MB,0B / 1.286MB
2026-03-31 02:40:29,568,65.86,197.4MB,34068.5,0.59,25.68GB / 984.4MB,0B / 1.286MB
2026-03-31 02:40:41,568,65.84,197.1MB,34068.5,0.59,25.68GB / 984.4MB,0B / 1.286MB
2026-03-31 02:40:53,568,65.82,197.4MB,34068.5,0.59,25.68GB / 984.4MB,0B / 1.286MB
2026-03-31 02:41:05,568,65.80,197.1MB,34068.5,0.59,25.68GB / 984.4MB,0B / 1.286MB
2026-03-31 02:41:16,568,65.78,197.1MB,34068.5,0.59,25.68GB / 984.4MB,0B / 1.286MB
2026-03-31 02:41:28,569,65.75,197.4MB,34068.5,0.59,25.68GB / 984.4MB,0B / 1.286MB
2026-03-31 02:41:40,569,65.73,197.4MB,34068.5,0.59,25.68GB / 984.4MB,0B / 1.286MB
2026-03-31 02:41:51,569,65.71,197.1MB,34068.5,0.59,25.68GB / 984.4MB,0B / 1.286MB
2026-03-31 02:42:03,569,65.69,197.1MB,34068.5,0.59,25.68GB / 984.4MB,0B / 1.286MB
2026-03-31 02:42:15,569,65.66,197.1MB,34068.5,0.59,25.68GB / 984.4MB,0B / 1.286MB
2026-03-31 02:42:27,570,65.64,197.1MB,34068.5,0.59,25.68GB / 984.4MB,0B / 1.286MB
2026-03-31 02:42:38,570,65.62,197.1MB,34068.5,0.59,25.68GB / 984.4MB,0B / 1.286MB
2026-03-31 02:42:50,570,65.60,197.1MB,34068.5,0.59,25.68GB / 984.4MB,0B / 1.286MB
2026-03-31 02:43:02,570,65.57,197.1MB,34068.5,0.59,25.68GB / 984.4MB,0B / 1.286MB
2026-03-31 02:43:14,570,65.55,197.1MB,34068.5,0.59,25.68GB / 984.4MB,0B / 1.286MB
2026-03-31 02:43:25,571,65.53,197.1MB,34068.5,0.59,25.68GB / 984.4MB,0B / 1.286MB
2026-03-31 02:43:37,571,65.51,197.1MB,34068.5,0.59,25.68GB / 984.4MB,0B / 1.286MB
2026-03-31 02:43:49,571,65.49,197.1MB,34068.5,0.59,25.68GB / 984.4MB,0B / 1.286MB
2026-03-31 02:44:01,571,65.46,197.1MB,34068.5,0.59,25.68GB / 984.4MB,0B / 1.286MB
2026-03-31 02:44:13,571,65.44,197.1MB,34068.5,0.59,25.68GB / 984.4MB,0B / 1.286MB
2026-03-31 02:44:24,571,65.42,197.4MB,34068.5,0.59,25.68GB / 984.5MB,0B / 1.286MB
2026-03-31 02:44:36,572,65.40,197.1MB,34068.5,0.59,25.68GB / 984.5MB,0B / 1.286MB
2026-03-31 02:44:48,572,65.38,197.1MB,34068.5,0.59,25.68GB / 984.5MB,0B / 1.286MB
2026-03-31 02:44:59,572,65.35,197.4MB,34068.5,0.59,25.68GB / 984.5MB,0B / 1.286MB
2026-03-31 02:45:11,572,65.33,197.1MB,34068.5,0.59,25.68GB / 984.5MB,0B / 1.286MB
2026-03-31 02:45:23,572,65.31,197.1MB,34068.5,0.59,25.68GB / 984.5MB,0B / 1.286MB
2026-03-31 02:45:35,573,65.29,197.1MB,34068.5,0.59,25.68GB / 984.5MB,0B / 1.286MB
2026-03-31 02:45:47,573,65.27,197.1MB,34068.5,0.59,25.68GB / 984.5MB,0B / 1.286MB
2026-03-31 02:45:58,573,65.24,197.1MB,34068.5,0.59,25.68GB / 984.5MB,0B / 1.286MB
2026-03-31 02:46:10,573,65.22,197.1MB,34068.5,0.59,25.68GB / 984.5MB,0B / 1.286MB
2026-03-31 02:46:22,573,65.20,197.1MB,34068.5,0.59,25.68GB / 984.5MB,0B / 1.286MB
2026-03-31 02:46:34,574,65.18,197.1MB,34068.5,0.59,25.68GB / 984.5MB,0B / 1.286MB
2026-03-31 02:46:45,574,65.16,197.1MB,34068.5,0.59,25.68GB / 984.5MB,0B / 1.286MB
2026-03-31 02:46:57,574,65.13,197.1MB,34068.5,0.59,25.68GB / 984.5MB,0B / 1.286MB
2026-03-31 02:47:09,574,65.11,197.4MB,34068.5,0.59,25.68GB / 984.5MB,0B / 1.286MB
2026-03-31 02:47:20,574,65.09,197.1MB,34068.5,0.59,25.68GB / 984.5MB,0B / 1.286MB
2026-03-31 02:47:32,575,65.07,197.1MB,34068.5,0.59,25.68GB / 984.5MB,0B / 1.286MB
2026-03-31 02:47:44,575,65.05,197.1MB,34068.5,0.59,25.68GB / 984.5MB,0B / 1.286MB
2026-03-31 02:47:56,575,65.02,197.1MB,34068.5,0.59,25.68GB / 984.5MB,0B / 1.286MB
2026-03-31 02:48:08,575,65.00,197.4MB,34068.5,0.59,25.68GB / 984.5MB,0B / 1.286MB
2026-03-31 02:48:19,575,64.98,197.1MB,34068.5,0.59,25.68GB / 984.5MB,0B / 1.286MB
2026-03-31 02:48:31,576,64.96,197.1MB,34068.5,0.59,25.68GB / 984.6MB,0B / 1.286MB
2026-03-31 02:48:43,576,64.94,197.1MB,34068.5,0.59,25.68GB / 984.6MB,0B / 1.286MB
2026-03-31 02:48:55,576,64.92,197.1MB,34068.5,0.59,25.68GB / 984.6MB,0B / 1.286MB
2026-03-31 02:49:06,576,64.89,197.1MB,34068.5,0.59,25.68GB / 984.6MB,0B / 1.286MB
2026-03-31 02:49:18,576,64.87,197.1MB,34068.5,0.59,25.68GB / 984.6MB,0B / 1.286MB
2026-03-31 02:49:30,577,64.85,196.8MB,34068.5,0.59,25.68GB / 984.6MB,0B / 1.671MB
2026-03-31 02:49:42,577,64.83,196.8MB,34068.5,0.59,25.68GB / 984.6MB,0B / 1.671MB
2026-03-31 02:49:53,577,64.81,196.7MB,34068.5,0.59,25.68GB / 984.6MB,0B / 1.692MB
2026-03-31 02:50:05,577,64.79,196.7MB,34068.5,0.59,25.68GB / 984.6MB,0B / 1.692MB
2026-03-31 02:50:17,577,64.76,196.7MB,34068.5,0.59,25.68GB / 984.6MB,0B / 1.692MB
2026-03-31 02:50:29,578,64.74,196.7MB,34068.5,0.59,25.68GB / 984.6MB,0B / 1.733MB
2026-03-31 02:50:40,578,64.72,196.7MB,34068.5,0.59,25.68GB / 984.6MB,0B / 1.733MB
2026-03-31 02:50:52,578,64.70,197.2MB,34068.5,0.59,25.68GB / 984.6MB,0B / 1.733MB
2026-03-31 02:51:04,578,64.68,196.7MB,34068.5,0.59,25.68GB / 984.6MB,0B / 1.733MB
2026-03-31 02:51:15,578,64.66,196.7MB,34068.5,0.59,25.68GB / 984.6MB,0B / 1.745MB
2026-03-31 02:51:27,579,64.64,196.7MB,34068.5,0.59,25.68GB / 984.6MB,0B / 1.745MB
2026-03-31 02:51:39,579,64.61,196.7MB,34068.5,0.59,25.68GB / 984.6MB,0B / 1.745MB
2026-03-31 02:51:51,579,64.59,196.7MB,34068.5,0.59,25.68GB / 984.6MB,0B / 1.745MB
2026-03-31 02:52:02,579,64.57,196.7MB,34068.5,0.59,25.68GB / 984.6MB,0B / 1.745MB
2026-03-31 02:52:14,579,64.55,196.6MB,34068.5,0.59,25.68GB / 984.6MB,0B / 1.782MB
2026-03-31 02:52:26,580,64.53,196.8MB,34068.5,0.59,25.68GB / 984.7MB,0B / 1.782MB
2026-03-31 02:52:37,580,64.51,196.6MB,34068.5,0.59,25.68GB / 984.7MB,0B / 1.782MB
2026-03-31 02:52:49,580,64.49,196.8MB,34068.5,0.59,25.68GB / 984.7MB,0B / 1.782MB
2026-03-31 02:53:01,580,64.46,196.5MB,34068.5,0.59,25.68GB / 984.7MB,0B / 1.806MB
2026-03-31 02:53:13,580,64.44,196.5MB,34068.5,0.59,25.68GB / 984.7MB,0B / 1.806MB
2026-03-31 02:53:24,580,64.42,196.8MB,34068.5,0.59,25.68GB / 984.7MB,0B / 1.806MB
2026-03-31 02:53:36,581,64.40,196.5MB,34068.5,0.59,25.68GB / 984.7MB,0B / 1.806MB
2026-03-31 02:53:48,581,64.38,196.5MB,34068.5,0.59,25.68GB / 984.7MB,0B / 1.806MB
2026-03-31 02:54:00,581,64.36,196.5MB,34068.5,0.59,25.68GB / 984.7MB,0B / 1.806MB
2026-03-31 02:54:11,581,64.34,196.5MB,34068.5,0.59,25.68GB / 984.7MB,0B / 1.806MB
2026-03-31 02:54:23,581,64.31,196.5MB,34068.5,0.59,25.68GB / 984.7MB,0B / 1.806MB
2026-03-31 02:54:35,582,64.29,196.1MB,34068.5,0.59,25.68GB / 984.7MB,0B / 2.228MB
2026-03-31 02:54:46,582,64.27,196.3MB,34068.5,0.59,25.68GB / 984.7MB,0B / 2.228MB
2026-03-31 02:54:58,582,64.25,196.3MB,34068.5,0.59,25.68GB / 984.7MB,0B / 2.228MB
2026-03-31 02:55:10,582,64.23,196.1MB,34068.5,0.59,25.68GB / 984.7MB,0B / 2.236MB
2026-03-31 02:55:22,582,64.21,196.1MB,34068.5,0.59,25.68GB / 984.7MB,0B / 2.236MB
2026-03-31 02:55:34,583,64.19,196.1MB,34068.5,0.59,25.68GB / 984.7MB,0B / 2.236MB
2026-03-31 02:55:45,583,64.17,196.1MB,34068.5,0.59,25.68GB / 984.7MB,0B / 2.236MB
2026-03-31 02:55:57,583,64.14,196.1MB,34068.5,0.59,25.68GB / 984.7MB,0B / 2.236MB
2026-03-31 02:56:09,583,64.12,196.1MB,34068.5,0.59,25.68GB / 984.7MB,0B / 2.236MB
2026-03-31 02:56:20,583,64.10,195.8MB,34068.5,0.59,25.68GB / 984.7MB,0B / 2.535MB
2026-03-31 02:56:32,584,64.08,196MB,34068.5,0.59,25.68GB / 984.8MB,0B / 2.535MB
2026-03-31 02:56:44,584,64.06,195.8MB,34068.5,0.59,25.68GB / 984.8MB,0B / 2.535MB
2026-03-31 02:56:56,584,64.04,195.8MB,34068.5,0.59,25.68GB / 984.8MB,0B / 2.535MB
2026-03-31 02:57:07,584,64.02,195.8MB,34068.5,0.59,25.68GB / 984.8MB,0B / 2.535MB
2026-03-31 02:57:19,584,64.00,196MB,34068.5,0.59,25.68GB / 984.8MB,0B / 2.535MB
2026-03-31 02:57:31,585,63.98,195.8MB,34068.5,0.59,25.68GB / 984.8MB,0B / 2.535MB
2026-03-31 02:57:43,585,63.95,195.8MB,34068.5,0.59,25.68GB / 984.8MB,0B / 2.535MB
2026-03-31 02:57:55,585,63.93,195.8MB,34068.5,0.59,25.68GB / 984.8MB,0B / 2.535MB
2026-03-31 02:58:06,585,63.91,195.8MB,34068.5,0.59,25.68GB / 984.8MB,0B / 2.535MB
2026-03-31 02:58:18,585,63.89,195.8MB,34068.5,0.59,25.68GB / 984.8MB,0B / 2.535MB
2026-03-31 02:58:30,586,63.87,195.8MB,34068.5,0.59,25.68GB / 984.8MB,0B / 2.535MB
2026-03-31 02:58:42,586,63.85,195.8MB,34068.5,0.59,25.68GB / 984.8MB,0B / 2.535MB
2026-03-31 02:58:54,586,63.83,195.8MB,34068.5,0.59,25.68GB / 984.8MB,0B / 2.535MB
2026-03-31 02:59:05,586,63.81,192.2MB,34068.5,0.58,25.68GB / 984.8MB,0B / 3.338MB
2026-03-31 02:59:17,586,63.79,192.2MB,34068.5,0.58,25.68GB / 984.8MB,0B / 3.338MB
2026-03-31 02:59:29,587,63.76,192.2MB,34068.5,0.58,25.68GB / 984.8MB,0B / 3.338MB
2026-03-31 02:59:41,587,63.74,192.2MB,34068.5,0.58,25.68GB / 984.8MB,0B / 3.338MB
2026-03-31 02:59:52,587,63.72,186.1MB,34068.5,0.56,25.68GB / 984.8MB,0B / 3.703MB
2026-03-31 03:00:04,587,63.70,183.2MB,34068.5,0.55,25.68GB / 984.8MB,0B / 3.715MB
2026-03-31 03:00:16,587,63.68,183.2MB,34068.5,0.55,25.68GB / 984.8MB,0B / 3.715MB
2026-03-31 03:00:27,588,63.66,183.2MB,34068.5,0.55,25.68GB / 984.8MB,0B / 3.715MB
2026-03-31 03:00:39,588,63.64,183.2MB,34068.5,0.55,25.68GB / 984.9MB,0B / 3.715MB
2026-03-31 03:00:51,588,63.62,180.4MB,34068.5,0.54,25.68GB / 984.9MB,0B / 3.744MB
2026-03-31 03:01:03,588,63.60,176.6MB,34068.5,0.53,25.68GB / 984.9MB,0B / 5.054MB
2026-03-31 03:01:14,588,63.58,176.6MB,34068.5,0.53,25.68GB / 984.9MB,0B / 5.054MB
2026-03-31 03:01:26,589,63.56,176.6MB,34068.5,0.53,25.68GB / 984.9MB,0B / 5.054MB
2026-03-31 03:01:38,589,63.54,176.6MB,34068.5,0.53,25.68GB / 984.9MB,0B / 5.054MB
2026-03-31 03:01:50,589,63.51,173.8MB,34068.5,0.52,25.68GB / 984.9MB,0B / 5.378MB
2026-03-31 03:02:01,589,63.49,171.3MB,34068.5,0.51,25.68GB / 984.9MB,0B / 5.435MB
2026-03-31 03:02:13,589,63.47,171.3MB,34068.5,0.51,25.68GB / 984.9MB,0B / 5.435MB
2026-03-31 03:02:25,590,63.45,171.3MB,34068.5,0.51,25.68GB / 984.9MB,0B / 5.435MB
2026-03-31 03:02:37,590,63.43,171.3MB,34068.5,0.51,25.68GB / 984.9MB,0B / 5.435MB
2026-03-31 03:02:48,590,63.41,171.3MB,34068.5,0.51,25.68GB / 984.9MB,0B / 5.435MB
2026-03-31 03:03:00,590,63.39,171.3MB,34068.5,0.51,25.68GB / 984.9MB,0B / 5.435MB
2026-03-31 03:03:12,590,63.37,171.3MB,34068.5,0.51,25.68GB / 984.9MB,0B / 5.435MB
2026-03-31 03:03:24,590,63.35,168.8MB,34068.5,0.51,25.68GB / 984.9MB,0B / 5.439MB
2026-03-31 03:03:35,591,63.33,168.8MB,34068.5,0.51,25.68GB / 984.9MB,0B / 5.439MB
2026-03-31 03:03:47,591,63.31,168.8MB,34068.5,0.51,25.68GB / 984.9MB,0B / 5.439MB
2026-03-31 03:03:59,591,63.29,168.8MB,34068.5,0.51,25.68GB / 984.9MB,0B / 5.439MB
2026-03-31 03:04:11,591,63.27,169.1MB,34068.5,0.51,25.68GB / 984.9MB,0B / 5.439MB
2026-03-31 03:04:22,591,63.25,168.8MB,34068.5,0.51,25.68GB / 984.9MB,0B / 5.439MB
2026-03-31 03:04:34,592,63.22,168.8MB,34068.5,0.51,25.68GB / 984.9MB,0B / 5.439MB
2026-03-31 03:04:46,592,63.20,165.8MB,34068.5,0.50,25.68GB / 985MB,0B / 5.747MB
2026-03-31 03:04:58,592,63.18,165.8MB,34068.5,0.50,25.68GB / 985MB,0B / 5.747MB
2026-03-31 03:05:10,592,63.16,163.5MB,34068.5,0.49,25.68GB / 985MB,0B / 5.939MB
2026-03-31 03:05:21,592,63.14,163.8MB,34068.5,0.49,25.68GB / 985MB,0B / 5.939MB
2026-03-31 03:05:33,593,63.12,163.5MB,34068.5,0.49,25.68GB / 985MB,0B / 5.939MB
2026-03-31 03:05:45,593,63.10,163.5MB,34068.5,0.49,25.68GB / 985MB,0B / 5.939MB
2026-03-31 03:05:56,593,63.08,163.8MB,34068.5,0.49,25.68GB / 985MB,0B / 5.939MB
2026-03-31 03:06:08,593,63.06,163.5MB,34068.5,0.49,25.68GB / 985MB,0B / 5.939MB
2026-03-31 03:06:20,593,63.04,163.5MB,34068.5,0.49,25.68GB / 985MB,0B / 5.939MB
2026-03-31 03:06:32,594,63.02,163.5MB,34068.5,0.49,25.68GB / 985MB,0B / 5.939MB
2026-03-31 03:06:43,594,63.00,163.5MB,34068.5,0.49,25.68GB / 985MB,0B / 5.939MB
2026-03-31 03:06:55,594,62.98,161.4MB,34068.5,0.49,25.68GB / 985MB,0B / 5.968MB
2026-03-31 03:07:07,594,62.96,161.4MB,34068.5,0.49,25.68GB / 985MB,0B / 5.968MB
2026-03-31 03:07:19,594,62.94,161.4MB,34068.5,0.49,25.68GB / 985MB,0B / 5.968MB
2026-03-31 03:07:30,595,62.92,161.4MB,34068.5,0.49,25.68GB / 985MB,0B / 5.968MB
2026-03-31 03:07:42,595,62.90,161.4MB,34068.5,0.49,25.68GB / 985MB,0B / 5.968MB
2026-03-31 03:07:54,595,62.88,161.4MB,34068.5,0.49,25.68GB / 985MB,0B / 5.968MB
2026-03-31 03:08:06,595,62.86,161.4MB,34068.5,0.49,25.68GB / 985MB,0B / 5.968MB
2026-03-31 03:08:17,595,62.84,161.4MB,34068.5,0.49,25.68GB / 985MB,0B / 5.968MB
2026-03-31 03:08:29,596,62.82,161.4MB,34068.5,0.49,25.68GB / 985MB,0B / 5.968MB
2026-03-31 03:08:41,596,62.80,161.7MB,34068.5,0.49,25.68GB / 985MB,0B / 5.968MB
2026-03-31 03:08:52,596,62.78,161.4MB,34068.5,0.49,25.68GB / 985.1MB,0B / 5.968MB
2026-03-31 03:09:04,596,62.76,161.7MB,34068.5,0.49,25.68GB / 985.1MB,0B / 5.968MB
2026-03-31 03:09:16,596,62.73,161.4MB,34068.5,0.49,25.68GB / 985.1MB,0B / 5.968MB
2026-03-31 03:09:28,597,62.71,161.4MB,34068.5,0.49,25.68GB / 985.1MB,0B / 5.968MB
2026-03-31 03:09:39,597,62.69,161.4MB,34068.5,0.49,25.68GB / 985.1MB,0B / 5.968MB
2026-03-31 03:09:51,597,62.67,161.4MB,34068.5,0.49,25.68GB / 985.1MB,0B / 5.968MB
2026-03-31 03:10:03,597,62.65,161.4MB,34068.5,0.49,25.68GB / 985.1MB,0B / 5.968MB
2026-03-31 03:10:15,597,62.63,161.4MB,34068.5,0.49,25.68GB / 985.1MB,0B / 5.968MB
2026-03-31 03:10:26,598,62.61,161.4MB,34068.5,0.49,25.68GB / 985.1MB,0B / 5.968MB
2026-03-31 03:10:38,598,62.59,161.4MB,34068.5,0.49,25.68GB / 985.1MB,0B / 5.968MB
2026-03-31 03:10:50,598,62.57,161.4MB,34068.5,0.49,25.68GB / 985.1MB,0B / 5.968MB
2026-03-31 03:11:02,598,62.55,161.4MB,34068.5,0.49,25.68GB / 985.1MB,0B / 5.968MB
2026-03-31 03:11:13,598,62.53,161.4MB,34068.5,0.49,25.68GB / 985.1MB,4.096kB / 5.968MB
2026-03-31 03:11:25,599,62.51,161.4MB,34068.5,0.49,25.68GB / 985.1MB,4.096kB / 5.968MB
2026-03-31 03:11:37,599,62.49,161.4MB,34068.5,0.49,25.68GB / 985.1MB,4.096kB / 5.968MB
2026-03-31 03:11:48,599,62.47,161.4MB,34068.5,0.49,25.68GB / 985.1MB,4.096kB / 5.968MB
2026-03-31 03:12:00,599,62.45,161.4MB,34068.5,0.49,25.68GB / 985.1MB,4.096kB / 5.968MB
2026-03-31 03:12:12,599,62.43,161.4MB,34068.5,0.49,25.68GB / 985.1MB,4.096kB / 5.968MB
2026-03-31 03:12:24,599,62.41,161.4MB,34068.5,0.49,25.68GB / 985.1MB,4.096kB / 5.968MB
2026-03-31 03:12:36,600,62.39,161.4MB,34068.5,0.49,25.68GB / 985.1MB,4.096kB / 5.968MB
2026-03-31 03:12:47,600,62.37,161.4MB,34068.5,0.49,25.68GB / 985.1MB,4.096kB / 5.968MB
2026-03-31 03:12:59,600,62.35,161.4MB,34068.5,0.49,25.68GB / 985.2MB,4.096kB / 5.968MB
2026-03-31 03:13:11,600,62.33,161.4MB,34068.5,0.49,25.68GB / 985.2MB,4.096kB / 5.968MB
2026-03-31 03:13:23,600,62.31,161.4MB,34068.5,0.49,25.68GB / 985.2MB,4.096kB / 5.968MB
2026-03-31 03:13:34,601,62.29,161.4MB,34068.5,0.49,25.68GB / 985.2MB,4.096kB / 5.968MB
2026-03-31 03:13:46,601,62.27,161.4MB,34068.5,0.49,25.68GB / 985.2MB,4.096kB / 5.968MB
2026-03-31 03:13:58,601,62.25,161.4MB,34068.5,0.49,25.68GB / 985.2MB,4.096kB / 5.968MB
2026-03-31 03:14:10,601,62.23,161.4MB,34068.5,0.49,25.68GB / 985.2MB,4.096kB / 5.968MB
2026-03-31 03:14:21,601,62.21,161.4MB,34068.5,0.49,25.68GB / 985.2MB,4.096kB / 5.968MB
2026-03-31 03:14:33,602,62.19,161.4MB,34068.5,0.49,25.68GB / 985.2MB,4.096kB / 5.968MB
2026-03-31 03:14:45,602,62.17,161.4MB,34068.5,0.49,25.68GB / 985.2MB,4.096kB / 5.968MB
2026-03-31 03:14:57,602,62.15,161.4MB,34068.5,0.49,25.68GB / 985.2MB,4.096kB / 5.968MB
2026-03-31 03:15:08,602,62.13,161.4MB,34068.5,0.49,25.68GB / 985.2MB,4.096kB / 5.968MB
2026-03-31 03:15:20,602,62.11,161.4MB,34068.5,0.49,25.68GB / 985.2MB,4.096kB / 5.968MB
2026-03-31 03:15:32,603,62.09,161.4MB,34068.5,0.49,25.68GB / 985.2MB,4.096kB / 5.968MB
2026-03-31 03:15:44,603,62.07,161.4MB,34068.5,0.49,25.68GB / 985.2MB,4.096kB / 5.968MB
2026-03-31 03:15:55,603,62.05,161.4MB,34068.5,0.49,25.68GB / 985.2MB,4.096kB / 5.968MB
2026-03-31 03:16:07,603,62.03,161.4MB,34068.5,0.49,25.68GB / 985.2MB,4.096kB / 5.968MB
2026-03-31 03:16:19,603,62.01,161.4MB,34068.5,0.49,25.68GB / 985.2MB,4.096kB / 5.968MB
2026-03-31 03:16:30,604,61.99,161.4MB,34068.5,0.49,25.68GB / 985.2MB,4.096kB / 5.968MB
2026-03-31 03:16:42,604,61.97,161.4MB,34068.5,0.49,25.68GB / 985.2MB,4.096kB / 5.968MB
2026-03-31 03:16:54,604,61.95,161.4MB,34068.5,0.49,25.68GB / 985.2MB,4.096kB / 5.968MB
2026-03-31 03:17:06,604,61.93,161.4MB,34068.5,0.49,25.68GB / 985.3MB,4.096kB / 5.968MB
2026-03-31 03:17:17,604,61.92,161.4MB,34068.5,0.49,25.68GB / 985.3MB,4.096kB / 5.968MB
2026-03-31 03:17:29,605,61.90,161.4MB,34068.5,0.49,25.68GB / 985.3MB,4.096kB / 5.968MB
2026-03-31 03:17:41,605,61.88,161.7MB,34068.5,0.49,25.68GB / 985.3MB,4.096kB / 5.968MB
2026-03-31 03:17:53,605,61.86,161.4MB,34068.5,0.49,25.68GB / 985.3MB,4.096kB / 5.968MB
2026-03-31 03:18:04,605,61.84,161.4MB,34068.5,0.49,25.68GB / 985.3MB,4.096kB / 5.968MB
2026-03-31 03:18:16,605,61.82,161.7MB,34068.5,0.49,25.68GB / 985.3MB,4.096kB / 5.968MB
2026-03-31 03:18:28,606,61.80,161.9MB,34068.5,0.49,25.68GB / 985.3MB,4.096kB / 5.968MB
2026-03-31 03:18:40,606,61.78,161.7MB,34068.5,0.49,25.68GB / 985.3MB,4.096kB / 5.968MB
2026-03-31 03:18:52,606,61.76,161.4MB,34068.5,0.49,25.68GB / 985.3MB,4.096kB / 5.968MB
2026-03-31 03:19:03,606,61.74,161.4MB,34068.5,0.49,25.68GB / 985.3MB,4.096kB / 5.968MB
2026-03-31 03:19:15,606,61.72,161.4MB,34068.5,0.49,25.68GB / 985.3MB,4.096kB / 5.968MB
2026-03-31 03:19:27,607,61.70,161.7MB,34068.5,0.49,25.68GB / 985.3MB,4.096kB / 5.968MB
2026-03-31 03:19:39,607,61.68,161.4MB,34068.5,0.49,25.68GB / 985.3MB,4.096kB / 5.968MB
2026-03-31 03:19:51,607,61.66,161.4MB,34068.5,0.49,25.68GB / 985.3MB,4.096kB / 5.968MB
2026-03-31 03:20:02,607,61.64,161.4MB,34068.5,0.49,25.68GB / 985.3MB,4.096kB / 5.968MB
2026-03-31 03:20:14,607,61.62,161.7MB,34068.5,0.49,25.68GB / 985.3MB,4.096kB / 5.968MB
2026-03-31 03:20:26,608,61.60,161.4MB,34068.5,0.49,25.68GB / 985.3MB,4.096kB / 5.968MB
2026-03-31 03:20:38,608,61.58,161.7MB,34068.5,0.49,25.68GB / 985.3MB,4.096kB / 5.968MB
2026-03-31 03:20:49,608,61.56,161.4MB,34068.5,0.49,25.68GB / 985.3MB,4.096kB / 5.968MB
2026-03-31 03:21:01,608,61.54,161.4MB,34068.5,0.49,25.68GB / 985.3MB,4.096kB / 5.968MB
2026-03-31 03:21:13,608,61.52,161.4MB,34068.5,0.49,25.68GB / 985.4MB,4.096kB / 5.968MB
2026-03-31 03:21:24,608,61.50,161.4MB,34068.5,0.49,25.68GB / 985.4MB,4.096kB / 5.968MB
2026-03-31 03:21:36,609,61.48,161.4MB,34068.5,0.49,25.68GB / 985.4MB,4.096kB / 5.968MB
2026-03-31 03:21:48,609,61.46,161.4MB,34068.5,0.49,25.68GB / 985.4MB,4.096kB / 5.968MB
2026-03-31 03:22:00,609,61.44,161.4MB,34068.5,0.49,25.68GB / 985.4MB,4.096kB / 5.968MB
2026-03-31 03:22:11,609,61.43,161.7MB,34068.5,0.49,25.68GB / 985.4MB,4.096kB / 5.968MB
2026-03-31 03:22:23,609,61.41,161.4MB,34068.5,0.49,25.68GB / 985.4MB,4.096kB / 5.968MB
2026-03-31 03:22:35,610,61.39,161.7MB,34068.5,0.49,25.68GB / 985.4MB,4.096kB / 5.968MB
2026-03-31 03:22:47,610,61.37,161.4MB,34068.5,0.49,25.68GB / 985.4MB,4.096kB / 5.968MB
2026-03-31 03:22:58,610,61.35,161.4MB,34068.5,0.49,25.68GB / 985.4MB,4.096kB / 5.968MB
2026-03-31 03:23:10,610,61.33,161.7MB,34068.5,0.49,25.68GB / 985.4MB,4.096kB / 5.968MB
2026-03-31 03:23:22,610,61.31,161.4MB,34068.5,0.49,25.68GB / 985.4MB,4.096kB / 5.968MB
2026-03-31 03:23:34,611,61.29,161.4MB,34068.5,0.49,25.68GB / 985.4MB,4.096kB / 5.968MB
2026-03-31 03:23:45,611,61.27,161.4MB,34068.5,0.49,25.68GB / 985.4MB,4.096kB / 5.968MB
2026-03-31 03:23:57,611,61.25,161.4MB,34068.5,0.49,25.68GB / 985.4MB,4.096kB / 5.968MB
2026-03-31 03:24:09,611,61.23,161.4MB,34068.5,0.49,25.68GB / 985.4MB,4.096kB / 5.968MB
2026-03-31 03:24:21,611,61.21,161.4MB,34068.5,0.49,25.68GB / 985.4MB,4.096kB / 5.968MB
2026-03-31 03:24:32,612,61.19,161.7MB,34068.5,0.49,25.68GB / 985.4MB,4.096kB / 5.968MB
2026-03-31 03:24:44,612,61.17,161.4MB,34068.5,0.49,25.68GB / 985.4MB,4.096kB / 5.968MB
2026-03-31 03:24:56,612,61.15,161.4MB,34068.5,0.49,25.68GB / 985.4MB,4.096kB / 5.968MB
2026-03-31 03:25:08,612,61.14,161.4MB,34068.5,0.49,25.68GB / 985.5MB,4.096kB / 5.968MB
2026-03-31 03:25:19,612,61.12,161.4MB,34068.5,0.49,25.68GB / 985.5MB,4.096kB / 5.968MB
2026-03-31 03:25:31,613,61.10,161.4MB,34068.5,0.49,25.68GB / 985.5MB,4.096kB / 5.968MB
2026-03-31 03:25:43,613,61.08,161.4MB,34068.5,0.49,25.68GB / 985.5MB,4.096kB / 5.968MB
2026-03-31 03:25:55,613,61.06,161.4MB,34068.5,0.49,25.68GB / 985.5MB,4.096kB / 5.968MB
2026-03-31 03:26:06,613,61.04,161.4MB,34068.5,0.49,25.68GB / 985.5MB,4.096kB / 5.968MB
2026-03-31 03:26:18,613,61.02,161.4MB,34068.5,0.49,25.68GB / 985.5MB,4.096kB / 5.968MB
2026-03-31 03:26:30,614,61.00,161.4MB,34068.5,0.49,25.68GB / 985.5MB,4.096kB / 5.968MB
2026-03-31 03:26:41,614,60.98,161.4MB,34068.5,0.49,25.68GB / 985.5MB,4.096kB / 5.968MB
2026-03-31 03:26:53,614,60.96,161.4MB,34068.5,0.49,25.68GB / 985.5MB,4.096kB / 5.968MB
2026-03-31 03:27:05,614,60.94,161.4MB,34068.5,0.49,25.68GB / 985.5MB,4.096kB / 5.968MB
2026-03-31 03:27:17,614,60.92,161.4MB,34068.5,0.49,25.68GB / 985.5MB,4.096kB / 5.968MB
2026-03-31 03:27:28,615,60.91,161.4MB,34068.5,0.49,25.68GB / 985.5MB,4.096kB / 5.968MB
2026-03-31 03:27:40,615,60.89,161.7MB,34068.5,0.49,25.68GB / 985.5MB,4.096kB / 5.968MB
2026-03-31 03:27:52,615,60.87,161.4MB,34068.5,0.49,25.68GB / 985.5MB,4.096kB / 5.968MB
2026-03-31 03:28:04,615,60.85,161.7MB,34068.5,0.49,25.68GB / 985.5MB,4.096kB / 5.968MB
2026-03-31 03:28:16,615,60.83,161.4MB,34068.5,0.49,25.68GB / 985.5MB,4.096kB / 5.968MB
2026-03-31 03:28:27,616,60.81,161.4MB,34068.5,0.49,25.68GB / 985.5MB,4.096kB / 5.968MB
2026-03-31 03:28:39,616,60.79,161.7MB,34068.5,0.49,25.68GB / 985.5MB,4.096kB / 5.968MB
2026-03-31 03:28:51,616,60.77,161.4MB,34068.5,0.49,25.68GB / 985.5MB,4.096kB / 5.968MB
2026-03-31 03:29:03,616,60.75,161.4MB,34068.5,0.49,25.68GB / 985.5MB,4.096kB / 5.968MB
2026-03-31 03:29:14,616,60.73,161.4MB,34068.5,0.49,25.68GB / 985.6MB,4.096kB / 5.968MB
2026-03-31 03:29:26,617,60.71,161.7MB,34068.5,0.49,25.68GB / 985.6MB,4.096kB / 5.968MB
2026-03-31 03:29:38,617,60.70,161.4MB,34068.5,0.49,25.68GB / 985.6MB,4.096kB / 5.968MB
2026-03-31 03:29:49,617,60.68,161.4MB,34068.5,0.49,25.68GB / 985.6MB,4.096kB / 5.968MB
2026-03-31 03:30:01,617,60.66,161.4MB,34068.5,0.49,25.68GB / 985.6MB,4.096kB / 5.968MB
2026-03-31 03:30:13,617,60.64,161.4MB,34068.5,0.49,25.68GB / 985.6MB,4.096kB / 5.968MB
2026-03-31 03:30:25,618,60.62,161.4MB,34068.5,0.49,25.68GB / 985.6MB,4.096kB / 5.968MB
2026-03-31 03:30:36,618,60.60,161.4MB,34068.5,0.49,25.68GB / 985.6MB,4.096kB / 5.968MB
2026-03-31 03:30:48,618,60.58,161.4MB,34068.5,0.49,25.68GB / 985.6MB,4.096kB / 5.968MB
2026-03-31 03:31:00,618,60.56,161.4MB,34068.5,0.49,25.68GB / 985.6MB,4.096kB / 5.968MB
2026-03-31 03:31:12,618,60.54,161.7MB,34068.5,0.49,25.68GB / 985.6MB,4.096kB / 5.968MB
2026-03-31 03:31:23,618,60.53,161.4MB,34068.5,0.49,25.68GB / 985.6MB,4.096kB / 5.968MB
2026-03-31 03:31:35,619,60.51,161.7MB,34068.5,0.49,25.68GB / 985.6MB,4.096kB / 5.968MB
2026-03-31 03:31:47,619,60.49,161.4MB,34068.5,0.49,25.68GB / 985.6MB,4.096kB / 5.968MB
2026-03-31 03:31:58,619,60.47,161.4MB,34068.5,0.49,25.68GB / 985.6MB,4.096kB / 5.968MB
2026-03-31 03:32:10,619,60.45,161.4MB,34068.5,0.49,25.68GB / 985.6MB,4.096kB / 5.968MB
2026-03-31 03:32:22,619,60.43,161.4MB,34068.5,0.49,25.68GB / 985.6MB,4.096kB / 5.968MB
2026-03-31 03:32:34,620,60.41,161.4MB,34068.5,0.49,25.68GB / 985.6MB,4.096kB / 5.968MB
2026-03-31 03:32:45,620,60.39,161.4MB,34068.5,0.49,25.68GB / 985.6MB,4.096kB / 5.968MB
2026-03-31 03:32:57,620,60.38,161.4MB,34068.5,0.49,25.68GB / 985.6MB,4.096kB / 5.968MB
2026-03-31 03:33:09,620,60.36,161.4MB,34068.5,0.49,25.68GB / 985.6MB,4.096kB / 5.968MB
2026-03-31 03:33:21,620,60.34,161.4MB,34068.5,0.49,25.68GB / 985.7MB,4.096kB / 5.968MB
2026-03-31 03:33:32,621,60.32,161.4MB,34068.5,0.49,25.68GB / 985.7MB,4.096kB / 5.968MB
2026-03-31 03:33:44,621,60.30,161.4MB,34068.5,0.49,25.68GB / 985.7MB,4.096kB / 5.968MB
2026-03-31 03:33:56,621,60.28,161.7MB,34068.5,0.49,25.68GB / 985.7MB,4.096kB / 5.968MB
2026-03-31 03:34:08,621,60.26,161.4MB,34068.5,0.49,25.68GB / 985.7MB,4.096kB / 5.968MB
2026-03-31 03:34:19,621,60.24,161.4MB,34068.5,0.49,25.68GB / 985.7MB,4.096kB / 5.968MB
2026-03-31 03:34:31,622,60.23,161.4MB,34068.5,0.49,25.68GB / 985.7MB,4.096kB / 5.968MB
2026-03-31 03:34:43,622,60.21,161.4MB,34068.5,0.49,25.68GB / 985.7MB,4.096kB / 5.968MB
2026-03-31 03:34:54,622,60.19,161.4MB,34068.5,0.49,25.68GB / 985.7MB,4.096kB / 5.968MB
2026-03-31 03:35:06,622,60.17,161.4MB,34068.5,0.49,25.68GB / 985.7MB,4.096kB / 5.968MB
2026-03-31 03:35:18,622,60.15,161.4MB,34068.5,0.49,25.68GB / 985.7MB,4.096kB / 5.968MB
2026-03-31 03:35:30,623,60.13,161.4MB,34068.5,0.49,25.68GB / 985.7MB,4.096kB / 5.968MB
2026-03-31 03:35:41,623,60.11,161.7MB,34068.5,0.49,25.68GB / 985.7MB,4.096kB / 5.968MB
2026-03-31 03:35:53,623,60.10,161.4MB,34068.5,0.49,25.68GB / 985.7MB,4.096kB / 5.968MB
2026-03-31 03:36:05,623,60.08,161.4MB,34068.5,0.49,25.68GB / 985.7MB,4.096kB / 5.968MB
2026-03-31 03:36:17,623,60.06,161.4MB,34068.5,0.49,25.68GB / 985.7MB,4.096kB / 5.968MB
2026-03-31 03:36:28,624,60.04,161.4MB,34068.5,0.49,25.68GB / 985.7MB,4.096kB / 5.968MB
2026-03-31 03:36:40,624,60.02,161.4MB,34068.5,0.49,25.68GB / 985.7MB,4.096kB / 5.968MB
2026-03-31 03:36:52,624,60.00,161.7MB,34068.5,0.49,25.68GB / 985.7MB,4.096kB / 5.968MB
2026-03-31 03:37:03,624,59.98,161.4MB,34068.5,0.49,25.68GB / 985.7MB,4.096kB / 5.968MB
2026-03-31 03:37:15,624,59.97,161.7MB,34068.5,0.49,25.68GB / 985.7MB,4.096kB / 5.968MB
2026-03-31 03:37:27,625,59.95,161.4MB,34068.5,0.49,25.68GB / 985.8MB,4.096kB / 5.968MB
2026-03-31 03:37:39,625,59.93,161.9MB,34068.5,0.49,25.68GB / 985.8MB,4.096kB / 5.968MB
2026-03-31 03:37:50,625,59.91,161.4MB,34068.5,0.49,25.68GB / 985.8MB,4.096kB / 5.968MB
2026-03-31 03:38:02,625,59.89,161.7MB,34068.5,0.49,25.68GB / 985.8MB,4.096kB / 5.968MB
2026-03-31 03:38:14,625,59.87,161.7MB,34068.5,0.49,25.68GB / 985.8MB,4.096kB / 5.968MB
2026-03-31 03:38:26,626,59.86,161.4MB,34068.5,0.49,25.68GB / 985.8MB,4.096kB / 5.968MB
2026-03-31 03:38:37,626,59.84,161.7MB,34068.5,0.49,25.68GB / 985.8MB,4.096kB / 5.968MB
2026-03-31 03:38:49,626,59.82,161.4MB,34068.5,0.49,25.68GB / 985.8MB,4.096kB / 5.968MB
2026-03-31 03:39:01,626,59.80,161.4MB,34068.5,0.49,25.68GB / 985.8MB,4.096kB / 5.968MB
2026-03-31 03:39:13,626,59.78,161.4MB,34068.5,0.49,25.68GB / 985.8MB,4.096kB / 5.968MB
2026-03-31 03:39:24,626,59.76,161.4MB,34068.5,0.49,25.68GB / 985.8MB,4.096kB / 5.968MB
2026-03-31 03:39:36,627,59.75,161.4MB,34068.5,0.49,25.68GB / 985.8MB,4.096kB / 5.968MB
2026-03-31 03:39:48,627,59.73,161.4MB,34068.5,0.49,25.68GB / 985.8MB,4.096kB / 5.968MB
2026-03-31 03:40:00,627,59.71,161.4MB,34068.5,0.49,25.68GB / 985.8MB,4.096kB / 5.968MB
2026-03-31 03:40:11,627,59.69,161.4MB,34068.5,0.49,25.68GB / 985.8MB,4.096kB / 5.968MB
2026-03-31 03:40:23,627,59.67,161.4MB,34068.5,0.49,25.68GB / 985.8MB,4.096kB / 5.968MB
2026-03-31 03:40:35,628,59.65,161.4MB,34068.5,0.49,25.68GB / 985.8MB,4.096kB / 5.968MB
2026-03-31 03:40:47,628,59.64,161.9MB,34068.5,0.49,25.68GB / 985.8MB,4.096kB / 5.968MB
2026-03-31 03:40:58,628,59.62,161.4MB,34068.5,0.49,25.68GB / 985.8MB,4.096kB / 5.968MB
2026-03-31 03:41:10,628,59.60,161.4MB,34068.5,0.49,25.68GB / 985.8MB,4.096kB / 5.968MB
2026-03-31 03:41:22,628,59.58,161.4MB,34068.5,0.49,25.68GB / 985.8MB,4.096kB / 5.968MB
2026-03-31 03:41:34,629,59.56,161.4MB,34068.5,0.49,25.68GB / 985.9MB,4.096kB / 5.968MB
2026-03-31 03:41:45,629,59.54,161.4MB,34068.5,0.49,25.68GB / 985.9MB,4.096kB / 5.968MB
2026-03-31 03:41:57,629,59.53,161.4MB,34068.5,0.49,25.68GB / 985.9MB,4.096kB / 5.968MB
2026-03-31 03:42:09,629,59.51,161.7MB,34068.5,0.49,25.68GB / 985.9MB,4.096kB / 5.968MB
2026-03-31 03:42:21,629,59.49,161.7MB,34068.5,0.49,25.68GB / 985.9MB,4.096kB / 5.968MB
2026-03-31 03:42:32,630,59.47,161.4MB,34068.5,0.49,25.68GB / 985.9MB,4.096kB / 5.968MB
2026-03-31 03:42:44,630,59.45,161.4MB,34068.5,0.49,25.68GB / 985.9MB,4.096kB / 5.968MB
2026-03-31 03:42:56,630,59.44,161.4MB,34068.5,0.49,25.68GB / 985.9MB,4.096kB / 5.968MB
2026-03-31 03:43:07,630,59.42,161.4MB,34068.5,0.49,25.68GB / 985.9MB,4.096kB / 5.968MB
2026-03-31 03:43:19,630,59.40,161.4MB,34068.5,0.49,25.68GB / 985.9MB,4.096kB / 5.968MB
2026-03-31 03:43:31,631,59.38,161.7MB,34068.5,0.49,25.68GB / 985.9MB,4.096kB / 5.968MB
2026-03-31 03:43:42,631,59.36,161.4MB,34068.5,0.49,25.68GB / 985.9MB,4.096kB / 5.968MB
2026-03-31 03:43:54,631,59.34,161.4MB,34068.5,0.49,25.68GB / 985.9MB,4.096kB / 5.968MB
2026-03-31 03:44:06,631,59.33,161.4MB,34068.5,0.49,25.68GB / 985.9MB,4.096kB / 5.968MB
2026-03-31 03:44:18,631,59.31,161.7MB,34068.5,0.49,25.68GB / 985.9MB,4.096kB / 5.968MB
2026-03-31 03:44:30,632,59.29,161.4MB,34068.5,0.49,25.68GB / 985.9MB,4.096kB / 5.968MB
2026-03-31 03:44:42,632,59.27,161.4MB,34068.5,0.49,25.68GB / 985.9MB,4.096kB / 5.968MB
2026-03-31 03:44:53,632,59.25,161.4MB,34068.5,0.49,25.68GB / 985.9MB,4.096kB / 5.968MB
2026-03-31 03:45:05,632,59.24,161.4MB,34068.5,0.49,25.68GB / 985.9MB,4.096kB / 5.968MB
2026-03-31 03:45:17,632,59.22,161.4MB,34068.5,0.49,25.68GB / 985.9MB,4.096kB / 5.968MB
2026-03-31 03:45:28,633,59.20,161.4MB,34068.5,0.49,25.68GB / 985.9MB,4.096kB / 5.968MB
2026-03-31 03:45:40,633,59.18,161.7MB,34068.5,0.49,25.68GB / 986MB,4.096kB / 5.968MB
2026-03-31 03:45:52,633,59.16,161.4MB,34068.5,0.49,25.68GB / 986MB,4.096kB / 5.968MB
2026-03-31 03:46:04,633,59.15,161.7MB,34068.5,0.49,25.68GB / 986MB,4.096kB / 5.968MB
2026-03-31 03:46:16,633,59.13,161.4MB,34068.5,0.49,25.68GB / 986MB,4.096kB / 5.968MB
2026-03-31 03:46:27,634,59.11,161.7MB,34068.5,0.49,25.68GB / 986MB,4.096kB / 5.968MB
2026-03-31 03:46:39,634,59.09,161.4MB,34068.5,0.49,25.68GB / 986MB,4.096kB / 5.968MB
2026-03-31 03:46:51,634,59.07,161.4MB,34068.5,0.49,25.68GB / 986MB,4.096kB / 5.968MB
2026-03-31 03:47:02,634,59.06,161.7MB,34068.5,0.49,25.68GB / 986MB,4.096kB / 5.968MB
2026-03-31 03:47:14,634,59.04,161.4MB,34068.5,0.49,25.68GB / 986MB,4.096kB / 5.968MB
2026-03-31 03:47:26,635,59.02,161.4MB,34068.5,0.49,25.68GB / 986MB,4.096kB / 5.968MB
2026-03-31 03:47:37,635,59.00,161.7MB,34068.5,0.49,25.68GB / 986MB,4.096kB / 5.968MB
2026-03-31 03:47:49,635,58.98,161.4MB,34068.5,0.49,25.68GB / 986MB,4.096kB / 5.968MB
2026-03-31 03:48:01,635,58.97,161.4MB,34068.5,0.49,25.68GB / 986MB,4.096kB / 5.968MB
2026-03-31 03:48:13,635,58.95,161.4MB,34068.5,0.49,25.68GB / 986MB,4.096kB / 5.968MB
2026-03-31 03:48:24,635,58.93,161.4MB,34068.5,0.49,25.68GB / 986MB,4.096kB / 5.968MB
2026-03-31 03:48:36,636,58.91,161.7MB,34068.5,0.49,25.68GB / 986MB,4.096kB / 5.968MB
2026-03-31 03:48:48,636,58.90,161.4MB,34068.5,0.49,25.68GB / 986MB,4.096kB / 5.968MB
2026-03-31 03:49:00,636,58.88,161.4MB,34068.5,0.49,25.68GB / 986MB,4.096kB / 5.968MB
2026-03-31 03:49:11,636,58.86,161.4MB,34068.5,0.49,25.68GB / 986MB,4.096kB / 5.968MB
2026-03-31 03:49:23,636,58.84,161.4MB,34068.5,0.49,25.68GB / 986MB,4.096kB / 5.968MB
2026-03-31 03:49:35,637,58.82,161.4MB,34068.5,0.49,25.68GB / 986MB,4.096kB / 5.968MB
2026-03-31 03:49:47,637,58.81,161.4MB,34068.5,0.49,25.68GB / 986.1MB,4.096kB / 5.968MB
2026-03-31 03:49:58,637,58.79,161.4MB,34068.5,0.49,25.68GB / 986.1MB,4.096kB / 5.968MB
2026-03-31 03:50:10,637,58.77,161.4MB,34068.5,0.49,25.68GB / 986.1MB,4.096kB / 5.968MB
2026-03-31 03:50:22,637,58.75,161.4MB,34068.5,0.49,25.68GB / 986.1MB,4.096kB / 5.968MB
2026-03-31 03:50:34,638,58.74,161.4MB,34068.5,0.49,25.68GB / 986.1MB,4.096kB / 5.968MB
2026-03-31 03:50:46,638,58.72,161.4MB,34068.5,0.49,25.68GB / 986.1MB,4.096kB / 5.968MB
2026-03-31 03:50:57,638,58.70,161.4MB,34068.5,0.49,25.68GB / 986.1MB,4.096kB / 5.968MB
2026-03-31 03:51:09,638,58.68,161.4MB,34068.5,0.49,25.68GB / 986.1MB,4.096kB / 5.968MB
2026-03-31 03:51:21,638,58.66,161.4MB,34068.5,0.49,25.68GB / 986.1MB,4.096kB / 5.968MB
2026-03-31 03:51:32,639,58.65,161.7MB,34068.5,0.49,25.68GB / 986.1MB,4.096kB / 5.968MB
2026-03-31 03:51:44,639,58.63,161.4MB,34068.5,0.49,25.68GB / 986.1MB,4.096kB / 5.968MB
2026-03-31 03:51:56,639,58.61,161.4MB,34068.5,0.49,25.68GB / 986.1MB,4.096kB / 5.968MB
2026-03-31 03:52:07,639,58.59,159.5MB,34068.5,0.48,25.68GB / 986.1MB,4.096kB / 5.988MB
2026-03-31 03:52:19,639,58.58,159.4MB,34068.5,0.48,25.68GB / 986.1MB,4.096kB / 5.988MB
2026-03-31 03:52:31,640,58.56,159.4MB,34068.5,0.48,25.68GB / 986.1MB,4.096kB / 5.988MB
2026-03-31 03:52:43,640,58.54,159.7MB,34068.5,0.48,25.68GB / 986.1MB,4.096kB / 5.988MB
2026-03-31 03:52:55,640,58.52,157.4MB,34068.5,0.47,25.68GB / 986.1MB,4.096kB / 5.992MB
2026-03-31 03:53:06,640,58.51,155.2MB,34068.5,0.47,25.68GB / 986.1MB,4.096kB / 6.509MB
2026-03-31 03:53:18,640,58.49,154.9MB,34068.5,0.47,25.68GB / 986.1MB,4.096kB / 6.509MB
2026-03-31 03:53:30,641,58.47,153.1MB,34068.5,0.46,25.68GB / 986.1MB,4.096kB / 6.615MB
2026-03-31 03:53:41,641,58.45,152.8MB,34068.5,0.46,25.68GB / 986.2MB,4.096kB / 6.615MB
2026-03-31 03:53:53,641,58.44,150.8MB,34068.5,0.45,25.68GB / 986.2MB,4.096kB / 7.053MB
2026-03-31 03:54:05,641,58.42,150.5MB,34068.5,0.45,25.68GB / 986.2MB,4.096kB / 7.053MB
2026-03-31 03:54:17,641,58.40,150.5MB,34068.5,0.45,25.68GB / 986.2MB,4.096kB / 7.053MB
2026-03-31 03:54:28,642,58.38,148.8MB,34068.5,0.45,25.68GB / 986.2MB,4.096kB / 7.074MB
2026-03-31 03:54:40,642,58.37,148.8MB,34068.5,0.45,25.68GB / 986.2MB,4.096kB / 7.074MB
2026-03-31 03:54:52,642,58.35,148.8MB,34068.5,0.45,25.68GB / 986.2MB,4.096kB / 7.074MB
2026-03-31 03:55:04,642,58.33,148.8MB,34068.5,0.45,25.68GB / 986.2MB,4.096kB / 7.074MB
2026-03-31 03:55:15,642,58.31,148.8MB,34068.5,0.45,25.68GB / 986.2MB,4.096kB / 7.074MB
2026-03-31 03:55:27,643,58.30,148.8MB,34068.5,0.45,25.68GB / 986.2MB,4.096kB / 7.074MB
2026-03-31 03:55:39,643,58.28,148.8MB,34068.5,0.45,25.68GB / 986.2MB,4.096kB / 7.074MB
2026-03-31 03:55:51,643,58.26,149.1MB,34068.5,0.45,25.68GB / 986.2MB,4.096kB / 7.074MB
2026-03-31 03:56:02,643,58.24,148.8MB,34068.5,0.45,25.68GB / 986.2MB,4.096kB / 7.074MB
2026-03-31 03:56:14,643,58.23,148.8MB,34068.5,0.45,25.68GB / 986.2MB,4.096kB / 7.074MB
2026-03-31 03:56:26,644,58.21,148.8MB,34068.5,0.45,25.68GB / 986.2MB,4.096kB / 7.074MB
2026-03-31 03:56:38,644,58.19,149.1MB,34068.5,0.45,25.68GB / 986.2MB,4.096kB / 7.074MB
2026-03-31 03:56:49,644,58.17,148.8MB,34068.5,0.45,25.68GB / 986.2MB,4.096kB / 7.074MB
2026-03-31 03:57:01,644,58.16,148.8MB,34068.5,0.45,25.68GB / 986.2MB,4.096kB / 7.074MB
2026-03-31 03:57:13,644,58.14,148.8MB,34068.5,0.45,25.68GB / 986.2MB,4.096kB / 7.074MB
2026-03-31 03:57:25,645,58.12,149.1MB,34068.5,0.45,25.68GB / 986.2MB,4.096kB / 7.074MB
2026-03-31 03:57:36,645,58.10,148.8MB,34068.5,0.45,25.68GB / 986.2MB,4.096kB / 7.074MB
2026-03-31 03:57:48,645,58.09,149.1MB,34068.5,0.45,25.68GB / 986.3MB,4.096kB / 7.074MB
2026-03-31 03:58:00,645,58.07,148.8MB,34068.5,0.45,25.68GB / 986.3MB,4.096kB / 7.074MB
2026-03-31 03:58:12,645,58.05,148.8MB,34068.5,0.45,25.68GB / 986.3MB,4.096kB / 7.074MB
2026-03-31 03:58:23,645,58.03,148.8MB,34068.5,0.45,25.68GB / 986.3MB,4.096kB / 7.074MB
2026-03-31 03:58:35,646,58.02,148.8MB,34068.5,0.45,25.68GB / 986.3MB,4.096kB / 7.074MB
2026-03-31 03:58:47,646,58.00,148.8MB,34068.5,0.45,25.68GB / 986.3MB,4.096kB / 7.074MB
2026-03-31 03:58:59,646,57.98,148.8MB,34068.5,0.45,25.68GB / 986.3MB,4.096kB / 7.074MB
2026-03-31 03:59:11,646,57.97,148.8MB,34068.5,0.45,25.68GB / 986.3MB,4.096kB / 7.074MB
2026-03-31 03:59:22,646,57.95,148.8MB,34068.5,0.45,25.68GB / 986.3MB,4.096kB / 7.074MB
2026-03-31 03:59:34,647,57.93,149.1MB,34068.5,0.45,25.68GB / 986.3MB,4.096kB / 7.074MB
2026-03-31 03:59:46,647,57.91,148.8MB,34068.5,0.45,25.68GB / 986.3MB,4.096kB / 7.074MB
2026-03-31 03:59:58,647,57.90,148.8MB,34068.5,0.45,25.68GB / 986.3MB,4.096kB / 7.074MB
2026-03-31 04:00:09,647,57.88,148.8MB,34068.5,0.45,25.68GB / 986.3MB,4.096kB / 7.074MB
2026-03-31 04:00:21,647,57.86,148.8MB,34068.5,0.45,25.68GB / 986.3MB,4.096kB / 7.074MB
2026-03-31 04:00:33,648,57.84,149.1MB,34068.5,0.45,25.68GB / 986.3MB,4.096kB / 7.074MB
2026-03-31 04:00:44,648,57.83,148.8MB,34068.5,0.45,25.68GB / 986.3MB,4.096kB / 7.074MB
2026-03-31 04:00:56,648,57.81,148.8MB,34068.5,0.45,25.68GB / 986.3MB,4.096kB / 7.074MB
2026-03-31 04:01:08,648,57.79,148.8MB,34068.5,0.45,25.68GB / 986.3MB,4.096kB / 7.074MB
2026-03-31 04:01:20,648,57.78,148.8MB,34068.5,0.45,25.68GB / 986.3MB,4.096kB / 7.074MB
2026-03-31 04:01:31,649,57.76,148.8MB,34068.5,0.45,25.68GB / 986.3MB,4.096kB / 7.074MB
2026-03-31 04:01:43,649,57.74,148.8MB,34068.5,0.45,25.68GB / 986.3MB,4.096kB / 7.074MB
2026-03-31 04:01:55,649,57.73,149.1MB,34068.5,0.45,25.68GB / 986.4MB,4.096kB / 7.074MB
2026-03-31 04:02:07,649,57.71,148.8MB,34068.5,0.45,25.68GB / 986.4MB,4.096kB / 7.074MB
2026-03-31 04:02:18,649,57.69,149.1MB,34068.5,0.45,25.68GB / 986.4MB,4.096kB / 7.074MB
2026-03-31 04:02:30,650,57.67,148.8MB,34068.5,0.45,25.68GB / 986.4MB,4.096kB / 7.074MB
2026-03-31 04:02:42,650,57.66,148.8MB,34068.5,0.45,25.68GB / 986.4MB,4.096kB / 7.074MB
2026-03-31 04:02:53,650,57.64,148.8MB,34068.5,0.45,25.68GB / 986.4MB,4.096kB / 7.074MB
2026-03-31 04:03:05,650,57.62,148.8MB,34068.5,0.45,25.68GB / 986.4MB,4.096kB / 7.074MB
2026-03-31 04:03:17,650,57.61,148.8MB,34068.5,0.45,25.68GB / 986.4MB,4.096kB / 7.074MB
2026-03-31 04:03:29,651,57.59,148.8MB,34068.5,0.45,25.68GB / 986.4MB,4.096kB / 7.074MB
2026-03-31 04:03:41,651,57.57,148.8MB,34068.5,0.45,25.68GB / 986.4MB,4.096kB / 7.074MB
2026-03-31 04:03:52,651,57.55,148.8MB,34068.5,0.45,25.68GB / 986.4MB,4.096kB / 7.074MB
2026-03-31 04:04:04,651,57.54,149.1MB,34068.5,0.45,25.68GB / 986.4MB,4.096kB / 7.074MB
2026-03-31 04:04:16,651,57.52,148.8MB,34068.5,0.45,25.68GB / 986.4MB,4.096kB / 7.074MB
2026-03-31 04:04:28,652,57.50,149.1MB,34068.5,0.45,25.68GB / 986.4MB,4.096kB / 7.074MB
2026-03-31 04:04:39,652,57.49,149.4MB,34068.5,0.45,25.68GB / 986.4MB,4.096kB / 7.074MB
2026-03-31 04:04:51,652,57.47,148.8MB,34068.5,0.45,25.68GB / 986.4MB,4.096kB / 7.074MB
2026-03-31 04:05:03,652,57.45,148.8MB,34068.5,0.45,25.68GB / 986.4MB,4.096kB / 7.074MB
2026-03-31 04:05:14,652,57.44,149.1MB,34068.5,0.45,25.68GB / 986.4MB,4.096kB / 7.074MB
2026-03-31 04:05:26,653,57.42,148.8MB,34068.5,0.45,25.68GB / 986.4MB,4.096kB / 7.074MB
2026-03-31 04:05:38,653,57.40,148.8MB,34068.5,0.45,25.68GB / 986.4MB,4.096kB / 7.074MB
2026-03-31 04:05:50,653,57.38,148.8MB,34068.5,0.45,25.68GB / 986.4MB,4.096kB / 7.074MB
2026-03-31 04:06:01,653,57.37,148.8MB,34068.5,0.45,25.68GB / 986.5MB,4.096kB / 7.074MB
2026-03-31 04:06:13,653,57.35,148.8MB,34068.5,0.45,25.68GB / 986.5MB,4.096kB / 7.074MB
2026-03-31 04:06:25,654,57.33,148.8MB,34068.5,0.45,25.68GB / 986.5MB,4.096kB / 7.074MB
2026-03-31 04:06:36,654,57.32,149.1MB,34068.5,0.45,25.68GB / 986.5MB,4.096kB / 7.074MB
2026-03-31 04:06:48,654,57.30,148.8MB,34068.5,0.45,25.68GB / 986.5MB,4.096kB / 7.074MB
2026-03-31 04:07:00,654,57.28,148.8MB,34068.5,0.45,25.68GB / 986.5MB,4.096kB / 7.074MB
2026-03-31 04:07:11,654,57.27,148.8MB,34068.5,0.45,25.68GB / 986.5MB,4.096kB / 7.074MB
2026-03-31 04:07:23,654,57.25,149.1MB,34068.5,0.45,25.68GB / 986.5MB,4.096kB / 7.074MB
2026-03-31 04:07:35,655,57.23,148.8MB,34068.5,0.45,25.68GB / 986.5MB,4.096kB / 7.074MB
2026-03-31 04:07:47,655,57.22,149.1MB,34068.5,0.45,25.68GB / 986.5MB,4.096kB / 7.074MB
2026-03-31 04:07:58,655,57.20,148.8MB,34068.5,0.45,25.68GB / 986.5MB,4.096kB / 7.074MB
2026-03-31 04:08:10,655,57.18,148.8MB,34068.5,0.45,25.68GB / 986.5MB,4.096kB / 7.074MB
2026-03-31 04:08:22,655,57.17,149.1MB,34068.5,0.45,25.68GB / 986.5MB,4.096kB / 7.074MB
2026-03-31 04:08:33,656,57.15,148.8MB,34068.5,0.45,25.68GB / 986.5MB,4.096kB / 7.074MB
2026-03-31 04:08:45,656,57.13,149.1MB,34068.5,0.45,25.68GB / 986.5MB,4.096kB / 7.074MB
2026-03-31 04:08:57,656,57.12,148.8MB,34068.5,0.45,25.68GB / 986.5MB,4.096kB / 7.074MB
2026-03-31 04:09:09,656,57.10,147.2MB,34068.5,0.44,25.68GB / 986.5MB,4.096kB / 7.074MB
2026-03-31 04:09:20,656,57.08,147.2MB,34068.5,0.44,25.68GB / 986.5MB,4.096kB / 7.074MB
2026-03-31 04:09:32,657,57.07,145.5MB,34068.5,0.44,25.68GB / 986.5MB,4.096kB / 7.078MB
2026-03-31 04:09:44,657,57.05,145.5MB,34068.5,0.44,25.68GB / 986.5MB,4.096kB / 7.078MB
2026-03-31 04:09:56,657,57.03,145.5MB,34068.5,0.44,25.68GB / 986.5MB,4.096kB / 7.078MB
2026-03-31 04:10:07,657,57.02,145.5MB,34068.5,0.44,25.68GB / 986.6MB,4.096kB / 7.078MB
2026-03-31 04:10:19,657,57.00,145.5MB,34068.5,0.44,25.68GB / 986.6MB,4.096kB / 7.078MB
2026-03-31 04:10:31,658,56.98,144MB,34068.5,0.43,25.68GB / 986.6MB,4.096kB / 7.078MB
2026-03-31 04:10:42,658,56.97,144.2MB,34068.5,0.43,25.68GB / 986.6MB,4.096kB / 7.078MB
2026-03-31 04:10:54,658,56.95,144MB,34068.5,0.43,25.68GB / 986.6MB,4.096kB / 7.078MB
2026-03-31 04:11:06,658,56.93,144MB,34068.5,0.43,25.68GB / 986.6MB,4.096kB / 7.078MB
2026-03-31 04:11:18,658,56.92,142.3MB,34068.5,0.43,25.68GB / 986.6MB,4.096kB / 7.086MB
2026-03-31 04:11:29,659,56.90,142.3MB,34068.5,0.43,25.68GB / 986.6MB,4.096kB / 7.086MB
2026-03-31 04:11:41,659,56.88,142.3MB,34068.5,0.43,25.68GB / 986.6MB,4.096kB / 7.086MB
2026-03-31 04:11:53,659,56.87,142.6MB,34068.5,0.43,25.68GB / 986.6MB,4.096kB / 7.086MB
2026-03-31 04:12:04,659,56.85,142.3MB,34068.5,0.43,25.68GB / 986.6MB,4.096kB / 7.086MB
2026-03-31 04:12:16,659,56.83,131.7MB,34068.5,0.40,25.68GB / 986.6MB,4.096kB / 7.09MB
2026-03-31 04:12:28,660,56.82,131.9MB,34068.5,0.40,25.68GB / 986.6MB,4.096kB / 7.09MB
2026-03-31 04:12:39,660,56.80,131.7MB,34068.5,0.40,25.68GB / 986.6MB,4.096kB / 7.09MB
2026-03-31 04:12:51,660,56.78,131.7MB,34068.5,0.40,25.68GB / 986.6MB,4.096kB / 7.09MB
2026-03-31 04:13:03,660,56.77,131.9MB,34068.5,0.40,25.68GB / 986.6MB,4.096kB / 7.09MB
2026-03-31 04:13:14,660,56.75,131.7MB,34068.5,0.40,25.68GB / 986.6MB,4.096kB / 7.09MB
2026-03-31 04:13:26,661,56.73,131.7MB,34068.5,0.40,25.68GB / 986.6MB,4.096kB / 7.09MB
2026-03-31 04:13:38,661,56.72,131.7MB,34068.5,0.40,25.68GB / 986.6MB,4.096kB / 7.09MB
2026-03-31 04:13:49,661,56.70,131.7MB,34068.5,0.40,25.68GB / 986.6MB,4.096kB / 7.09MB
2026-03-31 04:14:01,661,56.69,131.9MB,34068.5,0.40,25.68GB / 986.6MB,4.096kB / 7.09MB
2026-03-31 04:14:13,661,56.67,132.2MB,34068.5,0.40,25.68GB / 986.7MB,4.096kB / 7.09MB
2026-03-31 04:14:25,662,56.65,131.7MB,34068.5,0.40,25.68GB / 986.7MB,4.096kB / 7.09MB
2026-03-31 04:14:37,662,56.64,131.9MB,34068.5,0.40,25.68GB / 986.7MB,4.096kB / 7.09MB
2026-03-31 04:14:48,662,56.62,131.7MB,34068.5,0.40,25.68GB / 986.7MB,4.096kB / 7.09MB
2026-03-31 04:15:00,662,56.60,131.7MB,34068.5,0.40,25.68GB / 986.7MB,4.096kB / 7.09MB
2026-03-31 04:15:12,662,56.59,131.7MB,34068.5,0.40,25.68GB / 986.7MB,4.096kB / 7.09MB
2026-03-31 04:15:23,662,56.57,131.7MB,34068.5,0.40,25.68GB / 986.7MB,4.096kB / 7.09MB
2026-03-31 04:15:35,663,56.55,131.7MB,34068.5,0.40,25.68GB / 986.7MB,4.096kB / 7.09MB
2026-03-31 04:15:47,663,56.54,131.7MB,34068.5,0.40,25.68GB / 986.7MB,4.096kB / 7.09MB
2026-03-31 04:15:59,663,56.52,131.7MB,34068.5,0.40,25.68GB / 986.7MB,4.096kB / 7.09MB
2026-03-31 04:16:10,663,56.50,131.7MB,34068.5,0.40,25.68GB / 986.7MB,4.096kB / 7.09MB
2026-03-31 04:16:22,663,56.49,131.7MB,34068.5,0.40,25.68GB / 986.7MB,4.096kB / 7.09MB
2026-03-31 04:16:34,664,56.47,131.7MB,34068.5,0.40,25.68GB / 986.7MB,4.096kB / 7.09MB
2026-03-31 04:16:46,664,56.46,131.7MB,34068.5,0.40,25.68GB / 986.7MB,4.096kB / 7.09MB
2026-03-31 04:16:57,664,56.44,131.9MB,34068.5,0.40,25.68GB / 986.7MB,4.096kB / 7.09MB
2026-03-31 04:17:09,664,56.42,131.7MB,34068.5,0.40,25.68GB / 986.7MB,4.096kB / 7.09MB
2026-03-31 04:17:21,664,56.41,131.7MB,34068.5,0.40,25.68GB / 986.7MB,4.096kB / 7.09MB
2026-03-31 04:17:32,665,56.39,131.7MB,34068.5,0.40,25.68GB / 986.7MB,4.096kB / 7.09MB
2026-03-31 04:17:44,665,56.37,131.7MB,34068.5,0.40,25.68GB / 986.7MB,4.096kB / 7.09MB
2026-03-31 04:17:56,665,56.36,131.7MB,34068.5,0.40,25.68GB / 986.7MB,4.096kB / 7.09MB
2026-03-31 04:18:07,665,56.34,131.7MB,34068.5,0.40,25.68GB / 986.7MB,4.096kB / 7.09MB
2026-03-31 04:18:19,665,56.33,131.7MB,34068.5,0.40,25.68GB / 986.8MB,4.096kB / 7.09MB
2026-03-31 04:18:31,666,56.31,131.7MB,34068.5,0.40,25.68GB / 986.8MB,4.096kB / 7.09MB
2026-03-31 04:18:43,666,56.29,131.7MB,34068.5,0.40,25.68GB / 986.8MB,4.096kB / 7.09MB
2026-03-31 04:18:54,666,56.28,131.7MB,34068.5,0.40,25.68GB / 986.8MB,4.096kB / 7.09MB
2026-03-31 04:19:06,666,56.26,131.9MB,34068.5,0.40,25.68GB / 986.8MB,4.096kB / 7.09MB
2026-03-31 04:19:18,666,56.24,131.9MB,34068.5,0.40,25.68GB / 986.8MB,4.096kB / 7.09MB
2026-03-31 04:19:29,667,56.23,131.9MB,34068.5,0.40,25.68GB / 986.8MB,4.096kB / 7.09MB
2026-03-31 04:19:41,667,56.21,131.9MB,34068.5,0.40,25.68GB / 986.8MB,4.096kB / 7.09MB
2026-03-31 04:19:53,667,56.20,131.9MB,34068.5,0.40,25.68GB / 986.8MB,4.096kB / 7.09MB
2026-03-31 04:20:05,667,56.18,131.7MB,34068.5,0.40,25.68GB / 986.8MB,4.096kB / 7.09MB
2026-03-31 04:20:16,667,56.16,131.7MB,34068.5,0.40,25.68GB / 986.8MB,4.096kB / 7.09MB
2026-03-31 04:20:28,668,56.15,131.7MB,34068.5,0.40,25.68GB / 986.8MB,4.096kB / 7.09MB
2026-03-31 04:20:40,668,56.13,131.7MB,34068.5,0.40,25.68GB / 986.8MB,4.096kB / 7.09MB
2026-03-31 04:20:52,668,56.12,131.7MB,34068.5,0.40,25.68GB / 986.8MB,4.096kB / 7.09MB
2026-03-31 04:21:03,668,56.10,131.9MB,34068.5,0.40,25.68GB / 986.8MB,4.096kB / 7.09MB
2026-03-31 04:21:15,668,56.08,131.7MB,34068.5,0.40,25.68GB / 986.8MB,4.096kB / 7.09MB
2026-03-31 04:21:27,669,56.07,131.7MB,34068.5,0.40,25.68GB / 986.8MB,4.096kB / 7.09MB
2026-03-31 04:21:39,669,56.05,131.7MB,34068.5,0.40,25.68GB / 986.8MB,4.096kB / 7.09MB
2026-03-31 04:21:50,669,56.03,131.7MB,34068.5,0.40,25.68GB / 986.8MB,4.096kB / 7.09MB
2026-03-31 04:22:02,669,56.02,131.7MB,34068.5,0.40,25.68GB / 986.8MB,4.096kB / 7.09MB
2026-03-31 04:22:14,669,56.00,131.7MB,34068.5,0.40,25.68GB / 986.8MB,4.096kB / 7.09MB
2026-03-31 04:22:25,670,55.99,131.9MB,34068.5,0.40,25.68GB / 986.9MB,4.096kB / 7.09MB
2026-03-31 04:22:37,670,55.97,131.7MB,34068.5,0.40,25.68GB / 986.9MB,4.096kB / 7.09MB
2026-03-31 04:22:49,670,55.95,131.7MB,34068.5,0.40,25.68GB / 986.9MB,4.096kB / 7.09MB
2026-03-31 04:23:01,670,55.94,131.9MB,34068.5,0.40,25.68GB / 986.9MB,4.096kB / 7.09MB
2026-03-31 04:23:12,670,55.92,131.7MB,34068.5,0.40,25.68GB / 986.9MB,4.096kB / 7.09MB
2026-03-31 04:23:24,670,55.91,131.9MB,34068.5,0.40,25.68GB / 986.9MB,4.096kB / 7.09MB
2026-03-31 04:23:36,671,55.89,131.7MB,34068.5,0.40,25.68GB / 986.9MB,4.096kB / 7.09MB
2026-03-31 04:23:47,671,55.87,131.7MB,34068.5,0.40,25.68GB / 986.9MB,4.096kB / 7.09MB
2026-03-31 04:23:59,671,55.86,131.7MB,34068.5,0.40,25.68GB / 986.9MB,4.096kB / 7.09MB
2026-03-31 04:24:11,671,55.84,131.7MB,34068.5,0.40,25.68GB / 986.9MB,4.096kB / 7.09MB
2026-03-31 04:24:23,671,55.83,131.7MB,34068.5,0.40,25.68GB / 986.9MB,4.096kB / 7.09MB
2026-03-31 04:24:34,672,55.81,131.9MB,34068.5,0.40,25.68GB / 986.9MB,4.096kB / 7.09MB
2026-03-31 04:24:46,672,55.79,131.7MB,34068.5,0.40,25.68GB / 986.9MB,4.096kB / 7.09MB
2026-03-31 04:24:58,672,55.78,131.7MB,34068.5,0.40,25.68GB / 986.9MB,4.096kB / 7.09MB
2026-03-31 04:25:10,672,55.76,131.9MB,34068.5,0.40,25.68GB / 986.9MB,4.096kB / 7.09MB
2026-03-31 04:25:22,672,55.75,131.7MB,34068.5,0.40,25.68GB / 986.9MB,4.096kB / 7.09MB
2026-03-31 04:25:33,673,55.73,131.7MB,34068.5,0.40,25.68GB / 986.9MB,4.096kB / 7.09MB
2026-03-31 04:25:45,673,55.71,131.7MB,34068.5,0.40,25.68GB / 986.9MB,4.096kB / 7.09MB
2026-03-31 04:25:57,673,55.70,131.9MB,34068.5,0.40,25.68GB / 986.9MB,4.096kB / 7.09MB
2026-03-31 04:26:09,673,55.68,131.7MB,34068.5,0.40,25.68GB / 986.9MB,4.096kB / 7.09MB
2026-03-31 04:26:20,673,55.67,131.7MB,34068.5,0.40,25.68GB / 987MB,4.096kB / 7.09MB
2026-03-31 04:26:32,674,55.65,131.7MB,34068.5,0.40,25.68GB / 987MB,4.096kB / 7.09MB
2026-03-31 04:26:44,674,55.63,131.7MB,34068.5,0.40,25.68GB / 987MB,4.096kB / 7.09MB
2026-03-31 04:26:56,674,55.62,131.7MB,34068.5,0.40,25.68GB / 987MB,4.096kB / 7.09MB
2026-03-31 04:27:07,674,55.60,131.7MB,34068.5,0.40,25.68GB / 987MB,4.096kB / 7.09MB
2026-03-31 04:27:19,674,55.59,131.7MB,34068.5,0.40,25.68GB / 987MB,4.096kB / 7.09MB
2026-03-31 04:27:31,675,55.57,131.9MB,34068.5,0.40,25.68GB / 987MB,4.096kB / 7.09MB
2026-03-31 04:27:43,675,55.56,131.7MB,34068.5,0.40,25.68GB / 987MB,4.096kB / 7.09MB
2026-03-31 04:27:54,675,55.54,131.7MB,34068.5,0.40,25.68GB / 987MB,4.096kB / 7.09MB
2026-03-31 04:28:06,675,55.52,131.7MB,34068.5,0.40,25.68GB / 987MB,4.096kB / 7.09MB
2026-03-31 04:28:18,675,55.51,131.7MB,34068.5,0.40,25.68GB / 987MB,4.096kB / 7.09MB
2026-03-31 04:28:30,676,55.49,131.7MB,34068.5,0.40,25.68GB / 987MB,4.096kB / 7.09MB
2026-03-31 04:28:41,676,55.48,131.9MB,34068.5,0.40,25.68GB / 987MB,4.096kB / 7.09MB
2026-03-31 04:28:53,676,55.46,131.7MB,34068.5,0.40,25.68GB / 987MB,4.096kB / 7.09MB
2026-03-31 04:29:05,676,55.44,131.7MB,34068.5,0.40,25.68GB / 987MB,4.096kB / 7.09MB
2026-03-31 04:29:17,676,55.43,131.7MB,34068.5,0.40,25.68GB / 987MB,4.096kB / 7.09MB
2026-03-31 04:29:28,677,55.41,131.7MB,34068.5,0.40,25.68GB / 987MB,4.096kB / 7.09MB
2026-03-31 04:29:40,677,55.40,131.9MB,34068.5,0.40,25.68GB / 987MB,4.096kB / 7.09MB
2026-03-31 04:29:52,677,55.38,131.7MB,34068.5,0.40,25.68GB / 987MB,4.096kB / 7.09MB
2026-03-31 04:30:03,677,55.37,131.7MB,34068.5,0.40,25.68GB / 987MB,4.096kB / 7.09MB
2026-03-31 04:30:15,677,55.35,131.7MB,34068.5,0.40,25.68GB / 987MB,4.096kB / 7.09MB
2026-03-31 04:30:27,678,55.33,131.7MB,34068.5,0.40,25.68GB / 987.1MB,4.096kB / 7.09MB
2026-03-31 04:30:38,678,55.32,131.7MB,34068.5,0.40,25.68GB / 987.1MB,4.096kB / 7.09MB
2026-03-31 04:30:50,678,55.30,131.7MB,34068.5,0.40,25.68GB / 987.1MB,4.096kB / 7.09MB
2026-03-31 04:31:02,678,55.29,131.9MB,34068.5,0.40,25.68GB / 987.1MB,4.096kB / 7.09MB
2026-03-31 04:31:14,678,55.27,131.7MB,34068.5,0.40,25.68GB / 987.1MB,4.096kB / 7.09MB
2026-03-31 04:31:25,679,55.26,131.7MB,34068.5,0.40,25.68GB / 987.1MB,4.096kB / 7.09MB
2026-03-31 04:31:37,679,55.24,131.9MB,34068.5,0.40,25.68GB / 987.1MB,4.096kB / 7.09MB
2026-03-31 04:31:49,679,55.23,131.7MB,34068.5,0.40,25.68GB / 987.1MB,4.096kB / 7.09MB
2026-03-31 04:32:01,679,55.21,131.7MB,34068.5,0.40,25.68GB / 987.1MB,4.096kB / 7.09MB
2026-03-31 04:32:12,679,55.19,131.7MB,34068.5,0.40,25.68GB / 987.1MB,4.096kB / 7.09MB
2026-03-31 04:32:24,679,55.18,131.7MB,34068.5,0.40,25.68GB / 987.1MB,4.096kB / 7.09MB
2026-03-31 04:32:36,680,55.16,131.7MB,34068.5,0.40,25.68GB / 987.1MB,4.096kB / 7.09MB
2026-03-31 04:32:48,680,55.15,131.7MB,34068.5,0.40,25.68GB / 987.1MB,4.096kB / 7.09MB
2026-03-31 04:32:59,680,55.13,131.7MB,34068.5,0.40,25.68GB / 987.1MB,4.096kB / 7.09MB
2026-03-31 04:33:11,680,55.12,131.7MB,34068.5,0.40,25.68GB / 987.1MB,4.096kB / 7.09MB
2026-03-31 04:33:23,680,55.10,131.7MB,34068.5,0.40,25.68GB / 987.1MB,4.096kB / 7.09MB
2026-03-31 04:33:34,681,55.08,131.7MB,34068.5,0.40,25.68GB / 987.1MB,4.096kB / 7.09MB
2026-03-31 04:33:46,681,55.07,131.7MB,34068.5,0.40,25.68GB / 987.1MB,4.096kB / 7.09MB
2026-03-31 04:33:58,681,55.05,131.7MB,34068.5,0.40,25.68GB / 987.1MB,4.096kB / 7.09MB
2026-03-31 04:34:10,681,55.04,131.7MB,34068.5,0.40,25.68GB / 987.1MB,4.096kB / 7.09MB
2026-03-31 04:34:21,681,55.02,131.9MB,34068.5,0.40,25.68GB / 987.1MB,4.096kB / 7.09MB
2026-03-31 04:34:33,682,55.01,131.7MB,34068.5,0.40,25.68GB / 987.2MB,4.096kB / 7.09MB
2026-03-31 04:34:45,682,54.99,131.7MB,34068.5,0.40,25.68GB / 987.2MB,4.096kB / 7.09MB
2026-03-31 04:34:56,682,54.98,131.7MB,34068.5,0.40,25.68GB / 987.2MB,4.096kB / 7.09MB
2026-03-31 04:35:08,682,54.96,131.7MB,34068.5,0.40,25.68GB / 987.2MB,4.096kB / 7.09MB
2026-03-31 04:35:20,682,54.95,131.7MB,34068.5,0.40,25.68GB / 987.2MB,4.096kB / 7.09MB
2026-03-31 04:35:32,683,54.93,131.7MB,34068.5,0.40,25.68GB / 987.2MB,4.096kB / 7.09MB
2026-03-31 04:35:43,683,54.91,131.7MB,34068.5,0.40,25.68GB / 987.2MB,4.096kB / 7.09MB
2026-03-31 04:35:55,683,54.90,131.7MB,34068.5,0.40,25.68GB / 987.2MB,4.096kB / 7.09MB
2026-03-31 04:36:07,683,54.88,131.7MB,34068.5,0.40,25.68GB / 987.2MB,4.096kB / 7.09MB
2026-03-31 04:36:19,683,54.87,131.9MB,34068.5,0.40,25.68GB / 987.2MB,4.096kB / 7.09MB
2026-03-31 04:36:30,684,54.85,131.7MB,34068.5,0.40,25.68GB / 987.2MB,4.096kB / 7.09MB
2026-03-31 04:36:42,684,54.84,131.7MB,34068.5,0.40,25.68GB / 987.2MB,4.096kB / 7.09MB
2026-03-31 04:36:54,684,54.82,131.7MB,34068.5,0.40,25.68GB / 987.2MB,4.096kB / 7.09MB
2026-03-31 04:37:05,684,54.81,131.7MB,34068.5,0.40,25.68GB / 987.2MB,4.096kB / 7.09MB
2026-03-31 04:37:17,684,54.79,131.7MB,34068.5,0.40,25.68GB / 987.2MB,4.096kB / 7.09MB
2026-03-31 04:37:29,685,54.78,131.7MB,34068.5,0.40,25.68GB / 987.2MB,4.096kB / 7.09MB
2026-03-31 04:37:41,685,54.76,131.7MB,34068.5,0.40,25.68GB / 987.2MB,4.096kB / 7.09MB
2026-03-31 04:37:52,685,54.75,131.7MB,34068.5,0.40,25.68GB / 987.2MB,4.096kB / 7.09MB
2026-03-31 04:38:04,685,54.73,131.7MB,34068.5,0.40,25.68GB / 987.2MB,4.096kB / 7.09MB
2026-03-31 04:38:16,685,54.71,131.9MB,34068.5,0.40,25.68GB / 987.2MB,4.096kB / 7.09MB
2026-03-31 04:38:28,686,54.70,131.7MB,34068.5,0.40,25.68GB / 987.2MB,4.096kB / 7.09MB
2026-03-31 04:38:39,686,54.68,131.9MB,34068.5,0.40,25.68GB / 987.3MB,4.096kB / 7.09MB
2026-03-31 04:38:51,686,54.67,131.7MB,34068.5,0.40,25.68GB / 987.3MB,4.096kB / 7.09MB
2026-03-31 04:39:03,686,54.65,131.7MB,34068.5,0.40,25.68GB / 987.3MB,4.096kB / 7.09MB
2026-03-31 04:39:15,686,54.64,131.7MB,34068.5,0.40,25.68GB / 987.3MB,4.096kB / 7.09MB
2026-03-31 04:39:27,687,54.62,131.7MB,34068.5,0.40,25.68GB / 987.3MB,4.096kB / 7.09MB
2026-03-31 04:39:38,687,54.61,131.7MB,34068.5,0.40,25.68GB / 987.3MB,4.096kB / 7.09MB
2026-03-31 04:39:50,687,54.59,131.7MB,34068.5,0.40,25.68GB / 987.3MB,4.096kB / 7.09MB
2026-03-31 04:40:02,687,54.58,131.7MB,34068.5,0.40,25.68GB / 987.3MB,4.096kB / 7.09MB
2026-03-31 04:40:14,687,54.56,131.9MB,34068.5,0.40,25.68GB / 987.3MB,4.096kB / 7.09MB
2026-03-31 04:40:25,688,54.55,131.7MB,34068.5,0.40,25.68GB / 987.3MB,4.096kB / 7.09MB
2026-03-31 04:40:37,688,54.53,131.7MB,34068.5,0.40,25.68GB / 987.3MB,4.096kB / 7.09MB
2026-03-31 04:40:49,688,54.52,131.7MB,34068.5,0.40,25.68GB / 987.3MB,4.096kB / 7.09MB
2026-03-31 04:41:01,688,54.50,131.7MB,34068.5,0.40,25.68GB / 987.3MB,4.096kB / 7.09MB
2026-03-31 04:41:12,688,54.48,131.7MB,34068.5,0.40,25.68GB / 987.3MB,4.096kB / 7.09MB
2026-03-31 04:41:24,688,54.47,131.7MB,34068.5,0.40,25.68GB / 987.3MB,4.096kB / 7.09MB
2026-03-31 04:41:36,689,54.45,131.7MB,34068.5,0.40,25.68GB / 987.3MB,4.096kB / 7.09MB
2026-03-31 04:41:48,689,54.44,131.7MB,34068.5,0.40,25.68GB / 987.3MB,4.096kB / 7.09MB
2026-03-31 04:41:59,689,54.42,131.7MB,34068.5,0.40,25.68GB / 987.3MB,4.096kB / 7.09MB
2026-03-31 04:42:11,689,54.41,131.7MB,34068.5,0.40,25.68GB / 987.3MB,4.096kB / 7.09MB
2026-03-31 04:42:23,689,54.39,131.7MB,34068.5,0.40,25.68GB / 987.3MB,4.096kB / 7.09MB
2026-03-31 04:42:35,690,54.38,131.7MB,34068.5,0.40,25.68GB / 987.3MB,4.096kB / 7.09MB
2026-03-31 04:42:46,690,54.36,131.7MB,34068.5,0.40,25.68GB / 987.4MB,4.096kB / 7.09MB
2026-03-31 04:42:58,690,54.35,131.7MB,34068.5,0.40,25.68GB / 987.4MB,4.096kB / 7.09MB
2026-03-31 04:43:10,690,54.33,131.7MB,34068.5,0.40,25.68GB / 987.4MB,4.096kB / 7.09MB
2026-03-31 04:43:21,690,54.32,131.7MB,34068.5,0.40,25.68GB / 987.4MB,4.096kB / 7.09MB
2026-03-31 04:43:33,691,54.30,131.7MB,34068.5,0.40,25.68GB / 987.4MB,4.096kB / 7.09MB
2026-03-31 04:43:45,691,54.29,131.7MB,34068.5,0.40,25.68GB / 987.4MB,4.096kB / 7.09MB
2026-03-31 04:43:57,691,54.27,131.7MB,34068.5,0.40,25.68GB / 987.4MB,4.096kB / 7.09MB
2026-03-31 04:44:08,691,54.26,131.7MB,34068.5,0.40,25.68GB / 987.4MB,4.096kB / 7.09MB
2026-03-31 04:44:20,691,54.24,131.7MB,34068.5,0.40,25.68GB / 987.4MB,4.096kB / 7.09MB
2026-03-31 04:44:32,692,54.23,131.7MB,34068.5,0.40,25.68GB / 987.4MB,4.096kB / 7.09MB
2026-03-31 04:44:44,692,54.21,132.2MB,34068.5,0.40,25.68GB / 987.4MB,4.096kB / 7.09MB
2026-03-31 04:44:55,692,54.20,131.7MB,34068.5,0.40,25.68GB / 987.4MB,4.096kB / 7.09MB
2026-03-31 04:45:07,692,54.18,131.9MB,34068.5,0.40,25.68GB / 987.4MB,4.096kB / 7.09MB
2026-03-31 04:45:19,692,54.17,131.7MB,34068.5,0.40,25.68GB / 987.4MB,4.096kB / 7.09MB
2026-03-31 04:45:31,693,54.15,131.7MB,34068.5,0.40,25.68GB / 987.4MB,4.096kB / 7.09MB
2026-03-31 04:45:42,693,54.14,131.7MB,34068.5,0.40,25.68GB / 987.4MB,4.096kB / 7.09MB
2026-03-31 04:45:54,693,54.12,131.7MB,34068.5,0.40,25.68GB / 987.4MB,4.096kB / 7.09MB
2026-03-31 04:46:06,693,54.11,131.9MB,34068.5,0.40,25.68GB / 987.4MB,4.096kB / 7.09MB
2026-03-31 04:46:17,693,54.09,131.7MB,34068.5,0.40,25.68GB / 987.4MB,4.096kB / 7.09MB
2026-03-31 04:46:29,694,54.08,131.9MB,34068.5,0.40,25.68GB / 987.4MB,4.096kB / 7.09MB
2026-03-31 04:46:41,694,54.06,131.7MB,34068.5,0.40,25.68GB / 987.4MB,4.096kB / 7.09MB
2026-03-31 04:46:53,694,54.05,131.7MB,34068.5,0.40,25.68GB / 987.5MB,4.096kB / 7.09MB
2026-03-31 04:47:05,694,54.03,131.9MB,34068.5,0.40,25.68GB / 987.5MB,4.096kB / 7.09MB
2026-03-31 04:47:17,694,54.02,131.7MB,34068.5,0.40,25.68GB / 987.5MB,4.096kB / 7.09MB
2026-03-31 04:47:28,695,54.00,131.7MB,34068.5,0.40,25.68GB / 987.5MB,4.096kB / 7.09MB
2026-03-31 04:47:40,695,53.99,131.9MB,34068.5,0.40,25.68GB / 987.5MB,4.096kB / 7.09MB
2026-03-31 04:47:52,695,53.97,131.7MB,34068.5,0.40,25.68GB / 987.5MB,4.096kB / 7.09MB
2026-03-31 04:48:03,695,53.96,131.7MB,34068.5,0.40,25.68GB / 987.5MB,4.096kB / 7.09MB
2026-03-31 04:48:15,695,53.94,131.7MB,34068.5,0.40,25.68GB / 987.5MB,4.096kB / 7.09MB
2026-03-31 04:48:27,696,53.93,131.7MB,34068.5,0.40,25.68GB / 987.5MB,4.096kB / 7.09MB
2026-03-31 04:48:39,696,53.91,131.7MB,34068.5,0.40,25.68GB / 987.5MB,4.096kB / 7.09MB
2026-03-31 04:48:50,696,53.90,131.7MB,34068.5,0.40,25.68GB / 987.5MB,4.096kB / 7.09MB
2026-03-31 04:49:02,696,53.88,131.7MB,34068.5,0.40,25.68GB / 987.5MB,4.096kB / 7.09MB
2026-03-31 04:49:14,696,53.87,131.7MB,34068.5,0.40,25.68GB / 987.5MB,4.096kB / 7.09MB
2026-03-31 04:49:26,697,53.85,131.7MB,34068.5,0.40,25.68GB / 987.5MB,4.096kB / 7.09MB
2026-03-31 04:49:37,697,53.84,131.7MB,34068.5,0.40,25.68GB / 987.5MB,4.096kB / 7.09MB
2026-03-31 04:49:49,697,53.82,131.7MB,34068.5,0.40,25.68GB / 987.5MB,4.096kB / 7.09MB
2026-03-31 04:50:01,697,53.81,131.9MB,34068.5,0.40,25.68GB / 987.5MB,4.096kB / 7.09MB
2026-03-31 04:50:13,697,53.79,131.7MB,34068.5,0.40,25.68GB / 987.5MB,4.096kB / 7.09MB
2026-03-31 04:50:24,697,53.78,131.7MB,34068.5,0.40,25.68GB / 987.5MB,4.096kB / 7.09MB
2026-03-31 04:50:36,698,53.76,131.7MB,34068.5,0.40,25.68GB / 987.5MB,4.096kB / 7.09MB
2026-03-31 04:50:48,698,53.75,131.7MB,34068.5,0.40,25.68GB / 987.5MB,4.096kB / 7.09MB
2026-03-31 04:50:59,698,53.73,131.7MB,34068.5,0.40,25.68GB / 987.6MB,4.096kB / 7.09MB
2026-03-31 04:51:11,698,53.72,131.7MB,34068.5,0.40,25.68GB / 987.6MB,4.096kB / 7.09MB
2026-03-31 04:51:23,698,53.70,131.7MB,34068.5,0.40,25.68GB / 987.6MB,4.096kB / 7.09MB
2026-03-31 04:51:34,699,53.69,131.9MB,34068.5,0.40,25.68GB / 987.6MB,4.096kB / 7.09MB
2026-03-31 04:51:46,699,53.68,131.7MB,34068.5,0.40,25.68GB / 987.6MB,4.096kB / 7.09MB
2026-03-31 04:51:58,699,53.66,131.7MB,34068.5,0.40,25.68GB / 987.6MB,4.096kB / 7.09MB
2026-03-31 04:52:10,699,53.65,131.7MB,34068.5,0.40,25.68GB / 987.6MB,4.096kB / 7.09MB
2026-03-31 04:52:22,699,53.63,131.7MB,34068.5,0.40,25.68GB / 987.6MB,4.096kB / 7.09MB
2026-03-31 04:52:33,700,53.62,131.7MB,34068.5,0.40,25.68GB / 987.6MB,4.096kB / 7.09MB
2026-03-31 04:52:45,700,53.60,131.7MB,34068.5,0.40,25.68GB / 987.6MB,4.096kB / 7.09MB
2026-03-31 04:52:57,700,53.59,131.9MB,34068.5,0.40,25.68GB / 987.6MB,4.096kB / 7.09MB
2026-03-31 04:53:08,700,53.57,131.7MB,34068.5,0.40,25.68GB / 987.6MB,4.096kB / 7.09MB
2026-03-31 04:53:20,700,53.56,131.7MB,34068.5,0.40,25.68GB / 987.6MB,4.096kB / 7.09MB
2026-03-31 04:53:32,701,53.54,131.7MB,34068.5,0.40,25.68GB / 987.6MB,4.096kB / 7.09MB
2026-03-31 04:53:43,701,53.53,131.7MB,34068.5,0.40,25.68GB / 987.6MB,4.096kB / 7.09MB
2026-03-31 04:53:55,701,53.51,131.7MB,34068.5,0.40,25.68GB / 987.6MB,4.096kB / 7.09MB
2026-03-31 04:54:07,701,53.50,131.9MB,34068.5,0.40,25.68GB / 987.6MB,4.096kB / 7.09MB
2026-03-31 04:54:19,701,53.48,131.9MB,34068.5,0.40,25.68GB / 987.6MB,4.096kB / 7.09MB
2026-03-31 04:54:30,702,53.47,131.7MB,34068.5,0.40,25.68GB / 987.6MB,4.096kB / 7.09MB
2026-03-31 04:54:42,702,53.46,131.7MB,34068.5,0.40,25.68GB / 987.6MB,4.096kB / 7.09MB
2026-03-31 04:54:54,702,53.44,131.7MB,34068.5,0.40,25.68GB / 987.6MB,4.096kB / 7.09MB
2026-03-31 04:55:06,702,53.43,131.7MB,34068.5,0.40,25.68GB / 987.7MB,4.096kB / 7.09MB
2026-03-31 04:55:17,702,53.41,131.7MB,34068.5,0.40,25.68GB / 987.7MB,4.096kB / 7.09MB
2026-03-31 04:55:29,703,53.40,131.7MB,34068.5,0.40,25.68GB / 987.7MB,4.096kB / 7.09MB
2026-03-31 04:55:41,703,53.38,131.7MB,34068.5,0.40,25.68GB / 987.7MB,4.096kB / 7.09MB
2026-03-31 04:55:53,703,53.37,131.9MB,34068.5,0.40,25.68GB / 987.7MB,4.096kB / 7.09MB
2026-03-31 04:56:04,703,53.35,131.7MB,34068.5,0.40,25.68GB / 987.7MB,4.096kB / 7.09MB
2026-03-31 04:56:16,703,53.34,131.9MB,34068.5,0.40,25.68GB / 987.7MB,4.096kB / 7.09MB
2026-03-31 04:56:28,704,53.32,131.7MB,34068.5,0.40,25.68GB / 987.7MB,4.096kB / 7.09MB
2026-03-31 04:56:40,704,53.31,131.7MB,34068.5,0.40,25.68GB / 987.7MB,4.096kB / 7.09MB
2026-03-31 04:56:51,704,53.29,131.7MB,34068.5,0.40,25.68GB / 987.7MB,4.096kB / 7.09MB
2026-03-31 04:57:03,704,53.28,131.7MB,34068.5,0.40,25.68GB / 987.7MB,4.096kB / 7.09MB
2026-03-31 04:57:15,704,53.27,131.7MB,34068.5,0.40,25.68GB / 987.7MB,4.096kB / 7.09MB
2026-03-31 04:57:27,705,53.25,131.7MB,34068.5,0.40,25.68GB / 987.7MB,4.096kB / 7.09MB
2026-03-31 04:57:38,705,53.24,131.9MB,34068.5,0.40,25.68GB / 987.7MB,4.096kB / 7.09MB
2026-03-31 04:57:50,705,53.22,131.7MB,34068.5,0.40,25.68GB / 987.7MB,4.096kB / 7.09MB
2026-03-31 04:58:02,705,53.21,131.7MB,34068.5,0.40,25.68GB / 987.7MB,4.096kB / 7.09MB
2026-03-31 04:58:13,705,53.19,131.9MB,34068.5,0.40,25.68GB / 987.7MB,4.096kB / 7.09MB
2026-03-31 04:58:25,706,53.18,131.9MB,34068.5,0.40,25.68GB / 987.7MB,4.096kB / 7.09MB
2026-03-31 04:58:37,706,53.16,131.7MB,34068.5,0.40,25.68GB / 987.7MB,4.096kB / 7.09MB
2026-03-31 04:58:48,706,53.15,131.7MB,34068.5,0.40,25.68GB / 987.7MB,4.096kB / 7.09MB
2026-03-31 04:59:00,706,53.14,131.7MB,34068.5,0.40,25.68GB / 987.8MB,4.096kB / 7.09MB
2026-03-31 04:59:12,706,53.12,131.7MB,34068.5,0.40,25.68GB / 987.8MB,4.096kB / 7.09MB
2026-03-31 04:59:24,706,53.11,131.7MB,34068.5,0.40,25.68GB / 987.8MB,4.096kB / 7.09MB
2026-03-31 04:59:35,707,53.09,131.7MB,34068.5,0.40,25.68GB / 987.8MB,4.096kB / 7.09MB
2026-03-31 04:59:47,707,53.08,131.7MB,34068.5,0.40,25.68GB / 987.8MB,4.096kB / 7.09MB
2026-03-31 04:59:59,707,53.06,131.9MB,34068.5,0.40,25.68GB / 987.8MB,4.096kB / 7.09MB
2026-03-31 05:00:11,707,53.05,131.9MB,34068.5,0.40,25.68GB / 987.8MB,4.096kB / 7.09MB
2026-03-31 05:00:23,707,53.03,131.7MB,34068.5,0.40,25.68GB / 987.8MB,4.096kB / 7.09MB
2026-03-31 05:00:34,708,53.02,131.7MB,34068.5,0.40,25.68GB / 987.8MB,4.096kB / 7.09MB
2026-03-31 05:00:46,708,53.01,131.9MB,34068.5,0.40,25.68GB / 987.8MB,4.096kB / 7.09MB
2026-03-31 05:00:58,708,52.99,131.9MB,34068.5,0.40,25.68GB / 987.8MB,4.096kB / 7.09MB
2026-03-31 05:01:09,708,52.98,131.7MB,34068.5,0.40,25.68GB / 987.8MB,4.096kB / 7.09MB
2026-03-31 05:01:21,708,52.96,131.7MB,34068.5,0.40,25.68GB / 987.8MB,4.096kB / 7.09MB
2026-03-31 05:01:33,709,52.95,131.7MB,34068.5,0.40,25.68GB / 987.8MB,4.096kB / 7.09MB
2026-03-31 05:01:45,709,52.93,131.7MB,34068.5,0.40,25.68GB / 987.8MB,4.096kB / 7.09MB
2026-03-31 05:01:56,709,52.92,131.9MB,34068.5,0.40,25.68GB / 987.8MB,4.096kB / 7.09MB
2026-03-31 05:02:08,709,52.90,131.9MB,34068.5,0.40,25.68GB / 987.8MB,4.096kB / 7.09MB
2026-03-31 05:02:20,709,52.89,131.7MB,34068.5,0.40,25.68GB / 987.8MB,4.096kB / 7.09MB
2026-03-31 05:02:31,710,52.88,131.9MB,34068.5,0.40,25.68GB / 987.8MB,4.096kB / 7.09MB
2026-03-31 05:02:43,710,52.86,131.7MB,34068.5,0.40,25.68GB / 987.8MB,4.096kB / 7.09MB
2026-03-31 05:02:55,710,52.85,131.7MB,34068.5,0.40,25.68GB / 987.8MB,4.096kB / 7.09MB
2026-03-31 05:03:07,710,52.83,131.7MB,34068.5,0.40,25.68GB / 987.9MB,4.096kB / 7.09MB
2026-03-31 05:03:18,710,52.82,131.7MB,34068.5,0.40,25.68GB / 987.9MB,4.096kB / 7.09MB
2026-03-31 05:03:30,711,52.80,131.7MB,34068.5,0.40,25.68GB / 987.9MB,4.096kB / 7.09MB
2026-03-31 05:03:42,711,52.79,131.7MB,34068.5,0.40,25.68GB / 987.9MB,4.096kB / 7.09MB
2026-03-31 05:03:54,711,52.78,131.7MB,34068.5,0.40,25.68GB / 987.9MB,4.096kB / 7.09MB
2026-03-31 05:04:05,711,52.76,131.7MB,34068.5,0.40,25.68GB / 987.9MB,4.096kB / 7.09MB
2026-03-31 05:04:17,711,52.75,131.7MB,34068.5,0.40,25.68GB / 987.9MB,4.096kB / 7.09MB
2026-03-31 05:04:29,712,52.73,131.7MB,34068.5,0.40,25.68GB / 987.9MB,4.096kB / 7.09MB
2026-03-31 05:04:40,712,52.72,131.7MB,34068.5,0.40,25.68GB / 987.9MB,4.096kB / 7.09MB
2026-03-31 05:04:52,712,52.71,131.9MB,34068.5,0.40,25.68GB / 987.9MB,4.096kB / 7.09MB
2026-03-31 05:05:04,712,52.69,131.7MB,34068.5,0.40,25.68GB / 987.9MB,4.096kB / 7.09MB
2026-03-31 05:05:16,712,52.68,131.7MB,34068.5,0.40,25.68GB / 987.9MB,4.096kB / 7.09MB
2026-03-31 05:05:27,713,52.66,131.7MB,34068.5,0.40,25.68GB / 987.9MB,4.096kB / 7.09MB
2026-03-31 05:05:39,713,52.65,131.7MB,34068.5,0.40,25.68GB / 987.9MB,4.096kB / 7.09MB
2026-03-31 05:05:51,713,52.63,131.9MB,34068.5,0.40,25.68GB / 987.9MB,4.096kB / 7.09MB
2026-03-31 05:06:03,713,52.62,131.7MB,34068.5,0.40,25.68GB / 987.9MB,4.096kB / 7.09MB
2026-03-31 05:06:14,713,52.61,131.7MB,34068.5,0.40,25.68GB / 987.9MB,4.096kB / 7.09MB
2026-03-31 05:06:26,714,52.59,131.7MB,34068.5,0.40,25.68GB / 987.9MB,4.096kB / 7.09MB
2026-03-31 05:06:38,714,52.58,131.7MB,34068.5,0.40,25.68GB / 987.9MB,4.096kB / 7.09MB
2026-03-31 05:06:49,714,52.56,131.7MB,34068.5,0.40,25.68GB / 987.9MB,4.096kB / 7.09MB
2026-03-31 05:07:01,714,52.55,131.7MB,34068.5,0.40,25.68GB / 987.9MB,4.096kB / 7.09MB
2026-03-31 05:07:13,714,52.54,131.7MB,34068.5,0.40,25.68GB / 988MB,4.096kB / 7.09MB
2026-03-31 05:07:25,715,52.52,131.7MB,34068.5,0.40,25.68GB / 988MB,4.096kB / 7.09MB
2026-03-31 05:07:36,715,52.51,131.7MB,34068.5,0.40,25.68GB / 988MB,4.096kB / 7.09MB
2026-03-31 05:07:48,715,52.49,131.7MB,34068.5,0.40,25.68GB / 988MB,4.096kB / 7.09MB
2026-03-31 05:08:00,715,52.48,131.7MB,34068.5,0.40,25.68GB / 988MB,4.096kB / 7.09MB
2026-03-31 05:08:11,715,52.46,131.7MB,34068.5,0.40,25.68GB / 988MB,4.096kB / 7.09MB
2026-03-31 05:08:23,715,52.45,131.7MB,34068.5,0.40,25.68GB / 988MB,4.096kB / 7.09MB
2026-03-31 05:08:35,716,52.44,131.7MB,34068.5,0.40,25.68GB / 988MB,4.096kB / 7.09MB
2026-03-31 05:08:46,716,52.42,131.7MB,34068.5,0.40,25.68GB / 988MB,4.096kB / 7.09MB
2026-03-31 05:08:58,716,52.41,131.7MB,34068.5,0.40,25.68GB / 988MB,4.096kB / 7.09MB
2026-03-31 05:09:10,716,52.39,131.7MB,34068.5,0.40,25.68GB / 988MB,4.096kB / 7.09MB
2026-03-31 05:09:22,716,52.38,131.9MB,34068.5,0.40,25.68GB / 988MB,4.096kB / 7.09MB
2026-03-31 05:09:33,717,52.37,131.7MB,34068.5,0.40,25.68GB / 988MB,4.096kB / 7.09MB
2026-03-31 05:09:45,717,52.35,131.9MB,34068.5,0.40,25.68GB / 988MB,4.096kB / 7.09MB
2026-03-31 05:09:57,717,52.34,131.7MB,34068.5,0.40,25.68GB / 988MB,4.096kB / 7.09MB
2026-03-31 05:10:09,717,52.32,131.7MB,34068.5,0.40,25.68GB / 988MB,4.096kB / 7.09MB
2026-03-31 05:10:21,717,52.31,131.7MB,34068.5,0.40,25.68GB / 988MB,4.096kB / 7.09MB
2026-03-31 05:10:32,718,52.30,131.7MB,34068.5,0.40,25.68GB / 988MB,4.096kB / 7.09MB
2026-03-31 05:10:44,718,52.28,131.7MB,34068.5,0.40,25.68GB / 988MB,4.096kB / 7.09MB
2026-03-31 05:10:56,718,52.27,131.9MB,34068.5,0.40,25.68GB / 988MB,4.096kB / 7.09MB
2026-03-31 05:11:08,718,52.25,131.7MB,34068.5,0.40,25.68GB / 988MB,4.096kB / 7.09MB
2026-03-31 05:11:19,718,52.24,131.7MB,34068.5,0.40,25.68GB / 988.1MB,4.096kB / 7.09MB
2026-03-31 05:11:31,719,52.23,131.7MB,34068.5,0.40,25.68GB / 988.1MB,4.096kB / 7.09MB
2026-03-31 05:11:43,719,52.21,131.7MB,34068.5,0.40,25.68GB / 988.1MB,4.096kB / 7.09MB
2026-03-31 05:11:55,719,52.20,131.7MB,34068.5,0.40,25.68GB / 988.1MB,4.096kB / 7.09MB
2026-03-31 05:12:07,719,52.18,131.7MB,34068.5,0.40,25.68GB / 988.1MB,4.096kB / 7.09MB
2026-03-31 05:12:18,719,52.17,131.7MB,34068.5,0.40,25.68GB / 988.1MB,4.096kB / 7.09MB
2026-03-31 05:12:30,720,52.16,131.7MB,34068.5,0.40,25.68GB / 988.1MB,4.096kB / 7.09MB
