timestamp,elapsed_min,cpu_perc,mem_usage_mb,mem_limit_mb,mem_perc,net_io,block_io
2026-03-30 17:12:25,0,1.40,111.4MB,34068.5,0.33,44.6kB / 33.59kB,0B / 0B
2026-03-30 17:12:37,0,1.78,111.6MB,34068.5,0.34,127.4kB / 155.3kB,0B / 0B
2026-03-30 17:12:49,0,2.82,112.6MB,34068.5,0.34,331.1kB / 459.9kB,0B / 0B
2026-03-30 17:13:01,0,3.49,112.5MB,34068.5,0.34,532.6kB / 763.7kB,0B / 0B
2026-03-30 17:13:12,0,4.01,112.8MB,34068.5,0.34,735.4kB / 1.068MB,0B / 0B
2026-03-30 17:13:24,0,4.52,112.9MB,34068.5,0.34,936kB / 1.369MB,0B / 0B
2026-03-30 17:13:36,1,4.94,112.4MB,34068.5,0.34,1.137MB / 1.67MB,0B / 0B
2026-03-30 17:13:48,1,5.33,113MB,34068.5,0.34,1.337MB / 1.971MB,0B / 0B
2026-03-30 17:13:59,1,5.61,113.3MB,34068.5,0.34,1.542MB / 2.278MB,0B / 0B
2026-03-30 17:14:11,1,5.87,113.6MB,34068.5,0.34,1.744MB / 2.583MB,0B / 0B
2026-03-30 17:14:24,1,6.15,112.3MB,34068.5,0.34,1.949MB / 2.89MB,0B / 0B
2026-03-30 17:14:36,2,6.35,112.8MB,34068.5,0.34,2.153MB / 3.197MB,0B / 0B
2026-03-30 17:14:48,2,6.56,113.1MB,34068.5,0.34,2.36MB / 3.507MB,0B / 0B
2026-03-30 17:15:00,2,6.71,112.6MB,34068.5,0.34,2.563MB / 3.812MB,0B / 0B
2026-03-30 17:15:12,2,6.85,114.1MB,34068.5,0.34,2.767MB / 4.119MB,0B / 0B
2026-03-30 17:15:24,2,6.97,112.6MB,34068.5,0.34,2.968MB / 4.42MB,0B / 0B
2026-03-30 17:15:37,3,7.09,113.6MB,34068.5,0.34,3.172MB / 4.727MB,0B / 0B
2026-03-30 17:15:49,3,7.21,113.1MB,34068.5,0.34,3.375MB / 5.031MB,0B / 0B
2026-03-30 17:16:01,3,7.32,112.9MB,34068.5,0.34,3.579MB / 5.338MB,0B / 0B
2026-03-30 17:16:13,3,7.40,113.8MB,34068.5,0.34,3.784MB / 5.646MB,0B / 0B
2026-03-30 17:16:25,4,7.50,113.1MB,34068.5,0.34,3.986MB / 5.95MB,0B / 0B
2026-03-30 17:16:38,4,7.58,113.4MB,34068.5,0.34,4.188MB / 6.252MB,0B / 0B
2026-03-30 17:16:50,4,7.64,113.1MB,34068.5,0.34,4.388MB / 6.553MB,0B / 0B
2026-03-30 17:17:02,4,7.70,114.2MB,34068.5,0.34,4.591MB / 6.857MB,0B / 0B
2026-03-30 17:17:14,4,7.78,113.5MB,34068.5,0.34,4.793MB / 7.161MB,0B / 0B
2026-03-30 17:17:26,5,7.84,113MB,34068.5,0.34,4.995MB / 7.466MB,0B / 0B
2026-03-30 17:17:38,5,7.89,113.8MB,34068.5,0.34,5.2MB / 7.773MB,0B / 0B
2026-03-30 17:17:51,5,7.93,113.1MB,34068.5,0.34,5.398MB / 8.071MB,0B / 0B
2026-03-30 17:18:03,5,8.02,113.6MB,34068.5,0.34,5.601MB / 8.375MB,0B / 0B
2026-03-30 17:18:15,5,8.08,113.6MB,34068.5,0.34,5.805MB / 8.682MB,0B / 0B
2026-03-30 17:18:28,6,8.14,113.9MB,34068.5,0.34,6.01MB / 8.989MB,0B / 0B
2026-03-30 17:18:40,6,8.17,113.4MB,34068.5,0.34,6.212MB / 9.293MB,0B / 0B
2026-03-30 17:18:52,6,8.23,114.1MB,34068.5,0.34,6.412MB / 9.594MB,0B / 0B
2026-03-30 17:19:04,6,8.26,113.9MB,34068.5,0.34,6.618MB / 9.902MB,0B / 0B
2026-03-30 17:19:16,6,8.32,114.1MB,34068.5,0.34,6.819MB / 10.2MB,0B / 0B
2026-03-30 17:19:28,7,8.34,113.9MB,34068.5,0.34,7.017MB / 10.5MB,0B / 0B
2026-03-30 17:19:41,7,8.36,113.9MB,34068.5,0.34,7.219MB / 10.8MB,0B / 0B
2026-03-30 17:19:53,7,8.40,114.2MB,34068.5,0.34,7.423MB / 11.11MB,0B / 0B
2026-03-30 17:20:05,7,8.43,114.2MB,34068.5,0.34,7.626MB / 11.42MB,0B / 0B
2026-03-30 17:20:17,7,8.45,113.7MB,34068.5,0.34,7.829MB / 11.72MB,0B / 0B
2026-03-30 17:20:29,8,8.48,114MB,34068.5,0.34,8.029MB / 12.02MB,0B / 0B
2026-03-30 17:20:42,8,8.56,114.8MB,34068.5,0.35,8.242MB / 12.34MB,0B / 0B
2026-03-30 17:20:54,8,8.59,114.8MB,34068.5,0.35,8.444MB / 12.64MB,0B / 0B
2026-03-30 17:21:07,8,8.63,114.1MB,34068.5,0.34,8.647MB / 12.95MB,0B / 0B
2026-03-30 17:21:19,8,8.64,114.1MB,34068.5,0.34,8.848MB / 13.25MB,0B / 0B
2026-03-30 17:21:31,9,8.65,113.8MB,34068.5,0.34,9.052MB / 13.56MB,0B / 0B
2026-03-30 17:21:43,9,8.67,114.9MB,34068.5,0.35,9.257MB / 13.87MB,0B / 0B
2026-03-30 17:21:55,9,8.69,91.3MB,34068.5,0.27,9.458MB / 14.17MB,0B / 0B
2026-03-30 17:22:07,9,8.73,91.32MB,34068.5,0.27,9.66MB / 14.47MB,0B / 0B
2026-03-30 17:22:19,9,8.74,90.83MB,34068.5,0.27,9.86MB / 14.77MB,0B / 0B
2026-03-30 17:22:32,10,8.76,90.6MB,34068.5,0.27,10.07MB / 15.08MB,0B / 0B
2026-03-30 17:22:44,10,8.78,90.61MB,34068.5,0.27,10.27MB / 15.39MB,0B / 0B
2026-03-30 17:22:56,10,8.79,90.12MB,34068.5,0.27,10.48MB / 15.7MB,0B / 0B
2026-03-30 17:23:08,10,8.82,90.39MB,34068.5,0.27,10.68MB / 16.01MB,0B / 0B
2026-03-30 17:23:21,10,8.83,90.94MB,34068.5,0.27,10.89MB / 16.31MB,0B / 0B
2026-03-30 17:23:33,11,8.84,90.69MB,34068.5,0.27,11.09MB / 16.62MB,0B / 0B
2026-03-30 17:23:45,11,8.86,90.96MB,34068.5,0.27,11.3MB / 16.93MB,0B / 0B
2026-03-30 17:23:58,11,8.88,91MB,34068.5,0.27,11.5MB / 17.24MB,0B / 0B
2026-03-30 17:24:10,11,8.90,90.75MB,34068.5,0.27,11.7MB / 17.54MB,0B / 0B
2026-03-30 17:24:22,11,8.91,90.78MB,34068.5,0.27,11.91MB / 17.84MB,0B / 0B
2026-03-30 17:24:34,12,8.91,90.78MB,34068.5,0.27,12.11MB / 18.15MB,0B / 0B
2026-03-30 17:24:46,12,8.92,91.07MB,34068.5,0.27,12.31MB / 18.45MB,0B / 0B
2026-03-30 17:24:58,12,8.92,90.83MB,34068.5,0.27,12.51MB / 18.76MB,0B / 0B
2026-03-30 17:25:10,12,8.94,91.64MB,34068.5,0.28,12.71MB / 19.06MB,0B / 0B
2026-03-30 17:25:22,12,8.95,91.63MB,34068.5,0.28,12.91MB / 19.36MB,0B / 0B
2026-03-30 17:25:35,13,8.96,91.41MB,34068.5,0.27,13.12MB / 19.67MB,0B / 0B
2026-03-30 17:25:47,13,8.97,91.18MB,34068.5,0.27,13.32MB / 19.97MB,0B / 0B
2026-03-30 17:25:59,13,8.97,91.19MB,34068.5,0.27,13.52MB / 20.27MB,0B / 0B
2026-03-30 17:26:11,13,8.99,90.69MB,34068.5,0.27,13.72MB / 20.58MB,0B / 0B
2026-03-30 17:26:23,13,9.00,90.98MB,34068.5,0.27,13.93MB / 20.88MB,0B / 0B
2026-03-30 17:26:35,14,9.01,91.5MB,34068.5,0.28,14.13MB / 21.19MB,0B / 0B
2026-03-30 17:26:47,14,9.01,90.76MB,34068.5,0.27,14.34MB / 21.5MB,0B / 0B
2026-03-30 17:26:59,14,9.02,91.02MB,34068.5,0.27,14.54MB / 21.8MB,0B / 0B
2026-03-30 17:27:12,14,9.03,90.54MB,34068.5,0.27,14.74MB / 22.1MB,0B / 0B
2026-03-30 17:27:24,14,9.04,91.07MB,34068.5,0.27,14.94MB / 22.41MB,0B / 0B
2026-03-30 17:27:36,15,9.04,91.85MB,34068.5,0.28,15.15MB / 22.71MB,0B / 0B
2026-03-30 17:27:48,15,9.04,91.88MB,34068.5,0.28,15.35MB / 23.02MB,0B / 0B
2026-03-30 17:28:00,15,9.05,91.39MB,34068.5,0.27,15.55MB / 23.33MB,0B / 0B
2026-03-30 17:28:13,15,9.06,91.38MB,34068.5,0.27,15.75MB / 23.62MB,0B / 0B
2026-03-30 17:28:25,16,9.07,90.66MB,34068.5,0.27,15.96MB / 23.93MB,0B / 0B
2026-03-30 17:28:37,16,9.07,91.19MB,34068.5,0.27,16.16MB / 24.23MB,0B / 0B
2026-03-30 17:28:49,16,9.08,92.25MB,34068.5,0.28,16.36MB / 24.53MB,0B / 0B
2026-03-30 17:29:01,16,9.08,91.48MB,34068.5,0.27,16.56MB / 24.84MB,0B / 0B
2026-03-30 17:29:13,16,9.10,91.27MB,34068.5,0.27,16.76MB / 25.14MB,0B / 0B
2026-03-30 17:29:25,17,9.10,91.27MB,34068.5,0.27,16.97MB / 25.45MB,0B / 0B
2026-03-30 17:29:37,17,9.11,92.04MB,34068.5,0.28,17.17MB / 25.75MB,0B / 0B
2026-03-30 17:29:49,17,9.12,91.32MB,34068.5,0.27,17.37MB / 26.05MB,0B / 0B
2026-03-30 17:30:01,17,9.12,91.6MB,34068.5,0.28,17.57MB / 26.35MB,0B / 0B
2026-03-30 17:30:14,17,9.14,90.83MB,34068.5,0.27,17.77MB / 26.66MB,0B / 0B
2026-03-30 17:30:26,18,9.14,91.62MB,34068.5,0.28,17.97MB / 26.96MB,0B / 0B
2026-03-30 17:30:38,18,9.15,91.64MB,34068.5,0.28,18.18MB / 27.26MB,0B / 0B
2026-03-30 17:30:50,18,9.16,91.69MB,34068.5,0.28,18.38MB / 27.57MB,0B / 0B
2026-03-30 17:31:02,18,9.16,91.68MB,34068.5,0.28,18.58MB / 27.88MB,0B / 0B
2026-03-30 17:31:14,18,9.17,92.24MB,34068.5,0.28,18.78MB / 28.17MB,0B / 0B
2026-03-30 17:31:26,19,9.17,91.47MB,34068.5,0.27,18.99MB / 28.48MB,0B / 0B
2026-03-30 17:31:38,19,9.17,91.23MB,34068.5,0.27,19.19MB / 28.78MB,0B / 0B
2026-03-30 17:31:50,19,9.17,92.04MB,34068.5,0.28,19.39MB / 29.08MB,0B / 0B
2026-03-30 17:32:03,19,9.18,91.01MB,34068.5,0.27,19.59MB / 29.39MB,0B / 0B
2026-03-30 17:32:15,19,9.19,91.81MB,34068.5,0.28,19.79MB / 29.69MB,0B / 0B
2026-03-30 17:32:27,20,9.19,91.05MB,34068.5,0.27,20MB / 30MB,0B / 0B
2026-03-30 17:32:39,20,9.19,91.6MB,34068.5,0.28,20.2MB / 30.31MB,0B / 0B
2026-03-30 17:32:51,20,9.19,91.36MB,34068.5,0.27,20.41MB / 30.61MB,0B / 0B
2026-03-30 17:33:03,20,9.20,92.14MB,34068.5,0.28,20.61MB / 30.92MB,0B / 0B
2026-03-30 17:33:16,20,9.21,91.14MB,34068.5,0.27,20.81MB / 31.22MB,0B / 0B
2026-03-30 17:33:28,21,9.21,91.41MB,34068.5,0.27,21.02MB / 31.53MB,0B / 0B
2026-03-30 17:33:40,21,9.22,91.41MB,34068.5,0.27,21.22MB / 31.83MB,0B / 0B
2026-03-30 17:33:52,21,9.22,91.2MB,34068.5,0.27,21.42MB / 32.14MB,0B / 0B
2026-03-30 17:34:04,21,9.22,91.21MB,34068.5,0.27,21.62MB / 32.44MB,0B / 0B
2026-03-30 17:34:16,21,9.24,91.76MB,34068.5,0.28,21.83MB / 32.75MB,0B / 0B
2026-03-30 17:34:29,22,9.24,91.51MB,34068.5,0.28,22.03MB / 33.05MB,0B / 0B
2026-03-30 17:34:41,22,9.24,92.58MB,34068.5,0.28,22.23MB / 33.35MB,0B / 0B
2026-03-30 17:34:53,22,9.24,92.08MB,34068.5,0.28,22.43MB / 33.66MB,0B / 0B
2026-03-30 17:35:05,22,9.25,91.58MB,34068.5,0.28,22.64MB / 33.96MB,0B / 0B
2026-03-30 17:35:17,22,9.25,91.59MB,34068.5,0.28,22.83MB / 34.26MB,0B / 0B
2026-03-30 17:35:29,23,9.26,91.59MB,34068.5,0.28,23.04MB / 34.57MB,0B / 0B
2026-03-30 17:35:41,23,9.26,91.9MB,34068.5,0.28,23.24MB / 34.87MB,0B / 0B
2026-03-30 17:35:54,23,9.26,91.4MB,34068.5,0.27,23.45MB / 35.18MB,0B / 0B
2026-03-30 17:36:06,23,9.26,91.7MB,34068.5,0.28,23.65MB / 35.48MB,0B / 0B
2026-03-30 17:36:18,23,9.27,91.96MB,34068.5,0.28,23.85MB / 35.79MB,0B / 0B
2026-03-30 17:36:30,24,9.28,91.72MB,34068.5,0.28,24.05MB / 36.09MB,0B / 0B
2026-03-30 17:36:42,24,9.28,91.48MB,34068.5,0.27,24.26MB / 36.39MB,0B / 0B
2026-03-30 17:36:54,24,9.28,91.77MB,34068.5,0.28,24.46MB / 36.7MB,0B / 0B
2026-03-30 17:37:06,24,9.28,92.56MB,34068.5,0.28,24.66MB / 37MB,0B / 0B
2026-03-30 17:37:18,24,9.29,91.81MB,34068.5,0.28,24.87MB / 37.31MB,0B / 0B
2026-03-30 17:37:30,25,9.30,92.33MB,34068.5,0.28,25.07MB / 37.62MB,0B / 0B
2026-03-30 17:37:42,25,9.30,92.35MB,34068.5,0.28,25.27MB / 37.91MB,0B / 0B
2026-03-30 17:37:55,25,9.30,92.11MB,34068.5,0.28,25.47MB / 38.22MB,0B / 0B
2026-03-30 17:38:07,25,9.30,91.88MB,34068.5,0.28,25.68MB / 38.53MB,0B / 0B
2026-03-30 17:38:19,25,9.31,91.91MB,34068.5,0.28,25.88MB / 38.83MB,0B / 0B
2026-03-30 17:38:31,26,9.31,91.67MB,34068.5,0.28,26.08MB / 39.14MB,0B / 0B
2026-03-30 17:38:43,26,9.32,92.71MB,34068.5,0.28,26.29MB / 39.45MB,0B / 0B
2026-03-30 17:38:56,26,9.32,92.47MB,34068.5,0.28,26.49MB / 39.75MB,0B / 0B
2026-03-30 17:39:07,26,9.32,92.52MB,34068.5,0.28,26.69MB / 40.05MB,0B / 0B
2026-03-30 17:39:20,26,9.33,92.79MB,34068.5,0.28,26.89MB / 40.36MB,0B / 0B
2026-03-30 17:39:32,27,9.33,92.02MB,34068.5,0.28,27.1MB / 40.66MB,0B / 0B
2026-03-30 17:39:44,27,9.33,91.79MB,34068.5,0.28,27.3MB / 40.97MB,0B / 0B
2026-03-30 17:39:57,27,9.34,92.32MB,34068.5,0.28,27.51MB / 41.28MB,0B / 0B
2026-03-30 17:40:09,27,9.34,92.35MB,34068.5,0.28,27.71MB / 41.58MB,0B / 0B
2026-03-30 17:40:21,27,9.34,92.11MB,34068.5,0.28,27.91MB / 41.88MB,0B / 0B
2026-03-30 17:40:33,28,9.34,92.11MB,34068.5,0.28,28.11MB / 42.19MB,0B / 0B
2026-03-30 17:40:45,28,9.34,92.14MB,34068.5,0.28,28.32MB / 42.49MB,0B / 0B
2026-03-30 17:40:57,28,9.34,92.42MB,34068.5,0.28,28.52MB / 42.8MB,0B / 0B
2026-03-30 17:41:09,28,9.35,92.18MB,34068.5,0.28,28.73MB / 43.11MB,0B / 0B
2026-03-30 17:41:22,28,9.36,93.21MB,34068.5,0.28,28.93MB / 43.42MB,0B / 0B
2026-03-30 17:41:34,29,9.36,92.74MB,34068.5,0.28,29.14MB / 43.72MB,0B / 0B
2026-03-30 17:41:46,29,9.36,92.74MB,34068.5,0.28,29.34MB / 44.03MB,0B / 0B
2026-03-30 17:41:58,29,9.36,93.05MB,34068.5,0.28,29.54MB / 44.33MB,0B / 0B
2026-03-30 17:42:10,29,9.36,92.56MB,34068.5,0.28,29.74MB / 44.64MB,0B / 0B
2026-03-30 17:42:23,29,9.36,93.58MB,34068.5,0.28,29.95MB / 44.94MB,0B / 0B
2026-03-30 17:42:35,30,9.35,92.06MB,34068.5,0.28,30.09MB / 45.16MB,0B / 0B
2026-03-30 17:42:47,30,9.32,92.6MB,34068.5,0.28,30.19MB / 45.3MB,0B / 0B
2026-03-30 17:42:59,30,9.32,93.11MB,34068.5,0.28,30.4MB / 45.61MB,0B / 0B
2026-03-30 17:43:11,30,9.32,92.89MB,34068.5,0.28,30.6MB / 45.92MB,0B / 0B
2026-03-30 17:43:24,30,9.32,92.64MB,34068.5,0.28,30.8MB / 46.22MB,0B / 0B
2026-03-30 17:43:36,31,9.32,93.15MB,34068.5,0.28,31MB / 46.52MB,0B / 0B
2026-03-30 17:43:48,31,9.33,92.95MB,34068.5,0.28,31.21MB / 46.83MB,0B / 0B
2026-03-30 17:44:00,31,9.33,93.74MB,34068.5,0.28,31.41MB / 47.14MB,0B / 0B
2026-03-30 17:44:12,31,9.33,93MB,34068.5,0.28,31.61MB / 47.44MB,0B / 0B
2026-03-30 17:44:24,31,9.33,93.27MB,34068.5,0.28,31.81MB / 47.74MB,0B / 0B
2026-03-30 17:44:37,32,9.33,92.77MB,34068.5,0.28,32.02MB / 48.05MB,0B / 0B
2026-03-30 17:44:49,32,9.33,92.27MB,34068.5,0.28,32.22MB / 48.35MB,0B / 0B
2026-03-30 17:45:01,32,9.34,92.55MB,34068.5,0.28,32.42MB / 48.66MB,0B / 0B
2026-03-30 17:45:13,32,9.34,92.83MB,34068.5,0.28,32.62MB / 48.96MB,0B / 0B
2026-03-30 17:45:25,33,9.35,93.13MB,34068.5,0.28,32.83MB / 49.27MB,0B / 0B
2026-03-30 17:45:37,33,9.35,93.65MB,34068.5,0.28,33.03MB / 49.57MB,0B / 0B
2026-03-30 17:45:49,33,9.35,92.64MB,34068.5,0.28,33.23MB / 49.88MB,0B / 0B
2026-03-30 17:46:02,33,9.35,93.42MB,34068.5,0.28,33.44MB / 50.18MB,0B / 0B
2026-03-30 17:46:14,33,9.36,92.93MB,34068.5,0.28,33.64MB / 50.49MB,0B / 0B
2026-03-30 17:46:26,34,9.36,93.47MB,34068.5,0.28,33.84MB / 50.79MB,0B / 0B
2026-03-30 17:46:38,34,9.37,92.46MB,34068.5,0.28,34.05MB / 51.1MB,0B / 0B
2026-03-30 17:46:50,34,9.37,92.73MB,34068.5,0.28,34.25MB / 51.4MB,0B / 0B
2026-03-30 17:47:02,34,9.37,92.48MB,34068.5,0.28,34.45MB / 51.71MB,0B / 0B
2026-03-30 17:47:14,34,9.37,93.28MB,34068.5,0.28,34.65MB / 52.01MB,0B / 0B
2026-03-30 17:47:27,35,9.37,93.04MB,34068.5,0.28,34.86MB / 52.32MB,0B / 0B
2026-03-30 17:47:39,35,9.38,92.55MB,34068.5,0.28,35.06MB / 52.62MB,0B / 0B
2026-03-30 17:47:51,35,9.38,93.61MB,34068.5,0.28,35.27MB / 52.93MB,0B / 0B
2026-03-30 17:48:03,35,9.38,94.14MB,34068.5,0.28,35.47MB / 53.23MB,0B / 0B
2026-03-30 17:48:15,35,9.38,92.87MB,34068.5,0.28,35.67MB / 53.53MB,0B / 0B
2026-03-30 17:48:27,36,9.39,92.88MB,34068.5,0.28,35.87MB / 53.83MB,0B / 0B
2026-03-30 17:48:39,36,9.39,92.9MB,34068.5,0.28,36.07MB / 54.14MB,0B / 0B
2026-03-30 17:48:51,36,9.39,93.2MB,34068.5,0.28,36.27MB / 54.44MB,0B / 0B
2026-03-30 17:49:03,36,9.39,92.95MB,34068.5,0.28,36.47MB / 54.74MB,0B / 0B
2026-03-30 17:49:15,36,9.39,93.75MB,34068.5,0.28,36.68MB / 55.05MB,0B / 0B
2026-03-30 17:49:27,37,9.40,93.51MB,34068.5,0.28,36.88MB / 55.35MB,0B / 0B
2026-03-30 17:49:39,37,9.40,93.52MB,34068.5,0.28,37.08MB / 55.65MB,0B / 0B
2026-03-30 17:49:52,37,9.40,93.29MB,34068.5,0.28,37.28MB / 55.96MB,0B / 0B
2026-03-30 17:50:04,37,9.40,93.05MB,34068.5,0.28,37.48MB / 56.26MB,0B / 0B
2026-03-30 17:50:16,37,9.40,93.83MB,34068.5,0.28,37.69MB / 56.56MB,0B / 0B
2026-03-30 17:50:28,38,9.41,93.61MB,34068.5,0.28,37.89MB / 56.86MB,0B / 0B
2026-03-30 17:50:40,38,9.41,93.86MB,34068.5,0.28,38.09MB / 57.17MB,0B / 0B
2026-03-30 17:50:52,38,9.41,93.64MB,34068.5,0.28,38.29MB / 57.47MB,0B / 0B
2026-03-30 17:51:04,38,9.41,93.93MB,34068.5,0.28,38.49MB / 57.78MB,0B / 0B
2026-03-30 17:51:16,38,9.41,93.18MB,34068.5,0.28,38.7MB / 58.08MB,0B / 0B
2026-03-30 17:51:28,39,9.41,93.46MB,34068.5,0.28,38.9MB / 58.38MB,0B / 0B
2026-03-30 17:51:40,39,9.42,92.95MB,34068.5,0.28,39.1MB / 58.68MB,0B / 0B
2026-03-30 17:51:52,39,9.42,94MB,34068.5,0.28,39.3MB / 58.99MB,0B / 0B
2026-03-30 17:52:05,39,9.42,93.78MB,34068.5,0.28,39.5MB / 59.29MB,0B / 0B
2026-03-30 17:52:17,39,9.42,93.28MB,34068.5,0.28,39.71MB / 59.6MB,0B / 0B
2026-03-30 17:52:29,40,9.42,93.28MB,34068.5,0.28,39.91MB / 59.9MB,0B / 0B
2026-03-30 17:52:41,40,9.42,94.09MB,34068.5,0.28,40.11MB / 60.21MB,0B / 0B
2026-03-30 17:52:53,40,9.43,93.59MB,34068.5,0.28,40.32MB / 60.51MB,0B / 0B
2026-03-30 17:53:06,40,9.43,93.88MB,34068.5,0.28,40.53MB / 60.83MB,0B / 0B
2026-03-30 17:53:18,40,9.43,94.16MB,34068.5,0.28,40.73MB / 61.13MB,0B / 0B
2026-03-30 17:53:30,41,9.43,93.13MB,34068.5,0.28,40.93MB / 61.44MB,0B / 0B
2026-03-30 17:53:42,41,9.43,93.67MB,34068.5,0.28,41.14MB / 61.74MB,0B / 0B
2026-03-30 17:53:54,41,9.43,93.71MB,34068.5,0.28,41.34MB / 62.05MB,0B / 0B
2026-03-30 17:54:07,41,9.43,94.23MB,34068.5,0.28,41.54MB / 62.35MB,0B / 0B
2026-03-30 17:54:19,41,9.43,93.47MB,34068.5,0.28,41.74MB / 62.66MB,0B / 0B
2026-03-30 17:54:31,42,9.44,93.49MB,34068.5,0.28,41.95MB / 62.96MB,0B / 0B
2026-03-30 17:54:43,42,9.44,93.51MB,34068.5,0.28,42.15MB / 63.27MB,0B / 0B
2026-03-30 17:54:55,42,9.44,93.8MB,34068.5,0.28,42.35MB / 63.57MB,0B / 0B
2026-03-30 17:55:07,42,9.44,93.55MB,34068.5,0.28,42.55MB / 63.87MB,0B / 0B
2026-03-30 17:55:19,42,9.44,94.1MB,34068.5,0.28,42.75MB / 64.17MB,0B / 0B
2026-03-30 17:55:32,43,9.44,94.37MB,34068.5,0.28,42.96MB / 64.48MB,0B / 0B
2026-03-30 17:55:44,43,9.44,93.86MB,34068.5,0.28,43.16MB / 64.78MB,0B / 0B
2026-03-30 17:55:56,43,9.45,93.89MB,34068.5,0.28,43.36MB / 65.09MB,0B / 0B
2026-03-30 17:56:08,43,9.45,93.64MB,34068.5,0.28,43.56MB / 65.39MB,0B / 0B
2026-03-30 17:56:20,43,9.45,93.66MB,34068.5,0.28,43.76MB / 65.69MB,0B / 0B
2026-03-30 17:56:32,44,9.45,93.43MB,34068.5,0.28,43.97MB / 66MB,0B / 0B
2026-03-30 17:56:44,44,9.45,93.93MB,34068.5,0.28,44.17MB / 66.3MB,0B / 0B
2026-03-30 17:56:56,44,9.45,94.5MB,34068.5,0.28,44.37MB / 66.6MB,0B / 0B
2026-03-30 17:57:08,44,9.45,94.27MB,34068.5,0.28,44.57MB / 66.91MB,0B / 0B
2026-03-30 17:57:20,44,9.45,94.29MB,34068.5,0.28,44.78MB / 67.21MB,0B / 0B
2026-03-30 17:57:33,45,9.46,94.31MB,34068.5,0.28,44.98MB / 67.52MB,0B / 0B
2026-03-30 17:57:45,45,9.46,93.55MB,34068.5,0.28,45.18MB / 67.82MB,0B / 0B
2026-03-30 17:57:57,45,9.46,94.6MB,34068.5,0.28,45.38MB / 68.13MB,0B / 0B
2026-03-30 17:58:09,45,9.46,94.36MB,34068.5,0.28,45.58MB / 68.43MB,0B / 0B
2026-03-30 17:58:21,45,9.46,94.13MB,34068.5,0.28,45.79MB / 68.73MB,0B / 0B
2026-03-30 17:58:33,46,9.46,94.14MB,34068.5,0.28,46MB / 69.04MB,0B / 0B
2026-03-30 17:58:45,46,9.46,94.42MB,34068.5,0.28,46.2MB / 69.34MB,0B / 0B
2026-03-30 17:58:58,46,9.46,94.45MB,34068.5,0.28,46.4MB / 69.65MB,0B / 0B
2026-03-30 17:59:10,46,9.47,94.73MB,34068.5,0.28,46.61MB / 69.96MB,0B / 0B
2026-03-30 17:59:22,46,9.47,95.01MB,34068.5,0.29,46.81MB / 70.26MB,0B / 0B
2026-03-30 17:59:34,47,9.47,94.26MB,34068.5,0.28,47MB / 70.56MB,0B / 0B
2026-03-30 17:59:46,47,9.47,94.01MB,34068.5,0.28,47.21MB / 70.87MB,0B / 0B
2026-03-30 17:59:58,47,9.47,94.28MB,34068.5,0.28,47.41MB / 71.17MB,0B / 0B
2026-03-30 18:00:10,47,9.47,94.31MB,34068.5,0.28,47.62MB / 71.48MB,0B / 0B
2026-03-30 18:00:23,47,9.48,94.85MB,34068.5,0.29,47.82MB / 71.79MB,0B / 0B
2026-03-30 18:00:35,48,9.48,94.1MB,34068.5,0.28,48.02MB / 72.09MB,0B / 0B
2026-03-30 18:00:47,48,9.48,94.11MB,34068.5,0.28,48.23MB / 72.4MB,0B / 0B
2026-03-30 18:00:59,48,9.48,94.13MB,34068.5,0.28,48.43MB / 72.7MB,0B / 0B
2026-03-30 18:01:11,48,9.48,95.17MB,34068.5,0.29,48.64MB / 73.01MB,0B / 0B
2026-03-30 18:01:24,48,9.48,94.16MB,34068.5,0.28,48.84MB / 73.32MB,0B / 0B
2026-03-30 18:01:36,49,9.48,94.71MB,34068.5,0.28,49.05MB / 73.63MB,0B / 0B
2026-03-30 18:01:48,49,9.48,94.2MB,34068.5,0.28,49.25MB / 73.93MB,0B / 0B
2026-03-30 18:02:00,49,9.48,95.26MB,34068.5,0.29,49.45MB / 74.24MB,0B / 0B
2026-03-30 18:02:12,49,9.48,94.77MB,34068.5,0.28,49.65MB / 74.54MB,0B / 0B
2026-03-30 18:02:24,49,9.48,94.52MB,34068.5,0.28,49.86MB / 74.85MB,0B / 0B
2026-03-30 18:02:36,50,9.49,94.03MB,34068.5,0.28,50.06MB / 75.15MB,0B / 0B
2026-03-30 18:02:49,50,9.49,94.83MB,34068.5,0.29,50.26MB / 75.45MB,0B / 0B
2026-03-30 18:03:01,50,9.49,94.6MB,34068.5,0.28,50.47MB / 75.76MB,0B / 0B
2026-03-30 18:03:13,50,9.49,94.36MB,34068.5,0.28,50.67MB / 76.07MB,0B / 0B
2026-03-30 18:03:25,51,9.49,95.14MB,34068.5,0.29,50.87MB / 76.37MB,0B / 0B
2026-03-30 18:03:37,51,9.49,94.63MB,34068.5,0.28,51.07MB / 76.67MB,0B / 0B
2026-03-30 18:03:49,51,9.50,94.67MB,34068.5,0.28,51.28MB / 76.98MB,0B / 0B
2026-03-30 18:04:02,51,9.50,95.22MB,34068.5,0.29,51.48MB / 77.28MB,0B / 0B
2026-03-30 18:04:14,51,9.50,94.97MB,34068.5,0.29,51.68MB / 77.59MB,0B / 0B
2026-03-30 18:04:26,52,9.50,94.99MB,34068.5,0.29,51.89MB / 77.89MB,0B / 0B
2026-03-30 18:04:38,52,9.50,95.54MB,34068.5,0.29,52.09MB / 78.2MB,0B / 0B
2026-03-30 18:04:51,52,9.50,95.04MB,34068.5,0.29,52.3MB / 78.51MB,0B / 0B
2026-03-30 18:05:03,52,9.50,95.05MB,34068.5,0.29,52.5MB / 78.81MB,0B / 0B
2026-03-30 18:05:15,52,9.51,94.53MB,34068.5,0.28,52.7MB / 79.12MB,0B / 0B
2026-03-30 18:05:27,53,9.51,94.58MB,34068.5,0.28,52.91MB / 79.42MB,0B / 0B
2026-03-30 18:05:39,53,9.51,94.86MB,34068.5,0.29,53.11MB / 79.72MB,0B / 0B
2026-03-30 18:05:51,53,9.51,95.13MB,34068.5,0.29,53.31MB / 80.02MB,0B / 0B
2026-03-30 18:06:04,53,9.51,94.37MB,34068.5,0.28,53.51MB / 80.33MB,0B / 0B
2026-03-30 18:06:16,53,9.51,95.42MB,34068.5,0.29,53.71MB / 80.63MB,0B / 0B
2026-03-30 18:06:28,54,9.51,94.67MB,34068.5,0.28,53.91MB / 80.93MB,0B / 0B
2026-03-30 18:06:40,54,9.51,95.72MB,34068.5,0.29,54.11MB / 81.24MB,0B / 0B
2026-03-30 18:06:52,54,9.51,95.23MB,34068.5,0.29,54.32MB / 81.54MB,0B / 0B
2026-03-30 18:07:05,54,9.52,95.77MB,34068.5,0.29,54.52MB / 81.85MB,0B / 0B
2026-03-30 18:07:17,54,9.52,94.76MB,34068.5,0.28,54.73MB / 82.16MB,0B / 0B
2026-03-30 18:07:29,55,9.52,95.3MB,34068.5,0.29,54.93MB / 82.46MB,0B / 0B
2026-03-30 18:07:41,55,9.52,95.05MB,34068.5,0.29,55.13MB / 82.76MB,0B / 0B
2026-03-30 18:07:53,55,9.52,94.57MB,34068.5,0.28,55.33MB / 83.07MB,0B / 0B
2026-03-30 18:08:05,55,9.52,94.83MB,34068.5,0.29,55.53MB / 83.37MB,0B / 0B
2026-03-30 18:08:17,55,9.52,95.37MB,34068.5,0.29,55.74MB / 83.68MB,0B / 0B
2026-03-30 18:08:29,56,9.52,95.91MB,34068.5,0.29,55.94MB / 83.98MB,0B / 0B
2026-03-30 18:08:42,56,9.52,94.91MB,34068.5,0.29,56.14MB / 84.29MB,0B / 0B
2026-03-30 18:08:54,56,9.52,95.16MB,34068.5,0.29,56.35MB / 84.59MB,0B / 0B
2026-03-30 18:09:06,56,9.52,95.45MB,34068.5,0.29,56.55MB / 84.89MB,0B / 0B
2026-03-30 18:09:18,56,9.52,95.47MB,34068.5,0.29,56.75MB / 85.2MB,0B / 0B
2026-03-30 18:09:30,57,9.52,95.49MB,34068.5,0.29,56.95MB / 85.5MB,0B / 0B
2026-03-30 18:09:42,57,9.53,94.73MB,34068.5,0.28,57.16MB / 85.81MB,0B / 0B
2026-03-30 18:09:55,57,9.53,95.01MB,34068.5,0.29,57.36MB / 86.11MB,0B / 0B
2026-03-30 18:10:07,57,9.53,95.83MB,34068.5,0.29,57.56MB / 86.42MB,0B / 0B
2026-03-30 18:10:19,57,9.53,96.36MB,34068.5,0.29,57.77MB / 86.72MB,0B / 0B
2026-03-30 18:10:31,58,9.53,95.33MB,34068.5,0.29,57.97MB / 87.03MB,0B / 0B
2026-03-30 18:10:43,58,9.53,95.61MB,34068.5,0.29,58.17MB / 87.33MB,0B / 0B
2026-03-30 18:10:56,58,9.53,94.85MB,34068.5,0.29,58.37MB / 87.64MB,0B / 0B
2026-03-30 18:11:08,58,9.53,95.64MB,34068.5,0.29,58.58MB / 87.94MB,0B / 0B
2026-03-30 18:11:20,58,9.53,95.17MB,34068.5,0.29,58.78MB / 88.25MB,0B / 0B
2026-03-30 18:11:32,59,9.54,95.69MB,34068.5,0.29,58.98MB / 88.55MB,0B / 0B
2026-03-30 18:11:44,59,9.54,95.45MB,34068.5,0.29,59.19MB / 88.86MB,0B / 0B
2026-03-30 18:11:56,59,9.54,96MB,34068.5,0.29,59.39MB / 89.16MB,0B / 0B
2026-03-30 18:12:09,59,9.54,95.76MB,34068.5,0.29,59.59MB / 89.47MB,0B / 0B
2026-03-30 18:12:21,59,9.54,95.51MB,34068.5,0.29,59.8MB / 89.77MB,0B / 0B
2026-03-30 18:12:33,60,9.54,95.78MB,34068.5,0.29,60MB / 90.08MB,0B / 0B
2026-03-30 18:12:45,60,9.54,95.29MB,34068.5,0.29,60.14MB / 90.29MB,0B / 0B
2026-03-30 18:12:57,60,9.52,95.3MB,34068.5,0.29,60.24MB / 90.43MB,0B / 0B
2026-03-30 18:13:09,60,9.52,95.83MB,34068.5,0.29,60.44MB / 90.74MB,0B / 0B
2026-03-30 18:13:22,60,9.52,95.34MB,34068.5,0.29,60.65MB / 91.05MB,0B / 0B
2026-03-30 18:13:34,61,9.52,95.12MB,34068.5,0.29,60.85MB / 91.35MB,0B / 0B
2026-03-30 18:13:46,61,9.52,96.15MB,34068.5,0.29,61.05MB / 91.66MB,0B / 0B
2026-03-30 18:13:58,61,9.53,96.4MB,34068.5,0.29,61.25MB / 91.96MB,0B / 0B
2026-03-30 18:14:10,61,9.53,95.69MB,34068.5,0.29,61.46MB / 92.26MB,0B / 0B
2026-03-30 18:14:23,61,9.53,96.22MB,34068.5,0.29,61.66MB / 92.57MB,0B / 0B
2026-03-30 18:14:35,62,9.53,96.23MB,34068.5,0.29,61.87MB / 92.88MB,0B / 0B
2026-03-30 18:14:47,62,9.53,95.22MB,34068.5,0.29,62.06MB / 93.18MB,0B / 0B
2026-03-30 18:14:59,62,9.53,95.5MB,34068.5,0.29,62.27MB / 93.48MB,0B / 0B
2026-03-30 18:15:11,62,9.53,95.51MB,34068.5,0.29,62.47MB / 93.79MB,0B / 0B
2026-03-30 18:15:23,62,9.53,95.79MB,34068.5,0.29,62.67MB / 94.09MB,0B / 0B
2026-03-30 18:15:35,63,9.53,95.83MB,34068.5,0.29,62.88MB / 94.4MB,0B / 0B
2026-03-30 18:15:47,63,9.53,95.59MB,34068.5,0.29,63.08MB / 94.7MB,0B / 0B
2026-03-30 18:15:59,63,9.53,96.39MB,34068.5,0.29,63.28MB / 95MB,0B / 0B
2026-03-30 18:16:11,63,9.53,96.68MB,34068.5,0.29,63.48MB / 95.31MB,0B / 0B
2026-03-30 18:16:24,63,9.53,95.9MB,34068.5,0.29,63.69MB / 95.61MB,0B / 0B
2026-03-30 18:16:36,64,9.53,96.42MB,34068.5,0.29,63.89MB / 95.92MB,0B / 0B
2026-03-30 18:16:48,64,9.53,96.2MB,34068.5,0.29,64.09MB / 96.22MB,0B / 0B
2026-03-30 18:17:00,64,9.53,95.94MB,34068.5,0.29,64.29MB / 96.53MB,0B / 0B
2026-03-30 18:17:12,64,9.53,95.99MB,34068.5,0.29,64.5MB / 96.83MB,0B / 0B
2026-03-30 18:17:25,65,9.53,96MB,34068.5,0.29,64.7MB / 97.13MB,0B / 0B
2026-03-30 18:17:37,65,9.53,96.29MB,34068.5,0.29,64.9MB / 97.44MB,0B / 0B
2026-03-30 18:17:49,65,9.54,95.52MB,34068.5,0.29,65.11MB / 97.75MB,0B / 0B
2026-03-30 18:18:01,65,9.54,96.58MB,34068.5,0.29,65.31MB / 98.05MB,0B / 0B
2026-03-30 18:18:13,65,9.53,96.07MB,34068.5,0.29,65.51MB / 98.35MB,0B / 0B
2026-03-30 18:18:25,66,9.54,95.83MB,34068.5,0.29,65.71MB / 98.65MB,0B / 0B
2026-03-30 18:18:37,66,9.54,95.61MB,34068.5,0.29,65.91MB / 98.96MB,0B / 0B
2026-03-30 18:18:50,66,9.54,96.14MB,34068.5,0.29,66.12MB / 99.26MB,0B / 0B
2026-03-30 18:19:02,66,9.54,95.9MB,34068.5,0.29,66.32MB / 99.56MB,0B / 0B
2026-03-30 18:19:14,66,9.54,95.92MB,34068.5,0.29,66.52MB / 99.87MB,0B / 0B
2026-03-30 18:19:26,67,9.54,95.94MB,34068.5,0.29,66.73MB / 100.2MB,0B / 0B
2026-03-30 18:19:39,67,9.54,96.22MB,34068.5,0.29,66.93MB / 100.5MB,0B / 0B
2026-03-30 18:19:51,67,9.54,96.76MB,34068.5,0.29,67.13MB / 100.8MB,0B / 0B
2026-03-30 18:20:03,67,9.54,96MB,34068.5,0.29,67.33MB / 101.1MB,0B / 0B
2026-03-30 18:20:15,67,9.54,96.29MB,34068.5,0.29,67.54MB / 101.4MB,0B / 0B
2026-03-30 18:20:27,68,9.54,96.05MB,34068.5,0.29,67.74MB / 101.7MB,0B / 0B
2026-03-30 18:20:39,68,9.54,96.83MB,34068.5,0.29,67.94MB / 102MB,0B / 0B
2026-03-30 18:20:52,68,9.55,96.84MB,34068.5,0.29,68.14MB / 102.3MB,0B / 0B
2026-03-30 18:21:04,68,9.55,96.34MB,34068.5,0.29,68.34MB / 102.6MB,0B / 0B
2026-03-30 18:21:16,68,9.55,96.37MB,34068.5,0.29,68.55MB / 102.9MB,0B / 0B
2026-03-30 18:21:28,69,9.54,96.9MB,34068.5,0.29,68.75MB / 103.2MB,0B / 0B
2026-03-30 18:21:40,69,9.55,96.16MB,34068.5,0.29,68.95MB / 103.5MB,0B / 0B
2026-03-30 18:21:52,69,9.55,97.21MB,34068.5,0.29,69.15MB / 103.8MB,0B / 0B
2026-03-30 18:22:04,69,9.55,96.46MB,34068.5,0.29,69.35MB / 104.1MB,0B / 0B
2026-03-30 18:22:16,69,9.55,96.22MB,34068.5,0.29,69.55MB / 104.4MB,0B / 0B
2026-03-30 18:22:29,70,9.55,96.25MB,34068.5,0.29,69.76MB / 104.7MB,0B / 0B
2026-03-30 18:22:41,70,9.55,97.04MB,34068.5,0.29,69.96MB / 105MB,0B / 0B
2026-03-30 18:22:53,70,9.55,96.28MB,34068.5,0.29,70.16MB / 105.3MB,0B / 0B
2026-03-30 18:23:05,70,9.55,96.8MB,34068.5,0.29,70.37MB / 105.6MB,0B / 0B
2026-03-30 18:23:18,70,9.55,96.58MB,34068.5,0.29,70.57MB / 106MB,0B / 0B
2026-03-30 18:23:30,71,9.55,96.58MB,34068.5,0.29,70.78MB / 106.3MB,0B / 0B
2026-03-30 18:23:42,71,9.55,96.61MB,34068.5,0.29,70.98MB / 106.6MB,0B / 0B
2026-03-30 18:23:54,71,9.55,96.89MB,34068.5,0.29,71.18MB / 106.9MB,0B / 0B
2026-03-30 18:24:06,71,9.55,97.19MB,34068.5,0.29,71.38MB / 107.2MB,0B / 0B
2026-03-30 18:24:19,71,9.55,96.68MB,34068.5,0.29,71.59MB / 107.5MB,0B / 0B
2026-03-30 18:24:31,72,9.55,96.93MB,34068.5,0.29,71.79MB / 107.8MB,0B / 0B
2026-03-30 18:24:43,72,9.55,96.19MB,34068.5,0.29,71.99MB / 108.1MB,0B / 0B
2026-03-30 18:24:55,72,9.55,96.73MB,34068.5,0.29,72.19MB / 108.4MB,0B / 0B
2026-03-30 18:25:07,72,9.55,97.02MB,34068.5,0.29,72.39MB / 108.7MB,0B / 0B
2026-03-30 18:25:19,72,9.55,97.3MB,34068.5,0.29,72.6MB / 109MB,0B / 0B
2026-03-30 18:25:31,73,9.55,97.05MB,34068.5,0.29,72.8MB / 109.3MB,0B / 0B
2026-03-30 18:25:44,73,9.55,96.56MB,34068.5,0.29,73MB / 109.6MB,0B / 0B
2026-03-30 18:25:56,73,9.55,97.1MB,34068.5,0.29,73.21MB / 109.9MB,0B / 0B
2026-03-30 18:26:08,73,9.55,96.6MB,34068.5,0.29,73.41MB / 110.2MB,0B / 0B
2026-03-30 18:26:20,73,9.55,96.62MB,34068.5,0.29,73.61MB / 110.5MB,0B / 0B
2026-03-30 18:26:32,74,9.55,97.15MB,34068.5,0.29,73.82MB / 110.8MB,0B / 0B
2026-03-30 18:26:45,74,9.55,96.92MB,34068.5,0.29,74.02MB / 111.1MB,0B / 0B
2026-03-30 18:26:57,74,9.56,96.42MB,34068.5,0.29,74.23MB / 111.4MB,0B / 0B
2026-03-30 18:27:09,74,9.56,96.96MB,34068.5,0.29,74.43MB / 111.7MB,0B / 0B
2026-03-30 18:27:21,74,9.56,96.99MB,34068.5,0.29,74.63MB / 112.1MB,0B / 0B
2026-03-30 18:27:33,75,9.56,97.52MB,34068.5,0.29,74.84MB / 112.4MB,0B / 0B
2026-03-30 18:27:45,75,9.56,96.75MB,34068.5,0.29,75.04MB / 112.7MB,0B / 0B
2026-03-30 18:27:57,75,9.56,97.05MB,34068.5,0.29,75.24MB / 113MB,0B / 0B
2026-03-30 18:28:09,75,9.56,97.84MB,34068.5,0.29,75.45MB / 113.3MB,0B / 0B
2026-03-30 18:28:21,75,9.56,96.82MB,34068.5,0.29,75.65MB / 113.6MB,0B / 0B
2026-03-30 18:28:33,76,9.56,97.87MB,34068.5,0.29,75.85MB / 113.9MB,0B / 0B
2026-03-30 18:28:46,76,9.56,96.85MB,34068.5,0.29,76.04MB / 114.2MB,0B / 0B
2026-03-30 18:28:58,76,9.56,98.13MB,34068.5,0.29,76.25MB / 114.5MB,0B / 0B
2026-03-30 18:29:10,76,9.56,96.9MB,34068.5,0.29,76.45MB / 114.8MB,0B / 0B
2026-03-30 18:29:22,76,9.56,97.44MB,34068.5,0.29,76.65MB / 115.1MB,0B / 0B
2026-03-30 18:29:34,77,9.56,96.94MB,34068.5,0.29,76.85MB / 115.4MB,0B / 0B
2026-03-30 18:29:46,77,9.57,97.48MB,34068.5,0.29,77.06MB / 115.7MB,0B / 0B
2026-03-30 18:29:58,77,9.57,97.49MB,34068.5,0.29,77.26MB / 116MB,0B / 0B
2026-03-30 18:30:10,77,9.57,96.75MB,34068.5,0.29,77.46MB / 116.3MB,0B / 0B
2026-03-30 18:30:23,77,9.57,97.27MB,34068.5,0.29,77.66MB / 116.6MB,0B / 0B
2026-03-30 18:30:35,78,9.57,97.81MB,34068.5,0.29,77.87MB / 116.9MB,0B / 0B
2026-03-30 18:30:47,78,9.57,97.06MB,34068.5,0.29,78.07MB / 117.2MB,0B / 0B
2026-03-30 18:30:59,78,9.57,96.82MB,34068.5,0.29,78.27MB / 117.5MB,0B / 0B
2026-03-30 18:31:11,78,9.57,97.35MB,34068.5,0.29,78.47MB / 117.8MB,0B / 0B
2026-03-30 18:31:23,78,9.57,97.91MB,34068.5,0.29,78.68MB / 118.1MB,0B / 0B
2026-03-30 18:31:35,79,9.57,97.13MB,34068.5,0.29,78.88MB / 118.4MB,0B / 0B
2026-03-30 18:31:48,79,9.57,97.15MB,34068.5,0.29,79.08MB / 118.7MB,0B / 0B
2026-03-30 18:32:00,79,9.57,98.19MB,34068.5,0.30,79.28MB / 119MB,0B / 0B
2026-03-30 18:32:12,79,9.57,97.71MB,34068.5,0.29,79.48MB / 119.3MB,0B / 0B
2026-03-30 18:32:24,79,9.57,98.26MB,34068.5,0.30,79.69MB / 119.6MB,0B / 0B
2026-03-30 18:32:36,80,9.57,97.5MB,34068.5,0.29,79.89MB / 119.9MB,0B / 0B
2026-03-30 18:32:49,80,9.57,97MB,34068.5,0.29,80.09MB / 120.3MB,0B / 0B
2026-03-30 18:33:01,80,9.57,97.78MB,34068.5,0.29,80.3MB / 120.6MB,0B / 0B
2026-03-30 18:33:13,80,9.57,97.04MB,34068.5,0.29,80.5MB / 120.9MB,0B / 0B
2026-03-30 18:33:25,81,9.57,97.56MB,34068.5,0.29,80.7MB / 121.2MB,0B / 0B
2026-03-30 18:33:37,81,9.57,97.08MB,34068.5,0.29,80.91MB / 121.5MB,0B / 0B
2026-03-30 18:33:49,81,9.57,97.38MB,34068.5,0.29,81.11MB / 121.8MB,0B / 0B
2026-03-30 18:34:01,81,9.57,97.64MB,34068.5,0.29,81.31MB / 122.1MB,0B / 0B
2026-03-30 18:34:14,81,9.57,98.44MB,34068.5,0.30,81.51MB / 122.4MB,0B / 0B
2026-03-30 18:34:26,82,9.57,97.16MB,34068.5,0.29,81.72MB / 122.7MB,0B / 0B
2026-03-30 18:34:38,82,9.57,98.23MB,34068.5,0.30,81.92MB / 123MB,0B / 0B
2026-03-30 18:34:50,82,9.57,98.24MB,34068.5,0.30,82.12MB / 123.3MB,0B / 0B
2026-03-30 18:35:03,82,9.57,97.98MB,34068.5,0.29,82.33MB / 123.6MB,0B / 0B
2026-03-30 18:35:15,82,9.57,97.23MB,34068.5,0.29,82.53MB / 123.9MB,0B / 0B
2026-03-30 18:35:27,83,9.57,98.03MB,34068.5,0.29,82.73MB / 124.2MB,0B / 0B
2026-03-30 18:35:39,83,9.57,98.07MB,34068.5,0.29,82.94MB / 124.5MB,0B / 0B
2026-03-30 18:35:52,83,9.57,97.56MB,34068.5,0.29,83.14MB / 124.8MB,0B / 0B
2026-03-30 18:36:04,83,9.58,97.83MB,34068.5,0.29,83.35MB / 125.1MB,0B / 0B
2026-03-30 18:36:16,83,9.58,97.34MB,34068.5,0.29,83.55MB / 125.4MB,0B / 0B
2026-03-30 18:36:28,84,9.58,98.4MB,34068.5,0.30,83.75MB / 125.7MB,0B / 0B
2026-03-30 18:36:40,84,9.58,98.67MB,34068.5,0.30,83.95MB / 126MB,0B / 0B
2026-03-30 18:36:52,84,9.58,97.94MB,34068.5,0.29,84.15MB / 126.4MB,0B / 0B
2026-03-30 18:37:05,84,9.58,97.67MB,34068.5,0.29,84.35MB / 126.7MB,0B / 0B
2026-03-30 18:37:17,84,9.58,98.22MB,34068.5,0.30,84.56MB / 127MB,0B / 0B
2026-03-30 18:37:29,85,9.58,98.25MB,34068.5,0.30,84.76MB / 127.3MB,0B / 0B
2026-03-30 18:37:41,85,9.58,98.01MB,34068.5,0.29,84.96MB / 127.6MB,0B / 0B
2026-03-30 18:37:53,85,9.58,98.03MB,34068.5,0.29,85.17MB / 127.9MB,0B / 0B
2026-03-30 18:38:06,85,9.58,98.3MB,34068.5,0.30,85.37MB / 128.2MB,0B / 0B
2026-03-30 18:38:18,85,9.58,98.07MB,34068.5,0.29,85.58MB / 128.5MB,0B / 0B
2026-03-30 18:38:30,86,9.58,98.06MB,34068.5,0.29,85.78MB / 128.8MB,0B / 0B
2026-03-30 18:38:42,86,9.58,98.36MB,34068.5,0.30,85.98MB / 129.1MB,0B / 0B
2026-03-30 18:38:54,86,9.58,98.33MB,34068.5,0.30,86.18MB / 129.4MB,0B / 0B
2026-03-30 18:39:07,86,9.58,98.14MB,34068.5,0.29,86.39MB / 129.7MB,0B / 0B
2026-03-30 18:39:19,86,9.58,98.16MB,34068.5,0.30,86.59MB / 130MB,0B / 0B
2026-03-30 18:39:31,87,9.58,98.69MB,34068.5,0.30,86.79MB / 130.3MB,0B / 0B
2026-03-30 18:39:43,87,9.58,98.18MB,34068.5,0.30,86.99MB / 130.6MB,0B / 0B
2026-03-30 18:39:55,87,9.58,98.46MB,34068.5,0.30,87.2MB / 130.9MB,0B / 0B
2026-03-30 18:40:07,87,9.58,98.49MB,34068.5,0.30,87.4MB / 131.2MB,0B / 0B
2026-03-30 18:40:19,87,9.58,98.78MB,34068.5,0.30,87.6MB / 131.5MB,0B / 0B
2026-03-30 18:40:31,88,9.58,98.8MB,34068.5,0.30,87.8MB / 131.8MB,0B / 0B
2026-03-30 18:40:44,88,9.59,97.78MB,34068.5,0.29,88.01MB / 132.1MB,0B / 0B
2026-03-30 18:40:56,88,9.58,98.32MB,34068.5,0.30,88.21MB / 132.4MB,0B / 0B
2026-03-30 18:41:08,88,9.59,98.59MB,34068.5,0.30,88.41MB / 132.7MB,0B / 0B
2026-03-30 18:41:20,88,9.59,98.37MB,34068.5,0.30,88.61MB / 133MB,0B / 0B
2026-03-30 18:41:32,89,9.59,98.36MB,34068.5,0.30,88.81MB / 133.4MB,0B / 0B
2026-03-30 18:41:44,89,9.59,98.66MB,34068.5,0.30,89.02MB / 133.7MB,0B / 0B
2026-03-30 18:41:57,89,9.59,97.9MB,34068.5,0.29,89.22MB / 134MB,0B / 0B
2026-03-30 18:42:09,89,9.59,98.44MB,34068.5,0.30,89.42MB / 134.3MB,0B / 0B
2026-03-30 18:42:21,89,9.59,98.72MB,34068.5,0.30,89.62MB / 134.6MB,0B / 0B
2026-03-30 18:42:33,90,9.59,99.01MB,34068.5,0.30,89.83MB / 134.9MB,0B / 0B
2026-03-30 18:42:45,90,9.59,98.77MB,34068.5,0.30,90.03MB / 135.2MB,0B / 0B
2026-03-30 18:42:57,90,9.58,98.24MB,34068.5,0.30,90.13MB / 135.3MB,0B / 0B
2026-03-30 18:43:10,90,9.57,98.53MB,34068.5,0.30,90.27MB / 135.5MB,0B / 0B
2026-03-30 18:43:22,90,9.57,99.07MB,34068.5,0.30,90.47MB / 135.8MB,0B / 0B
2026-03-30 18:43:34,91,9.57,99.07MB,34068.5,0.30,90.68MB / 136.2MB,0B / 0B
2026-03-30 18:43:46,91,9.57,98.31MB,34068.5,0.30,90.89MB / 136.5MB,0B / 0B
2026-03-30 18:43:59,91,9.57,98.86MB,34068.5,0.30,91.09MB / 136.8MB,0B / 0B
2026-03-30 18:44:11,91,9.57,98.37MB,34068.5,0.30,91.3MB / 137.1MB,0B / 0B
2026-03-30 18:44:23,91,9.57,98.4MB,34068.5,0.30,91.5MB / 137.4MB,0B / 0B
2026-03-30 18:44:36,92,9.57,98.66MB,34068.5,0.30,91.7MB / 137.7MB,0B / 0B
2026-03-30 18:44:48,92,9.57,98.66MB,34068.5,0.30,91.9MB / 138MB,0B / 0B
2026-03-30 18:45:00,92,9.57,98.19MB,34068.5,0.30,92.11MB / 138.3MB,0B / 0B
2026-03-30 18:45:13,92,9.57,98.21MB,34068.5,0.30,92.32MB / 138.6MB,0B / 0B
2026-03-30 18:45:25,93,9.57,98.98MB,34068.5,0.30,92.53MB / 138.9MB,0B / 0B
2026-03-30 18:45:37,93,9.57,98.99MB,34068.5,0.30,92.73MB / 139.2MB,0B / 0B
2026-03-30 18:45:49,93,9.57,98.53MB,34068.5,0.30,92.93MB / 139.5MB,0B / 0B
2026-03-30 18:46:01,93,9.57,98.8MB,34068.5,0.30,93.14MB / 139.8MB,0B / 0B
2026-03-30 18:46:14,93,9.57,99.6MB,34068.5,0.30,93.35MB / 140.2MB,0B / 0B
2026-03-30 18:46:26,94,9.57,99.1MB,34068.5,0.30,93.55MB / 140.5MB,0B / 0B
2026-03-30 18:46:38,94,9.57,98.87MB,34068.5,0.30,93.75MB / 140.8MB,0B / 0B
2026-03-30 18:46:50,94,9.57,99.14MB,34068.5,0.30,93.95MB / 141.1MB,0B / 0B
2026-03-30 18:47:03,94,9.57,98.91MB,34068.5,0.30,94.16MB / 141.4MB,0B / 0B
2026-03-30 18:47:15,94,9.57,99.18MB,34068.5,0.30,94.37MB / 141.7MB,0B / 0B
2026-03-30 18:47:27,95,9.57,99.71MB,34068.5,0.30,94.57MB / 142MB,0B / 0B
2026-03-30 18:47:40,95,9.57,98.96MB,34068.5,0.30,94.77MB / 142.3MB,0B / 0B
2026-03-30 18:47:52,95,9.57,98.97MB,34068.5,0.30,94.97MB / 142.6MB,0B / 0B
2026-03-30 18:48:04,95,9.57,99.51MB,34068.5,0.30,95.18MB / 142.9MB,0B / 0B
2026-03-30 18:48:16,95,9.58,98.77MB,34068.5,0.30,95.38MB / 143.2MB,0B / 0B
2026-03-30 18:48:29,96,9.57,98.79MB,34068.5,0.30,95.59MB / 143.5MB,0B / 0B
2026-03-30 18:48:41,96,9.57,99.32MB,34068.5,0.30,95.79MB / 143.8MB,0B / 0B
2026-03-30 18:48:53,96,9.57,99.34MB,34068.5,0.30,96MB / 144.1MB,0B / 0B
2026-03-30 18:49:05,96,9.57,105.5MB,34068.5,0.32,96.2MB / 144.4MB,0B / 0B
2026-03-30 18:49:18,96,9.57,99.12MB,34068.5,0.30,96.4MB / 144.7MB,0B / 0B
2026-03-30 18:49:30,97,9.57,99.16MB,34068.5,0.30,96.6MB / 145.1MB,0B / 0B
2026-03-30 18:49:42,97,9.57,99.44MB,34068.5,0.30,96.81MB / 145.4MB,0B / 0B
2026-03-30 18:49:54,97,9.57,99.95MB,34068.5,0.30,97.01MB / 145.7MB,0B / 0B
2026-03-30 18:50:06,97,9.57,99.21MB,34068.5,0.30,97.21MB / 146MB,0B / 0B
2026-03-30 18:50:18,97,9.57,99.48MB,34068.5,0.30,97.41MB / 146.3MB,0B / 0B
2026-03-30 18:50:30,98,9.57,99.51MB,34068.5,0.30,97.62MB / 146.6MB,0B / 0B
2026-03-30 18:50:42,98,9.57,99.01MB,34068.5,0.30,97.81MB / 146.9MB,0B / 0B
2026-03-30 18:50:54,98,9.57,100.6MB,34068.5,0.30,98.02MB / 147.2MB,0B / 0B
2026-03-30 18:51:07,98,9.58,99.57MB,34068.5,0.30,98.22MB / 147.5MB,0B / 0B
2026-03-30 18:51:19,98,9.57,98.81MB,34068.5,0.30,98.43MB / 147.8MB,0B / 0B
2026-03-30 18:51:31,99,9.58,99.09MB,34068.5,0.30,98.63MB / 148.1MB,0B / 0B
2026-03-30 18:51:43,99,9.57,99.89MB,34068.5,0.30,98.83MB / 148.4MB,0B / 0B
2026-03-30 18:51:55,99,9.57,99.63MB,34068.5,0.30,99.03MB / 148.7MB,0B / 0B
2026-03-30 18:52:07,99,9.58,99.16MB,34068.5,0.30,99.24MB / 149MB,0B / 0B
2026-03-30 18:52:20,99,9.57,99.68MB,34068.5,0.30,99.44MB / 149.3MB,0B / 0B
2026-03-30 18:52:32,100,9.58,99.97MB,34068.5,0.30,99.64MB / 149.6MB,0B / 0B
2026-03-30 18:52:44,100,9.58,100.2MB,34068.5,0.30,99.84MB / 149.9MB,0B / 0B
2026-03-30 18:52:56,100,9.58,100.3MB,34068.5,0.30,100MB / 150.2MB,0B / 0B
2026-03-30 18:53:08,100,9.58,99.68MB,34068.5,0.30,100.2MB / 150.5MB,0B / 0B
2026-03-30 18:53:21,100,9.58,99.01MB,34068.5,0.30,100.5MB / 150.8MB,0B / 0B
2026-03-30 18:53:33,101,9.58,99.52MB,34068.5,0.30,100.7MB / 151.1MB,0B / 0B
2026-03-30 18:53:45,101,9.58,99.32MB,34068.5,0.30,100.9MB / 151.4MB,0B / 0B
2026-03-30 18:53:57,101,9.58,99.59MB,34068.5,0.30,101.1MB / 151.7MB,0B / 0B
2026-03-30 18:54:09,101,9.58,99.86MB,34068.5,0.30,101.3MB / 152.1MB,0B / 0B
2026-03-30 18:54:22,101,9.58,99.63MB,34068.5,0.30,101.5MB / 152.4MB,0B / 0B
2026-03-30 18:54:34,102,9.58,99.91MB,34068.5,0.30,101.7MB / 152.7MB,0B / 0B
2026-03-30 18:54:46,102,9.58,99.43MB,34068.5,0.30,101.9MB / 153MB,0B / 0B
2026-03-30 18:54:58,102,9.58,100.2MB,34068.5,0.30,102.1MB / 153.3MB,0B / 0B
2026-03-30 18:55:10,102,9.58,99.43MB,34068.5,0.30,102.3MB / 153.6MB,0B / 0B
2026-03-30 18:55:22,102,9.58,99.72MB,34068.5,0.30,102.5MB / 153.9MB,0B / 0B
2026-03-30 18:55:34,103,9.58,99.5MB,34068.5,0.30,102.7MB / 154.2MB,0B / 0B
2026-03-30 18:55:47,103,9.58,100.5MB,34068.5,0.30,102.9MB / 154.5MB,0B / 0B
2026-03-30 18:55:59,103,9.58,100MB,34068.5,0.30,103.1MB / 154.8MB,0B / 0B
2026-03-30 18:56:11,103,9.58,100.1MB,34068.5,0.30,103.3MB / 155.1MB,0B / 0B
2026-03-30 18:56:23,103,9.58,100.3MB,34068.5,0.30,103.5MB / 155.4MB,0B / 0B
2026-03-30 18:56:35,104,9.58,99.33MB,34068.5,0.30,103.7MB / 155.7MB,0B / 0B
2026-03-30 18:56:48,104,9.58,99.86MB,34068.5,0.30,103.9MB / 156MB,0B / 0B
2026-03-30 18:57:00,104,9.58,99.39MB,34068.5,0.30,104.1MB / 156.3MB,0B / 0B
2026-03-30 18:57:12,104,9.58,99.64MB,34068.5,0.30,104.3MB / 156.6MB,0B / 0B
2026-03-30 18:57:24,104,9.58,99.68MB,34068.5,0.30,104.5MB / 156.9MB,0B / 0B
2026-03-30 18:57:36,105,9.58,99.69MB,34068.5,0.30,104.7MB / 157.2MB,0B / 0B
2026-03-30 18:57:49,105,9.58,100.2MB,34068.5,0.30,104.9MB / 157.5MB,0B / 0B
2026-03-30 18:58:01,105,9.58,99.48MB,34068.5,0.30,105.1MB / 157.8MB,0B / 0B
2026-03-30 18:58:13,105,9.58,100.8MB,34068.5,0.30,105.3MB / 158.1MB,0B / 0B
2026-03-30 18:58:25,106,9.58,99.77MB,34068.5,0.30,105.5MB / 158.5MB,0B / 0B
2026-03-30 18:58:37,106,9.58,99.79MB,34068.5,0.30,105.7MB / 158.8MB,0B / 0B
2026-03-30 18:58:50,106,9.58,100.1MB,34068.5,0.30,105.9MB / 159.1MB,0B / 0B
2026-03-30 18:59:02,106,9.58,99.58MB,34068.5,0.30,106.1MB / 159.4MB,0B / 0B
2026-03-30 18:59:14,106,9.58,99.86MB,34068.5,0.30,106.3MB / 159.7MB,0B / 0B
2026-03-30 18:59:26,107,9.58,100.7MB,34068.5,0.30,106.5MB / 160MB,0B / 0B
2026-03-30 18:59:38,107,9.58,100.4MB,34068.5,0.30,106.7MB / 160.3MB,0B / 0B
2026-03-30 18:59:51,107,9.58,100.2MB,34068.5,0.30,106.9MB / 160.6MB,0B / 0B
2026-03-30 19:00:03,107,9.58,99.93MB,34068.5,0.30,107.2MB / 160.9MB,0B / 0B
2026-03-30 19:00:15,107,9.58,100.5MB,34068.5,0.30,107.4MB / 161.2MB,0B / 0B
2026-03-30 19:00:27,108,9.59,100.2MB,34068.5,0.30,107.6MB / 161.5MB,0B / 0B
2026-03-30 19:00:39,108,9.58,100.5MB,34068.5,0.30,107.8MB / 161.8MB,0B / 0B
2026-03-30 19:00:52,108,9.59,100.5MB,34068.5,0.30,108MB / 162.1MB,0B / 0B
2026-03-30 19:01:04,108,9.59,100MB,34068.5,0.30,108.2MB / 162.4MB,0B / 0B
2026-03-30 19:01:16,108,9.59,100MB,34068.5,0.30,108.4MB / 162.7MB,0B / 0B
2026-03-30 19:01:28,109,9.59,100.9MB,34068.5,0.30,108.6MB / 163MB,0B / 0B
2026-03-30 19:01:41,109,9.59,100.1MB,34068.5,0.30,108.8MB / 163.3MB,0B / 0B
2026-03-30 19:01:53,109,9.59,100.9MB,34068.5,0.30,109MB / 163.6MB,0B / 0B
2026-03-30 19:02:05,109,9.59,101.2MB,34068.5,0.30,109.2MB / 163.9MB,0B / 0B
2026-03-30 19:02:17,109,9.59,100.7MB,34068.5,0.30,109.4MB / 164.2MB,0B / 0B
2026-03-30 19:02:29,110,9.59,99.91MB,34068.5,0.30,109.6MB / 164.5MB,0B / 0B
2026-03-30 19:02:41,110,9.59,100.4MB,34068.5,0.30,109.8MB / 164.8MB,0B / 0B
2026-03-30 19:02:53,110,9.59,99.95MB,34068.5,0.30,110MB / 165.1MB,0B / 0B
2026-03-30 19:03:05,110,9.59,100.8MB,34068.5,0.30,110.2MB / 165.4MB,0B / 0B
2026-03-30 19:03:17,110,9.59,99.99MB,34068.5,0.30,110.4MB / 165.7MB,0B / 0B
2026-03-30 19:03:29,111,9.59,100.3MB,34068.5,0.30,110.6MB / 166MB,0B / 0B
2026-03-30 19:03:41,111,9.59,100.5MB,34068.5,0.30,110.8MB / 166.3MB,0B / 0B
2026-03-30 19:03:53,111,9.59,101.3MB,34068.5,0.30,111MB / 166.6MB,0B / 0B
2026-03-30 19:04:06,111,9.59,100.6MB,34068.5,0.30,111.2MB / 167MB,0B / 0B
2026-03-30 19:04:18,111,9.59,100.1MB,34068.5,0.30,111.4MB / 167.3MB,0B / 0B
2026-03-30 19:04:30,112,9.59,100.6MB,34068.5,0.30,111.6MB / 167.6MB,0B / 0B
2026-03-30 19:04:42,112,9.59,100.9MB,34068.5,0.30,111.8MB / 167.9MB,0B / 0B
2026-03-30 19:04:54,112,9.59,101.5MB,34068.5,0.30,112MB / 168.2MB,0B / 0B
2026-03-30 19:05:06,112,9.59,100.7MB,34068.5,0.30,112.2MB / 168.5MB,0B / 0B
2026-03-30 19:05:18,112,9.59,101MB,34068.5,0.30,112.4MB / 168.8MB,0B / 0B
2026-03-30 19:05:31,113,9.59,101.5MB,34068.5,0.31,112.6MB / 169.1MB,0B / 0B
2026-03-30 19:05:43,113,9.59,100.8MB,34068.5,0.30,112.8MB / 169.4MB,0B / 0B
2026-03-30 19:05:55,113,9.59,100.8MB,34068.5,0.30,113MB / 169.7MB,0B / 0B
2026-03-30 19:06:07,113,9.59,101MB,34068.5,0.30,113.2MB / 170MB,0B / 0B
2026-03-30 19:06:19,113,9.59,100.8MB,34068.5,0.30,113.4MB / 170.3MB,0B / 0B
2026-03-30 19:06:32,114,9.59,101.1MB,34068.5,0.30,113.6MB / 170.6MB,0B / 0B
2026-03-30 19:06:44,114,9.59,101.1MB,34068.5,0.30,113.8MB / 170.9MB,0B / 0B
2026-03-30 19:06:56,114,9.59,100.9MB,34068.5,0.30,114MB / 171.2MB,0B / 0B
2026-03-30 19:07:08,114,9.59,100.6MB,34068.5,0.30,114.2MB / 171.5MB,0B / 0B
2026-03-30 19:07:20,114,9.59,100.9MB,34068.5,0.30,114.4MB / 171.8MB,0B / 0B
2026-03-30 19:07:32,115,9.59,100.9MB,34068.5,0.30,114.6MB / 172.1MB,0B / 0B
2026-03-30 19:07:45,115,9.59,100.9MB,34068.5,0.30,114.8MB / 172.4MB,0B / 0B
2026-03-30 19:07:57,115,9.59,101.5MB,34068.5,0.30,115MB / 172.7MB,0B / 0B
2026-03-30 19:08:09,115,9.59,101.2MB,34068.5,0.30,115.2MB / 173MB,0B / 0B
2026-03-30 19:08:21,115,9.59,101.5MB,34068.5,0.31,115.4MB / 173.3MB,0B / 0B
2026-03-30 19:08:33,116,9.59,101.5MB,34068.5,0.31,115.6MB / 173.6MB,0B / 0B
2026-03-30 19:08:45,116,9.59,100.8MB,34068.5,0.30,115.8MB / 174MB,0B / 0B
2026-03-30 19:08:58,116,9.59,101.3MB,34068.5,0.30,116.1MB / 174.3MB,0B / 0B
2026-03-30 19:09:10,116,9.59,101.9MB,34068.5,0.31,116.3MB / 174.6MB,0B / 0B
2026-03-30 19:09:22,116,9.59,100.6MB,34068.5,0.30,116.5MB / 174.9MB,0B / 0B
2026-03-30 19:09:34,117,9.59,100.9MB,34068.5,0.30,116.7MB / 175.2MB,0B / 0B
2026-03-30 19:09:46,117,9.59,100.9MB,34068.5,0.30,116.9MB / 175.5MB,0B / 0B
2026-03-30 19:09:58,117,9.60,101.2MB,34068.5,0.30,117.1MB / 175.8MB,0B / 0B
2026-03-30 19:10:10,117,9.60,101.5MB,34068.5,0.30,117.3MB / 176.1MB,0B / 0B
2026-03-30 19:10:22,117,9.60,101.7MB,34068.5,0.31,117.5MB / 176.4MB,0B / 0B
2026-03-30 19:10:34,118,9.59,101MB,34068.5,0.30,117.7MB / 176.7MB,0B / 0B
2026-03-30 19:10:47,118,9.59,101.2MB,34068.5,0.30,117.9MB / 177MB,0B / 0B
2026-03-30 19:10:59,118,9.59,102MB,34068.5,0.31,118.1MB / 177.3MB,0B / 0B
2026-03-30 19:11:11,118,9.59,101.3MB,34068.5,0.30,118.3MB / 177.6MB,0B / 0B
2026-03-30 19:11:23,118,9.59,101.1MB,34068.5,0.30,118.5MB / 177.9MB,0B / 0B
2026-03-30 19:11:36,119,9.59,101.3MB,34068.5,0.30,118.7MB / 178.2MB,0B / 0B
2026-03-30 19:11:48,119,9.59,101.1MB,34068.5,0.30,118.9MB / 178.5MB,0B / 0B
2026-03-30 19:12:00,119,9.59,102.2MB,34068.5,0.31,119.1MB / 178.8MB,0B / 0B
2026-03-30 19:12:12,119,9.59,101.7MB,34068.5,0.31,119.3MB / 179.1MB,0B / 0B
2026-03-30 19:12:24,119,9.59,101.4MB,34068.5,0.30,119.5MB / 179.4MB,0B / 0B
2026-03-30 19:12:36,120,9.60,101.7MB,34068.5,0.31,119.7MB / 179.7MB,0B / 0B
2026-03-30 19:12:48,120,9.60,102MB,34068.5,0.31,119.9MB / 180MB,0B / 0B
2026-03-30 19:13:00,120,9.60,101.7MB,34068.5,0.31,120.1MB / 180.3MB,0B / 0B
2026-03-30 19:13:12,120,9.58,101.7MB,34068.5,0.31,120.1MB / 180.4MB,0B / 0B
2026-03-30 19:13:25,121,9.58,101.5MB,34068.5,0.31,120.4MB / 180.7MB,0B / 0B
2026-03-30 19:13:37,121,9.58,101.8MB,34068.5,0.31,120.6MB / 181MB,0B / 0B
2026-03-30 19:13:49,121,9.59,101.8MB,34068.5,0.31,120.8MB / 181.3MB,0B / 0B
2026-03-30 19:14:01,121,9.59,101.3MB,34068.5,0.30,121MB / 181.6MB,0B / 0B
2026-03-30 19:14:13,121,9.59,102.1MB,34068.5,0.31,121.2MB / 181.9MB,0B / 0B
2026-03-30 19:14:26,122,9.59,101.6MB,34068.5,0.31,121.4MB / 182.2MB,0B / 0B
2026-03-30 19:14:38,122,9.59,101.6MB,34068.5,0.31,121.6MB / 182.5MB,0B / 0B
2026-03-30 19:14:50,122,9.59,102.1MB,34068.5,0.31,121.8MB / 182.8MB,0B / 0B
2026-03-30 19:15:02,122,9.59,101.4MB,34068.5,0.30,122MB / 183.1MB,0B / 0B
2026-03-30 19:15:14,122,9.59,101.9MB,34068.5,0.31,122.2MB / 183.4MB,0B / 0B
2026-03-30 19:15:26,123,9.59,102.2MB,34068.5,0.31,122.4MB / 183.7MB,0B / 0B
2026-03-30 19:15:38,123,9.59,101.7MB,34068.5,0.31,122.6MB / 184MB,0B / 0B
2026-03-30 19:15:50,123,9.58,101.5MB,34068.5,0.30,122.8MB / 184.3MB,0B / 0B
2026-03-30 19:16:02,123,9.58,101.2MB,34068.5,0.30,123MB / 184.7MB,0B / 0B
2026-03-30 19:16:15,123,9.58,102MB,34068.5,0.31,123.2MB / 185MB,0B / 0B
2026-03-30 19:16:27,124,9.59,102.3MB,34068.5,0.31,123.4MB / 185.3MB,0B / 0B
2026-03-30 19:16:39,124,9.59,101.3MB,34068.5,0.30,123.6MB / 185.6MB,0B / 0B
2026-03-30 19:16:51,124,9.59,101.8MB,34068.5,0.31,123.8MB / 185.9MB,0B / 0B
2026-03-30 19:17:03,124,9.59,102.6MB,34068.5,0.31,124MB / 186.2MB,0B / 0B
2026-03-30 19:17:15,124,9.59,102.4MB,34068.5,0.31,124.2MB / 186.5MB,0B / 0B
2026-03-30 19:17:27,125,9.59,101.6MB,34068.5,0.31,124.4MB / 186.8MB,0B / 0B
2026-03-30 19:17:39,125,9.59,101.9MB,34068.5,0.31,124.6MB / 187.1MB,0B / 0B
2026-03-30 19:17:52,125,9.59,102.7MB,34068.5,0.31,124.8MB / 187.4MB,0B / 0B
2026-03-30 19:18:04,125,9.59,101.4MB,34068.5,0.30,125MB / 187.7MB,0B / 0B
2026-03-30 19:18:16,125,9.59,102.2MB,34068.5,0.31,125.2MB / 188MB,0B / 0B
2026-03-30 19:18:28,126,9.59,102.3MB,34068.5,0.31,125.4MB / 188.3MB,0B / 0B
2026-03-30 19:18:40,126,9.59,102.3MB,34068.5,0.31,125.6MB / 188.6MB,0B / 0B
2026-03-30 19:18:52,126,9.59,102MB,34068.5,0.31,125.8MB / 188.9MB,0B / 0B
2026-03-30 19:19:04,126,9.59,101.5MB,34068.5,0.31,126MB / 189.2MB,0B / 0B
2026-03-30 19:19:17,126,9.59,101.8MB,34068.5,0.31,126.2MB / 189.5MB,0B / 0B
2026-03-30 19:19:29,127,9.59,102.9MB,34068.5,0.31,126.4MB / 189.8MB,0B / 0B
2026-03-30 19:19:41,127,9.59,102.1MB,34068.5,0.31,126.6MB / 190.1MB,0B / 0B
2026-03-30 19:19:53,127,9.59,102.1MB,34068.5,0.31,126.8MB / 190.4MB,0B / 0B
2026-03-30 19:20:06,127,9.59,102.4MB,34068.5,0.31,127MB / 190.7MB,0B / 0B
2026-03-30 19:20:18,127,9.59,101.9MB,34068.5,0.31,127.2MB / 191MB,0B / 0B
2026-03-30 19:20:30,128,9.59,101.9MB,34068.5,0.31,127.4MB / 191.3MB,0B / 0B
2026-03-30 19:20:42,128,9.59,102.5MB,34068.5,0.31,127.6MB / 191.6MB,0B / 0B
2026-03-30 19:20:54,128,9.59,102.2MB,34068.5,0.31,127.8MB / 191.9MB,0B / 0B
2026-03-30 19:21:06,128,9.59,102MB,34068.5,0.31,128MB / 192.3MB,0B / 0B
2026-03-30 19:21:18,128,9.59,102.3MB,34068.5,0.31,128.2MB / 192.6MB,0B / 0B
2026-03-30 19:21:31,129,9.59,102.3MB,34068.5,0.31,128.4MB / 192.9MB,0B / 0B
2026-03-30 19:21:43,129,9.59,102.3MB,34068.5,0.31,128.6MB / 193.2MB,0B / 0B
2026-03-30 19:21:55,129,9.59,102.3MB,34068.5,0.31,128.8MB / 193.5MB,0B / 0B
2026-03-30 19:22:07,129,9.59,102.1MB,34068.5,0.31,129.1MB / 193.8MB,0B / 0B
2026-03-30 19:22:20,129,9.59,103.4MB,34068.5,0.31,129.3MB / 194.1MB,0B / 0B
2026-03-30 19:22:32,130,9.59,102.6MB,34068.5,0.31,129.5MB / 194.4MB,0B / 0B
2026-03-30 19:22:44,130,9.59,102.2MB,34068.5,0.31,129.7MB / 194.7MB,0B / 0B
2026-03-30 19:22:56,130,9.59,102.4MB,34068.5,0.31,129.9MB / 195MB,0B / 0B
2026-03-30 19:23:08,130,9.59,102.4MB,34068.5,0.31,130.1MB / 195.3MB,0B / 0B
2026-03-30 19:23:20,130,9.59,102.7MB,34068.5,0.31,130.3MB / 195.6MB,0B / 0B
2026-03-30 19:23:33,131,9.59,103MB,34068.5,0.31,130.5MB / 195.9MB,0B / 0B
2026-03-30 19:23:45,131,9.59,102.8MB,34068.5,0.31,130.7MB / 196.2MB,0B / 0B
2026-03-30 19:23:57,131,9.59,103.3MB,34068.5,0.31,130.9MB / 196.5MB,0B / 0B
2026-03-30 19:24:09,131,9.59,102.6MB,34068.5,0.31,131.1MB / 196.8MB,0B / 0B
2026-03-30 19:24:22,131,9.59,103.1MB,34068.5,0.31,131.3MB / 197.1MB,0B / 0B
2026-03-30 19:24:34,132,9.59,103.1MB,34068.5,0.31,131.5MB / 197.4MB,0B / 0B
2026-03-30 19:24:46,132,9.59,102.4MB,34068.5,0.31,131.7MB / 197.7MB,0B / 0B
2026-03-30 19:24:58,132,9.59,103.4MB,34068.5,0.31,131.9MB / 198MB,0B / 0B
2026-03-30 19:25:10,132,9.59,102.4MB,34068.5,0.31,132.1MB / 198.3MB,0B / 0B
2026-03-30 19:25:23,132,9.59,102.2MB,34068.5,0.31,132.3MB / 198.7MB,0B / 0B
2026-03-30 19:25:35,133,9.59,102.4MB,34068.5,0.31,132.5MB / 199MB,0B / 0B
2026-03-30 19:25:47,133,9.59,102.7MB,34068.5,0.31,132.7MB / 199.3MB,0B / 0B
2026-03-30 19:25:59,133,9.59,102.5MB,34068.5,0.31,132.9MB / 199.6MB,0B / 0B
2026-03-30 19:26:12,133,9.60,103.3MB,34068.5,0.31,133.1MB / 199.9MB,0B / 0B
2026-03-30 19:26:24,133,9.60,103.3MB,34068.5,0.31,133.3MB / 200.2MB,0B / 0B
2026-03-30 19:26:36,134,9.60,103.3MB,34068.5,0.31,133.5MB / 200.5MB,0B / 0B
2026-03-30 19:26:48,134,9.60,102.8MB,34068.5,0.31,133.7MB / 200.8MB,0B / 0B
2026-03-30 19:27:00,134,9.60,103.1MB,34068.5,0.31,133.9MB / 201.1MB,0B / 0B
2026-03-30 19:27:12,134,9.59,102.6MB,34068.5,0.31,134.1MB / 201.4MB,0B / 0B
2026-03-30 19:27:24,134,9.59,102.6MB,34068.5,0.31,134.3MB / 201.7MB,0B / 0B
2026-03-30 19:27:37,135,9.60,102.9MB,34068.5,0.31,134.5MB / 202MB,0B / 0B
2026-03-30 19:27:49,135,9.60,103.2MB,34068.5,0.31,134.7MB / 202.3MB,0B / 0B
2026-03-30 19:28:01,135,9.60,102.9MB,34068.5,0.31,134.9MB / 202.6MB,0B / 0B
2026-03-30 19:28:13,135,9.60,103MB,34068.5,0.31,135.1MB / 202.9MB,0B / 0B
2026-03-30 19:28:25,136,9.59,102.5MB,34068.5,0.31,135.3MB / 203.2MB,0B / 0B
2026-03-30 19:28:37,136,9.60,103.2MB,34068.5,0.31,135.5MB / 203.5MB,0B / 0B
2026-03-30 19:28:49,136,9.60,103.5MB,34068.5,0.31,135.7MB / 203.8MB,0B / 0B
2026-03-30 19:29:02,136,9.60,103.6MB,34068.5,0.31,135.9MB / 204.1MB,0B / 0B
2026-03-30 19:29:14,136,9.60,103.6MB,34068.5,0.31,136.1MB / 204.4MB,0B / 0B
2026-03-30 19:29:26,137,9.60,103.6MB,34068.5,0.31,136.3MB / 204.7MB,0B / 0B
2026-03-30 19:29:38,137,9.60,102.6MB,34068.5,0.31,136.5MB / 205MB,0B / 0B
2026-03-30 19:29:50,137,9.60,103.6MB,34068.5,0.31,136.8MB / 205.3MB,0B / 0B
2026-03-30 19:30:03,137,9.60,102.9MB,34068.5,0.31,137MB / 205.6MB,0B / 0B
2026-03-30 19:30:15,137,9.60,102.9MB,34068.5,0.31,137.2MB / 206MB,0B / 0B
2026-03-30 19:30:27,138,9.60,103.7MB,34068.5,0.31,137.4MB / 206.3MB,0B / 0B
2026-03-30 19:30:39,138,9.60,103.4MB,34068.5,0.31,137.6MB / 206.6MB,0B / 0B
2026-03-30 19:30:51,138,9.60,102.9MB,34068.5,0.31,137.8MB / 206.9MB,0B / 0B
2026-03-30 19:31:03,138,9.60,103.2MB,34068.5,0.31,138MB / 207.2MB,0B / 0B
2026-03-30 19:31:16,138,9.60,104MB,34068.5,0.31,138.2MB / 207.5MB,0B / 0B
2026-03-30 19:31:28,139,9.60,103.3MB,34068.5,0.31,138.4MB / 207.8MB,0B / 0B
2026-03-30 19:31:40,139,9.60,103.3MB,34068.5,0.31,138.6MB / 208.1MB,0B / 0B
2026-03-30 19:31:52,139,9.60,103.6MB,34068.5,0.31,138.8MB / 208.4MB,0B / 0B
2026-03-30 19:32:04,139,9.60,103.4MB,34068.5,0.31,139MB / 208.7MB,0B / 0B
2026-03-30 19:32:17,139,9.60,103.1MB,34068.5,0.31,139.2MB / 209MB,0B / 0B
2026-03-30 19:32:29,140,9.60,103.4MB,34068.5,0.31,139.4MB / 209.3MB,0B / 0B
2026-03-30 19:32:41,140,9.60,103.7MB,34068.5,0.31,139.6MB / 209.6MB,0B / 0B
2026-03-30 19:32:54,140,9.60,103.4MB,34068.5,0.31,139.8MB / 209.9MB,0B / 0B
2026-03-30 19:33:06,140,9.60,103.7MB,34068.5,0.31,140MB / 210.2MB,0B / 0B
2026-03-30 19:33:18,140,9.60,103.4MB,34068.5,0.31,140.2MB / 210.5MB,0B / 0B
2026-03-30 19:33:30,141,9.60,103MB,34068.5,0.31,140.4MB / 210.8MB,0B / 0B
2026-03-30 19:33:42,141,9.60,104MB,34068.5,0.31,140.6MB / 211.1MB,0B / 0B
2026-03-30 19:33:54,141,9.60,103MB,34068.5,0.31,140.8MB / 211.5MB,0B / 0B
2026-03-30 19:34:07,141,9.60,103.8MB,34068.5,0.31,141MB / 211.8MB,0B / 0B
2026-03-30 19:34:19,141,9.60,103.8MB,34068.5,0.31,141.2MB / 212.1MB,0B / 0B
2026-03-30 19:34:31,142,9.60,103.8MB,34068.5,0.31,141.4MB / 212.4MB,0B / 0B
2026-03-30 19:34:43,142,9.60,103.9MB,34068.5,0.31,141.6MB / 212.7MB,0B / 0B
2026-03-30 19:34:55,142,9.60,103.8MB,34068.5,0.31,141.8MB / 213MB,0B / 0B
2026-03-30 19:35:08,142,9.60,103.6MB,34068.5,0.31,142MB / 213.3MB,0B / 0B
2026-03-30 19:35:20,142,9.60,103.1MB,34068.5,0.31,142.2MB / 213.6MB,0B / 0B
2026-03-30 19:35:32,143,9.60,103.7MB,34068.5,0.31,142.4MB / 213.9MB,0B / 0B
2026-03-30 19:35:44,143,9.60,103.7MB,34068.5,0.31,142.7MB / 214.2MB,0B / 0B
2026-03-30 19:35:56,143,9.60,103.7MB,34068.5,0.31,142.9MB / 214.5MB,0B / 0B
2026-03-30 19:36:08,143,9.60,104MB,34068.5,0.31,143.1MB / 214.8MB,0B / 0B
2026-03-30 19:36:21,143,9.60,103.8MB,34068.5,0.31,143.3MB / 215.1MB,0B / 0B
2026-03-30 19:36:33,144,9.60,104.3MB,34068.5,0.31,143.5MB / 215.4MB,0B / 0B
2026-03-30 19:36:45,144,9.60,103.8MB,34068.5,0.31,143.7MB / 215.7MB,0B / 0B
2026-03-30 19:36:57,144,9.60,103.3MB,34068.5,0.31,143.9MB / 216MB,0B / 0B
2026-03-30 19:37:09,144,9.60,103.8MB,34068.5,0.31,144.1MB / 216.3MB,0B / 0B
2026-03-30 19:37:21,144,9.60,103.6MB,34068.5,0.31,144.3MB / 216.6MB,0B / 0B
2026-03-30 19:37:33,145,9.60,104.4MB,34068.5,0.31,144.5MB / 216.9MB,0B / 0B
2026-03-30 19:37:46,145,9.60,104.4MB,34068.5,0.31,144.7MB / 217.2MB,0B / 0B
2026-03-30 19:37:58,145,9.60,104.2MB,34068.5,0.31,144.9MB / 217.5MB,0B / 0B
2026-03-30 19:38:10,145,9.60,103.9MB,34068.5,0.31,145.1MB / 217.9MB,0B / 0B
2026-03-30 19:38:22,145,9.60,105MB,34068.5,0.32,145.3MB / 218.2MB,0B / 0B
2026-03-30 19:38:34,146,9.60,104.2MB,34068.5,0.31,145.5MB / 218.5MB,0B / 0B
2026-03-30 19:38:47,146,9.60,103.7MB,34068.5,0.31,145.7MB / 218.8MB,0B / 0B
2026-03-30 19:38:59,146,9.60,103.7MB,34068.5,0.31,145.9MB / 219.1MB,0B / 0B
2026-03-30 19:39:11,146,9.60,104.8MB,34068.5,0.32,146.1MB / 219.4MB,0B / 0B
2026-03-30 19:39:23,146,9.60,104.1MB,34068.5,0.31,146.3MB / 219.7MB,0B / 0B
2026-03-30 19:39:35,147,9.60,104.3MB,34068.5,0.31,146.5MB / 220MB,0B / 0B
2026-03-30 19:39:47,147,9.60,104.6MB,34068.5,0.31,146.7MB / 220.3MB,0B / 0B
2026-03-30 19:39:59,147,9.60,104.4MB,34068.5,0.31,146.9MB / 220.6MB,0B / 0B
2026-03-30 19:40:12,147,9.60,104.4MB,34068.5,0.31,147.1MB / 220.9MB,0B / 0B
2026-03-30 19:40:24,147,9.60,103.6MB,34068.5,0.31,147.3MB / 221.2MB,0B / 0B
2026-03-30 19:40:36,148,9.60,104.2MB,34068.5,0.31,147.5MB / 221.5MB,0B / 0B
2026-03-30 19:40:48,148,9.60,104.7MB,34068.5,0.31,147.7MB / 221.8MB,0B / 0B
2026-03-30 19:41:00,148,9.60,104.5MB,34068.5,0.31,147.9MB / 222.1MB,0B / 0B
2026-03-30 19:41:12,148,9.60,104.2MB,34068.5,0.31,148.1MB / 222.4MB,0B / 0B
2026-03-30 19:41:24,148,9.60,104.3MB,34068.5,0.31,148.3MB / 222.7MB,0B / 0B
2026-03-30 19:41:37,149,9.60,104.3MB,34068.5,0.31,148.5MB / 223MB,0B / 0B
2026-03-30 19:41:49,149,9.60,104.6MB,34068.5,0.31,148.7MB / 223.3MB,0B / 0B
2026-03-30 19:42:01,149,9.60,104.1MB,34068.5,0.31,148.9MB / 223.6MB,0B / 0B
2026-03-30 19:42:13,149,9.60,104.8MB,34068.5,0.32,149.1MB / 223.9MB,0B / 0B
2026-03-30 19:42:25,150,9.60,104.9MB,34068.5,0.32,149.3MB / 224.2MB,0B / 0B
2026-03-30 19:42:37,150,9.60,104.4MB,34068.5,0.31,149.5MB / 224.5MB,0B / 0B
2026-03-30 19:42:49,150,9.60,104.1MB,34068.5,0.31,149.7MB / 224.8MB,0B / 0B
2026-03-30 19:43:02,150,9.60,105.4MB,34068.5,0.32,149.9MB / 225.1MB,0B / 0B
2026-03-30 19:43:14,150,9.60,103.9MB,34068.5,0.31,150.1MB / 225.4MB,0B / 0B
2026-03-30 19:43:26,151,9.59,105.7MB,34068.5,0.32,150.2MB / 225.5MB,0B / 0B
2026-03-30 19:43:38,151,9.59,105MB,34068.5,0.32,150.4MB / 225.8MB,0B / 0B
2026-03-30 19:43:51,151,9.59,104MB,34068.5,0.31,150.6MB / 226.1MB,0B / 0B
2026-03-30 19:44:03,151,9.59,104.2MB,34068.5,0.31,150.8MB / 226.4MB,0B / 0B
2026-03-30 19:44:15,151,9.59,104.8MB,34068.5,0.31,151MB / 226.7MB,0B / 0B
2026-03-30 19:44:27,152,9.59,104.5MB,34068.5,0.31,151.2MB / 227MB,0B / 0B
2026-03-30 19:44:40,152,9.59,105.1MB,34068.5,0.32,151.4MB / 227.3MB,0B / 0B
2026-03-30 19:44:52,152,9.59,104.8MB,34068.5,0.31,151.6MB / 227.7MB,0B / 0B
2026-03-30 19:45:04,152,9.59,104.3MB,34068.5,0.31,151.8MB / 228MB,0B / 0B
2026-03-30 19:45:16,152,9.59,104.4MB,34068.5,0.31,152MB / 228.3MB,0B / 0B
2026-03-30 19:45:29,153,9.59,104.4MB,34068.5,0.31,152.2MB / 228.6MB,0B / 0B
2026-03-30 19:45:41,153,9.59,104.9MB,34068.5,0.32,152.4MB / 228.9MB,0B / 0B
2026-03-30 19:45:53,153,9.59,104.9MB,34068.5,0.32,152.6MB / 229.2MB,0B / 0B
2026-03-30 19:46:05,153,9.59,104.2MB,34068.5,0.31,152.8MB / 229.5MB,0B / 0B
2026-03-30 19:46:18,153,9.59,105.2MB,34068.5,0.32,153MB / 229.8MB,0B / 0B
2026-03-30 19:46:30,154,9.59,105MB,34068.5,0.32,153.2MB / 230.1MB,0B / 0B
2026-03-30 19:46:42,154,9.59,104.8MB,34068.5,0.31,153.4MB / 230.4MB,0B / 0B
2026-03-30 19:46:55,154,9.59,105.3MB,34068.5,0.32,153.6MB / 230.7MB,0B / 0B
2026-03-30 19:47:07,154,9.59,104.5MB,34068.5,0.31,153.8MB / 231MB,0B / 0B
2026-03-30 19:47:19,154,9.59,104.8MB,34068.5,0.32,154MB / 231.3MB,0B / 0B
2026-03-30 19:47:31,155,9.59,104.3MB,34068.5,0.31,154.2MB / 231.6MB,0B / 0B
2026-03-30 19:47:43,155,9.59,104.3MB,34068.5,0.31,154.4MB / 231.9MB,0B / 0B
2026-03-30 19:47:56,155,9.60,104.6MB,34068.5,0.31,154.7MB / 232.2MB,0B / 0B
2026-03-30 19:48:08,155,9.60,104.9MB,34068.5,0.32,154.9MB / 232.5MB,0B / 0B
2026-03-30 19:48:21,155,9.60,104.9MB,34068.5,0.32,155.1MB / 232.8MB,0B / 0B
2026-03-30 19:48:33,156,9.60,104.4MB,34068.5,0.31,155.3MB / 233.1MB,0B / 0B
2026-03-30 19:48:45,156,9.60,105.5MB,34068.5,0.32,155.5MB / 233.4MB,0B / 0B
2026-03-30 19:48:58,156,9.60,105MB,34068.5,0.32,155.7MB / 233.7MB,0B / 0B
2026-03-30 19:49:10,156,9.60,104.7MB,34068.5,0.31,155.9MB / 234MB,0B / 0B
2026-03-30 19:49:22,156,9.60,105.5MB,34068.5,0.32,156.1MB / 234.4MB,0B / 0B
2026-03-30 19:49:34,157,9.60,104.5MB,34068.5,0.31,156.3MB / 234.6MB,0B / 0B
2026-03-30 19:49:46,157,9.60,105.8MB,34068.5,0.32,156.5MB / 235MB,0B / 0B
2026-03-30 19:49:58,157,9.60,104.8MB,34068.5,0.32,156.7MB / 235.3MB,0B / 0B
2026-03-30 19:50:11,157,9.60,105.6MB,34068.5,0.32,156.9MB / 235.6MB,0B / 0B
2026-03-30 19:50:23,157,9.60,104.6MB,34068.5,0.31,157.1MB / 235.9MB,0B / 0B
2026-03-30 19:50:36,158,9.61,105.9MB,34068.5,0.32,157.3MB / 236.2MB,0B / 0B
2026-03-30 19:50:48,158,9.61,105.4MB,34068.5,0.32,157.5MB / 236.5MB,0B / 0B
2026-03-30 19:51:00,158,9.61,105.2MB,34068.5,0.32,157.7MB / 236.8MB,0B / 0B
2026-03-30 19:51:12,158,9.61,105.2MB,34068.5,0.32,157.9MB / 237.1MB,0B / 0B
2026-03-30 19:51:25,159,9.61,104.7MB,34068.5,0.31,158.1MB / 237.4MB,0B / 0B
2026-03-30 19:51:37,159,9.61,105MB,34068.5,0.32,158.3MB / 237.7MB,0B / 0B
2026-03-30 19:51:49,159,9.61,105.8MB,34068.5,0.32,158.5MB / 238MB,0B / 0B
2026-03-30 19:52:01,159,9.61,105MB,34068.5,0.32,158.7MB / 238.3MB,0B / 0B
2026-03-30 19:52:14,159,9.61,105.3MB,34068.5,0.32,158.9MB / 238.6MB,0B / 0B
2026-03-30 19:52:26,160,9.61,104.8MB,34068.5,0.31,159.1MB / 238.9MB,0B / 0B
2026-03-30 19:52:38,160,9.61,104.8MB,34068.5,0.32,159.3MB / 239.2MB,0B / 0B
2026-03-30 19:52:51,160,9.61,105.4MB,34068.5,0.32,159.5MB / 239.5MB,0B / 0B
2026-03-30 19:53:03,160,9.61,105.4MB,34068.5,0.32,159.7MB / 239.8MB,0B / 0B
2026-03-30 19:53:15,160,9.61,105.4MB,34068.5,0.32,159.9MB / 240.1MB,0B / 0B
2026-03-30 19:53:27,161,9.61,105.1MB,34068.5,0.32,160.1MB / 240.4MB,0B / 0B
2026-03-30 19:53:40,161,9.61,105.4MB,34068.5,0.32,160.3MB / 240.7MB,0B / 0B
2026-03-30 19:53:52,161,9.61,105MB,34068.5,0.32,160.5MB / 241MB,0B / 0B
2026-03-30 19:54:04,161,9.61,105MB,34068.5,0.32,160.7MB / 241.3MB,0B / 0B
2026-03-30 19:54:17,161,9.62,105.5MB,34068.5,0.32,160.9MB / 241.6MB,0B / 0B
2026-03-30 19:54:29,162,9.62,105MB,34068.5,0.32,161.1MB / 241.9MB,0B / 0B
2026-03-30 19:54:42,162,9.62,105.5MB,34068.5,0.32,161.3MB / 242.2MB,0B / 0B
2026-03-30 19:54:54,162,9.62,105.6MB,34068.5,0.32,161.5MB / 242.6MB,0B / 0B
2026-03-30 19:55:06,162,9.62,105.1MB,34068.5,0.32,161.7MB / 242.9MB,0B / 0B
2026-03-30 19:55:18,162,9.62,105.9MB,34068.5,0.32,161.9MB / 243.2MB,0B / 0B
2026-03-30 19:55:31,163,9.62,105.9MB,34068.5,0.32,162.1MB / 243.5MB,0B / 0B
2026-03-30 19:55:43,163,9.62,105.9MB,34068.5,0.32,162.3MB / 243.8MB,0B / 0B
2026-03-30 19:55:56,163,9.62,105.7MB,34068.5,0.32,162.5MB / 244.1MB,0B / 0B
2026-03-30 19:56:08,163,9.62,105.7MB,34068.5,0.32,162.7MB / 244.4MB,0B / 0B
2026-03-30 19:56:20,163,9.62,105.2MB,34068.5,0.32,162.9MB / 244.7MB,0B / 0B
2026-03-30 19:56:32,164,9.62,105.5MB,34068.5,0.32,163.2MB / 245MB,0B / 0B
2026-03-30 19:56:45,164,9.62,105.5MB,34068.5,0.32,163.4MB / 245.3MB,0B / 0B
2026-03-30 19:56:57,164,9.62,105.2MB,34068.5,0.32,163.6MB / 245.6MB,0B / 0B
2026-03-30 19:57:09,164,9.62,105.8MB,34068.5,0.32,163.8MB / 245.9MB,0B / 0B
2026-03-30 19:57:22,164,9.62,105.3MB,34068.5,0.32,164MB / 246.2MB,0B / 0B
2026-03-30 19:57:34,165,9.62,105.5MB,34068.5,0.32,164.2MB / 246.5MB,0B / 0B
2026-03-30 19:57:46,165,9.62,106.4MB,34068.5,0.32,164.4MB / 246.8MB,0B / 0B
2026-03-30 19:57:58,165,9.62,106.4MB,34068.5,0.32,164.6MB / 247.1MB,0B / 0B
2026-03-30 19:58:10,165,9.62,106.4MB,34068.5,0.32,164.8MB / 247.4MB,0B / 0B
2026-03-30 19:58:23,165,9.62,105.4MB,34068.5,0.32,165MB / 247.7MB,0B / 0B
2026-03-30 19:58:35,166,9.62,106.2MB,34068.5,0.32,165.2MB / 248MB,0B / 0B
2026-03-30 19:58:47,166,9.63,105.9MB,34068.5,0.32,165.4MB / 248.3MB,0B / 0B
2026-03-30 19:58:59,166,9.63,105.4MB,34068.5,0.32,165.6MB / 248.6MB,0B / 0B
2026-03-30 19:59:12,166,9.63,105.7MB,34068.5,0.32,165.8MB / 248.9MB,0B / 0B
2026-03-30 19:59:24,166,9.63,106.5MB,34068.5,0.32,166MB / 249.2MB,0B / 0B
2026-03-30 19:59:36,167,9.63,106.3MB,34068.5,0.32,166.2MB / 249.5MB,0B / 0B
2026-03-30 19:59:49,167,9.63,106.5MB,34068.5,0.32,166.4MB / 249.8MB,0B / 0B
2026-03-30 20:00:01,167,9.63,105.5MB,34068.5,0.32,166.6MB / 250.1MB,0B / 0B
2026-03-30 20:00:13,167,9.63,106.1MB,34068.5,0.32,166.8MB / 250.4MB,0B / 0B
2026-03-30 20:00:25,168,9.63,106.6MB,34068.5,0.32,167MB / 250.7MB,0B / 0B
2026-03-30 20:00:37,168,9.63,105.6MB,34068.5,0.32,167.2MB / 251MB,0B / 0B
2026-03-30 20:00:50,168,9.63,105.6MB,34068.5,0.32,167.4MB / 251.3MB,0B / 0B
2026-03-30 20:01:02,168,9.63,106.2MB,34068.5,0.32,167.6MB / 251.6MB,0B / 0B
2026-03-30 20:01:14,168,9.63,105.9MB,34068.5,0.32,167.8MB / 252MB,0B / 0B
2026-03-30 20:01:27,169,9.63,106.2MB,34068.5,0.32,168MB / 252.3MB,0B / 0B
2026-03-30 20:01:39,169,9.63,106.5MB,34068.5,0.32,168.2MB / 252.6MB,0B / 0B
2026-03-30 20:01:51,169,9.63,106MB,34068.5,0.32,168.4MB / 252.9MB,0B / 0B
2026-03-30 20:02:03,169,9.63,106.3MB,34068.5,0.32,168.6MB / 253.2MB,0B / 0B
2026-03-30 20:02:16,169,9.63,105.8MB,34068.5,0.32,168.8MB / 253.5MB,0B / 0B
2026-03-30 20:02:28,170,9.64,105.8MB,34068.5,0.32,169MB / 253.8MB,0B / 0B
2026-03-30 20:02:40,170,9.64,106.6MB,34068.5,0.32,169.2MB / 254.1MB,0B / 0B
2026-03-30 20:02:53,170,9.64,106.1MB,34068.5,0.32,169.4MB / 254.4MB,0B / 0B
2026-03-30 20:03:05,170,9.64,106.1MB,34068.5,0.32,169.6MB / 254.7MB,0B / 0B
2026-03-30 20:03:17,170,9.64,106.4MB,34068.5,0.32,169.8MB / 255MB,0B / 0B
2026-03-30 20:03:30,171,9.64,106.7MB,34068.5,0.32,170MB / 255.3MB,0B / 0B
2026-03-30 20:03:42,171,9.64,105.9MB,34068.5,0.32,170.2MB / 255.6MB,0B / 0B
2026-03-30 20:03:54,171,9.64,106.7MB,34068.5,0.32,170.4MB / 255.9MB,0B / 0B
2026-03-30 20:04:07,171,9.64,106.2MB,34068.5,0.32,170.6MB / 256.2MB,0B / 0B
2026-03-30 20:04:20,171,9.64,106MB,34068.5,0.32,170.8MB / 256.5MB,0B / 0B
2026-03-30 20:04:32,172,9.64,106.2MB,34068.5,0.32,171MB / 256.8MB,0B / 0B
2026-03-30 20:04:44,172,9.64,106.5MB,34068.5,0.32,171.2MB / 257.1MB,0B / 0B
2026-03-30 20:04:57,172,9.64,106.1MB,34068.5,0.32,171.4MB / 257.4MB,0B / 0B
2026-03-30 20:05:09,172,9.64,106.5MB,34068.5,0.32,171.6MB / 257.7MB,0B / 0B
2026-03-30 20:05:22,172,9.64,106.3MB,34068.5,0.32,171.8MB / 258MB,0B / 0B
2026-03-30 20:05:34,173,9.65,106.3MB,34068.5,0.32,172MB / 258.3MB,0B / 0B
2026-03-30 20:05:46,173,9.65,106.9MB,34068.5,0.32,172.2MB / 258.6MB,0B / 0B
2026-03-30 20:05:58,173,9.65,106.6MB,34068.5,0.32,172.5MB / 258.9MB,0B / 0B
2026-03-30 20:06:11,173,9.65,106.4MB,34068.5,0.32,172.7MB / 259.3MB,0B / 0B
2026-03-30 20:06:23,173,9.65,106.2MB,34068.5,0.32,172.9MB / 259.5MB,0B / 0B
2026-03-30 20:06:35,174,9.65,106.7MB,34068.5,0.32,173.1MB / 259.9MB,0B / 0B
2026-03-30 20:06:48,174,9.65,106.7MB,34068.5,0.32,173.3MB / 260.2MB,0B / 0B
2026-03-30 20:07:00,174,9.65,106.5MB,34068.5,0.32,173.5MB / 260.5MB,0B / 0B
2026-03-30 20:07:12,174,9.65,107.5MB,34068.5,0.32,173.7MB / 260.8MB,0B / 0B
2026-03-30 20:07:24,174,9.65,106.3MB,34068.5,0.32,173.9MB / 261.1MB,0B / 0B
2026-03-30 20:07:37,175,9.65,107.6MB,34068.5,0.32,174.1MB / 261.4MB,0B / 0B
2026-03-30 20:07:49,175,9.65,107.1MB,34068.5,0.32,174.3MB / 261.7MB,0B / 0B
2026-03-30 20:08:01,175,9.65,107.1MB,34068.5,0.32,174.5MB / 262MB,0B / 0B
2026-03-30 20:08:14,175,9.65,106.6MB,34068.5,0.32,174.7MB / 262.3MB,0B / 0B
2026-03-30 20:08:26,176,9.65,107.1MB,34068.5,0.32,174.9MB / 262.6MB,0B / 0B
2026-03-30 20:08:38,176,9.65,106.6MB,34068.5,0.32,175.1MB / 262.9MB,0B / 0B
2026-03-30 20:08:50,176,9.65,106.7MB,34068.5,0.32,175.3MB / 263.2MB,0B / 0B
2026-03-30 20:09:03,176,9.66,107.7MB,34068.5,0.32,175.5MB / 263.5MB,0B / 0B
2026-03-30 20:09:15,176,9.66,107.2MB,34068.5,0.32,175.7MB / 263.8MB,0B / 0B
2026-03-30 20:09:27,177,9.66,106.5MB,34068.5,0.32,175.9MB / 264.1MB,0B / 0B
2026-03-30 20:09:40,177,9.66,106.5MB,34068.5,0.32,176.1MB / 264.4MB,0B / 0B
2026-03-30 20:09:52,177,9.66,106.5MB,34068.5,0.32,176.3MB / 264.7MB,0B / 0B
2026-03-30 20:10:04,177,9.66,107MB,34068.5,0.32,176.5MB / 265MB,0B / 0B
2026-03-30 20:10:16,177,9.66,107.3MB,34068.5,0.32,176.7MB / 265.3MB,0B / 0B
2026-03-30 20:10:29,178,9.66,106.8MB,34068.5,0.32,176.9MB / 265.6MB,0B / 0B
2026-03-30 20:10:41,178,9.66,106.8MB,34068.5,0.32,177.1MB / 265.9MB,0B / 0B
2026-03-30 20:10:54,178,9.66,107.4MB,34068.5,0.32,177.3MB / 266.3MB,0B / 0B
2026-03-30 20:11:06,178,9.66,107.4MB,34068.5,0.32,177.5MB / 266.6MB,0B / 0B
2026-03-30 20:11:18,178,9.66,107.4MB,34068.5,0.32,177.7MB / 266.9MB,0B / 0B
2026-03-30 20:11:31,179,9.66,107.4MB,34068.5,0.32,177.9MB / 267.2MB,0B / 0B
2026-03-30 20:11:43,179,9.66,106.7MB,34068.5,0.32,178.1MB / 267.5MB,0B / 0B
2026-03-30 20:11:56,179,9.66,107.5MB,34068.5,0.32,178.3MB / 267.8MB,0B / 0B
2026-03-30 20:12:08,179,9.66,107.2MB,34068.5,0.32,178.5MB / 268.1MB,0B / 0B
2026-03-30 20:12:20,179,9.66,107.5MB,34068.5,0.32,178.7MB / 268.4MB,0B / 0B
2026-03-30 20:12:32,180,9.66,107MB,34068.5,0.32,178.9MB / 268.7MB,0B / 0B
2026-03-30 20:12:45,180,9.66,107MB,34068.5,0.32,179.1MB / 269MB,0B / 0B
2026-03-30 20:12:57,180,9.66,107.6MB,34068.5,0.32,179.3MB / 269.3MB,0B / 0B
2026-03-30 20:13:09,180,9.66,107.3MB,34068.5,0.32,179.5MB / 269.6MB,0B / 0B
2026-03-30 20:13:21,180,9.66,107.6MB,34068.5,0.32,179.7MB / 269.9MB,0B / 0B
2026-03-30 20:13:33,181,9.66,107.1MB,34068.5,0.32,179.8MB / 269.9MB,0B / 0B
2026-03-30 20:13:45,181,9.66,107.6MB,34068.5,0.32,180MB / 270.2MB,0B / 0B
2026-03-30 20:13:58,181,9.65,107.6MB,34068.5,0.32,180.2MB / 270.5MB,0B / 0B
2026-03-30 20:14:10,181,9.66,106.9MB,34068.5,0.32,180.4MB / 270.9MB,0B / 0B
2026-03-30 20:14:23,181,9.66,107.7MB,34068.5,0.32,180.6MB / 271.2MB,0B / 0B
2026-03-30 20:14:35,182,9.66,108.2MB,34068.5,0.33,180.8MB / 271.5MB,0B / 0B
2026-03-30 20:14:48,182,9.66,108MB,34068.5,0.32,181MB / 271.8MB,0B / 0B
2026-03-30 20:15:00,182,9.66,107.2MB,34068.5,0.32,181.2MB / 272.1MB,0B / 0B
2026-03-30 20:15:13,182,9.66,107.3MB,34068.5,0.32,181.4MB / 272.4MB,0B / 0B
2026-03-30 20:15:25,183,9.66,107.5MB,34068.5,0.32,181.6MB / 272.7MB,0B / 0B
2026-03-30 20:15:37,183,9.66,107.3MB,34068.5,0.32,181.8MB / 273MB,0B / 0B
2026-03-30 20:15:49,183,9.66,107.3MB,34068.5,0.32,182MB / 273.3MB,0B / 0B
2026-03-30 20:16:02,183,9.66,107.8MB,34068.5,0.32,182.2MB / 273.6MB,0B / 0B
2026-03-30 20:16:14,183,9.66,107.6MB,34068.5,0.32,182.4MB / 273.9MB,0B / 0B
2026-03-30 20:16:27,184,9.66,107.6MB,34068.5,0.32,182.6MB / 274.2MB,0B / 0B
2026-03-30 20:16:39,184,9.66,107.4MB,34068.5,0.32,182.8MB / 274.5MB,0B / 0B
2026-03-30 20:16:51,184,9.66,107.2MB,34068.5,0.32,183MB / 274.8MB,0B / 0B
2026-03-30 20:17:03,184,9.66,108MB,34068.5,0.32,183.2MB / 275.1MB,0B / 0B
2026-03-30 20:17:16,184,9.66,107.5MB,34068.5,0.32,183.4MB / 275.4MB,0B / 0B
2026-03-30 20:17:28,185,9.66,107.7MB,34068.5,0.32,183.6MB / 275.7MB,0B / 0B
2026-03-30 20:17:40,185,9.66,107.5MB,34068.5,0.32,183.8MB / 276MB,0B / 0B
2026-03-30 20:17:52,185,9.66,108.3MB,34068.5,0.33,184MB / 276.3MB,0B / 0B
2026-03-30 20:18:05,185,9.66,107.5MB,34068.5,0.32,184.2MB / 276.6MB,0B / 0B
2026-03-30 20:18:17,185,9.66,107.6MB,34068.5,0.32,184.4MB / 276.9MB,0B / 0B
2026-03-30 20:18:29,186,9.66,108.4MB,34068.5,0.33,184.6MB / 277.2MB,0B / 0B
2026-03-30 20:18:42,186,9.66,108.4MB,34068.5,0.33,184.8MB / 277.5MB,0B / 0B
2026-03-30 20:18:54,186,9.66,107.6MB,34068.5,0.32,185MB / 277.8MB,0B / 0B
2026-03-30 20:19:07,186,9.66,108.2MB,34068.5,0.33,185.2MB / 278.1MB,0B / 0B
2026-03-30 20:19:19,186,9.67,107.9MB,34068.5,0.32,185.4MB / 278.4MB,0B / 0B
2026-03-30 20:19:31,187,9.67,107.7MB,34068.5,0.32,185.6MB / 278.7MB,0B / 0B
2026-03-30 20:19:44,187,9.67,108MB,34068.5,0.32,185.8MB / 279MB,0B / 0B
2026-03-30 20:19:56,187,9.67,108MB,34068.5,0.32,186MB / 279.3MB,0B / 0B
2026-03-30 20:20:08,187,9.67,108.5MB,34068.5,0.33,186.2MB / 279.6MB,0B / 0B
2026-03-30 20:20:21,187,9.67,107.8MB,34068.5,0.32,186.4MB / 280MB,0B / 0B
2026-03-30 20:20:33,188,9.67,108MB,34068.5,0.32,186.6MB / 280.3MB,0B / 0B
2026-03-30 20:20:45,188,9.67,107.8MB,34068.5,0.32,186.8MB / 280.6MB,0B / 0B
2026-03-30 20:20:58,188,9.67,107.8MB,34068.5,0.32,187MB / 280.9MB,0B / 0B
2026-03-30 20:21:10,188,9.67,107.6MB,34068.5,0.32,187.2MB / 281.2MB,0B / 0B
2026-03-30 20:21:22,188,9.67,107.9MB,34068.5,0.32,187.4MB / 281.5MB,0B / 0B
2026-03-30 20:21:34,189,9.67,107.6MB,34068.5,0.32,187.7MB / 281.8MB,0B / 0B
2026-03-30 20:21:47,189,9.67,108.7MB,34068.5,0.33,187.9MB / 282.1MB,0B / 0B
2026-03-30 20:21:59,189,9.67,109MB,34068.5,0.33,188.1MB / 282.4MB,0B / 0B
2026-03-30 20:22:11,189,9.67,108.5MB,34068.5,0.33,188.3MB / 282.7MB,0B / 0B
2026-03-30 20:22:24,189,9.67,108MB,34068.5,0.32,188.5MB / 283MB,0B / 0B
2026-03-30 20:22:36,190,9.67,108MB,34068.5,0.32,188.7MB / 283.3MB,0B / 0B
2026-03-30 20:22:48,190,9.67,108.2MB,34068.5,0.33,188.9MB / 283.6MB,0B / 0B
2026-03-30 20:23:00,190,9.67,108.8MB,34068.5,0.33,189.1MB / 283.9MB,0B / 0B
2026-03-30 20:23:13,190,9.67,107.8MB,34068.5,0.32,189.3MB / 284.2MB,0B / 0B
2026-03-30 20:23:25,191,9.67,108MB,34068.5,0.32,189.5MB / 284.5MB,0B / 0B
2026-03-30 20:23:37,191,9.67,108.3MB,34068.5,0.33,189.7MB / 284.8MB,0B / 0B
2026-03-30 20:23:49,191,9.67,108.1MB,34068.5,0.32,189.9MB / 285.1MB,0B / 0B
2026-03-30 20:24:02,191,9.67,108.4MB,34068.5,0.33,190.1MB / 285.4MB,0B / 0B
2026-03-30 20:24:14,191,9.67,107.9MB,34068.5,0.32,190.3MB / 285.7MB,0B / 0B
2026-03-30 20:24:26,192,9.67,108.4MB,34068.5,0.33,190.5MB / 286MB,0B / 0B
2026-03-30 20:24:38,192,9.67,108.4MB,34068.5,0.33,190.7MB / 286.3MB,0B / 0B
2026-03-30 20:24:51,192,9.67,108.5MB,34068.5,0.33,190.9MB / 286.6MB,0B / 0B
2026-03-30 20:25:03,192,9.67,108.5MB,34068.5,0.33,191.1MB / 286.9MB,0B / 0B
2026-03-30 20:25:15,192,9.67,109MB,34068.5,0.33,191.3MB / 287.2MB,0B / 0B
2026-03-30 20:25:27,193,9.67,108.8MB,34068.5,0.33,191.5MB / 287.5MB,0B / 0B
2026-03-30 20:25:40,193,9.68,108MB,34068.5,0.32,191.7MB / 287.8MB,0B / 0B
2026-03-30 20:25:52,193,9.68,108.6MB,34068.5,0.33,191.9MB / 288.1MB,0B / 0B
2026-03-30 20:26:04,193,9.68,108.3MB,34068.5,0.33,192.1MB / 288.5MB,0B / 0B
2026-03-30 20:26:16,193,9.68,108.3MB,34068.5,0.33,192.3MB / 288.8MB,0B / 0B
2026-03-30 20:26:29,194,9.68,108.1MB,34068.5,0.32,192.5MB / 289.1MB,0B / 0B
2026-03-30 20:26:41,194,9.68,108.1MB,34068.5,0.32,192.7MB / 289.4MB,0B / 0B
2026-03-30 20:26:53,194,9.68,108.4MB,34068.5,0.33,192.9MB / 289.7MB,0B / 0B
2026-03-30 20:27:06,194,9.68,108.7MB,34068.5,0.33,193.1MB / 290MB,0B / 0B
2026-03-30 20:27:18,194,9.68,109MB,34068.5,0.33,193.3MB / 290.3MB,0B / 0B
2026-03-30 20:27:30,195,9.68,108.2MB,34068.5,0.33,193.5MB / 290.6MB,0B / 0B
2026-03-30 20:27:43,195,9.68,108.5MB,34068.5,0.33,193.7MB / 290.9MB,0B / 0B
2026-03-30 20:27:55,195,9.68,108.2MB,34068.5,0.33,193.9MB / 291.2MB,0B / 0B
2026-03-30 20:28:07,195,9.68,108.8MB,34068.5,0.33,194.1MB / 291.5MB,0B / 0B
2026-03-30 20:28:20,195,9.68,108.3MB,34068.5,0.33,194.3MB / 291.8MB,0B / 0B
2026-03-30 20:28:32,196,9.68,109.1MB,34068.5,0.33,194.5MB / 292.1MB,0B / 0B
2026-03-30 20:28:44,196,9.68,109.1MB,34068.5,0.33,194.7MB / 292.4MB,0B / 0B
2026-03-30 20:28:57,196,9.68,108.3MB,34068.5,0.33,194.9MB / 292.7MB,0B / 0B
2026-03-30 20:29:09,196,9.68,108.6MB,34068.5,0.33,195.1MB / 293MB,0B / 0B
2026-03-30 20:29:21,196,9.68,108.6MB,34068.5,0.33,195.3MB / 293.3MB,0B / 0B
2026-03-30 20:29:34,197,9.68,108.4MB,34068.5,0.33,195.5MB / 293.6MB,0B / 0B
2026-03-30 20:29:46,197,9.68,108.9MB,34068.5,0.33,195.7MB / 293.9MB,0B / 0B
2026-03-30 20:29:58,197,9.68,109MB,34068.5,0.33,195.9MB / 294.2MB,0B / 0B
2026-03-30 20:30:11,197,9.68,108.7MB,34068.5,0.33,196.1MB / 294.5MB,0B / 0B
2026-03-30 20:30:23,197,9.68,109MB,34068.5,0.33,196.3MB / 294.8MB,0B / 0B
2026-03-30 20:30:35,198,9.68,109MB,34068.5,0.33,196.5MB / 295.1MB,0B / 0B
2026-03-30 20:30:47,198,9.68,109MB,34068.5,0.33,196.7MB / 295.4MB,0B / 0B
2026-03-30 20:31:00,198,9.68,109.1MB,34068.5,0.33,196.9MB / 295.7MB,0B / 0B
2026-03-30 20:31:12,198,9.69,109.1MB,34068.5,0.33,197.1MB / 296MB,0B / 0B
2026-03-30 20:31:24,198,9.69,109.1MB,34068.5,0.33,197.3MB / 296.3MB,0B / 0B
2026-03-30 20:31:37,199,9.69,109.1MB,34068.5,0.33,197.5MB / 296.6MB,0B / 0B
2026-03-30 20:31:49,199,9.69,108.9MB,34068.5,0.33,197.7MB / 296.9MB,0B / 0B
2026-03-30 20:32:01,199,9.69,109.4MB,34068.5,0.33,198MB / 297.2MB,0B / 0B
2026-03-30 20:32:14,199,9.69,109.7MB,34068.5,0.33,198.2MB / 297.5MB,0B / 0B
2026-03-30 20:32:26,200,9.69,109.2MB,34068.5,0.33,198.4MB / 297.9MB,0B / 0B
2026-03-30 20:32:38,200,9.69,109.5MB,34068.5,0.33,198.6MB / 298.2MB,0B / 0B
2026-03-30 20:32:50,200,9.69,109.5MB,34068.5,0.33,198.8MB / 298.5MB,0B / 0B
2026-03-30 20:33:03,200,9.69,109.5MB,34068.5,0.33,199MB / 298.8MB,0B / 0B
2026-03-30 20:33:15,200,9.69,109MB,34068.5,0.33,199.2MB / 299.1MB,0B / 0B
2026-03-30 20:33:28,201,9.69,108.8MB,34068.5,0.33,199.4MB / 299.4MB,0B / 0B
2026-03-30 20:33:40,201,9.69,109.3MB,34068.5,0.33,199.6MB / 299.7MB,0B / 0B
2026-03-30 20:33:52,201,9.69,109.1MB,34068.5,0.33,199.8MB / 300MB,0B / 0B
2026-03-30 20:34:04,201,9.69,109.6MB,34068.5,0.33,200MB / 300.3MB,0B / 0B
2026-03-30 20:34:17,201,9.69,109.6MB,34068.5,0.33,200.2MB / 300.6MB,0B / 0B
2026-03-30 20:34:29,202,9.69,109.7MB,34068.5,0.33,200.4MB / 300.9MB,0B / 0B
2026-03-30 20:34:42,202,9.69,108.9MB,34068.5,0.33,200.6MB / 301.2MB,0B / 0B
2026-03-30 20:34:55,202,9.69,108.9MB,34068.5,0.33,200.8MB / 301.5MB,0B / 0B
2026-03-30 20:35:07,202,9.69,109.7MB,34068.5,0.33,201MB / 301.8MB,0B / 0B
2026-03-30 20:35:19,202,9.69,109.7MB,34068.5,0.33,201.2MB / 302.1MB,0B / 0B
2026-03-30 20:35:31,203,9.69,109MB,34068.5,0.33,201.4MB / 302.4MB,0B / 0B
2026-03-30 20:35:44,203,9.70,109.3MB,34068.5,0.33,201.6MB / 302.8MB,0B / 0B
2026-03-30 20:35:56,203,9.70,109MB,34068.5,0.33,201.8MB / 303.1MB,0B / 0B
2026-03-30 20:36:08,203,9.70,109.8MB,34068.5,0.33,202MB / 303.4MB,0B / 0B
2026-03-30 20:36:21,203,9.70,109.6MB,34068.5,0.33,202.2MB / 303.7MB,0B / 0B
2026-03-30 20:36:33,204,9.70,109.4MB,34068.5,0.33,202.4MB / 304MB,0B / 0B
2026-03-30 20:36:45,204,9.70,109.9MB,34068.5,0.33,202.6MB / 304.3MB,0B / 0B
2026-03-30 20:36:58,204,9.70,109.1MB,34068.5,0.33,202.8MB / 304.6MB,0B / 0B
2026-03-30 20:37:10,204,9.70,109.7MB,34068.5,0.33,203MB / 304.9MB,0B / 0B
2026-03-30 20:37:22,204,9.70,110.2MB,34068.5,0.33,203.2MB / 305.2MB,0B / 0B
2026-03-30 20:37:35,205,9.70,110MB,34068.5,0.33,203.4MB / 305.5MB,0B / 0B
2026-03-30 20:37:47,205,9.70,109.5MB,34068.5,0.33,203.6MB / 305.8MB,0B / 0B
2026-03-30 20:37:59,205,9.70,110MB,34068.5,0.33,203.9MB / 306.1MB,0B / 0B
2026-03-30 20:38:11,205,9.70,109.2MB,34068.5,0.33,204MB / 306.4MB,0B / 0B
2026-03-30 20:38:24,205,9.70,109.5MB,34068.5,0.33,204.3MB / 306.7MB,0B / 0B
2026-03-30 20:38:36,206,9.70,110.3MB,34068.5,0.33,204.5MB / 307MB,0B / 0B
2026-03-30 20:38:48,206,9.70,109.5MB,34068.5,0.33,204.7MB / 307.3MB,0B / 0B
2026-03-30 20:39:01,206,9.70,109.6MB,34068.5,0.33,204.9MB / 307.6MB,0B / 0B
2026-03-30 20:39:13,206,9.70,109.9MB,34068.5,0.33,205.1MB / 307.9MB,0B / 0B
2026-03-30 20:39:25,207,9.70,109.4MB,34068.5,0.33,205.3MB / 308.2MB,0B / 0B
2026-03-30 20:39:38,207,9.70,109.6MB,34068.5,0.33,205.5MB / 308.5MB,0B / 0B
2026-03-30 20:39:50,207,9.70,109.4MB,34068.5,0.33,205.7MB / 308.8MB,0B / 0B
2026-03-30 20:40:02,207,9.70,109.4MB,34068.5,0.33,205.9MB / 309.1MB,0B / 0B
2026-03-30 20:40:14,207,9.70,110MB,34068.5,0.33,206.1MB / 309.4MB,0B / 0B
2026-03-30 20:40:27,208,9.70,110MB,34068.5,0.33,206.3MB / 309.7MB,0B / 0B
2026-03-30 20:40:39,208,9.70,109.7MB,34068.5,0.33,206.5MB / 310MB,0B / 0B
2026-03-30 20:40:51,208,9.71,110.3MB,34068.5,0.33,206.7MB / 310.3MB,0B / 0B
2026-03-30 20:41:04,208,9.70,110.3MB,34068.5,0.33,206.9MB / 310.7MB,0B / 0B
2026-03-30 20:41:16,208,9.70,110.1MB,34068.5,0.33,207.1MB / 311MB,0B / 0B
2026-03-30 20:41:28,209,9.71,109.6MB,34068.5,0.33,207.3MB / 311.3MB,0B / 0B
2026-03-30 20:41:40,209,9.71,109.8MB,34068.5,0.33,207.5MB / 311.6MB,0B / 0B
2026-03-30 20:41:53,209,9.71,109.6MB,34068.5,0.33,207.7MB / 311.9MB,0B / 0B
2026-03-30 20:42:05,209,9.71,109.9MB,34068.5,0.33,207.9MB / 312.2MB,0B / 0B
2026-03-30 20:42:17,209,9.71,110.2MB,34068.5,0.33,208.1MB / 312.5MB,0B / 0B
2026-03-30 20:42:29,210,9.71,110.4MB,34068.5,0.33,208.3MB / 312.8MB,0B / 0B
2026-03-30 20:42:42,210,9.71,110.2MB,34068.5,0.33,208.5MB / 313.1MB,0B / 0B
2026-03-30 20:42:54,210,9.71,110.2MB,34068.5,0.33,208.7MB / 313.4MB,0B / 0B
2026-03-30 20:43:06,210,9.71,110MB,34068.5,0.33,208.9MB / 313.7MB,0B / 0B
2026-03-30 20:43:19,210,9.71,109.7MB,34068.5,0.33,209.1MB / 314MB,0B / 0B
2026-03-30 20:43:31,211,9.71,109.8MB,34068.5,0.33,209.3MB / 314.3MB,0B / 0B
2026-03-30 20:43:43,211,9.70,110.5MB,34068.5,0.33,209.3MB / 314.3MB,0B / 0B
2026-03-30 20:43:55,211,9.70,110.8MB,34068.5,0.33,209.5MB / 314.7MB,0B / 0B
2026-03-30 20:44:07,211,9.70,110MB,34068.5,0.33,209.7MB / 315MB,0B / 0B
2026-03-30 20:44:20,211,9.70,110.6MB,34068.5,0.33,209.9MB / 315.3MB,0B / 0B
2026-03-30 20:44:32,212,9.70,110.4MB,34068.5,0.33,210.1MB / 315.6MB,0B / 0B
2026-03-30 20:44:44,212,9.70,110.1MB,34068.5,0.33,210.3MB / 315.9MB,0B / 0B
2026-03-30 20:44:57,212,9.70,110.1MB,34068.5,0.33,210.6MB / 316.2MB,0B / 0B
2026-03-30 20:45:09,212,9.70,110.2MB,34068.5,0.33,210.8MB / 316.5MB,0B / 0B
2026-03-30 20:45:22,212,9.70,110.4MB,34068.5,0.33,211MB / 316.8MB,0B / 0B
2026-03-30 20:45:34,213,9.71,110.2MB,34068.5,0.33,211.2MB / 317.1MB,0B / 0B
2026-03-30 20:45:46,213,9.71,110MB,34068.5,0.33,211.4MB / 317.4MB,0B / 0B
2026-03-30 20:45:59,213,9.71,110.2MB,34068.5,0.33,211.6MB / 317.7MB,0B / 0B
2026-03-30 20:46:11,213,9.71,110.5MB,34068.5,0.33,211.8MB / 318MB,0B / 0B
2026-03-30 20:46:23,213,9.71,110MB,34068.5,0.33,212MB / 318.3MB,0B / 0B
2026-03-30 20:46:36,214,9.71,110.3MB,34068.5,0.33,212.2MB / 318.6MB,0B / 0B
2026-03-30 20:46:48,214,9.71,110.6MB,34068.5,0.33,212.4MB / 318.9MB,0B / 0B
2026-03-30 20:47:00,214,9.71,110.3MB,34068.5,0.33,212.6MB / 319.2MB,0B / 0B
2026-03-30 20:47:13,214,9.71,110.6MB,34068.5,0.33,212.8MB / 319.5MB,0B / 0B
2026-03-30 20:47:25,215,9.71,111.2MB,34068.5,0.33,213MB / 319.8MB,0B / 0B
2026-03-30 20:47:37,215,9.71,110.4MB,34068.5,0.33,213.2MB / 320.1MB,0B / 0B
2026-03-30 20:47:49,215,9.71,110.4MB,34068.5,0.33,213.4MB / 320.4MB,0B / 0B
2026-03-30 20:48:01,215,9.71,110.2MB,34068.5,0.33,213.6MB / 320.7MB,0B / 0B
2026-03-30 20:48:14,215,9.71,110.2MB,34068.5,0.33,213.8MB / 321MB,0B / 0B
2026-03-30 20:48:26,216,9.71,111.3MB,34068.5,0.33,214MB / 321.3MB,0B / 0B
2026-03-30 20:48:39,216,9.71,110.5MB,34068.5,0.33,214.2MB / 321.7MB,0B / 0B
2026-03-30 20:48:51,216,9.71,110.3MB,34068.5,0.33,214.4MB / 322MB,0B / 0B
2026-03-30 20:49:04,216,9.71,111.1MB,34068.5,0.33,214.6MB / 322.3MB,0B / 0B
2026-03-30 20:49:16,216,9.71,110.8MB,34068.5,0.33,214.8MB / 322.6MB,0B / 0B
2026-03-30 20:49:28,217,9.71,110.6MB,34068.5,0.33,215MB / 322.9MB,0B / 0B
2026-03-30 20:49:41,217,9.71,110.8MB,34068.5,0.33,215.2MB / 323.2MB,0B / 0B
2026-03-30 20:49:53,217,9.71,110.4MB,34068.5,0.33,215.4MB / 323.5MB,0B / 0B
2026-03-30 20:50:05,217,9.71,111.2MB,34068.5,0.33,215.6MB / 323.8MB,0B / 0B
2026-03-30 20:50:18,217,9.71,111.9MB,34068.5,0.34,215.8MB / 324.1MB,0B / 0B
2026-03-30 20:50:30,218,9.71,121.4MB,34068.5,0.36,216MB / 324.4MB,0B / 0B
2026-03-30 20:50:42,218,9.71,111.2MB,34068.5,0.33,216.2MB / 324.7MB,0B / 0B
2026-03-30 20:50:55,218,9.71,110.5MB,34068.5,0.33,216.4MB / 325MB,0B / 0B
2026-03-30 20:51:07,218,9.71,110.7MB,34068.5,0.33,216.6MB / 325.3MB,0B / 0B
2026-03-30 20:51:19,218,9.71,110.5MB,34068.5,0.33,216.8MB / 325.6MB,0B / 0B
2026-03-30 20:51:32,219,9.71,111MB,34068.5,0.33,217MB / 325.9MB,0B / 0B
2026-03-30 20:51:44,219,9.71,110.5MB,34068.5,0.33,217.2MB / 326.2MB,0B / 0B
2026-03-30 20:51:56,219,9.71,110.8MB,34068.5,0.33,217.4MB / 326.5MB,0B / 0B
2026-03-30 20:52:09,219,9.71,110.8MB,34068.5,0.33,217.6MB / 326.8MB,0B / 0B
2026-03-30 20:52:21,219,9.71,110.9MB,34068.5,0.33,217.8MB / 327.1MB,0B / 0B
2026-03-30 20:52:33,220,9.72,111.4MB,34068.5,0.33,218MB / 327.4MB,0B / 0B
2026-03-30 20:52:45,220,9.72,111.4MB,34068.5,0.33,218.2MB / 327.7MB,0B / 0B
2026-03-30 20:52:57,220,9.72,111.2MB,34068.5,0.33,218.4MB / 328MB,0B / 0B
2026-03-30 20:53:10,220,9.72,111.2MB,34068.5,0.33,218.6MB / 328.3MB,0B / 0B
2026-03-30 20:53:22,220,9.72,111.5MB,34068.5,0.34,218.8MB / 328.6MB,0B / 0B
2026-03-30 20:53:34,221,9.72,110.7MB,34068.5,0.33,219MB / 328.9MB,0B / 0B
2026-03-30 20:53:46,221,9.72,111.3MB,34068.5,0.33,219.2MB / 329.2MB,0B / 0B
2026-03-30 20:53:58,221,9.72,111.3MB,34068.5,0.33,219.4MB / 329.5MB,0B / 0B
2026-03-30 20:54:10,221,9.72,111.3MB,34068.5,0.33,219.6MB / 329.8MB,0B / 0B
2026-03-30 20:54:23,221,9.72,111.1MB,34068.5,0.33,219.8MB / 330.1MB,0B / 0B
2026-03-30 20:54:35,222,9.72,111.9MB,34068.5,0.34,220MB / 330.4MB,0B / 0B
2026-03-30 20:54:47,222,9.72,111.4MB,34068.5,0.33,220.2MB / 330.7MB,0B / 0B
2026-03-30 20:55:00,222,9.72,111.4MB,34068.5,0.33,220.4MB / 331MB,0B / 0B
2026-03-30 20:55:12,222,9.72,111.4MB,34068.5,0.33,220.6MB / 331.3MB,0B / 0B
2026-03-30 20:55:24,222,9.72,111.4MB,34068.5,0.33,220.8MB / 331.6MB,0B / 0B
2026-03-30 20:55:36,223,9.72,111.2MB,34068.5,0.33,221MB / 331.9MB,0B / 0B
2026-03-30 20:55:48,223,9.72,112MB,34068.5,0.34,221.2MB / 332.2MB,0B / 0B
2026-03-30 20:56:01,223,9.72,111.5MB,34068.5,0.34,221.4MB / 332.5MB,0B / 0B
2026-03-30 20:56:13,223,9.72,111.2MB,34068.5,0.33,221.7MB / 332.8MB,0B / 0B
2026-03-30 20:56:25,224,9.72,111.5MB,34068.5,0.34,221.9MB / 333.1MB,0B / 0B
2026-03-30 20:56:37,224,9.72,111.8MB,34068.5,0.34,222.1MB / 333.4MB,0B / 0B
2026-03-30 20:56:50,224,9.72,111MB,34068.5,0.33,222.3MB / 333.8MB,0B / 0B
2026-03-30 20:57:02,224,9.72,111.8MB,34068.5,0.34,222.5MB / 334.1MB,0B / 0B
2026-03-30 20:57:14,224,9.72,111.3MB,34068.5,0.33,222.7MB / 334.4MB,0B / 0B
2026-03-30 20:57:27,225,9.72,111.4MB,34068.5,0.33,222.9MB / 334.7MB,0B / 0B
2026-03-30 20:57:39,225,9.72,111.6MB,34068.5,0.34,223.1MB / 335MB,0B / 0B
2026-03-30 20:57:52,225,9.72,111.1MB,34068.5,0.33,223.3MB / 335.3MB,0B / 0B
2026-03-30 20:58:04,225,9.72,111.9MB,34068.5,0.34,223.5MB / 335.6MB,0B / 0B
2026-03-30 20:58:16,225,9.72,111.4MB,34068.5,0.33,223.7MB / 335.9MB,0B / 0B
2026-03-30 20:58:28,226,9.72,111.4MB,34068.5,0.33,223.9MB / 336.2MB,0B / 0B
2026-03-30 20:58:41,226,9.72,111.7MB,34068.5,0.34,224.1MB / 336.5MB,0B / 0B
2026-03-30 20:58:53,226,9.72,111.8MB,34068.5,0.34,224.3MB / 336.8MB,0B / 0B
2026-03-30 20:59:06,226,9.72,111.3MB,34068.5,0.33,224.5MB / 337.1MB,0B / 0B
2026-03-30 20:59:18,226,9.72,111.8MB,34068.5,0.34,224.7MB / 337.4MB,0B / 0B
2026-03-30 20:59:30,227,9.72,111.6MB,34068.5,0.34,224.9MB / 337.7MB,0B / 0B
2026-03-30 20:59:42,227,9.73,111.6MB,34068.5,0.34,225.1MB / 338MB,0B / 0B
2026-03-30 20:59:54,227,9.73,111.3MB,34068.5,0.33,225.3MB / 338.3MB,0B / 0B
2026-03-30 21:00:07,227,9.73,112.1MB,34068.5,0.34,225.5MB / 338.6MB,0B / 0B
2026-03-30 21:00:19,227,9.73,111.9MB,34068.5,0.34,225.7MB / 338.9MB,0B / 0B
2026-03-30 21:00:31,228,9.73,111.9MB,34068.5,0.34,225.9MB / 339.2MB,0B / 0B
2026-03-30 21:00:44,228,9.73,111.4MB,34068.5,0.33,226.1MB / 339.5MB,0B / 0B
2026-03-30 21:00:56,228,9.73,111.7MB,34068.5,0.34,226.3MB / 339.8MB,0B / 0B
2026-03-30 21:01:08,228,9.73,112.2MB,34068.5,0.34,226.5MB / 340.1MB,0B / 0B
2026-03-30 21:01:21,228,9.73,112MB,34068.5,0.34,226.7MB / 340.4MB,0B / 0B
2026-03-30 21:01:33,229,9.73,111.5MB,34068.5,0.34,226.9MB / 340.7MB,0B / 0B
2026-03-30 21:01:45,229,9.73,112MB,34068.5,0.34,227.1MB / 341MB,0B / 0B
2026-03-30 21:01:57,229,9.73,111.5MB,34068.5,0.34,227.3MB / 341.3MB,0B / 0B
2026-03-30 21:02:10,229,9.73,112.1MB,34068.5,0.34,227.5MB / 341.6MB,0B / 0B
2026-03-30 21:02:22,229,9.73,111.8MB,34068.5,0.34,227.7MB / 341.9MB,0B / 0B
2026-03-30 21:02:34,230,9.73,111.9MB,34068.5,0.34,227.9MB / 342.2MB,0B / 0B
2026-03-30 21:02:46,230,9.73,112.1MB,34068.5,0.34,228.1MB / 342.5MB,0B / 0B
2026-03-30 21:02:58,230,9.73,111.9MB,34068.5,0.34,228.3MB / 342.8MB,0B / 0B
2026-03-30 21:03:11,230,9.73,112.7MB,34068.5,0.34,228.5MB / 343.1MB,0B / 0B
2026-03-30 21:03:23,230,9.73,111.7MB,34068.5,0.34,228.7MB / 343.4MB,0B / 0B
2026-03-30 21:03:36,231,9.73,112.5MB,34068.5,0.34,228.9MB / 343.7MB,0B / 0B
2026-03-30 21:03:48,231,9.73,112.5MB,34068.5,0.34,229.1MB / 344.1MB,0B / 0B
2026-03-30 21:04:00,231,9.73,112.3MB,34068.5,0.34,229.3MB / 344.4MB,0B / 0B
2026-03-30 21:04:13,231,9.73,112.3MB,34068.5,0.34,229.5MB / 344.7MB,0B / 0B
2026-03-30 21:04:25,232,9.73,112.3MB,34068.5,0.34,229.7MB / 345MB,0B / 0B
2026-03-30 21:04:37,232,9.73,112.3MB,34068.5,0.34,229.9MB / 345.3MB,0B / 0B
2026-03-30 21:04:50,232,9.73,112.6MB,34068.5,0.34,230.1MB / 345.6MB,0B / 0B
2026-03-30 21:05:03,232,9.73,112.4MB,34068.5,0.34,230.3MB / 345.9MB,0B / 0B
2026-03-30 21:05:15,232,9.73,112.1MB,34068.5,0.34,230.5MB / 346.2MB,0B / 0B
2026-03-30 21:05:27,233,9.73,112.1MB,34068.5,0.34,230.7MB / 346.5MB,0B / 0B
2026-03-30 21:05:39,233,9.73,112.7MB,34068.5,0.34,230.9MB / 346.8MB,0B / 0B
2026-03-30 21:05:52,233,9.74,111.9MB,34068.5,0.34,231.2MB / 347.1MB,0B / 0B
2026-03-30 21:06:04,233,9.74,112.4MB,34068.5,0.34,231.4MB / 347.4MB,0B / 0B
2026-03-30 21:06:17,233,9.74,112.2MB,34068.5,0.34,231.6MB / 347.7MB,0B / 0B
2026-03-30 21:06:29,234,9.74,113MB,34068.5,0.34,231.8MB / 348MB,0B / 0B
2026-03-30 21:06:41,234,9.74,112.5MB,34068.5,0.34,232MB / 348.3MB,0B / 0B
2026-03-30 21:06:54,234,9.74,113MB,34068.5,0.34,232.2MB / 348.7MB,0B / 0B
2026-03-30 21:07:06,234,9.74,112.3MB,34068.5,0.34,232.4MB / 349MB,0B / 0B
2026-03-30 21:07:19,234,9.74,112.8MB,34068.5,0.34,232.6MB / 349.3MB,0B / 0B
2026-03-30 21:07:31,235,9.74,112.3MB,34068.5,0.34,232.8MB / 349.6MB,0B / 0B
2026-03-30 21:07:43,235,9.74,112.1MB,34068.5,0.34,233MB / 349.9MB,0B / 0B
2026-03-30 21:07:56,235,9.74,112.1MB,34068.5,0.34,233.2MB / 350.2MB,0B / 0B
2026-03-30 21:08:08,235,9.74,112.7MB,34068.5,0.34,233.4MB / 350.5MB,0B / 0B
2026-03-30 21:08:20,235,9.74,112.2MB,34068.5,0.34,233.6MB / 350.8MB,0B / 0B
2026-03-30 21:08:32,236,9.74,112.4MB,34068.5,0.34,233.8MB / 351.1MB,0B / 0B
2026-03-30 21:08:45,236,9.74,112.4MB,34068.5,0.34,234MB / 351.4MB,0B / 0B
2026-03-30 21:08:57,236,9.74,112.5MB,34068.5,0.34,234.2MB / 351.7MB,0B / 0B
2026-03-30 21:09:09,236,9.74,112.2MB,34068.5,0.34,234.4MB / 352MB,0B / 0B
2026-03-30 21:09:21,236,9.74,112.3MB,34068.5,0.34,234.6MB / 352.3MB,0B / 0B
2026-03-30 21:09:34,237,9.74,113.8MB,34068.5,0.34,234.8MB / 352.6MB,0B / 0B
2026-03-30 21:09:46,237,9.74,113.1MB,34068.5,0.34,235MB / 352.9MB,0B / 0B
2026-03-30 21:09:58,237,9.74,112.8MB,34068.5,0.34,235.2MB / 353.2MB,0B / 0B
2026-03-30 21:10:11,237,9.74,113.1MB,34068.5,0.34,235.4MB / 353.5MB,0B / 0B
2026-03-30 21:10:23,237,9.74,112.9MB,34068.5,0.34,235.6MB / 353.8MB,0B / 0B
2026-03-30 21:10:35,238,9.74,112.4MB,34068.5,0.34,235.8MB / 354.1MB,0B / 0B
2026-03-30 21:10:48,238,9.74,112.9MB,34068.5,0.34,236MB / 354.4MB,0B / 0B
2026-03-30 21:11:00,238,9.74,112.4MB,34068.5,0.34,236.2MB / 354.7MB,0B / 0B
2026-03-30 21:11:12,238,9.74,113MB,34068.5,0.34,236.4MB / 355MB,0B / 0B
2026-03-30 21:11:25,239,9.74,112.5MB,34068.5,0.34,236.6MB / 355.3MB,0B / 0B
2026-03-30 21:11:37,239,9.74,113.2MB,34068.5,0.34,236.8MB / 355.6MB,0B / 0B
2026-03-30 21:11:49,239,9.74,113.5MB,34068.5,0.34,237MB / 355.9MB,0B / 0B
2026-03-30 21:12:02,239,9.74,112.5MB,34068.5,0.34,237.2MB / 356.2MB,0B / 0B
2026-03-30 21:12:14,239,9.74,113.1MB,34068.5,0.34,237.4MB / 356.5MB,0B / 0B
2026-03-30 21:12:26,240,9.74,112.8MB,34068.5,0.34,237.6MB / 356.8MB,0B / 0B
2026-03-30 21:12:39,240,9.74,112.6MB,34068.5,0.34,237.8MB / 357.1MB,0B / 0B
2026-03-30 21:12:51,240,9.75,112.6MB,34068.5,0.34,238MB / 357.4MB,0B / 0B
2026-03-30 21:13:03,240,9.75,113.4MB,34068.5,0.34,238.2MB / 357.7MB,0B / 0B
2026-03-30 21:13:16,240,9.75,113.1MB,34068.5,0.34,238.4MB / 358.1MB,0B / 0B
2026-03-30 21:13:28,241,9.75,113.4MB,34068.5,0.34,238.6MB / 358.4MB,0B / 0B
2026-03-30 21:13:40,241,9.75,112.7MB,34068.5,0.34,238.8MB / 358.7MB,0B / 0B
2026-03-30 21:13:53,241,9.74,113.2MB,34068.5,0.34,238.9MB / 358.7MB,0B / 0B
2026-03-30 21:14:05,241,9.74,113MB,34068.5,0.34,239.1MB / 359MB,0B / 0B
2026-03-30 21:14:18,241,9.74,113MB,34068.5,0.34,239.3MB / 359.3MB,0B / 0B
2026-03-30 21:14:30,242,9.74,113.5MB,34068.5,0.34,239.5MB / 359.6MB,0B / 0B
2026-03-30 21:14:42,242,9.74,112.8MB,34068.5,0.34,239.7MB / 360MB,0B / 0B
2026-03-30 21:14:54,242,9.74,112.8MB,34068.5,0.34,239.9MB / 360.3MB,0B / 0B
2026-03-30 21:15:07,242,9.74,113.1MB,34068.5,0.34,240.1MB / 360.6MB,0B / 0B
2026-03-30 21:15:19,242,9.74,113.3MB,34068.5,0.34,240.3MB / 360.9MB,0B / 0B
2026-03-30 21:15:32,243,9.74,113.4MB,34068.5,0.34,240.5MB / 361.2MB,0B / 0B
2026-03-30 21:15:44,243,9.74,113.1MB,34068.5,0.34,240.7MB / 361.5MB,0B / 0B
2026-03-30 21:15:56,243,9.74,113.4MB,34068.5,0.34,240.9MB / 361.8MB,0B / 0B
2026-03-30 21:16:09,243,9.74,113.4MB,34068.5,0.34,241.1MB / 362.1MB,0B / 0B
2026-03-30 21:16:21,243,9.74,108.4MB,34068.5,0.33,241.3MB / 362.4MB,0B / 421.9kB
2026-03-30 21:16:33,244,9.74,108.2MB,34068.5,0.33,241.5MB / 362.7MB,0B / 421.9kB
2026-03-30 21:16:46,244,9.74,108.5MB,34068.5,0.33,241.7MB / 363MB,0B / 421.9kB
2026-03-30 21:16:58,244,9.74,109MB,34068.5,0.33,241.9MB / 363.3MB,0B / 421.9kB
2026-03-30 21:17:10,244,9.74,108.2MB,34068.5,0.33,242.1MB / 363.6MB,0B / 421.9kB
2026-03-30 21:17:22,244,9.74,108.2MB,34068.5,0.33,242.3MB / 363.9MB,0B / 421.9kB
2026-03-30 21:17:35,245,9.74,108MB,34068.5,0.32,242.5MB / 364.2MB,0B / 421.9kB
2026-03-30 21:17:47,245,9.74,108.3MB,34068.5,0.33,242.7MB / 364.5MB,0B / 421.9kB
2026-03-30 21:17:59,245,9.75,108.6MB,34068.5,0.33,242.9MB / 364.8MB,0B / 421.9kB
2026-03-30 21:18:11,245,9.75,108.3MB,34068.5,0.33,243.1MB / 365.1MB,0B / 421.9kB
2026-03-30 21:18:24,245,9.75,108.6MB,34068.5,0.33,243.3MB / 365.4MB,0B / 421.9kB
2026-03-30 21:18:36,246,9.75,108.7MB,34068.5,0.33,243.5MB / 365.7MB,0B / 421.9kB
2026-03-30 21:18:48,246,9.75,108.9MB,34068.5,0.33,243.7MB / 366MB,0B / 421.9kB
2026-03-30 21:19:01,246,9.75,108.2MB,34068.5,0.33,244MB / 366.3MB,0B / 421.9kB
2026-03-30 21:19:13,246,9.75,108.7MB,34068.5,0.33,244.2MB / 366.6MB,0B / 421.9kB
2026-03-30 21:19:25,247,9.75,108.7MB,34068.5,0.33,244.4MB / 366.9MB,0B / 421.9kB
2026-03-30 21:19:38,247,9.75,108.2MB,34068.5,0.33,244.6MB / 367.2MB,0B / 421.9kB
2026-03-30 21:19:50,247,9.75,108.2MB,34068.5,0.33,244.8MB / 367.6MB,0B / 421.9kB
2026-03-30 21:20:03,247,9.75,108.5MB,34068.5,0.33,245MB / 367.9MB,0B / 421.9kB
2026-03-30 21:20:15,247,9.75,108.5MB,34068.5,0.33,245.2MB / 368.2MB,0B / 421.9kB
2026-03-30 21:20:27,248,9.75,108.3MB,34068.5,0.33,245.4MB / 368.5MB,0B / 421.9kB
2026-03-30 21:20:40,248,9.75,107.6MB,34068.5,0.32,245.6MB / 368.8MB,0B / 1.151MB
2026-03-30 21:20:52,248,9.75,108.3MB,34068.5,0.33,245.8MB / 369.1MB,0B / 1.204MB
2026-03-30 21:21:04,248,9.75,108.4MB,34068.5,0.33,246MB / 369.4MB,0B / 1.204MB
2026-03-30 21:21:16,248,9.75,107.8MB,34068.5,0.32,246.2MB / 369.7MB,0B / 1.217MB
2026-03-30 21:21:29,249,9.75,108.4MB,34068.5,0.33,246.4MB / 370MB,0B / 1.217MB
2026-03-30 21:21:41,249,9.75,108.9MB,34068.5,0.33,246.6MB / 370.3MB,0B / 1.217MB
2026-03-30 21:21:53,249,9.75,107.9MB,34068.5,0.32,246.8MB / 370.6MB,0B / 1.217MB
2026-03-30 21:22:06,249,9.75,108MB,34068.5,0.32,247MB / 370.9MB,0B / 1.278MB
2026-03-30 21:22:18,249,9.75,107.8MB,34068.5,0.32,247.2MB / 371.2MB,0B / 1.278MB
2026-03-30 21:22:30,250,9.75,107.8MB,34068.5,0.32,247.4MB / 371.5MB,0B / 1.278MB
2026-03-30 21:22:43,250,9.75,108.1MB,34068.5,0.32,247.6MB / 371.8MB,0B / 1.278MB
2026-03-30 21:22:55,250,9.75,108MB,34068.5,0.32,247.8MB / 372.1MB,0B / 1.278MB
2026-03-30 21:23:07,250,9.75,107.6MB,34068.5,0.32,248MB / 372.4MB,0B / 1.278MB
2026-03-30 21:23:20,250,9.75,107.9MB,34068.5,0.32,248.2MB / 372.7MB,0B / 1.278MB
2026-03-30 21:23:32,251,9.75,108.7MB,34068.5,0.33,248.4MB / 373MB,0B / 1.278MB
2026-03-30 21:23:44,251,9.75,108.2MB,34068.5,0.33,248.6MB / 373.3MB,0B / 1.278MB
2026-03-30 21:23:57,251,9.76,108.2MB,34068.5,0.33,248.8MB / 373.7MB,0B / 1.278MB
2026-03-30 21:24:09,251,9.76,108.2MB,34068.5,0.33,249MB / 374MB,0B / 1.278MB
2026-03-30 21:24:21,251,9.76,108.3MB,34068.5,0.33,249.2MB / 374.3MB,0B / 1.278MB
2026-03-30 21:24:34,252,9.76,107.7MB,34068.5,0.32,249.4MB / 374.6MB,0B / 1.298MB
2026-03-30 21:24:46,252,9.76,108.4MB,34068.5,0.33,249.6MB / 374.9MB,0B / 1.708MB
2026-03-30 21:24:58,252,9.76,107.6MB,34068.5,0.32,249.8MB / 375.2MB,0B / 1.708MB
2026-03-30 21:25:11,252,9.76,107.4MB,34068.5,0.32,250.1MB / 375.5MB,0B / 1.708MB
2026-03-30 21:25:24,252,9.76,107.6MB,34068.5,0.32,250.3MB / 375.8MB,0B / 1.708MB
2026-03-30 21:25:36,253,9.76,107.9MB,34068.5,0.32,250.5MB / 376.1MB,0B / 1.708MB
2026-03-30 21:25:48,253,9.76,107.3MB,34068.5,0.32,250.7MB / 376.4MB,0B / 1.769MB
2026-03-30 21:26:00,253,9.76,107.6MB,34068.5,0.32,250.9MB / 376.7MB,0B / 2.281MB
2026-03-30 21:26:13,253,9.76,107.4MB,34068.5,0.32,251.1MB / 377MB,0B / 2.281MB
2026-03-30 21:26:25,254,9.76,106.9MB,34068.5,0.32,251.3MB / 377.3MB,0B / 2.281MB
2026-03-30 21:26:37,254,9.76,106.9MB,34068.5,0.32,251.5MB / 377.6MB,0B / 2.281MB
2026-03-30 21:26:49,254,9.76,106.9MB,34068.5,0.32,251.7MB / 377.9MB,0B / 2.281MB
2026-03-30 21:27:02,254,9.76,107.2MB,34068.5,0.32,251.9MB / 378.2MB,0B / 2.281MB
2026-03-30 21:27:14,254,9.76,107.8MB,34068.5,0.32,252.1MB / 378.5MB,0B / 2.281MB
2026-03-30 21:27:26,255,9.76,107.5MB,34068.5,0.32,252.3MB / 378.8MB,0B / 2.281MB
2026-03-30 21:27:38,255,9.76,106.5MB,34068.5,0.32,252.5MB / 379.1MB,0B / 2.892MB
2026-03-30 21:27:51,255,9.76,107.3MB,34068.5,0.32,252.7MB / 379.4MB,0B / 2.892MB
2026-03-30 21:28:03,255,9.76,106.3MB,34068.5,0.32,252.9MB / 379.7MB,0B / 2.892MB
2026-03-30 21:28:15,255,9.76,106.4MB,34068.5,0.32,253.1MB / 380MB,0B / 2.892MB
2026-03-30 21:28:27,256,9.76,106.9MB,34068.5,0.32,253.3MB / 380.3MB,0B / 2.912MB
2026-03-30 21:28:40,256,9.76,106.9MB,34068.5,0.32,253.5MB / 380.6MB,0B / 2.912MB
2026-03-30 21:28:52,256,9.76,107.2MB,34068.5,0.32,253.7MB / 380.9MB,0B / 2.912MB
2026-03-30 21:29:04,256,9.76,106.7MB,34068.5,0.32,253.9MB / 381.2MB,0B / 3.383MB
2026-03-30 21:29:17,256,9.76,106MB,34068.5,0.32,254.1MB / 381.5MB,0B / 3.383MB
2026-03-30 21:29:29,257,9.76,106.5MB,34068.5,0.32,254.3MB / 381.8MB,0B / 3.383MB
2026-03-30 21:29:41,257,9.76,106.3MB,34068.5,0.32,254.5MB / 382.1MB,0B / 3.383MB
2026-03-30 21:29:53,257,9.76,106.1MB,34068.5,0.32,254.7MB / 382.4MB,0B / 3.547MB
2026-03-30 21:30:06,257,9.76,106.6MB,34068.5,0.32,254.9MB / 382.8MB,0B / 3.822MB
2026-03-30 21:30:18,257,9.76,106.1MB,34068.5,0.32,255.1MB / 383.1MB,0B / 3.822MB
2026-03-30 21:30:30,258,9.76,105.8MB,34068.5,0.32,255.3MB / 383.4MB,0B / 3.822MB
2026-03-30 21:30:43,258,9.76,106.1MB,34068.5,0.32,255.5MB / 383.7MB,0B / 3.822MB
2026-03-30 21:30:55,258,9.76,106.4MB,34068.5,0.32,255.7MB / 384MB,0B / 3.822MB
2026-03-30 21:31:07,258,9.77,106MB,34068.5,0.32,255.9MB / 384.3MB,0B / 4.219MB
2026-03-30 21:31:19,258,9.77,105.5MB,34068.5,0.32,256.1MB / 384.6MB,0B / 4.272MB
2026-03-30 21:31:32,259,9.77,105.2MB,34068.5,0.32,256.3MB / 384.9MB,0B / 4.272MB
2026-03-30 21:31:44,259,9.77,106.3MB,34068.5,0.32,256.5MB / 385.2MB,0B / 4.272MB
2026-03-30 21:31:56,259,9.77,105.3MB,34068.5,0.32,256.7MB / 385.5MB,0B / 4.272MB
2026-03-30 21:32:09,259,9.77,105.3MB,34068.5,0.32,256.9MB / 385.8MB,0B / 4.272MB
2026-03-30 21:32:21,259,9.77,106.1MB,34068.5,0.32,257.1MB / 386.1MB,0B / 4.272MB
2026-03-30 21:32:33,260,9.77,105.8MB,34068.5,0.32,257.3MB / 386.4MB,0B / 4.272MB
2026-03-30 21:32:46,260,9.77,105.6MB,34068.5,0.32,257.5MB / 386.7MB,0B / 4.272MB
2026-03-30 21:32:58,260,9.77,105.9MB,34068.5,0.32,257.7MB / 387MB,0B / 4.272MB
2026-03-30 21:33:10,260,9.77,105.9MB,34068.5,0.32,257.9MB / 387.3MB,0B / 4.272MB
2026-03-30 21:33:23,260,9.77,106.4MB,34068.5,0.32,258.1MB / 387.6MB,0B / 4.272MB
2026-03-30 21:33:35,261,9.77,105.9MB,34068.5,0.32,258.3MB / 387.9MB,0B / 4.272MB
2026-03-30 21:33:47,261,9.77,105.5MB,34068.5,0.32,258.5MB / 388.2MB,0B / 4.272MB
2026-03-30 21:34:00,261,9.77,105.5MB,34068.5,0.32,258.7MB / 388.5MB,0B / 4.272MB
2026-03-30 21:34:12,261,9.77,105.8MB,34068.5,0.32,258.9MB / 388.8MB,0B / 4.272MB
2026-03-30 21:34:24,261,9.77,106.3MB,34068.5,0.32,259.1MB / 389.1MB,0B / 4.272MB
2026-03-30 21:34:37,262,9.77,106.3MB,34068.5,0.32,259.3MB / 389.4MB,0B / 4.272MB
2026-03-30 21:34:49,262,9.77,106.1MB,34068.5,0.32,259.5MB / 389.7MB,0B / 4.272MB
2026-03-30 21:35:01,262,9.77,106MB,34068.5,0.32,259.7MB / 390MB,0B / 4.309MB
2026-03-30 21:35:14,262,9.77,106.1MB,34068.5,0.32,259.9MB / 390.3MB,0B / 4.309MB
2026-03-30 21:35:26,263,9.77,105.8MB,34068.5,0.32,260.1MB / 390.6MB,0B / 4.309MB
2026-03-30 21:35:39,263,9.77,106.4MB,34068.5,0.32,260.3MB / 391MB,0B / 4.309MB
2026-03-30 21:35:51,263,9.77,105.2MB,34068.5,0.32,260.5MB / 391.3MB,0B / 4.94MB
2026-03-30 21:36:03,263,9.77,105.3MB,34068.5,0.32,260.8MB / 391.6MB,0B / 4.94MB
2026-03-30 21:36:16,263,9.77,105.5MB,34068.5,0.32,261MB / 391.9MB,0B / 4.94MB
2026-03-30 21:36:28,264,9.77,105.3MB,34068.5,0.32,261.2MB / 392.2MB,0B / 4.94MB
2026-03-30 21:36:40,264,9.77,104.4MB,34068.5,0.31,261.4MB / 392.5MB,0B / 6.119MB
2026-03-30 21:36:53,264,9.77,104.1MB,34068.5,0.31,261.6MB / 392.8MB,0B / 6.119MB
2026-03-30 21:37:05,264,9.77,104.4MB,34068.5,0.31,261.8MB / 393.1MB,0B / 6.119MB
2026-03-30 21:37:17,264,9.77,104.4MB,34068.5,0.31,262MB / 393.4MB,0B / 6.119MB
2026-03-30 21:37:30,265,9.77,104.2MB,34068.5,0.31,262.2MB / 393.7MB,0B / 6.132MB
2026-03-30 21:37:42,265,9.77,103.9MB,34068.5,0.31,262.4MB / 394MB,0B / 6.132MB
2026-03-30 21:37:54,265,9.77,104.5MB,34068.5,0.31,262.6MB / 394.3MB,0B / 6.132MB
2026-03-30 21:38:07,265,9.77,104.2MB,34068.5,0.31,262.8MB / 394.6MB,0B / 6.136MB
2026-03-30 21:38:19,265,9.77,104.7MB,34068.5,0.31,263MB / 394.9MB,0B / 6.21MB
2026-03-30 21:38:31,266,9.77,104.2MB,34068.5,0.31,263.2MB / 395.2MB,0B / 6.21MB
2026-03-30 21:38:43,266,9.77,103.9MB,34068.5,0.31,263.4MB / 395.5MB,0B / 6.21MB
2026-03-30 21:38:56,266,9.77,101MB,34068.5,0.30,263.6MB / 395.8MB,0B / 7.913MB
2026-03-30 21:39:08,266,9.77,100.6MB,34068.5,0.30,263.8MB / 396.1MB,0B / 8.02MB
2026-03-30 21:39:21,266,9.77,99.86MB,34068.5,0.30,264MB / 396.4MB,0B / 8.02MB
2026-03-30 21:39:33,267,9.77,99.89MB,34068.5,0.30,264.2MB / 396.7MB,0B / 8.02MB
2026-03-30 21:39:45,267,9.77,100.2MB,34068.5,0.30,264.4MB / 397MB,0B / 8.02MB
2026-03-30 21:39:57,267,9.77,99.93MB,34068.5,0.30,264.6MB / 397.3MB,0B / 8.02MB
2026-03-30 21:40:10,267,9.78,99.95MB,34068.5,0.30,264.8MB / 397.6MB,0B / 8.02MB
2026-03-30 21:40:22,267,9.78,99.97MB,34068.5,0.30,265MB / 397.9MB,0B / 8.02MB
2026-03-30 21:40:35,268,9.78,100MB,34068.5,0.30,265.2MB / 398.2MB,0B / 8.02MB
2026-03-30 21:40:47,268,9.77,100.5MB,34068.5,0.30,265.4MB / 398.5MB,0B / 8.02MB
2026-03-30 21:40:59,268,9.78,100.5MB,34068.5,0.30,265.6MB / 398.8MB,0B / 8.02MB
2026-03-30 21:41:11,268,9.78,100.3MB,34068.5,0.30,265.8MB / 399.1MB,0B / 8.02MB
2026-03-30 21:41:24,268,9.78,100.8MB,34068.5,0.30,266MB / 399.4MB,0B / 8.02MB
2026-03-30 21:41:36,269,9.78,100.1MB,34068.5,0.30,266.2MB / 399.7MB,0B / 8.02MB
2026-03-30 21:41:48,269,9.78,100.9MB,34068.5,0.30,266.4MB / 400MB,0B / 8.02MB
2026-03-30 21:42:00,269,9.78,100.7MB,34068.5,0.30,266.6MB / 400.3MB,0B / 8.02MB
2026-03-30 21:42:13,269,9.78,100.1MB,34068.5,0.30,266.8MB / 400.6MB,0B / 8.02MB
2026-03-30 21:42:25,270,9.78,100.4MB,34068.5,0.30,267MB / 400.9MB,0B / 8.02MB
2026-03-30 21:42:37,270,9.78,100.2MB,34068.5,0.30,267.2MB / 401.2MB,0B / 8.02MB
2026-03-30 21:42:49,270,9.78,101MB,34068.5,0.30,267.4MB / 401.5MB,0B / 8.02MB
2026-03-30 21:43:02,270,9.78,101MB,34068.5,0.30,267.6MB / 401.8MB,0B / 8.02MB
2026-03-30 21:43:14,270,9.78,100.8MB,34068.5,0.30,267.8MB / 402.2MB,0B / 8.02MB
2026-03-30 21:43:26,271,9.78,100.8MB,34068.5,0.30,268MB / 402.5MB,0B / 8.02MB
2026-03-30 21:43:38,271,9.78,100.5MB,34068.5,0.30,268.2MB / 402.8MB,0B / 8.02MB
2026-03-30 21:43:51,271,9.78,101.1MB,34068.5,0.30,268.4MB / 403.1MB,0B / 8.02MB
2026-03-30 21:44:03,271,9.77,101.1MB,34068.5,0.30,268.5MB / 403.1MB,0B / 8.02MB
2026-03-30 21:44:15,271,9.77,101.1MB,34068.5,0.30,268.7MB / 403.4MB,0B / 8.02MB
2026-03-30 21:44:27,272,9.77,100.3MB,34068.5,0.30,268.9MB / 403.7MB,0B / 8.02MB
2026-03-30 21:44:40,272,9.77,101.2MB,34068.5,0.30,269.1MB / 404MB,0B / 8.02MB
2026-03-30 21:44:52,272,9.77,100.3MB,34068.5,0.30,269.3MB / 404.3MB,0B / 8.126MB
2026-03-30 21:45:04,272,9.77,98.6MB,34068.5,0.30,269.5MB / 404.6MB,0B / 8.126MB
2026-03-30 21:45:17,272,9.77,98.72MB,34068.5,0.30,269.7MB / 404.9MB,0B / 8.126MB
2026-03-30 21:45:29,273,9.77,98.75MB,34068.5,0.30,269.9MB / 405.2MB,0B / 8.126MB
2026-03-30 21:45:41,273,9.77,90.82MB,34068.5,0.27,270.1MB / 405.5MB,0B / 8.126MB
2026-03-30 21:45:53,273,9.77,90.89MB,34068.5,0.27,270.3MB / 405.8MB,0B / 8.126MB
2026-03-30 21:46:06,273,9.77,90.89MB,34068.5,0.27,270.5MB / 406.1MB,0B / 8.126MB
2026-03-30 21:46:18,273,9.77,91.43MB,34068.5,0.27,270.7MB / 406.5MB,0B / 8.126MB
2026-03-30 21:46:31,274,9.77,90.67MB,34068.5,0.27,270.9MB / 406.8MB,0B / 8.126MB
2026-03-30 21:46:43,274,9.77,90.71MB,34068.5,0.27,271.1MB / 407.1MB,0B / 8.126MB
2026-03-30 21:46:55,274,9.78,91.5MB,34068.5,0.28,271.3MB / 407.4MB,0B / 8.126MB
2026-03-30 21:47:07,274,9.78,91.51MB,34068.5,0.28,271.5MB / 407.7MB,0B / 8.126MB
2026-03-30 21:47:20,274,9.78,90.76MB,34068.5,0.27,271.7MB / 408MB,0B / 8.126MB
2026-03-30 21:47:32,275,9.78,91.03MB,34068.5,0.27,271.9MB / 408.3MB,0B / 8.126MB
2026-03-30 21:47:44,275,9.78,91.31MB,34068.5,0.27,272.1MB / 408.6MB,0B / 8.126MB
2026-03-30 21:47:56,275,9.78,91.6MB,34068.5,0.28,272.3MB / 408.9MB,0B / 8.126MB
2026-03-30 21:48:09,275,9.78,91.1MB,34068.5,0.27,272.5MB / 409.2MB,0B / 8.126MB
2026-03-30 21:48:21,275,9.78,90.87MB,34068.5,0.27,272.7MB / 409.5MB,0B / 8.126MB
2026-03-30 21:48:33,276,9.78,91.13MB,34068.5,0.27,272.9MB / 409.8MB,0B / 8.126MB
2026-03-30 21:48:45,276,9.78,91.42MB,34068.5,0.27,273.1MB / 410.1MB,0B / 8.126MB
2026-03-30 21:48:58,276,9.78,91.44MB,34068.5,0.27,273.3MB / 410.4MB,0B / 8.126MB
2026-03-30 21:49:10,276,9.78,91.19MB,34068.5,0.27,273.5MB / 410.7MB,0B / 8.126MB
2026-03-30 21:49:23,276,9.78,90.69MB,34068.5,0.27,273.7MB / 411MB,0B / 8.126MB
2026-03-30 21:49:35,277,9.78,91.22MB,34068.5,0.27,273.9MB / 411.3MB,0B / 8.126MB
2026-03-30 21:49:47,277,9.78,90.73MB,34068.5,0.27,274.1MB / 411.6MB,0B / 8.126MB
2026-03-30 21:50:00,277,9.78,91MB,34068.5,0.27,274.3MB / 411.9MB,0B / 8.126MB
2026-03-30 21:50:12,277,9.78,90.78MB,34068.5,0.27,274.5MB / 412.2MB,0B / 8.126MB
2026-03-30 21:50:24,277,9.78,91.55MB,34068.5,0.28,274.7MB / 412.5MB,0B / 8.126MB
2026-03-30 21:50:36,278,9.78,91.6MB,34068.5,0.28,274.9MB / 412.8MB,0B / 8.126MB
2026-03-30 21:50:48,278,9.78,91.87MB,34068.5,0.28,275.1MB / 413.1MB,0B / 8.126MB
2026-03-30 21:51:01,278,9.78,90.85MB,34068.5,0.27,275.3MB / 413.4MB,0B / 8.126MB
2026-03-30 21:51:13,278,9.78,91.38MB,34068.5,0.27,275.5MB / 413.7MB,0B / 8.126MB
2026-03-30 21:51:26,279,9.78,90.89MB,34068.5,0.27,275.7MB / 414MB,0B / 8.126MB
2026-03-30 21:51:38,279,9.78,91.95MB,34068.5,0.28,275.9MB / 414.3MB,0B / 8.126MB
2026-03-30 21:51:50,279,9.78,91.96MB,34068.5,0.28,276.1MB / 414.6MB,0B / 8.126MB
2026-03-30 21:52:03,279,9.78,90.95MB,34068.5,0.27,276.3MB / 414.9MB,0B / 8.126MB
2026-03-30 21:52:15,279,9.78,91.24MB,34068.5,0.27,276.5MB / 415.2MB,0B / 8.126MB
2026-03-30 21:52:27,280,9.78,91.5MB,34068.5,0.28,276.7MB / 415.5MB,0B / 8.126MB
2026-03-30 21:52:39,280,9.78,91.79MB,34068.5,0.28,276.9MB / 415.8MB,0B / 8.126MB
2026-03-30 21:52:51,280,9.78,91.03MB,34068.5,0.27,277.1MB / 416.1MB,0B / 8.126MB
2026-03-30 21:53:04,280,9.78,91.31MB,34068.5,0.27,277.3MB / 416.4MB,0B / 8.126MB
2026-03-30 21:53:16,280,9.78,91.32MB,34068.5,0.27,277.5MB / 416.7MB,0B / 8.126MB
2026-03-30 21:53:29,281,9.78,91.37MB,34068.5,0.27,277.7MB / 417.1MB,0B / 8.126MB
2026-03-30 21:53:41,281,9.78,91.11MB,34068.5,0.27,277.9MB / 417.4MB,0B / 8.126MB
2026-03-30 21:53:53,281,9.78,91.91MB,34068.5,0.28,278.1MB / 417.7MB,0B / 8.126MB
2026-03-30 21:54:05,281,9.78,91.67MB,34068.5,0.28,278.3MB / 418MB,0B / 8.126MB
2026-03-30 21:54:18,281,9.79,91.43MB,34068.5,0.27,278.5MB / 418.3MB,0B / 8.126MB
2026-03-30 21:54:30,282,9.79,91.98MB,34068.5,0.28,278.7MB / 418.6MB,0B / 8.126MB
2026-03-30 21:54:42,282,9.79,92.52MB,34068.5,0.28,278.9MB / 418.9MB,0B / 8.126MB
2026-03-30 21:54:54,282,9.79,91.5MB,34068.5,0.28,279.1MB / 419.2MB,0B / 8.126MB
2026-03-30 21:55:06,282,9.79,91.26MB,34068.5,0.27,279.4MB / 419.5MB,0B / 8.126MB
2026-03-30 21:55:19,282,9.79,91.53MB,34068.5,0.28,279.6MB / 419.8MB,0B / 8.126MB
2026-03-30 21:55:32,283,9.79,91.3MB,34068.5,0.27,279.8MB / 420.1MB,0B / 8.126MB
2026-03-30 21:55:44,283,9.79,92.08MB,34068.5,0.28,280MB / 420.4MB,0B / 8.126MB
2026-03-30 21:55:56,283,9.79,92.12MB,34068.5,0.28,280.2MB / 420.7MB,0B / 8.126MB
2026-03-30 21:56:09,283,9.79,92.41MB,34068.5,0.28,280.4MB / 421MB,0B / 8.126MB
2026-03-30 21:56:21,283,9.79,92.14MB,34068.5,0.28,280.6MB / 421.3MB,0B / 8.126MB
2026-03-30 21:56:33,284,9.79,91.65MB,34068.5,0.28,280.8MB / 421.6MB,0B / 8.126MB
2026-03-30 21:56:45,284,9.79,91.67MB,34068.5,0.28,281MB / 421.9MB,0B / 8.126MB
2026-03-30 21:56:57,284,9.79,91.96MB,34068.5,0.28,281.2MB / 422.2MB,0B / 8.126MB
2026-03-30 21:57:10,284,9.79,92.24MB,34068.5,0.28,281.4MB / 422.5MB,0B / 8.126MB
2026-03-30 21:57:22,284,9.79,91.47MB,34068.5,0.27,281.6MB / 422.8MB,0B / 8.126MB
2026-03-30 21:57:34,285,9.79,91.5MB,34068.5,0.28,281.8MB / 423.1MB,0B / 8.126MB
2026-03-30 21:57:47,285,9.79,92.05MB,34068.5,0.28,282MB / 423.4MB,0B / 8.126MB
2026-03-30 21:57:59,285,9.79,91.8MB,34068.5,0.28,282.2MB / 423.7MB,0B / 8.126MB
2026-03-30 21:58:11,285,9.79,91.82MB,34068.5,0.28,282.4MB / 424MB,0B / 8.126MB
2026-03-30 21:58:24,285,9.79,91.83MB,34068.5,0.28,282.6MB / 424.3MB,0B / 8.126MB
2026-03-30 21:58:36,286,9.79,91.84MB,34068.5,0.28,282.8MB / 424.6MB,0B / 8.126MB
2026-03-30 21:58:48,286,9.79,92.39MB,34068.5,0.28,283MB / 424.9MB,0B / 8.126MB
2026-03-30 21:59:01,286,9.79,92.16MB,34068.5,0.28,283.2MB / 425.2MB,0B / 8.126MB
2026-03-30 21:59:13,286,9.79,92.43MB,34068.5,0.28,283.4MB / 425.5MB,0B / 8.126MB
2026-03-30 21:59:25,287,9.79,92.17MB,34068.5,0.28,283.6MB / 425.8MB,0B / 8.126MB
2026-03-30 21:59:38,287,9.79,92.48MB,34068.5,0.28,283.8MB / 426.2MB,0B / 8.126MB
2026-03-30 21:59:50,287,9.79,91.72MB,34068.5,0.28,284MB / 426.5MB,0B / 8.126MB
2026-03-30 22:00:02,287,9.79,92.52MB,34068.5,0.28,284.2MB / 426.8MB,0B / 8.126MB
2026-03-30 22:00:15,287,9.79,92.28MB,34068.5,0.28,284.4MB / 427.1MB,0B / 8.126MB
2026-03-30 22:00:27,288,9.79,92.81MB,34068.5,0.28,284.6MB / 427.4MB,0B / 8.126MB
2026-03-30 22:00:39,288,9.79,92.84MB,34068.5,0.28,284.8MB / 427.7MB,0B / 8.126MB
2026-03-30 22:00:52,288,9.79,92.61MB,34068.5,0.28,285MB / 428MB,0B / 8.126MB
2026-03-30 22:01:04,288,9.79,92.08MB,34068.5,0.28,285.2MB / 428.3MB,0B / 8.126MB
2026-03-30 22:01:17,288,9.79,92.63MB,34068.5,0.28,285.4MB / 428.6MB,0B / 8.126MB
2026-03-30 22:01:29,289,9.79,92.66MB,34068.5,0.28,285.6MB / 428.9MB,0B / 8.126MB
2026-03-30 22:01:41,289,9.79,93.2MB,34068.5,0.28,285.8MB / 429.2MB,0B / 8.126MB
2026-03-30 22:01:54,289,9.79,92.96MB,34068.5,0.28,286MB / 429.5MB,0B / 8.126MB
2026-03-30 22:02:06,289,9.79,92.21MB,34068.5,0.28,286.2MB / 429.8MB,0B / 8.126MB
2026-03-30 22:02:18,289,9.79,92.21MB,34068.5,0.28,286.4MB / 430.1MB,0B / 8.126MB
2026-03-30 22:02:31,290,9.79,92.74MB,34068.5,0.28,286.6MB / 430.4MB,0B / 8.126MB
2026-03-30 22:02:43,290,9.79,92.53MB,34068.5,0.28,286.8MB / 430.7MB,0B / 8.126MB
2026-03-30 22:02:55,290,9.79,92.29MB,34068.5,0.28,287MB / 431MB,0B / 8.126MB
2026-03-30 22:03:08,290,9.79,92.56MB,34068.5,0.28,287.2MB / 431.3MB,0B / 8.126MB
2026-03-30 22:03:20,290,9.79,92.32MB,34068.5,0.28,287.4MB / 431.6MB,0B / 8.126MB
2026-03-30 22:03:33,291,9.80,92.59MB,34068.5,0.28,287.7MB / 432MB,0B / 8.126MB
2026-03-30 22:03:45,291,9.80,92.36MB,34068.5,0.28,287.9MB / 432.3MB,0B / 8.126MB
2026-03-30 22:03:57,291,9.80,92.11MB,34068.5,0.28,288.1MB / 432.6MB,0B / 8.126MB
2026-03-30 22:04:10,291,9.80,92.14MB,34068.5,0.28,288.3MB / 432.9MB,0B / 8.126MB
2026-03-30 22:04:22,291,9.80,92.95MB,34068.5,0.28,288.5MB / 433.2MB,0B / 8.126MB
2026-03-30 22:04:35,292,9.80,92.18MB,34068.5,0.28,288.7MB / 433.5MB,0B / 8.126MB
2026-03-30 22:04:47,292,9.80,92.45MB,34068.5,0.28,288.9MB / 433.8MB,0B / 8.126MB
2026-03-30 22:05:00,292,9.80,92.74MB,34068.5,0.28,289.1MB / 434.1MB,0B / 8.126MB
2026-03-30 22:05:12,292,9.80,92.76MB,34068.5,0.28,289.3MB / 434.4MB,0B / 8.126MB
2026-03-30 22:05:25,293,9.80,92.77MB,34068.5,0.28,289.5MB / 434.7MB,0B / 8.126MB
2026-03-30 22:05:38,293,9.80,92.81MB,34068.5,0.28,289.7MB / 435MB,0B / 8.126MB
2026-03-30 22:05:50,293,9.80,92.3MB,34068.5,0.28,289.9MB / 435.3MB,0B / 8.126MB
2026-03-30 22:06:02,293,9.80,92.84MB,34068.5,0.28,290.1MB / 435.6MB,0B / 8.126MB
2026-03-30 22:06:15,293,9.80,92.61MB,34068.5,0.28,290.3MB / 436MB,0B / 8.126MB
2026-03-30 22:06:27,294,9.80,92.36MB,34068.5,0.28,290.5MB / 436.3MB,0B / 8.126MB
2026-03-30 22:06:39,294,9.80,92.64MB,34068.5,0.28,290.7MB / 436.6MB,0B / 8.126MB
2026-03-30 22:06:52,294,9.80,92.41MB,34068.5,0.28,290.9MB / 436.9MB,0B / 8.126MB
2026-03-30 22:07:04,294,9.80,93.23MB,34068.5,0.28,291.1MB / 437.2MB,0B / 8.126MB
2026-03-30 22:07:16,294,9.80,92.7MB,34068.5,0.28,291.3MB / 437.5MB,0B / 8.126MB
2026-03-30 22:07:29,295,9.80,92.46MB,34068.5,0.28,291.5MB / 437.8MB,0B / 8.126MB
2026-03-30 22:07:41,295,9.80,92.72MB,34068.5,0.28,291.7MB / 438.1MB,0B / 8.126MB
2026-03-30 22:07:53,295,9.80,92.75MB,34068.5,0.28,291.9MB / 438.4MB,0B / 8.126MB
2026-03-30 22:08:06,295,9.81,92.52MB,34068.5,0.28,292.1MB / 438.7MB,0B / 8.126MB
2026-03-30 22:08:18,295,9.81,93.06MB,34068.5,0.28,292.3MB / 439MB,0B / 8.126MB
2026-03-30 22:08:30,296,9.81,93.33MB,34068.5,0.28,292.6MB / 439.3MB,0B / 8.126MB
2026-03-30 22:08:43,296,9.81,93.09MB,34068.5,0.28,292.8MB / 439.6MB,0B / 8.126MB
2026-03-30 22:08:55,296,9.81,93.12MB,34068.5,0.28,293MB / 439.9MB,0B / 8.126MB
2026-03-30 22:09:07,296,9.81,93.15MB,34068.5,0.28,293.2MB / 440.2MB,0B / 8.126MB
2026-03-30 22:09:19,296,9.81,92.9MB,34068.5,0.28,293.4MB / 440.5MB,0B / 8.126MB
2026-03-30 22:09:32,297,9.81,92.66MB,34068.5,0.28,293.6MB / 440.8MB,0B / 8.126MB
2026-03-30 22:09:44,297,9.81,92.68MB,34068.5,0.28,293.8MB / 441.1MB,0B / 8.126MB
2026-03-30 22:09:56,297,9.81,92.71MB,34068.5,0.28,294MB / 441.4MB,0B / 8.126MB
2026-03-30 22:10:09,297,9.81,92.97MB,34068.5,0.28,294.2MB / 441.7MB,0B / 8.126MB
2026-03-30 22:10:21,297,9.81,92.74MB,34068.5,0.28,294.4MB / 442MB,0B / 8.126MB
2026-03-30 22:10:33,298,9.81,94.06MB,34068.5,0.28,294.6MB / 442.3MB,0B / 8.126MB
2026-03-30 22:10:46,298,9.81,93.56MB,34068.5,0.28,294.8MB / 442.6MB,0B / 8.126MB
2026-03-30 22:10:58,298,9.81,93.07MB,34068.5,0.28,295MB / 442.9MB,0B / 8.126MB
2026-03-30 22:11:10,298,9.81,92.83MB,34068.5,0.28,295.2MB / 443.2MB,0B / 8.126MB
2026-03-30 22:11:22,298,9.81,93.36MB,34068.5,0.28,295.4MB / 443.5MB,0B / 8.126MB
2026-03-30 22:11:35,299,9.81,93.38MB,34068.5,0.28,295.6MB / 443.9MB,0B / 8.126MB
2026-03-30 22:11:47,299,9.81,94.18MB,34068.5,0.28,295.8MB / 444.2MB,0B / 8.126MB
2026-03-30 22:11:59,299,9.81,92.91MB,34068.5,0.28,296MB / 444.5MB,0B / 8.126MB
2026-03-30 22:12:12,299,9.81,92.92MB,34068.5,0.28,296.2MB / 444.8MB,0B / 8.126MB
2026-03-30 22:12:24,299,9.81,93.71MB,34068.5,0.28,296.4MB / 445.1MB,0B / 8.126MB
2026-03-30 22:12:36,300,9.81,93.22MB,34068.5,0.28,296.6MB / 445.4MB,0B / 8.126MB
2026-03-30 22:12:48,300,9.81,93.76MB,34068.5,0.28,296.8MB / 445.7MB,0B / 8.126MB
2026-03-30 22:13:00,300,9.81,93.01MB,34068.5,0.28,297MB / 446MB,0B / 8.126MB
2026-03-30 22:13:13,300,9.81,93.81MB,34068.5,0.28,297.2MB / 446.3MB,0B / 8.126MB
2026-03-30 22:13:25,301,9.81,93.29MB,34068.5,0.28,297.4MB / 446.6MB,0B / 8.126MB
2026-03-30 22:13:37,301,9.81,93.57MB,34068.5,0.28,297.6MB / 446.9MB,0B / 8.126MB
2026-03-30 22:13:50,301,9.81,93.6MB,34068.5,0.28,297.8MB / 447.2MB,0B / 8.126MB
2026-03-30 22:14:02,301,9.81,93.61MB,34068.5,0.28,298MB / 447.5MB,0B / 8.126MB
2026-03-30 22:14:14,301,9.80,93.61MB,34068.5,0.28,298MB / 447.5MB,0B / 8.126MB
2026-03-30 22:14:26,302,9.80,93.64MB,34068.5,0.28,298.2MB / 447.8MB,4.096kB / 8.126MB
2026-03-30 22:14:39,302,9.80,93.67MB,34068.5,0.28,298.4MB / 448.1MB,4.096kB / 8.126MB
2026-03-30 22:14:51,302,9.80,93.18MB,34068.5,0.28,298.6MB / 448.4MB,4.096kB / 8.126MB
2026-03-30 22:15:03,302,9.80,93.19MB,34068.5,0.28,298.8MB / 448.7MB,4.096kB / 8.126MB
2026-03-30 22:15:16,302,9.80,93.2MB,34068.5,0.28,299MB / 449MB,4.096kB / 8.126MB
2026-03-30 22:15:28,303,9.80,93.74MB,34068.5,0.28,299.2MB / 449.3MB,4.096kB / 8.126MB
2026-03-30 22:15:41,303,9.80,93.77MB,34068.5,0.28,299.4MB / 449.7MB,4.096kB / 8.126MB
2026-03-30 22:15:53,303,9.80,93.79MB,34068.5,0.28,299.6MB / 450MB,4.096kB / 8.126MB
2026-03-30 22:16:05,303,9.80,94.33MB,34068.5,0.28,299.8MB / 450.3MB,4.096kB / 8.126MB
2026-03-30 22:16:18,303,9.80,94.09MB,34068.5,0.28,300MB / 450.6MB,4.096kB / 8.126MB
2026-03-30 22:16:30,304,9.80,93.84MB,34068.5,0.28,300.3MB / 450.9MB,4.096kB / 8.126MB
2026-03-30 22:16:42,304,9.80,93.61MB,34068.5,0.28,300.4MB / 451.2MB,4.096kB / 8.126MB
2026-03-30 22:16:55,304,9.80,93.88MB,34068.5,0.28,300.7MB / 451.5MB,4.096kB / 8.126MB
2026-03-30 22:17:07,304,9.81,94.17MB,34068.5,0.28,300.9MB / 451.8MB,4.096kB / 8.126MB
2026-03-30 22:17:19,304,9.80,93.93MB,34068.5,0.28,301.1MB / 452.1MB,4.096kB / 8.126MB
2026-03-30 22:17:31,305,9.80,93.96MB,34068.5,0.28,301.3MB / 452.4MB,4.096kB / 8.126MB
2026-03-30 22:17:44,305,9.81,93.95MB,34068.5,0.28,301.5MB / 452.7MB,4.096kB / 8.126MB
2026-03-30 22:17:56,305,9.81,94.26MB,34068.5,0.28,301.7MB / 453MB,4.096kB / 8.126MB
2026-03-30 22:18:08,305,9.81,94.79MB,34068.5,0.28,301.9MB / 453.3MB,4.096kB / 8.126MB
2026-03-30 22:18:21,305,9.81,94.03MB,34068.5,0.28,302.1MB / 453.6MB,4.096kB / 8.126MB
2026-03-30 22:18:33,306,9.81,93.53MB,34068.5,0.28,302.3MB / 453.9MB,4.096kB / 8.126MB
2026-03-30 22:18:46,306,9.81,93.8MB,34068.5,0.28,302.5MB / 454.2MB,4.096kB / 8.126MB
2026-03-30 22:18:58,306,9.81,94.35MB,34068.5,0.28,302.7MB / 454.5MB,4.096kB / 8.126MB
2026-03-30 22:19:10,306,9.81,93.59MB,34068.5,0.28,302.9MB / 454.8MB,4.096kB / 8.126MB
2026-03-30 22:19:23,306,9.81,94.12MB,34068.5,0.28,303.1MB / 455.1MB,4.096kB / 8.126MB
2026-03-30 22:19:35,307,9.81,93.9MB,34068.5,0.28,303.3MB / 455.4MB,4.096kB / 8.126MB
2026-03-30 22:19:48,307,9.81,93.92MB,34068.5,0.28,303.5MB / 455.7MB,4.096kB / 8.126MB
2026-03-30 22:20:00,307,9.81,93.66MB,34068.5,0.28,303.7MB / 456MB,4.096kB / 8.126MB
2026-03-30 22:20:12,307,9.81,94.19MB,34068.5,0.28,303.9MB / 456.3MB,4.096kB / 8.126MB
2026-03-30 22:20:24,307,9.81,93.97MB,34068.5,0.28,304.1MB / 456.6MB,4.096kB / 8.126MB
2026-03-30 22:20:37,308,9.81,93.99MB,34068.5,0.28,304.3MB / 456.9MB,4.096kB / 8.126MB
2026-03-30 22:20:49,308,9.81,94.79MB,34068.5,0.28,304.5MB / 457.2MB,4.096kB / 8.126MB
2026-03-30 22:21:01,308,9.81,93.77MB,34068.5,0.28,304.7MB / 457.6MB,4.096kB / 8.126MB
2026-03-30 22:21:14,308,9.81,94.04MB,34068.5,0.28,304.9MB / 457.9MB,4.096kB / 8.126MB
2026-03-30 22:21:26,309,9.81,94.33MB,34068.5,0.28,305.1MB / 458.2MB,4.096kB / 8.126MB
2026-03-30 22:21:38,309,9.81,93.82MB,34068.5,0.28,305.3MB / 458.5MB,4.096kB / 8.126MB
2026-03-30 22:21:51,309,9.81,94.11MB,34068.5,0.28,305.5MB / 458.8MB,4.096kB / 8.126MB
2026-03-30 22:22:03,309,9.81,94.4MB,34068.5,0.28,305.7MB / 459.1MB,4.096kB / 8.126MB
2026-03-30 22:22:15,309,9.81,94.92MB,34068.5,0.29,305.9MB / 459.4MB,4.096kB / 8.126MB
2026-03-30 22:22:27,310,9.81,95.21MB,34068.5,0.29,306.1MB / 459.7MB,4.096kB / 8.126MB
2026-03-30 22:22:40,310,9.81,94.18MB,34068.5,0.28,306.3MB / 460MB,4.096kB / 8.126MB
2026-03-30 22:22:52,310,9.81,94.2MB,34068.5,0.28,306.5MB / 460.3MB,4.096kB / 8.126MB
2026-03-30 22:23:04,310,9.81,94.23MB,34068.5,0.28,306.7MB / 460.6MB,4.096kB / 8.126MB
2026-03-30 22:23:17,310,9.81,93.98MB,34068.5,0.28,306.9MB / 460.9MB,4.096kB / 8.126MB
2026-03-30 22:23:29,311,9.81,94.02MB,34068.5,0.28,307.1MB / 461.2MB,4.096kB / 8.126MB
2026-03-30 22:23:41,311,9.81,94.04MB,34068.5,0.28,307.3MB / 461.5MB,4.096kB / 8.126MB
2026-03-30 22:23:53,311,9.81,94.31MB,34068.5,0.28,307.5MB / 461.8MB,4.096kB / 8.126MB
2026-03-30 22:24:06,311,9.81,94.32MB,34068.5,0.28,307.7MB / 462.1MB,4.096kB / 8.126MB
2026-03-30 22:24:18,311,9.81,94.59MB,34068.5,0.28,307.9MB / 462.4MB,4.096kB / 8.126MB
2026-03-30 22:24:31,312,9.81,95.14MB,34068.5,0.29,308.1MB / 462.7MB,4.096kB / 8.126MB
2026-03-30 22:24:43,312,9.81,94.38MB,34068.5,0.28,308.3MB / 463MB,4.096kB / 8.126MB
2026-03-30 22:24:55,312,9.81,94.14MB,34068.5,0.28,308.5MB / 463.3MB,4.096kB / 8.126MB
2026-03-30 22:25:08,312,9.81,94.7MB,34068.5,0.28,308.8MB / 463.6MB,4.096kB / 8.126MB
2026-03-30 22:25:20,312,9.81,94.19MB,34068.5,0.28,309MB / 463.9MB,4.096kB / 8.126MB
2026-03-30 22:25:32,313,9.81,94.2MB,34068.5,0.28,309.2MB / 464.2MB,4.096kB / 8.126MB
2026-03-30 22:25:45,313,9.81,94.99MB,34068.5,0.29,309.4MB / 464.5MB,4.096kB / 8.126MB
2026-03-30 22:25:57,313,9.81,95.03MB,34068.5,0.29,309.6MB / 464.8MB,4.096kB / 8.126MB
2026-03-30 22:26:09,313,9.81,94.79MB,34068.5,0.28,309.8MB / 465.1MB,4.096kB / 8.126MB
2026-03-30 22:26:22,313,9.81,95.06MB,34068.5,0.29,310MB / 465.4MB,4.096kB / 8.126MB
2026-03-30 22:26:34,314,9.81,95.08MB,34068.5,0.29,310.2MB / 465.8MB,4.096kB / 8.126MB
2026-03-30 22:26:46,314,9.81,94.85MB,34068.5,0.29,310.4MB / 466.1MB,4.096kB / 8.126MB
2026-03-30 22:26:59,314,9.81,95.4MB,34068.5,0.29,310.6MB / 466.4MB,4.096kB / 8.126MB
2026-03-30 22:27:11,314,9.81,95.14MB,34068.5,0.29,310.8MB / 466.7MB,4.096kB / 8.126MB
2026-03-30 22:27:23,314,9.81,94.38MB,34068.5,0.28,311MB / 467MB,4.096kB / 8.126MB
2026-03-30 22:27:36,315,9.81,94.67MB,34068.5,0.28,311.2MB / 467.3MB,4.096kB / 8.126MB
2026-03-30 22:27:48,315,9.81,94.69MB,34068.5,0.28,311.4MB / 467.6MB,4.096kB / 8.126MB
2026-03-30 22:28:00,315,9.81,94.95MB,34068.5,0.29,311.6MB / 467.9MB,4.096kB / 8.126MB
2026-03-30 22:28:12,315,9.81,94.47MB,34068.5,0.28,311.8MB / 468.2MB,4.096kB / 8.126MB
2026-03-30 22:28:25,316,9.81,95.53MB,34068.5,0.29,312MB / 468.5MB,4.096kB / 8.126MB
2026-03-30 22:28:37,316,9.81,94.77MB,34068.5,0.28,312.2MB / 468.8MB,4.096kB / 8.126MB
2026-03-30 22:28:50,316,9.81,94.52MB,34068.5,0.28,312.4MB / 469.1MB,4.096kB / 8.126MB
2026-03-30 22:29:02,316,9.81,94.55MB,34068.5,0.28,312.6MB / 469.4MB,4.096kB / 8.126MB
2026-03-30 22:29:14,316,9.81,94.56MB,34068.5,0.28,312.8MB / 469.7MB,4.096kB / 8.126MB
2026-03-30 22:29:26,317,9.81,94.85MB,34068.5,0.29,313MB / 470MB,4.096kB / 8.126MB
2026-03-30 22:29:38,317,9.81,95.37MB,34068.5,0.29,313.2MB / 470.3MB,4.096kB / 8.126MB
2026-03-30 22:29:51,317,9.82,94.88MB,34068.5,0.29,313.4MB / 470.6MB,4.096kB / 8.126MB
2026-03-30 22:30:03,317,9.82,94.65MB,34068.5,0.28,313.6MB / 470.9MB,4.096kB / 8.126MB
2026-03-30 22:30:15,317,9.82,95.19MB,34068.5,0.29,313.8MB / 471.2MB,4.096kB / 8.126MB
2026-03-30 22:30:28,318,9.82,95.47MB,34068.5,0.29,314MB / 471.5MB,4.096kB / 8.126MB
2026-03-30 22:30:40,318,9.82,94.97MB,34068.5,0.29,314.2MB / 471.8MB,4.096kB / 8.126MB
2026-03-30 22:30:52,318,9.82,95.5MB,34068.5,0.29,314.4MB / 472.1MB,4.096kB / 8.126MB
2026-03-30 22:31:05,318,9.82,95.01MB,34068.5,0.29,314.6MB / 472.4MB,4.096kB / 8.126MB
2026-03-30 22:31:17,318,9.82,95.03MB,34068.5,0.29,314.8MB / 472.7MB,4.096kB / 8.126MB
2026-03-30 22:31:30,319,9.82,95.83MB,34068.5,0.29,315MB / 473MB,4.096kB / 8.126MB
2026-03-30 22:31:42,319,9.82,95.05MB,34068.5,0.29,315.2MB / 473.3MB,4.096kB / 8.126MB
2026-03-30 22:31:54,319,9.82,95.08MB,34068.5,0.29,315.4MB / 473.6MB,4.096kB / 8.126MB
2026-03-30 22:32:06,319,9.82,95.1MB,34068.5,0.29,315.6MB / 473.9MB,4.096kB / 8.126MB
2026-03-30 22:32:18,319,9.82,95.64MB,34068.5,0.29,315.8MB / 474.2MB,4.096kB / 8.126MB
2026-03-30 22:32:31,320,9.82,94.88MB,34068.5,0.29,316MB / 474.5MB,4.096kB / 8.126MB
2026-03-30 22:32:43,320,9.82,95.41MB,34068.5,0.29,316.2MB / 474.8MB,4.096kB / 8.126MB
2026-03-30 22:32:56,320,9.82,95.44MB,34068.5,0.29,316.4MB / 475.1MB,4.096kB / 8.126MB
2026-03-30 22:33:08,320,9.82,95.2MB,34068.5,0.29,316.6MB / 475.4MB,4.096kB / 8.126MB
2026-03-30 22:33:20,320,9.82,94.96MB,34068.5,0.29,316.8MB / 475.7MB,4.096kB / 8.126MB
2026-03-30 22:33:32,321,9.82,95.49MB,34068.5,0.29,317MB / 476MB,4.096kB / 8.126MB
2026-03-30 22:33:45,321,9.82,95.52MB,34068.5,0.29,317.2MB / 476.3MB,4.096kB / 8.126MB
2026-03-30 22:33:57,321,9.82,95.02MB,34068.5,0.29,317.4MB / 476.7MB,4.096kB / 8.126MB
2026-03-30 22:34:09,321,9.82,95.04MB,34068.5,0.29,317.6MB / 476.9MB,4.096kB / 8.126MB
2026-03-30 22:34:22,321,9.82,95.06MB,34068.5,0.29,317.8MB / 477.3MB,4.096kB / 8.126MB
2026-03-30 22:34:34,322,9.82,95.34MB,34068.5,0.29,318MB / 477.6MB,4.096kB / 8.126MB
2026-03-30 22:34:47,322,9.82,104.3MB,34068.5,0.31,318.2MB / 477.9MB,4.096kB / 8.126MB
2026-03-30 22:34:59,322,9.82,95.64MB,34068.5,0.29,318.4MB / 478.2MB,4.096kB / 8.126MB
2026-03-30 22:35:12,322,9.82,95.66MB,34068.5,0.29,318.6MB / 478.5MB,4.096kB / 8.126MB
2026-03-30 22:35:24,322,9.82,95.68MB,34068.5,0.29,318.8MB / 478.8MB,4.096kB / 8.126MB
2026-03-30 22:35:36,323,9.82,95.44MB,34068.5,0.29,319MB / 479.1MB,4.096kB / 8.126MB
2026-03-30 22:35:49,323,9.82,95.46MB,34068.5,0.29,319.2MB / 479.4MB,4.096kB / 8.126MB
2026-03-30 22:36:01,323,9.82,95.49MB,34068.5,0.29,319.4MB / 479.7MB,4.096kB / 8.126MB
2026-03-30 22:36:13,323,9.82,96.01MB,34068.5,0.29,319.6MB / 480MB,4.096kB / 8.126MB
2026-03-30 22:36:25,324,9.82,95.51MB,34068.5,0.29,319.8MB / 480.3MB,4.096kB / 8.126MB
2026-03-30 22:36:38,324,9.82,96.07MB,34068.5,0.29,320MB / 480.6MB,4.096kB / 8.126MB
2026-03-30 22:36:50,324,9.82,96.08MB,34068.5,0.29,320.3MB / 480.9MB,4.096kB / 8.126MB
2026-03-30 22:37:02,324,9.82,96.09MB,34068.5,0.29,320.5MB / 481.2MB,4.096kB / 8.126MB
2026-03-30 22:37:14,324,9.82,95.86MB,34068.5,0.29,320.7MB / 481.5MB,4.096kB / 8.126MB
2026-03-30 22:37:27,325,9.82,95.36MB,34068.5,0.29,320.9MB / 481.8MB,4.096kB / 8.126MB
2026-03-30 22:37:39,325,9.82,96.16MB,34068.5,0.29,321.1MB / 482.1MB,4.096kB / 8.126MB
2026-03-30 22:37:52,325,9.82,95.4MB,34068.5,0.29,321.3MB / 482.4MB,4.096kB / 8.126MB
2026-03-30 22:38:04,325,9.82,95.43MB,34068.5,0.29,321.5MB / 482.7MB,4.096kB / 8.126MB
2026-03-30 22:38:16,325,9.82,95.7MB,34068.5,0.29,321.7MB / 483MB,4.096kB / 8.126MB
2026-03-30 22:38:28,326,9.82,95.72MB,34068.5,0.29,321.9MB / 483.3MB,4.096kB / 8.126MB
2026-03-30 22:38:41,326,9.82,95.5MB,34068.5,0.29,322.1MB / 483.6MB,4.096kB / 8.126MB
2026-03-30 22:38:53,326,9.82,96.28MB,34068.5,0.29,322.3MB / 483.9MB,4.096kB / 8.126MB
2026-03-30 22:39:05,326,9.82,96.03MB,34068.5,0.29,322.5MB / 484.2MB,4.096kB / 8.126MB
2026-03-30 22:39:18,326,9.82,95.8MB,34068.5,0.29,322.7MB / 484.5MB,4.096kB / 8.126MB
2026-03-30 22:39:30,327,9.82,95.82MB,34068.5,0.29,322.9MB / 484.8MB,4.096kB / 8.126MB
2026-03-30 22:39:42,327,9.82,95.84MB,34068.5,0.29,323.1MB / 485.1MB,4.096kB / 8.126MB
2026-03-30 22:39:55,327,9.82,95.6MB,34068.5,0.29,323.3MB / 485.4MB,4.096kB / 8.126MB
2026-03-30 22:40:07,327,9.82,95.88MB,34068.5,0.29,323.5MB / 485.7MB,4.096kB / 8.126MB
2026-03-30 22:40:19,327,9.82,96.43MB,34068.5,0.29,323.7MB / 486MB,4.096kB / 8.126MB
2026-03-30 22:40:31,328,9.82,95.93MB,34068.5,0.29,323.9MB / 486.3MB,4.096kB / 8.126MB
2026-03-30 22:40:43,328,9.82,95.68MB,34068.5,0.29,324.1MB / 486.6MB,4.096kB / 8.126MB
2026-03-30 22:40:56,328,9.82,96.22MB,34068.5,0.29,324.3MB / 486.9MB,4.096kB / 8.126MB
2026-03-30 22:41:08,328,9.82,96.5MB,34068.5,0.29,324.5MB / 487.2MB,4.096kB / 8.126MB
2026-03-30 22:41:20,328,9.82,96.01MB,34068.5,0.29,324.7MB / 487.6MB,4.096kB / 8.126MB
2026-03-30 22:41:33,329,9.82,96.8MB,34068.5,0.29,324.9MB / 487.9MB,4.096kB / 8.126MB
2026-03-30 22:41:45,329,9.82,96.03MB,34068.5,0.29,325.1MB / 488.2MB,4.096kB / 8.126MB
2026-03-30 22:41:57,329,9.82,96.58MB,34068.5,0.29,325.3MB / 488.5MB,4.096kB / 8.126MB
2026-03-30 22:42:10,329,9.82,95.82MB,34068.5,0.29,325.5MB / 488.8MB,4.096kB / 8.126MB
2026-03-30 22:42:22,329,9.82,96.1MB,34068.5,0.29,325.7MB / 489.1MB,4.096kB / 8.126MB
2026-03-30 22:42:34,330,9.82,96.38MB,34068.5,0.29,325.9MB / 489.4MB,4.096kB / 8.126MB
2026-03-30 22:42:47,330,9.82,95.88MB,34068.5,0.29,326.1MB / 489.7MB,4.096kB / 8.126MB
2026-03-30 22:42:59,330,9.82,96.67MB,34068.5,0.29,326.3MB / 490MB,4.096kB / 8.126MB
2026-03-30 22:43:11,330,9.82,96.42MB,34068.5,0.29,326.5MB / 490.3MB,4.096kB / 8.126MB
2026-03-30 22:43:23,330,9.82,95.94MB,34068.5,0.29,326.7MB / 490.6MB,4.096kB / 8.126MB
2026-03-30 22:43:36,331,9.82,96.49MB,34068.5,0.29,326.9MB / 490.9MB,4.096kB / 8.126MB
2026-03-30 22:43:48,331,9.82,96.49MB,34068.5,0.29,327.1MB / 491.2MB,4.096kB / 8.126MB
2026-03-30 22:44:00,331,9.83,97.05MB,34068.5,0.29,327.3MB / 491.5MB,4.096kB / 8.126MB
2026-03-30 22:44:13,331,9.82,96.01MB,34068.5,0.29,327.5MB / 491.8MB,4.096kB / 8.126MB
2026-03-30 22:44:25,332,9.82,96.02MB,34068.5,0.29,327.6MB / 491.9MB,4.096kB / 8.126MB
2026-03-30 22:44:37,332,9.82,96.56MB,34068.5,0.29,327.8MB / 492.2MB,4.096kB / 8.126MB
2026-03-30 22:44:49,332,9.82,96.58MB,34068.5,0.29,328MB / 492.5MB,4.096kB / 8.126MB
2026-03-30 22:45:01,332,9.82,96.59MB,34068.5,0.29,328.2MB / 492.8MB,4.096kB / 8.126MB
2026-03-30 22:45:13,332,9.82,96.87MB,34068.5,0.29,328.4MB / 493.1MB,4.096kB / 8.126MB
2026-03-30 22:45:26,333,9.82,96.64MB,34068.5,0.29,328.6MB / 493.4MB,4.096kB / 8.126MB
2026-03-30 22:45:39,333,9.82,96.41MB,34068.5,0.29,328.8MB / 493.7MB,4.096kB / 8.126MB
2026-03-30 22:45:51,333,9.82,96.69MB,34068.5,0.29,329MB / 494MB,4.096kB / 8.126MB
2026-03-30 22:46:03,333,9.82,96.18MB,34068.5,0.29,329.2MB / 494.3MB,4.096kB / 8.126MB
2026-03-30 22:46:16,333,9.82,96.46MB,34068.5,0.29,329.4MB / 494.6MB,4.096kB / 8.126MB
2026-03-30 22:46:28,334,9.82,96.74MB,34068.5,0.29,329.6MB / 494.9MB,4.096kB / 8.126MB
2026-03-30 22:46:41,334,9.82,96.51MB,34068.5,0.29,329.8MB / 495.2MB,4.096kB / 8.126MB
2026-03-30 22:46:53,334,9.82,96.79MB,34068.5,0.29,330MB / 495.5MB,4.096kB / 8.126MB
2026-03-30 22:47:06,334,9.82,97.07MB,34068.5,0.29,330.2MB / 495.8MB,4.096kB / 8.126MB
2026-03-30 22:47:18,334,9.82,96.3MB,34068.5,0.29,330.4MB / 496.1MB,4.096kB / 8.126MB
2026-03-30 22:47:31,335,9.82,96.84MB,34068.5,0.29,330.6MB / 496.4MB,4.096kB / 8.126MB
2026-03-30 22:47:43,335,9.82,96.6MB,34068.5,0.29,330.8MB / 496.7MB,4.096kB / 8.126MB
2026-03-30 22:47:55,335,9.82,96.37MB,34068.5,0.29,331MB / 497MB,4.096kB / 8.126MB
2026-03-30 22:48:08,335,9.82,96.66MB,34068.5,0.29,331.2MB / 497.4MB,4.096kB / 8.126MB
2026-03-30 22:48:20,335,9.82,96.65MB,34068.5,0.29,331.4MB / 497.6MB,4.096kB / 8.126MB
2026-03-30 22:48:32,336,9.82,97.47MB,34068.5,0.29,331.6MB / 498MB,4.096kB / 8.126MB
2026-03-30 22:48:44,336,9.82,97.23MB,34068.5,0.29,331.8MB / 498.3MB,4.096kB / 8.126MB
2026-03-30 22:48:57,336,9.82,96.53MB,34068.5,0.29,332MB / 498.6MB,4.096kB / 8.126MB
2026-03-30 22:49:09,336,9.82,97.28MB,34068.5,0.29,332.2MB / 498.9MB,4.096kB / 8.126MB
2026-03-30 22:49:22,336,9.82,96.5MB,34068.5,0.29,332.4MB / 499.2MB,4.096kB / 8.126MB
2026-03-30 22:49:34,337,9.82,96.52MB,34068.5,0.29,332.6MB / 499.5MB,4.096kB / 8.126MB
2026-03-30 22:49:46,337,9.82,96.8MB,34068.5,0.29,332.8MB / 499.8MB,4.096kB / 8.126MB
2026-03-30 22:49:58,337,9.82,96.82MB,34068.5,0.29,333MB / 500.1MB,4.096kB / 8.126MB
2026-03-30 22:50:11,337,9.82,97.07MB,34068.5,0.29,333.2MB / 500.4MB,4.096kB / 8.126MB
2026-03-30 22:50:23,337,9.83,97.89MB,34068.5,0.29,333.4MB / 500.7MB,4.096kB / 8.126MB
2026-03-30 22:50:35,338,9.82,96.88MB,34068.5,0.29,333.6MB / 501MB,4.096kB / 8.126MB
2026-03-30 22:50:48,338,9.82,96.91MB,34068.5,0.29,333.8MB / 501.3MB,4.096kB / 8.126MB
2026-03-30 22:51:00,338,9.83,97.18MB,34068.5,0.29,334MB / 501.6MB,4.096kB / 8.126MB
2026-03-30 22:51:12,338,9.83,97.18MB,34068.5,0.29,334.2MB / 501.9MB,4.096kB / 8.126MB
2026-03-30 22:51:25,339,9.83,96.96MB,34068.5,0.29,334.4MB / 502.2MB,4.096kB / 8.126MB
2026-03-30 22:51:37,339,9.83,96.74MB,34068.5,0.29,334.6MB / 502.5MB,4.096kB / 8.126MB
2026-03-30 22:51:49,339,9.83,97.53MB,34068.5,0.29,334.8MB / 502.8MB,4.096kB / 8.126MB
2026-03-30 22:52:02,339,9.83,97.01MB,34068.5,0.29,335MB / 503.1MB,4.096kB / 8.126MB
2026-03-30 22:52:14,339,9.83,97.3MB,34068.5,0.29,335.2MB / 503.4MB,4.096kB / 8.126MB
2026-03-30 22:52:26,340,9.83,97.31MB,34068.5,0.29,335.4MB / 503.7MB,4.096kB / 8.126MB
2026-03-30 22:52:38,340,9.83,96.84MB,34068.5,0.29,335.6MB / 504MB,4.096kB / 8.126MB
2026-03-30 22:52:51,340,9.83,96.84MB,34068.5,0.29,335.9MB / 504.3MB,4.096kB / 8.126MB
2026-03-30 22:53:03,340,9.83,96.86MB,34068.5,0.29,336.1MB / 504.6MB,4.096kB / 8.126MB
2026-03-30 22:53:16,340,9.83,97.92MB,34068.5,0.29,336.3MB / 504.9MB,4.096kB / 8.126MB
2026-03-30 22:53:28,341,9.83,97.42MB,34068.5,0.29,336.5MB / 505.2MB,4.096kB / 8.126MB
2026-03-30 22:53:40,341,9.83,97.69MB,34068.5,0.29,336.7MB / 505.5MB,4.096kB / 8.126MB
2026-03-30 22:53:53,341,9.83,97.7MB,34068.5,0.29,336.9MB / 505.8MB,4.096kB / 8.126MB
2026-03-30 22:54:05,341,9.83,97.73MB,34068.5,0.29,337.1MB / 506.2MB,4.096kB / 8.126MB
2026-03-30 22:54:17,341,9.83,98.02MB,34068.5,0.29,337.3MB / 506.5MB,4.096kB / 8.126MB
2026-03-30 22:54:30,342,9.83,97.52MB,34068.5,0.29,337.5MB / 506.8MB,4.096kB / 8.126MB
2026-03-30 22:54:42,342,9.83,97.28MB,34068.5,0.29,337.7MB / 507.1MB,4.096kB / 8.126MB
2026-03-30 22:54:54,342,9.83,97.82MB,34068.5,0.29,337.9MB / 507.4MB,4.096kB / 8.126MB
2026-03-30 22:55:07,342,9.83,97.33MB,34068.5,0.29,338.1MB / 507.7MB,4.096kB / 8.126MB
2026-03-30 22:55:19,342,9.83,97.61MB,34068.5,0.29,338.3MB / 508MB,4.096kB / 8.126MB
2026-03-30 22:55:32,343,9.83,97.36MB,34068.5,0.29,338.5MB / 508.3MB,4.096kB / 8.126MB
2026-03-30 22:55:44,343,9.83,97.12MB,34068.5,0.29,338.7MB / 508.6MB,4.096kB / 8.126MB
2026-03-30 22:55:57,343,9.83,97.4MB,34068.5,0.29,338.9MB / 508.9MB,4.096kB / 8.126MB
2026-03-30 22:56:09,343,9.83,98.2MB,34068.5,0.30,339.1MB / 509.2MB,4.096kB / 8.126MB
2026-03-30 22:56:21,343,9.83,97.96MB,34068.5,0.29,339.3MB / 509.5MB,4.096kB / 8.126MB
2026-03-30 22:56:33,344,9.83,97.2MB,34068.5,0.29,339.5MB / 509.8MB,4.096kB / 8.126MB
2026-03-30 22:56:46,344,9.83,98MB,34068.5,0.29,339.7MB / 510.1MB,4.096kB / 8.126MB
2026-03-30 22:56:58,344,9.83,97.24MB,34068.5,0.29,339.9MB / 510.4MB,4.096kB / 8.126MB
2026-03-30 22:57:10,344,9.83,98.04MB,34068.5,0.29,340.1MB / 510.7MB,4.096kB / 8.126MB
2026-03-30 22:57:23,344,9.83,97.54MB,34068.5,0.29,340.3MB / 511MB,4.096kB / 8.126MB
2026-03-30 22:57:35,345,9.83,98.33MB,34068.5,0.30,340.5MB / 511.3MB,4.096kB / 8.126MB
2026-03-30 22:57:47,345,9.83,97.58MB,34068.5,0.29,340.7MB / 511.6MB,4.096kB / 8.126MB
2026-03-30 22:58:00,345,9.83,97.34MB,34068.5,0.29,340.9MB / 511.9MB,4.096kB / 8.126MB
2026-03-30 22:58:12,345,9.83,98.14MB,34068.5,0.29,341.1MB / 512.2MB,4.096kB / 8.126MB
2026-03-30 22:58:25,346,9.83,97.89MB,34068.5,0.29,341.3MB / 512.5MB,4.096kB / 8.126MB
2026-03-30 22:58:37,346,9.83,97.41MB,34068.5,0.29,341.5MB / 512.8MB,4.096kB / 8.126MB
2026-03-30 22:58:49,346,9.83,97.44MB,34068.5,0.29,341.7MB / 513.1MB,4.096kB / 8.126MB
2026-03-30 22:59:01,346,9.83,97.44MB,34068.5,0.29,341.9MB / 513.4MB,4.096kB / 8.126MB
2026-03-30 22:59:14,346,9.83,98.23MB,34068.5,0.30,342.1MB / 513.7MB,4.096kB / 8.126MB
2026-03-30 22:59:27,347,9.83,98.53MB,34068.5,0.30,342.3MB / 514.1MB,4.096kB / 8.126MB
2026-03-30 22:59:39,347,9.83,97.5MB,34068.5,0.29,342.5MB / 514.4MB,4.096kB / 8.126MB
2026-03-30 22:59:51,347,9.83,98.02MB,34068.5,0.29,342.7MB / 514.7MB,4.096kB / 8.126MB
2026-03-30 23:00:04,347,9.83,97.54MB,34068.5,0.29,342.9MB / 515MB,4.096kB / 8.126MB
2026-03-30 23:00:16,347,9.83,97.82MB,34068.5,0.29,343.2MB / 515.3MB,4.096kB / 8.126MB
2026-03-30 23:00:29,348,9.83,97.58MB,34068.5,0.29,343.4MB / 515.6MB,4.096kB / 8.126MB
2026-03-30 23:00:41,348,9.83,97.87MB,34068.5,0.29,343.6MB / 515.9MB,4.096kB / 8.126MB
2026-03-30 23:00:53,348,9.83,97.88MB,34068.5,0.29,343.8MB / 516.2MB,4.096kB / 8.126MB
2026-03-30 23:01:06,348,9.84,98.16MB,34068.5,0.30,344MB / 516.5MB,4.096kB / 8.126MB
2026-03-30 23:01:18,348,9.84,98.69MB,34068.5,0.30,344.2MB / 516.8MB,4.096kB / 8.126MB
2026-03-30 23:01:30,349,9.84,98.45MB,34068.5,0.30,344.4MB / 517.1MB,4.096kB / 8.126MB
2026-03-30 23:01:43,349,9.84,98.49MB,34068.5,0.30,344.6MB / 517.4MB,4.096kB / 8.126MB
2026-03-30 23:01:55,349,9.84,98.23MB,34068.5,0.30,344.8MB / 517.7MB,4.096kB / 8.126MB
2026-03-30 23:02:07,349,9.84,98.51MB,34068.5,0.30,345MB / 518MB,4.096kB / 8.126MB
2026-03-30 23:02:20,349,9.84,98.28MB,34068.5,0.30,345.2MB / 518.3MB,4.096kB / 8.126MB
2026-03-30 23:02:32,350,9.84,98.03MB,34068.5,0.29,345.4MB / 518.6MB,4.096kB / 8.126MB
2026-03-30 23:02:44,350,9.84,98.83MB,34068.5,0.30,345.6MB / 518.9MB,4.096kB / 8.126MB
2026-03-30 23:02:56,350,9.84,98.86MB,34068.5,0.30,345.8MB / 519.2MB,4.096kB / 8.126MB
2026-03-30 23:03:08,350,9.84,98.35MB,34068.5,0.30,346MB / 519.5MB,4.096kB / 8.126MB
2026-03-30 23:03:21,350,9.84,98.12MB,34068.5,0.29,346.2MB / 519.8MB,4.096kB / 8.126MB
2026-03-30 23:03:33,351,9.84,97.88MB,34068.5,0.29,346.4MB / 520.1MB,4.096kB / 8.126MB
2026-03-30 23:03:46,351,9.84,98.16MB,34068.5,0.30,346.6MB / 520.4MB,4.096kB / 8.126MB
2026-03-30 23:03:58,351,9.84,98.19MB,34068.5,0.30,346.8MB / 520.7MB,4.096kB / 8.126MB
2026-03-30 23:04:10,351,9.84,98.46MB,34068.5,0.30,347MB / 521MB,4.096kB / 8.126MB
2026-03-30 23:04:22,351,9.84,97.96MB,34068.5,0.29,347.2MB / 521.3MB,4.096kB / 8.126MB
2026-03-30 23:04:35,352,9.84,98.73MB,34068.5,0.30,347.4MB / 521.6MB,4.096kB / 8.126MB
2026-03-30 23:04:47,352,9.84,98.77MB,34068.5,0.30,347.6MB / 521.9MB,4.096kB / 8.126MB
2026-03-30 23:04:59,352,9.84,98.55MB,34068.5,0.30,347.8MB / 522.2MB,4.096kB / 8.126MB
2026-03-30 23:05:12,352,9.84,99.09MB,34068.5,0.30,348MB / 522.5MB,4.096kB / 8.126MB
2026-03-30 23:05:24,352,9.84,98.84MB,34068.5,0.30,348.2MB / 522.8MB,4.096kB / 8.126MB
2026-03-30 23:05:36,353,9.84,98.34MB,34068.5,0.30,348.4MB / 523.1MB,4.096kB / 8.126MB
2026-03-30 23:05:49,353,9.84,98.36MB,34068.5,0.30,348.6MB / 523.4MB,4.096kB / 8.126MB
2026-03-30 23:06:01,353,9.84,98.37MB,34068.5,0.30,348.8MB / 523.7MB,4.096kB / 8.126MB
2026-03-30 23:06:13,353,9.84,98.4MB,34068.5,0.30,349MB / 524.1MB,4.096kB / 8.126MB
2026-03-30 23:06:26,354,9.84,98.42MB,34068.5,0.30,349.2MB / 524.4MB,4.096kB / 8.126MB
2026-03-30 23:06:38,354,9.84,98.44MB,34068.5,0.30,349.4MB / 524.7MB,4.096kB / 8.126MB
2026-03-30 23:06:50,354,9.84,98.98MB,34068.5,0.30,349.6MB / 525MB,4.096kB / 8.126MB
2026-03-30 23:07:02,354,9.84,98.48MB,34068.5,0.30,349.8MB / 525.3MB,4.096kB / 8.126MB
2026-03-30 23:07:15,354,9.84,98.75MB,34068.5,0.30,350MB / 525.6MB,4.096kB / 8.126MB
2026-03-30 23:07:27,355,9.84,98.52MB,34068.5,0.30,350.2MB / 525.9MB,4.096kB / 8.126MB
2026-03-30 23:07:39,355,9.84,99.04MB,34068.5,0.30,350.4MB / 526.2MB,4.096kB / 8.126MB
2026-03-30 23:07:52,355,9.84,99.07MB,34068.5,0.30,350.6MB / 526.5MB,4.096kB / 8.126MB
2026-03-30 23:08:04,355,9.84,98.57MB,34068.5,0.30,350.8MB / 526.8MB,4.096kB / 8.126MB
2026-03-30 23:08:16,355,9.84,99.11MB,34068.5,0.30,351MB / 527.1MB,4.096kB / 8.126MB
2026-03-30 23:08:29,356,9.84,98.62MB,34068.5,0.30,351.2MB / 527.4MB,4.096kB / 8.126MB
2026-03-30 23:08:41,356,9.84,98.37MB,34068.5,0.30,351.4MB / 527.7MB,4.096kB / 8.126MB
2026-03-30 23:08:54,356,9.84,98.39MB,34068.5,0.30,351.6MB / 528MB,4.096kB / 8.126MB
2026-03-30 23:09:06,356,9.84,99.19MB,34068.5,0.30,351.8MB / 528.3MB,4.096kB / 8.126MB
2026-03-30 23:09:19,356,9.84,98.94MB,34068.5,0.30,352MB / 528.6MB,4.096kB / 8.126MB
2026-03-30 23:09:31,357,9.84,98.46MB,34068.5,0.30,352.2MB / 528.9MB,4.096kB / 8.126MB
2026-03-30 23:09:43,357,9.84,99.26MB,34068.5,0.30,352.4MB / 529.2MB,4.096kB / 8.126MB
2026-03-30 23:09:56,357,9.84,98.76MB,34068.5,0.30,352.6MB / 529.5MB,4.096kB / 8.126MB
2026-03-30 23:10:08,357,9.84,98.51MB,34068.5,0.30,352.8MB / 529.8MB,4.096kB / 8.126MB
2026-03-30 23:10:20,357,9.84,98.53MB,34068.5,0.30,353MB / 530.1MB,4.096kB / 8.126MB
2026-03-30 23:10:33,358,9.84,98.55MB,34068.5,0.30,353.2MB / 530.4MB,4.096kB / 8.126MB
2026-03-30 23:10:45,358,9.84,99.36MB,34068.5,0.30,353.4MB / 530.7MB,4.096kB / 8.126MB
2026-03-30 23:10:57,358,9.84,98.85MB,34068.5,0.30,353.6MB / 531MB,4.096kB / 8.126MB
2026-03-30 23:11:10,358,9.84,98.62MB,34068.5,0.30,353.8MB / 531.3MB,4.096kB / 8.126MB
2026-03-30 23:11:22,358,9.84,98.89MB,34068.5,0.30,354MB / 531.6MB,4.096kB / 8.126MB
2026-03-30 23:11:34,359,9.84,98.91MB,34068.5,0.30,354.2MB / 531.9MB,4.096kB / 8.126MB
2026-03-30 23:11:47,359,9.84,98.93MB,34068.5,0.30,354.4MB / 532.2MB,4.096kB / 8.126MB
2026-03-30 23:11:59,359,9.84,98.7MB,34068.5,0.30,354.6MB / 532.5MB,4.096kB / 8.126MB
2026-03-30 23:12:11,359,9.84,98.71MB,34068.5,0.30,354.8MB / 532.8MB,4.096kB / 8.126MB
2026-03-30 23:12:24,359,9.84,99.01MB,34068.5,0.30,355.1MB / 533.1MB,4.096kB / 8.126MB
2026-03-30 23:12:36,360,9.84,98.76MB,34068.5,0.30,355.3MB / 533.5MB,4.096kB / 8.126MB
2026-03-30 23:12:48,360,9.84,99.04MB,34068.5,0.30,355.5MB / 533.8MB,4.096kB / 8.126MB
2026-03-30 23:13:00,360,9.84,99.55MB,34068.5,0.30,355.7MB / 534.1MB,4.096kB / 8.126MB
2026-03-30 23:13:13,360,9.84,99.34MB,34068.5,0.30,355.9MB / 534.4MB,4.096kB / 8.126MB
2026-03-30 23:13:25,361,9.84,99.61MB,34068.5,0.30,356.1MB / 534.7MB,4.096kB / 8.126MB
2026-03-30 23:13:38,361,9.84,99.12MB,34068.5,0.30,356.3MB / 535MB,4.096kB / 8.126MB
2026-03-30 23:13:50,361,9.84,99.65MB,34068.5,0.30,356.5MB / 535.3MB,4.096kB / 8.126MB
2026-03-30 23:14:02,361,9.84,99.68MB,34068.5,0.30,356.7MB / 535.6MB,4.096kB / 8.126MB
2026-03-30 23:14:15,361,9.84,100MB,34068.5,0.30,356.9MB / 535.9MB,4.096kB / 8.126MB
2026-03-30 23:14:28,362,9.84,98.93MB,34068.5,0.30,357MB / 536.1MB,4.096kB / 8.126MB
2026-03-30 23:14:40,362,9.84,98.94MB,34068.5,0.30,357.1MB / 536.3MB,4.096kB / 8.126MB
2026-03-30 23:14:52,362,9.84,98.96MB,34068.5,0.30,357.3MB / 536.6MB,4.096kB / 8.126MB
2026-03-30 23:15:04,362,9.84,99.24MB,34068.5,0.30,357.5MB / 536.9MB,4.096kB / 8.126MB
2026-03-30 23:15:17,362,9.84,100MB,34068.5,0.30,357.7MB / 537.2MB,4.096kB / 8.126MB
2026-03-30 23:15:29,363,9.84,99.3MB,34068.5,0.30,357.9MB / 537.5MB,4.096kB / 8.126MB
2026-03-30 23:15:42,363,9.84,99.55MB,34068.5,0.30,358.1MB / 537.8MB,4.096kB / 8.126MB
2026-03-30 23:15:54,363,9.84,99.83MB,34068.5,0.30,358.3MB / 538.1MB,4.096kB / 8.126MB
2026-03-30 23:16:06,363,9.84,99.86MB,34068.5,0.30,358.5MB / 538.4MB,4.096kB / 8.126MB
2026-03-30 23:16:19,363,9.84,99.87MB,34068.5,0.30,358.7MB / 538.7MB,4.096kB / 8.126MB
2026-03-30 23:16:31,364,9.84,99.64MB,34068.5,0.30,358.9MB / 539MB,4.096kB / 8.126MB
2026-03-30 23:16:43,364,9.84,99.91MB,34068.5,0.30,359.1MB / 539.3MB,4.096kB / 8.126MB
2026-03-30 23:16:55,364,9.84,99.67MB,34068.5,0.30,359.3MB / 539.6MB,4.096kB / 8.126MB
2026-03-30 23:17:08,364,9.84,100.5MB,34068.5,0.30,359.5MB / 539.9MB,4.096kB / 8.126MB
2026-03-30 23:17:20,364,9.84,100.8MB,34068.5,0.30,359.7MB / 540.2MB,4.096kB / 8.126MB
2026-03-30 23:17:32,365,9.84,99.23MB,34068.5,0.30,359.9MB / 540.5MB,4.096kB / 8.126MB
2026-03-30 23:17:44,365,9.84,99.24MB,34068.5,0.30,360.1MB / 540.8MB,4.096kB / 8.126MB
2026-03-30 23:17:57,365,9.84,99.26MB,34068.5,0.30,360.3MB / 541.1MB,4.096kB / 8.126MB
2026-03-30 23:18:09,365,9.84,100.1MB,34068.5,0.30,360.5MB / 541.4MB,4.096kB / 8.126MB
2026-03-30 23:18:21,365,9.84,99.82MB,34068.5,0.30,360.7MB / 541.7MB,4.096kB / 8.126MB
2026-03-30 23:18:34,366,9.84,99.84MB,34068.5,0.30,360.9MB / 542MB,4.096kB / 8.126MB
2026-03-30 23:18:46,366,9.84,99.87MB,34068.5,0.30,361.1MB / 542.3MB,4.096kB / 8.126MB
2026-03-30 23:18:58,366,9.84,99.63MB,34068.5,0.30,361.3MB / 542.6MB,4.096kB / 8.126MB
2026-03-30 23:19:10,366,9.84,99.38MB,34068.5,0.30,361.5MB / 542.9MB,4.096kB / 8.126MB
2026-03-30 23:19:23,366,9.84,99.39MB,34068.5,0.30,361.7MB / 543.2MB,4.096kB / 8.126MB
2026-03-30 23:19:35,367,9.84,99.68MB,34068.5,0.30,361.9MB / 543.5MB,4.096kB / 8.126MB
2026-03-30 23:19:47,367,9.84,99.94MB,34068.5,0.30,362.1MB / 543.8MB,4.096kB / 8.126MB
2026-03-30 23:19:59,367,9.84,99.97MB,34068.5,0.30,362.3MB / 544.1MB,4.096kB / 8.126MB
2026-03-30 23:20:12,367,9.84,99.99MB,34068.5,0.30,362.5MB / 544.4MB,4.096kB / 8.126MB
2026-03-30 23:20:24,367,9.84,100MB,34068.5,0.30,362.8MB / 544.7MB,4.096kB / 8.126MB
2026-03-30 23:20:37,368,9.84,99.52MB,34068.5,0.30,363MB / 545MB,4.096kB / 8.126MB
2026-03-30 23:20:49,368,9.84,99.8MB,34068.5,0.30,363.2MB / 545.3MB,4.096kB / 8.126MB
2026-03-30 23:21:01,368,9.84,99.82MB,34068.5,0.30,363.4MB / 545.6MB,4.096kB / 8.126MB
2026-03-30 23:21:13,368,9.84,100.4MB,34068.5,0.30,363.6MB / 545.9MB,4.096kB / 8.126MB
2026-03-30 23:21:26,369,9.84,100.1MB,34068.5,0.30,363.8MB / 546.2MB,4.096kB / 8.126MB
2026-03-30 23:21:38,369,9.84,99.87MB,34068.5,0.30,364MB / 546.5MB,4.096kB / 8.126MB
2026-03-30 23:21:50,369,9.84,99.9MB,34068.5,0.30,364.2MB / 546.8MB,4.096kB / 8.126MB
2026-03-30 23:22:02,369,9.84,99.66MB,34068.5,0.30,364.4MB / 547.1MB,4.096kB / 8.126MB
2026-03-30 23:22:15,369,9.84,100.2MB,34068.5,0.30,364.6MB / 547.4MB,4.096kB / 8.126MB
2026-03-30 23:22:27,370,9.84,99.95MB,34068.5,0.30,364.8MB / 547.7MB,4.096kB / 8.126MB
2026-03-30 23:22:39,370,9.84,99.71MB,34068.5,0.30,365MB / 548MB,4.096kB / 8.126MB
2026-03-30 23:22:52,370,9.84,100.8MB,34068.5,0.30,365.2MB / 548.3MB,4.096kB / 8.126MB
2026-03-30 23:23:04,370,9.84,100.3MB,34068.5,0.30,365.4MB / 548.6MB,4.096kB / 8.126MB
2026-03-30 23:23:16,370,9.84,99.77MB,34068.5,0.30,365.6MB / 548.9MB,4.096kB / 8.126MB
2026-03-30 23:23:28,371,9.84,100.6MB,34068.5,0.30,365.8MB / 549.2MB,4.096kB / 8.126MB
2026-03-30 23:23:41,371,9.84,100.3MB,34068.5,0.30,366MB / 549.5MB,4.096kB / 8.126MB
2026-03-30 23:23:53,371,9.84,100.4MB,34068.5,0.30,366.2MB / 549.8MB,4.096kB / 8.126MB
2026-03-30 23:24:06,371,9.84,100.4MB,34068.5,0.30,366.4MB / 550.1MB,4.096kB / 8.126MB
2026-03-30 23:24:18,371,9.84,100.4MB,34068.5,0.30,366.6MB / 550.4MB,4.096kB / 8.126MB
2026-03-30 23:24:30,372,9.84,100.9MB,34068.5,0.30,366.8MB / 550.7MB,4.096kB / 8.126MB
2026-03-30 23:24:42,372,9.84,101MB,34068.5,0.30,367MB / 551MB,4.096kB / 8.126MB
2026-03-30 23:24:55,372,9.84,99.95MB,34068.5,0.30,367.2MB / 551.3MB,4.096kB / 8.126MB
2026-03-30 23:25:07,372,9.84,100.5MB,34068.5,0.30,367.4MB / 551.7MB,4.096kB / 8.126MB
2026-03-30 23:25:19,372,9.84,99.97MB,34068.5,0.30,367.6MB / 552MB,4.096kB / 8.126MB
2026-03-30 23:25:32,373,9.84,99.99MB,34068.5,0.30,367.8MB / 552.3MB,4.096kB / 8.126MB
2026-03-30 23:25:44,373,9.84,100MB,34068.5,0.30,368MB / 552.6MB,4.096kB / 8.126MB
2026-03-30 23:25:56,373,9.84,100.6MB,34068.5,0.30,368.2MB / 552.9MB,4.096kB / 8.126MB
2026-03-30 23:26:09,373,9.84,100.3MB,34068.5,0.30,368.4MB / 553.2MB,4.096kB / 8.126MB
2026-03-30 23:26:21,373,9.84,100.1MB,34068.5,0.30,368.6MB / 553.5MB,4.096kB / 8.126MB
2026-03-30 23:26:33,374,9.84,100.3MB,34068.5,0.30,368.8MB / 553.8MB,4.096kB / 8.126MB
2026-03-30 23:26:45,374,9.84,100.1MB,34068.5,0.30,369MB / 554.1MB,4.096kB / 8.126MB
2026-03-30 23:26:58,374,9.84,100.9MB,34068.5,0.30,369.2MB / 554.4MB,4.096kB / 8.126MB
2026-03-30 23:27:10,374,9.84,100.4MB,34068.5,0.30,369.4MB / 554.7MB,4.096kB / 8.126MB
2026-03-30 23:27:22,374,9.84,100.2MB,34068.5,0.30,369.6MB / 555MB,4.096kB / 8.126MB
2026-03-30 23:27:35,375,9.84,100.2MB,34068.5,0.30,369.8MB / 555.3MB,4.096kB / 8.126MB
2026-03-30 23:27:47,375,9.84,100.2MB,34068.5,0.30,370MB / 555.6MB,4.096kB / 8.126MB
2026-03-30 23:27:59,375,9.84,100.5MB,34068.5,0.30,370.2MB / 555.9MB,4.096kB / 8.126MB
2026-03-30 23:28:12,375,9.84,100.2MB,34068.5,0.30,370.4MB / 556.2MB,4.096kB / 8.126MB
2026-03-30 23:28:24,375,9.84,101MB,34068.5,0.30,370.6MB / 556.5MB,4.096kB / 8.126MB
2026-03-30 23:28:37,376,9.85,100.6MB,34068.5,0.30,370.8MB / 556.8MB,4.096kB / 8.126MB
2026-03-30 23:28:49,376,9.85,101.1MB,34068.5,0.30,371MB / 557.1MB,4.096kB / 8.126MB
2026-03-30 23:29:01,376,9.84,100.6MB,34068.5,0.30,371.2MB / 557.4MB,4.096kB / 8.126MB
2026-03-30 23:29:13,376,9.84,100.9MB,34068.5,0.30,371.4MB / 557.7MB,4.096kB / 8.126MB
2026-03-30 23:29:26,377,9.85,100.9MB,34068.5,0.30,371.6MB / 558MB,4.096kB / 8.126MB
2026-03-30 23:29:39,377,9.85,100.9MB,34068.5,0.30,371.8MB / 558.3MB,4.096kB / 8.126MB
2026-03-30 23:29:51,377,9.85,100.7MB,34068.5,0.30,372MB / 558.6MB,4.096kB / 8.126MB
2026-03-30 23:30:03,377,9.84,100.7MB,34068.5,0.30,372.2MB / 558.9MB,4.096kB / 8.126MB
2026-03-30 23:30:16,377,9.84,101.5MB,34068.5,0.31,372.4MB / 559.2MB,4.096kB / 8.126MB
2026-03-30 23:30:28,378,9.85,100.5MB,34068.5,0.30,372.6MB / 559.5MB,4.096kB / 8.126MB
2026-03-30 23:30:40,378,9.85,101.5MB,34068.5,0.31,372.8MB / 559.8MB,4.096kB / 8.126MB
2026-03-30 23:30:52,378,9.85,101.3MB,34068.5,0.30,373MB / 560.1MB,4.096kB / 8.126MB
2026-03-30 23:31:05,378,9.85,101.3MB,34068.5,0.30,373.2MB / 560.4MB,4.096kB / 8.126MB
2026-03-30 23:31:17,378,9.85,100.8MB,34068.5,0.30,373.4MB / 560.7MB,4.096kB / 8.126MB
2026-03-30 23:31:29,379,9.85,101.1MB,34068.5,0.30,373.6MB / 561MB,4.096kB / 8.126MB
2026-03-30 23:31:42,379,9.85,100.6MB,34068.5,0.30,373.8MB / 561.3MB,4.096kB / 8.126MB
2026-03-30 23:31:54,379,9.85,100.6MB,34068.5,0.30,374MB / 561.6MB,4.096kB / 8.126MB
2026-03-30 23:32:06,379,9.85,101.7MB,34068.5,0.31,374.2MB / 562MB,4.096kB / 8.126MB
2026-03-30 23:32:19,379,9.85,101.4MB,34068.5,0.30,374.4MB / 562.2MB,4.096kB / 8.126MB
2026-03-30 23:32:32,380,9.85,101.2MB,34068.5,0.30,374.6MB / 562.6MB,4.096kB / 8.126MB
2026-03-30 23:32:44,380,9.85,101.5MB,34068.5,0.31,374.8MB / 562.9MB,4.096kB / 8.126MB
2026-03-30 23:32:57,380,9.85,101MB,34068.5,0.30,375.1MB / 563.2MB,4.096kB / 8.126MB
2026-03-30 23:33:09,380,9.85,101.3MB,34068.5,0.30,375.3MB / 563.5MB,4.096kB / 8.126MB
2026-03-30 23:33:22,380,9.85,101.8MB,34068.5,0.31,375.5MB / 563.8MB,4.096kB / 8.126MB
2026-03-30 23:33:34,381,9.85,100.8MB,34068.5,0.30,375.7MB / 564.1MB,4.096kB / 8.126MB
2026-03-30 23:33:46,381,9.85,100.8MB,34068.5,0.30,375.9MB / 564.4MB,4.096kB / 8.126MB
2026-03-30 23:33:58,381,9.85,101.6MB,34068.5,0.31,376.1MB / 564.7MB,4.096kB / 8.126MB
2026-03-30 23:34:11,381,9.85,101.1MB,34068.5,0.30,376.3MB / 565MB,4.096kB / 8.126MB
2026-03-30 23:34:23,381,9.85,100.9MB,34068.5,0.30,376.5MB / 565.3MB,4.096kB / 8.126MB
2026-03-30 23:34:35,382,9.85,101.6MB,34068.5,0.31,376.7MB / 565.6MB,4.096kB / 8.126MB
2026-03-30 23:34:48,382,9.85,101.4MB,34068.5,0.30,376.9MB / 565.9MB,4.096kB / 8.126MB
2026-03-30 23:35:00,382,9.85,100.9MB,34068.5,0.30,377.1MB / 566.2MB,4.096kB / 8.126MB
2026-03-30 23:35:12,382,9.85,102.2MB,34068.5,0.31,377.3MB / 566.5MB,4.096kB / 8.126MB
2026-03-30 23:35:24,382,9.85,101.2MB,34068.5,0.30,377.4MB / 566.8MB,4.096kB / 8.126MB
2026-03-30 23:35:36,383,9.85,101.2MB,34068.5,0.30,377.7MB / 567.1MB,4.096kB / 8.126MB
2026-03-30 23:35:49,383,9.85,101MB,34068.5,0.30,377.9MB / 567.4MB,4.096kB / 8.126MB
2026-03-30 23:36:01,383,9.85,101.5MB,34068.5,0.31,378.1MB / 567.7MB,4.096kB / 8.126MB
2026-03-30 23:36:14,383,9.85,101.6MB,34068.5,0.31,378.3MB / 568MB,4.096kB / 8.126MB
2026-03-30 23:36:26,384,9.85,101.3MB,34068.5,0.30,378.5MB / 568.3MB,4.096kB / 8.126MB
2026-03-30 23:36:38,384,9.85,101.1MB,34068.5,0.30,378.7MB / 568.6MB,4.096kB / 8.126MB
2026-03-30 23:36:51,384,9.85,101.9MB,34068.5,0.31,378.9MB / 568.9MB,4.096kB / 8.126MB
2026-03-30 23:37:03,384,9.85,101.6MB,34068.5,0.31,379.1MB / 569.2MB,4.096kB / 8.126MB
2026-03-30 23:37:15,384,9.85,101.1MB,34068.5,0.30,379.3MB / 569.5MB,4.096kB / 8.126MB
2026-03-30 23:37:28,385,9.85,101.4MB,34068.5,0.30,379.5MB / 569.8MB,4.096kB / 8.126MB
2026-03-30 23:37:40,385,9.85,101.2MB,34068.5,0.30,379.7MB / 570.1MB,4.096kB / 8.126MB
2026-03-30 23:37:52,385,9.85,102.2MB,34068.5,0.31,379.9MB / 570.4MB,4.096kB / 8.126MB
2026-03-30 23:38:05,385,9.85,102MB,34068.5,0.31,380.1MB / 570.7MB,4.096kB / 8.126MB
2026-03-30 23:38:17,385,9.85,102.3MB,34068.5,0.31,380.3MB / 571MB,4.096kB / 8.126MB
2026-03-30 23:38:29,386,9.85,101.2MB,34068.5,0.30,380.5MB / 571.3MB,4.096kB / 8.126MB
2026-03-30 23:38:41,386,9.85,101.8MB,34068.5,0.31,380.7MB / 571.6MB,4.096kB / 8.126MB
2026-03-30 23:38:54,386,9.85,101.3MB,34068.5,0.30,380.9MB / 571.9MB,4.096kB / 8.126MB
2026-03-30 23:39:06,386,9.85,102.6MB,34068.5,0.31,381.1MB / 572.3MB,4.096kB / 8.126MB
2026-03-30 23:39:18,386,9.85,101.3MB,34068.5,0.30,381.3MB / 572.6MB,4.096kB / 8.126MB
2026-03-30 23:39:31,387,9.85,102.1MB,34068.5,0.31,381.5MB / 572.9MB,4.096kB / 8.126MB
2026-03-30 23:39:43,387,9.85,101.4MB,34068.5,0.30,381.7MB / 573.2MB,4.096kB / 8.126MB
2026-03-30 23:39:55,387,9.85,101.4MB,34068.5,0.30,381.9MB / 573.5MB,4.096kB / 8.126MB
2026-03-30 23:40:08,387,9.85,102.2MB,34068.5,0.31,382.1MB / 573.8MB,4.096kB / 8.126MB
2026-03-30 23:40:20,387,9.85,101.9MB,34068.5,0.31,382.3MB / 574.1MB,4.096kB / 8.126MB
2026-03-30 23:40:32,388,9.85,101.7MB,34068.5,0.31,382.5MB / 574.4MB,4.096kB / 8.126MB
2026-03-30 23:40:45,388,9.85,101.7MB,34068.5,0.31,382.7MB / 574.7MB,4.096kB / 8.126MB
2026-03-30 23:40:57,388,9.85,102MB,34068.5,0.31,382.9MB / 575MB,4.096kB / 8.126MB
2026-03-30 23:41:09,388,9.85,102.3MB,34068.5,0.31,383.1MB / 575.3MB,4.096kB / 8.126MB
2026-03-30 23:41:22,388,9.85,102MB,34068.5,0.31,383.3MB / 575.6MB,4.096kB / 8.126MB
2026-03-30 23:41:34,389,9.85,102.3MB,34068.5,0.31,383.5MB / 575.9MB,4.096kB / 8.126MB
2026-03-30 23:41:47,389,9.85,102.1MB,34068.5,0.31,383.7MB / 576.2MB,4.096kB / 8.126MB
2026-03-30 23:41:59,389,9.85,102.1MB,34068.5,0.31,383.9MB / 576.5MB,4.096kB / 8.126MB
2026-03-30 23:42:11,389,9.85,101.9MB,34068.5,0.31,384.1MB / 576.8MB,4.096kB / 8.126MB
2026-03-30 23:42:24,389,9.85,101.6MB,34068.5,0.31,384.3MB / 577.1MB,4.096kB / 8.126MB
2026-03-30 23:42:36,390,9.85,101.7MB,34068.5,0.31,384.5MB / 577.4MB,4.096kB / 8.126MB
2026-03-30 23:42:49,390,9.85,102.2MB,34068.5,0.31,384.7MB / 577.7MB,4.096kB / 8.126MB
2026-03-30 23:43:01,390,9.85,101.9MB,34068.5,0.31,384.9MB / 578MB,4.096kB / 8.126MB
2026-03-30 23:43:13,390,9.85,102.2MB,34068.5,0.31,385.1MB / 578.3MB,4.096kB / 8.126MB
2026-03-30 23:43:26,391,9.85,102MB,34068.5,0.31,385.3MB / 578.6MB,4.096kB / 8.126MB
2026-03-30 23:43:38,391,9.85,102.3MB,34068.5,0.31,385.5MB / 578.9MB,4.096kB / 8.126MB
2026-03-30 23:43:50,391,9.85,102.3MB,34068.5,0.31,385.7MB / 579.2MB,4.096kB / 8.126MB
2026-03-30 23:44:02,391,9.85,101.8MB,34068.5,0.31,385.9MB / 579.5MB,4.096kB / 8.126MB
2026-03-30 23:44:15,391,9.85,102.3MB,34068.5,0.31,386.1MB / 579.8MB,4.096kB / 8.126MB
2026-03-30 23:44:27,392,9.85,102.1MB,34068.5,0.31,386.3MB / 580.1MB,4.096kB / 8.126MB
2026-03-30 23:44:39,392,9.85,102.1MB,34068.5,0.31,386.4MB / 580.3MB,4.096kB / 8.126MB
2026-03-30 23:44:52,392,9.85,102.1MB,34068.5,0.31,386.6MB / 580.5MB,4.096kB / 8.126MB
2026-03-30 23:45:04,392,9.85,101.9MB,34068.5,0.31,386.8MB / 580.8MB,4.096kB / 8.126MB
2026-03-30 23:45:16,392,9.85,102.9MB,34068.5,0.31,387MB / 581.1MB,4.096kB / 8.126MB
2026-03-30 23:45:29,393,9.85,102.4MB,34068.5,0.31,387.2MB / 581.4MB,4.096kB / 8.126MB
2026-03-30 23:45:41,393,9.85,102.4MB,34068.5,0.31,387.4MB / 581.7MB,4.096kB / 8.126MB
2026-03-30 23:45:53,393,9.85,102.5MB,34068.5,0.31,387.6MB / 582MB,4.096kB / 8.126MB
2026-03-30 23:46:06,393,9.85,102.2MB,34068.5,0.31,387.8MB / 582.3MB,4.096kB / 8.126MB
2026-03-30 23:46:18,393,9.85,102.5MB,34068.5,0.31,388MB / 582.6MB,4.096kB / 8.126MB
2026-03-30 23:46:30,394,9.85,102.5MB,34068.5,0.31,388.2MB / 582.9MB,4.096kB / 8.126MB
2026-03-30 23:46:43,394,9.85,102.8MB,34068.5,0.31,388.4MB / 583.2MB,4.096kB / 8.126MB
2026-03-30 23:46:55,394,9.85,102.3MB,34068.5,0.31,388.6MB / 583.5MB,4.096kB / 8.126MB
2026-03-30 23:47:07,394,9.85,102.1MB,34068.5,0.31,388.8MB / 583.8MB,4.096kB / 8.126MB
2026-03-30 23:47:20,394,9.85,103.1MB,34068.5,0.31,389MB / 584.1MB,4.096kB / 8.126MB
2026-03-30 23:47:32,395,9.85,102.4MB,34068.5,0.31,389.2MB / 584.4MB,4.096kB / 8.126MB
2026-03-30 23:47:44,395,9.85,102.6MB,34068.5,0.31,389.4MB / 584.7MB,4.096kB / 8.126MB
2026-03-30 23:47:57,395,9.85,102.7MB,34068.5,0.31,389.6MB / 585MB,4.096kB / 8.126MB
2026-03-30 23:48:09,395,9.85,102.4MB,34068.5,0.31,389.8MB / 585.3MB,4.096kB / 8.126MB
2026-03-30 23:48:21,395,9.85,103.2MB,34068.5,0.31,390MB / 585.6MB,4.096kB / 8.126MB
2026-03-30 23:48:34,396,9.85,102.7MB,34068.5,0.31,390.2MB / 586MB,4.096kB / 8.126MB
2026-03-30 23:48:46,396,9.85,102.5MB,34068.5,0.31,390.4MB / 586.2MB,4.096kB / 8.126MB
2026-03-30 23:48:58,396,9.85,102.2MB,34068.5,0.31,390.6MB / 586.6MB,4.096kB / 8.126MB
2026-03-30 23:49:11,396,9.85,102.5MB,34068.5,0.31,390.8MB / 586.8MB,4.096kB / 8.126MB
2026-03-30 23:49:23,396,9.85,102.3MB,34068.5,0.31,391MB / 587.2MB,4.096kB / 8.126MB
2026-03-30 23:49:35,397,9.85,102.6MB,34068.5,0.31,391.2MB / 587.5MB,4.096kB / 8.126MB
2026-03-30 23:49:48,397,9.85,102.6MB,34068.5,0.31,391.4MB / 587.8MB,4.096kB / 8.126MB
2026-03-30 23:50:00,397,9.85,102.9MB,34068.5,0.31,391.6MB / 588.1MB,4.096kB / 8.126MB
2026-03-30 23:50:12,397,9.85,102.6MB,34068.5,0.31,391.8MB / 588.4MB,4.096kB / 8.126MB
2026-03-30 23:50:24,397,9.85,102.9MB,34068.5,0.31,392MB / 588.7MB,4.096kB / 8.126MB
2026-03-30 23:50:37,398,9.85,102.4MB,34068.5,0.31,392.2MB / 589MB,4.096kB / 8.126MB
2026-03-30 23:50:49,398,9.85,102.9MB,34068.5,0.31,392.4MB / 589.3MB,4.096kB / 8.126MB
2026-03-30 23:51:01,398,9.85,103.2MB,34068.5,0.31,392.6MB / 589.6MB,4.096kB / 8.126MB
2026-03-30 23:51:14,398,9.85,102.5MB,34068.5,0.31,392.8MB / 589.9MB,4.096kB / 8.126MB
2026-03-30 23:51:26,399,9.85,103MB,34068.5,0.31,393MB / 590.2MB,4.096kB / 8.126MB
2026-03-30 23:51:38,399,9.85,103MB,34068.5,0.31,393.2MB / 590.5MB,4.096kB / 8.126MB
2026-03-30 23:51:51,399,9.85,102.8MB,34068.5,0.31,393.4MB / 590.8MB,4.096kB / 8.126MB
2026-03-30 23:52:03,399,9.85,103.3MB,34068.5,0.31,393.6MB / 591.1MB,4.096kB / 8.126MB
2026-03-30 23:52:15,399,9.85,103.1MB,34068.5,0.31,393.8MB / 591.4MB,4.096kB / 8.126MB
2026-03-30 23:52:27,400,9.85,102.9MB,34068.5,0.31,394MB / 591.7MB,4.096kB / 8.126MB
2026-03-30 23:52:39,400,9.85,103.1MB,34068.5,0.31,394.2MB / 592MB,4.096kB / 8.126MB
2026-03-30 23:52:52,400,9.85,102.9MB,34068.5,0.31,394.4MB / 592.3MB,4.096kB / 8.126MB
2026-03-30 23:53:04,400,9.85,103.4MB,34068.5,0.31,394.6MB / 592.6MB,4.096kB / 8.126MB
2026-03-30 23:53:16,400,9.85,102.9MB,34068.5,0.31,394.8MB / 592.9MB,4.096kB / 8.126MB
2026-03-30 23:53:28,401,9.85,104MB,34068.5,0.31,395MB / 593.2MB,4.096kB / 8.126MB
2026-03-30 23:53:40,401,9.85,103.2MB,34068.5,0.31,395.2MB / 593.5MB,4.096kB / 8.126MB
2026-03-30 23:53:53,401,9.85,103MB,34068.5,0.31,395.4MB / 593.8MB,4.096kB / 8.126MB
2026-03-30 23:54:05,401,9.85,103.2MB,34068.5,0.31,395.6MB / 594.1MB,4.096kB / 8.126MB
2026-03-30 23:54:17,401,9.85,103MB,34068.5,0.31,395.8MB / 594.4MB,4.096kB / 8.126MB
2026-03-30 23:54:30,402,9.85,102.8MB,34068.5,0.31,396MB / 594.7MB,4.096kB / 8.126MB
2026-03-30 23:54:42,402,9.85,103.8MB,34068.5,0.31,396.2MB / 595MB,4.096kB / 8.126MB
2026-03-30 23:54:54,402,9.86,103.9MB,34068.5,0.31,396.4MB / 595.3MB,4.096kB / 8.126MB
2026-03-30 23:55:07,402,9.85,103.4MB,34068.5,0.31,396.6MB / 595.6MB,4.096kB / 8.126MB
2026-03-30 23:55:19,402,9.86,103.1MB,34068.5,0.31,396.8MB / 595.9MB,4.096kB / 8.126MB
2026-03-30 23:55:31,403,9.86,103.1MB,34068.5,0.31,397.1MB / 596.2MB,4.096kB / 8.126MB
2026-03-30 23:55:44,403,9.86,103.7MB,34068.5,0.31,397.3MB / 596.5MB,4.096kB / 8.126MB
2026-03-30 23:55:56,403,9.86,103.2MB,34068.5,0.31,397.5MB / 596.8MB,4.096kB / 8.126MB
2026-03-30 23:56:09,403,9.86,103.2MB,34068.5,0.31,397.7MB / 597.1MB,4.096kB / 8.126MB
2026-03-30 23:56:21,403,9.86,103.8MB,34068.5,0.31,397.9MB / 597.4MB,4.096kB / 8.126MB
2026-03-30 23:56:33,404,9.86,103.2MB,34068.5,0.31,398.1MB / 597.7MB,4.096kB / 8.126MB
2026-03-30 23:56:46,404,9.86,104.3MB,34068.5,0.31,398.3MB / 598MB,4.096kB / 8.126MB
2026-03-30 23:56:58,404,9.86,103.8MB,34068.5,0.31,398.5MB / 598.4MB,4.096kB / 8.126MB
2026-03-30 23:57:11,404,9.86,103.3MB,34068.5,0.31,398.7MB / 598.7MB,4.096kB / 8.126MB
2026-03-30 23:57:23,404,9.86,103.6MB,34068.5,0.31,398.9MB / 599MB,4.096kB / 8.126MB
2026-03-30 23:57:35,405,9.86,103.1MB,34068.5,0.31,399.1MB / 599.3MB,4.096kB / 8.126MB
2026-03-30 23:57:48,405,9.86,103.6MB,34068.5,0.31,399.3MB / 599.6MB,4.096kB / 8.126MB
2026-03-30 23:58:00,405,9.86,103.1MB,34068.5,0.31,399.5MB / 599.9MB,4.096kB / 8.126MB
2026-03-30 23:58:12,405,9.86,103.4MB,34068.5,0.31,399.7MB / 600.2MB,4.096kB / 8.126MB
2026-03-30 23:58:24,405,9.86,103.7MB,34068.5,0.31,399.9MB / 600.5MB,4.096kB / 8.126MB
2026-03-30 23:58:37,406,9.86,103.7MB,34068.5,0.31,400.1MB / 600.8MB,4.096kB / 8.126MB
2026-03-30 23:58:49,406,9.86,103.7MB,34068.5,0.31,400.3MB / 601.1MB,4.096kB / 8.126MB
2026-03-30 23:59:01,406,9.86,103.5MB,34068.5,0.31,400.5MB / 601.4MB,4.096kB / 8.126MB
2026-03-30 23:59:13,406,9.86,103.2MB,34068.5,0.31,400.7MB / 601.7MB,4.096kB / 8.126MB
2026-03-30 23:59:26,407,9.86,103.3MB,34068.5,0.31,400.9MB / 602MB,4.096kB / 8.126MB
2026-03-30 23:59:38,407,9.86,103.8MB,34068.5,0.31,401.1MB / 602.3MB,4.096kB / 8.126MB
2026-03-30 23:59:50,407,9.86,103.8MB,34068.5,0.31,401.3MB / 602.6MB,4.096kB / 8.126MB
2026-03-31 00:00:03,407,9.86,103.3MB,34068.5,0.31,401.5MB / 602.9MB,4.096kB / 8.126MB
2026-03-31 00:00:15,407,9.86,104.1MB,34068.5,0.31,401.7MB / 603.2MB,4.096kB / 8.126MB
2026-03-31 00:00:27,408,9.86,103.4MB,34068.5,0.31,401.9MB / 603.5MB,4.096kB / 8.126MB
2026-03-31 00:00:39,408,9.86,103.6MB,34068.5,0.31,402.1MB / 603.8MB,4.096kB / 8.126MB
2026-03-31 00:00:51,408,9.86,104.2MB,34068.5,0.31,402.3MB / 604.1MB,4.096kB / 8.126MB
2026-03-31 00:01:04,408,9.86,104MB,34068.5,0.31,402.5MB / 604.4MB,4.096kB / 8.126MB
2026-03-31 00:01:16,408,9.86,103.7MB,34068.5,0.31,402.7MB / 604.7MB,4.096kB / 8.126MB
2026-03-31 00:01:28,409,9.86,103.5MB,34068.5,0.31,402.9MB / 605MB,4.096kB / 8.126MB
2026-03-31 00:01:41,409,9.86,103.7MB,34068.5,0.31,403.1MB / 605.3MB,4.096kB / 8.126MB
2026-03-31 00:01:53,409,9.86,104.3MB,34068.5,0.31,403.3MB / 605.6MB,4.096kB / 8.126MB
2026-03-31 00:02:05,409,9.86,103.5MB,34068.5,0.31,403.5MB / 605.9MB,4.096kB / 8.126MB
2026-03-31 00:02:17,409,9.86,103.8MB,34068.5,0.31,403.7MB / 606.2MB,4.096kB / 8.126MB
2026-03-31 00:02:30,410,9.86,104.3MB,34068.5,0.31,403.9MB / 606.5MB,4.096kB / 8.126MB
2026-03-31 00:02:42,410,9.86,104.1MB,34068.5,0.31,404.1MB / 606.8MB,4.096kB / 8.126MB
2026-03-31 00:02:54,410,9.86,103.9MB,34068.5,0.31,404.3MB / 607.1MB,4.096kB / 8.126MB
2026-03-31 00:03:07,410,9.86,104.1MB,34068.5,0.31,404.5MB / 607.4MB,4.096kB / 8.126MB
2026-03-31 00:03:19,410,9.86,105.2MB,34068.5,0.32,404.7MB / 607.7MB,4.096kB / 8.126MB
2026-03-31 00:03:31,411,9.86,103.9MB,34068.5,0.31,404.9MB / 608MB,4.096kB / 8.126MB
2026-03-31 00:03:44,411,9.86,104.5MB,34068.5,0.31,405.1MB / 608.3MB,4.096kB / 8.126MB
2026-03-31 00:03:56,411,9.86,104.5MB,34068.5,0.31,405.3MB / 608.6MB,4.096kB / 8.126MB
2026-03-31 00:04:08,411,9.86,104MB,34068.5,0.31,405.5MB / 608.9MB,4.096kB / 8.126MB
2026-03-31 00:04:21,411,9.86,103.7MB,34068.5,0.31,405.7MB / 609.2MB,4.096kB / 8.126MB
2026-03-31 00:04:33,412,9.86,104.6MB,34068.5,0.31,405.9MB / 609.5MB,4.096kB / 8.126MB
2026-03-31 00:04:45,412,9.86,104.8MB,34068.5,0.31,406.1MB / 609.8MB,4.096kB / 8.126MB
2026-03-31 00:04:58,412,9.86,104.1MB,34068.5,0.31,406.3MB / 610.1MB,4.096kB / 8.126MB
2026-03-31 00:05:10,412,9.86,104.3MB,34068.5,0.31,406.5MB / 610.4MB,4.096kB / 8.126MB
2026-03-31 00:05:22,412,9.86,103.8MB,34068.5,0.31,406.7MB / 610.7MB,4.096kB / 8.126MB
2026-03-31 00:05:35,413,9.86,104.1MB,34068.5,0.31,406.9MB / 611.1MB,4.096kB / 8.126MB
2026-03-31 00:05:47,413,9.86,104.7MB,34068.5,0.31,407.1MB / 611.4MB,4.096kB / 8.126MB
2026-03-31 00:05:59,413,9.86,104.7MB,34068.5,0.31,407.3MB / 611.7MB,4.096kB / 8.126MB
2026-03-31 00:06:12,413,9.86,104.7MB,34068.5,0.31,407.6MB / 612MB,4.096kB / 8.126MB
2026-03-31 00:06:24,413,9.86,104MB,34068.5,0.31,407.8MB / 612.3MB,4.096kB / 8.126MB
2026-03-31 00:06:36,414,9.86,105MB,34068.5,0.32,408MB / 612.6MB,4.096kB / 8.126MB
2026-03-31 00:06:49,414,9.86,104MB,34068.5,0.31,408.2MB / 612.9MB,4.096kB / 8.126MB
2026-03-31 00:07:01,414,9.86,104.3MB,34068.5,0.31,408.4MB / 613.2MB,4.096kB / 8.126MB
2026-03-31 00:07:13,414,9.86,104.5MB,34068.5,0.31,408.6MB / 613.5MB,4.096kB / 8.126MB
2026-03-31 00:07:25,415,9.86,105.1MB,34068.5,0.32,408.8MB / 613.8MB,4.096kB / 8.126MB
2026-03-31 00:07:38,415,9.86,104.3MB,34068.5,0.31,409MB / 614.1MB,4.096kB / 8.126MB
2026-03-31 00:07:50,415,9.86,104.1MB,34068.5,0.31,409.2MB / 614.4MB,4.096kB / 8.126MB
2026-03-31 00:08:02,415,9.86,104.6MB,34068.5,0.31,409.4MB / 614.7MB,4.096kB / 8.126MB
2026-03-31 00:08:14,415,9.86,104.4MB,34068.5,0.31,409.6MB / 615MB,4.096kB / 8.126MB
2026-03-31 00:08:27,416,9.86,104.1MB,34068.5,0.31,409.8MB / 615.3MB,4.096kB / 8.126MB
2026-03-31 00:08:39,416,9.86,105.2MB,34068.5,0.32,410MB / 615.6MB,4.096kB / 8.126MB
2026-03-31 00:08:51,416,9.86,105MB,34068.5,0.32,410.2MB / 615.9MB,4.096kB / 8.126MB
2026-03-31 00:09:03,416,9.86,104.5MB,34068.5,0.31,410.4MB / 616.2MB,4.096kB / 8.126MB
2026-03-31 00:09:16,416,9.86,104.7MB,34068.5,0.31,410.6MB / 616.5MB,4.096kB / 8.126MB
2026-03-31 00:09:28,417,9.86,105.3MB,34068.5,0.32,410.8MB / 616.8MB,4.096kB / 8.126MB
2026-03-31 00:09:40,417,9.86,104.3MB,34068.5,0.31,411MB / 617.1MB,4.096kB / 8.126MB
2026-03-31 00:09:53,417,9.86,104.8MB,34068.5,0.31,411.2MB / 617.4MB,4.096kB / 8.126MB
2026-03-31 00:10:05,417,9.86,105.1MB,34068.5,0.32,411.4MB / 617.7MB,4.096kB / 8.126MB
2026-03-31 00:10:17,417,9.86,105.1MB,34068.5,0.32,411.6MB / 618MB,4.096kB / 8.126MB
2026-03-31 00:10:29,418,9.86,104.6MB,34068.5,0.31,411.8MB / 618.3MB,4.096kB / 8.126MB
2026-03-31 00:10:42,418,9.86,104.6MB,34068.5,0.31,412MB / 618.6MB,4.096kB / 8.126MB
2026-03-31 00:10:54,418,9.86,104.9MB,34068.5,0.32,412.2MB / 618.9MB,4.096kB / 8.126MB
2026-03-31 00:11:07,418,9.86,104.4MB,34068.5,0.31,412.4MB / 619.3MB,4.096kB / 8.126MB
2026-03-31 00:11:19,418,9.86,104.7MB,34068.5,0.31,412.6MB / 619.5MB,4.096kB / 8.126MB
2026-03-31 00:11:32,419,9.86,105MB,34068.5,0.32,412.8MB / 619.8MB,4.096kB / 8.126MB
2026-03-31 00:11:44,419,9.86,104.5MB,34068.5,0.31,413MB / 620.1MB,4.096kB / 8.126MB
2026-03-31 00:11:56,419,9.86,105.5MB,34068.5,0.32,413.2MB / 620.4MB,4.096kB / 8.126MB
2026-03-31 00:12:08,419,9.86,104.8MB,34068.5,0.31,413.4MB / 620.8MB,4.096kB / 8.126MB
2026-03-31 00:12:21,419,9.86,105MB,34068.5,0.32,413.6MB / 621.1MB,4.096kB / 8.126MB
2026-03-31 00:12:33,420,9.86,105.3MB,34068.5,0.32,413.8MB / 621.4MB,4.096kB / 8.126MB
2026-03-31 00:12:46,420,9.86,104.8MB,34068.5,0.32,414MB / 621.7MB,4.096kB / 8.126MB
2026-03-31 00:12:58,420,9.86,105.6MB,34068.5,0.32,414.2MB / 622MB,4.096kB / 8.126MB
2026-03-31 00:13:11,420,9.86,105.1MB,34068.5,0.32,414.4MB / 622.3MB,4.096kB / 8.126MB
2026-03-31 00:13:23,420,9.87,105.1MB,34068.5,0.32,414.6MB / 622.6MB,4.096kB / 8.126MB
2026-03-31 00:13:35,421,9.86,104.6MB,34068.5,0.31,414.8MB / 622.9MB,4.096kB / 8.126MB
2026-03-31 00:13:48,421,9.87,104.9MB,34068.5,0.32,415MB / 623.2MB,4.096kB / 8.126MB
2026-03-31 00:14:00,421,9.87,104.7MB,34068.5,0.31,415.2MB / 623.5MB,4.096kB / 8.126MB
2026-03-31 00:14:12,421,9.87,104.7MB,34068.5,0.31,415.4MB / 623.8MB,4.096kB / 8.126MB
2026-03-31 00:14:24,421,9.87,105MB,34068.5,0.32,415.6MB / 624.1MB,4.096kB / 8.126MB
2026-03-31 00:14:37,422,9.87,105.5MB,34068.5,0.32,415.8MB / 624.4MB,4.096kB / 8.126MB
2026-03-31 00:14:49,422,9.86,105MB,34068.5,0.32,415.9MB / 624.5MB,4.096kB / 8.126MB
2026-03-31 00:15:01,422,9.86,105MB,34068.5,0.32,416.1MB / 624.8MB,4.096kB / 8.126MB
2026-03-31 00:15:13,422,9.86,105.1MB,34068.5,0.32,416.3MB / 625.1MB,4.096kB / 8.126MB
2026-03-31 00:15:26,423,9.86,105.1MB,34068.5,0.32,416.5MB / 625.4MB,4.096kB / 8.126MB
2026-03-31 00:15:38,423,9.86,105.6MB,34068.5,0.32,416.7MB / 625.7MB,4.096kB / 8.126MB
2026-03-31 00:15:50,423,9.86,105.4MB,34068.5,0.32,416.9MB / 626MB,4.096kB / 8.126MB
2026-03-31 00:16:03,423,9.86,105.4MB,34068.5,0.32,417.1MB / 626.3MB,4.096kB / 8.126MB
2026-03-31 00:16:15,423,9.86,104.9MB,34068.5,0.32,417.3MB / 626.6MB,4.096kB / 8.126MB
2026-03-31 00:16:28,424,9.86,105.4MB,34068.5,0.32,417.5MB / 626.9MB,4.096kB / 8.126MB
2026-03-31 00:16:40,424,9.86,105.4MB,34068.5,0.32,417.7MB / 627.2MB,4.096kB / 8.126MB
2026-03-31 00:16:52,424,9.86,105.7MB,34068.5,0.32,417.9MB / 627.5MB,4.096kB / 8.126MB
2026-03-31 00:17:05,424,9.86,105MB,34068.5,0.32,418.1MB / 627.8MB,4.096kB / 8.126MB
2026-03-31 00:17:17,424,9.86,105MB,34068.5,0.32,418.3MB / 628.1MB,4.096kB / 8.126MB
2026-03-31 00:17:29,425,9.86,105.8MB,34068.5,0.32,418.5MB / 628.4MB,4.096kB / 8.126MB
2026-03-31 00:17:41,425,9.86,105.5MB,34068.5,0.32,418.7MB / 628.7MB,4.096kB / 8.126MB
2026-03-31 00:17:54,425,9.86,106.6MB,34068.5,0.32,418.9MB / 629MB,4.096kB / 8.126MB
2026-03-31 00:18:06,425,9.86,106.1MB,34068.5,0.32,419.1MB / 629.3MB,4.096kB / 8.126MB
2026-03-31 00:18:18,425,9.86,105.3MB,34068.5,0.32,419.3MB / 629.6MB,4.096kB / 8.126MB
2026-03-31 00:18:31,426,9.86,105.1MB,34068.5,0.32,419.5MB / 629.9MB,4.096kB / 8.126MB
2026-03-31 00:18:43,426,9.86,105.4MB,34068.5,0.32,419.7MB / 630.2MB,4.096kB / 8.126MB
2026-03-31 00:18:55,426,9.86,105.4MB,34068.5,0.32,419.9MB / 630.5MB,4.096kB / 8.126MB
2026-03-31 00:19:08,426,9.86,105.7MB,34068.5,0.32,420.1MB / 630.8MB,4.096kB / 8.126MB
2026-03-31 00:19:20,426,9.86,105.2MB,34068.5,0.32,420.3MB / 631.1MB,4.096kB / 8.126MB
2026-03-31 00:19:32,427,9.86,105.5MB,34068.5,0.32,420.5MB / 631.4MB,4.096kB / 8.126MB
2026-03-31 00:19:44,427,9.86,106MB,34068.5,0.32,420.7MB / 631.7MB,4.096kB / 8.126MB
2026-03-31 00:19:57,427,9.86,105.2MB,34068.5,0.32,420.9MB / 632MB,4.096kB / 8.126MB
2026-03-31 00:20:09,427,9.86,106MB,34068.5,0.32,421.1MB / 632.3MB,4.096kB / 8.126MB
2026-03-31 00:20:21,427,9.86,105.3MB,34068.5,0.32,421.3MB / 632.6MB,4.096kB / 8.126MB
2026-03-31 00:20:34,428,9.86,105.6MB,34068.5,0.32,421.5MB / 632.9MB,4.096kB / 8.126MB
2026-03-31 00:20:46,428,9.87,106.4MB,34068.5,0.32,421.7MB / 633.2MB,4.096kB / 8.126MB
2026-03-31 00:20:58,428,9.87,105.6MB,34068.5,0.32,421.9MB / 633.5MB,4.096kB / 8.126MB
2026-03-31 00:21:11,428,9.87,106.1MB,34068.5,0.32,422.1MB / 633.8MB,4.096kB / 8.126MB
2026-03-31 00:21:23,428,9.87,105.4MB,34068.5,0.32,422.3MB / 634.1MB,4.096kB / 8.126MB
2026-03-31 00:21:36,429,9.87,105.4MB,34068.5,0.32,422.5MB / 634.5MB,4.096kB / 8.126MB
2026-03-31 00:21:48,429,9.87,105.9MB,34068.5,0.32,422.7MB / 634.8MB,4.096kB / 8.126MB
2026-03-31 00:22:00,429,9.87,105.7MB,34068.5,0.32,422.9MB / 635.1MB,4.096kB / 8.126MB
2026-03-31 00:22:13,429,9.87,106MB,34068.5,0.32,423.1MB / 635.4MB,4.096kB / 8.126MB
2026-03-31 00:22:25,430,9.87,105.5MB,34068.5,0.32,423.3MB / 635.7MB,4.096kB / 8.126MB
2026-03-31 00:22:37,430,9.87,106MB,34068.5,0.32,423.5MB / 636MB,4.096kB / 8.126MB
2026-03-31 00:22:50,430,9.87,105.5MB,34068.5,0.32,423.7MB / 636.3MB,4.096kB / 8.126MB
2026-03-31 00:23:02,430,9.87,105.8MB,34068.5,0.32,423.9MB / 636.6MB,4.096kB / 8.126MB
2026-03-31 00:23:15,430,9.87,106.1MB,34068.5,0.32,424.1MB / 636.9MB,4.096kB / 8.126MB
2026-03-31 00:23:27,431,9.87,106.6MB,34068.5,0.32,424.3MB / 637.2MB,4.096kB / 8.126MB
2026-03-31 00:23:39,431,9.87,105.6MB,34068.5,0.32,424.5MB / 637.5MB,4.096kB / 8.126MB
2026-03-31 00:23:51,431,9.87,106.1MB,34068.5,0.32,424.7MB / 637.8MB,4.096kB / 8.126MB
2026-03-31 00:24:04,431,9.87,105.6MB,34068.5,0.32,424.9MB / 638.1MB,4.096kB / 8.126MB
2026-03-31 00:24:16,431,9.87,106.2MB,34068.5,0.32,425.1MB / 638.4MB,4.096kB / 8.126MB
2026-03-31 00:24:28,432,9.87,106.2MB,34068.5,0.32,425.3MB / 638.7MB,4.096kB / 8.126MB
2026-03-31 00:24:41,432,9.87,106.7MB,34068.5,0.32,425.5MB / 639MB,4.096kB / 8.126MB
2026-03-31 00:24:53,432,9.87,106.2MB,34068.5,0.32,425.7MB / 639.3MB,4.096kB / 8.126MB
2026-03-31 00:25:05,432,9.87,106MB,34068.5,0.32,425.9MB / 639.6MB,4.096kB / 8.126MB
2026-03-31 00:25:17,432,9.87,106.5MB,34068.5,0.32,426.2MB / 639.9MB,4.096kB / 8.126MB
2026-03-31 00:25:30,433,9.87,106.3MB,34068.5,0.32,426.3MB / 640.2MB,4.096kB / 8.126MB
2026-03-31 00:25:42,433,9.87,106.6MB,34068.5,0.32,426.5MB / 640.5MB,4.096kB / 8.126MB
2026-03-31 00:25:54,433,9.87,106.6MB,34068.5,0.32,426.7MB / 640.8MB,4.096kB / 8.126MB
2026-03-31 00:26:06,433,9.87,106.1MB,34068.5,0.32,426.9MB / 641.1MB,4.096kB / 8.126MB
2026-03-31 00:26:19,433,9.87,106.1MB,34068.5,0.32,427.2MB / 641.4MB,4.096kB / 8.126MB
2026-03-31 00:26:32,434,9.87,106.1MB,34068.5,0.32,427.4MB / 641.7MB,4.096kB / 8.126MB
2026-03-31 00:26:44,434,9.87,106.7MB,34068.5,0.32,427.6MB / 642MB,4.096kB / 8.126MB
2026-03-31 00:26:56,434,9.87,106.7MB,34068.5,0.32,427.8MB / 642.3MB,4.096kB / 8.126MB
2026-03-31 00:27:09,434,9.87,106.4MB,34068.5,0.32,428MB / 642.6MB,4.096kB / 8.126MB
2026-03-31 00:27:21,434,9.87,106.7MB,34068.5,0.32,428.2MB / 642.9MB,4.096kB / 8.126MB
2026-03-31 00:27:34,435,9.87,106.5MB,34068.5,0.32,428.4MB / 643.2MB,4.096kB / 8.126MB
2026-03-31 00:27:46,435,9.87,106.8MB,34068.5,0.32,428.6MB / 643.5MB,4.096kB / 8.126MB
2026-03-31 00:27:58,435,9.87,106MB,34068.5,0.32,428.8MB / 643.8MB,4.096kB / 8.126MB
2026-03-31 00:28:10,435,9.87,106.3MB,34068.5,0.32,429MB / 644.1MB,4.096kB / 8.126MB
2026-03-31 00:28:23,435,9.87,106.3MB,34068.5,0.32,429.2MB / 644.4MB,4.096kB / 8.126MB
2026-03-31 00:28:35,436,9.87,106.9MB,34068.5,0.32,429.4MB / 644.7MB,4.096kB / 8.126MB
2026-03-31 00:28:47,436,9.87,106.1MB,34068.5,0.32,429.6MB / 645MB,4.096kB / 8.126MB
2026-03-31 00:28:59,436,9.87,107.2MB,34068.5,0.32,429.8MB / 645.3MB,4.096kB / 8.126MB
2026-03-31 00:29:12,436,9.87,106.1MB,34068.5,0.32,430MB / 645.6MB,4.096kB / 8.126MB
2026-03-31 00:29:24,436,9.87,107.2MB,34068.5,0.32,430.2MB / 646MB,4.096kB / 8.126MB
2026-03-31 00:29:37,437,9.87,106.2MB,34068.5,0.32,430.4MB / 646.3MB,4.096kB / 8.126MB
2026-03-31 00:29:49,437,9.87,106.5MB,34068.5,0.32,430.6MB / 646.6MB,4.096kB / 8.126MB
2026-03-31 00:30:01,437,9.87,107.3MB,34068.5,0.32,430.8MB / 646.9MB,4.096kB / 8.126MB
2026-03-31 00:30:14,437,9.87,107.5MB,34068.5,0.32,431MB / 647.2MB,4.096kB / 8.126MB
2026-03-31 00:30:26,438,9.87,107MB,34068.5,0.32,431.2MB / 647.5MB,4.096kB / 8.126MB
2026-03-31 00:30:38,438,9.87,106.5MB,34068.5,0.32,431.4MB / 647.8MB,4.096kB / 8.126MB
2026-03-31 00:30:51,438,9.87,106.3MB,34068.5,0.32,431.6MB / 648.1MB,4.096kB / 8.126MB
2026-03-31 00:31:03,438,9.87,106.3MB,34068.5,0.32,431.8MB / 648.4MB,4.096kB / 8.126MB
2026-03-31 00:31:15,438,9.87,107.9MB,34068.5,0.32,432MB / 648.7MB,4.096kB / 8.126MB
2026-03-31 00:31:28,439,9.87,107.4MB,34068.5,0.32,432.2MB / 649MB,4.096kB / 8.126MB
2026-03-31 00:31:40,439,9.87,106.9MB,34068.5,0.32,432.4MB / 649.3MB,4.096kB / 8.126MB
2026-03-31 00:31:52,439,9.87,106.6MB,34068.5,0.32,432.6MB / 649.6MB,4.096kB / 8.126MB
2026-03-31 00:32:05,439,9.87,106.4MB,34068.5,0.32,432.8MB / 649.9MB,4.096kB / 8.126MB
2026-03-31 00:32:17,439,9.87,106.4MB,34068.5,0.32,433MB / 650.2MB,4.096kB / 8.126MB
2026-03-31 00:32:29,440,9.87,106.5MB,34068.5,0.32,433.2MB / 650.5MB,4.096kB / 8.126MB
2026-03-31 00:32:42,440,9.87,106.7MB,34068.5,0.32,433.4MB / 650.8MB,4.096kB / 8.126MB
2026-03-31 00:32:54,440,9.87,107MB,34068.5,0.32,433.6MB / 651.1MB,4.096kB / 8.126MB
2026-03-31 00:33:06,440,9.87,107.3MB,34068.5,0.32,433.8MB / 651.4MB,4.096kB / 8.126MB
2026-03-31 00:33:18,440,9.87,106.5MB,34068.5,0.32,434MB / 651.7MB,4.096kB / 8.126MB
2026-03-31 00:33:31,441,9.87,106.5MB,34068.5,0.32,434.2MB / 652MB,4.096kB / 8.126MB
2026-03-31 00:33:43,441,9.87,107.1MB,34068.5,0.32,434.4MB / 652.3MB,4.096kB / 8.126MB
2026-03-31 00:33:56,441,9.87,106.8MB,34068.5,0.32,434.6MB / 652.6MB,4.096kB / 8.126MB
2026-03-31 00:34:08,441,9.87,107.1MB,34068.5,0.32,434.8MB / 652.9MB,4.096kB / 8.126MB
2026-03-31 00:34:20,441,9.87,106.6MB,34068.5,0.32,435MB / 653.2MB,4.096kB / 8.126MB
2026-03-31 00:34:33,442,9.87,107.2MB,34068.5,0.32,435.2MB / 653.5MB,4.096kB / 8.126MB
2026-03-31 00:34:45,442,9.87,106.9MB,34068.5,0.32,435.4MB / 653.8MB,4.096kB / 8.126MB
2026-03-31 00:34:57,442,9.87,107.2MB,34068.5,0.32,435.6MB / 654.1MB,4.096kB / 8.126MB
2026-03-31 00:35:10,442,9.87,107.2MB,34068.5,0.32,435.8MB / 654.4MB,4.096kB / 8.126MB
2026-03-31 00:35:22,442,9.87,107.3MB,34068.5,0.32,436MB / 654.7MB,4.096kB / 8.126MB
2026-03-31 00:35:34,443,9.87,107MB,34068.5,0.32,436.2MB / 655MB,4.096kB / 8.126MB
2026-03-31 00:35:47,443,9.87,107.3MB,34068.5,0.32,436.4MB / 655.3MB,4.096kB / 8.126MB
2026-03-31 00:35:59,443,9.87,107.6MB,34068.5,0.32,436.6MB / 655.6MB,4.096kB / 8.126MB
2026-03-31 00:36:11,443,9.87,107.3MB,34068.5,0.32,436.8MB / 655.9MB,4.096kB / 8.126MB
2026-03-31 00:36:24,443,9.87,107.1MB,34068.5,0.32,437MB / 656.3MB,4.096kB / 8.126MB
2026-03-31 00:36:36,444,9.87,107.6MB,34068.5,0.32,437.3MB / 656.6MB,4.096kB / 8.126MB
2026-03-31 00:36:48,444,9.87,107.4MB,34068.5,0.32,437.5MB / 656.9MB,4.096kB / 8.126MB
2026-03-31 00:37:01,444,9.87,106.9MB,34068.5,0.32,437.7MB / 657.2MB,4.096kB / 8.126MB
2026-03-31 00:37:13,444,9.87,107.2MB,34068.5,0.32,437.9MB / 657.5MB,4.096kB / 8.126MB
2026-03-31 00:37:26,445,9.87,107.2MB,34068.5,0.32,438.1MB / 657.8MB,4.096kB / 8.126MB
2026-03-31 00:37:38,445,9.87,107.7MB,34068.5,0.32,438.3MB / 658.1MB,4.096kB / 8.126MB
2026-03-31 00:37:50,445,9.87,107.7MB,34068.5,0.32,438.5MB / 658.4MB,4.096kB / 8.126MB
2026-03-31 00:38:03,445,9.87,107.2MB,34068.5,0.32,438.7MB / 658.7MB,4.096kB / 8.126MB
2026-03-31 00:38:15,445,9.87,107.3MB,34068.5,0.32,438.9MB / 659MB,4.096kB / 8.126MB
2026-03-31 00:38:28,446,9.87,107.8MB,34068.5,0.32,439.1MB / 659.3MB,4.096kB / 8.126MB
2026-03-31 00:38:40,446,9.87,107.6MB,34068.5,0.32,439.3MB / 659.6MB,4.096kB / 8.126MB
2026-03-31 00:38:53,446,9.87,107.1MB,34068.5,0.32,439.5MB / 659.9MB,4.096kB / 8.126MB
2026-03-31 00:39:05,446,9.87,107.4MB,34068.5,0.32,439.7MB / 660.2MB,4.096kB / 8.126MB
2026-03-31 00:39:17,446,9.87,107.6MB,34068.5,0.32,439.9MB / 660.5MB,4.096kB / 8.126MB
2026-03-31 00:39:30,447,9.87,107.4MB,34068.5,0.32,440.1MB / 660.8MB,4.096kB / 8.126MB
2026-03-31 00:39:42,447,9.87,107.4MB,34068.5,0.32,440.3MB / 661.1MB,4.096kB / 8.126MB
2026-03-31 00:39:54,447,9.87,107.4MB,34068.5,0.32,440.5MB / 661.4MB,4.096kB / 8.126MB
2026-03-31 00:40:07,447,9.87,107.2MB,34068.5,0.32,440.7MB / 661.7MB,4.096kB / 8.126MB
2026-03-31 00:40:19,447,9.87,107.5MB,34068.5,0.32,440.9MB / 662MB,4.096kB / 8.126MB
2026-03-31 00:40:31,448,9.87,107.7MB,34068.5,0.32,441.1MB / 662.3MB,4.096kB / 8.126MB
2026-03-31 00:40:44,448,9.87,108.3MB,34068.5,0.33,441.3MB / 662.6MB,4.096kB / 8.126MB
2026-03-31 00:40:56,448,9.87,107.3MB,34068.5,0.32,441.5MB / 662.9MB,4.096kB / 8.126MB
2026-03-31 00:41:08,448,9.87,107.5MB,34068.5,0.32,441.7MB / 663.2MB,4.096kB / 8.126MB
2026-03-31 00:41:20,448,9.87,107.3MB,34068.5,0.32,441.9MB / 663.5MB,4.096kB / 8.126MB
2026-03-31 00:41:33,449,9.87,107.6MB,34068.5,0.32,442.1MB / 663.8MB,4.096kB / 8.126MB
2026-03-31 00:41:45,449,9.87,108.7MB,34068.5,0.33,442.3MB / 664.2MB,4.096kB / 8.126MB
2026-03-31 00:41:57,449,9.87,107.6MB,34068.5,0.32,442.5MB / 664.5MB,4.096kB / 8.126MB
2026-03-31 00:42:09,449,9.87,107.7MB,34068.5,0.32,442.7MB / 664.8MB,4.096kB / 8.126MB
2026-03-31 00:42:22,449,9.87,107.4MB,34068.5,0.32,442.9MB / 665.1MB,4.096kB / 8.126MB
2026-03-31 00:42:34,450,9.87,107.7MB,34068.5,0.32,443.1MB / 665.4MB,4.096kB / 8.126MB
2026-03-31 00:42:47,450,9.87,108.2MB,34068.5,0.33,443.3MB / 665.7MB,4.096kB / 8.126MB
2026-03-31 00:42:59,450,9.87,108MB,34068.5,0.32,443.5MB / 666MB,4.096kB / 8.126MB
2026-03-31 00:43:11,450,9.87,108.5MB,34068.5,0.33,443.7MB / 666.3MB,4.096kB / 8.126MB
2026-03-31 00:43:23,450,9.87,107.5MB,34068.5,0.32,443.9MB / 666.6MB,4.096kB / 8.126MB
2026-03-31 00:43:36,451,9.87,107.5MB,34068.5,0.32,444.1MB / 666.9MB,4.096kB / 8.126MB
2026-03-31 00:43:48,451,9.87,107.5MB,34068.5,0.32,444.3MB / 667.2MB,4.096kB / 8.126MB
2026-03-31 00:44:00,451,9.87,107.8MB,34068.5,0.32,444.5MB / 667.5MB,4.096kB / 8.126MB
2026-03-31 00:44:12,451,9.87,107.8MB,34068.5,0.32,444.7MB / 667.8MB,4.096kB / 8.126MB
2026-03-31 00:44:24,451,9.87,107.6MB,34068.5,0.32,444.9MB / 668.1MB,4.096kB / 8.126MB
2026-03-31 00:44:37,452,9.87,107.6MB,34068.5,0.32,445.1MB / 668.4MB,4.096kB / 8.126MB
2026-03-31 00:44:49,452,9.87,108.2MB,34068.5,0.33,445.3MB / 668.7MB,4.096kB / 8.126MB
2026-03-31 00:45:02,452,9.87,107.7MB,34068.5,0.32,445.4MB / 668.8MB,4.096kB / 8.126MB
2026-03-31 00:45:14,452,9.87,108.7MB,34068.5,0.33,445.6MB / 669.1MB,4.096kB / 8.126MB
2026-03-31 00:45:27,453,9.87,108.5MB,34068.5,0.33,445.8MB / 669.4MB,4.096kB / 8.126MB
2026-03-31 00:45:39,453,9.87,108.2MB,34068.5,0.33,446MB / 669.7MB,4.096kB / 8.126MB
2026-03-31 00:45:51,453,9.87,108.2MB,34068.5,0.33,446.2MB / 670MB,4.096kB / 8.126MB
2026-03-31 00:46:04,453,9.87,108MB,34068.5,0.32,446.4MB / 670.3MB,4.096kB / 8.126MB
2026-03-31 00:46:16,453,9.87,108MB,34068.5,0.32,446.6MB / 670.6MB,4.096kB / 8.126MB
2026-03-31 00:46:28,454,9.87,108.3MB,34068.5,0.33,446.8MB / 670.9MB,4.096kB / 8.126MB
2026-03-31 00:46:41,454,9.87,108.3MB,34068.5,0.33,447MB / 671.2MB,4.096kB / 8.126MB
2026-03-31 00:46:53,454,9.87,108.6MB,34068.5,0.33,447.2MB / 671.5MB,4.096kB / 8.126MB
2026-03-31 00:47:06,454,9.87,108.1MB,34068.5,0.32,447.4MB / 671.8MB,4.096kB / 8.126MB
2026-03-31 00:47:18,454,9.87,108.1MB,34068.5,0.32,447.6MB / 672.1MB,4.096kB / 8.126MB
2026-03-31 00:47:30,455,9.87,108.4MB,34068.5,0.33,447.8MB / 672.4MB,4.096kB / 8.126MB
2026-03-31 00:47:42,455,9.87,108.2MB,34068.5,0.33,448MB / 672.7MB,4.096kB / 8.126MB
2026-03-31 00:47:55,455,9.87,109MB,34068.5,0.33,448.2MB / 673MB,4.096kB / 8.126MB
2026-03-31 00:48:07,455,9.87,108.7MB,34068.5,0.33,448.4MB / 673.3MB,4.096kB / 8.126MB
2026-03-31 00:48:19,455,9.87,108.2MB,34068.5,0.33,448.6MB / 673.6MB,4.096kB / 8.126MB
2026-03-31 00:48:32,456,9.87,108MB,34068.5,0.32,448.8MB / 673.9MB,4.096kB / 8.126MB
2026-03-31 00:48:44,456,9.87,108.6MB,34068.5,0.33,449MB / 674.2MB,4.096kB / 8.126MB
2026-03-31 00:48:56,456,9.87,108.5MB,34068.5,0.33,449.2MB / 674.5MB,4.096kB / 8.126MB
2026-03-31 00:49:08,456,9.87,108.6MB,34068.5,0.33,449.4MB / 674.8MB,4.096kB / 8.126MB
2026-03-31 00:49:21,456,9.87,108.1MB,34068.5,0.32,449.6MB / 675.1MB,4.096kB / 8.126MB
2026-03-31 00:49:33,457,9.87,108.9MB,34068.5,0.33,449.8MB / 675.4MB,4.096kB / 8.126MB
2026-03-31 00:49:45,457,9.87,108.4MB,34068.5,0.33,450MB / 675.7MB,4.096kB / 8.126MB
2026-03-31 00:49:57,457,9.87,108.1MB,34068.5,0.32,450.2MB / 676MB,4.096kB / 8.126MB
2026-03-31 00:50:09,457,9.87,108.7MB,34068.5,0.33,450.4MB / 676.3MB,4.096kB / 8.126MB
2026-03-31 00:50:22,457,9.87,108.4MB,34068.5,0.33,450.6MB / 676.6MB,4.096kB / 8.126MB
2026-03-31 00:50:34,458,9.87,108.2MB,34068.5,0.33,450.8MB / 676.9MB,4.096kB / 8.126MB
2026-03-31 00:50:46,458,9.87,108.2MB,34068.5,0.33,451MB / 677.2MB,4.096kB / 8.126MB
2026-03-31 00:50:59,458,9.87,108.2MB,34068.5,0.33,451.2MB / 677.5MB,4.096kB / 8.126MB
2026-03-31 00:51:11,458,9.87,109.3MB,34068.5,0.33,451.4MB / 677.8MB,4.096kB / 8.126MB
2026-03-31 00:51:23,458,9.87,109MB,34068.5,0.33,451.6MB / 678.1MB,4.096kB / 8.126MB
2026-03-31 00:51:35,459,9.87,108.3MB,34068.5,0.33,451.8MB / 678.4MB,4.096kB / 8.126MB
2026-03-31 00:51:48,459,9.87,109.1MB,34068.5,0.33,452MB / 678.7MB,4.096kB / 8.126MB
2026-03-31 00:52:00,459,9.87,108.3MB,34068.5,0.33,452.2MB / 679MB,4.096kB / 8.126MB
2026-03-31 00:52:12,459,9.87,109.6MB,34068.5,0.33,452.4MB / 679.3MB,4.096kB / 8.126MB
2026-03-31 00:52:24,459,9.87,108.9MB,34068.5,0.33,452.6MB / 679.6MB,4.096kB / 8.126MB
2026-03-31 00:52:37,460,9.87,108.4MB,34068.5,0.33,452.8MB / 679.9MB,4.096kB / 8.126MB
2026-03-31 00:52:49,460,9.87,108.4MB,34068.5,0.33,453MB / 680.2MB,4.096kB / 8.126MB
2026-03-31 00:53:02,460,9.87,109.2MB,34068.5,0.33,453.2MB / 680.6MB,4.096kB / 8.126MB
2026-03-31 00:53:14,460,9.87,108.7MB,34068.5,0.33,453.4MB / 680.9MB,4.096kB / 8.126MB
2026-03-31 00:53:26,461,9.87,109MB,34068.5,0.33,453.6MB / 681.2MB,4.096kB / 8.126MB
2026-03-31 00:53:39,461,9.87,108.7MB,34068.5,0.33,453.8MB / 681.5MB,4.096kB / 8.126MB
2026-03-31 00:53:51,461,9.87,109.3MB,34068.5,0.33,454MB / 681.8MB,4.096kB / 8.126MB
2026-03-31 00:54:03,461,9.87,108.8MB,34068.5,0.33,454.2MB / 682.1MB,4.096kB / 8.126MB
2026-03-31 00:54:15,461,9.87,109.1MB,34068.5,0.33,454.4MB / 682.4MB,4.096kB / 8.126MB
2026-03-31 00:54:28,462,9.87,109.3MB,34068.5,0.33,454.6MB / 682.7MB,4.096kB / 8.126MB
2026-03-31 00:54:41,462,9.87,108.9MB,34068.5,0.33,454.9MB / 683MB,4.096kB / 8.126MB
2026-03-31 00:54:53,462,9.87,109.4MB,34068.5,0.33,455.1MB / 683.3MB,4.096kB / 8.126MB
2026-03-31 00:55:05,462,9.87,109.9MB,34068.5,0.33,455.3MB / 683.6MB,4.096kB / 8.126MB
2026-03-31 00:55:18,462,9.88,109.4MB,34068.5,0.33,455.5MB / 683.9MB,4.096kB / 8.126MB
2026-03-31 00:55:30,463,9.88,109.5MB,34068.5,0.33,455.7MB / 684.2MB,4.096kB / 8.126MB
2026-03-31 00:55:42,463,9.88,109.2MB,34068.5,0.33,455.9MB / 684.5MB,4.096kB / 8.126MB
2026-03-31 00:55:55,463,9.88,109.5MB,34068.5,0.33,456.1MB / 684.8MB,4.096kB / 8.126MB
2026-03-31 00:56:07,463,9.88,109MB,34068.5,0.33,456.3MB / 685.1MB,4.096kB / 8.126MB
2026-03-31 00:56:19,463,9.88,109.3MB,34068.5,0.33,456.5MB / 685.4MB,4.096kB / 8.126MB
2026-03-31 00:56:31,464,9.88,109.3MB,34068.5,0.33,456.7MB / 685.7MB,4.096kB / 8.126MB
2026-03-31 00:56:44,464,9.88,109.3MB,34068.5,0.33,456.9MB / 686MB,4.096kB / 8.126MB
2026-03-31 00:56:56,464,9.88,108.8MB,34068.5,0.33,457.1MB / 686.3MB,4.096kB / 8.126MB
2026-03-31 00:57:08,464,9.88,109.9MB,34068.5,0.33,457.3MB / 686.6MB,4.096kB / 8.126MB
2026-03-31 00:57:21,464,9.88,109.1MB,34068.5,0.33,457.5MB / 686.9MB,4.096kB / 8.126MB
2026-03-31 00:57:33,465,9.88,109.1MB,34068.5,0.33,457.7MB / 687.2MB,4.096kB / 8.126MB
2026-03-31 00:57:45,465,9.88,109.4MB,34068.5,0.33,457.9MB / 687.5MB,4.096kB / 8.126MB
2026-03-31 00:57:58,465,9.88,109.4MB,34068.5,0.33,458.1MB / 687.8MB,4.096kB / 8.126MB
2026-03-31 00:58:10,465,9.88,110MB,34068.5,0.33,458.3MB / 688.1MB,4.096kB / 8.126MB
2026-03-31 00:58:22,465,9.88,109.5MB,34068.5,0.33,458.5MB / 688.4MB,4.096kB / 8.126MB
2026-03-31 00:58:34,466,9.88,109.5MB,34068.5,0.33,458.7MB / 688.7MB,4.096kB / 8.126MB
2026-03-31 00:58:47,466,9.88,110MB,34068.5,0.33,458.9MB / 689MB,4.096kB / 8.126MB
2026-03-31 00:58:59,466,9.88,109.5MB,34068.5,0.33,459.1MB / 689.3MB,4.096kB / 8.126MB
2026-03-31 00:59:11,466,9.88,109.3MB,34068.5,0.33,459.3MB / 689.6MB,4.096kB / 8.126MB
2026-03-31 00:59:24,466,9.88,109.1MB,34068.5,0.33,459.5MB / 690MB,4.096kB / 8.126MB
2026-03-31 00:59:36,467,9.88,109.3MB,34068.5,0.33,459.7MB / 690.3MB,4.096kB / 8.126MB
2026-03-31 00:59:48,467,9.88,109.9MB,34068.5,0.33,459.9MB / 690.6MB,4.096kB / 8.126MB
2026-03-31 01:00:01,467,9.88,109.1MB,34068.5,0.33,460.1MB / 690.9MB,4.096kB / 8.126MB
2026-03-31 01:00:13,467,9.88,109.4MB,34068.5,0.33,460.3MB / 691.2MB,4.096kB / 8.126MB
2026-03-31 01:00:25,468,9.88,109.7MB,34068.5,0.33,460.5MB / 691.5MB,4.096kB / 8.126MB
2026-03-31 01:00:37,468,9.88,110.5MB,34068.5,0.33,460.7MB / 691.8MB,4.096kB / 8.126MB
2026-03-31 01:00:50,468,9.88,109.7MB,34068.5,0.33,460.9MB / 692.1MB,4.096kB / 8.126MB
2026-03-31 01:01:02,468,9.88,109.2MB,34068.5,0.33,461.1MB / 692.4MB,4.096kB / 8.126MB
2026-03-31 01:01:15,468,9.88,109.8MB,34068.5,0.33,461.3MB / 692.7MB,4.096kB / 8.126MB
2026-03-31 01:01:27,469,9.88,110.3MB,34068.5,0.33,461.5MB / 693MB,4.096kB / 8.126MB
2026-03-31 01:01:39,469,9.88,109.5MB,34068.5,0.33,461.7MB / 693.3MB,4.096kB / 8.126MB
2026-03-31 01:01:52,469,9.88,110.1MB,34068.5,0.33,461.9MB / 693.6MB,4.096kB / 8.126MB
2026-03-31 01:02:04,469,9.88,110.1MB,34068.5,0.33,462.1MB / 693.9MB,4.096kB / 8.126MB
2026-03-31 01:02:16,469,9.88,109.6MB,34068.5,0.33,462.3MB / 694.2MB,4.096kB / 8.126MB
2026-03-31 01:02:28,470,9.88,109.6MB,34068.5,0.33,462.5MB / 694.5MB,4.096kB / 8.126MB
2026-03-31 01:02:41,470,9.88,110.1MB,34068.5,0.33,462.7MB / 694.8MB,4.096kB / 8.126MB
2026-03-31 01:02:53,470,9.88,109.9MB,34068.5,0.33,462.9MB / 695.1MB,4.096kB / 8.126MB
2026-03-31 01:03:05,470,9.88,109.7MB,34068.5,0.33,463.1MB / 695.4MB,4.096kB / 8.126MB
2026-03-31 01:03:18,470,9.88,110.7MB,34068.5,0.33,463.3MB / 695.7MB,4.096kB / 8.126MB
2026-03-31 01:03:30,471,9.88,109.7MB,34068.5,0.33,463.5MB / 696MB,4.096kB / 8.126MB
2026-03-31 01:03:43,471,9.88,110.3MB,34068.5,0.33,463.8MB / 696.3MB,4.096kB / 8.126MB
2026-03-31 01:03:55,471,9.88,109.5MB,34068.5,0.33,464MB / 696.6MB,4.096kB / 8.126MB
2026-03-31 01:04:08,471,9.88,109.5MB,34068.5,0.33,464.2MB / 697MB,4.096kB / 8.126MB
2026-03-31 01:04:20,471,9.88,110.3MB,34068.5,0.33,464.4MB / 697.2MB,4.096kB / 8.126MB
2026-03-31 01:04:32,472,9.88,109.8MB,34068.5,0.33,464.6MB / 697.5MB,4.096kB / 8.126MB
2026-03-31 01:04:44,472,9.88,109.6MB,34068.5,0.33,464.8MB / 697.9MB,4.096kB / 8.126MB
2026-03-31 01:04:57,472,9.88,109.8MB,34068.5,0.33,465MB / 698.2MB,4.096kB / 8.126MB
2026-03-31 01:05:09,472,9.88,110.1MB,34068.5,0.33,465.2MB / 698.5MB,4.096kB / 8.126MB
2026-03-31 01:05:21,472,9.88,109.6MB,34068.5,0.33,465.4MB / 698.8MB,4.096kB / 8.126MB
2026-03-31 01:05:34,473,9.88,110.2MB,34068.5,0.33,465.6MB / 699.1MB,4.096kB / 8.126MB
2026-03-31 01:05:46,473,9.88,110.5MB,34068.5,0.33,465.8MB / 699.4MB,4.096kB / 8.126MB
2026-03-31 01:05:58,473,9.88,110.2MB,34068.5,0.33,466MB / 699.7MB,4.096kB / 8.126MB
2026-03-31 01:06:11,473,9.88,109.7MB,34068.5,0.33,466.2MB / 700MB,4.096kB / 8.126MB
2026-03-31 01:06:23,473,9.88,110.5MB,34068.5,0.33,466.4MB / 700.3MB,4.096kB / 8.126MB
2026-03-31 01:06:36,474,9.88,110MB,34068.5,0.33,466.6MB / 700.6MB,4.096kB / 8.126MB
2026-03-31 01:06:48,474,9.88,110.5MB,34068.5,0.33,466.8MB / 700.9MB,4.096kB / 8.126MB
2026-03-31 01:07:01,474,9.88,109.8MB,34068.5,0.33,467MB / 701.2MB,4.096kB / 8.126MB
2026-03-31 01:07:13,474,9.88,110.1MB,34068.5,0.33,467.2MB / 701.5MB,4.096kB / 8.126MB
2026-03-31 01:07:25,475,9.88,110.6MB,34068.5,0.33,467.4MB / 701.8MB,4.096kB / 8.126MB
2026-03-31 01:07:37,475,9.88,110.4MB,34068.5,0.33,467.6MB / 702.1MB,4.096kB / 8.126MB
2026-03-31 01:07:50,475,9.88,110.9MB,34068.5,0.33,467.8MB / 702.4MB,4.096kB / 8.126MB
2026-03-31 01:08:02,475,9.88,109.9MB,34068.5,0.33,468MB / 702.7MB,4.096kB / 8.126MB
2026-03-31 01:08:15,475,9.88,109.9MB,34068.5,0.33,468.2MB / 703MB,4.096kB / 8.126MB
2026-03-31 01:08:27,476,9.88,110.7MB,34068.5,0.33,468.4MB / 703.3MB,4.096kB / 8.126MB
2026-03-31 01:08:39,476,9.88,110.8MB,34068.5,0.33,468.6MB / 703.6MB,4.096kB / 8.126MB
2026-03-31 01:08:52,476,9.88,110.5MB,34068.5,0.33,468.8MB / 703.9MB,4.096kB / 8.126MB
2026-03-31 01:09:04,476,9.88,110.5MB,34068.5,0.33,469MB / 704.2MB,4.096kB / 8.126MB
2026-03-31 01:09:16,476,9.88,110.8MB,34068.5,0.33,469.2MB / 704.5MB,4.096kB / 8.126MB
2026-03-31 01:09:29,477,9.88,110.5MB,34068.5,0.33,469.4MB / 704.8MB,4.096kB / 8.126MB
2026-03-31 01:09:41,477,9.88,110.3MB,34068.5,0.33,469.6MB / 705.1MB,4.096kB / 8.126MB
2026-03-31 01:09:53,477,9.88,110.6MB,34068.5,0.33,469.8MB / 705.4MB,4.096kB / 8.126MB
2026-03-31 01:10:06,477,9.88,110.6MB,34068.5,0.33,470MB / 705.7MB,4.096kB / 8.126MB
2026-03-31 01:10:18,477,9.88,110.6MB,34068.5,0.33,470.2MB / 706MB,4.096kB / 8.126MB
2026-03-31 01:10:30,478,9.88,110.9MB,34068.5,0.33,470.4MB / 706.3MB,4.096kB / 8.126MB
2026-03-31 01:10:43,478,9.88,110.7MB,34068.5,0.33,470.6MB / 706.6MB,4.096kB / 8.126MB
2026-03-31 01:10:55,478,9.88,111.2MB,34068.5,0.33,470.8MB / 706.9MB,4.096kB / 8.126MB
2026-03-31 01:11:07,478,9.88,111MB,34068.5,0.33,471MB / 707.2MB,4.096kB / 8.126MB
2026-03-31 01:11:19,478,9.88,111MB,34068.5,0.33,471.2MB / 707.5MB,4.096kB / 8.126MB
2026-03-31 01:11:32,479,9.88,111MB,34068.5,0.33,471.4MB / 707.9MB,4.096kB / 8.126MB
2026-03-31 01:11:44,479,9.88,111MB,34068.5,0.33,471.6MB / 708.2MB,4.096kB / 8.126MB
2026-03-31 01:11:56,479,9.88,111MB,34068.5,0.33,471.8MB / 708.5MB,4.096kB / 8.126MB
2026-03-31 01:12:09,479,9.88,110.3MB,34068.5,0.33,472MB / 708.8MB,4.096kB / 8.126MB
2026-03-31 01:12:21,479,9.88,110.6MB,34068.5,0.33,472.2MB / 709.1MB,4.096kB / 8.126MB
2026-03-31 01:12:33,480,9.88,110.6MB,34068.5,0.33,472.4MB / 709.4MB,4.096kB / 8.126MB
2026-03-31 01:12:46,480,9.88,111.1MB,34068.5,0.33,472.6MB / 709.7MB,4.096kB / 8.126MB
2026-03-31 01:12:58,480,9.88,110.9MB,34068.5,0.33,472.8MB / 710MB,4.096kB / 8.126MB
2026-03-31 01:13:10,480,9.88,110.4MB,34068.5,0.33,473MB / 710.3MB,4.096kB / 8.126MB
2026-03-31 01:13:22,480,9.88,110.9MB,34068.5,0.33,473.2MB / 710.6MB,4.096kB / 8.126MB
2026-03-31 01:13:35,481,9.88,110.9MB,34068.5,0.33,473.4MB / 710.9MB,4.096kB / 8.126MB
2026-03-31 01:13:47,481,9.88,111MB,34068.5,0.33,473.6MB / 711.2MB,4.096kB / 8.126MB
2026-03-31 01:14:00,481,9.88,111.5MB,34068.5,0.34,473.8MB / 711.5MB,4.096kB / 8.126MB
2026-03-31 01:14:12,481,9.88,111.3MB,34068.5,0.33,474MB / 711.8MB,4.096kB / 8.126MB
2026-03-31 01:14:24,481,9.88,110.8MB,34068.5,0.33,474.2MB / 712.1MB,4.096kB / 8.126MB
2026-03-31 01:14:37,482,9.88,111.1MB,34068.5,0.33,474.5MB / 712.4MB,4.096kB / 8.126MB
2026-03-31 01:14:49,482,9.88,110.5MB,34068.5,0.33,474.7MB / 712.7MB,4.096kB / 8.126MB
2026-03-31 01:15:02,482,9.88,110.8MB,34068.5,0.33,474.9MB / 713MB,4.096kB / 8.126MB
2026-03-31 01:15:14,482,9.88,110.6MB,34068.5,0.33,474.9MB / 713.1MB,4.096kB / 8.126MB
2026-03-31 01:15:26,483,9.88,110.9MB,34068.5,0.33,475.1MB / 713.4MB,4.096kB / 8.126MB
2026-03-31 01:15:39,483,9.88,111.7MB,34068.5,0.34,475.3MB / 713.7MB,4.096kB / 8.126MB
2026-03-31 01:15:51,483,9.88,111.1MB,34068.5,0.33,475.5MB / 714MB,4.096kB / 8.126MB
2026-03-31 01:16:03,483,9.88,111.7MB,34068.5,0.34,475.7MB / 714.3MB,4.096kB / 8.126MB
2026-03-31 01:16:15,483,9.88,110.7MB,34068.5,0.33,475.9MB / 714.6MB,4.096kB / 8.126MB
2026-03-31 01:16:28,484,9.88,111.2MB,34068.5,0.33,476.1MB / 714.9MB,4.096kB / 8.126MB
2026-03-31 01:16:40,484,9.88,111MB,34068.5,0.33,476.3MB / 715.2MB,4.096kB / 8.126MB
2026-03-31 01:16:53,484,9.88,111MB,34068.5,0.33,476.5MB / 715.5MB,4.096kB / 8.126MB
2026-03-31 01:17:05,484,9.88,111MB,34068.5,0.33,476.7MB / 715.8MB,4.096kB / 8.126MB
2026-03-31 01:17:17,484,9.88,111.3MB,34068.5,0.33,476.9MB / 716.1MB,4.096kB / 8.126MB
2026-03-31 01:17:29,485,9.88,110.8MB,34068.5,0.33,477.1MB / 716.4MB,4.096kB / 8.126MB
2026-03-31 01:17:42,485,9.88,111.6MB,34068.5,0.34,477.3MB / 716.7MB,4.096kB / 8.126MB
2026-03-31 01:17:54,485,9.88,111.3MB,34068.5,0.33,477.5MB / 717MB,4.096kB / 8.126MB
2026-03-31 01:18:06,485,9.88,111.1MB,34068.5,0.33,477.7MB / 717.3MB,4.096kB / 8.126MB
2026-03-31 01:18:19,485,9.88,111.4MB,34068.5,0.33,477.9MB / 717.6MB,4.096kB / 8.126MB
2026-03-31 01:18:31,486,9.88,111.1MB,34068.5,0.33,478.1MB / 717.9MB,4.096kB / 8.126MB
2026-03-31 01:18:44,486,9.88,111.2MB,34068.5,0.33,478.3MB / 718.2MB,4.096kB / 8.126MB
2026-03-31 01:18:56,486,9.88,110.9MB,34068.5,0.33,478.5MB / 718.5MB,4.096kB / 8.126MB
2026-03-31 01:19:08,486,9.88,111.7MB,34068.5,0.34,478.7MB / 718.8MB,4.096kB / 8.126MB
2026-03-31 01:19:21,486,9.88,111.5MB,34068.5,0.34,478.9MB / 719.1MB,4.096kB / 8.126MB
2026-03-31 01:19:33,487,9.88,111.3MB,34068.5,0.33,479.1MB / 719.4MB,4.096kB / 8.126MB
2026-03-31 01:19:46,487,9.88,111.3MB,34068.5,0.33,479.3MB / 719.7MB,4.096kB / 8.126MB
2026-03-31 01:19:58,487,9.88,111.8MB,34068.5,0.34,479.5MB / 720MB,4.096kB / 8.126MB
2026-03-31 01:20:10,487,9.88,111.6MB,34068.5,0.34,479.7MB / 720.3MB,4.096kB / 8.126MB
2026-03-31 01:20:23,487,9.88,111.3MB,34068.5,0.33,479.9MB / 720.6MB,4.096kB / 8.126MB
2026-03-31 01:20:35,488,9.88,111.1MB,34068.5,0.33,480.1MB / 720.9MB,4.096kB / 8.126MB
2026-03-31 01:20:47,488,9.88,111.4MB,34068.5,0.33,480.3MB / 721.2MB,4.096kB / 8.126MB
2026-03-31 01:21:00,488,9.88,111.4MB,34068.5,0.33,480.6MB / 721.6MB,4.096kB / 8.126MB
2026-03-31 01:21:12,488,9.88,111.4MB,34068.5,0.33,480.8MB / 721.9MB,4.096kB / 8.126MB
2026-03-31 01:21:25,489,9.88,111.2MB,34068.5,0.33,481MB / 722.2MB,4.096kB / 8.126MB
2026-03-31 01:21:37,489,9.88,111.4MB,34068.5,0.33,481.2MB / 722.5MB,4.096kB / 8.126MB
2026-03-31 01:21:49,489,9.88,111.5MB,34068.5,0.34,481.4MB / 722.8MB,4.096kB / 8.126MB
2026-03-31 01:22:02,489,9.89,111.5MB,34068.5,0.34,481.6MB / 723.1MB,4.096kB / 8.126MB
2026-03-31 01:22:14,489,9.89,112MB,34068.5,0.34,481.8MB / 723.4MB,4.096kB / 8.126MB
2026-03-31 01:22:26,490,9.89,111.8MB,34068.5,0.34,482MB / 723.7MB,4.096kB / 8.126MB
2026-03-31 01:22:39,490,9.89,111.8MB,34068.5,0.34,482.2MB / 724MB,4.096kB / 8.126MB
2026-03-31 01:22:51,490,9.89,111.3MB,34068.5,0.33,482.4MB / 724.3MB,4.096kB / 8.126MB
2026-03-31 01:23:03,490,9.89,111.9MB,34068.5,0.34,482.6MB / 724.6MB,4.096kB / 8.126MB
2026-03-31 01:23:16,490,9.89,112.6MB,34068.5,0.34,482.8MB / 724.9MB,4.096kB / 8.126MB
2026-03-31 01:23:28,491,9.89,112.1MB,34068.5,0.34,483MB / 725.2MB,4.096kB / 8.126MB
2026-03-31 01:23:40,491,9.89,111.4MB,34068.5,0.33,483.2MB / 725.5MB,4.096kB / 8.126MB
2026-03-31 01:23:52,491,9.89,112.2MB,34068.5,0.34,483.4MB / 725.8MB,4.096kB / 8.126MB
2026-03-31 01:24:04,491,9.89,111.4MB,34068.5,0.33,483.6MB / 726.1MB,4.096kB / 8.126MB
2026-03-31 01:24:17,491,9.89,112.2MB,34068.5,0.34,483.8MB / 726.4MB,4.096kB / 8.126MB
2026-03-31 01:24:29,492,9.89,112MB,34068.5,0.34,484MB / 726.7MB,4.096kB / 8.126MB
2026-03-31 01:24:41,492,9.89,111.8MB,34068.5,0.34,484.2MB / 727MB,4.096kB / 8.126MB
2026-03-31 01:24:53,492,9.89,111.8MB,34068.5,0.34,484.4MB / 727.3MB,4.096kB / 8.126MB
2026-03-31 01:25:06,492,9.89,112.1MB,34068.5,0.34,484.6MB / 727.6MB,4.096kB / 8.126MB
2026-03-31 01:25:18,492,9.89,111.8MB,34068.5,0.34,484.8MB / 727.9MB,4.096kB / 8.126MB
2026-03-31 01:25:30,493,9.89,112.6MB,34068.5,0.34,485MB / 728.2MB,4.096kB / 8.126MB
2026-03-31 01:25:43,493,9.89,112.1MB,34068.5,0.34,485.2MB / 728.5MB,4.096kB / 8.126MB
2026-03-31 01:25:55,493,9.89,111.6MB,34068.5,0.34,485.4MB / 728.8MB,4.096kB / 8.126MB
2026-03-31 01:26:07,493,9.89,111.9MB,34068.5,0.34,485.6MB / 729.1MB,4.096kB / 8.126MB
2026-03-31 01:26:20,493,9.89,112.2MB,34068.5,0.34,485.8MB / 729.4MB,4.096kB / 8.126MB
2026-03-31 01:26:32,494,9.89,111.7MB,34068.5,0.34,486MB / 729.7MB,4.096kB / 8.126MB
2026-03-31 01:26:44,494,9.89,112.2MB,34068.5,0.34,486.2MB / 730MB,4.096kB / 8.126MB
2026-03-31 01:26:57,494,9.89,112.2MB,34068.5,0.34,486.4MB / 730.3MB,4.096kB / 8.126MB
2026-03-31 01:27:09,494,9.89,112.5MB,34068.5,0.34,486.6MB / 730.6MB,4.096kB / 8.126MB
2026-03-31 01:27:21,494,9.89,112.3MB,34068.5,0.34,486.8MB / 730.9MB,4.096kB / 8.126MB
2026-03-31 01:27:34,495,9.89,111.8MB,34068.5,0.34,487MB / 731.2MB,4.096kB / 8.126MB
2026-03-31 01:27:46,495,9.89,112.1MB,34068.5,0.34,487.2MB / 731.5MB,4.096kB / 8.126MB
2026-03-31 01:27:58,495,9.89,111.8MB,34068.5,0.34,487.4MB / 731.8MB,4.096kB / 8.126MB
2026-03-31 01:28:10,495,9.89,112.3MB,34068.5,0.34,487.6MB / 732.1MB,4.096kB / 8.126MB
2026-03-31 01:28:23,495,9.89,112.1MB,34068.5,0.34,487.8MB / 732.4MB,4.096kB / 8.126MB
2026-03-31 01:28:35,496,9.89,112.4MB,34068.5,0.34,488MB / 732.7MB,4.096kB / 8.126MB
2026-03-31 01:28:47,496,9.89,112.7MB,34068.5,0.34,488.2MB / 733MB,4.096kB / 8.126MB
2026-03-31 01:29:00,496,9.89,111.9MB,34068.5,0.34,488.4MB / 733.3MB,4.096kB / 8.126MB
2026-03-31 01:29:12,496,9.89,112.7MB,34068.5,0.34,488.6MB / 733.6MB,4.096kB / 8.126MB
2026-03-31 01:29:24,496,9.89,113.2MB,34068.5,0.34,488.8MB / 733.9MB,4.096kB / 8.126MB
2026-03-31 01:29:36,497,9.89,113.3MB,34068.5,0.34,489MB / 734.2MB,4.096kB / 8.126MB
2026-03-31 01:29:49,497,9.89,112.5MB,34068.5,0.34,489.2MB / 734.5MB,4.096kB / 8.126MB
2026-03-31 01:30:01,497,9.89,112MB,34068.5,0.34,489.4MB / 734.9MB,4.096kB / 8.126MB
2026-03-31 01:30:13,497,9.89,112.5MB,34068.5,0.34,489.6MB / 735.2MB,4.096kB / 8.126MB
2026-03-31 01:30:25,498,9.89,112.3MB,34068.5,0.34,489.8MB / 735.5MB,4.096kB / 8.126MB
2026-03-31 01:30:37,498,9.89,112.1MB,34068.5,0.34,490MB / 735.8MB,4.096kB / 8.126MB
2026-03-31 01:30:49,498,9.89,112.6MB,34068.5,0.34,490.2MB / 736.1MB,4.096kB / 8.126MB
2026-03-31 01:31:01,498,9.89,112.1MB,34068.5,0.34,490.4MB / 736.4MB,4.096kB / 8.126MB
2026-03-31 01:31:13,498,9.89,113.2MB,34068.5,0.34,490.6MB / 736.7MB,4.096kB / 8.126MB
2026-03-31 01:31:26,499,9.89,113.2MB,34068.5,0.34,490.8MB / 737MB,4.096kB / 8.126MB
2026-03-31 01:31:38,499,9.89,112.7MB,34068.5,0.34,491MB / 737.3MB,4.096kB / 8.126MB
2026-03-31 01:31:50,499,9.89,113.2MB,34068.5,0.34,491.2MB / 737.6MB,4.096kB / 8.126MB
2026-03-31 01:32:02,499,9.89,113.2MB,34068.5,0.34,491.4MB / 737.9MB,4.096kB / 8.126MB
2026-03-31 01:32:14,499,9.89,113.3MB,34068.5,0.34,491.6MB / 738.2MB,4.096kB / 8.126MB
2026-03-31 01:32:27,500,9.89,112.8MB,34068.5,0.34,491.8MB / 738.5MB,4.096kB / 8.126MB
2026-03-31 01:32:39,500,9.89,113MB,34068.5,0.34,492MB / 738.8MB,4.096kB / 8.126MB
2026-03-31 01:32:51,500,9.89,112.8MB,34068.5,0.34,492.2MB / 739.1MB,4.096kB / 8.126MB
2026-03-31 01:33:03,500,9.89,113.1MB,34068.5,0.34,492.4MB / 739.4MB,4.096kB / 8.126MB
2026-03-31 01:33:15,500,9.89,113.4MB,34068.5,0.34,492.6MB / 739.7MB,4.096kB / 8.126MB
2026-03-31 01:33:27,501,9.89,113.4MB,34068.5,0.34,492.8MB / 740MB,4.096kB / 8.126MB
2026-03-31 01:33:39,501,9.89,113.1MB,34068.5,0.34,493MB / 740.3MB,4.096kB / 8.126MB
2026-03-31 01:33:52,501,9.88,112.7MB,34068.5,0.34,493.2MB / 740.5MB,204.8kB / 8.126MB
2026-03-31 01:34:04,501,9.88,112.8MB,34068.5,0.34,493.4MB / 740.8MB,204.8kB / 8.126MB
2026-03-31 01:34:16,501,9.88,113.3MB,34068.5,0.34,493.6MB / 741.1MB,204.8kB / 8.126MB
2026-03-31 01:34:28,502,9.88,113.1MB,34068.5,0.34,493.8MB / 741.4MB,204.8kB / 8.126MB
2026-03-31 01:34:40,502,9.88,113.1MB,34068.5,0.34,493.8MB / 741.5MB,213kB / 8.126MB
2026-03-31 01:34:52,502,9.88,113.1MB,34068.5,0.34,493.8MB / 741.5MB,213kB / 8.126MB
2026-03-31 01:35:04,502,9.87,112.8MB,34068.5,0.34,493.8MB / 741.5MB,213kB / 8.126MB
2026-03-31 01:35:16,502,9.87,113.1MB,34068.5,0.34,493.8MB / 741.5MB,213kB / 8.126MB
2026-03-31 01:35:28,503,9.87,112.8MB,34068.5,0.34,493.9MB / 741.5MB,213kB / 8.126MB
2026-03-31 01:35:40,503,9.86,113.1MB,34068.5,0.34,493.9MB / 741.5MB,213kB / 8.126MB
2026-03-31 01:35:52,503,9.86,113.1MB,34068.5,0.34,493.9MB / 741.6MB,213kB / 8.126MB
2026-03-31 01:36:04,503,9.86,113.1MB,34068.5,0.34,493.9MB / 741.6MB,213kB / 8.126MB
2026-03-31 01:36:16,503,9.85,113.1MB,34068.5,0.34,493.9MB / 741.6MB,213kB / 8.126MB
2026-03-31 01:36:28,504,9.85,113.4MB,34068.5,0.34,494.1MB / 741.8MB,213kB / 8.126MB
2026-03-31 01:36:40,504,9.85,113.1MB,34068.5,0.34,494.1MB / 741.9MB,213kB / 8.126MB
2026-03-31 01:36:53,504,9.85,112.8MB,34068.5,0.34,494.1MB / 741.9MB,213kB / 8.126MB
2026-03-31 01:37:05,504,9.84,112.8MB,34068.5,0.34,494.1MB / 741.9MB,213kB / 8.126MB
2026-03-31 01:37:17,504,9.84,112.8MB,34068.5,0.34,494.1MB / 741.9MB,213kB / 8.126MB
2026-03-31 01:37:28,505,9.84,112.8MB,34068.5,0.34,494.1MB / 741.9MB,213kB / 8.126MB
2026-03-31 01:37:40,505,9.83,113.1MB,34068.5,0.34,494.1MB / 741.9MB,213kB / 8.126MB
2026-03-31 01:37:52,505,9.83,113.1MB,34068.5,0.34,494.1MB / 741.9MB,213kB / 8.126MB
2026-03-31 01:38:03,505,9.82,112.8MB,34068.5,0.34,494.1MB / 741.9MB,213kB / 8.126MB
2026-03-31 01:38:15,505,9.82,112.8MB,34068.5,0.34,494.1MB / 741.9MB,213kB / 8.126MB
2026-03-31 01:38:27,506,9.82,113.1MB,34068.5,0.34,494.1MB / 741.9MB,213kB / 8.126MB
2026-03-31 01:38:38,506,9.81,113.1MB,34068.5,0.34,494.2MB / 741.9MB,213kB / 8.126MB
2026-03-31 01:38:50,506,9.81,113.1MB,34068.5,0.34,494.2MB / 741.9MB,213kB / 8.126MB
2026-03-31 01:39:01,506,9.81,112.9MB,34068.5,0.34,494.2MB / 741.9MB,213kB / 8.126MB
2026-03-31 01:39:13,506,9.80,112.8MB,34068.5,0.34,494.2MB / 741.9MB,213kB / 8.126MB
2026-03-31 01:39:25,507,9.80,113.1MB,34068.5,0.34,494.2MB / 741.9MB,213kB / 8.126MB
2026-03-31 01:39:36,507,9.80,113.1MB,34068.5,0.34,494.2MB / 741.9MB,213kB / 8.126MB
2026-03-31 01:39:48,507,9.79,112.8MB,34068.5,0.34,494.2MB / 741.9MB,213kB / 8.126MB
2026-03-31 01:40:00,507,9.79,112.8MB,34068.5,0.34,494.2MB / 741.9MB,213kB / 8.126MB
2026-03-31 01:40:12,507,9.79,112.8MB,34068.5,0.34,494.2MB / 741.9MB,213kB / 8.126MB
2026-03-31 01:40:23,507,9.78,112.8MB,34068.5,0.34,494.2MB / 741.9MB,213kB / 8.126MB
2026-03-31 01:40:35,508,9.78,112.8MB,34068.5,0.34,494.2MB / 741.9MB,213kB / 8.126MB
2026-03-31 01:40:46,508,9.78,112.8MB,34068.5,0.34,494.2MB / 741.9MB,213kB / 8.126MB
2026-03-31 01:40:58,508,9.77,113.1MB,34068.5,0.34,494.2MB / 741.9MB,213kB / 8.126MB
2026-03-31 01:41:10,508,9.77,113.1MB,34068.5,0.34,494.2MB / 742MB,213kB / 8.126MB
2026-03-31 01:41:21,508,9.77,112.8MB,34068.5,0.34,494.2MB / 742MB,213kB / 8.126MB
2026-03-31 01:41:33,509,9.76,113.1MB,34068.5,0.34,494.2MB / 742MB,213kB / 8.126MB
2026-03-31 01:41:45,509,9.76,112.8MB,34068.5,0.34,494.2MB / 742MB,213kB / 8.126MB
2026-03-31 01:41:56,509,9.76,112.8MB,34068.5,0.34,494.2MB / 742MB,213kB / 8.126MB
2026-03-31 01:42:08,509,9.75,112.8MB,34068.5,0.34,494.2MB / 742MB,213kB / 8.126MB
2026-03-31 01:42:19,509,9.75,113.1MB,34068.5,0.34,494.2MB / 742MB,213kB / 8.126MB
2026-03-31 01:42:31,510,9.75,112.8MB,34068.5,0.34,494.3MB / 742MB,213kB / 8.126MB
2026-03-31 01:42:43,510,9.74,112.8MB,34068.5,0.34,494.3MB / 742MB,213kB / 8.126MB
2026-03-31 01:42:54,510,9.74,112.8MB,34068.5,0.34,494.3MB / 742MB,213kB / 8.126MB
2026-03-31 01:43:06,510,9.74,113.1MB,34068.5,0.34,494.3MB / 742MB,213kB / 8.126MB
2026-03-31 01:43:18,510,9.73,112.8MB,34068.5,0.34,494.3MB / 742MB,213kB / 8.126MB
2026-03-31 01:43:29,511,9.73,113.1MB,34068.5,0.34,494.3MB / 742MB,213kB / 8.126MB
2026-03-31 01:43:41,511,9.73,112.8MB,34068.5,0.34,494.3MB / 742MB,213kB / 8.126MB
2026-03-31 01:43:53,511,9.72,113.4MB,34068.5,0.34,494.3MB / 742MB,213kB / 8.126MB
2026-03-31 01:44:04,511,9.72,112.8MB,34068.5,0.34,494.3MB / 742MB,213kB / 8.126MB
2026-03-31 01:44:16,511,9.72,112.8MB,34068.5,0.34,494.3MB / 742MB,213kB / 8.126MB
2026-03-31 01:44:28,512,9.71,112.8MB,34068.5,0.34,494.3MB / 742MB,213kB / 8.126MB
2026-03-31 01:44:39,512,9.71,113.1MB,34068.5,0.34,494.3MB / 742MB,213kB / 8.126MB
2026-03-31 01:44:51,512,9.71,112.8MB,34068.5,0.34,494.3MB / 742MB,213kB / 8.126MB
2026-03-31 01:45:03,512,9.70,113.3MB,34068.5,0.34,494.3MB / 742MB,213kB / 8.126MB
2026-03-31 01:45:15,512,9.70,113.1MB,34068.5,0.34,494.3MB / 742MB,213kB / 8.126MB
2026-03-31 01:45:26,513,9.70,112.8MB,34068.5,0.34,494.3MB / 742MB,213kB / 8.126MB
2026-03-31 01:45:38,513,9.69,113.1MB,34068.5,0.34,494.3MB / 742MB,213kB / 8.126MB
2026-03-31 01:45:50,513,9.69,112.8MB,34068.5,0.34,494.3MB / 742.1MB,213kB / 8.126MB
2026-03-31 01:46:01,513,9.69,112.8MB,34068.5,0.34,494.3MB / 742.1MB,213kB / 8.126MB
2026-03-31 01:46:13,513,9.68,112.8MB,34068.5,0.34,494.3MB / 742.1MB,213kB / 8.126MB
2026-03-31 01:46:25,514,9.68,113.1MB,34068.5,0.34,494.4MB / 742.1MB,213kB / 8.126MB
2026-03-31 01:46:36,514,9.68,113.1MB,34068.5,0.34,494.4MB / 742.1MB,213kB / 8.126MB
2026-03-31 01:46:48,514,9.67,112.8MB,34068.5,0.34,494.4MB / 742.1MB,213kB / 8.126MB
2026-03-31 01:47:00,514,9.67,113.1MB,34068.5,0.34,494.4MB / 742.1MB,213kB / 8.126MB
2026-03-31 01:47:11,514,9.67,112.8MB,34068.5,0.34,494.4MB / 742.1MB,213kB / 8.126MB
2026-03-31 01:47:23,514,9.66,112.8MB,34068.5,0.34,494.4MB / 742.1MB,213kB / 8.126MB
2026-03-31 01:47:35,515,9.66,113.1MB,34068.5,0.34,494.4MB / 742.1MB,213kB / 8.126MB
2026-03-31 01:47:46,515,9.66,112.8MB,34068.5,0.34,494.4MB / 742.1MB,213kB / 8.126MB
2026-03-31 01:47:58,515,9.65,112.8MB,34068.5,0.34,494.4MB / 742.1MB,213kB / 8.126MB
2026-03-31 01:48:10,515,9.65,112.8MB,34068.5,0.34,494.4MB / 742.1MB,213kB / 8.126MB
2026-03-31 01:48:21,515,9.65,112.8MB,34068.5,0.34,494.4MB / 742.1MB,213kB / 8.126MB
2026-03-31 01:48:33,516,9.65,112.8MB,34068.5,0.34,494.4MB / 742.1MB,213kB / 8.126MB
2026-03-31 01:48:45,516,9.64,113.1MB,34068.5,0.34,494.4MB / 742.1MB,213kB / 8.126MB
2026-03-31 01:48:56,516,9.64,113.6MB,34068.5,0.34,494.4MB / 742.1MB,213kB / 8.126MB
2026-03-31 01:49:08,516,9.64,113.1MB,34068.5,0.34,494.4MB / 742.1MB,213kB / 8.126MB
2026-03-31 01:49:20,516,9.63,112.8MB,34068.5,0.34,494.4MB / 742.1MB,213kB / 8.126MB
2026-03-31 01:49:31,517,9.63,113.1MB,34068.5,0.34,494.4MB / 742.1MB,213kB / 8.126MB
2026-03-31 01:49:43,517,9.63,112.8MB,34068.5,0.34,494.4MB / 742.1MB,213kB / 8.126MB
2026-03-31 01:49:54,517,9.62,112.8MB,34068.5,0.34,494.4MB / 742.1MB,213kB / 8.126MB
2026-03-31 01:50:06,517,9.62,113.6MB,34068.5,0.34,494.4MB / 742.1MB,213kB / 8.126MB
2026-03-31 01:50:18,517,9.62,112.8MB,34068.5,0.34,494.5MB / 742.1MB,213kB / 8.126MB
2026-03-31 01:50:29,518,9.61,113.1MB,34068.5,0.34,494.5MB / 742.2MB,213kB / 8.126MB
2026-03-31 01:50:41,518,9.61,113.1MB,34068.5,0.34,494.5MB / 742.2MB,213kB / 8.126MB
2026-03-31 01:50:53,518,9.61,112.8MB,34068.5,0.34,494.5MB / 742.2MB,213kB / 8.126MB
2026-03-31 01:51:04,518,9.60,112.8MB,34068.5,0.34,494.5MB / 742.2MB,213kB / 8.126MB
2026-03-31 01:51:16,518,9.60,113.1MB,34068.5,0.34,494.5MB / 742.2MB,213kB / 8.126MB
2026-03-31 01:51:28,519,9.60,112.8MB,34068.5,0.34,494.5MB / 742.2MB,213kB / 8.126MB
2026-03-31 01:51:40,519,9.59,112.8MB,34068.5,0.34,494.5MB / 742.2MB,213kB / 8.126MB
2026-03-31 01:51:51,519,9.59,112.8MB,34068.5,0.34,494.5MB / 742.2MB,213kB / 8.126MB
2026-03-31 01:52:03,519,9.59,113.1MB,34068.5,0.34,494.5MB / 742.2MB,213kB / 8.126MB
2026-03-31 01:52:15,519,9.58,113.1MB,34068.5,0.34,494.5MB / 742.2MB,213kB / 8.126MB
2026-03-31 01:52:26,520,9.58,112.8MB,34068.5,0.34,494.5MB / 742.2MB,213kB / 8.126MB
2026-03-31 01:52:38,520,9.58,112.8MB,34068.5,0.34,494.5MB / 742.2MB,213kB / 8.126MB
2026-03-31 01:52:49,520,9.57,112.8MB,34068.5,0.34,494.5MB / 742.2MB,213kB / 8.126MB
2026-03-31 01:53:01,520,9.57,113.1MB,34068.5,0.34,494.5MB / 742.2MB,213kB / 8.126MB
2026-03-31 01:53:13,520,9.57,113.1MB,34068.5,0.34,494.5MB / 742.2MB,213kB / 8.126MB
2026-03-31 01:53:24,520,9.56,112.8MB,34068.5,0.34,494.5MB / 742.2MB,213kB / 8.126MB
2026-03-31 01:53:36,521,9.56,112.8MB,34068.5,0.34,494.5MB / 742.2MB,213kB / 8.126MB
2026-03-31 01:53:48,521,9.56,113.1MB,34068.5,0.34,494.5MB / 742.2MB,213kB / 8.126MB
2026-03-31 01:53:59,521,9.56,112.8MB,34068.5,0.34,494.5MB / 742.2MB,213kB / 8.126MB
2026-03-31 01:54:11,521,9.55,112.8MB,34068.5,0.34,494.6MB / 742.2MB,213kB / 8.126MB
2026-03-31 01:54:23,521,9.55,112.8MB,34068.5,0.34,494.6MB / 742.2MB,213kB / 8.126MB
2026-03-31 01:54:34,522,9.55,113.1MB,34068.5,0.34,494.6MB / 742.2MB,213kB / 8.126MB
2026-03-31 01:54:46,522,9.54,113.1MB,34068.5,0.34,494.6MB / 742.2MB,213kB / 8.126MB
2026-03-31 01:54:58,522,9.54,112.8MB,34068.5,0.34,494.6MB / 742.2MB,213kB / 8.126MB
2026-03-31 01:55:09,522,9.54,113.1MB,34068.5,0.34,494.6MB / 742.2MB,213kB / 8.126MB
2026-03-31 01:55:21,522,9.53,113.1MB,34068.5,0.34,494.6MB / 742.3MB,213kB / 8.126MB
2026-03-31 01:55:33,523,9.53,113.1MB,34068.5,0.34,494.6MB / 742.3MB,213kB / 8.126MB
2026-03-31 01:55:44,523,9.53,112.8MB,34068.5,0.34,494.6MB / 742.3MB,213kB / 8.126MB
2026-03-31 01:55:56,523,9.52,112.8MB,34068.5,0.34,494.6MB / 742.3MB,213kB / 8.126MB
2026-03-31 01:56:08,523,9.52,113.1MB,34068.5,0.34,494.6MB / 742.3MB,213kB / 8.126MB
2026-03-31 01:56:20,523,9.52,112.8MB,34068.5,0.34,494.6MB / 742.3MB,213kB / 8.126MB
2026-03-31 01:56:31,524,9.51,96.53MB,34068.5,0.29,494.6MB / 742.3MB,213kB / 8.126MB
2026-03-31 01:56:43,524,9.51,99.27MB,34068.5,0.30,494.6MB / 742.3MB,213kB / 8.126MB
2026-03-31 01:56:55,524,9.51,99.27MB,34068.5,0.30,494.6MB / 742.3MB,213kB / 8.126MB
2026-03-31 01:57:06,524,9.50,99.27MB,34068.5,0.30,494.6MB / 742.3MB,213kB / 8.126MB
2026-03-31 01:57:18,524,9.50,99.53MB,34068.5,0.30,494.6MB / 742.3MB,213kB / 8.126MB
2026-03-31 01:57:30,525,9.50,99.54MB,34068.5,0.30,494.6MB / 742.3MB,213kB / 8.126MB
2026-03-31 01:57:41,525,9.49,99.28MB,34068.5,0.30,494.6MB / 742.3MB,213kB / 8.126MB
2026-03-31 01:57:53,525,9.49,97.44MB,34068.5,0.29,494.6MB / 742.3MB,213kB / 8.348MB
2026-03-31 01:58:05,525,9.49,97.46MB,34068.5,0.29,494.7MB / 742.3MB,213kB / 8.348MB
2026-03-31 01:58:16,525,9.49,97.44MB,34068.5,0.29,494.7MB / 742.3MB,213kB / 8.348MB
2026-03-31 01:58:28,526,9.48,97.46MB,34068.5,0.29,494.7MB / 742.3MB,213kB / 8.348MB
2026-03-31 01:58:40,526,9.48,97.44MB,34068.5,0.29,494.7MB / 742.3MB,213kB / 8.348MB
2026-03-31 01:58:51,526,9.48,97.44MB,34068.5,0.29,494.7MB / 742.3MB,213kB / 8.348MB
2026-03-31 01:59:03,526,9.47,97.44MB,34068.5,0.29,494.7MB / 742.3MB,213kB / 8.348MB
2026-03-31 01:59:14,526,9.47,97.7MB,34068.5,0.29,494.7MB / 742.3MB,213kB / 8.348MB
2026-03-31 01:59:26,527,9.47,97.44MB,34068.5,0.29,494.7MB / 742.3MB,213kB / 8.348MB
2026-03-31 01:59:38,527,9.46,97.44MB,34068.5,0.29,494.7MB / 742.3MB,213kB / 8.348MB
2026-03-31 01:59:49,527,9.46,97.44MB,34068.5,0.29,494.7MB / 742.3MB,213kB / 8.348MB
2026-03-31 02:00:01,527,9.46,97.44MB,34068.5,0.29,494.7MB / 742.4MB,213kB / 8.348MB
2026-03-31 02:00:13,527,9.45,97.71MB,34068.5,0.29,494.7MB / 742.4MB,213kB / 8.348MB
2026-03-31 02:00:24,527,9.45,97.44MB,34068.5,0.29,494.7MB / 742.4MB,213kB / 8.348MB
2026-03-31 02:00:36,528,9.45,96.46MB,34068.5,0.29,494.7MB / 742.4MB,213kB / 8.495MB
2026-03-31 02:00:48,528,9.44,96.72MB,34068.5,0.29,494.7MB / 742.4MB,213kB / 8.495MB
2026-03-31 02:00:59,528,9.44,96.72MB,34068.5,0.29,494.7MB / 742.4MB,213kB / 8.495MB
2026-03-31 02:01:11,528,9.44,96.46MB,34068.5,0.29,494.7MB / 742.4MB,213kB / 8.495MB
2026-03-31 02:01:23,528,9.44,96.46MB,34068.5,0.29,494.7MB / 742.4MB,213kB / 8.495MB
2026-03-31 02:01:34,529,9.43,96.46MB,34068.5,0.29,494.7MB / 742.4MB,213kB / 8.495MB
2026-03-31 02:01:46,529,9.43,96.96MB,34068.5,0.29,494.7MB / 742.4MB,213kB / 8.495MB
2026-03-31 02:01:58,529,9.43,96.46MB,34068.5,0.29,494.7MB / 742.4MB,213kB / 8.495MB
2026-03-31 02:02:09,529,9.42,96.72MB,34068.5,0.29,494.8MB / 742.4MB,213kB / 8.495MB
2026-03-31 02:02:21,529,9.42,96.46MB,34068.5,0.29,494.8MB / 742.4MB,213kB / 8.495MB
2026-03-31 02:02:32,530,9.42,96.71MB,34068.5,0.29,494.8MB / 742.4MB,213kB / 8.495MB
2026-03-31 02:02:44,530,9.41,96.71MB,34068.5,0.29,494.8MB / 742.4MB,213kB / 8.495MB
2026-03-31 02:02:56,530,9.41,96.46MB,34068.5,0.29,494.8MB / 742.4MB,213kB / 8.495MB
2026-03-31 02:03:07,530,9.41,96.72MB,34068.5,0.29,494.8MB / 742.4MB,213kB / 8.495MB
2026-03-31 02:03:19,530,9.40,96.46MB,34068.5,0.29,494.8MB / 742.4MB,213kB / 8.495MB
2026-03-31 02:03:31,531,9.40,96.46MB,34068.5,0.29,494.8MB / 742.4MB,213kB / 8.495MB
2026-03-31 02:03:42,531,9.40,96.46MB,34068.5,0.29,494.8MB / 742.4MB,213kB / 8.495MB
2026-03-31 02:03:54,531,9.40,96.46MB,34068.5,0.29,494.8MB / 742.4MB,213kB / 8.495MB
2026-03-31 02:04:05,531,9.39,96.72MB,34068.5,0.29,494.8MB / 742.4MB,213kB / 8.495MB
2026-03-31 02:04:17,531,9.39,96.46MB,34068.5,0.29,494.8MB / 742.4MB,213kB / 8.495MB
2026-03-31 02:04:29,532,9.39,96.71MB,34068.5,0.29,494.8MB / 742.4MB,213kB / 8.495MB
2026-03-31 02:04:40,532,9.38,96.46MB,34068.5,0.29,494.8MB / 742.4MB,213kB / 8.495MB
2026-03-31 02:04:52,532,9.38,96.72MB,34068.5,0.29,494.8MB / 742.5MB,213kB / 8.495MB
2026-03-31 02:05:04,532,9.38,96.46MB,34068.5,0.29,494.8MB / 742.5MB,213kB / 8.495MB
2026-03-31 02:05:15,532,9.37,96.72MB,34068.5,0.29,494.8MB / 742.5MB,213kB / 8.495MB
2026-03-31 02:05:27,533,9.37,96.71MB,34068.5,0.29,494.8MB / 742.5MB,213kB / 8.495MB
2026-03-31 02:05:39,533,9.37,96.46MB,34068.5,0.29,494.8MB / 742.5MB,213kB / 8.495MB
2026-03-31 02:05:50,533,9.36,96.46MB,34068.5,0.29,494.8MB / 742.5MB,213kB / 8.495MB
2026-03-31 02:06:02,533,9.36,96.71MB,34068.5,0.29,494.9MB / 742.5MB,213kB / 8.495MB
2026-03-31 02:06:13,533,9.36,96.46MB,34068.5,0.29,494.9MB / 742.5MB,213kB / 8.495MB
2026-03-31 02:06:25,534,9.36,96.72MB,34068.5,0.29,494.9MB / 742.5MB,213kB / 8.495MB
2026-03-31 02:06:37,534,9.35,96.46MB,34068.5,0.29,494.9MB / 742.5MB,213kB / 8.495MB
2026-03-31 02:06:49,534,9.35,96.46MB,34068.5,0.29,494.9MB / 742.5MB,213kB / 8.495MB
2026-03-31 02:07:00,534,9.35,96.71MB,34068.5,0.29,494.9MB / 742.5MB,213kB / 8.495MB
2026-03-31 02:07:12,534,9.34,96.46MB,34068.5,0.29,494.9MB / 742.5MB,213kB / 8.495MB
2026-03-31 02:07:24,534,9.34,96.46MB,34068.5,0.29,494.9MB / 742.5MB,213kB / 8.495MB
2026-03-31 02:07:35,535,9.34,96.46MB,34068.5,0.29,494.9MB / 742.5MB,213kB / 8.495MB
2026-03-31 02:07:47,535,9.33,96.46MB,34068.5,0.29,494.9MB / 742.5MB,213kB / 8.495MB
2026-03-31 02:07:59,535,9.33,96.46MB,34068.5,0.29,494.9MB / 742.5MB,213kB / 8.495MB
2026-03-31 02:08:10,535,9.33,96.46MB,34068.5,0.29,494.9MB / 742.5MB,213kB / 8.495MB
2026-03-31 02:08:22,535,9.33,96.46MB,34068.5,0.29,494.9MB / 742.5MB,213kB / 8.495MB
2026-03-31 02:08:33,536,9.32,96.47MB,34068.5,0.29,494.9MB / 742.5MB,213kB / 8.495MB
2026-03-31 02:08:45,536,9.32,96.46MB,34068.5,0.29,494.9MB / 742.5MB,213kB / 8.495MB
2026-03-31 02:08:57,536,9.32,96.46MB,34068.5,0.29,494.9MB / 742.5MB,213kB / 8.495MB
2026-03-31 02:09:08,536,9.31,96.46MB,34068.5,0.29,494.9MB / 742.5MB,213kB / 8.495MB
2026-03-31 02:09:20,536,9.31,96.46MB,34068.5,0.29,494.9MB / 742.5MB,213kB / 8.495MB
2026-03-31 02:09:31,537,9.31,96.71MB,34068.5,0.29,494.9MB / 742.6MB,213kB / 8.495MB
2026-03-31 02:09:43,537,9.30,96.46MB,34068.5,0.29,494.9MB / 742.6MB,213kB / 8.495MB
2026-03-31 02:09:55,537,9.30,96.46MB,34068.5,0.29,495MB / 742.6MB,213kB / 8.495MB
2026-03-31 02:10:06,537,9.30,96.72MB,34068.5,0.29,495MB / 742.6MB,213kB / 8.495MB
2026-03-31 02:10:18,537,9.30,96.53MB,34068.5,0.29,495MB / 742.6MB,213kB / 8.495MB
2026-03-31 02:10:30,538,9.29,96.71MB,34068.5,0.29,495MB / 742.6MB,213kB / 8.495MB
2026-03-31 02:10:41,538,9.29,96.46MB,34068.5,0.29,495MB / 742.6MB,213kB / 8.495MB
2026-03-31 02:10:53,538,9.29,96.46MB,34068.5,0.29,495MB / 742.6MB,213kB / 8.495MB
2026-03-31 02:11:04,538,9.28,96.46MB,34068.5,0.29,495MB / 742.6MB,213kB / 8.495MB
2026-03-31 02:11:16,538,9.28,96.46MB,34068.5,0.29,495MB / 742.6MB,213kB / 8.495MB
2026-03-31 02:11:28,539,9.28,96.49MB,34068.5,0.29,495MB / 742.6MB,213kB / 8.495MB
2026-03-31 02:11:39,539,9.27,96.46MB,34068.5,0.29,495MB / 742.6MB,213kB / 8.495MB
2026-03-31 02:11:51,539,9.27,96.71MB,34068.5,0.29,495MB / 742.6MB,213kB / 8.495MB
2026-03-31 02:12:03,539,9.27,96.46MB,34068.5,0.29,495MB / 742.6MB,213kB / 8.495MB
2026-03-31 02:12:14,539,9.27,96.46MB,34068.5,0.29,495MB / 742.6MB,213kB / 8.495MB
2026-03-31 02:12:26,540,9.26,96.46MB,34068.5,0.29,495MB / 742.6MB,213kB / 8.495MB
2026-03-31 02:12:38,540,9.26,96.73MB,34068.5,0.29,495MB / 742.6MB,213kB / 8.495MB
2026-03-31 02:12:49,540,9.26,96.46MB,34068.5,0.29,495MB / 742.6MB,213kB / 8.495MB
2026-03-31 02:13:01,540,9.25,96.46MB,34068.5,0.29,495MB / 742.6MB,213kB / 8.495MB
2026-03-31 02:13:13,540,9.25,96.46MB,34068.5,0.29,495MB / 742.6MB,213kB / 8.495MB
2026-03-31 02:13:25,541,9.25,96.46MB,34068.5,0.29,495MB / 742.6MB,213kB / 8.495MB
2026-03-31 02:13:37,541,9.24,96.46MB,34068.5,0.29,495MB / 742.6MB,213kB / 8.495MB
2026-03-31 02:13:49,541,9.24,96.46MB,34068.5,0.29,495.1MB / 742.6MB,213kB / 8.495MB
2026-03-31 02:14:01,541,9.24,96.46MB,34068.5,0.29,495.1MB / 742.6MB,213kB / 8.495MB
2026-03-31 02:14:13,541,9.24,96.46MB,34068.5,0.29,495.1MB / 742.7MB,213kB / 8.495MB
2026-03-31 02:14:25,542,9.23,96.46MB,34068.5,0.29,495.1MB / 742.7MB,213kB / 8.495MB
2026-03-31 02:14:37,542,9.23,96.71MB,34068.5,0.29,495.1MB / 742.7MB,213kB / 8.495MB
2026-03-31 02:14:49,542,9.23,96.46MB,34068.5,0.29,495.1MB / 742.7MB,213kB / 8.495MB
2026-03-31 02:15:01,542,9.22,96.46MB,34068.5,0.29,495.1MB / 742.7MB,213kB / 8.495MB
2026-03-31 02:15:13,542,9.22,96.71MB,34068.5,0.29,495.1MB / 742.7MB,213kB / 8.495MB
2026-03-31 02:15:25,543,9.22,96.72MB,34068.5,0.29,495.1MB / 742.7MB,213kB / 8.495MB
2026-03-31 02:15:37,543,9.21,96.46MB,34068.5,0.29,495.1MB / 742.7MB,213kB / 8.495MB
2026-03-31 02:15:49,543,9.21,96.46MB,34068.5,0.29,495.1MB / 742.7MB,213kB / 8.495MB
2026-03-31 02:16:01,543,9.21,96.46MB,34068.5,0.29,495.1MB / 742.7MB,213kB / 8.495MB
2026-03-31 02:16:13,543,9.21,96.46MB,34068.5,0.29,495.1MB / 742.7MB,213kB / 8.495MB
2026-03-31 02:16:25,544,9.20,96.46MB,34068.5,0.29,495.1MB / 742.7MB,213kB / 8.495MB
2026-03-31 02:16:37,544,9.20,96.46MB,34068.5,0.29,495.1MB / 742.7MB,213kB / 8.495MB
2026-03-31 02:16:48,544,9.20,96.46MB,34068.5,0.29,495.1MB / 742.7MB,213kB / 8.495MB
2026-03-31 02:17:00,544,9.19,96.46MB,34068.5,0.29,495.1MB / 742.7MB,213kB / 8.495MB
2026-03-31 02:17:12,544,9.19,96.46MB,34068.5,0.29,495.1MB / 742.7MB,213kB / 8.495MB
2026-03-31 02:17:24,544,9.19,96.64MB,34068.5,0.29,495.1MB / 742.7MB,213kB / 8.495MB
2026-03-31 02:17:36,545,9.18,96.46MB,34068.5,0.29,495.1MB / 742.7MB,213kB / 8.495MB
2026-03-31 02:17:47,545,9.18,96.46MB,34068.5,0.29,495.2MB / 742.7MB,213kB / 8.495MB
2026-03-31 02:17:59,545,9.18,96.46MB,34068.5,0.29,495.2MB / 742.7MB,213kB / 8.495MB
2026-03-31 02:18:11,545,9.18,96.46MB,34068.5,0.29,495.2MB / 742.7MB,213kB / 8.495MB
2026-03-31 02:18:22,545,9.17,96.46MB,34068.5,0.29,495.2MB / 742.7MB,213kB / 8.495MB
2026-03-31 02:18:34,546,9.17,96.46MB,34068.5,0.29,495.2MB / 742.7MB,213kB / 8.495MB
2026-03-31 02:18:46,546,9.17,96.46MB,34068.5,0.29,495.2MB / 742.7MB,213kB / 8.495MB
2026-03-31 02:18:58,546,9.16,96.46MB,34068.5,0.29,495.2MB / 742.8MB,213kB / 8.495MB
2026-03-31 02:19:10,546,9.16,96.72MB,34068.5,0.29,495.2MB / 742.8MB,213kB / 8.495MB
2026-03-31 02:19:21,546,9.16,100.3MB,34068.5,0.30,495.2MB / 742.8MB,213kB / 8.495MB
2026-03-31 02:19:33,547,9.16,96.72MB,34068.5,0.29,495.2MB / 742.8MB,213kB / 8.495MB
2026-03-31 02:19:45,547,9.15,96.46MB,34068.5,0.29,495.2MB / 742.8MB,213kB / 8.495MB
2026-03-31 02:19:57,547,9.15,96.46MB,34068.5,0.29,495.2MB / 742.8MB,213kB / 8.495MB
2026-03-31 02:20:08,547,9.15,96.46MB,34068.5,0.29,495.2MB / 742.8MB,213kB / 8.495MB
2026-03-31 02:20:20,547,9.14,96.46MB,34068.5,0.29,495.2MB / 742.8MB,213kB / 8.495MB
2026-03-31 02:20:32,548,9.14,96.46MB,34068.5,0.29,495.2MB / 742.8MB,213kB / 8.495MB
2026-03-31 02:20:43,548,9.14,96.46MB,34068.5,0.29,495.2MB / 742.8MB,213kB / 8.495MB
2026-03-31 02:20:55,548,9.14,96.98MB,34068.5,0.29,495.2MB / 742.8MB,213kB / 8.495MB
2026-03-31 02:21:07,548,9.13,96.71MB,34068.5,0.29,495.2MB / 742.8MB,213kB / 8.495MB
2026-03-31 02:21:19,548,9.13,96.72MB,34068.5,0.29,495.2MB / 742.8MB,213kB / 8.495MB
2026-03-31 02:21:31,549,9.13,96.46MB,34068.5,0.29,495.2MB / 742.8MB,213kB / 8.495MB
2026-03-31 02:21:42,549,9.12,96.46MB,34068.5,0.29,495.3MB / 742.8MB,213kB / 8.495MB
2026-03-31 02:21:54,549,9.12,96.46MB,34068.5,0.29,495.3MB / 742.8MB,213kB / 8.495MB
2026-03-31 02:22:06,549,9.12,96.71MB,34068.5,0.29,495.3MB / 742.8MB,213kB / 8.495MB
2026-03-31 02:22:17,549,9.12,96.46MB,34068.5,0.29,495.3MB / 742.8MB,213kB / 8.495MB
2026-03-31 02:22:29,550,9.11,96.46MB,34068.5,0.29,495.3MB / 742.8MB,213kB / 8.495MB
2026-03-31 02:22:41,550,9.11,96.71MB,34068.5,0.29,495.3MB / 742.8MB,213kB / 8.495MB
2026-03-31 02:22:53,550,9.11,96.72MB,34068.5,0.29,495.3MB / 742.8MB,213kB / 8.495MB
2026-03-31 02:23:04,550,9.10,96.46MB,34068.5,0.29,495.3MB / 742.8MB,213kB / 8.495MB
2026-03-31 02:23:16,550,9.10,96.72MB,34068.5,0.29,495.3MB / 742.8MB,213kB / 8.495MB
2026-03-31 02:23:28,551,9.10,96.46MB,34068.5,0.29,495.3MB / 742.8MB,213kB / 8.495MB
2026-03-31 02:23:39,551,9.10,96.46MB,34068.5,0.29,495.3MB / 742.9MB,213kB / 8.495MB
2026-03-31 02:23:51,551,9.09,96.71MB,34068.5,0.29,495.3MB / 742.9MB,213kB / 8.495MB
2026-03-31 02:24:03,551,9.09,96.46MB,34068.5,0.29,495.3MB / 742.9MB,213kB / 8.495MB
2026-03-31 02:24:15,551,9.09,96.46MB,34068.5,0.29,495.3MB / 742.9MB,213kB / 8.495MB
2026-03-31 02:24:27,552,9.08,96.46MB,34068.5,0.29,495.3MB / 742.9MB,213kB / 8.495MB
2026-03-31 02:24:38,552,9.08,96.46MB,34068.5,0.29,495.3MB / 742.9MB,213kB / 8.495MB
2026-03-31 02:24:50,552,9.08,96.46MB,34068.5,0.29,495.3MB / 742.9MB,213kB / 8.495MB
2026-03-31 02:25:02,552,9.08,96.46MB,34068.5,0.29,495.3MB / 742.9MB,213kB / 8.495MB
2026-03-31 02:25:14,552,9.07,96.46MB,34068.5,0.29,495.3MB / 742.9MB,213kB / 8.495MB
2026-03-31 02:25:25,553,9.07,96.46MB,34068.5,0.29,495.3MB / 742.9MB,213kB / 8.495MB
2026-03-31 02:25:37,553,9.07,96.46MB,34068.5,0.29,495.4MB / 742.9MB,213kB / 8.495MB
2026-03-31 02:25:49,553,9.06,96.46MB,34068.5,0.29,495.4MB / 742.9MB,213kB / 8.495MB
2026-03-31 02:26:00,553,9.06,96.46MB,34068.5,0.29,495.4MB / 742.9MB,213kB / 8.495MB
2026-03-31 02:26:12,553,9.06,96.46MB,34068.5,0.29,495.4MB / 742.9MB,213kB / 8.495MB
2026-03-31 02:26:24,553,9.06,96.72MB,34068.5,0.29,495.4MB / 742.9MB,213kB / 8.495MB
2026-03-31 02:26:36,554,9.05,96.46MB,34068.5,0.29,495.4MB / 742.9MB,213kB / 8.495MB
2026-03-31 02:26:48,554,9.05,96.46MB,34068.5,0.29,495.4MB / 742.9MB,213kB / 8.495MB
2026-03-31 02:26:59,554,9.05,96.46MB,34068.5,0.29,495.4MB / 742.9MB,213kB / 8.495MB
2026-03-31 02:27:11,554,9.04,96.46MB,34068.5,0.29,495.4MB / 742.9MB,213kB / 8.495MB
2026-03-31 02:27:23,554,9.04,96.46MB,34068.5,0.29,495.4MB / 742.9MB,213kB / 8.495MB
2026-03-31 02:27:35,555,9.04,96.46MB,34068.5,0.29,495.4MB / 742.9MB,213kB / 8.495MB
2026-03-31 02:27:46,555,9.04,96.46MB,34068.5,0.29,495.4MB / 742.9MB,213kB / 8.495MB
2026-03-31 02:27:58,555,9.03,96.71MB,34068.5,0.29,495.4MB / 742.9MB,213kB / 8.495MB
2026-03-31 02:28:10,555,9.03,96.72MB,34068.5,0.29,495.4MB / 742.9MB,213kB / 8.495MB
2026-03-31 02:28:21,555,9.03,96.46MB,34068.5,0.29,495.4MB / 742.9MB,213kB / 8.495MB
2026-03-31 02:28:33,556,9.03,96.46MB,34068.5,0.29,495.4MB / 743MB,213kB / 8.495MB
2026-03-31 02:28:45,556,9.02,96.46MB,34068.5,0.29,495.4MB / 743MB,213kB / 8.495MB
2026-03-31 02:28:57,556,9.02,96.72MB,34068.5,0.29,495.4MB / 743MB,213kB / 8.495MB
2026-03-31 02:29:08,556,9.02,96.46MB,34068.5,0.29,495.4MB / 743MB,213kB / 8.495MB
2026-03-31 02:29:20,556,9.01,96.46MB,34068.5,0.29,495.4MB / 743MB,213kB / 8.495MB
2026-03-31 02:29:32,557,9.01,96.46MB,34068.5,0.29,495.5MB / 743MB,213kB / 8.495MB
2026-03-31 02:29:44,557,9.01,96.46MB,34068.5,0.29,495.5MB / 743MB,213kB / 8.495MB
2026-03-31 02:29:55,557,9.01,96.46MB,34068.5,0.29,495.5MB / 743MB,213kB / 8.495MB
2026-03-31 02:30:07,557,9.00,96.46MB,34068.5,0.29,495.5MB / 743MB,213kB / 8.495MB
2026-03-31 02:30:19,557,9.00,96.46MB,34068.5,0.29,495.5MB / 743MB,213kB / 8.495MB
2026-03-31 02:30:31,558,9.00,96.46MB,34068.5,0.29,495.5MB / 743MB,213kB / 8.495MB
2026-03-31 02:30:42,558,8.99,96.46MB,34068.5,0.29,495.5MB / 743MB,213kB / 8.495MB
2026-03-31 02:30:54,558,8.99,96.46MB,34068.5,0.29,495.5MB / 743MB,213kB / 8.495MB
2026-03-31 02:31:06,558,8.99,96.71MB,34068.5,0.29,495.5MB / 743MB,213kB / 8.495MB
2026-03-31 02:31:18,558,8.99,96.46MB,34068.5,0.29,495.5MB / 743MB,213kB / 8.495MB
2026-03-31 02:31:29,559,8.98,96.46MB,34068.5,0.29,495.5MB / 743MB,213kB / 8.495MB
2026-03-31 02:31:41,559,8.98,96.46MB,34068.5,0.29,495.5MB / 743MB,213kB / 8.495MB
2026-03-31 02:31:53,559,8.98,96.46MB,34068.5,0.29,495.5MB / 743MB,213kB / 8.495MB
2026-03-31 02:32:05,559,8.98,96.46MB,34068.5,0.29,495.5MB / 743MB,213kB / 8.495MB
2026-03-31 02:32:16,559,8.97,96.46MB,34068.5,0.29,495.5MB / 743MB,213kB / 8.495MB
2026-03-31 02:32:28,560,8.97,96.46MB,34068.5,0.29,495.5MB / 743MB,213kB / 8.495MB
2026-03-31 02:32:40,560,8.97,96.46MB,34068.5,0.29,495.5MB / 743MB,213kB / 8.495MB
2026-03-31 02:32:52,560,8.96,96.46MB,34068.5,0.29,495.5MB / 743MB,213kB / 8.495MB
2026-03-31 02:33:03,560,8.96,96.46MB,34068.5,0.29,495.5MB / 743MB,213kB / 8.495MB
2026-03-31 02:33:15,560,8.96,96.72MB,34068.5,0.29,495.5MB / 743.1MB,213kB / 8.495MB
2026-03-31 02:33:27,561,8.96,96.71MB,34068.5,0.29,495.6MB / 743.1MB,213kB / 8.495MB
2026-03-31 02:33:39,561,8.95,96.72MB,34068.5,0.29,495.6MB / 743.1MB,213kB / 8.495MB
2026-03-31 02:33:50,561,8.95,96.46MB,34068.5,0.29,495.6MB / 743.1MB,213kB / 8.495MB
2026-03-31 02:34:02,561,8.95,96.46MB,34068.5,0.29,495.6MB / 743.1MB,213kB / 8.495MB
2026-03-31 02:34:14,561,8.94,96.46MB,34068.5,0.29,495.6MB / 743.1MB,213kB / 8.495MB
2026-03-31 02:34:26,562,8.94,96.46MB,34068.5,0.29,495.6MB / 743.1MB,213kB / 8.495MB
2026-03-31 02:34:37,562,8.94,96.46MB,34068.5,0.29,495.6MB / 743.1MB,213kB / 8.495MB
2026-03-31 02:34:49,562,8.94,96.71MB,34068.5,0.29,495.6MB / 743.1MB,213kB / 8.495MB
2026-03-31 02:35:01,562,8.93,96.72MB,34068.5,0.29,495.6MB / 743.1MB,213kB / 8.495MB
2026-03-31 02:35:12,562,8.93,96.46MB,34068.5,0.29,495.6MB / 743.1MB,213kB / 8.495MB
2026-03-31 02:35:24,562,8.93,96.46MB,34068.5,0.29,495.6MB / 743.1MB,213kB / 8.495MB
2026-03-31 02:35:36,563,8.93,96.46MB,34068.5,0.29,495.6MB / 743.1MB,213kB / 8.495MB
2026-03-31 02:35:48,563,8.92,96.46MB,34068.5,0.29,495.6MB / 743.1MB,213kB / 8.495MB
2026-03-31 02:35:59,563,8.92,96.71MB,34068.5,0.29,495.6MB / 743.1MB,213kB / 8.495MB
2026-03-31 02:36:11,563,8.92,96.46MB,34068.5,0.29,495.6MB / 743.1MB,213kB / 8.495MB
2026-03-31 02:36:23,563,8.91,96.46MB,34068.5,0.29,495.6MB / 743.1MB,213kB / 8.495MB
2026-03-31 02:36:34,564,8.91,96.72MB,34068.5,0.29,495.6MB / 743.1MB,213kB / 8.495MB
2026-03-31 02:36:46,564,8.91,96.72MB,34068.5,0.29,495.6MB / 743.1MB,213kB / 8.495MB
2026-03-31 02:36:58,564,8.91,96.46MB,34068.5,0.29,495.6MB / 743.1MB,213kB / 8.495MB
2026-03-31 02:37:10,564,8.90,96.72MB,34068.5,0.29,495.6MB / 743.1MB,213kB / 8.495MB
2026-03-31 02:37:21,564,8.90,96.46MB,34068.5,0.29,495.7MB / 743.1MB,213kB / 8.495MB
2026-03-31 02:37:33,565,8.90,96.46MB,34068.5,0.29,495.7MB / 743.1MB,213kB / 8.495MB
2026-03-31 02:37:45,565,8.90,96.46MB,34068.5,0.29,495.7MB / 743.1MB,213kB / 8.495MB
2026-03-31 02:37:57,565,8.89,96.72MB,34068.5,0.29,495.7MB / 743.2MB,213kB / 8.495MB
2026-03-31 02:38:08,565,8.89,96.46MB,34068.5,0.29,495.7MB / 743.2MB,213kB / 8.495MB
2026-03-31 02:38:20,565,8.89,96.71MB,34068.5,0.29,495.7MB / 743.2MB,213kB / 8.495MB
2026-03-31 02:38:32,566,8.89,96.46MB,34068.5,0.29,495.7MB / 743.2MB,213kB / 8.495MB
2026-03-31 02:38:44,566,8.88,96.72MB,34068.5,0.29,495.7MB / 743.2MB,213kB / 8.495MB
2026-03-31 02:38:55,566,8.88,96.46MB,34068.5,0.29,495.7MB / 743.2MB,213kB / 8.495MB
2026-03-31 02:39:07,566,8.88,96.46MB,34068.5,0.29,495.7MB / 743.2MB,213kB / 8.495MB
2026-03-31 02:39:19,566,8.87,96.46MB,34068.5,0.29,495.7MB / 743.2MB,213kB / 8.495MB
2026-03-31 02:39:31,567,8.87,96.46MB,34068.5,0.29,495.7MB / 743.2MB,213kB / 8.495MB
2026-03-31 02:39:42,567,8.87,96.71MB,34068.5,0.29,495.7MB / 743.2MB,213kB / 8.495MB
2026-03-31 02:39:54,567,8.87,96.46MB,34068.5,0.29,495.7MB / 743.2MB,213kB / 8.495MB
2026-03-31 02:40:06,567,8.86,96.46MB,34068.5,0.29,495.7MB / 743.2MB,213kB / 8.495MB
2026-03-31 02:40:18,567,8.86,96.46MB,34068.5,0.29,495.7MB / 743.2MB,213kB / 8.495MB
2026-03-31 02:40:29,568,8.86,96.46MB,34068.5,0.29,495.7MB / 743.2MB,213kB / 8.495MB
2026-03-31 02:40:41,568,8.86,96.46MB,34068.5,0.29,495.7MB / 743.2MB,213kB / 8.495MB
2026-03-31 02:40:53,568,8.85,96.46MB,34068.5,0.29,495.7MB / 743.2MB,213kB / 8.495MB
2026-03-31 02:41:05,568,8.85,96.71MB,34068.5,0.29,495.7MB / 743.2MB,213kB / 8.495MB
2026-03-31 02:41:16,568,8.85,96.46MB,34068.5,0.29,495.8MB / 743.2MB,213kB / 8.495MB
2026-03-31 02:41:28,569,8.84,96.46MB,34068.5,0.29,495.8MB / 743.2MB,213kB / 8.495MB
2026-03-31 02:41:40,569,8.84,96.46MB,34068.5,0.29,495.8MB / 743.2MB,213kB / 8.495MB
2026-03-31 02:41:51,569,8.84,96.46MB,34068.5,0.29,495.8MB / 743.2MB,213kB / 8.495MB
2026-03-31 02:42:03,569,8.84,96.46MB,34068.5,0.29,495.8MB / 743.2MB,213kB / 8.495MB
2026-03-31 02:42:15,569,8.83,96.46MB,34068.5,0.29,495.8MB / 743.2MB,213kB / 8.495MB
2026-03-31 02:42:27,570,8.83,96.46MB,34068.5,0.29,495.8MB / 743.2MB,213kB / 8.495MB
2026-03-31 02:42:38,570,8.83,96.46MB,34068.5,0.29,495.8MB / 743.3MB,213kB / 8.495MB
2026-03-31 02:42:50,570,8.83,96.46MB,34068.5,0.29,495.8MB / 743.3MB,213kB / 8.495MB
2026-03-31 02:43:02,570,8.82,96.46MB,34068.5,0.29,495.8MB / 743.3MB,213kB / 8.495MB
2026-03-31 02:43:14,570,8.82,96.72MB,34068.5,0.29,495.8MB / 743.3MB,213kB / 8.495MB
2026-03-31 02:43:25,571,8.82,96.46MB,34068.5,0.29,495.8MB / 743.3MB,213kB / 8.495MB
2026-03-31 02:43:37,571,8.82,96.46MB,34068.5,0.29,495.8MB / 743.3MB,213kB / 8.495MB
2026-03-31 02:43:49,571,8.81,96.46MB,34068.5,0.29,495.8MB / 743.3MB,213kB / 8.495MB
2026-03-31 02:44:01,571,8.81,96.46MB,34068.5,0.29,495.8MB / 743.3MB,213kB / 8.495MB
2026-03-31 02:44:13,571,8.81,96.46MB,34068.5,0.29,495.8MB / 743.3MB,213kB / 8.495MB
2026-03-31 02:44:24,571,8.81,96.46MB,34068.5,0.29,495.8MB / 743.3MB,213kB / 8.495MB
2026-03-31 02:44:36,572,8.80,96.72MB,34068.5,0.29,495.8MB / 743.3MB,213kB / 8.495MB
2026-03-31 02:44:48,572,8.80,96.46MB,34068.5,0.29,495.8MB / 743.3MB,213kB / 8.495MB
2026-03-31 02:44:59,572,8.80,96.72MB,34068.5,0.29,495.8MB / 743.3MB,213kB / 8.495MB
2026-03-31 02:45:11,572,8.79,96.46MB,34068.5,0.29,495.9MB / 743.3MB,213kB / 8.495MB
2026-03-31 02:45:23,572,8.79,96.46MB,34068.5,0.29,495.9MB / 743.3MB,213kB / 8.495MB
2026-03-31 02:45:35,573,8.79,96.71MB,34068.5,0.29,495.9MB / 743.3MB,213kB / 8.495MB
2026-03-31 02:45:47,573,8.79,96.46MB,34068.5,0.29,495.9MB / 743.3MB,213kB / 8.495MB
2026-03-31 02:45:58,573,8.78,96.46MB,34068.5,0.29,495.9MB / 743.3MB,213kB / 8.495MB
2026-03-31 02:46:10,573,8.78,96.46MB,34068.5,0.29,495.9MB / 743.3MB,213kB / 8.495MB
2026-03-31 02:46:22,573,8.78,96.46MB,34068.5,0.29,495.9MB / 743.3MB,213kB / 8.495MB
2026-03-31 02:46:34,574,8.78,96.46MB,34068.5,0.29,495.9MB / 743.3MB,213kB / 8.495MB
2026-03-31 02:46:45,574,8.77,96.46MB,34068.5,0.29,495.9MB / 743.3MB,213kB / 8.495MB
2026-03-31 02:46:57,574,8.77,96.46MB,34068.5,0.29,495.9MB / 743.3MB,213kB / 8.495MB
2026-03-31 02:47:09,574,8.77,96.46MB,34068.5,0.29,495.9MB / 743.3MB,213kB / 8.495MB
2026-03-31 02:47:20,574,8.77,96.46MB,34068.5,0.29,495.9MB / 743.4MB,213kB / 8.495MB
2026-03-31 02:47:32,575,8.76,96.72MB,34068.5,0.29,495.9MB / 743.4MB,213kB / 8.495MB
2026-03-31 02:47:44,575,8.76,96.46MB,34068.5,0.29,495.9MB / 743.4MB,213kB / 8.495MB
2026-03-31 02:47:56,575,8.76,96.46MB,34068.5,0.29,495.9MB / 743.4MB,213kB / 8.495MB
2026-03-31 02:48:08,575,8.76,96.46MB,34068.5,0.29,495.9MB / 743.4MB,213kB / 8.495MB
2026-03-31 02:48:19,575,8.75,96.46MB,34068.5,0.29,495.9MB / 743.4MB,213kB / 8.495MB
2026-03-31 02:48:31,576,8.75,96.46MB,34068.5,0.29,495.9MB / 743.4MB,213kB / 8.495MB
2026-03-31 02:48:43,576,8.75,96.72MB,34068.5,0.29,495.9MB / 743.4MB,213kB / 8.495MB
2026-03-31 02:48:55,576,8.75,96.46MB,34068.5,0.29,495.9MB / 743.4MB,213kB / 8.495MB
2026-03-31 02:49:06,576,8.74,96.46MB,34068.5,0.29,496MB / 743.4MB,213kB / 8.495MB
2026-03-31 02:49:18,576,8.74,96.71MB,34068.5,0.29,496MB / 743.4MB,213kB / 8.495MB
2026-03-31 02:49:30,577,8.74,95.6MB,34068.5,0.29,496MB / 743.4MB,213kB / 8.52MB
2026-03-31 02:49:42,577,8.73,95.61MB,34068.5,0.29,496MB / 743.4MB,213kB / 8.52MB
2026-03-31 02:49:53,577,8.73,95.6MB,34068.5,0.29,496MB / 743.4MB,213kB / 8.52MB
2026-03-31 02:50:05,577,8.73,95.04MB,34068.5,0.29,496MB / 743.4MB,213kB / 8.52MB
2026-03-31 02:50:17,577,8.73,95.11MB,34068.5,0.29,496MB / 743.4MB,213kB / 8.52MB
2026-03-31 02:50:29,578,8.72,94.85MB,34068.5,0.29,496MB / 743.4MB,213kB / 8.52MB
2026-03-31 02:50:40,578,8.72,94.92MB,34068.5,0.29,496MB / 743.4MB,213kB / 8.52MB
2026-03-31 02:50:52,578,8.72,95.19MB,34068.5,0.29,496MB / 743.4MB,213kB / 8.52MB
2026-03-31 02:51:04,578,8.72,95.19MB,34068.5,0.29,496MB / 743.4MB,213kB / 8.52MB
2026-03-31 02:51:15,578,8.71,95.45MB,34068.5,0.29,496MB / 743.4MB,213kB / 8.52MB
2026-03-31 02:51:27,579,8.71,95MB,34068.5,0.29,496MB / 743.4MB,213kB / 8.52MB
2026-03-31 02:51:39,579,8.71,94.9MB,34068.5,0.29,496MB / 743.4MB,213kB / 8.52MB
2026-03-31 02:51:51,579,8.71,94.74MB,34068.5,0.28,496MB / 743.4MB,213kB / 8.52MB
2026-03-31 02:52:02,579,8.70,94.74MB,34068.5,0.28,496MB / 743.5MB,213kB / 8.52MB
2026-03-31 02:52:14,579,8.70,94.74MB,34068.5,0.28,496MB / 743.5MB,213kB / 8.52MB
2026-03-31 02:52:26,580,8.70,95.08MB,34068.5,0.29,496MB / 743.5MB,213kB / 8.52MB
2026-03-31 02:52:37,580,8.70,94.82MB,34068.5,0.28,496MB / 743.5MB,213kB / 8.52MB
2026-03-31 02:52:49,580,8.69,95.08MB,34068.5,0.29,496MB / 743.5MB,213kB / 8.52MB
2026-03-31 02:53:01,580,8.69,90.59MB,34068.5,0.27,496.1MB / 743.5MB,213kB / 8.52MB
2026-03-31 02:53:13,580,8.69,90.63MB,34068.5,0.27,496.1MB / 743.5MB,213kB / 8.52MB
2026-03-31 02:53:24,580,8.69,90.63MB,34068.5,0.27,496.1MB / 743.5MB,213kB / 8.52MB
2026-03-31 02:53:36,581,8.68,90.89MB,34068.5,0.27,496.1MB / 743.5MB,213kB / 8.52MB
2026-03-31 02:53:48,581,8.68,90.63MB,34068.5,0.27,496.1MB / 743.5MB,213kB / 8.52MB
2026-03-31 02:54:00,581,8.68,90.63MB,34068.5,0.27,496.1MB / 743.5MB,213kB / 8.52MB
2026-03-31 02:54:11,581,8.68,90.63MB,34068.5,0.27,496.1MB / 743.5MB,213kB / 8.52MB
2026-03-31 02:54:23,581,8.67,90.63MB,34068.5,0.27,496.1MB / 743.5MB,213kB / 8.52MB
2026-03-31 02:54:35,582,8.67,90.89MB,34068.5,0.27,496.1MB / 743.5MB,213kB / 8.52MB
2026-03-31 02:54:46,582,8.67,90.64MB,34068.5,0.27,496.1MB / 743.5MB,213kB / 8.52MB
2026-03-31 02:54:58,582,8.67,90.64MB,34068.5,0.27,496.1MB / 743.5MB,213kB / 8.52MB
2026-03-31 02:55:10,582,8.66,90.63MB,34068.5,0.27,496.1MB / 743.5MB,213kB / 8.52MB
2026-03-31 02:55:22,582,8.66,90.89MB,34068.5,0.27,496.1MB / 743.5MB,213kB / 8.52MB
2026-03-31 02:55:34,583,8.66,90.63MB,34068.5,0.27,496.1MB / 743.5MB,213kB / 8.52MB
2026-03-31 02:55:45,583,8.66,90.89MB,34068.5,0.27,496.1MB / 743.5MB,213kB / 8.52MB
2026-03-31 02:55:57,583,8.65,90.63MB,34068.5,0.27,496.1MB / 743.5MB,213kB / 8.52MB
2026-03-31 02:56:09,583,8.65,90.89MB,34068.5,0.27,496.1MB / 743.5MB,213kB / 8.52MB
2026-03-31 02:56:20,583,8.65,90.89MB,34068.5,0.27,496.1MB / 743.5MB,213kB / 8.52MB
2026-03-31 02:56:32,584,8.65,90.63MB,34068.5,0.27,496.1MB / 743.5MB,213kB / 8.52MB
2026-03-31 02:56:44,584,8.64,90.83MB,34068.5,0.27,496.1MB / 743.5MB,213kB / 8.52MB
2026-03-31 02:56:56,584,8.64,90.64MB,34068.5,0.27,496.2MB / 743.6MB,213kB / 8.52MB
2026-03-31 02:57:07,584,8.64,90.63MB,34068.5,0.27,496.2MB / 743.6MB,213kB / 8.52MB
2026-03-31 02:57:19,584,8.64,90.63MB,34068.5,0.27,496.2MB / 743.6MB,213kB / 8.52MB
2026-03-31 02:57:31,585,8.63,90.64MB,34068.5,0.27,496.2MB / 743.6MB,213kB / 8.52MB
2026-03-31 02:57:43,585,8.63,90.77MB,34068.5,0.27,496.2MB / 743.6MB,213kB / 8.52MB
2026-03-31 02:57:55,585,8.63,90.89MB,34068.5,0.27,496.2MB / 743.6MB,213kB / 8.52MB
2026-03-31 02:58:06,585,8.63,90.63MB,34068.5,0.27,496.2MB / 743.6MB,213kB / 8.52MB
2026-03-31 02:58:18,585,8.62,90.89MB,34068.5,0.27,496.2MB / 743.6MB,213kB / 8.52MB
2026-03-31 02:58:30,586,8.62,90.64MB,34068.5,0.27,496.2MB / 743.6MB,213kB / 8.52MB
2026-03-31 02:58:42,586,8.62,90.63MB,34068.5,0.27,496.2MB / 743.6MB,213kB / 8.52MB
2026-03-31 02:58:54,586,8.62,90.64MB,34068.5,0.27,496.2MB / 743.6MB,213kB / 8.52MB
2026-03-31 02:59:05,586,8.61,90.63MB,34068.5,0.27,496.2MB / 743.6MB,213kB / 8.52MB
2026-03-31 02:59:17,586,8.61,90.63MB,34068.5,0.27,496.2MB / 743.6MB,213kB / 8.52MB
2026-03-31 02:59:29,587,8.61,90.89MB,34068.5,0.27,496.2MB / 743.6MB,213kB / 8.52MB
2026-03-31 02:59:41,587,8.61,90.64MB,34068.5,0.27,496.2MB / 743.6MB,213kB / 8.52MB
2026-03-31 02:59:52,587,8.60,90.63MB,34068.5,0.27,496.2MB / 743.6MB,213kB / 8.52MB
2026-03-31 03:00:04,587,8.60,90.63MB,34068.5,0.27,496.2MB / 743.6MB,213kB / 8.52MB
2026-03-31 03:00:16,587,8.60,90.64MB,34068.5,0.27,496.2MB / 743.6MB,213kB / 8.52MB
2026-03-31 03:00:27,588,8.60,90.89MB,34068.5,0.27,496.2MB / 743.6MB,213kB / 8.52MB
2026-03-31 03:00:39,588,8.59,90.64MB,34068.5,0.27,496.2MB / 743.6MB,213kB / 8.52MB
2026-03-31 03:00:51,588,8.59,90.89MB,34068.5,0.27,496.3MB / 743.6MB,213kB / 8.52MB
2026-03-31 03:01:03,588,8.59,90.64MB,34068.5,0.27,496.3MB / 743.6MB,213kB / 8.52MB
2026-03-31 03:01:14,588,8.59,90.89MB,34068.5,0.27,496.3MB / 743.6MB,213kB / 8.52MB
2026-03-31 03:01:26,589,8.58,90.63MB,34068.5,0.27,496.3MB / 743.6MB,213kB / 8.52MB
2026-03-31 03:01:38,589,8.58,90.63MB,34068.5,0.27,496.3MB / 743.7MB,213kB / 8.52MB
2026-03-31 03:01:50,589,8.58,90.89MB,34068.5,0.27,496.3MB / 743.7MB,213kB / 8.52MB
2026-03-31 03:02:01,589,8.58,90.63MB,34068.5,0.27,496.3MB / 743.7MB,213kB / 8.52MB
2026-03-31 03:02:13,589,8.57,90.63MB,34068.5,0.27,496.3MB / 743.7MB,213kB / 8.52MB
2026-03-31 03:02:25,590,8.57,90.63MB,34068.5,0.27,496.3MB / 743.7MB,213kB / 8.52MB
2026-03-31 03:02:37,590,8.57,90.63MB,34068.5,0.27,496.3MB / 743.7MB,213kB / 8.52MB
2026-03-31 03:02:48,590,8.57,90.63MB,34068.5,0.27,496.3MB / 743.7MB,213kB / 8.52MB
2026-03-31 03:03:00,590,8.56,90.64MB,34068.5,0.27,496.3MB / 743.7MB,213kB / 8.52MB
2026-03-31 03:03:12,590,8.56,90.63MB,34068.5,0.27,496.3MB / 743.7MB,213kB / 8.52MB
2026-03-31 03:03:24,590,8.56,90.64MB,34068.5,0.27,496.3MB / 743.7MB,213kB / 8.52MB
2026-03-31 03:03:35,591,8.56,90.64MB,34068.5,0.27,496.3MB / 743.7MB,213kB / 8.52MB
2026-03-31 03:03:47,591,8.55,90.63MB,34068.5,0.27,496.3MB / 743.7MB,213kB / 8.52MB
2026-03-31 03:03:59,591,8.55,90.89MB,34068.5,0.27,496.3MB / 743.7MB,213kB / 8.52MB
2026-03-31 03:04:11,591,8.55,90.63MB,34068.5,0.27,496.3MB / 743.7MB,213kB / 8.52MB
2026-03-31 03:04:22,591,8.55,90.63MB,34068.5,0.27,496.3MB / 743.7MB,213kB / 8.52MB
2026-03-31 03:04:34,592,8.54,90.63MB,34068.5,0.27,496.3MB / 743.7MB,213kB / 8.52MB
2026-03-31 03:04:46,592,8.54,91.1MB,34068.5,0.27,496.4MB / 743.7MB,213kB / 8.52MB
2026-03-31 03:04:58,592,8.54,90.63MB,34068.5,0.27,496.4MB / 743.7MB,213kB / 8.52MB
2026-03-31 03:05:10,592,8.54,90.63MB,34068.5,0.27,496.4MB / 743.7MB,213kB / 8.52MB
2026-03-31 03:05:21,592,8.53,90.63MB,34068.5,0.27,496.4MB / 743.7MB,213kB / 8.52MB
2026-03-31 03:05:33,593,8.53,90.64MB,34068.5,0.27,496.4MB / 743.7MB,213kB / 8.52MB
2026-03-31 03:05:45,593,8.53,90.63MB,34068.5,0.27,496.4MB / 743.7MB,213kB / 8.52MB
2026-03-31 03:05:56,593,8.53,90.63MB,34068.5,0.27,496.4MB / 743.7MB,213kB / 8.52MB
2026-03-31 03:06:08,593,8.52,90.64MB,34068.5,0.27,496.4MB / 743.7MB,213kB / 8.52MB
2026-03-31 03:06:20,593,8.52,90.63MB,34068.5,0.27,496.4MB / 743.8MB,213kB / 8.52MB
2026-03-31 03:06:32,594,8.52,90.63MB,34068.5,0.27,496.4MB / 743.8MB,213kB / 8.52MB
2026-03-31 03:06:43,594,8.52,90.63MB,34068.5,0.27,496.4MB / 743.8MB,213kB / 8.52MB
2026-03-31 03:06:55,594,8.51,90.63MB,34068.5,0.27,496.4MB / 743.8MB,213kB / 8.52MB
2026-03-31 03:07:07,594,8.51,90.63MB,34068.5,0.27,496.4MB / 743.8MB,213kB / 8.52MB
2026-03-31 03:07:19,594,8.51,90.66MB,34068.5,0.27,496.4MB / 743.8MB,213kB / 8.52MB
2026-03-31 03:07:30,595,8.51,90.63MB,34068.5,0.27,496.4MB / 743.8MB,213kB / 8.52MB
2026-03-31 03:07:42,595,8.50,90.63MB,34068.5,0.27,496.4MB / 743.8MB,213kB / 8.52MB
2026-03-31 03:07:54,595,8.50,90.89MB,34068.5,0.27,496.4MB / 743.8MB,213kB / 8.52MB
2026-03-31 03:08:06,595,8.50,90.63MB,34068.5,0.27,496.4MB / 743.8MB,213kB / 8.52MB
2026-03-31 03:08:17,595,8.50,90.63MB,34068.5,0.27,496.4MB / 743.8MB,213kB / 8.52MB
2026-03-31 03:08:29,596,8.49,90.63MB,34068.5,0.27,496.4MB / 743.8MB,213kB / 8.52MB
2026-03-31 03:08:41,596,8.49,90.64MB,34068.5,0.27,496.5MB / 743.8MB,213kB / 8.52MB
2026-03-31 03:08:52,596,8.49,90.89MB,34068.5,0.27,496.5MB / 743.8MB,213kB / 8.52MB
2026-03-31 03:09:04,596,8.49,90.64MB,34068.5,0.27,496.5MB / 743.8MB,213kB / 8.52MB
2026-03-31 03:09:16,596,8.49,90.64MB,34068.5,0.27,496.5MB / 743.8MB,213kB / 8.52MB
2026-03-31 03:09:28,597,8.48,90.63MB,34068.5,0.27,496.5MB / 743.8MB,213kB / 8.52MB
2026-03-31 03:09:39,597,8.48,90.89MB,34068.5,0.27,496.5MB / 743.8MB,213kB / 8.52MB
2026-03-31 03:09:51,597,8.48,90.63MB,34068.5,0.27,496.5MB / 743.8MB,213kB / 8.52MB
2026-03-31 03:10:03,597,8.48,90.89MB,34068.5,0.27,496.5MB / 743.8MB,213kB / 8.52MB
2026-03-31 03:10:15,597,8.47,90.63MB,34068.5,0.27,496.5MB / 743.8MB,213kB / 8.52MB
2026-03-31 03:10:26,598,8.47,90.89MB,34068.5,0.27,496.5MB / 743.8MB,213kB / 8.52MB
2026-03-31 03:10:38,598,8.47,90.63MB,34068.5,0.27,496.5MB / 743.8MB,213kB / 8.52MB
2026-03-31 03:10:50,598,8.47,90.85MB,34068.5,0.27,496.5MB / 743.8MB,213kB / 8.52MB
2026-03-31 03:11:02,598,8.46,90.64MB,34068.5,0.27,496.5MB / 743.9MB,213kB / 8.52MB
2026-03-31 03:11:13,598,8.46,90.64MB,34068.5,0.27,496.5MB / 743.9MB,217.1kB / 8.52MB
2026-03-31 03:11:25,599,8.46,90.64MB,34068.5,0.27,496.5MB / 743.9MB,217.1kB / 8.52MB
2026-03-31 03:11:37,599,8.46,90.64MB,34068.5,0.27,496.5MB / 743.9MB,217.1kB / 8.52MB
2026-03-31 03:11:48,599,8.45,90.64MB,34068.5,0.27,496.5MB / 743.9MB,217.1kB / 8.52MB
2026-03-31 03:12:00,599,8.45,90.65MB,34068.5,0.27,496.5MB / 743.9MB,217.1kB / 8.52MB
2026-03-31 03:12:12,599,8.45,90.91MB,34068.5,0.27,496.5MB / 743.9MB,217.1kB / 8.52MB
2026-03-31 03:12:24,599,8.45,90.64MB,34068.5,0.27,496.5MB / 743.9MB,217.1kB / 8.52MB
2026-03-31 03:12:36,600,8.44,90.65MB,34068.5,0.27,496.6MB / 743.9MB,217.1kB / 8.52MB
2026-03-31 03:12:47,600,8.44,90.65MB,34068.5,0.27,496.6MB / 743.9MB,217.1kB / 8.52MB
2026-03-31 03:12:59,600,8.44,90.65MB,34068.5,0.27,496.6MB / 743.9MB,217.1kB / 8.52MB
2026-03-31 03:13:11,600,8.44,90.64MB,34068.5,0.27,496.6MB / 743.9MB,217.1kB / 8.52MB
2026-03-31 03:13:23,600,8.43,90.64MB,34068.5,0.27,496.6MB / 743.9MB,217.1kB / 8.52MB
2026-03-31 03:13:34,601,8.43,90.91MB,34068.5,0.27,496.6MB / 743.9MB,217.1kB / 8.52MB
2026-03-31 03:13:46,601,8.43,90.64MB,34068.5,0.27,496.6MB / 743.9MB,217.1kB / 8.52MB
2026-03-31 03:13:58,601,8.43,90.91MB,34068.5,0.27,496.6MB / 743.9MB,217.1kB / 8.52MB
2026-03-31 03:14:10,601,8.42,90.64MB,34068.5,0.27,496.6MB / 743.9MB,217.1kB / 8.52MB
2026-03-31 03:14:21,601,8.42,90.64MB,34068.5,0.27,496.6MB / 743.9MB,217.1kB / 8.52MB
2026-03-31 03:14:33,602,8.42,90.64MB,34068.5,0.27,496.6MB / 743.9MB,217.1kB / 8.52MB
2026-03-31 03:14:45,602,8.42,90.64MB,34068.5,0.27,496.6MB / 743.9MB,217.1kB / 8.52MB
2026-03-31 03:14:57,602,8.42,90.64MB,34068.5,0.27,496.6MB / 743.9MB,217.1kB / 8.52MB
2026-03-31 03:15:08,602,8.41,90.64MB,34068.5,0.27,496.6MB / 743.9MB,217.1kB / 8.52MB
2026-03-31 03:15:20,602,8.41,90.65MB,34068.5,0.27,496.6MB / 743.9MB,217.1kB / 8.52MB
2026-03-31 03:15:32,603,8.41,90.64MB,34068.5,0.27,496.6MB / 743.9MB,217.1kB / 8.52MB
2026-03-31 03:15:44,603,8.41,90.64MB,34068.5,0.27,496.6MB / 743.9MB,217.1kB / 8.52MB
2026-03-31 03:15:55,603,8.40,90.78MB,34068.5,0.27,496.6MB / 744MB,217.1kB / 8.52MB
2026-03-31 03:16:07,603,8.40,90.64MB,34068.5,0.27,496.6MB / 744MB,217.1kB / 8.52MB
2026-03-31 03:16:19,603,8.40,90.91MB,34068.5,0.27,496.6MB / 744MB,217.1kB / 8.52MB
2026-03-31 03:16:30,604,8.40,90.65MB,34068.5,0.27,496.7MB / 744MB,217.1kB / 8.52MB
2026-03-31 03:16:42,604,8.39,90.64MB,34068.5,0.27,496.7MB / 744MB,217.1kB / 8.52MB
2026-03-31 03:16:54,604,8.39,91.04MB,34068.5,0.27,496.7MB / 744MB,217.1kB / 8.52MB
2026-03-31 03:17:06,604,8.39,90.91MB,34068.5,0.27,496.7MB / 744MB,217.1kB / 8.52MB
2026-03-31 03:17:17,604,8.39,90.91MB,34068.5,0.27,496.7MB / 744MB,217.1kB / 8.52MB
2026-03-31 03:17:29,605,8.38,90.64MB,34068.5,0.27,496.7MB / 744MB,217.1kB / 8.52MB
2026-03-31 03:17:41,605,8.38,90.65MB,34068.5,0.27,496.7MB / 744MB,217.1kB / 8.52MB
2026-03-31 03:17:53,605,8.38,90.64MB,34068.5,0.27,496.7MB / 744MB,217.1kB / 8.52MB
2026-03-31 03:18:04,605,8.38,90.91MB,34068.5,0.27,496.7MB / 744MB,217.1kB / 8.52MB
2026-03-31 03:18:16,605,8.38,90.91MB,34068.5,0.27,496.7MB / 744MB,217.1kB / 8.52MB
2026-03-31 03:18:28,606,8.37,90.65MB,34068.5,0.27,496.7MB / 744MB,217.1kB / 8.52MB
2026-03-31 03:18:40,606,8.37,90.91MB,34068.5,0.27,496.7MB / 744MB,217.1kB / 8.52MB
2026-03-31 03:18:52,606,8.37,90.64MB,34068.5,0.27,496.7MB / 744MB,217.1kB / 8.52MB
2026-03-31 03:19:03,606,8.37,90.9MB,34068.5,0.27,496.7MB / 744MB,217.1kB / 8.52MB
2026-03-31 03:19:15,606,8.36,91.17MB,34068.5,0.27,496.7MB / 744MB,217.1kB / 8.52MB
2026-03-31 03:19:27,607,8.36,90.64MB,34068.5,0.27,496.7MB / 744MB,217.1kB / 8.52MB
2026-03-31 03:19:39,607,8.36,91.16MB,34068.5,0.27,496.7MB / 744MB,217.1kB / 8.52MB
2026-03-31 03:19:51,607,8.36,90.64MB,34068.5,0.27,496.7MB / 744MB,217.1kB / 8.52MB
2026-03-31 03:20:02,607,8.35,90.64MB,34068.5,0.27,496.7MB / 744MB,217.1kB / 8.52MB
2026-03-31 03:20:14,607,8.35,90.65MB,34068.5,0.27,496.7MB / 744MB,217.1kB / 8.52MB
2026-03-31 03:20:26,608,8.35,91.16MB,34068.5,0.27,496.8MB / 744MB,217.1kB / 8.52MB
2026-03-31 03:20:38,608,8.35,90.9MB,34068.5,0.27,496.8MB / 744.1MB,217.1kB / 8.52MB
2026-03-31 03:20:49,608,8.34,90.65MB,34068.5,0.27,496.8MB / 744.1MB,217.1kB / 8.52MB
2026-03-31 03:21:01,608,8.34,90.65MB,34068.5,0.27,496.8MB / 744.1MB,217.1kB / 8.52MB
2026-03-31 03:21:13,608,8.34,90.91MB,34068.5,0.27,496.8MB / 744.1MB,217.1kB / 8.52MB
2026-03-31 03:21:24,608,8.34,90.65MB,34068.5,0.27,496.8MB / 744.1MB,217.1kB / 8.52MB
2026-03-31 03:21:36,609,8.34,90.64MB,34068.5,0.27,496.8MB / 744.1MB,217.1kB / 8.52MB
2026-03-31 03:21:48,609,8.33,90.66MB,34068.5,0.27,496.8MB / 744.1MB,217.1kB / 8.52MB
2026-03-31 03:22:00,609,8.33,90.68MB,34068.5,0.27,496.8MB / 744.1MB,217.1kB / 8.52MB
2026-03-31 03:22:11,609,8.33,90.9MB,34068.5,0.27,496.8MB / 744.1MB,217.1kB / 8.52MB
2026-03-31 03:22:23,609,8.33,90.64MB,34068.5,0.27,496.8MB / 744.1MB,217.1kB / 8.52MB
2026-03-31 03:22:35,610,8.32,90.64MB,34068.5,0.27,496.8MB / 744.1MB,217.1kB / 8.52MB
2026-03-31 03:22:47,610,8.32,90.64MB,34068.5,0.27,496.8MB / 744.1MB,217.1kB / 8.52MB
2026-03-31 03:22:58,610,8.32,90.8MB,34068.5,0.27,496.8MB / 744.1MB,217.1kB / 8.52MB
2026-03-31 03:23:10,610,8.32,90.91MB,34068.5,0.27,496.8MB / 744.1MB,217.1kB / 8.52MB
2026-03-31 03:23:22,610,8.31,91.15MB,34068.5,0.27,496.8MB / 744.1MB,217.1kB / 8.52MB
2026-03-31 03:23:34,611,8.31,90.64MB,34068.5,0.27,496.8MB / 744.1MB,217.1kB / 8.52MB
2026-03-31 03:23:45,611,8.31,90.65MB,34068.5,0.27,496.8MB / 744.1MB,217.1kB / 8.52MB
2026-03-31 03:23:57,611,8.31,91.3MB,34068.5,0.27,496.8MB / 744.1MB,217.1kB / 8.52MB
2026-03-31 03:24:09,611,8.31,90.66MB,34068.5,0.27,496.8MB / 744.1MB,217.1kB / 8.52MB
2026-03-31 03:24:21,611,8.30,90.91MB,34068.5,0.27,496.9MB / 744.1MB,217.1kB / 8.52MB
2026-03-31 03:24:32,612,8.30,91.16MB,34068.5,0.27,496.9MB / 744.1MB,217.1kB / 8.52MB
2026-03-31 03:24:44,612,8.30,90.64MB,34068.5,0.27,496.9MB / 744.1MB,217.1kB / 8.52MB
2026-03-31 03:24:56,612,8.30,90.64MB,34068.5,0.27,496.9MB / 744.1MB,217.1kB / 8.52MB
2026-03-31 03:25:08,612,8.29,90.64MB,34068.5,0.27,496.9MB / 744.1MB,217.1kB / 8.52MB
2026-03-31 03:25:19,612,8.29,91.16MB,34068.5,0.27,496.9MB / 744.2MB,217.1kB / 8.52MB
2026-03-31 03:25:31,613,8.29,90.65MB,34068.5,0.27,496.9MB / 744.2MB,217.1kB / 8.52MB
2026-03-31 03:25:43,613,8.29,90.9MB,34068.5,0.27,496.9MB / 744.2MB,217.1kB / 8.52MB
2026-03-31 03:25:55,613,8.28,90.65MB,34068.5,0.27,496.9MB / 744.2MB,217.1kB / 8.52MB
2026-03-31 03:26:06,613,8.28,91.16MB,34068.5,0.27,496.9MB / 744.2MB,217.1kB / 8.52MB
2026-03-31 03:26:18,613,8.28,90.64MB,34068.5,0.27,496.9MB / 744.2MB,217.1kB / 8.52MB
2026-03-31 03:26:30,614,8.28,90.64MB,34068.5,0.27,496.9MB / 744.2MB,217.1kB / 8.52MB
2026-03-31 03:26:41,614,8.28,90.9MB,34068.5,0.27,496.9MB / 744.2MB,217.1kB / 8.52MB
2026-03-31 03:26:53,614,8.27,90.65MB,34068.5,0.27,496.9MB / 744.2MB,217.1kB / 8.52MB
2026-03-31 03:27:05,614,8.27,90.91MB,34068.5,0.27,496.9MB / 744.2MB,217.1kB / 8.52MB
2026-03-31 03:27:17,614,8.27,90.65MB,34068.5,0.27,496.9MB / 744.2MB,217.1kB / 8.52MB
2026-03-31 03:27:28,615,8.27,90.9MB,34068.5,0.27,496.9MB / 744.2MB,217.1kB / 8.52MB
2026-03-31 03:27:40,615,8.26,90.65MB,34068.5,0.27,496.9MB / 744.2MB,217.1kB / 8.52MB
2026-03-31 03:27:52,615,8.26,90.65MB,34068.5,0.27,496.9MB / 744.2MB,217.1kB / 8.52MB
2026-03-31 03:28:04,615,8.26,90.9MB,34068.5,0.27,496.9MB / 744.2MB,217.1kB / 8.52MB
2026-03-31 03:28:16,615,8.26,90.64MB,34068.5,0.27,497MB / 744.2MB,217.1kB / 8.52MB
2026-03-31 03:28:27,616,8.25,91.16MB,34068.5,0.27,497MB / 744.2MB,217.1kB / 8.52MB
2026-03-31 03:28:39,616,8.25,90.64MB,34068.5,0.27,497MB / 744.2MB,217.1kB / 8.52MB
2026-03-31 03:28:51,616,8.25,90.65MB,34068.5,0.27,497MB / 744.2MB,217.1kB / 8.52MB
2026-03-31 03:29:03,616,8.25,90.91MB,34068.5,0.27,497MB / 744.2MB,217.1kB / 8.52MB
2026-03-31 03:29:14,616,8.25,90.64MB,34068.5,0.27,497MB / 744.2MB,217.1kB / 8.52MB
2026-03-31 03:29:26,617,8.24,91.16MB,34068.5,0.27,497MB / 744.2MB,217.1kB / 8.52MB
2026-03-31 03:29:38,617,8.24,90.91MB,34068.5,0.27,497MB / 744.2MB,217.1kB / 8.52MB
2026-03-31 03:29:49,617,8.24,90.65MB,34068.5,0.27,497MB / 744.2MB,217.1kB / 8.52MB
2026-03-31 03:30:01,617,8.24,90.91MB,34068.5,0.27,497MB / 744.3MB,217.1kB / 8.52MB
2026-03-31 03:30:13,617,8.23,90.64MB,34068.5,0.27,497MB / 744.3MB,217.1kB / 8.52MB
2026-03-31 03:30:25,618,8.23,90.65MB,34068.5,0.27,497MB / 744.3MB,217.1kB / 8.52MB
2026-03-31 03:30:36,618,8.23,90.91MB,34068.5,0.27,497MB / 744.3MB,217.1kB / 8.52MB
2026-03-31 03:30:48,618,8.23,90.65MB,34068.5,0.27,497MB / 744.3MB,217.1kB / 8.52MB
2026-03-31 03:31:00,618,8.23,90.65MB,34068.5,0.27,497MB / 744.3MB,217.1kB / 8.52MB
2026-03-31 03:31:12,618,8.22,90.64MB,34068.5,0.27,497MB / 744.3MB,217.1kB / 8.52MB
2026-03-31 03:31:23,618,8.22,90.64MB,34068.5,0.27,497MB / 744.3MB,217.1kB / 8.52MB
2026-03-31 03:31:35,619,8.22,90.65MB,34068.5,0.27,497MB / 744.3MB,217.1kB / 8.52MB
2026-03-31 03:31:47,619,8.22,90.66MB,34068.5,0.27,497MB / 744.3MB,217.1kB / 8.52MB
2026-03-31 03:31:58,619,8.21,90.65MB,34068.5,0.27,497MB / 744.3MB,217.1kB / 8.52MB
2026-03-31 03:32:10,619,8.21,90.65MB,34068.5,0.27,497.1MB / 744.3MB,217.1kB / 8.52MB
2026-03-31 03:32:22,619,8.21,90.65MB,34068.5,0.27,497.1MB / 744.3MB,217.1kB / 8.52MB
2026-03-31 03:32:34,620,8.21,90.91MB,34068.5,0.27,497.1MB / 744.3MB,217.1kB / 8.52MB
2026-03-31 03:32:45,620,8.20,90.65MB,34068.5,0.27,497.1MB / 744.3MB,217.1kB / 8.52MB
2026-03-31 03:32:57,620,8.20,90.66MB,34068.5,0.27,497.1MB / 744.3MB,217.1kB / 8.52MB
2026-03-31 03:33:09,620,8.20,90.67MB,34068.5,0.27,497.1MB / 744.3MB,217.1kB / 8.52MB
2026-03-31 03:33:21,620,8.20,90.92MB,34068.5,0.27,497.1MB / 744.3MB,217.1kB / 8.52MB
2026-03-31 03:33:32,621,8.20,90.91MB,34068.5,0.27,497.1MB / 744.3MB,217.1kB / 8.52MB
2026-03-31 03:33:44,621,8.19,90.64MB,34068.5,0.27,497.1MB / 744.3MB,217.1kB / 8.52MB
2026-03-31 03:33:56,621,8.19,91.17MB,34068.5,0.27,497.1MB / 744.3MB,217.1kB / 8.52MB
2026-03-31 03:34:08,621,8.19,90.91MB,34068.5,0.27,497.1MB / 744.3MB,217.1kB / 8.52MB
2026-03-31 03:34:19,621,8.19,90.64MB,34068.5,0.27,497.1MB / 744.3MB,217.1kB / 8.52MB
2026-03-31 03:34:31,622,8.18,90.64MB,34068.5,0.27,497.1MB / 744.3MB,217.1kB / 8.52MB
2026-03-31 03:34:43,622,8.18,90.65MB,34068.5,0.27,497.1MB / 744.4MB,217.1kB / 8.52MB
2026-03-31 03:34:54,622,8.18,90.91MB,34068.5,0.27,497.1MB / 744.4MB,217.1kB / 8.52MB
2026-03-31 03:35:06,622,8.18,90.9MB,34068.5,0.27,497.1MB / 744.4MB,217.1kB / 8.52MB
2026-03-31 03:35:18,622,8.18,90.91MB,34068.5,0.27,497.1MB / 744.4MB,217.1kB / 8.52MB
2026-03-31 03:35:30,623,8.17,90.91MB,34068.5,0.27,497.1MB / 744.4MB,217.1kB / 8.52MB
2026-03-31 03:35:41,623,8.17,90.65MB,34068.5,0.27,497.1MB / 744.4MB,217.1kB / 8.52MB
2026-03-31 03:35:53,623,8.17,90.91MB,34068.5,0.27,497.1MB / 744.4MB,217.1kB / 8.52MB
2026-03-31 03:36:05,623,8.17,90.69MB,34068.5,0.27,497.2MB / 744.4MB,217.1kB / 8.52MB
2026-03-31 03:36:17,623,8.16,90.91MB,34068.5,0.27,497.2MB / 744.4MB,217.1kB / 8.52MB
2026-03-31 03:36:28,624,8.16,91.43MB,34068.5,0.27,497.2MB / 744.4MB,217.1kB / 8.52MB
2026-03-31 03:36:40,624,8.16,90.64MB,34068.5,0.27,497.2MB / 744.4MB,217.1kB / 8.52MB
2026-03-31 03:36:52,624,8.16,90.9MB,34068.5,0.27,497.2MB / 744.4MB,217.1kB / 8.52MB
2026-03-31 03:37:03,624,8.16,95.3MB,34068.5,0.29,497.2MB / 744.4MB,217.1kB / 8.52MB
2026-03-31 03:37:15,624,8.15,90.65MB,34068.5,0.27,497.2MB / 744.4MB,217.1kB / 8.52MB
2026-03-31 03:37:27,625,8.15,90.91MB,34068.5,0.27,497.2MB / 744.4MB,217.1kB / 8.52MB
2026-03-31 03:37:39,625,8.15,90.64MB,34068.5,0.27,497.2MB / 744.4MB,217.1kB / 8.52MB
2026-03-31 03:37:50,625,8.15,90.66MB,34068.5,0.27,497.2MB / 744.4MB,217.1kB / 8.52MB
2026-03-31 03:38:02,625,8.14,90.91MB,34068.5,0.27,497.2MB / 744.4MB,217.1kB / 8.52MB
2026-03-31 03:38:14,625,8.14,90.64MB,34068.5,0.27,497.2MB / 744.4MB,217.1kB / 8.52MB
2026-03-31 03:38:26,626,8.14,90.64MB,34068.5,0.27,497.2MB / 744.4MB,217.1kB / 8.52MB
2026-03-31 03:38:37,626,8.14,90.9MB,34068.5,0.27,497.2MB / 744.4MB,217.1kB / 8.52MB
2026-03-31 03:38:49,626,8.14,90.64MB,34068.5,0.27,497.2MB / 744.4MB,217.1kB / 8.52MB
2026-03-31 03:39:01,626,8.13,90.91MB,34068.5,0.27,497.2MB / 744.4MB,217.1kB / 8.52MB
2026-03-31 03:39:13,626,8.13,90.91MB,34068.5,0.27,497.2MB / 744.4MB,217.1kB / 8.52MB
2026-03-31 03:39:24,626,8.13,90.9MB,34068.5,0.27,497.2MB / 744.4MB,217.1kB / 8.52MB
2026-03-31 03:39:36,627,8.13,90.9MB,34068.5,0.27,497.2MB / 744.5MB,217.1kB / 8.52MB
2026-03-31 03:39:48,627,8.13,90.65MB,34068.5,0.27,497.2MB / 744.5MB,217.1kB / 8.52MB
2026-03-31 03:40:00,627,8.12,90.9MB,34068.5,0.27,497.3MB / 744.5MB,217.1kB / 8.52MB
2026-03-31 03:40:11,627,8.12,90.64MB,34068.5,0.27,497.3MB / 744.5MB,217.1kB / 8.52MB
2026-03-31 03:40:23,627,8.12,90.65MB,34068.5,0.27,497.3MB / 744.5MB,217.1kB / 8.52MB
2026-03-31 03:40:35,628,8.12,90.66MB,34068.5,0.27,497.3MB / 744.5MB,217.1kB / 8.52MB
2026-03-31 03:40:47,628,8.11,90.65MB,34068.5,0.27,497.3MB / 744.5MB,217.1kB / 8.52MB
2026-03-31 03:40:58,628,8.11,90.91MB,34068.5,0.27,497.3MB / 744.5MB,217.1kB / 8.52MB
2026-03-31 03:41:10,628,8.11,90.71MB,34068.5,0.27,497.3MB / 744.5MB,217.1kB / 8.52MB
2026-03-31 03:41:22,628,8.11,90.65MB,34068.5,0.27,497.3MB / 744.5MB,217.1kB / 8.52MB
2026-03-31 03:41:34,629,8.11,90.64MB,34068.5,0.27,497.3MB / 744.5MB,217.1kB / 8.52MB
2026-03-31 03:41:45,629,8.10,90.64MB,34068.5,0.27,497.3MB / 744.5MB,217.1kB / 8.52MB
2026-03-31 03:41:57,629,8.10,90.64MB,34068.5,0.27,497.3MB / 744.5MB,217.1kB / 8.52MB
2026-03-31 03:42:09,629,8.10,90.91MB,34068.5,0.27,497.3MB / 744.5MB,217.1kB / 8.52MB
2026-03-31 03:42:21,629,8.10,90.64MB,34068.5,0.27,497.3MB / 744.5MB,217.1kB / 8.52MB
2026-03-31 03:42:32,630,8.09,90.65MB,34068.5,0.27,497.3MB / 744.5MB,217.1kB / 8.52MB
2026-03-31 03:42:44,630,8.09,90.65MB,34068.5,0.27,497.3MB / 744.5MB,217.1kB / 8.52MB
2026-03-31 03:42:56,630,8.09,90.64MB,34068.5,0.27,497.3MB / 744.5MB,217.1kB / 8.52MB
2026-03-31 03:43:07,630,8.09,91.21MB,34068.5,0.27,497.3MB / 744.5MB,217.1kB / 8.52MB
2026-03-31 03:43:19,630,8.09,90.64MB,34068.5,0.27,497.3MB / 744.5MB,217.1kB / 8.52MB
2026-03-31 03:43:31,631,8.08,90.66MB,34068.5,0.27,497.3MB / 744.5MB,217.1kB / 8.52MB
2026-03-31 03:43:42,631,8.08,90.65MB,34068.5,0.27,497.3MB / 744.5MB,217.1kB / 8.52MB
2026-03-31 03:43:54,631,8.08,90.64MB,34068.5,0.27,497.3MB / 744.5MB,217.1kB / 8.52MB
2026-03-31 03:44:06,631,8.08,90.64MB,34068.5,0.27,497.4MB / 744.5MB,217.1kB / 8.52MB
2026-03-31 03:44:18,631,8.08,90.65MB,34068.5,0.27,497.4MB / 744.6MB,217.1kB / 8.52MB
2026-03-31 03:44:30,632,8.07,90.91MB,34068.5,0.27,497.4MB / 744.6MB,217.1kB / 8.52MB
2026-03-31 03:44:42,632,8.07,90.9MB,34068.5,0.27,497.4MB / 744.6MB,217.1kB / 8.52MB
2026-03-31 03:44:53,632,8.07,90.64MB,34068.5,0.27,497.4MB / 744.6MB,217.1kB / 8.52MB
2026-03-31 03:45:05,632,8.07,90.64MB,34068.5,0.27,497.4MB / 744.6MB,217.1kB / 8.52MB
2026-03-31 03:45:17,632,8.06,90.9MB,34068.5,0.27,497.4MB / 744.6MB,217.1kB / 8.52MB
2026-03-31 03:45:28,633,8.06,90.65MB,34068.5,0.27,497.4MB / 744.6MB,217.1kB / 8.52MB
2026-03-31 03:45:40,633,8.06,90.64MB,34068.5,0.27,497.4MB / 744.6MB,217.1kB / 8.52MB
2026-03-31 03:45:52,633,8.06,90.91MB,34068.5,0.27,497.4MB / 744.6MB,217.1kB / 8.52MB
2026-03-31 03:46:04,633,8.06,90.67MB,34068.5,0.27,497.4MB / 744.6MB,217.1kB / 8.52MB
2026-03-31 03:46:16,633,8.05,90.88MB,34068.5,0.27,497.4MB / 744.6MB,217.1kB / 8.52MB
2026-03-31 03:46:27,634,8.05,90.64MB,34068.5,0.27,497.4MB / 744.6MB,217.1kB / 8.52MB
2026-03-31 03:46:39,634,8.05,90.65MB,34068.5,0.27,497.4MB / 744.6MB,217.1kB / 8.52MB
2026-03-31 03:46:51,634,8.05,90.87MB,34068.5,0.27,497.4MB / 744.6MB,217.1kB / 8.52MB
2026-03-31 03:47:02,634,8.04,90.66MB,34068.5,0.27,497.4MB / 744.6MB,217.1kB / 8.52MB
2026-03-31 03:47:14,634,8.04,90.91MB,34068.5,0.27,497.4MB / 744.6MB,217.1kB / 8.52MB
2026-03-31 03:47:26,635,8.04,90.64MB,34068.5,0.27,497.4MB / 744.6MB,217.1kB / 8.52MB
2026-03-31 03:47:37,635,8.04,90.65MB,34068.5,0.27,497.4MB / 744.6MB,217.1kB / 8.52MB
2026-03-31 03:47:49,635,8.04,91.16MB,34068.5,0.27,497.5MB / 744.6MB,217.1kB / 8.52MB
2026-03-31 03:48:01,635,8.03,90.65MB,34068.5,0.27,497.5MB / 744.6MB,217.1kB / 8.52MB
2026-03-31 03:48:13,635,8.03,90.87MB,34068.5,0.27,497.5MB / 744.6MB,217.1kB / 8.52MB
2026-03-31 03:48:24,635,8.03,90.91MB,34068.5,0.27,497.5MB / 744.6MB,217.1kB / 8.52MB
2026-03-31 03:48:36,636,8.03,90.65MB,34068.5,0.27,497.5MB / 744.6MB,217.1kB / 8.52MB
2026-03-31 03:48:48,636,8.03,90.91MB,34068.5,0.27,497.5MB / 744.6MB,217.1kB / 8.52MB
2026-03-31 03:49:00,636,8.02,90.64MB,34068.5,0.27,497.5MB / 744.7MB,217.1kB / 8.52MB
2026-03-31 03:49:11,636,8.02,91MB,34068.5,0.27,497.5MB / 744.7MB,217.1kB / 8.52MB
2026-03-31 03:49:23,636,8.02,90.65MB,34068.5,0.27,497.5MB / 744.7MB,217.1kB / 8.52MB
2026-03-31 03:49:35,637,8.02,90.65MB,34068.5,0.27,497.5MB / 744.7MB,217.1kB / 8.52MB
2026-03-31 03:49:47,637,8.01,90.65MB,34068.5,0.27,497.5MB / 744.7MB,217.1kB / 8.52MB
2026-03-31 03:49:58,637,8.01,90.65MB,34068.5,0.27,497.5MB / 744.7MB,217.1kB / 8.52MB
2026-03-31 03:50:10,637,8.01,90.65MB,34068.5,0.27,497.5MB / 744.7MB,217.1kB / 8.52MB
2026-03-31 03:50:22,637,8.01,90.9MB,34068.5,0.27,497.5MB / 744.7MB,217.1kB / 8.52MB
2026-03-31 03:50:34,638,8.01,90.64MB,34068.5,0.27,497.5MB / 744.7MB,217.1kB / 8.52MB
2026-03-31 03:50:46,638,8.00,90.64MB,34068.5,0.27,497.5MB / 744.7MB,217.1kB / 8.52MB
2026-03-31 03:50:57,638,8.00,90.91MB,34068.5,0.27,497.5MB / 744.7MB,217.1kB / 8.52MB
2026-03-31 03:51:09,638,8.00,90.66MB,34068.5,0.27,497.5MB / 744.7MB,217.1kB / 8.52MB
2026-03-31 03:51:21,638,8.00,90.64MB,34068.5,0.27,497.5MB / 744.7MB,217.1kB / 8.52MB
2026-03-31 03:51:32,639,8.00,90.64MB,34068.5,0.27,497.5MB / 744.7MB,217.1kB / 8.52MB
2026-03-31 03:51:44,639,7.99,91.16MB,34068.5,0.27,497.6MB / 744.7MB,217.1kB / 8.52MB
2026-03-31 03:51:56,639,7.99,90.66MB,34068.5,0.27,497.6MB / 744.7MB,217.1kB / 8.52MB
2026-03-31 03:52:07,639,7.99,90.91MB,34068.5,0.27,497.6MB / 744.7MB,217.1kB / 8.52MB
2026-03-31 03:52:19,639,7.99,90.64MB,34068.5,0.27,497.6MB / 744.7MB,217.1kB / 8.52MB
2026-03-31 03:52:31,640,7.99,90.64MB,34068.5,0.27,497.6MB / 744.7MB,217.1kB / 8.52MB
2026-03-31 03:52:43,640,7.98,90.91MB,34068.5,0.27,497.6MB / 744.7MB,217.1kB / 8.52MB
2026-03-31 03:52:55,640,7.98,90.64MB,34068.5,0.27,497.6MB / 744.7MB,217.1kB / 8.52MB
2026-03-31 03:53:06,640,7.98,90.92MB,34068.5,0.27,497.6MB / 744.7MB,217.1kB / 8.52MB
2026-03-31 03:53:18,640,7.98,90.64MB,34068.5,0.27,497.6MB / 744.7MB,217.1kB / 8.52MB
2026-03-31 03:53:30,641,7.97,90.64MB,34068.5,0.27,497.6MB / 744.7MB,217.1kB / 8.52MB
2026-03-31 03:53:41,641,7.97,90.91MB,34068.5,0.27,497.6MB / 744.8MB,217.1kB / 8.52MB
2026-03-31 03:53:53,641,7.97,90.91MB,34068.5,0.27,497.6MB / 744.8MB,217.1kB / 8.52MB
2026-03-31 03:54:05,641,7.97,90.91MB,34068.5,0.27,497.6MB / 744.8MB,217.1kB / 8.52MB
2026-03-31 03:54:17,641,7.97,90.9MB,34068.5,0.27,497.6MB / 744.8MB,217.1kB / 8.52MB
2026-03-31 03:54:28,642,7.96,90.91MB,34068.5,0.27,497.6MB / 744.8MB,217.1kB / 8.52MB
2026-03-31 03:54:40,642,7.96,90.64MB,34068.5,0.27,497.6MB / 744.8MB,217.1kB / 8.52MB
2026-03-31 03:54:52,642,7.96,90.66MB,34068.5,0.27,497.6MB / 744.8MB,217.1kB / 8.52MB
2026-03-31 03:55:04,642,7.96,90.66MB,34068.5,0.27,497.6MB / 744.8MB,217.1kB / 8.52MB
2026-03-31 03:55:15,642,7.96,90.97MB,34068.5,0.27,497.6MB / 744.8MB,217.1kB / 8.52MB
2026-03-31 03:55:27,643,7.95,90.91MB,34068.5,0.27,497.6MB / 744.8MB,217.1kB / 8.52MB
2026-03-31 03:55:39,643,7.95,90.65MB,34068.5,0.27,497.6MB / 744.8MB,217.1kB / 8.52MB
2026-03-31 03:55:51,643,7.95,90.91MB,34068.5,0.27,497.7MB / 744.8MB,217.1kB / 8.52MB
2026-03-31 03:56:02,643,7.95,90.91MB,34068.5,0.27,497.7MB / 744.8MB,217.1kB / 8.52MB
2026-03-31 03:56:14,643,7.95,90.93MB,34068.5,0.27,497.7MB / 744.8MB,217.1kB / 8.52MB
2026-03-31 03:56:26,644,7.94,90.91MB,34068.5,0.27,497.7MB / 744.8MB,217.1kB / 8.52MB
2026-03-31 03:56:38,644,7.94,90.65MB,34068.5,0.27,497.7MB / 744.8MB,217.1kB / 8.52MB
2026-03-31 03:56:49,644,7.94,90.9MB,34068.5,0.27,497.7MB / 744.8MB,217.1kB / 8.52MB
2026-03-31 03:57:01,644,7.94,90.65MB,34068.5,0.27,497.7MB / 744.8MB,217.1kB / 8.52MB
2026-03-31 03:57:13,644,7.93,90.65MB,34068.5,0.27,497.7MB / 744.8MB,217.1kB / 8.52MB
2026-03-31 03:57:25,645,7.93,90.91MB,34068.5,0.27,497.7MB / 744.8MB,217.1kB / 8.52MB
2026-03-31 03:57:36,645,7.93,90.65MB,34068.5,0.27,497.7MB / 744.8MB,217.1kB / 8.52MB
2026-03-31 03:57:48,645,7.93,90.9MB,34068.5,0.27,497.7MB / 744.8MB,217.1kB / 8.52MB
2026-03-31 03:58:00,645,7.93,90.64MB,34068.5,0.27,497.7MB / 744.8MB,217.1kB / 8.52MB
2026-03-31 03:58:12,645,7.92,90.65MB,34068.5,0.27,497.7MB / 744.8MB,217.1kB / 8.52MB
2026-03-31 03:58:23,645,7.92,90.64MB,34068.5,0.27,497.7MB / 744.9MB,217.1kB / 8.52MB
2026-03-31 03:58:35,646,7.92,90.64MB,34068.5,0.27,497.7MB / 744.9MB,217.1kB / 8.52MB
2026-03-31 03:58:47,646,7.92,90.65MB,34068.5,0.27,497.7MB / 744.9MB,217.1kB / 8.52MB
2026-03-31 03:58:59,646,7.92,90.64MB,34068.5,0.27,497.7MB / 744.9MB,217.1kB / 8.52MB
2026-03-31 03:59:11,646,7.91,90.66MB,34068.5,0.27,497.7MB / 744.9MB,217.1kB / 8.52MB
2026-03-31 03:59:22,646,7.91,90.64MB,34068.5,0.27,497.7MB / 744.9MB,217.1kB / 8.52MB
2026-03-31 03:59:34,647,7.91,91.16MB,34068.5,0.27,497.7MB / 744.9MB,217.1kB / 8.52MB
2026-03-31 03:59:46,647,7.91,90.65MB,34068.5,0.27,497.8MB / 744.9MB,217.1kB / 8.52MB
2026-03-31 03:59:58,647,7.91,90.64MB,34068.5,0.27,497.8MB / 744.9MB,217.1kB / 8.52MB
2026-03-31 04:00:09,647,7.90,91.16MB,34068.5,0.27,497.8MB / 744.9MB,217.1kB / 8.52MB
2026-03-31 04:00:21,647,7.90,90.65MB,34068.5,0.27,497.8MB / 744.9MB,217.1kB / 8.52MB
2026-03-31 04:00:33,648,7.90,90.64MB,34068.5,0.27,497.8MB / 744.9MB,217.1kB / 8.52MB
2026-03-31 04:00:44,648,7.90,90.65MB,34068.5,0.27,497.8MB / 744.9MB,217.1kB / 8.52MB
2026-03-31 04:00:56,648,7.90,90.64MB,34068.5,0.27,497.8MB / 744.9MB,217.1kB / 8.52MB
2026-03-31 04:01:08,648,7.89,90.64MB,34068.5,0.27,497.8MB / 744.9MB,217.1kB / 8.52MB
2026-03-31 04:01:20,648,7.89,90.95MB,34068.5,0.27,497.8MB / 744.9MB,217.1kB / 8.52MB
2026-03-31 04:01:31,649,7.89,90.64MB,34068.5,0.27,497.8MB / 744.9MB,217.1kB / 8.52MB
2026-03-31 04:01:43,649,7.89,91.16MB,34068.5,0.27,497.8MB / 744.9MB,217.1kB / 8.52MB
2026-03-31 04:01:55,649,7.89,90.64MB,34068.5,0.27,497.8MB / 744.9MB,217.1kB / 8.52MB
2026-03-31 04:02:07,649,7.88,90.65MB,34068.5,0.27,497.8MB / 744.9MB,217.1kB / 8.52MB
2026-03-31 04:02:18,649,7.88,90.64MB,34068.5,0.27,497.8MB / 744.9MB,217.1kB / 8.52MB
2026-03-31 04:02:30,650,7.88,90.91MB,34068.5,0.27,497.8MB / 744.9MB,217.1kB / 8.52MB
2026-03-31 04:02:42,650,7.88,91.16MB,34068.5,0.27,497.8MB / 744.9MB,217.1kB / 8.52MB
2026-03-31 04:02:53,650,7.88,90.66MB,34068.5,0.27,497.8MB / 744.9MB,217.1kB / 8.52MB
2026-03-31 04:03:05,650,7.87,90.65MB,34068.5,0.27,497.8MB / 744.9MB,217.1kB / 8.52MB
2026-03-31 04:03:17,650,7.87,91.41MB,34068.5,0.27,497.8MB / 745MB,217.1kB / 8.52MB
2026-03-31 04:03:29,651,7.87,90.9MB,34068.5,0.27,497.8MB / 745MB,217.1kB / 8.52MB
2026-03-31 04:03:41,651,7.87,90.64MB,34068.5,0.27,497.9MB / 745MB,217.1kB / 8.52MB
2026-03-31 04:03:52,651,7.86,90.91MB,34068.5,0.27,497.9MB / 745MB,217.1kB / 8.52MB
2026-03-31 04:04:04,651,7.86,90.64MB,34068.5,0.27,497.9MB / 745MB,217.1kB / 8.52MB
2026-03-31 04:04:16,651,7.86,90.64MB,34068.5,0.27,497.9MB / 745MB,217.1kB / 8.52MB
2026-03-31 04:04:28,652,7.86,90.92MB,34068.5,0.27,497.9MB / 745MB,217.1kB / 8.52MB
2026-03-31 04:04:39,652,7.86,90.65MB,34068.5,0.27,497.9MB / 745MB,217.1kB / 8.52MB
2026-03-31 04:04:51,652,7.85,90.64MB,34068.5,0.27,497.9MB / 745MB,217.1kB / 8.52MB
2026-03-31 04:05:03,652,7.85,90.9MB,34068.5,0.27,497.9MB / 745MB,217.1kB / 8.52MB
2026-03-31 04:05:14,652,7.85,90.91MB,34068.5,0.27,497.9MB / 745MB,217.1kB / 8.52MB
2026-03-31 04:05:26,653,7.85,90.91MB,34068.5,0.27,497.9MB / 745MB,217.1kB / 8.52MB
2026-03-31 04:05:38,653,7.85,91.16MB,34068.5,0.27,497.9MB / 745MB,217.1kB / 8.52MB
2026-03-31 04:05:50,653,7.84,90.91MB,34068.5,0.27,497.9MB / 745MB,217.1kB / 8.52MB
2026-03-31 04:06:01,653,7.84,90.9MB,34068.5,0.27,497.9MB / 745MB,217.1kB / 8.52MB
2026-03-31 04:06:13,653,7.84,90.64MB,34068.5,0.27,497.9MB / 745MB,217.1kB / 8.52MB
2026-03-31 04:06:25,654,7.84,90.87MB,34068.5,0.27,497.9MB / 745MB,217.1kB / 8.52MB
2026-03-31 04:06:36,654,7.84,90.9MB,34068.5,0.27,497.9MB / 745MB,217.1kB / 8.52MB
2026-03-31 04:06:48,654,7.83,91.15MB,34068.5,0.27,497.9MB / 745MB,217.1kB / 8.52MB
2026-03-31 04:07:00,654,7.83,90.65MB,34068.5,0.27,497.9MB / 745MB,217.1kB / 8.52MB
2026-03-31 04:07:11,654,7.83,90.66MB,34068.5,0.27,497.9MB / 745MB,217.1kB / 8.52MB
2026-03-31 04:07:23,654,7.83,90.9MB,34068.5,0.27,497.9MB / 745MB,217.1kB / 8.52MB
2026-03-31 04:07:35,655,7.83,90.9MB,34068.5,0.27,498MB / 745MB,217.1kB / 8.52MB
2026-03-31 04:07:47,655,7.82,90.91MB,34068.5,0.27,498MB / 745MB,217.1kB / 8.52MB
2026-03-31 04:07:58,655,7.82,90.66MB,34068.5,0.27,498MB / 745.1MB,217.1kB / 8.52MB
2026-03-31 04:08:10,655,7.82,90.64MB,34068.5,0.27,498MB / 745.1MB,217.1kB / 8.52MB
2026-03-31 04:08:22,655,7.82,91.23MB,34068.5,0.27,498MB / 745.1MB,217.1kB / 8.52MB
2026-03-31 04:08:33,656,7.82,91.17MB,34068.5,0.27,498MB / 745.1MB,217.1kB / 8.52MB
2026-03-31 04:08:45,656,7.81,90.91MB,34068.5,0.27,498MB / 745.1MB,217.1kB / 8.52MB
2026-03-31 04:08:57,656,7.81,90.65MB,34068.5,0.27,498MB / 745.1MB,217.1kB / 8.52MB
2026-03-31 04:09:09,656,7.81,90.9MB,34068.5,0.27,498MB / 745.1MB,217.1kB / 8.52MB
2026-03-31 04:09:20,656,7.81,90.9MB,34068.5,0.27,498MB / 745.1MB,217.1kB / 8.52MB
2026-03-31 04:09:32,657,7.81,90.65MB,34068.5,0.27,498MB / 745.1MB,217.1kB / 8.52MB
2026-03-31 04:09:44,657,7.80,90.65MB,34068.5,0.27,498MB / 745.1MB,217.1kB / 8.52MB
2026-03-31 04:09:56,657,7.80,90.91MB,34068.5,0.27,498MB / 745.1MB,217.1kB / 8.52MB
2026-03-31 04:10:07,657,7.80,90.91MB,34068.5,0.27,498MB / 745.1MB,217.1kB / 8.52MB
2026-03-31 04:10:19,657,7.80,90.64MB,34068.5,0.27,498MB / 745.1MB,217.1kB / 8.52MB
2026-03-31 04:10:31,658,7.80,90.91MB,34068.5,0.27,498MB / 745.1MB,217.1kB / 8.52MB
2026-03-31 04:10:42,658,7.79,90.91MB,34068.5,0.27,498MB / 745.1MB,217.1kB / 8.52MB
2026-03-31 04:10:54,658,7.79,90.9MB,34068.5,0.27,498MB / 745.1MB,217.1kB / 8.52MB
2026-03-31 04:11:06,658,7.79,90.65MB,34068.5,0.27,498MB / 745.1MB,217.1kB / 8.52MB
2026-03-31 04:11:18,658,7.79,90.64MB,34068.5,0.27,498MB / 745.1MB,217.1kB / 8.52MB
2026-03-31 04:11:29,659,7.79,90.65MB,34068.5,0.27,498.1MB / 745.1MB,217.1kB / 8.52MB
2026-03-31 04:11:41,659,7.78,90.9MB,34068.5,0.27,498.1MB / 745.1MB,217.1kB / 8.52MB
2026-03-31 04:11:53,659,7.78,90.9MB,34068.5,0.27,498.1MB / 745.1MB,217.1kB / 8.52MB
2026-03-31 04:12:04,659,7.78,90.9MB,34068.5,0.27,498.1MB / 745.1MB,217.1kB / 8.52MB
2026-03-31 04:12:16,659,7.78,90.64MB,34068.5,0.27,498.1MB / 745.1MB,217.1kB / 8.52MB
2026-03-31 04:12:28,660,7.78,90.9MB,34068.5,0.27,498.1MB / 745.1MB,217.1kB / 8.52MB
2026-03-31 04:12:39,660,7.77,91.16MB,34068.5,0.27,498.1MB / 745.2MB,217.1kB / 8.52MB
2026-03-31 04:12:51,660,7.77,90.65MB,34068.5,0.27,498.1MB / 745.2MB,217.1kB / 8.52MB
2026-03-31 04:13:03,660,7.77,90.64MB,34068.5,0.27,498.1MB / 745.2MB,217.1kB / 8.52MB
2026-03-31 04:13:14,660,7.77,91.17MB,34068.5,0.27,498.1MB / 745.2MB,217.1kB / 8.52MB
2026-03-31 04:13:26,661,7.77,90.64MB,34068.5,0.27,498.1MB / 745.2MB,217.1kB / 8.52MB
2026-03-31 04:13:38,661,7.76,90.64MB,34068.5,0.27,498.1MB / 745.2MB,217.1kB / 8.52MB
2026-03-31 04:13:49,661,7.76,90.9MB,34068.5,0.27,498.1MB / 745.2MB,217.1kB / 8.52MB
2026-03-31 04:14:01,661,7.76,90.64MB,34068.5,0.27,498.1MB / 745.2MB,217.1kB / 8.52MB
2026-03-31 04:14:13,661,7.76,90.91MB,34068.5,0.27,498.1MB / 745.2MB,217.1kB / 8.52MB
2026-03-31 04:14:25,662,7.76,90.81MB,34068.5,0.27,498.1MB / 745.2MB,217.1kB / 8.52MB
2026-03-31 04:14:37,662,7.75,91.17MB,34068.5,0.27,498.1MB / 745.2MB,217.1kB / 8.52MB
2026-03-31 04:14:48,662,7.75,90.9MB,34068.5,0.27,498.1MB / 745.2MB,217.1kB / 8.52MB
2026-03-31 04:15:00,662,7.75,90.64MB,34068.5,0.27,498.1MB / 745.2MB,217.1kB / 8.52MB
2026-03-31 04:15:12,662,7.75,90.64MB,34068.5,0.27,498.1MB / 745.2MB,217.1kB / 8.52MB
2026-03-31 04:15:23,662,7.75,90.9MB,34068.5,0.27,498.2MB / 745.2MB,217.1kB / 8.52MB
2026-03-31 04:15:35,663,7.74,90.65MB,34068.5,0.27,498.2MB / 745.2MB,217.1kB / 8.52MB
2026-03-31 04:15:47,663,7.74,91.16MB,34068.5,0.27,498.2MB / 745.2MB,217.1kB / 8.52MB
2026-03-31 04:15:59,663,7.74,90.65MB,34068.5,0.27,498.2MB / 745.2MB,217.1kB / 8.52MB
2026-03-31 04:16:10,663,7.74,90.64MB,34068.5,0.27,498.2MB / 745.2MB,217.1kB / 8.52MB
2026-03-31 04:16:22,663,7.74,90.67MB,34068.5,0.27,498.2MB / 745.2MB,217.1kB / 8.52MB
2026-03-31 04:16:34,664,7.73,91.17MB,34068.5,0.27,498.2MB / 745.2MB,217.1kB / 8.52MB
2026-03-31 04:16:46,664,7.73,91.16MB,34068.5,0.27,498.2MB / 745.2MB,217.1kB / 8.52MB
2026-03-31 04:16:57,664,7.73,90.9MB,34068.5,0.27,498.2MB / 745.2MB,217.1kB / 8.52MB
2026-03-31 04:17:09,664,7.73,91.16MB,34068.5,0.27,498.2MB / 745.2MB,217.1kB / 8.52MB
2026-03-31 04:17:21,664,7.73,90.64MB,34068.5,0.27,498.2MB / 745.3MB,217.1kB / 8.52MB
2026-03-31 04:17:32,665,7.72,90.64MB,34068.5,0.27,498.2MB / 745.3MB,217.1kB / 8.52MB
2026-03-31 04:17:44,665,7.72,90.65MB,34068.5,0.27,498.2MB / 745.3MB,217.1kB / 8.52MB
2026-03-31 04:17:56,665,7.72,90.64MB,34068.5,0.27,498.2MB / 745.3MB,217.1kB / 8.52MB
2026-03-31 04:18:07,665,7.72,90.65MB,34068.5,0.27,498.2MB / 745.3MB,217.1kB / 8.52MB
2026-03-31 04:18:19,665,7.72,90.9MB,34068.5,0.27,498.2MB / 745.3MB,217.1kB / 8.52MB
2026-03-31 04:18:31,666,7.72,90.65MB,34068.5,0.27,498.2MB / 745.3MB,217.1kB / 8.52MB
2026-03-31 04:18:43,666,7.71,90.65MB,34068.5,0.27,498.2MB / 745.3MB,217.1kB / 8.52MB
2026-03-31 04:18:54,666,7.71,90.65MB,34068.5,0.27,498.2MB / 745.3MB,217.1kB / 8.52MB
2026-03-31 04:19:06,666,7.71,90.65MB,34068.5,0.27,498.2MB / 745.3MB,217.1kB / 8.52MB
2026-03-31 04:19:18,666,7.71,90.91MB,34068.5,0.27,498.3MB / 745.3MB,217.1kB / 8.52MB
2026-03-31 04:19:29,667,7.71,90.81MB,34068.5,0.27,498.3MB / 745.3MB,217.1kB / 8.52MB
2026-03-31 04:19:41,667,7.70,90.64MB,34068.5,0.27,498.3MB / 745.3MB,217.1kB / 8.52MB
2026-03-31 04:19:53,667,7.70,90.65MB,34068.5,0.27,498.3MB / 745.3MB,217.1kB / 8.52MB
2026-03-31 04:20:05,667,7.70,90.9MB,34068.5,0.27,498.3MB / 745.3MB,217.1kB / 8.52MB
2026-03-31 04:20:16,667,7.70,90.91MB,34068.5,0.27,498.3MB / 745.3MB,217.1kB / 8.52MB
2026-03-31 04:20:28,668,7.70,90.64MB,34068.5,0.27,498.3MB / 745.3MB,217.1kB / 8.52MB
2026-03-31 04:20:40,668,7.69,90.65MB,34068.5,0.27,498.3MB / 745.3MB,217.1kB / 8.52MB
2026-03-31 04:20:52,668,7.69,90.91MB,34068.5,0.27,498.3MB / 745.3MB,217.1kB / 8.52MB
2026-03-31 04:21:03,668,7.69,90.89MB,34068.5,0.27,498.3MB / 745.3MB,217.1kB / 8.52MB
2026-03-31 04:21:15,668,7.69,90.65MB,34068.5,0.27,498.3MB / 745.3MB,217.1kB / 8.52MB
2026-03-31 04:21:27,669,7.69,90.91MB,34068.5,0.27,498.3MB / 745.3MB,217.1kB / 8.52MB
2026-03-31 04:21:39,669,7.68,90.66MB,34068.5,0.27,498.3MB / 745.3MB,217.1kB / 8.52MB
2026-03-31 04:21:50,669,7.68,90.64MB,34068.5,0.27,498.3MB / 745.3MB,217.1kB / 8.52MB
2026-03-31 04:22:02,669,7.68,91.16MB,34068.5,0.27,498.3MB / 745.3MB,217.1kB / 8.52MB
2026-03-31 04:22:14,669,7.68,90.91MB,34068.5,0.27,498.3MB / 745.4MB,217.1kB / 8.52MB
2026-03-31 04:22:25,670,7.68,90.64MB,34068.5,0.27,498.3MB / 745.4MB,217.1kB / 8.52MB
2026-03-31 04:22:37,670,7.67,91.16MB,34068.5,0.27,498.3MB / 745.4MB,217.1kB / 8.52MB
2026-03-31 04:22:49,670,7.67,90.92MB,34068.5,0.27,498.3MB / 745.4MB,217.1kB / 8.52MB
2026-03-31 04:23:01,670,7.67,90.91MB,34068.5,0.27,498.3MB / 745.4MB,217.1kB / 8.52MB
2026-03-31 04:23:12,670,7.67,90.9MB,34068.5,0.27,498.4MB / 745.4MB,217.1kB / 8.52MB
2026-03-31 04:23:24,670,7.67,90.64MB,34068.5,0.27,498.4MB / 745.4MB,217.1kB / 8.52MB
2026-03-31 04:23:36,671,7.67,90.91MB,34068.5,0.27,498.4MB / 745.4MB,217.1kB / 8.52MB
2026-03-31 04:23:47,671,7.66,90.9MB,34068.5,0.27,498.4MB / 745.4MB,217.1kB / 8.52MB
2026-03-31 04:23:59,671,7.66,91.16MB,34068.5,0.27,498.4MB / 745.4MB,217.1kB / 8.52MB
2026-03-31 04:24:11,671,7.66,90.64MB,34068.5,0.27,498.4MB / 745.4MB,217.1kB / 8.52MB
2026-03-31 04:24:23,671,7.66,90.65MB,34068.5,0.27,498.4MB / 745.4MB,217.1kB / 8.52MB
2026-03-31 04:24:34,672,7.66,90.65MB,34068.5,0.27,498.4MB / 745.4MB,217.1kB / 8.52MB
2026-03-31 04:24:46,672,7.65,90.64MB,34068.5,0.27,498.4MB / 745.4MB,217.1kB / 8.52MB
2026-03-31 04:24:58,672,7.65,90.65MB,34068.5,0.27,498.4MB / 745.4MB,217.1kB / 8.52MB
2026-03-31 04:25:10,672,7.65,90.64MB,34068.5,0.27,498.4MB / 745.4MB,217.1kB / 8.52MB
2026-03-31 04:25:22,672,7.65,90.64MB,34068.5,0.27,498.4MB / 745.4MB,217.1kB / 8.52MB
2026-03-31 04:25:33,673,7.65,90.91MB,34068.5,0.27,498.4MB / 745.4MB,217.1kB / 8.52MB
2026-03-31 04:25:45,673,7.64,90.64MB,34068.5,0.27,498.4MB / 745.4MB,217.1kB / 8.52MB
2026-03-31 04:25:57,673,7.64,90.9MB,34068.5,0.27,498.4MB / 745.4MB,217.1kB / 8.52MB
2026-03-31 04:26:09,673,7.64,91.16MB,34068.5,0.27,498.4MB / 745.4MB,217.1kB / 8.52MB
2026-03-31 04:26:20,673,7.64,90.65MB,34068.5,0.27,498.4MB / 745.4MB,217.1kB / 8.52MB
2026-03-31 04:26:32,674,7.64,90.65MB,34068.5,0.27,498.4MB / 745.4MB,217.1kB / 8.52MB
2026-03-31 04:26:44,674,7.63,90.68MB,34068.5,0.27,498.4MB / 745.4MB,217.1kB / 8.52MB
2026-03-31 04:26:56,674,7.63,91.68MB,34068.5,0.28,498.4MB / 745.5MB,217.1kB / 8.52MB
2026-03-31 04:27:07,674,7.63,90.64MB,34068.5,0.27,498.5MB / 745.5MB,217.1kB / 8.52MB
2026-03-31 04:27:19,674,7.63,90.91MB,34068.5,0.27,498.5MB / 745.5MB,217.1kB / 8.52MB
2026-03-31 04:27:31,675,7.63,91.16MB,34068.5,0.27,498.5MB / 745.5MB,217.1kB / 8.52MB
2026-03-31 04:27:43,675,7.63,90.65MB,34068.5,0.27,498.5MB / 745.5MB,217.1kB / 8.52MB
2026-03-31 04:27:54,675,7.62,90.65MB,34068.5,0.27,498.5MB / 745.5MB,217.1kB / 8.52MB
2026-03-31 04:28:06,675,7.62,90.91MB,34068.5,0.27,498.5MB / 745.5MB,217.1kB / 8.52MB
2026-03-31 04:28:18,675,7.62,91.18MB,34068.5,0.27,498.5MB / 745.5MB,217.1kB / 8.52MB
2026-03-31 04:28:30,676,7.62,90.66MB,34068.5,0.27,498.5MB / 745.5MB,217.1kB / 8.52MB
2026-03-31 04:28:41,676,7.62,90.65MB,34068.5,0.27,498.5MB / 745.5MB,217.1kB / 8.52MB
2026-03-31 04:28:53,676,7.61,90.9MB,34068.5,0.27,498.5MB / 745.5MB,217.1kB / 8.52MB
2026-03-31 04:29:05,676,7.61,90.65MB,34068.5,0.27,498.5MB / 745.5MB,217.1kB / 8.52MB
2026-03-31 04:29:17,676,7.61,90.65MB,34068.5,0.27,498.5MB / 745.5MB,217.1kB / 8.52MB
2026-03-31 04:29:28,677,7.61,90.9MB,34068.5,0.27,498.5MB / 745.5MB,217.1kB / 8.52MB
2026-03-31 04:29:40,677,7.61,90.65MB,34068.5,0.27,498.5MB / 745.5MB,217.1kB / 8.52MB
2026-03-31 04:29:52,677,7.60,90.64MB,34068.5,0.27,498.5MB / 745.5MB,217.1kB / 8.52MB
2026-03-31 04:30:03,677,7.60,90.91MB,34068.5,0.27,498.5MB / 745.5MB,217.1kB / 8.52MB
2026-03-31 04:30:15,677,7.60,91.17MB,34068.5,0.27,498.5MB / 745.5MB,217.1kB / 8.52MB
2026-03-31 04:30:27,678,7.60,90.68MB,34068.5,0.27,498.5MB / 745.5MB,217.1kB / 8.52MB
2026-03-31 04:30:38,678,7.60,90.65MB,34068.5,0.27,498.5MB / 745.5MB,217.1kB / 8.52MB
2026-03-31 04:30:50,678,7.60,90.65MB,34068.5,0.27,498.5MB / 745.5MB,217.1kB / 8.52MB
2026-03-31 04:31:02,678,7.59,90.64MB,34068.5,0.27,498.6MB / 745.5MB,217.1kB / 8.52MB
2026-03-31 04:31:14,678,7.59,90.9MB,34068.5,0.27,498.6MB / 745.5MB,217.1kB / 8.52MB
2026-03-31 04:31:25,679,7.59,90.91MB,34068.5,0.27,498.6MB / 745.5MB,217.1kB / 8.52MB
2026-03-31 04:31:37,679,7.59,90.64MB,34068.5,0.27,498.6MB / 745.6MB,217.1kB / 8.52MB
2026-03-31 04:31:49,679,7.59,90.65MB,34068.5,0.27,498.6MB / 745.6MB,217.1kB / 8.52MB
2026-03-31 04:32:01,679,7.58,90.64MB,34068.5,0.27,498.6MB / 745.6MB,217.1kB / 8.52MB
2026-03-31 04:32:12,679,7.58,90.65MB,34068.5,0.27,498.6MB / 745.6MB,217.1kB / 8.52MB
2026-03-31 04:32:24,679,7.58,90.9MB,34068.5,0.27,498.6MB / 745.6MB,217.1kB / 8.52MB
2026-03-31 04:32:36,680,7.58,90.65MB,34068.5,0.27,498.6MB / 745.6MB,217.1kB / 8.52MB
2026-03-31 04:32:48,680,7.58,90.9MB,34068.5,0.27,498.6MB / 745.6MB,217.1kB / 8.52MB
2026-03-31 04:32:59,680,7.57,90.91MB,34068.5,0.27,498.6MB / 745.6MB,217.1kB / 8.52MB
2026-03-31 04:33:11,680,7.57,90.64MB,34068.5,0.27,498.6MB / 745.6MB,217.1kB / 8.52MB
2026-03-31 04:33:23,680,7.57,90.65MB,34068.5,0.27,498.6MB / 745.6MB,217.1kB / 8.52MB
2026-03-31 04:33:34,681,7.57,92.31MB,34068.5,0.28,498.6MB / 745.6MB,217.1kB / 8.52MB
2026-03-31 04:33:46,681,7.57,90.65MB,34068.5,0.27,498.6MB / 745.6MB,217.1kB / 8.52MB
2026-03-31 04:33:58,681,7.57,90.94MB,34068.5,0.27,498.6MB / 745.6MB,217.1kB / 8.52MB
2026-03-31 04:34:10,681,7.56,90.91MB,34068.5,0.27,498.6MB / 745.6MB,217.1kB / 8.52MB
2026-03-31 04:34:21,681,7.56,90.66MB,34068.5,0.27,498.6MB / 745.6MB,217.1kB / 8.52MB
2026-03-31 04:34:33,682,7.56,90.89MB,34068.5,0.27,498.6MB / 745.6MB,217.1kB / 8.52MB
2026-03-31 04:34:45,682,7.56,90.91MB,34068.5,0.27,498.6MB / 745.6MB,217.1kB / 8.52MB
2026-03-31 04:34:56,682,7.56,90.92MB,34068.5,0.27,498.7MB / 745.6MB,217.1kB / 8.52MB
2026-03-31 04:35:08,682,7.55,90.64MB,34068.5,0.27,498.7MB / 745.6MB,217.1kB / 8.52MB
2026-03-31 04:35:20,682,7.55,90.65MB,34068.5,0.27,498.7MB / 745.6MB,217.1kB / 8.52MB
2026-03-31 04:35:32,683,7.55,90.9MB,34068.5,0.27,498.7MB / 745.6MB,217.1kB / 8.52MB
2026-03-31 04:35:43,683,7.55,90.9MB,34068.5,0.27,498.7MB / 745.6MB,217.1kB / 8.52MB
2026-03-31 04:35:55,683,7.55,90.9MB,34068.5,0.27,498.7MB / 745.6MB,217.1kB / 8.52MB
2026-03-31 04:36:07,683,7.54,90.65MB,34068.5,0.27,498.7MB / 745.6MB,217.1kB / 8.52MB
2026-03-31 04:36:19,683,7.54,91.16MB,34068.5,0.27,498.7MB / 745.7MB,217.1kB / 8.52MB
2026-03-31 04:36:30,684,7.54,90.91MB,34068.5,0.27,498.7MB / 745.7MB,217.1kB / 8.52MB
2026-03-31 04:36:42,684,7.54,90.64MB,34068.5,0.27,498.7MB / 745.7MB,217.1kB / 8.52MB
2026-03-31 04:36:54,684,7.54,90.65MB,34068.5,0.27,498.7MB / 745.7MB,217.1kB / 8.52MB
2026-03-31 04:37:05,684,7.54,90.66MB,34068.5,0.27,498.7MB / 745.7MB,217.1kB / 8.52MB
2026-03-31 04:37:17,684,7.53,90.91MB,34068.5,0.27,498.7MB / 745.7MB,217.1kB / 8.52MB
2026-03-31 04:37:29,685,7.53,90.91MB,34068.5,0.27,498.7MB / 745.7MB,217.1kB / 8.52MB
2026-03-31 04:37:41,685,7.53,90.89MB,34068.5,0.27,498.7MB / 745.7MB,217.1kB / 8.52MB
2026-03-31 04:37:52,685,7.53,90.66MB,34068.5,0.27,498.7MB / 745.7MB,217.1kB / 8.52MB
2026-03-31 04:38:04,685,7.53,90.91MB,34068.5,0.27,498.7MB / 745.7MB,217.1kB / 8.52MB
2026-03-31 04:38:16,685,7.52,90.9MB,34068.5,0.27,498.7MB / 745.7MB,217.1kB / 8.52MB
2026-03-31 04:38:28,686,7.52,91.18MB,34068.5,0.27,498.7MB / 745.7MB,217.1kB / 8.52MB
2026-03-31 04:38:39,686,7.52,90.64MB,34068.5,0.27,498.7MB / 745.7MB,217.1kB / 8.52MB
2026-03-31 04:38:51,686,7.52,90.65MB,34068.5,0.27,498.8MB / 745.7MB,217.1kB / 8.52MB
2026-03-31 04:39:03,686,7.52,90.65MB,34068.5,0.27,498.8MB / 745.7MB,217.1kB / 8.52MB
2026-03-31 04:39:15,686,7.52,90.66MB,34068.5,0.27,498.8MB / 745.7MB,217.1kB / 8.52MB
2026-03-31 04:39:27,687,7.51,90.64MB,34068.5,0.27,498.8MB / 745.7MB,217.1kB / 8.52MB
2026-03-31 04:39:38,687,7.51,91.03MB,34068.5,0.27,498.8MB / 745.7MB,217.1kB / 8.52MB
2026-03-31 04:39:50,687,7.51,90.9MB,34068.5,0.27,498.8MB / 745.7MB,217.1kB / 8.52MB
2026-03-31 04:40:02,687,7.51,90.91MB,34068.5,0.27,498.8MB / 745.7MB,217.1kB / 8.52MB
2026-03-31 04:40:14,687,7.51,91.16MB,34068.5,0.27,498.8MB / 745.7MB,217.1kB / 8.52MB
2026-03-31 04:40:25,688,7.50,90.91MB,34068.5,0.27,498.8MB / 745.7MB,217.1kB / 8.52MB
2026-03-31 04:40:37,688,7.50,90.9MB,34068.5,0.27,498.8MB / 745.7MB,217.1kB / 8.52MB
2026-03-31 04:40:49,688,7.50,90.67MB,34068.5,0.27,498.8MB / 745.7MB,217.1kB / 8.52MB
2026-03-31 04:41:01,688,7.50,90.65MB,34068.5,0.27,498.8MB / 745.7MB,217.1kB / 8.52MB
2026-03-31 04:41:12,688,7.50,90.64MB,34068.5,0.27,498.8MB / 745.8MB,217.1kB / 8.52MB
2026-03-31 04:41:24,688,7.49,90.9MB,34068.5,0.27,498.8MB / 745.8MB,217.1kB / 8.52MB
2026-03-31 04:41:36,689,7.49,90.91MB,34068.5,0.27,498.8MB / 745.8MB,217.1kB / 8.52MB
2026-03-31 04:41:48,689,7.49,90.65MB,34068.5,0.27,498.8MB / 745.8MB,217.1kB / 8.52MB
2026-03-31 04:41:59,689,7.49,90.91MB,34068.5,0.27,498.8MB / 745.8MB,217.1kB / 8.52MB
2026-03-31 04:42:11,689,7.49,90.91MB,34068.5,0.27,498.8MB / 745.8MB,217.1kB / 8.52MB
2026-03-31 04:42:23,689,7.49,91.16MB,34068.5,0.27,498.8MB / 745.8MB,217.1kB / 8.52MB
2026-03-31 04:42:35,690,7.48,90.65MB,34068.5,0.27,498.8MB / 745.8MB,217.1kB / 8.52MB
2026-03-31 04:42:46,690,7.48,90.65MB,34068.5,0.27,498.9MB / 745.8MB,217.1kB / 8.52MB
2026-03-31 04:42:58,690,7.48,90.65MB,34068.5,0.27,498.9MB / 745.8MB,217.1kB / 8.52MB
2026-03-31 04:43:10,690,7.48,90.9MB,34068.5,0.27,498.9MB / 745.8MB,217.1kB / 8.52MB
2026-03-31 04:43:21,690,7.48,90.9MB,34068.5,0.27,498.9MB / 745.8MB,217.1kB / 8.52MB
2026-03-31 04:43:33,691,7.47,90.9MB,34068.5,0.27,498.9MB / 745.8MB,217.1kB / 8.52MB
2026-03-31 04:43:45,691,7.47,90.65MB,34068.5,0.27,498.9MB / 745.8MB,217.1kB / 8.52MB
2026-03-31 04:43:57,691,7.47,90.65MB,34068.5,0.27,498.9MB / 745.8MB,217.1kB / 8.52MB
2026-03-31 04:44:08,691,7.47,91.16MB,34068.5,0.27,498.9MB / 745.8MB,217.1kB / 8.52MB
2026-03-31 04:44:20,691,7.47,90.92MB,34068.5,0.27,498.9MB / 745.8MB,217.1kB / 8.52MB
2026-03-31 04:44:32,692,7.47,90.64MB,34068.5,0.27,498.9MB / 745.8MB,217.1kB / 8.52MB
2026-03-31 04:44:44,692,7.46,90.64MB,34068.5,0.27,498.9MB / 745.8MB,217.1kB / 8.52MB
2026-03-31 04:44:55,692,7.46,90.91MB,34068.5,0.27,498.9MB / 745.8MB,217.1kB / 8.52MB
2026-03-31 04:45:07,692,7.46,90.91MB,34068.5,0.27,498.9MB / 745.8MB,217.1kB / 8.52MB
2026-03-31 04:45:19,692,7.46,90.89MB,34068.5,0.27,498.9MB / 745.8MB,217.1kB / 8.52MB
2026-03-31 04:45:31,693,7.46,90.91MB,34068.5,0.27,498.9MB / 745.8MB,217.1kB / 8.52MB
2026-03-31 04:45:42,693,7.46,91.34MB,34068.5,0.27,498.9MB / 745.8MB,217.1kB / 8.52MB
2026-03-31 04:45:54,693,7.45,90.91MB,34068.5,0.27,498.9MB / 745.9MB,217.1kB / 8.52MB
2026-03-31 04:46:06,693,7.45,90.64MB,34068.5,0.27,498.9MB / 745.9MB,217.1kB / 8.52MB
2026-03-31 04:46:17,693,7.45,91.17MB,34068.5,0.27,498.9MB / 745.9MB,217.1kB / 8.52MB
2026-03-31 04:46:29,694,7.45,90.91MB,34068.5,0.27,498.9MB / 745.9MB,217.1kB / 8.52MB
2026-03-31 04:46:41,694,7.45,90.64MB,34068.5,0.27,499MB / 745.9MB,217.1kB / 8.52MB
2026-03-31 04:46:53,694,7.44,90.91MB,34068.5,0.27,499MB / 745.9MB,217.1kB / 8.52MB
2026-03-31 04:47:05,694,7.44,90.65MB,34068.5,0.27,499MB / 745.9MB,217.1kB / 8.52MB
2026-03-31 04:47:17,694,7.44,91.17MB,34068.5,0.27,499MB / 745.9MB,217.1kB / 8.52MB
2026-03-31 04:47:28,695,7.44,90.91MB,34068.5,0.27,499MB / 745.9MB,217.1kB / 8.52MB
2026-03-31 04:47:40,695,7.44,90.91MB,34068.5,0.27,499MB / 745.9MB,217.1kB / 8.52MB
2026-03-31 04:47:52,695,7.44,90.74MB,34068.5,0.27,499MB / 745.9MB,217.1kB / 8.52MB
2026-03-31 04:48:03,695,7.43,91.16MB,34068.5,0.27,499MB / 745.9MB,217.1kB / 8.52MB
2026-03-31 04:48:15,695,7.43,90.9MB,34068.5,0.27,499MB / 745.9MB,217.1kB / 8.52MB
2026-03-31 04:48:27,696,7.43,90.9MB,34068.5,0.27,499MB / 745.9MB,217.1kB / 8.52MB
2026-03-31 04:48:39,696,7.43,90.91MB,34068.5,0.27,499MB / 745.9MB,217.1kB / 8.52MB
2026-03-31 04:48:50,696,7.43,90.85MB,34068.5,0.27,499MB / 745.9MB,217.1kB / 8.52MB
2026-03-31 04:49:02,696,7.42,90.91MB,34068.5,0.27,499MB / 745.9MB,217.1kB / 8.52MB
2026-03-31 04:49:14,696,7.42,91.18MB,34068.5,0.27,499MB / 745.9MB,217.1kB / 8.52MB
2026-03-31 04:49:26,697,7.42,90.64MB,34068.5,0.27,499MB / 745.9MB,217.1kB / 8.52MB
2026-03-31 04:49:37,697,7.42,90.9MB,34068.5,0.27,499MB / 745.9MB,217.1kB / 8.52MB
2026-03-31 04:49:49,697,7.42,91.11MB,34068.5,0.27,499MB / 745.9MB,217.1kB / 8.52MB
2026-03-31 04:50:01,697,7.42,90.91MB,34068.5,0.27,499MB / 745.9MB,217.1kB / 8.52MB
2026-03-31 04:50:13,697,7.41,90.91MB,34068.5,0.27,499MB / 745.9MB,217.1kB / 8.52MB
2026-03-31 04:50:24,697,7.41,91.16MB,34068.5,0.27,499MB / 745.9MB,217.1kB / 8.52MB
2026-03-31 04:50:36,698,7.41,90.64MB,34068.5,0.27,499.1MB / 746MB,217.1kB / 8.52MB
2026-03-31 04:50:48,698,7.41,91.06MB,34068.5,0.27,499.1MB / 746MB,217.1kB / 8.52MB
2026-03-31 04:50:59,698,7.41,90.9MB,34068.5,0.27,499.1MB / 746MB,217.1kB / 8.52MB
2026-03-31 04:51:11,698,7.40,90.89MB,34068.5,0.27,499.1MB / 746MB,217.1kB / 8.52MB
2026-03-31 04:51:23,698,7.40,91.16MB,34068.5,0.27,499.1MB / 746MB,217.1kB / 8.52MB
2026-03-31 04:51:34,699,7.40,90.65MB,34068.5,0.27,499.1MB / 746MB,217.1kB / 8.52MB
2026-03-31 04:51:46,699,7.40,90.64MB,34068.5,0.27,499.1MB / 746MB,217.1kB / 8.52MB
2026-03-31 04:51:58,699,7.40,91.16MB,34068.5,0.27,499.1MB / 746MB,217.1kB / 8.52MB
2026-03-31 04:52:10,699,7.40,90.91MB,34068.5,0.27,499.1MB / 746MB,217.1kB / 8.52MB
2026-03-31 04:52:22,699,7.39,90.64MB,34068.5,0.27,499.1MB / 746MB,217.1kB / 8.52MB
2026-03-31 04:52:33,700,7.39,90.65MB,34068.5,0.27,499.1MB / 746MB,217.1kB / 8.52MB
2026-03-31 04:52:45,700,7.39,90.91MB,34068.5,0.27,499.1MB / 746MB,217.1kB / 8.52MB
2026-03-31 04:52:57,700,7.39,91.16MB,34068.5,0.27,499.1MB / 746MB,217.1kB / 8.52MB
2026-03-31 04:53:08,700,7.39,90.65MB,34068.5,0.27,499.1MB / 746MB,217.1kB / 8.52MB
2026-03-31 04:53:20,700,7.39,91.16MB,34068.5,0.27,499.1MB / 746MB,217.1kB / 8.52MB
2026-03-31 04:53:32,701,7.38,90.9MB,34068.5,0.27,499.1MB / 746MB,217.1kB / 8.52MB
2026-03-31 04:53:43,701,7.38,90.64MB,34068.5,0.27,499.1MB / 746MB,217.1kB / 8.52MB
2026-03-31 04:53:55,701,7.38,90.66MB,34068.5,0.27,499.1MB / 746MB,217.1kB / 8.52MB
2026-03-31 04:54:07,701,7.38,90.91MB,34068.5,0.27,499.1MB / 746MB,217.1kB / 8.52MB
2026-03-31 04:54:19,701,7.38,90.91MB,34068.5,0.27,499.1MB / 746MB,217.1kB / 8.52MB
2026-03-31 04:54:30,702,7.37,90.64MB,34068.5,0.27,499.2MB / 746MB,217.1kB / 8.52MB
2026-03-31 04:54:42,702,7.37,90.91MB,34068.5,0.27,499.2MB / 746MB,217.1kB / 8.52MB
2026-03-31 04:54:54,702,7.37,90.65MB,34068.5,0.27,499.2MB / 746MB,217.1kB / 8.52MB
2026-03-31 04:55:06,702,7.37,90.65MB,34068.5,0.27,499.2MB / 746MB,217.1kB / 8.52MB
2026-03-31 04:55:17,702,7.37,90.66MB,34068.5,0.27,499.2MB / 746.1MB,217.1kB / 8.52MB
2026-03-31 04:55:29,703,7.37,90.65MB,34068.5,0.27,499.2MB / 746.1MB,217.1kB / 8.52MB
2026-03-31 04:55:41,703,7.36,90.91MB,34068.5,0.27,499.2MB / 746.1MB,217.1kB / 8.52MB
2026-03-31 04:55:53,703,7.36,90.66MB,34068.5,0.27,499.2MB / 746.1MB,217.1kB / 8.52MB
2026-03-31 04:56:04,703,7.36,90.9MB,34068.5,0.27,499.2MB / 746.1MB,217.1kB / 8.52MB
2026-03-31 04:56:16,703,7.36,90.92MB,34068.5,0.27,499.2MB / 746.1MB,217.1kB / 8.52MB
2026-03-31 04:56:28,704,7.36,90.65MB,34068.5,0.27,499.2MB / 746.1MB,217.1kB / 8.52MB
2026-03-31 04:56:40,704,7.36,90.64MB,34068.5,0.27,499.2MB / 746.1MB,217.1kB / 8.52MB
2026-03-31 04:56:51,704,7.35,90.9MB,34068.5,0.27,499.2MB / 746.1MB,217.1kB / 8.52MB
2026-03-31 04:57:03,704,7.35,90.65MB,34068.5,0.27,499.2MB / 746.1MB,217.1kB / 8.52MB
2026-03-31 04:57:15,704,7.35,90.9MB,34068.5,0.27,499.2MB / 746.1MB,217.1kB / 8.52MB
2026-03-31 04:57:27,705,7.35,90.9MB,34068.5,0.27,499.2MB / 746.1MB,217.1kB / 8.52MB
2026-03-31 04:57:38,705,7.35,90.9MB,34068.5,0.27,499.2MB / 746.1MB,217.1kB / 8.52MB
2026-03-31 04:57:50,705,7.35,90.91MB,34068.5,0.27,499.2MB / 746.1MB,217.1kB / 8.52MB
2026-03-31 04:58:02,705,7.34,90.64MB,34068.5,0.27,499.2MB / 746.1MB,217.1kB / 8.52MB
2026-03-31 04:58:13,705,7.34,90.65MB,34068.5,0.27,499.2MB / 746.1MB,217.1kB / 8.52MB
2026-03-31 04:58:25,706,7.34,90.91MB,34068.5,0.27,499.3MB / 746.1MB,217.1kB / 8.52MB
2026-03-31 04:58:37,706,7.34,90.65MB,34068.5,0.27,499.3MB / 746.1MB,217.1kB / 8.52MB
2026-03-31 04:58:48,706,7.34,91.22MB,34068.5,0.27,499.3MB / 746.1MB,217.1kB / 8.52MB
2026-03-31 04:59:00,706,7.34,90.65MB,34068.5,0.27,499.3MB / 746.1MB,217.1kB / 8.52MB
2026-03-31 04:59:12,706,7.33,90.64MB,34068.5,0.27,499.3MB / 746.1MB,217.1kB / 8.52MB
2026-03-31 04:59:24,706,7.33,91.16MB,34068.5,0.27,499.3MB / 746.1MB,217.1kB / 8.52MB
2026-03-31 04:59:35,707,7.33,90.64MB,34068.5,0.27,499.3MB / 746.1MB,217.1kB / 8.52MB
2026-03-31 04:59:47,707,7.33,90.64MB,34068.5,0.27,499.3MB / 746.1MB,217.1kB / 8.52MB
2026-03-31 04:59:59,707,7.33,90.91MB,34068.5,0.27,499.3MB / 746.2MB,217.1kB / 8.52MB
2026-03-31 05:00:11,707,7.32,90.89MB,34068.5,0.27,499.3MB / 746.2MB,217.1kB / 8.52MB
2026-03-31 05:00:23,707,7.32,90.66MB,34068.5,0.27,499.3MB / 746.2MB,217.1kB / 8.52MB
2026-03-31 05:00:34,708,7.32,90.91MB,34068.5,0.27,499.3MB / 746.2MB,217.1kB / 8.52MB
2026-03-31 05:00:46,708,7.32,90.65MB,34068.5,0.27,499.3MB / 746.2MB,217.1kB / 8.52MB
2026-03-31 05:00:58,708,7.32,90.89MB,34068.5,0.27,499.3MB / 746.2MB,217.1kB / 8.52MB
2026-03-31 05:01:09,708,7.32,91.16MB,34068.5,0.27,499.3MB / 746.2MB,217.1kB / 8.52MB
2026-03-31 05:01:21,708,7.31,90.91MB,34068.5,0.27,499.3MB / 746.2MB,217.1kB / 8.52MB
2026-03-31 05:01:33,709,7.31,90.92MB,34068.5,0.27,499.3MB / 746.2MB,217.1kB / 8.52MB
2026-03-31 05:01:45,709,7.31,90.64MB,34068.5,0.27,499.3MB / 746.2MB,217.1kB / 8.52MB
2026-03-31 05:01:56,709,7.31,90.65MB,34068.5,0.27,499.3MB / 746.2MB,217.1kB / 8.52MB
2026-03-31 05:02:08,709,7.31,90.66MB,34068.5,0.27,499.3MB / 746.2MB,217.1kB / 8.52MB
2026-03-31 05:02:20,709,7.31,90.64MB,34068.5,0.27,499.4MB / 746.2MB,217.1kB / 8.52MB
2026-03-31 05:02:31,710,7.30,90.64MB,34068.5,0.27,499.4MB / 746.2MB,217.1kB / 8.52MB
2026-03-31 05:02:43,710,7.30,90.9MB,34068.5,0.27,499.4MB / 746.2MB,217.1kB / 8.52MB
2026-03-31 05:02:55,710,7.30,90.9MB,34068.5,0.27,499.4MB / 746.2MB,217.1kB / 8.52MB
2026-03-31 05:03:07,710,7.30,90.9MB,34068.5,0.27,499.4MB / 746.2MB,217.1kB / 8.52MB
2026-03-31 05:03:18,710,7.30,90.65MB,34068.5,0.27,499.4MB / 746.2MB,217.1kB / 8.52MB
2026-03-31 05:03:30,711,7.30,90.64MB,34068.5,0.27,499.4MB / 746.2MB,217.1kB / 8.52MB
2026-03-31 05:03:42,711,7.29,90.65MB,34068.5,0.27,499.4MB / 746.2MB,217.1kB / 8.52MB
2026-03-31 05:03:54,711,7.29,91.16MB,34068.5,0.27,499.4MB / 746.2MB,217.1kB / 8.52MB
2026-03-31 05:04:05,711,7.29,90.65MB,34068.5,0.27,499.4MB / 746.2MB,217.1kB / 8.52MB
2026-03-31 05:04:17,711,7.29,90.64MB,34068.5,0.27,499.4MB / 746.2MB,217.1kB / 8.52MB
2026-03-31 05:04:29,712,7.29,90.64MB,34068.5,0.27,499.4MB / 746.2MB,217.1kB / 8.52MB
2026-03-31 05:04:40,712,7.29,90.65MB,34068.5,0.27,499.4MB / 746.2MB,217.1kB / 8.52MB
2026-03-31 05:04:52,712,7.28,90.7MB,34068.5,0.27,499.4MB / 746.3MB,217.1kB / 8.52MB
2026-03-31 05:05:04,712,7.28,90.64MB,34068.5,0.27,499.4MB / 746.3MB,217.1kB / 8.52MB
2026-03-31 05:05:16,712,7.28,90.91MB,34068.5,0.27,499.4MB / 746.3MB,217.1kB / 8.52MB
2026-03-31 05:05:27,713,7.28,90.91MB,34068.5,0.27,499.4MB / 746.3MB,217.1kB / 8.52MB
2026-03-31 05:05:39,713,7.28,90.64MB,34068.5,0.27,499.4MB / 746.3MB,217.1kB / 8.52MB
2026-03-31 05:05:51,713,7.28,90.64MB,34068.5,0.27,499.4MB / 746.3MB,217.1kB / 8.52MB
2026-03-31 05:06:03,713,7.27,90.64MB,34068.5,0.27,499.4MB / 746.3MB,217.1kB / 8.52MB
2026-03-31 05:06:14,713,7.27,90.65MB,34068.5,0.27,499.5MB / 746.3MB,217.1kB / 8.52MB
2026-03-31 05:06:26,714,7.27,90.92MB,34068.5,0.27,499.5MB / 746.3MB,217.1kB / 8.52MB
2026-03-31 05:06:38,714,7.27,90.64MB,34068.5,0.27,499.5MB / 746.3MB,217.1kB / 8.52MB
2026-03-31 05:06:49,714,7.27,91.16MB,34068.5,0.27,499.5MB / 746.3MB,217.1kB / 8.52MB
2026-03-31 05:07:01,714,7.27,91.16MB,34068.5,0.27,499.5MB / 746.3MB,217.1kB / 8.52MB
2026-03-31 05:07:13,714,7.26,90.64MB,34068.5,0.27,499.5MB / 746.3MB,217.1kB / 8.52MB
2026-03-31 05:07:25,715,7.26,90.64MB,34068.5,0.27,499.5MB / 746.3MB,217.1kB / 8.52MB
2026-03-31 05:07:36,715,7.26,90.64MB,34068.5,0.27,499.5MB / 746.3MB,217.1kB / 8.52MB
2026-03-31 05:07:48,715,7.26,90.65MB,34068.5,0.27,499.5MB / 746.3MB,217.1kB / 8.52MB
2026-03-31 05:08:00,715,7.26,91.16MB,34068.5,0.27,499.5MB / 746.3MB,217.1kB / 8.52MB
2026-03-31 05:08:11,715,7.26,90.91MB,34068.5,0.27,499.5MB / 746.3MB,217.1kB / 8.52MB
2026-03-31 05:08:23,715,7.25,90.64MB,34068.5,0.27,499.5MB / 746.3MB,217.1kB / 8.52MB
2026-03-31 05:08:35,716,7.25,90.91MB,34068.5,0.27,499.5MB / 746.3MB,217.1kB / 8.52MB
2026-03-31 05:08:46,716,7.25,90.65MB,34068.5,0.27,499.5MB / 746.3MB,217.1kB / 8.52MB
2026-03-31 05:08:58,716,7.25,90.65MB,34068.5,0.27,499.5MB / 746.3MB,217.1kB / 8.52MB
2026-03-31 05:09:10,716,7.25,90.91MB,34068.5,0.27,499.5MB / 746.3MB,217.1kB / 8.52MB
2026-03-31 05:09:22,716,7.24,90.64MB,34068.5,0.27,499.5MB / 746.3MB,217.1kB / 8.52MB
2026-03-31 05:09:33,717,7.24,90.66MB,34068.5,0.27,499.5MB / 746.4MB,217.1kB / 8.52MB
2026-03-31 05:09:45,717,7.24,90.65MB,34068.5,0.27,499.5MB / 746.4MB,217.1kB / 8.52MB
2026-03-31 05:09:57,717,7.24,90.91MB,34068.5,0.27,499.5MB / 746.4MB,217.1kB / 8.52MB
2026-03-31 05:10:09,717,7.24,90.9MB,34068.5,0.27,499.5MB / 746.4MB,217.1kB / 8.52MB
2026-03-31 05:10:21,717,7.24,90.89MB,34068.5,0.27,499.6MB / 746.4MB,217.1kB / 8.52MB
2026-03-31 05:10:32,718,7.23,90.64MB,34068.5,0.27,499.6MB / 746.4MB,217.1kB / 8.52MB
2026-03-31 05:10:44,718,7.23,90.9MB,34068.5,0.27,499.6MB / 746.4MB,217.1kB / 8.52MB
2026-03-31 05:10:56,718,7.23,90.77MB,34068.5,0.27,499.6MB / 746.4MB,217.1kB / 8.52MB
2026-03-31 05:11:08,718,7.23,91.43MB,34068.5,0.27,499.6MB / 746.4MB,217.1kB / 8.52MB
2026-03-31 05:11:19,718,7.23,90.64MB,34068.5,0.27,499.6MB / 746.4MB,217.1kB / 8.52MB
2026-03-31 05:11:31,719,7.23,91.16MB,34068.5,0.27,499.6MB / 746.4MB,217.1kB / 8.52MB
2026-03-31 05:11:43,719,7.22,90.64MB,34068.5,0.27,499.6MB / 746.4MB,217.1kB / 8.52MB
2026-03-31 05:11:55,719,7.22,90.9MB,34068.5,0.27,499.6MB / 746.4MB,217.1kB / 8.52MB
2026-03-31 05:12:07,719,7.22,90.65MB,34068.5,0.27,499.6MB / 746.4MB,217.1kB / 8.52MB
2026-03-31 05:12:18,719,7.22,91.16MB,34068.5,0.27,499.6MB / 746.4MB,217.1kB / 8.52MB
2026-03-31 05:12:30,720,7.22,91.16MB,34068.5,0.27,499.6MB / 746.4MB,217.1kB / 8.52MB
