timestamp,elapsed_min,vm_size_kb,vm_rss_kb,vm_data_kb,vm_stk_kb,cgroup_mem_bytes
2026-03-30 17:12:25,0,117293056
2026-03-30 17:12:37,0,152723456
2026-03-30 17:12:49,0,153223168
2026-03-30 17:13:01,0,152100864
2026-03-30 17:13:12,0,152367104
2026-03-30 17:13:24,0,152186880
2026-03-30 17:13:36,1,150777856
2026-03-30 17:13:48,1,149450752
2026-03-30 17:13:59,1,150151168
2026-03-30 17:14:11,1,150278144
2026-03-30 17:14:24,1,150720512
2026-03-30 17:14:36,2,150351872
2026-03-30 17:14:48,2,150192128
2026-03-30 17:15:00,2,150179840
2026-03-30 17:15:12,2,148664320
2026-03-30 17:15:24,2,147984384
2026-03-30 17:15:37,3,148332544
2026-03-30 17:15:49,3,149315584
2026-03-30 17:16:01,3,147501056
2026-03-30 17:16:13,3,147341312
2026-03-30 17:16:25,4,145682432
2026-03-30 17:16:38,4,146755584
2026-03-30 17:16:50,4,146731008
2026-03-30 17:17:02,4,146915328
2026-03-30 17:17:14,4,146423808
2026-03-30 17:17:26,5,145752064
2026-03-30 17:17:38,5,146399232
2026-03-30 17:17:51,5,144261120
2026-03-30 17:18:03,5,143151104
2026-03-30 17:18:15,5,143122432
2026-03-30 17:18:28,6,140836864
2026-03-30 17:18:40,6,141139968
2026-03-30 17:18:52,6,135667712
2026-03-30 17:19:04,6,134807552
2026-03-30 17:19:16,6,134684672
2026-03-30 17:19:28,7,135122944
2026-03-30 17:19:41,7,134139904
2026-03-30 17:19:53,7,135516160
2026-03-30 17:20:05,7,135847936
2026-03-30 17:20:17,7,135380992
2026-03-30 17:20:29,8,135475200
2026-03-30 17:20:42,8,135086080
2026-03-30 17:20:54,8,135319552
2026-03-30 17:21:07,8,135495680
2026-03-30 17:21:19,8,135114752
2026-03-30 17:21:31,9,135852032
2026-03-30 17:21:43,9,135364608
2026-03-30 17:21:55,9,134967296
2026-03-30 17:22:07,9,135921664
2026-03-30 17:22:19,9,135491584
2026-03-30 17:22:32,10,135913472
2026-03-30 17:22:44,10,135794688
2026-03-30 17:22:56,10,135376896
2026-03-30 17:23:08,10,135766016
2026-03-30 17:23:21,10,135634944
2026-03-30 17:23:33,11,135815168
2026-03-30 17:23:45,11,136032256
2026-03-30 17:23:58,11,136388608
2026-03-30 17:24:10,11,136396800
2026-03-30 17:24:22,11,136290304
2026-03-30 17:24:34,12,136310784
2026-03-30 17:24:46,12,135827456
2026-03-30 17:24:58,12,136626176
2026-03-30 17:25:10,12,136613888
2026-03-30 17:25:22,12,136179712
2026-03-30 17:25:35,13,136765440
2026-03-30 17:25:47,13,136613888
2026-03-30 17:25:59,13,136859648
2026-03-30 17:26:11,13,136597504
2026-03-30 17:26:23,13,136622080
2026-03-30 17:26:35,14,136323072
2026-03-30 17:26:47,14,137039872
2026-03-30 17:26:59,14,136663040
2026-03-30 17:27:12,14,137383936
2026-03-30 17:27:24,14,137400320
2026-03-30 17:27:36,15,136867840
2026-03-30 17:27:48,15,137269248
2026-03-30 17:28:00,15,137383936
2026-03-30 17:28:13,15,137883648
2026-03-30 17:28:25,16,136974336
2026-03-30 17:28:37,16,136867840
2026-03-30 17:28:49,16,138162176
2026-03-30 17:29:01,16,136945664
2026-03-30 17:29:13,16,137502720
2026-03-30 17:29:25,17,138010624
2026-03-30 17:29:37,17,137453568
2026-03-30 17:29:49,17,137416704
2026-03-30 17:30:01,17,137396224
2026-03-30 17:30:14,17,137773056
2026-03-30 17:30:26,18,137056256
2026-03-30 17:30:38,18,137428992
2026-03-30 17:30:50,18,137416704
2026-03-30 17:31:02,18,137588736
2026-03-30 17:31:14,18,137838592
2026-03-30 17:31:26,19,137129984
2026-03-30 17:31:38,19,138321920
2026-03-30 17:31:50,19,137998336
2026-03-30 17:32:03,19,138514432
2026-03-30 17:32:15,19,138002432
2026-03-30 17:32:27,20,137920512
2026-03-30 17:32:39,20,137748480
2026-03-30 17:32:51,20,138723328
2026-03-30 17:33:03,20,137924608
2026-03-30 17:33:16,20,137920512
2026-03-30 17:33:28,21,138162176
2026-03-30 17:33:40,21,138125312
2026-03-30 17:33:52,21,138862592
2026-03-30 17:34:04,21,137670656
2026-03-30 17:34:16,21,138674176
2026-03-30 17:34:29,22,138506240
2026-03-30 17:34:41,22,138215424
2026-03-30 17:34:53,22,138788864
2026-03-30 17:35:05,22,138858496
2026-03-30 17:35:17,22,138629120
2026-03-30 17:35:29,23,138391552
2026-03-30 17:35:41,23,138362880
2026-03-30 17:35:54,23,138817536
2026-03-30 17:36:06,23,138571776
2026-03-30 17:36:18,23,138469376
2026-03-30 17:36:30,24,139218944
2026-03-30 17:36:42,24,139100160
2026-03-30 17:36:54,24,138469376
2026-03-30 17:37:06,24,138432512
2026-03-30 17:37:18,24,138846208
2026-03-30 17:37:30,25,138403840
2026-03-30 17:37:42,25,139214848
2026-03-30 17:37:55,25,138940416
2026-03-30 17:38:07,25,139419648
2026-03-30 17:38:19,25,138997760
2026-03-30 17:38:31,26,139034624
2026-03-30 17:38:43,26,139239424
2026-03-30 17:38:56,26,138809344
2026-03-30 17:39:07,26,139177984
2026-03-30 17:39:20,26,139239424
2026-03-30 17:39:32,27,139382784
2026-03-30 17:39:44,27,139800576
2026-03-30 17:39:57,27,139509760
2026-03-30 17:40:09,27,139882496
2026-03-30 17:40:21,27,139104256
2026-03-30 17:40:33,28,139206656
2026-03-30 17:40:45,28,139943936
2026-03-30 17:40:57,28,140529664
2026-03-30 17:41:09,28,139767808
2026-03-30 17:41:22,28,140009472
2026-03-30 17:41:34,29,140296192
2026-03-30 17:41:46,29,140525568
2026-03-30 17:41:58,29,139767808
2026-03-30 17:42:10,29,140111872
2026-03-30 17:42:23,29,139710464
2026-03-30 17:42:35,30,139640832
2026-03-30 17:42:47,30,140238848
2026-03-30 17:42:59,30,139579392
2026-03-30 17:43:11,30,140226560
2026-03-30 17:43:24,30,140537856
2026-03-30 17:43:36,31,139653120
2026-03-30 17:43:48,31,140398592
2026-03-30 17:44:00,31,140001280
2026-03-30 17:44:12,31,140525568
2026-03-30 17:44:24,31,139960320
2026-03-30 17:44:37,32,140361728
2026-03-30 17:44:49,32,139776000
2026-03-30 17:45:01,32,140967936
2026-03-30 17:45:13,32,140034048
2026-03-30 17:45:25,33,139931648
2026-03-30 17:45:37,33,140607488
2026-03-30 17:45:49,33,139927552
2026-03-30 17:46:02,33,140853248
2026-03-30 17:46:14,33,140845056
2026-03-30 17:46:26,34,140849152
2026-03-30 17:46:38,34,141045760
2026-03-30 17:46:50,34,141840384
2026-03-30 17:47:02,34,140525568
2026-03-30 17:47:14,34,140742656
2026-03-30 17:47:27,35,141066240
2026-03-30 17:47:39,35,140845056
2026-03-30 17:47:51,35,141639680
2026-03-30 17:48:03,35,140660736
2026-03-30 17:48:15,35,140922880
2026-03-30 17:48:27,36,141066240
2026-03-30 17:48:39,36,141369344
2026-03-30 17:48:51,36,141479936
2026-03-30 17:49:03,36,141590528
2026-03-30 17:49:15,36,141381632
2026-03-30 17:49:27,37,141201408
2026-03-30 17:49:39,37,140742656
2026-03-30 17:49:52,37,141508608
2026-03-30 17:50:04,37,141672448
2026-03-30 17:50:16,37,141639680
2026-03-30 17:50:28,38,141115392
2026-03-30 17:50:40,38,141238272
2026-03-30 17:50:52,38,140955648
2026-03-30 17:51:04,38,142405632
2026-03-30 17:51:16,38,141770752
2026-03-30 17:51:28,39,142262272
2026-03-30 17:51:40,39,142323712
2026-03-30 17:51:52,39,141910016
2026-03-30 17:52:05,39,141811712
2026-03-30 17:52:17,39,142172160
2026-03-30 17:52:29,40,141717504
2026-03-30 17:52:41,40,141881344
2026-03-30 17:52:53,40,142249984
2026-03-30 17:53:06,40,142188544
2026-03-30 17:53:18,40,142295040
2026-03-30 17:53:30,41,142020608
2026-03-30 17:53:42,41,142282752
2026-03-30 17:53:54,41,142626816
2026-03-30 17:54:07,41,142184448
2026-03-30 17:54:19,41,142278656
2026-03-30 17:54:31,42,143466496
2026-03-30 17:54:43,42,142602240
2026-03-30 17:54:55,42,142536704
2026-03-30 17:55:07,42,142299136
2026-03-30 17:55:19,42,142479360
2026-03-30 17:55:32,43,142307328
2026-03-30 17:55:44,43,142639104
2026-03-30 17:55:56,43,142622720
2026-03-30 17:56:08,43,142209024
2026-03-30 17:56:20,43,142430208
2026-03-30 17:56:32,44,142237696
2026-03-30 17:56:44,44,143499264
2026-03-30 17:56:56,44,143048704
2026-03-30 17:57:08,44,143409152
2026-03-30 17:57:20,44,142688256
2026-03-30 17:57:33,45,141930496
2026-03-30 17:57:45,45,143347712
2026-03-30 17:57:57,45,143085568
2026-03-30 17:58:09,45,144158720
2026-03-30 17:58:21,45,143065088
2026-03-30 17:58:33,46,143175680
2026-03-30 17:58:45,46,143101952
2026-03-30 17:58:58,46,143630336
2026-03-30 17:59:10,46,143704064
2026-03-30 17:59:22,46,143482880
2026-03-30 17:59:34,47,143417344
2026-03-30 17:59:46,47,143527936
2026-03-30 17:59:58,47,143720448
2026-03-30 18:00:10,47,143704064
2026-03-30 18:00:23,47,143523840
2026-03-30 18:00:35,48,143810560
2026-03-30 18:00:47,48,143396864
2026-03-30 18:00:59,48,144322560
2026-03-30 18:01:11,48,143044608
2026-03-30 18:01:24,48,143581184
2026-03-30 18:01:36,49,143773696
2026-03-30 18:01:48,49,143511552
2026-03-30 18:02:00,49,143278080
2026-03-30 18:02:12,49,143462400
2026-03-30 18:02:24,49,143761408
2026-03-30 18:02:36,50,143753216
2026-03-30 18:02:49,50,143618048
2026-03-30 18:03:01,50,144191488
2026-03-30 18:03:13,50,143114240
2026-03-30 18:03:25,51,144101376
2026-03-30 18:03:37,51,144510976
2026-03-30 18:03:49,51,144056320
2026-03-30 18:04:02,51,144736256
2026-03-30 18:04:14,51,144453632
2026-03-30 18:04:26,52,144543744
2026-03-30 18:04:38,52,144338944
2026-03-30 18:04:51,52,143667200
2026-03-30 18:05:03,52,144007168
2026-03-30 18:05:15,52,144420864
2026-03-30 18:05:27,53,144728064
2026-03-30 18:05:39,53,144318464
2026-03-30 18:05:51,53,143851520
2026-03-30 18:06:04,53,144347136
2026-03-30 18:06:16,53,144678912
2026-03-30 18:06:28,54,144769024
2026-03-30 18:06:40,54,145068032
2026-03-30 18:06:52,54,144191488
2026-03-30 18:07:05,54,144969728
2026-03-30 18:07:17,54,144670720
2026-03-30 18:07:29,55,145096704
2026-03-30 18:07:41,55,145088512
2026-03-30 18:07:53,55,144973824
2026-03-30 18:08:05,55,145440768
2026-03-30 18:08:17,55,144830464
2026-03-30 18:08:29,56,145002496
2026-03-30 18:08:42,56,145424384
2026-03-30 18:08:54,56,145436672
2026-03-30 18:09:06,56,145625088
2026-03-30 18:09:18,56,145592320
2026-03-30 18:09:30,57,145702912
2026-03-30 18:09:42,57,144986112
2026-03-30 18:09:55,57,145666048
2026-03-30 18:10:07,57,146214912
2026-03-30 18:10:19,57,145686528
2026-03-30 18:10:31,58,145530880
2026-03-30 18:10:43,58,145702912
2026-03-30 18:10:56,58,145473536
2026-03-30 18:11:08,58,146419712
2026-03-30 18:11:20,58,145559552
2026-03-30 18:11:32,59,145231872
2026-03-30 18:11:44,59,145825792
2026-03-30 18:11:56,59,145707008
2026-03-30 18:12:09,59,146325504
2026-03-30 18:12:21,59,146350080
2026-03-30 18:12:33,60,146087936
2026-03-30 18:12:45,60,145612800
2026-03-30 18:12:57,60,146620416
2026-03-30 18:13:09,60,145739776
2026-03-30 18:13:22,60,147599360
2026-03-30 18:13:34,61,147460096
2026-03-30 18:13:46,61,147365888
2026-03-30 18:13:58,61,147271680
2026-03-30 18:14:10,61,147673088
2026-03-30 18:14:23,61,146452480
2026-03-30 18:14:35,62,147550208
2026-03-30 18:14:47,62,147017728
2026-03-30 18:14:59,62,147595264
2026-03-30 18:15:11,62,147484672
2026-03-30 18:15:23,62,147484672
2026-03-30 18:15:35,63,146661376
2026-03-30 18:15:47,63,147181568
2026-03-30 18:15:59,63,147828736
2026-03-30 18:16:11,63,148226048
2026-03-30 18:16:24,63,147136512
2026-03-30 18:16:36,64,147140608
2026-03-30 18:16:48,64,147951616
2026-03-30 18:17:00,64,147980288
2026-03-30 18:17:12,64,148213760
2026-03-30 18:17:25,65,148320256
2026-03-30 18:17:37,65,148058112
2026-03-30 18:17:49,65,148217856
2026-03-30 18:18:01,65,148103168
2026-03-30 18:18:13,65,147804160
2026-03-30 18:18:25,66,147943424
2026-03-30 18:18:37,66,148168704
2026-03-30 18:18:50,66,149110784
2026-03-30 18:19:02,66,147673088
2026-03-30 18:19:14,66,148447232
2026-03-30 18:19:26,67,148086784
2026-03-30 18:19:39,67,147939328
2026-03-30 18:19:51,67,148103168
2026-03-30 18:20:03,67,148619264
2026-03-30 18:20:15,67,148557824
2026-03-30 18:20:27,68,148938752
2026-03-30 18:20:39,68,148299776
2026-03-30 18:20:52,68,148545536
2026-03-30 18:21:04,68,148471808
2026-03-30 18:21:16,68,148967424
2026-03-30 18:21:28,69,148111360
2026-03-30 18:21:40,69,149237760
2026-03-30 18:21:52,69,149061632
2026-03-30 18:22:04,69,148316160
2026-03-30 18:22:16,69,148361216
2026-03-30 18:22:29,70,148787200
2026-03-30 18:22:41,70,149090304
2026-03-30 18:22:53,70,148807680
2026-03-30 18:23:05,70,149426176
2026-03-30 18:23:18,70,148946944
2026-03-30 18:23:30,71,148770816
2026-03-30 18:23:42,71,148901888
2026-03-30 18:23:54,71,149065728
2026-03-30 18:24:06,71,149151744
2026-03-30 18:24:19,71,149651456
2026-03-30 18:24:31,72,148815872
2026-03-30 18:24:43,72,149536768
2026-03-30 18:24:55,72,149368832
2026-03-30 18:25:07,72,148746240
2026-03-30 18:25:19,72,149766144
2026-03-30 18:25:31,73,149041152
2026-03-30 18:25:44,73,149135360
2026-03-30 18:25:56,73,150474752
2026-03-30 18:26:08,73,149233664
2026-03-30 18:26:20,73,150175744
2026-03-30 18:26:32,74,150020096
2026-03-30 18:26:45,74,149508096
2026-03-30 18:26:57,74,149770240
2026-03-30 18:27:09,74,149422080
2026-03-30 18:27:21,74,150069248
2026-03-30 18:27:33,75,149499904
2026-03-30 18:27:45,75,149696512
2026-03-30 18:27:57,75,148836352
2026-03-30 18:28:09,75,150446080
2026-03-30 18:28:21,75,150732800
2026-03-30 18:28:33,76,150794240
2026-03-30 18:28:46,76,149921792
2026-03-30 18:28:58,76,149782528
2026-03-30 18:29:10,76,149880832
2026-03-30 18:29:22,76,149958656
2026-03-30 18:29:34,77,150663168
2026-03-30 18:29:46,77,149954560
2026-03-30 18:29:58,77,151240704
2026-03-30 18:30:10,77,150568960
2026-03-30 18:30:23,77,150687744
2026-03-30 18:30:35,78,150421504
2026-03-30 18:30:47,78,150667264
2026-03-30 18:30:59,78,150364160
2026-03-30 18:31:11,78,151388160
2026-03-30 18:31:23,78,151089152
2026-03-30 18:31:35,79,150761472
2026-03-30 18:31:48,79,151801856
2026-03-30 18:32:00,79,151216128
2026-03-30 18:32:12,79,150237184
2026-03-30 18:32:24,79,151236608
2026-03-30 18:32:36,80,150949888
2026-03-30 18:32:49,80,151281664
2026-03-30 18:33:01,80,150646784
2026-03-30 18:33:13,80,150806528
2026-03-30 18:33:25,81,150913024
2026-03-30 18:33:37,81,151453696
2026-03-30 18:33:49,81,151678976
2026-03-30 18:34:01,81,150749184
2026-03-30 18:34:14,81,150872064
2026-03-30 18:34:26,82,151543808
2026-03-30 18:34:38,82,151298048
2026-03-30 18:34:50,82,151130112
2026-03-30 18:35:03,82,151007232
2026-03-30 18:35:15,82,151834624
2026-03-30 18:35:27,83,151851008
2026-03-30 18:35:39,83,151228416
2026-03-30 18:35:52,83,151556096
2026-03-30 18:36:04,83,151597056
2026-03-30 18:36:16,83,151732224
2026-03-30 18:36:28,84,151564288
2026-03-30 18:36:40,84,151519232
2026-03-30 18:36:52,84,150986752
2026-03-30 18:37:05,84,152535040
2026-03-30 18:37:17,84,151887872
2026-03-30 18:37:29,85,152358912
2026-03-30 18:37:41,85,152420352
2026-03-30 18:37:53,85,152170496
2026-03-30 18:38:06,85,153075712
2026-03-30 18:38:18,85,151789568
2026-03-30 18:38:30,86,152248320
2026-03-30 18:38:42,86,152178688
2026-03-30 18:38:54,86,152879104
2026-03-30 18:39:07,86,152121344
2026-03-30 18:39:19,86,152543232
2026-03-30 18:39:31,87,151240704
2026-03-30 18:39:43,87,152543232
2026-03-30 18:39:55,87,152616960
2026-03-30 18:40:07,87,152150016
2026-03-30 18:40:19,87,152748032
2026-03-30 18:40:31,88,151875584
2026-03-30 18:40:44,88,151875584
2026-03-30 18:40:56,88,152547328
2026-03-30 18:41:08,88,153214976
2026-03-30 18:41:20,88,153042944
2026-03-30 18:41:32,89,152383488
2026-03-30 18:41:44,89,153300992
2026-03-30 18:41:57,89,153219072
2026-03-30 18:42:09,89,152690688
2026-03-30 18:42:21,89,153657344
2026-03-30 18:42:33,90,152915968
2026-03-30 18:42:45,90,153247744
2026-03-30 18:42:57,90,152608768
2026-03-30 18:43:10,90,153202688
2026-03-30 18:43:22,90,152649728
2026-03-30 18:43:34,91,152080384
2026-03-30 18:43:46,91,153452544
2026-03-30 18:43:59,91,153362432
2026-03-30 18:44:11,91,153513984
2026-03-30 18:44:23,91,153612288
2026-03-30 18:44:36,92,153444352
2026-03-30 18:44:48,92,153608192
2026-03-30 18:45:00,92,153370624
2026-03-30 18:45:13,92,153821184
2026-03-30 18:45:25,93,153509888
2026-03-30 18:45:37,93,153595904
2026-03-30 18:45:49,93,153133056
2026-03-30 18:46:01,93,153550848
2026-03-30 18:46:14,93,152817664
2026-03-30 18:46:26,94,153927680
2026-03-30 18:46:38,94,153874432
2026-03-30 18:46:50,94,153874432
2026-03-30 18:47:03,94,153128960
2026-03-30 18:47:15,94,153120768
2026-03-30 18:47:27,95,154423296
2026-03-30 18:47:40,95,153907200
2026-03-30 18:47:52,95,154173440
2026-03-30 18:48:04,95,154673152
2026-03-30 18:48:16,95,154083328
2026-03-30 18:48:29,96,153866240
2026-03-30 18:48:41,96,153538560
2026-03-30 18:48:53,96,154890240
2026-03-30 18:49:05,96,154222592
2026-03-30 18:49:18,96,154419200
2026-03-30 18:49:30,97,154370048
2026-03-30 18:49:42,97,154390528
2026-03-30 18:49:54,97,153849856
2026-03-30 18:50:06,97,154836992
2026-03-30 18:50:18,97,154771456
2026-03-30 18:50:30,98,154628096
2026-03-30 18:50:42,98,154853376
2026-03-30 18:50:54,98,154529792
2026-03-30 18:51:07,98,155025408
2026-03-30 18:51:19,98,154722304
2026-03-30 18:51:31,99,154517504
2026-03-30 18:51:43,99,154562560
2026-03-30 18:51:55,99,155246592
2026-03-30 18:52:07,99,154660864
2026-03-30 18:52:20,99,154910720
2026-03-30 18:52:32,100,154308608
2026-03-30 18:52:44,100,154853376
2026-03-30 18:52:56,100,154656768
2026-03-30 18:53:08,100,154877952
2026-03-30 18:53:21,100,155086848
2026-03-30 18:53:33,101,155009024
2026-03-30 18:53:45,101,154329088
2026-03-30 18:53:57,101,155185152
2026-03-30 18:54:09,101,155312128
2026-03-30 18:54:22,101,156094464
2026-03-30 18:54:34,102,154480640
2026-03-30 18:54:46,102,155324416
2026-03-30 18:54:58,102,155234304
2026-03-30 18:55:10,102,155230208
2026-03-30 18:55:22,102,155561984
2026-03-30 18:55:34,103,155242496
2026-03-30 18:55:47,103,155271168
2026-03-30 18:55:59,103,155459584
2026-03-30 18:56:11,103,155631616
2026-03-30 18:56:23,103,155242496
2026-03-30 18:56:35,104,155074560
2026-03-30 18:56:48,104,155533312
2026-03-30 18:57:00,104,155746304
2026-03-30 18:57:12,104,155455488
2026-03-30 18:57:24,104,156258304
2026-03-30 18:57:36,105,156409856
2026-03-30 18:57:49,105,156442624
2026-03-30 18:58:01,105,155848704
2026-03-30 18:58:13,105,156106752
2026-03-30 18:58:25,106,156098560
2026-03-30 18:58:37,106,156557312
2026-03-30 18:58:50,106,156037120
2026-03-30 18:59:02,106,156073984
2026-03-30 18:59:14,106,156352512
2026-03-30 18:59:26,107,156983296
2026-03-30 18:59:38,107,157007872
2026-03-30 18:59:51,107,156762112
2026-03-30 19:00:03,107,156086272
2026-03-30 19:00:15,107,156340224
2026-03-30 19:00:27,108,156680192
2026-03-30 19:00:39,108,155676672
2026-03-30 19:00:52,108,156319744
2026-03-30 19:01:04,108,156676096
2026-03-30 19:01:16,108,156475392
2026-03-30 19:01:28,109,156241920
2026-03-30 19:01:41,109,156639232
2026-03-30 19:01:53,109,156700672
2026-03-30 19:02:05,109,156110848
2026-03-30 19:02:17,109,157052928
2026-03-30 19:02:29,110,156684288
2026-03-30 19:02:41,110,157569024
2026-03-30 19:02:53,110,156659712
2026-03-30 19:03:05,110,157659136
2026-03-30 19:03:17,110,157847552
2026-03-30 19:03:29,111,157466624
2026-03-30 19:03:41,111,156938240
2026-03-30 19:03:53,111,157167616
2026-03-30 19:04:06,111,157614080
2026-03-30 19:04:18,111,157851648
2026-03-30 19:04:30,112,156860416
2026-03-30 19:04:42,112,157511680
2026-03-30 19:04:54,112,157204480
2026-03-30 19:05:06,112,157704192
2026-03-30 19:05:18,112,157892608
2026-03-30 19:05:31,113,157257728
2026-03-30 19:05:43,113,158052352
2026-03-30 19:05:55,113,157097984
2026-03-30 19:06:07,113,157020160
2026-03-30 19:06:19,113,157626368
2026-03-30 19:06:32,114,157388800
2026-03-30 19:06:44,114,157122560
2026-03-30 19:06:56,114,157863936
2026-03-30 19:07:08,114,158134272
2026-03-30 19:07:20,114,157646848
2026-03-30 19:07:32,115,157147136
2026-03-30 19:07:45,115,157122560
2026-03-30 19:07:57,115,158597120
2026-03-30 19:08:09,115,158449664
2026-03-30 19:08:21,115,157855744
2026-03-30 19:08:33,116,158199808
2026-03-30 19:08:45,116,157782016
2026-03-30 19:08:58,116,158400512
2026-03-30 19:09:10,116,157630464
2026-03-30 19:09:22,116,157970432
2026-03-30 19:09:34,117,158281728
2026-03-30 19:09:46,117,158646272
2026-03-30 19:09:58,117,158031872
2026-03-30 19:10:10,117,158470144
2026-03-30 19:10:22,117,157970432
2026-03-30 19:10:34,118,158404608
2026-03-30 19:10:47,118,157978624
2026-03-30 19:10:59,118,158265344
2026-03-30 19:11:11,118,158707712
2026-03-30 19:11:23,118,158244864
2026-03-30 19:11:36,119,158879744
2026-03-30 19:11:48,119,159203328
2026-03-30 19:12:00,119,158658560
2026-03-30 19:12:12,119,159051776
2026-03-30 19:12:24,119,158240768
2026-03-30 19:12:36,120,158912512
2026-03-30 19:12:48,120,158765056
2026-03-30 19:13:00,120,158453760
2026-03-30 19:13:12,120,159191040
2026-03-30 19:13:25,121,159236096
2026-03-30 19:13:37,121,159285248
2026-03-30 19:13:49,121,158584832
2026-03-30 19:14:01,121,159481856
2026-03-30 19:14:13,121,159125504
2026-03-30 19:14:26,122,158498816
2026-03-30 19:14:38,122,159813632
2026-03-30 19:14:50,122,158957568
2026-03-30 19:15:02,122,158543872
2026-03-30 19:15:14,122,159744000
2026-03-30 19:15:26,123,159305728
2026-03-30 19:15:38,123,159494144
2026-03-30 19:15:50,123,158945280
2026-03-30 19:16:02,123,159526912
2026-03-30 19:16:15,123,159154176
2026-03-30 19:16:27,124,160038912
2026-03-30 19:16:39,124,159866880
2026-03-30 19:16:51,124,159821824
2026-03-30 19:17:03,124,159571968
2026-03-30 19:17:15,124,158978048
2026-03-30 19:17:27,125,159338496
2026-03-30 19:17:39,125,159457280
2026-03-30 19:17:52,125,159440896
2026-03-30 19:18:04,125,160284672
2026-03-30 19:18:16,125,159424512
2026-03-30 19:18:28,126,159641600
2026-03-30 19:18:40,126,159424512
2026-03-30 19:18:52,126,160489472
2026-03-30 19:19:04,126,160223232
2026-03-30 19:19:17,126,160808960
2026-03-30 19:19:29,127,159260672
2026-03-30 19:19:41,127,159789056
2026-03-30 19:19:53,127,160534528
2026-03-30 19:20:06,127,160907264
2026-03-30 19:20:18,127,160313344
2026-03-30 19:20:30,128,160714752
2026-03-30 19:20:42,128,160604160
2026-03-30 19:20:54,128,159830016
2026-03-30 19:21:06,128,159621120
2026-03-30 19:21:18,128,160223232
2026-03-30 19:21:31,129,160645120
2026-03-30 19:21:43,129,160522240
2026-03-30 19:21:55,129,160514048
2026-03-30 19:22:07,129,160509952
2026-03-30 19:22:20,129,161234944
2026-03-30 19:22:32,130,160710656
2026-03-30 19:22:44,130,160329728
2026-03-30 19:22:56,130,160878592
2026-03-30 19:23:08,130,160489472
2026-03-30 19:23:20,130,161443840
2026-03-30 19:23:33,131,161128448
2026-03-30 19:23:45,131,161206272
2026-03-30 19:23:57,131,160681984
2026-03-30 19:24:09,131,161779712
2026-03-30 19:24:22,131,160976896
2026-03-30 19:24:34,132,161656832
2026-03-30 19:24:46,132,161288192
2026-03-30 19:24:58,132,160985088
2026-03-30 19:25:10,132,160464896
2026-03-30 19:25:23,132,162058240
2026-03-30 19:25:35,133,161402880
2026-03-30 19:25:47,133,161091584
2026-03-30 19:25:59,133,161558528
2026-03-30 19:26:12,133,161714176
2026-03-30 19:26:24,133,160620544
2026-03-30 19:26:36,134,161714176
2026-03-30 19:26:48,134,161382400
2026-03-30 19:27:00,134,161959936
2026-03-30 19:27:12,134,161648640
2026-03-30 19:27:24,134,161869824
2026-03-30 19:27:37,135,162091008
2026-03-30 19:27:49,135,161169408
2026-03-30 19:28:01,135,161402880
2026-03-30 19:28:13,135,161509376
2026-03-30 19:28:25,136,161853440
2026-03-30 19:28:37,136,162312192
2026-03-30 19:28:49,136,162205696
2026-03-30 19:29:02,136,161771520
2026-03-30 19:29:14,136,163147776
2026-03-30 19:29:26,137,162091008
2026-03-30 19:29:38,137,162426880
2026-03-30 19:29:50,137,162209792
2026-03-30 19:30:03,137,162504704
2026-03-30 19:30:15,137,162734080
2026-03-30 19:30:27,138,162320384
2026-03-30 19:30:39,138,163119104
2026-03-30 19:30:51,138,162086912
2026-03-30 19:31:03,138,162238464
2026-03-30 19:31:16,138,162476032
2026-03-30 19:31:28,139,162377728
2026-03-30 19:31:40,139,162197504
2026-03-30 19:31:52,139,162856960
2026-03-30 19:32:04,139,162349056
2026-03-30 19:32:17,139,161853440
2026-03-30 19:32:29,140,163205120
2026-03-30 19:32:41,140,162791424
2026-03-30 19:32:54,140,162668544
2026-03-30 19:33:06,140,162902016
2026-03-30 19:33:18,140,161976320
2026-03-30 19:33:30,141,162672640
2026-03-30 19:33:42,141,163254272
2026-03-30 19:33:54,141,163115008
2026-03-30 19:34:07,141,163135488
2026-03-30 19:34:19,141,162824192
2026-03-30 19:34:31,142,162992128
2026-03-30 19:34:43,142,163471360
2026-03-30 19:34:55,142,163323904
2026-03-30 19:35:08,142,163352576
2026-03-30 19:35:20,142,163004416
2026-03-30 19:35:32,143,163627008
2026-03-30 19:35:44,143,163610624
2026-03-30 19:35:56,143,163188736
2026-03-30 19:36:08,143,163565568
2026-03-30 19:36:21,143,163426304
2026-03-30 19:36:33,144,163893248
2026-03-30 19:36:45,144,164368384
2026-03-30 19:36:57,144,164212736
2026-03-30 19:37:09,144,163995648
2026-03-30 19:37:21,144,163360768
2026-03-30 19:37:33,145,163954688
2026-03-30 19:37:46,145,163426304
2026-03-30 19:37:58,145,163553280
2026-03-30 19:38:10,145,163749888
2026-03-30 19:38:22,145,164032512
2026-03-30 19:38:34,146,163651584
2026-03-30 19:38:47,146,163753984
2026-03-30 19:38:59,146,164007936
2026-03-30 19:39:11,146,164356096
2026-03-30 19:39:23,146,164859904
2026-03-30 19:39:35,147,163753984
2026-03-30 19:39:47,147,164155392
2026-03-30 19:39:59,147,163971072
2026-03-30 19:40:12,147,164102144
2026-03-30 19:40:24,147,164450304
2026-03-30 19:40:36,148,164352000
2026-03-30 19:40:48,148,163946496
2026-03-30 19:41:00,148,164749312
2026-03-30 19:41:12,148,164864000
2026-03-30 19:41:24,148,164384768
2026-03-30 19:41:37,149,164249600
2026-03-30 19:41:49,149,164573184
2026-03-30 19:42:01,149,164425728
2026-03-30 19:42:13,149,164827136
2026-03-30 19:42:25,150,164864000
2026-03-30 19:42:37,150,164859904
2026-03-30 19:42:49,150,164507648
2026-03-30 19:43:02,150,165019648
2026-03-30 19:43:14,150,164114432
2026-03-30 19:43:26,151,165146624
2026-03-30 19:43:38,151,164708352
2026-03-30 19:43:51,151,165584896
2026-03-30 19:44:03,151,165425152
2026-03-30 19:44:15,151,164945920
2026-03-30 19:44:27,152,165117952
2026-03-30 19:44:40,152,165011456
2026-03-30 19:44:52,152,164401152
2026-03-30 19:45:04,152,165269504
2026-03-30 19:45:16,152,165089280
2026-03-30 19:45:29,153,165666816
2026-03-30 19:45:41,153,165744640
2026-03-30 19:45:53,153,165224448
2026-03-30 19:46:05,153,165867520
2026-03-30 19:46:18,153,165351424
2026-03-30 19:46:30,154,165138432
2026-03-30 19:46:42,154,165089280
2026-03-30 19:46:55,154,165371904
2026-03-30 19:47:07,154,165834752
2026-03-30 19:47:19,154,165146624
2026-03-30 19:47:31,155,165769216
2026-03-30 19:47:43,155,166268928
2026-03-30 19:47:56,155,166154240
2026-03-30 19:48:08,155,165523456
2026-03-30 19:48:21,155,165777408
2026-03-30 19:48:33,156,165711872
2026-03-30 19:48:45,156,166477824
2026-03-30 19:48:58,156,166191104
2026-03-30 19:49:10,156,166506496
2026-03-30 19:49:22,156,165789696
2026-03-30 19:49:34,157,166084608
2026-03-30 19:49:46,157,165621760
2026-03-30 19:49:58,157,166428672
2026-03-30 19:50:11,157,165433344
2026-03-30 19:50:23,157,166432768
2026-03-30 19:50:36,158,166461440
2026-03-30 19:50:48,158,166199296
2026-03-30 19:51:00,158,166912000
2026-03-30 19:51:12,158,166387712
2026-03-30 19:51:25,159,166166528
2026-03-30 19:51:37,159,166875136
2026-03-30 19:51:49,159,166395904
2026-03-30 19:52:01,159,166727680
2026-03-30 19:52:14,159,166969344
2026-03-30 19:52:26,160,166920192
2026-03-30 19:52:38,160,166936576
2026-03-30 19:52:51,160,166232064
2026-03-30 19:53:03,160,166580224
2026-03-30 19:53:15,160,166780928
2026-03-30 19:53:27,161,167587840
2026-03-30 19:53:40,161,167333888
2026-03-30 19:53:52,161,167137280
2026-03-30 19:54:04,161,167022592
2026-03-30 19:54:17,161,167276544
2026-03-30 19:54:29,162,167047168
2026-03-30 19:54:42,162,167804928
2026-03-30 19:54:54,162,167661568
2026-03-30 19:55:06,162,166912000
2026-03-30 19:55:18,162,166633472
2026-03-30 19:55:31,163,166559744
2026-03-30 19:55:43,163,167071744
2026-03-30 19:55:56,163,167223296
2026-03-30 19:56:08,163,167403520
2026-03-30 19:56:20,163,167288832
2026-03-30 19:56:32,164,167833600
2026-03-30 19:56:45,164,168235008
2026-03-30 19:56:57,164,167559168
2026-03-30 19:57:09,164,166584320
2026-03-30 19:57:22,164,167960576
2026-03-30 19:57:34,165,167600128
2026-03-30 19:57:46,165,167030784
2026-03-30 19:57:58,165,167792640
2026-03-30 19:58:10,165,167800832
2026-03-30 19:58:23,165,167534592
2026-03-30 19:58:35,166,167809024
2026-03-30 19:58:47,166,168579072
2026-03-30 19:58:59,166,167915520
2026-03-30 19:59:12,166,167477248
2026-03-30 19:59:24,166,168120320
2026-03-30 19:59:36,167,167550976
2026-03-30 19:59:49,167,168886272
2026-03-30 20:00:01,167,168525824
2026-03-30 20:00:13,167,167862272
2026-03-30 20:00:25,168,167686144
2026-03-30 20:00:37,168,168247296
2026-03-30 20:00:50,168,168120320
2026-03-30 20:01:02,168,168857600
2026-03-30 20:01:14,168,168534016
2026-03-30 20:01:27,169,167952384
2026-03-30 20:01:39,169,167653376
2026-03-30 20:01:51,169,167882752
2026-03-30 20:02:03,169,168714240
2026-03-30 20:02:16,169,169283584
2026-03-30 20:02:28,170,169259008
2026-03-30 20:02:40,170,168841216
2026-03-30 20:02:53,170,168177664
2026-03-30 20:03:05,170,168300544
2026-03-30 20:03:17,170,168644608
2026-03-30 20:03:30,171,168837120
2026-03-30 20:03:42,171,169684992
2026-03-30 20:03:54,171,169000960
2026-03-30 20:04:07,171,169013248
2026-03-30 20:04:20,171,168943616
2026-03-30 20:04:32,172,169791488
2026-03-30 20:04:44,172,168595456
2026-03-30 20:04:57,172,168615936
2026-03-30 20:05:09,172,168742912
2026-03-30 20:05:22,172,169631744
2026-03-30 20:05:34,173,169099264
2026-03-30 20:05:46,173,169836544
2026-03-30 20:05:58,173,168960000
2026-03-30 20:06:11,173,169021440
2026-03-30 20:06:23,173,169136128
2026-03-30 20:06:35,174,169041920
2026-03-30 20:06:48,174,169246720
2026-03-30 20:07:00,174,169725952
2026-03-30 20:07:12,174,170057728
2026-03-30 20:07:24,174,170045440
2026-03-30 20:07:37,175,169955328
2026-03-30 20:07:49,175,169127936
2026-03-30 20:08:01,175,169512960
2026-03-30 20:08:14,175,169721856
2026-03-30 20:08:26,176,169394176
2026-03-30 20:08:38,176,170340352
2026-03-30 20:08:50,176,169791488
2026-03-30 20:09:03,176,169615360
2026-03-30 20:09:15,176,169598976
2026-03-30 20:09:27,177,169828352
2026-03-30 20:09:40,177,169816064
2026-03-30 20:09:52,177,169082880
2026-03-30 20:10:04,177,170520576
2026-03-30 20:10:16,177,170188800
2026-03-30 20:10:29,178,170483712
2026-03-30 20:10:41,178,170467328
2026-03-30 20:10:54,178,170160128
2026-03-30 20:11:06,178,170262528
2026-03-30 20:11:18,178,170098688
2026-03-30 20:11:31,179,169668608
2026-03-30 20:11:43,179,170377216
2026-03-30 20:11:56,179,169857024
2026-03-30 20:12:08,179,170618880
2026-03-30 20:12:20,179,170528768
2026-03-30 20:12:32,180,170532864
2026-03-30 20:12:45,180,170156032
2026-03-30 20:12:57,180,170426368
2026-03-30 20:13:09,180,171102208
2026-03-30 20:13:21,180,169623552
2026-03-30 20:13:33,181,171462656
2026-03-30 20:13:45,181,169889792
2026-03-30 20:13:58,181,170852352
2026-03-30 20:14:10,181,170356736
2026-03-30 20:14:23,181,170217472
2026-03-30 20:14:35,182,170983424
2026-03-30 20:14:48,182,171089920
2026-03-30 20:15:00,182,170831872
2026-03-30 20:15:13,182,170328064
2026-03-30 20:15:25,183,170766336
2026-03-30 20:15:37,183,171208704
2026-03-30 20:15:49,183,170647552
2026-03-30 20:16:02,183,171397120
2026-03-30 20:16:14,183,171196416
2026-03-30 20:16:27,184,171204608
2026-03-30 20:16:39,184,171212800
2026-03-30 20:16:51,184,171163648
2026-03-30 20:17:03,184,170864640
2026-03-30 20:17:16,184,171233280
2026-03-30 20:17:28,185,171524096
2026-03-30 20:17:40,185,171307008
2026-03-30 20:17:52,185,171687936
2026-03-30 20:18:05,185,171479040
2026-03-30 20:18:17,185,171053056
2026-03-30 20:18:29,186,171290624
2026-03-30 20:18:42,186,171290624
2026-03-30 20:18:54,186,172122112
2026-03-30 20:19:07,186,171425792
2026-03-30 20:19:19,186,172179456
2026-03-30 20:19:31,187,171511808
2026-03-30 20:19:44,187,172187648
2026-03-30 20:19:56,187,171593728
2026-03-30 20:20:08,187,172380160
2026-03-30 20:20:21,187,171888640
2026-03-30 20:20:33,188,171778048
2026-03-30 20:20:45,188,172060672
2026-03-30 20:20:58,188,171675648
2026-03-30 20:21:10,188,172462080
2026-03-30 20:21:22,188,172806144
2026-03-30 20:21:34,189,172593152
2026-03-30 20:21:47,189,172175360
2026-03-30 20:21:59,189,172208128
2026-03-30 20:22:11,189,172437504
2026-03-30 20:22:24,189,171229184
2026-03-30 20:22:36,190,171835392
2026-03-30 20:22:48,190,172019712
2026-03-30 20:23:00,190,172056576
2026-03-30 20:23:13,190,171974656
2026-03-30 20:23:25,191,172494848
2026-03-30 20:23:37,191,172965888
2026-03-30 20:23:49,191,172228608
2026-03-30 20:24:02,191,173330432
2026-03-30 20:24:14,191,172404736
2026-03-30 20:24:26,192,172552192
2026-03-30 20:24:38,192,172511232
2026-03-30 20:24:51,192,172638208
2026-03-30 20:25:03,192,173441024
2026-03-30 20:25:15,192,172580864
2026-03-30 20:25:27,193,173547520
2026-03-30 20:25:40,193,173166592
2026-03-30 20:25:52,193,173244416
2026-03-30 20:26:04,193,173473792
2026-03-30 20:26:16,193,173088768
2026-03-30 20:26:29,194,173035520
2026-03-30 20:26:41,194,173449216
2026-03-30 20:26:53,194,173371392
2026-03-30 20:27:06,194,173297664
2026-03-30 20:27:18,194,172859392
2026-03-30 20:27:30,195,174059520
2026-03-30 20:27:43,195,173043712
2026-03-30 20:27:55,195,173940736
2026-03-30 20:28:07,195,172933120
2026-03-30 20:28:20,195,173801472
2026-03-30 20:28:32,196,173809664
2026-03-30 20:28:44,196,173895680
2026-03-30 20:28:57,196,173760512
2026-03-30 20:29:09,196,173658112
2026-03-30 20:29:21,196,174526464
2026-03-30 20:29:34,197,173367296
2026-03-30 20:29:46,197,173760512
2026-03-30 20:29:58,197,174018560
2026-03-30 20:30:11,197,174493696
2026-03-30 20:30:23,197,174481408
2026-03-30 20:30:35,198,173432832
2026-03-30 20:30:47,198,173842432
2026-03-30 20:31:00,198,174092288
2026-03-30 20:31:12,198,174428160
2026-03-30 20:31:24,198,173973504
2026-03-30 20:31:37,199,174489600
2026-03-30 20:31:49,199,174428160
2026-03-30 20:32:01,199,174829568
2026-03-30 20:32:14,199,174649344
2026-03-30 20:32:26,200,174985216
2026-03-30 20:32:38,200,174116864
2026-03-30 20:32:50,200,174936064
2026-03-30 20:33:03,200,174915584
2026-03-30 20:33:15,200,174321664
2026-03-30 20:33:28,201,174370816
2026-03-30 20:33:40,201,174673920
2026-03-30 20:33:52,201,174407680
2026-03-30 20:34:04,201,174411776
2026-03-30 20:34:17,201,175321088
2026-03-30 20:34:29,202,174989312
2026-03-30 20:34:42,202,174211072
2026-03-30 20:34:55,202,174723072
2026-03-30 20:35:07,202,175329280
2026-03-30 20:35:19,202,174800896
2026-03-30 20:35:31,203,174432256
2026-03-30 20:35:44,203,174759936
2026-03-30 20:35:56,203,176103424
2026-03-30 20:36:08,203,174858240
2026-03-30 20:36:21,203,175230976
2026-03-30 20:36:33,204,175534080
2026-03-30 20:36:45,204,175685632
2026-03-30 20:36:58,204,174764032
2026-03-30 20:37:10,204,175407104
2026-03-30 20:37:22,204,175427584
2026-03-30 20:37:35,205,175480832
2026-03-30 20:37:47,205,174788608
2026-03-30 20:37:59,205,175616000
2026-03-30 20:38:11,205,175443968
2026-03-30 20:38:24,205,175652864
2026-03-30 20:38:36,206,175808512
2026-03-30 20:38:48,206,175853568
2026-03-30 20:39:01,206,175751168
2026-03-30 20:39:13,206,175923200
2026-03-30 20:39:25,207,175857664
2026-03-30 20:39:38,207,176459776
2026-03-30 20:39:50,207,176091136
2026-03-30 20:40:02,207,176115712
2026-03-30 20:40:14,207,175984640
2026-03-30 20:40:27,208,176410624
2026-03-30 20:40:39,208,175599616
2026-03-30 20:40:51,208,176160768
2026-03-30 20:41:04,208,176472064
2026-03-30 20:41:16,208,175509504
2026-03-30 20:41:28,209,176762880
2026-03-30 20:41:40,209,176508928
2026-03-30 20:41:53,209,176332800
2026-03-30 20:42:05,209,176439296
2026-03-30 20:42:17,209,177065984
2026-03-30 20:42:29,210,176508928
2026-03-30 20:42:42,210,176123904
2026-03-30 20:42:54,210,176578560
2026-03-30 20:43:06,210,176148480
2026-03-30 20:43:19,210,175841280
2026-03-30 20:43:31,211,175620096
2026-03-30 20:43:43,211,176480256
2026-03-30 20:43:55,211,176476160
2026-03-30 20:44:07,211,176193536
2026-03-30 20:44:20,211,177315840
2026-03-30 20:44:32,212,176893952
2026-03-30 20:44:44,212,176795648
2026-03-30 20:44:57,212,176996352
2026-03-30 20:45:09,212,177168384
2026-03-30 20:45:22,212,176582656
2026-03-30 20:45:34,213,176812032
2026-03-30 20:45:46,213,177049600
2026-03-30 20:45:59,213,176918528
2026-03-30 20:46:11,213,176615424
2026-03-30 20:46:23,213,177004544
2026-03-30 20:46:36,214,177721344
2026-03-30 20:46:48,214,177102848
2026-03-30 20:47:00,214,177537024
2026-03-30 20:47:13,214,177287168
2026-03-30 20:47:25,215,177242112
2026-03-30 20:47:37,215,177418240
2026-03-30 20:47:49,215,177004544
2026-03-30 20:48:01,215,177348608
2026-03-30 20:48:14,215,177041408
2026-03-30 20:48:26,216,178401280
2026-03-30 20:48:39,216,177500160
2026-03-30 20:48:51,216,177586176
2026-03-30 20:49:04,216,177790976
2026-03-30 20:49:16,216,177356800
2026-03-30 20:49:28,217,178274304
2026-03-30 20:49:41,217,177823744
2026-03-30 20:49:53,217,177680384
2026-03-30 20:50:05,217,177942528
2026-03-30 20:50:18,217,178089984
2026-03-30 20:50:30,218,177979392
2026-03-30 20:50:42,218,177856512
2026-03-30 20:50:55,218,177876992
2026-03-30 20:51:07,218,177786880
2026-03-30 20:51:19,218,178401280
2026-03-30 20:51:32,219,178282496
2026-03-30 20:51:44,219,178921472
2026-03-30 20:51:56,219,179040256
2026-03-30 20:52:09,219,178368512
2026-03-30 20:52:21,219,177745920
2026-03-30 20:52:33,220,178118656
2026-03-30 20:52:45,220,178470912
2026-03-30 20:52:57,220,179240960
2026-03-30 20:53:10,220,178364416
2026-03-30 20:53:22,220,180154368
2026-03-30 20:53:34,221,179109888
2026-03-30 20:53:46,221,179597312
2026-03-30 20:53:58,221,178917376
2026-03-30 20:54:10,221,179363840
2026-03-30 20:54:23,221,178737152
2026-03-30 20:54:35,222,179548160
2026-03-30 20:54:47,222,179798016
2026-03-30 20:55:00,222,179302400
2026-03-30 20:55:12,222,180080640
2026-03-30 20:55:24,222,179810304
2026-03-30 20:55:36,223,180297728
2026-03-30 20:55:48,223,180580352
2026-03-30 20:56:01,223,179929088
2026-03-30 20:56:13,223,179003392
2026-03-30 20:56:25,224,179847168
2026-03-30 20:56:37,224,180150272
2026-03-30 20:56:50,224,180367360
2026-03-30 20:57:02,224,179761152
2026-03-30 20:57:14,224,179720192
2026-03-30 20:57:27,225,179777536
2026-03-30 20:57:39,225,179650560
2026-03-30 20:57:52,225,180097024
2026-03-30 20:58:04,225,180301824
2026-03-30 20:58:16,225,179822592
2026-03-30 20:58:28,226,180477952
2026-03-30 20:58:41,226,180428800
2026-03-30 20:58:53,226,179871744
2026-03-30 20:59:06,226,180535296
2026-03-30 20:59:18,226,180129792
2026-03-30 20:59:30,227,180695040
2026-03-30 20:59:42,227,181145600
2026-03-30 20:59:54,227,180318208
2026-03-30 21:00:07,227,180436992
2026-03-30 21:00:19,227,180899840
2026-03-30 21:00:31,228,180506624
2026-03-30 21:00:44,228,180858880
2026-03-30 21:00:56,228,181010432
2026-03-30 21:01:08,228,180695040
2026-03-30 21:01:21,228,180666368
2026-03-30 21:01:33,229,180461568
2026-03-30 21:01:45,229,180494336
2026-03-30 21:01:57,229,180535296
2026-03-30 21:02:10,229,180924416
2026-03-30 21:02:22,229,180822016
2026-03-30 21:02:34,230,180985856
2026-03-30 21:02:46,230,181837824
2026-03-30 21:02:58,230,180764672
2026-03-30 21:03:11,230,181014528
2026-03-30 21:03:23,230,181403648
2026-03-30 21:03:36,231,181420032
2026-03-30 21:03:48,231,181899264
2026-03-30 21:04:00,231,181805056
2026-03-30 21:04:13,231,181399552
2026-03-30 21:04:25,232,181415936
2026-03-30 21:04:37,232,181219328
2026-03-30 21:04:50,232,181899264
2026-03-30 21:05:03,232,181747712
2026-03-30 21:05:15,232,181350400
2026-03-30 21:05:27,233,181202944
2026-03-30 21:05:39,233,181358592
2026-03-30 21:05:52,233,181456896
2026-03-30 21:06:04,233,181522432
2026-03-30 21:06:17,233,181276672
2026-03-30 21:06:29,234,181084160
2026-03-30 21:06:41,234,181567488
2026-03-30 21:06:54,234,181895168
2026-03-30 21:07:06,234,181739520
2026-03-30 21:07:19,234,181673984
2026-03-30 21:07:31,235,182214656
2026-03-30 21:07:43,235,182996992
2026-03-30 21:07:56,235,182435840
2026-03-30 21:08:08,235,182026240
2026-03-30 21:08:20,235,182394880
2026-03-30 21:08:32,236,182247424
2026-03-30 21:08:45,236,182652928
2026-03-30 21:08:57,236,182439936
2026-03-30 21:09:09,236,183181312
2026-03-30 21:09:21,236,182202368
2026-03-30 21:09:34,237,182177792
2026-03-30 21:09:46,237,181968896
2026-03-30 21:09:58,237,182505472
2026-03-30 21:10:11,237,182308864
2026-03-30 21:10:23,237,182394880
2026-03-30 21:10:35,238,181784576
2026-03-30 21:10:48,238,182767616
2026-03-30 21:11:00,238,183107584
2026-03-30 21:11:12,238,182841344
2026-03-30 21:11:25,239,182054912
2026-03-30 21:11:37,239,183058432
2026-03-30 21:11:49,239,182898688
2026-03-30 21:12:02,239,182484992
2026-03-30 21:12:14,239,181682176
2026-03-30 21:12:26,240,183169024
2026-03-30 21:12:39,240,183107584
2026-03-30 21:12:51,240,182476800
2026-03-30 21:13:03,240,183341056
2026-03-30 21:13:16,240,182722560
2026-03-30 21:13:28,241,183382016
2026-03-30 21:13:40,241,182272000
2026-03-30 21:13:53,241,183844864
2026-03-30 21:14:05,241,182910976
2026-03-30 21:14:18,241,183496704
2026-03-30 21:14:30,242,183205888
2026-03-30 21:14:42,242,184066048
2026-03-30 21:14:54,242,183291904
2026-03-30 21:15:07,242,183291904
2026-03-30 21:15:19,242,183910400
2026-03-30 21:15:32,243,183422976
2026-03-30 21:15:44,243,183296000
2026-03-30 21:15:56,243,183197696
2026-03-30 21:16:09,243,183607296
2026-03-30 21:16:21,243,177332224
2026-03-30 21:16:33,244,177618944
2026-03-30 21:16:46,244,178388992
2026-03-30 21:16:58,244,177758208
2026-03-30 21:17:10,244,178118656
2026-03-30 21:17:22,244,177131520
2026-03-30 21:17:35,245,177668096
2026-03-30 21:17:47,245,176832512
2026-03-30 21:17:59,245,177848320
2026-03-30 21:18:11,245,177176576
2026-03-30 21:18:24,245,178618368
2026-03-30 21:18:36,246,177598464
2026-03-30 21:18:48,246,177459200
2026-03-30 21:19:01,246,177917952
2026-03-30 21:19:13,246,178122752
2026-03-30 21:19:25,247,177942528
2026-03-30 21:19:38,247,178106368
2026-03-30 21:19:50,247,178114560
2026-03-30 21:20:03,247,178118656
2026-03-30 21:20:15,247,178016256
2026-03-30 21:20:27,248,179449856
2026-03-30 21:20:40,248,177946624
2026-03-30 21:20:52,248,178376704
2026-03-30 21:21:04,248,178311168
2026-03-30 21:21:16,248,178122752
2026-03-30 21:21:29,249,178286592
2026-03-30 21:21:41,249,178675712
2026-03-30 21:21:53,249,179003392
2026-03-30 21:22:06,249,178655232
2026-03-30 21:22:18,249,177733632
2026-03-30 21:22:30,250,178683904
2026-03-30 21:22:43,250,178712576
2026-03-30 21:22:55,250,178823168
2026-03-30 21:23:07,250,178061312
2026-03-30 21:23:20,250,178761728
2026-03-30 21:23:32,251,178212864
2026-03-30 21:23:44,251,177987584
2026-03-30 21:23:57,251,178851840
2026-03-30 21:24:09,251,178925568
2026-03-30 21:24:21,251,178655232
2026-03-30 21:24:34,252,179232768
2026-03-30 21:24:46,252,179322880
2026-03-30 21:24:58,252,179179520
2026-03-30 21:25:11,252,178708480
2026-03-30 21:25:24,252,178872320
2026-03-30 21:25:36,253,178925568
2026-03-30 21:25:48,253,179503104
2026-03-30 21:26:00,253,179367936
2026-03-30 21:26:13,253,179048448
2026-03-30 21:26:25,254,179691520
2026-03-30 21:26:37,254,179257344
2026-03-30 21:26:49,254,179355648
2026-03-30 21:27:02,254,179159040
2026-03-30 21:27:14,254,179150848
2026-03-30 21:27:26,255,180080640
2026-03-30 21:27:38,255,180359168
2026-03-30 21:27:51,255,179240960
2026-03-30 21:28:03,255,179544064
2026-03-30 21:28:15,255,179470336
2026-03-30 21:28:27,256,180183040
2026-03-30 21:28:40,256,179318784
2026-03-30 21:28:52,256,180355072
2026-03-30 21:29:04,256,179580928
2026-03-30 21:29:17,256,179683328
2026-03-30 21:29:29,257,179863552
2026-03-30 21:29:41,257,179970048
2026-03-30 21:29:53,257,179843072
2026-03-30 21:30:06,257,179675136
2026-03-30 21:30:18,257,180006912
2026-03-30 21:30:30,258,180498432
2026-03-30 21:30:43,258,180301824
2026-03-30 21:30:55,258,180170752
2026-03-30 21:31:07,258,180510720
2026-03-30 21:31:19,258,180027392
2026-03-30 21:31:32,259,180588544
2026-03-30 21:31:44,259,180228096
2026-03-30 21:31:56,259,180203520
2026-03-30 21:32:09,259,180785152
2026-03-30 21:32:21,259,180211712
2026-03-30 21:32:33,260,180420608
2026-03-30 21:32:46,260,180117504
2026-03-30 21:32:58,260,180891648
2026-03-30 21:33:10,260,180342784
2026-03-30 21:33:23,260,180195328
2026-03-30 21:33:35,261,180903936
2026-03-30 21:33:47,261,181059584
2026-03-30 21:34:00,261,180879360
2026-03-30 21:34:12,261,180346880
2026-03-30 21:34:24,261,180252672
2026-03-30 21:34:37,262,180817920
2026-03-30 21:34:49,262,181215232
2026-03-30 21:35:01,262,180420608
2026-03-30 21:35:14,262,180817920
2026-03-30 21:35:26,263,181051392
2026-03-30 21:35:39,263,181358592
2026-03-30 21:35:51,263,181469184
2026-03-30 21:36:03,263,180817920
2026-03-30 21:36:16,263,181112832
2026-03-30 21:36:28,264,181420032
2026-03-30 21:36:40,264,181321728
2026-03-30 21:36:53,264,181276672
2026-03-30 21:37:05,264,181686272
2026-03-30 21:37:17,264,180879360
2026-03-30 21:37:30,265,181424128
2026-03-30 21:37:42,265,180944896
2026-03-30 21:37:54,265,181637120
2026-03-30 21:38:07,265,181985280
2026-03-30 21:38:19,265,181927936
2026-03-30 21:38:31,266,181714944
2026-03-30 21:38:43,266,182001664
2026-03-30 21:38:56,266,181760000
2026-03-30 21:39:08,266,181215232
2026-03-30 21:39:21,266,181116928
2026-03-30 21:39:33,267,182353920
2026-03-30 21:39:45,267,182022144
2026-03-30 21:39:57,267,181669888
2026-03-30 21:40:10,267,182427648
2026-03-30 21:40:22,267,182366208
2026-03-30 21:40:35,268,182095872
2026-03-30 21:40:47,268,182411264
2026-03-30 21:40:59,268,182644736
2026-03-30 21:41:11,268,182845440
2026-03-30 21:41:24,268,181624832
2026-03-30 21:41:36,269,182190080
2026-03-30 21:41:48,269,182140928
2026-03-30 21:42:00,269,183115776
2026-03-30 21:42:13,269,182542336
2026-03-30 21:42:25,270,183177216
2026-03-30 21:42:37,270,182001664
2026-03-30 21:42:49,270,182693888
2026-03-30 21:43:02,270,182624256
2026-03-30 21:43:14,270,183021568
2026-03-30 21:43:26,271,182673408
2026-03-30 21:43:38,271,182558720
2026-03-30 21:43:51,271,181968896
2026-03-30 21:44:03,271,182341632
2026-03-30 21:44:15,271,182853632
2026-03-30 21:44:27,272,182681600
2026-03-30 21:44:40,272,182546432
2026-03-30 21:44:52,272,183549952
2026-03-30 21:45:04,272,183189504
2026-03-30 21:45:17,272,183259136
2026-03-30 21:45:29,273,183234560
2026-03-30 21:45:41,273,183005184
2026-03-30 21:45:53,273,183791616
2026-03-30 21:46:06,273,182890496
2026-03-30 21:46:18,273,183848960
2026-03-30 21:46:31,274,183296000
2026-03-30 21:46:43,274,183336960
2026-03-30 21:46:55,274,182951936
2026-03-30 21:47:07,274,183693312
2026-03-30 21:47:20,274,183201792
2026-03-30 21:47:32,275,183304192
2026-03-30 21:47:44,275,183922688
2026-03-30 21:47:56,275,182849536
2026-03-30 21:48:09,275,183201792
2026-03-30 21:48:21,275,183738368
2026-03-30 21:48:33,276,183701504
2026-03-30 21:48:45,276,183177216
2026-03-30 21:48:58,276,182890496
2026-03-30 21:49:10,276,183578624
2026-03-30 21:49:23,276,183762944
2026-03-30 21:49:35,277,183640064
2026-03-30 21:49:47,277,183521280
2026-03-30 21:50:00,277,183103488
2026-03-30 21:50:12,277,183705600
2026-03-30 21:50:24,277,184139776
2026-03-30 21:50:36,278,184377344
2026-03-30 21:50:48,278,184135680
2026-03-30 21:51:01,278,184221696
2026-03-30 21:51:13,278,184098816
2026-03-30 21:51:26,279,183734272
2026-03-30 21:51:38,279,184467456
2026-03-30 21:51:50,279,184438784
2026-03-30 21:52:03,279,184827904
2026-03-30 21:52:15,279,184741888
2026-03-30 21:52:27,280,184094720
2026-03-30 21:52:39,280,184291328
2026-03-30 21:52:51,280,184496128
2026-03-30 21:53:04,280,184479744
2026-03-30 21:53:16,280,184266752
2026-03-30 21:53:29,281,184131584
2026-03-30 21:53:41,281,184942592
2026-03-30 21:53:53,281,184233984
2026-03-30 21:54:05,281,184721408
2026-03-30 21:54:18,281,184463360
2026-03-30 21:54:30,282,184754176
2026-03-30 21:54:42,282,185094144
2026-03-30 21:54:54,282,185708544
2026-03-30 21:55:06,282,184209408
2026-03-30 21:55:19,282,185020416
2026-03-30 21:55:32,283,185200640
2026-03-30 21:55:44,283,185106432
2026-03-30 21:55:56,283,185188352
2026-03-30 21:56:09,283,184684544
2026-03-30 21:56:21,283,185319424
2026-03-30 21:56:33,284,185376768
2026-03-30 21:56:45,284,184840192
2026-03-30 21:56:57,284,185597952
2026-03-30 21:57:10,284,185421824
2026-03-30 21:57:22,284,185950208
2026-03-30 21:57:34,285,185143296
2026-03-30 21:57:47,285,185442304
2026-03-30 21:57:59,285,185724928
2026-03-30 21:58:11,285,185286656
2026-03-30 21:58:24,285,185475072
2026-03-30 21:58:36,286,185413632
2026-03-30 21:58:48,286,185380864
2026-03-30 21:59:01,286,185872384
2026-03-30 21:59:13,286,185311232
2026-03-30 21:59:25,287,186355712
2026-03-30 21:59:38,287,186068992
2026-03-30 21:59:50,287,186585088
2026-03-30 22:00:02,287,186396672
2026-03-30 22:00:15,287,185597952
2026-03-30 22:00:27,288,185630720
2026-03-30 22:00:39,288,186490880
2026-03-30 22:00:52,288,185470976
2026-03-30 22:01:04,288,186064896
2026-03-30 22:01:17,288,185372672
2026-03-30 22:01:29,289,186503168
2026-03-30 22:01:41,289,185430016
2026-03-30 22:01:54,289,186486784
2026-03-30 22:02:06,289,186040320
2026-03-30 22:02:18,289,185614336
2026-03-30 22:02:31,290,185884672
2026-03-30 22:02:43,290,185917440
2026-03-30 22:02:55,290,185966592
2026-03-30 22:03:08,290,186830848
2026-03-30 22:03:20,290,186413056
2026-03-30 22:03:33,291,186847232
2026-03-30 22:03:45,291,186056704
2026-03-30 22:03:57,291,186789888
2026-03-30 22:04:10,291,186728448
2026-03-30 22:04:22,291,186269696
2026-03-30 22:04:35,292,186322944
2026-03-30 22:04:47,292,186109952
2026-03-30 22:05:00,292,186916864
2026-03-30 22:05:12,292,187039744
2026-03-30 22:05:25,293,185954304
2026-03-30 22:05:38,293,186707968
2026-03-30 22:05:50,293,186105856
2026-03-30 22:06:02,293,187043840
2026-03-30 22:06:15,293,187170816
2026-03-30 22:06:27,294,187113472
2026-03-30 22:06:39,294,187412480
2026-03-30 22:06:52,294,187543552
2026-03-30 22:07:04,294,186970112
2026-03-30 22:07:16,294,187170816
2026-03-30 22:07:29,295,187072512
2026-03-30 22:07:41,295,187465728
2026-03-30 22:07:53,295,187052032
2026-03-30 22:08:06,295,187338752
2026-03-30 22:08:18,295,186978304
2026-03-30 22:08:30,296,187133952
2026-03-30 22:08:43,296,187596800
2026-03-30 22:08:55,296,187789312
2026-03-30 22:09:07,296,187920384
2026-03-30 22:09:19,296,187371520
2026-03-30 22:09:32,297,187453440
2026-03-30 22:09:44,297,187293696
2026-03-30 22:09:56,297,187604992
2026-03-30 22:10:09,297,188342272
2026-03-30 22:10:21,297,188424192
2026-03-30 22:10:33,298,187564032
2026-03-30 22:10:46,298,187949056
2026-03-30 22:10:58,298,188026880
2026-03-30 22:11:10,298,188669952
2026-03-30 22:11:22,298,188768256
2026-03-30 22:11:35,299,188108800
2026-03-30 22:11:47,299,187682816
2026-03-30 22:11:59,299,188784640
2026-03-30 22:12:12,299,188260352
2026-03-30 22:12:24,299,188174336
2026-03-30 22:12:36,300,187469824
2026-03-30 22:12:48,300,187944960
2026-03-30 22:13:00,300,188858368
2026-03-30 22:13:13,300,188596224
2026-03-30 22:13:25,301,188461056
2026-03-30 22:13:37,301,188481536
2026-03-30 22:13:50,301,188706816
2026-03-30 22:14:02,301,187752448
2026-03-30 22:14:14,301,188751872
2026-03-30 22:14:26,302,188481536
2026-03-30 22:14:39,302,188715008
2026-03-30 22:14:51,302,188817408
2026-03-30 22:15:03,302,189288448
2026-03-30 22:15:16,302,188452864
2026-03-30 22:15:28,303,189407232
2026-03-30 22:15:41,303,188813312
2026-03-30 22:15:53,303,189247488
2026-03-30 22:16:05,303,188731392
2026-03-30 22:16:18,303,189304832
2026-03-30 22:16:30,304,189259776
2026-03-30 22:16:42,304,188903424
2026-03-30 22:16:55,304,189181952
2026-03-30 22:17:07,304,188899328
2026-03-30 22:17:19,304,188329984
2026-03-30 22:17:31,305,189231104
2026-03-30 22:17:44,305,188989440
2026-03-30 22:17:56,305,189313024
2026-03-30 22:18:08,305,188866560
2026-03-30 22:18:21,305,188837888
2026-03-30 22:18:33,306,189206528
2026-03-30 22:18:46,306,189607936
2026-03-30 22:18:58,306,189652992
2026-03-30 22:19:10,306,189898752
2026-03-30 22:19:23,306,190029824
2026-03-30 22:19:35,307,189661184
2026-03-30 22:19:48,307,189005824
2026-03-30 22:20:00,307,190111744
2026-03-30 22:20:12,307,188891136
2026-03-30 22:20:24,307,189329408
2026-03-30 22:20:37,308,190353408
2026-03-30 22:20:49,308,188698624
2026-03-30 22:21:01,308,189456384
2026-03-30 22:21:14,308,189964288
2026-03-30 22:21:26,309,190283776
2026-03-30 22:21:38,309,190234624
2026-03-30 22:21:51,309,190509056
2026-03-30 22:22:03,309,190005248
2026-03-30 22:22:15,309,190554112
2026-03-30 22:22:27,310,190312448
2026-03-30 22:22:40,310,190369792
2026-03-30 22:22:52,310,190087168
2026-03-30 22:23:04,310,190337024
2026-03-30 22:23:17,310,190550016
2026-03-30 22:23:29,311,189677568
2026-03-30 22:23:41,311,190812160
2026-03-30 22:23:53,311,190566400
2026-03-30 22:24:06,311,190623744
2026-03-30 22:24:18,311,190062592
2026-03-30 22:24:31,312,189997056
2026-03-30 22:24:43,312,190930944
2026-03-30 22:24:55,312,190562304
2026-03-30 22:25:08,312,190304256
2026-03-30 22:25:20,312,190812160
2026-03-30 22:25:32,313,190631936
2026-03-30 22:25:45,313,190914560
2026-03-30 22:25:57,313,190435328
2026-03-30 22:26:09,313,191053824
2026-03-30 22:26:22,313,191168512
2026-03-30 22:26:34,314,191295488
2026-03-30 22:26:46,314,191676416
2026-03-30 22:26:59,314,191610880
2026-03-30 22:27:11,314,190771200
2026-03-30 22:27:23,314,191135744
2026-03-30 22:27:36,315,191250432
2026-03-30 22:27:48,315,191565824
2026-03-30 22:28:00,315,191471616
2026-03-30 22:28:12,315,192311296
2026-03-30 22:28:25,316,191549440
2026-03-30 22:28:37,316,191610880
2026-03-30 22:28:50,316,192135168
2026-03-30 22:29:02,316,191377408
2026-03-30 22:29:14,316,192348160
2026-03-30 22:29:26,317,191729664
2026-03-30 22:29:38,317,191483904
2026-03-30 22:29:51,317,192225280
2026-03-30 22:30:03,317,191905792
2026-03-30 22:30:15,317,191733760
2026-03-30 22:30:28,318,191852544
2026-03-30 22:30:40,318,191430656
2026-03-30 22:30:52,318,191959040
2026-03-30 22:31:05,318,192274432
2026-03-30 22:31:17,318,191647744
2026-03-30 22:31:30,319,191774720
2026-03-30 22:31:42,319,191315968
2026-03-30 22:31:54,319,192229376
2026-03-30 22:32:06,319,191766528
2026-03-30 22:32:18,319,192135168
2026-03-30 22:32:31,320,191696896
2026-03-30 22:32:43,320,192770048
2026-03-30 22:32:56,320,192507904
2026-03-30 22:33:08,320,192458752
2026-03-30 22:33:20,320,192581632
2026-03-30 22:33:32,321,191741952
2026-03-30 22:33:45,321,192229376
2026-03-30 22:33:57,321,192364544
2026-03-30 22:34:09,321,192385024
2026-03-30 22:34:22,321,192733184
2026-03-30 22:34:34,322,192933888
2026-03-30 22:34:47,322,192245760
2026-03-30 22:34:59,322,192557056
2026-03-30 22:35:12,322,193032192
2026-03-30 22:35:24,322,192630784
2026-03-30 22:35:36,323,193269760
2026-03-30 22:35:49,323,192929792
2026-03-30 22:36:01,323,192942080
2026-03-30 22:36:13,323,192782336
2026-03-30 22:36:25,324,192831488
2026-03-30 22:36:38,324,192868352
2026-03-30 22:36:50,324,192528384
2026-03-30 22:37:02,324,192827392
2026-03-30 22:37:14,324,192937984
2026-03-30 22:37:27,325,193318912
2026-03-30 22:37:39,325,193789952
2026-03-30 22:37:52,325,193495040
2026-03-30 22:38:04,325,193224704
2026-03-30 22:38:16,325,193261568
2026-03-30 22:38:28,326,192942080
2026-03-30 22:38:41,326,193642496
2026-03-30 22:38:53,326,193355776
2026-03-30 22:39:05,326,193482752
2026-03-30 22:39:18,326,192987136
2026-03-30 22:39:30,327,193400832
2026-03-30 22:39:42,327,193667072
2026-03-30 22:39:55,327,194019328
2026-03-30 22:40:07,327,193994752
2026-03-30 22:40:19,327,193445888
2026-03-30 22:40:31,328,193961984
2026-03-30 22:40:43,328,194048000
2026-03-30 22:40:56,328,193544192
2026-03-30 22:41:08,328,193650688
2026-03-30 22:41:20,328,194174976
2026-03-30 22:41:33,329,193761280
2026-03-30 22:41:45,329,194744320
2026-03-30 22:41:57,329,193220608
2026-03-30 22:42:10,329,193773568
2026-03-30 22:42:22,329,193703936
2026-03-30 22:42:34,330,193753088
2026-03-30 22:42:47,330,193957888
2026-03-30 22:42:59,330,194260992
2026-03-30 22:43:11,330,194555904
2026-03-30 22:43:23,330,194670592
2026-03-30 22:43:36,331,193638400
2026-03-30 22:43:48,331,193437696
2026-03-30 22:44:00,331,194064384
2026-03-30 22:44:13,331,193511424
2026-03-30 22:44:25,332,194461696
2026-03-30 22:44:37,332,194928640
2026-03-30 22:44:49,332,194138112
2026-03-30 22:45:01,332,194551808
2026-03-30 22:45:13,332,194314240
2026-03-30 22:45:26,333,194199552
2026-03-30 22:45:39,333,194818048
2026-03-30 22:45:51,333,194547712
2026-03-30 22:46:03,333,194719744
2026-03-30 22:46:16,333,194670592
2026-03-30 22:46:28,334,195436544
2026-03-30 22:46:41,334,194994176
2026-03-30 22:46:53,334,194883584
2026-03-30 22:47:06,334,194568192
2026-03-30 22:47:18,334,194764800
2026-03-30 22:47:31,335,194912256
2026-03-30 22:47:43,335,195350528
2026-03-30 22:47:55,335,195219456
2026-03-30 22:48:08,335,195092480
2026-03-30 22:48:20,335,195211264
2026-03-30 22:48:32,336,194674688
2026-03-30 22:48:44,336,195514368
2026-03-30 22:48:57,336,194338816
2026-03-30 22:49:09,336,195207168
2026-03-30 22:49:22,336,195600384
2026-03-30 22:49:34,337,195543040
2026-03-30 22:49:46,337,195244032
2026-03-30 22:49:58,337,195506176
2026-03-30 22:50:11,337,195899392
2026-03-30 22:50:23,337,195399680
2026-03-30 22:50:35,338,196419584
2026-03-30 22:50:48,338,194940928
2026-03-30 22:51:00,338,195493888
2026-03-30 22:51:12,338,195526656
2026-03-30 22:51:25,339,195276800
2026-03-30 22:51:37,339,196464640
2026-03-30 22:51:49,339,196841472
2026-03-30 22:52:02,339,195588096
2026-03-30 22:52:14,339,195903488
2026-03-30 22:52:26,340,195506176
2026-03-30 22:52:38,340,196341760
2026-03-30 22:52:51,340,195698688
2026-03-30 22:53:03,340,195715072
2026-03-30 22:53:16,340,196591616
2026-03-30 22:53:28,341,196489216
2026-03-30 22:53:40,341,196042752
2026-03-30 22:53:53,341,196489216
2026-03-30 22:54:05,341,196673536
2026-03-30 22:54:17,341,196116480
2026-03-30 22:54:30,342,196206592
2026-03-30 22:54:42,342,195424256
2026-03-30 22:54:54,342,196329472
2026-03-30 22:55:07,342,196546560
2026-03-30 22:55:19,342,196243456
2026-03-30 22:55:32,343,196628480
2026-03-30 22:55:44,343,197115904
2026-03-30 22:55:57,343,196399104
2026-03-30 22:56:09,343,196837376
2026-03-30 22:56:21,343,195776512
2026-03-30 22:56:33,344,196952064
2026-03-30 22:56:46,344,196632576
2026-03-30 22:56:58,344,196866048
2026-03-30 22:57:10,344,197251072
2026-03-30 22:57:23,344,196730880
2026-03-30 22:57:35,345,197275648
2026-03-30 22:57:47,345,197079040
2026-03-30 22:58:00,345,197500928
2026-03-30 22:58:12,345,197087232
2026-03-30 22:58:25,346,197529600
2026-03-30 22:58:37,346,197775360
2026-03-30 22:58:49,346,196468736
2026-03-30 22:59:01,346,196661248
2026-03-30 22:59:14,346,197439488
2026-03-30 22:59:27,347,197361664
2026-03-30 22:59:39,347,197320704
2026-03-30 22:59:51,347,197341184
2026-03-30 23:00:04,347,197439488
2026-03-30 23:00:16,347,197369856
2026-03-30 23:00:29,348,197693440
2026-03-30 23:00:41,348,197976064
2026-03-30 23:00:53,348,198438912
2026-03-30 23:01:06,348,198664192
2026-03-30 23:01:18,348,197947392
2026-03-30 23:01:30,349,197959680
2026-03-30 23:01:43,349,197275648
2026-03-30 23:01:55,349,198025216
2026-03-30 23:02:07,349,198156288
2026-03-30 23:02:20,349,197996544
2026-03-30 23:02:32,350,198074368
2026-03-30 23:02:44,350,197373952
2026-03-30 23:02:56,350,197869568
2026-03-30 23:03:08,350,198115328
2026-03-30 23:03:21,350,198369280
2026-03-30 23:03:33,351,197058560
2026-03-30 23:03:46,351,198074368
2026-03-30 23:03:58,351,198406144
2026-03-30 23:04:10,351,198377472
2026-03-30 23:04:22,351,198045696
2026-03-30 23:04:35,352,198541312
2026-03-30 23:04:47,352,198303744
2026-03-30 23:04:59,352,198205440
2026-03-30 23:05:12,352,198090752
2026-03-30 23:05:24,352,198303744
2026-03-30 23:05:36,353,198389760
2026-03-30 23:05:49,353,198729728
2026-03-30 23:06:01,353,197996544
2026-03-30 23:06:13,353,198156288
2026-03-30 23:06:26,354,198672384
2026-03-30 23:06:38,354,197627904
2026-03-30 23:06:50,354,198234112
2026-03-30 23:07:02,354,198602752
2026-03-30 23:07:15,354,199217152
2026-03-30 23:07:27,355,198762496
2026-03-30 23:07:39,355,198615040
2026-03-30 23:07:52,355,198803456
2026-03-30 23:08:04,355,198811648
2026-03-30 23:08:16,355,198639616
2026-03-30 23:08:29,356,198684672
2026-03-30 23:08:41,356,198967296
2026-03-30 23:08:54,356,199589888
2026-03-30 23:09:06,356,198987776
2026-03-30 23:09:19,356,199901184
2026-03-30 23:09:31,357,199208960
2026-03-30 23:09:43,357,198840320
2026-03-30 23:09:56,357,199327744
2026-03-30 23:10:08,357,199901184
2026-03-30 23:10:20,357,199360512
2026-03-30 23:10:33,358,199393280
2026-03-30 23:10:45,358,199593984
2026-03-30 23:10:57,358,200228864
2026-03-30 23:11:10,358,199647232
2026-03-30 23:11:22,358,199602176
2026-03-30 23:11:34,359,200044544
2026-03-30 23:11:47,359,199901184
2026-03-30 23:11:59,359,199557120
2026-03-30 23:12:11,359,199995392
2026-03-30 23:12:24,359,199602176
2026-03-30 23:12:36,360,200376320
2026-03-30 23:12:48,360,199704576
2026-03-30 23:13:00,360,200155136
2026-03-30 23:13:13,360,199221248
2026-03-30 23:13:25,361,199294976
2026-03-30 23:13:38,361,200286208
2026-03-30 23:13:50,361,199483392
2026-03-30 23:14:02,361,200433664
2026-03-30 23:14:15,361,200175616
2026-03-30 23:14:28,362,199995392
2026-03-30 23:14:40,362,200204288
2026-03-30 23:14:52,362,200450048
2026-03-30 23:15:04,362,201228288
2026-03-30 23:15:17,362,200249344
2026-03-30 23:15:29,363,200364032
2026-03-30 23:15:42,363,200646656
2026-03-30 23:15:54,363,200339456
2026-03-30 23:16:06,363,200261632
2026-03-30 23:16:19,363,200749056
2026-03-30 23:16:31,364,200560640
2026-03-30 23:16:43,364,201068544
2026-03-30 23:16:55,364,200613888
2026-03-30 23:17:08,364,200663040
2026-03-30 23:17:20,364,201441280
2026-03-30 23:17:32,365,200953856
2026-03-30 23:17:44,365,200769536
2026-03-30 23:17:57,365,201486336
2026-03-30 23:18:09,365,201039872
2026-03-30 23:18:21,365,201641984
2026-03-30 23:18:34,366,200458240
2026-03-30 23:18:46,366,201236480
2026-03-30 23:18:58,366,201179136
2026-03-30 23:19:10,366,201465856
2026-03-30 23:19:23,366,201388032
2026-03-30 23:19:35,367,201555968
2026-03-30 23:19:47,367,200843264
2026-03-30 23:19:59,367,200896512
2026-03-30 23:20:12,367,201392128
2026-03-30 23:20:24,367,201236480
2026-03-30 23:20:37,368,200646656
2026-03-30 23:20:49,368,201478144
2026-03-30 23:21:01,368,201654272
2026-03-30 23:21:13,368,201523200
2026-03-30 23:21:26,369,201818112
2026-03-30 23:21:38,369,201658368
2026-03-30 23:21:50,369,202579968
2026-03-30 23:22:02,369,201859072
2026-03-30 23:22:15,369,201859072
2026-03-30 23:22:27,370,202285056
2026-03-30 23:22:39,370,202309632
2026-03-30 23:22:52,370,202657792
2026-03-30 23:23:04,370,201830400
2026-03-30 23:23:16,370,202153984
2026-03-30 23:23:28,371,202358784
2026-03-30 23:23:41,371,202076160
2026-03-30 23:23:53,371,202334208
2026-03-30 23:24:06,371,202174464
2026-03-30 23:24:18,371,202477568
2026-03-30 23:24:30,372,201793536
2026-03-30 23:24:42,372,202502144
2026-03-30 23:24:55,372,201994240
2026-03-30 23:25:07,372,202006528
2026-03-30 23:25:19,372,203014144
2026-03-30 23:25:32,373,202522624
2026-03-30 23:25:44,373,201916416
2026-03-30 23:25:56,373,202711040
2026-03-30 23:26:09,373,202469376
2026-03-30 23:26:21,373,202715136
2026-03-30 23:26:33,374,202887168
2026-03-30 23:26:45,374,202895360
2026-03-30 23:26:58,374,203165696
2026-03-30 23:27:10,374,202960896
2026-03-30 23:27:22,374,202293248
2026-03-30 23:27:35,375,202522624
2026-03-30 23:27:47,375,202682368
2026-03-30 23:27:59,375,202964992
2026-03-30 23:28:12,375,202874880
2026-03-30 23:28:24,375,202518528
2026-03-30 23:28:37,376,202895360
2026-03-30 23:28:49,376,203157504
2026-03-30 23:29:01,376,203292672
2026-03-30 23:29:13,376,202887168
2026-03-30 23:29:26,377,202616832
2026-03-30 23:29:39,377,203509760
2026-03-30 23:29:51,377,203390976
2026-03-30 23:30:03,377,203030528
2026-03-30 23:30:16,377,203337728
2026-03-30 23:30:28,378,203685888
2026-03-30 23:30:40,378,202637312
2026-03-30 23:30:52,378,203747328
2026-03-30 23:31:05,378,202387456
2026-03-30 23:31:17,378,203296768
2026-03-30 23:31:29,379,203333632
2026-03-30 23:31:42,379,204091392
2026-03-30 23:31:54,379,203825152
2026-03-30 23:32:06,379,202649600
2026-03-30 23:32:19,379,203546624
2026-03-30 23:32:32,380,203956224
2026-03-30 23:32:44,380,204316672
2026-03-30 23:32:57,380,203878400
2026-03-30 23:33:09,380,204496896
2026-03-30 23:33:22,380,203567104
2026-03-30 23:33:34,381,203784192
2026-03-30 23:33:46,381,203571200
2026-03-30 23:33:58,381,203616256
2026-03-30 23:34:11,381,203833344
2026-03-30 23:34:23,381,204980224
2026-03-30 23:34:35,382,204115968
2026-03-30 23:34:48,382,204177408
2026-03-30 23:35:00,382,204517376
2026-03-30 23:35:12,382,204242944
2026-03-30 23:35:24,382,204394496
2026-03-30 23:35:36,383,204132352
2026-03-30 23:35:49,383,204582912
2026-03-30 23:36:01,383,204451840
2026-03-30 23:36:14,383,204881920
2026-03-30 23:36:26,384,204427264
2026-03-30 23:36:38,384,205565952
2026-03-30 23:36:51,384,203984896
2026-03-30 23:37:03,384,204525568
2026-03-30 23:37:15,384,204660736
2026-03-30 23:37:28,385,204668928
2026-03-30 23:37:40,385,205127680
2026-03-30 23:37:52,385,204341248
2026-03-30 23:38:05,385,205107200
2026-03-30 23:38:17,385,204881920
2026-03-30 23:38:29,386,204759040
2026-03-30 23:38:41,386,205234176
2026-03-30 23:38:54,386,204582912
2026-03-30 23:39:06,386,205111296
2026-03-30 23:39:18,386,205533184
2026-03-30 23:39:31,387,205250560
2026-03-30 23:39:43,387,205512704
2026-03-30 23:39:55,387,205414400
2026-03-30 23:40:08,387,204730368
2026-03-30 23:40:20,387,204922880
2026-03-30 23:40:32,388,205094912
2026-03-30 23:40:45,388,205086720
2026-03-30 23:40:57,388,206012416
2026-03-30 23:41:09,388,205332480
2026-03-30 23:41:22,388,205135872
2026-03-30 23:41:34,389,205455360
2026-03-30 23:41:47,389,205193216
2026-03-30 23:41:59,389,205660160
2026-03-30 23:42:11,389,205721600
2026-03-30 23:42:24,389,205115392
2026-03-30 23:42:36,390,206028800
2026-03-30 23:42:49,390,205692928
2026-03-30 23:43:01,390,206745600
2026-03-30 23:43:13,390,206344192
2026-03-30 23:43:26,391,205520896
2026-03-30 23:43:38,391,205762560
2026-03-30 23:43:50,391,206123008
2026-03-30 23:44:02,391,206069760
2026-03-30 23:44:15,391,205676544
2026-03-30 23:44:27,392,206495744
2026-03-30 23:44:39,392,205873152
2026-03-30 23:44:52,392,205860864
2026-03-30 23:45:04,392,206520320
2026-03-30 23:45:16,392,206303232
2026-03-30 23:45:29,393,206692352
2026-03-30 23:45:41,393,206700544
2026-03-30 23:45:53,393,205971456
2026-03-30 23:46:06,393,206204928
2026-03-30 23:46:18,393,207040512
2026-03-30 23:46:30,394,206221312
2026-03-30 23:46:43,394,206303232
2026-03-30 23:46:55,394,206565376
2026-03-30 23:47:07,394,207032320
2026-03-30 23:47:20,394,206688256
2026-03-30 23:47:32,395,207044608
2026-03-30 23:47:44,395,207020032
2026-03-30 23:47:57,395,206020608
2026-03-30 23:48:09,395,205922304
2026-03-30 23:48:21,395,206929920
2026-03-30 23:48:34,396,207192064
2026-03-30 23:48:46,396,207167488
2026-03-30 23:48:58,396,207028224
2026-03-30 23:49:11,396,206774272
2026-03-30 23:49:23,396,206729216
2026-03-30 23:49:35,397,207310848
2026-03-30 23:49:48,397,206282752
2026-03-30 23:50:00,397,206667776
2026-03-30 23:50:12,397,207114240
2026-03-30 23:50:24,397,207564800
2026-03-30 23:50:37,398,207208448
2026-03-30 23:50:49,398,207458304
2026-03-30 23:51:01,398,206766080
2026-03-30 23:51:14,398,207704064
2026-03-30 23:51:26,399,206798848
2026-03-30 23:51:38,399,207196160
2026-03-30 23:51:51,399,206766080
2026-03-30 23:52:03,399,207527936
2026-03-30 23:52:15,399,208121856
2026-03-30 23:52:27,400,207654912
2026-03-30 23:52:39,400,207364096
2026-03-30 23:52:52,400,208003072
2026-03-30 23:53:04,400,207855616
2026-03-30 23:53:16,400,207822848
2026-03-30 23:53:28,401,208158720
2026-03-30 23:53:40,401,208044032
2026-03-30 23:53:53,401,207556608
2026-03-30 23:54:05,401,208519168
2026-03-30 23:54:17,401,207798272
2026-03-30 23:54:30,402,207908864
2026-03-30 23:54:42,402,208158720
2026-03-30 23:54:54,402,208039936
2026-03-30 23:55:07,402,207818752
2026-03-30 23:55:19,402,207753216
2026-03-30 23:55:31,403,207626240
2026-03-30 23:55:44,403,208486400
2026-03-30 23:55:56,403,208150528
2026-03-30 23:56:09,403,208343040
2026-03-30 23:56:21,403,208080896
2026-03-30 23:56:33,404,208240640
2026-03-30 23:56:46,404,209002496
2026-03-30 23:56:58,404,208654336
2026-03-30 23:57:11,404,208625664
2026-03-30 23:57:23,404,208945152
2026-03-30 23:57:35,405,208834560
2026-03-30 23:57:48,405,208736256
2026-03-30 23:58:00,405,208416768
2026-03-30 23:58:12,405,209014784
2026-03-30 23:58:24,405,209014784
2026-03-30 23:58:37,406,208642048
2026-03-30 23:58:49,406,208523264
2026-03-30 23:59:01,406,209010688
2026-03-30 23:59:13,406,209145856
2026-03-30 23:59:26,407,209145856
2026-03-30 23:59:38,407,209809408
2026-03-30 23:59:50,407,209391616
2026-03-31 00:00:03,407,208842752
2026-03-31 00:00:15,407,208875520
2026-03-31 00:00:27,408,209907712
2026-03-31 00:00:39,408,208941056
2026-03-31 00:00:51,408,209371136
2026-03-31 00:01:04,408,209489920
2026-03-31 00:01:16,408,208715776
2026-03-31 00:01:28,409,209330176
2026-03-31 00:01:41,409,209551360
2026-03-31 00:01:53,409,210026496
2026-03-31 00:02:05,409,209006592
2026-03-31 00:02:17,409,209608704
2026-03-31 00:02:30,410,209489920
2026-03-31 00:02:42,410,209608704
2026-03-31 00:02:54,410,209608704
2026-03-31 00:03:07,410,209346560
2026-03-31 00:03:19,410,210038784
2026-03-31 00:03:31,411,209952768
2026-03-31 00:03:44,411,210309120
2026-03-31 00:03:56,411,209457152
2026-03-31 00:04:08,411,210046976
2026-03-31 00:04:21,411,210354176
2026-03-31 00:04:33,412,209690624
2026-03-31 00:04:45,412,210354176
2026-03-31 00:04:58,412,210530304
2026-03-31 00:05:10,412,209690624
2026-03-31 00:05:22,412,210448384
2026-03-31 00:05:35,413,209293312
2026-03-31 00:05:47,413,209997824
2026-03-31 00:05:59,413,209797120
2026-03-31 00:06:12,413,210653184
2026-03-31 00:06:24,413,210223104
2026-03-31 00:06:36,414,210464768
2026-03-31 00:06:49,414,210305024
2026-03-31 00:07:01,414,210608128
2026-03-31 00:07:13,414,210505728
2026-03-31 00:07:25,415,210567168
2026-03-31 00:07:38,415,210493440
2026-03-31 00:07:50,415,210608128
2026-03-31 00:08:02,415,210862080
2026-03-31 00:08:14,415,210923520
2026-03-31 00:08:27,416,210677760
2026-03-31 00:08:39,416,210636800
2026-03-31 00:08:51,416,210612224
2026-03-31 00:09:03,416,210735104
2026-03-31 00:09:16,416,210796544
2026-03-31 00:09:28,417,211058688
2026-03-31 00:09:40,417,210710528
2026-03-31 00:09:53,417,210624512
2026-03-31 00:10:05,417,211320832
2026-03-31 00:10:17,417,210784256
2026-03-31 00:10:29,418,211140608
2026-03-31 00:10:42,418,211202048
2026-03-31 00:10:54,418,211329024
2026-03-31 00:11:07,418,211390464
2026-03-31 00:11:19,418,210427904
2026-03-31 00:11:32,419,211214336
2026-03-31 00:11:44,419,211193856
2026-03-31 00:11:56,419,211279872
2026-03-31 00:12:08,419,211185664
2026-03-31 00:12:21,419,211988480
2026-03-31 00:12:33,420,211562496
2026-03-31 00:12:46,420,211152896
2026-03-31 00:12:58,420,211501056
2026-03-31 00:13:11,420,211525632
2026-03-31 00:13:23,420,211763200
2026-03-31 00:13:35,421,211955712
2026-03-31 00:13:48,421,211394560
2026-03-31 00:14:00,421,211951616
2026-03-31 00:14:12,421,212209664
2026-03-31 00:14:24,421,211812352
2026-03-31 00:14:37,422,212082688
2026-03-31 00:14:49,422,211468288
2026-03-31 00:15:01,422,212148224
2026-03-31 00:15:13,422,211181568
2026-03-31 00:15:26,423,211656704
2026-03-31 00:15:38,423,212283392
2026-03-31 00:15:50,423,210866176
2026-03-31 00:16:03,423,212013056
2026-03-31 00:16:15,423,212246528
2026-03-31 00:16:28,424,212697088
2026-03-31 00:16:40,424,212459520
2026-03-31 00:16:52,424,212000768
2026-03-31 00:17:05,424,212574208
2026-03-31 00:17:17,424,212672512
2026-03-31 00:17:29,425,213028864
2026-03-31 00:17:41,425,211832832
2026-03-31 00:17:54,425,212942848
2026-03-31 00:18:06,425,212385792
2026-03-31 00:18:18,425,212643840
2026-03-31 00:18:31,426,211898368
2026-03-31 00:18:43,426,212717568
2026-03-31 00:18:55,426,213131264
2026-03-31 00:19:08,426,212168704
2026-03-31 00:19:20,426,212733952
2026-03-31 00:19:32,427,213188608
2026-03-31 00:19:44,427,213598208
2026-03-31 00:19:57,427,213553152
2026-03-31 00:20:09,427,212545536
2026-03-31 00:20:21,427,213434368
2026-03-31 00:20:34,428,213004288
2026-03-31 00:20:46,428,212611072
2026-03-31 00:20:58,428,212676608
2026-03-31 00:21:11,428,213778432
2026-03-31 00:21:23,428,213598208
2026-03-31 00:21:36,429,212611072
2026-03-31 00:21:48,429,214011904
2026-03-31 00:22:00,429,212582400
2026-03-31 00:22:13,429,214093824
2026-03-31 00:22:25,430,212856832
2026-03-31 00:22:37,430,213745664
2026-03-31 00:22:50,430,213942272
2026-03-31 00:23:02,430,214360064
2026-03-31 00:23:15,430,213254144
2026-03-31 00:23:27,431,214261760
2026-03-31 00:23:39,431,213581824
2026-03-31 00:23:51,431,213385216
2026-03-31 00:24:04,431,213934080
2026-03-31 00:24:16,431,213770240
2026-03-31 00:24:28,432,214368256
2026-03-31 00:24:41,432,213872640
2026-03-31 00:24:53,432,214327296
2026-03-31 00:25:05,432,214503424
2026-03-31 00:25:17,432,214339584
2026-03-31 00:25:30,433,213798912
2026-03-31 00:25:42,433,213454848
2026-03-31 00:25:54,433,213745664
2026-03-31 00:26:06,433,214441984
2026-03-31 00:26:19,433,214720512
2026-03-31 00:26:32,434,214114304
2026-03-31 00:26:44,434,214024192
2026-03-31 00:26:56,434,214376448
2026-03-31 00:27:09,434,214564864
2026-03-31 00:27:21,434,213913600
2026-03-31 00:27:34,435,214175744
2026-03-31 00:27:46,435,214700032
2026-03-31 00:27:58,435,214474752
2026-03-31 00:28:10,435,214589440
2026-03-31 00:28:23,435,214102016
2026-03-31 00:28:35,436,214646784
2026-03-31 00:28:47,436,214724608
2026-03-31 00:28:59,436,214241280
2026-03-31 00:29:12,436,214765568
2026-03-31 00:29:24,436,215388160
2026-03-31 00:29:37,437,214974464
2026-03-31 00:29:49,437,214659072
2026-03-31 00:30:01,437,214499328
2026-03-31 00:30:14,437,215318528
2026-03-31 00:30:26,438,214380544
2026-03-31 00:30:38,438,215281664
2026-03-31 00:30:51,438,215416832
2026-03-31 00:31:03,438,215265280
2026-03-31 00:31:15,438,215158784
2026-03-31 00:31:28,439,215445504
2026-03-31 00:31:40,439,215343104
2026-03-31 00:31:52,439,215281664
2026-03-31 00:32:05,439,215379968
2026-03-31 00:32:17,439,215801856
2026-03-31 00:32:29,440,214994944
2026-03-31 00:32:42,440,216182784
2026-03-31 00:32:54,440,214654976
2026-03-31 00:33:06,440,214798336
2026-03-31 00:33:18,440,216317952
2026-03-31 00:33:31,441,215547904
2026-03-31 00:33:43,441,215707648
2026-03-31 00:33:56,441,215666688
2026-03-31 00:34:08,441,215351296
2026-03-31 00:34:20,441,215859200
2026-03-31 00:34:33,442,215605248
2026-03-31 00:34:45,442,215846912
2026-03-31 00:34:57,442,216010752
2026-03-31 00:35:10,442,216309760
2026-03-31 00:35:22,442,216137728
2026-03-31 00:35:34,443,216326144
2026-03-31 00:35:47,443,216141824
2026-03-31 00:35:59,443,216535040
2026-03-31 00:36:11,443,216330240
2026-03-31 00:36:24,443,215891968
2026-03-31 00:36:36,444,216068096
2026-03-31 00:36:48,444,215707648
2026-03-31 00:37:01,444,216600576
2026-03-31 00:37:13,444,216469504
2026-03-31 00:37:26,445,215760896
2026-03-31 00:37:38,445,216473600
2026-03-31 00:37:50,445,216129536
2026-03-31 00:38:03,445,217067520
2026-03-31 00:38:15,445,216969216
2026-03-31 00:38:28,446,215650304
2026-03-31 00:38:40,446,216735744
2026-03-31 00:38:53,446,215932928
2026-03-31 00:39:05,446,216903680
2026-03-31 00:39:17,446,217067520
2026-03-31 00:39:30,447,216580096
2026-03-31 00:39:42,447,216567808
2026-03-31 00:39:54,447,217300992
2026-03-31 00:40:07,447,216887296
2026-03-31 00:40:19,447,216682496
2026-03-31 00:40:31,448,217055232
2026-03-31 00:40:44,448,217477120
2026-03-31 00:40:56,448,216571904
2026-03-31 00:41:08,448,217022464
2026-03-31 00:41:20,448,216707072
2026-03-31 00:41:33,449,216154112
2026-03-31 00:41:45,449,217190400
2026-03-31 00:41:57,449,217669632
2026-03-31 00:42:09,449,217468928
2026-03-31 00:42:22,449,216645632
2026-03-31 00:42:34,450,216965120
2026-03-31 00:42:47,450,217559040
2026-03-31 00:42:59,450,216801280
2026-03-31 00:43:11,450,217739264
2026-03-31 00:43:23,450,217673728
2026-03-31 00:43:36,451,217358336
2026-03-31 00:43:48,451,217272320
2026-03-31 00:44:00,451,217214976
2026-03-31 00:44:12,451,218017792
2026-03-31 00:44:24,451,216932352
2026-03-31 00:44:37,452,217321472
2026-03-31 00:44:49,452,217329664
2026-03-31 00:45:02,452,218374144
2026-03-31 00:45:14,452,218095616
2026-03-31 00:45:27,453,218181632
2026-03-31 00:45:39,453,218005504
2026-03-31 00:45:51,453,217899008
2026-03-31 00:46:04,453,218386432
2026-03-31 00:46:16,453,217956352
2026-03-31 00:46:28,454,218038272
2026-03-31 00:46:41,454,218198016
2026-03-31 00:46:53,454,217989120
2026-03-31 00:47:06,454,217985024
2026-03-31 00:47:18,454,218038272
2026-03-31 00:47:30,455,217952256
2026-03-31 00:47:42,455,218382336
2026-03-31 00:47:55,455,218050560
2026-03-31 00:48:07,455,218529792
2026-03-31 00:48:19,455,218984448
2026-03-31 00:48:32,456,218390528
2026-03-31 00:48:44,456,218521600
2026-03-31 00:48:56,456,218705920
2026-03-31 00:49:08,456,218439680
2026-03-31 00:49:21,456,218759168
2026-03-31 00:49:33,457,218554368
2026-03-31 00:49:45,457,218476544
2026-03-31 00:49:57,457,219459584
2026-03-31 00:50:09,457,219189248
2026-03-31 00:50:22,457,218607616
2026-03-31 00:50:34,458,219111424
2026-03-31 00:50:46,458,219164672
2026-03-31 00:50:59,458,218984448
2026-03-31 00:51:11,458,218406912
2026-03-31 00:51:23,458,218697728
2026-03-31 00:51:35,459,218427392
2026-03-31 00:51:48,459,218705920
2026-03-31 00:52:00,459,219590656
2026-03-31 00:52:12,459,219619328
2026-03-31 00:52:24,459,219058176
2026-03-31 00:52:37,460,219197440
2026-03-31 00:52:49,460,219287552
2026-03-31 00:53:02,460,218759168
2026-03-31 00:53:14,460,219041792
2026-03-31 00:53:26,461,219508736
2026-03-31 00:53:39,461,219791360
2026-03-31 00:53:51,461,219594752
2026-03-31 00:54:03,461,220110848
2026-03-31 00:54:15,461,219721728
2026-03-31 00:54:28,462,220438528
2026-03-31 00:54:41,462,220151808
2026-03-31 00:54:53,462,220041216
2026-03-31 00:55:05,462,220090368
2026-03-31 00:55:18,462,219893760
2026-03-31 00:55:30,463,219865088
2026-03-31 00:55:42,463,219824128
2026-03-31 00:55:55,463,220123136
2026-03-31 00:56:07,463,220069888
2026-03-31 00:56:19,463,219750400
2026-03-31 00:56:31,464,219500544
2026-03-31 00:56:44,464,219484160
2026-03-31 00:56:56,464,219762688
2026-03-31 00:57:08,464,219897856
2026-03-31 00:57:21,464,220479488
2026-03-31 00:57:33,465,220033024
2026-03-31 00:57:45,465,220454912
2026-03-31 00:57:58,465,220602368
2026-03-31 00:58:10,465,220033024
2026-03-31 00:58:22,465,220540928
2026-03-31 00:58:34,466,220585984
2026-03-31 00:58:47,466,221261824
2026-03-31 00:58:59,466,220274688
2026-03-31 00:59:11,466,221581312
2026-03-31 00:59:24,466,221089792
2026-03-31 00:59:36,467,220463104
2026-03-31 00:59:48,467,219881472
2026-03-31 01:00:01,467,220893184
2026-03-31 01:00:13,467,220237824
2026-03-31 01:00:25,468,221134848
2026-03-31 01:00:37,468,220491776
2026-03-31 01:00:50,468,220352512
2026-03-31 01:01:02,468,221036544
2026-03-31 01:01:15,468,220991488
2026-03-31 01:01:27,469,220782592
2026-03-31 01:01:39,469,221122560
2026-03-31 01:01:52,469,220762112
2026-03-31 01:02:04,469,221061120
2026-03-31 01:02:16,469,221220864
2026-03-31 01:02:28,470,220999680
2026-03-31 01:02:41,470,221073408
2026-03-31 01:02:53,470,221507584
2026-03-31 01:03:05,470,221376512
2026-03-31 01:03:18,470,221450240
2026-03-31 01:03:30,471,220700672
2026-03-31 01:03:43,471,221769728
2026-03-31 01:03:55,471,221683712
2026-03-31 01:04:08,471,222339072
2026-03-31 01:04:20,471,221622272
2026-03-31 01:04:32,472,221745152
2026-03-31 01:04:44,472,221564928
2026-03-31 01:04:57,472,221315072
2026-03-31 01:05:09,472,221786112
2026-03-31 01:05:21,472,222031872
2026-03-31 01:05:34,473,221794304
2026-03-31 01:05:46,473,221716480
2026-03-31 01:05:58,473,221261824
2026-03-31 01:06:11,473,221659136
2026-03-31 01:06:23,473,221523968
2026-03-31 01:06:36,474,222203904
2026-03-31 01:06:48,474,221847552
2026-03-31 01:07:01,474,221773824
2026-03-31 01:07:13,474,222752768
2026-03-31 01:07:25,475,221433856
2026-03-31 01:07:37,475,222461952
2026-03-31 01:07:50,475,221851648
2026-03-31 01:08:02,475,222208000
2026-03-31 01:08:15,475,221949952
2026-03-31 01:08:27,476,221917184
2026-03-31 01:08:39,476,222400512
2026-03-31 01:08:52,476,223129600
2026-03-31 01:09:04,476,222298112
2026-03-31 01:09:16,476,222752768
2026-03-31 01:09:29,477,222138368
2026-03-31 01:09:41,477,222519296
2026-03-31 01:09:53,477,222199808
2026-03-31 01:10:06,477,223010816
2026-03-31 01:10:18,477,223166464
2026-03-31 01:10:30,478,222957568
2026-03-31 01:10:43,478,222343168
2026-03-31 01:10:55,478,222310400
2026-03-31 01:11:07,478,223363072
2026-03-31 01:11:19,478,223334400
2026-03-31 01:11:32,479,223031296
2026-03-31 01:11:44,479,222638080
2026-03-31 01:11:56,479,222511104
2026-03-31 01:12:09,479,223301632
2026-03-31 01:12:21,479,223469568
2026-03-31 01:12:33,480,223264768
2026-03-31 01:12:46,480,222986240
2026-03-31 01:12:58,480,223526912
2026-03-31 01:13:10,480,223707136
2026-03-31 01:13:22,480,223408128
2026-03-31 01:13:35,481,223203328
2026-03-31 01:13:47,481,223043584
2026-03-31 01:14:00,481,223260672
2026-03-31 01:14:12,481,223719424
2026-03-31 01:14:24,481,222871552
2026-03-31 01:14:37,482,223281152
2026-03-31 01:14:49,482,223227904
2026-03-31 01:15:02,482,222990336
2026-03-31 01:15:14,482,223010816
2026-03-31 01:15:26,483,223866880
2026-03-31 01:15:39,483,223744000
2026-03-31 01:15:51,483,224456704
2026-03-31 01:16:03,483,223969280
2026-03-31 01:16:15,483,224178176
2026-03-31 01:16:28,484,223444992
2026-03-31 01:16:40,484,224202752
2026-03-31 01:16:53,484,223649792
2026-03-31 01:17:05,484,224296960
2026-03-31 01:17:17,484,223563776
2026-03-31 01:17:29,485,224940032
2026-03-31 01:17:42,485,224010240
2026-03-31 01:17:54,485,224825344
2026-03-31 01:18:06,485,224198656
2026-03-31 01:18:19,485,224530432
2026-03-31 01:18:31,486,225017856
2026-03-31 01:18:44,486,224485376
2026-03-31 01:18:56,486,224419840
2026-03-31 01:19:08,486,224051200
2026-03-31 01:19:21,486,224505856
2026-03-31 01:19:33,487,225116160
2026-03-31 01:19:46,487,224030720
2026-03-31 01:19:58,487,224239616
2026-03-31 01:20:10,487,224669696
2026-03-31 01:20:23,487,223907840
2026-03-31 01:20:35,488,224980992
2026-03-31 01:20:47,488,224759808
2026-03-31 01:21:00,488,224366592
2026-03-31 01:21:12,488,224997376
2026-03-31 01:21:25,489,224649216
2026-03-31 01:21:37,489,224382976
2026-03-31 01:21:49,489,224190464
2026-03-31 01:22:02,489,224526336
2026-03-31 01:22:14,489,225390592
2026-03-31 01:22:26,490,225538048
2026-03-31 01:22:39,490,224464896
2026-03-31 01:22:51,490,223920128
2026-03-31 01:23:03,490,225050624
2026-03-31 01:23:16,490,225153024
2026-03-31 01:23:28,491,225120256
2026-03-31 01:23:40,491,225497088
2026-03-31 01:23:52,491,225398784
2026-03-31 01:24:04,491,225284096
2026-03-31 01:24:17,491,225411072
2026-03-31 01:24:29,492,225800192
2026-03-31 01:24:41,492,225345536
2026-03-31 01:24:53,492,225697792
2026-03-31 01:25:06,492,225484800
2026-03-31 01:25:18,492,225173504
2026-03-31 01:25:30,493,225538048
2026-03-31 01:25:43,493,225849344
2026-03-31 01:25:55,493,225206272
2026-03-31 01:26:07,493,226131968
2026-03-31 01:26:20,493,225120256
2026-03-31 01:26:32,494,226312192
2026-03-31 01:26:44,494,225902592
2026-03-31 01:26:57,494,226234368
2026-03-31 01:27:09,494,225947648
2026-03-31 01:27:21,494,225828864
2026-03-31 01:27:34,495,226353152
2026-03-31 01:27:46,495,226615296
2026-03-31 01:27:58,495,226369536
2026-03-31 01:28:10,495,225771520
2026-03-31 01:28:23,495,226414592
2026-03-31 01:28:35,496,226459648
2026-03-31 01:28:47,496,226664448
2026-03-31 01:29:00,496,226275328
2026-03-31 01:29:12,496,226623488
2026-03-31 01:29:24,496,225918976
2026-03-31 01:29:36,497,226394112
2026-03-31 01:29:49,497,226426880
2026-03-31 01:30:01,497,226074624
2026-03-31 01:30:13,497,226451456
2026-03-31 01:30:25,498,227012608
2026-03-31 01:30:37,498,226553856
2026-03-31 01:30:49,498,225632256
2026-03-31 01:31:01,498,226930688
2026-03-31 01:31:13,498,227020800
2026-03-31 01:31:26,499,227168256
2026-03-31 01:31:38,499,226299904
2026-03-31 01:31:50,499,227209216
2026-03-31 01:32:02,499,226861056
2026-03-31 01:32:14,499,226418688
2026-03-31 01:32:27,500,227262464
2026-03-31 01:32:39,500,227434496
2026-03-31 01:32:51,500,227221504
2026-03-31 01:33:03,500,226570240
2026-03-31 01:33:15,500,226971648
2026-03-31 01:33:27,501,227254272
2026-03-31 01:33:39,501,227241984
2026-03-31 01:33:52,501,227110912
2026-03-31 01:34:04,501,227815424
2026-03-31 01:34:16,501,227815424
2026-03-31 01:34:28,502,226971648
2026-03-31 01:34:40,502,226955264
2026-03-31 01:34:52,502,226304000
2026-03-31 01:35:04,502,226775040
2026-03-31 01:35:16,502,226734080
2026-03-31 01:35:28,503,226791424
2026-03-31 01:35:40,503,226930688
2026-03-31 01:35:52,503,226750464
2026-03-31 01:36:04,503,227053568
2026-03-31 01:36:16,503,226639872
2026-03-31 01:36:28,504,226611200
2026-03-31 01:36:40,504,226881536
2026-03-31 01:36:53,504,226848768
2026-03-31 01:37:05,504,227270656
2026-03-31 01:37:17,504,226299904
2026-03-31 01:37:28,505,227123200
2026-03-31 01:37:40,505,227008512
2026-03-31 01:37:52,505,227065856
2026-03-31 01:38:03,505,226770944
2026-03-31 01:38:15,505,226881536
2026-03-31 01:38:27,506,226525184
2026-03-31 01:38:38,506,226516992
2026-03-31 01:38:50,506,226803712
2026-03-31 01:39:01,506,227602432
2026-03-31 01:39:13,506,226541568
2026-03-31 01:39:25,507,227225600
2026-03-31 01:39:36,507,227020800
2026-03-31 01:39:48,507,226598912
2026-03-31 01:40:00,507,226775040
2026-03-31 01:40:12,507,226947072
2026-03-31 01:40:23,507,227024896
2026-03-31 01:40:35,508,226508800
2026-03-31 01:40:46,508,227139584
2026-03-31 01:40:58,508,227000320
2026-03-31 01:41:10,508,226594816
2026-03-31 01:41:21,508,226451456
2026-03-31 01:41:33,509,226574336
2026-03-31 01:41:45,509,226570240
2026-03-31 01:41:56,509,227028992
2026-03-31 01:42:08,509,226607104
2026-03-31 01:42:19,509,227090432
2026-03-31 01:42:31,510,226275328
2026-03-31 01:42:43,510,226717696
2026-03-31 01:42:54,510,227020800
2026-03-31 01:43:06,510,227065856
2026-03-31 01:43:18,510,227237888
2026-03-31 01:43:29,511,226598912
2026-03-31 01:43:41,511,226803712
2026-03-31 01:43:53,511,226734080
2026-03-31 01:44:04,511,226054144
2026-03-31 01:44:16,511,227041280
2026-03-31 01:44:28,512,226906112
2026-03-31 01:44:39,512,226746368
2026-03-31 01:44:51,512,227414016
2026-03-31 01:45:03,512,226811904
2026-03-31 01:45:15,512,226713600
2026-03-31 01:45:26,513,226725888
2026-03-31 01:45:38,513,226435072
2026-03-31 01:45:50,513,226734080
2026-03-31 01:46:01,513,226725888
2026-03-31 01:46:13,513,226783232
2026-03-31 01:46:25,514,226869248
2026-03-31 01:46:36,514,227188736
2026-03-31 01:46:48,514,227479552
2026-03-31 01:47:00,514,226459648
2026-03-31 01:47:11,514,226467840
2026-03-31 01:47:23,514,226861056
2026-03-31 01:47:35,515,226480128
2026-03-31 01:47:46,515,226750464
2026-03-31 01:47:58,515,226521088
2026-03-31 01:48:10,515,226799616
2026-03-31 01:48:21,515,226938880
2026-03-31 01:48:33,516,226512896
2026-03-31 01:48:45,516,226451456
2026-03-31 01:48:56,516,226922496
2026-03-31 01:49:08,516,226742272
2026-03-31 01:49:20,516,227299328
2026-03-31 01:49:31,517,227037184
2026-03-31 01:49:43,517,226349056
2026-03-31 01:49:54,517,226717696
2026-03-31 01:50:06,517,226918400
2026-03-31 01:50:18,517,226521088
2026-03-31 01:50:29,518,226476032
2026-03-31 01:50:41,518,226336768
2026-03-31 01:50:53,518,226758656
2026-03-31 01:51:04,518,227422208
2026-03-31 01:51:16,518,226717696
2026-03-31 01:51:28,519,226799616
2026-03-31 01:51:40,519,227065856
2026-03-31 01:51:51,519,226758656
2026-03-31 01:52:03,519,227262464
2026-03-31 01:52:15,519,226885632
2026-03-31 01:52:26,520,226770944
2026-03-31 01:52:38,520,226861056
2026-03-31 01:52:49,520,226971648
2026-03-31 01:53:01,520,226623488
2026-03-31 01:53:13,520,226705408
2026-03-31 01:53:24,520,226947072
2026-03-31 01:53:36,521,226906112
2026-03-31 01:53:48,521,226861056
2026-03-31 01:53:59,521,226897920
2026-03-31 01:54:11,521,226684928
2026-03-31 01:54:23,521,227160064
2026-03-31 01:54:34,522,226713600
2026-03-31 01:54:46,522,227352576
2026-03-31 01:54:58,522,226828288
2026-03-31 01:55:09,522,227049472
2026-03-31 01:55:21,522,227053568
2026-03-31 01:55:33,523,226381824
2026-03-31 01:55:44,523,226824192
2026-03-31 01:55:56,523,226508800
2026-03-31 01:56:08,523,226734080
2026-03-31 01:56:20,523,226844672
2026-03-31 01:56:31,524,205955072
2026-03-31 01:56:43,524,208502784
2026-03-31 01:56:55,524,208949248
2026-03-31 01:57:06,524,208793600
2026-03-31 01:57:18,524,208261120
2026-03-31 01:57:30,525,209346560
2026-03-31 01:57:41,525,208338944
2026-03-31 01:57:53,525,208543744
2026-03-31 01:58:05,525,207867904
2026-03-31 01:58:16,525,208293888
2026-03-31 01:58:28,526,208171008
2026-03-31 01:58:40,526,207876096
2026-03-31 01:58:51,526,208019456
2026-03-31 01:59:03,526,208134144
2026-03-31 01:59:14,526,208056320
2026-03-31 01:59:26,527,207831040
2026-03-31 01:59:38,527,207966208
2026-03-31 01:59:49,527,208039936
2026-03-31 02:00:01,527,208498688
2026-03-31 02:00:13,527,208420864
2026-03-31 02:00:24,527,207826944
2026-03-31 02:00:36,528,207564800
2026-03-31 02:00:48,528,208367616
2026-03-31 02:00:59,528,208101376
2026-03-31 02:01:11,528,207888384
2026-03-31 02:01:23,528,208084992
2026-03-31 02:01:34,529,208338944
2026-03-31 02:01:46,529,207618048
2026-03-31 02:01:58,529,207912960
2026-03-31 02:02:09,529,208564224
2026-03-31 02:02:21,529,207929344
2026-03-31 02:02:32,530,208166912
2026-03-31 02:02:44,530,207745024
2026-03-31 02:02:56,530,208232448
2026-03-31 02:03:07,530,207581184
2026-03-31 02:03:19,530,207507456
2026-03-31 02:03:31,531,208404480
2026-03-31 02:03:42,531,208138240
2026-03-31 02:03:54,531,207921152
2026-03-31 02:04:05,531,207638528
2026-03-31 02:04:17,531,208003072
2026-03-31 02:04:29,532,207806464
2026-03-31 02:04:40,532,207998976
2026-03-31 02:04:52,532,207822848
2026-03-31 02:05:04,532,207630336
2026-03-31 02:05:15,532,207650816
2026-03-31 02:05:27,533,208289792
2026-03-31 02:05:39,533,208273408
2026-03-31 02:05:50,533,207646720
2026-03-31 02:06:02,533,208039936
2026-03-31 02:06:13,533,208183296
2026-03-31 02:06:25,534,207912960
2026-03-31 02:06:37,534,207589376
2026-03-31 02:06:49,534,208330752
2026-03-31 02:07:00,534,207900672
2026-03-31 02:07:12,534,207912960
2026-03-31 02:07:24,534,208019456
2026-03-31 02:07:35,535,207835136
2026-03-31 02:07:47,535,208228352
2026-03-31 02:07:59,535,207826944
2026-03-31 02:08:10,535,207974400
2026-03-31 02:08:22,535,208117760
2026-03-31 02:08:33,536,207650816
2026-03-31 02:08:45,536,208187392
2026-03-31 02:08:57,536,207855616
2026-03-31 02:09:08,536,207544320
2026-03-31 02:09:20,536,208523264
2026-03-31 02:09:31,537,207908864
2026-03-31 02:09:43,537,207622144
2026-03-31 02:09:55,537,207552512
2026-03-31 02:10:06,537,208494592
2026-03-31 02:10:18,537,208150528
2026-03-31 02:10:30,538,207581184
2026-03-31 02:10:41,538,208101376
2026-03-31 02:10:53,538,207986688
2026-03-31 02:11:04,538,207872000
2026-03-31 02:11:16,538,207826944
2026-03-31 02:11:28,539,207785984
2026-03-31 02:11:39,539,207335424
2026-03-31 02:11:51,539,208539648
2026-03-31 02:12:03,539,207843328
2026-03-31 02:12:14,539,207450112
2026-03-31 02:12:26,540,208027648
2026-03-31 02:12:38,540,207622144
2026-03-31 02:12:49,540,208199680
2026-03-31 02:13:01,540,207863808
2026-03-31 02:13:13,540,208539648
2026-03-31 02:13:25,541,207921152
2026-03-31 02:13:37,541,207859712
2026-03-31 02:13:49,541,208080896
2026-03-31 02:14:01,541,207982592
2026-03-31 02:14:13,541,208535552
2026-03-31 02:14:25,542,207851520
2026-03-31 02:14:37,542,208207872
2026-03-31 02:14:49,542,208007168
2026-03-31 02:15:01,542,207609856
2026-03-31 02:15:13,542,207761408
2026-03-31 02:15:25,543,207577088
2026-03-31 02:15:37,543,207568896
2026-03-31 02:15:49,543,207781888
2026-03-31 02:16:01,543,207380480
2026-03-31 02:16:13,543,207720448
2026-03-31 02:16:25,544,207314944
2026-03-31 02:16:37,544,207572992
2026-03-31 02:16:48,544,208072704
2026-03-31 02:17:00,544,207552512
2026-03-31 02:17:12,544,208044032
2026-03-31 02:17:24,544,207790080
2026-03-31 02:17:36,545,208121856
2026-03-31 02:17:47,545,208056320
2026-03-31 02:17:59,545,208424960
2026-03-31 02:18:11,545,207994880
2026-03-31 02:18:22,545,208211968
2026-03-31 02:18:34,546,208142336
2026-03-31 02:18:46,546,208183296
2026-03-31 02:18:58,546,207708160
2026-03-31 02:19:10,546,207679488
2026-03-31 02:19:21,546,207486976
2026-03-31 02:19:33,547,207613952
2026-03-31 02:19:45,547,207609856
2026-03-31 02:19:57,547,207945728
2026-03-31 02:20:08,547,208052224
2026-03-31 02:20:20,547,208080896
2026-03-31 02:20:32,548,208089088
2026-03-31 02:20:43,548,207659008
2026-03-31 02:20:55,548,207941632
2026-03-31 02:21:07,548,208072704
2026-03-31 02:21:19,548,208211968
2026-03-31 02:21:31,549,207581184
2026-03-31 02:21:42,549,208048128
2026-03-31 02:21:54,549,208293888
2026-03-31 02:22:06,549,207937536
2026-03-31 02:22:17,549,207884288
2026-03-31 02:22:29,550,207888384
2026-03-31 02:22:41,550,208052224
2026-03-31 02:22:53,550,207888384
2026-03-31 02:23:04,550,207577088
2026-03-31 02:23:16,550,207994880
2026-03-31 02:23:28,551,207511552
2026-03-31 02:23:39,551,207880192
2026-03-31 02:23:51,551,207839232
2026-03-31 02:24:03,551,208195584
2026-03-31 02:24:15,551,208277504
2026-03-31 02:24:27,552,207740928
2026-03-31 02:24:38,552,208310272
2026-03-31 02:24:50,552,207761408
2026-03-31 02:25:02,552,207630336
2026-03-31 02:25:14,552,208048128
2026-03-31 02:25:25,553,207384576
2026-03-31 02:25:37,553,207859712
2026-03-31 02:25:49,553,207667200
2026-03-31 02:26:00,553,207712256
2026-03-31 02:26:12,553,207495168
2026-03-31 02:26:24,553,207990784
2026-03-31 02:26:36,554,207872000
2026-03-31 02:26:48,554,207925248
2026-03-31 02:26:59,554,207978496
2026-03-31 02:27:11,554,208244736
2026-03-31 02:27:23,554,208494592
2026-03-31 02:27:35,555,207544320
2026-03-31 02:27:46,555,207351808
2026-03-31 02:27:58,555,207806464
2026-03-31 02:28:10,555,207781888
2026-03-31 02:28:21,555,207671296
2026-03-31 02:28:33,556,208154624
2026-03-31 02:28:45,556,207966208
2026-03-31 02:28:57,556,208134144
2026-03-31 02:29:08,556,207888384
2026-03-31 02:29:20,556,208297984
2026-03-31 02:29:32,557,207777792
2026-03-31 02:29:44,557,208080896
2026-03-31 02:29:55,557,207527936
2026-03-31 02:30:07,557,207888384
2026-03-31 02:30:19,557,208379904
2026-03-31 02:30:31,558,207986688
2026-03-31 02:30:42,558,208154624
2026-03-31 02:30:54,558,207605760
2026-03-31 02:31:06,558,207806464
2026-03-31 02:31:18,558,208216064
2026-03-31 02:31:29,559,208019456
2026-03-31 02:31:41,559,207462400
2026-03-31 02:31:53,559,207585280
2026-03-31 02:32:05,559,208130048
2026-03-31 02:32:16,559,207814656
2026-03-31 02:32:28,560,208093184
2026-03-31 02:32:40,560,207958016
2026-03-31 02:32:52,560,207908864
2026-03-31 02:33:03,560,208211968
2026-03-31 02:33:15,560,207654912
2026-03-31 02:33:27,561,207503360
2026-03-31 02:33:39,561,208261120
2026-03-31 02:33:50,561,207822848
2026-03-31 02:34:02,561,207581184
2026-03-31 02:34:14,561,207867904
2026-03-31 02:34:26,562,208076800
2026-03-31 02:34:37,562,208150528
2026-03-31 02:34:49,562,207822848
2026-03-31 02:35:01,562,207618048
2026-03-31 02:35:12,562,207953920
2026-03-31 02:35:24,562,207769600
2026-03-31 02:35:36,563,208519168
2026-03-31 02:35:48,563,207765504
2026-03-31 02:35:59,563,207839232
2026-03-31 02:36:11,563,208121856
2026-03-31 02:36:23,563,208330752
2026-03-31 02:36:34,564,208060416
2026-03-31 02:36:46,564,207802368
2026-03-31 02:36:58,564,207872000
2026-03-31 02:37:10,564,207896576
2026-03-31 02:37:21,564,208084992
2026-03-31 02:37:33,565,207859712
2026-03-31 02:37:45,565,208199680
2026-03-31 02:37:57,565,207986688
2026-03-31 02:38:08,565,207872000
2026-03-31 02:38:20,565,207294464
2026-03-31 02:38:32,566,207835136
2026-03-31 02:38:44,566,208269312
2026-03-31 02:38:55,566,208138240
2026-03-31 02:39:07,566,207785984
2026-03-31 02:39:19,566,207695872
2026-03-31 02:39:31,567,207548416
2026-03-31 02:39:42,567,207958016
2026-03-31 02:39:54,567,207839232
2026-03-31 02:40:06,567,207630336
2026-03-31 02:40:18,567,207364096
2026-03-31 02:40:29,568,208404480
2026-03-31 02:40:41,568,207773696
2026-03-31 02:40:53,568,208326656
2026-03-31 02:41:05,568,207921152
2026-03-31 02:41:16,568,208064512
2026-03-31 02:41:28,569,208257024
2026-03-31 02:41:40,569,208183296
2026-03-31 02:41:51,569,207757312
2026-03-31 02:42:03,569,207998976
2026-03-31 02:42:15,569,207982592
2026-03-31 02:42:27,570,207818752
2026-03-31 02:42:38,570,207503360
2026-03-31 02:42:50,570,207388672
2026-03-31 02:43:02,570,207757312
2026-03-31 02:43:14,570,207966208
2026-03-31 02:43:25,571,207835136
2026-03-31 02:43:37,571,207790080
2026-03-31 02:43:49,571,208109568
2026-03-31 02:44:01,571,207867904
2026-03-31 02:44:13,571,207548416
2026-03-31 02:44:24,571,208097280
2026-03-31 02:44:36,572,208011264
2026-03-31 02:44:48,572,207921152
2026-03-31 02:44:59,572,207994880
2026-03-31 02:45:11,572,207798272
2026-03-31 02:45:23,572,207900672
2026-03-31 02:45:35,573,207835136
2026-03-31 02:45:47,573,207761408
2026-03-31 02:45:58,573,207609856
2026-03-31 02:46:10,573,208035840
2026-03-31 02:46:22,573,207450112
2026-03-31 02:46:34,574,208060416
2026-03-31 02:46:45,574,208334848
2026-03-31 02:46:57,574,207859712
2026-03-31 02:47:09,574,207560704
2026-03-31 02:47:20,574,208130048
2026-03-31 02:47:32,575,208551936
2026-03-31 02:47:44,575,207749120
2026-03-31 02:47:56,575,207650816
2026-03-31 02:48:08,575,207839232
2026-03-31 02:48:19,575,207917056
2026-03-31 02:48:31,576,208187392
2026-03-31 02:48:43,576,208191488
2026-03-31 02:48:55,576,207814656
2026-03-31 02:49:06,576,207925248
2026-03-31 02:49:18,576,207945728
2026-03-31 02:49:30,577,207572992
2026-03-31 02:49:42,577,207499264
2026-03-31 02:49:53,577,207474688
2026-03-31 02:50:05,577,207540224
2026-03-31 02:50:17,577,207433728
2026-03-31 02:50:29,578,207810560
2026-03-31 02:50:40,578,207241216
2026-03-31 02:50:52,578,207564800
2026-03-31 02:51:04,578,207781888
2026-03-31 02:51:15,578,207273984
2026-03-31 02:51:27,579,207708160
2026-03-31 02:51:39,579,207720448
2026-03-31 02:51:51,579,207175680
2026-03-31 02:52:02,579,207699968
2026-03-31 02:52:14,579,207269888
2026-03-31 02:52:26,580,207319040
2026-03-31 02:52:37,580,207360000
2026-03-31 02:52:49,580,207949824
2026-03-31 02:53:01,580,206974976
2026-03-31 02:53:13,580,206864384
2026-03-31 02:53:24,580,207097856
2026-03-31 02:53:36,581,206872576
2026-03-31 02:53:48,581,207478784
2026-03-31 02:54:00,581,207917056
2026-03-31 02:54:11,581,207286272
2026-03-31 02:54:23,581,207441920
2026-03-31 02:54:35,582,206749696
2026-03-31 02:54:46,582,206790656
2026-03-31 02:54:58,582,206196736
2026-03-31 02:55:10,582,206852096
2026-03-31 02:55:22,582,206819328
2026-03-31 02:55:34,583,206192640
2026-03-31 02:55:45,583,207044608
2026-03-31 02:55:57,583,206987264
2026-03-31 02:56:09,583,206458880
2026-03-31 02:56:20,583,206192640
2026-03-31 02:56:32,584,206307328
2026-03-31 02:56:44,584,207339520
2026-03-31 02:56:56,584,205365248
2026-03-31 02:57:07,584,206688256
2026-03-31 02:57:19,584,206856192
2026-03-31 02:57:31,585,206786560
2026-03-31 02:57:43,585,206557184
2026-03-31 02:57:55,585,206774272
2026-03-31 02:58:06,585,206221312
2026-03-31 02:58:18,585,206843904
2026-03-31 02:58:30,586,206999552
2026-03-31 02:58:42,586,206409728
2026-03-31 02:58:54,586,206286848
2026-03-31 02:59:05,586,203202560
2026-03-31 02:59:17,586,203218944
2026-03-31 02:59:29,587,203141120
2026-03-31 02:59:41,587,203042816
2026-03-31 02:59:52,587,196694016
2026-03-31 03:00:04,587,194007040
2026-03-31 03:00:16,587,193716224
2026-03-31 03:00:27,588,194387968
2026-03-31 03:00:39,588,193843200
2026-03-31 03:00:51,588,191770624
2026-03-31 03:01:03,588,187666432
2026-03-31 03:01:14,588,186286080
2026-03-31 03:01:26,589,186929152
2026-03-31 03:01:38,589,187068416
2026-03-31 03:01:50,589,184643584
2026-03-31 03:02:01,589,182132736
2026-03-31 03:02:13,589,182038528
2026-03-31 03:02:25,590,181899264
2026-03-31 03:02:37,590,181825536
2026-03-31 03:02:48,590,182386688
2026-03-31 03:03:00,590,181800960
2026-03-31 03:03:12,590,181510144
2026-03-31 03:03:24,590,179445760
2026-03-31 03:03:35,591,180162560
2026-03-31 03:03:47,591,179277824
2026-03-31 03:03:59,591,179658752
2026-03-31 03:04:11,591,180002816
2026-03-31 03:04:22,591,179142656
2026-03-31 03:04:34,592,179908608
2026-03-31 03:04:46,592,177045504
2026-03-31 03:04:58,592,176754688
2026-03-31 03:05:10,592,174854144
2026-03-31 03:05:21,592,174559232
2026-03-31 03:05:33,593,174030848
2026-03-31 03:05:45,593,174161920
2026-03-31 03:05:56,593,174649344
2026-03-31 03:06:08,593,174374912
2026-03-31 03:06:20,593,173932544
2026-03-31 03:06:32,594,174178304
2026-03-31 03:06:43,594,174407680
2026-03-31 03:06:55,594,172531712
2026-03-31 03:07:07,594,172216320
2026-03-31 03:07:19,594,172818432
2026-03-31 03:07:30,595,172163072
2026-03-31 03:07:42,595,172011520
2026-03-31 03:07:54,595,171958272
2026-03-31 03:08:06,595,172122112
2026-03-31 03:08:17,595,172343296
2026-03-31 03:08:29,596,172457984
2026-03-31 03:08:41,596,172109824
2026-03-31 03:08:52,596,171884544
2026-03-31 03:09:04,596,172081152
2026-03-31 03:09:16,596,171921408
2026-03-31 03:09:28,597,171872256
2026-03-31 03:09:39,597,172113920
2026-03-31 03:09:51,597,171814912
2026-03-31 03:10:03,597,172433408
2026-03-31 03:10:15,597,172163072
2026-03-31 03:10:26,598,171692032
2026-03-31 03:10:38,598,172216320
2026-03-31 03:10:50,598,172068864
2026-03-31 03:11:02,598,172138496
2026-03-31 03:11:13,598,172269568
2026-03-31 03:11:25,599,172298240
2026-03-31 03:11:37,599,172322816
2026-03-31 03:11:48,599,173137920
2026-03-31 03:12:00,599,172924928
2026-03-31 03:12:12,599,171966464
2026-03-31 03:12:24,599,171991040
2026-03-31 03:12:36,600,172032000
2026-03-31 03:12:47,600,172068864
2026-03-31 03:12:59,600,172179456
2026-03-31 03:13:11,600,172392448
2026-03-31 03:13:23,600,171917312
2026-03-31 03:13:34,601,171704320
2026-03-31 03:13:46,601,172158976
2026-03-31 03:13:58,601,172093440
2026-03-31 03:14:10,601,172326912
2026-03-31 03:14:21,601,172249088
2026-03-31 03:14:33,602,172290048
2026-03-31 03:14:45,602,172609536
2026-03-31 03:14:57,602,171737088
2026-03-31 03:15:08,602,172040192
2026-03-31 03:15:20,602,172593152
2026-03-31 03:15:32,603,171655168
2026-03-31 03:15:44,603,171560960
2026-03-31 03:15:55,603,172052480
2026-03-31 03:16:07,603,172126208
2026-03-31 03:16:19,603,171888640
2026-03-31 03:16:30,604,172003328
2026-03-31 03:16:42,604,172032000
2026-03-31 03:16:54,604,172535808
2026-03-31 03:17:06,604,172097536
2026-03-31 03:17:17,604,172478464
2026-03-31 03:17:29,605,172212224
2026-03-31 03:17:41,605,172539904
2026-03-31 03:17:53,605,172453888
2026-03-31 03:18:04,605,172077056
2026-03-31 03:18:16,605,172388352
2026-03-31 03:18:28,606,172388352
2026-03-31 03:18:40,606,172396544
2026-03-31 03:18:52,606,172032000
2026-03-31 03:19:03,606,171909120
2026-03-31 03:19:15,606,171900928
2026-03-31 03:19:27,607,172244992
2026-03-31 03:19:39,607,172769280
2026-03-31 03:19:51,607,171884544
2026-03-31 03:20:02,607,172285952
2026-03-31 03:20:14,607,172109824
2026-03-31 03:20:26,608,172650496
2026-03-31 03:20:38,608,172314624
2026-03-31 03:20:49,608,172089344
2026-03-31 03:21:01,608,173129728
2026-03-31 03:21:13,608,172564480
2026-03-31 03:21:24,608,171884544
2026-03-31 03:21:36,609,171601920
2026-03-31 03:21:48,609,172929024
2026-03-31 03:22:00,609,171819008
2026-03-31 03:22:11,609,171773952
2026-03-31 03:22:23,609,171859968
2026-03-31 03:22:35,610,171896832
2026-03-31 03:22:47,610,171745280
2026-03-31 03:22:58,610,172560384
2026-03-31 03:23:10,610,172163072
2026-03-31 03:23:22,610,172539904
2026-03-31 03:23:34,611,172474368
2026-03-31 03:23:45,611,172138496
2026-03-31 03:23:57,611,172748800
2026-03-31 03:24:09,611,172470272
2026-03-31 03:24:21,611,171884544
2026-03-31 03:24:32,612,172576768
2026-03-31 03:24:44,612,171823104
2026-03-31 03:24:56,612,172040192
2026-03-31 03:25:08,612,172703744
2026-03-31 03:25:19,612,172089344
2026-03-31 03:25:31,613,172146688
2026-03-31 03:25:43,613,172294144
2026-03-31 03:25:55,613,171945984
2026-03-31 03:26:06,613,172421120
2026-03-31 03:26:18,613,172527616
2026-03-31 03:26:30,614,172617728
2026-03-31 03:26:41,614,172093440
2026-03-31 03:26:53,614,171782144
2026-03-31 03:27:05,614,172371968
2026-03-31 03:27:17,614,172335104
2026-03-31 03:27:28,615,171667456
2026-03-31 03:27:40,615,172523520
2026-03-31 03:27:52,615,172052480
2026-03-31 03:28:04,615,172290048
2026-03-31 03:28:16,615,172564480
2026-03-31 03:28:27,616,172339200
2026-03-31 03:28:39,616,171810816
2026-03-31 03:28:51,616,172716032
2026-03-31 03:29:03,616,171737088
2026-03-31 03:29:14,616,172392448
2026-03-31 03:29:26,617,172281856
2026-03-31 03:29:38,617,172236800
2026-03-31 03:29:49,617,172625920
2026-03-31 03:30:01,617,172163072
2026-03-31 03:30:13,617,171945984
2026-03-31 03:30:25,618,171884544
2026-03-31 03:30:36,618,171925504
2026-03-31 03:30:48,618,171352064
2026-03-31 03:31:00,618,171634688
2026-03-31 03:31:12,618,172367872
2026-03-31 03:31:23,618,172699648
2026-03-31 03:31:35,619,172544000
2026-03-31 03:31:47,619,171995136
2026-03-31 03:31:58,619,171683840
2026-03-31 03:32:10,619,172687360
2026-03-31 03:32:22,619,172191744
2026-03-31 03:32:34,620,172126208
2026-03-31 03:32:45,620,171921408
2026-03-31 03:32:57,620,172802048
2026-03-31 03:33:09,620,171978752
2026-03-31 03:33:21,620,173027328
2026-03-31 03:33:32,621,172380160
2026-03-31 03:33:44,621,172711936
2026-03-31 03:33:56,621,172478464
2026-03-31 03:34:08,621,172179456
2026-03-31 03:34:19,621,171929600
2026-03-31 03:34:31,622,171941888
2026-03-31 03:34:43,622,171732992
2026-03-31 03:34:54,622,171941888
2026-03-31 03:35:06,622,172068864
2026-03-31 03:35:18,622,172253184
2026-03-31 03:35:30,623,171958272
2026-03-31 03:35:41,623,172240896
2026-03-31 03:35:53,623,172761088
2026-03-31 03:36:05,623,172568576
2026-03-31 03:36:17,623,171954176
2026-03-31 03:36:28,624,171872256
2026-03-31 03:36:40,624,171995136
2026-03-31 03:36:52,624,172179456
2026-03-31 03:37:03,624,172175360
2026-03-31 03:37:15,624,171851776
2026-03-31 03:37:27,625,172072960
2026-03-31 03:37:39,625,171982848
2026-03-31 03:37:50,625,172052480
2026-03-31 03:38:02,625,172355584
2026-03-31 03:38:14,625,171831296
2026-03-31 03:38:26,626,171950080
2026-03-31 03:38:37,626,172343296
2026-03-31 03:38:49,626,172503040
2026-03-31 03:39:01,626,172605440
2026-03-31 03:39:13,626,172130304
2026-03-31 03:39:24,626,172347392
2026-03-31 03:39:36,627,172437504
2026-03-31 03:39:48,627,171802624
2026-03-31 03:40:00,627,171868160
2026-03-31 03:40:11,627,172273664
2026-03-31 03:40:23,627,171921408
2026-03-31 03:40:35,628,171941888
2026-03-31 03:40:47,628,172716032
2026-03-31 03:40:58,628,171511808
2026-03-31 03:41:10,628,171728896
2026-03-31 03:41:22,628,172179456
2026-03-31 03:41:34,629,172781568
2026-03-31 03:41:45,629,172023808
2026-03-31 03:41:57,629,171896832
2026-03-31 03:42:09,629,172052480
2026-03-31 03:42:21,629,172494848
2026-03-31 03:42:32,630,172118016
2026-03-31 03:42:44,630,171765760
2026-03-31 03:42:56,630,172515328
2026-03-31 03:43:07,630,171859968
2026-03-31 03:43:19,630,172060672
2026-03-31 03:43:31,631,172429312
2026-03-31 03:43:42,631,172134400
2026-03-31 03:43:54,631,172294144
2026-03-31 03:44:06,631,172605440
2026-03-31 03:44:18,631,172396544
2026-03-31 03:44:30,632,172503040
2026-03-31 03:44:42,632,172142592
2026-03-31 03:44:53,632,172011520
2026-03-31 03:45:05,632,172232704
2026-03-31 03:45:17,632,172224512
2026-03-31 03:45:28,633,171872256
2026-03-31 03:45:40,633,171520000
2026-03-31 03:45:52,633,172494848
2026-03-31 03:46:04,633,172388352
2026-03-31 03:46:16,633,171679744
2026-03-31 03:46:27,634,171855872
2026-03-31 03:46:39,634,172457984
2026-03-31 03:46:51,634,172187648
2026-03-31 03:47:02,634,172175360
2026-03-31 03:47:14,634,171917312
2026-03-31 03:47:26,635,171978752
2026-03-31 03:47:37,635,171970560
2026-03-31 03:47:49,635,171761664
2026-03-31 03:48:01,635,171843584
2026-03-31 03:48:13,635,172052480
2026-03-31 03:48:24,635,172240896
2026-03-31 03:48:36,636,172466176
2026-03-31 03:48:48,636,172404736
2026-03-31 03:49:00,636,172150784
2026-03-31 03:49:11,636,172077056
2026-03-31 03:49:23,636,171974656
2026-03-31 03:49:35,637,172634112
2026-03-31 03:49:47,637,171868160
2026-03-31 03:49:58,637,171814912
2026-03-31 03:50:10,637,172613632
2026-03-31 03:50:22,637,172306432
2026-03-31 03:50:34,638,172699648
2026-03-31 03:50:46,638,172388352
2026-03-31 03:50:57,638,172216320
2026-03-31 03:51:09,638,172154880
2026-03-31 03:51:21,638,172142592
2026-03-31 03:51:32,639,171888640
2026-03-31 03:51:44,639,171982848
2026-03-31 03:51:56,639,172646400
2026-03-31 03:52:07,639,169750528
2026-03-31 03:52:19,639,170295296
2026-03-31 03:52:31,640,170221568
2026-03-31 03:52:43,640,170516480
2026-03-31 03:52:55,640,168386560
2026-03-31 03:53:06,640,166039552
2026-03-31 03:53:18,640,165855232
2026-03-31 03:53:30,641,163246080
2026-03-31 03:53:41,641,163209216
2026-03-31 03:53:53,641,161980416
2026-03-31 03:54:05,641,161697792
2026-03-31 03:54:17,641,161247232
2026-03-31 03:54:28,642,159358976
2026-03-31 03:54:40,642,159264768
2026-03-31 03:54:52,642,159526912
2026-03-31 03:55:04,642,158978048
2026-03-31 03:55:15,642,159338496
2026-03-31 03:55:27,643,159244288
2026-03-31 03:55:39,643,160202752
2026-03-31 03:55:51,643,159182848
2026-03-31 03:56:02,643,158941184
2026-03-31 03:56:14,643,159350784
2026-03-31 03:56:26,644,159318016
2026-03-31 03:56:38,644,159965184
2026-03-31 03:56:49,644,160489472
2026-03-31 03:57:01,644,159608832
2026-03-31 03:57:13,644,159387648
2026-03-31 03:57:25,645,159313920
2026-03-31 03:57:36,645,159830016
2026-03-31 03:57:48,645,159821824
2026-03-31 03:58:00,645,159932416
2026-03-31 03:58:12,645,159264768
2026-03-31 03:58:23,645,159879168
2026-03-31 03:58:35,646,159895552
2026-03-31 03:58:47,646,159350784
2026-03-31 03:58:59,646,159416320
2026-03-31 03:59:11,646,159711232
2026-03-31 03:59:22,646,159506432
2026-03-31 03:59:34,647,159825920
2026-03-31 03:59:46,647,159973376
2026-03-31 03:59:58,647,159244288
2026-03-31 04:00:09,647,159469568
2026-03-31 04:00:21,647,159055872
2026-03-31 04:00:33,648,159326208
2026-03-31 04:00:44,648,159309824
2026-03-31 04:00:56,648,159375360
2026-03-31 04:01:08,648,159277056
2026-03-31 04:01:20,648,159666176
2026-03-31 04:01:31,649,159571968
2026-03-31 04:01:43,649,159645696
2026-03-31 04:01:55,649,159596544
2026-03-31 04:02:07,649,159338496
2026-03-31 04:02:18,649,159838208
2026-03-31 04:02:30,650,159657984
2026-03-31 04:02:42,650,159703040
2026-03-31 04:02:53,650,160448512
2026-03-31 04:03:05,650,159404032
2026-03-31 04:03:17,650,159428608
2026-03-31 04:03:29,651,159801344
2026-03-31 04:03:41,651,159223808
2026-03-31 04:03:52,651,159703040
2026-03-31 04:04:04,651,159592448
2026-03-31 04:04:16,651,159416320
2026-03-31 04:04:28,652,159735808
2026-03-31 04:04:39,652,160026624
2026-03-31 04:04:51,652,159764480
2026-03-31 04:05:03,652,159956992
2026-03-31 04:05:14,652,159907840
2026-03-31 04:05:26,653,159854592
2026-03-31 04:05:38,653,160268288
2026-03-31 04:05:50,653,159604736
2026-03-31 04:06:01,653,159612928
2026-03-31 04:06:13,653,159297536
2026-03-31 04:06:25,654,159834112
2026-03-31 04:06:36,654,159350784
2026-03-31 04:06:48,654,159080448
2026-03-31 04:07:00,654,159444992
2026-03-31 04:07:11,654,159395840
2026-03-31 04:07:23,654,159596544
2026-03-31 04:07:35,655,159404032
2026-03-31 04:07:47,655,159395840
2026-03-31 04:07:58,655,159535104
2026-03-31 04:08:10,655,159576064
2026-03-31 04:08:22,655,159039488
2026-03-31 04:08:33,656,159395840
2026-03-31 04:08:45,656,159272960
2026-03-31 04:08:57,656,159526912
2026-03-31 04:09:09,656,158076928
2026-03-31 04:09:20,656,157949952
2026-03-31 04:09:32,657,156557312
2026-03-31 04:09:44,657,156286976
2026-03-31 04:09:56,657,156844032
2026-03-31 04:10:07,657,156192768
2026-03-31 04:10:19,657,154234880
2026-03-31 04:10:31,658,154214400
2026-03-31 04:10:42,658,153923584
2026-03-31 04:10:54,658,154505216
2026-03-31 04:11:06,658,154804224
2026-03-31 04:11:18,658,152338432
2026-03-31 04:11:29,659,152674304
2026-03-31 04:11:41,659,152326144
2026-03-31 04:11:53,659,152305664
2026-03-31 04:12:04,659,152907776
2026-03-31 04:12:16,659,150958080
2026-03-31 04:12:28,660,151027712
2026-03-31 04:12:39,660,150974464
2026-03-31 04:12:51,660,150839296
2026-03-31 04:13:03,660,151277568
2026-03-31 04:13:14,660,150646784
2026-03-31 04:13:26,661,150986752
2026-03-31 04:13:38,661,151003136
2026-03-31 04:13:49,661,150994944
2026-03-31 04:14:01,661,151449600
2026-03-31 04:14:13,661,151093248
2026-03-31 04:14:25,662,151900160
2026-03-31 04:14:37,662,151310336
2026-03-31 04:14:48,662,150749184
2026-03-31 04:15:00,662,151314432
2026-03-31 04:15:12,662,151035904
2026-03-31 04:15:23,662,150941696
2026-03-31 04:15:35,663,151052288
2026-03-31 04:15:47,663,151355392
2026-03-31 04:15:59,663,151019520
2026-03-31 04:16:10,663,150892544
2026-03-31 04:16:22,663,151248896
2026-03-31 04:16:34,664,150966272
2026-03-31 04:16:46,664,151404544
2026-03-31 04:16:57,664,151302144
2026-03-31 04:17:09,664,151138304
2026-03-31 04:17:21,664,150614016
2026-03-31 04:17:32,665,151199744
2026-03-31 04:17:44,665,150753280
2026-03-31 04:17:56,665,150933504
2026-03-31 04:18:07,665,151056384
2026-03-31 04:18:19,665,151326720
2026-03-31 04:18:31,666,150933504
2026-03-31 04:18:43,666,150880256
2026-03-31 04:18:54,666,150654976
2026-03-31 04:19:06,666,151339008
2026-03-31 04:19:18,666,151334912
2026-03-31 04:19:29,667,150958080
2026-03-31 04:19:41,667,151212032
2026-03-31 04:19:53,667,150757376
2026-03-31 04:20:05,667,150736896
2026-03-31 04:20:16,667,150978560
2026-03-31 04:20:28,668,151666688
2026-03-31 04:20:40,668,150839296
2026-03-31 04:20:52,668,151093248
2026-03-31 04:21:03,668,150880256
2026-03-31 04:21:15,668,151044096
2026-03-31 04:21:27,669,150761472
2026-03-31 04:21:39,669,150806528
2026-03-31 04:21:50,669,150913024
2026-03-31 04:22:02,669,151568384
2026-03-31 04:22:14,669,151150592
2026-03-31 04:22:25,670,151400448
2026-03-31 04:22:37,670,151191552
2026-03-31 04:22:49,670,151080960
2026-03-31 04:23:01,670,150925312
2026-03-31 04:23:12,670,151293952
2026-03-31 04:23:24,670,150867968
2026-03-31 04:23:36,671,151220224
2026-03-31 04:23:47,671,151678976
2026-03-31 04:23:59,671,151138304
2026-03-31 04:24:11,671,151236608
2026-03-31 04:24:23,671,151379968
2026-03-31 04:24:34,672,151134208
2026-03-31 04:24:46,672,151855104
2026-03-31 04:24:58,672,151502848
2026-03-31 04:25:10,672,151552000
2026-03-31 04:25:22,672,151064576
2026-03-31 04:25:33,673,150704128
2026-03-31 04:25:45,673,151244800
2026-03-31 04:25:57,673,150990848
2026-03-31 04:26:09,673,150970368
2026-03-31 04:26:20,673,151539712
2026-03-31 04:26:32,674,151400448
2026-03-31 04:26:44,674,150867968
2026-03-31 04:26:56,674,151142400
2026-03-31 04:27:07,674,151990272
2026-03-31 04:27:19,674,151085056
2026-03-31 04:27:31,675,150781952
2026-03-31 04:27:43,675,151138304
2026-03-31 04:27:54,675,150986752
2026-03-31 04:28:06,675,151396352
2026-03-31 04:28:18,675,150650880
2026-03-31 04:28:30,676,151162880
2026-03-31 04:28:41,676,151003136
2026-03-31 04:28:53,676,151228416
2026-03-31 04:29:05,676,150802432
2026-03-31 04:29:17,676,151433216
2026-03-31 04:29:28,677,151052288
2026-03-31 04:29:40,677,151257088
2026-03-31 04:29:52,677,151470080
2026-03-31 04:30:03,677,151150592
2026-03-31 04:30:15,677,151207936
2026-03-31 04:30:27,678,151527424
2026-03-31 04:30:38,678,150769664
2026-03-31 04:30:50,678,151085056
2026-03-31 04:31:02,678,151064576
2026-03-31 04:31:14,678,151400448
2026-03-31 04:31:25,679,150933504
2026-03-31 04:31:37,679,151068672
2026-03-31 04:31:49,679,151703552
2026-03-31 04:32:01,679,150872064
2026-03-31 04:32:12,679,150773760
2026-03-31 04:32:24,679,151212032
2026-03-31 04:32:36,680,150925312
2026-03-31 04:32:48,680,151019520
2026-03-31 04:32:59,680,151433216
2026-03-31 04:33:11,680,151302144
2026-03-31 04:33:23,680,151052288
2026-03-31 04:33:34,681,151109632
2026-03-31 04:33:46,681,151494656
2026-03-31 04:33:58,681,151343104
2026-03-31 04:34:10,681,150589440
2026-03-31 04:34:21,681,150958080
2026-03-31 04:34:33,682,150765568
2026-03-31 04:34:45,682,151404544
2026-03-31 04:34:56,682,150638592
2026-03-31 04:35:08,682,151453696
2026-03-31 04:35:20,682,150806528
2026-03-31 04:35:32,683,151379968
2026-03-31 04:35:43,683,150450176
2026-03-31 04:35:55,683,151158784
2026-03-31 04:36:07,683,151359488
2026-03-31 04:36:19,683,151158784
2026-03-31 04:36:30,684,150380544
2026-03-31 04:36:42,684,151306240
2026-03-31 04:36:54,684,150966272
2026-03-31 04:37:05,684,151412736
2026-03-31 04:37:17,684,151105536
2026-03-31 04:37:29,685,151138304
2026-03-31 04:37:41,685,151449600
2026-03-31 04:37:52,685,151089152
2026-03-31 04:38:04,685,151392256
2026-03-31 04:38:16,685,151179264
2026-03-31 04:38:28,686,150822912
2026-03-31 04:38:39,686,150552576
2026-03-31 04:38:51,686,150818816
2026-03-31 04:39:03,686,150900736
2026-03-31 04:39:15,686,151232512
2026-03-31 04:39:27,687,151298048
2026-03-31 04:39:38,687,151072768
2026-03-31 04:39:50,687,151130112
2026-03-31 04:40:02,687,150843392
2026-03-31 04:40:14,687,151375872
2026-03-31 04:40:25,688,150511616
2026-03-31 04:40:37,688,151019520
2026-03-31 04:40:49,688,151732224
2026-03-31 04:41:01,688,151269376
2026-03-31 04:41:12,688,150519808
2026-03-31 04:41:24,688,151117824
2026-03-31 04:41:36,689,150827008
2026-03-31 04:41:48,689,150962176
2026-03-31 04:41:59,689,151007232
2026-03-31 04:42:11,689,151293952
2026-03-31 04:42:23,689,151044096
2026-03-31 04:42:35,690,150786048
2026-03-31 04:42:46,690,151793664
2026-03-31 04:42:58,690,151519232
2026-03-31 04:43:10,690,151588864
2026-03-31 04:43:21,690,151126016
2026-03-31 04:43:33,691,150949888
2026-03-31 04:43:45,691,150781952
2026-03-31 04:43:57,691,150814720
2026-03-31 04:44:08,691,151441408
2026-03-31 04:44:20,691,150446080
2026-03-31 04:44:32,692,151543808
2026-03-31 04:44:44,692,151052288
2026-03-31 04:44:55,692,150593536
2026-03-31 04:45:07,692,151113728
2026-03-31 04:45:19,692,150900736
2026-03-31 04:45:31,693,151384064
2026-03-31 04:45:42,693,150798336
2026-03-31 04:45:54,693,151240704
2026-03-31 04:46:06,693,151298048
2026-03-31 04:46:17,693,151666688
2026-03-31 04:46:29,694,151203840
2026-03-31 04:46:41,694,150728704
2026-03-31 04:46:53,694,151412736
2026-03-31 04:47:05,694,150949888
2026-03-31 04:47:17,694,150839296
2026-03-31 04:47:28,695,151601152
2026-03-31 04:47:40,695,150560768
2026-03-31 04:47:52,695,151212032
2026-03-31 04:48:03,695,150499328
2026-03-31 04:48:15,695,151031808
2026-03-31 04:48:27,696,150728704
2026-03-31 04:48:39,696,151138304
2026-03-31 04:48:50,696,151863296
2026-03-31 04:49:02,696,150937600
2026-03-31 04:49:14,696,151339008
2026-03-31 04:49:26,697,150945792
2026-03-31 04:49:37,697,151089152
2026-03-31 04:49:49,697,151408640
2026-03-31 04:50:01,697,151085056
2026-03-31 04:50:13,697,151371776
2026-03-31 04:50:24,697,150462464
2026-03-31 04:50:36,698,151302144
2026-03-31 04:50:48,698,150929408
2026-03-31 04:50:59,698,151085056
2026-03-31 04:51:11,698,151019520
2026-03-31 04:51:23,698,150745088
2026-03-31 04:51:34,699,151646208
2026-03-31 04:51:46,699,151314432
2026-03-31 04:51:58,699,150773760
2026-03-31 04:52:10,699,151482368
2026-03-31 04:52:22,699,151351296
2026-03-31 04:52:33,700,151191552
2026-03-31 04:52:45,700,151027712
2026-03-31 04:52:57,700,150630400
2026-03-31 04:53:08,700,151130112
2026-03-31 04:53:20,700,150831104
2026-03-31 04:53:32,701,150798336
2026-03-31 04:53:43,701,151023616
2026-03-31 04:53:55,701,151425024
2026-03-31 04:54:07,701,151207936
2026-03-31 04:54:19,701,151113728
2026-03-31 04:54:30,702,150511616
2026-03-31 04:54:42,702,150753280
2026-03-31 04:54:54,702,151072768
2026-03-31 04:55:06,702,151220224
2026-03-31 04:55:17,702,151048192
2026-03-31 04:55:29,703,151060480
2026-03-31 04:55:41,703,151138304
2026-03-31 04:55:53,703,151502848
2026-03-31 04:56:04,703,151105536
2026-03-31 04:56:16,703,151420928
2026-03-31 04:56:28,704,151355392
2026-03-31 04:56:40,704,150818816
2026-03-31 04:56:51,704,151113728
2026-03-31 04:57:03,704,151023616
2026-03-31 04:57:15,704,150929408
2026-03-31 04:57:27,705,151302144
2026-03-31 04:57:38,705,150802432
2026-03-31 04:57:50,705,151371776
2026-03-31 04:58:02,705,151121920
2026-03-31 04:58:13,705,151343104
2026-03-31 04:58:25,706,151166976
2026-03-31 04:58:37,706,151121920
2026-03-31 04:58:48,706,151154688
2026-03-31 04:59:00,706,150745088
2026-03-31 04:59:12,706,150933504
2026-03-31 04:59:24,706,150892544
2026-03-31 04:59:35,707,150450176
2026-03-31 04:59:47,707,151666688
2026-03-31 04:59:59,707,150720512
2026-03-31 05:00:11,707,151420928
2026-03-31 05:00:23,707,150786048
2026-03-31 05:00:34,708,151068672
2026-03-31 05:00:46,708,151420928
2026-03-31 05:00:58,708,151158784
2026-03-31 05:01:09,708,151433216
2026-03-31 05:01:21,708,151334912
2026-03-31 05:01:33,709,151511040
2026-03-31 05:01:45,709,150962176
2026-03-31 05:01:56,709,150822912
2026-03-31 05:02:08,709,150650880
2026-03-31 05:02:20,709,151629824
2026-03-31 05:02:31,710,151269376
2026-03-31 05:02:43,710,150777856
2026-03-31 05:02:55,710,151076864
2026-03-31 05:03:07,710,151052288
2026-03-31 05:03:18,710,151007232
2026-03-31 05:03:30,711,151101440
2026-03-31 05:03:42,711,151728128
2026-03-31 05:03:54,711,151113728
2026-03-31 05:04:05,711,151150592
2026-03-31 05:04:17,711,150507520
2026-03-31 05:04:29,712,150642688
2026-03-31 05:04:40,712,151396352
2026-03-31 05:04:52,712,151298048
2026-03-31 05:05:04,712,151007232
2026-03-31 05:05:16,712,150695936
2026-03-31 05:05:27,713,151568384
2026-03-31 05:05:39,713,151310336
2026-03-31 05:05:51,713,150798336
2026-03-31 05:06:03,713,151097344
2026-03-31 05:06:14,713,151683072
2026-03-31 05:06:26,714,150986752
2026-03-31 05:06:38,714,151023616
2026-03-31 05:06:49,714,151134208
2026-03-31 05:07:01,714,151420928
2026-03-31 05:07:13,714,151457792
2026-03-31 05:07:25,715,151371776
2026-03-31 05:07:36,715,151228416
2026-03-31 05:07:48,715,150958080
2026-03-31 05:08:00,715,151089152
2026-03-31 05:08:11,715,150642688
2026-03-31 05:08:23,715,151494656
2026-03-31 05:08:35,716,150949888
2026-03-31 05:08:46,716,151085056
2026-03-31 05:08:58,716,151257088
2026-03-31 05:09:10,716,151138304
2026-03-31 05:09:22,716,151183360
2026-03-31 05:09:33,717,151142400
2026-03-31 05:09:45,717,150478848
2026-03-31 05:09:57,717,150732800
2026-03-31 05:10:09,717,151044096
2026-03-31 05:10:21,717,151384064
2026-03-31 05:10:32,718,150740992
2026-03-31 05:10:44,718,151044096
2026-03-31 05:10:56,718,151232512
2026-03-31 05:11:08,718,151732224
2026-03-31 05:11:19,718,150921216
2026-03-31 05:11:31,719,151101440
2026-03-31 05:11:43,719,150773760
2026-03-31 05:11:55,719,150716416
2026-03-31 05:12:07,719,151146496
2026-03-31 05:12:18,719,151334912
2026-03-31 05:12:30,720,151404544
