timestamp,elapsed_min,gc_collected_gen0,gc_collected_gen1,gc_collected_gen2,gc_uncollectable_gen0,gc_uncollectable_gen1,gc_uncollectable_gen2,gc_collections_gen0,gc_collections_gen1,gc_collections_gen2,process_rss_bytes,process_vm_bytes,process_cpu_seconds,open_fds,ccx_received,ccx_failures_ocp,ccx_processed_ocp,ccx_published_ocp,broker_instances,broker_exceptions,broker_tracebacks
2026-05-18 15:19:42,0,1469.0,924.0,89.0,0.0,0.0,0.0,242.0,22.0,1.0,9.029632e+07,1.167306752e+09,0.85,25.0,0.0,0.0,0.0,0.0,0.0,0.0,0.0
2026-05-18 15:19:54,0,1469.0,924.0,89.0,0.0,0.0,0.0,242.0,22.0,1.0,9.029632e+07,1.167306752e+09,0.87,25.0,0.0,0.0,0.0,0.0,0.0,0.0,0.0
2026-05-18 15:20:06,0,1469.0,924.0,89.0,0.0,0.0,0.0,242.0,22.0,1.0,9.029632e+07,1.167306752e+09,0.88,25.0,0.0,0.0,0.0,0.0,0.0,0.0,0.0
2026-05-18 15:20:18,0,1469.0,924.0,89.0,0.0,0.0,0.0,242.0,22.0,1.0,9.029632e+07,1.167306752e+09,0.9,25.0,0.0,0.0,0.0,0.0,0.0,0.0,0.0
2026-05-18 15:20:30,0,1469.0,924.0,89.0,0.0,0.0,0.0,242.0,22.0,1.0,9.029632e+07,1.167306752e+09,0.91,25.0,0.0,0.0,0.0,0.0,0.0,0.0,0.0
2026-05-18 15:20:42,1,1469.0,924.0,89.0,0.0,0.0,0.0,242.0,22.0,1.0,9.029632e+07,1.167306752e+09,0.92,25.0,0.0,0.0,0.0,0.0,0.0,0.0,0.0
2026-05-18 15:20:54,1,1697.0,924.0,109.0,0.0,0.0,0.0,246.0,22.0,2.0,9.0976256e+07,1.168355328e+09,2.46,26.0,79.0,0.0,79.0,79.0,11.0,0.0,0.0
2026-05-18 15:21:06,1,1955.0,924.0,109.0,0.0,0.0,0.0,248.0,22.0,2.0,9.0976256e+07,1.168355328e+09,4.46,29.0,178.0,0.0,177.0,177.0,11.0,0.0,0.0
2026-05-18 15:21:18,1,2261.0,924.0,109.0,0.0,0.0,0.0,250.0,22.0,2.0,9.0976256e+07,1.168355328e+09,6.359999999999999,26.0,277.0,0.0,277.0,277.0,11.0,0.0,0.0
2026-05-18 15:21:30,1,2414.0,924.0,109.0,0.0,0.0,0.0,251.0,22.0,2.0,9.0976256e+07,1.168355328e+09,8.16,27.0,377.0,0.0,377.0,377.0,11.0,0.0,0.0
2026-05-18 15:21:42,2,2726.0,924.0,109.0,0.0,0.0,0.0,252.0,22.0,2.0,9.0976256e+07,1.168355328e+09,10.01,26.0,474.0,0.0,473.0,473.0,11.0,0.0,0.0
2026-05-18 15:21:54,2,3104.0,924.0,109.0,0.0,0.0,0.0,253.0,22.0,2.0,9.0976256e+07,1.168355328e+09,11.829999999999998,26.0,573.0,0.0,573.0,573.0,11.0,0.0,0.0
2026-05-18 15:22:06,2,3104.0,924.0,109.0,0.0,0.0,0.0,253.0,22.0,2.0,9.0976256e+07,1.168355328e+09,13.66,26.0,671.0,0.0,671.0,671.0,11.0,0.0,0.0
2026-05-18 15:22:18,2,3104.0,1302.0,109.0,0.0,0.0,0.0,253.0,23.0,2.0,9.0976256e+07,1.168355328e+09,15.61,29.0,771.0,0.0,770.0,770.0,11.0,0.0,0.0
2026-05-18 15:22:30,2,3401.0,1302.0,109.0,0.0,0.0,0.0,254.0,23.0,2.0,9.0976256e+07,1.168355328e+09,17.48,29.0,869.0,0.0,868.0,868.0,11.0,0.0,0.0
2026-05-18 15:22:42,3,3695.0,1302.0,109.0,0.0,0.0,0.0,255.0,23.0,2.0,9.1107328e+07,1.168355328e+09,19.43,26.0,969.0,0.0,969.0,969.0,11.0,0.0,0.0
2026-05-18 15:22:54,3,4073.0,1302.0,109.0,0.0,0.0,0.0,256.0,23.0,2.0,9.12384e+07,1.168355328e+09,21.25,26.0,1069.0,0.0,1069.0,1069.0,11.0,0.0,0.0
2026-05-18 15:23:06,3,4451.0,1302.0,109.0,0.0,0.0,0.0,257.0,23.0,2.0,9.12384e+07,1.168355328e+09,23.18,29.0,1169.0,0.0,1168.0,1168.0,11.0,0.0,0.0
2026-05-18 15:23:18,3,4829.0,1302.0,109.0,0.0,0.0,0.0,258.0,23.0,2.0,9.12384e+07,1.168355328e+09,25.08,26.0,1266.0,0.0,1266.0,1266.0,11.0,0.0,0.0
2026-05-18 15:23:30,3,4829.0,1302.0,109.0,0.0,0.0,0.0,258.0,23.0,2.0,9.1369472e+07,1.168355328e+09,26.99,26.0,1366.0,0.0,1366.0,1366.0,11.0,0.0,0.0
2026-05-18 15:23:42,4,5207.0,1302.0,109.0,0.0,0.0,0.0,259.0,23.0,2.0,9.1369472e+07,1.168355328e+09,28.82,26.0,1465.0,0.0,1465.0,1465.0,11.0,0.0,0.0
2026-05-18 15:23:54,4,5585.0,1302.0,109.0,0.0,0.0,0.0,260.0,23.0,2.0,9.1369472e+07,1.168355328e+09,30.85,29.0,1564.0,0.0,1563.0,1563.0,11.0,0.0,0.0
2026-05-18 15:24:06,4,5780.0,1302.0,109.0,0.0,0.0,0.0,261.0,23.0,2.0,9.1369472e+07,1.168355328e+09,32.73,29.0,1664.0,0.0,1663.0,1663.0,11.0,0.0,0.0
2026-05-18 15:24:18,4,6080.0,1302.0,109.0,0.0,0.0,0.0,262.0,23.0,2.0,9.1369472e+07,1.168355328e+09,34.65,26.0,1764.0,0.0,1764.0,1764.0,11.0,0.0,0.0
2026-05-18 15:24:30,4,6458.0,1302.0,109.0,0.0,0.0,0.0,263.0,23.0,2.0,9.1369472e+07,1.168355328e+09,36.57,29.0,1863.0,0.0,1862.0,1862.0,11.0,0.0,0.0
2026-05-18 15:24:42,5,6677.0,1302.0,109.0,0.0,0.0,0.0,264.0,23.0,2.0,9.1369472e+07,1.168355328e+09,38.510000000000005,29.0,1962.0,0.0,1961.0,1961.0,11.0,0.0,0.0
2026-05-18 15:24:54,5,6677.0,1599.0,109.0,0.0,0.0,0.0,264.0,24.0,2.0,9.1369472e+07,1.168355328e+09,40.43,26.0,2061.0,0.0,2061.0,2061.0,11.0,0.0,0.0
2026-05-18 15:25:06,5,7178.0,1599.0,109.0,0.0,0.0,0.0,265.0,24.0,2.0,9.1369472e+07,1.168355328e+09,42.4,29.0,2160.0,0.0,2160.0,2159.0,11.0,0.0,0.0
2026-05-18 15:25:18,5,7178.0,1599.0,109.0,0.0,0.0,0.0,265.0,24.0,2.0,9.1369472e+07,1.168355328e+09,44.26,29.0,2258.0,0.0,2257.0,2257.0,11.0,0.0,0.0
2026-05-18 15:25:30,5,7565.0,1599.0,109.0,0.0,0.0,0.0,266.0,24.0,2.0,9.1500544e+07,1.168355328e+09,46.190000000000005,26.0,2356.0,0.0,2356.0,2356.0,11.0,0.0,0.0
2026-05-18 15:25:42,6,8069.0,1599.0,109.0,0.0,0.0,0.0,267.0,24.0,2.0,9.1500544e+07,1.168355328e+09,48.06,26.0,2454.0,0.0,2454.0,2454.0,11.0,0.0,0.0
2026-05-18 15:25:54,6,8069.0,1599.0,109.0,0.0,0.0,0.0,267.0,24.0,2.0,9.1500544e+07,1.168355328e+09,49.800000000000004,26.0,2553.0,0.0,2553.0,2553.0,11.0,0.0,0.0
2026-05-18 15:26:06,6,8570.0,1599.0,109.0,0.0,0.0,0.0,268.0,24.0,2.0,9.1500544e+07,1.168355328e+09,51.69,26.0,2652.0,0.0,2652.0,2652.0,11.0,0.0,0.0
2026-05-18 15:26:18,6,8570.0,1599.0,109.0,0.0,0.0,0.0,268.0,24.0,2.0,9.1631616e+07,1.168355328e+09,53.589999999999996,26.0,2751.0,0.0,2751.0,2751.0,11.0,0.0,0.0
2026-05-18 15:26:30,6,9071.0,1599.0,109.0,0.0,0.0,0.0,269.0,24.0,2.0,9.1631616e+07,1.168355328e+09,55.47,26.0,2850.0,0.0,2850.0,2850.0,11.0,0.0,0.0
2026-05-18 15:26:42,7,9575.0,1599.0,109.0,0.0,0.0,0.0,270.0,24.0,2.0,9.1631616e+07,1.168355328e+09,57.34,26.0,2949.0,0.0,2949.0,2949.0,11.0,0.0,0.0
2026-05-18 15:26:54,7,9575.0,1599.0,109.0,0.0,0.0,0.0,270.0,24.0,2.0,9.1631616e+07,1.168355328e+09,59.2,26.0,3049.0,0.0,3049.0,3049.0,11.0,0.0,0.0
2026-05-18 15:27:06,7,10079.0,1599.0,109.0,0.0,0.0,0.0,271.0,24.0,2.0,9.1631616e+07,1.168355328e+09,61.01,26.0,3147.0,0.0,3147.0,3147.0,11.0,0.0,0.0
2026-05-18 15:27:18,7,10079.0,1599.0,109.0,0.0,0.0,0.0,271.0,24.0,2.0,9.1631616e+07,1.168355328e+09,62.87,27.0,3247.0,0.0,3246.0,3246.0,11.0,0.0,0.0
2026-05-18 15:27:30,7,10529.0,1599.0,109.0,0.0,0.0,0.0,272.0,24.0,2.0,9.1631616e+07,1.168355328e+09,64.82,27.0,3346.0,0.0,3346.0,3346.0,11.0,0.0,0.0
2026-05-18 15:27:42,8,11033.0,1599.0,109.0,0.0,0.0,0.0,273.0,24.0,2.0,9.1631616e+07,1.168355328e+09,66.73,28.0,3447.0,0.0,3446.0,3446.0,11.0,0.0,0.0
2026-05-18 15:27:54,8,11033.0,1599.0,109.0,0.0,0.0,0.0,273.0,24.0,2.0,9.1631616e+07,1.168355328e+09,68.61,26.0,3547.0,0.0,3547.0,3547.0,11.0,0.0,0.0
2026-05-18 15:28:07,8,11537.0,1599.0,109.0,0.0,0.0,0.0,274.0,24.0,2.0,9.1631616e+07,1.168355328e+09,70.44,29.0,3646.0,0.0,3645.0,3645.0,11.0,0.0,0.0
2026-05-18 15:28:19,8,11537.0,1599.0,109.0,0.0,0.0,0.0,274.0,24.0,2.0,9.1631616e+07,1.168355328e+09,72.23,26.0,3744.0,0.0,3744.0,3744.0,11.0,0.0,0.0
2026-05-18 15:28:31,8,12041.0,1599.0,109.0,0.0,0.0,0.0,275.0,24.0,2.0,9.1631616e+07,1.168355328e+09,74.28999999999999,26.0,3843.0,0.0,3843.0,3843.0,11.0,0.0,0.0
2026-05-18 15:28:43,9,12041.0,2106.0,109.0,0.0,0.0,0.0,275.0,25.0,2.0,9.1631616e+07,1.168355328e+09,76.24000000000001,29.0,3943.0,0.0,3942.0,3942.0,11.0,0.0,0.0
2026-05-18 15:28:55,9,12041.0,2106.0,109.0,0.0,0.0,0.0,275.0,25.0,2.0,9.1631616e+07,1.168355328e+09,78.13,29.0,4041.0,0.0,4040.0,4040.0,11.0,0.0,0.0
2026-05-18 15:29:07,9,12407.0,2106.0,109.0,0.0,0.0,0.0,276.0,25.0,2.0,9.1631616e+07,1.168355328e+09,80.03,29.0,4141.0,0.0,4140.0,4140.0,11.0,0.0,0.0
2026-05-18 15:29:19,9,12707.0,2106.0,109.0,0.0,0.0,0.0,277.0,25.0,2.0,9.1631616e+07,1.168355328e+09,82.01,26.0,4238.0,0.0,4238.0,4238.0,11.0,0.0,0.0
2026-05-18 15:29:31,9,13211.0,2106.0,109.0,0.0,0.0,0.0,278.0,25.0,2.0,9.1631616e+07,1.168355328e+09,83.88000000000001,27.0,4338.0,0.0,4337.0,4337.0,11.0,0.0,0.0
2026-05-18 15:29:43,10,13211.0,2106.0,109.0,0.0,0.0,0.0,278.0,25.0,2.0,9.1631616e+07,1.168355328e+09,85.88,29.0,4442.0,0.0,4441.0,4441.0,11.0,0.0,0.0
2026-05-18 15:29:56,10,13610.0,2106.0,109.0,0.0,0.0,0.0,279.0,25.0,2.0,9.1631616e+07,1.168355328e+09,87.78,26.0,4541.0,0.0,4541.0,4541.0,11.0,0.0,0.0
2026-05-18 15:30:08,10,14114.0,2106.0,109.0,0.0,0.0,0.0,280.0,25.0,2.0,9.1631616e+07,1.168355328e+09,89.69000000000001,29.0,4641.0,0.0,4640.0,4640.0,11.0,0.0,0.0
2026-05-18 15:30:20,10,14114.0,2106.0,109.0,0.0,0.0,0.0,280.0,25.0,2.0,9.1631616e+07,1.168355328e+09,91.58000000000001,29.0,4740.0,0.0,4739.0,4739.0,11.0,0.0,0.0
2026-05-18 15:30:31,10,14504.0,2106.0,109.0,0.0,0.0,0.0,281.0,25.0,2.0,9.1631616e+07,1.168355328e+09,93.39,26.0,4837.0,0.0,4837.0,4837.0,11.0,0.0,0.0
2026-05-18 15:30:43,11,15008.0,2106.0,109.0,0.0,0.0,0.0,282.0,25.0,2.0,9.1631616e+07,1.168355328e+09,95.22999999999999,29.0,4936.0,0.0,4935.0,4935.0,11.0,0.0,0.0
2026-05-18 15:30:55,11,15008.0,2106.0,109.0,0.0,0.0,0.0,282.0,25.0,2.0,9.1631616e+07,1.168355328e+09,97.02,26.0,5035.0,0.0,5035.0,5035.0,11.0,0.0,0.0
2026-05-18 15:31:07,11,15512.0,2106.0,109.0,0.0,0.0,0.0,283.0,25.0,2.0,9.1631616e+07,1.168355328e+09,98.8,27.0,5135.0,0.0,5134.0,5134.0,11.0,0.0,0.0
2026-05-18 15:31:19,11,15512.0,2106.0,109.0,0.0,0.0,0.0,283.0,25.0,2.0,9.1631616e+07,1.168355328e+09,100.64,26.0,5233.0,0.0,5233.0,5233.0,11.0,0.0,0.0
2026-05-18 15:31:31,11,16016.0,2106.0,109.0,0.0,0.0,0.0,284.0,25.0,2.0,9.1631616e+07,1.168355328e+09,102.52,26.0,5332.0,0.0,5332.0,5332.0,11.0,0.0,0.0
2026-05-18 15:31:43,12,16520.0,2106.0,109.0,0.0,0.0,0.0,285.0,25.0,2.0,9.1631616e+07,1.168355328e+09,104.45,26.0,5431.0,0.0,5431.0,5431.0,11.0,0.0,0.0
2026-05-18 15:31:55,12,16520.0,2106.0,109.0,0.0,0.0,0.0,285.0,25.0,2.0,9.1631616e+07,1.168355328e+09,106.22999999999999,26.0,5531.0,0.0,5531.0,5531.0,11.0,0.0,0.0
2026-05-18 15:32:07,12,17024.0,2106.0,109.0,0.0,0.0,0.0,286.0,25.0,2.0,9.1631616e+07,1.168355328e+09,108.14,29.0,5630.0,0.0,5629.0,5629.0,11.0,0.0,0.0
2026-05-18 15:32:19,12,17024.0,2106.0,109.0,0.0,0.0,0.0,286.0,25.0,2.0,9.1631616e+07,1.168355328e+09,110.05,29.0,5728.0,0.0,5727.0,5727.0,11.0,0.0,0.0
2026-05-18 15:32:31,12,17024.0,2550.0,109.0,0.0,0.0,0.0,286.0,26.0,2.0,9.1631616e+07,1.168355328e+09,111.94,27.0,5828.0,0.0,5827.0,5827.0,11.0,0.0,0.0
2026-05-18 15:32:43,13,17528.0,2550.0,109.0,0.0,0.0,0.0,287.0,26.0,2.0,9.1631616e+07,1.168355328e+09,113.87,29.0,5927.0,0.0,5926.0,5926.0,11.0,0.0,0.0
2026-05-18 15:32:55,13,17528.0,2550.0,109.0,0.0,0.0,0.0,287.0,26.0,2.0,9.1631616e+07,1.168355328e+09,115.72999999999999,26.0,6026.0,0.0,6026.0,6026.0,11.0,0.0,0.0
2026-05-18 15:33:07,13,18032.0,2550.0,109.0,0.0,0.0,0.0,288.0,26.0,2.0,9.1631616e+07,1.168355328e+09,117.62,26.0,6126.0,0.0,6126.0,6126.0,11.0,0.0,0.0
2026-05-18 15:33:19,13,18032.0,2550.0,109.0,0.0,0.0,0.0,288.0,26.0,2.0,9.1631616e+07,1.168355328e+09,119.42999999999999,26.0,6225.0,0.0,6225.0,6225.0,11.0,0.0,0.0
2026-05-18 15:33:31,13,18533.0,2550.0,109.0,0.0,0.0,0.0,289.0,26.0,2.0,9.1631616e+07,1.168355328e+09,121.29,29.0,6323.0,0.0,6322.0,6322.0,11.0,0.0,0.0
2026-05-18 15:33:43,14,18806.0,2550.0,109.0,0.0,0.0,0.0,290.0,26.0,2.0,9.1631616e+07,1.168355328e+09,123.22,29.0,6421.0,0.0,6420.0,6420.0,11.0,0.0,0.0
2026-05-18 15:33:55,14,19100.0,2550.0,109.0,0.0,0.0,0.0,291.0,26.0,2.0,9.1631616e+07,1.168355328e+09,125.06,26.0,6519.0,0.0,6519.0,6519.0,11.0,0.0,0.0
2026-05-18 15:34:07,14,19604.0,2550.0,109.0,0.0,0.0,0.0,292.0,26.0,2.0,9.1631616e+07,1.168355328e+09,126.89,29.0,6618.0,0.0,6617.0,6617.0,11.0,0.0,0.0
2026-05-18 15:34:19,14,19604.0,2550.0,109.0,0.0,0.0,0.0,292.0,26.0,2.0,9.1631616e+07,1.168355328e+09,128.66,26.0,6717.0,0.0,6717.0,6717.0,11.0,0.0,0.0
2026-05-18 15:34:31,14,20108.0,2550.0,109.0,0.0,0.0,0.0,293.0,26.0,2.0,9.1631616e+07,1.168355328e+09,130.48,26.0,6815.0,0.0,6815.0,6815.0,11.0,0.0,0.0
2026-05-18 15:34:43,15,20108.0,2550.0,109.0,0.0,0.0,0.0,293.0,26.0,2.0,9.1631616e+07,1.168355328e+09,132.35999999999999,26.0,6913.0,0.0,6913.0,6913.0,11.0,0.0,0.0
2026-05-18 15:34:55,15,20612.0,2550.0,109.0,0.0,0.0,0.0,294.0,26.0,2.0,9.1631616e+07,1.168355328e+09,134.28,26.0,7013.0,0.0,7013.0,7013.0,11.0,0.0,0.0
2026-05-18 15:35:07,15,21116.0,2550.0,109.0,0.0,0.0,0.0,295.0,26.0,2.0,9.1631616e+07,1.168355328e+09,136.17000000000002,26.0,7111.0,0.0,7111.0,7111.0,11.0,0.0,0.0
2026-05-18 15:35:19,15,21116.0,2550.0,109.0,0.0,0.0,0.0,295.0,26.0,2.0,9.1631616e+07,1.168355328e+09,138.02,26.0,7211.0,0.0,7211.0,7211.0,11.0,0.0,0.0
2026-05-18 15:35:31,15,21620.0,2550.0,109.0,0.0,0.0,0.0,296.0,26.0,2.0,9.1631616e+07,1.168355328e+09,139.92999999999998,27.0,7309.0,0.0,7308.0,7308.0,11.0,0.0,0.0
2026-05-18 15:35:43,16,21620.0,2550.0,109.0,0.0,0.0,0.0,296.0,26.0,2.0,9.1631616e+07,1.168355328e+09,141.93,26.0,7408.0,0.0,7408.0,7408.0,11.0,0.0,0.0
2026-05-18 15:35:55,16,22124.0,2550.0,109.0,0.0,0.0,0.0,297.0,26.0,2.0,9.1631616e+07,1.168355328e+09,143.81,29.0,7507.0,0.0,7506.0,7506.0,11.0,0.0,0.0
2026-05-18 15:36:07,16,22124.0,2787.0,109.0,0.0,0.0,0.0,297.0,27.0,2.0,9.1631616e+07,1.168355328e+09,145.71,26.0,7605.0,0.0,7605.0,7605.0,11.0,0.0,0.0
2026-05-18 15:36:18,16,22628.0,2787.0,109.0,0.0,0.0,0.0,298.0,27.0,2.0,9.1631616e+07,1.168355328e+09,147.60000000000002,29.0,7703.0,0.0,7702.0,7702.0,11.0,0.0,0.0
2026-05-18 15:36:31,16,22628.0,2787.0,109.0,0.0,0.0,0.0,298.0,27.0,2.0,9.1631616e+07,1.168355328e+09,149.47,26.0,7802.0,0.0,7801.0,7801.0,11.0,0.0,0.0
2026-05-18 15:36:42,17,23009.0,2787.0,109.0,0.0,0.0,0.0,299.0,27.0,2.0,9.1631616e+07,1.168355328e+09,151.34,29.0,7901.0,0.0,7900.0,7900.0,11.0,0.0,0.0
2026-05-18 15:36:54,17,23306.0,2787.0,109.0,0.0,0.0,0.0,300.0,27.0,2.0,9.1631616e+07,1.168355328e+09,153.26,26.0,7999.0,0.0,7999.0,7999.0,11.0,0.0,0.0
2026-05-18 15:37:06,17,23810.0,2787.0,109.0,0.0,0.0,0.0,301.0,27.0,2.0,9.1631616e+07,1.168355328e+09,155.15,29.0,8098.0,0.0,8097.0,8097.0,11.0,0.0,0.0
2026-05-18 15:37:18,17,23810.0,2787.0,109.0,0.0,0.0,0.0,301.0,27.0,2.0,9.1631616e+07,1.168355328e+09,156.92,26.0,8196.0,0.0,8196.0,8196.0,11.0,0.0,0.0
2026-05-18 15:37:30,17,24314.0,2787.0,109.0,0.0,0.0,0.0,302.0,27.0,2.0,9.1631616e+07,1.168355328e+09,158.8,26.0,8296.0,0.0,8296.0,8296.0,11.0,0.0,0.0
2026-05-18 15:37:42,18,24791.0,2787.0,109.0,0.0,0.0,0.0,303.0,27.0,2.0,9.1631616e+07,1.168355328e+09,160.68,29.0,8396.0,0.0,8395.0,8395.0,11.0,0.0,0.0
2026-05-18 15:37:55,18,24791.0,2787.0,109.0,0.0,0.0,0.0,303.0,27.0,2.0,9.1631616e+07,1.168355328e+09,162.55,29.0,8495.0,0.0,8494.0,8494.0,11.0,0.0,0.0
2026-05-18 15:38:06,18,25088.0,2787.0,109.0,0.0,0.0,0.0,304.0,27.0,2.0,9.1631616e+07,1.168355328e+09,164.52,26.0,8593.0,0.0,8593.0,8593.0,11.0,0.0,0.0
2026-05-18 15:38:18,18,25592.0,2787.0,109.0,0.0,0.0,0.0,305.0,27.0,2.0,9.1631616e+07,1.168355328e+09,166.28,26.0,8693.0,0.0,8693.0,8693.0,11.0,0.0,0.0
2026-05-18 15:38:30,18,25592.0,2787.0,109.0,0.0,0.0,0.0,305.0,27.0,2.0,9.1631616e+07,1.168355328e+09,168.22,26.0,8792.0,0.0,8792.0,8792.0,11.0,0.0,0.0
2026-05-18 15:38:42,19,26096.0,2787.0,109.0,0.0,0.0,0.0,306.0,27.0,2.0,9.1631616e+07,1.168355328e+09,169.97000000000003,26.0,8890.0,0.0,8890.0,8890.0,11.0,0.0,0.0
2026-05-18 15:38:54,19,26096.0,2787.0,109.0,0.0,0.0,0.0,306.0,27.0,2.0,9.1631616e+07,1.168355328e+09,171.9,29.0,8989.0,0.0,8988.0,8988.0,11.0,0.0,0.0
2026-05-18 15:39:06,19,26570.0,2787.0,109.0,0.0,0.0,0.0,307.0,27.0,2.0,9.1631616e+07,1.168355328e+09,173.82,29.0,9087.0,0.0,9086.0,9086.0,11.0,0.0,0.0
2026-05-18 15:39:18,19,26864.0,2787.0,109.0,0.0,0.0,0.0,308.0,27.0,2.0,9.1762688e+07,1.168355328e+09,175.57999999999998,27.0,9185.0,0.0,9184.0,9184.0,11.0,0.0,0.0
2026-05-18 15:39:30,19,26864.0,3291.0,109.0,0.0,0.0,0.0,308.0,28.0,2.0,9.1762688e+07,1.168355328e+09,177.39,26.0,9283.0,0.0,9283.0,9283.0,11.0,0.0,0.0
2026-05-18 15:39:42,20,26864.0,3291.0,109.0,0.0,0.0,0.0,308.0,28.0,2.0,9.1762688e+07,1.168355328e+09,179.25,29.0,9382.0,0.0,9381.0,9381.0,11.0,0.0,0.0
2026-05-18 15:39:54,20,27245.0,3291.0,109.0,0.0,0.0,0.0,309.0,28.0,2.0,9.1762688e+07,1.168355328e+09,181.20999999999998,26.0,9481.0,0.0,9481.0,9481.0,11.0,0.0,0.0
2026-05-18 15:40:06,20,27749.0,3291.0,109.0,0.0,0.0,0.0,310.0,28.0,2.0,9.1762688e+07,1.168355328e+09,183.14000000000001,26.0,9580.0,0.0,9580.0,9580.0,11.0,0.0,0.0
2026-05-18 15:40:18,20,27749.0,3291.0,109.0,0.0,0.0,0.0,310.0,28.0,2.0,9.1762688e+07,1.168355328e+09,185.0,29.0,9679.0,0.0,9678.0,9678.0,11.0,0.0,0.0
2026-05-18 15:40:30,20,28136.0,3291.0,109.0,0.0,0.0,0.0,311.0,28.0,2.0,9.1762688e+07,1.168355328e+09,186.82999999999998,26.0,9777.0,0.0,9777.0,9777.0,11.0,0.0,0.0
2026-05-18 15:40:42,21,28640.0,3291.0,109.0,0.0,0.0,0.0,312.0,28.0,2.0,9.1762688e+07,1.168355328e+09,188.69,26.0,9876.0,0.0,9876.0,9876.0,11.0,0.0,0.0
2026-05-18 15:40:54,21,28640.0,3291.0,109.0,0.0,0.0,0.0,312.0,28.0,2.0,9.1762688e+07,1.168355328e+09,190.45999999999998,26.0,9974.0,0.0,9974.0,9974.0,11.0,0.0,0.0
2026-05-18 15:41:06,21,29144.0,3291.0,109.0,0.0,0.0,0.0,313.0,28.0,2.0,9.1762688e+07,1.168355328e+09,192.38,26.0,10073.0,0.0,10073.0,10073.0,11.0,0.0,0.0
2026-05-18 15:41:18,21,29144.0,3291.0,109.0,0.0,0.0,0.0,313.0,28.0,2.0,9.1762688e+07,1.168355328e+09,194.28,26.0,10173.0,0.0,10173.0,10173.0,11.0,0.0,0.0
2026-05-18 15:41:30,21,29645.0,3291.0,109.0,0.0,0.0,0.0,314.0,28.0,2.0,9.1762688e+07,1.168355328e+09,196.25,29.0,10271.0,0.0,10270.0,10270.0,11.0,0.0,0.0
2026-05-18 15:41:42,22,29909.0,3291.0,109.0,0.0,0.0,0.0,315.0,28.0,2.0,9.1762688e+07,1.168355328e+09,198.12,29.0,10371.0,0.0,10370.0,10370.0,11.0,0.0,0.0
2026-05-18 15:41:54,22,30209.0,3291.0,109.0,0.0,0.0,0.0,316.0,28.0,2.0,9.1762688e+07,1.168355328e+09,199.99,26.0,10470.0,0.0,10470.0,10470.0,11.0,0.0,0.0
2026-05-18 15:42:06,22,30713.0,3291.0,109.0,0.0,0.0,0.0,317.0,28.0,2.0,9.1762688e+07,1.168355328e+09,201.92,27.0,10570.0,0.0,10569.0,10569.0,11.0,0.0,0.0
2026-05-18 15:42:18,22,30713.0,3291.0,109.0,0.0,0.0,0.0,317.0,28.0,2.0,9.1762688e+07,1.168355328e+09,203.82999999999998,27.0,10668.0,0.0,10667.0,10667.0,11.0,0.0,0.0
2026-05-18 15:42:30,22,31100.0,3291.0,109.0,0.0,0.0,0.0,318.0,28.0,2.0,9.1762688e+07,1.168355328e+09,205.67000000000002,26.0,10765.0,0.0,10765.0,10765.0,11.0,0.0,0.0
2026-05-18 15:42:42,23,31604.0,3291.0,109.0,0.0,0.0,0.0,319.0,28.0,2.0,9.1762688e+07,1.168355328e+09,207.57000000000002,26.0,10864.0,0.0,10864.0,10864.0,11.0,0.0,0.0
2026-05-18 15:42:54,23,31604.0,3291.0,109.0,0.0,0.0,0.0,319.0,28.0,2.0,9.1762688e+07,1.168355328e+09,209.47,26.0,10963.0,0.0,10963.0,10963.0,11.0,0.0,0.0
2026-05-18 15:43:06,23,31604.0,3795.0,109.0,0.0,0.0,0.0,319.0,29.0,2.0,9.1762688e+07,1.168355328e+09,211.38,26.0,11062.0,0.0,11062.0,11062.0,11.0,0.0,0.0
2026-05-18 15:43:18,23,31604.0,3795.0,109.0,0.0,0.0,0.0,319.0,29.0,2.0,9.1762688e+07,1.168355328e+09,213.32,26.0,11161.0,0.0,11161.0,11161.0,11.0,0.0,0.0
2026-05-18 15:43:30,23,32105.0,3795.0,109.0,0.0,0.0,0.0,320.0,29.0,2.0,9.1762688e+07,1.168355328e+09,215.20000000000002,26.0,11260.0,0.0,11260.0,11260.0,11.0,0.0,0.0
2026-05-18 15:43:42,24,32609.0,3795.0,109.0,0.0,0.0,0.0,321.0,29.0,2.0,9.1762688e+07,1.168355328e+09,217.07999999999998,26.0,11359.0,0.0,11359.0,11359.0,11.0,0.0,0.0
2026-05-18 15:43:54,24,32609.0,3795.0,109.0,0.0,0.0,0.0,321.0,29.0,2.0,9.1762688e+07,1.168355328e+09,218.95999999999998,29.0,11458.0,0.0,11457.0,11457.0,11.0,0.0,0.0
2026-05-18 15:44:06,24,32966.0,3795.0,109.0,0.0,0.0,0.0,322.0,29.0,2.0,9.1762688e+07,1.168355328e+09,220.89000000000001,29.0,11557.0,0.0,11556.0,11556.0,11.0,0.0,0.0
2026-05-18 15:44:18,24,33263.0,3795.0,109.0,0.0,0.0,0.0,323.0,29.0,2.0,9.1762688e+07,1.168355328e+09,222.74,29.0,11655.0,0.0,11654.0,11654.0,11.0,0.0,0.0
2026-05-18 15:44:30,24,33557.0,3795.0,109.0,0.0,0.0,0.0,324.0,29.0,2.0,9.1762688e+07,1.168355328e+09,224.58,26.0,11754.0,0.0,11754.0,11754.0,11.0,0.0,0.0
2026-05-18 15:44:42,25,34061.0,3795.0,109.0,0.0,0.0,0.0,325.0,29.0,2.0,9.1762688e+07,1.168355328e+09,226.57000000000002,26.0,11854.0,0.0,11854.0,11854.0,11.0,0.0,0.0
2026-05-18 15:44:55,25,34061.0,3795.0,109.0,0.0,0.0,0.0,325.0,29.0,2.0,9.1762688e+07,1.168355328e+09,228.48,26.0,11954.0,0.0,11954.0,11954.0,11.0,0.0,0.0
2026-05-18 15:45:06,25,34565.0,3795.0,109.0,0.0,0.0,0.0,326.0,29.0,2.0,9.1762688e+07,1.168355328e+09,230.34,29.0,12053.0,0.0,12052.0,12052.0,11.0,0.0,0.0
2026-05-18 15:45:18,25,35045.0,3795.0,109.0,0.0,0.0,0.0,327.0,29.0,2.0,9.1762688e+07,1.168355328e+09,232.26000000000002,29.0,12151.0,0.0,12150.0,12150.0,11.0,0.0,0.0
2026-05-18 15:45:30,25,35045.0,3795.0,109.0,0.0,0.0,0.0,327.0,29.0,2.0,9.1762688e+07,1.168355328e+09,234.16,26.0,12249.0,0.0,12249.0,12249.0,11.0,0.0,0.0
2026-05-18 15:45:42,26,35549.0,3795.0,109.0,0.0,0.0,0.0,328.0,29.0,2.0,9.1762688e+07,1.168355328e+09,236.07,26.0,12348.0,0.0,12348.0,12348.0,11.0,0.0,0.0
2026-05-18 15:45:55,26,35549.0,3795.0,109.0,0.0,0.0,0.0,328.0,29.0,2.0,9.1762688e+07,1.168355328e+09,237.93,26.0,12447.0,0.0,12447.0,12447.0,11.0,0.0,0.0
2026-05-18 15:46:07,26,36050.0,3795.0,109.0,0.0,0.0,0.0,329.0,29.0,2.0,9.1762688e+07,1.168355328e+09,239.92,27.0,12546.0,0.0,12546.0,12546.0,11.0,0.0,0.0
2026-05-18 15:46:19,26,36050.0,3795.0,109.0,0.0,0.0,0.0,329.0,29.0,2.0,9.1762688e+07,1.168355328e+09,241.76,26.0,12644.0,0.0,12644.0,12644.0,11.0,0.0,0.0
2026-05-18 15:46:31,26,36551.0,3795.0,109.0,0.0,0.0,0.0,330.0,29.0,2.0,9.1762688e+07,1.168355328e+09,243.63,26.0,12743.0,0.0,12743.0,12743.0,11.0,0.0,0.0
2026-05-18 15:46:43,27,36551.0,4302.0,109.0,0.0,0.0,0.0,330.0,30.0,2.0,9.1762688e+07,1.168355328e+09,245.49,26.0,12843.0,0.0,12843.0,12843.0,11.0,0.0,0.0
2026-05-18 15:46:55,27,36551.0,4302.0,109.0,0.0,0.0,0.0,330.0,30.0,2.0,9.1762688e+07,1.168355328e+09,247.44,27.0,12943.0,0.0,12942.0,12942.0,11.0,0.0,0.0
2026-05-18 15:47:07,27,37052.0,4302.0,109.0,0.0,0.0,0.0,331.0,30.0,2.0,9.1762688e+07,1.168355328e+09,249.41,27.0,13042.0,0.0,13041.0,13041.0,11.0,0.0,0.0
2026-05-18 15:47:19,27,37052.0,4302.0,109.0,0.0,0.0,0.0,331.0,30.0,2.0,9.1762688e+07,1.168355328e+09,251.31,26.0,13140.0,0.0,13140.0,13140.0,11.0,0.0,0.0
2026-05-18 15:47:31,27,37553.0,4302.0,109.0,0.0,0.0,0.0,332.0,30.0,2.0,9.1762688e+07,1.168355328e+09,253.2,26.0,13239.0,0.0,13239.0,13239.0,11.0,0.0,0.0
2026-05-18 15:47:43,28,38057.0,4302.0,109.0,0.0,0.0,0.0,333.0,30.0,2.0,9.1762688e+07,1.168355328e+09,255.13,26.0,13339.0,0.0,13339.0,13339.0,11.0,0.0,0.0
2026-05-18 15:47:55,28,38057.0,4302.0,109.0,0.0,0.0,0.0,333.0,30.0,2.0,9.1762688e+07,1.168355328e+09,257.0,29.0,13437.0,0.0,13436.0,13436.0,11.0,0.0,0.0
2026-05-18 15:48:07,28,38393.0,4302.0,109.0,0.0,0.0,0.0,334.0,30.0,2.0,9.1762688e+07,1.168355328e+09,258.94,29.0,13535.0,0.0,13534.0,13534.0,11.0,0.0,0.0
2026-05-18 15:48:19,28,38687.0,4302.0,109.0,0.0,0.0,0.0,335.0,30.0,2.0,9.1762688e+07,1.168355328e+09,260.93,26.0,13633.0,0.0,13633.0,13633.0,11.0,0.0,0.0
2026-05-18 15:48:31,28,39191.0,4302.0,109.0,0.0,0.0,0.0,336.0,30.0,2.0,9.1762688e+07,1.168355328e+09,262.83,26.0,13732.0,0.0,13732.0,13732.0,11.0,0.0,0.0
2026-05-18 15:48:43,29,39191.0,4302.0,109.0,0.0,0.0,0.0,336.0,30.0,2.0,9.1762688e+07,1.168355328e+09,264.67,29.0,13830.0,0.0,13829.0,13829.0,11.0,0.0,0.0
2026-05-18 15:48:55,29,39572.0,4302.0,109.0,0.0,0.0,0.0,337.0,30.0,2.0,9.1762688e+07,1.168355328e+09,266.51,26.0,13928.0,0.0,13928.0,13928.0,11.0,0.0,0.0
2026-05-18 15:49:07,29,40076.0,4302.0,109.0,0.0,0.0,0.0,338.0,30.0,2.0,9.1762688e+07,1.168355328e+09,268.42,26.0,14028.0,0.0,14028.0,14028.0,11.0,0.0,0.0
2026-05-18 15:49:19,29,40076.0,4302.0,109.0,0.0,0.0,0.0,338.0,30.0,2.0,9.1762688e+07,1.168355328e+09,270.33,29.0,14127.0,0.0,14126.0,14126.0,11.0,0.0,0.0
2026-05-18 15:49:31,29,40463.0,4302.0,109.0,0.0,0.0,0.0,339.0,30.0,2.0,9.1762688e+07,1.168355328e+09,272.23,26.0,14226.0,0.0,14226.0,14226.0,11.0,0.0,0.0
2026-05-18 15:49:43,30,40967.0,4302.0,109.0,0.0,0.0,0.0,340.0,30.0,2.0,9.1762688e+07,1.168355328e+09,274.1,26.0,14323.0,0.0,14323.0,14323.0,11.0,0.0,0.0
2026-05-18 15:49:55,30,40967.0,4302.0,109.0,0.0,0.0,0.0,340.0,30.0,2.0,9.1762688e+07,1.168355328e+09,276.07,26.0,14422.0,0.0,14422.0,14422.0,11.0,0.0,0.0
2026-05-18 15:50:07,30,41468.0,4302.0,109.0,0.0,0.0,0.0,341.0,30.0,2.0,9.1762688e+07,1.168355328e+09,277.96999999999997,26.0,14523.0,0.0,14523.0,14523.0,11.0,0.0,0.0
2026-05-18 15:50:19,30,41468.0,4302.0,109.0,0.0,0.0,0.0,341.0,30.0,2.0,9.1762688e+07,1.168355328e+09,279.82,26.0,14621.0,0.0,14621.0,14621.0,11.0,0.0,0.0
2026-05-18 15:50:31,30,41468.0,4809.0,109.0,0.0,0.0,0.0,341.0,31.0,2.0,9.1762688e+07,1.168355328e+09,281.84,29.0,14720.0,0.0,14719.0,14719.0,11.0,0.0,0.0
2026-05-18 15:50:43,31,41738.0,4809.0,109.0,0.0,0.0,0.0,342.0,31.0,2.0,9.1762688e+07,1.168355328e+09,283.77,26.0,14819.0,0.0,14819.0,14819.0,11.0,0.0,0.0
2026-05-18 15:50:55,31,42242.0,4809.0,109.0,0.0,0.0,0.0,343.0,31.0,2.0,9.1762688e+07,1.168355328e+09,285.64,26.0,14918.0,0.0,14918.0,14918.0,11.0,0.0,0.0
2026-05-18 15:51:07,31,42242.0,4809.0,109.0,0.0,0.0,0.0,343.0,31.0,2.0,9.1762688e+07,1.168355328e+09,287.62,27.0,15018.0,0.0,15017.0,15017.0,11.0,0.0,0.0
2026-05-18 15:51:19,31,42632.0,4809.0,109.0,0.0,0.0,0.0,344.0,31.0,2.0,9.1762688e+07,1.168355328e+09,289.55,29.0,15117.0,0.0,15116.0,15116.0,11.0,0.0,0.0
2026-05-18 15:51:31,31,42929.0,4809.0,109.0,0.0,0.0,0.0,345.0,31.0,2.0,9.1762688e+07,1.168355328e+09,291.44,26.0,15216.0,0.0,15216.0,15216.0,11.0,0.0,0.0
2026-05-18 15:51:43,32,43433.0,4809.0,109.0,0.0,0.0,0.0,346.0,31.0,2.0,9.1762688e+07,1.168355328e+09,293.44,26.0,15316.0,0.0,15316.0,15316.0,11.0,0.0,0.0
2026-05-18 15:51:55,32,43433.0,4809.0,109.0,0.0,0.0,0.0,346.0,31.0,2.0,9.1762688e+07,1.168355328e+09,295.39,26.0,15415.0,0.0,15415.0,15415.0,11.0,0.0,0.0
2026-05-18 15:52:07,32,43937.0,4809.0,109.0,0.0,0.0,0.0,347.0,31.0,2.0,9.1762688e+07,1.168355328e+09,297.29,26.0,15515.0,0.0,15515.0,15515.0,11.0,0.0,0.0
2026-05-18 15:52:19,32,43937.0,4809.0,109.0,0.0,0.0,0.0,347.0,31.0,2.0,9.1762688e+07,1.168355328e+09,299.14000000000004,26.0,15615.0,0.0,15615.0,15615.0,11.0,0.0,0.0
2026-05-18 15:52:32,32,44426.0,4809.0,109.0,0.0,0.0,0.0,348.0,31.0,2.0,9.1762688e+07,1.168355328e+09,301.13,26.0,15716.0,0.0,15716.0,15716.0,11.0,0.0,0.0
2026-05-18 15:52:44,33,44927.0,4809.0,109.0,0.0,0.0,0.0,349.0,31.0,2.0,9.1762688e+07,1.168355328e+09,303.03999999999996,27.0,15815.0,0.0,15814.0,15814.0,11.0,0.0,0.0
2026-05-18 15:52:56,33,44927.0,4809.0,109.0,0.0,0.0,0.0,349.0,31.0,2.0,9.1762688e+07,1.168355328e+09,304.95,26.0,15915.0,0.0,15915.0,15915.0,11.0,0.0,0.0
2026-05-18 15:53:08,33,45431.0,4809.0,109.0,0.0,0.0,0.0,350.0,31.0,2.0,9.1762688e+07,1.168355328e+09,306.76000000000005,26.0,16014.0,0.0,16014.0,16014.0,11.0,0.0,0.0
2026-05-18 15:53:20,33,45431.0,4809.0,109.0,0.0,0.0,0.0,350.0,31.0,2.0,9.1762688e+07,1.168355328e+09,308.68,27.0,16114.0,0.0,16114.0,16114.0,11.0,0.0,0.0
2026-05-18 15:53:32,33,45923.0,4809.0,109.0,0.0,0.0,0.0,351.0,31.0,2.0,9.1762688e+07,1.168355328e+09,310.59999999999997,26.0,16212.0,0.0,16212.0,16212.0,11.0,0.0,0.0
2026-05-18 15:53:44,34,46424.0,4809.0,109.0,0.0,0.0,0.0,352.0,31.0,2.0,9.1762688e+07,1.168355328e+09,312.52,26.0,16311.0,0.0,16311.0,16311.0,11.0,0.0,0.0
2026-05-18 15:53:56,34,46424.0,4809.0,109.0,0.0,0.0,0.0,352.0,31.0,2.0,9.1762688e+07,1.168355328e+09,314.44,29.0,16410.0,0.0,16409.0,16409.0,11.0,0.0,0.0
2026-05-18 15:54:08,34,46424.0,5193.0,109.0,0.0,0.0,0.0,352.0,32.0,2.0,9.1762688e+07,1.168355328e+09,316.42999999999995,26.0,16508.0,0.0,16508.0,16508.0,11.0,0.0,0.0
2026-05-18 15:54:20,34,46928.0,5193.0,109.0,0.0,0.0,0.0,353.0,32.0,2.0,9.1762688e+07,1.168355328e+09,318.33000000000004,26.0,16607.0,0.0,16607.0,16607.0,11.0,0.0,0.0
2026-05-18 15:54:32,34,46928.0,5193.0,109.0,0.0,0.0,0.0,353.0,32.0,2.0,9.1762688e+07,1.168355328e+09,320.26,26.0,16707.0,0.0,16707.0,16707.0,11.0,0.0,0.0
2026-05-18 15:54:44,35,47429.0,5193.0,109.0,0.0,0.0,0.0,354.0,32.0,2.0,9.1762688e+07,1.168355328e+09,322.2,26.0,16806.0,0.0,16806.0,16806.0,11.0,0.0,0.0
2026-05-18 15:54:56,35,47903.0,5193.0,109.0,0.0,0.0,0.0,355.0,32.0,2.0,9.1762688e+07,1.168355328e+09,324.1,26.0,16904.0,0.0,16904.0,16904.0,11.0,0.0,0.0
2026-05-18 15:55:08,35,47903.0,5193.0,109.0,0.0,0.0,0.0,355.0,32.0,2.0,9.1762688e+07,1.168355328e+09,325.96,29.0,17002.0,0.0,17001.0,17001.0,11.0,0.0,0.0
2026-05-18 15:55:20,35,48194.0,5193.0,109.0,0.0,0.0,0.0,356.0,32.0,2.0,9.1762688e+07,1.168355328e+09,327.84000000000003,26.0,17100.0,0.0,17100.0,17100.0,11.0,0.0,0.0
2026-05-18 15:55:32,35,48698.0,5193.0,109.0,0.0,0.0,0.0,357.0,32.0,2.0,9.1762688e+07,1.168355328e+09,329.72,26.0,17199.0,0.0,17199.0,17199.0,11.0,0.0,0.0
2026-05-18 15:55:44,36,48698.0,5193.0,109.0,0.0,0.0,0.0,357.0,32.0,2.0,9.1762688e+07,1.168355328e+09,331.67,26.0,17297.0,0.0,17297.0,17297.0,11.0,0.0,0.0
2026-05-18 15:55:56,36,49199.0,5193.0,109.0,0.0,0.0,0.0,358.0,32.0,2.0,9.1762688e+07,1.168355328e+09,333.55,26.0,17395.0,0.0,17395.0,17395.0,11.0,0.0,0.0
2026-05-18 15:56:08,36,49199.0,5193.0,109.0,0.0,0.0,0.0,358.0,32.0,2.0,9.1762688e+07,1.168355328e+09,335.52,26.0,17494.0,0.0,17494.0,17494.0,11.0,0.0,0.0
2026-05-18 15:56:20,36,49700.0,5193.0,109.0,0.0,0.0,0.0,359.0,32.0,2.0,9.1762688e+07,1.168355328e+09,337.48,29.0,17593.0,0.0,17592.0,17592.0,11.0,0.0,0.0
2026-05-18 15:56:32,36,49964.0,5193.0,109.0,0.0,0.0,0.0,360.0,32.0,2.0,9.1762688e+07,1.168355328e+09,339.34000000000003,29.0,17693.0,0.0,17692.0,17692.0,11.0,0.0,0.0
2026-05-18 15:56:44,37,50264.0,5193.0,109.0,0.0,0.0,0.0,361.0,32.0,2.0,9.1762688e+07,1.168355328e+09,341.22,26.0,17792.0,0.0,17792.0,17792.0,11.0,0.0,0.0
2026-05-18 15:56:56,37,50768.0,5193.0,109.0,0.0,0.0,0.0,362.0,32.0,2.0,9.1762688e+07,1.168355328e+09,343.10999999999996,26.0,17892.0,0.0,17892.0,17892.0,11.0,0.0,0.0
2026-05-18 15:57:08,37,50768.0,5193.0,109.0,0.0,0.0,0.0,362.0,32.0,2.0,9.1762688e+07,1.168355328e+09,344.94,29.0,17991.0,0.0,17990.0,17990.0,11.0,0.0,0.0
2026-05-18 15:57:20,37,51158.0,5193.0,109.0,0.0,0.0,0.0,363.0,32.0,2.0,9.1762688e+07,1.168355328e+09,346.85,26.0,18089.0,0.0,18089.0,18089.0,11.0,0.0,0.0
2026-05-18 15:57:32,37,51158.0,5706.0,109.0,0.0,0.0,0.0,363.0,33.0,2.0,9.1762688e+07,1.168355328e+09,348.79,26.0,18189.0,0.0,18189.0,18189.0,11.0,0.0,0.0
2026-05-18 15:57:44,38,51158.0,5706.0,109.0,0.0,0.0,0.0,363.0,33.0,2.0,9.1762688e+07,1.168355328e+09,350.7,26.0,18288.0,0.0,18288.0,18288.0,11.0,0.0,0.0
2026-05-18 15:57:57,38,51662.0,5706.0,109.0,0.0,0.0,0.0,364.0,33.0,2.0,9.1762688e+07,1.168355328e+09,352.62,26.0,18386.0,0.0,18386.0,18386.0,11.0,0.0,0.0
2026-05-18 15:58:08,38,51662.0,5706.0,109.0,0.0,0.0,0.0,364.0,33.0,2.0,9.1762688e+07,1.168355328e+09,354.45,26.0,18484.0,0.0,18484.0,18484.0,11.0,0.0,0.0
2026-05-18 15:58:20,38,52166.0,5706.0,109.0,0.0,0.0,0.0,365.0,33.0,2.0,9.1762688e+07,1.168355328e+09,356.35,28.0,18583.0,0.0,18582.0,18582.0,11.0,0.0,0.0
2026-05-18 15:58:32,38,52670.0,5706.0,109.0,0.0,0.0,0.0,366.0,33.0,2.0,9.1762688e+07,1.168355328e+09,358.31,29.0,18683.0,0.0,18682.0,18682.0,11.0,0.0,0.0
2026-05-18 15:58:44,39,52670.0,5706.0,109.0,0.0,0.0,0.0,366.0,33.0,2.0,9.1762688e+07,1.168355328e+09,360.15000000000003,26.0,18781.0,0.0,18781.0,18781.0,11.0,0.0,0.0
2026-05-18 15:58:56,39,53174.0,5706.0,109.0,0.0,0.0,0.0,367.0,33.0,2.0,9.1762688e+07,1.168355328e+09,361.97,29.0,18880.0,0.0,18879.0,18879.0,11.0,0.0,0.0
2026-05-18 15:59:08,39,53174.0,5706.0,109.0,0.0,0.0,0.0,367.0,33.0,2.0,9.1762688e+07,1.168355328e+09,363.91,29.0,18979.0,0.0,18978.0,18978.0,11.0,0.0,0.0
2026-05-18 15:59:20,39,53618.0,5706.0,109.0,0.0,0.0,0.0,368.0,33.0,2.0,9.1762688e+07,1.168355328e+09,365.71,26.0,19078.0,0.0,19078.0,19078.0,11.0,0.0,0.0
2026-05-18 15:59:32,39,54122.0,5706.0,109.0,0.0,0.0,0.0,369.0,33.0,2.0,9.1762688e+07,1.168355328e+09,367.6,29.0,19177.0,0.0,19176.0,19176.0,11.0,0.0,0.0
2026-05-18 15:59:44,40,54122.0,5706.0,109.0,0.0,0.0,0.0,369.0,33.0,2.0,9.1762688e+07,1.168355328e+09,369.48,26.0,19275.0,0.0,19275.0,19275.0,11.0,0.0,0.0
2026-05-18 15:59:56,40,54626.0,5706.0,109.0,0.0,0.0,0.0,370.0,33.0,2.0,9.1762688e+07,1.168355328e+09,371.46,26.0,19375.0,0.0,19375.0,19375.0,11.0,0.0,0.0
2026-05-18 16:00:09,40,54626.0,5706.0,109.0,0.0,0.0,0.0,370.0,33.0,2.0,9.1762688e+07,1.168355328e+09,373.38,26.0,19475.0,0.0,19475.0,19475.0,11.0,0.0,0.0
2026-05-18 16:00:21,40,55130.0,5706.0,109.0,0.0,0.0,0.0,371.0,33.0,2.0,9.1762688e+07,1.168355328e+09,375.33,29.0,19574.0,0.0,19573.0,19573.0,11.0,0.0,0.0
2026-05-18 16:00:33,40,55403.0,5706.0,109.0,0.0,0.0,0.0,372.0,33.0,2.0,9.1762688e+07,1.168355328e+09,377.13,26.0,19673.0,0.0,19673.0,19673.0,11.0,0.0,0.0
2026-05-18 16:00:45,41,55907.0,5706.0,109.0,0.0,0.0,0.0,373.0,33.0,2.0,9.1762688e+07,1.168355328e+09,379.03999999999996,26.0,19773.0,0.0,19773.0,19773.0,11.0,0.0,0.0
2026-05-18 16:00:57,41,55907.0,5706.0,109.0,0.0,0.0,0.0,373.0,33.0,2.0,9.1762688e+07,1.168355328e+09,380.96,26.0,19874.0,0.0,19874.0,19874.0,11.0,0.0,0.0
2026-05-18 16:01:09,41,56411.0,5706.0,109.0,0.0,0.0,0.0,374.0,33.0,2.0,9.1762688e+07,1.168355328e+09,382.88,26.0,19972.0,0.0,19972.0,19972.0,11.0,0.0,0.0
2026-05-18 16:01:21,41,56411.0,6192.0,109.0,0.0,0.0,0.0,374.0,34.0,2.0,9.1762688e+07,1.168355328e+09,384.8,29.0,20072.0,0.0,20071.0,20071.0,11.0,0.0,0.0
2026-05-18 16:01:33,41,56411.0,6192.0,109.0,0.0,0.0,0.0,374.0,34.0,2.0,9.1762688e+07,1.168355328e+09,386.69,29.0,20172.0,0.0,20171.0,20171.0,11.0,0.0,0.0
2026-05-18 16:01:45,42,56711.0,6192.0,109.0,0.0,0.0,0.0,375.0,34.0,2.0,9.1762688e+07,1.168355328e+09,388.58,27.0,20272.0,0.0,20272.0,20272.0,11.0,0.0,0.0
2026-05-18 16:01:57,42,57215.0,6192.0,109.0,0.0,0.0,0.0,376.0,34.0,2.0,9.1762688e+07,1.168355328e+09,390.37,29.0,20371.0,0.0,20370.0,20370.0,11.0,0.0,0.0
2026-05-18 16:02:09,42,57215.0,6192.0,109.0,0.0,0.0,0.0,376.0,34.0,2.0,9.1762688e+07,1.168355328e+09,392.24,26.0,20470.0,0.0,20470.0,20470.0,11.0,0.0,0.0
2026-05-18 16:02:22,42,57719.0,6192.0,109.0,0.0,0.0,0.0,377.0,34.0,2.0,9.1762688e+07,1.168355328e+09,394.17999999999995,26.0,20570.0,0.0,20570.0,20570.0,11.0,0.0,0.0
2026-05-18 16:02:34,42,57719.0,6192.0,109.0,0.0,0.0,0.0,377.0,34.0,2.0,9.1762688e+07,1.168355328e+09,396.09000000000003,26.0,20668.0,0.0,20668.0,20668.0,11.0,0.0,0.0
2026-05-18 16:02:45,43,58223.0,6192.0,109.0,0.0,0.0,0.0,378.0,34.0,2.0,9.1762688e+07,1.168355328e+09,397.91,29.0,20767.0,0.0,20766.0,20766.0,11.0,0.0,0.0
2026-05-18 16:02:58,43,58496.0,6192.0,109.0,0.0,0.0,0.0,379.0,34.0,2.0,9.1762688e+07,1.168355328e+09,399.78000000000003,26.0,20866.0,0.0,20866.0,20866.0,11.0,0.0,0.0
2026-05-18 16:03:10,43,59000.0,6192.0,109.0,0.0,0.0,0.0,380.0,34.0,2.0,9.1762688e+07,1.168355328e+09,401.69,26.0,20965.0,0.0,20965.0,20965.0,11.0,0.0,0.0
2026-05-18 16:03:22,43,59000.0,6192.0,109.0,0.0,0.0,0.0,380.0,34.0,2.0,9.1762688e+07,1.168355328e+09,403.64,29.0,21065.0,0.0,21064.0,21064.0,11.0,0.0,0.0
2026-05-18 16:03:34,43,59390.0,6192.0,109.0,0.0,0.0,0.0,381.0,34.0,2.0,9.1762688e+07,1.168355328e+09,405.49,29.0,21164.0,0.0,21163.0,21163.0,11.0,0.0,0.0
2026-05-18 16:03:46,44,59687.0,6192.0,109.0,0.0,0.0,0.0,382.0,34.0,2.0,9.1762688e+07,1.168355328e+09,407.33,29.0,21263.0,0.0,21262.0,21262.0,11.0,0.0,0.0
2026-05-18 16:03:58,44,59984.0,6192.0,109.0,0.0,0.0,0.0,383.0,34.0,2.0,9.1762688e+07,1.168355328e+09,409.15,26.0,21360.0,0.0,21360.0,21360.0,11.0,0.0,0.0
2026-05-18 16:04:10,44,60488.0,6192.0,109.0,0.0,0.0,0.0,384.0,34.0,2.0,9.1762688e+07,1.168355328e+09,411.08,26.0,21460.0,0.0,21460.0,21460.0,11.0,0.0,0.0
2026-05-18 16:04:22,44,60488.0,6192.0,109.0,0.0,0.0,0.0,384.0,34.0,2.0,9.1762688e+07,1.168355328e+09,412.93,26.0,21559.0,0.0,21559.0,21559.0,11.0,0.0,0.0
2026-05-18 16:04:34,44,60992.0,6192.0,109.0,0.0,0.0,0.0,385.0,34.0,2.0,9.1762688e+07,1.168355328e+09,414.90999999999997,26.0,21659.0,0.0,21659.0,21659.0,11.0,0.0,0.0
2026-05-18 16:04:46,45,60992.0,6192.0,109.0,0.0,0.0,0.0,385.0,34.0,2.0,9.1762688e+07,1.168355328e+09,416.68,29.0,21758.0,0.0,21757.0,21757.0,11.0,0.0,0.0
2026-05-18 16:04:58,45,60992.0,6669.0,109.0,0.0,0.0,0.0,385.0,35.0,2.0,9.1762688e+07,1.168355328e+09,418.59000000000003,29.0,21857.0,0.0,21856.0,21856.0,11.0,0.0,0.0
2026-05-18 16:05:10,45,61289.0,6669.0,109.0,0.0,0.0,0.0,386.0,35.0,2.0,9.1762688e+07,1.168355328e+09,420.46,29.0,21956.0,0.0,21955.0,21955.0,11.0,0.0,0.0
2026-05-18 16:05:22,45,61586.0,6669.0,109.0,0.0,0.0,0.0,387.0,35.0,2.0,9.1762688e+07,1.168355328e+09,422.35,26.0,22054.0,0.0,22054.0,22054.0,11.0,0.0,0.0
2026-05-18 16:05:34,45,62090.0,6669.0,109.0,0.0,0.0,0.0,388.0,35.0,2.0,9.1762688e+07,1.168355328e+09,424.3,29.0,22154.0,0.0,22153.0,22153.0,11.0,0.0,0.0
2026-05-18 16:05:46,46,62090.0,6669.0,109.0,0.0,0.0,0.0,388.0,35.0,2.0,9.1762688e+07,1.168355328e+09,426.25,28.0,22252.0,0.0,22251.0,22251.0,11.0,0.0,0.0
2026-05-18 16:05:58,46,62474.0,6669.0,109.0,0.0,0.0,0.0,389.0,35.0,2.0,9.1762688e+07,1.168355328e+09,428.07,26.0,22351.0,0.0,22351.0,22351.0,11.0,0.0,0.0
2026-05-18 16:06:10,46,62978.0,6669.0,109.0,0.0,0.0,0.0,390.0,35.0,2.0,9.1762688e+07,1.168355328e+09,430.02000000000004,26.0,22450.0,0.0,22450.0,22450.0,11.0,0.0,0.0
2026-05-18 16:06:22,46,62978.0,6669.0,109.0,0.0,0.0,0.0,390.0,35.0,2.0,9.1762688e+07,1.168355328e+09,431.91,26.0,22550.0,0.0,22550.0,22550.0,11.0,0.0,0.0
2026-05-18 16:06:34,46,63482.0,6669.0,109.0,0.0,0.0,0.0,391.0,35.0,2.0,9.1762688e+07,1.168355328e+09,433.85,29.0,22649.0,0.0,22648.0,22648.0,11.0,0.0,0.0
2026-05-18 16:06:46,47,63482.0,6669.0,109.0,0.0,0.0,0.0,391.0,35.0,2.0,9.1762688e+07,1.168355328e+09,435.72,28.0,22748.0,0.0,22747.0,22747.0,11.0,0.0,0.0
2026-05-18 16:06:59,47,63962.0,6669.0,109.0,0.0,0.0,0.0,392.0,35.0,2.0,9.1762688e+07,1.168355328e+09,437.65999999999997,26.0,22847.0,0.0,22847.0,22847.0,11.0,0.0,0.0
2026-05-18 16:07:11,47,64466.0,6669.0,109.0,0.0,0.0,0.0,393.0,35.0,2.0,9.1762688e+07,1.168355328e+09,439.59000000000003,26.0,22946.0,0.0,22946.0,22946.0,11.0,0.0,0.0
2026-05-18 16:07:23,47,64466.0,6669.0,109.0,0.0,0.0,0.0,393.0,35.0,2.0,9.1762688e+07,1.168355328e+09,441.48,26.0,23046.0,0.0,23046.0,23046.0,11.0,0.0,0.0
2026-05-18 16:07:35,47,64970.0,6669.0,109.0,0.0,0.0,0.0,394.0,35.0,2.0,9.1762688e+07,1.168355328e+09,443.36,29.0,23145.0,0.0,23144.0,23144.0,11.0,0.0,0.0
2026-05-18 16:07:47,48,64970.0,6669.0,109.0,0.0,0.0,0.0,394.0,35.0,2.0,9.1762688e+07,1.168355328e+09,445.26,26.0,23244.0,0.0,23244.0,23244.0,11.0,0.0,0.0
2026-05-18 16:07:59,48,65474.0,6669.0,109.0,0.0,0.0,0.0,395.0,35.0,2.0,9.1762688e+07,1.168355328e+09,447.14,26.0,23342.0,0.0,23342.0,23342.0,11.0,0.0,0.0
2026-05-18 16:08:11,48,65975.0,6669.0,109.0,0.0,0.0,0.0,396.0,35.0,2.0,9.1762688e+07,1.168355328e+09,448.97999999999996,29.0,23441.0,0.0,23440.0,23440.0,11.0,0.0,0.0
2026-05-18 16:08:23,48,65975.0,6669.0,109.0,0.0,0.0,0.0,396.0,35.0,2.0,9.1762688e+07,1.168355328e+09,450.89,27.0,23540.0,0.0,23539.0,23539.0,11.0,0.0,0.0
2026-05-18 16:08:35,48,65975.0,7032.0,109.0,0.0,0.0,0.0,396.0,36.0,2.0,9.1762688e+07,1.168355328e+09,452.79,29.0,23639.0,0.0,23638.0,23638.0,11.0,0.0,0.0
2026-05-18 16:08:47,49,66272.0,7032.0,109.0,0.0,0.0,0.0,397.0,36.0,2.0,9.1762688e+07,1.168355328e+09,454.67,29.0,23739.0,0.0,23738.0,23738.0,11.0,0.0,0.0
2026-05-18 16:08:59,49,66572.0,7032.0,109.0,0.0,0.0,0.0,398.0,36.0,2.0,9.1762688e+07,1.168355328e+09,456.64,26.0,23838.0,0.0,23838.0,23838.0,11.0,0.0,0.0
2026-05-18 16:09:11,49,67076.0,7032.0,109.0,0.0,0.0,0.0,399.0,36.0,2.0,9.1762688e+07,1.168355328e+09,458.5,29.0,23938.0,0.0,23937.0,23937.0,11.0,0.0,0.0
2026-05-18 16:09:23,49,67076.0,7032.0,109.0,0.0,0.0,0.0,399.0,36.0,2.0,9.1762688e+07,1.168355328e+09,460.44,26.0,24038.0,0.0,24038.0,24038.0,11.0,0.0,0.0
2026-05-18 16:09:35,49,67580.0,7032.0,109.0,0.0,0.0,0.0,400.0,36.0,2.0,9.1762688e+07,1.168355328e+09,462.35,29.0,24137.0,0.0,24136.0,24136.0,11.0,0.0,0.0
2026-05-18 16:09:47,50,67580.0,7032.0,109.0,0.0,0.0,0.0,400.0,36.0,2.0,9.1762688e+07,1.168355328e+09,464.23,26.0,24237.0,0.0,24237.0,24237.0,11.0,0.0,0.0
2026-05-18 16:09:59,50,68069.0,7032.0,109.0,0.0,0.0,0.0,401.0,36.0,2.0,9.1762688e+07,1.168355328e+09,466.1,26.0,24337.0,0.0,24337.0,24337.0,11.0,0.0,0.0
2026-05-18 16:10:11,50,68570.0,7032.0,109.0,0.0,0.0,0.0,402.0,36.0,2.0,9.1762688e+07,1.168355328e+09,467.94,26.0,24436.0,0.0,24436.0,24436.0,11.0,0.0,0.0
2026-05-18 16:10:23,50,68570.0,7032.0,109.0,0.0,0.0,0.0,402.0,36.0,2.0,9.1762688e+07,1.168355328e+09,469.86,26.0,24535.0,0.0,24535.0,24535.0,11.0,0.0,0.0
2026-05-18 16:10:36,50,69074.0,7032.0,109.0,0.0,0.0,0.0,403.0,36.0,2.0,9.1762688e+07,1.168355328e+09,471.79999999999995,26.0,24635.0,0.0,24635.0,24635.0,11.0,0.0,0.0
2026-05-18 16:10:47,51,69074.0,7032.0,109.0,0.0,0.0,0.0,403.0,36.0,2.0,9.1762688e+07,1.168355328e+09,473.62,27.0,24734.0,0.0,24733.0,24733.0,11.0,0.0,0.0
2026-05-18 16:10:59,51,69557.0,7032.0,109.0,0.0,0.0,0.0,404.0,36.0,2.0,9.1762688e+07,1.168355328e+09,475.49,26.0,24833.0,0.0,24833.0,24833.0,11.0,0.0,0.0
2026-05-18 16:11:11,51,70061.0,7032.0,109.0,0.0,0.0,0.0,405.0,36.0,2.0,9.1762688e+07,1.168355328e+09,477.41,26.0,24932.0,0.0,24932.0,24932.0,11.0,0.0,0.0
2026-05-18 16:11:24,51,70061.0,7032.0,109.0,0.0,0.0,0.0,405.0,36.0,2.0,9.1762688e+07,1.168355328e+09,479.32,26.0,25031.0,0.0,25031.0,25031.0,11.0,0.0,0.0
2026-05-18 16:11:35,51,70565.0,7032.0,109.0,0.0,0.0,0.0,406.0,36.0,2.0,9.1762688e+07,1.168355328e+09,481.26,26.0,25130.0,0.0,25130.0,25130.0,11.0,0.0,0.0
2026-05-18 16:11:47,52,70565.0,7032.0,109.0,0.0,0.0,0.0,406.0,36.0,2.0,9.1762688e+07,1.168355328e+09,483.21,26.0,25228.0,0.0,25228.0,25228.0,11.0,0.0,0.0
2026-05-18 16:11:59,52,71069.0,7032.0,109.0,0.0,0.0,0.0,407.0,36.0,2.0,9.1762688e+07,1.168355328e+09,485.08,26.0,25327.0,0.0,25327.0,25327.0,11.0,0.0,0.0
2026-05-18 16:12:11,52,71069.0,7536.0,109.0,0.0,0.0,0.0,407.0,37.0,2.0,9.1762688e+07,1.168355328e+09,486.95,29.0,25427.0,0.0,25426.0,25426.0,11.0,0.0,0.0
2026-05-18 16:12:23,52,71069.0,7536.0,109.0,0.0,0.0,0.0,407.0,37.0,2.0,9.1762688e+07,1.168355328e+09,488.78000000000003,29.0,25525.0,0.0,25524.0,25524.0,11.0,0.0,0.0
2026-05-18 16:12:35,52,71426.0,7536.0,109.0,0.0,0.0,0.0,408.0,37.0,2.0,9.1762688e+07,1.168355328e+09,490.66,26.0,25626.0,0.0,25626.0,25626.0,11.0,0.0,0.0
2026-05-18 16:12:48,53,71930.0,7536.0,109.0,0.0,0.0,0.0,409.0,37.0,2.0,9.1762688e+07,1.168355328e+09,492.53000000000003,26.0,25725.0,0.0,25725.0,25725.0,11.0,0.0,0.0
2026-05-18 16:13:00,53,71930.0,7536.0,109.0,0.0,0.0,0.0,409.0,37.0,2.0,9.1762688e+07,1.168355328e+09,494.42,27.0,25825.0,0.0,25824.0,25824.0,11.0,0.0,0.0
2026-05-18 16:13:12,53,72326.0,7536.0,109.0,0.0,0.0,0.0,410.0,37.0,2.0,9.1762688e+07,1.168355328e+09,496.36,29.0,25926.0,0.0,25925.0,25925.0,11.0,0.0,0.0
2026-05-18 16:13:24,53,72629.0,7536.0,109.0,0.0,0.0,0.0,411.0,37.0,2.0,9.1762688e+07,1.168355328e+09,498.21999999999997,26.0,26025.0,0.0,26025.0,26025.0,11.0,0.0,0.0
2026-05-18 16:13:36,53,73133.0,7536.0,109.0,0.0,0.0,0.0,412.0,37.0,2.0,9.1762688e+07,1.168355328e+09,500.08,26.0,26124.0,0.0,26124.0,26124.0,11.0,0.0,0.0
2026-05-18 16:13:48,54,73133.0,7536.0,109.0,0.0,0.0,0.0,412.0,37.0,2.0,9.1762688e+07,1.168355328e+09,502.02,26.0,26224.0,0.0,26224.0,26224.0,11.0,0.0,0.0
2026-05-18 16:14:00,54,73637.0,7536.0,109.0,0.0,0.0,0.0,413.0,37.0,2.0,9.1762688e+07,1.168355328e+09,503.92,26.0,26323.0,0.0,26323.0,26323.0,11.0,0.0,0.0
2026-05-18 16:14:12,54,73637.0,7536.0,109.0,0.0,0.0,0.0,413.0,37.0,2.0,9.1762688e+07,1.168355328e+09,505.79,26.0,26422.0,0.0,26422.0,26422.0,11.0,0.0,0.0
2026-05-18 16:14:24,54,74141.0,7536.0,109.0,0.0,0.0,0.0,414.0,37.0,2.0,9.1762688e+07,1.168355328e+09,507.67,26.0,26522.0,0.0,26522.0,26522.0,11.0,0.0,0.0
2026-05-18 16:14:37,54,74642.0,7536.0,109.0,0.0,0.0,0.0,415.0,37.0,2.0,9.1762688e+07,1.168355328e+09,509.57,26.0,26621.0,0.0,26621.0,26621.0,11.0,0.0,0.0
2026-05-18 16:14:49,55,74642.0,7536.0,109.0,0.0,0.0,0.0,415.0,37.0,2.0,9.1762688e+07,1.168355328e+09,511.41,26.0,26719.0,0.0,26719.0,26719.0,11.0,0.0,0.0
2026-05-18 16:15:01,55,75143.0,7536.0,109.0,0.0,0.0,0.0,416.0,37.0,2.0,9.1762688e+07,1.168355328e+09,513.3000000000001,26.0,26818.0,0.0,26818.0,26818.0,11.0,0.0,0.0
2026-05-18 16:15:13,55,75143.0,7536.0,109.0,0.0,0.0,0.0,416.0,37.0,2.0,9.1762688e+07,1.168355328e+09,515.2,26.0,26916.0,0.0,26916.0,26916.0,11.0,0.0,0.0
2026-05-18 16:15:25,55,75647.0,7536.0,109.0,0.0,0.0,0.0,417.0,37.0,2.0,9.189376e+07,1.168355328e+09,517.08,26.0,27015.0,0.0,27015.0,27015.0,11.0,0.0,0.0
2026-05-18 16:15:37,55,76151.0,7536.0,109.0,0.0,0.0,0.0,418.0,37.0,2.0,9.189376e+07,1.168355328e+09,518.91,26.0,27114.0,0.0,27114.0,27114.0,11.0,0.0,0.0
2026-05-18 16:15:49,56,76151.0,7536.0,109.0,0.0,0.0,0.0,418.0,37.0,2.0,9.189376e+07,1.168355328e+09,520.74,27.0,27214.0,0.0,27213.0,27213.0,11.0,0.0,0.0
2026-05-18 16:16:01,56,76151.0,8043.0,109.0,0.0,0.0,0.0,418.0,38.0,2.0,9.189376e+07,1.168355328e+09,522.61,29.0,27313.0,0.0,27312.0,27312.0,11.0,0.0,0.0
2026-05-18 16:16:13,56,76151.0,8043.0,109.0,0.0,0.0,0.0,418.0,38.0,2.0,9.189376e+07,1.168355328e+09,524.44,29.0,27411.0,0.0,27410.0,27410.0,11.0,0.0,0.0
2026-05-18 16:16:25,56,76577.0,8043.0,109.0,0.0,0.0,0.0,419.0,38.0,2.0,9.189376e+07,1.168355328e+09,526.32,29.0,27510.0,0.0,27509.0,27509.0,11.0,0.0,0.0
2026-05-18 16:16:36,56,77081.0,8043.0,109.0,0.0,0.0,0.0,420.0,38.0,2.0,9.189376e+07,1.168355328e+09,528.29,27.0,27608.0,0.0,27608.0,27608.0,11.0,0.0,0.0
2026-05-18 16:16:48,57,77081.0,8043.0,109.0,0.0,0.0,0.0,420.0,38.0,2.0,9.189376e+07,1.168355328e+09,530.19,29.0,27707.0,0.0,27706.0,27706.0,11.0,0.0,0.0
2026-05-18 16:17:00,57,77465.0,8043.0,109.0,0.0,0.0,0.0,421.0,38.0,2.0,9.189376e+07,1.168355328e+09,532.02,26.0,27806.0,0.0,27806.0,27806.0,11.0,0.0,0.0
2026-05-18 16:17:13,57,77969.0,8043.0,109.0,0.0,0.0,0.0,422.0,38.0,2.0,9.189376e+07,1.168355328e+09,533.9,29.0,27906.0,0.0,27905.0,27905.0,11.0,0.0,0.0
2026-05-18 16:17:25,57,77969.0,8043.0,109.0,0.0,0.0,0.0,422.0,38.0,2.0,9.189376e+07,1.168355328e+09,535.84,26.0,28005.0,0.0,28005.0,28005.0,11.0,0.0,0.0
2026-05-18 16:17:37,57,78473.0,8043.0,109.0,0.0,0.0,0.0,423.0,38.0,2.0,9.189376e+07,1.168355328e+09,537.69,26.0,28105.0,0.0,28105.0,28105.0,11.0,0.0,0.0
2026-05-18 16:17:49,58,78473.0,8043.0,109.0,0.0,0.0,0.0,423.0,38.0,2.0,9.189376e+07,1.168355328e+09,539.48,26.0,28202.0,0.0,28202.0,28202.0,11.0,0.0,0.0
2026-05-18 16:18:01,58,78977.0,8043.0,109.0,0.0,0.0,0.0,424.0,38.0,2.0,9.189376e+07,1.168355328e+09,541.39,26.0,28302.0,0.0,28302.0,28302.0,11.0,0.0,0.0
2026-05-18 16:18:13,58,79481.0,8043.0,109.0,0.0,0.0,0.0,425.0,38.0,2.0,9.189376e+07,1.168355328e+09,543.26,29.0,28400.0,0.0,28399.0,28399.0,11.0,0.0,0.0
2026-05-18 16:18:25,58,79481.0,8043.0,109.0,0.0,0.0,0.0,425.0,38.0,2.0,9.189376e+07,1.168355328e+09,545.16,26.0,28498.0,0.0,28498.0,28498.0,11.0,0.0,0.0
2026-05-18 16:18:37,58,79985.0,8043.0,109.0,0.0,0.0,0.0,426.0,38.0,2.0,9.189376e+07,1.168355328e+09,547.03,29.0,28599.0,0.0,28598.0,28598.0,11.0,0.0,0.0
2026-05-18 16:18:49,59,79985.0,8043.0,109.0,0.0,0.0,0.0,426.0,38.0,2.0,9.189376e+07,1.168355328e+09,549.07,26.0,28698.0,0.0,28698.0,28698.0,11.0,0.0,0.0
2026-05-18 16:19:01,59,80489.0,8043.0,109.0,0.0,0.0,0.0,427.0,38.0,2.0,9.189376e+07,1.168355328e+09,550.9399999999999,26.0,28798.0,0.0,28798.0,28798.0,11.0,0.0,0.0
2026-05-18 16:19:13,59,80993.0,8043.0,109.0,0.0,0.0,0.0,428.0,38.0,2.0,9.189376e+07,1.168355328e+09,552.79,26.0,28897.0,0.0,28897.0,28897.0,11.0,0.0,0.0
2026-05-18 16:19:25,59,80993.0,8043.0,109.0,0.0,0.0,0.0,428.0,38.0,2.0,9.189376e+07,1.168355328e+09,554.75,27.0,28995.0,0.0,28994.0,28994.0,11.0,0.0,0.0
2026-05-18 16:19:37,59,81497.0,8043.0,109.0,0.0,0.0,0.0,429.0,38.0,2.0,9.189376e+07,1.168355328e+09,556.72,26.0,29091.0,0.0,29091.0,29091.0,11.0,0.0,0.0
2026-05-18 16:19:49,60,81497.0,8043.0,109.0,0.0,0.0,0.0,429.0,38.0,2.0,9.189376e+07,1.168355328e+09,558.71,27.0,29190.0,0.0,29189.0,29189.0,11.0,0.0,0.0
2026-05-18 16:20:01,60,81497.0,8460.0,109.0,0.0,0.0,0.0,429.0,39.0,2.0,9.189376e+07,1.168355328e+09,560.7099999999999,29.0,29289.0,0.0,29288.0,29288.0,11.0,0.0,0.0
2026-05-18 16:20:14,60,81794.0,8460.0,109.0,0.0,0.0,0.0,430.0,39.0,2.0,9.189376e+07,1.168355328e+09,562.83,29.0,29390.0,0.0,29389.0,29389.0,11.0,0.0,0.0
2026-05-18 16:20:26,60,82097.0,8460.0,109.0,0.0,0.0,0.0,431.0,39.0,2.0,9.189376e+07,1.168355328e+09,565.24,26.0,29489.0,0.0,29489.0,29489.0,11.0,0.0,0.0
2026-05-18 16:20:38,60,82601.0,8460.0,109.0,0.0,0.0,0.0,432.0,39.0,2.0,9.189376e+07,1.168355328e+09,567.29,29.0,29588.0,0.0,29587.0,29587.0,11.0,0.0,0.0
2026-05-18 16:20:50,61,82601.0,8460.0,109.0,0.0,0.0,0.0,432.0,39.0,2.0,9.189376e+07,1.168355328e+09,569.1899999999999,27.0,29687.0,0.0,29687.0,29687.0,11.0,0.0,0.0
2026-05-18 16:21:02,61,82991.0,8460.0,109.0,0.0,0.0,0.0,433.0,39.0,2.0,9.189376e+07,1.168355328e+09,571.17,26.0,29787.0,0.0,29787.0,29787.0,11.0,0.0,0.0
2026-05-18 16:21:14,61,83492.0,8460.0,109.0,0.0,0.0,0.0,434.0,39.0,2.0,9.189376e+07,1.168355328e+09,573.12,26.0,29886.0,0.0,29886.0,29886.0,11.0,0.0,0.0
2026-05-18 16:21:26,61,83492.0,8460.0,109.0,0.0,0.0,0.0,434.0,39.0,2.0,9.189376e+07,1.168355328e+09,575.1700000000001,28.0,29986.0,0.0,29985.0,29985.0,11.0,0.0,0.0
2026-05-18 16:21:39,61,83885.0,8460.0,109.0,0.0,0.0,0.0,435.0,39.0,2.0,9.189376e+07,1.168355328e+09,577.3000000000001,26.0,30085.0,0.0,30085.0,30085.0,11.0,0.0,0.0
2026-05-18 16:21:51,62,84389.0,8460.0,109.0,0.0,0.0,0.0,436.0,39.0,2.0,9.189376e+07,1.168355328e+09,579.25,26.0,30184.0,0.0,30184.0,30184.0,11.0,0.0,0.0
2026-05-18 16:22:03,62,84389.0,8460.0,109.0,0.0,0.0,0.0,436.0,39.0,2.0,9.189376e+07,1.168355328e+09,581.25,26.0,30283.0,0.0,30283.0,30283.0,11.0,0.0,0.0
2026-05-18 16:22:15,62,84890.0,8460.0,109.0,0.0,0.0,0.0,437.0,39.0,2.0,9.189376e+07,1.168355328e+09,583.22,26.0,30382.0,0.0,30382.0,30382.0,11.0,0.0,0.0
2026-05-18 16:22:28,62,84890.0,8460.0,109.0,0.0,0.0,0.0,437.0,39.0,2.0,9.189376e+07,1.168355328e+09,585.1999999999999,26.0,30481.0,0.0,30481.0,30481.0,11.0,0.0,0.0
2026-05-18 16:22:40,62,85391.0,8460.0,109.0,0.0,0.0,0.0,438.0,39.0,2.0,9.189376e+07,1.168355328e+09,587.0899999999999,26.0,30579.0,0.0,30579.0,30579.0,11.0,0.0,0.0
2026-05-18 16:22:52,63,85892.0,8460.0,109.0,0.0,0.0,0.0,439.0,39.0,2.0,9.189376e+07,1.168355328e+09,589.03,26.0,30679.0,0.0,30679.0,30679.0,11.0,0.0,0.0
2026-05-18 16:23:04,63,85892.0,8460.0,109.0,0.0,0.0,0.0,439.0,39.0,2.0,9.189376e+07,1.168355328e+09,590.8399999999999,29.0,30777.0,0.0,30776.0,30776.0,11.0,0.0,0.0
2026-05-18 16:23:16,63,86252.0,8460.0,109.0,0.0,0.0,0.0,440.0,39.0,2.0,9.189376e+07,1.168355328e+09,592.71,29.0,30875.0,0.0,30874.0,30874.0,11.0,0.0,0.0
2026-05-18 16:23:28,63,86252.0,8760.0,109.0,0.0,0.0,0.0,440.0,40.0,2.0,9.189376e+07,1.168355328e+09,594.61,26.0,30972.0,0.0,30972.0,30972.0,11.0,0.0,0.0
2026-05-18 16:23:40,63,86756.0,8760.0,109.0,0.0,0.0,0.0,441.0,40.0,2.0,9.189376e+07,1.168355328e+09,596.6,26.0,31072.0,0.0,31072.0,31072.0,11.0,0.0,0.0
2026-05-18 16:23:52,64,86756.0,8760.0,109.0,0.0,0.0,0.0,441.0,40.0,2.0,9.189376e+07,1.168355328e+09,598.5500000000001,27.0,31171.0,0.0,31171.0,31171.0,11.0,0.0,0.0
2026-05-18 16:24:04,64,87143.0,8760.0,109.0,0.0,0.0,0.0,442.0,40.0,2.0,9.189376e+07,1.168355328e+09,600.42,26.0,31270.0,0.0,31270.0,31270.0,11.0,0.0,0.0
2026-05-18 16:24:16,64,87644.0,8760.0,109.0,0.0,0.0,0.0,443.0,40.0,2.0,9.189376e+07,1.168355328e+09,602.23,26.0,31370.0,0.0,31370.0,31370.0,11.0,0.0,0.0
2026-05-18 16:24:28,64,87644.0,8760.0,109.0,0.0,0.0,0.0,443.0,40.0,2.0,9.189376e+07,1.168355328e+09,604.14,26.0,31469.0,0.0,31469.0,31469.0,11.0,0.0,0.0
2026-05-18 16:24:41,64,88148.0,8760.0,109.0,0.0,0.0,0.0,444.0,40.0,2.0,9.189376e+07,1.168355328e+09,606.11,29.0,31569.0,0.0,31568.0,31568.0,11.0,0.0,0.0
2026-05-18 16:24:53,65,88148.0,8760.0,109.0,0.0,0.0,0.0,444.0,40.0,2.0,9.189376e+07,1.168355328e+09,608.07,29.0,31666.0,0.0,31665.0,31665.0,11.0,0.0,0.0
2026-05-18 16:25:05,65,88625.0,8760.0,109.0,0.0,0.0,0.0,445.0,40.0,2.0,9.189376e+07,1.168355328e+09,609.93,26.0,31764.0,0.0,31764.0,31764.0,11.0,0.0,0.0
2026-05-18 16:25:17,65,89129.0,8760.0,109.0,0.0,0.0,0.0,446.0,40.0,2.0,9.189376e+07,1.168355328e+09,611.8199999999999,26.0,31863.0,0.0,31863.0,31863.0,11.0,0.0,0.0
2026-05-18 16:25:29,65,89129.0,8760.0,109.0,0.0,0.0,0.0,446.0,40.0,2.0,9.189376e+07,1.168355328e+09,613.6899999999999,26.0,31961.0,0.0,31961.0,31961.0,11.0,0.0,0.0
2026-05-18 16:25:41,65,89633.0,8760.0,109.0,0.0,0.0,0.0,447.0,40.0,2.0,9.189376e+07,1.168355328e+09,615.63,26.0,32061.0,0.0,32061.0,32061.0,11.0,0.0,0.0
2026-05-18 16:25:53,66,89633.0,8760.0,109.0,0.0,0.0,0.0,447.0,40.0,2.0,9.189376e+07,1.168355328e+09,617.4599999999999,26.0,32160.0,0.0,32160.0,32160.0,11.0,0.0,0.0
2026-05-18 16:26:05,66,90134.0,8760.0,109.0,0.0,0.0,0.0,448.0,40.0,2.0,9.189376e+07,1.168355328e+09,619.36,26.0,32258.0,0.0,32258.0,32258.0,11.0,0.0,0.0
2026-05-18 16:26:17,66,90635.0,8760.0,109.0,0.0,0.0,0.0,449.0,40.0,2.0,9.189376e+07,1.168355328e+09,621.29,26.0,32357.0,0.0,32357.0,32357.0,11.0,0.0,0.0
2026-05-18 16:26:29,66,90635.0,8760.0,109.0,0.0,0.0,0.0,449.0,40.0,2.0,9.189376e+07,1.168355328e+09,623.31,26.0,32456.0,0.0,32456.0,32456.0,11.0,0.0,0.0
2026-05-18 16:26:41,66,91139.0,8760.0,109.0,0.0,0.0,0.0,450.0,40.0,2.0,9.189376e+07,1.168355328e+09,625.1600000000001,29.0,32556.0,0.0,32555.0,32555.0,11.0,0.0,0.0
2026-05-18 16:26:53,67,91139.0,8760.0,109.0,0.0,0.0,0.0,450.0,40.0,2.0,9.189376e+07,1.168355328e+09,626.97,29.0,32655.0,0.0,32654.0,32654.0,11.0,0.0,0.0
2026-05-18 16:27:05,67,91589.0,8760.0,109.0,0.0,0.0,0.0,451.0,40.0,2.0,9.189376e+07,1.168355328e+09,628.9,26.0,32752.0,0.0,32752.0,32752.0,11.0,0.0,0.0
2026-05-18 16:27:18,67,91589.0,9267.0,109.0,0.0,0.0,0.0,451.0,41.0,2.0,9.189376e+07,1.168355328e+09,630.8000000000001,26.0,32851.0,0.0,32851.0,32851.0,11.0,0.0,0.0
2026-05-18 16:27:30,67,91589.0,9267.0,109.0,0.0,0.0,0.0,451.0,41.0,2.0,9.189376e+07,1.168355328e+09,632.62,26.0,32951.0,0.0,32951.0,32951.0,11.0,0.0,0.0
2026-05-18 16:27:42,68,92093.0,9267.0,109.0,0.0,0.0,0.0,452.0,41.0,2.0,9.189376e+07,1.168355328e+09,634.47,29.0,33051.0,0.0,33050.0,33050.0,11.0,0.0,0.0
2026-05-18 16:27:54,68,92093.0,9267.0,109.0,0.0,0.0,0.0,452.0,41.0,2.0,9.189376e+07,1.168355328e+09,636.2900000000001,29.0,33148.0,0.0,33147.0,33147.0,11.0,0.0,0.0
2026-05-18 16:28:06,68,92564.0,9267.0,109.0,0.0,0.0,0.0,453.0,41.0,2.0,9.189376e+07,1.168355328e+09,638.1700000000001,26.0,33246.0,0.0,33246.0,33246.0,11.0,0.0,0.0
2026-05-18 16:28:18,68,93068.0,9267.0,109.0,0.0,0.0,0.0,454.0,41.0,2.0,9.189376e+07,1.168355328e+09,640.08,26.0,33344.0,0.0,33344.0,33344.0,11.0,0.0,0.0
2026-05-18 16:28:30,68,93068.0,9267.0,109.0,0.0,0.0,0.0,454.0,41.0,2.0,9.189376e+07,1.168355328e+09,642.0500000000001,26.0,33443.0,0.0,33443.0,33443.0,11.0,0.0,0.0
2026-05-18 16:28:42,69,93569.0,9267.0,109.0,0.0,0.0,0.0,455.0,41.0,2.0,9.189376e+07,1.168355328e+09,643.85,26.0,33540.0,0.0,33540.0,33540.0,11.0,0.0,0.0
2026-05-18 16:28:54,69,93569.0,9267.0,109.0,0.0,0.0,0.0,455.0,41.0,2.0,9.189376e+07,1.168355328e+09,645.7900000000001,26.0,33638.0,0.0,33638.0,33638.0,11.0,0.0,0.0
2026-05-18 16:29:06,69,94067.0,9267.0,109.0,0.0,0.0,0.0,456.0,41.0,2.0,9.189376e+07,1.168355328e+09,647.72,26.0,33736.0,0.0,33736.0,33736.0,11.0,0.0,0.0
2026-05-18 16:29:18,69,94568.0,9267.0,109.0,0.0,0.0,0.0,457.0,41.0,2.0,9.189376e+07,1.168355328e+09,649.58,26.0,33833.0,0.0,33833.0,33833.0,11.0,0.0,0.0
2026-05-18 16:29:30,69,94568.0,9267.0,109.0,0.0,0.0,0.0,457.0,41.0,2.0,9.189376e+07,1.168355328e+09,651.54,26.0,33931.0,0.0,33931.0,33931.0,11.0,0.0,0.0
2026-05-18 16:29:42,70,95072.0,9267.0,109.0,0.0,0.0,0.0,458.0,41.0,2.0,9.189376e+07,1.168355328e+09,653.36,26.0,34029.0,0.0,34029.0,34029.0,11.0,0.0,0.0
2026-05-18 16:29:54,70,95072.0,9267.0,109.0,0.0,0.0,0.0,458.0,41.0,2.0,9.189376e+07,1.168355328e+09,655.25,29.0,34127.0,0.0,34126.0,34126.0,11.0,0.0,0.0
2026-05-18 16:30:06,70,95495.0,9267.0,109.0,0.0,0.0,0.0,459.0,41.0,2.0,9.189376e+07,1.168355328e+09,657.0799999999999,29.0,34226.0,0.0,34225.0,34225.0,11.0,0.0,0.0
2026-05-18 16:30:18,70,95792.0,9267.0,109.0,0.0,0.0,0.0,460.0,41.0,2.0,9.189376e+07,1.168355328e+09,659.0,26.0,34324.0,0.0,34324.0,34324.0,11.0,0.0,0.0
2026-05-18 16:30:30,70,96296.0,9267.0,109.0,0.0,0.0,0.0,461.0,41.0,2.0,9.189376e+07,1.168355328e+09,661.06,26.0,34423.0,0.0,34423.0,34423.0,11.0,0.0,0.0
2026-05-18 16:30:42,71,96296.0,9267.0,109.0,0.0,0.0,0.0,461.0,41.0,2.0,9.189376e+07,1.168355328e+09,662.96,26.0,34523.0,0.0,34523.0,34523.0,11.0,0.0,0.0
2026-05-18 16:30:54,71,96797.0,9267.0,109.0,0.0,0.0,0.0,462.0,41.0,2.0,9.189376e+07,1.168355328e+09,664.76,26.0,34621.0,0.0,34621.0,34621.0,11.0,0.0,0.0
2026-05-18 16:31:06,71,96797.0,9267.0,109.0,0.0,0.0,0.0,462.0,41.0,2.0,9.189376e+07,1.168355328e+09,666.6600000000001,26.0,34721.0,0.0,34721.0,34721.0,11.0,0.0,0.0
2026-05-18 16:31:19,71,96797.0,9777.0,109.0,0.0,0.0,0.0,462.0,42.0,2.0,9.1762688e+07,1.168355328e+09,668.5600000000001,26.0,34820.0,0.0,34820.0,34820.0,11.0,0.0,0.0
2026-05-18 16:31:31,71,97298.0,9777.0,109.0,0.0,0.0,0.0,463.0,42.0,2.0,9.1762688e+07,1.168355328e+09,670.45,26.0,34918.0,0.0,34918.0,34918.0,11.0,0.0,0.0
2026-05-18 16:31:43,72,97298.0,9777.0,109.0,0.0,0.0,0.0,463.0,42.0,2.0,9.1762688e+07,1.168355328e+09,672.39,26.0,35018.0,0.0,35018.0,35018.0,11.0,0.0,0.0
2026-05-18 16:31:55,72,97799.0,9777.0,109.0,0.0,0.0,0.0,464.0,42.0,2.0,9.1762688e+07,1.168355328e+09,674.29,26.0,35117.0,0.0,35117.0,35117.0,11.0,0.0,0.0
2026-05-18 16:32:07,72,97799.0,9777.0,109.0,0.0,0.0,0.0,464.0,42.0,2.0,9.1762688e+07,1.168355328e+09,676.16,26.0,35216.0,0.0,35216.0,35216.0,11.0,0.0,0.0
2026-05-18 16:32:19,72,98303.0,9777.0,109.0,0.0,0.0,0.0,465.0,42.0,2.0,9.1762688e+07,1.168355328e+09,678.1,26.0,35314.0,0.0,35314.0,35314.0,11.0,0.0,0.0
2026-05-18 16:32:31,72,98804.0,9777.0,109.0,0.0,0.0,0.0,466.0,42.0,2.0,9.1762688e+07,1.168355328e+09,680.05,29.0,35411.0,0.0,35410.0,35410.0,11.0,0.0,0.0
2026-05-18 16:32:43,73,98804.0,9777.0,109.0,0.0,0.0,0.0,466.0,42.0,2.0,9.1762688e+07,1.168355328e+09,681.9200000000001,26.0,35510.0,0.0,35510.0,35510.0,11.0,0.0,0.0
2026-05-18 16:32:55,73,99302.0,9777.0,109.0,0.0,0.0,0.0,467.0,42.0,2.0,9.1762688e+07,1.168355328e+09,683.85,26.0,35610.0,0.0,35610.0,35610.0,11.0,0.0,0.0
2026-05-18 16:33:08,73,99302.0,9777.0,109.0,0.0,0.0,0.0,467.0,42.0,2.0,9.1762688e+07,1.168355328e+09,685.77,26.0,35709.0,0.0,35709.0,35709.0,11.0,0.0,0.0
2026-05-18 16:33:20,73,99803.0,9777.0,109.0,0.0,0.0,0.0,468.0,42.0,2.0,9.1762688e+07,1.168355328e+09,687.61,28.0,35808.0,0.0,35807.0,35807.0,11.0,0.0,0.0
2026-05-18 16:33:32,73,100307.0,9777.0,109.0,0.0,0.0,0.0,469.0,42.0,2.0,9.1762688e+07,1.168355328e+09,689.62,26.0,35907.0,0.0,35907.0,35907.0,11.0,0.0,0.0
2026-05-18 16:33:44,74,100307.0,9777.0,109.0,0.0,0.0,0.0,469.0,42.0,2.0,9.1762688e+07,1.168355328e+09,691.51,26.0,36005.0,0.0,36005.0,36005.0,11.0,0.0,0.0
2026-05-18 16:33:56,74,100808.0,9777.0,109.0,0.0,0.0,0.0,470.0,42.0,2.0,9.1762688e+07,1.168355328e+09,693.4499999999999,26.0,36104.0,0.0,36104.0,36104.0,11.0,0.0,0.0
2026-05-18 16:34:08,74,100808.0,9777.0,109.0,0.0,0.0,0.0,470.0,42.0,2.0,9.1762688e+07,1.168355328e+09,695.4499999999999,26.0,36203.0,0.0,36203.0,36203.0,11.0,0.0,0.0
2026-05-18 16:34:20,74,101309.0,9777.0,109.0,0.0,0.0,0.0,471.0,42.0,2.0,9.1762688e+07,1.168355328e+09,697.27,26.0,36303.0,0.0,36303.0,36303.0,11.0,0.0,0.0
2026-05-18 16:34:32,74,101309.0,9777.0,109.0,0.0,0.0,0.0,471.0,42.0,2.0,9.1762688e+07,1.168355328e+09,699.23,26.0,36402.0,0.0,36402.0,36402.0,11.0,0.0,0.0
2026-05-18 16:34:45,75,101807.0,9777.0,109.0,0.0,0.0,0.0,472.0,42.0,2.0,9.1762688e+07,1.168355328e+09,701.12,26.0,36501.0,0.0,36501.0,36501.0,11.0,0.0,0.0
2026-05-18 16:34:57,75,102308.0,9777.0,109.0,0.0,0.0,0.0,473.0,42.0,2.0,9.1762688e+07,1.168355328e+09,702.9799999999999,29.0,36601.0,0.0,36600.0,36600.0,11.0,0.0,0.0
2026-05-18 16:35:09,75,102308.0,9777.0,109.0,0.0,0.0,0.0,473.0,42.0,2.0,9.1762688e+07,1.168355328e+09,704.87,26.0,36699.0,0.0,36699.0,36699.0,11.0,0.0,0.0
2026-05-18 16:35:21,75,102308.0,10293.0,109.0,0.0,0.0,0.0,473.0,43.0,2.0,9.1762688e+07,1.168355328e+09,706.83,26.0,36797.0,0.0,36797.0,36797.0,11.0,0.0,0.0
2026-05-18 16:35:33,75,102308.0,10293.0,109.0,0.0,0.0,0.0,473.0,43.0,2.0,9.1762688e+07,1.168355328e+09,708.87,26.0,36896.0,0.0,36896.0,36896.0,11.0,0.0,0.0
2026-05-18 16:35:46,76,102812.0,10293.0,109.0,0.0,0.0,0.0,474.0,43.0,2.0,9.1762688e+07,1.168355328e+09,710.76,26.0,36996.0,0.0,36996.0,36996.0,11.0,0.0,0.0
2026-05-18 16:35:58,76,103316.0,10293.0,109.0,0.0,0.0,0.0,475.0,43.0,2.0,9.1762688e+07,1.168355328e+09,712.74,29.0,37096.0,0.0,37095.0,37095.0,11.0,0.0,0.0
2026-05-18 16:36:10,76,103316.0,10293.0,109.0,0.0,0.0,0.0,475.0,43.0,2.0,9.1762688e+07,1.168355328e+09,714.7,29.0,37194.0,0.0,37193.0,37193.0,11.0,0.0,0.0
2026-05-18 16:36:22,76,103676.0,10293.0,109.0,0.0,0.0,0.0,476.0,43.0,2.0,9.1762688e+07,1.168355328e+09,716.69,26.0,37292.0,0.0,37292.0,37292.0,11.0,0.0,0.0
2026-05-18 16:36:34,76,104180.0,10293.0,109.0,0.0,0.0,0.0,477.0,43.0,2.0,9.1762688e+07,1.168355328e+09,718.63,26.0,37391.0,0.0,37391.0,37391.0,11.0,0.0,0.0
2026-05-18 16:36:46,77,104180.0,10293.0,109.0,0.0,0.0,0.0,477.0,43.0,2.0,9.1762688e+07,1.168355328e+09,720.49,29.0,37490.0,0.0,37489.0,37489.0,11.0,0.0,0.0
2026-05-18 16:36:58,77,104564.0,10293.0,109.0,0.0,0.0,0.0,478.0,43.0,2.0,9.1762688e+07,1.168355328e+09,722.44,29.0,37588.0,0.0,37587.0,37587.0,11.0,0.0,0.0
2026-05-18 16:37:11,77,104858.0,10293.0,109.0,0.0,0.0,0.0,479.0,43.0,2.0,9.1762688e+07,1.168355328e+09,724.36,26.0,37686.0,0.0,37686.0,37686.0,11.0,0.0,0.0
2026-05-18 16:37:23,77,105362.0,10293.0,109.0,0.0,0.0,0.0,480.0,43.0,2.0,9.1762688e+07,1.168355328e+09,726.22,26.0,37783.0,0.0,37783.0,37783.0,11.0,0.0,0.0
2026-05-18 16:37:35,77,105362.0,10293.0,109.0,0.0,0.0,0.0,480.0,43.0,2.0,9.1762688e+07,1.168355328e+09,728.18,26.0,37882.0,0.0,37882.0,37882.0,11.0,0.0,0.0
2026-05-18 16:37:47,78,105866.0,10293.0,109.0,0.0,0.0,0.0,481.0,43.0,2.0,9.1762688e+07,1.168355328e+09,730.11,29.0,37980.0,0.0,37979.0,37979.0,11.0,0.0,0.0
2026-05-18 16:37:59,78,105866.0,10293.0,109.0,0.0,0.0,0.0,481.0,43.0,2.0,9.1762688e+07,1.168355328e+09,731.95,26.0,38078.0,0.0,38078.0,38078.0,11.0,0.0,0.0
2026-05-18 16:38:11,78,106370.0,10293.0,109.0,0.0,0.0,0.0,482.0,43.0,2.0,9.1762688e+07,1.168355328e+09,733.91,29.0,38177.0,0.0,38176.0,38176.0,11.0,0.0,0.0
2026-05-18 16:38:23,78,106625.0,10293.0,109.0,0.0,0.0,0.0,483.0,43.0,2.0,9.1762688e+07,1.168355328e+09,735.81,26.0,38275.0,0.0,38275.0,38275.0,11.0,0.0,0.0
2026-05-18 16:38:35,78,107129.0,10293.0,109.0,0.0,0.0,0.0,484.0,43.0,2.0,9.1762688e+07,1.168355328e+09,737.74,26.0,38373.0,0.0,38373.0,38373.0,11.0,0.0,0.0
2026-05-18 16:38:47,79,107129.0,10293.0,109.0,0.0,0.0,0.0,484.0,43.0,2.0,9.1762688e+07,1.168355328e+09,739.66,27.0,38473.0,0.0,38472.0,38472.0,11.0,0.0,0.0
2026-05-18 16:39:00,79,107129.0,10677.0,109.0,0.0,0.0,0.0,484.0,44.0,2.0,9.1762688e+07,1.168355328e+09,741.5,27.0,38572.0,0.0,38571.0,38571.0,11.0,0.0,0.0
2026-05-18 16:39:12,79,107633.0,10677.0,109.0,0.0,0.0,0.0,485.0,44.0,2.0,9.1762688e+07,1.168355328e+09,743.4300000000001,26.0,38672.0,0.0,38672.0,38672.0,11.0,0.0,0.0
2026-05-18 16:39:24,79,107633.0,10677.0,109.0,0.0,0.0,0.0,485.0,44.0,2.0,9.1762688e+07,1.168355328e+09,745.5,26.0,38771.0,0.0,38771.0,38771.0,11.0,0.0,0.0
2026-05-18 16:39:36,79,108134.0,10677.0,109.0,0.0,0.0,0.0,486.0,44.0,2.0,9.1762688e+07,1.168355328e+09,747.4,29.0,38869.0,0.0,38868.0,38868.0,11.0,0.0,0.0
2026-05-18 16:39:48,80,108134.0,10677.0,109.0,0.0,0.0,0.0,486.0,44.0,2.0,9.1762688e+07,1.168355328e+09,749.26,26.0,38967.0,0.0,38967.0,38967.0,11.0,0.0,0.0
2026-05-18 16:40:00,80,108635.0,10677.0,109.0,0.0,0.0,0.0,487.0,44.0,2.0,9.1762688e+07,1.168355328e+09,751.19,26.0,39066.0,0.0,39066.0,39066.0,11.0,0.0,0.0
2026-05-18 16:40:12,80,109139.0,10677.0,109.0,0.0,0.0,0.0,488.0,44.0,2.0,9.1762688e+07,1.168355328e+09,753.16,26.0,39166.0,0.0,39166.0,39166.0,11.0,0.0,0.0
2026-05-18 16:40:25,80,109139.0,10677.0,109.0,0.0,0.0,0.0,488.0,44.0,2.0,9.1762688e+07,1.168355328e+09,755.14,29.0,39266.0,0.0,39265.0,39265.0,11.0,0.0,0.0
2026-05-18 16:40:37,80,109505.0,10677.0,109.0,0.0,0.0,0.0,489.0,44.0,2.0,9.1762688e+07,1.168355328e+09,757.06,26.0,39365.0,0.0,39365.0,39365.0,11.0,0.0,0.0
2026-05-18 16:40:49,81,110009.0,10677.0,109.0,0.0,0.0,0.0,490.0,44.0,2.0,9.1762688e+07,1.168355328e+09,759.01,26.0,39464.0,0.0,39464.0,39464.0,11.0,0.0,0.0
2026-05-18 16:41:01,81,110009.0,10677.0,109.0,0.0,0.0,0.0,490.0,44.0,2.0,9.1762688e+07,1.168355328e+09,760.99,26.0,39563.0,0.0,39563.0,39563.0,11.0,0.0,0.0
2026-05-18 16:41:13,81,110513.0,10677.0,109.0,0.0,0.0,0.0,491.0,44.0,2.0,9.1762688e+07,1.168355328e+09,762.9,26.0,39664.0,0.0,39664.0,39664.0,11.0,0.0,0.0
2026-05-18 16:41:26,81,110513.0,10677.0,109.0,0.0,0.0,0.0,491.0,44.0,2.0,9.1762688e+07,1.168355328e+09,764.86,26.0,39763.0,0.0,39763.0,39763.0,11.0,0.0,0.0
2026-05-18 16:41:38,81,111017.0,10677.0,109.0,0.0,0.0,0.0,492.0,44.0,2.0,9.1762688e+07,1.168355328e+09,766.83,26.0,39862.0,0.0,39862.0,39862.0,11.0,0.0,0.0
2026-05-18 16:41:50,82,111521.0,10677.0,109.0,0.0,0.0,0.0,493.0,44.0,2.0,9.1762688e+07,1.168355328e+09,768.69,26.0,39960.0,0.0,39960.0,39960.0,11.0,0.0,0.0
2026-05-18 16:42:02,82,111521.0,10677.0,109.0,0.0,0.0,0.0,493.0,44.0,2.0,9.1762688e+07,1.168355328e+09,770.62,26.0,40059.0,0.0,40059.0,40059.0,11.0,0.0,0.0
2026-05-18 16:42:14,82,112025.0,10677.0,109.0,0.0,0.0,0.0,494.0,44.0,2.0,9.1762688e+07,1.168355328e+09,772.58,26.0,40159.0,0.0,40159.0,40159.0,11.0,0.0,0.0
2026-05-18 16:42:26,82,112025.0,10677.0,109.0,0.0,0.0,0.0,494.0,44.0,2.0,9.1762688e+07,1.168355328e+09,774.51,29.0,40258.0,0.0,40257.0,40257.0,11.0,0.0,0.0
2026-05-18 16:42:38,82,112481.0,10677.0,109.0,0.0,0.0,0.0,495.0,44.0,2.0,9.1762688e+07,1.168355328e+09,776.42,26.0,40355.0,0.0,40355.0,40355.0,11.0,0.0,0.0
2026-05-18 16:42:50,83,112481.0,11184.0,109.0,0.0,0.0,0.0,495.0,45.0,2.0,9.1762688e+07,1.168355328e+09,778.3199999999999,26.0,40455.0,0.0,40455.0,40455.0,11.0,0.0,0.0
2026-05-18 16:43:03,83,112481.0,11184.0,109.0,0.0,0.0,0.0,495.0,45.0,2.0,9.1762688e+07,1.168355328e+09,780.2099999999999,26.0,40556.0,0.0,40556.0,40556.0,11.0,0.0,0.0
2026-05-18 16:43:15,83,112985.0,11184.0,109.0,0.0,0.0,0.0,496.0,45.0,2.0,9.1762688e+07,1.168355328e+09,782.2,29.0,40655.0,0.0,40654.0,40654.0,11.0,0.0,0.0
2026-05-18 16:43:27,83,112985.0,11184.0,109.0,0.0,0.0,0.0,496.0,45.0,2.0,9.1762688e+07,1.168355328e+09,784.0999999999999,26.0,40753.0,0.0,40753.0,40753.0,11.0,0.0,0.0
2026-05-18 16:43:39,83,113489.0,11184.0,109.0,0.0,0.0,0.0,497.0,45.0,2.0,9.1107328e+07,1.168355328e+09,786.0400000000001,26.0,40852.0,0.0,40852.0,40852.0,11.0,0.0,0.0
2026-05-18 16:43:51,84,113993.0,11184.0,109.0,0.0,0.0,0.0,498.0,45.0,2.0,9.1107328e+07,1.168355328e+09,787.99,26.0,40952.0,0.0,40952.0,40952.0,11.0,0.0,0.0
2026-05-18 16:44:03,84,113993.0,11184.0,109.0,0.0,0.0,0.0,498.0,45.0,2.0,9.1107328e+07,1.168355328e+09,789.85,26.0,41052.0,0.0,41052.0,41052.0,11.0,0.0,0.0
2026-05-18 16:44:15,84,114497.0,11184.0,109.0,0.0,0.0,0.0,499.0,45.0,2.0,9.1107328e+07,1.168355328e+09,791.72,26.0,41150.0,0.0,41150.0,41150.0,11.0,0.0,0.0
2026-05-18 16:44:27,84,114497.0,11184.0,109.0,0.0,0.0,0.0,499.0,45.0,2.0,8.992768e+07,1.168355328e+09,793.62,29.0,41250.0,0.0,41249.0,41249.0,11.0,0.0,0.0
2026-05-18 16:44:40,84,114953.0,11184.0,109.0,0.0,0.0,0.0,500.0,45.0,2.0,8.992768e+07,1.168355328e+09,795.67,27.0,41350.0,0.0,41349.0,41349.0,11.0,0.0,0.0
2026-05-18 16:44:52,85,115457.0,11184.0,109.0,0.0,0.0,0.0,501.0,45.0,2.0,8.992768e+07,1.168355328e+09,797.5,29.0,41449.0,0.0,41448.0,41448.0,11.0,0.0,0.0
2026-05-18 16:45:04,85,115457.0,11184.0,109.0,0.0,0.0,0.0,501.0,45.0,2.0,8.992768e+07,1.168355328e+09,799.37,26.0,41546.0,0.0,41546.0,41546.0,11.0,0.0,0.0
2026-05-18 16:45:16,85,115961.0,11184.0,109.0,0.0,0.0,0.0,502.0,45.0,2.0,8.992768e+07,1.168355328e+09,801.1899999999999,26.0,41644.0,0.0,41644.0,41644.0,11.0,0.0,0.0
2026-05-18 16:45:28,85,115961.0,11184.0,109.0,0.0,0.0,0.0,502.0,45.0,2.0,8.992768e+07,1.168355328e+09,803.12,26.0,41742.0,0.0,41742.0,41742.0,11.0,0.0,0.0
2026-05-18 16:45:40,85,116462.0,11184.0,109.0,0.0,0.0,0.0,503.0,45.0,2.0,8.992768e+07,1.168355328e+09,805.02,26.0,41839.0,0.0,41839.0,41839.0,11.0,0.0,0.0
2026-05-18 16:45:52,86,116963.0,11184.0,109.0,0.0,0.0,0.0,504.0,45.0,2.0,8.992768e+07,1.168355328e+09,806.8,29.0,41936.0,0.0,41935.0,41935.0,11.0,0.0,0.0
2026-05-18 16:46:04,86,116963.0,11184.0,109.0,0.0,0.0,0.0,504.0,45.0,2.0,8.992768e+07,1.168355328e+09,808.79,27.0,42035.0,0.0,42034.0,42034.0,11.0,0.0,0.0
2026-05-18 16:46:16,86,117467.0,11184.0,109.0,0.0,0.0,0.0,505.0,45.0,2.0,8.992768e+07,1.168355328e+09,810.6899999999999,26.0,42135.0,0.0,42135.0,42135.0,11.0,0.0,0.0
2026-05-18 16:46:28,86,117467.0,11184.0,109.0,0.0,0.0,0.0,505.0,45.0,2.0,8.992768e+07,1.168355328e+09,812.6400000000001,29.0,42233.0,0.0,42232.0,42232.0,11.0,0.0,0.0
2026-05-18 16:46:40,86,117899.0,11184.0,109.0,0.0,0.0,0.0,506.0,45.0,2.0,8.8879104e+07,1.168355328e+09,814.4300000000001,26.0,42330.0,0.0,42330.0,42330.0,11.0,0.0,0.0
2026-05-18 16:46:52,87,117899.0,11691.0,109.0,0.0,0.0,0.0,506.0,46.0,2.0,8.8092672e+07,1.168355328e+09,816.4200000000001,26.0,42428.0,0.0,42428.0,42428.0,11.0,0.0,0.0
2026-05-18 16:47:04,87,117899.0,11691.0,109.0,0.0,0.0,0.0,506.0,46.0,2.0,8.8092672e+07,1.168355328e+09,818.3100000000001,26.0,42527.0,0.0,42527.0,42527.0,11.0,0.0,0.0
2026-05-18 16:47:16,87,118403.0,11691.0,109.0,0.0,0.0,0.0,507.0,46.0,2.0,8.8092672e+07,1.168355328e+09,820.13,26.0,42627.0,0.0,42627.0,42627.0,11.0,0.0,0.0
2026-05-18 16:47:28,87,118403.0,11691.0,109.0,0.0,0.0,0.0,507.0,46.0,2.0,8.7044096e+07,1.168355328e+09,822.01,26.0,42724.0,0.0,42724.0,42724.0,11.0,0.0,0.0
2026-05-18 16:47:40,87,118907.0,11691.0,109.0,0.0,0.0,0.0,508.0,46.0,2.0,8.7044096e+07,1.168355328e+09,823.85,26.0,42821.0,0.0,42821.0,42821.0,11.0,0.0,0.0
2026-05-18 16:47:52,88,119411.0,11691.0,109.0,0.0,0.0,0.0,509.0,46.0,2.0,8.7044096e+07,1.168355328e+09,825.74,27.0,42920.0,0.0,42919.0,42919.0,11.0,0.0,0.0
2026-05-18 16:48:04,88,119411.0,11691.0,109.0,0.0,0.0,0.0,509.0,46.0,2.0,8.5602304e+07,1.168355328e+09,827.59,26.0,43016.0,0.0,43016.0,43016.0,11.0,0.0,0.0
2026-05-18 16:48:16,88,119915.0,11691.0,109.0,0.0,0.0,0.0,510.0,46.0,2.0,8.5602304e+07,1.168355328e+09,829.47,28.0,43115.0,0.0,43114.0,43114.0,11.0,0.0,0.0
2026-05-18 16:48:28,88,119915.0,11691.0,109.0,0.0,0.0,0.0,510.0,46.0,2.0,8.4160512e+07,1.168355328e+09,831.37,26.0,43213.0,0.0,43213.0,43213.0,11.0,0.0,0.0
2026-05-18 16:48:40,88,120416.0,11691.0,109.0,0.0,0.0,0.0,511.0,46.0,2.0,8.4160512e+07,1.168355328e+09,833.2299999999999,27.0,43312.0,0.0,43311.0,43311.0,11.0,0.0,0.0
2026-05-18 16:48:52,89,120917.0,11691.0,109.0,0.0,0.0,0.0,512.0,46.0,2.0,8.271872e+07,1.168355328e+09,835.17,26.0,43409.0,0.0,43409.0,43409.0,11.0,0.0,0.0
2026-05-18 16:49:04,89,120917.0,11691.0,109.0,0.0,0.0,0.0,512.0,46.0,2.0,8.1276928e+07,1.168355328e+09,837.0799999999999,26.0,43506.0,0.0,43506.0,43506.0,11.0,0.0,0.0
2026-05-18 16:49:16,89,121421.0,11691.0,109.0,0.0,0.0,0.0,513.0,46.0,2.0,8.0228352e+07,1.168355328e+09,838.93,29.0,43606.0,0.0,43605.0,43605.0,11.0,0.0,0.0
2026-05-18 16:49:28,89,121421.0,11691.0,109.0,0.0,0.0,0.0,513.0,46.0,2.0,8.0228352e+07,1.168355328e+09,840.89,26.0,43704.0,0.0,43704.0,43704.0,11.0,0.0,0.0
2026-05-18 16:49:40,89,121922.0,11691.0,109.0,0.0,0.0,0.0,514.0,46.0,2.0,7.9179776e+07,1.168355328e+09,842.69,29.0,43802.0,0.0,43801.0,43801.0,11.0,0.0,0.0
2026-05-18 16:49:52,90,121922.0,11691.0,109.0,0.0,0.0,0.0,514.0,46.0,2.0,7.9179776e+07,1.168355328e+09,844.4599999999999,27.0,43901.0,0.0,43900.0,43900.0,11.0,0.0,0.0
2026-05-18 16:50:04,90,122393.0,11691.0,109.0,0.0,0.0,0.0,515.0,46.0,2.0,7.81312e+07,1.168355328e+09,846.38,26.0,43999.0,0.0,43999.0,43999.0,11.0,0.0,0.0
2026-05-18 16:50:16,90,122897.0,11691.0,109.0,0.0,0.0,0.0,516.0,46.0,2.0,7.7344768e+07,1.168355328e+09,848.22,26.0,44096.0,0.0,44096.0,44096.0,11.0,0.0,0.0
2026-05-18 16:50:28,90,122897.0,11691.0,109.0,0.0,0.0,0.0,516.0,46.0,2.0,7.6296192e+07,1.168355328e+09,850.0,26.0,44197.0,0.0,44197.0,44197.0,11.0,0.0,0.0
2026-05-18 16:50:41,90,123401.0,11691.0,109.0,0.0,0.0,0.0,517.0,46.0,2.0,7.48544e+07,1.168355328e+09,851.96,26.0,44295.0,0.0,44295.0,44295.0,11.0,0.0,0.0
2026-05-18 16:50:53,91,123401.0,11691.0,109.0,0.0,0.0,0.0,517.0,46.0,2.0,7.3281536e+07,1.168355328e+09,853.87,26.0,44394.0,0.0,44394.0,44394.0,11.0,0.0,0.0
2026-05-18 16:51:05,91,123401.0,12198.0,109.0,0.0,0.0,0.0,517.0,47.0,2.0,7.1708672e+07,1.168355328e+09,855.76,26.0,44492.0,0.0,44492.0,44492.0,11.0,0.0,0.0
2026-05-18 16:51:17,91,123902.0,12198.0,109.0,0.0,0.0,0.0,518.0,47.0,2.0,7.0135808e+07,1.168355328e+09,857.61,26.0,44591.0,0.0,44591.0,44591.0,11.0,0.0,0.0
2026-05-18 16:51:29,91,123902.0,12198.0,109.0,0.0,0.0,0.0,518.0,47.0,2.0,6.8562944e+07,1.168355328e+09,859.42,26.0,44690.0,0.0,44690.0,44690.0,11.0,0.0,0.0
2026-05-18 16:51:41,91,124406.0,12198.0,109.0,0.0,0.0,0.0,519.0,47.0,2.0,6.7383296e+07,1.168355328e+09,861.3199999999999,26.0,44788.0,0.0,44788.0,44788.0,11.0,0.0,0.0
2026-05-18 16:51:53,92,124406.0,12198.0,109.0,0.0,0.0,0.0,519.0,47.0,2.0,6.7383296e+07,1.168355328e+09,863.22,26.0,44886.0,0.0,44886.0,44886.0,11.0,0.0,0.0
2026-05-18 16:52:05,92,124910.0,12198.0,109.0,0.0,0.0,0.0,520.0,47.0,2.0,6.6203648e+07,1.168355328e+09,865.18,26.0,44985.0,0.0,44985.0,44985.0,11.0,0.0,0.0
2026-05-18 16:52:17,92,125414.0,12198.0,109.0,0.0,0.0,0.0,521.0,47.0,2.0,6.6203648e+07,1.168355328e+09,867.0899999999999,26.0,45084.0,0.0,45084.0,45084.0,11.0,0.0,0.0
2026-05-18 16:52:29,92,125414.0,12198.0,109.0,0.0,0.0,0.0,521.0,47.0,2.0,6.6203648e+07,1.168355328e+09,869.07,26.0,45184.0,0.0,45184.0,45184.0,11.0,0.0,0.0
2026-05-18 16:52:41,92,125918.0,12198.0,109.0,0.0,0.0,0.0,522.0,47.0,2.0,6.5024e+07,1.168355328e+09,870.8900000000001,26.0,45283.0,0.0,45283.0,45283.0,11.0,0.0,0.0
2026-05-18 16:52:53,93,125918.0,12198.0,109.0,0.0,0.0,0.0,522.0,47.0,2.0,6.5024e+07,1.168355328e+09,872.85,26.0,45382.0,0.0,45382.0,45382.0,11.0,0.0,0.0
2026-05-18 16:53:05,93,126422.0,12198.0,109.0,0.0,0.0,0.0,523.0,47.0,2.0,6.4237568e+07,1.168355328e+09,874.82,26.0,45480.0,0.0,45480.0,45480.0,11.0,0.0,0.0
2026-05-18 16:53:17,93,126422.0,12198.0,109.0,0.0,0.0,0.0,523.0,47.0,2.0,6.3320064e+07,1.168355328e+09,876.6,26.0,45578.0,0.0,45578.0,45578.0,11.0,0.0,0.0
2026-05-18 16:53:29,93,126923.0,12198.0,109.0,0.0,0.0,0.0,524.0,47.0,2.0,6.3320064e+07,1.168355328e+09,878.53,29.0,45677.0,0.0,45676.0,45676.0,11.0,0.0,0.0
2026-05-18 16:53:41,93,127217.0,12198.0,109.0,0.0,0.0,0.0,525.0,47.0,2.0,6.2140416e+07,1.168355328e+09,880.39,29.0,45777.0,0.0,45776.0,45776.0,11.0,0.0,0.0
2026-05-18 16:53:54,94,127721.0,12198.0,109.0,0.0,0.0,0.0,526.0,47.0,2.0,6.1353984e+07,1.168355328e+09,882.26,26.0,45876.0,0.0,45876.0,45876.0,11.0,0.0,0.0
2026-05-18 16:54:06,94,127721.0,12198.0,109.0,0.0,0.0,0.0,526.0,47.0,2.0,6.043648e+07,1.168355328e+09,884.14,26.0,45975.0,0.0,45975.0,45975.0,11.0,0.0,0.0
2026-05-18 16:54:18,94,128225.0,12198.0,109.0,0.0,0.0,0.0,527.0,47.0,2.0,6.043648e+07,1.168355328e+09,886.17,26.0,46075.0,0.0,46075.0,46075.0,11.0,0.0,0.0
2026-05-18 16:54:30,94,128225.0,12198.0,109.0,0.0,0.0,0.0,527.0,47.0,2.0,5.9387904e+07,1.168355328e+09,888.12,26.0,46173.0,0.0,46173.0,46173.0,11.0,0.0,0.0
2026-05-18 16:54:42,95,128729.0,12198.0,109.0,0.0,0.0,0.0,528.0,47.0,2.0,5.8863616e+07,1.168355328e+09,889.9599999999999,29.0,46272.0,0.0,46271.0,46271.0,11.0,0.0,0.0
2026-05-18 16:54:54,95,128729.0,12471.0,109.0,0.0,0.0,0.0,528.0,48.0,2.0,5.7946112e+07,1.168355328e+09,891.9200000000001,26.0,46371.0,0.0,46371.0,46371.0,11.0,0.0,0.0
2026-05-18 16:55:06,95,129233.0,12471.0,109.0,0.0,0.0,0.0,529.0,48.0,2.0,5.6766464e+07,1.168355328e+09,893.77,26.0,46469.0,0.0,46469.0,46469.0,11.0,0.0,0.0
2026-05-18 16:55:18,95,129233.0,12471.0,109.0,0.0,0.0,0.0,529.0,48.0,2.0,5.4276096e+07,1.168355328e+09,895.6700000000001,26.0,46567.0,0.0,46567.0,46567.0,11.0,0.0,0.0
2026-05-18 16:55:30,95,129734.0,12471.0,109.0,0.0,0.0,0.0,530.0,48.0,2.0,5.19168e+07,1.168355328e+09,897.63,26.0,46666.0,0.0,46666.0,46666.0,11.0,0.0,0.0
2026-05-18 16:55:42,96,129734.0,12471.0,109.0,0.0,0.0,0.0,530.0,48.0,2.0,4.8771072e+07,1.168355328e+09,899.51,26.0,46767.0,0.0,46767.0,46767.0,11.0,0.0,0.0
2026-05-18 16:55:55,96,130232.0,12471.0,109.0,0.0,0.0,0.0,531.0,48.0,2.0,4.8771072e+07,1.168355328e+09,901.43,26.0,46867.0,0.0,46867.0,46867.0,11.0,0.0,0.0
2026-05-18 16:56:07,96,130733.0,12471.0,109.0,0.0,0.0,0.0,532.0,48.0,2.0,4.7722496e+07,1.168355328e+09,903.33,26.0,46966.0,0.0,46966.0,46966.0,11.0,0.0,0.0
2026-05-18 16:56:19,96,130733.0,12471.0,109.0,0.0,0.0,0.0,532.0,48.0,2.0,4.7722496e+07,1.168355328e+09,905.21,26.0,47065.0,0.0,47065.0,47065.0,11.0,0.0,0.0
2026-05-18 16:56:31,96,131237.0,12471.0,109.0,0.0,0.0,0.0,533.0,48.0,2.0,4.7722496e+07,1.168355328e+09,907.0699999999999,26.0,47164.0,0.0,47164.0,47164.0,11.0,0.0,0.0
2026-05-18 16:56:43,97,131237.0,12471.0,109.0,0.0,0.0,0.0,533.0,48.0,2.0,4.7722496e+07,1.168355328e+09,909.01,26.0,47264.0,0.0,47264.0,47264.0,11.0,0.0,0.0
2026-05-18 16:56:56,97,131741.0,12471.0,109.0,0.0,0.0,0.0,534.0,48.0,2.0,4.6804992e+07,1.168355328e+09,910.9499999999999,29.0,47362.0,0.0,47362.0,47361.0,11.0,0.0,0.0
2026-05-18 16:57:08,97,132245.0,12471.0,109.0,0.0,0.0,0.0,535.0,48.0,2.0,4.6804992e+07,1.168355328e+09,912.79,26.0,47460.0,0.0,47460.0,47460.0,11.0,0.0,0.0
2026-05-18 16:57:20,97,132245.0,12471.0,109.0,0.0,0.0,0.0,535.0,48.0,2.0,4.5887488e+07,1.168355328e+09,914.64,26.0,47558.0,0.0,47558.0,47558.0,11.0,0.0,0.0
2026-05-18 16:57:32,97,132749.0,12471.0,109.0,0.0,0.0,0.0,536.0,48.0,2.0,4.5887488e+07,1.168355328e+09,916.5799999999999,26.0,47658.0,0.0,47658.0,47658.0,11.0,0.0,0.0
2026-05-18 16:57:44,98,132749.0,12471.0,109.0,0.0,0.0,0.0,536.0,48.0,2.0,4.5887488e+07,1.168355328e+09,918.5500000000001,26.0,47758.0,0.0,47758.0,47758.0,11.0,0.0,0.0
2026-05-18 16:57:56,98,133253.0,12471.0,109.0,0.0,0.0,0.0,537.0,48.0,2.0,4.5887488e+07,1.168355328e+09,920.5500000000001,26.0,47856.0,0.0,47856.0,47856.0,11.0,0.0,0.0
2026-05-18 16:58:08,98,133757.0,12471.0,109.0,0.0,0.0,0.0,538.0,48.0,2.0,4.5232128e+07,1.168355328e+09,922.35,26.0,47955.0,0.0,47955.0,47955.0,11.0,0.0,0.0
2026-05-18 16:58:20,98,133757.0,12471.0,109.0,0.0,0.0,0.0,538.0,48.0,2.0,4.5232128e+07,1.168355328e+09,924.2700000000001,26.0,48055.0,0.0,48054.0,48054.0,11.0,0.0,0.0
2026-05-18 16:58:32,98,134261.0,12471.0,109.0,0.0,0.0,0.0,539.0,48.0,2.0,4.4183552e+07,1.168355328e+09,926.0699999999999,29.0,48153.0,0.0,48152.0,48152.0,11.0,0.0,0.0
2026-05-18 16:58:44,99,134261.0,12471.0,109.0,0.0,0.0,0.0,539.0,48.0,2.0,4.4183552e+07,1.168355328e+09,927.97,27.0,48251.0,0.0,48251.0,48251.0,11.0,0.0,0.0
2026-05-18 16:58:56,99,134261.0,12879.0,109.0,0.0,0.0,0.0,539.0,49.0,2.0,4.339712e+07,1.168355328e+09,929.97,26.0,48350.0,0.0,48350.0,48350.0,11.0,0.0,0.0
2026-05-18 16:59:09,99,134762.0,12879.0,109.0,0.0,0.0,0.0,540.0,49.0,2.0,4.339712e+07,1.168355328e+09,931.8199999999999,26.0,48449.0,0.0,48449.0,48449.0,11.0,0.0,0.0
2026-05-18 16:59:21,99,134762.0,12879.0,109.0,0.0,0.0,0.0,540.0,49.0,2.0,4.339712e+07,1.168355328e+09,933.61,29.0,48549.0,0.0,48548.0,48548.0,11.0,0.0,0.0
2026-05-18 16:59:33,99,135152.0,12879.0,109.0,0.0,0.0,0.0,541.0,49.0,2.0,4.339712e+07,1.168355328e+09,935.5,29.0,48648.0,0.0,48647.0,48647.0,11.0,0.0,0.0
2026-05-18 16:59:45,100,135449.0,12879.0,109.0,0.0,0.0,0.0,542.0,49.0,2.0,4.339712e+07,1.168355328e+09,937.47,26.0,48747.0,0.0,48747.0,48747.0,11.0,0.0,0.0
2026-05-18 16:59:57,100,135953.0,12879.0,109.0,0.0,0.0,0.0,543.0,49.0,2.0,4.3003904e+07,1.168355328e+09,939.46,26.0,48848.0,0.0,48848.0,48848.0,11.0,0.0,0.0
2026-05-18 17:00:09,100,135953.0,12879.0,109.0,0.0,0.0,0.0,543.0,49.0,2.0,4.3003904e+07,1.168355328e+09,941.3599999999999,26.0,48947.0,0.0,48947.0,48947.0,11.0,0.0,0.0
2026-05-18 17:00:21,100,136457.0,12879.0,109.0,0.0,0.0,0.0,544.0,49.0,2.0,4.2610688e+07,1.168355328e+09,943.2,29.0,49043.0,0.0,49042.0,49042.0,11.0,0.0,0.0
2026-05-18 17:00:34,100,136457.0,12879.0,109.0,0.0,0.0,0.0,544.0,49.0,2.0,4.2217472e+07,1.168355328e+09,945.2,26.0,49143.0,0.0,49143.0,49143.0,11.0,0.0,0.0
2026-05-18 17:00:46,101,136961.0,12879.0,109.0,0.0,0.0,0.0,545.0,49.0,2.0,4.2217472e+07,1.168355328e+09,947.05,26.0,49242.0,0.0,49242.0,49242.0,11.0,0.0,0.0
2026-05-18 17:00:58,101,137465.0,12879.0,109.0,0.0,0.0,0.0,546.0,49.0,2.0,4.2217472e+07,1.168355328e+09,948.88,26.0,49339.0,0.0,49339.0,49339.0,11.0,0.0,0.0
2026-05-18 17:01:10,101,137465.0,12879.0,109.0,0.0,0.0,0.0,546.0,49.0,2.0,4.143104e+07,1.168355328e+09,950.75,26.0,49437.0,0.0,49437.0,49437.0,11.0,0.0,0.0
2026-05-18 17:01:22,101,137969.0,12879.0,109.0,0.0,0.0,0.0,547.0,49.0,2.0,4.143104e+07,1.168355328e+09,952.8100000000001,26.0,49537.0,0.0,49537.0,49537.0,11.0,0.0,0.0
2026-05-18 17:01:34,101,137969.0,12879.0,109.0,0.0,0.0,0.0,547.0,49.0,2.0,4.143104e+07,1.168355328e+09,954.63,27.0,49638.0,0.0,49637.0,49637.0,11.0,0.0,0.0
2026-05-18 17:01:46,102,138419.0,12879.0,109.0,0.0,0.0,0.0,548.0,49.0,2.0,4.143104e+07,1.168355328e+09,956.53,26.0,49737.0,0.0,49737.0,49737.0,11.0,0.0,0.0
2026-05-18 17:01:59,102,138923.0,12879.0,109.0,0.0,0.0,0.0,549.0,49.0,2.0,4.143104e+07,1.168355328e+09,958.38,26.0,49836.0,0.0,49836.0,49836.0,11.0,0.0,0.0
2026-05-18 17:02:10,102,138923.0,12879.0,109.0,0.0,0.0,0.0,549.0,49.0,2.0,4.0644608e+07,1.168355328e+09,960.29,26.0,49934.0,0.0,49934.0,49934.0,11.0,0.0,0.0
2026-05-18 17:02:23,102,139427.0,12879.0,109.0,0.0,0.0,0.0,550.0,49.0,2.0,4.0644608e+07,1.168355328e+09,962.3,26.0,50032.0,0.0,50032.0,50032.0,11.0,0.0,0.0
2026-05-18 17:02:35,102,139427.0,12879.0,109.0,0.0,0.0,0.0,550.0,49.0,2.0,4.0644608e+07,1.168355328e+09,964.2099999999999,27.0,50131.0,0.0,50131.0,50131.0,11.0,0.0,0.0
2026-05-18 17:02:47,103,139427.0,13353.0,109.0,0.0,0.0,0.0,550.0,50.0,2.0,4.0644608e+07,1.168355328e+09,966.14,26.0,50231.0,0.0,50231.0,50231.0,11.0,0.0,0.0
2026-05-18 17:02:59,103,139928.0,13353.0,109.0,0.0,0.0,0.0,551.0,50.0,2.0,4.0644608e+07,1.168355328e+09,967.92,26.0,50329.0,0.0,50329.0,50329.0,11.0,0.0,0.0
2026-05-18 17:03:11,103,139928.0,13353.0,109.0,0.0,0.0,0.0,551.0,50.0,2.0,3.8940672e+07,1.168355328e+09,969.8299999999999,26.0,50428.0,0.0,50428.0,50428.0,11.0,0.0,0.0
2026-05-18 17:03:23,103,140432.0,13353.0,109.0,0.0,0.0,0.0,552.0,50.0,2.0,3.8940672e+07,1.168355328e+09,971.73,26.0,50528.0,0.0,50528.0,50528.0,11.0,0.0,0.0
2026-05-18 17:03:35,103,140915.0,13353.0,109.0,0.0,0.0,0.0,553.0,50.0,2.0,3.8940672e+07,1.168355328e+09,973.69,29.0,50628.0,0.0,50627.0,50627.0,11.0,0.0,0.0
2026-05-18 17:03:47,104,140915.0,13353.0,109.0,0.0,0.0,0.0,553.0,50.0,2.0,3.8940672e+07,1.168355328e+09,975.58,29.0,50728.0,0.0,50727.0,50727.0,11.0,0.0,0.0
2026-05-18 17:04:00,104,141215.0,13353.0,109.0,0.0,0.0,0.0,554.0,50.0,2.0,3.8416384e+07,1.168355328e+09,977.49,26.0,50826.0,0.0,50826.0,50826.0,11.0,0.0,0.0
2026-05-18 17:04:12,104,141719.0,13353.0,109.0,0.0,0.0,0.0,555.0,50.0,2.0,3.8416384e+07,1.168355328e+09,979.5,26.0,50925.0,0.0,50925.0,50925.0,11.0,0.0,0.0
2026-05-18 17:04:24,104,141719.0,13353.0,109.0,0.0,0.0,0.0,555.0,50.0,2.0,3.8416384e+07,1.168355328e+09,981.37,26.0,51023.0,0.0,51023.0,51023.0,11.0,0.0,0.0
2026-05-18 17:04:36,104,142223.0,13353.0,109.0,0.0,0.0,0.0,556.0,50.0,2.0,3.8416384e+07,1.168355328e+09,983.29,26.0,51121.0,0.0,51121.0,51121.0,11.0,0.0,0.0
2026-05-18 17:04:48,105,142223.0,13353.0,109.0,0.0,0.0,0.0,556.0,50.0,2.0,3.8416384e+07,1.168355328e+09,985.03,26.0,51221.0,0.0,51221.0,51221.0,11.0,0.0,0.0
2026-05-18 17:05:00,105,142727.0,13353.0,109.0,0.0,0.0,0.0,557.0,50.0,2.0,3.8416384e+07,1.168355328e+09,986.9499999999999,26.0,51320.0,0.0,51320.0,51320.0,11.0,0.0,0.0
2026-05-18 17:05:12,105,143231.0,13353.0,109.0,0.0,0.0,0.0,558.0,50.0,2.0,3.8416384e+07,1.168355328e+09,988.8299999999999,26.0,51419.0,0.0,51419.0,51419.0,11.0,0.0,0.0
2026-05-18 17:05:24,105,143231.0,13353.0,109.0,0.0,0.0,0.0,558.0,50.0,2.0,3.8416384e+07,1.168355328e+09,990.6800000000001,26.0,51518.0,0.0,51518.0,51518.0,11.0,0.0,0.0
2026-05-18 17:05:37,105,143735.0,13353.0,109.0,0.0,0.0,0.0,559.0,50.0,2.0,3.8416384e+07,1.168355328e+09,992.71,29.0,51616.0,0.0,51615.0,51615.0,11.0,0.0,0.0
2026-05-18 17:05:49,106,143735.0,13353.0,109.0,0.0,0.0,0.0,559.0,50.0,2.0,3.8416384e+07,1.168355328e+09,994.6600000000001,26.0,51715.0,0.0,51715.0,51715.0,11.0,0.0,0.0
2026-05-18 17:06:01,106,144239.0,13353.0,109.0,0.0,0.0,0.0,560.0,50.0,2.0,3.8416384e+07,1.168355328e+09,996.58,26.0,51815.0,0.0,51815.0,51815.0,11.0,0.0,0.0
2026-05-18 17:06:13,106,144743.0,13353.0,109.0,0.0,0.0,0.0,561.0,50.0,2.0,3.8416384e+07,1.168355328e+09,998.5500000000001,29.0,51915.0,0.0,51914.0,51914.0,11.0,0.0,0.0
2026-05-18 17:06:25,106,144743.0,13353.0,109.0,0.0,0.0,0.0,561.0,50.0,2.0,3.8416384e+07,1.168355328e+09,1000.37,26.0,52013.0,0.0,52013.0,52013.0,11.0,0.0,0.0
2026-05-18 17:06:37,106,144743.0,13857.0,109.0,0.0,0.0,0.0,561.0,51.0,2.0,3.8416384e+07,1.168355328e+09,1002.3100000000001,26.0,52112.0,0.0,52112.0,52112.0,11.0,0.0,0.0
2026-05-18 17:06:50,107,144743.0,13857.0,109.0,0.0,0.0,0.0,561.0,51.0,2.0,3.8416384e+07,1.168355328e+09,1004.22,26.0,52212.0,0.0,52212.0,52212.0,11.0,0.0,0.0
2026-05-18 17:07:02,107,145247.0,13857.0,109.0,0.0,0.0,0.0,562.0,51.0,2.0,3.8416384e+07,1.168355328e+09,1006.2099999999999,26.0,52311.0,0.0,52311.0,52311.0,11.0,0.0,0.0
2026-05-18 17:07:14,107,145748.0,13857.0,109.0,0.0,0.0,0.0,563.0,51.0,2.0,3.8416384e+07,1.168355328e+09,1008.14,26.0,52410.0,0.0,52410.0,52410.0,11.0,0.0,0.0
2026-05-18 17:07:26,107,145748.0,13857.0,109.0,0.0,0.0,0.0,563.0,51.0,2.0,3.8416384e+07,1.168355328e+09,1009.9599999999999,26.0,52509.0,0.0,52509.0,52509.0,11.0,0.0,0.0
2026-05-18 17:07:38,107,146249.0,13857.0,109.0,0.0,0.0,0.0,564.0,51.0,2.0,3.8416384e+07,1.168355328e+09,1011.77,26.0,52608.0,0.0,52608.0,52608.0,11.0,0.0,0.0
2026-05-18 17:07:50,108,146249.0,13857.0,109.0,0.0,0.0,0.0,564.0,51.0,2.0,3.8416384e+07,1.168355328e+09,1013.67,26.0,52707.0,0.0,52707.0,52707.0,11.0,0.0,0.0
2026-05-18 17:08:03,108,146750.0,13857.0,109.0,0.0,0.0,0.0,565.0,51.0,2.0,3.8416384e+07,1.168355328e+09,1015.65,26.0,52806.0,0.0,52806.0,52806.0,11.0,0.0,0.0
2026-05-18 17:08:15,108,147236.0,13857.0,109.0,0.0,0.0,0.0,566.0,51.0,2.0,3.8416384e+07,1.168355328e+09,1017.4399999999999,29.0,52905.0,0.0,52904.0,52904.0,11.0,0.0,0.0
2026-05-18 17:08:27,108,147236.0,13857.0,109.0,0.0,0.0,0.0,566.0,51.0,2.0,3.8416384e+07,1.168355328e+09,1019.29,26.0,53004.0,0.0,53004.0,53004.0,11.0,0.0,0.0
2026-05-18 17:08:39,108,147740.0,13857.0,109.0,0.0,0.0,0.0,567.0,51.0,2.0,3.8416384e+07,1.168355328e+09,1021.22,26.0,53103.0,0.0,53103.0,53103.0,11.0,0.0,0.0
2026-05-18 17:08:51,109,147740.0,13857.0,109.0,0.0,0.0,0.0,567.0,51.0,2.0,3.8416384e+07,1.168355328e+09,1023.17,28.0,53202.0,0.0,53201.0,53201.0,11.0,0.0,0.0
2026-05-18 17:09:03,109,148127.0,13857.0,109.0,0.0,0.0,0.0,568.0,51.0,2.0,3.8416384e+07,1.168355328e+09,1025.0,29.0,53301.0,0.0,53300.0,53300.0,11.0,0.0,0.0
2026-05-18 17:09:15,109,148424.0,13857.0,109.0,0.0,0.0,0.0,569.0,51.0,2.0,3.8416384e+07,1.168355328e+09,1026.85,26.0,53400.0,0.0,53400.0,53400.0,11.0,0.0,0.0
2026-05-18 17:09:27,109,148928.0,13857.0,109.0,0.0,0.0,0.0,570.0,51.0,2.0,3.8416384e+07,1.168355328e+09,1028.63,26.0,53498.0,0.0,53498.0,53498.0,11.0,0.0,0.0
2026-05-18 17:09:39,109,148928.0,13857.0,109.0,0.0,0.0,0.0,570.0,51.0,2.0,3.8416384e+07,1.168355328e+09,1030.45,26.0,53597.0,0.0,53597.0,53597.0,11.0,0.0,0.0
2026-05-18 17:09:52,110,149432.0,13857.0,109.0,0.0,0.0,0.0,571.0,51.0,2.0,3.8416384e+07,1.168355328e+09,1032.35,26.0,53697.0,0.0,53697.0,53697.0,11.0,0.0,0.0
2026-05-18 17:10:04,110,149432.0,13857.0,109.0,0.0,0.0,0.0,571.0,51.0,2.0,3.8416384e+07,1.168355328e+09,1034.31,26.0,53795.0,0.0,53795.0,53795.0,11.0,0.0,0.0
2026-05-18 17:10:16,110,149936.0,13857.0,109.0,0.0,0.0,0.0,572.0,51.0,2.0,3.8416384e+07,1.168355328e+09,1036.12,26.0,53894.0,0.0,53894.0,53894.0,11.0,0.0,0.0
2026-05-18 17:10:28,110,149936.0,14367.0,109.0,0.0,0.0,0.0,572.0,52.0,2.0,3.8416384e+07,1.168355328e+09,1038.06,26.0,53992.0,0.0,53992.0,53992.0,11.0,0.0,0.0
2026-05-18 17:10:40,110,149936.0,14367.0,109.0,0.0,0.0,0.0,572.0,52.0,2.0,3.8416384e+07,1.168355328e+09,1039.91,29.0,54091.0,0.0,54090.0,54090.0,11.0,0.0,0.0
2026-05-18 17:10:52,111,150290.0,14367.0,109.0,0.0,0.0,0.0,573.0,52.0,2.0,3.8416384e+07,1.168355328e+09,1041.69,27.0,54188.0,0.0,54188.0,54188.0,11.0,0.0,0.0
2026-05-18 17:11:04,111,150794.0,14367.0,109.0,0.0,0.0,0.0,574.0,52.0,2.0,3.8416384e+07,1.168355328e+09,1043.65,26.0,54285.0,0.0,54285.0,54285.0,11.0,0.0,0.0
2026-05-18 17:11:16,111,150794.0,14367.0,109.0,0.0,0.0,0.0,574.0,52.0,2.0,3.8416384e+07,1.168355328e+09,1045.59,26.0,54385.0,0.0,54385.0,54385.0,11.0,0.0,0.0
2026-05-18 17:11:28,111,151298.0,14367.0,109.0,0.0,0.0,0.0,575.0,52.0,2.0,3.8416384e+07,1.168355328e+09,1047.53,26.0,54484.0,0.0,54484.0,54484.0,11.0,0.0,0.0
2026-05-18 17:11:40,111,151298.0,14367.0,109.0,0.0,0.0,0.0,575.0,52.0,2.0,3.8416384e+07,1.168355328e+09,1049.47,26.0,54582.0,0.0,54582.0,54582.0,11.0,0.0,0.0
2026-05-18 17:11:53,112,151802.0,14367.0,109.0,0.0,0.0,0.0,576.0,52.0,2.0,3.8416384e+07,1.168355328e+09,1051.47,29.0,54683.0,0.0,54682.0,54682.0,11.0,0.0,0.0
2026-05-18 17:12:05,112,152066.0,14367.0,109.0,0.0,0.0,0.0,577.0,52.0,2.0,3.8416384e+07,1.168355328e+09,1053.37,26.0,54782.0,0.0,54782.0,54782.0,11.0,0.0,0.0
2026-05-18 17:12:17,112,152570.0,14367.0,109.0,0.0,0.0,0.0,578.0,52.0,2.0,3.8416384e+07,1.168355328e+09,1055.25,29.0,54882.0,0.0,54881.0,54881.0,11.0,0.0,0.0
2026-05-18 17:12:29,112,152570.0,14367.0,109.0,0.0,0.0,0.0,578.0,52.0,2.0,3.8416384e+07,1.168355328e+09,1057.1699999999998,26.0,54980.0,0.0,54980.0,54980.0,11.0,0.0,0.0
2026-05-18 17:12:41,112,153074.0,14367.0,109.0,0.0,0.0,0.0,579.0,52.0,2.0,3.8416384e+07,1.168355328e+09,1059.1599999999999,29.0,55079.0,0.0,55078.0,55078.0,11.0,0.0,0.0
2026-05-18 17:12:53,113,153074.0,14367.0,109.0,0.0,0.0,0.0,579.0,52.0,2.0,3.8416384e+07,1.168355328e+09,1061.03,26.0,55178.0,0.0,55178.0,55178.0,11.0,0.0,0.0
2026-05-18 17:13:05,113,153578.0,14367.0,109.0,0.0,0.0,0.0,580.0,52.0,2.0,3.8416384e+07,1.168355328e+09,1062.9,26.0,55277.0,0.0,55277.0,55277.0,11.0,0.0,0.0
2026-05-18 17:13:17,113,154082.0,14367.0,109.0,0.0,0.0,0.0,581.0,52.0,2.0,3.8416384e+07,1.168355328e+09,1064.79,26.0,55376.0,0.0,55376.0,55376.0,11.0,0.0,0.0
2026-05-18 17:13:29,113,154082.0,14367.0,109.0,0.0,0.0,0.0,581.0,52.0,2.0,3.8416384e+07,1.168355328e+09,1066.78,26.0,55475.0,0.0,55475.0,55475.0,11.0,0.0,0.0
2026-05-18 17:13:42,114,154586.0,14367.0,109.0,0.0,0.0,0.0,582.0,52.0,2.0,3.8416384e+07,1.168355328e+09,1068.79,26.0,55575.0,0.0,55575.0,55575.0,11.0,0.0,0.0
2026-05-18 17:13:54,114,154586.0,14367.0,109.0,0.0,0.0,0.0,582.0,52.0,2.0,3.8416384e+07,1.168355328e+09,1070.63,26.0,55673.0,0.0,55673.0,55673.0,11.0,0.0,0.0
2026-05-18 17:14:06,114,155090.0,14367.0,109.0,0.0,0.0,0.0,583.0,52.0,2.0,3.8416384e+07,1.168355328e+09,1072.51,26.0,55771.0,0.0,55771.0,55771.0,11.0,0.0,0.0
2026-05-18 17:14:18,114,155090.0,14871.0,109.0,0.0,0.0,0.0,583.0,53.0,2.0,3.8416384e+07,1.168355328e+09,1074.43,26.0,55869.0,0.0,55869.0,55869.0,11.0,0.0,0.0
2026-05-18 17:14:30,114,155090.0,14871.0,109.0,0.0,0.0,0.0,583.0,53.0,2.0,3.8416384e+07,1.168355328e+09,1076.29,26.0,55966.0,0.0,55966.0,55966.0,11.0,0.0,0.0
2026-05-18 17:14:42,115,155594.0,14871.0,109.0,0.0,0.0,0.0,584.0,53.0,2.0,3.8416384e+07,1.168355328e+09,1078.26,26.0,56066.0,0.0,56066.0,56066.0,11.0,0.0,0.0
2026-05-18 17:14:54,115,155594.0,14871.0,109.0,0.0,0.0,0.0,584.0,53.0,2.0,3.8416384e+07,1.168355328e+09,1080.13,29.0,56165.0,0.0,56164.0,56164.0,11.0,0.0,0.0
2026-05-18 17:15:06,115,156008.0,14871.0,109.0,0.0,0.0,0.0,585.0,53.0,2.0,3.8416384e+07,1.168355328e+09,1081.91,26.0,56263.0,0.0,56263.0,56263.0,11.0,0.0,0.0
2026-05-18 17:15:18,115,156512.0,14871.0,109.0,0.0,0.0,0.0,586.0,53.0,2.0,3.8416384e+07,1.168355328e+09,1083.8700000000001,26.0,56362.0,0.0,56362.0,56362.0,11.0,0.0,0.0
2026-05-18 17:15:31,115,156512.0,14871.0,109.0,0.0,0.0,0.0,586.0,53.0,2.0,3.8416384e+07,1.168355328e+09,1085.73,26.0,56461.0,0.0,56461.0,56461.0,11.0,0.0,0.0
2026-05-18 17:15:43,116,157016.0,14871.0,109.0,0.0,0.0,0.0,587.0,53.0,2.0,3.8416384e+07,1.168355328e+09,1087.73,26.0,56560.0,0.0,56560.0,56560.0,11.0,0.0,0.0
2026-05-18 17:15:55,116,157016.0,14871.0,109.0,0.0,0.0,0.0,587.0,53.0,2.0,3.8416384e+07,1.168355328e+09,1089.67,26.0,56660.0,0.0,56660.0,56660.0,11.0,0.0,0.0
2026-05-18 17:16:07,116,157520.0,14871.0,109.0,0.0,0.0,0.0,588.0,53.0,2.0,3.8416384e+07,1.168355328e+09,1091.51,26.0,56759.0,0.0,56759.0,56759.0,11.0,0.0,0.0
2026-05-18 17:16:19,116,158024.0,14871.0,109.0,0.0,0.0,0.0,589.0,53.0,2.0,3.8416384e+07,1.168355328e+09,1093.38,26.0,56859.0,0.0,56859.0,56859.0,11.0,0.0,0.0
2026-05-18 17:16:31,116,158024.0,14871.0,109.0,0.0,0.0,0.0,589.0,53.0,2.0,3.8416384e+07,1.168355328e+09,1095.32,29.0,56956.0,0.0,56955.0,56955.0,11.0,0.0,0.0
2026-05-18 17:16:43,117,158381.0,14871.0,109.0,0.0,0.0,0.0,590.0,53.0,2.0,3.8416384e+07,1.168355328e+09,1097.27,26.0,57054.0,0.0,57054.0,57054.0,11.0,0.0,0.0
2026-05-18 17:16:55,117,158885.0,14871.0,109.0,0.0,0.0,0.0,591.0,53.0,2.0,3.8416384e+07,1.168355328e+09,1099.11,28.0,57153.0,0.0,57152.0,57152.0,11.0,0.0,0.0
2026-05-18 17:17:08,117,158885.0,14871.0,109.0,0.0,0.0,0.0,591.0,53.0,2.0,3.8416384e+07,1.168355328e+09,1100.97,26.0,57251.0,0.0,57251.0,57251.0,11.0,0.0,0.0
2026-05-18 17:17:20,117,159389.0,14871.0,109.0,0.0,0.0,0.0,592.0,53.0,2.0,3.8416384e+07,1.168355328e+09,1102.86,26.0,57349.0,0.0,57349.0,57349.0,11.0,0.0,0.0
2026-05-18 17:17:32,117,159389.0,14871.0,109.0,0.0,0.0,0.0,592.0,53.0,2.0,3.8416384e+07,1.168355328e+09,1104.89,29.0,57450.0,0.0,57449.0,57449.0,11.0,0.0,0.0
2026-05-18 17:17:44,118,159863.0,14871.0,109.0,0.0,0.0,0.0,593.0,53.0,2.0,3.8416384e+07,1.168355328e+09,1106.84,29.0,57550.0,0.0,57549.0,57549.0,11.0,0.0,0.0
2026-05-18 17:17:56,118,160163.0,14871.0,109.0,0.0,0.0,0.0,594.0,53.0,2.0,3.8416384e+07,1.168355328e+09,1108.8,29.0,57648.0,0.0,57647.0,57647.0,11.0,0.0,0.0
2026-05-18 17:18:08,118,160163.0,15165.0,109.0,0.0,0.0,0.0,594.0,54.0,2.0,3.8416384e+07,1.168355328e+09,1110.81,26.0,57747.0,0.0,57747.0,57747.0,11.0,0.0,0.0
2026-05-18 17:18:21,118,160667.0,15165.0,109.0,0.0,0.0,0.0,595.0,54.0,2.0,3.8416384e+07,1.168355328e+09,1112.74,26.0,57845.0,0.0,57845.0,57845.0,11.0,0.0,0.0
2026-05-18 17:18:33,118,160667.0,15165.0,109.0,0.0,0.0,0.0,595.0,54.0,2.0,3.8416384e+07,1.168355328e+09,1114.74,26.0,57943.0,0.0,57943.0,57943.0,11.0,0.0,0.0
2026-05-18 17:18:45,119,161171.0,15165.0,109.0,0.0,0.0,0.0,596.0,54.0,2.0,3.8416384e+07,1.168355328e+09,1116.7,26.0,58042.0,0.0,58042.0,58042.0,11.0,0.0,0.0
2026-05-18 17:18:57,119,161171.0,15165.0,109.0,0.0,0.0,0.0,596.0,54.0,2.0,3.8416384e+07,1.168355328e+09,1118.65,26.0,58139.0,0.0,58139.0,58139.0,11.0,0.0,0.0
2026-05-18 17:19:09,119,161672.0,15165.0,109.0,0.0,0.0,0.0,597.0,54.0,2.0,3.8416384e+07,1.168355328e+09,1120.56,26.0,58238.0,0.0,58238.0,58238.0,11.0,0.0,0.0
2026-05-18 17:19:21,119,162170.0,15165.0,109.0,0.0,0.0,0.0,598.0,54.0,2.0,3.8416384e+07,1.168355328e+09,1122.52,26.0,58338.0,0.0,58338.0,58338.0,11.0,0.0,0.0
2026-05-18 17:19:33,119,162170.0,15165.0,109.0,0.0,0.0,0.0,598.0,54.0,2.0,3.8416384e+07,1.168355328e+09,1124.3999999999999,26.0,58437.0,0.0,58437.0,58437.0,11.0,0.0,0.0
2026-05-18 17:19:46,120,162671.0,15165.0,109.0,0.0,0.0,0.0,599.0,54.0,2.0,3.8416384e+07,1.168355328e+09,1126.39,26.0,58537.0,0.0,58537.0,58537.0,11.0,0.0,0.0
2026-05-18 17:19:58,120,162671.0,15165.0,109.0,0.0,0.0,0.0,599.0,54.0,2.0,3.8416384e+07,1.168355328e+09,1128.37,26.0,58636.0,0.0,58636.0,58636.0,11.0,0.0,0.0
2026-05-18 17:20:10,120,163175.0,15165.0,109.0,0.0,0.0,0.0,600.0,54.0,2.0,3.8416384e+07,1.168355328e+09,1130.29,29.0,58735.0,0.0,58734.0,58734.0,11.0,0.0,0.0
2026-05-18 17:20:22,120,163418.0,15165.0,109.0,0.0,0.0,0.0,601.0,54.0,2.0,3.8416384e+07,1.168355328e+09,1132.2099999999998,26.0,58835.0,0.0,58835.0,58835.0,11.0,0.0,0.0
2026-05-18 17:20:34,120,163922.0,15165.0,109.0,0.0,0.0,0.0,602.0,54.0,2.0,3.8416384e+07,1.168355328e+09,1134.09,26.0,58933.0,0.0,58933.0,58933.0,11.0,0.0,0.0
2026-05-18 17:20:46,121,163922.0,15165.0,109.0,0.0,0.0,0.0,602.0,54.0,2.0,3.8416384e+07,1.168355328e+09,1136.0900000000001,29.0,59033.0,0.0,59032.0,59032.0,11.0,0.0,0.0
2026-05-18 17:20:58,121,164312.0,15165.0,109.0,0.0,0.0,0.0,603.0,54.0,2.0,3.8416384e+07,1.168355328e+09,1137.94,26.0,59131.0,0.0,59131.0,59131.0,11.0,0.0,0.0
2026-05-18 17:21:11,121,164816.0,15165.0,109.0,0.0,0.0,0.0,604.0,54.0,2.0,3.8416384e+07,1.168355328e+09,1139.8600000000001,29.0,59231.0,0.0,59230.0,59230.0,11.0,0.0,0.0
2026-05-18 17:21:23,121,164816.0,15165.0,109.0,0.0,0.0,0.0,604.0,54.0,2.0,3.8416384e+07,1.168355328e+09,1141.81,26.0,59330.0,0.0,59330.0,59330.0,11.0,0.0,0.0
2026-05-18 17:21:35,121,165320.0,15165.0,109.0,0.0,0.0,0.0,605.0,54.0,2.0,3.8416384e+07,1.168355328e+09,1143.75,26.0,59430.0,0.0,59430.0,59430.0,11.0,0.0,0.0
2026-05-18 17:21:47,122,165320.0,15165.0,109.0,0.0,0.0,0.0,605.0,54.0,2.0,3.8416384e+07,1.168355328e+09,1145.65,26.0,59529.0,0.0,59529.0,59529.0,11.0,0.0,0.0
2026-05-18 17:21:59,122,165320.0,15675.0,109.0,0.0,0.0,0.0,605.0,55.0,2.0,3.8416384e+07,1.168355328e+09,1147.5200000000002,26.0,59627.0,0.0,59627.0,59627.0,11.0,0.0,0.0
2026-05-18 17:22:11,122,165824.0,15675.0,109.0,0.0,0.0,0.0,606.0,55.0,2.0,3.8416384e+07,1.168355328e+09,1149.33,26.0,59726.0,0.0,59726.0,59726.0,11.0,0.0,0.0
2026-05-18 17:22:23,122,165824.0,15675.0,109.0,0.0,0.0,0.0,606.0,55.0,2.0,3.8416384e+07,1.168355328e+09,1151.24,29.0,59824.0,0.0,59823.0,59823.0,11.0,0.0,0.0
2026-05-18 17:22:35,122,166181.0,15675.0,109.0,0.0,0.0,0.0,607.0,55.0,2.0,3.8416384e+07,1.168355328e+09,1153.15,29.0,59923.0,0.0,59922.0,59922.0,11.0,0.0,0.0
2026-05-18 17:22:47,123,166478.0,15675.0,109.0,0.0,0.0,0.0,608.0,55.0,2.0,3.8416384e+07,1.168355328e+09,1155.0600000000002,29.0,60021.0,0.0,60020.0,60020.0,11.0,0.0,0.0
2026-05-18 17:22:59,123,166772.0,15675.0,109.0,0.0,0.0,0.0,609.0,55.0,2.0,3.8416384e+07,1.168355328e+09,1156.85,26.0,60118.0,0.0,60118.0,60118.0,11.0,0.0,0.0
2026-05-18 17:23:11,123,167276.0,15675.0,109.0,0.0,0.0,0.0,610.0,55.0,2.0,3.8416384e+07,1.168355328e+09,1158.76,27.0,60217.0,0.0,60216.0,60216.0,11.0,0.0,0.0
2026-05-18 17:23:23,123,167276.0,15675.0,109.0,0.0,0.0,0.0,610.0,55.0,2.0,3.8416384e+07,1.168355328e+09,1160.6499999999999,26.0,60316.0,0.0,60316.0,60316.0,11.0,0.0,0.0
2026-05-18 17:23:35,123,167780.0,15675.0,109.0,0.0,0.0,0.0,611.0,55.0,2.0,3.8416384e+07,1.168355328e+09,1162.5900000000001,29.0,60416.0,0.0,60415.0,60415.0,11.0,0.0,0.0
2026-05-18 17:23:48,124,167780.0,15675.0,109.0,0.0,0.0,0.0,611.0,55.0,2.0,3.8416384e+07,1.168355328e+09,1164.52,26.0,60515.0,0.0,60515.0,60515.0,11.0,0.0,0.0
2026-05-18 17:24:00,124,168284.0,15675.0,109.0,0.0,0.0,0.0,612.0,55.0,2.0,3.8416384e+07,1.168355328e+09,1166.3,26.0,60614.0,0.0,60614.0,60614.0,11.0,0.0,0.0
2026-05-18 17:24:12,124,168788.0,15675.0,109.0,0.0,0.0,0.0,613.0,55.0,2.0,3.8416384e+07,1.168355328e+09,1168.2399999999998,26.0,60713.0,0.0,60713.0,60713.0,11.0,0.0,0.0
2026-05-18 17:24:24,124,168788.0,15675.0,109.0,0.0,0.0,0.0,613.0,55.0,2.0,3.8416384e+07,1.168355328e+09,1170.07,26.0,60813.0,0.0,60813.0,60813.0,11.0,0.0,0.0
2026-05-18 17:24:36,124,169292.0,15675.0,109.0,0.0,0.0,0.0,614.0,55.0,2.0,3.8416384e+07,1.168355328e+09,1171.9699999999998,26.0,60912.0,0.0,60912.0,60912.0,11.0,0.0,0.0
2026-05-18 17:24:48,125,169292.0,15675.0,109.0,0.0,0.0,0.0,614.0,55.0,2.0,3.8416384e+07,1.168355328e+09,1173.86,26.0,61011.0,0.0,61011.0,61011.0,11.0,0.0,0.0
2026-05-18 17:25:00,125,169796.0,15675.0,109.0,0.0,0.0,0.0,615.0,55.0,2.0,3.8416384e+07,1.168355328e+09,1175.8400000000001,26.0,61109.0,0.0,61109.0,61109.0,11.0,0.0,0.0
2026-05-18 17:25:12,125,170300.0,15675.0,109.0,0.0,0.0,0.0,616.0,55.0,2.0,3.8416384e+07,1.168355328e+09,1177.7,29.0,61211.0,0.0,61210.0,61210.0,11.0,0.0,0.0
2026-05-18 17:25:24,125,170300.0,15675.0,109.0,0.0,0.0,0.0,616.0,55.0,2.0,3.8416384e+07,1.168355328e+09,1179.69,29.0,61311.0,0.0,61310.0,61310.0,11.0,0.0,0.0
2026-05-18 17:25:36,125,170300.0,16017.0,109.0,0.0,0.0,0.0,616.0,56.0,2.0,3.8416384e+07,1.168355328e+09,1181.6799999999998,26.0,61410.0,0.0,61410.0,61410.0,11.0,0.0,0.0
2026-05-18 17:25:48,126,170804.0,16017.0,109.0,0.0,0.0,0.0,617.0,56.0,2.0,3.8416384e+07,1.168355328e+09,1183.57,27.0,61508.0,0.0,61507.0,61507.0,11.0,0.0,0.0
2026-05-18 17:26:00,126,170804.0,16017.0,109.0,0.0,0.0,0.0,617.0,56.0,2.0,3.8416384e+07,1.168355328e+09,1185.3799999999999,26.0,61606.0,0.0,61606.0,61606.0,11.0,0.0,0.0
2026-05-18 17:26:12,126,171308.0,16017.0,109.0,0.0,0.0,0.0,618.0,56.0,2.0,3.8416384e+07,1.168355328e+09,1187.22,29.0,61706.0,0.0,61705.0,61705.0,11.0,0.0,0.0
2026-05-18 17:26:25,126,171308.0,16017.0,109.0,0.0,0.0,0.0,618.0,56.0,2.0,3.8416384e+07,1.168355328e+09,1189.1499999999999,26.0,61804.0,0.0,61804.0,61804.0,11.0,0.0,0.0
2026-05-18 17:26:36,126,171809.0,16017.0,109.0,0.0,0.0,0.0,619.0,56.0,2.0,3.8416384e+07,1.168355328e+09,1190.98,26.0,61903.0,0.0,61903.0,61903.0,11.0,0.0,0.0
2026-05-18 17:26:48,127,172310.0,16017.0,109.0,0.0,0.0,0.0,620.0,56.0,2.0,3.8416384e+07,1.168355328e+09,1192.9299999999998,26.0,62003.0,0.0,62003.0,62003.0,11.0,0.0,0.0
2026-05-18 17:27:01,127,172310.0,16017.0,109.0,0.0,0.0,0.0,620.0,56.0,2.0,3.8416384e+07,1.168355328e+09,1194.8700000000001,26.0,62103.0,0.0,62103.0,62103.0,11.0,0.0,0.0
2026-05-18 17:27:13,127,172811.0,16017.0,109.0,0.0,0.0,0.0,621.0,56.0,2.0,3.8416384e+07,1.168355328e+09,1196.83,26.0,62200.0,0.0,62200.0,62200.0,11.0,0.0,0.0
2026-05-18 17:27:25,127,172811.0,16017.0,109.0,0.0,0.0,0.0,621.0,56.0,2.0,3.8416384e+07,1.168355328e+09,1198.72,27.0,62300.0,0.0,62299.0,62299.0,11.0,0.0,0.0
2026-05-18 17:27:37,127,173261.0,16017.0,109.0,0.0,0.0,0.0,622.0,56.0,2.0,3.8416384e+07,1.168355328e+09,1200.64,26.0,62400.0,0.0,62400.0,62400.0,11.0,0.0,0.0
2026-05-18 17:27:49,128,173765.0,16017.0,109.0,0.0,0.0,0.0,623.0,56.0,2.0,3.8416384e+07,1.168355328e+09,1202.5,26.0,62498.0,0.0,62498.0,62498.0,11.0,0.0,0.0
2026-05-18 17:28:01,128,173765.0,16017.0,109.0,0.0,0.0,0.0,623.0,56.0,2.0,3.8416384e+07,1.168355328e+09,1204.41,26.0,62598.0,0.0,62598.0,62598.0,11.0,0.0,0.0
2026-05-18 17:28:13,128,174269.0,16017.0,109.0,0.0,0.0,0.0,624.0,56.0,2.0,3.8416384e+07,1.168355328e+09,1206.31,27.0,62696.0,0.0,62695.0,62695.0,11.0,0.0,0.0
2026-05-18 17:28:25,128,174269.0,16017.0,109.0,0.0,0.0,0.0,624.0,56.0,2.0,3.8416384e+07,1.168355328e+09,1208.2,29.0,62795.0,0.0,62794.0,62794.0,11.0,0.0,0.0
2026-05-18 17:28:37,128,174746.0,16017.0,109.0,0.0,0.0,0.0,625.0,56.0,2.0,3.8416384e+07,1.168355328e+09,1210.1599999999999,26.0,62893.0,0.0,62893.0,62893.0,11.0,0.0,0.0
2026-05-18 17:28:49,129,175250.0,16017.0,109.0,0.0,0.0,0.0,626.0,56.0,2.0,3.8416384e+07,1.168355328e+09,1212.02,26.0,62992.0,0.0,62992.0,62992.0,11.0,0.0,0.0
2026-05-18 17:29:01,129,175250.0,16017.0,109.0,0.0,0.0,0.0,626.0,56.0,2.0,3.8416384e+07,1.168355328e+09,1214.02,26.0,63092.0,0.0,63092.0,63092.0,11.0,0.0,0.0
2026-05-18 17:29:13,129,175751.0,16017.0,109.0,0.0,0.0,0.0,627.0,56.0,2.0,3.8416384e+07,1.168355328e+09,1215.78,29.0,63191.0,0.0,63190.0,63190.0,11.0,0.0,0.0
2026-05-18 17:29:25,129,175751.0,16017.0,109.0,0.0,0.0,0.0,627.0,56.0,2.0,3.8416384e+07,1.168355328e+09,1217.6399999999999,26.0,63288.0,0.0,63288.0,63288.0,11.0,0.0,0.0
2026-05-18 17:29:37,129,175751.0,16527.0,109.0,0.0,0.0,0.0,627.0,57.0,2.0,3.8416384e+07,1.168355328e+09,1219.52,26.0,63387.0,0.0,63387.0,63387.0,11.0,0.0,0.0
2026-05-18 17:29:49,130,176255.0,16527.0,109.0,0.0,0.0,0.0,628.0,57.0,2.0,3.8416384e+07,1.168355328e+09,1221.3400000000001,26.0,63485.0,0.0,63485.0,63485.0,11.0,0.0,0.0
2026-05-18 17:30:01,130,176255.0,16527.0,109.0,0.0,0.0,0.0,628.0,57.0,2.0,3.8416384e+07,1.168355328e+09,1223.16,27.0,63585.0,0.0,63584.0,63584.0,11.0,0.0,0.0
2026-05-18 17:30:13,130,176759.0,16527.0,109.0,0.0,0.0,0.0,629.0,57.0,2.0,3.8416384e+07,1.168355328e+09,1225.0100000000002,26.0,63683.0,0.0,63683.0,63683.0,11.0,0.0,0.0
2026-05-18 17:30:25,130,176759.0,16527.0,109.0,0.0,0.0,0.0,629.0,57.0,2.0,3.8416384e+07,1.168355328e+09,1226.8,26.0,63782.0,0.0,63782.0,63782.0,11.0,0.0,0.0
2026-05-18 17:30:37,130,177263.0,16527.0,109.0,0.0,0.0,0.0,630.0,57.0,2.0,3.8416384e+07,1.168355328e+09,1228.7900000000002,26.0,63883.0,0.0,63883.0,63883.0,11.0,0.0,0.0
2026-05-18 17:30:49,131,177764.0,16527.0,109.0,0.0,0.0,0.0,631.0,57.0,2.0,3.8416384e+07,1.168355328e+09,1230.72,29.0,63983.0,0.0,63982.0,63982.0,11.0,0.0,0.0
2026-05-18 17:31:01,131,177764.0,16527.0,109.0,0.0,0.0,0.0,631.0,57.0,2.0,3.8416384e+07,1.168355328e+09,1232.67,26.0,64082.0,0.0,64082.0,64082.0,11.0,0.0,0.0
2026-05-18 17:31:13,131,178262.0,16527.0,109.0,0.0,0.0,0.0,632.0,57.0,2.0,3.8416384e+07,1.168355328e+09,1234.48,26.0,64181.0,0.0,64181.0,64181.0,11.0,0.0,0.0
2026-05-18 17:31:25,131,178262.0,16527.0,109.0,0.0,0.0,0.0,632.0,57.0,2.0,3.8416384e+07,1.168355328e+09,1236.3600000000001,29.0,64280.0,0.0,64279.0,64279.0,11.0,0.0,0.0
2026-05-18 17:31:37,131,178691.0,16527.0,109.0,0.0,0.0,0.0,633.0,57.0,2.0,3.8416384e+07,1.168355328e+09,1238.24,26.0,64378.0,0.0,64378.0,64378.0,11.0,0.0,0.0
2026-05-18 17:31:50,132,179195.0,16527.0,109.0,0.0,0.0,0.0,634.0,57.0,2.0,3.8416384e+07,1.168355328e+09,1240.1200000000001,26.0,64478.0,0.0,64478.0,64478.0,11.0,0.0,0.0
2026-05-18 17:32:02,132,179195.0,16527.0,109.0,0.0,0.0,0.0,634.0,57.0,2.0,3.8416384e+07,1.168355328e+09,1242.01,29.0,64576.0,0.0,64575.0,64575.0,11.0,0.0,0.0
2026-05-18 17:32:13,132,179579.0,16527.0,109.0,0.0,0.0,0.0,635.0,57.0,2.0,3.8416384e+07,1.168355328e+09,1243.95,26.0,64675.0,0.0,64675.0,64675.0,11.0,0.0,0.0
2026-05-18 17:32:26,132,180083.0,16527.0,109.0,0.0,0.0,0.0,636.0,57.0,2.0,3.8416384e+07,1.168355328e+09,1245.86,26.0,64774.0,0.0,64774.0,64774.0,11.0,0.0,0.0
2026-05-18 17:32:38,132,180083.0,16527.0,109.0,0.0,0.0,0.0,636.0,57.0,2.0,3.8416384e+07,1.168355328e+09,1247.8100000000002,26.0,64872.0,0.0,64872.0,64872.0,11.0,0.0,0.0
2026-05-18 17:32:50,133,180587.0,16527.0,109.0,0.0,0.0,0.0,637.0,57.0,2.0,3.8416384e+07,1.168355328e+09,1249.62,27.0,64970.0,0.0,64970.0,64970.0,11.0,0.0,0.0
2026-05-18 17:33:02,133,180587.0,16527.0,109.0,0.0,0.0,0.0,637.0,57.0,2.0,3.8416384e+07,1.168355328e+09,1251.51,26.0,65070.0,0.0,65070.0,65070.0,11.0,0.0,0.0
2026-05-18 17:33:14,133,181091.0,16527.0,109.0,0.0,0.0,0.0,638.0,57.0,2.0,3.8416384e+07,1.168355328e+09,1253.3899999999999,26.0,65169.0,0.0,65169.0,65169.0,11.0,0.0,0.0
2026-05-18 17:33:26,133,181091.0,17037.0,109.0,0.0,0.0,0.0,638.0,58.0,2.0,3.8416384e+07,1.168355328e+09,1255.18,26.0,65268.0,0.0,65268.0,65268.0,11.0,0.0,0.0
2026-05-18 17:33:38,133,181091.0,17037.0,109.0,0.0,0.0,0.0,638.0,58.0,2.0,3.8416384e+07,1.168355328e+09,1257.07,26.0,65367.0,0.0,65367.0,65367.0,11.0,0.0,0.0
2026-05-18 17:33:50,134,181595.0,17037.0,109.0,0.0,0.0,0.0,639.0,58.0,2.0,3.8416384e+07,1.168355328e+09,1258.93,26.0,65466.0,0.0,65466.0,65466.0,11.0,0.0,0.0
2026-05-18 17:34:02,134,181595.0,17037.0,109.0,0.0,0.0,0.0,639.0,58.0,2.0,3.8416384e+07,1.168355328e+09,1260.76,29.0,65566.0,0.0,65565.0,65565.0,11.0,0.0,0.0
2026-05-18 17:34:14,134,182045.0,17037.0,109.0,0.0,0.0,0.0,640.0,58.0,2.0,3.8416384e+07,1.168355328e+09,1262.5900000000001,29.0,65664.0,0.0,65663.0,65663.0,11.0,0.0,0.0
2026-05-18 17:34:26,134,182339.0,17037.0,109.0,0.0,0.0,0.0,641.0,58.0,2.0,3.8416384e+07,1.168355328e+09,1264.4099999999999,26.0,65762.0,0.0,65762.0,65762.0,11.0,0.0,0.0
2026-05-18 17:34:38,134,182843.0,17037.0,109.0,0.0,0.0,0.0,642.0,58.0,2.0,3.8416384e+07,1.168355328e+09,1266.3700000000001,26.0,65861.0,0.0,65861.0,65861.0,11.0,0.0,0.0
2026-05-18 17:34:50,135,182843.0,17037.0,109.0,0.0,0.0,0.0,642.0,58.0,2.0,3.8416384e+07,1.168355328e+09,1268.29,29.0,65961.0,0.0,65960.0,65960.0,11.0,0.0,0.0
2026-05-18 17:35:02,135,183230.0,17037.0,109.0,0.0,0.0,0.0,643.0,58.0,2.0,3.8416384e+07,1.168355328e+09,1270.14,26.0,66058.0,0.0,66058.0,66058.0,11.0,0.0,0.0
2026-05-18 17:35:14,135,183734.0,17037.0,109.0,0.0,0.0,0.0,644.0,58.0,2.0,3.8416384e+07,1.168355328e+09,1271.8899999999999,26.0,66159.0,0.0,66159.0,66159.0,11.0,0.0,0.0
2026-05-18 17:35:27,135,183734.0,17037.0,109.0,0.0,0.0,0.0,644.0,58.0,2.0,3.8416384e+07,1.168355328e+09,1273.8600000000001,26.0,66259.0,0.0,66259.0,66259.0,11.0,0.0,0.0
2026-05-18 17:35:39,135,184235.0,17037.0,109.0,0.0,0.0,0.0,645.0,58.0,2.0,3.8416384e+07,1.168355328e+09,1275.85,26.0,66359.0,0.0,66359.0,66359.0,11.0,0.0,0.0
2026-05-18 17:35:51,136,184235.0,17037.0,109.0,0.0,0.0,0.0,645.0,58.0,2.0,3.8416384e+07,1.168355328e+09,1277.64,26.0,66457.0,0.0,66457.0,66457.0,11.0,0.0,0.0
2026-05-18 17:36:03,136,184736.0,17037.0,109.0,0.0,0.0,0.0,646.0,58.0,2.0,3.8416384e+07,1.168355328e+09,1279.5300000000002,26.0,66556.0,0.0,66556.0,66556.0,11.0,0.0,0.0
2026-05-18 17:36:15,136,185240.0,17037.0,109.0,0.0,0.0,0.0,647.0,58.0,2.0,3.8416384e+07,1.168355328e+09,1281.46,26.0,66655.0,0.0,66655.0,66655.0,11.0,0.0,0.0
2026-05-18 17:36:27,136,185240.0,17037.0,109.0,0.0,0.0,0.0,647.0,58.0,2.0,3.8416384e+07,1.168355328e+09,1283.3200000000002,29.0,66756.0,0.0,66755.0,66755.0,11.0,0.0,0.0
2026-05-18 17:36:39,136,185612.0,17037.0,109.0,0.0,0.0,0.0,648.0,58.0,2.0,3.8416384e+07,1.168355328e+09,1285.17,26.0,66855.0,0.0,66855.0,66855.0,11.0,0.0,0.0
2026-05-18 17:36:52,137,186116.0,17037.0,109.0,0.0,0.0,0.0,649.0,58.0,2.0,3.8416384e+07,1.168355328e+09,1287.0700000000002,26.0,66954.0,0.0,66954.0,66954.0,11.0,0.0,0.0
2026-05-18 17:37:04,137,186116.0,17037.0,109.0,0.0,0.0,0.0,649.0,58.0,2.0,3.8416384e+07,1.168355328e+09,1288.98,26.0,67054.0,0.0,67054.0,67054.0,11.0,0.0,0.0
2026-05-18 17:37:16,137,186116.0,17544.0,109.0,0.0,0.0,0.0,649.0,59.0,2.0,3.8416384e+07,1.168355328e+09,1290.88,26.0,67154.0,0.0,67154.0,67154.0,11.0,0.0,0.0
2026-05-18 17:37:28,137,186116.0,17544.0,109.0,0.0,0.0,0.0,649.0,59.0,2.0,3.8416384e+07,1.168355328e+09,1292.8,26.0,67254.0,0.0,67254.0,67254.0,11.0,0.0,0.0
2026-05-18 17:37:40,137,186605.0,17544.0,109.0,0.0,0.0,0.0,650.0,59.0,2.0,3.8416384e+07,1.168355328e+09,1294.7,26.0,67353.0,0.0,67353.0,67353.0,11.0,0.0,0.0
2026-05-18 17:37:52,138,187106.0,17544.0,109.0,0.0,0.0,0.0,651.0,59.0,2.0,3.8416384e+07,1.168355328e+09,1296.51,29.0,67450.0,0.0,67449.0,67449.0,11.0,0.0,0.0
2026-05-18 17:38:04,138,187106.0,17544.0,109.0,0.0,0.0,0.0,651.0,59.0,2.0,3.8416384e+07,1.168355328e+09,1298.3400000000001,29.0,67549.0,0.0,67548.0,67548.0,11.0,0.0,0.0
2026-05-18 17:38:16,138,187487.0,17544.0,109.0,0.0,0.0,0.0,652.0,59.0,2.0,3.8416384e+07,1.168355328e+09,1300.12,26.0,67648.0,0.0,67648.0,67648.0,11.0,0.0,0.0
2026-05-18 17:38:28,138,187991.0,17544.0,109.0,0.0,0.0,0.0,653.0,59.0,2.0,3.8416384e+07,1.168355328e+09,1301.97,26.0,67746.0,0.0,67746.0,67746.0,11.0,0.0,0.0
2026-05-18 17:38:40,138,187991.0,17544.0,109.0,0.0,0.0,0.0,653.0,59.0,2.0,3.8416384e+07,1.168355328e+09,1303.83,26.0,67846.0,0.0,67846.0,67846.0,11.0,0.0,0.0
2026-05-18 17:38:52,139,188495.0,17544.0,109.0,0.0,0.0,0.0,654.0,59.0,2.0,3.8416384e+07,1.168355328e+09,1305.65,26.0,67944.0,0.0,67944.0,67944.0,11.0,0.0,0.0
2026-05-18 17:39:04,139,188495.0,17544.0,109.0,0.0,0.0,0.0,654.0,59.0,2.0,3.8416384e+07,1.168355328e+09,1307.47,26.0,68042.0,0.0,68042.0,68042.0,11.0,0.0,0.0
2026-05-18 17:39:16,139,188999.0,17544.0,109.0,0.0,0.0,0.0,655.0,59.0,2.0,3.8416384e+07,1.168355328e+09,1309.3500000000001,26.0,68142.0,0.0,68142.0,68142.0,11.0,0.0,0.0
2026-05-18 17:39:29,139,189503.0,17544.0,109.0,0.0,0.0,0.0,656.0,59.0,2.0,3.8416384e+07,1.168355328e+09,1311.16,26.0,68240.0,0.0,68240.0,68240.0,11.0,0.0,0.0
2026-05-18 17:39:40,139,189503.0,17544.0,109.0,0.0,0.0,0.0,656.0,59.0,2.0,3.8416384e+07,1.168355328e+09,1313.04,26.0,68340.0,0.0,68340.0,68340.0,11.0,0.0,0.0
2026-05-18 17:39:53,140,190007.0,17544.0,109.0,0.0,0.0,0.0,657.0,59.0,2.0,3.8416384e+07,1.168355328e+09,1314.97,27.0,68440.0,0.0,68439.0,68439.0,11.0,0.0,0.0
2026-05-18 17:40:05,140,190007.0,17544.0,109.0,0.0,0.0,0.0,657.0,59.0,2.0,3.8416384e+07,1.168355328e+09,1316.8000000000002,26.0,68539.0,0.0,68539.0,68539.0,11.0,0.0,0.0
2026-05-18 17:40:17,140,190508.0,17544.0,109.0,0.0,0.0,0.0,658.0,59.0,2.0,3.8416384e+07,1.168355328e+09,1318.69,26.0,68638.0,0.0,68638.0,68638.0,11.0,0.0,0.0
2026-05-18 17:40:29,140,191009.0,17544.0,109.0,0.0,0.0,0.0,659.0,59.0,2.0,3.8416384e+07,1.168355328e+09,1320.49,26.0,68737.0,0.0,68737.0,68737.0,11.0,0.0,0.0
2026-05-18 17:40:41,140,191009.0,17544.0,109.0,0.0,0.0,0.0,659.0,59.0,2.0,3.8416384e+07,1.168355328e+09,1322.47,26.0,68838.0,0.0,68838.0,68838.0,11.0,0.0,0.0
2026-05-18 17:40:53,141,191513.0,17544.0,109.0,0.0,0.0,0.0,660.0,59.0,2.0,3.8416384e+07,1.168355328e+09,1324.39,26.0,68939.0,0.0,68939.0,68939.0,11.0,0.0,0.0
2026-05-18 17:41:06,141,191513.0,17544.0,109.0,0.0,0.0,0.0,660.0,59.0,2.0,3.8416384e+07,1.168355328e+09,1326.33,26.0,69039.0,0.0,69039.0,69039.0,11.0,0.0,0.0
2026-05-18 17:41:18,141,191513.0,18051.0,109.0,0.0,0.0,0.0,660.0,60.0,2.0,3.8416384e+07,1.168355328e+09,1328.3,26.0,69138.0,0.0,69138.0,69138.0,11.0,0.0,0.0
2026-05-18 17:41:30,141,192017.0,18051.0,109.0,0.0,0.0,0.0,661.0,60.0,2.0,3.8416384e+07,1.168355328e+09,1330.1799999999998,26.0,69237.0,0.0,69237.0,69237.0,11.0,0.0,0.0
2026-05-18 17:41:42,142,192017.0,18051.0,109.0,0.0,0.0,0.0,661.0,60.0,2.0,3.8416384e+07,1.168355328e+09,1332.13,29.0,69336.0,0.0,69335.0,69335.0,11.0,0.0,0.0
2026-05-18 17:41:54,142,192341.0,18051.0,109.0,0.0,0.0,0.0,662.0,60.0,2.0,3.8416384e+07,1.168355328e+09,1333.9699999999998,26.0,69434.0,0.0,69434.0,69434.0,11.0,0.0,0.0
2026-05-18 17:42:06,142,192845.0,18051.0,109.0,0.0,0.0,0.0,663.0,60.0,2.0,3.8416384e+07,1.168355328e+09,1335.88,27.0,69533.0,0.0,69532.0,69532.0,11.0,0.0,0.0
2026-05-18 17:42:18,142,192845.0,18051.0,109.0,0.0,0.0,0.0,663.0,60.0,2.0,3.8416384e+07,1.168355328e+09,1337.77,26.0,69631.0,0.0,69631.0,69631.0,11.0,0.0,0.0
2026-05-18 17:42:30,142,193346.0,18051.0,109.0,0.0,0.0,0.0,664.0,60.0,2.0,3.8416384e+07,1.168355328e+09,1339.64,29.0,69731.0,0.0,69730.0,69730.0,11.0,0.0,0.0
2026-05-18 17:42:42,143,193826.0,18051.0,109.0,0.0,0.0,0.0,665.0,60.0,2.0,3.8416384e+07,1.168355328e+09,1341.65,29.0,69832.0,0.0,69831.0,69831.0,11.0,0.0,0.0
2026-05-18 17:42:55,143,193826.0,18051.0,109.0,0.0,0.0,0.0,665.0,60.0,2.0,3.8416384e+07,1.168355328e+09,1343.46,29.0,69931.0,0.0,69930.0,69930.0,11.0,0.0,0.0
2026-05-18 17:43:07,143,194123.0,18051.0,109.0,0.0,0.0,0.0,666.0,60.0,2.0,3.8416384e+07,1.168355328e+09,1345.3500000000001,26.0,70030.0,0.0,70030.0,70030.0,11.0,0.0,0.0
2026-05-18 17:43:19,143,194627.0,18051.0,109.0,0.0,0.0,0.0,667.0,60.0,2.0,3.8416384e+07,1.168355328e+09,1347.29,29.0,70130.0,0.0,70129.0,70129.0,11.0,0.0,0.0
2026-05-18 17:43:31,143,194627.0,18051.0,109.0,0.0,0.0,0.0,667.0,60.0,2.0,3.8416384e+07,1.168355328e+09,1349.25,29.0,70230.0,0.0,70229.0,70229.0,11.0,0.0,0.0
2026-05-18 17:43:43,144,195020.0,18051.0,109.0,0.0,0.0,0.0,668.0,60.0,2.0,3.8416384e+07,1.168355328e+09,1351.11,26.0,70329.0,0.0,70329.0,70329.0,11.0,0.0,0.0
2026-05-18 17:43:55,144,195524.0,18051.0,109.0,0.0,0.0,0.0,669.0,60.0,2.0,3.8416384e+07,1.168355328e+09,1353.1100000000001,29.0,70430.0,0.0,70429.0,70429.0,11.0,0.0,0.0
2026-05-18 17:44:07,144,195524.0,18051.0,109.0,0.0,0.0,0.0,669.0,60.0,2.0,3.8416384e+07,1.168355328e+09,1355.04,26.0,70529.0,0.0,70529.0,70529.0,11.0,0.0,0.0
2026-05-18 17:44:20,144,196028.0,18051.0,109.0,0.0,0.0,0.0,670.0,60.0,2.0,3.8416384e+07,1.168355328e+09,1356.96,26.0,70629.0,0.0,70629.0,70629.0,11.0,0.0,0.0
2026-05-18 17:44:32,144,196028.0,18051.0,109.0,0.0,0.0,0.0,670.0,60.0,2.0,3.8416384e+07,1.168355328e+09,1358.87,26.0,70728.0,0.0,70728.0,70728.0,11.0,0.0,0.0
2026-05-18 17:44:44,145,196517.0,18051.0,109.0,0.0,0.0,0.0,671.0,60.0,2.0,3.8416384e+07,1.168355328e+09,1360.67,26.0,70827.0,0.0,70827.0,70827.0,11.0,0.0,0.0
2026-05-18 17:44:56,145,196517.0,18555.0,109.0,0.0,0.0,0.0,671.0,61.0,2.0,3.8416384e+07,1.168355328e+09,1362.58,26.0,70926.0,0.0,70926.0,70926.0,11.0,0.0,0.0
2026-05-18 17:45:08,145,196517.0,18555.0,109.0,0.0,0.0,0.0,671.0,61.0,2.0,3.8416384e+07,1.168355328e+09,1364.44,29.0,71026.0,0.0,71025.0,71025.0,11.0,0.0,0.0
2026-05-18 17:45:20,145,196808.0,18555.0,505.0,0.0,0.0,0.0,673.0,61.0,3.0,8.3505152e+07,1.168355328e+09,1366.47,26.0,71125.0,0.0,71125.0,71125.0,11.0,0.0,0.0
2026-05-18 17:45:32,145,197108.0,18555.0,505.0,0.0,0.0,0.0,675.0,61.0,3.0,8.3505152e+07,1.168355328e+09,1368.33,29.0,71223.0,0.0,71222.0,71222.0,11.0,0.0,0.0
2026-05-18 17:45:44,146,197261.0,18555.0,505.0,0.0,0.0,0.0,676.0,61.0,3.0,8.3505152e+07,1.168355328e+09,1370.17,29.0,71321.0,0.0,71320.0,71320.0,11.0,0.0,0.0
2026-05-18 17:45:56,146,197615.0,18555.0,505.0,0.0,0.0,0.0,678.0,61.0,3.0,8.3505152e+07,1.168355328e+09,1372.0,26.0,71420.0,0.0,71420.0,71420.0,11.0,0.0,0.0
2026-05-18 17:46:09,146,197990.0,18555.0,505.0,0.0,0.0,0.0,679.0,61.0,3.0,8.3505152e+07,1.168355328e+09,1373.95,26.0,71519.0,0.0,71519.0,71519.0,11.0,0.0,0.0
2026-05-18 17:46:21,146,197990.0,18555.0,505.0,0.0,0.0,0.0,679.0,61.0,3.0,8.3505152e+07,1.168355328e+09,1375.94,26.0,71619.0,0.0,71619.0,71619.0,11.0,0.0,0.0
2026-05-18 17:46:33,146,198368.0,18555.0,505.0,0.0,0.0,0.0,680.0,61.0,3.0,8.3505152e+07,1.168355328e+09,1377.79,26.0,71719.0,0.0,71719.0,71719.0,11.0,0.0,0.0
2026-05-18 17:46:45,147,198746.0,18555.0,505.0,0.0,0.0,0.0,681.0,61.0,3.0,8.3505152e+07,1.168355328e+09,1379.74,26.0,71819.0,0.0,71819.0,71819.0,11.0,0.0,0.0
2026-05-18 17:46:58,147,199124.0,18555.0,505.0,0.0,0.0,0.0,682.0,61.0,3.0,8.3505152e+07,1.168355328e+09,1381.74,26.0,71918.0,0.0,71918.0,71918.0,11.0,0.0,0.0
2026-05-18 17:47:10,147,199124.0,18555.0,505.0,0.0,0.0,0.0,682.0,61.0,3.0,8.3505152e+07,1.168355328e+09,1383.59,26.0,72017.0,0.0,72017.0,72017.0,11.0,0.0,0.0
2026-05-18 17:47:22,147,199124.0,18936.0,505.0,0.0,0.0,0.0,682.0,62.0,3.0,8.3505152e+07,1.168355328e+09,1385.46,27.0,72118.0,0.0,72117.0,72117.0,11.0,0.0,0.0
2026-05-18 17:47:34,147,199412.0,18936.0,505.0,0.0,0.0,0.0,683.0,62.0,3.0,8.3505152e+07,1.168355328e+09,1387.23,29.0,72217.0,0.0,72216.0,72216.0,11.0,0.0,0.0
2026-05-18 17:47:46,148,199709.0,18936.0,505.0,0.0,0.0,0.0,684.0,62.0,3.0,8.3505152e+07,1.168355328e+09,1388.95,26.0,72316.0,0.0,72316.0,72316.0,11.0,0.0,0.0
2026-05-18 17:47:58,148,200087.0,18936.0,505.0,0.0,0.0,0.0,685.0,62.0,3.0,8.3505152e+07,1.168355328e+09,1390.82,26.0,72414.0,0.0,72414.0,72414.0,11.0,0.0,0.0
2026-05-18 17:48:10,148,200465.0,18936.0,505.0,0.0,0.0,0.0,686.0,62.0,3.0,8.3505152e+07,1.168355328e+09,1392.63,26.0,72515.0,0.0,72515.0,72515.0,11.0,0.0,0.0
2026-05-18 17:48:22,148,200843.0,18936.0,505.0,0.0,0.0,0.0,687.0,62.0,3.0,8.3505152e+07,1.168355328e+09,1394.45,29.0,72615.0,0.0,72614.0,72614.0,11.0,0.0,0.0
2026-05-18 17:48:34,148,200843.0,18936.0,505.0,0.0,0.0,0.0,687.0,62.0,3.0,8.3505152e+07,1.168355328e+09,1396.3000000000002,29.0,72713.0,0.0,72712.0,72712.0,11.0,0.0,0.0
2026-05-18 17:48:46,149,201197.0,18936.0,505.0,0.0,0.0,0.0,688.0,62.0,3.0,8.337408e+07,1.168355328e+09,1398.22,26.0,72812.0,0.0,72812.0,72812.0,11.0,0.0,0.0
2026-05-18 17:48:58,149,201575.0,18936.0,505.0,0.0,0.0,0.0,689.0,62.0,3.0,8.337408e+07,1.168355328e+09,1400.1000000000001,29.0,72911.0,0.0,72910.0,72910.0,11.0,0.0,0.0
2026-05-18 17:49:10,149,201791.0,18936.0,505.0,0.0,0.0,0.0,690.0,62.0,3.0,8.337408e+07,1.168355328e+09,1401.94,27.0,73010.0,0.0,73009.0,73009.0,11.0,0.0,0.0
2026-05-18 17:49:22,149,202088.0,18936.0,505.0,0.0,0.0,0.0,691.0,62.0,3.0,8.337408e+07,1.168355328e+09,1403.77,26.0,73108.0,0.0,73108.0,73108.0,11.0,0.0,0.0
2026-05-18 17:49:34,149,202592.0,18936.0,505.0,0.0,0.0,0.0,692.0,62.0,3.0,8.337408e+07,1.168355328e+09,1405.57,26.0,73208.0,0.0,73208.0,73208.0,11.0,0.0,0.0
2026-05-18 17:49:46,150,202592.0,18936.0,505.0,0.0,0.0,0.0,692.0,62.0,3.0,8.337408e+07,1.168355328e+09,1407.42,26.0,73307.0,0.0,73307.0,73307.0,11.0,0.0,0.0
2026-05-18 17:49:59,150,203096.0,18936.0,505.0,0.0,0.0,0.0,693.0,62.0,3.0,8.337408e+07,1.168355328e+09,1409.35,26.0,73407.0,0.0,73407.0,73407.0,11.0,0.0,0.0
2026-05-18 17:50:11,150,203096.0,19416.0,505.0,0.0,0.0,0.0,693.0,63.0,3.0,8.337408e+07,1.168355328e+09,1411.17,29.0,73506.0,0.0,73505.0,73505.0,11.0,0.0,0.0
2026-05-18 17:50:23,150,203096.0,19416.0,505.0,0.0,0.0,0.0,693.0,63.0,3.0,8.337408e+07,1.168355328e+09,1413.1,26.0,73604.0,0.0,73604.0,73604.0,11.0,0.0,0.0
2026-05-18 17:50:35,150,203600.0,19416.0,505.0,0.0,0.0,0.0,694.0,63.0,3.0,8.337408e+07,1.168355328e+09,1415.01,26.0,73702.0,0.0,73702.0,73702.0,11.0,0.0,0.0
2026-05-18 17:50:47,151,203600.0,19416.0,505.0,0.0,0.0,0.0,694.0,63.0,3.0,8.337408e+07,1.168355328e+09,1417.02,26.0,73804.0,0.0,73804.0,73804.0,11.0,0.0,0.0
2026-05-18 17:50:59,151,204101.0,19416.0,505.0,0.0,0.0,0.0,695.0,63.0,3.0,8.337408e+07,1.168355328e+09,1418.88,26.0,73902.0,0.0,73902.0,73902.0,11.0,0.0,0.0
2026-05-18 17:51:11,151,204101.0,19416.0,505.0,0.0,0.0,0.0,695.0,63.0,3.0,8.337408e+07,1.168355328e+09,1420.82,26.0,74002.0,0.0,74002.0,74002.0,11.0,0.0,0.0
2026-05-18 17:51:23,151,204599.0,19416.0,505.0,0.0,0.0,0.0,696.0,63.0,3.0,8.337408e+07,1.168355328e+09,1422.8000000000002,26.0,74102.0,0.0,74102.0,74102.0,11.0,0.0,0.0
2026-05-18 17:51:35,151,205100.0,19416.0,505.0,0.0,0.0,0.0,697.0,63.0,3.0,8.337408e+07,1.168355328e+09,1424.6699999999998,26.0,74201.0,0.0,74201.0,74201.0,11.0,0.0,0.0
2026-05-18 17:51:47,152,205100.0,19416.0,505.0,0.0,0.0,0.0,697.0,63.0,3.0,8.337408e+07,1.168355328e+09,1426.6200000000001,26.0,74301.0,0.0,74301.0,74301.0,11.0,0.0,0.0
2026-05-18 17:51:59,152,205601.0,19416.0,505.0,0.0,0.0,0.0,698.0,63.0,3.0,8.337408e+07,1.168355328e+09,1428.49,26.0,74399.0,0.0,74399.0,74399.0,11.0,0.0,0.0
2026-05-18 17:52:11,152,205601.0,19416.0,505.0,0.0,0.0,0.0,698.0,63.0,3.0,8.337408e+07,1.168355328e+09,1430.3300000000002,26.0,74497.0,0.0,74497.0,74497.0,11.0,0.0,0.0
2026-05-18 17:52:23,152,206102.0,19416.0,505.0,0.0,0.0,0.0,699.0,63.0,3.0,8.337408e+07,1.168355328e+09,1432.21,26.0,74595.0,0.0,74595.0,74595.0,11.0,0.0,0.0
2026-05-18 17:52:35,152,206606.0,19416.0,505.0,0.0,0.0,0.0,700.0,63.0,3.0,8.337408e+07,1.168355328e+09,1434.07,26.0,74692.0,0.0,74692.0,74692.0,11.0,0.0,0.0
2026-05-18 17:52:47,153,206606.0,19416.0,505.0,0.0,0.0,0.0,700.0,63.0,3.0,8.337408e+07,1.168355328e+09,1435.9499999999998,28.0,74791.0,0.0,74791.0,74791.0,11.0,0.0,0.0
2026-05-18 17:52:59,153,207110.0,19416.0,505.0,0.0,0.0,0.0,701.0,63.0,3.0,8.337408e+07,1.168355328e+09,1437.82,29.0,74889.0,0.0,74888.0,74888.0,11.0,0.0,0.0
2026-05-18 17:53:11,153,207110.0,19416.0,505.0,0.0,0.0,0.0,701.0,63.0,3.0,8.337408e+07,1.168355328e+09,1439.75,29.0,74988.0,0.0,74987.0,74987.0,11.0,0.0,0.0
2026-05-18 17:53:23,153,207533.0,19416.0,505.0,0.0,0.0,0.0,702.0,63.0,3.0,8.337408e+07,1.168355328e+09,1441.6200000000001,26.0,75086.0,0.0,75086.0,75086.0,11.0,0.0,0.0
2026-05-18 17:53:35,153,208037.0,19416.0,505.0,0.0,0.0,0.0,703.0,63.0,3.0,8.337408e+07,1.168355328e+09,1443.54,26.0,75186.0,0.0,75186.0,75186.0,11.0,0.0,0.0
2026-05-18 17:53:47,154,208037.0,19416.0,505.0,0.0,0.0,0.0,703.0,63.0,3.0,8.337408e+07,1.168355328e+09,1445.48,27.0,75284.0,0.0,75283.0,75283.0,11.0,0.0,0.0
2026-05-18 17:53:59,154,208421.0,19416.0,505.0,0.0,0.0,0.0,704.0,63.0,3.0,8.337408e+07,1.168355328e+09,1447.3700000000001,26.0,75382.0,0.0,75382.0,75382.0,11.0,0.0,0.0
2026-05-18 17:54:11,154,208421.0,19929.0,505.0,0.0,0.0,0.0,704.0,64.0,3.0,8.337408e+07,1.168355328e+09,1449.32,27.0,75480.0,0.0,75480.0,75480.0,11.0,0.0,0.0
2026-05-18 17:54:23,154,208421.0,19929.0,505.0,0.0,0.0,0.0,704.0,64.0,3.0,8.337408e+07,1.168355328e+09,1451.0500000000002,27.0,75579.0,0.0,75578.0,75578.0,11.0,0.0,0.0
2026-05-18 17:54:35,154,208802.0,19929.0,505.0,0.0,0.0,0.0,705.0,64.0,3.0,8.337408e+07,1.168355328e+09,1452.8799999999999,26.0,75676.0,0.0,75676.0,75676.0,11.0,0.0,0.0
2026-05-18 17:54:47,155,209306.0,19929.0,505.0,0.0,0.0,0.0,706.0,64.0,3.0,8.337408e+07,1.168355328e+09,1454.7,27.0,75775.0,0.0,75774.0,75774.0,11.0,0.0,0.0
2026-05-18 17:54:59,155,209306.0,19929.0,505.0,0.0,0.0,0.0,706.0,64.0,3.0,8.337408e+07,1.168355328e+09,1456.52,26.0,75874.0,0.0,75874.0,75874.0,11.0,0.0,0.0
2026-05-18 17:55:11,155,209810.0,19929.0,505.0,0.0,0.0,0.0,707.0,64.0,3.0,8.337408e+07,1.168355328e+09,1458.39,29.0,75973.0,0.0,75972.0,75972.0,11.0,0.0,0.0
2026-05-18 17:55:24,155,209810.0,19929.0,505.0,0.0,0.0,0.0,707.0,64.0,3.0,8.337408e+07,1.168355328e+09,1460.23,26.0,76072.0,0.0,76072.0,76072.0,11.0,0.0,0.0
2026-05-18 17:55:36,155,210311.0,19929.0,505.0,0.0,0.0,0.0,708.0,64.0,3.0,8.337408e+07,1.168355328e+09,1462.1200000000001,26.0,76171.0,0.0,76171.0,76171.0,11.0,0.0,0.0
2026-05-18 17:55:47,156,210812.0,19929.0,505.0,0.0,0.0,0.0,709.0,64.0,3.0,8.337408e+07,1.168355328e+09,1463.8799999999999,26.0,76270.0,0.0,76270.0,76270.0,11.0,0.0,0.0
2026-05-18 17:55:59,156,210812.0,19929.0,505.0,0.0,0.0,0.0,709.0,64.0,3.0,8.337408e+07,1.168355328e+09,1465.78,26.0,76367.0,0.0,76367.0,76367.0,11.0,0.0,0.0
2026-05-18 17:56:12,156,211313.0,19929.0,505.0,0.0,0.0,0.0,710.0,64.0,3.0,8.337408e+07,1.168355328e+09,1467.6599999999999,26.0,76468.0,0.0,76468.0,76468.0,11.0,0.0,0.0
2026-05-18 17:56:24,156,211313.0,19929.0,505.0,0.0,0.0,0.0,710.0,64.0,3.0,8.337408e+07,1.168355328e+09,1469.57,26.0,76567.0,0.0,76567.0,76567.0,11.0,0.0,0.0
2026-05-18 17:56:36,156,211814.0,19929.0,505.0,0.0,0.0,0.0,711.0,64.0,3.0,8.337408e+07,1.168355328e+09,1471.56,26.0,76666.0,0.0,76666.0,76666.0,11.0,0.0,0.0
2026-05-18 17:56:48,157,212318.0,19929.0,505.0,0.0,0.0,0.0,712.0,64.0,3.0,8.337408e+07,1.168355328e+09,1473.47,26.0,76765.0,0.0,76765.0,76765.0,11.0,0.0,0.0
2026-05-18 17:57:00,157,212318.0,19929.0,505.0,0.0,0.0,0.0,712.0,64.0,3.0,8.337408e+07,1.168355328e+09,1475.47,29.0,76865.0,0.0,76864.0,76864.0,11.0,0.0,0.0
2026-05-18 17:57:12,157,212654.0,19929.0,505.0,0.0,0.0,0.0,713.0,64.0,3.0,8.337408e+07,1.168355328e+09,1477.31,26.0,76964.0,0.0,76964.0,76964.0,11.0,0.0,0.0
2026-05-18 17:57:24,157,213158.0,19929.0,505.0,0.0,0.0,0.0,714.0,64.0,3.0,8.337408e+07,1.168355328e+09,1479.15,26.0,77063.0,0.0,77063.0,77063.0,11.0,0.0,0.0
2026-05-18 17:57:36,157,213158.0,19929.0,505.0,0.0,0.0,0.0,714.0,64.0,3.0,8.337408e+07,1.168355328e+09,1481.03,26.0,77163.0,0.0,77163.0,77163.0,11.0,0.0,0.0
2026-05-18 17:57:49,158,213659.0,19929.0,505.0,0.0,0.0,0.0,715.0,64.0,3.0,8.337408e+07,1.168355328e+09,1482.92,26.0,77263.0,0.0,77263.0,77263.0,11.0,0.0,0.0
2026-05-18 17:58:01,158,213659.0,19929.0,505.0,0.0,0.0,0.0,715.0,64.0,3.0,8.337408e+07,1.168355328e+09,1484.8799999999999,26.0,77363.0,0.0,77363.0,77363.0,11.0,0.0,0.0
2026-05-18 17:58:13,158,213659.0,20427.0,505.0,0.0,0.0,0.0,715.0,65.0,3.0,8.337408e+07,1.168355328e+09,1486.8,26.0,77462.0,0.0,77462.0,77462.0,11.0,0.0,0.0
2026-05-18 17:58:25,158,214160.0,20427.0,505.0,0.0,0.0,0.0,716.0,65.0,3.0,8.337408e+07,1.168355328e+09,1488.7099999999998,29.0,77561.0,0.0,77560.0,77560.0,11.0,0.0,0.0
2026-05-18 17:58:37,158,214160.0,20427.0,505.0,0.0,0.0,0.0,716.0,65.0,3.0,8.337408e+07,1.168355328e+09,1490.74,29.0,77661.0,0.0,77660.0,77660.0,11.0,0.0,0.0
2026-05-18 17:58:49,159,214550.0,20427.0,505.0,0.0,0.0,0.0,717.0,65.0,3.0,8.337408e+07,1.168355328e+09,1492.6899999999998,26.0,77759.0,0.0,77758.0,77758.0,11.0,0.0,0.0
2026-05-18 17:59:01,159,215054.0,20427.0,505.0,0.0,0.0,0.0,718.0,65.0,3.0,8.337408e+07,1.168355328e+09,1494.59,28.0,77857.0,0.0,77856.0,77856.0,11.0,0.0,0.0
2026-05-18 17:59:13,159,215054.0,20427.0,505.0,0.0,0.0,0.0,718.0,65.0,3.0,8.337408e+07,1.168355328e+09,1496.5,29.0,77955.0,0.0,77954.0,77954.0,11.0,0.0,0.0
2026-05-18 17:59:26,159,215432.0,20427.0,505.0,0.0,0.0,0.0,719.0,65.0,3.0,8.337408e+07,1.168355328e+09,1498.38,29.0,78055.0,0.0,78054.0,78054.0,11.0,0.0,0.0
2026-05-18 17:59:38,159,215732.0,20427.0,505.0,0.0,0.0,0.0,720.0,65.0,3.0,8.337408e+07,1.168355328e+09,1500.2199999999998,27.0,78155.0,0.0,78154.0,78154.0,11.0,0.0,0.0
2026-05-18 17:59:50,160,216236.0,20427.0,505.0,0.0,0.0,0.0,721.0,65.0,3.0,8.337408e+07,1.168355328e+09,1502.07,29.0,78255.0,0.0,78254.0,78254.0,11.0,0.0,0.0
2026-05-18 18:00:02,160,216236.0,20427.0,505.0,0.0,0.0,0.0,721.0,65.0,3.0,8.337408e+07,1.168355328e+09,1503.97,26.0,78355.0,0.0,78355.0,78355.0,11.0,0.0,0.0
2026-05-18 18:00:14,160,216740.0,20427.0,505.0,0.0,0.0,0.0,722.0,65.0,3.0,8.337408e+07,1.168355328e+09,1505.8,26.0,78453.0,0.0,78453.0,78453.0,11.0,0.0,0.0
2026-05-18 18:00:26,160,216740.0,20427.0,505.0,0.0,0.0,0.0,722.0,65.0,3.0,8.337408e+07,1.168355328e+09,1507.67,26.0,78553.0,0.0,78553.0,78553.0,11.0,0.0,0.0
2026-05-18 18:00:38,160,217229.0,20427.0,505.0,0.0,0.0,0.0,723.0,65.0,3.0,8.337408e+07,1.168355328e+09,1509.54,26.0,78652.0,0.0,78652.0,78652.0,11.0,0.0,0.0
2026-05-18 18:00:50,161,217730.0,20427.0,505.0,0.0,0.0,0.0,724.0,65.0,3.0,8.337408e+07,1.168355328e+09,1511.38,26.0,78752.0,0.0,78752.0,78752.0,11.0,0.0,0.0
2026-05-18 18:01:03,161,217730.0,20427.0,505.0,0.0,0.0,0.0,724.0,65.0,3.0,8.337408e+07,1.168355328e+09,1513.32,27.0,78853.0,0.0,78852.0,78852.0,11.0,0.0,0.0
2026-05-18 18:01:15,161,218126.0,20427.0,505.0,0.0,0.0,0.0,725.0,65.0,3.0,8.337408e+07,1.168355328e+09,1515.2700000000002,26.0,78952.0,0.0,78952.0,78952.0,11.0,0.0,0.0
2026-05-18 18:01:27,161,218630.0,20427.0,505.0,0.0,0.0,0.0,726.0,65.0,3.0,8.337408e+07,1.168355328e+09,1517.1,26.0,79051.0,0.0,79051.0,79051.0,11.0,0.0,0.0
2026-05-18 18:01:39,161,218630.0,20427.0,505.0,0.0,0.0,0.0,726.0,65.0,3.0,8.337408e+07,1.168355328e+09,1519.0500000000002,26.0,79151.0,0.0,79151.0,79151.0,11.0,0.0,0.0
2026-05-18 18:01:51,162,218630.0,20931.0,505.0,0.0,0.0,0.0,726.0,66.0,3.0,8.337408e+07,1.168355328e+09,1520.96,26.0,79251.0,0.0,79251.0,79251.0,11.0,0.0,0.0
2026-05-18 18:02:03,162,218630.0,20931.0,505.0,0.0,0.0,0.0,726.0,66.0,3.0,8.337408e+07,1.168355328e+09,1522.92,26.0,79349.0,0.0,79349.0,79349.0,11.0,0.0,0.0
2026-05-18 18:02:15,162,219134.0,20931.0,505.0,0.0,0.0,0.0,727.0,66.0,3.0,8.337408e+07,1.168355328e+09,1524.76,26.0,79448.0,0.0,79448.0,79448.0,11.0,0.0,0.0
2026-05-18 18:02:27,162,219635.0,20931.0,505.0,0.0,0.0,0.0,728.0,66.0,3.0,8.337408e+07,1.168355328e+09,1526.6100000000001,26.0,79549.0,0.0,79549.0,79549.0,11.0,0.0,0.0
2026-05-18 18:02:39,162,219635.0,20931.0,505.0,0.0,0.0,0.0,728.0,66.0,3.0,8.337408e+07,1.168355328e+09,1528.61,29.0,79648.0,0.0,79647.0,79647.0,11.0,0.0,0.0
2026-05-18 18:02:52,163,220004.0,20931.0,505.0,0.0,0.0,0.0,729.0,66.0,3.0,8.337408e+07,1.168355328e+09,1530.46,26.0,79747.0,0.0,79747.0,79747.0,11.0,0.0,0.0
2026-05-18 18:03:04,163,220508.0,20931.0,505.0,0.0,0.0,0.0,730.0,66.0,3.0,8.337408e+07,1.168355328e+09,1532.4299999999998,26.0,79845.0,0.0,79845.0,79845.0,11.0,0.0,0.0
2026-05-18 18:03:16,163,220508.0,20931.0,505.0,0.0,0.0,0.0,730.0,66.0,3.0,8.337408e+07,1.168355328e+09,1534.32,26.0,79946.0,0.0,79946.0,79946.0,11.0,0.0,0.0
2026-05-18 18:03:28,163,221012.0,20931.0,505.0,0.0,0.0,0.0,731.0,66.0,3.0,8.337408e+07,1.168355328e+09,1536.24,26.0,80044.0,0.0,80044.0,80044.0,11.0,0.0,0.0
2026-05-18 18:03:40,163,221012.0,20931.0,505.0,0.0,0.0,0.0,731.0,66.0,3.0,8.337408e+07,1.168355328e+09,1538.09,29.0,80143.0,0.0,80142.0,80142.0,11.0,0.0,0.0
2026-05-18 18:03:52,164,221489.0,20931.0,505.0,0.0,0.0,0.0,732.0,66.0,3.0,8.337408e+07,1.168355328e+09,1539.9199999999998,26.0,80241.0,0.0,80241.0,80241.0,11.0,0.0,0.0
2026-05-18 18:04:04,164,221993.0,20931.0,505.0,0.0,0.0,0.0,733.0,66.0,3.0,8.337408e+07,1.168355328e+09,1541.81,26.0,80340.0,0.0,80340.0,80340.0,11.0,0.0,0.0
2026-05-18 18:04:16,164,221993.0,20931.0,505.0,0.0,0.0,0.0,733.0,66.0,3.0,8.337408e+07,1.168355328e+09,1543.6499999999999,26.0,80438.0,0.0,80438.0,80438.0,11.0,0.0,0.0
2026-05-18 18:04:28,164,222497.0,20931.0,505.0,0.0,0.0,0.0,734.0,66.0,3.0,8.337408e+07,1.168355328e+09,1545.45,26.0,80536.0,0.0,80536.0,80536.0,11.0,0.0,0.0
2026-05-18 18:04:40,164,222497.0,20931.0,505.0,0.0,0.0,0.0,734.0,66.0,3.0,8.337408e+07,1.168355328e+09,1547.31,26.0,80635.0,0.0,80635.0,80635.0,11.0,0.0,0.0
2026-05-18 18:04:52,165,222998.0,20931.0,505.0,0.0,0.0,0.0,735.0,66.0,3.0,8.337408e+07,1.168355328e+09,1549.19,26.0,80732.0,0.0,80732.0,80732.0,11.0,0.0,0.0
2026-05-18 18:05:04,165,223496.0,20931.0,505.0,0.0,0.0,0.0,736.0,66.0,3.0,8.337408e+07,1.168355328e+09,1551.04,26.0,80831.0,0.0,80831.0,80831.0,11.0,0.0,0.0
2026-05-18 18:05:16,165,223496.0,20931.0,505.0,0.0,0.0,0.0,736.0,66.0,3.0,8.337408e+07,1.168355328e+09,1553.03,26.0,80931.0,0.0,80931.0,80931.0,11.0,0.0,0.0
2026-05-18 18:05:28,165,223997.0,20931.0,505.0,0.0,0.0,0.0,737.0,66.0,3.0,8.337408e+07,1.168355328e+09,1554.92,26.0,81031.0,0.0,81031.0,81031.0,11.0,0.0,0.0
2026-05-18 18:05:40,165,223997.0,20931.0,505.0,0.0,0.0,0.0,737.0,66.0,3.0,8.337408e+07,1.168355328e+09,1556.8999999999999,26.0,81130.0,0.0,81130.0,81130.0,11.0,0.0,0.0
2026-05-18 18:05:52,166,223997.0,21444.0,505.0,0.0,0.0,0.0,737.0,67.0,3.0,8.337408e+07,1.168355328e+09,1558.77,26.0,81231.0,0.0,81231.0,81231.0,11.0,0.0,0.0
2026-05-18 18:06:04,166,224501.0,21444.0,505.0,0.0,0.0,0.0,738.0,67.0,3.0,8.337408e+07,1.168355328e+09,1560.62,26.0,81330.0,0.0,81330.0,81330.0,11.0,0.0,0.0
2026-05-18 18:06:17,166,224501.0,21444.0,505.0,0.0,0.0,0.0,738.0,67.0,3.0,8.337408e+07,1.168355328e+09,1562.49,26.0,81430.0,0.0,81430.0,81430.0,11.0,0.0,0.0
2026-05-18 18:06:29,166,225005.0,21444.0,505.0,0.0,0.0,0.0,739.0,67.0,3.0,8.337408e+07,1.168355328e+09,1564.3999999999999,26.0,81528.0,0.0,81528.0,81528.0,11.0,0.0,0.0
2026-05-18 18:06:41,166,225005.0,21444.0,505.0,0.0,0.0,0.0,739.0,67.0,3.0,8.337408e+07,1.168355328e+09,1566.26,29.0,81627.0,0.0,81626.0,81626.0,11.0,0.0,0.0
2026-05-18 18:06:53,167,225431.0,21444.0,505.0,0.0,0.0,0.0,740.0,67.0,3.0,8.337408e+07,1.168355328e+09,1568.05,26.0,81726.0,0.0,81726.0,81726.0,11.0,0.0,0.0
2026-05-18 18:07:05,167,225935.0,21444.0,505.0,0.0,0.0,0.0,741.0,67.0,3.0,8.337408e+07,1.168355328e+09,1569.99,26.0,81826.0,0.0,81826.0,81826.0,11.0,0.0,0.0
2026-05-18 18:07:17,167,225935.0,21444.0,505.0,0.0,0.0,0.0,741.0,67.0,3.0,8.337408e+07,1.168355328e+09,1571.81,26.0,81925.0,0.0,81925.0,81925.0,11.0,0.0,0.0
2026-05-18 18:07:29,167,226436.0,21444.0,505.0,0.0,0.0,0.0,742.0,67.0,3.0,8.337408e+07,1.168355328e+09,1573.71,26.0,82024.0,0.0,82024.0,82024.0,11.0,0.0,0.0
2026-05-18 18:07:41,167,226436.0,21444.0,505.0,0.0,0.0,0.0,742.0,67.0,3.0,8.337408e+07,1.168355328e+09,1575.76,26.0,82125.0,0.0,82125.0,82125.0,11.0,0.0,0.0
2026-05-18 18:07:53,168,226925.0,21444.0,505.0,0.0,0.0,0.0,743.0,67.0,3.0,8.337408e+07,1.168355328e+09,1577.59,29.0,82223.0,0.0,82222.0,82222.0,11.0,0.0,0.0
2026-05-18 18:08:05,168,227216.0,21444.0,505.0,0.0,0.0,0.0,744.0,67.0,3.0,8.337408e+07,1.168355328e+09,1579.47,26.0,82322.0,0.0,82322.0,82322.0,11.0,0.0,0.0
2026-05-18 18:08:17,168,227720.0,21444.0,505.0,0.0,0.0,0.0,745.0,67.0,3.0,8.337408e+07,1.168355328e+09,1581.33,26.0,82421.0,0.0,82421.0,82421.0,11.0,0.0,0.0
2026-05-18 18:08:29,168,227720.0,21444.0,505.0,0.0,0.0,0.0,745.0,67.0,3.0,8.337408e+07,1.168355328e+09,1583.2,26.0,82519.0,0.0,82519.0,82519.0,11.0,0.0,0.0
2026-05-18 18:08:41,168,228224.0,21444.0,505.0,0.0,0.0,0.0,746.0,67.0,3.0,8.337408e+07,1.168355328e+09,1585.1599999999999,29.0,82619.0,0.0,82618.0,82618.0,11.0,0.0,0.0
2026-05-18 18:08:53,169,228224.0,21444.0,505.0,0.0,0.0,0.0,746.0,67.0,3.0,8.337408e+07,1.168355328e+09,1587.02,27.0,82719.0,0.0,82718.0,82718.0,11.0,0.0,0.0
2026-05-18 18:09:06,169,228704.0,21444.0,505.0,0.0,0.0,0.0,747.0,67.0,3.0,8.337408e+07,1.168355328e+09,1588.8799999999999,27.0,82818.0,0.0,82818.0,82818.0,11.0,0.0,0.0
2026-05-18 18:09:18,169,229208.0,21444.0,505.0,0.0,0.0,0.0,748.0,67.0,3.0,8.337408e+07,1.168355328e+09,1590.75,29.0,82917.0,0.0,82916.0,82916.0,11.0,0.0,0.0
2026-05-18 18:09:30,169,229208.0,21444.0,505.0,0.0,0.0,0.0,748.0,67.0,3.0,8.337408e+07,1.168355328e+09,1592.73,26.0,83016.0,0.0,83016.0,83016.0,11.0,0.0,0.0
2026-05-18 18:09:42,170,229208.0,21951.0,505.0,0.0,0.0,0.0,748.0,68.0,3.0,8.337408e+07,1.168355328e+09,1594.6,26.0,83116.0,0.0,83116.0,83116.0,11.0,0.0,0.0
2026-05-18 18:09:54,170,229208.0,21951.0,505.0,0.0,0.0,0.0,748.0,68.0,3.0,8.337408e+07,1.168355328e+09,1596.5300000000002,27.0,83216.0,0.0,83215.0,83215.0,11.0,0.0,0.0
2026-05-18 18:10:06,170,229691.0,21951.0,505.0,0.0,0.0,0.0,749.0,68.0,3.0,8.337408e+07,1.168355328e+09,1598.44,26.0,83315.0,0.0,83315.0,83315.0,11.0,0.0,0.0
2026-05-18 18:10:18,170,230195.0,21951.0,505.0,0.0,0.0,0.0,750.0,68.0,3.0,8.337408e+07,1.168355328e+09,1600.23,26.0,83412.0,0.0,83412.0,83412.0,11.0,0.0,0.0
2026-05-18 18:10:30,170,230195.0,21951.0,505.0,0.0,0.0,0.0,750.0,68.0,3.0,8.337408e+07,1.168355328e+09,1602.08,26.0,83511.0,0.0,83511.0,83511.0,11.0,0.0,0.0
2026-05-18 18:10:42,171,230696.0,21951.0,505.0,0.0,0.0,0.0,751.0,68.0,3.0,8.337408e+07,1.168355328e+09,1603.94,26.0,83610.0,0.0,83610.0,83610.0,11.0,0.0,0.0
2026-05-18 18:10:54,171,230696.0,21951.0,505.0,0.0,0.0,0.0,751.0,68.0,3.0,8.337408e+07,1.168355328e+09,1605.78,26.0,83709.0,0.0,83709.0,83709.0,11.0,0.0,0.0
2026-05-18 18:11:06,171,231197.0,21951.0,505.0,0.0,0.0,0.0,752.0,68.0,3.0,8.337408e+07,1.168355328e+09,1607.76,26.0,83808.0,0.0,83808.0,83808.0,11.0,0.0,0.0
2026-05-18 18:11:18,171,231701.0,21951.0,505.0,0.0,0.0,0.0,753.0,68.0,3.0,8.337408e+07,1.168355328e+09,1609.56,26.0,83907.0,0.0,83907.0,83907.0,11.0,0.0,0.0
2026-05-18 18:11:30,171,231701.0,21951.0,505.0,0.0,0.0,0.0,753.0,68.0,3.0,8.337408e+07,1.168355328e+09,1611.45,26.0,84007.0,0.0,84007.0,84007.0,11.0,0.0,0.0
2026-05-18 18:11:43,172,232202.0,21951.0,505.0,0.0,0.0,0.0,754.0,68.0,3.0,8.337408e+07,1.168355328e+09,1613.28,26.0,84106.0,0.0,84106.0,84106.0,11.0,0.0,0.0
2026-05-18 18:11:54,172,232202.0,21951.0,505.0,0.0,0.0,0.0,754.0,68.0,3.0,8.337408e+07,1.168355328e+09,1615.1200000000001,26.0,84205.0,0.0,84205.0,84205.0,11.0,0.0,0.0
2026-05-18 18:12:07,172,232703.0,21951.0,505.0,0.0,0.0,0.0,755.0,68.0,3.0,8.337408e+07,1.168355328e+09,1617.21,26.0,84306.0,0.0,84306.0,84306.0,11.0,0.0,0.0
2026-05-18 18:12:19,172,233204.0,21951.0,505.0,0.0,0.0,0.0,756.0,68.0,3.0,8.337408e+07,1.168355328e+09,1619.0900000000001,26.0,84406.0,0.0,84406.0,84406.0,11.0,0.0,0.0
2026-05-18 18:12:31,172,233204.0,21951.0,505.0,0.0,0.0,0.0,756.0,68.0,3.0,8.337408e+07,1.168355328e+09,1621.61,26.0,84503.0,0.0,84503.0,84503.0,11.0,0.0,0.0
2026-05-18 18:12:43,173,233705.0,21951.0,505.0,0.0,0.0,0.0,757.0,68.0,3.0,8.337408e+07,1.168355328e+09,1623.82,26.0,84601.0,0.0,84601.0,84601.0,11.0,0.0,0.0
2026-05-18 18:12:56,173,233705.0,21951.0,505.0,0.0,0.0,0.0,757.0,68.0,3.0,8.337408e+07,1.168355328e+09,1625.75,26.0,84699.0,0.0,84699.0,84699.0,11.0,0.0,0.0
2026-05-18 18:13:08,173,234209.0,21951.0,505.0,0.0,0.0,0.0,758.0,68.0,3.0,8.337408e+07,1.168355328e+09,1627.84,29.0,84799.0,0.0,84798.0,84798.0,11.0,0.0,0.0
2026-05-18 18:13:20,173,234713.0,21951.0,505.0,0.0,0.0,0.0,759.0,68.0,3.0,8.337408e+07,1.168355328e+09,1629.79,26.0,84897.0,0.0,84897.0,84897.0,11.0,0.0,0.0
2026-05-18 18:13:32,173,234713.0,21951.0,505.0,0.0,0.0,0.0,759.0,68.0,3.0,8.337408e+07,1.168355328e+09,1631.64,26.0,84996.0,0.0,84996.0,84996.0,11.0,0.0,0.0
2026-05-18 18:13:44,174,234713.0,22464.0,505.0,0.0,0.0,0.0,759.0,69.0,3.0,8.337408e+07,1.168355328e+09,1633.7,29.0,85096.0,0.0,85095.0,85095.0,11.0,0.0,0.0
2026-05-18 18:13:56,174,234713.0,22464.0,505.0,0.0,0.0,0.0,759.0,69.0,3.0,8.337408e+07,1.168355328e+09,1636.06,26.0,85194.0,0.0,85194.0,85194.0,11.0,0.0,0.0
2026-05-18 18:14:08,174,235217.0,22464.0,505.0,0.0,0.0,0.0,760.0,69.0,3.0,8.337408e+07,1.168355328e+09,1637.96,29.0,85293.0,0.0,85292.0,85292.0,11.0,0.0,0.0
2026-05-18 18:14:20,174,235217.0,22464.0,505.0,0.0,0.0,0.0,760.0,69.0,3.0,8.337408e+07,1.168355328e+09,1639.8799999999999,26.0,85391.0,0.0,85391.0,85391.0,11.0,0.0,0.0
2026-05-18 18:14:33,174,235706.0,22464.0,505.0,0.0,0.0,0.0,761.0,69.0,3.0,8.337408e+07,1.168355328e+09,1641.8500000000001,26.0,85491.0,0.0,85491.0,85491.0,11.0,0.0,0.0
2026-05-18 18:14:45,175,236207.0,22464.0,505.0,0.0,0.0,0.0,762.0,69.0,3.0,8.337408e+07,1.168355328e+09,1643.86,26.0,85588.0,0.0,85588.0,85588.0,11.0,0.0,0.0
2026-05-18 18:14:57,175,236207.0,22464.0,505.0,0.0,0.0,0.0,762.0,69.0,3.0,8.337408e+07,1.168355328e+09,1645.81,29.0,85688.0,0.0,85687.0,85687.0,11.0,0.0,0.0
2026-05-18 18:15:09,175,236594.0,22464.0,505.0,0.0,0.0,0.0,763.0,69.0,3.0,8.337408e+07,1.168355328e+09,1647.99,26.0,85786.0,0.0,85786.0,85786.0,11.0,0.0,0.0
2026-05-18 18:15:21,175,237098.0,22464.0,505.0,0.0,0.0,0.0,764.0,69.0,3.0,8.337408e+07,1.168355328e+09,1650.32,26.0,85884.0,0.0,85884.0,85884.0,11.0,0.0,0.0
2026-05-18 18:15:33,175,237098.0,22464.0,505.0,0.0,0.0,0.0,764.0,69.0,3.0,8.337408e+07,1.168355328e+09,1652.2600000000002,29.0,85982.0,0.0,85981.0,85981.0,11.0,0.0,0.0
2026-05-18 18:15:45,176,237476.0,22464.0,505.0,0.0,0.0,0.0,765.0,69.0,3.0,8.337408e+07,1.168355328e+09,1654.17,26.0,86080.0,0.0,86080.0,86080.0,11.0,0.0,0.0
2026-05-18 18:15:58,176,237980.0,22464.0,505.0,0.0,0.0,0.0,766.0,69.0,3.0,8.337408e+07,1.168355328e+09,1656.0300000000002,26.0,86178.0,0.0,86178.0,86178.0,11.0,0.0,0.0
2026-05-18 18:16:10,176,237980.0,22464.0,505.0,0.0,0.0,0.0,766.0,69.0,3.0,8.337408e+07,1.168355328e+09,1658.06,27.0,86276.0,0.0,86275.0,86275.0,11.0,0.0,0.0
2026-05-18 18:16:22,176,238358.0,22464.0,505.0,0.0,0.0,0.0,767.0,69.0,3.0,8.337408e+07,1.168355328e+09,1660.83,26.0,86375.0,0.0,86375.0,86375.0,11.0,0.0,0.0
2026-05-18 18:16:35,176,238862.0,22464.0,505.0,0.0,0.0,0.0,768.0,69.0,3.0,8.337408e+07,1.168355328e+09,1663.47,26.0,86475.0,0.0,86475.0,86475.0,11.0,0.0,0.0
2026-05-18 18:16:47,177,238862.0,22464.0,505.0,0.0,0.0,0.0,768.0,69.0,3.0,8.337408e+07,1.168355328e+09,1665.41,26.0,86573.0,0.0,86573.0,86573.0,11.0,0.0,0.0
2026-05-18 18:16:59,177,239363.0,22464.0,505.0,0.0,0.0,0.0,769.0,69.0,3.0,8.337408e+07,1.168355328e+09,1667.3300000000002,26.0,86671.0,0.0,86671.0,86671.0,11.0,0.0,0.0
2026-05-18 18:17:11,177,239363.0,22464.0,505.0,0.0,0.0,0.0,769.0,69.0,3.0,8.337408e+07,1.168355328e+09,1669.24,26.0,86770.0,0.0,86770.0,86770.0,11.0,0.0,0.0
2026-05-18 18:17:23,177,239864.0,22464.0,505.0,0.0,0.0,0.0,770.0,69.0,3.0,8.337408e+07,1.168355328e+09,1671.0700000000002,26.0,86869.0,0.0,86869.0,86869.0,11.0,0.0,0.0
2026-05-18 18:17:35,177,239864.0,22971.0,505.0,0.0,0.0,0.0,770.0,70.0,3.0,8.337408e+07,1.168355328e+09,1673.03,26.0,86968.0,0.0,86968.0,86968.0,11.0,0.0,0.0
2026-05-18 18:17:47,178,239864.0,22971.0,505.0,0.0,0.0,0.0,770.0,70.0,3.0,8.337408e+07,1.168355328e+09,1674.8500000000001,29.0,87067.0,0.0,87066.0,87066.0,11.0,0.0,0.0
2026-05-18 18:17:59,178,240224.0,22971.0,505.0,0.0,0.0,0.0,771.0,70.0,3.0,8.337408e+07,1.168355328e+09,1676.79,29.0,87167.0,0.0,87166.0,87166.0,11.0,0.0,0.0
2026-05-18 18:18:11,178,240524.0,22971.0,505.0,0.0,0.0,0.0,772.0,70.0,3.0,8.3505152e+07,1.168355328e+09,1678.67,26.0,87265.0,0.0,87265.0,87265.0,11.0,0.0,0.0
2026-05-18 18:18:23,178,241028.0,22971.0,505.0,0.0,0.0,0.0,773.0,70.0,3.0,8.3505152e+07,1.168355328e+09,1680.53,26.0,87364.0,0.0,87364.0,87364.0,11.0,0.0,0.0
2026-05-18 18:18:35,178,241028.0,22971.0,505.0,0.0,0.0,0.0,773.0,70.0,3.0,8.3505152e+07,1.168355328e+09,1682.5,29.0,87464.0,0.0,87463.0,87463.0,11.0,0.0,0.0
2026-05-18 18:18:47,179,241415.0,22971.0,505.0,0.0,0.0,0.0,774.0,70.0,3.0,8.3505152e+07,1.168355328e+09,1684.4399999999998,29.0,87564.0,0.0,87563.0,87563.0,11.0,0.0,0.0
2026-05-18 18:18:59,179,241715.0,22971.0,505.0,0.0,0.0,0.0,775.0,70.0,3.0,8.3505152e+07,1.168355328e+09,1686.28,26.0,87663.0,0.0,87663.0,87663.0,11.0,0.0,0.0
2026-05-18 18:19:11,179,242219.0,22971.0,505.0,0.0,0.0,0.0,776.0,70.0,3.0,8.3505152e+07,1.168355328e+09,1688.23,26.0,87762.0,0.0,87762.0,87762.0,11.0,0.0,0.0
2026-05-18 18:19:23,179,242219.0,22971.0,505.0,0.0,0.0,0.0,776.0,70.0,3.0,8.337408e+07,1.168355328e+09,1690.1000000000001,27.0,87862.0,0.0,87861.0,87861.0,11.0,0.0,0.0
2026-05-18 18:19:35,179,242609.0,22971.0,505.0,0.0,0.0,0.0,777.0,70.0,3.0,8.337408e+07,1.168355328e+09,1691.9499999999998,26.0,87961.0,0.0,87961.0,87961.0,11.0,0.0,0.0
2026-05-18 18:19:48,180,243113.0,22971.0,505.0,0.0,0.0,0.0,778.0,70.0,3.0,8.337408e+07,1.168355328e+09,1693.84,29.0,88060.0,0.0,88059.0,88059.0,11.0,0.0,0.0
2026-05-18 18:19:59,180,243113.0,22971.0,505.0,0.0,0.0,0.0,778.0,70.0,3.0,8.337408e+07,1.168355328e+09,1695.6999999999998,26.0,88159.0,0.0,88159.0,88159.0,11.0,0.0,0.0
2026-05-18 18:20:12,180,243617.0,22971.0,505.0,0.0,0.0,0.0,779.0,70.0,3.0,8.337408e+07,1.168355328e+09,1697.53,26.0,88259.0,0.0,88259.0,88259.0,11.0,0.0,0.0
2026-05-18 18:20:24,180,243617.0,22971.0,505.0,0.0,0.0,0.0,779.0,70.0,3.0,8.337408e+07,1.168355328e+09,1699.5,26.0,88359.0,0.0,88359.0,88359.0,11.0,0.0,0.0
2026-05-18 18:20:36,180,244121.0,22971.0,505.0,0.0,0.0,0.0,780.0,70.0,3.0,8.337408e+07,1.168355328e+09,1701.43,26.0,88457.0,0.0,88457.0,88457.0,11.0,0.0,0.0
2026-05-18 18:20:48,181,244622.0,22971.0,505.0,0.0,0.0,0.0,781.0,70.0,3.0,8.337408e+07,1.168355328e+09,1703.29,26.0,88556.0,0.0,88556.0,88556.0,11.0,0.0,0.0
2026-05-18 18:21:00,181,244622.0,22971.0,505.0,0.0,0.0,0.0,781.0,70.0,3.0,8.337408e+07,1.168355328e+09,1705.19,29.0,88657.0,0.0,88656.0,88656.0,11.0,0.0,0.0
2026-05-18 18:21:12,181,244622.0,23343.0,505.0,0.0,0.0,0.0,781.0,71.0,3.0,8.337408e+07,1.168355328e+09,1707.1200000000001,26.0,88755.0,0.0,88755.0,88755.0,11.0,0.0,0.0
2026-05-18 18:21:24,181,245126.0,23343.0,505.0,0.0,0.0,0.0,782.0,71.0,3.0,8.337408e+07,1.168355328e+09,1709.0,26.0,88854.0,0.0,88854.0,88854.0,11.0,0.0,0.0
2026-05-18 18:21:36,181,245126.0,23343.0,505.0,0.0,0.0,0.0,782.0,71.0,3.0,8.337408e+07,1.168355328e+09,1710.97,26.0,88953.0,0.0,88953.0,88953.0,11.0,0.0,0.0
2026-05-18 18:21:48,182,245627.0,23343.0,505.0,0.0,0.0,0.0,783.0,71.0,3.0,8.337408e+07,1.168355328e+09,1712.78,26.0,89051.0,0.0,89051.0,89051.0,11.0,0.0,0.0
2026-05-18 18:22:00,182,245627.0,23343.0,505.0,0.0,0.0,0.0,783.0,71.0,3.0,8.337408e+07,1.168355328e+09,1714.64,26.0,89150.0,0.0,89150.0,89150.0,11.0,0.0,0.0
2026-05-18 18:22:12,182,246128.0,23343.0,505.0,0.0,0.0,0.0,784.0,71.0,3.0,8.337408e+07,1.168355328e+09,1716.51,29.0,89250.0,0.0,89249.0,89249.0,11.0,0.0,0.0
2026-05-18 18:22:24,182,246398.0,23343.0,505.0,0.0,0.0,0.0,785.0,71.0,3.0,8.337408e+07,1.168355328e+09,1718.46,26.0,89349.0,0.0,89349.0,89349.0,11.0,0.0,0.0
2026-05-18 18:22:36,182,246902.0,23343.0,505.0,0.0,0.0,0.0,786.0,71.0,3.0,8.337408e+07,1.168355328e+09,1720.34,26.0,89448.0,0.0,89448.0,89448.0,11.0,0.0,0.0
2026-05-18 18:22:48,183,246902.0,23343.0,505.0,0.0,0.0,0.0,786.0,71.0,3.0,8.337408e+07,1.168355328e+09,1722.18,29.0,89547.0,0.0,89546.0,89546.0,11.0,0.0,0.0
2026-05-18 18:23:00,183,247289.0,23343.0,505.0,0.0,0.0,0.0,787.0,71.0,3.0,8.337408e+07,1.168355328e+09,1724.08,26.0,89645.0,0.0,89645.0,89645.0,11.0,0.0,0.0
2026-05-18 18:23:12,183,247793.0,23343.0,505.0,0.0,0.0,0.0,788.0,71.0,3.0,8.337408e+07,1.168355328e+09,1725.94,29.0,89746.0,0.0,89745.0,89745.0,11.0,0.0,0.0
2026-05-18 18:23:24,183,247793.0,23343.0,505.0,0.0,0.0,0.0,788.0,71.0,3.0,8.337408e+07,1.168355328e+09,1727.78,26.0,89846.0,0.0,89846.0,89846.0,11.0,0.0,0.0
2026-05-18 18:23:36,183,248294.0,23343.0,505.0,0.0,0.0,0.0,789.0,71.0,3.0,8.337408e+07,1.168355328e+09,1729.65,29.0,89946.0,0.0,89945.0,89945.0,11.0,0.0,0.0
2026-05-18 18:23:48,184,248294.0,23343.0,505.0,0.0,0.0,0.0,789.0,71.0,3.0,8.337408e+07,1.168355328e+09,1731.52,27.0,90046.0,0.0,90046.0,90046.0,11.0,0.0,0.0
2026-05-18 18:24:00,184,248786.0,23343.0,505.0,0.0,0.0,0.0,790.0,71.0,3.0,8.337408e+07,1.168355328e+09,1733.34,26.0,90145.0,0.0,90145.0,90145.0,11.0,0.0,0.0
2026-05-18 18:24:13,184,249287.0,23343.0,505.0,0.0,0.0,0.0,791.0,71.0,3.0,8.337408e+07,1.168355328e+09,1735.24,26.0,90245.0,0.0,90245.0,90245.0,11.0,0.0,0.0
2026-05-18 18:24:25,184,249287.0,23343.0,505.0,0.0,0.0,0.0,791.0,71.0,3.0,8.337408e+07,1.168355328e+09,1737.16,26.0,90344.0,0.0,90344.0,90344.0,11.0,0.0,0.0
2026-05-18 18:24:37,184,249791.0,23343.0,505.0,0.0,0.0,0.0,792.0,71.0,3.0,8.337408e+07,1.168355328e+09,1738.98,27.0,90446.0,0.0,90445.0,90445.0,11.0,0.0,0.0
2026-05-18 18:24:49,185,249791.0,23343.0,505.0,0.0,0.0,0.0,792.0,71.0,3.0,8.337408e+07,1.168355328e+09,1740.8600000000001,26.0,90545.0,0.0,90545.0,90545.0,11.0,0.0,0.0
2026-05-18 18:25:01,185,249791.0,23841.0,505.0,0.0,0.0,0.0,792.0,72.0,3.0,8.337408e+07,1.168355328e+09,1742.74,26.0,90645.0,0.0,90645.0,90645.0,11.0,0.0,0.0
2026-05-18 18:25:13,185,250292.0,23841.0,505.0,0.0,0.0,0.0,793.0,72.0,3.0,8.337408e+07,1.168355328e+09,1744.69,29.0,90745.0,0.0,90744.0,90744.0,11.0,0.0,0.0
2026-05-18 18:25:25,185,250292.0,23841.0,505.0,0.0,0.0,0.0,793.0,72.0,3.0,8.337408e+07,1.168355328e+09,1746.69,26.0,90845.0,0.0,90845.0,90845.0,11.0,0.0,0.0
2026-05-18 18:25:38,185,250796.0,23841.0,505.0,0.0,0.0,0.0,794.0,72.0,3.0,8.337408e+07,1.168355328e+09,1748.6,26.0,90944.0,0.0,90944.0,90944.0,11.0,0.0,0.0
2026-05-18 18:25:50,186,251285.0,23841.0,505.0,0.0,0.0,0.0,795.0,72.0,3.0,8.337408e+07,1.168355328e+09,1750.5300000000002,29.0,91044.0,0.0,91043.0,91043.0,11.0,0.0,0.0
2026-05-18 18:26:02,186,251285.0,23841.0,505.0,0.0,0.0,0.0,795.0,72.0,3.0,8.337408e+07,1.168355328e+09,1752.47,29.0,91144.0,0.0,91143.0,91143.0,11.0,0.0,0.0
2026-05-18 18:26:14,186,251585.0,23841.0,505.0,0.0,0.0,0.0,796.0,72.0,3.0,8.337408e+07,1.168355328e+09,1754.37,29.0,91243.0,0.0,91242.0,91242.0,11.0,0.0,0.0
2026-05-18 18:26:26,186,251882.0,23841.0,505.0,0.0,0.0,0.0,797.0,72.0,3.0,8.337408e+07,1.168355328e+09,1756.2,27.0,91342.0,0.0,91341.0,91341.0,11.0,0.0,0.0
2026-05-18 18:26:38,186,252386.0,23841.0,505.0,0.0,0.0,0.0,798.0,72.0,3.0,8.337408e+07,1.168355328e+09,1758.1100000000001,26.0,91440.0,0.0,91440.0,91440.0,11.0,0.0,0.0
2026-05-18 18:26:50,187,252386.0,23841.0,505.0,0.0,0.0,0.0,798.0,72.0,3.0,8.337408e+07,1.168355328e+09,1760.04,27.0,91540.0,0.0,91539.0,91539.0,11.0,0.0,0.0
2026-05-18 18:27:02,187,252773.0,23841.0,505.0,0.0,0.0,0.0,799.0,72.0,3.0,8.337408e+07,1.168355328e+09,1761.91,26.0,91639.0,0.0,91639.0,91639.0,11.0,0.0,0.0
2026-05-18 18:27:14,187,253277.0,23841.0,505.0,0.0,0.0,0.0,800.0,72.0,3.0,8.337408e+07,1.168355328e+09,1763.84,26.0,91739.0,0.0,91739.0,91739.0,11.0,0.0,0.0
2026-05-18 18:27:26,187,253277.0,23841.0,505.0,0.0,0.0,0.0,800.0,72.0,3.0,8.337408e+07,1.168355328e+09,1765.66,26.0,91839.0,0.0,91839.0,91839.0,11.0,0.0,0.0
2026-05-18 18:27:38,187,253781.0,23841.0,505.0,0.0,0.0,0.0,801.0,72.0,3.0,8.337408e+07,1.168355328e+09,1767.57,29.0,91937.0,0.0,91936.0,91936.0,11.0,0.0,0.0
2026-05-18 18:27:50,188,253781.0,23841.0,505.0,0.0,0.0,0.0,801.0,72.0,3.0,8.337408e+07,1.168355328e+09,1769.4,27.0,92034.0,0.0,92033.0,92033.0,11.0,0.0,0.0
2026-05-18 18:28:02,188,254255.0,23841.0,505.0,0.0,0.0,0.0,802.0,72.0,3.0,8.337408e+07,1.168355328e+09,1771.32,26.0,92132.0,0.0,92132.0,92132.0,11.0,0.0,0.0
2026-05-18 18:28:14,188,254759.0,23841.0,505.0,0.0,0.0,0.0,803.0,72.0,3.0,8.337408e+07,1.168355328e+09,1773.1100000000001,26.0,92232.0,0.0,92232.0,92232.0,11.0,0.0,0.0
2026-05-18 18:28:26,188,254759.0,23841.0,505.0,0.0,0.0,0.0,803.0,72.0,3.0,8.337408e+07,1.168355328e+09,1774.97,26.0,92331.0,0.0,92331.0,92331.0,11.0,0.0,0.0
2026-05-18 18:28:38,188,254759.0,24342.0,505.0,0.0,0.0,0.0,803.0,73.0,3.0,8.337408e+07,1.168355328e+09,1776.8700000000001,26.0,92430.0,0.0,92429.0,92429.0,11.0,0.0,0.0
2026-05-18 18:28:50,189,254759.0,24342.0,505.0,0.0,0.0,0.0,803.0,73.0,3.0,8.337408e+07,1.168355328e+09,1778.67,27.0,92529.0,0.0,92528.0,92528.0,11.0,0.0,0.0
2026-05-18 18:29:02,189,255236.0,24342.0,505.0,0.0,0.0,0.0,804.0,73.0,3.0,8.337408e+07,1.168355328e+09,1780.5500000000002,26.0,92626.0,0.0,92626.0,92626.0,11.0,0.0,0.0
2026-05-18 18:29:14,189,255740.0,24342.0,505.0,0.0,0.0,0.0,805.0,73.0,3.0,8.337408e+07,1.168355328e+09,1782.36,26.0,92725.0,0.0,92725.0,92725.0,11.0,0.0,0.0
2026-05-18 18:29:26,189,255740.0,24342.0,505.0,0.0,0.0,0.0,805.0,73.0,3.0,8.337408e+07,1.168355328e+09,1784.2900000000002,26.0,92824.0,0.0,92824.0,92824.0,11.0,0.0,0.0
2026-05-18 18:29:38,189,256244.0,24342.0,505.0,0.0,0.0,0.0,806.0,73.0,3.0,8.337408e+07,1.168355328e+09,1786.2,26.0,92922.0,0.0,92922.0,92922.0,11.0,0.0,0.0
2026-05-18 18:29:50,190,256244.0,24342.0,505.0,0.0,0.0,0.0,806.0,73.0,3.0,8.337408e+07,1.168355328e+09,1787.99,26.0,93021.0,0.0,93021.0,93021.0,11.0,0.0,0.0
2026-05-18 18:30:02,190,256745.0,24342.0,505.0,0.0,0.0,0.0,807.0,73.0,3.0,8.337408e+07,1.168355328e+09,1790.01,26.0,93120.0,0.0,93120.0,93120.0,11.0,0.0,0.0
2026-05-18 18:30:14,190,257246.0,24342.0,505.0,0.0,0.0,0.0,808.0,73.0,3.0,8.337408e+07,1.168355328e+09,1791.95,26.0,93220.0,0.0,93220.0,93220.0,11.0,0.0,0.0
2026-05-18 18:30:27,190,257246.0,24342.0,505.0,0.0,0.0,0.0,808.0,73.0,3.0,8.337408e+07,1.168355328e+09,1793.76,26.0,93319.0,0.0,93319.0,93319.0,11.0,0.0,0.0
2026-05-18 18:30:38,190,257750.0,24342.0,505.0,0.0,0.0,0.0,809.0,73.0,3.0,8.337408e+07,1.168355328e+09,1795.6100000000001,27.0,93418.0,0.0,93417.0,93417.0,11.0,0.0,0.0
2026-05-18 18:30:50,191,257750.0,24342.0,505.0,0.0,0.0,0.0,809.0,73.0,3.0,8.337408e+07,1.168355328e+09,1797.5,26.0,93516.0,0.0,93516.0,93516.0,11.0,0.0,0.0
2026-05-18 18:31:02,191,258251.0,24342.0,505.0,0.0,0.0,0.0,810.0,73.0,3.0,8.337408e+07,1.168355328e+09,1799.3100000000002,26.0,93615.0,0.0,93615.0,93615.0,11.0,0.0,0.0
2026-05-18 18:31:14,191,258752.0,24342.0,505.0,0.0,0.0,0.0,811.0,73.0,3.0,8.337408e+07,1.168355328e+09,1801.22,26.0,93714.0,0.0,93714.0,93714.0,11.0,0.0,0.0
2026-05-18 18:31:26,191,258752.0,24342.0,505.0,0.0,0.0,0.0,811.0,73.0,3.0,8.337408e+07,1.168355328e+09,1803.13,26.0,93813.0,0.0,93813.0,93813.0,11.0,0.0,0.0
2026-05-18 18:31:38,191,259256.0,24342.0,505.0,0.0,0.0,0.0,812.0,73.0,3.0,8.337408e+07,1.168355328e+09,1804.96,29.0,93912.0,0.0,93911.0,93911.0,11.0,0.0,0.0
2026-05-18 18:31:50,192,259256.0,24342.0,505.0,0.0,0.0,0.0,812.0,73.0,3.0,8.337408e+07,1.168355328e+09,1806.8600000000001,26.0,94012.0,0.0,94012.0,94012.0,11.0,0.0,0.0
2026-05-18 18:32:02,192,259757.0,24342.0,505.0,0.0,0.0,0.0,813.0,73.0,3.0,8.337408e+07,1.168355328e+09,1808.69,26.0,94110.0,0.0,94110.0,94110.0,11.0,0.0,0.0
2026-05-18 18:32:15,192,260258.0,24342.0,505.0,0.0,0.0,0.0,814.0,73.0,3.0,8.337408e+07,1.168355328e+09,1810.5300000000002,26.0,94208.0,0.0,94208.0,94208.0,11.0,0.0,0.0
2026-05-18 18:32:26,192,260258.0,24342.0,505.0,0.0,0.0,0.0,814.0,73.0,3.0,8.337408e+07,1.168355328e+09,1812.45,26.0,94306.0,0.0,94306.0,94306.0,11.0,0.0,0.0
2026-05-18 18:32:38,192,260258.0,24855.0,505.0,0.0,0.0,0.0,814.0,74.0,3.0,8.337408e+07,1.168355328e+09,1814.3500000000001,27.0,94405.0,0.0,94404.0,94404.0,11.0,0.0,0.0
2026-05-18 18:32:50,193,260258.0,24855.0,505.0,0.0,0.0,0.0,814.0,74.0,3.0,8.337408e+07,1.168355328e+09,1816.1599999999999,26.0,94503.0,0.0,94503.0,94503.0,11.0,0.0,0.0
2026-05-18 18:33:02,193,260762.0,24855.0,505.0,0.0,0.0,0.0,815.0,74.0,3.0,8.337408e+07,1.168355328e+09,1818.02,26.0,94602.0,0.0,94602.0,94602.0,11.0,0.0,0.0
2026-05-18 18:33:14,193,260762.0,24855.0,505.0,0.0,0.0,0.0,815.0,74.0,3.0,8.337408e+07,1.168355328e+09,1819.99,26.0,94702.0,0.0,94702.0,94702.0,11.0,0.0,0.0
2026-05-18 18:33:26,193,261266.0,24855.0,505.0,0.0,0.0,0.0,816.0,74.0,3.0,8.337408e+07,1.168355328e+09,1821.89,27.0,94801.0,0.0,94800.0,94800.0,11.0,0.0,0.0
2026-05-18 18:33:38,193,261767.0,24855.0,505.0,0.0,0.0,0.0,817.0,74.0,3.0,8.337408e+07,1.168355328e+09,1823.78,26.0,94900.0,0.0,94900.0,94900.0,11.0,0.0,0.0
2026-05-18 18:33:50,194,261767.0,24855.0,505.0,0.0,0.0,0.0,817.0,74.0,3.0,8.337408e+07,1.168355328e+09,1825.6200000000001,26.0,94999.0,0.0,94999.0,94999.0,11.0,0.0,0.0
2026-05-18 18:34:03,194,262268.0,24855.0,505.0,0.0,0.0,0.0,818.0,74.0,3.0,8.337408e+07,1.168355328e+09,1827.54,29.0,95098.0,0.0,95097.0,95097.0,11.0,0.0,0.0
2026-05-18 18:34:14,194,262268.0,24855.0,505.0,0.0,0.0,0.0,818.0,74.0,3.0,8.337408e+07,1.168355328e+09,1829.42,29.0,95197.0,0.0,95196.0,95196.0,11.0,0.0,0.0
2026-05-18 18:34:27,194,262724.0,24855.0,505.0,0.0,0.0,0.0,819.0,74.0,3.0,8.337408e+07,1.168355328e+09,1831.3,27.0,95297.0,0.0,95297.0,95297.0,11.0,0.0,0.0
2026-05-18 18:34:38,194,263228.0,24855.0,505.0,0.0,0.0,0.0,820.0,74.0,3.0,8.337408e+07,1.168355328e+09,1833.19,26.0,95395.0,0.0,95395.0,95395.0,11.0,0.0,0.0
2026-05-18 18:34:51,195,263228.0,24855.0,505.0,0.0,0.0,0.0,820.0,74.0,3.0,8.337408e+07,1.168355328e+09,1835.01,26.0,95495.0,0.0,95495.0,95495.0,11.0,0.0,0.0
2026-05-18 18:35:03,195,263732.0,24855.0,505.0,0.0,0.0,0.0,821.0,74.0,3.0,8.337408e+07,1.168355328e+09,1836.92,28.0,95595.0,0.0,95594.0,95594.0,11.0,0.0,0.0
2026-05-18 18:35:15,195,263732.0,24855.0,505.0,0.0,0.0,0.0,821.0,74.0,3.0,8.337408e+07,1.168355328e+09,1838.8100000000002,26.0,95695.0,0.0,95695.0,95695.0,11.0,0.0,0.0
2026-05-18 18:35:27,195,264221.0,24855.0,505.0,0.0,0.0,0.0,822.0,74.0,3.0,8.337408e+07,1.168355328e+09,1840.69,29.0,95794.0,0.0,95793.0,95793.0,11.0,0.0,0.0
2026-05-18 18:35:39,195,264515.0,24855.0,505.0,0.0,0.0,0.0,823.0,74.0,3.0,8.337408e+07,1.168355328e+09,1842.56,29.0,95893.0,0.0,95892.0,95892.0,11.0,0.0,0.0
2026-05-18 18:35:51,196,264812.0,24855.0,505.0,0.0,0.0,0.0,824.0,74.0,3.0,8.337408e+07,1.168355328e+09,1844.42,26.0,95993.0,0.0,95993.0,95993.0,11.0,0.0,0.0
2026-05-18 18:36:03,196,265316.0,24855.0,505.0,0.0,0.0,0.0,825.0,74.0,3.0,8.337408e+07,1.168355328e+09,1846.3200000000002,26.0,96091.0,0.0,96091.0,96091.0,11.0,0.0,0.0
2026-05-18 18:36:15,196,265316.0,24855.0,505.0,0.0,0.0,0.0,825.0,74.0,3.0,8.337408e+07,1.168355328e+09,1848.1399999999999,26.0,96189.0,0.0,96189.0,96189.0,11.0,0.0,0.0
2026-05-18 18:36:27,196,265316.0,25362.0,505.0,0.0,0.0,0.0,825.0,75.0,3.0,8.337408e+07,1.168355328e+09,1849.94,26.0,96287.0,0.0,96287.0,96287.0,11.0,0.0,0.0
2026-05-18 18:36:39,196,265316.0,25362.0,505.0,0.0,0.0,0.0,825.0,75.0,3.0,8.337408e+07,1.168355328e+09,1851.8999999999999,26.0,96386.0,0.0,96386.0,96386.0,11.0,0.0,0.0
2026-05-18 18:36:51,197,265820.0,25362.0,505.0,0.0,0.0,0.0,826.0,75.0,3.0,8.337408e+07,1.168355328e+09,1853.76,26.0,96484.0,0.0,96484.0,96484.0,11.0,0.0,0.0
2026-05-18 18:37:03,197,266324.0,25362.0,505.0,0.0,0.0,0.0,827.0,75.0,3.0,8.337408e+07,1.168355328e+09,1855.71,27.0,96583.0,0.0,96582.0,96582.0,11.0,0.0,0.0
2026-05-18 18:37:15,197,266324.0,25362.0,505.0,0.0,0.0,0.0,827.0,75.0,3.0,8.337408e+07,1.168355328e+09,1857.53,27.0,96681.0,0.0,96681.0,96681.0,11.0,0.0,0.0
2026-05-18 18:37:26,197,266828.0,25362.0,505.0,0.0,0.0,0.0,828.0,75.0,3.0,8.337408e+07,1.168355328e+09,1859.3799999999999,27.0,96779.0,0.0,96778.0,96778.0,11.0,0.0,0.0
2026-05-18 18:37:38,197,266828.0,25362.0,505.0,0.0,0.0,0.0,828.0,75.0,3.0,8.337408e+07,1.168355328e+09,1861.26,27.0,96877.0,0.0,96876.0,96876.0,11.0,0.0,0.0
2026-05-18 18:37:50,198,267260.0,25362.0,505.0,0.0,0.0,0.0,829.0,75.0,3.0,8.337408e+07,1.168355328e+09,1863.1799999999998,26.0,96974.0,0.0,96974.0,96974.0,11.0,0.0,0.0
2026-05-18 18:38:02,198,267764.0,25362.0,505.0,0.0,0.0,0.0,830.0,75.0,3.0,8.337408e+07,1.168355328e+09,1865.07,26.0,97073.0,0.0,97073.0,97073.0,11.0,0.0,0.0
2026-05-18 18:38:14,198,267764.0,25362.0,505.0,0.0,0.0,0.0,830.0,75.0,3.0,8.337408e+07,1.168355328e+09,1866.99,26.0,97173.0,0.0,97173.0,97173.0,11.0,0.0,0.0
2026-05-18 18:38:26,198,268265.0,25362.0,505.0,0.0,0.0,0.0,831.0,75.0,3.0,8.337408e+07,1.168355328e+09,1868.92,26.0,97272.0,0.0,97272.0,97272.0,11.0,0.0,0.0
2026-05-18 18:38:38,198,268265.0,25362.0,505.0,0.0,0.0,0.0,831.0,75.0,3.0,8.337408e+07,1.168355328e+09,1870.8400000000001,26.0,97371.0,0.0,97371.0,97371.0,11.0,0.0,0.0
2026-05-18 18:38:50,199,268766.0,25362.0,505.0,0.0,0.0,0.0,832.0,75.0,3.0,8.337408e+07,1.168355328e+09,1872.72,26.0,97471.0,0.0,97471.0,97471.0,11.0,0.0,0.0
2026-05-18 18:39:02,199,269270.0,25362.0,505.0,0.0,0.0,0.0,833.0,75.0,3.0,8.337408e+07,1.168355328e+09,1874.6,26.0,97571.0,0.0,97571.0,97571.0,11.0,0.0,0.0
2026-05-18 18:39:14,199,269270.0,25362.0,505.0,0.0,0.0,0.0,833.0,75.0,3.0,8.337408e+07,1.168355328e+09,1876.4,26.0,97670.0,0.0,97670.0,97670.0,11.0,0.0,0.0
2026-05-18 18:39:26,199,269774.0,25362.0,505.0,0.0,0.0,0.0,834.0,75.0,3.0,8.337408e+07,1.168355328e+09,1878.2800000000002,26.0,97767.0,0.0,97767.0,97767.0,11.0,0.0,0.0
2026-05-18 18:39:38,199,269774.0,25362.0,505.0,0.0,0.0,0.0,834.0,75.0,3.0,8.337408e+07,1.168355328e+09,1880.22,26.0,97866.0,0.0,97866.0,97866.0,11.0,0.0,0.0
2026-05-18 18:39:51,200,270278.0,25362.0,505.0,0.0,0.0,0.0,835.0,75.0,3.0,8.337408e+07,1.168355328e+09,1882.1200000000001,26.0,97965.0,0.0,97965.0,97965.0,11.0,0.0,0.0
2026-05-18 18:40:03,200,270782.0,25362.0,505.0,0.0,0.0,0.0,836.0,75.0,3.0,8.337408e+07,1.168355328e+09,1884.01,29.0,98063.0,0.0,98062.0,98062.0,11.0,0.0,0.0
2026-05-18 18:40:14,200,270782.0,25362.0,505.0,0.0,0.0,0.0,836.0,75.0,3.0,8.337408e+07,1.168355328e+09,1885.8200000000002,29.0,98160.0,0.0,98159.0,98159.0,11.0,0.0,0.0
2026-05-18 18:40:27,200,270782.0,25689.0,505.0,0.0,0.0,0.0,836.0,76.0,3.0,8.337408e+07,1.168355328e+09,1887.75,26.0,98259.0,0.0,98259.0,98259.0,11.0,0.0,0.0
2026-05-18 18:40:39,200,271286.0,25689.0,505.0,0.0,0.0,0.0,837.0,76.0,3.0,8.337408e+07,1.168355328e+09,1889.5700000000002,27.0,98357.0,0.0,98356.0,98356.0,11.0,0.0,0.0
2026-05-18 18:40:51,201,271286.0,25689.0,505.0,0.0,0.0,0.0,837.0,76.0,3.0,8.337408e+07,1.168355328e+09,1891.53,26.0,98456.0,0.0,98456.0,98456.0,11.0,0.0,0.0
2026-05-18 18:41:03,201,271790.0,25689.0,505.0,0.0,0.0,0.0,838.0,76.0,3.0,8.337408e+07,1.168355328e+09,1893.4,26.0,98555.0,0.0,98555.0,98555.0,11.0,0.0,0.0
2026-05-18 18:41:15,201,271790.0,25689.0,505.0,0.0,0.0,0.0,838.0,76.0,3.0,8.337408e+07,1.168355328e+09,1895.28,27.0,98655.0,0.0,98655.0,98655.0,11.0,0.0,0.0
2026-05-18 18:41:27,201,272267.0,25689.0,505.0,0.0,0.0,0.0,839.0,76.0,3.0,8.337408e+07,1.168355328e+09,1897.22,26.0,98755.0,0.0,98755.0,98755.0,11.0,0.0,0.0
2026-05-18 18:41:39,201,272771.0,25689.0,505.0,0.0,0.0,0.0,840.0,76.0,3.0,8.337408e+07,1.168355328e+09,1899.09,26.0,98853.0,0.0,98853.0,98853.0,11.0,0.0,0.0
2026-05-18 18:41:51,202,272771.0,25689.0,505.0,0.0,0.0,0.0,840.0,76.0,3.0,8.337408e+07,1.168355328e+09,1901.06,28.0,98952.0,0.0,98951.0,98951.0,11.0,0.0,0.0
2026-05-18 18:42:03,202,273158.0,25689.0,505.0,0.0,0.0,0.0,841.0,76.0,3.0,8.337408e+07,1.168355328e+09,1902.9399999999998,26.0,99051.0,0.0,99050.0,99050.0,11.0,0.0,0.0
2026-05-18 18:42:15,202,273662.0,25689.0,505.0,0.0,0.0,0.0,842.0,76.0,3.0,8.337408e+07,1.168355328e+09,1904.74,29.0,99149.0,0.0,99148.0,99148.0,11.0,0.0,0.0
2026-05-18 18:42:27,202,273662.0,25689.0,505.0,0.0,0.0,0.0,842.0,76.0,3.0,8.337408e+07,1.168355328e+09,1906.7099999999998,26.0,99248.0,0.0,99248.0,99248.0,11.0,0.0,0.0
2026-05-18 18:42:39,202,274163.0,25689.0,505.0,0.0,0.0,0.0,843.0,76.0,3.0,8.337408e+07,1.168355328e+09,1908.6,26.0,99346.0,0.0,99346.0,99346.0,11.0,0.0,0.0
2026-05-18 18:42:51,203,274163.0,25689.0,505.0,0.0,0.0,0.0,843.0,76.0,3.0,8.337408e+07,1.168355328e+09,1910.48,26.0,99445.0,0.0,99445.0,99445.0,11.0,0.0,0.0
2026-05-18 18:43:03,203,274664.0,25689.0,505.0,0.0,0.0,0.0,844.0,76.0,3.0,8.337408e+07,1.168355328e+09,1912.37,27.0,99545.0,0.0,99544.0,99544.0,11.0,0.0,0.0
2026-05-18 18:43:15,203,275168.0,25689.0,505.0,0.0,0.0,0.0,845.0,76.0,3.0,8.337408e+07,1.168355328e+09,1914.27,26.0,99642.0,0.0,99642.0,99642.0,11.0,0.0,0.0
2026-05-18 18:43:27,203,275168.0,25689.0,505.0,0.0,0.0,0.0,845.0,76.0,3.0,8.337408e+07,1.168355328e+09,1916.28,26.0,99741.0,0.0,99741.0,99741.0,11.0,0.0,0.0
2026-05-18 18:43:39,203,275672.0,25689.0,505.0,0.0,0.0,0.0,846.0,76.0,3.0,8.337408e+07,1.168355328e+09,1918.22,26.0,99840.0,0.0,99840.0,99840.0,11.0,0.0,0.0
2026-05-18 18:43:51,204,275672.0,25689.0,505.0,0.0,0.0,0.0,846.0,76.0,3.0,8.337408e+07,1.168355328e+09,1920.1299999999999,29.0,99940.0,0.0,99939.0,99939.0,11.0,0.0,0.0
2026-05-18 18:44:03,204,276119.0,25689.0,505.0,0.0,0.0,0.0,847.0,76.0,3.0,8.337408e+07,1.168355328e+09,1922.03,26.0,100039.0,0.0,100039.0,100039.0,11.0,0.0,0.0
2026-05-18 18:44:15,204,276119.0,26196.0,505.0,0.0,0.0,0.0,847.0,77.0,3.0,8.337408e+07,1.168355328e+09,1923.8799999999999,27.0,100138.0,0.0,100137.0,100137.0,11.0,0.0,0.0
2026-05-18 18:44:27,204,276119.0,26196.0,505.0,0.0,0.0,0.0,847.0,77.0,3.0,8.337408e+07,1.168355328e+09,1925.71,29.0,100236.0,0.0,100235.0,100235.0,11.0,0.0,0.0
2026-05-18 18:44:39,204,276503.0,26196.0,505.0,0.0,0.0,0.0,848.0,77.0,3.0,8.337408e+07,1.168355328e+09,1927.56,26.0,100334.0,0.0,100334.0,100334.0,11.0,0.0,0.0
2026-05-18 18:44:51,205,277007.0,26196.0,505.0,0.0,0.0,0.0,849.0,77.0,3.0,8.337408e+07,1.168355328e+09,1929.42,26.0,100435.0,0.0,100435.0,100435.0,11.0,0.0,0.0
2026-05-18 18:45:04,205,277007.0,26196.0,505.0,0.0,0.0,0.0,849.0,77.0,3.0,8.337408e+07,1.168355328e+09,1931.27,27.0,100535.0,0.0,100534.0,100534.0,11.0,0.0,0.0
2026-05-18 18:45:16,205,277400.0,26196.0,505.0,0.0,0.0,0.0,850.0,77.0,3.0,8.337408e+07,1.168355328e+09,1933.1000000000001,26.0,100633.0,0.0,100633.0,100633.0,11.0,0.0,0.0
2026-05-18 18:45:28,205,277904.0,26196.0,505.0,0.0,0.0,0.0,851.0,77.0,3.0,8.337408e+07,1.168355328e+09,1935.06,29.0,100733.0,0.0,100732.0,100732.0,11.0,0.0,0.0
2026-05-18 18:45:40,205,277904.0,26196.0,505.0,0.0,0.0,0.0,851.0,77.0,3.0,8.337408e+07,1.168355328e+09,1936.99,26.0,100832.0,0.0,100832.0,100832.0,11.0,0.0,0.0
2026-05-18 18:45:52,206,278408.0,26196.0,505.0,0.0,0.0,0.0,852.0,77.0,3.0,8.337408e+07,1.168355328e+09,1938.87,29.0,100931.0,0.0,100930.0,100930.0,11.0,0.0,0.0
2026-05-18 18:46:04,206,278408.0,26196.0,505.0,0.0,0.0,0.0,852.0,77.0,3.0,8.337408e+07,1.168355328e+09,1940.73,29.0,101030.0,0.0,101029.0,101029.0,11.0,0.0,0.0
2026-05-18 18:46:16,206,278885.0,26196.0,505.0,0.0,0.0,0.0,853.0,77.0,3.0,8.337408e+07,1.168355328e+09,1942.65,26.0,101129.0,0.0,101129.0,101129.0,11.0,0.0,0.0
2026-05-18 18:46:28,206,279389.0,26196.0,505.0,0.0,0.0,0.0,854.0,77.0,3.0,8.337408e+07,1.168355328e+09,1944.62,26.0,101229.0,0.0,101229.0,101229.0,11.0,0.0,0.0
2026-05-18 18:46:40,206,279389.0,26196.0,505.0,0.0,0.0,0.0,854.0,77.0,3.0,8.337408e+07,1.168355328e+09,1946.52,26.0,101328.0,0.0,101328.0,101328.0,11.0,0.0,0.0
2026-05-18 18:46:52,207,279893.0,26196.0,505.0,0.0,0.0,0.0,855.0,77.0,3.0,8.337408e+07,1.168355328e+09,1948.42,26.0,101426.0,0.0,101426.0,101426.0,11.0,0.0,0.0
2026-05-18 18:47:04,207,279893.0,26196.0,505.0,0.0,0.0,0.0,855.0,77.0,3.0,8.337408e+07,1.168355328e+09,1950.2900000000002,26.0,101526.0,0.0,101526.0,101526.0,11.0,0.0,0.0
2026-05-18 18:47:16,207,280397.0,26196.0,505.0,0.0,0.0,0.0,856.0,77.0,3.0,8.337408e+07,1.168355328e+09,1952.1599999999999,26.0,101627.0,0.0,101626.0,101626.0,11.0,0.0,0.0
2026-05-18 18:47:28,207,280898.0,26196.0,505.0,0.0,0.0,0.0,857.0,77.0,3.0,8.337408e+07,1.168355328e+09,1954.1100000000001,26.0,101726.0,0.0,101726.0,101726.0,11.0,0.0,0.0
2026-05-18 18:47:40,207,280898.0,26196.0,505.0,0.0,0.0,0.0,857.0,77.0,3.0,8.337408e+07,1.168355328e+09,1956.03,26.0,101826.0,0.0,101826.0,101826.0,11.0,0.0,0.0
2026-05-18 18:47:53,208,281399.0,26196.0,505.0,0.0,0.0,0.0,858.0,77.0,3.0,8.337408e+07,1.168355328e+09,1957.93,26.0,101925.0,0.0,101925.0,101925.0,11.0,0.0,0.0
2026-05-18 18:48:05,208,281399.0,26196.0,505.0,0.0,0.0,0.0,858.0,77.0,3.0,8.337408e+07,1.168355328e+09,1959.9099999999999,26.0,102024.0,0.0,102024.0,102024.0,11.0,0.0,0.0
2026-05-18 18:48:17,208,281399.0,26703.0,505.0,0.0,0.0,0.0,858.0,78.0,3.0,8.337408e+07,1.168355328e+09,1961.75,29.0,102124.0,0.0,102123.0,102123.0,11.0,0.0,0.0
2026-05-18 18:48:29,208,281660.0,26703.0,505.0,0.0,0.0,0.0,859.0,78.0,3.0,8.337408e+07,1.168355328e+09,1963.6599999999999,29.0,102223.0,0.0,102222.0,102222.0,11.0,0.0,0.0
2026-05-18 18:48:41,208,281957.0,26703.0,505.0,0.0,0.0,0.0,860.0,78.0,3.0,8.337408e+07,1.168355328e+09,1965.58,29.0,102322.0,0.0,102321.0,102321.0,11.0,0.0,0.0
2026-05-18 18:48:53,209,282254.0,26703.0,505.0,0.0,0.0,0.0,861.0,78.0,3.0,8.337408e+07,1.168355328e+09,1967.5,26.0,102421.0,0.0,102421.0,102421.0,11.0,0.0,0.0
2026-05-18 18:49:05,209,282758.0,26703.0,505.0,0.0,0.0,0.0,862.0,78.0,3.0,8.337408e+07,1.168355328e+09,1969.38,26.0,102520.0,0.0,102520.0,102520.0,11.0,0.0,0.0
2026-05-18 18:49:17,209,282758.0,26703.0,505.0,0.0,0.0,0.0,862.0,78.0,3.0,8.337408e+07,1.168355328e+09,1971.2199999999998,29.0,102621.0,0.0,102620.0,102620.0,11.0,0.0,0.0
2026-05-18 18:49:29,209,283151.0,26703.0,505.0,0.0,0.0,0.0,863.0,78.0,3.0,8.337408e+07,1.168355328e+09,1973.07,29.0,102719.0,0.0,102718.0,102718.0,11.0,0.0,0.0
2026-05-18 18:49:41,209,283445.0,26703.0,505.0,0.0,0.0,0.0,864.0,78.0,3.0,8.337408e+07,1.168355328e+09,1975.0700000000002,26.0,102818.0,0.0,102818.0,102818.0,11.0,0.0,0.0
2026-05-18 18:49:53,210,283949.0,26703.0,505.0,0.0,0.0,0.0,865.0,78.0,3.0,8.337408e+07,1.168355328e+09,1976.82,27.0,102918.0,0.0,102917.0,102917.0,11.0,0.0,0.0
2026-05-18 18:50:05,210,283949.0,26703.0,505.0,0.0,0.0,0.0,865.0,78.0,3.0,8.337408e+07,1.168355328e+09,1978.71,26.0,103016.0,0.0,103016.0,103016.0,11.0,0.0,0.0
2026-05-18 18:50:17,210,284453.0,26703.0,505.0,0.0,0.0,0.0,866.0,78.0,3.0,8.337408e+07,1.168355328e+09,1980.6299999999999,29.0,103117.0,0.0,103116.0,103116.0,11.0,0.0,0.0
2026-05-18 18:50:29,210,284453.0,26703.0,505.0,0.0,0.0,0.0,866.0,78.0,3.0,8.337408e+07,1.168355328e+09,1982.45,29.0,103216.0,0.0,103215.0,103215.0,11.0,0.0,0.0
2026-05-18 18:50:41,210,284936.0,26703.0,505.0,0.0,0.0,0.0,867.0,78.0,3.0,8.337408e+07,1.168355328e+09,1984.25,29.0,103315.0,0.0,103314.0,103314.0,11.0,0.0,0.0
2026-05-18 18:50:53,211,285233.0,26703.0,505.0,0.0,0.0,0.0,868.0,78.0,3.0,8.337408e+07,1.168355328e+09,1986.16,26.0,103413.0,0.0,103413.0,103413.0,11.0,0.0,0.0
2026-05-18 18:51:05,211,285737.0,26703.0,505.0,0.0,0.0,0.0,869.0,78.0,3.0,8.337408e+07,1.168355328e+09,1988.05,29.0,103513.0,0.0,103512.0,103512.0,11.0,0.0,0.0
2026-05-18 18:51:18,211,285737.0,26703.0,505.0,0.0,0.0,0.0,869.0,78.0,3.0,8.337408e+07,1.168355328e+09,1989.94,29.0,103615.0,0.0,103614.0,103614.0,11.0,0.0,0.0
2026-05-18 18:51:30,211,285737.0,27099.0,505.0,0.0,0.0,0.0,869.0,79.0,3.0,8.337408e+07,1.168355328e+09,1991.85,26.0,103715.0,0.0,103715.0,103715.0,11.0,0.0,0.0
2026-05-18 18:51:42,212,286241.0,27099.0,505.0,0.0,0.0,0.0,870.0,79.0,3.0,8.3243008e+07,1.168355328e+09,1993.81,27.0,103813.0,0.0,103812.0,103812.0,11.0,0.0,0.0
2026-05-18 18:51:54,212,286241.0,27099.0,505.0,0.0,0.0,0.0,870.0,79.0,3.0,8.3243008e+07,1.168355328e+09,1995.65,26.0,103911.0,0.0,103911.0,103911.0,11.0,0.0,0.0
2026-05-18 18:52:06,212,286745.0,27099.0,505.0,0.0,0.0,0.0,871.0,79.0,3.0,8.3243008e+07,1.168355328e+09,1997.45,26.0,104011.0,0.0,104011.0,104011.0,11.0,0.0,0.0
2026-05-18 18:52:18,212,286745.0,27099.0,505.0,0.0,0.0,0.0,871.0,79.0,3.0,8.3243008e+07,1.168355328e+09,1999.31,26.0,104110.0,0.0,104110.0,104110.0,11.0,0.0,0.0
2026-05-18 18:52:30,212,287249.0,27099.0,505.0,0.0,0.0,0.0,872.0,79.0,3.0,8.3243008e+07,1.168355328e+09,2001.14,26.0,104209.0,0.0,104209.0,104209.0,11.0,0.0,0.0
2026-05-18 18:52:42,213,287753.0,27099.0,505.0,0.0,0.0,0.0,873.0,79.0,3.0,8.3243008e+07,1.168355328e+09,2003.1999999999998,26.0,104310.0,0.0,104310.0,104310.0,11.0,0.0,0.0
2026-05-18 18:52:54,213,287753.0,27099.0,505.0,0.0,0.0,0.0,873.0,79.0,3.0,8.3243008e+07,1.168355328e+09,2005.02,26.0,104408.0,0.0,104408.0,104408.0,11.0,0.0,0.0
2026-05-18 18:53:06,213,288257.0,27099.0,505.0,0.0,0.0,0.0,874.0,79.0,3.0,8.3243008e+07,1.168355328e+09,2006.85,29.0,104507.0,0.0,104506.0,104506.0,11.0,0.0,0.0
2026-05-18 18:53:18,213,288257.0,27099.0,505.0,0.0,0.0,0.0,874.0,79.0,3.0,8.3243008e+07,1.168355328e+09,2008.77,29.0,104606.0,0.0,104605.0,104605.0,11.0,0.0,0.0
2026-05-18 18:53:30,213,288710.0,27099.0,505.0,0.0,0.0,0.0,875.0,79.0,3.0,8.3243008e+07,1.168355328e+09,2010.6399999999999,26.0,104705.0,0.0,104705.0,104705.0,11.0,0.0,0.0
2026-05-18 18:53:42,214,289214.0,27099.0,505.0,0.0,0.0,0.0,876.0,79.0,3.0,8.3243008e+07,1.168355328e+09,2012.5,26.0,104804.0,0.0,104804.0,104804.0,11.0,0.0,0.0
2026-05-18 18:53:54,214,289214.0,27099.0,505.0,0.0,0.0,0.0,876.0,79.0,3.0,8.3243008e+07,1.168355328e+09,2014.4499999999998,26.0,104903.0,0.0,104903.0,104903.0,11.0,0.0,0.0
2026-05-18 18:54:06,214,289718.0,27099.0,505.0,0.0,0.0,0.0,877.0,79.0,3.0,8.3243008e+07,1.168355328e+09,2016.26,29.0,105001.0,0.0,105000.0,105000.0,11.0,0.0,0.0
2026-05-18 18:54:18,214,289718.0,27099.0,505.0,0.0,0.0,0.0,877.0,79.0,3.0,8.3243008e+07,1.168355328e+09,2018.1699999999998,26.0,105101.0,0.0,105101.0,105101.0,11.0,0.0,0.0
2026-05-18 18:54:30,214,290222.0,27099.0,505.0,0.0,0.0,0.0,878.0,79.0,3.0,8.3243008e+07,1.168355328e+09,2020.06,27.0,105201.0,0.0,105200.0,105200.0,11.0,0.0,0.0
2026-05-18 18:54:42,215,290726.0,27099.0,505.0,0.0,0.0,0.0,879.0,79.0,3.0,8.3243008e+07,1.168355328e+09,2021.92,29.0,105300.0,0.0,105299.0,105299.0,11.0,0.0,0.0
2026-05-18 18:54:54,215,290726.0,27099.0,505.0,0.0,0.0,0.0,879.0,79.0,3.0,8.3243008e+07,1.168355328e+09,2023.77,29.0,105398.0,0.0,105397.0,105397.0,11.0,0.0,0.0
2026-05-18 18:55:06,215,291086.0,27099.0,505.0,0.0,0.0,0.0,880.0,79.0,3.0,8.3243008e+07,1.168355328e+09,2025.6100000000001,26.0,105497.0,0.0,105497.0,105497.0,11.0,0.0,0.0
2026-05-18 18:55:18,215,291086.0,27603.0,505.0,0.0,0.0,0.0,880.0,80.0,3.0,8.3243008e+07,1.168355328e+09,2027.54,29.0,105596.0,0.0,105595.0,105595.0,11.0,0.0,0.0
2026-05-18 18:55:30,215,291086.0,27603.0,505.0,0.0,0.0,0.0,880.0,80.0,3.0,8.3243008e+07,1.168355328e+09,2029.39,29.0,105696.0,0.0,105695.0,105695.0,11.0,0.0,0.0
2026-05-18 18:55:43,216,291476.0,27603.0,505.0,0.0,0.0,0.0,881.0,80.0,3.0,8.3243008e+07,1.168355328e+09,2031.21,26.0,105795.0,0.0,105795.0,105795.0,11.0,0.0,0.0
2026-05-18 18:55:55,216,291980.0,27603.0,505.0,0.0,0.0,0.0,882.0,80.0,3.0,8.3243008e+07,1.168355328e+09,2033.14,26.0,105894.0,0.0,105894.0,105894.0,11.0,0.0,0.0
2026-05-18 18:56:07,216,291980.0,27603.0,505.0,0.0,0.0,0.0,882.0,80.0,3.0,8.3243008e+07,1.168355328e+09,2035.11,29.0,105994.0,0.0,105993.0,105993.0,11.0,0.0,0.0
2026-05-18 18:56:19,216,292370.0,27603.0,505.0,0.0,0.0,0.0,883.0,80.0,3.0,8.3243008e+07,1.168355328e+09,2036.99,26.0,106092.0,0.0,106092.0,106092.0,11.0,0.0,0.0
2026-05-18 18:56:31,216,292874.0,27603.0,505.0,0.0,0.0,0.0,884.0,80.0,3.0,8.3243008e+07,1.168355328e+09,2038.83,29.0,106192.0,0.0,106191.0,106191.0,11.0,0.0,0.0
2026-05-18 18:56:43,217,292874.0,27603.0,505.0,0.0,0.0,0.0,884.0,80.0,3.0,8.3243008e+07,1.168355328e+09,2040.72,26.0,106290.0,0.0,106290.0,106290.0,11.0,0.0,0.0
2026-05-18 18:56:55,217,293378.0,27603.0,505.0,0.0,0.0,0.0,885.0,80.0,3.0,8.3243008e+07,1.168355328e+09,2042.5100000000002,26.0,106389.0,0.0,106389.0,106389.0,11.0,0.0,0.0
2026-05-18 18:57:07,217,293378.0,27603.0,505.0,0.0,0.0,0.0,885.0,80.0,3.0,8.3243008e+07,1.168355328e+09,2044.47,26.0,106488.0,0.0,106488.0,106488.0,11.0,0.0,0.0
2026-05-18 18:57:19,217,293882.0,27603.0,505.0,0.0,0.0,0.0,886.0,80.0,3.0,8.3243008e+07,1.168355328e+09,2046.4299999999998,29.0,106588.0,0.0,106587.0,106587.0,11.0,0.0,0.0
2026-05-18 18:57:31,217,294152.0,27603.0,505.0,0.0,0.0,0.0,887.0,80.0,3.0,8.3243008e+07,1.168355328e+09,2048.24,26.0,106688.0,0.0,106688.0,106688.0,11.0,0.0,0.0
2026-05-18 18:57:43,218,294656.0,27603.0,505.0,0.0,0.0,0.0,888.0,80.0,3.0,8.3243008e+07,1.168355328e+09,2050.16,28.0,106787.0,0.0,106786.0,106786.0,11.0,0.0,0.0
2026-05-18 18:57:55,218,294656.0,27603.0,505.0,0.0,0.0,0.0,888.0,80.0,3.0,8.3243008e+07,1.168355328e+09,2052.1,26.0,106887.0,0.0,106887.0,106887.0,11.0,0.0,0.0
2026-05-18 18:58:08,218,295160.0,27603.0,505.0,0.0,0.0,0.0,889.0,80.0,3.0,8.3243008e+07,1.168355328e+09,2054.1,29.0,106986.0,0.0,106985.0,106985.0,11.0,0.0,0.0
2026-05-18 18:58:20,218,295160.0,27603.0,505.0,0.0,0.0,0.0,889.0,80.0,3.0,8.3243008e+07,1.168355328e+09,2055.92,27.0,107084.0,0.0,107083.0,107083.0,11.0,0.0,0.0
2026-05-18 18:58:32,218,295640.0,27603.0,505.0,0.0,0.0,0.0,890.0,80.0,3.0,8.3243008e+07,1.168355328e+09,2057.75,26.0,107183.0,0.0,107183.0,107183.0,11.0,0.0,0.0
2026-05-18 18:58:44,219,296144.0,27603.0,505.0,0.0,0.0,0.0,891.0,80.0,3.0,8.3243008e+07,1.168355328e+09,2059.55,26.0,107282.0,0.0,107282.0,107282.0,11.0,0.0,0.0
2026-05-18 18:58:56,219,296144.0,27603.0,505.0,0.0,0.0,0.0,891.0,80.0,3.0,8.3243008e+07,1.168355328e+09,2061.48,26.0,107381.0,0.0,107381.0,107381.0,11.0,0.0,0.0
2026-05-18 18:59:08,219,296144.0,28107.0,505.0,0.0,0.0,0.0,891.0,81.0,3.0,8.3243008e+07,1.168355328e+09,2063.29,29.0,107480.0,0.0,107479.0,107479.0,11.0,0.0,0.0
2026-05-18 18:59:20,219,296144.0,28107.0,505.0,0.0,0.0,0.0,891.0,81.0,3.0,8.3243008e+07,1.168355328e+09,2065.16,27.0,107580.0,0.0,107580.0,107580.0,11.0,0.0,0.0
2026-05-18 18:59:32,219,296627.0,28107.0,505.0,0.0,0.0,0.0,892.0,81.0,3.0,8.3243008e+07,1.168355328e+09,2067.02,27.0,107680.0,0.0,107679.0,107679.0,11.0,0.0,0.0
2026-05-18 18:59:44,220,297128.0,28107.0,505.0,0.0,0.0,0.0,893.0,81.0,3.0,8.3243008e+07,1.168355328e+09,2068.9,29.0,107778.0,0.0,107777.0,107777.0,11.0,0.0,0.0
2026-05-18 18:59:56,220,297128.0,28107.0,505.0,0.0,0.0,0.0,893.0,81.0,3.0,8.3243008e+07,1.168355328e+09,2070.7400000000002,26.0,107876.0,0.0,107876.0,107876.0,11.0,0.0,0.0
2026-05-18 19:00:08,220,297632.0,28107.0,505.0,0.0,0.0,0.0,894.0,81.0,3.0,8.3243008e+07,1.168355328e+09,2072.69,26.0,107974.0,0.0,107974.0,107974.0,11.0,0.0,0.0
2026-05-18 19:00:20,220,297632.0,28107.0,505.0,0.0,0.0,0.0,894.0,81.0,3.0,8.3243008e+07,1.168355328e+09,2074.61,29.0,108073.0,0.0,108072.0,108072.0,11.0,0.0,0.0
2026-05-18 19:00:32,220,298103.0,28107.0,505.0,0.0,0.0,0.0,895.0,81.0,3.0,8.3243008e+07,1.168355328e+09,2076.54,29.0,108171.0,0.0,108170.0,108170.0,11.0,0.0,0.0
2026-05-18 19:00:44,221,298397.0,28107.0,505.0,0.0,0.0,0.0,896.0,81.0,3.0,8.3243008e+07,1.168355328e+09,2078.42,26.0,108270.0,0.0,108270.0,108270.0,11.0,0.0,0.0
2026-05-18 19:00:56,221,298901.0,28107.0,505.0,0.0,0.0,0.0,897.0,81.0,3.0,8.3243008e+07,1.168355328e+09,2080.33,26.0,108370.0,0.0,108370.0,108370.0,11.0,0.0,0.0
2026-05-18 19:01:08,221,298901.0,28107.0,505.0,0.0,0.0,0.0,897.0,81.0,3.0,8.3243008e+07,1.168355328e+09,2082.22,29.0,108469.0,0.0,108468.0,108468.0,11.0,0.0,0.0
2026-05-18 19:01:20,221,299291.0,28107.0,505.0,0.0,0.0,0.0,898.0,81.0,3.0,8.3243008e+07,1.168355328e+09,2084.17,26.0,108569.0,0.0,108569.0,108569.0,11.0,0.0,0.0
2026-05-18 19:01:32,221,299795.0,28107.0,505.0,0.0,0.0,0.0,899.0,81.0,3.0,8.3243008e+07,1.168355328e+09,2086.04,26.0,108669.0,0.0,108669.0,108669.0,11.0,0.0,0.0
2026-05-18 19:01:44,222,299795.0,28107.0,505.0,0.0,0.0,0.0,899.0,81.0,3.0,8.3243008e+07,1.168355328e+09,2087.96,26.0,108769.0,0.0,108769.0,108769.0,11.0,0.0,0.0
2026-05-18 19:01:57,222,300299.0,28107.0,505.0,0.0,0.0,0.0,900.0,81.0,3.0,8.3243008e+07,1.168355328e+09,2089.83,26.0,108868.0,0.0,108868.0,108868.0,11.0,0.0,0.0
2026-05-18 19:02:09,222,300299.0,28107.0,505.0,0.0,0.0,0.0,900.0,81.0,3.0,8.3243008e+07,1.168355328e+09,2091.73,26.0,108968.0,0.0,108968.0,108968.0,11.0,0.0,0.0
2026-05-18 19:02:21,222,300791.0,28107.0,505.0,0.0,0.0,0.0,901.0,81.0,3.0,8.3243008e+07,1.168355328e+09,2093.59,27.0,109067.0,0.0,109066.0,109066.0,11.0,0.0,0.0
2026-05-18 19:02:33,222,301292.0,28107.0,505.0,0.0,0.0,0.0,902.0,81.0,3.0,8.3243008e+07,1.168355328e+09,2095.46,26.0,109168.0,0.0,109168.0,109168.0,11.0,0.0,0.0
2026-05-18 19:02:45,223,301292.0,28107.0,505.0,0.0,0.0,0.0,902.0,81.0,3.0,8.3243008e+07,1.168355328e+09,2097.2599999999998,26.0,109266.0,0.0,109266.0,109266.0,11.0,0.0,0.0
2026-05-18 19:02:57,223,301292.0,28611.0,505.0,0.0,0.0,0.0,902.0,82.0,3.0,8.3243008e+07,1.168355328e+09,2099.1,26.0,109367.0,0.0,109367.0,109367.0,11.0,0.0,0.0
2026-05-18 19:03:09,223,301292.0,28611.0,505.0,0.0,0.0,0.0,902.0,82.0,3.0,8.3243008e+07,1.168355328e+09,2100.98,26.0,109466.0,0.0,109466.0,109466.0,11.0,0.0,0.0
2026-05-18 19:03:21,223,301781.0,28611.0,505.0,0.0,0.0,0.0,903.0,82.0,3.0,8.3243008e+07,1.168355328e+09,2102.92,29.0,109564.0,0.0,109563.0,109563.0,11.0,0.0,0.0
2026-05-18 19:03:33,223,302072.0,28611.0,505.0,0.0,0.0,0.0,904.0,82.0,3.0,8.3243008e+07,1.168355328e+09,2104.73,26.0,109661.0,0.0,109661.0,109661.0,11.0,0.0,0.0
2026-05-18 19:03:45,224,302576.0,28611.0,505.0,0.0,0.0,0.0,905.0,82.0,3.0,8.3243008e+07,1.168355328e+09,2106.65,26.0,109761.0,0.0,109761.0,109761.0,11.0,0.0,0.0
2026-05-18 19:03:58,224,302576.0,28611.0,505.0,0.0,0.0,0.0,905.0,82.0,3.0,8.3243008e+07,1.168355328e+09,2108.68,29.0,109862.0,0.0,109861.0,109861.0,11.0,0.0,0.0
2026-05-18 19:04:10,224,302966.0,28611.0,505.0,0.0,0.0,0.0,906.0,82.0,3.0,8.3243008e+07,1.168355328e+09,2110.55,29.0,109962.0,0.0,109961.0,109961.0,11.0,0.0,0.0
2026-05-18 19:04:22,224,303266.0,28611.0,505.0,0.0,0.0,0.0,907.0,82.0,3.0,8.3243008e+07,1.168355328e+09,2112.47,29.0,110061.0,0.0,110060.0,110060.0,11.0,0.0,0.0
2026-05-18 19:04:34,224,303563.0,28611.0,505.0,0.0,0.0,0.0,908.0,82.0,3.0,8.3243008e+07,1.168355328e+09,2114.38,27.0,110160.0,0.0,110159.0,110159.0,11.0,0.0,0.0
2026-05-18 19:04:46,225,304067.0,28611.0,505.0,0.0,0.0,0.0,909.0,82.0,3.0,8.3243008e+07,1.168355328e+09,2116.35,26.0,110258.0,0.0,110258.0,110258.0,11.0,0.0,0.0
2026-05-18 19:04:58,225,304067.0,28611.0,505.0,0.0,0.0,0.0,909.0,82.0,3.0,8.3243008e+07,1.168355328e+09,2118.33,26.0,110357.0,0.0,110357.0,110357.0,11.0,0.0,0.0
2026-05-18 19:05:10,225,304571.0,28611.0,505.0,0.0,0.0,0.0,910.0,82.0,3.0,8.3243008e+07,1.168355328e+09,2120.23,26.0,110458.0,0.0,110458.0,110458.0,11.0,0.0,0.0
2026-05-18 19:05:23,225,304571.0,28611.0,505.0,0.0,0.0,0.0,910.0,82.0,3.0,8.3243008e+07,1.168355328e+09,2122.25,26.0,110558.0,0.0,110558.0,110558.0,11.0,0.0,0.0
2026-05-18 19:05:35,225,305075.0,28611.0,505.0,0.0,0.0,0.0,911.0,82.0,3.0,8.3243008e+07,1.168355328e+09,2124.12,26.0,110658.0,0.0,110658.0,110658.0,11.0,0.0,0.0
2026-05-18 19:05:47,226,305579.0,28611.0,505.0,0.0,0.0,0.0,912.0,82.0,3.0,8.3243008e+07,1.168355328e+09,2125.9300000000003,29.0,110757.0,0.0,110756.0,110756.0,11.0,0.0,0.0
2026-05-18 19:05:59,226,305579.0,28611.0,505.0,0.0,0.0,0.0,912.0,82.0,3.0,8.3243008e+07,1.168355328e+09,2127.74,26.0,110856.0,0.0,110856.0,110856.0,11.0,0.0,0.0
2026-05-18 19:06:11,226,306083.0,28611.0,505.0,0.0,0.0,0.0,913.0,82.0,3.0,8.3243008e+07,1.168355328e+09,2129.65,27.0,110955.0,0.0,110955.0,110955.0,11.0,0.0,0.0
2026-05-18 19:06:23,226,306083.0,28611.0,505.0,0.0,0.0,0.0,913.0,82.0,3.0,8.3243008e+07,1.168355328e+09,2131.66,29.0,111054.0,0.0,111053.0,111053.0,11.0,0.0,0.0
2026-05-18 19:06:35,226,306083.0,29070.0,505.0,0.0,0.0,0.0,913.0,83.0,3.0,8.3243008e+07,1.168355328e+09,2133.55,27.0,111152.0,0.0,111151.0,111151.0,11.0,0.0,0.0
2026-05-18 19:06:47,227,306587.0,29070.0,505.0,0.0,0.0,0.0,914.0,83.0,3.0,8.3243008e+07,1.168355328e+09,2135.52,26.0,111252.0,0.0,111252.0,111252.0,11.0,0.0,0.0
2026-05-18 19:06:59,227,306587.0,29070.0,505.0,0.0,0.0,0.0,914.0,83.0,3.0,8.3243008e+07,1.168355328e+09,2137.43,26.0,111352.0,0.0,111352.0,111352.0,11.0,0.0,0.0
2026-05-18 19:07:12,227,307091.0,29070.0,505.0,0.0,0.0,0.0,915.0,83.0,3.0,8.3243008e+07,1.168355328e+09,2139.3199999999997,26.0,111451.0,0.0,111451.0,111451.0,11.0,0.0,0.0
2026-05-18 19:07:24,227,307091.0,29070.0,505.0,0.0,0.0,0.0,915.0,83.0,3.0,8.3243008e+07,1.168355328e+09,2141.19,26.0,111548.0,0.0,111548.0,111548.0,11.0,0.0,0.0
2026-05-18 19:07:35,227,307595.0,29070.0,505.0,0.0,0.0,0.0,916.0,83.0,3.0,8.3243008e+07,1.168355328e+09,2143.15,29.0,111647.0,0.0,111646.0,111646.0,11.0,0.0,0.0
2026-05-18 19:07:48,228,307862.0,29070.0,505.0,0.0,0.0,0.0,917.0,83.0,3.0,8.3243008e+07,1.168355328e+09,2144.99,26.0,111745.0,0.0,111745.0,111745.0,11.0,0.0,0.0
2026-05-18 19:07:59,228,308366.0,29070.0,505.0,0.0,0.0,0.0,918.0,83.0,3.0,8.3243008e+07,1.168355328e+09,2146.92,26.0,111842.0,0.0,111842.0,111842.0,11.0,0.0,0.0
2026-05-18 19:08:11,228,308366.0,29070.0,505.0,0.0,0.0,0.0,918.0,83.0,3.0,8.3243008e+07,1.168355328e+09,2148.84,26.0,111943.0,0.0,111943.0,111943.0,11.0,0.0,0.0
2026-05-18 19:08:24,228,308870.0,29070.0,505.0,0.0,0.0,0.0,919.0,83.0,3.0,8.3243008e+07,1.168355328e+09,2150.84,26.0,112041.0,0.0,112041.0,112041.0,11.0,0.0,0.0
2026-05-18 19:08:35,228,308870.0,29070.0,505.0,0.0,0.0,0.0,919.0,83.0,3.0,8.3243008e+07,1.168355328e+09,2152.69,29.0,112141.0,0.0,112140.0,112140.0,11.0,0.0,0.0
2026-05-18 19:08:48,229,309344.0,29070.0,505.0,0.0,0.0,0.0,920.0,83.0,3.0,8.3243008e+07,1.168355328e+09,2154.61,26.0,112238.0,0.0,112238.0,112238.0,11.0,0.0,0.0
2026-05-18 19:09:00,229,309848.0,29070.0,505.0,0.0,0.0,0.0,921.0,83.0,3.0,8.3243008e+07,1.168355328e+09,2156.5,29.0,112337.0,0.0,112336.0,112336.0,11.0,0.0,0.0
2026-05-18 19:09:12,229,309848.0,29070.0,505.0,0.0,0.0,0.0,921.0,83.0,3.0,8.3243008e+07,1.168355328e+09,2158.41,29.0,112437.0,0.0,112436.0,112436.0,11.0,0.0,0.0
2026-05-18 19:09:24,229,310232.0,29070.0,505.0,0.0,0.0,0.0,922.0,83.0,3.0,8.3243008e+07,1.168355328e+09,2160.24,26.0,112536.0,0.0,112536.0,112536.0,11.0,0.0,0.0
2026-05-18 19:09:36,229,310736.0,29070.0,505.0,0.0,0.0,0.0,923.0,83.0,3.0,8.3243008e+07,1.168355328e+09,2162.1,26.0,112635.0,0.0,112635.0,112635.0,11.0,0.0,0.0
2026-05-18 19:09:48,230,310736.0,29070.0,505.0,0.0,0.0,0.0,923.0,83.0,3.0,8.3243008e+07,1.168355328e+09,2164.0299999999997,26.0,112733.0,0.0,112733.0,112733.0,11.0,0.0,0.0
2026-05-18 19:10:00,230,311240.0,29070.0,505.0,0.0,0.0,0.0,924.0,83.0,3.0,8.3243008e+07,1.168355328e+09,2165.93,26.0,112831.0,0.0,112831.0,112831.0,11.0,0.0,0.0
2026-05-18 19:10:12,230,311240.0,29070.0,505.0,0.0,0.0,0.0,924.0,83.0,3.0,8.3243008e+07,1.168355328e+09,2167.79,26.0,112930.0,0.0,112930.0,112930.0,11.0,0.0,0.0
2026-05-18 19:10:24,230,311240.0,29574.0,505.0,0.0,0.0,0.0,924.0,84.0,3.0,8.3243008e+07,1.168355328e+09,2169.69,26.0,113028.0,0.0,113028.0,113028.0,11.0,0.0,0.0
2026-05-18 19:10:36,230,311744.0,29574.0,505.0,0.0,0.0,0.0,925.0,84.0,3.0,8.3243008e+07,1.168355328e+09,2171.66,26.0,113128.0,0.0,113127.0,113127.0,11.0,0.0,0.0
2026-05-18 19:10:48,231,311744.0,29574.0,505.0,0.0,0.0,0.0,925.0,84.0,3.0,8.3243008e+07,1.168355328e+09,2173.53,26.0,113227.0,0.0,113227.0,113227.0,11.0,0.0,0.0
2026-05-18 19:11:00,231,312248.0,29574.0,505.0,0.0,0.0,0.0,926.0,84.0,3.0,8.3243008e+07,1.168355328e+09,2175.3399999999997,26.0,113325.0,0.0,113325.0,113325.0,11.0,0.0,0.0
2026-05-18 19:11:12,231,312248.0,29574.0,505.0,0.0,0.0,0.0,926.0,84.0,3.0,8.3243008e+07,1.168355328e+09,2177.19,26.0,113425.0,0.0,113425.0,113425.0,11.0,0.0,0.0
2026-05-18 19:11:24,231,312752.0,29574.0,505.0,0.0,0.0,0.0,927.0,84.0,3.0,8.3243008e+07,1.168355328e+09,2179.1099999999997,26.0,113525.0,0.0,113525.0,113525.0,11.0,0.0,0.0
2026-05-18 19:11:36,231,313256.0,29574.0,505.0,0.0,0.0,0.0,928.0,84.0,3.0,8.3243008e+07,1.168355328e+09,2181.1,29.0,113624.0,0.0,113623.0,113623.0,11.0,0.0,0.0
2026-05-18 19:11:48,232,313256.0,29574.0,505.0,0.0,0.0,0.0,928.0,84.0,3.0,8.3243008e+07,1.168355328e+09,2182.98,26.0,113722.0,0.0,113722.0,113722.0,11.0,0.0,0.0
2026-05-18 19:12:00,232,313760.0,29574.0,505.0,0.0,0.0,0.0,929.0,84.0,3.0,8.3243008e+07,1.168355328e+09,2184.98,29.0,113823.0,0.0,113822.0,113822.0,11.0,0.0,0.0
2026-05-18 19:12:12,232,313760.0,29574.0,505.0,0.0,0.0,0.0,929.0,84.0,3.0,8.3243008e+07,1.168355328e+09,2186.83,26.0,113923.0,0.0,113923.0,113923.0,11.0,0.0,0.0
2026-05-18 19:12:24,232,314264.0,29574.0,505.0,0.0,0.0,0.0,930.0,84.0,3.0,8.3243008e+07,1.168355328e+09,2188.73,27.0,114021.0,0.0,114020.0,114020.0,11.0,0.0,0.0
2026-05-18 19:12:36,232,314768.0,29574.0,505.0,0.0,0.0,0.0,931.0,84.0,3.0,8.3243008e+07,1.168355328e+09,2190.7200000000003,29.0,114119.0,0.0,114118.0,114118.0,11.0,0.0,0.0
2026-05-18 19:12:48,233,314768.0,29574.0,505.0,0.0,0.0,0.0,931.0,84.0,3.0,8.3243008e+07,1.168355328e+09,2192.64,27.0,114217.0,0.0,114216.0,114216.0,11.0,0.0,0.0
2026-05-18 19:13:00,233,315272.0,29574.0,505.0,0.0,0.0,0.0,932.0,84.0,3.0,8.3243008e+07,1.168355328e+09,2194.5,26.0,114316.0,0.0,114316.0,114316.0,11.0,0.0,0.0
2026-05-18 19:13:12,233,315272.0,29574.0,505.0,0.0,0.0,0.0,932.0,84.0,3.0,8.3111936e+07,1.168355328e+09,2196.46,26.0,114416.0,0.0,114416.0,114416.0,11.0,0.0,0.0
2026-05-18 19:13:24,233,315776.0,29574.0,505.0,0.0,0.0,0.0,933.0,84.0,3.0,8.3111936e+07,1.168355328e+09,2198.4,29.0,114515.0,0.0,114514.0,114514.0,11.0,0.0,0.0
2026-05-18 19:13:36,233,316259.0,29574.0,505.0,0.0,0.0,0.0,934.0,84.0,3.0,8.3111936e+07,1.168355328e+09,2200.2599999999998,27.0,114614.0,0.0,114614.0,114614.0,11.0,0.0,0.0
2026-05-18 19:13:48,234,316259.0,29574.0,505.0,0.0,0.0,0.0,934.0,84.0,3.0,8.3111936e+07,1.168355328e+09,2202.06,29.0,114713.0,0.0,114712.0,114712.0,11.0,0.0,0.0
2026-05-18 19:14:01,234,316556.0,29574.0,505.0,0.0,0.0,0.0,935.0,84.0,3.0,8.3111936e+07,1.168355328e+09,2204.0,29.0,114813.0,0.0,114812.0,114812.0,11.0,0.0,0.0
2026-05-18 19:14:13,234,316556.0,29874.0,505.0,0.0,0.0,0.0,935.0,85.0,3.0,8.3111936e+07,1.168355328e+09,2205.89,26.0,114911.0,0.0,114911.0,114911.0,11.0,0.0,0.0
2026-05-18 19:14:25,234,317060.0,29874.0,505.0,0.0,0.0,0.0,936.0,85.0,3.0,8.3111936e+07,1.168355328e+09,2207.8,29.0,115010.0,0.0,115009.0,115009.0,11.0,0.0,0.0
2026-05-18 19:14:37,234,317060.0,29874.0,505.0,0.0,0.0,0.0,936.0,85.0,3.0,8.3111936e+07,1.168355328e+09,2209.75,26.0,115108.0,0.0,115108.0,115108.0,11.0,0.0,0.0
2026-05-18 19:14:49,235,317561.0,29874.0,505.0,0.0,0.0,0.0,937.0,85.0,3.0,8.3111936e+07,1.168355328e+09,2211.59,26.0,115207.0,0.0,115207.0,115207.0,11.0,0.0,0.0
2026-05-18 19:15:01,235,317561.0,29874.0,505.0,0.0,0.0,0.0,937.0,85.0,3.0,8.3111936e+07,1.168355328e+09,2213.46,26.0,115305.0,0.0,115305.0,115305.0,11.0,0.0,0.0
2026-05-18 19:15:13,235,318062.0,29874.0,505.0,0.0,0.0,0.0,938.0,85.0,3.0,8.3111936e+07,1.168355328e+09,2215.3,26.0,115403.0,0.0,115403.0,115403.0,11.0,0.0,0.0
2026-05-18 19:15:25,235,318566.0,29874.0,505.0,0.0,0.0,0.0,939.0,85.0,3.0,8.3111936e+07,1.168355328e+09,2217.16,29.0,115503.0,0.0,115502.0,115502.0,11.0,0.0,0.0
2026-05-18 19:15:37,235,318566.0,29874.0,505.0,0.0,0.0,0.0,939.0,85.0,3.0,8.3111936e+07,1.168355328e+09,2219.05,26.0,115603.0,0.0,115603.0,115603.0,11.0,0.0,0.0
2026-05-18 19:15:49,236,319070.0,29874.0,505.0,0.0,0.0,0.0,940.0,85.0,3.0,8.3111936e+07,1.168355328e+09,2220.87,26.0,115701.0,0.0,115701.0,115701.0,11.0,0.0,0.0
2026-05-18 19:16:01,236,319070.0,29874.0,505.0,0.0,0.0,0.0,940.0,85.0,3.0,8.3111936e+07,1.168355328e+09,2222.7799999999997,29.0,115801.0,0.0,115800.0,115800.0,11.0,0.0,0.0
2026-05-18 19:16:13,236,319517.0,29874.0,505.0,0.0,0.0,0.0,941.0,85.0,3.0,8.3111936e+07,1.168355328e+09,2224.61,26.0,115900.0,0.0,115900.0,115900.0,11.0,0.0,0.0
2026-05-18 19:16:25,236,320021.0,29874.0,505.0,0.0,0.0,0.0,942.0,85.0,3.0,8.3111936e+07,1.168355328e+09,2226.6,26.0,115998.0,0.0,115998.0,115998.0,11.0,0.0,0.0
2026-05-18 19:16:37,236,320021.0,29874.0,505.0,0.0,0.0,0.0,942.0,85.0,3.0,8.3111936e+07,1.168355328e+09,2228.4700000000003,26.0,116098.0,0.0,116098.0,116098.0,11.0,0.0,0.0
2026-05-18 19:16:49,237,320525.0,29874.0,505.0,0.0,0.0,0.0,943.0,85.0,3.0,8.3111936e+07,1.168355328e+09,2230.4100000000003,26.0,116197.0,0.0,116197.0,116197.0,11.0,0.0,0.0
2026-05-18 19:17:01,237,320525.0,29874.0,505.0,0.0,0.0,0.0,943.0,85.0,3.0,8.3111936e+07,1.168355328e+09,2232.3300000000004,26.0,116296.0,0.0,116296.0,116296.0,11.0,0.0,0.0
2026-05-18 19:17:13,237,321029.0,29874.0,505.0,0.0,0.0,0.0,944.0,85.0,3.0,8.3111936e+07,1.168355328e+09,2234.23,26.0,116394.0,0.0,116394.0,116394.0,11.0,0.0,0.0
2026-05-18 19:17:25,237,321533.0,29874.0,505.0,0.0,0.0,0.0,945.0,85.0,3.0,8.3111936e+07,1.168355328e+09,2235.9900000000002,26.0,116492.0,0.0,116492.0,116492.0,11.0,0.0,0.0
2026-05-18 19:17:37,237,321533.0,29874.0,505.0,0.0,0.0,0.0,945.0,85.0,3.0,8.3111936e+07,1.168355328e+09,2237.92,26.0,116592.0,0.0,116592.0,116592.0,11.0,0.0,0.0
2026-05-18 19:17:49,238,322037.0,29874.0,505.0,0.0,0.0,0.0,946.0,85.0,3.0,8.3111936e+07,1.168355328e+09,2239.78,26.0,116691.0,0.0,116691.0,116691.0,11.0,0.0,0.0
2026-05-18 19:18:01,238,322037.0,29874.0,505.0,0.0,0.0,0.0,946.0,85.0,3.0,8.3111936e+07,1.168355328e+09,2241.68,29.0,116791.0,0.0,116790.0,116790.0,11.0,0.0,0.0
2026-05-18 19:18:13,238,322037.0,30327.0,505.0,0.0,0.0,0.0,946.0,86.0,3.0,8.3111936e+07,1.168355328e+09,2243.52,26.0,116889.0,0.0,116889.0,116889.0,11.0,0.0,0.0
2026-05-18 19:18:25,238,322541.0,30327.0,505.0,0.0,0.0,0.0,947.0,86.0,3.0,8.3111936e+07,1.168355328e+09,2245.33,29.0,116988.0,0.0,116987.0,116987.0,11.0,0.0,0.0
2026-05-18 19:18:37,238,322541.0,30327.0,505.0,0.0,0.0,0.0,947.0,86.0,3.0,8.3111936e+07,1.168355328e+09,2247.22,26.0,117087.0,0.0,117087.0,117087.0,11.0,0.0,0.0
2026-05-18 19:18:49,239,323045.0,30327.0,505.0,0.0,0.0,0.0,948.0,86.0,3.0,8.3111936e+07,1.168355328e+09,2249.12,29.0,117187.0,0.0,117186.0,117186.0,11.0,0.0,0.0
2026-05-18 19:19:01,239,323045.0,30327.0,505.0,0.0,0.0,0.0,948.0,86.0,3.0,8.3111936e+07,1.168355328e+09,2251.07,26.0,117286.0,0.0,117286.0,117286.0,11.0,0.0,0.0
2026-05-18 19:19:13,239,323549.0,30327.0,505.0,0.0,0.0,0.0,949.0,86.0,3.0,8.3111936e+07,1.168355328e+09,2252.95,26.0,117386.0,0.0,117386.0,117386.0,11.0,0.0,0.0
2026-05-18 19:19:25,239,324053.0,30327.0,505.0,0.0,0.0,0.0,950.0,86.0,3.0,8.3111936e+07,1.168355328e+09,2254.92,27.0,117486.0,0.0,117485.0,117485.0,11.0,0.0,0.0
2026-05-18 19:19:37,239,324053.0,30327.0,505.0,0.0,0.0,0.0,950.0,86.0,3.0,8.3111936e+07,1.168355328e+09,2256.8100000000004,29.0,117584.0,0.0,117583.0,117583.0,11.0,0.0,0.0
2026-05-18 19:19:49,240,324416.0,30327.0,505.0,0.0,0.0,0.0,951.0,86.0,3.0,8.3111936e+07,1.168355328e+09,2258.7400000000002,26.0,117683.0,0.0,117683.0,117683.0,11.0,0.0,0.0
2026-05-18 19:20:02,240,324920.0,30327.0,505.0,0.0,0.0,0.0,952.0,86.0,3.0,8.3111936e+07,1.168355328e+09,2260.56,26.0,117782.0,0.0,117782.0,117782.0,11.0,0.0,0.0
2026-05-18 19:20:14,240,324920.0,30327.0,505.0,0.0,0.0,0.0,952.0,86.0,3.0,8.3111936e+07,1.168355328e+09,2262.48,26.0,117879.0,0.0,117879.0,117879.0,11.0,0.0,0.0
2026-05-18 19:20:25,240,325424.0,30327.0,505.0,0.0,0.0,0.0,953.0,86.0,3.0,8.3111936e+07,1.168355328e+09,2264.4300000000003,26.0,117978.0,0.0,117978.0,117978.0,11.0,0.0,0.0
2026-05-18 19:20:37,240,325424.0,30327.0,505.0,0.0,0.0,0.0,953.0,86.0,3.0,8.3111936e+07,1.168355328e+09,2266.18,26.0,118077.0,0.0,118077.0,118077.0,11.0,0.0,0.0
2026-05-18 19:20:50,241,325925.0,30327.0,505.0,0.0,0.0,0.0,954.0,86.0,3.0,8.3111936e+07,1.168355328e+09,2267.0499999999997,26.0,118123.0,0.0,118123.0,118123.0,11.0,0.0,0.0
2026-05-18 19:21:02,241,325925.0,30327.0,505.0,0.0,0.0,0.0,954.0,86.0,3.0,8.3111936e+07,1.168355328e+09,2267.07,26.0,118123.0,0.0,118123.0,118123.0,11.0,0.0,0.0
2026-05-18 19:21:14,241,325925.0,30327.0,505.0,0.0,0.0,0.0,954.0,86.0,3.0,8.3111936e+07,1.168355328e+09,2267.0899999999997,26.0,118123.0,0.0,118123.0,118123.0,11.0,0.0,0.0
2026-05-18 19:21:26,241,325925.0,30327.0,505.0,0.0,0.0,0.0,954.0,86.0,3.0,8.3111936e+07,1.168355328e+09,2267.1,26.0,118123.0,0.0,118123.0,118123.0,11.0,0.0,0.0
2026-05-18 19:21:38,241,325925.0,30327.0,505.0,0.0,0.0,0.0,954.0,86.0,3.0,8.3111936e+07,1.168355328e+09,2267.12,26.0,118123.0,0.0,118123.0,118123.0,11.0,0.0,0.0
2026-05-18 19:21:50,242,325925.0,30327.0,505.0,0.0,0.0,0.0,954.0,86.0,3.0,8.3111936e+07,1.168355328e+09,2267.14,26.0,118123.0,0.0,118123.0,118123.0,11.0,0.0,0.0
2026-05-18 19:22:02,242,325925.0,30327.0,505.0,0.0,0.0,0.0,954.0,86.0,3.0,8.3111936e+07,1.168355328e+09,2267.16,26.0,118123.0,0.0,118123.0,118123.0,11.0,0.0,0.0
2026-05-18 19:22:14,242,325925.0,30327.0,505.0,0.0,0.0,0.0,954.0,86.0,3.0,8.3111936e+07,1.168355328e+09,2267.17,26.0,118123.0,0.0,118123.0,118123.0,11.0,0.0,0.0
2026-05-18 19:22:25,242,325925.0,30327.0,505.0,0.0,0.0,0.0,954.0,86.0,3.0,8.3111936e+07,1.168355328e+09,2267.19,26.0,118123.0,0.0,118123.0,118123.0,11.0,0.0,0.0
2026-05-18 19:22:37,242,325925.0,30327.0,505.0,0.0,0.0,0.0,954.0,86.0,3.0,8.2980864e+07,1.168355328e+09,2267.2,26.0,118123.0,0.0,118123.0,118123.0,11.0,0.0,0.0
2026-05-18 19:22:49,243,325925.0,30327.0,505.0,0.0,0.0,0.0,954.0,86.0,3.0,8.2980864e+07,1.168355328e+09,2267.2200000000003,26.0,118123.0,0.0,118123.0,118123.0,11.0,0.0,0.0
2026-05-18 19:23:01,243,325925.0,30327.0,505.0,0.0,0.0,0.0,954.0,86.0,3.0,8.2980864e+07,1.168355328e+09,2267.24,26.0,118123.0,0.0,118123.0,118123.0,11.0,0.0,0.0
2026-05-18 19:23:13,243,325925.0,30327.0,505.0,0.0,0.0,0.0,954.0,86.0,3.0,8.2980864e+07,1.168355328e+09,2267.26,26.0,118123.0,0.0,118123.0,118123.0,11.0,0.0,0.0
2026-05-18 19:23:25,243,325925.0,30327.0,505.0,0.0,0.0,0.0,954.0,86.0,3.0,8.2980864e+07,1.168355328e+09,2267.27,26.0,118123.0,0.0,118123.0,118123.0,11.0,0.0,0.0
2026-05-18 19:23:37,243,325925.0,30327.0,505.0,0.0,0.0,0.0,954.0,86.0,3.0,8.2980864e+07,1.168355328e+09,2267.29,26.0,118123.0,0.0,118123.0,118123.0,11.0,0.0,0.0
2026-05-18 19:23:49,244,325925.0,30327.0,505.0,0.0,0.0,0.0,954.0,86.0,3.0,8.2980864e+07,1.168355328e+09,2267.3100000000004,26.0,118123.0,0.0,118123.0,118123.0,11.0,0.0,0.0
2026-05-18 19:24:01,244,325925.0,30327.0,505.0,0.0,0.0,0.0,954.0,86.0,3.0,8.2980864e+07,1.168355328e+09,2267.32,26.0,118123.0,0.0,118123.0,118123.0,11.0,0.0,0.0
2026-05-18 19:24:12,244,325925.0,30327.0,505.0,0.0,0.0,0.0,954.0,86.0,3.0,8.2980864e+07,1.168355328e+09,2267.34,26.0,118123.0,0.0,118123.0,118123.0,11.0,0.0,0.0
2026-05-18 19:24:24,244,325925.0,30327.0,505.0,0.0,0.0,0.0,954.0,86.0,3.0,8.2980864e+07,1.168355328e+09,2267.36,26.0,118123.0,0.0,118123.0,118123.0,11.0,0.0,0.0
2026-05-18 19:24:35,244,325925.0,30327.0,505.0,0.0,0.0,0.0,954.0,86.0,3.0,8.2980864e+07,1.168355328e+09,2267.3700000000003,26.0,118123.0,0.0,118123.0,118123.0,11.0,0.0,0.0
2026-05-18 19:24:47,245,325925.0,30327.0,505.0,0.0,0.0,0.0,954.0,86.0,3.0,8.2980864e+07,1.168355328e+09,2267.39,26.0,118123.0,0.0,118123.0,118123.0,11.0,0.0,0.0
2026-05-18 19:24:58,245,325925.0,30327.0,505.0,0.0,0.0,0.0,954.0,86.0,3.0,8.2980864e+07,1.168355328e+09,2267.4100000000003,26.0,118123.0,0.0,118123.0,118123.0,11.0,0.0,0.0
2026-05-18 19:25:10,245,325925.0,30327.0,505.0,0.0,0.0,0.0,954.0,86.0,3.0,8.2980864e+07,1.168355328e+09,2267.42,26.0,118123.0,0.0,118123.0,118123.0,11.0,0.0,0.0
2026-05-18 19:25:22,245,325925.0,30327.0,505.0,0.0,0.0,0.0,954.0,86.0,3.0,8.2980864e+07,1.168355328e+09,2267.44,26.0,118123.0,0.0,118123.0,118123.0,11.0,0.0,0.0
2026-05-18 19:25:33,245,325925.0,30327.0,505.0,0.0,0.0,0.0,954.0,86.0,3.0,8.2980864e+07,1.168355328e+09,2267.46,26.0,118123.0,0.0,118123.0,118123.0,11.0,0.0,0.0
2026-05-18 19:25:45,246,325925.0,30327.0,505.0,0.0,0.0,0.0,954.0,86.0,3.0,8.2980864e+07,1.168355328e+09,2267.4700000000003,26.0,118123.0,0.0,118123.0,118123.0,11.0,0.0,0.0
2026-05-18 19:25:56,246,325925.0,30327.0,505.0,0.0,0.0,0.0,954.0,86.0,3.0,8.2980864e+07,1.168355328e+09,2267.49,26.0,118123.0,0.0,118123.0,118123.0,11.0,0.0,0.0
2026-05-18 19:26:08,246,325925.0,30327.0,505.0,0.0,0.0,0.0,954.0,86.0,3.0,8.2980864e+07,1.168355328e+09,2267.5099999999998,26.0,118123.0,0.0,118123.0,118123.0,11.0,0.0,0.0
2026-05-18 19:26:19,246,325925.0,30327.0,505.0,0.0,0.0,0.0,954.0,86.0,3.0,8.2980864e+07,1.168355328e+09,2267.53,26.0,118123.0,0.0,118123.0,118123.0,11.0,0.0,0.0
2026-05-18 19:26:31,246,325925.0,30327.0,505.0,0.0,0.0,0.0,954.0,86.0,3.0,8.2980864e+07,1.168355328e+09,2267.54,26.0,118123.0,0.0,118123.0,118123.0,11.0,0.0,0.0
2026-05-18 19:26:43,247,325925.0,30327.0,505.0,0.0,0.0,0.0,954.0,86.0,3.0,8.2980864e+07,1.168355328e+09,2267.56,26.0,118123.0,0.0,118123.0,118123.0,11.0,0.0,0.0
2026-05-18 19:26:54,247,325925.0,30327.0,505.0,0.0,0.0,0.0,954.0,86.0,3.0,8.2980864e+07,1.168355328e+09,2267.58,26.0,118123.0,0.0,118123.0,118123.0,11.0,0.0,0.0
2026-05-18 19:27:06,247,325925.0,30327.0,505.0,0.0,0.0,0.0,954.0,86.0,3.0,8.2980864e+07,1.168355328e+09,2267.59,26.0,118123.0,0.0,118123.0,118123.0,11.0,0.0,0.0
2026-05-18 19:27:17,247,325925.0,30327.0,505.0,0.0,0.0,0.0,954.0,86.0,3.0,8.2980864e+07,1.168355328e+09,2267.62,26.0,118123.0,0.0,118123.0,118123.0,11.0,0.0,0.0
2026-05-18 19:27:29,247,325925.0,30327.0,505.0,0.0,0.0,0.0,954.0,86.0,3.0,8.2980864e+07,1.168355328e+09,2267.63,26.0,118123.0,0.0,118123.0,118123.0,11.0,0.0,0.0
2026-05-18 19:27:40,247,325925.0,30327.0,505.0,0.0,0.0,0.0,954.0,86.0,3.0,8.2980864e+07,1.168355328e+09,2267.6499999999996,26.0,118123.0,0.0,118123.0,118123.0,11.0,0.0,0.0
2026-05-18 19:27:52,248,325925.0,30327.0,505.0,0.0,0.0,0.0,954.0,86.0,3.0,8.2980864e+07,1.168355328e+09,2267.66,26.0,118123.0,0.0,118123.0,118123.0,11.0,0.0,0.0
2026-05-18 19:28:03,248,325925.0,30327.0,505.0,0.0,0.0,0.0,954.0,86.0,3.0,8.2980864e+07,1.168355328e+09,2267.69,26.0,118123.0,0.0,118123.0,118123.0,11.0,0.0,0.0
2026-05-18 19:28:15,248,325925.0,30327.0,505.0,0.0,0.0,0.0,954.0,86.0,3.0,8.2980864e+07,1.168355328e+09,2267.7,26.0,118123.0,0.0,118123.0,118123.0,11.0,0.0,0.0
2026-05-18 19:28:27,248,325925.0,30327.0,505.0,0.0,0.0,0.0,954.0,86.0,3.0,8.2980864e+07,1.168355328e+09,2267.71,26.0,118123.0,0.0,118123.0,118123.0,11.0,0.0,0.0
2026-05-18 19:28:38,248,325925.0,30327.0,505.0,0.0,0.0,0.0,954.0,86.0,3.0,8.2980864e+07,1.168355328e+09,2267.7400000000002,26.0,118123.0,0.0,118123.0,118123.0,11.0,0.0,0.0
2026-05-18 19:28:50,249,325925.0,30327.0,505.0,0.0,0.0,0.0,954.0,86.0,3.0,8.2980864e+07,1.168355328e+09,2267.75,26.0,118123.0,0.0,118123.0,118123.0,11.0,0.0,0.0
2026-05-18 19:29:01,249,325925.0,30327.0,505.0,0.0,0.0,0.0,954.0,86.0,3.0,8.2980864e+07,1.168355328e+09,2267.77,26.0,118123.0,0.0,118123.0,118123.0,11.0,0.0,0.0
2026-05-18 19:29:13,249,325925.0,30327.0,505.0,0.0,0.0,0.0,954.0,86.0,3.0,8.2980864e+07,1.168355328e+09,2267.7799999999997,26.0,118123.0,0.0,118123.0,118123.0,11.0,0.0,0.0
