timestamp,elapsed_min,cpu_perc,mem_usage_mb,mem_limit_mb,mem_perc,net_io,block_io
2026-05-18 15:19:42,0,0.71,109.2MB,34068.5,0.33,68.3kB / 52.48kB,8.192kB / 0B
2026-05-18 15:19:54,0,0.71,112.9MB,34068.5,0.34,73.52kB / 56.7kB,8.192kB / 0B
2026-05-18 15:20:06,0,0.71,113.2MB,34068.5,0.34,78.67kB / 61.09kB,8.192kB / 0B
2026-05-18 15:20:18,0,0.72,112.9MB,34068.5,0.34,83.74kB / 65.24kB,8.192kB / 0B
2026-05-18 15:20:30,0,0.72,112.7MB,34068.5,0.34,88.81kB / 69.4kB,8.192kB / 0B
2026-05-18 15:20:42,1,0.73,112.9MB,34068.5,0.34,93.67kB / 73.39kB,8.192kB / 0B
2026-05-18 15:20:54,1,1.43,113.2MB,34068.5,0.34,8.058MB / 8.105MB,8.192kB / 0B
2026-05-18 15:21:06,1,2.32,114.1MB,34068.5,0.34,18.57MB / 18.6MB,8.192kB / 0B
2026-05-18 15:21:18,1,3.10,113.7MB,34068.5,0.34,29.08MB / 29.3MB,8.192kB / 0B
2026-05-18 15:21:30,1,3.73,114.4MB,34068.5,0.34,39.69MB / 40.01MB,8.192kB / 0B
2026-05-18 15:21:42,2,4.33,114.6MB,34068.5,0.34,49.99MB / 50.39MB,8.192kB / 0B
2026-05-18 15:21:54,2,4.84,114.3MB,34068.5,0.34,60.5MB / 60.99MB,8.192kB / 0B
2026-05-18 15:22:06,2,5.34,114.2MB,34068.5,0.34,70.9MB / 71.48MB,8.192kB / 0B
2026-05-18 15:22:18,2,5.82,115.2MB,34068.5,0.35,81.52MB / 82.19MB,8.192kB / 0B
2026-05-18 15:22:30,2,6.24,114.1MB,34068.5,0.34,91.92MB / 92.68MB,8.192kB / 0B
2026-05-18 15:22:42,3,6.64,114.8MB,34068.5,0.34,102.5MB / 103.4MB,8.192kB / 0B
2026-05-18 15:22:54,3,7.00,114.2MB,34068.5,0.34,113.2MB / 114.1MB,8.192kB / 0B
2026-05-18 15:23:06,3,7.34,114.8MB,34068.5,0.35,123.8MB / 124.8MB,8.192kB / 0B
2026-05-18 15:23:18,3,7.66,114.8MB,34068.5,0.35,134.2MB / 135.3MB,8.192kB / 0B
2026-05-18 15:23:30,3,7.95,114.8MB,34068.5,0.35,144.7MB / 145.9MB,8.192kB / 0B
2026-05-18 15:23:42,4,8.21,114.5MB,34068.5,0.34,155.2MB / 156.5MB,8.192kB / 0B
2026-05-18 15:23:54,4,8.50,115.3MB,34068.5,0.35,165.7MB / 167.1MB,8.192kB / 0B
2026-05-18 15:24:06,4,8.74,115.4MB,34068.5,0.35,176.3MB / 177.8MB,8.192kB / 0B
2026-05-18 15:24:18,4,8.96,115.2MB,34068.5,0.35,186.9MB / 188.5MB,8.192kB / 0B
2026-05-18 15:24:30,4,9.19,115.4MB,34068.5,0.35,197.4MB / 199.1MB,8.192kB / 0B
2026-05-18 15:24:42,5,9.41,115.8MB,34068.5,0.35,207.9MB / 209.7MB,8.192kB / 0B
2026-05-18 15:24:54,5,9.59,114.9MB,34068.5,0.35,218.4MB / 220.2MB,8.192kB / 0B
2026-05-18 15:25:06,5,9.80,116MB,34068.5,0.35,229MB / 230.9MB,8.192kB / 0B
2026-05-18 15:25:18,5,9.97,114.8MB,34068.5,0.35,239.4MB / 241.4MB,8.192kB / 0B
2026-05-18 15:25:30,5,10.14,115.6MB,34068.5,0.35,249.8MB / 251.9MB,8.192kB / 0B
2026-05-18 15:25:42,6,10.29,114.9MB,34068.5,0.35,260.2MB / 262.4MB,8.192kB / 0B
2026-05-18 15:25:54,6,10.41,115.9MB,34068.5,0.35,270.7MB / 273MB,8.192kB / 0B
2026-05-18 15:26:06,6,10.55,90.31MB,34068.5,0.27,281.2MB / 283.6MB,8.192kB / 0B
2026-05-18 15:26:18,6,10.68,90.42MB,34068.5,0.27,291.7MB / 294.2MB,8.192kB / 0B
2026-05-18 15:26:30,6,10.82,89.98MB,34068.5,0.27,302.2MB / 304.8MB,8.192kB / 0B
2026-05-18 15:26:42,7,10.93,90.9MB,34068.5,0.27,312.7MB / 315.4MB,8.192kB / 0B
2026-05-18 15:26:54,7,11.04,90.55MB,34068.5,0.27,323.2MB / 326MB,8.192kB / 0B
2026-05-18 15:27:06,7,11.15,90.66MB,34068.5,0.27,333.7MB / 336.6MB,8.192kB / 0B
2026-05-18 15:27:18,7,11.24,91.15MB,34068.5,0.27,344.3MB / 347.2MB,8.192kB / 0B
2026-05-18 15:27:30,7,11.36,90.22MB,34068.5,0.27,354.9MB / 357.9MB,8.192kB / 0B
2026-05-18 15:27:42,8,11.46,90.06MB,34068.5,0.27,365.6MB / 368.7MB,8.192kB / 0B
2026-05-18 15:27:54,8,11.55,90.49MB,34068.5,0.27,376.2MB / 379.4MB,8.192kB / 0B
2026-05-18 15:28:07,8,11.63,90.18MB,34068.5,0.27,386.7MB / 390MB,8.192kB / 0B
2026-05-18 15:28:19,8,11.70,90.1MB,34068.5,0.27,397.1MB / 400.5MB,8.192kB / 0B
2026-05-18 15:28:31,8,11.81,90.26MB,34068.5,0.27,407.6MB / 411.1MB,8.192kB / 0B
2026-05-18 15:28:43,9,11.90,91.07MB,34068.5,0.27,418.1MB / 421.7MB,8.192kB / 0B
2026-05-18 15:28:55,9,11.99,90.64MB,34068.5,0.27,428.7MB / 432.3MB,8.192kB / 0B
2026-05-18 15:29:07,9,12.06,90.38MB,34068.5,0.27,439.2MB / 442.9MB,8.192kB / 0B
2026-05-18 15:29:19,9,12.15,91.8MB,34068.5,0.28,449.7MB / 453.5MB,8.192kB / 0B
2026-05-18 15:29:31,9,12.22,90.38MB,34068.5,0.27,460.2MB / 464.1MB,8.192kB / 0B
2026-05-18 15:29:43,10,12.29,91.49MB,34068.5,0.27,471.2MB / 475.2MB,8.192kB / 0B
2026-05-18 15:29:56,10,12.36,90.6MB,34068.5,0.27,481.7MB / 485.8MB,8.192kB / 0B
2026-05-18 15:30:08,10,12.43,91.02MB,34068.5,0.27,492.3MB / 496.5MB,8.192kB / 0B
2026-05-18 15:30:20,10,12.49,92.15MB,34068.5,0.28,502.9MB / 507.1MB,8.192kB / 0B
2026-05-18 15:30:31,10,12.55,90.64MB,34068.5,0.27,513.3MB / 517.6MB,8.192kB / 0B
2026-05-18 15:30:43,11,12.60,90.55MB,34068.5,0.27,523.7MB / 528.1MB,8.192kB / 0B
2026-05-18 15:30:55,11,12.64,91.14MB,34068.5,0.27,534.2MB / 538.7MB,8.192kB / 0B
2026-05-18 15:31:07,11,12.69,90.59MB,34068.5,0.27,544.8MB / 549.4MB,8.192kB / 0B
2026-05-18 15:31:19,11,12.74,91.4MB,34068.5,0.27,555.3MB / 560MB,8.192kB / 0B
2026-05-18 15:31:31,11,12.78,90.78MB,34068.5,0.27,565.7MB / 570.5MB,8.192kB / 0B
2026-05-18 15:31:43,12,12.84,91.57MB,34068.5,0.28,576.3MB / 581.2MB,8.192kB / 0B
2026-05-18 15:31:55,12,12.88,90.5MB,34068.5,0.27,586.8MB / 591.8MB,8.192kB / 0B
2026-05-18 15:32:07,12,12.93,90.85MB,34068.5,0.27,597.3MB / 602.4MB,8.192kB / 0B
2026-05-18 15:32:19,12,12.98,90.87MB,34068.5,0.27,607.7MB / 612.9MB,8.192kB / 0B
2026-05-18 15:32:31,12,13.02,91.27MB,34068.5,0.27,618.3MB / 623.6MB,8.192kB / 0B
2026-05-18 15:32:43,13,13.07,91.48MB,34068.5,0.27,628.9MB / 634.2MB,8.192kB / 0B
2026-05-18 15:32:55,13,13.11,90.99MB,34068.5,0.27,639.5MB / 644.9MB,8.192kB / 0B
2026-05-18 15:33:07,13,13.15,90.31MB,34068.5,0.27,650MB / 655.5MB,8.192kB / 0B
2026-05-18 15:33:19,13,13.19,91.8MB,34068.5,0.28,660.5MB / 666.1MB,8.192kB / 0B
2026-05-18 15:33:31,13,13.23,90.91MB,34068.5,0.27,670.9MB / 676.6MB,8.192kB / 0B
2026-05-18 15:33:43,14,13.27,91.07MB,34068.5,0.27,681.3MB / 687.1MB,8.192kB / 0B
2026-05-18 15:33:55,14,13.30,91.19MB,34068.5,0.27,691.7MB / 697.6MB,8.192kB / 0B
2026-05-18 15:34:07,14,13.34,91.67MB,34068.5,0.28,702.2MB / 708.2MB,8.192kB / 0B
2026-05-18 15:34:19,14,13.36,90.8MB,34068.5,0.27,712.7MB / 718.8MB,8.192kB / 0B
2026-05-18 15:34:31,14,13.39,90.98MB,34068.5,0.27,723.1MB / 729.3MB,8.192kB / 0B
2026-05-18 15:34:43,15,13.43,90.89MB,34068.5,0.27,733.6MB / 739.9MB,8.192kB / 0B
2026-05-18 15:34:55,15,13.46,91.28MB,34068.5,0.27,744.1MB / 750.5MB,8.192kB / 0B
2026-05-18 15:35:07,15,13.49,90.89MB,34068.5,0.27,754.6MB / 761MB,8.192kB / 0B
2026-05-18 15:35:19,15,13.52,91.06MB,34068.5,0.27,765.2MB / 771.7MB,8.192kB / 0B
2026-05-18 15:35:31,15,13.56,92.74MB,34068.5,0.28,775.6MB / 782.1MB,8.192kB / 0B
2026-05-18 15:35:43,16,13.60,92.35MB,34068.5,0.28,786.1MB / 792.8MB,8.192kB / 0B
2026-05-18 15:35:55,16,13.63,92.15MB,34068.5,0.28,796.6MB / 803.4MB,8.192kB / 0B
2026-05-18 15:36:07,16,13.66,90.98MB,34068.5,0.27,807MB / 813.9MB,8.192kB / 0B
2026-05-18 15:36:18,16,13.69,90.73MB,34068.5,0.27,817.4MB / 824.4MB,8.192kB / 0B
2026-05-18 15:36:31,16,13.71,91.61MB,34068.5,0.28,827.9MB / 835MB,8.192kB / 0B
2026-05-18 15:36:42,17,13.74,91.55MB,34068.5,0.28,838.4MB / 845.6MB,8.192kB / 0B
2026-05-18 15:36:54,17,13.77,91.31MB,34068.5,0.27,848.8MB / 856.1MB,8.192kB / 0B
2026-05-18 15:37:06,17,13.80,91.23MB,34068.5,0.27,859.3MB / 866.7MB,8.192kB / 0B
2026-05-18 15:37:18,17,13.81,91.93MB,34068.5,0.28,869.7MB / 877.2MB,8.192kB / 0B
2026-05-18 15:37:30,17,13.84,92.15MB,34068.5,0.28,880.3MB / 887.9MB,8.192kB / 0B
2026-05-18 15:37:42,18,13.86,91.86MB,34068.5,0.28,891MB / 898.6MB,8.192kB / 0B
2026-05-18 15:37:55,18,13.89,91.43MB,34068.5,0.27,901.5MB / 909.2MB,8.192kB / 0B
2026-05-18 15:38:06,18,13.92,91.44MB,34068.5,0.27,911.9MB / 919.7MB,8.192kB / 0B
2026-05-18 15:38:18,18,13.93,91.09MB,34068.5,0.27,922.5MB / 930.4MB,8.192kB / 0B
2026-05-18 15:38:30,18,13.96,92MB,34068.5,0.28,933MB / 941MB,8.192kB / 0B
2026-05-18 15:38:42,19,13.97,91.37MB,34068.5,0.27,943.5MB / 951.6MB,8.192kB / 0B
2026-05-18 15:38:54,19,14.00,91.89MB,34068.5,0.28,953.9MB / 962.1MB,8.192kB / 0B
2026-05-18 15:39:06,19,14.02,91.16MB,34068.5,0.27,964.3MB / 972.5MB,8.192kB / 0B
2026-05-18 15:39:18,19,14.03,91.82MB,34068.5,0.28,974.7MB / 983MB,8.192kB / 0B
2026-05-18 15:39:30,19,14.05,91.74MB,34068.5,0.28,985.1MB / 993.5MB,8.192kB / 0B
2026-05-18 15:39:42,20,14.07,91.38MB,34068.5,0.27,995.6MB / 1.004GB,8.192kB / 0B
2026-05-18 15:39:54,20,14.09,92.05MB,34068.5,0.28,1.006GB / 1.015GB,8.192kB / 0B
2026-05-18 15:40:06,20,14.12,91.47MB,34068.5,0.27,1.017GB / 1.025GB,8.192kB / 0B
2026-05-18 15:40:18,20,14.13,92.59MB,34068.5,0.28,1.027GB / 1.036GB,8.192kB / 0B
2026-05-18 15:40:30,20,14.15,91.67MB,34068.5,0.28,1.038GB / 1.047GB,8.192kB / 0B
2026-05-18 15:40:42,21,14.17,91.99MB,34068.5,0.28,1.048GB / 1.057GB,8.192kB / 0B
2026-05-18 15:40:54,21,14.18,92.02MB,34068.5,0.28,1.058GB / 1.068GB,8.192kB / 0B
2026-05-18 15:41:06,21,14.20,91.75MB,34068.5,0.28,1.069GB / 1.078GB,8.192kB / 0B
2026-05-18 15:41:18,21,14.22,92.45MB,34068.5,0.28,1.08GB / 1.089GB,8.192kB / 0B
2026-05-18 15:41:30,21,14.24,92.18MB,34068.5,0.28,1.09GB / 1.099GB,8.192kB / 0B
2026-05-18 15:41:42,22,14.26,91.87MB,34068.5,0.28,1.101GB / 1.11GB,8.192kB / 0B
2026-05-18 15:41:54,22,14.27,92.68MB,34068.5,0.28,1.111GB / 1.121GB,8.192kB / 0B
2026-05-18 15:42:06,22,14.29,92.85MB,34068.5,0.28,1.122GB / 1.131GB,8.192kB / 0B
2026-05-18 15:42:18,22,14.31,91.69MB,34068.5,0.28,1.132GB / 1.142GB,8.192kB / 0B
2026-05-18 15:42:30,22,14.33,92.78MB,34068.5,0.28,1.143GB / 1.152GB,8.192kB / 0B
2026-05-18 15:42:42,23,14.34,92.3MB,34068.5,0.28,1.153GB / 1.163GB,8.192kB / 0B
2026-05-18 15:42:54,23,14.36,92.02MB,34068.5,0.28,1.163GB / 1.173GB,8.192kB / 0B
2026-05-18 15:43:06,23,14.38,92.61MB,34068.5,0.28,1.174GB / 1.184GB,8.192kB / 0B
2026-05-18 15:43:18,23,14.39,91.9MB,34068.5,0.28,1.184GB / 1.195GB,8.192kB / 0B
2026-05-18 15:43:30,23,14.41,91.87MB,34068.5,0.28,1.195GB / 1.205GB,8.192kB / 0B
2026-05-18 15:43:42,24,14.42,91.84MB,34068.5,0.28,1.206GB / 1.216GB,8.192kB / 0B
2026-05-18 15:43:54,24,14.44,92.48MB,34068.5,0.28,1.216GB / 1.226GB,8.192kB / 0B
2026-05-18 15:44:06,24,14.45,91.92MB,34068.5,0.28,1.226GB / 1.237GB,8.192kB / 0B
2026-05-18 15:44:18,24,14.46,92.61MB,34068.5,0.28,1.237GB / 1.247GB,8.192kB / 0B
2026-05-18 15:44:30,24,14.47,91.8MB,34068.5,0.28,1.247GB / 1.258GB,8.192kB / 0B
2026-05-18 15:44:42,25,14.49,92.49MB,34068.5,0.28,1.258GB / 1.269GB,8.192kB / 0B
2026-05-18 15:44:55,25,14.51,92.37MB,34068.5,0.28,1.269GB / 1.279GB,8.192kB / 0B
2026-05-18 15:45:06,25,14.52,92.74MB,34068.5,0.28,1.279GB / 1.29GB,8.192kB / 0B
2026-05-18 15:45:18,25,14.54,92.63MB,34068.5,0.28,1.29GB / 1.301GB,8.192kB / 0B
2026-05-18 15:45:30,25,14.55,92.07MB,34068.5,0.28,1.3GB / 1.311GB,8.192kB / 0B
2026-05-18 15:45:42,26,14.56,92.61MB,34068.5,0.28,1.31GB / 1.322GB,8.192kB / 0B
2026-05-18 15:45:55,26,14.58,92.55MB,34068.5,0.28,1.321GB / 1.332GB,8.192kB / 0B
2026-05-18 15:46:07,26,14.60,92.29MB,34068.5,0.28,1.332GB / 1.343GB,8.192kB / 0B
2026-05-18 15:46:19,26,14.61,91.72MB,34068.5,0.28,1.342GB / 1.353GB,8.192kB / 0B
2026-05-18 15:46:31,26,14.62,92.28MB,34068.5,0.28,1.352GB / 1.364GB,8.192kB / 0B
2026-05-18 15:46:43,27,14.63,92.55MB,34068.5,0.28,1.363GB / 1.375GB,8.192kB / 0B
2026-05-18 15:46:55,27,14.64,92.41MB,34068.5,0.28,1.374GB / 1.385GB,8.192kB / 0B
2026-05-18 15:47:07,27,14.66,92.9MB,34068.5,0.28,1.384GB / 1.396GB,8.192kB / 0B
2026-05-18 15:47:19,27,14.67,91.82MB,34068.5,0.28,1.395GB / 1.406GB,8.192kB / 0B
2026-05-18 15:47:31,27,14.68,92.7MB,34068.5,0.28,1.405GB / 1.417GB,8.192kB / 0B
2026-05-18 15:47:43,28,14.69,92.4MB,34068.5,0.28,1.416GB / 1.428GB,8.192kB / 0B
2026-05-18 15:47:55,28,14.70,92.41MB,34068.5,0.28,1.426GB / 1.438GB,8.192kB / 0B
2026-05-18 15:48:07,28,14.72,92.42MB,34068.5,0.28,1.436GB / 1.449GB,8.192kB / 0B
2026-05-18 15:48:19,28,14.73,92.58MB,34068.5,0.28,1.447GB / 1.459GB,8.192kB / 0B
2026-05-18 15:48:31,28,14.75,92.89MB,34068.5,0.28,1.457GB / 1.47GB,8.192kB / 0B
2026-05-18 15:48:43,29,14.76,92.63MB,34068.5,0.28,1.468GB / 1.48GB,8.192kB / 0B
2026-05-18 15:48:55,29,14.77,93.01MB,34068.5,0.28,1.478GB / 1.491GB,8.192kB / 0B
2026-05-18 15:49:07,29,14.78,93.35MB,34068.5,0.28,1.489GB / 1.502GB,8.192kB / 0B
2026-05-18 15:49:19,29,14.79,93.34MB,34068.5,0.28,1.499GB / 1.512GB,8.192kB / 0B
2026-05-18 15:49:31,29,14.80,92.55MB,34068.5,0.28,1.51GB / 1.523GB,8.192kB / 0B
2026-05-18 15:49:43,30,14.81,92.53MB,34068.5,0.28,1.52GB / 1.533GB,8.192kB / 0B
2026-05-18 15:49:55,30,14.82,92.22MB,34068.5,0.28,1.531GB / 1.544GB,8.192kB / 0B
2026-05-18 15:50:07,30,14.83,92.91MB,34068.5,0.28,1.541GB / 1.555GB,8.192kB / 0B
2026-05-18 15:50:19,30,14.84,92.45MB,34068.5,0.28,1.552GB / 1.565GB,8.192kB / 0B
2026-05-18 15:50:31,30,14.86,93.27MB,34068.5,0.28,1.562GB / 1.576GB,8.192kB / 0B
2026-05-18 15:50:43,31,14.87,92.42MB,34068.5,0.28,1.573GB / 1.586GB,8.192kB / 0B
2026-05-18 15:50:55,31,14.88,93.48MB,34068.5,0.28,1.583GB / 1.597GB,8.192kB / 0B
2026-05-18 15:51:07,31,14.89,93.41MB,34068.5,0.28,1.594GB / 1.608GB,8.192kB / 0B
2026-05-18 15:51:19,31,14.90,93.01MB,34068.5,0.28,1.604GB / 1.618GB,8.192kB / 0B
2026-05-18 15:51:31,31,14.91,92.93MB,34068.5,0.28,1.615GB / 1.629GB,8.192kB / 0B
2026-05-18 15:51:43,32,14.92,92.77MB,34068.5,0.28,1.626GB / 1.639GB,8.192kB / 0B
2026-05-18 15:51:55,32,14.93,92.86MB,34068.5,0.28,1.636GB / 1.65GB,8.192kB / 0B
2026-05-18 15:52:07,32,14.94,94.12MB,34068.5,0.28,1.647GB / 1.661GB,8.192kB / 0B
2026-05-18 15:52:19,32,14.95,92.84MB,34068.5,0.28,1.657GB / 1.671GB,8.192kB / 0B
2026-05-18 15:52:32,32,14.96,92.85MB,34068.5,0.28,1.668GB / 1.682GB,8.192kB / 0B
2026-05-18 15:52:44,33,14.97,92.74MB,34068.5,0.28,1.679GB / 1.693GB,8.192kB / 0B
2026-05-18 15:52:56,33,14.98,93.22MB,34068.5,0.28,1.689GB / 1.704GB,8.192kB / 0B
2026-05-18 15:53:08,33,14.98,92.86MB,34068.5,0.28,1.7GB / 1.714GB,8.192kB / 0B
2026-05-18 15:53:20,33,14.99,93.2MB,34068.5,0.28,1.71GB / 1.725GB,8.192kB / 0B
2026-05-18 15:53:32,33,15.00,93.46MB,34068.5,0.28,1.721GB / 1.735GB,8.192kB / 0B
2026-05-18 15:53:44,34,15.01,93.55MB,34068.5,0.28,1.731GB / 1.746GB,8.192kB / 0B
2026-05-18 15:53:56,34,15.02,92.75MB,34068.5,0.28,1.742GB / 1.757GB,8.192kB / 0B
2026-05-18 15:54:08,34,15.03,92.76MB,34068.5,0.28,1.752GB / 1.767GB,8.192kB / 0B
2026-05-18 15:54:20,34,15.04,93.72MB,34068.5,0.28,1.763GB / 1.778GB,8.192kB / 0B
2026-05-18 15:54:32,34,15.05,93.56MB,34068.5,0.28,1.773GB / 1.788GB,8.192kB / 0B
2026-05-18 15:54:44,35,15.06,93.5MB,34068.5,0.28,1.784GB / 1.799GB,8.192kB / 0B
2026-05-18 15:54:56,35,15.07,92.58MB,34068.5,0.28,1.794GB / 1.809GB,8.192kB / 0B
2026-05-18 15:55:08,35,15.08,93.51MB,34068.5,0.28,1.804GB / 1.82GB,8.192kB / 0B
2026-05-18 15:55:20,35,15.08,93.51MB,34068.5,0.28,1.815GB / 1.83GB,8.192kB / 0B
2026-05-18 15:55:32,35,15.09,93.62MB,34068.5,0.28,1.825GB / 1.841GB,8.192kB / 0B
2026-05-18 15:55:44,36,15.10,93.24MB,34068.5,0.28,1.836GB / 1.852GB,8.192kB / 0B
2026-05-18 15:55:56,36,15.11,93.48MB,34068.5,0.28,1.846GB / 1.862GB,8.192kB / 0B
2026-05-18 15:56:08,36,15.12,93.66MB,34068.5,0.28,1.857GB / 1.872GB,8.192kB / 0B
2026-05-18 15:56:20,36,15.13,93.66MB,34068.5,0.28,1.867GB / 1.883GB,8.192kB / 0B
2026-05-18 15:56:32,36,15.13,93.52MB,34068.5,0.28,1.878GB / 1.894GB,8.192kB / 0B
2026-05-18 15:56:44,37,15.14,93.3MB,34068.5,0.28,1.888GB / 1.905GB,8.192kB / 0B
2026-05-18 15:56:56,37,15.15,93.97MB,34068.5,0.28,1.899GB / 1.915GB,8.192kB / 0B
2026-05-18 15:57:08,37,15.15,93.72MB,34068.5,0.28,1.909GB / 1.926GB,8.192kB / 0B
2026-05-18 15:57:20,37,15.16,93.62MB,34068.5,0.28,1.92GB / 1.936GB,8.192kB / 0B
2026-05-18 15:57:32,37,15.16,93.68MB,34068.5,0.28,1.93GB / 1.947GB,8.192kB / 0B
2026-05-18 15:57:44,38,15.17,93.95MB,34068.5,0.28,1.941GB / 1.958GB,8.192kB / 0B
2026-05-18 15:57:57,38,15.18,93.81MB,34068.5,0.28,1.951GB / 1.968GB,8.192kB / 0B
2026-05-18 15:58:08,38,15.19,93.32MB,34068.5,0.28,1.962GB / 1.979GB,8.192kB / 0B
2026-05-18 15:58:20,38,15.19,93.11MB,34068.5,0.28,1.972GB / 1.989GB,8.192kB / 0B
2026-05-18 15:58:32,38,15.20,93.72MB,34068.5,0.28,1.983GB / 2GB,8.192kB / 0B
2026-05-18 15:58:44,39,15.21,93.83MB,34068.5,0.28,1.993GB / 2.01GB,8.192kB / 0B
2026-05-18 15:58:56,39,15.21,93.71MB,34068.5,0.28,2.004GB / 2.021GB,8.192kB / 0B
2026-05-18 15:59:08,39,15.22,93.88MB,34068.5,0.28,2.014GB / 2.031GB,8.192kB / 0B
2026-05-18 15:59:20,39,15.22,94.27MB,34068.5,0.28,2.025GB / 2.042GB,8.192kB / 0B
2026-05-18 15:59:32,39,15.23,93.56MB,34068.5,0.28,2.035GB / 2.053GB,8.192kB / 0B
2026-05-18 15:59:44,40,15.23,94.24MB,34068.5,0.28,2.046GB / 2.063GB,8.192kB / 0B
2026-05-18 15:59:56,40,15.24,93.58MB,34068.5,0.28,2.056GB / 2.074GB,8.192kB / 0B
2026-05-18 16:00:09,40,15.25,94.64MB,34068.5,0.28,2.067GB / 2.085GB,8.192kB / 0B
2026-05-18 16:00:21,40,15.25,94.57MB,34068.5,0.28,2.078GB / 2.095GB,8.192kB / 0B
2026-05-18 16:00:33,40,15.26,93.54MB,34068.5,0.28,2.088GB / 2.106GB,8.192kB / 0B
2026-05-18 16:00:45,41,15.26,93.77MB,34068.5,0.28,2.099GB / 2.117GB,8.192kB / 0B
2026-05-18 16:00:57,41,15.27,94.54MB,34068.5,0.28,2.109GB / 2.127GB,8.192kB / 0B
2026-05-18 16:01:09,41,15.27,94.13MB,34068.5,0.28,2.12GB / 2.138GB,8.192kB / 0B
2026-05-18 16:01:21,41,15.28,94.16MB,34068.5,0.28,2.13GB / 2.148GB,8.192kB / 0B
2026-05-18 16:01:33,41,15.28,94.32MB,34068.5,0.28,2.141GB / 2.159GB,8.192kB / 0B
2026-05-18 16:01:45,42,15.29,94.12MB,34068.5,0.28,2.152GB / 2.17GB,8.192kB / 0B
2026-05-18 16:01:57,42,15.29,94.51MB,34068.5,0.28,2.162GB / 2.181GB,8.192kB / 0B
2026-05-18 16:02:09,42,15.30,93.55MB,34068.5,0.28,2.173GB / 2.191GB,8.192kB / 0B
2026-05-18 16:02:22,42,15.30,94.31MB,34068.5,0.28,2.183GB / 2.202GB,8.192kB / 0B
2026-05-18 16:02:34,42,15.31,94.22MB,34068.5,0.28,2.194GB / 2.212GB,8.192kB / 0B
2026-05-18 16:02:45,43,15.31,94.72MB,34068.5,0.28,2.204GB / 2.223GB,8.192kB / 0B
2026-05-18 16:02:58,43,15.32,94.97MB,34068.5,0.29,2.215GB / 2.234GB,8.192kB / 0B
2026-05-18 16:03:10,43,15.32,94.24MB,34068.5,0.28,2.225GB / 2.244GB,8.192kB / 0B
2026-05-18 16:03:22,43,15.33,94.39MB,34068.5,0.28,2.236GB / 2.255GB,8.192kB / 0B
2026-05-18 16:03:34,43,15.33,94.28MB,34068.5,0.28,2.246GB / 2.266GB,8.192kB / 0B
2026-05-18 16:03:46,44,15.33,94.66MB,34068.5,0.28,2.257GB / 2.276GB,8.192kB / 0B
2026-05-18 16:03:58,44,15.34,93.72MB,34068.5,0.28,2.267GB / 2.286GB,8.192kB / 0B
2026-05-18 16:04:10,44,15.34,93.9MB,34068.5,0.28,2.278GB / 2.297GB,8.192kB / 0B
2026-05-18 16:04:22,44,15.34,94.18MB,34068.5,0.28,2.288GB / 2.308GB,8.192kB / 0B
2026-05-18 16:04:34,44,15.35,94.67MB,34068.5,0.28,2.299GB / 2.319GB,8.192kB / 0B
2026-05-18 16:04:46,45,15.35,93.81MB,34068.5,0.28,2.309GB / 2.329GB,8.192kB / 0B
2026-05-18 16:04:58,45,15.36,94.88MB,34068.5,0.29,2.32GB / 2.34GB,8.192kB / 0B
2026-05-18 16:05:10,45,15.36,94.79MB,34068.5,0.28,2.33GB / 2.35GB,8.192kB / 0B
2026-05-18 16:05:22,45,15.37,95.13MB,34068.5,0.29,2.341GB / 2.361GB,8.192kB / 0B
2026-05-18 16:05:34,45,15.37,94.73MB,34068.5,0.28,2.351GB / 2.371GB,8.192kB / 0B
2026-05-18 16:05:46,46,15.38,94.32MB,34068.5,0.28,2.362GB / 2.382GB,8.192kB / 0B
2026-05-18 16:05:58,46,15.38,94.19MB,34068.5,0.28,2.372GB / 2.393GB,8.192kB / 0B
2026-05-18 16:06:10,46,15.38,94.39MB,34068.5,0.28,2.383GB / 2.403GB,8.192kB / 0B
2026-05-18 16:06:22,46,15.39,94.4MB,34068.5,0.28,2.393GB / 2.414GB,8.192kB / 0B
2026-05-18 16:06:34,46,15.40,94.3MB,34068.5,0.28,2.404GB / 2.424GB,8.192kB / 0B
2026-05-18 16:06:46,47,15.40,94.48MB,34068.5,0.28,2.414GB / 2.435GB,8.192kB / 0B
2026-05-18 16:06:59,47,15.41,95.09MB,34068.5,0.29,2.425GB / 2.446GB,8.192kB / 0B
2026-05-18 16:07:11,47,15.41,94.31MB,34068.5,0.28,2.436GB / 2.456GB,8.192kB / 0B
2026-05-18 16:07:23,47,15.41,95.53MB,34068.5,0.29,2.446GB / 2.467GB,8.192kB / 0B
2026-05-18 16:07:35,47,15.42,94.68MB,34068.5,0.28,2.457GB / 2.478GB,8.192kB / 0B
2026-05-18 16:07:47,48,15.42,94.36MB,34068.5,0.28,2.467GB / 2.488GB,8.192kB / 0B
2026-05-18 16:07:59,48,15.43,94.02MB,34068.5,0.28,2.478GB / 2.499GB,8.192kB / 0B
2026-05-18 16:08:11,48,15.43,94.2MB,34068.5,0.28,2.488GB / 2.509GB,8.192kB / 0B
2026-05-18 16:08:23,48,15.43,94.68MB,34068.5,0.28,2.498GB / 2.52GB,8.192kB / 0B
2026-05-18 16:08:35,48,15.44,95.07MB,34068.5,0.29,2.509GB / 2.53GB,8.192kB / 0B
2026-05-18 16:08:47,49,15.44,94.21MB,34068.5,0.28,2.52GB / 2.541GB,8.192kB / 0B
2026-05-18 16:08:59,49,15.45,94.37MB,34068.5,0.28,2.53GB / 2.552GB,8.192kB / 0B
2026-05-18 16:09:11,49,15.45,95.49MB,34068.5,0.29,2.541GB / 2.562GB,8.192kB / 0B
2026-05-18 16:09:23,49,15.46,94.96MB,34068.5,0.29,2.551GB / 2.573GB,8.192kB / 0B
2026-05-18 16:09:35,49,15.46,95.75MB,34068.5,0.29,2.562GB / 2.584GB,8.192kB / 0B
2026-05-18 16:09:47,50,15.47,95.2MB,34068.5,0.29,2.573GB / 2.595GB,8.192kB / 0B
2026-05-18 16:09:59,50,15.47,94.61MB,34068.5,0.28,2.583GB / 2.605GB,8.192kB / 0B
2026-05-18 16:10:11,50,15.47,94.56MB,34068.5,0.28,2.594GB / 2.616GB,8.192kB / 0B
2026-05-18 16:10:23,50,15.47,95.32MB,34068.5,0.29,2.604GB / 2.626GB,8.192kB / 0B
2026-05-18 16:10:36,50,15.48,94.74MB,34068.5,0.28,2.615GB / 2.637GB,8.192kB / 0B
2026-05-18 16:10:47,51,15.48,95.11MB,34068.5,0.29,2.625GB / 2.648GB,8.192kB / 0B
2026-05-18 16:10:59,51,15.48,94.86MB,34068.5,0.29,2.636GB / 2.658GB,8.192kB / 0B
2026-05-18 16:11:11,51,15.49,94.74MB,34068.5,0.28,2.646GB / 2.669GB,8.192kB / 0B
2026-05-18 16:11:24,51,15.49,95.29MB,34068.5,0.29,2.657GB / 2.68GB,8.192kB / 0B
2026-05-18 16:11:35,51,15.50,95.11MB,34068.5,0.29,2.667GB / 2.69GB,8.192kB / 0B
2026-05-18 16:11:47,52,15.50,95.23MB,34068.5,0.29,2.678GB / 2.701GB,8.192kB / 0B
2026-05-18 16:11:59,52,15.50,95.35MB,34068.5,0.29,2.688GB / 2.711GB,8.192kB / 0B
2026-05-18 16:12:11,52,15.51,94.44MB,34068.5,0.28,2.699GB / 2.722GB,8.192kB / 0B
2026-05-18 16:12:23,52,15.51,94.73MB,34068.5,0.28,2.709GB / 2.732GB,8.192kB / 0B
2026-05-18 16:12:35,52,15.51,95.94MB,34068.5,0.29,2.72GB / 2.743GB,8.192kB / 0B
2026-05-18 16:12:48,53,15.51,94.69MB,34068.5,0.28,2.731GB / 2.754GB,8.192kB / 0B
2026-05-18 16:13:00,53,15.52,95.63MB,34068.5,0.29,2.741GB / 2.765GB,8.192kB / 0B
2026-05-18 16:13:12,53,15.52,94.8MB,34068.5,0.28,2.752GB / 2.775GB,8.192kB / 0B
2026-05-18 16:13:24,53,15.52,94.66MB,34068.5,0.28,2.762GB / 2.786GB,8.192kB / 0B
2026-05-18 16:13:36,53,15.52,95.39MB,34068.5,0.29,2.773GB / 2.797GB,8.192kB / 0B
2026-05-18 16:13:48,54,15.53,94.86MB,34068.5,0.29,2.784GB / 2.807GB,8.192kB / 0B
2026-05-18 16:14:00,54,15.53,95.18MB,34068.5,0.29,2.794GB / 2.818GB,8.192kB / 0B
2026-05-18 16:14:12,54,15.53,94.9MB,34068.5,0.29,2.805GB / 2.828GB,8.192kB / 0B
2026-05-18 16:14:24,54,15.54,95.55MB,34068.5,0.29,2.815GB / 2.839GB,8.192kB / 0B
2026-05-18 16:14:37,54,15.54,95.04MB,34068.5,0.29,2.826GB / 2.85GB,8.192kB / 0B
2026-05-18 16:14:49,55,15.54,95.48MB,34068.5,0.29,2.836GB / 2.86GB,8.192kB / 0B
2026-05-18 16:15:01,55,15.55,94.87MB,34068.5,0.29,2.847GB / 2.871GB,8.192kB / 0B
2026-05-18 16:15:13,55,15.55,95.87MB,34068.5,0.29,2.857GB / 2.881GB,8.192kB / 0B
2026-05-18 16:15:25,55,15.55,95.17MB,34068.5,0.29,2.867GB / 2.892GB,8.192kB / 0B
2026-05-18 16:15:37,55,15.55,96.2MB,34068.5,0.29,2.878GB / 2.903GB,8.192kB / 0B
2026-05-18 16:15:49,56,15.56,94.64MB,34068.5,0.28,2.889GB / 2.913GB,8.192kB / 0B
2026-05-18 16:16:01,56,15.56,94.92MB,34068.5,0.29,2.899GB / 2.924GB,8.192kB / 0B
2026-05-18 16:16:13,56,15.56,95.15MB,34068.5,0.29,2.91GB / 2.934GB,8.192kB / 0B
2026-05-18 16:16:25,56,15.56,95.24MB,34068.5,0.29,2.92GB / 2.945GB,8.192kB / 0B
2026-05-18 16:16:36,56,15.57,95.55MB,34068.5,0.29,2.93GB / 2.955GB,8.192kB / 0B
2026-05-18 16:16:48,57,15.57,96.07MB,34068.5,0.29,2.941GB / 2.966GB,8.192kB / 0B
2026-05-18 16:17:00,57,15.57,95.29MB,34068.5,0.29,2.951GB / 2.977GB,8.192kB / 0B
2026-05-18 16:17:13,57,15.58,96.33MB,34068.5,0.29,2.962GB / 2.987GB,8.192kB / 0B
2026-05-18 16:17:25,57,15.58,95.38MB,34068.5,0.29,2.973GB / 2.998GB,8.192kB / 0B
2026-05-18 16:17:37,57,15.58,95.98MB,34068.5,0.29,2.983GB / 3.009GB,8.192kB / 0B
2026-05-18 16:17:49,58,15.58,94.87MB,34068.5,0.29,2.993GB / 3.019GB,8.192kB / 0B
2026-05-18 16:18:01,58,15.58,95.7MB,34068.5,0.29,3.004GB / 3.03GB,8.192kB / 0B
2026-05-18 16:18:13,58,15.59,95.41MB,34068.5,0.29,3.015GB / 3.04GB,8.192kB / 0B
2026-05-18 16:18:25,58,15.59,95.16MB,34068.5,0.29,3.025GB / 3.051GB,8.192kB / 0B
2026-05-18 16:18:37,58,15.59,95.44MB,34068.5,0.29,3.036GB / 3.061GB,8.192kB / 0B
2026-05-18 16:18:49,59,15.60,95.51MB,34068.5,0.29,3.046GB / 3.072GB,8.192kB / 0B
2026-05-18 16:19:01,59,15.60,95.58MB,34068.5,0.29,3.057GB / 3.083GB,8.192kB / 0B
2026-05-18 16:19:13,59,15.60,95.35MB,34068.5,0.29,3.067GB / 3.093GB,8.192kB / 0B
2026-05-18 16:19:25,59,15.61,95.93MB,34068.5,0.29,3.078GB / 3.104GB,8.192kB / 0B
2026-05-18 16:19:37,59,15.61,96.06MB,34068.5,0.29,3.088GB / 3.114GB,8.192kB / 0B
2026-05-18 16:19:49,60,15.62,95.72MB,34068.5,0.29,3.098GB / 3.125GB,8.192kB / 0B
2026-05-18 16:20:01,60,15.62,96.37MB,34068.5,0.29,3.109GB / 3.135GB,8.192kB / 0B
2026-05-18 16:20:14,60,15.63,95.23MB,34068.5,0.29,3.12GB / 3.146GB,8.192kB / 0B
2026-05-18 16:20:26,60,15.65,95.25MB,34068.5,0.29,3.13GB / 3.157GB,8.192kB / 0B
2026-05-18 16:20:38,60,15.65,95.7MB,34068.5,0.29,3.141GB / 3.167GB,8.192kB / 0B
2026-05-18 16:20:50,61,15.66,96.2MB,34068.5,0.29,3.151GB / 3.178GB,8.192kB / 0B
2026-05-18 16:21:02,61,15.66,96.37MB,34068.5,0.29,3.162GB / 3.189GB,8.192kB / 0B
2026-05-18 16:21:14,61,15.66,96.17MB,34068.5,0.29,3.172GB / 3.199GB,8.192kB / 0B
2026-05-18 16:21:26,61,15.67,95.46MB,34068.5,0.29,3.183GB / 3.21GB,8.192kB / 0B
2026-05-18 16:21:39,61,15.68,96.31MB,34068.5,0.29,3.193GB / 3.221GB,8.192kB / 0B
2026-05-18 16:21:51,62,15.68,96.7MB,34068.5,0.29,3.204GB / 3.231GB,8.192kB / 0B
2026-05-18 16:22:03,62,15.69,96.06MB,34068.5,0.29,3.214GB / 3.242GB,8.192kB / 0B
2026-05-18 16:22:15,62,15.69,96.05MB,34068.5,0.29,3.225GB / 3.252GB,8.192kB / 0B
2026-05-18 16:22:28,62,15.70,96.42MB,34068.5,0.29,3.235GB / 3.263GB,8.192kB / 0B
2026-05-18 16:22:40,62,15.70,96.1MB,34068.5,0.29,3.246GB / 3.274GB,8.192kB / 0B
2026-05-18 16:22:52,63,15.70,95.74MB,34068.5,0.29,3.256GB / 3.284GB,8.192kB / 0B
2026-05-18 16:23:04,63,15.70,95.78MB,34068.5,0.29,3.267GB / 3.295GB,8.192kB / 0B
2026-05-18 16:23:16,63,15.70,95.99MB,34068.5,0.29,3.277GB / 3.305GB,8.192kB / 0B
2026-05-18 16:23:28,63,15.71,95.4MB,34068.5,0.29,3.288GB / 3.316GB,8.192kB / 0B
2026-05-18 16:23:40,63,15.71,95.87MB,34068.5,0.29,3.298GB / 3.326GB,8.192kB / 0B
2026-05-18 16:23:52,64,15.71,95.64MB,34068.5,0.29,3.309GB / 3.337GB,8.192kB / 0B
2026-05-18 16:24:04,64,15.72,95.72MB,34068.5,0.29,3.319GB / 3.347GB,8.192kB / 0B
2026-05-18 16:24:16,64,15.72,95.47MB,34068.5,0.29,3.33GB / 3.358GB,8.192kB / 0B
2026-05-18 16:24:28,64,15.72,96.09MB,34068.5,0.29,3.34GB / 3.369GB,8.192kB / 0B
2026-05-18 16:24:41,64,15.72,96.72MB,34068.5,0.29,3.351GB / 3.379GB,8.192kB / 0B
2026-05-18 16:24:53,65,15.73,96.25MB,34068.5,0.29,3.361GB / 3.39GB,8.192kB / 0B
2026-05-18 16:25:05,65,15.73,95.97MB,34068.5,0.29,3.372GB / 3.4GB,8.192kB / 0B
2026-05-18 16:25:17,65,15.73,96.35MB,34068.5,0.29,3.382GB / 3.411GB,8.192kB / 0B
2026-05-18 16:25:29,65,15.73,96.06MB,34068.5,0.29,3.393GB / 3.421GB,8.192kB / 0B
2026-05-18 16:25:41,65,15.73,96.43MB,34068.5,0.29,3.403GB / 3.432GB,8.192kB / 0B
2026-05-18 16:25:53,66,15.74,95.67MB,34068.5,0.29,3.414GB / 3.443GB,8.192kB / 0B
2026-05-18 16:26:05,66,15.74,96.35MB,34068.5,0.29,3.424GB / 3.453GB,8.192kB / 0B
2026-05-18 16:26:17,66,15.74,95.94MB,34068.5,0.29,3.435GB / 3.464GB,8.192kB / 0B
2026-05-18 16:26:29,66,15.75,96.77MB,34068.5,0.29,3.445GB / 3.474GB,8.192kB / 0B
2026-05-18 16:26:41,66,15.75,97.18MB,34068.5,0.29,3.456GB / 3.485GB,8.192kB / 0B
2026-05-18 16:26:53,67,15.75,97.08MB,34068.5,0.29,3.466GB / 3.496GB,8.192kB / 0B
2026-05-18 16:27:05,67,15.75,96.17MB,34068.5,0.29,3.477GB / 3.506GB,8.192kB / 0B
2026-05-18 16:27:18,67,15.75,96.19MB,34068.5,0.29,3.487GB / 3.517GB,8.192kB / 0B
2026-05-18 16:27:30,67,15.75,96.58MB,34068.5,0.29,3.498GB / 3.527GB,8.192kB / 0B
2026-05-18 16:27:42,68,15.75,96.84MB,34068.5,0.29,3.508GB / 3.538GB,8.192kB / 0B
2026-05-18 16:27:54,68,15.75,96.25MB,34068.5,0.29,3.519GB / 3.549GB,8.192kB / 0B
2026-05-18 16:28:06,68,15.75,97.01MB,34068.5,0.29,3.529GB / 3.559GB,8.192kB / 0B
2026-05-18 16:28:18,68,15.76,96.45MB,34068.5,0.29,3.539GB / 3.57GB,8.192kB / 0B
2026-05-18 16:28:30,68,15.76,96.93MB,34068.5,0.29,3.55GB / 3.58GB,8.192kB / 0B
2026-05-18 16:28:42,69,15.76,96.23MB,34068.5,0.29,3.56GB / 3.591GB,8.192kB / 0B
2026-05-18 16:28:54,69,15.76,96.34MB,34068.5,0.29,3.571GB / 3.601GB,8.192kB / 0B
2026-05-18 16:29:06,69,15.77,97.29MB,34068.5,0.29,3.581GB / 3.612GB,8.192kB / 0B
2026-05-18 16:29:18,69,15.77,96.55MB,34068.5,0.29,3.591GB / 3.622GB,8.192kB / 0B
2026-05-18 16:29:30,69,15.77,96.46MB,34068.5,0.29,3.602GB / 3.632GB,8.192kB / 0B
2026-05-18 16:29:42,70,15.77,96MB,34068.5,0.29,3.612GB / 3.643GB,8.192kB / 0B
2026-05-18 16:29:54,70,15.78,96.02MB,34068.5,0.29,3.622GB / 3.653GB,8.192kB / 0B
2026-05-18 16:30:06,70,15.77,96.46MB,34068.5,0.29,3.633GB / 3.664GB,8.192kB / 0B
2026-05-18 16:30:18,70,15.78,96.32MB,34068.5,0.29,3.643GB / 3.674GB,8.192kB / 0B
2026-05-18 16:30:30,70,15.78,97.19MB,34068.5,0.29,3.654GB / 3.685GB,8.192kB / 0B
2026-05-18 16:30:42,71,15.78,96.89MB,34068.5,0.29,3.664GB / 3.696GB,8.192kB / 0B
2026-05-18 16:30:54,71,15.78,96.55MB,34068.5,0.29,3.675GB / 3.706GB,8.192kB / 0B
2026-05-18 16:31:06,71,15.79,96.98MB,34068.5,0.29,3.685GB / 3.717GB,8.192kB / 0B
2026-05-18 16:31:19,71,15.79,97.19MB,34068.5,0.29,3.696GB / 3.728GB,8.192kB / 0B
2026-05-18 16:31:31,71,15.79,97.54MB,34068.5,0.29,3.706GB / 3.738GB,8.192kB / 0B
2026-05-18 16:31:43,72,15.79,96.7MB,34068.5,0.29,3.717GB / 3.749GB,8.192kB / 0B
2026-05-18 16:31:55,72,15.79,96.33MB,34068.5,0.29,3.728GB / 3.759GB,8.192kB / 0B
2026-05-18 16:32:07,72,15.79,96.76MB,34068.5,0.29,3.738GB / 3.77GB,8.192kB / 0B
2026-05-18 16:32:19,72,15.80,96.27MB,34068.5,0.29,3.748GB / 3.78GB,8.192kB / 0B
2026-05-18 16:32:31,72,15.80,97.15MB,34068.5,0.29,3.759GB / 3.791GB,8.192kB / 0B
2026-05-18 16:32:43,73,15.80,97.34MB,34068.5,0.29,3.769GB / 3.801GB,8.192kB / 0B
2026-05-18 16:32:55,73,15.80,96.33MB,34068.5,0.29,3.78GB / 3.812GB,8.192kB / 0B
2026-05-18 16:33:08,73,15.81,96.8MB,34068.5,0.29,3.79GB / 3.823GB,8.192kB / 0B
2026-05-18 16:33:20,73,15.81,97.82MB,34068.5,0.29,3.801GB / 3.833GB,8.192kB / 0B
2026-05-18 16:33:32,73,15.81,96.95MB,34068.5,0.29,3.811GB / 3.844GB,8.192kB / 0B
2026-05-18 16:33:44,74,15.81,97.19MB,34068.5,0.29,3.822GB / 3.854GB,8.192kB / 0B
2026-05-18 16:33:56,74,15.82,97.68MB,34068.5,0.29,3.832GB / 3.865GB,8.192kB / 0B
2026-05-18 16:34:08,74,15.82,97.28MB,34068.5,0.29,3.843GB / 3.876GB,8.192kB / 0B
2026-05-18 16:34:20,74,15.82,97.25MB,34068.5,0.29,3.853GB / 3.886GB,8.192kB / 0B
2026-05-18 16:34:32,74,15.82,97.69MB,34068.5,0.29,3.864GB / 3.897GB,8.192kB / 0B
2026-05-18 16:34:45,75,15.82,97.18MB,34068.5,0.29,3.874GB / 3.908GB,8.192kB / 0B
2026-05-18 16:34:57,75,15.82,98.05MB,34068.5,0.29,3.885GB / 3.918GB,8.192kB / 0B
2026-05-18 16:35:09,75,15.83,97.85MB,34068.5,0.29,3.896GB / 3.929GB,8.192kB / 0B
2026-05-18 16:35:21,75,15.83,97.08MB,34068.5,0.29,3.906GB / 3.939GB,8.192kB / 0B
2026-05-18 16:35:33,75,15.83,96.57MB,34068.5,0.29,3.916GB / 3.95GB,8.192kB / 0B
2026-05-18 16:35:46,76,15.83,97.28MB,34068.5,0.29,3.927GB / 3.961GB,8.192kB / 0B
2026-05-18 16:35:58,76,15.84,97.53MB,34068.5,0.29,3.938GB / 3.971GB,8.192kB / 0B
2026-05-18 16:36:10,76,15.84,96.91MB,34068.5,0.29,3.948GB / 3.982GB,8.192kB / 0B
2026-05-18 16:36:22,76,15.84,97.84MB,34068.5,0.29,3.958GB / 3.992GB,8.192kB / 0B
2026-05-18 16:36:34,76,15.84,97.34MB,34068.5,0.29,3.969GB / 4.003GB,8.192kB / 0B
2026-05-18 16:36:46,77,15.84,97.1MB,34068.5,0.29,3.979GB / 4.013GB,8.192kB / 0B
2026-05-18 16:36:58,77,15.85,96.96MB,34068.5,0.29,3.99GB / 4.024GB,8.192kB / 0B
2026-05-18 16:37:11,77,15.85,96.99MB,34068.5,0.29,4GB / 4.034GB,8.192kB / 0B
2026-05-18 16:37:23,77,15.85,97.53MB,34068.5,0.29,4.011GB / 4.045GB,8.192kB / 0B
2026-05-18 16:37:35,77,15.85,97.51MB,34068.5,0.29,4.021GB / 4.055GB,8.192kB / 0B
2026-05-18 16:37:47,78,15.85,97.89MB,34068.5,0.29,4.031GB / 4.066GB,8.192kB / 0B
2026-05-18 16:37:59,78,15.85,97.18MB,34068.5,0.29,4.042GB / 4.076GB,8.192kB / 0B
2026-05-18 16:38:11,78,15.86,96.99MB,34068.5,0.29,4.052GB / 4.087GB,8.192kB / 0B
2026-05-18 16:38:23,78,15.86,97.12MB,34068.5,0.29,4.063GB / 4.097GB,8.192kB / 0B
2026-05-18 16:38:35,78,15.86,97.35MB,34068.5,0.29,4.073GB / 4.108GB,8.192kB / 0B
2026-05-18 16:38:47,79,15.86,97.72MB,34068.5,0.29,4.084GB / 4.119GB,8.192kB / 0B
2026-05-18 16:39:00,79,15.86,97.17MB,34068.5,0.29,4.094GB / 4.129GB,8.192kB / 0B
2026-05-18 16:39:12,79,15.86,97.72MB,34068.5,0.29,4.105GB / 4.14GB,8.192kB / 0B
2026-05-18 16:39:24,79,15.87,97.73MB,34068.5,0.29,4.115GB / 4.151GB,8.192kB / 0B
2026-05-18 16:39:36,79,15.87,97.08MB,34068.5,0.29,4.126GB / 4.161GB,8.192kB / 0B
2026-05-18 16:39:48,80,15.87,97.77MB,34068.5,0.29,4.136GB / 4.172GB,8.192kB / 0B
2026-05-18 16:40:00,80,15.87,97.28MB,34068.5,0.29,4.147GB / 4.182GB,8.192kB / 0B
2026-05-18 16:40:12,80,15.87,97.19MB,34068.5,0.29,4.157GB / 4.193GB,8.192kB / 0B
2026-05-18 16:40:25,80,15.88,97.05MB,34068.5,0.29,4.168GB / 4.203GB,8.192kB / 0B
2026-05-18 16:40:37,80,15.88,98.12MB,34068.5,0.29,4.179GB / 4.214GB,8.192kB / 0B
2026-05-18 16:40:49,81,15.88,97.48MB,34068.5,0.29,4.189GB / 4.225GB,8.192kB / 0B
2026-05-18 16:41:01,81,15.88,97.8MB,34068.5,0.29,4.2GB / 4.235GB,8.192kB / 0B
2026-05-18 16:41:13,81,15.89,97.77MB,34068.5,0.29,4.21GB / 4.246GB,8.192kB / 0B
2026-05-18 16:41:26,81,15.89,97.56MB,34068.5,0.29,4.221GB / 4.257GB,8.192kB / 0B
2026-05-18 16:41:38,81,15.89,97.46MB,34068.5,0.29,4.231GB / 4.267GB,8.192kB / 0B
2026-05-18 16:41:50,82,15.89,98.4MB,34068.5,0.30,4.242GB / 4.278GB,8.192kB / 0B
2026-05-18 16:42:02,82,15.89,98.09MB,34068.5,0.29,4.252GB / 4.288GB,8.192kB / 0B
2026-05-18 16:42:14,82,15.89,98.05MB,34068.5,0.29,4.263GB / 4.299GB,8.192kB / 0B
2026-05-18 16:42:26,82,15.90,98.55MB,34068.5,0.30,4.273GB / 4.31GB,8.192kB / 0B
2026-05-18 16:42:38,82,15.90,97.53MB,34068.5,0.29,4.284GB / 4.32GB,8.192kB / 0B
2026-05-18 16:42:50,83,15.90,97.59MB,34068.5,0.29,4.294GB / 4.331GB,8.192kB / 0B
2026-05-18 16:43:03,83,15.90,98.3MB,34068.5,0.30,4.305GB / 4.342GB,8.192kB / 0B
2026-05-18 16:43:15,83,15.90,98.27MB,34068.5,0.30,4.315GB / 4.352GB,8.192kB / 0B
2026-05-18 16:43:27,83,15.91,98.1MB,34068.5,0.29,4.326GB / 4.363GB,8.192kB / 0B
2026-05-18 16:43:39,83,15.91,96.62MB,34068.5,0.29,4.336GB / 4.373GB,8.192kB / 860.2kB
2026-05-18 16:43:51,84,15.91,96.92MB,34068.5,0.29,4.347GB / 4.384GB,8.192kB / 860.2kB
2026-05-18 16:44:03,84,15.91,96.77MB,34068.5,0.29,4.358GB / 4.395GB,8.192kB / 860.2kB
2026-05-18 16:44:15,84,15.91,96.52MB,34068.5,0.29,4.368GB / 4.405GB,8.192kB / 860.2kB
2026-05-18 16:44:27,84,15.91,95.53MB,34068.5,0.29,4.379GB / 4.416GB,8.192kB / 1.905MB
2026-05-18 16:44:40,84,15.92,95.81MB,34068.5,0.29,4.389GB / 4.427GB,8.192kB / 1.905MB
2026-05-18 16:44:52,85,15.92,95.05MB,34068.5,0.29,4.4GB / 4.437GB,8.192kB / 1.905MB
2026-05-18 16:45:04,85,15.92,94.54MB,34068.5,0.28,4.41GB / 4.448GB,8.192kB / 1.905MB
2026-05-18 16:45:16,85,15.92,94.66MB,34068.5,0.28,4.42GB / 4.458GB,8.192kB / 1.905MB
2026-05-18 16:45:28,85,15.92,94.94MB,34068.5,0.29,4.431GB / 4.469GB,8.192kB / 1.905MB
2026-05-18 16:45:40,85,15.92,95.38MB,34068.5,0.29,4.441GB / 4.479GB,8.192kB / 1.905MB
2026-05-18 16:45:52,86,15.92,94.52MB,34068.5,0.28,4.451GB / 4.489GB,8.192kB / 1.905MB
2026-05-18 16:46:04,86,15.92,95.41MB,34068.5,0.29,4.462GB / 4.5GB,8.192kB / 1.905MB
2026-05-18 16:46:16,86,15.92,95.27MB,34068.5,0.29,4.473GB / 4.511GB,8.192kB / 1.905MB
2026-05-18 16:46:28,86,15.93,95.1MB,34068.5,0.29,4.483GB / 4.521GB,8.192kB / 1.905MB
2026-05-18 16:46:40,86,15.93,93.68MB,34068.5,0.28,4.493GB / 4.532GB,8.192kB / 3.019MB
2026-05-18 16:46:52,87,15.93,91.57MB,34068.5,0.28,4.504GB / 4.542GB,8.192kB / 3.985MB
2026-05-18 16:47:04,87,15.93,91.29MB,34068.5,0.27,4.514GB / 4.553GB,8.192kB / 3.985MB
2026-05-18 16:47:16,87,15.93,91.46MB,34068.5,0.27,4.525GB / 4.563GB,8.192kB / 3.985MB
2026-05-18 16:47:28,87,15.93,92.78MB,34068.5,0.28,4.535GB / 4.574GB,8.192kB / 3.985MB
2026-05-18 16:47:40,87,15.93,90.16MB,34068.5,0.27,4.545GB / 4.584GB,8.192kB / 4.968MB
2026-05-18 16:47:52,88,15.93,90.61MB,34068.5,0.27,4.556GB / 4.595GB,8.192kB / 4.968MB
2026-05-18 16:48:04,88,15.93,87.36MB,34068.5,0.26,4.566GB / 4.605GB,8.192kB / 6.435MB
2026-05-18 16:48:16,88,15.93,87.67MB,34068.5,0.26,4.577GB / 4.616GB,8.192kB / 6.435MB
2026-05-18 16:48:28,88,15.93,85.89MB,34068.5,0.26,4.587GB / 4.626GB,8.192kB / 7.959MB
2026-05-18 16:48:40,88,15.93,85.71MB,34068.5,0.26,4.598GB / 4.637GB,8.192kB / 7.959MB
2026-05-18 16:48:52,89,15.94,84.43MB,34068.5,0.25,4.608GB / 4.647GB,8.192kB / 9.384MB
2026-05-18 16:49:04,89,15.94,84.54MB,34068.5,0.25,4.618GB / 4.658GB,8.192kB / 9.384MB
2026-05-18 16:49:16,89,15.94,83.23MB,34068.5,0.25,4.629GB / 4.668GB,8.192kB / 10.91MB
2026-05-18 16:49:28,89,15.94,81.88MB,34068.5,0.25,4.639GB / 4.679GB,8.192kB / 12.01MB
2026-05-18 16:49:40,89,15.94,80.47MB,34068.5,0.24,4.65GB / 4.689GB,8.192kB / 12.97MB
2026-05-18 16:49:52,90,15.94,80.5MB,34068.5,0.24,4.66GB / 4.7GB,8.192kB / 12.97MB
2026-05-18 16:50:04,90,15.94,80.67MB,34068.5,0.24,4.67GB / 4.71GB,8.192kB / 14.01MB
2026-05-18 16:50:16,90,15.94,78.48MB,34068.5,0.24,4.681GB / 4.721GB,8.192kB / 14.88MB
2026-05-18 16:50:28,90,15.94,77.95MB,34068.5,0.23,4.691GB / 4.731GB,8.192kB / 15.91MB
2026-05-18 16:50:41,90,15.94,75.95MB,34068.5,0.23,4.702GB / 4.742GB,8.192kB / 17.44MB
2026-05-18 16:50:53,91,15.94,74.9MB,34068.5,0.23,4.712GB / 4.753GB,8.192kB / 18.98MB
2026-05-18 16:51:05,91,15.94,73.48MB,34068.5,0.22,4.723GB / 4.763GB,8.192kB / 20.53MB
2026-05-18 16:51:17,91,15.94,72.12MB,34068.5,0.22,4.733GB / 4.774GB,8.192kB / 22.04MB
2026-05-18 16:51:29,91,15.94,70.17MB,34068.5,0.21,4.744GB / 4.784GB,8.192kB / 23.61MB
2026-05-18 16:51:41,91,15.94,70.41MB,34068.5,0.21,4.754GB / 4.795GB,8.192kB / 23.61MB
2026-05-18 16:51:53,92,15.95,69.24MB,34068.5,0.21,4.765GB / 4.805GB,8.192kB / 24.86MB
2026-05-18 16:52:05,92,15.95,67.93MB,34068.5,0.20,4.775GB / 4.816GB,8.192kB / 26.13MB
2026-05-18 16:52:17,92,15.95,67.69MB,34068.5,0.20,4.786GB / 4.826GB,8.192kB / 26.13MB
2026-05-18 16:52:29,92,15.95,68.33MB,34068.5,0.21,4.796GB / 4.837GB,8.192kB / 26.13MB
2026-05-18 16:52:41,92,15.95,66.3MB,34068.5,0.20,4.807GB / 4.848GB,8.192kB / 27.33MB
2026-05-18 16:52:53,93,15.95,66.3MB,34068.5,0.20,4.817GB / 4.858GB,8.192kB / 27.33MB
2026-05-18 16:53:05,93,15.96,65.96MB,34068.5,0.20,4.828GB / 4.869GB,8.192kB / 28.09MB
2026-05-18 16:53:17,93,15.96,65.36MB,34068.5,0.20,4.838GB / 4.879GB,8.192kB / 28.96MB
2026-05-18 16:53:29,93,15.96,64.96MB,34068.5,0.20,4.849GB / 4.89GB,8.192kB / 28.96MB
2026-05-18 16:53:41,93,15.96,64.61MB,34068.5,0.19,4.859GB / 4.901GB,8.192kB / 30.22MB
2026-05-18 16:53:54,94,15.96,63.47MB,34068.5,0.19,4.87GB / 4.911GB,8.192kB / 31.11MB
2026-05-18 16:54:06,94,15.96,62.66MB,34068.5,0.19,4.88GB / 4.922GB,8.192kB / 32.07MB
2026-05-18 16:54:18,94,15.96,62.55MB,34068.5,0.19,4.891GB / 4.933GB,8.192kB / 32.07MB
2026-05-18 16:54:30,94,15.96,61.89MB,34068.5,0.19,4.901GB / 4.943GB,8.192kB / 33.05MB
2026-05-18 16:54:42,95,15.96,60.45MB,34068.5,0.18,4.912GB / 4.954GB,8.192kB / 33.58MB
2026-05-18 16:54:54,95,15.96,60.13MB,34068.5,0.18,4.922GB / 4.964GB,8.192kB / 34.46MB
2026-05-18 16:55:06,95,15.97,58.22MB,34068.5,0.17,4.933GB / 4.975GB,8.192kB / 35.73MB
2026-05-18 16:55:18,95,15.97,55.72MB,34068.5,0.17,4.943GB / 4.985GB,8.192kB / 38.31MB
2026-05-18 16:55:30,95,15.97,55.22MB,34068.5,0.17,4.953GB / 4.996GB,8.192kB / 39.61MB
2026-05-18 16:55:42,96,15.97,51.4MB,34068.5,0.15,4.964GB / 5.007GB,8.192kB / 43.77MB
2026-05-18 16:55:55,96,15.97,50.55MB,34068.5,0.15,4.975GB / 5.017GB,8.192kB / 43.77MB
2026-05-18 16:56:07,96,15.97,49.09MB,34068.5,0.15,4.985GB / 5.028GB,8.192kB / 44.71MB
2026-05-18 16:56:19,96,15.97,50.39MB,34068.5,0.15,4.996GB / 5.039GB,8.192kB / 44.71MB
2026-05-18 16:56:31,96,15.97,49.65MB,34068.5,0.15,5.006GB / 5.049GB,8.192kB / 44.71MB
2026-05-18 16:56:43,97,15.97,49.83MB,34068.5,0.15,5.017GB / 5.06GB,8.192kB / 44.71MB
2026-05-18 16:56:56,97,15.97,49.36MB,34068.5,0.15,5.027GB / 5.07GB,8.192kB / 44.71MB
2026-05-18 16:57:08,97,15.97,49.43MB,34068.5,0.15,5.038GB / 5.081GB,8.192kB / 45.61MB
2026-05-18 16:57:20,97,15.97,47.3MB,34068.5,0.14,5.048GB / 5.091GB,8.192kB / 46.57MB
2026-05-18 16:57:32,97,15.98,47.74MB,34068.5,0.14,5.059GB / 5.102GB,8.192kB / 46.57MB
2026-05-18 16:57:44,98,15.98,48.25MB,34068.5,0.15,5.069GB / 5.113GB,8.192kB / 46.57MB
2026-05-18 16:57:56,98,15.98,48.91MB,34068.5,0.15,5.08GB / 5.123GB,8.192kB / 46.57MB
2026-05-18 16:58:08,98,15.98,46.82MB,34068.5,0.14,5.09GB / 5.134GB,8.192kB / 46.86MB
2026-05-18 16:58:20,98,15.98,47.3MB,34068.5,0.14,5.101GB / 5.145GB,8.192kB / 46.86MB
2026-05-18 16:58:32,98,15.98,46.95MB,34068.5,0.14,5.111GB / 5.155GB,8.192kB / 47.91MB
2026-05-18 16:58:44,99,15.98,46.42MB,34068.5,0.14,5.122GB / 5.165GB,8.192kB / 47.91MB
2026-05-18 16:58:56,99,15.98,46.06MB,34068.5,0.14,5.132GB / 5.176GB,8.192kB / 48.78MB
2026-05-18 16:59:09,99,15.99,45.47MB,34068.5,0.14,5.143GB / 5.187GB,8.192kB / 48.78MB
2026-05-18 16:59:21,99,15.98,45.33MB,34068.5,0.14,5.153GB / 5.197GB,8.192kB / 48.78MB
2026-05-18 16:59:33,99,15.98,45.98MB,34068.5,0.14,5.164GB / 5.208GB,8.192kB / 48.78MB
2026-05-18 16:59:45,100,15.99,46.02MB,34068.5,0.14,5.174GB / 5.219GB,8.192kB / 48.78MB
2026-05-18 16:59:57,100,15.99,45.19MB,34068.5,0.14,5.185GB / 5.229GB,8.192kB / 49.14MB
2026-05-18 17:00:09,100,15.99,45.78MB,34068.5,0.14,5.196GB / 5.24GB,8.192kB / 49.14MB
2026-05-18 17:00:21,100,15.99,45.07MB,34068.5,0.14,5.206GB / 5.25GB,8.192kB / 49.34MB
2026-05-18 17:00:34,100,15.99,44.15MB,34068.5,0.13,5.217GB / 5.261GB,8.192kB / 49.82MB
2026-05-18 17:00:46,101,15.99,43.97MB,34068.5,0.13,5.227GB / 5.272GB,8.192kB / 49.82MB
2026-05-18 17:00:58,101,15.99,44.27MB,34068.5,0.13,5.237GB / 5.282GB,8.192kB / 49.82MB
2026-05-18 17:01:10,101,15.99,43.27MB,34068.5,0.13,5.248GB / 5.292GB,8.192kB / 50.59MB
2026-05-18 17:01:22,101,15.99,43.35MB,34068.5,0.13,5.258GB / 5.303GB,8.192kB / 50.59MB
2026-05-18 17:01:34,101,16.00,43.18MB,34068.5,0.13,5.269GB / 5.314GB,8.192kB / 50.59MB
2026-05-18 17:01:46,102,16.00,43.04MB,34068.5,0.13,5.28GB / 5.325GB,8.192kB / 50.59MB
2026-05-18 17:01:59,102,16.00,42.5MB,34068.5,0.13,5.29GB / 5.335GB,8.192kB / 50.59MB
2026-05-18 17:02:10,102,16.00,41.19MB,34068.5,0.12,5.3GB / 5.346GB,8.192kB / 51.32MB
2026-05-18 17:02:23,102,16.00,41.37MB,34068.5,0.12,5.311GB / 5.356GB,8.192kB / 51.32MB
2026-05-18 17:02:35,102,16.00,42.25MB,34068.5,0.13,5.321GB / 5.367GB,8.192kB / 51.32MB
2026-05-18 17:02:47,103,16.00,41.59MB,34068.5,0.12,5.332GB / 5.377GB,8.192kB / 51.32MB
2026-05-18 17:02:59,103,16.00,42.57MB,34068.5,0.13,5.342GB / 5.388GB,8.192kB / 51.32MB
2026-05-18 17:03:11,103,16.00,40.11MB,34068.5,0.12,5.353GB / 5.399GB,8.192kB / 53MB
2026-05-18 17:03:23,103,16.00,39.89MB,34068.5,0.12,5.364GB / 5.409GB,8.192kB / 53MB
2026-05-18 17:03:35,103,16.00,39.37MB,34068.5,0.12,5.374GB / 5.42GB,8.192kB / 53MB
2026-05-18 17:03:47,104,16.01,40.65MB,34068.5,0.12,5.385GB / 5.431GB,8.192kB / 53MB
2026-05-18 17:04:00,104,16.01,38.56MB,34068.5,0.12,5.395GB / 5.441GB,8.192kB / 53.52MB
2026-05-18 17:04:12,104,16.01,38.99MB,34068.5,0.12,5.406GB / 5.452GB,8.192kB / 53.52MB
2026-05-18 17:04:24,104,16.01,39.14MB,34068.5,0.12,5.416GB / 5.462GB,8.192kB / 53.52MB
2026-05-18 17:04:36,104,16.01,39.3MB,34068.5,0.12,5.426GB / 5.473GB,8.192kB / 53.52MB
2026-05-18 17:04:48,105,16.01,39.08MB,34068.5,0.12,5.437GB / 5.483GB,8.192kB / 53.52MB
2026-05-18 17:05:00,105,16.01,38.72MB,34068.5,0.12,5.448GB / 5.494GB,8.192kB / 53.52MB
2026-05-18 17:05:12,105,16.01,39.59MB,34068.5,0.12,5.458GB / 5.505GB,8.192kB / 53.52MB
2026-05-18 17:05:24,105,16.01,39.54MB,34068.5,0.12,5.469GB / 5.515GB,8.192kB / 53.52MB
2026-05-18 17:05:37,105,16.01,32.37MB,34068.5,0.10,5.479GB / 5.526GB,8.192kB / 53.52MB
2026-05-18 17:05:49,106,16.01,32.79MB,34068.5,0.10,5.49GB / 5.536GB,8.192kB / 53.52MB
2026-05-18 17:06:01,106,16.02,32.16MB,34068.5,0.10,5.5GB / 5.547GB,8.192kB / 53.52MB
2026-05-18 17:06:13,106,16.02,33.44MB,34068.5,0.10,5.511GB / 5.558GB,8.192kB / 53.52MB
2026-05-18 17:06:25,106,16.02,32.55MB,34068.5,0.10,5.521GB / 5.568GB,8.192kB / 53.52MB
2026-05-18 17:06:37,106,16.02,32.05MB,34068.5,0.10,5.532GB / 5.579GB,8.192kB / 53.52MB
2026-05-18 17:06:50,107,16.02,32.34MB,34068.5,0.10,5.542GB / 5.589GB,8.192kB / 53.52MB
2026-05-18 17:07:02,107,16.02,32.09MB,34068.5,0.10,5.553GB / 5.6GB,8.192kB / 53.52MB
2026-05-18 17:07:14,107,16.02,32.06MB,34068.5,0.10,5.563GB / 5.611GB,8.192kB / 53.52MB
2026-05-18 17:07:26,107,16.02,32.14MB,34068.5,0.10,5.574GB / 5.621GB,8.192kB / 53.52MB
2026-05-18 17:07:38,107,16.02,32.2MB,34068.5,0.10,5.584GB / 5.632GB,8.192kB / 53.52MB
2026-05-18 17:07:50,108,16.02,31.95MB,34068.5,0.10,5.595GB / 5.642GB,8.192kB / 53.52MB
2026-05-18 17:08:03,108,16.02,32.4MB,34068.5,0.10,5.605GB / 5.653GB,8.192kB / 53.52MB
2026-05-18 17:08:15,108,16.02,32MB,34068.5,0.10,5.616GB / 5.664GB,8.192kB / 53.52MB
2026-05-18 17:08:27,108,16.02,32.49MB,34068.5,0.10,5.626GB / 5.674GB,8.192kB / 53.52MB
2026-05-18 17:08:39,108,16.02,32.41MB,34068.5,0.10,5.637GB / 5.685GB,8.192kB / 53.52MB
2026-05-18 17:08:51,109,16.03,32.68MB,34068.5,0.10,5.647GB / 5.696GB,8.192kB / 53.52MB
2026-05-18 17:09:03,109,16.03,32.18MB,34068.5,0.10,5.658GB / 5.706GB,8.192kB / 53.52MB
2026-05-18 17:09:15,109,16.02,33.1MB,34068.5,0.10,5.668GB / 5.717GB,8.192kB / 53.52MB
2026-05-18 17:09:27,109,16.02,32.59MB,34068.5,0.10,5.679GB / 5.727GB,8.192kB / 53.52MB
2026-05-18 17:09:39,109,16.02,32.87MB,34068.5,0.10,5.689GB / 5.738GB,8.192kB / 53.52MB
2026-05-18 17:09:52,110,16.02,32.89MB,34068.5,0.10,5.7GB / 5.748GB,8.192kB / 53.52MB
2026-05-18 17:10:04,110,16.03,32.95MB,34068.5,0.10,5.71GB / 5.759GB,8.192kB / 53.52MB
2026-05-18 17:10:16,110,16.03,33.82MB,34068.5,0.10,5.721GB / 5.77GB,8.192kB / 53.52MB
2026-05-18 17:10:28,110,16.03,32.96MB,34068.5,0.10,5.731GB / 5.78GB,8.192kB / 53.52MB
2026-05-18 17:10:40,110,16.03,32.88MB,34068.5,0.10,5.742GB / 5.791GB,8.192kB / 53.52MB
2026-05-18 17:10:52,111,16.03,32.87MB,34068.5,0.10,5.752GB / 5.801GB,8.192kB / 53.52MB
2026-05-18 17:11:04,111,16.03,33.25MB,34068.5,0.10,5.762GB / 5.811GB,8.192kB / 53.52MB
2026-05-18 17:11:16,111,16.03,33.14MB,34068.5,0.10,5.773GB / 5.822GB,8.192kB / 53.52MB
2026-05-18 17:11:28,111,16.03,32.58MB,34068.5,0.10,5.783GB / 5.833GB,8.192kB / 53.52MB
2026-05-18 17:11:40,111,16.03,33.24MB,34068.5,0.10,5.794GB / 5.843GB,8.192kB / 53.52MB
2026-05-18 17:11:53,112,16.04,33.3MB,34068.5,0.10,5.805GB / 5.854GB,8.192kB / 53.52MB
2026-05-18 17:12:05,112,16.04,33.37MB,34068.5,0.10,5.815GB / 5.865GB,8.192kB / 53.52MB
2026-05-18 17:12:17,112,16.04,32.92MB,34068.5,0.10,5.826GB / 5.875GB,8.192kB / 53.52MB
2026-05-18 17:12:29,112,16.04,32.87MB,34068.5,0.10,5.836GB / 5.886GB,8.192kB / 53.52MB
2026-05-18 17:12:41,112,16.04,33.32MB,34068.5,0.10,5.847GB / 5.897GB,8.192kB / 53.52MB
2026-05-18 17:12:53,113,16.04,32.67MB,34068.5,0.10,5.857GB / 5.907GB,8.192kB / 53.52MB
2026-05-18 17:13:05,113,16.04,32.91MB,34068.5,0.10,5.868GB / 5.918GB,8.192kB / 53.52MB
2026-05-18 17:13:17,113,16.04,32.91MB,34068.5,0.10,5.878GB / 5.928GB,8.192kB / 53.52MB
2026-05-18 17:13:29,113,16.04,32.97MB,34068.5,0.10,5.889GB / 5.939GB,8.192kB / 53.52MB
2026-05-18 17:13:42,114,16.04,33MB,34068.5,0.10,5.899GB / 5.95GB,8.192kB / 53.52MB
2026-05-18 17:13:54,114,16.04,32.52MB,34068.5,0.10,5.91GB / 5.96GB,8.192kB / 53.52MB
2026-05-18 17:14:06,114,16.05,32.78MB,34068.5,0.10,5.92GB / 5.971GB,8.192kB / 53.52MB
2026-05-18 17:14:18,114,16.05,33.38MB,34068.5,0.10,5.931GB / 5.981GB,8.192kB / 53.52MB
2026-05-18 17:14:30,114,16.05,32.94MB,34068.5,0.10,5.941GB / 5.992GB,8.192kB / 53.52MB
2026-05-18 17:14:42,115,16.05,32.85MB,34068.5,0.10,5.951GB / 6.002GB,8.192kB / 53.52MB
2026-05-18 17:14:54,115,16.05,33.45MB,34068.5,0.10,5.962GB / 6.013GB,8.192kB / 53.52MB
2026-05-18 17:15:06,115,16.05,33.55MB,34068.5,0.10,5.972GB / 6.023GB,8.192kB / 53.52MB
2026-05-18 17:15:18,115,16.05,32.91MB,34068.5,0.10,5.983GB / 6.034GB,8.192kB / 53.52MB
2026-05-18 17:15:31,115,16.05,32.92MB,34068.5,0.10,5.993GB / 6.044GB,8.192kB / 53.52MB
2026-05-18 17:15:43,116,16.05,32.89MB,34068.5,0.10,6.004GB / 6.055GB,8.192kB / 53.52MB
2026-05-18 17:15:55,116,16.05,33.97MB,34068.5,0.10,6.014GB / 6.066GB,8.192kB / 53.52MB
2026-05-18 17:16:07,116,16.05,33.39MB,34068.5,0.10,6.025GB / 6.076GB,8.192kB / 53.52MB
2026-05-18 17:16:19,116,16.05,33.21MB,34068.5,0.10,6.036GB / 6.087GB,8.192kB / 53.52MB
2026-05-18 17:16:31,116,16.05,33.17MB,34068.5,0.10,6.046GB / 6.097GB,8.192kB / 53.52MB
2026-05-18 17:16:43,117,16.06,33.29MB,34068.5,0.10,6.056GB / 6.108GB,8.192kB / 53.52MB
2026-05-18 17:16:55,117,16.06,34.29MB,34068.5,0.10,6.067GB / 6.119GB,8.192kB / 53.52MB
2026-05-18 17:17:08,117,16.05,32.94MB,34068.5,0.10,6.077GB / 6.129GB,8.192kB / 53.52MB
2026-05-18 17:17:20,117,16.06,33.72MB,34068.5,0.10,6.088GB / 6.14GB,8.192kB / 53.52MB
2026-05-18 17:17:32,117,16.06,34.22MB,34068.5,0.10,6.098GB / 6.15GB,8.192kB / 53.52MB
2026-05-18 17:17:44,118,16.06,33.85MB,34068.5,0.10,6.109GB / 6.161GB,8.192kB / 53.52MB
2026-05-18 17:17:56,118,16.06,34.24MB,34068.5,0.10,6.119GB / 6.171GB,12.29kB / 53.52MB
2026-05-18 17:18:08,118,16.06,33.52MB,34068.5,0.10,6.13GB / 6.182GB,12.29kB / 53.52MB
2026-05-18 17:18:21,118,16.06,34.14MB,34068.5,0.10,6.14GB / 6.193GB,12.29kB / 53.52MB
2026-05-18 17:18:33,118,16.07,33.21MB,34068.5,0.10,6.151GB / 6.203GB,12.29kB / 53.52MB
2026-05-18 17:18:45,119,16.07,33.24MB,34068.5,0.10,6.161GB / 6.214GB,12.29kB / 53.52MB
2026-05-18 17:18:57,119,16.07,33.05MB,34068.5,0.10,6.172GB / 6.224GB,12.29kB / 53.52MB
2026-05-18 17:19:09,119,16.07,34.21MB,34068.5,0.10,6.182GB / 6.235GB,12.29kB / 53.52MB
2026-05-18 17:19:21,119,16.07,34.01MB,34068.5,0.10,6.193GB / 6.245GB,12.29kB / 53.52MB
2026-05-18 17:19:33,119,16.07,34.62MB,34068.5,0.10,6.203GB / 6.256GB,12.29kB / 53.52MB
2026-05-18 17:19:46,120,16.07,33.62MB,34068.5,0.10,6.214GB / 6.267GB,12.29kB / 53.52MB
2026-05-18 17:19:58,120,16.07,33.64MB,34068.5,0.10,6.224GB / 6.277GB,12.29kB / 53.52MB
2026-05-18 17:20:10,120,16.07,34.03MB,34068.5,0.10,6.235GB / 6.288GB,12.29kB / 53.52MB
2026-05-18 17:20:22,120,16.07,33.4MB,34068.5,0.10,6.245GB / 6.299GB,12.29kB / 53.52MB
2026-05-18 17:20:34,120,16.08,33.58MB,34068.5,0.10,6.256GB / 6.309GB,12.29kB / 53.52MB
2026-05-18 17:20:46,121,16.08,33.56MB,34068.5,0.10,6.266GB / 6.32GB,12.29kB / 53.52MB
2026-05-18 17:20:58,121,16.08,33.46MB,34068.5,0.10,6.277GB / 6.33GB,12.29kB / 53.52MB
2026-05-18 17:21:11,121,16.08,33.38MB,34068.5,0.10,6.287GB / 6.341GB,12.29kB / 53.52MB
2026-05-18 17:21:23,121,16.08,34.55MB,34068.5,0.10,6.298GB / 6.352GB,12.29kB / 53.52MB
2026-05-18 17:21:35,121,16.08,34.19MB,34068.5,0.10,6.309GB / 6.362GB,12.29kB / 53.52MB
2026-05-18 17:21:47,122,16.08,33.94MB,34068.5,0.10,6.319GB / 6.373GB,12.29kB / 53.52MB
2026-05-18 17:21:59,122,16.08,34.04MB,34068.5,0.10,6.33GB / 6.384GB,12.29kB / 53.52MB
2026-05-18 17:22:11,122,16.08,34.39MB,34068.5,0.10,6.34GB / 6.394GB,12.29kB / 53.52MB
2026-05-18 17:22:23,122,16.08,33.44MB,34068.5,0.10,6.35GB / 6.405GB,12.29kB / 53.52MB
2026-05-18 17:22:35,122,16.08,33.87MB,34068.5,0.10,6.361GB / 6.415GB,12.29kB / 53.52MB
2026-05-18 17:22:47,123,16.08,33.9MB,34068.5,0.10,6.371GB / 6.425GB,12.29kB / 53.52MB
2026-05-18 17:22:59,123,16.08,33.91MB,34068.5,0.10,6.382GB / 6.436GB,12.29kB / 53.52MB
2026-05-18 17:23:11,123,16.08,34.03MB,34068.5,0.10,6.392GB / 6.447GB,12.29kB / 53.52MB
2026-05-18 17:23:23,123,16.08,34.43MB,34068.5,0.10,6.403GB / 6.457GB,12.29kB / 53.52MB
2026-05-18 17:23:35,123,16.08,33.99MB,34068.5,0.10,6.413GB / 6.468GB,12.29kB / 53.52MB
2026-05-18 17:23:48,124,16.08,34.57MB,34068.5,0.10,6.424GB / 6.478GB,12.29kB / 53.52MB
2026-05-18 17:24:00,124,16.08,33.96MB,34068.5,0.10,6.434GB / 6.489GB,12.29kB / 53.52MB
2026-05-18 17:24:12,124,16.08,34.89MB,34068.5,0.10,6.445GB / 6.5GB,12.29kB / 53.52MB
2026-05-18 17:24:24,124,16.08,34.91MB,34068.5,0.10,6.455GB / 6.51GB,12.29kB / 53.52MB
2026-05-18 17:24:36,124,16.09,34.59MB,34068.5,0.10,6.466GB / 6.521GB,12.29kB / 53.52MB
2026-05-18 17:24:48,125,16.09,34.11MB,34068.5,0.10,6.476GB / 6.532GB,12.29kB / 53.52MB
2026-05-18 17:25:00,125,16.09,34.02MB,34068.5,0.10,6.487GB / 6.542GB,12.29kB / 53.52MB
2026-05-18 17:25:12,125,16.09,34.06MB,34068.5,0.10,6.498GB / 6.553GB,12.29kB / 53.52MB
2026-05-18 17:25:24,125,16.09,34.57MB,34068.5,0.10,6.508GB / 6.564GB,12.29kB / 53.52MB
2026-05-18 17:25:36,125,16.09,34.71MB,34068.5,0.10,6.519GB / 6.574GB,12.29kB / 53.52MB
2026-05-18 17:25:48,126,16.09,34.35MB,34068.5,0.10,6.529GB / 6.585GB,12.29kB / 53.52MB
2026-05-18 17:26:00,126,16.09,34.17MB,34068.5,0.10,6.54GB / 6.595GB,12.29kB / 53.52MB
2026-05-18 17:26:12,126,16.09,33.98MB,34068.5,0.10,6.55GB / 6.606GB,12.29kB / 53.52MB
2026-05-18 17:26:25,126,16.09,34.62MB,34068.5,0.10,6.561GB / 6.616GB,12.29kB / 53.52MB
2026-05-18 17:26:36,126,16.09,34.16MB,34068.5,0.10,6.571GB / 6.627GB,12.29kB / 53.52MB
2026-05-18 17:26:48,127,16.09,35.06MB,34068.5,0.11,6.582GB / 6.638GB,12.29kB / 53.52MB
2026-05-18 17:27:01,127,16.09,34.21MB,34068.5,0.10,6.592GB / 6.648GB,12.29kB / 53.52MB
2026-05-18 17:27:13,127,16.09,35.42MB,34068.5,0.11,6.603GB / 6.659GB,12.29kB / 53.52MB
2026-05-18 17:27:25,127,16.10,34.53MB,34068.5,0.10,6.613GB / 6.67GB,12.29kB / 53.52MB
2026-05-18 17:27:37,127,16.10,35MB,34068.5,0.11,6.624GB / 6.68GB,12.29kB / 53.52MB
2026-05-18 17:27:49,128,16.10,34.9MB,34068.5,0.10,6.634GB / 6.691GB,12.29kB / 53.52MB
2026-05-18 17:28:01,128,16.10,35.08MB,34068.5,0.11,6.645GB / 6.701GB,12.29kB / 53.52MB
2026-05-18 17:28:13,128,16.10,34.61MB,34068.5,0.10,6.655GB / 6.712GB,12.29kB / 53.52MB
2026-05-18 17:28:25,128,16.10,34.39MB,34068.5,0.10,6.666GB / 6.723GB,12.29kB / 53.52MB
2026-05-18 17:28:37,128,16.10,34.35MB,34068.5,0.10,6.676GB / 6.733GB,12.29kB / 53.52MB
2026-05-18 17:28:49,129,16.10,34.88MB,34068.5,0.10,6.687GB / 6.744GB,12.29kB / 53.52MB
2026-05-18 17:29:01,129,16.10,34.57MB,34068.5,0.10,6.697GB / 6.754GB,12.29kB / 53.52MB
2026-05-18 17:29:13,129,16.10,34.6MB,34068.5,0.10,6.708GB / 6.765GB,12.29kB / 53.52MB
2026-05-18 17:29:25,129,16.10,34.74MB,34068.5,0.10,6.718GB / 6.775GB,12.29kB / 53.52MB
2026-05-18 17:29:37,129,16.10,34.64MB,34068.5,0.10,6.729GB / 6.786GB,12.29kB / 53.52MB
2026-05-18 17:29:49,130,16.10,34.07MB,34068.5,0.10,6.739GB / 6.796GB,12.29kB / 53.52MB
2026-05-18 17:30:01,130,16.10,35.09MB,34068.5,0.11,6.75GB / 6.807GB,12.29kB / 53.52MB
2026-05-18 17:30:13,130,16.10,34.27MB,34068.5,0.10,6.76GB / 6.818GB,12.29kB / 53.52MB
2026-05-18 17:30:25,130,16.10,34.45MB,34068.5,0.10,6.771GB / 6.828GB,12.29kB / 53.52MB
2026-05-18 17:30:37,130,16.10,34.92MB,34068.5,0.10,6.781GB / 6.839GB,12.29kB / 53.52MB
2026-05-18 17:30:49,131,16.10,34.34MB,34068.5,0.10,6.792GB / 6.85GB,12.29kB / 53.52MB
2026-05-18 17:31:01,131,16.10,35.03MB,34068.5,0.11,6.802GB / 6.86GB,12.29kB / 53.52MB
2026-05-18 17:31:13,131,16.10,34.91MB,34068.5,0.10,6.813GB / 6.871GB,12.29kB / 53.52MB
2026-05-18 17:31:25,131,16.10,34.5MB,34068.5,0.10,6.823GB / 6.881GB,12.29kB / 53.52MB
2026-05-18 17:31:37,131,16.10,34.82MB,34068.5,0.10,6.834GB / 6.892GB,12.29kB / 53.52MB
2026-05-18 17:31:50,132,16.10,34.7MB,34068.5,0.10,6.844GB / 6.903GB,12.29kB / 53.52MB
2026-05-18 17:32:02,132,16.10,35.23MB,34068.5,0.11,6.855GB / 6.913GB,12.29kB / 53.52MB
2026-05-18 17:32:13,132,16.10,34.57MB,34068.5,0.10,6.865GB / 6.924GB,12.29kB / 53.52MB
2026-05-18 17:32:26,132,16.11,35.01MB,34068.5,0.11,6.876GB / 6.934GB,12.29kB / 53.52MB
2026-05-18 17:32:38,132,16.11,35.34MB,34068.5,0.11,6.886GB / 6.945GB,12.29kB / 53.52MB
2026-05-18 17:32:50,133,16.11,34.96MB,34068.5,0.11,6.897GB / 6.955GB,12.29kB / 53.52MB
2026-05-18 17:33:02,133,16.11,34.39MB,34068.5,0.10,6.907GB / 6.966GB,12.29kB / 53.52MB
2026-05-18 17:33:14,133,16.11,34.71MB,34068.5,0.10,6.918GB / 6.977GB,12.29kB / 53.52MB
2026-05-18 17:33:26,133,16.11,34.83MB,34068.5,0.10,6.928GB / 6.987GB,12.29kB / 53.52MB
2026-05-18 17:33:38,133,16.11,35.24MB,34068.5,0.11,6.939GB / 6.998GB,12.29kB / 53.52MB
2026-05-18 17:33:50,134,16.11,35.45MB,34068.5,0.11,6.949GB / 7.009GB,12.29kB / 53.52MB
2026-05-18 17:34:02,134,16.11,34.68MB,34068.5,0.10,6.96GB / 7.019GB,12.29kB / 53.52MB
2026-05-18 17:34:14,134,16.11,35.66MB,34068.5,0.11,6.97GB / 7.03GB,12.29kB / 53.52MB
2026-05-18 17:34:26,134,16.11,34.64MB,34068.5,0.10,6.981GB / 7.04GB,12.29kB / 53.52MB
2026-05-18 17:34:38,134,16.11,35.08MB,34068.5,0.11,6.991GB / 7.051GB,12.29kB / 53.52MB
2026-05-18 17:34:50,135,16.11,35.55MB,34068.5,0.11,7.002GB / 7.062GB,12.29kB / 53.52MB
2026-05-18 17:35:02,135,16.11,34.94MB,34068.5,0.11,7.012GB / 7.072GB,12.29kB / 53.52MB
2026-05-18 17:35:14,135,16.11,35.49MB,34068.5,0.11,7.023GB / 7.083GB,12.29kB / 53.52MB
2026-05-18 17:35:27,135,16.11,35.3MB,34068.5,0.11,7.033GB / 7.093GB,12.29kB / 53.52MB
2026-05-18 17:35:39,135,16.11,35.44MB,34068.5,0.11,7.044GB / 7.104GB,12.29kB / 53.52MB
2026-05-18 17:35:51,136,16.11,34.99MB,34068.5,0.11,7.055GB / 7.115GB,12.29kB / 53.52MB
2026-05-18 17:36:03,136,16.11,36.34MB,34068.5,0.11,7.065GB / 7.125GB,12.29kB / 53.52MB
2026-05-18 17:36:15,136,16.11,35.52MB,34068.5,0.11,7.076GB / 7.136GB,12.29kB / 53.52MB
2026-05-18 17:36:27,136,16.11,36.09MB,34068.5,0.11,7.086GB / 7.147GB,12.29kB / 53.52MB
2026-05-18 17:36:39,136,16.11,35.45MB,34068.5,0.11,7.097GB / 7.157GB,12.29kB / 53.52MB
2026-05-18 17:36:52,137,16.11,35.46MB,34068.5,0.11,7.107GB / 7.168GB,12.29kB / 53.52MB
2026-05-18 17:37:04,137,16.11,35.05MB,34068.5,0.11,7.118GB / 7.179GB,12.29kB / 53.52MB
2026-05-18 17:37:16,137,16.11,35.17MB,34068.5,0.11,7.129GB / 7.189GB,12.29kB / 53.52MB
2026-05-18 17:37:28,137,16.11,35.09MB,34068.5,0.11,7.139GB / 7.2GB,12.29kB / 53.52MB
2026-05-18 17:37:40,137,16.11,35.94MB,34068.5,0.11,7.15GB / 7.211GB,12.29kB / 53.52MB
2026-05-18 17:37:52,138,16.11,35.63MB,34068.5,0.11,7.16GB / 7.221GB,12.29kB / 53.52MB
2026-05-18 17:38:04,138,16.11,35.52MB,34068.5,0.11,7.17GB / 7.232GB,12.29kB / 53.52MB
2026-05-18 17:38:16,138,16.11,35.27MB,34068.5,0.11,7.181GB / 7.242GB,12.29kB / 53.52MB
2026-05-18 17:38:28,138,16.11,35.5MB,34068.5,0.11,7.191GB / 7.253GB,12.29kB / 53.52MB
2026-05-18 17:38:40,138,16.11,36.52MB,34068.5,0.11,7.202GB / 7.263GB,12.29kB / 53.52MB
2026-05-18 17:38:52,139,16.11,35.74MB,34068.5,0.11,7.212GB / 7.274GB,12.29kB / 53.52MB
2026-05-18 17:39:04,139,16.11,35MB,34068.5,0.11,7.223GB / 7.284GB,12.29kB / 53.52MB
2026-05-18 17:39:16,139,16.11,35.72MB,34068.5,0.11,7.233GB / 7.295GB,12.29kB / 53.52MB
2026-05-18 17:39:29,139,16.11,35.92MB,34068.5,0.11,7.244GB / 7.306GB,12.29kB / 53.52MB
2026-05-18 17:39:40,139,16.11,36.3MB,34068.5,0.11,7.254GB / 7.316GB,12.29kB / 53.52MB
2026-05-18 17:39:53,140,16.11,35.89MB,34068.5,0.11,7.265GB / 7.327GB,12.29kB / 53.52MB
2026-05-18 17:40:05,140,16.11,35.46MB,34068.5,0.11,7.276GB / 7.338GB,12.29kB / 53.52MB
2026-05-18 17:40:17,140,16.11,37MB,34068.5,0.11,7.286GB / 7.348GB,12.29kB / 53.52MB
2026-05-18 17:40:29,140,16.11,35.37MB,34068.5,0.11,7.297GB / 7.359GB,12.29kB / 53.52MB
2026-05-18 17:40:41,140,16.11,35.83MB,34068.5,0.11,7.307GB / 7.37GB,16.38kB / 53.52MB
2026-05-18 17:40:53,141,16.11,35.65MB,34068.5,0.11,7.318GB / 7.38GB,16.38kB / 53.52MB
2026-05-18 17:41:06,141,16.11,35.55MB,34068.5,0.11,7.329GB / 7.391GB,16.38kB / 53.52MB
2026-05-18 17:41:18,141,16.11,35.38MB,34068.5,0.11,7.339GB / 7.402GB,16.38kB / 53.52MB
2026-05-18 17:41:30,141,16.11,36MB,34068.5,0.11,7.35GB / 7.412GB,16.38kB / 53.52MB
2026-05-18 17:41:42,142,16.12,36.51MB,34068.5,0.11,7.36GB / 7.423GB,16.38kB / 53.52MB
2026-05-18 17:41:54,142,16.12,36.38MB,34068.5,0.11,7.371GB / 7.433GB,16.38kB / 53.52MB
2026-05-18 17:42:06,142,16.12,36.56MB,34068.5,0.11,7.381GB / 7.444GB,16.38kB / 53.52MB
2026-05-18 17:42:18,142,16.12,35.78MB,34068.5,0.11,7.391GB / 7.454GB,16.38kB / 53.52MB
2026-05-18 17:42:30,142,16.12,36.02MB,34068.5,0.11,7.402GB / 7.465GB,16.38kB / 53.52MB
2026-05-18 17:42:42,143,16.12,36.5MB,34068.5,0.11,7.413GB / 7.476GB,16.38kB / 53.52MB
2026-05-18 17:42:55,143,16.12,36.25MB,34068.5,0.11,7.423GB / 7.487GB,16.38kB / 53.52MB
2026-05-18 17:43:07,143,16.12,36.66MB,34068.5,0.11,7.434GB / 7.497GB,16.38kB / 53.52MB
2026-05-18 17:43:19,143,16.12,36.2MB,34068.5,0.11,7.444GB / 7.508GB,16.38kB / 53.52MB
2026-05-18 17:43:31,143,16.12,36.43MB,34068.5,0.11,7.455GB / 7.519GB,16.38kB / 53.52MB
2026-05-18 17:43:43,144,16.12,36.33MB,34068.5,0.11,7.466GB / 7.529GB,16.38kB / 53.52MB
2026-05-18 17:43:55,144,16.12,36.58MB,34068.5,0.11,7.476GB / 7.54GB,16.38kB / 53.52MB
2026-05-18 17:44:07,144,16.12,36.68MB,34068.5,0.11,7.487GB / 7.55GB,16.38kB / 53.52MB
2026-05-18 17:44:20,144,16.12,36.56MB,34068.5,0.11,7.497GB / 7.561GB,16.38kB / 53.52MB
2026-05-18 17:44:32,144,16.12,36.21MB,34068.5,0.11,7.508GB / 7.572GB,16.38kB / 53.52MB
2026-05-18 17:44:44,145,16.12,35.7MB,34068.5,0.11,7.518GB / 7.582GB,16.38kB / 53.52MB
2026-05-18 17:44:56,145,16.12,36.2MB,34068.5,0.11,7.529GB / 7.593GB,16.38kB / 53.52MB
2026-05-18 17:45:08,145,16.12,36.91MB,34068.5,0.11,7.54GB / 7.604GB,16.38kB / 53.52MB
2026-05-18 17:45:20,145,16.13,81.38MB,34068.5,0.24,7.55GB / 7.614GB,45.27MB / 53.52MB
2026-05-18 17:45:32,145,16.13,81.42MB,34068.5,0.24,7.56GB / 7.625GB,45.27MB / 53.52MB
2026-05-18 17:45:44,146,16.13,81.27MB,34068.5,0.24,7.571GB / 7.635GB,45.27MB / 53.52MB
2026-05-18 17:45:56,146,16.12,81.81MB,34068.5,0.25,7.581GB / 7.646GB,45.27MB / 53.52MB
2026-05-18 17:46:09,146,16.13,81.32MB,34068.5,0.24,7.592GB / 7.657GB,45.27MB / 53.52MB
2026-05-18 17:46:21,146,16.13,82.34MB,34068.5,0.25,7.602GB / 7.667GB,45.27MB / 53.52MB
2026-05-18 17:46:33,146,16.13,82.21MB,34068.5,0.25,7.613GB / 7.678GB,45.27MB / 53.52MB
2026-05-18 17:46:45,147,16.13,82.18MB,34068.5,0.25,7.624GB / 7.689GB,45.27MB / 53.52MB
2026-05-18 17:46:58,147,16.13,82.53MB,34068.5,0.25,7.634GB / 7.699GB,45.27MB / 53.52MB
2026-05-18 17:47:10,147,16.13,82.25MB,34068.5,0.25,7.645GB / 7.71GB,45.27MB / 53.52MB
2026-05-18 17:47:22,147,16.13,81.91MB,34068.5,0.25,7.655GB / 7.721GB,45.27MB / 53.52MB
2026-05-18 17:47:34,147,16.13,82.04MB,34068.5,0.25,7.666GB / 7.731GB,45.27MB / 53.52MB
2026-05-18 17:47:46,148,16.13,82.36MB,34068.5,0.25,7.676GB / 7.742GB,45.27MB / 53.52MB
2026-05-18 17:47:58,148,16.13,81.31MB,34068.5,0.24,7.687GB / 7.752GB,45.27MB / 53.52MB
2026-05-18 17:48:10,148,16.13,81.95MB,34068.5,0.25,7.698GB / 7.763GB,45.27MB / 53.52MB
2026-05-18 17:48:22,148,16.13,82.15MB,34068.5,0.25,7.708GB / 7.774GB,45.27MB / 53.52MB
2026-05-18 17:48:34,148,16.13,81.2MB,34068.5,0.24,7.719GB / 7.784GB,45.27MB / 53.52MB
2026-05-18 17:48:46,149,16.13,82.05MB,34068.5,0.25,7.729GB / 7.795GB,45.27MB / 53.52MB
2026-05-18 17:48:58,149,16.13,82.28MB,34068.5,0.25,7.74GB / 7.806GB,45.27MB / 53.52MB
2026-05-18 17:49:10,149,16.13,82.45MB,34068.5,0.25,7.75GB / 7.816GB,45.27MB / 53.52MB
2026-05-18 17:49:22,149,16.13,81.83MB,34068.5,0.25,7.761GB / 7.827GB,45.27MB / 53.52MB
2026-05-18 17:49:34,149,16.13,81.88MB,34068.5,0.25,7.771GB / 7.837GB,45.27MB / 53.52MB
2026-05-18 17:49:46,150,16.13,81.63MB,34068.5,0.25,7.782GB / 7.848GB,45.27MB / 53.52MB
2026-05-18 17:49:59,150,16.13,81.82MB,34068.5,0.25,7.792GB / 7.859GB,45.27MB / 53.52MB
2026-05-18 17:50:11,150,16.13,82.79MB,34068.5,0.25,7.803GB / 7.869GB,45.27MB / 53.52MB
2026-05-18 17:50:23,150,16.13,81.66MB,34068.5,0.25,7.813GB / 7.88GB,45.27MB / 53.52MB
2026-05-18 17:50:35,150,16.13,82.01MB,34068.5,0.25,7.824GB / 7.89GB,45.27MB / 53.52MB
2026-05-18 17:50:47,151,16.13,81.98MB,34068.5,0.25,7.834GB / 7.901GB,45.27MB / 53.52MB
2026-05-18 17:50:59,151,16.13,81.96MB,34068.5,0.25,7.845GB / 7.912GB,45.27MB / 53.52MB
2026-05-18 17:51:11,151,16.13,82.04MB,34068.5,0.25,7.855GB / 7.922GB,45.27MB / 53.52MB
2026-05-18 17:51:23,151,16.13,82.15MB,34068.5,0.25,7.866GB / 7.933GB,45.27MB / 53.52MB
2026-05-18 17:51:35,151,16.13,82.28MB,34068.5,0.25,7.877GB / 7.944GB,45.27MB / 53.52MB
2026-05-18 17:51:47,152,16.13,81.95MB,34068.5,0.25,7.887GB / 7.954GB,45.27MB / 53.52MB
2026-05-18 17:51:59,152,16.13,81.9MB,34068.5,0.25,7.898GB / 7.965GB,45.27MB / 53.52MB
2026-05-18 17:52:11,152,16.13,81.67MB,34068.5,0.25,7.908GB / 7.975GB,45.27MB / 53.52MB
2026-05-18 17:52:23,152,16.13,81.72MB,34068.5,0.25,7.918GB / 7.986GB,45.27MB / 53.52MB
2026-05-18 17:52:35,152,16.13,82.12MB,34068.5,0.25,7.929GB / 7.996GB,45.27MB / 53.52MB
2026-05-18 17:52:47,153,16.13,82.72MB,34068.5,0.25,7.939GB / 8.007GB,45.27MB / 53.52MB
2026-05-18 17:52:59,153,16.13,82.1MB,34068.5,0.25,7.95GB / 8.017GB,45.27MB / 53.52MB
2026-05-18 17:53:11,153,16.13,81.91MB,34068.5,0.25,7.96GB / 8.028GB,45.27MB / 53.52MB
2026-05-18 17:53:23,153,16.13,82.01MB,34068.5,0.25,7.971GB / 8.038GB,45.27MB / 53.52MB
2026-05-18 17:53:35,153,16.13,81.95MB,34068.5,0.25,7.981GB / 8.049GB,45.27MB / 53.52MB
2026-05-18 17:53:47,154,16.13,82.13MB,34068.5,0.25,7.992GB / 8.06GB,45.27MB / 53.52MB
2026-05-18 17:53:59,154,16.13,82.25MB,34068.5,0.25,8.002GB / 8.07GB,45.27MB / 53.52MB
2026-05-18 17:54:11,154,16.14,81.89MB,34068.5,0.25,8.012GB / 8.081GB,45.27MB / 53.52MB
2026-05-18 17:54:23,154,16.13,82.28MB,34068.5,0.25,8.023GB / 8.091GB,45.27MB / 53.52MB
2026-05-18 17:54:35,154,16.13,82.31MB,34068.5,0.25,8.033GB / 8.102GB,45.27MB / 53.52MB
2026-05-18 17:54:47,155,16.13,82.24MB,34068.5,0.25,8.044GB / 8.112GB,45.27MB / 53.52MB
2026-05-18 17:54:59,155,16.13,82.27MB,34068.5,0.25,8.054GB / 8.123GB,45.27MB / 53.52MB
2026-05-18 17:55:11,155,16.13,82.64MB,34068.5,0.25,8.065GB / 8.133GB,45.27MB / 53.52MB
2026-05-18 17:55:24,155,16.13,82.6MB,34068.5,0.25,8.075GB / 8.144GB,45.27MB / 53.52MB
2026-05-18 17:55:36,155,16.13,82.05MB,34068.5,0.25,8.086GB / 8.155GB,45.27MB / 53.52MB
2026-05-18 17:55:47,156,16.13,82.4MB,34068.5,0.25,8.096GB / 8.165GB,45.27MB / 53.52MB
2026-05-18 17:55:59,156,16.13,82.37MB,34068.5,0.25,8.107GB / 8.176GB,45.27MB / 53.52MB
2026-05-18 17:56:12,156,16.13,82.61MB,34068.5,0.25,8.117GB / 8.186GB,45.27MB / 53.52MB
2026-05-18 17:56:24,156,16.13,82.49MB,34068.5,0.25,8.128GB / 8.197GB,45.27MB / 53.52MB
2026-05-18 17:56:36,156,16.13,83.09MB,34068.5,0.25,8.138GB / 8.208GB,45.27MB / 53.52MB
2026-05-18 17:56:48,157,16.14,82.44MB,34068.5,0.25,8.149GB / 8.218GB,45.27MB / 53.52MB
2026-05-18 17:57:00,157,16.14,82.55MB,34068.5,0.25,8.159GB / 8.229GB,45.27MB / 53.52MB
2026-05-18 17:57:12,157,16.14,82.91MB,34068.5,0.25,8.17GB / 8.24GB,45.27MB / 53.52MB
2026-05-18 17:57:24,157,16.14,83.18MB,34068.5,0.25,8.18GB / 8.25GB,45.27MB / 53.52MB
2026-05-18 17:57:36,157,16.14,83.16MB,34068.5,0.25,8.191GB / 8.261GB,45.27MB / 53.52MB
2026-05-18 17:57:49,158,16.14,82.64MB,34068.5,0.25,8.202GB / 8.272GB,45.27MB / 53.52MB
2026-05-18 17:58:01,158,16.14,82.98MB,34068.5,0.25,8.212GB / 8.282GB,45.27MB / 53.52MB
2026-05-18 17:58:13,158,16.14,82.94MB,34068.5,0.25,8.223GB / 8.293GB,45.27MB / 53.52MB
2026-05-18 17:58:25,158,16.14,82.79MB,34068.5,0.25,8.233GB / 8.303GB,45.27MB / 53.52MB
2026-05-18 17:58:37,158,16.14,83.8MB,34068.5,0.25,8.244GB / 8.314GB,45.27MB / 53.52MB
2026-05-18 17:58:49,159,16.14,82.62MB,34068.5,0.25,8.254GB / 8.325GB,45.27MB / 53.52MB
2026-05-18 17:59:01,159,16.14,82.99MB,34068.5,0.25,8.265GB / 8.335GB,45.27MB / 53.52MB
2026-05-18 17:59:13,159,16.14,82.25MB,34068.5,0.25,8.275GB / 8.346GB,45.27MB / 53.52MB
2026-05-18 17:59:26,159,16.14,82.59MB,34068.5,0.25,8.286GB / 8.356GB,45.27MB / 53.52MB
2026-05-18 17:59:38,159,16.14,83.23MB,34068.5,0.25,8.296GB / 8.367GB,45.27MB / 53.52MB
2026-05-18 17:59:50,160,16.14,83.16MB,34068.5,0.25,8.307GB / 8.378GB,45.27MB / 53.52MB
2026-05-18 18:00:02,160,16.14,82.86MB,34068.5,0.25,8.318GB / 8.388GB,45.27MB / 53.52MB
2026-05-18 18:00:14,160,16.14,83.18MB,34068.5,0.25,8.328GB / 8.399GB,45.27MB / 53.52MB
2026-05-18 18:00:26,160,16.14,83.04MB,34068.5,0.25,8.338GB / 8.41GB,45.27MB / 53.52MB
2026-05-18 18:00:38,160,16.14,83.8MB,34068.5,0.25,8.349GB / 8.42GB,45.27MB / 53.52MB
2026-05-18 18:00:50,161,16.14,82.77MB,34068.5,0.25,8.36GB / 8.431GB,45.27MB / 53.52MB
2026-05-18 18:01:03,161,16.14,83.41MB,34068.5,0.25,8.37GB / 8.442GB,45.27MB / 53.52MB
2026-05-18 18:01:15,161,16.14,82.83MB,34068.5,0.25,8.381GB / 8.452GB,45.27MB / 53.52MB
2026-05-18 18:01:27,161,16.14,82.88MB,34068.5,0.25,8.391GB / 8.463GB,45.27MB / 53.52MB
2026-05-18 18:01:39,161,16.14,83.96MB,34068.5,0.25,8.402GB / 8.474GB,45.27MB / 53.52MB
2026-05-18 18:01:51,162,16.14,84.02MB,34068.5,0.25,8.413GB / 8.484GB,45.27MB / 53.52MB
2026-05-18 18:02:03,162,16.14,84.15MB,34068.5,0.25,8.423GB / 8.495GB,45.27MB / 53.52MB
2026-05-18 18:02:15,162,16.14,82.57MB,34068.5,0.25,8.434GB / 8.505GB,45.27MB / 53.52MB
2026-05-18 18:02:27,162,16.14,83.35MB,34068.5,0.25,8.444GB / 8.516GB,45.27MB / 53.52MB
2026-05-18 18:02:39,162,16.15,83.57MB,34068.5,0.25,8.455GB / 8.527GB,45.27MB / 53.52MB
2026-05-18 18:02:52,163,16.15,82.75MB,34068.5,0.25,8.465GB / 8.537GB,45.27MB / 53.52MB
2026-05-18 18:03:04,163,16.15,83.17MB,34068.5,0.25,8.476GB / 8.548GB,45.27MB / 53.52MB
2026-05-18 18:03:16,163,16.15,83.27MB,34068.5,0.25,8.486GB / 8.559GB,45.27MB / 53.52MB
2026-05-18 18:03:28,163,16.15,82.86MB,34068.5,0.25,8.497GB / 8.569GB,45.27MB / 53.52MB
2026-05-18 18:03:40,163,16.15,83.87MB,34068.5,0.25,8.507GB / 8.58GB,45.27MB / 53.52MB
2026-05-18 18:03:52,164,16.15,83.62MB,34068.5,0.25,8.518GB / 8.59GB,45.27MB / 53.52MB
2026-05-18 18:04:04,164,16.15,82.83MB,34068.5,0.25,8.528GB / 8.601GB,45.27MB / 53.52MB
2026-05-18 18:04:16,164,16.15,83.37MB,34068.5,0.25,8.539GB / 8.611GB,45.27MB / 53.52MB
2026-05-18 18:04:28,164,16.15,83.93MB,34068.5,0.25,8.549GB / 8.622GB,45.27MB / 53.52MB
2026-05-18 18:04:40,164,16.15,84MB,34068.5,0.25,8.56GB / 8.633GB,45.27MB / 53.52MB
2026-05-18 18:04:52,165,16.15,83.44MB,34068.5,0.25,8.57GB / 8.643GB,45.27MB / 53.52MB
2026-05-18 18:05:04,165,16.15,82.83MB,34068.5,0.25,8.58GB / 8.654GB,45.27MB / 53.52MB
2026-05-18 18:05:16,165,16.15,83.78MB,34068.5,0.25,8.591GB / 8.664GB,45.27MB / 53.52MB
2026-05-18 18:05:28,165,16.15,83.6MB,34068.5,0.25,8.602GB / 8.675GB,45.27MB / 53.52MB
2026-05-18 18:05:40,165,16.15,83.66MB,34068.5,0.25,8.612GB / 8.686GB,45.27MB / 53.52MB
2026-05-18 18:05:52,166,16.15,83.68MB,34068.5,0.25,8.623GB / 8.696GB,45.27MB / 53.52MB
2026-05-18 18:06:04,166,16.15,84.21MB,34068.5,0.25,8.633GB / 8.707GB,45.27MB / 53.52MB
2026-05-18 18:06:17,166,16.15,83.72MB,34068.5,0.25,8.644GB / 8.718GB,45.27MB / 53.52MB
2026-05-18 18:06:29,166,16.15,84.23MB,34068.5,0.25,8.654GB / 8.728GB,45.27MB / 53.52MB
2026-05-18 18:06:41,166,16.15,83.53MB,34068.5,0.25,8.665GB / 8.739GB,45.27MB / 53.52MB
2026-05-18 18:06:53,167,16.15,83.26MB,34068.5,0.25,8.675GB / 8.749GB,45.27MB / 53.52MB
2026-05-18 18:07:05,167,16.15,84MB,34068.5,0.25,8.686GB / 8.76GB,45.27MB / 53.52MB
2026-05-18 18:07:17,167,16.15,83.81MB,34068.5,0.25,8.697GB / 8.771GB,45.27MB / 53.52MB
2026-05-18 18:07:29,167,16.15,83.46MB,34068.5,0.25,8.707GB / 8.781GB,45.27MB / 53.52MB
2026-05-18 18:07:41,167,16.15,83.83MB,34068.5,0.25,8.718GB / 8.792GB,45.27MB / 53.52MB
2026-05-18 18:07:53,168,16.15,84.4MB,34068.5,0.25,8.728GB / 8.803GB,45.27MB / 53.52MB
2026-05-18 18:08:05,168,16.15,84.64MB,34068.5,0.25,8.739GB / 8.813GB,45.27MB / 53.52MB
2026-05-18 18:08:17,168,16.15,84.44MB,34068.5,0.25,8.749GB / 8.824GB,45.27MB / 53.52MB
2026-05-18 18:08:29,168,16.15,83.47MB,34068.5,0.25,8.76GB / 8.834GB,45.27MB / 53.52MB
2026-05-18 18:08:41,168,16.15,83.83MB,34068.5,0.25,8.77GB / 8.845GB,45.27MB / 53.52MB
2026-05-18 18:08:53,169,16.15,83.71MB,34068.5,0.25,8.781GB / 8.856GB,45.27MB / 53.52MB
2026-05-18 18:09:06,169,16.15,84.43MB,34068.5,0.25,8.791GB / 8.866GB,45.27MB / 53.52MB
2026-05-18 18:09:18,169,16.15,84.29MB,34068.5,0.25,8.802GB / 8.877GB,45.27MB / 53.52MB
2026-05-18 18:09:30,169,16.15,84.2MB,34068.5,0.25,8.812GB / 8.887GB,45.27MB / 53.52MB
2026-05-18 18:09:42,170,16.15,84.32MB,34068.5,0.25,8.823GB / 8.898GB,45.27MB / 53.52MB
2026-05-18 18:09:54,170,16.15,84.12MB,34068.5,0.25,8.833GB / 8.909GB,45.27MB / 53.52MB
2026-05-18 18:10:06,170,16.15,83.84MB,34068.5,0.25,8.844GB / 8.919GB,45.27MB / 53.52MB
2026-05-18 18:10:18,170,16.15,83.81MB,34068.5,0.25,8.854GB / 8.93GB,45.27MB / 53.52MB
2026-05-18 18:10:30,170,16.15,84.14MB,34068.5,0.25,8.865GB / 8.94GB,45.27MB / 53.52MB
2026-05-18 18:10:42,171,16.15,84.47MB,34068.5,0.25,8.875GB / 8.951GB,45.27MB / 53.52MB
2026-05-18 18:10:54,171,16.15,84.11MB,34068.5,0.25,8.886GB / 8.962GB,45.27MB / 53.52MB
2026-05-18 18:11:06,171,16.15,84.36MB,34068.5,0.25,8.896GB / 8.972GB,45.27MB / 53.52MB
2026-05-18 18:11:18,171,16.15,83.61MB,34068.5,0.25,8.907GB / 8.983GB,45.27MB / 53.52MB
2026-05-18 18:11:30,171,16.15,84.7MB,34068.5,0.25,8.918GB / 8.994GB,45.27MB / 53.52MB
2026-05-18 18:11:43,172,16.15,83.63MB,34068.5,0.25,8.928GB / 9.004GB,45.27MB / 53.52MB
2026-05-18 18:11:54,172,16.15,83.99MB,34068.5,0.25,8.939GB / 9.015GB,45.27MB / 53.52MB
2026-05-18 18:12:07,172,16.16,83.52MB,34068.5,0.25,8.949GB / 9.025GB,45.27MB / 53.52MB
2026-05-18 18:12:19,172,16.16,83.96MB,34068.5,0.25,8.96GB / 9.036GB,45.27MB / 53.52MB
2026-05-18 18:12:31,172,16.16,83.73MB,34068.5,0.25,8.97GB / 9.047GB,45.27MB / 53.52MB
2026-05-18 18:12:43,173,16.17,84.78MB,34068.5,0.25,8.981GB / 9.057GB,45.27MB / 53.52MB
2026-05-18 18:12:56,173,16.17,83.74MB,34068.5,0.25,8.991GB / 9.068GB,45.27MB / 53.52MB
2026-05-18 18:13:08,173,16.17,85.17MB,34068.5,0.26,9.002GB / 9.078GB,45.27MB / 53.52MB
2026-05-18 18:13:20,173,16.17,84.47MB,34068.5,0.25,9.012GB / 9.089GB,45.27MB / 53.52MB
2026-05-18 18:13:32,173,16.17,84.75MB,34068.5,0.25,9.023GB / 9.099GB,45.27MB / 53.52MB
2026-05-18 18:13:44,174,16.17,84.35MB,34068.5,0.25,9.033GB / 9.11GB,45.27MB / 53.52MB
2026-05-18 18:13:56,174,16.18,84.21MB,34068.5,0.25,9.043GB / 9.121GB,45.27MB / 53.52MB
2026-05-18 18:14:08,174,16.18,84.65MB,34068.5,0.25,9.054GB / 9.131GB,45.27MB / 53.52MB
2026-05-18 18:14:20,174,16.18,83.99MB,34068.5,0.25,9.064GB / 9.142GB,45.27MB / 53.52MB
2026-05-18 18:14:33,174,16.18,84.42MB,34068.5,0.25,9.075GB / 9.152GB,45.27MB / 53.52MB
2026-05-18 18:14:45,175,16.18,84.07MB,34068.5,0.25,9.085GB / 9.163GB,45.27MB / 53.52MB
2026-05-18 18:14:57,175,16.18,84.99MB,34068.5,0.26,9.096GB / 9.174GB,45.27MB / 53.52MB
2026-05-18 18:15:09,175,16.18,84.28MB,34068.5,0.25,9.106GB / 9.184GB,45.27MB / 53.52MB
2026-05-18 18:15:21,175,16.19,84.09MB,34068.5,0.25,9.117GB / 9.195GB,45.27MB / 53.52MB
2026-05-18 18:15:33,175,16.19,83.96MB,34068.5,0.25,9.127GB / 9.205GB,45.27MB / 53.52MB
2026-05-18 18:15:45,176,16.19,84.68MB,34068.5,0.25,9.138GB / 9.215GB,45.27MB / 53.52MB
2026-05-18 18:15:58,176,16.19,84.36MB,34068.5,0.25,9.148GB / 9.226GB,45.27MB / 53.52MB
2026-05-18 18:16:10,176,16.19,84.66MB,34068.5,0.25,9.158GB / 9.236GB,45.27MB / 53.52MB
2026-05-18 18:16:22,176,16.20,84.7MB,34068.5,0.25,9.169GB / 9.247GB,45.27MB / 53.52MB
2026-05-18 18:16:35,176,16.21,85.08MB,34068.5,0.26,9.18GB / 9.258GB,45.27MB / 53.52MB
2026-05-18 18:16:47,177,16.21,85.01MB,34068.5,0.26,9.19GB / 9.268GB,45.27MB / 53.52MB
2026-05-18 18:16:59,177,16.21,84.5MB,34068.5,0.25,9.2GB / 9.279GB,45.27MB / 53.52MB
2026-05-18 18:17:11,177,16.21,84.25MB,34068.5,0.25,9.211GB / 9.289GB,45.27MB / 53.52MB
2026-05-18 18:17:23,177,16.21,84.66MB,34068.5,0.25,9.221GB / 9.3GB,45.27MB / 53.52MB
2026-05-18 18:17:35,177,16.21,85.37MB,34068.5,0.26,9.232GB / 9.31GB,45.27MB / 53.52MB
2026-05-18 18:17:47,178,16.21,84.93MB,34068.5,0.26,9.242GB / 9.321GB,45.27MB / 53.52MB
2026-05-18 18:17:59,178,16.21,84.35MB,34068.5,0.25,9.253GB / 9.332GB,45.27MB / 53.52MB
2026-05-18 18:18:11,178,16.21,84.42MB,34068.5,0.25,9.263GB / 9.342GB,45.27MB / 53.52MB
2026-05-18 18:18:23,178,16.21,84.93MB,34068.5,0.26,9.274GB / 9.353GB,45.27MB / 53.52MB
2026-05-18 18:18:35,178,16.21,85.1MB,34068.5,0.26,9.285GB / 9.364GB,45.27MB / 53.52MB
2026-05-18 18:18:47,179,16.21,84.92MB,34068.5,0.26,9.295GB / 9.374GB,45.27MB / 53.52MB
2026-05-18 18:18:59,179,16.21,84.46MB,34068.5,0.25,9.306GB / 9.385GB,45.27MB / 53.52MB
2026-05-18 18:19:11,179,16.21,85.57MB,34068.5,0.26,9.316GB / 9.396GB,45.27MB / 53.52MB
2026-05-18 18:19:23,179,16.21,84.85MB,34068.5,0.26,9.327GB / 9.406GB,45.27MB / 53.52MB
2026-05-18 18:19:35,179,16.21,85.02MB,34068.5,0.26,9.337GB / 9.417GB,45.27MB / 53.52MB
2026-05-18 18:19:48,180,16.21,84.41MB,34068.5,0.25,9.348GB / 9.428GB,45.27MB / 53.52MB
2026-05-18 18:19:59,180,16.21,84.83MB,34068.5,0.25,9.358GB / 9.438GB,45.27MB / 53.52MB
2026-05-18 18:20:12,180,16.21,85.13MB,34068.5,0.26,9.369GB / 9.449GB,45.27MB / 53.52MB
2026-05-18 18:20:24,180,16.21,86.29MB,34068.5,0.26,9.38GB / 9.46GB,45.27MB / 53.52MB
2026-05-18 18:20:36,180,16.21,84.92MB,34068.5,0.26,9.39GB / 9.47GB,45.27MB / 53.52MB
2026-05-18 18:20:48,181,16.21,85.45MB,34068.5,0.26,9.4GB / 9.481GB,45.27MB / 53.52MB
2026-05-18 18:21:00,181,16.21,85.16MB,34068.5,0.26,9.411GB / 9.491GB,45.27MB / 53.52MB
2026-05-18 18:21:12,181,16.21,84.81MB,34068.5,0.25,9.422GB / 9.502GB,45.27MB / 53.52MB
2026-05-18 18:21:24,181,16.21,84.81MB,34068.5,0.25,9.432GB / 9.513GB,45.27MB / 53.52MB
2026-05-18 18:21:36,181,16.21,85.91MB,34068.5,0.26,9.443GB / 9.523GB,45.27MB / 53.52MB
2026-05-18 18:21:48,182,16.21,84.75MB,34068.5,0.25,9.453GB / 9.534GB,45.27MB / 53.52MB
2026-05-18 18:22:00,182,16.21,84.95MB,34068.5,0.26,9.464GB / 9.544GB,45.27MB / 53.52MB
2026-05-18 18:22:12,182,16.21,85.93MB,34068.5,0.26,9.474GB / 9.555GB,45.27MB / 53.52MB
2026-05-18 18:22:24,182,16.21,85.62MB,34068.5,0.26,9.485GB / 9.566GB,45.27MB / 53.52MB
2026-05-18 18:22:36,182,16.21,85.23MB,34068.5,0.26,9.495GB / 9.576GB,45.27MB / 53.52MB
2026-05-18 18:22:48,183,16.21,85.51MB,34068.5,0.26,9.506GB / 9.587GB,45.27MB / 53.52MB
2026-05-18 18:23:00,183,16.21,84.81MB,34068.5,0.25,9.516GB / 9.597GB,45.27MB / 53.52MB
2026-05-18 18:23:12,183,16.21,85.39MB,34068.5,0.26,9.527GB / 9.608GB,45.27MB / 53.52MB
2026-05-18 18:23:24,183,16.21,85.26MB,34068.5,0.26,9.537GB / 9.619GB,45.27MB / 53.52MB
2026-05-18 18:23:36,183,16.21,85.5MB,34068.5,0.26,9.548GB / 9.629GB,45.27MB / 53.52MB
2026-05-18 18:23:48,184,16.21,85.04MB,34068.5,0.26,9.559GB / 9.64GB,45.27MB / 53.52MB
2026-05-18 18:24:00,184,16.21,85.65MB,34068.5,0.26,9.569GB / 9.651GB,45.27MB / 53.52MB
2026-05-18 18:24:13,184,16.21,86.02MB,34068.5,0.26,9.58GB / 9.661GB,45.27MB / 53.52MB
2026-05-18 18:24:25,184,16.21,86.29MB,34068.5,0.26,9.59GB / 9.672GB,45.27MB / 53.52MB
2026-05-18 18:24:37,184,16.21,85.43MB,34068.5,0.26,9.601GB / 9.683GB,45.27MB / 53.52MB
2026-05-18 18:24:49,185,16.21,86.21MB,34068.5,0.26,9.612GB / 9.693GB,45.27MB / 53.52MB
2026-05-18 18:25:01,185,16.21,85.72MB,34068.5,0.26,9.622GB / 9.704GB,45.27MB / 53.52MB
2026-05-18 18:25:13,185,16.21,86.04MB,34068.5,0.26,9.633GB / 9.715GB,45.27MB / 53.52MB
2026-05-18 18:25:25,185,16.21,85.9MB,34068.5,0.26,9.643GB / 9.726GB,45.27MB / 53.52MB
2026-05-18 18:25:38,185,16.21,85.59MB,34068.5,0.26,9.654GB / 9.736GB,45.27MB / 53.52MB
2026-05-18 18:25:50,186,16.21,86.43MB,34068.5,0.26,9.665GB / 9.747GB,45.27MB / 53.52MB
2026-05-18 18:26:02,186,16.21,85.46MB,34068.5,0.26,9.675GB / 9.758GB,45.27MB / 53.52MB
2026-05-18 18:26:14,186,16.21,85.57MB,34068.5,0.26,9.686GB / 9.768GB,45.27MB / 53.52MB
2026-05-18 18:26:26,186,16.21,85.67MB,34068.5,0.26,9.696GB / 9.779GB,45.27MB / 53.52MB
2026-05-18 18:26:38,186,16.22,85.61MB,34068.5,0.26,9.707GB / 9.789GB,45.27MB / 53.52MB
2026-05-18 18:26:50,187,16.22,85.78MB,34068.5,0.26,9.717GB / 9.8GB,45.27MB / 53.52MB
2026-05-18 18:27:02,187,16.22,85.19MB,34068.5,0.26,9.728GB / 9.811GB,45.27MB / 53.52MB
2026-05-18 18:27:14,187,16.22,85MB,34068.5,0.26,9.738GB / 9.821GB,45.27MB / 53.52MB
2026-05-18 18:27:26,187,16.22,85.4MB,34068.5,0.26,9.749GB / 9.832GB,45.27MB / 53.52MB
2026-05-18 18:27:38,187,16.22,86.12MB,34068.5,0.26,9.759GB / 9.843GB,45.27MB / 53.52MB
2026-05-18 18:27:50,188,16.22,85.54MB,34068.5,0.26,9.77GB / 9.853GB,45.27MB / 53.52MB
2026-05-18 18:28:02,188,16.22,86.08MB,34068.5,0.26,9.78GB / 9.863GB,45.27MB / 53.52MB
2026-05-18 18:28:14,188,16.22,86.72MB,34068.5,0.26,9.791GB / 9.874GB,45.27MB / 53.52MB
2026-05-18 18:28:26,188,16.22,85.18MB,34068.5,0.26,9.801GB / 9.885GB,45.27MB / 53.52MB
2026-05-18 18:28:38,188,16.22,85.64MB,34068.5,0.26,9.812GB / 9.895GB,45.27MB / 53.52MB
2026-05-18 18:28:50,189,16.22,86.35MB,34068.5,0.26,9.822GB / 9.906GB,45.27MB / 53.52MB
2026-05-18 18:29:02,189,16.22,85.76MB,34068.5,0.26,9.833GB / 9.916GB,45.27MB / 53.52MB
2026-05-18 18:29:14,189,16.21,85.58MB,34068.5,0.26,9.843GB / 9.927GB,45.27MB / 53.52MB
2026-05-18 18:29:26,189,16.22,85.27MB,34068.5,0.26,9.854GB / 9.938GB,45.27MB / 53.52MB
2026-05-18 18:29:38,189,16.22,85.97MB,34068.5,0.26,9.864GB / 9.948GB,45.27MB / 53.52MB
2026-05-18 18:29:50,190,16.21,85.56MB,34068.5,0.26,9.874GB / 9.959GB,45.27MB / 53.52MB
2026-05-18 18:30:02,190,16.22,85.71MB,34068.5,0.26,9.885GB / 9.969GB,45.27MB / 53.52MB
2026-05-18 18:30:14,190,16.22,85.95MB,34068.5,0.26,9.896GB / 9.98GB,45.27MB / 53.52MB
2026-05-18 18:30:27,190,16.22,85.58MB,34068.5,0.26,9.906GB / 9.991GB,45.27MB / 53.52MB
2026-05-18 18:30:38,190,16.22,86.26MB,34068.5,0.26,9.917GB / 10GB,45.27MB / 53.52MB
2026-05-18 18:30:50,191,16.22,86.13MB,34068.5,0.26,9.927GB / 10.01GB,45.27MB / 53.52MB
2026-05-18 18:31:02,191,16.22,85.89MB,34068.5,0.26,9.938GB / 10.02GB,45.27MB / 53.52MB
2026-05-18 18:31:14,191,16.22,85.44MB,34068.5,0.26,9.948GB / 10.03GB,45.27MB / 53.52MB
2026-05-18 18:31:26,191,16.22,86MB,34068.5,0.26,9.959GB / 10.04GB,45.27MB / 53.52MB
2026-05-18 18:31:38,191,16.22,85.99MB,34068.5,0.26,9.969GB / 10.05GB,45.27MB / 53.52MB
2026-05-18 18:31:50,192,16.22,86.41MB,34068.5,0.26,9.98GB / 10.06GB,45.27MB / 53.52MB
2026-05-18 18:32:02,192,16.22,86.2MB,34068.5,0.26,9.99GB / 10.08GB,45.27MB / 53.52MB
2026-05-18 18:32:15,192,16.22,86.17MB,34068.5,0.26,10GB / 10.09GB,45.27MB / 53.52MB
2026-05-18 18:32:26,192,16.22,86.3MB,34068.5,0.26,10.01GB / 10.1GB,45.27MB / 53.52MB
2026-05-18 18:32:38,192,16.22,86.68MB,34068.5,0.26,10.02GB / 10.11GB,45.27MB / 53.52MB
2026-05-18 18:32:50,193,16.22,86.49MB,34068.5,0.26,10.03GB / 10.12GB,45.27MB / 53.52MB
2026-05-18 18:33:02,193,16.22,85.73MB,34068.5,0.26,10.04GB / 10.13GB,45.27MB / 53.52MB
2026-05-18 18:33:14,193,16.22,86.01MB,34068.5,0.26,10.05GB / 10.14GB,45.27MB / 53.52MB
2026-05-18 18:33:26,193,16.22,86.5MB,34068.5,0.26,10.06GB / 10.15GB,45.27MB / 53.52MB
2026-05-18 18:33:38,193,16.22,86.15MB,34068.5,0.26,10.07GB / 10.16GB,45.27MB / 53.52MB
2026-05-18 18:33:50,194,16.22,85.93MB,34068.5,0.26,10.08GB / 10.17GB,45.27MB / 53.52MB
2026-05-18 18:34:03,194,16.22,86.24MB,34068.5,0.26,10.09GB / 10.18GB,45.27MB / 53.52MB
2026-05-18 18:34:14,194,16.22,86.37MB,34068.5,0.26,10.11GB / 10.19GB,45.27MB / 53.52MB
2026-05-18 18:34:27,194,16.22,86.2MB,34068.5,0.26,10.12GB / 10.2GB,45.27MB / 53.52MB
2026-05-18 18:34:38,194,16.22,85.8MB,34068.5,0.26,10.13GB / 10.21GB,45.27MB / 53.52MB
2026-05-18 18:34:51,195,16.22,86.36MB,34068.5,0.26,10.14GB / 10.22GB,45.27MB / 53.52MB
2026-05-18 18:35:03,195,16.22,87.23MB,34068.5,0.26,10.15GB / 10.23GB,45.27MB / 53.52MB
2026-05-18 18:35:15,195,16.22,87.14MB,34068.5,0.26,10.16GB / 10.24GB,45.27MB / 53.52MB
2026-05-18 18:35:27,195,16.22,86.14MB,34068.5,0.26,10.17GB / 10.26GB,45.27MB / 53.52MB
2026-05-18 18:35:39,195,16.22,86.98MB,34068.5,0.26,10.18GB / 10.27GB,45.27MB / 53.52MB
2026-05-18 18:35:51,196,16.22,86.64MB,34068.5,0.26,10.19GB / 10.28GB,45.27MB / 53.52MB
2026-05-18 18:36:03,196,16.22,86.54MB,34068.5,0.26,10.2GB / 10.29GB,45.27MB / 53.52MB
2026-05-18 18:36:15,196,16.22,86.74MB,34068.5,0.26,10.21GB / 10.3GB,45.27MB / 53.52MB
2026-05-18 18:36:27,196,16.22,86.43MB,34068.5,0.26,10.22GB / 10.31GB,45.27MB / 53.52MB
2026-05-18 18:36:39,196,16.22,86.82MB,34068.5,0.26,10.23GB / 10.32GB,45.27MB / 53.52MB
2026-05-18 18:36:51,197,16.22,86.31MB,34068.5,0.26,10.24GB / 10.33GB,45.27MB / 53.52MB
2026-05-18 18:37:03,197,16.22,86.93MB,34068.5,0.26,10.25GB / 10.34GB,45.27MB / 53.52MB
2026-05-18 18:37:15,197,16.22,86.41MB,34068.5,0.26,10.26GB / 10.35GB,45.27MB / 53.52MB
2026-05-18 18:37:26,197,16.22,86.6MB,34068.5,0.26,10.27GB / 10.36GB,45.27MB / 53.52MB
2026-05-18 18:37:38,197,16.22,87.17MB,34068.5,0.26,10.28GB / 10.37GB,45.27MB / 53.52MB
2026-05-18 18:37:50,198,16.22,87.34MB,34068.5,0.26,10.29GB / 10.38GB,45.27MB / 53.52MB
2026-05-18 18:38:02,198,16.22,87.54MB,34068.5,0.26,10.3GB / 10.39GB,45.27MB / 53.52MB
2026-05-18 18:38:14,198,16.22,86.35MB,34068.5,0.26,10.32GB / 10.4GB,45.27MB / 53.52MB
2026-05-18 18:38:26,198,16.22,86.37MB,34068.5,0.26,10.33GB / 10.41GB,45.27MB / 53.52MB
2026-05-18 18:38:38,198,16.22,86.31MB,34068.5,0.26,10.34GB / 10.42GB,45.27MB / 53.52MB
2026-05-18 18:38:50,199,16.22,86.76MB,34068.5,0.26,10.35GB / 10.44GB,45.27MB / 53.52MB
2026-05-18 18:39:02,199,16.22,86.63MB,34068.5,0.26,10.36GB / 10.45GB,45.27MB / 53.52MB
2026-05-18 18:39:14,199,16.22,87.24MB,34068.5,0.26,10.37GB / 10.46GB,45.27MB / 53.52MB
2026-05-18 18:39:26,199,16.22,86.68MB,34068.5,0.26,10.38GB / 10.47GB,45.27MB / 53.52MB
2026-05-18 18:39:38,199,16.22,86.44MB,34068.5,0.26,10.39GB / 10.48GB,45.27MB / 53.52MB
2026-05-18 18:39:51,200,16.22,86.82MB,34068.5,0.26,10.4GB / 10.49GB,45.27MB / 53.52MB
2026-05-18 18:40:03,200,16.22,87.42MB,34068.5,0.26,10.41GB / 10.5GB,45.27MB / 53.52MB
2026-05-18 18:40:14,200,16.22,87.26MB,34068.5,0.26,10.42GB / 10.51GB,45.28MB / 53.52MB
2026-05-18 18:40:27,200,16.22,87.29MB,34068.5,0.26,10.43GB / 10.52GB,45.28MB / 53.52MB
2026-05-18 18:40:39,200,16.22,87.08MB,34068.5,0.26,10.44GB / 10.53GB,45.28MB / 53.52MB
2026-05-18 18:40:51,201,16.22,86.88MB,34068.5,0.26,10.45GB / 10.54GB,45.28MB / 53.52MB
2026-05-18 18:41:03,201,16.22,86.85MB,34068.5,0.26,10.46GB / 10.55GB,45.28MB / 53.52MB
2026-05-18 18:41:15,201,16.22,87.02MB,34068.5,0.26,10.47GB / 10.56GB,45.28MB / 53.52MB
2026-05-18 18:41:27,201,16.22,86.92MB,34068.5,0.26,10.48GB / 10.57GB,45.28MB / 53.52MB
2026-05-18 18:41:39,201,16.22,87.45MB,34068.5,0.26,10.49GB / 10.58GB,45.28MB / 53.52MB
2026-05-18 18:41:51,202,16.22,88.27MB,34068.5,0.27,10.5GB / 10.59GB,45.28MB / 53.52MB
2026-05-18 18:42:03,202,16.22,87.13MB,34068.5,0.26,10.51GB / 10.6GB,45.28MB / 53.52MB
2026-05-18 18:42:15,202,16.22,87.37MB,34068.5,0.26,10.52GB / 10.61GB,45.28MB / 53.52MB
2026-05-18 18:42:27,202,16.22,87.81MB,34068.5,0.26,10.54GB / 10.63GB,45.28MB / 53.52MB
2026-05-18 18:42:39,202,16.23,86.99MB,34068.5,0.26,10.55GB / 10.64GB,45.28MB / 53.52MB
2026-05-18 18:42:51,203,16.23,87.48MB,34068.5,0.26,10.56GB / 10.65GB,45.28MB / 53.52MB
2026-05-18 18:43:03,203,16.23,86.83MB,34068.5,0.26,10.57GB / 10.66GB,45.28MB / 53.52MB
2026-05-18 18:43:15,203,16.23,87.63MB,34068.5,0.26,10.58GB / 10.67GB,45.28MB / 53.52MB
2026-05-18 18:43:27,203,16.23,86.99MB,34068.5,0.26,10.59GB / 10.68GB,45.28MB / 53.52MB
2026-05-18 18:43:39,203,16.23,87.82MB,34068.5,0.26,10.6GB / 10.69GB,45.28MB / 53.52MB
2026-05-18 18:43:51,204,16.23,87.97MB,34068.5,0.26,10.61GB / 10.7GB,45.28MB / 53.52MB
2026-05-18 18:44:03,204,16.23,87.45MB,34068.5,0.26,10.62GB / 10.71GB,45.28MB / 53.52MB
2026-05-18 18:44:15,204,16.23,87.19MB,34068.5,0.26,10.63GB / 10.72GB,45.28MB / 53.52MB
2026-05-18 18:44:27,204,16.23,87.36MB,34068.5,0.26,10.64GB / 10.73GB,45.28MB / 53.52MB
2026-05-18 18:44:39,204,16.23,87.88MB,34068.5,0.26,10.65GB / 10.74GB,45.28MB / 53.52MB
2026-05-18 18:44:51,205,16.23,87.02MB,34068.5,0.26,10.66GB / 10.75GB,45.28MB / 53.52MB
2026-05-18 18:45:04,205,16.23,87.83MB,34068.5,0.26,10.67GB / 10.76GB,45.28MB / 53.52MB
2026-05-18 18:45:16,205,16.23,87.2MB,34068.5,0.26,10.68GB / 10.77GB,45.28MB / 53.52MB
2026-05-18 18:45:28,205,16.23,88.36MB,34068.5,0.27,10.69GB / 10.78GB,45.28MB / 53.52MB
2026-05-18 18:45:40,205,16.23,88.18MB,34068.5,0.27,10.7GB / 10.79GB,45.28MB / 53.52MB
2026-05-18 18:45:52,206,16.23,87.63MB,34068.5,0.26,10.71GB / 10.81GB,45.28MB / 53.52MB
2026-05-18 18:46:04,206,16.23,86.9MB,34068.5,0.26,10.72GB / 10.82GB,45.28MB / 53.52MB
2026-05-18 18:46:16,206,16.23,88.47MB,34068.5,0.27,10.74GB / 10.83GB,45.28MB / 53.52MB
2026-05-18 18:46:28,206,16.23,87.75MB,34068.5,0.26,10.75GB / 10.84GB,45.28MB / 53.52MB
2026-05-18 18:46:40,206,16.23,88.21MB,34068.5,0.27,10.76GB / 10.85GB,45.28MB / 53.52MB
2026-05-18 18:46:52,207,16.23,88.22MB,34068.5,0.27,10.77GB / 10.86GB,45.28MB / 53.52MB
2026-05-18 18:47:04,207,16.23,87.81MB,34068.5,0.26,10.78GB / 10.87GB,45.28MB / 53.52MB
2026-05-18 18:47:16,207,16.23,87.98MB,34068.5,0.26,10.79GB / 10.88GB,45.28MB / 53.52MB
2026-05-18 18:47:28,207,16.23,87.89MB,34068.5,0.26,10.8GB / 10.89GB,45.28MB / 53.52MB
2026-05-18 18:47:40,207,16.23,87.81MB,34068.5,0.26,10.81GB / 10.9GB,45.28MB / 53.52MB
2026-05-18 18:47:53,208,16.23,87.34MB,34068.5,0.26,10.82GB / 10.91GB,45.28MB / 53.52MB
2026-05-18 18:48:05,208,16.23,87.49MB,34068.5,0.26,10.83GB / 10.92GB,45.28MB / 53.52MB
2026-05-18 18:48:17,208,16.23,88.28MB,34068.5,0.27,10.84GB / 10.93GB,45.28MB / 53.52MB
2026-05-18 18:48:29,208,16.23,87.73MB,34068.5,0.26,10.85GB / 10.94GB,45.28MB / 53.52MB
2026-05-18 18:48:41,208,16.23,88.22MB,34068.5,0.27,10.86GB / 10.95GB,45.28MB / 53.52MB
2026-05-18 18:48:53,209,16.23,87.59MB,34068.5,0.26,10.87GB / 10.96GB,45.28MB / 53.52MB
2026-05-18 18:49:05,209,16.23,87.18MB,34068.5,0.26,10.88GB / 10.98GB,45.28MB / 53.52MB
2026-05-18 18:49:17,209,16.23,88.22MB,34068.5,0.27,10.89GB / 10.99GB,45.28MB / 53.52MB
2026-05-18 18:49:29,209,16.23,88.2MB,34068.5,0.27,10.9GB / 11GB,45.28MB / 53.52MB
2026-05-18 18:49:41,209,16.23,88.15MB,34068.5,0.26,10.91GB / 11.01GB,45.28MB / 53.52MB
2026-05-18 18:49:53,210,16.23,88.43MB,34068.5,0.27,10.92GB / 11.02GB,45.28MB / 53.52MB
2026-05-18 18:50:05,210,16.23,87.93MB,34068.5,0.26,10.94GB / 11.03GB,45.28MB / 53.52MB
2026-05-18 18:50:17,210,16.23,87.81MB,34068.5,0.26,10.95GB / 11.04GB,45.28MB / 53.52MB
2026-05-18 18:50:29,210,16.23,88.35MB,34068.5,0.27,10.96GB / 11.05GB,45.28MB / 53.52MB
2026-05-18 18:50:41,210,16.23,88.01MB,34068.5,0.26,10.97GB / 11.06GB,45.28MB / 53.52MB
2026-05-18 18:50:53,211,16.23,88MB,34068.5,0.26,10.98GB / 11.07GB,45.28MB / 53.52MB
2026-05-18 18:51:05,211,16.23,88.45MB,34068.5,0.27,10.99GB / 11.08GB,45.28MB / 53.52MB
2026-05-18 18:51:18,211,16.23,88.51MB,34068.5,0.27,11GB / 11.09GB,45.28MB / 53.52MB
2026-05-18 18:51:30,211,16.23,88.72MB,34068.5,0.27,11.01GB / 11.1GB,45.28MB / 53.52MB
2026-05-18 18:51:42,212,16.23,88.39MB,34068.5,0.27,11.02GB / 11.11GB,45.28MB / 53.52MB
2026-05-18 18:51:54,212,16.23,88.53MB,34068.5,0.27,11.03GB / 11.12GB,45.28MB / 53.52MB
2026-05-18 18:52:06,212,16.23,88.03MB,34068.5,0.26,11.04GB / 11.14GB,45.28MB / 53.52MB
2026-05-18 18:52:18,212,16.23,87.76MB,34068.5,0.26,11.05GB / 11.15GB,45.28MB / 53.52MB
2026-05-18 18:52:30,212,16.23,88.08MB,34068.5,0.26,11.06GB / 11.16GB,45.28MB / 53.52MB
2026-05-18 18:52:42,213,16.23,88.46MB,34068.5,0.27,11.07GB / 11.17GB,45.28MB / 53.52MB
2026-05-18 18:52:54,213,16.23,88.22MB,34068.5,0.27,11.08GB / 11.18GB,45.28MB / 53.52MB
2026-05-18 18:53:06,213,16.23,88.65MB,34068.5,0.27,11.09GB / 11.19GB,45.28MB / 53.52MB
2026-05-18 18:53:18,213,16.23,88.79MB,34068.5,0.27,11.1GB / 11.2GB,45.28MB / 53.52MB
2026-05-18 18:53:30,213,16.23,87.95MB,34068.5,0.26,11.11GB / 11.21GB,45.28MB / 53.52MB
2026-05-18 18:53:42,214,16.23,89.11MB,34068.5,0.27,11.13GB / 11.22GB,45.28MB / 53.52MB
2026-05-18 18:53:54,214,16.23,88.58MB,34068.5,0.27,11.14GB / 11.23GB,45.28MB / 53.52MB
2026-05-18 18:54:06,214,16.23,87.67MB,34068.5,0.26,11.15GB / 11.24GB,45.28MB / 53.52MB
2026-05-18 18:54:18,214,16.23,88.47MB,34068.5,0.27,11.16GB / 11.25GB,45.28MB / 53.52MB
2026-05-18 18:54:30,214,16.23,88.34MB,34068.5,0.27,11.17GB / 11.26GB,45.28MB / 53.52MB
2026-05-18 18:54:42,215,16.23,87.78MB,34068.5,0.26,11.18GB / 11.27GB,45.28MB / 53.52MB
2026-05-18 18:54:54,215,16.23,88.16MB,34068.5,0.26,11.19GB / 11.28GB,45.28MB / 53.52MB
2026-05-18 18:55:06,215,16.23,88.49MB,34068.5,0.27,11.2GB / 11.29GB,45.28MB / 53.52MB
2026-05-18 18:55:18,215,16.23,89.29MB,34068.5,0.27,11.21GB / 11.3GB,45.28MB / 53.52MB
2026-05-18 18:55:30,215,16.23,88.75MB,34068.5,0.27,11.22GB / 11.32GB,45.28MB / 53.52MB
2026-05-18 18:55:43,216,16.23,88.29MB,34068.5,0.27,11.23GB / 11.33GB,45.28MB / 53.52MB
2026-05-18 18:55:55,216,16.23,88MB,34068.5,0.26,11.24GB / 11.34GB,45.28MB / 53.52MB
2026-05-18 18:56:07,216,16.24,88.99MB,34068.5,0.27,11.25GB / 11.35GB,45.28MB / 53.52MB
2026-05-18 18:56:19,216,16.24,88.31MB,34068.5,0.27,11.26GB / 11.36GB,45.28MB / 53.52MB
2026-05-18 18:56:31,216,16.23,89.39MB,34068.5,0.27,11.27GB / 11.37GB,45.28MB / 53.52MB
2026-05-18 18:56:43,217,16.23,89.13MB,34068.5,0.27,11.28GB / 11.38GB,45.28MB / 53.52MB
2026-05-18 18:56:55,217,16.23,88.76MB,34068.5,0.27,11.29GB / 11.39GB,45.28MB / 53.52MB
2026-05-18 18:57:07,217,16.23,88.54MB,34068.5,0.27,11.3GB / 11.4GB,45.28MB / 53.52MB
2026-05-18 18:57:19,217,16.24,88.75MB,34068.5,0.27,11.31GB / 11.41GB,45.28MB / 53.52MB
2026-05-18 18:57:31,217,16.23,88.8MB,34068.5,0.27,11.33GB / 11.42GB,45.28MB / 53.52MB
2026-05-18 18:57:43,218,16.24,89.29MB,34068.5,0.27,11.34GB / 11.43GB,45.28MB / 53.52MB
2026-05-18 18:57:55,218,16.24,89.32MB,34068.5,0.27,11.35GB / 11.44GB,45.28MB / 53.52MB
2026-05-18 18:58:08,218,16.24,88.36MB,34068.5,0.27,11.36GB / 11.45GB,45.28MB / 53.52MB
2026-05-18 18:58:20,218,16.24,89.45MB,34068.5,0.27,11.37GB / 11.46GB,45.28MB / 53.52MB
2026-05-18 18:58:32,218,16.24,89.2MB,34068.5,0.27,11.38GB / 11.47GB,45.28MB / 53.52MB
2026-05-18 18:58:44,219,16.24,88.64MB,34068.5,0.27,11.39GB / 11.49GB,45.28MB / 53.52MB
2026-05-18 18:58:56,219,16.24,89.05MB,34068.5,0.27,11.4GB / 11.5GB,45.28MB / 53.52MB
2026-05-18 18:59:08,219,16.24,88.31MB,34068.5,0.27,11.41GB / 11.51GB,45.28MB / 53.52MB
2026-05-18 18:59:20,219,16.24,88.69MB,34068.5,0.27,11.42GB / 11.52GB,45.28MB / 53.52MB
2026-05-18 18:59:32,219,16.24,89.49MB,34068.5,0.27,11.43GB / 11.53GB,45.28MB / 53.52MB
2026-05-18 18:59:44,220,16.24,88.8MB,34068.5,0.27,11.44GB / 11.54GB,45.28MB / 53.52MB
2026-05-18 18:59:56,220,16.24,89.13MB,34068.5,0.27,11.45GB / 11.55GB,45.28MB / 53.52MB
2026-05-18 19:00:08,220,16.24,88.25MB,34068.5,0.27,11.46GB / 11.56GB,45.28MB / 53.52MB
2026-05-18 19:00:20,220,16.24,88.94MB,34068.5,0.27,11.47GB / 11.57GB,45.28MB / 53.52MB
2026-05-18 19:00:32,220,16.24,88.88MB,34068.5,0.27,11.48GB / 11.58GB,45.28MB / 53.52MB
2026-05-18 19:00:44,221,16.24,88.63MB,34068.5,0.27,11.49GB / 11.59GB,45.28MB / 53.52MB
2026-05-18 19:00:56,221,16.24,89.43MB,34068.5,0.27,11.5GB / 11.6GB,45.28MB / 53.52MB
2026-05-18 19:01:08,221,16.24,88.63MB,34068.5,0.27,11.51GB / 11.61GB,45.28MB / 53.52MB
2026-05-18 19:01:20,221,16.24,88.69MB,34068.5,0.27,11.52GB / 11.62GB,45.28MB / 53.52MB
2026-05-18 19:01:32,221,16.24,89.12MB,34068.5,0.27,11.54GB / 11.63GB,45.28MB / 53.52MB
2026-05-18 19:01:44,222,16.24,89.36MB,34068.5,0.27,11.55GB / 11.64GB,45.28MB / 53.52MB
2026-05-18 19:01:57,222,16.24,89.53MB,34068.5,0.27,11.56GB / 11.66GB,45.28MB / 53.52MB
2026-05-18 19:02:09,222,16.24,89.6MB,34068.5,0.27,11.57GB / 11.67GB,45.28MB / 53.52MB
2026-05-18 19:02:21,222,16.24,89.46MB,34068.5,0.27,11.58GB / 11.68GB,45.28MB / 53.52MB
2026-05-18 19:02:33,222,16.24,88.71MB,34068.5,0.27,11.59GB / 11.69GB,45.28MB / 53.52MB
2026-05-18 19:02:45,223,16.24,88.62MB,34068.5,0.27,11.6GB / 11.7GB,45.28MB / 53.52MB
2026-05-18 19:02:57,223,16.24,89.72MB,34068.5,0.27,11.61GB / 11.71GB,45.28MB / 53.52MB
2026-05-18 19:03:09,223,16.24,88.98MB,34068.5,0.27,11.62GB / 11.72GB,45.28MB / 53.52MB
2026-05-18 19:03:21,223,16.24,89.15MB,34068.5,0.27,11.63GB / 11.73GB,45.28MB / 53.52MB
2026-05-18 19:03:33,223,16.24,89.03MB,34068.5,0.27,11.64GB / 11.74GB,45.28MB / 53.52MB
2026-05-18 19:03:45,224,16.24,89.75MB,34068.5,0.27,11.65GB / 11.75GB,45.28MB / 53.52MB
2026-05-18 19:03:58,224,16.24,89.02MB,34068.5,0.27,11.66GB / 11.76GB,45.28MB / 53.52MB
2026-05-18 19:04:10,224,16.24,90.01MB,34068.5,0.27,11.67GB / 11.77GB,45.28MB / 53.52MB
2026-05-18 19:04:22,224,16.24,90.05MB,34068.5,0.27,11.68GB / 11.78GB,45.28MB / 53.52MB
2026-05-18 19:04:34,224,16.24,89.89MB,34068.5,0.27,11.69GB / 11.79GB,45.28MB / 53.52MB
2026-05-18 19:04:46,225,16.24,89.43MB,34068.5,0.27,11.7GB / 11.8GB,45.28MB / 53.52MB
2026-05-18 19:04:58,225,16.24,89.78MB,34068.5,0.27,11.71GB / 11.81GB,45.28MB / 53.52MB
2026-05-18 19:05:10,225,16.24,89.8MB,34068.5,0.27,11.73GB / 11.83GB,45.28MB / 53.52MB
2026-05-18 19:05:23,225,16.24,90.68MB,34068.5,0.27,11.74GB / 11.84GB,45.28MB / 53.52MB
2026-05-18 19:05:35,225,16.24,89.52MB,34068.5,0.27,11.75GB / 11.85GB,45.28MB / 53.52MB
2026-05-18 19:05:47,226,16.24,89.18MB,34068.5,0.27,11.76GB / 11.86GB,45.28MB / 53.52MB
2026-05-18 19:05:59,226,16.24,89.89MB,34068.5,0.27,11.77GB / 11.87GB,45.28MB / 53.52MB
2026-05-18 19:06:11,226,16.24,89.77MB,34068.5,0.27,11.78GB / 11.88GB,45.28MB / 53.52MB
2026-05-18 19:06:23,226,16.24,90.05MB,34068.5,0.27,11.79GB / 11.89GB,45.28MB / 53.52MB
2026-05-18 19:06:35,226,16.24,89.41MB,34068.5,0.27,11.8GB / 11.9GB,45.28MB / 53.52MB
2026-05-18 19:06:47,227,16.24,89.28MB,34068.5,0.27,11.81GB / 11.91GB,45.28MB / 53.52MB
2026-05-18 19:06:59,227,16.24,89.91MB,34068.5,0.27,11.82GB / 11.92GB,45.28MB / 53.52MB
2026-05-18 19:07:12,227,16.24,90.03MB,34068.5,0.27,11.83GB / 11.93GB,45.28MB / 53.52MB
2026-05-18 19:07:24,227,16.24,89.63MB,34068.5,0.27,11.84GB / 11.94GB,45.28MB / 53.52MB
2026-05-18 19:07:35,227,16.24,89.61MB,34068.5,0.27,11.85GB / 11.95GB,45.28MB / 53.52MB
2026-05-18 19:07:48,228,16.24,89.26MB,34068.5,0.27,11.86GB / 11.96GB,45.28MB / 53.52MB
2026-05-18 19:07:59,228,16.25,89.55MB,34068.5,0.27,11.87GB / 11.97GB,45.28MB / 53.52MB
2026-05-18 19:08:11,228,16.25,90.03MB,34068.5,0.27,11.88GB / 11.98GB,45.28MB / 53.52MB
2026-05-18 19:08:24,228,16.25,89.33MB,34068.5,0.27,11.89GB / 11.99GB,45.28MB / 53.52MB
2026-05-18 19:08:35,228,16.25,89.65MB,34068.5,0.27,11.9GB / 12.01GB,45.28MB / 53.52MB
2026-05-18 19:08:48,229,16.25,89.68MB,34068.5,0.27,11.91GB / 12.02GB,45.28MB / 53.52MB
2026-05-18 19:09:00,229,16.25,89.65MB,34068.5,0.27,11.92GB / 12.03GB,45.28MB / 53.52MB
2026-05-18 19:09:12,229,16.25,89.7MB,34068.5,0.27,11.94GB / 12.04GB,45.28MB / 53.52MB
2026-05-18 19:09:24,229,16.25,91.05MB,34068.5,0.27,11.95GB / 12.05GB,45.28MB / 53.52MB
2026-05-18 19:09:36,229,16.25,89.54MB,34068.5,0.27,11.96GB / 12.06GB,45.28MB / 53.52MB
2026-05-18 19:09:48,230,16.25,89.65MB,34068.5,0.27,11.97GB / 12.07GB,45.28MB / 53.52MB
2026-05-18 19:10:00,230,16.25,89.78MB,34068.5,0.27,11.98GB / 12.08GB,45.28MB / 53.52MB
2026-05-18 19:10:12,230,16.25,89.55MB,34068.5,0.27,11.99GB / 12.09GB,45.28MB / 53.52MB
2026-05-18 19:10:24,230,16.25,89.8MB,34068.5,0.27,12GB / 12.1GB,45.28MB / 53.52MB
2026-05-18 19:10:36,230,16.25,89.8MB,34068.5,0.27,12.01GB / 12.11GB,45.28MB / 53.52MB
2026-05-18 19:10:48,231,16.25,90.61MB,34068.5,0.27,12.02GB / 12.12GB,45.28MB / 53.52MB
2026-05-18 19:11:00,231,16.25,89.83MB,34068.5,0.27,12.03GB / 12.13GB,45.28MB / 53.52MB
2026-05-18 19:11:12,231,16.25,89.66MB,34068.5,0.27,12.04GB / 12.14GB,45.28MB / 53.52MB
2026-05-18 19:11:24,231,16.25,89.99MB,34068.5,0.27,12.05GB / 12.15GB,45.28MB / 53.52MB
2026-05-18 19:11:36,231,16.25,90.26MB,34068.5,0.27,12.06GB / 12.16GB,45.28MB / 53.52MB
2026-05-18 19:11:48,232,16.25,90.71MB,34068.5,0.27,12.07GB / 12.18GB,45.28MB / 53.52MB
2026-05-18 19:12:00,232,16.25,90.66MB,34068.5,0.27,12.08GB / 12.19GB,45.28MB / 53.52MB
2026-05-18 19:12:12,232,16.25,90.75MB,34068.5,0.27,12.09GB / 12.2GB,45.28MB / 53.52MB
2026-05-18 19:12:24,232,16.25,89.99MB,34068.5,0.27,12.1GB / 12.21GB,45.28MB / 53.52MB
2026-05-18 19:12:36,232,16.25,89.64MB,34068.5,0.27,12.11GB / 12.22GB,45.28MB / 53.52MB
2026-05-18 19:12:48,233,16.25,89.77MB,34068.5,0.27,12.12GB / 12.23GB,45.28MB / 53.52MB
2026-05-18 19:13:00,233,16.25,90.93MB,34068.5,0.27,12.14GB / 12.24GB,45.28MB / 53.52MB
2026-05-18 19:13:12,233,16.25,89.74MB,34068.5,0.27,12.15GB / 12.25GB,45.28MB / 53.52MB
2026-05-18 19:13:24,233,16.25,90.31MB,34068.5,0.27,12.16GB / 12.26GB,45.28MB / 53.52MB
2026-05-18 19:13:36,233,16.25,90.42MB,34068.5,0.27,12.17GB / 12.27GB,45.28MB / 53.52MB
2026-05-18 19:13:48,234,16.25,90.53MB,34068.5,0.27,12.18GB / 12.28GB,45.28MB / 53.52MB
2026-05-18 19:14:01,234,16.25,89.87MB,34068.5,0.27,12.19GB / 12.29GB,45.28MB / 53.52MB
2026-05-18 19:14:13,234,16.25,90.01MB,34068.5,0.27,12.2GB / 12.3GB,45.28MB / 53.52MB
2026-05-18 19:14:25,234,16.25,90.67MB,34068.5,0.27,12.21GB / 12.31GB,45.28MB / 53.52MB
2026-05-18 19:14:37,234,16.25,89.83MB,34068.5,0.27,12.22GB / 12.32GB,45.28MB / 53.52MB
2026-05-18 19:14:49,235,16.25,91MB,34068.5,0.27,12.23GB / 12.33GB,45.28MB / 53.52MB
2026-05-18 19:15:01,235,16.25,89.83MB,34068.5,0.27,12.24GB / 12.34GB,45.28MB / 53.52MB
2026-05-18 19:15:13,235,16.25,90.66MB,34068.5,0.27,12.25GB / 12.35GB,45.28MB / 53.52MB
2026-05-18 19:15:25,235,16.25,90.53MB,34068.5,0.27,12.26GB / 12.37GB,45.28MB / 53.52MB
2026-05-18 19:15:37,235,16.25,90.49MB,34068.5,0.27,12.27GB / 12.38GB,45.28MB / 53.52MB
2026-05-18 19:15:49,236,16.25,90.48MB,34068.5,0.27,12.28GB / 12.39GB,45.28MB / 53.52MB
2026-05-18 19:16:01,236,16.25,90.77MB,34068.5,0.27,12.29GB / 12.4GB,45.28MB / 53.52MB
2026-05-18 19:16:13,236,16.25,91.03MB,34068.5,0.27,12.3GB / 12.41GB,45.28MB / 53.52MB
2026-05-18 19:16:25,236,16.25,90.62MB,34068.5,0.27,12.31GB / 12.42GB,45.28MB / 53.52MB
2026-05-18 19:16:37,236,16.25,91.59MB,34068.5,0.28,12.32GB / 12.43GB,45.28MB / 53.52MB
2026-05-18 19:16:49,237,16.25,90.92MB,34068.5,0.27,12.33GB / 12.44GB,45.28MB / 53.52MB
2026-05-18 19:17:01,237,16.25,90.45MB,34068.5,0.27,12.35GB / 12.45GB,45.28MB / 53.52MB
2026-05-18 19:17:13,237,16.25,90.2MB,34068.5,0.27,12.36GB / 12.46GB,45.28MB / 53.52MB
2026-05-18 19:17:25,237,16.25,90.63MB,34068.5,0.27,12.37GB / 12.47GB,45.28MB / 53.52MB
2026-05-18 19:17:37,237,16.25,90.76MB,34068.5,0.27,12.38GB / 12.48GB,45.28MB / 53.52MB
2026-05-18 19:17:49,238,16.25,90.01MB,34068.5,0.27,12.39GB / 12.49GB,45.28MB / 53.52MB
2026-05-18 19:18:01,238,16.25,90.53MB,34068.5,0.27,12.4GB / 12.5GB,45.28MB / 53.52MB
2026-05-18 19:18:13,238,16.25,90.31MB,34068.5,0.27,12.41GB / 12.51GB,45.28MB / 53.52MB
2026-05-18 19:18:25,238,16.25,90.44MB,34068.5,0.27,12.42GB / 12.52GB,45.28MB / 53.52MB
2026-05-18 19:18:37,238,16.25,91.02MB,34068.5,0.27,12.43GB / 12.54GB,45.28MB / 53.52MB
2026-05-18 19:18:49,239,16.25,91.27MB,34068.5,0.27,12.44GB / 12.55GB,45.28MB / 53.52MB
2026-05-18 19:19:01,239,16.25,90.89MB,34068.5,0.27,12.45GB / 12.56GB,45.28MB / 53.52MB
2026-05-18 19:19:13,239,16.25,91.54MB,34068.5,0.28,12.46GB / 12.57GB,45.28MB / 53.52MB
2026-05-18 19:19:25,239,16.25,91.1MB,34068.5,0.27,12.47GB / 12.58GB,45.28MB / 53.52MB
2026-05-18 19:19:37,239,16.25,90.95MB,34068.5,0.27,12.48GB / 12.59GB,45.28MB / 53.52MB
2026-05-18 19:19:49,240,16.26,90.93MB,34068.5,0.27,12.49GB / 12.6GB,45.28MB / 53.52MB
2026-05-18 19:20:02,240,16.25,90.48MB,34068.5,0.27,12.5GB / 12.61GB,45.28MB / 53.52MB
2026-05-18 19:20:14,240,16.26,90.91MB,34068.5,0.27,12.51GB / 12.62GB,45.28MB / 53.52MB
2026-05-18 19:20:25,240,16.26,90.73MB,34068.5,0.27,12.52GB / 12.63GB,45.28MB / 53.52MB
2026-05-18 19:20:37,240,16.26,90.54MB,34068.5,0.27,12.53GB / 12.64GB,45.28MB / 53.52MB
2026-05-18 19:20:50,241,16.25,90.27MB,34068.5,0.27,12.54GB / 12.65GB,45.28MB / 53.52MB
2026-05-18 19:21:02,241,16.24,90.24MB,34068.5,0.27,12.54GB / 12.65GB,45.28MB / 53.52MB
2026-05-18 19:21:14,241,16.22,90.22MB,34068.5,0.27,12.54GB / 12.65GB,45.28MB / 53.52MB
2026-05-18 19:21:26,241,16.21,90.2MB,34068.5,0.27,12.54GB / 12.65GB,45.28MB / 53.52MB
2026-05-18 19:21:38,241,16.20,90.43MB,34068.5,0.27,12.54GB / 12.65GB,45.28MB / 53.52MB
2026-05-18 19:21:50,242,16.19,90.41MB,34068.5,0.27,12.54GB / 12.65GB,45.28MB / 53.52MB
2026-05-18 19:22:02,242,16.17,90.41MB,34068.5,0.27,12.54GB / 12.65GB,45.28MB / 53.52MB
2026-05-18 19:22:14,242,16.16,90.14MB,34068.5,0.27,12.54GB / 12.65GB,45.28MB / 53.52MB
2026-05-18 19:22:25,242,16.15,90.14MB,34068.5,0.27,12.54GB / 12.65GB,45.28MB / 53.52MB
2026-05-18 19:22:37,242,16.14,90.14MB,34068.5,0.27,12.54GB / 12.65GB,45.28MB / 53.52MB
2026-05-18 19:22:49,243,16.12,90.14MB,34068.5,0.27,12.54GB / 12.65GB,45.28MB / 53.52MB
2026-05-18 19:23:01,243,16.11,90.41MB,34068.5,0.27,12.54GB / 12.65GB,45.28MB / 53.52MB
2026-05-18 19:23:13,243,16.10,90.14MB,34068.5,0.27,12.54GB / 12.65GB,45.28MB / 53.52MB
2026-05-18 19:23:25,243,16.09,90.14MB,34068.5,0.27,12.54GB / 12.65GB,45.28MB / 53.52MB
2026-05-18 19:23:37,243,16.07,90.14MB,34068.5,0.27,12.54GB / 12.65GB,45.28MB / 53.52MB
2026-05-18 19:23:49,244,16.06,90.14MB,34068.5,0.27,12.54GB / 12.65GB,45.28MB / 53.52MB
2026-05-18 19:24:01,244,16.05,90.14MB,34068.5,0.27,12.54GB / 12.65GB,45.28MB / 53.52MB
2026-05-18 19:24:12,244,16.04,90.4MB,34068.5,0.27,12.54GB / 12.65GB,45.28MB / 53.52MB
2026-05-18 19:24:24,244,16.02,90.39MB,34068.5,0.27,12.54GB / 12.65GB,45.28MB / 53.52MB
2026-05-18 19:24:35,244,16.01,90.14MB,34068.5,0.27,12.54GB / 12.65GB,45.28MB / 53.52MB
2026-05-18 19:24:47,245,16.00,90.14MB,34068.5,0.27,12.54GB / 12.65GB,45.28MB / 53.52MB
2026-05-18 19:24:58,245,15.99,90.4MB,34068.5,0.27,12.54GB / 12.65GB,45.28MB / 53.52MB
2026-05-18 19:25:10,245,15.98,90.4MB,34068.5,0.27,12.54GB / 12.65GB,45.28MB / 53.52MB
2026-05-18 19:25:22,245,15.97,90.14MB,34068.5,0.27,12.54GB / 12.65GB,45.28MB / 53.52MB
2026-05-18 19:25:33,245,15.95,90.14MB,34068.5,0.27,12.54GB / 12.65GB,45.28MB / 53.52MB
2026-05-18 19:25:45,246,15.94,90.14MB,34068.5,0.27,12.54GB / 12.65GB,45.28MB / 53.52MB
2026-05-18 19:25:56,246,15.93,90.39MB,34068.5,0.27,12.54GB / 12.65GB,45.28MB / 53.52MB
2026-05-18 19:26:08,246,15.92,90.41MB,34068.5,0.27,12.54GB / 12.65GB,45.28MB / 53.52MB
2026-05-18 19:26:19,246,15.91,90.66MB,34068.5,0.27,12.54GB / 12.65GB,45.28MB / 53.52MB
2026-05-18 19:26:31,246,15.89,90.4MB,34068.5,0.27,12.54GB / 12.65GB,45.28MB / 53.52MB
2026-05-18 19:26:43,247,15.88,90.14MB,34068.5,0.27,12.54GB / 12.65GB,45.28MB / 53.52MB
2026-05-18 19:26:54,247,15.87,90.14MB,34068.5,0.27,12.54GB / 12.65GB,45.28MB / 53.52MB
2026-05-18 19:27:06,247,15.86,90.14MB,34068.5,0.27,12.54GB / 12.65GB,45.28MB / 53.52MB
2026-05-18 19:27:17,247,15.85,90.14MB,34068.5,0.27,12.54GB / 12.65GB,45.28MB / 53.52MB
2026-05-18 19:27:29,247,15.84,90.4MB,34068.5,0.27,12.54GB / 12.65GB,45.28MB / 53.52MB
2026-05-18 19:27:40,247,15.83,90.14MB,34068.5,0.27,12.54GB / 12.65GB,45.28MB / 53.52MB
2026-05-18 19:27:52,248,15.81,90.15MB,34068.5,0.27,12.54GB / 12.65GB,45.28MB / 53.52MB
2026-05-18 19:28:03,248,15.80,90.14MB,34068.5,0.27,12.54GB / 12.65GB,45.28MB / 53.52MB
2026-05-18 19:28:15,248,15.79,90.15MB,34068.5,0.27,12.54GB / 12.65GB,45.28MB / 53.52MB
2026-05-18 19:28:27,248,15.78,90.14MB,34068.5,0.27,12.54GB / 12.65GB,45.28MB / 53.52MB
2026-05-18 19:28:38,248,15.77,90.14MB,34068.5,0.27,12.54GB / 12.65GB,45.28MB / 53.52MB
2026-05-18 19:28:50,249,15.76,90.41MB,34068.5,0.27,12.54GB / 12.65GB,45.28MB / 53.52MB
2026-05-18 19:29:01,249,15.74,90.4MB,34068.5,0.27,12.54GB / 12.65GB,45.28MB / 53.52MB
2026-05-18 19:29:13,249,15.73,90.14MB,34068.5,0.27,12.54GB / 12.65GB,45.28MB / 53.52MB
