timestamp,elapsed_min,cpu_perc,mem_usage_mb,mem_limit_mb,mem_perc,net_io,block_io
2026-05-18 15:19:42,0,0.67,93.17MB,34068.5,0.28,71.58kB / 60.09kB,0B / 0B
2026-05-18 15:19:54,0,0.68,96.76MB,34068.5,0.29,77.1kB / 65.03kB,0B / 0B
2026-05-18 15:20:06,0,0.69,96.76MB,34068.5,0.29,82.41kB / 69.91kB,0B / 0B
2026-05-18 15:20:18,0,0.70,96.51MB,34068.5,0.29,87.72kB / 74.78kB,0B / 0B
2026-05-18 15:20:30,0,0.71,96.51MB,34068.5,0.29,92.83kB / 79.5kB,0B / 0B
2026-05-18 15:20:42,1,0.71,96.51MB,34068.5,0.29,98.14kB / 84.37kB,0B / 0B
2026-05-18 15:20:54,1,4.32,128MB,34068.5,0.38,8.524MB / 407.7kB,0B / 0B
2026-05-18 15:21:06,1,8.10,128.4MB,34068.5,0.39,18.95MB / 805.8kB,0B / 0B
2026-05-18 15:21:18,1,11.27,128.6MB,34068.5,0.39,29.37MB / 1.206MB,0B / 0B
2026-05-18 15:21:30,1,13.97,129MB,34068.5,0.39,39.9MB / 1.608MB,0B / 0B
2026-05-18 15:21:42,2,16.39,128.7MB,34068.5,0.39,50.01MB / 1.997MB,0B / 0B
2026-05-18 15:21:54,2,18.59,129.8MB,34068.5,0.39,60.54MB / 2.399MB,0B / 0B
2026-05-18 15:22:06,2,20.67,130MB,34068.5,0.39,70.86MB / 2.795MB,0B / 0B
2026-05-18 15:22:18,2,22.76,129.5MB,34068.5,0.39,81.39MB / 3.198MB,0B / 0B
2026-05-18 15:22:30,2,24.36,129.6MB,34068.5,0.39,91.7MB / 3.591MB,0B / 0B
2026-05-18 15:22:42,3,26.17,129.5MB,34068.5,0.39,102.2MB / 3.995MB,0B / 0B
2026-05-18 15:22:54,3,27.62,130MB,34068.5,0.39,112.8MB / 4.397MB,0B / 0B
2026-05-18 15:23:06,3,29.04,129.8MB,34068.5,0.39,123.3MB / 4.801MB,0B / 0B
2026-05-18 15:23:18,3,30.29,129.4MB,34068.5,0.39,133.5MB / 5.194MB,0B / 0B
2026-05-18 15:23:30,3,31.57,130MB,34068.5,0.39,144MB / 5.596MB,0B / 0B
2026-05-18 15:23:42,4,32.59,129.8MB,34068.5,0.39,154.5MB / 5.995MB,0B / 0B
2026-05-18 15:23:54,4,33.65,130.1MB,34068.5,0.39,164.9MB / 6.392MB,0B / 0B
2026-05-18 15:24:06,4,34.71,130.6MB,34068.5,0.39,175.4MB / 6.796MB,0B / 0B
2026-05-18 15:24:18,4,35.65,129.7MB,34068.5,0.39,185.9MB / 7.199MB,0B / 0B
2026-05-18 15:24:30,4,36.56,130.6MB,34068.5,0.39,196.4MB / 7.598MB,0B / 0B
2026-05-18 15:24:42,5,37.35,129.7MB,34068.5,0.39,206.8MB / 7.997MB,0B / 0B
2026-05-18 15:24:54,5,38.12,130.3MB,34068.5,0.39,217.2MB / 8.396MB,0B / 0B
2026-05-18 15:25:06,5,38.94,130.7MB,34068.5,0.39,227.6MB / 8.796MB,0B / 0B
2026-05-18 15:25:18,5,39.62,130.5MB,34068.5,0.39,238MB / 9.191MB,0B / 0B
2026-05-18 15:25:30,5,40.30,130.9MB,34068.5,0.39,248.3MB / 9.586MB,0B / 0B
2026-05-18 15:25:42,6,40.93,130.2MB,34068.5,0.39,258.6MB / 9.982MB,0B / 0B
2026-05-18 15:25:54,6,41.55,130.3MB,34068.5,0.39,269MB / 10.38MB,0B / 0B
2026-05-18 15:26:06,6,42.20,131.1MB,34068.5,0.39,279.4MB / 10.78MB,0B / 0B
2026-05-18 15:26:18,6,42.70,130.2MB,34068.5,0.39,289.9MB / 11.18MB,0B / 0B
2026-05-18 15:26:30,6,43.21,130.6MB,34068.5,0.39,300.3MB / 11.58MB,0B / 0B
2026-05-18 15:26:42,7,43.70,130.5MB,34068.5,0.39,310.7MB / 11.98MB,0B / 0B
2026-05-18 15:26:54,7,44.11,131.2MB,34068.5,0.39,321.2MB / 12.38MB,0B / 0B
2026-05-18 15:27:06,7,44.58,130.8MB,34068.5,0.39,331.6MB / 12.78MB,0B / 0B
2026-05-18 15:27:18,7,44.98,130.5MB,34068.5,0.39,342.1MB / 13.18MB,0B / 0B
2026-05-18 15:27:30,7,45.45,130.9MB,34068.5,0.39,352.5MB / 13.58MB,0B / 0B
2026-05-18 15:27:42,8,45.84,131.2MB,34068.5,0.39,363.2MB / 13.98MB,0B / 0B
2026-05-18 15:27:54,8,46.25,131.2MB,34068.5,0.39,373.7MB / 14.39MB,0B / 0B
2026-05-18 15:28:07,8,46.64,131MB,34068.5,0.39,384.1MB / 14.79MB,0B / 0B
2026-05-18 15:28:19,8,47.08,131.8MB,34068.5,0.40,394.4MB / 15.18MB,0B / 0B
2026-05-18 15:28:31,8,47.44,132.6MB,34068.5,0.40,404.8MB / 15.58MB,0B / 0B
2026-05-18 15:28:43,9,47.75,132.9MB,34068.5,0.40,415.4MB / 15.98MB,0B / 0B
2026-05-18 15:28:55,9,48.07,132.5MB,34068.5,0.40,425.7MB / 16.38MB,0B / 0B
2026-05-18 15:29:07,9,48.47,133.6MB,34068.5,0.40,436.2MB / 16.78MB,0B / 0B
2026-05-18 15:29:19,9,48.74,132.9MB,34068.5,0.40,446.5MB / 17.18MB,0B / 0B
2026-05-18 15:29:31,9,49.03,132.7MB,34068.5,0.40,457MB / 17.58MB,0B / 0B
2026-05-18 15:29:43,10,49.39,101.4MB,34068.5,0.30,467.9MB / 18MB,0B / 0B
2026-05-18 15:29:56,10,49.65,100.3MB,34068.5,0.30,478.3MB / 18.4MB,0B / 0B
2026-05-18 15:30:08,10,49.95,100.9MB,34068.5,0.30,488.9MB / 18.8MB,0B / 0B
2026-05-18 15:30:20,10,50.22,101.3MB,34068.5,0.30,499.3MB / 19.2MB,0B / 0B
2026-05-18 15:30:31,10,50.49,101.4MB,34068.5,0.30,509.6MB / 19.59MB,0B / 0B
2026-05-18 15:30:43,11,50.76,101.2MB,34068.5,0.30,519.9MB / 19.99MB,0B / 0B
2026-05-18 15:30:55,11,51.04,100.4MB,34068.5,0.30,530.4MB / 20.39MB,0B / 0B
2026-05-18 15:31:07,11,51.36,101.3MB,34068.5,0.30,540.8MB / 20.79MB,0B / 0B
2026-05-18 15:31:19,11,51.54,101.1MB,34068.5,0.30,551.2MB / 21.19MB,0B / 0B
2026-05-18 15:31:31,11,51.74,101MB,34068.5,0.30,561.6MB / 21.59MB,0B / 0B
2026-05-18 15:31:43,12,52.02,101.1MB,34068.5,0.30,572.1MB / 21.99MB,0B / 0B
2026-05-18 15:31:55,12,52.19,101.8MB,34068.5,0.31,582.6MB / 22.39MB,0B / 0B
2026-05-18 15:32:07,12,52.39,102MB,34068.5,0.31,593MB / 22.79MB,0B / 0B
2026-05-18 15:32:19,12,52.60,102MB,34068.5,0.31,603.3MB / 23.19MB,0B / 0B
2026-05-18 15:32:31,12,52.80,101.2MB,34068.5,0.30,613.9MB / 23.59MB,0B / 0B
2026-05-18 15:32:43,13,52.94,101.7MB,34068.5,0.31,624.3MB / 23.99MB,0B / 0B
2026-05-18 15:32:55,13,53.13,102.3MB,34068.5,0.31,634.8MB / 24.39MB,0B / 0B
2026-05-18 15:33:07,13,53.31,101.1MB,34068.5,0.30,645.2MB / 24.79MB,0B / 0B
2026-05-18 15:33:19,13,53.49,102MB,34068.5,0.31,655.7MB / 25.19MB,0B / 0B
2026-05-18 15:33:31,13,53.67,101.5MB,34068.5,0.31,666MB / 25.59MB,0B / 0B
2026-05-18 15:33:43,14,53.86,101.7MB,34068.5,0.31,676.3MB / 25.98MB,0B / 0B
2026-05-18 15:33:55,14,54.00,102.1MB,34068.5,0.31,686.7MB / 26.38MB,0B / 0B
2026-05-18 15:34:07,14,54.13,101.9MB,34068.5,0.31,697MB / 26.78MB,0B / 0B
2026-05-18 15:34:19,14,54.29,101.5MB,34068.5,0.31,707.5MB / 27.17MB,0B / 0B
2026-05-18 15:34:31,14,54.44,101.6MB,34068.5,0.31,717.8MB / 27.57MB,0B / 0B
2026-05-18 15:34:43,15,54.57,102.3MB,34068.5,0.31,728.1MB / 27.97MB,0B / 0B
2026-05-18 15:34:55,15,54.69,101.9MB,34068.5,0.31,738.6MB / 28.37MB,0B / 0B
2026-05-18 15:35:07,15,54.85,102.1MB,34068.5,0.31,749MB / 28.77MB,0B / 0B
2026-05-18 15:35:19,15,54.97,102.4MB,34068.5,0.31,759.5MB / 29.17MB,0B / 0B
2026-05-18 15:35:31,15,55.10,101.7MB,34068.5,0.31,769.8MB / 29.56MB,0B / 0B
2026-05-18 15:35:43,16,55.20,102.5MB,34068.5,0.31,780.2MB / 29.96MB,0B / 0B
2026-05-18 15:35:55,16,55.35,102.7MB,34068.5,0.31,790.6MB / 30.36MB,0B / 0B
2026-05-18 15:36:07,16,55.46,102.3MB,34068.5,0.31,801MB / 30.75MB,0B / 0B
2026-05-18 15:36:18,16,55.55,102.1MB,34068.5,0.31,811.3MB / 31.15MB,0B / 0B
2026-05-18 15:36:31,16,55.69,102.8MB,34068.5,0.31,821.7MB / 31.55MB,0B / 0B
2026-05-18 15:36:42,17,55.84,103.5MB,34068.5,0.31,832.1MB / 31.95MB,0B / 0B
2026-05-18 15:36:54,17,55.96,102.7MB,34068.5,0.31,842.4MB / 32.34MB,0B / 0B
2026-05-18 15:37:06,17,56.10,103.2MB,34068.5,0.31,852.9MB / 32.74MB,0B / 0B
2026-05-18 15:37:18,17,56.22,102.7MB,34068.5,0.31,863.2MB / 33.14MB,0B / 0B
2026-05-18 15:37:30,17,56.38,102.1MB,34068.5,0.31,873.7MB / 33.54MB,0B / 0B
2026-05-18 15:37:42,18,56.48,102.7MB,34068.5,0.31,884.2MB / 33.95MB,0B / 0B
2026-05-18 15:37:55,18,56.59,102.9MB,34068.5,0.31,894.7MB / 34.35MB,0B / 0B
2026-05-18 15:38:06,18,56.69,104.1MB,34068.5,0.31,905MB / 34.75MB,0B / 0B
2026-05-18 15:38:18,18,56.84,102.5MB,34068.5,0.31,915.5MB / 35.15MB,0B / 0B
2026-05-18 15:38:30,18,56.96,102.6MB,34068.5,0.31,925.9MB / 35.55MB,0B / 0B
2026-05-18 15:38:42,19,57.05,103MB,34068.5,0.31,936.3MB / 35.95MB,0B / 0B
2026-05-18 15:38:54,19,57.14,103.2MB,34068.5,0.31,946.7MB / 36.35MB,0B / 0B
2026-05-18 15:39:06,19,57.24,103.4MB,34068.5,0.31,957MB / 36.74MB,0B / 0B
2026-05-18 15:39:18,19,57.33,102.9MB,34068.5,0.31,967.3MB / 37.14MB,0B / 0B
2026-05-18 15:39:30,19,57.41,103.2MB,34068.5,0.31,977.6MB / 37.53MB,0B / 0B
2026-05-18 15:39:42,20,57.48,103MB,34068.5,0.31,988.1MB / 37.93MB,0B / 0B
2026-05-18 15:39:54,20,57.55,103.5MB,34068.5,0.31,998.5MB / 38.33MB,0B / 0B
2026-05-18 15:40:06,20,57.63,102.8MB,34068.5,0.31,1.009GB / 38.73MB,0B / 0B
2026-05-18 15:40:18,20,57.72,103.4MB,34068.5,0.31,1.019GB / 39.13MB,0B / 0B
2026-05-18 15:40:30,20,57.78,103MB,34068.5,0.31,1.03GB / 39.52MB,0B / 0B
2026-05-18 15:40:42,21,57.86,103.6MB,34068.5,0.31,1.04GB / 39.92MB,0B / 0B
2026-05-18 15:40:54,21,57.93,103.7MB,34068.5,0.31,1.051GB / 40.32MB,0B / 0B
2026-05-18 15:41:06,21,57.99,102.8MB,34068.5,0.31,1.061GB / 40.71MB,0B / 0B
2026-05-18 15:41:18,21,58.08,103.2MB,34068.5,0.31,1.071GB / 41.12MB,0B / 0B
2026-05-18 15:41:30,21,58.16,102.9MB,34068.5,0.31,1.082GB / 41.51MB,0B / 0B
2026-05-18 15:41:42,22,58.24,103.5MB,34068.5,0.31,1.092GB / 41.92MB,0B / 0B
2026-05-18 15:41:54,22,58.34,103.7MB,34068.5,0.31,1.103GB / 42.32MB,0B / 0B
2026-05-18 15:42:06,22,58.44,104MB,34068.5,0.31,1.113GB / 42.72MB,0B / 0B
2026-05-18 15:42:18,22,58.48,102.8MB,34068.5,0.31,1.123GB / 43.11MB,0B / 0B
2026-05-18 15:42:30,22,58.57,104.2MB,34068.5,0.31,1.134GB / 43.51MB,0B / 0B
2026-05-18 15:42:42,23,58.64,103.3MB,34068.5,0.31,1.144GB / 43.91MB,0B / 0B
2026-05-18 15:42:54,23,58.70,103.4MB,34068.5,0.31,1.155GB / 44.31MB,0B / 0B
2026-05-18 15:43:06,23,58.75,102.8MB,34068.5,0.31,1.165GB / 44.7MB,0B / 0B
2026-05-18 15:43:18,23,58.84,103.6MB,34068.5,0.31,1.175GB / 45.11MB,0B / 0B
2026-05-18 15:43:30,23,58.94,104.4MB,34068.5,0.31,1.186GB / 45.51MB,0B / 0B
2026-05-18 15:43:42,24,59.02,103.8MB,34068.5,0.31,1.196GB / 45.91MB,0B / 0B
2026-05-18 15:43:54,24,59.07,104.2MB,34068.5,0.31,1.207GB / 46.3MB,0B / 0B
2026-05-18 15:44:06,24,59.15,103.9MB,34068.5,0.31,1.217GB / 46.7MB,0B / 0B
2026-05-18 15:44:18,24,59.23,103.3MB,34068.5,0.31,1.227GB / 47.1MB,0B / 0B
2026-05-18 15:44:30,24,59.30,103.9MB,34068.5,0.31,1.238GB / 47.51MB,0B / 0B
2026-05-18 15:44:42,25,59.35,104.2MB,34068.5,0.31,1.248GB / 47.91MB,0B / 0B
2026-05-18 15:44:55,25,59.38,103.6MB,34068.5,0.31,1.259GB / 48.31MB,0B / 0B
2026-05-18 15:45:06,25,59.42,104.5MB,34068.5,0.31,1.269GB / 48.71MB,0B / 0B
2026-05-18 15:45:18,25,59.47,104.6MB,34068.5,0.31,1.28GB / 49.1MB,0B / 0B
2026-05-18 15:45:30,25,59.52,103.5MB,34068.5,0.31,1.29GB / 49.5MB,0B / 0B
2026-05-18 15:45:42,26,59.56,103.3MB,34068.5,0.31,1.3GB / 49.9MB,0B / 0B
2026-05-18 15:45:55,26,59.62,103.6MB,34068.5,0.31,1.311GB / 50.3MB,0B / 0B
2026-05-18 15:46:07,26,59.65,104.9MB,34068.5,0.32,1.321GB / 50.69MB,0B / 0B
2026-05-18 15:46:19,26,59.70,104.8MB,34068.5,0.31,1.332GB / 51.09MB,0B / 0B
2026-05-18 15:46:31,26,59.75,104.7MB,34068.5,0.31,1.342GB / 51.49MB,0B / 0B
2026-05-18 15:46:43,27,59.78,104.6MB,34068.5,0.31,1.352GB / 51.89MB,0B / 0B
2026-05-18 15:46:55,27,59.83,104.3MB,34068.5,0.31,1.363GB / 52.29MB,0B / 0B
2026-05-18 15:47:07,27,59.88,104.3MB,34068.5,0.31,1.373GB / 52.69MB,0B / 0B
2026-05-18 15:47:19,27,59.91,104.6MB,34068.5,0.31,1.384GB / 53.09MB,0B / 0B
2026-05-18 15:47:31,27,59.99,105.8MB,34068.5,0.32,1.394GB / 53.49MB,0B / 0B
2026-05-18 15:47:43,28,60.04,104.7MB,34068.5,0.31,1.405GB / 53.89MB,0B / 0B
2026-05-18 15:47:55,28,60.06,104.2MB,34068.5,0.31,1.415GB / 54.28MB,0B / 0B
2026-05-18 15:48:07,28,60.12,104.7MB,34068.5,0.31,1.425GB / 54.68MB,0B / 0B
2026-05-18 15:48:19,28,60.18,104.9MB,34068.5,0.32,1.436GB / 55.08MB,0B / 0B
2026-05-18 15:48:31,28,60.23,105.3MB,34068.5,0.32,1.446GB / 55.48MB,0B / 0B
2026-05-18 15:48:43,29,60.24,104.9MB,34068.5,0.32,1.456GB / 55.87MB,0B / 0B
2026-05-18 15:48:55,29,60.29,105.1MB,34068.5,0.32,1.467GB / 56.27MB,0B / 0B
2026-05-18 15:49:07,29,60.34,104.6MB,34068.5,0.31,1.477GB / 56.67MB,0B / 0B
2026-05-18 15:49:19,29,60.40,104.8MB,34068.5,0.32,1.488GB / 57.07MB,0B / 0B
2026-05-18 15:49:31,29,60.46,105.6MB,34068.5,0.32,1.498GB / 57.47MB,0B / 0B
2026-05-18 15:49:43,30,60.49,104.8MB,34068.5,0.31,1.508GB / 57.86MB,0B / 0B
2026-05-18 15:49:55,30,60.51,105.1MB,34068.5,0.32,1.519GB / 58.26MB,0B / 0B
2026-05-18 15:50:07,30,60.57,105.1MB,34068.5,0.32,1.529GB / 58.67MB,0B / 0B
2026-05-18 15:50:19,30,60.63,104.4MB,34068.5,0.31,1.54GB / 59.06MB,0B / 0B
2026-05-18 15:50:31,30,60.67,105MB,34068.5,0.32,1.55GB / 59.46MB,0B / 0B
2026-05-18 15:50:43,31,60.70,105.7MB,34068.5,0.32,1.561GB / 59.86MB,0B / 0B
2026-05-18 15:50:55,31,60.71,105.8MB,34068.5,0.32,1.571GB / 60.26MB,0B / 0B
2026-05-18 15:51:07,31,60.75,105.4MB,34068.5,0.32,1.582GB / 60.66MB,0B / 0B
2026-05-18 15:51:19,31,60.79,105.3MB,34068.5,0.32,1.592GB / 61.06MB,0B / 0B
2026-05-18 15:51:31,31,60.85,105.9MB,34068.5,0.32,1.602GB / 61.46MB,0B / 0B
2026-05-18 15:51:43,32,60.91,105.9MB,34068.5,0.32,1.613GB / 61.87MB,0B / 0B
2026-05-18 15:51:55,32,60.95,105.3MB,34068.5,0.32,1.623GB / 62.27MB,0B / 0B
2026-05-18 15:52:07,32,60.99,104.8MB,34068.5,0.32,1.634GB / 62.67MB,0B / 0B
2026-05-18 15:52:19,32,61.04,104.6MB,34068.5,0.31,1.644GB / 63.07MB,0B / 0B
2026-05-18 15:52:32,32,61.09,106MB,34068.5,0.32,1.655GB / 63.48MB,0B / 0B
2026-05-18 15:52:44,33,61.13,106.6MB,34068.5,0.32,1.665GB / 63.88MB,0B / 0B
2026-05-18 15:52:56,33,61.17,105.4MB,34068.5,0.32,1.676GB / 64.28MB,0B / 0B
2026-05-18 15:53:08,33,61.21,106.2MB,34068.5,0.32,1.686GB / 64.68MB,0B / 0B
2026-05-18 15:53:20,33,61.25,105.6MB,34068.5,0.32,1.697GB / 65.09MB,0B / 0B
2026-05-18 15:53:32,33,61.30,106.7MB,34068.5,0.32,1.707GB / 65.48MB,0B / 0B
2026-05-18 15:53:44,34,61.33,106.5MB,34068.5,0.32,1.718GB / 65.88MB,0B / 0B
2026-05-18 15:53:56,34,61.37,105.4MB,34068.5,0.32,1.728GB / 66.28MB,0B / 0B
2026-05-18 15:54:08,34,61.41,106.4MB,34068.5,0.32,1.738GB / 66.68MB,0B / 0B
2026-05-18 15:54:20,34,61.44,106.7MB,34068.5,0.32,1.749GB / 67.08MB,0B / 0B
2026-05-18 15:54:32,34,61.47,106.8MB,34068.5,0.32,1.759GB / 67.48MB,0B / 0B
2026-05-18 15:54:44,35,61.50,106.6MB,34068.5,0.32,1.77GB / 67.88MB,0B / 0B
2026-05-18 15:54:56,35,61.55,106.5MB,34068.5,0.32,1.78GB / 68.28MB,0B / 0B
2026-05-18 15:55:08,35,61.59,105.9MB,34068.5,0.32,1.79GB / 68.67MB,0B / 0B
2026-05-18 15:55:20,35,61.61,105.9MB,34068.5,0.32,1.801GB / 69.07MB,0B / 0B
2026-05-18 15:55:32,35,61.66,106.4MB,34068.5,0.32,1.811GB / 69.47MB,0B / 0B
2026-05-18 15:55:44,36,61.67,105.8MB,34068.5,0.32,1.821GB / 69.86MB,0B / 0B
2026-05-18 15:55:56,36,61.71,106.1MB,34068.5,0.32,1.832GB / 70.26MB,0B / 0B
2026-05-18 15:56:08,36,61.73,107.4MB,34068.5,0.32,1.842GB / 70.66MB,0B / 0B
2026-05-18 15:56:20,36,61.75,106.3MB,34068.5,0.32,1.853GB / 71.06MB,0B / 0B
2026-05-18 15:56:32,36,61.77,106.2MB,34068.5,0.32,1.863GB / 71.46MB,0B / 0B
2026-05-18 15:56:44,37,61.83,107.2MB,34068.5,0.32,1.874GB / 71.86MB,0B / 0B
2026-05-18 15:56:56,37,61.86,106MB,34068.5,0.32,1.884GB / 72.26MB,0B / 0B
2026-05-18 15:57:08,37,61.88,106.9MB,34068.5,0.32,1.895GB / 72.66MB,0B / 0B
2026-05-18 15:57:20,37,61.90,106.1MB,34068.5,0.32,1.905GB / 73.06MB,0B / 0B
2026-05-18 15:57:32,37,61.93,106.4MB,34068.5,0.32,1.915GB / 73.46MB,0B / 0B
2026-05-18 15:57:44,38,61.97,106.8MB,34068.5,0.32,1.926GB / 73.86MB,0B / 0B
2026-05-18 15:57:57,38,62.00,106.7MB,34068.5,0.32,1.936GB / 74.26MB,0B / 0B
2026-05-18 15:58:08,38,62.02,107.1MB,34068.5,0.32,1.946GB / 74.66MB,0B / 0B
2026-05-18 15:58:20,38,62.04,106.8MB,34068.5,0.32,1.957GB / 75.05MB,0B / 0B
2026-05-18 15:58:32,38,62.09,106.6MB,34068.5,0.32,1.967GB / 75.46MB,0B / 0B
2026-05-18 15:58:44,39,62.13,107.2MB,34068.5,0.32,1.978GB / 75.86MB,0B / 0B
2026-05-18 15:58:56,39,62.15,107.3MB,34068.5,0.32,1.988GB / 76.25MB,0B / 0B
2026-05-18 15:59:08,39,62.20,106.8MB,34068.5,0.32,1.999GB / 76.65MB,0B / 0B
2026-05-18 15:59:20,39,62.22,107MB,34068.5,0.32,2.009GB / 77.06MB,0B / 0B
2026-05-18 15:59:32,39,62.24,106.9MB,34068.5,0.32,2.019GB / 77.45MB,0B / 0B
2026-05-18 15:59:44,40,62.28,107.6MB,34068.5,0.32,2.03GB / 77.85MB,0B / 0B
2026-05-18 15:59:56,40,62.31,107.2MB,34068.5,0.32,2.04GB / 78.26MB,0B / 0B
2026-05-18 16:00:09,40,62.35,106.9MB,34068.5,0.32,2.051GB / 78.65MB,0B / 0B
2026-05-18 16:00:21,40,62.38,106.9MB,34068.5,0.32,2.061GB / 79.05MB,0B / 0B
2026-05-18 16:00:33,40,62.44,107.6MB,34068.5,0.32,2.072GB / 79.46MB,0B / 0B
2026-05-18 16:00:45,41,62.46,108MB,34068.5,0.32,2.082GB / 79.86MB,0B / 0B
2026-05-18 16:00:57,41,62.51,106.8MB,34068.5,0.32,2.093GB / 80.27MB,0B / 0B
2026-05-18 16:01:09,41,62.54,106.8MB,34068.5,0.32,2.103GB / 80.66MB,0B / 0B
2026-05-18 16:01:21,41,62.56,107.5MB,34068.5,0.32,2.114GB / 81.06MB,0B / 0B
2026-05-18 16:01:33,41,62.58,107.3MB,34068.5,0.32,2.124GB / 81.47MB,0B / 0B
2026-05-18 16:01:45,42,62.61,107.3MB,34068.5,0.32,2.135GB / 81.87MB,0B / 0B
2026-05-18 16:01:57,42,62.65,107.2MB,34068.5,0.32,2.145GB / 82.27MB,0B / 0B
2026-05-18 16:02:09,42,62.69,107.1MB,34068.5,0.32,2.156GB / 82.67MB,0B / 0B
2026-05-18 16:02:22,42,62.71,107.4MB,34068.5,0.32,2.166GB / 83.07MB,0B / 0B
2026-05-18 16:02:34,42,62.72,107.5MB,34068.5,0.32,2.176GB / 83.47MB,0B / 0B
2026-05-18 16:02:45,43,62.75,107.3MB,34068.5,0.32,2.187GB / 83.87MB,0B / 0B
2026-05-18 16:02:58,43,62.77,107MB,34068.5,0.32,2.197GB / 84.27MB,0B / 0B
2026-05-18 16:03:10,43,62.80,107.1MB,34068.5,0.32,2.208GB / 84.67MB,0B / 0B
2026-05-18 16:03:22,43,62.81,108.3MB,34068.5,0.33,2.218GB / 85.08MB,0B / 0B
2026-05-18 16:03:34,43,62.83,108.1MB,34068.5,0.33,2.229GB / 85.47MB,0B / 0B
2026-05-18 16:03:46,44,62.84,108.6MB,34068.5,0.33,2.239GB / 85.87MB,0B / 0B
2026-05-18 16:03:58,44,62.87,107.8MB,34068.5,0.32,2.249GB / 86.27MB,0B / 0B
2026-05-18 16:04:10,44,62.91,107.4MB,34068.5,0.32,2.26GB / 86.67MB,0B / 0B
2026-05-18 16:04:22,44,62.92,108.2MB,34068.5,0.33,2.27GB / 87.07MB,0B / 0B
2026-05-18 16:04:34,44,62.94,107.6MB,34068.5,0.32,2.281GB / 87.47MB,0B / 0B
2026-05-18 16:04:46,45,62.95,107.9MB,34068.5,0.32,2.291GB / 87.87MB,0B / 0B
2026-05-18 16:04:58,45,62.98,108.8MB,34068.5,0.33,2.302GB / 88.27MB,0B / 0B
2026-05-18 16:05:10,45,63.01,108.6MB,34068.5,0.33,2.312GB / 88.67MB,0B / 0B
2026-05-18 16:05:22,45,63.03,108MB,34068.5,0.32,2.322GB / 89.06MB,0B / 0B
2026-05-18 16:05:34,45,63.05,108.3MB,34068.5,0.33,2.333GB / 89.47MB,0B / 0B
2026-05-18 16:05:46,46,63.06,108.4MB,34068.5,0.33,2.343GB / 89.86MB,0B / 0B
2026-05-18 16:05:58,46,63.09,108.4MB,34068.5,0.33,2.354GB / 90.26MB,0B / 0B
2026-05-18 16:06:10,46,63.11,107.7MB,34068.5,0.32,2.364GB / 90.66MB,0B / 0B
2026-05-18 16:06:22,46,63.13,107.5MB,34068.5,0.32,2.375GB / 91.07MB,0B / 0B
2026-05-18 16:06:34,46,63.15,108.7MB,34068.5,0.33,2.385GB / 91.46MB,0B / 0B
2026-05-18 16:06:46,47,63.15,108.4MB,34068.5,0.33,2.395GB / 91.86MB,0B / 0B
2026-05-18 16:06:59,47,63.17,108.6MB,34068.5,0.33,2.406GB / 92.26MB,0B / 0B
2026-05-18 16:07:11,47,63.21,108.2MB,34068.5,0.33,2.416GB / 92.66MB,0B / 0B
2026-05-18 16:07:23,47,63.22,108.5MB,34068.5,0.33,2.427GB / 93.07MB,0B / 0B
2026-05-18 16:07:35,47,63.25,108.9MB,34068.5,0.33,2.437GB / 93.47MB,0B / 0B
2026-05-18 16:07:47,48,63.25,109.1MB,34068.5,0.33,2.448GB / 93.86MB,0B / 0B
2026-05-18 16:07:59,48,63.28,109.1MB,34068.5,0.33,2.458GB / 94.26MB,0B / 0B
2026-05-18 16:08:11,48,63.29,109.3MB,34068.5,0.33,2.468GB / 94.66MB,0B / 0B
2026-05-18 16:08:23,48,63.31,109.5MB,34068.5,0.33,2.479GB / 95.06MB,0B / 0B
2026-05-18 16:08:35,48,63.33,109.1MB,34068.5,0.33,2.489GB / 95.46MB,0B / 0B
2026-05-18 16:08:47,49,63.35,108.9MB,34068.5,0.33,2.5GB / 95.86MB,0B / 0B
2026-05-18 16:08:59,49,63.38,108.2MB,34068.5,0.33,2.51GB / 96.26MB,0B / 0B
2026-05-18 16:09:11,49,63.39,109.6MB,34068.5,0.33,2.521GB / 96.66MB,0B / 0B
2026-05-18 16:09:23,49,63.42,109.1MB,34068.5,0.33,2.531GB / 97.07MB,0B / 0B
2026-05-18 16:09:35,49,63.44,109.1MB,34068.5,0.33,2.542GB / 97.47MB,0B / 0B
2026-05-18 16:09:47,50,63.48,108.9MB,34068.5,0.33,2.552GB / 97.87MB,0B / 0B
2026-05-18 16:09:59,50,63.50,109.3MB,34068.5,0.33,2.563GB / 98.28MB,0B / 0B
2026-05-18 16:10:11,50,63.54,109MB,34068.5,0.33,2.573GB / 98.67MB,0B / 0B
2026-05-18 16:10:23,50,63.54,108.9MB,34068.5,0.33,2.584GB / 99.08MB,0B / 0B
2026-05-18 16:10:36,50,63.56,109.4MB,34068.5,0.33,2.594GB / 99.48MB,0B / 0B
2026-05-18 16:10:47,51,63.58,109.3MB,34068.5,0.33,2.605GB / 99.87MB,0B / 0B
2026-05-18 16:10:59,51,63.60,109.7MB,34068.5,0.33,2.615GB / 100.3MB,0B / 0B
2026-05-18 16:11:11,51,63.62,109.5MB,34068.5,0.33,2.625GB / 100.7MB,0B / 0B
2026-05-18 16:11:24,51,63.63,109.1MB,34068.5,0.33,2.636GB / 101.1MB,0B / 0B
2026-05-18 16:11:35,51,63.64,109.6MB,34068.5,0.33,2.646GB / 101.5MB,0B / 0B
2026-05-18 16:11:47,52,63.65,109MB,34068.5,0.33,2.657GB / 101.9MB,0B / 0B
2026-05-18 16:11:59,52,63.67,109.8MB,34068.5,0.33,2.667GB / 102.3MB,0B / 0B
2026-05-18 16:12:11,52,63.68,109.6MB,34068.5,0.33,2.677GB / 102.7MB,0B / 0B
2026-05-18 16:12:23,52,63.70,109.9MB,34068.5,0.33,2.688GB / 103.1MB,0B / 0B
2026-05-18 16:12:35,52,63.72,110MB,34068.5,0.33,2.698GB / 103.5MB,0B / 0B
2026-05-18 16:12:48,53,63.72,109.1MB,34068.5,0.33,2.709GB / 103.9MB,0B / 0B
2026-05-18 16:13:00,53,63.73,109.1MB,34068.5,0.33,2.719GB / 104.3MB,0B / 0B
2026-05-18 16:13:12,53,63.75,109.2MB,34068.5,0.33,2.73GB / 104.7MB,0B / 0B
2026-05-18 16:13:24,53,63.76,110.4MB,34068.5,0.33,2.74GB / 105.1MB,0B / 0B
2026-05-18 16:13:36,53,63.78,109.9MB,34068.5,0.33,2.751GB / 105.5MB,0B / 0B
2026-05-18 16:13:48,54,63.79,110.3MB,34068.5,0.33,2.762GB / 105.9MB,0B / 0B
2026-05-18 16:14:00,54,63.82,109.2MB,34068.5,0.33,2.772GB / 106.3MB,0B / 0B
2026-05-18 16:14:12,54,63.84,109.8MB,34068.5,0.33,2.782GB / 106.7MB,0B / 0B
2026-05-18 16:14:24,54,63.86,110.4MB,34068.5,0.33,2.793GB / 107.1MB,0B / 0B
2026-05-18 16:14:37,54,63.87,109.9MB,34068.5,0.33,2.803GB / 107.5MB,0B / 0B
2026-05-18 16:14:49,55,63.87,109.2MB,34068.5,0.33,2.814GB / 107.9MB,0B / 0B
2026-05-18 16:15:01,55,63.88,110.4MB,34068.5,0.33,2.824GB / 108.3MB,0B / 0B
2026-05-18 16:15:13,55,63.89,110MB,34068.5,0.33,2.834GB / 108.7MB,0B / 0B
2026-05-18 16:15:25,55,63.91,109.6MB,34068.5,0.33,2.845GB / 109.1MB,0B / 0B
2026-05-18 16:15:37,55,63.92,110.3MB,34068.5,0.33,2.855GB / 109.5MB,0B / 0B
2026-05-18 16:15:49,56,63.94,110.7MB,34068.5,0.33,2.866GB / 109.9MB,0B / 0B
2026-05-18 16:16:01,56,63.97,110.5MB,34068.5,0.33,2.876GB / 110.3MB,0B / 0B
2026-05-18 16:16:13,56,63.98,110.7MB,34068.5,0.33,2.886GB / 110.7MB,0B / 0B
2026-05-18 16:16:25,56,63.98,110.6MB,34068.5,0.33,2.897GB / 111.1MB,0B / 0B
2026-05-18 16:16:36,56,63.99,110.7MB,34068.5,0.33,2.907GB / 111.5MB,0B / 0B
2026-05-18 16:16:48,57,64.01,110.5MB,34068.5,0.33,2.918GB / 111.9MB,0B / 0B
2026-05-18 16:17:00,57,64.04,110.9MB,34068.5,0.33,2.928GB / 112.3MB,0B / 0B
2026-05-18 16:17:13,57,64.05,110.6MB,34068.5,0.33,2.939GB / 112.7MB,0B / 0B
2026-05-18 16:17:25,57,64.07,110.5MB,34068.5,0.33,2.949GB / 113.1MB,0B / 0B
2026-05-18 16:17:37,57,64.09,110.1MB,34068.5,0.33,2.959GB / 113.5MB,0B / 0B
2026-05-18 16:17:49,58,64.11,110.2MB,34068.5,0.33,2.97GB / 113.9MB,0B / 0B
2026-05-18 16:18:01,58,64.12,110.2MB,34068.5,0.33,2.98GB / 114.3MB,0B / 0B
2026-05-18 16:18:13,58,64.13,110.4MB,34068.5,0.33,2.991GB / 114.7MB,0B / 0B
2026-05-18 16:18:25,58,64.15,111.1MB,34068.5,0.33,3.001GB / 115.1MB,0B / 0B
2026-05-18 16:18:37,58,64.17,110.8MB,34068.5,0.33,3.011GB / 115.5MB,0B / 0B
2026-05-18 16:18:49,59,64.19,111MB,34068.5,0.33,3.022GB / 115.9MB,0B / 0B
2026-05-18 16:19:01,59,64.21,111.2MB,34068.5,0.33,3.032GB / 116.3MB,0B / 0B
2026-05-18 16:19:13,59,64.21,110.6MB,34068.5,0.33,3.043GB / 116.7MB,0B / 0B
2026-05-18 16:19:25,59,64.22,110.9MB,34068.5,0.33,3.053GB / 117.1MB,0B / 0B
2026-05-18 16:19:37,59,64.24,111.4MB,34068.5,0.33,3.063GB / 117.5MB,0B / 0B
2026-05-18 16:19:49,60,64.28,111.3MB,34068.5,0.33,3.074GB / 117.9MB,0B / 0B
2026-05-18 16:20:01,60,64.33,111.3MB,34068.5,0.33,3.084GB / 118.3MB,0B / 0B
2026-05-18 16:20:14,60,64.38,112MB,34068.5,0.34,3.095GB / 118.7MB,0B / 0B
2026-05-18 16:20:26,60,64.44,110.8MB,34068.5,0.33,3.105GB / 119.1MB,0B / 0B
2026-05-18 16:20:38,60,64.48,112.4MB,34068.5,0.34,3.116GB / 119.5MB,0B / 0B
2026-05-18 16:20:50,61,64.49,111.6MB,34068.5,0.34,3.126GB / 119.9MB,0B / 0B
2026-05-18 16:21:02,61,64.51,111.5MB,34068.5,0.33,3.137GB / 120.3MB,0B / 0B
2026-05-18 16:21:14,61,64.53,111.7MB,34068.5,0.34,3.147GB / 120.7MB,0B / 0B
2026-05-18 16:21:26,61,64.58,111.4MB,34068.5,0.33,3.157GB / 121.1MB,0B / 0B
2026-05-18 16:21:39,61,64.62,111.2MB,34068.5,0.33,3.168GB / 121.5MB,0B / 0B
2026-05-18 16:21:51,62,64.63,111.6MB,34068.5,0.34,3.178GB / 121.9MB,0B / 0B
2026-05-18 16:22:03,62,64.65,111.6MB,34068.5,0.34,3.189GB / 122.3MB,0B / 0B
2026-05-18 16:22:15,62,64.68,111.4MB,34068.5,0.33,3.199GB / 122.7MB,0B / 0B
2026-05-18 16:22:28,62,64.70,111.8MB,34068.5,0.34,3.21GB / 123.1MB,0B / 0B
2026-05-18 16:22:40,62,64.73,112MB,34068.5,0.34,3.22GB / 123.5MB,0B / 0B
2026-05-18 16:22:52,63,64.76,112.5MB,34068.5,0.34,3.23GB / 123.9MB,0B / 0B
2026-05-18 16:23:04,63,64.79,112MB,34068.5,0.34,3.241GB / 124.3MB,0B / 0B
2026-05-18 16:23:16,63,64.81,112.6MB,34068.5,0.34,3.251GB / 124.7MB,0B / 0B
2026-05-18 16:23:28,63,64.83,111.6MB,34068.5,0.34,3.261GB / 125MB,0B / 0B
2026-05-18 16:23:40,63,64.86,112.9MB,34068.5,0.34,3.272GB / 125.5MB,0B / 0B
2026-05-18 16:23:52,64,64.88,112.1MB,34068.5,0.34,3.282GB / 125.9MB,0B / 0B
2026-05-18 16:24:04,64,64.91,112.5MB,34068.5,0.34,3.293GB / 126.3MB,0B / 0B
2026-05-18 16:24:16,64,64.94,113MB,34068.5,0.34,3.303GB / 126.7MB,0B / 0B
2026-05-18 16:24:28,64,64.97,112.4MB,34068.5,0.34,3.314GB / 127.1MB,0B / 0B
2026-05-18 16:24:41,64,64.99,113MB,34068.5,0.34,3.324GB / 127.5MB,0B / 0B
2026-05-18 16:24:53,65,65.00,113.1MB,34068.5,0.34,3.334GB / 127.8MB,0B / 0B
2026-05-18 16:25:05,65,65.02,112.9MB,34068.5,0.34,3.345GB / 128.2MB,0B / 0B
2026-05-18 16:25:17,65,65.03,113MB,34068.5,0.34,3.355GB / 128.6MB,0B / 0B
2026-05-18 16:25:29,65,65.05,112.6MB,34068.5,0.34,3.365GB / 129MB,0B / 0B
2026-05-18 16:25:41,65,65.07,112.5MB,34068.5,0.34,3.376GB / 129.4MB,0B / 0B
2026-05-18 16:25:53,66,65.10,112.2MB,34068.5,0.34,3.386GB / 129.8MB,0B / 0B
2026-05-18 16:26:05,66,65.13,112.1MB,34068.5,0.34,3.397GB / 130.2MB,0B / 0B
2026-05-18 16:26:17,66,65.16,112.8MB,34068.5,0.34,3.407GB / 130.6MB,0B / 0B
2026-05-18 16:26:29,66,65.18,113.2MB,34068.5,0.34,3.418GB / 131MB,0B / 0B
2026-05-18 16:26:41,66,65.20,113MB,34068.5,0.34,3.428GB / 131.4MB,0B / 0B
2026-05-18 16:26:53,67,65.22,113.4MB,34068.5,0.34,3.439GB / 131.8MB,0B / 0B
2026-05-18 16:27:05,67,65.24,112.5MB,34068.5,0.34,3.449GB / 132.2MB,0B / 0B
2026-05-18 16:27:18,67,65.25,113MB,34068.5,0.34,3.459GB / 132.6MB,0B / 0B
2026-05-18 16:27:30,67,65.29,112.4MB,34068.5,0.34,3.47GB / 133MB,0B / 0B
2026-05-18 16:27:42,68,65.31,113.1MB,34068.5,0.34,3.48GB / 133.4MB,0B / 0B
2026-05-18 16:27:54,68,65.33,113MB,34068.5,0.34,3.49GB / 133.8MB,0B / 0B
2026-05-18 16:28:06,68,65.35,113.4MB,34068.5,0.34,3.501GB / 134.2MB,0B / 0B
2026-05-18 16:28:18,68,65.37,113.2MB,34068.5,0.34,3.511GB / 134.6MB,0B / 0B
2026-05-18 16:28:30,68,65.40,113.1MB,34068.5,0.34,3.522GB / 135MB,0B / 0B
2026-05-18 16:28:42,69,65.41,113.6MB,34068.5,0.34,3.532GB / 135.4MB,0B / 0B
2026-05-18 16:28:54,69,65.43,113.5MB,34068.5,0.34,3.542GB / 135.8MB,0B / 0B
2026-05-18 16:29:06,69,65.45,113.7MB,34068.5,0.34,3.552GB / 136.2MB,0B / 0B
2026-05-18 16:29:18,69,65.46,112.9MB,34068.5,0.34,3.563GB / 136.6MB,0B / 0B
2026-05-18 16:29:30,69,65.49,113.5MB,34068.5,0.34,3.573GB / 137MB,0B / 0B
2026-05-18 16:29:42,70,65.51,113.7MB,34068.5,0.34,3.583GB / 137.4MB,0B / 0B
2026-05-18 16:29:54,70,65.53,113.7MB,34068.5,0.34,3.594GB / 137.8MB,0B / 0B
2026-05-18 16:30:06,70,65.54,113.2MB,34068.5,0.34,3.604GB / 138.2MB,0B / 0B
2026-05-18 16:30:18,70,65.55,112.7MB,34068.5,0.34,3.614GB / 138.6MB,0B / 0B
2026-05-18 16:30:30,70,65.59,113.4MB,34068.5,0.34,3.625GB / 139MB,0B / 0B
2026-05-18 16:30:42,71,65.61,114.3MB,34068.5,0.34,3.635GB / 139.4MB,0B / 0B
2026-05-18 16:30:54,71,65.63,114.2MB,34068.5,0.34,3.646GB / 139.8MB,0B / 0B
2026-05-18 16:31:06,71,65.65,113.7MB,34068.5,0.34,3.656GB / 140.2MB,0B / 0B
2026-05-18 16:31:19,71,65.67,114MB,34068.5,0.34,3.666GB / 140.6MB,0B / 0B
2026-05-18 16:31:31,71,65.69,114MB,34068.5,0.34,3.677GB / 141MB,0B / 0B
2026-05-18 16:31:43,72,65.71,113.2MB,34068.5,0.34,3.687GB / 141.4MB,0B / 0B
2026-05-18 16:31:55,72,65.74,114.3MB,34068.5,0.34,3.698GB / 141.8MB,0B / 0B
2026-05-18 16:32:07,72,65.76,114.8MB,34068.5,0.34,3.708GB / 142.2MB,0B / 0B
2026-05-18 16:32:19,72,65.76,113.8MB,34068.5,0.34,3.719GB / 142.6MB,0B / 0B
2026-05-18 16:32:31,72,65.77,113.7MB,34068.5,0.34,3.729GB / 143MB,0B / 0B
2026-05-18 16:32:43,73,65.79,113.7MB,34068.5,0.34,3.739GB / 143.4MB,0B / 0B
2026-05-18 16:32:55,73,65.81,113.9MB,34068.5,0.34,3.75GB / 143.8MB,0B / 0B
2026-05-18 16:33:08,73,65.83,113.9MB,34068.5,0.34,3.76GB / 144.2MB,0B / 0B
2026-05-18 16:33:20,73,65.84,114.1MB,34068.5,0.34,3.771GB / 144.6MB,0B / 0B
2026-05-18 16:33:32,73,65.87,113.9MB,34068.5,0.34,3.781GB / 145MB,0B / 0B
2026-05-18 16:33:44,74,65.90,114.2MB,34068.5,0.34,3.791GB / 145.4MB,0B / 0B
2026-05-18 16:33:56,74,65.91,115.2MB,34068.5,0.35,3.802GB / 145.7MB,0B / 0B
2026-05-18 16:34:08,74,65.93,114.2MB,34068.5,0.34,3.812GB / 146.1MB,0B / 0B
2026-05-18 16:34:20,74,65.96,113.9MB,34068.5,0.34,3.823GB / 146.6MB,0B / 0B
2026-05-18 16:34:32,74,65.98,114.2MB,34068.5,0.34,3.833GB / 147MB,0B / 0B
2026-05-18 16:34:45,75,66.00,114.5MB,34068.5,0.34,3.843GB / 147.4MB,0B / 0B
2026-05-18 16:34:57,75,66.01,114.4MB,34068.5,0.34,3.854GB / 147.8MB,0B / 0B
2026-05-18 16:35:09,75,66.04,113.8MB,34068.5,0.34,3.864GB / 148.2MB,0B / 0B
2026-05-18 16:35:21,75,66.06,114.7MB,34068.5,0.34,3.875GB / 148.5MB,0B / 0B
2026-05-18 16:35:33,75,66.08,114MB,34068.5,0.34,3.885GB / 148.9MB,0B / 0B
2026-05-18 16:35:46,76,66.09,114.8MB,34068.5,0.35,3.896GB / 149.4MB,0B / 0B
2026-05-18 16:35:58,76,66.11,114.2MB,34068.5,0.34,3.906GB / 149.8MB,0B / 0B
2026-05-18 16:36:10,76,66.13,115.6MB,34068.5,0.35,3.916GB / 150.1MB,0B / 0B
2026-05-18 16:36:22,76,66.15,114.8MB,34068.5,0.34,3.927GB / 150.5MB,0B / 0B
2026-05-18 16:36:34,76,66.17,114MB,34068.5,0.34,3.937GB / 150.9MB,0B / 0B
2026-05-18 16:36:46,77,66.19,114.7MB,34068.5,0.34,3.948GB / 151.3MB,0B / 0B
2026-05-18 16:36:58,77,66.20,114.7MB,34068.5,0.34,3.958GB / 151.7MB,0B / 0B
2026-05-18 16:37:11,77,66.21,114.7MB,34068.5,0.34,3.968GB / 152.1MB,0B / 0B
2026-05-18 16:37:23,77,66.23,115.4MB,34068.5,0.35,3.979GB / 152.5MB,0B / 0B
2026-05-18 16:37:35,77,66.25,114.7MB,34068.5,0.34,3.989GB / 152.9MB,0B / 0B
2026-05-18 16:37:47,78,66.27,115.1MB,34068.5,0.35,3.999GB / 153.3MB,0B / 0B
2026-05-18 16:37:59,78,66.29,114.4MB,34068.5,0.34,4.01GB / 153.7MB,0B / 0B
2026-05-18 16:38:11,78,66.30,114.7MB,34068.5,0.34,4.02GB / 154.1MB,0B / 0B
2026-05-18 16:38:23,78,66.31,114.9MB,34068.5,0.35,4.03GB / 154.5MB,0B / 0B
2026-05-18 16:38:35,78,66.33,114.7MB,34068.5,0.34,4.041GB / 154.9MB,0B / 0B
2026-05-18 16:38:47,79,66.35,115.4MB,34068.5,0.35,4.051GB / 155.3MB,0B / 0B
2026-05-18 16:39:00,79,66.36,114.7MB,34068.5,0.34,4.062GB / 155.7MB,0B / 0B
2026-05-18 16:39:12,79,66.38,115.1MB,34068.5,0.35,4.072GB / 156.1MB,0B / 0B
2026-05-18 16:39:24,79,66.40,115.1MB,34068.5,0.35,4.083GB / 156.5MB,0B / 0B
2026-05-18 16:39:36,79,66.42,114.8MB,34068.5,0.35,4.093GB / 156.9MB,0B / 0B
2026-05-18 16:39:48,80,66.42,114.8MB,34068.5,0.34,4.103GB / 157.3MB,0B / 0B
2026-05-18 16:40:00,80,66.44,115MB,34068.5,0.35,4.114GB / 157.7MB,0B / 0B
2026-05-18 16:40:12,80,66.44,115.7MB,34068.5,0.35,4.124GB / 158.1MB,0B / 0B
2026-05-18 16:40:25,80,66.46,115.8MB,34068.5,0.35,4.135GB / 158.5MB,0B / 0B
2026-05-18 16:40:37,80,66.47,116.2MB,34068.5,0.35,4.145GB / 158.9MB,0B / 0B
2026-05-18 16:40:49,81,66.48,115MB,34068.5,0.35,4.155GB / 159.3MB,0B / 0B
2026-05-18 16:41:01,81,66.51,115.5MB,34068.5,0.35,4.166GB / 159.7MB,0B / 0B
2026-05-18 16:41:13,81,66.52,114.8MB,34068.5,0.35,4.177GB / 160.1MB,0B / 0B
2026-05-18 16:41:26,81,66.54,116.2MB,34068.5,0.35,4.187GB / 160.5MB,0B / 0B
2026-05-18 16:41:38,81,66.56,116.3MB,34068.5,0.35,4.197GB / 160.9MB,0B / 0B
2026-05-18 16:41:50,82,66.57,115.3MB,34068.5,0.35,4.208GB / 161.3MB,0B / 0B
2026-05-18 16:42:02,82,66.59,115.5MB,34068.5,0.35,4.218GB / 161.7MB,0B / 0B
2026-05-18 16:42:14,82,66.60,116MB,34068.5,0.35,4.229GB / 162.1MB,0B / 0B
2026-05-18 16:42:26,82,66.61,115.4MB,34068.5,0.35,4.239GB / 162.5MB,0B / 0B
2026-05-18 16:42:38,82,66.63,116.6MB,34068.5,0.35,4.249GB / 162.9MB,0B / 0B
2026-05-18 16:42:50,83,66.65,116.2MB,34068.5,0.35,4.26GB / 163.3MB,0B / 0B
2026-05-18 16:43:03,83,66.68,116.8MB,34068.5,0.35,4.27GB / 163.7MB,0B / 0B
2026-05-18 16:43:15,83,66.69,116.5MB,34068.5,0.35,4.281GB / 164.1MB,0B / 0B
2026-05-18 16:43:27,83,66.70,115.4MB,34068.5,0.35,4.291GB / 164.5MB,0B / 0B
2026-05-18 16:43:39,83,66.72,115.4MB,34068.5,0.35,4.302GB / 164.9MB,0B / 135.2kB
2026-05-18 16:43:51,84,66.73,115.2MB,34068.5,0.35,4.312GB / 165.3MB,0B / 135.2kB
2026-05-18 16:44:03,84,66.75,116.3MB,34068.5,0.35,4.323GB / 165.7MB,0B / 135.2kB
2026-05-18 16:44:15,84,66.76,116MB,34068.5,0.35,4.333GB / 166.1MB,0B / 200.7kB
2026-05-18 16:44:27,84,66.78,116.2MB,34068.5,0.35,4.344GB / 166.5MB,0B / 200.7kB
2026-05-18 16:44:40,84,66.80,115MB,34068.5,0.35,4.354GB / 166.9MB,0B / 200.7kB
2026-05-18 16:44:52,85,66.81,114.8MB,34068.5,0.34,4.364GB / 167.3MB,0B / 200.7kB
2026-05-18 16:45:04,85,66.82,114.5MB,34068.5,0.34,4.375GB / 167.7MB,0B / 200.7kB
2026-05-18 16:45:16,85,66.83,112.9MB,34068.5,0.34,4.385GB / 168.1MB,0B / 852kB
2026-05-18 16:45:28,85,66.85,113.5MB,34068.5,0.34,4.395GB / 168.5MB,0B / 852kB
2026-05-18 16:45:40,85,66.85,114.1MB,34068.5,0.34,4.406GB / 168.9MB,0B / 852kB
2026-05-18 16:45:52,86,66.85,113.4MB,34068.5,0.34,4.416GB / 169.3MB,0B / 876.5kB
2026-05-18 16:46:04,86,66.87,113.4MB,34068.5,0.34,4.426GB / 169.7MB,0B / 876.5kB
2026-05-18 16:46:16,86,66.89,113.2MB,34068.5,0.34,4.437GB / 170.1MB,0B / 876.5kB
2026-05-18 16:46:28,86,66.90,112.7MB,34068.5,0.34,4.447GB / 170.5MB,0B / 942.1kB
2026-05-18 16:46:40,86,66.92,113.6MB,34068.5,0.34,4.457GB / 170.9MB,0B / 942.1kB
2026-05-18 16:46:52,87,66.93,112.2MB,34068.5,0.34,4.468GB / 171.2MB,0B / 987.1kB
2026-05-18 16:47:04,87,66.94,111.4MB,34068.5,0.33,4.478GB / 171.6MB,0B / 987.1kB
2026-05-18 16:47:16,87,66.96,111.6MB,34068.5,0.34,4.489GB / 172MB,0B / 987.1kB
2026-05-18 16:47:28,87,66.97,110.9MB,34068.5,0.33,4.499GB / 172.4MB,0B / 1.012MB
2026-05-18 16:47:40,87,66.99,111.1MB,34068.5,0.33,4.509GB / 172.8MB,0B / 1.012MB
2026-05-18 16:47:52,88,66.99,112.3MB,34068.5,0.34,4.519GB / 173.2MB,0B / 1.012MB
2026-05-18 16:48:04,88,67.00,111MB,34068.5,0.33,4.529GB / 173.6MB,0B / 1.036MB
2026-05-18 16:48:16,88,67.01,112MB,34068.5,0.34,4.54GB / 174MB,0B / 1.036MB
2026-05-18 16:48:28,88,67.02,110.8MB,34068.5,0.33,4.55GB / 174.4MB,0B / 1.458MB
2026-05-18 16:48:40,88,67.02,111.7MB,34068.5,0.34,4.561GB / 174.8MB,0B / 1.458MB
2026-05-18 16:48:52,89,67.04,111MB,34068.5,0.33,4.571GB / 175.2MB,0B / 1.47MB
2026-05-18 16:49:04,89,67.04,110.5MB,34068.5,0.33,4.581GB / 175.6MB,0B / 1.483MB
2026-05-18 16:49:16,89,67.06,110.8MB,34068.5,0.33,4.592GB / 176MB,0B / 1.806MB
2026-05-18 16:49:28,89,67.06,110.3MB,34068.5,0.33,4.602GB / 176.4MB,0B / 1.806MB
2026-05-18 16:49:40,89,67.08,111.6MB,34068.5,0.34,4.612GB / 176.8MB,0B / 1.831MB
2026-05-18 16:49:52,90,67.09,111MB,34068.5,0.33,4.623GB / 177.2MB,0B / 1.831MB
2026-05-18 16:50:04,90,67.10,110.7MB,34068.5,0.33,4.633GB / 177.6MB,0B / 1.86MB
2026-05-18 16:50:16,90,67.11,111.1MB,34068.5,0.33,4.643GB / 178MB,0B / 2.114MB
2026-05-18 16:50:28,90,67.14,110.2MB,34068.5,0.33,4.654GB / 178.4MB,0B / 2.286MB
2026-05-18 16:50:41,90,67.15,109.7MB,34068.5,0.33,4.664GB / 178.8MB,0B / 2.929MB
2026-05-18 16:50:53,91,67.17,110.2MB,34068.5,0.33,4.675GB / 179.2MB,0B / 3.019MB
2026-05-18 16:51:05,91,67.18,109.7MB,34068.5,0.33,4.685GB / 179.6MB,0B / 3.424MB
2026-05-18 16:51:17,91,67.21,108.7MB,34068.5,0.33,4.695GB / 180MB,0B / 3.473MB
2026-05-18 16:51:29,91,67.23,109.4MB,34068.5,0.33,4.706GB / 180.4MB,0B / 3.49MB
2026-05-18 16:51:41,91,67.24,108.9MB,34068.5,0.33,4.716GB / 180.8MB,0B / 3.547MB
2026-05-18 16:51:53,92,67.25,109.2MB,34068.5,0.33,4.726GB / 181.1MB,0B / 3.547MB
2026-05-18 16:52:05,92,67.26,109.1MB,34068.5,0.33,4.737GB / 181.6MB,0B / 3.936MB
2026-05-18 16:52:17,92,67.28,109MB,34068.5,0.33,4.747GB / 182MB,0B / 3.936MB
2026-05-18 16:52:29,92,67.30,108.6MB,34068.5,0.33,4.758GB / 182.4MB,0B / 3.936MB
2026-05-18 16:52:41,92,67.30,109MB,34068.5,0.33,4.768GB / 182.8MB,0B / 4.084MB
2026-05-18 16:52:53,93,67.31,108.3MB,34068.5,0.33,4.779GB / 183.2MB,0B / 4.084MB
2026-05-18 16:53:05,93,67.32,108MB,34068.5,0.32,4.789GB / 183.5MB,0B / 4.129MB
2026-05-18 16:53:17,93,67.32,109.3MB,34068.5,0.33,4.799GB / 183.9MB,0B / 4.145MB
2026-05-18 16:53:29,93,67.32,108.5MB,34068.5,0.33,4.81GB / 184.3MB,0B / 4.145MB
2026-05-18 16:53:41,93,67.34,108.9MB,34068.5,0.33,4.82GB / 184.7MB,0B / 4.346MB
2026-05-18 16:53:54,94,67.36,107.7MB,34068.5,0.32,4.831GB / 185.1MB,0B / 4.764MB
2026-05-18 16:54:06,94,67.38,107.3MB,34068.5,0.32,4.841GB / 185.5MB,0B / 5.243MB
2026-05-18 16:54:18,94,67.39,108.4MB,34068.5,0.33,4.852GB / 185.9MB,4.096kB / 5.243MB
2026-05-18 16:54:30,94,67.40,108MB,34068.5,0.32,4.862GB / 186.3MB,8.192kB / 5.775MB
2026-05-18 16:54:42,95,67.41,107.2MB,34068.5,0.32,4.872GB / 186.7MB,8.192kB / 5.808MB
2026-05-18 16:54:54,95,67.43,107MB,34068.5,0.32,4.883GB / 187.1MB,12.29kB / 5.816MB
2026-05-18 16:55:06,95,67.44,107.3MB,34068.5,0.32,4.893GB / 187.5MB,16.38kB / 5.837MB
2026-05-18 16:55:18,95,67.45,106.8MB,34068.5,0.32,4.903GB / 187.9MB,16.38kB / 6.218MB
2026-05-18 16:55:30,95,67.45,105.5MB,34068.5,0.32,4.914GB / 188.3MB,20.48kB / 7.766MB
2026-05-18 16:55:42,96,67.46,104.6MB,34068.5,0.31,4.924GB / 188.7MB,24.58kB / 7.766MB
2026-05-18 16:55:55,96,67.48,106.1MB,34068.5,0.32,4.935GB / 189.1MB,24.58kB / 7.766MB
2026-05-18 16:56:07,96,67.50,105.6MB,34068.5,0.32,4.945GB / 189.5MB,28.67kB / 7.766MB
2026-05-18 16:56:19,96,67.51,105.3MB,34068.5,0.32,4.956GB / 189.9MB,32.77kB / 7.766MB
2026-05-18 16:56:31,96,67.53,104.8MB,34068.5,0.31,4.966GB / 190.3MB,32.77kB / 7.766MB
2026-05-18 16:56:43,97,67.54,105.8MB,34068.5,0.32,4.977GB / 190.7MB,36.86kB / 7.766MB
2026-05-18 16:56:56,97,67.55,104.9MB,34068.5,0.32,4.987GB / 191.1MB,36.86kB / 7.766MB
2026-05-18 16:57:08,97,67.56,105.7MB,34068.5,0.32,4.997GB / 191.5MB,36.86kB / 7.766MB
2026-05-18 16:57:20,97,67.57,105.1MB,34068.5,0.32,5.008GB / 191.9MB,36.86kB / 7.766MB
2026-05-18 16:57:32,97,67.59,105.3MB,34068.5,0.32,5.018GB / 192.3MB,36.86kB / 7.766MB
2026-05-18 16:57:44,98,67.60,106.5MB,34068.5,0.32,5.029GB / 192.7MB,36.86kB / 7.766MB
2026-05-18 16:57:56,98,67.62,106MB,34068.5,0.32,5.039GB / 193.1MB,36.86kB / 7.766MB
2026-05-18 16:58:08,98,67.63,106.3MB,34068.5,0.32,5.049GB / 193.5MB,36.86kB / 7.766MB
2026-05-18 16:58:20,98,67.65,105.6MB,34068.5,0.32,5.06GB / 193.9MB,36.86kB / 7.766MB
2026-05-18 16:58:32,98,67.67,105.4MB,34068.5,0.32,5.07GB / 194.3MB,36.86kB / 7.766MB
2026-05-18 16:58:44,99,67.67,105.7MB,34068.5,0.32,5.081GB / 194.7MB,36.86kB / 7.766MB
2026-05-18 16:58:56,99,67.69,105.5MB,34068.5,0.32,5.091GB / 195.1MB,36.86kB / 7.766MB
2026-05-18 16:59:09,99,67.70,105.5MB,34068.5,0.32,5.102GB / 195.5MB,36.86kB / 7.766MB
2026-05-18 16:59:21,99,67.71,105.3MB,34068.5,0.32,5.112GB / 195.9MB,36.86kB / 7.766MB
2026-05-18 16:59:33,99,67.72,105.6MB,34068.5,0.32,5.122GB / 196.3MB,36.86kB / 7.766MB
2026-05-18 16:59:45,100,67.73,105.8MB,34068.5,0.32,5.133GB / 196.7MB,36.86kB / 7.766MB
2026-05-18 16:59:57,100,67.75,105.4MB,34068.5,0.32,5.144GB / 197.1MB,36.86kB / 7.766MB
2026-05-18 17:00:09,100,67.76,105.8MB,34068.5,0.32,5.154GB / 197.5MB,36.86kB / 7.766MB
2026-05-18 17:00:21,100,67.76,105.1MB,34068.5,0.32,5.164GB / 197.9MB,36.86kB / 7.766MB
2026-05-18 17:00:34,100,67.77,106.2MB,34068.5,0.32,5.175GB / 198.3MB,36.86kB / 7.766MB
2026-05-18 17:00:46,101,67.78,106MB,34068.5,0.32,5.185GB / 198.7MB,36.86kB / 7.766MB
2026-05-18 17:00:58,101,67.79,106.3MB,34068.5,0.32,5.195GB / 199.1MB,36.86kB / 7.766MB
2026-05-18 17:01:10,101,67.79,105.9MB,34068.5,0.32,5.206GB / 199.5MB,36.86kB / 7.766MB
2026-05-18 17:01:22,101,67.81,106.4MB,34068.5,0.32,5.216GB / 199.9MB,36.86kB / 7.766MB
2026-05-18 17:01:34,101,67.82,105.8MB,34068.5,0.32,5.227GB / 200.3MB,36.86kB / 7.766MB
2026-05-18 17:01:46,102,67.83,106.2MB,34068.5,0.32,5.237GB / 200.7MB,36.86kB / 7.766MB
2026-05-18 17:01:59,102,67.84,106.9MB,34068.5,0.32,5.248GB / 201.1MB,36.86kB / 7.766MB
2026-05-18 17:02:10,102,67.87,106.7MB,34068.5,0.32,5.258GB / 201.5MB,36.86kB / 7.766MB
2026-05-18 17:02:23,102,67.88,106.5MB,34068.5,0.32,5.268GB / 201.9MB,36.86kB / 7.766MB
2026-05-18 17:02:35,102,67.90,106.2MB,34068.5,0.32,5.279GB / 202.3MB,36.86kB / 7.766MB
2026-05-18 17:02:47,103,67.91,105.8MB,34068.5,0.32,5.289GB / 202.7MB,36.86kB / 7.766MB
2026-05-18 17:02:59,103,67.92,105.9MB,34068.5,0.32,5.299GB / 203.1MB,36.86kB / 7.766MB
2026-05-18 17:03:11,103,67.93,106MB,34068.5,0.32,5.31GB / 203.5MB,36.86kB / 7.766MB
2026-05-18 17:03:23,103,67.95,106.3MB,34068.5,0.32,5.32GB / 203.9MB,36.86kB / 7.766MB
2026-05-18 17:03:35,103,67.95,107.3MB,34068.5,0.32,5.331GB / 204.3MB,36.86kB / 7.766MB
2026-05-18 17:03:47,104,67.97,106.3MB,34068.5,0.32,5.341GB / 204.7MB,36.86kB / 7.766MB
2026-05-18 17:04:00,104,67.98,106.7MB,34068.5,0.32,5.352GB / 205.1MB,36.86kB / 7.766MB
2026-05-18 17:04:12,104,67.99,107MB,34068.5,0.32,5.362GB / 205.5MB,36.86kB / 7.766MB
2026-05-18 17:04:24,104,67.99,106.6MB,34068.5,0.32,5.373GB / 205.9MB,36.86kB / 7.766MB
2026-05-18 17:04:36,104,67.99,106.9MB,34068.5,0.32,5.383GB / 206.3MB,36.86kB / 7.766MB
2026-05-18 17:04:48,105,68.01,106.6MB,34068.5,0.32,5.393GB / 206.7MB,36.86kB / 7.766MB
2026-05-18 17:05:00,105,68.01,106.8MB,34068.5,0.32,5.404GB / 207.1MB,36.86kB / 7.766MB
2026-05-18 17:05:12,105,68.02,107MB,34068.5,0.32,5.414GB / 207.5MB,36.86kB / 7.766MB
2026-05-18 17:05:24,105,68.03,106.6MB,34068.5,0.32,5.425GB / 207.9MB,36.86kB / 7.766MB
2026-05-18 17:05:37,105,68.04,107.7MB,34068.5,0.32,5.435GB / 208.3MB,36.86kB / 7.766MB
2026-05-18 17:05:49,106,68.04,106.9MB,34068.5,0.32,5.445GB / 208.7MB,36.86kB / 7.766MB
2026-05-18 17:06:01,106,68.06,107.5MB,34068.5,0.32,5.456GB / 209.1MB,36.86kB / 7.766MB
2026-05-18 17:06:13,106,68.06,106.9MB,34068.5,0.32,5.466GB / 209.5MB,36.86kB / 7.766MB
2026-05-18 17:06:25,106,68.06,107MB,34068.5,0.32,5.477GB / 209.9MB,36.86kB / 7.766MB
2026-05-18 17:06:37,106,68.07,107.8MB,34068.5,0.32,5.487GB / 210.3MB,36.86kB / 7.766MB
2026-05-18 17:06:50,107,68.08,106.7MB,34068.5,0.32,5.498GB / 210.7MB,36.86kB / 7.766MB
2026-05-18 17:07:02,107,68.08,107.5MB,34068.5,0.32,5.508GB / 211.1MB,36.86kB / 7.766MB
2026-05-18 17:07:14,107,68.08,106.8MB,34068.5,0.32,5.519GB / 211.5MB,36.86kB / 7.766MB
2026-05-18 17:07:26,107,68.09,107.5MB,34068.5,0.32,5.529GB / 211.9MB,36.86kB / 7.766MB
2026-05-18 17:07:38,107,68.09,106.9MB,34068.5,0.32,5.539GB / 212.3MB,36.86kB / 7.766MB
2026-05-18 17:07:50,108,68.11,108MB,34068.5,0.32,5.55GB / 212.7MB,36.86kB / 7.766MB
2026-05-18 17:08:03,108,68.11,107.7MB,34068.5,0.32,5.56GB / 213.1MB,36.86kB / 7.766MB
2026-05-18 17:08:15,108,68.11,107.6MB,34068.5,0.32,5.571GB / 213.5MB,36.86kB / 7.766MB
2026-05-18 17:08:27,108,68.13,107MB,34068.5,0.32,5.581GB / 213.9MB,36.86kB / 7.766MB
2026-05-18 17:08:39,108,68.13,107.3MB,34068.5,0.32,5.592GB / 214.3MB,36.86kB / 7.766MB
2026-05-18 17:08:51,109,68.14,107MB,34068.5,0.32,5.602GB / 214.7MB,36.86kB / 7.766MB
2026-05-18 17:09:03,109,68.15,107.8MB,34068.5,0.32,5.612GB / 215.1MB,36.86kB / 7.766MB
2026-05-18 17:09:15,109,68.16,108MB,34068.5,0.32,5.623GB / 215.5MB,36.86kB / 7.766MB
2026-05-18 17:09:27,109,68.18,107.4MB,34068.5,0.32,5.633GB / 215.9MB,36.86kB / 7.766MB
2026-05-18 17:09:39,109,68.19,108.1MB,34068.5,0.32,5.644GB / 216.3MB,36.86kB / 7.766MB
2026-05-18 17:09:52,110,68.20,107.6MB,34068.5,0.32,5.654GB / 216.7MB,36.86kB / 7.766MB
2026-05-18 17:10:04,110,68.21,108MB,34068.5,0.32,5.664GB / 217.1MB,36.86kB / 7.766MB
2026-05-18 17:10:16,110,68.22,108MB,34068.5,0.32,5.675GB / 217.5MB,36.86kB / 7.766MB
2026-05-18 17:10:28,110,68.23,107.9MB,34068.5,0.32,5.685GB / 217.9MB,36.86kB / 7.766MB
2026-05-18 17:10:40,110,68.24,107.2MB,34068.5,0.32,5.695GB / 218.3MB,36.86kB / 7.766MB
2026-05-18 17:10:52,111,68.25,107.2MB,34068.5,0.32,5.706GB / 218.7MB,36.86kB / 7.766MB
2026-05-18 17:11:04,111,68.25,109.1MB,34068.5,0.33,5.716GB / 219.1MB,36.86kB / 7.766MB
2026-05-18 17:11:16,111,68.27,107.7MB,34068.5,0.32,5.727GB / 219.5MB,36.86kB / 7.766MB
2026-05-18 17:11:28,111,68.28,107.7MB,34068.5,0.32,5.737GB / 219.9MB,36.86kB / 7.766MB
2026-05-18 17:11:40,111,68.29,108.4MB,34068.5,0.33,5.747GB / 220.3MB,36.86kB / 7.766MB
2026-05-18 17:11:53,112,68.31,108.2MB,34068.5,0.33,5.758GB / 220.7MB,36.86kB / 7.766MB
2026-05-18 17:12:05,112,68.32,107.4MB,34068.5,0.32,5.768GB / 221.1MB,36.86kB / 7.766MB
2026-05-18 17:12:17,112,68.33,108.3MB,34068.5,0.33,5.779GB / 221.5MB,36.86kB / 7.766MB
2026-05-18 17:12:29,112,68.34,108.2MB,34068.5,0.33,5.789GB / 221.9MB,36.86kB / 7.766MB
2026-05-18 17:12:41,112,68.35,108.1MB,34068.5,0.32,5.8GB / 222.3MB,36.86kB / 7.766MB
2026-05-18 17:12:53,113,68.36,108.2MB,34068.5,0.33,5.81GB / 222.7MB,36.86kB / 7.766MB
2026-05-18 17:13:05,113,68.36,109.2MB,34068.5,0.33,5.82GB / 223.1MB,36.86kB / 7.766MB
2026-05-18 17:13:17,113,68.37,107.6MB,34068.5,0.32,5.831GB / 223.5MB,36.86kB / 7.766MB
2026-05-18 17:13:29,113,68.38,108.7MB,34068.5,0.33,5.841GB / 223.9MB,36.86kB / 7.766MB
2026-05-18 17:13:42,114,68.38,108.2MB,34068.5,0.33,5.852GB / 224.3MB,36.86kB / 7.766MB
2026-05-18 17:13:54,114,68.39,108.5MB,34068.5,0.33,5.862GB / 224.7MB,36.86kB / 7.766MB
2026-05-18 17:14:06,114,68.39,108.2MB,34068.5,0.33,5.872GB / 225MB,36.86kB / 7.766MB
2026-05-18 17:14:18,114,68.40,108.9MB,34068.5,0.33,5.883GB / 225.4MB,36.86kB / 7.766MB
2026-05-18 17:14:30,114,68.41,108.7MB,34068.5,0.33,5.893GB / 225.8MB,36.86kB / 7.766MB
2026-05-18 17:14:42,115,68.42,108.9MB,34068.5,0.33,5.904GB / 226.2MB,36.86kB / 7.766MB
2026-05-18 17:14:54,115,68.43,108.5MB,34068.5,0.33,5.914GB / 226.6MB,36.86kB / 7.766MB
2026-05-18 17:15:06,115,68.44,109.6MB,34068.5,0.33,5.924GB / 227MB,36.86kB / 7.766MB
2026-05-18 17:15:18,115,68.45,109.3MB,34068.5,0.33,5.935GB / 227.4MB,36.86kB / 7.766MB
2026-05-18 17:15:31,115,68.45,108.5MB,34068.5,0.33,5.945GB / 227.8MB,36.86kB / 7.766MB
2026-05-18 17:15:43,116,68.46,109.3MB,34068.5,0.33,5.956GB / 228.2MB,36.86kB / 7.766MB
2026-05-18 17:15:55,116,68.48,109.2MB,34068.5,0.33,5.966GB / 228.6MB,36.86kB / 7.766MB
2026-05-18 17:16:07,116,68.48,109.1MB,34068.5,0.33,5.976GB / 229MB,36.86kB / 7.766MB
2026-05-18 17:16:19,116,68.48,109.5MB,34068.5,0.33,5.987GB / 229.4MB,36.86kB / 7.766MB
2026-05-18 17:16:31,116,68.49,110.2MB,34068.5,0.33,5.997GB / 229.8MB,36.86kB / 7.766MB
2026-05-18 17:16:43,117,68.49,108.4MB,34068.5,0.33,6.008GB / 230.2MB,36.86kB / 7.766MB
2026-05-18 17:16:55,117,68.50,109.1MB,34068.5,0.33,6.018GB / 230.6MB,36.86kB / 7.766MB
2026-05-18 17:17:08,117,68.50,110.2MB,34068.5,0.33,6.028GB / 231MB,36.86kB / 7.766MB
2026-05-18 17:17:20,117,68.51,108.7MB,34068.5,0.33,6.039GB / 231.4MB,36.86kB / 7.766MB
2026-05-18 17:17:32,117,68.52,109.2MB,34068.5,0.33,6.049GB / 231.8MB,36.86kB / 7.766MB
2026-05-18 17:17:44,118,68.54,108.8MB,34068.5,0.33,6.06GB / 232.2MB,36.86kB / 7.766MB
2026-05-18 17:17:56,118,68.54,109.9MB,34068.5,0.33,6.07GB / 232.6MB,45.06kB / 7.766MB
2026-05-18 17:18:08,118,68.55,109.3MB,34068.5,0.33,6.08GB / 233MB,45.06kB / 7.766MB
2026-05-18 17:18:21,118,68.56,109MB,34068.5,0.33,6.091GB / 233.4MB,45.06kB / 7.766MB
2026-05-18 17:18:33,118,68.57,109.2MB,34068.5,0.33,6.101GB / 233.8MB,45.06kB / 7.766MB
2026-05-18 17:18:45,119,68.58,109.2MB,34068.5,0.33,6.112GB / 234.2MB,45.06kB / 7.766MB
2026-05-18 17:18:57,119,68.59,109MB,34068.5,0.33,6.122GB / 234.6MB,45.06kB / 7.766MB
2026-05-18 17:19:09,119,68.60,109.7MB,34068.5,0.33,6.132GB / 235MB,45.06kB / 7.766MB
2026-05-18 17:19:21,119,68.61,109.1MB,34068.5,0.33,6.143GB / 235.4MB,45.06kB / 7.766MB
2026-05-18 17:19:33,119,68.61,109MB,34068.5,0.33,6.153GB / 235.8MB,45.06kB / 7.766MB
2026-05-18 17:19:46,120,68.62,109.4MB,34068.5,0.33,6.164GB / 236.2MB,45.06kB / 7.766MB
2026-05-18 17:19:58,120,68.63,109.8MB,34068.5,0.33,6.174GB / 236.6MB,45.06kB / 7.766MB
2026-05-18 17:20:10,120,68.64,109.2MB,34068.5,0.33,6.184GB / 237MB,45.06kB / 7.766MB
2026-05-18 17:20:22,120,68.65,110.6MB,34068.5,0.33,6.195GB / 237.4MB,45.06kB / 7.766MB
2026-05-18 17:20:34,120,68.66,109.8MB,34068.5,0.33,6.205GB / 237.8MB,45.06kB / 7.766MB
2026-05-18 17:20:46,121,68.66,110.5MB,34068.5,0.33,6.216GB / 238.2MB,45.06kB / 7.766MB
2026-05-18 17:20:58,121,68.68,109.1MB,34068.5,0.33,6.226GB / 238.6MB,45.06kB / 7.766MB
2026-05-18 17:21:11,121,68.68,109.9MB,34068.5,0.33,6.237GB / 239MB,45.06kB / 7.766MB
2026-05-18 17:21:23,121,68.69,109.4MB,34068.5,0.33,6.247GB / 239.4MB,45.06kB / 7.766MB
2026-05-18 17:21:35,121,68.70,109.2MB,34068.5,0.33,6.258GB / 239.8MB,45.06kB / 7.766MB
2026-05-18 17:21:47,122,68.72,110MB,34068.5,0.33,6.268GB / 240.2MB,45.06kB / 7.766MB
2026-05-18 17:21:59,122,68.72,109.8MB,34068.5,0.33,6.279GB / 240.6MB,45.06kB / 7.766MB
2026-05-18 17:22:11,122,68.73,109.6MB,34068.5,0.33,6.289GB / 241MB,45.06kB / 7.766MB
2026-05-18 17:22:23,122,68.74,110.4MB,34068.5,0.33,6.299GB / 241.4MB,45.06kB / 7.766MB
2026-05-18 17:22:35,122,68.74,111MB,34068.5,0.33,6.31GB / 241.8MB,45.06kB / 7.766MB
2026-05-18 17:22:47,123,68.73,110.7MB,34068.5,0.33,6.32GB / 242.2MB,45.06kB / 7.766MB
2026-05-18 17:22:59,123,68.73,110MB,34068.5,0.33,6.33GB / 242.6MB,45.06kB / 7.766MB
2026-05-18 17:23:11,123,68.74,110.3MB,34068.5,0.33,6.341GB / 243MB,45.06kB / 7.766MB
2026-05-18 17:23:23,123,68.74,110.3MB,34068.5,0.33,6.351GB / 243.4MB,45.06kB / 7.766MB
2026-05-18 17:23:35,123,68.74,111.3MB,34068.5,0.33,6.362GB / 243.8MB,45.06kB / 7.766MB
2026-05-18 17:23:48,124,68.73,110.5MB,34068.5,0.33,6.372GB / 244.2MB,45.06kB / 7.766MB
2026-05-18 17:24:00,124,68.73,110.3MB,34068.5,0.33,6.382GB / 244.6MB,45.06kB / 7.766MB
2026-05-18 17:24:12,124,68.74,110MB,34068.5,0.33,6.393GB / 245MB,45.06kB / 7.766MB
2026-05-18 17:24:24,124,68.74,110.7MB,34068.5,0.33,6.403GB / 245.4MB,45.06kB / 7.766MB
2026-05-18 17:24:36,124,68.74,111.3MB,34068.5,0.33,6.414GB / 245.8MB,45.06kB / 7.766MB
2026-05-18 17:24:48,125,68.75,110.6MB,34068.5,0.33,6.424GB / 246.2MB,45.06kB / 7.766MB
2026-05-18 17:25:00,125,68.75,111.5MB,34068.5,0.34,6.435GB / 246.6MB,45.06kB / 7.766MB
2026-05-18 17:25:12,125,68.76,110.8MB,34068.5,0.33,6.445GB / 247MB,45.06kB / 7.766MB
2026-05-18 17:25:24,125,68.77,110.9MB,34068.5,0.33,6.456GB / 247.4MB,45.06kB / 7.766MB
2026-05-18 17:25:36,125,68.77,110.9MB,34068.5,0.33,6.466GB / 247.8MB,45.06kB / 7.766MB
2026-05-18 17:25:48,126,68.77,110.9MB,34068.5,0.33,6.476GB / 248.2MB,45.06kB / 7.766MB
2026-05-18 17:26:00,126,68.78,110.4MB,34068.5,0.33,6.487GB / 248.6MB,45.06kB / 7.766MB
2026-05-18 17:26:12,126,68.78,110.8MB,34068.5,0.33,6.497GB / 249MB,45.06kB / 7.766MB
2026-05-18 17:26:25,126,68.77,110.4MB,34068.5,0.33,6.508GB / 249.4MB,45.06kB / 7.766MB
2026-05-18 17:26:36,126,68.78,111MB,34068.5,0.33,6.518GB / 249.8MB,45.06kB / 7.766MB
2026-05-18 17:26:48,127,68.79,111.7MB,34068.5,0.34,6.529GB / 250.2MB,45.06kB / 7.766MB
2026-05-18 17:27:01,127,68.79,111.7MB,34068.5,0.34,6.539GB / 250.6MB,45.06kB / 7.766MB
2026-05-18 17:27:13,127,68.78,110.7MB,34068.5,0.33,6.549GB / 251MB,45.06kB / 7.766MB
2026-05-18 17:27:25,127,68.79,111MB,34068.5,0.33,6.56GB / 251.4MB,45.06kB / 7.766MB
2026-05-18 17:27:37,127,68.79,110.8MB,34068.5,0.33,6.57GB / 251.8MB,45.06kB / 7.766MB
2026-05-18 17:27:49,128,68.80,111.6MB,34068.5,0.34,6.581GB / 252.2MB,45.06kB / 7.766MB
2026-05-18 17:28:01,128,68.81,112MB,34068.5,0.34,6.591GB / 252.6MB,45.06kB / 7.766MB
2026-05-18 17:28:13,128,68.80,111.3MB,34068.5,0.33,6.602GB / 253MB,45.06kB / 7.766MB
2026-05-18 17:28:25,128,68.80,111.3MB,34068.5,0.33,6.612GB / 253.4MB,45.06kB / 7.766MB
2026-05-18 17:28:37,128,68.80,111.4MB,34068.5,0.33,6.622GB / 253.8MB,45.06kB / 7.766MB
2026-05-18 17:28:49,129,68.80,111.5MB,34068.5,0.34,6.633GB / 254.2MB,45.06kB / 7.766MB
2026-05-18 17:29:01,129,68.81,111.7MB,34068.5,0.34,6.643GB / 254.6MB,45.06kB / 7.766MB
2026-05-18 17:29:13,129,68.81,111.9MB,34068.5,0.34,6.654GB / 255MB,45.06kB / 7.766MB
2026-05-18 17:29:25,129,68.81,111.4MB,34068.5,0.33,6.664GB / 255.4MB,45.06kB / 7.766MB
2026-05-18 17:29:37,129,68.81,111.1MB,34068.5,0.33,6.674GB / 255.8MB,45.06kB / 7.766MB
2026-05-18 17:29:49,130,68.81,111.6MB,34068.5,0.34,6.685GB / 256.2MB,45.06kB / 7.766MB
2026-05-18 17:30:01,130,68.81,111.8MB,34068.5,0.34,6.695GB / 256.6MB,45.06kB / 7.766MB
2026-05-18 17:30:13,130,68.81,112.8MB,34068.5,0.34,6.706GB / 257MB,45.06kB / 7.766MB
2026-05-18 17:30:25,130,68.81,111.7MB,34068.5,0.34,6.716GB / 257.4MB,45.06kB / 7.766MB
2026-05-18 17:30:37,130,68.81,112.8MB,34068.5,0.34,6.727GB / 257.8MB,45.06kB / 7.766MB
2026-05-18 17:30:49,131,68.81,112.7MB,34068.5,0.34,6.737GB / 258.2MB,45.06kB / 7.766MB
2026-05-18 17:31:01,131,68.81,112MB,34068.5,0.34,6.748GB / 258.6MB,45.06kB / 7.766MB
2026-05-18 17:31:13,131,68.81,112.4MB,34068.5,0.34,6.758GB / 259MB,45.06kB / 7.766MB
2026-05-18 17:31:25,131,68.82,112.7MB,34068.5,0.34,6.768GB / 259.4MB,45.06kB / 7.766MB
2026-05-18 17:31:37,131,68.82,112.2MB,34068.5,0.34,6.779GB / 259.8MB,45.06kB / 7.766MB
2026-05-18 17:31:50,132,68.82,112.1MB,34068.5,0.34,6.789GB / 260.2MB,45.06kB / 7.766MB
2026-05-18 17:32:02,132,68.82,113MB,34068.5,0.34,6.8GB / 260.6MB,45.06kB / 7.766MB
2026-05-18 17:32:13,132,68.82,112.8MB,34068.5,0.34,6.81GB / 261MB,45.06kB / 7.766MB
2026-05-18 17:32:26,132,68.83,112.2MB,34068.5,0.34,6.82GB / 261.4MB,45.06kB / 7.766MB
2026-05-18 17:32:38,132,68.83,112.3MB,34068.5,0.34,6.831GB / 261.8MB,45.06kB / 7.766MB
2026-05-18 17:32:50,133,68.83,112.4MB,34068.5,0.34,6.841GB / 262.1MB,45.06kB / 7.766MB
2026-05-18 17:33:02,133,68.84,111.5MB,34068.5,0.34,6.852GB / 262.5MB,45.06kB / 7.766MB
2026-05-18 17:33:14,133,68.84,112.7MB,34068.5,0.34,6.862GB / 262.9MB,45.06kB / 7.766MB
2026-05-18 17:33:26,133,68.84,112.8MB,34068.5,0.34,6.873GB / 263.3MB,45.06kB / 7.766MB
2026-05-18 17:33:38,133,68.84,112.4MB,34068.5,0.34,6.883GB / 263.7MB,45.06kB / 7.766MB
2026-05-18 17:33:50,134,68.85,112.8MB,34068.5,0.34,6.893GB / 264.1MB,45.06kB / 7.766MB
2026-05-18 17:34:02,134,68.85,112.5MB,34068.5,0.34,6.904GB / 264.5MB,45.06kB / 7.766MB
2026-05-18 17:34:14,134,68.84,112.2MB,34068.5,0.34,6.914GB / 264.9MB,45.06kB / 7.766MB
2026-05-18 17:34:26,134,68.84,112.9MB,34068.5,0.34,6.924GB / 265.3MB,45.06kB / 7.766MB
2026-05-18 17:34:38,134,68.85,112.2MB,34068.5,0.34,6.935GB / 265.7MB,45.06kB / 7.766MB
2026-05-18 17:34:50,135,68.84,112.9MB,34068.5,0.34,6.945GB / 266.1MB,45.06kB / 7.766MB
2026-05-18 17:35:02,135,68.85,112.8MB,34068.5,0.34,6.956GB / 266.5MB,45.06kB / 7.766MB
2026-05-18 17:35:14,135,68.86,112.4MB,34068.5,0.34,6.966GB / 266.9MB,45.06kB / 7.766MB
2026-05-18 17:35:27,135,68.86,112MB,34068.5,0.34,6.977GB / 267.3MB,45.06kB / 7.766MB
2026-05-18 17:35:39,135,68.87,113.6MB,34068.5,0.34,6.987GB / 267.7MB,45.06kB / 7.766MB
2026-05-18 17:35:51,136,68.86,112.8MB,34068.5,0.34,6.998GB / 268.1MB,45.06kB / 7.766MB
2026-05-18 17:36:03,136,68.87,112.6MB,34068.5,0.34,7.008GB / 268.5MB,45.06kB / 7.766MB
2026-05-18 17:36:15,136,68.87,113.7MB,34068.5,0.34,7.019GB / 268.9MB,45.06kB / 7.766MB
2026-05-18 17:36:27,136,68.87,113.3MB,34068.5,0.34,7.029GB / 269.4MB,45.06kB / 7.766MB
2026-05-18 17:36:39,136,68.87,114MB,34068.5,0.34,7.04GB / 269.8MB,45.06kB / 7.766MB
2026-05-18 17:36:52,137,68.88,113.2MB,34068.5,0.34,7.05GB / 270.2MB,45.06kB / 7.766MB
2026-05-18 17:37:04,137,68.89,113.2MB,34068.5,0.34,7.061GB / 270.6MB,45.06kB / 7.766MB
2026-05-18 17:37:16,137,68.89,112.9MB,34068.5,0.34,7.071GB / 271MB,45.06kB / 7.766MB
2026-05-18 17:37:28,137,68.89,113.2MB,34068.5,0.34,7.082GB / 271.4MB,45.06kB / 7.766MB
2026-05-18 17:37:40,137,68.89,113.5MB,34068.5,0.34,7.092GB / 271.8MB,45.06kB / 7.766MB
2026-05-18 17:37:52,138,68.90,112.9MB,34068.5,0.34,7.102GB / 272.1MB,45.06kB / 7.766MB
2026-05-18 17:38:04,138,68.90,113.6MB,34068.5,0.34,7.113GB / 272.5MB,45.06kB / 7.766MB
2026-05-18 17:38:16,138,68.90,113.3MB,34068.5,0.34,7.123GB / 272.9MB,45.06kB / 7.766MB
2026-05-18 17:38:28,138,68.90,113.1MB,34068.5,0.34,7.133GB / 273.3MB,45.06kB / 7.766MB
2026-05-18 17:38:40,138,68.90,112.8MB,34068.5,0.34,7.144GB / 273.7MB,45.06kB / 7.766MB
2026-05-18 17:38:52,139,68.91,113MB,34068.5,0.34,7.154GB / 274.1MB,45.06kB / 7.766MB
2026-05-18 17:39:04,139,68.91,113.4MB,34068.5,0.34,7.164GB / 274.5MB,45.06kB / 7.766MB
2026-05-18 17:39:16,139,68.91,113.3MB,34068.5,0.34,7.175GB / 274.9MB,45.06kB / 7.766MB
2026-05-18 17:39:29,139,68.92,113.5MB,34068.5,0.34,7.185GB / 275.3MB,45.06kB / 7.766MB
2026-05-18 17:39:40,139,68.93,114MB,34068.5,0.34,7.196GB / 275.7MB,45.06kB / 7.766MB
2026-05-18 17:39:53,140,68.93,114.2MB,34068.5,0.34,7.206GB / 276.1MB,45.06kB / 7.766MB
2026-05-18 17:40:05,140,68.93,113.8MB,34068.5,0.34,7.217GB / 276.5MB,45.06kB / 7.766MB
2026-05-18 17:40:17,140,68.93,113.1MB,34068.5,0.34,7.227GB / 276.9MB,45.06kB / 7.766MB
2026-05-18 17:40:29,140,68.94,113.3MB,34068.5,0.34,7.238GB / 277.3MB,45.06kB / 7.766MB
2026-05-18 17:40:41,140,68.95,113.9MB,34068.5,0.34,7.248GB / 277.8MB,45.06kB / 7.766MB
2026-05-18 17:40:53,141,68.95,115.3MB,34068.5,0.35,7.259GB / 278.2MB,45.06kB / 7.766MB
2026-05-18 17:41:06,141,68.95,114MB,34068.5,0.34,7.269GB / 278.6MB,45.06kB / 7.766MB
2026-05-18 17:41:18,141,68.95,113.7MB,34068.5,0.34,7.28GB / 279MB,45.06kB / 7.766MB
2026-05-18 17:41:30,141,68.95,113.6MB,34068.5,0.34,7.29GB / 279.4MB,45.06kB / 7.766MB
2026-05-18 17:41:42,142,68.95,114.1MB,34068.5,0.34,7.301GB / 279.8MB,45.06kB / 7.766MB
2026-05-18 17:41:54,142,68.96,114.1MB,34068.5,0.34,7.311GB / 280.2MB,45.06kB / 7.766MB
2026-05-18 17:42:06,142,68.96,114.9MB,34068.5,0.35,7.321GB / 280.6MB,45.06kB / 7.766MB
2026-05-18 17:42:18,142,68.96,114.2MB,34068.5,0.34,7.332GB / 280.9MB,45.06kB / 7.766MB
2026-05-18 17:42:30,142,68.97,114MB,34068.5,0.34,7.342GB / 281.4MB,45.06kB / 7.766MB
2026-05-18 17:42:42,143,68.97,113.8MB,34068.5,0.34,7.353GB / 281.8MB,45.06kB / 7.766MB
2026-05-18 17:42:55,143,68.97,114.7MB,34068.5,0.34,7.363GB / 282.2MB,45.06kB / 7.766MB
2026-05-18 17:43:07,143,68.96,113.8MB,34068.5,0.34,7.374GB / 282.6MB,45.06kB / 7.766MB
2026-05-18 17:43:19,143,68.97,113.7MB,34068.5,0.34,7.384GB / 283MB,45.06kB / 7.766MB
2026-05-18 17:43:31,143,68.97,113.9MB,34068.5,0.34,7.395GB / 283.4MB,45.06kB / 7.766MB
2026-05-18 17:43:43,144,68.97,114.3MB,34068.5,0.34,7.405GB / 283.8MB,45.06kB / 7.766MB
2026-05-18 17:43:55,144,68.98,114MB,34068.5,0.34,7.416GB / 284.2MB,45.06kB / 7.766MB
2026-05-18 17:44:07,144,68.98,114.2MB,34068.5,0.34,7.426GB / 284.6MB,45.06kB / 7.766MB
2026-05-18 17:44:20,144,68.98,115.3MB,34068.5,0.35,7.437GB / 285MB,45.06kB / 7.766MB
2026-05-18 17:44:32,144,68.98,114.8MB,34068.5,0.35,7.447GB / 285.4MB,45.06kB / 7.766MB
2026-05-18 17:44:44,145,68.99,114.6MB,34068.5,0.34,7.458GB / 285.8MB,45.06kB / 7.766MB
2026-05-18 17:44:56,145,68.99,114.7MB,34068.5,0.34,7.468GB / 286.2MB,45.06kB / 7.766MB
2026-05-18 17:45:08,145,69.00,115.3MB,34068.5,0.35,7.479GB / 286.6MB,45.06kB / 7.766MB
2026-05-18 17:45:20,145,69.00,114.3MB,34068.5,0.34,7.489GB / 287MB,45.06kB / 7.766MB
2026-05-18 17:45:32,145,69.00,115.2MB,34068.5,0.35,7.499GB / 287.4MB,45.06kB / 7.766MB
2026-05-18 17:45:44,146,69.00,114.9MB,34068.5,0.35,7.51GB / 287.8MB,45.06kB / 7.766MB
2026-05-18 17:45:56,146,69.00,114.8MB,34068.5,0.35,7.52GB / 288.2MB,45.06kB / 7.766MB
2026-05-18 17:46:09,146,69.00,115.6MB,34068.5,0.35,7.531GB / 288.6MB,45.06kB / 7.766MB
2026-05-18 17:46:21,146,69.00,114.1MB,34068.5,0.34,7.541GB / 289MB,45.06kB / 7.766MB
2026-05-18 17:46:33,146,69.00,115.5MB,34068.5,0.35,7.552GB / 289.4MB,45.06kB / 7.766MB
2026-05-18 17:46:45,147,69.00,114.2MB,34068.5,0.34,7.562GB / 289.8MB,45.06kB / 7.766MB
2026-05-18 17:46:58,147,69.00,114.7MB,34068.5,0.34,7.573GB / 290.2MB,45.06kB / 7.766MB
2026-05-18 17:47:10,147,69.01,114.6MB,34068.5,0.34,7.583GB / 290.6MB,45.06kB / 7.766MB
2026-05-18 17:47:22,147,69.01,115.7MB,34068.5,0.35,7.594GB / 291MB,45.06kB / 7.766MB
2026-05-18 17:47:34,147,69.01,115.1MB,34068.5,0.35,7.604GB / 291.4MB,45.06kB / 7.766MB
2026-05-18 17:47:46,148,69.01,116MB,34068.5,0.35,7.614GB / 291.8MB,45.06kB / 7.766MB
2026-05-18 17:47:58,148,69.02,115.7MB,34068.5,0.35,7.625GB / 292.2MB,45.06kB / 7.766MB
2026-05-18 17:48:10,148,69.02,114.9MB,34068.5,0.35,7.635GB / 292.6MB,45.06kB / 7.766MB
2026-05-18 17:48:22,148,69.02,115.7MB,34068.5,0.35,7.646GB / 293MB,45.06kB / 7.766MB
2026-05-18 17:48:34,148,69.02,116.5MB,34068.5,0.35,7.656GB / 293.4MB,45.06kB / 7.766MB
2026-05-18 17:48:46,149,69.03,114.9MB,34068.5,0.35,7.667GB / 293.8MB,45.06kB / 7.766MB
2026-05-18 17:48:58,149,69.03,115.9MB,34068.5,0.35,7.677GB / 294.2MB,45.06kB / 7.766MB
2026-05-18 17:49:10,149,69.04,115.3MB,34068.5,0.35,7.688GB / 294.6MB,45.06kB / 7.766MB
2026-05-18 17:49:22,149,69.04,115.1MB,34068.5,0.35,7.698GB / 295MB,45.06kB / 7.766MB
2026-05-18 17:49:34,149,69.05,115.9MB,34068.5,0.35,7.708GB / 295.4MB,45.06kB / 7.766MB
2026-05-18 17:49:46,150,69.05,115.9MB,34068.5,0.35,7.719GB / 295.8MB,45.06kB / 7.766MB
2026-05-18 17:49:59,150,69.05,116.1MB,34068.5,0.35,7.729GB / 296.2MB,45.06kB / 7.766MB
2026-05-18 17:50:11,150,69.05,115.6MB,34068.5,0.35,7.74GB / 296.6MB,45.06kB / 7.766MB
2026-05-18 17:50:23,150,69.05,115.8MB,34068.5,0.35,7.75GB / 297MB,45.06kB / 7.766MB
2026-05-18 17:50:35,150,69.05,116.2MB,34068.5,0.35,7.761GB / 297.4MB,45.06kB / 7.766MB
2026-05-18 17:50:47,151,69.05,115.7MB,34068.5,0.35,7.771GB / 297.8MB,45.06kB / 7.766MB
2026-05-18 17:50:59,151,69.06,115.6MB,34068.5,0.35,7.781GB / 298.2MB,45.06kB / 7.766MB
2026-05-18 17:51:11,151,69.06,115.3MB,34068.5,0.35,7.792GB / 298.6MB,45.06kB / 7.766MB
2026-05-18 17:51:23,151,69.06,115.8MB,34068.5,0.35,7.803GB / 299MB,45.06kB / 7.766MB
2026-05-18 17:51:35,151,69.06,116.6MB,34068.5,0.35,7.813GB / 299.4MB,45.06kB / 7.766MB
2026-05-18 17:51:47,152,69.06,115.9MB,34068.5,0.35,7.824GB / 299.8MB,45.06kB / 7.766MB
2026-05-18 17:51:59,152,69.07,115.2MB,34068.5,0.35,7.834GB / 300.2MB,45.06kB / 7.766MB
2026-05-18 17:52:11,152,69.07,116.5MB,34068.5,0.35,7.844GB / 300.6MB,45.06kB / 7.766MB
2026-05-18 17:52:23,152,69.06,116.5MB,34068.5,0.35,7.854GB / 301MB,45.06kB / 7.766MB
2026-05-18 17:52:35,152,69.06,116.1MB,34068.5,0.35,7.865GB / 301.4MB,45.06kB / 7.766MB
2026-05-18 17:52:47,153,69.07,117.4MB,34068.5,0.35,7.875GB / 301.8MB,45.06kB / 7.766MB
2026-05-18 17:52:59,153,69.07,115.6MB,34068.5,0.35,7.885GB / 302.2MB,45.06kB / 7.766MB
2026-05-18 17:53:11,153,69.06,115.9MB,34068.5,0.35,7.896GB / 302.6MB,45.06kB / 7.766MB
2026-05-18 17:53:23,153,69.06,116.8MB,34068.5,0.35,7.906GB / 303MB,45.06kB / 7.766MB
2026-05-18 17:53:35,153,69.07,116.3MB,34068.5,0.35,7.917GB / 303.4MB,45.06kB / 7.766MB
2026-05-18 17:53:47,154,69.06,116.9MB,34068.5,0.35,7.927GB / 303.8MB,45.06kB / 7.766MB
2026-05-18 17:53:59,154,69.06,116.8MB,34068.5,0.35,7.937GB / 304.2MB,45.06kB / 7.766MB
2026-05-18 17:54:11,154,69.06,116.3MB,34068.5,0.35,7.948GB / 304.5MB,45.06kB / 7.766MB
2026-05-18 17:54:23,154,69.07,116.9MB,34068.5,0.35,7.958GB / 304.9MB,45.06kB / 7.766MB
2026-05-18 17:54:35,154,69.06,116.6MB,34068.5,0.35,7.968GB / 305.3MB,45.06kB / 7.766MB
2026-05-18 17:54:47,155,69.06,116.8MB,34068.5,0.35,7.979GB / 305.7MB,45.06kB / 7.766MB
2026-05-18 17:54:59,155,69.06,117.8MB,34068.5,0.35,7.989GB / 306.1MB,45.06kB / 7.766MB
2026-05-18 17:55:11,155,69.06,117.3MB,34068.5,0.35,8GB / 306.5MB,45.06kB / 7.766MB
2026-05-18 17:55:24,155,69.06,117MB,34068.5,0.35,8.01GB / 306.9MB,45.06kB / 7.766MB
2026-05-18 17:55:36,155,69.06,116.6MB,34068.5,0.35,8.02GB / 307.3MB,45.06kB / 7.766MB
2026-05-18 17:55:47,156,69.06,116.8MB,34068.5,0.35,8.031GB / 307.7MB,45.06kB / 7.766MB
2026-05-18 17:55:59,156,69.06,116.8MB,34068.5,0.35,8.041GB / 308.1MB,45.06kB / 7.766MB
2026-05-18 17:56:12,156,69.06,117.3MB,34068.5,0.35,8.052GB / 308.5MB,45.06kB / 7.766MB
2026-05-18 17:56:24,156,69.06,117.5MB,34068.5,0.35,8.062GB / 308.9MB,45.06kB / 7.766MB
2026-05-18 17:56:36,156,69.06,116.4MB,34068.5,0.35,8.073GB / 309.3MB,45.06kB / 7.766MB
2026-05-18 17:56:48,157,69.06,117.2MB,34068.5,0.35,8.083GB / 309.7MB,49.15kB / 7.766MB
2026-05-18 17:57:00,157,69.06,117.6MB,34068.5,0.35,8.093GB / 310.1MB,53.25kB / 7.766MB
2026-05-18 17:57:12,157,69.07,117.3MB,34068.5,0.35,8.104GB / 310.5MB,53.25kB / 7.766MB
2026-05-18 17:57:24,157,69.07,117.7MB,34068.5,0.35,8.114GB / 310.9MB,57.34kB / 7.766MB
2026-05-18 17:57:36,157,69.07,117.1MB,34068.5,0.35,8.125GB / 311.3MB,61.44kB / 7.766MB
2026-05-18 17:57:49,158,69.07,116.8MB,34068.5,0.35,8.135GB / 311.7MB,61.44kB / 7.766MB
2026-05-18 17:58:01,158,69.07,116.9MB,34068.5,0.35,8.146GB / 312.1MB,65.54kB / 7.766MB
2026-05-18 17:58:13,158,69.08,117.2MB,34068.5,0.35,8.156GB / 312.5MB,69.63kB / 7.766MB
2026-05-18 17:58:25,158,69.08,117.5MB,34068.5,0.35,8.167GB / 312.9MB,69.63kB / 7.766MB
2026-05-18 17:58:37,158,69.08,117.9MB,34068.5,0.35,8.177GB / 313.3MB,73.73kB / 7.766MB
2026-05-18 17:58:49,159,69.09,117MB,34068.5,0.35,8.188GB / 313.7MB,77.82kB / 7.766MB
2026-05-18 17:59:01,159,69.10,118.7MB,34068.5,0.36,8.198GB / 314.1MB,77.82kB / 7.766MB
2026-05-18 17:59:13,159,69.10,117.7MB,34068.5,0.35,8.208GB / 314.5MB,81.92kB / 7.766MB
2026-05-18 17:59:26,159,69.10,117.2MB,34068.5,0.35,8.219GB / 314.9MB,86.02kB / 7.766MB
2026-05-18 17:59:38,159,69.10,117.2MB,34068.5,0.35,8.229GB / 315.3MB,86.02kB / 7.766MB
2026-05-18 17:59:50,160,69.10,117.8MB,34068.5,0.35,8.24GB / 315.7MB,90.11kB / 7.766MB
2026-05-18 18:00:02,160,69.10,117.9MB,34068.5,0.35,8.25GB / 316.1MB,94.21kB / 7.766MB
2026-05-18 18:00:14,160,69.11,117MB,34068.5,0.35,8.261GB / 316.5MB,94.21kB / 7.766MB
2026-05-18 18:00:26,160,69.11,118.1MB,34068.5,0.36,8.271GB / 316.9MB,98.3kB / 7.766MB
2026-05-18 18:00:38,160,69.11,118.1MB,34068.5,0.35,8.282GB / 317.3MB,98.3kB / 7.766MB
2026-05-18 18:00:50,161,69.11,117.9MB,34068.5,0.35,8.292GB / 317.7MB,102.4kB / 7.766MB
2026-05-18 18:01:03,161,69.12,118.1MB,34068.5,0.35,8.303GB / 318.2MB,106.5kB / 7.766MB
2026-05-18 18:01:15,161,69.12,118.4MB,34068.5,0.36,8.313GB / 318.6MB,106.5kB / 7.766MB
2026-05-18 18:01:27,161,69.12,117.6MB,34068.5,0.35,8.324GB / 319MB,110.6kB / 7.766MB
2026-05-18 18:01:39,161,69.12,117.5MB,34068.5,0.35,8.334GB / 319.4MB,114.7kB / 7.766MB
2026-05-18 18:01:51,162,69.13,118MB,34068.5,0.35,8.345GB / 319.8MB,118.8kB / 7.766MB
2026-05-18 18:02:03,162,69.12,118MB,34068.5,0.35,8.355GB / 320.2MB,118.8kB / 7.766MB
2026-05-18 18:02:15,162,69.13,118.4MB,34068.5,0.36,8.366GB / 320.6MB,122.9kB / 7.766MB
2026-05-18 18:02:27,162,69.13,118.1MB,34068.5,0.35,8.376GB / 321MB,127kB / 7.766MB
2026-05-18 18:02:39,162,69.13,118.7MB,34068.5,0.36,8.387GB / 321.4MB,127kB / 7.766MB
2026-05-18 18:02:52,163,69.13,117.9MB,34068.5,0.35,8.397GB / 321.8MB,131.1kB / 7.766MB
2026-05-18 18:03:04,163,69.13,118.4MB,34068.5,0.36,8.407GB / 322.2MB,131.1kB / 7.766MB
2026-05-18 18:03:16,163,69.13,118.2MB,34068.5,0.36,8.418GB / 322.6MB,135.2kB / 7.766MB
2026-05-18 18:03:28,163,69.13,118.1MB,34068.5,0.36,8.428GB / 323MB,139.3kB / 7.766MB
2026-05-18 18:03:40,163,69.14,118.6MB,34068.5,0.36,8.439GB / 323.4MB,139.3kB / 7.766MB
2026-05-18 18:03:52,164,69.14,118.9MB,34068.5,0.36,8.449GB / 323.8MB,143.4kB / 7.766MB
2026-05-18 18:04:04,164,69.15,118.1MB,34068.5,0.35,8.459GB / 324.2MB,147.5kB / 7.766MB
2026-05-18 18:04:16,164,69.15,118.4MB,34068.5,0.36,8.47GB / 324.5MB,147.5kB / 7.766MB
2026-05-18 18:04:28,164,69.14,118.6MB,34068.5,0.36,8.48GB / 324.9MB,151.6kB / 7.766MB
2026-05-18 18:04:40,164,69.14,119.5MB,34068.5,0.36,8.49GB / 325.3MB,155.6kB / 7.766MB
2026-05-18 18:04:52,165,69.14,118.2MB,34068.5,0.36,8.501GB / 325.7MB,155.6kB / 7.766MB
2026-05-18 18:05:04,165,69.14,119.5MB,34068.5,0.36,8.511GB / 326.1MB,159.7kB / 7.766MB
2026-05-18 18:05:16,165,69.13,118.5MB,34068.5,0.36,8.522GB / 326.5MB,163.8kB / 7.766MB
2026-05-18 18:05:28,165,69.13,118.9MB,34068.5,0.36,8.532GB / 326.9MB,163.8kB / 7.766MB
2026-05-18 18:05:40,165,69.13,119MB,34068.5,0.36,8.543GB / 327.3MB,167.9kB / 7.766MB
2026-05-18 18:05:52,166,69.14,120.4MB,34068.5,0.36,8.553GB / 327.7MB,172kB / 7.766MB
2026-05-18 18:06:04,166,69.14,119.6MB,34068.5,0.36,8.564GB / 328.1MB,172kB / 7.766MB
2026-05-18 18:06:17,166,69.13,119.5MB,34068.5,0.36,8.574GB / 328.5MB,176.1kB / 7.766MB
2026-05-18 18:06:29,166,69.13,119MB,34068.5,0.36,8.584GB / 328.9MB,180.2kB / 7.766MB
2026-05-18 18:06:41,166,69.14,118.9MB,34068.5,0.36,8.595GB / 329.3MB,180.2kB / 7.766MB
2026-05-18 18:06:53,167,69.14,118.8MB,34068.5,0.36,8.605GB / 329.7MB,184.3kB / 7.766MB
2026-05-18 18:07:05,167,69.15,119.3MB,34068.5,0.36,8.616GB / 330.1MB,188.4kB / 7.766MB
2026-05-18 18:07:17,167,69.14,119.3MB,34068.5,0.36,8.626GB / 330.5MB,188.4kB / 7.766MB
2026-05-18 18:07:29,167,69.15,119.8MB,34068.5,0.36,8.637GB / 330.9MB,192.5kB / 7.766MB
2026-05-18 18:07:41,167,69.15,119.7MB,34068.5,0.36,8.647GB / 331.4MB,192.5kB / 7.766MB
2026-05-18 18:07:53,168,69.15,119.1MB,34068.5,0.36,8.658GB / 331.8MB,196.6kB / 7.766MB
2026-05-18 18:08:05,168,69.16,120MB,34068.5,0.36,8.668GB / 332.2MB,200.7kB / 7.766MB
2026-05-18 18:08:17,168,69.16,119.5MB,34068.5,0.36,8.678GB / 332.5MB,200.7kB / 7.766MB
2026-05-18 18:08:29,168,69.16,119.1MB,34068.5,0.36,8.689GB / 332.9MB,204.8kB / 7.766MB
2026-05-18 18:08:41,168,69.16,119.8MB,34068.5,0.36,8.699GB / 333.3MB,208.9kB / 7.766MB
2026-05-18 18:08:53,169,69.16,119.3MB,34068.5,0.36,8.71GB / 333.8MB,208.9kB / 7.766MB
2026-05-18 18:09:06,169,69.16,120MB,34068.5,0.36,8.72GB / 334.1MB,213kB / 7.766MB
2026-05-18 18:09:18,169,69.16,119.8MB,34068.5,0.36,8.731GB / 334.5MB,217.1kB / 7.766MB
2026-05-18 18:09:30,169,69.17,119.7MB,34068.5,0.36,8.741GB / 334.9MB,217.1kB / 7.766MB
2026-05-18 18:09:42,170,69.17,120.5MB,34068.5,0.36,8.752GB / 335.4MB,221.2kB / 7.766MB
2026-05-18 18:09:54,170,69.17,119.6MB,34068.5,0.36,8.762GB / 335.8MB,225.3kB / 7.766MB
2026-05-18 18:10:06,170,69.17,120MB,34068.5,0.36,8.773GB / 336.2MB,225.3kB / 7.766MB
2026-05-18 18:10:18,170,69.17,120MB,34068.5,0.36,8.783GB / 336.5MB,229.4kB / 7.766MB
2026-05-18 18:10:30,170,69.17,119.4MB,34068.5,0.36,8.793GB / 336.9MB,233.5kB / 7.766MB
2026-05-18 18:10:42,171,69.18,120MB,34068.5,0.36,8.804GB / 337.3MB,233.5kB / 7.766MB
2026-05-18 18:10:54,171,69.18,119.7MB,34068.5,0.36,8.814GB / 337.7MB,237.6kB / 7.766MB
2026-05-18 18:11:06,171,69.18,119.6MB,34068.5,0.36,8.825GB / 338.1MB,241.7kB / 7.766MB
2026-05-18 18:11:18,171,69.18,119.8MB,34068.5,0.36,8.835GB / 338.5MB,241.7kB / 7.766MB
2026-05-18 18:11:30,171,69.19,120.7MB,34068.5,0.36,8.846GB / 339MB,245.8kB / 7.766MB
2026-05-18 18:11:43,172,69.19,120.1MB,34068.5,0.36,8.856GB / 339.3MB,249.9kB / 7.766MB
2026-05-18 18:11:54,172,69.19,120.7MB,34068.5,0.36,8.866GB / 339.7MB,249.9kB / 7.766MB
2026-05-18 18:12:07,172,69.20,120.7MB,34068.5,0.36,8.877GB / 340.2MB,254kB / 7.766MB
2026-05-18 18:12:19,172,69.20,120.3MB,34068.5,0.36,8.887GB / 340.6MB,258kB / 7.766MB
2026-05-18 18:12:31,172,69.22,121MB,34068.5,0.36,8.898GB / 340.9MB,258kB / 7.766MB
2026-05-18 18:12:43,173,69.24,120.3MB,34068.5,0.36,8.908GB / 341.3MB,262.1kB / 7.766MB
2026-05-18 18:12:56,173,69.24,120.2MB,34068.5,0.36,8.918GB / 341.7MB,266.2kB / 7.766MB
2026-05-18 18:13:08,173,69.26,120.9MB,34068.5,0.36,8.929GB / 342.1MB,266.2kB / 7.766MB
2026-05-18 18:13:20,173,69.27,120.2MB,34068.5,0.36,8.939GB / 342.5MB,270.3kB / 7.766MB
2026-05-18 18:13:32,173,69.28,119.9MB,34068.5,0.36,8.95GB / 342.9MB,274.4kB / 7.766MB
2026-05-18 18:13:44,174,69.29,120.5MB,34068.5,0.36,8.96GB / 343.3MB,274.4kB / 7.766MB
2026-05-18 18:13:56,174,69.31,120.3MB,34068.5,0.36,8.97GB / 343.7MB,278.5kB / 7.766MB
2026-05-18 18:14:08,174,69.31,121.1MB,34068.5,0.36,8.981GB / 344.1MB,282.6kB / 7.766MB
2026-05-18 18:14:20,174,69.31,120.5MB,34068.5,0.36,8.991GB / 344.5MB,282.6kB / 7.766MB
2026-05-18 18:14:33,174,69.32,120.7MB,34068.5,0.36,9.002GB / 344.9MB,286.7kB / 7.766MB
2026-05-18 18:14:45,175,69.32,120.1MB,34068.5,0.36,9.012GB / 345.3MB,286.7kB / 7.766MB
2026-05-18 18:14:57,175,69.33,120.3MB,34068.5,0.36,9.022GB / 345.7MB,290.8kB / 7.766MB
2026-05-18 18:15:09,175,69.35,121.6MB,34068.5,0.37,9.033GB / 346.1MB,294.9kB / 7.766MB
2026-05-18 18:15:21,175,69.37,121.3MB,34068.5,0.36,9.043GB / 346.5MB,294.9kB / 7.766MB
2026-05-18 18:15:33,175,69.37,120.6MB,34068.5,0.36,9.053GB / 346.9MB,299kB / 7.766MB
2026-05-18 18:15:45,176,69.37,120.7MB,34068.5,0.36,9.064GB / 347.3MB,303.1kB / 7.766MB
2026-05-18 18:15:58,176,69.38,121.6MB,34068.5,0.37,9.074GB / 347.7MB,303.1kB / 7.766MB
2026-05-18 18:16:10,176,69.39,121.4MB,34068.5,0.36,9.084GB / 348.1MB,307.2kB / 7.766MB
2026-05-18 18:16:22,176,69.41,121.4MB,34068.5,0.36,9.095GB / 348.5MB,311.3kB / 7.766MB
2026-05-18 18:16:35,176,69.44,120.6MB,34068.5,0.36,9.105GB / 348.9MB,311.3kB / 7.766MB
2026-05-18 18:16:47,177,69.43,121.9MB,34068.5,0.37,9.116GB / 349.3MB,315.4kB / 7.766MB
2026-05-18 18:16:59,177,69.43,121.3MB,34068.5,0.36,9.126GB / 349.7MB,319.5kB / 7.766MB
2026-05-18 18:17:11,177,69.43,121.9MB,34068.5,0.37,9.136GB / 350.1MB,319.5kB / 7.766MB
2026-05-18 18:17:23,177,69.43,122MB,34068.5,0.37,9.147GB / 350.5MB,323.6kB / 7.766MB
2026-05-18 18:17:35,177,69.43,121.2MB,34068.5,0.36,9.157GB / 350.9MB,327.7kB / 7.766MB
2026-05-18 18:17:47,178,69.42,122.2MB,34068.5,0.37,9.168GB / 351.3MB,327.7kB / 7.766MB
2026-05-18 18:17:59,178,69.43,121.4MB,34068.5,0.36,9.178GB / 351.7MB,331.8kB / 7.766MB
2026-05-18 18:18:11,178,69.43,122.3MB,34068.5,0.37,9.189GB / 352.1MB,331.8kB / 7.766MB
2026-05-18 18:18:23,178,69.43,121.1MB,34068.5,0.36,9.199GB / 352.5MB,335.9kB / 7.766MB
2026-05-18 18:18:35,178,69.43,122.2MB,34068.5,0.37,9.209GB / 352.9MB,340kB / 7.766MB
2026-05-18 18:18:47,179,69.43,121.6MB,34068.5,0.37,9.22GB / 353.3MB,340kB / 7.766MB
2026-05-18 18:18:59,179,69.43,121.5MB,34068.5,0.37,9.23GB / 353.7MB,344.1kB / 7.766MB
2026-05-18 18:19:11,179,69.43,121.1MB,34068.5,0.36,9.241GB / 354.1MB,348.2kB / 7.766MB
2026-05-18 18:19:23,179,69.43,121.9MB,34068.5,0.37,9.251GB / 354.5MB,348.2kB / 7.766MB
2026-05-18 18:19:35,179,69.43,122.1MB,34068.5,0.37,9.262GB / 354.9MB,352.3kB / 7.766MB
2026-05-18 18:19:48,180,69.43,122.5MB,34068.5,0.37,9.272GB / 355.3MB,356.4kB / 7.766MB
2026-05-18 18:19:59,180,69.43,121.7MB,34068.5,0.37,9.283GB / 355.7MB,356.4kB / 7.766MB
2026-05-18 18:20:12,180,69.43,122.9MB,34068.5,0.37,9.293GB / 356.1MB,360.4kB / 7.766MB
2026-05-18 18:20:24,180,69.43,122.3MB,34068.5,0.37,9.304GB / 356.5MB,364.5kB / 7.766MB
2026-05-18 18:20:36,180,69.42,122.3MB,34068.5,0.37,9.314GB / 356.9MB,364.5kB / 7.766MB
2026-05-18 18:20:48,181,69.42,122.4MB,34068.5,0.37,9.324GB / 357.3MB,368.6kB / 7.766MB
2026-05-18 18:21:00,181,69.43,122.7MB,34068.5,0.37,9.335GB / 357.7MB,372.7kB / 7.766MB
2026-05-18 18:21:12,181,69.42,122.3MB,34068.5,0.37,9.345GB / 358.1MB,372.7kB / 7.766MB
2026-05-18 18:21:24,181,69.42,122.6MB,34068.5,0.37,9.356GB / 358.5MB,376.8kB / 7.766MB
2026-05-18 18:21:36,181,69.42,122.1MB,34068.5,0.37,9.366GB / 358.9MB,376.8kB / 7.766MB
2026-05-18 18:21:48,182,69.42,122.3MB,34068.5,0.37,9.377GB / 359.3MB,376.8kB / 7.766MB
2026-05-18 18:22:00,182,69.42,123MB,34068.5,0.37,9.387GB / 359.7MB,376.8kB / 7.766MB
2026-05-18 18:22:12,182,69.42,122.6MB,34068.5,0.37,9.398GB / 360.1MB,376.8kB / 7.766MB
2026-05-18 18:22:24,182,69.42,122.6MB,34068.5,0.37,9.408GB / 360.5MB,376.8kB / 7.766MB
2026-05-18 18:22:36,182,69.42,122.6MB,34068.5,0.37,9.418GB / 360.9MB,376.8kB / 7.766MB
2026-05-18 18:22:48,183,69.42,123.2MB,34068.5,0.37,9.429GB / 361.3MB,376.8kB / 7.766MB
2026-05-18 18:23:00,183,69.42,122.2MB,34068.5,0.37,9.439GB / 361.7MB,376.8kB / 7.766MB
2026-05-18 18:23:12,183,69.42,122.9MB,34068.5,0.37,9.45GB / 362.1MB,376.8kB / 7.766MB
2026-05-18 18:23:24,183,69.42,122.4MB,34068.5,0.37,9.46GB / 362.5MB,376.8kB / 7.766MB
2026-05-18 18:23:36,183,69.42,122.5MB,34068.5,0.37,9.471GB / 362.9MB,376.8kB / 7.766MB
2026-05-18 18:23:48,184,69.42,122.6MB,34068.5,0.37,9.481GB / 363.3MB,376.8kB / 7.766MB
2026-05-18 18:24:00,184,69.42,123.1MB,34068.5,0.37,9.492GB / 363.7MB,376.8kB / 7.766MB
2026-05-18 18:24:13,184,69.42,123.2MB,34068.5,0.37,9.502GB / 364.1MB,376.8kB / 7.766MB
2026-05-18 18:24:25,184,69.42,123MB,34068.5,0.37,9.513GB / 364.5MB,376.8kB / 7.766MB
2026-05-18 18:24:37,184,69.42,122.7MB,34068.5,0.37,9.523GB / 364.9MB,376.8kB / 7.766MB
2026-05-18 18:24:49,185,69.42,122.6MB,34068.5,0.37,9.534GB / 365.3MB,376.8kB / 7.766MB
2026-05-18 18:25:01,185,69.42,123.4MB,34068.5,0.37,9.544GB / 365.7MB,376.8kB / 7.766MB
2026-05-18 18:25:13,185,69.42,123.1MB,34068.5,0.37,9.555GB / 366.1MB,376.8kB / 7.766MB
2026-05-18 18:25:25,185,69.42,123.8MB,34068.5,0.37,9.565GB / 366.5MB,376.8kB / 7.766MB
2026-05-18 18:25:38,185,69.42,122.7MB,34068.5,0.37,9.576GB / 366.9MB,376.8kB / 7.766MB
2026-05-18 18:25:50,186,69.42,123.3MB,34068.5,0.37,9.586GB / 367.3MB,376.8kB / 7.766MB
2026-05-18 18:26:02,186,69.42,123.1MB,34068.5,0.37,9.597GB / 367.7MB,376.8kB / 7.766MB
2026-05-18 18:26:14,186,69.42,123.1MB,34068.5,0.37,9.607GB / 368.1MB,376.8kB / 7.766MB
2026-05-18 18:26:26,186,69.42,123.4MB,34068.5,0.37,9.618GB / 368.5MB,376.8kB / 7.766MB
2026-05-18 18:26:38,186,69.41,123.1MB,34068.5,0.37,9.628GB / 368.9MB,376.8kB / 7.766MB
2026-05-18 18:26:50,187,69.41,123.5MB,34068.5,0.37,9.639GB / 369.3MB,376.8kB / 7.766MB
2026-05-18 18:27:02,187,69.41,124MB,34068.5,0.37,9.649GB / 369.7MB,376.8kB / 7.766MB
2026-05-18 18:27:14,187,69.41,123.5MB,34068.5,0.37,9.66GB / 370.1MB,376.8kB / 7.766MB
2026-05-18 18:27:26,187,69.41,123.6MB,34068.5,0.37,9.67GB / 370.5MB,376.8kB / 7.766MB
2026-05-18 18:27:38,187,69.41,123.8MB,34068.5,0.37,9.68GB / 370.9MB,376.8kB / 7.766MB
2026-05-18 18:27:50,188,69.40,123.9MB,34068.5,0.37,9.691GB / 371.3MB,376.8kB / 7.766MB
2026-05-18 18:28:02,188,69.40,124.4MB,34068.5,0.37,9.701GB / 371.7MB,376.8kB / 7.766MB
2026-05-18 18:28:14,188,69.39,123.8MB,34068.5,0.37,9.711GB / 372.1MB,376.8kB / 7.766MB
2026-05-18 18:28:26,188,69.39,123.2MB,34068.5,0.37,9.722GB / 372.5MB,376.8kB / 7.766MB
2026-05-18 18:28:38,188,69.39,124.4MB,34068.5,0.37,9.732GB / 372.9MB,376.8kB / 7.766MB
2026-05-18 18:28:50,189,69.39,123.9MB,34068.5,0.37,9.743GB / 373.3MB,376.8kB / 7.766MB
2026-05-18 18:29:02,189,69.39,123.6MB,34068.5,0.37,9.753GB / 373.7MB,376.8kB / 7.766MB
2026-05-18 18:29:14,189,69.39,123.6MB,34068.5,0.37,9.763GB / 374.1MB,376.8kB / 7.766MB
2026-05-18 18:29:26,189,69.38,124.1MB,34068.5,0.37,9.774GB / 374.5MB,376.8kB / 7.766MB
2026-05-18 18:29:38,189,69.38,123.9MB,34068.5,0.37,9.784GB / 374.9MB,376.8kB / 7.766MB
2026-05-18 18:29:50,190,69.38,124.2MB,34068.5,0.37,9.795GB / 375.3MB,376.8kB / 7.766MB
2026-05-18 18:30:02,190,69.38,123.6MB,34068.5,0.37,9.805GB / 375.7MB,376.8kB / 7.766MB
2026-05-18 18:30:14,190,69.38,123.2MB,34068.5,0.37,9.816GB / 376.1MB,376.8kB / 7.766MB
2026-05-18 18:30:27,190,69.38,123.2MB,34068.5,0.37,9.826GB / 376.5MB,376.8kB / 7.766MB
2026-05-18 18:30:38,190,69.37,123.9MB,34068.5,0.37,9.836GB / 376.9MB,376.8kB / 7.766MB
2026-05-18 18:30:50,191,69.37,124.3MB,34068.5,0.37,9.847GB / 377.3MB,376.8kB / 7.766MB
2026-05-18 18:31:02,191,69.38,123.7MB,34068.5,0.37,9.857GB / 377.7MB,376.8kB / 7.766MB
2026-05-18 18:31:14,191,69.37,124MB,34068.5,0.37,9.868GB / 378.1MB,376.8kB / 7.766MB
2026-05-18 18:31:26,191,69.37,124.6MB,34068.5,0.37,9.878GB / 378.5MB,376.8kB / 7.766MB
2026-05-18 18:31:38,191,69.37,125MB,34068.5,0.38,9.888GB / 378.9MB,376.8kB / 7.766MB
2026-05-18 18:31:50,192,69.37,123.7MB,34068.5,0.37,9.899GB / 379.3MB,376.8kB / 7.766MB
2026-05-18 18:32:02,192,69.37,124.1MB,34068.5,0.37,9.909GB / 379.7MB,376.8kB / 7.766MB
2026-05-18 18:32:15,192,69.36,123.5MB,34068.5,0.37,9.92GB / 380.1MB,376.8kB / 7.766MB
2026-05-18 18:32:26,192,69.37,124.7MB,34068.5,0.37,9.93GB / 380.5MB,376.8kB / 7.766MB
2026-05-18 18:32:38,192,69.36,124.2MB,34068.5,0.37,9.94GB / 380.9MB,376.8kB / 7.766MB
2026-05-18 18:32:50,193,69.36,124MB,34068.5,0.37,9.951GB / 381.3MB,376.8kB / 7.766MB
2026-05-18 18:33:02,193,69.36,124.3MB,34068.5,0.37,9.961GB / 381.7MB,376.8kB / 7.766MB
2026-05-18 18:33:14,193,69.36,125MB,34068.5,0.38,9.972GB / 382.1MB,376.8kB / 7.766MB
2026-05-18 18:33:26,193,69.36,125.5MB,34068.5,0.38,9.982GB / 382.5MB,376.8kB / 7.766MB
2026-05-18 18:33:38,193,69.36,124MB,34068.5,0.37,9.992GB / 382.9MB,376.8kB / 7.766MB
2026-05-18 18:33:50,194,69.36,125MB,34068.5,0.38,10GB / 383.3MB,376.8kB / 7.766MB
2026-05-18 18:34:03,194,69.36,124.5MB,34068.5,0.37,10.01GB / 383.7MB,376.8kB / 7.766MB
2026-05-18 18:34:14,194,69.36,124.3MB,34068.5,0.37,10.02GB / 384.1MB,376.8kB / 7.766MB
2026-05-18 18:34:27,194,69.36,125.6MB,34068.5,0.38,10.03GB / 384.5MB,376.8kB / 7.766MB
2026-05-18 18:34:38,194,69.36,125.1MB,34068.5,0.38,10.04GB / 384.9MB,376.8kB / 7.766MB
2026-05-18 18:34:51,195,69.36,124.5MB,34068.5,0.37,10.06GB / 385.3MB,376.8kB / 7.766MB
2026-05-18 18:35:03,195,69.36,125.2MB,34068.5,0.38,10.07GB / 385.7MB,376.8kB / 7.766MB
2026-05-18 18:35:15,195,69.36,124.7MB,34068.5,0.37,10.08GB / 386.1MB,376.8kB / 7.766MB
2026-05-18 18:35:27,195,69.36,125.2MB,34068.5,0.38,10.09GB / 386.5MB,376.8kB / 7.766MB
2026-05-18 18:35:39,195,69.35,126MB,34068.5,0.38,10.1GB / 386.9MB,376.8kB / 7.766MB
2026-05-18 18:35:51,196,69.36,124.7MB,34068.5,0.37,10.11GB / 387.3MB,376.8kB / 7.766MB
2026-05-18 18:36:03,196,69.35,125MB,34068.5,0.38,10.12GB / 387.7MB,376.8kB / 7.766MB
2026-05-18 18:36:15,196,69.35,125.9MB,34068.5,0.38,10.13GB / 388.1MB,376.8kB / 7.766MB
2026-05-18 18:36:27,196,69.35,124.4MB,34068.5,0.37,10.14GB / 388.5MB,376.8kB / 7.766MB
2026-05-18 18:36:39,196,69.35,124.7MB,34068.5,0.37,10.15GB / 388.9MB,376.8kB / 7.766MB
2026-05-18 18:36:51,197,69.35,125.4MB,34068.5,0.38,10.16GB / 389.3MB,376.8kB / 7.766MB
2026-05-18 18:37:03,197,69.34,125.3MB,34068.5,0.38,10.17GB / 389.7MB,376.8kB / 7.766MB
2026-05-18 18:37:15,197,69.34,124.7MB,34068.5,0.37,10.18GB / 390.1MB,376.8kB / 7.766MB
2026-05-18 18:37:26,197,69.34,126.1MB,34068.5,0.38,10.19GB / 390.5MB,376.8kB / 7.766MB
2026-05-18 18:37:38,197,69.33,125.1MB,34068.5,0.38,10.2GB / 390.9MB,376.8kB / 7.766MB
2026-05-18 18:37:50,198,69.33,125.8MB,34068.5,0.38,10.21GB / 391.2MB,376.8kB / 7.766MB
2026-05-18 18:38:02,198,69.33,126MB,34068.5,0.38,10.22GB / 391.7MB,376.8kB / 7.766MB
2026-05-18 18:38:14,198,69.32,124.7MB,34068.5,0.37,10.23GB / 392.1MB,376.8kB / 7.766MB
2026-05-18 18:38:26,198,69.32,125.4MB,34068.5,0.38,10.24GB / 392.4MB,376.8kB / 7.766MB
2026-05-18 18:38:38,198,69.32,125MB,34068.5,0.38,10.25GB / 392.8MB,376.8kB / 7.766MB
2026-05-18 18:38:50,199,69.33,125.8MB,34068.5,0.38,10.26GB / 393.3MB,376.8kB / 7.766MB
2026-05-18 18:39:02,199,69.33,125.7MB,34068.5,0.38,10.27GB / 393.7MB,376.8kB / 7.766MB
2026-05-18 18:39:14,199,69.33,126.5MB,34068.5,0.38,10.28GB / 394.1MB,376.8kB / 7.766MB
2026-05-18 18:39:26,199,69.32,125.8MB,34068.5,0.38,10.29GB / 394.4MB,376.8kB / 7.766MB
2026-05-18 18:39:38,199,69.32,125.3MB,34068.5,0.38,10.3GB / 394.8MB,376.8kB / 7.766MB
2026-05-18 18:39:51,200,69.32,125.3MB,34068.5,0.38,10.32GB / 395.2MB,376.8kB / 7.766MB
2026-05-18 18:40:03,200,69.31,125.8MB,34068.5,0.38,10.33GB / 395.6MB,376.8kB / 7.766MB
2026-05-18 18:40:14,200,69.31,125.2MB,34068.5,0.38,10.34GB / 396MB,376.8kB / 7.766MB
2026-05-18 18:40:27,200,69.32,126.4MB,34068.5,0.38,10.35GB / 396.4MB,376.8kB / 7.766MB
2026-05-18 18:40:39,200,69.31,126.4MB,34068.5,0.38,10.36GB / 396.8MB,376.8kB / 7.766MB
2026-05-18 18:40:51,201,69.31,125.5MB,34068.5,0.38,10.37GB / 397.2MB,376.8kB / 7.766MB
2026-05-18 18:41:03,201,69.31,127MB,34068.5,0.38,10.38GB / 397.6MB,376.8kB / 7.766MB
2026-05-18 18:41:15,201,69.31,125.8MB,34068.5,0.38,10.39GB / 398MB,376.8kB / 7.766MB
2026-05-18 18:41:27,201,69.31,126.2MB,34068.5,0.38,10.4GB / 398.4MB,376.8kB / 7.766MB
2026-05-18 18:41:39,201,69.31,126.5MB,34068.5,0.38,10.41GB / 398.8MB,380.9kB / 7.766MB
2026-05-18 18:41:51,202,69.31,126.3MB,34068.5,0.38,10.42GB / 399.2MB,380.9kB / 7.766MB
2026-05-18 18:42:03,202,69.31,126.8MB,34068.5,0.38,10.43GB / 399.6MB,380.9kB / 7.766MB
2026-05-18 18:42:15,202,69.31,126.2MB,34068.5,0.38,10.44GB / 400MB,380.9kB / 7.766MB
2026-05-18 18:42:27,202,69.30,126.2MB,34068.5,0.38,10.45GB / 400.4MB,380.9kB / 7.766MB
2026-05-18 18:42:39,202,69.30,126.2MB,34068.5,0.38,10.46GB / 400.8MB,380.9kB / 7.766MB
2026-05-18 18:42:51,203,69.30,126.6MB,34068.5,0.38,10.47GB / 401.2MB,380.9kB / 7.766MB
2026-05-18 18:43:03,203,69.30,126.4MB,34068.5,0.38,10.48GB / 401.6MB,380.9kB / 7.766MB
2026-05-18 18:43:15,203,69.30,126.6MB,34068.5,0.38,10.49GB / 402MB,380.9kB / 7.766MB
2026-05-18 18:43:27,203,69.29,126.9MB,34068.5,0.38,10.5GB / 402.4MB,380.9kB / 7.766MB
2026-05-18 18:43:39,203,69.29,126.6MB,34068.5,0.38,10.51GB / 402.8MB,380.9kB / 7.766MB
2026-05-18 18:43:51,204,69.29,127MB,34068.5,0.38,10.52GB / 403.2MB,380.9kB / 7.766MB
2026-05-18 18:44:03,204,69.28,127.1MB,34068.5,0.38,10.53GB / 403.6MB,380.9kB / 7.766MB
2026-05-18 18:44:15,204,69.28,127.1MB,34068.5,0.38,10.54GB / 404MB,380.9kB / 7.766MB
2026-05-18 18:44:27,204,69.28,126.9MB,34068.5,0.38,10.55GB / 404.4MB,380.9kB / 7.766MB
2026-05-18 18:44:39,204,69.28,126.8MB,34068.5,0.38,10.56GB / 404.8MB,380.9kB / 7.766MB
2026-05-18 18:44:51,205,69.29,126.8MB,34068.5,0.38,10.58GB / 405.2MB,380.9kB / 7.766MB
2026-05-18 18:45:04,205,69.29,126.9MB,34068.5,0.38,10.59GB / 405.6MB,380.9kB / 7.766MB
2026-05-18 18:45:16,205,69.28,126.9MB,34068.5,0.38,10.6GB / 406MB,380.9kB / 7.766MB
2026-05-18 18:45:28,205,69.28,127.6MB,34068.5,0.38,10.61GB / 406.4MB,380.9kB / 7.766MB
2026-05-18 18:45:40,205,69.28,127MB,34068.5,0.38,10.62GB / 406.8MB,380.9kB / 7.766MB
2026-05-18 18:45:52,206,69.28,127.6MB,34068.5,0.38,10.63GB / 407.2MB,380.9kB / 7.766MB
2026-05-18 18:46:04,206,69.28,127MB,34068.5,0.38,10.64GB / 407.6MB,380.9kB / 7.766MB
2026-05-18 18:46:16,206,69.28,127.6MB,34068.5,0.38,10.65GB / 408MB,380.9kB / 7.766MB
2026-05-18 18:46:28,206,69.28,127.8MB,34068.5,0.38,10.66GB / 408.4MB,380.9kB / 7.766MB
2026-05-18 18:46:40,206,69.28,126.5MB,34068.5,0.38,10.67GB / 408.8MB,380.9kB / 7.766MB
2026-05-18 18:46:52,207,69.28,128.2MB,34068.5,0.39,10.68GB / 409.2MB,380.9kB / 7.766MB
2026-05-18 18:47:04,207,69.28,126.6MB,34068.5,0.38,10.69GB / 409.6MB,380.9kB / 7.766MB
2026-05-18 18:47:16,207,69.28,127.7MB,34068.5,0.38,10.7GB / 410MB,380.9kB / 7.766MB
2026-05-18 18:47:28,207,69.28,127.3MB,34068.5,0.38,10.71GB / 410.4MB,380.9kB / 7.766MB
2026-05-18 18:47:40,207,69.28,127.1MB,34068.5,0.38,10.72GB / 410.8MB,380.9kB / 7.766MB
2026-05-18 18:47:53,208,69.28,127.9MB,34068.5,0.38,10.73GB / 411.2MB,380.9kB / 7.766MB
2026-05-18 18:48:05,208,69.27,126.9MB,34068.5,0.38,10.74GB / 411.6MB,380.9kB / 7.766MB
2026-05-18 18:48:17,208,69.27,127.7MB,34068.5,0.38,10.75GB / 412MB,380.9kB / 7.766MB
2026-05-18 18:48:29,208,69.26,127.6MB,34068.5,0.38,10.76GB / 412.4MB,380.9kB / 7.766MB
2026-05-18 18:48:41,208,69.26,127.7MB,34068.5,0.38,10.77GB / 412.8MB,380.9kB / 7.766MB
2026-05-18 18:48:53,209,69.26,127.7MB,34068.5,0.38,10.78GB / 413.2MB,380.9kB / 7.766MB
2026-05-18 18:49:05,209,69.26,128.3MB,34068.5,0.39,10.79GB / 413.6MB,380.9kB / 7.766MB
2026-05-18 18:49:17,209,69.26,127.1MB,34068.5,0.38,10.81GB / 414MB,380.9kB / 7.766MB
2026-05-18 18:49:29,209,69.26,128.3MB,34068.5,0.39,10.82GB / 414.4MB,380.9kB / 7.766MB
2026-05-18 18:49:41,209,69.26,128MB,34068.5,0.38,10.83GB / 414.8MB,380.9kB / 7.766MB
2026-05-18 18:49:53,210,69.26,128.2MB,34068.5,0.39,10.84GB / 415.2MB,380.9kB / 7.766MB
2026-05-18 18:50:05,210,69.26,128.1MB,34068.5,0.38,10.85GB / 415.6MB,380.9kB / 7.766MB
2026-05-18 18:50:17,210,69.26,129MB,34068.5,0.39,10.86GB / 416MB,380.9kB / 7.766MB
2026-05-18 18:50:29,210,69.26,128.8MB,34068.5,0.39,10.87GB / 416.4MB,380.9kB / 7.766MB
2026-05-18 18:50:41,210,69.26,128.1MB,34068.5,0.38,10.88GB / 416.8MB,380.9kB / 7.766MB
2026-05-18 18:50:53,211,69.26,127.7MB,34068.5,0.38,10.89GB / 417.2MB,380.9kB / 7.766MB
2026-05-18 18:51:05,211,69.26,127.5MB,34068.5,0.38,10.9GB / 417.6MB,380.9kB / 7.766MB
2026-05-18 18:51:18,211,69.26,128.7MB,34068.5,0.39,10.91GB / 418.1MB,380.9kB / 7.766MB
2026-05-18 18:51:30,211,69.26,128MB,34068.5,0.38,10.92GB / 418.5MB,380.9kB / 7.766MB
2026-05-18 18:51:42,212,69.26,129.1MB,34068.5,0.39,10.93GB / 418.9MB,380.9kB / 7.766MB
2026-05-18 18:51:54,212,69.26,128.1MB,34068.5,0.39,10.94GB / 419.2MB,380.9kB / 7.766MB
2026-05-18 18:52:06,212,69.26,128.4MB,34068.5,0.39,10.95GB / 419.7MB,380.9kB / 7.766MB
2026-05-18 18:52:18,212,69.26,128.3MB,34068.5,0.39,10.96GB / 420MB,380.9kB / 7.766MB
2026-05-18 18:52:30,212,69.25,128.7MB,34068.5,0.39,10.97GB / 420.4MB,380.9kB / 7.766MB
2026-05-18 18:52:42,213,69.26,128.6MB,34068.5,0.39,10.98GB / 420.9MB,380.9kB / 7.766MB
2026-05-18 18:52:54,213,69.25,127.8MB,34068.5,0.38,10.99GB / 421.3MB,380.9kB / 7.766MB
2026-05-18 18:53:06,213,69.25,129.2MB,34068.5,0.39,11GB / 421.7MB,380.9kB / 7.766MB
2026-05-18 18:53:18,213,69.25,128.9MB,34068.5,0.39,11.01GB / 422.1MB,380.9kB / 7.766MB
2026-05-18 18:53:30,213,69.25,128.9MB,34068.5,0.39,11.02GB / 422.5MB,380.9kB / 7.766MB
2026-05-18 18:53:42,214,69.25,129MB,34068.5,0.39,11.04GB / 422.9MB,380.9kB / 7.766MB
2026-05-18 18:53:54,214,69.25,128.3MB,34068.5,0.39,11.05GB / 423.3MB,380.9kB / 7.766MB
2026-05-18 18:54:06,214,69.25,128.9MB,34068.5,0.39,11.06GB / 423.6MB,380.9kB / 7.766MB
2026-05-18 18:54:18,214,69.26,128.2MB,34068.5,0.39,11.07GB / 424.1MB,380.9kB / 7.766MB
2026-05-18 18:54:30,214,69.26,129.2MB,34068.5,0.39,11.08GB / 424.5MB,380.9kB / 7.766MB
2026-05-18 18:54:42,215,69.25,129MB,34068.5,0.39,11.09GB / 424.9MB,380.9kB / 7.766MB
2026-05-18 18:54:54,215,69.25,129MB,34068.5,0.39,11.1GB / 425.2MB,380.9kB / 7.766MB
2026-05-18 18:55:06,215,69.25,129MB,34068.5,0.39,11.11GB / 425.6MB,380.9kB / 7.766MB
2026-05-18 18:55:18,215,69.25,128.9MB,34068.5,0.39,11.12GB / 426MB,380.9kB / 7.766MB
2026-05-18 18:55:30,215,69.24,128.6MB,34068.5,0.39,11.13GB / 426.4MB,380.9kB / 7.766MB
2026-05-18 18:55:43,216,69.24,129.6MB,34068.5,0.39,11.14GB / 426.8MB,380.9kB / 7.766MB
2026-05-18 18:55:55,216,69.24,128.9MB,34068.5,0.39,11.15GB / 427.2MB,380.9kB / 7.766MB
2026-05-18 18:56:07,216,69.24,128.9MB,34068.5,0.39,11.16GB / 427.7MB,380.9kB / 7.766MB
2026-05-18 18:56:19,216,69.24,128.8MB,34068.5,0.39,11.17GB / 428MB,380.9kB / 7.766MB
2026-05-18 18:56:31,216,69.24,129.4MB,34068.5,0.39,11.18GB / 428.4MB,380.9kB / 7.766MB
2026-05-18 18:56:43,217,69.24,129.2MB,34068.5,0.39,11.19GB / 428.8MB,380.9kB / 7.766MB
2026-05-18 18:56:55,217,69.23,129.4MB,34068.5,0.39,11.2GB / 429.2MB,380.9kB / 7.766MB
2026-05-18 18:57:07,217,69.23,129MB,34068.5,0.39,11.21GB / 429.6MB,380.9kB / 7.766MB
2026-05-18 18:57:19,217,69.23,129.5MB,34068.5,0.39,11.22GB / 430MB,380.9kB / 7.766MB
2026-05-18 18:57:31,217,69.24,129.4MB,34068.5,0.39,11.23GB / 430.5MB,380.9kB / 7.766MB
2026-05-18 18:57:43,218,69.23,129.5MB,34068.5,0.39,11.24GB / 430.9MB,380.9kB / 7.766MB
2026-05-18 18:57:55,218,69.23,129.1MB,34068.5,0.39,11.25GB / 431.3MB,380.9kB / 7.766MB
2026-05-18 18:58:08,218,69.23,129.1MB,34068.5,0.39,11.26GB / 431.7MB,380.9kB / 7.766MB
2026-05-18 18:58:20,218,69.23,131.2MB,34068.5,0.39,11.28GB / 432.1MB,380.9kB / 7.766MB
2026-05-18 18:58:32,218,69.23,130.7MB,34068.5,0.39,11.29GB / 432.5MB,380.9kB / 7.766MB
2026-05-18 18:58:44,219,69.23,130.9MB,34068.5,0.39,11.3GB / 432.9MB,380.9kB / 7.766MB
2026-05-18 18:58:56,219,69.23,131.1MB,34068.5,0.39,11.31GB / 433.3MB,380.9kB / 7.766MB
2026-05-18 18:59:08,219,69.22,130.7MB,34068.5,0.39,11.32GB / 433.7MB,380.9kB / 7.766MB
2026-05-18 18:59:20,219,69.23,130.8MB,34068.5,0.39,11.33GB / 434.1MB,380.9kB / 7.766MB
2026-05-18 18:59:32,219,69.23,131.5MB,34068.5,0.40,11.34GB / 434.5MB,380.9kB / 7.766MB
2026-05-18 18:59:44,220,69.23,130.8MB,34068.5,0.39,11.35GB / 434.9MB,380.9kB / 7.766MB
2026-05-18 18:59:56,220,69.22,130.3MB,34068.5,0.39,11.36GB / 435.3MB,380.9kB / 7.766MB
2026-05-18 19:00:08,220,69.22,130.8MB,34068.5,0.39,11.37GB / 435.6MB,380.9kB / 7.766MB
2026-05-18 19:00:20,220,69.22,131.3MB,34068.5,0.39,11.38GB / 436MB,380.9kB / 7.766MB
2026-05-18 19:00:32,220,69.21,130.7MB,34068.5,0.39,11.39GB / 436.4MB,380.9kB / 7.766MB
2026-05-18 19:00:44,221,69.21,131.4MB,34068.5,0.40,11.4GB / 436.8MB,380.9kB / 7.766MB
2026-05-18 19:00:56,221,69.21,130.9MB,34068.5,0.39,11.41GB / 437.2MB,380.9kB / 7.766MB
2026-05-18 19:01:08,221,69.21,131.3MB,34068.5,0.39,11.42GB / 437.6MB,380.9kB / 7.766MB
2026-05-18 19:01:20,221,69.21,130.6MB,34068.5,0.39,11.43GB / 438MB,380.9kB / 7.766MB
2026-05-18 19:01:32,221,69.21,131.7MB,34068.5,0.40,11.44GB / 438.4MB,380.9kB / 7.766MB
2026-05-18 19:01:44,222,69.21,131MB,34068.5,0.39,11.45GB / 438.9MB,380.9kB / 7.766MB
2026-05-18 19:01:57,222,69.21,131.8MB,34068.5,0.40,11.46GB / 439.3MB,380.9kB / 7.766MB
2026-05-18 19:02:09,222,69.20,131.3MB,34068.5,0.39,11.47GB / 439.7MB,380.9kB / 7.766MB
2026-05-18 19:02:21,222,69.20,131MB,34068.5,0.39,11.48GB / 440.1MB,380.9kB / 7.766MB
2026-05-18 19:02:33,222,69.20,131.5MB,34068.5,0.40,11.49GB / 440.5MB,380.9kB / 7.766MB
2026-05-18 19:02:45,223,69.20,131.4MB,34068.5,0.40,11.51GB / 440.9MB,380.9kB / 7.766MB
2026-05-18 19:02:57,223,69.20,131.9MB,34068.5,0.40,11.52GB / 441.3MB,380.9kB / 7.766MB
2026-05-18 19:03:09,223,69.20,131.4MB,34068.5,0.40,11.53GB / 441.7MB,380.9kB / 7.766MB
2026-05-18 19:03:21,223,69.20,131.1MB,34068.5,0.39,11.54GB / 442.1MB,380.9kB / 7.766MB
2026-05-18 19:03:33,223,69.20,131MB,34068.5,0.39,11.55GB / 442.5MB,380.9kB / 7.766MB
2026-05-18 19:03:45,224,69.20,131.3MB,34068.5,0.39,11.56GB / 442.9MB,380.9kB / 7.766MB
2026-05-18 19:03:58,224,69.20,131.6MB,34068.5,0.40,11.57GB / 443.3MB,380.9kB / 7.766MB
2026-05-18 19:04:10,224,69.20,131.9MB,34068.5,0.40,11.58GB / 443.7MB,380.9kB / 7.766MB
2026-05-18 19:04:22,224,69.20,131.6MB,34068.5,0.40,11.59GB / 444.1MB,380.9kB / 7.766MB
2026-05-18 19:04:34,224,69.20,131.9MB,34068.5,0.40,11.6GB / 444.5MB,380.9kB / 7.766MB
2026-05-18 19:04:46,225,69.20,131.3MB,34068.5,0.39,11.61GB / 444.9MB,380.9kB / 7.766MB
2026-05-18 19:04:58,225,69.19,131.3MB,34068.5,0.39,11.62GB / 445.3MB,380.9kB / 7.766MB
2026-05-18 19:05:10,225,69.19,131.8MB,34068.5,0.40,11.63GB / 445.7MB,380.9kB / 7.766MB
2026-05-18 19:05:23,225,69.19,132.1MB,34068.5,0.40,11.64GB / 446.1MB,380.9kB / 7.766MB
2026-05-18 19:05:35,225,69.19,131.7MB,34068.5,0.40,11.65GB / 446.5MB,380.9kB / 7.766MB
2026-05-18 19:05:47,226,69.19,131.9MB,34068.5,0.40,11.66GB / 446.9MB,380.9kB / 7.766MB
2026-05-18 19:05:59,226,69.19,131.9MB,34068.5,0.40,11.67GB / 447.3MB,380.9kB / 7.766MB
2026-05-18 19:06:11,226,69.19,132.1MB,34068.5,0.40,11.68GB / 447.7MB,380.9kB / 7.766MB
2026-05-18 19:06:23,226,69.19,132.2MB,34068.5,0.40,11.69GB / 448.1MB,380.9kB / 7.766MB
2026-05-18 19:06:35,226,69.19,132.4MB,34068.5,0.40,11.7GB / 448.5MB,380.9kB / 7.766MB
2026-05-18 19:06:47,227,69.19,132.4MB,34068.5,0.40,11.71GB / 448.9MB,380.9kB / 7.766MB
2026-05-18 19:06:59,227,69.19,132.6MB,34068.5,0.40,11.72GB / 449.3MB,380.9kB / 7.766MB
2026-05-18 19:07:12,227,69.19,132.1MB,34068.5,0.40,11.74GB / 449.7MB,380.9kB / 7.766MB
2026-05-18 19:07:24,227,69.18,132.7MB,34068.5,0.40,11.75GB / 450.1MB,380.9kB / 7.766MB
2026-05-18 19:07:35,227,69.18,132.6MB,34068.5,0.40,11.76GB / 450.5MB,380.9kB / 7.766MB
2026-05-18 19:07:48,228,69.18,132.3MB,34068.5,0.40,11.77GB / 450.9MB,380.9kB / 7.766MB
2026-05-18 19:07:59,228,69.18,132.9MB,34068.5,0.40,11.78GB / 451.3MB,380.9kB / 7.766MB
2026-05-18 19:08:11,228,69.18,132.1MB,34068.5,0.40,11.79GB / 451.7MB,380.9kB / 7.766MB
2026-05-18 19:08:24,228,69.18,133MB,34068.5,0.40,11.8GB / 452.1MB,380.9kB / 7.766MB
2026-05-18 19:08:35,228,69.18,132.5MB,34068.5,0.40,11.81GB / 452.5MB,380.9kB / 7.766MB
2026-05-18 19:08:48,229,69.18,133.1MB,34068.5,0.40,11.82GB / 452.9MB,380.9kB / 7.766MB
2026-05-18 19:09:00,229,69.17,133.2MB,34068.5,0.40,11.83GB / 453.3MB,380.9kB / 7.766MB
2026-05-18 19:09:12,229,69.17,134MB,34068.5,0.40,11.84GB / 453.7MB,380.9kB / 7.766MB
2026-05-18 19:09:24,229,69.17,132.9MB,34068.5,0.40,11.85GB / 454.1MB,380.9kB / 7.766MB
2026-05-18 19:09:36,229,69.17,132.6MB,34068.5,0.40,11.86GB / 454.5MB,380.9kB / 7.766MB
2026-05-18 19:09:48,230,69.17,132.7MB,34068.5,0.40,11.87GB / 454.9MB,380.9kB / 7.766MB
2026-05-18 19:10:00,230,69.17,132.7MB,34068.5,0.40,11.88GB / 455.3MB,380.9kB / 7.766MB
2026-05-18 19:10:12,230,69.17,133.1MB,34068.5,0.40,11.89GB / 455.7MB,380.9kB / 7.766MB
2026-05-18 19:10:24,230,69.17,133.2MB,34068.5,0.40,11.9GB / 456MB,380.9kB / 7.766MB
2026-05-18 19:10:36,230,69.17,133.3MB,34068.5,0.40,11.91GB / 456.5MB,380.9kB / 7.766MB
2026-05-18 19:10:48,231,69.16,133.7MB,34068.5,0.40,11.92GB / 456.8MB,380.9kB / 7.766MB
2026-05-18 19:11:00,231,69.16,133.5MB,34068.5,0.40,11.93GB / 457.2MB,380.9kB / 7.766MB
2026-05-18 19:11:12,231,69.16,132.9MB,34068.5,0.40,11.94GB / 457.6MB,380.9kB / 7.766MB
2026-05-18 19:11:24,231,69.16,132.9MB,34068.5,0.40,11.95GB / 458.1MB,380.9kB / 7.766MB
2026-05-18 19:11:36,231,69.16,133.8MB,34068.5,0.40,11.96GB / 458.5MB,380.9kB / 7.766MB
2026-05-18 19:11:48,232,69.16,133.2MB,34068.5,0.40,11.97GB / 458.9MB,380.9kB / 7.766MB
2026-05-18 19:12:00,232,69.16,133.2MB,34068.5,0.40,11.98GB / 459.3MB,380.9kB / 7.766MB
2026-05-18 19:12:12,232,69.16,133.4MB,34068.5,0.40,12GB / 459.7MB,380.9kB / 7.766MB
2026-05-18 19:12:24,232,69.16,133.1MB,34068.5,0.40,12.01GB / 460.1MB,380.9kB / 7.766MB
2026-05-18 19:12:36,232,69.16,133.5MB,34068.5,0.40,12.02GB / 460.4MB,380.9kB / 7.766MB
2026-05-18 19:12:48,233,69.16,133MB,34068.5,0.40,12.03GB / 460.8MB,380.9kB / 7.766MB
2026-05-18 19:13:00,233,69.16,133MB,34068.5,0.40,12.04GB / 461.2MB,380.9kB / 7.766MB
2026-05-18 19:13:12,233,69.16,133.7MB,34068.5,0.40,12.05GB / 461.6MB,380.9kB / 7.766MB
2026-05-18 19:13:24,233,69.15,133.8MB,34068.5,0.40,12.06GB / 462MB,380.9kB / 7.766MB
2026-05-18 19:13:36,233,69.15,133.6MB,34068.5,0.40,12.07GB / 462.4MB,380.9kB / 7.766MB
2026-05-18 19:13:48,234,69.15,134MB,34068.5,0.40,12.08GB / 462.8MB,380.9kB / 7.766MB
2026-05-18 19:14:01,234,69.15,133.4MB,34068.5,0.40,12.09GB / 463.2MB,380.9kB / 7.766MB
2026-05-18 19:14:13,234,69.14,133.8MB,34068.5,0.40,12.1GB / 463.6MB,380.9kB / 7.766MB
2026-05-18 19:14:25,234,69.14,134.1MB,34068.5,0.40,12.11GB / 464MB,380.9kB / 7.766MB
2026-05-18 19:14:37,234,69.14,133.6MB,34068.5,0.40,12.12GB / 464.4MB,380.9kB / 7.766MB
2026-05-18 19:14:49,235,69.13,134.2MB,34068.5,0.40,12.13GB / 464.8MB,380.9kB / 7.766MB
2026-05-18 19:15:01,235,69.13,134.2MB,34068.5,0.40,12.14GB / 465.2MB,380.9kB / 7.766MB
2026-05-18 19:15:13,235,69.13,134.4MB,34068.5,0.40,12.15GB / 465.6MB,380.9kB / 7.766MB
2026-05-18 19:15:25,235,69.13,133.6MB,34068.5,0.40,12.16GB / 466MB,380.9kB / 7.766MB
2026-05-18 19:15:37,235,69.13,133.7MB,34068.5,0.40,12.17GB / 466.4MB,380.9kB / 7.766MB
2026-05-18 19:15:49,236,69.12,133.7MB,34068.5,0.40,12.18GB / 466.8MB,380.9kB / 7.766MB
2026-05-18 19:16:01,236,69.12,134.5MB,34068.5,0.40,12.19GB / 467.2MB,380.9kB / 7.766MB
2026-05-18 19:16:13,236,69.12,133.8MB,34068.5,0.40,12.2GB / 467.6MB,380.9kB / 7.766MB
2026-05-18 19:16:25,236,69.12,134.5MB,34068.5,0.40,12.21GB / 468MB,380.9kB / 7.766MB
2026-05-18 19:16:37,236,69.12,133.5MB,34068.5,0.40,12.22GB / 468.4MB,380.9kB / 7.766MB
2026-05-18 19:16:49,237,69.12,134.9MB,34068.5,0.41,12.23GB / 468.8MB,380.9kB / 7.766MB
2026-05-18 19:17:01,237,69.11,133.6MB,34068.5,0.40,12.25GB / 469.2MB,380.9kB / 7.766MB
2026-05-18 19:17:13,237,69.11,134.3MB,34068.5,0.40,12.26GB / 469.6MB,380.9kB / 7.766MB
2026-05-18 19:17:25,237,69.11,134.8MB,34068.5,0.41,12.27GB / 470MB,380.9kB / 7.766MB
2026-05-18 19:17:37,237,69.11,135.2MB,34068.5,0.41,12.28GB / 470.4MB,385kB / 7.766MB
2026-05-18 19:17:49,238,69.11,134.3MB,34068.5,0.40,12.29GB / 470.8MB,385kB / 7.766MB
2026-05-18 19:18:01,238,69.11,134.3MB,34068.5,0.40,12.3GB / 471.2MB,385kB / 7.766MB
2026-05-18 19:18:13,238,69.10,135MB,34068.5,0.41,12.31GB / 471.6MB,385kB / 7.766MB
2026-05-18 19:18:25,238,69.10,134MB,34068.5,0.40,12.32GB / 472MB,385kB / 7.766MB
2026-05-18 19:18:37,238,69.10,135.4MB,34068.5,0.41,12.33GB / 472.4MB,385kB / 7.766MB
2026-05-18 19:18:49,239,69.10,135.4MB,34068.5,0.41,12.34GB / 472.8MB,385kB / 7.766MB
2026-05-18 19:19:01,239,69.10,135MB,34068.5,0.41,12.35GB / 473.2MB,385kB / 7.766MB
2026-05-18 19:19:13,239,69.10,135MB,34068.5,0.41,12.36GB / 473.6MB,385kB / 7.766MB
2026-05-18 19:19:25,239,69.10,135.2MB,34068.5,0.41,12.37GB / 474MB,385kB / 7.766MB
2026-05-18 19:19:37,239,69.10,135.1MB,34068.5,0.41,12.38GB / 474.4MB,385kB / 7.766MB
2026-05-18 19:19:49,240,69.10,134.6MB,34068.5,0.40,12.39GB / 474.8MB,385kB / 7.766MB
2026-05-18 19:20:02,240,69.10,134.6MB,34068.5,0.40,12.4GB / 475.2MB,385kB / 7.766MB
2026-05-18 19:20:14,240,69.10,135.1MB,34068.5,0.41,12.41GB / 475.6MB,385kB / 7.766MB
2026-05-18 19:20:25,240,69.10,134.8MB,34068.5,0.41,12.42GB / 476MB,385kB / 7.766MB
2026-05-18 19:20:37,240,69.10,135.6MB,34068.5,0.41,12.43GB / 476.4MB,385kB / 7.766MB
2026-05-18 19:20:50,241,69.06,134.1MB,34068.5,0.40,12.44GB / 476.6MB,385kB / 7.766MB
2026-05-18 19:21:02,241,69.01,134.1MB,34068.5,0.40,12.44GB / 476.6MB,385kB / 7.766MB
2026-05-18 19:21:14,241,68.95,134.3MB,34068.5,0.40,12.44GB / 476.6MB,385kB / 7.766MB
2026-05-18 19:21:26,241,68.90,134.1MB,34068.5,0.40,12.44GB / 476.6MB,385kB / 7.766MB
2026-05-18 19:21:38,241,68.84,134.3MB,34068.5,0.40,12.44GB / 476.6MB,385kB / 7.766MB
2026-05-18 19:21:50,242,68.78,134.1MB,34068.5,0.40,12.44GB / 476.6MB,385kB / 7.766MB
2026-05-18 19:22:02,242,68.73,134.3MB,34068.5,0.40,12.44GB / 476.6MB,385kB / 7.766MB
2026-05-18 19:22:14,242,68.67,134.3MB,34068.5,0.40,12.44GB / 476.6MB,385kB / 7.766MB
2026-05-18 19:22:25,242,68.62,134.1MB,34068.5,0.40,12.44GB / 476.6MB,385kB / 7.766MB
2026-05-18 19:22:37,242,68.56,134.3MB,34068.5,0.40,12.44GB / 476.6MB,385kB / 7.766MB
2026-05-18 19:22:49,243,68.51,134.1MB,34068.5,0.40,12.44GB / 476.6MB,385kB / 7.766MB
2026-05-18 19:23:01,243,68.45,134.6MB,34068.5,0.40,12.44GB / 476.7MB,385kB / 7.766MB
2026-05-18 19:23:13,243,68.40,134.6MB,34068.5,0.40,12.44GB / 476.7MB,385kB / 7.766MB
2026-05-18 19:23:25,243,68.34,134.1MB,34068.5,0.40,12.44GB / 476.7MB,385kB / 7.766MB
2026-05-18 19:23:37,243,68.29,134.1MB,34068.5,0.40,12.44GB / 476.7MB,385kB / 7.766MB
2026-05-18 19:23:49,244,68.24,134.3MB,34068.5,0.40,12.44GB / 476.7MB,385kB / 7.766MB
2026-05-18 19:24:01,244,68.18,134.1MB,34068.5,0.40,12.44GB / 476.7MB,385kB / 7.766MB
2026-05-18 19:24:12,244,68.13,134.3MB,34068.5,0.40,12.44GB / 476.7MB,385kB / 7.766MB
2026-05-18 19:24:24,244,68.08,134.1MB,34068.5,0.40,12.44GB / 476.7MB,385kB / 7.766MB
2026-05-18 19:24:35,244,68.03,134.1MB,34068.5,0.40,12.44GB / 476.7MB,385kB / 7.766MB
2026-05-18 19:24:47,245,67.97,134.1MB,34068.5,0.40,12.44GB / 476.7MB,385kB / 7.766MB
2026-05-18 19:24:58,245,67.92,134.1MB,34068.5,0.40,12.44GB / 476.7MB,385kB / 7.766MB
2026-05-18 19:25:10,245,67.87,134.1MB,34068.5,0.40,12.44GB / 476.7MB,385kB / 7.766MB
2026-05-18 19:25:22,245,67.82,134.1MB,34068.5,0.40,12.44GB / 476.7MB,385kB / 7.766MB
2026-05-18 19:25:33,245,67.77,134.1MB,34068.5,0.40,12.44GB / 476.7MB,385kB / 7.766MB
2026-05-18 19:25:45,246,67.71,134.1MB,34068.5,0.40,12.44GB / 476.7MB,385kB / 7.766MB
2026-05-18 19:25:56,246,67.66,134.1MB,34068.5,0.40,12.44GB / 476.7MB,385kB / 7.766MB
2026-05-18 19:26:08,246,67.61,134.1MB,34068.5,0.40,12.44GB / 476.7MB,385kB / 7.766MB
2026-05-18 19:26:19,246,67.56,134.3MB,34068.5,0.40,12.44GB / 476.7MB,385kB / 7.766MB
2026-05-18 19:26:31,246,67.51,134.1MB,34068.5,0.40,12.44GB / 476.7MB,385kB / 7.766MB
2026-05-18 19:26:43,247,67.45,134.1MB,34068.5,0.40,12.44GB / 476.7MB,385kB / 7.766MB
2026-05-18 19:26:54,247,67.40,134.3MB,34068.5,0.40,12.44GB / 476.7MB,385kB / 7.766MB
2026-05-18 19:27:06,247,67.35,134.1MB,34068.5,0.40,12.44GB / 476.8MB,385kB / 7.766MB
2026-05-18 19:27:17,247,67.30,134.1MB,34068.5,0.40,12.44GB / 476.8MB,385kB / 7.766MB
2026-05-18 19:27:29,247,67.25,134.3MB,34068.5,0.40,12.44GB / 476.8MB,385kB / 7.766MB
2026-05-18 19:27:40,247,67.20,134.1MB,34068.5,0.40,12.44GB / 476.8MB,385kB / 7.766MB
2026-05-18 19:27:52,248,67.15,134.1MB,34068.5,0.40,12.44GB / 476.8MB,385kB / 7.766MB
2026-05-18 19:28:03,248,67.09,134.1MB,34068.5,0.40,12.44GB / 476.8MB,385kB / 7.766MB
2026-05-18 19:28:15,248,67.04,134.3MB,34068.5,0.40,12.44GB / 476.8MB,385kB / 7.766MB
2026-05-18 19:28:27,248,66.99,134.1MB,34068.5,0.40,12.44GB / 476.8MB,385kB / 7.766MB
2026-05-18 19:28:38,248,66.94,134.1MB,34068.5,0.40,12.44GB / 476.8MB,385kB / 7.766MB
2026-05-18 19:28:50,249,66.89,134.1MB,34068.5,0.40,12.44GB / 476.8MB,385kB / 7.766MB
2026-05-18 19:29:01,249,66.84,134.3MB,34068.5,0.40,12.44GB / 476.8MB,385kB / 7.766MB
2026-05-18 19:29:13,249,66.79,134.3MB,34068.5,0.40,12.44GB / 476.8MB,385kB / 7.766MB
