timestamp,elapsed_min,gc_collected_gen0,gc_collected_gen1,gc_collected_gen2,gc_uncollectable_gen0,gc_uncollectable_gen1,gc_uncollectable_gen2,gc_collections_gen0,gc_collections_gen1,gc_collections_gen2,process_rss_bytes,process_vm_bytes,process_cpu_seconds,open_fds,ccx_received,ccx_failures_ocp,ccx_processed_ocp,ccx_published_ocp,broker_instances,broker_exceptions,broker_tracebacks
2026-05-18 15:19:42,0,1509.0,880.0,89.0,0.0,0.0,0.0,195.0,17.0,1.0,7.6427264e+07,1.237229568e+09,0.8,28.0,0.0,0.0,0.0,0.0,0.0,0.0,0.0
2026-05-18 15:19:54,0,1509.0,880.0,89.0,0.0,0.0,0.0,195.0,17.0,1.0,7.6427264e+07,1.237229568e+09,0.8200000000000001,28.0,0.0,0.0,0.0,0.0,0.0,0.0,0.0
2026-05-18 15:20:06,0,1509.0,880.0,89.0,0.0,0.0,0.0,195.0,17.0,1.0,7.6427264e+07,1.237229568e+09,0.8300000000000001,28.0,0.0,0.0,0.0,0.0,0.0,0.0,0.0
2026-05-18 15:20:18,0,1509.0,880.0,89.0,0.0,0.0,0.0,195.0,17.0,1.0,7.6427264e+07,1.237229568e+09,0.8500000000000001,28.0,0.0,0.0,0.0,0.0,0.0,0.0,0.0
2026-05-18 15:20:30,0,1509.0,880.0,89.0,0.0,0.0,0.0,195.0,17.0,1.0,7.6427264e+07,1.237229568e+09,0.87,28.0,0.0,0.0,0.0,0.0,0.0,0.0,0.0
2026-05-18 15:20:42,1,1509.0,880.0,89.0,0.0,0.0,0.0,195.0,17.0,1.0,7.6427264e+07,1.237229568e+09,0.89,28.0,0.0,0.0,0.0,0.0,0.0,0.0,0.0
2026-05-18 15:20:54,1,4323.0,161666.0,29572.0,0.0,0.0,0.0,495.0,45.0,3.0,1.0514432e+08,1.25589504e+09,7.789999999999999,30.0,85.0,0.0,84.0,84.0,1.0,0.0,0.0
2026-05-18 15:21:06,1,7699.0,349226.0,125948.0,0.0,0.0,0.0,793.0,72.0,6.0,1.05406464e+08,1.25589504e+09,15.29,31.0,183.0,0.0,182.0,182.0,1.0,0.0,0.0
2026-05-18 15:21:18,1,11061.0,539481.0,190218.0,0.0,0.0,0.0,1089.0,99.0,8.0,1.05537536e+08,1.25589504e+09,22.270000000000003,30.0,283.0,0.0,282.0,282.0,1.0,0.0,0.0
2026-05-18 15:21:30,1,14548.0,724261.0,281206.0,0.0,0.0,0.0,1386.0,125.0,11.0,1.05537536e+08,1.25589504e+09,28.98,29.0,381.0,0.0,381.0,381.0,1.0,0.0,0.0
2026-05-18 15:21:42,2,17895.0,917197.0,342801.0,0.0,0.0,0.0,1674.0,152.0,13.0,1.05537536e+08,1.25589504e+09,35.64,30.0,479.0,0.0,478.0,478.0,1.0,0.0,0.0
2026-05-18 15:21:54,2,21341.0,1.107371e+06,436496.0,0.0,0.0,0.0,1970.0,179.0,16.0,1.05668608e+08,1.25589504e+09,42.22,35.0,578.0,0.0,577.0,577.0,1.0,0.0,0.0
2026-05-18 15:22:06,2,24732.0,1.292241e+06,500734.0,0.0,0.0,0.0,2266.0,205.0,18.0,1.05930752e+08,1.25589504e+09,49.1,30.0,677.0,0.0,676.0,676.0,1.0,0.0,0.0
2026-05-18 15:22:18,2,28213.0,1.490472e+06,564972.0,0.0,0.0,0.0,2563.0,233.0,20.0,1.05930752e+08,1.25589504e+09,56.35,35.0,776.0,0.0,775.0,775.0,1.0,0.0,0.0
2026-05-18 15:22:30,2,31566.0,1.678017e+06,658673.0,0.0,0.0,0.0,2853.0,259.0,23.0,1.05930752e+08,1.25589504e+09,62.879999999999995,30.0,874.0,0.0,873.0,873.0,1.0,0.0,0.0
2026-05-18 15:22:42,3,35061.0,1.865513e+06,720236.0,0.0,0.0,0.0,3153.0,286.0,25.0,1.06061824e+08,1.25589504e+09,70.22,30.0,974.0,0.0,973.0,973.0,1.0,0.0,0.0
2026-05-18 15:22:54,3,38570.0,2.05835e+06,781799.0,0.0,0.0,0.0,3454.0,313.0,27.0,1.06061824e+08,1.25589504e+09,76.92999999999999,29.0,1074.0,0.0,1074.0,1074.0,1.0,0.0,0.0
2026-05-18 15:23:06,3,41971.0,2.248582e+06,872787.0,0.0,0.0,0.0,3749.0,340.0,30.0,1.06061824e+08,1.25589504e+09,83.85,29.0,1173.0,0.0,1173.0,1173.0,1.0,0.0,0.0
2026-05-18 15:23:18,3,45397.0,2.441425e+06,934350.0,0.0,0.0,0.0,4041.0,367.0,32.0,1.06061824e+08,1.25589504e+09,90.58999999999999,29.0,1271.0,0.0,1271.0,1271.0,1.0,0.0,0.0
2026-05-18 15:23:30,3,48809.0,2.628947e+06,1.028051e+06,0.0,0.0,0.0,4338.0,394.0,35.0,1.06061824e+08,1.25589504e+09,97.53999999999999,30.0,1371.0,0.0,1370.0,1370.0,1.0,0.0,0.0
2026-05-18 15:23:42,4,52197.0,2.821889e+06,1.089614e+06,0.0,0.0,0.0,4634.0,421.0,37.0,1.06061824e+08,1.25589504e+09,104.03999999999999,35.0,1470.0,0.0,1469.0,1469.0,1.0,0.0,0.0
2026-05-18 15:23:54,4,55707.0,3.012028e+06,1.180602e+06,0.0,0.0,0.0,4932.0,448.0,40.0,1.06061824e+08,1.25589504e+09,110.91,29.0,1569.0,0.0,1569.0,1569.0,1.0,0.0,0.0
2026-05-18 15:24:06,4,59184.0,3.202254e+06,1.242165e+06,0.0,0.0,0.0,5230.0,475.0,42.0,1.06061824e+08,1.25589504e+09,118.1,29.0,1669.0,0.0,1669.0,1669.0,1.0,0.0,0.0
2026-05-18 15:24:18,4,62518.0,3.389802e+06,1.335866e+06,0.0,0.0,0.0,5528.0,502.0,45.0,1.06061824e+08,1.25589504e+09,125.01,30.0,1769.0,0.0,1768.0,1768.0,1.0,0.0,0.0
2026-05-18 15:24:30,4,65929.0,3.582715e+06,1.397429e+06,0.0,0.0,0.0,5823.0,529.0,47.0,1.06061824e+08,1.25589504e+09,131.88,29.0,1868.0,0.0,1867.0,1867.0,1.0,0.0,0.0
2026-05-18 15:24:42,5,69404.0,3.772851e+06,1.49113e+06,0.0,0.0,0.0,6118.0,556.0,50.0,1.06061824e+08,1.25589504e+09,138.67,29.0,1966.0,0.0,1966.0,1966.0,1.0,0.0,0.0
2026-05-18 15:24:54,5,72853.0,3.963051e+06,1.552693e+06,0.0,0.0,0.0,6416.0,583.0,52.0,1.06061824e+08,1.25589504e+09,145.46,29.0,2066.0,0.0,2065.0,2065.0,1.0,0.0,0.0
2026-05-18 15:25:06,5,76195.0,4.153312e+06,1.616963e+06,0.0,0.0,0.0,6712.0,610.0,54.0,1.06061824e+08,1.25589504e+09,152.52,29.0,2164.0,0.0,2164.0,2164.0,1.0,0.0,0.0
2026-05-18 15:25:18,5,79614.0,4.338124e+06,1.707951e+06,0.0,0.0,0.0,7006.0,636.0,57.0,1.06061824e+08,1.25589504e+09,159.32,29.0,2262.0,0.0,2262.0,2262.0,1.0,0.0,0.0
2026-05-18 15:25:30,5,83019.0,4.531005e+06,1.769514e+06,0.0,0.0,0.0,7297.0,663.0,59.0,1.06061824e+08,1.25589504e+09,166.1,29.0,2360.0,0.0,2360.0,2360.0,1.0,0.0,0.0
2026-05-18 15:25:42,6,86404.0,4.721231e+06,1.831077e+06,0.0,0.0,0.0,7590.0,690.0,61.0,1.06061824e+08,1.25589504e+09,172.95999999999998,29.0,2458.0,0.0,2458.0,2458.0,1.0,0.0,0.0
2026-05-18 15:25:54,6,89812.0,4.908759e+06,1.924778e+06,0.0,0.0,0.0,7887.0,717.0,64.0,1.06061824e+08,1.25589504e+09,179.86999999999998,30.0,2558.0,0.0,2557.0,2557.0,1.0,0.0,0.0
2026-05-18 15:26:06,6,93296.0,5.093603e+06,1.986341e+06,0.0,0.0,0.0,8183.0,743.0,66.0,1.06061824e+08,1.25589504e+09,187.05,29.0,2656.0,0.0,2656.0,2656.0,1.0,0.0,0.0
2026-05-18 15:26:18,6,96645.0,5.286536e+06,2.077361e+06,0.0,0.0,0.0,8480.0,770.0,69.0,1.06061824e+08,1.25589504e+09,193.78,35.0,2756.0,0.0,2755.0,2755.0,1.0,0.0,0.0
2026-05-18 15:26:30,6,100001.0,5.476829e+06,2.141599e+06,0.0,0.0,0.0,8777.0,797.0,71.0,1.06323968e+08,1.257091072e+09,200.49,35.0,2855.0,0.0,2854.0,2854.0,1.0,0.0,0.0
2026-05-18 15:26:42,7,103421.0,5.669701e+06,2.235294e+06,0.0,0.0,0.0,9073.0,824.0,74.0,1.06323968e+08,1.257091072e+09,207.23999999999998,29.0,2954.0,0.0,2954.0,2954.0,1.0,0.0,0.0
2026-05-18 15:26:54,7,106893.0,5.859895e+06,2.296857e+06,0.0,0.0,0.0,9368.0,851.0,76.0,1.06323968e+08,1.257091072e+09,213.64000000000001,31.0,3054.0,0.0,3053.0,3053.0,1.0,0.0,0.0
2026-05-18 15:27:06,7,110317.0,6.050066e+06,2.35842e+06,0.0,0.0,0.0,9663.0,878.0,78.0,1.0645504e+08,1.257091072e+09,220.67000000000002,29.0,3152.0,0.0,3152.0,3152.0,1.0,0.0,0.0
2026-05-18 15:27:18,7,113701.0,6.243025e+06,2.452115e+06,0.0,0.0,0.0,9962.0,905.0,81.0,1.06323968e+08,1.257091072e+09,227.26000000000002,29.0,3252.0,0.0,3252.0,3252.0,1.0,0.0,0.0
2026-05-18 15:27:30,7,117065.0,6.43326e+06,2.516353e+06,0.0,0.0,0.0,10257.0,932.0,83.0,1.06323968e+08,1.257091072e+09,234.35999999999999,31.0,3351.0,0.0,3350.0,3350.0,1.0,0.0,0.0
2026-05-18 15:27:42,8,120549.0,6.623463e+06,2.610054e+06,0.0,0.0,0.0,10560.0,959.0,86.0,1.0645504e+08,1.257091072e+09,241.0,30.0,3452.0,0.0,3451.0,3451.0,1.0,0.0,0.0
2026-05-18 15:27:54,8,123997.0,6.821685e+06,2.671617e+06,0.0,0.0,0.0,10858.0,987.0,88.0,1.0645504e+08,1.257091072e+09,248.04999999999998,29.0,3552.0,0.0,3552.0,3552.0,1.0,0.0,0.0
2026-05-18 15:28:07,8,127393.0,7.011917e+06,2.762605e+06,0.0,0.0,0.0,11154.0,1014.0,91.0,1.0645504e+08,1.257091072e+09,255.07999999999998,35.0,3651.0,0.0,3650.0,3650.0,1.0,0.0,0.0
2026-05-18 15:28:19,8,130817.0,7.196735e+06,2.824168e+06,0.0,0.0,0.0,11447.0,1040.0,93.0,1.0645504e+08,1.257459712e+09,262.40000000000003,35.0,3749.0,0.0,3748.0,3748.0,1.0,0.0,0.0
2026-05-18 15:28:31,8,134144.0,7.387025e+06,2.885763e+06,0.0,0.0,0.0,11743.0,1067.0,95.0,1.06717184e+08,1.25790208e+09,269.17,29.0,3849.0,0.0,3848.0,3848.0,1.0,0.0,0.0
2026-05-18 15:28:43,9,137456.0,7.571968e+06,2.98482e+06,0.0,0.0,0.0,12041.0,1094.0,98.0,1.06848256e+08,1.25790208e+09,275.81,29.0,3948.0,0.0,3947.0,3947.0,1.0,0.0,0.0
2026-05-18 15:28:55,9,140889.0,7.762168e+06,3.046383e+06,0.0,0.0,0.0,12336.0,1121.0,100.0,1.06717184e+08,1.25790208e+09,282.66,35.0,4046.0,0.0,4045.0,4045.0,1.0,0.0,0.0
2026-05-18 15:29:07,9,144262.0,7.949731e+06,3.140084e+06,0.0,0.0,0.0,12633.0,1148.0,103.0,1.06717184e+08,1.25790208e+09,290.07,30.0,4146.0,0.0,4145.0,4145.0,1.0,0.0,0.0
2026-05-18 15:29:19,9,147660.0,8.142597e+06,3.204354e+06,0.0,0.0,0.0,12926.0,1175.0,105.0,1.06717184e+08,1.25790208e+09,296.73,29.0,4243.0,0.0,4243.0,4243.0,1.0,0.0,0.0
2026-05-18 15:29:31,9,151115.0,8.33009e+06,3.263236e+06,0.0,0.0,0.0,13221.0,1201.0,107.0,1.06717184e+08,1.25790208e+09,303.61,30.0,4343.0,0.0,4342.0,4342.0,1.0,0.0,0.0
2026-05-18 15:29:43,10,154684.0,8.533735e+06,3.362287e+06,0.0,0.0,0.0,13534.0,1230.0,110.0,1.06717184e+08,1.25790208e+09,311.29999999999995,29.0,4447.0,0.0,4447.0,4447.0,1.0,0.0,0.0
2026-05-18 15:29:56,10,158136.0,8.723932e+06,3.42385e+06,0.0,0.0,0.0,13829.0,1257.0,112.0,1.06717184e+08,1.25790208e+09,318.09000000000003,29.0,4546.0,0.0,4546.0,4546.0,1.0,0.0,0.0
2026-05-18 15:30:08,10,161713.0,8.916711e+06,3.520188e+06,0.0,0.0,0.0,14126.0,1284.0,115.0,1.06848256e+08,1.258049536e+09,325.14,29.0,4646.0,0.0,4645.0,4645.0,1.0,0.0,0.0
2026-05-18 15:30:20,10,165171.0,9.109583e+06,3.57907e+06,0.0,0.0,0.0,14422.0,1311.0,117.0,1.06848256e+08,1.258049536e+09,332.07,29.0,4744.0,0.0,4744.0,4744.0,1.0,0.0,0.0
2026-05-18 15:30:31,10,168492.0,9.294523e+06,3.643308e+06,0.0,0.0,0.0,14713.0,1337.0,119.0,1.06848256e+08,1.258049536e+09,339.01,29.0,4843.0,0.0,4842.0,4842.0,1.0,0.0,0.0
2026-05-18 15:30:43,11,171865.0,9.482054e+06,3.739684e+06,0.0,0.0,0.0,15012.0,1364.0,122.0,1.06848256e+08,1.258049536e+09,346.04,29.0,4941.0,0.0,4941.0,4941.0,1.0,0.0,0.0
2026-05-18 15:30:55,11,175268.0,9.67228e+06,3.801247e+06,0.0,0.0,0.0,15306.0,1391.0,124.0,1.06979328e+08,1.258049536e+09,353.26,31.0,5040.0,0.0,5039.0,5039.0,1.0,0.0,0.0
2026-05-18 15:31:07,11,178647.0,9.859837e+06,3.894948e+06,0.0,0.0,0.0,15604.0,1418.0,127.0,1.06848256e+08,1.258049536e+09,360.77,29.0,5139.0,0.0,5139.0,5139.0,1.0,0.0,0.0
2026-05-18 15:31:19,11,182026.0,1.0052782e+07,3.959186e+06,0.0,0.0,0.0,15899.0,1445.0,129.0,1.06979328e+08,1.258049536e+09,367.26,30.0,5239.0,0.0,5238.0,5238.0,1.0,0.0,0.0
2026-05-18 15:31:31,11,185420.0,1.0243005e+07,4.023456e+06,0.0,0.0,0.0,16194.0,1472.0,131.0,1.06848256e+08,1.258049536e+09,373.94,29.0,5337.0,0.0,5337.0,5337.0,1.0,0.0,0.0
2026-05-18 15:31:43,12,188881.0,1.0435877e+07,4.114444e+06,0.0,0.0,0.0,16491.0,1499.0,134.0,1.06979328e+08,1.258049536e+09,381.37,30.0,5437.0,0.0,5436.0,5436.0,1.0,0.0,0.0
2026-05-18 15:31:55,12,192397.0,1.0626016e+07,4.176007e+06,0.0,0.0,0.0,16789.0,1526.0,136.0,1.06979328e+08,1.258049536e+09,388.08,30.0,5536.0,0.0,5535.0,5535.0,1.0,0.0,0.0
2026-05-18 15:32:07,12,195750.0,1.0816274e+07,4.269702e+06,0.0,0.0,0.0,17083.0,1553.0,139.0,1.06979328e+08,1.258049536e+09,394.81,29.0,5634.0,0.0,5634.0,5634.0,1.0,0.0,0.0
2026-05-18 15:32:19,12,199202.0,1.1001089e+07,4.33394e+06,0.0,0.0,0.0,17379.0,1579.0,141.0,1.06979328e+08,1.258049536e+09,401.85,29.0,5734.0,0.0,5733.0,5733.0,1.0,0.0,0.0
2026-05-18 15:32:31,12,202561.0,1.119941e+07,4.395535e+06,0.0,0.0,0.0,17677.0,1607.0,143.0,1.06979328e+08,1.258049536e+09,408.89,35.0,5833.0,0.0,5832.0,5832.0,1.0,0.0,0.0
2026-05-18 15:32:43,13,205946.0,1.1389642e+07,4.491905e+06,0.0,0.0,0.0,17974.0,1634.0,146.0,1.071104e+08,1.258049536e+09,415.31,29.0,5932.0,0.0,5932.0,5932.0,1.0,0.0,0.0
2026-05-18 15:32:55,13,209393.0,1.1574544e+07,4.553436e+06,0.0,0.0,0.0,18269.0,1660.0,148.0,1.071104e+08,1.258049536e+09,422.28000000000003,29.0,6031.0,0.0,6031.0,6031.0,1.0,0.0,0.0
2026-05-18 15:33:07,13,212793.0,1.1767442e+07,4.617706e+06,0.0,0.0,0.0,18568.0,1687.0,150.0,1.071104e+08,1.258049536e+09,429.28999999999996,29.0,6131.0,0.0,6131.0,6131.0,1.0,0.0,0.0
2026-05-18 15:33:19,13,216140.0,1.1957706e+07,4.708694e+06,0.0,0.0,0.0,18859.0,1714.0,153.0,1.071104e+08,1.258049536e+09,436.15999999999997,29.0,6229.0,0.0,6229.0,6229.0,1.0,0.0,0.0
2026-05-18 15:33:31,13,219621.0,1.2150511e+07,4.770257e+06,0.0,0.0,0.0,19152.0,1741.0,155.0,1.071104e+08,1.258049536e+09,443.21000000000004,33.0,6327.0,0.0,6326.0,6326.0,1.0,0.0,0.0
2026-05-18 15:33:43,14,222927.0,1.2335428e+07,4.863958e+06,0.0,0.0,0.0,19448.0,1768.0,158.0,1.07241472e+08,1.258049536e+09,450.25,29.0,6425.0,0.0,6425.0,6425.0,1.0,0.0,0.0
2026-05-18 15:33:55,14,226273.0,1.2520327e+07,4.925553e+06,0.0,0.0,0.0,19745.0,1794.0,160.0,1.07241472e+08,1.258049536e+09,456.97999999999996,29.0,6524.0,0.0,6524.0,6524.0,1.0,0.0,0.0
2026-05-18 15:34:07,14,229704.0,1.2710501e+07,5.021929e+06,0.0,0.0,0.0,20038.0,1821.0,163.0,1.07241472e+08,1.258049536e+09,463.51,29.0,6622.0,0.0,6622.0,6622.0,1.0,0.0,0.0
2026-05-18 15:34:19,14,233159.0,1.2900733e+07,5.08346e+06,0.0,0.0,0.0,20335.0,1848.0,165.0,1.07241472e+08,1.258049536e+09,470.48999999999995,30.0,6722.0,0.0,6721.0,6721.0,1.0,0.0,0.0
2026-05-18 15:34:31,14,236576.0,1.3090927e+07,5.145023e+06,0.0,0.0,0.0,20628.0,1875.0,167.0,1.07241472e+08,1.258049536e+09,477.31,30.0,6821.0,0.0,6820.0,6820.0,1.0,0.0,0.0
2026-05-18 15:34:43,15,240009.0,1.3281101e+07,5.236011e+06,0.0,0.0,0.0,20923.0,1902.0,170.0,1.071104e+08,1.258049536e+09,483.97999999999996,29.0,6918.0,0.0,6918.0,6918.0,1.0,0.0,0.0
2026-05-18 15:34:55,15,243384.0,1.3465977e+07,5.297574e+06,0.0,0.0,0.0,21218.0,1928.0,172.0,1.071104e+08,1.258049536e+09,490.59000000000003,29.0,7018.0,0.0,7017.0,7017.0,1.0,0.0,0.0
2026-05-18 15:35:07,15,246765.0,1.3653511e+07,5.391275e+06,0.0,0.0,0.0,21514.0,1955.0,175.0,1.071104e+08,1.258049536e+09,497.81,30.0,7116.0,0.0,7115.0,7115.0,1.0,0.0,0.0
2026-05-18 15:35:19,15,250249.0,1.3849061e+07,5.450157e+06,0.0,0.0,0.0,21810.0,1982.0,177.0,1.071104e+08,1.258049536e+09,504.54,29.0,7215.0,0.0,7215.0,7215.0,1.0,0.0,0.0
2026-05-18 15:35:31,15,253628.0,1.4039258e+07,5.546501e+06,0.0,0.0,0.0,22101.0,2009.0,180.0,1.071104e+08,1.258049536e+09,511.41999999999996,30.0,7314.0,0.0,7313.0,7313.0,1.0,0.0,0.0
2026-05-18 15:35:43,16,257077.0,1.4229458e+07,5.608064e+06,0.0,0.0,0.0,22398.0,2036.0,182.0,1.071104e+08,1.258049536e+09,518.04,31.0,7412.0,0.0,7411.0,7411.0,1.0,0.0,0.0
2026-05-18 15:35:55,16,260477.0,1.4425063e+07,5.666946e+06,0.0,0.0,0.0,22693.0,2063.0,184.0,1.071104e+08,1.258049536e+09,525.13,29.0,7512.0,0.0,7511.0,7511.0,1.0,0.0,0.0
2026-05-18 15:36:07,16,263824.0,1.4609939e+07,5.765997e+06,0.0,0.0,0.0,22985.0,2089.0,187.0,1.06979328e+08,1.258049536e+09,531.76,29.0,7609.0,0.0,7609.0,7609.0,1.0,0.0,0.0
2026-05-18 15:36:18,16,267270.0,1.4797467e+07,5.82756e+06,0.0,0.0,0.0,23280.0,2116.0,189.0,1.071104e+08,1.258049536e+09,538.32,30.0,7708.0,0.0,7707.0,7707.0,1.0,0.0,0.0
2026-05-18 15:36:31,16,270671.0,1.4990336e+07,5.889123e+06,0.0,0.0,0.0,23574.0,2143.0,191.0,1.071104e+08,1.258049536e+09,545.39,30.0,7807.0,0.0,7806.0,7806.0,1.0,0.0,0.0
2026-05-18 15:36:42,17,274095.0,1.5180545e+07,5.980111e+06,0.0,0.0,0.0,23870.0,2170.0,194.0,1.071104e+08,1.258049536e+09,552.5600000000001,29.0,7905.0,0.0,7905.0,7905.0,1.0,0.0,0.0
2026-05-18 15:36:54,17,277602.0,1.5365299e+07,6.041674e+06,0.0,0.0,0.0,24162.0,2196.0,196.0,1.071104e+08,1.258049536e+09,559.53,29.0,8003.0,0.0,8003.0,8003.0,1.0,0.0,0.0
2026-05-18 15:37:06,17,280981.0,1.5552856e+07,6.135375e+06,0.0,0.0,0.0,24458.0,2223.0,199.0,1.071104e+08,1.258049536e+09,566.76,31.0,8102.0,0.0,8101.0,8101.0,1.0,0.0,0.0
2026-05-18 15:37:18,17,284462.0,1.5745699e+07,6.196938e+06,0.0,0.0,0.0,24752.0,2250.0,201.0,1.071104e+08,1.258049536e+09,573.67,30.0,8201.0,0.0,8200.0,8200.0,1.0,0.0,0.0
2026-05-18 15:37:30,17,287879.0,1.5935931e+07,6.287926e+06,0.0,0.0,0.0,25050.0,2277.0,204.0,1.071104e+08,1.258049536e+09,581.36,31.0,8301.0,0.0,8300.0,8300.0,1.0,0.0,0.0
2026-05-18 15:37:42,18,291366.0,1.6131519e+07,6.349489e+06,0.0,0.0,0.0,25351.0,2304.0,206.0,1.07241472e+08,1.258049536e+09,588.41,29.0,8401.0,0.0,8401.0,8401.0,1.0,0.0,0.0
2026-05-18 15:37:55,18,294736.0,1.6324435e+07,6.411052e+06,0.0,0.0,0.0,25643.0,2331.0,208.0,1.07372544e+08,1.258049536e+09,595.1500000000001,33.0,8500.0,0.0,8499.0,8499.0,1.0,0.0,0.0
2026-05-18 15:38:06,18,298093.0,1.6511992e+07,6.504753e+06,0.0,0.0,0.0,25939.0,2358.0,211.0,1.07372544e+08,1.258049536e+09,602.0799999999999,35.0,8598.0,0.0,8597.0,8597.0,1.0,0.0,0.0
2026-05-18 15:38:18,18,301519.0,1.6702221e+07,6.569023e+06,0.0,0.0,0.0,26237.0,2385.0,213.0,1.07241472e+08,1.258049536e+09,609.6400000000001,31.0,8699.0,0.0,8698.0,8698.0,1.0,0.0,0.0
2026-05-18 15:38:30,18,304898.0,1.6887097e+07,6.665367e+06,0.0,0.0,0.0,26531.0,2411.0,216.0,1.07241472e+08,1.258049536e+09,616.8100000000001,30.0,8797.0,0.0,8796.0,8796.0,1.0,0.0,0.0
2026-05-18 15:38:42,19,308219.0,1.7077393e+07,6.729637e+06,0.0,0.0,0.0,26826.0,2438.0,218.0,1.07372544e+08,1.258049536e+09,623.63,35.0,8896.0,0.0,8895.0,8895.0,1.0,0.0,0.0
2026-05-18 15:38:54,19,311569.0,1.7267654e+07,6.7912e+06,0.0,0.0,0.0,27117.0,2465.0,220.0,1.07372544e+08,1.258049536e+09,630.51,31.0,8994.0,0.0,8993.0,8993.0,1.0,0.0,0.0
2026-05-18 15:39:06,19,314925.0,1.7452527e+07,6.88222e+06,0.0,0.0,0.0,27411.0,2491.0,223.0,1.07241472e+08,1.258049536e+09,637.4399999999999,30.0,9092.0,0.0,9091.0,9091.0,1.0,0.0,0.0
2026-05-18 15:39:18,19,318345.0,1.7645393e+07,6.946458e+06,0.0,0.0,0.0,27702.0,2518.0,225.0,1.07241472e+08,1.258049536e+09,644.27,30.0,9190.0,0.0,9189.0,9189.0,1.0,0.0,0.0
2026-05-18 15:39:30,19,321759.0,1.7838335e+07,7.008021e+06,0.0,0.0,0.0,27997.0,2545.0,227.0,1.07372544e+08,1.258049536e+09,651.09,29.0,9288.0,0.0,9288.0,9288.0,1.0,0.0,0.0
2026-05-18 15:39:42,20,325109.0,1.8025921e+07,7.104365e+06,0.0,0.0,0.0,28292.0,2572.0,230.0,1.07372544e+08,1.258049536e+09,657.74,30.0,9387.0,0.0,9386.0,9386.0,1.0,0.0,0.0
2026-05-18 15:39:54,20,328503.0,1.8210794e+07,7.168635e+06,0.0,0.0,0.0,28589.0,2598.0,232.0,1.07372544e+08,1.258049536e+09,664.48,29.0,9486.0,0.0,9486.0,9486.0,1.0,0.0,0.0
2026-05-18 15:40:06,20,331856.0,1.8401052e+07,7.259623e+06,0.0,0.0,0.0,28880.0,2625.0,235.0,1.07372544e+08,1.258049536e+09,671.1999999999999,29.0,9584.0,0.0,9584.0,9584.0,1.0,0.0,0.0
2026-05-18 15:40:18,20,335401.0,1.8593831e+07,7.323861e+06,0.0,0.0,0.0,29176.0,2652.0,237.0,1.07372544e+08,1.258049536e+09,678.26,29.0,9683.0,0.0,9683.0,9683.0,1.0,0.0,0.0
2026-05-18 15:40:30,20,338789.0,1.8786767e+07,7.388099e+06,0.0,0.0,0.0,29471.0,2679.0,239.0,1.07372544e+08,1.258049536e+09,684.94,31.0,9783.0,0.0,9782.0,9782.0,1.0,0.0,0.0
2026-05-18 15:40:42,21,342124.0,1.8977043e+07,7.479087e+06,0.0,0.0,0.0,29764.0,2705.0,242.0,1.07372544e+08,1.258049536e+09,691.74,31.0,9881.0,0.0,9880.0,9880.0,1.0,0.0,0.0
2026-05-18 15:40:54,21,345547.0,1.9167301e+07,7.543325e+06,0.0,0.0,0.0,30059.0,2732.0,244.0,1.07372544e+08,1.258049536e+09,698.44,29.0,9980.0,0.0,9979.0,9979.0,1.0,0.0,0.0
2026-05-18 15:41:06,21,348903.0,1.9360205e+07,7.607595e+06,0.0,0.0,0.0,30353.0,2759.0,246.0,1.07241472e+08,1.258049536e+09,705.11,30.0,10078.0,0.0,10077.0,10077.0,1.0,0.0,0.0
2026-05-18 15:41:18,21,352361.0,1.9550434e+07,7.701258e+06,0.0,0.0,0.0,30650.0,2786.0,249.0,1.07241472e+08,1.258049536e+09,712.3199999999999,35.0,10178.0,0.0,10177.0,10177.0,1.0,0.0,0.0
2026-05-18 15:41:30,21,355662.0,1.974066e+07,7.765528e+06,0.0,0.0,0.0,30943.0,2813.0,251.0,1.07372544e+08,1.258049536e+09,719.23,29.0,10276.0,0.0,10275.0,10275.0,1.0,0.0,0.0
2026-05-18 15:41:42,22,359160.0,1.9933535e+07,7.827091e+06,0.0,0.0,0.0,31241.0,2840.0,253.0,1.07372544e+08,1.258049536e+09,726.34,29.0,10376.0,0.0,10375.0,10375.0,1.0,0.0,0.0
2026-05-18 15:41:54,22,362647.0,2.0123703e+07,7.918079e+06,0.0,0.0,0.0,31540.0,2867.0,256.0,1.07503616e+08,1.258049536e+09,733.78,29.0,10475.0,0.0,10475.0,10475.0,1.0,0.0,0.0
2026-05-18 15:42:06,22,366014.0,2.0316639e+07,7.979642e+06,0.0,0.0,0.0,31835.0,2894.0,258.0,1.07503616e+08,1.258049536e+09,741.04,29.0,10574.0,0.0,10574.0,10574.0,1.0,0.0,0.0
2026-05-18 15:42:18,22,369445.0,2.0496113e+07,8.073343e+06,0.0,0.0,0.0,32130.0,2920.0,261.0,1.07372544e+08,1.258049536e+09,747.48,29.0,10672.0,0.0,10672.0,10672.0,1.0,0.0,0.0
2026-05-18 15:42:30,22,372856.0,2.0688953e+07,8.134906e+06,0.0,0.0,0.0,32421.0,2947.0,263.0,1.07503616e+08,1.258049536e+09,754.77,29.0,10770.0,0.0,10770.0,10770.0,1.0,0.0,0.0
2026-05-18 15:42:42,23,376206.0,2.0876542e+07,8.228607e+06,0.0,0.0,0.0,32718.0,2974.0,266.0,1.07372544e+08,1.258049536e+09,761.6400000000001,29.0,10870.0,0.0,10869.0,10869.0,1.0,0.0,0.0
2026-05-18 15:42:54,23,379559.0,2.1064125e+07,8.29017e+06,0.0,0.0,0.0,33013.0,3001.0,268.0,1.07372544e+08,1.258049536e+09,768.51,30.0,10968.0,0.0,10967.0,10967.0,1.0,0.0,0.0
2026-05-18 15:43:06,23,383069.0,2.1256939e+07,8.38119e+06,0.0,0.0,0.0,33308.0,3028.0,271.0,1.07372544e+08,1.258049536e+09,775.38,30.0,11067.0,0.0,11066.0,11066.0,1.0,0.0,0.0
2026-05-18 15:43:18,23,386559.0,2.1447104e+07,8.445428e+06,0.0,0.0,0.0,33608.0,3055.0,273.0,1.07372544e+08,1.258049536e+09,782.71,29.0,11167.0,0.0,11166.0,11166.0,1.0,0.0,0.0
2026-05-18 15:43:30,23,389950.0,2.1640037e+07,8.509698e+06,0.0,0.0,0.0,33904.0,3082.0,275.0,1.07634688e+08,1.258049536e+09,790.13,29.0,11266.0,0.0,11265.0,11265.0,1.0,0.0,0.0
2026-05-18 15:43:42,24,393376.0,2.1822203e+07,8.600686e+06,0.0,0.0,0.0,34199.0,3108.0,278.0,1.07634688e+08,1.258049536e+09,797.2800000000001,30.0,11364.0,0.0,11363.0,11363.0,1.0,0.0,0.0
2026-05-18 15:43:54,24,396775.0,2.2015072e+07,8.662249e+06,0.0,0.0,0.0,34491.0,3135.0,280.0,1.07503616e+08,1.258049536e+09,804.0500000000001,31.0,11463.0,0.0,11462.0,11462.0,1.0,0.0,0.0
2026-05-18 15:44:06,24,400279.0,2.2205217e+07,8.726487e+06,0.0,0.0,0.0,34787.0,3162.0,282.0,1.07503616e+08,1.258049536e+09,811.38,29.0,11561.0,0.0,11561.0,11561.0,1.0,0.0,0.0
2026-05-18 15:44:18,24,403614.0,2.2395449e+07,8.820188e+06,0.0,0.0,0.0,35081.0,3189.0,285.0,1.07503616e+08,1.258049536e+09,818.58,29.0,11660.0,0.0,11659.0,11659.0,1.0,0.0,0.0
2026-05-18 15:44:30,24,407034.0,2.2585684e+07,8.881751e+06,0.0,0.0,0.0,35380.0,3216.0,287.0,1.07503616e+08,1.258049536e+09,825.81,29.0,11760.0,0.0,11759.0,11759.0,1.0,0.0,0.0
2026-05-18 15:44:42,25,410450.0,2.2775936e+07,8.975446e+06,0.0,0.0,0.0,35679.0,3243.0,290.0,1.07503616e+08,1.258049536e+09,832.62,30.0,11860.0,0.0,11859.0,11859.0,1.0,0.0,0.0
2026-05-18 15:44:55,25,413925.0,2.296875e+07,9.039684e+06,0.0,0.0,0.0,35974.0,3270.0,292.0,1.07503616e+08,1.258049536e+09,839.03,29.0,11958.0,0.0,11958.0,11958.0,1.0,0.0,0.0
2026-05-18 15:45:06,25,417278.0,2.3159008e+07,9.133385e+06,0.0,0.0,0.0,36269.0,3297.0,295.0,1.07503616e+08,1.258049536e+09,845.6899999999999,29.0,12057.0,0.0,12057.0,12057.0,1.0,0.0,0.0
2026-05-18 15:45:18,25,420750.0,2.3346472e+07,9.194948e+06,0.0,0.0,0.0,36565.0,3324.0,297.0,1.07503616e+08,1.258049536e+09,852.55,29.0,12155.0,0.0,12155.0,12155.0,1.0,0.0,0.0
2026-05-18 15:45:30,25,424098.0,2.3528702e+07,9.259218e+06,0.0,0.0,0.0,36861.0,3350.0,299.0,1.07372544e+08,1.258049536e+09,859.42,30.0,12254.0,0.0,12253.0,12253.0,1.0,0.0,0.0
2026-05-18 15:45:42,26,427463.0,2.3726979e+07,9.350238e+06,0.0,0.0,0.0,37159.0,3378.0,302.0,1.07241472e+08,1.258049536e+09,866.13,29.0,12353.0,0.0,12353.0,12353.0,1.0,0.0,0.0
2026-05-18 15:45:55,26,430938.0,2.3917153e+07,9.414476e+06,0.0,0.0,0.0,37455.0,3405.0,304.0,1.07241472e+08,1.258049536e+09,873.1999999999999,35.0,12452.0,0.0,12451.0,12451.0,1.0,0.0,0.0
2026-05-18 15:46:07,26,434320.0,2.4102029e+07,9.508177e+06,0.0,0.0,0.0,37748.0,3431.0,307.0,1.07241472e+08,1.258049536e+09,879.74,31.0,12551.0,0.0,12550.0,12550.0,1.0,0.0,0.0
2026-05-18 15:46:19,26,437673.0,2.429229e+07,9.56974e+06,0.0,0.0,0.0,38042.0,3458.0,309.0,1.07241472e+08,1.258049536e+09,886.51,29.0,12649.0,0.0,12649.0,12649.0,1.0,0.0,0.0
2026-05-18 15:46:31,26,441052.0,2.4482513e+07,9.63401e+06,0.0,0.0,0.0,38338.0,3485.0,311.0,1.07241472e+08,1.258049536e+09,893.42,29.0,12749.0,0.0,12748.0,12748.0,1.0,0.0,0.0
2026-05-18 15:46:43,27,444475.0,2.4675452e+07,9.724998e+06,0.0,0.0,0.0,38635.0,3512.0,314.0,1.07241472e+08,1.258049536e+09,900.04,30.0,12848.0,0.0,12847.0,12847.0,1.0,0.0,0.0
2026-05-18 15:46:55,27,447965.0,2.4865649e+07,9.786561e+06,0.0,0.0,0.0,38935.0,3539.0,316.0,1.07241472e+08,1.258049536e+09,907.11,29.0,12949.0,0.0,12948.0,12948.0,1.0,0.0,0.0
2026-05-18 15:47:07,27,451216.0,2.5053264e+07,9.882969e+06,0.0,0.0,0.0,39230.0,3566.0,319.0,1.07241472e+08,1.258049536e+09,913.9100000000001,29.0,13046.0,0.0,13046.0,13046.0,1.0,0.0,0.0
2026-05-18 15:47:19,27,454610.0,2.5240844e+07,9.944532e+06,0.0,0.0,0.0,39528.0,3593.0,321.0,1.07241472e+08,1.258049536e+09,920.69,30.0,13146.0,0.0,13145.0,13145.0,1.0,0.0,0.0
2026-05-18 15:47:31,27,458062.0,2.5433716e+07,1.000877e+07,0.0,0.0,0.0,39823.0,3620.0,323.0,1.071104e+08,1.258049536e+09,928.11,31.0,13244.0,0.0,13243.0,13243.0,1.0,0.0,0.0
2026-05-18 15:47:43,28,461427.0,2.5626713e+07,1.0099758e+07,0.0,0.0,0.0,40121.0,3647.0,326.0,1.071104e+08,1.258049536e+09,935.04,29.0,13344.0,0.0,13344.0,13344.0,1.0,0.0,0.0
2026-05-18 15:47:55,28,464832.0,2.5811531e+07,1.0163996e+07,0.0,0.0,0.0,40411.0,3673.0,328.0,1.071104e+08,1.258049536e+09,941.5799999999999,30.0,13442.0,0.0,13441.0,13441.0,1.0,0.0,0.0
2026-05-18 15:48:07,28,468192.0,2.6001722e+07,1.0260372e+07,0.0,0.0,0.0,40702.0,3700.0,331.0,1.071104e+08,1.258049536e+09,948.6600000000001,29.0,13540.0,0.0,13539.0,13539.0,1.0,0.0,0.0
2026-05-18 15:48:19,28,471670.0,2.6191925e+07,1.0321935e+07,0.0,0.0,0.0,40999.0,3727.0,333.0,1.06979328e+08,1.258049536e+09,955.74,29.0,13638.0,0.0,13638.0,13638.0,1.0,0.0,0.0
2026-05-18 15:48:31,28,475058.0,2.6374059e+07,1.0386205e+07,0.0,0.0,0.0,41292.0,3753.0,335.0,1.06848256e+08,1.258049536e+09,962.68,29.0,13736.0,0.0,13736.0,13736.0,1.0,0.0,0.0
2026-05-18 15:48:43,29,478486.0,2.6566896e+07,1.0477193e+07,0.0,0.0,0.0,41584.0,3780.0,338.0,1.06848256e+08,1.258049536e+09,969.04,31.0,13835.0,0.0,13834.0,13834.0,1.0,0.0,0.0
2026-05-18 15:48:55,29,481871.0,2.6759835e+07,1.0538756e+07,0.0,0.0,0.0,41878.0,3807.0,340.0,1.06848256e+08,1.258049536e+09,976.11,33.0,13933.0,0.0,13932.0,13932.0,1.0,0.0,0.0
2026-05-18 15:49:07,29,485228.0,2.694476e+07,1.0602994e+07,0.0,0.0,0.0,42174.0,3833.0,342.0,1.06979328e+08,1.258049536e+09,983.14,30.0,14033.0,0.0,14032.0,14032.0,1.0,0.0,0.0
2026-05-18 15:49:19,29,488674.0,2.7132282e+07,1.0702045e+07,0.0,0.0,0.0,42470.0,3860.0,345.0,1.06979328e+08,1.258049536e+09,990.31,31.0,14132.0,0.0,14131.0,14131.0,1.0,0.0,0.0
2026-05-18 15:49:31,29,492138.0,2.7327791e+07,1.0760927e+07,0.0,0.0,0.0,42764.0,3887.0,347.0,1.06979328e+08,1.258049536e+09,997.51,29.0,14230.0,0.0,14230.0,14230.0,1.0,0.0,0.0
2026-05-18 15:49:43,30,495517.0,2.752073e+07,1.0825165e+07,0.0,0.0,0.0,43056.0,3914.0,349.0,1.06979328e+08,1.258049536e+09,1004.27,29.0,14329.0,0.0,14328.0,14328.0,1.0,0.0,0.0
2026-05-18 15:49:55,30,498975.0,2.7710895e+07,1.091886e+07,0.0,0.0,0.0,43355.0,3941.0,352.0,1.06979328e+08,1.258049536e+09,1010.9699999999999,30.0,14428.0,0.0,14427.0,14427.0,1.0,0.0,0.0
2026-05-18 15:50:07,30,502433.0,2.7901086e+07,1.0983098e+07,0.0,0.0,0.0,43650.0,3968.0,354.0,1.06979328e+08,1.258049536e+09,1018.1700000000001,31.0,14528.0,0.0,14527.0,14527.0,1.0,0.0,0.0
2026-05-18 15:50:19,30,505895.0,2.8091219e+07,1.1076793e+07,0.0,0.0,0.0,43945.0,3995.0,357.0,1.06979328e+08,1.258049536e+09,1025.45,29.0,14625.0,0.0,14625.0,14625.0,1.0,0.0,0.0
2026-05-18 15:50:31,30,509260.0,2.8284184e+07,1.1141031e+07,0.0,0.0,0.0,44242.0,4022.0,359.0,1.06979328e+08,1.258049536e+09,1032.48,31.0,14725.0,0.0,14724.0,14724.0,1.0,0.0,0.0
2026-05-18 15:50:43,31,512773.0,2.846897e+07,1.1205269e+07,0.0,0.0,0.0,44538.0,4048.0,361.0,1.071104e+08,1.258049536e+09,1039.16,35.0,14824.0,0.0,14823.0,14823.0,1.0,0.0,0.0
2026-05-18 15:50:55,31,516152.0,2.8656559e+07,1.129897e+07,0.0,0.0,0.0,44835.0,4075.0,364.0,1.071104e+08,1.258049536e+09,1045.72,29.0,14923.0,0.0,14923.0,14923.0,1.0,0.0,0.0
2026-05-18 15:51:07,31,519601.0,2.884944e+07,1.1360533e+07,0.0,0.0,0.0,45133.0,4102.0,366.0,1.07241472e+08,1.258049536e+09,1052.55,31.0,15023.0,0.0,15022.0,15022.0,1.0,0.0,0.0
2026-05-18 15:51:19,31,523005.0,2.90477e+07,1.1419415e+07,0.0,0.0,0.0,45425.0,4129.0,368.0,1.07241472e+08,1.258049536e+09,1059.64,30.0,15122.0,0.0,15121.0,15121.0,1.0,0.0,0.0
2026-05-18 15:51:31,31,526419.0,2.9237903e+07,1.151311e+07,0.0,0.0,0.0,45724.0,4156.0,371.0,1.07241472e+08,1.258049536e+09,1067.0700000000002,30.0,15222.0,0.0,15221.0,15221.0,1.0,0.0,0.0
2026-05-18 15:51:43,32,529948.0,2.9428042e+07,1.1577348e+07,0.0,0.0,0.0,46023.0,4183.0,373.0,1.07241472e+08,1.258049536e+09,1074.36,29.0,15322.0,0.0,15321.0,15321.0,1.0,0.0,0.0
2026-05-18 15:51:55,32,533234.0,2.961566e+07,1.1673756e+07,0.0,0.0,0.0,46321.0,4210.0,376.0,1.071104e+08,1.258049536e+09,1081.5,29.0,15421.0,0.0,15420.0,15420.0,1.0,0.0,0.0
2026-05-18 15:52:07,32,536724.0,2.9816557e+07,1.1735319e+07,0.0,0.0,0.0,46618.0,4238.0,378.0,1.071104e+08,1.258049536e+09,1088.55,35.0,15520.0,0.0,15519.0,15519.0,1.0,0.0,0.0
2026-05-18 15:52:19,32,540195.0,3.0009429e+07,1.1796882e+07,0.0,0.0,0.0,46915.0,4265.0,380.0,1.07241472e+08,1.258049536e+09,1095.69,31.0,15620.0,0.0,15619.0,15619.0,1.0,0.0,0.0
2026-05-18 15:52:32,32,543656.0,3.0199661e+07,1.1890577e+07,0.0,0.0,0.0,47217.0,4292.0,383.0,1.07241472e+08,1.258049536e+09,1103.18,31.0,15721.0,0.0,15720.0,15720.0,1.0,0.0,0.0
2026-05-18 15:52:44,33,547137.0,3.0392466e+07,1.1954815e+07,0.0,0.0,0.0,47510.0,4319.0,385.0,1.07241472e+08,1.258049536e+09,1110.1100000000001,29.0,15819.0,0.0,15819.0,15819.0,1.0,0.0,0.0
2026-05-18 15:52:56,33,550511.0,3.0582785e+07,1.204851e+07,0.0,0.0,0.0,47811.0,4346.0,388.0,1.07241472e+08,1.258049536e+09,1117.43,35.0,15920.0,0.0,15919.0,15919.0,1.0,0.0,0.0
2026-05-18 15:53:08,33,554027.0,3.0775593e+07,1.2112748e+07,0.0,0.0,0.0,48106.0,4373.0,390.0,1.071104e+08,1.258049536e+09,1124.43,30.0,16019.0,0.0,16018.0,16018.0,1.0,0.0,0.0
2026-05-18 15:53:20,33,557406.0,3.0968538e+07,1.2176986e+07,0.0,0.0,0.0,48401.0,4400.0,392.0,1.071104e+08,1.258049536e+09,1131.5500000000002,29.0,16118.0,0.0,16118.0,16118.0,1.0,0.0,0.0
2026-05-18 15:53:32,33,560788.0,3.115606e+07,1.2273394e+07,0.0,0.0,0.0,48697.0,4427.0,395.0,1.071104e+08,1.258049536e+09,1138.8300000000002,31.0,16218.0,0.0,16217.0,16217.0,1.0,0.0,0.0
2026-05-18 15:53:44,34,564202.0,3.1340907e+07,1.2334957e+07,0.0,0.0,0.0,48989.0,4453.0,397.0,1.071104e+08,1.258049536e+09,1145.6200000000001,30.0,16316.0,0.0,16315.0,16315.0,1.0,0.0,0.0
2026-05-18 15:53:56,34,567651.0,3.1533782e+07,1.2425945e+07,0.0,0.0,0.0,49285.0,4480.0,400.0,1.071104e+08,1.258049536e+09,1152.91,29.0,16415.0,0.0,16414.0,16414.0,1.0,0.0,0.0
2026-05-18 15:54:08,34,571103.0,3.1723979e+07,1.2487508e+07,0.0,0.0,0.0,49580.0,4507.0,402.0,1.071104e+08,1.258049536e+09,1159.93,35.0,16513.0,0.0,16512.0,16512.0,1.0,0.0,0.0
2026-05-18 15:54:20,34,574622.0,3.1916816e+07,1.2551746e+07,0.0,0.0,0.0,49875.0,4534.0,404.0,1.071104e+08,1.258049536e+09,1166.8700000000001,29.0,16612.0,0.0,16612.0,16612.0,1.0,0.0,0.0
2026-05-18 15:54:32,34,578045.0,3.2104367e+07,1.2648122e+07,0.0,0.0,0.0,50174.0,4561.0,407.0,1.07372544e+08,1.258049536e+09,1174.1,29.0,16712.0,0.0,16712.0,16712.0,1.0,0.0,0.0
2026-05-18 15:54:44,35,581422.0,3.2289269e+07,1.2709653e+07,0.0,0.0,0.0,50466.0,4587.0,409.0,1.07372544e+08,1.258049536e+09,1180.88,29.0,16810.0,0.0,16810.0,16810.0,1.0,0.0,0.0
2026-05-18 15:54:56,35,584714.0,3.2482199e+07,1.2773923e+07,0.0,0.0,0.0,50756.0,4614.0,411.0,1.07372544e+08,1.258049536e+09,1188.04,29.0,16908.0,0.0,16908.0,16908.0,1.0,0.0,0.0
2026-05-18 15:55:08,35,588169.0,3.2675068e+07,1.2867586e+07,0.0,0.0,0.0,51051.0,4641.0,414.0,1.07372544e+08,1.258049536e+09,1195.23,30.0,17007.0,0.0,17006.0,17006.0,1.0,0.0,0.0
2026-05-18 15:55:20,35,591586.0,3.2859941e+07,1.2929149e+07,0.0,0.0,0.0,51345.0,4667.0,416.0,1.07372544e+08,1.258049536e+09,1202.1200000000001,29.0,17105.0,0.0,17105.0,17105.0,1.0,0.0,0.0
2026-05-18 15:55:32,35,594946.0,3.3055494e+07,1.2990712e+07,0.0,0.0,0.0,51636.0,4694.0,418.0,1.07241472e+08,1.258049536e+09,1209.43,31.0,17204.0,0.0,17203.0,17203.0,1.0,0.0,0.0
2026-05-18 15:55:44,36,598203.0,3.3237785e+07,1.3087088e+07,0.0,0.0,0.0,51930.0,4720.0,421.0,1.07241472e+08,1.258049536e+09,1215.92,29.0,17301.0,0.0,17301.0,17301.0,1.0,0.0,0.0
2026-05-18 15:55:56,36,601588.0,3.3430686e+07,1.3151326e+07,0.0,0.0,0.0,52220.0,4747.0,423.0,1.07241472e+08,1.258049536e+09,1223.0,29.0,17399.0,0.0,17399.0,17399.0,1.0,0.0,0.0
2026-05-18 15:56:08,36,605162.0,3.3620831e+07,1.3215564e+07,0.0,0.0,0.0,52519.0,4774.0,425.0,1.07241472e+08,1.258049536e+09,1229.85,35.0,17499.0,0.0,17498.0,17498.0,1.0,0.0,0.0
2026-05-18 15:56:20,36,608493.0,3.3811063e+07,1.3309265e+07,0.0,0.0,0.0,52815.0,4801.0,428.0,1.07241472e+08,1.258049536e+09,1236.74,29.0,17599.0,0.0,17598.0,17598.0,1.0,0.0,0.0
2026-05-18 15:56:32,36,611881.0,3.4001324e+07,1.3370828e+07,0.0,0.0,0.0,53110.0,4828.0,430.0,1.07241472e+08,1.258049536e+09,1243.46,31.0,17698.0,0.0,17697.0,17697.0,1.0,0.0,0.0
2026-05-18 15:56:44,37,615381.0,3.4194161e+07,1.3461816e+07,0.0,0.0,0.0,53409.0,4855.0,433.0,1.07241472e+08,1.258049536e+09,1251.1499999999999,29.0,17797.0,0.0,17797.0,17797.0,1.0,0.0,0.0
2026-05-18 15:56:56,37,618804.0,3.438439e+07,1.3526054e+07,0.0,0.0,0.0,53704.0,4882.0,435.0,1.07241472e+08,1.258049536e+09,1258.04,29.0,17896.0,0.0,17896.0,17896.0,1.0,0.0,0.0
2026-05-18 15:57:08,37,622323.0,3.4577227e+07,1.3619717e+07,0.0,0.0,0.0,53999.0,4909.0,438.0,1.07241472e+08,1.258049536e+09,1264.89,29.0,17995.0,0.0,17995.0,17995.0,1.0,0.0,0.0
2026-05-18 15:57:20,37,625724.0,3.4767424e+07,1.3683955e+07,0.0,0.0,0.0,54296.0,4936.0,440.0,1.07372544e+08,1.258049536e+09,1271.8600000000001,29.0,18095.0,0.0,18094.0,18094.0,1.0,0.0,0.0
2026-05-18 15:57:32,37,629150.0,3.4952297e+07,1.3745518e+07,0.0,0.0,0.0,54591.0,4962.0,442.0,1.07372544e+08,1.258049536e+09,1278.81,31.0,18193.0,0.0,18192.0,18192.0,1.0,0.0,0.0
2026-05-18 15:57:44,38,632611.0,3.5150516e+07,1.3839213e+07,0.0,0.0,0.0,54890.0,4990.0,445.0,1.07372544e+08,1.258049536e+09,1286.1000000000001,35.0,18293.0,0.0,18292.0,18292.0,1.0,0.0,0.0
2026-05-18 15:57:57,38,635987.0,3.5335395e+07,1.3903451e+07,0.0,0.0,0.0,55180.0,5016.0,447.0,1.07372544e+08,1.258049536e+09,1292.89,29.0,18390.0,0.0,18390.0,18390.0,1.0,0.0,0.0
2026-05-18 15:58:08,38,639282.0,3.5525685e+07,1.3965046e+07,0.0,0.0,0.0,55476.0,5043.0,449.0,1.07372544e+08,1.258049536e+09,1299.7,29.0,18490.0,0.0,18489.0,18489.0,1.0,0.0,0.0
2026-05-18 15:58:20,38,642684.0,3.5713213e+07,1.4064065e+07,0.0,0.0,0.0,55770.0,5070.0,452.0,1.07372544e+08,1.258049536e+09,1306.68,30.0,18588.0,0.0,18587.0,18587.0,1.0,0.0,0.0
2026-05-18 15:58:32,38,646107.0,3.5903477e+07,1.4125628e+07,0.0,0.0,0.0,56069.0,5097.0,454.0,1.07372544e+08,1.258049536e+09,1314.2,31.0,18687.0,0.0,18686.0,18686.0,1.0,0.0,0.0
2026-05-18 15:58:44,39,649498.0,3.6088385e+07,1.4189866e+07,0.0,0.0,0.0,56364.0,5123.0,456.0,1.07372544e+08,1.258049536e+09,1321.51,30.0,18786.0,0.0,18785.0,18785.0,1.0,0.0,0.0
2026-05-18 15:58:56,39,652883.0,3.6281286e+07,1.4283529e+07,0.0,0.0,0.0,56658.0,5150.0,459.0,1.07372544e+08,1.258049536e+09,1328.43,31.0,18885.0,0.0,18884.0,18884.0,1.0,0.0,0.0
2026-05-18 15:59:08,39,656278.0,3.6474228e+07,1.4347767e+07,0.0,0.0,0.0,56955.0,5177.0,461.0,1.07241472e+08,1.258049536e+09,1335.96,29.0,18984.0,0.0,18984.0,18984.0,1.0,0.0,0.0
2026-05-18 15:59:20,39,659698.0,3.666439e+07,1.4444175e+07,0.0,0.0,0.0,57250.0,5204.0,464.0,1.071104e+08,1.258049536e+09,1342.8,29.0,19083.0,0.0,19083.0,19083.0,1.0,0.0,0.0
2026-05-18 15:59:32,39,663176.0,3.6854529e+07,1.4503057e+07,0.0,0.0,0.0,57543.0,5231.0,466.0,1.071104e+08,1.258049536e+09,1349.68,30.0,19182.0,0.0,19181.0,19181.0,1.0,0.0,0.0
2026-05-18 15:59:44,40,666570.0,3.7050166e+07,1.4567263e+07,0.0,0.0,0.0,57838.0,5258.0,468.0,1.071104e+08,1.258049536e+09,1357.0900000000001,29.0,19280.0,0.0,19280.0,19280.0,1.0,0.0,0.0
2026-05-18 15:59:56,40,669978.0,3.7237764e+07,1.4660964e+07,0.0,0.0,0.0,58138.0,5285.0,471.0,1.071104e+08,1.258049536e+09,1364.41,31.0,19381.0,0.0,19380.0,19380.0,1.0,0.0,0.0
2026-05-18 16:00:09,40,673292.0,3.743343e+07,1.4722527e+07,0.0,0.0,0.0,58433.0,5312.0,473.0,1.071104e+08,1.258049536e+09,1371.9,29.0,19480.0,0.0,19479.0,19479.0,1.0,0.0,0.0
2026-05-18 16:00:21,40,676695.0,3.7618306e+07,1.4786765e+07,0.0,0.0,0.0,58728.0,5338.0,475.0,1.07241472e+08,1.258049536e+09,1378.91,30.0,19579.0,0.0,19578.0,19578.0,1.0,0.0,0.0
2026-05-18 16:00:33,40,680019.0,3.7813885e+07,1.488588e+07,0.0,0.0,0.0,59026.0,5366.0,478.0,1.07372544e+08,1.258049536e+09,1386.77,35.0,19678.0,0.0,19677.0,19677.0,1.0,0.0,0.0
2026-05-18 16:00:45,41,683477.0,3.8006789e+07,1.4947443e+07,0.0,0.0,0.0,59324.0,5393.0,480.0,1.07372544e+08,1.258049536e+09,1393.8700000000001,35.0,19779.0,0.0,19778.0,19778.0,1.0,0.0,0.0
2026-05-18 16:00:57,41,686912.0,3.8197047e+07,1.5038463e+07,0.0,0.0,0.0,59625.0,5420.0,483.0,1.07503616e+08,1.258049536e+09,1401.41,29.0,19879.0,0.0,19879.0,19879.0,1.0,0.0,0.0
2026-05-18 16:01:09,41,690361.0,3.8389884e+07,1.5102701e+07,0.0,0.0,0.0,59917.0,5447.0,485.0,1.07503616e+08,1.258049536e+09,1408.58,35.0,19977.0,0.0,19976.0,19976.0,1.0,0.0,0.0
2026-05-18 16:01:21,41,693803.0,3.8574757e+07,1.5164264e+07,0.0,0.0,0.0,60213.0,5473.0,487.0,1.07503616e+08,1.258049536e+09,1415.54,29.0,20077.0,0.0,20076.0,20076.0,1.0,0.0,0.0
2026-05-18 16:01:33,41,697222.0,3.8770284e+07,1.526064e+07,0.0,0.0,0.0,60512.0,5501.0,490.0,1.07503616e+08,1.258049536e+09,1422.4099999999999,29.0,20177.0,0.0,20176.0,20176.0,1.0,0.0,0.0
2026-05-18 16:01:45,42,700677.0,3.8960516e+07,1.5322203e+07,0.0,0.0,0.0,60810.0,5528.0,492.0,1.07503616e+08,1.258049536e+09,1429.6000000000001,29.0,20276.0,0.0,20276.0,20276.0,1.0,0.0,0.0
2026-05-18 16:01:57,42,704103.0,3.9153414e+07,1.5413191e+07,0.0,0.0,0.0,61106.0,5555.0,495.0,1.07503616e+08,1.258049536e+09,1437.16,30.0,20376.0,0.0,20375.0,20375.0,1.0,0.0,0.0
2026-05-18 16:02:09,42,707564.0,3.934635e+07,1.5474754e+07,0.0,0.0,0.0,61406.0,5582.0,497.0,1.07372544e+08,1.258049536e+09,1444.7,30.0,20476.0,0.0,20475.0,20475.0,1.0,0.0,0.0
2026-05-18 16:02:22,42,710932.0,3.9536582e+07,1.5538992e+07,0.0,0.0,0.0,61699.0,5609.0,499.0,1.07372544e+08,1.258049536e+09,1451.53,30.0,20575.0,0.0,20574.0,20574.0,1.0,0.0,0.0
2026-05-18 16:02:34,42,714276.0,3.9718754e+07,1.56354e+07,0.0,0.0,0.0,61991.0,5635.0,502.0,1.07372544e+08,1.258049536e+09,1458.1,29.0,20672.0,0.0,20672.0,20672.0,1.0,0.0,0.0
2026-05-18 16:02:45,43,717728.0,3.9911664e+07,1.5696963e+07,0.0,0.0,0.0,62290.0,5662.0,504.0,1.07372544e+08,1.258049536e+09,1465.4099999999999,29.0,20772.0,0.0,20772.0,20772.0,1.0,0.0,0.0
2026-05-18 16:02:58,43,721209.0,4.0101832e+07,1.5787951e+07,0.0,0.0,0.0,62587.0,5689.0,507.0,1.07372544e+08,1.258049536e+09,1472.5900000000001,30.0,20872.0,0.0,20871.0,20871.0,1.0,0.0,0.0
2026-05-18 16:03:10,43,724594.0,4.028674e+07,1.5852227e+07,0.0,0.0,0.0,62886.0,5716.0,509.0,1.07372544e+08,1.258049536e+09,1479.63,29.0,20970.0,0.0,20970.0,20970.0,1.0,0.0,0.0
2026-05-18 16:03:22,43,727915.0,4.0479679e+07,1.5945922e+07,0.0,0.0,0.0,63182.0,5743.0,512.0,1.07372544e+08,1.258049536e+09,1486.46,29.0,21069.0,0.0,21069.0,21069.0,1.0,0.0,0.0
2026-05-18 16:03:34,43,731392.0,4.0669873e+07,1.6007485e+07,0.0,0.0,0.0,63480.0,5770.0,514.0,1.07372544e+08,1.258049536e+09,1493.41,29.0,21169.0,0.0,21169.0,21169.0,1.0,0.0,0.0
2026-05-18 16:03:46,44,734768.0,4.0860108e+07,1.6069048e+07,0.0,0.0,0.0,63772.0,5797.0,516.0,1.07241472e+08,1.258049536e+09,1500.17,29.0,21267.0,0.0,21267.0,21267.0,1.0,0.0,0.0
2026-05-18 16:03:58,44,738083.0,4.1047691e+07,1.6165424e+07,0.0,0.0,0.0,64066.0,5824.0,519.0,1.07241472e+08,1.258049536e+09,1507.45,35.0,21365.0,0.0,21364.0,21364.0,1.0,0.0,0.0
2026-05-18 16:04:10,44,741541.0,4.1240563e+07,1.6229694e+07,0.0,0.0,0.0,64364.0,5851.0,521.0,1.07241472e+08,1.258049536e+09,1515.03,35.0,21465.0,0.0,21464.0,21464.0,1.0,0.0,0.0
2026-05-18 16:04:22,44,744990.0,4.1433438e+07,1.6323357e+07,0.0,0.0,0.0,64659.0,5878.0,524.0,1.07372544e+08,1.258049536e+09,1521.9099999999999,35.0,21564.0,0.0,21563.0,21563.0,1.0,0.0,0.0
2026-05-18 16:04:34,44,748448.0,4.1623635e+07,1.6387627e+07,0.0,0.0,0.0,64959.0,5905.0,526.0,1.07372544e+08,1.258049536e+09,1528.6699999999998,31.0,21664.0,0.0,21663.0,21663.0,1.0,0.0,0.0
2026-05-18 16:04:46,45,751859.0,4.1813835e+07,1.6451897e+07,0.0,0.0,0.0,65252.0,5932.0,528.0,1.07372544e+08,1.258049536e+09,1535.56,29.0,21762.0,0.0,21762.0,21762.0,1.0,0.0,0.0
2026-05-18 16:04:58,45,755263.0,4.1998676e+07,1.6542885e+07,0.0,0.0,0.0,65548.0,5958.0,531.0,1.07372544e+08,1.258049536e+09,1542.76,29.0,21862.0,0.0,21861.0,21861.0,1.0,0.0,0.0
2026-05-18 16:05:10,45,758651.0,4.2194287e+07,1.6604448e+07,0.0,0.0,0.0,65841.0,5985.0,533.0,1.07372544e+08,1.258049536e+09,1550.1,29.0,21960.0,0.0,21960.0,21960.0,1.0,0.0,0.0
2026-05-18 16:05:22,45,761978.0,4.2387252e+07,1.6666043e+07,0.0,0.0,0.0,66135.0,6012.0,535.0,1.07372544e+08,1.258049536e+09,1557.09,30.0,22059.0,0.0,22058.0,22058.0,1.0,0.0,0.0
2026-05-18 16:05:34,45,765322.0,4.2572169e+07,1.6762419e+07,0.0,0.0,0.0,66434.0,6039.0,538.0,1.07372544e+08,1.258049536e+09,1563.98,30.0,22159.0,0.0,22158.0,22158.0,1.0,0.0,0.0
2026-05-18 16:05:46,46,768739.0,4.276507e+07,1.6826657e+07,0.0,0.0,0.0,66727.0,6066.0,540.0,1.07503616e+08,1.258049536e+09,1570.9099999999999,29.0,22256.0,0.0,22256.0,22256.0,1.0,0.0,0.0
2026-05-18 16:05:58,46,772133.0,4.2949911e+07,1.6890927e+07,0.0,0.0,0.0,67023.0,6092.0,542.0,1.07372544e+08,1.258049536e+09,1578.02,30.0,22356.0,0.0,22355.0,22355.0,1.0,0.0,0.0
2026-05-18 16:06:10,46,775572.0,4.3148168e+07,1.6981915e+07,0.0,0.0,0.0,67320.0,6120.0,545.0,1.07241472e+08,1.258049536e+09,1585.1299999999999,30.0,22455.0,0.0,22454.0,22454.0,1.0,0.0,0.0
2026-05-18 16:06:22,46,778969.0,4.3341101e+07,1.7046185e+07,0.0,0.0,0.0,67617.0,6147.0,547.0,1.07241472e+08,1.258049536e+09,1592.27,29.0,22555.0,0.0,22555.0,22555.0,1.0,0.0,0.0
2026-05-18 16:06:34,46,782380.0,4.3523244e+07,1.713988e+07,0.0,0.0,0.0,67912.0,6173.0,550.0,1.07241472e+08,1.258049536e+09,1599.1,29.0,22653.0,0.0,22653.0,22653.0,1.0,0.0,0.0
2026-05-18 16:06:46,47,785905.0,4.3718788e+07,1.7204086e+07,0.0,0.0,0.0,68207.0,6200.0,552.0,1.07372544e+08,1.258049536e+09,1605.6799999999998,30.0,22753.0,0.0,22752.0,22752.0,1.0,0.0,0.0
2026-05-18 16:06:59,47,789223.0,4.3906406e+07,1.7268362e+07,0.0,0.0,0.0,68503.0,6227.0,554.0,1.07241472e+08,1.258049536e+09,1612.75,30.0,22852.0,0.0,22851.0,22851.0,1.0,0.0,0.0
2026-05-18 16:07:11,47,792714.0,4.4096548e+07,1.735935e+07,0.0,0.0,0.0,68803.0,6254.0,557.0,1.07241472e+08,1.258049536e+09,1620.2800000000002,31.0,22951.0,0.0,22950.0,22950.0,1.0,0.0,0.0
2026-05-18 16:07:23,47,796157.0,4.4289449e+07,1.7420913e+07,0.0,0.0,0.0,69099.0,6281.0,559.0,1.07241472e+08,1.258049536e+09,1627.25,35.0,23051.0,0.0,23050.0,23050.0,1.0,0.0,0.0
2026-05-18 16:07:35,47,799463.0,4.4477041e+07,1.7514614e+07,0.0,0.0,0.0,69396.0,6308.0,562.0,1.07241472e+08,1.258049536e+09,1634.44,30.0,23150.0,0.0,23149.0,23149.0,1.0,0.0,0.0
2026-05-18 16:07:47,48,802822.0,4.4667299e+07,1.7578884e+07,0.0,0.0,0.0,69690.0,6335.0,564.0,1.07372544e+08,1.258049536e+09,1641.0700000000002,29.0,23248.0,0.0,23248.0,23248.0,1.0,0.0,0.0
2026-05-18 16:07:59,48,806233.0,4.4860206e+07,1.7643122e+07,0.0,0.0,0.0,69983.0,6362.0,566.0,1.07372544e+08,1.258049536e+09,1648.26,30.0,23347.0,0.0,23346.0,23346.0,1.0,0.0,0.0
2026-05-18 16:08:11,48,809630.0,4.5045073e+07,1.7734142e+07,0.0,0.0,0.0,70279.0,6388.0,569.0,1.07372544e+08,1.258049536e+09,1655.24,31.0,23445.0,0.0,23444.0,23444.0,1.0,0.0,0.0
2026-05-18 16:08:23,48,812977.0,4.5235346e+07,1.779838e+07,0.0,0.0,0.0,70574.0,6415.0,571.0,1.07241472e+08,1.258049536e+09,1662.24,29.0,23544.0,0.0,23544.0,23544.0,1.0,0.0,0.0
2026-05-18 16:08:35,48,816424.0,4.5433597e+07,1.7892075e+07,0.0,0.0,0.0,70873.0,6443.0,574.0,1.071104e+08,1.258049536e+09,1669.33,29.0,23644.0,0.0,23644.0,23644.0,1.0,0.0,0.0
2026-05-18 16:08:47,49,819914.0,4.5626437e+07,1.7956313e+07,0.0,0.0,0.0,71170.0,6470.0,576.0,1.071104e+08,1.258049536e+09,1676.3899999999999,30.0,23744.0,0.0,23743.0,23743.0,1.0,0.0,0.0
2026-05-18 16:08:59,49,823323.0,4.5811313e+07,1.8017876e+07,0.0,0.0,0.0,71467.0,6496.0,578.0,1.071104e+08,1.258049536e+09,1684.06,29.0,23843.0,0.0,23843.0,23843.0,1.0,0.0,0.0
2026-05-18 16:09:11,49,826763.0,4.6006904e+07,1.8111577e+07,0.0,0.0,0.0,71766.0,6524.0,581.0,1.07241472e+08,1.258049536e+09,1690.9299999999998,29.0,23944.0,0.0,23943.0,23943.0,1.0,0.0,0.0
2026-05-18 16:09:23,49,830224.0,4.6197098e+07,1.817314e+07,0.0,0.0,0.0,72064.0,6551.0,583.0,1.071104e+08,1.258049536e+09,1698.2,31.0,24043.0,0.0,24042.0,24042.0,1.0,0.0,0.0
2026-05-18 16:09:35,49,833580.0,4.6387359e+07,1.826416e+07,0.0,0.0,0.0,72362.0,6578.0,586.0,1.071104e+08,1.258049536e+09,1705.4099999999999,30.0,24143.0,0.0,24142.0,24142.0,1.0,0.0,0.0
2026-05-18 16:09:47,50,837131.0,4.6577527e+07,1.8328366e+07,0.0,0.0,0.0,72660.0,6605.0,588.0,1.07241472e+08,1.258049536e+09,1712.8600000000001,29.0,24242.0,0.0,24242.0,24242.0,1.0,0.0,0.0
2026-05-18 16:09:59,50,840609.0,4.6767698e+07,1.8422067e+07,0.0,0.0,0.0,72960.0,6632.0,591.0,1.07241472e+08,1.258049536e+09,1720.32,29.0,24342.0,0.0,24342.0,24342.0,1.0,0.0,0.0
2026-05-18 16:10:11,50,844077.0,4.6957863e+07,1.848363e+07,0.0,0.0,0.0,73255.0,6659.0,593.0,1.07241472e+08,1.258049536e+09,1727.8,29.0,24441.0,0.0,24441.0,24441.0,1.0,0.0,0.0
2026-05-18 16:10:23,50,847619.0,4.714797e+07,1.8547868e+07,0.0,0.0,0.0,73551.0,6686.0,595.0,1.071104e+08,1.258049536e+09,1734.57,30.0,24541.0,0.0,24540.0,24540.0,1.0,0.0,0.0
2026-05-18 16:10:36,50,851030.0,4.7335495e+07,1.8641569e+07,0.0,0.0,0.0,73849.0,6713.0,598.0,1.071104e+08,1.258049536e+09,1741.66,30.0,24639.0,0.0,24638.0,24638.0,1.0,0.0,0.0
2026-05-18 16:10:47,51,854401.0,4.7528405e+07,1.8705807e+07,0.0,0.0,0.0,74144.0,6740.0,600.0,1.07241472e+08,1.258049536e+09,1748.7,29.0,24738.0,0.0,24738.0,24738.0,1.0,0.0,0.0
2026-05-18 16:10:59,51,857866.0,4.7718573e+07,1.8796795e+07,0.0,0.0,0.0,74441.0,6767.0,603.0,1.07241472e+08,1.258049536e+09,1755.76,29.0,24838.0,0.0,24837.0,24837.0,1.0,0.0,0.0
2026-05-18 16:11:11,51,861295.0,4.7908831e+07,1.8858358e+07,0.0,0.0,0.0,74739.0,6794.0,605.0,1.07372544e+08,1.258049536e+09,1763.01,35.0,24937.0,0.0,24936.0,24936.0,1.0,0.0,0.0
2026-05-18 16:11:24,51,864607.0,4.8096417e+07,1.8952059e+07,0.0,0.0,0.0,75033.0,6821.0,608.0,1.07503616e+08,1.258049536e+09,1769.97,30.0,25036.0,0.0,25035.0,25035.0,1.0,0.0,0.0
2026-05-18 16:11:35,51,868120.0,4.8289266e+07,1.9016297e+07,0.0,0.0,0.0,75331.0,6848.0,610.0,1.07503616e+08,1.258049536e+09,1776.6899999999998,30.0,25135.0,0.0,25134.0,25134.0,1.0,0.0,0.0
2026-05-18 16:11:47,52,871476.0,4.8479489e+07,1.9080567e+07,0.0,0.0,0.0,75625.0,6875.0,612.0,1.07503616e+08,1.258049536e+09,1783.37,29.0,25233.0,0.0,25233.0,25233.0,1.0,0.0,0.0
2026-05-18 16:11:59,52,874937.0,4.866435e+07,1.9171555e+07,0.0,0.0,0.0,75922.0,6901.0,615.0,1.07503616e+08,1.258049536e+09,1790.65,30.0,25333.0,0.0,25332.0,25332.0,1.0,0.0,0.0
2026-05-18 16:12:11,52,878298.0,4.8857257e+07,1.9235793e+07,0.0,0.0,0.0,76215.0,6928.0,617.0,1.07503616e+08,1.258049536e+09,1797.51,29.0,25431.0,0.0,25431.0,25431.0,1.0,0.0,0.0
2026-05-18 16:12:23,52,881776.0,4.9047428e+07,1.9300031e+07,0.0,0.0,0.0,76510.0,6955.0,619.0,1.07372544e+08,1.258049536e+09,1804.6100000000001,30.0,25530.0,0.0,25529.0,25529.0,1.0,0.0,0.0
2026-05-18 16:12:35,52,885153.0,4.9240419e+07,1.9393726e+07,0.0,0.0,0.0,76813.0,6982.0,622.0,1.07372544e+08,1.258049536e+09,1811.99,29.0,25631.0,0.0,25631.0,25631.0,1.0,0.0,0.0
2026-05-18 16:12:48,53,888596.0,4.9433297e+07,1.9457964e+07,0.0,0.0,0.0,77105.0,7009.0,624.0,1.07241472e+08,1.258049536e+09,1818.6200000000001,30.0,25730.0,0.0,25729.0,25729.0,1.0,0.0,0.0
2026-05-18 16:13:00,53,891987.0,4.9623523e+07,1.9554372e+07,0.0,0.0,0.0,77403.0,7036.0,627.0,1.07241472e+08,1.258049536e+09,1825.49,30.0,25830.0,0.0,25829.0,25829.0,1.0,0.0,0.0
2026-05-18 16:13:12,53,895506.0,4.9819082e+07,1.9615935e+07,0.0,0.0,0.0,77708.0,7064.0,629.0,1.07241472e+08,1.258049536e+09,1832.92,31.0,25931.0,0.0,25930.0,25930.0,1.0,0.0,0.0
2026-05-18 16:13:24,53,898879.0,5.000932e+07,1.9680173e+07,0.0,0.0,0.0,78001.0,7091.0,631.0,1.07241472e+08,1.258049536e+09,1839.73,30.0,26030.0,0.0,26029.0,26029.0,1.0,0.0,0.0
2026-05-18 16:13:36,53,902337.0,5.0199517e+07,1.9773868e+07,0.0,0.0,0.0,78300.0,7118.0,634.0,1.07241472e+08,1.258049536e+09,1846.75,30.0,26129.0,0.0,26128.0,26128.0,1.0,0.0,0.0
2026-05-18 16:13:48,54,905750.0,5.039245e+07,1.9835431e+07,0.0,0.0,0.0,78598.0,7145.0,636.0,1.07372544e+08,1.258049536e+09,1853.83,29.0,26229.0,0.0,26229.0,26229.0,1.0,0.0,0.0
2026-05-18 16:14:00,54,909134.0,5.0579981e+07,1.9929132e+07,0.0,0.0,0.0,78895.0,7172.0,639.0,1.07372544e+08,1.258049536e+09,1861.1899999999998,29.0,26328.0,0.0,26328.0,26328.0,1.0,0.0,0.0
2026-05-18 16:14:12,54,912589.0,5.077285e+07,1.9990695e+07,0.0,0.0,0.0,79190.0,7199.0,641.0,1.07372544e+08,1.258049536e+09,1868.5100000000002,29.0,26427.0,0.0,26427.0,26427.0,1.0,0.0,0.0
2026-05-18 16:14:24,54,916025.0,5.0968432e+07,2.0054933e+07,0.0,0.0,0.0,79487.0,7226.0,643.0,1.07372544e+08,1.258049536e+09,1875.77,30.0,26527.0,0.0,26526.0,26526.0,1.0,0.0,0.0
2026-05-18 16:14:37,54,919369.0,5.1158696e+07,2.0145921e+07,0.0,0.0,0.0,79783.0,7253.0,646.0,1.07372544e+08,1.258049536e+09,1882.6799999999998,29.0,26626.0,0.0,26626.0,26626.0,1.0,0.0,0.0
2026-05-18 16:14:49,55,922847.0,5.1343479e+07,2.0207484e+07,0.0,0.0,0.0,80075.0,7279.0,648.0,1.07241472e+08,1.258049536e+09,1889.37,31.0,26725.0,0.0,26724.0,26724.0,1.0,0.0,0.0
2026-05-18 16:15:01,55,926258.0,5.1531036e+07,2.0301185e+07,0.0,0.0,0.0,80372.0,7306.0,651.0,1.071104e+08,1.258049536e+09,1896.18,29.0,26823.0,0.0,26823.0,26823.0,1.0,0.0,0.0
2026-05-18 16:15:13,55,929675.0,5.1723905e+07,2.0362716e+07,0.0,0.0,0.0,80663.0,7333.0,653.0,1.071104e+08,1.258049536e+09,1902.9,30.0,26921.0,0.0,26920.0,26920.0,1.0,0.0,0.0
2026-05-18 16:15:25,55,932999.0,5.190881e+07,2.0426986e+07,0.0,0.0,0.0,80956.0,7359.0,655.0,1.07241472e+08,1.258049536e+09,1910.19,31.0,27020.0,0.0,27019.0,27019.0,1.0,0.0,0.0
2026-05-18 16:15:37,55,936390.0,5.2099074e+07,2.0518006e+07,0.0,0.0,0.0,81256.0,7386.0,658.0,1.07372544e+08,1.258049536e+09,1917.13,30.0,27119.0,0.0,27118.0,27118.0,1.0,0.0,0.0
2026-05-18 16:15:49,56,939758.0,5.2291975e+07,2.0582276e+07,0.0,0.0,0.0,81551.0,7413.0,660.0,1.07503616e+08,1.258049536e+09,1924.36,31.0,27218.0,0.0,27217.0,27217.0,1.0,0.0,0.0
2026-05-18 16:16:01,56,943146.0,5.2482169e+07,2.0681359e+07,0.0,0.0,0.0,81846.0,7440.0,663.0,1.07503616e+08,1.258049536e+09,1931.83,29.0,27317.0,0.0,27317.0,27317.0,1.0,0.0,0.0
2026-05-18 16:16:13,56,946557.0,5.2669691e+07,2.0742922e+07,0.0,0.0,0.0,82141.0,7467.0,665.0,1.07503616e+08,1.258049536e+09,1938.55,29.0,27416.0,0.0,27415.0,27415.0,1.0,0.0,0.0
2026-05-18 16:16:25,56,949905.0,5.2859949e+07,2.0807192e+07,0.0,0.0,0.0,82437.0,7494.0,667.0,1.07372544e+08,1.258049536e+09,1945.39,29.0,27514.0,0.0,27514.0,27514.0,1.0,0.0,0.0
2026-05-18 16:16:36,56,953290.0,5.3044825e+07,2.089818e+07,0.0,0.0,0.0,82731.0,7520.0,670.0,1.07372544e+08,1.258049536e+09,1952.24,29.0,27613.0,0.0,27612.0,27612.0,1.0,0.0,0.0
2026-05-18 16:16:48,57,956704.0,5.323506e+07,2.0959743e+07,0.0,0.0,0.0,83026.0,7547.0,672.0,1.07372544e+08,1.258049536e+09,1959.49,29.0,27712.0,0.0,27711.0,27711.0,1.0,0.0,0.0
2026-05-18 16:17:00,57,960121.0,5.3430674e+07,2.1053444e+07,0.0,0.0,0.0,83325.0,7575.0,675.0,1.07372544e+08,1.258049536e+09,1966.9099999999999,29.0,27811.0,0.0,27811.0,27811.0,1.0,0.0,0.0
2026-05-18 16:17:13,57,963547.0,5.3615483e+07,2.1117714e+07,0.0,0.0,0.0,83620.0,7601.0,677.0,1.07372544e+08,1.258049536e+09,1973.94,29.0,27911.0,0.0,27910.0,27910.0,1.0,0.0,0.0
2026-05-18 16:17:25,57,967043.0,5.3808326e+07,2.1179277e+07,0.0,0.0,0.0,83918.0,7628.0,679.0,1.07372544e+08,1.258049536e+09,1981.3799999999999,29.0,28010.0,0.0,28010.0,28010.0,1.0,0.0,0.0
2026-05-18 16:17:37,57,970521.0,5.3998497e+07,2.1270265e+07,0.0,0.0,0.0,84215.0,7655.0,682.0,1.07503616e+08,1.258049536e+09,1988.63,29.0,28109.0,0.0,28109.0,28109.0,1.0,0.0,0.0
2026-05-18 16:17:49,58,973870.0,5.4191413e+07,2.1331828e+07,0.0,0.0,0.0,84506.0,7682.0,684.0,1.07503616e+08,1.258049536e+09,1995.74,35.0,28207.0,0.0,28206.0,28206.0,1.0,0.0,0.0
2026-05-18 16:18:01,58,977302.0,5.4381598e+07,2.1425523e+07,0.0,0.0,0.0,84803.0,7709.0,687.0,1.07503616e+08,1.258049536e+09,2002.62,31.0,28307.0,0.0,28306.0,28306.0,1.0,0.0,0.0
2026-05-18 16:18:13,58,980739.0,5.4566422e+07,2.1489761e+07,0.0,0.0,0.0,85096.0,7735.0,689.0,1.07503616e+08,1.258049536e+09,2009.6,30.0,28405.0,0.0,28404.0,28404.0,1.0,0.0,0.0
2026-05-18 16:18:25,58,984025.0,5.475946e+07,2.1553999e+07,0.0,0.0,0.0,85390.0,7762.0,691.0,1.07634688e+08,1.258049536e+09,2016.9099999999999,35.0,28504.0,0.0,28503.0,28503.0,1.0,0.0,0.0
2026-05-18 16:18:37,58,987521.0,5.4955007e+07,2.1647694e+07,0.0,0.0,0.0,85692.0,7790.0,694.0,1.07634688e+08,1.258049536e+09,2024.5,29.0,28604.0,0.0,28604.0,28604.0,1.0,0.0,0.0
2026-05-18 16:18:49,59,990979.0,5.5153261e+07,2.1709251e+07,0.0,0.0,0.0,85988.0,7817.0,696.0,1.07634688e+08,1.258049536e+09,2031.61,29.0,28703.0,0.0,28703.0,28703.0,1.0,0.0,0.0
2026-05-18 16:19:01,59,994316.0,5.5338169e+07,2.1773489e+07,0.0,0.0,0.0,86283.0,7843.0,698.0,1.07503616e+08,1.258049536e+09,2038.81,30.0,28803.0,0.0,28802.0,28802.0,1.0,0.0,0.0
2026-05-18 16:19:13,59,997663.0,5.5528401e+07,2.1872572e+07,0.0,0.0,0.0,86578.0,7870.0,701.0,1.07503616e+08,1.258049536e+09,2045.56,29.0,28901.0,0.0,28901.0,28901.0,1.0,0.0,0.0
2026-05-18 16:19:25,59,1.000926e+06,5.5721424e+07,2.1934135e+07,0.0,0.0,0.0,86869.0,7897.0,703.0,1.07503616e+08,1.258049536e+09,2052.3199999999997,29.0,28999.0,0.0,28999.0,28999.0,1.0,0.0,0.0
2026-05-18 16:19:37,59,1.004273e+06,5.59063e+07,2.1998405e+07,0.0,0.0,0.0,87158.0,7923.0,705.0,1.07503616e+08,1.258049536e+09,2059.83,30.0,29097.0,0.0,29096.0,29096.0,1.0,0.0,0.0
2026-05-18 16:19:49,60,1.007684e+06,5.6096474e+07,2.20921e+07,0.0,0.0,0.0,87453.0,7950.0,708.0,1.07372544e+08,1.258049536e+09,2067.85,30.0,29195.0,0.0,29194.0,29194.0,1.0,0.0,0.0
2026-05-18 16:20:01,60,1.011075e+06,5.6289407e+07,2.2156338e+07,0.0,0.0,0.0,87749.0,7977.0,710.0,1.07372544e+08,1.258049536e+09,2076.53,30.0,29295.0,0.0,29294.0,29294.0,1.0,0.0,0.0
2026-05-18 16:20:14,60,1.014644e+06,5.6482276e+07,2.2220576e+07,0.0,0.0,0.0,88051.0,8004.0,712.0,1.071104e+08,1.258049536e+09,2084.95,30.0,29396.0,0.0,29395.0,29395.0,1.0,0.0,0.0
2026-05-18 16:20:26,60,1.017991e+06,5.6669865e+07,2.2316952e+07,0.0,0.0,0.0,88350.0,8031.0,715.0,1.07241472e+08,1.258049536e+09,2093.95,30.0,29495.0,0.0,29494.0,29494.0,1.0,0.0,0.0
2026-05-18 16:20:38,60,1.021312e+06,5.6865511e+07,2.2378509e+07,0.0,0.0,0.0,88640.0,8058.0,717.0,1.0776576e+08,1.258463232e+09,2101.85,30.0,29593.0,0.0,29592.0,29592.0,1.0,0.0,0.0
2026-05-18 16:20:50,61,1.024764e+06,5.7058383e+07,2.2469497e+07,0.0,0.0,0.0,88936.0,8085.0,720.0,1.07634688e+08,1.258463232e+09,2109.08,29.0,29693.0,0.0,29692.0,29692.0,1.0,0.0,0.0
2026-05-18 16:21:02,61,1.028219e+06,5.7248577e+07,2.253106e+07,0.0,0.0,0.0,89233.0,8112.0,722.0,1.07634688e+08,1.258463232e+09,2116.21,30.0,29792.0,0.0,29791.0,29791.0,1.0,0.0,0.0
2026-05-18 16:21:14,61,1.03172e+06,5.7438725e+07,2.2592623e+07,0.0,0.0,0.0,89529.0,8139.0,724.0,1.07634688e+08,1.258463232e+09,2123.7,31.0,29891.0,0.0,29890.0,29890.0,1.0,0.0,0.0
2026-05-18 16:21:26,61,1.035222e+06,5.763426e+07,2.2686286e+07,0.0,0.0,0.0,89827.0,8166.0,727.0,1.0776576e+08,1.258463232e+09,2132.48,30.0,29991.0,0.0,29990.0,29990.0,1.0,0.0,0.0
2026-05-18 16:21:39,61,1.038613e+06,5.7827199e+07,2.2747881e+07,0.0,0.0,0.0,90124.0,8193.0,729.0,1.07634688e+08,1.258463232e+09,2140.42,31.0,30090.0,0.0,30089.0,30089.0,1.0,0.0,0.0
2026-05-18 16:21:51,62,1.042068e+06,5.8009368e+07,2.2812119e+07,0.0,0.0,0.0,90419.0,8219.0,731.0,1.07503616e+08,1.258463232e+09,2147.5,30.0,30189.0,0.0,30188.0,30188.0,1.0,0.0,0.0
2026-05-18 16:22:03,62,1.045498e+06,5.8207558e+07,2.2905814e+07,0.0,0.0,0.0,90717.0,8247.0,734.0,1.07634688e+08,1.258463232e+09,2155.2999999999997,33.0,30288.0,0.0,30287.0,30287.0,1.0,0.0,0.0
2026-05-18 16:22:15,62,1.048921e+06,5.8392434e+07,2.2967377e+07,0.0,0.0,0.0,91013.0,8273.0,736.0,1.07634688e+08,1.258463232e+09,2162.92,29.0,30387.0,0.0,30387.0,30387.0,1.0,0.0,0.0
2026-05-18 16:22:28,62,1.052265e+06,5.8580026e+07,2.3061078e+07,0.0,0.0,0.0,91311.0,8300.0,739.0,1.0776576e+08,1.258463232e+09,2170.66,30.0,30486.0,0.0,30485.0,30485.0,1.0,0.0,0.0
2026-05-18 16:22:40,62,1.05561e+06,5.8770246e+07,2.3125348e+07,0.0,0.0,0.0,91603.0,8327.0,741.0,1.0776576e+08,1.258463232e+09,2178.38,29.0,30584.0,0.0,30584.0,30584.0,1.0,0.0,0.0
2026-05-18 16:22:52,63,1.05903e+06,5.8960475e+07,2.3216368e+07,0.0,0.0,0.0,91902.0,8354.0,744.0,1.0776576e+08,1.258463232e+09,2186.2,30.0,30684.0,0.0,30683.0,30683.0,1.0,0.0,0.0
2026-05-18 16:23:04,63,1.062412e+06,5.9150672e+07,2.3280606e+07,0.0,0.0,0.0,92194.0,8381.0,746.0,1.07634688e+08,1.258463232e+09,2193.71,29.0,30781.0,0.0,30781.0,30781.0,1.0,0.0,0.0
2026-05-18 16:23:16,63,1.065733e+06,5.9338287e+07,2.3344882e+07,0.0,0.0,0.0,92490.0,8408.0,748.0,1.07634688e+08,1.258463232e+09,2201.35,30.0,30880.0,0.0,30879.0,30879.0,1.0,0.0,0.0
2026-05-18 16:23:28,63,1.069112e+06,5.9523131e+07,2.343587e+07,0.0,0.0,0.0,92781.0,8434.0,751.0,1.07634688e+08,1.258463232e+09,2208.83,30.0,30978.0,0.0,30977.0,30977.0,1.0,0.0,0.0
2026-05-18 16:23:40,63,1.072596e+06,5.9716009e+07,2.3497433e+07,0.0,0.0,0.0,93079.0,8461.0,753.0,1.07503616e+08,1.258463232e+09,2216.6099999999997,33.0,31078.0,0.0,31077.0,31077.0,1.0,0.0,0.0
2026-05-18 16:23:52,64,1.075943e+06,5.9906235e+07,2.3593809e+07,0.0,0.0,0.0,93370.0,8488.0,756.0,1.07503616e+08,1.258463232e+09,2224.0,29.0,31175.0,0.0,31175.0,31175.0,1.0,0.0,0.0
2026-05-18 16:24:04,64,1.079366e+06,6.0101855e+07,2.3652691e+07,0.0,0.0,0.0,93669.0,8515.0,758.0,1.07634688e+08,1.258463232e+09,2232.03,29.0,31275.0,0.0,31275.0,31275.0,1.0,0.0,0.0
2026-05-18 16:24:16,64,1.082827e+06,6.0292081e+07,2.3716929e+07,0.0,0.0,0.0,93967.0,8542.0,760.0,1.0776576e+08,1.258463232e+09,2239.79,35.0,31375.0,0.0,31374.0,31374.0,1.0,0.0,0.0
2026-05-18 16:24:28,64,1.086189e+06,6.0482368e+07,2.3813305e+07,0.0,0.0,0.0,94264.0,8569.0,763.0,1.0776576e+08,1.258463232e+09,2247.73,30.0,31475.0,0.0,31474.0,31474.0,1.0,0.0,0.0
2026-05-18 16:24:41,64,1.089609e+06,6.0672536e+07,2.3874868e+07,0.0,0.0,0.0,94559.0,8596.0,765.0,1.0776576e+08,1.258463232e+09,2255.02,29.0,31574.0,0.0,31573.0,31573.0,1.0,0.0,0.0
2026-05-18 16:24:53,65,1.093032e+06,6.0860052e+07,2.393375e+07,0.0,0.0,0.0,94851.0,8622.0,767.0,1.0776576e+08,1.258463232e+09,2262.01,30.0,31671.0,0.0,31670.0,31670.0,1.0,0.0,0.0
2026-05-18 16:25:05,65,1.096402e+06,6.1047615e+07,2.4030094e+07,0.0,0.0,0.0,95143.0,8649.0,770.0,1.0776576e+08,1.258463232e+09,2269.46,30.0,31769.0,0.0,31768.0,31768.0,1.0,0.0,0.0
2026-05-18 16:25:17,65,1.099744e+06,6.1240548e+07,2.4094364e+07,0.0,0.0,0.0,95440.0,8676.0,772.0,1.07634688e+08,1.258463232e+09,2276.75,29.0,31868.0,0.0,31868.0,31868.0,1.0,0.0,0.0
2026-05-18 16:25:29,65,1.103039e+06,6.142816e+07,2.4185384e+07,0.0,0.0,0.0,95735.0,8703.0,775.0,1.07634688e+08,1.258463232e+09,2284.1,29.0,31966.0,0.0,31966.0,31966.0,1.0,0.0,0.0
2026-05-18 16:25:41,65,1.1065e+06,6.1621061e+07,2.4249622e+07,0.0,0.0,0.0,96033.0,8730.0,777.0,1.07503616e+08,1.258463232e+09,2291.8300000000004,29.0,32067.0,0.0,32066.0,32066.0,1.0,0.0,0.0
2026-05-18 16:25:53,66,1.109943e+06,6.1808554e+07,2.4311185e+07,0.0,0.0,0.0,96327.0,8756.0,779.0,1.07503616e+08,1.258463232e+09,2299.49,29.0,32164.0,0.0,32164.0,32164.0,1.0,0.0,0.0
2026-05-18 16:26:05,66,1.113409e+06,6.1996056e+07,2.4404886e+07,0.0,0.0,0.0,96623.0,8783.0,782.0,1.07634688e+08,1.258463232e+09,2307.45,30.0,32264.0,0.0,32263.0,32263.0,1.0,0.0,0.0
2026-05-18 16:26:17,66,1.11687e+06,6.2191568e+07,2.4463768e+07,0.0,0.0,0.0,96917.0,8810.0,784.0,1.07634688e+08,1.258463232e+09,2315.4300000000003,29.0,32362.0,0.0,32362.0,32362.0,1.0,0.0,0.0
2026-05-18 16:26:29,66,1.120185e+06,6.2384571e+07,2.4528006e+07,0.0,0.0,0.0,97209.0,8837.0,786.0,1.07634688e+08,1.258463232e+09,2322.89,30.0,32461.0,0.0,32460.0,32460.0,1.0,0.0,0.0
2026-05-18 16:26:41,66,1.123631e+06,6.2572067e+07,2.4624382e+07,0.0,0.0,0.0,97508.0,8864.0,789.0,1.0776576e+08,1.258463232e+09,2330.48,29.0,32560.0,0.0,32560.0,32560.0,1.0,0.0,0.0
2026-05-18 16:26:53,67,1.127081e+06,6.2762229e+07,2.4685945e+07,0.0,0.0,0.0,97804.0,8891.0,791.0,1.07896832e+08,1.258463232e+09,2337.94,29.0,32660.0,0.0,32659.0,32659.0,1.0,0.0,0.0
2026-05-18 16:27:05,67,1.130553e+06,6.29524e+07,2.4776933e+07,0.0,0.0,0.0,98098.0,8918.0,794.0,1.07896832e+08,1.258463232e+09,2345.5699999999997,30.0,32758.0,0.0,32757.0,32757.0,1.0,0.0,0.0
2026-05-18 16:27:18,67,1.133967e+06,6.3142641e+07,2.4841133e+07,0.0,0.0,0.0,98394.0,8944.0,796.0,1.07896832e+08,1.258463232e+09,2353.05,35.0,32856.0,0.0,32855.0,32855.0,1.0,0.0,0.0
2026-05-18 16:27:30,67,1.137431e+06,6.3335574e+07,2.4902696e+07,0.0,0.0,0.0,98692.0,8971.0,798.0,1.0776576e+08,1.258463232e+09,2361.1600000000003,31.0,32957.0,0.0,32956.0,32956.0,1.0,0.0,0.0
2026-05-18 16:27:42,68,1.140755e+06,6.3523151e+07,2.4999072e+07,0.0,0.0,0.0,98987.0,8998.0,801.0,1.0776576e+08,1.258463232e+09,2368.87,31.0,33056.0,0.0,33055.0,33055.0,1.0,0.0,0.0
2026-05-18 16:27:54,68,1.144137e+06,6.3716017e+07,2.5063342e+07,0.0,0.0,0.0,99276.0,9025.0,803.0,1.0776576e+08,1.258463232e+09,2376.25,30.0,33153.0,0.0,33152.0,33152.0,1.0,0.0,0.0
2026-05-18 16:28:06,68,1.147569e+06,6.3903533e+07,2.5122224e+07,0.0,0.0,0.0,99571.0,9051.0,805.0,1.0776576e+08,1.258463232e+09,2383.7599999999998,29.0,33251.0,0.0,33251.0,33251.0,1.0,0.0,0.0
2026-05-18 16:28:18,68,1.150964e+06,6.4091087e+07,2.5221243e+07,0.0,0.0,0.0,99866.0,9078.0,808.0,1.07896832e+08,1.258463232e+09,2391.4300000000003,30.0,33350.0,0.0,33349.0,33349.0,1.0,0.0,0.0
2026-05-18 16:28:30,68,1.154314e+06,6.4286692e+07,2.5282774e+07,0.0,0.0,0.0,100155.0,9105.0,810.0,1.07896832e+08,1.258463232e+09,2399.05,29.0,33448.0,0.0,33447.0,33447.0,1.0,0.0,0.0
2026-05-18 16:28:42,69,1.15777e+06,6.4471513e+07,2.5344337e+07,0.0,0.0,0.0,100449.0,9131.0,812.0,1.0776576e+08,1.258463232e+09,2406.59,30.0,33546.0,0.0,33545.0,33545.0,1.0,0.0,0.0
2026-05-18 16:28:54,69,1.161236e+06,6.466162e+07,2.5438e+07,0.0,0.0,0.0,100740.0,9158.0,815.0,1.0776576e+08,1.258463232e+09,2414.1099999999997,31.0,33644.0,0.0,33643.0,33643.0,1.0,0.0,0.0
2026-05-18 16:29:06,69,1.164609e+06,6.484647e+07,2.5502238e+07,0.0,0.0,0.0,101029.0,9184.0,817.0,1.0776576e+08,1.258463232e+09,2421.56,29.0,33740.0,0.0,33740.0,33740.0,1.0,0.0,0.0
2026-05-18 16:29:18,69,1.16802e+06,6.5039377e+07,2.5566476e+07,0.0,0.0,0.0,101322.0,9211.0,819.0,1.0776576e+08,1.258463232e+09,2428.8399999999997,30.0,33839.0,0.0,33838.0,33838.0,1.0,0.0,0.0
2026-05-18 16:29:30,69,1.171358e+06,6.5221549e+07,2.566282e+07,0.0,0.0,0.0,101611.0,9237.0,822.0,1.0776576e+08,1.258463232e+09,2436.52,30.0,33936.0,0.0,33935.0,33935.0,1.0,0.0,0.0
2026-05-18 16:29:42,70,1.174752e+06,6.5411772e+07,2.572709e+07,0.0,0.0,0.0,101907.0,9264.0,824.0,1.0776576e+08,1.258463232e+09,2444.2799999999997,30.0,34035.0,0.0,34034.0,34034.0,1.0,0.0,0.0
2026-05-18 16:29:54,70,1.178108e+06,6.5596677e+07,2.5788653e+07,0.0,0.0,0.0,102201.0,9290.0,826.0,1.07634688e+08,1.258463232e+09,2451.47,30.0,34132.0,0.0,34131.0,34131.0,1.0,0.0,0.0
2026-05-18 16:30:06,70,1.181583e+06,6.5784202e+07,2.5882322e+07,0.0,0.0,0.0,102498.0,9317.0,829.0,1.07634688e+08,1.258463232e+09,2458.74,29.0,34231.0,0.0,34231.0,34231.0,1.0,0.0,0.0
2026-05-18 16:30:18,70,1.184869e+06,6.5974463e+07,2.5946592e+07,0.0,0.0,0.0,102788.0,9344.0,831.0,1.07634688e+08,1.258463232e+09,2466.2400000000002,31.0,34329.0,0.0,34328.0,34328.0,1.0,0.0,0.0
2026-05-18 16:30:30,70,1.188248e+06,6.6170083e+07,2.603758e+07,0.0,0.0,0.0,103084.0,9371.0,834.0,1.07634688e+08,1.258463232e+09,2474.64,30.0,34428.0,0.0,34427.0,34427.0,1.0,0.0,0.0
2026-05-18 16:30:42,71,1.191636e+06,6.6363019e+07,2.6099143e+07,0.0,0.0,0.0,103379.0,9398.0,836.0,1.0776576e+08,1.258463232e+09,2482.3300000000004,31.0,34528.0,0.0,34527.0,34527.0,1.0,0.0,0.0
2026-05-18 16:30:54,71,1.195079e+06,6.6545162e+07,2.6160706e+07,0.0,0.0,0.0,103673.0,9424.0,838.0,1.0776576e+08,1.258463232e+09,2489.77,29.0,34625.0,0.0,34625.0,34625.0,1.0,0.0,0.0
2026-05-18 16:31:06,71,1.198535e+06,6.6740712e+07,2.6254407e+07,0.0,0.0,0.0,103974.0,9452.0,841.0,1.0776576e+08,1.258463232e+09,2497.56,29.0,34726.0,0.0,34726.0,34726.0,1.0,0.0,0.0
2026-05-18 16:31:19,71,1.201888e+06,6.693097e+07,2.631597e+07,0.0,0.0,0.0,104269.0,9479.0,843.0,1.0776576e+08,1.258463232e+09,2505.1699999999996,29.0,34824.0,0.0,34824.0,34824.0,1.0,0.0,0.0
2026-05-18 16:31:31,71,1.20525e+06,6.7115875e+07,2.6409697e+07,0.0,0.0,0.0,104565.0,9505.0,846.0,1.0776576e+08,1.258463232e+09,2512.8900000000003,30.0,34924.0,0.0,34923.0,34923.0,1.0,0.0,0.0
2026-05-18 16:31:43,72,1.208661e+06,6.7306081e+07,2.6473935e+07,0.0,0.0,0.0,104861.0,9532.0,848.0,1.0776576e+08,1.258463232e+09,2520.7200000000003,30.0,35023.0,0.0,35022.0,35022.0,1.0,0.0,0.0
2026-05-18 16:31:55,72,1.212026e+06,6.7504428e+07,2.653553e+07,0.0,0.0,0.0,105160.0,9560.0,850.0,1.0776576e+08,1.258463232e+09,2528.62,31.0,35123.0,0.0,35122.0,35122.0,1.0,0.0,0.0
2026-05-18 16:32:07,72,1.215405e+06,6.7686603e+07,2.6634581e+07,0.0,0.0,0.0,105456.0,9586.0,853.0,1.07896832e+08,1.258463232e+09,2536.52,29.0,35221.0,0.0,35221.0,35221.0,1.0,0.0,0.0
2026-05-18 16:32:19,72,1.218755e+06,6.7879533e+07,2.6696112e+07,0.0,0.0,0.0,105744.0,9613.0,855.0,1.08027904e+08,1.258463232e+09,2543.12,29.0,35318.0,0.0,35318.0,35318.0,1.0,0.0,0.0
2026-05-18 16:32:31,72,1.222134e+06,6.8064383e+07,2.6789807e+07,0.0,0.0,0.0,106037.0,9639.0,858.0,1.08027904e+08,1.258463232e+09,2550.59,33.0,35416.0,0.0,35415.0,35415.0,1.0,0.0,0.0
2026-05-18 16:32:43,73,1.225589e+06,6.8254577e+07,2.6854045e+07,0.0,0.0,0.0,106331.0,9666.0,860.0,1.08027904e+08,1.258463232e+09,2558.08,35.0,35515.0,0.0,35514.0,35514.0,1.0,0.0,0.0
2026-05-18 16:32:55,73,1.229035e+06,6.8447455e+07,2.6915608e+07,0.0,0.0,0.0,106627.0,9693.0,862.0,1.07896832e+08,1.258463232e+09,2565.59,29.0,35615.0,0.0,35614.0,35614.0,1.0,0.0,0.0
2026-05-18 16:33:08,73,1.232499e+06,6.8634951e+07,2.7009309e+07,0.0,0.0,0.0,106927.0,9720.0,865.0,1.07896832e+08,1.258463232e+09,2573.31,35.0,35714.0,0.0,35713.0,35713.0,1.0,0.0,0.0
2026-05-18 16:33:20,73,1.235875e+06,6.8827893e+07,2.7070872e+07,0.0,0.0,0.0,107219.0,9747.0,867.0,1.07896832e+08,1.258463232e+09,2580.75,31.0,35813.0,0.0,35812.0,35812.0,1.0,0.0,0.0
2026-05-18 16:33:32,73,1.23922e+06,6.9018203e+07,2.716186e+07,0.0,0.0,0.0,107517.0,9774.0,870.0,1.0776576e+08,1.258463232e+09,2588.89,29.0,35912.0,0.0,35912.0,35912.0,1.0,0.0,0.0
2026-05-18 16:33:44,74,1.242698e+06,6.9202986e+07,2.7226098e+07,0.0,0.0,0.0,107809.0,9800.0,872.0,1.0776576e+08,1.258463232e+09,2597.05,30.0,36010.0,0.0,36009.0,36009.0,1.0,0.0,0.0
2026-05-18 16:33:56,74,1.24615e+06,6.9395887e+07,2.7287661e+07,0.0,0.0,0.0,108105.0,9827.0,874.0,1.07896832e+08,1.258463232e+09,2604.35,29.0,36109.0,0.0,36109.0,36109.0,1.0,0.0,0.0
2026-05-18 16:34:08,74,1.2495e+06,6.9583438e+07,2.7384037e+07,0.0,0.0,0.0,108398.0,9854.0,877.0,1.08027904e+08,1.258463232e+09,2611.96,30.0,36208.0,0.0,36207.0,36207.0,1.0,0.0,0.0
2026-05-18 16:34:20,74,1.253005e+06,6.9778982e+07,2.7442919e+07,0.0,0.0,0.0,108699.0,9881.0,879.0,1.08027904e+08,1.258463232e+09,2620.2599999999998,31.0,36309.0,0.0,36308.0,36308.0,1.0,0.0,0.0
2026-05-18 16:34:32,74,1.256352e+06,6.9969246e+07,2.754197e+07,0.0,0.0,0.0,108994.0,9908.0,882.0,1.08027904e+08,1.258463232e+09,2628.21,29.0,36407.0,0.0,36407.0,36407.0,1.0,0.0,0.0
2026-05-18 16:34:45,75,1.259804e+06,7.0159443e+07,2.7606208e+07,0.0,0.0,0.0,109289.0,9935.0,884.0,1.08027904e+08,1.258463232e+09,2635.7200000000003,33.0,36506.0,0.0,36505.0,36505.0,1.0,0.0,0.0
2026-05-18 16:34:57,75,1.2633e+06,7.0352277e+07,2.766509e+07,0.0,0.0,0.0,109584.0,9962.0,886.0,1.08027904e+08,1.258463232e+09,2643.07,29.0,36605.0,0.0,36605.0,36605.0,1.0,0.0,0.0
2026-05-18 16:35:09,75,1.266801e+06,7.0539744e+07,2.7761466e+07,0.0,0.0,0.0,109882.0,9989.0,889.0,1.08027904e+08,1.258463232e+09,2651.15,30.0,36705.0,0.0,36704.0,36704.0,1.0,0.0,0.0
2026-05-18 16:35:21,75,1.270203e+06,7.0724562e+07,2.7823029e+07,0.0,0.0,0.0,110175.0,10015.0,891.0,1.0776576e+08,1.258463232e+09,2658.9799999999996,30.0,36803.0,0.0,36802.0,36802.0,1.0,0.0,0.0
2026-05-18 16:35:33,75,1.27362e+06,7.0917437e+07,2.7914017e+07,0.0,0.0,0.0,110471.0,10042.0,894.0,1.0776576e+08,1.258463232e+09,2666.7999999999997,35.0,36901.0,0.0,36900.0,36900.0,1.0,0.0,0.0
2026-05-18 16:35:46,76,1.277023e+06,7.1113071e+07,2.7975612e+07,0.0,0.0,0.0,110771.0,10070.0,896.0,1.0776576e+08,1.258463232e+09,2674.48,31.0,37002.0,0.0,37001.0,37001.0,1.0,0.0,0.0
2026-05-18 16:35:58,76,1.280446e+06,7.1297947e+07,2.803985e+07,0.0,0.0,0.0,111066.0,10096.0,898.0,1.0776576e+08,1.258463232e+09,2682.25,29.0,37100.0,0.0,37100.0,37100.0,1.0,0.0,0.0
2026-05-18 16:36:10,76,1.283781e+06,7.1485478e+07,2.8136226e+07,0.0,0.0,0.0,111359.0,10123.0,901.0,1.0776576e+08,1.258463232e+09,2689.96,31.0,37199.0,0.0,37198.0,37198.0,1.0,0.0,0.0
2026-05-18 16:36:22,76,1.287198e+06,7.1678385e+07,2.8197789e+07,0.0,0.0,0.0,111654.0,10150.0,903.0,1.0776576e+08,1.258463232e+09,2697.6400000000003,29.0,37297.0,0.0,37297.0,37297.0,1.0,0.0,0.0
2026-05-18 16:36:34,76,1.290737e+06,7.1868495e+07,2.8288777e+07,0.0,0.0,0.0,111950.0,10177.0,906.0,1.0776576e+08,1.258463232e+09,2705.5699999999997,29.0,37397.0,0.0,37396.0,37396.0,1.0,0.0,0.0
2026-05-18 16:36:46,77,1.294186e+06,7.2053339e+07,2.8353015e+07,0.0,0.0,0.0,112244.0,10203.0,908.0,1.07896832e+08,1.258463232e+09,2713.16,31.0,37495.0,0.0,37494.0,37494.0,1.0,0.0,0.0
2026-05-18 16:36:58,77,1.297597e+06,7.2246182e+07,2.8414546e+07,0.0,0.0,0.0,112534.0,10230.0,910.0,1.08027904e+08,1.258463232e+09,2720.4500000000003,31.0,37593.0,0.0,37592.0,37592.0,1.0,0.0,0.0
2026-05-18 16:37:11,77,1.301043e+06,7.2436379e+07,2.8508241e+07,0.0,0.0,0.0,112829.0,10257.0,913.0,1.08027904e+08,1.258463232e+09,2728.04,30.0,37691.0,0.0,37690.0,37690.0,1.0,0.0,0.0
2026-05-18 16:37:23,77,1.304454e+06,7.2621197e+07,2.8572479e+07,0.0,0.0,0.0,113121.0,10283.0,915.0,1.08158976e+08,1.258463232e+09,2736.02,30.0,37789.0,0.0,37788.0,37788.0,1.0,0.0,0.0
2026-05-18 16:37:35,77,1.307848e+06,7.281142e+07,2.8636749e+07,0.0,0.0,0.0,113415.0,10310.0,917.0,1.08158976e+08,1.258463232e+09,2743.7,29.0,37887.0,0.0,37887.0,37887.0,1.0,0.0,0.0
2026-05-18 16:37:47,78,1.311201e+06,7.2996235e+07,2.8727737e+07,0.0,0.0,0.0,113707.0,10336.0,920.0,1.08158976e+08,1.258463232e+09,2751.38,29.0,37985.0,0.0,37984.0,37984.0,1.0,0.0,0.0
2026-05-18 16:37:59,78,1.314667e+06,7.3186444e+07,2.87893e+07,0.0,0.0,0.0,113999.0,10363.0,922.0,1.08027904e+08,1.258463232e+09,2758.98,29.0,38082.0,0.0,38082.0,38082.0,1.0,0.0,0.0
2026-05-18 16:38:11,78,1.318064e+06,7.3379345e+07,2.8882995e+07,0.0,0.0,0.0,114298.0,10390.0,925.0,1.08027904e+08,1.258463232e+09,2766.48,35.0,38182.0,0.0,38181.0,38181.0,1.0,0.0,0.0
2026-05-18 16:38:23,78,1.321382e+06,7.3572281e+07,2.8947297e+07,0.0,0.0,0.0,114589.0,10417.0,927.0,1.08158976e+08,1.258463232e+09,2773.88,31.0,38281.0,0.0,38280.0,38280.0,1.0,0.0,0.0
2026-05-18 16:38:35,78,1.324802e+06,7.3754415e+07,2.9011535e+07,0.0,0.0,0.0,114882.0,10443.0,929.0,1.08027904e+08,1.258463232e+09,2781.75,30.0,38379.0,0.0,38378.0,38378.0,1.0,0.0,0.0
2026-05-18 16:38:47,79,1.328295e+06,7.3947252e+07,2.9105198e+07,0.0,0.0,0.0,115179.0,10470.0,932.0,1.0776576e+08,1.258463232e+09,2789.61,30.0,38478.0,0.0,38477.0,38477.0,1.0,0.0,0.0
2026-05-18 16:39:00,79,1.331807e+06,7.4145468e+07,2.9169436e+07,0.0,0.0,0.0,115478.0,10498.0,934.0,1.0776576e+08,1.258463232e+09,2797.16,30.0,38578.0,0.0,38577.0,38577.0,1.0,0.0,0.0
2026-05-18 16:39:12,79,1.335166e+06,7.4335726e+07,2.9231031e+07,0.0,0.0,0.0,115776.0,10525.0,936.0,1.0776576e+08,1.258463232e+09,2804.66,29.0,38677.0,0.0,38677.0,38677.0,1.0,0.0,0.0
2026-05-18 16:39:24,79,1.338565e+06,7.452055e+07,2.9327407e+07,0.0,0.0,0.0,116072.0,10552.0,939.0,1.07634688e+08,1.258463232e+09,2812.42,30.0,38776.0,0.0,38775.0,38775.0,1.0,0.0,0.0
2026-05-18 16:39:36,79,1.341889e+06,7.4705455e+07,2.9391677e+07,0.0,0.0,0.0,116364.0,10578.0,941.0,1.07634688e+08,1.258463232e+09,2820.1400000000003,30.0,38874.0,0.0,38873.0,38873.0,1.0,0.0,0.0
2026-05-18 16:39:48,80,1.345274e+06,7.4898394e+07,2.9482665e+07,0.0,0.0,0.0,116660.0,10605.0,944.0,1.07634688e+08,1.258463232e+09,2827.51,31.0,38973.0,0.0,38972.0,38972.0,1.0,0.0,0.0
2026-05-18 16:40:00,80,1.348793e+06,7.5088562e+07,2.9544228e+07,0.0,0.0,0.0,116959.0,10632.0,946.0,1.07634688e+08,1.258463232e+09,2835.06,29.0,39072.0,0.0,39072.0,39072.0,1.0,0.0,0.0
2026-05-18 16:40:12,80,1.352162e+06,7.5281501e+07,2.9605791e+07,0.0,0.0,0.0,117253.0,10659.0,948.0,1.07634688e+08,1.258463232e+09,2842.15,29.0,39172.0,0.0,39171.0,39171.0,1.0,0.0,0.0
2026-05-18 16:40:25,80,1.355602e+06,7.5469035e+07,2.9699492e+07,0.0,0.0,0.0,117553.0,10686.0,951.0,1.07634688e+08,1.258463232e+09,2849.98,29.0,39271.0,0.0,39271.0,39271.0,1.0,0.0,0.0
2026-05-18 16:40:37,80,1.359095e+06,7.5659229e+07,2.9761055e+07,0.0,0.0,0.0,117852.0,10713.0,953.0,1.07634688e+08,1.258463232e+09,2857.54,35.0,39371.0,0.0,39370.0,39370.0,1.0,0.0,0.0
2026-05-18 16:40:49,81,1.362387e+06,7.5849516e+07,2.9852075e+07,0.0,0.0,0.0,118147.0,10740.0,956.0,1.07634688e+08,1.258463232e+09,2865.1200000000003,30.0,39470.0,0.0,39469.0,39469.0,1.0,0.0,0.0
2026-05-18 16:41:01,81,1.36581e+06,7.6042452e+07,2.9916313e+07,0.0,0.0,0.0,118442.0,10767.0,958.0,1.0776576e+08,1.258463232e+09,2873.23,30.0,39569.0,0.0,39568.0,39568.0,1.0,0.0,0.0
2026-05-18 16:41:13,81,1.369291e+06,7.6232623e+07,3.0012689e+07,0.0,0.0,0.0,118745.0,10794.0,961.0,1.08027904e+08,1.258463232e+09,2880.81,29.0,39669.0,0.0,39669.0,39669.0,1.0,0.0,0.0
2026-05-18 16:41:26,81,1.37274e+06,7.6420148e+07,3.0074252e+07,0.0,0.0,0.0,119040.0,10821.0,963.0,1.08027904e+08,1.258463232e+09,2888.54,33.0,39768.0,0.0,39767.0,39767.0,1.0,0.0,0.0
2026-05-18 16:41:38,81,1.37617e+06,7.6610348e+07,3.0135815e+07,0.0,0.0,0.0,119337.0,10848.0,965.0,1.08027904e+08,1.258463232e+09,2896.39,29.0,39867.0,0.0,39867.0,39867.0,1.0,0.0,0.0
2026-05-18 16:41:50,82,1.379506e+06,7.6800577e+07,3.022951e+07,0.0,0.0,0.0,119630.0,10875.0,968.0,1.07896832e+08,1.258463232e+09,2904.19,35.0,39966.0,0.0,39965.0,39965.0,1.0,0.0,0.0
2026-05-18 16:42:02,82,1.382833e+06,7.6990899e+07,3.0291105e+07,0.0,0.0,0.0,119927.0,10902.0,970.0,1.0776576e+08,1.258463232e+09,2911.82,30.0,40065.0,0.0,40064.0,40064.0,1.0,0.0,0.0
2026-05-18 16:42:14,82,1.386183e+06,7.7178453e+07,3.0387481e+07,0.0,0.0,0.0,120225.0,10929.0,973.0,1.0776576e+08,1.258463232e+09,2919.49,30.0,40164.0,0.0,40163.0,40163.0,1.0,0.0,0.0
2026-05-18 16:42:26,82,1.389658e+06,7.7368627e+07,3.0449044e+07,0.0,0.0,0.0,120521.0,10956.0,975.0,1.0776576e+08,1.258463232e+09,2926.69,29.0,40262.0,0.0,40262.0,40262.0,1.0,0.0,0.0
2026-05-18 16:42:38,82,1.393058e+06,7.7561499e+07,3.0540064e+07,0.0,0.0,0.0,120813.0,10983.0,978.0,1.07896832e+08,1.258463232e+09,2934.42,29.0,40361.0,0.0,40360.0,40360.0,1.0,0.0,0.0
2026-05-18 16:42:50,83,1.396538e+06,7.7751696e+07,3.0604302e+07,0.0,0.0,0.0,121115.0,11010.0,980.0,1.07896832e+08,1.258463232e+09,2942.83,30.0,40461.0,0.0,40460.0,40460.0,1.0,0.0,0.0
2026-05-18 16:43:03,83,1.399929e+06,7.7947342e+07,3.0665865e+07,0.0,0.0,0.0,121414.0,11037.0,982.0,1.0776576e+08,1.258463232e+09,2951.0299999999997,29.0,40562.0,0.0,40561.0,40561.0,1.0,0.0,0.0
2026-05-18 16:43:15,83,1.403247e+06,7.8134922e+07,3.0759566e+07,0.0,0.0,0.0,121708.0,11064.0,985.0,1.07896832e+08,1.258463232e+09,2958.3900000000003,30.0,40660.0,0.0,40659.0,40659.0,1.0,0.0,0.0
2026-05-18 16:43:27,83,1.406676e+06,7.8327794e+07,3.0823804e+07,0.0,0.0,0.0,122002.0,11091.0,987.0,1.0776576e+08,1.258463232e+09,2966.06,30.0,40759.0,0.0,40758.0,40758.0,1.0,0.0,0.0
2026-05-18 16:43:39,83,1.410006e+06,7.8512731e+07,3.0885367e+07,0.0,0.0,0.0,122298.0,11117.0,989.0,1.07634688e+08,1.258463232e+09,2973.6299999999997,30.0,40857.0,0.0,40856.0,40856.0,1.0,0.0,0.0
2026-05-18 16:43:51,84,1.413388e+06,7.8705705e+07,3.0981743e+07,0.0,0.0,0.0,122598.0,11145.0,992.0,1.07634688e+08,1.258463232e+09,2981.2200000000003,29.0,40957.0,0.0,40957.0,40957.0,1.0,0.0,0.0
2026-05-18 16:44:03,84,1.416802e+06,7.8898615e+07,3.1046013e+07,0.0,0.0,0.0,122894.0,11172.0,994.0,1.07630592e+08,1.258463232e+09,2988.85,29.0,41056.0,0.0,41056.0,41056.0,1.0,0.0,0.0
2026-05-18 16:44:15,84,1.420241e+06,7.9088771e+07,3.1137001e+07,0.0,0.0,0.0,123190.0,11199.0,997.0,1.07630592e+08,1.258463232e+09,2996.48,30.0,41156.0,0.0,41155.0,41155.0,1.0,0.0,0.0
2026-05-18 16:44:27,84,1.423667e+06,7.9281707e+07,3.1198564e+07,0.0,0.0,0.0,123487.0,11226.0,999.0,1.0749952e+08,1.258463232e+09,3004.69,35.0,41255.0,0.0,41254.0,41254.0,1.0,0.0,0.0
2026-05-18 16:44:40,84,1.427148e+06,7.9471907e+07,3.1294908e+07,0.0,0.0,0.0,123783.0,11253.0,1002.0,1.0749952e+08,1.258463232e+09,3012.4900000000002,30.0,41355.0,0.0,41354.0,41354.0,1.0,0.0,0.0
2026-05-18 16:44:52,85,1.430446e+06,7.9654163e+07,3.1359178e+07,0.0,0.0,0.0,124079.0,11279.0,1004.0,1.0749952e+08,1.258463232e+09,3019.94,29.0,41454.0,0.0,41453.0,41453.0,1.0,0.0,0.0
2026-05-18 16:45:04,85,1.433886e+06,7.9847006e+07,3.1423416e+07,0.0,0.0,0.0,124370.0,11306.0,1006.0,1.0749952e+08,1.258463232e+09,3027.4500000000003,29.0,41551.0,0.0,41551.0,41551.0,1.0,0.0,0.0
2026-05-18 16:45:16,85,1.437315e+06,8.0034522e+07,3.1482298e+07,0.0,0.0,0.0,124662.0,11332.0,1008.0,1.06975232e+08,1.258463232e+09,3034.9900000000002,35.0,41649.0,0.0,41648.0,41648.0,1.0,0.0,0.0
2026-05-18 16:45:28,85,1.440653e+06,8.022747e+07,3.1575961e+07,0.0,0.0,0.0,124954.0,11359.0,1011.0,1.0684416e+08,1.258463232e+09,3042.4,31.0,41747.0,0.0,41746.0,41746.0,1.0,0.0,0.0
2026-05-18 16:45:40,85,1.443927e+06,8.0412381e+07,3.1640199e+07,0.0,0.0,0.0,125240.0,11385.0,1013.0,1.06975232e+08,1.258463232e+09,3049.58,29.0,41843.0,0.0,41843.0,41843.0,1.0,0.0,0.0
2026-05-18 16:45:52,86,1.44737e+06,8.0597161e+07,3.1701762e+07,0.0,0.0,0.0,125531.0,11411.0,1015.0,1.06975232e+08,1.258463232e+09,3056.5099999999998,29.0,41941.0,0.0,41940.0,41940.0,1.0,0.0,0.0
2026-05-18 16:46:04,86,1.450773e+06,8.0790062e+07,3.179275e+07,0.0,0.0,0.0,125826.0,11438.0,1018.0,1.06975232e+08,1.258463232e+09,3064.4199999999996,29.0,42039.0,0.0,42039.0,42039.0,1.0,0.0,0.0
2026-05-18 16:46:16,86,1.454298e+06,8.0980224e+07,3.1856988e+07,0.0,0.0,0.0,126124.0,11465.0,1020.0,1.0684416e+08,1.258463232e+09,3072.37,35.0,42140.0,0.0,42139.0,42139.0,1.0,0.0,0.0
2026-05-18 16:46:28,86,1.457748e+06,8.1167682e+07,3.1950689e+07,0.0,0.0,0.0,126418.0,11492.0,1023.0,1.0684416e+08,1.258463232e+09,3080.02,29.0,42238.0,0.0,42237.0,42237.0,1.0,0.0,0.0
2026-05-18 16:46:40,86,1.46113e+06,8.1360589e+07,3.2012252e+07,0.0,0.0,0.0,126711.0,11519.0,1025.0,1.06975232e+08,1.258463232e+09,3087.5099999999998,30.0,42336.0,0.0,42335.0,42335.0,1.0,0.0,0.0
2026-05-18 16:46:52,87,1.464477e+06,8.1545468e+07,3.210324e+07,0.0,0.0,0.0,127001.0,11545.0,1028.0,1.06713088e+08,1.258463232e+09,3095.0899999999997,30.0,42433.0,0.0,42432.0,42432.0,1.0,0.0,0.0
2026-05-18 16:47:04,87,1.468013e+06,8.1735543e+07,3.2164803e+07,0.0,0.0,0.0,127299.0,11572.0,1030.0,1.06713088e+08,1.258463232e+09,3102.7,35.0,42532.0,0.0,42531.0,42531.0,1.0,0.0,0.0
2026-05-18 16:47:16,87,1.471343e+06,8.192583e+07,3.2226398e+07,0.0,0.0,0.0,127596.0,11599.0,1032.0,1.06713088e+08,1.258463232e+09,3110.3,29.0,42632.0,0.0,42631.0,42631.0,1.0,0.0,0.0
2026-05-18 16:47:28,87,1.474637e+06,8.2113428e+07,3.2322742e+07,0.0,0.0,0.0,127886.0,11626.0,1035.0,1.06582016e+08,1.258463232e+09,3117.79,35.0,42729.0,0.0,42728.0,42728.0,1.0,0.0,0.0
2026-05-18 16:47:40,87,1.47799e+06,8.2298304e+07,3.2387012e+07,0.0,0.0,0.0,128177.0,11652.0,1037.0,1.06713088e+08,1.258463232e+09,3125.6699999999996,29.0,42827.0,0.0,42826.0,42826.0,1.0,0.0,0.0
2026-05-18 16:47:52,88,1.481369e+06,8.2493918e+07,3.2448575e+07,0.0,0.0,0.0,128470.0,11679.0,1039.0,1.06450944e+08,1.258463232e+09,3132.8,29.0,42924.0,0.0,42924.0,42924.0,1.0,0.0,0.0
2026-05-18 16:48:04,88,1.484714e+06,8.2676035e+07,3.2539563e+07,0.0,0.0,0.0,128757.0,11705.0,1042.0,1.06319872e+08,1.258463232e+09,3140.0499999999997,29.0,43021.0,0.0,43020.0,43020.0,1.0,0.0,0.0
2026-05-18 16:48:16,88,1.48814e+06,8.2868933e+07,3.2601126e+07,0.0,0.0,0.0,129052.0,11732.0,1044.0,1.06582016e+08,1.258463232e+09,3147.4300000000003,31.0,43120.0,0.0,43119.0,43119.0,1.0,0.0,0.0
2026-05-18 16:48:28,88,1.491557e+06,8.3051102e+07,3.2694827e+07,0.0,0.0,0.0,129349.0,11758.0,1047.0,1.061888e+08,1.258463232e+09,3154.91,29.0,43218.0,0.0,43218.0,43218.0,1.0,0.0,0.0
2026-05-18 16:48:40,88,1.494907e+06,8.3246713e+07,3.275639e+07,0.0,0.0,0.0,129639.0,11785.0,1049.0,1.06057728e+08,1.258463232e+09,3162.01,29.0,43316.0,0.0,43316.0,43316.0,1.0,0.0,0.0
2026-05-18 16:48:52,89,1.498289e+06,8.3431586e+07,3.2817921e+07,0.0,0.0,0.0,129929.0,11811.0,1051.0,1.06057728e+08,1.258463232e+09,3169.54,30.0,43414.0,0.0,43413.0,43413.0,1.0,0.0,0.0
2026-05-18 16:49:04,89,1.501706e+06,8.3621786e+07,3.2911616e+07,0.0,0.0,0.0,130224.0,11838.0,1054.0,1.06057728e+08,1.258463232e+09,3176.77,30.0,43512.0,0.0,43511.0,43511.0,1.0,0.0,0.0
2026-05-18 16:49:16,89,1.505126e+06,8.381469e+07,3.2975854e+07,0.0,0.0,0.0,130519.0,11865.0,1056.0,1.05795584e+08,1.258463232e+09,3184.39,35.0,43611.0,0.0,43610.0,43610.0,1.0,0.0,0.0
2026-05-18 16:49:28,89,1.508467e+06,8.3994184e+07,3.304013e+07,0.0,0.0,0.0,130812.0,11891.0,1058.0,1.05664512e+08,1.258463232e+09,3191.69,29.0,43708.0,0.0,43708.0,43708.0,1.0,0.0,0.0
2026-05-18 16:49:40,89,1.511843e+06,8.4184419e+07,3.3131118e+07,0.0,0.0,0.0,131103.0,11918.0,1061.0,1.05795584e+08,1.258463232e+09,3199.2999999999997,29.0,43806.0,0.0,43806.0,43806.0,1.0,0.0,0.0
2026-05-18 16:49:52,90,1.515257e+06,8.4374613e+07,3.3195394e+07,0.0,0.0,0.0,131399.0,11945.0,1063.0,1.05795584e+08,1.258463232e+09,3207.1099999999997,35.0,43905.0,0.0,43904.0,43904.0,1.0,0.0,0.0
2026-05-18 16:50:04,90,1.51862e+06,8.4562135e+07,3.3289095e+07,0.0,0.0,0.0,131693.0,11972.0,1066.0,1.05795584e+08,1.258463232e+09,3214.46,30.0,44004.0,0.0,44003.0,44003.0,1.0,0.0,0.0
2026-05-18 16:50:16,90,1.522002e+06,8.4744339e+07,3.3350658e+07,0.0,0.0,0.0,131987.0,11998.0,1068.0,1.05402368e+08,1.258463232e+09,3221.8,35.0,44101.0,0.0,44100.0,44100.0,1.0,0.0,0.0
2026-05-18 16:50:28,90,1.525477e+06,8.4939901e+07,3.3444359e+07,0.0,0.0,0.0,132288.0,12026.0,1071.0,1.05402368e+08,1.258463232e+09,3230.28,35.0,44202.0,0.0,44201.0,44201.0,1.0,0.0,0.0
2026-05-18 16:50:41,90,1.528859e+06,8.5132843e+07,3.3505884e+07,0.0,0.0,0.0,132581.0,12052.0,1073.0,1.05009152e+08,1.258463232e+09,3237.88,30.0,44301.0,0.0,44300.0,44300.0,1.0,0.0,0.0
2026-05-18 16:50:53,91,1.532273e+06,8.5325715e+07,3.3570122e+07,0.0,0.0,0.0,132872.0,12079.0,1075.0,1.0487808e+08,1.258463232e+09,3245.6800000000003,30.0,44399.0,0.0,44398.0,44398.0,1.0,0.0,0.0
2026-05-18 16:51:05,91,1.535594e+06,8.5518686e+07,3.3663817e+07,0.0,0.0,0.0,133166.0,12106.0,1078.0,1.04484864e+08,1.258463232e+09,3253.61,30.0,44497.0,0.0,44496.0,44496.0,1.0,0.0,0.0
2026-05-18 16:51:17,91,1.539005e+06,8.5711631e+07,3.372538e+07,0.0,0.0,0.0,133464.0,12133.0,1080.0,1.04353792e+08,1.258463232e+09,3261.91,31.0,44597.0,0.0,44596.0,44596.0,1.0,0.0,0.0
2026-05-18 16:51:29,91,1.542396e+06,8.5896539e+07,3.3786943e+07,0.0,0.0,0.0,133759.0,12159.0,1082.0,1.04353792e+08,1.258463232e+09,3269.93,30.0,44695.0,0.0,44695.0,44695.0,1.0,0.0,0.0
2026-05-18 16:51:41,91,1.545813e+06,8.6086669e+07,3.3877963e+07,0.0,0.0,0.0,134052.0,12186.0,1085.0,1.04353792e+08,1.258463232e+09,3277.47,29.0,44793.0,0.0,44793.0,44793.0,1.0,0.0,0.0
2026-05-18 16:51:53,92,1.54923e+06,8.627957e+07,3.3942201e+07,0.0,0.0,0.0,134344.0,12213.0,1087.0,1.04353792e+08,1.258463232e+09,3284.91,29.0,44891.0,0.0,44891.0,44891.0,1.0,0.0,0.0
2026-05-18 16:52:05,92,1.552685e+06,8.6472445e+07,3.4006439e+07,0.0,0.0,0.0,134640.0,12240.0,1089.0,1.03436288e+08,1.258463232e+09,3292.6,35.0,44991.0,0.0,44990.0,44990.0,1.0,0.0,0.0
2026-05-18 16:52:17,92,1.556e+06,8.6652035e+07,3.4102815e+07,0.0,0.0,0.0,134936.0,12266.0,1092.0,1.03436288e+08,1.258463232e+09,3300.55,29.0,45090.0,0.0,45089.0,45089.0,1.0,0.0,0.0
2026-05-18 16:52:29,92,1.559397e+06,8.6850318e+07,3.4164378e+07,0.0,0.0,0.0,135235.0,12294.0,1094.0,1.03436288e+08,1.258463232e+09,3308.34,35.0,45189.0,0.0,45188.0,45188.0,1.0,0.0,0.0
2026-05-18 16:52:41,92,1.562721e+06,8.7035223e+07,3.4258073e+07,0.0,0.0,0.0,135528.0,12320.0,1097.0,1.03174144e+08,1.258463232e+09,3315.54,31.0,45288.0,0.0,45287.0,45287.0,1.0,0.0,0.0
2026-05-18 16:52:53,93,1.566111e+06,8.7225449e+07,3.4322311e+07,0.0,0.0,0.0,135822.0,12347.0,1099.0,1.03305216e+08,1.258463232e+09,3323.13,29.0,45387.0,0.0,45386.0,45386.0,1.0,0.0,0.0
2026-05-18 16:53:05,93,1.569493e+06,8.7418321e+07,3.4383906e+07,0.0,0.0,0.0,136114.0,12374.0,1101.0,1.03305216e+08,1.258463232e+09,3330.27,29.0,45484.0,0.0,45484.0,45484.0,1.0,0.0,0.0
2026-05-18 16:53:17,93,1.572913e+06,8.7605901e+07,3.448025e+07,0.0,0.0,0.0,136411.0,12401.0,1104.0,1.03305216e+08,1.258463232e+09,3337.37,29.0,45584.0,0.0,45583.0,45583.0,1.0,0.0,0.0
2026-05-18 16:53:29,93,1.576304e+06,8.7793452e+07,3.4541813e+07,0.0,0.0,0.0,136706.0,12427.0,1106.0,1.03305216e+08,1.258463232e+09,3344.61,29.0,45682.0,0.0,45682.0,45682.0,1.0,0.0,0.0
2026-05-18 16:53:41,93,1.579829e+06,8.7986321e+07,3.4603344e+07,0.0,0.0,0.0,137002.0,12454.0,1108.0,1.03043072e+08,1.258463232e+09,3352.5800000000004,30.0,45782.0,0.0,45781.0,45781.0,1.0,0.0,0.0
2026-05-18 16:53:54,94,1.583185e+06,8.8176582e+07,3.4697039e+07,0.0,0.0,0.0,137297.0,12481.0,1111.0,1.02780928e+08,1.258463232e+09,3360.56,30.0,45881.0,0.0,45880.0,45880.0,1.0,0.0,0.0
2026-05-18 16:54:06,94,1.586634e+06,8.8369489e+07,3.4758602e+07,0.0,0.0,0.0,137594.0,12508.0,1113.0,1.0225664e+08,1.258463232e+09,3368.94,29.0,45981.0,0.0,45980.0,45980.0,1.0,0.0,0.0
2026-05-18 16:54:18,94,1.59001e+06,8.8557017e+07,3.4852303e+07,0.0,0.0,0.0,137891.0,12535.0,1116.0,1.02125568e+08,1.258463232e+09,3376.48,30.0,46080.0,0.0,46079.0,46079.0,1.0,0.0,0.0
2026-05-18 16:54:30,94,1.593412e+06,8.8749918e+07,3.4913866e+07,0.0,0.0,0.0,138185.0,12562.0,1118.0,1.0160128e+08,1.258463232e+09,3384.09,31.0,46179.0,0.0,46178.0,46178.0,1.0,0.0,0.0
2026-05-18 16:54:42,95,1.596797e+06,8.8934791e+07,3.4978136e+07,0.0,0.0,0.0,138479.0,12588.0,1120.0,1.01339136e+08,1.258463232e+09,3391.65,30.0,46277.0,0.0,46276.0,46276.0,1.0,0.0,0.0
2026-05-18 16:54:54,95,1.600217e+06,8.9125029e+07,3.5069124e+07,0.0,0.0,0.0,138776.0,12615.0,1123.0,1.01208064e+08,1.258463232e+09,3399.37,30.0,46376.0,0.0,46375.0,46375.0,1.0,0.0,0.0
2026-05-18 16:55:06,95,1.603602e+06,8.931793e+07,3.5130687e+07,0.0,0.0,0.0,139068.0,12642.0,1125.0,1.01208064e+08,1.258463232e+09,3407.06,30.0,46474.0,0.0,46473.0,46473.0,1.0,0.0,0.0
2026-05-18 16:55:18,95,1.606907e+06,8.9510892e+07,3.522435e+07,0.0,0.0,0.0,139361.0,12669.0,1128.0,9.9504128e+07,1.258463232e+09,3414.48,35.0,46572.0,0.0,46571.0,46571.0,1.0,0.0,0.0
2026-05-18 16:55:30,95,1.610327e+06,8.9703764e+07,3.5291295e+07,0.0,0.0,0.0,139657.0,12696.0,1130.0,9.9504128e+07,1.258463232e+09,3421.9300000000003,30.0,46671.0,0.0,46670.0,46670.0,1.0,0.0,0.0
2026-05-18 16:55:42,96,1.613776e+06,8.98967e+07,3.5355533e+07,0.0,0.0,0.0,139957.0,12723.0,1132.0,9.9504128e+07,1.258463232e+09,3429.42,30.0,46772.0,0.0,46771.0,46771.0,1.0,0.0,0.0
2026-05-18 16:55:55,96,1.617202e+06,9.0081605e+07,3.5449234e+07,0.0,0.0,0.0,140260.0,12750.0,1135.0,9.9504128e+07,1.258463232e+09,3437.73,29.0,46873.0,0.0,46872.0,46872.0,1.0,0.0,0.0
2026-05-18 16:56:07,96,1.620616e+06,9.0274477e+07,3.5510797e+07,0.0,0.0,0.0,140551.0,12777.0,1137.0,9.9373056e+07,1.258463232e+09,3445.92,29.0,46970.0,0.0,46970.0,46970.0,1.0,0.0,0.0
2026-05-18 16:56:19,96,1.624081e+06,9.0464645e+07,3.5601785e+07,0.0,0.0,0.0,140848.0,12804.0,1140.0,9.9373056e+07,1.258463232e+09,3453.6,30.0,47070.0,0.0,47069.0,47069.0,1.0,0.0,0.0
2026-05-18 16:56:31,96,1.627514e+06,9.0660192e+07,3.5663348e+07,0.0,0.0,0.0,141144.0,12831.0,1142.0,9.9373056e+07,1.258463232e+09,3461.6,31.0,47169.0,0.0,47168.0,47168.0,1.0,0.0,0.0
2026-05-18 16:56:43,97,1.630955e+06,9.0855797e+07,3.5724879e+07,0.0,0.0,0.0,141442.0,12858.0,1144.0,9.9241984e+07,1.258463232e+09,3469.07,30.0,47270.0,0.0,47269.0,47269.0,1.0,0.0,0.0
2026-05-18 16:56:56,97,1.634354e+06,9.1045971e+07,3.581858e+07,0.0,0.0,0.0,141735.0,12885.0,1147.0,9.9241984e+07,1.258463232e+09,3476.64,30.0,47367.0,0.0,47366.0,47366.0,1.0,0.0,0.0
2026-05-18 16:57:08,97,1.637777e+06,9.123349e+07,3.5877462e+07,0.0,0.0,0.0,142027.0,12911.0,1149.0,9.9110912e+07,1.258463232e+09,3484.35,29.0,47465.0,0.0,47465.0,47465.0,1.0,0.0,0.0
2026-05-18 16:57:20,97,1.641255e+06,9.142633e+07,3.59417e+07,0.0,0.0,0.0,142320.0,12938.0,1151.0,9.9241984e+07,1.258463232e+09,3491.83,31.0,47564.0,0.0,47563.0,47563.0,1.0,0.0,0.0
2026-05-18 16:57:32,97,1.644745e+06,9.1613849e+07,3.6035369e+07,0.0,0.0,0.0,142619.0,12965.0,1154.0,9.9241984e+07,1.258463232e+09,3500.11,30.0,47664.0,0.0,47663.0,47663.0,1.0,0.0,0.0
2026-05-18 16:57:44,98,1.648165e+06,9.1804049e+07,3.6099639e+07,0.0,0.0,0.0,142917.0,12992.0,1156.0,9.9241984e+07,1.258463232e+09,3508.02,29.0,47763.0,0.0,47763.0,47763.0,1.0,0.0,0.0
2026-05-18 16:57:56,98,1.651531e+06,9.199695e+07,3.6190627e+07,0.0,0.0,0.0,143210.0,13019.0,1159.0,9.9241984e+07,1.258463232e+09,3515.8199999999997,29.0,47862.0,0.0,47861.0,47861.0,1.0,0.0,0.0
2026-05-18 16:58:08,98,1.654961e+06,9.2187153e+07,3.625219e+07,0.0,0.0,0.0,143506.0,13046.0,1161.0,9.9241984e+07,1.258463232e+09,3523.8199999999997,29.0,47960.0,0.0,47960.0,47960.0,1.0,0.0,0.0
2026-05-18 16:58:20,98,1.65832e+06,9.2377443e+07,3.6313785e+07,0.0,0.0,0.0,143803.0,13073.0,1163.0,9.9373056e+07,1.258463232e+09,3531.94,29.0,48059.0,0.0,48059.0,48059.0,1.0,0.0,0.0
2026-05-18 16:58:32,98,1.661641e+06,9.2562351e+07,3.6410123e+07,0.0,0.0,0.0,144094.0,13099.0,1166.0,9.9373056e+07,1.258463232e+09,3539.81,29.0,48157.0,0.0,48157.0,48157.0,1.0,0.0,0.0
2026-05-18 16:58:44,99,1.665099e+06,9.275786e+07,3.647168e+07,0.0,0.0,0.0,144387.0,13126.0,1168.0,9.9373056e+07,1.258463232e+09,3546.9900000000002,29.0,48255.0,0.0,48255.0,48255.0,1.0,0.0,0.0
2026-05-18 16:58:56,99,1.668499e+06,9.2950822e+07,3.653595e+07,0.0,0.0,0.0,144685.0,13153.0,1170.0,9.9241984e+07,1.258463232e+09,3554.88,29.0,48355.0,0.0,48355.0,48355.0,1.0,0.0,0.0
2026-05-18 16:59:09,99,1.671916e+06,9.3138341e+07,3.6632294e+07,0.0,0.0,0.0,144981.0,13180.0,1173.0,9.9241984e+07,1.258463232e+09,3562.74,29.0,48455.0,0.0,48454.0,48454.0,1.0,0.0,0.0
2026-05-18 16:59:21,99,1.675243e+06,9.3325956e+07,3.6696564e+07,0.0,0.0,0.0,145277.0,13206.0,1175.0,9.9373056e+07,1.258463232e+09,3570.5,30.0,48554.0,0.0,48553.0,48553.0,1.0,0.0,0.0
2026-05-18 16:59:33,99,1.678652e+06,9.3518866e+07,3.6787552e+07,0.0,0.0,0.0,145574.0,13233.0,1178.0,9.9504128e+07,1.258463232e+09,3578.11,35.0,48653.0,0.0,48652.0,48652.0,1.0,0.0,0.0
2026-05-18 16:59:45,100,1.682104e+06,9.3709063e+07,3.6849115e+07,0.0,0.0,0.0,145871.0,13260.0,1180.0,9.9504128e+07,1.258463232e+09,3586.03,29.0,48752.0,0.0,48752.0,48752.0,1.0,0.0,0.0
2026-05-18 16:59:57,100,1.685507e+06,9.3907375e+07,3.691071e+07,0.0,0.0,0.0,146172.0,13288.0,1182.0,9.9504128e+07,1.258463232e+09,3593.9900000000002,29.0,48853.0,0.0,48853.0,48853.0,1.0,0.0,0.0
2026-05-18 17:00:09,100,1.688825e+06,9.4094926e+07,3.7009793e+07,0.0,0.0,0.0,146466.0,13315.0,1185.0,9.9504128e+07,1.258463232e+09,3601.66,29.0,48951.0,0.0,48951.0,48951.0,1.0,0.0,0.0
2026-05-18 17:00:21,100,1.692195e+06,9.4279779e+07,3.7071356e+07,0.0,0.0,0.0,146754.0,13341.0,1187.0,9.9504128e+07,1.258463232e+09,3608.9300000000003,30.0,49048.0,0.0,49047.0,49047.0,1.0,0.0,0.0
2026-05-18 17:00:34,100,1.695746e+06,9.4469915e+07,3.7162344e+07,0.0,0.0,0.0,147054.0,13368.0,1190.0,9.9504128e+07,1.258463232e+09,3616.68,29.0,49148.0,0.0,49148.0,49148.0,1.0,0.0,0.0
2026-05-18 17:00:46,101,1.699083e+06,9.4662822e+07,3.7223907e+07,0.0,0.0,0.0,147346.0,13395.0,1192.0,9.96352e+07,1.258463232e+09,3624.29,29.0,49246.0,0.0,49246.0,49246.0,1.0,0.0,0.0
2026-05-18 17:00:58,101,1.702409e+06,9.4847695e+07,3.728547e+07,0.0,0.0,0.0,147635.0,13421.0,1194.0,9.9504128e+07,1.258463232e+09,3631.7000000000003,29.0,49343.0,0.0,49343.0,49343.0,1.0,0.0,0.0
2026-05-18 17:01:10,101,1.705842e+06,9.5037889e+07,3.7379171e+07,0.0,0.0,0.0,147932.0,13448.0,1197.0,9.9504128e+07,1.258463232e+09,3638.99,30.0,49443.0,0.0,49442.0,49442.0,1.0,0.0,0.0
2026-05-18 17:01:22,101,1.709262e+06,9.5230796e+07,3.7440734e+07,0.0,0.0,0.0,148229.0,13475.0,1199.0,9.9393536e+07,1.258463232e+09,3646.92,29.0,49543.0,0.0,49542.0,49542.0,1.0,0.0,0.0
2026-05-18 17:01:34,101,1.712834e+06,9.5420943e+07,3.753169e+07,0.0,0.0,0.0,148529.0,13502.0,1202.0,9.9262464e+07,1.258463232e+09,3654.9399999999996,29.0,49642.0,0.0,49642.0,49642.0,1.0,0.0,0.0
2026-05-18 17:01:46,102,1.716312e+06,9.5611152e+07,3.7595928e+07,0.0,0.0,0.0,148828.0,13529.0,1204.0,9.9262464e+07,1.258463232e+09,3662.4399999999996,31.0,49742.0,0.0,49741.0,49741.0,1.0,0.0,0.0
2026-05-18 17:01:59,102,1.719697e+06,9.5804053e+07,3.7660166e+07,0.0,0.0,0.0,149118.0,13556.0,1206.0,9.9262464e+07,1.258463232e+09,3670.2799999999997,29.0,49840.0,0.0,49840.0,49840.0,1.0,0.0,0.0
2026-05-18 17:02:10,102,1.723172e+06,9.5996934e+07,3.7753829e+07,0.0,0.0,0.0,149415.0,13583.0,1209.0,9.9262464e+07,1.258463232e+09,3678.94,29.0,49940.0,0.0,49939.0,49939.0,1.0,0.0,0.0
2026-05-18 17:02:23,102,1.726563e+06,9.6181772e+07,3.7818067e+07,0.0,0.0,0.0,149706.0,13609.0,1211.0,9.9262464e+07,1.258463232e+09,3686.97,30.0,50038.0,0.0,50037.0,50037.0,1.0,0.0,0.0
2026-05-18 17:02:35,102,1.729942e+06,9.6374717e+07,3.787963e+07,0.0,0.0,0.0,150000.0,13636.0,1213.0,9.9262464e+07,1.258463232e+09,3694.84,29.0,50136.0,0.0,50136.0,50136.0,1.0,0.0,0.0
2026-05-18 17:02:47,103,1.733368e+06,9.6562233e+07,3.7978713e+07,0.0,0.0,0.0,150298.0,13663.0,1216.0,9.9262464e+07,1.258463232e+09,3702.73,33.0,50236.0,0.0,50235.0,50235.0,1.0,0.0,0.0
2026-05-18 17:02:59,103,1.736785e+06,9.6755134e+07,3.8040244e+07,0.0,0.0,0.0,150590.0,13690.0,1218.0,9.9262464e+07,1.258463232e+09,3710.24,30.0,50334.0,0.0,50333.0,50333.0,1.0,0.0,0.0
2026-05-18 17:03:11,103,1.740151e+06,9.6945363e+07,3.8133939e+07,0.0,0.0,0.0,150887.0,13717.0,1221.0,9.9131392e+07,1.258463232e+09,3718.04,35.0,50433.0,0.0,50432.0,50432.0,1.0,0.0,0.0
2026-05-18 17:03:23,103,1.743679e+06,9.714091e+07,3.8195502e+07,0.0,0.0,0.0,151187.0,13744.0,1223.0,9.9262464e+07,1.258463232e+09,3726.35,30.0,50535.0,0.0,50534.0,50534.0,1.0,0.0,0.0
2026-05-18 17:03:35,103,1.747e+06,9.732585e+07,3.8257065e+07,0.0,0.0,0.0,151480.0,13770.0,1225.0,9.9393536e+07,1.258463232e+09,3733.5299999999997,29.0,50633.0,0.0,50632.0,50632.0,1.0,0.0,0.0
2026-05-18 17:03:47,104,1.75042e+06,9.7521429e+07,3.8356116e+07,0.0,0.0,0.0,151778.0,13798.0,1228.0,9.9524608e+07,1.258463232e+09,3741.65,29.0,50732.0,0.0,50732.0,50732.0,1.0,0.0,0.0
2026-05-18 17:04:00,104,1.753896e+06,9.7706247e+07,3.8417679e+07,0.0,0.0,0.0,152074.0,13824.0,1230.0,9.9524608e+07,1.258463232e+09,3749.0299999999997,30.0,50832.0,0.0,50831.0,50831.0,1.0,0.0,0.0
2026-05-18 17:04:12,104,1.757345e+06,9.789909e+07,3.8508667e+07,0.0,0.0,0.0,152370.0,13851.0,1233.0,9.9524608e+07,1.258463232e+09,3756.97,29.0,50930.0,0.0,50930.0,50930.0,1.0,0.0,0.0
2026-05-18 17:04:24,104,1.760836e+06,9.8089226e+07,3.857023e+07,0.0,0.0,0.0,152662.0,13878.0,1235.0,9.9393536e+07,1.258463232e+09,3764.19,29.0,51028.0,0.0,51028.0,51028.0,1.0,0.0,0.0
2026-05-18 17:04:36,104,1.764177e+06,9.8274076e+07,3.8631793e+07,0.0,0.0,0.0,152951.0,13904.0,1237.0,9.9393536e+07,1.258463232e+09,3771.4799999999996,31.0,51126.0,0.0,51125.0,51125.0,1.0,0.0,0.0
2026-05-18 17:04:48,105,1.767603e+06,9.8469655e+07,3.8728201e+07,0.0,0.0,0.0,153252.0,13932.0,1240.0,9.9393536e+07,1.258463232e+09,3779.22,30.0,51226.0,0.0,51225.0,51225.0,1.0,0.0,0.0
2026-05-18 17:05:00,105,1.771011e+06,9.8651865e+07,3.8789764e+07,0.0,0.0,0.0,153547.0,13958.0,1242.0,9.9393536e+07,1.258463232e+09,3786.8900000000003,30.0,51325.0,0.0,51324.0,51324.0,1.0,0.0,0.0
2026-05-18 17:05:12,105,1.774416e+06,9.8842039e+07,3.8883465e+07,0.0,0.0,0.0,153843.0,13985.0,1245.0,9.9393536e+07,1.258463232e+09,3794.39,29.0,51423.0,0.0,51423.0,51423.0,1.0,0.0,0.0
2026-05-18 17:05:24,105,1.777887e+06,9.9032233e+07,3.8945028e+07,0.0,0.0,0.0,154141.0,14012.0,1247.0,9.9393536e+07,1.258463232e+09,3802.29,31.0,51524.0,0.0,51523.0,51523.0,1.0,0.0,0.0
2026-05-18 17:05:37,105,1.781237e+06,9.9230519e+07,3.9006591e+07,0.0,0.0,0.0,154432.0,14039.0,1249.0,9.9393536e+07,1.258463232e+09,3809.79,33.0,51621.0,0.0,51620.0,51620.0,1.0,0.0,0.0
2026-05-18 17:05:49,106,1.784715e+06,9.9418012e+07,3.9100292e+07,0.0,0.0,0.0,154730.0,14066.0,1252.0,9.9393536e+07,1.258463232e+09,3817.27,30.0,51721.0,0.0,51720.0,51720.0,1.0,0.0,0.0
2026-05-18 17:06:01,106,1.788103e+06,9.9610916e+07,3.9164562e+07,0.0,0.0,0.0,155027.0,14093.0,1254.0,9.9393536e+07,1.258463232e+09,3825.17,31.0,51821.0,0.0,51820.0,51820.0,1.0,0.0,0.0
2026-05-18 17:06:13,106,1.791526e+06,9.9803788e+07,3.9258257e+07,0.0,0.0,0.0,155322.0,14120.0,1257.0,9.9524608e+07,1.258463232e+09,3832.6,31.0,51920.0,0.0,51919.0,51919.0,1.0,0.0,0.0
2026-05-18 17:06:25,106,1.794966e+06,9.9991322e+07,3.931982e+07,0.0,0.0,0.0,155619.0,14147.0,1259.0,9.9393536e+07,1.258463232e+09,3839.71,30.0,52019.0,0.0,52018.0,52018.0,1.0,0.0,0.0
2026-05-18 17:06:37,106,1.79827e+06,1.00184328e+08,3.9381383e+07,0.0,0.0,0.0,155914.0,14174.0,1261.0,9.9393536e+07,1.258463232e+09,3847.32,35.0,52117.0,0.0,52116.0,52116.0,1.0,0.0,0.0
2026-05-18 17:06:50,107,1.801789e+06,1.00374464e+08,3.9475078e+07,0.0,0.0,0.0,156213.0,14201.0,1264.0,9.9524608e+07,1.258463232e+09,3854.88,29.0,52217.0,0.0,52217.0,52217.0,1.0,0.0,0.0
2026-05-18 17:07:02,107,1.805183e+06,1.00567362e+08,3.9539348e+07,0.0,0.0,0.0,156508.0,14228.0,1266.0,9.9262464e+07,1.258463232e+09,3862.43,29.0,52316.0,0.0,52316.0,52316.0,1.0,0.0,0.0
2026-05-18 17:07:14,107,1.808542e+06,1.0075227e+08,3.9603618e+07,0.0,0.0,0.0,156804.0,14254.0,1268.0,9.9524608e+07,1.258463232e+09,3869.53,30.0,52416.0,0.0,52415.0,52415.0,1.0,0.0,0.0
2026-05-18 17:07:26,107,1.812003e+06,1.0094249e+08,3.9694574e+07,0.0,0.0,0.0,157100.0,14281.0,1271.0,9.9524608e+07,1.258463232e+09,3877.31,29.0,52514.0,0.0,52514.0,52514.0,1.0,0.0,0.0
2026-05-18 17:07:38,107,1.815452e+06,1.01135327e+08,3.9758812e+07,0.0,0.0,0.0,157391.0,14308.0,1273.0,9.9524608e+07,1.258463232e+09,3884.31,30.0,52613.0,0.0,52612.0,52612.0,1.0,0.0,0.0
2026-05-18 17:07:50,108,1.818834e+06,1.01322919e+08,3.9852513e+07,0.0,0.0,0.0,157693.0,14335.0,1276.0,9.9393536e+07,1.258463232e+09,3892.56,29.0,52713.0,0.0,52712.0,52712.0,1.0,0.0,0.0
2026-05-18 17:08:03,108,1.822251e+06,1.01513113e+08,3.9916751e+07,0.0,0.0,0.0,157984.0,14362.0,1278.0,9.9393536e+07,1.258463232e+09,3899.72,31.0,52811.0,0.0,52810.0,52810.0,1.0,0.0,0.0
2026-05-18 17:08:15,108,1.825683e+06,1.01706043e+08,3.9981021e+07,0.0,0.0,0.0,158283.0,14389.0,1280.0,9.9262464e+07,1.258463232e+09,3906.7999999999997,29.0,52910.0,0.0,52910.0,52910.0,1.0,0.0,0.0
2026-05-18 17:08:27,108,1.829141e+06,1.0189624e+08,4.0072009e+07,0.0,0.0,0.0,158579.0,14416.0,1283.0,9.9262464e+07,1.258463232e+09,3914.94,30.0,53010.0,0.0,53009.0,53009.0,1.0,0.0,0.0
2026-05-18 17:08:39,108,1.832573e+06,1.02083756e+08,4.013354e+07,0.0,0.0,0.0,158873.0,14442.0,1285.0,9.9262464e+07,1.258463232e+09,3922.3599999999997,30.0,53108.0,0.0,53107.0,53107.0,1.0,0.0,0.0
2026-05-18 17:08:51,109,1.836019e+06,1.02276596e+08,4.0229916e+07,0.0,0.0,0.0,159169.0,14469.0,1288.0,9.9393536e+07,1.258463232e+09,3930.2400000000002,31.0,53207.0,0.0,53206.0,53206.0,1.0,0.0,0.0
2026-05-18 17:09:03,109,1.839488e+06,1.0246677e+08,4.0291447e+07,0.0,0.0,0.0,159460.0,14496.0,1290.0,9.9524608e+07,1.258463232e+09,3937.93,29.0,53306.0,0.0,53305.0,53305.0,1.0,0.0,0.0
2026-05-18 17:09:15,109,1.842981e+06,1.02659639e+08,4.035301e+07,0.0,0.0,0.0,159758.0,14523.0,1292.0,9.9393536e+07,1.258463232e+09,3945.54,29.0,53405.0,0.0,53405.0,53405.0,1.0,0.0,0.0
2026-05-18 17:09:27,109,1.846447e+06,1.02855166e+08,4.0443998e+07,0.0,0.0,0.0,160052.0,14550.0,1295.0,9.9393536e+07,1.258463232e+09,3953.41,29.0,53503.0,0.0,53503.0,53503.0,1.0,0.0,0.0
2026-05-18 17:09:39,109,1.84986e+06,1.03045392e+08,4.0505561e+07,0.0,0.0,0.0,160349.0,14577.0,1297.0,9.9393536e+07,1.258463232e+09,3961.13,29.0,53603.0,0.0,53603.0,53603.0,1.0,0.0,0.0
2026-05-18 17:09:52,110,1.853245e+06,1.03232943e+08,4.0599262e+07,0.0,0.0,0.0,160646.0,14604.0,1300.0,9.9393536e+07,1.258463232e+09,3969.3500000000004,31.0,53702.0,0.0,53701.0,53701.0,1.0,0.0,0.0
2026-05-18 17:10:04,110,1.856624e+06,1.03423175e+08,4.0663532e+07,0.0,0.0,0.0,160941.0,14631.0,1302.0,9.9262464e+07,1.258463232e+09,3976.6800000000003,31.0,53801.0,0.0,53800.0,53800.0,1.0,0.0,0.0
2026-05-18 17:10:16,110,1.860079e+06,1.03610694e+08,4.0725063e+07,0.0,0.0,0.0,161232.0,14657.0,1304.0,9.9262464e+07,1.258463232e+09,3984.54,31.0,53899.0,0.0,53898.0,53898.0,1.0,0.0,0.0
2026-05-18 17:10:28,110,1.863429e+06,1.03800923e+08,4.0818758e+07,0.0,0.0,0.0,161528.0,14684.0,1307.0,9.9393536e+07,1.258463232e+09,3992.17,29.0,53998.0,0.0,53997.0,53997.0,1.0,0.0,0.0
2026-05-18 17:10:40,110,1.866799e+06,1.03985796e+08,4.0880321e+07,0.0,0.0,0.0,161821.0,14710.0,1309.0,9.9524608e+07,1.258463232e+09,3999.7400000000002,31.0,54096.0,0.0,54095.0,54095.0,1.0,0.0,0.0
2026-05-18 17:10:52,111,1.870117e+06,1.04178735e+08,4.0941916e+07,0.0,0.0,0.0,162111.0,14737.0,1311.0,9.9524608e+07,1.258463232e+09,4007.45,30.0,54193.0,0.0,54192.0,54192.0,1.0,0.0,0.0
2026-05-18 17:11:04,111,1.873554e+06,1.04360814e+08,4.1035611e+07,0.0,0.0,0.0,162404.0,14763.0,1314.0,9.9524608e+07,1.258463232e+09,4015.0,29.0,54291.0,0.0,54290.0,54290.0,1.0,0.0,0.0
2026-05-18 17:11:16,111,1.876977e+06,1.04559135e+08,4.1099849e+07,0.0,0.0,0.0,162701.0,14791.0,1316.0,9.965568e+07,1.258463232e+09,4023.06,29.0,54391.0,0.0,54390.0,54390.0,1.0,0.0,0.0
2026-05-18 17:11:28,111,1.880449e+06,1.04743892e+08,4.1196225e+07,0.0,0.0,0.0,162998.0,14817.0,1319.0,9.9524608e+07,1.258463232e+09,4030.77,31.0,54489.0,0.0,54488.0,54488.0,1.0,0.0,0.0
2026-05-18 17:11:40,111,1.883796e+06,1.04931478e+08,4.1260495e+07,0.0,0.0,0.0,163292.0,14844.0,1321.0,9.9262464e+07,1.258463232e+09,4038.57,31.0,54588.0,0.0,54587.0,54587.0,1.0,0.0,0.0
2026-05-18 17:11:53,112,1.887234e+06,1.05127086e+08,4.1322058e+07,0.0,0.0,0.0,163590.0,14871.0,1323.0,9.9262464e+07,1.258463232e+09,4047.02,30.0,54688.0,0.0,54687.0,54687.0,1.0,0.0,0.0
2026-05-18 17:12:05,112,1.890628e+06,1.05317309e+08,4.1413078e+07,0.0,0.0,0.0,163888.0,14898.0,1326.0,9.9131392e+07,1.258463232e+09,4054.7999999999997,29.0,54787.0,0.0,54787.0,54787.0,1.0,0.0,0.0
2026-05-18 17:12:17,112,1.894156e+06,1.05515473e+08,4.1477316e+07,0.0,0.0,0.0,164186.0,14926.0,1328.0,9.9131392e+07,1.258463232e+09,4062.91,29.0,54887.0,0.0,54887.0,54887.0,1.0,0.0,0.0
2026-05-18 17:12:29,112,1.897526e+06,1.05697651e+08,4.1571017e+07,0.0,0.0,0.0,164478.0,14952.0,1331.0,9.9131392e+07,1.258463232e+09,4070.3599999999997,30.0,54985.0,0.0,54984.0,54984.0,1.0,0.0,0.0
2026-05-18 17:12:41,112,1.900949e+06,1.05887877e+08,4.163258e+07,0.0,0.0,0.0,164775.0,14979.0,1333.0,9.9262464e+07,1.258463232e+09,4078.57,31.0,55084.0,0.0,55083.0,55083.0,1.0,0.0,0.0
2026-05-18 17:12:53,113,1.904392e+06,1.06078083e+08,4.1694143e+07,0.0,0.0,0.0,165071.0,15006.0,1335.0,9.9393536e+07,1.258463232e+09,4085.95,29.0,55183.0,0.0,55183.0,55183.0,1.0,0.0,0.0
2026-05-18 17:13:05,113,1.907776e+06,1.06268289e+08,4.1787844e+07,0.0,0.0,0.0,165367.0,15033.0,1338.0,9.9393536e+07,1.258463232e+09,4093.4700000000003,35.0,55282.0,0.0,55281.0,55281.0,1.0,0.0,0.0
2026-05-18 17:13:17,113,1.911193e+06,1.06458521e+08,4.1849407e+07,0.0,0.0,0.0,165662.0,15060.0,1340.0,9.9393536e+07,1.258463232e+09,4101.1,35.0,55381.0,0.0,55380.0,55380.0,1.0,0.0,0.0
2026-05-18 17:13:29,113,1.914677e+06,1.06648724e+08,4.1940395e+07,0.0,0.0,0.0,165960.0,15087.0,1343.0,9.9393536e+07,1.258463232e+09,4108.76,30.0,55481.0,0.0,55480.0,55480.0,1.0,0.0,0.0
2026-05-18 17:13:42,114,1.917972e+06,1.06841715e+08,4.200199e+07,0.0,0.0,0.0,166256.0,15114.0,1345.0,9.9393536e+07,1.258463232e+09,4115.87,30.0,55580.0,0.0,55579.0,55579.0,1.0,0.0,0.0
2026-05-18 17:13:54,114,1.921363e+06,1.07026591e+08,4.2066228e+07,0.0,0.0,0.0,166549.0,15140.0,1347.0,9.9393536e+07,1.258463232e+09,4123.62,30.0,55678.0,0.0,55677.0,55677.0,1.0,0.0,0.0
2026-05-18 17:14:06,114,1.924742e+06,1.0721147e+08,4.2162604e+07,0.0,0.0,0.0,166848.0,15167.0,1350.0,9.9262464e+07,1.258463232e+09,4131.28,30.0,55777.0,0.0,55776.0,55776.0,1.0,0.0,0.0
2026-05-18 17:14:18,114,1.928008e+06,1.0740176e+08,4.2224199e+07,0.0,0.0,0.0,167140.0,15194.0,1352.0,9.9262464e+07,1.258463232e+09,4139.12,29.0,55874.0,0.0,55874.0,55874.0,1.0,0.0,0.0
2026-05-18 17:14:30,114,1.931436e+06,1.0758923e+08,4.2320575e+07,0.0,0.0,0.0,167434.0,15221.0,1355.0,9.9393536e+07,1.258463232e+09,4146.71,29.0,55972.0,0.0,55972.0,55972.0,1.0,0.0,0.0
2026-05-18 17:14:42,115,1.934728e+06,1.07774167e+08,4.2382138e+07,0.0,0.0,0.0,167726.0,15247.0,1357.0,9.9393536e+07,1.258463232e+09,4154.24,31.0,56071.0,0.0,56070.0,56070.0,1.0,0.0,0.0
2026-05-18 17:14:54,115,1.938183e+06,1.07967033e+08,4.2446408e+07,0.0,0.0,0.0,168021.0,15274.0,1359.0,9.9524608e+07,1.258463232e+09,4162.01,31.0,56169.0,0.0,56168.0,56168.0,1.0,0.0,0.0
2026-05-18 17:15:06,115,1.941517e+06,1.08157265e+08,4.2537428e+07,0.0,0.0,0.0,168319.0,15301.0,1362.0,9.9262464e+07,1.258463232e+09,4169.84,29.0,56268.0,0.0,56268.0,56268.0,1.0,0.0,0.0
2026-05-18 17:15:18,115,1.944994e+06,1.08347418e+08,4.2601666e+07,0.0,0.0,0.0,168613.0,15328.0,1364.0,9.9262464e+07,1.258463232e+09,4177.63,32.0,56368.0,0.0,56367.0,56367.0,1.0,0.0,0.0
2026-05-18 17:15:31,115,1.948312e+06,1.08537711e+08,4.2698042e+07,0.0,0.0,0.0,168909.0,15355.0,1367.0,9.9262464e+07,1.258463232e+09,4184.96,29.0,56466.0,0.0,56466.0,56466.0,1.0,0.0,0.0
2026-05-18 17:15:43,116,1.951761e+06,1.08727911e+08,4.2759605e+07,0.0,0.0,0.0,169205.0,15382.0,1369.0,9.9262464e+07,1.258463232e+09,4192.99,29.0,56566.0,0.0,56565.0,56565.0,1.0,0.0,0.0
2026-05-18 17:15:55,116,1.955272e+06,1.08920786e+08,4.2850593e+07,0.0,0.0,0.0,169504.0,15409.0,1372.0,9.9131392e+07,1.258463232e+09,4201.05,30.0,56666.0,0.0,56665.0,56665.0,1.0,0.0,0.0
2026-05-18 17:16:07,116,1.958648e+06,1.09113696e+08,4.2914831e+07,0.0,0.0,0.0,169798.0,15436.0,1374.0,9.9131392e+07,1.258463232e+09,4208.71,29.0,56764.0,0.0,56764.0,56764.0,1.0,0.0,0.0
2026-05-18 17:16:19,116,1.962074e+06,1.093066e+08,4.2979101e+07,0.0,0.0,0.0,170097.0,15463.0,1376.0,9.9131392e+07,1.258463232e+09,4215.96,29.0,56864.0,0.0,56864.0,56864.0,1.0,0.0,0.0
2026-05-18 17:16:31,116,1.965485e+06,1.09491412e+08,4.3070089e+07,0.0,0.0,0.0,170387.0,15489.0,1379.0,9.9393536e+07,1.258463232e+09,4223.19,31.0,56962.0,0.0,56961.0,56961.0,1.0,0.0,0.0
2026-05-18 17:16:43,117,1.968845e+06,1.09681641e+08,4.3134327e+07,0.0,0.0,0.0,170678.0,15516.0,1381.0,9.9393536e+07,1.258463232e+09,4230.53,29.0,57059.0,0.0,57059.0,57059.0,1.0,0.0,0.0
2026-05-18 17:16:55,117,1.972259e+06,1.0987187e+08,4.3195858e+07,0.0,0.0,0.0,170970.0,15542.0,1383.0,9.9393536e+07,1.258463232e+09,4238.38,30.0,57158.0,0.0,57157.0,57157.0,1.0,0.0,0.0
2026-05-18 17:17:08,117,1.975676e+06,1.10062064e+08,4.3292234e+07,0.0,0.0,0.0,171265.0,15569.0,1386.0,9.9393536e+07,1.258463232e+09,4245.72,35.0,57256.0,0.0,57255.0,57255.0,1.0,0.0,0.0
2026-05-18 17:17:20,117,1.97917e+06,1.10249528e+08,4.3353797e+07,0.0,0.0,0.0,171559.0,15596.0,1388.0,9.9393536e+07,1.258463232e+09,4253.3099999999995,30.0,57355.0,0.0,57354.0,57354.0,1.0,0.0,0.0
2026-05-18 17:17:32,117,1.982526e+06,1.10439821e+08,4.341536e+07,0.0,0.0,0.0,171858.0,15623.0,1390.0,9.9262464e+07,1.258463232e+09,4261.42,30.0,57455.0,0.0,57454.0,57454.0,1.0,0.0,0.0
2026-05-18 17:17:44,118,1.985984e+06,1.10630015e+08,4.3509061e+07,0.0,0.0,0.0,172158.0,15650.0,1393.0,9.9131392e+07,1.258463232e+09,4269.64,30.0,57555.0,0.0,57554.0,57554.0,1.0,0.0,0.0
2026-05-18 17:17:56,118,1.989296e+06,1.10820244e+08,4.3573331e+07,0.0,0.0,0.0,172449.0,15677.0,1395.0,9.9131392e+07,1.258463232e+09,4277.08,30.0,57653.0,0.0,57652.0,57652.0,1.0,0.0,0.0
2026-05-18 17:18:08,118,1.992793e+06,1.11010438e+08,4.3669675e+07,0.0,0.0,0.0,172748.0,15704.0,1398.0,9.9262464e+07,1.258463232e+09,4285.11,29.0,57753.0,0.0,57752.0,57752.0,1.0,0.0,0.0
2026-05-18 17:18:21,118,1.996111e+06,1.11195317e+08,4.3733945e+07,0.0,0.0,0.0,173040.0,15730.0,1400.0,9.9262464e+07,1.258463232e+09,4292.79,30.0,57850.0,0.0,57849.0,57849.0,1.0,0.0,0.0
2026-05-18 17:18:33,118,1.99956e+06,1.11388186e+08,4.3795476e+07,0.0,0.0,0.0,173330.0,15757.0,1402.0,9.9393536e+07,1.258463232e+09,4300.6,30.0,57948.0,0.0,57947.0,57947.0,1.0,0.0,0.0
2026-05-18 17:18:45,119,2.002948e+06,1.11578415e+08,4.3889171e+07,0.0,0.0,0.0,173628.0,15784.0,1405.0,9.9393536e+07,1.258463232e+09,4308.32,30.0,58048.0,0.0,58047.0,58047.0,1.0,0.0,0.0
2026-05-18 17:18:57,119,2.00626e+06,1.11757938e+08,4.3953447e+07,0.0,0.0,0.0,173920.0,15810.0,1407.0,9.9393536e+07,1.258463232e+09,4316.14,29.0,58145.0,0.0,58144.0,58144.0,1.0,0.0,0.0
2026-05-18 17:19:09,119,2.009674e+06,1.1195088e+08,4.4044435e+07,0.0,0.0,0.0,174216.0,15837.0,1410.0,9.9393536e+07,1.258463232e+09,4323.75,29.0,58244.0,0.0,58243.0,58243.0,1.0,0.0,0.0
2026-05-18 17:19:21,119,2.013137e+06,1.12141039e+08,4.4105998e+07,0.0,0.0,0.0,174513.0,15864.0,1412.0,9.9393536e+07,1.258463232e+09,4331.72,35.0,58343.0,0.0,58342.0,58342.0,1.0,0.0,0.0
2026-05-18 17:19:33,119,2.016494e+06,1.12336659e+08,4.4170236e+07,0.0,0.0,0.0,174807.0,15891.0,1414.0,9.9393536e+07,1.258463232e+09,4339.34,31.0,58443.0,0.0,58442.0,58442.0,1.0,0.0,0.0
2026-05-18 17:19:46,120,2.019851e+06,1.12526891e+08,4.4266612e+07,0.0,0.0,0.0,175102.0,15918.0,1417.0,9.9393536e+07,1.258463232e+09,4347.04,30.0,58542.0,0.0,58541.0,58541.0,1.0,0.0,0.0
2026-05-18 17:19:58,120,2.023306e+06,1.12717117e+08,4.4328143e+07,0.0,0.0,0.0,175397.0,15945.0,1419.0,9.9262464e+07,1.258463232e+09,4354.62,31.0,58641.0,0.0,58640.0,58640.0,1.0,0.0,0.0
2026-05-18 17:20:10,120,2.026694e+06,1.12910059e+08,4.4392413e+07,0.0,0.0,0.0,175694.0,15972.0,1421.0,9.9131392e+07,1.258463232e+09,4362.71,35.0,58740.0,0.0,58739.0,58739.0,1.0,0.0,0.0
2026-05-18 17:20:22,120,2.030204e+06,1.13102873e+08,4.4483401e+07,0.0,0.0,0.0,175991.0,15999.0,1424.0,9.9262464e+07,1.258463232e+09,4370.76,31.0,58840.0,0.0,58839.0,58839.0,1.0,0.0,0.0
2026-05-18 17:20:34,120,2.033576e+06,1.13293134e+08,4.4544996e+07,0.0,0.0,0.0,176289.0,16026.0,1426.0,9.9262464e+07,1.258463232e+09,4378.7,30.0,58939.0,0.0,58938.0,58938.0,1.0,0.0,0.0
2026-05-18 17:20:46,121,2.036973e+06,1.13483328e+08,4.464134e+07,0.0,0.0,0.0,176584.0,16053.0,1429.0,9.9262464e+07,1.258463232e+09,4385.83,30.0,59038.0,0.0,59037.0,59037.0,1.0,0.0,0.0
2026-05-18 17:20:58,121,2.04047e+06,1.13673464e+08,4.4702903e+07,0.0,0.0,0.0,176880.0,16080.0,1431.0,9.9393536e+07,1.258463232e+09,4394.1,31.0,59136.0,0.0,59135.0,59135.0,1.0,0.0,0.0
2026-05-18 17:21:11,121,2.043902e+06,1.13858363e+08,4.4764434e+07,0.0,0.0,0.0,177175.0,16106.0,1433.0,9.9393536e+07,1.258463232e+09,4401.55,29.0,59236.0,0.0,59235.0,59235.0,1.0,0.0,0.0
2026-05-18 17:21:23,121,2.047408e+06,1.14056582e+08,4.4858097e+07,0.0,0.0,0.0,177474.0,16134.0,1436.0,9.9393536e+07,1.258463232e+09,4409.57,29.0,59336.0,0.0,59335.0,59335.0,1.0,0.0,0.0
2026-05-18 17:21:35,121,2.05093e+06,1.1424939e+08,4.4922335e+07,0.0,0.0,0.0,177772.0,16161.0,1438.0,9.9393536e+07,1.258463232e+09,4417.48,29.0,59435.0,0.0,59435.0,59435.0,1.0,0.0,0.0
2026-05-18 17:21:47,122,2.054289e+06,1.1443968e+08,4.501603e+07,0.0,0.0,0.0,178068.0,16188.0,1441.0,9.9262464e+07,1.258463232e+09,4425.52,31.0,59535.0,0.0,59534.0,59534.0,1.0,0.0,0.0
2026-05-18 17:21:59,122,2.057665e+06,1.14627208e+08,4.5080268e+07,0.0,0.0,0.0,178359.0,16214.0,1443.0,9.9393536e+07,1.258463232e+09,4432.94,31.0,59633.0,0.0,59632.0,59632.0,1.0,0.0,0.0
2026-05-18 17:22:11,122,2.061085e+06,1.14820074e+08,4.5141831e+07,0.0,0.0,0.0,178651.0,16241.0,1445.0,9.9393536e+07,1.258463232e+09,4440.49,31.0,59731.0,0.0,59730.0,59730.0,1.0,0.0,0.0
2026-05-18 17:22:23,122,2.064438e+06,1.15004982e+08,4.5238207e+07,0.0,0.0,0.0,178947.0,16267.0,1448.0,9.9524608e+07,1.258463232e+09,4448.43,35.0,59829.0,0.0,59828.0,59828.0,1.0,0.0,0.0
2026-05-18 17:22:35,122,2.067824e+06,1.15195223e+08,4.5299738e+07,0.0,0.0,0.0,179238.0,16294.0,1450.0,9.9524608e+07,1.258463232e+09,4455.2699999999995,29.0,59927.0,0.0,59927.0,59927.0,1.0,0.0,0.0
2026-05-18 17:22:47,123,2.071145e+06,1.15385481e+08,4.5364008e+07,0.0,0.0,0.0,179531.0,16321.0,1452.0,9.9524608e+07,1.258463232e+09,4461.88,29.0,60025.0,0.0,60025.0,60025.0,1.0,0.0,0.0
2026-05-18 17:22:59,123,2.074483e+06,1.15570366e+08,4.5454996e+07,0.0,0.0,0.0,179821.0,16347.0,1455.0,9.9393536e+07,1.258463232e+09,4469.18,30.0,60123.0,0.0,60122.0,60122.0,1.0,0.0,0.0
2026-05-18 17:23:11,123,2.077868e+06,1.15760598e+08,4.5519266e+07,0.0,0.0,0.0,180116.0,16374.0,1457.0,9.9524608e+07,1.258463232e+09,4476.639999999999,30.0,60222.0,0.0,60221.0,60221.0,1.0,0.0,0.0
2026-05-18 17:23:23,123,2.081364e+06,1.15953464e+08,4.5583536e+07,0.0,0.0,0.0,180415.0,16401.0,1459.0,9.9524608e+07,1.258463232e+09,4483.82,29.0,60321.0,0.0,60321.0,60321.0,1.0,0.0,0.0
2026-05-18 17:23:35,123,2.084781e+06,1.16143664e+08,4.5674524e+07,0.0,0.0,0.0,180710.0,16428.0,1462.0,9.9524608e+07,1.258463232e+09,4491.16,30.0,60421.0,0.0,60420.0,60420.0,1.0,0.0,0.0
2026-05-18 17:23:48,124,2.088242e+06,1.16336565e+08,4.5736087e+07,0.0,0.0,0.0,181008.0,16455.0,1464.0,9.965568e+07,1.258463232e+09,4498.15,31.0,60520.0,0.0,60519.0,60519.0,1.0,0.0,0.0
2026-05-18 17:24:00,124,2.091554e+06,1.16524183e+08,4.5832463e+07,0.0,0.0,0.0,181302.0,16482.0,1467.0,9.965568e+07,1.258463232e+09,4505.14,30.0,60618.0,0.0,60617.0,60617.0,1.0,0.0,0.0
2026-05-18 17:24:12,124,2.094922e+06,1.16717113e+08,4.5896733e+07,0.0,0.0,0.0,181599.0,16509.0,1469.0,9.9524608e+07,1.258463232e+09,4512.75,31.0,60718.0,0.0,60717.0,60717.0,1.0,0.0,0.0
2026-05-18 17:24:24,124,2.098392e+06,1.16910037e+08,4.5987721e+07,0.0,0.0,0.0,181896.0,16536.0,1472.0,9.9524608e+07,1.258463232e+09,4520.31,29.0,60819.0,0.0,60818.0,60818.0,1.0,0.0,0.0
2026-05-18 17:24:36,124,2.101854e+06,1.17100176e+08,4.6051959e+07,0.0,0.0,0.0,182193.0,16563.0,1474.0,9.9524608e+07,1.258463232e+09,4527.58,29.0,60917.0,0.0,60917.0,60917.0,1.0,0.0,0.0
2026-05-18 17:24:48,125,2.105344e+06,1.17284985e+08,4.6113522e+07,0.0,0.0,0.0,182489.0,16589.0,1476.0,9.9524608e+07,1.258463232e+09,4534.889999999999,29.0,61016.0,0.0,61016.0,61016.0,1.0,0.0,0.0
2026-05-18 17:25:00,125,2.108645e+06,1.17472574e+08,4.620993e+07,0.0,0.0,0.0,182786.0,16616.0,1479.0,9.9393536e+07,1.258463232e+09,4542.5,30.0,61115.0,0.0,61114.0,61114.0,1.0,0.0,0.0
2026-05-18 17:25:12,125,2.112113e+06,1.17670799e+08,4.6271493e+07,0.0,0.0,0.0,183087.0,16644.0,1481.0,9.9393536e+07,1.258463232e+09,4550.31,35.0,61216.0,0.0,61215.0,61215.0,1.0,0.0,0.0
2026-05-18 17:25:24,125,2.115604e+06,1.17860935e+08,4.6362481e+07,0.0,0.0,0.0,183384.0,16671.0,1484.0,9.9393536e+07,1.258463232e+09,4558.11,29.0,61316.0,0.0,61315.0,61315.0,1.0,0.0,0.0
2026-05-18 17:25:36,125,2.11912e+06,1.18053778e+08,4.6426719e+07,0.0,0.0,0.0,183680.0,16698.0,1486.0,9.9393536e+07,1.258463232e+09,4565.29,30.0,61415.0,0.0,61414.0,61414.0,1.0,0.0,0.0
2026-05-18 17:25:48,126,2.122435e+06,1.18238686e+08,4.6490989e+07,0.0,0.0,0.0,183972.0,16724.0,1488.0,9.9524608e+07,1.258463232e+09,4572.64,29.0,61513.0,0.0,61512.0,61512.0,1.0,0.0,0.0
2026-05-18 17:26:00,126,2.125829e+06,1.18428912e+08,4.6584652e+07,0.0,0.0,0.0,184267.0,16751.0,1491.0,9.965568e+07,1.258463232e+09,4579.900000000001,29.0,61611.0,0.0,61611.0,61611.0,1.0,0.0,0.0
2026-05-18 17:26:12,126,2.129223e+06,1.18624517e+08,4.664889e+07,0.0,0.0,0.0,184562.0,16778.0,1493.0,9.965568e+07,1.258463232e+09,4587.05,29.0,61711.0,0.0,61710.0,61710.0,1.0,0.0,0.0
2026-05-18 17:26:25,126,2.132564e+06,1.18814787e+08,4.6710453e+07,0.0,0.0,0.0,184855.0,16805.0,1495.0,9.965568e+07,1.258463232e+09,4593.860000000001,29.0,61808.0,0.0,61808.0,61808.0,1.0,0.0,0.0
2026-05-18 17:26:36,126,2.135993e+06,1.18999689e+08,4.6801441e+07,0.0,0.0,0.0,185151.0,16831.0,1498.0,9.965568e+07,1.258463232e+09,4601.61,29.0,61908.0,0.0,61907.0,61907.0,1.0,0.0,0.0
2026-05-18 17:26:48,127,2.13946e+06,1.19200618e+08,4.6865711e+07,0.0,0.0,0.0,185451.0,16859.0,1500.0,9.9524608e+07,1.258463232e+09,4609.29,30.0,62009.0,0.0,62008.0,62008.0,1.0,0.0,0.0
2026-05-18 17:27:01,127,2.142831e+06,1.19390847e+08,4.6929949e+07,0.0,0.0,0.0,185746.0,16886.0,1502.0,9.9393536e+07,1.258463232e+09,4616.38,29.0,62107.0,0.0,62107.0,62107.0,1.0,0.0,0.0
2026-05-18 17:27:13,127,2.146181e+06,1.19573013e+08,4.7026357e+07,0.0,0.0,0.0,186039.0,16912.0,1505.0,9.9262464e+07,1.258463232e+09,4623.2,29.0,62206.0,0.0,62205.0,62205.0,1.0,0.0,0.0
2026-05-18 17:27:25,127,2.149607e+06,1.19763274e+08,4.708792e+07,0.0,0.0,0.0,186335.0,16939.0,1507.0,9.9131392e+07,1.258463232e+09,4630.83,30.0,62305.0,0.0,62304.0,62304.0,1.0,0.0,0.0
2026-05-18 17:27:37,127,2.153088e+06,1.19956149e+08,4.7178908e+07,0.0,0.0,0.0,186634.0,16966.0,1510.0,9.9262464e+07,1.258463232e+09,4638.08,29.0,62405.0,0.0,62404.0,62404.0,1.0,0.0,0.0
2026-05-18 17:27:49,128,2.156479e+06,1.2014905e+08,4.7240471e+07,0.0,0.0,0.0,186927.0,16993.0,1512.0,9.9393536e+07,1.258463232e+09,4645.700000000001,29.0,62503.0,0.0,62503.0,62503.0,1.0,0.0,0.0
2026-05-18 17:28:01,128,2.1598e+06,1.2033934e+08,4.7336847e+07,0.0,0.0,0.0,187222.0,17020.0,1515.0,9.9393536e+07,1.258463232e+09,4653.39,31.0,62603.0,0.0,62602.0,62602.0,1.0,0.0,0.0
2026-05-18 17:28:13,128,2.163205e+06,1.20526871e+08,4.739841e+07,0.0,0.0,0.0,187517.0,17047.0,1517.0,9.9393536e+07,1.258463232e+09,4660.0,29.0,62701.0,0.0,62700.0,62700.0,1.0,0.0,0.0
2026-05-18 17:28:25,128,2.166666e+06,1.20719772e+08,4.7459973e+07,0.0,0.0,0.0,187814.0,17074.0,1519.0,9.9393536e+07,1.258463232e+09,4667.29,33.0,62800.0,0.0,62799.0,62799.0,1.0,0.0,0.0
2026-05-18 17:28:37,128,2.170015e+06,1.20904668e+08,4.7550961e+07,0.0,0.0,0.0,188107.0,17100.0,1522.0,9.9393536e+07,1.258463232e+09,4674.32,29.0,62898.0,0.0,62898.0,62898.0,1.0,0.0,0.0
2026-05-18 17:28:49,129,2.173429e+06,1.21097578e+08,4.7615199e+07,0.0,0.0,0.0,188401.0,17127.0,1524.0,9.9393536e+07,1.258463232e+09,4681.6900000000005,29.0,62998.0,0.0,62997.0,62997.0,1.0,0.0,0.0
2026-05-18 17:29:01,129,2.176849e+06,1.21287801e+08,4.7711543e+07,0.0,0.0,0.0,188696.0,17154.0,1527.0,9.9393536e+07,1.258463232e+09,4689.16,31.0,63096.0,0.0,63095.0,63095.0,1.0,0.0,0.0
2026-05-18 17:29:13,129,2.180339e+06,1.21475271e+08,4.7773106e+07,0.0,0.0,0.0,188993.0,17181.0,1529.0,9.9393536e+07,1.258463232e+09,4696.08,31.0,63195.0,0.0,63194.0,63194.0,1.0,0.0,0.0
2026-05-18 17:29:25,129,2.183712e+06,1.21662834e+08,4.7837344e+07,0.0,0.0,0.0,189287.0,17207.0,1531.0,9.9131392e+07,1.258463232e+09,4703.47,29.0,63294.0,0.0,63293.0,63293.0,1.0,0.0,0.0
2026-05-18 17:29:37,129,2.187004e+06,1.21855796e+08,4.7931039e+07,0.0,0.0,0.0,189578.0,17234.0,1534.0,9.9131392e+07,1.258463232e+09,4710.26,29.0,63391.0,0.0,63391.0,63391.0,1.0,0.0,0.0
2026-05-18 17:29:49,130,2.190338e+06,1.22046025e+08,4.7995309e+07,0.0,0.0,0.0,189871.0,17261.0,1536.0,9.900032e+07,1.258463232e+09,4717.47,30.0,63490.0,0.0,63489.0,63489.0,1.0,0.0,0.0
2026-05-18 17:30:01,130,2.193767e+06,1.22238958e+08,4.8056872e+07,0.0,0.0,0.0,190168.0,17288.0,1538.0,9.9262464e+07,1.258463232e+09,4724.65,29.0,63589.0,0.0,63589.0,63589.0,1.0,0.0,0.0
2026-05-18 17:30:13,130,2.197204e+06,1.22426457e+08,4.8153248e+07,0.0,0.0,0.0,190465.0,17315.0,1541.0,9.9262464e+07,1.258463232e+09,4731.83,29.0,63688.0,0.0,63688.0,63688.0,1.0,0.0,0.0
2026-05-18 17:30:25,130,2.200651e+06,1.22611269e+08,4.8214811e+07,0.0,0.0,0.0,190761.0,17341.0,1543.0,9.9262464e+07,1.258463232e+09,4738.82,30.0,63787.0,0.0,63786.0,63786.0,1.0,0.0,0.0
2026-05-18 17:30:37,130,2.204179e+06,1.22809497e+08,4.8305799e+07,0.0,0.0,0.0,191065.0,17369.0,1546.0,9.9262464e+07,1.258463232e+09,4746.469999999999,35.0,63889.0,0.0,63888.0,63888.0,1.0,0.0,0.0
2026-05-18 17:30:49,131,2.207593e+06,1.23002439e+08,4.8367362e+07,0.0,0.0,0.0,191360.0,17396.0,1548.0,9.9262464e+07,1.258463232e+09,4753.7,29.0,63988.0,0.0,63988.0,63988.0,1.0,0.0,0.0
2026-05-18 17:31:01,131,2.210914e+06,1.23192729e+08,4.8428957e+07,0.0,0.0,0.0,191655.0,17423.0,1550.0,9.9262464e+07,1.258463232e+09,4760.81,29.0,64086.0,0.0,64086.0,64086.0,1.0,0.0,0.0
2026-05-18 17:31:13,131,2.214264e+06,1.2338026e+08,4.8525333e+07,0.0,0.0,0.0,191951.0,17450.0,1553.0,9.9262464e+07,1.258463232e+09,4767.88,31.0,64185.0,0.0,64184.0,64184.0,1.0,0.0,0.0
2026-05-18 17:31:25,131,2.217652e+06,1.23573196e+08,4.8586896e+07,0.0,0.0,0.0,192247.0,17477.0,1555.0,9.9262464e+07,1.258463232e+09,4775.25,30.0,64285.0,0.0,64284.0,64284.0,1.0,0.0,0.0
2026-05-18 17:31:37,131,2.221131e+06,1.23766065e+08,4.8677884e+07,0.0,0.0,0.0,192545.0,17504.0,1558.0,9.9262464e+07,1.258463232e+09,4782.67,31.0,64384.0,0.0,64383.0,64383.0,1.0,0.0,0.0
2026-05-18 17:31:50,132,2.224577e+06,1.23956268e+08,4.8739447e+07,0.0,0.0,0.0,192841.0,17531.0,1560.0,9.9262464e+07,1.258463232e+09,4789.910000000001,29.0,64483.0,0.0,64483.0,64483.0,1.0,0.0,0.0
2026-05-18 17:32:02,132,2.227908e+06,1.24141144e+08,4.8833148e+07,0.0,0.0,0.0,193132.0,17557.0,1563.0,9.9393536e+07,1.258463232e+09,4797.14,30.0,64581.0,0.0,64580.0,64580.0,1.0,0.0,0.0
2026-05-18 17:32:13,132,2.231354e+06,1.24328672e+08,4.8894711e+07,0.0,0.0,0.0,193429.0,17584.0,1565.0,9.9393536e+07,1.258463232e+09,4804.22,29.0,64680.0,0.0,64680.0,64680.0,1.0,0.0,0.0
2026-05-18 17:32:26,132,2.234873e+06,1.24521509e+08,4.8956274e+07,0.0,0.0,0.0,193725.0,17611.0,1567.0,9.9393536e+07,1.258463232e+09,4811.68,29.0,64780.0,0.0,64779.0,64779.0,1.0,0.0,0.0
2026-05-18 17:32:38,132,2.238217e+06,1.24711744e+08,4.9047262e+07,0.0,0.0,0.0,194018.0,17638.0,1570.0,9.9524608e+07,1.258463232e+09,4818.860000000001,35.0,64878.0,0.0,64877.0,64877.0,1.0,0.0,0.0
2026-05-18 17:32:50,133,2.241599e+06,1.24896623e+08,4.9108825e+07,0.0,0.0,0.0,194309.0,17664.0,1572.0,9.9393536e+07,1.258463232e+09,4826.2699999999995,35.0,64975.0,0.0,64974.0,64974.0,1.0,0.0,0.0
2026-05-18 17:33:02,133,2.245071e+06,1.25092173e+08,4.9202488e+07,0.0,0.0,0.0,194609.0,17691.0,1575.0,9.9524608e+07,1.258463232e+09,4833.97,29.0,65075.0,0.0,65075.0,65075.0,1.0,0.0,0.0
2026-05-18 17:33:14,133,2.248462e+06,1.25282399e+08,4.9266758e+07,0.0,0.0,0.0,194903.0,17718.0,1577.0,9.9524608e+07,1.258463232e+09,4841.39,29.0,65175.0,0.0,65174.0,65174.0,1.0,0.0,0.0
2026-05-18 17:33:26,133,2.25192e+06,1.25477972e+08,4.9328289e+07,0.0,0.0,0.0,195198.0,17745.0,1579.0,9.9524608e+07,1.258463232e+09,4848.53,31.0,65274.0,0.0,65273.0,65273.0,1.0,0.0,0.0
2026-05-18 17:33:38,133,2.255337e+06,1.25668172e+08,4.9419309e+07,0.0,0.0,0.0,195495.0,17772.0,1582.0,9.9524608e+07,1.258463232e+09,4855.99,29.0,65373.0,0.0,65372.0,65372.0,1.0,0.0,0.0
2026-05-18 17:33:50,134,2.258751e+06,1.25858407e+08,4.9483547e+07,0.0,0.0,0.0,195791.0,17799.0,1584.0,9.9524608e+07,1.258463232e+09,4863.2699999999995,30.0,65472.0,0.0,65471.0,65471.0,1.0,0.0,0.0
2026-05-18 17:34:02,134,2.262177e+06,1.26051308e+08,4.9545142e+07,0.0,0.0,0.0,196088.0,17826.0,1586.0,9.9393536e+07,1.258463232e+09,4870.490000000001,31.0,65571.0,0.0,65570.0,65570.0,1.0,0.0,0.0
2026-05-18 17:34:14,134,2.265483e+06,1.26230872e+08,4.9644193e+07,0.0,0.0,0.0,196382.0,17852.0,1589.0,9.9131392e+07,1.258463232e+09,4877.31,31.0,65669.0,0.0,65668.0,65668.0,1.0,0.0,0.0
2026-05-18 17:34:26,134,2.268871e+06,1.26421101e+08,4.9705756e+07,0.0,0.0,0.0,196679.0,17879.0,1591.0,9.9131392e+07,1.258463232e+09,4884.5,30.0,65768.0,0.0,65767.0,65767.0,1.0,0.0,0.0
2026-05-18 17:34:38,134,2.272192e+06,1.26614008e+08,4.9799483e+07,0.0,0.0,0.0,196973.0,17906.0,1594.0,9.9262464e+07,1.258463232e+09,4891.96,30.0,65866.0,0.0,65865.0,65865.0,1.0,0.0,0.0
2026-05-18 17:34:50,135,2.275711e+06,1.2680417e+08,4.9866428e+07,0.0,0.0,0.0,197270.0,17933.0,1596.0,9.9262464e+07,1.258463232e+09,4899.0599999999995,29.0,65965.0,0.0,65965.0,65965.0,1.0,0.0,0.0
2026-05-18 17:35:02,135,2.279122e+06,1.2698895e+08,4.9927991e+07,0.0,0.0,0.0,197559.0,17959.0,1598.0,9.9262464e+07,1.258463232e+09,4906.67,29.0,66063.0,0.0,66062.0,66062.0,1.0,0.0,0.0
2026-05-18 17:35:14,135,2.282726e+06,1.27187172e+08,5.0021654e+07,0.0,0.0,0.0,197865.0,17987.0,1601.0,9.9262464e+07,1.258463232e+09,4914.63,30.0,66165.0,0.0,66164.0,66164.0,1.0,0.0,0.0
2026-05-18 17:35:27,135,2.286191e+06,1.27380044e+08,5.0083217e+07,0.0,0.0,0.0,198162.0,18014.0,1603.0,9.9262464e+07,1.258463232e+09,4922.08,29.0,66264.0,0.0,66264.0,66264.0,1.0,0.0,0.0
2026-05-18 17:35:39,135,2.289605e+06,1.27570212e+08,5.0176918e+07,0.0,0.0,0.0,198458.0,18041.0,1606.0,9.9262464e+07,1.258463232e+09,4929.360000000001,29.0,66363.0,0.0,66363.0,66363.0,1.0,0.0,0.0
2026-05-18 17:35:51,136,2.292999e+06,1.2775774e+08,5.0238481e+07,0.0,0.0,0.0,198750.0,18068.0,1608.0,9.9393536e+07,1.258463232e+09,4936.28,31.0,66461.0,0.0,66460.0,66460.0,1.0,0.0,0.0
2026-05-18 17:36:03,136,2.296425e+06,1.27950676e+08,5.0300044e+07,0.0,0.0,0.0,199049.0,18095.0,1610.0,9.9262464e+07,1.258463232e+09,4943.95,31.0,66561.0,0.0,66560.0,66560.0,1.0,0.0,0.0
2026-05-18 17:36:15,136,2.299833e+06,1.28138204e+08,5.0393745e+07,0.0,0.0,0.0,199346.0,18122.0,1613.0,9.9393536e+07,1.258463232e+09,4951.17,30.0,66661.0,0.0,66660.0,66660.0,1.0,0.0,0.0
2026-05-18 17:36:27,136,2.303358e+06,1.28328398e+08,5.0455308e+07,0.0,0.0,0.0,199645.0,18149.0,1615.0,9.9393536e+07,1.258463232e+09,4958.74,30.0,66761.0,0.0,66760.0,66760.0,1.0,0.0,0.0
2026-05-18 17:36:39,136,2.306697e+06,1.28518682e+08,5.0546328e+07,0.0,0.0,0.0,199947.0,18176.0,1618.0,9.9393536e+07,1.258463232e+09,4965.91,31.0,66861.0,0.0,66860.0,66860.0,1.0,0.0,0.0
2026-05-18 17:36:52,137,2.310105e+06,1.28708923e+08,5.0610566e+07,0.0,0.0,0.0,200242.0,18203.0,1620.0,9.9524608e+07,1.258463232e+09,4973.46,30.0,66960.0,0.0,66959.0,66959.0,1.0,0.0,0.0
2026-05-18 17:37:04,137,2.313522e+06,1.28904505e+08,5.0704267e+07,0.0,0.0,0.0,200542.0,18231.0,1623.0,9.9524608e+07,1.258463232e+09,4981.58,29.0,67059.0,0.0,67059.0,67059.0,1.0,0.0,0.0
2026-05-18 17:37:16,137,2.317044e+06,1.2909467e+08,5.076583e+07,0.0,0.0,0.0,200841.0,18258.0,1625.0,9.9524608e+07,1.258463232e+09,4988.82,29.0,67159.0,0.0,67159.0,67159.0,1.0,0.0,0.0
2026-05-18 17:37:28,137,2.320444e+06,1.292876e+08,5.0859525e+07,0.0,0.0,0.0,201139.0,18285.0,1628.0,9.9262464e+07,1.258463232e+09,4996.58,31.0,67260.0,0.0,67259.0,67259.0,1.0,0.0,0.0
2026-05-18 17:37:40,137,2.323829e+06,1.29477832e+08,5.0923795e+07,0.0,0.0,0.0,201435.0,18312.0,1630.0,9.9262464e+07,1.258463232e+09,5003.700000000001,29.0,67358.0,0.0,67358.0,67358.0,1.0,0.0,0.0
2026-05-18 17:37:52,138,2.327199e+06,1.29662679e+08,5.0988033e+07,0.0,0.0,0.0,201722.0,18338.0,1632.0,9.9262464e+07,1.258463232e+09,5011.05,29.0,67454.0,0.0,67454.0,67454.0,1.0,0.0,0.0
2026-05-18 17:38:04,138,2.3306e+06,1.29852879e+08,5.1079021e+07,0.0,0.0,0.0,202018.0,18365.0,1635.0,9.9262464e+07,1.258463232e+09,5018.5,29.0,67553.0,0.0,67553.0,67553.0,1.0,0.0,0.0
2026-05-18 17:38:16,138,2.334058e+06,1.30045783e+08,5.1140584e+07,0.0,0.0,0.0,202315.0,18392.0,1637.0,9.9393536e+07,1.258463232e+09,5025.66,30.0,67653.0,0.0,67652.0,67652.0,1.0,0.0,0.0
2026-05-18 17:38:28,138,2.337475e+06,1.30236009e+08,5.1202147e+07,0.0,0.0,0.0,202609.0,18419.0,1639.0,9.9393536e+07,1.258463232e+09,5032.94,29.0,67751.0,0.0,67751.0,67751.0,1.0,0.0,0.0
2026-05-18 17:38:40,138,2.340796e+06,1.30418242e+08,5.1298523e+07,0.0,0.0,0.0,202906.0,18445.0,1642.0,9.9393536e+07,1.258463232e+09,5040.33,29.0,67850.0,0.0,67850.0,67850.0,1.0,0.0,0.0
2026-05-18 17:38:52,139,2.344178e+06,1.30611184e+08,5.1360086e+07,0.0,0.0,0.0,203200.0,18472.0,1644.0,9.9393536e+07,1.258463232e+09,5047.7300000000005,29.0,67949.0,0.0,67949.0,67949.0,1.0,0.0,0.0
2026-05-18 17:39:04,139,2.347653e+06,1.30801352e+08,5.1451074e+07,0.0,0.0,0.0,203493.0,18499.0,1647.0,9.9393536e+07,1.258463232e+09,5054.92,29.0,68047.0,0.0,68047.0,68047.0,1.0,0.0,0.0
2026-05-18 17:39:16,139,2.351006e+06,1.30994291e+08,5.1515312e+07,0.0,0.0,0.0,203787.0,18526.0,1649.0,9.9393536e+07,1.258463232e+09,5061.94,29.0,68147.0,0.0,68146.0,68146.0,1.0,0.0,0.0
2026-05-18 17:39:29,139,2.354336e+06,1.31179196e+08,5.1576907e+07,0.0,0.0,0.0,204083.0,18552.0,1651.0,9.9393536e+07,1.258463232e+09,5069.95,30.0,68245.0,0.0,68244.0,68244.0,1.0,0.0,0.0
2026-05-18 17:39:40,139,2.357776e+06,1.31374819e+08,5.1673283e+07,0.0,0.0,0.0,204382.0,18580.0,1654.0,9.9393536e+07,1.258463232e+09,5078.06,30.0,68346.0,0.0,68345.0,68345.0,1.0,0.0,0.0
2026-05-18 17:39:53,140,2.361247e+06,1.31564981e+08,5.1734846e+07,0.0,0.0,0.0,204679.0,18607.0,1656.0,9.9393536e+07,1.258463232e+09,5085.610000000001,30.0,68445.0,0.0,68444.0,68444.0,1.0,0.0,0.0
2026-05-18 17:40:05,140,2.364632e+06,1.31749857e+08,5.1828509e+07,0.0,0.0,0.0,204973.0,18633.0,1659.0,9.9262464e+07,1.258463232e+09,5092.8099999999995,31.0,68544.0,0.0,68543.0,68543.0,1.0,0.0,0.0
2026-05-18 17:40:17,140,2.368067e+06,1.31942787e+08,5.1890104e+07,0.0,0.0,0.0,205271.0,18660.0,1661.0,9.9262464e+07,1.258463232e+09,5100.3099999999995,31.0,68644.0,0.0,68643.0,68643.0,1.0,0.0,0.0
2026-05-18 17:40:29,140,2.371513e+06,1.32132955e+08,5.1954342e+07,0.0,0.0,0.0,205566.0,18687.0,1663.0,9.9393536e+07,1.258463232e+09,5107.51,33.0,68742.0,0.0,68741.0,68741.0,1.0,0.0,0.0
2026-05-18 17:40:41,140,2.374951e+06,1.3232856e+08,5.205075e+07,0.0,0.0,0.0,205872.0,18715.0,1666.0,9.9262464e+07,1.258463232e+09,5115.76,35.0,68844.0,0.0,68843.0,68843.0,1.0,0.0,0.0
2026-05-18 17:40:53,141,2.378374e+06,1.32518792e+08,5.211502e+07,0.0,0.0,0.0,206169.0,18742.0,1668.0,9.9262464e+07,1.258463232e+09,5123.08,30.0,68944.0,0.0,68943.0,68943.0,1.0,0.0,0.0
2026-05-18 17:41:06,141,2.381835e+06,1.32711661e+08,5.2206008e+07,0.0,0.0,0.0,206470.0,18769.0,1671.0,9.9262464e+07,1.258463232e+09,5130.13,31.0,69045.0,0.0,69044.0,69044.0,1.0,0.0,0.0
2026-05-18 17:41:18,141,2.385223e+06,1.32904629e+08,5.2267571e+07,0.0,0.0,0.0,206763.0,18796.0,1673.0,9.9262464e+07,1.258463232e+09,5137.5199999999995,30.0,69143.0,0.0,69142.0,69142.0,1.0,0.0,0.0
2026-05-18 17:41:30,141,2.388605e+06,1.33094858e+08,5.2363947e+07,0.0,0.0,0.0,207059.0,18823.0,1676.0,9.9262464e+07,1.258463232e+09,5145.27,30.0,69242.0,0.0,69241.0,69241.0,1.0,0.0,0.0
2026-05-18 17:41:42,142,2.391961e+06,1.33282438e+08,5.242551e+07,0.0,0.0,0.0,207353.0,18850.0,1678.0,9.9393536e+07,1.258463232e+09,5152.26,29.0,69341.0,0.0,69340.0,69340.0,1.0,0.0,0.0
2026-05-18 17:41:54,142,2.395401e+06,1.33472609e+08,5.2487073e+07,0.0,0.0,0.0,207647.0,18877.0,1680.0,9.9393536e+07,1.258463232e+09,5159.5,29.0,69438.0,0.0,69438.0,69438.0,1.0,0.0,0.0
2026-05-18 17:42:06,142,2.398748e+06,1.33660198e+08,5.2583449e+07,0.0,0.0,0.0,207944.0,18904.0,1683.0,9.9262464e+07,1.258463232e+09,5167.01,29.0,69537.0,0.0,69537.0,69537.0,1.0,0.0,0.0
2026-05-18 17:42:18,142,2.40211e+06,1.33845103e+08,5.2647719e+07,0.0,0.0,0.0,208237.0,18930.0,1685.0,9.9262464e+07,1.258463232e+09,5173.86,30.0,69636.0,0.0,69635.0,69635.0,1.0,0.0,0.0
2026-05-18 17:42:30,142,2.40546e+06,1.34040752e+08,5.274142e+07,0.0,0.0,0.0,208540.0,18958.0,1688.0,9.9262464e+07,1.258463232e+09,5182.19,29.0,69736.0,0.0,69736.0,69736.0,1.0,0.0,0.0
2026-05-18 17:42:42,143,2.408956e+06,1.34230981e+08,5.2802983e+07,0.0,0.0,0.0,208839.0,18985.0,1690.0,9.9393536e+07,1.258463232e+09,5189.42,30.0,69837.0,0.0,69836.0,69836.0,1.0,0.0,0.0
2026-05-18 17:42:55,143,2.412405e+06,1.34423856e+08,5.2893971e+07,0.0,0.0,0.0,209137.0,19012.0,1693.0,9.9393536e+07,1.258463232e+09,5196.86,35.0,69936.0,0.0,69935.0,69935.0,1.0,0.0,0.0
2026-05-18 17:43:07,143,2.415805e+06,1.34614053e+08,5.2955534e+07,0.0,0.0,0.0,209430.0,19039.0,1695.0,9.9262464e+07,1.258463232e+09,5203.68,30.0,70035.0,0.0,70034.0,70034.0,1.0,0.0,0.0
2026-05-18 17:43:19,143,2.419199e+06,1.34807059e+08,5.3017097e+07,0.0,0.0,0.0,209730.0,19066.0,1697.0,9.9262464e+07,1.258463232e+09,5211.63,31.0,70136.0,0.0,70135.0,70135.0,1.0,0.0,0.0
2026-05-18 17:43:31,143,2.422657e+06,1.34994575e+08,5.3113473e+07,0.0,0.0,0.0,210029.0,19093.0,1700.0,9.9262464e+07,1.258463232e+09,5218.54,35.0,70235.0,0.0,70234.0,70234.0,1.0,0.0,0.0
2026-05-18 17:43:43,144,2.426144e+06,1.35190093e+08,5.3172355e+07,0.0,0.0,0.0,210324.0,19120.0,1702.0,9.9262464e+07,1.258463232e+09,5225.98,29.0,70335.0,0.0,70334.0,70334.0,1.0,0.0,0.0
2026-05-18 17:43:55,144,2.429529e+06,1.35380357e+08,5.3271406e+07,0.0,0.0,0.0,210623.0,19147.0,1705.0,9.9262464e+07,1.258463232e+09,5233.86,31.0,70434.0,0.0,70433.0,70433.0,1.0,0.0,0.0
2026-05-18 17:44:07,144,2.4331e+06,1.35570502e+08,5.3335644e+07,0.0,0.0,0.0,210922.0,19174.0,1707.0,9.9262464e+07,1.258463232e+09,5241.5199999999995,29.0,70534.0,0.0,70534.0,70534.0,1.0,0.0,0.0
2026-05-18 17:44:20,144,2.436494e+06,1.35763473e+08,5.3397175e+07,0.0,0.0,0.0,211219.0,19201.0,1709.0,9.9262464e+07,1.258463232e+09,5248.59,29.0,70635.0,0.0,70634.0,70634.0,1.0,0.0,0.0
2026-05-18 17:44:32,144,2.439882e+06,1.35953664e+08,5.349087e+07,0.0,0.0,0.0,211511.0,19228.0,1712.0,9.9262464e+07,1.258463232e+09,5255.83,29.0,70732.0,0.0,70732.0,70732.0,1.0,0.0,0.0
2026-05-18 17:44:44,145,2.443398e+06,1.3614651e+08,5.3552433e+07,0.0,0.0,0.0,211810.0,19255.0,1714.0,9.9393536e+07,1.258463232e+09,5263.33,29.0,70833.0,0.0,70832.0,70832.0,1.0,0.0,0.0
2026-05-18 17:44:56,145,2.446795e+06,1.36342118e+08,5.361399e+07,0.0,0.0,0.0,212104.0,19282.0,1716.0,9.9393536e+07,1.258463232e+09,5270.92,29.0,70931.0,0.0,70931.0,70931.0,1.0,0.0,0.0
2026-05-18 17:45:08,145,2.4503e+06,1.36535007e+08,5.3707653e+07,0.0,0.0,0.0,212403.0,19309.0,1719.0,9.9393536e+07,1.258463232e+09,5278.639999999999,29.0,71032.0,0.0,71031.0,71031.0,1.0,0.0,0.0
2026-05-18 17:45:20,145,2.453743e+06,1.36725181e+08,5.3771891e+07,0.0,0.0,0.0,212698.0,19336.0,1721.0,9.9131392e+07,1.258463232e+09,5286.47,30.0,71131.0,0.0,71130.0,71130.0,1.0,0.0,0.0
2026-05-18 17:45:32,145,2.457081e+06,1.36912741e+08,5.3833454e+07,0.0,0.0,0.0,212987.0,19362.0,1723.0,9.9131392e+07,1.258463232e+09,5293.31,30.0,71228.0,0.0,71227.0,71227.0,1.0,0.0,0.0
2026-05-18 17:45:44,146,2.460594e+06,1.37102877e+08,5.3927117e+07,0.0,0.0,0.0,213283.0,19389.0,1726.0,9.9131392e+07,1.258463232e+09,5300.51,30.0,71326.0,0.0,71325.0,71325.0,1.0,0.0,0.0
2026-05-18 17:45:56,146,2.464049e+06,1.37295746e+08,5.3991355e+07,0.0,0.0,0.0,213579.0,19416.0,1728.0,9.9131392e+07,1.258463232e+09,5307.73,30.0,71426.0,0.0,71425.0,71425.0,1.0,0.0,0.0
2026-05-18 17:46:09,146,2.467341e+06,1.37488746e+08,5.408505e+07,0.0,0.0,0.0,213874.0,19443.0,1731.0,9.9131392e+07,1.258463232e+09,5315.2699999999995,30.0,71524.0,0.0,71523.0,71523.0,1.0,0.0,0.0
2026-05-18 17:46:21,146,2.470818e+06,1.3767894e+08,5.4146613e+07,0.0,0.0,0.0,214173.0,19470.0,1733.0,9.900032e+07,1.258463232e+09,5322.599999999999,30.0,71625.0,0.0,71624.0,71624.0,1.0,0.0,0.0
2026-05-18 17:46:33,146,2.474302e+06,1.37869143e+08,5.4208176e+07,0.0,0.0,0.0,214472.0,19497.0,1735.0,9.9131392e+07,1.258463232e+09,5329.58,29.0,71725.0,0.0,71724.0,71724.0,1.0,0.0,0.0
2026-05-18 17:46:45,147,2.477728e+06,1.38062024e+08,5.4299196e+07,0.0,0.0,0.0,214772.0,19524.0,1738.0,9.9262464e+07,1.258463232e+09,5336.88,29.0,71825.0,0.0,71824.0,71824.0,1.0,0.0,0.0
2026-05-18 17:46:58,147,2.481148e+06,1.38252253e+08,5.4363434e+07,0.0,0.0,0.0,215066.0,19551.0,1740.0,9.9131392e+07,1.258463232e+09,5344.259999999999,31.0,71924.0,0.0,71923.0,71923.0,1.0,0.0,0.0
2026-05-18 17:47:10,147,2.484428e+06,1.38442584e+08,5.445981e+07,0.0,0.0,0.0,215362.0,19578.0,1743.0,9.9131392e+07,1.258463232e+09,5351.72,30.0,72023.0,0.0,72022.0,72022.0,1.0,0.0,0.0
2026-05-18 17:47:22,147,2.487886e+06,1.38632813e+08,5.4521373e+07,0.0,0.0,0.0,215661.0,19605.0,1745.0,9.9262464e+07,1.258463232e+09,5359.179999999999,29.0,72123.0,0.0,72122.0,72122.0,1.0,0.0,0.0
2026-05-18 17:47:34,147,2.491306e+06,1.38825717e+08,5.4612361e+07,0.0,0.0,0.0,215957.0,19632.0,1748.0,9.9262464e+07,1.258463232e+09,5366.24,29.0,72221.0,0.0,72221.0,72221.0,1.0,0.0,0.0
2026-05-18 17:47:46,148,2.494804e+06,1.39015885e+08,5.4673924e+07,0.0,0.0,0.0,216253.0,19659.0,1750.0,9.9393536e+07,1.258463232e+09,5373.839999999999,30.0,72321.0,0.0,72320.0,72320.0,1.0,0.0,0.0
2026-05-18 17:47:58,148,2.498204e+06,1.39208809e+08,5.4735487e+07,0.0,0.0,0.0,216548.0,19686.0,1752.0,9.9393536e+07,1.258463232e+09,5381.28,30.0,72420.0,0.0,72419.0,72419.0,1.0,0.0,0.0
2026-05-18 17:48:10,148,2.501615e+06,1.39396334e+08,5.483457e+07,0.0,0.0,0.0,216846.0,19713.0,1755.0,9.9262464e+07,1.258463232e+09,5388.53,30.0,72520.0,0.0,72519.0,72519.0,1.0,0.0,0.0
2026-05-18 17:48:22,148,2.505108e+06,1.3958918e+08,5.4896133e+07,0.0,0.0,0.0,217144.0,19740.0,1757.0,9.9262464e+07,1.258463232e+09,5396.429999999999,29.0,72619.0,0.0,72619.0,72619.0,1.0,0.0,0.0
2026-05-18 17:48:34,148,2.508522e+06,1.3977938e+08,5.4987121e+07,0.0,0.0,0.0,217438.0,19767.0,1760.0,9.9262464e+07,1.258463232e+09,5403.47,30.0,72718.0,0.0,72717.0,72717.0,1.0,0.0,0.0
2026-05-18 17:48:46,149,2.511974e+06,1.39964224e+08,5.5051359e+07,0.0,0.0,0.0,217734.0,19793.0,1762.0,9.9131392e+07,1.258463232e+09,5410.85,30.0,72817.0,0.0,72816.0,72816.0,1.0,0.0,0.0
2026-05-18 17:48:58,149,2.515374e+06,1.40157122e+08,5.5115629e+07,0.0,0.0,0.0,218031.0,19820.0,1764.0,9.9131392e+07,1.258463232e+09,5418.6900000000005,29.0,72916.0,0.0,72916.0,72916.0,1.0,0.0,0.0
2026-05-18 17:49:10,149,2.518724e+06,1.40347386e+08,5.5209324e+07,0.0,0.0,0.0,218324.0,19847.0,1767.0,9.9262464e+07,1.258463232e+09,5426.1,31.0,73015.0,0.0,73014.0,73014.0,1.0,0.0,0.0
2026-05-18 17:49:22,149,2.522074e+06,1.40540293e+08,5.5273594e+07,0.0,0.0,0.0,218618.0,19874.0,1769.0,9.9262464e+07,1.258463232e+09,5433.58,29.0,73114.0,0.0,73113.0,73113.0,1.0,0.0,0.0
2026-05-18 17:49:34,149,2.525576e+06,1.40730484e+08,5.5337864e+07,0.0,0.0,0.0,218918.0,19901.0,1771.0,9.9393536e+07,1.258463232e+09,5441.63,30.0,73214.0,0.0,73213.0,73213.0,1.0,0.0,0.0
2026-05-18 17:49:46,150,2.529002e+06,1.40923368e+08,5.5428852e+07,0.0,0.0,0.0,219214.0,19928.0,1774.0,9.9405824e+07,1.258463232e+09,5448.88,30.0,73313.0,0.0,73312.0,73312.0,1.0,0.0,0.0
2026-05-18 17:49:59,150,2.532451e+06,1.41113568e+08,5.549309e+07,0.0,0.0,0.0,219510.0,19955.0,1776.0,9.9405824e+07,1.258463232e+09,5455.950000000001,29.0,73413.0,0.0,73412.0,73412.0,1.0,0.0,0.0
2026-05-18 17:50:11,150,2.535766e+06,1.41306507e+08,5.5586785e+07,0.0,0.0,0.0,219803.0,19982.0,1779.0,9.9405824e+07,1.258463232e+09,5463.349999999999,29.0,73511.0,0.0,73510.0,73510.0,1.0,0.0,0.0
2026-05-18 17:50:23,150,2.539183e+06,1.41488676e+08,5.5648348e+07,0.0,0.0,0.0,220097.0,20008.0,1781.0,9.9405824e+07,1.258463232e+09,5470.3,29.0,73608.0,0.0,73608.0,73608.0,1.0,0.0,0.0
2026-05-18 17:50:35,150,2.542635e+06,1.41681548e+08,5.5709911e+07,0.0,0.0,0.0,220391.0,20035.0,1783.0,9.9405824e+07,1.258463232e+09,5477.429999999999,35.0,73708.0,0.0,73707.0,73707.0,1.0,0.0,0.0
2026-05-18 17:50:47,151,2.546096e+06,1.41877194e+08,5.5806287e+07,0.0,0.0,0.0,220697.0,20063.0,1786.0,9.9405824e+07,1.258463232e+09,5485.13,29.0,73809.0,0.0,73809.0,73809.0,1.0,0.0,0.0
2026-05-18 17:50:59,151,2.549417e+06,1.42067452e+08,5.586785e+07,0.0,0.0,0.0,220991.0,20090.0,1788.0,9.9536896e+07,1.258463232e+09,5492.54,30.0,73908.0,0.0,73907.0,73907.0,1.0,0.0,0.0
2026-05-18 17:51:11,151,2.552747e+06,1.42257777e+08,5.5961545e+07,0.0,0.0,0.0,221289.0,20117.0,1791.0,9.9536896e+07,1.258463232e+09,5499.84,29.0,74007.0,0.0,74007.0,74007.0,1.0,0.0,0.0
2026-05-18 17:51:23,151,2.556234e+06,1.4245062e+08,5.602849e+07,0.0,0.0,0.0,221588.0,20144.0,1793.0,9.9405824e+07,1.258463232e+09,5507.450000000001,29.0,74107.0,0.0,74107.0,74107.0,1.0,0.0,0.0
2026-05-18 17:51:35,151,2.559718e+06,1.42640823e+08,5.6090053e+07,0.0,0.0,0.0,221887.0,20171.0,1795.0,9.9405824e+07,1.258463232e+09,5514.34,35.0,74207.0,0.0,74206.0,74206.0,1.0,0.0,0.0
2026-05-18 17:51:47,152,2.563109e+06,1.42831043e+08,5.6183748e+07,0.0,0.0,0.0,222182.0,20198.0,1798.0,9.9536896e+07,1.258463232e+09,5521.68,31.0,74306.0,0.0,74305.0,74305.0,1.0,0.0,0.0
2026-05-18 17:51:59,152,2.566451e+06,1.4302397e+08,5.6245311e+07,0.0,0.0,0.0,222476.0,20225.0,1800.0,9.9536896e+07,1.258463232e+09,5529.3099999999995,30.0,74404.0,0.0,74403.0,74403.0,1.0,0.0,0.0
2026-05-18 17:52:11,152,2.5699e+06,1.43211457e+08,5.6309549e+07,0.0,0.0,0.0,222768.0,20251.0,1802.0,9.9405824e+07,1.258463232e+09,5536.16,29.0,74502.0,0.0,74502.0,74502.0,1.0,0.0,0.0
2026-05-18 17:52:23,152,2.573264e+06,1.43398953e+08,5.640325e+07,0.0,0.0,0.0,223059.0,20278.0,1805.0,9.9405824e+07,1.258463232e+09,5543.13,29.0,74599.0,0.0,74599.0,74599.0,1.0,0.0,0.0
2026-05-18 17:52:35,152,2.576666e+06,1.43586487e+08,5.6464813e+07,0.0,0.0,0.0,223351.0,20304.0,1807.0,9.9405824e+07,1.258463232e+09,5550.45,29.0,74697.0,0.0,74697.0,74697.0,1.0,0.0,0.0
2026-05-18 17:52:47,153,2.580016e+06,1.43779423e+08,5.6555833e+07,0.0,0.0,0.0,223641.0,20331.0,1810.0,9.9274752e+07,1.258463232e+09,5557.94,29.0,74796.0,0.0,74795.0,74795.0,1.0,0.0,0.0
2026-05-18 17:52:59,153,2.583414e+06,1.43969623e+08,5.6620071e+07,0.0,0.0,0.0,223938.0,20358.0,1812.0,9.9405824e+07,1.258463232e+09,5565.09,29.0,74894.0,0.0,74894.0,74894.0,1.0,0.0,0.0
2026-05-18 17:53:11,153,2.586744e+06,1.44154554e+08,5.6681634e+07,0.0,0.0,0.0,224229.0,20384.0,1814.0,9.9536896e+07,1.258463232e+09,5571.7699999999995,29.0,74992.0,0.0,74992.0,74992.0,1.0,0.0,0.0
2026-05-18 17:53:23,153,2.590129e+06,1.4435013e+08,5.677801e+07,0.0,0.0,0.0,224523.0,20411.0,1817.0,9.9405824e+07,1.258463232e+09,5578.57,29.0,75091.0,0.0,75091.0,75091.0,1.0,0.0,0.0
2026-05-18 17:53:35,153,2.593628e+06,1.44540324e+08,5.6836892e+07,0.0,0.0,0.0,224823.0,20438.0,1819.0,9.9405824e+07,1.258463232e+09,5586.25,30.0,75192.0,0.0,75191.0,75191.0,1.0,0.0,0.0
2026-05-18 17:53:47,154,2.596972e+06,1.44727875e+08,5.6903843e+07,0.0,0.0,0.0,225117.0,20465.0,1821.0,9.9405824e+07,1.258463232e+09,5593.27,31.0,75289.0,0.0,75288.0,75288.0,1.0,0.0,0.0
2026-05-18 17:53:59,154,2.60029e+06,1.44907404e+08,5.6997544e+07,0.0,0.0,0.0,225411.0,20491.0,1824.0,9.9405824e+07,1.258463232e+09,5600.18,31.0,75386.0,0.0,75385.0,75385.0,1.0,0.0,0.0
2026-05-18 17:54:11,154,2.603666e+06,1.45097639e+08,5.7059107e+07,0.0,0.0,0.0,225703.0,20518.0,1826.0,9.9536896e+07,1.258463232e+09,5607.08,29.0,75485.0,0.0,75484.0,75484.0,1.0,0.0,0.0
2026-05-18 17:54:23,154,2.606984e+06,1.45285225e+08,5.7152808e+07,0.0,0.0,0.0,226001.0,20545.0,1829.0,9.9405824e+07,1.258463232e+09,5614.72,29.0,75584.0,0.0,75583.0,75583.0,1.0,0.0,0.0
2026-05-18 17:54:35,154,2.610369e+06,1.45480801e+08,5.7217046e+07,0.0,0.0,0.0,226293.0,20572.0,1831.0,9.9405824e+07,1.258463232e+09,5621.650000000001,29.0,75681.0,0.0,75681.0,75681.0,1.0,0.0,0.0
2026-05-18 17:54:47,155,2.613696e+06,1.4566841e+08,5.7278609e+07,0.0,0.0,0.0,226585.0,20598.0,1833.0,9.9536896e+07,1.258463232e+09,5628.28,29.0,75779.0,0.0,75779.0,75779.0,1.0,0.0,0.0
2026-05-18 17:54:59,155,2.617125e+06,1.45858668e+08,5.7369597e+07,0.0,0.0,0.0,226884.0,20625.0,1836.0,9.9536896e+07,1.258463232e+09,5635.62,30.0,75880.0,0.0,75879.0,75879.0,1.0,0.0,0.0
2026-05-18 17:55:11,155,2.620545e+06,1.46051572e+08,5.7433835e+07,0.0,0.0,0.0,227177.0,20652.0,1838.0,9.9536896e+07,1.258463232e+09,5642.799999999999,29.0,75979.0,0.0,75978.0,75978.0,1.0,0.0,0.0
2026-05-18 17:55:24,155,2.624003e+06,1.46244438e+08,5.7495398e+07,0.0,0.0,0.0,227472.0,20679.0,1840.0,9.9536896e+07,1.258463232e+09,5649.639999999999,35.0,76077.0,0.0,76076.0,76076.0,1.0,0.0,0.0
2026-05-18 17:55:36,155,2.627411e+06,1.46431928e+08,5.7591774e+07,0.0,0.0,0.0,227767.0,20706.0,1843.0,9.9536896e+07,1.258463232e+09,5656.89,35.0,76176.0,0.0,76175.0,76175.0,1.0,0.0,0.0
2026-05-18 17:55:47,156,2.630901e+06,1.46630156e+08,5.7650656e+07,0.0,0.0,0.0,228063.0,20733.0,1845.0,9.9536896e+07,1.258463232e+09,5664.26,33.0,76275.0,0.0,76274.0,76274.0,1.0,0.0,0.0
2026-05-18 17:55:59,156,2.634245e+06,1.46815032e+08,5.7714894e+07,0.0,0.0,0.0,228353.0,20759.0,1847.0,9.9536896e+07,1.258463232e+09,5671.35,29.0,76372.0,0.0,76372.0,76372.0,1.0,0.0,0.0
2026-05-18 17:56:12,156,2.637709e+06,1.47005258e+08,5.7808595e+07,0.0,0.0,0.0,228656.0,20786.0,1850.0,9.9274752e+07,1.258463232e+09,5679.04,29.0,76474.0,0.0,76473.0,76473.0,1.0,0.0,0.0
2026-05-18 17:56:24,156,2.641123e+06,1.47200869e+08,5.7870126e+07,0.0,0.0,0.0,228947.0,20813.0,1852.0,9.9274752e+07,1.258463232e+09,5686.0199999999995,30.0,76572.0,0.0,76571.0,76571.0,1.0,0.0,0.0
2026-05-18 17:56:36,156,2.644517e+06,1.47391098e+08,5.7961146e+07,0.0,0.0,0.0,229245.0,20840.0,1855.0,9.9274752e+07,1.258463232e+09,5692.84,31.0,76672.0,0.0,76671.0,76671.0,1.0,0.0,0.0
2026-05-18 17:56:48,157,2.648065e+06,1.47583874e+08,5.8025384e+07,0.0,0.0,0.0,229541.0,20867.0,1857.0,9.9405824e+07,1.258463232e+09,5700.240000000001,30.0,76771.0,0.0,76770.0,76770.0,1.0,0.0,0.0
2026-05-18 17:57:00,157,2.651456e+06,1.47776845e+08,5.8086947e+07,0.0,0.0,0.0,229838.0,20894.0,1859.0,9.9405824e+07,1.258463232e+09,5707.53,31.0,76870.0,0.0,76869.0,76869.0,1.0,0.0,0.0
2026-05-18 17:57:12,157,2.65489e+06,1.47964341e+08,5.8180648e+07,0.0,0.0,0.0,230133.0,20921.0,1862.0,9.9405824e+07,1.258463232e+09,5715.34,29.0,76968.0,0.0,76968.0,76968.0,1.0,0.0,0.0
2026-05-18 17:57:24,157,2.658367e+06,1.48154503e+08,5.8242211e+07,0.0,0.0,0.0,230431.0,20948.0,1864.0,9.9405824e+07,1.258463232e+09,5722.41,29.0,77068.0,0.0,77068.0,77068.0,1.0,0.0,0.0
2026-05-18 17:57:36,157,2.661822e+06,1.4834741e+08,5.8333199e+07,0.0,0.0,0.0,230729.0,20975.0,1867.0,9.9405824e+07,1.258463232e+09,5729.8099999999995,29.0,77168.0,0.0,77168.0,77168.0,1.0,0.0,0.0
2026-05-18 17:57:49,158,2.665292e+06,1.48540288e+08,5.8394762e+07,0.0,0.0,0.0,231027.0,21002.0,1869.0,9.9274752e+07,1.258463232e+09,5737.59,30.0,77269.0,0.0,77268.0,77268.0,1.0,0.0,0.0
2026-05-18 17:58:01,158,2.668741e+06,1.48730514e+08,5.8488431e+07,0.0,0.0,0.0,231323.0,21029.0,1872.0,9.9274752e+07,1.258463232e+09,5744.799999999999,30.0,77368.0,0.0,77367.0,77367.0,1.0,0.0,0.0
2026-05-18 17:58:13,158,2.672086e+06,1.48920778e+08,5.8552701e+07,0.0,0.0,0.0,231621.0,21056.0,1874.0,9.9274752e+07,1.258463232e+09,5752.21,29.0,77467.0,0.0,77467.0,77467.0,1.0,0.0,0.0
2026-05-18 17:58:25,158,2.675439e+06,1.49111036e+08,5.8614264e+07,0.0,0.0,0.0,231915.0,21083.0,1876.0,9.914368e+07,1.258463232e+09,5760.0599999999995,35.0,77566.0,0.0,77565.0,77565.0,1.0,0.0,0.0
2026-05-18 17:58:37,158,2.678874e+06,1.49303963e+08,5.8707959e+07,0.0,0.0,0.0,232214.0,21110.0,1879.0,9.914368e+07,1.258463232e+09,5767.51,31.0,77666.0,0.0,77665.0,77665.0,1.0,0.0,0.0
2026-05-18 17:58:49,159,2.682279e+06,1.49494137e+08,5.8772197e+07,0.0,0.0,0.0,232507.0,21137.0,1881.0,9.914368e+07,1.258463232e+09,5774.95,30.0,77764.0,0.0,77763.0,77763.0,1.0,0.0,0.0
2026-05-18 17:59:01,159,2.685629e+06,1.49679048e+08,5.8865898e+07,0.0,0.0,0.0,232802.0,21163.0,1884.0,9.9012608e+07,1.258463232e+09,5783.02,30.0,77862.0,0.0,77861.0,77861.0,1.0,0.0,0.0
2026-05-18 17:59:13,159,2.68918e+06,1.49866471e+08,5.8927461e+07,0.0,0.0,0.0,233096.0,21190.0,1886.0,9.914368e+07,1.258463232e+09,5790.41,30.0,77961.0,0.0,77960.0,77960.0,1.0,0.0,0.0
2026-05-18 17:59:26,159,2.692606e+06,1.50059346e+08,5.8989024e+07,0.0,0.0,0.0,233393.0,21217.0,1888.0,9.914368e+07,1.258463232e+09,5797.59,30.0,78060.0,0.0,78059.0,78059.0,1.0,0.0,0.0
2026-05-18 17:59:38,159,2.696129e+06,1.5024952e+08,5.9080012e+07,0.0,0.0,0.0,233694.0,21244.0,1891.0,9.914368e+07,1.258463232e+09,5805.06,29.0,78160.0,0.0,78160.0,78160.0,1.0,0.0,0.0
2026-05-18 17:59:50,160,2.699456e+06,1.50447841e+08,5.9141607e+07,0.0,0.0,0.0,233992.0,21272.0,1893.0,9.9274752e+07,1.258463232e+09,5812.67,30.0,78260.0,0.0,78259.0,78259.0,1.0,0.0,0.0
2026-05-18 18:00:02,160,2.70296e+06,1.50635273e+08,5.9237983e+07,0.0,0.0,0.0,234290.0,21299.0,1896.0,9.914368e+07,1.258463232e+09,5820.09,31.0,78360.0,0.0,78359.0,78359.0,1.0,0.0,0.0
2026-05-18 18:00:14,160,2.706357e+06,1.50822818e+08,5.9296865e+07,0.0,0.0,0.0,234582.0,21325.0,1898.0,9.9274752e+07,1.258463232e+09,5827.34,29.0,78458.0,0.0,78457.0,78457.0,1.0,0.0,0.0
2026-05-18 18:00:26,160,2.70977e+06,1.51021139e+08,5.9361103e+07,0.0,0.0,0.0,234883.0,21353.0,1900.0,9.9274752e+07,1.258463232e+09,5835.24,30.0,78558.0,0.0,78557.0,78557.0,1.0,0.0,0.0
2026-05-18 18:00:38,160,2.713248e+06,1.51203311e+08,5.9457447e+07,0.0,0.0,0.0,235180.0,21379.0,1903.0,9.9274752e+07,1.258463232e+09,5842.46,29.0,78658.0,0.0,78657.0,78657.0,1.0,0.0,0.0
2026-05-18 18:00:50,161,2.716616e+06,1.51401629e+08,5.9521717e+07,0.0,0.0,0.0,235478.0,21407.0,1905.0,9.9274752e+07,1.258463232e+09,5850.12,30.0,78758.0,0.0,78757.0,78757.0,1.0,0.0,0.0
2026-05-18 18:01:03,161,2.719943e+06,1.51591919e+08,5.9612737e+07,0.0,0.0,0.0,235778.0,21434.0,1908.0,9.9274752e+07,1.258463232e+09,5857.360000000001,31.0,78858.0,0.0,78857.0,78857.0,1.0,0.0,0.0
2026-05-18 18:01:15,161,2.723398e+06,1.51784823e+08,5.9676975e+07,0.0,0.0,0.0,236075.0,21461.0,1910.0,9.9274752e+07,1.258463232e+09,5864.700000000001,29.0,78958.0,0.0,78957.0,78957.0,1.0,0.0,0.0
2026-05-18 18:01:27,161,2.72678e+06,1.51975055e+08,5.9773351e+07,0.0,0.0,0.0,236371.0,21488.0,1913.0,9.9274752e+07,1.258463232e+09,5872.22,31.0,79056.0,0.0,79055.0,79055.0,1.0,0.0,0.0
2026-05-18 18:01:39,161,2.730215e+06,1.52162632e+08,5.9837589e+07,0.0,0.0,0.0,236671.0,21515.0,1915.0,9.9405824e+07,1.258463232e+09,5879.72,31.0,79156.0,0.0,79155.0,79155.0,1.0,0.0,0.0
2026-05-18 18:01:51,162,2.7336e+06,1.52355539e+08,5.9901859e+07,0.0,0.0,0.0,236966.0,21542.0,1917.0,9.9536896e+07,1.258463232e+09,5887.23,29.0,79255.0,0.0,79255.0,79255.0,1.0,0.0,0.0
2026-05-18 18:02:03,162,2.737058e+06,1.5254573e+08,5.9992847e+07,0.0,0.0,0.0,237263.0,21569.0,1920.0,9.9536896e+07,1.258463232e+09,5894.08,30.0,79354.0,0.0,79353.0,79353.0,1.0,0.0,0.0
2026-05-18 18:02:15,162,2.740414e+06,1.52738698e+08,6.005441e+07,0.0,0.0,0.0,237557.0,21596.0,1922.0,9.9536896e+07,1.258463232e+09,5901.59,35.0,79453.0,0.0,79452.0,79452.0,1.0,0.0,0.0
2026-05-18 18:02:27,162,2.743901e+06,1.52928898e+08,6.0150786e+07,0.0,0.0,0.0,237861.0,21623.0,1925.0,9.9536896e+07,1.258463232e+09,5909.29,29.0,79554.0,0.0,79554.0,79554.0,1.0,0.0,0.0
2026-05-18 18:02:39,162,2.747279e+06,1.53116443e+08,6.0215056e+07,0.0,0.0,0.0,238157.0,21650.0,1927.0,9.9536896e+07,1.258463232e+09,5916.33,29.0,79653.0,0.0,79653.0,79653.0,1.0,0.0,0.0
2026-05-18 18:02:52,163,2.750754e+06,1.53311967e+08,6.0276619e+07,0.0,0.0,0.0,238451.0,21677.0,1929.0,9.9405824e+07,1.258463232e+09,5923.4800000000005,29.0,79752.0,0.0,79752.0,79752.0,1.0,0.0,0.0
2026-05-18 18:03:04,163,2.754078e+06,1.53502222e+08,6.0367639e+07,0.0,0.0,0.0,238744.0,21704.0,1932.0,9.9405824e+07,1.258463232e+09,5930.55,35.0,79850.0,0.0,79849.0,79849.0,1.0,0.0,0.0
2026-05-18 18:03:16,163,2.757664e+06,1.53695036e+08,6.0431877e+07,0.0,0.0,0.0,239044.0,21731.0,1934.0,9.9536896e+07,1.258463232e+09,5938.27,30.0,79951.0,0.0,79950.0,79950.0,1.0,0.0,0.0
2026-05-18 18:03:28,163,2.761017e+06,1.53885294e+08,6.049344e+07,0.0,0.0,0.0,239338.0,21758.0,1936.0,9.9405824e+07,1.258463232e+09,5945.39,29.0,80049.0,0.0,80049.0,80049.0,1.0,0.0,0.0
2026-05-18 18:03:40,163,2.764367e+06,1.54067492e+08,6.0587141e+07,0.0,0.0,0.0,239631.0,21784.0,1939.0,9.9274752e+07,1.258463232e+09,5952.76,29.0,80148.0,0.0,80147.0,80147.0,1.0,0.0,0.0
2026-05-18 18:03:52,164,2.767723e+06,1.54257753e+08,6.0651411e+07,0.0,0.0,0.0,239926.0,21811.0,1941.0,9.9405824e+07,1.258463232e+09,5960.37,31.0,80246.0,0.0,80245.0,80245.0,1.0,0.0,0.0
2026-05-18 18:04:04,164,2.771073e+06,1.54447982e+08,6.0742431e+07,0.0,0.0,0.0,240221.0,21838.0,1944.0,9.9405824e+07,1.258463232e+09,5967.87,29.0,80344.0,0.0,80344.0,80344.0,1.0,0.0,0.0
2026-05-18 18:04:16,164,2.774551e+06,1.54640828e+08,6.0806669e+07,0.0,0.0,0.0,240516.0,21865.0,1946.0,9.9405824e+07,1.258463232e+09,5975.08,29.0,80443.0,0.0,80443.0,80443.0,1.0,0.0,0.0
2026-05-18 18:04:28,164,2.778017e+06,1.5482562e+08,6.0870907e+07,0.0,0.0,0.0,240808.0,21891.0,1948.0,9.9274752e+07,1.258463232e+09,5981.7,33.0,80541.0,0.0,80540.0,80540.0,1.0,0.0,0.0
2026-05-18 18:04:40,164,2.781396e+06,1.55013174e+08,6.0964608e+07,0.0,0.0,0.0,241102.0,21918.0,1951.0,9.9274752e+07,1.258463232e+09,5988.860000000001,29.0,80640.0,0.0,80639.0,80639.0,1.0,0.0,0.0
2026-05-18 18:04:52,165,2.784746e+06,1.55198053e+08,6.1026171e+07,0.0,0.0,0.0,241395.0,21944.0,1953.0,9.9274752e+07,1.258463232e+09,5995.73,29.0,80737.0,0.0,80737.0,80737.0,1.0,0.0,0.0
2026-05-18 18:05:04,165,2.788181e+06,1.55388253e+08,6.1117159e+07,0.0,0.0,0.0,241691.0,21971.0,1956.0,9.9274752e+07,1.258463232e+09,6002.849999999999,31.0,80836.0,0.0,80835.0,80835.0,1.0,0.0,0.0
2026-05-18 18:05:16,165,2.791633e+06,1.55586513e+08,6.1178722e+07,0.0,0.0,0.0,241989.0,21999.0,1958.0,9.9274752e+07,1.258463232e+09,6009.759999999999,30.0,80937.0,0.0,80936.0,80936.0,1.0,0.0,0.0
2026-05-18 18:05:28,165,2.79512e+06,1.55776707e+08,6.1272391e+07,0.0,0.0,0.0,242287.0,22026.0,1961.0,9.9274752e+07,1.258463232e+09,6016.900000000001,30.0,81036.0,0.0,81035.0,81035.0,1.0,0.0,0.0
2026-05-18 18:05:40,165,2.79847e+06,1.55967006e+08,6.1336661e+07,0.0,0.0,0.0,242583.0,22053.0,1963.0,9.9274752e+07,1.258463232e+09,6024.04,29.0,81135.0,0.0,81135.0,81135.0,1.0,0.0,0.0
2026-05-18 18:05:52,166,2.801896e+06,1.5615991e+08,6.1398224e+07,0.0,0.0,0.0,242881.0,22080.0,1965.0,9.914368e+07,1.258463232e+09,6031.62,34.0,81236.0,0.0,81235.0,81235.0,1.0,0.0,0.0
2026-05-18 18:06:04,166,2.805377e+06,1.56350116e+08,6.1489212e+07,0.0,0.0,0.0,243180.0,22107.0,1968.0,9.914368e+07,1.258463232e+09,6038.91,30.0,81335.0,0.0,81334.0,81334.0,1.0,0.0,0.0
2026-05-18 18:06:17,166,2.808774e+06,1.56548399e+08,6.1550769e+07,0.0,0.0,0.0,243475.0,22134.0,1970.0,9.9405824e+07,1.258463232e+09,6045.7699999999995,29.0,81435.0,0.0,81434.0,81434.0,1.0,0.0,0.0
2026-05-18 18:06:29,166,2.812104e+06,1.56733368e+08,6.1615007e+07,0.0,0.0,0.0,243771.0,22160.0,1972.0,9.9405824e+07,1.258463232e+09,6052.969999999999,29.0,81533.0,0.0,81533.0,81533.0,1.0,0.0,0.0
2026-05-18 18:06:41,166,2.815471e+06,1.56918224e+08,6.1711383e+07,0.0,0.0,0.0,244066.0,22187.0,1975.0,9.9405824e+07,1.258463232e+09,6060.53,30.0,81632.0,0.0,81631.0,81631.0,1.0,0.0,0.0
2026-05-18 18:06:53,167,2.818911e+06,1.57116478e+08,6.1775653e+07,0.0,0.0,0.0,244365.0,22215.0,1977.0,9.9405824e+07,1.258463232e+09,6068.15,29.0,81731.0,0.0,81731.0,81731.0,1.0,0.0,0.0
2026-05-18 18:07:05,167,2.82234e+06,1.57309379e+08,6.1866641e+07,0.0,0.0,0.0,244663.0,22242.0,1980.0,9.9274752e+07,1.258463232e+09,6075.7300000000005,30.0,81832.0,0.0,81831.0,81831.0,1.0,0.0,0.0
2026-05-18 18:07:17,167,2.825736e+06,1.57499614e+08,6.1928204e+07,0.0,0.0,0.0,244959.0,22269.0,1982.0,9.9274752e+07,1.258463232e+09,6082.85,29.0,81930.0,0.0,81930.0,81930.0,1.0,0.0,0.0
2026-05-18 18:07:29,167,2.829063e+06,1.57689936e+08,6.1989799e+07,0.0,0.0,0.0,245256.0,22296.0,1984.0,9.9274752e+07,1.258463232e+09,6090.42,35.0,82029.0,0.0,82028.0,82028.0,1.0,0.0,0.0
2026-05-18 18:07:41,167,2.832419e+06,1.57880229e+08,6.208885e+07,0.0,0.0,0.0,245555.0,22323.0,1987.0,9.9274752e+07,1.258463232e+09,6098.11,30.0,82130.0,0.0,82129.0,82129.0,1.0,0.0,0.0
2026-05-18 18:07:53,168,2.835804e+06,1.58065111e+08,6.2150413e+07,0.0,0.0,0.0,245848.0,22349.0,1989.0,9.9274752e+07,1.258463232e+09,6105.1900000000005,30.0,82228.0,0.0,82227.0,82227.0,1.0,0.0,0.0
2026-05-18 18:08:05,168,2.839295e+06,1.58255247e+08,6.2241401e+07,0.0,0.0,0.0,246147.0,22376.0,1992.0,9.9274752e+07,1.258463232e+09,6112.99,30.0,82328.0,0.0,82327.0,82327.0,1.0,0.0,0.0
2026-05-18 18:08:17,168,2.842639e+06,1.58450864e+08,6.2305639e+07,0.0,0.0,0.0,246437.0,22403.0,1994.0,9.9405824e+07,1.258463232e+09,6119.98,29.0,82425.0,0.0,82425.0,82425.0,1.0,0.0,0.0
2026-05-18 18:08:29,168,2.846005e+06,1.58643809e+08,6.2367202e+07,0.0,0.0,0.0,246732.0,22430.0,1996.0,9.9405824e+07,1.258463232e+09,6127.589999999999,29.0,82525.0,0.0,82524.0,82524.0,1.0,0.0,0.0
2026-05-18 18:08:41,168,2.84941e+06,1.5883134e+08,6.2460903e+07,0.0,0.0,0.0,247029.0,22457.0,1999.0,9.9274752e+07,1.258463232e+09,6134.839999999999,29.0,82624.0,0.0,82623.0,82623.0,1.0,0.0,0.0
2026-05-18 18:08:53,169,2.852909e+06,1.59021534e+08,6.2522466e+07,0.0,0.0,0.0,247329.0,22484.0,2001.0,9.9274752e+07,1.258463232e+09,6142.31,35.0,82724.0,0.0,82723.0,82723.0,1.0,0.0,0.0
2026-05-18 18:09:06,169,2.85623e+06,1.59211824e+08,6.2613486e+07,0.0,0.0,0.0,247625.0,22511.0,2004.0,9.9405824e+07,1.258463232e+09,6149.400000000001,30.0,82823.0,0.0,82822.0,82822.0,1.0,0.0,0.0
2026-05-18 18:09:18,169,2.859702e+06,1.59401969e+08,6.2677724e+07,0.0,0.0,0.0,247920.0,22538.0,2006.0,9.9536896e+07,1.258463232e+09,6156.59,29.0,82922.0,0.0,82921.0,82921.0,1.0,0.0,0.0
2026-05-18 18:09:30,169,2.863132e+06,1.59592169e+08,6.2771425e+07,0.0,0.0,0.0,248219.0,22565.0,2009.0,9.9536896e+07,1.258463232e+09,6164.0199999999995,29.0,83021.0,0.0,83021.0,83021.0,1.0,0.0,0.0
2026-05-18 18:09:42,170,2.866622e+06,1.59782366e+08,6.2832988e+07,0.0,0.0,0.0,248518.0,22592.0,2011.0,9.9536896e+07,1.258463232e+09,6171.53,29.0,83122.0,0.0,83121.0,83121.0,1.0,0.0,0.0
2026-05-18 18:09:54,170,2.870007e+06,1.59975279e+08,6.2924008e+07,0.0,0.0,0.0,248814.0,22619.0,2014.0,9.9405824e+07,1.258463232e+09,6178.57,30.0,83221.0,0.0,83220.0,83220.0,1.0,0.0,0.0
2026-05-18 18:10:06,170,2.873421e+06,1.60165476e+08,6.2988278e+07,0.0,0.0,0.0,249108.0,22646.0,2016.0,9.9405824e+07,1.258463232e+09,6185.87,29.0,83319.0,0.0,83319.0,83319.0,1.0,0.0,0.0
2026-05-18 18:10:18,170,2.876713e+06,1.60350413e+08,6.3049873e+07,0.0,0.0,0.0,249398.0,22672.0,2018.0,9.9405824e+07,1.258463232e+09,6193.27,30.0,83417.0,0.0,83416.0,83416.0,1.0,0.0,0.0
2026-05-18 18:10:30,170,2.880049e+06,1.60537999e+08,6.3146249e+07,0.0,0.0,0.0,249699.0,22699.0,2021.0,9.9536896e+07,1.258463232e+09,6200.75,33.0,83516.0,0.0,83515.0,83515.0,1.0,0.0,0.0
2026-05-18 18:10:42,171,2.883498e+06,1.60730871e+08,6.3207812e+07,0.0,0.0,0.0,249991.0,22726.0,2023.0,9.9536896e+07,1.258463232e+09,6208.39,30.0,83615.0,0.0,83614.0,83614.0,1.0,0.0,0.0
2026-05-18 18:10:54,171,2.886944e+06,1.60921039e+08,6.3301513e+07,0.0,0.0,0.0,250290.0,22753.0,2026.0,9.9536896e+07,1.258463232e+09,6215.78,30.0,83714.0,0.0,83713.0,83713.0,1.0,0.0,0.0
2026-05-18 18:11:06,171,2.890372e+06,1.61108564e+08,6.3363076e+07,0.0,0.0,0.0,250583.0,22780.0,2028.0,9.9536896e+07,1.258463232e+09,6223.21,30.0,83813.0,0.0,83812.0,83812.0,1.0,0.0,0.0
2026-05-18 18:11:18,171,2.893786e+06,1.61298799e+08,6.3424639e+07,0.0,0.0,0.0,250882.0,22807.0,2030.0,9.9405824e+07,1.258463232e+09,6230.75,33.0,83913.0,0.0,83912.0,83912.0,1.0,0.0,0.0
2026-05-18 18:11:30,171,2.897253e+06,1.61491694e+08,6.3518302e+07,0.0,0.0,0.0,251181.0,22834.0,2033.0,9.9405824e+07,1.258463232e+09,6238.39,35.0,84013.0,0.0,84012.0,84012.0,1.0,0.0,0.0
2026-05-18 18:11:43,172,2.900699e+06,1.61681897e+08,6.358254e+07,0.0,0.0,0.0,251475.0,22861.0,2035.0,9.9274752e+07,1.258463232e+09,6245.97,35.0,84111.0,0.0,84110.0,84110.0,1.0,0.0,0.0
2026-05-18 18:11:54,172,2.904102e+06,1.61872129e+08,6.3676241e+07,0.0,0.0,0.0,251776.0,22888.0,2038.0,9.9405824e+07,1.258463232e+09,6253.47,31.0,84211.0,0.0,84210.0,84210.0,1.0,0.0,0.0
2026-05-18 18:12:07,172,2.907589e+06,1.62062361e+08,6.3737804e+07,0.0,0.0,0.0,252075.0,22915.0,2040.0,9.9536896e+07,1.258463232e+09,6261.1,30.0,84312.0,0.0,84311.0,84311.0,1.0,0.0,0.0
2026-05-18 18:12:19,172,2.911006e+06,1.62255236e+08,6.3828792e+07,0.0,0.0,0.0,252371.0,22942.0,2043.0,9.9667968e+07,1.258463232e+09,6268.370000000001,30.0,84411.0,0.0,84410.0,84410.0,1.0,0.0,0.0
2026-05-18 18:12:31,172,2.914397e+06,1.62445494e+08,6.3890355e+07,0.0,0.0,0.0,252664.0,22969.0,2045.0,9.9667968e+07,1.258463232e+09,6278.04,30.0,84509.0,0.0,84508.0,84508.0,1.0,0.0,0.0
2026-05-18 18:12:43,173,2.917799e+06,1.6263299e+08,6.3951918e+07,0.0,0.0,0.0,252953.0,22995.0,2047.0,9.9667968e+07,1.258463232e+09,6286.709999999999,30.0,84606.0,0.0,84605.0,84605.0,1.0,0.0,0.0
2026-05-18 18:12:56,173,2.921078e+06,1.62823257e+08,6.4045587e+07,0.0,0.0,0.0,253244.0,23022.0,2050.0,9.9667968e+07,1.258463232e+09,6294.82,31.0,84704.0,0.0,84703.0,84703.0,1.0,0.0,0.0
2026-05-18 18:13:08,173,2.924545e+06,1.63013483e+08,6.4109857e+07,0.0,0.0,0.0,253543.0,23049.0,2052.0,9.9536896e+07,1.258463232e+09,6303.82,30.0,84804.0,0.0,84803.0,84803.0,1.0,0.0,0.0
2026-05-18 18:13:20,173,2.927991e+06,1.63208998e+08,6.417142e+07,0.0,0.0,0.0,253837.0,23076.0,2054.0,9.9667968e+07,1.258463232e+09,6312.030000000001,29.0,84903.0,0.0,84902.0,84902.0,1.0,0.0,0.0
2026-05-18 18:13:32,173,2.931455e+06,1.63399207e+08,6.4262408e+07,0.0,0.0,0.0,254135.0,23103.0,2057.0,9.9667968e+07,1.258463232e+09,6320.16,30.0,85002.0,0.0,85001.0,85001.0,1.0,0.0,0.0
2026-05-18 18:13:44,174,2.934837e+06,1.63589436e+08,6.4326678e+07,0.0,0.0,0.0,254430.0,23130.0,2059.0,9.979904e+07,1.258463232e+09,6328.5,33.0,85101.0,0.0,85100.0,85100.0,1.0,0.0,0.0
2026-05-18 18:13:56,174,2.938228e+06,1.63776955e+08,6.4420373e+07,0.0,0.0,0.0,254726.0,23156.0,2062.0,9.9667968e+07,1.258463232e+09,6337.57,30.0,85199.0,0.0,85198.0,85198.0,1.0,0.0,0.0
2026-05-18 18:14:08,174,2.941591e+06,1.63967152e+08,6.4484643e+07,0.0,0.0,0.0,255017.0,23183.0,2064.0,9.9667968e+07,1.258463232e+09,6345.21,29.0,85297.0,0.0,85297.0,85297.0,1.0,0.0,0.0
2026-05-18 18:14:20,174,2.944992e+06,1.64157384e+08,6.4546206e+07,0.0,0.0,0.0,255312.0,23210.0,2066.0,9.9667968e+07,1.258463232e+09,6352.75,29.0,85396.0,0.0,85396.0,85396.0,1.0,0.0,0.0
2026-05-18 18:14:33,174,2.948438e+06,1.64347587e+08,6.4637194e+07,0.0,0.0,0.0,255609.0,23237.0,2069.0,9.9667968e+07,1.258463232e+09,6360.139999999999,29.0,85496.0,0.0,85495.0,85495.0,1.0,0.0,0.0
2026-05-18 18:14:45,175,2.951784e+06,1.64532454e+08,6.4698789e+07,0.0,0.0,0.0,255904.0,23263.0,2071.0,9.9667968e+07,1.258463232e+09,6367.78,30.0,85593.0,0.0,85592.0,85592.0,1.0,0.0,0.0
2026-05-18 18:14:57,175,2.955185e+06,1.64730743e+08,6.4763027e+07,0.0,0.0,0.0,256201.0,23291.0,2073.0,9.9667968e+07,1.258463232e+09,6376.65,35.0,85693.0,0.0,85692.0,85692.0,1.0,0.0,0.0
2026-05-18 18:15:09,175,2.958602e+06,1.64912874e+08,6.4859403e+07,0.0,0.0,0.0,256494.0,23317.0,2076.0,9.9667968e+07,1.258463232e+09,6385.28,29.0,85792.0,0.0,85791.0,85791.0,1.0,0.0,0.0
2026-05-18 18:15:21,175,2.961978e+06,1.65103071e+08,6.4923673e+07,0.0,0.0,0.0,256784.0,23344.0,2078.0,9.9667968e+07,1.258463232e+09,6394.41,29.0,85888.0,0.0,85888.0,85888.0,1.0,0.0,0.0
2026-05-18 18:15:33,175,2.965389e+06,1.65290564e+08,6.5017336e+07,0.0,0.0,0.0,257076.0,23370.0,2081.0,9.979904e+07,1.258463232e+09,6401.83,29.0,85987.0,0.0,85986.0,85986.0,1.0,0.0,0.0
2026-05-18 18:15:45,176,2.968925e+06,1.65478002e+08,6.5078899e+07,0.0,0.0,0.0,257372.0,23397.0,2083.0,9.979904e+07,1.258463232e+09,6409.35,29.0,86085.0,0.0,86085.0,86085.0,1.0,0.0,0.0
2026-05-18 18:15:58,176,2.972278e+06,1.65668254e+08,6.514043e+07,0.0,0.0,0.0,257661.0,23423.0,2085.0,9.979904e+07,1.258463232e+09,6417.0599999999995,29.0,86182.0,0.0,86182.0,86182.0,1.0,0.0,0.0
2026-05-18 18:16:10,176,2.975813e+06,1.65858384e+08,6.5231418e+07,0.0,0.0,0.0,257958.0,23450.0,2088.0,9.979904e+07,1.258463232e+09,6425.4800000000005,30.0,86282.0,0.0,86281.0,86281.0,1.0,0.0,0.0
2026-05-18 18:16:22,176,2.979119e+06,1.66043263e+08,6.5295656e+07,0.0,0.0,0.0,258247.0,23476.0,2090.0,9.979904e+07,1.258463232e+09,6435.65,31.0,86379.0,0.0,86378.0,86378.0,1.0,0.0,0.0
2026-05-18 18:16:35,176,2.98256e+06,1.66241552e+08,6.5389357e+07,0.0,0.0,0.0,258550.0,23504.0,2093.0,9.9930112e+07,1.258463232e+09,6445.280000000001,29.0,86480.0,0.0,86480.0,86480.0,1.0,0.0,0.0
2026-05-18 18:16:47,177,2.985959e+06,1.66429051e+08,6.545092e+07,0.0,0.0,0.0,258841.0,23531.0,2095.0,9.979904e+07,1.258463232e+09,6452.0599999999995,29.0,86578.0,0.0,86577.0,86577.0,1.0,0.0,0.0
2026-05-18 18:16:59,177,2.989379e+06,1.6661393e+08,6.5512483e+07,0.0,0.0,0.0,259136.0,23557.0,2097.0,9.979904e+07,1.258463232e+09,6458.9400000000005,31.0,86677.0,0.0,86676.0,86676.0,1.0,0.0,0.0
2026-05-18 18:17:11,177,2.992776e+06,1.66806857e+08,6.5603471e+07,0.0,0.0,0.0,259431.0,23584.0,2100.0,9.979904e+07,1.258463232e+09,6465.9400000000005,35.0,86775.0,0.0,86774.0,86774.0,1.0,0.0,0.0
2026-05-18 18:17:23,177,2.996152e+06,1.66997092e+08,6.5667709e+07,0.0,0.0,0.0,259723.0,23611.0,2102.0,1.00061184e+08,1.258463232e+09,6473.25,29.0,86873.0,0.0,86873.0,86873.0,1.0,0.0,0.0
2026-05-18 18:17:35,177,2.999569e+06,1.67187324e+08,6.576141e+07,0.0,0.0,0.0,260022.0,23638.0,2105.0,9.9930112e+07,1.258463232e+09,6480.66,29.0,86973.0,0.0,86973.0,86973.0,1.0,0.0,0.0
2026-05-18 18:17:47,178,3.002943e+06,1.6738026e+08,6.5822973e+07,0.0,0.0,0.0,260316.0,23665.0,2107.0,9.979904e+07,1.258463232e+09,6487.280000000001,30.0,87072.0,0.0,87071.0,87071.0,1.0,0.0,0.0
2026-05-18 18:17:59,178,3.006415e+06,1.67575787e+08,6.5887211e+07,0.0,0.0,0.0,260613.0,23692.0,2109.0,9.9930112e+07,1.258463232e+09,6494.75,29.0,87171.0,0.0,87171.0,87171.0,1.0,0.0,0.0
2026-05-18 18:18:11,178,3.009695e+06,1.67760698e+08,6.5983619e+07,0.0,0.0,0.0,260906.0,23718.0,2112.0,9.9930112e+07,1.258463232e+09,6501.87,31.0,87270.0,0.0,87269.0,87269.0,1.0,0.0,0.0
2026-05-18 18:18:23,178,3.013124e+06,1.67948249e+08,6.6047889e+07,0.0,0.0,0.0,261206.0,23745.0,2114.0,9.9930112e+07,1.258463232e+09,6509.52,29.0,87370.0,0.0,87369.0,87369.0,1.0,0.0,0.0
2026-05-18 18:18:35,178,3.016518e+06,1.68146535e+08,6.6112159e+07,0.0,0.0,0.0,261503.0,23773.0,2116.0,9.9667968e+07,1.258463232e+09,6516.82,30.0,87469.0,0.0,87468.0,87468.0,1.0,0.0,0.0
2026-05-18 18:18:47,179,3.019912e+06,1.6833144e+08,6.6205822e+07,0.0,0.0,0.0,261800.0,23799.0,2119.0,9.9667968e+07,1.258463232e+09,6523.71,29.0,87568.0,0.0,87568.0,87568.0,1.0,0.0,0.0
2026-05-18 18:18:59,179,3.023367e+06,1.68529665e+08,6.6270092e+07,0.0,0.0,0.0,262097.0,23827.0,2121.0,9.9667968e+07,1.258463232e+09,6531.35,30.0,87668.0,0.0,87667.0,87667.0,1.0,0.0,0.0
2026-05-18 18:19:11,179,3.026764e+06,1.68717274e+08,6.6331623e+07,0.0,0.0,0.0,262392.0,23853.0,2123.0,9.9536896e+07,1.258463232e+09,6538.2,29.0,87767.0,0.0,87767.0,87767.0,1.0,0.0,0.0
2026-05-18 18:19:23,179,3.030277e+06,1.68910117e+08,6.6422611e+07,0.0,0.0,0.0,262688.0,23880.0,2126.0,9.9667968e+07,1.258463232e+09,6545.42,29.0,87866.0,0.0,87866.0,87866.0,1.0,0.0,0.0
2026-05-18 18:19:35,179,3.033738e+06,1.69100311e+08,6.6486849e+07,0.0,0.0,0.0,262986.0,23907.0,2128.0,9.9667968e+07,1.258463232e+09,6552.91,29.0,87966.0,0.0,87966.0,87966.0,1.0,0.0,0.0
2026-05-18 18:19:48,180,3.037053e+06,1.69293212e+08,6.6583257e+07,0.0,0.0,0.0,263276.0,23934.0,2131.0,9.9667968e+07,1.258463232e+09,6559.870000000001,35.0,88064.0,0.0,88063.0,88063.0,1.0,0.0,0.0
2026-05-18 18:19:59,180,3.040543e+06,1.69483377e+08,6.6642139e+07,0.0,0.0,0.0,263573.0,23961.0,2133.0,9.9667968e+07,1.258463232e+09,6566.969999999999,29.0,88164.0,0.0,88163.0,88163.0,1.0,0.0,0.0
2026-05-18 18:20:12,180,3.044074e+06,1.69676246e+08,6.6706377e+07,0.0,0.0,0.0,263873.0,23988.0,2135.0,9.9667968e+07,1.258463232e+09,6574.46,29.0,88264.0,0.0,88264.0,88264.0,1.0,0.0,0.0
2026-05-18 18:20:24,180,3.047421e+06,1.69866478e+08,6.680546e+07,0.0,0.0,0.0,264169.0,24015.0,2138.0,9.9667968e+07,1.258463232e+09,6581.34,29.0,88363.0,0.0,88363.0,88363.0,1.0,0.0,0.0
2026-05-18 18:20:36,180,3.0508e+06,1.7005671e+08,6.6867023e+07,0.0,0.0,0.0,264462.0,24042.0,2140.0,9.9536896e+07,1.258463232e+09,6588.09,29.0,88461.0,0.0,88461.0,88461.0,1.0,0.0,0.0
2026-05-18 18:20:48,181,3.054287e+06,1.70249585e+08,6.6928586e+07,0.0,0.0,0.0,264759.0,24069.0,2142.0,9.9536896e+07,1.258463232e+09,6595.74,30.0,88561.0,0.0,88561.0,88561.0,1.0,0.0,0.0
2026-05-18 18:21:00,181,3.057684e+06,1.70439843e+08,6.7022281e+07,0.0,0.0,0.0,265058.0,24096.0,2145.0,9.9536896e+07,1.258463232e+09,6603.07,29.0,88662.0,0.0,88661.0,88661.0,1.0,0.0,0.0
2026-05-18 18:21:12,181,3.06106e+06,1.70632741e+08,6.7083876e+07,0.0,0.0,0.0,265353.0,24123.0,2147.0,9.9405824e+07,1.258463232e+09,6609.7,30.0,88760.0,0.0,88759.0,88759.0,1.0,0.0,0.0
2026-05-18 18:21:24,181,3.064349e+06,1.70817678e+08,6.7182959e+07,0.0,0.0,0.0,265646.0,24149.0,2150.0,9.9536896e+07,1.258463232e+09,6616.82,31.0,88859.0,0.0,88858.0,88858.0,1.0,0.0,0.0
2026-05-18 18:21:36,181,3.067824e+06,1.7100518e+08,6.7244522e+07,0.0,0.0,0.0,265943.0,24176.0,2152.0,9.9536896e+07,1.258463232e+09,6624.179999999999,30.0,88958.0,0.0,88957.0,88957.0,1.0,0.0,0.0
2026-05-18 18:21:48,182,3.071223e+06,1.71198046e+08,6.7306085e+07,0.0,0.0,0.0,266236.0,24203.0,2154.0,9.9536896e+07,1.258463232e+09,6631.49,30.0,89056.0,0.0,89055.0,89055.0,1.0,0.0,0.0
2026-05-18 18:22:00,182,3.07463e+06,1.7138831e+08,6.7397073e+07,0.0,0.0,0.0,266535.0,24230.0,2157.0,9.9536896e+07,1.258463232e+09,6638.92,30.0,89156.0,0.0,89155.0,89155.0,1.0,0.0,0.0
2026-05-18 18:22:12,182,3.078041e+06,1.71581185e+08,6.7458636e+07,0.0,0.0,0.0,266828.0,24257.0,2159.0,9.9536896e+07,1.258463232e+09,6646.05,29.0,89254.0,0.0,89254.0,89254.0,1.0,0.0,0.0
2026-05-18 18:22:24,182,3.081356e+06,1.71763418e+08,6.755505e+07,0.0,0.0,0.0,267127.0,24284.0,2162.0,9.9667968e+07,1.258463232e+09,6652.89,33.0,89353.0,0.0,89352.0,89352.0,1.0,0.0,0.0
2026-05-18 18:22:36,182,3.084811e+06,1.7195365e+08,6.7616613e+07,0.0,0.0,0.0,267427.0,24311.0,2164.0,9.9667968e+07,1.258463232e+09,6660.04,35.0,89453.0,0.0,89452.0,89452.0,1.0,0.0,0.0
2026-05-18 18:22:48,183,3.088228e+06,1.72143812e+08,6.7710308e+07,0.0,0.0,0.0,267721.0,24338.0,2167.0,9.9667968e+07,1.258463232e+09,6667.12,31.0,89552.0,0.0,89551.0,89551.0,1.0,0.0,0.0
2026-05-18 18:23:00,183,3.091709e+06,1.72336693e+08,6.7771871e+07,0.0,0.0,0.0,268019.0,24365.0,2169.0,9.9667968e+07,1.258463232e+09,6674.53,35.0,89651.0,0.0,89650.0,89650.0,1.0,0.0,0.0
2026-05-18 18:23:12,183,3.095126e+06,1.72526893e+08,6.7836141e+07,0.0,0.0,0.0,268314.0,24392.0,2171.0,9.9536896e+07,1.258463232e+09,6681.49,29.0,89750.0,0.0,89750.0,89750.0,1.0,0.0,0.0
2026-05-18 18:23:24,183,3.098671e+06,1.7271973e+08,6.7929804e+07,0.0,0.0,0.0,268617.0,24419.0,2174.0,9.9667968e+07,1.258463232e+09,6689.38,29.0,89851.0,0.0,89851.0,89851.0,1.0,0.0,0.0
2026-05-18 18:23:36,183,3.102146e+06,1.72912611e+08,6.7994042e+07,0.0,0.0,0.0,268911.0,24446.0,2176.0,9.9536896e+07,1.258463232e+09,6696.52,29.0,89951.0,0.0,89950.0,89950.0,1.0,0.0,0.0
2026-05-18 18:23:48,184,3.105546e+06,1.73105509e+08,6.8058312e+07,0.0,0.0,0.0,269210.0,24473.0,2178.0,9.9536896e+07,1.258463232e+09,6703.98,29.0,90050.0,0.0,90050.0,90050.0,1.0,0.0,0.0
2026-05-18 18:24:00,184,3.108873e+06,1.73295837e+08,6.8149332e+07,0.0,0.0,0.0,269511.0,24500.0,2181.0,9.9536896e+07,1.258463232e+09,6711.43,35.0,90150.0,0.0,90149.0,90149.0,1.0,0.0,0.0
2026-05-18 18:24:13,184,3.112264e+06,1.73486127e+08,6.821357e+07,0.0,0.0,0.0,269806.0,24527.0,2183.0,9.9536896e+07,1.258463232e+09,6718.63,29.0,90250.0,0.0,90249.0,90249.0,1.0,0.0,0.0
2026-05-18 18:24:25,184,3.115748e+06,1.73681648e+08,6.8309946e+07,0.0,0.0,0.0,270106.0,24555.0,2186.0,9.9667968e+07,1.258463232e+09,6725.73,30.0,90350.0,0.0,90349.0,90349.0,1.0,0.0,0.0
2026-05-18 18:24:37,184,3.119201e+06,1.73874514e+08,6.8371509e+07,0.0,0.0,0.0,270406.0,24582.0,2188.0,9.9667968e+07,1.258463232e+09,6733.15,29.0,90450.0,0.0,90450.0,90450.0,1.0,0.0,0.0
2026-05-18 18:24:49,185,3.122601e+06,1.74064769e+08,6.8462529e+07,0.0,0.0,0.0,270704.0,24609.0,2191.0,9.9405824e+07,1.258463232e+09,6740.42,35.0,90550.0,0.0,90549.0,90549.0,1.0,0.0,0.0
2026-05-18 18:25:01,185,3.126152e+06,1.7425758e+08,6.8526767e+07,0.0,0.0,0.0,271003.0,24636.0,2193.0,9.9405824e+07,1.258463232e+09,6747.63,30.0,90651.0,0.0,90650.0,90650.0,1.0,0.0,0.0
2026-05-18 18:25:13,185,3.129511e+06,1.7445056e+08,6.858833e+07,0.0,0.0,0.0,271301.0,24663.0,2195.0,9.9405824e+07,1.258463232e+09,6754.82,29.0,90750.0,0.0,90750.0,90750.0,1.0,0.0,0.0
2026-05-18 18:25:25,185,3.133021e+06,1.74643406e+08,6.8682031e+07,0.0,0.0,0.0,271601.0,24691.0,2198.0,9.9405824e+07,1.258463232e+09,6762.160000000001,29.0,90851.0,0.0,90850.0,90850.0,1.0,0.0,0.0
2026-05-18 18:25:38,185,3.136441e+06,1.74828253e+08,6.8743594e+07,0.0,0.0,0.0,271896.0,24717.0,2200.0,9.9667968e+07,1.258463232e+09,6768.98,29.0,90949.0,0.0,90949.0,90949.0,1.0,0.0,0.0
2026-05-18 18:25:50,186,3.139886e+06,1.75021148e+08,6.8834582e+07,0.0,0.0,0.0,272195.0,24744.0,2203.0,9.9667968e+07,1.258463232e+09,6776.29,35.0,91049.0,0.0,91048.0,91048.0,1.0,0.0,0.0
2026-05-18 18:26:02,186,3.143143e+06,1.75214215e+08,6.889882e+07,0.0,0.0,0.0,272488.0,24771.0,2205.0,9.9667968e+07,1.258463232e+09,6783.59,30.0,91149.0,0.0,91148.0,91148.0,1.0,0.0,0.0
2026-05-18 18:26:14,186,3.146563e+06,1.75404444e+08,6.8989808e+07,0.0,0.0,0.0,272783.0,24798.0,2208.0,9.9667968e+07,1.258463232e+09,6790.5,31.0,91247.0,0.0,91246.0,91246.0,1.0,0.0,0.0
2026-05-18 18:26:26,186,3.149983e+06,1.75597348e+08,6.9054046e+07,0.0,0.0,0.0,273077.0,24825.0,2210.0,9.9536896e+07,1.258463232e+09,6797.73,30.0,91346.0,0.0,91345.0,91345.0,1.0,0.0,0.0
2026-05-18 18:26:38,186,3.153409e+06,1.75790246e+08,6.9115609e+07,0.0,0.0,0.0,273373.0,24852.0,2212.0,9.9536896e+07,1.258463232e+09,6804.599999999999,29.0,91445.0,0.0,91445.0,91445.0,1.0,0.0,0.0
2026-05-18 18:26:50,187,3.15682e+06,1.75977771e+08,6.9211985e+07,0.0,0.0,0.0,273669.0,24879.0,2215.0,9.9667968e+07,1.258463232e+09,6811.349999999999,29.0,91544.0,0.0,91544.0,91544.0,1.0,0.0,0.0
2026-05-18 18:27:02,187,3.160377e+06,1.76170611e+08,6.9276223e+07,0.0,0.0,0.0,273970.0,24906.0,2217.0,9.9667968e+07,1.258463232e+09,6818.76,35.0,91645.0,0.0,91644.0,91644.0,1.0,0.0,0.0
2026-05-18 18:27:14,187,3.163807e+06,1.76360808e+08,6.9372567e+07,0.0,0.0,0.0,274263.0,24933.0,2220.0,9.9667968e+07,1.258463232e+09,6825.76,30.0,91744.0,0.0,91743.0,91743.0,1.0,0.0,0.0
2026-05-18 18:27:26,187,3.167297e+06,1.76553677e+08,6.943413e+07,0.0,0.0,0.0,274562.0,24960.0,2222.0,9.979904e+07,1.258463232e+09,6832.78,31.0,91844.0,0.0,91843.0,91843.0,1.0,0.0,0.0
2026-05-18 18:27:38,187,3.170653e+06,1.76741254e+08,6.9495661e+07,0.0,0.0,0.0,274853.0,24986.0,2224.0,9.979904e+07,1.258463232e+09,6839.74,29.0,91941.0,0.0,91941.0,91941.0,1.0,0.0,0.0
2026-05-18 18:27:50,188,3.174064e+06,1.76931454e+08,6.9586649e+07,0.0,0.0,0.0,275146.0,25013.0,2227.0,9.979904e+07,1.258463232e+09,6846.17,30.0,92039.0,0.0,92038.0,92038.0,1.0,0.0,0.0
2026-05-18 18:28:02,188,3.177376e+06,1.77116371e+08,6.9650887e+07,0.0,0.0,0.0,275438.0,25039.0,2229.0,9.979904e+07,1.258463232e+09,6852.6900000000005,30.0,92137.0,0.0,92136.0,92136.0,1.0,0.0,0.0
2026-05-18 18:28:14,188,3.1807e+06,1.77309371e+08,6.9715157e+07,0.0,0.0,0.0,275734.0,25066.0,2231.0,9.979904e+07,1.258463232e+09,6859.5,30.0,92237.0,0.0,92236.0,92236.0,1.0,0.0,0.0
2026-05-18 18:28:26,188,3.184292e+06,1.77499498e+08,6.9806113e+07,0.0,0.0,0.0,276034.0,25093.0,2234.0,9.979904e+07,1.258463232e+09,6866.950000000001,29.0,92336.0,0.0,92336.0,92336.0,1.0,0.0,0.0
2026-05-18 18:28:38,188,3.187584e+06,1.77692489e+08,6.9867676e+07,0.0,0.0,0.0,276324.0,25120.0,2236.0,9.979904e+07,1.258463232e+09,6874.16,29.0,92435.0,0.0,92434.0,92434.0,1.0,0.0,0.0
2026-05-18 18:28:50,189,3.190972e+06,1.77885428e+08,6.9931946e+07,0.0,0.0,0.0,276619.0,25147.0,2238.0,9.9667968e+07,1.258463232e+09,6880.900000000001,29.0,92533.0,0.0,92533.0,92533.0,1.0,0.0,0.0
2026-05-18 18:29:02,189,3.194328e+06,1.78064945e+08,7.002829e+07,0.0,0.0,0.0,276913.0,25173.0,2241.0,9.979904e+07,1.258463232e+09,6887.96,29.0,92632.0,0.0,92631.0,92631.0,1.0,0.0,0.0
2026-05-18 18:29:14,189,3.197742e+06,1.78257855e+08,7.0092528e+07,0.0,0.0,0.0,277207.0,25200.0,2243.0,9.979904e+07,1.258463232e+09,6894.93,29.0,92730.0,0.0,92730.0,92730.0,1.0,0.0,0.0
2026-05-18 18:29:26,189,3.201069e+06,1.78448107e+08,7.0183548e+07,0.0,0.0,0.0,277499.0,25227.0,2246.0,9.9667968e+07,1.258463232e+09,6901.9,29.0,92829.0,0.0,92828.0,92828.0,1.0,0.0,0.0
2026-05-18 18:29:38,189,3.204556e+06,1.78640976e+08,7.0247786e+07,0.0,0.0,0.0,277795.0,25254.0,2248.0,9.9536896e+07,1.258463232e+09,6908.9,29.0,92927.0,0.0,92927.0,92927.0,1.0,0.0,0.0
2026-05-18 18:29:50,190,3.207947e+06,1.78825884e+08,7.0309349e+07,0.0,0.0,0.0,278090.0,25280.0,2250.0,9.9536896e+07,1.258463232e+09,6915.87,29.0,93027.0,0.0,93026.0,93026.0,1.0,0.0,0.0
2026-05-18 18:30:02,190,3.211253e+06,1.79018832e+08,7.0405725e+07,0.0,0.0,0.0,278385.0,25307.0,2253.0,9.9536896e+07,1.258463232e+09,6922.95,33.0,93125.0,0.0,93124.0,93124.0,1.0,0.0,0.0
2026-05-18 18:30:14,190,3.214714e+06,1.79209058e+08,7.0467288e+07,0.0,0.0,0.0,278684.0,25334.0,2255.0,9.9536896e+07,1.258463232e+09,6930.38,29.0,93225.0,0.0,93225.0,93225.0,1.0,0.0,0.0
2026-05-18 18:30:27,190,3.21808e+06,1.79404669e+08,7.0558308e+07,0.0,0.0,0.0,278982.0,25362.0,2258.0,9.9536896e+07,1.258463232e+09,6937.26,29.0,93324.0,0.0,93324.0,93324.0,1.0,0.0,0.0
2026-05-18 18:30:38,190,3.221503e+06,1.79592188e+08,7.0622546e+07,0.0,0.0,0.0,279276.0,25388.0,2260.0,9.9667968e+07,1.258463232e+09,6944.0599999999995,29.0,93423.0,0.0,93423.0,93423.0,1.0,0.0,0.0
2026-05-18 18:30:50,191,3.224952e+06,1.7978235e+08,7.0686784e+07,0.0,0.0,0.0,279569.0,25415.0,2262.0,9.9667968e+07,1.258463232e+09,6951.33,30.0,93522.0,0.0,93521.0,93521.0,1.0,0.0,0.0
2026-05-18 18:31:02,191,3.228241e+06,1.79972672e+08,7.0780479e+07,0.0,0.0,0.0,279862.0,25442.0,2265.0,9.9667968e+07,1.258463232e+09,6958.58,30.0,93620.0,0.0,93619.0,93619.0,1.0,0.0,0.0
2026-05-18 18:31:14,191,3.231679e+06,1.80157487e+08,7.0844717e+07,0.0,0.0,0.0,280158.0,25468.0,2267.0,9.9667968e+07,1.258463232e+09,6965.45,29.0,93718.0,0.0,93718.0,93718.0,1.0,0.0,0.0
2026-05-18 18:31:26,191,3.235006e+06,1.80347777e+08,7.0906312e+07,0.0,0.0,0.0,280455.0,25495.0,2269.0,9.979904e+07,1.258463232e+09,6972.5,29.0,93818.0,0.0,93817.0,93817.0,1.0,0.0,0.0
2026-05-18 18:31:38,191,3.238478e+06,1.80543304e+08,7.1002688e+07,0.0,0.0,0.0,280754.0,25523.0,2272.0,9.9667968e+07,1.258463232e+09,6979.89,30.0,93918.0,0.0,93917.0,93917.0,1.0,0.0,0.0
2026-05-18 18:31:50,192,3.241983e+06,1.80736176e+08,7.1064219e+07,0.0,0.0,0.0,281051.0,25550.0,2274.0,9.9667968e+07,1.258463232e+09,6986.82,30.0,94018.0,0.0,94017.0,94017.0,1.0,0.0,0.0
2026-05-18 18:32:02,192,3.245362e+06,1.80921026e+08,7.1157914e+07,0.0,0.0,0.0,281345.0,25576.0,2277.0,9.9667968e+07,1.258463232e+09,6993.61,31.0,94116.0,0.0,94115.0,94115.0,1.0,0.0,0.0
2026-05-18 18:32:15,192,3.248706e+06,1.81111223e+08,7.1222184e+07,0.0,0.0,0.0,281634.0,25603.0,2279.0,9.9667968e+07,1.258463232e+09,7000.38,29.0,94212.0,0.0,94212.0,94212.0,1.0,0.0,0.0
2026-05-18 18:32:26,192,3.252053e+06,1.81298812e+08,7.1283747e+07,0.0,0.0,0.0,281927.0,25629.0,2281.0,9.9536896e+07,1.258463232e+09,7007.64,30.0,94311.0,0.0,94310.0,94310.0,1.0,0.0,0.0
2026-05-18 18:32:38,192,3.255508e+06,1.81489006e+08,7.1374735e+07,0.0,0.0,0.0,282222.0,25656.0,2284.0,9.9536896e+07,1.258463232e+09,7014.799999999999,29.0,94409.0,0.0,94409.0,94409.0,1.0,0.0,0.0
2026-05-18 18:32:50,193,3.258934e+06,1.81681884e+08,7.1436298e+07,0.0,0.0,0.0,282517.0,25683.0,2286.0,9.9536896e+07,1.258463232e+09,7021.530000000001,35.0,94508.0,0.0,94507.0,94507.0,1.0,0.0,0.0
2026-05-18 18:33:02,193,3.262357e+06,1.81874823e+08,7.1497861e+07,0.0,0.0,0.0,282814.0,25710.0,2288.0,9.9405824e+07,1.258463232e+09,7028.5199999999995,30.0,94608.0,0.0,94607.0,94607.0,1.0,0.0,0.0
2026-05-18 18:33:14,193,3.265672e+06,1.82065058e+08,7.1591562e+07,0.0,0.0,0.0,283108.0,25737.0,2291.0,9.9405824e+07,1.258463232e+09,7035.6,35.0,94706.0,0.0,94705.0,94705.0,1.0,0.0,0.0
2026-05-18 18:33:26,193,3.269104e+06,1.82252632e+08,7.1653093e+07,0.0,0.0,0.0,283404.0,25763.0,2293.0,9.9536896e+07,1.258463232e+09,7042.94,29.0,94805.0,0.0,94805.0,94805.0,1.0,0.0,0.0
2026-05-18 18:33:38,193,3.272589e+06,1.82442806e+08,7.1744081e+07,0.0,0.0,0.0,283701.0,25790.0,2296.0,9.9536896e+07,1.258463232e+09,7049.95,29.0,94905.0,0.0,94904.0,94904.0,1.0,0.0,0.0
2026-05-18 18:33:50,194,3.276005e+06,1.82641063e+08,7.1805644e+07,0.0,0.0,0.0,283998.0,25818.0,2298.0,9.9536896e+07,1.258463232e+09,7057.53,31.0,95005.0,0.0,95004.0,95004.0,1.0,0.0,0.0
2026-05-18 18:34:03,194,3.279323e+06,1.82828617e+08,7.1867239e+07,0.0,0.0,0.0,284288.0,25844.0,2300.0,9.9667968e+07,1.258463232e+09,7064.43,29.0,95102.0,0.0,95102.0,95102.0,1.0,0.0,0.0
2026-05-18 18:34:14,194,3.28281e+06,1.83016136e+08,7.1963583e+07,0.0,0.0,0.0,284588.0,25871.0,2303.0,9.9667968e+07,1.258463232e+09,7071.52,29.0,95202.0,0.0,95202.0,95202.0,1.0,0.0,0.0
2026-05-18 18:34:27,194,3.286227e+06,1.83206336e+08,7.2027853e+07,0.0,0.0,0.0,284883.0,25898.0,2305.0,9.979904e+07,1.258463232e+09,7079.17,29.0,95302.0,0.0,95301.0,95301.0,1.0,0.0,0.0
2026-05-18 18:34:38,194,3.289691e+06,1.83399173e+08,7.2118841e+07,0.0,0.0,0.0,285179.0,25925.0,2308.0,9.9930112e+07,1.258463232e+09,7085.99,29.0,95401.0,0.0,95400.0,95400.0,1.0,0.0,0.0
2026-05-18 18:34:51,195,3.293148e+06,1.83589382e+08,7.2180404e+07,0.0,0.0,0.0,285477.0,25952.0,2310.0,9.9930112e+07,1.258463232e+09,7093.51,31.0,95500.0,0.0,95499.0,95499.0,1.0,0.0,0.0
2026-05-18 18:35:03,195,3.296591e+06,1.83779588e+08,7.2274105e+07,0.0,0.0,0.0,285777.0,25979.0,2313.0,9.9930112e+07,1.258463232e+09,7101.17,29.0,95600.0,0.0,95600.0,95600.0,1.0,0.0,0.0
2026-05-18 18:35:15,195,3.300078e+06,1.83969788e+08,7.2335668e+07,0.0,0.0,0.0,286076.0,26006.0,2315.0,9.9930112e+07,1.258463232e+09,7108.05,35.0,95700.0,0.0,95699.0,95699.0,1.0,0.0,0.0
2026-05-18 18:35:27,195,3.303438e+06,1.84162698e+08,7.2426656e+07,0.0,0.0,0.0,286368.0,26033.0,2318.0,9.9930112e+07,1.258463232e+09,7115.01,31.0,95799.0,0.0,95798.0,95798.0,1.0,0.0,0.0
2026-05-18 18:35:39,195,3.306915e+06,1.84352892e+08,7.2488219e+07,0.0,0.0,0.0,286664.0,26060.0,2320.0,9.979904e+07,1.258463232e+09,7121.5199999999995,30.0,95898.0,0.0,95897.0,95897.0,1.0,0.0,0.0
2026-05-18 18:35:51,196,3.31046e+06,1.84543066e+08,7.2549782e+07,0.0,0.0,0.0,286966.0,26087.0,2322.0,9.979904e+07,1.258463232e+09,7129.1900000000005,29.0,95999.0,0.0,95998.0,95998.0,1.0,0.0,0.0
2026-05-18 18:36:03,196,3.313763e+06,1.84733266e+08,7.2643483e+07,0.0,0.0,0.0,287255.0,26114.0,2325.0,9.9930112e+07,1.258463232e+09,7135.97,30.0,96096.0,0.0,96095.0,96095.0,1.0,0.0,0.0
2026-05-18 18:36:15,196,3.317119e+06,1.84923524e+08,7.2702365e+07,0.0,0.0,0.0,287547.0,26140.0,2327.0,9.9930112e+07,1.258463232e+09,7143.06,31.0,96193.0,0.0,96192.0,96192.0,1.0,0.0,0.0
2026-05-18 18:36:27,196,3.320536e+06,1.85116434e+08,7.2766603e+07,0.0,0.0,0.0,287842.0,26167.0,2329.0,1.00061184e+08,1.258463232e+09,7150.200000000001,29.0,96292.0,0.0,96292.0,96292.0,1.0,0.0,0.0
2026-05-18 18:36:39,196,3.323926e+06,1.85306634e+08,7.2860304e+07,0.0,0.0,0.0,288138.0,26194.0,2332.0,1.00061184e+08,1.258463232e+09,7156.8099999999995,31.0,96391.0,0.0,96390.0,96390.0,1.0,0.0,0.0
2026-05-18 18:36:51,197,3.327316e+06,1.85496834e+08,7.2921867e+07,0.0,0.0,0.0,288431.0,26221.0,2334.0,1.00061184e+08,1.258463232e+09,7163.71,29.0,96489.0,0.0,96489.0,96489.0,1.0,0.0,0.0
2026-05-18 18:37:03,197,3.330791e+06,1.8568162e+08,7.3012855e+07,0.0,0.0,0.0,288725.0,26247.0,2337.0,1.00061184e+08,1.258463232e+09,7170.389999999999,29.0,96587.0,0.0,96587.0,96587.0,1.0,0.0,0.0
2026-05-18 18:37:15,197,3.334202e+06,1.8587182e+08,7.3077093e+07,0.0,0.0,0.0,289016.0,26274.0,2339.0,9.9667968e+07,1.258463232e+09,7177.25,30.0,96685.0,0.0,96684.0,96684.0,1.0,0.0,0.0
2026-05-18 18:37:26,197,3.337651e+06,1.86056632e+08,7.3138656e+07,0.0,0.0,0.0,289310.0,26300.0,2341.0,9.9667968e+07,1.258463232e+09,7184.21,30.0,96784.0,0.0,96783.0,96783.0,1.0,0.0,0.0
2026-05-18 18:37:38,197,3.341036e+06,1.86249533e+08,7.3229644e+07,0.0,0.0,0.0,289601.0,26327.0,2344.0,9.9536896e+07,1.258463232e+09,7190.88,30.0,96882.0,0.0,96881.0,96881.0,1.0,0.0,0.0
2026-05-18 18:37:50,198,3.344347e+06,1.86434461e+08,7.3293882e+07,0.0,0.0,0.0,289894.0,26353.0,2346.0,9.9536896e+07,1.258463232e+09,7197.84,31.0,96980.0,0.0,96979.0,96979.0,1.0,0.0,0.0
2026-05-18 18:38:02,198,3.347714e+06,1.866274e+08,7.335812e+07,0.0,0.0,0.0,290188.0,26380.0,2348.0,9.9536896e+07,1.258463232e+09,7204.44,30.0,97079.0,0.0,97078.0,97078.0,1.0,0.0,0.0
2026-05-18 18:38:14,198,3.351186e+06,1.86820252e+08,7.3454496e+07,0.0,0.0,0.0,290488.0,26408.0,2351.0,9.9536896e+07,1.258463232e+09,7211.209999999999,33.0,97178.0,0.0,97177.0,97177.0,1.0,0.0,0.0
2026-05-18 18:38:26,198,3.354606e+06,1.87005128e+08,7.3516059e+07,0.0,0.0,0.0,290783.0,26434.0,2353.0,9.9405824e+07,1.258463232e+09,7218.03,35.0,97277.0,0.0,97276.0,97276.0,1.0,0.0,0.0
2026-05-18 18:38:38,198,3.358002e+06,1.87198038e+08,7.3607047e+07,0.0,0.0,0.0,291079.0,26461.0,2356.0,9.9405824e+07,1.258463232e+09,7225.25,29.0,97376.0,0.0,97376.0,97376.0,1.0,0.0,0.0
2026-05-18 18:38:50,199,3.361457e+06,1.87388238e+08,7.3668642e+07,0.0,0.0,0.0,291377.0,26488.0,2358.0,9.9405824e+07,1.258463232e+09,7233.0,29.0,97476.0,0.0,97476.0,97476.0,1.0,0.0,0.0
2026-05-18 18:39:02,199,3.364906e+06,1.87583788e+08,7.3765018e+07,0.0,0.0,0.0,291677.0,26516.0,2361.0,9.9405824e+07,1.258463232e+09,7240.67,29.0,97576.0,0.0,97576.0,97576.0,1.0,0.0,0.0
2026-05-18 18:39:14,199,3.368284e+06,1.8776865e+08,7.3826581e+07,0.0,0.0,0.0,291970.0,26542.0,2363.0,9.9405824e+07,1.258463232e+09,7247.29,29.0,97674.0,0.0,97674.0,97674.0,1.0,0.0,0.0
2026-05-18 18:39:26,199,3.371599e+06,1.87958908e+08,7.3920282e+07,0.0,0.0,0.0,292259.0,26569.0,2366.0,9.9405824e+07,1.258463232e+09,7253.85,30.0,97772.0,0.0,97771.0,97771.0,1.0,0.0,0.0
2026-05-18 18:39:38,199,3.375051e+06,1.88149111e+08,7.3979164e+07,0.0,0.0,0.0,292558.0,26596.0,2368.0,9.9405824e+07,1.258463232e+09,7261.04,29.0,97872.0,0.0,97871.0,97871.0,1.0,0.0,0.0
2026-05-18 18:39:51,200,3.378538e+06,1.8834198e+08,7.4040695e+07,0.0,0.0,0.0,292854.0,26623.0,2370.0,9.9405824e+07,1.258463232e+09,7267.780000000001,30.0,97970.0,0.0,97969.0,97969.0,1.0,0.0,0.0
2026-05-18 18:40:03,200,3.381882e+06,1.88524213e+08,7.4134364e+07,0.0,0.0,0.0,293145.0,26649.0,2373.0,9.9536896e+07,1.258463232e+09,7274.62,31.0,98068.0,0.0,98067.0,98067.0,1.0,0.0,0.0
2026-05-18 18:40:14,200,3.385229e+06,1.88717117e+08,7.4195927e+07,0.0,0.0,0.0,293437.0,26676.0,2375.0,9.9536896e+07,1.258463232e+09,7281.91,31.0,98165.0,0.0,98164.0,98164.0,1.0,0.0,0.0
2026-05-18 18:40:27,200,3.388643e+06,1.88901964e+08,7.4286915e+07,0.0,0.0,0.0,293731.0,26702.0,2378.0,9.9536896e+07,1.258463232e+09,7289.320000000001,29.0,98264.0,0.0,98263.0,98263.0,1.0,0.0,0.0
2026-05-18 18:40:39,200,3.392041e+06,1.89092161e+08,7.434851e+07,0.0,0.0,0.0,294022.0,26729.0,2380.0,9.9405824e+07,1.258463232e+09,7296.139999999999,33.0,98362.0,0.0,98361.0,98361.0,1.0,0.0,0.0
2026-05-18 18:40:51,201,3.39551e+06,1.8928501e+08,7.4412748e+07,0.0,0.0,0.0,294318.0,26756.0,2382.0,9.9405824e+07,1.258463232e+09,7303.29,30.0,98461.0,0.0,98460.0,98460.0,1.0,0.0,0.0
2026-05-18 18:41:03,201,3.398849e+06,1.89475294e+08,7.4506443e+07,0.0,0.0,0.0,294616.0,26783.0,2385.0,9.9667968e+07,1.258463232e+09,7310.53,29.0,98560.0,0.0,98560.0,98560.0,1.0,0.0,0.0
2026-05-18 18:41:15,201,3.402362e+06,1.89665468e+08,7.4570681e+07,0.0,0.0,0.0,294915.0,26810.0,2387.0,9.9667968e+07,1.258463232e+09,7317.63,29.0,98661.0,0.0,98660.0,98660.0,1.0,0.0,0.0
2026-05-18 18:41:27,201,3.405683e+06,1.89858433e+08,7.4664382e+07,0.0,0.0,0.0,295209.0,26837.0,2390.0,9.9667968e+07,1.258463232e+09,7324.72,29.0,98759.0,0.0,98759.0,98759.0,1.0,0.0,0.0
2026-05-18 18:41:39,201,3.409103e+06,1.9004863e+08,7.4728652e+07,0.0,0.0,0.0,295505.0,26864.0,2392.0,9.9667968e+07,1.258463232e+09,7332.21,35.0,98858.0,0.0,98857.0,98857.0,1.0,0.0,0.0
2026-05-18 18:41:51,202,3.412529e+06,1.90233503e+08,7.4790183e+07,0.0,0.0,0.0,295799.0,26890.0,2394.0,9.9667968e+07,1.258463232e+09,7339.25,30.0,98957.0,0.0,98956.0,98956.0,1.0,0.0,0.0
2026-05-18 18:42:03,202,3.415943e+06,1.90423738e+08,7.4883878e+07,0.0,0.0,0.0,296096.0,26917.0,2397.0,9.9667968e+07,1.258463232e+09,7346.12,30.0,99056.0,0.0,99055.0,99055.0,1.0,0.0,0.0
2026-05-18 18:42:15,202,3.419284e+06,1.90616645e+08,7.4945441e+07,0.0,0.0,0.0,296385.0,26944.0,2399.0,9.9536896e+07,1.258463232e+09,7352.860000000001,29.0,99153.0,0.0,99153.0,99153.0,1.0,0.0,0.0
2026-05-18 18:42:27,202,3.422745e+06,1.9080954e+08,7.5007004e+07,0.0,0.0,0.0,296681.0,26971.0,2401.0,9.9405824e+07,1.258463232e+09,7359.610000000001,30.0,99253.0,0.0,99252.0,99252.0,1.0,0.0,0.0
2026-05-18 18:42:39,202,3.42613e+06,1.90991709e+08,7.5100705e+07,0.0,0.0,0.0,296978.0,26997.0,2404.0,9.9405824e+07,1.258463232e+09,7366.71,29.0,99351.0,0.0,99351.0,99351.0,1.0,0.0,0.0
2026-05-18 18:42:51,203,3.429521e+06,1.91181967e+08,7.5162268e+07,0.0,0.0,0.0,297275.0,27024.0,2406.0,9.9405824e+07,1.258463232e+09,7373.62,33.0,99450.0,0.0,99449.0,99449.0,1.0,0.0,0.0
2026-05-18 18:43:03,203,3.432912e+06,1.91372222e+08,7.5255963e+07,0.0,0.0,0.0,297571.0,27051.0,2409.0,9.9536896e+07,1.258463232e+09,7380.88,29.0,99549.0,0.0,99549.0,99549.0,1.0,0.0,0.0
2026-05-18 18:43:15,203,3.436236e+06,1.91567862e+08,7.5317494e+07,0.0,0.0,0.0,297861.0,27078.0,2411.0,9.9667968e+07,1.258463232e+09,7387.85,29.0,99647.0,0.0,99647.0,99647.0,1.0,0.0,0.0
2026-05-18 18:43:27,203,3.439618e+06,1.91752741e+08,7.5379057e+07,0.0,0.0,0.0,298154.0,27104.0,2413.0,9.9667968e+07,1.258463232e+09,7394.61,29.0,99745.0,0.0,99745.0,99745.0,1.0,0.0,0.0
2026-05-18 18:43:39,203,3.442988e+06,1.9194837e+08,7.5475433e+07,0.0,0.0,0.0,298452.0,27132.0,2416.0,9.9536896e+07,1.258463232e+09,7401.400000000001,29.0,99845.0,0.0,99845.0,99845.0,1.0,0.0,0.0
2026-05-18 18:43:51,204,3.44635e+06,1.92133275e+08,7.5539703e+07,0.0,0.0,0.0,298748.0,27158.0,2418.0,9.9667968e+07,1.258463232e+09,7408.21,29.0,99944.0,0.0,99944.0,99944.0,1.0,0.0,0.0
2026-05-18 18:44:03,204,3.449869e+06,1.9232879e+08,7.5598585e+07,0.0,0.0,0.0,299043.0,27185.0,2420.0,9.9667968e+07,1.258463232e+09,7415.25,29.0,100044.0,0.0,100043.0,100043.0,1.0,0.0,0.0
2026-05-18 18:44:15,204,3.453283e+06,1.92516315e+08,7.5697604e+07,0.0,0.0,0.0,299339.0,27212.0,2423.0,9.9667968e+07,1.258463232e+09,7422.49,29.0,100142.0,0.0,100142.0,100142.0,1.0,0.0,0.0
2026-05-18 18:44:27,204,3.456653e+06,1.92709263e+08,7.5759167e+07,0.0,0.0,0.0,299631.0,27239.0,2425.0,9.9667968e+07,1.258463232e+09,7429.53,29.0,100241.0,0.0,100240.0,100240.0,1.0,0.0,0.0
2026-05-18 18:44:39,204,3.460152e+06,1.92899419e+08,7.5850155e+07,0.0,0.0,0.0,299928.0,27266.0,2428.0,9.9667968e+07,1.258463232e+09,7436.7300000000005,35.0,100340.0,0.0,100339.0,100339.0,1.0,0.0,0.0
2026-05-18 18:44:51,205,3.463665e+06,1.93092236e+08,7.5914393e+07,0.0,0.0,0.0,300227.0,27293.0,2430.0,9.9667968e+07,1.258463232e+09,7444.47,31.0,100441.0,0.0,100440.0,100440.0,1.0,0.0,0.0
2026-05-18 18:45:04,205,3.46705e+06,1.93282494e+08,7.6008094e+07,0.0,0.0,0.0,300522.0,27320.0,2433.0,9.9667968e+07,1.258463232e+09,7451.570000000001,29.0,100539.0,0.0,100539.0,100539.0,1.0,0.0,0.0
2026-05-18 18:45:16,205,3.470502e+06,1.9347543e+08,7.6069625e+07,0.0,0.0,0.0,300819.0,27347.0,2435.0,9.9667968e+07,1.258463232e+09,7458.28,29.0,100638.0,0.0,100638.0,100638.0,1.0,0.0,0.0
2026-05-18 18:45:28,205,3.473979e+06,1.93665592e+08,7.6131188e+07,0.0,0.0,0.0,301117.0,27374.0,2437.0,9.9667968e+07,1.258463232e+09,7465.46,35.0,100738.0,0.0,100737.0,100737.0,1.0,0.0,0.0
2026-05-18 18:45:40,205,3.477364e+06,1.93850468e+08,7.6222176e+07,0.0,0.0,0.0,301411.0,27400.0,2440.0,9.9667968e+07,1.258463232e+09,7472.5,29.0,100836.0,0.0,100836.0,100836.0,1.0,0.0,0.0
2026-05-18 18:45:52,206,3.480874e+06,1.94040607e+08,7.6283739e+07,0.0,0.0,0.0,301707.0,27427.0,2442.0,9.9667968e+07,1.258463232e+09,7479.74,30.0,100936.0,0.0,100935.0,100935.0,1.0,0.0,0.0
2026-05-18 18:46:04,206,3.484265e+06,1.94233508e+08,7.6377434e+07,0.0,0.0,0.0,302002.0,27454.0,2445.0,9.9667968e+07,1.258463232e+09,7486.6900000000005,30.0,101035.0,0.0,101034.0,101034.0,1.0,0.0,0.0
2026-05-18 18:46:16,206,3.487691e+06,1.94423737e+08,7.6441704e+07,0.0,0.0,0.0,302299.0,27481.0,2447.0,9.9667968e+07,1.258463232e+09,7493.469999999999,30.0,101134.0,0.0,101133.0,101133.0,1.0,0.0,0.0
2026-05-18 18:46:28,206,3.491127e+06,1.94616609e+08,7.6503267e+07,0.0,0.0,0.0,302595.0,27508.0,2449.0,9.9667968e+07,1.258463232e+09,7500.58,29.0,101233.0,0.0,101233.0,101233.0,1.0,0.0,0.0
2026-05-18 18:46:40,206,3.494541e+06,1.94804163e+08,7.6599643e+07,0.0,0.0,0.0,302891.0,27535.0,2452.0,9.9667968e+07,1.258463232e+09,7507.96,34.0,101333.0,0.0,101332.0,101332.0,1.0,0.0,0.0
2026-05-18 18:46:52,207,3.497935e+06,1.9499709e+08,7.6661174e+07,0.0,0.0,0.0,303185.0,27562.0,2454.0,9.979904e+07,1.258463232e+09,7515.0,29.0,101431.0,0.0,101431.0,101431.0,1.0,0.0,0.0
2026-05-18 18:47:04,207,3.501425e+06,1.9518729e+08,7.6752162e+07,0.0,0.0,0.0,303485.0,27589.0,2457.0,9.979904e+07,1.258463232e+09,7522.719999999999,35.0,101531.0,0.0,101530.0,101530.0,1.0,0.0,0.0
2026-05-18 18:47:16,207,3.50488e+06,1.95380197e+08,7.68164e+07,0.0,0.0,0.0,303784.0,27616.0,2459.0,9.979904e+07,1.258463232e+09,7529.8099999999995,29.0,101631.0,0.0,101631.0,101631.0,1.0,0.0,0.0
2026-05-18 18:47:28,207,3.508309e+06,1.95570423e+08,7.688067e+07,0.0,0.0,0.0,304082.0,27643.0,2461.0,9.979904e+07,1.258463232e+09,7537.1,29.0,101731.0,0.0,101731.0,101731.0,1.0,0.0,0.0
2026-05-18 18:47:40,207,3.511697e+06,1.95763327e+08,7.697169e+07,0.0,0.0,0.0,304377.0,27670.0,2464.0,9.979904e+07,1.258463232e+09,7544.15,29.0,101831.0,0.0,101830.0,101830.0,1.0,0.0,0.0
2026-05-18 18:47:53,208,3.515172e+06,1.95953501e+08,7.7035928e+07,0.0,0.0,0.0,304672.0,27697.0,2466.0,9.9667968e+07,1.258463232e+09,7551.09,29.0,101929.0,0.0,101929.0,101929.0,1.0,0.0,0.0
2026-05-18 18:48:05,208,3.518591e+06,1.96143701e+08,7.7129629e+07,0.0,0.0,0.0,304972.0,27724.0,2469.0,9.9667968e+07,1.258463232e+09,7557.82,29.0,102030.0,0.0,102029.0,102029.0,1.0,0.0,0.0
2026-05-18 18:48:17,208,3.522043e+06,1.96333898e+08,7.7191192e+07,0.0,0.0,0.0,305267.0,27751.0,2471.0,9.9667968e+07,1.258463232e+09,7564.71,29.0,102128.0,0.0,102128.0,102128.0,1.0,0.0,0.0
2026-05-18 18:48:29,208,3.525492e+06,1.96526773e+08,7.728218e+07,0.0,0.0,0.0,305562.0,27778.0,2474.0,9.979904e+07,1.258463232e+09,7571.639999999999,30.0,102227.0,0.0,102226.0,102226.0,1.0,0.0,0.0
2026-05-18 18:48:41,208,3.528915e+06,1.96716967e+08,7.734645e+07,0.0,0.0,0.0,305859.0,27805.0,2476.0,9.979904e+07,1.258463232e+09,7578.759999999999,30.0,102327.0,0.0,102326.0,102326.0,1.0,0.0,0.0
2026-05-18 18:48:53,209,3.532332e+06,1.96909874e+08,7.741072e+07,0.0,0.0,0.0,306154.0,27832.0,2478.0,9.9930112e+07,1.258463232e+09,7585.469999999999,29.0,102425.0,0.0,102425.0,102425.0,1.0,0.0,0.0
2026-05-18 18:49:05,209,3.535799e+06,1.97102769e+08,7.7501676e+07,0.0,0.0,0.0,306452.0,27859.0,2481.0,9.979904e+07,1.258463232e+09,7593.0,29.0,102525.0,0.0,102525.0,102525.0,1.0,0.0,0.0
2026-05-18 18:49:17,209,3.539215e+06,1.97295705e+08,7.7563271e+07,0.0,0.0,0.0,306752.0,27886.0,2483.0,9.9667968e+07,1.258463232e+09,7600.49,29.0,102627.0,0.0,102626.0,102626.0,1.0,0.0,0.0
2026-05-18 18:49:29,209,3.542652e+06,1.97485879e+08,7.7627509e+07,0.0,0.0,0.0,307045.0,27913.0,2485.0,9.9667968e+07,1.258463232e+09,7607.53,31.0,102724.0,0.0,102723.0,102723.0,1.0,0.0,0.0
2026-05-18 18:49:41,209,3.546113e+06,1.97673386e+08,7.772114e+07,0.0,0.0,0.0,307339.0,27939.0,2488.0,9.979904e+07,1.258463232e+09,7614.01,29.0,102822.0,0.0,102822.0,102822.0,1.0,0.0,0.0
2026-05-18 18:49:53,210,3.549626e+06,1.97874292e+08,7.7782703e+07,0.0,0.0,0.0,307637.0,27967.0,2490.0,9.979904e+07,1.258463232e+09,7621.31,29.0,102922.0,0.0,102922.0,102922.0,1.0,0.0,0.0
2026-05-18 18:50:05,210,3.553017e+06,1.98061843e+08,7.7846941e+07,0.0,0.0,0.0,307931.0,27993.0,2492.0,9.979904e+07,1.258463232e+09,7628.450000000001,30.0,103022.0,0.0,103021.0,103021.0,1.0,0.0,0.0
2026-05-18 18:50:17,210,3.556484e+06,1.98252031e+08,7.7940636e+07,0.0,0.0,0.0,308231.0,28020.0,2495.0,9.979904e+07,1.258463232e+09,7636.0,29.0,103121.0,0.0,103121.0,103121.0,1.0,0.0,0.0
2026-05-18 18:50:29,210,3.559898e+06,1.98447616e+08,7.8004874e+07,0.0,0.0,0.0,308524.0,28047.0,2497.0,9.979904e+07,1.258463232e+09,7643.01,31.0,103221.0,0.0,103220.0,103220.0,1.0,0.0,0.0
2026-05-18 18:50:41,210,3.563338e+06,1.98637825e+08,7.8066437e+07,0.0,0.0,0.0,308819.0,28074.0,2499.0,9.979904e+07,1.258463232e+09,7649.89,29.0,103319.0,0.0,103319.0,103319.0,1.0,0.0,0.0
2026-05-18 18:50:53,211,3.566784e+06,1.98828028e+08,7.81601e+07,0.0,0.0,0.0,309116.0,28101.0,2502.0,9.9667968e+07,1.258463232e+09,7656.89,30.0,103419.0,0.0,103418.0,103418.0,1.0,0.0,0.0
2026-05-18 18:51:05,211,3.570245e+06,1.99023581e+08,7.8224338e+07,0.0,0.0,0.0,309414.0,28128.0,2504.0,9.9667968e+07,1.258463232e+09,7664.19,29.0,103518.0,0.0,103518.0,103518.0,1.0,0.0,0.0
2026-05-18 18:51:18,211,3.57377e+06,1.99221806e+08,7.8315326e+07,0.0,0.0,0.0,309716.0,28156.0,2507.0,9.9667968e+07,1.258463232e+09,7671.860000000001,30.0,103620.0,0.0,103619.0,103619.0,1.0,0.0,0.0
2026-05-18 18:51:30,211,3.57735e+06,1.99414588e+08,7.8379564e+07,0.0,0.0,0.0,310014.0,28183.0,2509.0,9.9667968e+07,1.258463232e+09,7679.07,29.0,103719.0,0.0,103719.0,103719.0,1.0,0.0,0.0
2026-05-18 18:51:42,212,3.580709e+06,1.99596815e+08,7.8441159e+07,0.0,0.0,0.0,310309.0,28209.0,2511.0,9.9667968e+07,1.258463232e+09,7686.28,29.0,103817.0,0.0,103817.0,103817.0,1.0,0.0,0.0
2026-05-18 18:51:54,212,3.584027e+06,1.99787044e+08,7.8540242e+07,0.0,0.0,0.0,310604.0,28236.0,2514.0,9.9667968e+07,1.258463232e+09,7693.2699999999995,29.0,103917.0,0.0,103916.0,103916.0,1.0,0.0,0.0
2026-05-18 18:52:06,212,3.587549e+06,1.99979875e+08,7.8599124e+07,0.0,0.0,0.0,310903.0,28263.0,2516.0,9.9667968e+07,1.258463232e+09,7700.5599999999995,29.0,104016.0,0.0,104016.0,104016.0,1.0,0.0,0.0
2026-05-18 18:52:18,212,3.590969e+06,2.00172779e+08,7.8663362e+07,0.0,0.0,0.0,311197.0,28290.0,2518.0,9.9667968e+07,1.258463232e+09,7707.469999999999,29.0,104115.0,0.0,104115.0,104115.0,1.0,0.0,0.0
2026-05-18 18:52:30,212,3.594453e+06,2.0036295e+08,7.8757057e+07,0.0,0.0,0.0,311495.0,28317.0,2521.0,9.9536896e+07,1.258463232e+09,7714.53,30.0,104215.0,0.0,104214.0,104214.0,1.0,0.0,0.0
2026-05-18 18:52:42,213,3.59787e+06,2.00555886e+08,7.8821295e+07,0.0,0.0,0.0,311792.0,28344.0,2523.0,9.9536896e+07,1.258463232e+09,7721.79,29.0,104315.0,0.0,104314.0,104314.0,1.0,0.0,0.0
2026-05-18 18:52:54,213,3.601252e+06,2.00748793e+08,7.8914964e+07,0.0,0.0,0.0,312086.0,28371.0,2526.0,9.9667968e+07,1.258463232e+09,7728.9800000000005,30.0,104413.0,0.0,104412.0,104412.0,1.0,0.0,0.0
2026-05-18 18:53:06,213,3.604652e+06,2.0093901e+08,7.8979234e+07,0.0,0.0,0.0,312382.0,28398.0,2528.0,9.9667968e+07,1.258463232e+09,7736.200000000001,29.0,104512.0,0.0,104512.0,104512.0,1.0,0.0,0.0
2026-05-18 18:53:18,213,3.608121e+06,2.01131859e+08,7.9040797e+07,0.0,0.0,0.0,312675.0,28425.0,2530.0,9.9667968e+07,1.258463232e+09,7743.12,29.0,104610.0,0.0,104610.0,104610.0,1.0,0.0,0.0
2026-05-18 18:53:30,213,3.611518e+06,2.01322085e+08,7.9131817e+07,0.0,0.0,0.0,312974.0,28452.0,2533.0,9.979904e+07,1.258463232e+09,7750.400000000001,35.0,104710.0,0.0,104709.0,104709.0,1.0,0.0,0.0
2026-05-18 18:53:42,214,3.614964e+06,2.01514963e+08,7.9196055e+07,0.0,0.0,0.0,313271.0,28479.0,2535.0,9.979904e+07,1.258463232e+09,7757.620000000001,31.0,104809.0,0.0,104808.0,104808.0,1.0,0.0,0.0
2026-05-18 18:53:54,214,3.618346e+06,2.01699842e+08,7.9257618e+07,0.0,0.0,0.0,313563.0,28505.0,2537.0,9.979904e+07,1.258463232e+09,7764.88,29.0,104907.0,0.0,104907.0,104907.0,1.0,0.0,0.0
2026-05-18 18:54:06,214,3.621757e+06,2.01887329e+08,7.9353994e+07,0.0,0.0,0.0,313855.0,28532.0,2540.0,9.979904e+07,1.258463232e+09,7771.98,29.0,105005.0,0.0,105005.0,105005.0,1.0,0.0,0.0
2026-05-18 18:54:18,214,3.625317e+06,2.0208285e+08,7.9412876e+07,0.0,0.0,0.0,314157.0,28559.0,2542.0,9.979904e+07,1.258463232e+09,7779.530000000001,29.0,105107.0,0.0,105106.0,105106.0,1.0,0.0,0.0
2026-05-18 18:54:30,214,3.628702e+06,2.02273076e+08,7.9511927e+07,0.0,0.0,0.0,314452.0,28586.0,2545.0,9.979904e+07,1.258463232e+09,7786.48,29.0,105205.0,0.0,105205.0,105205.0,1.0,0.0,0.0
2026-05-18 18:54:42,215,3.632125e+06,2.02463334e+08,7.9573458e+07,0.0,0.0,0.0,314747.0,28613.0,2547.0,9.979904e+07,1.258463232e+09,7793.48,30.0,105305.0,0.0,105304.0,105304.0,1.0,0.0,0.0
2026-05-18 18:54:54,215,3.63551e+06,2.02648178e+08,7.9637728e+07,0.0,0.0,0.0,315040.0,28639.0,2549.0,9.979904e+07,1.258463232e+09,7800.26,31.0,105403.0,0.0,105402.0,105402.0,1.0,0.0,0.0
2026-05-18 18:55:06,215,3.63902e+06,2.02838349e+08,7.9731391e+07,0.0,0.0,0.0,315337.0,28666.0,2552.0,9.979904e+07,1.258463232e+09,7807.370000000001,30.0,105502.0,0.0,105501.0,105501.0,1.0,0.0,0.0
2026-05-18 18:55:18,215,3.642431e+06,2.0303123e+08,7.9795629e+07,0.0,0.0,0.0,315631.0,28693.0,2554.0,9.979904e+07,1.258463232e+09,7814.450000000001,29.0,105600.0,0.0,105600.0,105600.0,1.0,0.0,0.0
2026-05-18 18:55:30,215,3.645869e+06,2.0322951e+08,7.9859899e+07,0.0,0.0,0.0,315931.0,28721.0,2556.0,9.9667968e+07,1.258463232e+09,7821.26,29.0,105701.0,0.0,105701.0,105701.0,1.0,0.0,0.0
2026-05-18 18:55:43,216,3.64933e+06,2.03417023e+08,7.9950855e+07,0.0,0.0,0.0,316227.0,28747.0,2559.0,9.9667968e+07,1.258463232e+09,7827.89,35.0,105800.0,0.0,105799.0,105799.0,1.0,0.0,0.0
2026-05-18 18:55:55,216,3.652756e+06,2.03607258e+08,8.0012418e+07,0.0,0.0,0.0,316523.0,28774.0,2561.0,9.979904e+07,1.258463232e+09,7835.2,31.0,105899.0,0.0,105898.0,105898.0,1.0,0.0,0.0
2026-05-18 18:56:07,216,3.656083e+06,2.03797542e+08,8.0108826e+07,0.0,0.0,0.0,316822.0,28801.0,2564.0,9.979904e+07,1.258463232e+09,7842.41,29.0,105999.0,0.0,105998.0,105998.0,1.0,0.0,0.0
2026-05-18 18:56:19,216,3.659424e+06,2.03985143e+08,8.0170389e+07,0.0,0.0,0.0,317117.0,28828.0,2566.0,9.9930112e+07,1.258463232e+09,7849.599999999999,29.0,106098.0,0.0,106097.0,106097.0,1.0,0.0,0.0
2026-05-18 18:56:31,216,3.662818e+06,2.04178073e+08,8.0231952e+07,0.0,0.0,0.0,317410.0,28855.0,2568.0,9.9930112e+07,1.258463232e+09,7856.42,31.0,106197.0,0.0,106196.0,106196.0,1.0,0.0,0.0
2026-05-18 18:56:43,217,3.666264e+06,2.04368238e+08,8.0325615e+07,0.0,0.0,0.0,317704.0,28882.0,2571.0,9.979904e+07,1.258463232e+09,7863.610000000001,29.0,106294.0,0.0,106294.0,106294.0,1.0,0.0,0.0
2026-05-18 18:56:55,217,3.669629e+06,2.04561203e+08,8.038721e+07,0.0,0.0,0.0,318003.0,28909.0,2573.0,9.979904e+07,1.258463232e+09,7870.610000000001,30.0,106395.0,0.0,106394.0,106394.0,1.0,0.0,0.0
2026-05-18 18:57:07,217,3.673014e+06,2.04751429e+08,8.0486261e+07,0.0,0.0,0.0,318298.0,28936.0,2576.0,9.9667968e+07,1.258463232e+09,7877.75,35.0,106493.0,0.0,106492.0,106492.0,1.0,0.0,0.0
2026-05-18 18:57:19,217,3.676498e+06,2.04938957e+08,8.0547824e+07,0.0,0.0,0.0,318598.0,28963.0,2578.0,9.9667968e+07,1.258463232e+09,7885.01,29.0,106593.0,0.0,106593.0,106593.0,1.0,0.0,0.0
2026-05-18 18:57:31,217,3.679892e+06,2.05131864e+08,8.0609387e+07,0.0,0.0,0.0,318892.0,28990.0,2580.0,9.9667968e+07,1.258463232e+09,7892.389999999999,29.0,106693.0,0.0,106692.0,106692.0,1.0,0.0,0.0
2026-05-18 18:57:43,218,3.683341e+06,2.05322032e+08,8.0703082e+07,0.0,0.0,0.0,319189.0,29017.0,2583.0,9.9667968e+07,1.258463232e+09,7899.360000000001,35.0,106791.0,0.0,106790.0,106790.0,1.0,0.0,0.0
2026-05-18 18:57:55,218,3.68684e+06,2.05514933e+08,8.076732e+07,0.0,0.0,0.0,319490.0,29044.0,2585.0,9.9667968e+07,1.258463232e+09,7906.429999999999,29.0,106893.0,0.0,106892.0,106892.0,1.0,0.0,0.0
2026-05-18 18:58:08,218,3.690231e+06,2.05710535e+08,8.0831558e+07,0.0,0.0,0.0,319782.0,29071.0,2587.0,9.9667968e+07,1.258463232e+09,7913.37,29.0,106990.0,0.0,106990.0,106990.0,1.0,0.0,0.0
2026-05-18 18:58:20,218,3.693613e+06,2.05895411e+08,8.0922546e+07,0.0,0.0,0.0,320074.0,29097.0,2590.0,1.00585472e+08,1.259515904e+09,7920.63,30.0,107089.0,0.0,107088.0,107088.0,1.0,0.0,0.0
2026-05-18 18:58:32,218,3.697059e+06,2.06085585e+08,8.0986784e+07,0.0,0.0,0.0,320369.0,29124.0,2592.0,1.00716544e+08,1.259515904e+09,7927.4400000000005,31.0,107188.0,0.0,107187.0,107187.0,1.0,0.0,0.0
2026-05-18 18:58:44,219,3.700486e+06,2.06275753e+08,8.1080485e+07,0.0,0.0,0.0,320665.0,29151.0,2595.0,1.00585472e+08,1.259515904e+09,7934.660000000001,30.0,107287.0,0.0,107286.0,107286.0,1.0,0.0,0.0
2026-05-18 18:58:56,219,3.703906e+06,2.06466017e+08,8.1142048e+07,0.0,0.0,0.0,320963.0,29178.0,2597.0,1.00585472e+08,1.259515904e+09,7941.7699999999995,30.0,107386.0,0.0,107385.0,107385.0,1.0,0.0,0.0
2026-05-18 18:59:08,219,3.707297e+06,2.06656278e+08,8.1206286e+07,0.0,0.0,0.0,321259.0,29205.0,2599.0,1.004544e+08,1.259515904e+09,7948.65,30.0,107485.0,0.0,107484.0,107484.0,1.0,0.0,0.0
2026-05-18 18:59:20,219,3.710682e+06,2.06849185e+08,8.1299981e+07,0.0,0.0,0.0,321556.0,29232.0,2602.0,1.004544e+08,1.259515904e+09,7956.26,29.0,107584.0,0.0,107584.0,107584.0,1.0,0.0,0.0
2026-05-18 18:59:32,219,3.714233e+06,2.07039353e+08,8.1361544e+07,0.0,0.0,0.0,321855.0,29259.0,2604.0,1.004544e+08,1.259515904e+09,7963.51,29.0,107684.0,0.0,107684.0,107684.0,1.0,0.0,0.0
2026-05-18 18:59:44,220,3.717603e+06,2.07226849e+08,8.1455245e+07,0.0,0.0,0.0,322149.0,29286.0,2607.0,1.004544e+08,1.259515904e+09,7970.219999999999,29.0,107782.0,0.0,107782.0,107782.0,1.0,0.0,0.0
2026-05-18 18:59:56,220,3.721055e+06,2.07419721e+08,8.1516808e+07,0.0,0.0,0.0,322444.0,29313.0,2609.0,1.004544e+08,1.259515904e+09,7977.139999999999,29.0,107881.0,0.0,107881.0,107881.0,1.0,0.0,0.0
2026-05-18 19:00:08,220,3.724463e+06,2.07601893e+08,8.1610509e+07,0.0,0.0,0.0,322740.0,29339.0,2612.0,1.004544e+08,1.259515904e+09,7983.990000000001,29.0,107979.0,0.0,107979.0,107979.0,1.0,0.0,0.0
2026-05-18 19:00:20,220,3.72781e+06,2.0778945e+08,8.1672072e+07,0.0,0.0,0.0,323033.0,29366.0,2614.0,1.00585472e+08,1.259515904e+09,7990.66,30.0,108078.0,0.0,108077.0,108077.0,1.0,0.0,0.0
2026-05-18 19:00:32,220,3.731288e+06,2.07984997e+08,8.1733603e+07,0.0,0.0,0.0,323325.0,29393.0,2616.0,1.00585472e+08,1.259515904e+09,7997.31,35.0,108176.0,0.0,108175.0,108175.0,1.0,0.0,0.0
2026-05-18 19:00:44,221,3.734711e+06,2.08175197e+08,8.1827298e+07,0.0,0.0,0.0,323624.0,29420.0,2619.0,1.00585472e+08,1.259515904e+09,8004.389999999999,30.0,108276.0,0.0,108275.0,108275.0,1.0,0.0,0.0
2026-05-18 19:00:56,221,3.738124e+06,2.08365455e+08,8.1888861e+07,0.0,0.0,0.0,323922.0,29447.0,2621.0,1.00716544e+08,1.259515904e+09,8011.549999999999,29.0,108375.0,0.0,108375.0,108375.0,1.0,0.0,0.0
2026-05-18 19:01:08,221,3.741488e+06,2.08555696e+08,8.1982562e+07,0.0,0.0,0.0,324216.0,29474.0,2624.0,1.00716544e+08,1.259515904e+09,8018.56,31.0,108474.0,0.0,108473.0,108473.0,1.0,0.0,0.0
2026-05-18 19:01:20,221,3.744956e+06,2.08745899e+08,8.2044125e+07,0.0,0.0,0.0,324516.0,29501.0,2626.0,1.00585472e+08,1.259515904e+09,8025.73,29.0,108574.0,0.0,108574.0,108574.0,1.0,0.0,0.0
2026-05-18 19:01:32,221,3.748449e+06,2.08938768e+08,8.2108363e+07,0.0,0.0,0.0,324813.0,29528.0,2628.0,1.00585472e+08,1.259515904e+09,8033.16,30.0,108674.0,0.0,108673.0,108673.0,1.0,0.0,0.0
2026-05-18 19:01:44,222,3.751922e+06,2.09128968e+08,8.2199351e+07,0.0,0.0,0.0,325114.0,29555.0,2631.0,1.00585472e+08,1.259515904e+09,8040.46,29.0,108775.0,0.0,108774.0,108774.0,1.0,0.0,0.0
2026-05-18 19:01:57,222,3.755461e+06,2.09321782e+08,8.2260914e+07,0.0,0.0,0.0,325410.0,29582.0,2633.0,1.00716544e+08,1.259515904e+09,8047.07,29.0,108873.0,0.0,108873.0,108873.0,1.0,0.0,0.0
2026-05-18 19:02:09,222,3.758777e+06,2.09509336e+08,8.2354615e+07,0.0,0.0,0.0,325706.0,29609.0,2636.0,1.00716544e+08,1.259515904e+09,8054.09,29.0,108972.0,0.0,108972.0,108972.0,1.0,0.0,0.0
2026-05-18 19:02:21,222,3.762235e+06,2.09699565e+08,8.2416178e+07,0.0,0.0,0.0,326007.0,29636.0,2638.0,1.00716544e+08,1.259515904e+09,8061.01,29.0,109072.0,0.0,109072.0,109072.0,1.0,0.0,0.0
2026-05-18 19:02:33,222,3.765699e+06,2.09897819e+08,8.2509873e+07,0.0,0.0,0.0,326308.0,29664.0,2641.0,1.00716544e+08,1.259515904e+09,8068.26,29.0,109173.0,0.0,109173.0,109173.0,1.0,0.0,0.0
2026-05-18 19:02:45,223,3.769136e+06,2.10090706e+08,8.2574111e+07,0.0,0.0,0.0,326603.0,29691.0,2643.0,1.00585472e+08,1.259515904e+09,8075.53,29.0,109272.0,0.0,109272.0,109272.0,1.0,0.0,0.0
2026-05-18 19:02:57,223,3.772626e+06,2.10280903e+08,8.2638349e+07,0.0,0.0,0.0,326900.0,29718.0,2645.0,1.00585472e+08,1.259515904e+09,8082.85,29.0,109373.0,0.0,109372.0,109372.0,1.0,0.0,0.0
2026-05-18 19:03:09,223,3.776174e+06,2.10473711e+08,8.2732012e+07,0.0,0.0,0.0,327197.0,29745.0,2648.0,1.00585472e+08,1.259515904e+09,8090.02,29.0,109471.0,0.0,109471.0,109471.0,1.0,0.0,0.0
2026-05-18 19:03:21,223,3.779524e+06,2.10661227e+08,8.2793575e+07,0.0,0.0,0.0,327485.0,29771.0,2650.0,1.00585472e+08,1.259515904e+09,8096.389999999999,30.0,109569.0,0.0,109568.0,109568.0,1.0,0.0,0.0
2026-05-18 19:03:33,223,3.782903e+06,2.10846109e+08,8.2855138e+07,0.0,0.0,0.0,327778.0,29797.0,2652.0,1.00585472e+08,1.259515904e+09,8103.969999999999,31.0,109666.0,0.0,109665.0,109665.0,1.0,0.0,0.0
2026-05-18 19:03:45,224,3.78632e+06,2.11041691e+08,8.2954189e+07,0.0,0.0,0.0,328076.0,29825.0,2655.0,1.00585472e+08,1.259515904e+09,8110.76,29.0,109767.0,0.0,109766.0,109766.0,1.0,0.0,0.0
2026-05-18 19:03:58,224,3.789787e+06,2.11231926e+08,8.3015752e+07,0.0,0.0,0.0,328377.0,29852.0,2657.0,1.00585472e+08,1.259515904e+09,8118.27,29.0,109867.0,0.0,109867.0,109867.0,1.0,0.0,0.0
2026-05-18 19:04:10,224,3.79314e+06,2.11424865e+08,8.3109447e+07,0.0,0.0,0.0,328673.0,29879.0,2660.0,1.00716544e+08,1.259515904e+09,8125.459999999999,29.0,109966.0,0.0,109966.0,109966.0,1.0,0.0,0.0
2026-05-18 19:04:22,224,3.796614e+06,2.11612387e+08,8.317101e+07,0.0,0.0,0.0,328975.0,29906.0,2662.0,1.00716544e+08,1.259515904e+09,8133.06,29.0,110066.0,0.0,110066.0,110066.0,1.0,0.0,0.0
2026-05-18 19:04:34,224,3.799999e+06,2.11805288e+08,8.3235248e+07,0.0,0.0,0.0,329265.0,29933.0,2664.0,1.00978688e+08,1.259515904e+09,8140.04,30.0,110164.0,0.0,110163.0,110163.0,1.0,0.0,0.0
2026-05-18 19:04:46,225,3.803468e+06,2.11998154e+08,8.3328911e+07,0.0,0.0,0.0,329562.0,29960.0,2667.0,1.00978688e+08,1.259515904e+09,8146.88,30.0,110264.0,0.0,110263.0,110263.0,1.0,0.0,0.0
2026-05-18 19:04:58,225,3.806904e+06,2.12191052e+08,8.3390442e+07,0.0,0.0,0.0,329857.0,29987.0,2669.0,1.00847616e+08,1.259515904e+09,8153.820000000001,29.0,110362.0,0.0,110362.0,110362.0,1.0,0.0,0.0
2026-05-18 19:05:10,225,3.810336e+06,2.12383918e+08,8.348685e+07,0.0,0.0,0.0,330156.0,30014.0,2672.0,1.00847616e+08,1.259515904e+09,8161.139999999999,35.0,110463.0,0.0,110462.0,110462.0,1.0,0.0,0.0
2026-05-18 19:05:23,225,3.813852e+06,2.12574121e+08,8.3548381e+07,0.0,0.0,0.0,330455.0,30041.0,2674.0,1.00847616e+08,1.259515904e+09,8168.2300000000005,29.0,110563.0,0.0,110563.0,110563.0,1.0,0.0,0.0
2026-05-18 19:05:35,225,3.817262e+06,2.12764344e+08,8.3612651e+07,0.0,0.0,0.0,330752.0,30068.0,2676.0,1.00847616e+08,1.259515904e+09,8175.450000000001,30.0,110663.0,0.0,110662.0,110662.0,1.0,0.0,0.0
2026-05-18 19:05:47,226,3.820603e+06,2.12957289e+08,8.3703639e+07,0.0,0.0,0.0,331046.0,30095.0,2679.0,1.00847616e+08,1.259515904e+09,8182.76,35.0,110761.0,0.0,110760.0,110760.0,1.0,0.0,0.0
2026-05-18 19:05:59,226,3.824026e+06,2.13147547e+08,8.3765202e+07,0.0,0.0,0.0,331342.0,30122.0,2681.0,1.00978688e+08,1.259515904e+09,8189.7300000000005,31.0,110861.0,0.0,110860.0,110860.0,1.0,0.0,0.0
2026-05-18 19:06:11,226,3.827499e+06,2.13340387e+08,8.382944e+07,0.0,0.0,0.0,331639.0,30149.0,2683.0,1.00847616e+08,1.259515904e+09,8197.15,35.0,110960.0,0.0,110959.0,110959.0,1.0,0.0,0.0
2026-05-18 19:06:23,226,3.830843e+06,2.13525272e+08,8.3925816e+07,0.0,0.0,0.0,331935.0,30175.0,2686.0,1.00716544e+08,1.259515904e+09,8204.17,30.0,111059.0,0.0,111058.0,111058.0,1.0,0.0,0.0
2026-05-18 19:06:35,226,3.83419e+06,2.13718243e+08,8.3987379e+07,0.0,0.0,0.0,332226.0,30202.0,2688.0,1.00716544e+08,1.259515904e+09,8211.15,29.0,111157.0,0.0,111157.0,111157.0,1.0,0.0,0.0
2026-05-18 19:06:47,227,3.837692e+06,2.13911135e+08,8.4078335e+07,0.0,0.0,0.0,332525.0,30229.0,2691.0,1.00716544e+08,1.259515904e+09,8218.3,29.0,111258.0,0.0,111257.0,111257.0,1.0,0.0,0.0
2026-05-18 19:06:59,227,3.84113e+06,2.14104007e+08,8.4139898e+07,0.0,0.0,0.0,332820.0,30256.0,2693.0,1.00716544e+08,1.259515904e+09,8225.44,29.0,111356.0,0.0,111356.0,111356.0,1.0,0.0,0.0
2026-05-18 19:07:12,227,3.844663e+06,2.14294123e+08,8.4204136e+07,0.0,0.0,0.0,333115.0,30283.0,2695.0,1.00585472e+08,1.259515904e+09,8232.25,29.0,111456.0,0.0,111455.0,111455.0,1.0,0.0,0.0
2026-05-18 19:07:24,227,3.847955e+06,2.14479025e+08,8.4297831e+07,0.0,0.0,0.0,333405.0,30309.0,2698.0,1.00585472e+08,1.259515904e+09,8239.15,31.0,111553.0,0.0,111552.0,111552.0,1.0,0.0,0.0
2026-05-18 19:07:35,227,3.851404e+06,2.14671935e+08,8.4362069e+07,0.0,0.0,0.0,333702.0,30336.0,2700.0,1.00716544e+08,1.259515904e+09,8246.35,30.0,111652.0,0.0,111651.0,111651.0,1.0,0.0,0.0
2026-05-18 19:07:48,228,3.85471e+06,2.14864877e+08,8.4423632e+07,0.0,0.0,0.0,333993.0,30363.0,2702.0,1.00716544e+08,1.259515904e+09,8253.11,29.0,111749.0,0.0,111749.0,111749.0,1.0,0.0,0.0
2026-05-18 19:07:59,228,3.858124e+06,2.15049692e+08,8.4517327e+07,0.0,0.0,0.0,334287.0,30389.0,2705.0,1.00847616e+08,1.259515904e+09,8260.02,31.0,111848.0,0.0,111847.0,111847.0,1.0,0.0,0.0
2026-05-18 19:08:11,228,3.861588e+06,2.15247946e+08,8.4581597e+07,0.0,0.0,0.0,334588.0,30417.0,2707.0,1.00716544e+08,1.259515904e+09,8267.57,29.0,111948.0,0.0,111948.0,111948.0,1.0,0.0,0.0
2026-05-18 19:08:24,228,3.86497e+06,2.15432825e+08,8.4672585e+07,0.0,0.0,0.0,334880.0,30443.0,2710.0,1.00716544e+08,1.259515904e+09,8274.25,30.0,112046.0,0.0,112045.0,112045.0,1.0,0.0,0.0
2026-05-18 19:08:35,228,3.868489e+06,2.156257e+08,8.4734148e+07,0.0,0.0,0.0,335180.0,30470.0,2712.0,1.00716544e+08,1.259515904e+09,8281.75,31.0,112146.0,0.0,112145.0,112145.0,1.0,0.0,0.0
2026-05-18 19:08:48,229,3.8719e+06,2.15818505e+08,8.4795711e+07,0.0,0.0,0.0,335468.0,30497.0,2714.0,1.00716544e+08,1.259515904e+09,8288.69,29.0,112243.0,0.0,112243.0,112243.0,1.0,0.0,0.0
2026-05-18 19:09:00,229,3.875314e+06,2.16006027e+08,8.4889412e+07,0.0,0.0,0.0,335765.0,30524.0,2717.0,1.00716544e+08,1.259515904e+09,8295.49,29.0,112343.0,0.0,112342.0,112342.0,1.0,0.0,0.0
2026-05-18 19:09:12,229,3.878798e+06,2.16190874e+08,8.4950975e+07,0.0,0.0,0.0,336061.0,30550.0,2719.0,1.00847616e+08,1.259515904e+09,8302.43,29.0,112442.0,0.0,112441.0,112441.0,1.0,0.0,0.0
2026-05-18 19:09:24,229,3.882285e+06,2.16381042e+08,8.5041963e+07,0.0,0.0,0.0,336358.0,30577.0,2722.0,1.00716544e+08,1.259515904e+09,8309.16,30.0,112541.0,0.0,112540.0,112540.0,1.0,0.0,0.0
2026-05-18 19:09:36,229,3.88562e+06,2.16573975e+08,8.5103526e+07,0.0,0.0,0.0,336650.0,30604.0,2724.0,1.00847616e+08,1.259515904e+09,8316.439999999999,29.0,112640.0,0.0,112639.0,112639.0,1.0,0.0,0.0
2026-05-18 19:09:48,230,3.889072e+06,2.16766844e+08,8.5167764e+07,0.0,0.0,0.0,336945.0,30631.0,2726.0,1.00847616e+08,1.259515904e+09,8323.17,29.0,112738.0,0.0,112738.0,112738.0,1.0,0.0,0.0
2026-05-18 19:10:00,230,3.892291e+06,2.16951819e+08,8.5261459e+07,0.0,0.0,0.0,337236.0,30657.0,2729.0,1.00847616e+08,1.259515904e+09,8330.08,29.0,112836.0,0.0,112835.0,112835.0,1.0,0.0,0.0
2026-05-18 19:10:12,230,3.895586e+06,2.17144848e+08,8.5325697e+07,0.0,0.0,0.0,337529.0,30684.0,2731.0,1.00847616e+08,1.259515904e+09,8337.53,35.0,112934.0,0.0,112933.0,112933.0,1.0,0.0,0.0
2026-05-18 19:10:24,230,3.899047e+06,2.17337743e+08,8.5389903e+07,0.0,0.0,0.0,337824.0,30711.0,2733.0,1.00847616e+08,1.259515904e+09,8344.58,29.0,113033.0,0.0,113033.0,113033.0,1.0,0.0,0.0
2026-05-18 19:10:36,230,3.902583e+06,2.17525175e+08,8.5483604e+07,0.0,0.0,0.0,338122.0,30738.0,2736.0,1.00847616e+08,1.259515904e+09,8351.64,29.0,113132.0,0.0,113132.0,113132.0,1.0,0.0,0.0
2026-05-18 19:10:48,231,3.90607e+06,2.17718012e+08,8.5545135e+07,0.0,0.0,0.0,338416.0,30765.0,2738.0,1.00716544e+08,1.259515904e+09,8358.63,29.0,113231.0,0.0,113231.0,113231.0,1.0,0.0,0.0
2026-05-18 19:11:00,231,3.909432e+06,2.17908267e+08,8.563883e+07,0.0,0.0,0.0,338712.0,30792.0,2741.0,1.00716544e+08,1.259515904e+09,8365.42,29.0,113330.0,0.0,113330.0,113330.0,1.0,0.0,0.0
2026-05-18 19:11:12,231,3.91287e+06,2.18101223e+08,8.5700393e+07,0.0,0.0,0.0,339010.0,30819.0,2743.0,1.00585472e+08,1.259515904e+09,8372.710000000001,29.0,113430.0,0.0,113430.0,113430.0,1.0,0.0,0.0
2026-05-18 19:11:24,231,3.916264e+06,2.18294127e+08,8.5764663e+07,0.0,0.0,0.0,339306.0,30846.0,2745.0,1.00585472e+08,1.259515904e+09,8379.77,30.0,113530.0,0.0,113529.0,113529.0,1.0,0.0,0.0
2026-05-18 19:11:36,231,3.919652e+06,2.18476331e+08,8.5858358e+07,0.0,0.0,0.0,339603.0,30872.0,2748.0,1.004544e+08,1.259515904e+09,8386.89,30.0,113629.0,0.0,113628.0,113628.0,1.0,0.0,0.0
2026-05-18 19:11:48,232,3.923005e+06,2.18669264e+08,8.5922596e+07,0.0,0.0,0.0,339895.0,30899.0,2750.0,1.00585472e+08,1.259515904e+09,8393.89,29.0,113727.0,0.0,113727.0,113727.0,1.0,0.0,0.0
2026-05-18 19:12:00,232,3.926492e+06,2.18862168e+08,8.5986834e+07,0.0,0.0,0.0,340194.0,30926.0,2752.0,1.00585472e+08,1.259515904e+09,8400.800000000001,29.0,113827.0,0.0,113827.0,113827.0,1.0,0.0,0.0
2026-05-18 19:12:12,232,3.929918e+06,2.19049722e+08,8.608321e+07,0.0,0.0,0.0,340494.0,30953.0,2755.0,1.00585472e+08,1.259515904e+09,8408.68,31.0,113928.0,0.0,113927.0,113927.0,1.0,0.0,0.0
2026-05-18 19:12:24,232,3.933236e+06,2.19242655e+08,8.6147448e+07,0.0,0.0,0.0,340784.0,30980.0,2757.0,1.00716544e+08,1.259515904e+09,8415.7,29.0,114025.0,0.0,114025.0,114025.0,1.0,0.0,0.0
2026-05-18 19:12:36,232,3.936641e+06,2.19432861e+08,8.6238436e+07,0.0,0.0,0.0,341077.0,31007.0,2760.0,1.00716544e+08,1.259515904e+09,8422.6,30.0,114124.0,0.0,114123.0,114123.0,1.0,0.0,0.0
2026-05-18 19:12:48,233,3.940119e+06,2.19617644e+08,8.6302674e+07,0.0,0.0,0.0,341369.0,31033.0,2762.0,1.00847616e+08,1.259515904e+09,8429.15,29.0,114221.0,0.0,114221.0,114221.0,1.0,0.0,0.0
2026-05-18 19:13:00,233,3.943612e+06,2.19810545e+08,8.6366912e+07,0.0,0.0,0.0,341667.0,31060.0,2764.0,1.00847616e+08,1.259515904e+09,8436.619999999999,29.0,114322.0,0.0,114321.0,114321.0,1.0,0.0,0.0
2026-05-18 19:13:12,233,3.947012e+06,2.200008e+08,8.6460607e+07,0.0,0.0,0.0,341967.0,31087.0,2767.0,1.00847616e+08,1.259515904e+09,8443.66,29.0,114421.0,0.0,114421.0,114421.0,1.0,0.0,0.0
2026-05-18 19:13:24,233,3.950365e+06,2.20193701e+08,8.652217e+07,0.0,0.0,0.0,342257.0,31114.0,2769.0,1.00847616e+08,1.259515904e+09,8450.300000000001,31.0,114520.0,0.0,114519.0,114519.0,1.0,0.0,0.0
2026-05-18 19:13:36,233,3.953878e+06,2.20383875e+08,8.6586408e+07,0.0,0.0,0.0,342556.0,31141.0,2771.0,1.00847616e+08,1.259515904e+09,8457.27,29.0,114619.0,0.0,114619.0,114619.0,1.0,0.0,0.0
2026-05-18 19:13:48,234,3.957225e+06,2.20574139e+08,8.6680109e+07,0.0,0.0,0.0,342851.0,31168.0,2774.0,1.00847616e+08,1.259515904e+09,8463.91,30.0,114718.0,0.0,114717.0,114717.0,1.0,0.0,0.0
2026-05-18 19:14:01,234,3.96061e+06,2.20764403e+08,8.6741672e+07,0.0,0.0,0.0,343149.0,31195.0,2776.0,1.00847616e+08,1.259515904e+09,8470.92,29.0,114817.0,0.0,114817.0,114817.0,1.0,0.0,0.0
2026-05-18 19:14:13,234,3.964027e+06,2.20954603e+08,8.6835367e+07,0.0,0.0,0.0,343446.0,31222.0,2779.0,1.00978688e+08,1.259515904e+09,8477.88,29.0,114917.0,0.0,114916.0,114916.0,1.0,0.0,0.0
2026-05-18 19:14:25,234,3.967418e+06,2.21144832e+08,8.689693e+07,0.0,0.0,0.0,343739.0,31249.0,2781.0,1.00847616e+08,1.259515904e+09,8484.98,30.0,115015.0,0.0,115014.0,115014.0,1.0,0.0,0.0
2026-05-18 19:14:37,234,3.970835e+06,2.21335032e+08,8.698795e+07,0.0,0.0,0.0,344036.0,31276.0,2784.0,1.00978688e+08,1.259515904e+09,8491.39,29.0,115113.0,0.0,115113.0,115113.0,1.0,0.0,0.0
2026-05-18 19:14:49,235,3.974191e+06,2.21522586e+08,8.705222e+07,0.0,0.0,0.0,344330.0,31302.0,2786.0,1.00978688e+08,1.259515904e+09,8497.67,29.0,115212.0,0.0,115212.0,115212.0,1.0,0.0,0.0
2026-05-18 19:15:01,235,3.977553e+06,2.21712783e+08,8.7116458e+07,0.0,0.0,0.0,344619.0,31329.0,2788.0,1.00978688e+08,1.259515904e+09,8504.34,30.0,115310.0,0.0,115309.0,115309.0,1.0,0.0,0.0
2026-05-18 19:15:13,235,3.980941e+06,2.21897656e+08,8.7212866e+07,0.0,0.0,0.0,344916.0,31355.0,2791.0,1.00847616e+08,1.259515904e+09,8511.4,29.0,115409.0,0.0,115408.0,115408.0,1.0,0.0,0.0
2026-05-18 19:15:25,235,3.984367e+06,2.22095942e+08,8.7274397e+07,0.0,0.0,0.0,345213.0,31383.0,2793.0,1.00847616e+08,1.259515904e+09,8518.2,31.0,115508.0,0.0,115507.0,115507.0,1.0,0.0,0.0
2026-05-18 19:15:37,235,3.9878e+06,2.22288849e+08,8.733596e+07,0.0,0.0,0.0,345510.0,31410.0,2795.0,1.00847616e+08,1.259515904e+09,8525.5,29.0,115608.0,0.0,115608.0,115608.0,1.0,0.0,0.0
2026-05-18 19:15:49,236,3.991252e+06,2.22473658e+08,8.7429623e+07,0.0,0.0,0.0,345803.0,31436.0,2798.0,1.00847616e+08,1.259515904e+09,8532.039999999999,29.0,115706.0,0.0,115706.0,115706.0,1.0,0.0,0.0
2026-05-18 19:16:01,236,3.99471e+06,2.22666559e+08,8.7491218e+07,0.0,0.0,0.0,346101.0,31463.0,2800.0,1.00847616e+08,1.259515904e+09,8539.470000000001,29.0,115806.0,0.0,115806.0,115806.0,1.0,0.0,0.0
2026-05-18 19:16:13,236,3.998057e+06,2.22856756e+08,8.7587594e+07,0.0,0.0,0.0,346392.0,31490.0,2803.0,1.00716544e+08,1.259515904e+09,8546.11,29.0,115904.0,0.0,115904.0,115904.0,1.0,0.0,0.0
2026-05-18 19:16:25,236,4.001506e+06,2.23049663e+08,8.7649157e+07,0.0,0.0,0.0,346689.0,31517.0,2805.0,1.00585472e+08,1.259515904e+09,8553.04,29.0,116003.0,0.0,116003.0,116003.0,1.0,0.0,0.0
2026-05-18 19:16:37,236,4.004935e+06,2.23239889e+08,8.771072e+07,0.0,0.0,0.0,346986.0,31544.0,2807.0,1.00716544e+08,1.259515904e+09,8560.32,29.0,116103.0,0.0,116103.0,116103.0,1.0,0.0,0.0
2026-05-18 19:16:49,237,4.008352e+06,2.2342744e+08,8.7804421e+07,0.0,0.0,0.0,347285.0,31571.0,2810.0,1.00716544e+08,1.259515904e+09,8566.98,29.0,116203.0,0.0,116202.0,116202.0,1.0,0.0,0.0
2026-05-18 19:17:01,237,4.011769e+06,2.2361764e+08,8.7865984e+07,0.0,0.0,0.0,347580.0,31598.0,2812.0,1.00585472e+08,1.259515904e+09,8573.91,30.0,116301.0,0.0,116300.0,116300.0,1.0,0.0,0.0
2026-05-18 19:17:13,237,4.015145e+06,2.23805194e+08,8.7930228e+07,0.0,0.0,0.0,347874.0,31624.0,2814.0,1.00716544e+08,1.259515904e+09,8580.47,29.0,116400.0,0.0,116399.0,116399.0,1.0,0.0,0.0
2026-05-18 19:17:25,237,4.01853e+06,2.23998095e+08,8.8021216e+07,0.0,0.0,0.0,348165.0,31651.0,2817.0,1.00847616e+08,1.259515904e+09,8587.7,30.0,116498.0,0.0,116497.0,116497.0,1.0,0.0,0.0
2026-05-18 19:17:37,237,4.022073e+06,2.24188225e+08,8.8085454e+07,0.0,0.0,0.0,348465.0,31678.0,2819.0,1.00716544e+08,1.259515904e+09,8594.789999999999,29.0,116597.0,0.0,116597.0,116597.0,1.0,0.0,0.0
2026-05-18 19:17:49,238,4.025429e+06,2.2437848e+08,8.8179149e+07,0.0,0.0,0.0,348758.0,31705.0,2822.0,1.00716544e+08,1.259515904e+09,8601.43,29.0,116696.0,0.0,116695.0,116695.0,1.0,0.0,0.0
2026-05-18 19:18:01,238,4.028887e+06,2.24571352e+08,8.8240712e+07,0.0,0.0,0.0,349056.0,31732.0,2824.0,1.00716544e+08,1.259515904e+09,8608.65,29.0,116796.0,0.0,116795.0,116795.0,1.0,0.0,0.0
2026-05-18 19:18:13,238,4.032216e+06,2.24758938e+08,8.8334413e+07,0.0,0.0,0.0,349354.0,31759.0,2827.0,1.00716544e+08,1.259515904e+09,8615.36,29.0,116894.0,0.0,116894.0,116894.0,1.0,0.0,0.0
2026-05-18 19:18:25,238,4.03554e+06,2.24949231e+08,8.8398683e+07,0.0,0.0,0.0,349650.0,31786.0,2829.0,1.00847616e+08,1.259515904e+09,8622.41,31.0,116993.0,0.0,116992.0,116992.0,1.0,0.0,0.0
2026-05-18 19:18:37,238,4.039039e+06,2.25142097e+08,8.8457565e+07,0.0,0.0,0.0,349946.0,31813.0,2831.0,1.00847616e+08,1.259515904e+09,8629.49,30.0,117093.0,0.0,117092.0,117092.0,1.0,0.0,0.0
2026-05-18 19:18:49,239,4.042434e+06,2.25329619e+08,8.8553941e+07,0.0,0.0,0.0,350245.0,31840.0,2834.0,1.00847616e+08,1.259515904e+09,8636.41,30.0,117192.0,0.0,117191.0,117191.0,1.0,0.0,0.0
2026-05-18 19:19:01,239,4.045841e+06,2.25519845e+08,8.8615504e+07,0.0,0.0,0.0,350542.0,31867.0,2836.0,1.00847616e+08,1.259515904e+09,8643.3,31.0,117291.0,0.0,117290.0,117290.0,1.0,0.0,0.0
2026-05-18 19:19:13,239,4.049299e+06,2.25710016e+08,8.8709205e+07,0.0,0.0,0.0,350839.0,31894.0,2839.0,1.00847616e+08,1.259515904e+09,8650.779999999999,30.0,117391.0,0.0,117390.0,117390.0,1.0,0.0,0.0
2026-05-18 19:19:25,239,4.052719e+06,2.25900245e+08,8.8770768e+07,0.0,0.0,0.0,351139.0,31921.0,2841.0,1.00847616e+08,1.259515904e+09,8658.1,29.0,117490.0,0.0,117490.0,117490.0,1.0,0.0,0.0
2026-05-18 19:19:37,239,4.056136e+06,2.26095795e+08,8.8829688e+07,0.0,0.0,0.0,351432.0,31948.0,2843.0,1.00716544e+08,1.259515904e+09,8664.869999999999,30.0,117589.0,0.0,117588.0,117588.0,1.0,0.0,0.0
2026-05-18 19:19:49,240,4.059556e+06,2.26283343e+08,8.8926032e+07,0.0,0.0,0.0,351728.0,31975.0,2846.0,1.00847616e+08,1.259515904e+09,8672.23,33.0,117688.0,0.0,117687.0,117687.0,1.0,0.0,0.0
2026-05-18 19:20:02,240,4.062976e+06,2.26476247e+08,8.8990302e+07,0.0,0.0,0.0,352024.0,32002.0,2848.0,1.00847616e+08,1.259515904e+09,8679.35,29.0,117787.0,0.0,117787.0,117787.0,1.0,0.0,0.0
2026-05-18 19:20:14,240,4.066201e+06,2.266585e+08,8.908129e+07,0.0,0.0,0.0,352310.0,32028.0,2851.0,1.00847616e+08,1.259515904e+09,8686.04,29.0,117883.0,0.0,117883.0,117883.0,1.0,0.0,0.0
2026-05-18 19:20:25,240,4.06956e+06,2.26854108e+08,8.9142885e+07,0.0,0.0,0.0,352605.0,32055.0,2853.0,1.00847616e+08,1.259515904e+09,8693.16,31.0,117983.0,0.0,117982.0,117982.0,1.0,0.0,0.0
2026-05-18 19:20:37,240,4.072984e+06,2.27046974e+08,8.9207155e+07,0.0,0.0,0.0,352902.0,32082.0,2855.0,1.00847616e+08,1.259515904e+09,8700.66,29.0,118082.0,0.0,118082.0,118082.0,1.0,0.0,0.0
2026-05-18 19:20:50,241,4.074413e+06,2.27124672e+08,8.9241968e+07,0.0,0.0,0.0,353025.0,32093.0,2856.0,1.00847616e+08,1.259515904e+09,8703.24,29.0,118123.0,0.0,118123.0,118123.0,1.0,0.0,0.0
2026-05-18 19:21:02,241,4.074413e+06,2.27124672e+08,8.9241968e+07,0.0,0.0,0.0,353025.0,32093.0,2856.0,1.00847616e+08,1.259515904e+09,8703.26,28.0,118123.0,0.0,118123.0,118123.0,1.0,0.0,0.0
2026-05-18 19:21:14,241,4.074413e+06,2.27124672e+08,8.9241968e+07,0.0,0.0,0.0,353025.0,32093.0,2856.0,1.00847616e+08,1.259515904e+09,8703.28,28.0,118123.0,0.0,118123.0,118123.0,1.0,0.0,0.0
2026-05-18 19:21:26,241,4.074413e+06,2.27124672e+08,8.9241968e+07,0.0,0.0,0.0,353025.0,32093.0,2856.0,1.00847616e+08,1.259515904e+09,8703.3,28.0,118123.0,0.0,118123.0,118123.0,1.0,0.0,0.0
2026-05-18 19:21:38,241,4.074413e+06,2.27124672e+08,8.9241968e+07,0.0,0.0,0.0,353025.0,32093.0,2856.0,1.00847616e+08,1.259515904e+09,8703.32,28.0,118123.0,0.0,118123.0,118123.0,1.0,0.0,0.0
2026-05-18 19:21:50,242,4.074413e+06,2.27124672e+08,8.9241968e+07,0.0,0.0,0.0,353025.0,32093.0,2856.0,1.00847616e+08,1.259515904e+09,8703.34,28.0,118123.0,0.0,118123.0,118123.0,1.0,0.0,0.0
2026-05-18 19:22:02,242,4.074413e+06,2.27124672e+08,8.9241968e+07,0.0,0.0,0.0,353025.0,32093.0,2856.0,1.00847616e+08,1.259515904e+09,8703.35,28.0,118123.0,0.0,118123.0,118123.0,1.0,0.0,0.0
2026-05-18 19:22:14,242,4.074413e+06,2.27124672e+08,8.9241968e+07,0.0,0.0,0.0,353025.0,32093.0,2856.0,1.00847616e+08,1.259515904e+09,8703.36,28.0,118123.0,0.0,118123.0,118123.0,1.0,0.0,0.0
2026-05-18 19:22:25,242,4.074413e+06,2.27124672e+08,8.9241968e+07,0.0,0.0,0.0,353025.0,32093.0,2856.0,1.00847616e+08,1.259515904e+09,8703.39,28.0,118123.0,0.0,118123.0,118123.0,1.0,0.0,0.0
2026-05-18 19:22:37,242,4.074413e+06,2.27124672e+08,8.9241968e+07,0.0,0.0,0.0,353025.0,32093.0,2856.0,1.00847616e+08,1.259515904e+09,8703.4,28.0,118123.0,0.0,118123.0,118123.0,1.0,0.0,0.0
2026-05-18 19:22:49,243,4.074413e+06,2.27124672e+08,8.9241968e+07,0.0,0.0,0.0,353025.0,32093.0,2856.0,1.00847616e+08,1.259515904e+09,8703.42,28.0,118123.0,0.0,118123.0,118123.0,1.0,0.0,0.0
2026-05-18 19:23:01,243,4.074413e+06,2.27124672e+08,8.9241968e+07,0.0,0.0,0.0,353025.0,32093.0,2856.0,1.00847616e+08,1.259515904e+09,8703.43,28.0,118123.0,0.0,118123.0,118123.0,1.0,0.0,0.0
2026-05-18 19:23:13,243,4.074413e+06,2.27124672e+08,8.9241968e+07,0.0,0.0,0.0,353025.0,32093.0,2856.0,1.00847616e+08,1.259515904e+09,8703.45,28.0,118123.0,0.0,118123.0,118123.0,1.0,0.0,0.0
2026-05-18 19:23:25,243,4.074413e+06,2.27124672e+08,8.9241968e+07,0.0,0.0,0.0,353025.0,32093.0,2856.0,1.00847616e+08,1.259515904e+09,8703.47,28.0,118123.0,0.0,118123.0,118123.0,1.0,0.0,0.0
2026-05-18 19:23:37,243,4.074413e+06,2.27124672e+08,8.9241968e+07,0.0,0.0,0.0,353025.0,32093.0,2856.0,1.00847616e+08,1.259515904e+09,8703.49,28.0,118123.0,0.0,118123.0,118123.0,1.0,0.0,0.0
2026-05-18 19:23:49,244,4.074413e+06,2.27124672e+08,8.9241968e+07,0.0,0.0,0.0,353025.0,32093.0,2856.0,1.00847616e+08,1.259515904e+09,8703.5,28.0,118123.0,0.0,118123.0,118123.0,1.0,0.0,0.0
2026-05-18 19:24:01,244,4.074413e+06,2.27124672e+08,8.9241968e+07,0.0,0.0,0.0,353025.0,32093.0,2856.0,1.00847616e+08,1.259515904e+09,8703.52,28.0,118123.0,0.0,118123.0,118123.0,1.0,0.0,0.0
2026-05-18 19:24:12,244,4.074413e+06,2.27124672e+08,8.9241968e+07,0.0,0.0,0.0,353025.0,32093.0,2856.0,1.00847616e+08,1.259515904e+09,8703.54,28.0,118123.0,0.0,118123.0,118123.0,1.0,0.0,0.0
2026-05-18 19:24:24,244,4.074413e+06,2.27124672e+08,8.9241968e+07,0.0,0.0,0.0,353025.0,32093.0,2856.0,1.00847616e+08,1.259515904e+09,8703.550000000001,28.0,118123.0,0.0,118123.0,118123.0,1.0,0.0,0.0
2026-05-18 19:24:35,244,4.074413e+06,2.27124672e+08,8.9241968e+07,0.0,0.0,0.0,353025.0,32093.0,2856.0,1.00847616e+08,1.259515904e+09,8703.57,28.0,118123.0,0.0,118123.0,118123.0,1.0,0.0,0.0
2026-05-18 19:24:47,245,4.074413e+06,2.27124672e+08,8.9241968e+07,0.0,0.0,0.0,353025.0,32093.0,2856.0,1.00847616e+08,1.259515904e+09,8703.59,28.0,118123.0,0.0,118123.0,118123.0,1.0,0.0,0.0
2026-05-18 19:24:58,245,4.074413e+06,2.27124672e+08,8.9241968e+07,0.0,0.0,0.0,353025.0,32093.0,2856.0,1.00847616e+08,1.259515904e+09,8703.61,28.0,118123.0,0.0,118123.0,118123.0,1.0,0.0,0.0
2026-05-18 19:25:10,245,4.074413e+06,2.27124672e+08,8.9241968e+07,0.0,0.0,0.0,353025.0,32093.0,2856.0,1.00847616e+08,1.259515904e+09,8703.61,28.0,118123.0,0.0,118123.0,118123.0,1.0,0.0,0.0
2026-05-18 19:25:22,245,4.074413e+06,2.27124672e+08,8.9241968e+07,0.0,0.0,0.0,353025.0,32093.0,2856.0,1.00847616e+08,1.259515904e+09,8703.630000000001,28.0,118123.0,0.0,118123.0,118123.0,1.0,0.0,0.0
2026-05-18 19:25:33,245,4.074413e+06,2.27124672e+08,8.9241968e+07,0.0,0.0,0.0,353025.0,32093.0,2856.0,1.00847616e+08,1.259515904e+09,8703.65,28.0,118123.0,0.0,118123.0,118123.0,1.0,0.0,0.0
2026-05-18 19:25:45,246,4.074413e+06,2.27124672e+08,8.9241968e+07,0.0,0.0,0.0,353025.0,32093.0,2856.0,1.00847616e+08,1.259515904e+09,8703.67,28.0,118123.0,0.0,118123.0,118123.0,1.0,0.0,0.0
2026-05-18 19:25:56,246,4.074413e+06,2.27124672e+08,8.9241968e+07,0.0,0.0,0.0,353025.0,32093.0,2856.0,1.00847616e+08,1.259515904e+09,8703.68,28.0,118123.0,0.0,118123.0,118123.0,1.0,0.0,0.0
2026-05-18 19:26:08,246,4.074413e+06,2.27124672e+08,8.9241968e+07,0.0,0.0,0.0,353025.0,32093.0,2856.0,1.00847616e+08,1.259515904e+09,8703.699999999999,28.0,118123.0,0.0,118123.0,118123.0,1.0,0.0,0.0
2026-05-18 19:26:19,246,4.074413e+06,2.27124672e+08,8.9241968e+07,0.0,0.0,0.0,353025.0,32093.0,2856.0,1.00847616e+08,1.259515904e+09,8703.72,28.0,118123.0,0.0,118123.0,118123.0,1.0,0.0,0.0
2026-05-18 19:26:31,246,4.074413e+06,2.27124672e+08,8.9241968e+07,0.0,0.0,0.0,353025.0,32093.0,2856.0,1.00847616e+08,1.259515904e+09,8703.74,28.0,118123.0,0.0,118123.0,118123.0,1.0,0.0,0.0
2026-05-18 19:26:43,247,4.074413e+06,2.27124672e+08,8.9241968e+07,0.0,0.0,0.0,353025.0,32093.0,2856.0,1.00847616e+08,1.259515904e+09,8703.75,28.0,118123.0,0.0,118123.0,118123.0,1.0,0.0,0.0
2026-05-18 19:26:54,247,4.074413e+06,2.27124672e+08,8.9241968e+07,0.0,0.0,0.0,353025.0,32093.0,2856.0,1.00847616e+08,1.259515904e+09,8703.77,28.0,118123.0,0.0,118123.0,118123.0,1.0,0.0,0.0
2026-05-18 19:27:06,247,4.074413e+06,2.27124672e+08,8.9241968e+07,0.0,0.0,0.0,353025.0,32093.0,2856.0,1.00847616e+08,1.259515904e+09,8703.789999999999,28.0,118123.0,0.0,118123.0,118123.0,1.0,0.0,0.0
2026-05-18 19:27:17,247,4.074413e+06,2.27124672e+08,8.9241968e+07,0.0,0.0,0.0,353025.0,32093.0,2856.0,1.00847616e+08,1.259515904e+09,8703.81,28.0,118123.0,0.0,118123.0,118123.0,1.0,0.0,0.0
2026-05-18 19:27:29,247,4.074413e+06,2.27124672e+08,8.9241968e+07,0.0,0.0,0.0,353025.0,32093.0,2856.0,1.00847616e+08,1.259515904e+09,8703.82,28.0,118123.0,0.0,118123.0,118123.0,1.0,0.0,0.0
2026-05-18 19:27:40,247,4.074413e+06,2.27124672e+08,8.9241968e+07,0.0,0.0,0.0,353025.0,32093.0,2856.0,1.00847616e+08,1.259515904e+09,8703.83,28.0,118123.0,0.0,118123.0,118123.0,1.0,0.0,0.0
2026-05-18 19:27:52,248,4.074413e+06,2.27124672e+08,8.9241968e+07,0.0,0.0,0.0,353025.0,32093.0,2856.0,1.00847616e+08,1.259515904e+09,8703.86,28.0,118123.0,0.0,118123.0,118123.0,1.0,0.0,0.0
2026-05-18 19:28:03,248,4.074413e+06,2.27124672e+08,8.9241968e+07,0.0,0.0,0.0,353025.0,32093.0,2856.0,1.00847616e+08,1.259515904e+09,8703.87,28.0,118123.0,0.0,118123.0,118123.0,1.0,0.0,0.0
2026-05-18 19:28:15,248,4.074413e+06,2.27124672e+08,8.9241968e+07,0.0,0.0,0.0,353025.0,32093.0,2856.0,1.00847616e+08,1.259515904e+09,8703.89,28.0,118123.0,0.0,118123.0,118123.0,1.0,0.0,0.0
2026-05-18 19:28:27,248,4.074413e+06,2.27124672e+08,8.9241968e+07,0.0,0.0,0.0,353025.0,32093.0,2856.0,1.00847616e+08,1.259515904e+09,8703.91,28.0,118123.0,0.0,118123.0,118123.0,1.0,0.0,0.0
2026-05-18 19:28:38,248,4.074413e+06,2.27124672e+08,8.9241968e+07,0.0,0.0,0.0,353025.0,32093.0,2856.0,1.00847616e+08,1.259515904e+09,8703.92,28.0,118123.0,0.0,118123.0,118123.0,1.0,0.0,0.0
2026-05-18 19:28:50,249,4.074413e+06,2.27124672e+08,8.9241968e+07,0.0,0.0,0.0,353025.0,32093.0,2856.0,1.00847616e+08,1.259515904e+09,8703.94,28.0,118123.0,0.0,118123.0,118123.0,1.0,0.0,0.0
2026-05-18 19:29:01,249,4.074413e+06,2.27124672e+08,8.9241968e+07,0.0,0.0,0.0,353025.0,32093.0,2856.0,1.00847616e+08,1.259515904e+09,8703.95,28.0,118123.0,0.0,118123.0,118123.0,1.0,0.0,0.0
2026-05-18 19:29:13,249,4.074413e+06,2.27124672e+08,8.9241968e+07,0.0,0.0,0.0,353025.0,32093.0,2856.0,1.00847616e+08,1.259515904e+09,8703.970000000001,28.0,118123.0,0.0,118123.0,118123.0,1.0,0.0,0.0
