timestamp,elapsed_min,gc_collected_gen0,gc_collected_gen1,gc_collected_gen2,gc_uncollectable_gen0,gc_uncollectable_gen1,gc_uncollectable_gen2,gc_collections_gen0,gc_collections_gen1,gc_collections_gen2,process_rss_bytes,process_vm_bytes,process_cpu_seconds,open_fds,ccx_received,ccx_failures_ocp,ccx_processed_ocp,ccx_published_ocp,broker_instances,broker_exceptions,broker_tracebacks
2026-05-18 15:19:42,0,1469.0,924.0,89.0,0.0,0.0,0.0,242.0,22.0,1.0,8.9821184e+07,8.65292288e+08,0.92,20.0,0.0,0.0,0.0,0.0,0.0,0.0,0.0
2026-05-18 15:19:54,0,1469.0,924.0,89.0,0.0,0.0,0.0,242.0,22.0,1.0,8.9952256e+07,8.65292288e+08,0.94,20.0,0.0,0.0,0.0,0.0,0.0,0.0,0.0
2026-05-18 15:20:06,0,1469.0,924.0,89.0,0.0,0.0,0.0,242.0,22.0,1.0,8.9952256e+07,8.65292288e+08,0.96,20.0,0.0,0.0,0.0,0.0,0.0,0.0,0.0
2026-05-18 15:20:18,0,1469.0,924.0,89.0,0.0,0.0,0.0,242.0,22.0,1.0,8.9952256e+07,8.65292288e+08,0.97,20.0,0.0,0.0,0.0,0.0,0.0,0.0,0.0
2026-05-18 15:20:30,0,1469.0,924.0,89.0,0.0,0.0,0.0,242.0,22.0,1.0,8.9952256e+07,8.65292288e+08,0.98,20.0,0.0,0.0,0.0,0.0,0.0,0.0,0.0
2026-05-18 15:20:42,1,1469.0,924.0,89.0,0.0,0.0,0.0,242.0,22.0,1.0,8.9952256e+07,8.65292288e+08,0.99,20.0,0.0,0.0,0.0,0.0,0.0,0.0,0.0
2026-05-18 15:20:54,1,3607.0,924.0,141.0,0.0,0.0,0.0,248.0,22.0,2.0,9.0681344e+07,8.66340864e+08,1.79,21.0,73.0,0.0,73.0,73.0,2.0,0.0,0.0
2026-05-18 15:21:06,1,6369.0,1519.0,141.0,0.0,0.0,0.0,253.0,23.0,2.0,9.0681344e+07,8.66340864e+08,2.93,21.0,171.0,0.0,171.0,171.0,2.0,0.0,0.0
2026-05-18 15:21:18,1,9939.0,1519.0,141.0,0.0,0.0,0.0,259.0,23.0,2.0,9.0812416e+07,8.66340864e+08,4.0,21.0,271.0,0.0,271.0,271.0,2.0,0.0,0.0
2026-05-18 15:21:30,1,12914.0,2114.0,141.0,0.0,0.0,0.0,264.0,24.0,2.0,9.0812416e+07,8.66340864e+08,4.9799999999999995,23.0,371.0,0.0,370.0,370.0,2.0,0.0,0.0
2026-05-18 15:21:42,2,16484.0,2114.0,141.0,0.0,0.0,0.0,270.0,24.0,2.0,9.0812416e+07,8.66340864e+08,6.05,21.0,468.0,0.0,468.0,468.0,2.0,0.0,0.0
2026-05-18 15:21:54,2,19669.0,2114.0,141.0,0.0,0.0,0.0,275.0,24.0,2.0,9.0812416e+07,8.66340864e+08,7.13,21.0,566.0,0.0,566.0,566.0,2.0,0.0,0.0
2026-05-18 15:22:06,2,22329.0,2779.0,141.0,0.0,0.0,0.0,279.0,25.0,2.0,9.0812416e+07,8.66340864e+08,8.21,21.0,665.0,0.0,665.0,665.0,2.0,0.0,0.0
2026-05-18 15:22:18,2,26179.0,2779.0,141.0,0.0,0.0,0.0,285.0,25.0,2.0,9.0812416e+07,8.66340864e+08,9.27,21.0,764.0,0.0,764.0,764.0,2.0,0.0,0.0
2026-05-18 15:22:30,2,28839.0,3444.0,141.0,0.0,0.0,0.0,289.0,26.0,2.0,9.0812416e+07,8.66340864e+08,10.33,21.0,863.0,0.0,863.0,863.0,2.0,0.0,0.0
2026-05-18 15:22:42,3,32164.0,3444.0,141.0,0.0,0.0,0.0,294.0,26.0,2.0,9.0812416e+07,8.66340864e+08,11.4,21.0,961.0,0.0,961.0,961.0,2.0,0.0,0.0
2026-05-18 15:22:54,3,34824.0,4109.0,141.0,0.0,0.0,0.0,298.0,27.0,2.0,9.0812416e+07,8.66340864e+08,12.469999999999999,21.0,1062.0,0.0,1062.0,1062.0,2.0,0.0,0.0
2026-05-18 15:23:06,3,38744.0,4109.0,141.0,0.0,0.0,0.0,304.0,27.0,2.0,9.0943488e+07,8.66340864e+08,13.57,21.0,1163.0,0.0,1163.0,1163.0,2.0,0.0,0.0
2026-05-18 15:23:18,3,41404.0,4774.0,141.0,0.0,0.0,0.0,308.0,28.0,2.0,9.0943488e+07,8.66340864e+08,14.64,21.0,1260.0,0.0,1260.0,1260.0,2.0,0.0,0.0
2026-05-18 15:23:30,3,44729.0,4774.0,141.0,0.0,0.0,0.0,313.0,28.0,2.0,9.0943488e+07,8.66340864e+08,15.72,21.0,1358.0,0.0,1358.0,1358.0,2.0,0.0,0.0
2026-05-18 15:23:42,4,48054.0,4774.0,141.0,0.0,0.0,0.0,318.0,28.0,2.0,9.0943488e+07,8.66340864e+08,16.8,21.0,1459.0,0.0,1459.0,1459.0,2.0,0.0,0.0
2026-05-18 15:23:54,4,51312.0,5436.0,141.0,0.0,0.0,0.0,323.0,29.0,2.0,9.0943488e+07,8.66340864e+08,17.880000000000003,23.0,1557.0,0.0,1556.0,1556.0,2.0,0.0,0.0
2026-05-18 15:24:06,4,54637.0,5436.0,141.0,0.0,0.0,0.0,328.0,29.0,2.0,9.0943488e+07,8.66340864e+08,18.96,23.0,1657.0,0.0,1656.0,1656.0,2.0,0.0,0.0
2026-05-18 15:24:18,4,57297.0,6101.0,141.0,0.0,0.0,0.0,332.0,30.0,2.0,9.0943488e+07,8.66340864e+08,20.05,21.0,1757.0,0.0,1757.0,1757.0,2.0,0.0,0.0
2026-05-18 15:24:30,4,60622.0,6101.0,141.0,0.0,0.0,0.0,337.0,30.0,2.0,9.0943488e+07,8.66340864e+08,21.14,21.0,1856.0,0.0,1856.0,1856.0,2.0,0.0,0.0
2026-05-18 15:24:42,5,63877.0,6766.0,141.0,0.0,0.0,0.0,342.0,31.0,2.0,9.0943488e+07,8.66340864e+08,22.22,21.0,1955.0,0.0,1955.0,1955.0,2.0,0.0,0.0
2026-05-18 15:24:54,5,67240.0,6766.0,141.0,0.0,0.0,0.0,347.0,31.0,2.0,9.0943488e+07,8.66340864e+08,23.28,23.0,2054.0,0.0,2053.0,2053.0,2.0,0.0,0.0
2026-05-18 15:25:06,5,70667.0,6766.0,141.0,0.0,0.0,0.0,352.0,31.0,2.0,9.0943488e+07,8.66340864e+08,24.35,23.0,2153.0,0.0,2152.0,2152.0,2.0,0.0,0.0
2026-05-18 15:25:18,5,73397.0,7434.0,141.0,0.0,0.0,0.0,356.0,32.0,2.0,9.0943488e+07,8.66340864e+08,25.369999999999997,21.0,2252.0,0.0,2252.0,2252.0,2.0,0.0,0.0
2026-05-18 15:25:30,5,76824.0,7434.0,141.0,0.0,0.0,0.0,361.0,32.0,2.0,9.0943488e+07,8.66340864e+08,26.46,21.0,2349.0,0.0,2349.0,2349.0,2.0,0.0,0.0
2026-05-18 15:25:42,6,79554.0,8102.0,141.0,0.0,0.0,0.0,365.0,33.0,2.0,9.0943488e+07,8.66340864e+08,27.59,21.0,2448.0,0.0,2448.0,2448.0,2.0,0.0,0.0
2026-05-18 15:25:54,6,82981.0,8102.0,141.0,0.0,0.0,0.0,370.0,33.0,2.0,9.0943488e+07,8.66340864e+08,28.63,21.0,2547.0,0.0,2547.0,2547.0,2.0,0.0,0.0
2026-05-18 15:26:06,6,85711.0,8770.0,141.0,0.0,0.0,0.0,374.0,34.0,2.0,9.0943488e+07,8.66340864e+08,29.7,21.0,2646.0,0.0,2646.0,2646.0,2.0,0.0,0.0
2026-05-18 15:26:18,6,89138.0,8770.0,141.0,0.0,0.0,0.0,379.0,34.0,2.0,9.0943488e+07,8.66340864e+08,30.75,21.0,2745.0,0.0,2745.0,2745.0,2.0,0.0,0.0
2026-05-18 15:26:30,6,92536.0,8770.0,141.0,0.0,0.0,0.0,384.0,34.0,2.0,9.0943488e+07,8.66340864e+08,31.82,21.0,2844.0,0.0,2844.0,2844.0,2.0,0.0,0.0
2026-05-18 15:26:42,7,95861.0,9435.0,141.0,0.0,0.0,0.0,389.0,35.0,2.0,9.0943488e+07,8.66340864e+08,32.86,21.0,2943.0,0.0,2943.0,2943.0,2.0,0.0,0.0
2026-05-18 15:26:54,7,99288.0,9435.0,141.0,0.0,0.0,0.0,394.0,35.0,2.0,9.0943488e+07,8.66340864e+08,33.91,21.0,3042.0,0.0,3042.0,3042.0,2.0,0.0,0.0
2026-05-18 15:27:06,7,102018.0,10103.0,141.0,0.0,0.0,0.0,398.0,36.0,2.0,9.0943488e+07,8.66340864e+08,34.94,21.0,3141.0,0.0,3141.0,3141.0,2.0,0.0,0.0
2026-05-18 15:27:18,7,105445.0,10103.0,141.0,0.0,0.0,0.0,403.0,36.0,2.0,9.0943488e+07,8.66340864e+08,35.940000000000005,21.0,3240.0,0.0,3240.0,3240.0,2.0,0.0,0.0
2026-05-18 15:27:30,7,108175.0,10771.0,141.0,0.0,0.0,0.0,407.0,37.0,2.0,9.0943488e+07,8.66340864e+08,37.07,21.0,3340.0,0.0,3340.0,3340.0,2.0,0.0,0.0
2026-05-18 15:27:42,8,111602.0,10771.0,141.0,0.0,0.0,0.0,412.0,37.0,2.0,9.0943488e+07,8.66340864e+08,38.15,21.0,3440.0,0.0,3440.0,3440.0,2.0,0.0,0.0
2026-05-18 15:27:54,8,115000.0,10771.0,141.0,0.0,0.0,0.0,417.0,37.0,2.0,9.0943488e+07,8.66340864e+08,39.2,21.0,3540.0,0.0,3540.0,3540.0,2.0,0.0,0.0
2026-05-18 15:28:07,8,117759.0,11439.0,141.0,0.0,0.0,0.0,421.0,38.0,2.0,9.0943488e+07,8.66340864e+08,40.269999999999996,21.0,3640.0,0.0,3640.0,3640.0,2.0,0.0,0.0
2026-05-18 15:28:19,8,121717.0,11439.0,141.0,0.0,0.0,0.0,427.0,38.0,2.0,9.0943488e+07,8.66340864e+08,41.3,21.0,3738.0,0.0,3738.0,3738.0,2.0,0.0,0.0
2026-05-18 15:28:31,8,124447.0,12136.0,141.0,0.0,0.0,0.0,431.0,39.0,2.0,9.0943488e+07,8.66340864e+08,42.43,21.0,3837.0,0.0,3837.0,3837.0,2.0,0.0,0.0
2026-05-18 15:28:43,9,127845.0,12136.0,141.0,0.0,0.0,0.0,436.0,39.0,2.0,9.0943488e+07,8.66340864e+08,43.449999999999996,21.0,3936.0,0.0,3936.0,3936.0,2.0,0.0,0.0
2026-05-18 15:28:55,9,130575.0,12833.0,141.0,0.0,0.0,0.0,440.0,40.0,2.0,9.0943488e+07,8.66340864e+08,44.53,23.0,4035.0,0.0,4034.0,4034.0,2.0,0.0,0.0
2026-05-18 15:29:07,9,133973.0,12833.0,141.0,0.0,0.0,0.0,445.0,40.0,2.0,9.0943488e+07,8.66340864e+08,45.589999999999996,23.0,4134.0,0.0,4133.0,4133.0,2.0,0.0,0.0
2026-05-18 15:29:19,9,137400.0,12833.0,141.0,0.0,0.0,0.0,450.0,40.0,2.0,9.0943488e+07,8.66340864e+08,46.65,21.0,4232.0,0.0,4232.0,4232.0,2.0,0.0,0.0
2026-05-18 15:29:31,9,140101.0,13530.0,141.0,0.0,0.0,0.0,454.0,41.0,2.0,9.0943488e+07,8.66340864e+08,47.68,21.0,4331.0,0.0,4331.0,4331.0,2.0,0.0,0.0
2026-05-18 15:29:43,10,143528.0,13530.0,141.0,0.0,0.0,0.0,459.0,41.0,2.0,9.0943488e+07,8.66340864e+08,48.69,23.0,4430.0,0.0,4429.0,4429.0,2.0,0.0,0.0
2026-05-18 15:29:56,10,146229.0,14227.0,141.0,0.0,0.0,0.0,463.0,42.0,2.0,9.0943488e+07,8.66340864e+08,49.86,21.0,4535.0,0.0,4535.0,4535.0,2.0,0.0,0.0
2026-05-18 15:30:08,10,150254.0,14227.0,141.0,0.0,0.0,0.0,469.0,42.0,2.0,9.0943488e+07,8.66340864e+08,50.9,21.0,4635.0,0.0,4635.0,4635.0,2.0,0.0,0.0
2026-05-18 15:30:20,10,152984.0,14924.0,141.0,0.0,0.0,0.0,473.0,43.0,2.0,9.0943488e+07,8.66340864e+08,51.92,21.0,4733.0,0.0,4733.0,4733.0,2.0,0.0,0.0
2026-05-18 15:30:31,10,156382.0,14924.0,141.0,0.0,0.0,0.0,478.0,43.0,2.0,9.0943488e+07,8.66340864e+08,52.96,21.0,4831.0,0.0,4831.0,4831.0,2.0,0.0,0.0
2026-05-18 15:30:43,11,159809.0,14924.0,141.0,0.0,0.0,0.0,483.0,43.0,2.0,9.0943488e+07,8.66340864e+08,53.989999999999995,21.0,4929.0,0.0,4929.0,4929.0,2.0,0.0,0.0
2026-05-18 15:30:55,11,162510.0,15621.0,141.0,0.0,0.0,0.0,487.0,44.0,2.0,9.0943488e+07,8.66340864e+08,55.09,23.0,5029.0,0.0,5028.0,5028.0,2.0,0.0,0.0
2026-05-18 15:31:07,11,165937.0,15621.0,141.0,0.0,0.0,0.0,492.0,44.0,2.0,9.0943488e+07,8.66340864e+08,56.11,21.0,5129.0,0.0,5129.0,5129.0,2.0,0.0,0.0
2026-05-18 15:31:19,11,168638.0,16318.0,141.0,0.0,0.0,0.0,496.0,45.0,2.0,9.0943488e+07,8.66340864e+08,57.16,21.0,5227.0,0.0,5227.0,5227.0,2.0,0.0,0.0
2026-05-18 15:31:31,11,172065.0,16318.0,141.0,0.0,0.0,0.0,501.0,45.0,2.0,9.0943488e+07,8.66340864e+08,58.230000000000004,21.0,5326.0,0.0,5326.0,5326.0,2.0,0.0,0.0
2026-05-18 15:31:43,12,175463.0,16318.0,141.0,0.0,0.0,0.0,506.0,45.0,2.0,9.0943488e+07,8.66340864e+08,59.29,21.0,5424.0,0.0,5424.0,5424.0,2.0,0.0,0.0
2026-05-18 15:31:55,12,178193.0,17015.0,141.0,0.0,0.0,0.0,510.0,46.0,2.0,9.0943488e+07,8.66340864e+08,60.3,21.0,5525.0,0.0,5525.0,5525.0,2.0,0.0,0.0
2026-05-18 15:32:07,12,181591.0,17015.0,141.0,0.0,0.0,0.0,515.0,46.0,2.0,9.0943488e+07,8.66340864e+08,61.33,21.0,5624.0,0.0,5624.0,5624.0,2.0,0.0,0.0
2026-05-18 15:32:19,12,184216.0,17712.0,141.0,0.0,0.0,0.0,519.0,47.0,2.0,9.0943488e+07,8.66340864e+08,62.39,21.0,5721.0,0.0,5721.0,5721.0,2.0,0.0,0.0
2026-05-18 15:32:31,12,188279.0,17712.0,141.0,0.0,0.0,0.0,525.0,47.0,2.0,9.0943488e+07,8.66340864e+08,63.5,23.0,5821.0,0.0,5820.0,5820.0,2.0,0.0,0.0
2026-05-18 15:32:43,13,191038.0,18380.0,141.0,0.0,0.0,0.0,529.0,48.0,2.0,9.0943488e+07,8.66340864e+08,64.57,23.0,5921.0,0.0,5920.0,5920.0,2.0,0.0,0.0
2026-05-18 15:32:55,13,194436.0,18380.0,141.0,0.0,0.0,0.0,534.0,48.0,2.0,9.0943488e+07,8.66340864e+08,65.66,21.0,6020.0,0.0,6020.0,6020.0,2.0,0.0,0.0
2026-05-18 15:33:07,13,197863.0,18380.0,141.0,0.0,0.0,0.0,539.0,48.0,2.0,9.0943488e+07,8.66340864e+08,66.69,21.0,6119.0,0.0,6119.0,6119.0,2.0,0.0,0.0
2026-05-18 15:33:19,13,200593.0,19048.0,141.0,0.0,0.0,0.0,543.0,49.0,2.0,9.0943488e+07,8.66340864e+08,67.71,21.0,6219.0,0.0,6219.0,6219.0,2.0,0.0,0.0
2026-05-18 15:33:31,13,204020.0,19048.0,141.0,0.0,0.0,0.0,548.0,49.0,2.0,9.0943488e+07,8.66340864e+08,68.75,21.0,6316.0,0.0,6316.0,6316.0,2.0,0.0,0.0
2026-05-18 15:33:43,14,206750.0,19716.0,141.0,0.0,0.0,0.0,552.0,50.0,2.0,9.0943488e+07,8.66340864e+08,69.78,21.0,6414.0,0.0,6414.0,6414.0,2.0,0.0,0.0
2026-05-18 15:33:55,14,210177.0,19716.0,141.0,0.0,0.0,0.0,557.0,50.0,2.0,9.0943488e+07,8.66340864e+08,70.84,23.0,6513.0,0.0,6512.0,6512.0,2.0,0.0,0.0
2026-05-18 15:34:07,14,212907.0,20384.0,141.0,0.0,0.0,0.0,561.0,51.0,2.0,9.0943488e+07,8.66340864e+08,71.86999999999999,21.0,6612.0,0.0,6612.0,6612.0,2.0,0.0,0.0
2026-05-18 15:34:19,14,216334.0,20384.0,141.0,0.0,0.0,0.0,566.0,51.0,2.0,9.0943488e+07,8.66340864e+08,72.81,21.0,6710.0,0.0,6710.0,6710.0,2.0,0.0,0.0
2026-05-18 15:34:31,14,219732.0,20384.0,141.0,0.0,0.0,0.0,571.0,51.0,2.0,9.0943488e+07,8.66340864e+08,73.88,21.0,6808.0,0.0,6808.0,6808.0,2.0,0.0,0.0
2026-05-18 15:34:43,15,222491.0,21052.0,141.0,0.0,0.0,0.0,575.0,52.0,2.0,9.0943488e+07,8.66340864e+08,74.97999999999999,21.0,6908.0,0.0,6908.0,6908.0,2.0,0.0,0.0
2026-05-18 15:34:55,15,226484.0,21052.0,141.0,0.0,0.0,0.0,581.0,52.0,2.0,9.0943488e+07,8.66340864e+08,76.05000000000001,21.0,7006.0,0.0,7006.0,7006.0,2.0,0.0,0.0
2026-05-18 15:35:07,15,229214.0,21749.0,141.0,0.0,0.0,0.0,585.0,53.0,2.0,9.0943488e+07,8.66340864e+08,77.12,22.0,7105.0,0.0,7104.0,7104.0,2.0,0.0,0.0
2026-05-18 15:35:19,15,232612.0,21749.0,141.0,0.0,0.0,0.0,590.0,53.0,2.0,9.0943488e+07,8.66340864e+08,78.15,21.0,7204.0,0.0,7204.0,7204.0,2.0,0.0,0.0
2026-05-18 15:35:31,15,235342.0,22446.0,141.0,0.0,0.0,0.0,594.0,54.0,2.0,9.0943488e+07,8.66340864e+08,79.22000000000001,21.0,7302.0,0.0,7302.0,7302.0,2.0,0.0,0.0
2026-05-18 15:35:43,16,238740.0,22446.0,141.0,0.0,0.0,0.0,599.0,54.0,2.0,9.0943488e+07,8.66340864e+08,80.3,22.0,7401.0,0.0,7401.0,7401.0,2.0,0.0,0.0
2026-05-18 15:35:55,16,242167.0,22446.0,141.0,0.0,0.0,0.0,604.0,54.0,2.0,9.0943488e+07,8.66340864e+08,81.35,21.0,7500.0,0.0,7500.0,7500.0,2.0,0.0,0.0
2026-05-18 15:36:07,16,244868.0,23143.0,141.0,0.0,0.0,0.0,608.0,55.0,2.0,9.0943488e+07,8.66340864e+08,82.39,21.0,7598.0,0.0,7598.0,7598.0,2.0,0.0,0.0
2026-05-18 15:36:18,16,248295.0,23143.0,141.0,0.0,0.0,0.0,613.0,55.0,2.0,9.0943488e+07,8.66340864e+08,83.46000000000001,21.0,7696.0,0.0,7696.0,7696.0,2.0,0.0,0.0
2026-05-18 15:36:31,16,250996.0,23840.0,141.0,0.0,0.0,0.0,617.0,56.0,2.0,9.0943488e+07,8.66340864e+08,84.58,21.0,7795.0,0.0,7795.0,7795.0,2.0,0.0,0.0
2026-05-18 15:36:42,17,254423.0,23840.0,141.0,0.0,0.0,0.0,622.0,56.0,2.0,9.0943488e+07,8.66340864e+08,85.64,21.0,7894.0,0.0,7894.0,7894.0,2.0,0.0,0.0
2026-05-18 15:36:54,17,257821.0,23840.0,141.0,0.0,0.0,0.0,627.0,56.0,2.0,9.0943488e+07,8.66340864e+08,86.7,21.0,7992.0,0.0,7992.0,7992.0,2.0,0.0,0.0
2026-05-18 15:37:06,17,260551.0,24537.0,141.0,0.0,0.0,0.0,631.0,57.0,2.0,9.0943488e+07,8.66340864e+08,87.78,21.0,8092.0,0.0,8092.0,8092.0,2.0,0.0,0.0
2026-05-18 15:37:18,17,263949.0,24537.0,141.0,0.0,0.0,0.0,636.0,57.0,2.0,9.0943488e+07,8.66340864e+08,88.85,23.0,8190.0,0.0,8189.0,8189.0,2.0,0.0,0.0
2026-05-18 15:37:30,17,267172.0,25234.0,141.0,0.0,0.0,0.0,641.0,58.0,2.0,9.0943488e+07,8.66340864e+08,89.9,21.0,8289.0,0.0,8289.0,8289.0,2.0,0.0,0.0
2026-05-18 15:37:42,18,270599.0,25234.0,141.0,0.0,0.0,0.0,646.0,58.0,2.0,9.0943488e+07,8.66340864e+08,90.96,21.0,8389.0,0.0,8389.0,8389.0,2.0,0.0,0.0
2026-05-18 15:37:55,18,273300.0,25931.0,141.0,0.0,0.0,0.0,650.0,59.0,2.0,9.0943488e+07,8.66340864e+08,92.0,21.0,8489.0,0.0,8489.0,8489.0,2.0,0.0,0.0
2026-05-18 15:38:06,18,276727.0,25931.0,141.0,0.0,0.0,0.0,655.0,59.0,2.0,9.0943488e+07,8.66340864e+08,93.05999999999999,21.0,8587.0,0.0,8587.0,8587.0,2.0,0.0,0.0
2026-05-18 15:38:18,18,280125.0,25931.0,141.0,0.0,0.0,0.0,660.0,59.0,2.0,9.0943488e+07,8.66340864e+08,94.08000000000001,21.0,8687.0,0.0,8687.0,8687.0,2.0,0.0,0.0
2026-05-18 15:38:30,18,282855.0,26628.0,141.0,0.0,0.0,0.0,664.0,60.0,2.0,9.0943488e+07,8.66340864e+08,95.11999999999999,21.0,8786.0,0.0,8786.0,8786.0,2.0,0.0,0.0
2026-05-18 15:38:42,19,286253.0,26628.0,141.0,0.0,0.0,0.0,669.0,60.0,2.0,9.0943488e+07,8.66340864e+08,96.11,23.0,8885.0,0.0,8884.0,8884.0,2.0,0.0,0.0
2026-05-18 15:38:54,19,289406.0,27325.0,141.0,0.0,0.0,0.0,674.0,61.0,2.0,9.0943488e+07,8.66340864e+08,97.21000000000001,23.0,8983.0,0.0,8982.0,8982.0,2.0,0.0,0.0
2026-05-18 15:39:06,19,292833.0,27325.0,141.0,0.0,0.0,0.0,679.0,61.0,2.0,9.0943488e+07,8.66340864e+08,98.25,21.0,9080.0,0.0,9080.0,9080.0,2.0,0.0,0.0
2026-05-18 15:39:18,19,295534.0,28022.0,141.0,0.0,0.0,0.0,683.0,62.0,2.0,9.0943488e+07,8.66340864e+08,99.28999999999999,21.0,9179.0,0.0,9179.0,9179.0,2.0,0.0,0.0
2026-05-18 15:39:30,19,298961.0,28022.0,141.0,0.0,0.0,0.0,688.0,62.0,2.0,9.0943488e+07,8.66340864e+08,100.32000000000001,21.0,9277.0,0.0,9277.0,9277.0,2.0,0.0,0.0
2026-05-18 15:39:42,20,302359.0,28022.0,141.0,0.0,0.0,0.0,693.0,62.0,2.0,9.0943488e+07,8.66340864e+08,101.41,23.0,9376.0,0.0,9375.0,9375.0,2.0,0.0,0.0
2026-05-18 15:39:54,20,305089.0,28719.0,141.0,0.0,0.0,0.0,697.0,63.0,2.0,9.0943488e+07,8.66340864e+08,102.48,21.0,9474.0,0.0,9474.0,9474.0,2.0,0.0,0.0
2026-05-18 15:40:06,20,308487.0,28719.0,141.0,0.0,0.0,0.0,702.0,63.0,2.0,9.0943488e+07,8.66340864e+08,103.59,21.0,9574.0,0.0,9574.0,9574.0,2.0,0.0,0.0
2026-05-18 15:40:18,20,311217.0,29416.0,141.0,0.0,0.0,0.0,706.0,64.0,2.0,9.0943488e+07,8.66340864e+08,104.63999999999999,21.0,9672.0,0.0,9672.0,9672.0,2.0,0.0,0.0
2026-05-18 15:40:30,20,314615.0,29416.0,141.0,0.0,0.0,0.0,711.0,64.0,2.0,9.0943488e+07,8.66340864e+08,105.63000000000001,23.0,9771.0,0.0,9770.0,9770.0,2.0,0.0,0.0
2026-05-18 15:40:42,21,317345.0,30113.0,141.0,0.0,0.0,0.0,715.0,65.0,2.0,9.0943488e+07,8.66340864e+08,106.71,21.0,9870.0,0.0,9870.0,9870.0,2.0,0.0,0.0
2026-05-18 15:40:54,21,320743.0,30113.0,141.0,0.0,0.0,0.0,720.0,65.0,2.0,9.0943488e+07,8.66340864e+08,107.75,21.0,9968.0,0.0,9968.0,9968.0,2.0,0.0,0.0
2026-05-18 15:41:06,21,324170.0,30113.0,141.0,0.0,0.0,0.0,725.0,65.0,2.0,9.0943488e+07,8.66340864e+08,108.81,23.0,10067.0,0.0,10066.0,10066.0,2.0,0.0,0.0
2026-05-18 15:41:18,21,327320.0,30781.0,141.0,0.0,0.0,0.0,730.0,66.0,2.0,9.0943488e+07,8.66340864e+08,109.84,21.0,10166.0,0.0,10166.0,10166.0,2.0,0.0,0.0
2026-05-18 15:41:30,21,330747.0,30781.0,141.0,0.0,0.0,0.0,735.0,66.0,2.0,9.0943488e+07,8.66340864e+08,110.93,21.0,10264.0,0.0,10264.0,10264.0,2.0,0.0,0.0
2026-05-18 15:41:42,22,333477.0,31449.0,141.0,0.0,0.0,0.0,739.0,67.0,2.0,9.0943488e+07,8.66340864e+08,112.0,21.0,10363.0,0.0,10363.0,10363.0,2.0,0.0,0.0
2026-05-18 15:41:54,22,336904.0,31449.0,141.0,0.0,0.0,0.0,744.0,67.0,2.0,9.0943488e+07,8.66340864e+08,113.07,23.0,10464.0,0.0,10463.0,10463.0,2.0,0.0,0.0
2026-05-18 15:42:06,22,339634.0,32117.0,141.0,0.0,0.0,0.0,748.0,68.0,2.0,9.0943488e+07,8.66340864e+08,114.15,21.0,10563.0,0.0,10563.0,10563.0,2.0,0.0,0.0
2026-05-18 15:42:18,22,343061.0,32117.0,141.0,0.0,0.0,0.0,753.0,68.0,2.0,9.0943488e+07,8.66340864e+08,115.18,21.0,10661.0,0.0,10661.0,10661.0,2.0,0.0,0.0
2026-05-18 15:42:30,22,346459.0,32117.0,141.0,0.0,0.0,0.0,758.0,68.0,2.0,9.0943488e+07,8.66340864e+08,116.24000000000001,21.0,10759.0,0.0,10759.0,10759.0,2.0,0.0,0.0
2026-05-18 15:42:42,23,348731.0,32785.0,838.0,0.0,0.0,0.0,762.0,69.0,3.0,9.0943488e+07,8.66340864e+08,117.4,21.0,10857.0,0.0,10857.0,10857.0,2.0,0.0,0.0
2026-05-18 15:42:54,23,352301.0,32785.0,838.0,0.0,0.0,0.0,768.0,69.0,3.0,9.0943488e+07,8.66340864e+08,118.45,21.0,10957.0,0.0,10957.0,10957.0,2.0,0.0,0.0
2026-05-18 15:43:06,23,354681.0,33380.0,838.0,0.0,0.0,0.0,772.0,70.0,3.0,9.0943488e+07,8.66340864e+08,119.49000000000001,21.0,11055.0,0.0,11055.0,11055.0,2.0,0.0,0.0
2026-05-18 15:43:18,23,358181.0,33380.0,838.0,0.0,0.0,0.0,778.0,70.0,3.0,9.107456e+07,8.66340864e+08,120.54,23.0,11155.0,0.0,11154.0,11154.0,2.0,0.0,0.0
2026-05-18 15:43:30,23,361086.0,33975.0,838.0,0.0,0.0,0.0,783.0,71.0,3.0,9.107456e+07,8.66340864e+08,121.58999999999999,21.0,11254.0,0.0,11254.0,11254.0,2.0,0.0,0.0
2026-05-18 15:43:42,24,364691.0,33975.0,838.0,0.0,0.0,0.0,789.0,71.0,3.0,9.107456e+07,8.66340864e+08,122.66,23.0,11353.0,0.0,11352.0,11352.0,2.0,0.0,0.0
2026-05-18 15:43:54,24,367351.0,34640.0,838.0,0.0,0.0,0.0,793.0,72.0,3.0,9.107456e+07,8.66340864e+08,123.72,23.0,11452.0,0.0,11451.0,11451.0,2.0,0.0,0.0
2026-05-18 15:44:06,24,371166.0,34640.0,838.0,0.0,0.0,0.0,799.0,72.0,3.0,9.107456e+07,8.66340864e+08,124.78,21.0,11550.0,0.0,11550.0,11550.0,2.0,0.0,0.0
2026-05-18 15:44:18,24,373826.0,35305.0,838.0,0.0,0.0,0.0,803.0,73.0,3.0,9.107456e+07,8.66340864e+08,125.81,21.0,11648.0,0.0,11648.0,11648.0,2.0,0.0,0.0
2026-05-18 15:44:30,24,377151.0,35305.0,838.0,0.0,0.0,0.0,808.0,73.0,3.0,9.107456e+07,8.66340864e+08,126.87,21.0,11747.0,0.0,11747.0,11747.0,2.0,0.0,0.0
2026-05-18 15:44:42,25,380476.0,35305.0,838.0,0.0,0.0,0.0,813.0,73.0,3.0,9.107456e+07,8.66340864e+08,127.9,21.0,11847.0,0.0,11847.0,11847.0,2.0,0.0,0.0
2026-05-18 15:44:55,25,383664.0,35967.0,838.0,0.0,0.0,0.0,818.0,74.0,3.0,9.107456e+07,8.66340864e+08,129.05,21.0,11948.0,0.0,11948.0,11948.0,2.0,0.0,0.0
2026-05-18 15:45:06,25,386989.0,35967.0,838.0,0.0,0.0,0.0,823.0,74.0,3.0,9.107456e+07,8.66340864e+08,130.05,22.0,12047.0,0.0,12046.0,12046.0,2.0,0.0,0.0
2026-05-18 15:45:18,25,389649.0,36632.0,838.0,0.0,0.0,0.0,827.0,75.0,3.0,9.107456e+07,8.66340864e+08,131.12,21.0,12144.0,0.0,12144.0,12144.0,2.0,0.0,0.0
2026-05-18 15:45:30,25,392974.0,36632.0,838.0,0.0,0.0,0.0,832.0,75.0,3.0,9.107456e+07,8.66340864e+08,132.19,21.0,12243.0,0.0,12243.0,12243.0,2.0,0.0,0.0
2026-05-18 15:45:42,26,396194.0,37297.0,838.0,0.0,0.0,0.0,837.0,76.0,3.0,9.107456e+07,8.66340864e+08,133.31,21.0,12341.0,0.0,12341.0,12341.0,2.0,0.0,0.0
2026-05-18 15:45:55,26,399519.0,37297.0,838.0,0.0,0.0,0.0,842.0,76.0,3.0,9.107456e+07,8.66340864e+08,134.37,23.0,12441.0,0.0,12440.0,12440.0,2.0,0.0,0.0
2026-05-18 15:46:07,26,402844.0,37297.0,838.0,0.0,0.0,0.0,847.0,76.0,3.0,9.107456e+07,8.66340864e+08,135.46,23.0,12540.0,0.0,12539.0,12539.0,2.0,0.0,0.0
2026-05-18 15:46:19,26,406169.0,37717.0,838.0,0.0,0.0,0.0,852.0,77.0,3.0,9.107456e+07,8.66340864e+08,136.51,21.0,12638.0,0.0,12638.0,12638.0,2.0,0.0,0.0
2026-05-18 15:46:31,26,409494.0,37717.0,838.0,0.0,0.0,0.0,857.0,77.0,3.0,9.107456e+07,8.66340864e+08,137.52,23.0,12737.0,0.0,12736.0,12736.0,2.0,0.0,0.0
2026-05-18 15:46:43,27,412189.0,38382.0,838.0,0.0,0.0,0.0,861.0,78.0,3.0,9.107456e+07,8.66340864e+08,138.56,21.0,12836.0,0.0,12836.0,12836.0,2.0,0.0,0.0
2026-05-18 15:46:55,27,415587.0,38382.0,838.0,0.0,0.0,0.0,866.0,78.0,3.0,9.107456e+07,8.66340864e+08,139.68,21.0,12936.0,0.0,12936.0,12936.0,2.0,0.0,0.0
2026-05-18 15:47:07,27,418346.0,39050.0,838.0,0.0,0.0,0.0,870.0,79.0,3.0,9.107456e+07,8.66340864e+08,140.76,21.0,13036.0,0.0,13036.0,13036.0,2.0,0.0,0.0
2026-05-18 15:47:19,27,421744.0,39050.0,838.0,0.0,0.0,0.0,875.0,79.0,3.0,9.107456e+07,8.66340864e+08,141.8,21.0,13134.0,0.0,13134.0,13134.0,2.0,0.0,0.0
2026-05-18 15:47:31,27,425031.0,39718.0,838.0,0.0,0.0,0.0,880.0,80.0,3.0,9.107456e+07,8.66340864e+08,142.88000000000002,23.0,13233.0,0.0,13232.0,13232.0,2.0,0.0,0.0
2026-05-18 15:47:43,28,428458.0,39718.0,838.0,0.0,0.0,0.0,885.0,80.0,3.0,9.107456e+07,8.66340864e+08,143.94,21.0,13332.0,0.0,13332.0,13332.0,2.0,0.0,0.0
2026-05-18 15:47:55,28,431856.0,39718.0,838.0,0.0,0.0,0.0,890.0,80.0,3.0,9.107456e+07,8.66340864e+08,144.99,23.0,13431.0,0.0,13430.0,13430.0,2.0,0.0,0.0
2026-05-18 15:48:07,28,434615.0,40386.0,838.0,0.0,0.0,0.0,894.0,81.0,3.0,9.107456e+07,8.66340864e+08,146.05,21.0,13528.0,0.0,13528.0,13528.0,2.0,0.0,0.0
2026-05-18 15:48:19,28,438013.0,40386.0,838.0,0.0,0.0,0.0,899.0,81.0,3.0,9.107456e+07,8.66340864e+08,147.1,21.0,13627.0,0.0,13627.0,13627.0,2.0,0.0,0.0
2026-05-18 15:48:31,28,440772.0,41054.0,838.0,0.0,0.0,0.0,903.0,82.0,3.0,9.107456e+07,8.66340864e+08,148.16,21.0,13725.0,0.0,13725.0,13725.0,2.0,0.0,0.0
2026-05-18 15:48:43,29,444170.0,41054.0,838.0,0.0,0.0,0.0,908.0,82.0,3.0,9.107456e+07,8.66340864e+08,149.21,21.0,13823.0,0.0,13823.0,13823.0,2.0,0.0,0.0
2026-05-18 15:48:55,29,447597.0,41054.0,838.0,0.0,0.0,0.0,913.0,82.0,3.0,9.107456e+07,8.66340864e+08,150.29,21.0,13922.0,0.0,13922.0,13922.0,2.0,0.0,0.0
2026-05-18 15:49:07,29,450327.0,41722.0,838.0,0.0,0.0,0.0,917.0,83.0,3.0,9.107456e+07,8.66340864e+08,151.29999999999998,21.0,14021.0,0.0,14021.0,14021.0,2.0,0.0,0.0
2026-05-18 15:49:19,29,453754.0,41722.0,838.0,0.0,0.0,0.0,922.0,83.0,3.0,9.107456e+07,8.66340864e+08,152.37,21.0,14120.0,0.0,14120.0,14120.0,2.0,0.0,0.0
2026-05-18 15:49:31,29,456484.0,42390.0,838.0,0.0,0.0,0.0,926.0,84.0,3.0,9.107456e+07,8.66340864e+08,153.46,23.0,14220.0,0.0,14219.0,14219.0,2.0,0.0,0.0
2026-05-18 15:49:43,30,459701.0,42390.0,838.0,0.0,0.0,0.0,931.0,84.0,3.0,9.107456e+07,8.66340864e+08,154.49,21.0,14317.0,0.0,14317.0,14317.0,2.0,0.0,0.0
2026-05-18 15:49:55,30,463067.0,43087.0,838.0,0.0,0.0,0.0,936.0,85.0,3.0,9.107456e+07,8.66340864e+08,155.62,21.0,14416.0,0.0,14416.0,14416.0,2.0,0.0,0.0
2026-05-18 15:50:07,30,466494.0,43087.0,838.0,0.0,0.0,0.0,941.0,85.0,3.0,9.107456e+07,8.66340864e+08,156.70000000000002,21.0,14516.0,0.0,14516.0,14516.0,2.0,0.0,0.0
2026-05-18 15:50:19,30,469892.0,43087.0,838.0,0.0,0.0,0.0,946.0,85.0,3.0,9.107456e+07,8.66340864e+08,157.75,21.0,14614.0,0.0,14614.0,14614.0,2.0,0.0,0.0
2026-05-18 15:50:31,30,472622.0,43784.0,838.0,0.0,0.0,0.0,950.0,86.0,3.0,9.107456e+07,8.66340864e+08,158.85999999999999,21.0,14713.0,0.0,14713.0,14713.0,2.0,0.0,0.0
2026-05-18 15:50:43,31,476020.0,43784.0,838.0,0.0,0.0,0.0,955.0,86.0,3.0,9.107456e+07,8.66340864e+08,159.96,21.0,14813.0,0.0,14813.0,14813.0,2.0,0.0,0.0
2026-05-18 15:50:55,31,478750.0,44481.0,838.0,0.0,0.0,0.0,959.0,87.0,3.0,9.107456e+07,8.66340864e+08,161.02,23.0,14912.0,0.0,14911.0,14911.0,2.0,0.0,0.0
2026-05-18 15:51:07,31,482148.0,44481.0,838.0,0.0,0.0,0.0,964.0,87.0,3.0,9.107456e+07,8.66340864e+08,162.12,21.0,15011.0,0.0,15011.0,15011.0,2.0,0.0,0.0
2026-05-18 15:51:19,31,484878.0,45178.0,838.0,0.0,0.0,0.0,968.0,88.0,3.0,9.107456e+07,8.66340864e+08,163.19000000000003,21.0,15110.0,0.0,15110.0,15110.0,2.0,0.0,0.0
2026-05-18 15:51:31,31,488276.0,45178.0,838.0,0.0,0.0,0.0,973.0,88.0,3.0,9.107456e+07,8.66340864e+08,164.21,21.0,15209.0,0.0,15209.0,15209.0,2.0,0.0,0.0
2026-05-18 15:51:43,32,491703.0,45178.0,838.0,0.0,0.0,0.0,978.0,88.0,3.0,9.107456e+07,8.66340864e+08,165.33,23.0,15310.0,0.0,15309.0,15309.0,2.0,0.0,0.0
2026-05-18 15:51:55,32,495063.0,45846.0,838.0,0.0,0.0,0.0,983.0,89.0,3.0,9.107456e+07,8.66340864e+08,166.42000000000002,21.0,15409.0,0.0,15409.0,15409.0,2.0,0.0,0.0
2026-05-18 15:52:07,32,498490.0,45846.0,838.0,0.0,0.0,0.0,988.0,89.0,3.0,9.107456e+07,8.66340864e+08,167.48,21.0,15508.0,0.0,15508.0,15508.0,2.0,0.0,0.0
2026-05-18 15:52:19,32,501220.0,46514.0,838.0,0.0,0.0,0.0,992.0,90.0,3.0,9.107456e+07,8.66340864e+08,168.48999999999998,21.0,15608.0,0.0,15608.0,15608.0,2.0,0.0,0.0
2026-05-18 15:52:32,32,504647.0,46514.0,838.0,0.0,0.0,0.0,997.0,90.0,3.0,9.107456e+07,8.66340864e+08,169.6,21.0,15709.0,0.0,15709.0,15709.0,2.0,0.0,0.0
2026-05-18 15:52:44,33,507377.0,47182.0,838.0,0.0,0.0,0.0,1001.0,91.0,3.0,9.107456e+07,8.66340864e+08,170.65,23.0,15809.0,0.0,15808.0,15808.0,2.0,0.0,0.0
2026-05-18 15:52:56,33,510804.0,47182.0,838.0,0.0,0.0,0.0,1006.0,91.0,3.0,9.107456e+07,8.66340864e+08,171.73000000000002,21.0,15908.0,0.0,15908.0,15908.0,2.0,0.0,0.0
2026-05-18 15:53:08,33,514202.0,47182.0,838.0,0.0,0.0,0.0,1011.0,91.0,3.0,9.107456e+07,8.66340864e+08,172.79000000000002,23.0,16008.0,0.0,16007.0,16007.0,2.0,0.0,0.0
2026-05-18 15:53:20,33,517489.0,47850.0,838.0,0.0,0.0,0.0,1016.0,92.0,3.0,9.107456e+07,8.66340864e+08,173.86,23.0,16107.0,0.0,16106.0,16106.0,2.0,0.0,0.0
2026-05-18 15:53:32,33,520916.0,47850.0,838.0,0.0,0.0,0.0,1021.0,92.0,3.0,9.107456e+07,8.66340864e+08,174.89999999999998,23.0,16206.0,0.0,16205.0,16205.0,2.0,0.0,0.0
2026-05-18 15:53:44,34,523646.0,48518.0,838.0,0.0,0.0,0.0,1025.0,93.0,3.0,9.107456e+07,8.66340864e+08,175.98,21.0,16304.0,0.0,16304.0,16304.0,2.0,0.0,0.0
2026-05-18 15:53:56,34,527073.0,48518.0,838.0,0.0,0.0,0.0,1030.0,93.0,3.0,9.107456e+07,8.66340864e+08,177.04,21.0,16404.0,0.0,16404.0,16404.0,2.0,0.0,0.0
2026-05-18 15:54:08,34,529803.0,49186.0,838.0,0.0,0.0,0.0,1034.0,94.0,3.0,9.107456e+07,8.66340864e+08,178.1,21.0,16502.0,0.0,16502.0,16502.0,2.0,0.0,0.0
2026-05-18 15:54:20,34,533230.0,49186.0,838.0,0.0,0.0,0.0,1039.0,94.0,3.0,9.107456e+07,8.66340864e+08,179.19,21.0,16601.0,0.0,16601.0,16601.0,2.0,0.0,0.0
2026-05-18 15:54:32,34,536628.0,49186.0,838.0,0.0,0.0,0.0,1044.0,94.0,3.0,9.107456e+07,8.66340864e+08,180.23,23.0,16700.0,0.0,16699.0,16699.0,2.0,0.0,0.0
2026-05-18 15:54:44,35,539387.0,49854.0,838.0,0.0,0.0,0.0,1048.0,95.0,3.0,9.107456e+07,8.66340864e+08,181.31,21.0,16800.0,0.0,16800.0,16800.0,2.0,0.0,0.0
2026-05-18 15:54:56,35,542785.0,49854.0,838.0,0.0,0.0,0.0,1053.0,95.0,3.0,9.107456e+07,8.66340864e+08,182.38,23.0,16898.0,0.0,16897.0,16897.0,2.0,0.0,0.0
2026-05-18 15:55:08,35,545299.0,50522.0,838.0,0.0,0.0,0.0,1057.0,96.0,3.0,9.107456e+07,8.66340864e+08,183.39,21.0,16995.0,0.0,16995.0,16995.0,2.0,0.0,0.0
2026-05-18 15:55:20,35,549362.0,50522.0,838.0,0.0,0.0,0.0,1063.0,96.0,3.0,9.107456e+07,8.66340864e+08,184.44,21.0,17093.0,0.0,17093.0,17093.0,2.0,0.0,0.0
2026-05-18 15:55:32,35,552092.0,51219.0,838.0,0.0,0.0,0.0,1067.0,97.0,3.0,9.107456e+07,8.66340864e+08,185.45,21.0,17192.0,0.0,17192.0,17192.0,2.0,0.0,0.0
2026-05-18 15:55:44,36,555490.0,51219.0,838.0,0.0,0.0,0.0,1072.0,97.0,3.0,9.107456e+07,8.66340864e+08,186.52,23.0,17291.0,0.0,17290.0,17290.0,2.0,0.0,0.0
2026-05-18 15:55:56,36,558917.0,51219.0,838.0,0.0,0.0,0.0,1077.0,97.0,3.0,9.107456e+07,8.66340864e+08,187.57999999999998,23.0,17389.0,0.0,17388.0,17388.0,2.0,0.0,0.0
2026-05-18 15:56:08,36,561618.0,51916.0,838.0,0.0,0.0,0.0,1081.0,98.0,3.0,9.107456e+07,8.66340864e+08,188.62,21.0,17487.0,0.0,17487.0,17487.0,2.0,0.0,0.0
2026-05-18 15:56:20,36,565045.0,51916.0,838.0,0.0,0.0,0.0,1086.0,98.0,3.0,9.107456e+07,8.66340864e+08,189.69,23.0,17587.0,0.0,17586.0,17586.0,2.0,0.0,0.0
2026-05-18 15:56:32,36,567746.0,52613.0,838.0,0.0,0.0,0.0,1090.0,99.0,3.0,9.107456e+07,8.66340864e+08,190.69,21.0,17686.0,0.0,17686.0,17686.0,2.0,0.0,0.0
2026-05-18 15:56:44,37,571173.0,52613.0,838.0,0.0,0.0,0.0,1095.0,99.0,3.0,9.107456e+07,8.66340864e+08,191.77,21.0,17786.0,0.0,17786.0,17786.0,2.0,0.0,0.0
2026-05-18 15:56:56,37,574571.0,52613.0,838.0,0.0,0.0,0.0,1100.0,99.0,3.0,9.107456e+07,8.66340864e+08,192.82,21.0,17886.0,0.0,17886.0,17886.0,2.0,0.0,0.0
2026-05-18 15:57:08,37,577301.0,53310.0,838.0,0.0,0.0,0.0,1104.0,100.0,3.0,9.107456e+07,8.66340864e+08,193.79999999999998,21.0,17984.0,0.0,17984.0,17984.0,2.0,0.0,0.0
2026-05-18 15:57:20,37,580699.0,53310.0,838.0,0.0,0.0,0.0,1109.0,100.0,3.0,9.107456e+07,8.66340864e+08,194.84,23.0,18083.0,0.0,18082.0,18082.0,2.0,0.0,0.0
2026-05-18 15:57:32,37,583957.0,54007.0,838.0,0.0,0.0,0.0,1114.0,101.0,3.0,9.107456e+07,8.66340864e+08,195.93,21.0,18182.0,0.0,18182.0,18182.0,2.0,0.0,0.0
2026-05-18 15:57:44,38,587384.0,54007.0,838.0,0.0,0.0,0.0,1119.0,101.0,3.0,9.107456e+07,8.66340864e+08,197.01999999999998,21.0,18281.0,0.0,18281.0,18281.0,2.0,0.0,0.0
2026-05-18 15:57:57,38,590085.0,54704.0,838.0,0.0,0.0,0.0,1123.0,102.0,3.0,9.107456e+07,8.66340864e+08,198.04,21.0,18380.0,0.0,18380.0,18380.0,2.0,0.0,0.0
2026-05-18 15:58:08,38,593512.0,54704.0,838.0,0.0,0.0,0.0,1128.0,102.0,3.0,9.107456e+07,8.66340864e+08,199.08999999999997,22.0,18478.0,0.0,18477.0,18477.0,2.0,0.0,0.0
2026-05-18 15:58:20,38,596910.0,54704.0,838.0,0.0,0.0,0.0,1133.0,102.0,3.0,9.107456e+07,8.66340864e+08,200.12,21.0,18576.0,0.0,18576.0,18576.0,2.0,0.0,0.0
2026-05-18 15:58:32,38,599640.0,55401.0,838.0,0.0,0.0,0.0,1137.0,103.0,3.0,9.107456e+07,8.66340864e+08,201.14000000000001,21.0,18676.0,0.0,18676.0,18676.0,2.0,0.0,0.0
2026-05-18 15:58:44,39,603038.0,55401.0,838.0,0.0,0.0,0.0,1142.0,103.0,3.0,9.107456e+07,8.66340864e+08,202.20000000000002,21.0,18775.0,0.0,18775.0,18775.0,2.0,0.0,0.0
2026-05-18 15:58:56,39,605768.0,56098.0,838.0,0.0,0.0,0.0,1146.0,104.0,3.0,9.107456e+07,8.66340864e+08,203.23,21.0,18873.0,0.0,18873.0,18873.0,2.0,0.0,0.0
2026-05-18 15:59:08,39,609166.0,56098.0,838.0,0.0,0.0,0.0,1151.0,104.0,3.0,9.107456e+07,8.66340864e+08,204.33,21.0,18972.0,0.0,18972.0,18972.0,2.0,0.0,0.0
2026-05-18 15:59:20,39,611896.0,56795.0,838.0,0.0,0.0,0.0,1155.0,105.0,3.0,9.107456e+07,8.66340864e+08,205.32,22.0,19072.0,0.0,19072.0,19072.0,2.0,0.0,0.0
2026-05-18 15:59:32,39,615294.0,56795.0,838.0,0.0,0.0,0.0,1160.0,105.0,3.0,9.107456e+07,8.66340864e+08,206.34,21.0,19171.0,0.0,19171.0,19171.0,2.0,0.0,0.0
2026-05-18 15:59:44,40,619249.0,56795.0,838.0,0.0,0.0,0.0,1166.0,105.0,3.0,9.107456e+07,8.66340864e+08,207.35000000000002,23.0,19269.0,0.0,19268.0,19268.0,2.0,0.0,0.0
2026-05-18 15:59:56,40,621979.0,57492.0,838.0,0.0,0.0,0.0,1170.0,106.0,3.0,9.107456e+07,8.66340864e+08,208.41,21.0,19367.0,0.0,19367.0,19367.0,2.0,0.0,0.0
2026-05-18 16:00:09,40,625377.0,57492.0,838.0,0.0,0.0,0.0,1175.0,106.0,3.0,9.107456e+07,8.66340864e+08,209.45,21.0,19468.0,0.0,19468.0,19468.0,2.0,0.0,0.0
2026-05-18 16:00:21,40,628107.0,58189.0,838.0,0.0,0.0,0.0,1179.0,107.0,3.0,9.107456e+07,8.66340864e+08,210.47,21.0,19567.0,0.0,19567.0,19567.0,2.0,0.0,0.0
2026-05-18 16:00:33,40,631505.0,58189.0,838.0,0.0,0.0,0.0,1184.0,107.0,3.0,9.107456e+07,8.66340864e+08,211.51999999999998,21.0,19666.0,0.0,19666.0,19666.0,2.0,0.0,0.0
2026-05-18 16:00:45,41,634235.0,58886.0,838.0,0.0,0.0,0.0,1188.0,108.0,3.0,9.107456e+07,8.66340864e+08,212.63,21.0,19766.0,0.0,19766.0,19766.0,2.0,0.0,0.0
2026-05-18 16:00:57,41,637633.0,58886.0,838.0,0.0,0.0,0.0,1193.0,108.0,3.0,9.1205632e+07,8.66340864e+08,213.64999999999998,21.0,19867.0,0.0,19867.0,19867.0,2.0,0.0,0.0
2026-05-18 16:01:09,41,641060.0,58886.0,838.0,0.0,0.0,0.0,1198.0,108.0,3.0,9.1205632e+07,8.66340864e+08,214.67000000000002,21.0,19966.0,0.0,19966.0,19966.0,2.0,0.0,0.0
2026-05-18 16:01:21,41,643761.0,59583.0,838.0,0.0,0.0,0.0,1202.0,109.0,3.0,9.1205632e+07,8.66340864e+08,215.75,21.0,20065.0,0.0,20065.0,20065.0,2.0,0.0,0.0
2026-05-18 16:01:33,41,647751.0,59583.0,838.0,0.0,0.0,0.0,1208.0,109.0,3.0,9.1205632e+07,8.66340864e+08,216.82,21.0,20165.0,0.0,20165.0,20165.0,2.0,0.0,0.0
2026-05-18 16:01:45,42,650481.0,60280.0,838.0,0.0,0.0,0.0,1212.0,110.0,3.0,9.1205632e+07,8.66340864e+08,217.89000000000001,21.0,20264.0,0.0,20264.0,20264.0,2.0,0.0,0.0
2026-05-18 16:01:57,42,653879.0,60280.0,838.0,0.0,0.0,0.0,1217.0,110.0,3.0,9.1205632e+07,8.66340864e+08,218.93,21.0,20364.0,0.0,20364.0,20364.0,2.0,0.0,0.0
2026-05-18 16:02:09,42,656609.0,60977.0,838.0,0.0,0.0,0.0,1221.0,111.0,3.0,9.1205632e+07,8.66340864e+08,220.0,21.0,20463.0,0.0,20463.0,20463.0,2.0,0.0,0.0
2026-05-18 16:02:22,42,660007.0,60977.0,838.0,0.0,0.0,0.0,1226.0,111.0,3.0,9.1205632e+07,8.66340864e+08,221.13,21.0,20564.0,0.0,20564.0,20564.0,2.0,0.0,0.0
2026-05-18 16:02:34,42,663434.0,60977.0,838.0,0.0,0.0,0.0,1231.0,111.0,3.0,9.1205632e+07,8.66340864e+08,222.17000000000002,21.0,20661.0,0.0,20661.0,20661.0,2.0,0.0,0.0
2026-05-18 16:02:45,43,666135.0,61674.0,838.0,0.0,0.0,0.0,1235.0,112.0,3.0,9.1205632e+07,8.66340864e+08,223.19,21.0,20760.0,0.0,20760.0,20760.0,2.0,0.0,0.0
2026-05-18 16:02:58,43,669562.0,61674.0,838.0,0.0,0.0,0.0,1240.0,112.0,3.0,9.1205632e+07,8.66340864e+08,224.23999999999998,21.0,20859.0,0.0,20859.0,20859.0,2.0,0.0,0.0
2026-05-18 16:03:10,43,672263.0,62371.0,838.0,0.0,0.0,0.0,1244.0,113.0,3.0,9.1205632e+07,8.66340864e+08,225.36,21.0,20959.0,0.0,20959.0,20959.0,2.0,0.0,0.0
2026-05-18 16:03:22,43,676253.0,62371.0,838.0,0.0,0.0,0.0,1250.0,113.0,3.0,9.1205632e+07,8.66340864e+08,226.41,21.0,21058.0,0.0,21058.0,21058.0,2.0,0.0,0.0
2026-05-18 16:03:34,43,678983.0,63068.0,838.0,0.0,0.0,0.0,1254.0,114.0,3.0,9.1205632e+07,8.66340864e+08,227.45,21.0,21157.0,0.0,21157.0,21157.0,2.0,0.0,0.0
2026-05-18 16:03:46,44,682381.0,63068.0,838.0,0.0,0.0,0.0,1259.0,114.0,3.0,9.1205632e+07,8.66340864e+08,228.51,21.0,21256.0,0.0,21256.0,21256.0,2.0,0.0,0.0
2026-05-18 16:03:58,44,685808.0,63068.0,838.0,0.0,0.0,0.0,1264.0,114.0,3.0,9.1205632e+07,8.66340864e+08,229.56,21.0,21353.0,0.0,21353.0,21353.0,2.0,0.0,0.0
2026-05-18 16:04:10,44,688509.0,63765.0,838.0,0.0,0.0,0.0,1268.0,115.0,3.0,9.1205632e+07,8.66340864e+08,230.57999999999998,23.0,21453.0,0.0,21452.0,21452.0,2.0,0.0,0.0
2026-05-18 16:04:22,44,691936.0,63765.0,838.0,0.0,0.0,0.0,1273.0,115.0,3.0,9.1205632e+07,8.66340864e+08,231.64000000000001,23.0,21553.0,0.0,21552.0,21552.0,2.0,0.0,0.0
2026-05-18 16:04:34,44,694637.0,64462.0,838.0,0.0,0.0,0.0,1277.0,116.0,3.0,9.1205632e+07,8.66340864e+08,232.69,21.0,21652.0,0.0,21652.0,21652.0,2.0,0.0,0.0
2026-05-18 16:04:46,45,698064.0,64462.0,838.0,0.0,0.0,0.0,1282.0,116.0,3.0,9.1205632e+07,8.66340864e+08,233.78,23.0,21752.0,0.0,21751.0,21751.0,2.0,0.0,0.0
2026-05-18 16:04:58,45,701249.0,65130.0,838.0,0.0,0.0,0.0,1287.0,117.0,3.0,9.1205632e+07,8.66340864e+08,234.8,22.0,21850.0,0.0,21849.0,21849.0,2.0,0.0,0.0
2026-05-18 16:05:10,45,704014.0,65130.0,1535.0,0.0,0.0,0.0,1292.0,117.0,4.0,9.1205632e+07,8.66340864e+08,235.84,21.0,21949.0,0.0,21949.0,21949.0,2.0,0.0,0.0
2026-05-18 16:05:22,45,706989.0,65130.0,1535.0,0.0,0.0,0.0,1297.0,117.0,4.0,9.1205632e+07,8.66340864e+08,236.85000000000002,21.0,22048.0,0.0,22048.0,22048.0,2.0,0.0,0.0
2026-05-18 16:05:34,45,709897.0,65722.0,1535.0,0.0,0.0,0.0,1302.0,118.0,4.0,9.1205632e+07,8.66340864e+08,237.89999999999998,22.0,22147.0,0.0,22146.0,22146.0,2.0,0.0,0.0
2026-05-18 16:05:46,46,713362.0,65722.0,1535.0,0.0,0.0,0.0,1308.0,118.0,4.0,9.1205632e+07,8.66340864e+08,238.98,21.0,22245.0,0.0,22245.0,22245.0,2.0,0.0,0.0
2026-05-18 16:05:58,46,716337.0,66317.0,1535.0,0.0,0.0,0.0,1313.0,119.0,4.0,9.1205632e+07,8.66340864e+08,239.98,21.0,22344.0,0.0,22344.0,22344.0,2.0,0.0,0.0
2026-05-18 16:06:10,46,720187.0,66317.0,1535.0,0.0,0.0,0.0,1319.0,119.0,4.0,9.1205632e+07,8.66340864e+08,241.06,23.0,22444.0,0.0,22443.0,22443.0,2.0,0.0,0.0
2026-05-18 16:06:22,46,722847.0,66982.0,1535.0,0.0,0.0,0.0,1323.0,120.0,4.0,9.1205632e+07,8.66340864e+08,242.14000000000001,21.0,22543.0,0.0,22543.0,22543.0,2.0,0.0,0.0
2026-05-18 16:06:34,46,726172.0,66982.0,1535.0,0.0,0.0,0.0,1328.0,120.0,4.0,9.1205632e+07,8.66340864e+08,243.21,21.0,22642.0,0.0,22642.0,22642.0,2.0,0.0,0.0
2026-05-18 16:06:46,47,728832.0,67647.0,1535.0,0.0,0.0,0.0,1332.0,121.0,4.0,9.1205632e+07,8.66340864e+08,244.26,21.0,22741.0,0.0,22741.0,22741.0,2.0,0.0,0.0
2026-05-18 16:06:59,47,732157.0,67647.0,1535.0,0.0,0.0,0.0,1337.0,121.0,4.0,9.1205632e+07,8.66340864e+08,245.35999999999999,21.0,22841.0,0.0,22841.0,22841.0,2.0,0.0,0.0
2026-05-18 16:07:11,47,735412.0,68312.0,1535.0,0.0,0.0,0.0,1342.0,122.0,4.0,9.1205632e+07,8.66340864e+08,246.45000000000002,23.0,22940.0,0.0,22939.0,22939.0,2.0,0.0,0.0
2026-05-18 16:07:23,47,738737.0,68312.0,1535.0,0.0,0.0,0.0,1347.0,122.0,4.0,9.1205632e+07,8.66340864e+08,247.42000000000002,21.0,23039.0,0.0,23039.0,23039.0,2.0,0.0,0.0
2026-05-18 16:07:35,47,742062.0,68312.0,1535.0,0.0,0.0,0.0,1352.0,122.0,4.0,9.1205632e+07,8.66340864e+08,248.5,21.0,23138.0,0.0,23138.0,23138.0,2.0,0.0,0.0
2026-05-18 16:07:47,48,744722.0,68977.0,1535.0,0.0,0.0,0.0,1356.0,123.0,4.0,9.1205632e+07,8.66340864e+08,249.54999999999998,21.0,23237.0,0.0,23237.0,23237.0,2.0,0.0,0.0
2026-05-18 16:07:59,48,748607.0,68977.0,1535.0,0.0,0.0,0.0,1362.0,123.0,4.0,9.1205632e+07,8.66340864e+08,250.59,21.0,23335.0,0.0,23335.0,23335.0,2.0,0.0,0.0
2026-05-18 16:08:11,48,751267.0,69642.0,1535.0,0.0,0.0,0.0,1366.0,124.0,4.0,9.1205632e+07,8.66340864e+08,251.61,21.0,23435.0,0.0,23435.0,23435.0,2.0,0.0,0.0
2026-05-18 16:08:23,48,754592.0,69642.0,1535.0,0.0,0.0,0.0,1371.0,124.0,4.0,9.1205632e+07,8.66340864e+08,252.57999999999998,23.0,23533.0,0.0,23532.0,23532.0,2.0,0.0,0.0
2026-05-18 16:08:35,48,757252.0,70307.0,1535.0,0.0,0.0,0.0,1375.0,125.0,4.0,9.1205632e+07,8.66340864e+08,253.68,21.0,23632.0,0.0,23632.0,23632.0,2.0,0.0,0.0
2026-05-18 16:08:47,49,761102.0,70307.0,1535.0,0.0,0.0,0.0,1381.0,125.0,4.0,9.1205632e+07,8.66340864e+08,254.73,21.0,23732.0,0.0,23732.0,23732.0,2.0,0.0,0.0
2026-05-18 16:08:59,49,764427.0,70307.0,1535.0,0.0,0.0,0.0,1386.0,125.0,4.0,9.1205632e+07,8.66340864e+08,255.83,21.0,23832.0,0.0,23832.0,23832.0,2.0,0.0,0.0
2026-05-18 16:09:11,49,767157.0,70972.0,1535.0,0.0,0.0,0.0,1390.0,126.0,4.0,9.1205632e+07,8.66340864e+08,256.85,21.0,23931.0,0.0,23931.0,23931.0,2.0,0.0,0.0
2026-05-18 16:09:23,49,770555.0,70972.0,1535.0,0.0,0.0,0.0,1395.0,126.0,4.0,9.1205632e+07,8.66340864e+08,257.91,21.0,24031.0,0.0,24031.0,24031.0,2.0,0.0,0.0
2026-05-18 16:09:35,49,773285.0,71669.0,1535.0,0.0,0.0,0.0,1399.0,127.0,4.0,9.1205632e+07,8.66340864e+08,259.05,23.0,24131.0,0.0,24130.0,24130.0,2.0,0.0,0.0
2026-05-18 16:09:47,50,777278.0,71669.0,1535.0,0.0,0.0,0.0,1405.0,127.0,4.0,9.1205632e+07,8.66340864e+08,260.1,21.0,24230.0,0.0,24230.0,24230.0,2.0,0.0,0.0
2026-05-18 16:09:59,50,780037.0,72337.0,1535.0,0.0,0.0,0.0,1409.0,128.0,4.0,9.1205632e+07,8.66340864e+08,261.17,21.0,24330.0,0.0,24330.0,24330.0,2.0,0.0,0.0
2026-05-18 16:10:11,50,783435.0,72337.0,1535.0,0.0,0.0,0.0,1414.0,128.0,4.0,9.1205632e+07,8.66340864e+08,262.21,21.0,24429.0,0.0,24429.0,24429.0,2.0,0.0,0.0
2026-05-18 16:10:23,50,786862.0,72337.0,1535.0,0.0,0.0,0.0,1419.0,128.0,4.0,9.1205632e+07,8.66340864e+08,263.23,21.0,24528.0,0.0,24528.0,24528.0,2.0,0.0,0.0
2026-05-18 16:10:36,50,789592.0,73005.0,1535.0,0.0,0.0,0.0,1423.0,129.0,4.0,9.1205632e+07,8.66340864e+08,264.34,21.0,24628.0,0.0,24628.0,24628.0,2.0,0.0,0.0
2026-05-18 16:10:47,51,793019.0,73005.0,1535.0,0.0,0.0,0.0,1428.0,129.0,4.0,9.1205632e+07,8.66340864e+08,265.39,21.0,24727.0,0.0,24727.0,24727.0,2.0,0.0,0.0
2026-05-18 16:10:59,51,795749.0,73673.0,1535.0,0.0,0.0,0.0,1432.0,130.0,4.0,9.1205632e+07,8.66340864e+08,266.39,21.0,24826.0,0.0,24826.0,24826.0,2.0,0.0,0.0
2026-05-18 16:11:11,51,799176.0,73673.0,1535.0,0.0,0.0,0.0,1437.0,130.0,4.0,9.1205632e+07,8.66340864e+08,267.52,21.0,24925.0,0.0,24925.0,24925.0,2.0,0.0,0.0
2026-05-18 16:11:24,51,801906.0,74341.0,1535.0,0.0,0.0,0.0,1441.0,131.0,4.0,9.1205632e+07,8.66340864e+08,268.6,21.0,25025.0,0.0,25025.0,25025.0,2.0,0.0,0.0
2026-05-18 16:11:35,51,805896.0,74341.0,1535.0,0.0,0.0,0.0,1447.0,131.0,4.0,9.1205632e+07,8.66340864e+08,269.65000000000003,23.0,25124.0,0.0,25123.0,25123.0,2.0,0.0,0.0
2026-05-18 16:11:47,52,809291.0,74341.0,1535.0,0.0,0.0,0.0,1452.0,131.0,4.0,9.1205632e+07,8.66340864e+08,270.7,21.0,25221.0,0.0,25221.0,25221.0,2.0,0.0,0.0
2026-05-18 16:11:59,52,812021.0,75038.0,1535.0,0.0,0.0,0.0,1456.0,132.0,4.0,9.1205632e+07,8.66340864e+08,271.8,21.0,25321.0,0.0,25321.0,25321.0,2.0,0.0,0.0
2026-05-18 16:12:11,52,815419.0,75038.0,1535.0,0.0,0.0,0.0,1461.0,132.0,4.0,9.1205632e+07,8.66340864e+08,272.87,21.0,25421.0,0.0,25421.0,25421.0,2.0,0.0,0.0
2026-05-18 16:12:23,52,818149.0,75735.0,1535.0,0.0,0.0,0.0,1465.0,133.0,4.0,9.1205632e+07,8.66340864e+08,273.88,21.0,25518.0,0.0,25518.0,25518.0,2.0,0.0,0.0
2026-05-18 16:12:35,52,821547.0,75735.0,1535.0,0.0,0.0,0.0,1470.0,133.0,4.0,9.1205632e+07,8.66340864e+08,274.95,21.0,25619.0,0.0,25619.0,25619.0,2.0,0.0,0.0
2026-05-18 16:12:48,53,824277.0,76432.0,1535.0,0.0,0.0,0.0,1474.0,134.0,4.0,9.1205632e+07,8.66340864e+08,276.0,21.0,25718.0,0.0,25718.0,25718.0,2.0,0.0,0.0
2026-05-18 16:13:00,53,827675.0,76432.0,1535.0,0.0,0.0,0.0,1479.0,134.0,4.0,9.1205632e+07,8.66340864e+08,277.1,23.0,25818.0,0.0,25817.0,25817.0,2.0,0.0,0.0
2026-05-18 16:13:12,53,831560.0,76432.0,1535.0,0.0,0.0,0.0,1485.0,134.0,4.0,9.1205632e+07,8.66340864e+08,278.14000000000004,22.0,25919.0,0.0,25918.0,25918.0,2.0,0.0,0.0
2026-05-18 16:13:24,53,834290.0,77129.0,1535.0,0.0,0.0,0.0,1489.0,135.0,4.0,9.1205632e+07,8.66340864e+08,279.15000000000003,23.0,26019.0,0.0,26018.0,26018.0,2.0,0.0,0.0
2026-05-18 16:13:36,53,837688.0,77129.0,1535.0,0.0,0.0,0.0,1494.0,135.0,4.0,9.1205632e+07,8.66340864e+08,280.21999999999997,21.0,26117.0,0.0,26117.0,26117.0,2.0,0.0,0.0
2026-05-18 16:13:48,54,840418.0,77826.0,1535.0,0.0,0.0,0.0,1498.0,136.0,4.0,9.1205632e+07,8.66340864e+08,281.31,21.0,26217.0,0.0,26217.0,26217.0,2.0,0.0,0.0
2026-05-18 16:14:00,54,843816.0,77826.0,1535.0,0.0,0.0,0.0,1503.0,136.0,4.0,9.1205632e+07,8.66340864e+08,282.34000000000003,21.0,26317.0,0.0,26317.0,26317.0,2.0,0.0,0.0
2026-05-18 16:14:12,54,846546.0,78523.0,1535.0,0.0,0.0,0.0,1507.0,137.0,4.0,9.1205632e+07,8.66340864e+08,283.37,21.0,26415.0,0.0,26415.0,26415.0,2.0,0.0,0.0
2026-05-18 16:14:24,54,849944.0,78523.0,1535.0,0.0,0.0,0.0,1512.0,137.0,4.0,9.1205632e+07,8.66340864e+08,284.38,23.0,26516.0,0.0,26515.0,26515.0,2.0,0.0,0.0
2026-05-18 16:14:37,54,853899.0,78523.0,1535.0,0.0,0.0,0.0,1518.0,137.0,4.0,9.1205632e+07,8.66340864e+08,285.44,23.0,26615.0,0.0,26614.0,26614.0,2.0,0.0,0.0
2026-05-18 16:14:49,55,856629.0,79220.0,1535.0,0.0,0.0,0.0,1522.0,138.0,4.0,9.1205632e+07,8.66340864e+08,286.53,21.0,26713.0,0.0,26713.0,26713.0,2.0,0.0,0.0
2026-05-18 16:15:01,55,860027.0,79220.0,1535.0,0.0,0.0,0.0,1527.0,138.0,4.0,9.1205632e+07,8.66340864e+08,287.63,21.0,26812.0,0.0,26812.0,26812.0,2.0,0.0,0.0
2026-05-18 16:15:13,55,862757.0,79917.0,1535.0,0.0,0.0,0.0,1531.0,139.0,4.0,9.1205632e+07,8.66340864e+08,288.65,21.0,26910.0,0.0,26910.0,26910.0,2.0,0.0,0.0
2026-05-18 16:15:25,55,866155.0,79917.0,1535.0,0.0,0.0,0.0,1536.0,139.0,4.0,9.1205632e+07,8.66340864e+08,289.71,21.0,27008.0,0.0,27008.0,27008.0,2.0,0.0,0.0
2026-05-18 16:15:37,55,868885.0,80614.0,1535.0,0.0,0.0,0.0,1540.0,140.0,4.0,9.1205632e+07,8.66340864e+08,290.74,21.0,27107.0,0.0,27107.0,27107.0,2.0,0.0,0.0
2026-05-18 16:15:49,56,872283.0,80614.0,1535.0,0.0,0.0,0.0,1545.0,140.0,4.0,9.1205632e+07,8.66340864e+08,291.77,21.0,27206.0,0.0,27206.0,27206.0,2.0,0.0,0.0
2026-05-18 16:16:01,56,875710.0,80614.0,1535.0,0.0,0.0,0.0,1550.0,140.0,4.0,9.1205632e+07,8.66340864e+08,292.82,21.0,27306.0,0.0,27306.0,27306.0,2.0,0.0,0.0
2026-05-18 16:16:13,56,878411.0,81311.0,1535.0,0.0,0.0,0.0,1554.0,141.0,4.0,9.1205632e+07,8.66340864e+08,293.81,21.0,27405.0,0.0,27405.0,27405.0,2.0,0.0,0.0
2026-05-18 16:16:25,56,881838.0,81311.0,1535.0,0.0,0.0,0.0,1559.0,141.0,4.0,9.1205632e+07,8.66340864e+08,294.85,21.0,27504.0,0.0,27504.0,27504.0,2.0,0.0,0.0
2026-05-18 16:16:36,56,884539.0,82008.0,1535.0,0.0,0.0,0.0,1563.0,142.0,4.0,9.1205632e+07,8.66340864e+08,295.88,21.0,27601.0,0.0,27601.0,27601.0,2.0,0.0,0.0
2026-05-18 16:16:48,57,887966.0,82008.0,1535.0,0.0,0.0,0.0,1568.0,142.0,4.0,9.1205632e+07,8.66340864e+08,296.93,21.0,27700.0,0.0,27700.0,27700.0,2.0,0.0,0.0
2026-05-18 16:17:00,57,891364.0,82008.0,1535.0,0.0,0.0,0.0,1573.0,142.0,4.0,9.1205632e+07,8.66340864e+08,298.0,21.0,27800.0,0.0,27800.0,27800.0,2.0,0.0,0.0
2026-05-18 16:17:13,57,894759.0,82603.0,1535.0,0.0,0.0,0.0,1578.0,143.0,4.0,9.1205632e+07,8.66340864e+08,299.02000000000004,21.0,27898.0,0.0,27898.0,27898.0,2.0,0.0,0.0
2026-05-18 16:17:25,57,898186.0,82603.0,1535.0,0.0,0.0,0.0,1583.0,143.0,4.0,9.1205632e+07,8.66340864e+08,300.1,21.0,27999.0,0.0,27999.0,27999.0,2.0,0.0,0.0
2026-05-18 16:17:37,57,900887.0,83300.0,1535.0,0.0,0.0,0.0,1587.0,144.0,4.0,9.1205632e+07,8.66340864e+08,301.18,21.0,28097.0,0.0,28097.0,28097.0,2.0,0.0,0.0
2026-05-18 16:17:49,58,904314.0,83300.0,1535.0,0.0,0.0,0.0,1592.0,144.0,4.0,9.1205632e+07,8.66340864e+08,302.21999999999997,21.0,28195.0,0.0,28195.0,28195.0,2.0,0.0,0.0
2026-05-18 16:18:01,58,907015.0,83997.0,1535.0,0.0,0.0,0.0,1596.0,145.0,4.0,9.1205632e+07,8.66340864e+08,303.33,21.0,28295.0,0.0,28295.0,28295.0,2.0,0.0,0.0
2026-05-18 16:18:13,58,910442.0,83997.0,1535.0,0.0,0.0,0.0,1601.0,145.0,4.0,9.1205632e+07,8.66340864e+08,304.37,21.0,28394.0,0.0,28394.0,28394.0,2.0,0.0,0.0
2026-05-18 16:18:25,58,913840.0,83997.0,1535.0,0.0,0.0,0.0,1606.0,145.0,4.0,9.1205632e+07,8.66340864e+08,305.41999999999996,21.0,28492.0,0.0,28492.0,28492.0,2.0,0.0,0.0
2026-05-18 16:18:37,58,916570.0,84694.0,1535.0,0.0,0.0,0.0,1610.0,146.0,4.0,9.1205632e+07,8.66340864e+08,306.44,21.0,28591.0,0.0,28591.0,28591.0,2.0,0.0,0.0
2026-05-18 16:18:49,59,919968.0,84694.0,1535.0,0.0,0.0,0.0,1615.0,146.0,4.0,9.1205632e+07,8.66340864e+08,307.5,21.0,28691.0,0.0,28691.0,28691.0,2.0,0.0,0.0
2026-05-18 16:19:01,59,922698.0,85391.0,1535.0,0.0,0.0,0.0,1619.0,147.0,4.0,9.1205632e+07,8.66340864e+08,308.51,21.0,28791.0,0.0,28791.0,28791.0,2.0,0.0,0.0
2026-05-18 16:19:13,59,926688.0,85391.0,1535.0,0.0,0.0,0.0,1625.0,147.0,4.0,9.1205632e+07,8.66340864e+08,309.48,21.0,28890.0,0.0,28890.0,28890.0,2.0,0.0,0.0
2026-05-18 16:19:25,59,929389.0,86088.0,1535.0,0.0,0.0,0.0,1629.0,148.0,4.0,9.1205632e+07,8.66340864e+08,310.53000000000003,21.0,28988.0,0.0,28988.0,28988.0,2.0,0.0,0.0
2026-05-18 16:19:37,59,932816.0,86088.0,1535.0,0.0,0.0,0.0,1634.0,148.0,4.0,9.1205632e+07,8.66340864e+08,311.57,21.0,29085.0,0.0,29085.0,29085.0,2.0,0.0,0.0
2026-05-18 16:19:49,60,936214.0,86088.0,1535.0,0.0,0.0,0.0,1639.0,148.0,4.0,9.1205632e+07,8.66340864e+08,312.64,22.0,29183.0,0.0,29183.0,29183.0,2.0,0.0,0.0
2026-05-18 16:20:01,60,938944.0,86785.0,1535.0,0.0,0.0,0.0,1643.0,149.0,4.0,9.1205632e+07,8.66340864e+08,313.73,21.0,29281.0,0.0,29281.0,29281.0,2.0,0.0,0.0
2026-05-18 16:20:14,60,942342.0,86785.0,1535.0,0.0,0.0,0.0,1648.0,149.0,4.0,9.1205632e+07,8.66340864e+08,314.88,21.0,29383.0,0.0,29383.0,29383.0,2.0,0.0,0.0
2026-05-18 16:20:26,60,945072.0,87482.0,1535.0,0.0,0.0,0.0,1652.0,150.0,4.0,9.1205632e+07,8.66340864e+08,316.19000000000005,21.0,29482.0,0.0,29482.0,29482.0,2.0,0.0,0.0
2026-05-18 16:20:38,60,948470.0,87482.0,1535.0,0.0,0.0,0.0,1657.0,150.0,4.0,9.1205632e+07,8.66340864e+08,317.3,21.0,29581.0,0.0,29581.0,29581.0,2.0,0.0,0.0
2026-05-18 16:20:50,61,951200.0,88179.0,1535.0,0.0,0.0,0.0,1661.0,151.0,4.0,9.1205632e+07,8.66340864e+08,318.32,21.0,29680.0,0.0,29680.0,29680.0,2.0,0.0,0.0
2026-05-18 16:21:02,61,954598.0,88179.0,1535.0,0.0,0.0,0.0,1666.0,151.0,4.0,9.1205632e+07,8.66340864e+08,319.43,22.0,29780.0,0.0,29779.0,29779.0,2.0,0.0,0.0
2026-05-18 16:21:14,61,958025.0,88179.0,1535.0,0.0,0.0,0.0,1671.0,151.0,4.0,9.1205632e+07,8.66340864e+08,320.46,21.0,29879.0,0.0,29879.0,29879.0,2.0,0.0,0.0
2026-05-18 16:21:26,61,960726.0,88876.0,1535.0,0.0,0.0,0.0,1675.0,152.0,4.0,9.1205632e+07,8.66340864e+08,321.54,21.0,29978.0,0.0,29978.0,29978.0,2.0,0.0,0.0
2026-05-18 16:21:39,61,964716.0,88876.0,1535.0,0.0,0.0,0.0,1681.0,152.0,4.0,9.1205632e+07,8.66340864e+08,322.71,21.0,30077.0,0.0,30077.0,30077.0,2.0,0.0,0.0
2026-05-18 16:21:51,62,967446.0,89573.0,1535.0,0.0,0.0,0.0,1685.0,153.0,4.0,9.1205632e+07,8.66340864e+08,323.83,21.0,30177.0,0.0,30177.0,30177.0,2.0,0.0,0.0
2026-05-18 16:22:03,62,970844.0,89573.0,1535.0,0.0,0.0,0.0,1690.0,153.0,4.0,9.1205632e+07,8.66340864e+08,324.92,23.0,30276.0,0.0,30275.0,30275.0,2.0,0.0,0.0
2026-05-18 16:22:15,62,973574.0,90270.0,1535.0,0.0,0.0,0.0,1694.0,154.0,4.0,9.1205632e+07,8.66340864e+08,325.93,23.0,30375.0,0.0,30374.0,30374.0,2.0,0.0,0.0
2026-05-18 16:22:28,62,976972.0,90270.0,1535.0,0.0,0.0,0.0,1699.0,154.0,4.0,9.1205632e+07,8.66340864e+08,326.96000000000004,23.0,30474.0,0.0,30473.0,30473.0,2.0,0.0,0.0
2026-05-18 16:22:40,62,980399.0,90270.0,1535.0,0.0,0.0,0.0,1704.0,154.0,4.0,9.1205632e+07,8.66340864e+08,328.03000000000003,21.0,30573.0,0.0,30573.0,30573.0,2.0,0.0,0.0
2026-05-18 16:22:52,63,983100.0,90967.0,1535.0,0.0,0.0,0.0,1708.0,155.0,4.0,9.1205632e+07,8.66340864e+08,329.07,21.0,30672.0,0.0,30672.0,30672.0,2.0,0.0,0.0
2026-05-18 16:23:04,63,986527.0,90967.0,1535.0,0.0,0.0,0.0,1713.0,155.0,4.0,9.1205632e+07,8.66340864e+08,330.11999999999995,21.0,30771.0,0.0,30771.0,30771.0,2.0,0.0,0.0
2026-05-18 16:23:16,63,989228.0,91664.0,1535.0,0.0,0.0,0.0,1717.0,156.0,4.0,9.1205632e+07,8.66340864e+08,331.11,21.0,30867.0,0.0,30867.0,30867.0,2.0,0.0,0.0
2026-05-18 16:23:28,63,992655.0,91664.0,1535.0,0.0,0.0,0.0,1722.0,156.0,4.0,9.1205632e+07,8.66340864e+08,332.16,21.0,30966.0,0.0,30966.0,30966.0,2.0,0.0,0.0
2026-05-18 16:23:40,63,996053.0,91664.0,1535.0,0.0,0.0,0.0,1727.0,156.0,4.0,9.1205632e+07,8.66340864e+08,333.26,21.0,31065.0,0.0,31065.0,31065.0,2.0,0.0,0.0
2026-05-18 16:23:52,64,998783.0,92361.0,1535.0,0.0,0.0,0.0,1731.0,157.0,4.0,9.1205632e+07,8.66340864e+08,334.40000000000003,21.0,31164.0,0.0,31164.0,31164.0,2.0,0.0,0.0
2026-05-18 16:24:04,64,1.002741e+06,92361.0,1535.0,0.0,0.0,0.0,1737.0,157.0,4.0,9.1205632e+07,8.66340864e+08,335.47,21.0,31263.0,0.0,31263.0,31263.0,2.0,0.0,0.0
2026-05-18 16:24:16,64,1.0055e+06,93029.0,1535.0,0.0,0.0,0.0,1741.0,158.0,4.0,9.1205632e+07,8.66340864e+08,336.56,21.0,31363.0,0.0,31363.0,31363.0,2.0,0.0,0.0
2026-05-18 16:24:28,64,1.008898e+06,93029.0,1535.0,0.0,0.0,0.0,1746.0,158.0,4.0,9.1205632e+07,8.66340864e+08,337.61,23.0,31463.0,0.0,31462.0,31462.0,2.0,0.0,0.0
2026-05-18 16:24:41,64,1.011657e+06,93697.0,1535.0,0.0,0.0,0.0,1750.0,159.0,4.0,9.1205632e+07,8.66340864e+08,338.69,21.0,31562.0,0.0,31562.0,31562.0,2.0,0.0,0.0
2026-05-18 16:24:53,65,1.015055e+06,93697.0,1535.0,0.0,0.0,0.0,1755.0,159.0,4.0,9.1205632e+07,8.66340864e+08,339.76000000000005,21.0,31659.0,0.0,31659.0,31659.0,2.0,0.0,0.0
2026-05-18 16:25:05,65,1.018482e+06,93697.0,1535.0,0.0,0.0,0.0,1760.0,159.0,4.0,9.1205632e+07,8.66340864e+08,340.85,21.0,31758.0,0.0,31758.0,31758.0,2.0,0.0,0.0
2026-05-18 16:25:17,65,1.021212e+06,94365.0,1535.0,0.0,0.0,0.0,1764.0,160.0,4.0,9.1205632e+07,8.66340864e+08,341.82,23.0,31856.0,0.0,31855.0,31855.0,2.0,0.0,0.0
2026-05-18 16:25:29,65,1.024639e+06,94365.0,1535.0,0.0,0.0,0.0,1769.0,160.0,4.0,9.1205632e+07,8.66340864e+08,342.93,21.0,31955.0,0.0,31955.0,31955.0,2.0,0.0,0.0
2026-05-18 16:25:41,65,1.027369e+06,95033.0,1535.0,0.0,0.0,0.0,1773.0,161.0,4.0,9.1205632e+07,8.66340864e+08,343.98999999999995,21.0,32053.0,0.0,32053.0,32053.0,2.0,0.0,0.0
2026-05-18 16:25:53,66,1.030796e+06,95033.0,1535.0,0.0,0.0,0.0,1778.0,161.0,4.0,9.1205632e+07,8.66340864e+08,345.1,21.0,32154.0,0.0,32154.0,32154.0,2.0,0.0,0.0
2026-05-18 16:26:05,66,1.033526e+06,95701.0,1535.0,0.0,0.0,0.0,1782.0,162.0,4.0,9.1205632e+07,8.66340864e+08,346.12,21.0,32251.0,0.0,32251.0,32251.0,2.0,0.0,0.0
2026-05-18 16:26:17,66,1.036953e+06,95701.0,1535.0,0.0,0.0,0.0,1787.0,162.0,4.0,9.1205632e+07,8.66340864e+08,347.17,21.0,32350.0,0.0,32350.0,32350.0,2.0,0.0,0.0
2026-05-18 16:26:29,66,1.040911e+06,95701.0,1535.0,0.0,0.0,0.0,1793.0,162.0,4.0,9.1205632e+07,8.66340864e+08,348.27,21.0,32449.0,0.0,32449.0,32449.0,2.0,0.0,0.0
2026-05-18 16:26:41,66,1.043641e+06,96398.0,1535.0,0.0,0.0,0.0,1797.0,163.0,4.0,9.1205632e+07,8.66340864e+08,349.39,21.0,32549.0,0.0,32549.0,32549.0,2.0,0.0,0.0
2026-05-18 16:26:53,67,1.047039e+06,96398.0,1535.0,0.0,0.0,0.0,1802.0,163.0,4.0,9.1205632e+07,8.66340864e+08,350.43,21.0,32648.0,0.0,32648.0,32648.0,2.0,0.0,0.0
2026-05-18 16:27:05,67,1.049769e+06,97095.0,1535.0,0.0,0.0,0.0,1806.0,164.0,4.0,9.1205632e+07,8.66340864e+08,351.52,23.0,32746.0,0.0,32745.0,32745.0,2.0,0.0,0.0
2026-05-18 16:27:18,67,1.053167e+06,97095.0,1535.0,0.0,0.0,0.0,1811.0,164.0,4.0,9.1205632e+07,8.66340864e+08,352.56,21.0,32844.0,0.0,32844.0,32844.0,2.0,0.0,0.0
2026-05-18 16:27:30,67,1.055897e+06,97792.0,1535.0,0.0,0.0,0.0,1815.0,165.0,4.0,9.1205632e+07,8.66340864e+08,353.65000000000003,21.0,32944.0,0.0,32944.0,32944.0,2.0,0.0,0.0
2026-05-18 16:27:42,68,1.059295e+06,97792.0,1535.0,0.0,0.0,0.0,1820.0,165.0,4.0,9.1205632e+07,8.66340864e+08,354.7,22.0,33045.0,0.0,33044.0,33044.0,2.0,0.0,0.0
2026-05-18 16:27:54,68,1.062722e+06,97792.0,1535.0,0.0,0.0,0.0,1825.0,165.0,4.0,9.1205632e+07,8.66340864e+08,355.76,21.0,33141.0,0.0,33141.0,33141.0,2.0,0.0,0.0
2026-05-18 16:28:06,68,1.064962e+06,98489.0,2203.0,0.0,0.0,0.0,1829.0,166.0,5.0,9.1205632e+07,8.66340864e+08,356.87,21.0,33239.0,0.0,33239.0,33239.0,2.0,0.0,0.0
2026-05-18 16:28:18,68,1.068532e+06,98489.0,2203.0,0.0,0.0,0.0,1835.0,166.0,5.0,9.1205632e+07,8.66340864e+08,357.94,21.0,33338.0,0.0,33338.0,33338.0,2.0,0.0,0.0
2026-05-18 16:28:30,68,1.071507e+06,99084.0,2203.0,0.0,0.0,0.0,1840.0,167.0,5.0,9.1205632e+07,8.66340864e+08,359.0,21.0,33437.0,0.0,33437.0,33437.0,2.0,0.0,0.0
2026-05-18 16:28:42,69,1.074482e+06,99084.0,2203.0,0.0,0.0,0.0,1845.0,167.0,5.0,9.1205632e+07,8.66340864e+08,360.05,23.0,33534.0,0.0,33533.0,33533.0,2.0,0.0,0.0
2026-05-18 16:28:54,69,1.077282e+06,99679.0,2203.0,0.0,0.0,0.0,1850.0,168.0,5.0,9.1205632e+07,8.66340864e+08,361.09,21.0,33631.0,0.0,33631.0,33631.0,2.0,0.0,0.0
2026-05-18 16:29:06,69,1.080992e+06,99679.0,2203.0,0.0,0.0,0.0,1856.0,168.0,5.0,9.1205632e+07,8.66340864e+08,362.16,21.0,33729.0,0.0,33729.0,33729.0,2.0,0.0,0.0
2026-05-18 16:29:18,69,1.083652e+06,100344.0,2203.0,0.0,0.0,0.0,1860.0,169.0,5.0,9.1205632e+07,8.66340864e+08,363.17,21.0,33826.0,0.0,33826.0,33826.0,2.0,0.0,0.0
2026-05-18 16:29:30,69,1.086977e+06,100344.0,2203.0,0.0,0.0,0.0,1865.0,169.0,5.0,9.1205632e+07,8.66340864e+08,364.25,23.0,33925.0,0.0,33924.0,33924.0,2.0,0.0,0.0
2026-05-18 16:29:42,70,1.090302e+06,100344.0,2203.0,0.0,0.0,0.0,1870.0,169.0,5.0,9.1205632e+07,8.66340864e+08,365.31,21.0,34023.0,0.0,34023.0,34023.0,2.0,0.0,0.0
2026-05-18 16:29:54,70,1.092962e+06,101009.0,2203.0,0.0,0.0,0.0,1874.0,170.0,5.0,9.1205632e+07,8.66340864e+08,366.37,21.0,34121.0,0.0,34121.0,34121.0,2.0,0.0,0.0
2026-05-18 16:30:06,70,1.096847e+06,101009.0,2203.0,0.0,0.0,0.0,1880.0,170.0,5.0,9.1205632e+07,8.66340864e+08,367.37,21.0,34219.0,0.0,34219.0,34219.0,2.0,0.0,0.0
2026-05-18 16:30:18,70,1.099507e+06,101674.0,2203.0,0.0,0.0,0.0,1884.0,171.0,5.0,9.1205632e+07,8.66340864e+08,368.46000000000004,23.0,34318.0,0.0,34317.0,34317.0,2.0,0.0,0.0
2026-05-18 16:30:30,70,1.102832e+06,101674.0,2203.0,0.0,0.0,0.0,1889.0,171.0,5.0,9.1205632e+07,8.66340864e+08,369.54,21.0,34416.0,0.0,34416.0,34416.0,2.0,0.0,0.0
2026-05-18 16:30:42,71,1.105492e+06,102339.0,2203.0,0.0,0.0,0.0,1893.0,172.0,5.0,9.1205632e+07,8.66340864e+08,370.56,21.0,34515.0,0.0,34515.0,34515.0,2.0,0.0,0.0
2026-05-18 16:30:54,71,1.109482e+06,102339.0,2203.0,0.0,0.0,0.0,1899.0,172.0,5.0,9.1205632e+07,8.66340864e+08,371.59000000000003,21.0,34615.0,0.0,34615.0,34615.0,2.0,0.0,0.0
2026-05-18 16:31:06,71,1.112142e+06,103004.0,2203.0,0.0,0.0,0.0,1903.0,173.0,5.0,9.1205632e+07,8.66340864e+08,372.61,21.0,34713.0,0.0,34713.0,34713.0,2.0,0.0,0.0
2026-05-18 16:31:19,71,1.115467e+06,103004.0,2203.0,0.0,0.0,0.0,1908.0,173.0,5.0,9.1205632e+07,8.66340864e+08,373.67,23.0,34813.0,0.0,34812.0,34812.0,2.0,0.0,0.0
2026-05-18 16:31:31,71,1.118792e+06,103004.0,2203.0,0.0,0.0,0.0,1913.0,173.0,5.0,9.1205632e+07,8.66340864e+08,374.72,21.0,34911.0,0.0,34911.0,34911.0,2.0,0.0,0.0
2026-05-18 16:31:43,72,1.121452e+06,103669.0,2203.0,0.0,0.0,0.0,1917.0,174.0,5.0,9.1205632e+07,8.66340864e+08,375.74,21.0,35011.0,0.0,35011.0,35011.0,2.0,0.0,0.0
2026-05-18 16:31:55,72,1.125337e+06,103669.0,2203.0,0.0,0.0,0.0,1923.0,174.0,5.0,9.1205632e+07,8.66340864e+08,376.78,21.0,35110.0,0.0,35110.0,35110.0,2.0,0.0,0.0
2026-05-18 16:32:07,72,1.128032e+06,104334.0,2203.0,0.0,0.0,0.0,1927.0,175.0,5.0,9.1205632e+07,8.66340864e+08,377.86,21.0,35209.0,0.0,35209.0,35209.0,2.0,0.0,0.0
2026-05-18 16:32:19,72,1.13143e+06,104334.0,2203.0,0.0,0.0,0.0,1932.0,175.0,5.0,9.1205632e+07,8.66340864e+08,378.91,21.0,35308.0,0.0,35308.0,35308.0,2.0,0.0,0.0
2026-05-18 16:32:31,72,1.13416e+06,105031.0,2203.0,0.0,0.0,0.0,1936.0,176.0,5.0,9.1205632e+07,8.66340864e+08,379.94,21.0,35405.0,0.0,35405.0,35405.0,2.0,0.0,0.0
2026-05-18 16:32:43,73,1.137558e+06,105031.0,2203.0,0.0,0.0,0.0,1941.0,176.0,5.0,9.1205632e+07,8.66340864e+08,380.99,23.0,35503.0,0.0,35502.0,35502.0,2.0,0.0,0.0
2026-05-18 16:32:55,73,1.140985e+06,105031.0,2203.0,0.0,0.0,0.0,1946.0,176.0,5.0,9.1205632e+07,8.66340864e+08,382.09,21.0,35603.0,0.0,35603.0,35603.0,2.0,0.0,0.0
2026-05-18 16:33:08,73,1.143686e+06,105728.0,2203.0,0.0,0.0,0.0,1950.0,177.0,5.0,9.1205632e+07,8.66340864e+08,383.12,21.0,35702.0,0.0,35702.0,35702.0,2.0,0.0,0.0
2026-05-18 16:33:20,73,1.147113e+06,105728.0,2203.0,0.0,0.0,0.0,1955.0,177.0,5.0,9.1205632e+07,8.66340864e+08,384.13,21.0,35801.0,0.0,35801.0,35801.0,2.0,0.0,0.0
2026-05-18 16:33:32,73,1.149814e+06,106425.0,2203.0,0.0,0.0,0.0,1959.0,178.0,5.0,9.1205632e+07,8.66340864e+08,385.18,21.0,35900.0,0.0,35900.0,35900.0,2.0,0.0,0.0
2026-05-18 16:33:44,74,1.153769e+06,106425.0,2203.0,0.0,0.0,0.0,1965.0,178.0,5.0,9.1205632e+07,8.66340864e+08,386.25,21.0,35999.0,0.0,35999.0,35999.0,2.0,0.0,0.0
2026-05-18 16:33:56,74,1.156499e+06,107122.0,2203.0,0.0,0.0,0.0,1969.0,179.0,5.0,9.1205632e+07,8.66340864e+08,387.31,21.0,36097.0,0.0,36097.0,36097.0,2.0,0.0,0.0
2026-05-18 16:34:08,74,1.159897e+06,107122.0,2203.0,0.0,0.0,0.0,1974.0,179.0,5.0,9.1205632e+07,8.66340864e+08,388.40999999999997,21.0,36196.0,0.0,36196.0,36196.0,2.0,0.0,0.0
2026-05-18 16:34:20,74,1.163324e+06,107122.0,2203.0,0.0,0.0,0.0,1979.0,179.0,5.0,9.1205632e+07,8.66340864e+08,389.41,21.0,36296.0,0.0,36296.0,36296.0,2.0,0.0,0.0
2026-05-18 16:34:32,74,1.166025e+06,107819.0,2203.0,0.0,0.0,0.0,1983.0,180.0,5.0,9.1205632e+07,8.66340864e+08,390.49,21.0,36395.0,0.0,36395.0,36395.0,2.0,0.0,0.0
2026-05-18 16:34:45,75,1.169452e+06,107819.0,2203.0,0.0,0.0,0.0,1988.0,180.0,5.0,9.1205632e+07,8.66340864e+08,391.55999999999995,21.0,36493.0,0.0,36493.0,36493.0,2.0,0.0,0.0
2026-05-18 16:34:57,75,1.172153e+06,108516.0,2203.0,0.0,0.0,0.0,1992.0,181.0,5.0,9.1205632e+07,8.66340864e+08,392.59999999999997,21.0,36594.0,0.0,36594.0,36594.0,2.0,0.0,0.0
2026-05-18 16:35:09,75,1.17558e+06,108516.0,2203.0,0.0,0.0,0.0,1997.0,181.0,5.0,9.1205632e+07,8.66340864e+08,393.67,21.0,36693.0,0.0,36693.0,36693.0,2.0,0.0,0.0
2026-05-18 16:35:21,75,1.178978e+06,108516.0,2203.0,0.0,0.0,0.0,2002.0,181.0,5.0,9.1205632e+07,8.66340864e+08,394.72,22.0,36791.0,0.0,36790.0,36790.0,2.0,0.0,0.0
2026-05-18 16:35:33,75,1.181708e+06,109213.0,2203.0,0.0,0.0,0.0,2006.0,182.0,5.0,9.1205632e+07,8.66340864e+08,395.84999999999997,23.0,36889.0,0.0,36888.0,36888.0,2.0,0.0,0.0
2026-05-18 16:35:46,76,1.185596e+06,109213.0,2203.0,0.0,0.0,0.0,2012.0,182.0,5.0,9.1205632e+07,8.66340864e+08,396.85,23.0,36990.0,0.0,36989.0,36989.0,2.0,0.0,0.0
2026-05-18 16:35:58,76,1.188355e+06,109881.0,2203.0,0.0,0.0,0.0,2016.0,183.0,5.0,9.1205632e+07,8.66340864e+08,397.88,21.0,37089.0,0.0,37089.0,37089.0,2.0,0.0,0.0
2026-05-18 16:36:10,76,1.191753e+06,109881.0,2203.0,0.0,0.0,0.0,2021.0,183.0,5.0,9.1205632e+07,8.66340864e+08,398.95000000000005,21.0,37187.0,0.0,37187.0,37187.0,2.0,0.0,0.0
2026-05-18 16:36:22,76,1.194512e+06,110549.0,2203.0,0.0,0.0,0.0,2025.0,184.0,5.0,9.1205632e+07,8.66340864e+08,400.0,21.0,37285.0,0.0,37285.0,37285.0,2.0,0.0,0.0
2026-05-18 16:36:34,76,1.19791e+06,110549.0,2203.0,0.0,0.0,0.0,2030.0,184.0,5.0,9.1205632e+07,8.66340864e+08,401.08,21.0,37384.0,0.0,37384.0,37384.0,2.0,0.0,0.0
2026-05-18 16:36:46,77,1.201337e+06,110549.0,2203.0,0.0,0.0,0.0,2035.0,184.0,5.0,9.1205632e+07,8.66340864e+08,402.16,21.0,37483.0,0.0,37483.0,37483.0,2.0,0.0,0.0
2026-05-18 16:36:58,77,1.204067e+06,111217.0,2203.0,0.0,0.0,0.0,2039.0,185.0,5.0,9.1205632e+07,8.66340864e+08,403.27,21.0,37581.0,0.0,37581.0,37581.0,2.0,0.0,0.0
2026-05-18 16:37:11,77,1.207494e+06,111217.0,2203.0,0.0,0.0,0.0,2044.0,185.0,5.0,9.1205632e+07,8.66340864e+08,404.28,21.0,37679.0,0.0,37679.0,37679.0,2.0,0.0,0.0
2026-05-18 16:37:23,77,1.210224e+06,111885.0,2203.0,0.0,0.0,0.0,2048.0,186.0,5.0,9.1205632e+07,8.66340864e+08,405.39,21.0,37776.0,0.0,37776.0,37776.0,2.0,0.0,0.0
2026-05-18 16:37:35,77,1.213651e+06,111885.0,2203.0,0.0,0.0,0.0,2053.0,186.0,5.0,9.1205632e+07,8.66340864e+08,406.49,21.0,37875.0,0.0,37875.0,37875.0,2.0,0.0,0.0
2026-05-18 16:37:47,78,1.216381e+06,112553.0,2203.0,0.0,0.0,0.0,2057.0,187.0,5.0,9.1205632e+07,8.66340864e+08,407.52000000000004,21.0,37973.0,0.0,37973.0,37973.0,2.0,0.0,0.0
2026-05-18 16:37:59,78,1.219808e+06,112553.0,2203.0,0.0,0.0,0.0,2062.0,187.0,5.0,9.1205632e+07,8.66340864e+08,408.57,21.0,38071.0,0.0,38071.0,38071.0,2.0,0.0,0.0
2026-05-18 16:38:11,78,1.223206e+06,112553.0,2203.0,0.0,0.0,0.0,2067.0,187.0,5.0,9.1205632e+07,8.66340864e+08,409.59000000000003,21.0,38170.0,0.0,38170.0,38170.0,2.0,0.0,0.0
2026-05-18 16:38:23,78,1.225965e+06,113221.0,2203.0,0.0,0.0,0.0,2071.0,188.0,5.0,9.1205632e+07,8.66340864e+08,410.66,21.0,38269.0,0.0,38269.0,38269.0,2.0,0.0,0.0
2026-05-18 16:38:35,78,1.229363e+06,113221.0,2203.0,0.0,0.0,0.0,2076.0,188.0,5.0,9.1205632e+07,8.66340864e+08,411.75,21.0,38367.0,0.0,38367.0,38367.0,2.0,0.0,0.0
2026-05-18 16:38:47,79,1.23265e+06,113889.0,2203.0,0.0,0.0,0.0,2081.0,189.0,5.0,9.1205632e+07,8.66340864e+08,412.86,21.0,38465.0,0.0,38465.0,38465.0,2.0,0.0,0.0
2026-05-18 16:39:00,79,1.236077e+06,113889.0,2203.0,0.0,0.0,0.0,2086.0,189.0,5.0,9.1205632e+07,8.66340864e+08,413.98,21.0,38565.0,0.0,38565.0,38565.0,2.0,0.0,0.0
2026-05-18 16:39:12,79,1.238807e+06,114557.0,2203.0,0.0,0.0,0.0,2090.0,190.0,5.0,9.1205632e+07,8.66340864e+08,415.08,21.0,38664.0,0.0,38664.0,38664.0,2.0,0.0,0.0
2026-05-18 16:39:24,79,1.242234e+06,114557.0,2203.0,0.0,0.0,0.0,2095.0,190.0,5.0,9.1205632e+07,8.66340864e+08,416.15000000000003,21.0,38764.0,0.0,38764.0,38764.0,2.0,0.0,0.0
2026-05-18 16:39:36,79,1.245632e+06,114557.0,2203.0,0.0,0.0,0.0,2100.0,190.0,5.0,9.1205632e+07,8.66340864e+08,417.25,21.0,38862.0,0.0,38862.0,38862.0,2.0,0.0,0.0
2026-05-18 16:39:48,80,1.248391e+06,115225.0,2203.0,0.0,0.0,0.0,2104.0,191.0,5.0,9.1205632e+07,8.66340864e+08,418.21999999999997,23.0,38961.0,0.0,38960.0,38960.0,2.0,0.0,0.0
2026-05-18 16:40:00,80,1.251789e+06,115225.0,2203.0,0.0,0.0,0.0,2109.0,191.0,5.0,9.1205632e+07,8.66340864e+08,419.21000000000004,21.0,39059.0,0.0,39059.0,39059.0,2.0,0.0,0.0
2026-05-18 16:40:12,80,1.254548e+06,115893.0,2203.0,0.0,0.0,0.0,2113.0,192.0,5.0,9.1205632e+07,8.66340864e+08,420.29,21.0,39159.0,0.0,39159.0,39159.0,2.0,0.0,0.0
2026-05-18 16:40:25,80,1.257946e+06,115893.0,2203.0,0.0,0.0,0.0,2118.0,192.0,5.0,9.1205632e+07,8.66340864e+08,421.35,23.0,39259.0,0.0,39258.0,39258.0,2.0,0.0,0.0
2026-05-18 16:40:37,80,1.261198e+06,116561.0,2203.0,0.0,0.0,0.0,2123.0,193.0,5.0,9.1205632e+07,8.66340864e+08,422.43,21.0,39358.0,0.0,39358.0,39358.0,2.0,0.0,0.0
2026-05-18 16:40:49,81,1.264625e+06,116561.0,2203.0,0.0,0.0,0.0,2128.0,193.0,5.0,9.1205632e+07,8.66340864e+08,423.51,21.0,39458.0,0.0,39458.0,39458.0,2.0,0.0,0.0
2026-05-18 16:41:01,81,1.268023e+06,116561.0,2203.0,0.0,0.0,0.0,2133.0,193.0,5.0,9.1205632e+07,8.66340864e+08,424.55,21.0,39556.0,0.0,39556.0,39556.0,2.0,0.0,0.0
2026-05-18 16:41:13,81,1.270782e+06,117229.0,2203.0,0.0,0.0,0.0,2137.0,194.0,5.0,9.1205632e+07,8.66340864e+08,425.53999999999996,21.0,39657.0,0.0,39657.0,39657.0,2.0,0.0,0.0
2026-05-18 16:41:26,81,1.27418e+06,117229.0,2203.0,0.0,0.0,0.0,2142.0,194.0,5.0,9.1205632e+07,8.66340864e+08,426.64,21.0,39757.0,0.0,39757.0,39757.0,2.0,0.0,0.0
2026-05-18 16:41:38,81,1.276939e+06,117897.0,2203.0,0.0,0.0,0.0,2146.0,195.0,5.0,9.1205632e+07,8.66340864e+08,427.69,21.0,39856.0,0.0,39856.0,39856.0,2.0,0.0,0.0
2026-05-18 16:41:50,82,1.280337e+06,117897.0,2203.0,0.0,0.0,0.0,2151.0,195.0,5.0,9.1205632e+07,8.66340864e+08,428.76,21.0,39953.0,0.0,39953.0,39953.0,2.0,0.0,0.0
2026-05-18 16:42:02,82,1.283764e+06,117897.0,2203.0,0.0,0.0,0.0,2156.0,195.0,5.0,9.1205632e+07,8.66340864e+08,429.83,21.0,40052.0,0.0,40052.0,40052.0,2.0,0.0,0.0
2026-05-18 16:42:14,82,1.286494e+06,118565.0,2203.0,0.0,0.0,0.0,2160.0,196.0,5.0,9.1205632e+07,8.66340864e+08,430.93,21.0,40151.0,0.0,40151.0,40151.0,2.0,0.0,0.0
2026-05-18 16:42:26,82,1.289921e+06,118565.0,2203.0,0.0,0.0,0.0,2165.0,196.0,5.0,9.1205632e+07,8.66340864e+08,432.03999999999996,21.0,40251.0,0.0,40251.0,40251.0,2.0,0.0,0.0
2026-05-18 16:42:38,82,1.293217e+06,119262.0,2203.0,0.0,0.0,0.0,2170.0,197.0,5.0,9.1205632e+07,8.66340864e+08,433.11,23.0,40349.0,0.0,40348.0,40348.0,2.0,0.0,0.0
2026-05-18 16:42:50,83,1.296644e+06,119262.0,2203.0,0.0,0.0,0.0,2175.0,197.0,5.0,9.1205632e+07,8.66340864e+08,434.23,21.0,40449.0,0.0,40449.0,40449.0,2.0,0.0,0.0
2026-05-18 16:43:03,83,1.299345e+06,119959.0,2203.0,0.0,0.0,0.0,2179.0,198.0,5.0,9.1205632e+07,8.66340864e+08,435.28,21.0,40549.0,0.0,40549.0,40549.0,2.0,0.0,0.0
2026-05-18 16:43:15,83,1.302772e+06,119959.0,2203.0,0.0,0.0,0.0,2184.0,198.0,5.0,9.1205632e+07,8.66340864e+08,436.36,21.0,40648.0,0.0,40648.0,40648.0,2.0,0.0,0.0
2026-05-18 16:43:27,83,1.30617e+06,119959.0,2203.0,0.0,0.0,0.0,2189.0,198.0,5.0,9.1205632e+07,8.66340864e+08,437.44,23.0,40747.0,0.0,40746.0,40746.0,2.0,0.0,0.0
2026-05-18 16:43:39,83,1.3089e+06,120656.0,2203.0,0.0,0.0,0.0,2193.0,199.0,5.0,9.1205632e+07,8.66340864e+08,438.5,21.0,40846.0,0.0,40846.0,40846.0,2.0,0.0,0.0
2026-05-18 16:43:51,84,1.312298e+06,120656.0,2203.0,0.0,0.0,0.0,2198.0,199.0,5.0,9.1205632e+07,8.66340864e+08,439.54,23.0,40945.0,0.0,40944.0,40944.0,2.0,0.0,0.0
2026-05-18 16:44:03,84,1.315028e+06,121353.0,2203.0,0.0,0.0,0.0,2202.0,200.0,5.0,9.1205632e+07,8.66340864e+08,440.61,21.0,41045.0,0.0,41045.0,41045.0,2.0,0.0,0.0
2026-05-18 16:44:15,84,1.318426e+06,121353.0,2203.0,0.0,0.0,0.0,2207.0,200.0,5.0,9.1205632e+07,8.66340864e+08,441.7,21.0,41143.0,0.0,41143.0,41143.0,2.0,0.0,0.0
2026-05-18 16:44:27,84,1.321156e+06,122050.0,2203.0,0.0,0.0,0.0,2211.0,201.0,5.0,9.1205632e+07,8.66340864e+08,442.72,21.0,41243.0,0.0,41243.0,41243.0,2.0,0.0,0.0
2026-05-18 16:44:40,84,1.325149e+06,122050.0,2203.0,0.0,0.0,0.0,2217.0,201.0,5.0,9.1205632e+07,8.66340864e+08,443.9,23.0,41343.0,0.0,41342.0,41342.0,2.0,0.0,0.0
2026-05-18 16:44:52,85,1.328576e+06,122050.0,2203.0,0.0,0.0,0.0,2222.0,201.0,5.0,9.1205632e+07,8.66340864e+08,444.89,21.0,41442.0,0.0,41442.0,41442.0,2.0,0.0,0.0
2026-05-18 16:45:04,85,1.331306e+06,122718.0,2203.0,0.0,0.0,0.0,2226.0,202.0,5.0,9.1205632e+07,8.66340864e+08,445.91999999999996,21.0,41540.0,0.0,41540.0,41540.0,2.0,0.0,0.0
2026-05-18 16:45:16,85,1.334733e+06,122718.0,2203.0,0.0,0.0,0.0,2231.0,202.0,5.0,9.1205632e+07,8.66340864e+08,446.93,21.0,41637.0,0.0,41637.0,41637.0,2.0,0.0,0.0
2026-05-18 16:45:28,85,1.337463e+06,123386.0,2203.0,0.0,0.0,0.0,2235.0,203.0,5.0,9.1205632e+07,8.66340864e+08,447.99,21.0,41735.0,0.0,41735.0,41735.0,2.0,0.0,0.0
2026-05-18 16:45:40,85,1.34089e+06,123386.0,2203.0,0.0,0.0,0.0,2240.0,203.0,5.0,9.1205632e+07,8.66340864e+08,449.05999999999995,21.0,41832.0,0.0,41832.0,41832.0,2.0,0.0,0.0
2026-05-18 16:45:52,86,1.34362e+06,124054.0,2203.0,0.0,0.0,0.0,2244.0,204.0,5.0,9.1205632e+07,8.66340864e+08,450.06,21.0,41930.0,0.0,41930.0,41930.0,2.0,0.0,0.0
2026-05-18 16:46:04,86,1.347047e+06,124054.0,2203.0,0.0,0.0,0.0,2249.0,204.0,5.0,9.1205632e+07,8.66340864e+08,451.16,21.0,42027.0,0.0,42027.0,42027.0,2.0,0.0,0.0
2026-05-18 16:46:16,86,1.350445e+06,124054.0,2203.0,0.0,0.0,0.0,2254.0,204.0,5.0,9.1205632e+07,8.66340864e+08,452.21000000000004,23.0,42128.0,0.0,42127.0,42127.0,2.0,0.0,0.0
2026-05-18 16:46:28,86,1.353204e+06,124722.0,2203.0,0.0,0.0,0.0,2258.0,205.0,5.0,9.1205632e+07,8.66340864e+08,453.27,23.0,42226.0,0.0,42225.0,42225.0,2.0,0.0,0.0
2026-05-18 16:46:40,86,1.356602e+06,124722.0,2203.0,0.0,0.0,0.0,2263.0,205.0,5.0,9.0681344e+07,8.66340864e+08,454.34999999999997,21.0,42324.0,0.0,42324.0,42324.0,2.0,0.0,0.0
2026-05-18 16:46:52,87,1.359361e+06,125390.0,2203.0,0.0,0.0,0.0,2267.0,206.0,5.0,9.0812416e+07,8.66340864e+08,455.39,21.0,42421.0,0.0,42421.0,42421.0,2.0,0.0,0.0
2026-05-18 16:47:04,87,1.362759e+06,125390.0,2203.0,0.0,0.0,0.0,2272.0,206.0,5.0,9.0812416e+07,8.66340864e+08,456.47999999999996,23.0,42521.0,0.0,42520.0,42520.0,2.0,0.0,0.0
2026-05-18 16:47:16,87,1.366186e+06,125390.0,2203.0,0.0,0.0,0.0,2277.0,206.0,5.0,9.0812416e+07,8.66340864e+08,457.51,21.0,42620.0,0.0,42620.0,42620.0,2.0,0.0,0.0
2026-05-18 16:47:28,87,1.368916e+06,126058.0,2203.0,0.0,0.0,0.0,2281.0,207.0,5.0,9.0812416e+07,8.66340864e+08,458.58,21.0,42717.0,0.0,42717.0,42717.0,2.0,0.0,0.0
2026-05-18 16:47:40,87,1.372343e+06,126058.0,2203.0,0.0,0.0,0.0,2286.0,207.0,5.0,9.0812416e+07,8.66340864e+08,459.68,21.0,42815.0,0.0,42815.0,42815.0,2.0,0.0,0.0
2026-05-18 16:47:52,88,1.375073e+06,126726.0,2203.0,0.0,0.0,0.0,2290.0,208.0,5.0,9.0812416e+07,8.66340864e+08,460.74,21.0,42913.0,0.0,42913.0,42913.0,2.0,0.0,0.0
2026-05-18 16:48:04,88,1.3785e+06,126726.0,2203.0,0.0,0.0,0.0,2295.0,208.0,5.0,9.0812416e+07,8.66340864e+08,461.78000000000003,23.0,43010.0,0.0,43009.0,43009.0,2.0,0.0,0.0
2026-05-18 16:48:16,88,1.380953e+06,127423.0,2203.0,0.0,0.0,0.0,2299.0,209.0,5.0,9.0812416e+07,8.66340864e+08,462.77,21.0,43107.0,0.0,43107.0,43107.0,2.0,0.0,0.0
2026-05-18 16:48:28,88,1.385016e+06,127423.0,2203.0,0.0,0.0,0.0,2305.0,209.0,5.0,9.0681344e+07,8.66340864e+08,463.85,23.0,43207.0,0.0,43206.0,43206.0,2.0,0.0,0.0
2026-05-18 16:48:40,88,1.388443e+06,127423.0,2203.0,0.0,0.0,0.0,2310.0,209.0,5.0,9.0681344e+07,8.66340864e+08,464.9,23.0,43306.0,0.0,43305.0,43305.0,2.0,0.0,0.0
2026-05-18 16:48:52,89,1.391173e+06,128091.0,2203.0,0.0,0.0,0.0,2314.0,210.0,5.0,9.0681344e+07,8.66340864e+08,465.97,23.0,43403.0,0.0,43402.0,43402.0,2.0,0.0,0.0
2026-05-18 16:49:04,89,1.3946e+06,128091.0,2203.0,0.0,0.0,0.0,2319.0,210.0,5.0,9.0550272e+07,8.66340864e+08,467.06,21.0,43500.0,0.0,43500.0,43500.0,2.0,0.0,0.0
2026-05-18 16:49:16,89,1.39733e+06,128759.0,2203.0,0.0,0.0,0.0,2323.0,211.0,5.0,9.0157056e+07,8.66340864e+08,468.16,23.0,43599.0,0.0,43598.0,43598.0,2.0,0.0,0.0
2026-05-18 16:49:28,89,1.400757e+06,128759.0,2203.0,0.0,0.0,0.0,2328.0,211.0,5.0,9.0157056e+07,8.66340864e+08,469.21999999999997,21.0,43697.0,0.0,43697.0,43697.0,2.0,0.0,0.0
2026-05-18 16:49:40,89,1.403487e+06,129427.0,2203.0,0.0,0.0,0.0,2332.0,212.0,5.0,9.0157056e+07,8.66340864e+08,470.26,21.0,43796.0,0.0,43796.0,43796.0,2.0,0.0,0.0
2026-05-18 16:49:52,90,1.406914e+06,129427.0,2203.0,0.0,0.0,0.0,2337.0,212.0,5.0,9.0157056e+07,8.66340864e+08,471.28000000000003,23.0,43894.0,0.0,43893.0,43893.0,2.0,0.0,0.0
2026-05-18 16:50:04,90,1.410312e+06,129427.0,2203.0,0.0,0.0,0.0,2342.0,212.0,5.0,8.910848e+07,8.66340864e+08,472.35999999999996,21.0,43992.0,0.0,43992.0,43992.0,2.0,0.0,0.0
2026-05-18 16:50:16,90,1.412584e+06,130095.0,2900.0,0.0,0.0,0.0,2346.0,213.0,6.0,8.8715264e+07,8.66340864e+08,473.45,21.0,44090.0,0.0,44090.0,44090.0,2.0,0.0,0.0
2026-05-18 16:50:28,90,1.416154e+06,130095.0,2900.0,0.0,0.0,0.0,2352.0,213.0,6.0,8.8715264e+07,8.66340864e+08,474.53,21.0,44190.0,0.0,44190.0,44190.0,2.0,0.0,0.0
2026-05-18 16:50:41,90,1.418534e+06,130690.0,2900.0,0.0,0.0,0.0,2356.0,214.0,6.0,8.8715264e+07,8.66340864e+08,475.66,21.0,44288.0,0.0,44288.0,44288.0,2.0,0.0,0.0
2026-05-18 16:50:53,91,1.422104e+06,130690.0,2900.0,0.0,0.0,0.0,2362.0,214.0,6.0,8.8584192e+07,8.66340864e+08,476.71,21.0,44388.0,0.0,44388.0,44388.0,2.0,0.0,0.0
2026-05-18 16:51:05,91,1.425079e+06,131285.0,2900.0,0.0,0.0,0.0,2367.0,215.0,6.0,8.7273472e+07,8.66340864e+08,477.75,21.0,44486.0,0.0,44486.0,44486.0,2.0,0.0,0.0
2026-05-18 16:51:17,91,1.428124e+06,131285.0,2900.0,0.0,0.0,0.0,2372.0,215.0,6.0,8.7011328e+07,8.66340864e+08,478.79,22.0,44585.0,0.0,44584.0,44584.0,2.0,0.0,0.0
2026-05-18 16:51:29,91,1.431449e+06,131950.0,2900.0,0.0,0.0,0.0,2377.0,216.0,6.0,8.6749184e+07,8.66340864e+08,479.84,21.0,44684.0,0.0,44684.0,44684.0,2.0,0.0,0.0
2026-05-18 16:51:41,91,1.434774e+06,131950.0,2900.0,0.0,0.0,0.0,2382.0,216.0,6.0,8.6749184e+07,8.66340864e+08,480.91,21.0,44781.0,0.0,44781.0,44781.0,2.0,0.0,0.0
2026-05-18 16:51:53,92,1.438099e+06,131950.0,2900.0,0.0,0.0,0.0,2387.0,216.0,6.0,8.6355968e+07,8.66340864e+08,481.94,23.0,44880.0,0.0,44879.0,44879.0,2.0,0.0,0.0
2026-05-18 16:52:05,92,1.440759e+06,132615.0,2900.0,0.0,0.0,0.0,2391.0,217.0,6.0,8.6355968e+07,8.66340864e+08,482.97999999999996,21.0,44978.0,0.0,44978.0,44978.0,2.0,0.0,0.0
2026-05-18 16:52:17,92,1.444084e+06,132615.0,2900.0,0.0,0.0,0.0,2396.0,217.0,6.0,8.5962752e+07,8.66340864e+08,483.99,21.0,45078.0,0.0,45078.0,45078.0,2.0,0.0,0.0
2026-05-18 16:52:29,92,1.447374e+06,133280.0,2900.0,0.0,0.0,0.0,2401.0,218.0,6.0,8.5962752e+07,8.66340864e+08,485.02,21.0,45177.0,0.0,45177.0,45177.0,2.0,0.0,0.0
2026-05-18 16:52:41,92,1.450699e+06,133280.0,2900.0,0.0,0.0,0.0,2406.0,218.0,6.0,8.583168e+07,8.66340864e+08,486.07000000000005,23.0,45277.0,0.0,45276.0,45276.0,2.0,0.0,0.0
2026-05-18 16:52:53,93,1.453359e+06,133945.0,2900.0,0.0,0.0,0.0,2410.0,219.0,6.0,8.583168e+07,8.66340864e+08,487.12,21.0,45374.0,0.0,45374.0,45374.0,2.0,0.0,0.0
2026-05-18 16:53:05,93,1.456684e+06,133945.0,2900.0,0.0,0.0,0.0,2415.0,219.0,6.0,8.583168e+07,8.66340864e+08,488.15,21.0,45472.0,0.0,45472.0,45472.0,2.0,0.0,0.0
2026-05-18 16:53:17,93,1.460009e+06,134610.0,2900.0,0.0,0.0,0.0,2420.0,220.0,6.0,8.583168e+07,8.66340864e+08,489.22999999999996,21.0,45572.0,0.0,45572.0,45572.0,2.0,0.0,0.0
2026-05-18 16:53:29,93,1.463334e+06,134610.0,2900.0,0.0,0.0,0.0,2425.0,220.0,6.0,8.583168e+07,8.66340864e+08,490.3,23.0,45671.0,0.0,45670.0,45670.0,2.0,0.0,0.0
2026-05-18 16:53:41,93,1.466659e+06,134610.0,2900.0,0.0,0.0,0.0,2430.0,220.0,6.0,8.583168e+07,8.66340864e+08,491.36,21.0,45769.0,0.0,45769.0,45769.0,2.0,0.0,0.0
2026-05-18 16:53:54,94,1.469319e+06,135275.0,2900.0,0.0,0.0,0.0,2434.0,221.0,6.0,8.583168e+07,8.66340864e+08,492.38,21.0,45869.0,0.0,45869.0,45869.0,2.0,0.0,0.0
2026-05-18 16:54:06,94,1.472644e+06,135275.0,2900.0,0.0,0.0,0.0,2439.0,221.0,6.0,8.583168e+07,8.66340864e+08,493.41,23.0,45968.0,0.0,45967.0,45967.0,2.0,0.0,0.0
2026-05-18 16:54:18,94,1.475899e+06,135940.0,2900.0,0.0,0.0,0.0,2444.0,222.0,6.0,8.583168e+07,8.66340864e+08,494.46,21.0,46067.0,0.0,46067.0,46067.0,2.0,0.0,0.0
2026-05-18 16:54:30,94,1.479297e+06,135940.0,2900.0,0.0,0.0,0.0,2449.0,222.0,6.0,8.5700608e+07,8.66340864e+08,495.53000000000003,21.0,46167.0,0.0,46167.0,46167.0,2.0,0.0,0.0
2026-05-18 16:54:42,95,1.482027e+06,136637.0,2900.0,0.0,0.0,0.0,2453.0,223.0,6.0,8.5700608e+07,8.66340864e+08,496.55,21.0,46265.0,0.0,46265.0,46265.0,2.0,0.0,0.0
2026-05-18 16:54:54,95,1.485425e+06,136637.0,2900.0,0.0,0.0,0.0,2458.0,223.0,6.0,8.5307392e+07,8.66340864e+08,497.57,21.0,46364.0,0.0,46364.0,46364.0,2.0,0.0,0.0
2026-05-18 16:55:06,95,1.488852e+06,136637.0,2900.0,0.0,0.0,0.0,2463.0,223.0,6.0,8.5307392e+07,8.66340864e+08,498.64,21.0,46463.0,0.0,46463.0,46463.0,2.0,0.0,0.0
2026-05-18 16:55:18,95,1.491553e+06,137334.0,2900.0,0.0,0.0,0.0,2467.0,224.0,6.0,8.3734528e+07,8.66340864e+08,499.64,21.0,46561.0,0.0,46561.0,46561.0,2.0,0.0,0.0
2026-05-18 16:55:30,95,1.49498e+06,137334.0,2900.0,0.0,0.0,0.0,2472.0,224.0,6.0,8.3472384e+07,8.66340864e+08,500.71,21.0,46659.0,0.0,46659.0,46659.0,2.0,0.0,0.0
2026-05-18 16:55:42,96,1.497681e+06,138031.0,2900.0,0.0,0.0,0.0,2476.0,225.0,6.0,8.3079168e+07,8.66340864e+08,501.79,21.0,46760.0,0.0,46760.0,46760.0,2.0,0.0,0.0
2026-05-18 16:55:55,96,1.501108e+06,138031.0,2900.0,0.0,0.0,0.0,2481.0,225.0,6.0,8.3079168e+07,8.66340864e+08,502.83000000000004,22.0,46860.0,0.0,46859.0,46859.0,2.0,0.0,0.0
2026-05-18 16:56:07,96,1.504398e+06,138699.0,2900.0,0.0,0.0,0.0,2486.0,226.0,6.0,8.3079168e+07,8.66340864e+08,503.90999999999997,22.0,46960.0,0.0,46959.0,46959.0,2.0,0.0,0.0
2026-05-18 16:56:19,96,1.507825e+06,138699.0,2900.0,0.0,0.0,0.0,2491.0,226.0,6.0,8.3079168e+07,8.66340864e+08,504.93,21.0,47058.0,0.0,47058.0,47058.0,2.0,0.0,0.0
2026-05-18 16:56:31,96,1.511223e+06,138699.0,2900.0,0.0,0.0,0.0,2496.0,226.0,6.0,8.3079168e+07,8.66340864e+08,506.01,21.0,47157.0,0.0,47157.0,47157.0,2.0,0.0,0.0
2026-05-18 16:56:43,97,1.513982e+06,139367.0,2900.0,0.0,0.0,0.0,2500.0,227.0,6.0,8.3079168e+07,8.66340864e+08,507.05999999999995,21.0,47257.0,0.0,47257.0,47257.0,2.0,0.0,0.0
2026-05-18 16:56:56,97,1.51738e+06,139367.0,2900.0,0.0,0.0,0.0,2505.0,227.0,6.0,8.3079168e+07,8.66340864e+08,508.13,23.0,47356.0,0.0,47355.0,47355.0,2.0,0.0,0.0
2026-05-18 16:57:08,97,1.520139e+06,140035.0,2900.0,0.0,0.0,0.0,2509.0,228.0,6.0,8.3079168e+07,8.66340864e+08,509.2,21.0,47454.0,0.0,47454.0,47454.0,2.0,0.0,0.0
2026-05-18 16:57:20,97,1.523537e+06,140035.0,2900.0,0.0,0.0,0.0,2514.0,228.0,6.0,8.3079168e+07,8.66340864e+08,510.23,21.0,47552.0,0.0,47552.0,47552.0,2.0,0.0,0.0
2026-05-18 16:57:32,97,1.526964e+06,140035.0,2900.0,0.0,0.0,0.0,2519.0,228.0,6.0,8.3079168e+07,8.66340864e+08,511.3,23.0,47651.0,0.0,47650.0,47650.0,2.0,0.0,0.0
2026-05-18 16:57:44,98,1.529694e+06,140703.0,2900.0,0.0,0.0,0.0,2523.0,229.0,6.0,8.3079168e+07,8.66340864e+08,512.36,21.0,47751.0,0.0,47751.0,47751.0,2.0,0.0,0.0
2026-05-18 16:57:56,98,1.533121e+06,140703.0,2900.0,0.0,0.0,0.0,2528.0,229.0,6.0,8.3079168e+07,8.66340864e+08,513.4399999999999,21.0,47850.0,0.0,47850.0,47850.0,2.0,0.0,0.0
2026-05-18 16:58:08,98,1.535851e+06,141371.0,2900.0,0.0,0.0,0.0,2532.0,230.0,6.0,8.3079168e+07,8.66340864e+08,514.47,21.0,47948.0,0.0,47948.0,47948.0,2.0,0.0,0.0
2026-05-18 16:58:20,98,1.539838e+06,141371.0,2900.0,0.0,0.0,0.0,2538.0,230.0,6.0,8.3079168e+07,8.66340864e+08,515.51,21.0,48048.0,0.0,48048.0,48048.0,2.0,0.0,0.0
2026-05-18 16:58:32,98,1.542539e+06,142068.0,2900.0,0.0,0.0,0.0,2542.0,231.0,6.0,8.3079168e+07,8.66340864e+08,516.5600000000001,21.0,48146.0,0.0,48146.0,48146.0,2.0,0.0,0.0
2026-05-18 16:58:44,99,1.545966e+06,142068.0,2900.0,0.0,0.0,0.0,2547.0,231.0,6.0,8.3079168e+07,8.66340864e+08,517.59,21.0,48244.0,0.0,48244.0,48244.0,2.0,0.0,0.0
2026-05-18 16:58:56,99,1.549364e+06,142068.0,2900.0,0.0,0.0,0.0,2552.0,231.0,6.0,8.3079168e+07,8.66340864e+08,518.66,23.0,48343.0,0.0,48342.0,48342.0,2.0,0.0,0.0
2026-05-18 16:59:09,99,1.552094e+06,142765.0,2900.0,0.0,0.0,0.0,2556.0,232.0,6.0,8.3079168e+07,8.66340864e+08,519.68,23.0,48443.0,0.0,48442.0,48442.0,2.0,0.0,0.0
2026-05-18 16:59:21,99,1.555492e+06,142765.0,2900.0,0.0,0.0,0.0,2561.0,232.0,6.0,8.3079168e+07,8.66340864e+08,520.75,22.0,48543.0,0.0,48542.0,48542.0,2.0,0.0,0.0
2026-05-18 16:59:33,99,1.558222e+06,143462.0,2900.0,0.0,0.0,0.0,2565.0,233.0,6.0,8.3079168e+07,8.66340864e+08,521.73,21.0,48641.0,0.0,48641.0,48641.0,2.0,0.0,0.0
2026-05-18 16:59:45,100,1.56162e+06,143462.0,2900.0,0.0,0.0,0.0,2570.0,233.0,6.0,8.3079168e+07,8.66340864e+08,522.79,21.0,48740.0,0.0,48740.0,48740.0,2.0,0.0,0.0
2026-05-18 16:59:57,100,1.56435e+06,144159.0,2900.0,0.0,0.0,0.0,2574.0,234.0,6.0,8.3079168e+07,8.66340864e+08,523.87,21.0,48840.0,0.0,48840.0,48840.0,2.0,0.0,0.0
2026-05-18 17:00:09,100,1.567748e+06,144159.0,2900.0,0.0,0.0,0.0,2579.0,234.0,6.0,8.3079168e+07,8.66340864e+08,524.9399999999999,21.0,48940.0,0.0,48940.0,48940.0,2.0,0.0,0.0
2026-05-18 17:00:21,100,1.57107e+06,144159.0,2900.0,0.0,0.0,0.0,2584.0,234.0,6.0,8.3079168e+07,8.66340864e+08,525.95,23.0,49036.0,0.0,49035.0,49035.0,2.0,0.0,0.0
2026-05-18 17:00:34,100,1.57443e+06,144827.0,2900.0,0.0,0.0,0.0,2589.0,235.0,6.0,8.3079168e+07,8.66340864e+08,526.99,21.0,49136.0,0.0,49136.0,49136.0,2.0,0.0,0.0
2026-05-18 17:00:46,101,1.577857e+06,144827.0,2900.0,0.0,0.0,0.0,2594.0,235.0,6.0,8.2948096e+07,8.66340864e+08,528.06,21.0,49235.0,0.0,49235.0,49235.0,2.0,0.0,0.0
2026-05-18 17:00:58,101,1.580587e+06,145495.0,2900.0,0.0,0.0,0.0,2598.0,236.0,6.0,8.2948096e+07,8.66340864e+08,529.08,21.0,49333.0,0.0,49333.0,49333.0,2.0,0.0,0.0
2026-05-18 17:01:10,101,1.584014e+06,145495.0,2900.0,0.0,0.0,0.0,2603.0,236.0,6.0,8.2948096e+07,8.66340864e+08,530.1,21.0,49430.0,0.0,49430.0,49430.0,2.0,0.0,0.0
2026-05-18 17:01:22,101,1.586744e+06,146163.0,2900.0,0.0,0.0,0.0,2607.0,237.0,6.0,8.2948096e+07,8.66340864e+08,531.1899999999999,21.0,49530.0,0.0,49530.0,49530.0,2.0,0.0,0.0
2026-05-18 17:01:34,101,1.590171e+06,146163.0,2900.0,0.0,0.0,0.0,2612.0,237.0,6.0,8.2948096e+07,8.66340864e+08,532.25,21.0,49630.0,0.0,49630.0,49630.0,2.0,0.0,0.0
2026-05-18 17:01:46,102,1.593569e+06,146163.0,2900.0,0.0,0.0,0.0,2617.0,237.0,6.0,8.2948096e+07,8.66340864e+08,533.33,21.0,49730.0,0.0,49730.0,49730.0,2.0,0.0,0.0
2026-05-18 17:01:59,102,1.596328e+06,146831.0,2900.0,0.0,0.0,0.0,2621.0,238.0,6.0,8.2948096e+07,8.66340864e+08,534.38,21.0,49829.0,0.0,49829.0,49829.0,2.0,0.0,0.0
2026-05-18 17:02:10,102,1.599726e+06,146831.0,2900.0,0.0,0.0,0.0,2626.0,238.0,6.0,8.2948096e+07,8.66340864e+08,535.4499999999999,23.0,49927.0,0.0,49926.0,49926.0,2.0,0.0,0.0
2026-05-18 17:02:23,102,1.602943e+06,147499.0,2900.0,0.0,0.0,0.0,2631.0,239.0,6.0,8.2948096e+07,8.66340864e+08,536.5,21.0,50026.0,0.0,50026.0,50026.0,2.0,0.0,0.0
2026-05-18 17:02:35,102,1.60637e+06,147499.0,2900.0,0.0,0.0,0.0,2636.0,239.0,6.0,8.2948096e+07,8.66340864e+08,537.53,21.0,50124.0,0.0,50124.0,50124.0,2.0,0.0,0.0
2026-05-18 17:02:47,103,1.6091e+06,148167.0,2900.0,0.0,0.0,0.0,2640.0,240.0,6.0,8.2948096e+07,8.66340864e+08,538.59,21.0,50225.0,0.0,50225.0,50225.0,2.0,0.0,0.0
2026-05-18 17:02:59,103,1.612527e+06,148167.0,2900.0,0.0,0.0,0.0,2645.0,240.0,6.0,8.2948096e+07,8.66340864e+08,539.61,23.0,50323.0,0.0,50322.0,50322.0,2.0,0.0,0.0
2026-05-18 17:03:11,103,1.615925e+06,148167.0,2900.0,0.0,0.0,0.0,2650.0,240.0,6.0,8.2948096e+07,8.66340864e+08,540.68,21.0,50421.0,0.0,50421.0,50421.0,2.0,0.0,0.0
2026-05-18 17:03:23,103,1.618684e+06,148835.0,2900.0,0.0,0.0,0.0,2654.0,241.0,6.0,8.2948096e+07,8.66340864e+08,541.74,21.0,50521.0,0.0,50521.0,50521.0,2.0,0.0,0.0
2026-05-18 17:03:35,103,1.622082e+06,148835.0,2900.0,0.0,0.0,0.0,2659.0,241.0,6.0,8.2948096e+07,8.66340864e+08,542.83,21.0,50621.0,0.0,50621.0,50621.0,2.0,0.0,0.0
2026-05-18 17:03:47,104,1.624841e+06,149503.0,2900.0,0.0,0.0,0.0,2663.0,242.0,6.0,8.2948096e+07,8.66340864e+08,543.9,23.0,50721.0,0.0,50720.0,50720.0,2.0,0.0,0.0
2026-05-18 17:04:00,104,1.628729e+06,149503.0,2900.0,0.0,0.0,0.0,2669.0,242.0,6.0,8.2948096e+07,8.66340864e+08,544.97,21.0,50819.0,0.0,50819.0,50819.0,2.0,0.0,0.0
2026-05-18 17:04:12,104,1.631459e+06,150200.0,2900.0,0.0,0.0,0.0,2673.0,243.0,6.0,8.2948096e+07,8.66340864e+08,545.99,21.0,50917.0,0.0,50917.0,50917.0,2.0,0.0,0.0
2026-05-18 17:04:24,104,1.634857e+06,150200.0,2900.0,0.0,0.0,0.0,2678.0,243.0,6.0,8.2948096e+07,8.66340864e+08,547.09,21.0,51017.0,0.0,51017.0,51017.0,2.0,0.0,0.0
2026-05-18 17:04:36,104,1.638284e+06,150200.0,2900.0,0.0,0.0,0.0,2683.0,243.0,6.0,8.2948096e+07,8.66340864e+08,548.06,21.0,51114.0,0.0,51114.0,51114.0,2.0,0.0,0.0
2026-05-18 17:04:48,105,1.640985e+06,150897.0,2900.0,0.0,0.0,0.0,2687.0,244.0,6.0,8.2948096e+07,8.66340864e+08,549.05,21.0,51214.0,0.0,51214.0,51214.0,2.0,0.0,0.0
2026-05-18 17:05:00,105,1.644412e+06,150897.0,2900.0,0.0,0.0,0.0,2692.0,244.0,6.0,8.2948096e+07,8.66340864e+08,550.08,21.0,51313.0,0.0,51313.0,51313.0,2.0,0.0,0.0
2026-05-18 17:05:12,105,1.647113e+06,151594.0,2900.0,0.0,0.0,0.0,2696.0,245.0,6.0,8.2948096e+07,8.66340864e+08,551.09,21.0,51412.0,0.0,51412.0,51412.0,2.0,0.0,0.0
2026-05-18 17:05:24,105,1.65054e+06,151594.0,2900.0,0.0,0.0,0.0,2701.0,245.0,6.0,8.2948096e+07,8.66340864e+08,552.14,23.0,51511.0,0.0,51510.0,51510.0,2.0,0.0,0.0
2026-05-18 17:05:37,105,1.653938e+06,151594.0,2900.0,0.0,0.0,0.0,2706.0,245.0,6.0,8.2948096e+07,8.66340864e+08,553.24,21.0,51609.0,0.0,51609.0,51609.0,2.0,0.0,0.0
2026-05-18 17:05:49,106,1.656668e+06,152291.0,2900.0,0.0,0.0,0.0,2710.0,246.0,6.0,8.2948096e+07,8.66340864e+08,554.25,21.0,51708.0,0.0,51708.0,51708.0,2.0,0.0,0.0
2026-05-18 17:06:01,106,1.660066e+06,152291.0,2900.0,0.0,0.0,0.0,2715.0,246.0,6.0,8.2948096e+07,8.66340864e+08,555.33,23.0,51809.0,0.0,51808.0,51808.0,2.0,0.0,0.0
2026-05-18 17:06:13,106,1.663324e+06,152988.0,2900.0,0.0,0.0,0.0,2720.0,247.0,6.0,8.2948096e+07,8.66340864e+08,556.3900000000001,23.0,51908.0,0.0,51907.0,51907.0,2.0,0.0,0.0
2026-05-18 17:06:25,106,1.666751e+06,152988.0,2900.0,0.0,0.0,0.0,2725.0,247.0,6.0,8.2948096e+07,8.66340864e+08,557.4,23.0,52007.0,0.0,52006.0,52006.0,2.0,0.0,0.0
2026-05-18 17:06:37,106,1.669452e+06,153685.0,2900.0,0.0,0.0,0.0,2729.0,248.0,6.0,8.2948096e+07,8.66340864e+08,558.47,23.0,52106.0,0.0,52105.0,52105.0,2.0,0.0,0.0
2026-05-18 17:06:50,107,1.672879e+06,153685.0,2900.0,0.0,0.0,0.0,2734.0,248.0,6.0,8.2948096e+07,8.66340864e+08,559.48,21.0,52204.0,0.0,52204.0,52204.0,2.0,0.0,0.0
2026-05-18 17:07:02,107,1.676277e+06,153685.0,2900.0,0.0,0.0,0.0,2739.0,248.0,6.0,8.2948096e+07,8.66340864e+08,560.6,21.0,52303.0,0.0,52303.0,52303.0,2.0,0.0,0.0
2026-05-18 17:07:14,107,1.679007e+06,154382.0,2900.0,0.0,0.0,0.0,2743.0,249.0,6.0,8.2948096e+07,8.66340864e+08,561.69,23.0,52403.0,0.0,52402.0,52402.0,2.0,0.0,0.0
2026-05-18 17:07:26,107,1.682405e+06,154382.0,2900.0,0.0,0.0,0.0,2748.0,249.0,6.0,8.2948096e+07,8.66340864e+08,562.74,21.0,52502.0,0.0,52502.0,52502.0,2.0,0.0,0.0
2026-05-18 17:07:38,107,1.685135e+06,155079.0,2900.0,0.0,0.0,0.0,2752.0,250.0,6.0,8.2948096e+07,8.66340864e+08,563.8299999999999,21.0,52601.0,0.0,52601.0,52601.0,2.0,0.0,0.0
2026-05-18 17:07:50,108,1.688533e+06,155079.0,2900.0,0.0,0.0,0.0,2757.0,250.0,6.0,8.2948096e+07,8.66340864e+08,564.9,21.0,52700.0,0.0,52700.0,52700.0,2.0,0.0,0.0
2026-05-18 17:08:03,108,1.691263e+06,155776.0,2900.0,0.0,0.0,0.0,2761.0,251.0,6.0,8.2948096e+07,8.66340864e+08,565.95,21.0,52799.0,0.0,52799.0,52799.0,2.0,0.0,0.0
2026-05-18 17:08:15,108,1.694661e+06,155776.0,2900.0,0.0,0.0,0.0,2766.0,251.0,6.0,8.2948096e+07,8.66340864e+08,567.02,21.0,52898.0,0.0,52898.0,52898.0,2.0,0.0,0.0
2026-05-18 17:08:27,108,1.698651e+06,155776.0,2900.0,0.0,0.0,0.0,2772.0,251.0,6.0,8.2948096e+07,8.66340864e+08,568.09,23.0,52998.0,0.0,52997.0,52997.0,2.0,0.0,0.0
2026-05-18 17:08:39,108,1.701381e+06,156473.0,2900.0,0.0,0.0,0.0,2776.0,252.0,6.0,8.2948096e+07,8.66340864e+08,569.2,23.0,53097.0,0.0,53096.0,53096.0,2.0,0.0,0.0
2026-05-18 17:08:51,109,1.704779e+06,156473.0,2900.0,0.0,0.0,0.0,2781.0,252.0,6.0,8.2948096e+07,8.66340864e+08,570.3,23.0,53195.0,0.0,53194.0,53194.0,2.0,0.0,0.0
2026-05-18 17:09:03,109,1.707509e+06,157170.0,2900.0,0.0,0.0,0.0,2785.0,253.0,6.0,8.2948096e+07,8.66340864e+08,571.47,21.0,53295.0,0.0,53295.0,53295.0,2.0,0.0,0.0
2026-05-18 17:09:15,109,1.710907e+06,157170.0,2900.0,0.0,0.0,0.0,2790.0,253.0,6.0,8.2948096e+07,8.66340864e+08,572.5400000000001,21.0,53393.0,0.0,53393.0,53393.0,2.0,0.0,0.0
2026-05-18 17:09:27,109,1.713637e+06,157867.0,2900.0,0.0,0.0,0.0,2794.0,254.0,6.0,8.2948096e+07,8.66340864e+08,573.5999999999999,21.0,53492.0,0.0,53492.0,53492.0,2.0,0.0,0.0
2026-05-18 17:09:39,109,1.717035e+06,157867.0,2900.0,0.0,0.0,0.0,2799.0,254.0,6.0,8.2948096e+07,8.66340864e+08,574.68,21.0,53591.0,0.0,53591.0,53591.0,2.0,0.0,0.0
2026-05-18 17:09:52,110,1.720462e+06,157867.0,2900.0,0.0,0.0,0.0,2804.0,254.0,6.0,8.2948096e+07,8.66340864e+08,575.77,21.0,53690.0,0.0,53690.0,53690.0,2.0,0.0,0.0
2026-05-18 17:10:04,110,1.723163e+06,158564.0,2900.0,0.0,0.0,0.0,2808.0,255.0,6.0,8.2948096e+07,8.66340864e+08,576.8299999999999,21.0,53788.0,0.0,53788.0,53788.0,2.0,0.0,0.0
2026-05-18 17:10:16,110,1.72659e+06,158564.0,2900.0,0.0,0.0,0.0,2813.0,255.0,6.0,8.2948096e+07,8.66340864e+08,577.87,21.0,53887.0,0.0,53887.0,53887.0,2.0,0.0,0.0
2026-05-18 17:10:28,110,1.729291e+06,159261.0,2900.0,0.0,0.0,0.0,2817.0,256.0,6.0,8.2948096e+07,8.66340864e+08,578.94,21.0,53985.0,0.0,53985.0,53985.0,2.0,0.0,0.0
2026-05-18 17:10:40,110,1.732718e+06,159261.0,2900.0,0.0,0.0,0.0,2822.0,256.0,6.0,8.2948096e+07,8.66340864e+08,580.01,21.0,54084.0,0.0,54084.0,54084.0,2.0,0.0,0.0
2026-05-18 17:10:52,111,1.736008e+06,159261.0,2900.0,0.0,0.0,0.0,2827.0,256.0,6.0,8.2948096e+07,8.66340864e+08,581.05,21.0,54181.0,0.0,54181.0,54181.0,2.0,0.0,0.0
2026-05-18 17:11:04,111,1.739403e+06,159929.0,2900.0,0.0,0.0,0.0,2832.0,257.0,6.0,8.2948096e+07,8.66340864e+08,582.17,21.0,54279.0,0.0,54279.0,54279.0,2.0,0.0,0.0
2026-05-18 17:11:16,111,1.74283e+06,159929.0,2900.0,0.0,0.0,0.0,2837.0,257.0,6.0,8.2948096e+07,8.66340864e+08,583.24,22.0,54378.0,0.0,54377.0,54377.0,2.0,0.0,0.0
2026-05-18 17:11:28,111,1.745531e+06,160626.0,2900.0,0.0,0.0,0.0,2841.0,258.0,6.0,8.2948096e+07,8.66340864e+08,584.3,21.0,54477.0,0.0,54477.0,54477.0,2.0,0.0,0.0
2026-05-18 17:11:40,111,1.748958e+06,160626.0,2900.0,0.0,0.0,0.0,2846.0,258.0,6.0,8.2948096e+07,8.66340864e+08,585.35,21.0,54575.0,0.0,54575.0,54575.0,2.0,0.0,0.0
2026-05-18 17:11:53,112,1.751659e+06,161323.0,2900.0,0.0,0.0,0.0,2850.0,259.0,6.0,8.2948096e+07,8.66340864e+08,586.44,23.0,54676.0,0.0,54675.0,54675.0,2.0,0.0,0.0
2026-05-18 17:12:05,112,1.755086e+06,161323.0,2900.0,0.0,0.0,0.0,2855.0,259.0,6.0,8.2948096e+07,8.66340864e+08,587.51,21.0,54775.0,0.0,54775.0,54775.0,2.0,0.0,0.0
2026-05-18 17:12:17,112,1.758484e+06,161323.0,2900.0,0.0,0.0,0.0,2860.0,259.0,6.0,8.2948096e+07,8.66340864e+08,588.57,21.0,54875.0,0.0,54875.0,54875.0,2.0,0.0,0.0
2026-05-18 17:12:29,112,1.761214e+06,162020.0,2900.0,0.0,0.0,0.0,2864.0,260.0,6.0,8.2948096e+07,8.66340864e+08,589.66,21.0,54973.0,0.0,54973.0,54973.0,2.0,0.0,0.0
2026-05-18 17:12:41,112,1.764612e+06,162020.0,2900.0,0.0,0.0,0.0,2869.0,260.0,6.0,8.2948096e+07,8.66340864e+08,590.7,21.0,55071.0,0.0,55071.0,55071.0,2.0,0.0,0.0
2026-05-18 17:12:53,113,1.767342e+06,162717.0,2900.0,0.0,0.0,0.0,2873.0,261.0,6.0,8.2948096e+07,8.66340864e+08,591.76,22.0,55172.0,0.0,55172.0,55171.0,2.0,0.0,0.0
2026-05-18 17:13:05,113,1.7713e+06,162717.0,2900.0,0.0,0.0,0.0,2879.0,261.0,6.0,8.2948096e+07,8.66340864e+08,592.79,21.0,55270.0,0.0,55270.0,55270.0,2.0,0.0,0.0
2026-05-18 17:13:17,113,1.773362e+06,163385.0,3597.0,0.0,0.0,0.0,2882.0,262.0,7.0,8.2948096e+07,8.66340864e+08,593.86,21.0,55370.0,0.0,55370.0,55370.0,2.0,0.0,0.0
2026-05-18 17:13:29,113,1.776722e+06,163385.0,3597.0,0.0,0.0,0.0,2888.0,262.0,7.0,8.2948096e+07,8.66340864e+08,594.9100000000001,21.0,55468.0,0.0,55468.0,55468.0,2.0,0.0,0.0
2026-05-18 17:13:42,114,1.779697e+06,163980.0,3597.0,0.0,0.0,0.0,2893.0,263.0,7.0,8.2948096e+07,8.66340864e+08,595.9499999999999,21.0,55567.0,0.0,55567.0,55567.0,2.0,0.0,0.0
2026-05-18 17:13:54,114,1.782672e+06,163980.0,3597.0,0.0,0.0,0.0,2898.0,263.0,7.0,8.2948096e+07,8.66340864e+08,597.0,21.0,55666.0,0.0,55666.0,55666.0,2.0,0.0,0.0
2026-05-18 17:14:06,114,1.786207e+06,163980.0,3597.0,0.0,0.0,0.0,2904.0,263.0,7.0,8.2948096e+07,8.66340864e+08,598.02,21.0,55764.0,0.0,55764.0,55764.0,2.0,0.0,0.0
2026-05-18 17:14:18,114,1.789182e+06,164575.0,3597.0,0.0,0.0,0.0,2909.0,264.0,7.0,8.2948096e+07,8.66340864e+08,599.14,23.0,55863.0,0.0,55862.0,55862.0,2.0,0.0,0.0
2026-05-18 17:14:30,114,1.792437e+06,164575.0,3597.0,0.0,0.0,0.0,2914.0,264.0,7.0,8.2948096e+07,8.66340864e+08,600.25,21.0,55960.0,0.0,55960.0,55960.0,2.0,0.0,0.0
2026-05-18 17:14:42,115,1.795762e+06,165240.0,3597.0,0.0,0.0,0.0,2919.0,265.0,7.0,8.2948096e+07,8.66340864e+08,601.33,23.0,56060.0,0.0,56059.0,56059.0,2.0,0.0,0.0
2026-05-18 17:14:54,115,1.799087e+06,165240.0,3597.0,0.0,0.0,0.0,2924.0,265.0,7.0,8.2948096e+07,8.66340864e+08,602.38,21.0,56158.0,0.0,56158.0,56158.0,2.0,0.0,0.0
2026-05-18 17:15:06,115,1.801747e+06,165905.0,3597.0,0.0,0.0,0.0,2928.0,266.0,7.0,8.2948096e+07,8.66340864e+08,603.4,21.0,56256.0,0.0,56256.0,56256.0,2.0,0.0,0.0
2026-05-18 17:15:18,115,1.805072e+06,165905.0,3597.0,0.0,0.0,0.0,2933.0,266.0,7.0,8.2948096e+07,8.66340864e+08,604.45,21.0,56355.0,0.0,56355.0,56355.0,2.0,0.0,0.0
2026-05-18 17:15:31,115,1.807732e+06,166570.0,3597.0,0.0,0.0,0.0,2937.0,267.0,7.0,8.2948096e+07,8.66340864e+08,605.46,23.0,56455.0,0.0,56454.0,56454.0,2.0,0.0,0.0
2026-05-18 17:15:43,116,1.811582e+06,166570.0,3597.0,0.0,0.0,0.0,2943.0,267.0,7.0,8.2948096e+07,8.66340864e+08,606.55,21.0,56554.0,0.0,56554.0,56554.0,2.0,0.0,0.0
2026-05-18 17:15:55,116,1.814907e+06,166570.0,3597.0,0.0,0.0,0.0,2948.0,267.0,7.0,8.2948096e+07,8.66340864e+08,607.58,21.0,56653.0,0.0,56653.0,56653.0,2.0,0.0,0.0
2026-05-18 17:16:07,116,1.817567e+06,167235.0,3597.0,0.0,0.0,0.0,2952.0,268.0,7.0,8.2948096e+07,8.66340864e+08,608.62,21.0,56752.0,0.0,56752.0,56752.0,2.0,0.0,0.0
2026-05-18 17:16:19,116,1.820892e+06,167235.0,3597.0,0.0,0.0,0.0,2957.0,268.0,7.0,8.2948096e+07,8.66340864e+08,609.68,22.0,56852.0,0.0,56851.0,56851.0,2.0,0.0,0.0
2026-05-18 17:16:31,116,1.824147e+06,167900.0,3597.0,0.0,0.0,0.0,2962.0,269.0,7.0,8.2948096e+07,8.66340864e+08,610.73,21.0,56950.0,0.0,56950.0,56950.0,2.0,0.0,0.0
2026-05-18 17:16:43,117,1.827472e+06,167900.0,3597.0,0.0,0.0,0.0,2967.0,269.0,7.0,8.2948096e+07,8.66340864e+08,611.8,21.0,57048.0,0.0,57048.0,57048.0,2.0,0.0,0.0
2026-05-18 17:16:55,117,1.830132e+06,168565.0,3597.0,0.0,0.0,0.0,2971.0,270.0,7.0,8.2948096e+07,8.66340864e+08,612.8199999999999,21.0,57146.0,0.0,57146.0,57146.0,2.0,0.0,0.0
2026-05-18 17:17:08,117,1.833457e+06,168565.0,3597.0,0.0,0.0,0.0,2976.0,270.0,7.0,8.2948096e+07,8.66340864e+08,613.85,21.0,57244.0,0.0,57244.0,57244.0,2.0,0.0,0.0
2026-05-18 17:17:20,117,1.836782e+06,168565.0,3597.0,0.0,0.0,0.0,2981.0,270.0,7.0,8.2948096e+07,8.66340864e+08,614.8599999999999,21.0,57342.0,0.0,57342.0,57342.0,2.0,0.0,0.0
2026-05-18 17:17:32,117,1.840177e+06,169093.0,3597.0,0.0,0.0,0.0,2986.0,271.0,7.0,8.2948096e+07,8.66340864e+08,615.9399999999999,21.0,57443.0,0.0,57443.0,57443.0,2.0,0.0,0.0
2026-05-18 17:17:44,118,1.843604e+06,169093.0,3597.0,0.0,0.0,0.0,2991.0,271.0,7.0,8.2948096e+07,8.66340864e+08,617.01,21.0,57543.0,0.0,57543.0,57543.0,2.0,0.0,0.0
2026-05-18 17:17:56,118,1.846305e+06,169790.0,3597.0,0.0,0.0,0.0,2995.0,272.0,7.0,8.2948096e+07,8.66340864e+08,618.0799999999999,22.0,57641.0,0.0,57640.0,57640.0,2.0,0.0,0.0
2026-05-18 17:18:08,118,1.849732e+06,169790.0,3597.0,0.0,0.0,0.0,3000.0,272.0,7.0,8.2948096e+07,8.66340864e+08,619.11,21.0,57740.0,0.0,57740.0,57740.0,2.0,0.0,0.0
2026-05-18 17:18:21,118,1.852433e+06,170487.0,3597.0,0.0,0.0,0.0,3004.0,273.0,7.0,8.2948096e+07,8.66340864e+08,620.14,22.0,57838.0,0.0,57837.0,57837.0,2.0,0.0,0.0
2026-05-18 17:18:33,118,1.85586e+06,170487.0,3597.0,0.0,0.0,0.0,3009.0,273.0,7.0,8.2948096e+07,8.66340864e+08,621.27,21.0,57936.0,0.0,57936.0,57936.0,2.0,0.0,0.0
2026-05-18 17:18:45,119,1.859258e+06,170487.0,3597.0,0.0,0.0,0.0,3014.0,273.0,7.0,8.2948096e+07,8.66340864e+08,622.31,21.0,58035.0,0.0,58035.0,58035.0,2.0,0.0,0.0
2026-05-18 17:18:57,119,1.861988e+06,171184.0,3597.0,0.0,0.0,0.0,3018.0,274.0,7.0,8.2948096e+07,8.66340864e+08,623.34,21.0,58132.0,0.0,58132.0,58132.0,2.0,0.0,0.0
2026-05-18 17:19:09,119,1.865386e+06,171184.0,3597.0,0.0,0.0,0.0,3023.0,274.0,7.0,8.2948096e+07,8.66340864e+08,624.38,21.0,58231.0,0.0,58231.0,58231.0,2.0,0.0,0.0
2026-05-18 17:19:21,119,1.868116e+06,171881.0,3597.0,0.0,0.0,0.0,3027.0,275.0,7.0,8.2948096e+07,8.66340864e+08,625.39,21.0,58331.0,0.0,58331.0,58331.0,2.0,0.0,0.0
2026-05-18 17:19:33,119,1.871514e+06,171881.0,3597.0,0.0,0.0,0.0,3032.0,275.0,7.0,8.2948096e+07,8.66340864e+08,626.48,23.0,58430.0,0.0,58429.0,58429.0,2.0,0.0,0.0
2026-05-18 17:19:46,120,1.874772e+06,172578.0,3597.0,0.0,0.0,0.0,3037.0,276.0,7.0,8.2948096e+07,8.66340864e+08,627.55,23.0,58530.0,0.0,58529.0,58529.0,2.0,0.0,0.0
2026-05-18 17:19:58,120,1.878199e+06,172578.0,3597.0,0.0,0.0,0.0,3042.0,276.0,7.0,8.2948096e+07,8.66340864e+08,628.65,21.0,58629.0,0.0,58629.0,58629.0,2.0,0.0,0.0
2026-05-18 17:20:10,120,1.881597e+06,172578.0,3597.0,0.0,0.0,0.0,3047.0,276.0,7.0,8.2948096e+07,8.66340864e+08,629.6700000000001,23.0,58728.0,0.0,58727.0,58727.0,2.0,0.0,0.0
2026-05-18 17:20:22,120,1.884327e+06,173275.0,3597.0,0.0,0.0,0.0,3051.0,277.0,7.0,8.2948096e+07,8.66340864e+08,630.7800000000001,21.0,58828.0,0.0,58828.0,58828.0,2.0,0.0,0.0
2026-05-18 17:20:34,120,1.887725e+06,173275.0,3597.0,0.0,0.0,0.0,3056.0,277.0,7.0,8.2948096e+07,8.66340864e+08,631.8499999999999,21.0,58926.0,0.0,58926.0,58926.0,2.0,0.0,0.0
2026-05-18 17:20:46,121,1.890455e+06,173972.0,3597.0,0.0,0.0,0.0,3060.0,278.0,7.0,8.2948096e+07,8.66340864e+08,632.89,21.0,59025.0,0.0,59025.0,59025.0,2.0,0.0,0.0
2026-05-18 17:20:58,121,1.893853e+06,173972.0,3597.0,0.0,0.0,0.0,3065.0,278.0,7.0,8.2948096e+07,8.66340864e+08,633.96,23.0,59125.0,0.0,59124.0,59124.0,2.0,0.0,0.0
2026-05-18 17:21:11,121,1.897006e+06,174669.0,3597.0,0.0,0.0,0.0,3070.0,279.0,7.0,8.2948096e+07,8.66340864e+08,635.01,21.0,59224.0,0.0,59224.0,59224.0,2.0,0.0,0.0
2026-05-18 17:21:23,121,1.900433e+06,174669.0,3597.0,0.0,0.0,0.0,3075.0,279.0,7.0,8.2948096e+07,8.66340864e+08,636.0600000000001,23.0,59323.0,0.0,59322.0,59322.0,2.0,0.0,0.0
2026-05-18 17:21:35,121,1.903831e+06,174669.0,3597.0,0.0,0.0,0.0,3080.0,279.0,7.0,8.2948096e+07,8.66340864e+08,637.1600000000001,21.0,59423.0,0.0,59423.0,59423.0,2.0,0.0,0.0
2026-05-18 17:21:47,122,1.906561e+06,175366.0,3597.0,0.0,0.0,0.0,3084.0,280.0,7.0,8.2948096e+07,8.66340864e+08,638.21,21.0,59522.0,0.0,59522.0,59522.0,2.0,0.0,0.0
2026-05-18 17:21:59,122,1.909959e+06,175366.0,3597.0,0.0,0.0,0.0,3089.0,280.0,7.0,8.2948096e+07,8.66340864e+08,639.29,21.0,59621.0,0.0,59621.0,59621.0,2.0,0.0,0.0
2026-05-18 17:22:11,122,1.912689e+06,176063.0,3597.0,0.0,0.0,0.0,3093.0,281.0,7.0,8.2948096e+07,8.66340864e+08,640.3,21.0,59719.0,0.0,59719.0,59719.0,2.0,0.0,0.0
2026-05-18 17:22:23,122,1.916087e+06,176063.0,3597.0,0.0,0.0,0.0,3098.0,281.0,7.0,8.2948096e+07,8.66340864e+08,641.32,21.0,59818.0,0.0,59818.0,59818.0,2.0,0.0,0.0
2026-05-18 17:22:35,122,1.918817e+06,176760.0,3597.0,0.0,0.0,0.0,3102.0,282.0,7.0,8.2948096e+07,8.66340864e+08,642.36,21.0,59916.0,0.0,59916.0,59916.0,2.0,0.0,0.0
2026-05-18 17:22:47,123,1.922215e+06,176760.0,3597.0,0.0,0.0,0.0,3107.0,282.0,7.0,8.2948096e+07,8.66340864e+08,643.38,21.0,60014.0,0.0,60014.0,60014.0,2.0,0.0,0.0
2026-05-18 17:22:59,123,1.925642e+06,176760.0,3597.0,0.0,0.0,0.0,3112.0,282.0,7.0,8.2948096e+07,8.66340864e+08,644.45,21.0,60112.0,0.0,60112.0,60112.0,2.0,0.0,0.0
2026-05-18 17:23:11,123,1.928343e+06,177457.0,3597.0,0.0,0.0,0.0,3116.0,283.0,7.0,8.2948096e+07,8.66340864e+08,645.5,21.0,60210.0,0.0,60210.0,60210.0,2.0,0.0,0.0
2026-05-18 17:23:23,123,1.93177e+06,177457.0,3597.0,0.0,0.0,0.0,3121.0,283.0,7.0,8.2948096e+07,8.66340864e+08,646.55,21.0,60309.0,0.0,60309.0,60309.0,2.0,0.0,0.0
2026-05-18 17:23:35,123,1.934471e+06,178154.0,3597.0,0.0,0.0,0.0,3125.0,284.0,7.0,8.2948096e+07,8.66340864e+08,647.61,21.0,60408.0,0.0,60408.0,60408.0,2.0,0.0,0.0
2026-05-18 17:23:48,124,1.938426e+06,178154.0,3597.0,0.0,0.0,0.0,3131.0,284.0,7.0,8.2948096e+07,8.66340864e+08,648.65,21.0,60508.0,0.0,60508.0,60508.0,2.0,0.0,0.0
2026-05-18 17:24:00,124,1.941156e+06,178851.0,3597.0,0.0,0.0,0.0,3135.0,285.0,7.0,8.2948096e+07,8.66340864e+08,649.6899999999999,22.0,60608.0,0.0,60607.0,60607.0,2.0,0.0,0.0
2026-05-18 17:24:12,124,1.944554e+06,178851.0,3597.0,0.0,0.0,0.0,3140.0,285.0,7.0,8.2948096e+07,8.66340864e+08,650.74,23.0,60706.0,0.0,60705.0,60705.0,2.0,0.0,0.0
2026-05-18 17:24:24,124,1.947981e+06,178851.0,3597.0,0.0,0.0,0.0,3145.0,285.0,7.0,8.2948096e+07,8.66340864e+08,651.76,21.0,60806.0,0.0,60806.0,60806.0,2.0,0.0,0.0
2026-05-18 17:24:36,124,1.950682e+06,179548.0,3597.0,0.0,0.0,0.0,3149.0,286.0,7.0,8.2948096e+07,8.66340864e+08,652.85,21.0,60906.0,0.0,60906.0,60906.0,2.0,0.0,0.0
2026-05-18 17:24:48,125,1.954109e+06,179548.0,3597.0,0.0,0.0,0.0,3154.0,286.0,7.0,8.2948096e+07,8.66340864e+08,653.9300000000001,21.0,61004.0,0.0,61004.0,61004.0,2.0,0.0,0.0
2026-05-18 17:25:00,125,1.95681e+06,180245.0,3597.0,0.0,0.0,0.0,3158.0,287.0,7.0,8.2948096e+07,8.66340864e+08,654.97,23.0,61103.0,0.0,61102.0,61102.0,2.0,0.0,0.0
2026-05-18 17:25:12,125,1.96066e+06,180245.0,3597.0,0.0,0.0,0.0,3164.0,287.0,7.0,8.2948096e+07,8.66340864e+08,656.05,23.0,61204.0,0.0,61203.0,61203.0,2.0,0.0,0.0
2026-05-18 17:25:24,125,1.96339e+06,180942.0,3597.0,0.0,0.0,0.0,3168.0,288.0,7.0,8.2948096e+07,8.66340864e+08,657.21,21.0,61304.0,0.0,61304.0,61304.0,2.0,0.0,0.0
2026-05-18 17:25:36,125,1.966788e+06,180942.0,3597.0,0.0,0.0,0.0,3173.0,288.0,7.0,8.2948096e+07,8.66340864e+08,658.28,21.0,61403.0,0.0,61403.0,61403.0,2.0,0.0,0.0
2026-05-18 17:25:48,126,1.970215e+06,180942.0,3597.0,0.0,0.0,0.0,3178.0,288.0,7.0,8.2948096e+07,8.66340864e+08,659.35,23.0,61502.0,0.0,61501.0,61501.0,2.0,0.0,0.0
2026-05-18 17:26:00,126,1.972916e+06,181639.0,3597.0,0.0,0.0,0.0,3182.0,289.0,7.0,8.2948096e+07,8.66340864e+08,660.39,21.0,61600.0,0.0,61600.0,61600.0,2.0,0.0,0.0
2026-05-18 17:26:12,126,1.976343e+06,181639.0,3597.0,0.0,0.0,0.0,3187.0,289.0,7.0,8.2948096e+07,8.66340864e+08,661.4000000000001,21.0,61698.0,0.0,61698.0,61698.0,2.0,0.0,0.0
2026-05-18 17:26:25,126,1.979044e+06,182336.0,3597.0,0.0,0.0,0.0,3191.0,290.0,7.0,8.2948096e+07,8.66340864e+08,662.47,21.0,61798.0,0.0,61798.0,61798.0,2.0,0.0,0.0
2026-05-18 17:26:36,126,1.982471e+06,182336.0,3597.0,0.0,0.0,0.0,3196.0,290.0,7.0,8.2948096e+07,8.66340864e+08,663.5500000000001,21.0,61896.0,0.0,61896.0,61896.0,2.0,0.0,0.0
2026-05-18 17:26:48,127,1.985869e+06,182336.0,3597.0,0.0,0.0,0.0,3201.0,290.0,7.0,8.2948096e+07,8.66340864e+08,664.61,21.0,61996.0,0.0,61996.0,61996.0,2.0,0.0,0.0
2026-05-18 17:27:01,127,1.989264e+06,182896.0,3597.0,0.0,0.0,0.0,3206.0,291.0,7.0,8.2948096e+07,8.66340864e+08,665.64,21.0,62097.0,0.0,62097.0,62097.0,2.0,0.0,0.0
2026-05-18 17:27:13,127,1.992691e+06,182896.0,3597.0,0.0,0.0,0.0,3211.0,291.0,7.0,8.2948096e+07,8.66340864e+08,666.6600000000001,21.0,62193.0,0.0,62193.0,62193.0,2.0,0.0,0.0
2026-05-18 17:27:25,127,1.995392e+06,183593.0,3597.0,0.0,0.0,0.0,3215.0,292.0,7.0,8.2948096e+07,8.66340864e+08,667.74,21.0,62293.0,0.0,62293.0,62293.0,2.0,0.0,0.0
2026-05-18 17:27:37,127,1.998819e+06,183593.0,3597.0,0.0,0.0,0.0,3220.0,292.0,7.0,8.2948096e+07,8.66340864e+08,668.78,21.0,62393.0,0.0,62393.0,62393.0,2.0,0.0,0.0
2026-05-18 17:27:49,128,2.00152e+06,184290.0,3597.0,0.0,0.0,0.0,3224.0,293.0,7.0,8.2948096e+07,8.66340864e+08,669.85,23.0,62492.0,0.0,62491.0,62491.0,2.0,0.0,0.0
2026-05-18 17:28:01,128,2.004947e+06,184290.0,3597.0,0.0,0.0,0.0,3229.0,293.0,7.0,8.2948096e+07,8.66340864e+08,670.9000000000001,21.0,62591.0,0.0,62591.0,62591.0,2.0,0.0,0.0
2026-05-18 17:28:13,128,2.008345e+06,184290.0,3597.0,0.0,0.0,0.0,3234.0,293.0,7.0,8.2948096e+07,8.66340864e+08,671.96,21.0,62689.0,0.0,62689.0,62689.0,2.0,0.0,0.0
2026-05-18 17:28:25,128,2.011075e+06,184987.0,3597.0,0.0,0.0,0.0,3238.0,294.0,7.0,8.2948096e+07,8.66340864e+08,673.03,21.0,62788.0,0.0,62788.0,62788.0,2.0,0.0,0.0
2026-05-18 17:28:37,128,2.014473e+06,184987.0,3597.0,0.0,0.0,0.0,3243.0,294.0,7.0,8.2948096e+07,8.66340864e+08,674.08,21.0,62887.0,0.0,62887.0,62887.0,2.0,0.0,0.0
2026-05-18 17:28:49,129,2.017203e+06,185684.0,3597.0,0.0,0.0,0.0,3247.0,295.0,7.0,8.2948096e+07,8.66340864e+08,675.16,21.0,62986.0,0.0,62986.0,62986.0,2.0,0.0,0.0
2026-05-18 17:29:01,129,2.020601e+06,185684.0,3597.0,0.0,0.0,0.0,3252.0,295.0,7.0,8.2948096e+07,8.66340864e+08,676.22,21.0,63084.0,0.0,63084.0,63084.0,2.0,0.0,0.0
2026-05-18 17:29:13,129,2.023859e+06,186381.0,3597.0,0.0,0.0,0.0,3257.0,296.0,7.0,8.2948096e+07,8.66340864e+08,677.32,21.0,63185.0,0.0,63185.0,63185.0,2.0,0.0,0.0
2026-05-18 17:29:25,129,2.027286e+06,186381.0,3597.0,0.0,0.0,0.0,3262.0,296.0,7.0,8.2948096e+07,8.66340864e+08,678.31,21.0,63282.0,0.0,63282.0,63282.0,2.0,0.0,0.0
2026-05-18 17:29:37,129,2.030684e+06,186381.0,3597.0,0.0,0.0,0.0,3267.0,296.0,7.0,8.2948096e+07,8.66340864e+08,679.34,21.0,63380.0,0.0,63380.0,63380.0,2.0,0.0,0.0
2026-05-18 17:29:49,130,2.033414e+06,187078.0,3597.0,0.0,0.0,0.0,3271.0,297.0,7.0,8.2948096e+07,8.66340864e+08,680.4,21.0,63479.0,0.0,63479.0,63479.0,2.0,0.0,0.0
2026-05-18 17:30:01,130,2.036812e+06,187078.0,3597.0,0.0,0.0,0.0,3276.0,297.0,7.0,8.2948096e+07,8.66340864e+08,681.4499999999999,23.0,63578.0,0.0,63577.0,63577.0,2.0,0.0,0.0
2026-05-18 17:30:13,130,2.039542e+06,187775.0,3597.0,0.0,0.0,0.0,3280.0,298.0,7.0,8.2948096e+07,8.66340864e+08,682.52,21.0,63676.0,0.0,63676.0,63676.0,2.0,0.0,0.0
2026-05-18 17:30:25,130,2.04294e+06,187775.0,3597.0,0.0,0.0,0.0,3285.0,298.0,7.0,8.2948096e+07,8.66340864e+08,683.5600000000001,21.0,63776.0,0.0,63776.0,63776.0,2.0,0.0,0.0
2026-05-18 17:30:37,130,2.04567e+06,188472.0,3597.0,0.0,0.0,0.0,3289.0,299.0,7.0,8.2948096e+07,8.66340864e+08,684.66,21.0,63875.0,0.0,63875.0,63875.0,2.0,0.0,0.0
2026-05-18 17:30:49,131,2.049068e+06,188472.0,3597.0,0.0,0.0,0.0,3294.0,299.0,7.0,8.2948096e+07,8.66340864e+08,685.75,22.0,63977.0,0.0,63976.0,63976.0,2.0,0.0,0.0
2026-05-18 17:31:01,131,2.053023e+06,188472.0,3597.0,0.0,0.0,0.0,3300.0,299.0,7.0,8.2948096e+07,8.66340864e+08,686.8100000000001,21.0,64075.0,0.0,64075.0,64075.0,2.0,0.0,0.0
2026-05-18 17:31:13,131,2.055753e+06,189169.0,3597.0,0.0,0.0,0.0,3304.0,300.0,7.0,8.2948096e+07,8.66340864e+08,687.8399999999999,21.0,64174.0,0.0,64174.0,64174.0,2.0,0.0,0.0
2026-05-18 17:31:25,131,2.059151e+06,189169.0,3597.0,0.0,0.0,0.0,3309.0,300.0,7.0,8.2948096e+07,8.66340864e+08,688.9499999999999,21.0,64273.0,0.0,64273.0,64273.0,2.0,0.0,0.0
2026-05-18 17:31:37,131,2.061881e+06,189866.0,3597.0,0.0,0.0,0.0,3313.0,301.0,7.0,8.2948096e+07,8.66340864e+08,690.03,21.0,64372.0,0.0,64372.0,64372.0,2.0,0.0,0.0
2026-05-18 17:31:50,132,2.065279e+06,189866.0,3597.0,0.0,0.0,0.0,3318.0,301.0,7.0,8.2948096e+07,8.66340864e+08,691.0699999999999,21.0,64472.0,0.0,64472.0,64472.0,2.0,0.0,0.0
2026-05-18 17:32:02,132,2.068009e+06,190563.0,3597.0,0.0,0.0,0.0,3322.0,302.0,7.0,8.2948096e+07,8.66340864e+08,692.18,21.0,64570.0,0.0,64570.0,64570.0,2.0,0.0,0.0
2026-05-18 17:32:13,132,2.071407e+06,190563.0,3597.0,0.0,0.0,0.0,3327.0,302.0,7.0,8.2948096e+07,8.66340864e+08,693.22,21.0,64668.0,0.0,64668.0,64668.0,2.0,0.0,0.0
2026-05-18 17:32:26,132,2.074834e+06,190563.0,3597.0,0.0,0.0,0.0,3332.0,302.0,7.0,8.2948096e+07,8.66340864e+08,694.2800000000001,21.0,64768.0,0.0,64768.0,64768.0,2.0,0.0,0.0
2026-05-18 17:32:38,132,2.077535e+06,191260.0,3597.0,0.0,0.0,0.0,3336.0,303.0,7.0,8.2948096e+07,8.66340864e+08,695.3399999999999,21.0,64866.0,0.0,64866.0,64866.0,2.0,0.0,0.0
2026-05-18 17:32:50,133,2.080962e+06,191260.0,3597.0,0.0,0.0,0.0,3341.0,303.0,7.0,8.2948096e+07,8.66340864e+08,696.37,23.0,64964.0,0.0,64963.0,64963.0,2.0,0.0,0.0
2026-05-18 17:33:02,133,2.084112e+06,191928.0,3597.0,0.0,0.0,0.0,3346.0,304.0,7.0,8.2948096e+07,8.66340864e+08,697.48,21.0,65064.0,0.0,65064.0,65064.0,2.0,0.0,0.0
2026-05-18 17:33:14,133,2.087539e+06,191928.0,3597.0,0.0,0.0,0.0,3351.0,304.0,7.0,8.2948096e+07,8.66340864e+08,698.5,21.0,65162.0,0.0,65162.0,65162.0,2.0,0.0,0.0
2026-05-18 17:33:26,133,2.090269e+06,192596.0,3597.0,0.0,0.0,0.0,3355.0,305.0,7.0,8.2948096e+07,8.66340864e+08,699.51,21.0,65261.0,0.0,65261.0,65261.0,2.0,0.0,0.0
2026-05-18 17:33:38,133,2.093696e+06,192596.0,3597.0,0.0,0.0,0.0,3360.0,305.0,7.0,8.2948096e+07,8.66340864e+08,700.6099999999999,21.0,65361.0,0.0,65361.0,65361.0,2.0,0.0,0.0
2026-05-18 17:33:50,134,2.097094e+06,192596.0,3597.0,0.0,0.0,0.0,3365.0,305.0,7.0,8.2948096e+07,8.66340864e+08,701.67,21.0,65460.0,0.0,65460.0,65460.0,2.0,0.0,0.0
2026-05-18 17:34:02,134,2.099853e+06,193264.0,3597.0,0.0,0.0,0.0,3369.0,306.0,7.0,8.2948096e+07,8.66340864e+08,702.73,21.0,65559.0,0.0,65559.0,65559.0,2.0,0.0,0.0
2026-05-18 17:34:14,134,2.103251e+06,193264.0,3597.0,0.0,0.0,0.0,3374.0,306.0,7.0,8.2948096e+07,8.66340864e+08,703.7800000000001,21.0,65657.0,0.0,65657.0,65657.0,2.0,0.0,0.0
2026-05-18 17:34:26,134,2.10601e+06,193932.0,3597.0,0.0,0.0,0.0,3378.0,307.0,7.0,8.2948096e+07,8.66340864e+08,704.8,23.0,65756.0,0.0,65755.0,65755.0,2.0,0.0,0.0
2026-05-18 17:34:38,134,2.10916e+06,193932.0,3597.0,0.0,0.0,0.0,3383.0,307.0,7.0,8.2948096e+07,8.66340864e+08,705.91,21.0,65853.0,0.0,65853.0,65853.0,2.0,0.0,0.0
2026-05-18 17:34:50,135,2.11259e+06,194600.0,3597.0,0.0,0.0,0.0,3388.0,308.0,7.0,8.2948096e+07,8.66340864e+08,706.8900000000001,23.0,65954.0,0.0,65953.0,65953.0,2.0,0.0,0.0
2026-05-18 17:35:02,135,2.116017e+06,194600.0,3597.0,0.0,0.0,0.0,3393.0,308.0,7.0,8.2948096e+07,8.66340864e+08,707.9399999999999,21.0,66051.0,0.0,66051.0,66051.0,2.0,0.0,0.0
2026-05-18 17:35:14,135,2.119415e+06,194600.0,3597.0,0.0,0.0,0.0,3398.0,308.0,7.0,8.2948096e+07,8.66340864e+08,708.98,23.0,66152.0,0.0,66151.0,66151.0,2.0,0.0,0.0
2026-05-18 17:35:27,135,2.122174e+06,195268.0,3597.0,0.0,0.0,0.0,3402.0,309.0,7.0,8.2948096e+07,8.66340864e+08,710.13,23.0,66253.0,0.0,66252.0,66252.0,2.0,0.0,0.0
2026-05-18 17:35:39,135,2.125572e+06,195268.0,3597.0,0.0,0.0,0.0,3407.0,309.0,7.0,8.2948096e+07,8.66340864e+08,711.2099999999999,23.0,66352.0,0.0,66352.0,66352.0,2.0,0.0,0.0
2026-05-18 17:35:51,136,2.128331e+06,195936.0,3597.0,0.0,0.0,0.0,3411.0,310.0,7.0,8.2948096e+07,8.66340864e+08,712.23,21.0,66450.0,0.0,66450.0,66450.0,2.0,0.0,0.0
2026-05-18 17:36:03,136,2.131729e+06,195936.0,3597.0,0.0,0.0,0.0,3416.0,310.0,7.0,8.2948096e+07,8.66340864e+08,713.25,21.0,66549.0,0.0,66549.0,66549.0,2.0,0.0,0.0
2026-05-18 17:36:15,136,2.135156e+06,195936.0,3597.0,0.0,0.0,0.0,3421.0,310.0,7.0,8.2948096e+07,8.66340864e+08,714.35,21.0,66648.0,0.0,66648.0,66648.0,2.0,0.0,0.0
2026-05-18 17:36:27,136,2.137326e+06,196604.0,4294.0,0.0,0.0,0.0,3425.0,311.0,8.0,8.2948096e+07,8.66340864e+08,715.4300000000001,21.0,66749.0,0.0,66749.0,66749.0,2.0,0.0,0.0
2026-05-18 17:36:39,136,2.140791e+06,196604.0,4294.0,0.0,0.0,0.0,3431.0,311.0,8.0,8.2948096e+07,8.66340864e+08,716.4499999999999,21.0,66848.0,0.0,66848.0,66848.0,2.0,0.0,0.0
2026-05-18 17:36:52,137,2.143664e+06,197196.0,4294.0,0.0,0.0,0.0,3436.0,312.0,8.0,8.2948096e+07,8.66340864e+08,717.51,23.0,66948.0,0.0,66947.0,66947.0,2.0,0.0,0.0
2026-05-18 17:37:04,137,2.147164e+06,197196.0,4294.0,0.0,0.0,0.0,3442.0,312.0,8.0,8.2948096e+07,8.66340864e+08,718.59,21.0,67047.0,0.0,67047.0,67047.0,2.0,0.0,0.0
2026-05-18 17:37:16,137,2.150037e+06,197788.0,4294.0,0.0,0.0,0.0,3447.0,313.0,8.0,8.2948096e+07,8.66340864e+08,719.6099999999999,21.0,67147.0,0.0,67147.0,67147.0,2.0,0.0,0.0
2026-05-18 17:37:28,137,2.153782e+06,197788.0,4294.0,0.0,0.0,0.0,3453.0,313.0,8.0,8.2948096e+07,8.66340864e+08,720.6899999999999,21.0,67247.0,0.0,67247.0,67247.0,2.0,0.0,0.0
2026-05-18 17:37:40,137,2.156442e+06,198453.0,4294.0,0.0,0.0,0.0,3457.0,314.0,8.0,8.2948096e+07,8.66340864e+08,721.69,21.0,67346.0,0.0,67346.0,67346.0,2.0,0.0,0.0
2026-05-18 17:37:52,138,2.159767e+06,198453.0,4294.0,0.0,0.0,0.0,3462.0,314.0,8.0,8.2948096e+07,8.66340864e+08,722.74,21.0,67443.0,0.0,67443.0,67443.0,2.0,0.0,0.0
2026-05-18 17:38:04,138,2.162427e+06,199118.0,4294.0,0.0,0.0,0.0,3466.0,315.0,8.0,8.2948096e+07,8.66340864e+08,723.8,21.0,67542.0,0.0,67542.0,67542.0,2.0,0.0,0.0
2026-05-18 17:38:16,138,2.166382e+06,199118.0,4294.0,0.0,0.0,0.0,3472.0,315.0,8.0,8.2948096e+07,8.66340864e+08,724.8000000000001,21.0,67641.0,0.0,67641.0,67641.0,2.0,0.0,0.0
2026-05-18 17:38:28,138,2.169042e+06,199783.0,4294.0,0.0,0.0,0.0,3476.0,316.0,8.0,8.2948096e+07,8.66340864e+08,725.8299999999999,23.0,67740.0,0.0,67739.0,67739.0,2.0,0.0,0.0
2026-05-18 17:38:40,138,2.172367e+06,199783.0,4294.0,0.0,0.0,0.0,3481.0,316.0,8.0,8.2948096e+07,8.66340864e+08,726.86,21.0,67839.0,0.0,67839.0,67839.0,2.0,0.0,0.0
2026-05-18 17:38:52,139,2.175692e+06,199783.0,4294.0,0.0,0.0,0.0,3486.0,316.0,8.0,8.2948096e+07,8.66340864e+08,727.85,21.0,67937.0,0.0,67937.0,67937.0,2.0,0.0,0.0
2026-05-18 17:39:04,139,2.17888e+06,200445.0,4294.0,0.0,0.0,0.0,3491.0,317.0,8.0,8.2948096e+07,8.66340864e+08,728.88,21.0,68036.0,0.0,68036.0,68036.0,2.0,0.0,0.0
2026-05-18 17:39:16,139,2.182205e+06,200445.0,4294.0,0.0,0.0,0.0,3496.0,317.0,8.0,8.2948096e+07,8.66340864e+08,729.91,23.0,68136.0,0.0,68135.0,68135.0,2.0,0.0,0.0
2026-05-18 17:39:29,139,2.184865e+06,201110.0,4294.0,0.0,0.0,0.0,3500.0,318.0,8.0,8.2948096e+07,8.66340864e+08,730.92,21.0,68233.0,0.0,68233.0,68233.0,2.0,0.0,0.0
2026-05-18 17:39:40,139,2.18819e+06,201110.0,4294.0,0.0,0.0,0.0,3505.0,318.0,8.0,8.2948096e+07,8.66340864e+08,731.96,21.0,68333.0,0.0,68333.0,68333.0,2.0,0.0,0.0
2026-05-18 17:39:53,140,2.19141e+06,201775.0,4294.0,0.0,0.0,0.0,3510.0,319.0,8.0,8.2948096e+07,8.66340864e+08,733.0200000000001,21.0,68433.0,0.0,68433.0,68433.0,2.0,0.0,0.0
2026-05-18 17:40:05,140,2.194735e+06,201775.0,4294.0,0.0,0.0,0.0,3515.0,319.0,8.0,8.2948096e+07,8.66340864e+08,734.0999999999999,21.0,68533.0,0.0,68533.0,68533.0,2.0,0.0,0.0
2026-05-18 17:40:17,140,2.19806e+06,201775.0,4294.0,0.0,0.0,0.0,3520.0,319.0,8.0,8.2948096e+07,8.66340864e+08,735.12,23.0,68631.0,0.0,68630.0,68630.0,2.0,0.0,0.0
2026-05-18 17:40:29,140,2.201455e+06,202230.0,4294.0,0.0,0.0,0.0,3525.0,320.0,8.0,8.2948096e+07,8.66340864e+08,736.1600000000001,21.0,68731.0,0.0,68731.0,68731.0,2.0,0.0,0.0
2026-05-18 17:40:41,140,2.204853e+06,202230.0,4294.0,0.0,0.0,0.0,3530.0,320.0,8.0,8.3079168e+07,8.66340864e+08,737.1999999999999,23.0,68831.0,0.0,68830.0,68830.0,2.0,0.0,0.0
2026-05-18 17:40:53,141,2.207612e+06,202898.0,4294.0,0.0,0.0,0.0,3534.0,321.0,8.0,8.3079168e+07,8.66340864e+08,738.21,21.0,68932.0,0.0,68932.0,68932.0,2.0,0.0,0.0
2026-05-18 17:41:06,141,2.21101e+06,202898.0,4294.0,0.0,0.0,0.0,3539.0,321.0,8.0,8.3079168e+07,8.66340864e+08,739.25,23.0,69032.0,0.0,69031.0,69031.0,2.0,0.0,0.0
2026-05-18 17:41:18,141,2.213769e+06,203566.0,4294.0,0.0,0.0,0.0,3543.0,322.0,8.0,8.3079168e+07,8.66340864e+08,740.3,21.0,69132.0,0.0,69132.0,69132.0,2.0,0.0,0.0
2026-05-18 17:41:30,141,2.217167e+06,203566.0,4294.0,0.0,0.0,0.0,3548.0,322.0,8.0,8.3079168e+07,8.66340864e+08,741.36,21.0,69230.0,0.0,69230.0,69230.0,2.0,0.0,0.0
2026-05-18 17:41:42,142,2.220594e+06,203566.0,4294.0,0.0,0.0,0.0,3553.0,322.0,8.0,8.3079168e+07,8.66340864e+08,742.4200000000001,21.0,69329.0,0.0,69329.0,69329.0,2.0,0.0,0.0
2026-05-18 17:41:54,142,2.223989e+06,204129.0,4294.0,0.0,0.0,0.0,3558.0,323.0,8.0,8.3079168e+07,8.66340864e+08,743.4499999999999,21.0,69427.0,0.0,69427.0,69427.0,2.0,0.0,0.0
2026-05-18 17:42:06,142,2.227416e+06,204129.0,4294.0,0.0,0.0,0.0,3563.0,323.0,8.0,8.3079168e+07,8.66340864e+08,744.53,21.0,69526.0,0.0,69526.0,69526.0,2.0,0.0,0.0
2026-05-18 17:42:18,142,2.230117e+06,204826.0,4294.0,0.0,0.0,0.0,3567.0,324.0,8.0,8.3079168e+07,8.66340864e+08,745.63,23.0,69624.0,0.0,69623.0,69623.0,2.0,0.0,0.0
2026-05-18 17:42:30,142,2.233544e+06,204826.0,4294.0,0.0,0.0,0.0,3572.0,324.0,8.0,8.3079168e+07,8.66340864e+08,746.6999999999999,21.0,69724.0,0.0,69724.0,69724.0,2.0,0.0,0.0
2026-05-18 17:42:42,143,2.236245e+06,205523.0,4294.0,0.0,0.0,0.0,3576.0,325.0,8.0,8.3079168e+07,8.66340864e+08,747.76,21.0,69823.0,0.0,69823.0,69823.0,2.0,0.0,0.0
2026-05-18 17:42:55,143,2.239672e+06,205523.0,4294.0,0.0,0.0,0.0,3581.0,325.0,8.0,8.3079168e+07,8.66340864e+08,748.82,23.0,69925.0,0.0,69924.0,69924.0,2.0,0.0,0.0
2026-05-18 17:43:07,143,2.24307e+06,205523.0,4294.0,0.0,0.0,0.0,3586.0,325.0,8.0,8.2948096e+07,8.66340864e+08,749.8499999999999,21.0,70023.0,0.0,70023.0,70023.0,2.0,0.0,0.0
2026-05-18 17:43:19,143,2.2458e+06,206220.0,4294.0,0.0,0.0,0.0,3590.0,326.0,8.0,8.2948096e+07,8.66340864e+08,750.86,23.0,70123.0,0.0,70122.0,70122.0,2.0,0.0,0.0
2026-05-18 17:43:31,143,2.249688e+06,206220.0,4294.0,0.0,0.0,0.0,3596.0,326.0,8.0,8.2948096e+07,8.66340864e+08,751.94,23.0,70223.0,0.0,70222.0,70222.0,2.0,0.0,0.0
2026-05-18 17:43:43,144,2.252447e+06,206888.0,4294.0,0.0,0.0,0.0,3600.0,327.0,8.0,8.2948096e+07,8.66340864e+08,752.92,21.0,70322.0,0.0,70322.0,70322.0,2.0,0.0,0.0
2026-05-18 17:43:55,144,2.255845e+06,206888.0,4294.0,0.0,0.0,0.0,3605.0,327.0,8.0,8.2948096e+07,8.66340864e+08,754.02,21.0,70422.0,0.0,70422.0,70422.0,2.0,0.0,0.0
2026-05-18 17:44:07,144,2.258604e+06,207556.0,4294.0,0.0,0.0,0.0,3609.0,328.0,8.0,8.2948096e+07,8.66340864e+08,755.0699999999999,22.0,70522.0,0.0,70521.0,70521.0,2.0,0.0,0.0
2026-05-18 17:44:20,144,2.262002e+06,207556.0,4294.0,0.0,0.0,0.0,3614.0,328.0,8.0,8.2948096e+07,8.66340864e+08,756.09,21.0,70622.0,0.0,70622.0,70622.0,2.0,0.0,0.0
2026-05-18 17:44:32,144,2.265429e+06,207556.0,4294.0,0.0,0.0,0.0,3619.0,328.0,8.0,8.2948096e+07,8.66340864e+08,757.12,21.0,70722.0,0.0,70722.0,70722.0,2.0,0.0,0.0
2026-05-18 17:44:44,145,2.268159e+06,208224.0,4294.0,0.0,0.0,0.0,3623.0,329.0,8.0,8.2948096e+07,8.66340864e+08,758.12,21.0,70820.0,0.0,70820.0,70820.0,2.0,0.0,0.0
2026-05-18 17:44:56,145,2.271586e+06,208224.0,4294.0,0.0,0.0,0.0,3628.0,329.0,8.0,8.2948096e+07,8.66340864e+08,759.16,21.0,70920.0,0.0,70920.0,70920.0,2.0,0.0,0.0
2026-05-18 17:45:08,145,2.274882e+06,208921.0,4294.0,0.0,0.0,0.0,3633.0,330.0,8.0,8.2948096e+07,8.66340864e+08,760.19,21.0,71018.0,0.0,71018.0,71018.0,2.0,0.0,0.0
2026-05-18 17:45:20,145,2.278309e+06,208921.0,4294.0,0.0,0.0,0.0,3638.0,330.0,8.0,8.2948096e+07,8.66340864e+08,761.26,21.0,71118.0,0.0,71118.0,71118.0,2.0,0.0,0.0
2026-05-18 17:45:32,145,2.28101e+06,209618.0,4294.0,0.0,0.0,0.0,3642.0,331.0,8.0,8.2948096e+07,8.66340864e+08,762.33,21.0,71217.0,0.0,71217.0,71217.0,2.0,0.0,0.0
2026-05-18 17:45:44,146,2.284437e+06,209618.0,4294.0,0.0,0.0,0.0,3647.0,331.0,8.0,8.2948096e+07,8.66340864e+08,763.34,23.0,71315.0,0.0,71314.0,71314.0,2.0,0.0,0.0
2026-05-18 17:45:56,146,2.287835e+06,209618.0,4294.0,0.0,0.0,0.0,3652.0,331.0,8.0,8.2948096e+07,8.66340864e+08,764.3499999999999,21.0,71413.0,0.0,71413.0,71413.0,2.0,0.0,0.0
2026-05-18 17:46:09,146,2.290565e+06,210315.0,4294.0,0.0,0.0,0.0,3656.0,332.0,8.0,8.2948096e+07,8.66340864e+08,765.43,21.0,71513.0,0.0,71513.0,71513.0,2.0,0.0,0.0
2026-05-18 17:46:21,146,2.293963e+06,210315.0,4294.0,0.0,0.0,0.0,3661.0,332.0,8.0,8.2948096e+07,8.66340864e+08,766.49,21.0,71611.0,0.0,71611.0,71611.0,2.0,0.0,0.0
2026-05-18 17:46:33,146,2.296693e+06,211012.0,4294.0,0.0,0.0,0.0,3665.0,333.0,8.0,8.2948096e+07,8.66340864e+08,767.47,21.0,71712.0,0.0,71712.0,71712.0,2.0,0.0,0.0
2026-05-18 17:46:45,147,2.300091e+06,211012.0,4294.0,0.0,0.0,0.0,3670.0,333.0,8.0,8.2948096e+07,8.66340864e+08,768.5,21.0,71812.0,0.0,71812.0,71812.0,2.0,0.0,0.0
2026-05-18 17:46:58,147,2.302821e+06,211709.0,4294.0,0.0,0.0,0.0,3674.0,334.0,8.0,8.2948096e+07,8.66340864e+08,769.5799999999999,21.0,71911.0,0.0,71911.0,71911.0,2.0,0.0,0.0
2026-05-18 17:47:10,147,2.306779e+06,211709.0,4294.0,0.0,0.0,0.0,3680.0,334.0,8.0,8.2948096e+07,8.66340864e+08,770.6899999999999,21.0,72010.0,0.0,72010.0,72010.0,2.0,0.0,0.0
2026-05-18 17:47:22,147,2.310206e+06,211709.0,4294.0,0.0,0.0,0.0,3685.0,334.0,8.0,8.2948096e+07,8.66340864e+08,771.76,23.0,72111.0,0.0,72110.0,72110.0,2.0,0.0,0.0
2026-05-18 17:47:34,147,2.312936e+06,212377.0,4294.0,0.0,0.0,0.0,3689.0,335.0,8.0,8.2948096e+07,8.66340864e+08,772.8000000000001,21.0,72211.0,0.0,72211.0,72211.0,2.0,0.0,0.0
2026-05-18 17:47:46,148,2.316363e+06,212377.0,4294.0,0.0,0.0,0.0,3694.0,335.0,8.0,8.2948096e+07,8.66340864e+08,773.81,21.0,72309.0,0.0,72309.0,72309.0,2.0,0.0,0.0
2026-05-18 17:47:58,148,2.319093e+06,213045.0,4294.0,0.0,0.0,0.0,3698.0,336.0,8.0,8.2948096e+07,8.66340864e+08,774.88,21.0,72408.0,0.0,72408.0,72408.0,2.0,0.0,0.0
2026-05-18 17:48:10,148,2.32252e+06,213045.0,4294.0,0.0,0.0,0.0,3703.0,336.0,8.0,8.2948096e+07,8.66340864e+08,775.93,21.0,72508.0,0.0,72508.0,72508.0,2.0,0.0,0.0
2026-05-18 17:48:22,148,2.32525e+06,213713.0,4294.0,0.0,0.0,0.0,3707.0,337.0,8.0,8.2948096e+07,8.66340864e+08,776.99,23.0,72608.0,0.0,72607.0,72607.0,2.0,0.0,0.0
2026-05-18 17:48:34,148,2.32917e+06,213713.0,4294.0,0.0,0.0,0.0,3713.0,337.0,8.0,8.2948096e+07,8.66340864e+08,778.06,23.0,72707.0,0.0,72706.0,72706.0,2.0,0.0,0.0
2026-05-18 17:48:46,149,2.332597e+06,213713.0,4294.0,0.0,0.0,0.0,3718.0,337.0,8.0,8.2948096e+07,8.66340864e+08,779.1,21.0,72805.0,0.0,72805.0,72805.0,2.0,0.0,0.0
2026-05-18 17:48:58,149,2.335327e+06,214381.0,4294.0,0.0,0.0,0.0,3722.0,338.0,8.0,8.2948096e+07,8.66340864e+08,780.15,23.0,72905.0,0.0,72904.0,72904.0,2.0,0.0,0.0
2026-05-18 17:49:10,149,2.338754e+06,214381.0,4294.0,0.0,0.0,0.0,3727.0,338.0,8.0,8.2948096e+07,8.66340864e+08,781.19,21.0,73003.0,0.0,73003.0,73003.0,2.0,0.0,0.0
2026-05-18 17:49:22,149,2.341484e+06,215049.0,4294.0,0.0,0.0,0.0,3731.0,339.0,8.0,8.2948096e+07,8.66340864e+08,782.25,21.0,73102.0,0.0,73102.0,73102.0,2.0,0.0,0.0
2026-05-18 17:49:34,149,2.344911e+06,215049.0,4294.0,0.0,0.0,0.0,3736.0,339.0,8.0,8.2948096e+07,8.66340864e+08,783.3000000000001,21.0,73202.0,0.0,73202.0,73202.0,2.0,0.0,0.0
2026-05-18 17:49:46,150,2.347641e+06,215717.0,4294.0,0.0,0.0,0.0,3740.0,340.0,8.0,8.2948096e+07,8.66340864e+08,784.3,21.0,73301.0,0.0,73301.0,73301.0,2.0,0.0,0.0
2026-05-18 17:49:59,150,2.351068e+06,215717.0,4294.0,0.0,0.0,0.0,3745.0,340.0,8.0,8.2948096e+07,8.66340864e+08,785.31,23.0,73401.0,0.0,73400.0,73400.0,2.0,0.0,0.0
2026-05-18 17:50:11,150,2.354466e+06,215717.0,4294.0,0.0,0.0,0.0,3750.0,340.0,8.0,8.2948096e+07,8.66340864e+08,786.35,21.0,73500.0,0.0,73500.0,73500.0,2.0,0.0,0.0
2026-05-18 17:50:23,150,2.357225e+06,216385.0,4294.0,0.0,0.0,0.0,3754.0,341.0,8.0,8.2948096e+07,8.66340864e+08,787.3399999999999,21.0,73598.0,0.0,73598.0,73598.0,2.0,0.0,0.0
2026-05-18 17:50:35,150,2.360623e+06,216385.0,4294.0,0.0,0.0,0.0,3759.0,341.0,8.0,8.2948096e+07,8.66340864e+08,788.36,21.0,73696.0,0.0,73696.0,73696.0,2.0,0.0,0.0
2026-05-18 17:50:47,151,2.36391e+06,217053.0,4294.0,0.0,0.0,0.0,3764.0,342.0,8.0,8.2948096e+07,8.66340864e+08,789.48,21.0,73796.0,0.0,73796.0,73796.0,2.0,0.0,0.0
2026-05-18 17:50:59,151,2.367337e+06,217053.0,4294.0,0.0,0.0,0.0,3769.0,342.0,8.0,8.2948096e+07,8.66340864e+08,790.55,21.0,73896.0,0.0,73896.0,73896.0,2.0,0.0,0.0
2026-05-18 17:51:11,151,2.370067e+06,217721.0,4294.0,0.0,0.0,0.0,3773.0,343.0,8.0,8.2948096e+07,8.66340864e+08,791.63,21.0,73995.0,0.0,73995.0,73995.0,2.0,0.0,0.0
2026-05-18 17:51:23,151,2.373494e+06,217721.0,4294.0,0.0,0.0,0.0,3778.0,343.0,8.0,8.2948096e+07,8.66340864e+08,792.73,23.0,74096.0,0.0,74095.0,74095.0,2.0,0.0,0.0
2026-05-18 17:51:35,151,2.376889e+06,217721.0,4294.0,0.0,0.0,0.0,3783.0,343.0,8.0,8.2948096e+07,8.66340864e+08,793.77,21.0,74195.0,0.0,74195.0,74195.0,2.0,0.0,0.0
2026-05-18 17:51:47,152,2.37959e+06,218418.0,4294.0,0.0,0.0,0.0,3787.0,344.0,8.0,8.2948096e+07,8.66340864e+08,794.85,21.0,74294.0,0.0,74294.0,74294.0,2.0,0.0,0.0
2026-05-18 17:51:59,152,2.383017e+06,218418.0,4294.0,0.0,0.0,0.0,3792.0,344.0,8.0,8.2948096e+07,8.66340864e+08,795.94,21.0,74392.0,0.0,74392.0,74392.0,2.0,0.0,0.0
2026-05-18 17:52:11,152,2.385718e+06,219115.0,4294.0,0.0,0.0,0.0,3796.0,345.0,8.0,8.2948096e+07,8.66340864e+08,796.99,21.0,74491.0,0.0,74491.0,74491.0,2.0,0.0,0.0
2026-05-18 17:52:23,152,2.389673e+06,219115.0,4294.0,0.0,0.0,0.0,3802.0,345.0,8.0,8.2948096e+07,8.66340864e+08,798.01,23.0,74589.0,0.0,74588.0,74588.0,2.0,0.0,0.0
2026-05-18 17:52:35,152,2.392403e+06,219115.0,4294.0,0.0,0.0,0.0,3806.0,345.0,8.0,8.2948096e+07,8.66340864e+08,799.06,21.0,74685.0,0.0,74685.0,74685.0,2.0,0.0,0.0
2026-05-18 17:52:47,153,2.395798e+06,219780.0,4294.0,0.0,0.0,0.0,3811.0,346.0,8.0,8.2948096e+07,8.66340864e+08,800.11,21.0,74785.0,0.0,74785.0,74785.0,2.0,0.0,0.0
2026-05-18 17:52:59,153,2.399225e+06,219780.0,4294.0,0.0,0.0,0.0,3816.0,346.0,8.0,8.2948096e+07,8.66340864e+08,801.1400000000001,21.0,74882.0,0.0,74882.0,74882.0,2.0,0.0,0.0
2026-05-18 17:53:11,153,2.401926e+06,220477.0,4294.0,0.0,0.0,0.0,3820.0,347.0,8.0,8.2948096e+07,8.66340864e+08,802.1899999999999,21.0,74982.0,0.0,74982.0,74982.0,2.0,0.0,0.0
2026-05-18 17:53:23,153,2.405353e+06,220477.0,4294.0,0.0,0.0,0.0,3825.0,347.0,8.0,8.2948096e+07,8.66340864e+08,803.28,21.0,75079.0,0.0,75079.0,75079.0,2.0,0.0,0.0
2026-05-18 17:53:35,153,2.408054e+06,221174.0,4294.0,0.0,0.0,0.0,3829.0,348.0,8.0,8.2948096e+07,8.66340864e+08,804.37,21.0,75179.0,0.0,75179.0,75179.0,2.0,0.0,0.0
2026-05-18 17:53:47,154,2.411481e+06,221174.0,4294.0,0.0,0.0,0.0,3834.0,348.0,8.0,8.2948096e+07,8.66340864e+08,805.3599999999999,21.0,75278.0,0.0,75278.0,75278.0,2.0,0.0,0.0
2026-05-18 17:53:59,154,2.414879e+06,221174.0,4294.0,0.0,0.0,0.0,3839.0,348.0,8.0,8.2948096e+07,8.66340864e+08,806.43,21.0,75376.0,0.0,75376.0,75376.0,2.0,0.0,0.0
2026-05-18 17:54:11,154,2.417609e+06,221871.0,4294.0,0.0,0.0,0.0,3843.0,349.0,8.0,8.2948096e+07,8.66340864e+08,807.5,21.0,75473.0,0.0,75473.0,75473.0,2.0,0.0,0.0
2026-05-18 17:54:23,154,2.421007e+06,221871.0,4294.0,0.0,0.0,0.0,3848.0,349.0,8.0,8.2948096e+07,8.66340864e+08,808.55,21.0,75572.0,0.0,75572.0,75572.0,2.0,0.0,0.0
2026-05-18 17:54:35,154,2.423737e+06,222568.0,4294.0,0.0,0.0,0.0,3852.0,350.0,8.0,8.2948096e+07,8.66340864e+08,809.5500000000001,21.0,75670.0,0.0,75670.0,75670.0,2.0,0.0,0.0
2026-05-18 17:54:47,155,2.427135e+06,222568.0,4294.0,0.0,0.0,0.0,3857.0,350.0,8.0,8.2948096e+07,8.66340864e+08,810.5600000000001,21.0,75769.0,0.0,75769.0,75769.0,2.0,0.0,0.0
2026-05-18 17:54:59,155,2.429865e+06,223265.0,4294.0,0.0,0.0,0.0,3861.0,351.0,8.0,8.2948096e+07,8.66340864e+08,811.5799999999999,23.0,75867.0,0.0,75866.0,75866.0,2.0,0.0,0.0
2026-05-18 17:55:11,155,2.433683e+06,223265.0,4294.0,0.0,0.0,0.0,3867.0,351.0,8.0,8.2948096e+07,8.66340864e+08,812.61,21.0,75967.0,0.0,75967.0,75967.0,2.0,0.0,0.0
2026-05-18 17:55:24,155,2.43711e+06,223265.0,4294.0,0.0,0.0,0.0,3872.0,351.0,8.0,8.2948096e+07,8.66340864e+08,813.7,21.0,76066.0,0.0,76066.0,76066.0,2.0,0.0,0.0
2026-05-18 17:55:36,155,2.43984e+06,223933.0,4294.0,0.0,0.0,0.0,3876.0,352.0,8.0,8.2948096e+07,8.66340864e+08,814.78,21.0,76164.0,0.0,76164.0,76164.0,2.0,0.0,0.0
2026-05-18 17:55:47,156,2.443267e+06,223933.0,4294.0,0.0,0.0,0.0,3881.0,352.0,8.0,8.2948096e+07,8.66340864e+08,815.79,23.0,76264.0,0.0,76263.0,76263.0,2.0,0.0,0.0
2026-05-18 17:55:59,156,2.445997e+06,224601.0,4294.0,0.0,0.0,0.0,3885.0,353.0,8.0,8.2948096e+07,8.66340864e+08,816.8800000000001,21.0,76361.0,0.0,76361.0,76361.0,2.0,0.0,0.0
2026-05-18 17:56:12,156,2.449424e+06,224601.0,4294.0,0.0,0.0,0.0,3890.0,353.0,8.0,8.2948096e+07,8.66340864e+08,817.9599999999999,21.0,76461.0,0.0,76461.0,76461.0,2.0,0.0,0.0
2026-05-18 17:56:24,156,2.452154e+06,225269.0,4294.0,0.0,0.0,0.0,3894.0,354.0,8.0,8.2948096e+07,8.66340864e+08,819.0,21.0,76560.0,0.0,76560.0,76560.0,2.0,0.0,0.0
2026-05-18 17:56:36,156,2.455581e+06,225269.0,4294.0,0.0,0.0,0.0,3899.0,354.0,8.0,8.2948096e+07,8.66340864e+08,820.06,23.0,76659.0,0.0,76658.0,76658.0,2.0,0.0,0.0
2026-05-18 17:56:48,157,2.459399e+06,225269.0,4294.0,0.0,0.0,0.0,3905.0,354.0,8.0,8.2948096e+07,8.66340864e+08,821.14,23.0,76759.0,0.0,76758.0,76758.0,2.0,0.0,0.0
2026-05-18 17:57:00,157,2.462129e+06,225966.0,4294.0,0.0,0.0,0.0,3909.0,355.0,8.0,8.2948096e+07,8.66340864e+08,822.22,23.0,76858.0,0.0,76857.0,76857.0,2.0,0.0,0.0
2026-05-18 17:57:12,157,2.465527e+06,225966.0,4294.0,0.0,0.0,0.0,3914.0,355.0,8.0,8.2948096e+07,8.66340864e+08,823.3,21.0,76957.0,0.0,76957.0,76957.0,2.0,0.0,0.0
2026-05-18 17:57:24,157,2.468257e+06,226663.0,4294.0,0.0,0.0,0.0,3918.0,356.0,8.0,8.2948096e+07,8.66340864e+08,824.27,21.0,77056.0,0.0,77056.0,77056.0,2.0,0.0,0.0
2026-05-18 17:57:36,157,2.471655e+06,226663.0,4294.0,0.0,0.0,0.0,3923.0,356.0,8.0,8.2948096e+07,8.66340864e+08,825.32,21.0,77156.0,0.0,77156.0,77156.0,2.0,0.0,0.0
2026-05-18 17:57:49,158,2.474385e+06,227360.0,4294.0,0.0,0.0,0.0,3927.0,357.0,8.0,8.2948096e+07,8.66340864e+08,826.3499999999999,21.0,77256.0,0.0,77256.0,77256.0,2.0,0.0,0.0
2026-05-18 17:58:01,158,2.477783e+06,227360.0,4294.0,0.0,0.0,0.0,3932.0,357.0,8.0,8.2948096e+07,8.66340864e+08,827.41,21.0,77356.0,0.0,77356.0,77356.0,2.0,0.0,0.0
2026-05-18 17:58:13,158,2.48121e+06,227360.0,4294.0,0.0,0.0,0.0,3937.0,357.0,8.0,8.2948096e+07,8.66340864e+08,828.46,21.0,77455.0,0.0,77455.0,77455.0,2.0,0.0,0.0
2026-05-18 17:58:25,158,2.484503e+06,228025.0,4294.0,0.0,0.0,0.0,3942.0,358.0,8.0,8.2948096e+07,8.66340864e+08,829.48,21.0,77555.0,0.0,77555.0,77555.0,2.0,0.0,0.0
2026-05-18 17:58:37,158,2.48793e+06,228025.0,4294.0,0.0,0.0,0.0,3947.0,358.0,8.0,8.2948096e+07,8.66340864e+08,830.57,21.0,77653.0,0.0,77653.0,77653.0,2.0,0.0,0.0
2026-05-18 17:58:49,159,2.489715e+06,228693.0,4991.0,0.0,0.0,0.0,3950.0,359.0,9.0,8.2948096e+07,8.66340864e+08,831.6400000000001,21.0,77752.0,0.0,77752.0,77752.0,2.0,0.0,0.0
2026-05-18 17:59:01,159,2.49325e+06,228693.0,4991.0,0.0,0.0,0.0,3956.0,359.0,9.0,8.2948096e+07,8.66340864e+08,832.73,21.0,77850.0,0.0,77850.0,77850.0,2.0,0.0,0.0
2026-05-18 17:59:13,159,2.496225e+06,229288.0,4991.0,0.0,0.0,0.0,3961.0,360.0,9.0,8.2948096e+07,8.66340864e+08,833.73,23.0,77948.0,0.0,77947.0,77947.0,2.0,0.0,0.0
2026-05-18 17:59:26,159,2.499795e+06,229288.0,4991.0,0.0,0.0,0.0,3967.0,360.0,9.0,8.2948096e+07,8.66340864e+08,834.77,22.0,78049.0,0.0,78048.0,78048.0,2.0,0.0,0.0
2026-05-18 17:59:38,159,2.50277e+06,229883.0,4991.0,0.0,0.0,0.0,3972.0,361.0,9.0,8.2948096e+07,8.66340864e+08,835.84,21.0,78148.0,0.0,78148.0,78148.0,2.0,0.0,0.0
2026-05-18 17:59:50,160,2.505748e+06,229883.0,4991.0,0.0,0.0,0.0,3977.0,361.0,9.0,8.2948096e+07,8.66340864e+08,836.9,23.0,78248.0,0.0,78247.0,78247.0,2.0,0.0,0.0
2026-05-18 18:00:02,160,2.508965e+06,230548.0,4991.0,0.0,0.0,0.0,3982.0,362.0,9.0,8.2948096e+07,8.66340864e+08,837.98,21.0,78348.0,0.0,78348.0,78348.0,2.0,0.0,0.0
2026-05-18 18:00:14,160,2.51229e+06,230548.0,4991.0,0.0,0.0,0.0,3987.0,362.0,9.0,8.2948096e+07,8.66340864e+08,839.05,21.0,78446.0,0.0,78446.0,78446.0,2.0,0.0,0.0
2026-05-18 18:00:26,160,2.515615e+06,230548.0,4991.0,0.0,0.0,0.0,3992.0,362.0,9.0,8.2948096e+07,8.66340864e+08,840.07,22.0,78546.0,0.0,78545.0,78545.0,2.0,0.0,0.0
2026-05-18 18:00:38,160,2.518275e+06,231213.0,4991.0,0.0,0.0,0.0,3996.0,363.0,9.0,8.2948096e+07,8.66340864e+08,841.11,21.0,78645.0,0.0,78645.0,78645.0,2.0,0.0,0.0
2026-05-18 18:00:50,161,2.522195e+06,231213.0,4991.0,0.0,0.0,0.0,4002.0,363.0,9.0,8.2948096e+07,8.66340864e+08,842.13,21.0,78745.0,0.0,78745.0,78745.0,2.0,0.0,0.0
2026-05-18 18:01:03,161,2.524855e+06,231878.0,4991.0,0.0,0.0,0.0,4006.0,364.0,9.0,8.2948096e+07,8.66340864e+08,843.2,21.0,78846.0,0.0,78846.0,78846.0,2.0,0.0,0.0
2026-05-18 18:01:15,161,2.52818e+06,231878.0,4991.0,0.0,0.0,0.0,4011.0,364.0,9.0,8.2948096e+07,8.66340864e+08,844.24,23.0,78946.0,0.0,78945.0,78945.0,2.0,0.0,0.0
2026-05-18 18:01:27,161,2.5314e+06,232543.0,4991.0,0.0,0.0,0.0,4016.0,365.0,9.0,8.2948096e+07,8.66340864e+08,845.27,21.0,79045.0,0.0,79045.0,79045.0,2.0,0.0,0.0
2026-05-18 18:01:39,161,2.534725e+06,232543.0,4991.0,0.0,0.0,0.0,4021.0,365.0,9.0,8.2948096e+07,8.66340864e+08,846.38,21.0,79144.0,0.0,79144.0,79144.0,2.0,0.0,0.0
2026-05-18 18:01:51,162,2.53805e+06,232543.0,4991.0,0.0,0.0,0.0,4026.0,365.0,9.0,8.2948096e+07,8.66340864e+08,847.45,21.0,79244.0,0.0,79244.0,79244.0,2.0,0.0,0.0
2026-05-18 18:02:03,162,2.54071e+06,233208.0,4991.0,0.0,0.0,0.0,4030.0,366.0,9.0,8.2948096e+07,8.66340864e+08,848.4499999999999,21.0,79342.0,0.0,79342.0,79342.0,2.0,0.0,0.0
2026-05-18 18:02:15,162,2.544595e+06,233208.0,4991.0,0.0,0.0,0.0,4036.0,366.0,9.0,8.2948096e+07,8.66340864e+08,849.48,21.0,79442.0,0.0,79442.0,79442.0,2.0,0.0,0.0
2026-05-18 18:02:27,162,2.547255e+06,233873.0,4991.0,0.0,0.0,0.0,4040.0,367.0,9.0,8.2948096e+07,8.66340864e+08,850.5600000000001,21.0,79542.0,0.0,79542.0,79542.0,2.0,0.0,0.0
2026-05-18 18:02:39,162,2.55058e+06,233873.0,4991.0,0.0,0.0,0.0,4045.0,367.0,9.0,8.2817024e+07,8.66340864e+08,851.6099999999999,21.0,79641.0,0.0,79641.0,79641.0,2.0,0.0,0.0
2026-05-18 18:02:52,163,2.553243e+06,234538.0,4991.0,0.0,0.0,0.0,4049.0,368.0,9.0,8.2817024e+07,8.66340864e+08,852.6899999999999,21.0,79740.0,0.0,79740.0,79740.0,2.0,0.0,0.0
2026-05-18 18:03:04,163,2.557268e+06,234538.0,4991.0,0.0,0.0,0.0,4055.0,368.0,9.0,8.2817024e+07,8.66340864e+08,853.8000000000001,21.0,79839.0,0.0,79839.0,79839.0,2.0,0.0,0.0
2026-05-18 18:03:16,163,2.559998e+06,235235.0,4991.0,0.0,0.0,0.0,4059.0,369.0,9.0,8.2817024e+07,8.66340864e+08,854.8699999999999,23.0,79939.0,0.0,79938.0,79938.0,2.0,0.0,0.0
2026-05-18 18:03:28,163,2.563396e+06,235235.0,4991.0,0.0,0.0,0.0,4064.0,369.0,9.0,8.2817024e+07,8.66340864e+08,855.9499999999999,21.0,80038.0,0.0,80038.0,80038.0,2.0,0.0,0.0
2026-05-18 18:03:40,163,2.566823e+06,235235.0,4991.0,0.0,0.0,0.0,4069.0,369.0,9.0,8.2817024e+07,8.66340864e+08,857.0,21.0,80137.0,0.0,80137.0,80137.0,2.0,0.0,0.0
2026-05-18 18:03:52,164,2.569524e+06,235932.0,4991.0,0.0,0.0,0.0,4073.0,370.0,9.0,8.2817024e+07,8.66340864e+08,858.0500000000001,21.0,80235.0,0.0,80235.0,80235.0,2.0,0.0,0.0
2026-05-18 18:04:04,164,2.572951e+06,235932.0,4991.0,0.0,0.0,0.0,4078.0,370.0,9.0,8.2817024e+07,8.66340864e+08,859.06,21.0,80334.0,0.0,80334.0,80334.0,2.0,0.0,0.0
2026-05-18 18:04:16,164,2.575652e+06,236629.0,4991.0,0.0,0.0,0.0,4082.0,371.0,9.0,8.2817024e+07,8.66340864e+08,860.09,21.0,80431.0,0.0,80431.0,80431.0,2.0,0.0,0.0
2026-05-18 18:04:28,164,2.579079e+06,236629.0,4991.0,0.0,0.0,0.0,4087.0,371.0,9.0,8.2817024e+07,8.66340864e+08,861.12,21.0,80529.0,0.0,80529.0,80529.0,2.0,0.0,0.0
2026-05-18 18:04:40,164,2.582477e+06,236629.0,4991.0,0.0,0.0,0.0,4092.0,371.0,9.0,8.2817024e+07,8.66340864e+08,862.24,21.0,80629.0,0.0,80629.0,80629.0,2.0,0.0,0.0
2026-05-18 18:04:52,165,2.585207e+06,237326.0,4991.0,0.0,0.0,0.0,4096.0,372.0,9.0,8.2817024e+07,8.66340864e+08,863.24,21.0,80726.0,0.0,80726.0,80726.0,2.0,0.0,0.0
2026-05-18 18:05:04,165,2.588605e+06,237326.0,4991.0,0.0,0.0,0.0,4101.0,372.0,9.0,8.2817024e+07,8.66340864e+08,864.2800000000001,21.0,80825.0,0.0,80825.0,80825.0,2.0,0.0,0.0
2026-05-18 18:05:16,165,2.591335e+06,238023.0,4991.0,0.0,0.0,0.0,4105.0,373.0,9.0,8.2817024e+07,8.66340864e+08,865.3399999999999,21.0,80924.0,0.0,80924.0,80924.0,2.0,0.0,0.0
2026-05-18 18:05:28,165,2.594733e+06,238023.0,4991.0,0.0,0.0,0.0,4110.0,373.0,9.0,8.2817024e+07,8.66340864e+08,866.37,21.0,81024.0,0.0,81024.0,81024.0,2.0,0.0,0.0
2026-05-18 18:05:40,165,2.598026e+06,238720.0,4991.0,0.0,0.0,0.0,4115.0,374.0,9.0,8.2817024e+07,8.66340864e+08,867.44,23.0,81124.0,0.0,81123.0,81123.0,2.0,0.0,0.0
2026-05-18 18:05:52,166,2.601453e+06,238720.0,4991.0,0.0,0.0,0.0,4120.0,374.0,9.0,8.2817024e+07,8.66340864e+08,868.51,23.0,81224.0,0.0,81223.0,81223.0,2.0,0.0,0.0
2026-05-18 18:06:04,166,2.604851e+06,238720.0,4991.0,0.0,0.0,0.0,4125.0,374.0,9.0,8.2817024e+07,8.66340864e+08,869.54,21.0,81323.0,0.0,81323.0,81323.0,2.0,0.0,0.0
2026-05-18 18:06:17,166,2.607581e+06,239417.0,4991.0,0.0,0.0,0.0,4129.0,375.0,9.0,8.2817024e+07,8.66340864e+08,870.5799999999999,21.0,81423.0,0.0,81423.0,81423.0,2.0,0.0,0.0
2026-05-18 18:06:29,166,2.610979e+06,239417.0,4991.0,0.0,0.0,0.0,4134.0,375.0,9.0,8.2817024e+07,8.66340864e+08,871.64,21.0,81521.0,0.0,81521.0,81521.0,2.0,0.0,0.0
2026-05-18 18:06:41,166,2.613709e+06,240114.0,4991.0,0.0,0.0,0.0,4138.0,376.0,9.0,8.2817024e+07,8.66340864e+08,872.73,21.0,81620.0,0.0,81620.0,81620.0,2.0,0.0,0.0
2026-05-18 18:06:53,167,2.617107e+06,240114.0,4991.0,0.0,0.0,0.0,4143.0,376.0,9.0,8.2817024e+07,8.66340864e+08,873.77,21.0,81720.0,0.0,81720.0,81720.0,2.0,0.0,0.0
2026-05-18 18:07:05,167,2.619837e+06,240811.0,4991.0,0.0,0.0,0.0,4147.0,377.0,9.0,8.2817024e+07,8.66340864e+08,874.85,21.0,81819.0,0.0,81819.0,81819.0,2.0,0.0,0.0
2026-05-18 18:07:17,167,2.62376e+06,240811.0,4991.0,0.0,0.0,0.0,4153.0,377.0,9.0,8.2817024e+07,8.66340864e+08,875.9,21.0,81918.0,0.0,81918.0,81918.0,2.0,0.0,0.0
2026-05-18 18:07:29,167,2.627187e+06,240811.0,4991.0,0.0,0.0,0.0,4158.0,377.0,9.0,8.2817024e+07,8.66340864e+08,876.97,23.0,82018.0,0.0,82017.0,82017.0,2.0,0.0,0.0
2026-05-18 18:07:41,167,2.629917e+06,241479.0,4991.0,0.0,0.0,0.0,4162.0,378.0,9.0,8.2685952e+07,8.66340864e+08,878.0799999999999,23.0,82118.0,0.0,82117.0,82117.0,2.0,0.0,0.0
2026-05-18 18:07:53,168,2.633344e+06,241479.0,4991.0,0.0,0.0,0.0,4167.0,378.0,9.0,8.2685952e+07,8.66340864e+08,879.1,21.0,82216.0,0.0,82216.0,82216.0,2.0,0.0,0.0
2026-05-18 18:08:05,168,2.636074e+06,242147.0,4991.0,0.0,0.0,0.0,4171.0,379.0,9.0,8.2685952e+07,8.66340864e+08,880.13,21.0,82316.0,0.0,82316.0,82316.0,2.0,0.0,0.0
2026-05-18 18:08:17,168,2.639501e+06,242147.0,4991.0,0.0,0.0,0.0,4176.0,379.0,9.0,8.2685952e+07,8.66340864e+08,881.15,21.0,82415.0,0.0,82415.0,82415.0,2.0,0.0,0.0
2026-05-18 18:08:29,168,2.642231e+06,242815.0,4991.0,0.0,0.0,0.0,4180.0,380.0,9.0,8.2685952e+07,8.66340864e+08,882.18,22.0,82513.0,0.0,82512.0,82512.0,2.0,0.0,0.0
2026-05-18 18:08:41,168,2.645658e+06,242815.0,4991.0,0.0,0.0,0.0,4185.0,380.0,9.0,8.2685952e+07,8.66340864e+08,883.25,22.0,82612.0,0.0,82611.0,82611.0,2.0,0.0,0.0
2026-05-18 18:08:53,169,2.649056e+06,242815.0,4991.0,0.0,0.0,0.0,4190.0,380.0,9.0,8.2685952e+07,8.66340864e+08,884.27,21.0,82711.0,0.0,82711.0,82711.0,2.0,0.0,0.0
2026-05-18 18:09:06,169,2.651815e+06,243483.0,4991.0,0.0,0.0,0.0,4194.0,381.0,9.0,8.2685952e+07,8.66340864e+08,885.32,21.0,82811.0,0.0,82811.0,82811.0,2.0,0.0,0.0
2026-05-18 18:09:18,169,2.65584e+06,243483.0,4991.0,0.0,0.0,0.0,4200.0,381.0,9.0,8.2685952e+07,8.66340864e+08,886.38,21.0,82910.0,0.0,82910.0,82910.0,2.0,0.0,0.0
2026-05-18 18:09:30,169,2.65857e+06,244151.0,4991.0,0.0,0.0,0.0,4204.0,382.0,9.0,8.2685952e+07,8.66340864e+08,887.4100000000001,21.0,83008.0,0.0,83008.0,83008.0,2.0,0.0,0.0
2026-05-18 18:09:42,170,2.661997e+06,244151.0,4991.0,0.0,0.0,0.0,4209.0,382.0,9.0,8.2685952e+07,8.66340864e+08,888.46,23.0,83109.0,0.0,83108.0,83108.0,2.0,0.0,0.0
2026-05-18 18:09:54,170,2.664727e+06,244819.0,4991.0,0.0,0.0,0.0,4213.0,383.0,9.0,8.2685952e+07,8.66340864e+08,889.5400000000001,21.0,83209.0,0.0,83209.0,83209.0,2.0,0.0,0.0
2026-05-18 18:10:06,170,2.668154e+06,244819.0,4991.0,0.0,0.0,0.0,4218.0,383.0,9.0,8.2685952e+07,8.66340864e+08,890.6400000000001,23.0,83309.0,0.0,83308.0,83308.0,2.0,0.0,0.0
2026-05-18 18:10:18,170,2.671552e+06,244819.0,4991.0,0.0,0.0,0.0,4223.0,383.0,9.0,8.2685952e+07,8.66340864e+08,891.6999999999999,21.0,83405.0,0.0,83405.0,83405.0,2.0,0.0,0.0
2026-05-18 18:10:30,170,2.674311e+06,245487.0,4991.0,0.0,0.0,0.0,4227.0,384.0,9.0,8.2685952e+07,8.66340864e+08,892.72,23.0,83504.0,0.0,83503.0,83503.0,2.0,0.0,0.0
2026-05-18 18:10:42,171,2.677709e+06,245487.0,4991.0,0.0,0.0,0.0,4232.0,384.0,9.0,8.2685952e+07,8.66340864e+08,893.8,21.0,83604.0,0.0,83604.0,83604.0,2.0,0.0,0.0
2026-05-18 18:10:54,171,2.680468e+06,246155.0,4991.0,0.0,0.0,0.0,4236.0,385.0,9.0,8.2685952e+07,8.66340864e+08,894.78,21.0,83702.0,0.0,83702.0,83702.0,2.0,0.0,0.0
2026-05-18 18:11:06,171,2.683866e+06,246155.0,4991.0,0.0,0.0,0.0,4241.0,385.0,9.0,8.2685952e+07,8.66340864e+08,895.86,21.0,83801.0,0.0,83801.0,83801.0,2.0,0.0,0.0
2026-05-18 18:11:18,171,2.687293e+06,246155.0,4991.0,0.0,0.0,0.0,4246.0,385.0,9.0,8.2685952e+07,8.66340864e+08,896.9,23.0,83901.0,0.0,83900.0,83900.0,2.0,0.0,0.0
2026-05-18 18:11:30,171,2.690691e+06,246750.0,4991.0,0.0,0.0,0.0,4251.0,386.0,9.0,8.2685952e+07,8.66340864e+08,897.95,21.0,84000.0,0.0,84000.0,84000.0,2.0,0.0,0.0
2026-05-18 18:11:43,172,2.694118e+06,246750.0,4991.0,0.0,0.0,0.0,4256.0,386.0,9.0,8.2685952e+07,8.66340864e+08,898.98,21.0,84099.0,0.0,84099.0,84099.0,2.0,0.0,0.0
2026-05-18 18:11:54,172,2.696819e+06,247447.0,4991.0,0.0,0.0,0.0,4260.0,387.0,9.0,8.2685952e+07,8.66340864e+08,900.03,21.0,84199.0,0.0,84199.0,84199.0,2.0,0.0,0.0
2026-05-18 18:12:07,172,2.700246e+06,247447.0,4991.0,0.0,0.0,0.0,4265.0,387.0,9.0,8.2685952e+07,8.66340864e+08,901.11,21.0,84298.0,0.0,84298.0,84298.0,2.0,0.0,0.0
2026-05-18 18:12:19,172,2.702947e+06,248144.0,4991.0,0.0,0.0,0.0,4269.0,388.0,9.0,8.2685952e+07,8.66340864e+08,902.14,21.0,84399.0,0.0,84399.0,84399.0,2.0,0.0,0.0
2026-05-18 18:12:31,172,2.706374e+06,248144.0,4991.0,0.0,0.0,0.0,4274.0,388.0,9.0,8.2685952e+07,8.66340864e+08,903.37,21.0,84496.0,0.0,84496.0,84496.0,2.0,0.0,0.0
2026-05-18 18:12:43,173,2.709772e+06,248144.0,4991.0,0.0,0.0,0.0,4279.0,388.0,9.0,8.2685952e+07,8.66340864e+08,904.52,21.0,84594.0,0.0,84594.0,84594.0,2.0,0.0,0.0
2026-05-18 18:12:56,173,2.712502e+06,248841.0,4991.0,0.0,0.0,0.0,4283.0,389.0,9.0,8.2685952e+07,8.66340864e+08,905.6,23.0,84693.0,0.0,84692.0,84692.0,2.0,0.0,0.0
2026-05-18 18:13:08,173,2.71632e+06,248841.0,4991.0,0.0,0.0,0.0,4289.0,389.0,9.0,8.2685952e+07,8.66340864e+08,906.6800000000001,21.0,84791.0,0.0,84791.0,84791.0,2.0,0.0,0.0
2026-05-18 18:13:20,173,2.719079e+06,249509.0,4991.0,0.0,0.0,0.0,4293.0,390.0,9.0,8.2685952e+07,8.66340864e+08,907.8199999999999,21.0,84890.0,0.0,84890.0,84890.0,2.0,0.0,0.0
2026-05-18 18:13:32,173,2.722477e+06,249509.0,4991.0,0.0,0.0,0.0,4298.0,390.0,9.0,8.2685952e+07,8.66340864e+08,908.89,21.0,84989.0,0.0,84989.0,84989.0,2.0,0.0,0.0
2026-05-18 18:13:44,174,2.725236e+06,250177.0,4991.0,0.0,0.0,0.0,4302.0,391.0,9.0,8.2685952e+07,8.66340864e+08,909.96,23.0,85089.0,0.0,85088.0,85088.0,2.0,0.0,0.0
2026-05-18 18:13:56,174,2.728634e+06,250177.0,4991.0,0.0,0.0,0.0,4307.0,391.0,9.0,8.2685952e+07,8.66340864e+08,911.1500000000001,21.0,85187.0,0.0,85187.0,85187.0,2.0,0.0,0.0
2026-05-18 18:14:08,174,2.732061e+06,250177.0,4991.0,0.0,0.0,0.0,4312.0,391.0,9.0,8.2685952e+07,8.66340864e+08,912.21,21.0,85286.0,0.0,85286.0,85286.0,2.0,0.0,0.0
2026-05-18 18:14:20,174,2.734791e+06,250845.0,4991.0,0.0,0.0,0.0,4316.0,392.0,9.0,8.2685952e+07,8.66340864e+08,913.27,21.0,85384.0,0.0,85384.0,85384.0,2.0,0.0,0.0
2026-05-18 18:14:33,174,2.738218e+06,250845.0,4991.0,0.0,0.0,0.0,4321.0,392.0,9.0,8.2685952e+07,8.66340864e+08,914.3399999999999,21.0,85483.0,0.0,85483.0,85483.0,2.0,0.0,0.0
2026-05-18 18:14:45,175,2.740948e+06,251513.0,4991.0,0.0,0.0,0.0,4325.0,393.0,9.0,8.2685952e+07,8.66340864e+08,915.39,21.0,85581.0,0.0,85581.0,85581.0,2.0,0.0,0.0
2026-05-18 18:14:57,175,2.744375e+06,251513.0,4991.0,0.0,0.0,0.0,4330.0,393.0,9.0,8.2685952e+07,8.66340864e+08,916.48,21.0,85681.0,0.0,85681.0,85681.0,2.0,0.0,0.0
2026-05-18 18:15:09,175,2.747105e+06,252181.0,4991.0,0.0,0.0,0.0,4334.0,394.0,9.0,8.2685952e+07,8.66340864e+08,917.59,23.0,85780.0,0.0,85779.0,85779.0,2.0,0.0,0.0
2026-05-18 18:15:21,175,2.751025e+06,252181.0,4991.0,0.0,0.0,0.0,4340.0,394.0,9.0,8.2685952e+07,8.66340864e+08,918.81,21.0,85878.0,0.0,85878.0,85878.0,2.0,0.0,0.0
2026-05-18 18:15:33,175,2.754452e+06,252181.0,4991.0,0.0,0.0,0.0,4345.0,394.0,9.0,8.2685952e+07,8.66340864e+08,919.8100000000001,21.0,85975.0,0.0,85975.0,85975.0,2.0,0.0,0.0
2026-05-18 18:15:45,176,2.756514e+06,252849.0,4991.0,0.0,0.0,0.0,4348.0,395.0,9.0,8.2685952e+07,8.66340864e+08,920.8900000000001,21.0,86072.0,0.0,86072.0,86072.0,2.0,0.0,0.0
2026-05-18 18:15:58,176,2.760577e+06,252849.0,4991.0,0.0,0.0,0.0,4354.0,395.0,9.0,8.2685952e+07,8.66340864e+08,921.99,21.0,86171.0,0.0,86171.0,86171.0,2.0,0.0,0.0
2026-05-18 18:16:10,176,2.763307e+06,253546.0,4991.0,0.0,0.0,0.0,4358.0,396.0,9.0,8.2685952e+07,8.66340864e+08,923.0600000000001,21.0,86269.0,0.0,86269.0,86269.0,2.0,0.0,0.0
2026-05-18 18:16:22,176,2.766705e+06,253546.0,4991.0,0.0,0.0,0.0,4363.0,396.0,9.0,8.2685952e+07,8.66340864e+08,924.4000000000001,21.0,86367.0,0.0,86367.0,86367.0,2.0,0.0,0.0
2026-05-18 18:16:35,176,2.769435e+06,254243.0,4991.0,0.0,0.0,0.0,4367.0,397.0,9.0,8.2685952e+07,8.66340864e+08,925.74,21.0,86469.0,0.0,86469.0,86469.0,2.0,0.0,0.0
2026-05-18 18:16:47,177,2.772833e+06,254243.0,4991.0,0.0,0.0,0.0,4372.0,397.0,9.0,8.2685952e+07,8.66340864e+08,926.78,21.0,86567.0,0.0,86567.0,86567.0,2.0,0.0,0.0
2026-05-18 18:16:59,177,2.77626e+06,254243.0,4991.0,0.0,0.0,0.0,4377.0,397.0,9.0,8.2685952e+07,8.66340864e+08,927.74,21.0,86665.0,0.0,86665.0,86665.0,2.0,0.0,0.0
2026-05-18 18:17:11,177,2.778961e+06,254940.0,4991.0,0.0,0.0,0.0,4381.0,398.0,9.0,8.2685952e+07,8.66340864e+08,928.77,21.0,86763.0,0.0,86763.0,86763.0,2.0,0.0,0.0
2026-05-18 18:17:23,177,2.782388e+06,254940.0,4991.0,0.0,0.0,0.0,4386.0,398.0,9.0,8.2685952e+07,8.66340864e+08,929.87,21.0,86863.0,0.0,86863.0,86863.0,2.0,0.0,0.0
2026-05-18 18:17:35,177,2.785089e+06,255637.0,4991.0,0.0,0.0,0.0,4390.0,399.0,9.0,8.2685952e+07,8.66340864e+08,930.89,21.0,86961.0,0.0,86961.0,86961.0,2.0,0.0,0.0
2026-05-18 18:17:47,178,2.788516e+06,255637.0,4991.0,0.0,0.0,0.0,4395.0,399.0,9.0,8.2685952e+07,8.66340864e+08,931.91,21.0,87061.0,0.0,87061.0,87061.0,2.0,0.0,0.0
2026-05-18 18:17:59,178,2.791914e+06,255637.0,4991.0,0.0,0.0,0.0,4400.0,399.0,9.0,8.2685952e+07,8.66340864e+08,932.97,21.0,87160.0,0.0,87160.0,87160.0,2.0,0.0,0.0
2026-05-18 18:18:11,178,2.795309e+06,256197.0,4991.0,0.0,0.0,0.0,4405.0,400.0,9.0,8.2685952e+07,8.66340864e+08,934.0,21.0,87258.0,0.0,87258.0,87258.0,2.0,0.0,0.0
2026-05-18 18:18:23,178,2.798736e+06,256197.0,4991.0,0.0,0.0,0.0,4410.0,400.0,9.0,8.2685952e+07,8.66340864e+08,935.03,21.0,87358.0,0.0,87358.0,87358.0,2.0,0.0,0.0
2026-05-18 18:18:35,178,2.801437e+06,256894.0,4991.0,0.0,0.0,0.0,4414.0,401.0,9.0,8.2685952e+07,8.66340864e+08,936.09,21.0,87456.0,0.0,87456.0,87456.0,2.0,0.0,0.0
2026-05-18 18:18:47,179,2.804864e+06,256894.0,4991.0,0.0,0.0,0.0,4419.0,401.0,9.0,8.2685952e+07,8.66340864e+08,937.1700000000001,21.0,87557.0,0.0,87557.0,87557.0,2.0,0.0,0.0
2026-05-18 18:18:59,179,2.807565e+06,257591.0,4991.0,0.0,0.0,0.0,4423.0,402.0,9.0,8.2685952e+07,8.66340864e+08,938.2199999999999,21.0,87657.0,0.0,87657.0,87657.0,2.0,0.0,0.0
2026-05-18 18:19:11,179,2.810992e+06,257591.0,4991.0,0.0,0.0,0.0,4428.0,402.0,9.0,8.2685952e+07,8.66340864e+08,939.2,23.0,87755.0,0.0,87754.0,87754.0,2.0,0.0,0.0
2026-05-18 18:19:23,179,2.81439e+06,257591.0,4991.0,0.0,0.0,0.0,4433.0,402.0,9.0,8.2685952e+07,8.66340864e+08,940.27,23.0,87855.0,0.0,87854.0,87854.0,2.0,0.0,0.0
2026-05-18 18:19:35,179,2.817788e+06,258043.0,4991.0,0.0,0.0,0.0,4438.0,403.0,9.0,8.2685952e+07,8.66340864e+08,941.3499999999999,21.0,87955.0,0.0,87955.0,87955.0,2.0,0.0,0.0
2026-05-18 18:19:48,180,2.821215e+06,258043.0,4991.0,0.0,0.0,0.0,4443.0,403.0,9.0,8.2685952e+07,8.66340864e+08,942.46,21.0,88053.0,0.0,88053.0,88053.0,2.0,0.0,0.0
2026-05-18 18:19:59,180,2.823916e+06,258740.0,4991.0,0.0,0.0,0.0,4447.0,404.0,9.0,8.2685952e+07,8.66340864e+08,943.52,23.0,88153.0,0.0,88152.0,88152.0,2.0,0.0,0.0
2026-05-18 18:20:12,180,2.827343e+06,258740.0,4991.0,0.0,0.0,0.0,4452.0,404.0,9.0,8.2685952e+07,8.66340864e+08,944.55,21.0,88252.0,0.0,88252.0,88252.0,2.0,0.0,0.0
2026-05-18 18:20:24,180,2.830044e+06,259437.0,4991.0,0.0,0.0,0.0,4456.0,405.0,9.0,8.2685952e+07,8.66340864e+08,945.61,21.0,88352.0,0.0,88352.0,88352.0,2.0,0.0,0.0
2026-05-18 18:20:36,180,2.833471e+06,259437.0,4991.0,0.0,0.0,0.0,4461.0,405.0,9.0,8.2685952e+07,8.66340864e+08,946.7,23.0,88451.0,0.0,88450.0,88450.0,2.0,0.0,0.0
2026-05-18 18:20:48,181,2.836869e+06,259437.0,4991.0,0.0,0.0,0.0,4466.0,405.0,9.0,8.2685952e+07,8.66340864e+08,947.74,21.0,88549.0,0.0,88549.0,88549.0,2.0,0.0,0.0
2026-05-18 18:21:00,181,2.839599e+06,260134.0,4991.0,0.0,0.0,0.0,4470.0,406.0,9.0,8.2685952e+07,8.66340864e+08,948.8,21.0,88650.0,0.0,88650.0,88650.0,2.0,0.0,0.0
2026-05-18 18:21:12,181,2.842997e+06,260134.0,4991.0,0.0,0.0,0.0,4475.0,406.0,9.0,8.2685952e+07,8.66340864e+08,949.84,23.0,88749.0,0.0,88748.0,88748.0,2.0,0.0,0.0
2026-05-18 18:21:24,181,2.845237e+06,260831.0,5659.0,0.0,0.0,0.0,4479.0,407.0,10.0,8.2685952e+07,8.66340864e+08,950.97,21.0,88848.0,0.0,88848.0,88848.0,2.0,0.0,0.0
2026-05-18 18:21:36,181,2.848804e+06,260831.0,5659.0,0.0,0.0,0.0,4485.0,407.0,10.0,8.2685952e+07,8.66340864e+08,952.01,21.0,88946.0,0.0,88946.0,88946.0,2.0,0.0,0.0
2026-05-18 18:21:48,182,2.851779e+06,261426.0,5659.0,0.0,0.0,0.0,4490.0,408.0,10.0,8.2685952e+07,8.66340864e+08,953.0,21.0,89044.0,0.0,89044.0,89044.0,2.0,0.0,0.0
2026-05-18 18:22:00,182,2.855349e+06,261426.0,5659.0,0.0,0.0,0.0,4496.0,408.0,10.0,8.2685952e+07,8.66340864e+08,954.02,21.0,89143.0,0.0,89143.0,89143.0,2.0,0.0,0.0
2026-05-18 18:22:12,182,2.858324e+06,262021.0,5659.0,0.0,0.0,0.0,4501.0,409.0,10.0,8.2685952e+07,8.66340864e+08,955.0899999999999,21.0,89244.0,0.0,89244.0,89244.0,2.0,0.0,0.0
2026-05-18 18:22:24,182,2.861369e+06,262021.0,5659.0,0.0,0.0,0.0,4506.0,409.0,10.0,8.2685952e+07,8.66340864e+08,956.14,23.0,89342.0,0.0,89341.0,89341.0,2.0,0.0,0.0
2026-05-18 18:22:36,182,2.864029e+06,262686.0,5659.0,0.0,0.0,0.0,4510.0,410.0,10.0,8.2685952e+07,8.66340864e+08,957.22,23.0,89442.0,0.0,89441.0,89441.0,2.0,0.0,0.0
2026-05-18 18:22:48,183,2.867949e+06,262686.0,5659.0,0.0,0.0,0.0,4516.0,410.0,10.0,8.2685952e+07,8.66340864e+08,958.29,21.0,89541.0,0.0,89541.0,89541.0,2.0,0.0,0.0
2026-05-18 18:23:00,183,2.871274e+06,262686.0,5659.0,0.0,0.0,0.0,4521.0,410.0,10.0,8.2685952e+07,8.66340864e+08,959.31,21.0,89639.0,0.0,89639.0,89639.0,2.0,0.0,0.0
2026-05-18 18:23:12,183,2.873934e+06,263351.0,5659.0,0.0,0.0,0.0,4525.0,411.0,10.0,8.2685952e+07,8.66340864e+08,960.32,21.0,89739.0,0.0,89739.0,89739.0,2.0,0.0,0.0
2026-05-18 18:23:24,183,2.877259e+06,263351.0,5659.0,0.0,0.0,0.0,4530.0,411.0,10.0,8.2685952e+07,8.66340864e+08,961.3299999999999,23.0,89840.0,0.0,89839.0,89839.0,2.0,0.0,0.0
2026-05-18 18:23:36,183,2.880549e+06,264016.0,5659.0,0.0,0.0,0.0,4535.0,412.0,10.0,8.2685952e+07,8.66340864e+08,962.35,22.0,89939.0,0.0,89938.0,89938.0,2.0,0.0,0.0
2026-05-18 18:23:48,184,2.883874e+06,264016.0,5659.0,0.0,0.0,0.0,4540.0,412.0,10.0,8.2685952e+07,8.66340864e+08,963.4300000000001,21.0,90039.0,0.0,90039.0,90039.0,2.0,0.0,0.0
2026-05-18 18:24:00,184,2.886534e+06,264681.0,5659.0,0.0,0.0,0.0,4544.0,413.0,10.0,8.2685952e+07,8.66340864e+08,964.4,21.0,90138.0,0.0,90138.0,90138.0,2.0,0.0,0.0
2026-05-18 18:24:13,184,2.890489e+06,264681.0,5659.0,0.0,0.0,0.0,4550.0,413.0,10.0,8.2685952e+07,8.66340864e+08,965.48,23.0,90238.0,0.0,90237.0,90237.0,2.0,0.0,0.0
2026-05-18 18:24:25,184,2.893149e+06,265346.0,5659.0,0.0,0.0,0.0,4554.0,414.0,10.0,8.2685952e+07,8.66340864e+08,966.5699999999999,21.0,90337.0,0.0,90337.0,90337.0,2.0,0.0,0.0
2026-05-18 18:24:37,184,2.896474e+06,265346.0,5659.0,0.0,0.0,0.0,4559.0,414.0,10.0,8.2685952e+07,8.66340864e+08,967.61,21.0,90438.0,0.0,90438.0,90438.0,2.0,0.0,0.0
2026-05-18 18:24:49,185,2.899799e+06,265346.0,5659.0,0.0,0.0,0.0,4564.0,414.0,10.0,8.2685952e+07,8.66340864e+08,968.6800000000001,21.0,90538.0,0.0,90538.0,90538.0,2.0,0.0,0.0
2026-05-18 18:25:01,185,2.902987e+06,266008.0,5659.0,0.0,0.0,0.0,4569.0,415.0,10.0,8.2685952e+07,8.66340864e+08,969.73,23.0,90639.0,0.0,90638.0,90638.0,2.0,0.0,0.0
2026-05-18 18:25:13,185,2.906312e+06,266008.0,5659.0,0.0,0.0,0.0,4574.0,415.0,10.0,8.2685952e+07,8.66340864e+08,970.76,21.0,90738.0,0.0,90738.0,90738.0,2.0,0.0,0.0
2026-05-18 18:25:25,185,2.909007e+06,266673.0,5659.0,0.0,0.0,0.0,4578.0,416.0,10.0,8.2685952e+07,8.66340864e+08,971.84,21.0,90837.0,0.0,90837.0,90837.0,2.0,0.0,0.0
2026-05-18 18:25:38,185,2.912405e+06,266673.0,5659.0,0.0,0.0,0.0,4583.0,416.0,10.0,8.2685952e+07,8.66340864e+08,972.94,21.0,90937.0,0.0,90937.0,90937.0,2.0,0.0,0.0
2026-05-18 18:25:50,186,2.915663e+06,267370.0,5659.0,0.0,0.0,0.0,4588.0,417.0,10.0,8.2685952e+07,8.66340864e+08,974.0,23.0,91037.0,0.0,91036.0,91036.0,2.0,0.0,0.0
2026-05-18 18:26:02,186,2.91909e+06,267370.0,5659.0,0.0,0.0,0.0,4593.0,417.0,10.0,8.2685952e+07,8.66340864e+08,975.07,23.0,91138.0,0.0,91137.0,91137.0,2.0,0.0,0.0
2026-05-18 18:26:14,186,2.922488e+06,267370.0,5659.0,0.0,0.0,0.0,4598.0,417.0,10.0,8.2685952e+07,8.66340864e+08,976.09,21.0,91236.0,0.0,91236.0,91236.0,2.0,0.0,0.0
2026-05-18 18:26:26,186,2.925218e+06,268067.0,5659.0,0.0,0.0,0.0,4602.0,418.0,10.0,8.2685952e+07,8.66340864e+08,977.14,21.0,91335.0,0.0,91335.0,91335.0,2.0,0.0,0.0
2026-05-18 18:26:38,186,2.928616e+06,268067.0,5659.0,0.0,0.0,0.0,4607.0,418.0,10.0,8.2685952e+07,8.66340864e+08,978.19,21.0,91433.0,0.0,91433.0,91433.0,2.0,0.0,0.0
2026-05-18 18:26:50,187,2.931346e+06,268764.0,5659.0,0.0,0.0,0.0,4611.0,419.0,10.0,8.2685952e+07,8.66340864e+08,979.22,21.0,91532.0,0.0,91532.0,91532.0,2.0,0.0,0.0
2026-05-18 18:27:02,187,2.934744e+06,268764.0,5659.0,0.0,0.0,0.0,4616.0,419.0,10.0,8.2685952e+07,8.66340864e+08,980.26,21.0,91633.0,0.0,91633.0,91633.0,2.0,0.0,0.0
2026-05-18 18:27:14,187,2.937474e+06,269461.0,5659.0,0.0,0.0,0.0,4620.0,420.0,10.0,8.2685952e+07,8.66340864e+08,981.36,23.0,91733.0,0.0,91732.0,91732.0,2.0,0.0,0.0
2026-05-18 18:27:26,187,2.941432e+06,269461.0,5659.0,0.0,0.0,0.0,4626.0,420.0,10.0,8.2685952e+07,8.66340864e+08,982.35,21.0,91832.0,0.0,91832.0,91832.0,2.0,0.0,0.0
2026-05-18 18:27:38,187,2.944859e+06,269461.0,5659.0,0.0,0.0,0.0,4631.0,420.0,10.0,8.2685952e+07,8.66340864e+08,983.43,22.0,91930.0,0.0,91929.0,91929.0,2.0,0.0,0.0
2026-05-18 18:27:50,188,2.947589e+06,270129.0,5659.0,0.0,0.0,0.0,4635.0,421.0,10.0,8.2685952e+07,8.66340864e+08,984.49,21.0,92027.0,0.0,92027.0,92027.0,2.0,0.0,0.0
2026-05-18 18:28:02,188,2.951016e+06,270129.0,5659.0,0.0,0.0,0.0,4640.0,421.0,10.0,8.2685952e+07,8.66340864e+08,985.62,21.0,92125.0,0.0,92125.0,92125.0,2.0,0.0,0.0
2026-05-18 18:28:14,188,2.953746e+06,270797.0,5659.0,0.0,0.0,0.0,4644.0,422.0,10.0,8.2685952e+07,8.66340864e+08,986.69,21.0,92225.0,0.0,92225.0,92225.0,2.0,0.0,0.0
2026-05-18 18:28:26,188,2.957173e+06,270797.0,5659.0,0.0,0.0,0.0,4649.0,422.0,10.0,8.2685952e+07,8.66340864e+08,987.7099999999999,21.0,92324.0,0.0,92324.0,92324.0,2.0,0.0,0.0
2026-05-18 18:28:38,188,2.959903e+06,271465.0,5659.0,0.0,0.0,0.0,4653.0,423.0,10.0,8.2685952e+07,8.66340864e+08,988.8,21.0,92423.0,0.0,92423.0,92423.0,2.0,0.0,0.0
2026-05-18 18:28:50,189,2.96333e+06,271465.0,5659.0,0.0,0.0,0.0,4658.0,423.0,10.0,8.2685952e+07,8.66340864e+08,989.83,21.0,92522.0,0.0,92522.0,92522.0,2.0,0.0,0.0
2026-05-18 18:29:02,189,2.966728e+06,271465.0,5659.0,0.0,0.0,0.0,4663.0,423.0,10.0,8.2685952e+07,8.66340864e+08,990.89,21.0,92620.0,0.0,92620.0,92620.0,2.0,0.0,0.0
2026-05-18 18:29:14,189,2.969487e+06,272133.0,5659.0,0.0,0.0,0.0,4667.0,424.0,10.0,8.2685952e+07,8.66340864e+08,991.9,21.0,92719.0,0.0,92719.0,92719.0,2.0,0.0,0.0
2026-05-18 18:29:26,189,2.972885e+06,272133.0,5659.0,0.0,0.0,0.0,4672.0,424.0,10.0,8.2685952e+07,8.66340864e+08,992.9300000000001,21.0,92817.0,0.0,92817.0,92817.0,2.0,0.0,0.0
2026-05-18 18:29:38,189,2.975644e+06,272801.0,5659.0,0.0,0.0,0.0,4676.0,425.0,10.0,8.2685952e+07,8.66340864e+08,994.0,21.0,92916.0,0.0,92916.0,92916.0,2.0,0.0,0.0
2026-05-18 18:29:50,190,2.979042e+06,272801.0,5659.0,0.0,0.0,0.0,4681.0,425.0,10.0,8.2685952e+07,8.66340864e+08,995.02,21.0,93015.0,0.0,93015.0,93015.0,2.0,0.0,0.0
2026-05-18 18:30:02,190,2.982469e+06,272801.0,5659.0,0.0,0.0,0.0,4686.0,425.0,10.0,8.2685952e+07,8.66340864e+08,996.07,22.0,93114.0,0.0,93113.0,93113.0,2.0,0.0,0.0
2026-05-18 18:30:14,190,2.985867e+06,273361.0,5659.0,0.0,0.0,0.0,4691.0,426.0,10.0,8.2685952e+07,8.66340864e+08,997.0699999999999,21.0,93213.0,0.0,93213.0,93213.0,2.0,0.0,0.0
2026-05-18 18:30:27,190,2.989294e+06,273361.0,5659.0,0.0,0.0,0.0,4696.0,426.0,10.0,8.2685952e+07,8.66340864e+08,998.1899999999999,21.0,93313.0,0.0,93313.0,93313.0,2.0,0.0,0.0
2026-05-18 18:30:38,190,2.991995e+06,274058.0,5659.0,0.0,0.0,0.0,4700.0,427.0,10.0,8.2685952e+07,8.66340864e+08,999.23,21.0,93411.0,0.0,93411.0,93411.0,2.0,0.0,0.0
2026-05-18 18:30:50,191,2.995422e+06,274058.0,5659.0,0.0,0.0,0.0,4705.0,427.0,10.0,8.2685952e+07,8.66340864e+08,1000.3399999999999,21.0,93510.0,0.0,93510.0,93510.0,2.0,0.0,0.0
2026-05-18 18:31:02,191,2.998123e+06,274755.0,5659.0,0.0,0.0,0.0,4709.0,428.0,10.0,8.2685952e+07,8.66340864e+08,1001.4,21.0,93609.0,0.0,93609.0,93609.0,2.0,0.0,0.0
2026-05-18 18:31:14,191,3.00155e+06,274755.0,5659.0,0.0,0.0,0.0,4714.0,428.0,10.0,8.2685952e+07,8.66340864e+08,1002.46,21.0,93707.0,0.0,93707.0,93707.0,2.0,0.0,0.0
2026-05-18 18:31:26,191,3.004948e+06,274755.0,5659.0,0.0,0.0,0.0,4719.0,428.0,10.0,8.2685952e+07,8.66340864e+08,1003.53,21.0,93806.0,0.0,93806.0,93806.0,2.0,0.0,0.0
2026-05-18 18:31:38,191,3.007678e+06,275452.0,5659.0,0.0,0.0,0.0,4723.0,429.0,10.0,8.2685952e+07,8.66340864e+08,1004.55,21.0,93906.0,0.0,93906.0,93906.0,2.0,0.0,0.0
2026-05-18 18:31:50,192,3.011076e+06,275452.0,5659.0,0.0,0.0,0.0,4728.0,429.0,10.0,8.2685952e+07,8.66340864e+08,1005.57,21.0,94006.0,0.0,94006.0,94006.0,2.0,0.0,0.0
2026-05-18 18:32:02,192,3.013806e+06,276149.0,5659.0,0.0,0.0,0.0,4732.0,430.0,10.0,8.2685952e+07,8.66340864e+08,1006.64,21.0,94103.0,0.0,94103.0,94103.0,2.0,0.0,0.0
2026-05-18 18:32:15,192,3.017204e+06,276149.0,5659.0,0.0,0.0,0.0,4737.0,430.0,10.0,8.2685952e+07,8.66340864e+08,1007.71,21.0,94202.0,0.0,94202.0,94202.0,2.0,0.0,0.0
2026-05-18 18:32:26,192,3.020462e+06,276846.0,5659.0,0.0,0.0,0.0,4742.0,431.0,10.0,8.2685952e+07,8.66340864e+08,1008.76,21.0,94300.0,0.0,94300.0,94300.0,2.0,0.0,0.0
2026-05-18 18:32:38,192,3.023889e+06,276846.0,5659.0,0.0,0.0,0.0,4747.0,431.0,10.0,8.2685952e+07,8.66340864e+08,1009.88,21.0,94398.0,0.0,94398.0,94398.0,2.0,0.0,0.0
2026-05-18 18:32:50,193,3.027287e+06,276846.0,5659.0,0.0,0.0,0.0,4752.0,431.0,10.0,8.2685952e+07,8.66340864e+08,1010.85,22.0,94497.0,0.0,94496.0,94496.0,2.0,0.0,0.0
2026-05-18 18:33:02,193,3.030017e+06,277543.0,5659.0,0.0,0.0,0.0,4756.0,432.0,10.0,8.2685952e+07,8.66340864e+08,1011.9300000000001,21.0,94596.0,0.0,94596.0,94596.0,2.0,0.0,0.0
2026-05-18 18:33:14,193,3.033415e+06,277543.0,5659.0,0.0,0.0,0.0,4761.0,432.0,10.0,8.2685952e+07,8.66340864e+08,1013.01,21.0,94695.0,0.0,94695.0,94695.0,2.0,0.0,0.0
2026-05-18 18:33:26,193,3.036145e+06,278240.0,5659.0,0.0,0.0,0.0,4765.0,433.0,10.0,8.2685952e+07,8.66340864e+08,1014.11,21.0,94795.0,0.0,94795.0,94795.0,2.0,0.0,0.0
2026-05-18 18:33:38,193,3.039543e+06,278240.0,5659.0,0.0,0.0,0.0,4770.0,433.0,10.0,8.2685952e+07,8.66340864e+08,1015.22,21.0,94893.0,0.0,94893.0,94893.0,2.0,0.0,0.0
2026-05-18 18:33:50,194,3.042273e+06,278937.0,5659.0,0.0,0.0,0.0,4774.0,434.0,10.0,8.2685952e+07,8.66340864e+08,1016.3,23.0,94993.0,0.0,94992.0,94992.0,2.0,0.0,0.0
2026-05-18 18:34:03,194,3.045671e+06,278937.0,5659.0,0.0,0.0,0.0,4779.0,434.0,10.0,8.2685952e+07,8.66340864e+08,1017.37,23.0,95092.0,0.0,95091.0,95091.0,2.0,0.0,0.0
2026-05-18 18:34:14,194,3.049521e+06,278937.0,5659.0,0.0,0.0,0.0,4785.0,434.0,10.0,8.2685952e+07,8.66340864e+08,1018.3699999999999,21.0,95190.0,0.0,95190.0,95190.0,2.0,0.0,0.0
2026-05-18 18:34:27,194,3.052251e+06,279634.0,5659.0,0.0,0.0,0.0,4789.0,435.0,10.0,8.2685952e+07,8.66340864e+08,1019.43,21.0,95290.0,0.0,95290.0,95290.0,2.0,0.0,0.0
2026-05-18 18:34:38,194,3.055649e+06,279634.0,5659.0,0.0,0.0,0.0,4794.0,435.0,10.0,8.2685952e+07,8.66340864e+08,1020.5,21.0,95389.0,0.0,95389.0,95389.0,2.0,0.0,0.0
2026-05-18 18:34:51,195,3.058379e+06,280331.0,5659.0,0.0,0.0,0.0,4798.0,436.0,10.0,8.2685952e+07,8.66340864e+08,1021.54,22.0,95489.0,0.0,95488.0,95488.0,2.0,0.0,0.0
2026-05-18 18:35:03,195,3.061777e+06,280331.0,5659.0,0.0,0.0,0.0,4803.0,436.0,10.0,8.2685952e+07,8.66340864e+08,1022.6899999999999,21.0,95588.0,0.0,95588.0,95588.0,2.0,0.0,0.0
2026-05-18 18:35:15,195,3.064507e+06,281028.0,5659.0,0.0,0.0,0.0,4807.0,437.0,10.0,8.2685952e+07,8.66340864e+08,1023.72,23.0,95689.0,0.0,95688.0,95688.0,2.0,0.0,0.0
2026-05-18 18:35:27,195,3.068325e+06,281028.0,5659.0,0.0,0.0,0.0,4813.0,437.0,10.0,8.2685952e+07,8.66340864e+08,1024.83,22.0,95788.0,0.0,95788.0,95788.0,2.0,0.0,0.0
2026-05-18 18:35:39,195,3.071752e+06,281028.0,5659.0,0.0,0.0,0.0,4818.0,437.0,10.0,8.2817024e+07,8.66340864e+08,1025.8600000000001,21.0,95887.0,0.0,95887.0,95887.0,2.0,0.0,0.0
2026-05-18 18:35:51,196,3.074482e+06,281696.0,5659.0,0.0,0.0,0.0,4822.0,438.0,10.0,8.2817024e+07,8.66340864e+08,1026.91,21.0,95986.0,0.0,95986.0,95986.0,2.0,0.0,0.0
2026-05-18 18:36:03,196,3.077909e+06,281696.0,5659.0,0.0,0.0,0.0,4827.0,438.0,10.0,8.2817024e+07,8.66340864e+08,1027.96,21.0,96085.0,0.0,96085.0,96085.0,2.0,0.0,0.0
2026-05-18 18:36:15,196,3.080639e+06,282364.0,5659.0,0.0,0.0,0.0,4831.0,439.0,10.0,8.2817024e+07,8.66340864e+08,1029.04,21.0,96183.0,0.0,96183.0,96183.0,2.0,0.0,0.0
2026-05-18 18:36:27,196,3.084066e+06,282364.0,5659.0,0.0,0.0,0.0,4836.0,439.0,10.0,8.2817024e+07,8.66340864e+08,1030.0,21.0,96280.0,0.0,96280.0,96280.0,2.0,0.0,0.0
2026-05-18 18:36:39,196,3.086796e+06,283032.0,5659.0,0.0,0.0,0.0,4840.0,440.0,10.0,8.2817024e+07,8.66340864e+08,1031.1,23.0,96380.0,0.0,96379.0,96379.0,2.0,0.0,0.0
2026-05-18 18:36:51,197,3.090223e+06,283032.0,5659.0,0.0,0.0,0.0,4845.0,440.0,10.0,8.2817024e+07,8.66340864e+08,1032.1000000000001,22.0,96477.0,0.0,96477.0,96477.0,2.0,0.0,0.0
2026-05-18 18:37:03,197,3.093621e+06,283032.0,5659.0,0.0,0.0,0.0,4850.0,440.0,10.0,8.2817024e+07,8.66340864e+08,1033.1599999999999,21.0,96577.0,0.0,96577.0,96577.0,2.0,0.0,0.0
2026-05-18 18:37:15,197,3.09638e+06,283700.0,5659.0,0.0,0.0,0.0,4854.0,441.0,10.0,8.2817024e+07,8.66340864e+08,1034.19,21.0,96675.0,0.0,96675.0,96675.0,2.0,0.0,0.0
2026-05-18 18:37:26,197,3.099778e+06,283700.0,5659.0,0.0,0.0,0.0,4859.0,441.0,10.0,8.2817024e+07,8.66340864e+08,1035.3,21.0,96773.0,0.0,96773.0,96773.0,2.0,0.0,0.0
2026-05-18 18:37:38,197,3.102537e+06,284368.0,5659.0,0.0,0.0,0.0,4863.0,442.0,10.0,8.2817024e+07,8.66340864e+08,1036.38,23.0,96871.0,0.0,96870.0,96870.0,2.0,0.0,0.0
2026-05-18 18:37:50,198,3.105687e+06,284368.0,5659.0,0.0,0.0,0.0,4868.0,442.0,10.0,8.2817024e+07,8.66340864e+08,1037.45,21.0,96968.0,0.0,96968.0,96968.0,2.0,0.0,0.0
2026-05-18 18:38:02,198,3.109082e+06,285036.0,5659.0,0.0,0.0,0.0,4873.0,443.0,10.0,8.2817024e+07,8.66340864e+08,1038.53,21.0,97067.0,0.0,97067.0,97067.0,2.0,0.0,0.0
2026-05-18 18:38:14,198,3.112509e+06,285036.0,5659.0,0.0,0.0,0.0,4878.0,443.0,10.0,8.2817024e+07,8.66340864e+08,1039.59,21.0,97167.0,0.0,97167.0,97167.0,2.0,0.0,0.0
2026-05-18 18:38:26,198,3.115907e+06,285036.0,5659.0,0.0,0.0,0.0,4883.0,443.0,10.0,8.2817024e+07,8.66340864e+08,1040.7,23.0,97266.0,0.0,97265.0,97265.0,2.0,0.0,0.0
2026-05-18 18:38:38,198,3.118666e+06,285704.0,5659.0,0.0,0.0,0.0,4887.0,444.0,10.0,8.2817024e+07,8.66340864e+08,1041.79,21.0,97365.0,0.0,97365.0,97365.0,2.0,0.0,0.0
2026-05-18 18:38:50,199,3.122064e+06,285704.0,5659.0,0.0,0.0,0.0,4892.0,444.0,10.0,8.2817024e+07,8.66340864e+08,1042.8,21.0,97464.0,0.0,97464.0,97464.0,2.0,0.0,0.0
2026-05-18 18:39:02,199,3.124823e+06,286372.0,5659.0,0.0,0.0,0.0,4896.0,445.0,10.0,8.2817024e+07,8.66340864e+08,1043.83,21.0,97564.0,0.0,97564.0,97564.0,2.0,0.0,0.0
2026-05-18 18:39:14,199,3.128221e+06,286372.0,5659.0,0.0,0.0,0.0,4901.0,445.0,10.0,8.2817024e+07,8.66340864e+08,1044.8899999999999,21.0,97664.0,0.0,97664.0,97664.0,2.0,0.0,0.0
2026-05-18 18:39:26,199,3.131648e+06,286372.0,5659.0,0.0,0.0,0.0,4906.0,445.0,10.0,8.2817024e+07,8.66340864e+08,1045.91,21.0,97761.0,0.0,97761.0,97761.0,2.0,0.0,0.0
2026-05-18 18:39:38,199,3.134378e+06,287040.0,5659.0,0.0,0.0,0.0,4910.0,446.0,10.0,8.2817024e+07,8.66340864e+08,1047.0,23.0,97860.0,0.0,97859.0,97859.0,2.0,0.0,0.0
2026-05-18 18:39:51,200,3.138298e+06,287040.0,5659.0,0.0,0.0,0.0,4916.0,446.0,10.0,8.2817024e+07,8.66340864e+08,1048.08,21.0,97959.0,0.0,97959.0,97959.0,2.0,0.0,0.0
2026-05-18 18:40:03,200,3.141057e+06,287708.0,5659.0,0.0,0.0,0.0,4920.0,447.0,10.0,8.2817024e+07,8.66340864e+08,1049.14,21.0,98057.0,0.0,98057.0,98057.0,2.0,0.0,0.0
2026-05-18 18:40:14,200,3.144455e+06,287708.0,5659.0,0.0,0.0,0.0,4925.0,447.0,10.0,8.2817024e+07,8.66340864e+08,1050.16,23.0,98154.0,0.0,98153.0,98153.0,2.0,0.0,0.0
2026-05-18 18:40:27,200,3.147214e+06,288376.0,5659.0,0.0,0.0,0.0,4929.0,448.0,10.0,8.2817024e+07,8.66340864e+08,1051.22,21.0,98253.0,0.0,98253.0,98253.0,2.0,0.0,0.0
2026-05-18 18:40:39,200,3.150612e+06,288376.0,5659.0,0.0,0.0,0.0,4934.0,448.0,10.0,8.2817024e+07,8.66340864e+08,1052.24,23.0,98351.0,0.0,98350.0,98350.0,2.0,0.0,0.0
2026-05-18 18:40:51,201,3.154039e+06,288376.0,5659.0,0.0,0.0,0.0,4939.0,448.0,10.0,8.2817024e+07,8.66340864e+08,1053.28,23.0,98450.0,0.0,98449.0,98449.0,2.0,0.0,0.0
2026-05-18 18:41:03,201,3.156769e+06,289044.0,5659.0,0.0,0.0,0.0,4943.0,449.0,10.0,8.2817024e+07,8.66340864e+08,1054.32,21.0,98548.0,0.0,98548.0,98548.0,2.0,0.0,0.0
2026-05-18 18:41:15,201,3.160196e+06,289044.0,5659.0,0.0,0.0,0.0,4948.0,449.0,10.0,8.2817024e+07,8.66340864e+08,1055.4,21.0,98647.0,0.0,98647.0,98647.0,2.0,0.0,0.0
2026-05-18 18:41:27,201,3.162926e+06,289712.0,5659.0,0.0,0.0,0.0,4952.0,450.0,10.0,8.2817024e+07,8.66340864e+08,1056.52,21.0,98748.0,0.0,98748.0,98748.0,2.0,0.0,0.0
2026-05-18 18:41:39,201,3.166353e+06,289712.0,5659.0,0.0,0.0,0.0,4957.0,450.0,10.0,8.2817024e+07,8.66340864e+08,1057.6,23.0,98847.0,0.0,98846.0,98846.0,2.0,0.0,0.0
2026-05-18 18:41:51,202,3.169474e+06,290409.0,5659.0,0.0,0.0,0.0,4962.0,451.0,10.0,8.2817024e+07,8.66340864e+08,1058.6200000000001,21.0,98945.0,0.0,98945.0,98945.0,2.0,0.0,0.0
2026-05-18 18:42:03,202,3.172901e+06,290409.0,5659.0,0.0,0.0,0.0,4967.0,451.0,10.0,8.2817024e+07,8.66340864e+08,1059.65,21.0,99044.0,0.0,99044.0,99044.0,2.0,0.0,0.0
2026-05-18 18:42:15,202,3.176299e+06,290409.0,5659.0,0.0,0.0,0.0,4972.0,451.0,10.0,8.2817024e+07,8.66340864e+08,1060.6200000000001,21.0,99142.0,0.0,99142.0,99142.0,2.0,0.0,0.0
2026-05-18 18:42:27,202,3.179029e+06,291106.0,5659.0,0.0,0.0,0.0,4976.0,452.0,10.0,8.2817024e+07,8.66340864e+08,1061.71,21.0,99241.0,0.0,99241.0,99241.0,2.0,0.0,0.0
2026-05-18 18:42:39,202,3.182427e+06,291106.0,5659.0,0.0,0.0,0.0,4981.0,452.0,10.0,8.2817024e+07,8.66340864e+08,1062.82,21.0,99340.0,0.0,99340.0,99340.0,2.0,0.0,0.0
2026-05-18 18:42:51,203,3.185157e+06,291803.0,5659.0,0.0,0.0,0.0,4985.0,453.0,10.0,8.2817024e+07,8.66340864e+08,1063.83,21.0,99438.0,0.0,99438.0,99438.0,2.0,0.0,0.0
2026-05-18 18:43:03,203,3.188555e+06,291803.0,5659.0,0.0,0.0,0.0,4990.0,453.0,10.0,8.2817024e+07,8.66340864e+08,1064.9099999999999,23.0,99538.0,0.0,99537.0,99537.0,2.0,0.0,0.0
2026-05-18 18:43:15,203,3.191285e+06,292500.0,5659.0,0.0,0.0,0.0,4994.0,454.0,10.0,8.2817024e+07,8.66340864e+08,1065.93,21.0,99636.0,0.0,99636.0,99636.0,2.0,0.0,0.0
2026-05-18 18:43:27,203,3.194683e+06,292500.0,5659.0,0.0,0.0,0.0,4999.0,454.0,10.0,8.2817024e+07,8.66340864e+08,1066.98,21.0,99734.0,0.0,99734.0,99734.0,2.0,0.0,0.0
2026-05-18 18:43:39,203,3.19811e+06,292500.0,5659.0,0.0,0.0,0.0,5004.0,454.0,10.0,8.2817024e+07,8.66340864e+08,1068.07,21.0,99833.0,0.0,99833.0,99833.0,2.0,0.0,0.0
2026-05-18 18:43:51,204,3.20035e+06,293197.0,6327.0,0.0,0.0,0.0,5008.0,455.0,11.0,8.2817024e+07,8.66340864e+08,1069.16,21.0,99933.0,0.0,99933.0,99933.0,2.0,0.0,0.0
2026-05-18 18:44:03,204,3.20392e+06,293197.0,6327.0,0.0,0.0,0.0,5014.0,455.0,11.0,8.2817024e+07,8.66340864e+08,1070.23,21.0,100032.0,0.0,100032.0,100032.0,2.0,0.0,0.0
2026-05-18 18:44:15,204,3.206895e+06,293792.0,6327.0,0.0,0.0,0.0,5019.0,456.0,11.0,8.2817024e+07,8.66340864e+08,1071.3,21.0,100130.0,0.0,100130.0,100130.0,2.0,0.0,0.0
2026-05-18 18:44:27,204,3.20987e+06,293792.0,6327.0,0.0,0.0,0.0,5024.0,456.0,11.0,8.2817024e+07,8.66340864e+08,1072.32,21.0,100229.0,0.0,100229.0,100229.0,2.0,0.0,0.0
2026-05-18 18:44:39,204,3.212775e+06,294387.0,6327.0,0.0,0.0,0.0,5029.0,457.0,11.0,8.2817024e+07,8.66340864e+08,1073.38,22.0,100328.0,0.0,100327.0,100327.0,2.0,0.0,0.0
2026-05-18 18:44:51,205,3.21638e+06,294387.0,6327.0,0.0,0.0,0.0,5035.0,457.0,11.0,8.2817024e+07,8.66340864e+08,1074.43,21.0,100428.0,0.0,100428.0,100428.0,2.0,0.0,0.0
2026-05-18 18:45:04,205,3.21904e+06,295052.0,6327.0,0.0,0.0,0.0,5039.0,458.0,11.0,8.2817024e+07,8.66340864e+08,1075.48,23.0,100529.0,0.0,100528.0,100528.0,2.0,0.0,0.0
2026-05-18 18:45:16,205,3.22296e+06,295052.0,6327.0,0.0,0.0,0.0,5045.0,458.0,11.0,8.2817024e+07,8.66340864e+08,1076.53,23.0,100627.0,0.0,100626.0,100626.0,2.0,0.0,0.0
2026-05-18 18:45:28,205,3.22562e+06,295717.0,6327.0,0.0,0.0,0.0,5049.0,459.0,11.0,8.2817024e+07,8.66340864e+08,1077.59,21.0,100726.0,0.0,100726.0,100726.0,2.0,0.0,0.0
2026-05-18 18:45:40,205,3.228945e+06,295717.0,6327.0,0.0,0.0,0.0,5054.0,459.0,11.0,8.2817024e+07,8.66340864e+08,1078.64,21.0,100825.0,0.0,100825.0,100825.0,2.0,0.0,0.0
2026-05-18 18:45:52,206,3.23227e+06,295717.0,6327.0,0.0,0.0,0.0,5059.0,459.0,11.0,8.2817024e+07,8.66340864e+08,1079.73,21.0,100924.0,0.0,100924.0,100924.0,2.0,0.0,0.0
2026-05-18 18:46:04,206,3.235458e+06,296379.0,6327.0,0.0,0.0,0.0,5064.0,460.0,11.0,8.2817024e+07,8.66340864e+08,1080.73,21.0,101023.0,0.0,101023.0,101023.0,2.0,0.0,0.0
2026-05-18 18:46:16,206,3.238783e+06,296379.0,6327.0,0.0,0.0,0.0,5069.0,460.0,11.0,8.2817024e+07,8.66340864e+08,1081.74,23.0,101122.0,0.0,101121.0,101121.0,2.0,0.0,0.0
2026-05-18 18:46:28,206,3.241443e+06,297044.0,6327.0,0.0,0.0,0.0,5073.0,461.0,11.0,8.2817024e+07,8.66340864e+08,1082.79,23.0,101222.0,0.0,101221.0,101221.0,2.0,0.0,0.0
2026-05-18 18:46:40,206,3.245223e+06,297044.0,6327.0,0.0,0.0,0.0,5079.0,461.0,11.0,8.2817024e+07,8.66340864e+08,1083.82,21.0,101321.0,0.0,101321.0,101321.0,2.0,0.0,0.0
2026-05-18 18:46:52,207,3.247883e+06,297709.0,6327.0,0.0,0.0,0.0,5083.0,462.0,11.0,8.2817024e+07,8.66340864e+08,1084.88,23.0,101420.0,0.0,101419.0,101419.0,2.0,0.0,0.0
2026-05-18 18:47:04,207,3.251208e+06,297709.0,6327.0,0.0,0.0,0.0,5088.0,462.0,11.0,8.2817024e+07,8.66340864e+08,1085.8899999999999,21.0,101519.0,0.0,101519.0,101519.0,2.0,0.0,0.0
2026-05-18 18:47:16,207,3.254533e+06,297709.0,6327.0,0.0,0.0,0.0,5093.0,462.0,11.0,8.2817024e+07,8.66340864e+08,1086.9,23.0,101620.0,0.0,101619.0,101619.0,2.0,0.0,0.0
2026-05-18 18:47:28,207,3.257858e+06,298339.0,6327.0,0.0,0.0,0.0,5098.0,463.0,11.0,8.2817024e+07,8.66340864e+08,1087.96,21.0,101719.0,0.0,101719.0,101719.0,2.0,0.0,0.0
2026-05-18 18:47:40,207,3.261183e+06,298339.0,6327.0,0.0,0.0,0.0,5103.0,463.0,11.0,8.2817024e+07,8.66340864e+08,1089.02,21.0,101818.0,0.0,101818.0,101818.0,2.0,0.0,0.0
2026-05-18 18:47:53,208,3.263878e+06,299004.0,6327.0,0.0,0.0,0.0,5107.0,464.0,11.0,8.2817024e+07,8.66340864e+08,1090.06,21.0,101918.0,0.0,101918.0,101918.0,2.0,0.0,0.0
2026-05-18 18:48:05,208,3.267276e+06,299004.0,6327.0,0.0,0.0,0.0,5112.0,464.0,11.0,8.2817024e+07,8.66340864e+08,1091.15,21.0,102018.0,0.0,102018.0,102018.0,2.0,0.0,0.0
2026-05-18 18:48:17,208,3.270035e+06,299672.0,6327.0,0.0,0.0,0.0,5116.0,465.0,11.0,8.2817024e+07,8.66340864e+08,1092.2,21.0,102117.0,0.0,102117.0,102117.0,2.0,0.0,0.0
2026-05-18 18:48:29,208,3.273993e+06,299672.0,6327.0,0.0,0.0,0.0,5122.0,465.0,11.0,8.2817024e+07,8.66340864e+08,1093.22,21.0,102215.0,0.0,102215.0,102215.0,2.0,0.0,0.0
2026-05-18 18:48:41,208,3.276723e+06,300369.0,6327.0,0.0,0.0,0.0,5126.0,466.0,11.0,8.2817024e+07,8.66340864e+08,1094.29,23.0,102315.0,0.0,102314.0,102314.0,2.0,0.0,0.0
2026-05-18 18:48:53,209,3.280121e+06,300369.0,6327.0,0.0,0.0,0.0,5131.0,466.0,11.0,8.2817024e+07,8.66340864e+08,1095.36,21.0,102414.0,0.0,102414.0,102414.0,2.0,0.0,0.0
2026-05-18 18:49:05,209,3.283548e+06,300369.0,6327.0,0.0,0.0,0.0,5136.0,466.0,11.0,8.2817024e+07,8.66340864e+08,1096.42,21.0,102514.0,0.0,102514.0,102514.0,2.0,0.0,0.0
2026-05-18 18:49:17,209,3.286249e+06,301066.0,6327.0,0.0,0.0,0.0,5140.0,467.0,11.0,8.2817024e+07,8.66340864e+08,1097.52,21.0,102613.0,0.0,102613.0,102613.0,2.0,0.0,0.0
2026-05-18 18:49:29,209,3.289676e+06,301066.0,6327.0,0.0,0.0,0.0,5145.0,467.0,11.0,8.2817024e+07,8.66340864e+08,1098.6299999999999,21.0,102713.0,0.0,102713.0,102713.0,2.0,0.0,0.0
2026-05-18 18:49:41,209,3.292377e+06,301763.0,6327.0,0.0,0.0,0.0,5149.0,468.0,11.0,8.2817024e+07,8.66340864e+08,1099.71,21.0,102812.0,0.0,102812.0,102812.0,2.0,0.0,0.0
2026-05-18 18:49:53,210,3.295804e+06,301763.0,6327.0,0.0,0.0,0.0,5154.0,468.0,11.0,8.2817024e+07,8.66340864e+08,1100.69,23.0,102911.0,0.0,102910.0,102910.0,2.0,0.0,0.0
2026-05-18 18:50:05,210,3.299024e+06,302431.0,6327.0,0.0,0.0,0.0,5159.0,469.0,11.0,8.2817024e+07,8.66340864e+08,1101.76,21.0,103009.0,0.0,103009.0,103009.0,2.0,0.0,0.0
2026-05-18 18:50:17,210,3.302451e+06,302431.0,6327.0,0.0,0.0,0.0,5164.0,469.0,11.0,8.2817024e+07,8.66340864e+08,1102.81,23.0,103110.0,0.0,103109.0,103109.0,2.0,0.0,0.0
2026-05-18 18:50:29,210,3.305849e+06,302431.0,6327.0,0.0,0.0,0.0,5169.0,469.0,11.0,8.2817024e+07,8.66340864e+08,1103.9099999999999,22.0,103210.0,0.0,103209.0,103209.0,2.0,0.0,0.0
2026-05-18 18:50:41,210,3.308608e+06,303099.0,6327.0,0.0,0.0,0.0,5173.0,470.0,11.0,8.2817024e+07,8.66340864e+08,1104.97,23.0,103309.0,0.0,103308.0,103308.0,2.0,0.0,0.0
2026-05-18 18:50:53,211,3.312006e+06,303099.0,6327.0,0.0,0.0,0.0,5178.0,470.0,11.0,8.2817024e+07,8.66340864e+08,1106.03,23.0,103407.0,0.0,103406.0,103406.0,2.0,0.0,0.0
2026-05-18 18:51:05,211,3.314765e+06,303767.0,6327.0,0.0,0.0,0.0,5182.0,471.0,11.0,8.2817024e+07,8.66340864e+08,1107.06,21.0,103505.0,0.0,103505.0,103505.0,2.0,0.0,0.0
2026-05-18 18:51:18,211,3.318163e+06,303767.0,6327.0,0.0,0.0,0.0,5187.0,471.0,11.0,8.2817024e+07,8.66340864e+08,1108.12,21.0,103607.0,0.0,103607.0,103607.0,2.0,0.0,0.0
2026-05-18 18:51:30,211,3.32159e+06,303767.0,6327.0,0.0,0.0,0.0,5192.0,471.0,11.0,8.2817024e+07,8.66340864e+08,1109.19,21.0,103708.0,0.0,103708.0,103708.0,2.0,0.0,0.0
2026-05-18 18:51:42,212,3.324985e+06,304365.0,6327.0,0.0,0.0,0.0,5197.0,472.0,11.0,8.2817024e+07,8.66340864e+08,1110.23,21.0,103806.0,0.0,103806.0,103806.0,2.0,0.0,0.0
2026-05-18 18:51:54,212,3.328412e+06,304365.0,6327.0,0.0,0.0,0.0,5202.0,472.0,11.0,8.2817024e+07,8.66340864e+08,1111.28,21.0,103904.0,0.0,103904.0,103904.0,2.0,0.0,0.0
2026-05-18 18:52:06,212,3.331113e+06,305062.0,6327.0,0.0,0.0,0.0,5206.0,473.0,11.0,8.2817024e+07,8.66340864e+08,1112.3300000000002,21.0,104004.0,0.0,104004.0,104004.0,2.0,0.0,0.0
2026-05-18 18:52:18,212,3.33454e+06,305062.0,6327.0,0.0,0.0,0.0,5211.0,473.0,11.0,8.2817024e+07,8.66340864e+08,1113.4,21.0,104104.0,0.0,104104.0,104104.0,2.0,0.0,0.0
2026-05-18 18:52:30,212,3.337241e+06,305759.0,6327.0,0.0,0.0,0.0,5215.0,474.0,11.0,8.2817024e+07,8.66340864e+08,1114.5,21.0,104203.0,0.0,104203.0,104203.0,2.0,0.0,0.0
2026-05-18 18:52:42,213,3.340668e+06,305759.0,6327.0,0.0,0.0,0.0,5220.0,474.0,11.0,8.2817024e+07,8.66340864e+08,1115.6200000000001,22.0,104303.0,0.0,104302.0,104302.0,2.0,0.0,0.0
2026-05-18 18:52:54,213,3.344066e+06,305759.0,6327.0,0.0,0.0,0.0,5225.0,474.0,11.0,8.2817024e+07,8.66340864e+08,1116.67,21.0,104401.0,0.0,104401.0,104401.0,2.0,0.0,0.0
2026-05-18 18:53:06,213,3.346796e+06,306456.0,6327.0,0.0,0.0,0.0,5229.0,475.0,11.0,8.2817024e+07,8.66340864e+08,1117.6999999999998,21.0,104500.0,0.0,104500.0,104500.0,2.0,0.0,0.0
2026-05-18 18:53:18,213,3.350194e+06,306456.0,6327.0,0.0,0.0,0.0,5234.0,475.0,11.0,8.2817024e+07,8.66340864e+08,1118.69,21.0,104599.0,0.0,104599.0,104599.0,2.0,0.0,0.0
2026-05-18 18:53:30,213,3.352924e+06,307153.0,6327.0,0.0,0.0,0.0,5238.0,476.0,11.0,8.2817024e+07,8.66340864e+08,1119.75,21.0,104698.0,0.0,104698.0,104698.0,2.0,0.0,0.0
2026-05-18 18:53:42,214,3.356322e+06,307153.0,6327.0,0.0,0.0,0.0,5243.0,476.0,11.0,8.2817024e+07,8.66340864e+08,1120.79,21.0,104797.0,0.0,104797.0,104797.0,2.0,0.0,0.0
2026-05-18 18:53:54,214,3.359615e+06,307850.0,6327.0,0.0,0.0,0.0,5248.0,477.0,11.0,8.2817024e+07,8.66340864e+08,1121.8400000000001,23.0,104897.0,0.0,104896.0,104896.0,2.0,0.0,0.0
2026-05-18 18:54:06,214,3.363042e+06,307850.0,6327.0,0.0,0.0,0.0,5253.0,477.0,11.0,8.2817024e+07,8.66340864e+08,1122.89,23.0,104995.0,0.0,104994.0,104994.0,2.0,0.0,0.0
2026-05-18 18:54:18,214,3.36644e+06,307850.0,6327.0,0.0,0.0,0.0,5258.0,477.0,11.0,8.2817024e+07,8.66340864e+08,1123.9099999999999,23.0,105094.0,0.0,105093.0,105093.0,2.0,0.0,0.0
2026-05-18 18:54:30,214,3.36917e+06,308547.0,6327.0,0.0,0.0,0.0,5262.0,478.0,11.0,8.2817024e+07,8.66340864e+08,1125.0,23.0,105194.0,0.0,105193.0,105193.0,2.0,0.0,0.0
2026-05-18 18:54:42,215,3.372568e+06,308547.0,6327.0,0.0,0.0,0.0,5267.0,478.0,11.0,8.2817024e+07,8.66340864e+08,1126.06,21.0,105293.0,0.0,105293.0,105293.0,2.0,0.0,0.0
2026-05-18 18:54:54,215,3.375298e+06,309244.0,6327.0,0.0,0.0,0.0,5271.0,479.0,11.0,8.2685952e+07,8.66340864e+08,1127.1599999999999,21.0,105392.0,0.0,105392.0,105392.0,2.0,0.0,0.0
2026-05-18 18:55:06,215,3.378696e+06,309244.0,6327.0,0.0,0.0,0.0,5276.0,479.0,11.0,8.2685952e+07,8.66340864e+08,1128.19,21.0,105491.0,0.0,105491.0,105491.0,2.0,0.0,0.0
2026-05-18 18:55:18,215,3.381426e+06,309941.0,6327.0,0.0,0.0,0.0,5280.0,480.0,11.0,8.2685952e+07,8.66340864e+08,1129.23,21.0,105589.0,0.0,105589.0,105589.0,2.0,0.0,0.0
2026-05-18 18:55:30,215,3.384824e+06,309941.0,6327.0,0.0,0.0,0.0,5285.0,480.0,11.0,8.2685952e+07,8.66340864e+08,1130.24,21.0,105688.0,0.0,105688.0,105688.0,2.0,0.0,0.0
2026-05-18 18:55:43,216,3.388251e+06,309941.0,6327.0,0.0,0.0,0.0,5290.0,480.0,11.0,8.2685952e+07,8.66340864e+08,1131.26,23.0,105789.0,0.0,105788.0,105788.0,2.0,0.0,0.0
2026-05-18 18:55:55,216,3.391576e+06,310609.0,6327.0,0.0,0.0,0.0,5295.0,481.0,11.0,8.2685952e+07,8.66340864e+08,1132.33,21.0,105888.0,0.0,105888.0,105888.0,2.0,0.0,0.0
2026-05-18 18:56:07,216,3.395003e+06,310609.0,6327.0,0.0,0.0,0.0,5300.0,481.0,11.0,8.2685952e+07,8.66340864e+08,1133.41,23.0,105987.0,0.0,105986.0,105986.0,2.0,0.0,0.0
2026-05-18 18:56:19,216,3.397733e+06,311277.0,6327.0,0.0,0.0,0.0,5304.0,482.0,11.0,8.2685952e+07,8.66340864e+08,1134.4299999999998,23.0,106086.0,0.0,106085.0,106085.0,2.0,0.0,0.0
2026-05-18 18:56:31,216,3.40116e+06,311277.0,6327.0,0.0,0.0,0.0,5309.0,482.0,11.0,8.2685952e+07,8.66340864e+08,1135.51,21.0,106185.0,0.0,106185.0,106185.0,2.0,0.0,0.0
2026-05-18 18:56:43,217,3.40389e+06,311945.0,6327.0,0.0,0.0,0.0,5313.0,483.0,11.0,8.2685952e+07,8.66340864e+08,1136.51,21.0,106284.0,0.0,106284.0,106284.0,2.0,0.0,0.0
2026-05-18 18:56:55,217,3.407317e+06,311945.0,6327.0,0.0,0.0,0.0,5318.0,483.0,11.0,8.2685952e+07,8.66340864e+08,1137.52,23.0,106383.0,0.0,106382.0,106382.0,2.0,0.0,0.0
2026-05-18 18:57:07,217,3.410715e+06,311945.0,6327.0,0.0,0.0,0.0,5323.0,483.0,11.0,8.2685952e+07,8.66340864e+08,1138.5400000000002,21.0,106482.0,0.0,106482.0,106482.0,2.0,0.0,0.0
2026-05-18 18:57:19,217,3.413474e+06,312613.0,6327.0,0.0,0.0,0.0,5327.0,484.0,11.0,8.2685952e+07,8.66340864e+08,1139.58,23.0,106581.0,0.0,106580.0,106580.0,2.0,0.0,0.0
2026-05-18 18:57:31,217,3.416872e+06,312613.0,6327.0,0.0,0.0,0.0,5332.0,484.0,11.0,8.2685952e+07,8.66340864e+08,1140.6399999999999,21.0,106681.0,0.0,106681.0,106681.0,2.0,0.0,0.0
2026-05-18 18:57:43,218,3.419631e+06,313281.0,6327.0,0.0,0.0,0.0,5336.0,485.0,11.0,8.2685952e+07,8.66340864e+08,1141.69,21.0,106780.0,0.0,106780.0,106780.0,2.0,0.0,0.0
2026-05-18 18:57:55,218,3.423589e+06,313281.0,6327.0,0.0,0.0,0.0,5342.0,485.0,11.0,8.2685952e+07,8.66340864e+08,1142.79,21.0,106879.0,0.0,106879.0,106879.0,2.0,0.0,0.0
2026-05-18 18:58:08,218,3.426319e+06,313978.0,6327.0,0.0,0.0,0.0,5346.0,486.0,11.0,8.2685952e+07,8.66340864e+08,1143.87,21.0,106979.0,0.0,106979.0,106979.0,2.0,0.0,0.0
2026-05-18 18:58:20,218,3.429717e+06,313978.0,6327.0,0.0,0.0,0.0,5351.0,486.0,11.0,8.2685952e+07,8.66340864e+08,1144.8700000000001,21.0,107077.0,0.0,107077.0,107077.0,2.0,0.0,0.0
2026-05-18 18:58:32,218,3.433144e+06,313978.0,6327.0,0.0,0.0,0.0,5356.0,486.0,11.0,8.2685952e+07,8.66340864e+08,1145.85,21.0,107176.0,0.0,107176.0,107176.0,2.0,0.0,0.0
2026-05-18 18:58:44,219,3.435845e+06,314675.0,6327.0,0.0,0.0,0.0,5360.0,487.0,11.0,8.2685952e+07,8.66340864e+08,1146.84,21.0,107276.0,0.0,107276.0,107276.0,2.0,0.0,0.0
2026-05-18 18:58:56,219,3.439272e+06,314675.0,6327.0,0.0,0.0,0.0,5365.0,487.0,11.0,8.2685952e+07,8.66340864e+08,1147.94,21.0,107374.0,0.0,107374.0,107374.0,2.0,0.0,0.0
2026-05-18 18:59:08,219,3.441973e+06,315372.0,6327.0,0.0,0.0,0.0,5369.0,488.0,11.0,8.2685952e+07,8.66340864e+08,1148.95,21.0,107474.0,0.0,107474.0,107474.0,2.0,0.0,0.0
2026-05-18 18:59:20,219,3.4454e+06,315372.0,6327.0,0.0,0.0,0.0,5374.0,488.0,11.0,8.2685952e+07,8.66340864e+08,1149.98,21.0,107574.0,0.0,107574.0,107574.0,2.0,0.0,0.0
2026-05-18 18:59:32,219,3.448798e+06,315372.0,6327.0,0.0,0.0,0.0,5379.0,488.0,11.0,8.2685952e+07,8.66340864e+08,1151.02,21.0,107672.0,0.0,107672.0,107672.0,2.0,0.0,0.0
2026-05-18 18:59:44,220,3.451528e+06,316069.0,6327.0,0.0,0.0,0.0,5383.0,489.0,11.0,8.2685952e+07,8.66340864e+08,1152.07,21.0,107772.0,0.0,107772.0,107772.0,2.0,0.0,0.0
2026-05-18 18:59:56,220,3.454853e+06,316069.0,6327.0,0.0,0.0,0.0,5388.0,489.0,11.0,8.2685952e+07,8.66340864e+08,1153.1299999999999,21.0,107869.0,0.0,107869.0,107869.0,2.0,0.0,0.0
2026-05-18 19:00:08,220,3.458219e+06,316766.0,6327.0,0.0,0.0,0.0,5393.0,490.0,11.0,8.2685952e+07,8.66340864e+08,1154.2,21.0,107968.0,0.0,107968.0,107968.0,2.0,0.0,0.0
2026-05-18 19:00:20,220,3.461646e+06,316766.0,6327.0,0.0,0.0,0.0,5398.0,490.0,11.0,8.2685952e+07,8.66340864e+08,1155.25,21.0,108066.0,0.0,108066.0,108066.0,2.0,0.0,0.0
2026-05-18 19:00:32,220,3.464347e+06,317463.0,6327.0,0.0,0.0,0.0,5402.0,491.0,11.0,8.2685952e+07,8.66340864e+08,1156.33,21.0,108164.0,0.0,108164.0,108164.0,2.0,0.0,0.0
2026-05-18 19:00:44,221,3.467774e+06,317463.0,6327.0,0.0,0.0,0.0,5407.0,491.0,11.0,8.2685952e+07,8.66340864e+08,1157.3700000000001,21.0,108264.0,0.0,108264.0,108264.0,2.0,0.0,0.0
2026-05-18 19:00:56,221,3.471172e+06,317463.0,6327.0,0.0,0.0,0.0,5412.0,491.0,11.0,8.2685952e+07,8.66340864e+08,1158.48,23.0,108363.0,0.0,108362.0,108362.0,2.0,0.0,0.0
2026-05-18 19:01:08,221,3.473902e+06,318160.0,6327.0,0.0,0.0,0.0,5416.0,492.0,11.0,8.2685952e+07,8.66340864e+08,1159.57,21.0,108463.0,0.0,108463.0,108463.0,2.0,0.0,0.0
2026-05-18 19:01:20,221,3.4773e+06,318160.0,6327.0,0.0,0.0,0.0,5421.0,492.0,11.0,8.255488e+07,8.66340864e+08,1160.63,21.0,108561.0,0.0,108561.0,108561.0,2.0,0.0,0.0
2026-05-18 19:01:32,221,3.48003e+06,318857.0,6327.0,0.0,0.0,0.0,5425.0,493.0,11.0,8.255488e+07,8.66340864e+08,1161.7,21.0,108662.0,0.0,108662.0,108662.0,2.0,0.0,0.0
2026-05-18 19:01:44,222,3.483428e+06,318857.0,6327.0,0.0,0.0,0.0,5430.0,493.0,11.0,8.255488e+07,8.66340864e+08,1162.75,21.0,108762.0,0.0,108762.0,108762.0,2.0,0.0,0.0
2026-05-18 19:01:57,222,3.486686e+06,319554.0,6327.0,0.0,0.0,0.0,5435.0,494.0,11.0,8.255488e+07,8.66340864e+08,1163.7800000000002,23.0,108862.0,0.0,108861.0,108861.0,2.0,0.0,0.0
2026-05-18 19:02:09,222,3.490113e+06,319554.0,6327.0,0.0,0.0,0.0,5440.0,494.0,11.0,8.255488e+07,8.66340864e+08,1164.81,21.0,108961.0,0.0,108961.0,108961.0,2.0,0.0,0.0
2026-05-18 19:02:21,222,3.493511e+06,319554.0,6327.0,0.0,0.0,0.0,5445.0,494.0,11.0,8.255488e+07,8.66340864e+08,1165.8,23.0,109060.0,0.0,109059.0,109059.0,2.0,0.0,0.0
2026-05-18 19:02:33,222,3.496241e+06,320251.0,6327.0,0.0,0.0,0.0,5449.0,495.0,11.0,8.255488e+07,8.66340864e+08,1166.9099999999999,21.0,109161.0,0.0,109161.0,109161.0,2.0,0.0,0.0
2026-05-18 19:02:45,223,3.499639e+06,320251.0,6327.0,0.0,0.0,0.0,5454.0,495.0,11.0,8.255488e+07,8.66340864e+08,1167.94,21.0,109261.0,0.0,109261.0,109261.0,2.0,0.0,0.0
2026-05-18 19:02:57,223,3.502369e+06,320948.0,6327.0,0.0,0.0,0.0,5458.0,496.0,11.0,8.255488e+07,8.66340864e+08,1168.95,21.0,109360.0,0.0,109360.0,109360.0,2.0,0.0,0.0
2026-05-18 19:03:09,223,3.505767e+06,320948.0,6327.0,0.0,0.0,0.0,5463.0,496.0,11.0,8.255488e+07,8.66340864e+08,1170.0,21.0,109459.0,0.0,109459.0,109459.0,2.0,0.0,0.0
2026-05-18 19:03:21,223,3.508497e+06,321645.0,6327.0,0.0,0.0,0.0,5467.0,497.0,11.0,8.255488e+07,8.66340864e+08,1171.0400000000002,21.0,109558.0,0.0,109558.0,109558.0,2.0,0.0,0.0
2026-05-18 19:03:33,223,3.511787e+06,321645.0,6327.0,0.0,0.0,0.0,5472.0,497.0,11.0,8.255488e+07,8.66340864e+08,1172.06,21.0,109655.0,0.0,109655.0,109655.0,2.0,0.0,0.0
2026-05-18 19:03:45,224,3.51585e+06,321645.0,6327.0,0.0,0.0,0.0,5478.0,497.0,11.0,8.255488e+07,8.66340864e+08,1173.04,21.0,109753.0,0.0,109753.0,109753.0,2.0,0.0,0.0
2026-05-18 19:03:58,224,3.51858e+06,322342.0,6327.0,0.0,0.0,0.0,5482.0,498.0,11.0,8.255488e+07,8.66340864e+08,1174.12,23.0,109855.0,0.0,109854.0,109854.0,2.0,0.0,0.0
2026-05-18 19:04:10,224,3.521978e+06,322342.0,6327.0,0.0,0.0,0.0,5487.0,498.0,11.0,8.255488e+07,8.66340864e+08,1175.14,21.0,109955.0,0.0,109955.0,109955.0,2.0,0.0,0.0
2026-05-18 19:04:22,224,3.524708e+06,323039.0,6327.0,0.0,0.0,0.0,5491.0,499.0,11.0,8.255488e+07,8.66340864e+08,1176.18,21.0,110054.0,0.0,110054.0,110054.0,2.0,0.0,0.0
2026-05-18 19:04:34,224,3.528106e+06,323039.0,6327.0,0.0,0.0,0.0,5496.0,499.0,11.0,8.255488e+07,8.66340864e+08,1177.27,21.0,110153.0,0.0,110153.0,110153.0,2.0,0.0,0.0
2026-05-18 19:04:46,225,3.530836e+06,323736.0,6327.0,0.0,0.0,0.0,5500.0,500.0,11.0,8.255488e+07,8.66340864e+08,1178.3300000000002,21.0,110251.0,0.0,110251.0,110251.0,2.0,0.0,0.0
2026-05-18 19:04:58,225,3.534234e+06,323736.0,6327.0,0.0,0.0,0.0,5505.0,500.0,11.0,8.255488e+07,8.66340864e+08,1179.42,21.0,110350.0,0.0,110350.0,110350.0,2.0,0.0,0.0
2026-05-18 19:05:10,225,3.537661e+06,323736.0,6327.0,0.0,0.0,0.0,5510.0,500.0,11.0,8.255488e+07,8.66340864e+08,1180.4699999999998,21.0,110451.0,0.0,110451.0,110451.0,2.0,0.0,0.0
2026-05-18 19:05:23,225,3.540954e+06,324401.0,6327.0,0.0,0.0,0.0,5515.0,501.0,11.0,8.255488e+07,8.66340864e+08,1181.54,21.0,110551.0,0.0,110551.0,110551.0,2.0,0.0,0.0
2026-05-18 19:05:35,225,3.544381e+06,324401.0,6327.0,0.0,0.0,0.0,5520.0,501.0,11.0,8.255488e+07,8.66340864e+08,1182.61,21.0,110651.0,0.0,110651.0,110651.0,2.0,0.0,0.0
2026-05-18 19:05:47,226,3.547111e+06,325069.0,6327.0,0.0,0.0,0.0,5524.0,502.0,11.0,8.255488e+07,8.66340864e+08,1183.59,21.0,110750.0,0.0,110750.0,110750.0,2.0,0.0,0.0
2026-05-18 19:05:59,226,3.550538e+06,325069.0,6327.0,0.0,0.0,0.0,5529.0,502.0,11.0,8.255488e+07,8.66340864e+08,1184.6100000000001,21.0,110849.0,0.0,110849.0,110849.0,2.0,0.0,0.0
2026-05-18 19:06:11,226,3.553268e+06,325737.0,6327.0,0.0,0.0,0.0,5533.0,503.0,11.0,8.255488e+07,8.66340864e+08,1185.68,23.0,110948.0,0.0,110947.0,110947.0,2.0,0.0,0.0
2026-05-18 19:06:23,226,3.556695e+06,325737.0,6327.0,0.0,0.0,0.0,5538.0,503.0,11.0,8.255488e+07,8.66340864e+08,1186.7099999999998,23.0,111047.0,0.0,111046.0,111046.0,2.0,0.0,0.0
2026-05-18 19:06:35,226,3.560093e+06,325737.0,6327.0,0.0,0.0,0.0,5543.0,503.0,11.0,8.255488e+07,8.66340864e+08,1187.79,21.0,111146.0,0.0,111146.0,111146.0,2.0,0.0,0.0
2026-05-18 19:06:47,227,3.562365e+06,326405.0,7024.0,0.0,0.0,0.0,5547.0,504.0,12.0,8.255488e+07,8.66340864e+08,1188.87,21.0,111245.0,0.0,111245.0,111245.0,2.0,0.0,0.0
2026-05-18 19:06:59,227,3.565935e+06,326405.0,7024.0,0.0,0.0,0.0,5553.0,504.0,12.0,8.255488e+07,8.66340864e+08,1189.9399999999998,21.0,111345.0,0.0,111345.0,111345.0,2.0,0.0,0.0
2026-05-18 19:07:12,227,3.56891e+06,327000.0,7024.0,0.0,0.0,0.0,5558.0,505.0,12.0,8.255488e+07,8.66340864e+08,1191.0,21.0,111445.0,0.0,111445.0,111445.0,2.0,0.0,0.0
2026-05-18 19:07:24,227,3.571885e+06,327000.0,7024.0,0.0,0.0,0.0,5563.0,505.0,12.0,8.255488e+07,8.66340864e+08,1192.0,21.0,111542.0,0.0,111542.0,111542.0,2.0,0.0,0.0
2026-05-18 19:07:35,227,3.574825e+06,327595.0,7024.0,0.0,0.0,0.0,5568.0,506.0,12.0,8.255488e+07,8.66340864e+08,1193.04,21.0,111640.0,0.0,111640.0,111640.0,2.0,0.0,0.0
2026-05-18 19:07:48,228,3.578535e+06,327595.0,7024.0,0.0,0.0,0.0,5574.0,506.0,12.0,8.255488e+07,8.66340864e+08,1194.07,21.0,111739.0,0.0,111739.0,111739.0,2.0,0.0,0.0
2026-05-18 19:07:59,228,3.581195e+06,328260.0,7024.0,0.0,0.0,0.0,5578.0,507.0,12.0,8.255488e+07,8.66340864e+08,1195.11,21.0,111836.0,0.0,111836.0,111836.0,2.0,0.0,0.0
2026-05-18 19:08:11,228,3.58452e+06,328260.0,7024.0,0.0,0.0,0.0,5583.0,507.0,12.0,8.255488e+07,8.66340864e+08,1196.1899999999998,21.0,111935.0,0.0,111935.0,111935.0,2.0,0.0,0.0
2026-05-18 19:08:24,228,3.587845e+06,328260.0,7024.0,0.0,0.0,0.0,5588.0,507.0,12.0,8.255488e+07,8.66340864e+08,1197.31,21.0,112035.0,0.0,112035.0,112035.0,2.0,0.0,0.0
2026-05-18 19:08:35,228,3.591167e+06,328858.0,7024.0,0.0,0.0,0.0,5593.0,508.0,12.0,8.255488e+07,8.66340864e+08,1198.36,21.0,112134.0,0.0,112134.0,112134.0,2.0,0.0,0.0
2026-05-18 19:08:48,229,3.594492e+06,328858.0,7024.0,0.0,0.0,0.0,5598.0,508.0,12.0,8.255488e+07,8.66340864e+08,1199.4499999999998,23.0,112232.0,0.0,112231.0,112231.0,2.0,0.0,0.0
2026-05-18 19:09:00,229,3.597152e+06,329523.0,7024.0,0.0,0.0,0.0,5602.0,509.0,12.0,8.255488e+07,8.66340864e+08,1200.5,21.0,112330.0,0.0,112330.0,112330.0,2.0,0.0,0.0
2026-05-18 19:09:12,229,3.600477e+06,329523.0,7024.0,0.0,0.0,0.0,5607.0,509.0,12.0,8.255488e+07,8.66340864e+08,1201.6,23.0,112431.0,0.0,112430.0,112430.0,2.0,0.0,0.0
2026-05-18 19:09:24,229,3.603697e+06,330188.0,7024.0,0.0,0.0,0.0,5612.0,510.0,12.0,8.255488e+07,8.66340864e+08,1202.6299999999999,21.0,112529.0,0.0,112529.0,112529.0,2.0,0.0,0.0
2026-05-18 19:09:36,229,3.607022e+06,330188.0,7024.0,0.0,0.0,0.0,5617.0,510.0,12.0,8.255488e+07,8.66340864e+08,1203.72,23.0,112629.0,0.0,112628.0,112628.0,2.0,0.0,0.0
2026-05-18 19:09:48,230,3.609682e+06,330853.0,7024.0,0.0,0.0,0.0,5621.0,511.0,12.0,8.255488e+07,8.66340864e+08,1204.75,22.0,112727.0,0.0,112726.0,112726.0,2.0,0.0,0.0
2026-05-18 19:10:00,230,3.613007e+06,330853.0,7024.0,0.0,0.0,0.0,5626.0,511.0,12.0,8.255488e+07,8.66340864e+08,1205.83,21.0,112824.0,0.0,112824.0,112824.0,2.0,0.0,0.0
2026-05-18 19:10:12,230,3.616332e+06,330853.0,7024.0,0.0,0.0,0.0,5631.0,511.0,12.0,8.255488e+07,8.66340864e+08,1206.88,21.0,112923.0,0.0,112923.0,112923.0,2.0,0.0,0.0
2026-05-18 19:10:24,230,3.61959e+06,331515.0,7024.0,0.0,0.0,0.0,5636.0,512.0,12.0,8.255488e+07,8.66340864e+08,1207.96,22.0,113022.0,0.0,113021.0,113021.0,2.0,0.0,0.0
2026-05-18 19:10:36,230,3.622915e+06,331515.0,7024.0,0.0,0.0,0.0,5641.0,512.0,12.0,8.255488e+07,8.66340864e+08,1209.0,21.0,113120.0,0.0,113120.0,113120.0,2.0,0.0,0.0
2026-05-18 19:10:48,231,3.62561e+06,332180.0,7024.0,0.0,0.0,0.0,5645.0,513.0,12.0,8.255488e+07,8.66340864e+08,1210.0600000000002,21.0,113220.0,0.0,113220.0,113220.0,2.0,0.0,0.0
2026-05-18 19:11:00,231,3.629008e+06,332180.0,7024.0,0.0,0.0,0.0,5650.0,513.0,12.0,8.255488e+07,8.66340864e+08,1211.13,23.0,113319.0,0.0,113318.0,113318.0,2.0,0.0,0.0
2026-05-18 19:11:12,231,3.632161e+06,332877.0,7024.0,0.0,0.0,0.0,5655.0,514.0,12.0,8.255488e+07,8.66340864e+08,1212.1799999999998,21.0,113418.0,0.0,113418.0,113418.0,2.0,0.0,0.0
2026-05-18 19:11:24,231,3.635588e+06,332877.0,7024.0,0.0,0.0,0.0,5660.0,514.0,12.0,8.255488e+07,8.66340864e+08,1213.26,22.0,113519.0,0.0,113518.0,113518.0,2.0,0.0,0.0
2026-05-18 19:11:36,231,3.638986e+06,332877.0,7024.0,0.0,0.0,0.0,5665.0,514.0,12.0,8.255488e+07,8.66340864e+08,1214.36,21.0,113617.0,0.0,113617.0,113617.0,2.0,0.0,0.0
2026-05-18 19:11:48,232,3.641716e+06,333574.0,7024.0,0.0,0.0,0.0,5669.0,515.0,12.0,8.255488e+07,8.66340864e+08,1215.3999999999999,23.0,113716.0,0.0,113715.0,113715.0,2.0,0.0,0.0
2026-05-18 19:12:00,232,3.645114e+06,333574.0,7024.0,0.0,0.0,0.0,5674.0,515.0,12.0,8.255488e+07,8.66340864e+08,1216.44,21.0,113816.0,0.0,113816.0,113816.0,2.0,0.0,0.0
2026-05-18 19:12:12,232,3.647844e+06,334271.0,7024.0,0.0,0.0,0.0,5678.0,516.0,12.0,8.255488e+07,8.66340864e+08,1217.53,23.0,113916.0,0.0,113915.0,113915.0,2.0,0.0,0.0
2026-05-18 19:12:24,232,3.651662e+06,334271.0,7024.0,0.0,0.0,0.0,5684.0,516.0,12.0,8.255488e+07,8.66340864e+08,1218.58,21.0,114015.0,0.0,114015.0,114015.0,2.0,0.0,0.0
2026-05-18 19:12:36,232,3.654421e+06,334939.0,7024.0,0.0,0.0,0.0,5688.0,517.0,12.0,8.255488e+07,8.66340864e+08,1219.68,21.0,114112.0,0.0,114112.0,114112.0,2.0,0.0,0.0
2026-05-18 19:12:48,233,3.657819e+06,334939.0,7024.0,0.0,0.0,0.0,5693.0,517.0,12.0,8.255488e+07,8.66340864e+08,1220.75,21.0,114210.0,0.0,114210.0,114210.0,2.0,0.0,0.0
2026-05-18 19:13:00,233,3.661246e+06,334939.0,7024.0,0.0,0.0,0.0,5698.0,517.0,12.0,8.255488e+07,8.66340864e+08,1221.79,22.0,114309.0,0.0,114308.0,114308.0,2.0,0.0,0.0
2026-05-18 19:13:12,233,3.663976e+06,335607.0,7024.0,0.0,0.0,0.0,5702.0,518.0,12.0,8.255488e+07,8.66340864e+08,1222.8700000000001,21.0,114410.0,0.0,114410.0,114410.0,2.0,0.0,0.0
2026-05-18 19:13:24,233,3.667403e+06,335607.0,7024.0,0.0,0.0,0.0,5707.0,518.0,12.0,8.255488e+07,8.66340864e+08,1223.95,21.0,114508.0,0.0,114508.0,114508.0,2.0,0.0,0.0
2026-05-18 19:13:36,233,3.670133e+06,336275.0,7024.0,0.0,0.0,0.0,5711.0,519.0,12.0,8.255488e+07,8.66340864e+08,1225.01,21.0,114607.0,0.0,114607.0,114607.0,2.0,0.0,0.0
2026-05-18 19:13:48,234,3.67356e+06,336275.0,7024.0,0.0,0.0,0.0,5716.0,519.0,12.0,8.255488e+07,8.66340864e+08,1226.02,23.0,114707.0,0.0,114706.0,114706.0,2.0,0.0,0.0
2026-05-18 19:14:01,234,3.67629e+06,336943.0,7024.0,0.0,0.0,0.0,5720.0,520.0,12.0,8.255488e+07,8.66340864e+08,1227.1,21.0,114805.0,0.0,114805.0,114805.0,2.0,0.0,0.0
2026-05-18 19:14:13,234,3.679717e+06,336943.0,7024.0,0.0,0.0,0.0,5725.0,520.0,12.0,8.255488e+07,8.66340864e+08,1228.1699999999998,21.0,114904.0,0.0,114904.0,114904.0,2.0,0.0,0.0
2026-05-18 19:14:25,234,3.683115e+06,336943.0,7024.0,0.0,0.0,0.0,5730.0,520.0,12.0,8.255488e+07,8.66340864e+08,1229.26,21.0,115003.0,0.0,115003.0,115003.0,2.0,0.0,0.0
2026-05-18 19:14:37,234,3.685874e+06,337611.0,7024.0,0.0,0.0,0.0,5734.0,521.0,12.0,8.255488e+07,8.66340864e+08,1230.35,21.0,115102.0,0.0,115102.0,115102.0,2.0,0.0,0.0
2026-05-18 19:14:49,235,3.689832e+06,337611.0,7024.0,0.0,0.0,0.0,5740.0,521.0,12.0,8.255488e+07,8.66340864e+08,1231.33,21.0,115201.0,0.0,115201.0,115201.0,2.0,0.0,0.0
2026-05-18 19:15:01,235,3.692562e+06,338308.0,7024.0,0.0,0.0,0.0,5744.0,522.0,12.0,8.255488e+07,8.66340864e+08,1232.3700000000001,21.0,115299.0,0.0,115299.0,115299.0,2.0,0.0,0.0
2026-05-18 19:15:13,235,3.69596e+06,338308.0,7024.0,0.0,0.0,0.0,5749.0,522.0,12.0,8.255488e+07,8.66340864e+08,1233.42,21.0,115397.0,0.0,115397.0,115397.0,2.0,0.0,0.0
2026-05-18 19:15:25,235,3.69869e+06,339005.0,7024.0,0.0,0.0,0.0,5753.0,523.0,12.0,8.255488e+07,8.66340864e+08,1234.4499999999998,21.0,115496.0,0.0,115496.0,115496.0,2.0,0.0,0.0
2026-05-18 19:15:37,235,3.702088e+06,339005.0,7024.0,0.0,0.0,0.0,5758.0,523.0,12.0,8.255488e+07,8.66340864e+08,1235.5500000000002,21.0,115596.0,0.0,115596.0,115596.0,2.0,0.0,0.0
2026-05-18 19:15:49,236,3.705515e+06,339005.0,7024.0,0.0,0.0,0.0,5763.0,523.0,12.0,8.255488e+07,8.66340864e+08,1236.56,21.0,115694.0,0.0,115694.0,115694.0,2.0,0.0,0.0
2026-05-18 19:16:01,236,3.708216e+06,339702.0,7024.0,0.0,0.0,0.0,5767.0,524.0,12.0,8.255488e+07,8.66340864e+08,1237.6299999999999,21.0,115793.0,0.0,115793.0,115793.0,2.0,0.0,0.0
2026-05-18 19:16:13,236,3.711643e+06,339702.0,7024.0,0.0,0.0,0.0,5772.0,524.0,12.0,8.255488e+07,8.66340864e+08,1238.69,21.0,115893.0,0.0,115893.0,115893.0,2.0,0.0,0.0
2026-05-18 19:16:25,236,3.714344e+06,340399.0,7024.0,0.0,0.0,0.0,5776.0,525.0,12.0,8.255488e+07,8.66340864e+08,1239.77,21.0,115991.0,0.0,115991.0,115991.0,2.0,0.0,0.0
2026-05-18 19:16:37,236,3.717771e+06,340399.0,7024.0,0.0,0.0,0.0,5781.0,525.0,12.0,8.255488e+07,8.66340864e+08,1240.85,21.0,116091.0,0.0,116091.0,116091.0,2.0,0.0,0.0
2026-05-18 19:16:49,237,3.721169e+06,340399.0,7024.0,0.0,0.0,0.0,5786.0,525.0,12.0,8.255488e+07,8.66340864e+08,1241.92,21.0,116190.0,0.0,116190.0,116190.0,2.0,0.0,0.0
2026-05-18 19:17:01,237,3.724564e+06,340959.0,7024.0,0.0,0.0,0.0,5791.0,526.0,12.0,8.255488e+07,8.66340864e+08,1243.02,23.0,116290.0,0.0,116289.0,116289.0,2.0,0.0,0.0
2026-05-18 19:17:13,237,3.727991e+06,340959.0,7024.0,0.0,0.0,0.0,5796.0,526.0,12.0,8.255488e+07,8.66340864e+08,1244.1,21.0,116388.0,0.0,116388.0,116388.0,2.0,0.0,0.0
2026-05-18 19:17:25,237,3.730692e+06,341656.0,7024.0,0.0,0.0,0.0,5800.0,527.0,12.0,8.255488e+07,8.66340864e+08,1245.1200000000001,23.0,116487.0,0.0,116486.0,116486.0,2.0,0.0,0.0
2026-05-18 19:17:37,237,3.734119e+06,341656.0,7024.0,0.0,0.0,0.0,5805.0,527.0,12.0,8.255488e+07,8.66340864e+08,1246.17,21.0,116585.0,0.0,116585.0,116585.0,2.0,0.0,0.0
2026-05-18 19:17:49,238,3.73682e+06,342353.0,7024.0,0.0,0.0,0.0,5809.0,528.0,12.0,8.255488e+07,8.66340864e+08,1247.25,21.0,116685.0,0.0,116685.0,116685.0,2.0,0.0,0.0
2026-05-18 19:18:01,238,3.740247e+06,342353.0,7024.0,0.0,0.0,0.0,5814.0,528.0,12.0,8.255488e+07,8.66340864e+08,1248.3400000000001,21.0,116783.0,0.0,116783.0,116783.0,2.0,0.0,0.0
2026-05-18 19:18:13,238,3.743645e+06,342353.0,7024.0,0.0,0.0,0.0,5819.0,528.0,12.0,8.255488e+07,8.66340864e+08,1249.4,21.0,116883.0,0.0,116883.0,116883.0,2.0,0.0,0.0
2026-05-18 19:18:25,238,3.746375e+06,343050.0,7024.0,0.0,0.0,0.0,5823.0,529.0,12.0,8.255488e+07,8.66340864e+08,1250.45,21.0,116982.0,0.0,116982.0,116982.0,2.0,0.0,0.0
2026-05-18 19:18:37,238,3.749773e+06,343050.0,7024.0,0.0,0.0,0.0,5828.0,529.0,12.0,8.255488e+07,8.66340864e+08,1251.4699999999998,21.0,117081.0,0.0,117081.0,117081.0,2.0,0.0,0.0
2026-05-18 19:18:49,239,3.752503e+06,343747.0,7024.0,0.0,0.0,0.0,5832.0,530.0,12.0,8.255488e+07,8.66340864e+08,1252.51,21.0,117180.0,0.0,117180.0,117180.0,2.0,0.0,0.0
2026-05-18 19:19:01,239,3.755901e+06,343747.0,7024.0,0.0,0.0,0.0,5837.0,530.0,12.0,8.255488e+07,8.66340864e+08,1253.56,21.0,117279.0,0.0,117279.0,117279.0,2.0,0.0,0.0
2026-05-18 19:19:13,239,3.759194e+06,344444.0,7024.0,0.0,0.0,0.0,5842.0,531.0,12.0,8.255488e+07,8.66340864e+08,1254.6100000000001,21.0,117379.0,0.0,117379.0,117379.0,2.0,0.0,0.0
2026-05-18 19:19:25,239,3.762621e+06,344444.0,7024.0,0.0,0.0,0.0,5847.0,531.0,12.0,8.255488e+07,8.66340864e+08,1255.67,21.0,117479.0,0.0,117479.0,117479.0,2.0,0.0,0.0
2026-05-18 19:19:37,239,3.766019e+06,344444.0,7024.0,0.0,0.0,0.0,5852.0,531.0,12.0,8.255488e+07,8.66340864e+08,1256.7,23.0,117577.0,0.0,117576.0,117576.0,2.0,0.0,0.0
2026-05-18 19:19:49,240,3.768749e+06,345141.0,7024.0,0.0,0.0,0.0,5856.0,532.0,12.0,8.255488e+07,8.66340864e+08,1257.74,21.0,117676.0,0.0,117676.0,117676.0,2.0,0.0,0.0
2026-05-18 19:20:02,240,3.772147e+06,345141.0,7024.0,0.0,0.0,0.0,5861.0,532.0,12.0,8.255488e+07,8.66340864e+08,1258.77,21.0,117776.0,0.0,117776.0,117776.0,2.0,0.0,0.0
2026-05-18 19:20:14,240,3.774877e+06,345838.0,7024.0,0.0,0.0,0.0,5865.0,533.0,12.0,8.255488e+07,8.66340864e+08,1259.76,21.0,117873.0,0.0,117873.0,117873.0,2.0,0.0,0.0
2026-05-18 19:20:25,240,3.778275e+06,345838.0,7024.0,0.0,0.0,0.0,5870.0,533.0,12.0,8.255488e+07,8.66340864e+08,1260.83,21.0,117971.0,0.0,117971.0,117971.0,2.0,0.0,0.0
2026-05-18 19:20:37,240,3.781005e+06,346535.0,7024.0,0.0,0.0,0.0,5874.0,534.0,12.0,8.255488e+07,8.66340864e+08,1261.82,23.0,118071.0,0.0,118070.0,118070.0,2.0,0.0,0.0
2026-05-18 19:20:50,241,3.78279e+06,346535.0,7024.0,0.0,0.0,0.0,5877.0,534.0,12.0,8.255488e+07,8.66340864e+08,1262.37,21.0,118123.0,0.0,118123.0,118123.0,2.0,0.0,0.0
2026-05-18 19:21:02,241,3.78279e+06,346535.0,7024.0,0.0,0.0,0.0,5877.0,534.0,12.0,8.255488e+07,8.66340864e+08,1262.39,21.0,118123.0,0.0,118123.0,118123.0,2.0,0.0,0.0
2026-05-18 19:21:14,241,3.78279e+06,346535.0,7024.0,0.0,0.0,0.0,5877.0,534.0,12.0,8.255488e+07,8.66340864e+08,1262.4,21.0,118123.0,0.0,118123.0,118123.0,2.0,0.0,0.0
2026-05-18 19:21:26,241,3.78279e+06,346535.0,7024.0,0.0,0.0,0.0,5877.0,534.0,12.0,8.255488e+07,8.66340864e+08,1262.42,21.0,118123.0,0.0,118123.0,118123.0,2.0,0.0,0.0
2026-05-18 19:21:38,241,3.78279e+06,346535.0,7024.0,0.0,0.0,0.0,5877.0,534.0,12.0,8.255488e+07,8.66340864e+08,1262.43,21.0,118123.0,0.0,118123.0,118123.0,2.0,0.0,0.0
2026-05-18 19:21:50,242,3.78279e+06,346535.0,7024.0,0.0,0.0,0.0,5877.0,534.0,12.0,8.255488e+07,8.66340864e+08,1262.44,21.0,118123.0,0.0,118123.0,118123.0,2.0,0.0,0.0
2026-05-18 19:22:02,242,3.78279e+06,346535.0,7024.0,0.0,0.0,0.0,5877.0,534.0,12.0,8.255488e+07,8.66340864e+08,1262.46,21.0,118123.0,0.0,118123.0,118123.0,2.0,0.0,0.0
2026-05-18 19:22:14,242,3.78279e+06,346535.0,7024.0,0.0,0.0,0.0,5877.0,534.0,12.0,8.255488e+07,8.66340864e+08,1262.48,21.0,118123.0,0.0,118123.0,118123.0,2.0,0.0,0.0
2026-05-18 19:22:25,242,3.78279e+06,346535.0,7024.0,0.0,0.0,0.0,5877.0,534.0,12.0,8.255488e+07,8.66340864e+08,1262.49,21.0,118123.0,0.0,118123.0,118123.0,2.0,0.0,0.0
2026-05-18 19:22:37,242,3.78279e+06,346535.0,7024.0,0.0,0.0,0.0,5877.0,534.0,12.0,8.255488e+07,8.66340864e+08,1262.5,21.0,118123.0,0.0,118123.0,118123.0,2.0,0.0,0.0
2026-05-18 19:22:49,243,3.78279e+06,346535.0,7024.0,0.0,0.0,0.0,5877.0,534.0,12.0,8.255488e+07,8.66340864e+08,1262.52,21.0,118123.0,0.0,118123.0,118123.0,2.0,0.0,0.0
2026-05-18 19:23:01,243,3.78279e+06,346535.0,7024.0,0.0,0.0,0.0,5877.0,534.0,12.0,8.255488e+07,8.66340864e+08,1262.54,21.0,118123.0,0.0,118123.0,118123.0,2.0,0.0,0.0
2026-05-18 19:23:13,243,3.78279e+06,346535.0,7024.0,0.0,0.0,0.0,5877.0,534.0,12.0,8.255488e+07,8.66340864e+08,1262.55,21.0,118123.0,0.0,118123.0,118123.0,2.0,0.0,0.0
2026-05-18 19:23:25,243,3.78279e+06,346535.0,7024.0,0.0,0.0,0.0,5877.0,534.0,12.0,8.255488e+07,8.66340864e+08,1262.57,21.0,118123.0,0.0,118123.0,118123.0,2.0,0.0,0.0
2026-05-18 19:23:37,243,3.78279e+06,346535.0,7024.0,0.0,0.0,0.0,5877.0,534.0,12.0,8.255488e+07,8.66340864e+08,1262.58,21.0,118123.0,0.0,118123.0,118123.0,2.0,0.0,0.0
2026-05-18 19:23:49,244,3.78279e+06,346535.0,7024.0,0.0,0.0,0.0,5877.0,534.0,12.0,8.255488e+07,8.66340864e+08,1262.6,21.0,118123.0,0.0,118123.0,118123.0,2.0,0.0,0.0
2026-05-18 19:24:01,244,3.78279e+06,346535.0,7024.0,0.0,0.0,0.0,5877.0,534.0,12.0,8.255488e+07,8.66340864e+08,1262.61,21.0,118123.0,0.0,118123.0,118123.0,2.0,0.0,0.0
2026-05-18 19:24:12,244,3.78279e+06,346535.0,7024.0,0.0,0.0,0.0,5877.0,534.0,12.0,8.255488e+07,8.66340864e+08,1262.6299999999999,21.0,118123.0,0.0,118123.0,118123.0,2.0,0.0,0.0
2026-05-18 19:24:24,244,3.78279e+06,346535.0,7024.0,0.0,0.0,0.0,5877.0,534.0,12.0,8.255488e+07,8.66340864e+08,1262.6399999999999,21.0,118123.0,0.0,118123.0,118123.0,2.0,0.0,0.0
2026-05-18 19:24:35,244,3.78279e+06,346535.0,7024.0,0.0,0.0,0.0,5877.0,534.0,12.0,8.255488e+07,8.66340864e+08,1262.6499999999999,21.0,118123.0,0.0,118123.0,118123.0,2.0,0.0,0.0
2026-05-18 19:24:47,245,3.78279e+06,346535.0,7024.0,0.0,0.0,0.0,5877.0,534.0,12.0,8.255488e+07,8.66340864e+08,1262.6699999999998,21.0,118123.0,0.0,118123.0,118123.0,2.0,0.0,0.0
2026-05-18 19:24:58,245,3.78279e+06,346535.0,7024.0,0.0,0.0,0.0,5877.0,534.0,12.0,8.255488e+07,8.66340864e+08,1262.6799999999998,21.0,118123.0,0.0,118123.0,118123.0,2.0,0.0,0.0
2026-05-18 19:25:10,245,3.78279e+06,346535.0,7024.0,0.0,0.0,0.0,5877.0,534.0,12.0,8.255488e+07,8.66340864e+08,1262.6999999999998,21.0,118123.0,0.0,118123.0,118123.0,2.0,0.0,0.0
2026-05-18 19:25:22,245,3.78279e+06,346535.0,7024.0,0.0,0.0,0.0,5877.0,534.0,12.0,8.255488e+07,8.66340864e+08,1262.71,21.0,118123.0,0.0,118123.0,118123.0,2.0,0.0,0.0
2026-05-18 19:25:33,245,3.78279e+06,346535.0,7024.0,0.0,0.0,0.0,5877.0,534.0,12.0,8.255488e+07,8.66340864e+08,1262.73,21.0,118123.0,0.0,118123.0,118123.0,2.0,0.0,0.0
2026-05-18 19:25:45,246,3.78279e+06,346535.0,7024.0,0.0,0.0,0.0,5877.0,534.0,12.0,8.255488e+07,8.66340864e+08,1262.7399999999998,21.0,118123.0,0.0,118123.0,118123.0,2.0,0.0,0.0
2026-05-18 19:25:56,246,3.78279e+06,346535.0,7024.0,0.0,0.0,0.0,5877.0,534.0,12.0,8.255488e+07,8.66340864e+08,1262.76,21.0,118123.0,0.0,118123.0,118123.0,2.0,0.0,0.0
2026-05-18 19:26:08,246,3.78279e+06,346535.0,7024.0,0.0,0.0,0.0,5877.0,534.0,12.0,8.2423808e+07,8.66340864e+08,1262.7800000000002,21.0,118123.0,0.0,118123.0,118123.0,2.0,0.0,0.0
2026-05-18 19:26:19,246,3.78279e+06,346535.0,7024.0,0.0,0.0,0.0,5877.0,534.0,12.0,8.2423808e+07,8.66340864e+08,1262.7900000000002,21.0,118123.0,0.0,118123.0,118123.0,2.0,0.0,0.0
2026-05-18 19:26:31,246,3.78279e+06,346535.0,7024.0,0.0,0.0,0.0,5877.0,534.0,12.0,8.2423808e+07,8.66340864e+08,1262.8100000000002,21.0,118123.0,0.0,118123.0,118123.0,2.0,0.0,0.0
2026-05-18 19:26:43,247,3.78279e+06,346535.0,7024.0,0.0,0.0,0.0,5877.0,534.0,12.0,8.2423808e+07,8.66340864e+08,1262.8200000000002,21.0,118123.0,0.0,118123.0,118123.0,2.0,0.0,0.0
2026-05-18 19:26:54,247,3.78279e+06,346535.0,7024.0,0.0,0.0,0.0,5877.0,534.0,12.0,8.2423808e+07,8.66340864e+08,1262.8300000000002,21.0,118123.0,0.0,118123.0,118123.0,2.0,0.0,0.0
2026-05-18 19:27:06,247,3.78279e+06,346535.0,7024.0,0.0,0.0,0.0,5877.0,534.0,12.0,8.2423808e+07,8.66340864e+08,1262.8500000000001,21.0,118123.0,0.0,118123.0,118123.0,2.0,0.0,0.0
2026-05-18 19:27:17,247,3.78279e+06,346535.0,7024.0,0.0,0.0,0.0,5877.0,534.0,12.0,8.2423808e+07,8.66340864e+08,1262.8600000000001,21.0,118123.0,0.0,118123.0,118123.0,2.0,0.0,0.0
2026-05-18 19:27:29,247,3.78279e+06,346535.0,7024.0,0.0,0.0,0.0,5877.0,534.0,12.0,8.2423808e+07,8.66340864e+08,1262.88,21.0,118123.0,0.0,118123.0,118123.0,2.0,0.0,0.0
2026-05-18 19:27:40,247,3.78279e+06,346535.0,7024.0,0.0,0.0,0.0,5877.0,534.0,12.0,8.2423808e+07,8.66340864e+08,1262.89,21.0,118123.0,0.0,118123.0,118123.0,2.0,0.0,0.0
2026-05-18 19:27:52,248,3.78279e+06,346535.0,7024.0,0.0,0.0,0.0,5877.0,534.0,12.0,8.2423808e+07,8.66340864e+08,1262.91,21.0,118123.0,0.0,118123.0,118123.0,2.0,0.0,0.0
2026-05-18 19:28:03,248,3.78279e+06,346535.0,7024.0,0.0,0.0,0.0,5877.0,534.0,12.0,8.2423808e+07,8.66340864e+08,1262.92,21.0,118123.0,0.0,118123.0,118123.0,2.0,0.0,0.0
2026-05-18 19:28:15,248,3.78279e+06,346535.0,7024.0,0.0,0.0,0.0,5877.0,534.0,12.0,8.2423808e+07,8.66340864e+08,1262.94,21.0,118123.0,0.0,118123.0,118123.0,2.0,0.0,0.0
2026-05-18 19:28:27,248,3.78279e+06,346535.0,7024.0,0.0,0.0,0.0,5877.0,534.0,12.0,8.2423808e+07,8.66340864e+08,1262.96,21.0,118123.0,0.0,118123.0,118123.0,2.0,0.0,0.0
2026-05-18 19:28:38,248,3.78279e+06,346535.0,7024.0,0.0,0.0,0.0,5877.0,534.0,12.0,8.2423808e+07,8.66340864e+08,1262.97,21.0,118123.0,0.0,118123.0,118123.0,2.0,0.0,0.0
2026-05-18 19:28:50,249,3.78279e+06,346535.0,7024.0,0.0,0.0,0.0,5877.0,534.0,12.0,8.2423808e+07,8.66340864e+08,1262.99,21.0,118123.0,0.0,118123.0,118123.0,2.0,0.0,0.0
2026-05-18 19:29:01,249,3.78279e+06,346535.0,7024.0,0.0,0.0,0.0,5877.0,534.0,12.0,8.2423808e+07,8.66340864e+08,1263.0,21.0,118123.0,0.0,118123.0,118123.0,2.0,0.0,0.0
2026-05-18 19:29:13,249,3.78279e+06,346535.0,7024.0,0.0,0.0,0.0,5877.0,534.0,12.0,8.2423808e+07,8.66340864e+08,1263.02,21.0,118123.0,0.0,118123.0,118123.0,2.0,0.0,0.0
